content,time,mode,color,send_time,cid,episode,episode_title,anime_title,aid
吾王：我寻思着你爹和我待了这么久我也没见他尊重过我啊,353.781,5,52480,2020-11-25 12:57:04,2554067,4,战意之所在,Fate/stay night [Unlimited Blade Works] 第一季,1674473
为了能在学生上自习时安静迅速地抓到不好好学习的人,829.103,1,16777215,2014-11-02 01:01:25,2554067,4,战意之所在,Fate/stay night [Unlimited Blade Works] 第一季,1674473
吾王：比我大嘛,1048.507,5,16765698,2020-11-28 12:21:18,2554067,4,战意之所在,Fate/stay night [Unlimited Blade Works] 第一季,1674473
樱：闷声吃大醋,1014.62,1,16777215,2014-11-02 13:01:54,2554067,4,战意之所在,Fate/stay night [Unlimited Blade Works] 第一季,1674473
对士郎弓术的描述是 如果他射偏了的话就是他本身不想命中,909.521,1,16777215,2014-11-02 01:01:25,2554067,4,战意之所在,Fate/stay night [Unlimited Blade Works] 第一季,1674473
葛木：不要穿鞋子进来,952.997,1,16777215,2014-11-02 01:01:49,2554067,4,战意之所在,Fate/stay night [Unlimited Blade Works] 第一季,1674473
樱：哇~  突破天际的呆毛,681.017,1,16777215,2014-11-02 02:02:12,2554067,4,战意之所在,Fate/stay night [Unlimited Blade Works] 第一季,1674473
波鲁那雷夫同款衣服,187.785,5,16707842,2020-08-10 11:36:45,2554067,4,战意之所在,Fate/stay night [Unlimited Blade Works] 第一季,1674473
科普：这件衣服是麻婆送凛的,543.786,1,6750105,2014-11-02 01:01:25,2554067,4,战意之所在,Fate/stay night [Unlimited Blade Works] 第一季,1674473
因为我爸是愉悦王的宿敌,920.586,1,16777215,2014-11-02 02:02:20,2554067,4,战意之所在,Fate/stay night [Unlimited Blade Works] 第一季,1674473
"多年的灾后综合症,笑不出来是正常的",929.476,1,16777215,2014-11-02 01:01:43,2554067,4,战意之所在,Fate/stay night [Unlimited Blade Works] 第一季,1674473
老虎感觉到狮子的压迫感了233,974.542,1,16777215,2014-11-02 01:01:42,2554067,4,战意之所在,Fate/stay night [Unlimited Blade Works] 第一季,1674473
我既出了一个炸，还把两张王给带出去了,1265.66,1,16777215,2014-11-02 02:02:07,2554067,4,战意之所在,Fate/stay night [Unlimited Blade Works] 第一季,1674473
连老虎都知道切嗣是”正义的伙伴“,1027.579,1,16777215,2014-11-02 01:01:26,2554067,4,战意之所在,Fate/stay night [Unlimited Blade Works] 第一季,1674473
↓和善的笑容↓,248.039,5,52479,2014-11-02 00:12:40,2554067,4,战意之所在,Fate/stay night [Unlimited Blade Works] 第一季,1674473
其实士郎本性偏向冷漠，这一点很多人都吐过槽,879.086,5,15138834,2014-11-02 02:02:34,2554067,4,战意之所在,Fate/stay night [Unlimited Blade Works] 第一季,1674473
藤村：抢饭？樱：抢人？,1001.991,5,38979,2021-02-27 17:10:43,2554067,4,战意之所在,Fate/stay night [Unlimited Blade Works] 第一季,1674473
士郎这样的好人剧中不喜欢他的几乎没有。绫子很看重士郎的，因为士郎退出前是弓道部主力,872.159,1,16777215,2014-11-02 01:01:37,2554067,4,战意之所在,Fate/stay night [Unlimited Blade Works] 第一季,1674473
＂下次见面我就嫁了他＂,1305.86,5,9033215,2021-05-22 02:10:39,2554067,4,战意之所在,Fate/stay night [Unlimited Blade Works] 第一季,1674473
解锁2阶竞技场埋骨深渊,1169.395,5,16777215,2020-11-17 19:04:32,2554067,4,战意之所在,Fate/stay night [Unlimited Blade Works] 第一季,1674473
大帝：这小姑娘还是被困在“王的责任”这个理想下，白跟她唠了。,383.207,5,16707842,2021-05-09 23:44:32,2554067,4,战意之所在,Fate/stay night [Unlimited Blade Works] 第一季,1674473
樱:两天没去，家被偷了？！,671.825,1,16777215,2022-03-12 11:17:02,2554067,4,战意之所在,Fate/stay night [Unlimited Blade Works] 第一季,1674473
对什么都没兴趣，从侧面写出了士郎的人格缺陷问题啊。。。,959.744,1,16777215,2014-11-02 02:02:22,2554067,4,战意之所在,Fate/stay night [Unlimited Blade Works] 第一季,1674473
saber和士郎在浴室的时候自己亲口说的 这样满身肌肉的身体士郎你肯定不会喜欢吧,802.054,1,16777215,2014-11-02 01:01:22,2554067,4,战意之所在,Fate/stay night [Unlimited Blade Works] 第一季,1674473
樱:抢人的?      藤姐:抢饭的?,1007.569,5,14811775,2021-08-17 18:26:20,2554067,4,战意之所在,Fate/stay night [Unlimited Blade Works] 第一季,1674473
俩个人都吃醋了哈哈,992.489,5,16707842,2022-12-04 13:00:56,2554067,4,战意之所在,Fate/stay night [Unlimited Blade Works] 第一季,1674473
金闪闪表示从来都不用弓,469.519,5,16707842,2022-03-27 15:43:28,2554067,4,战意之所在,Fate/stay night [Unlimited Blade Works] 第一季,1674473
UBW线没有什么选项，直接就是按照这样的剧情走的,632.484,5,65280,2014-11-02 01:01:40,2554067,4,战意之所在,Fate/stay night [Unlimited Blade Works] 第一季,1674473
傲娇了傲娇了！！！,228.009,1,16777215,2014-11-02 00:12:40,2554067,4,战意之所在,Fate/stay night [Unlimited Blade Works] 第一季,1674473
穿凛的衣服胸前不会空荡荡么。。。。吾王那全A的属性,587.836,1,16777215,2014-11-02 00:12:44,2554067,4,战意之所在,Fate/stay night [Unlimited Blade Works] 第一季,1674473
士郎：其实我原本也是个好弓兵,897.554,5,16707842,2021-05-10 00:00:36,2554067,4,战意之所在,Fate/stay night [Unlimited Blade Works] 第一季,1674473
saber:这里不是我的线，请问我还能补魔吗,372.571,5,16707842,2021-05-05 12:24:57,2554067,4,战意之所在,Fate/stay night [Unlimited Blade Works] 第一季,1674473
到目前为止，我也没看到哪个英灵暴露真名就暴露弱点了,399.389,5,16776960,2014-11-02 13:01:38,2554067,4,战意之所在,Fate/stay night [Unlimited Blade Works] 第一季,1674473
但是他比魔术师还能打。,814.514,5,15138834,2019-04-30 22:15:07,2554067,4,战意之所在,Fate/stay night [Unlimited Blade Works] 第一季,1674473
战  意  之  所  在,1138.855,5,15138834,2021-06-28 20:23:08,2554067,4,战意之所在,Fate/stay night [Unlimited Blade Works] 第一季,1674473
好家伙，吃了就睡是吧,585.536,5,16707842,2022-06-03 10:57:27,2554067,4,战意之所在,Fate/stay night [Unlimited Blade Works] 第一季,1674473
红a有固有结界，所以有上万的底牌,1283.9,5,15138834,2021-01-10 16:37:24,2554067,4,战意之所在,Fate/stay night [Unlimited Blade Works] 第一季,1674473
瓦斯：我叕泄漏了,566.439,5,16707842,2021-05-09 23:51:53,2554067,4,战意之所在,Fate/stay night [Unlimited Blade Works] 第一季,1674473
石头唱得好啊,147.765,5,16776960,2022-09-27 22:06:55,2554067,4,战意之所在,Fate/stay night [Unlimited Blade Works] 第一季,1674473
大帝：我讲了十年你又忘了是吧,392.658,5,15138834,2022-01-20 16:02:21,2554067,4,战意之所在,Fate/stay night [Unlimited Blade Works] 第一季,1674473
红A：我杀我自己,1318.16,1,15138834,2020-02-25 22:15:26,2554067,4,战意之所在,Fate/stay night [Unlimited Blade Works] 第一季,1674473
每次谈话桌上都要摆一桌点心 让Saber怎么专心,488.374,1,16711680,2014-11-02 00:12:43,2554067,4,战意之所在,Fate/stay night [Unlimited Blade Works] 第一季,1674473
王：为什么我不是枪阶的……,1053.081,5,16707842,2022-05-04 13:50:41,2554067,4,战意之所在,Fate/stay night [Unlimited Blade Works] 第一季,1674473
阿尔托莉雅：没事管饭就行。,579.645,5,16707842,2021-05-09 23:52:30,2554067,4,战意之所在,Fate/stay night [Unlimited Blade Works] 第一季,1674473
这是何等的宠爱啊,1225.487,5,38979,2020-03-25 22:37:31,2554067,4,战意之所在,Fate/stay night [Unlimited Blade Works] 第一季,1674473
那个超级漂亮的金发女人是谁！！！！,710.49,1,16777215,2021-08-11 13:01:47,2554067,4,战意之所在,Fate/stay night [Unlimited Blade Works] 第一季,1674473
瓦 斯 实 体 化,1202.864,5,16765698,2021-08-17 11:10:50,2554067,4,战意之所在,Fate/stay night [Unlimited Blade Works] 第一季,1674473
摄影师：我只能做到这份上了,54.876,5,16707842,2021-01-26 17:22:14,2554067,4,战意之所在,Fate/stay night [Unlimited Blade Works] 第一季,1674473
跟上去就会触发H隐藏剧情了,959.722,5,15138834,2014-11-02 23:11:56,2554067,4,战意之所在,Fate/stay night [Unlimited Blade Works] 第一季,1674473
乐正龙牙受到一万点伤害,1189.31,5,15138834,2016-01-15 19:07:52,2554067,4,战意之所在,Fate/stay night [Unlimited Blade Works] 第一季,1674473
难道现代知识不包括用筷子吗,601.113,5,16646914,2021-07-03 15:45:15,2554067,4,战意之所在,Fate/stay night [Unlimited Blade Works] 第一季,1674473
好啊^o^~好啊！樱就憋回去那个地狱了！,1126.508,5,15138834,2022-08-05 14:30:49,2554067,4,战意之所在,Fate/stay night [Unlimited Blade Works] 第一季,1674473
如果士郎是个中二（滑稽）,650.139,5,15138834,2022-05-17 21:56:02,2554067,4,战意之所在,Fate/stay night [Unlimited Blade Works] 第一季,1674473
这没羞没臊的生活,1145.98,1,16777215,2014-11-02 02:02:15,2554067,4,战意之所在,Fate/stay night [Unlimited Blade Works] 第一季,1674473
你醒啦，肋骨已经做成子弹了,191.838,5,16777215,2021-08-30 15:14:26,2554067,4,战意之所在,Fate/stay night [Unlimited Blade Works] 第一季,1674473
呆毛要是穿r姐的衣服怕是直接掉下来,606.191,5,16707842,2021-08-05 17:35:31,2554067,4,战意之所在,Fate/stay night [Unlimited Blade Works] 第一季,1674473
这特效，天国的经费君,162.528,5,15138834,2014-11-02 00:12:37,2554067,4,战意之所在,Fate/stay night [Unlimited Blade Works] 第一季,1674473
这种摄影师一看就是大脑不正常,34.802,5,16707842,2021-09-28 10:33:31,2554067,4,战意之所在,Fate/stay night [Unlimited Blade Works] 第一季,1674473
  我  会  杀  了  他  ,1318.697,5,16707842,2021-07-27 16:46:51,2554067,4,战意之所在,Fate/stay night [Unlimited Blade Works] 第一季,1674473
游戏里面是做肉盾挨了狂战一刀，肠子都出来了,199.402,5,16707842,2016-08-06 02:02:25,2554067,4,战意之所在,Fate/stay night [Unlimited Blade Works] 第一季,1674473
我阿尔托莉雅·潘德拉贡有一个圣杯般的梦想,377.337,5,16707842,2021-06-11 21:07:35,2554067,4,战意之所在,Fate/stay night [Unlimited Blade Works] 第一季,1674473
士郎是呆毛的剑鞘，所以呆毛要把剑插进剑鞘里,335.408,5,16707842,2021-01-16 22:58:55,2554067,4,战意之所在,Fate/stay night [Unlimited Blade Works] 第一季,1674473
saber真·好保镖,850.583,5,0,2014-11-02 00:12:46,2554067,4,战意之所在,Fate/stay night [Unlimited Blade Works] 第一季,1674473
大帝:白跟你讲了一个晚上,389.531,1,16777215,2021-04-05 07:38:32,2554067,4,战意之所在,Fate/stay night [Unlimited Blade Works] 第一季,1674473
saber：总有刁民想迫害朕の呆毛,315.307,1,16707842,2022-04-10 16:30:44,2554067,4,战意之所在,Fate/stay night [Unlimited Blade Works] 第一季,1674473
职介：teacher 宝具：homework,824.071,5,15138834,2021-06-17 01:12:12,2554067,4,战意之所在,Fate/stay night [Unlimited Blade Works] 第一季,1674473
樱把使者给了慎二，所以她此时知道了卫宫是master,1016.206,5,15138834,2023-04-06 23:29:16,2554067,4,战意之所在,Fate/stay night [Unlimited Blade Works] 第一季,1674473
saber的幸福时光开始！,574.101,5,16777215,2014-11-02 02:02:31,2554067,4,战意之所在,Fate/stay night [Unlimited Blade Works] 第一季,1674473
@英国料理 @贝爷,593.267,5,16707842,2014-11-02 02:02:29,2554067,4,战意之所在,Fate/stay night [Unlimited Blade Works] 第一季,1674473
聚焦一下好吗？摄影师！！！！,28.421,5,16777215,2019-01-09 16:10:43,2554067,4,战意之所在,Fate/stay night [Unlimited Blade Works] 第一季,1674473
红A：练弓干嘛？弓兵都是近战不是众所周知吗？（doge）,883.696,5,15138834,2021-08-06 11:14:52,2554067,4,战意之所在,Fate/stay night [Unlimited Blade Works] 第一季,1674473
2.他当老师确实尽职尽责，但是他还是一个刺客，体术很好,822.757,5,16707842,2019-02-20 16:24:14,2554067,4,战意之所在,Fate/stay night [Unlimited Blade Works] 第一季,1674473
看来大帝的教诲还是不够深刻啊,378.795,5,16777215,2014-11-16 13:01:56,2554067,4,战意之所在,Fate/stay night [Unlimited Blade Works] 第一季,1674473
要是樱此时顺手把呆毛拔了，直接进HF（doge）,1049.577,5,38979,2022-06-18 10:27:47,2554067,4,战意之所在,Fate/stay night [Unlimited Blade Works] 第一季,1674473
这段绫子简直女主属性爆表，蘑菇！我要绫子线,852.928,1,15138834,2014-11-02 02:02:11,2554067,4,战意之所在,Fate/stay night [Unlimited Blade Works] 第一季,1674473
傲娇w,219.374,1,16711935,2014-11-02 00:12:36,2554067,4,战意之所在,Fate/stay night [Unlimited Blade Works] 第一季,1674473
红a：啊？我从没说过我的底牌只有一张啊,1275.856,5,15138834,2022-05-14 13:37:45,2554067,4,战意之所在,Fate/stay night [Unlimited Blade Works] 第一季,1674473
人作死，就会死,254.091,1,16777215,2014-11-02 00:12:38,2554067,4,战意之所在,Fate/stay night [Unlimited Blade Works] 第一季,1674473
顺带一提，凛是校花，saber的设定是绝世美女,714.723,5,16707842,2023-09-15 23:10:22,2554067,4,战意之所在,Fate/stay night [Unlimited Blade Works] 第一季,1674473
这是何等的失态(,1252.646,5,15138834,2022-05-14 22:17:58,2554067,4,战意之所在,Fate/stay night [Unlimited Blade Works] 第一季,1674473
这打了半天都是老熟人大家不都知道你是亚瑟王么,522.034,5,15138834,2022-04-04 12:34:43,2554067,4,战意之所在,Fate/stay night [Unlimited Blade Works] 第一季,1674473
对任何事情都没有兴趣，这不是麻婆吗,906.045,5,16707842,2014-11-02 01:01:54,2554067,4,战意之所在,Fate/stay night [Unlimited Blade Works] 第一季,1674473
但是他肉身成圣（doge,815.937,5,15138834,2022-07-08 04:53:40,2554067,4,战意之所在,Fate/stay night [Unlimited Blade Works] 第一季,1674473
呆毛王又萌我一脸，兄弟们顶上我先去医院,833.422,5,6830715,2014-11-02 01:01:27,2554067,4,战意之所在,Fate/stay night [Unlimited Blade Works] 第一季,1674473
吾王要卫冕今年的萌王无误。。。,638.236,5,16776960,2014-11-02 02:02:09,2554067,4,战意之所在,Fate/stay night [Unlimited Blade Works] 第一季,1674473
如果吾王是站着，可能会原地转一圈呢。好可爱啊,543.067,1,16777215,2014-11-02 01:01:58,2554067,4,战意之所在,Fate/stay night [Unlimited Blade Works] 第一季,1674473
红A次醋了2333,274.933,5,16707842,2016-01-17 12:12:11,2554067,4,战意之所在,Fate/stay night [Unlimited Blade Works] 第一季,1674473
凛本来就是大小姐！,551.684,1,16777215,2014-11-02 01:01:59,2554067,4,战意之所在,Fate/stay night [Unlimited Blade Works] 第一季,1674473
可惜美缀是不可攻略角色，喜欢上了这个妹子了怎么办？,954.444,1,16777215,2014-11-02 01:01:40,2554067,4,战意之所在,Fate/stay night [Unlimited Blade Works] 第一季,1674473
切嗣papaTAT,1349.35,1,16777215,2014-11-02 02:02:35,2554067,4,战意之所在,Fate/stay night [Unlimited Blade Works] 第一季,1674473
看成女朋友+1,776.578,1,16777215,2014-11-02 02:02:19,2554067,4,战意之所在,Fate/stay night [Unlimited Blade Works] 第一季,1674473
樱:家被偷了,677.619,1,16707842,2022-07-25 08:08:58,2554067,4,战意之所在,Fate/stay night [Unlimited Blade Works] 第一季,1674473
吾王就是少女身材，力气是魔力放出加持起来的。。。,806.497,1,16777215,2014-11-02 01:01:51,2554067,4,战意之所在,Fate/stay night [Unlimited Blade Works] 第一季,1674473
毫无杀气的微笑,248.552,5,15138834,2014-11-02 01:01:40,2554067,4,战意之所在,Fate/stay night [Unlimited Blade Works] 第一季,1674473
因为我选你啊,226.31,5,16776960,2014-11-02 00:12:37,2554067,4,战意之所在,Fate/stay night [Unlimited Blade Works] 第一季,1674473
士郎还在修电器。。。,1308.56,5,16777215,2014-11-02 13:01:59,2554067,4,战意之所在,Fate/stay night [Unlimited Blade Works] 第一季,1674473
这是美食动画吧！！！！,1066.38,5,16776960,2014-11-02 13:01:42,2554067,4,战意之所在,Fate/stay night [Unlimited Blade Works] 第一季,1674473
少女坐姿2333333,268.559,5,16763904,2014-11-02 13:01:40,2554067,4,战意之所在,Fate/stay night [Unlimited Blade Works] 第一季,1674473
你一个英国人为什么要正坐！,304.992,1,16777215,2014-11-02 02:02:31,2554067,4,战意之所在,Fate/stay night [Unlimited Blade Works] 第一季,1674473
只要是活着的士郎的后宫，就算是神我也杀给你看。,709.065,1,15138834,2014-11-02 01:01:38,2554067,4,战意之所在,Fate/stay night [Unlimited Blade Works] 第一季,1674473
上一集伊莉雅萌死我了，这一集吾王萌死我了，受不了啊,572.726,5,16711680,2014-11-02 01:01:21,2554067,4,战意之所在,Fate/stay night [Unlimited Blade Works] 第一季,1674473
你说的好有道理,356.005,5,16777215,2014-11-02 00:12:36,2554067,4,战意之所在,Fate/stay night [Unlimited Blade Works] 第一季,1674473
SABER在士郎面前开朗了好多啊,836.374,1,16777215,2014-11-02 01:01:45,2554067,4,战意之所在,Fate/stay night [Unlimited Blade Works] 第一季,1674473
明明笑了好几次的 或者说的是那种真心笑?,923.205,1,16777215,2014-11-02 01:01:40,2554067,4,战意之所在,Fate/stay night [Unlimited Blade Works] 第一季,1674473
樱表情好评,1012.23,5,3407769,2014-11-02 01:01:30,2554067,4,战意之所在,Fate/stay night [Unlimited Blade Works] 第一季,1674473
少女心 情敌发现,680.256,1,16777215,2014-11-02 00:12:44,2554067,4,战意之所在,Fate/stay night [Unlimited Blade Works] 第一季,1674473
我怎么闻到了一股傲娇的味道,223.028,1,16777215,2014-11-02 00:12:40,2554067,4,战意之所在,Fate/stay night [Unlimited Blade Works] 第一季,1674473
男主智商下限,247.359,5,41194,2014-11-02 00:12:37,2554067,4,战意之所在,Fate/stay night [Unlimited Blade Works] 第一季,1674473
哈哈哈~樱太可爱了~,681.008,1,6737151,2014-11-02 01:01:34,2554067,4,战意之所在,Fate/stay night [Unlimited Blade Works] 第一季,1674473
你想对我做什么？！【捂胸口,189.578,1,13408767,2014-11-02 01:01:32,2554067,4,战意之所在,Fate/stay night [Unlimited Blade Works] 第一季,1674473
没吃饱的怨念,627.965,1,16777215,2014-11-02 13:01:58,2554067,4,战意之所在,Fate/stay night [Unlimited Blade Works] 第一季,1674473
23333三个女人一台戏,1120.85,1,16777215,2014-11-02 13:01:43,2554067,4,战意之所在,Fate/stay night [Unlimited Blade Works] 第一季,1674473
不要穿鞋子进来！！,956.484,1,16776960,2014-11-02 13:01:37,2554067,4,战意之所在,Fate/stay night [Unlimited Blade Works] 第一季,1674473
你想对我做什么233333333,187.18,1,16777215,2014-11-02 00:12:45,2554067,4,战意之所在,Fate/stay night [Unlimited Blade Works] 第一季,1674473
樱萌死我了,678.661,1,16777215,2014-11-02 00:12:41,2554067,4,战意之所在,Fate/stay night [Unlimited Blade Works] 第一季,1674473
简直呆萌啊啊啊！！！！,355.456,5,13395609,2014-11-02 02:02:07,2554067,4,战意之所在,Fate/stay night [Unlimited Blade Works] 第一季,1674473
AAAAA，吾王萌死了！！！！！！,546.045,5,16777215,2014-11-02 00:12:46,2554067,4,战意之所在,Fate/stay night [Unlimited Blade Works] 第一季,1674473
和善的微笑^ω^,248.553,1,16777215,2014-11-02 00:12:38,2554067,4,战意之所在,Fate/stay night [Unlimited Blade Works] 第一季,1674473
藤村老虎：樱，我挺你哦~~,1131.87,1,16777215,2014-11-02 01:01:50,2554067,4,战意之所在,Fate/stay night [Unlimited Blade Works] 第一季,1674473
←自习课上抓人的233,831.317,1,16777215,2014-11-02 01:01:33,2554067,4,战意之所在,Fate/stay night [Unlimited Blade Works] 第一季,1674473
saber：你和你爹差别真大,537.074,1,16777215,2014-11-02 01:01:22,2554067,4,战意之所在,Fate/stay night [Unlimited Blade Works] 第一季,1674473
一本正经的胡说八道起来,1265.95,1,16777215,2014-11-02 02:02:08,2554067,4,战意之所在,Fate/stay night [Unlimited Blade Works] 第一季,1674473
吾王的表情简直萌翻我了_(:з」∠)_,629.067,1,16777215,2014-11-02 01:01:47,2554067,4,战意之所在,Fate/stay night [Unlimited Blade Works] 第一季,1674473
saber：胸太大,1055.55,1,16777215,2014-11-02 01:01:38,2554067,4,战意之所在,Fate/stay night [Unlimited Blade Works] 第一季,1674473
呆毛王萌我一脸,546.588,5,6830715,2014-11-02 01:01:23,2554067,4,战意之所在,Fate/stay night [Unlimited Blade Works] 第一季,1674473
saber好呆萌啊o(≧v≦)o,358.175,1,16777215,2014-11-02 00:12:46,2554067,4,战意之所在,Fate/stay night [Unlimited Blade Works] 第一季,1674473
士郎，再来一碗,618.808,5,3407871,2014-11-02 00:12:45,2554067,4,战意之所在,Fate/stay night [Unlimited Blade Works] 第一季,1674473
女神永远这么安静,302.869,1,16777215,2014-11-02 00:12:41,2554067,4,战意之所在,Fate/stay night [Unlimited Blade Works] 第一季,1674473
教科书式傲娇,228.097,1,255,2014-11-02 00:12:37,2554067,4,战意之所在,Fate/stay night [Unlimited Blade Works] 第一季,1674473
骚年你完了。,248.326,1,16711680,2014-11-02 00:12:34,2554067,4,战意之所在,Fate/stay night [Unlimited Blade Works] 第一季,1674473
士郎：我叫士郎，不叫士道,1137.298,5,15138834,2023-02-05 14:12:42,2554067,4,战意之所在,Fate/stay night [Unlimited Blade Works] 第一季,1674473
破道の33，苍火坠！,1166.64,1,16777215,2014-11-02 02:02:26,2554067,4,战意之所在,Fate/stay night [Unlimited Blade Works] 第一季,1674473
要大声喊出大招名字的中二少女吗,491.747,1,16777215,2014-11-02 01:01:48,2554067,4,战意之所在,Fate/stay night [Unlimited Blade Works] 第一季,1674473
后宫模式 on,1145.57,1,16777215,2014-11-02 02:02:30,2554067,4,战意之所在,Fate/stay night [Unlimited Blade Works] 第一季,1674473
saber的远图超级萌,1026.85,5,13395609,2014-11-02 02:02:23,2554067,4,战意之所在,Fate/stay night [Unlimited Blade Works] 第一季,1674473
和善的眼神,248.456,5,16777215,2014-11-02 00:12:42,2554067,4,战意之所在,Fate/stay night [Unlimited Blade Works] 第一季,1674473
看看我B站的字幕就是吊！,154.789,5,16777215,2014-11-02 00:12:35,2554067,4,战意之所在,Fate/stay night [Unlimited Blade Works] 第一季,1674473
这是一场战争,1131.21,1,13421721,2014-11-02 02:02:41,2554067,4,战意之所在,Fate/stay night [Unlimited Blade Works] 第一季,1674473
SABER:士郎 举高高,545.469,5,3342591,2014-11-02 02:02:19,2554067,4,战意之所在,Fate/stay night [Unlimited Blade Works] 第一季,1674473
又想起上次那个坑货了w,533.696,1,16777215,2014-11-02 02:02:07,2554067,4,战意之所在,Fate/stay night [Unlimited Blade Works] 第一季,1674473
好萌，血槽要空了,833.963,1,16777215,2014-11-02 01:01:47,2554067,4,战意之所在,Fate/stay night [Unlimited Blade Works] 第一季,1674473
御弹乘风来，横走天地间，千战未曾败，唯我核剑仙,889.103,5,13369344,2014-11-02 01:01:23,2554067,4,战意之所在,Fate/stay night [Unlimited Blade Works] 第一季,1674473
摄影师你明天不用来了！！！！！,29.697,1,16777215,2014-11-02 00:12:31,2554067,4,战意之所在,Fate/stay night [Unlimited Blade Works] 第一季,1674473
解说好评，业界良心,1165.44,1,16777215,2014-11-02 13:01:41,2554067,4,战意之所在,Fate/stay night [Unlimited Blade Works] 第一季,1674473
好喜欢吾王这身衣服！！！！！！！！,732.372,5,16776960,2014-11-02 02:02:02,2554067,4,战意之所在,Fate/stay night [Unlimited Blade Works] 第一季,1674473
萌死了 这表情！！！,630.78,1,16777215,2014-11-02 01:01:25,2554067,4,战意之所在,Fate/stay night [Unlimited Blade Works] 第一季,1674473
呆毛存在感好高,523.89,1,16777215,2014-11-02 00:12:45,2554067,4,战意之所在,Fate/stay night [Unlimited Blade Works] 第一季,1674473
士郎把妹技巧MAX,0.0,1,16777215,2014-11-02 00:12:39,2554067,4,战意之所在,Fate/stay night [Unlimited Blade Works] 第一季,1674473
后方的吾王萌爆了,1042.959,1,16777215,2014-11-02 02:02:13,2554067,4,战意之所在,Fate/stay night [Unlimited Blade Works] 第一季,1674473
←所以上集红A根本没有解放真名 也就是说没有使出全力,494.151,1,16777215,2014-11-02 01:01:25,2554067,4,战意之所在,Fate/stay night [Unlimited Blade Works] 第一季,1674473
因为他想成为正义的伙伴啊,903.544,1,16777215,2014-11-02 01:01:24,2554067,4,战意之所在,Fate/stay night [Unlimited Blade Works] 第一季,1674473
樱和凌子~~~,607.395,5,3407769,2014-11-02 01:01:23,2554067,4,战意之所在,Fate/stay night [Unlimited Blade Works] 第一季,1674473
帅爆了我擦,894.939,1,16777215,2014-11-02 01:01:22,2554067,4,战意之所在,Fate/stay night [Unlimited Blade Works] 第一季,1674473
因为我想射核弹,903.897,1,16777215,2014-11-02 00:12:45,2554067,4,战意之所在,Fate/stay night [Unlimited Blade Works] 第一季,1674473
Saber对这个人民教师感到惊讶了,752.904,1,16777215,2014-11-02 00:12:45,2554067,4,战意之所在,Fate/stay night [Unlimited Blade Works] 第一季,1674473
你把凛大小姐当什么人了= =,548.667,1,15138834,2014-11-02 00:12:44,2554067,4,战意之所在,Fate/stay night [Unlimited Blade Works] 第一季,1674473
伊利亚好萌,17.477,5,0,2014-11-02 00:12:31,2554067,4,战意之所在,Fate/stay night [Unlimited Blade Works] 第一季,1674473
声优梗的话大家都明白不用＠了,608.47,1,16707842,2014-11-02 02:02:23,2554067,4,战意之所在,Fate/stay night [Unlimited Blade Works] 第一季,1674473
吾王萌哭啊啊啊,629.547,1,16777215,2014-11-02 02:02:03,2554067,4,战意之所在,Fate/stay night [Unlimited Blade Works] 第一季,1674473
舌尖上的FATE,1061.07,1,16777215,2014-11-02 01:01:58,2554067,4,战意之所在,Fate/stay night [Unlimited Blade Works] 第一季,1674473
满满的元气感,836.031,5,16711680,2014-11-02 01:01:36,2554067,4,战意之所在,Fate/stay night [Unlimited Blade Works] 第一季,1674473
百合之魂发动,686.459,5,3407871,2014-11-02 00:12:46,2554067,4,战意之所在,Fate/stay night [Unlimited Blade Works] 第一季,1674473
为什么带女人来了,684.908,1,16777215,2014-11-02 00:12:44,2554067,4,战意之所在,Fate/stay night [Unlimited Blade Works] 第一季,1674473
和善的微笑,250.625,5,15138834,2014-11-02 00:12:39,2554067,4,战意之所在,Fate/stay night [Unlimited Blade Works] 第一季,1674473
注意看樱的反应╮(╯▽╰)╭,998.591,1,15138834,2014-11-02 14:02:04,2554067,4,战意之所在,Fate/stay night [Unlimited Blade Works] 第一季,1674473
你知道的太多了,983.834,1,16777215,2014-11-02 02:02:25,2554067,4,战意之所在,Fate/stay night [Unlimited Blade Works] 第一季,1674473
卫宫士郎，本作女主角,202.276,1,16777215,2014-11-02 02:02:00,2554067,4,战意之所在,Fate/stay night [Unlimited Blade Works] 第一季,1674473
樱姿势好萌,1000.52,1,3407871,2014-11-02 01:01:24,2554067,4,战意之所在,Fate/stay night [Unlimited Blade Works] 第一季,1674473
好感度UP,361.788,1,16777215,2014-11-02 00:12:46,2554067,4,战意之所在,Fate/stay night [Unlimited Blade Works] 第一季,1674473
樱好可爱！！！,680.225,1,16711680,2014-11-02 02:02:29,2554067,4,战意之所在,Fate/stay night [Unlimited Blade Works] 第一季,1674473
你想对我做什么！！！23333333,189.76,1,16777215,2014-11-02 01:01:56,2554067,4,战意之所在,Fate/stay night [Unlimited Blade Works] 第一季,1674473
其实这衣服是言峰给凛买的,556.559,1,16777215,2014-11-02 01:01:29,2554067,4,战意之所在,Fate/stay night [Unlimited Blade Works] 第一季,1674473
和善的笑容,250.542,5,15138834,2014-11-02 01:01:28,2554067,4,战意之所在,Fate/stay night [Unlimited Blade Works] 第一季,1674473
为什么要挡在前边。。,765.167,1,16777215,2014-11-02 00:12:44,2554067,4,战意之所在,Fate/stay night [Unlimited Blade Works] 第一季,1674473
迷之攻略法→_→,358.441,1,16777215,2014-11-02 00:12:43,2554067,4,战意之所在,Fate/stay night [Unlimited Blade Works] 第一季,1674473
教科书式的傲娇,229.798,1,16777215,2014-11-02 00:12:40,2554067,4,战意之所在,Fate/stay night [Unlimited Blade Works] 第一季,1674473
标准的傲娇啊,229.533,1,15772458,2014-11-02 00:12:35,2554067,4,战意之所在,Fate/stay night [Unlimited Blade Works] 第一季,1674473
还真是三天一命……,42.896,1,41194,2014-11-02 00:12:34,2554067,4,战意之所在,Fate/stay night [Unlimited Blade Works] 第一季,1674473
 怎么办萌死了。。。,547.406,1,16777215,2014-11-02 02:02:39,2554067,4,战意之所在,Fate/stay night [Unlimited Blade Works] 第一季,1674473
大小姐形象已经崩坏了,553.92,1,16777215,2014-11-02 02:02:35,2554067,4,战意之所在,Fate/stay night [Unlimited Blade Works] 第一季,1674473
吾王不要再呆萌,546.304,1,16777215,2014-11-02 02:02:17,2554067,4,战意之所在,Fate/stay night [Unlimited Blade Works] 第一季,1674473
我凛帅气度max,1194.94,1,16777215,2014-11-02 01:01:23,2554067,4,战意之所在,Fate/stay night [Unlimited Blade Works] 第一季,1674473
吾王萌死我了！！！！,545.837,5,38979,2014-11-02 01:01:20,2554067,4,战意之所在,Fate/stay night [Unlimited Blade Works] 第一季,1674473
Saber好感度up DA☆ZE,364.302,1,16777215,2014-11-02 00:12:43,2554067,4,战意之所在,Fate/stay night [Unlimited Blade Works] 第一季,1674473
_(:3」∠)_,61.759,1,16777215,2014-11-02 13:01:59,2554067,4,战意之所在,Fate/stay night [Unlimited Blade Works] 第一季,1674473
好快，不愧是吃货,622.983,1,16777215,2014-11-02 13:01:57,2554067,4,战意之所在,Fate/stay night [Unlimited Blade Works] 第一季,1674473
这头发飘得我心神荡漾,1237.67,1,16777215,2014-11-02 13:01:41,2554067,4,战意之所在,Fate/stay night [Unlimited Blade Works] 第一季,1674473
毕竟是监护人,1124.19,1,16777215,2014-11-02 02:02:19,2554067,4,战意之所在,Fate/stay night [Unlimited Blade Works] 第一季,1674473
吾王本来是不在意有没有衣服的,571.154,1,16724838,2014-11-02 02:02:15,2554067,4,战意之所在,Fate/stay night [Unlimited Blade Works] 第一季,1674473
有杀气！！(ﾟДﾟ≡ﾟдﾟ)!?,251.084,1,16777215,2014-11-02 02:02:01,2554067,4,战意之所在,Fate/stay night [Unlimited Blade Works] 第一季,1674473
说的好有道理,980.161,1,16777215,2014-11-02 00:12:46,2554067,4,战意之所在,Fate/stay night [Unlimited Blade Works] 第一季,1674473
自此王不思故国,587.69,1,255,2014-11-02 00:12:44,2554067,4,战意之所在,Fate/stay night [Unlimited Blade Works] 第一季,1674473
好感度up,359.295,1,16777215,2014-11-02 00:12:41,2554067,4,战意之所在,Fate/stay night [Unlimited Blade Works] 第一季,1674473
美如画！！！,298.351,1,16777215,2014-11-02 00:12:37,2554067,4,战意之所在,Fate/stay night [Unlimited Blade Works] 第一季,1674473
迷之脸红,227.411,1,16777215,2014-11-02 00:12:35,2554067,4,战意之所在,Fate/stay night [Unlimited Blade Works] 第一季,1674473
童心未泯,545.878,5,16707842,2014-11-02 02:02:35,2554067,4,战意之所在,Fate/stay night [Unlimited Blade Works] 第一季,1674473
一个电话的时间就吃完了 吃相不要太好看哦,622.75,1,16777215,2014-11-02 01:01:24,2554067,4,战意之所在,Fate/stay night [Unlimited Blade Works] 第一季,1674473
要被吾王萌出血了！,530.834,1,16777215,2014-11-02 01:01:23,2554067,4,战意之所在,Fate/stay night [Unlimited Blade Works] 第一季,1674473
自此王不思故国！,630.923,1,255,2014-11-02 00:12:45,2554067,4,战意之所在,Fate/stay night [Unlimited Blade Works] 第一季,1674473
EX咖喱棒！,491.981,1,16776960,2014-11-02 00:12:45,2554067,4,战意之所在,Fate/stay night [Unlimited Blade Works] 第一季,1674473
话说凛的身高有点高啊,212.635,1,16777215,2014-11-02 00:12:44,2554067,4,战意之所在,Fate/stay night [Unlimited Blade Works] 第一季,1674473
摄像师可以领盒饭走了,13.43,1,16777215,2014-11-02 00:12:37,2554067,4,战意之所在,Fate/stay night [Unlimited Blade Works] 第一季,1674473
经典画面啊...,302.391,1,16777215,2014-11-02 00:12:36,2554067,4,战意之所在,Fate/stay night [Unlimited Blade Works] 第一季,1674473
这张最爱了、,1415.11,5,16776960,2014-11-02 13:01:54,2554067,4,战意之所在,Fate/stay night [Unlimited Blade Works] 第一季,1674473
就这点东西给大吃货？,577.322,1,65280,2014-11-02 02:02:28,2554067,4,战意之所在,Fate/stay night [Unlimited Blade Works] 第一季,1674473
后面那呆毛谁啊,684.565,1,16777215,2014-11-02 02:02:07,2554067,4,战意之所在,Fate/stay night [Unlimited Blade Works] 第一季,1674473
居然。。。吃完了,621.418,1,16777215,2014-11-02 02:02:05,2554067,4,战意之所在,Fate/stay night [Unlimited Blade Works] 第一季,1674473
安静得过分。。。。,1079.95,1,16777215,2014-11-02 01:01:52,2554067,4,战意之所在,Fate/stay night [Unlimited Blade Works] 第一季,1674473
好萌！,500.267,5,15138834,2014-11-02 01:01:44,2554067,4,战意之所在,Fate/stay night [Unlimited Blade Works] 第一季,1674473
凛好帅,1247.31,5,0,2014-11-02 01:01:35,2554067,4,战意之所在,Fate/stay night [Unlimited Blade Works] 第一季,1674473
暂停学表情_(:з」∠)_,250.137,1,16777215,2014-11-02 01:01:30,2554067,4,战意之所在,Fate/stay night [Unlimited Blade Works] 第一季,1674473
←福利,1131.19,5,13369344,2014-11-02 01:01:28,2554067,4,战意之所在,Fate/stay night [Unlimited Blade Works] 第一季,1674473
换鞋啊骚年！！,952.487,1,16777215,2014-11-02 01:01:25,2554067,4,战意之所在,Fate/stay night [Unlimited Blade Works] 第一季,1674473
矛·盾·螺·旋,854.576,1,16777215,2014-11-02 01:01:22,2554067,4,战意之所在,Fate/stay night [Unlimited Blade Works] 第一季,1674473
前方足控福利,253.965,5,3407769,2014-11-02 00:12:44,2554067,4,战意之所在,Fate/stay night [Unlimited Blade Works] 第一季,1674473
死傲娇！！！,229.445,1,16777215,2014-11-02 00:12:36,2554067,4,战意之所在,Fate/stay night [Unlimited Blade Works] 第一季,1674473
妈啊 我凜背影好帅,1247.35,1,16777215,2014-11-02 13:01:57,2554067,4,战意之所在,Fate/stay night [Unlimited Blade Works] 第一季,1674473
不知道为什么我笑了,747.371,1,16777215,2014-11-02 02:02:33,2554067,4,战意之所在,Fate/stay night [Unlimited Blade Works] 第一季,1674473
"快看,士郎有胸``````",1080.78,1,16777215,2014-11-02 02:02:28,2554067,4,战意之所在,Fate/stay night [Unlimited Blade Works] 第一季,1674473
2333333333333333不愧是吾王，一个电话的时间就吃完了,619.929,1,16777215,2014-11-02 01:01:46,2554067,4,战意之所在,Fate/stay night [Unlimited Blade Works] 第一季,1674473
 重置细节真的好到位，泪目,953.467,1,16777215,2014-11-02 01:01:26,2554067,4,战意之所在,Fate/stay night [Unlimited Blade Works] 第一季,1674473
博物馆奇妙夜,1194.29,1,16777215,2014-11-02 01:01:21,2554067,4,战意之所在,Fate/stay night [Unlimited Blade Works] 第一季,1674473
吃货属性暴露,582.92,5,3407871,2014-11-02 00:12:45,2554067,4,战意之所在,Fate/stay night [Unlimited Blade Works] 第一季,1674473
卧槽，字幕太炫酷,152.991,1,16777215,2014-11-02 00:12:44,2554067,4,战意之所在,Fate/stay night [Unlimited Blade Works] 第一季,1674473
人民教师太帅,778.021,1,16777215,2014-11-02 00:12:42,2554067,4,战意之所在,Fate/stay night [Unlimited Blade Works] 第一季,1674473
我也要给saber换衣服！,545.429,1,16777215,2014-11-02 00:12:41,2554067,4,战意之所在,Fate/stay night [Unlimited Blade Works] 第一季,1674473
↓暂停看红A抱大腿,123.069,5,16777215,2014-11-02 00:12:40,2554067,4,战意之所在,Fate/stay night [Unlimited Blade Works] 第一季,1674473
傲娇傲娇w,228.313,1,16711935,2014-11-02 00:12:36,2554067,4,战意之所在,Fate/stay night [Unlimited Blade Works] 第一季,1674473
和善的眼神,251.825,1,16777215,2014-11-02 00:12:36,2554067,4,战意之所在,Fate/stay night [Unlimited Blade Works] 第一季,1674473
和善的微笑,252.208,1,16777215,2014-11-02 00:12:35,2554067,4,战意之所在,Fate/stay night [Unlimited Blade Works] 第一季,1674473
每次看都觉得字幕组炫,153.027,1,16777215,2014-11-02 00:12:34,2554067,4,战意之所在,Fate/stay night [Unlimited Blade Works] 第一季,1674473
真正的最强职阶：teacher,745.961,5,15138834,2023-01-01 15:44:29,2554067,4,战意之所在,Fate/stay night [Unlimited Blade Works] 第一季,1674473
我凛气场太赞,1289.7,1,65535,2014-11-02 13:01:48,2554067,4,战意之所在,Fate/stay night [Unlimited Blade Works] 第一季,1674473
凛不穿蓝和白～,544.106,1,16777215,2014-11-02 02:02:31,2554067,4,战意之所在,Fate/stay night [Unlimited Blade Works] 第一季,1674473
你想对我做什么- -？,188.031,1,16777215,2014-11-02 02:02:26,2554067,4,战意之所在,Fate/stay night [Unlimited Blade Works] 第一季,1674473
吾王萌死了。。。,548.249,1,16777215,2014-11-02 02:02:09,2554067,4,战意之所在,Fate/stay night [Unlimited Blade Works] 第一季,1674473
就是不想说是吧、、,528.297,1,16777215,2014-11-02 02:02:05,2554067,4,战意之所在,Fate/stay night [Unlimited Blade Works] 第一季,1674473
saber这里好萌啊啊啊,546.285,1,16777215,2014-11-02 01:01:59,2554067,4,战意之所在,Fate/stay night [Unlimited Blade Works] 第一季,1674473
好漂亮的图啊,945.645,1,16777215,2014-11-02 01:01:52,2554067,4,战意之所在,Fate/stay night [Unlimited Blade Works] 第一季,1674473
感觉西服帅，这个便服萌萌哒,641.515,1,16777215,2014-11-02 01:01:48,2554067,4,战意之所在,Fate/stay night [Unlimited Blade Works] 第一季,1674473
死傲娇！,231.8,5,15138834,2014-11-02 01:01:39,2554067,4,战意之所在,Fate/stay night [Unlimited Blade Works] 第一季,1674473
b站字幕就是炫酷,154.816,1,16707842,2014-11-02 01:01:32,2554067,4,战意之所在,Fate/stay night [Unlimited Blade Works] 第一季,1674473
学生 简直太安心了,835.272,1,16777215,2014-11-02 01:01:28,2554067,4,战意之所在,Fate/stay night [Unlimited Blade Works] 第一季,1674473
剑凛塞高,543.0,1,16777215,2014-11-02 00:12:46,2554067,4,战意之所在,Fate/stay night [Unlimited Blade Works] 第一季,1674473
教科书版的傲娇,236.928,1,15138834,2014-11-02 00:12:43,2554067,4,战意之所在,Fate/stay night [Unlimited Blade Works] 第一季,1674473
穿衣显瘦,299.707,1,16777215,2014-11-02 00:12:41,2554067,4,战意之所在,Fate/stay night [Unlimited Blade Works] 第一季,1674473
少女你卖萌了,545.028,1,16777215,2014-11-02 00:12:41,2554067,4,战意之所在,Fate/stay night [Unlimited Blade Works] 第一季,1674473
暂停成功，士郎好表情,179.545,1,16777215,2014-11-02 00:12:38,2554067,4,战意之所在,Fate/stay night [Unlimited Blade Works] 第一季,1674473
和善的表情,249.916,5,16777215,2014-11-02 00:12:37,2554067,4,战意之所在,Fate/stay night [Unlimited Blade Works] 第一季,1674473
塞拉美如画，伊里亚美如画！,13.671,1,16777215,2014-11-02 00:12:32,2554067,4,战意之所在,Fate/stay night [Unlimited Blade Works] 第一季,1674473
原来女仆大妈音233,6.92,1,16777215,2014-11-02 00:12:31,2554067,4,战意之所在,Fate/stay night [Unlimited Blade Works] 第一季,1674473
我教唆我的御主杀了我,1324.054,5,16777215,2024-07-29 10:43:42,2554067,4,战意之所在,Fate/stay night [Unlimited Blade Works] 第一季,1674473
当你的对手静悄悄的时候一定在憋大招,1309.321,5,15138834,2023-08-04 20:30:30,2554067,4,战意之所在,Fate/stay night [Unlimited Blade Works] 第一季,1674473
圣杯：我碎两次！,380.314,1,16776960,2022-09-18 14:08:05,2554067,4,战意之所在,Fate/stay night [Unlimited Blade Works] 第一季,1674473
每集都在吃啊卧槽,1075.69,1,16777215,2014-11-02 13:01:54,2554067,4,战意之所在,Fate/stay night [Unlimited Blade Works] 第一季,1674473
樱呆了,680.265,1,13421721,2014-11-02 02:02:32,2554067,4,战意之所在,Fate/stay night [Unlimited Blade Works] 第一季,1674473
硝烟的味道,1080.94,1,16777215,2014-11-02 01:01:37,2554067,4,战意之所在,Fate/stay night [Unlimited Blade Works] 第一季,1674473
少女心爆棚,685.309,1,16777215,2014-11-02 01:01:26,2554067,4,战意之所在,Fate/stay night [Unlimited Blade Works] 第一季,1674473
红A表示弓是毛线啊……,483.53,1,16777215,2014-11-02 00:12:43,2554067,4,战意之所在,Fate/stay night [Unlimited Blade Works] 第一季,1674473
吃货的觉醒,576.993,5,41194,2014-11-02 00:12:42,2554067,4,战意之所在,Fate/stay night [Unlimited Blade Works] 第一季,1674473
这少女坐姿···,267.841,1,16777215,2014-11-02 00:12:39,2554067,4,战意之所在,Fate/stay night [Unlimited Blade Works] 第一季,1674473
让她娇羞！,362.134,1,16777215,2014-11-02 00:12:37,2554067,4,战意之所在,Fate/stay night [Unlimited Blade Works] 第一季,1674473
人妻凛,184.138,1,16777215,2014-11-02 00:12:33,2554067,4,战意之所在,Fate/stay night [Unlimited Blade Works] 第一季,1674473
凛：我记得这条线我是女主吧,1138.272,5,16777215,2023-09-13 19:39:13,2554067,4,战意之所在,Fate/stay night [Unlimited Blade Works] 第一季,1674473
Caster必须是龙之介,1258.344,5,16777215,2023-08-07 17:37:56,2554067,4,战意之所在,Fate/stay night [Unlimited Blade Works] 第一季,1674473
精气！！！,1238.63,1,16777215,2014-11-02 02:02:18,2554067,4,战意之所在,Fate/stay night [Unlimited Blade Works] 第一季,1674473
23333同居无误,1012.26,1,16777215,2014-11-02 02:02:12,2554067,4,战意之所在,Fate/stay night [Unlimited Blade Works] 第一季,1674473
金发人士的日本交流攻略,657.47,1,16777215,2014-11-02 02:02:09,2554067,4,战意之所在,Fate/stay night [Unlimited Blade Works] 第一季,1674473
我樱吃醋了,687.032,1,16777215,2014-11-02 01:01:39,2554067,4,战意之所在,Fate/stay night [Unlimited Blade Works] 第一季,1674473
和善和善,250.164,1,16777215,2014-11-02 01:01:24,2554067,4,战意之所在,Fate/stay night [Unlimited Blade Works] 第一季,1674473
呆毛好萌!,306.113,1,16777215,2014-11-02 00:12:44,2554067,4,战意之所在,Fate/stay night [Unlimited Blade Works] 第一季,1674473
士郎好萌- -,268.896,1,16777215,2014-11-02 00:12:42,2554067,4,战意之所在,Fate/stay night [Unlimited Blade Works] 第一季,1674473
又脸红了2333,229.858,5,3368652,2014-11-02 00:12:38,2554067,4,战意之所在,Fate/stay night [Unlimited Blade Works] 第一季,1674473
太少女了士郎,272.159,1,16777215,2014-11-02 00:12:36,2554067,4,战意之所在,Fate/stay night [Unlimited Blade Works] 第一季,1674473
你以为他的底牌只有王炸，但是其实他还有4个二，四个a，4个k，4个q，4个j,1290.139,5,16777215,2025-05-10 22:04:20,2554067,4,战意之所在,Fate/stay night [Unlimited Blade Works] 第一季,1674473
真·战意之所在,1129.539,1,15138834,2023-07-21 22:04:08,2554067,4,战意之所在,Fate/stay night [Unlimited Blade Works] 第一季,1674473
还有writer：老虚,432.551,1,16777215,2023-06-08 20:11:40,2554067,4,战意之所在,Fate/stay night [Unlimited Blade Works] 第一季,1674473
这股渗人的压迫感是怎么回事（）,779.598,5,15138834,2023-01-22 16:56:06,2554067,4,战意之所在,Fate/stay night [Unlimited Blade Works] 第一季,1674473
士郎太可爱了,730.361,1,16777215,2014-11-02 13:01:56,2554067,4,战意之所在,Fate/stay night [Unlimited Blade Works] 第一季,1674473
英国菜 仰望星空派！,591.034,1,16777215,2014-11-02 13:01:47,2554067,4,战意之所在,Fate/stay night [Unlimited Blade Works] 第一季,1674473
萌萌的樱,684.082,1,16777215,2014-11-02 02:02:10,2554067,4,战意之所在,Fate/stay night [Unlimited Blade Works] 第一季,1674473
233333333好萌,626.796,5,16776960,2014-11-02 01:01:59,2554067,4,战意之所在,Fate/stay night [Unlimited Blade Works] 第一季,1674473
吃饭吃饭吃饭！,537.398,1,16777215,2014-11-02 01:01:59,2554067,4,战意之所在,Fate/stay night [Unlimited Blade Works] 第一季,1674473
士郎真的好帅啊,531.755,1,16777215,2014-11-02 01:01:43,2554067,4,战意之所在,Fate/stay night [Unlimited Blade Works] 第一季,1674473
想骑车笑尿233333,980.605,5,15138834,2014-11-02 01:01:27,2554067,4,战意之所在,Fate/stay night [Unlimited Blade Works] 第一季,1674473
吾王美如画~~,534.776,1,16777215,2014-11-02 00:12:46,2554067,4,战意之所在,Fate/stay night [Unlimited Blade Works] 第一季,1674473
我樱好美啊,689.325,1,16777215,2014-11-02 00:12:46,2554067,4,战意之所在,Fate/stay night [Unlimited Blade Works] 第一季,1674473
人民教师好帅,751.647,1,16777215,2014-11-02 00:12:45,2554067,4,战意之所在,Fate/stay night [Unlimited Blade Works] 第一季,1674473
人民教师变帅了,782.351,1,16777215,2014-11-02 00:12:45,2554067,4,战意之所在,Fate/stay night [Unlimited Blade Works] 第一季,1674473
大半夜的看饿了……,574.007,1,16711935,2014-11-02 00:12:43,2554067,4,战意之所在,Fate/stay night [Unlimited Blade Works] 第一季,1674473
好图！,55.146,1,41194,2014-11-02 00:12:34,2554067,4,战意之所在,Fate/stay night [Unlimited Blade Works] 第一季,1674473
伊利亚prpr,53.525,1,16777215,2014-11-02 00:12:32,2554067,4,战意之所在,Fate/stay night [Unlimited Blade Works] 第一季,1674473
作用:能使人迅速达到性高潮,1216.578,5,16777215,2025-08-11 01:35:23,2554067,4,战意之所在,Fate/stay night [Unlimited Blade Works] 第一季,1674473
少年你就不觉你伤口好的有点快么2333,288.703,5,15138834,2025-03-28 10:23:02,2554067,4,战意之所在,Fate/stay night [Unlimited Blade Works] 第一季,1674473
人话：点外卖,614.329,1,16777215,2023-03-19 11:55:52,2554067,4,战意之所在,Fate/stay night [Unlimited Blade Works] 第一季,1674473
求配方,1222.62,1,16777215,2014-11-02 13:01:47,2554067,4,战意之所在,Fate/stay night [Unlimited Blade Works] 第一季,1674473
 乃伊组特233,1323.01,1,16777215,2014-11-02 02:02:41,2554067,4,战意之所在,Fate/stay night [Unlimited Blade Works] 第一季,1674473
卧槽 这风声都出来了,1270.06,1,16777215,2014-11-02 02:02:31,2554067,4,战意之所在,Fate/stay night [Unlimited Blade Works] 第一季,1674473
樱。放着我来,1065.94,1,16777215,2014-11-02 02:02:04,2554067,4,战意之所在,Fate/stay night [Unlimited Blade Works] 第一季,1674473
感觉自己萌萌哒,550.485,1,16777215,2014-11-02 02:02:04,2554067,4,战意之所在,Fate/stay night [Unlimited Blade Works] 第一季,1674473
人被杀就会死,260.084,1,16777215,2014-11-02 02:02:02,2554067,4,战意之所在,Fate/stay night [Unlimited Blade Works] 第一季,1674473
好感度+++,541.91,1,16777215,2014-11-02 01:01:51,2554067,4,战意之所在,Fate/stay night [Unlimited Blade Works] 第一季,1674473
你不跟樱解释一下吗,849.649,1,16777215,2014-11-02 01:01:24,2554067,4,战意之所在,Fate/stay night [Unlimited Blade Works] 第一季,1674473
我凛美如画,1176.96,1,16777215,2014-11-02 00:12:46,2554067,4,战意之所在,Fate/stay night [Unlimited Blade Works] 第一季,1674473
呆毛好评,304.668,5,13369344,2014-11-02 00:12:45,2554067,4,战意之所在,Fate/stay night [Unlimited Blade Works] 第一季,1674473
吃的真快...,620.057,1,16777215,2014-11-02 00:12:44,2554067,4,战意之所在,Fate/stay night [Unlimited Blade Works] 第一季,1674473
俗称：帅,831.773,1,16777215,2014-11-02 00:12:44,2554067,4,战意之所在,Fate/stay night [Unlimited Blade Works] 第一季,1674473
迷之脸红～,232.967,1,16777215,2014-11-02 00:12:37,2554067,4,战意之所在,Fate/stay night [Unlimited Blade Works] 第一季,1674473
傲娇凛2333,227.292,1,16777215,2014-11-02 00:12:36,2554067,4,战意之所在,Fate/stay night [Unlimited Blade Works] 第一季,1674473
这脸...,179.81,1,16777215,2014-11-02 00:12:34,2554067,4,战意之所在,Fate/stay night [Unlimited Blade Works] 第一季,1674473
伊莉雅~~~~,24.419,1,16777215,2014-11-02 00:12:31,2554067,4,战意之所在,Fate/stay night [Unlimited Blade Works] 第一季,1674473
萝莉加戏了,19.012,1,16777215,2014-11-02 00:12:31,2554067,4,战意之所在,Fate/stay night [Unlimited Blade Works] 第一季,1674473
你是哪个班的？,745.946,5,15138834,2025-07-29 22:41:49,2554067,4,战意之所在,Fate/stay night [Unlimited Blade Works] 第一季,1674473
第8职阶：teacher,740.181,5,15138834,2025-05-17 11:29:17,2554067,4,战意之所在,Fate/stay night [Unlimited Blade Works] 第一季,1674473
这就是战意之所在的含义吗,1153.085,5,16777215,2025-03-25 15:59:51,2554067,4,战意之所在,Fate/stay night [Unlimited Blade Works] 第一季,1674473
忽然明白标题,1145.662,5,16707842,2025-02-22 17:54:58,2554067,4,战意之所在,Fate/stay night [Unlimited Blade Works] 第一季,1674473
这里应该插入一个圣杯广告,372.443,5,16777215,2024-10-26 11:06:39,2554067,4,战意之所在,Fate/stay night [Unlimited Blade Works] 第一季,1674473
SABER线里因为士郎说saber穿这个好看所以saber一直只穿这件,547.937,1,16765698,2024-10-21 02:42:04,2554067,4,战意之所在,Fate/stay night [Unlimited Blade Works] 第一季,1674473
他还真的猜对了,976.59,1,16777215,2023-08-21 21:32:50,2554067,4,战意之所在,Fate/stay night [Unlimited Blade Works] 第一季,1674473
加特凛,1193.03,1,16777215,2023-08-02 16:28:52,2554067,4,战意之所在,Fate/stay night [Unlimited Blade Works] 第一季,1674473
加特凛,1194.049,1,15138834,2023-07-27 20:34:09,2554067,4,战意之所在,Fate/stay night [Unlimited Blade Works] 第一季,1674473
吾王觅食中,730.765,1,16777215,2023-07-27 19:42:33,2554067,4,战意之所在,Fate/stay night [Unlimited Blade Works] 第一季,1674473
碇源堂，你不去补完人类在这干什么？,763.627,5,16707842,2023-07-09 22:19:06,2554067,4,战意之所在,Fate/stay night [Unlimited Blade Works] 第一季,1674473
话说让他爸看到saber的话会吓一大跳的吧,984.533,5,15138834,2022-12-03 15:44:14,2554067,4,战意之所在,Fate/stay night [Unlimited Blade Works] 第一季,1674473
鞋子！！！,957.025,1,16777215,2014-11-02 02:02:32,2554067,4,战意之所在,Fate/stay night [Unlimited Blade Works] 第一季,1674473
saber在第四次也没少卖萌好么。。。,572.68,1,16777215,2014-11-02 02:02:30,2554067,4,战意之所在,Fate/stay night [Unlimited Blade Works] 第一季,1674473
字幕好评,1168.08,5,15138834,2014-11-02 02:02:03,2554067,4,战意之所在,Fate/stay night [Unlimited Blade Works] 第一季,1674473
细节好赞啊,823.006,1,16777215,2014-11-02 01:01:33,2554067,4,战意之所在,Fate/stay night [Unlimited Blade Works] 第一季,1674473
士郎家政EX!,1077.83,1,16777215,2014-11-02 01:01:25,2554067,4,战意之所在,Fate/stay night [Unlimited Blade Works] 第一季,1674473
萌我一脸,833.993,1,16777215,2014-11-02 01:01:25,2554067,4,战意之所在,Fate/stay night [Unlimited Blade Works] 第一季,1674473
时辰站姿,1237.76,1,16777215,2014-11-02 01:01:23,2554067,4,战意之所在,Fate/stay night [Unlimited Blade Works] 第一季,1674473
修罗场,685.668,1,16777215,2014-11-02 01:01:22,2554067,4,战意之所在,Fate/stay night [Unlimited Blade Works] 第一季,1674473
人妻凛,186.356,1,16777215,2014-11-02 00:12:46,2554067,4,战意之所在,Fate/stay night [Unlimited Blade Works] 第一季,1674473
人民教师23333333333333333,763.419,5,0,2014-11-02 00:12:44,2554067,4,战意之所在,Fate/stay night [Unlimited Blade Works] 第一季,1674473
人民教师！,734.668,1,16777215,2014-11-02 00:12:44,2554067,4,战意之所在,Fate/stay night [Unlimited Blade Works] 第一季,1674473
就没了。。。。,621.708,5,16776960,2014-11-02 00:12:43,2554067,4,战意之所在,Fate/stay night [Unlimited Blade Works] 第一季,1674473
字幕炫酷,150.92,1,16777215,2014-11-02 00:12:43,2554067,4,战意之所在,Fate/stay night [Unlimited Blade Works] 第一季,1674473
bilibili赛高,154.36,5,15138834,2014-11-02 00:12:42,2554067,4,战意之所在,Fate/stay night [Unlimited Blade Works] 第一季,1674473
好评,18.539,1,16777215,2014-11-02 00:12:40,2554067,4,战意之所在,Fate/stay night [Unlimited Blade Works] 第一季,1674473
傲娇呗,232.448,1,16777215,2014-11-02 00:12:38,2554067,4,战意之所在,Fate/stay night [Unlimited Blade Works] 第一季,1674473
少女坐姿,267.447,1,16777215,2014-11-02 00:12:38,2554067,4,战意之所在,Fate/stay night [Unlimited Blade Works] 第一季,1674473
脸红什么！,236.361,1,16777215,2014-11-02 00:12:37,2554067,4,战意之所在,Fate/stay night [Unlimited Blade Works] 第一季,1674473
我擦字幕也有特效,153.344,1,38979,2014-11-02 00:12:35,2554067,4,战意之所在,Fate/stay night [Unlimited Blade Works] 第一季,1674473
233333333,253.886,1,16777215,2014-11-02 00:12:35,2554067,4,战意之所在,Fate/stay night [Unlimited Blade Works] 第一季,1674473
省电模式中,299.708,5,16776960,2025-05-23 00:13:38,2554067,4,战意之所在,Fate/stay night [Unlimited Blade Works] 第一季,1674473
大帝又白教了,378.886,1,16777215,2025-05-18 10:53:24,2554067,4,战意之所在,Fate/stay night [Unlimited Blade Works] 第一季,1674473
红A：当年退社是不想给你们太大的压力,885.725,1,16707842,2025-05-04 11:20:18,2554067,4,战意之所在,Fate/stay night [Unlimited Blade Works] 第一季,1674473
美食特写,260.043,1,16777215,2025-01-08 01:15:35,2554067,4,战意之所在,Fate/stay night [Unlimited Blade Works] 第一季,1674473
低头不是抱歉 是老弟你还得练,1055.724,5,16777215,2024-11-22 13:49:34,2554067,4,战意之所在,Fate/stay night [Unlimited Blade Works] 第一季,1674473
小樱：完啦被偷家啦！,995.423,5,15772458,2024-09-01 00:34:13,2554067,4,战意之所在,Fate/stay night [Unlimited Blade Works] 第一季,1674473
瓦斯:没错又是我,1232.849,5,16777215,2024-04-13 17:49:10,2554067,4,战意之所在,Fate/stay night [Unlimited Blade Works] 第一季,1674473
红衣服，双马尾，傲娇，能力强，你是明日香（doge,564.765,5,15138834,2023-07-10 12:11:11,2554067,4,战意之所在,Fate/stay night [Unlimited Blade Works] 第一季,1674473
骑·士·王,389.915,1,16777215,2023-06-24 23:00:35,2554067,4,战意之所在,Fate/stay night [Unlimited Blade Works] 第一季,1674473
樱：回去查了查头一次听说叫剑士的,1011.754,1,16777215,2023-03-30 16:02:32,2554067,4,战意之所在,Fate/stay night [Unlimited Blade Works] 第一季,1674473
06还帮你挡刀呢,345.363,1,16707842,2023-02-02 02:10:57,2554067,4,战意之所在,Fate/stay night [Unlimited Blade Works] 第一季,1674473
老师体术很强，加了buff相当于体术超强的英灵了,776.848,1,16777215,2022-12-31 05:17:09,2554067,4,战意之所在,Fate/stay night [Unlimited Blade Works] 第一季,1674473
摄影师今天啃桌子,37.839,1,16707842,2022-12-06 16:51:21,2554067,4,战意之所在,Fate/stay night [Unlimited Blade Works] 第一季,1674473
saber：因为士郎觉得我穿这身很好看,542.424,1,16777215,2022-11-01 02:53:08,2554067,4,战意之所在,Fate/stay night [Unlimited Blade Works] 第一季,1674473
06版直接被b叔劈了,342.141,1,16777215,2022-10-27 17:39:10,2554067,4,战意之所在,Fate/stay night [Unlimited Blade Works] 第一季,1674473
王の乖巧,302.206,5,16707842,2022-10-05 10:03:57,2554067,4,战意之所在,Fate/stay night [Unlimited Blade Works] 第一季,1674473
好美！！！,920.362,1,16777215,2014-11-02 02:02:39,2554067,4,战意之所在,Fate/stay night [Unlimited Blade Works] 第一季,1674473
博物馆惊魂好评,1184.87,1,16777215,2014-11-02 02:02:31,2554067,4,战意之所在,Fate/stay night [Unlimited Blade Works] 第一季,1674473
吃饭吧,514.211,1,16707842,2014-11-02 02:02:21,2554067,4,战意之所在,Fate/stay night [Unlimited Blade Works] 第一季,1674473
这个Lancer好帅,425.637,5,65535,2014-11-02 01:01:56,2554067,4,战意之所在,Fate/stay night [Unlimited Blade Works] 第一季,1674473
好萌啊,1020.28,1,16777215,2014-11-02 01:01:50,2554067,4,战意之所在,Fate/stay night [Unlimited Blade Works] 第一季,1674473
解说太强,1174.0,5,52479,2014-11-02 01:01:37,2554067,4,战意之所在,Fate/stay night [Unlimited Blade Works] 第一季,1674473
张开双臂干嘛。。,770.299,1,16777215,2014-11-02 01:01:23,2554067,4,战意之所在,Fate/stay night [Unlimited Blade Works] 第一季,1674473
绫子为啥戏份这么多,868.753,1,16763955,2014-11-02 01:01:22,2554067,4,战意之所在,Fate/stay night [Unlimited Blade Works] 第一季,1674473
吾王好萌,543.582,1,16777215,2014-11-02 00:12:46,2554067,4,战意之所在,Fate/stay night [Unlimited Blade Works] 第一季,1674473
百合大法好,543.0,1,16777215,2014-11-02 00:12:46,2554067,4,战意之所在,Fate/stay night [Unlimited Blade Works] 第一季,1674473
呆毛一直在变化！,506.672,5,16777215,2014-11-02 00:12:43,2554067,4,战意之所在,Fate/stay night [Unlimited Blade Works] 第一季,1674473
好感度+1,364.561,1,16777215,2014-11-02 00:12:42,2554067,4,战意之所在,Fate/stay night [Unlimited Blade Works] 第一季,1674473
傲娇凛,227.37,1,16777215,2014-11-02 00:12:40,2554067,4,战意之所在,Fate/stay night [Unlimited Blade Works] 第一季,1674473
特效更威武了…,153.697,1,16777215,2014-11-02 00:12:34,2554067,4,战意之所在,Fate/stay night [Unlimited Blade Works] 第一季,1674473
正面啊,58.793,1,16777215,2014-11-02 00:12:32,2554067,4,战意之所在,Fate/stay night [Unlimited Blade Works] 第一季,1674473
好可爱wwww,39.538,1,16777215,2014-11-02 00:12:32,2554067,4,战意之所在,Fate/stay night [Unlimited Blade Works] 第一季,1674473
凛的从者：actor,1271.46,5,16777215,2025-09-17 09:42:13,2554067,4,战意之所在,Fate/stay night [Unlimited Blade Works] 第一季,1674473
樱不是吃醋，她在确认这是不是servant,1010.738,5,16707842,2025-09-17 09:36:31,2554067,4,战意之所在,Fate/stay night [Unlimited Blade Works] 第一季,1674473
冬木市瓦斯又泄露了,564.641,5,16777215,2025-08-19 10:55:04,2554067,4,战意之所在,Fate/stay night [Unlimited Blade Works] 第一季,1674473
传奇英国赛车皇帝拉塞尔,542.756,5,16777215,2025-07-31 10:20:52,2554067,4,战意之所在,Fate/stay night [Unlimited Blade Works] 第一季,1674473
红A宝具太多了，无限剑制,491.628,1,16646914,2025-07-14 23:00:08,2554067,4,战意之所在,Fate/stay night [Unlimited Blade Works] 第一季,1674473
给你猜对了！,977.074,5,16776960,2025-07-07 13:31:17,2554067,4,战意之所在,Fate/stay night [Unlimited Blade Works] 第一季,1674473
远坂：这不是我的线吗？？,1126.746,1,16777215,2025-07-06 22:25:41,2554067,4,战意之所在,Fate/stay night [Unlimited Blade Works] 第一季,1674473
樱：士郎！那个女人是谁！,681.4,5,15138834,2025-05-24 13:22:32,2554067,4,战意之所在,Fate/stay night [Unlimited Blade Works] 第一季,1674473
“明明是我先来的”,677.699,5,16777215,2025-02-19 11:26:35,2554067,4,战意之所在,Fate/stay night [Unlimited Blade Works] 第一季,1674473
骨架犬,1158.827,5,6830715,2025-01-13 17:02:41,2554067,4,战意之所在,Fate/stay night [Unlimited Blade Works] 第一季,1674473
吾王美如画,305.025,5,16707842,2024-08-13 16:54:51,2554067,4,战意之所在,Fate/stay night [Unlimited Blade Works] 第一季,1674473
没有高光的都是怪物,747.733,5,16777215,2024-07-14 18:05:15,2554067,4,战意之所在,Fate/stay night [Unlimited Blade Works] 第一季,1674473
吾王:不对，绝对不是亲生的,533.638,5,16777215,2024-06-30 04:37:20,2554067,4,战意之所在,Fate/stay night [Unlimited Blade Works] 第一季,1674473
saber：我在你家藏了10年,1000.391,5,16755202,2024-06-22 12:22:20,2554067,4,战意之所在,Fate/stay night [Unlimited Blade Works] 第一季,1674473
啊～这一声超可爱的呐,730.143,1,16777215,2024-02-08 22:05:44,2554067,4,战意之所在,Fate/stay night [Unlimited Blade Works] 第一季,1674473
卫宫收留所,1130.843,5,16707842,2024-01-10 01:22:48,2554067,4,战意之所在,Fate/stay night [Unlimited Blade Works] 第一季,1674473
我家的移动饭桶,713.367,5,16777215,2023-10-19 22:33:56,2554067,4,战意之所在,Fate/stay night [Unlimited Blade Works] 第一季,1674473
我只喜欢修东西，我是正义の伙伴,902.91,5,16707842,2023-08-19 15:25:40,2554067,4,战意之所在,Fate/stay night [Unlimited Blade Works] 第一季,1674473
叫薇尔莉特（bushi）,529.226,1,16707842,2023-07-21 17:51:28,2554067,4,战意之所在,Fate/stay night [Unlimited Blade Works] 第一季,1674473
三 个 女 人 一 台 戏,1123.475,5,41194,2023-07-13 00:09:49,2554067,4,战意之所在,Fate/stay night [Unlimited Blade Works] 第一季,1674473
聊天鬼才,247.183,1,15138834,2023-07-02 16:01:12,2554067,4,战意之所在,Fate/stay night [Unlimited Blade Works] 第一季,1674473
瓦斯：我已超神,1234.418,1,16777215,2023-05-19 14:26:06,2554067,4,战意之所在,Fate/stay night [Unlimited Blade Works] 第一季,1674473
真·活化石,1180.732,5,16776960,2023-05-13 23:18:14,2554067,4,战意之所在,Fate/stay night [Unlimited Blade Works] 第一季,1674473
prprpr~,257.266,5,16777215,2023-05-11 00:44:26,2554067,4,战意之所在,Fate/stay night [Unlimited Blade Works] 第一季,1674473
王の震惊,536.105,1,16777215,2023-05-07 12:11:58,2554067,4,战意之所在,Fate/stay night [Unlimited Blade Works] 第一季,1674473
呆毛の奇妙冒险,743.36,1,16707842,2023-03-18 09:58:53,2554067,4,战意之所在,Fate/stay night [Unlimited Blade Works] 第一季,1674473
这saber没以前收敛了,838.313,5,16707842,2023-01-07 21:41:49,2554067,4,战意之所在,Fate/stay night [Unlimited Blade Works] 第一季,1674473
醋坛子翻惹,680.068,1,16777215,2023-01-07 20:41:17,2554067,4,战意之所在,Fate/stay night [Unlimited Blade Works] 第一季,1674473
有立体机动装置使用的味道,665.91,5,16707842,2022-12-26 13:40:46,2554067,4,战意之所在,Fate/stay night [Unlimited Blade Works] 第一季,1674473
直死之魔眼,950.879,1,16777215,2022-12-21 18:28:51,2554067,4,战意之所在,Fate/stay night [Unlimited Blade Works] 第一季,1674473
其实第十集的魔力差不多够用了,583.497,1,16777215,2022-10-14 14:18:40,2554067,4,战意之所在,Fate/stay night [Unlimited Blade Works] 第一季,1674473
大帝：我,384.235,1,16777215,2022-10-06 10:27:22,2554067,4,战意之所在,Fate/stay night [Unlimited Blade Works] 第一季,1674473
哎呀妈呀美死了,499.821,1,16777215,2014-11-02 01:01:32,2554067,4,战意之所在,Fate/stay night [Unlimited Blade Works] 第一季,1674473
傲娇的典范,230.334,1,16777215,2014-11-02 00:12:46,2554067,4,战意之所在,Fate/stay night [Unlimited Blade Works] 第一季,1674473
人民教师！,735.959,1,16711935,2014-11-02 00:12:46,2554067,4,战意之所在,Fate/stay night [Unlimited Blade Works] 第一季,1674473
恢复好快,301.509,1,16777215,2014-11-02 00:12:45,2554067,4,战意之所在,Fate/stay night [Unlimited Blade Works] 第一季,1674473
吾王赛高,743.338,1,16777215,2014-11-02 00:12:45,2554067,4,战意之所在,Fate/stay night [Unlimited Blade Works] 第一季,1674473
樱好帅！,613.868,1,15138834,2014-11-02 00:12:44,2554067,4,战意之所在,Fate/stay night [Unlimited Blade Works] 第一季,1674473
傲娇！,230.538,1,16777215,2014-11-02 00:12:36,2554067,4,战意之所在,Fate/stay night [Unlimited Blade Works] 第一季,1674473
震惊吾王一整年,353.963,5,41194,2026-02-15 18:13:57,2554067,4,战意之所在,Fate/stay night [Unlimited Blade Works] 第一季,1674473
Saber：？他托梦告诉你的？,977.131,5,16707842,2026-01-23 01:04:35,2554067,4,战意之所在,Fate/stay night [Unlimited Blade Works] 第一季,1674473
热心市民根本打不死好吧，别在那吹了,50.935,5,15138834,2026-01-18 20:13:12,2554067,4,战意之所在,Fate/stay night [Unlimited Blade Works] 第一季,1674473
红A：我又没说我就一张底牌,1270.817,5,6830715,2026-01-14 19:10:00,2554067,4,战意之所在,Fate/stay night [Unlimited Blade Works] 第一季,1674473
樱：？明明是我先来的,682.502,5,15138834,2026-01-14 19:04:06,2554067,4,战意之所在,Fate/stay night [Unlimited Blade Works] 第一季,1674473
c妈五战拿命在c，一个人供给三个从者魔力顺带给人民教师上buff，全程魔力都靠自己维持没有一滴是人民教师的,1240.875,5,16777215,2026-01-12 18:50:05,2554067,4,战意之所在,Fate/stay night [Unlimited Blade Works] 第一季,1674473
樱的小碎步，可爱捏,995.972,5,16777215,2026-01-06 14:39:40,2554067,4,战意之所在,Fate/stay night [Unlimited Blade Works] 第一季,1674473
布豪，快定床位！,249.697,5,16646914,2025-12-27 19:19:50,2554067,4,战意之所在,Fate/stay night [Unlimited Blade Works] 第一季,1674473
就连亚瑟王这种正义正直的人都对士郎老好人感到惊叹,355.462,5,15138834,2025-12-02 19:07:55,2554067,4,战意之所在,Fate/stay night [Unlimited Blade Works] 第一季,1674473
这部剧叫UBW。红A的宝具也是UBW。你猜谁是主角,477.654,1,15138834,2025-11-22 23:06:08,2554067,4,战意之所在,Fate/stay night [Unlimited Blade Works] 第一季,1674473
有点像撒豆成兵。,1178.899,1,16777215,2025-11-16 14:44:24,2554067,4,战意之所在,Fate/stay night [Unlimited Blade Works] 第一季,1674473
话说为什么是入内禁止啊？不是禁止入内吗？,562.209,1,16777215,2025-11-16 13:33:53,2554067,4,战意之所在,Fate/stay night [Unlimited Blade Works] 第一季,1674473
吃货王,584.779,5,16707842,2025-11-01 11:24:57,2554067,4,战意之所在,Fate/stay night [Unlimited Blade Works] 第一季,1674473
聊天鬼才,247.112,5,16707842,2025-11-01 10:57:11,2554067,4,战意之所在,Fate/stay night [Unlimited Blade Works] 第一季,1674473
华北大平原,54.845,5,16707842,2025-11-01 10:53:39,2554067,4,战意之所在,Fate/stay night [Unlimited Blade Works] 第一季,1674473
我都不忍心看，为啥要让她来这个场景，不如让凛来,10.011,1,14811775,2025-10-29 21:38:35,2554067,4,战意之所在,Fate/stay night [Unlimited Blade Works] 第一季,1674473
英灵是可以当多重阶职的，R姐骑阶也可以成为术阶被召唤，狂阶是b叔最弱的状态,516.864,5,15138834,2025-10-26 15:48:52,2554067,4,战意之所在,Fate/stay night [Unlimited Blade Works] 第一季,1674473
红a真正的宝具没开，b叔面对全力轰炸的红a场面就是打不着和打不死,516.179,5,15138834,2025-10-26 15:47:31,2554067,4,战意之所在,Fate/stay night [Unlimited Blade Works] 第一季,1674473
呆毛王,320.162,1,16777215,2025-10-09 20:39:45,2554067,4,战意之所在,Fate/stay night [Unlimited Blade Works] 第一季,1674473
这么说还真是,980.782,5,16777215,2025-10-03 22:38:15,2554067,4,战意之所在,Fate/stay night [Unlimited Blade Works] 第一季,1674473
世界名画,305.556,5,41194,2025-09-29 22:23:32,2554067,4,战意之所在,Fate/stay night [Unlimited Blade Works] 第一季,1674473
saber一下没转过弯 上一届老残酷了 这一届太单纯了,358.547,1,16777215,2025-09-22 16:02:07,2554067,4,战意之所在,Fate/stay night [Unlimited Blade Works] 第一季,1674473
瓦斯杀病了,568.799,5,41194,2025-09-20 21:44:05,2554067,4,战意之所在,Fate/stay night [Unlimited Blade Works] 第一季,1674473
最强职阶：teacher,818.575,1,16777215,2025-09-19 21:54:05,2554067,4,战意之所在,Fate/stay night [Unlimited Blade Works] 第一季,1674473
金色庆典时装,544.845,5,16707842,2025-09-19 21:41:17,2554067,4,战意之所在,Fate/stay night [Unlimited Blade Works] 第一季,1674473
这不是吃醋啊，樱不想打士郎你们不懂吗,1061.338,5,16707842,2025-09-17 09:37:45,2554067,4,战意之所在,Fate/stay night [Unlimited Blade Works] 第一季,1674473
我也看成了女朋友哈哈哈,772.765,5,16707842,2025-09-09 22:38:35,2554067,4,战意之所在,Fate/stay night [Unlimited Blade Works] 第一季,1674473
下次见面我一定会杀了他,1322.042,5,15138834,2025-09-08 22:57:57,2554067,4,战意之所在,Fate/stay night [Unlimited Blade Works] 第一季,1674473
恐怕是田所浩二,1240.267,5,16765698,2025-09-01 13:37:46,2554067,4,战意之所在,Fate/stay night [Unlimited Blade Works] 第一季,1674473
这里就不得不提某个吧大招当平a用的saber,488.705,5,15138834,2025-08-31 20:31:33,2554067,4,战意之所在,Fate/stay night [Unlimited Blade Works] 第一季,1674473
底牌个屁,1269.282,1,16777215,2025-08-30 00:30:06,2554067,4,战意之所在,Fate/stay night [Unlimited Blade Works] 第一季,1674473
4P,1133.936,1,16777215,2025-08-28 23:04:37,2554067,4,战意之所在,Fate/stay night [Unlimited Blade Works] 第一季,1674473
我teacher呢？！,435.232,5,15138834,2025-08-27 13:25:25,2554067,4,战意之所在,Fate/stay night [Unlimited Blade Works] 第一季,1674473
石头唱得好,155.823,1,16777215,2025-08-27 13:17:38,2554067,4,战意之所在,Fate/stay night [Unlimited Blade Works] 第一季,1674473
反复横跳,1018.958,5,15138834,2025-08-16 17:36:21,2554067,4,战意之所在,Fate/stay night [Unlimited Blade Works] 第一季,1674473
记住这句话，后面要考（）,1318.038,5,15138834,2025-08-16 08:16:29,2554067,4,战意之所在,Fate/stay night [Unlimited Blade Works] 第一季,1674473
底牌?你在说底牌?,1268.505,5,15138834,2025-08-16 08:15:16,2554067,4,战意之所在,Fate/stay night [Unlimited Blade Works] 第一季,1674473
你应该夸吾王很好看才对!,552.915,5,15138834,2025-08-16 07:49:50,2554067,4,战意之所在,Fate/stay night [Unlimited Blade Works] 第一季,1674473
我和他一起跳楼梯,1325.065,5,15138834,2025-08-15 10:42:30,2554067,4,战意之所在,Fate/stay night [Unlimited Blade Works] 第一季,1674473
接下来的画面非常露骨,1151.552,5,16777215,2025-08-11 01:33:09,2554067,4,战意之所在,Fate/stay night [Unlimited Blade Works] 第一季,1674473
7个参赛者4个在学校,842.855,5,16777215,2025-08-11 01:27:46,2554067,4,战意之所在,Fate/stay night [Unlimited Blade Works] 第一季,1674473
最强职阶teacher,755.206,5,16777215,2025-08-11 01:25:50,2554067,4,战意之所在,Fate/stay night [Unlimited Blade Works] 第一季,1674473
还有teacher,439.806,5,16777215,2025-08-11 01:22:15,2554067,4,战意之所在,Fate/stay night [Unlimited Blade Works] 第一季,1674473
真正想赢的人脸上是没有笑容的（雾,920.089,1,16777215,2025-08-09 23:44:33,2554067,4,战意之所在,Fate/stay night [Unlimited Blade Works] 第一季,1674473
在加一个凛和一个伊莉雅到时候直接5p,1133.194,5,14811775,2025-08-09 17:00:50,2554067,4,战意之所在,Fate/stay night [Unlimited Blade Works] 第一季,1674473
试问，家里管饭吗,583.81,1,16777215,2025-08-07 16:44:17,2554067,4,战意之所在,Fate/stay night [Unlimited Blade Works] 第一季,1674473
隐藏职阶，Teacher,795.353,5,15138834,2025-08-06 01:52:47,2554067,4,战意之所在,Fate/stay night [Unlimited Blade Works] 第一季,1674473
最强职业，Teacher,735.993,5,15138834,2025-08-06 01:51:29,2554067,4,战意之所在,Fate/stay night [Unlimited Blade Works] 第一季,1674473
可惜你老爹一共就跟她说过三句话,980.02,5,16777215,2025-08-02 20:02:22,2554067,4,战意之所在,Fate/stay night [Unlimited Blade Works] 第一季,1674473
Saber：孩子们，这不是我的线,370.84,5,16777215,2025-08-02 19:28:42,2554067,4,战意之所在,Fate/stay night [Unlimited Blade Works] 第一季,1674473
红A放个战技然后说那是大招？,1282.053,5,16777215,2025-07-31 23:17:41,2554067,4,战意之所在,Fate/stay night [Unlimited Blade Works] 第一季,1674473
主     线    任     务,535.449,5,16777215,2025-07-31 11:01:55,2554067,4,战意之所在,Fate/stay night [Unlimited Blade Works] 第一季,1674473
胭条巴2333,857.115,5,16707842,2025-07-29 18:42:18,2554067,4,战意之所在,Fate/stay night [Unlimited Blade Works] 第一季,1674473
为什么王不能像红a一样隐身？,872.865,5,41194,2025-07-28 18:36:33,2554067,4,战意之所在,Fate/stay night [Unlimited Blade Works] 第一季,1674473
红a：你猜我的宝具是啥（doge）,473.545,5,15138834,2025-07-27 21:54:18,2554067,4,战意之所在,Fate/stay night [Unlimited Blade Works] 第一季,1674473
“气温轴降”,1087.786,1,16777215,2025-07-26 11:05:49,2554067,4,战意之所在,Fate/stay night [Unlimited Blade Works] 第一季,1674473
蹭饭大队,974.251,1,16777215,2025-07-24 10:16:54,2554067,4,战意之所在,Fate/stay night [Unlimited Blade Works] 第一季,1674473
hhhhh凛以前生日时绮礼送的,546.963,5,16777215,2025-07-23 03:55:30,2554067,4,战意之所在,Fate/stay night [Unlimited Blade Works] 第一季,1674473
攻略值25%,363.837,1,16777215,2025-07-23 00:17:31,2554067,4,战意之所在,Fate/stay night [Unlimited Blade Works] 第一季,1674473
闪闪，红A：并非没有,35.789,5,15138834,2025-07-22 21:45:41,2554067,4,战意之所在,Fate/stay night [Unlimited Blade Works] 第一季,1674473
还有掌握class的teacher,433.871,5,16777215,2025-07-21 19:41:50,2554067,4,战意之所在,Fate/stay night [Unlimited Blade Works] 第一季,1674473
他老爸死没死啊？,986.033,1,16777215,2025-07-21 17:03:50,2554067,4,战意之所在,Fate/stay night [Unlimited Blade Works] 第一季,1674473
是底牌，但底牌一大堆,1268.42,5,41194,2025-07-21 09:09:44,2554067,4,战意之所在,Fate/stay night [Unlimited Blade Works] 第一季,1674473
宣示主权,1132.316,5,41194,2025-07-21 09:06:28,2554067,4,战意之所在,Fate/stay night [Unlimited Blade Works] 第一季,1674473
还真是朋友，过命的交情,978.676,5,41194,2025-07-21 09:03:45,2554067,4,战意之所在,Fate/stay night [Unlimited Blade Works] 第一季,1674473
所以他认为的笑都是自己眼里在笑，别人眼里连打招呼都像在挑衅,933.429,5,15138834,2025-07-20 20:51:14,2554067,4,战意之所在,Fate/stay night [Unlimited Blade Works] 第一季,1674473
可以哥们好多底牌,1269.412,1,16777215,2025-07-20 11:10:55,2554067,4,战意之所在,Fate/stay night [Unlimited Blade Works] 第一季,1674473
偷税吧，少年,975.22,1,16777215,2025-07-19 21:19:54,2554067,4,战意之所在,Fate/stay night [Unlimited Blade Works] 第一季,1674473
▽^▽,626.799,5,15138834,2025-07-19 15:12:43,2554067,4,战意之所在,Fate/stay night [Unlimited Blade Works] 第一季,1674473
并非底牌,1269.876,1,16777215,2025-07-18 01:10:07,2554067,4,战意之所在,Fate/stay night [Unlimited Blade Works] 第一季,1674473
我去 御坂美琴！,1190.904,5,16777215,2025-07-17 20:04:29,2554067,4,战意之所在,Fate/stay night [Unlimited Blade Works] 第一季,1674473
龙牙：我再也不是镜子中的倒影了，我是……赛Q来打哒！,1178.874,5,16777215,2025-07-17 12:43:12,2554067,4,战意之所在,Fate/stay night [Unlimited Blade Works] 第一季,1674473
《平板电脑》,17.049,5,16777215,2025-07-16 01:13:26,2554067,4,战意之所在,Fate/stay night [Unlimited Blade Works] 第一季,1674473
《底牌》,1267.989,1,16777215,2025-07-15 21:34:41,2554067,4,战意之所在,Fate/stay night [Unlimited Blade Works] 第一季,1674473
一个好消息和一个坏消息，坏消息是我们的底牌漏出来了，好消息底牌有的事,1281.23,1,16777215,2025-07-15 17:03:12,2554067,4,战意之所在,Fate/stay night [Unlimited Blade Works] 第一季,1674473
心头肉,240.616,1,16777215,2025-07-14 17:04:47,2554067,4,战意之所在,Fate/stay night [Unlimited Blade Works] 第一季,1674473
妻管严,270.9,5,16777215,2025-07-12 08:19:05,2554067,4,战意之所在,Fate/stay night [Unlimited Blade Works] 第一季,1674473
哟，你还知道上了？（doge）,978.861,5,15138834,2025-07-11 08:59:51,2554067,4,战意之所在,Fate/stay night [Unlimited Blade Works] 第一季,1674473
真扭曲啊,52.592,1,16777215,2025-07-10 09:51:10,2554067,4,战意之所在,Fate/stay night [Unlimited Blade Works] 第一季,1674473
弓凛99,1410.587,1,16777215,2025-07-10 08:56:03,2554067,4,战意之所在,Fate/stay night [Unlimited Blade Works] 第一季,1674473
樱吃醋了,675.094,5,16777215,2025-07-09 12:07:45,2554067,4,战意之所在,Fate/stay night [Unlimited Blade Works] 第一季,1674473
我亲saber啦！,571.178,5,16777215,2025-07-09 12:04:08,2554067,4,战意之所在,Fate/stay night [Unlimited Blade Works] 第一季,1674473
你说过牵了手就算约定，但亲爱的那并不是爱情,355.054,5,16777215,2025-07-09 11:56:55,2554067,4,战意之所在,Fate/stay night [Unlimited Blade Works] 第一季,1674473
士郎：这个笑容由我来守护,248.936,5,16777215,2025-07-09 11:52:44,2554067,4,战意之所在,Fate/stay night [Unlimited Blade Works] 第一季,1674473
哟！你脸红啦,227.05,5,16777215,2025-07-09 11:50:54,2554067,4,战意之所在,Fate/stay night [Unlimited Blade Works] 第一季,1674473
糟糕的台词,247.111,1,16707842,2025-07-08 22:38:40,2554067,4,战意之所在,Fate/stay night [Unlimited Blade Works] 第一季,1674473
还真给你说对了,978.332,5,16707842,2025-07-08 11:44:23,2554067,4,战意之所在,Fate/stay night [Unlimited Blade Works] 第一季,1674473
红a玩弓弩只是兴趣爱好而已,899.69,5,16707842,2025-07-08 11:42:48,2554067,4,战意之所在,Fate/stay night [Unlimited Blade Works] 第一季,1674473
吃醋的樱,683.442,5,16707842,2025-07-08 11:35:48,2554067,4,战意之所在,Fate/stay night [Unlimited Blade Works] 第一季,1674473
《底牌》,1273.641,5,41194,2025-07-05 20:44:55,2554067,4,战意之所在,Fate/stay night [Unlimited Blade Works] 第一季,1674473
06还和saber比试了,1045.924,5,16777215,2025-07-05 17:33:23,2554067,4,战意之所在,Fate/stay night [Unlimited Blade Works] 第一季,1674473
有一说一剑道服真的帅,893.683,5,16777215,2025-07-05 17:31:46,2554067,4,战意之所在,Fate/stay night [Unlimited Blade Works] 第一季,1674473
瞬间打开门.你好又见面了（核善）,265.944,5,16646914,2025-07-05 14:58:45,2554067,4,战意之所在,Fate/stay night [Unlimited Blade Works] 第一季,1674473
doger吗,1158.704,1,16777215,2025-07-03 16:04:16,2554067,4,战意之所在,Fate/stay night [Unlimited Blade Works] 第一季,1674473
并非底牌,1271.01,1,16777215,2025-07-03 11:26:54,2554067,4,战意之所在,Fate/stay night [Unlimited Blade Works] 第一季,1674473
樱好演技,1012.407,1,16777215,2025-07-02 11:44:17,2554067,4,战意之所在,Fate/stay night [Unlimited Blade Works] 第一季,1674473
约会大作战,367.826,5,16777215,2025-06-29 18:48:26,2554067,4,战意之所在,Fate/stay night [Unlimited Blade Works] 第一季,1674473
食品特写！！！,259.021,5,15138834,2025-06-27 23:00:46,2554067,4,战意之所在,Fate/stay night [Unlimited Blade Works] 第一季,1674473
众所周知......嗯算了说不出来,1268.785,1,16777215,2025-06-26 00:04:32,2554067,4,战意之所在,Fate/stay night [Unlimited Blade Works] 第一季,1674473
哇哇哇，感觉凛是真正能够做到正义伙伴所做的事情啊,1236.937,1,16777215,2025-06-24 10:45:58,2554067,4,战意之所在,Fate/stay night [Unlimited Blade Works] 第一季,1674473
三女一男成就已达成,993.718,1,16707842,2025-06-23 17:59:27,2554067,4,战意之所在,Fate/stay night [Unlimited Blade Works] 第一季,1674473
唔姆唔姆,1080.891,1,16777215,2025-06-22 16:26:25,2554067,4,战意之所在,Fate/stay night [Unlimited Blade Works] 第一季,1674473
问题在于，没人认识那个拿弓的卫宫士郎，知道了也没啥用,410.03,1,16777215,2025-06-19 11:23:17,2554067,4,战意之所在,Fate/stay night [Unlimited Blade Works] 第一季,1674473
《预计今晚气温骤降》,1084.251,5,16777215,2025-06-17 00:00:38,2554067,4,战意之所在,Fate/stay night [Unlimited Blade Works] 第一季,1674473
叫贞德的,530.333,1,16777215,2025-06-16 21:13:10,2554067,4,战意之所在,Fate/stay night [Unlimited Blade Works] 第一季,1674473
底牌＝两个点,1290.759,1,16777215,2025-06-09 18:34:10,2554067,4,战意之所在,Fate/stay night [Unlimited Blade Works] 第一季,1674473
还真是,982.333,1,16777215,2025-05-31 09:21:34,2554067,4,战意之所在,Fate/stay night [Unlimited Blade Works] 第一季,1674473
吾王美如画,712.811,1,16777215,2025-05-30 20:26:50,2554067,4,战意之所在,Fate/stay night [Unlimited Blade Works] 第一季,1674473
《我会杀了他》,1320.307,1,16777215,2025-05-18 11:12:50,2554067,4,战意之所在,Fate/stay night [Unlimited Blade Works] 第一季,1674473
美食特写,843.172,5,16777215,2025-05-12 16:03:56,2554067,4,战意之所在,Fate/stay night [Unlimited Blade Works] 第一季,1674473
最强职阶：writer,437.266,1,16777215,2025-05-09 02:10:48,2554067,4,战意之所在,Fate/stay night [Unlimited Blade Works] 第一季,1674473
苍崎青子直视感,1173.864,1,16777215,2025-05-08 22:30:36,2554067,4,战意之所在,Fate/stay night [Unlimited Blade Works] 第一季,1674473
嘟嘟哒嘟嘟哒,1167.892,1,16777215,2025-05-08 21:07:53,2554067,4,战意之所在,Fate/stay night [Unlimited Blade Works] 第一季,1674473
救命啊！学长被黄毛拐走啦！,685.933,5,16777215,2025-05-08 13:29:17,2554067,4,战意之所在,Fate/stay night [Unlimited Blade Works] 第一季,1674473
金闪闪,433.072,1,16777215,2025-05-06 09:14:43,2554067,4,战意之所在,Fate/stay night [Unlimited Blade Works] 第一季,1674473
WC家被偷了？！,672.195,1,16777215,2025-05-06 00:53:18,2554067,4,战意之所在,Fate/stay night [Unlimited Blade Works] 第一季,1674473
不是，ubw的saber好可爱，06版的saber战斗欲望全都写在脸上了,627.401,1,16777215,2025-04-29 20:30:31,2554067,4,战意之所在,Fate/stay night [Unlimited Blade Works] 第一季,1674473
《父与子《》,356.159,1,16777215,2025-04-25 00:32:39,2554067,4,战意之所在,Fate/stay night [Unlimited Blade Works] 第一季,1674473
saber:不是？两个人同一个姓，咋差距那么大,534.927,5,16707842,2025-04-02 00:20:10,2554067,4,战意之所在,Fate/stay night [Unlimited Blade Works] 第一季,1674473
底牌：指对K,1269.252,5,15138834,2025-03-28 10:40:45,2554067,4,战意之所在,Fate/stay night [Unlimited Blade Works] 第一季,1674473
怎么感觉这玩意跟爽文一样，男主都快死了又不补刀。男主又懦弱的要命。,1204.606,1,16777215,2025-03-23 20:41:01,2554067,4,战意之所在,Fate/stay night [Unlimited Blade Works] 第一季,1674473
樱：卧槽这不是四战的saber嘛,684.656,5,16740868,2025-03-22 01:04:50,2554067,4,战意之所在,Fate/stay night [Unlimited Blade Works] 第一季,1674473
 saber是eater,593.896,5,16707842,2025-03-02 17:53:19,2554067,4,战意之所在,Fate/stay night [Unlimited Blade Works] 第一季,1674473
《为美好世界献上祝福》,1076.652,5,16777215,2025-02-08 17:59:43,2554067,4,战意之所在,Fate/stay night [Unlimited Blade Works] 第一季,1674473
添乱呢,1128.962,1,16777215,2025-02-07 12:28:08,2554067,4,战意之所在,Fate/stay night [Unlimited Blade Works] 第一季,1674473
士郎:开挂,452.918,5,15138834,2025-01-31 22:08:42,2554067,4,战意之所在,Fate/stay night [Unlimited Blade Works] 第一季,1674473
红A：你不会的，我看过剧本,1326.387,1,16777215,2025-01-21 15:12:46,2554067,4,战意之所在,Fate/stay night [Unlimited Blade Works] 第一季,1674473
丸辣！,247.622,1,15138834,2024-12-30 22:58:08,2554067,4,战意之所在,Fate/stay night [Unlimited Blade Works] 第一季,1674473
吃醋了呀，还帮蛋,1092.635,1,16707842,2024-12-19 01:26:32,2554067,4,战意之所在,Fate/stay night [Unlimited Blade Works] 第一季,1674473
很有眼光啊，爱了爱了,723.102,5,16707842,2024-12-17 20:13:05,2554067,4,战意之所在,Fate/stay night [Unlimited Blade Works] 第一季,1674473
卫宫家今天的饭,571.091,1,16777215,2024-12-13 12:17:56,2554067,4,战意之所在,Fate/stay night [Unlimited Blade Works] 第一季,1674473
终究是成了败犬,1055.823,1,16777215,2024-11-28 23:24:11,2554067,4,战意之所在,Fate/stay night [Unlimited Blade Works] 第一季,1674473
后宫士郎,1138.487,1,41194,2024-10-10 18:39:29,2554067,4,战意之所在,Fate/stay night [Unlimited Blade Works] 第一季,1674473
鬼灭霓豆子,586.627,1,16646914,2024-09-13 15:17:23,2554067,4,战意之所在,Fate/stay night [Unlimited Blade Works] 第一季,1674473
士郎：猜我为啥张开手，因为我06被你打怕了,767.133,1,16777215,2024-08-20 00:02:29,2554067,4,战意之所在,Fate/stay night [Unlimited Blade Works] 第一季,1674473
只因你太美（doge,350.441,5,16777215,2024-08-12 01:00:42,2554067,4,战意之所在,Fate/stay night [Unlimited Blade Works] 第一季,1674473
我凛美如画,1324.677,1,15138834,2024-08-11 12:50:00,2554067,4,战意之所在,Fate/stay night [Unlimited Blade Works] 第一季,1674473
士郎的箭术是想中就能中,909.539,1,16777215,2024-08-09 01:48:11,2554067,4,战意之所在,Fate/stay night [Unlimited Blade Works] 第一季,1674473
又想到那两个变态了,1254.177,1,16777215,2024-08-05 17:23:37,2554067,4,战意之所在,Fate/stay night [Unlimited Blade Works] 第一季,1674473
因为是山里人,820.974,5,16777215,2024-07-29 13:19:31,2554067,4,战意之所在,Fate/stay night [Unlimited Blade Works] 第一季,1674473
哈桑：听说教师很强？,830.751,1,16777215,2024-07-25 17:54:55,2554067,4,战意之所在,Fate/stay night [Unlimited Blade Works] 第一季,1674473
老虎一直再给樱打助攻啊,1125.69,5,13369971,2024-07-22 16:35:55,2554067,4,战意之所在,Fate/stay night [Unlimited Blade Works] 第一季,1674473
一只凶猛的saber正在觅食,740.214,1,16707842,2024-07-21 20:11:22,2554067,4,战意之所在,Fate/stay night [Unlimited Blade Works] 第一季,1674473
令人在意啊,684.365,5,16777215,2024-07-20 22:30:07,2554067,4,战意之所在,Fate/stay night [Unlimited Blade Works] 第一季,1674473
是心头肉,246.602,1,16777215,2024-07-03 21:19:55,2554067,4,战意之所在,Fate/stay night [Unlimited Blade Works] 第一季,1674473
红A：敢抢我人头是吧,1319.284,5,16755202,2024-06-22 12:28:23,2554067,4,战意之所在,Fate/stay night [Unlimited Blade Works] 第一季,1674473
死亡如风，常伴吾身,828.145,5,14811775,2024-06-18 20:25:25,2554067,4,战意之所在,Fate/stay night [Unlimited Blade Works] 第一季,1674473
还真是,981.964,1,16777215,2024-06-16 16:47:04,2554067,4,战意之所在,Fate/stay night [Unlimited Blade Works] 第一季,1674473
吃醋了,273.019,1,16777215,2024-06-06 16:28:03,2554067,4,战意之所在,Fate/stay night [Unlimited Blade Works] 第一季,1674473
攻略中！,369.355,5,16646914,2024-06-01 13:36:35,2554067,4,战意之所在,Fate/stay night [Unlimited Blade Works] 第一季,1674473
ew三技能,1192.694,1,16777215,2024-05-28 17:27:19,2554067,4,战意之所在,Fate/stay night [Unlimited Blade Works] 第一季,1674473
圣杯这种自动赋予现代全套知识的 不用来义务教育太浪费了,669.802,5,16777215,2024-05-25 20:35:11,2554067,4,战意之所在,Fate/stay night [Unlimited Blade Works] 第一季,1674473
日在圣杯,1021.42,5,16777215,2024-05-16 20:47:37,2554067,4,战意之所在,Fate/stay night [Unlimited Blade Works] 第一季,1674473
sakura酱の走姿,1002.34,5,16777215,2024-05-16 20:46:27,2554067,4,战意之所在,Fate/stay night [Unlimited Blade Works] 第一季,1674473
呆毛の奇妙冒险,741.97,5,16777215,2024-05-16 19:20:46,2554067,4,战意之所在,Fate/stay night [Unlimited Blade Works] 第一季,1674473
莫西莫西,595.858,5,16777215,2024-05-16 19:17:32,2554067,4,战意之所在,Fate/stay night [Unlimited Blade Works] 第一季,1674473
补魔,595.858,5,16777215,2024-05-16 19:17:21,2554067,4,战意之所在,Fate/stay night [Unlimited Blade Works] 第一季,1674473
金皮卡，红a都不是弓宝具（,472.338,5,16777215,2024-05-16 19:14:49,2554067,4,战意之所在,Fate/stay night [Unlimited Blade Works] 第一季,1674473
你给路达哟！！！,460.967,5,16777215,2024-05-16 19:13:36,2554067,4,战意之所在,Fate/stay night [Unlimited Blade Works] 第一季,1674473
lover（爱の战士）赛高哒！（,424.188,5,16777215,2024-05-16 19:12:06,2554067,4,战意之所在,Fate/stay night [Unlimited Blade Works] 第一季,1674473
王の乖巧,303.89,5,16777215,2024-05-16 19:07:42,2554067,4,战意之所在,Fate/stay night [Unlimited Blade Works] 第一季,1674473
哦 摩 西 罗 伊,250.834,5,16777215,2024-05-16 19:04:45,2554067,4,战意之所在,Fate/stay night [Unlimited Blade Works] 第一季,1674473
和善の笑,248.359,5,16777215,2024-05-16 19:04:22,2554067,4,战意之所在,Fate/stay night [Unlimited Blade Works] 第一季,1674473
哦摩西罗伊哦摩西罗伊,204.668,5,16777215,2024-05-16 19:03:06,2554067,4,战意之所在,Fate/stay night [Unlimited Blade Works] 第一季,1674473
呆毛应该是会用筷子的，因为筷子的使用率很高，应该会被圣杯教育使用,1111.966,5,41194,2024-04-14 12:46:55,2554067,4,战意之所在,Fate/stay night [Unlimited Blade Works] 第一季,1674473
自己的醋都吃是吧,274.337,1,16777215,2024-03-29 21:45:48,2554067,4,战意之所在,Fate/stay night [Unlimited Blade Works] 第一季,1674473
好露骨！！,1179.535,1,16777215,2024-02-25 14:05:38,2554067,4,战意之所在,Fate/stay night [Unlimited Blade Works] 第一季,1674473
哈哈哈哈哈真·露骨,1160.33,5,16707842,2024-02-19 20:16:32,2554067,4,战意之所在,Fate/stay night [Unlimited Blade Works] 第一季,1674473
迫不及待,1130.516,1,6830715,2024-02-11 22:03:52,2554067,4,战意之所在,Fate/stay night [Unlimited Blade Works] 第一季,1674473
装满了是吧,277.9,5,16707842,2024-02-11 18:40:29,2554067,4,战意之所在,Fate/stay night [Unlimited Blade Works] 第一季,1674473
吾王不能灵体化呀,1012.949,1,16777215,2024-02-07 21:11:31,2554067,4,战意之所在,Fate/stay night [Unlimited Blade Works] 第一季,1674473
炽天覆七重圆环，射杀百头（伪），无限剑制：你继续说,1269.964,5,16646914,2023-12-28 22:16:35,2554067,4,战意之所在,Fate/stay night [Unlimited Blade Works] 第一季,1674473
开始说母语了（doge,424.593,1,16707842,2023-12-23 21:14:00,2554067,4,战意之所在,Fate/stay night [Unlimited Blade Works] 第一季,1674473
飞机场,56.7,1,16777215,2023-11-01 17:39:40,2554067,4,战意之所在,Fate/stay night [Unlimited Blade Works] 第一季,1674473
红A：除了手里拿的普攻剩下的牌全在地底,1298.82,1,16777215,2023-10-21 14:59:54,2554067,4,战意之所在,Fate/stay night [Unlimited Blade Works] 第一季,1674473
估计见了面也不一定会打起来,271.527,1,16777215,2023-10-14 22:37:24,2554067,4,战意之所在,Fate/stay night [Unlimited Blade Works] 第一季,1674473
快用令咒叫回来,734.9,1,16777215,2023-10-10 11:57:00,2554067,4,战意之所在,Fate/stay night [Unlimited Blade Works] 第一季,1674473
樱听到saber不应该吃醋吧，她是知道圣杯战争的,1063.805,5,16646914,2023-10-09 13:49:07,2554067,4,战意之所在,Fate/stay night [Unlimited Blade Works] 第一季,1674473
好的，阿尔托莉雅·潘德拉贡，大不列颠的骑士王,530.64,5,16646914,2023-10-09 13:38:07,2554067,4,战意之所在,Fate/stay night [Unlimited Blade Works] 第一季,1674473
下次见面大家就是一家人啦,262.951,5,14811775,2023-10-04 03:29:09,2554067,4,战意之所在,Fate/stay night [Unlimited Blade Works] 第一季,1674473
前方经典报菜名,421.223,5,16777215,2023-09-30 21:59:48,2554067,4,战意之所在,Fate/stay night [Unlimited Blade Works] 第一季,1674473
saber只有樱的二分之一,1056.0,1,16777215,2023-09-29 17:40:08,2554067,4,战意之所在,Fate/stay night [Unlimited Blade Works] 第一季,1674473
阿离,173.0,1,16777215,2023-09-29 00:39:09,2554067,4,战意之所在,Fate/stay night [Unlimited Blade Works] 第一季,1674473
你也不知道什么是愉悦么,953.17,1,16777215,2023-08-24 21:43:59,2554067,4,战意之所在,Fate/stay night [Unlimited Blade Works] 第一季,1674473
红a醋了,274.914,1,16777215,2023-08-23 12:23:26,2554067,4,战意之所在,Fate/stay night [Unlimited Blade Works] 第一季,1674473
肾悲战争,1140.73,1,16777215,2023-08-20 08:50:01,2554067,4,战意之所在,Fate/stay night [Unlimited Blade Works] 第一季,1674473
台钳,840.83,5,15138834,2023-08-19 15:24:07,2554067,4,战意之所在,Fate/stay night [Unlimited Blade Works] 第一季,1674473
想刀一个人的眼神是藏不住的,255.475,1,16777215,2023-08-14 20:48:19,2554067,4,战意之所在,Fate/stay night [Unlimited Blade Works] 第一季,1674473
你别说，你还真别说,1325.58,5,16777215,2023-08-12 17:11:30,2554067,4,战意之所在,Fate/stay night [Unlimited Blade Works] 第一季,1674473
众所周知，圣......算了,1194.655,5,16646914,2023-08-07 22:08:36,2554067,4,战意之所在,Fate/stay night [Unlimited Blade Works] 第一季,1674473
这孩子叫「军刀」,1012.595,5,16707842,2023-08-05 14:36:16,2554067,4,战意之所在,Fate/stay night [Unlimited Blade Works] 第一季,1674473
我是盲人，请问这是后宫番吗？,994.072,5,4351678,2023-08-02 19:58:06,2554067,4,战意之所在,Fate/stay night [Unlimited Blade Works] 第一季,1674473
卫宫家的饭,577.021,5,15138834,2023-07-30 20:29:25,2554067,4,战意之所在,Fate/stay night [Unlimited Blade Works] 第一季,1674473
内个er,428.623,1,16777215,2023-07-28 00:42:19,2554067,4,战意之所在,Fate/stay night [Unlimited Blade Works] 第一季,1674473
明白了阿尔托莉亚·潘德拉贡,532.521,5,16707842,2023-07-19 04:17:28,2554067,4,战意之所在,Fate/stay night [Unlimited Blade Works] 第一季,1674473
樱:还有这好事,1136.346,1,16777215,2023-07-16 12:23:13,2554067,4,战意之所在,Fate/stay night [Unlimited Blade Works] 第一季,1674473
没档刀就不错了,344.3,1,16777215,2023-07-10 18:05:17,2554067,4,战意之所在,Fate/stay night [Unlimited Blade Works] 第一季,1674473
心疼樱,1048.871,5,16777215,2023-07-08 07:23:40,2554067,4,战意之所在,Fate/stay night [Unlimited Blade Works] 第一季,1674473
专武吗,473.221,1,16777215,2023-07-05 21:44:58,2554067,4,战意之所在,Fate/stay night [Unlimited Blade Works] 第一季,1674473
？真是怠惰啊,1211.026,1,16777215,2023-07-05 18:44:24,2554067,4,战意之所在,Fate/stay night [Unlimited Blade Works] 第一季,1674473
车力？,1192.7,1,16777215,2023-07-02 13:58:48,2554067,4,战意之所在,Fate/stay night [Unlimited Blade Works] 第一季,1674473
对对对，超级大美人,723.783,5,16777215,2023-07-01 13:39:59,2554067,4,战意之所在,Fate/stay night [Unlimited Blade Works] 第一季,1674473
隐藏副本柳洞寺----白夜,1231.349,1,16777215,2023-06-11 00:53:04,2554067,4,战意之所在,Fate/stay night [Unlimited Blade Works] 第一季,1674473
肾悲战争,1140.233,1,16777215,2023-06-10 03:59:10,2554067,4,战意之所在,Fate/stay night [Unlimited Blade Works] 第一季,1674473
UBW,168.444,1,16777215,2023-06-06 11:54:35,2554067,4,战意之所在,Fate/stay night [Unlimited Blade Works] 第一季,1674473
平a也算底牌？,1269.299,1,16777215,2023-05-29 19:19:58,2554067,4,战意之所在,Fate/stay night [Unlimited Blade Works] 第一季,1674473
红A现在不想暴露自己其实是个魔法师,1289.747,5,16646914,2023-05-28 03:57:59,2554067,4,战意之所在,Fate/stay night [Unlimited Blade Works] 第一季,1674473
心脏萨斯给!,363.714,5,16777215,2023-05-27 16:57:11,2554067,4,战意之所在,Fate/stay night [Unlimited Blade Works] 第一季,1674473
麻婆送的，凛不喜欢，麻婆故意让看凛困扰的样子来偷税,552.526,1,16777215,2023-05-12 20:29:03,2554067,4,战意之所在,Fate/stay night [Unlimited Blade Works] 第一季,1674473
486：哦？你也闻到体香了？,1218.827,1,16777215,2023-05-10 19:11:48,2554067,4,战意之所在,Fate/stay night [Unlimited Blade Works] 第一季,1674473
修 罗 场,1100.603,5,16777215,2023-03-26 11:58:10,2554067,4,战意之所在,Fate/stay night [Unlimited Blade Works] 第一季,1674473
本集式姐友情客串（大雾）,6.311,1,16777215,2023-03-24 22:52:16,2554067,4,战意之所在,Fate/stay night [Unlimited Blade Works] 第一季,1674473
原来带罩罩了，我就说嘛，怎么可能比我大,1048.487,5,16777215,2023-02-26 19:06:57,2554067,4,战意之所在,Fate/stay night [Unlimited Blade Works] 第一季,1674473
冬木特产：瓦斯,569.365,1,16777215,2023-02-20 22:08:42,2554067,4,战意之所在,Fate/stay night [Unlimited Blade Works] 第一季,1674473
概念摘出：卡姆兰之战,163.639,1,16777215,2023-02-20 21:31:48,2554067,4,战意之所在,Fate/stay night [Unlimited Blade Works] 第一季,1674473
小点声喊出来不就行了吗(doge,495.067,5,41194,2023-02-04 23:02:35,2554067,4,战意之所在,Fate/stay night [Unlimited Blade Works] 第一季,1674473
还真是,980.477,1,16777215,2023-01-26 18:51:52,2554067,4,战意之所在,Fate/stay night [Unlimited Blade Works] 第一季,1674473
大帝表示很服,386.307,5,15138834,2023-01-16 08:19:37,2554067,4,战意之所在,Fate/stay night [Unlimited Blade Works] 第一季,1674473
下一次见面我就把他杀了。,266.239,5,16777215,2023-01-15 23:38:17,2554067,4,战意之所在,Fate/stay night [Unlimited Blade Works] 第一季,1674473
清洁大妈：6,1193.046,1,15138834,2023-01-13 22:51:01,2554067,4,战意之所在,Fate/stay night [Unlimited Blade Works] 第一季,1674473
还真是,977.833,1,16777215,2023-01-09 14:57:29,2554067,4,战意之所在,Fate/stay night [Unlimited Blade Works] 第一季,1674473
樱最怕士郎死,1040.134,1,16777215,2023-01-08 05:24:12,2554067,4,战意之所在,Fate/stay night [Unlimited Blade Works] 第一季,1674473
能不能让Archer进弓道部啊[滑稽],875.41,5,15138834,2023-01-07 21:59:36,2554067,4,战意之所在,Fate/stay night [Unlimited Blade Works] 第一季,1674473
宵宫,191.706,5,16740868,2023-01-06 08:53:39,2554067,4,战意之所在,Fate/stay night [Unlimited Blade Works] 第一季,1674473
大帝离开第十年，想他,390.821,1,16707842,2023-01-03 20:50:56,2554067,4,战意之所在,Fate/stay night [Unlimited Blade Works] 第一季,1674473
修罗场就此展开,1132.959,1,16777215,2023-01-03 14:06:27,2554067,4,战意之所在,Fate/stay night [Unlimited Blade Works] 第一季,1674473
傲傲傲傲傲傲傲傲傲傲傲傲傲娇,231.712,1,16777215,2023-01-01 22:07:11,2554067,4,战意之所在,Fate/stay night [Unlimited Blade Works] 第一季,1674473
接下来播出的是《卫工家今天的饭》,542.468,1,16777215,2022-12-29 10:58:52,2554067,4,战意之所在,Fate/stay night [Unlimited Blade Works] 第一季,1674473
风岩雷火水草冰,415.505,1,16777215,2022-12-11 19:16:10,2554067,4,战意之所在,Fate/stay night [Unlimited Blade Works] 第一季,1674473
好家伙从不用弓的家伙说这是自己底牌,1267.215,1,16777215,2022-11-16 02:50:23,2554067,4,战意之所在,Fate/stay night [Unlimited Blade Works] 第一季,1674473
红A开始怀疑凛的可靠性了,1296.515,1,16777215,2022-11-06 21:53:42,2554067,4,战意之所在,Fate/stay night [Unlimited Blade Works] 第一季,1674473
嘿嘿，你现在变成女生了哟,182.164,1,16777215,2022-10-27 17:56:05,2554067,4,战意之所在,Fate/stay night [Unlimited Blade Works] 第一季,1674473
凛：我在塔塔开你在开后宫？,1152.939,5,15138834,2022-10-11 11:13:03,2554067,4,战意之所在,Fate/stay night [Unlimited Blade Works] 第一季,1674473
超级大美人,729.561,5,16707842,2022-10-05 10:19:15,2554067,4,战意之所在,Fate/stay night [Unlimited Blade Works] 第一季,1674473
樱黑化+5%,1058.56,1,16777215,2022-09-29 19:33:44,2554067,4,战意之所在,Fate/stay night [Unlimited Blade Works] 第一季,1674473
四个人，可以打麻将了,1070.65,5,16776960,2022-09-27 22:25:36,2554067,4,战意之所在,Fate/stay night [Unlimited Blade Works] 第一季,1674473
精准踩雷,249.074,5,16776960,2022-09-27 22:09:02,2554067,4,战意之所在,Fate/stay night [Unlimited Blade Works] 第一季,1674473
超级安静,1090.97,1,6697881,2014-11-02 02:02:09,2554067,4,战意之所在,Fate/stay night [Unlimited Blade Works] 第一季,1674473
233333333,653.604,1,16777215,2014-11-02 02:02:08,2554067,4,战意之所在,Fate/stay night [Unlimited Blade Works] 第一季,1674473
远方亲戚,725.377,1,16777215,2014-11-02 01:01:22,2554067,4,战意之所在,Fate/stay night [Unlimited Blade Works] 第一季,1674473
呆毛~,392.473,1,16777215,2014-11-02 00:12:45,2554067,4,战意之所在,Fate/stay night [Unlimited Blade Works] 第一季,1674473
23333,254.639,1,3342540,2014-11-02 00:12:40,2554067,4,战意之所在,Fate/stay night [Unlimited Blade Works] 第一季,1674473
233,48.0,1,16777215,2014-11-02 00:12:36,2554067,4,战意之所在,Fate/stay night [Unlimited Blade Works] 第一季,1674473
蜜汁脸红,234.484,1,16777215,2014-11-02 00:12:36,2554067,4,战意之所在,Fate/stay night [Unlimited Blade Works] 第一季,1674473
可爱呢,27.118,1,16777215,2014-11-02 00:12:35,2554067,4,战意之所在,Fate/stay night [Unlimited Blade Works] 第一季,1674473
死傲娇,240.198,1,16777215,2014-11-02 00:12:34,2554067,4,战意之所在,Fate/stay night [Unlimited Blade Works] 第一季,1674473
不跳OP我自豪~！,96.043,1,13311,2014-11-02 00:12:33,2554067,4,战意之所在,Fate/stay night [Unlimited Blade Works] 第一季,1674473
樱：看来着不是我的线,1050.846,1,16777215,2026-04-13 22:12:31,2554067,4,战意之所在,Fate/stay night [Unlimited Blade Works] 第一季,1674473
我杀我自己,1322.677,5,16777215,2026-04-13 10:28:47,2554067,4,战意之所在,Fate/stay night [Unlimited Blade Works] 第一季,1674473
你好卫宫士郎,1275.589,1,16777215,2026-04-13 10:23:33,2554067,4,战意之所在,Fate/stay night [Unlimited Blade Works] 第一季,1674473
明白，阿尔托莉雅,532.591,1,16777215,2026-04-13 10:16:40,2554067,4,战意之所在,Fate/stay night [Unlimited Blade Works] 第一季,1674473
并非底牌,1267.95,1,16777215,2026-04-13 03:39:28,2554067,4,战意之所在,Fate/stay night [Unlimited Blade Works] 第一季,1674473
还真是哈哈哈哈哈,977.871,1,16777215,2026-04-13 03:34:07,2554067,4,战意之所在,Fate/stay night [Unlimited Blade Works] 第一季,1674473
还真是,980.718,1,16777215,2026-04-12 13:01:24,2554067,4,战意之所在,Fate/stay night [Unlimited Blade Works] 第一季,1674473
这里好像式姐,920.255,1,16777215,2026-04-12 03:13:38,2554067,4,战意之所在,Fate/stay night [Unlimited Blade Works] 第一季,1674473
赶紧补魔啊,312.164,1,16777215,2026-04-11 23:23:11,2554067,4,战意之所在,Fate/stay night [Unlimited Blade Works] 第一季,1674473
樱：晴天霹雳,1003.536,1,16777215,2026-04-11 15:59:46,2554067,4,战意之所在,Fate/stay night [Unlimited Blade Works] 第一季,1674473
我就两天没回家你带了个女人过来,689.235,1,16777215,2026-04-11 15:54:32,2554067,4,战意之所在,Fate/stay night [Unlimited Blade Works] 第一季,1674473
食物特写,257.747,1,16777215,2026-04-11 15:47:18,2554067,4,战意之所在,Fate/stay night [Unlimited Blade Works] 第一季,1674473
你的底牌多的都成啥了,1275.413,1,41194,2026-04-07 00:41:46,2554067,4,战意之所在,Fate/stay night [Unlimited Blade Works] 第一季,1674473
那是因为有你的阿瓦隆啊,333.581,1,16777215,2026-04-07 00:31:23,2554067,4,战意之所在,Fate/stay night [Unlimited Blade Works] 第一季,1674473
底牌没了，但还有杀招，大招，必杀技，终结技，Q键,1280.658,5,16777215,2026-04-06 17:14:12,2554067,4,战意之所在,Fate/stay night [Unlimited Blade Works] 第一季,1674473
就是战平啊，当时已经打掉一条命了，06版红A一个人打了5条命,1265.407,1,16777215,2026-04-05 22:21:58,2554067,4,战意之所在,Fate/stay night [Unlimited Blade Works] 第一季,1674473
fst还没看呢.......,388.128,1,16777215,2026-04-05 20:45:42,2554067,4,战意之所在,Fate/stay night [Unlimited Blade Works] 第一季,1674473
好呆的樱,673.089,1,16777215,2026-04-05 01:22:25,2554067,4,战意之所在,Fate/stay night [Unlimited Blade Works] 第一季,1674473
别逗黑呆笑了,36.773,1,16777215,2026-04-04 19:52:46,2554067,4,战意之所在,Fate/stay night [Unlimited Blade Works] 第一季,1674473
呆毛好乖,1052.762,1,16777215,2026-04-04 18:57:53,2554067,4,战意之所在,Fate/stay night [Unlimited Blade Works] 第一季,1674473
我自动挡呢,1337.204,5,16707842,2026-04-04 12:54:43,2554067,4,战意之所在,Fate/stay night [Unlimited Blade Works] 第一季,1674473
teacher！,736.702,1,15138834,2026-04-03 19:12:10,2554067,4,战意之所在,Fate/stay night [Unlimited Blade Works] 第一季,1674473
这孩是我女朋友,781.342,1,16777215,2026-04-03 12:20:40,2554067,4,战意之所在,Fate/stay night [Unlimited Blade Works] 第一季,1674473
R姐,1435.124,1,14811775,2026-04-03 01:46:52,2554067,4,战意之所在,Fate/stay night [Unlimited Blade Works] 第一季,1674473
小莫:爹你怎么被攻略了，不对啊？,365.399,1,16777215,2026-04-01 20:33:01,2554067,4,战意之所在,Fate/stay night [Unlimited Blade Works] 第一季,1674473
我靠有瓜,979.868,1,16777215,2026-04-01 19:09:02,2554067,4,战意之所在,Fate/stay night [Unlimited Blade Works] 第一季,1674473
摄神取念,525.928,1,16777215,2026-04-01 12:27:34,2554067,4,战意之所在,Fate/stay night [Unlimited Blade Works] 第一季,1674473
安心在哪？,837.831,1,16777215,2026-03-30 22:45:24,2554067,4,战意之所在,Fate/stay night [Unlimited Blade Works] 第一季,1674473
我不回安定区了,879.329,5,15138834,2026-03-30 17:55:58,2554067,4,战意之所在,Fate/stay night [Unlimited Blade Works] 第一季,1674473
人呢,1149.172,1,16777215,2026-03-30 16:20:41,2554067,4,战意之所在,Fate/stay night [Unlimited Blade Works] 第一季,1674473
樱：我服了,1006.174,1,16777215,2026-03-29 20:25:57,2554067,4,战意之所在,Fate/stay night [Unlimited Blade Works] 第一季,1674473
圣杯战争其实就是一个巨大的瓦斯泄漏,586.501,1,14811775,2026-03-29 20:25:42,2554067,4,战意之所在,Fate/stay night [Unlimited Blade Works] 第一季,1674473
player,464.36,1,16777215,2026-03-29 18:00:23,2554067,4,战意之所在,Fate/stay night [Unlimited Blade Works] 第一季,1674473
记住这句话，后面要考,1319.51,1,16777215,2026-03-29 15:22:07,2554067,4,战意之所在,Fate/stay night [Unlimited Blade Works] 第一季,1674473
此事是爽也,1138.15,1,16777215,2026-03-29 15:18:10,2554067,4,战意之所在,Fate/stay night [Unlimited Blade Works] 第一季,1674473
Teacher,428.266,1,16777215,2026-03-29 15:06:55,2554067,4,战意之所在,Fate/stay night [Unlimited Blade Works] 第一季,1674473
零六版那个上去送外卖太傻了，还是这里剧情设定的好一些,202.263,1,16777215,2026-03-29 15:03:31,2554067,4,战意之所在,Fate/stay night [Unlimited Blade Works] 第一季,1674473
这学校怎么啥都有,815.412,1,16777215,2026-03-29 12:55:05,2554067,4,战意之所在,Fate/stay night [Unlimited Blade Works] 第一季,1674473
日に日に。、、,829.112,1,16777215,2026-03-28 17:19:41,2554067,4,战意之所在,Fate/stay night [Unlimited Blade Works] 第一季,1674473
自带无我,903.31,1,16777215,2026-03-27 22:34:55,2554067,4,战意之所在,Fate/stay night [Unlimited Blade Works] 第一季,1674473
这里樱是看到saber了,682.921,1,16777215,2026-03-27 22:09:45,2554067,4,战意之所在,Fate/stay night [Unlimited Blade Works] 第一季,1674473
吾王美如画,322.023,1,16777215,2026-03-27 22:03:09,2554067,4,战意之所在,Fate/stay night [Unlimited Blade Works] 第一季,1674473
还真是,981.045,1,16777215,2026-03-26 17:08:44,2554067,4,战意之所在,Fate/stay night [Unlimited Blade Works] 第一季,1674473
底牌在哪,1268.545,1,16777215,2026-03-26 11:08:05,2554067,4,战意之所在,Fate/stay night [Unlimited Blade Works] 第一季,1674473
确定用这个称呼？万一说漏嘴，不是泄露魔术师情报吗,1013.326,1,16777215,2026-03-26 09:39:30,2554067,4,战意之所在,Fate/stay night [Unlimited Blade Works] 第一季,1674473
好吧，我前面以为saber是王者之类的意思,426.623,1,16777215,2026-03-25 13:39:07,2554067,4,战意之所在,Fate/stay night [Unlimited Blade Works] 第一季,1674473
2333,239.314,1,16777215,2026-03-25 08:54:31,2554067,4,战意之所在,Fate/stay night [Unlimited Blade Works] 第一季,1674473
后宫团,1028.236,1,16777215,2026-03-24 14:49:48,2554067,4,战意之所在,Fate/stay night [Unlimited Blade Works] 第一季,1674473
呱！是龙牙！刷材料啦！,1182.569,1,15138834,2026-03-23 01:41:12,2554067,4,战意之所在,Fate/stay night [Unlimited Blade Works] 第一季,1674473
哈哈哈哈哈哈哈,683.699,1,16777215,2026-03-22 10:52:19,2554067,4,战意之所在,Fate/stay night [Unlimited Blade Works] 第一季,1674473
还真是,986.814,1,16777215,2026-03-20 07:14:40,2554067,4,战意之所在,Fate/stay night [Unlimited Blade Works] 第一季,1674473
误打正着,978.166,1,16777215,2026-03-20 01:31:23,2554067,4,战意之所在,Fate/stay night [Unlimited Blade Works] 第一季,1674473
还真是,979.421,1,16777215,2026-03-19 20:46:52,2554067,4,战意之所在,Fate/stay night [Unlimited Blade Works] 第一季,1674473
除了吃，就是睡，没别的。,591.93,1,16777215,2026-03-19 01:08:10,2554067,4,战意之所在,Fate/stay night [Unlimited Blade Works] 第一季,1674473
橙子的魔术诶,1176.301,1,16777215,2026-03-18 12:33:15,2554067,4,战意之所在,Fate/stay night [Unlimited Blade Works] 第一季,1674473
谁做的呢，好难猜啊,1182.634,1,16777215,2026-03-17 22:21:47,2554067,4,战意之所在,Fate/stay night [Unlimited Blade Works] 第一季,1674473
樱应该知道sebar这个称呼意味着什么吧,1012.733,1,16777215,2026-03-17 22:19:18,2554067,4,战意之所在,Fate/stay night [Unlimited Blade Works] 第一季,1674473
确实是,981.634,1,16777215,2026-03-17 22:18:14,2554067,4,战意之所在,Fate/stay night [Unlimited Blade Works] 第一季,1674473
到现在还有裁定者，复仇者，月癌，别人格，降临者，身披角色者，兽,436.996,1,16777215,2026-03-17 22:12:14,2554067,4,战意之所在,Fate/stay night [Unlimited Blade Works] 第一季,1674473
就那破伪螺旋也算底牌吗？神秘剑制男,1320.516,1,16777215,2026-03-17 20:49:17,2554067,4,战意之所在,Fate/stay night [Unlimited Blade Works] 第一季,1674473
大妹子，你这洞察力，是不是直死魔眼顶号了,936.335,1,16777215,2026-03-17 20:42:11,2554067,4,战意之所在,Fate/stay night [Unlimited Blade Works] 第一季,1674473
来比比和红a谁箭术更准,914.984,1,16777215,2026-03-17 20:41:14,2554067,4,战意之所在,Fate/stay night [Unlimited Blade Works] 第一季,1674473
想到了志贵带公主逛学校,875.225,1,16777215,2026-03-17 20:40:34,2554067,4,战意之所在,Fate/stay night [Unlimited Blade Works] 第一季,1674473
治愈是凛项链的作用吗,337.558,1,16777215,2026-03-17 17:17:53,2554067,4,战意之所在,Fate/stay night [Unlimited Blade Works] 第一季,1674473
不是？这啥玩意啊,177.302,1,16777215,2026-03-17 17:14:54,2554067,4,战意之所在,Fate/stay night [Unlimited Blade Works] 第一季,1674473
0.,0.0,1,16777215,2026-03-16 23:54:43,2554067,4,战意之所在,Fate/stay night [Unlimited Blade Works] 第一季,1674473
呆毛发呆中,1025.336,1,16777215,2026-03-16 22:37:17,2554067,4,战意之所在,Fate/stay night [Unlimited Blade Works] 第一季,1674473
红A转世,908.326,1,16777215,2026-03-15 19:37:19,2554067,4,战意之所在,Fate/stay night [Unlimited Blade Works] 第一季,1674473
xd,275.795,1,16777215,2026-03-14 21:44:48,2554067,4,战意之所在,Fate/stay night [Unlimited Blade Works] 第一季,1674473
hello,201.322,1,16777215,2026-03-14 21:43:31,2554067,4,战意之所在,Fate/stay night [Unlimited Blade Works] 第一季,1674473
saber说是,1003.094,1,16777215,2026-03-14 18:30:24,2554067,4,战意之所在,Fate/stay night [Unlimited Blade Works] 第一季,1674473
还真是,979.545,1,16777215,2026-03-14 18:29:33,2554067,4,战意之所在,Fate/stay night [Unlimited Blade Works] 第一季,1674473
从者降临的时候会自动接收这个时代的信息的,325.97,1,16777215,2026-03-12 19:13:04,2554067,4,战意之所在,Fate/stay night [Unlimited Blade Works] 第一季,1674473
这是后宫番吗,1131.424,1,16777215,2026-03-11 22:18:46,2554067,4,战意之所在,Fate/stay night [Unlimited Blade Works] 第一季,1674473
还真是,977.002,1,16777215,2026-03-09 21:45:36,2554067,4,战意之所在,Fate/stay night [Unlimited Blade Works] 第一季,1674473
最强职阶：techer,414.695,1,16777215,2026-03-07 18:45:20,2554067,4,战意之所在,Fate/stay night [Unlimited Blade Works] 第一季,1674473
无情的人形自走炮,1206.074,1,16777215,2026-03-07 00:19:48,2554067,4,战意之所在,Fate/stay night [Unlimited Blade Works] 第一季,1674473
Saber和相良宗介应该是知音,830.344,1,16777215,2026-03-07 00:13:14,2554067,4,战意之所在,Fate/stay night [Unlimited Blade Works] 第一季,1674473
饿啊,1067.039,1,16777215,2026-03-06 22:11:37,2554067,4,战意之所在,Fate/stay night [Unlimited Blade Works] 第一季,1674473
然而...,1325.415,5,15138834,2026-03-06 21:16:19,2554067,4,战意之所在,Fate/stay night [Unlimited Blade Works] 第一季,1674473
saber感觉不到樱有魔力吗,1055.228,1,16777215,2026-03-05 14:39:51,2554067,4,战意之所在,Fate/stay night [Unlimited Blade Works] 第一季,1674473
太飒爽了 凛,1323.11,1,16777215,2026-03-04 23:13:47,2554067,4,战意之所在,Fate/stay night [Unlimited Blade Works] 第一季,1674473
啊！他的意思是之前的打斗打草惊蛇了,1262.544,1,16777215,2026-03-04 23:12:44,2554067,4,战意之所在,Fate/stay night [Unlimited Blade Works] 第一季,1674473
太尴尬了 这什么鬼？,1128.584,1,16777215,2026-03-04 23:10:18,2554067,4,战意之所在,Fate/stay night [Unlimited Blade Works] 第一季,1674473
樱：你在外面带女人回家 还想找我帮忙？,1092.302,1,16777215,2026-03-04 23:09:35,2554067,4,战意之所在,Fate/stay night [Unlimited Blade Works] 第一季,1674473
我要笑死了,1007.909,1,16777215,2026-03-04 23:07:23,2554067,4,战意之所在,Fate/stay night [Unlimited Blade Works] 第一季,1674473
红毛体育生,919.167,1,16777215,2026-03-04 23:06:35,2554067,4,战意之所在,Fate/stay night [Unlimited Blade Works] 第一季,1674473
我就知道,794.641,1,16777215,2026-03-04 23:04:42,2554067,4,战意之所在,Fate/stay night [Unlimited Blade Works] 第一季,1674473
我人都傻了.......,786.376,1,16777215,2026-03-04 23:04:29,2554067,4,战意之所在,Fate/stay night [Unlimited Blade Works] 第一季,1674473
这是魔法师?,753.109,1,16777215,2026-03-04 23:03:29,2554067,4,战意之所在,Fate/stay night [Unlimited Blade Works] 第一季,1674473
明确的特写,573.0,1,16777215,2026-03-04 23:00:25,2554067,4,战意之所在,Fate/stay night [Unlimited Blade Works] 第一季,1674473
saber：这老板太好说话了,532.916,1,16777215,2026-03-04 22:59:25,2554067,4,战意之所在,Fate/stay night [Unlimited Blade Works] 第一季,1674473
其实还有一个avenger,438.94,1,16777215,2026-03-04 20:54:36,2554067,4,战意之所在,Fate/stay night [Unlimited Blade Works] 第一季,1674473
省电模式,303.458,1,16777215,2026-03-04 20:22:28,2554067,4,战意之所在,Fate/stay night [Unlimited Blade Works] 第一季,1674473
还真是 卫宫家祖传英灵呆毛王,986.543,5,16777215,2026-03-04 13:54:26,2554067,4,战意之所在,Fate/stay night [Unlimited Blade Works] 第一季,1674473
樱の痛,882.972,1,38979,2026-03-04 08:39:33,2554067,4,战意之所在,Fate/stay night [Unlimited Blade Works] 第一季,1674473
樱の痛,685.495,1,38979,2026-03-04 08:35:37,2554067,4,战意之所在,Fate/stay night [Unlimited Blade Works] 第一季,1674473
美食特写,258.526,1,16777215,2026-03-04 03:36:49,2554067,4,战意之所在,Fate/stay night [Unlimited Blade Works] 第一季,1674473
0.+,1106.945,1,16777215,2026-03-03 15:49:40,2554067,4,战意之所在,Fate/stay night [Unlimited Blade Works] 第一季,1674473
好腰,1239.47,1,16777215,2026-03-03 03:02:09,2554067,4,战意之所在,Fate/stay night [Unlimited Blade Works] 第一季,1674473
《战意之所在》,1080.747,1,16777215,2026-03-03 02:59:56,2554067,4,战意之所在,Fate/stay night [Unlimited Blade Works] 第一季,1674473
吃醋了,691.133,1,38979,2026-03-02 18:22:06,2554067,4,战意之所在,Fate/stay night [Unlimited Blade Works] 第一季,1674473
事已至此，先吃饭吧,540.973,1,41194,2026-03-02 18:19:22,2554067,4,战意之所在,Fate/stay night [Unlimited Blade Works] 第一季,1674473
为什么没有理解成他爸的女人？,1000.865,1,16646914,2026-03-01 21:30:58,2554067,4,战意之所在,Fate/stay night [Unlimited Blade Works] 第一季,1674473
手段了得,304.439,5,16707842,2026-02-28 21:27:32,2554067,4,战意之所在,Fate/stay night [Unlimited Blade Works] 第一季,1674473
巧了,979.382,1,16777215,2026-02-28 11:05:14,2554067,4,战意之所在,Fate/stay night [Unlimited Blade Works] 第一季,1674473
还真是,989.608,1,16777215,2026-02-27 02:23:33,2554067,4,战意之所在,Fate/stay night [Unlimited Blade Works] 第一季,1674473
那还说对了,984.718,1,16777215,2026-02-26 21:03:24,2554067,4,战意之所在,Fate/stay night [Unlimited Blade Works] 第一季,1674473
众爱卿为何不言,1089.337,1,16777215,2026-02-26 19:09:57,2554067,4,战意之所在,Fate/stay night [Unlimited Blade Works] 第一季,1674473
可以,775.891,1,16777215,2026-02-26 11:26:06,2554067,4,战意之所在,Fate/stay night [Unlimited Blade Works] 第一季,1674473
这是约会啊？笨蛋,845.148,1,41194,2026-02-25 23:37:51,2554067,4,战意之所在,Fate/stay night [Unlimited Blade Works] 第一季,1674473
这收音机开头差点幻听黑帮摇了,1087.803,1,16777215,2026-02-25 22:55:51,2554067,4,战意之所在,Fate/stay night [Unlimited Blade Works] 第一季,1674473
无限刀片工程,162.476,5,15138834,2026-02-25 13:20:13,2554067,4,战意之所在,Fate/stay night [Unlimited Blade Works] 第一季,1674473
还真是,994.115,1,16777215,2026-02-25 11:58:26,2554067,4,战意之所在,Fate/stay night [Unlimited Blade Works] 第一季,1674473
握握手，握握双手,359.479,1,16777215,2026-02-24 11:53:09,2554067,4,战意之所在,Fate/stay night [Unlimited Blade Works] 第一季,1674473
hamburger,459.654,1,16777215,2026-02-24 01:16:16,2554067,4,战意之所在,Fate/stay night [Unlimited Blade Works] 第一季,1674473
樱：我吃醋了,1009.603,1,16777215,2026-02-22 17:17:20,2554067,4,战意之所在,Fate/stay night [Unlimited Blade Works] 第一季,1674473
GalGame里不是这样的啊,956.114,1,16777215,2026-02-22 17:16:15,2554067,4,战意之所在,Fate/stay night [Unlimited Blade Works] 第一季,1674473
阿尔托莉雅·潘多拉贡,531.801,1,16777215,2026-02-22 17:11:53,2554067,4,战意之所在,Fate/stay night [Unlimited Blade Works] 第一季,1674473
傲娇了,235.704,1,16777215,2026-02-22 17:08:03,2554067,4,战意之所在,Fate/stay night [Unlimited Blade Works] 第一季,1674473
无限剑制！,182.473,1,16777215,2026-02-22 09:49:10,2554067,4,战意之所在,Fate/stay night [Unlimited Blade Works] 第一季,1674473
哈哈哈哈哈哈哈哈哈,1134.639,1,16777215,2026-02-21 16:49:19,2554067,4,战意之所在,Fate/stay night [Unlimited Blade Works] 第一季,1674473
还真是,982.343,1,16777215,2026-02-20 20:16:02,2554067,4,战意之所在,Fate/stay night [Unlimited Blade Works] 第一季,1674473
还真是,982.533,1,16777215,2026-02-19 15:08:04,2554067,4,战意之所在,Fate/stay night [Unlimited Blade Works] 第一季,1674473
“醋意之所在”,1021.441,5,16777215,2026-02-19 14:36:19,2554067,4,战意之所在,Fate/stay night [Unlimited Blade Works] 第一季,1674473
我想看红a线,538.63,1,16777215,2026-02-18 22:51:27,2554067,4,战意之所在,Fate/stay night [Unlimited Blade Works] 第一季,1674473
养的是宝莲灯耶,816.465,1,16777215,2026-02-18 21:14:46,2554067,4,战意之所在,Fate/stay night [Unlimited Blade Works] 第一季,1674473
Saber的奇妙冒险,739.661,1,16777215,2026-02-17 09:42:01,2554067,4,战意之所在,Fate/stay night [Unlimited Blade Works] 第一季,1674473
樱:老娘炸开,1047.124,1,16777215,2026-02-16 23:42:40,2554067,4,战意之所在,Fate/stay night [Unlimited Blade Works] 第一季,1674473
底牌在哪,1267.348,5,15138834,2026-02-16 19:14:06,2554067,4,战意之所在,Fate/stay night [Unlimited Blade Works] 第一季,1674473
随口一说结果还真是,978.365,5,15138834,2026-02-16 19:06:48,2554067,4,战意之所在,Fate/stay night [Unlimited Blade Works] 第一季,1674473
saber：你小子偷我剑鞘是吧,329.651,1,16777215,2026-02-16 01:00:18,2554067,4,战意之所在,Fate/stay night [Unlimited Blade Works] 第一季,1674473
依旧瓦斯泄露,571.628,1,16777215,2026-02-15 23:56:53,2554067,4,战意之所在,Fate/stay night [Unlimited Blade Works] 第一季,1674473
好好聽 !,1333.235,1,16777215,2026-02-15 21:48:24,2554067,4,战意之所在,Fate/stay night [Unlimited Blade Works] 第一季,1674473
来轻音部,887.045,1,16777215,2026-02-15 21:30:06,2554067,4,战意之所在,Fate/stay night [Unlimited Blade Works] 第一季,1674473
參見吾王 !,304.001,1,16777215,2026-02-15 21:12:10,2554067,4,战意之所在,Fate/stay night [Unlimited Blade Works] 第一季,1674473
吾王美如画,309.867,5,41194,2026-02-15 18:12:25,2554067,4,战意之所在,Fate/stay night [Unlimited Blade Works] 第一季,1674473
某个神父给的,547.451,1,16777215,2026-02-14 03:37:40,2554067,4,战意之所在,Fate/stay night [Unlimited Blade Works] 第一季,1674473
已经炸了,1011.537,1,16777215,2026-02-13 14:29:55,2554067,4,战意之所在,Fate/stay night [Unlimited Blade Works] 第一季,1674473
coster?,1198.054,1,16777215,2026-02-12 08:31:00,2554067,4,战意之所在,Fate/stay night [Unlimited Blade Works] 第一季,1674473
啥都没有还遮啥呀,56.221,1,16777215,2026-02-11 19:26:26,2554067,4,战意之所在,Fate/stay night [Unlimited Blade Works] 第一季,1674473
谁能想到士郎蒙对了,980.668,1,16777215,2026-02-11 15:20:24,2554067,4,战意之所在,Fate/stay night [Unlimited Blade Works] 第一季,1674473
其实如果没有圣杯战争的话士郎最有可能和大河结婚哦,994.28,1,16777215,2026-02-11 14:34:37,2554067,4,战意之所在,Fate/stay night [Unlimited Blade Works] 第一季,1674473
最底下的牌吧,1289.261,1,16777215,2026-02-11 09:08:01,2554067,4,战意之所在,Fate/stay night [Unlimited Blade Works] 第一季,1674473
说大帝的有没有可能三王那段就写ooc了呢,386.202,1,16777215,2026-02-10 22:04:16,2554067,4,战意之所在,Fate/stay night [Unlimited Blade Works] 第一季,1674473
最强职业：Teacher ,442.69,1,16777215,2026-02-10 00:55:30,2554067,4,战意之所在,Fate/stay night [Unlimited Blade Works] 第一季,1674473
約束された勝利の剣,536.773,1,16777215,2026-02-09 21:42:42,2554067,4,战意之所在,Fate/stay night [Unlimited Blade Works] 第一季,1674473
正片开始,538.707,1,38979,2026-02-09 20:34:40,2554067,4,战意之所在,Fate/stay night [Unlimited Blade Works] 第一季,1674473
卫宫家今天的饭第四期,1081.28,1,16777215,2026-02-09 13:19:57,2554067,4,战意之所在,Fate/stay night [Unlimited Blade Works] 第一季,1674473
剑鞘发力,331.037,1,16777215,2026-02-09 13:13:36,2554067,4,战意之所在,Fate/stay night [Unlimited Blade Works] 第一季,1674473
UBW,178.652,1,16777215,2026-02-09 13:11:55,2554067,4,战意之所在,Fate/stay night [Unlimited Blade Works] 第一季,1674473
吾王美如画,310.006,1,16777215,2026-02-08 18:29:47,2554067,4,战意之所在,Fate/stay night [Unlimited Blade Works] 第一季,1674473
诶，那这个时候再打开门杀了他不就好了,270.037,1,16777215,2026-02-08 18:28:45,2554067,4,战意之所在,Fate/stay night [Unlimited Blade Works] 第一季,1674473
是我的,721.033,1,16777215,2026-02-08 12:25:24,2554067,4,战意之所在,Fate/stay night [Unlimited Blade Works] 第一季,1674473
她真可爱,550.516,1,16777215,2026-02-08 12:23:06,2554067,4,战意之所在,Fate/stay night [Unlimited Blade Works] 第一季,1674473
这下有杀心了,249.671,1,16777215,2026-02-08 07:22:44,2554067,4,战意之所在,Fate/stay night [Unlimited Blade Works] 第一季,1674473
路边捡的,722.533,5,16777215,2026-02-08 00:02:16,2554067,4,战意之所在,Fate/stay night [Unlimited Blade Works] 第一季,1674473
明白了，男主没别的能力，就是耐活呗,335.152,5,16777215,2026-02-07 23:51:58,2554067,4,战意之所在,Fate/stay night [Unlimited Blade Works] 第一季,1674473
瓦斯又泄露了,1233.308,1,16777215,2026-02-07 12:05:09,2554067,4,战意之所在,Fate/stay night [Unlimited Blade Works] 第一季,1674473
老虎的好感甚至是满的，只要求婚就答应那种,1168.861,1,16777215,2026-02-04 22:07:10,2554067,4,战意之所在,Fate/stay night [Unlimited Blade Works] 第一季,1674473
不知道什么是愉悦,918.549,1,16777215,2026-02-03 22:27:07,2554067,4,战意之所在,Fate/stay night [Unlimited Blade Works] 第一季,1674473
说过三句话的老熟人,984.91,1,16777215,2026-02-03 04:07:25,2554067,4,战意之所在,Fate/stay night [Unlimited Blade Works] 第一季,1674473
樱∶被偷了？,683.964,1,16777215,2026-02-01 00:56:22,2554067,4,战意之所在,Fate/stay night [Unlimited Blade Works] 第一季,1674473
警惕,628.736,1,16777215,2026-01-30 18:18:10,2554067,4,战意之所在,Fate/stay night [Unlimited Blade Works] 第一季,1674473
这你都知道！,979.225,1,16777215,2026-01-30 08:57:47,2554067,4,战意之所在,Fate/stay night [Unlimited Blade Works] 第一季,1674473
三拳打碎魔术梦，老师我是普通人,796.068,1,15138834,2026-01-29 19:53:37,2554067,4,战意之所在,Fate/stay night [Unlimited Blade Works] 第一季,1674473
确实,977.505,1,16777215,2026-01-29 13:59:50,2554067,4,战意之所在,Fate/stay night [Unlimited Blade Works] 第一季,1674473
是底牌也没错嘛，没说一定是最厉害的底牌啊,1296.952,1,16777215,2026-01-27 22:51:36,2554067,4,战意之所在,Fate/stay night [Unlimited Blade Works] 第一季,1674473
没事，你有你的HF线，别急,1026.892,1,16777215,2026-01-27 22:46:21,2554067,4,战意之所在,Fate/stay night [Unlimited Blade Works] 第一季,1674473
是凛线，无论如何玩家的视角都是士郎，士郎的戏份当然最多啊,944.823,1,16777215,2026-01-27 22:44:47,2554067,4,战意之所在,Fate/stay night [Unlimited Blade Works] 第一季,1674473
咖喱棒：巴嘎,490.91,5,16777215,2026-01-27 18:48:07,2554067,4,战意之所在,Fate/stay night [Unlimited Blade Works] 第一季,1674473
盖亚,675.062,1,16777215,2026-01-27 15:51:34,2554067,4,战意之所在,Fate/stay night [Unlimited Blade Works] 第一季,1674473
红a:憋笑,1322.554,1,16777215,2026-01-26 20:25:25,2554067,4,战意之所在,Fate/stay night [Unlimited Blade Works] 第一季,1674473
樱:换我来！,1022.79,1,16777215,2026-01-25 21:32:28,2554067,4,战意之所在,Fate/stay night [Unlimited Blade Works] 第一季,1674473
无限剑制,167.283,1,16777215,2026-01-25 02:09:14,2554067,4,战意之所在,Fate/stay night [Unlimited Blade Works] 第一季,1674473
直球,368.586,1,16777215,2026-01-24 12:42:27,2554067,4,战意之所在,Fate/stay night [Unlimited Blade Works] 第一季,1674473
上一个这么说的叫做远野志贵，后面就在他学校下面发现了他敌人的老家,670.11,1,16777215,2026-01-23 05:36:06,2554067,4,战意之所在,Fate/stay night [Unlimited Blade Works] 第一季,1674473
还真是,977.31,1,16777215,2026-01-22 16:26:02,2554067,4,战意之所在,Fate/stay night [Unlimited Blade Works] 第一季,1674473
我喝,15.958,1,16707842,2026-01-21 11:34:02,2554067,4,战意之所在,Fate/stay night [Unlimited Blade Works] 第一季,1674473
说白了：信不着你。。,535.956,1,16777215,2026-01-20 20:06:48,2554067,4,战意之所在,Fate/stay night [Unlimited Blade Works] 第一季,1674473
当然是瓦斯拉,1209.88,1,16777215,2026-01-19 23:35:18,2554067,4,战意之所在,Fate/stay night [Unlimited Blade Works] 第一季,1674473
欢迎收看今日卫宫家的饭,1077.743,1,16777215,2026-01-19 23:32:45,2554067,4,战意之所在,Fate/stay night [Unlimited Blade Works] 第一季,1674473
说实话感觉呆毛王一直都很爱玩,845.013,1,16777215,2026-01-19 23:21:39,2554067,4,战意之所在,Fate/stay night [Unlimited Blade Works] 第一季,1674473
其实就是好奇,842.526,1,16777215,2026-01-19 23:21:16,2554067,4,战意之所在,Fate/stay night [Unlimited Blade Works] 第一季,1674473
非要浪一下,18.535,1,16777215,2026-01-19 21:28:33,2554067,4,战意之所在,Fate/stay night [Unlimited Blade Works] 第一季,1674473
一觉醒来家里全是美女哇哇哇,302.87,1,16777215,2026-01-19 18:22:36,2554067,4,战意之所在,Fate/stay night [Unlimited Blade Works] 第一季,1674473
前辈，请握住我的手吧,355.347,1,16777215,2026-01-18 16:01:33,2554067,4,战意之所在,Fate/stay night [Unlimited Blade Works] 第一季,1674473
士郎本质是扭曲的,929.419,1,16777215,2026-01-18 11:40:56,2554067,4,战意之所在,Fate/stay night [Unlimited Blade Works] 第一季,1674473
我长大了要换个大点的屏幕,17.907,1,16777215,2026-01-18 11:10:23,2554067,4,战意之所在,Fate/stay night [Unlimited Blade Works] 第一季,1674473
热血番男主基本都有嘴遁技能,367.706,1,16777215,2026-01-17 17:58:36,2554067,4,战意之所在,Fate/stay night [Unlimited Blade Works] 第一季,1674473
算是好事，暂时把樱拉出间桐家了,1149.101,5,6830715,2026-01-14 19:08:53,2554067,4,战意之所在,Fate/stay night [Unlimited Blade Works] 第一季,1674473
说起来滕姐站樱来着,1134.243,5,6830715,2026-01-14 19:08:21,2554067,4,战意之所在,Fate/stay night [Unlimited Blade Works] 第一季,1674473
樱：明明是我先来的（）,1014.823,5,6830715,2026-01-14 19:07:09,2554067,4,战意之所在,Fate/stay night [Unlimited Blade Works] 第一季,1674473
确实是,978.811,5,6830715,2026-01-14 19:06:38,2554067,4,战意之所在,Fate/stay night [Unlimited Blade Works] 第一季,1674473
樱：明明是我先来的（）,688.302,5,6830715,2026-01-14 19:04:24,2554067,4,战意之所在,Fate/stay night [Unlimited Blade Works] 第一季,1674473
红A的宝具其实是魔术来着,475.769,5,15138834,2026-01-14 18:53:03,2554067,4,战意之所在,Fate/stay night [Unlimited Blade Works] 第一季,1674473
寄宿家庭都来了,1039.245,1,16777215,2026-01-14 13:38:36,2554067,4,战意之所在,Fate/stay night [Unlimited Blade Works] 第一季,1674473
正在观看的六个人，有女生吗？,591.211,1,16777215,2026-01-13 10:27:21,2554067,4,战意之所在,Fate/stay night [Unlimited Blade Works] 第一季,1674473
吾王可爱捏,831.893,5,16777215,2026-01-12 00:23:54,2554067,4,战意之所在,Fate/stay night [Unlimited Blade Works] 第一季,1674473
还真是,980.255,1,16777215,2026-01-11 23:48:33,2554067,4,战意之所在,Fate/stay night [Unlimited Blade Works] 第一季,1674473
偷税,944.401,1,14811775,2026-01-11 12:54:09,2554067,4,战意之所在,Fate/stay night [Unlimited Blade Works] 第一季,1674473
都是时辰的错!,575.961,1,16777215,2026-01-10 23:25:14,2554067,4,战意之所在,Fate/stay night [Unlimited Blade Works] 第一季,1674473
teacher,432.345,1,16777215,2026-01-10 14:09:15,2554067,4,战意之所在,Fate/stay night [Unlimited Blade Works] 第一季,1674473
很面生的小姐外国留学生是不是？,748.545,1,16777215,2026-01-10 00:21:47,2554067,4,战意之所在,Fate/stay night [Unlimited Blade Works] 第一季,1674473
注意左边的女仆，眼睛失去了高光,46.657,1,16777215,2026-01-10 00:20:32,2554067,4,战意之所在,Fate/stay night [Unlimited Blade Works] 第一季,1674473
鸭子坐可爱捏,324.575,1,16777215,2026-01-09 22:17:42,2554067,4,战意之所在,Fate/stay night [Unlimited Blade Works] 第一季,1674473
大胃戴,605.55,1,16777215,2026-01-08 09:31:15,2554067,4,战意之所在,Fate/stay night [Unlimited Blade Works] 第一季,1674473
不要笑挑战,1321.684,1,16777215,2026-01-07 19:16:13,2554067,4,战意之所在,Fate/stay night [Unlimited Blade Works] 第一季,1674473
teacher确实很恐怖,755.105,1,16777215,2026-01-05 22:59:03,2554067,4,战意之所在,Fate/stay night [Unlimited Blade Works] 第一季,1674473
伊莉雅！再不来就没位置了！！,1143.154,1,16777215,2026-01-04 22:03:23,2554067,4,战意之所在,Fate/stay night [Unlimited Blade Works] 第一季,1674473
我会杀了他,1318.086,1,16777215,2026-01-04 11:25:17,2554067,4,战意之所在,Fate/stay night [Unlimited Blade Works] 第一季,1674473
你不是会英语的吗,660.584,1,16777215,2026-01-02 19:36:54,2554067,4,战意之所在,Fate/stay night [Unlimited Blade Works] 第一季,1674473
瓦斯老演员了,572.783,1,16777215,2026-01-02 17:18:18,2554067,4,战意之所在,Fate/stay night [Unlimited Blade Works] 第一季,1674473
这个是厚黑吧,322.564,1,16777215,2026-01-02 01:44:52,2554067,4,战意之所在,Fate/stay night [Unlimited Blade Works] 第一季,1674473
那立香来打圣杯……自带技能真名识破,543.649,1,16777215,2026-01-01 21:40:19,2554067,4,战意之所在,Fate/stay night [Unlimited Blade Works] 第一季,1674473
咋没熊啊,55.432,1,16777215,2026-01-01 13:54:15,2554067,4,战意之所在,Fate/stay night [Unlimited Blade Works] 第一季,1674473
樱要黑化了,683.836,1,16777215,2026-01-01 12:07:35,2554067,4,战意之所在,Fate/stay night [Unlimited Blade Works] 第一季,1674473
有点冒昧吧,1138.649,1,16777215,2025-12-31 19:36:28,2554067,4,战意之所在,Fate/stay night [Unlimited Blade Works] 第一季,1674473
剑鞘,339.388,1,16777215,2025-12-29 17:05:47,2554067,4,战意之所在,Fate/stay night [Unlimited Blade Works] 第一季,1674473
底牌：平a,1272.157,1,16777215,2025-12-29 10:16:12,2554067,4,战意之所在,Fate/stay night [Unlimited Blade Works] 第一季,1674473
还真是,977.928,1,16777215,2025-12-29 10:08:18,2554067,4,战意之所在,Fate/stay night [Unlimited Blade Works] 第一季,1674473
不是泛泛之辈是指被teacher暴打,808.712,1,16777215,2025-12-29 10:05:23,2554067,4,战意之所在,Fate/stay night [Unlimited Blade Works] 第一季,1674473
金皮卡在别的战场就因为真名暴露被阴了，王财打不开,404.232,1,16777215,2025-12-29 09:58:17,2554067,4,战意之所在,Fate/stay night [Unlimited Blade Works] 第一季,1674473
阿瓦隆发力了,183.133,1,16777215,2025-12-29 09:54:20,2554067,4,战意之所在,Fate/stay night [Unlimited Blade Works] 第一季,1674473
不然凭什么当archer,897.301,5,15138834,2025-12-28 15:22:46,2554067,4,战意之所在,Fate/stay night [Unlimited Blade Works] 第一季,1674473
拎包入住,278.358,1,16777215,2025-12-27 09:54:25,2554067,4,战意之所在,Fate/stay night [Unlimited Blade Works] 第一季,1674473
这龙骨已经变成过龙骨兵了，基本上是没什么回收价值，不让不就是在卡Bug刷龙骨做龙骨兵么,1191.656,5,16777215,2025-12-25 02:03:19,2554067,4,战意之所在,Fate/stay night [Unlimited Blade Works] 第一季,1674473
东木之虎,1107.838,1,16777215,2025-12-24 09:12:54,2554067,4,战意之所在,Fate/stay night [Unlimited Blade Works] 第一季,1674473
樱 ：,1048.496,1,16777215,2025-12-23 23:48:16,2554067,4,战意之所在,Fate/stay night [Unlimited Blade Works] 第一季,1674473
Sakura可爱捏,1133.081,1,6830715,2025-12-23 23:31:24,2554067,4,战意之所在,Fate/stay night [Unlimited Blade Works] 第一季,1674473
今日要闻,258.092,5,15138834,2025-12-23 03:30:05,2554067,4,战意之所在,Fate/stay night [Unlimited Blade Works] 第一季,1674473
今日语,257.655,1,16777215,2025-12-23 03:29:52,2554067,4,战意之所在,Fate/stay night [Unlimited Blade Works] 第一季,1674473
好像薇尔莉特,360.502,1,16777215,2025-12-22 00:07:45,2554067,4,战意之所在,Fate/stay night [Unlimited Blade Works] 第一季,1674473
樱不知道SABER啥意思？,1061.675,1,16777215,2025-12-19 11:22:57,2554067,4,战意之所在,Fate/stay night [Unlimited Blade Works] 第一季,1674473
遗世独立的理想乡,337.55,1,16707842,2025-12-18 00:35:49,2554067,4,战意之所在,Fate/stay night [Unlimited Blade Works] 第一季,1674473
二次元铁律 使用技能需要喊出技能名称,517.0,1,16777215,2025-12-15 18:11:01,2554067,4,战意之所在,Fate/stay night [Unlimited Blade Works] 第一季,1674473
气氛很微妙呀,1105.23,1,16777215,2025-12-14 23:20:47,2554067,4,战意之所在,Fate/stay night [Unlimited Blade Works] 第一季,1674473
汪汪汪汪,304.322,1,16777215,2025-12-14 18:10:14,2554067,4,战意之所在,Fate/stay night [Unlimited Blade Works] 第一季,1674473
啥？！,1123.51,1,16777215,2025-12-14 18:02:42,2554067,4,战意之所在,Fate/stay night [Unlimited Blade Works] 第一季,1674473
英雄所见略同,722.92,1,16777215,2025-12-14 14:30:24,2554067,4,战意之所在,Fate/stay night [Unlimited Blade Works] 第一季,1674473
两仪与藤乃,609.303,5,15138834,2025-12-14 12:37:35,2554067,4,战意之所在,Fate/stay night [Unlimited Blade Works] 第一季,1674473
市民：是的。,565.693,1,4351678,2025-12-13 23:56:35,2554067,4,战意之所在,Fate/stay night [Unlimited Blade Works] 第一季,1674473
我很想涨好感但这里是凛线,369.043,1,16776960,2025-12-13 23:52:45,2554067,4,战意之所在,Fate/stay night [Unlimited Blade Works] 第一季,1674473
远坂家还是太有底线了,1302.008,1,16777215,2025-12-13 20:28:55,2554067,4,战意之所在,Fate/stay night [Unlimited Blade Works] 第一季,1674473
老急了sakura,1017.657,1,16777215,2025-12-13 20:22:25,2554067,4,战意之所在,Fate/stay night [Unlimited Blade Works] 第一季,1674473
saber完败,1054.339,1,16707842,2025-12-13 08:55:39,2554067,4,战意之所在,Fate/stay night [Unlimited Blade Works] 第一季,1674473
486的体香哈哈哈哈,1217.29,1,16707842,2025-12-12 22:03:10,2554067,4,战意之所在,Fate/stay night [Unlimited Blade Works] 第一季,1674473
致命华彩,1172.016,1,16777215,2025-12-12 16:58:14,2554067,4,战意之所在,Fate/stay night [Unlimited Blade Works] 第一季,1674473
炁体源流,1175.661,1,16777215,2025-12-12 16:22:38,2554067,4,战意之所在,Fate/stay night [Unlimited Blade Works] 第一季,1674473
放学别走！,1429.394,5,16707842,2025-12-11 21:07:19,2554067,4,战意之所在,Fate/stay night [Unlimited Blade Works] 第一季,1674473
好评啊,165.629,1,16777215,2025-12-09 05:24:27,2554067,4,战意之所在,Fate/stay night [Unlimited Blade Works] 第一季,1674473
凛比士郎高？,221.605,1,16777215,2025-12-08 14:50:41,2554067,4,战意之所在,Fate/stay night [Unlimited Blade Works] 第一季,1674473
三角形具有稳定性这一块,1119.802,1,16777215,2025-12-07 22:16:34,2554067,4,战意之所在,Fate/stay night [Unlimited Blade Works] 第一季,1674473
凛的侧脸越看越顺眼了,1302.408,1,11890,2025-12-06 17:47:51,2554067,4,战意之所在,Fate/stay night [Unlimited Blade Works] 第一季,1674473
别人以为是R其实只是个Q,1286.845,1,16777215,2025-12-05 12:49:00,2554067,4,战意之所在,Fate/stay night [Unlimited Blade Works] 第一季,1674473
士郎刚出场的时候不到1米7，等去时钟塔的时候就快1米8了,226.375,1,16777215,2025-12-04 18:43:41,2554067,4,战意之所在,Fate/stay night [Unlimited Blade Works] 第一季,1674473
那就用枪,462.376,1,16777215,2025-12-04 14:21:25,2554067,4,战意之所在,Fate/stay night [Unlimited Blade Works] 第一季,1674473
这里在06版是士郎帮saber挡了一刀,343.961,1,16777215,2025-12-04 14:19:20,2554067,4,战意之所在,Fate/stay night [Unlimited Blade Works] 第一季,1674473
心中无弓万物皆是弓,897.787,1,16777215,2025-12-04 01:09:33,2554067,4,战意之所在,Fate/stay night [Unlimited Blade Works] 第一季,1674473
回家要在小本本上写仙贝許さない了,679.921,1,16777215,2025-12-03 19:09:16,2554067,4,战意之所在,Fate/stay night [Unlimited Blade Works] 第一季,1674473
车巨？,1162.941,1,16777215,2025-12-02 23:25:57,2554067,4,战意之所在,Fate/stay night [Unlimited Blade Works] 第一季,1674473
三个女人一台戏,1131.956,5,15138834,2025-12-02 19:26:07,2554067,4,战意之所在,Fate/stay night [Unlimited Blade Works] 第一季,1674473
木头人士郎,1012.705,5,15138834,2025-12-02 19:23:40,2554067,4,战意之所在,Fate/stay night [Unlimited Blade Works] 第一季,1674473
这么好听的OP你舍得跳吗？,73.919,5,15138834,2025-12-02 18:48:26,2554067,4,战意之所在,Fate/stay night [Unlimited Blade Works] 第一季,1674473
吾王美如画,306.659,1,16777215,2025-12-01 19:19:13,2554067,4,战意之所在,Fate/stay night [Unlimited Blade Works] 第一季,1674473
我了露骨,1167.506,1,16777215,2025-12-01 18:30:21,2554067,4,战意之所在,Fate/stay night [Unlimited Blade Works] 第一季,1674473
内阁儿,428.764,1,16777215,2025-11-28 23:14:10,2554067,4,战意之所在,Fate/stay night [Unlimited Blade Works] 第一季,1674473
对对对对对对,1328.625,1,16777215,2025-11-28 01:01:32,2554067,4,战意之所在,Fate/stay night [Unlimited Blade Works] 第一季,1674473
只有凛在认真,1169.736,1,16777215,2025-11-27 19:23:44,2554067,4,战意之所在,Fate/stay night [Unlimited Blade Works] 第一季,1674473
并非如此，saber不止一个,523.598,1,16777215,2025-11-24 17:50:06,2554067,4,战意之所在,Fate/stay night [Unlimited Blade Works] 第一季,1674473
为什么不再第一部介绍啊,434.892,1,16777215,2025-11-24 00:14:10,2554067,4,战意之所在,Fate/stay night [Unlimited Blade Works] 第一季,1674473
，，,911.926,1,16777215,2025-11-23 23:40:08,2554067,4,战意之所在,Fate/stay night [Unlimited Blade Works] 第一季,1674473
，，,827.406,1,16777215,2025-11-23 23:39:19,2554067,4,战意之所在,Fate/stay night [Unlimited Blade Works] 第一季,1674473
，，,738.146,1,16777215,2025-11-23 23:38:14,2554067,4,战意之所在,Fate/stay night [Unlimited Blade Works] 第一季,1674473
没有caster强化teacher就是个会格斗技巧的普通人,411.877,1,15138834,2025-11-22 23:04:24,2554067,4,战意之所在,Fate/stay night [Unlimited Blade Works] 第一季,1674473
眼神对峙,757.364,1,16777215,2025-11-22 17:28:07,2554067,4,战意之所在,Fate/stay night [Unlimited Blade Works] 第一季,1674473
莫非是小天才,357.486,1,16777215,2025-11-22 17:23:54,2554067,4,战意之所在,Fate/stay night [Unlimited Blade Works] 第一季,1674473
筹集,1047.541,1,16777215,2025-11-22 14:09:06,2554067,4,战意之所在,Fate/stay night [Unlimited Blade Works] 第一季,1674473
我倒觉得她可爱,367.324,1,16777215,2025-11-21 19:42:40,2554067,4,战意之所在,Fate/stay night [Unlimited Blade Works] 第一季,1674473
父与子的差别,359.709,1,16777215,2025-11-18 23:46:30,2554067,4,战意之所在,Fate/stay night [Unlimited Blade Works] 第一季,1674473
狙击手呢,450.373,1,16777215,2025-11-16 19:43:38,2554067,4,战意之所在,Fate/stay night [Unlimited Blade Works] 第一季,1674473
傻了,682.729,1,16777215,2025-11-16 18:49:31,2554067,4,战意之所在,Fate/stay night [Unlimited Blade Works] 第一季,1674473
哈哈哈,528.65,1,16777215,2025-11-16 18:47:59,2554067,4,战意之所在,Fate/stay night [Unlimited Blade Works] 第一季,1674473
说起来佐助也是弓兵啊,917.914,1,16777215,2025-11-16 12:14:26,2554067,4,战意之所在,Fate/stay night [Unlimited Blade Works] 第一季,1674473
美狄亚,1240.575,1,16777215,2025-11-14 23:12:35,2554067,4,战意之所在,Fate/stay night [Unlimited Blade Works] 第一季,1674473
是C妈吗？,1200.285,1,16777215,2025-11-14 23:11:36,2554067,4,战意之所在,Fate/stay night [Unlimited Blade Works] 第一季,1674473
饿了怎么办？！,1068.52,1,16777215,2025-11-14 23:08:52,2554067,4,战意之所在,Fate/stay night [Unlimited Blade Works] 第一季,1674473
我也想吃,1068.854,1,16777215,2025-11-14 22:23:35,2554067,4,战意之所在,Fate/stay night [Unlimited Blade Works] 第一季,1674473
卫宫家的饭,581.144,1,16777215,2025-11-14 00:18:10,2554067,4,战意之所在,Fate/stay night [Unlimited Blade Works] 第一季,1674473
卫宫家今天的饭,1068.571,1,16777215,2025-11-13 11:25:01,2554067,4,战意之所在,Fate/stay night [Unlimited Blade Works] 第一季,1674473
后院起火,1021.4,1,16777215,2025-11-13 11:24:14,2554067,4,战意之所在,Fate/stay night [Unlimited Blade Works] 第一季,1674473
还真是说对了,993.492,1,16777215,2025-11-13 11:23:46,2554067,4,战意之所在,Fate/stay night [Unlimited Blade Works] 第一季,1674473
神之弓手,915.728,1,16777215,2025-11-13 11:22:28,2554067,4,战意之所在,Fate/stay night [Unlimited Blade Works] 第一季,1674473
确实不是,817.717,1,16777215,2025-11-13 11:20:50,2554067,4,战意之所在,Fate/stay night [Unlimited Blade Works] 第一季,1674473
卫宫家今天的饭,581.138,1,16777215,2025-11-13 11:16:43,2554067,4,战意之所在,Fate/stay night [Unlimited Blade Works] 第一季,1674473
傲娇,248.983,1,16777215,2025-11-11 12:01:14,2554067,4,战意之所在,Fate/stay night [Unlimited Blade Works] 第一季,1674473
其他三个人都是跪坐，就士郎是盘腿坐,1068.027,1,16777215,2025-11-10 23:31:44,2554067,4,战意之所在,Fate/stay night [Unlimited Blade Works] 第一季,1674473
我的大不列颠,384.814,1,16777215,2025-11-10 06:45:55,2554067,4,战意之所在,Fate/stay night [Unlimited Blade Works] 第一季,1674473
？？,57.025,1,16777215,2025-11-09 12:01:16,2554067,4,战意之所在,Fate/stay night [Unlimited Blade Works] 第一季,1674473
束腰呢,637.231,1,16777215,2025-11-08 18:13:28,2554067,4,战意之所在,Fate/stay night [Unlimited Blade Works] 第一季,1674473
吾王美如画,319.926,1,16777215,2025-11-08 18:09:07,2554067,4,战意之所在,Fate/stay night [Unlimited Blade Works] 第一季,1674473
咕哒能麻痹第一兽喝第二兽的冠位板砖,1163.225,5,14811775,2025-11-08 14:34:54,2554067,4,战意之所在,Fate/stay night [Unlimited Blade Works] 第一季,1674473
红a杀伊利亚比杀兔子还容易,27.201,1,16777215,2025-11-07 20:23:35,2554067,4,战意之所在,Fate/stay night [Unlimited Blade Works] 第一季,1674473
红A：你看我信吗,1335.353,1,16777215,2025-11-04 18:51:09,2554067,4,战意之所在,Fate/stay night [Unlimited Blade Works] 第一季,1674473
呆毛：这一届御主真好说话、、、、,571.202,1,16777215,2025-11-04 18:37:48,2554067,4,战意之所在,Fate/stay night [Unlimited Blade Works] 第一季,1674473
还真没说错，但并非朋友更像仇人,978.213,1,16776960,2025-11-04 17:21:41,2554067,4,战意之所在,Fate/stay night [Unlimited Blade Works] 第一季,1674473
大帝：又忘了吗,398.249,1,16776960,2025-11-04 17:11:05,2554067,4,战意之所在,Fate/stay night [Unlimited Blade Works] 第一季,1674473
美食番,1069.375,5,16707842,2025-11-01 11:36:17,2554067,4,战意之所在,Fate/stay night [Unlimited Blade Works] 第一季,1674473
他叫呆毛王,1014.112,5,16707842,2025-11-01 11:35:02,2554067,4,战意之所在,Fate/stay night [Unlimited Blade Works] 第一季,1674473
所以说红a是未来的士郎,898.61,5,16707842,2025-11-01 11:32:22,2554067,4,战意之所在,Fate/stay night [Unlimited Blade Works] 第一季,1674473
职阶teacher,744.266,5,16707842,2025-11-01 11:29:04,2554067,4,战意之所在,Fate/stay night [Unlimited Blade Works] 第一季,1674473
葛炮,744.266,5,16707842,2025-11-01 11:28:18,2554067,4,战意之所在,Fate/stay night [Unlimited Blade Works] 第一季,1674473
间桐士道,713.237,5,16707842,2025-11-01 11:27:38,2554067,4,战意之所在,Fate/stay night [Unlimited Blade Works] 第一季,1674473
王的肯定,372.629,5,16707842,2025-11-01 10:59:49,2554067,4,战意之所在,Fate/stay night [Unlimited Blade Works] 第一季,1674473
偷税的表情,249.105,5,16707842,2025-11-01 10:57:36,2554067,4,战意之所在,Fate/stay night [Unlimited Blade Works] 第一季,1674473
糟糕的台词,249.105,5,16707842,2025-11-01 10:57:30,2554067,4,战意之所在,Fate/stay night [Unlimited Blade Works] 第一季,1674473
欧摩西罗伊,249.105,5,16707842,2025-11-01 10:57:24,2554067,4,战意之所在,Fate/stay night [Unlimited Blade Works] 第一季,1674473
傲娇,235.121,5,16707842,2025-11-01 10:56:48,2554067,4,战意之所在,Fate/stay night [Unlimited Blade Works] 第一季,1674473
欧摩西罗伊,204.164,5,16707842,2025-11-01 10:55:56,2554067,4,战意之所在,Fate/stay night [Unlimited Blade Works] 第一季,1674473
无限剑制,171.568,5,16707842,2025-11-01 10:55:15,2554067,4,战意之所在,Fate/stay night [Unlimited Blade Works] 第一季,1674473
华北大平原,19.229,5,16707842,2025-11-01 10:52:39,2554067,4,战意之所在,Fate/stay night [Unlimited Blade Works] 第一季,1674473
红a有剧本，这厮在吐槽美狄亚的遭遇变成英灵还怀恨在心,1235.048,1,16777215,2025-10-30 21:00:08,2554067,4,战意之所在,Fate/stay night [Unlimited Blade Works] 第一季,1674473
哈哈哈哈哈哈,1138.895,1,16777215,2025-10-30 15:04:20,2554067,4,战意之所在,Fate/stay night [Unlimited Blade Works] 第一季,1674473
士郎和麻婆一样是内心虚无的人，所以都需要愉悦自己,952.995,1,16777215,2025-10-30 12:42:42,2554067,4,战意之所在,Fate/stay night [Unlimited Blade Works] 第一季,1674473
式姐,705.437,1,16777215,2025-10-30 12:37:52,2554067,4,战意之所在,Fate/stay night [Unlimited Blade Works] 第一季,1674473
还真是,978.486,5,16777215,2025-10-30 00:12:43,2554067,4,战意之所在,Fate/stay night [Unlimited Blade Works] 第一季,1674473
阿瓦隆,327.52,1,16777215,2025-10-30 00:00:30,2554067,4,战意之所在,Fate/stay night [Unlimited Blade Works] 第一季,1674473
我都不忍心看,0.852,5,14811775,2025-10-29 21:39:25,2554067,4,战意之所在,Fate/stay night [Unlimited Blade Works] 第一季,1674473
吾王是唯一不能隐身的英灵,883.608,1,16777215,2025-10-27 12:47:12,2554067,4,战意之所在,Fate/stay night [Unlimited Blade Works] 第一季,1674473
本线女主。。。,1163.072,5,15138834,2025-10-26 16:01:22,2554067,4,战意之所在,Fate/stay night [Unlimited Blade Works] 第一季,1674473
骑阶很多英灵都可以客串,436.182,5,15138834,2025-10-26 15:45:18,2554067,4,战意之所在,Fate/stay night [Unlimited Blade Works] 第一季,1674473
这什么死亡视角,176.423,5,15138834,2025-10-26 15:40:05,2554067,4,战意之所在,Fate/stay night [Unlimited Blade Works] 第一季,1674473
凛天天这么晚睡遭得住吗,1161.045,1,16777215,2025-10-26 12:39:44,2554067,4,战意之所在,Fate/stay night [Unlimited Blade Works] 第一季,1674473
修罗场,1133.558,1,16777215,2025-10-25 10:52:17,2554067,4,战意之所在,Fate/stay night [Unlimited Blade Works] 第一季,1674473
愉悦,1044.718,1,16777215,2025-10-25 10:51:23,2554067,4,战意之所在,Fate/stay night [Unlimited Blade Works] 第一季,1674473
偷税,364.794,1,16777215,2025-10-25 10:45:36,2554067,4,战意之所在,Fate/stay night [Unlimited Blade Works] 第一季,1674473
这是底牌那底牌有点多了,1266.853,1,16777215,2025-10-24 22:09:28,2554067,4,战意之所在,Fate/stay night [Unlimited Blade Works] 第一季,1674473
吾王美如画,300.504,1,16777215,2025-10-24 12:56:06,2554067,4,战意之所在,Fate/stay night [Unlimited Blade Works] 第一季,1674473
哈哈哈刚刚没看脖子以上的伊莉雅,150.57,1,16777215,2025-10-22 09:48:48,2554067,4,战意之所在,Fate/stay night [Unlimited Blade Works] 第一季,1674473
弓凛99,1413.203,5,15138834,2025-10-22 00:31:45,2554067,4,战意之所在,Fate/stay night [Unlimited Blade Works] 第一季,1674473
那黑丝也是凛给的吗,554.295,1,16777215,2025-10-21 23:17:06,2554067,4,战意之所在,Fate/stay night [Unlimited Blade Works] 第一季,1674473
这衣服是麻婆送凛的,551.701,1,16777215,2025-10-21 20:26:05,2554067,4,战意之所在,Fate/stay night [Unlimited Blade Works] 第一季,1674473
我有觉悟,1322.579,1,16777215,2025-10-21 20:25:49,2554067,4,战意之所在,Fate/stay night [Unlimited Blade Works] 第一季,1674473
吾王,322.208,1,16777215,2025-10-18 10:51:43,2554067,4,战意之所在,Fate/stay night [Unlimited Blade Works] 第一季,1674473
小樱伤心了,726.061,1,16777215,2025-10-17 22:54:31,2554067,4,战意之所在,Fate/stay night [Unlimited Blade Works] 第一季,1674473
saber又不是第一次被召唤到现代，会用筷子不是很正常吗,604.84,1,16777215,2025-10-14 02:32:30,2554067,4,战意之所在,Fate/stay night [Unlimited Blade Works] 第一季,1674473
佐助在哪都是万人迷,1149.913,1,16777215,2025-10-12 21:27:45,2554067,4,战意之所在,Fate/stay night [Unlimited Blade Works] 第一季,1674473
好喜欢这种温馨的气氛,1099.54,5,15138834,2025-10-12 05:37:11,2554067,4,战意之所在,Fate/stay night [Unlimited Blade Works] 第一季,1674473
不是一直在笑吗,924.522,5,15138834,2025-10-12 05:33:05,2554067,4,战意之所在,Fate/stay night [Unlimited Blade Works] 第一季,1674473
算对,993.002,1,16777215,2025-10-11 21:21:52,2554067,4,战意之所在,Fate/stay night [Unlimited Blade Works] 第一季,1674473
不能让你俩独处,1103.523,1,16777215,2025-10-11 18:08:43,2554067,4,战意之所在,Fate/stay night [Unlimited Blade Works] 第一季,1674473
点外卖可还行,622.35,1,16777215,2025-10-11 18:00:13,2554067,4,战意之所在,Fate/stay night [Unlimited Blade Works] 第一季,1674473
因为俺的剑太闪 晃眼睛,501.855,1,16777215,2025-10-11 17:58:11,2554067,4,战意之所在,Fate/stay night [Unlimited Blade Works] 第一季,1674473
很好 很好,307.158,1,16777215,2025-10-11 17:54:39,2554067,4,战意之所在,Fate/stay night [Unlimited Blade Works] 第一季,1674473
会说就一次多说点,251.362,1,16777215,2025-10-11 17:54:01,2554067,4,战意之所在,Fate/stay night [Unlimited Blade Works] 第一季,1674473
葛木老师不是没感情，他只是不擅表达,755.04,1,16777215,2025-10-08 18:10:58,2554067,4,战意之所在,Fate/stay night [Unlimited Blade Works] 第一季,1674473
裁阶是特殊职阶，一般会选理性至上，善良或立场中立的,441.423,1,16777215,2025-10-08 16:31:24,2554067,4,战意之所在,Fate/stay night [Unlimited Blade Works] 第一季,1674473
官方说过凛如果是男生人设就是咕哒夫那样,211.125,1,16777215,2025-10-08 16:26:48,2554067,4,战意之所在,Fate/stay night [Unlimited Blade Works] 第一季,1674473
caster,1221.329,1,16777215,2025-10-08 13:57:30,2554067,4,战意之所在,Fate/stay night [Unlimited Blade Works] 第一季,1674473
五月,963.171,1,16777215,2025-10-08 13:48:57,2554067,4,战意之所在,Fate/stay night [Unlimited Blade Works] 第一季,1674473
哈哈哈哈哈哈哈哈哈哈哈哈哈哈哈哈哈哈哈,1324.554,1,16777215,2025-10-08 08:56:44,2554067,4,战意之所在,Fate/stay night [Unlimited Blade Works] 第一季,1674473
并非底牌,1271.072,1,16777215,2025-10-08 08:55:19,2554067,4,战意之所在,Fate/stay night [Unlimited Blade Works] 第一季,1674473
醋坛子炸了,1019.293,1,16777215,2025-10-08 07:31:31,2554067,4,战意之所在,Fate/stay night [Unlimited Blade Works] 第一季,1674473
又看一集,1342.266,1,16777215,2025-10-08 07:22:30,2554067,4,战意之所在,Fate/stay night [Unlimited Blade Works] 第一季,1674473
饿就吃饭,1082.472,1,16777215,2025-10-07 12:52:48,2554067,4,战意之所在,Fate/stay night [Unlimited Blade Works] 第一季,1674473
还真是,977.508,1,16777215,2025-10-07 02:39:28,2554067,4,战意之所在,Fate/stay night [Unlimited Blade Works] 第一季,1674473
士郎：噔噔咚,922.18,1,16777215,2025-10-07 02:38:15,2554067,4,战意之所在,Fate/stay night [Unlimited Blade Works] 第一季,1674473
偷税吧少年,912.136,1,16777215,2025-10-07 02:37:43,2554067,4,战意之所在,Fate/stay night [Unlimited Blade Works] 第一季,1674473
正片开始,576.745,1,16777215,2025-10-07 02:31:13,2554067,4,战意之所在,Fate/stay night [Unlimited Blade Works] 第一季,1674473
再次震惊saber,535.892,1,16777215,2025-10-07 02:30:10,2554067,4,战意之所在,Fate/stay night [Unlimited Blade Works] 第一季,1674473
阶职是一个带有削弱的奖励机制，可以强化英灵的长短板+阶职机制，但会削弱其他生前擅长的东西,442.067,5,16777215,2025-10-06 21:49:54,2554067,4,战意之所在,Fate/stay night [Unlimited Blade Works] 第一季,1674473
第八职介:Teacher,754.011,1,16777215,2025-10-06 11:08:21,2554067,4,战意之所在,Fate/stay night [Unlimited Blade Works] 第一季,1674473
还真是,979.738,1,16777215,2025-10-06 02:09:10,2554067,4,战意之所在,Fate/stay night [Unlimited Blade Works] 第一季,1674473
这个转钥匙非常人性化,945.458,5,16777215,2025-10-05 19:43:17,2554067,4,战意之所在,Fate/stay night [Unlimited Blade Works] 第一季,1674473
只是能单挑全盛你而已,831.574,5,16777215,2025-10-05 19:41:55,2554067,4,战意之所在,Fate/stay night [Unlimited Blade Works] 第一季,1674473
谁家卡兹（指弹幕）,267.342,1,16777215,2025-10-05 19:16:36,2554067,4,战意之所在,Fate/stay night [Unlimited Blade Works] 第一季,1674473
好浓的醋味,1123.859,1,16777215,2025-10-05 09:28:36,2554067,4,战意之所在,Fate/stay night [Unlimited Blade Works] 第一季,1674473
大英最能装的胃,1067.638,1,16777215,2025-10-05 09:27:25,2554067,4,战意之所在,Fate/stay night [Unlimited Blade Works] 第一季,1674473
也确实是,978.656,1,16777215,2025-10-05 09:24:53,2554067,4,战意之所在,Fate/stay night [Unlimited Blade Works] 第一季,1674473
有眼光！超级大美人,719.319,1,16777215,2025-10-05 09:20:19,2554067,4,战意之所在,Fate/stay night [Unlimited Blade Works] 第一季,1674473
你给路打油,456.931,1,16777215,2025-10-05 08:47:58,2554067,4,战意之所在,Fate/stay night [Unlimited Blade Works] 第一季,1674473
问泥爹就知道了,526.83,1,16777215,2025-10-04 15:57:12,2554067,4,战意之所在,Fate/stay night [Unlimited Blade Works] 第一季,1674473
金闪闪就是因为台词太长了,489.592,1,16707842,2025-10-04 15:55:40,2554067,4,战意之所在,Fate/stay night [Unlimited Blade Works] 第一季,1674473
父子装,193.363,1,16777215,2025-10-04 15:48:06,2554067,4,战意之所在,Fate/stay night [Unlimited Blade Works] 第一季,1674473
不愧为大河，确实虎,1142.754,1,16777215,2025-10-04 15:09:07,2554067,4,战意之所在,Fate/stay night [Unlimited Blade Works] 第一季,1674473
估计椅礼单挑都不一定是老师的对手,839.141,1,16777215,2025-10-04 15:03:12,2554067,4,战意之所在,Fate/stay night [Unlimited Blade Works] 第一季,1674473
能和英灵对打的凡人，就问你们怕不怕,834.252,1,16777215,2025-10-04 15:02:29,2554067,4,战意之所在,Fate/stay night [Unlimited Blade Works] 第一季,1674473
不对呀，之前不都是只会梦到自己的英灵的记忆吗？,174.4,1,16777215,2025-10-04 14:50:39,2554067,4,战意之所在,Fate/stay night [Unlimited Blade Works] 第一季,1674473
cook,438.49,1,15138834,2025-10-04 11:50:29,2554067,4,战意之所在,Fate/stay night [Unlimited Blade Works] 第一季,1674473
还真是哈哈哈哈,978.354,1,16777215,2025-10-03 17:44:25,2554067,4,战意之所在,Fate/stay night [Unlimited Blade Works] 第一季,1674473
你不回木叶了吗,870.49,1,16777215,2025-10-03 14:23:55,2554067,4,战意之所在,Fate/stay night [Unlimited Blade Works] 第一季,1674473
你脸红个泡泡茶壶啊,235.838,1,16777215,2025-10-03 11:07:35,2554067,4,战意之所在,Fate/stay night [Unlimited Blade Works] 第一季,1674473
细节瓦斯泄露,591.978,1,16777215,2025-10-03 03:20:41,2554067,4,战意之所在,Fate/stay night [Unlimited Blade Works] 第一季,1674473
首先排除瓦斯泄露,571.028,1,16777215,2025-10-03 01:16:51,2554067,4,战意之所在,Fate/stay night [Unlimited Blade Works] 第一季,1674473
这表情有意思,251.501,1,16777215,2025-10-03 01:13:38,2554067,4,战意之所在,Fate/stay night [Unlimited Blade Works] 第一季,1674473
你不是要保护士郎吗？怎么就跑了呀？,732.41,1,16777215,2025-10-02 22:35:43,2554067,4,战意之所在,Fate/stay night [Unlimited Blade Works] 第一季,1674473
看着他，怕干出什么事情来,1132.276,1,16777215,2025-10-02 13:40:49,2554067,4,战意之所在,Fate/stay night [Unlimited Blade Works] 第一季,1674473
paper,462.634,1,16777215,2025-10-02 10:40:00,2554067,4,战意之所在,Fate/stay night [Unlimited Blade Works] 第一季,1674473
轰龙,1187.199,1,16777215,2025-10-01 21:42:51,2554067,4,战意之所在,Fate/stay night [Unlimited Blade Works] 第一季,1674473
teacher,777.645,1,16777215,2025-10-01 10:52:51,2554067,4,战意之所在,Fate/stay night [Unlimited Blade Works] 第一季,1674473
仕郎倒 底长的有多帅呀,1088.633,1,16777215,2025-10-01 03:47:34,2554067,4,战意之所在,Fate/stay night [Unlimited Blade Works] 第一季,1674473
是枪主吗？,798.733,1,16777215,2025-10-01 03:43:06,2554067,4,战意之所在,Fate/stay night [Unlimited Blade Works] 第一季,1674473
世界名画,302.444,5,41194,2025-09-29 22:23:25,2554067,4,战意之所在,Fate/stay night [Unlimited Blade Works] 第一季,1674473
感谢承包商,1421.839,1,16777215,2025-09-29 20:22:21,2554067,4,战意之所在,Fate/stay night [Unlimited Blade Works] 第一季,1674473
好吃,21.151,1,16777215,2025-09-29 04:50:53,2554067,4,战意之所在,Fate/stay night [Unlimited Blade Works] 第一季,1674473
那还真的猜对了,986.827,1,16777215,2025-09-28 02:23:17,2554067,4,战意之所在,Fate/stay night [Unlimited Blade Works] 第一季,1674473
好机会,36.759,5,15138834,2025-09-27 23:42:35,2554067,4,战意之所在,Fate/stay night [Unlimited Blade Works] 第一季,1674473
我是剑骨头,166.42,1,16777215,2025-09-26 17:57:53,2554067,4,战意之所在,Fate/stay night [Unlimited Blade Works] 第一季,1674473
saber从此走向不归路,574.844,1,16777215,2025-09-23 17:38:24,2554067,4,战意之所在,Fate/stay night [Unlimited Blade Works] 第一季,1674473
是打手（确信）,724.9,1,16777215,2025-09-22 18:04:32,2554067,4,战意之所在,Fate/stay night [Unlimited Blade Works] 第一季,1674473
龙牙兵,1171.298,5,16707842,2025-09-19 21:49:25,2554067,4,战意之所在,Fate/stay night [Unlimited Blade Works] 第一季,1674473
细说偷袭,231.591,1,16777215,2025-09-17 23:01:44,2554067,4,战意之所在,Fate/stay night [Unlimited Blade Works] 第一季,1674473
樱:我没有吗？,685.177,1,16777215,2025-09-17 12:18:17,2554067,4,战意之所在,Fate/stay night [Unlimited Blade Works] 第一季,1674473
她在科学侧的分身是不是炮姐,1199.374,5,16777215,2025-09-16 12:25:42,2554067,4,战意之所在,Fate/stay night [Unlimited Blade Works] 第一季,1674473
三体运动,1102.612,5,16777215,2025-09-16 12:22:48,2554067,4,战意之所在,Fate/stay night [Unlimited Blade Works] 第一季,1674473
回答正确,980.709,5,16777215,2025-09-16 12:18:27,2554067,4,战意之所在,Fate/stay night [Unlimited Blade Works] 第一季,1674473
你需要一方通行,556.945,5,16777215,2025-09-16 12:09:44,2554067,4,战意之所在,Fate/stay night [Unlimited Blade Works] 第一季,1674473
因为这样帅,489.102,5,16777215,2025-09-16 12:08:18,2554067,4,战意之所在,Fate/stay night [Unlimited Blade Works] 第一季,1674473
由御坂美琴制作,152.282,5,16777215,2025-09-16 12:00:21,2554067,4,战意之所在,Fate/stay night [Unlimited Blade Works] 第一季,1674473
c妈么,1204.296,1,16777215,2025-09-14 18:47:27,2554067,4,战意之所在,Fate/stay night [Unlimited Blade Works] 第一季,1674473
这里红a也直接表现出来他知道是谁干的,1217.805,1,16777215,2025-09-13 23:25:42,2554067,4,战意之所在,Fate/stay night [Unlimited Blade Works] 第一季,1674473
本线女主还在推主线，其他已经跟士郎住一起了,1243.794,1,16777215,2025-09-12 18:10:09,2554067,4,战意之所在,Fate/stay night [Unlimited Blade Works] 第一季,1674473
"红a,闪闪，黑呆更给你意外惊喜吖",40.37,1,16777215,2025-09-12 17:48:19,2554067,4,战意之所在,Fate/stay night [Unlimited Blade Works] 第一季,1674473
怎么没弹慕？,976.194,1,16777215,2025-09-12 16:46:17,2554067,4,战意之所在,Fate/stay night [Unlimited Blade Works] 第一季,1674473
坏了,733.798,1,15138834,2025-09-11 17:47:31,2554067,4,战意之所在,Fate/stay night [Unlimited Blade Works] 第一季,1674473
，，,729.773,1,16777215,2025-09-11 14:09:39,2554067,4,战意之所在,Fate/stay night [Unlimited Blade Works] 第一季,1674473
，，，，,727.493,1,16777215,2025-09-11 14:09:33,2554067,4,战意之所在,Fate/stay night [Unlimited Blade Works] 第一季,1674473
saber：你和你爸差距太大了,354.638,1,16777215,2025-09-11 12:36:07,2554067,4,战意之所在,Fate/stay night [Unlimited Blade Works] 第一季,1674473
hu,501.459,1,16777215,2025-09-09 20:39:52,2554067,4,战意之所在,Fate/stay night [Unlimited Blade Works] 第一季,1674473
别剧透行吗,1026.202,1,16777215,2025-09-09 11:51:24,2554067,4,战意之所在,Fate/stay night [Unlimited Blade Works] 第一季,1674473
全是教书教的，练出鬼步来的。,830.154,1,16777215,2025-09-08 23:05:16,2554067,4,战意之所在,Fate/stay night [Unlimited Blade Works] 第一季,1674473
确实,982.024,1,16777215,2025-09-07 15:15:31,2554067,4,战意之所在,Fate/stay night [Unlimited Blade Works] 第一季,1674473
对自己master不说真话的类型是真难搞,1275.654,1,16777215,2025-09-06 17:46:22,2554067,4,战意之所在,Fate/stay night [Unlimited Blade Works] 第一季,1674473
樱，这里知道士郎参加圣杯战争吗,1012.025,1,11890,2025-09-06 07:46:39,2554067,4,战意之所在,Fate/stay night [Unlimited Blade Works] 第一季,1674473
我勒个豆，醋坛子炸了,999.411,1,16777215,2025-09-06 07:42:12,2554067,4,战意之所在,Fate/stay night [Unlimited Blade Works] 第一季,1674473
感觉吃醋了,685.092,1,16777215,2025-09-06 07:21:37,2554067,4,战意之所在,Fate/stay night [Unlimited Blade Works] 第一季,1674473
大半夜给我看饿了,572.869,5,15138834,2025-09-05 15:28:20,2554067,4,战意之所在,Fate/stay night [Unlimited Blade Works] 第一季,1674473
呆毛好可爱,306.238,1,16777215,2025-09-05 01:35:23,2554067,4,战意之所在,Fate/stay night [Unlimited Blade Works] 第一季,1674473
士道士道士道士道士道士道士道士道士道士道,811.141,1,11890,2025-09-04 01:38:24,2554067,4,战意之所在,Fate/stay night [Unlimited Blade Works] 第一季,1674473
场地都是怎么修复的啊,1192.792,1,16777215,2025-09-03 21:54:09,2554067,4,战意之所在,Fate/stay night [Unlimited Blade Works] 第一季,1674473
隐藏职阶，teacher,786.113,1,16777215,2025-09-03 21:50:45,2554067,4,战意之所在,Fate/stay night [Unlimited Blade Works] 第一季,1674473
跟fz的感觉差好多,627.357,1,16777215,2025-09-03 01:37:53,2554067,4,战意之所在,Fate/stay night [Unlimited Blade Works] 第一季,1674473
西装saber还会出现吗,556.215,1,16777215,2025-09-03 01:34:27,2554067,4,战意之所在,Fate/stay night [Unlimited Blade Works] 第一季,1674473
藤姐真的是个很好的监护人,1144.51,5,14811775,2025-09-03 00:35:46,2554067,4,战意之所在,Fate/stay night [Unlimited Blade Works] 第一季,1674473
士郎每次射箭的结果都是因果再现，已经和他本人的技术无关了，会很无聊,885.763,1,16707842,2025-09-02 20:41:44,2554067,4,战意之所在,Fate/stay night [Unlimited Blade Works] 第一季,1674473
der,471.672,1,16777215,2025-09-02 19:50:13,2554067,4,战意之所在,Fate/stay night [Unlimited Blade Works] 第一季,1674473
偷税是什么意思,943.513,1,16777215,2025-09-02 07:41:56,2554067,4,战意之所在,Fate/stay night [Unlimited Blade Works] 第一季,1674473
王没办法灵体化的,1017.721,1,16777215,2025-09-01 22:46:10,2554067,4,战意之所在,Fate/stay night [Unlimited Blade Works] 第一季,1674473
气温骤降，双关哈哈哈,1082.239,1,16777215,2025-08-31 19:50:15,2554067,4,战意之所在,Fate/stay night [Unlimited Blade Works] 第一季,1674473
阿瓦隆,332.957,5,16777215,2025-08-31 13:04:32,2554067,4,战意之所在,Fate/stay night [Unlimited Blade Works] 第一季,1674473
吾王开心我开心,366.624,1,16777215,2025-08-31 08:30:23,2554067,4,战意之所在,Fate/stay night [Unlimited Blade Works] 第一季,1674473
秘制脸红,246.391,1,16646914,2025-08-30 14:54:37,2554067,4,战意之所在,Fate/stay night [Unlimited Blade Works] 第一季,1674473
有人吗,1152.17,1,16646914,2025-08-29 23:11:32,2554067,4,战意之所在,Fate/stay night [Unlimited Blade Works] 第一季,1674473
有人吗,569.994,1,16777215,2025-08-29 23:01:41,2554067,4,战意之所在,Fate/stay night [Unlimited Blade Works] 第一季,1674473
大帝,506.864,1,16777215,2025-08-29 23:00:59,2554067,4,战意之所在,Fate/stay night [Unlimited Blade Works] 第一季,1674473
等一下，红A的宝具不是领域吗？,474.26,1,16777215,2025-08-29 13:57:52,2554067,4,战意之所在,Fate/stay night [Unlimited Blade Works] 第一季,1674473
定叫官方好评如潮,153.273,1,16777215,2025-08-29 13:52:31,2554067,4,战意之所在,Fate/stay night [Unlimited Blade Works] 第一季,1674473
先去看zero会好点,405.956,1,16777215,2025-08-29 11:36:17,2554067,4,战意之所在,Fate/stay night [Unlimited Blade Works] 第一季,1674473
后宫番,1013.836,1,16777215,2025-08-29 10:36:18,2554067,4,战意之所在,Fate/stay night [Unlimited Blade Works] 第一季,1674473
好萌,798.507,1,16777215,2025-08-29 10:32:29,2554067,4,战意之所在,Fate/stay night [Unlimited Blade Works] 第一季,1674473
脸红可爱捏,227.893,1,16777215,2025-08-29 10:21:47,2554067,4,战意之所在,Fate/stay night [Unlimited Blade Works] 第一季,1674473
06你也是这样说的,1318.153,1,16777215,2025-08-29 00:01:19,2554067,4,战意之所在,Fate/stay night [Unlimited Blade Works] 第一季,1674473
众所周知,1188.755,1,16777215,2025-08-28 23:05:35,2554067,4,战意之所在,Fate/stay night [Unlimited Blade Works] 第一季,1674473
多人,1133.936,1,16777215,2025-08-28 23:04:28,2554067,4,战意之所在,Fate/stay night [Unlimited Blade Works] 第一季,1674473
主线狂魔还在肝,1158.694,1,16777215,2025-08-28 19:45:23,2554067,4,战意之所在,Fate/stay night [Unlimited Blade Works] 第一季,1674473
骨质疏松，缺少维生素D。,1182.177,1,16777215,2025-08-27 18:38:03,2554067,4,战意之所在,Fate/stay night [Unlimited Blade Works] 第一季,1674473
弓兵的宝具和弓完全没关系，这不是常识吗？,476.01,1,16777215,2025-08-27 15:57:15,2554067,4,战意之所在,Fate/stay night [Unlimited Blade Works] 第一季,1674473
后宫士郎,1135.095,5,15138834,2025-08-27 13:42:30,2554067,4,战意之所在,Fate/stay night [Unlimited Blade Works] 第一季,1674473
我踏马吃吃吃,1070.099,5,15138834,2025-08-27 13:41:14,2554067,4,战意之所在,Fate/stay night [Unlimited Blade Works] 第一季,1674473
可怜的樱,1056.35,5,15138834,2025-08-27 13:40:51,2554067,4,战意之所在,Fate/stay night [Unlimited Blade Works] 第一季,1674473
最强阶职：teacher,740.711,5,15138834,2025-08-27 13:34:37,2554067,4,战意之所在,Fate/stay night [Unlimited Blade Works] 第一季,1674473
补魔补魔,488.401,5,15138834,2025-08-27 13:26:46,2554067,4,战意之所在,Fate/stay night [Unlimited Blade Works] 第一季,1674473
顶级理解,246.875,5,15138834,2025-08-27 13:20:13,2554067,4,战意之所在,Fate/stay night [Unlimited Blade Works] 第一季,1674473
呦，你脸红啦,230.215,1,16777215,2025-08-27 13:19:36,2554067,4,战意之所在,Fate/stay night [Unlimited Blade Works] 第一季,1674473
无限剑制,174.296,1,16777215,2025-08-27 13:18:31,2554067,4,战意之所在,Fate/stay night [Unlimited Blade Works] 第一季,1674473
最强戒指teacher,744.921,1,16777215,2025-08-27 12:34:25,2554067,4,战意之所在,Fate/stay night [Unlimited Blade Works] 第一季,1674473
人民教师,741.678,1,16777215,2025-08-27 12:34:17,2554067,4,战意之所在,Fate/stay night [Unlimited Blade Works] 第一季,1674473
偷税,928.651,1,16777215,2025-08-27 09:41:55,2554067,4,战意之所在,Fate/stay night [Unlimited Blade Works] 第一季,1674473
saber：嗯？好熟悉的伤口愈合方式,332.205,1,16777215,2025-08-26 22:03:38,2554067,4,战意之所在,Fate/stay night [Unlimited Blade Works] 第一季,1674473
那肯定啊，这和06是两条线，大体一致但是细节不同,153.005,1,16777215,2025-08-26 22:00:14,2554067,4,战意之所在,Fate/stay night [Unlimited Blade Works] 第一季,1674473
并非底牌,1274.341,1,16777215,2025-08-26 20:38:57,2554067,4,战意之所在,Fate/stay night [Unlimited Blade Works] 第一季,1674473
吾王美如画,728.255,1,16777215,2025-08-26 14:03:03,2554067,4,战意之所在,Fate/stay night [Unlimited Blade Works] 第一季,1674473
什么味儿的,795.241,1,16777215,2025-08-26 13:33:57,2554067,4,战意之所在,Fate/stay night [Unlimited Blade Works] 第一季,1674473
什么味儿的,795.241,1,16777215,2025-08-26 13:33:50,2554067,4,战意之所在,Fate/stay night [Unlimited Blade Works] 第一季,1674473
好吃！,258.173,1,16777215,2025-08-26 13:25:27,2554067,4,战意之所在,Fate/stay night [Unlimited Blade Works] 第一季,1674473
来打！,428.218,1,16777215,2025-08-26 10:48:19,2554067,4,战意之所在,Fate/stay night [Unlimited Blade Works] 第一季,1674473
我要笑死了哈哈哈哈哈,1136.708,1,16777215,2025-08-26 09:18:48,2554067,4,战意之所在,Fate/stay night [Unlimited Blade Works] 第一季,1674473
亚瑟王:黑化樱才配得上我最强的称号,1068.635,1,16777215,2025-08-25 23:44:31,2554067,4,战意之所在,Fate/stay night [Unlimited Blade Works] 第一季,1674473
金闪闪已经肉体化成功了，他是上届弓手啊,1060.674,1,16777215,2025-08-25 21:58:52,2554067,4,战意之所在,Fate/stay night [Unlimited Blade Works] 第一季,1674473
呆毛王:?,999.581,5,16777215,2025-08-25 18:04:04,2554067,4,战意之所在,Fate/stay night [Unlimited Blade Works] 第一季,1674473
魔术师能不能读弹幕ᕕ( ᐛ )ᕗ,524.348,1,16777215,2025-08-25 17:57:17,2554067,4,战意之所在,Fate/stay night [Unlimited Blade Works] 第一季,1674473
真巧，你猜对了,981.157,1,16777215,2025-08-25 00:14:04,2554067,4,战意之所在,Fate/stay night [Unlimited Blade Works] 第一季,1674473
你好,257.057,1,16777215,2025-08-24 15:11:56,2554067,4,战意之所在,Fate/stay night [Unlimited Blade Works] 第一季,1674473
没人吗,176.603,1,16777215,2025-08-24 12:21:31,2554067,4,战意之所在,Fate/stay night [Unlimited Blade Works] 第一季,1674473
你给路达有,466.991,1,16777215,2025-08-24 02:16:58,2554067,4,战意之所在,Fate/stay night [Unlimited Blade Works] 第一季,1674473
博弈,756.406,5,16777215,2025-08-23 20:46:39,2554067,4,战意之所在,Fate/stay night [Unlimited Blade Works] 第一季,1674473
偷税了,1099.834,1,16777215,2025-08-23 18:11:54,2554067,4,战意之所在,Fate/stay night [Unlimited Blade Works] 第一季,1674473
有点偷税了,1061.054,1,16777215,2025-08-23 18:11:07,2554067,4,战意之所在,Fate/stay night [Unlimited Blade Works] 第一季,1674473
王妃,766.569,1,16777215,2025-08-23 13:05:44,2554067,4,战意之所在,Fate/stay night [Unlimited Blade Works] 第一季,1674473
还真是,982.147,1,16777215,2025-08-23 00:59:19,2554067,4,战意之所在,Fate/stay night [Unlimited Blade Works] 第一季,1674473
麻婆送的衣服哈哈哈,546.05,1,16777215,2025-08-23 00:49:17,2554067,4,战意之所在,Fate/stay night [Unlimited Blade Works] 第一季,1674473
666后宫这一块,1152.028,1,16777215,2025-08-22 23:27:40,2554067,4,战意之所在,Fate/stay night [Unlimited Blade Works] 第一季,1674473
樱瞬间秒懂,1014.489,1,16777215,2025-08-22 16:00:40,2554067,4,战意之所在,Fate/stay night [Unlimited Blade Works] 第一季,1674473
战意之所在,1133.818,1,16707842,2025-08-22 15:06:43,2554067,4,战意之所在,Fate/stay night [Unlimited Blade Works] 第一季,1674473
红A是弓兵关我士郎什么事？但最后还是弓兵么,879.797,1,16777215,2025-08-22 04:25:35,2554067,4,战意之所在,Fate/stay night [Unlimited Blade Works] 第一季,1674473
专业吾王专业！,667.215,1,16776960,2025-08-21 15:31:33,2554067,4,战意之所在,Fate/stay night [Unlimited Blade Works] 第一季,1674473
好美,920.848,1,16777215,2025-08-21 00:21:00,2554067,4,战意之所在,Fate/stay night [Unlimited Blade Works] 第一季,1674473
并非底牌,1265.039,1,16777215,2025-08-21 00:13:37,2554067,4,战意之所在,Fate/stay night [Unlimited Blade Works] 第一季,1674473
看到红A技能，士郎要觉醒了,176.467,1,16777215,2025-08-20 23:34:19,2554067,4,战意之所在,Fate/stay night [Unlimited Blade Works] 第一季,1674473
eater,444.104,1,16777215,2025-08-20 18:59:52,2554067,4,战意之所在,Fate/stay night [Unlimited Blade Works] 第一季,1674473
凛太美了,1250.812,1,16777215,2025-08-20 10:55:18,2554067,4,战意之所在,Fate/stay night [Unlimited Blade Works] 第一季,1674473
teacher<刺客<绮礼,464.797,1,16777215,2025-08-19 22:54:54,2554067,4,战意之所在,Fate/stay night [Unlimited Blade Works] 第一季,1674473
有个人左手拿着冰激凛右手拿着加特凛,1198.739,1,16777215,2025-08-19 22:33:35,2554067,4,战意之所在,Fate/stay night [Unlimited Blade Works] 第一季,1674473
卫宫家的饭,1069.988,1,16777215,2025-08-19 19:40:01,2554067,4,战意之所在,Fate/stay night [Unlimited Blade Works] 第一季,1674473
确实是,983.801,1,16777215,2025-08-19 19:38:41,2554067,4,战意之所在,Fate/stay night [Unlimited Blade Works] 第一季,1674473
无限剑制：那我走,1274.566,1,16777215,2025-08-19 17:37:44,2554067,4,战意之所在,Fate/stay night [Unlimited Blade Works] 第一季,1674473
看的我一股无名火,1127.046,1,16777215,2025-08-19 12:52:20,2554067,4,战意之所在,Fate/stay night [Unlimited Blade Works] 第一季,1674473
偷税吧少年,934.061,1,16777215,2025-08-19 12:14:57,2554067,4,战意之所在,Fate/stay night [Unlimited Blade Works] 第一季,1674473
下次见面杀了你(doge),224.629,1,16777215,2025-08-19 12:03:55,2554067,4,战意之所在,Fate/stay night [Unlimited Blade Works] 第一季,1674473
事已至此，先吃饭吧,544.186,1,16777215,2025-08-19 10:30:15,2554067,4,战意之所在,Fate/stay night [Unlimited Blade Works] 第一季,1674473
zero里吾王好像没吃过东西。,600.621,1,16777215,2025-08-18 21:39:16,2554067,4,战意之所在,Fate/stay night [Unlimited Blade Works] 第一季,1674473
还是自己了解自己,1309.416,1,9599289,2025-08-18 21:27:49,2554067,4,战意之所在,Fate/stay night [Unlimited Blade Works] 第一季,1674473
好乖巧啊,298.396,1,9599289,2025-08-18 20:45:14,2554067,4,战意之所在,Fate/stay night [Unlimited Blade Works] 第一季,1674473
Saber：一看就不是亲生的,356.735,1,16777215,2025-08-18 20:20:47,2554067,4,战意之所在,Fate/stay night [Unlimited Blade Works] 第一季,1674473
尼罗鳄,1198.844,1,16777215,2025-08-18 19:26:08,2554067,4,战意之所在,Fate/stay night [Unlimited Blade Works] 第一季,1674473
那真的很露骨了,1161.559,1,16777215,2025-08-18 18:19:06,2554067,4,战意之所在,Fate/stay night [Unlimited Blade Works] 第一季,1674473
吾王小小的一只,1055.149,1,16777215,2025-08-18 12:46:19,2554067,4,战意之所在,Fate/stay night [Unlimited Blade Works] 第一季,1674473
四战御主：这一届是在过家家,254.67,1,16776960,2025-08-18 00:02:06,2554067,4,战意之所在,Fate/stay night [Unlimited Blade Works] 第一季,1674473
这里不安全动不动就是瓦斯泄露!!!,845.876,1,16777215,2025-08-17 23:18:48,2554067,4,战意之所在,Fate/stay night [Unlimited Blade Works] 第一季,1674473
看到樱吃东西有点阴影,1066.815,1,16777215,2025-08-17 22:54:26,2554067,4,战意之所在,Fate/stay night [Unlimited Blade Works] 第一季,1674473
所以saber 能吃是因为士郎的魔力不够吗,588.756,1,16777215,2025-08-17 22:44:02,2554067,4,战意之所在,Fate/stay night [Unlimited Blade Works] 第一季,1674473
好萌！！！！！,499.345,5,8700107,2025-08-17 04:54:52,2554067,4,战意之所在,Fate/stay night [Unlimited Blade Works] 第一季,1674473
真巧,985.292,1,16777215,2025-08-17 01:03:29,2554067,4,战意之所在,Fate/stay night [Unlimited Blade Works] 第一季,1674473
车力巨人吗有点意思,1185.738,1,15138834,2025-08-16 23:41:06,2554067,4,战意之所在,Fate/stay night [Unlimited Blade Works] 第一季,1674473
教师,747.487,1,16777215,2025-08-16 23:04:00,2554067,4,战意之所在,Fate/stay night [Unlimited Blade Works] 第一季,1674473
没有啊，他对于正义的伙伴很感兴趣啊,906.5,1,16777215,2025-08-16 21:18:31,2554067,4,战意之所在,Fate/stay night [Unlimited Blade Works] 第一季,1674473
saber太可爱了的吗,516.024,1,16777215,2025-08-16 20:44:16,2554067,4,战意之所在,Fate/stay night [Unlimited Blade Works] 第一季,1674473
逆天啊,1126.305,5,16707842,2025-08-16 17:38:51,2554067,4,战意之所在,Fate/stay night [Unlimited Blade Works] 第一季,1674473
逆天啊,1029.734,5,16707842,2025-08-16 17:36:43,2554067,4,战意之所在,Fate/stay night [Unlimited Blade Works] 第一季,1674473
不对，只是在一个被窝哦,1003.911,5,16707842,2025-08-16 17:35:47,2554067,4,战意之所在,Fate/stay night [Unlimited Blade Works] 第一季,1674473
它是未来coster的主人,819.115,5,41194,2025-08-16 17:32:15,2554067,4,战意之所在,Fate/stay night [Unlimited Blade Works] 第一季,1674473
魔女的余香,1214.277,1,16777215,2025-08-16 14:23:17,2554067,4,战意之所在,Fate/stay night [Unlimited Blade Works] 第一季,1674473
这里樱说的saber打书名号了,1006.806,5,15138834,2025-08-16 08:06:59,2554067,4,战意之所在,Fate/stay night [Unlimited Blade Works] 第一季,1674473
有人吗 ,1174.539,1,16777215,2025-08-15 22:15:58,2554067,4,战意之所在,Fate/stay night [Unlimited Blade Works] 第一季,1674473
nein,1324.354,1,16777215,2025-08-15 14:33:45,2554067,4,战意之所在,Fate/stay night [Unlimited Blade Works] 第一季,1674473
老爹的仇人,981.72,1,16777215,2025-08-15 14:03:14,2554067,4,战意之所在,Fate/stay night [Unlimited Blade Works] 第一季,1674473
呆毛的弱点是什么？圆桌的悲剧算吗？,398.877,1,16777215,2025-08-15 11:03:58,2554067,4,战意之所在,Fate/stay night [Unlimited Blade Works] 第一季,1674473
起源连接上了,173.771,1,16777215,2025-08-15 11:01:16,2554067,4,战意之所在,Fate/stay night [Unlimited Blade Works] 第一季,1674473
我懂我懂，瓦斯又泄露了,1181.853,5,15138834,2025-08-14 22:19:25,2554067,4,战意之所在,Fate/stay night [Unlimited Blade Works] 第一季,1674473
真正最强：writer,423.635,5,15138834,2025-08-14 20:37:58,2554067,4,战意之所在,Fate/stay night [Unlimited Blade Works] 第一季,1674473
我是剑骨头,167.602,5,6830715,2025-08-14 20:21:58,2554067,4,战意之所在,Fate/stay night [Unlimited Blade Works] 第一季,1674473
sab线噶腰子了,359.148,1,16777215,2025-08-14 19:30:13,2554067,4,战意之所在,Fate/stay night [Unlimited Blade Works] 第一季,1674473
eater,401.335,1,16777215,2025-08-14 10:28:28,2554067,4,战意之所在,Fate/stay night [Unlimited Blade Works] 第一季,1674473
防火墙,1144.667,1,16777215,2025-08-13 20:52:39,2554067,4,战意之所在,Fate/stay night [Unlimited Blade Works] 第一季,1674473
我嘞个,1121.379,1,16777215,2025-08-13 20:52:08,2554067,4,战意之所在,Fate/stay night [Unlimited Blade Works] 第一季,1674473
是凛送Saber的洋装,322.683,1,16777215,2025-08-13 20:49:58,2554067,4,战意之所在,Fate/stay night [Unlimited Blade Works] 第一季,1674473
凜：我獨自升級,1163.708,5,16777215,2025-08-13 19:43:19,2554067,4,战意之所在,Fate/stay night [Unlimited Blade Works] 第一季,1674473
王：发生甚么事了,1023.466,1,16777215,2025-08-13 18:49:42,2554067,4,战意之所在,Fate/stay night [Unlimited Blade Works] 第一季,1674473
还真的是,992.219,1,16777215,2025-08-13 16:15:07,2554067,4,战意之所在,Fate/stay night [Unlimited Blade Works] 第一季,1674473
给  吓呆了,692.511,1,16777215,2025-08-13 16:12:48,2554067,4,战意之所在,Fate/stay night [Unlimited Blade Works] 第一季,1674473
补魔,189.866,5,15138834,2025-08-13 14:09:39,2554067,4,战意之所在,Fate/stay night [Unlimited Blade Works] 第一季,1674473
还真是,986.221,1,16776960,2025-08-13 10:22:17,2554067,4,战意之所在,Fate/stay night [Unlimited Blade Works] 第一季,1674473
好大的桌子,1068.541,1,16777215,2025-08-13 09:49:24,2554067,4,战意之所在,Fate/stay night [Unlimited Blade Works] 第一季,1674473
触发关键词,258.034,1,16777215,2025-08-13 01:09:44,2554067,4,战意之所在,Fate/stay night [Unlimited Blade Works] 第一季,1674473
偷税,940.061,1,16777215,2025-08-12 11:44:57,2554067,4,战意之所在,Fate/stay night [Unlimited Blade Works] 第一季,1674473
还真是,974.965,5,15138834,2025-08-12 00:51:47,2554067,4,战意之所在,Fate/stay night [Unlimited Blade Works] 第一季,1674473
R姐唱的好,1435.116,1,16777215,2025-08-11 23:44:22,2554067,4,战意之所在,Fate/stay night [Unlimited Blade Works] 第一季,1674473
这对吃cp向的出来，我保证打死,1247.14,5,15138834,2025-08-11 18:27:13,2554067,4,战意之所在,Fate/stay night [Unlimited Blade Works] 第一季,1674473
build,458.548,1,16777215,2025-08-11 13:37:12,2554067,4,战意之所在,Fate/stay night [Unlimited Blade Works] 第一季,1674473
我嘞个底牌,1281.537,1,16777215,2025-08-11 10:21:31,2554067,4,战意之所在,Fate/stay night [Unlimited Blade Works] 第一季,1674473
还真是,978.059,1,16777215,2025-08-11 02:00:39,2554067,4,战意之所在,Fate/stay night [Unlimited Blade Works] 第一季,1674473
原作里好像有给配方,1241.552,5,16777215,2025-08-11 01:36:02,2554067,4,战意之所在,Fate/stay night [Unlimited Blade Works] 第一季,1674473
卫宫家今天的修罗场,994.274,5,16777215,2025-08-11 01:30:25,2554067,4,战意之所在,Fate/stay night [Unlimited Blade Works] 第一季,1674473
可爱捏,1161.595,1,16777215,2025-08-10 23:09:16,2554067,4,战意之所在,Fate/stay night [Unlimited Blade Works] 第一季,1674473
凛好美,1236.129,1,16777215,2025-08-10 23:05:32,2554067,4,战意之所在,Fate/stay night [Unlimited Blade Works] 第一季,1674473
老虎既然是一位英语老师为什么不会怀疑一个女孩子竟然叫做军刀,1023.316,1,16777215,2025-08-10 20:52:05,2554067,4,战意之所在,Fate/stay night [Unlimited Blade Works] 第一季,1674473
折棒,908.009,1,16777215,2025-08-10 20:48:51,2554067,4,战意之所在,Fate/stay night [Unlimited Blade Works] 第一季,1674473
准度,1170.821,1,16707842,2025-08-10 18:37:09,2554067,4,战意之所在,Fate/stay night [Unlimited Blade Works] 第一季,1674473
哇袄！,571.584,1,16707842,2025-08-10 18:24:37,2554067,4,战意之所在,Fate/stay night [Unlimited Blade Works] 第一季,1674473
贴身保镖,643.73,1,16777215,2025-08-10 13:57:07,2554067,4,战意之所在,Fate/stay night [Unlimited Blade Works] 第一季,1674473
摄影师今天晚上和乌鸦坐一桌,18.96,1,16777215,2025-08-10 13:40:20,2554067,4,战意之所在,Fate/stay night [Unlimited Blade Works] 第一季,1674473
还真是,984.279,1,16777215,2025-08-10 13:21:02,2554067,4,战意之所在,Fate/stay night [Unlimited Blade Works] 第一季,1674473
好萌,527.938,1,16777215,2025-08-10 10:14:05,2554067,4,战意之所在,Fate/stay night [Unlimited Blade Works] 第一季,1674473
要宫斗了！,1125.501,1,16777215,2025-08-09 21:16:37,2554067,4,战意之所在,Fate/stay night [Unlimited Blade Works] 第一季,1674473
樱：不好，我的士郎的心要到其他人了！,1056.197,1,16777215,2025-08-09 21:15:06,2554067,4,战意之所在,Fate/stay night [Unlimited Blade Works] 第一季,1674473
骑士王变成萌王了,840.346,1,16777215,2025-08-09 21:10:31,2554067,4,战意之所在,Fate/stay night [Unlimited Blade Works] 第一季,1674473
你别说，还真是,986.083,1,16777215,2025-08-09 16:17:01,2554067,4,战意之所在,Fate/stay night [Unlimited Blade Works] 第一季,1674473
怎么看出来的?,785.471,1,16777215,2025-08-09 16:13:40,2554067,4,战意之所在,Fate/stay night [Unlimited Blade Works] 第一季,1674473
卫宫家今天的饭,586.3,1,16777215,2025-08-09 16:07:38,2554067,4,战意之所在,Fate/stay night [Unlimited Blade Works] 第一季,1674473
Zero里穿的是西装,551.735,1,16777215,2025-08-09 16:06:56,2554067,4,战意之所在,Fate/stay night [Unlimited Blade Works] 第一季,1674473
你给咯,458.771,1,16777215,2025-08-09 16:04:57,2554067,4,战意之所在,Fate/stay night [Unlimited Blade Works] 第一季,1674473
泡泡茶壶,232.06,1,16777215,2025-08-09 16:01:14,2554067,4,战意之所在,Fate/stay night [Unlimited Blade Works] 第一季,1674473
就怕她又开门说我们又见面了,266.965,1,16777215,2025-08-08 21:58:14,2554067,4,战意之所在,Fate/stay night [Unlimited Blade Works] 第一季,1674473
好可爱,835.793,1,14811775,2025-08-08 21:44:38,2554067,4,战意之所在,Fate/stay night [Unlimited Blade Works] 第一季,1674473
傲娇哈哈哈,229.368,1,16777215,2025-08-08 21:37:54,2554067,4,战意之所在,Fate/stay night [Unlimited Blade Works] 第一季,1674473
大招还没放呢,1260.802,1,16777215,2025-08-08 20:56:26,2554067,4,战意之所在,Fate/stay night [Unlimited Blade Works] 第一季,1674473
无限剑制来一套[dog],36.798,1,16777215,2025-08-08 20:43:00,2554067,4,战意之所在,Fate/stay night [Unlimited Blade Works] 第一季,1674473
咋这可爱呢,835.612,1,16777215,2025-08-08 15:21:33,2554067,4,战意之所在,Fate/stay night [Unlimited Blade Works] 第一季,1674473
teacher,734.463,1,16777215,2025-08-08 15:19:32,2554067,4,战意之所在,Fate/stay night [Unlimited Blade Works] 第一季,1674473
可爱的嘴,629.52,1,16777215,2025-08-08 15:17:29,2554067,4,战意之所在,Fate/stay night [Unlimited Blade Works] 第一季,1674473
好可爱啊,547.126,1,16777215,2025-08-08 15:15:32,2554067,4,战意之所在,Fate/stay night [Unlimited Blade Works] 第一季,1674473
比06版好多了06版两人都是被腰斩,344.989,1,16777215,2025-08-08 15:11:48,2554067,4,战意之所在,Fate/stay night [Unlimited Blade Works] 第一季,1674473
剑鞘,328.13,1,16777215,2025-08-08 15:11:02,2554067,4,战意之所在,Fate/stay night [Unlimited Blade Works] 第一季,1674473
无限剑制,174.54,1,16777215,2025-08-08 15:08:24,2554067,4,战意之所在,Fate/stay night [Unlimited Blade Works] 第一季,1674473
我信（Doge）,1323.845,1,16777215,2025-08-08 09:09:25,2554067,4,战意之所在,Fate/stay night [Unlimited Blade Works] 第一季,1674473
偷税,927.822,1,16777215,2025-08-08 09:02:53,2554067,4,战意之所在,Fate/stay night [Unlimited Blade Works] 第一季,1674473
无限剑制,177.668,1,16777215,2025-08-08 08:50:46,2554067,4,战意之所在,Fate/stay night [Unlimited Blade Works] 第一季,1674473
amozon！,438.127,5,15138834,2025-08-08 03:21:39,2554067,4,战意之所在,Fate/stay night [Unlimited Blade Works] 第一季,1674473
小樱吃醋了？（doge,684.583,1,6830715,2025-08-08 00:21:31,2554067,4,战意之所在,Fate/stay night [Unlimited Blade Works] 第一季,1674473
天堂制造,1338.035,1,16777215,2025-08-07 21:19:21,2554067,4,战意之所在,Fate/stay night [Unlimited Blade Works] 第一季,1674473
贫胸,56.96,1,16777215,2025-08-07 20:58:58,2554067,4,战意之所在,Fate/stay night [Unlimited Blade Works] 第一季,1674473
还 真 是,978.782,1,16707842,2025-08-07 16:06:21,2554067,4,战意之所在,Fate/stay night [Unlimited Blade Works] 第一季,1674473
正片开始了,575.431,1,16777215,2025-08-07 13:57:56,2554067,4,战意之所在,Fate/stay night [Unlimited Blade Works] 第一季,1674473
这是美食番吧,1087.856,1,16777215,2025-08-07 12:27:00,2554067,4,战意之所在,Fate/stay night [Unlimited Blade Works] 第一季,1674473
石头唱得好,152.747,1,16777215,2025-08-06 23:37:49,2554067,4,战意之所在,Fate/stay night [Unlimited Blade Works] 第一季,1674473
国际象棋,426.953,1,16777215,2025-08-06 22:22:31,2554067,4,战意之所在,Fate/stay night [Unlimited Blade Works] 第一季,1674473
众所周知，红a的伪螺旋剑只是一个会消耗两个战技点的平a,1289.466,1,16777215,2025-08-06 21:10:37,2554067,4,战意之所在,Fate/stay night [Unlimited Blade Works] 第一季,1674473
帅爆了,1333.26,1,16777215,2025-08-06 20:23:34,2554067,4,战意之所在,Fate/stay night [Unlimited Blade Works] 第一季,1674473
啊这,1124.89,1,16777215,2025-08-06 20:19:13,2554067,4,战意之所在,Fate/stay night [Unlimited Blade Works] 第一季,1674473
不好,1413.121,1,16777215,2025-08-06 19:52:58,2554067,4,战意之所在,Fate/stay night [Unlimited Blade Works] 第一季,1674473
超电磁炮,1192.191,1,16777215,2025-08-06 17:24:22,2554067,4,战意之所在,Fate/stay night [Unlimited Blade Works] 第一季,1674473
演员的诞生,1277.186,1,15138834,2025-08-06 05:52:06,2554067,4,战意之所在,Fate/stay night [Unlimited Blade Works] 第一季,1674473
日常泄露,1248.738,1,16777215,2025-08-06 05:42:22,2554067,4,战意之所在,Fate/stay night [Unlimited Blade Works] 第一季,1674473
没了底牌还有杀招,1271.867,5,15138834,2025-08-06 02:02:30,2554067,4,战意之所在,Fate/stay night [Unlimited Blade Works] 第一季,1674473
近战弓兵可不是浪得虚名,881.353,5,15138834,2025-08-06 01:54:47,2554067,4,战意之所在,Fate/stay night [Unlimited Blade Works] 第一季,1674473
剑骨头,174.91,1,16777215,2025-08-06 01:40:52,2554067,4,战意之所在,Fate/stay night [Unlimited Blade Works] 第一季,1674473
teacher嘛,749.451,1,16777215,2025-08-06 01:23:46,2554067,4,战意之所在,Fate/stay night [Unlimited Blade Works] 第一季,1674473
这样的学校，卧虎藏龙啊,850.473,1,16777215,2025-08-06 01:02:26,2554067,4,战意之所在,Fate/stay night [Unlimited Blade Works] 第一季,1674473
大帝：S0,490.243,1,16777215,2025-08-05 23:03:38,2554067,4,战意之所在,Fate/stay night [Unlimited Blade Works] 第一季,1674473
聊天高手,250.394,1,16777215,2025-08-05 21:59:57,2554067,4,战意之所在,Fate/stay night [Unlimited Blade Works] 第一季,1674473
最强英灵teacher。,766.275,1,16777215,2025-08-05 20:55:53,2554067,4,战意之所在,Fate/stay night [Unlimited Blade Works] 第一季,1674473
这条线好像伊莉雅搬不过来了,1142.489,5,16777215,2025-08-05 20:19:33,2554067,4,战意之所在,Fate/stay night [Unlimited Blade Works] 第一季,1674473
7大职阶有8个,826.231,1,16777215,2025-08-05 13:58:19,2554067,4,战意之所在,Fate/stay night [Unlimited Blade Works] 第一季,1674473
凛好帅,1195.129,1,16777215,2025-08-05 13:20:22,2554067,4,战意之所在,Fate/stay night [Unlimited Blade Works] 第一季,1674473
呆毛:“跟对人了！”,589.339,5,15138834,2025-08-05 13:19:42,2554067,4,战意之所在,Fate/stay night [Unlimited Blade Works] 第一季,1674473
saber好可爱,1146.875,1,16777215,2025-08-05 13:19:01,2554067,4,战意之所在,Fate/stay night [Unlimited Blade Works] 第一季,1674473
咲太：小子挺有天赋的啊,1130.697,5,16777215,2025-08-05 13:18:52,2554067,4,战意之所在,Fate/stay night [Unlimited Blade Works] 第一季,1674473
你说什么？saber？！,1004.933,5,16777215,2025-08-05 13:16:31,2554067,4,战意之所在,Fate/stay night [Unlimited Blade Works] 第一季,1674473
诶你怎么死了,1350.888,1,16777215,2025-08-05 08:16:38,2554067,4,战意之所在,Fate/stay night [Unlimited Blade Works] 第一季,1674473
骨架犬,1163.706,5,6830715,2025-08-05 07:57:56,2554067,4,战意之所在,Fate/stay night [Unlimited Blade Works] 第一季,1674473
叉叉叉,369.547,1,15138834,2025-08-05 02:38:58,2554067,4,战意之所在,Fate/stay night [Unlimited Blade Works] 第一季,1674473
住前辈家就不用被二爷艹了,1134.03,1,16777215,2025-08-04 22:25:13,2554067,4,战意之所在,Fate/stay night [Unlimited Blade Works] 第一季,1674473
这个呆毛就是想玩,842.156,1,16777215,2025-08-04 18:01:04,2554067,4,战意之所在,Fate/stay night [Unlimited Blade Works] 第一季,1674473
saber：十年前还天天穿的像个保镖,546.489,1,16777215,2025-08-04 13:03:43,2554067,4,战意之所在,Fate/stay night [Unlimited Blade Works] 第一季,1674473
doctor,436.132,1,16777215,2025-08-04 13:00:47,2554067,4,战意之所在,Fate/stay night [Unlimited Blade Works] 第一季,1674473
eater,433.913,1,16777215,2025-08-04 13:00:39,2554067,4,战意之所在,Fate/stay night [Unlimited Blade Works] 第一季,1674473
超高技术力,1196.089,1,16777215,2025-08-04 02:38:46,2554067,4,战意之所在,Fate/stay night [Unlimited Blade Works] 第一季,1674473
不好意思，我有很多底牌,1272.396,1,16777215,2025-08-04 00:02:17,2554067,4,战意之所在,Fate/stay night [Unlimited Blade Works] 第一季,1674473
你确定是底牌？,1269.507,1,16777215,2025-08-03 22:25:21,2554067,4,战意之所在,Fate/stay night [Unlimited Blade Works] 第一季,1674473
添柴!,246.463,1,16707842,2025-08-03 19:30:09,2554067,4,战意之所在,Fate/stay night [Unlimited Blade Works] 第一季,1674473
灯光师椰开了,28.271,1,16707842,2025-08-03 19:24:37,2554067,4,战意之所在,Fate/stay night [Unlimited Blade Works] 第一季,1674473
摄影师开了,21.136,1,16777215,2025-08-03 19:24:22,2554067,4,战意之所在,Fate/stay night [Unlimited Blade Works] 第一季,1674473
拉姆雷姆,12.6,1,16777215,2025-08-03 18:13:21,2554067,4,战意之所在,Fate/stay night [Unlimited Blade Works] 第一季,1674473
T阶葛木,847.57,1,16777215,2025-08-03 16:44:36,2554067,4,战意之所在,Fate/stay night [Unlimited Blade Works] 第一季,1674473
有的有的,37.694,1,16777215,2025-08-02 22:07:53,2554067,4,战意之所在,Fate/stay night [Unlimited Blade Works] 第一季,1674473
注：有不需真名解放的宝具,491.619,5,16777215,2025-08-02 19:30:41,2554067,4,战意之所在,Fate/stay night [Unlimited Blade Works] 第一季,1674473
我赤我赤,260.68,1,16777215,2025-08-02 17:23:19,2554067,4,战意之所在,Fate/stay night [Unlimited Blade Works] 第一季,1674473
正片结束,161.754,1,16777215,2025-08-02 17:21:30,2554067,4,战意之所在,Fate/stay night [Unlimited Blade Works] 第一季,1674473
teacher,743.746,1,16777215,2025-08-02 17:04:51,2554067,4,战意之所在,Fate/stay night [Unlimited Blade Works] 第一季,1674473
吾王眨了一下眼睛好萌啊,1128.463,1,16777215,2025-08-02 15:11:12,2554067,4,战意之所在,Fate/stay night [Unlimited Blade Works] 第一季,1674473
也没见谁因为暴露真名死了,399.976,5,15138834,2025-08-01 19:42:51,2554067,4,战意之所在,Fate/stay night [Unlimited Blade Works] 第一季,1674473
放开我来,573.162,1,16777215,2025-08-01 18:47:55,2554067,4,战意之所在,Fate/stay night [Unlimited Blade Works] 第一季,1674473
father,440.205,1,16777215,2025-08-01 18:41:52,2554067,4,战意之所在,Fate/stay night [Unlimited Blade Works] 第一季,1674473
吾王美如画,302.546,1,16777215,2025-08-01 17:19:15,2554067,4,战意之所在,Fate/stay night [Unlimited Blade Works] 第一季,1674473
凛:这对吗？,1145.375,1,15138834,2025-08-01 13:57:19,2554067,4,战意之所在,Fate/stay night [Unlimited Blade Works] 第一季,1674473
saber:毕竟食堂还没有找到呢,838.501,1,16777215,2025-08-01 13:50:57,2554067,4,战意之所在,Fate/stay night [Unlimited Blade Works] 第一季,1674473
Father,440.783,5,9487136,2025-08-01 10:26:48,2554067,4,战意之所在,Fate/stay night [Unlimited Blade Works] 第一季,1674473
给孩子高兴的,1131.845,1,16777215,2025-08-01 03:50:06,2554067,4,战意之所在,Fate/stay night [Unlimited Blade Works] 第一季,1674473
不受伤是不可能的。。背后肯定不少折磨,1058.645,1,16777215,2025-08-01 02:42:39,2554067,4,战意之所在,Fate/stay night [Unlimited Blade Works] 第一季,1674473
这个地方可真方啊,684.105,1,16777215,2025-08-01 00:21:01,2554067,4,战意之所在,Fate/stay night [Unlimited Blade Works] 第一季,1674473
哪个卡莲，不会是那个吧？,562.987,1,38979,2025-07-31 22:07:18,2554067,4,战意之所在,Fate/stay night [Unlimited Blade Works] 第一季,1674473
开了,977.959,1,16777215,2025-07-31 21:04:45,2554067,4,战意之所在,Fate/stay night [Unlimited Blade Works] 第一季,1674473
进度条   危,1250.994,1,16777215,2025-07-31 20:18:29,2554067,4,战意之所在,Fate/stay night [Unlimited Blade Works] 第一季,1674473
一般来说，英灵被召唤也会懂得这个时代的知识，所以筷子也会用,605.043,1,16777215,2025-07-31 20:06:02,2554067,4,战意之所在,Fate/stay night [Unlimited Blade Works] 第一季,1674473
还真是,986.879,1,16777215,2025-07-31 17:37:32,2554067,4,战意之所在,Fate/stay night [Unlimited Blade Works] 第一季,1674473
都当archer了,894.377,1,16777215,2025-07-31 17:36:23,2554067,4,战意之所在,Fate/stay night [Unlimited Blade Works] 第一季,1674473
平a说成底牌了,1272.575,1,16777215,2025-07-31 16:49:05,2554067,4,战意之所在,Fate/stay night [Unlimited Blade Works] 第一季,1674473
臣附议,721.592,1,16777215,2025-07-31 10:38:49,2554067,4,战意之所在,Fate/stay night [Unlimited Blade Works] 第一季,1674473
没人？,161.478,1,16777215,2025-07-30 22:09:26,2554067,4,战意之所在,Fate/stay night [Unlimited Blade Works] 第一季,1674473
第八智杰teacher,744.114,1,16777215,2025-07-30 17:57:04,2554067,4,战意之所在,Fate/stay night [Unlimited Blade Works] 第一季,1674473
比06版剧情多了好多，还有点不一样,17.747,1,16777215,2025-07-30 17:51:15,2554067,4,战意之所在,Fate/stay night [Unlimited Blade Works] 第一季,1674473
车力巨人,1182.791,1,8700107,2025-07-30 16:16:14,2554067,4,战意之所在,Fate/stay night [Unlimited Blade Works] 第一季,1674473
樱补药伤心了，这条主线不属于你,1057.545,1,15138834,2025-07-30 16:10:55,2554067,4,战意之所在,Fate/stay night [Unlimited Blade Works] 第一季,1674473
恋爱脑saber,378.245,1,16777215,2025-07-30 15:37:19,2554067,4,战意之所在,Fate/stay night [Unlimited Blade Works] 第一季,1674473
你给路哒呦,456.233,1,16777215,2025-07-30 12:28:23,2554067,4,战意之所在,Fate/stay night [Unlimited Blade Works] 第一季,1674473
开后宫,1133.995,1,16777215,2025-07-30 10:04:56,2554067,4,战意之所在,Fate/stay night [Unlimited Blade Works] 第一季,1674473
太美了,322.75,1,16777215,2025-07-30 09:43:40,2554067,4,战意之所在,Fate/stay night [Unlimited Blade Works] 第一季,1674473
没人？,1173.844,1,16777215,2025-07-30 08:44:26,2554067,4,战意之所在,Fate/stay night [Unlimited Blade Works] 第一季,1674473
你最好说到做到,1336.681,1,16777215,2025-07-29 23:12:15,2554067,4,战意之所在,Fate/stay night [Unlimited Blade Works] 第一季,1674473
每个老师具备的特征,829.317,5,15138834,2025-07-29 22:43:19,2554067,4,战意之所在,Fate/stay night [Unlimited Blade Works] 第一季,1674473
啊？,1130.874,1,16777215,2025-07-29 22:25:20,2554067,4,战意之所在,Fate/stay night [Unlimited Blade Works] 第一季,1674473
大胃呆,1076.476,1,16777215,2025-07-29 18:12:50,2554067,4,战意之所在,Fate/stay night [Unlimited Blade Works] 第一季,1674473
还有Cooker,436.194,1,16777215,2025-07-29 17:38:29,2554067,4,战意之所在,Fate/stay night [Unlimited Blade Works] 第一季,1674473
这个脸。。,176.406,1,16777215,2025-07-29 17:30:56,2554067,4,战意之所在,Fate/stay night [Unlimited Blade Works] 第一季,1674473
吾王美如画,302.271,1,16707842,2025-07-29 16:33:04,2554067,4,战意之所在,Fate/stay night [Unlimited Blade Works] 第一季,1674473
干饭干饭,552.036,1,16777215,2025-07-29 13:35:37,2554067,4,战意之所在,Fate/stay night [Unlimited Blade Works] 第一季,1674473
下亿次,1332.011,1,16777215,2025-07-29 11:45:04,2554067,4,战意之所在,Fate/stay night [Unlimited Blade Works] 第一季,1674473
请自重.jpg,372.372,1,16777215,2025-07-29 11:20:47,2554067,4,战意之所在,Fate/stay night [Unlimited Blade Works] 第一季,1674473
Saber秒变eater。,574.232,1,16777215,2025-07-29 02:08:41,2554067,4,战意之所在,Fate/stay night [Unlimited Blade Works] 第一季,1674473
还有一个eater。,443.829,1,16777215,2025-07-29 02:05:50,2554067,4,战意之所在,Fate/stay night [Unlimited Blade Works] 第一季,1674473
每季必备报菜名,424.08,1,16777215,2025-07-28 21:54:23,2554067,4,战意之所在,Fate/stay night [Unlimited Blade Works] 第一季,1674473
所以金闪闪是弓兵,430.456,1,16777215,2025-07-28 17:45:20,2554067,4,战意之所在,Fate/stay night [Unlimited Blade Works] 第一季,1674473
486救一下,1211.5,1,16777215,2025-07-28 17:24:01,2554067,4,战意之所在,Fate/stay night [Unlimited Blade Works] 第一季,1674473
好可爱,545.707,1,16777215,2025-07-28 17:16:33,2554067,4,战意之所在,Fate/stay night [Unlimited Blade Works] 第一季,1674473
卫宫危！！！,248.621,1,15138834,2025-07-28 06:36:24,2554067,4,战意之所在,Fate/stay night [Unlimited Blade Works] 第一季,1674473
傲娇喔,230.061,1,16777215,2025-07-28 06:35:36,2554067,4,战意之所在,Fate/stay night [Unlimited Blade Works] 第一季,1674473
防光敏,119.861,1,16777215,2025-07-28 06:33:21,2554067,4,战意之所在,Fate/stay night [Unlimited Blade Works] 第一季,1674473
轻小说看多了吧,1125.826,1,16777215,2025-07-28 03:31:25,2554067,4,战意之所在,Fate/stay night [Unlimited Blade Works] 第一季,1674473
止境武夫,814.969,5,16707842,2025-07-27 23:47:29,2554067,4,战意之所在,Fate/stay night [Unlimited Blade Works] 第一季,1674473
你，没穿校服，开年级违纪单,753.684,1,16777215,2025-07-27 22:58:19,2554067,4,战意之所在,Fate/stay night [Unlimited Blade Works] 第一季,1674473
还真是熟人,984.297,1,16777215,2025-07-27 22:15:15,2554067,4,战意之所在,Fate/stay night [Unlimited Blade Works] 第一季,1674473
伊利雅可爱捏～,18.324,1,16777215,2025-07-27 21:57:22,2554067,4,战意之所在,Fate/stay night [Unlimited Blade Works] 第一季,1674473
还真是,977.731,5,16777215,2025-07-27 18:23:48,2554067,4,战意之所在,Fate/stay night [Unlimited Blade Works] 第一季,1674473
人乃铁饭为钢，一食不饱大至。,1076.529,5,15138834,2025-07-27 14:00:42,2554067,4,战意之所在,Fate/stay night [Unlimited Blade Works] 第一季,1674473
反侦察,632.341,1,16776960,2025-07-27 08:51:01,2554067,4,战意之所在,Fate/stay night [Unlimited Blade Works] 第一季,1674473
然后发现这两人经常半夜跑出去一身疲惫地回来,1145.285,1,16777215,2025-07-27 00:11:05,2554067,4,战意之所在,Fate/stay night [Unlimited Blade Works] 第一季,1674473
理想燃烧的地狱,169.079,1,16777215,2025-07-26 21:07:26,2554067,4,战意之所在,Fate/stay night [Unlimited Blade Works] 第一季,1674473
看大小,421.711,1,16777215,2025-07-26 18:55:17,2554067,4,战意之所在,Fate/stay night [Unlimited Blade Works] 第一季,1674473
士郎是红A？,932.256,1,16777215,2025-07-26 18:51:15,2554067,4,战意之所在,Fate/stay night [Unlimited Blade Works] 第一季,1674473
确实气温骤降,1087.492,1,16777215,2025-07-26 14:57:17,2554067,4,战意之所在,Fate/stay night [Unlimited Blade Works] 第一季,1674473
到底谁是女主角啊，有点分不清,1174.444,1,16777215,2025-07-26 12:50:38,2554067,4,战意之所在,Fate/stay night [Unlimited Blade Works] 第一季,1674473
到底谁是女主,1174.444,1,16777215,2025-07-26 12:50:23,2554067,4,战意之所在,Fate/stay night [Unlimited Blade Works] 第一季,1674473
这时候式姐已经结婚4年了,941.5,1,16777215,2025-07-26 00:41:30,2554067,4,战意之所在,Fate/stay night [Unlimited Blade Works] 第一季,1674473
迪亚哥？,1203.63,1,16777215,2025-07-25 23:20:31,2554067,4,战意之所在,Fate/stay night [Unlimited Blade Works] 第一季,1674473
卫宫巨侠,896.94,5,16777215,2025-07-25 23:10:56,2554067,4,战意之所在,Fate/stay night [Unlimited Blade Works] 第一季,1674473
愉悦,942.079,1,16777215,2025-07-25 20:39:05,2554067,4,战意之所在,Fate/stay night [Unlimited Blade Works] 第一季,1674473
要吃醋了,679.657,1,16777215,2025-07-25 20:33:04,2554067,4,战意之所在,Fate/stay night [Unlimited Blade Works] 第一季,1674473
社畜,1205.5,1,16777215,2025-07-25 18:59:40,2554067,4,战意之所在,Fate/stay night [Unlimited Blade Works] 第一季,1674473
最强职阶：teacher,751.85,1,16777215,2025-07-25 15:44:47,2554067,4,战意之所在,Fate/stay night [Unlimited Blade Works] 第一季,1674473
贞德,1247.961,1,16707842,2025-07-25 14:03:45,2554067,4,战意之所在,Fate/stay night [Unlimited Blade Works] 第一季,1674473
瓦斯泄露,1211.668,1,16707842,2025-07-25 14:02:47,2554067,4,战意之所在,Fate/stay night [Unlimited Blade Works] 第一季,1674473
被孤立了,1058.638,1,16707842,2025-07-25 13:59:47,2554067,4,战意之所在,Fate/stay night [Unlimited Blade Works] 第一季,1674473
偷税,936.693,1,16707842,2025-07-25 13:57:31,2554067,4,战意之所在,Fate/stay night [Unlimited Blade Works] 第一季,1674473
我想大帝和王妃了,364.181,1,16707842,2025-07-25 13:41:56,2554067,4,战意之所在,Fate/stay night [Unlimited Blade Works] 第一季,1674473
吾王美如画！,309.599,1,6830715,2025-07-25 13:40:17,2554067,4,战意之所在,Fate/stay night [Unlimited Blade Works] 第一季,1674473
征服王连夜拉着王妃再次飞回来谈心,386.477,1,15138834,2025-07-25 00:09:34,2554067,4,战意之所在,Fate/stay night [Unlimited Blade Works] 第一季,1674473
士郎：那我走吧,1127.404,1,16777215,2025-07-24 22:17:34,2554067,4,战意之所在,Fate/stay night [Unlimited Blade Works] 第一季,1674473
这个卫宫不一样啊,362.993,1,16777215,2025-07-24 22:02:21,2554067,4,战意之所在,Fate/stay night [Unlimited Blade Works] 第一季,1674473
错了错了，teacher才是最强职阶,414.807,1,16777215,2025-07-24 21:47:20,2554067,4,战意之所在,Fate/stay night [Unlimited Blade Works] 第一季,1674473
好可爱啊！！！！！！！！！！！,18.525,1,16777215,2025-07-24 20:12:21,2554067,4,战意之所在,Fate/stay night [Unlimited Blade Works] 第一季,1674473
御坂美琴译制,151.485,1,15138834,2025-07-24 18:54:25,2554067,4,战意之所在,Fate/stay night [Unlimited Blade Works] 第一季,1674473
两半的士郎,343.156,1,16777215,2025-07-24 18:30:16,2554067,4,战意之所在,Fate/stay night [Unlimited Blade Works] 第一季,1674473
无限剑制比肩王之宝库,1291.915,1,16777215,2025-07-24 16:53:34,2554067,4,战意之所在,Fate/stay night [Unlimited Blade Works] 第一季,1674473
呆毛,316.631,1,16777215,2025-07-24 16:31:58,2554067,4,战意之所在,Fate/stay night [Unlimited Blade Works] 第一季,1674473
真服了就捣乱,1122.248,1,16777215,2025-07-24 13:25:11,2554067,4,战意之所在,Fate/stay night [Unlimited Blade Works] 第一季,1674473
cooker,458.848,1,16777215,2025-07-24 12:32:14,2554067,4,战意之所在,Fate/stay night [Unlimited Blade Works] 第一季,1674473
来打？假面来打？,450.072,1,14811775,2025-07-24 11:29:08,2554067,4,战意之所在,Fate/stay night [Unlimited Blade Works] 第一季,1674473
偷税吧,936.524,1,16777215,2025-07-24 10:20:07,2554067,4,战意之所在,Fate/stay night [Unlimited Blade Works] 第一季,1674473
士郎懵了,380.399,1,16777215,2025-07-24 09:28:18,2554067,4,战意之所在,Fate/stay night [Unlimited Blade Works] 第一季,1674473
事故多发地,1245.311,1,16777215,2025-07-23 23:19:30,2554067,4,战意之所在,Fate/stay night [Unlimited Blade Works] 第一季,1674473
车巨,1182.542,1,16777215,2025-07-23 22:31:07,2554067,4,战意之所在,Fate/stay night [Unlimited Blade Works] 第一季,1674473
《收容所》,1130.886,1,16777215,2025-07-23 22:05:30,2554067,4,战意之所在,Fate/stay night [Unlimited Blade Works] 第一季,1674473
紫毛吃醋,1011.45,1,16777215,2025-07-23 22:03:08,2554067,4,战意之所在,Fate/stay night [Unlimited Blade Works] 第一季,1674473
还真是 还真行 还真对,985.107,1,16777215,2025-07-23 21:58:51,2554067,4,战意之所在,Fate/stay night [Unlimited Blade Works] 第一季,1674473
八卦脸,719.226,1,16777215,2025-07-23 21:57:16,2554067,4,战意之所在,Fate/stay night [Unlimited Blade Works] 第一季,1674473
《弹射起步》,185.379,1,16777215,2025-07-23 21:48:03,2554067,4,战意之所在,Fate/stay night [Unlimited Blade Works] 第一季,1674473
当初晓焰也是这么说的,292.655,1,16777215,2025-07-23 13:03:34,2554067,4,战意之所在,Fate/stay night [Unlimited Blade Works] 第一季,1674473
cz,27.451,1,16777215,2025-07-23 12:58:17,2554067,4,战意之所在,Fate/stay night [Unlimited Blade Works] 第一季,1674473
不愧是弓兵,890.017,1,16777215,2025-07-23 10:13:24,2554067,4,战意之所在,Fate/stay night [Unlimited Blade Works] 第一季,1674473
真好，剑鞘精当主角，我只能抖着我的腱鞘炎看,369.827,1,16777215,2025-07-22 22:04:57,2554067,4,战意之所在,Fate/stay night [Unlimited Blade Works] 第一季,1674473
枪阶小恩没有枪，弓阶闪闪没有弓,475.361,5,15138834,2025-07-22 21:49:40,2554067,4,战意之所在,Fate/stay night [Unlimited Blade Works] 第一季,1674473
saber线你也是怎么说的,1333.893,1,16777215,2025-07-22 21:21:40,2554067,4,战意之所在,Fate/stay night [Unlimited Blade Works] 第一季,1674473
言峰绮礼送的吧,551.726,1,16777215,2025-07-22 21:11:50,2554067,4,战意之所在,Fate/stay night [Unlimited Blade Works] 第一季,1674473
是瓦斯！,1215.241,1,16777215,2025-07-22 20:59:13,2554067,4,战意之所在,Fate/stay night [Unlimited Blade Works] 第一季,1674473
底牌不是无限剑制吗,1274.43,1,16777215,2025-07-22 18:02:52,2554067,4,战意之所在,Fate/stay night [Unlimited Blade Works] 第一季,1674473
蒙对了,976.111,1,16777215,2025-07-22 17:01:25,2554067,4,战意之所在,Fate/stay night [Unlimited Blade Works] 第一季,1674473
波波同款,185.354,1,16777215,2025-07-22 08:28:24,2554067,4,战意之所在,Fate/stay night [Unlimited Blade Works] 第一季,1674473
并非底牌,1266.152,1,16777215,2025-07-22 01:27:36,2554067,4,战意之所在,Fate/stay night [Unlimited Blade Works] 第一季,1674473
哈哈哈哈哈,250.627,1,16777215,2025-07-21 23:14:34,2554067,4,战意之所在,Fate/stay night [Unlimited Blade Works] 第一季,1674473
乖巧且饥饿,299.933,1,16777215,2025-07-21 21:49:46,2554067,4,战意之所在,Fate/stay night [Unlimited Blade Works] 第一季,1674473
你给路达哟,456.001,1,15138834,2025-07-21 21:07:55,2554067,4,战意之所在,Fate/stay night [Unlimited Blade Works] 第一季,1674473
缨才是最可怜的真心疼,684.176,1,16777215,2025-07-21 20:12:39,2554067,4,战意之所在,Fate/stay night [Unlimited Blade Works] 第一季,1674473
当男生真好 容错率好高啊,1325.908,1,16777215,2025-07-21 18:51:34,2554067,4,战意之所在,Fate/stay night [Unlimited Blade Works] 第一季,1674473
弹幕为什么不能屏蔽了…,1256.105,1,16777215,2025-07-21 18:49:49,2554067,4,战意之所在,Fate/stay night [Unlimited Blade Works] 第一季,1674473
住家,1045.247,1,16777215,2025-07-21 18:46:01,2554067,4,战意之所在,Fate/stay night [Unlimited Blade Works] 第一季,1674473
ptsd了,930.474,1,16777215,2025-07-21 18:43:51,2554067,4,战意之所在,Fate/stay night [Unlimited Blade Works] 第一季,1674473
好小的便当 够吃吗,680.361,1,16777215,2025-07-21 18:34:19,2554067,4,战意之所在,Fate/stay night [Unlimited Blade Works] 第一季,1674473
“可靠”,1131.501,1,16777215,2025-07-21 18:25:00,2554067,4,战意之所在,Fate/stay night [Unlimited Blade Works] 第一季,1674473
呆毛王：不，不需要魔力，我只需要干饭,580.624,1,16777215,2025-07-21 17:36:59,2554067,4,战意之所在,Fate/stay night [Unlimited Blade Works] 第一季,1674473
お可愛いこと,250.302,5,16776960,2025-07-21 17:27:42,2554067,4,战意之所在,Fate/stay night [Unlimited Blade Works] 第一季,1674473
别傲娇了，你舍不得,229.418,1,16777215,2025-07-21 17:25:11,2554067,4,战意之所在,Fate/stay night [Unlimited Blade Works] 第一季,1674473
这个人打过圣杯战争,1011.241,1,16777215,2025-07-21 17:04:32,2554067,4,战意之所在,Fate/stay night [Unlimited Blade Works] 第一季,1674473
回家了,1.312,1,16777215,2025-07-21 16:28:48,2554067,4,战意之所在,Fate/stay night [Unlimited Blade Works] 第一季,1674473
《底牌》,1275.408,1,16777215,2025-07-21 14:39:47,2554067,4,战意之所在,Fate/stay night [Unlimited Blade Works] 第一季,1674473
红A：弓兵不一定要玩弓，自己,885.638,5,15138834,2025-07-21 09:38:10,2554067,4,战意之所在,Fate/stay night [Unlimited Blade Works] 第一季,1674473
还以为要补魔了,510.007,1,16777215,2025-07-21 09:03:19,2554067,4,战意之所在,Fate/stay night [Unlimited Blade Works] 第一季,1674473
最强英灵：teacher,412.092,1,16777215,2025-07-21 00:08:44,2554067,4,战意之所在,Fate/stay night [Unlimited Blade Works] 第一季,1674473
那个片尾我还以为是呆来着,957.506,1,16777215,2025-07-20 21:27:44,2554067,4,战意之所在,Fate/stay night [Unlimited Blade Works] 第一季,1674473
这是梗吗？,569.008,1,16707842,2025-07-20 17:51:09,2554067,4,战意之所在,Fate/stay night [Unlimited Blade Works] 第一季,1674473
喂，当master什么的很辛苦吧，士郎,1148.814,1,16707842,2025-07-20 17:11:15,2554067,4,战意之所在,Fate/stay night [Unlimited Blade Works] 第一季,1674473
骨架犬,1161.628,1,16777215,2025-07-20 16:59:31,2554067,4,战意之所在,Fate/stay night [Unlimited Blade Works] 第一季,1674473
666不穿户外,896.595,1,16777215,2025-07-20 15:08:39,2554067,4,战意之所在,Fate/stay night [Unlimited Blade Works] 第一季,1674473
wc比我大,1052.821,1,16777215,2025-07-20 13:32:29,2554067,4,战意之所在,Fate/stay night [Unlimited Blade Works] 第一季,1674473
炁（qi四声）,1166.559,1,16777215,2025-07-20 13:29:27,2554067,4,战意之所在,Fate/stay night [Unlimited Blade Works] 第一季,1674473
我被美女包围了,1037.234,1,16777215,2025-07-20 11:16:14,2554067,4,战意之所在,Fate/stay night [Unlimited Blade Works] 第一季,1674473
卫宫：我家成旅馆了？,1130.489,1,16777215,2025-07-20 11:07:36,2554067,4,战意之所在,Fate/stay night [Unlimited Blade Works] 第一季,1674473
最强职阶teacher,751.588,1,16777215,2025-07-20 10:59:53,2554067,4,战意之所在,Fate/stay night [Unlimited Blade Works] 第一季,1674473
大帝白教了,378.9,1,16777215,2025-07-20 00:01:56,2554067,4,战意之所在,Fate/stay night [Unlimited Blade Works] 第一季,1674473
做了4份饭,1088.834,1,16777215,2025-07-19 23:48:58,2554067,4,战意之所在,Fate/stay night [Unlimited Blade Works] 第一季,1674473
果然士郎才是女主角色哈哈哈,659.269,1,16777215,2025-07-19 23:45:32,2554067,4,战意之所在,Fate/stay night [Unlimited Blade Works] 第一季,1674473
后院起火.JPG,1138.454,1,16777215,2025-07-19 22:19:12,2554067,4,战意之所在,Fate/stay night [Unlimited Blade Works] 第一季,1674473
吾王！,307.498,1,16777215,2025-07-19 19:08:37,2554067,4,战意之所在,Fate/stay night [Unlimited Blade Works] 第一季,1674473
您别说还真是。,989.236,1,16707842,2025-07-19 18:50:18,2554067,4,战意之所在,Fate/stay night [Unlimited Blade Works] 第一季,1674473
美颜暴击,533.551,1,16707842,2025-07-19 18:40:14,2554067,4,战意之所在,Fate/stay night [Unlimited Blade Works] 第一季,1674473
偷悦,912.691,1,16777215,2025-07-19 18:38:08,2554067,4,战意之所在,Fate/stay night [Unlimited Blade Works] 第一季,1674473
还真是,988.652,1,16777215,2025-07-19 18:05:30,2554067,4,战意之所在,Fate/stay night [Unlimited Blade Works] 第一季,1674473
？我投屏,56.193,1,16777215,2025-07-19 17:26:10,2554067,4,战意之所在,Fate/stay night [Unlimited Blade Works] 第一季,1674473
安心,859.364,1,16777215,2025-07-19 16:44:46,2554067,4,战意之所在,Fate/stay night [Unlimited Blade Works] 第一季,1674473
这个比例,326.29,1,16777215,2025-07-19 15:48:59,2554067,4,战意之所在,Fate/stay night [Unlimited Blade Works] 第一季,1674473
无限剑制,166.738,5,15138834,2025-07-19 15:04:08,2554067,4,战意之所在,Fate/stay night [Unlimited Blade Works] 第一季,1674473
什么，你也要开始偷税了吗,922.493,1,16777215,2025-07-19 14:56:56,2554067,4,战意之所在,Fate/stay night [Unlimited Blade Works] 第一季,1674473
saber：同样是卫宫，差别怎么这么大,544.524,1,16777215,2025-07-19 14:53:31,2554067,4,战意之所在,Fate/stay night [Unlimited Blade Works] 第一季,1674473
众知杯密,1181.2,1,16777215,2025-07-19 14:27:34,2554067,4,战意之所在,Fate/stay night [Unlimited Blade Works] 第一季,1674473
愉悦吧少女,1132.335,1,16707842,2025-07-19 13:51:38,2554067,4,战意之所在,Fate/stay night [Unlimited Blade Works] 第一季,1674473
心头肉2333,243.21,1,16777215,2025-07-19 13:48:58,2554067,4,战意之所在,Fate/stay night [Unlimited Blade Works] 第一季,1674473
鄂之巨人,1182.357,1,16777215,2025-07-19 11:37:48,2554067,4,战意之所在,Fate/stay night [Unlimited Blade Works] 第一季,1674473
好美好美,1325.609,1,16777215,2025-07-19 03:13:43,2554067,4,战意之所在,Fate/stay night [Unlimited Blade Works] 第一季,1674473
好帅,1238.07,1,16777215,2025-07-19 03:12:09,2554067,4,战意之所在,Fate/stay night [Unlimited Blade Works] 第一季,1674473
可爱捏,833.403,1,16777215,2025-07-19 03:06:18,2554067,4,战意之所在,Fate/stay night [Unlimited Blade Works] 第一季,1674473
啊？,824.866,1,16777215,2025-07-19 03:06:03,2554067,4,战意之所在,Fate/stay night [Unlimited Blade Works] 第一季,1674473
像防备心很重的小猫ww,632.213,1,16777215,2025-07-19 03:02:44,2554067,4,战意之所在,Fate/stay night [Unlimited Blade Works] 第一季,1674473
开吃———,574.771,1,16777215,2025-07-19 03:01:26,2554067,4,战意之所在,Fate/stay night [Unlimited Blade Works] 第一季,1674473
好萌啊,545.922,1,16777215,2025-07-19 03:00:48,2554067,4,战意之所在,Fate/stay night [Unlimited Blade Works] 第一季,1674473
好萌好萌,302.436,1,16777215,2025-07-19 02:56:19,2554067,4,战意之所在,Fate/stay night [Unlimited Blade Works] 第一季,1674473
丸辣,249.244,1,16777215,2025-07-19 02:55:00,2554067,4,战意之所在,Fate/stay night [Unlimited Blade Works] 第一季,1674473
又出现了，核善的笑容（）,247.94,1,16777215,2025-07-19 02:54:54,2554067,4,战意之所在,Fate/stay night [Unlimited Blade Works] 第一季,1674473
又傲娇了,227.107,1,16777215,2025-07-19 02:54:02,2554067,4,战意之所在,Fate/stay night [Unlimited Blade Works] 第一季,1674473
后宫,1129.258,1,16777215,2025-07-19 00:18:06,2554067,4,战意之所在,Fate/stay night [Unlimited Blade Works] 第一季,1674473
被攻略了,361.376,1,16777215,2025-07-19 00:05:22,2554067,4,战意之所在,Fate/stay night [Unlimited Blade Works] 第一季,1674473
樱的是什么职介,1035.911,1,16777215,2025-07-18 23:11:54,2554067,4,战意之所在,Fate/stay night [Unlimited Blade Works] 第一季,1674473
看饿了,1066.089,1,16777215,2025-07-18 21:25:47,2554067,4,战意之所在,Fate/stay night [Unlimited Blade Works] 第一季,1674473
圣杯:你不要过来，你不要过来啊！,400.512,1,16777215,2025-07-18 20:15:24,2554067,4,战意之所在,Fate/stay night [Unlimited Blade Works] 第一季,1674473
感觉每个画面都在烧钱钱,57.044,1,16777215,2025-07-18 20:09:38,2554067,4,战意之所在,Fate/stay night [Unlimited Blade Works] 第一季,1674473
teacher,428.735,1,16777215,2025-07-18 13:34:46,2554067,4,战意之所在,Fate/stay night [Unlimited Blade Works] 第一季,1674473
尴尬……,1158.619,1,16777215,2025-07-18 13:13:40,2554067,4,战意之所在,Fate/stay night [Unlimited Blade Works] 第一季,1674473
还会弓反,609.336,1,16777215,2025-07-18 01:07:55,2554067,4,战意之所在,Fate/stay night [Unlimited Blade Works] 第一季,1674473
你怎么猜到的,985.259,1,16777215,2025-07-18 01:05:01,2554067,4,战意之所在,Fate/stay night [Unlimited Blade Works] 第一季,1674473
有人吗？,153.713,1,16777215,2025-07-18 00:13:44,2554067,4,战意之所在,Fate/stay night [Unlimited Blade Works] 第一季,1674473
你不也一样,351.935,1,16777215,2025-07-17 22:33:50,2554067,4,战意之所在,Fate/stay night [Unlimited Blade Works] 第一季,1674473
还真是,978.197,1,16777215,2025-07-17 22:30:08,2554067,4,战意之所在,Fate/stay night [Unlimited Blade Works] 第一季,1674473
龙骨。。？,1187.087,1,16777215,2025-07-17 19:05:31,2554067,4,战意之所在,Fate/stay night [Unlimited Blade Works] 第一季,1674473
好和平。。？,1081.091,1,16777215,2025-07-17 19:03:30,2554067,4,战意之所在,Fate/stay night [Unlimited Blade Works] 第一季,1674473
三个女人一台戏,1085.627,5,16707842,2025-07-17 18:27:41,2554067,4,战意之所在,Fate/stay night [Unlimited Blade Works] 第一季,1674473
事已至此先吃饭吧！,540.986,1,16777215,2025-07-17 17:39:54,2554067,4,战意之所在,Fate/stay night [Unlimited Blade Works] 第一季,1674473
再刷亖目,372.0,1,16777215,2025-07-17 14:45:23,2554067,4,战意之所在,Fate/stay night [Unlimited Blade Works] 第一季,1674473
大家都不用暂停看提示的吗,1179.511,1,16777215,2025-07-17 13:15:17,2554067,4,战意之所在,Fate/stay night [Unlimited Blade Works] 第一季,1674473
底牌,1281.341,1,16777215,2025-07-17 11:16:03,2554067,4,战意之所在,Fate/stay night [Unlimited Blade Works] 第一季,1674473
真的吗？,1325.765,1,16777215,2025-07-17 10:45:52,2554067,4,战意之所在,Fate/stay night [Unlimited Blade Works] 第一季,1674473
哈哈哈哈，樱可爱捏,1135.422,1,16777215,2025-07-17 10:43:40,2554067,4,战意之所在,Fate/stay night [Unlimited Blade Works] 第一季,1674473
sakura吃醋了，哈哈哈哈,1092.63,1,16777215,2025-07-17 10:42:47,2554067,4,战意之所在,Fate/stay night [Unlimited Blade Works] 第一季,1674473
不豪，瓦斯又要泄露了,1177.115,1,16777215,2025-07-17 02:26:23,2554067,4,战意之所在,Fate/stay night [Unlimited Blade Works] 第一季,1674473
辛辣天塞,1004.628,5,16777215,2025-07-17 00:39:03,2554067,4,战意之所在,Fate/stay night [Unlimited Blade Works] 第一季,1674473
心头肉是这样的,246.436,1,16777215,2025-07-16 23:39:02,2554067,4,战意之所在,Fate/stay night [Unlimited Blade Works] 第一季,1674473
你就说是不是把东西投掷出去了吧,487.382,1,16777215,2025-07-16 23:21:08,2554067,4,战意之所在,Fate/stay night [Unlimited Blade Works] 第一季,1674473
2333,201.624,1,16777215,2025-07-16 21:33:42,2554067,4,战意之所在,Fate/stay night [Unlimited Blade Works] 第一季,1674473
怎么没人了,842.406,1,16707842,2025-07-16 21:10:54,2554067,4,战意之所在,Fate/stay night [Unlimited Blade Works] 第一季,1674473
这下连理由都不找了,230.578,1,16777215,2025-07-16 19:22:49,2554067,4,战意之所在,Fate/stay night [Unlimited Blade Works] 第一季,1674473
和善的笑容,253.41,1,16777215,2025-07-16 14:58:26,2554067,4,战意之所在,Fate/stay night [Unlimited Blade Works] 第一季,1674473
这些肉在日本可不便宜，可能需要两三百美元,1067.892,1,16777215,2025-07-16 14:12:06,2554067,4,战意之所在,Fate/stay night [Unlimited Blade Works] 第一季,1674473
弹幕怎么不见？,1116.903,1,16777215,2025-07-16 12:37:33,2554067,4,战意之所在,Fate/stay night [Unlimited Blade Works] 第一季,1674473
上个钢铁加护硬钢从者第二人,807.239,1,16777215,2025-07-16 06:01:55,2554067,4,战意之所在,Fate/stay night [Unlimited Blade Works] 第一季,1674473
？这是啥,1158.93,5,41194,2025-07-15 22:17:03,2554067,4,战意之所在,Fate/stay night [Unlimited Blade Works] 第一季,1674473
一个真正想赢的人脸上是没有笑容的,931.146,1,16777215,2025-07-15 20:32:48,2554067,4,战意之所在,Fate/stay night [Unlimited Blade Works] 第一季,1674473
这里直接叫Saber不会暴露吗？,1028.288,1,16707842,2025-07-15 19:37:24,2554067,4,战意之所在,Fate/stay night [Unlimited Blade Works] 第一季,1674473
傲娇爽了,229.631,5,16776960,2025-07-15 19:02:23,2554067,4,战意之所在,Fate/stay night [Unlimited Blade Works] 第一季,1674473
凛独自搞事业,1158.781,1,14811775,2025-07-15 16:51:56,2554067,4,战意之所在,Fate/stay night [Unlimited Blade Works] 第一季,1674473
这次主角是凛吗？,270.643,1,16777215,2025-07-15 15:38:19,2554067,4,战意之所在,Fate/stay night [Unlimited Blade Works] 第一季,1674473
臣附议,719.945,1,16777215,2025-07-15 15:15:09,2554067,4,战意之所在,Fate/stay night [Unlimited Blade Works] 第一季,1674473
士王是谁，为啥要骑？,392.803,1,15138834,2025-07-15 14:52:32,2554067,4,战意之所在,Fate/stay night [Unlimited Blade Works] 第一季,1674473
不事，弹幕你们。。,1129.532,1,16777215,2025-07-15 09:22:38,2554067,4,战意之所在,Fate/stay night [Unlimited Blade Works] 第一季,1674473
并非底牌,1269.552,1,16777215,2025-07-15 01:52:11,2554067,4,战意之所在,Fate/stay night [Unlimited Blade Works] 第一季,1674473
外热内冷型,904.787,1,16777215,2025-07-15 00:36:57,2554067,4,战意之所在,Fate/stay night [Unlimited Blade Works] 第一季,1674473
起来的时候不怕裤子也没穿吗,188.165,1,16777215,2025-07-15 00:04:37,2554067,4,战意之所在,Fate/stay night [Unlimited Blade Works] 第一季,1674473
老虎听太太讲过圣杯战争，只是没见过saber罢，所以不是很震惊,1020.076,1,16777215,2025-07-14 23:30:05,2554067,4,战意之所在,Fate/stay night [Unlimited Blade Works] 第一季,1674473
歪打正着,978.769,1,16777215,2025-07-14 23:26:34,2554067,4,战意之所在,Fate/stay night [Unlimited Blade Works] 第一季,1674473
聊天鬼才,250.032,1,16777215,2025-07-14 22:59:55,2554067,4,战意之所在,Fate/stay night [Unlimited Blade Works] 第一季,1674473
下面有把誓约胜利之剑。,156.444,1,16777215,2025-07-14 19:14:35,2554067,4,战意之所在,Fate/stay night [Unlimited Blade Works] 第一季,1674473
那无限剑制是什么东西，老千吗？,1273.593,1,15138834,2025-07-14 18:36:51,2554067,4,战意之所在,Fate/stay night [Unlimited Blade Works] 第一季,1674473
昏睡瓦斯（）,1243.053,1,16777215,2025-07-14 18:35:32,2554067,4,战意之所在,Fate/stay night [Unlimited Blade Works] 第一季,1674473
不行了太可爱了啊啊啊啊啊啊啊啊,313.173,1,15138834,2025-07-14 15:39:01,2554067,4,战意之所在,Fate/stay night [Unlimited Blade Works] 第一季,1674473
幻视御坂美琴了,1198.343,1,16777215,2025-07-14 14:07:37,2554067,4,战意之所在,Fate/stay night [Unlimited Blade Works] 第一季,1674473
光翼展开。,548.01,5,15138834,2025-07-14 12:09:18,2554067,4,战意之所在,Fate/stay night [Unlimited Blade Works] 第一季,1674473
我感动+5,380.344,5,15138834,2025-07-14 12:06:26,2554067,4,战意之所在,Fate/stay night [Unlimited Blade Works] 第一季,1674473
车力？,1182.202,1,16777215,2025-07-14 03:45:27,2554067,4,战意之所在,Fate/stay night [Unlimited Blade Works] 第一季,1674473
为什么车着走要推啊？,968.627,1,16777215,2025-07-14 02:27:32,2554067,4,战意之所在,Fate/stay night [Unlimited Blade Works] 第一季,1674473
小树唱的好,152.278,5,16777215,2025-07-14 00:18:55,2554067,4,战意之所在,Fate/stay night [Unlimited Blade Works] 第一季,1674473
嘟嘟大嘟嘟,1164.516,1,16777215,2025-07-13 23:09:52,2554067,4,战意之所在,Fate/stay night [Unlimited Blade Works] 第一季,1674473
你们这一个个的，菜月昴附体了？,1216.539,1,16777215,2025-07-13 22:44:26,2554067,4,战意之所在,Fate/stay night [Unlimited Blade Works] 第一季,1674473
红A：虽然但是底牌太多了,1279.567,1,16777215,2025-07-13 22:18:45,2554067,4,战意之所在,Fate/stay night [Unlimited Blade Works] 第一季,1674473
这就是偷税的少年,951.202,1,16777215,2025-07-13 22:14:42,2554067,4,战意之所在,Fate/stay night [Unlimited Blade Works] 第一季,1674473
红A：嗯,905.997,1,16777215,2025-07-13 22:13:55,2554067,4,战意之所在,Fate/stay night [Unlimited Blade Works] 第一季,1674473
还真是,985.669,1,16777215,2025-07-13 22:03:17,2554067,4,战意之所在,Fate/stay night [Unlimited Blade Works] 第一季,1674473
我是Coser,423.699,1,16777215,2025-07-13 21:51:13,2554067,4,战意之所在,Fate/stay night [Unlimited Blade Works] 第一季,1674473
saber很像个英文名吗？？,1009.705,1,16777215,2025-07-13 21:41:15,2554067,4,战意之所在,Fate/stay night [Unlimited Blade Works] 第一季,1674473
难怪是archer,888.275,1,16777215,2025-07-13 21:37:48,2554067,4,战意之所在,Fate/stay night [Unlimited Blade Works] 第一季,1674473
这可是teacher,826.494,1,16777215,2025-07-13 21:36:40,2554067,4,战意之所在,Fate/stay night [Unlimited Blade Works] 第一季,1674473
亚瑟王说是,721.854,1,16777215,2025-07-13 21:35:00,2554067,4,战意之所在,Fate/stay night [Unlimited Blade Works] 第一季,1674473
樱：虽然这不是我的线，但也不是你的线,694.846,1,16777215,2025-07-13 21:34:08,2554067,4,战意之所在,Fate/stay night [Unlimited Blade Works] 第一季,1674473
英国人当然要炸鱼薯条啦,598.953,1,16777215,2025-07-13 21:31:45,2554067,4,战意之所在,Fate/stay night [Unlimited Blade Works] 第一季,1674473
亮了个战技,1266.171,1,16777215,2025-07-13 21:19:12,2554067,4,战意之所在,Fate/stay night [Unlimited Blade Works] 第一季,1674473
这不吃死了,1088.317,1,16777215,2025-07-13 18:18:15,2554067,4,战意之所在,Fate/stay night [Unlimited Blade Works] 第一季,1674473
还说对了！,984.448,1,16777215,2025-07-13 17:14:21,2554067,4,战意之所在,Fate/stay night [Unlimited Blade Works] 第一季,1674473
无能丈夫吗,263.998,1,16777215,2025-07-13 17:04:35,2554067,4,战意之所在,Fate/stay night [Unlimited Blade Works] 第一季,1674473
依莉雅已经十八了呀，你们在想什么,17.281,1,16777215,2025-07-13 13:54:21,2554067,4,战意之所在,Fate/stay night [Unlimited Blade Works] 第一季,1674473
想起了被强制要求劈圣杯的日子,534.271,1,16777215,2025-07-13 13:31:31,2554067,4,战意之所在,Fate/stay night [Unlimited Blade Works] 第一季,1674473
你别说还真是,981.124,1,16777215,2025-07-13 13:17:28,2554067,4,战意之所在,Fate/stay night [Unlimited Blade Works] 第一季,1674473
卫宫家今天的饭,578.099,1,16777215,2025-07-13 11:12:13,2554067,4,战意之所在,Fate/stay night [Unlimited Blade Works] 第一季,1674473
尼给路,454.685,5,16707842,2025-07-13 11:04:27,2554067,4,战意之所在,Fate/stay night [Unlimited Blade Works] 第一季,1674473
如果红A把以伪螺旋剑当平A放。,1311.756,1,16777215,2025-07-13 09:52:23,2554067,4,战意之所在,Fate/stay night [Unlimited Blade Works] 第一季,1674473
...,921.073,1,16777215,2025-07-13 07:06:13,2554067,4,战意之所在,Fate/stay night [Unlimited Blade Works] 第一季,1674473
这集比前两集时间多了一秒钟,3.656,5,16740868,2025-07-12 22:20:55,2554067,4,战意之所在,Fate/stay night [Unlimited Blade Works] 第一季,1674473
saber：这么单纯？,354.4,1,16777215,2025-07-12 18:30:39,2554067,4,战意之所在,Fate/stay night [Unlimited Blade Works] 第一季,1674473
萌萌！,847.95,1,16777215,2025-07-12 17:31:00,2554067,4,战意之所在,Fate/stay night [Unlimited Blade Works] 第一季,1674473
明明是我先来的,677.544,1,38979,2025-07-12 17:24:16,2554067,4,战意之所在,Fate/stay night [Unlimited Blade Works] 第一季,1674473
好感度+,543.148,1,16777215,2025-07-12 17:21:37,2554067,4,战意之所在,Fate/stay night [Unlimited Blade Works] 第一季,1674473
saber好像不可以灵体化,1057.319,1,16777215,2025-07-12 17:15:35,2554067,4,战意之所在,Fate/stay night [Unlimited Blade Works] 第一季,1674473
话说我想知道她作为老师连saber中文是剑士都不知道吗？,1144.546,1,15138834,2025-07-12 15:48:54,2554067,4,战意之所在,Fate/stay night [Unlimited Blade Works] 第一季,1674473
我差点就信了哈,1328.833,1,16777215,2025-07-12 15:46:50,2554067,4,战意之所在,Fate/stay night [Unlimited Blade Works] 第一季,1674473
凛也要做正义的伙伴么2333,1237.977,1,16777215,2025-07-12 08:30:47,2554067,4,战意之所在,Fate/stay night [Unlimited Blade Works] 第一季,1674473
喜欢凛是人之常情ww,1201.266,1,16777215,2025-07-12 08:30:04,2554067,4,战意之所在,Fate/stay night [Unlimited Blade Works] 第一季,1674473
樱：才一天，我被偷家了？,671.119,1,6830715,2025-07-12 03:35:17,2554067,4,战意之所在,Fate/stay night [Unlimited Blade Works] 第一季,1674473
？？,1136.756,1,16777215,2025-07-12 03:19:37,2554067,4,战意之所在,Fate/stay night [Unlimited Blade Works] 第一季,1674473
后宫瓦斯泄露了,1024.481,1,16777215,2025-07-12 00:07:54,2554067,4,战意之所在,Fate/stay night [Unlimited Blade Works] 第一季,1674473
无能的妻子   装傻的丈夫,1017.385,1,16777215,2025-07-11 23:37:56,2554067,4,战意之所在,Fate/stay night [Unlimited Blade Works] 第一季,1674473
底牌，但是没说还有好几个,1266.458,1,16777215,2025-07-11 22:03:21,2554067,4,战意之所在,Fate/stay night [Unlimited Blade Works] 第一季,1674473
666士郎变士道,1143.85,1,16777215,2025-07-11 16:09:20,2554067,4,战意之所在,Fate/stay night [Unlimited Blade Works] 第一季,1674473
红a：发牌~,1282.256,1,16777215,2025-07-11 12:40:59,2554067,4,战意之所在,Fate/stay night [Unlimited Blade Works] 第一季,1674473
实在不行就用战技,1299.861,1,16777215,2025-07-11 09:13:14,2554067,4,战意之所在,Fate/stay night [Unlimited Blade Works] 第一季,1674473
鬼才！快进院，不然骨灰都不剩！,250.384,1,16777215,2025-07-11 08:49:00,2554067,4,战意之所在,Fate/stay night [Unlimited Blade Works] 第一季,1674473
大哥，你想想到现在你有没有给她吃过东西,324.382,1,16777215,2025-07-11 02:00:19,2554067,4,战意之所在,Fate/stay night [Unlimited Blade Works] 第一季,1674473
Archer能不能打得过saber我还是有数的,241.815,1,16777215,2025-07-11 01:58:35,2554067,4,战意之所在,Fate/stay night [Unlimited Blade Works] 第一季,1674473
学过代码的都知道，class说的是类,413.18,1,16777215,2025-07-10 22:05:48,2554067,4,战意之所在,Fate/stay night [Unlimited Blade Works] 第一季,1674473
682？,1187.11,5,16777215,2025-07-10 21:43:14,2554067,4,战意之所在,Fate/stay night [Unlimited Blade Works] 第一季,1674473
没吃过好的笑死我了,363.145,1,16777215,2025-07-10 21:33:31,2554067,4,战意之所在,Fate/stay night [Unlimited Blade Works] 第一季,1674473
现在的红A真像他爹啊,1271.242,1,16777215,2025-07-10 12:26:59,2554067,4,战意之所在,Fate/stay night [Unlimited Blade Works] 第一季,1674473
多一个人抢饭了,992.218,1,16777215,2025-07-10 12:20:37,2554067,4,战意之所在,Fate/stay night [Unlimited Blade Works] 第一季,1674473
我在想如果大卫社有这种经费…,287.251,1,16777215,2025-07-10 11:44:12,2554067,4,战意之所在,Fate/stay night [Unlimited Blade Works] 第一季,1674473
阳光少年龙之介,1264.765,1,16707842,2025-07-10 10:28:47,2554067,4,战意之所在,Fate/stay night [Unlimited Blade Works] 第一季,1674473
愉悦吧，少年,914.25,1,16707842,2025-07-10 10:22:17,2554067,4,战意之所在,Fate/stay night [Unlimited Blade Works] 第一季,1674473
还真是,982.327,1,16777215,2025-07-10 09:22:53,2554067,4,战意之所在,Fate/stay night [Unlimited Blade Works] 第一季,1674473
凡事都有例外，是说上次C组那俩奇葩吗,649.761,1,16777215,2025-07-10 09:18:16,2554067,4,战意之所在,Fate/stay night [Unlimited Blade Works] 第一季,1674473
总感觉呆毛王走路怪怪的,1061.245,1,16777215,2025-07-09 22:39:10,2554067,4,战意之所在,Fate/stay night [Unlimited Blade Works] 第一季,1674473
跟我玩的不一样啊。,846.73,1,16777215,2025-07-09 22:31:39,2554067,4,战意之所在,Fate/stay night [Unlimited Blade Works] 第一季,1674473
呆毛呆呆的好可爱啊啊啊啊啊啊,1029.46,1,16777215,2025-07-09 22:20:21,2554067,4,战意之所在,Fate/stay night [Unlimited Blade Works] 第一季,1674473
额，女友，兼任保镖,726.991,1,16777215,2025-07-09 20:51:03,2554067,4,战意之所在,Fate/stay night [Unlimited Blade Works] 第一季,1674473
泷升？,754.586,1,16777215,2025-07-09 17:54:16,2554067,4,战意之所在,Fate/stay night [Unlimited Blade Works] 第一季,1674473
偷税,921.246,1,16777215,2025-07-09 15:51:19,2554067,4,战意之所在,Fate/stay night [Unlimited Blade Works] 第一季,1674473
傲娇,232.602,1,16777215,2025-07-09 12:39:42,2554067,4,战意之所在,Fate/stay night [Unlimited Blade Works] 第一季,1674473
好可爱！,832.959,5,16777215,2025-07-09 12:11:55,2554067,4,战意之所在,Fate/stay night [Unlimited Blade Works] 第一季,1674473
呆萌王,831.857,5,16777215,2025-07-09 12:11:33,2554067,4,战意之所在,Fate/stay night [Unlimited Blade Works] 第一季,1674473
通过睡眠,584.523,5,16777215,2025-07-09 12:04:59,2554067,4,战意之所在,Fate/stay night [Unlimited Blade Works] 第一季,1674473
第一人称亲吾王视角,571.876,5,16777215,2025-07-09 12:04:30,2554067,4,战意之所在,Fate/stay night [Unlimited Blade Works] 第一季,1674473
还有黑丝,547.152,5,16777215,2025-07-09 12:03:04,2554067,4,战意之所在,Fate/stay night [Unlimited Blade Works] 第一季,1674473
飞翔吾王,544.942,5,16777215,2025-07-09 12:01:57,2554067,4,战意之所在,Fate/stay night [Unlimited Blade Works] 第一季,1674473
好可爱！,544.979,5,16777215,2025-07-09 12:01:37,2554067,4,战意之所在,Fate/stay night [Unlimited Blade Works] 第一季,1674473
糟了！是心动的感觉,360.554,5,16777215,2025-07-09 11:57:46,2554067,4,战意之所在,Fate/stay night [Unlimited Blade Works] 第一季,1674473
纯情少年,355.833,5,16777215,2025-07-09 11:57:30,2554067,4,战意之所在,Fate/stay night [Unlimited Blade Works] 第一季,1674473
我是地板,257.807,5,16777215,2025-07-09 11:53:24,2554067,4,战意之所在,Fate/stay night [Unlimited Blade Works] 第一季,1674473
阿强爱上了阿珍,251.753,5,16777215,2025-07-09 11:53:08,2554067,4,战意之所在,Fate/stay night [Unlimited Blade Works] 第一季,1674473
teacher,745.334,1,16777215,2025-07-09 10:11:24,2554067,4,战意之所在,Fate/stay night [Unlimited Blade Works] 第一季,1674473
世界名画,304.244,1,16777215,2025-07-09 10:04:03,2554067,4,战意之所在,Fate/stay night [Unlimited Blade Works] 第一季,1674473
这家伙在说什么,1130.64,1,16777215,2025-07-09 09:58:07,2554067,4,战意之所在,Fate/stay night [Unlimited Blade Works] 第一季,1674473
从一定意义上来说，亚瑟应该不会现代英语，因为亚瑟所属民族和今天的不列颠民族似乎不一样,675.367,5,41194,2025-07-09 08:29:26,2554067,4,战意之所在,Fate/stay night [Unlimited Blade Works] 第一季,1674473
凛忒像青子,1237.593,1,15138834,2025-07-09 01:32:16,2554067,4,战意之所在,Fate/stay night [Unlimited Blade Works] 第一季,1674473
凛忒像青子,1232.491,1,16777215,2025-07-09 01:32:00,2554067,4,战意之所在,Fate/stay night [Unlimited Blade Works] 第一季,1674473
我靠我也看成女朋友了！,766.956,1,16707842,2025-07-08 23:28:05,2554067,4,战意之所在,Fate/stay night [Unlimited Blade Works] 第一季,1674473
全自动,538.1,1,16777215,2025-07-08 22:43:51,2554067,4,战意之所在,Fate/stay night [Unlimited Blade Works] 第一季,1674473
樱这也太萌,679.738,1,16777215,2025-07-08 18:30:18,2554067,4,战意之所在,Fate/stay night [Unlimited Blade Works] 第一季,1674473
事已至此先吃饭吧,541.246,1,16777215,2025-07-08 17:13:19,2554067,4,战意之所在,Fate/stay night [Unlimited Blade Works] 第一季,1674473
不是一个电话功夫就吃完了,620.79,5,16707842,2025-07-08 11:33:17,2554067,4,战意之所在,Fate/stay night [Unlimited Blade Works] 第一季,1674473
终于可以开始干饭了,576.776,5,16707842,2025-07-08 11:32:20,2554067,4,战意之所在,Fate/stay night [Unlimited Blade Works] 第一季,1674473
saber:太好了，终于可以吃饭了,537.431,1,16777215,2025-07-08 11:29:56,2554067,4,战意之所在,Fate/stay night [Unlimited Blade Works] 第一季,1674473
好像没有暗杀者,430.926,1,16777215,2025-07-08 11:25:46,2554067,4,战意之所在,Fate/stay night [Unlimited Blade Works] 第一季,1674473
并非底牌,1264.95,1,16777215,2025-07-08 04:12:21,2554067,4,战意之所在,Fate/stay night [Unlimited Blade Works] 第一季,1674473
樱应该知道saber是英灵吧,1056.295,1,16777215,2025-07-08 04:10:09,2554067,4,战意之所在,Fate/stay night [Unlimited Blade Works] 第一季,1674473
身上有阿瓦隆，能恢复的不快吗,186.493,1,16777215,2025-07-08 01:15:39,2554067,4,战意之所在,Fate/stay night [Unlimited Blade Works] 第一季,1674473
会用筷子？,594.682,1,15138834,2025-07-07 22:10:26,2554067,4,战意之所在,Fate/stay night [Unlimited Blade Works] 第一季,1674473
 最强职业:writer,445.429,5,16777215,2025-07-07 21:21:52,2554067,4,战意之所在,Fate/stay night [Unlimited Blade Works] 第一季,1674473
一股子人妻味,840.636,1,15138834,2025-07-07 16:46:08,2554067,4,战意之所在,Fate/stay night [Unlimited Blade Works] 第一季,1674473
？突然空屏,1088.597,1,16777215,2025-07-07 16:13:47,2554067,4,战意之所在,Fate/stay night [Unlimited Blade Works] 第一季,1674473
hch实名看,944.393,1,16777215,2025-07-07 15:57:14,2554067,4,战意之所在,Fate/stay night [Unlimited Blade Works] 第一季,1674473
hch实名观看,944.393,1,16777215,2025-07-07 15:56:59,2554067,4,战意之所在,Fate/stay night [Unlimited Blade Works] 第一季,1674473
“赛伯尔”,1010.22,1,16777215,2025-07-07 13:52:18,2554067,4,战意之所在,Fate/stay night [Unlimited Blade Works] 第一季,1674473
超级大美人！真会讲话，吾王美如画！,717.1,1,16776960,2025-07-07 13:24:24,2554067,4,战意之所在,Fate/stay night [Unlimited Blade Works] 第一季,1674473
哈哈哈哈老虎是樱厨的说吗,1125.235,1,6830715,2025-07-07 00:01:20,2554067,4,战意之所在,Fate/stay night [Unlimited Blade Works] 第一季,1674473
可怜我樱，担心比吃醋更多,1058.529,1,6830715,2025-07-06 23:58:25,2554067,4,战意之所在,Fate/stay night [Unlimited Blade Works] 第一季,1674473
唉？,992.601,1,16777215,2025-07-06 23:55:03,2554067,4,战意之所在,Fate/stay night [Unlimited Blade Works] 第一季,1674473
卧槽,928.233,1,16777215,2025-07-06 23:53:17,2554067,4,战意之所在,Fate/stay night [Unlimited Blade Works] 第一季,1674473
就是因为士郎提供不了魔力，才养成了大胃王saber,595.233,1,16777215,2025-07-06 22:13:17,2554067,4,战意之所在,Fate/stay night [Unlimited Blade Works] 第一季,1674473
不是一般的熟,989.04,1,16777215,2025-07-06 13:33:56,2554067,4,战意之所在,Fate/stay night [Unlimited Blade Works] 第一季,1674473
。。。,1103.91,1,16777215,2025-07-06 11:21:20,2554067,4,战意之所在,Fate/stay night [Unlimited Blade Works] 第一季,1674473
看不清电视，弹幕有点多，但也说明它好看,163.935,1,16777215,2025-07-06 01:22:25,2554067,4,战意之所在,Fate/stay night [Unlimited Blade Works] 第一季,1674473
合乎舟礼也,259.118,1,16777215,2025-07-05 22:34:15,2554067,4,战意之所在,Fate/stay night [Unlimited Blade Works] 第一季,1674473
这也算底牌吗？有点意思阿茶,1276.201,1,41194,2025-07-05 20:45:22,2554067,4,战意之所在,Fate/stay night [Unlimited Blade Works] 第一季,1674473
和06真的很多不一样,584.81,5,16777215,2025-07-05 17:24:50,2554067,4,战意之所在,Fate/stay night [Unlimited Blade Works] 第一季,1674473
还是喜欢这身,311.29,5,16777215,2025-07-05 17:21:24,2554067,4,战意之所在,Fate/stay night [Unlimited Blade Works] 第一季,1674473
正射必中吧,894.696,1,16777215,2025-07-05 10:13:08,2554067,4,战意之所在,Fate/stay night [Unlimited Blade Works] 第一季,1674473
战役之所在,1140.456,1,16777215,2025-07-04 21:52:52,2554067,4,战意之所在,Fate/stay night [Unlimited Blade Works] 第一季,1674473
不是说子承父业吗？士郎怎么没学会呀？,360.262,1,16777215,2025-07-04 21:40:21,2554067,4,战意之所在,Fate/stay night [Unlimited Blade Works] 第一季,1674473
呆毛好可爱,1117.165,1,15138834,2025-07-04 20:05:21,2554067,4,战意之所在,Fate/stay night [Unlimited Blade Works] 第一季,1674473
只说过三句话的朋友,976.024,1,16777215,2025-07-04 19:40:15,2554067,4,战意之所在,Fate/stay night [Unlimited Blade Works] 第一季,1674473
飞机场？,29.004,1,16777215,2025-07-04 11:00:55,2554067,4,战意之所在,Fate/stay night [Unlimited Blade Works] 第一季,1674473
众所周知，樱的贞洁,1174.912,1,16777215,2025-07-03 22:25:40,2554067,4,战意之所在,Fate/stay night [Unlimited Blade Works] 第一季,1674473
进入主线,537.215,1,15138834,2025-07-03 21:35:38,2554067,4,战意之所在,Fate/stay night [Unlimited Blade Works] 第一季,1674473
《  自己打自己  》,1317.255,1,16646914,2025-07-03 20:53:54,2554067,4,战意之所在,Fate/stay night [Unlimited Blade Works] 第一季,1674473
回到弓道部，化身卫宫巨侠一穿七,877.057,5,16777215,2025-07-03 18:47:39,2554067,4,战意之所在,Fate/stay night [Unlimited Blade Works] 第一季,1674473
三桥贵志：哈？,797.288,1,16777215,2025-07-03 10:21:58,2554067,4,战意之所在,Fate/stay night [Unlimited Blade Works] 第一季,1674473
06版可没有女仆,17.621,1,16777215,2025-07-03 02:18:51,2554067,4,战意之所在,Fate/stay night [Unlimited Blade Works] 第一季,1674473
Teacher！！！,823.884,5,16707842,2025-07-02 21:18:05,2554067,4,战意之所在,Fate/stay night [Unlimited Blade Works] 第一季,1674473
记住我，天之杯有用,609.99,1,13369971,2025-07-02 18:08:24,2554067,4,战意之所在,Fate/stay night [Unlimited Blade Works] 第一季,1674473
吃这么好？？,1069.084,1,16777215,2025-07-02 16:00:25,2554067,4,战意之所在,Fate/stay night [Unlimited Blade Works] 第一季,1674473
红A：能坐着我绝不站着。,1246.313,1,15138834,2025-07-02 14:48:58,2554067,4,战意之所在,Fate/stay night [Unlimited Blade Works] 第一季,1674473
食物特写,261.033,5,15138834,2025-07-02 13:21:50,2554067,4,战意之所在,Fate/stay night [Unlimited Blade Works] 第一季,1674473
可靠在哪？,1137.683,1,16777215,2025-07-02 11:18:49,2554067,4,战意之所在,Fate/stay night [Unlimited Blade Works] 第一季,1674473
啦啦啦,19.914,1,16777215,2025-07-02 10:31:44,2554067,4,战意之所在,Fate/stay night [Unlimited Blade Works] 第一季,1674473
赏币,726.825,1,16707842,2025-07-01 23:10:10,2554067,4,战意之所在,Fate/stay night [Unlimited Blade Works] 第一季,1674473
完了,577.563,1,16707842,2025-07-01 23:03:48,2554067,4,战意之所在,Fate/stay night [Unlimited Blade Works] 第一季,1674473
吾王美如画,301.67,1,16707842,2025-07-01 22:51:24,2554067,4,战意之所在,Fate/stay night [Unlimited Blade Works] 第一季,1674473
普攻装成底牌？,1298.609,1,16777215,2025-07-01 19:38:19,2554067,4,战意之所在,Fate/stay night [Unlimited Blade Works] 第一季,1674473
樱看得见，说明是master,704.389,1,16777215,2025-07-01 19:28:09,2554067,4,战意之所在,Fate/stay night [Unlimited Blade Works] 第一季,1674473
高达魔术,1165.53,1,16777215,2025-07-01 17:04:29,2554067,4,战意之所在,Fate/stay night [Unlimited Blade Works] 第一季,1674473
完蛋咯,252.701,1,16777215,2025-07-01 17:03:32,2554067,4,战意之所在,Fate/stay night [Unlimited Blade Works] 第一季,1674473
 .呆毛王,323.821,1,16777215,2025-07-01 07:03:00,2554067,4,战意之所在,Fate/stay night [Unlimited Blade Works] 第一季,1674473
还真是,981.226,1,16777215,2025-07-01 04:29:55,2554067,4,战意之所在,Fate/stay night [Unlimited Blade Works] 第一季,1674473
mather,453.737,1,16777215,2025-07-01 00:39:49,2554067,4,战意之所在,Fate/stay night [Unlimited Blade Works] 第一季,1674473
从某种意义上来说是朋友，但又不是,984.813,1,16777215,2025-07-01 00:22:07,2554067,4,战意之所在,Fate/stay night [Unlimited Blade Works] 第一季,1674473
改名叫士道吧,1128.382,1,16777215,2025-06-30 19:14:26,2554067,4,战意之所在,Fate/stay night [Unlimited Blade Works] 第一季,1674473
前面没暴露弱点的参考齐格飞 脚后跟,406.065,1,16777215,2025-06-30 18:46:49,2554067,4,战意之所在,Fate/stay night [Unlimited Blade Works] 第一季,1674473
我真的会觉得这样很烦，有种多管闲事的感觉,1132.894,1,16777215,2025-06-30 18:02:34,2554067,4,战意之所在,Fate/stay night [Unlimited Blade Works] 第一季,1674473
后宫 事情发展的这么快？,1005.937,1,16777215,2025-06-30 13:31:35,2554067,4,战意之所在,Fate/stay night [Unlimited Blade Works] 第一季,1674473
Teacher,746.145,1,16777215,2025-06-30 13:26:47,2554067,4,战意之所在,Fate/stay night [Unlimited Blade Works] 第一季,1674473
光合作用,303.108,1,16777215,2025-06-30 13:12:36,2554067,4,战意之所在,Fate/stay night [Unlimited Blade Works] 第一季,1674473
好想被伊利亚踩呀,18.587,1,16777215,2025-06-29 23:36:17,2554067,4,战意之所在,Fate/stay night [Unlimited Blade Works] 第一季,1674473
哈哈,1132.99,1,16777215,2025-06-29 21:48:37,2554067,4,战意之所在,Fate/stay night [Unlimited Blade Works] 第一季,1674473
哈哈，修罗场,1099.283,1,16777215,2025-06-29 21:47:52,2554067,4,战意之所在,Fate/stay night [Unlimited Blade Works] 第一季,1674473
日在圣杯,1053.971,1,16777215,2025-06-29 21:46:53,2554067,4,战意之所在,Fate/stay night [Unlimited Blade Works] 第一季,1674473
修罗场,974.44,1,16777215,2025-06-29 21:45:00,2554067,4,战意之所在,Fate/stay night [Unlimited Blade Works] 第一季,1674473
要吃醋了,678.206,1,16777215,2025-06-29 20:15:45,2554067,4,战意之所在,Fate/stay night [Unlimited Blade Works] 第一季,1674473
要出事啊，修罗场,643.902,1,16777215,2025-06-29 20:15:04,2554067,4,战意之所在,Fate/stay night [Unlimited Blade Works] 第一季,1674473
卫宫家今天的饭,575.998,1,16777215,2025-06-29 20:13:43,2554067,4,战意之所在,Fate/stay night [Unlimited Blade Works] 第一季,1674473
你们四个把日子过好比什么都重要,1015.558,1,16777215,2025-06-29 19:21:59,2554067,4,战意之所在,Fate/stay night [Unlimited Blade Works] 第一季,1674473
可爱捏士郎,271.535,1,16777215,2025-06-29 19:09:22,2554067,4,战意之所在,Fate/stay night [Unlimited Blade Works] 第一季,1674473
偷袭说是,240.381,1,16777215,2025-06-29 19:08:47,2554067,4,战意之所在,Fate/stay night [Unlimited Blade Works] 第一季,1674473
eater,582.644,5,16707842,2025-06-29 14:56:12,2554067,4,战意之所在,Fate/stay night [Unlimited Blade Works] 第一季,1674473
不像龙，像鳄鱼。,1186.245,1,16777215,2025-06-29 14:01:08,2554067,4,战意之所在,Fate/stay night [Unlimited Blade Works] 第一季,1674473
是咒灵，一拳打死就好了,1163.443,5,16777215,2025-06-29 00:37:12,2554067,4,战意之所在,Fate/stay night [Unlimited Blade Works] 第一季,1674473
红a：你猜我的宝具是不是弓吧,470.088,1,16777215,2025-06-28 19:36:28,2554067,4,战意之所在,Fate/stay night [Unlimited Blade Works] 第一季,1674473
。。,1160.941,1,16777215,2025-06-28 04:42:51,2554067,4,战意之所在,Fate/stay night [Unlimited Blade Works] 第一季,1674473
sakura没见过saber吧,686.309,1,16777215,2025-06-28 04:30:50,2554067,4,战意之所在,Fate/stay night [Unlimited Blade Works] 第一季,1674473
ok，接下来自动为您转——卫宫家今天的饭,542.525,1,16777215,2025-06-28 04:28:16,2554067,4,战意之所在,Fate/stay night [Unlimited Blade Works] 第一季,1674473
还真是,981.583,1,16777215,2025-06-28 03:28:34,2554067,4,战意之所在,Fate/stay night [Unlimited Blade Works] 第一季,1674473
不，他喜欢跳高,907.656,1,16777215,2025-06-27 22:32:31,2554067,4,战意之所在,Fate/stay night [Unlimited Blade Works] 第一季,1674473
另外67个人出来,5.929,1,16777215,2025-06-27 21:16:22,2554067,4,战意之所在,Fate/stay night [Unlimited Blade Works] 第一季,1674473
A……,24.059,1,16777215,2025-06-27 18:57:11,2554067,4,战意之所在,Fate/stay night [Unlimited Blade Works] 第一季,1674473
不对 根本和你蝶不一样,540.192,1,16777215,2025-06-27 18:41:48,2554067,4,战意之所在,Fate/stay night [Unlimited Blade Works] 第一季,1674473
因为你是我妹夫,230.982,1,16777215,2025-06-27 18:38:36,2554067,4,战意之所在,Fate/stay night [Unlimited Blade Works] 第一季,1674473
后宫士郎,1132.347,1,16777215,2025-06-27 18:29:40,2554067,4,战意之所在,Fate/stay night [Unlimited Blade Works] 第一季,1674473
樱一直在装是不是,1012.614,1,16777215,2025-06-27 18:28:37,2554067,4,战意之所在,Fate/stay night [Unlimited Blade Works] 第一季,1674473
樱：那个妹妹我好像见过,688.279,1,16777215,2025-06-27 18:24:07,2554067,4,战意之所在,Fate/stay night [Unlimited Blade Works] 第一季,1674473
劈圣杯劈忘了,392.768,1,16777215,2025-06-27 18:20:21,2554067,4,战意之所在,Fate/stay night [Unlimited Blade Works] 第一季,1674473
哈哈哈哈哈哈哈哈哈哈哈哈哈哈哈哈哈哈哈,1140.047,1,52480,2025-06-27 18:17:31,2554067,4,战意之所在,Fate/stay night [Unlimited Blade Works] 第一季,1674473
无限剑制：？,1285.24,1,16777215,2025-06-26 22:52:58,2554067,4,战意之所在,Fate/stay night [Unlimited Blade Works] 第一季,1674473
英灵也要吃饭嘛,1086.755,1,16777215,2025-06-26 22:49:39,2554067,4,战意之所在,Fate/stay night [Unlimited Blade Works] 第一季,1674473
弓凛,1413.776,1,16777215,2025-06-26 22:48:44,2554067,4,战意之所在,Fate/stay night [Unlimited Blade Works] 第一季,1674473
他想不起自己是谁，还能把项链还给凛？,1288.819,1,16777215,2025-06-26 22:12:23,2554067,4,战意之所在,Fate/stay night [Unlimited Blade Works] 第一季,1674473
坏消息，这女的后面要被慎二整死,947.112,1,16777215,2025-06-26 09:08:16,2554067,4,战意之所在,Fate/stay night [Unlimited Blade Works] 第一季,1674473
你也不放过你爸？,155.887,1,16777215,2025-06-26 03:35:11,2554067,4,战意之所在,Fate/stay night [Unlimited Blade Works] 第一季,1674473
阿瓦隆,329.666,1,16777215,2025-06-26 00:21:48,2554067,4,战意之所在,Fate/stay night [Unlimited Blade Works] 第一季,1674473
事已至此，先吃饭吧）,537.908,1,16777215,2025-06-25 16:35:37,2554067,4,战意之所在,Fate/stay night [Unlimited Blade Works] 第一季,1674473
偷税吧！少年！,915.087,1,16777215,2025-06-24 22:05:39,2554067,4,战意之所在,Fate/stay night [Unlimited Blade Works] 第一季,1674473
我是剑骨头,488.577,1,16777215,2025-06-24 22:01:44,2554067,4,战意之所在,Fate/stay night [Unlimited Blade Works] 第一季,1674473
++++,41.845,1,16777215,2025-06-24 19:36:23,2554067,4,战意之所在,Fate/stay night [Unlimited Blade Works] 第一季,1674473
+++++,41.845,1,16777215,2025-06-24 19:36:17,2554067,4,战意之所在,Fate/stay night [Unlimited Blade Works] 第一季,1674473
++++++++++,41.845,1,16777215,2025-06-24 19:36:12,2554067,4,战意之所在,Fate/stay night [Unlimited Blade Works] 第一季,1674473
++++,41.845,1,16777215,2025-06-24 19:36:07,2554067,4,战意之所在,Fate/stay night [Unlimited Blade Works] 第一季,1674473
++++,41.845,1,16777215,2025-06-24 19:36:01,2554067,4,战意之所在,Fate/stay night [Unlimited Blade Works] 第一季,1674473
++++++,41.845,1,16777215,2025-06-24 19:35:56,2554067,4,战意之所在,Fate/stay night [Unlimited Blade Works] 第一季,1674473
我还以为要说没交作业,782.335,1,15138834,2025-06-24 17:59:01,2554067,4,战意之所在,Fate/stay night [Unlimited Blade Works] 第一季,1674473
哈哈哈,1150.729,1,16777215,2025-06-24 17:15:25,2554067,4,战意之所在,Fate/stay night [Unlimited Blade Works] 第一季,1674473
啊？的一声好萌。。。。。。。。。。,727.532,1,38979,2025-06-24 10:58:28,2554067,4,战意之所在,Fate/stay night [Unlimited Blade Works] 第一季,1674473
flag立的飞起flag立的飞起,1330.346,1,16777215,2025-06-24 10:34:29,2554067,4,战意之所在,Fate/stay night [Unlimited Blade Works] 第一季,1674473
吃醋了吃醋了,684.52,1,16777215,2025-06-24 10:28:15,2554067,4,战意之所在,Fate/stay night [Unlimited Blade Works] 第一季,1674473
这时候老师动手就是死啊，没加buff打不过的,799.652,1,16777215,2025-06-24 02:03:54,2554067,4,战意之所在,Fate/stay night [Unlimited Blade Works] 第一季,1674473
四站和五站，saber想要圣杯的理由变了,391.004,1,16777215,2025-06-24 01:59:21,2554067,4,战意之所在,Fate/stay night [Unlimited Blade Works] 第一季,1674473
这把合理多了，06那个挡刀是真的没眼看,347.668,1,16777215,2025-06-24 01:19:32,2554067,4,战意之所在,Fate/stay night [Unlimited Blade Works] 第一季,1674473
吃醋了,1019.878,1,16777215,2025-06-23 23:26:43,2554067,4,战意之所在,Fate/stay night [Unlimited Blade Works] 第一季,1674473
一语中的,984.593,1,16777215,2025-06-23 23:25:57,2554067,4,战意之所在,Fate/stay night [Unlimited Blade Works] 第一季,1674473
凛这种从容的样子和她父亲真是很像,1294.995,1,16777215,2025-06-23 23:19:14,2554067,4,战意之所在,Fate/stay night [Unlimited Blade Works] 第一季,1674473
06版太迷惑了,345.372,1,16777215,2025-06-23 22:55:11,2554067,4,战意之所在,Fate/stay night [Unlimited Blade Works] 第一季,1674473
对不起想到肯德基了哈哈哈哈,318.09,5,15138834,2025-06-23 22:14:15,2554067,4,战意之所在,Fate/stay night [Unlimited Blade Works] 第一季,1674473
红a，你不懂，这就是爱情的力量,1310.744,1,15138834,2025-06-23 18:13:45,2554067,4,战意之所在,Fate/stay night [Unlimited Blade Works] 第一季,1674473
我嘞个雷，三男一女共处一室，会发生什么好难猜啊,1118.911,1,16707842,2025-06-23 18:04:50,2554067,4,战意之所在,Fate/stay night [Unlimited Blade Works] 第一季,1674473
老师都吃醋吗？？,1105.578,1,16707842,2025-06-23 18:03:52,2554067,4,战意之所在,Fate/stay night [Unlimited Blade Works] 第一季,1674473
竞争对手？,682.351,1,6830715,2025-06-23 17:46:21,2554067,4,战意之所在,Fate/stay night [Unlimited Blade Works] 第一季,1674473
教女友如何自保,649.048,1,16707842,2025-06-23 17:44:40,2554067,4,战意之所在,Fate/stay night [Unlimited Blade Works] 第一季,1674473
好可爱啊,627.367,1,16707842,2025-06-23 17:43:40,2554067,4,战意之所在,Fate/stay night [Unlimited Blade Works] 第一季,1674473
表情好A,499.997,1,16707842,2025-06-23 17:38:23,2554067,4,战意之所在,Fate/stay night [Unlimited Blade Works] 第一季,1674473
哈哈哈哈哈哈哈,169.496,1,16777215,2025-06-23 17:36:04,2554067,4,战意之所在,Fate/stay night [Unlimited Blade Works] 第一季,1674473
心动了吗？,363.243,1,16707842,2025-06-23 14:25:09,2554067,4,战意之所在,Fate/stay night [Unlimited Blade Works] 第一季,1674473
我去美背,34.448,1,16777215,2025-06-23 14:12:56,2554067,4,战意之所在,Fate/stay night [Unlimited Blade Works] 第一季,1674473
士郎换衣服了┗┃・ ■ ・┃┛,361.318,1,16777215,2025-06-23 13:38:47,2554067,4,战意之所在,Fate/stay night [Unlimited Blade Works] 第一季,1674473
头发真碍事,55.204,1,16777215,2025-06-23 10:22:10,2554067,4,战意之所在,Fate/stay night [Unlimited Blade Works] 第一季,1674473
卡面来打！,427.903,1,16777215,2025-06-22 16:00:36,2554067,4,战意之所在,Fate/stay night [Unlimited Blade Works] 第一季,1674473
吾王美如画!,302.91,1,16777215,2025-06-22 12:19:47,2554067,4,战意之所在,Fate/stay night [Unlimited Blade Works] 第一季,1674473
她还记得？,56.54,1,16777215,2025-06-22 12:16:04,2554067,4,战意之所在,Fate/stay night [Unlimited Blade Works] 第一季,1674473
c饿了,1081.358,5,16777215,2025-06-21 20:16:02,2554067,4,战意之所在,Fate/stay night [Unlimited Blade Works] 第一季,1674473
怎么没有龙骑？,1177.897,1,16777215,2025-06-21 19:58:23,2554067,4,战意之所在,Fate/stay night [Unlimited Blade Works] 第一季,1674473
怎么没有人呢？,684.908,1,16777215,2025-06-21 17:38:51,2554067,4,战意之所在,Fate/stay night [Unlimited Blade Works] 第一季,1674473
你给路打油,454.352,5,16777215,2025-06-21 16:21:07,2554067,4,战意之所在,Fate/stay night [Unlimited Blade Works] 第一季,1674473
C妈,1244.828,1,16777215,2025-06-21 16:13:14,2554067,4,战意之所在,Fate/stay night [Unlimited Blade Works] 第一季,1674473
没有任何宝具能对付=无敌=必死,47.528,1,16777215,2025-06-21 14:58:41,2554067,4,战意之所在,Fate/stay night [Unlimited Blade Works] 第一季,1674473
传奇助攻藤姐,1136.474,1,16777215,2025-06-21 01:03:59,2554067,4,战意之所在,Fate/stay night [Unlimited Blade Works] 第一季,1674473
后宫起火。,1029.766,1,16777215,2025-06-21 01:02:43,2554067,4,战意之所在,Fate/stay night [Unlimited Blade Works] 第一季,1674473
前面的，我第一眼也看成女朋友了（苦笑）,773.602,1,38979,2025-06-20 21:06:05,2554067,4,战意之所在,Fate/stay night [Unlimited Blade Works] 第一季,1674473
红a自己都不知道的xswl,531.317,1,16777215,2025-06-20 20:52:32,2554067,4,战意之所在,Fate/stay night [Unlimited Blade Works] 第一季,1674473
复杂的食材往往,1079.551,1,16777215,2025-06-19 23:48:06,2554067,4,战意之所在,Fate/stay night [Unlimited Blade Works] 第一季,1674473
躺着也中枪,1311.614,1,16777215,2025-06-19 21:31:23,2554067,4,战意之所在,Fate/stay night [Unlimited Blade Works] 第一季,1674473
我不管我要召唤Beast！显现吧！索多玛之兽！德拉科！,448.579,1,16646914,2025-06-19 14:06:00,2554067,4,战意之所在,Fate/stay night [Unlimited Blade Works] 第一季,1674473
我不管我要召唤Beast！显现吧！索多玛之兽！德拉科！,443.18,1,16777215,2025-06-19 14:05:35,2554067,4,战意之所在,Fate/stay night [Unlimited Blade Works] 第一季,1674473
你把自己杀了，那你还在吗？如果你不在又是谁把你杀了？,1320.273,1,16777215,2025-06-19 11:37:07,2554067,4,战意之所在,Fate/stay night [Unlimited Blade Works] 第一季,1674473
《底牌》,1267.669,1,15138834,2025-06-19 10:54:59,2554067,4,战意之所在,Fate/stay night [Unlimited Blade Works] 第一季,1674473
哪会有人叫这名啊,1012.839,1,16777215,2025-06-19 06:34:44,2554067,4,战意之所在,Fate/stay night [Unlimited Blade Works] 第一季,1674473
黑丝好评,271.548,1,16777215,2025-06-18 19:18:20,2554067,4,战意之所在,Fate/stay night [Unlimited Blade Works] 第一季,1674473
这是两仪式吗,704.888,1,16777215,2025-06-18 17:24:25,2554067,4,战意之所在,Fate/stay night [Unlimited Blade Works] 第一季,1674473
吾王美如画,305.811,1,16777215,2025-06-18 02:48:24,2554067,4,战意之所在,Fate/stay night [Unlimited Blade Works] 第一季,1674473
呆毛：并非朋友,981.847,1,16777215,2025-06-17 22:28:45,2554067,4,战意之所在,Fate/stay night [Unlimited Blade Works] 第一季,1674473
不信,1323.356,1,16777215,2025-06-17 22:14:04,2554067,4,战意之所在,Fate/stay night [Unlimited Blade Works] 第一季,1674473
红a你演挺好,1277.771,1,16777215,2025-06-17 22:13:30,2554067,4,战意之所在,Fate/stay night [Unlimited Blade Works] 第一季,1674473
确实跟你爸挺有交情的,980.08,1,16777215,2025-06-17 22:08:58,2554067,4,战意之所在,Fate/stay night [Unlimited Blade Works] 第一季,1674473
第八职阶，teacher！,746.025,1,16777215,2025-06-17 22:03:46,2554067,4,战意之所在,Fate/stay night [Unlimited Blade Works] 第一季,1674473
骨架犬,1161.712,5,16777215,2025-06-17 14:29:50,2554067,4,战意之所在,Fate/stay night [Unlimited Blade Works] 第一季,1674473
？看门大爷什么时候出场？,1277.365,1,16777215,2025-06-17 10:59:29,2554067,4,战意之所在,Fate/stay night [Unlimited Blade Works] 第一季,1674473
紫色头发是哪国人呢,803.713,1,16777215,2025-06-16 21:16:10,2554067,4,战意之所在,Fate/stay night [Unlimited Blade Works] 第一季,1674473
又傲娇了,228.794,1,16777215,2025-06-16 18:01:39,2554067,4,战意之所在,Fate/stay night [Unlimited Blade Works] 第一季,1674473
一会 凜知道不是就四女一男了,1263.23,1,16777215,2025-06-16 11:21:12,2554067,4,战意之所在,Fate/stay night [Unlimited Blade Works] 第一季,1674473
【无限剑制】,161.741,5,16777215,2025-06-15 22:52:04,2554067,4,战意之所在,Fate/stay night [Unlimited Blade Works] 第一季,1674473
其实第三次召唤了第8职阶复仇者,435.351,1,16646914,2025-06-15 19:52:25,2554067,4,战意之所在,Fate/stay night [Unlimited Blade Works] 第一季,1674473
这场战斗还是太露骨了,1190.014,1,16777215,2025-06-15 14:30:39,2554067,4,战意之所在,Fate/stay night [Unlimited Blade Works] 第一季,1674473
红a:不到啊,458.284,1,16777215,2025-06-15 11:27:14,2554067,4,战意之所在,Fate/stay night [Unlimited Blade Works] 第一季,1674473
樱：明明是我先来的,681.74,1,16777215,2025-06-15 03:30:34,2554067,4,战意之所在,Fate/stay night [Unlimited Blade Works] 第一季,1674473
美比,298.146,1,16777215,2025-06-14 23:54:50,2554067,4,战意之所在,Fate/stay night [Unlimited Blade Works] 第一季,1674473
想过肺,258.594,1,16777215,2025-06-14 23:53:53,2554067,4,战意之所在,Fate/stay night [Unlimited Blade Works] 第一季,1674473
还真是,981.477,1,16777215,2025-06-14 23:30:37,2554067,4,战意之所在,Fate/stay night [Unlimited Blade Works] 第一季,1674473
樱从小就知道圣杯了,1020.989,1,16777215,2025-06-14 17:50:02,2554067,4,战意之所在,Fate/stay night [Unlimited Blade Works] 第一季,1674473
金闪闪笑了,480.404,1,16777215,2025-06-14 17:39:14,2554067,4,战意之所在,Fate/stay night [Unlimited Blade Works] 第一季,1674473
关爱空巢老樱,1058.668,5,11890,2025-06-14 16:31:40,2554067,4,战意之所在,Fate/stay night [Unlimited Blade Works] 第一季,1674473
·9461,1357.0,1,16777215,2025-06-14 13:33:23,2554067,4,战意之所在,Fate/stay night [Unlimited Blade Works] 第一季,1674473
康康,448.04,1,16777215,2025-06-13 23:37:11,2554067,4,战意之所在,Fate/stay night [Unlimited Blade Works] 第一季,1674473
愉悦,926.552,1,16777215,2025-06-13 23:35:58,2554067,4,战意之所在,Fate/stay night [Unlimited Blade Works] 第一季,1674473
你不觉得你少了个宝具吗,334.789,1,16777215,2025-06-13 23:25:14,2554067,4,战意之所在,Fate/stay night [Unlimited Blade Works] 第一季,1674473
媳妇丢了,731.797,1,16777215,2025-06-13 22:37:01,2554067,4,战意之所在,Fate/stay night [Unlimited Blade Works] 第一季,1674473
凜好好看,1265.117,1,16777215,2025-06-13 20:57:14,2554067,4,战意之所在,Fate/stay night [Unlimited Blade Works] 第一季,1674473
这要比06版可爱多了，06版比这个更沉稳，这个有反差萌,837.879,1,16777215,2025-06-13 01:32:49,2554067,4,战意之所在,Fate/stay night [Unlimited Blade Works] 第一季,1674473
吾王之美，无需多言,718.963,1,16707842,2025-06-12 16:58:01,2554067,4,战意之所在,Fate/stay night [Unlimited Blade Works] 第一季,1674473
全都不想走哈哈,1102.412,1,16777215,2025-06-12 09:08:12,2554067,4,战意之所在,Fate/stay night [Unlimited Blade Works] 第一季,1674473
樱一眼就知道因为前面她手臂的就是咒令只不过转给别人了而已,1013.554,1,16777215,2025-06-12 09:06:37,2554067,4,战意之所在,Fate/stay night [Unlimited Blade Works] 第一季,1674473
樱自己召唤了R姐然后把令咒转给了慎二，所以说樱大概率知道呆毛是英灵,1000.979,1,16777215,2025-06-12 09:05:19,2554067,4,战意之所在,Fate/stay night [Unlimited Blade Works] 第一季,1674473
随口乱说都说中了,983.736,1,16777215,2025-06-12 09:03:58,2554067,4,战意之所在,Fate/stay night [Unlimited Blade Works] 第一季,1674473
樱应该知道呆毛王是英灵,977.611,1,16777215,2025-06-12 09:02:40,2554067,4,战意之所在,Fate/stay night [Unlimited Blade Works] 第一季,1674473
樱也发现呆毛王是英灵所以刚刚一直再确认,811.493,1,16777215,2025-06-12 08:59:12,2554067,4,战意之所在,Fate/stay night [Unlimited Blade Works] 第一季,1674473
老师一眼就知道，不过就算打也不好直接在学校里打,796.831,1,16777215,2025-06-12 08:55:31,2554067,4,战意之所在,Fate/stay night [Unlimited Blade Works] 第一季,1674473
这才是剑鞘生效的效果，之前呆毛王没出来都时候是完全没生效的所以才差点死了,331.328,1,16777215,2025-06-12 08:44:19,2554067,4,战意之所在,Fate/stay night [Unlimited Blade Works] 第一季,1674473
呆毛的直感直接把敌人给找出来了,769.189,1,16777215,2025-06-11 20:30:59,2554067,4,战意之所在,Fate/stay night [Unlimited Blade Works] 第一季,1674473
看成炮姐了,962.636,1,9033215,2025-06-11 20:23:23,2554067,4,战意之所在,Fate/stay night [Unlimited Blade Works] 第一季,1674473
心脏塔塔开哟,361.616,5,16707842,2025-06-10 21:08:52,2554067,4,战意之所在,Fate/stay night [Unlimited Blade Works] 第一季,1674473
呜呜呜我的樱,1054.604,1,16777215,2025-06-10 15:32:46,2554067,4,战意之所在,Fate/stay night [Unlimited Blade Works] 第一季,1674473
基金会呢！,1212.0,1,16777215,2025-06-10 12:23:30,2554067,4,战意之所在,Fate/stay night [Unlimited Blade Works] 第一季,1674473
亚撒西男主,536.789,1,16777215,2025-06-09 21:53:43,2554067,4,战意之所在,Fate/stay night [Unlimited Blade Works] 第一季,1674473
原型是希腊神话的斯帕耳托伊,1177.739,1,16777215,2025-06-09 11:46:11,2554067,4,战意之所在,Fate/stay night [Unlimited Blade Works] 第一季,1674473
那可真是帮大忙了,1136.09,5,16777215,2025-06-09 02:57:52,2554067,4,战意之所在,Fate/stay night [Unlimited Blade Works] 第一季,1674473
这里应该是外国来的留学生，而不是新生,774.394,5,16777215,2025-06-09 02:51:46,2554067,4,战意之所在,Fate/stay night [Unlimited Blade Works] 第一季,1674473
好像薇尔莉特,640.51,5,16777215,2025-06-09 02:49:07,2554067,4,战意之所在,Fate/stay night [Unlimited Blade Works] 第一季,1674473
伊利亚只是人偶，并没有啥细节，只是有人体结构，在zero里面可以清楚了解到,30.688,5,16777215,2025-06-09 02:39:24,2554067,4,战意之所在,Fate/stay night [Unlimited Blade Works] 第一季,1674473
凛也即将加入群聊,1131.052,1,16777215,2025-06-09 00:21:51,2554067,4,战意之所在,Fate/stay night [Unlimited Blade Works] 第一季,1674473
像一头雄狮巡视自己的领地,830.674,1,16776960,2025-06-09 00:01:57,2554067,4,战意之所在,Fate/stay night [Unlimited Blade Works] 第一季,1674473
不要忘了这是凛线。。。,1288.511,1,16777215,2025-06-08 21:00:05,2554067,4,战意之所在,Fate/stay night [Unlimited Blade Works] 第一季,1674473
光盘,620.269,1,16777215,2025-06-08 20:32:37,2554067,4,战意之所在,Fate/stay night [Unlimited Blade Works] 第一季,1674473
伊莉雅应该18了吧,31.236,1,16777215,2025-06-08 20:04:53,2554067,4,战意之所在,Fate/stay night [Unlimited Blade Works] 第一季,1674473
触动呆毛的骑士精神了,371.564,1,16777215,2025-06-08 18:13:27,2554067,4,战意之所在,Fate/stay night [Unlimited Blade Works] 第一季,1674473
小树唱得好 ！！,149.358,5,52480,2025-06-08 16:06:54,2554067,4,战意之所在,Fate/stay night [Unlimited Blade Works] 第一季,1674473
士郎太愚钝了,1045.491,1,16777215,2025-06-08 14:30:56,2554067,4,战意之所在,Fate/stay night [Unlimited Blade Works] 第一季,1674473
小小的也很可爱,23.034,1,16777215,2025-06-08 12:26:07,2554067,4,战意之所在,Fate/stay night [Unlimited Blade Works] 第一季,1674473
还有. teacher,437.395,1,16777215,2025-06-08 09:31:25,2554067,4,战意之所在,Fate/stay night [Unlimited Blade Works] 第一季,1674473
怎么对接不上,187.972,1,16777215,2025-06-07 21:44:46,2554067,4,战意之所在,Fate/stay night [Unlimited Blade Works] 第一季,1674473
raper,455.082,5,16777215,2025-06-07 12:34:30,2554067,4,战意之所在,Fate/stay night [Unlimited Blade Works] 第一季,1674473
前几集不都四十多分钟吗,1348.465,1,16777215,2025-06-07 12:12:40,2554067,4,战意之所在,Fate/stay night [Unlimited Blade Works] 第一季,1674473
吃醋了,1052.201,1,15138834,2025-06-06 21:35:31,2554067,4,战意之所在,Fate/stay night [Unlimited Blade Works] 第一季,1674473
cichhl,1052.201,1,16777215,2025-06-06 21:35:18,2554067,4,战意之所在,Fate/stay night [Unlimited Blade Works] 第一季,1674473
这里樱其实是知道的，因为她也是御主，只是用令咒做出来后输给二爷用,685.492,1,16777215,2025-06-06 14:15:00,2554067,4,战意之所在,Fate/stay night [Unlimited Blade Works] 第一季,1674473
红a，除非你用咒令，不然那个红毛小子我是不会杀的,1315.877,5,15138834,2025-06-06 13:55:18,2554067,4,战意之所在,Fate/stay night [Unlimited Blade Works] 第一季,1674473
魔法少年龙之介,1282.878,5,15138834,2025-06-06 13:54:15,2554067,4,战意之所在,Fate/stay night [Unlimited Blade Works] 第一季,1674473
死因：说凛胖,265.769,1,16777215,2025-06-05 22:26:38,2554067,4,战意之所在,Fate/stay night [Unlimited Blade Works] 第一季,1674473
他好像是被逼得退社的,911.818,1,16777215,2025-06-05 05:16:16,2554067,4,战意之所在,Fate/stay night [Unlimited Blade Works] 第一季,1674473
为什么不给樱送便当。。。,678.659,1,16777215,2025-06-05 05:12:14,2554067,4,战意之所在,Fate/stay night [Unlimited Blade Works] 第一季,1674473
你们古代人就是死脑筋,346.875,1,16777215,2025-06-05 05:06:31,2554067,4,战意之所在,Fate/stay night [Unlimited Blade Works] 第一季,1674473
这一屋子全是人偶。。。,47.55,1,16777215,2025-06-05 05:02:54,2554067,4,战意之所在,Fate/stay night [Unlimited Blade Works] 第一季,1674473
wola,309.064,1,16707842,2025-06-04 23:39:14,2554067,4,战意之所在,Fate/stay night [Unlimited Blade Works] 第一季,1674473
干了,56.606,1,16777215,2025-06-04 18:58:50,2554067,4,战意之所在,Fate/stay night [Unlimited Blade Works] 第一季,1674473
⊙∀⊙！,25.329,1,16777215,2025-06-03 23:57:20,2554067,4,战意之所在,Fate/stay night [Unlimited Blade Works] 第一季,1674473
女主是sabar就好了,639.557,1,16777215,2025-06-03 22:42:30,2554067,4,战意之所在,Fate/stay night [Unlimited Blade Works] 第一季,1674473
吾王美如画,314.275,1,16707842,2025-06-03 11:00:26,2554067,4,战意之所在,Fate/stay night [Unlimited Blade Works] 第一季,1674473
樱非常想让藤村说不同意,1030.721,1,6830715,2025-06-02 22:12:42,2554067,4,战意之所在,Fate/stay night [Unlimited Blade Works] 第一季,1674473
说对了耶！,981.319,1,16707842,2025-06-02 17:43:12,2554067,4,战意之所在,Fate/stay night [Unlimited Blade Works] 第一季,1674473
这制作组会画侧脸么?,176.775,5,16777215,2025-06-02 01:21:28,2554067,4,战意之所在,Fate/stay night [Unlimited Blade Works] 第一季,1674473
偷税吧少年,933.879,1,16777215,2025-06-01 21:27:27,2554067,4,战意之所在,Fate/stay night [Unlimited Blade Works] 第一季,1674473
基本告别影视行业,25.064,1,16777215,2025-06-01 15:15:49,2554067,4,战意之所在,Fate/stay night [Unlimited Blade Works] 第一季,1674473
樱是接受了间桐家的魔术师教育的，知道saber指什么,1007.907,1,16777215,2025-06-01 09:14:30,2554067,4,战意之所在,Fate/stay night [Unlimited Blade Works] 第一季,1674473
这才叫秘密进行的战争,1138.568,5,15138834,2025-05-31 21:22:37,2554067,4,战意之所在,Fate/stay night [Unlimited Blade Works] 第一季,1674473
《底牌》,1266.263,1,16777215,2025-05-31 18:00:30,2554067,4,战意之所在,Fate/stay night [Unlimited Blade Works] 第一季,1674473
把过失看成了丈夫,239.683,1,16777215,2025-05-31 17:42:37,2554067,4,战意之所在,Fate/stay night [Unlimited Blade Works] 第一季,1674473
比06版好多了，06的士郎满脑子只有saber是女生,559.629,1,16777215,2025-05-31 09:14:31,2554067,4,战意之所在,Fate/stay night [Unlimited Blade Works] 第一季,1674473
凛：果然还是杀了他吧,256.957,1,16777215,2025-05-31 09:09:26,2554067,4,战意之所在,Fate/stay night [Unlimited Blade Works] 第一季,1674473
粥吧打过来了,265.363,1,16777215,2025-05-30 23:58:43,2554067,4,战意之所在,Fate/stay night [Unlimited Blade Works] 第一季,1674473
:小摩托 首先我没有惹任何人,1034.218,1,16777215,2025-05-30 09:08:32,2554067,4,战意之所在,Fate/stay night [Unlimited Blade Works] 第一季,1674473
其实不想穿也可以的,548.344,1,16777215,2025-05-29 15:36:20,2554067,4,战意之所在,Fate/stay night [Unlimited Blade Works] 第一季,1674473
不走樱线她就要被慎二弄死了，所以最后一次登场,874.852,1,16777215,2025-05-29 15:00:19,2554067,4,战意之所在,Fate/stay night [Unlimited Blade Works] 第一季,1674473
下亿次,266.393,1,16777215,2025-05-29 14:47:15,2554067,4,战意之所在,Fate/stay night [Unlimited Blade Works] 第一季,1674473
这个伊利亚有点像小黑呀,34.817,1,16777215,2025-05-29 14:42:52,2554067,4,战意之所在,Fate/stay night [Unlimited Blade Works] 第一季,1674473
丸辣,1131.751,1,16777215,2025-05-29 00:17:09,2554067,4,战意之所在,Fate/stay night [Unlimited Blade Works] 第一季,1674473
正义值真高,1287.799,1,16777215,2025-05-28 16:58:09,2554067,4,战意之所在,Fate/stay night [Unlimited Blade Works] 第一季,1674473
vespa！！！！,994.164,5,16776960,2025-05-27 02:28:21,2554067,4,战意之所在,Fate/stay night [Unlimited Blade Works] 第一季,1674473
藤姐：这是我的vespa,977.113,5,16776960,2025-05-27 02:27:15,2554067,4,战意之所在,Fate/stay night [Unlimited Blade Works] 第一季,1674473
记得saber线里面都是士郎拉着saber转的,839.504,1,16777215,2025-05-26 18:10:51,2554067,4,战意之所在,Fate/stay night [Unlimited Blade Works] 第一季,1674473
神助攻,1132.337,5,16777215,2025-05-26 11:51:49,2554067,4,战意之所在,Fate/stay night [Unlimited Blade Works] 第一季,1674473
卫宫家今天的饭才是正传哦,538.861,5,16777215,2025-05-26 11:43:29,2554067,4,战意之所在,Fate/stay night [Unlimited Blade Works] 第一季,1674473
p“oliu‘、/;lkj;',1183.911,1,16777215,2025-05-26 11:35:18,2554067,4,战意之所在,Fate/stay night [Unlimited Blade Works] 第一季,1674473
凛：这不是我的线吗？,1132.843,1,16777215,2025-05-26 08:55:44,2554067,4,战意之所在,Fate/stay night [Unlimited Blade Works] 第一季,1674473
瓦斯又泄露了。,1234.475,1,16707842,2025-05-26 01:47:03,2554067,4,战意之所在,Fate/stay night [Unlimited Blade Works] 第一季,1674473
看骨骼应该是猪。,1167.281,1,16707842,2025-05-26 01:45:47,2554067,4,战意之所在,Fate/stay night [Unlimited Blade Works] 第一季,1674473
薇尔莉特！,317.871,1,16777215,2025-05-25 22:57:57,2554067,4,战意之所在,Fate/stay night [Unlimited Blade Works] 第一季,1674473
你怎么直接叫出来了啊！,1003.347,1,16777215,2025-05-25 20:36:16,2554067,4,战意之所在,Fate/stay night [Unlimited Blade Works] 第一季,1674473
R姐！,1435.94,1,16777215,2025-05-25 11:37:29,2554067,4,战意之所在,Fate/stay night [Unlimited Blade Works] 第一季,1674473
卫宫家今天的饭,1095.542,1,16777215,2025-05-25 11:36:39,2554067,4,战意之所在,Fate/stay night [Unlimited Blade Works] 第一季,1674473
teacher！,744.206,1,16777215,2025-05-25 11:35:15,2554067,4,战意之所在,Fate/stay night [Unlimited Blade Works] 第一季,1674473
谁包扎的伤口？,198.295,1,16777215,2025-05-24 14:11:04,2554067,4,战意之所在,Fate/stay night [Unlimited Blade Works] 第一季,1674473
秒变后宫漫_(:з」∠)_,1126.627,1,16777215,2025-05-24 13:30:08,2554067,4,战意之所在,Fate/stay night [Unlimited Blade Works] 第一季,1674473
为什么要护在身后啊哈哈,764.405,1,16777215,2025-05-23 20:50:57,2554067,4,战意之所在,Fate/stay night [Unlimited Blade Works] 第一季,1674473
下亿次一定杀了他,1321.922,1,16777215,2025-05-21 23:09:34,2554067,4,战意之所在,Fate/stay night [Unlimited Blade Works] 第一季,1674473
其实这些都是瓦斯泄漏,1230.145,1,16777215,2025-05-20 21:01:21,2554067,4,战意之所在,Fate/stay night [Unlimited Blade Works] 第一季,1674473
吾王美如画,722.117,1,16777215,2025-05-20 18:32:27,2554067,4,战意之所在,Fate/stay night [Unlimited Blade Works] 第一季,1674473
函数声明那个，6,492.418,1,16777215,2025-05-20 12:23:52,2554067,4,战意之所在,Fate/stay night [Unlimited Blade Works] 第一季,1674473
一看就是成为英灵的好苗子（）,830.027,1,16777215,2025-05-20 07:11:52,2554067,4,战意之所在,Fate/stay night [Unlimited Blade Works] 第一季,1674473
之所以不能隐藏是因为士郎无法提供魔力，致使saber没有足以灵体化的魔力,644.992,1,16777215,2025-05-19 23:11:01,2554067,4,战意之所在,Fate/stay night [Unlimited Blade Works] 第一季,1674473
不是那是底牌吗？宝具不是说要喊名字的吗,1273.905,1,16777215,2025-05-19 23:09:14,2554067,4,战意之所在,Fate/stay night [Unlimited Blade Works] 第一季,1674473
怎么受伤了？,352.105,1,16777215,2025-05-19 22:53:12,2554067,4,战意之所在,Fate/stay night [Unlimited Blade Works] 第一季,1674473
三天恢复有点逆天了吧,51.377,1,16777215,2025-05-19 22:48:32,2554067,4,战意之所在,Fate/stay night [Unlimited Blade Works] 第一季,1674473
倒霉孩子伊利亚,160.132,1,16777215,2025-05-19 22:12:27,2554067,4,战意之所在,Fate/stay night [Unlimited Blade Works] 第一季,1674473
什么运动番的开头哇哈哈哈哈哈哈哈，回去就变成运动番了,866.983,1,16777215,2025-05-19 07:50:04,2554067,4,战意之所在,Fate/stay night [Unlimited Blade Works] 第一季,1674473
看到了没，黑丝saber,302.181,1,16777215,2025-05-19 05:26:53,2554067,4,战意之所在,Fate/stay night [Unlimited Blade Works] 第一季,1674473
经典服装,297.769,5,41194,2025-05-19 00:26:05,2554067,4,战意之所在,Fate/stay night [Unlimited Blade Works] 第一季,1674473
不小心按到后撤了,183.046,1,16777215,2025-05-18 22:52:51,2554067,4,战意之所在,Fate/stay night [Unlimited Blade Works] 第一季,1674473
樱：一天不见，家没了？,678.61,1,13369971,2025-05-18 22:18:44,2554067,4,战意之所在,Fate/stay night [Unlimited Blade Works] 第一季,1674473
还真是,981.776,1,16777215,2025-05-18 13:18:18,2554067,4,战意之所在,Fate/stay night [Unlimited Blade Works] 第一季,1674473
卫宫宅到底多大啊,1143.483,1,16777215,2025-05-18 13:08:35,2554067,4,战意之所在,Fate/stay night [Unlimited Blade Works] 第一季,1674473
不是，你居然知道！,975.099,1,16777215,2025-05-18 13:05:29,2554067,4,战意之所在,Fate/stay night [Unlimited Blade Works] 第一季,1674473
吾王美如画,307.725,1,16777215,2025-05-18 10:51:39,2554067,4,战意之所在,Fate/stay night [Unlimited Blade Works] 第一季,1674473
明日香既视感,1155.947,5,16646914,2025-05-18 10:49:30,2554067,4,战意之所在,Fate/stay night [Unlimited Blade Works] 第一季,1674473
好平,809.343,5,15138834,2025-05-17 23:55:28,2554067,4,战意之所在,Fate/stay night [Unlimited Blade Works] 第一季,1674473
阴qi第四声弹,1163.703,1,16777215,2025-05-17 23:25:48,2554067,4,战意之所在,Fate/stay night [Unlimited Blade Works] 第一季,1674473
日在校园阿,1019.829,1,16777215,2025-05-17 11:58:01,2554067,4,战意之所在,Fate/stay night [Unlimited Blade Works] 第一季,1674473
红a：底牌嘛，多几张咋了？,1270.14,1,15138834,2025-05-17 11:39:05,2554067,4,战意之所在,Fate/stay night [Unlimited Blade Works] 第一季,1674473
一语道破天机,983.982,5,15138834,2025-05-17 11:34:42,2554067,4,战意之所在,Fate/stay night [Unlimited Blade Works] 第一季,1674473
没必要当一个人，菌呆和虚呆差别很大的,840.782,1,16707842,2025-05-16 22:24:06,2554067,4,战意之所在,Fate/stay night [Unlimited Blade Works] 第一季,1674473
居然不另外取一个名字吗，如果对方是魔法师是不是很容易被怀疑,1016.169,1,16777215,2025-05-16 12:18:44,2554067,4,战意之所在,Fate/stay night [Unlimited Blade Works] 第一季,1674473
车巨,1186.497,1,6830715,2025-05-15 22:40:25,2554067,4,战意之所在,Fate/stay night [Unlimited Blade Works] 第一季,1674473
吾王可爱捏,544.972,1,16777215,2025-05-15 22:11:34,2554067,4,战意之所在,Fate/stay night [Unlimited Blade Works] 第一季,1674473
说saber的时候樱全知道了,1013.676,1,16777215,2025-05-15 20:55:19,2554067,4,战意之所在,Fate/stay night [Unlimited Blade Works] 第一季,1674473
成哥在天上看着你，士郎,1021.527,1,16776960,2025-05-15 12:12:49,2554067,4,战意之所在,Fate/stay night [Unlimited Blade Works] 第一季,1674473
下次一定,230.436,1,16777215,2025-05-15 11:41:20,2554067,4,战意之所在,Fate/stay night [Unlimited Blade Works] 第一季,1674473
也没说错,981.413,1,16777215,2025-05-15 11:09:19,2554067,4,战意之所在,Fate/stay night [Unlimited Blade Works] 第一季,1674473
完全和他老爹反着来啊,364.704,5,15138834,2025-05-15 10:15:21,2554067,4,战意之所在,Fate/stay night [Unlimited Blade Works] 第一季,1674473
saber:没错我就是英国人,646.332,1,16707842,2025-05-15 01:08:55,2554067,4,战意之所在,Fate/stay night [Unlimited Blade Works] 第一季,1674473
今日亦是和平的一天,1192.094,1,16777215,2025-05-14 12:26:39,2554067,4,战意之所在,Fate/stay night [Unlimited Blade Works] 第一季,1674473
龙之介：是的，不能卷入普通人,575.997,1,16777215,2025-05-14 00:29:57,2554067,4,战意之所在,Fate/stay night [Unlimited Blade Works] 第一季,1674473
哈哈哈哈哈,1132.75,1,16707842,2025-05-13 23:16:23,2554067,4,战意之所在,Fate/stay night [Unlimited Blade Works] 第一季,1674473
底牌也是fake的fake人，红a没错就是你,1267.699,1,16777215,2025-05-13 22:04:17,2554067,4,战意之所在,Fate/stay night [Unlimited Blade Works] 第一季,1674473
式姐！！,613.128,1,16777215,2025-05-13 21:51:45,2554067,4,战意之所在,Fate/stay night [Unlimited Blade Works] 第一季,1674473
我去好帅啊这个,127.565,1,16777215,2025-05-13 20:48:50,2554067,4,战意之所在,Fate/stay night [Unlimited Blade Works] 第一季,1674473
樱知道了吧,1011.843,1,16777215,2025-05-13 18:00:04,2554067,4,战意之所在,Fate/stay night [Unlimited Blade Works] 第一季,1674473
你别说，你还真别说,986.285,1,16777215,2025-05-13 15:29:33,2554067,4,战意之所在,Fate/stay night [Unlimited Blade Works] 第一季,1674473
阴炁弹,1171.202,1,16777215,2025-05-13 13:06:01,2554067,4,战意之所在,Fate/stay night [Unlimited Blade Works] 第一季,1674473
三拳打碎圣杯梦,767.638,1,16777215,2025-05-13 05:53:58,2554067,4,战意之所在,Fate/stay night [Unlimited Blade Works] 第一季,1674473
想起鬼月去拿再不斩的刀了，随手一指就是正主,986.57,1,16777215,2025-05-13 02:19:32,2554067,4,战意之所在,Fate/stay night [Unlimited Blade Works] 第一季,1674473
记住这句话,1319.243,1,16777215,2025-05-12 20:41:45,2554067,4,战意之所在,Fate/stay night [Unlimited Blade Works] 第一季,1674473
底牌（指小技能）,1271.726,1,16777215,2025-05-12 18:35:13,2554067,4,战意之所在,Fate/stay night [Unlimited Blade Works] 第一季,1674473
心疼樱,1054.185,1,16777215,2025-05-12 15:27:03,2554067,4,战意之所在,Fate/stay night [Unlimited Blade Works] 第一季,1674473
你脸红个泡泡茶,230.876,1,16777215,2025-05-12 12:20:47,2554067,4,战意之所在,Fate/stay night [Unlimited Blade Works] 第一季,1674473
这眼神好恐怖啊,1176.504,1,16777215,2025-05-11 20:16:21,2554067,4,战意之所在,Fate/stay night [Unlimited Blade Works] 第一季,1674473
樱：醋最好吃了,1066.234,1,16777215,2025-05-11 20:13:39,2554067,4,战意之所在,Fate/stay night [Unlimited Blade Works] 第一季,1674473
他还真没说错哈哈哈,981.241,1,16777215,2025-05-11 19:58:17,2554067,4,战意之所在,Fate/stay night [Unlimited Blade Works] 第一季,1674473
wow,284.673,1,16777215,2025-05-11 17:03:40,2554067,4,战意之所在,Fate/stay night [Unlimited Blade Works] 第一季,1674473
仙贝,980.282,1,16777215,2025-05-11 12:08:32,2554067,4,战意之所在,Fate/stay night [Unlimited Blade Works] 第一季,1674473
强者之间的会面,749.546,1,16777215,2025-05-11 05:17:47,2554067,4,战意之所在,Fate/stay night [Unlimited Blade Works] 第一季,1674473
电动车:为我发声,1033.558,5,16777215,2025-05-11 00:21:43,2554067,4,战意之所在,Fate/stay night [Unlimited Blade Works] 第一季,1674473
其实还会枪,450.883,1,16777215,2025-05-10 21:38:32,2554067,4,战意之所在,Fate/stay night [Unlimited Blade Works] 第一季,1674473
coser：伊莉雅,440.734,1,16777215,2025-05-10 20:50:52,2554067,4,战意之所在,Fate/stay night [Unlimited Blade Works] 第一季,1674473
女王,1288.084,1,16777215,2025-05-10 16:30:57,2554067,4,战意之所在,Fate/stay night [Unlimited Blade Works] 第一季,1674473
不是，？难道说士郎就是红A？,903.601,1,16777215,2025-05-10 16:02:39,2554067,4,战意之所在,Fate/stay night [Unlimited Blade Works] 第一季,1674473
厌蠢症犯了。。。,357.36,1,16777215,2025-05-10 12:35:28,2554067,4,战意之所在,Fate/stay night [Unlimited Blade Works] 第一季,1674473
还真是,979.728,1,16777215,2025-05-10 05:30:36,2554067,4,战意之所在,Fate/stay night [Unlimited Blade Works] 第一季,1674473
嗯，archer的弓（,472.356,1,16777215,2025-05-10 00:56:21,2554067,4,战意之所在,Fate/stay night [Unlimited Blade Works] 第一季,1674473
吾王美如画,355.509,1,16777215,2025-05-09 14:26:05,2554067,4,战意之所在,Fate/stay night [Unlimited Blade Works] 第一季,1674473
吾王美如画,342.023,1,16777215,2025-05-09 14:25:52,2554067,4,战意之所在,Fate/stay night [Unlimited Blade Works] 第一季,1674473
吾王美如画,333.127,1,16777215,2025-05-09 14:25:43,2554067,4,战意之所在,Fate/stay night [Unlimited Blade Works] 第一季,1674473
吾王美如画,326.786,1,16777215,2025-05-09 14:25:36,2554067,4,战意之所在,Fate/stay night [Unlimited Blade Works] 第一季,1674473
吾王美如画,320.717,1,16777215,2025-05-09 14:25:30,2554067,4,战意之所在,Fate/stay night [Unlimited Blade Works] 第一季,1674473
开始了，地狱之修罗场。,1123.113,1,16777215,2025-05-09 14:02:28,2554067,4,战意之所在,Fate/stay night [Unlimited Blade Works] 第一季,1674473
强人所难,1015.423,1,16777215,2025-05-09 14:00:25,2554067,4,战意之所在,Fate/stay night [Unlimited Blade Works] 第一季,1674473
美如画,302.548,1,16777215,2025-05-09 13:48:17,2554067,4,战意之所在,Fate/stay night [Unlimited Blade Works] 第一季,1674473
teacher,828.125,1,16777215,2025-05-09 09:58:47,2554067,4,战意之所在,Fate/stay night [Unlimited Blade Works] 第一季,1674473
不是吧哈哈哈哈,1133.53,1,16777215,2025-05-09 04:40:07,2554067,4,战意之所在,Fate/stay night [Unlimited Blade Works] 第一季,1674473
吃醋吗2333,687.784,1,16777215,2025-05-09 04:36:00,2554067,4,战意之所在,Fate/stay night [Unlimited Blade Works] 第一季,1674473
吃饭,540.003,1,16777215,2025-05-09 04:34:35,2554067,4,战意之所在,Fate/stay night [Unlimited Blade Works] 第一季,1674473
还真是熟人，朋友吗呵呵呵,986.552,5,16777215,2025-05-09 01:05:58,2554067,4,战意之所在,Fate/stay night [Unlimited Blade Works] 第一季,1674473
这么露骨吗,1202.181,1,16777215,2025-05-08 22:58:31,2554067,4,战意之所在,Fate/stay night [Unlimited Blade Works] 第一季,1674473
偷税,934.244,1,16777215,2025-05-08 20:24:22,2554067,4,战意之所在,Fate/stay night [Unlimited Blade Works] 第一季,1674473
要来了吗,544.916,1,16777215,2025-05-08 20:13:32,2554067,4,战意之所在,Fate/stay night [Unlimited Blade Works] 第一季,1674473
这些弹幕是人机弹幕吗？,1087.956,5,15138834,2025-05-08 17:23:36,2554067,4,战意之所在,Fate/stay night [Unlimited Blade Works] 第一季,1674473
众所周知，圣杯战争是众所周知的,1153.367,5,14811775,2025-05-08 16:36:06,2554067,4,战意之所在,Fate/stay night [Unlimited Blade Works] 第一季,1674473
为什么日本的天气预报里面，中国的占地面积最大？,1101.07,5,14811775,2025-05-08 16:32:56,2554067,4,战意之所在,Fate/stay night [Unlimited Blade Works] 第一季,1674473
展示食物特写（贪吃）,262.67,1,16777215,2025-05-08 16:18:29,2554067,4,战意之所在,Fate/stay night [Unlimited Blade Works] 第一季,1674473
樱:我的呢？我的没有就算了，你还找了个对象？,678.093,1,16777215,2025-05-08 15:02:46,2554067,4,战意之所在,Fate/stay night [Unlimited Blade Works] 第一季,1674473
唉！难得遇到个好宿主！不容易啊saber,371.939,1,16777215,2025-05-08 13:24:51,2554067,4,战意之所在,Fate/stay night [Unlimited Blade Works] 第一季,1674473
后宫——1,1055.636,1,16777215,2025-05-08 08:57:02,2554067,4,战意之所在,Fate/stay night [Unlimited Blade Works] 第一季,1674473
我嘞个底牌啊，那你的无限剑制是啥,1269.969,1,16777215,2025-05-08 00:48:46,2554067,4,战意之所在,Fate/stay night [Unlimited Blade Works] 第一季,1674473
对眼了,754.563,1,16777215,2025-05-07 22:23:52,2554067,4,战意之所在,Fate/stay night [Unlimited Blade Works] 第一季,1674473
？？,1127.101,1,16777215,2025-05-07 15:07:52,2554067,4,战意之所在,Fate/stay night [Unlimited Blade Works] 第一季,1674473
还真是,981.958,1,16777215,2025-05-07 15:06:05,2554067,4,战意之所在,Fate/stay night [Unlimited Blade Works] 第一季,1674473
开一局就熟了,583.634,1,16777215,2025-05-07 12:46:48,2554067,4,战意之所在,Fate/stay night [Unlimited Blade Works] 第一季,1674473
老师会开静步,835.733,1,16777215,2025-05-07 12:42:22,2554067,4,战意之所在,Fate/stay night [Unlimited Blade Works] 第一季,1674473
小伙子，多练练腿吧,1138.494,1,16777215,2025-05-07 09:47:05,2554067,4,战意之所在,Fate/stay night [Unlimited Blade Works] 第一季,1674473
坂本,789.2,1,16777215,2025-05-07 09:42:50,2554067,4,战意之所在,Fate/stay night [Unlimited Blade Works] 第一季,1674473
06版凛的攻击跟刮痧一样，这下总算看上去有点威力了,1196.375,1,16777215,2025-05-07 01:33:42,2554067,4,战意之所在,Fate/stay night [Unlimited Blade Works] 第一季,1674473
樱毕竟是魔术师家出生,1024.412,1,16777215,2025-05-07 01:02:46,2554067,4,战意之所在,Fate/stay night [Unlimited Blade Works] 第一季,1674473
《安心》,832.118,1,16646914,2025-05-07 00:45:58,2554067,4,战意之所在,Fate/stay night [Unlimited Blade Works] 第一季,1674473
补魔！,583.527,1,16777215,2025-05-07 00:43:17,2554067,4,战意之所在,Fate/stay night [Unlimited Blade Works] 第一季,1674473
起夜急李姐,248.266,5,16740868,2025-05-07 00:23:33,2554067,4,战意之所在,Fate/stay night [Unlimited Blade Works] 第一季,1674473
还真是,979.424,5,15138834,2025-05-06 23:36:21,2554067,4,战意之所在,Fate/stay night [Unlimited Blade Works] 第一季,1674473
老师以前是当杀手，强的离谱,813.446,5,15138834,2025-05-06 23:33:39,2554067,4,战意之所在,Fate/stay night [Unlimited Blade Works] 第一季,1674473
老师这里应该看出来了,785.567,5,15138834,2025-05-06 23:32:51,2554067,4,战意之所在,Fate/stay night [Unlimited Blade Works] 第一季,1674473
樱这会儿应该看出来是C8吧,690.418,5,15138834,2025-05-06 23:31:20,2554067,4,战意之所在,Fate/stay night [Unlimited Blade Works] 第一季,1674473
说的和做了一样,369.386,1,16777215,2025-05-06 22:23:41,2554067,4,战意之所在,Fate/stay night [Unlimited Blade Works] 第一季,1674473
哈哈哈哈哈,918.402,1,16777215,2025-05-06 18:46:04,2554067,4,战意之所在,Fate/stay night [Unlimited Blade Works] 第一季,1674473
我还以为拿的是手榴弹拉环,949.556,1,16777215,2025-05-06 16:01:15,2554067,4,战意之所在,Fate/stay night [Unlimited Blade Works] 第一季,1674473
要闻,259.037,1,16777215,2025-05-06 02:41:14,2554067,4,战意之所在,Fate/stay night [Unlimited Blade Works] 第一季,1674473
还真是,979.462,1,16777215,2025-05-06 01:50:53,2554067,4,战意之所在,Fate/stay night [Unlimited Blade Works] 第一季,1674473
二乔说，这个我会,455.228,1,16777215,2025-05-06 00:20:57,2554067,4,战意之所在,Fate/stay night [Unlimited Blade Works] 第一季,1674473
类（,407.626,1,16777215,2025-05-05 23:56:40,2554067,4,战意之所在,Fate/stay night [Unlimited Blade Works] 第一季,1674473
猎奇,265.375,1,16777215,2025-05-05 23:07:56,2554067,4,战意之所在,Fate/stay night [Unlimited Blade Works] 第一季,1674473
熊猫鼠，宝莲灯,817.071,1,16777215,2025-05-05 22:11:35,2554067,4,战意之所在,Fate/stay night [Unlimited Blade Works] 第一季,1674473
哈哈哈哈,1107.921,1,16777215,2025-05-05 19:49:08,2554067,4,战意之所在,Fate/stay night [Unlimited Blade Works] 第一季,1674473
底牌说是,1275.283,1,16777215,2025-05-05 17:52:06,2554067,4,战意之所在,Fate/stay night [Unlimited Blade Works] 第一季,1674473
我可以惹,180.769,1,16777215,2025-05-05 16:13:57,2554067,4,战意之所在,Fate/stay night [Unlimited Blade Works] 第一季,1674473
红A:我也没说自己底牌就一张啊,1271.656,5,15138834,2025-05-05 13:31:32,2554067,4,战意之所在,Fate/stay night [Unlimited Blade Works] 第一季,1674473
祢豆子,584.85,1,16777215,2025-05-05 12:57:29,2554067,4,战意之所在,Fate/stay night [Unlimited Blade Works] 第一季,1674473
动力炉在痛,361.866,1,16777215,2025-05-05 12:00:36,2554067,4,战意之所在,Fate/stay night [Unlimited Blade Works] 第一季,1674473
底牌？,1268.309,1,15138834,2025-05-05 11:30:35,2554067,4,战意之所在,Fate/stay night [Unlimited Blade Works] 第一季,1674473
我也想要呆毛,406.202,1,16777215,2025-05-05 09:23:27,2554067,4,战意之所在,Fate/stay night [Unlimited Blade Works] 第一季,1674473
搁这打682大爷呢,1187.649,1,16777215,2025-05-05 08:18:48,2554067,4,战意之所在,Fate/stay night [Unlimited Blade Works] 第一季,1674473
傲娇,1322.58,5,16646914,2025-05-05 07:06:10,2554067,4,战意之所在,Fate/stay night [Unlimited Blade Works] 第一季,1674473
老相识了,980.936,5,16646914,2025-05-05 06:59:08,2554067,4,战意之所在,Fate/stay night [Unlimited Blade Works] 第一季,1674473
rider来咯,872.166,5,16646914,2025-05-05 06:56:38,2554067,4,战意之所在,Fate/stay night [Unlimited Blade Works] 第一季,1674473
那个女人是谁,674.558,5,16646914,2025-05-05 06:52:35,2554067,4,战意之所在,Fate/stay night [Unlimited Blade Works] 第一季,1674473
去见teacher了,631.116,5,16646914,2025-05-05 06:51:47,2554067,4,战意之所在,Fate/stay night [Unlimited Blade Works] 第一季,1674473
干饭王,581.117,5,16646914,2025-05-05 06:50:57,2554067,4,战意之所在,Fate/stay night [Unlimited Blade Works] 第一季,1674473
感动了，遇到正常人了,357.308,5,16646914,2025-05-05 06:47:47,2554067,4,战意之所在,Fate/stay night [Unlimited Blade Works] 第一季,1674473
不是你的阿瓦隆吗,331.236,5,16646914,2025-05-05 06:47:02,2554067,4,战意之所在,Fate/stay night [Unlimited Blade Works] 第一季,1674473
不是你的阿瓦隆吗,328.435,1,16777215,2025-05-05 06:46:53,2554067,4,战意之所在,Fate/stay night [Unlimited Blade Works] 第一季,1674473
没绷住,264.739,1,16777215,2025-05-05 06:45:32,2554067,4,战意之所在,Fate/stay night [Unlimited Blade Works] 第一季,1674473
这些职阶让咱想起了RO职业,434.356,1,16777215,2025-05-05 04:10:34,2554067,4,战意之所在,Fate/stay night [Unlimited Blade Works] 第一季,1674473
是不是踢了下面一脚？,252.256,1,16777215,2025-05-05 04:02:36,2554067,4,战意之所在,Fate/stay night [Unlimited Blade Works] 第一季,1674473
大帝：得，那集白说了,393.219,1,16777215,2025-05-05 03:06:40,2554067,4,战意之所在,Fate/stay night [Unlimited Blade Works] 第一季,1674473
还真是,977.631,1,16777215,2025-05-05 01:51:33,2554067,4,战意之所在,Fate/stay night [Unlimited Blade Works] 第一季,1674473
这里是知道saber是职阶,1014.636,1,16777215,2025-05-05 01:39:48,2554067,4,战意之所在,Fate/stay night [Unlimited Blade Works] 第一季,1674473
萌神,545.987,1,16777215,2025-05-04 22:48:36,2554067,4,战意之所在,Fate/stay night [Unlimited Blade Works] 第一季,1674473
这个放在魔伊是小黑的性格,37.842,1,16777215,2025-05-04 22:40:06,2554067,4,战意之所在,Fate/stay night [Unlimited Blade Works] 第一季,1674473
这根呆毛还真是格外的显眼啊,529.4,1,16777215,2025-05-04 22:02:49,2554067,4,战意之所在,Fate/stay night [Unlimited Blade Works] 第一季,1674473
感觉肯定会遇上那个海带头,736.859,1,16777215,2025-05-04 21:21:21,2554067,4,战意之所在,Fate/stay night [Unlimited Blade Works] 第一季,1674473
油品！！！！,720.187,1,16777215,2025-05-04 21:21:00,2554067,4,战意之所在,Fate/stay night [Unlimited Blade Works] 第一季,1674473
现在听到这句就想笑，哈哈,1319.052,1,16777215,2025-05-04 21:20:45,2554067,4,战意之所在,Fate/stay night [Unlimited Blade Works] 第一季,1674473
怎么不是西装了,307.285,1,16777215,2025-05-04 21:12:22,2554067,4,战意之所在,Fate/stay night [Unlimited Blade Works] 第一季,1674473
标记,177.287,1,16777215,2025-05-04 20:42:53,2554067,4,战意之所在,Fate/stay night [Unlimited Blade Works] 第一季,1674473
并非底牌,1276.035,1,16777215,2025-05-04 20:17:45,2554067,4,战意之所在,Fate/stay night [Unlimited Blade Works] 第一季,1674473
接下来就转接卫宫家的饭,1152.47,1,16777215,2025-05-04 20:15:41,2554067,4,战意之所在,Fate/stay night [Unlimited Blade Works] 第一季,1674473
那个死老头，一想起来就是生气,1096.285,1,16777215,2025-05-04 20:14:45,2554067,4,战意之所在,Fate/stay night [Unlimited Blade Works] 第一季,1674473
闪闪啊自动宝库怎么不算弓,496.689,1,16777215,2025-05-04 20:07:31,2554067,4,战意之所在,Fate/stay night [Unlimited Blade Works] 第一季,1674473
我喝饱了，你们喝,48.757,1,16777215,2025-05-04 20:02:45,2554067,4,战意之所在,Fate/stay night [Unlimited Blade Works] 第一季,1674473
名字太长记不住,528.19,1,16777215,2025-05-04 15:16:10,2554067,4,战意之所在,Fate/stay night [Unlimited Blade Works] 第一季,1674473
燃火了,1133.28,1,16777215,2025-05-04 15:12:53,2554067,4,战意之所在,Fate/stay night [Unlimited Blade Works] 第一季,1674473
樱是魔术师吗,1065.352,1,16777215,2025-05-04 14:05:39,2554067,4,战意之所在,Fate/stay night [Unlimited Blade Works] 第一季,1674473
樱：终于可以24小时守着学长了,1132.854,1,16707842,2025-05-04 11:31:47,2554067,4,战意之所在,Fate/stay night [Unlimited Blade Works] 第一季,1674473
樱：让我给情敌做饭，想都别想,1090.655,1,16707842,2025-05-04 11:30:41,2554067,4,战意之所在,Fate/stay night [Unlimited Blade Works] 第一季,1674473
樱天塌了,1030.515,1,16707842,2025-05-04 11:26:33,2554067,4,战意之所在,Fate/stay night [Unlimited Blade Works] 第一季,1674473
樱之吃醋,974.638,1,16707842,2025-05-04 11:23:17,2554067,4,战意之所在,Fate/stay night [Unlimited Blade Works] 第一季,1674473
剑拔弩张,757.258,1,16707842,2025-05-04 11:17:06,2554067,4,战意之所在,Fate/stay night [Unlimited Blade Works] 第一季,1674473
吾王美如画，真是的,718.516,1,16707842,2025-05-04 11:13:22,2554067,4,战意之所在,Fate/stay night [Unlimited Blade Works] 第一季,1674473
薇尔莉特同款制服,665.07,1,16707842,2025-05-04 11:12:05,2554067,4,战意之所在,Fate/stay night [Unlimited Blade Works] 第一季,1674473
樱之吃醋,684.466,1,16707842,2025-05-04 11:11:34,2554067,4,战意之所在,Fate/stay night [Unlimited Blade Works] 第一季,1674473
呆毛也娇羞了,358.781,1,16707842,2025-05-04 11:05:15,2554067,4,战意之所在,Fate/stay night [Unlimited Blade Works] 第一季,1674473
吾王美如画,298.862,1,16707842,2025-05-04 11:03:49,2554067,4,战意之所在,Fate/stay night [Unlimited Blade Works] 第一季,1674473
怎么能对自己的心上人动手呢？,230.852,1,16777215,2025-05-04 11:00:44,2554067,4,战意之所在,Fate/stay night [Unlimited Blade Works] 第一季,1674473
傲娇妻,230.852,1,16777215,2025-05-04 11:00:34,2554067,4,战意之所在,Fate/stay night [Unlimited Blade Works] 第一季,1674473
我去，卢恩符文,1163.476,1,16777215,2025-05-04 00:45:57,2554067,4,战意之所在,Fate/stay night [Unlimited Blade Works] 第一季,1674473
有一种夫妻感,222.94,1,16777215,2025-05-03 23:36:10,2554067,4,战意之所在,Fate/stay night [Unlimited Blade Works] 第一季,1674473
作为英国人，觉得别国的饭好吃很正常,575.189,5,16776960,2025-05-03 09:44:50,2554067,4,战意之所在,Fate/stay night [Unlimited Blade Works] 第一季,1674473
所以到底是不是后宫番？,1149.057,1,16777215,2025-05-02 14:15:13,2554067,4,战意之所在,Fate/stay night [Unlimited Blade Works] 第一季,1674473
啊?,1131.353,1,16777215,2025-05-02 09:21:41,2554067,4,战意之所在,Fate/stay night [Unlimited Blade Works] 第一季,1674473
好像人机（）,1049.697,1,16777215,2025-05-02 09:20:15,2554067,4,战意之所在,Fate/stay night [Unlimited Blade Works] 第一季,1674473
有眼光,720.137,1,16777215,2025-05-02 09:14:26,2554067,4,战意之所在,Fate/stay night [Unlimited Blade Works] 第一季,1674473
好可爱！,17.579,1,16777215,2025-05-02 09:00:29,2554067,4,战意之所在,Fate/stay night [Unlimited Blade Works] 第一季,1674473
摄像呢,16.985,1,16777215,2025-05-01 10:29:26,2554067,4,战意之所在,Fate/stay night [Unlimited Blade Works] 第一季,1674473
？这是干嘛？,1127.603,1,16777215,2025-04-30 14:57:51,2554067,4,战意之所在,Fate/stay night [Unlimited Blade Works] 第一季,1674473
这条线的saber比06线的表情更丰富了,498.642,1,16777215,2025-04-29 20:27:09,2554067,4,战意之所在,Fate/stay night [Unlimited Blade Works] 第一季,1674473
天才，一蒙一个准,978.111,1,16777215,2025-04-27 19:01:29,2554067,4,战意之所在,Fate/stay night [Unlimited Blade Works] 第一季,1674473
Teacher,812.255,1,16777215,2025-04-27 18:45:33,2554067,4,战意之所在,Fate/stay night [Unlimited Blade Works] 第一季,1674473
自古弓兵,898.969,1,16777215,2025-04-27 11:02:32,2554067,4,战意之所在,Fate/stay night [Unlimited Blade Works] 第一季,1674473
roper,454.829,1,16777215,2025-04-26 14:20:10,2554067,4,战意之所在,Fate/stay night [Unlimited Blade Works] 第一季,1674473
总算跟对人了,367.945,1,4351678,2025-04-25 21:02:10,2554067,4,战意之所在,Fate/stay night [Unlimited Blade Works] 第一季,1674473
阿瓦隆发力了！,333.734,1,16777215,2025-04-25 00:32:05,2554067,4,战意之所在,Fate/stay night [Unlimited Blade Works] 第一季,1674473
红A是另一个平行宇宙的士郎,913.214,5,15138834,2025-04-24 12:59:44,2554067,4,战意之所在,Fate/stay night [Unlimited Blade Works] 第一季,1674473
我叫张家豪,1106.871,1,16777215,2025-04-22 19:42:00,2554067,4,战意之所在,Fate/stay night [Unlimited Blade Works] 第一季,1674473
想把吾王变成圣杯,380.246,1,16777215,2025-04-21 23:13:55,2554067,4,战意之所在,Fate/stay night [Unlimited Blade Works] 第一季,1674473
言峰绮礼上次见过呆毛，应该看出来了吧,798.408,1,16777215,2025-04-21 22:14:07,2554067,4,战意之所在,Fate/stay night [Unlimited Blade Works] 第一季,1674473
把凛也叫来吧，人多热闹,1142.993,1,16777215,2025-04-21 09:50:37,2554067,4,战意之所在,Fate/stay night [Unlimited Blade Works] 第一季,1674473
凛的大冒险,577.592,1,16777215,2025-04-20 13:42:43,2554067,4,战意之所在,Fate/stay night [Unlimited Blade Works] 第一季,1674473
弱点是相对的，跟英灵的传说有关,408.312,1,16777215,2025-04-20 13:39:28,2554067,4,战意之所在,Fate/stay night [Unlimited Blade Works] 第一季,1674473
阳光少年龙之介,1219.294,1,16777215,2025-04-20 11:44:56,2554067,4,战意之所在,Fate/stay night [Unlimited Blade Works] 第一季,1674473
他老爸呢？,598.835,1,16777215,2025-04-20 11:34:58,2554067,4,战意之所在,Fate/stay night [Unlimited Blade Works] 第一季,1674473
这么丰盛的吗？！,1066.533,1,16777215,2025-04-17 23:05:45,2554067,4,战意之所在,Fate/stay night [Unlimited Blade Works] 第一季,1674473
后面那个吕人是谁 请仙贝你解释一下,673.979,1,16777215,2025-04-17 22:42:30,2554067,4,战意之所在,Fate/stay night [Unlimited Blade Works] 第一季,1674473
这位是我的英国女友,633.265,1,16777215,2025-04-17 22:40:43,2554067,4,战意之所在,Fate/stay night [Unlimited Blade Works] 第一季,1674473
大胃王模式启动,575.582,1,16777215,2025-04-17 22:37:43,2554067,4,战意之所在,Fate/stay night [Unlimited Blade Works] 第一季,1674473
hhhhh,1136.629,1,16777215,2025-04-17 15:14:48,2554067,4,战意之所在,Fate/stay night [Unlimited Blade Works] 第一季,1674473
怎么看不出是外国人？saber可是英国人,794.931,1,16777215,2025-04-17 06:18:48,2554067,4,战意之所在,Fate/stay night [Unlimited Blade Works] 第一季,1674473
还真是,978.7,1,16777215,2025-04-16 16:23:56,2554067,4,战意之所在,Fate/stay night [Unlimited Blade Works] 第一季,1674473
金闪闪：我不信我破不了你的防,169.816,1,16646914,2025-04-14 20:10:12,2554067,4,战意之所在,Fate/stay night [Unlimited Blade Works] 第一季,1674473
金闪闪：我不信,55.05,1,16646914,2025-04-14 20:09:51,2554067,4,战意之所在,Fate/stay night [Unlimited Blade Works] 第一季,1674473
大帝：你还是没释怀,408.459,1,16777215,2025-04-14 00:11:58,2554067,4,战意之所在,Fate/stay night [Unlimited Blade Works] 第一季,1674473
樱听到saber明显非常吃惊，应该是知道她是英灵吧,994.218,1,16777215,2025-04-13 17:48:46,2554067,4,战意之所在,Fate/stay night [Unlimited Blade Works] 第一季,1674473
无大人吗，有点意思,7.765,1,16777215,2025-04-13 13:41:03,2554067,4,战意之所在,Fate/stay night [Unlimited Blade Works] 第一季,1674473
无限剑制,168.324,1,15138834,2025-04-13 12:06:36,2554067,4,战意之所在,Fate/stay night [Unlimited Blade Works] 第一季,1674473
小脚,254.653,1,16777215,2025-04-12 21:42:06,2554067,4,战意之所在,Fate/stay night [Unlimited Blade Works] 第一季,1674473
紫发女路人,670.442,1,16777215,2025-04-12 17:07:59,2554067,4,战意之所在,Fate/stay night [Unlimited Blade Works] 第一季,1674473
小樱～～～,624.733,1,16777215,2025-04-11 22:34:37,2554067,4,战意之所在,Fate/stay night [Unlimited Blade Works] 第一季,1674473
社交的手段--食人树,934.454,5,16646914,2025-04-11 20:37:22,2554067,4,战意之所在,Fate/stay night [Unlimited Blade Works] 第一季,1674473
确实是亿张底牌,1290.933,1,16777215,2025-04-10 20:59:06,2554067,4,战意之所在,Fate/stay night [Unlimited Blade Works] 第一季,1674473
还有sleeper,437.721,1,16777215,2025-04-10 19:09:37,2554067,4,战意之所在,Fate/stay night [Unlimited Blade Works] 第一季,1674473
史达,1006.315,1,16777215,2025-04-10 17:22:55,2554067,4,战意之所在,Fate/stay night [Unlimited Blade Works] 第一季,1674473
吾王好可爱,843.852,1,16777215,2025-04-08 22:43:41,2554067,4,战意之所在,Fate/stay night [Unlimited Blade Works] 第一季,1674473
这大直男。。。,251.716,1,16777215,2025-04-08 22:30:55,2554067,4,战意之所在,Fate/stay night [Unlimited Blade Works] 第一季,1674473
++、、、、、、、、、、、、、、、、、、、、、、、、、、、、、、、、、、、、、、、、、、、、、、、、、、、、、、、、、、、、、、、、、、、、、、、、、、、、、、、、,786.894,1,16777215,2025-04-08 21:50:09,2554067,4,战意之所在,Fate/stay night [Unlimited Blade Works] 第一季,1674473
你脸红个泡泡茶壶啊,227.207,1,16777215,2025-04-06 19:10:26,2554067,4,战意之所在,Fate/stay night [Unlimited Blade Works] 第一季,1674473
炸了炸了,687.287,1,16777215,2025-04-05 17:04:02,2554067,4,战意之所在,Fate/stay night [Unlimited Blade Works] 第一季,1674473
吾王美如画，美如画中仙,324.913,1,16776960,2025-04-04 22:47:07,2554067,4,战意之所在,Fate/stay night [Unlimited Blade Works] 第一季,1674473
吾王美如画，美如画中仙,308.381,1,16776960,2025-04-04 22:46:49,2554067,4,战意之所在,Fate/stay night [Unlimited Blade Works] 第一季,1674473
凛：不要喜欢那个渣男，好喜欢你性格，哈哈哈哈,1174.741,1,16777215,2025-04-04 11:27:23,2554067,4,战意之所在,Fate/stay night [Unlimited Blade Works] 第一季,1674473
可惜他怎么起火，都喜欢凛,1030.549,1,16777215,2025-04-04 11:24:38,2554067,4,战意之所在,Fate/stay night [Unlimited Blade Works] 第一季,1674473
樱的疑惑,691.793,1,14811775,2025-04-03 21:28:17,2554067,4,战意之所在,Fate/stay night [Unlimited Blade Works] 第一季,1674473
跟06真的差的好多,1283.28,1,16777215,2025-04-01 12:42:43,2554067,4,战意之所在,Fate/stay night [Unlimited Blade Works] 第一季,1674473
事已至此，先吃饭吧,537.633,1,16777215,2025-04-01 00:14:55,2554067,4,战意之所在,Fate/stay night [Unlimited Blade Works] 第一季,1674473
WAWAWA,29.171,1,16777215,2025-03-31 21:55:43,2554067,4,战意之所在,Fate/stay night [Unlimited Blade Works] 第一季,1674473
呆毛王,339.529,1,16777215,2025-03-30 22:00:53,2554067,4,战意之所在,Fate/stay night [Unlimited Blade Works] 第一季,1674473
樱放弃了金闪闪,1066.922,1,16777215,2025-03-30 09:55:19,2554067,4,战意之所在,Fate/stay night [Unlimited Blade Works] 第一季,1674473
王の乖巧,309.143,1,16777215,2025-03-30 09:41:41,2554067,4,战意之所在,Fate/stay night [Unlimited Blade Works] 第一季,1674473
其实B叔真的不一定打得过那俩,22.471,5,15138834,2025-03-28 10:19:55,2554067,4,战意之所在,Fate/stay night [Unlimited Blade Works] 第一季,1674473
坚持骑兵rider，追随伊斯坎达尔大帝,445.334,5,16776960,2025-03-28 00:32:37,2554067,4,战意之所在,Fate/stay night [Unlimited Blade Works] 第一季,1674473
橘氏大好,1134.88,1,16777215,2025-03-27 23:43:11,2554067,4,战意之所在,Fate/stay night [Unlimited Blade Works] 第一季,1674473
吾王154，怎样怎样,1058.088,1,16777215,2025-03-27 17:31:56,2554067,4,战意之所在,Fate/stay night [Unlimited Blade Works] 第一季,1674473
那就是包月咯,1006.059,1,16777215,2025-03-27 17:30:32,2554067,4,战意之所在,Fate/stay night [Unlimited Blade Works] 第一季,1674473
不到一分钟,620.021,1,16777215,2025-03-27 15:41:09,2554067,4,战意之所在,Fate/stay night [Unlimited Blade Works] 第一季,1674473
后宫番,298.918,1,16777215,2025-03-27 15:34:56,2554067,4,战意之所在,Fate/stay night [Unlimited Blade Works] 第一季,1674473
完结撒花,251.708,1,16777215,2025-03-25 21:49:35,2554067,4,战意之所在,Fate/stay night [Unlimited Blade Works] 第一季,1674473
teacher！！！,439.211,1,16777215,2025-03-25 12:15:56,2554067,4,战意之所在,Fate/stay night [Unlimited Blade Works] 第一季,1674473
我出boring(我们可是最强突袭者啊！）,440.188,1,16777215,2025-03-23 20:33:08,2554067,4,战意之所在,Fate/stay night [Unlimited Blade Works] 第一季,1674473
全球,195.402,1,16777215,2025-03-23 09:49:32,2554067,4,战意之所在,Fate/stay night [Unlimited Blade Works] 第一季,1674473
虽然式在这可以碾压御主但是青子更强，而且型月女主里最强的是爱尔奎特,789.125,1,16777215,2025-03-22 16:06:12,2554067,4,战意之所在,Fate/stay night [Unlimited Blade Works] 第一季,1674473
枪阶可不是a啊,556.133,1,16777215,2025-03-22 16:02:16,2554067,4,战意之所在,Fate/stay night [Unlimited Blade Works] 第一季,1674473
不也挺好的嘛,1054.207,5,16740868,2025-03-22 01:12:15,2554067,4,战意之所在,Fate/stay night [Unlimited Blade Works] 第一季,1674473
下次一定,267.762,5,16740868,2025-03-22 00:53:28,2554067,4,战意之所在,Fate/stay night [Unlimited Blade Works] 第一季,1674473
还有金闪闪，不过闪闪是算两个职阶的吧archer 跟caster,433.257,1,16777215,2025-03-21 02:58:06,2554067,4,战意之所在,Fate/stay night [Unlimited Blade Works] 第一季,1674473
偷税吧,943.729,1,16777215,2025-03-20 19:43:28,2554067,4,战意之所在,Fate/stay night [Unlimited Blade Works] 第一季,1674473
后宫起火了,1155.031,1,15138834,2025-03-20 10:47:47,2554067,4,战意之所在,Fate/stay night [Unlimited Blade Works] 第一季,1674473
死啦？,878.206,1,16777215,2025-03-18 19:13:34,2554067,4,战意之所在,Fate/stay night [Unlimited Blade Works] 第一季,1674473
碰到了,722.878,1,16777215,2025-03-18 12:45:21,2554067,4,战意之所在,Fate/stay night [Unlimited Blade Works] 第一季,1674473
-1,384.275,1,16777215,2025-03-18 12:39:30,2554067,4,战意之所在,Fate/stay night [Unlimited Blade Works] 第一季,1674473
我觉得这个不好,274.878,1,16777215,2025-03-18 12:37:34,2554067,4,战意之所在,Fate/stay night [Unlimited Blade Works] 第一季,1674473
你觉得这个,38.803,1,16777215,2025-03-18 12:34:54,2554067,4,战意之所在,Fate/stay night [Unlimited Blade Works] 第一季,1674473
这个表情，哈哈哈哈哈,628.7,1,16777215,2025-03-18 05:08:07,2554067,4,战意之所在,Fate/stay night [Unlimited Blade Works] 第一季,1674473
saber不喜欢吃胡萝卜，只有她碗里没有,1071.613,1,16777215,2025-03-17 12:11:04,2554067,4,战意之所在,Fate/stay night [Unlimited Blade Works] 第一季,1674473
呆毛，是不是英国人？,325.826,1,16777215,2025-03-16 14:24:38,2554067,4,战意之所在,Fate/stay night [Unlimited Blade Works] 第一季,1674473
樱居然是正常的?,973.283,1,16777215,2025-03-15 01:11:37,2554067,4,战意之所在,Fate/stay night [Unlimited Blade Works] 第一季,1674473
没有老虚的世界,1151.69,1,16777215,2025-03-12 23:36:42,2554067,4,战意之所在,Fate/stay night [Unlimited Blade Works] 第一季,1674473
teacher,810.804,1,16777215,2025-03-12 23:29:29,2554067,4,战意之所在,Fate/stay night [Unlimited Blade Works] 第一季,1674473
老师更向着樱哈哈哈哈哈哈哈,1125.626,1,16777215,2025-03-11 19:17:45,2554067,4,战意之所在,Fate/stay night [Unlimited Blade Works] 第一季,1674473
214？,704.104,1,16777215,2025-03-09 17:44:06,2554067,4,战意之所在,Fate/stay night [Unlimited Blade Works] 第一季,1674473
+++,1185.252,1,16777215,2025-03-09 15:09:57,2554067,4,战意之所在,Fate/stay night [Unlimited Blade Works] 第一季,1674473
难绷,1126.157,1,16777215,2025-03-08 12:57:57,2554067,4,战意之所在,Fate/stay night [Unlimited Blade Works] 第一季,1674473
这条线脏砚没死，也没和凛相认，也不好过,1060.185,1,16777215,2025-03-07 23:36:02,2554067,4,战意之所在,Fate/stay night [Unlimited Blade Works] 第一季,1674473
征服王没教好,385.72,1,16777215,2025-03-06 13:04:39,2554067,4,战意之所在,Fate/stay night [Unlimited Blade Works] 第一季,1674473
我靠还真是,977.186,1,16777215,2025-03-05 12:26:43,2554067,4,战意之所在,Fate/stay night [Unlimited Blade Works] 第一季,1674473
老虎   放弃了思考,1039.25,5,16765698,2025-03-04 01:13:40,2554067,4,战意之所在,Fate/stay night [Unlimited Blade Works] 第一季,1674473
红A：啊对对对,1340.729,1,16777215,2025-03-03 22:56:17,2554067,4,战意之所在,Fate/stay night [Unlimited Blade Works] 第一季,1674473
红A的自我修养,1301.416,1,16777215,2025-03-03 22:55:46,2554067,4,战意之所在,Fate/stay night [Unlimited Blade Works] 第一季,1674473
樱：我总是被震惊,702.354,1,16777215,2025-03-03 22:47:47,2554067,4,战意之所在,Fate/stay night [Unlimited Blade Works] 第一季,1674473
真的好安静,1102.187,1,16777215,2025-03-03 20:38:52,2554067,4,战意之所在,Fate/stay night [Unlimited Blade Works] 第一季,1674473
“无法灵体化”？,547.937,1,16777215,2025-03-03 20:28:05,2554067,4,战意之所在,Fate/stay night [Unlimited Blade Works] 第一季,1674473
别的master提供魔力 士郎提供饭,580.787,1,16777215,2025-03-03 12:25:26,2554067,4,战意之所在,Fate/stay night [Unlimited Blade Works] 第一季,1674473
笑死我了,249.406,1,16777215,2025-03-02 19:13:44,2554067,4,战意之所在,Fate/stay night [Unlimited Blade Works] 第一季,1674473
我金闪闪呢,457.064,1,16777215,2025-03-01 10:52:31,2554067,4,战意之所在,Fate/stay night [Unlimited Blade Works] 第一季,1674473
前面的别瞎分析啊,1067.362,1,16777215,2025-03-01 09:07:24,2554067,4,战意之所在,Fate/stay night [Unlimited Blade Works] 第一季,1674473
天之锁：？,39.316,1,16777215,2025-02-28 19:50:45,2554067,4,战意之所在,Fate/stay night [Unlimited Blade Works] 第一季,1674473
日本称呼爹都是直呼其名的吗,165.748,1,16777215,2025-02-28 12:06:53,2554067,4,战意之所在,Fate/stay night [Unlimited Blade Works] 第一季,1674473
呦，安杰罗,152.729,1,16707842,2025-02-27 22:38:05,2554067,4,战意之所在,Fate/stay night [Unlimited Blade Works] 第一季,1674473
是敌非友哈哈哈哈哈哈,266.034,1,16777215,2025-02-27 19:14:18,2554067,4,战意之所在,Fate/stay night [Unlimited Blade Works] 第一季,1674473
还真是,984.446,1,16777215,2025-02-27 13:52:37,2554067,4,战意之所在,Fate/stay night [Unlimited Blade Works] 第一季,1674473
还真是,978.159,1,16777215,2025-02-26 21:26:54,2554067,4,战意之所在,Fate/stay night [Unlimited Blade Works] 第一季,1674473
愉悦是吧,911.301,1,16777215,2025-02-26 21:26:10,2554067,4,战意之所在,Fate/stay night [Unlimited Blade Works] 第一季,1674473
高汤,56.491,1,16777215,2025-02-26 12:27:21,2554067,4,战意之所在,Fate/stay night [Unlimited Blade Works] 第一季,1674473
两个都慌了,1122.09,1,16777215,2025-02-23 13:26:07,2554067,4,战意之所在,Fate/stay night [Unlimited Blade Works] 第一季,1674473
樱吃醋了hhh,693.432,1,16777215,2025-02-23 13:17:56,2554067,4,战意之所在,Fate/stay night [Unlimited Blade Works] 第一季,1674473
红A好帅,1216.642,1,16777215,2025-02-22 17:17:36,2554067,4,战意之所在,Fate/stay night [Unlimited Blade Works] 第一季,1674473
断钢神剑,161.398,1,16777215,2025-02-22 15:58:17,2554067,4,战意之所在,Fate/stay night [Unlimited Blade Works] 第一季,1674473
吾王:为什么只能看到半边天空？,1051.314,1,16777215,2025-02-22 02:00:11,2554067,4,战意之所在,Fate/stay night [Unlimited Blade Works] 第一季,1674473
觅食的呆毛王,730.903,1,16777215,2025-02-22 01:53:27,2554067,4,战意之所在,Fate/stay night [Unlimited Blade Works] 第一季,1674473
士郎：步豪,255.09,5,16777215,2025-02-15 23:12:36,2554067,4,战意之所在,Fate/stay night [Unlimited Blade Works] 第一季,1674473
我丢，这不Asuka吗！,1152.276,1,16777215,2025-02-15 21:49:45,2554067,4,战意之所在,Fate/stay night [Unlimited Blade Works] 第一季,1674473
学长的女朋友吗,972.564,5,16777215,2025-02-15 15:02:17,2554067,4,战意之所在,Fate/stay night [Unlimited Blade Works] 第一季,1674473
这个女孩是我的女朋友,766.041,5,16777215,2025-02-15 14:57:21,2554067,4,战意之所在,Fate/stay night [Unlimited Blade Works] 第一季,1674473
魔女的茶会,1213.188,1,16777215,2025-02-15 14:56:39,2554067,4,战意之所在,Fate/stay night [Unlimited Blade Works] 第一季,1674473
英雄所见略同啊,736.365,1,16777215,2025-02-15 14:56:04,2554067,4,战意之所在,Fate/stay night [Unlimited Blade Works] 第一季,1674473
骨架,1171.697,1,16777215,2025-02-15 14:55:35,2554067,4,战意之所在,Fate/stay night [Unlimited Blade Works] 第一季,1674473
你居然背着我在外面找了个呆毛,686.141,1,16777215,2025-02-15 14:54:40,2554067,4,战意之所在,Fate/stay night [Unlimited Blade Works] 第一季,1674473
吾王美呆了啊,346.795,1,16777215,2025-02-15 14:45:34,2554067,4,战意之所在,Fate/stay night [Unlimited Blade Works] 第一季,1674473
面白いこと,250.27,1,16777215,2025-02-15 14:38:26,2554067,4,战意之所在,Fate/stay night [Unlimited Blade Works] 第一季,1674473
To郎是没有欲望吗？,1084.297,1,16707842,2025-02-15 14:14:05,2554067,4,战意之所在,Fate/stay night [Unlimited Blade Works] 第一季,1674473
我嘞个路飞心,358.544,1,16777215,2025-02-14 20:48:44,2554067,4,战意之所在,Fate/stay night [Unlimited Blade Works] 第一季,1674473
真就战役开启了呗。,1129.889,1,16777215,2025-02-14 14:28:44,2554067,4,战意之所在,Fate/stay night [Unlimited Blade Works] 第一季,1674473
可这是凛线啊,1027.175,1,16777215,2025-02-13 11:09:44,2554067,4,战意之所在,Fate/stay night [Unlimited Blade Works] 第一季,1674473
笑死,1222.157,1,16777215,2025-02-12 23:59:07,2554067,4,战意之所在,Fate/stay night [Unlimited Blade Works] 第一季,1674473
樱：啊啊啊她是谁？！,683.516,1,16777215,2025-02-12 23:49:50,2554067,4,战意之所在,Fate/stay night [Unlimited Blade Works] 第一季,1674473
并非最容易,1306.361,1,8700107,2025-02-12 21:43:39,2554067,4,战意之所在,Fate/stay night [Unlimited Blade Works] 第一季,1674473
明天寒假结束了怎么办兄弟们,173.971,5,16777215,2025-02-12 20:15:14,2554067,4,战意之所在,Fate/stay night [Unlimited Blade Works] 第一季,1674473
怎么像妈妈带着儿子逛街,638.926,5,16777215,2025-02-12 19:22:48,2554067,4,战意之所在,Fate/stay night [Unlimited Blade Works] 第一季,1674473
“总算肯走了吗”,275.095,1,15138834,2025-02-12 15:32:48,2554067,4,战意之所在,Fate/stay night [Unlimited Blade Works] 第一季,1674473
凭什么后来者居上～～,1045.246,1,16777215,2025-02-12 13:45:45,2554067,4,战意之所在,Fate/stay night [Unlimited Blade Works] 第一季,1674473
《底牌》,1266.511,1,16777215,2025-02-11 23:42:31,2554067,4,战意之所在,Fate/stay night [Unlimited Blade Works] 第一季,1674473
“我会杀了他”,1323.54,1,16777215,2025-02-11 20:41:14,2554067,4,战意之所在,Fate/stay night [Unlimited Blade Works] 第一季,1674473
要说强那肯定要看人类恶Beast ,438.773,1,15138834,2025-02-11 12:14:18,2554067,4,战意之所在,Fate/stay night [Unlimited Blade Works] 第一季,1674473
你倒是补魔啊,596.408,1,16777215,2025-02-10 23:56:32,2554067,4,战意之所在,Fate/stay night [Unlimited Blade Works] 第一季,1674473
吾王美如画,301.719,1,16777215,2025-02-10 18:14:48,2554067,4,战意之所在,Fate/stay night [Unlimited Blade Works] 第一季,1674473
经费在燃烧,162.371,1,16777215,2025-02-10 18:10:12,2554067,4,战意之所在,Fate/stay night [Unlimited Blade Works] 第一季,1674473
绫波丽同款,285.504,1,16777215,2025-02-10 16:02:05,2554067,4,战意之所在,Fate/stay night [Unlimited Blade Works] 第一季,1674473
豹人借助藤村身体降临,1126.403,1,16777215,2025-02-10 07:44:07,2554067,4,战意之所在,Fate/stay night [Unlimited Blade Works] 第一季,1674473
想笑了,752.881,1,16777215,2025-02-10 03:08:49,2554067,4,战意之所在,Fate/stay night [Unlimited Blade Works] 第一季,1674473
好的，薇尔莉特·潘德拉贡,533.12,1,16777215,2025-02-09 19:57:11,2554067,4,战意之所在,Fate/stay night [Unlimited Blade Works] 第一季,1674473
瓦斯又双叒叕泄露了,575.063,5,16777215,2025-02-09 17:34:10,2554067,4,战意之所在,Fate/stay night [Unlimited Blade Works] 第一季,1674473
美霖,316.007,5,16777215,2025-02-09 17:30:15,2554067,4,战意之所在,Fate/stay night [Unlimited Blade Works] 第一季,1674473
嘟嘟哒嘟嘟哒,1204.047,1,16777215,2025-02-09 09:11:24,2554067,4,战意之所在,Fate/stay night [Unlimited Blade Works] 第一季,1674473
实话实说罢了,980.324,1,16777215,2025-02-09 09:07:04,2554067,4,战意之所在,Fate/stay night [Unlimited Blade Works] 第一季,1674473
好，不是老虚的剧本,59.146,1,16777215,2025-02-08 18:12:38,2554067,4,战意之所在,Fate/stay night [Unlimited Blade Works] 第一季,1674473
吾王怎么呢这么可爱,633.749,5,15138834,2025-02-07 16:42:27,2554067,4,战意之所在,Fate/stay night [Unlimited Blade Works] 第一季,1674473
呆毛动了！,323.791,1,16777215,2025-02-07 15:36:55,2554067,4,战意之所在,Fate/stay night [Unlimited Blade Works] 第一季,1674473
其实这是言峰绮礼送给凛的，不知道saber知道后会怎么想,543.921,1,16777215,2025-02-07 09:32:20,2554067,4,战意之所在,Fate/stay night [Unlimited Blade Works] 第一季,1674473
saber:这个卫宫不一样,540.021,1,16777215,2025-02-07 09:31:51,2554067,4,战意之所在,Fate/stay night [Unlimited Blade Works] 第一季,1674473
真诚才是必杀计,370.858,1,9599289,2025-02-06 18:07:37,2554067,4,战意之所在,Fate/stay night [Unlimited Blade Works] 第一季,1674473
骇人恶兽,1179.697,1,16777215,2025-02-06 16:25:45,2554067,4,战意之所在,Fate/stay night [Unlimited Blade Works] 第一季,1674473
不是，是这个战意？,1134.942,1,16707842,2025-02-06 12:56:15,2554067,4,战意之所在,Fate/stay night [Unlimited Blade Works] 第一季,1674473
樱肯定是知道的啊,1034.562,1,16707842,2025-02-06 12:54:20,2554067,4,战意之所在,Fate/stay night [Unlimited Blade Works] 第一季,1674473
吾王好颜艺,319.13,1,16707842,2025-02-06 12:41:43,2554067,4,战意之所在,Fate/stay night [Unlimited Blade Works] 第一季,1674473
虽然不知道老虎对士郎爱不爱，但是蘑菇有说士郎跟老虎表白老虎真的会答应哦,1125.318,5,16707842,2025-02-06 12:14:36,2554067,4,战意之所在,Fate/stay night [Unlimited Blade Works] 第一季,1674473
还真让你说对了,980.31,5,15138834,2025-02-05 13:00:52,2554067,4,战意之所在,Fate/stay night [Unlimited Blade Works] 第一季,1674473
Teacher,821.067,5,15138834,2025-02-05 12:53:26,2554067,4,战意之所在,Fate/stay night [Unlimited Blade Works] 第一季,1674473
好喜欢傲娇啊,227.872,5,15138834,2025-02-05 12:35:00,2554067,4,战意之所在,Fate/stay night [Unlimited Blade Works] 第一季,1674473
左边女仆眼睛里面没有高光,51.782,5,15138834,2025-02-05 12:32:20,2554067,4,战意之所在,Fate/stay night [Unlimited Blade Works] 第一季,1674473
出现了，teacher!,752.176,1,16777215,2025-02-05 02:24:50,2554067,4,战意之所在,Fate/stay night [Unlimited Blade Works] 第一季,1674473
《朋友》,978.05,1,16777215,2025-02-05 00:11:22,2554067,4,战意之所在,Fate/stay night [Unlimited Blade Works] 第一季,1674473
金闪闪,457.131,1,16777215,2025-02-04 23:04:41,2554067,4,战意之所在,Fate/stay night [Unlimited Blade Works] 第一季,1674473
愉悦,937.02,1,16777215,2025-02-04 09:12:41,2554067,4,战意之所在,Fate/stay night [Unlimited Blade Works] 第一季,1674473
怎么办，她有点可爱,945.543,1,16777215,2025-02-03 22:46:13,2554067,4,战意之所在,Fate/stay night [Unlimited Blade Works] 第一季,1674473
saber真的越活越年轻,832.803,1,16777215,2025-02-03 22:44:11,2554067,4,战意之所在,Fate/stay night [Unlimited Blade Works] 第一季,1674473
习武之人,827.523,1,16777215,2025-02-03 22:43:52,2554067,4,战意之所在,Fate/stay night [Unlimited Blade Works] 第一季,1674473
抓几个人来给她吃不就好了,591.847,1,16777215,2025-02-03 22:39:38,2554067,4,战意之所在,Fate/stay night [Unlimited Blade Works] 第一季,1674473
实际上皮肤很白的人光线再暗也是白的发光的,18.669,1,16777215,2025-02-03 22:29:00,2554067,4,战意之所在,Fate/stay night [Unlimited Blade Works] 第一季,1674473
好黑啊,13.649,1,16777215,2025-02-03 22:28:30,2554067,4,战意之所在,Fate/stay night [Unlimited Blade Works] 第一季,1674473
英灵卫宫：你要是真杀了他了，我就不存在了。,1326.109,1,16777215,2025-02-03 16:35:35,2554067,4,战意之所在,Fate/stay night [Unlimited Blade Works] 第一季,1674473
此时应响起冬木逺景,297.374,5,16777215,2025-02-02 20:05:20,2554067,4,战意之所在,Fate/stay night [Unlimited Blade Works] 第一季,1674473
不。不对！,1131.88,1,16777215,2025-02-02 19:28:13,2554067,4,战意之所在,Fate/stay night [Unlimited Blade Works] 第一季,1674473
樱：坏了,1005.593,1,16777215,2025-02-02 12:49:19,2554067,4,战意之所在,Fate/stay night [Unlimited Blade Works] 第一季,1674473
好好看,321.543,1,16777215,2025-02-02 00:02:53,2554067,4,战意之所在,Fate/stay night [Unlimited Blade Works] 第一季,1674473
酮体！！,35.84,1,16777215,2025-02-01 23:54:55,2554067,4,战意之所在,Fate/stay night [Unlimited Blade Works] 第一季,1674473
哇哦！,21.32,1,16777215,2025-02-01 23:54:30,2554067,4,战意之所在,Fate/stay night [Unlimited Blade Works] 第一季,1674473
樱：她太美丽 是个劲敌,685.04,1,16777215,2025-02-01 22:12:53,2554067,4,战意之所在,Fate/stay night [Unlimited Blade Works] 第一季,1674473
嘟嘟达嘟嘟达,1161.788,1,16777215,2025-02-01 21:35:23,2554067,4,战意之所在,Fate/stay night [Unlimited Blade Works] 第一季,1674473
又是瓦斯泄露,1198.835,5,15138834,2025-02-01 08:48:15,2554067,4,战意之所在,Fate/stay night [Unlimited Blade Works] 第一季,1674473
来打（误）,426.31,1,16777215,2025-01-31 23:53:22,2554067,4,战意之所在,Fate/stay night [Unlimited Blade Works] 第一季,1674473
私闯民宅？捉了！,1138.042,5,15138834,2025-01-31 22:23:32,2554067,4,战意之所在,Fate/stay night [Unlimited Blade Works] 第一季,1674473
吾王一脸懵,1021.402,5,16707842,2025-01-31 22:20:44,2554067,4,战意之所在,Fate/stay night [Unlimited Blade Works] 第一季,1674473
吾王美如画！,543.498,5,16707842,2025-01-31 22:10:26,2554067,4,战意之所在,Fate/stay night [Unlimited Blade Works] 第一季,1674473
誓                             言,356.293,5,16707842,2025-01-31 22:06:21,2554067,4,战意之所在,Fate/stay night [Unlimited Blade Works] 第一季,1674473
我知道各位在干什么，所以请收回你的行为,16.342,5,16707842,2025-01-31 22:01:27,2554067,4,战意之所在,Fate/stay night [Unlimited Blade Works] 第一季,1674473
众所周知，算了，不想说了,565.605,1,16777215,2025-01-31 18:43:59,2554067,4,战意之所在,Fate/stay night [Unlimited Blade Works] 第一季,1674473
好家伙，还真是的,981.691,1,16777215,2025-01-31 16:46:04,2554067,4,战意之所在,Fate/stay night [Unlimited Blade Works] 第一季,1674473
吾王の乖巧,303.945,5,16707842,2025-01-30 17:30:11,2554067,4,战意之所在,Fate/stay night [Unlimited Blade Works] 第一季,1674473
红a是士郎，但士郎不是拱a,913.137,1,16777215,2025-01-30 14:17:50,2554067,4,战意之所在,Fate/stay night [Unlimited Blade Works] 第一季,1674473
让我们说中文,655.211,5,16777215,2025-01-30 13:30:50,2554067,4,战意之所在,Fate/stay night [Unlimited Blade Works] 第一季,1674473
好尖的脸,184.159,1,16777215,2025-01-30 11:56:40,2554067,4,战意之所在,Fate/stay night [Unlimited Blade Works] 第一季,1674473
军刀女士,1009.684,1,16777215,2025-01-30 11:46:44,2554067,4,战意之所在,Fate/stay night [Unlimited Blade Works] 第一季,1674473
快点去偷税,927.848,1,16777215,2025-01-29 11:35:17,2554067,4,战意之所在,Fate/stay night [Unlimited Blade Works] 第一季,1674473
有的兄弟，有的像我这么厉害的一共有7个。,410.373,1,16777215,2025-01-28 14:48:56,2554067,4,战意之所在,Fate/stay night [Unlimited Blade Works] 第一季,1674473
06的感觉,311.245,1,15138834,2025-01-28 13:58:22,2554067,4,战意之所在,Fate/stay night [Unlimited Blade Works] 第一季,1674473
吾妻美如画,140.731,1,16777215,2025-01-27 18:02:01,2554067,4,战意之所在,Fate/stay night [Unlimited Blade Works] 第一季,1674473
怎么有皇,1172.266,5,16777215,2025-01-27 13:24:01,2554067,4,战意之所在,Fate/stay night [Unlimited Blade Works] 第一季,1674473
美神降临啊。我樱美如画啊,613.368,1,16777215,2025-01-27 13:01:47,2554067,4,战意之所在,Fate/stay night [Unlimited Blade Works] 第一季,1674473
我一直觉得士郎是故意说凛大小姐胖的,246.33,1,16777215,2025-01-26 21:23:18,2554067,4,战意之所在,Fate/stay night [Unlimited Blade Works] 第一季,1674473
圣骸兽,1182.961,1,16777215,2025-01-26 18:37:07,2554067,4,战意之所在,Fate/stay night [Unlimited Blade Works] 第一季,1674473
我滴个上骨巨鳄来！！！,1175.746,1,16777215,2025-01-25 21:19:37,2554067,4,战意之所在,Fate/stay night [Unlimited Blade Works] 第一季,1674473
自带进食音效,1065.773,1,16777215,2025-01-25 21:07:37,2554067,4,战意之所在,Fate/stay night [Unlimited Blade Works] 第一季,1674473
zhidai,1081.47,1,16777215,2025-01-25 21:06:28,2554067,4,战意之所在,Fate/stay night [Unlimited Blade Works] 第一季,1674473
06版直接被B叔腰斩了,347.32,1,16777215,2025-01-24 23:13:15,2554067,4,战意之所在,Fate/stay night [Unlimited Blade Works] 第一季,1674473
藤姐有眼光,726.315,1,16777215,2025-01-24 17:03:20,2554067,4,战意之所在,Fate/stay night [Unlimited Blade Works] 第一季,1674473
还有teacher,439.065,1,16777215,2025-01-24 12:47:47,2554067,4,战意之所在,Fate/stay night [Unlimited Blade Works] 第一季,1674473
真相：万能的阿瓦隆,328.951,5,16707842,2025-01-24 11:18:21,2554067,4,战意之所在,Fate/stay night [Unlimited Blade Works] 第一季,1674473
EA：闪闪不让用啊,41.87,1,16707842,2025-01-24 11:15:17,2554067,4,战意之所在,Fate/stay night [Unlimited Blade Works] 第一季,1674473
不认识的跟我读：阴炁dan弹,1164.544,1,16777215,2025-01-24 10:37:10,2554067,4,战意之所在,Fate/stay night [Unlimited Blade Works] 第一季,1674473
教科书式的傲娇,249.703,1,16777215,2025-01-24 07:58:44,2554067,4,战意之所在,Fate/stay night [Unlimited Blade Works] 第一季,1674473
后宫起火了,1132.825,1,16777215,2025-01-22 13:20:49,2554067,4,战意之所在,Fate/stay night [Unlimited Blade Works] 第一季,1674473
樱：明明是我先来的,678.917,1,16777215,2025-01-22 13:14:39,2554067,4,战意之所在,Fate/stay night [Unlimited Blade Works] 第一季,1674473
标签打的是后宫片,1120.018,1,16777215,2025-01-20 20:11:02,2554067,4,战意之所在,Fate/stay night [Unlimited Blade Works] 第一季,1674473
这里跟06版不一样了吧,1138.238,1,16777215,2025-01-20 19:21:11,2554067,4,战意之所在,Fate/stay night [Unlimited Blade Works] 第一季,1674473
麻婆给凛的,546.601,1,16777215,2025-01-20 03:12:40,2554067,4,战意之所在,Fate/stay night [Unlimited Blade Works] 第一季,1674473
《战意之所在》,1134.635,1,16777215,2025-01-20 02:18:49,2554067,4,战意之所在,Fate/stay night [Unlimited Blade Works] 第一季,1674473
古老的饿肚之王,624.362,1,16777215,2025-01-18 14:15:39,2554067,4,战意之所在,Fate/stay night [Unlimited Blade Works] 第一季,1674473
被偷家了,686.769,1,16777215,2025-01-18 09:52:30,2554067,4,战意之所在,Fate/stay night [Unlimited Blade Works] 第一季,1674473
一屋子美女,1134.604,1,16777215,2025-01-18 08:26:13,2554067,4,战意之所在,Fate/stay night [Unlimited Blade Works] 第一季,1674473
看数码宝贝的也来了,1186.162,1,6830715,2025-01-16 22:39:29,2554067,4,战意之所在,Fate/stay night [Unlimited Blade Works] 第一季,1674473
骨王也来凑热闹了,1181.648,1,6830715,2025-01-16 22:39:00,2554067,4,战意之所在,Fate/stay night [Unlimited Blade Works] 第一季,1674473
哥布林杀手也来了,1177.713,1,15138834,2025-01-16 22:38:31,2554067,4,战意之所在,Fate/stay night [Unlimited Blade Works] 第一季,1674473
可恶啊，红a不要刻板印象,1216.864,1,15138834,2025-01-16 06:58:02,2554067,4,战意之所在,Fate/stay night [Unlimited Blade Works] 第一季,1674473
啊啊啊,306.921,1,16777215,2025-01-15 14:14:26,2554067,4,战意之所在,Fate/stay night [Unlimited Blade Works] 第一季,1674473
她爹是不是也很爱以这个姿势站在天台上,1237.609,1,16777215,2025-01-14 00:59:32,2554067,4,战意之所在,Fate/stay night [Unlimited Blade Works] 第一季,1674473
这真的不是个美食番么,1063.072,1,16777215,2025-01-14 00:53:06,2554067,4,战意之所在,Fate/stay night [Unlimited Blade Works] 第一季,1674473
鲣鱼刺身？,1062.296,1,16777215,2025-01-14 00:52:54,2554067,4,战意之所在,Fate/stay night [Unlimited Blade Works] 第一季,1674473
老虎和士郎怎么都投降了,1015.65,1,16777215,2025-01-14 00:50:07,2554067,4,战意之所在,Fate/stay night [Unlimited Blade Works] 第一季,1674473
老虎你摩托车都不要了？,994.76,1,16777215,2025-01-14 00:48:57,2554067,4,战意之所在,Fate/stay night [Unlimited Blade Works] 第一季,1674473
你猜怎么着，他俩还真认识,977.392,1,16777215,2025-01-14 00:47:51,2554067,4,战意之所在,Fate/stay night [Unlimited Blade Works] 第一季,1674473
士郎这一季的穿搭帅了好多,652.476,1,16777215,2025-01-14 00:37:00,2554067,4,战意之所在,Fate/stay night [Unlimited Blade Works] 第一季,1674473
saber在这季里情感丰富了好多,629.019,1,16777215,2025-01-14 00:35:52,2554067,4,战意之所在,Fate/stay night [Unlimited Blade Works] 第一季,1674473
这父子俩怎么就两个极端呢,354.967,1,16777215,2025-01-14 00:29:57,2554067,4,战意之所在,Fate/stay night [Unlimited Blade Works] 第一季,1674473
这什么台词,188.262,1,16777215,2025-01-14 00:23:22,2554067,4,战意之所在,Fate/stay night [Unlimited Blade Works] 第一季,1674473
钱在燃烧的气味,169.507,1,16777215,2025-01-14 00:22:23,2554067,4,战意之所在,Fate/stay night [Unlimited Blade Works] 第一季,1674473
后宫起火,1006.314,1,16777215,2025-01-13 02:15:11,2554067,4,战意之所在,Fate/stay night [Unlimited Blade Works] 第一季,1674473
萝莉,33.571,5,15138834,2025-01-12 14:54:54,2554067,4,战意之所在,Fate/stay night [Unlimited Blade Works] 第一季,1674473
两仪式,692.007,1,16777215,2025-01-12 13:38:49,2554067,4,战意之所在,Fate/stay night [Unlimited Blade Works] 第一季,1674473
自己杀自己,1274.183,1,16776960,2025-01-12 12:26:40,2554067,4,战意之所在,Fate/stay night [Unlimited Blade Works] 第一季,1674473
金闪闪:真的假的（doge）,37.187,1,16707842,2025-01-12 10:48:55,2554067,4,战意之所在,Fate/stay night [Unlimited Blade Works] 第一季,1674473
原来能看出来是英国人啊,773.81,1,16777215,2025-01-11 22:35:07,2554067,4,战意之所在,Fate/stay night [Unlimited Blade Works] 第一季,1674473
樱：不是你说她叫什么？,1009.891,1,16777215,2025-01-11 18:56:13,2554067,4,战意之所在,Fate/stay night [Unlimited Blade Works] 第一季,1674473
这么小的姑娘是他爸的朋友。,983.274,1,16777215,2025-01-11 18:01:03,2554067,4,战意之所在,Fate/stay night [Unlimited Blade Works] 第一季,1674473
还真是,989.703,1,16777215,2025-01-10 02:55:13,2554067,4,战意之所在,Fate/stay night [Unlimited Blade Works] 第一季,1674473
就是毒药,1239.696,1,16777215,2025-01-09 23:12:58,2554067,4,战意之所在,Fate/stay night [Unlimited Blade Works] 第一季,1674473
还真是我操,980.775,1,16777215,2025-01-09 16:41:30,2554067,4,战意之所在,Fate/stay night [Unlimited Blade Works] 第一季,1674473
纯粹武夫,827.927,1,15138834,2025-01-09 12:02:18,2554067,4,战意之所在,Fate/stay night [Unlimited Blade Works] 第一季,1674473
车里巨人,1200.352,1,16777215,2025-01-09 00:07:16,2554067,4,战意之所在,Fate/stay night [Unlimited Blade Works] 第一季,1674473
太太的女儿也是风韵犹存,26.065,1,16707842,2025-01-06 19:52:23,2554067,4,战意之所在,Fate/stay night [Unlimited Blade Works] 第一季,1674473
樱已经知道怎么回事了,1013.034,1,16777215,2025-01-05 19:42:09,2554067,4,战意之所在,Fate/stay night [Unlimited Blade Works] 第一季,1674473
摄影师你被升职了,257.088,1,16777215,2025-01-05 00:09:55,2554067,4,战意之所在,Fate/stay night [Unlimited Blade Works] 第一季,1674473
樱这会已经明白了,1008.435,1,16777215,2025-01-02 13:30:55,2554067,4,战意之所在,Fate/stay night [Unlimited Blade Works] 第一季,1674473
魔法少女伊莉雅里散发的女仆超好看,9.851,1,16777215,2025-01-02 12:58:45,2554067,4,战意之所在,Fate/stay night [Unlimited Blade Works] 第一季,1674473
吾王是我的,325.22,1,16777215,2025-01-02 08:11:43,2554067,4,战意之所在,Fate/stay night [Unlimited Blade Works] 第一季,1674473
没有人吗,1208.466,1,16777215,2025-01-01 13:02:57,2554067,4,战意之所在,Fate/stay night [Unlimited Blade Works] 第一季,1674473
不，最强是writer,426.331,5,15138834,2024-12-31 23:52:16,2554067,4,战意之所在,Fate/stay night [Unlimited Blade Works] 第一季,1674473
哈哈哈哈哈哈哈哈,1127.593,1,16777215,2024-12-31 15:12:56,2554067,4,战意之所在,Fate/stay night [Unlimited Blade Works] 第一季,1674473
4P,1119.447,1,16777215,2024-12-30 19:57:07,2554067,4,战意之所在,Fate/stay night [Unlimited Blade Works] 第一季,1674473
这下不得不宰了你了(,248.797,5,16777215,2024-12-30 14:11:46,2554067,4,战意之所在,Fate/stay night [Unlimited Blade Works] 第一季,1674473
天生的archer,904.048,1,16777215,2024-12-30 12:05:16,2554067,4,战意之所在,Fate/stay night [Unlimited Blade Works] 第一季,1674473
谁家小孩,150.233,1,16777215,2024-12-30 02:46:10,2554067,4,战意之所在,Fate/stay night [Unlimited Blade Works] 第一季,1674473
你真是随你爸了,21.055,1,16777215,2024-12-30 00:45:24,2554067,4,战意之所在,Fate/stay night [Unlimited Blade Works] 第一季,1674473
草十郎,746.125,1,16777215,2024-12-29 20:27:45,2554067,4,战意之所在,Fate/stay night [Unlimited Blade Works] 第一季,1674473
本期重点：吃饭,539.23,1,16777215,2024-12-29 15:08:15,2554067,4,战意之所在,Fate/stay night [Unlimited Blade Works] 第一季,1674473
而这个看成女朋友了  ,772.576,5,41194,2024-12-28 20:30:10,2554067,4,战意之所在,Fate/stay night [Unlimited Blade Works] 第一季,1674473
凛：6666666,364.398,5,16777215,2024-12-28 20:25:14,2554067,4,战意之所在,Fate/stay night [Unlimited Blade Works] 第一季,1674473
无限剑制！！！！！,168.901,5,16777215,2024-12-28 20:20:18,2554067,4,战意之所在,Fate/stay night [Unlimited Blade Works] 第一季,1674473
Paladin,450.558,1,16777215,2024-12-28 13:36:15,2554067,4,战意之所在,Fate/stay night [Unlimited Blade Works] 第一季,1674473
我大Paladin呢,441.934,1,16777215,2024-12-28 13:36:03,2554067,4,战意之所在,Fate/stay night [Unlimited Blade Works] 第一季,1674473
既然是rider，那我用用十圣刃也行吧,460.839,1,16777215,2024-12-27 23:42:24,2554067,4,战意之所在,Fate/stay night [Unlimited Blade Works] 第一季,1674473
这版士郎真的好帅,859.409,1,16777215,2024-12-27 22:18:38,2554067,4,战意之所在,Fate/stay night [Unlimited Blade Works] 第一季,1674473
这就是 战意之所在吗,1084.832,1,16777215,2024-12-26 15:26:43,2554067,4,战意之所在,Fate/stay night [Unlimited Blade Works] 第一季,1674473
放弃思考,1039.814,1,16777215,2024-12-25 13:53:22,2554067,4,战意之所在,Fate/stay night [Unlimited Blade Works] 第一季,1674473
对神性宝具就行,38.842,1,16777215,2024-12-25 13:35:12,2554067,4,战意之所在,Fate/stay night [Unlimited Blade Works] 第一季,1674473
爱罗马爱历史,507.007,1,16777215,2024-12-24 18:42:42,2554067,4,战意之所在,Fate/stay night [Unlimited Blade Works] 第一季,1674473
男主魅魔体质,366.078,1,16777215,2024-12-24 18:40:21,2554067,4,战意之所在,Fate/stay night [Unlimited Blade Works] 第一季,1674473
把西装穿回来呀,547.498,5,16777215,2024-12-23 01:53:22,2554067,4,战意之所在,Fate/stay night [Unlimited Blade Works] 第一季,1674473
basalka,176.997,1,16777215,2024-12-22 14:11:00,2554067,4,战意之所在,Fate/stay night [Unlimited Blade Works] 第一季,1674473
阿玛特拉斯,541.037,1,16777215,2024-12-21 23:53:35,2554067,4,战意之所在,Fate/stay night [Unlimited Blade Works] 第一季,1674473
还真是,983.056,1,16777215,2024-12-21 01:53:05,2554067,4,战意之所在,Fate/stay night [Unlimited Blade Works] 第一季,1674473
偷看剧本是吧你小子,987.697,1,16777215,2024-12-20 22:22:16,2554067,4,战意之所在,Fate/stay night [Unlimited Blade Works] 第一季,1674473
正片来了，卫宫饭！,542.938,1,16777215,2024-12-20 22:14:31,2554067,4,战意之所在,Fate/stay night [Unlimited Blade Works] 第一季,1674473
小樱快开心死不是士郎凭什么羡慕了,1128.698,1,16707842,2024-12-19 01:27:59,2554067,4,战意之所在,Fate/stay night [Unlimited Blade Works] 第一季,1674473
他可是弓兵啊,891.955,1,16707842,2024-12-19 01:22:44,2554067,4,战意之所在,Fate/stay night [Unlimited Blade Works] 第一季,1674473
画质好之后男主是真的帅啊,640.553,1,16707842,2024-12-19 01:16:51,2554067,4,战意之所在,Fate/stay night [Unlimited Blade Works] 第一季,1674473
和06年一样啊，命运的转折只可惜不再是女主了,307.642,1,16707842,2024-12-19 01:08:59,2554067,4,战意之所在,Fate/stay night [Unlimited Blade Works] 第一季,1674473
有剑鞘是必然不会有事的,185.429,1,16707842,2024-12-19 01:05:31,2554067,4,战意之所在,Fate/stay night [Unlimited Blade Works] 第一季,1674473
爱了爱了,30.76,1,16777215,2024-12-19 01:02:53,2554067,4,战意之所在,Fate/stay night [Unlimited Blade Works] 第一季,1674473
美缀和伊莉雅应该有条线！,926.611,1,16777215,2024-12-18 06:15:42,2554067,4,战意之所在,Fate/stay night [Unlimited Blade Works] 第一季,1674473
凛真的是老好人,542.064,1,16777215,2024-12-17 22:47:29,2554067,4,战意之所在,Fate/stay night [Unlimited Blade Works] 第一季,1674473
樱：我还要给她做饭？,1079.461,1,16777215,2024-12-17 02:03:44,2554067,4,战意之所在,Fate/stay night [Unlimited Blade Works] 第一季,1674473
好愉悦的眼神,751.396,1,16777215,2024-12-16 20:14:13,2554067,4,战意之所在,Fate/stay night [Unlimited Blade Works] 第一季,1674473
《正义之所在》,0.0,5,16777215,2024-12-16 15:09:07,2554067,4,战意之所在,Fate/stay night [Unlimited Blade Works] 第一季,1674473
饿了,1078.946,1,16777215,2024-12-15 19:46:14,2554067,4,战意之所在,Fate/stay night [Unlimited Blade Works] 第一季,1674473
最强职阶 ,416.179,1,16777215,2024-12-15 15:23:18,2554067,4,战意之所在,Fate/stay night [Unlimited Blade Works] 第一季,1674473
是不是看出是英灵了，好歹也是r姐的正统御主,688.742,5,16777215,2024-12-14 22:51:08,2554067,4,战意之所在,Fate/stay night [Unlimited Blade Works] 第一季,1674473
秋月爱莉,302.688,1,16777215,2024-12-14 22:10:15,2554067,4,战意之所在,Fate/stay night [Unlimited Blade Works] 第一季,1674473
请问是大不列颠的阿尔托莉雅女士吗,533.003,1,16777215,2024-12-14 02:52:11,2554067,4,战意之所在,Fate/stay night [Unlimited Blade Works] 第一季,1674473
像魔法少女吟唱咒语。。。,489.176,1,16777215,2024-12-13 08:41:13,2554067,4,战意之所在,Fate/stay night [Unlimited Blade Works] 第一季,1674473
王の困惑,1142.745,5,16707842,2024-12-12 20:29:59,2554067,4,战意之所在,Fate/stay night [Unlimited Blade Works] 第一季,1674473
saber：都是卫宫家的，差别这么大？,354.093,1,16777215,2024-12-12 01:41:21,2554067,4,战意之所在,Fate/stay night [Unlimited Blade Works] 第一季,1674473
06直接腰斩了,349.758,1,16777215,2024-12-11 23:14:56,2554067,4,战意之所在,Fate/stay night [Unlimited Blade Works] 第一季,1674473
..,1076.607,1,16777215,2024-12-11 15:54:59,2554067,4,战意之所在,Fate/stay night [Unlimited Blade Works] 第一季,1674473
这学校卧虎藏龙,736.115,1,16776960,2024-12-11 15:13:53,2554067,4,战意之所在,Fate/stay night [Unlimited Blade Works] 第一季,1674473
两仪式（doge,692.481,1,16776960,2024-12-11 15:12:59,2554067,4,战意之所在,Fate/stay night [Unlimited Blade Works] 第一季,1674473
可爱捏 想去看樱线了,681.634,1,16776960,2024-12-11 15:12:42,2554067,4,战意之所在,Fate/stay night [Unlimited Blade Works] 第一季,1674473
可以通过伙食弥补,585.624,1,16777215,2024-12-11 15:06:43,2554067,4,战意之所在,Fate/stay night [Unlimited Blade Works] 第一季,1674473
巴萨卡：我不会说话,495.54,1,16777215,2024-12-11 15:04:42,2554067,4,战意之所在,Fate/stay night [Unlimited Blade Works] 第一季,1674473
阿尔托莉雅·潘德拉贡,404.345,1,16777215,2024-12-11 15:02:44,2554067,4,战意之所在,Fate/stay night [Unlimited Blade Works] 第一季,1674473
《指补魔》,280.317,1,16777215,2024-12-11 15:00:00,2554067,4,战意之所在,Fate/stay night [Unlimited Blade Works] 第一季,1674473
士郎：前方深渊，身后地狱,1025.192,5,16646914,2024-12-11 14:31:04,2554067,4,战意之所在,Fate/stay night [Unlimited Blade Works] 第一季,1674473
直接快进到卫宫家的饭,579.513,1,16777215,2024-12-11 00:50:01,2554067,4,战意之所在,Fate/stay night [Unlimited Blade Works] 第一季,1674473
哈哈啊哈哈哈哈,1140.44,1,16777215,2024-12-10 22:20:40,2554067,4,战意之所在,Fate/stay night [Unlimited Blade Works] 第一季,1674473
"woc,google",1161.902,1,16777215,2024-12-09 20:20:58,2554067,4,战意之所在,Fate/stay night [Unlimited Blade Works] 第一季,1674473
最强教师,750.466,5,15138834,2024-12-07 23:45:42,2554067,4,战意之所在,Fate/stay night [Unlimited Blade Works] 第一季,1674473
认真,652.525,5,15138834,2024-12-07 23:43:48,2554067,4,战意之所在,Fate/stay night [Unlimited Blade Works] 第一季,1674473
空屏？,1243.129,1,16777215,2024-12-07 19:15:49,2554067,4,战意之所在,Fate/stay night [Unlimited Blade Works] 第一季,1674473
不能灵体化是因为saber没死,1053.876,5,16777215,2024-12-07 18:38:35,2554067,4,战意之所在,Fate/stay night [Unlimited Blade Works] 第一季,1674473
露骨的过来下我有事,1175.17,1,16777215,2024-12-07 10:28:08,2554067,4,战意之所在,Fate/stay night [Unlimited Blade Works] 第一季,1674473
不懂就问，这魔术弹和青子比起来如何,1212.234,1,16777215,2024-12-06 15:56:27,2554067,4,战意之所在,Fate/stay night [Unlimited Blade Works] 第一季,1674473
被掌控伙食啦,594.609,1,16777215,2024-12-06 15:45:11,2554067,4,战意之所在,Fate/stay night [Unlimited Blade Works] 第一季,1674473
还真是,989.14,1,16777215,2024-12-04 17:33:53,2554067,4,战意之所在,Fate/stay night [Unlimited Blade Works] 第一季,1674473
saber线 ,345.218,5,16707842,2024-12-04 16:18:08,2554067,4,战意之所在,Fate/stay night [Unlimited Blade Works] 第一季,1674473
多好啊 再加上凛酱就更完美了,1152.424,1,16777215,2024-12-03 22:45:24,2554067,4,战意之所在,Fate/stay night [Unlimited Blade Works] 第一季,1674473
这也太露骨了吧,1159.747,1,16777215,2024-12-03 22:21:48,2554067,4,战意之所在,Fate/stay night [Unlimited Blade Works] 第一季,1674473
家被偷了的表情,681.53,1,16777215,2024-12-02 21:21:39,2554067,4,战意之所在,Fate/stay night [Unlimited Blade Works] 第一季,1674473
阿虚，电话,667.942,1,16777215,2024-12-02 13:13:24,2554067,4,战意之所在,Fate/stay night [Unlimited Blade Works] 第一季,1674473
就做一份啊，死直男,685.005,1,16777215,2024-12-01 22:32:34,2554067,4,战意之所在,Fate/stay night [Unlimited Blade Works] 第一季,1674473
还   真   是,979.0,1,16777215,2024-12-01 13:01:25,2554067,4,战意之所在,Fate/stay night [Unlimited Blade Works] 第一季,1674473
好看,151.916,1,16777215,2024-11-30 11:47:20,2554067,4,战意之所在,Fate/stay night [Unlimited Blade Works] 第一季,1674473
你是怎么得出这个结论的,246.63,1,16777215,2024-11-28 23:15:05,2554067,4,战意之所在,Fate/stay night [Unlimited Blade Works] 第一季,1674473
樱难以掩饰的激动,1129.497,1,6830715,2024-11-27 23:52:05,2554067,4,战意之所在,Fate/stay night [Unlimited Blade Works] 第一季,1674473
确实是爹的熟人,980.469,1,16777215,2024-11-27 23:43:41,2554067,4,战意之所在,Fate/stay night [Unlimited Blade Works] 第一季,1674473
Saber：终于开饭了,537.175,1,16777215,2024-11-27 10:20:39,2554067,4,战意之所在,Fate/stay night [Unlimited Blade Works] 第一季,1674473
其实就你士郎不知道（doge）,523.81,1,16777215,2024-11-27 10:19:06,2554067,4,战意之所在,Fate/stay night [Unlimited Blade Works] 第一季,1674473
石头唱得好,149.334,5,16646914,2024-11-25 20:51:43,2554067,4,战意之所在,Fate/stay night [Unlimited Blade Works] 第一季,1674473
卫宫家今天的饭,1078.915,1,16777215,2024-11-25 16:43:46,2554067,4,战意之所在,Fate/stay night [Unlimited Blade Works] 第一季,1674473
樱：终究是比不过天降啊！,1013.4,1,16777215,2024-11-25 16:42:26,2554067,4,战意之所在,Fate/stay night [Unlimited Blade Works] 第一季,1674473
saber：这一对父子真是让人头疼,517.787,1,16777215,2024-11-25 16:30:53,2554067,4,战意之所在,Fate/stay night [Unlimited Blade Works] 第一季,1674473
心头肉宣言来了！,244.665,1,16777215,2024-11-25 16:24:15,2554067,4,战意之所在,Fate/stay night [Unlimited Blade Works] 第一季,1674473
瓦斯不语只是一味地背锅,589.806,1,16777215,2024-11-24 12:17:49,2554067,4,战意之所在,Fate/stay night [Unlimited Blade Works] 第一季,1674473
老师真是太可靠了,1132.475,5,16707842,2024-11-23 21:23:05,2554067,4,战意之所在,Fate/stay night [Unlimited Blade Works] 第一季,1674473
气压有点低,1101.228,5,38979,2024-11-23 21:22:19,2554067,4,战意之所在,Fate/stay night [Unlimited Blade Works] 第一季,1674473
疯狂明示！,948.516,1,16707842,2024-11-23 18:23:24,2554067,4,战意之所在,Fate/stay night [Unlimited Blade Works] 第一季,1674473
众所周知，这是个美食番,1067.629,1,16777215,2024-11-20 23:53:54,2554067,4,战意之所在,Fate/stay night [Unlimited Blade Works] 第一季,1674473
不是，真猜对了,990.069,1,16777215,2024-11-19 01:46:30,2554067,4,战意之所在,Fate/stay night [Unlimited Blade Works] 第一季,1674473
哈哈哈，为什么有一根竖起来了,322.793,1,16777215,2024-11-18 00:28:58,2554067,4,战意之所在,Fate/stay night [Unlimited Blade Works] 第一季,1674473
？！,1127.852,1,16777215,2024-11-17 13:22:41,2554067,4,战意之所在,Fate/stay night [Unlimited Blade Works] 第一季,1674473
你问我我问谁,289.598,5,16777215,2024-11-17 13:21:30,2554067,4,战意之所在,Fate/stay night [Unlimited Blade Works] 第一季,1674473
你这老师真令我欢喜,1133.282,1,16777215,2024-11-15 19:53:58,2554067,4,战意之所在,Fate/stay night [Unlimited Blade Works] 第一季,1674473
旧闪用弓,517.749,1,16777215,2024-11-15 01:21:41,2554067,4,战意之所在,Fate/stay night [Unlimited Blade Works] 第一季,1674473
你拦着,791.465,1,16777215,2024-11-14 19:36:04,2554067,4,战意之所在,Fate/stay night [Unlimited Blade Works] 第一季,1674473
剑鞘是啥？？我明明一直有认真看,346.089,1,16777215,2024-11-13 23:07:02,2554067,4,战意之所在,Fate/stay night [Unlimited Blade Works] 第一季,1674473
爹跟孩子两个完全相反的性格,406.787,1,16777215,2024-11-12 18:47:06,2554067,4,战意之所在,Fate/stay night [Unlimited Blade Works] 第一季,1674473
哈哈哈哈,793.759,1,16777215,2024-11-12 09:46:55,2554067,4,战意之所在,Fate/stay night [Unlimited Blade Works] 第一季,1674473
？？男主是这样的设定吗,901.417,1,16777215,2024-11-12 03:03:33,2554067,4,战意之所在,Fate/stay night [Unlimited Blade Works] 第一季,1674473
视若无睹,817.436,1,16777215,2024-11-11 10:27:40,2554067,4,战意之所在,Fate/stay night [Unlimited Blade Works] 第一季,1674473
长得好像两仪式啊。。。。。,863.114,1,16777215,2024-11-10 22:56:44,2554067,4,战意之所在,Fate/stay night [Unlimited Blade Works] 第一季,1674473
每一发都命中靶心 当然就没意思了,903.547,1,16777215,2024-11-10 21:23:35,2554067,4,战意之所在,Fate/stay night [Unlimited Blade Works] 第一季,1674473
你别说还真是,978.931,1,16777215,2024-11-09 12:51:50,2554067,4,战意之所在,Fate/stay night [Unlimited Blade Works] 第一季,1674473
啊？呆毛个子好低,1051.155,1,16777215,2024-11-08 10:02:17,2554067,4,战意之所在,Fate/stay night [Unlimited Blade Works] 第一季,1674473
吃货王登场,590.099,1,16777215,2024-11-08 09:53:58,2554067,4,战意之所在,Fate/stay night [Unlimited Blade Works] 第一季,1674473
故意的,1132.558,1,16777215,2024-11-07 22:17:39,2554067,4,战意之所在,Fate/stay night [Unlimited Blade Works] 第一季,1674473
吃醋了,687.358,1,16777215,2024-11-07 22:12:05,2554067,4,战意之所在,Fate/stay night [Unlimited Blade Works] 第一季,1674473
吃货上线,577.15,1,16777215,2024-11-07 22:10:27,2554067,4,战意之所在,Fate/stay night [Unlimited Blade Works] 第一季,1674473
起杀心了,254.094,1,16777215,2024-11-07 22:03:36,2554067,4,战意之所在,Fate/stay night [Unlimited Blade Works] 第一季,1674473
远板你个傲娇,232.158,1,16777215,2024-11-07 22:03:06,2554067,4,战意之所在,Fate/stay night [Unlimited Blade Works] 第一季,1674473
这里面没有真正的主角,961.223,1,16777215,2024-11-07 19:45:30,2554067,4,战意之所在,Fate/stay night [Unlimited Blade Works] 第一季,1674473
樱是master但是完全没往这个方向想骂,1010.699,1,16777215,2024-11-07 13:48:23,2554067,4,战意之所在,Fate/stay night [Unlimited Blade Works] 第一季,1674473
没没事吧她们？,1141.67,1,16777215,2024-11-03 18:48:33,2554067,4,战意之所在,Fate/stay night [Unlimited Blade Works] 第一季,1674473
吾王这小眼神,1146.386,1,16777215,2024-11-03 15:43:38,2554067,4,战意之所在,Fate/stay night [Unlimited Blade Works] 第一季,1674473
两菜一汤,571.745,1,16777215,2024-11-03 15:32:57,2554067,4,战意之所在,Fate/stay night [Unlimited Blade Works] 第一季,1674473
吾王萌萌哒,313.591,1,16777215,2024-11-03 15:25:23,2554067,4,战意之所在,Fate/stay night [Unlimited Blade Works] 第一季,1674473
有没有一种可能呆毛其实并没有fz里那么man呢，fz本来就是虚渊玄理解错误导致的,635.36,1,14811775,2024-10-30 03:00:54,2554067,4,战意之所在,Fate/stay night [Unlimited Blade Works] 第一季,1674473
不用，我工兵技能点满了,872.616,1,16777215,2024-10-29 10:14:18,2554067,4,战意之所在,Fate/stay night [Unlimited Blade Works] 第一季,1674473
这么里,372.443,5,16777215,2024-10-26 11:05:56,2554067,4,战意之所在,Fate/stay night [Unlimited Blade Works] 第一季,1674473
saber比较特殊，她有实体，不能灵体化,653.65,1,16777215,2024-10-24 13:38:08,2554067,4,战意之所在,Fate/stay night [Unlimited Blade Works] 第一季,1674473
然而这番是凛线（）,1328.398,1,16777215,2024-10-21 21:08:41,2554067,4,战意之所在,Fate/stay night [Unlimited Blade Works] 第一季,1674473
樱：不是他怎么召唤的？？,1009.398,1,16777215,2024-10-21 21:02:57,2554067,4,战意之所在,Fate/stay night [Unlimited Blade Works] 第一季,1674473
凛ちゃんは大好き,1324.307,1,16777215,2024-10-21 19:36:57,2554067,4,战意之所在,Fate/stay night [Unlimited Blade Works] 第一季,1674473
点外卖是吧,622.899,1,16777215,2024-10-21 07:37:10,2554067,4,战意之所在,Fate/stay night [Unlimited Blade Works] 第一季,1674473
速度起手秒了,749.612,1,16777215,2024-10-21 04:15:58,2554067,4,战意之所在,Fate/stay night [Unlimited Blade Works] 第一季,1674473
日在圣杯的魔鬼,1139.963,1,16777215,2024-10-20 20:00:43,2554067,4,战意之所在,Fate/stay night [Unlimited Blade Works] 第一季,1674473
灵基素材…心疼！,1168.246,1,16777215,2024-10-19 23:02:25,2554067,4,战意之所在,Fate/stay night [Unlimited Blade Works] 第一季,1674473
上执事服配摩托车！,311.326,1,16777215,2024-10-19 22:47:28,2554067,4,战意之所在,Fate/stay night [Unlimited Blade Works] 第一季,1674473
好濏！！,328.411,5,15138834,2024-10-19 21:06:45,2554067,4,战意之所在,Fate/stay night [Unlimited Blade Works] 第一季,1674473
饥饿是敌人,317.426,1,16777215,2024-10-19 01:03:21,2554067,4,战意之所在,Fate/stay night [Unlimited Blade Works] 第一季,1674473
创伤吗,941.909,1,16777215,2024-10-18 19:46:04,2554067,4,战意之所在,Fate/stay night [Unlimited Blade Works] 第一季,1674473
吾王美如画，爱了爱了,308.987,1,16777215,2024-10-18 16:29:28,2554067,4,战意之所在,Fate/stay night [Unlimited Blade Works] 第一季,1674473
马上美缀就要被二爷。。了,950.623,1,16777215,2024-10-14 17:39:17,2554067,4,战意之所在,Fate/stay night [Unlimited Blade Works] 第一季,1674473
好漂亮！,302.271,1,16777215,2024-10-13 22:20:12,2554067,4,战意之所在,Fate/stay night [Unlimited Blade Works] 第一季,1674473
心肌肥大,241.227,1,16777215,2024-10-13 14:02:32,2554067,4,战意之所在,Fate/stay night [Unlimited Blade Works] 第一季,1674473
你别说，还真是,988.485,1,16777215,2024-10-13 02:57:53,2554067,4,战意之所在,Fate/stay night [Unlimited Blade Works] 第一季,1674473
召个艾吉奥出来,441.269,1,16777215,2024-10-11 13:04:18,2554067,4,战意之所在,Fate/stay night [Unlimited Blade Works] 第一季,1674473
我了个逗,1144.089,1,16777215,2024-10-09 23:48:25,2554067,4,战意之所在,Fate/stay night [Unlimited Blade Works] 第一季,1674473
杀必死角度,936.465,1,16777215,2024-10-09 13:35:12,2554067,4,战意之所在,Fate/stay night [Unlimited Blade Works] 第一季,1674473
葛木神拳,740.411,1,16777215,2024-10-09 13:31:25,2554067,4,战意之所在,Fate/stay night [Unlimited Blade Works] 第一季,1674473
补魔啊,581.179,1,16777215,2024-10-09 13:28:05,2554067,4,战意之所在,Fate/stay night [Unlimited Blade Works] 第一季,1674473
还真是,986.358,1,16777215,2024-10-09 02:04:36,2554067,4,战意之所在,Fate/stay night [Unlimited Blade Works] 第一季,1674473
neger,425.298,1,16777215,2024-10-05 19:26:35,2554067,4,战意之所在,Fate/stay night [Unlimited Blade Works] 第一季,1674473
红A：咋了，就算我有大招没放，战技就不算底牌了？,1293.365,1,16777215,2024-10-04 14:40:47,2554067,4,战意之所在,Fate/stay night [Unlimited Blade Works] 第一季,1674473
吾王；不关我事,1134.516,5,16646914,2024-10-03 15:19:33,2554067,4,战意之所在,Fate/stay night [Unlimited Blade Works] 第一季,1674473
什么品种的霓虹魅魔啊,889.16,5,16646914,2024-10-03 15:15:00,2554067,4,战意之所在,Fate/stay night [Unlimited Blade Works] 第一季,1674473
你别说还真是没说到四句话,988.073,5,16777215,2024-10-02 21:03:49,2554067,4,战意之所在,Fate/stay night [Unlimited Blade Works] 第一季,1674473
来自王极高的评价,817.803,1,15138834,2024-10-02 07:19:08,2554067,4,战意之所在,Fate/stay night [Unlimited Blade Works] 第一季,1674473
凛:丸辣,1125.115,1,16777215,2024-10-01 14:28:14,2554067,4,战意之所在,Fate/stay night [Unlimited Blade Works] 第一季,1674473
名侦探兼凛之使魔红A,1232.731,1,52480,2024-10-01 09:11:29,2554067,4,战意之所在,Fate/stay night [Unlimited Blade Works] 第一季,1674473
舌尖上的圣杯战争那个可笑死我了,1086.695,1,52480,2024-10-01 09:04:14,2554067,4,战意之所在,Fate/stay night [Unlimited Blade Works] 第一季,1674473
射爆茄子,1190.121,1,16777215,2024-09-29 22:36:24,2554067,4,战意之所在,Fate/stay night [Unlimited Blade Works] 第一季,1674473
巧了，真是,981.877,1,16777215,2024-09-27 00:50:31,2554067,4,战意之所在,Fate/stay night [Unlimited Blade Works] 第一季,1674473
vespa?,1037.405,1,16777215,2024-09-26 19:24:46,2554067,4,战意之所在,Fate/stay night [Unlimited Blade Works] 第一季,1674473
谁看见自己的黑历史不想抹杀啊……,278.344,5,16707842,2024-09-24 17:54:31,2554067,4,战意之所在,Fate/stay night [Unlimited Blade Works] 第一季,1674473
太菜了,523.711,1,16777215,2024-09-24 15:01:28,2554067,4,战意之所在,Fate/stay night [Unlimited Blade Works] 第一季,1674473
06版都没这些,834.19,1,16777215,2024-09-21 20:44:16,2554067,4,战意之所在,Fate/stay night [Unlimited Blade Works] 第一季,1674473
我是negger,422.299,1,16777215,2024-09-21 18:55:55,2554067,4,战意之所在,Fate/stay night [Unlimited Blade Works] 第一季,1674473
逆天后宫,1133.2,1,16777215,2024-09-21 18:20:51,2554067,4,战意之所在,Fate/stay night [Unlimited Blade Works] 第一季,1674473
对我做 我也想要,190.716,1,16777215,2024-09-21 16:21:49,2554067,4,战意之所在,Fate/stay night [Unlimited Blade Works] 第一季,1674473
巫条大楼,554.494,1,16777215,2024-09-21 12:05:11,2554067,4,战意之所在,Fate/stay night [Unlimited Blade Works] 第一季,1674473
吾王美如画,303.165,1,16777215,2024-09-21 11:59:09,2554067,4,战意之所在,Fate/stay night [Unlimited Blade Works] 第一季,1674473
saber不能灵体化单纯是因为她有肉身,1058.352,1,16777215,2024-09-20 17:17:36,2554067,4,战意之所在,Fate/stay night [Unlimited Blade Works] 第一季,1674473
诶，还真是,982.679,1,16777215,2024-09-19 23:38:25,2554067,4,战意之所在,Fate/stay night [Unlimited Blade Works] 第一季,1674473
我想大帝了,432.311,1,16777215,2024-09-19 23:31:35,2554067,4,战意之所在,Fate/stay night [Unlimited Blade Works] 第一季,1674473
樱：我是想让老师反对,1045.903,1,16777215,2024-09-19 19:19:20,2554067,4,战意之所在,Fate/stay night [Unlimited Blade Works] 第一季,1674473
吃得真好，看饿了,1077.002,1,16777215,2024-09-18 22:53:11,2554067,4,战意之所在,Fate/stay night [Unlimited Blade Works] 第一季,1674473
那就放光炮,455.62,1,16777215,2024-09-18 22:21:36,2554067,4,战意之所在,Fate/stay night [Unlimited Blade Works] 第一季,1674473
月！,842.677,1,16777215,2024-09-18 21:35:29,2554067,4,战意之所在,Fate/stay night [Unlimited Blade Works] 第一季,1674473
''',161.971,1,16777215,2024-09-18 12:32:23,2554067,4,战意之所在,Fate/stay night [Unlimited Blade Works] 第一季,1674473
';l;l',152.959,1,16777215,2024-09-18 12:32:14,2554067,4,战意之所在,Fate/stay night [Unlimited Blade Works] 第一季,1674473
Berserker,437.778,1,16777215,2024-09-16 23:55:56,2554067,4,战意之所在,Fate/stay night [Unlimited Blade Works] 第一季,1674473
吾王美如画,297.288,1,16777215,2024-09-16 17:27:24,2554067,4,战意之所在,Fate/stay night [Unlimited Blade Works] 第一季,1674473
完咯不会是死亡flag吧,952.55,1,16777215,2024-09-16 00:46:09,2554067,4,战意之所在,Fate/stay night [Unlimited Blade Works] 第一季,1674473
嘟嘟哒嘟嘟哒,1162.875,1,16777215,2024-09-15 20:42:22,2554067,4,战意之所在,Fate/stay night [Unlimited Blade Works] 第一季,1674473
石头唱得好,153.476,1,16777215,2024-09-15 20:27:23,2554067,4,战意之所在,Fate/stay night [Unlimited Blade Works] 第一季,1674473
弓兵喜欢近战,921.903,1,16777215,2024-09-14 12:57:06,2554067,4,战意之所在,Fate/stay night [Unlimited Blade Works] 第一季,1674473
06版的主角是被B叔杀了一次（捂脸）,345.183,1,16777215,2024-09-13 10:47:23,2554067,4,战意之所在,Fate/stay night [Unlimited Blade Works] 第一季,1674473
还真是,980.705,1,16777215,2024-09-11 15:18:44,2554067,4,战意之所在,Fate/stay night [Unlimited Blade Works] 第一季,1674473
怀疑自己看错番了,1173.112,1,16777215,2024-09-11 14:02:36,2554067,4,战意之所在,Fate/stay night [Unlimited Blade Works] 第一季,1674473
完了,1139.598,1,16777215,2024-09-11 14:02:02,2554067,4,战意之所在,Fate/stay night [Unlimited Blade Works] 第一季,1674473
后宫起火,1095.175,1,16777215,2024-09-11 14:01:18,2554067,4,战意之所在,Fate/stay night [Unlimited Blade Works] 第一季,1674473
卫宫家的外卖,620.122,5,16755202,2024-09-11 04:16:27,2554067,4,战意之所在,Fate/stay night [Unlimited Blade Works] 第一季,1674473
这池子里的洗澡水是我的，谁也别想抢,37.99,1,41194,2024-09-08 13:16:45,2554067,4,战意之所在,Fate/stay night [Unlimited Blade Works] 第一季,1674473
还真是,987.531,1,16777215,2024-09-07 22:07:12,2554067,4,战意之所在,Fate/stay night [Unlimited Blade Works] 第一季,1674473
众所周知，算了,1199.101,1,16777215,2024-09-07 14:27:31,2554067,4,战意之所在,Fate/stay night [Unlimited Blade Works] 第一季,1674473
还真是，这可太熟了啊,982.068,5,16707842,2024-09-05 20:36:28,2554067,4,战意之所在,Fate/stay night [Unlimited Blade Works] 第一季,1674473
用老虎钳夹死他,1319.4,5,15138834,2024-09-05 20:15:41,2554067,4,战意之所在,Fate/stay night [Unlimited Blade Works] 第一季,1674473
炫酷bilibili,153.888,1,16777215,2024-09-03 22:22:41,2554067,4,战意之所在,Fate/stay night [Unlimited Blade Works] 第一季,1674473
普通人不是看不见从者吗,780.217,1,16777215,2024-09-03 11:38:04,2554067,4,战意之所在,Fate/stay night [Unlimited Blade Works] 第一季,1674473
saber的宝具不是剑鞘吗？,476.795,1,9487136,2024-09-01 10:35:29,2554067,4,战意之所在,Fate/stay night [Unlimited Blade Works] 第一季,1674473
不会近战的弓兵不是好弓兵,1303.969,5,15772458,2024-09-01 00:40:50,2554067,4,战意之所在,Fate/stay night [Unlimited Blade Works] 第一季,1674473
凛：我独自升级,1181.118,5,15772458,2024-09-01 00:38:28,2554067,4,战意之所在,Fate/stay night [Unlimited Blade Works] 第一季,1674473
再次暗示卫宫就是红a,896.873,1,16777215,2024-09-01 00:31:48,2554067,4,战意之所在,Fate/stay night [Unlimited Blade Works] 第一季,1674473
纯爱战士登场,752.699,5,16707842,2024-09-01 00:22:45,2554067,4,战意之所在,Fate/stay night [Unlimited Blade Works] 第一季,1674473
saber没有灵体！,647.015,1,15138834,2024-09-01 00:19:29,2554067,4,战意之所在,Fate/stay night [Unlimited Blade Works] 第一季,1674473
呆毛可爱呢,305.471,1,11890,2024-09-01 00:12:49,2554067,4,战意之所在,Fate/stay night [Unlimited Blade Works] 第一季,1674473
别让我看到樱孤零零的一个人啊啊啊！,1058.804,5,16707842,2024-08-31 21:24:04,2554067,4,战意之所在,Fate/stay night [Unlimited Blade Works] 第一季,1674473
完结撒花,1275.512,1,16777215,2024-08-31 17:42:07,2554067,4,战意之所在,Fate/stay night [Unlimited Blade Works] 第一季,1674473
恭喜樱,1129.355,1,6830715,2024-08-30 18:26:47,2554067,4,战意之所在,Fate/stay night [Unlimited Blade Works] 第一季,1674473
日在圣杯,1025.226,1,38979,2024-08-30 18:07:23,2554067,4,战意之所在,Fate/stay night [Unlimited Blade Works] 第一季,1674473
真让他猜对了,979.743,1,16777215,2024-08-30 18:05:41,2554067,4,战意之所在,Fate/stay night [Unlimited Blade Works] 第一季,1674473
红a的弓法是从这里学的？,882.883,1,16777215,2024-08-30 18:03:02,2554067,4,战意之所在,Fate/stay night [Unlimited Blade Works] 第一季,1674473
saber:这孩子绝对不是他爹亲生的,356.031,1,16777215,2024-08-30 17:48:43,2554067,4,战意之所在,Fate/stay night [Unlimited Blade Works] 第一季,1674473
如果是上一届这里已经发生核爆了,232.428,1,16777215,2024-08-30 17:45:01,2554067,4,战意之所在,Fate/stay night [Unlimited Blade Works] 第一季,1674473
去轻音部吧（,887.85,1,16707842,2024-08-30 17:17:32,2554067,4,战意之所在,Fate/stay night [Unlimited Blade Works] 第一季,1674473
樱：那么，我也。。。。,1036.158,1,16777215,2024-08-30 12:50:26,2554067,4,战意之所在,Fate/stay night [Unlimited Blade Works] 第一季,1674473
愉悦一下,914.769,1,16777215,2024-08-29 16:55:23,2554067,4,战意之所在,Fate/stay night [Unlimited Blade Works] 第一季,1674473
后宫失火,1118.231,1,16777215,2024-08-29 15:37:33,2554067,4,战意之所在,Fate/stay night [Unlimited Blade Works] 第一季,1674473
原来都长这么长了吗？,29.89,1,16777215,2024-08-29 15:19:22,2554067,4,战意之所在,Fate/stay night [Unlimited Blade Works] 第一季,1674473
还真是,981.775,1,16777215,2024-08-29 13:45:13,2554067,4,战意之所在,Fate/stay night [Unlimited Blade Works] 第一季,1674473
设定上是弱魔呆和强化初见S教师平局,764.416,1,16707842,2024-08-28 21:13:12,2554067,4,战意之所在,Fate/stay night [Unlimited Blade Works] 第一季,1674473
还有金闪闪（）,436.789,1,16707842,2024-08-28 00:44:36,2554067,4,战意之所在,Fate/stay night [Unlimited Blade Works] 第一季,1674473
嘟嘟嘟哒嘟嘟哒,1164.105,1,16777215,2024-08-27 20:45:05,2554067,4,战意之所在,Fate/stay night [Unlimited Blade Works] 第一季,1674473
士郎外热内冷啊,944.83,1,16777215,2024-08-27 18:06:27,2554067,4,战意之所在,Fate/stay night [Unlimited Blade Works] 第一季,1674473
好萌,54.235,1,16777215,2024-08-26 23:28:46,2554067,4,战意之所在,Fate/stay night [Unlimited Blade Works] 第一季,1674473
丸辣,1008.233,1,16707842,2024-08-26 13:34:59,2554067,4,战意之所在,Fate/stay night [Unlimited Blade Works] 第一季,1674473
怠惰了奥,1229.751,1,16777215,2024-08-26 13:27:09,2554067,4,战意之所在,Fate/stay night [Unlimited Blade Works] 第一季,1674473
阁下为何沉默不语,1125.528,1,16777215,2024-08-26 13:25:24,2554067,4,战意之所在,Fate/stay night [Unlimited Blade Works] 第一季,1674473
饿了,311.424,1,16707842,2024-08-26 13:23:16,2554067,4,战意之所在,Fate/stay night [Unlimited Blade Works] 第一季,1674473
换了鼬的写轮眼吗,281.862,1,16777215,2024-08-26 10:08:25,2554067,4,战意之所在,Fate/stay night [Unlimited Blade Works] 第一季,1674473
你是哪个班的,752.754,1,16777215,2024-08-26 02:39:27,2554067,4,战意之所在,Fate/stay night [Unlimited Blade Works] 第一季,1674473
哈喽,750.917,1,16777215,2024-08-26 02:39:15,2554067,4,战意之所在,Fate/stay night [Unlimited Blade Works] 第一季,1674473
天国大魔境！？！,1199.017,1,16777215,2024-08-25 22:49:14,2554067,4,战意之所在,Fate/stay night [Unlimited Blade Works] 第一季,1674473
人话:不会偷税。(doge),938.877,5,15138834,2024-08-25 20:42:04,2554067,4,战意之所在,Fate/stay night [Unlimited Blade Works] 第一季,1674473
吾王美如画,302.164,1,16777215,2024-08-25 19:47:54,2554067,4,战意之所在,Fate/stay night [Unlimited Blade Works] 第一季,1674473
最强职阶Teacher登场。,750.519,1,16777215,2024-08-25 13:25:06,2554067,4,战意之所在,Fate/stay night [Unlimited Blade Works] 第一季,1674473
哇！！！！！,545.983,1,16777215,2024-08-25 13:22:00,2554067,4,战意之所在,Fate/stay night [Unlimited Blade Works] 第一季,1674473
吾王美如画。,365.187,1,16777215,2024-08-25 13:19:14,2554067,4,战意之所在,Fate/stay night [Unlimited Blade Works] 第一季,1674473
你别说还真是,978.75,5,15138834,2024-08-24 22:23:05,2554067,4,战意之所在,Fate/stay night [Unlimited Blade Works] 第一季,1674473
吾王最可爱了,548.908,1,16777215,2024-08-24 22:14:02,2554067,4,战意之所在,Fate/stay night [Unlimited Blade Works] 第一季,1674473
企业级理解,247.854,1,16777215,2024-08-24 22:08:04,2554067,4,战意之所在,Fate/stay night [Unlimited Blade Works] 第一季,1674473
这可太对了,980.486,1,16776960,2024-08-24 19:39:08,2554067,4,战意之所在,Fate/stay night [Unlimited Blade Works] 第一季,1674473
宿敌就是宿敌口牙,221.037,1,16777215,2024-08-24 15:31:52,2554067,4,战意之所在,Fate/stay night [Unlimited Blade Works] 第一季,1674473
旦暮是懂用词的,1180.863,1,16777215,2024-08-24 15:04:53,2554067,4,战意之所在,Fate/stay night [Unlimited Blade Works] 第一季,1674473
我要黑化啦！,1054.284,1,16777215,2024-08-24 01:48:09,2554067,4,战意之所在,Fate/stay night [Unlimited Blade Works] 第一季,1674473
吾膳,258.296,5,16646914,2024-08-23 22:50:44,2554067,4,战意之所在,Fate/stay night [Unlimited Blade Works] 第一季,1674473
肉眼可见的开心,1132.946,5,16777215,2024-08-23 19:06:41,2554067,4,战意之所在,Fate/stay night [Unlimited Blade Works] 第一季,1674473
只有樱受伤的世界产生了,1018.053,1,16777215,2024-08-23 19:05:09,2554067,4,战意之所在,Fate/stay night [Unlimited Blade Works] 第一季,1674473
黑暗剑,500.353,1,16777215,2024-08-23 12:34:07,2554067,4,战意之所在,Fate/stay night [Unlimited Blade Works] 第一季,1674473
光合作用ing,296.055,1,38979,2024-08-23 00:37:55,2554067,4,战意之所在,Fate/stay night [Unlimited Blade Works] 第一季,1674473
大招,482.339,1,16777215,2024-08-22 21:12:29,2554067,4,战意之所在,Fate/stay night [Unlimited Blade Works] 第一季,1674473
龙之介,1283.494,1,16777215,2024-08-22 19:57:21,2554067,4,战意之所在,Fate/stay night [Unlimited Blade Works] 第一季,1674473
做梦让你飞起来,185.366,1,16777215,2024-08-22 16:08:35,2554067,4,战意之所在,Fate/stay night [Unlimited Blade Works] 第一季,1674473
吃醋了,1044.324,1,16777215,2024-08-22 10:52:28,2554067,4,战意之所在,Fate/stay night [Unlimited Blade Works] 第一季,1674473
年少不知R姐香,151.947,1,16777215,2024-08-22 09:00:37,2554067,4,战意之所在,Fate/stay night [Unlimited Blade Works] 第一季,1674473
年少不知R姐香,28.257,1,16777215,2024-08-22 09:00:06,2554067,4,战意之所在,Fate/stay night [Unlimited Blade Works] 第一季,1674473
下次亿定,1324.318,1,16777215,2024-08-22 01:54:33,2554067,4,战意之所在,Fate/stay night [Unlimited Blade Works] 第一季,1674473
走路没脚步，对学生来说是鬼,832.838,1,16777215,2024-08-21 20:54:36,2554067,4,战意之所在,Fate/stay night [Unlimited Blade Works] 第一季,1674473
这老师可以单挑从者，简直离谱,760.511,1,16777215,2024-08-21 19:40:44,2554067,4,战意之所在,Fate/stay night [Unlimited Blade Works] 第一季,1674473
红A：我可是Archer,931.781,1,16646914,2024-08-21 19:22:48,2554067,4,战意之所在,Fate/stay night [Unlimited Blade Works] 第一季,1674473
我这是在学英语吗,435.059,5,9487136,2024-08-20 17:14:21,2554067,4,战意之所在,Fate/stay night [Unlimited Blade Works] 第一季,1674473
嘟嘟哒嘟嘟哒,1161.625,1,16777215,2024-08-20 16:19:22,2554067,4,战意之所在,Fate/stay night [Unlimited Blade Works] 第一季,1674473
还真是,980.758,1,16777215,2024-08-20 01:51:19,2554067,4,战意之所在,Fate/stay night [Unlimited Blade Works] 第一季,1674473
士郎：我喜欢双刀,872.528,1,16777215,2024-08-20 00:04:26,2554067,4,战意之所在,Fate/stay night [Unlimited Blade Works] 第一季,1674473
吾王：好耶！！！,575.208,1,16777215,2024-08-19 23:58:51,2554067,4,战意之所在,Fate/stay night [Unlimited Blade Works] 第一季,1674473
06告诉我有个teacher,441.491,1,16777215,2024-08-19 23:56:34,2554067,4,战意之所在,Fate/stay night [Unlimited Blade Works] 第一季,1674473
还真是,981.982,1,16777215,2024-08-19 12:21:47,2554067,4,战意之所在,Fate/stay night [Unlimited Blade Works] 第一季,1674473
灌伤害就完事了,39.795,1,16777215,2024-08-18 23:51:36,2554067,4,战意之所在,Fate/stay night [Unlimited Blade Works] 第一季,1674473
你给路达油,453.393,1,16777215,2024-08-18 18:20:13,2554067,4,战意之所在,Fate/stay night [Unlimited Blade Works] 第一季,1674473
摄影师今天吃灯光师,28.451,1,16777215,2024-08-18 13:15:30,2554067,4,战意之所在,Fate/stay night [Unlimited Blade Works] 第一季,1674473
此乃谎言,1316.344,5,16646914,2024-08-18 02:49:27,2554067,4,战意之所在,Fate/stay night [Unlimited Blade Works] 第一季,1674473
这个是不是那个王妃,812.963,1,16777215,2024-08-18 00:13:49,2554067,4,战意之所在,Fate/stay night [Unlimited Blade Works] 第一季,1674473
万能瓦斯,572.011,1,16777215,2024-08-17 20:46:14,2554067,4,战意之所在,Fate/stay night [Unlimited Blade Works] 第一季,1674473
众知杯密,1197.553,1,16777215,2024-08-17 16:07:51,2554067,4,战意之所在,Fate/stay night [Unlimited Blade Works] 第一季,1674473
士郎真的很好啊,533.065,1,16777215,2024-08-17 13:44:26,2554067,4,战意之所在,Fate/stay night [Unlimited Blade Works] 第一季,1674473
石中剑,499.198,5,15138834,2024-08-17 06:15:10,2554067,4,战意之所在,Fate/stay night [Unlimited Blade Works] 第一季,1674473
日在圣杯是吧,1133.534,5,15138834,2024-08-16 14:22:56,2554067,4,战意之所在,Fate/stay night [Unlimited Blade Works] 第一季,1674473
哈哈哈,910.995,1,16777215,2024-08-16 11:17:28,2554067,4,战意之所在,Fate/stay night [Unlimited Blade Works] 第一季,1674473
金闪闪,438.129,1,16777215,2024-08-16 01:35:14,2554067,4,战意之所在,Fate/stay night [Unlimited Blade Works] 第一季,1674473
06版的时候你也是这么说的,1337.303,1,16777215,2024-08-15 13:21:47,2554067,4,战意之所在,Fate/stay night [Unlimited Blade Works] 第一季,1674473
＋－－－－－－－－－－－－－＋＊,838.339,1,16777215,2024-08-15 13:15:43,2554067,4,战意之所在,Fate/stay night [Unlimited Blade Works] 第一季,1674473
吾王美如画,309.286,1,16777215,2024-08-14 21:40:21,2554067,4,战意之所在,Fate/stay night [Unlimited Blade Works] 第一季,1674473
看饿了,1083.893,1,16777215,2024-08-14 10:30:38,2554067,4,战意之所在,Fate/stay night [Unlimited Blade Works] 第一季,1674473
快捡凶骨啊,1174.726,5,16777215,2024-08-14 05:35:06,2554067,4,战意之所在,Fate/stay night [Unlimited Blade Works] 第一季,1674473
吾王自身原因没法灵体化的,1043.848,1,16777215,2024-08-14 02:21:41,2554067,4,战意之所在,Fate/stay night [Unlimited Blade Works] 第一季,1674473
所以最强职介是teacher,405.671,1,16777215,2024-08-13 23:50:54,2554067,4,战意之所在,Fate/stay night [Unlimited Blade Works] 第一季,1674473
妈呀，做的饭还洗碗人善变人妻,1108.701,1,15138834,2024-08-13 23:46:54,2554067,4,战意之所在,Fate/stay night [Unlimited Blade Works] 第一季,1674473
修罗场,1129.547,1,16777215,2024-08-13 21:29:26,2554067,4,战意之所在,Fate/stay night [Unlimited Blade Works] 第一季,1674473
合理,1125.237,1,16777215,2024-08-13 21:29:06,2554067,4,战意之所在,Fate/stay night [Unlimited Blade Works] 第一季,1674473
上次也是这么说的,263.932,1,16777215,2024-08-13 21:05:58,2554067,4,战意之所在,Fate/stay night [Unlimited Blade Works] 第一季,1674473
都是瓦斯干的,576.383,1,16777215,2024-08-13 14:49:02,2554067,4,战意之所在,Fate/stay night [Unlimited Blade Works] 第一季,1674473
其实从眼睛里射出来更帅,1199.359,1,16777215,2024-08-13 12:06:48,2554067,4,战意之所在,Fate/stay night [Unlimited Blade Works] 第一季,1674473
看饿了,1077.041,1,16777215,2024-08-13 03:25:40,2554067,4,战意之所在,Fate/stay night [Unlimited Blade Works] 第一季,1674473
这话是真的,988.625,1,16777215,2024-08-12 23:13:12,2554067,4,战意之所在,Fate/stay night [Unlimited Blade Works] 第一季,1674473
士郎已经汗流浃背了吧,248.045,1,16777215,2024-08-12 18:18:54,2554067,4,战意之所在,Fate/stay night [Unlimited Blade Works] 第一季,1674473
白丝？,326.38,1,14811775,2024-08-11 23:35:31,2554067,4,战意之所在,Fate/stay night [Unlimited Blade Works] 第一季,1674473
我是剑骨头,169.874,5,16707842,2024-08-11 23:13:41,2554067,4,战意之所在,Fate/stay night [Unlimited Blade Works] 第一季,1674473
樱比吾王高诶（对不起）,1049.886,1,16777215,2024-08-11 20:22:59,2554067,4,战意之所在,Fate/stay night [Unlimited Blade Works] 第一季,1674473
食物特写,261.199,1,16777215,2024-08-11 17:04:35,2554067,4,战意之所在,Fate/stay night [Unlimited Blade Works] 第一季,1674473
卫宫家今天的饭,1064.826,1,16777215,2024-08-11 13:40:58,2554067,4,战意之所在,Fate/stay night [Unlimited Blade Works] 第一季,1674473
可恶的摄影师,38.334,1,16777215,2024-08-11 08:11:44,2554067,4,战意之所在,Fate/stay night [Unlimited Blade Works] 第一季,1674473
看门大爷即将上线,1238.239,1,16777215,2024-08-10 20:19:21,2554067,4,战意之所在,Fate/stay night [Unlimited Blade Works] 第一季,1674473
红A：没看剧本差点信了,1336.779,1,16777215,2024-08-10 18:51:47,2554067,4,战意之所在,Fate/stay night [Unlimited Blade Works] 第一季,1674473
这个女仆好眼熟,20.243,1,16777215,2024-08-10 15:19:50,2554067,4,战意之所在,Fate/stay night [Unlimited Blade Works] 第一季,1674473
屏幕前的你不用憋气,1213.55,1,16777215,2024-08-10 12:53:08,2554067,4,战意之所在,Fate/stay night [Unlimited Blade Works] 第一季,1674473
汤姆步伐,998.402,1,16777215,2024-08-10 12:13:17,2554067,4,战意之所在,Fate/stay night [Unlimited Blade Works] 第一季,1674473
骷髅兵,1187.979,1,16777215,2024-08-10 02:57:35,2554067,4,战意之所在,Fate/stay night [Unlimited Blade Works] 第一季,1674473
有礼貌的孩子,1054.365,1,16777215,2024-08-09 23:37:07,2554067,4,战意之所在,Fate/stay night [Unlimited Blade Works] 第一季,1674473
好萌,546.643,1,16777215,2024-08-09 23:27:01,2554067,4,战意之所在,Fate/stay night [Unlimited Blade Works] 第一季,1674473
露骨,1174.592,1,9033215,2024-08-09 20:57:37,2554067,4,战意之所在,Fate/stay night [Unlimited Blade Works] 第一季,1674473
……打就好好打，脸红个叼啊。想谈就去恋爱番啊,233.272,1,38979,2024-08-09 07:56:48,2554067,4,战意之所在,Fate/stay night [Unlimited Blade Works] 第一季,1674473
职介:teacher 体术：正常人类里A,749.905,1,16777215,2024-08-08 20:58:19,2554067,4,战意之所在,Fate/stay night [Unlimited Blade Works] 第一季,1674473
.0,965.398,1,16777215,2024-08-08 18:15:05,2554067,4,战意之所在,Fate/stay night [Unlimited Blade Works] 第一季,1674473
我有魔阴身！,329.606,1,16777215,2024-08-08 16:48:38,2554067,4,战意之所在,Fate/stay night [Unlimited Blade Works] 第一季,1674473
看呆了,674.441,1,16777215,2024-08-08 15:07:59,2554067,4,战意之所在,Fate/stay night [Unlimited Blade Works] 第一季,1674473
亚瑟王,545.041,1,16777215,2024-08-08 15:05:44,2554067,4,战意之所在,Fate/stay night [Unlimited Blade Works] 第一季,1674473
大英雄，上啊！,473.257,1,16777215,2024-08-08 11:35:56,2554067,4,战意之所在,Fate/stay night [Unlimited Blade Works] 第一季,1674473
想起了真男人（石上）,617.039,1,16777215,2024-08-08 11:12:36,2554067,4,战意之所在,Fate/stay night [Unlimited Blade Works] 第一季,1674473
teacher,798.358,1,16777215,2024-08-07 20:28:42,2554067,4,战意之所在,Fate/stay night [Unlimited Blade Works] 第一季,1674473
御坂美琴制作,156.753,1,16777215,2024-08-07 20:14:25,2554067,4,战意之所在,Fate/stay night [Unlimited Blade Works] 第一季,1674473
大帝: 。。。。。。。,389.8,1,16777215,2024-08-07 19:45:04,2554067,4,战意之所在,Fate/stay night [Unlimited Blade Works] 第一季,1674473
醋坛子炸了,1157.815,1,16777215,2024-08-07 15:05:02,2554067,4,战意之所在,Fate/stay night [Unlimited Blade Works] 第一季,1674473
=.=,1041.853,1,16777215,2024-08-07 13:42:47,2554067,4,战意之所在,Fate/stay night [Unlimited Blade Works] 第一季,1674473
弦音！！,913.319,1,15138834,2024-08-07 12:17:58,2554067,4,战意之所在,Fate/stay night [Unlimited Blade Works] 第一季,1674473
其实saber阶职的对魔力和骑乘技能相对也都比较高,443.922,5,15138834,2024-08-07 11:29:17,2554067,4,战意之所在,Fate/stay night [Unlimited Blade Works] 第一季,1674473
肾悲战争,1154.301,1,16777215,2024-08-07 10:33:17,2554067,4,战意之所在,Fate/stay night [Unlimited Blade Works] 第一季,1674473
露骨的怪兽,1191.31,1,16777215,2024-08-07 09:16:00,2554067,4,战意之所在,Fate/stay night [Unlimited Blade Works] 第一季,1674473
要碎了,1161.743,1,16777215,2024-08-07 09:15:14,2554067,4,战意之所在,Fate/stay night [Unlimited Blade Works] 第一季,1674473
吃醋了,1070.905,1,16777215,2024-08-07 09:14:22,2554067,4,战意之所在,Fate/stay night [Unlimited Blade Works] 第一季,1674473
还  真  是,980.547,5,16777215,2024-08-07 03:18:47,2554067,4,战意之所在,Fate/stay night [Unlimited Blade Works] 第一季,1674473
食物特写,258.707,5,16777215,2024-08-07 03:06:30,2554067,4,战意之所在,Fate/stay night [Unlimited Blade Works] 第一季,1674473
吾辈楷模,247.187,1,16777215,2024-08-07 03:06:06,2554067,4,战意之所在,Fate/stay night [Unlimited Blade Works] 第一季,1674473
体术老师,813.085,1,16777215,2024-08-07 00:54:07,2554067,4,战意之所在,Fate/stay night [Unlimited Blade Works] 第一季,1674473
哇，好露骨,1175.063,1,16777215,2024-08-06 20:34:48,2554067,4,战意之所在,Fate/stay night [Unlimited Blade Works] 第一季,1674473
无声的战争啊,1141.353,1,16777215,2024-08-06 20:34:15,2554067,4,战意之所在,Fate/stay night [Unlimited Blade Works] 第一季,1674473
大不列颠吃货王上线,1079.721,1,16777215,2024-08-06 20:33:13,2554067,4,战意之所在,Fate/stay night [Unlimited Blade Works] 第一季,1674473
吾王美如画！！！,309.524,1,15138834,2024-08-06 11:25:51,2554067,4,战意之所在,Fate/stay night [Unlimited Blade Works] 第一季,1674473
还得是teacher的职阶高啊,785.415,1,16777215,2024-08-05 14:47:46,2554067,4,战意之所在,Fate/stay night [Unlimited Blade Works] 第一季,1674473
巧了,980.989,1,16777215,2024-08-05 12:10:25,2554067,4,战意之所在,Fate/stay night [Unlimited Blade Works] 第一季,1674473
哇子卡那卡,1355.728,1,16777215,2024-08-05 02:11:57,2554067,4,战意之所在,Fate/stay night [Unlimited Blade Works] 第一季,1674473
哇靠，好漂亮的菜画得,1059.278,1,16777215,2024-08-04 22:05:52,2554067,4,战意之所在,Fate/stay night [Unlimited Blade Works] 第一季,1674473
所以啊，历史要学好，不然想参加都参加不了,495.992,1,16777215,2024-08-04 20:06:24,2554067,4,战意之所在,Fate/stay night [Unlimited Blade Works] 第一季,1674473
还有eater,438.355,1,16777215,2024-08-04 14:45:58,2554067,4,战意之所在,Fate/stay night [Unlimited Blade Works] 第一季,1674473
车巨,1194.257,1,16777215,2024-08-04 12:56:50,2554067,4,战意之所在,Fate/stay night [Unlimited Blade Works] 第一季,1674473
[前方高能],51.975,1,15138834,2024-08-04 00:15:24,2554067,4,战意之所在,Fate/stay night [Unlimited Blade Works] 第一季,1674473
[前方高能],46.367,1,15138834,2024-08-04 00:15:15,2554067,4,战意之所在,Fate/stay night [Unlimited Blade Works] 第一季,1674473
Saber：我想劈了它,389.777,1,16707842,2024-08-04 00:13:19,2554067,4,战意之所在,Fate/stay night [Unlimited Blade Works] 第一季,1674473
蜜汁脸红,228.927,1,16777215,2024-08-03 22:20:15,2554067,4,战意之所在,Fate/stay night [Unlimited Blade Works] 第一季,1674473
我服了，又是平平无奇大型后宫现场，毫无新意。。。。,1148.343,1,16777215,2024-08-03 18:03:42,2554067,4,战意之所在,Fate/stay night [Unlimited Blade Works] 第一季,1674473
原来是这个露骨,1202.966,1,16777215,2024-08-03 17:57:45,2554067,4,战意之所在,Fate/stay night [Unlimited Blade Works] 第一季,1674473
马上打脸,1322.129,1,16777215,2024-08-03 15:42:44,2554067,4,战意之所在,Fate/stay night [Unlimited Blade Works] 第一季,1674473
这哪是凛线啊哈哈哈,872.869,5,15138834,2024-08-03 13:05:01,2554067,4,战意之所在,Fate/stay night [Unlimited Blade Works] 第一季,1674473
樱不了的,1110.517,5,16777215,2024-08-03 08:20:31,2554067,4,战意之所在,Fate/stay night [Unlimited Blade Works] 第一季,1674473
让我想起了某位妹妹,582.689,1,16777215,2024-08-03 04:51:41,2554067,4,战意之所在,Fate/stay night [Unlimited Blade Works] 第一季,1674473
（底牌）,1274.794,1,16777215,2024-08-02 23:45:45,2554067,4,战意之所在,Fate/stay night [Unlimited Blade Works] 第一季,1674473
巴条和两仪,956.774,1,16777215,2024-08-02 21:44:18,2554067,4,战意之所在,Fate/stay night [Unlimited Blade Works] 第一季,1674473
你猜对了,977.883,1,16777215,2024-08-02 20:48:43,2554067,4,战意之所在,Fate/stay night [Unlimited Blade Works] 第一季,1674473
知道了，阿尔托莉雅,528.145,1,16777215,2024-08-02 20:27:07,2554067,4,战意之所在,Fate/stay night [Unlimited Blade Works] 第一季,1674473
与06有点不一样,196.007,1,16777215,2024-08-02 20:19:13,2554067,4,战意之所在,Fate/stay night [Unlimited Blade Works] 第一季,1674473
我看成了失恋,1253.501,1,15138834,2024-08-02 19:07:18,2554067,4,战意之所在,Fate/stay night [Unlimited Blade Works] 第一季,1674473
大河一个英语老师不知道saber什么意思,1056.263,1,16777215,2024-08-02 12:33:01,2554067,4,战意之所在,Fate/stay night [Unlimited Blade Works] 第一季,1674473
到呆毛王最爱的环节了,580.008,1,16777215,2024-08-02 03:33:50,2554067,4,战意之所在,Fate/stay night [Unlimited Blade Works] 第一季,1674473
开始了驯服过程,593.049,1,16777215,2024-08-01 22:17:16,2554067,4,战意之所在,Fate/stay night [Unlimited Blade Works] 第一季,1674473
樱为什么一直来男主家来着？,1096.425,1,16777215,2024-08-01 21:05:46,2554067,4,战意之所在,Fate/stay night [Unlimited Blade Works] 第一季,1674473
R姐,454.279,1,16777215,2024-08-01 20:35:12,2554067,4,战意之所在,Fate/stay night [Unlimited Blade Works] 第一季,1674473
底牌=底牌x1000,1274.662,1,16707842,2024-08-01 20:01:48,2554067,4,战意之所在,Fate/stay night [Unlimited Blade Works] 第一季,1674473
god father,454.077,1,16777215,2024-08-01 08:11:15,2554067,4,战意之所在,Fate/stay night [Unlimited Blade Works] 第一季,1674473
这是麻婆恶趣味给的不符合凛喜好的衣服,544.835,1,16777215,2024-07-31 23:40:57,2554067,4,战意之所在,Fate/stay night [Unlimited Blade Works] 第一季,1674473
征服王: 这丫头还没醒悟啊,382.637,5,16707842,2024-07-31 13:51:05,2554067,4,战意之所在,Fate/stay night [Unlimited Blade Works] 第一季,1674473
八职介teacher,747.353,5,15138834,2024-07-31 06:53:18,2554067,4,战意之所在,Fate/stay night [Unlimited Blade Works] 第一季,1674473
上一次你也是这么说的,1320.697,1,16707842,2024-07-31 03:56:21,2554067,4,战意之所在,Fate/stay night [Unlimited Blade Works] 第一季,1674473
嘛?,243.755,1,16707842,2024-07-31 03:32:12,2554067,4,战意之所在,Fate/stay night [Unlimited Blade Works] 第一季,1674473
不出意外应该就要出意外了,673.269,1,16777215,2024-07-30 21:08:15,2554067,4,战意之所在,Fate/stay night [Unlimited Blade Works] 第一季,1674473
不战斗就无法生存,1165.503,1,16777215,2024-07-30 20:41:00,2554067,4,战意之所在,Fate/stay night [Unlimited Blade Works] 第一季,1674473
树子唱得好,151.306,1,15138834,2024-07-30 18:08:59,2554067,4,战意之所在,Fate/stay night [Unlimited Blade Works] 第一季,1674473
太小了，觉得无所谓啦,55.182,1,16777215,2024-07-30 17:35:05,2554067,4,战意之所在,Fate/stay night [Unlimited Blade Works] 第一季,1674473
最强职阶：teacher！！！！,746.542,1,16777215,2024-07-30 11:58:32,2554067,4,战意之所在,Fate/stay night [Unlimited Blade Works] 第一季,1674473
我的teacher呢？？！,443.031,1,16777215,2024-07-30 11:51:47,2554067,4,战意之所在,Fate/stay night [Unlimited Blade Works] 第一季,1674473
摩托车:啊米诺斯,996.663,1,16777215,2024-07-30 07:27:10,2554067,4,战意之所在,Fate/stay night [Unlimited Blade Works] 第一季,1674473
……士郎…,248.687,1,16777215,2024-07-30 01:21:22,2554067,4,战意之所在,Fate/stay night [Unlimited Blade Works] 第一季,1674473
原来红W是这样练成的,891.461,1,15138834,2024-07-30 01:06:51,2554067,4,战意之所在,Fate/stay night [Unlimited Blade Works] 第一季,1674473
你不告诉士郎但我知道,527.578,1,11890,2024-07-30 01:00:13,2554067,4,战意之所在,Fate/stay night [Unlimited Blade Works] 第一季,1674473
万恶之源万恶之源,428.755,1,16777215,2024-07-30 00:57:41,2554067,4,战意之所在,Fate/stay night [Unlimited Blade Works] 第一季,1674473
三个女人一台戏,1079.879,1,14811775,2024-07-30 00:48:57,2554067,4,战意之所在,Fate/stay night [Unlimited Blade Works] 第一季,1674473
骷髅打金服,1198.719,1,16777215,2024-07-29 22:34:37,2554067,4,战意之所在,Fate/stay night [Unlimited Blade Works] 第一季,1674473
还真是,980.659,1,16777215,2024-07-29 22:22:18,2554067,4,战意之所在,Fate/stay night [Unlimited Blade Works] 第一季,1674473
饥饿是敌人,589.817,1,16777215,2024-07-29 20:57:38,2554067,4,战意之所在,Fate/stay night [Unlimited Blade Works] 第一季,1674473
你姓卫宫！？,535.463,1,16777215,2024-07-29 19:30:25,2554067,4,战意之所在,Fate/stay night [Unlimited Blade Works] 第一季,1674473
shi可以放宝具了,752.281,1,16707842,2024-07-29 15:02:59,2554067,4,战意之所在,Fate/stay night [Unlimited Blade Works] 第一季,1674473
后宫的的瓦斯泄露了,1132.123,1,16777215,2024-07-29 14:30:00,2554067,4,战意之所在,Fate/stay night [Unlimited Blade Works] 第一季,1674473
樱：头上长草了,685.286,1,52480,2024-07-29 14:19:29,2554067,4,战意之所在,Fate/stay night [Unlimited Blade Works] 第一季,1674473
那金闪闪是个啥？,481.447,1,15138834,2024-07-29 14:05:41,2554067,4,战意之所在,Fate/stay night [Unlimited Blade Works] 第一季,1674473
金闪闪！,440.681,1,16707842,2024-07-29 14:02:22,2554067,4,战意之所在,Fate/stay night [Unlimited Blade Works] 第一季,1674473
吃醋了,688.721,5,16777215,2024-07-29 10:25:31,2554067,4,战意之所在,Fate/stay night [Unlimited Blade Works] 第一季,1674473
嘟嘟哒嘟嘟哒,1159.481,1,15138834,2024-07-29 02:51:07,2554067,4,战意之所在,Fate/stay night [Unlimited Blade Works] 第一季,1674473
四个人吃的比我家六个人吃的都多……,1079.973,1,16777215,2024-07-29 00:50:20,2554067,4,战意之所在,Fate/stay night [Unlimited Blade Works] 第一季,1674473
还要救大不列颠,378.343,1,16740868,2024-07-28 23:00:24,2554067,4,战意之所在,Fate/stay night [Unlimited Blade Works] 第一季,1674473
她好可爱啊！！！,357.927,1,16777215,2024-07-28 22:01:23,2554067,4,战意之所在,Fate/stay night [Unlimited Blade Works] 第一季,1674473
简称读条,496.638,5,16776960,2024-07-28 17:26:17,2554067,4,战意之所在,Fate/stay night [Unlimited Blade Works] 第一季,1674473
卫宫家今天的饭！好耶,540.915,1,16777215,2024-07-28 15:31:39,2554067,4,战意之所在,Fate/stay night [Unlimited Blade Works] 第一季,1674473
看到竹刀了,298.721,1,15138834,2024-07-28 00:57:25,2554067,4,战意之所在,Fate/stay night [Unlimited Blade Works] 第一季,1674473
你是我的心头肉,244.228,1,15138834,2024-07-28 00:56:22,2554067,4,战意之所在,Fate/stay night [Unlimited Blade Works] 第一季,1674473
远房亲戚！,723.715,1,16777215,2024-07-27 21:17:01,2554067,4,战意之所在,Fate/stay night [Unlimited Blade Works] 第一季,1674473
压迫感拉满了,795.218,1,16777215,2024-07-27 15:56:41,2554067,4,战意之所在,Fate/stay night [Unlimited Blade Works] 第一季,1674473
后期更没机会了,1322.558,1,16777215,2024-07-27 13:46:36,2554067,4,战意之所在,Fate/stay night [Unlimited Blade Works] 第一季,1674473
主线开启,539.252,1,16777215,2024-07-27 11:13:22,2554067,4,战意之所在,Fate/stay night [Unlimited Blade Works] 第一季,1674473
682？？,1185.423,1,16777215,2024-07-27 08:13:43,2554067,4,战意之所在,Fate/stay night [Unlimited Blade Works] 第一季,1674473
...,198.866,1,16777215,2024-07-27 07:38:10,2554067,4,战意之所在,Fate/stay night [Unlimited Blade Works] 第一季,1674473
巧了，还真是,981.875,1,16777215,2024-07-26 16:23:00,2554067,4,战意之所在,Fate/stay night [Unlimited Blade Works] 第一季,1674473
东木拳王,749.454,1,16777215,2024-07-26 16:10:43,2554067,4,战意之所在,Fate/stay night [Unlimited Blade Works] 第一季,1674473
小小的也很可爱,55.279,1,16777215,2024-07-26 11:53:44,2554067,4,战意之所在,Fate/stay night [Unlimited Blade Works] 第一季,1674473
无限剑制！,167.845,1,16777215,2024-07-26 10:41:56,2554067,4,战意之所在,Fate/stay night [Unlimited Blade Works] 第一季,1674473
樱应该巴不得不回家吧,1154.119,1,16777215,2024-07-26 09:53:08,2554067,4,战意之所在,Fate/stay night [Unlimited Blade Works] 第一季,1674473
下次一定,1307.042,1,16777215,2024-07-26 08:44:38,2554067,4,战意之所在,Fate/stay night [Unlimited Blade Works] 第一季,1674473
不回弓道部，直接当弓兵去了,896.099,1,16777215,2024-07-26 01:53:05,2554067,4,战意之所在,Fate/stay night [Unlimited Blade Works] 第一季,1674473
我勒个露骨啊,1162.091,1,16777215,2024-07-25 17:50:50,2554067,4,战意之所在,Fate/stay night [Unlimited Blade Works] 第一季,1674473
这个树和石头唱的好啊,152.776,1,16777215,2024-07-24 16:52:51,2554067,4,战意之所在,Fate/stay night [Unlimited Blade Works] 第一季,1674473
正主在此,1155.354,5,15138834,2024-07-24 14:40:12,2554067,4,战意之所在,Fate/stay night [Unlimited Blade Works] 第一季,1674473
战场上禁止发晴,373.709,5,16707842,2024-07-24 14:29:24,2554067,4,战意之所在,Fate/stay night [Unlimited Blade Works] 第一季,1674473
好强。。。帅帅的,1199.049,1,16777215,2024-07-24 10:50:04,2554067,4,战意之所在,Fate/stay night [Unlimited Blade Works] 第一季,1674473
这个没有光的眼睛,746.835,1,16777215,2024-07-24 10:41:42,2554067,4,战意之所在,Fate/stay night [Unlimited Blade Works] 第一季,1674473
那就使用闪耀于终焉之枪,454.638,5,16776960,2024-07-24 00:24:17,2554067,4,战意之所在,Fate/stay night [Unlimited Blade Works] 第一季,1674473
魔女的余香,1214.953,1,16777215,2024-07-23 20:59:00,2554067,4,战意之所在,Fate/stay night [Unlimited Blade Works] 第一季,1674473
问为什么682没有把肉长出来？,1184.817,1,16777215,2024-07-23 19:03:18,2554067,4,战意之所在,Fate/stay night [Unlimited Blade Works] 第一季,1674473
coser呢？,448.419,1,16777215,2024-07-23 18:44:42,2554067,4,战意之所在,Fate/stay night [Unlimited Blade Works] 第一季,1674473
好机会,26.167,1,15138834,2024-07-23 18:14:59,2554067,4,战意之所在,Fate/stay night [Unlimited Blade Works] 第一季,1674473
太露骨了，小孩不能看,1163.782,5,16777215,2024-07-23 15:37:39,2554067,4,战意之所在,Fate/stay night [Unlimited Blade Works] 第一季,1674473
这不纯纯明日香吗,1237.749,5,15138834,2024-07-23 14:18:06,2554067,4,战意之所在,Fate/stay night [Unlimited Blade Works] 第一季,1674473
樱:丸辣,686.667,5,16777215,2024-07-23 09:29:25,2554067,4,战意之所在,Fate/stay night [Unlimited Blade Works] 第一季,1674473
你父亲他们可不这么想,243.967,1,16777215,2024-07-22 22:26:01,2554067,4,战意之所在,Fate/stay night [Unlimited Blade Works] 第一季,1674473
大帝！！！,428.922,5,15138834,2024-07-22 22:11:21,2554067,4,战意之所在,Fate/stay night [Unlimited Blade Works] 第一季,1674473
打伊利亚的时候可不是这么说的奥,236.478,1,16777215,2024-07-22 19:33:22,2554067,4,战意之所在,Fate/stay night [Unlimited Blade Works] 第一季,1674473
修罗场,682.513,1,16777215,2024-07-22 16:50:25,2554067,4,战意之所在,Fate/stay night [Unlimited Blade Works] 第一季,1674473
在06版谁看到吾王不叫爹，06版吾王杀了5个,1309.368,1,16777215,2024-07-22 14:55:35,2554067,4,战意之所在,Fate/stay night [Unlimited Blade Works] 第一季,1674473
吾王美如画,317.498,1,16777215,2024-07-22 13:39:51,2554067,4,战意之所在,Fate/stay night [Unlimited Blade Works] 第一季,1674473
桌子终于圆满了一回,1072.687,1,16777215,2024-07-22 10:38:13,2554067,4,战意之所在,Fate/stay night [Unlimited Blade Works] 第一季,1674473
为什么不隐身啊？,654.191,1,16777215,2024-07-22 10:31:51,2554067,4,战意之所在,Fate/stay night [Unlimited Blade Works] 第一季,1674473
100%露骨,1192.167,1,16777215,2024-07-22 09:51:06,2554067,4,战意之所在,Fate/stay night [Unlimited Blade Works] 第一季,1674473
士郎：我自己上呗,455.578,1,16777215,2024-07-22 00:21:29,2554067,4,战意之所在,Fate/stay night [Unlimited Blade Works] 第一季,1674473
祖传saber,979.375,1,16707842,2024-07-21 20:17:29,2554067,4,战意之所在,Fate/stay night [Unlimited Blade Works] 第一季,1674473
守庙人老哥,439.124,1,16777215,2024-07-21 17:20:53,2554067,4,战意之所在,Fate/stay night [Unlimited Blade Works] 第一季,1674473
06版成两半了,211.92,1,16777215,2024-07-21 17:16:20,2554067,4,战意之所在,Fate/stay night [Unlimited Blade Works] 第一季,1674473
是什么蒙蔽了我的双眼,56.225,1,16777215,2024-07-21 16:33:27,2554067,4,战意之所在,Fate/stay night [Unlimited Blade Works] 第一季,1674473
人民教师,744.156,1,16777215,2024-07-21 16:22:07,2554067,4,战意之所在,Fate/stay night [Unlimited Blade Works] 第一季,1674473
a红,282.662,1,16777215,2024-07-21 16:16:46,2554067,4,战意之所在,Fate/stay night [Unlimited Blade Works] 第一季,1674473
卫宫家的饭,601.282,1,16777215,2024-07-21 15:35:33,2554067,4,战意之所在,Fate/stay night [Unlimited Blade Works] 第一季,1674473
三个女人一台戏,1083.549,1,16777215,2024-07-21 14:03:58,2554067,4,战意之所在,Fate/stay night [Unlimited Blade Works] 第一季,1674473
你不会隐身吗？,634.589,1,16777215,2024-07-21 13:56:20,2554067,4,战意之所在,Fate/stay night [Unlimited Blade Works] 第一季,1674473
说词啊,1083.848,1,16777215,2024-07-21 13:42:29,2554067,4,战意之所在,Fate/stay night [Unlimited Blade Works] 第一季,1674473
直  死  之  魔  眼,934.514,1,16777215,2024-07-21 12:04:50,2554067,4,战意之所在,Fate/stay night [Unlimited Blade Works] 第一季,1674473
底牌王,1285.822,1,16777215,2024-07-21 09:03:31,2554067,4,战意之所在,Fate/stay night [Unlimited Blade Works] 第一季,1674473
两仪式和臙条巴,711.25,1,16707842,2024-07-21 01:58:51,2554067,4,战意之所在,Fate/stay night [Unlimited Blade Works] 第一季,1674473
俯瞰风景,560.754,1,16707842,2024-07-21 01:56:49,2554067,4,战意之所在,Fate/stay night [Unlimited Blade Works] 第一季,1674473
卫宫家的饭,556.421,1,16777215,2024-07-20 19:19:40,2554067,4,战意之所在,Fate/stay night [Unlimited Blade Works] 第一季,1674473
所有事情都可以瓦斯泄露来解释,571.053,1,16777215,2024-07-20 17:51:46,2554067,4,战意之所在,Fate/stay night [Unlimited Blade Works] 第一季,1674473
来到天堂了,584.822,1,16777215,2024-07-20 15:29:16,2554067,4,战意之所在,Fate/stay night [Unlimited Blade Works] 第一季,1674473
大家别急，一勺一勺的来,35.277,5,15138834,2024-07-20 14:35:24,2554067,4,战意之所在,Fate/stay night [Unlimited Blade Works] 第一季,1674473
不列颠干饭王,597.405,1,16777215,2024-07-20 14:03:07,2554067,4,战意之所在,Fate/stay night [Unlimited Blade Works] 第一季,1674473
这就是校园生活么,1391.97,1,16777215,2024-07-20 13:52:29,2554067,4,战意之所在,Fate/stay night [Unlimited Blade Works] 第一季,1674473
你是真的会骗啊,1307.913,1,16777215,2024-07-20 13:51:05,2554067,4,战意之所在,Fate/stay night [Unlimited Blade Works] 第一季,1674473
这是个啥底牌啊,1287.21,1,16777215,2024-07-20 13:50:44,2554067,4,战意之所在,Fate/stay night [Unlimited Blade Works] 第一季,1674473
这就要见老师了么’,1255.196,1,16777215,2024-07-20 13:50:12,2554067,4,战意之所在,Fate/stay night [Unlimited Blade Works] 第一季,1674473
这做的是真好啊,1204.715,1,16777215,2024-07-20 13:49:22,2554067,4,战意之所在,Fate/stay night [Unlimited Blade Works] 第一季,1674473
这可真是太可靠啦,1148.817,1,16777215,2024-07-20 13:48:26,2554067,4,战意之所在,Fate/stay night [Unlimited Blade Works] 第一季,1674473
这下完啦,1122.842,1,16777215,2024-07-20 13:48:00,2554067,4,战意之所在,Fate/stay night [Unlimited Blade Works] 第一季,1674473
完啦,996.141,1,16777215,2024-07-20 13:45:53,2554067,4,战意之所在,Fate/stay night [Unlimited Blade Works] 第一季,1674473
这是真的会藏啊,802.951,1,16777215,2024-07-20 13:41:46,2554067,4,战意之所在,Fate/stay night [Unlimited Blade Works] 第一季,1674473
这就是teacher啊,754.881,1,16777215,2024-07-20 13:40:58,2554067,4,战意之所在,Fate/stay night [Unlimited Blade Works] 第一季,1674473
这就有点难办了啊,733.225,1,16777215,2024-07-20 13:40:36,2554067,4,战意之所在,Fate/stay night [Unlimited Blade Works] 第一季,1674473
这是笑死,698.148,1,16777215,2024-07-20 13:40:01,2554067,4,战意之所在,Fate/stay night [Unlimited Blade Works] 第一季,1674473
家被偷了,688.659,1,16777215,2024-07-20 13:39:52,2554067,4,战意之所在,Fate/stay night [Unlimited Blade Works] 第一季,1674473
这还真是心大啊,675.46,1,16777215,2024-07-20 13:39:39,2554067,4,战意之所在,Fate/stay night [Unlimited Blade Works] 第一季,1674473
我懂，瓦斯泄露啊,575.876,1,16777215,2024-07-20 13:37:59,2554067,4,战意之所在,Fate/stay night [Unlimited Blade Works] 第一季,1674473
这就是萌王么,538.973,1,16777215,2024-07-20 13:37:17,2554067,4,战意之所在,Fate/stay night [Unlimited Blade Works] 第一季,1674473
这真的是一家人么,366.965,1,16777215,2024-07-20 13:34:14,2554067,4,战意之所在,Fate/stay night [Unlimited Blade Works] 第一季,1674473
这就是傲娇啊,241.719,1,16777215,2024-07-20 13:32:09,2554067,4,战意之所在,Fate/stay night [Unlimited Blade Works] 第一季,1674473
这话说的,204.571,1,16777215,2024-07-20 13:31:32,2554067,4,战意之所在,Fate/stay night [Unlimited Blade Works] 第一季,1674473
摄影师绝对是故意的啊,71.66,1,16777215,2024-07-20 12:40:14,2554067,4,战意之所在,Fate/stay night [Unlimited Blade Works] 第一季,1674473
简直就是公主行为,842.927,1,16777215,2024-07-20 11:06:15,2554067,4,战意之所在,Fate/stay night [Unlimited Blade Works] 第一季,1674473
五麦！！！,1066.305,1,16777215,2024-07-20 05:17:44,2554067,4,战意之所在,Fate/stay night [Unlimited Blade Works] 第一季,1674473
后宫生活是吧,1128.172,1,16777215,2024-07-20 03:05:08,2554067,4,战意之所在,Fate/stay night [Unlimited Blade Works] 第一季,1674473
神。。底牌,1277.973,1,16777215,2024-07-20 00:10:24,2554067,4,战意之所在,Fate/stay night [Unlimited Blade Works] 第一季,1674473
一语中的,981.651,1,16777215,2024-07-20 00:00:12,2554067,4,战意之所在,Fate/stay night [Unlimited Blade Works] 第一季,1674473
出现了，teacher,734.753,1,16777215,2024-07-19 23:54:18,2554067,4,战意之所在,Fate/stay night [Unlimited Blade Works] 第一季,1674473
瓦斯泄露（）,564.478,1,16777215,2024-07-19 23:45:20,2554067,4,战意之所在,Fate/stay night [Unlimited Blade Works] 第一季,1674473
一成其实很喜欢凛,1372.558,1,16777215,2024-07-18 16:31:12,2554067,4,战意之所在,Fate/stay night [Unlimited Blade Works] 第一季,1674473
C妈只杀死了她的御主，没杀过普通人,1260.349,1,16777215,2024-07-18 16:29:20,2554067,4,战意之所在,Fate/stay night [Unlimited Blade Works] 第一季,1674473
为啥士郎这么岁月静好？因为凛这几天一直在负重前行,1160.979,1,16777215,2024-07-18 16:26:46,2554067,4,战意之所在,Fate/stay night [Unlimited Blade Works] 第一季,1674473
士郎的投影应该可以强化自我,905.776,1,16777215,2024-07-18 16:20:10,2554067,4,战意之所在,Fate/stay night [Unlimited Blade Works] 第一季,1674473
问题是老师教语文的，不教体育,833.337,1,16777215,2024-07-18 16:18:38,2554067,4,战意之所在,Fate/stay night [Unlimited Blade Works] 第一季,1674473
saber似乎是不会魔术吧！,452.811,1,16777215,2024-07-18 16:07:40,2554067,4,战意之所在,Fate/stay night [Unlimited Blade Works] 第一季,1674473
还好换了个老师,390.301,1,16777215,2024-07-18 16:06:31,2554067,4,战意之所在,Fate/stay night [Unlimited Blade Works] 第一季,1674473
士郎只要看到红A战斗的样子就会成长迅速,168.932,1,16777215,2024-07-18 16:02:27,2554067,4,战意之所在,Fate/stay night [Unlimited Blade Works] 第一季,1674473
草率了，这谁的线啊,1119.858,1,15138834,2024-07-18 09:41:34,2554067,4,战意之所在,Fate/stay night [Unlimited Blade Works] 第一季,1674473
泪水模糊了了我的双眼,32.319,1,16777215,2024-07-18 09:19:05,2554067,4,战意之所在,Fate/stay night [Unlimited Blade Works] 第一季,1674473
老乡见老乡,744.988,1,16777215,2024-07-18 03:35:14,2554067,4,战意之所在,Fate/stay night [Unlimited Blade Works] 第一季,1674473
06没樱还有点小遗憾，现在好啦ヽ(￣▽￣)و,1134.312,1,16777215,2024-07-17 23:19:49,2554067,4,战意之所在,Fate/stay night [Unlimited Blade Works] 第一季,1674473
果然还是自己了解自己,1311.438,1,16777215,2024-07-17 13:24:32,2554067,4,战意之所在,Fate/stay night [Unlimited Blade Works] 第一季,1674473
coke,441.738,5,15138834,2024-07-15 22:18:49,2554067,4,战意之所在,Fate/stay night [Unlimited Blade Works] 第一季,1674473
teacher!!!!!,435.086,1,16777215,2024-07-15 11:28:46,2554067,4,战意之所在,Fate/stay night [Unlimited Blade Works] 第一季,1674473
driver,436.711,1,16777215,2024-07-15 10:48:18,2554067,4,战意之所在,Fate/stay night [Unlimited Blade Works] 第一季,1674473
还有金闪闪,436.493,5,14811775,2024-07-14 07:30:52,2554067,4,战意之所在,Fate/stay night [Unlimited Blade Works] 第一季,1674473
.-,382.248,1,16777215,2024-07-13 20:28:20,2554067,4,战意之所在,Fate/stay night [Unlimited Blade Works] 第一季,1674473
大蛇丸老师？,759.534,1,16777215,2024-07-13 14:28:09,2554067,4,战意之所在,Fate/stay night [Unlimited Blade Works] 第一季,1674473
UBW就是红A宝具无限剑制的意思,160.348,1,16777215,2024-07-12 21:07:44,2554067,4,战意之所在,Fate/stay night [Unlimited Blade Works] 第一季,1674473
teacher,764.572,1,16777215,2024-07-12 13:16:11,2554067,4,战意之所在,Fate/stay night [Unlimited Blade Works] 第一季,1674473
卫宫家的饭,538.694,1,16707842,2024-07-11 18:41:47,2554067,4,战意之所在,Fate/stay night [Unlimited Blade Works] 第一季,1674473
亚瑟,507.668,1,16707842,2024-07-11 18:41:08,2554067,4,战意之所在,Fate/stay night [Unlimited Blade Works] 第一季,1674473
冬木没有监控,1199.23,1,16777215,2024-07-10 23:06:31,2554067,4,战意之所在,Fate/stay night [Unlimited Blade Works] 第一季,1674473
别硬磕啊.村藤其实算是监护人一样,1158.761,1,16777215,2024-07-10 22:26:28,2554067,4,战意之所在,Fate/stay night [Unlimited Blade Works] 第一季,1674473
雪王属于哪个职级,432.192,1,16777215,2024-07-10 20:39:10,2554067,4,战意之所在,Fate/stay night [Unlimited Blade Works] 第一季,1674473
麻婆给凛的2333,548.456,1,16777215,2024-07-10 18:19:51,2554067,4,战意之所在,Fate/stay night [Unlimited Blade Works] 第一季,1674473
愉悦！,930.161,1,16777215,2024-07-10 11:15:26,2554067,4,战意之所在,Fate/stay night [Unlimited Blade Works] 第一季,1674473
B叔只要不是在一场战斗中一次性用掉9条命就是无敌的,57.065,1,16777215,2024-07-09 21:00:49,2554067,4,战意之所在,Fate/stay night [Unlimited Blade Works] 第一季,1674473
那里有？,165.957,1,16777215,2024-07-09 19:15:05,2554067,4,战意之所在,Fate/stay night [Unlimited Blade Works] 第一季,1674473
杀气,252.426,1,16777215,2024-07-09 15:26:04,2554067,4,战意之所在,Fate/stay night [Unlimited Blade Works] 第一季,1674473
还真是,977.903,1,16777215,2024-07-08 00:10:17,2554067,4,战意之所在,Fate/stay night [Unlimited Blade Works] 第一季,1674473
盲生你发现了华点,219.457,1,16777215,2024-07-07 17:23:10,2554067,4,战意之所在,Fate/stay night [Unlimited Blade Works] 第一季,1674473
圣杯过家家,1090.103,1,16777215,2024-07-07 00:55:36,2554067,4,战意之所在,Fate/stay night [Unlimited Blade Works] 第一季,1674473
日在圣杯,1057.032,1,16777215,2024-07-07 00:55:03,2554067,4,战意之所在,Fate/stay night [Unlimited Blade Works] 第一季,1674473
C妈要登场了,1171.326,1,15138834,2024-07-05 16:38:47,2554067,4,战意之所在,Fate/stay night [Unlimited Blade Works] 第一季,1674473
日在圣杯,1146.129,1,16777215,2024-07-05 12:29:56,2554067,4,战意之所在,Fate/stay night [Unlimited Blade Works] 第一季,1674473
还真是,986.302,1,16777215,2024-07-04 19:59:17,2554067,4,战意之所在,Fate/stay night [Unlimited Blade Works] 第一季,1674473
呆毛王好像邻家大姐姐啊,304.539,1,16777215,2024-07-01 22:02:26,2554067,4,战意之所在,Fate/stay night [Unlimited Blade Works] 第一季,1674473
也许是安详,830.647,1,16777215,2024-07-01 19:43:57,2554067,4,战意之所在,Fate/stay night [Unlimited Blade Works] 第一季,1674473
魔女？魔女的滋味可真不错啊！,1243.359,5,16777215,2024-07-01 01:10:46,2554067,4,战意之所在,Fate/stay night [Unlimited Blade Works] 第一季,1674473
士郎是不是吃不下啊,1072.807,1,16777215,2024-06-30 02:26:52,2554067,4,战意之所在,Fate/stay night [Unlimited Blade Works] 第一季,1674473
樱在这条线就是纯粹的女路人了……,1047.714,1,16777215,2024-06-30 02:25:55,2554067,4,战意之所在,Fate/stay night [Unlimited Blade Works] 第一季,1674473
美缀很漂亮的，跟凛都是校花级别的,705.827,1,16777215,2024-06-30 02:19:30,2554067,4,战意之所在,Fate/stay night [Unlimited Blade Works] 第一季,1674473
士郎你自己不吃点吗？,582.269,1,16777215,2024-06-30 02:17:04,2554067,4,战意之所在,Fate/stay night [Unlimited Blade Works] 第一季,1674473
因为saber没死，没办法灵体化,650.322,1,16777215,2024-06-29 00:28:59,2554067,4,战意之所在,Fate/stay night [Unlimited Blade Works] 第一季,1674473
完全没有魔术能力,806.143,1,16777215,2024-06-28 18:46:41,2554067,4,战意之所在,Fate/stay night [Unlimited Blade Works] 第一季,1674473
核善,249.299,1,16777215,2024-06-28 10:22:53,2554067,4,战意之所在,Fate/stay night [Unlimited Blade Works] 第一季,1674473
都不许看女鹅呜呜呜,35.305,1,16777215,2024-06-28 01:11:04,2554067,4,战意之所在,Fate/stay night [Unlimited Blade Works] 第一季,1674473
好美,309.104,1,16777215,2024-06-27 19:56:54,2554067,4,战意之所在,Fate/stay night [Unlimited Blade Works] 第一季,1674473
但是呢,477.129,1,16777215,2024-06-27 18:46:42,2554067,4,战意之所在,Fate/stay night [Unlimited Blade Works] 第一季,1674473
前方月球名画,295.989,1,16777215,2024-06-27 14:34:43,2554067,4,战意之所在,Fate/stay night [Unlimited Blade Works] 第一季,1674473
阳光少年,1308.032,1,16777215,2024-06-26 23:30:25,2554067,4,战意之所在,Fate/stay night [Unlimited Blade Works] 第一季,1674473
这实在是吃太多了，至少对其中三个人而言..,1069.176,1,16777215,2024-06-26 20:23:25,2554067,4,战意之所在,Fate/stay night [Unlimited Blade Works] 第一季,1674473
芝士雪豹,1161.046,1,15138834,2024-06-26 16:37:59,2554067,4,战意之所在,Fate/stay night [Unlimited Blade Works] 第一季,1674473
真（圣杯战争）,1131.806,1,15138834,2024-06-26 16:37:06,2554067,4,战意之所在,Fate/stay night [Unlimited Blade Works] 第一季,1674473
正好饿了,1059.906,1,15138834,2024-06-26 16:35:37,2554067,4,战意之所在,Fate/stay night [Unlimited Blade Works] 第一季,1674473
樱：炒,1013.646,1,16777215,2024-06-26 16:34:34,2554067,4,战意之所在,Fate/stay night [Unlimited Blade Works] 第一季,1674473
因为我是正义的使者,906.866,1,16777215,2024-06-26 16:32:27,2554067,4,战意之所在,Fate/stay night [Unlimited Blade Works] 第一季,1674473
还是替身香，别人看不见,847.586,1,16777215,2024-06-26 16:31:20,2554067,4,战意之所在,Fate/stay night [Unlimited Blade Works] 第一季,1674473
哟身材不错哦，蛮结实的,284.632,1,16777215,2024-06-26 16:14:12,2554067,4,战意之所在,Fate/stay night [Unlimited Blade Works] 第一季,1674473
吾王1米五是不是和咖喱棒差不多长,803.064,1,16777215,2024-06-25 12:58:12,2554067,4,战意之所在,Fate/stay night [Unlimited Blade Works] 第一季,1674473
背影神似明日香,1257.938,1,16777215,2024-06-24 22:13:41,2554067,4,战意之所在,Fate/stay night [Unlimited Blade Works] 第一季,1674473
老虎和士郎不是一般的好,1164.115,1,16777215,2024-06-23 23:00:37,2554067,4,战意之所在,Fate/stay night [Unlimited Blade Works] 第一季,1674473
这下真起杀心了,254.482,1,16777215,2024-06-23 21:14:37,2554067,4,战意之所在,Fate/stay night [Unlimited Blade Works] 第一季,1674473
普通人,751.769,1,16777215,2024-06-23 13:02:56,2554067,4,战意之所在,Fate/stay night [Unlimited Blade Works] 第一季,1674473
饭桶上线,1073.091,5,16755202,2024-06-22 12:24:01,2554067,4,战意之所在,Fate/stay night [Unlimited Blade Works] 第一季,1674473
还没你的时候，saber就已经在你家做过标记了,1006.68,5,16755202,2024-06-22 12:22:47,2554067,4,战意之所在,Fate/stay night [Unlimited Blade Works] 第一季,1674473
老虚，你快回来吧，把她们都杀了（,955.237,5,16755202,2024-06-22 12:21:22,2554067,4,战意之所在,Fate/stay night [Unlimited Blade Works] 第一季,1674473
她是你的谁？,685.121,5,16755202,2024-06-22 12:13:06,2554067,4,战意之所在,Fate/stay night [Unlimited Blade Works] 第一季,1674473
凛也是正义的伙伴呢,574.911,5,16755202,2024-06-22 12:10:56,2554067,4,战意之所在,Fate/stay night [Unlimited Blade Works] 第一季,1674473
writer和teacher,430.731,5,16755202,2024-06-22 12:08:01,2554067,4,战意之所在,Fate/stay night [Unlimited Blade Works] 第一季,1674473
有阿瓦隆就是随便浪啊,329.499,5,16755202,2024-06-22 12:05:46,2554067,4,战意之所在,Fate/stay night [Unlimited Blade Works] 第一季,1674473
要学习剑术咯,300.88,5,16755202,2024-06-22 12:05:04,2554067,4,战意之所在,Fate/stay night [Unlimited Blade Works] 第一季,1674473
06版的为什么没有解说,1175.543,1,16777215,2024-06-21 16:08:45,2554067,4,战意之所在,Fate/stay night [Unlimited Blade Works] 第一季,1674473
还真给你小子说对了嗷,983.198,1,16777215,2024-06-21 11:19:03,2554067,4,战意之所在,Fate/stay night [Unlimited Blade Works] 第一季,1674473
凛好美啊啊啊,1327.335,1,16777215,2024-06-20 12:04:46,2554067,4,战意之所在,Fate/stay night [Unlimited Blade Works] 第一季,1674473
笑死了,1143.811,1,16777215,2024-06-19 13:58:33,2554067,4,战意之所在,Fate/stay night [Unlimited Blade Works] 第一季,1674473
这么好撩,363.345,1,16777215,2024-06-19 12:26:51,2554067,4,战意之所在,Fate/stay night [Unlimited Blade Works] 第一季,1674473
所以你是怎么受伤的？,347.56,1,16777215,2024-06-19 10:54:50,2554067,4,战意之所在,Fate/stay night [Unlimited Blade Works] 第一季,1674473
樱看呆毛王，简称樱看呆了,682.806,1,16777215,2024-06-19 01:00:08,2554067,4,战意之所在,Fate/stay night [Unlimited Blade Works] 第一季,1674473
补魔！！,596.75,1,16777215,2024-06-18 21:16:50,2554067,4,战意之所在,Fate/stay night [Unlimited Blade Works] 第一季,1674473
田所浩二没绷住,1241.449,1,16777215,2024-06-16 15:51:08,2554067,4,战意之所在,Fate/stay night [Unlimited Blade Works] 第一季,1674473
4k画质真爽,171.515,1,16777215,2024-06-16 12:24:02,2554067,4,战意之所在,Fate/stay night [Unlimited Blade Works] 第一季,1674473
远扳 这段真的帅的要死,1166.425,1,16777215,2024-06-16 03:40:45,2554067,4,战意之所在,Fate/stay night [Unlimited Blade Works] 第一季,1674473
依稀记得空境中的一句话“人一生只能杀死一个人”,1347.884,1,16777215,2024-06-15 20:08:29,2554067,4,战意之所在,Fate/stay night [Unlimited Blade Works] 第一季,1674473
这就是传说中每个男人都羡慕的主角呀。,1123.922,1,16777215,2024-06-15 13:52:20,2554067,4,战意之所在,Fate/stay night [Unlimited Blade Works] 第一季,1674473
呃呃，人造人什么都没有哦，大家不用想了,29.99,1,16777215,2024-06-15 12:47:14,2554067,4,战意之所在,Fate/stay night [Unlimited Blade Works] 第一季,1674473
+++++++++++++,360.558,1,16777215,2024-06-14 20:50:14,2554067,4,战意之所在,Fate/stay night [Unlimited Blade Works] 第一季,1674473
大合居,1049.769,1,16777215,2024-06-13 19:23:19,2554067,4,战意之所在,Fate/stay night [Unlimited Blade Works] 第一季,1674473
补魔,199.139,1,16777215,2024-06-13 16:14:23,2554067,4,战意之所在,Fate/stay night [Unlimited Blade Works] 第一季,1674473
士郎的人生价值是扭曲的,353.511,1,16777215,2024-06-11 22:07:57,2554067,4,战意之所在,Fate/stay night [Unlimited Blade Works] 第一季,1674473
太底牌了,1277.056,1,16777215,2024-06-11 20:02:01,2554067,4,战意之所在,Fate/stay night [Unlimited Blade Works] 第一季,1674473
众爱卿为何一言不发,24.72,1,16777215,2024-06-11 19:09:39,2554067,4,战意之所在,Fate/stay night [Unlimited Blade Works] 第一季,1674473
薇尔莉特（doge）,515.481,1,16707842,2024-06-11 05:37:34,2554067,4,战意之所在,Fate/stay night [Unlimited Blade Works] 第一季,1674473
那是你的剑鞘,333.475,1,16777215,2024-06-11 05:34:44,2554067,4,战意之所在,Fate/stay night [Unlimited Blade Works] 第一季,1674473
雀食,980.481,5,16777215,2024-06-10 23:11:43,2554067,4,战意之所在,Fate/stay night [Unlimited Blade Works] 第一季,1674473
感觉樱这条线变开朗了,1129.494,1,16777215,2024-06-10 20:40:40,2554067,4,战意之所在,Fate/stay night [Unlimited Blade Works] 第一季,1674473
金闪闪,437.853,1,16777215,2024-06-10 09:22:28,2554067,4,战意之所在,Fate/stay night [Unlimited Blade Works] 第一季,1674473
长的好吓人,756.305,1,16777215,2024-06-08 20:41:55,2554067,4,战意之所在,Fate/stay night [Unlimited Blade Works] 第一季,1674473
+++++++++++++++,626.863,1,16777215,2024-06-08 18:57:39,2554067,4,战意之所在,Fate/stay night [Unlimited Blade Works] 第一季,1674473
谁敢信人民教师飞段一个声优,745.618,5,16777215,2024-06-08 18:46:23,2554067,4,战意之所在,Fate/stay night [Unlimited Blade Works] 第一季,1674473
好评,168.929,1,8700107,2024-06-08 18:26:22,2554067,4,战意之所在,Fate/stay night [Unlimited Blade Works] 第一季,1674473
暴击,364.649,1,15138834,2024-06-08 10:00:15,2554067,4,战意之所在,Fate/stay night [Unlimited Blade Works] 第一季,1674473
等的就是你这句话,1130.646,1,16777215,2024-06-06 16:48:58,2554067,4,战意之所在,Fate/stay night [Unlimited Blade Works] 第一季,1674473
对师宝具,753.441,1,16777215,2024-06-06 16:40:48,2554067,4,战意之所在,Fate/stay night [Unlimited Blade Works] 第一季,1674473
小樱,683.729,1,38979,2024-06-06 16:38:05,2554067,4,战意之所在,Fate/stay night [Unlimited Blade Works] 第一季,1674473
可我们牵过手了啊,355.926,1,16777215,2024-06-06 16:30:30,2554067,4,战意之所在,Fate/stay night [Unlimited Blade Works] 第一季,1674473
转头那瞬间，好可爱啊,306.285,1,16777215,2024-06-06 16:29:16,2554067,4,战意之所在,Fate/stay night [Unlimited Blade Works] 第一季,1674473
莫名想起闪闪的求婚,256.388,1,16777215,2024-06-06 16:27:30,2554067,4,战意之所在,Fate/stay night [Unlimited Blade Works] 第一季,1674473
果然还是要高举士剑大旗,367.403,1,16777215,2024-06-06 12:51:28,2554067,4,战意之所在,Fate/stay night [Unlimited Blade Works] 第一季,1674473
耳机党已爆炸,1195.075,1,16777215,2024-06-05 23:17:05,2554067,4,战意之所在,Fate/stay night [Unlimited Blade Works] 第一季,1674473
看饿了,1073.454,1,16777215,2024-06-05 17:05:41,2554067,4,战意之所在,Fate/stay night [Unlimited Blade Works] 第一季,1674473
男女之间没有好兄弟，其实士郎追的话，式姐小号肯定同意,885.091,1,16777215,2024-06-05 14:52:22,2554067,4,战意之所在,Fate/stay night [Unlimited Blade Works] 第一季,1674473
c妈超级美,1248.041,1,16777215,2024-06-03 17:41:51,2554067,4,战意之所在,Fate/stay night [Unlimited Blade Works] 第一季,1674473
raper,455.658,1,16777215,2024-06-02 22:34:57,2554067,4,战意之所在,Fate/stay night [Unlimited Blade Works] 第一季,1674473
你瞅啥,749.0,1,16777215,2024-06-02 21:08:01,2554067,4,战意之所在,Fate/stay night [Unlimited Blade Works] 第一季,1674473
宣～～～,671.422,1,16777215,2024-06-02 12:45:56,2554067,4,战意之所在,Fate/stay night [Unlimited Blade Works] 第一季,1674473
Teache,739.965,1,16777215,2024-06-02 07:39:56,2554067,4,战意之所在,Fate/stay night [Unlimited Blade Works] 第一季,1674473
无限剑制,169.219,1,16777215,2024-06-02 07:28:54,2554067,4,战意之所在,Fate/stay night [Unlimited Blade Works] 第一季,1674473
主线剧情就是好看！,1081.73,5,16646914,2024-06-01 13:46:02,2554067,4,战意之所在,Fate/stay night [Unlimited Blade Works] 第一季,1674473
好的阿尔托莉雅,532.896,1,16777215,2024-06-01 13:41:52,2554067,4,战意之所在,Fate/stay night [Unlimited Blade Works] 第一季,1674473
恭喜你！,250.048,1,16777215,2024-06-01 13:35:07,2554067,4,战意之所在,Fate/stay night [Unlimited Blade Works] 第一季,1674473
前面瓦尼塔斯的，首先路易是哥哥，其次刚才真的很像,856.643,1,16777215,2024-05-30 22:50:52,2554067,4,战意之所在,Fate/stay night [Unlimited Blade Works] 第一季,1674473
这是鳄鱼呀,1185.017,1,16777215,2024-05-30 13:17:34,2554067,4,战意之所在,Fate/stay night [Unlimited Blade Works] 第一季,1674473
女主是凛！,953.966,1,16777215,2024-05-30 11:20:53,2554067,4,战意之所在,Fate/stay night [Unlimited Blade Works] 第一季,1674473
因为他见过真正的地狱是什么样子,945.583,1,16777215,2024-05-29 10:45:27,2554067,4,战意之所在,Fate/stay night [Unlimited Blade Works] 第一季,1674473
saber没死,400.605,1,16777215,2024-05-28 15:54:23,2554067,4,战意之所在,Fate/stay night [Unlimited Blade Works] 第一季,1674473
还有tosaka ,428.982,1,16777215,2024-05-27 22:47:11,2554067,4,战意之所在,Fate/stay night [Unlimited Blade Works] 第一季,1674473
我靠4个人做呢么多啊,1074.188,1,16777215,2024-05-27 10:38:20,2554067,4,战意之所在,Fate/stay night [Unlimited Blade Works] 第一季,1674473
初见杀老师，有能力秒杀saber,769.779,1,16777215,2024-05-27 10:32:04,2554067,4,战意之所在,Fate/stay night [Unlimited Blade Works] 第一季,1674473
吾王的乐趣之一，巡街,640.539,1,16777215,2024-05-27 10:29:39,2554067,4,战意之所在,Fate/stay night [Unlimited Blade Works] 第一季,1674473
阿尔托莉雅·潘德拉贡,524.755,1,16777215,2024-05-26 17:41:40,2554067,4,战意之所在,Fate/stay night [Unlimited Blade Works] 第一季,1674473
力速双Aの人民教师,779.313,5,16777215,2024-05-26 16:48:31,2554067,4,战意之所在,Fate/stay night [Unlimited Blade Works] 第一季,1674473
上次漏了一条底裤 但是我还有很多条底裤,1281.531,5,16777215,2024-05-26 07:25:38,2554067,4,战意之所在,Fate/stay night [Unlimited Blade Works] 第一季,1674473
伊阿宋全责,1235.131,5,16777215,2024-05-26 07:24:23,2554067,4,战意之所在,Fate/stay night [Unlimited Blade Works] 第一季,1674473
爱了爱了,1239.697,5,16777215,2024-05-26 01:14:24,2554067,4,战意之所在,Fate/stay night [Unlimited Blade Works] 第一季,1674473
什么银帕,942.478,5,16777215,2024-05-25 23:02:10,2554067,4,战意之所在,Fate/stay night [Unlimited Blade Works] 第一季,1674473
他的兴趣是当正义的伙伴,907.178,5,16777215,2024-05-25 23:01:02,2554067,4,战意之所在,Fate/stay night [Unlimited Blade Works] 第一季,1674473
saber美如画,301.403,1,16777215,2024-05-25 22:59:05,2554067,4,战意之所在,Fate/stay night [Unlimited Blade Works] 第一季,1674473
呆毛的经典造型,553.322,5,16777215,2024-05-25 20:30:09,2554067,4,战意之所在,Fate/stay night [Unlimited Blade Works] 第一季,1674473
事已至此 开饭吧,537.202,5,16777215,2024-05-25 20:29:42,2554067,4,战意之所在,Fate/stay night [Unlimited Blade Works] 第一季,1674473
以前的七骑剑枪弓骑杀术狂 现在的七骑尺仇月他伪降兽,437.122,5,16777215,2024-05-25 20:27:39,2554067,4,战意之所在,Fate/stay night [Unlimited Blade Works] 第一季,1674473
加特凛笑死,1176.365,1,15138834,2024-05-25 12:17:56,2554067,4,战意之所在,Fate/stay night [Unlimited Blade Works] 第一季,1674473
我只对剑感兴趣,910.145,1,15138834,2024-05-25 12:13:16,2554067,4,战意之所在,Fate/stay night [Unlimited Blade Works] 第一季,1674473
最强是writer,426.366,1,15138834,2024-05-25 12:04:22,2554067,4,战意之所在,Fate/stay night [Unlimited Blade Works] 第一季,1674473
为什么？,1019.348,1,16777215,2024-05-24 15:22:33,2554067,4,战意之所在,Fate/stay night [Unlimited Blade Works] 第一季,1674473
英灵会自动输入当代知识,602.542,5,15138834,2024-05-22 23:18:53,2554067,4,战意之所在,Fate/stay night [Unlimited Blade Works] 第一季,1674473
美的真性情,29.744,1,41194,2024-05-20 19:02:22,2554067,4,战意之所在,Fate/stay night [Unlimited Blade Works] 第一季,1674473
凛凛太卷了，白天学霸晚上打怪,1212.144,1,16777215,2024-05-20 16:55:16,2554067,4,战意之所在,Fate/stay night [Unlimited Blade Works] 第一季,1674473
真诚才是必杀技,364.905,1,16777215,2024-05-18 23:22:40,2554067,4,战意之所在,Fate/stay night [Unlimited Blade Works] 第一季,1674473
毒蛇一艺,748.919,1,16777215,2024-05-15 21:23:25,2554067,4,战意之所在,Fate/stay night [Unlimited Blade Works] 第一季,1674473
无论多好笑我们都不会笑,942.745,5,16707842,2024-05-14 21:24:02,2554067,4,战意之所在,Fate/stay night [Unlimited Blade Works] 第一季,1674473
因为太有名了,410.347,1,16777215,2024-05-13 19:57:18,2554067,4,战意之所在,Fate/stay night [Unlimited Blade Works] 第一季,1674473
艾莉,300.577,1,16777215,2024-05-13 16:19:20,2554067,4,战意之所在,Fate/stay night [Unlimited Blade Works] 第一季,1674473
正义之所在,7.315,5,16707842,2024-05-13 12:39:16,2554067,4,战意之所在,Fate/stay night [Unlimited Blade Works] 第一季,1674473
日在圣杯的你最好有事,1035.582,1,16777215,2024-05-12 21:33:10,2554067,4,战意之所在,Fate/stay night [Unlimited Blade Works] 第一季,1674473
修罗场,1134.47,1,16777215,2024-05-12 14:11:45,2554067,4,战意之所在,Fate/stay night [Unlimited Blade Works] 第一季,1674473
还真是,981.209,1,16777215,2024-05-12 08:15:23,2554067,4,战意之所在,Fate/stay night [Unlimited Blade Works] 第一季,1674473
这番没有女主,262.644,1,16777215,2024-05-11 09:52:39,2554067,4,战意之所在,Fate/stay night [Unlimited Blade Works] 第一季,1674473
啥鼻,9.259,1,16777215,2024-05-09 16:57:01,2554067,4,战意之所在,Fate/stay night [Unlimited Blade Works] 第一季,1674473
应该是惊讶有从者了,690.146,1,16777215,2024-05-05 16:27:19,2554067,4,战意之所在,Fate/stay night [Unlimited Blade Works] 第一季,1674473
蛇拳无敌人民教师,745.334,1,16777215,2024-05-05 08:22:11,2554067,4,战意之所在,Fate/stay night [Unlimited Blade Works] 第一季,1674473
c妈,1260.012,1,16777215,2024-05-03 20:39:52,2554067,4,战意之所在,Fate/stay night [Unlimited Blade Works] 第一季,1674473
之事湾公社哒调,911.914,1,16777215,2024-05-02 23:10:50,2554067,4,战意之所在,Fate/stay night [Unlimited Blade Works] 第一季,1674473
Damn—mer ,446.505,1,16777215,2024-05-02 22:59:17,2554067,4,战意之所在,Fate/stay night [Unlimited Blade Works] 第一季,1674473
伊莉雅坟头,154.449,1,16777215,2024-04-30 16:44:55,2554067,4,战意之所在,Fate/stay night [Unlimited Blade Works] 第一季,1674473
毕竟是王啊,1051.326,1,16777215,2024-04-27 22:47:37,2554067,4,战意之所在,Fate/stay night [Unlimited Blade Works] 第一季,1674473
还真是,981.532,1,16777215,2024-04-27 16:25:08,2554067,4,战意之所在,Fate/stay night [Unlimited Blade Works] 第一季,1674473
你们喝汤我吃肉,54.917,1,16777215,2024-04-25 19:50:17,2554067,4,战意之所在,Fate/stay night [Unlimited Blade Works] 第一季,1674473
英国饭菜，懂得都懂,582.996,1,16777215,2024-04-24 22:10:38,2554067,4,战意之所在,Fate/stay night [Unlimited Blade Works] 第一季,1674473
士郎在每条线做的梦不同,187.395,1,16777215,2024-04-24 02:30:03,2554067,4,战意之所在,Fate/stay night [Unlimited Blade Works] 第一季,1674473
剑鞘：你欠我一顿海底捞啊,284.388,5,16776960,2024-04-21 23:38:38,2554067,4,战意之所在,Fate/stay night [Unlimited Blade Works] 第一季,1674473
我是剑骨头,175.605,1,16777215,2024-04-21 19:13:06,2554067,4,战意之所在,Fate/stay night [Unlimited Blade Works] 第一季,1674473
从某些方面来说还真是,984.513,1,16777215,2024-04-21 15:49:55,2554067,4,战意之所在,Fate/stay night [Unlimited Blade Works] 第一季,1674473
受伤的总是樱啊,1052.582,1,14811775,2024-04-21 11:47:20,2554067,4,战意之所在,Fate/stay night [Unlimited Blade Works] 第一季,1674473
不愧是archer,896.787,1,16777215,2024-04-20 22:30:42,2554067,4,战意之所在,Fate/stay night [Unlimited Blade Works] 第一季,1674473
远坂凛,561.811,1,16777215,2024-04-20 17:58:32,2554067,4,战意之所在,Fate/stay night [Unlimited Blade Works] 第一季,1674473
愉悦,948.575,1,16777215,2024-04-18 17:41:59,2554067,4,战意之所在,Fate/stay night [Unlimited Blade Works] 第一季,1674473
看人真准,717.395,5,41194,2024-04-18 03:19:37,2554067,4,战意之所在,Fate/stay night [Unlimited Blade Works] 第一季,1674473
天丛云是日本武尊的宝具，跟村正没有关系,504.798,1,16777215,2024-04-17 00:52:17,2554067,4,战意之所在,Fate/stay night [Unlimited Blade Works] 第一季,1674473
巧了，还真是,980.399,1,16777215,2024-04-16 19:49:55,2554067,4,战意之所在,Fate/stay night [Unlimited Blade Works] 第一季,1674473
saber：都姓卫宫，差距这么这么大,363.688,1,16777215,2024-04-16 19:42:41,2554067,4,战意之所在,Fate/stay night [Unlimited Blade Works] 第一季,1674473
不是因为士郎魔力低，而是saber还没死,548.568,1,16707842,2024-04-15 21:54:06,2554067,4,战意之所在,Fate/stay night [Unlimited Blade Works] 第一季,1674473
她人不坏的,955.305,1,16777215,2024-04-15 11:52:04,2554067,4,战意之所在,Fate/stay night [Unlimited Blade Works] 第一季,1674473
人不见了哈哈哈哈,728.372,1,16777215,2024-04-15 11:47:10,2554067,4,战意之所在,Fate/stay night [Unlimited Blade Works] 第一季,1674473
直死之魔眼？？,690.627,1,16777215,2024-04-15 03:09:15,2554067,4,战意之所在,Fate/stay night [Unlimited Blade Works] 第一季,1674473
06版为啥没来送饭啊,604.205,1,16777215,2024-04-15 02:58:58,2554067,4,战意之所在,Fate/stay night [Unlimited Blade Works] 第一季,1674473
很朴素啊……,578.786,1,16777215,2024-04-15 02:50:12,2554067,4,战意之所在,Fate/stay night [Unlimited Blade Works] 第一季,1674473
她才救了士郎一命，所以不太想当天就动手杀他,241.098,1,16777215,2024-04-15 02:44:04,2554067,4,战意之所在,Fate/stay night [Unlimited Blade Works] 第一季,1674473
好的，阿尔托莉雅,531.282,5,16777215,2024-04-14 23:39:45,2554067,4,战意之所在,Fate/stay night [Unlimited Blade Works] 第一季,1674473
问-这是第几次出现这个话,264.592,5,16777215,2024-04-14 16:04:41,2554067,4,战意之所在,Fate/stay night [Unlimited Blade Works] 第一季,1674473
她是库丘林的master？,941.489,1,16777215,2024-04-14 13:29:15,2554067,4,战意之所在,Fate/stay night [Unlimited Blade Works] 第一季,1674473
红A是少数靠机制强大的英灵之一,1282.121,5,41194,2024-04-14 12:49:08,2554067,4,战意之所在,Fate/stay night [Unlimited Blade Works] 第一季,1674473
凛有德国血统，使用的法术多为德语系,1181.854,5,41194,2024-04-14 12:48:02,2554067,4,战意之所在,Fate/stay night [Unlimited Blade Works] 第一季,1674473
不太适应这么萌的 王,873.897,1,16777215,2024-04-14 00:48:26,2554067,4,战意之所在,Fate/stay night [Unlimited Blade Works] 第一季,1674473
好高,220.163,1,16777215,2024-04-13 10:38:05,2554067,4,战意之所在,Fate/stay night [Unlimited Blade Works] 第一季,1674473
saber是最均衡的职介,468.681,1,16777215,2024-04-12 22:22:26,2554067,4,战意之所在,Fate/stay night [Unlimited Blade Works] 第一季,1674473
猜的真准啊。,993.664,1,16777215,2024-04-12 01:31:39,2554067,4,战意之所在,Fate/stay night [Unlimited Blade Works] 第一季,1674473
还是太太更有韵味,51.514,1,16777215,2024-04-11 17:20:42,2554067,4,战意之所在,Fate/stay night [Unlimited Blade Works] 第一季,1674473
底  牌,1266.943,5,16777215,2024-04-11 08:59:48,2554067,4,战意之所在,Fate/stay night [Unlimited Blade Works] 第一季,1674473
老师长着一副很强的脸,788.859,1,16777215,2024-04-10 18:06:51,2554067,4,战意之所在,Fate/stay night [Unlimited Blade Works] 第一季,1674473
我了个骚哥刚,296.484,5,9599289,2024-04-07 22:57:37,2554067,4,战意之所在,Fate/stay night [Unlimited Blade Works] 第一季,1674473
极其核善的眼神呢～,251.575,5,16777215,2024-04-07 14:45:31,2554067,4,战意之所在,Fate/stay night [Unlimited Blade Works] 第一季,1674473
极其核善的眼神呢～,251.575,5,16777215,2024-04-07 14:45:20,2554067,4,战意之所在,Fate/stay night [Unlimited Blade Works] 第一季,1674473
好小,302.387,1,16777215,2024-04-06 17:41:31,2554067,4,战意之所在,Fate/stay night [Unlimited Blade Works] 第一季,1674473
凛：这不是我的线吗 ？,1152.351,1,16777215,2024-04-05 13:17:38,2554067,4,战意之所在,Fate/stay night [Unlimited Blade Works] 第一季,1674473
小－电－驴－！！！,994.116,1,16777215,2024-04-05 13:13:43,2554067,4,战意之所在,Fate/stay night [Unlimited Blade Works] 第一季,1674473
你别说还真是 ,976.308,1,16777215,2024-04-05 13:12:38,2554067,4,战意之所在,Fate/stay night [Unlimited Blade Works] 第一季,1674473
靶子太近了 ,898.415,1,16777215,2024-04-05 13:10:26,2554067,4,战意之所在,Fate/stay night [Unlimited Blade Works] 第一季,1674473
 卫宫家今天的饭,571.588,1,16777215,2024-04-05 13:03:05,2554067,4,战意之所在,Fate/stay night [Unlimited Blade Works] 第一季,1674473
大帝的话白说了,379.06,1,16777215,2024-04-05 12:57:40,2554067,4,战意之所在,Fate/stay night [Unlimited Blade Works] 第一季,1674473
滕姐好好看,710.477,1,16777215,2024-04-05 00:10:37,2554067,4,战意之所在,Fate/stay night [Unlimited Blade Works] 第一季,1674473
这是。。。吃醋了？毕竟是凛线嘛,1288.318,1,16777215,2024-04-04 19:19:01,2554067,4,战意之所在,Fate/stay night [Unlimited Blade Works] 第一季,1674473
这是凛线吧,1135.505,1,16777215,2024-04-04 19:15:39,2554067,4,战意之所在,Fate/stay night [Unlimited Blade Works] 第一季,1674473
心疼雁叔,1007.848,1,16777215,2024-04-04 00:59:32,2554067,4,战意之所在,Fate/stay night [Unlimited Blade Works] 第一季,1674473
他的剑鞘.....,332.256,1,16777215,2024-04-03 22:46:34,2554067,4,战意之所在,Fate/stay night [Unlimited Blade Works] 第一季,1674473
无限剑制,166.966,1,16777215,2024-04-03 22:39:17,2554067,4,战意之所在,Fate/stay night [Unlimited Blade Works] 第一季,1674473
上个赛季可不是这样啊,638.398,1,16777215,2024-04-02 22:55:24,2554067,4,战意之所在,Fate/stay night [Unlimited Blade Works] 第一季,1674473
赛高,698.319,1,16765698,2024-04-02 19:15:51,2554067,4,战意之所在,Fate/stay night [Unlimited Blade Works] 第一季,1674473
还真是,979.035,1,16777215,2024-04-01 04:29:13,2554067,4,战意之所在,Fate/stay night [Unlimited Blade Works] 第一季,1674473
卢恩符文,1169.082,1,16777215,2024-04-01 00:48:24,2554067,4,战意之所在,Fate/stay night [Unlimited Blade Works] 第一季,1674473
魔女的体香,1208.858,1,16777215,2024-03-31 23:30:22,2554067,4,战意之所在,Fate/stay night [Unlimited Blade Works] 第一季,1674473
06版和新版的剧情的人物视角不一样,408.34,1,16777215,2024-03-31 14:23:57,2554067,4,战意之所在,Fate/stay night [Unlimited Blade Works] 第一季,1674473
纲手声优,50.757,1,16777215,2024-03-31 02:43:03,2554067,4,战意之所在,Fate/stay night [Unlimited Blade Works] 第一季,1674473
这不是凛线吗？,1139.112,1,16777215,2024-03-29 22:07:07,2554067,4,战意之所在,Fate/stay night [Unlimited Blade Works] 第一季,1674473
这都明示了吧。。。。。。。,948.571,1,15138834,2024-03-28 20:27:28,2554067,4,战意之所在,Fate/stay night [Unlimited Blade Works] 第一季,1674473
吾辈楷模,244.539,1,15138834,2024-03-28 20:22:23,2554067,4,战意之所在,Fate/stay night [Unlimited Blade Works] 第一季,1674473
我是纯洁的！！！,17.235,1,16707842,2024-03-28 20:21:08,2554067,4,战意之所在,Fate/stay night [Unlimited Blade Works] 第一季,1674473
我是纯洁的！！！,20.394,1,16707842,2024-03-28 20:20:49,2554067,4,战意之所在,Fate/stay night [Unlimited Blade Works] 第一季,1674473
樱：听到这个词我害怕极了,1007.123,1,16777215,2024-03-27 10:36:38,2554067,4,战意之所在,Fate/stay night [Unlimited Blade Works] 第一季,1674473
还真是,979.847,1,16777215,2024-03-27 08:40:26,2554067,4,战意之所在,Fate/stay night [Unlimited Blade Works] 第一季,1674473
欧洲平板,26.257,1,16777215,2024-03-26 21:21:45,2554067,4,战意之所在,Fate/stay night [Unlimited Blade Works] 第一季,1674473
圣骑踢掉，谢谢,29.558,1,16777215,2024-03-25 22:39:44,2554067,4,战意之所在,Fate/stay night [Unlimited Blade Works] 第一季,1674473
吾王,724.39,5,16777215,2024-03-25 17:03:48,2554067,4,战意之所在,Fate/stay night [Unlimited Blade Works] 第一季,1674473
caster：我的贞德,1240.845,1,16777215,2024-03-24 19:23:57,2554067,4,战意之所在,Fate/stay night [Unlimited Blade Works] 第一季,1674473
凛：哎哎哎怎么回事，这我线啊,356.167,1,15138834,2024-03-24 18:57:54,2554067,4,战意之所在,Fate/stay night [Unlimited Blade Works] 第一季,1674473
这么小居然有馒头？,23.667,1,16777215,2024-03-24 18:46:49,2554067,4,战意之所在,Fate/stay night [Unlimited Blade Works] 第一季,1674473
麻婆：警觉,902.539,1,16777215,2024-03-24 11:25:44,2554067,4,战意之所在,Fate/stay night [Unlimited Blade Works] 第一季,1674473
衣品非常好,550.315,1,16777215,2024-03-24 11:14:52,2554067,4,战意之所在,Fate/stay night [Unlimited Blade Works] 第一季,1674473
最强职阶teacher,740.492,1,16777215,2024-03-24 01:48:48,2554067,4,战意之所在,Fate/stay night [Unlimited Blade Works] 第一季,1674473
麻婆买的,551.257,1,10546688,2024-03-23 18:38:53,2554067,4,战意之所在,Fate/stay night [Unlimited Blade Works] 第一季,1674473
众所周知，七职阶之外远远不止七个职阶,408.773,1,16777215,2024-03-22 18:07:16,2554067,4,战意之所在,Fate/stay night [Unlimited Blade Works] 第一季,1674473
薇尔莉特伊芙加登,298.377,5,15138834,2024-03-22 16:37:50,2554067,4,战意之所在,Fate/stay night [Unlimited Blade Works] 第一季,1674473
这家伙从站姿就能看出来他强的离谱,780.633,5,16777215,2024-03-21 02:21:39,2554067,4,战意之所在,Fate/stay night [Unlimited Blade Works] 第一季,1674473
这家伙从站姿就能看出来他强的离谱,772.273,1,16777215,2024-03-21 02:21:18,2554067,4,战意之所在,Fate/stay night [Unlimited Blade Works] 第一季,1674473
红a:差点信了,1325.18,1,16777215,2024-03-20 17:14:41,2554067,4,战意之所在,Fate/stay night [Unlimited Blade Works] 第一季,1674473
钢铁暖男发言,246.986,1,16777215,2024-03-20 03:11:15,2554067,4,战意之所在,Fate/stay night [Unlimited Blade Works] 第一季,1674473
一语成谶,988.927,1,16777215,2024-03-18 08:42:15,2554067,4,战意之所在,Fate/stay night [Unlimited Blade Works] 第一季,1674473
被偷家了,688.8,1,16777215,2024-03-18 08:37:18,2554067,4,战意之所在,Fate/stay night [Unlimited Blade Works] 第一季,1674473
teacher~~~~~,407.077,1,16777215,2024-03-18 08:32:37,2554067,4,战意之所在,Fate/stay night [Unlimited Blade Works] 第一季,1674473
心肝呐,253.32,1,16777215,2024-03-18 08:28:23,2554067,4,战意之所在,Fate/stay night [Unlimited Blade Works] 第一季,1674473
b叔真的绝了,155.838,5,16777215,2024-03-17 09:45:49,2554067,4,战意之所在,Fate/stay night [Unlimited Blade Works] 第一季,1674473
黑吾王一刀秒了,40.168,1,16777215,2024-03-17 09:44:53,2554067,4,战意之所在,Fate/stay night [Unlimited Blade Works] 第一季,1674473
樱：快说！你不同意！,1022.804,1,16777215,2024-03-16 17:26:07,2554067,4,战意之所在,Fate/stay night [Unlimited Blade Works] 第一季,1674473
樱：你外面有人了!!?,682.552,1,16777215,2024-03-16 17:18:26,2554067,4,战意之所在,Fate/stay night [Unlimited Blade Works] 第一季,1674473
吾王开心 爱死了,547.859,1,16777215,2024-03-16 17:15:30,2554067,4,战意之所在,Fate/stay night [Unlimited Blade Works] 第一季,1674473
咱大帝表示：咱说这么多你还没听进去呀,386.021,1,16777215,2024-03-16 17:11:26,2554067,4,战意之所在,Fate/stay night [Unlimited Blade Works] 第一季,1674473
老虎也知道圣杯啊……,1038.785,1,16707842,2024-03-15 22:51:57,2554067,4,战意之所在,Fate/stay night [Unlimited Blade Works] 第一季,1674473
其实藤姐什么都知道,1011.405,5,15138834,2024-03-15 22:50:59,2554067,4,战意之所在,Fate/stay night [Unlimited Blade Works] 第一季,1674473
这该有多少个博物馆失窃啊,1185.669,1,16777215,2024-03-13 08:56:52,2554067,4,战意之所在,Fate/stay night [Unlimited Blade Works] 第一季,1674473
本来就是同一个灵魂,925.665,1,16777215,2024-03-10 20:23:18,2554067,4,战意之所在,Fate/stay night [Unlimited Blade Works] 第一季,1674473
士郎：那我去远坂家住好了,1138.939,1,16777215,2024-03-10 20:08:04,2554067,4,战意之所在,Fate/stay night [Unlimited Blade Works] 第一季,1674473
某种意义上是的,976.295,1,16777215,2024-03-10 11:45:29,2554067,4,战意之所在,Fate/stay night [Unlimited Blade Works] 第一季,1674473
常服saber,638.297,1,16777215,2024-03-09 13:52:12,2554067,4,战意之所在,Fate/stay night [Unlimited Blade Works] 第一季,1674473
爲什麽不是紅絲巾,637.86,1,16777215,2024-03-09 10:52:18,2554067,4,战意之所在,Fate/stay night [Unlimited Blade Works] 第一季,1674473
因为你的剑鞘在士郎体内,331.465,1,16777215,2024-03-08 02:38:05,2554067,4,战意之所在,Fate/stay night [Unlimited Blade Works] 第一季,1674473
瞬间乖巧,272.23,1,16777215,2024-03-05 21:37:31,2554067,4,战意之所在,Fate/stay night [Unlimited Blade Works] 第一季,1674473
输出这么高？,1194.772,1,16777215,2024-03-05 18:00:46,2554067,4,战意之所在,Fate/stay night [Unlimited Blade Works] 第一季,1674473
我周守成真的爱邱雨柔,789.052,1,10546688,2024-03-04 21:52:06,2554067,4,战意之所在,Fate/stay night [Unlimited Blade Works] 第一季,1674473
周守城真的邱宇柔,694.444,1,16777215,2024-03-04 21:50:32,2554067,4,战意之所在,Fate/stay night [Unlimited Blade Works] 第一季,1674473
周守成爱邱雨柔,595.206,1,52480,2024-03-04 21:44:33,2554067,4,战意之所在,Fate/stay night [Unlimited Blade Works] 第一季,1674473
我爱蔡静兰,254.773,1,16777215,2024-03-04 21:30:15,2554067,4,战意之所在,Fate/stay night [Unlimited Blade Works] 第一季,1674473
卫宫家今天的饭,1068.899,1,16777215,2024-03-04 13:55:55,2554067,4,战意之所在,Fate/stay night [Unlimited Blade Works] 第一季,1674473
阿尔托利亚·潘德拉贡（原型：亚瑟·潘德拉贡）,1016.308,1,16777215,2024-03-04 13:54:49,2554067,4,战意之所在,Fate/stay night [Unlimited Blade Works] 第一季,1674473
终于换衣服了,658.185,1,16777215,2024-03-04 13:46:52,2554067,4,战意之所在,Fate/stay night [Unlimited Blade Works] 第一季,1674473
伊利亚有胸- -！,27.317,1,16777215,2024-03-04 13:37:02,2554067,4,战意之所在,Fate/stay night [Unlimited Blade Works] 第一季,1674473
握手哦～,368.763,1,16777215,2024-03-03 20:07:40,2554067,4,战意之所在,Fate/stay night [Unlimited Blade Works] 第一季,1674473
FZ说过她不能灵体化,1017.501,1,16777215,2024-02-29 23:49:19,2554067,4,战意之所在,Fate/stay night [Unlimited Blade Works] 第一季,1674473
什么意思要补魔了,1143.046,1,16777215,2024-02-29 23:41:47,2554067,4,战意之所在,Fate/stay night [Unlimited Blade Works] 第一季,1674473
吾王:都是一个姓，差别怎么就那么大,357.654,5,16777215,2024-02-26 13:45:23,2554067,4,战意之所在,Fate/stay night [Unlimited Blade Works] 第一季,1674473
瓦斯泄露,577.069,1,16777215,2024-02-25 13:54:39,2554067,4,战意之所在,Fate/stay night [Unlimited Blade Works] 第一季,1674473
伊地知高洁（幻视）,779.771,5,16777215,2024-02-24 21:24:37,2554067,4,战意之所在,Fate/stay night [Unlimited Blade Works] 第一季,1674473
不也挺好,1040.574,1,16777215,2024-02-24 20:46:02,2554067,4,战意之所在,Fate/stay night [Unlimited Blade Works] 第一季,1674473
发生什么事了,268.215,1,16777215,2024-02-24 20:15:04,2554067,4,战意之所在,Fate/stay night [Unlimited Blade Works] 第一季,1674473
coke,1101.331,1,16777215,2024-02-24 11:18:00,2554067,4,战意之所在,Fate/stay night [Unlimited Blade Works] 第一季,1674473
啊？,1133.611,5,16777215,2024-02-23 23:19:21,2554067,4,战意之所在,Fate/stay night [Unlimited Blade Works] 第一季,1674473
这篇是凛线，主要围绕凛来写的,953.957,5,16777215,2024-02-23 23:16:17,2554067,4,战意之所在,Fate/stay night [Unlimited Blade Works] 第一季,1674473
之因为四战被召唤过一次，所以会用也不奇怪,602.599,1,16777215,2024-02-23 13:23:40,2554067,4,战意之所在,Fate/stay night [Unlimited Blade Works] 第一季,1674473
前方应该有型月名画,294.995,1,16777215,2024-02-23 13:10:11,2554067,4,战意之所在,Fate/stay night [Unlimited Blade Works] 第一季,1674473
06里差点把saber打死,748.809,5,16777215,2024-02-23 11:14:01,2554067,4,战意之所在,Fate/stay night [Unlimited Blade Works] 第一季,1674473
爱丽丝菲尔,19.52,1,16777215,2024-02-22 22:26:33,2554067,4,战意之所在,Fate/stay night [Unlimited Blade Works] 第一季,1674473
简直就是开局一把狙结算cop,909.372,1,16777215,2024-02-22 17:50:19,2554067,4,战意之所在,Fate/stay night [Unlimited Blade Works] 第一季,1674473
BGM好好听,1195.47,1,16777215,2024-02-22 14:53:07,2554067,4,战意之所在,Fate/stay night [Unlimited Blade Works] 第一季,1674473
上次有个人没有从者保护，我一剑帮他结束了痛苦,634.372,1,16777215,2024-02-21 21:55:31,2554067,4,战意之所在,Fate/stay night [Unlimited Blade Works] 第一季,1674473
笑死我了。你最好是,1326.463,1,16777215,2024-02-21 17:57:56,2554067,4,战意之所在,Fate/stay night [Unlimited Blade Works] 第一季,1674473
老师：这是身为人民教师的基本技能,837.181,1,16707842,2024-02-20 21:00:18,2554067,4,战意之所在,Fate/stay night [Unlimited Blade Works] 第一季,1674473
樱：先来后到哇,679.721,1,41194,2024-02-20 20:55:49,2554067,4,战意之所在,Fate/stay night [Unlimited Blade Works] 第一季,1674473
懂了，伏黑甚尔,812.052,1,16777215,2024-02-20 10:00:10,2554067,4,战意之所在,Fate/stay night [Unlimited Blade Works] 第一季,1674473
teacher,450.567,5,15138834,2024-02-19 10:11:44,2554067,4,战意之所在,Fate/stay night [Unlimited Blade Works] 第一季,1674473
还有teacher,439.364,1,16777215,2024-02-19 10:11:19,2554067,4,战意之所在,Fate/stay night [Unlimited Blade Works] 第一季,1674473
Teacher.,754.537,1,16777215,2024-02-19 09:40:19,2554067,4,战意之所在,Fate/stay night [Unlimited Blade Works] 第一季,1674473
raper,419.357,1,16777215,2024-02-19 09:34:20,2554067,4,战意之所在,Fate/stay night [Unlimited Blade Works] 第一季,1674473
冷知识：樱是美杜莎的原御主,1020.401,1,16777215,2024-02-18 22:44:35,2554067,4,战意之所在,Fate/stay night [Unlimited Blade Works] 第一季,1674473
我靠，还能恢复,50.0,1,16777215,2024-02-18 14:50:52,2554067,4,战意之所在,Fate/stay night [Unlimited Blade Works] 第一季,1674473
coker,453.771,1,16777215,2024-02-18 14:21:29,2554067,4,战意之所在,Fate/stay night [Unlimited Blade Works] 第一季,1674473
圣杯在召唤从者的时候会提供足以让他们在现代生活的资料和技能,607.898,1,16777215,2024-02-17 21:53:23,2554067,4,战意之所在,Fate/stay night [Unlimited Blade Works] 第一季,1674473
美食片开始,1060.752,1,16777215,2024-02-17 21:29:31,2554067,4,战意之所在,Fate/stay night [Unlimited Blade Works] 第一季,1674473
正解,982.288,1,16777215,2024-02-17 21:23:32,2554067,4,战意之所在,Fate/stay night [Unlimited Blade Works] 第一季,1674473
出其不意，萌我一脸。,831.59,1,16777215,2024-02-17 21:17:24,2554067,4,战意之所在,Fate/stay night [Unlimited Blade Works] 第一季,1674473
三个女人一台戏，两个醋坛一面瘫,1138.865,1,15138834,2024-02-17 21:04:22,2554067,4,战意之所在,Fate/stay night [Unlimited Blade Works] 第一季,1674473
醋老虎炸了,999.61,1,15138834,2024-02-17 21:02:23,2554067,4,战意之所在,Fate/stay night [Unlimited Blade Works] 第一季,1674473
这边是踢蛋了吧？,253.45,1,15138834,2024-02-17 20:52:23,2554067,4,战意之所在,Fate/stay night [Unlimited Blade Works] 第一季,1674473
这可是未来妹夫,236.451,1,16777215,2024-02-16 23:03:48,2554067,4,战意之所在,Fate/stay night [Unlimited Blade Works] 第一季,1674473
为什么看着像灯笼鱼的即视感？,409.201,1,16777215,2024-02-16 22:54:35,2554067,4,战意之所在,Fate/stay night [Unlimited Blade Works] 第一季,1674473
 头发遮挡好评,49.49,1,16777215,2024-02-16 22:52:02,2554067,4,战意之所在,Fate/stay night [Unlimited Blade Works] 第一季,1674473
头发遮挡好评,44.242,1,16777215,2024-02-16 22:51:44,2554067,4,战意之所在,Fate/stay night [Unlimited Blade Works] 第一季,1674473
头发遮挡好评,36.626,1,16777215,2024-02-16 22:51:31,2554067,4,战意之所在,Fate/stay night [Unlimited Blade Works] 第一季,1674473
头发遮挡好评,55.037,1,16777215,2024-02-16 22:51:13,2554067,4,战意之所在,Fate/stay night [Unlimited Blade Works] 第一季,1674473
请问伙食费怎么算,1091.488,1,16646914,2024-02-16 19:30:44,2554067,4,战意之所在,Fate/stay night [Unlimited Blade Works] 第一季,1674473
骨架版682？,1185.736,1,41194,2024-02-16 12:27:23,2554067,4,战意之所在,Fate/stay night [Unlimited Blade Works] 第一季,1674473
呆毛的疑惑,1028.643,1,41194,2024-02-16 12:23:16,2554067,4,战意之所在,Fate/stay night [Unlimited Blade Works] 第一季,1674473
太萌了,360.638,1,16777215,2024-02-16 12:11:29,2554067,4,战意之所在,Fate/stay night [Unlimited Blade Works] 第一季,1674473
樱的从者是自己,1075.294,1,16777215,2024-02-15 19:07:54,2554067,4,战意之所在,Fate/stay night [Unlimited Blade Works] 第一季,1674473
当初,1014.829,5,9487136,2024-02-15 13:47:24,2554067,4,战意之所在,Fate/stay night [Unlimited Blade Works] 第一季,1674473
06士郎让B叔直接劈两半了……,343.485,1,16777215,2024-02-15 08:59:25,2554067,4,战意之所在,Fate/stay night [Unlimited Blade Works] 第一季,1674473
+一错看,770.983,1,16777215,2024-02-15 08:08:57,2554067,4,战意之所在,Fate/stay night [Unlimited Blade Works] 第一季,1674473
王的召唤是自己画的阵，属于不完全召唤，所以不能灵体化,1014.31,1,16777215,2024-02-14 22:24:10,2554067,4,战意之所在,Fate/stay night [Unlimited Blade Works] 第一季,1674473
怪不得红a是archer。,878.609,1,16777215,2024-02-14 12:53:56,2554067,4,战意之所在,Fate/stay night [Unlimited Blade Works] 第一季,1674473
感受不到血腥味指前职业杀手,811.261,5,16777215,2024-02-13 15:32:29,2554067,4,战意之所在,Fate/stay night [Unlimited Blade Works] 第一季,1674473
魔依世界观里四站没发生，所以伊莉雅没有狂气（不过御姐范的伊莉雅也很棒呢=w=）,170.147,1,16777215,2024-02-13 15:27:21,2554067,4,战意之所在,Fate/stay night [Unlimited Blade Works] 第一季,1674473
有一个无情眼出现了,758.566,5,16707842,2024-02-13 15:09:31,2554067,4,战意之所在,Fate/stay night [Unlimited Blade Works] 第一季,1674473
我看她也是风韵犹存,41.59,1,16777215,2024-02-13 13:54:10,2554067,4,战意之所在,Fate/stay night [Unlimited Blade Works] 第一季,1674473
开始攻略,359.097,1,16777215,2024-02-12 20:30:12,2554067,4,战意之所在,Fate/stay night [Unlimited Blade Works] 第一季,1674473
傲娇凛,237.007,1,16777215,2024-02-12 12:23:47,2554067,4,战意之所在,Fate/stay night [Unlimited Blade Works] 第一季,1674473
樱好可爱,1011.573,1,16777215,2024-02-12 00:36:16,2554067,4,战意之所在,Fate/stay night [Unlimited Blade Works] 第一季,1674473
还真是,980.323,1,16707842,2024-02-11 22:00:48,2554067,4,战意之所在,Fate/stay night [Unlimited Blade Works] 第一季,1674473
每条线呆毛的好感都不能低,406.024,1,16777215,2024-02-11 21:21:04,2554067,4,战意之所在,Fate/stay night [Unlimited Blade Works] 第一季,1674473
在凛线能不能别提别的CP,665.435,1,16777215,2024-02-10 22:16:54,2554067,4,战意之所在,Fate/stay night [Unlimited Blade Works] 第一季,1674473
好好好，把伊莉雅和凛也叫来！,1143.96,1,16777215,2024-02-10 19:28:55,2554067,4,战意之所在,Fate/stay night [Unlimited Blade Works] 第一季,1674473
呆毛和薇尔莉特神似,662.882,1,16777215,2024-02-10 14:12:54,2554067,4,战意之所在,Fate/stay night [Unlimited Blade Works] 第一季,1674473
Saber，牛壁,418.91,1,16777215,2024-02-10 14:07:31,2554067,4,战意之所在,Fate/stay night [Unlimited Blade Works] 第一季,1674473
呆毛好可爱,409.075,1,16777215,2024-02-10 14:07:12,2554067,4,战意之所在,Fate/stay night [Unlimited Blade Works] 第一季,1674473
噔噔咚,1132.265,1,16777215,2024-02-09 22:50:50,2554067,4,战意之所在,Fate/stay night [Unlimited Blade Works] 第一季,1674473
超级大美人,719.846,1,16777215,2024-02-09 22:42:47,2554067,4,战意之所在,Fate/stay night [Unlimited Blade Works] 第一季,1674473
巧了 还真是,980.842,1,16777215,2024-02-09 18:27:04,2554067,4,战意之所在,Fate/stay night [Unlimited Blade Works] 第一季,1674473
屏幕买小了,20.799,5,16777215,2024-02-09 18:12:03,2554067,4,战意之所在,Fate/stay night [Unlimited Blade Works] 第一季,1674473
两仪式？,699.472,1,16777215,2024-02-09 00:12:45,2554067,4,战意之所在,Fate/stay night [Unlimited Blade Works] 第一季,1674473
好萌啊,550.989,1,16777215,2024-02-09 00:10:27,2554067,4,战意之所在,Fate/stay night [Unlimited Blade Works] 第一季,1674473
空手道,1188.741,1,16777215,2024-02-08 12:26:58,2554067,4,战意之所在,Fate/stay night [Unlimited Blade Works] 第一季,1674473
真就瓦斯实体化了,1228.024,1,16777215,2024-02-08 12:24:48,2554067,4,战意之所在,Fate/stay night [Unlimited Blade Works] 第一季,1674473
还有printer!,456.572,1,16777215,2024-02-07 01:21:57,2554067,4,战意之所在,Fate/stay night [Unlimited Blade Works] 第一季,1674473
凛:我的线,968.169,1,16777215,2024-02-06 19:07:10,2554067,4,战意之所在,Fate/stay night [Unlimited Blade Works] 第一季,1674473
哈哈哈我已经开始笑了！,643.309,1,16777215,2024-02-06 00:19:26,2554067,4,战意之所在,Fate/stay night [Unlimited Blade Works] 第一季,1674473
unfair ,235.005,5,11890,2024-02-04 18:53:56,2554067,4,战意之所在,Fate/stay night [Unlimited Blade Works] 第一季,1674473
unfair ,233.561,1,16777215,2024-02-04 18:53:26,2554067,4,战意之所在,Fate/stay night [Unlimited Blade Works] 第一季,1674473
C妈,1272.328,1,16777215,2024-02-04 12:53:26,2554067,4,战意之所在,Fate/stay night [Unlimited Blade Works] 第一季,1674473
攻略step1,356.54,1,16777215,2024-02-04 12:29:10,2554067,4,战意之所在,Fate/stay night [Unlimited Blade Works] 第一季,1674473
凛：下亿次见面我们就是敌人了,268.707,5,16777215,2024-02-03 21:26:27,2554067,4,战意之所在,Fate/stay night [Unlimited Blade Works] 第一季,1674473
我去,40.401,1,16777215,2024-02-03 20:41:06,2554067,4,战意之所在,Fate/stay night [Unlimited Blade Works] 第一季,1674473
薇尔莉特伊芙加登,516.87,1,16777215,2024-02-03 15:37:03,2554067,4,战意之所在,Fate/stay night [Unlimited Blade Works] 第一季,1674473
士朗给的诱惑~我唱起了情歌~,1134.69,1,16777215,2024-02-02 11:28:25,2554067,4,战意之所在,Fate/stay night [Unlimited Blade Works] 第一季,1674473
樱已经明白了这是从者了,1019.191,1,16777215,2024-02-02 11:14:45,2554067,4,战意之所在,Fate/stay night [Unlimited Blade Works] 第一季,1674473
士郎:正面单挑谁用弓啊,881.257,1,16777215,2024-02-02 10:39:10,2554067,4,战意之所在,Fate/stay night [Unlimited Blade Works] 第一季,1674473
单独行动A++（bushi）,731.977,1,16777215,2024-02-02 10:36:27,2554067,4,战意之所在,Fate/stay night [Unlimited Blade Works] 第一季,1674473
真修罗场，樱的醋坛子翻了,988.465,1,16777215,2024-01-31 17:23:02,2554067,4,战意之所在,Fate/stay night [Unlimited Blade Works] 第一季,1674473
吾王美如画,302.05,1,16777215,2024-01-31 12:08:00,2554067,4,战意之所在,Fate/stay night [Unlimited Blade Works] 第一季,1674473
卢恩……？,1164.138,5,16777215,2024-01-31 01:39:17,2554067,4,战意之所在,Fate/stay night [Unlimited Blade Works] 第一季,1674473
晚餐你做这么丰盛啊,1075.751,1,16777215,2024-01-30 23:39:22,2554067,4,战意之所在,Fate/stay night [Unlimited Blade Works] 第一季,1674473
后宫启动！,1139.379,1,16777215,2024-01-29 20:38:00,2554067,4,战意之所在,Fate/stay night [Unlimited Blade Works] 第一季,1674473
这就是红A是弓兵的原因,872.855,1,16777215,2024-01-28 17:36:51,2554067,4,战意之所在,Fate/stay night [Unlimited Blade Works] 第一季,1674473
明？明日香？,1240.12,1,16777215,2024-01-28 17:34:40,2554067,4,战意之所在,Fate/stay night [Unlimited Blade Works] 第一季,1674473
明？明日香？,1240.12,1,16777215,2024-01-28 17:34:23,2554067,4,战意之所在,Fate/stay night [Unlimited Blade Works] 第一季,1674473
这是啥线啊，是吾王的吗？还是远坂凛,389.551,1,16777215,2024-01-28 01:03:39,2554067,4,战意之所在,Fate/stay night [Unlimited Blade Works] 第一季,1674473
oi！！老登,1100.555,1,16777215,2024-01-26 15:37:27,2554067,4,战意之所在,Fate/stay night [Unlimited Blade Works] 第一季,1674473
还是喜欢06版的。,1173.882,1,16777215,2024-01-26 00:15:07,2554067,4,战意之所在,Fate/stay night [Unlimited Blade Works] 第一季,1674473
还真是,976.376,1,16777215,2024-01-25 23:22:00,2554067,4,战意之所在,Fate/stay night [Unlimited Blade Works] 第一季,1674473
cooker是厨具，cook才是厨师,1108.326,1,16777215,2024-01-25 13:22:33,2554067,4,战意之所在,Fate/stay night [Unlimited Blade Works] 第一季,1674473
太可爱了式姐,947.139,1,16777215,2024-01-24 17:28:28,2554067,4,战意之所在,Fate/stay night [Unlimited Blade Works] 第一季,1674473
和06版不一样,193.416,1,16777215,2024-01-24 11:56:29,2554067,4,战意之所在,Fate/stay night [Unlimited Blade Works] 第一季,1674473
因为她是两仪式的马甲,872.789,1,16777215,2024-01-24 00:33:22,2554067,4,战意之所在,Fate/stay night [Unlimited Blade Works] 第一季,1674473
吃大醋了,1013.026,1,16777215,2024-01-23 22:41:08,2554067,4,战意之所在,Fate/stay night [Unlimited Blade Works] 第一季,1674473
樱这里一下就知道了..,1006.458,1,16777215,2024-01-20 10:35:38,2554067,4,战意之所在,Fate/stay night [Unlimited Blade Works] 第一季,1674473
然而被金皮卡薄纱,155.27,1,16777215,2024-01-20 10:24:21,2554067,4,战意之所在,Fate/stay night [Unlimited Blade Works] 第一季,1674473
麻婆：我最开始也没有欲望,898.824,1,16777215,2024-01-19 15:25:34,2554067,4,战意之所在,Fate/stay night [Unlimited Blade Works] 第一季,1674473
B叔被削成麻瓜了,44.131,1,16777215,2024-01-18 15:10:57,2554067,4,战意之所在,Fate/stay night [Unlimited Blade Works] 第一季,1674473
好活跃的saber www,840.83,1,16777215,2024-01-17 12:13:57,2554067,4,战意之所在,Fate/stay night [Unlimited Blade Works] 第一季,1674473
闪耀之路补np啊,491.729,1,16777215,2024-01-17 11:37:52,2554067,4,战意之所在,Fate/stay night [Unlimited Blade Works] 第一季,1674473
还真是,981.096,1,16777215,2024-01-16 19:07:14,2554067,4,战意之所在,Fate/stay night [Unlimited Blade Works] 第一季,1674473
型月著名女演员,693.013,1,16777215,2024-01-16 10:42:05,2554067,4,战意之所在,Fate/stay night [Unlimited Blade Works] 第一季,1674473
呆毛王,508.855,1,16777215,2024-01-15 16:41:57,2554067,4,战意之所在,Fate/stay night [Unlimited Blade Works] 第一季,1674473
士郎的弓术应该日本无双的，射必中,870.078,1,16777215,2024-01-14 03:17:16,2554067,4,战意之所在,Fate/stay night [Unlimited Blade Works] 第一季,1674473
我看到赛拉就想起她被士郎喂胖的画面，笑死,8.675,1,16777215,2024-01-14 03:14:22,2554067,4,战意之所在,Fate/stay night [Unlimited Blade Works] 第一季,1674473
石头唱的好,150.544,1,16777215,2024-01-13 11:18:19,2554067,4,战意之所在,Fate/stay night [Unlimited Blade Works] 第一季,1674473
被你言中了,977.523,1,16777215,2024-01-12 21:20:29,2554067,4,战意之所在,Fate/stay night [Unlimited Blade Works] 第一季,1674473
能看到小樱这么开朗真好啊,1129.253,1,16777215,2024-01-12 15:21:05,2554067,4,战意之所在,Fate/stay night [Unlimited Blade Works] 第一季,1674473
这条线士剑羁绊也不差,382.315,1,16777215,2024-01-12 15:11:08,2554067,4,战意之所在,Fate/stay night [Unlimited Blade Works] 第一季,1674473
。。。,1132.454,1,11890,2024-01-10 21:34:32,2554067,4,战意之所在,Fate/stay night [Unlimited Blade Works] 第一季,1674473
啊这。。。有必要吗？saber前期对士郎就只有御主和从者关系的感受而已（忠信）,1119.995,1,11890,2024-01-10 21:33:36,2554067,4,战意之所在,Fate/stay night [Unlimited Blade Works] 第一季,1674473
飞碟社做的太好了，可以参考鬼灭,193.748,1,16777215,2024-01-10 12:48:42,2554067,4,战意之所在,Fate/stay night [Unlimited Blade Works] 第一季,1674473
卫宫伊莉雅,45.886,1,16777215,2024-01-10 02:27:59,2554067,4,战意之所在,Fate/stay night [Unlimited Blade Works] 第一季,1674473
完全体须佐能乎对战伏魔御厨子,577.269,1,16777215,2024-01-07 15:52:42,2554067,4,战意之所在,Fate/stay night [Unlimited Blade Works] 第一季,1674473
士郎：一个完全体须佐能乎直接上,405.886,1,16777215,2024-01-07 15:48:44,2554067,4,战意之所在,Fate/stay night [Unlimited Blade Works] 第一季,1674473
还真是,816.126,1,16777215,2024-01-07 10:47:55,2554067,4,战意之所在,Fate/stay night [Unlimited Blade Works] 第一季,1674473
卫宫女子宿舍初具雏形,1139.506,5,11890,2024-01-07 09:45:06,2554067,4,战意之所在,Fate/stay night [Unlimited Blade Works] 第一季,1674473
草十郎的师兄,811.181,1,16777215,2024-01-07 09:42:32,2554067,4,战意之所在,Fate/stay night [Unlimited Blade Works] 第一季,1674473
型月知名演员,722.12,1,16777215,2024-01-04 21:15:23,2554067,4,战意之所在,Fate/stay night [Unlimited Blade Works] 第一季,1674473
龙牙兵,1165.978,1,16777215,2024-01-04 20:20:02,2554067,4,战意之所在,Fate/stay night [Unlimited Blade Works] 第一季,1674473
因为樱是rider的master啊,1039.006,1,16777215,2024-01-04 20:17:49,2554067,4,战意之所在,Fate/stay night [Unlimited Blade Works] 第一季,1674473
樱别装啦hhhh,1014.083,1,16777215,2024-01-04 20:16:44,2554067,4,战意之所在,Fate/stay night [Unlimited Blade Works] 第一季,1674473
突然想起式姐和巴,963.677,1,16777215,2024-01-04 20:15:45,2554067,4,战意之所在,Fate/stay night [Unlimited Blade Works] 第一季,1674473
那是因为你的剑鞘hhh,330.943,1,16777215,2024-01-04 20:03:58,2554067,4,战意之所在,Fate/stay night [Unlimited Blade Works] 第一季,1674473
哟西,906.957,1,16777215,2024-01-04 16:22:29,2554067,4,战意之所在,Fate/stay night [Unlimited Blade Works] 第一季,1674473
想大帝了,428.153,5,16707842,2024-01-04 07:53:53,2554067,4,战意之所在,Fate/stay night [Unlimited Blade Works] 第一季,1674473
加特凛,1170.561,1,16777215,2024-01-03 10:23:07,2554067,4,战意之所在,Fate/stay night [Unlimited Blade Works] 第一季,1674473
最强teacher,438.986,1,16777215,2024-01-01 22:17:31,2554067,4,战意之所在,Fate/stay night [Unlimited Blade Works] 第一季,1674473
不知为何感觉特别的爽。。。喜欢saber,1057.502,1,16777215,2024-01-01 17:39:03,2554067,4,战意之所在,Fate/stay night [Unlimited Blade Works] 第一季,1674473
你忘了你在哪被汪酱捅的了吗,654.132,1,16777215,2024-01-01 12:53:34,2554067,4,战意之所在,Fate/stay night [Unlimited Blade Works] 第一季,1674473
想你了牢嗣,1346.302,1,16707842,2024-01-01 08:01:29,2554067,4,战意之所在,Fate/stay night [Unlimited Blade Works] 第一季,1674473
光合作用,301.027,1,16777215,2023-12-31 20:56:07,2554067,4,战意之所在,Fate/stay night [Unlimited Blade Works] 第一季,1674473
我再开门  嘿又见面了,267.264,5,16646914,2023-12-30 22:32:21,2554067,4,战意之所在,Fate/stay night [Unlimited Blade Works] 第一季,1674473
被男人抛弃的魔女,1232.326,1,16777215,2023-12-29 23:20:18,2554067,4,战意之所在,Fate/stay night [Unlimited Blade Works] 第一季,1674473
樱的家里就俩人，通不通知也没啥区别吧,1133.585,1,16777215,2023-12-29 23:18:46,2554067,4,战意之所在,Fate/stay night [Unlimited Blade Works] 第一季,1674473
卫宫家今天的饭,1067.586,1,16777215,2023-12-27 19:32:43,2554067,4,战意之所在,Fate/stay night [Unlimited Blade Works] 第一季,1674473
saber：这个更好,580.801,1,16777215,2023-12-27 18:00:36,2554067,4,战意之所在,Fate/stay night [Unlimited Blade Works] 第一季,1674473
哈哈,1014.297,1,16777215,2023-12-27 12:32:18,2554067,4,战意之所在,Fate/stay night [Unlimited Blade Works] 第一季,1674473
红a：我要杀我？,1324.599,1,15138834,2023-12-27 03:09:35,2554067,4,战意之所在,Fate/stay night [Unlimited Blade Works] 第一季,1674473
实话……,984.83,1,16777215,2023-12-24 18:48:16,2554067,4,战意之所在,Fate/stay night [Unlimited Blade Works] 第一季,1674473
好美…,961.677,1,16777215,2023-12-24 17:20:40,2554067,4,战意之所在,Fate/stay night [Unlimited Blade Works] 第一季,1674473
偷点东西,292.443,1,16777215,2023-12-24 15:35:45,2554067,4,战意之所在,Fate/stay night [Unlimited Blade Works] 第一季,1674473
他没有笑过吗？我怎么不记得？,944.051,1,16777215,2023-12-23 23:02:52,2554067,4,战意之所在,Fate/stay night [Unlimited Blade Works] 第一季,1674473
还有裁决者和复仇者,437.503,1,16777215,2023-12-23 22:03:21,2554067,4,战意之所在,Fate/stay night [Unlimited Blade Works] 第一季,1674473
这背不纹的圣痕可惜了,283.686,5,15138834,2023-12-23 15:10:01,2554067,4,战意之所在,Fate/stay night [Unlimited Blade Works] 第一季,1674473
全是经费啊,195.425,1,16777215,2023-12-22 19:37:03,2554067,4,战意之所在,Fate/stay night [Unlimited Blade Works] 第一季,1674473
不是，这是什么线啊,1133.673,1,16777215,2023-12-22 15:30:26,2554067,4,战意之所在,Fate/stay night [Unlimited Blade Works] 第一季,1674473
瓦斯泄露,1202.374,1,16777215,2023-12-19 23:04:28,2554067,4,战意之所在,Fate/stay night [Unlimited Blade Works] 第一季,1674473
天然呆,251.11,5,16777215,2023-12-19 09:42:42,2554067,4,战意之所在,Fate/stay night [Unlimited Blade Works] 第一季,1674473
dianhzu,950.238,1,16777215,2023-12-19 01:04:29,2554067,4,战意之所在,Fate/stay night [Unlimited Blade Works] 第一季,1674473
我们一起偷税吧！！！,1114.366,1,16777215,2023-12-19 00:05:42,2554067,4,战意之所在,Fate/stay night [Unlimited Blade Works] 第一季,1674473
无他，自动挡,154.001,1,16777215,2023-12-17 23:32:35,2554067,4,战意之所在,Fate/stay night [Unlimited Blade Works] 第一季,1674473
小jiojio可爱滴,258.671,1,16777215,2023-12-17 17:33:18,2554067,4,战意之所在,Fate/stay night [Unlimited Blade Works] 第一季,1674473
王の,992.677,1,16777215,2023-12-16 21:24:32,2554067,4,战意之所在,Fate/stay night [Unlimited Blade Works] 第一季,1674473
哈哈哈哈哈,1133.13,1,16777215,2023-12-15 15:09:17,2554067,4,战意之所在,Fate/stay night [Unlimited Blade Works] 第一季,1674473
最强是actor,425.969,5,15138834,2023-12-13 12:22:20,2554067,4,战意之所在,Fate/stay night [Unlimited Blade Works] 第一季,1674473
很离谱啊兄弟们,701.805,1,16777215,2023-12-13 10:19:03,2554067,4,战意之所在,Fate/stay night [Unlimited Blade Works] 第一季,1674473
手..........枪,1184.231,1,16777215,2023-12-13 03:00:35,2554067,4,战意之所在,Fate/stay night [Unlimited Blade Works] 第一季,1674473
我就知道,1128.514,1,16777215,2023-12-13 02:59:39,2554067,4,战意之所在,Fate/stay night [Unlimited Blade Works] 第一季,1674473
小笼包,27.909,1,16777215,2023-12-13 02:42:32,2554067,4,战意之所在,Fate/stay night [Unlimited Blade Works] 第一季,1674473
宇宙膨胀率的是希灵的书友吧。,381.807,1,16777215,2023-12-12 17:28:08,2554067,4,战意之所在,Fate/stay night [Unlimited Blade Works] 第一季,1674473
更像织,707.241,1,16777215,2023-12-11 00:07:36,2554067,4,战意之所在,Fate/stay night [Unlimited Blade Works] 第一季,1674473
从未有如此美妙的开局,1017.017,1,16777215,2023-12-10 01:42:26,2554067,4,战意之所在,Fate/stay night [Unlimited Blade Works] 第一季,1674473
士郎体内有剑鞘！,299.806,1,16777215,2023-12-09 19:44:22,2554067,4,战意之所在,Fate/stay night [Unlimited Blade Works] 第一季,1674473
还真是,978.411,1,16777215,2023-12-09 02:00:58,2554067,4,战意之所在,Fate/stay night [Unlimited Blade Works] 第一季,1674473
对亚瑟王宝具，士郎的饭,536.725,5,16707842,2023-12-07 19:53:53,2554067,4,战意之所在,Fate/stay night [Unlimited Blade Works] 第一季,1674473
红a读条最长的我不认可，明明是闪闪,497.531,1,16646914,2023-12-06 22:26:10,2554067,4,战意之所在,Fate/stay night [Unlimited Blade Works] 第一季,1674473
你补魔啊,578.142,1,16777215,2023-12-06 12:50:59,2554067,4,战意之所在,Fate/stay night [Unlimited Blade Works] 第一季,1674473
 卫宫家今天的饭,578.174,1,16777215,2023-12-05 20:22:16,2554067,4,战意之所在,Fate/stay night [Unlimited Blade Works] 第一季,1674473
我也听成十香的士道了,806.591,5,16777215,2023-12-05 05:22:27,2554067,4,战意之所在,Fate/stay night [Unlimited Blade Works] 第一季,1674473
呆毛瞩目,319.337,1,16777215,2023-12-05 05:12:54,2554067,4,战意之所在,Fate/stay night [Unlimited Blade Works] 第一季,1674473
全身就嘴最硬,1321.043,1,16777215,2023-12-04 04:15:43,2554067,4,战意之所在,Fate/stay night [Unlimited Blade Works] 第一季,1674473
saber的剑辨认度太高了,515.35,1,16777215,2023-12-02 19:18:29,2554067,4,战意之所在,Fate/stay night [Unlimited Blade Works] 第一季,1674473
cooker是厨具啦，cook厨师,1092.354,1,16777215,2023-12-01 23:04:27,2554067,4,战意之所在,Fate/stay night [Unlimited Blade Works] 第一季,1674473
知道红A为什么这么准了吧！,899.228,5,16777215,2023-12-01 22:10:48,2554067,4,战意之所在,Fate/stay night [Unlimited Blade Works] 第一季,1674473
卫宫家的饭,539.617,5,16777215,2023-12-01 22:02:42,2554067,4,战意之所在,Fate/stay night [Unlimited Blade Works] 第一季,1674473
124-,1246.184,1,16777215,2023-12-01 18:50:36,2554067,4,战意之所在,Fate/stay night [Unlimited Blade Works] 第一季,1674473
什么柯南,985.607,5,16765698,2023-11-29 20:30:24,2554067,4,战意之所在,Fate/stay night [Unlimited Blade Works] 第一季,1674473
卢恩符文！！奎爷！！,1166.289,1,16777215,2023-11-29 00:36:23,2554067,4,战意之所在,Fate/stay night [Unlimited Blade Works] 第一季,1674473
士郎头上没有两个超级肿包我不是很认可,256.549,1,16777215,2023-11-28 23:52:25,2554067,4,战意之所在,Fate/stay night [Unlimited Blade Works] 第一季,1674473
还真是WWW,979.718,1,41194,2023-11-28 16:40:33,2554067,4,战意之所在,Fate/stay night [Unlimited Blade Works] 第一季,1674473
这都是素材啊,1189.097,1,16777215,2023-11-26 14:55:36,2554067,4,战意之所在,Fate/stay night [Unlimited Blade Works] 第一季,1674473
亚历山大大帝,428.448,5,16777215,2023-11-26 11:29:03,2554067,4,战意之所在,Fate/stay night [Unlimited Blade Works] 第一季,1674473
06版画面不一样但是,347.315,1,16777215,2023-11-25 23:30:32,2554067,4,战意之所在,Fate/stay night [Unlimited Blade Works] 第一季,1674473
不能灵体化是因为saber的生命被抑止力冻结了，现在的saber是一个活着的人。,1082.403,1,16777215,2023-11-25 23:04:21,2554067,4,战意之所在,Fate/stay night [Unlimited Blade Works] 第一季,1674473
远房亲戚,721.732,1,16777215,2023-11-25 15:47:32,2554067,4,战意之所在,Fate/stay night [Unlimited Blade Works] 第一季,1674473
我是writer虚渊玄,440.497,1,16777215,2023-11-25 15:36:08,2554067,4,战意之所在,Fate/stay night [Unlimited Blade Works] 第一季,1674473
真是怠惰（乱入）,1215.163,1,38979,2023-11-23 22:48:47,2554067,4,战意之所在,Fate/stay night [Unlimited Blade Works] 第一季,1674473
因为想学桐人,918.681,1,16777215,2023-11-23 18:44:27,2554067,4,战意之所在,Fate/stay night [Unlimited Blade Works] 第一季,1674473
还真是,993.301,1,16777215,2023-11-23 13:48:55,2554067,4,战意之所在,Fate/stay night [Unlimited Blade Works] 第一季,1674473
还有一种恢复方法,599.03,1,16777215,2023-11-23 04:07:53,2554067,4,战意之所在,Fate/stay night [Unlimited Blade Works] 第一季,1674473
呆毛也可以用枪的,466.109,1,16777215,2023-11-22 20:52:33,2554067,4,战意之所在,Fate/stay night [Unlimited Blade Works] 第一季,1674473
不对吧，应该是阴气弹吧，「炁」这个字我记得是在中国道学里面创造的,1163.507,1,16777215,2023-11-21 19:33:15,2554067,4,战意之所在,Fate/stay night [Unlimited Blade Works] 第一季,1674473
嗯哼哼,367.703,1,16777215,2023-11-21 00:20:20,2554067,4,战意之所在,Fate/stay night [Unlimited Blade Works] 第一季,1674473
不得吃一顿再走？,281.957,1,16777215,2023-11-17 21:29:40,2554067,4,战意之所在,Fate/stay night [Unlimited Blade Works] 第一季,1674473
你究竟有几个好妹妹,1018.035,5,15138834,2023-11-17 18:26:32,2554067,4,战意之所在,Fate/stay night [Unlimited Blade Works] 第一季,1674473
最强职阶,780.688,1,16777215,2023-11-16 13:11:43,2554067,4,战意之所在,Fate/stay night [Unlimited Blade Works] 第一季,1674473
红a投影的宝具是降级的,531.027,1,16777215,2023-11-15 19:50:43,2554067,4,战意之所在,Fate/stay night [Unlimited Blade Works] 第一季,1674473
那是士郎的衣服好吧ww,1071.635,1,16777215,2023-11-15 08:56:26,2554067,4,战意之所在,Fate/stay night [Unlimited Blade Works] 第一季,1674473
八辈子没见过这么好的御主,534.141,1,16777215,2023-11-14 19:56:25,2554067,4,战意之所在,Fate/stay night [Unlimited Blade Works] 第一季,1674473
红A男主，凛女主,1181.493,1,16777215,2023-11-14 08:06:48,2554067,4,战意之所在,Fate/stay night [Unlimited Blade Works] 第一季,1674473
嘿，这家伙可是能单挑你的、,822.379,1,16777215,2023-11-14 08:00:32,2554067,4,战意之所在,Fate/stay night [Unlimited Blade Works] 第一季,1674473
“底牌”,1271.034,1,16777215,2023-11-13 14:41:28,2554067,4,战意之所在,Fate/stay night [Unlimited Blade Works] 第一季,1674473
老虎：警觉,980.31,1,16777215,2023-11-13 14:36:46,2554067,4,战意之所在,Fate/stay night [Unlimited Blade Works] 第一季,1674473
sleeper,433.532,1,16777215,2023-11-13 14:28:45,2554067,4,战意之所在,Fate/stay night [Unlimited Blade Works] 第一季,1674473
是不是串番了,1183.806,5,16777215,2023-11-12 13:58:49,2554067,4,战意之所在,Fate/stay night [Unlimited Blade Works] 第一季,1674473
动作指导：御坂美琴,1195.623,1,16777215,2023-11-10 18:01:18,2554067,4,战意之所在,Fate/stay night [Unlimited Blade Works] 第一季,1674473
还真是,980.725,1,16777215,2023-11-10 01:09:53,2554067,4,战意之所在,Fate/stay night [Unlimited Blade Works] 第一季,1674473
划重点，无法灵体化,544.969,1,16777215,2023-11-07 16:41:13,2554067,4,战意之所在,Fate/stay night [Unlimited Blade Works] 第一季,1674473
好有礼貌,1072.003,1,16777215,2023-11-06 17:01:45,2554067,4,战意之所在,Fate/stay night [Unlimited Blade Works] 第一季,1674473
这不是UBW线吗,1124.856,1,16777215,2023-11-05 23:51:43,2554067,4,战意之所在,Fate/stay night [Unlimited Blade Works] 第一季,1674473
马上就打脸,1318.4,5,16740868,2023-11-05 23:45:57,2554067,4,战意之所在,Fate/stay night [Unlimited Blade Works] 第一季,1674473
我是近战劣人,930.472,5,16740868,2023-11-05 23:39:05,2554067,4,战意之所在,Fate/stay night [Unlimited Blade Works] 第一季,1674473
龙妈出场画面既视感,33.292,5,16740868,2023-11-05 23:25:16,2554067,4,战意之所在,Fate/stay night [Unlimited Blade Works] 第一季,1674473
诶，雀食,982.886,1,15138834,2023-11-05 17:08:08,2554067,4,战意之所在,Fate/stay night [Unlimited Blade Works] 第一季,1674473
最强teacher葛木,743.081,1,15138834,2023-11-05 17:02:48,2554067,4,战意之所在,Fate/stay night [Unlimited Blade Works] 第一季,1674473
还真是,981.281,1,16777215,2023-11-05 10:06:06,2554067,4,战意之所在,Fate/stay night [Unlimited Blade Works] 第一季,1674473
傲娇凛,232.449,1,16777215,2023-11-05 09:37:48,2554067,4,战意之所在,Fate/stay night [Unlimited Blade Works] 第一季,1674473
露骨，好涩,1161.168,5,16646914,2023-11-04 19:07:48,2554067,4,战意之所在,Fate/stay night [Unlimited Blade Works] 第一季,1674473
好耶，日常番,1143.746,5,16646914,2023-11-04 19:07:27,2554067,4,战意之所在,Fate/stay night [Unlimited Blade Works] 第一季,1674473
就喜欢看这戏,1027.192,5,16646914,2023-11-04 19:06:30,2554067,4,战意之所在,Fate/stay night [Unlimited Blade Works] 第一季,1674473
小时不识爱，误做求帮忙,538.497,5,16646914,2023-11-04 18:57:46,2554067,4,战意之所在,Fate/stay night [Unlimited Blade Works] 第一季,1674473
大哥好背,283.265,5,16646914,2023-11-04 18:52:35,2554067,4,战意之所在,Fate/stay night [Unlimited Blade Works] 第一季,1674473
还好士郎是体育生,335.129,1,16777215,2023-11-04 16:25:04,2554067,4,战意之所在,Fate/stay night [Unlimited Blade Works] 第一季,1674473
樱可太想了。。。。。,1136.0,1,16777215,2023-11-03 22:08:09,2554067,4,战意之所在,Fate/stay night [Unlimited Blade Works] 第一季,1674473
Saber:我要吃果盘,1266.506,1,16777215,2023-11-03 12:26:54,2554067,4,战意之所在,Fate/stay night [Unlimited Blade Works] 第一季,1674473
黑龙会长伊佐纳,1238.27,1,16777215,2023-11-02 13:06:52,2554067,4,战意之所在,Fate/stay night [Unlimited Blade Works] 第一季,1674473
我也是，看到樱就心疼,1344.5,5,8700107,2023-11-01 20:11:26,2554067,4,战意之所在,Fate/stay night [Unlimited Blade Works] 第一季,1674473
阅读理解满分,245.964,5,16707842,2023-11-01 17:48:04,2554067,4,战意之所在,Fate/stay night [Unlimited Blade Works] 第一季,1674473
傲娇受,234.116,5,16707842,2023-11-01 17:47:25,2554067,4,战意之所在,Fate/stay night [Unlimited Blade Works] 第一季,1674473
saber虽然也有肌肉，但筋力方面有魔力加成，所以不是金刚芭比,812.134,1,16777215,2023-10-31 19:47:15,2554067,4,战意之所在,Fate/stay night [Unlimited Blade Works] 第一季,1674473
术之尽头，炁体源流。,1197.646,1,16777215,2023-10-31 02:02:55,2554067,4,战意之所在,Fate/stay night [Unlimited Blade Works] 第一季,1674473
有胸,23.475,1,16777215,2023-10-30 20:31:05,2554067,4,战意之所在,Fate/stay night [Unlimited Blade Works] 第一季,1674473
奇怪的怨念 士缀（？）,715.434,1,16777215,2023-10-28 19:34:27,2554067,4,战意之所在,Fate/stay night [Unlimited Blade Works] 第一季,1674473
原来是这么个露骨…,1164.343,1,16777215,2023-10-27 21:35:30,2554067,4,战意之所在,Fate/stay night [Unlimited Blade Works] 第一季,1674473
三角形具有稳定性。,1036.438,1,16777215,2023-10-25 15:00:45,2554067,4,战意之所在,Fate/stay night [Unlimited Blade Works] 第一季,1674473
从者分职介就不可能再现作为英灵的全部，必定被削弱,449.524,1,16777215,2023-10-25 00:30:59,2554067,4,战意之所在,Fate/stay night [Unlimited Blade Works] 第一季,1674473
樱是怎么长得这么懂事的…,1029.608,1,16777215,2023-10-24 17:10:12,2554067,4,战意之所在,Fate/stay night [Unlimited Blade Works] 第一季,1674473
嘴硬,25.667,1,16777215,2023-10-24 02:28:02,2554067,4,战意之所在,Fate/stay night [Unlimited Blade Works] 第一季,1674473
卢恩文字？,1180.813,1,16777215,2023-10-23 19:23:43,2554067,4,战意之所在,Fate/stay night [Unlimited Blade Works] 第一季,1674473
'M',627.569,1,16777215,2023-10-23 16:10:34,2554067,4,战意之所在,Fate/stay night [Unlimited Blade Works] 第一季,1674473
去看卫宫家今天做的饭,1091.375,1,8700107,2023-10-22 22:08:01,2554067,4,战意之所在,Fate/stay night [Unlimited Blade Works] 第一季,1674473
式姐,701.271,5,9599289,2023-10-22 18:25:12,2554067,4,战意之所在,Fate/stay night [Unlimited Blade Works] 第一季,1674473
神级op,67.579,1,16777215,2023-10-22 12:43:30,2554067,4,战意之所在,Fate/stay night [Unlimited Blade Works] 第一季,1674473
]\\],1366.789,1,16777215,2023-10-22 12:12:29,2554067,4,战意之所在,Fate/stay night [Unlimited Blade Works] 第一季,1674473
凛这身衣服看上去好暖和，想要（）,567.675,5,16777215,2023-10-22 11:14:00,2554067,4,战意之所在,Fate/stay night [Unlimited Blade Works] 第一季,1674473
背景真实到竟然能认出鱼缸里的宝莲灯,816.41,1,16777215,2023-10-20 22:22:45,2554067,4,战意之所在,Fate/stay night [Unlimited Blade Works] 第一季,1674473
姐！！！！！！,1437.051,1,16777215,2023-10-20 20:39:39,2554067,4,战意之所在,Fate/stay night [Unlimited Blade Works] 第一季,1674473
服了,1139.756,1,16777215,2023-10-19 14:24:41,2554067,4,战意之所在,Fate/stay night [Unlimited Blade Works] 第一季,1674473
果然呐，真被我猜中了,1132.426,1,16777215,2023-10-17 18:58:29,2554067,4,战意之所在,Fate/stay night [Unlimited Blade Works] 第一季,1674473
最强空手道,812.886,1,16777215,2023-10-15 18:08:32,2554067,4,战意之所在,Fate/stay night [Unlimited Blade Works] 第一季,1674473
臙条巴,958.719,1,16777215,2023-10-15 17:46:37,2554067,4,战意之所在,Fate/stay night [Unlimited Blade Works] 第一季,1674473
不吉波普不笑,920.148,1,16777215,2023-10-15 17:45:48,2554067,4,战意之所在,Fate/stay night [Unlimited Blade Works] 第一季,1674473
终于有决醒了,163.575,1,16777215,2023-10-15 09:05:39,2554067,4,战意之所在,Fate/stay night [Unlimited Blade Works] 第一季,1674473
你说了不该说的话，少年,250.13,1,16777215,2023-10-14 22:36:38,2554067,4,战意之所在,Fate/stay night [Unlimited Blade Works] 第一季,1674473
虽然但是其实这是鞠躬？,1055.701,1,16777215,2023-10-13 23:20:26,2554067,4,战意之所在,Fate/stay night [Unlimited Blade Works] 第一季,1674473
你说得还怪对的嘞,978.666,1,16777215,2023-10-13 23:06:44,2554067,4,战意之所在,Fate/stay night [Unlimited Blade Works] 第一季,1674473
臣乃武将，不善言辞,11.492,5,15772458,2023-10-13 17:03:00,2554067,4,战意之所在,Fate/stay night [Unlimited Blade Works] 第一季,1674473
还真是,978.193,1,16777215,2023-10-13 01:00:07,2554067,4,战意之所在,Fate/stay night [Unlimited Blade Works] 第一季,1674473
我不信,1324.374,1,16777215,2023-10-13 00:49:25,2554067,4,战意之所在,Fate/stay night [Unlimited Blade Works] 第一季,1674473
卫宫家今天的饭,1080.445,1,16777215,2023-10-12 19:58:10,2554067,4,战意之所在,Fate/stay night [Unlimited Blade Works] 第一季,1674473
众所周知：禁止入内 都可以进,605.418,1,16777215,2023-10-12 03:02:57,2554067,4,战意之所在,Fate/stay night [Unlimited Blade Works] 第一季,1674473
士郎，这是凛线!,375.223,1,16777215,2023-10-11 23:43:05,2554067,4,战意之所在,Fate/stay night [Unlimited Blade Works] 第一季,1674473
每次见面都这么说,272.564,1,16777215,2023-10-11 23:41:12,2554067,4,战意之所在,Fate/stay night [Unlimited Blade Works] 第一季,1674473
樱:你以为我啥都不知道是吧,1010.139,1,16777215,2023-10-11 21:29:24,2554067,4,战意之所在,Fate/stay night [Unlimited Blade Works] 第一季,1674473
瓦斯中毒,1251.0,1,16777215,2023-10-11 21:08:09,2554067,4,战意之所在,Fate/stay night [Unlimited Blade Works] 第一季,1674473
式姐：这个是你掉的东西吧？,947.252,5,16646914,2023-10-09 13:46:23,2554067,4,战意之所在,Fate/stay night [Unlimited Blade Works] 第一季,1674473
还真是,980.865,1,16777215,2023-10-09 13:06:55,2554067,4,战意之所在,Fate/stay night [Unlimited Blade Works] 第一季,1674473
村正视角,201.104,1,16777215,2023-10-08 11:52:40,2554067,4,战意之所在,Fate/stay night [Unlimited Blade Works] 第一季,1674473
cy,771.298,1,16777215,2023-10-06 20:33:05,2554067,4,战意之所在,Fate/stay night [Unlimited Blade Works] 第一季,1674473
ub,250.002,1,16777215,2023-10-06 20:15:08,2554067,4,战意之所在,Fate/stay night [Unlimited Blade Works] 第一季,1674473
hhh,308.48,1,16777215,2023-10-06 16:25:17,2554067,4,战意之所在,Fate/stay night [Unlimited Blade Works] 第一季,1674473
震惊saber一整年,358.571,1,16777215,2023-10-06 01:08:38,2554067,4,战意之所在,Fate/stay night [Unlimited Blade Works] 第一季,1674473
剧情有点赶,371.537,1,16777215,2023-10-04 12:07:03,2554067,4,战意之所在,Fate/stay night [Unlimited Blade Works] 第一季,1674473
saber惊讶于这次的master怎么这么好说话,538.58,1,16777215,2023-10-04 00:38:43,2554067,4,战意之所在,Fate/stay night [Unlimited Blade Works] 第一季,1674473
谁说红A的宝具是弓箭了,938.285,1,16777215,2023-10-03 21:28:22,2554067,4,战意之所在,Fate/stay night [Unlimited Blade Works] 第一季,1674473
几分的呢？,1200.601,1,16777215,2023-10-03 20:37:30,2554067,4,战意之所在,Fate/stay night [Unlimited Blade Works] 第一季,1674473
可爱！,303.594,1,16777215,2023-10-03 20:34:21,2554067,4,战意之所在,Fate/stay night [Unlimited Blade Works] 第一季,1674473
护食的眼神？,628.297,1,16777215,2023-10-03 20:18:28,2554067,4,战意之所在,Fate/stay night [Unlimited Blade Works] 第一季,1674473
saber:前任都没有那么理解我！,536.006,1,16777215,2023-10-03 20:15:52,2554067,4,战意之所在,Fate/stay night [Unlimited Blade Works] 第一季,1674473
还是小时候可爱,171.316,1,16777215,2023-10-02 18:42:05,2554067,4,战意之所在,Fate/stay night [Unlimited Blade Works] 第一季,1674473
最强职阶明明是lover！,420.736,5,16646914,2023-10-02 16:59:32,2554067,4,战意之所在,Fate/stay night [Unlimited Blade Works] 第一季,1674473
因为士郎的魔力不足所以无法灵体化,638.017,1,16777215,2023-10-02 16:04:39,2554067,4,战意之所在,Fate/stay night [Unlimited Blade Works] 第一季,1674473
真的很露骨,1163.511,1,16777215,2023-10-01 23:12:25,2554067,4,战意之所在,Fate/stay night [Unlimited Blade Works] 第一季,1674473
吾王美如画,313.0,5,16777215,2023-09-30 23:03:08,2554067,4,战意之所在,Fate/stay night [Unlimited Blade Works] 第一季,1674473
明白，阿尔托莉雅,530.857,1,16777215,2023-09-30 17:51:14,2554067,4,战意之所在,Fate/stay night [Unlimited Blade Works] 第一季,1674473
时之恋人,1154.813,1,15138834,2023-09-30 14:26:45,2554067,4,战意之所在,Fate/stay night [Unlimited Blade Works] 第一季,1674473
一顿饭吃的对saber充满敌意,1083.0,1,16777215,2023-09-29 17:40:54,2554067,4,战意之所在,Fate/stay night [Unlimited Blade Works] 第一季,1674473
最强职阶teacher,810.0,1,16777215,2023-09-29 17:35:45,2554067,4,战意之所在,Fate/stay night [Unlimited Blade Works] 第一季,1674473
saber是凹进去的,731.0,1,16777215,2023-09-29 17:34:03,2554067,4,战意之所在,Fate/stay night [Unlimited Blade Works] 第一季,1674473
saber表情像个特务,655.0,1,16777215,2023-09-29 17:32:30,2554067,4,战意之所在,Fate/stay night [Unlimited Blade Works] 第一季,1674473
虎丘,3.249,1,16777215,2023-09-28 16:11:08,2554067,4,战意之所在,Fate/stay night [Unlimited Blade Works] 第一季,1674473
真的很配,1311.829,1,16777215,2023-09-28 14:20:55,2554067,4,战意之所在,Fate/stay night [Unlimited Blade Works] 第一季,1674473
世界名画,301.625,1,16777215,2023-09-28 06:29:46,2554067,4,战意之所在,Fate/stay night [Unlimited Blade Works] 第一季,1674473
越看越上瘾,13.0,1,16777215,2023-09-27 20:54:29,2554067,4,战意之所在,Fate/stay night [Unlimited Blade Works] 第一季,1674473
呆毛王剑鞘被偷了，不然就是打不死的小强自带机关炮了,447.235,1,16777215,2023-09-26 14:57:30,2554067,4,战意之所在,Fate/stay night [Unlimited Blade Works] 第一季,1674473
有剑鞘在打不死的,334.383,1,16777215,2023-09-26 14:55:37,2554067,4,战意之所在,Fate/stay night [Unlimited Blade Works] 第一季,1674473
好搭啊,545.929,1,16777215,2023-09-25 23:49:46,2554067,4,战意之所在,Fate/stay night [Unlimited Blade Works] 第一季,1674473
为什么这么喜欢阳光少年啊，你们,407.278,1,16777215,2023-09-25 17:58:18,2554067,4,战意之所在,Fate/stay night [Unlimited Blade Works] 第一季,1674473
三个女人一台戏,1100.919,1,16777215,2023-09-23 21:18:40,2554067,4,战意之所在,Fate/stay night [Unlimited Blade Works] 第一季,1674473
还有wate,435.206,1,16777215,2023-09-23 17:06:00,2554067,4,战意之所在,Fate/stay night [Unlimited Blade Works] 第一季,1674473
等等，那什么玩意儿钻过去了,1156.349,1,16777215,2023-09-22 13:54:30,2554067,4,战意之所在,Fate/stay night [Unlimited Blade Works] 第一季,1674473
这个道场怎么比06的小了那么多,317.126,1,16777215,2023-09-21 13:22:40,2554067,4,战意之所在,Fate/stay night [Unlimited Blade Works] 第一季,1674473
开始了开始了开始了,593.585,1,16777215,2023-09-20 14:14:18,2554067,4,战意之所在,Fate/stay night [Unlimited Blade Works] 第一季,1674473
下次丕定,1321.803,1,16777215,2023-09-20 11:49:39,2554067,4,战意之所在,Fate/stay night [Unlimited Blade Works] 第一季,1674473
最强职阶作者  author,426.591,1,16777215,2023-09-20 11:32:44,2554067,4,战意之所在,Fate/stay night [Unlimited Blade Works] 第一季,1674473
尊重是任何关系的前提呀,366.227,5,14811775,2023-09-19 19:35:55,2554067,4,战意之所在,Fate/stay night [Unlimited Blade Works] 第一季,1674473
“把master一人留在外面太危险了”,721.406,1,16777215,2023-09-18 22:41:59,2554067,4,战意之所在,Fate/stay night [Unlimited Blade Works] 第一季,1674473
难道小樱也是？,697.347,1,16777215,2023-09-18 21:04:06,2554067,4,战意之所在,Fate/stay night [Unlimited Blade Works] 第一季,1674473
吾王真的好可爱！！！,631.55,1,16777215,2023-09-18 15:18:46,2554067,4,战意之所在,Fate/stay night [Unlimited Blade Works] 第一季,1674473
奥斯特鳄？？,1187.505,1,16777215,2023-09-18 01:59:37,2554067,4,战意之所在,Fate/stay night [Unlimited Blade Works] 第一季,1674473
金钻头转校后成了校花,796.212,1,16777215,2023-09-18 01:52:53,2554067,4,战意之所在,Fate/stay night [Unlimited Blade Works] 第一季,1674473
没打他,271.365,1,16777215,2023-09-18 01:38:11,2554067,4,战意之所在,Fate/stay night [Unlimited Blade Works] 第一季,1674473
他怎么受的伤？？,177.941,1,16777215,2023-09-18 01:36:19,2554067,4,战意之所在,Fate/stay night [Unlimited Blade Works] 第一季,1674473
开饭开饭！,540.814,1,16777215,2023-09-17 15:58:22,2554067,4,战意之所在,Fate/stay night [Unlimited Blade Works] 第一季,1674473
吃醋了吃醋了哈哈哈,1014.384,1,16777215,2023-09-17 13:58:57,2554067,4,战意之所在,Fate/stay night [Unlimited Blade Works] 第一季,1674473
开始发动固有技能：做饭,537.304,1,16777215,2023-09-17 13:50:39,2554067,4,战意之所在,Fate/stay night [Unlimited Blade Works] 第一季,1674473
和蔼可亲,248.744,1,16777215,2023-09-17 13:45:00,2554067,4,战意之所在,Fate/stay night [Unlimited Blade Works] 第一季,1674473
红A：我有10000张底牌,1274.222,1,16777215,2023-09-16 11:25:52,2554067,4,战意之所在,Fate/stay night [Unlimited Blade Works] 第一季,1674473
饥饿是大敌,1070.963,1,16777215,2023-09-15 22:35:33,2554067,4,战意之所在,Fate/stay night [Unlimited Blade Works] 第一季,1674473
双手大剑!,165.916,5,16777215,2023-09-14 00:03:50,2554067,4,战意之所在,Fate/stay night [Unlimited Blade Works] 第一季,1674473
我来告诉你，阿尔托莉雅·潘德拉贡,513.94,1,16777215,2023-09-13 21:16:06,2554067,4,战意之所在,Fate/stay night [Unlimited Blade Works] 第一季,1674473
臣妾天性便不爱笑,940.648,1,16707842,2023-09-13 18:40:22,2554067,4,战意之所在,Fate/stay night [Unlimited Blade Works] 第一季,1674473
塔塔开！,459.045,1,16777215,2023-09-13 08:35:41,2554067,4,战意之所在,Fate/stay night [Unlimited Blade Works] 第一季,1674473
腐败野犬,1205.87,1,16777215,2023-09-12 18:09:31,2554067,4,战意之所在,Fate/stay night [Unlimited Blade Works] 第一季,1674473
樱已经剥去令咒了吧,1071.216,1,16777215,2023-09-12 02:53:13,2554067,4,战意之所在,Fate/stay night [Unlimited Blade Works] 第一季,1674473
我家有个rider,1014.167,1,16777215,2023-09-12 02:52:04,2554067,4,战意之所在,Fate/stay night [Unlimited Blade Works] 第一季,1674473
还真是,981.31,1,16777215,2023-09-11 15:06:58,2554067,4,战意之所在,Fate/stay night [Unlimited Blade Works] 第一季,1674473
似曾相识的标题,0.106,5,15138834,2023-09-10 21:12:42,2554067,4,战意之所在,Fate/stay night [Unlimited Blade Works] 第一季,1674473
士郎家为啥天天都那么丰盛。。。,1074.064,5,16777215,2023-09-10 14:52:21,2554067,4,战意之所在,Fate/stay night [Unlimited Blade Works] 第一季,1674473
这条线的呆毛感觉要比06版感情丰富,541.651,5,16777215,2023-09-10 14:38:36,2554067,4,战意之所在,Fate/stay night [Unlimited Blade Works] 第一季,1674473
teacher,744.275,1,16777215,2023-09-09 20:05:17,2554067,4,战意之所在,Fate/stay night [Unlimited Blade Works] 第一季,1674473
teacher,735.345,1,16777215,2023-09-08 19:26:58,2554067,4,战意之所在,Fate/stay night [Unlimited Blade Works] 第一季,1674473
Teacher,431.203,5,16777215,2023-09-07 21:05:32,2554067,4,战意之所在,Fate/stay night [Unlimited Blade Works] 第一季,1674473
他爹去哪了我都忘记了,1003.589,1,16777215,2023-09-06 21:26:00,2554067,4,战意之所在,Fate/stay night [Unlimited Blade Works] 第一季,1674473
关爱独居老凛,1174.614,1,16777215,2023-09-05 23:33:02,2554067,4,战意之所在,Fate/stay night [Unlimited Blade Works] 第一季,1674473
啊啊啊我的纯爱！,1159.999,1,16777215,2023-09-04 02:03:32,2554067,4,战意之所在,Fate/stay night [Unlimited Blade Works] 第一季,1674473
还 真 是,980.353,1,16777215,2023-09-03 11:57:15,2554067,4,战意之所在,Fate/stay night [Unlimited Blade Works] 第一季,1674473
式姐,853.993,1,16777215,2023-09-03 11:55:02,2554067,4,战意之所在,Fate/stay night [Unlimited Blade Works] 第一季,1674473
bilibili唱的好,153.407,1,16777215,2023-09-03 11:41:39,2554067,4,战意之所在,Fate/stay night [Unlimited Blade Works] 第一季,1674473
金闪闪：你刚才说什么？,45.082,5,16777215,2023-09-02 13:17:35,2554067,4,战意之所在,Fate/stay night [Unlimited Blade Works] 第一季,1674473
一次，性用杂兵（,1180.826,1,16777215,2023-08-31 13:33:57,2554067,4,战意之所在,Fate/stay night [Unlimited Blade Works] 第一季,1674473
啊？,1132.518,1,16777215,2023-08-30 20:32:47,2554067,4,战意之所在,Fate/stay night [Unlimited Blade Works] 第一季,1674473
无法反驳,359.336,1,16777215,2023-08-30 18:32:11,2554067,4,战意之所在,Fate/stay night [Unlimited Blade Works] 第一季,1674473
这条线的saber好爱笑啊,836.721,1,16777215,2023-08-29 22:33:19,2554067,4,战意之所在,Fate/stay night [Unlimited Blade Works] 第一季,1674473
flag 立的飞起,1320.503,1,16777215,2023-08-29 21:54:42,2554067,4,战意之所在,Fate/stay night [Unlimited Blade Works] 第一季,1674473
我在背后提士郎邪魅一笑,948.72,1,16777215,2023-08-29 21:49:51,2554067,4,战意之所在,Fate/stay night [Unlimited Blade Works] 第一季,1674473
藤姐，我不回弓道部了！,874.141,5,15138834,2023-08-29 17:43:22,2554067,4,战意之所在,Fate/stay night [Unlimited Blade Works] 第一季,1674473
这条线的樱只能是悲剧,1045.927,1,16777215,2023-08-28 19:44:21,2554067,4,战意之所在,Fate/stay night [Unlimited Blade Works] 第一季,1674473
玉竹,269.897,1,16777215,2023-08-28 10:43:21,2554067,4,战意之所在,Fate/stay night [Unlimited Blade Works] 第一季,1674473
最强职业theater ,750.552,5,14811775,2023-08-27 23:20:41,2554067,4,战意之所在,Fate/stay night [Unlimited Blade Works] 第一季,1674473
金闪闪:？,39.408,1,16777215,2023-08-27 12:56:44,2554067,4,战意之所在,Fate/stay night [Unlimited Blade Works] 第一季,1674473
4p,1142.835,1,16777215,2023-08-26 10:32:18,2554067,4,战意之所在,Fate/stay night [Unlimited Blade Works] 第一季,1674473
4P,1141.355,1,16777215,2023-08-26 10:32:12,2554067,4,战意之所在,Fate/stay night [Unlimited Blade Works] 第一季,1674473
下次见面我就莎了他,265.317,5,15138834,2023-08-26 03:39:23,2554067,4,战意之所在,Fate/stay night [Unlimited Blade Works] 第一季,1674473
好的我知道了阿尔托莉雅·潘德拉贡,527.355,1,16707842,2023-08-26 02:07:39,2554067,4,战意之所在,Fate/stay night [Unlimited Blade Works] 第一季,1674473
所以士郎是怎么受伤的？,324.881,1,16777215,2023-08-25 23:54:11,2554067,4,战意之所在,Fate/stay night [Unlimited Blade Works] 第一季,1674473
最强职阶teacher,766.108,1,16777215,2023-08-25 20:15:37,2554067,4,战意之所在,Fate/stay night [Unlimited Blade Works] 第一季,1674473
不同的事件，相同的对话,346.75,1,15138834,2023-08-25 19:59:53,2554067,4,战意之所在,Fate/stay night [Unlimited Blade Works] 第一季,1674473
能听到转钥匙的空气流动声！,948.464,1,16777215,2023-08-25 17:27:36,2554067,4,战意之所在,Fate/stay night [Unlimited Blade Works] 第一季,1674473
像薇尔莉特的叉出去,316.543,1,16777215,2023-08-25 13:05:57,2554067,4,战意之所在,Fate/stay night [Unlimited Blade Works] 第一季,1674473
傲娇脸红,246.267,1,16777215,2023-08-24 20:15:09,2554067,4,战意之所在,Fate/stay night [Unlimited Blade Works] 第一季,1674473
我想看呆毛会不会动起来,1071.654,1,16777215,2023-08-24 16:23:58,2554067,4,战意之所在,Fate/stay night [Unlimited Blade Works] 第一季,1674473
非常好看值得推荐,1438.748,1,16777215,2023-08-24 00:58:34,2554067,4,战意之所在,Fate/stay night [Unlimited Blade Works] 第一季,1674473
好看,1438.748,1,16777215,2023-08-24 00:58:08,2554067,4,战意之所在,Fate/stay night [Unlimited Blade Works] 第一季,1674473
为妹一打七，一晚结束圣杯,1343.03,1,16777215,2023-08-23 17:07:12,2554067,4,战意之所在,Fate/stay night [Unlimited Blade Works] 第一季,1674473
笑了吗这不是,1081.555,1,16777215,2023-08-23 12:52:50,2554067,4,战意之所在,Fate/stay night [Unlimited Blade Works] 第一季,1674473
凛酱,1360.479,1,16777215,2023-08-23 12:35:48,2554067,4,战意之所在,Fate/stay night [Unlimited Blade Works] 第一季,1674473
平板买小了,20.584,1,16777215,2023-08-23 12:35:40,2554067,4,战意之所在,Fate/stay night [Unlimited Blade Works] 第一季,1674473
凛好善良,1231.951,1,16777215,2023-08-23 12:33:59,2554067,4,战意之所在,Fate/stay night [Unlimited Blade Works] 第一季,1674473
我凛,1154.69,1,16777215,2023-08-23 12:32:32,2554067,4,战意之所在,Fate/stay night [Unlimited Blade Works] 第一季,1674473
看樱的去hf，这是凛线,1039.718,1,16777215,2023-08-23 12:31:22,2554067,4,战意之所在,Fate/stay night [Unlimited Blade Works] 第一季,1674473
这是凛线,622.194,1,16777215,2023-08-23 12:26:13,2554067,4,战意之所在,Fate/stay night [Unlimited Blade Works] 第一季,1674473
傲娇和直球绝配,230.994,1,16777215,2023-08-23 12:21:42,2554067,4,战意之所在,Fate/stay night [Unlimited Blade Works] 第一季,1674473
市民：地下瓦斯是吧,1194.281,1,16777215,2023-08-22 22:51:17,2554067,4,战意之所在,Fate/stay night [Unlimited Blade Works] 第一季,1674473
没关系阿尔托莉雅,528.019,1,16777215,2023-08-22 11:30:59,2554067,4,战意之所在,Fate/stay night [Unlimited Blade Works] 第一季,1674473
正片开始,1059.439,1,16777215,2023-08-21 21:34:41,2554067,4,战意之所在,Fate/stay night [Unlimited Blade Works] 第一季,1674473
最强职阶teacher,749.928,1,16777215,2023-08-21 21:25:26,2554067,4,战意之所在,Fate/stay night [Unlimited Blade Works] 第一季,1674473
正片开始,539.016,1,16777215,2023-08-21 21:20:05,2554067,4,战意之所在,Fate/stay night [Unlimited Blade Works] 第一季,1674473
围师必阙，穷寇莫追啊,25.239,1,16777215,2023-08-21 02:20:21,2554067,4,战意之所在,Fate/stay night [Unlimited Blade Works] 第一季,1674473
吾王美如画,392.882,1,16777215,2023-08-20 21:43:54,2554067,4,战意之所在,Fate/stay night [Unlimited Blade Works] 第一季,1674473
和樱比起来saber好小一只www,1050.619,1,16707842,2023-08-20 19:56:39,2554067,4,战意之所在,Fate/stay night [Unlimited Blade Works] 第一季,1674473
你为什么要在屏幕前笑啊,1150.774,1,16777215,2023-08-20 18:38:37,2554067,4,战意之所在,Fate/stay night [Unlimited Blade Works] 第一季,1674473
偷家了,681.897,1,16777215,2023-08-20 17:42:57,2554067,4,战意之所在,Fate/stay night [Unlimited Blade Works] 第一季,1674473
Ubw不是凛线吗？这是什么情况？,1139.005,1,16777215,2023-08-20 10:58:45,2554067,4,战意之所在,Fate/stay night [Unlimited Blade Works] 第一季,1674473
跟吾王争不知好歹,1130.386,1,16777215,2023-08-20 10:57:56,2554067,4,战意之所在,Fate/stay night [Unlimited Blade Works] 第一季,1674473
有眼光,726.129,1,16777215,2023-08-19 18:57:49,2554067,4,战意之所在,Fate/stay night [Unlimited Blade Works] 第一季,1674473
不算天之锁的话,35.959,1,16777215,2023-08-19 02:47:23,2554067,4,战意之所在,Fate/stay night [Unlimited Blade Works] 第一季,1674473
八极宗师葛老师,759.605,1,16777215,2023-08-19 00:32:59,2554067,4,战意之所在,Fate/stay night [Unlimited Blade Works] 第一季,1674473
超位起手,1186.534,1,16777215,2023-08-19 00:20:58,2554067,4,战意之所在,Fate/stay night [Unlimited Blade Works] 第一季,1674473
樱似乎明白了什么,1011.945,1,16777215,2023-08-18 22:33:49,2554067,4,战意之所在,Fate/stay night [Unlimited Blade Works] 第一季,1674473
クズ気先生,764.234,1,16777215,2023-08-18 22:30:46,2554067,4,战意之所在,Fate/stay night [Unlimited Blade Works] 第一季,1674473
上三骑,424.481,1,16777215,2023-08-18 22:21:55,2554067,4,战意之所在,Fate/stay night [Unlimited Blade Works] 第一季,1674473
还真是,980.034,1,16777215,2023-08-18 19:22:11,2554067,4,战意之所在,Fate/stay night [Unlimited Blade Works] 第一季,1674473
你太菜了，我不告诉你,522.568,1,16777215,2023-08-17 22:03:57,2554067,4,战意之所在,Fate/stay night [Unlimited Blade Works] 第一季,1674473
设定好像  没射中靶心就是他不想,908.011,1,16777215,2023-08-17 19:51:39,2554067,4,战意之所在,Fate/stay night [Unlimited Blade Works] 第一季,1674473
约战看多了,12.521,1,16777215,2023-08-17 19:00:07,2554067,4,战意之所在,Fate/stay night [Unlimited Blade Works] 第一季,1674473
樱：醋坛子翻了,1051.934,1,6830715,2023-08-16 23:21:29,2554067,4,战意之所在,Fate/stay night [Unlimited Blade Works] 第一季,1674473
瓦斯成精了,1205.246,1,16777215,2023-08-16 21:24:52,2554067,4,战意之所在,Fate/stay night [Unlimited Blade Works] 第一季,1674473
卫宫女子公寓正式成立！,1120.658,1,16777215,2023-08-16 21:23:19,2554067,4,战意之所在,Fate/stay night [Unlimited Blade Works] 第一季,1674473
求美缀线,937.391,1,16777215,2023-08-16 21:20:05,2554067,4,战意之所在,Fate/stay night [Unlimited Blade Works] 第一季,1674473
下次见面就杀了他！,225.367,1,16777215,2023-08-16 21:08:11,2554067,4,战意之所在,Fate/stay night [Unlimited Blade Works] 第一季,1674473
琥珀翡翠既视感,43.092,1,16777215,2023-08-16 21:06:28,2554067,4,战意之所在,Fate/stay night [Unlimited Blade Works] 第一季,1674473
勤劳的电焊工,1308.349,1,16777215,2023-08-16 17:59:03,2554067,4,战意之所在,Fate/stay night [Unlimited Blade Works] 第一季,1674473
魔女的遗香,1216.722,1,16777215,2023-08-16 17:56:42,2554067,4,战意之所在,Fate/stay night [Unlimited Blade Works] 第一季,1674473
樱可爱捏,1014.257,1,16777215,2023-08-16 02:08:44,2554067,4,战意之所在,Fate/stay night [Unlimited Blade Works] 第一季,1674473
prprprpr,789.521,1,16777215,2023-08-15 20:42:27,2554067,4,战意之所在,Fate/stay night [Unlimited Blade Works] 第一季,1674473
国度,1184.229,1,16777215,2023-08-15 20:05:12,2554067,4,战意之所在,Fate/stay night [Unlimited Blade Works] 第一季,1674473
国度,1171.531,1,16777215,2023-08-15 20:04:45,2554067,4,战意之所在,Fate/stay night [Unlimited Blade Works] 第一季,1674473
闷声吃大醋,1025.883,1,16777215,2023-08-15 19:09:37,2554067,4,战意之所在,Fate/stay night [Unlimited Blade Works] 第一季,1674473
还真是,981.993,1,16707842,2023-08-15 19:09:15,2554067,4,战意之所在,Fate/stay night [Unlimited Blade Works] 第一季,1674473
这里，必须让魔伊的她活下来啊，呜呜呜呜，我的伊莉雅,159.877,1,16777215,2023-08-15 17:59:56,2554067,4,战意之所在,Fate/stay night [Unlimited Blade Works] 第一季,1674473
汇呆满破手势,544.793,5,15138834,2023-08-15 01:40:30,2554067,4,战意之所在,Fate/stay night [Unlimited Blade Works] 第一季,1674473
还真是,981.171,1,16777215,2023-08-14 18:18:19,2554067,4,战意之所在,Fate/stay night [Unlimited Blade Works] 第一季,1674473
士郎馋你的身子,379.239,1,16777215,2023-08-14 01:19:08,2554067,4,战意之所在,Fate/stay night [Unlimited Blade Works] 第一季,1674473
teacher,1253.471,1,16777215,2023-08-13 23:16:27,2554067,4,战意之所在,Fate/stay night [Unlimited Blade Works] 第一季,1674473
恐鳄呀,1185.547,1,16777215,2023-08-13 22:39:20,2554067,4,战意之所在,Fate/stay night [Unlimited Blade Works] 第一季,1674473
贤妻,306.091,1,16777215,2023-08-13 22:23:34,2554067,4,战意之所在,Fate/stay night [Unlimited Blade Works] 第一季,1674473
你别说，还真是,977.032,1,16777215,2023-08-13 17:55:59,2554067,4,战意之所在,Fate/stay night [Unlimited Blade Works] 第一季,1674473
樱好温柔,1049.746,1,16776960,2023-08-13 07:04:18,2554067,4,战意之所在,Fate/stay night [Unlimited Blade Works] 第一季,1674473
一直呆呆跟着的呆毛,988.008,1,16776960,2023-08-13 07:01:53,2554067,4,战意之所在,Fate/stay night [Unlimited Blade Works] 第一季,1674473
牛战士从不摘下他的面具,439.675,1,16777215,2023-08-13 06:04:34,2554067,4,战意之所在,Fate/stay night [Unlimited Blade Works] 第一季,1674473
牛战士,437.883,1,16777215,2023-08-13 06:04:20,2554067,4,战意之所在,Fate/stay night [Unlimited Blade Works] 第一季,1674473
我只想过平淡得生活,943.653,1,16777215,2023-08-12 23:27:39,2554067,4,战意之所在,Fate/stay night [Unlimited Blade Works] 第一季,1674473
吾王美如画,316.375,1,16777215,2023-08-12 20:02:43,2554067,4,战意之所在,Fate/stay night [Unlimited Blade Works] 第一季,1674473
吾王美如画,139.276,1,16777215,2023-08-12 19:58:06,2554067,4,战意之所在,Fate/stay night [Unlimited Blade Works] 第一季,1674473
二爷饿死家中,1126.95,1,16777215,2023-08-12 19:57:02,2554067,4,战意之所在,Fate/stay night [Unlimited Blade Works] 第一季,1674473
一人四个菜，k,1072.489,1,16777215,2023-08-12 19:26:57,2554067,4,战意之所在,Fate/stay night [Unlimited Blade Works] 第一季,1674473
难道他真的是天才？,251.688,5,15138834,2023-08-12 18:41:09,2554067,4,战意之所在,Fate/stay night [Unlimited Blade Works] 第一季,1674473
都不说话,1089.403,1,16777215,2023-08-12 18:40:12,2554067,4,战意之所在,Fate/stay night [Unlimited Blade Works] 第一季,1674473
老虎人真好啊,1047.302,1,16777215,2023-08-12 18:39:29,2554067,4,战意之所在,Fate/stay night [Unlimited Blade Works] 第一季,1674473
挨了顿打,262.575,1,16777215,2023-08-12 18:25:28,2554067,4,战意之所在,Fate/stay night [Unlimited Blade Works] 第一季,1674473
摇钥匙的动作莫名想真希波,944.324,1,16777215,2023-08-12 17:04:17,2554067,4,战意之所在,Fate/stay night [Unlimited Blade Works] 第一季,1674473
re0？,1219.759,1,16777215,2023-08-12 12:13:06,2554067,4,战意之所在,Fate/stay night [Unlimited Blade Works] 第一季,1674473
英雄所见略同！,718.347,1,16777215,2023-08-12 11:15:19,2554067,4,战意之所在,Fate/stay night [Unlimited Blade Works] 第一季,1674473
吾王萌死啦,683.427,1,16777215,2023-08-12 11:13:56,2554067,4,战意之所在,Fate/stay night [Unlimited Blade Works] 第一季,1674473
吾王：开饭！！！,537.401,1,16777215,2023-08-12 11:10:31,2554067,4,战意之所在,Fate/stay night [Unlimited Blade Works] 第一季,1674473
好萌好萌呜呜,362.255,1,16777215,2023-08-12 11:06:50,2554067,4,战意之所在,Fate/stay night [Unlimited Blade Works] 第一季,1674473
吾王！！！！！！！！！！,301.655,1,16777215,2023-08-12 11:05:04,2554067,4,战意之所在,Fate/stay night [Unlimited Blade Works] 第一季,1674473
邪王真眼才是最强的,426.088,1,15138834,2023-08-12 00:19:42,2554067,4,战意之所在,Fate/stay night [Unlimited Blade Works] 第一季,1674473
teacher在06版里直接把saber给打昏了，强的一笔,748.865,1,16777215,2023-08-11 20:21:57,2554067,4,战意之所在,Fate/stay night [Unlimited Blade Works] 第一季,1674473
谁组的圣骑，踢了,29.019,1,16777215,2023-08-11 20:09:28,2554067,4,战意之所在,Fate/stay night [Unlimited Blade Works] 第一季,1674473
无限坤制,166.867,1,16777215,2023-08-11 17:44:12,2554067,4,战意之所在,Fate/stay night [Unlimited Blade Works] 第一季,1674473
好可爱！,306.485,1,15138834,2023-08-11 15:34:50,2554067,4,战意之所在,Fate/stay night [Unlimited Blade Works] 第一季,1674473
吾王美如画！,299.985,1,6830715,2023-08-11 15:34:32,2554067,4,战意之所在,Fate/stay night [Unlimited Blade Works] 第一季,1674473
御坂美琴辛苦了,159.315,1,16777215,2023-08-11 14:30:53,2554067,4,战意之所在,Fate/stay night [Unlimited Blade Works] 第一季,1674473
吾王美如画！,297.544,1,16777215,2023-08-11 11:12:31,2554067,4,战意之所在,Fate/stay night [Unlimited Blade Works] 第一季,1674473
真的是美如画,319.022,1,16777215,2023-08-11 01:00:47,2554067,4,战意之所在,Fate/stay night [Unlimited Blade Works] 第一季,1674473
七杀剑：你说啥？,37.631,5,16707842,2023-08-10 17:42:06,2554067,4,战意之所在,Fate/stay night [Unlimited Blade Works] 第一季,1674473
饿肚之王,638.158,1,16777215,2023-08-10 12:38:32,2554067,4,战意之所在,Fate/stay night [Unlimited Blade Works] 第一季,1674473
你长开个胳膊保护谁呢？动作设计不合理,765.578,1,16777215,2023-08-10 08:40:46,2554067,4,战意之所在,Fate/stay night [Unlimited Blade Works] 第一季,1674473
我头像诶！,548.479,1,16777215,2023-08-09 06:43:28,2554067,4,战意之所在,Fate/stay night [Unlimited Blade Works] 第一季,1674473
这难道是天妇罗?,1071.784,1,16777215,2023-08-09 00:34:21,2554067,4,战意之所在,Fate/stay night [Unlimited Blade Works] 第一季,1674473
saber,1154.955,1,16777215,2023-08-08 16:58:50,2554067,4,战意之所在,Fate/stay night [Unlimited Blade Works] 第一季,1674473
还真你小子猜对了,977.553,1,16777215,2023-08-08 12:43:57,2554067,4,战意之所在,Fate/stay night [Unlimited Blade Works] 第一季,1674473
这两个吊弓兵，没有一个宝具是弓的,475.819,1,16777215,2023-08-08 12:34:54,2554067,4,战意之所在,Fate/stay night [Unlimited Blade Works] 第一季,1674473
saber：我寻思我和另一个卫宫呆了那么久也没什么感情啊,357.918,1,16777215,2023-08-08 12:31:51,2554067,4,战意之所在,Fate/stay night [Unlimited Blade Works] 第一季,1674473
指导：祢豆子,581.396,5,16777215,2023-08-08 09:53:23,2554067,4,战意之所在,Fate/stay night [Unlimited Blade Works] 第一季,1674473
老师干得漂亮！！！,1137.107,1,15138834,2023-08-08 08:18:18,2554067,4,战意之所在,Fate/stay night [Unlimited Blade Works] 第一季,1674473
动作指导:乔尼 乔斯达,1188.671,5,41194,2023-08-07 21:24:31,2554067,4,战意之所在,Fate/stay night [Unlimited Blade Works] 第一季,1674473
动作指导:乔尼 乔斯达,1165.115,5,16707842,2023-08-07 21:23:59,2554067,4,战意之所在,Fate/stay night [Unlimited Blade Works] 第一季,1674473
teacher,736.677,1,16777215,2023-08-07 15:58:43,2554067,4,战意之所在,Fate/stay night [Unlimited Blade Works] 第一季,1674473
..,167.446,1,16777215,2023-08-07 10:02:50,2554067,4,战意之所在,Fate/stay night [Unlimited Blade Works] 第一季,1674473
呆毛王,311.814,1,16777215,2023-08-06 20:31:58,2554067,4,战意之所在,Fate/stay night [Unlimited Blade Works] 第一季,1674473
霸道总裁爱上我,217.348,1,16777215,2023-08-06 20:30:16,2554067,4,战意之所在,Fate/stay night [Unlimited Blade Works] 第一季,1674473
486表示我熟,1216.539,1,16777215,2023-08-06 10:37:59,2554067,4,战意之所在,Fate/stay night [Unlimited Blade Works] 第一季,1674473
太露骨了,1159.742,1,16777215,2023-08-05 20:49:55,2554067,4,战意之所在,Fate/stay night [Unlimited Blade Works] 第一季,1674473
你们为什么都不说话,1078.962,1,16777215,2023-08-05 20:48:29,2554067,4,战意之所在,Fate/stay night [Unlimited Blade Works] 第一季,1674473
普通的最强的是复仇海，神尼古拉特斯拉，狂王那一档超闪级，那之上有爷爷，始皇帝这种冠位级,394.459,1,16777215,2023-08-05 11:55:30,2554067,4,战意之所在,Fate/stay night [Unlimited Blade Works] 第一季,1674473
从此，为寻求愉悦而走上不归路,937.68,1,16777215,2023-08-05 08:41:42,2554067,4,战意之所在,Fate/stay night [Unlimited Blade Works] 第一季,1674473
核善的表情,251.62,1,16777215,2023-08-05 08:28:51,2554067,4,战意之所在,Fate/stay night [Unlimited Blade Works] 第一季,1674473
薇尔利特,300.256,5,16777215,2023-08-05 00:33:55,2554067,4,战意之所在,Fate/stay night [Unlimited Blade Works] 第一季,1674473
最强职阶：teacher,749.531,1,16777215,2023-08-04 19:01:47,2554067,4,战意之所在,Fate/stay night [Unlimited Blade Works] 第一季,1674473
我求求你了，快重置06吧！！！！,316.945,5,15138834,2023-08-04 18:54:56,2554067,4,战意之所在,Fate/stay night [Unlimited Blade Works] 第一季,1674473
想不到这里还有车万哈哈哈,545.957,5,16776960,2023-08-04 16:46:56,2554067,4,战意之所在,Fate/stay night [Unlimited Blade Works] 第一季,1674473
还真是,982.509,1,16777215,2023-08-04 13:55:24,2554067,4,战意之所在,Fate/stay night [Unlimited Blade Works] 第一季,1674473
樱有高光了！,1013.651,1,16777215,2023-08-04 13:18:38,2554067,4,战意之所在,Fate/stay night [Unlimited Blade Works] 第一季,1674473
呆毛王太萌啦！,647.427,1,16777215,2023-08-04 09:27:27,2554067,4,战意之所在,Fate/stay night [Unlimited Blade Works] 第一季,1674473
某种意义上，真相了,986.242,1,16777215,2023-08-04 09:11:09,2554067,4,战意之所在,Fate/stay night [Unlimited Blade Works] 第一季,1674473
闪闪:这我熟,935.149,5,16777215,2023-08-04 09:09:52,2554067,4,战意之所在,Fate/stay night [Unlimited Blade Works] 第一季,1674473
啊啊啊樱酱好卡瓦,688.689,5,16777215,2023-08-04 09:05:08,2554067,4,战意之所在,Fate/stay night [Unlimited Blade Works] 第一季,1674473
吾王美如画！,305.209,1,16777215,2023-08-04 08:58:03,2554067,4,战意之所在,Fate/stay night [Unlimited Blade Works] 第一季,1674473
凛线开趴，你猜没有收到邀请,1138.436,1,16777215,2023-08-04 03:57:47,2554067,4,战意之所在,Fate/stay night [Unlimited Blade Works] 第一季,1674473
伪神之书（doge）,743.961,1,16777215,2023-08-04 02:45:57,2554067,4,战意之所在,Fate/stay night [Unlimited Blade Works] 第一季,1674473
不是凛线吗,1138.092,1,16777215,2023-08-04 00:13:25,2554067,4,战意之所在,Fate/stay night [Unlimited Blade Works] 第一季,1674473
你们东木镇的瓦斯长这样？,1187.487,1,16777215,2023-08-03 23:06:39,2554067,4,战意之所在,Fate/stay night [Unlimited Blade Works] 第一季,1674473
微妙的气氛,1099.027,1,13369971,2023-08-03 20:20:07,2554067,4,战意之所在,Fate/stay night [Unlimited Blade Works] 第一季,1674473
最强职业：人民教师,818.848,1,13369971,2023-08-03 20:17:14,2554067,4,战意之所在,Fate/stay night [Unlimited Blade Works] 第一季,1674473
当然是，你给路打油！,455.019,1,16777215,2023-08-03 15:54:25,2554067,4,战意之所在,Fate/stay night [Unlimited Blade Works] 第一季,1674473
上次光吃瘪了,592.832,1,16777215,2023-08-03 15:15:22,2554067,4,战意之所在,Fate/stay night [Unlimited Blade Works] 第一季,1674473
是不是字写错了？,561.426,5,16777215,2023-08-03 10:24:41,2554067,4,战意之所在,Fate/stay night [Unlimited Blade Works] 第一季,1674473
女仆吗？    哈哈哈哈哈,545.511,5,16777215,2023-08-03 10:24:16,2554067,4,战意之所在,Fate/stay night [Unlimited Blade Works] 第一季,1674473
傲娇,231.261,5,16777215,2023-08-03 07:57:32,2554067,4,战意之所在,Fate/stay night [Unlimited Blade Works] 第一季,1674473
懂了懂了,63.421,5,16777215,2023-08-03 07:54:37,2554067,4,战意之所在,Fate/stay night [Unlimited Blade Works] 第一季,1674473
saber吃的比别人快hhhhh,1068.976,1,16777215,2023-08-03 02:01:20,2554067,4,战意之所在,Fate/stay night [Unlimited Blade Works] 第一季,1674473
开樱派～,1044.307,1,16777215,2023-08-03 00:52:12,2554067,4,战意之所在,Fate/stay night [Unlimited Blade Works] 第一季,1674473
冷死我了,1107.968,1,16777215,2023-08-02 10:44:44,2554067,4,战意之所在,Fate/stay night [Unlimited Blade Works] 第一季,1674473
男主在家开后宫，女主在这里打架,1183.432,1,16777215,2023-08-01 15:18:01,2554067,4,战意之所在,Fate/stay night [Unlimited Blade Works] 第一季,1674473
想念征服王,184.65,1,16777215,2023-08-01 12:58:46,2554067,4,战意之所在,Fate/stay night [Unlimited Blade Works] 第一季,1674473
嗨嗨嗨,239.323,1,16777215,2023-08-01 09:55:10,2554067,4,战意之所在,Fate/stay night [Unlimited Blade Works] 第一季,1674473
正中雷区,248.083,1,16777215,2023-08-01 04:16:32,2554067,4,战意之所在,Fate/stay night [Unlimited Blade Works] 第一季,1674473
回归主线,538.937,5,16707842,2023-08-01 00:27:43,2554067,4,战意之所在,Fate/stay night [Unlimited Blade Works] 第一季,1674473
