content,time,mode,color,send_time,cid,episode,episode_title,anime_title,aid
“是吗，你不说我都不知道”,1239.918,5,41194,2022-03-26 20:25:59,557759249,4,今夜,鬼灭之刃 游郭篇,255055584
我一开始天真的以为猪只是喊着玩的.....,837.514,5,16777215,2022-03-26 20:27:31,557759249,4,今夜,鬼灭之刃 游郭篇,255055584
矛盾文学奖,1246.627,5,16707842,2022-03-26 20:23:12,557759249,4,今夜,鬼灭之刃 游郭篇,255055584
简而言之:俺也一样,541.86,5,15138834,2022-03-26 20:15:42,557759249,4,今夜,鬼灭之刃 游郭篇,255055584
炭治郎是不是像极了做阅读理解时的你,255.595,5,41194,2022-03-26 20:04:39,557759249,4,今夜,鬼灭之刃 游郭篇,255055584
！人类的赞歌就是勇气的赞歌！,1284.548,5,16646914,2022-03-26 21:20:26,557759249,4,今夜,鬼灭之刃 游郭篇,255055584
该配合你演出的我在尽力表演~~~,641.515,5,15138834,2022-03-26 20:08:05,557759249,4,今夜,鬼灭之刃 游郭篇,255055584
老板这是在保护剩下的人啊,239.808,1,16777215,2022-03-26 20:08:56,557759249,4,今夜,鬼灭之刃 游郭篇,255055584
在平时柱可能都表现得多少吓人 但是关键时刻个个都是顶天立地的柱,302.246,5,16777215,2022-03-26 20:28:46,557759249,4,今夜,鬼灭之刃 游郭篇,255055584
弥豆子变弥豆浆,1075.077,5,16646914,2022-03-26 21:06:58,557759249,4,今夜,鬼灭之刃 游郭篇,255055584
猪        鼓       励,419.757,5,15138834,2022-03-26 21:04:23,557759249,4,今夜,鬼灭之刃 游郭篇,255055584
炭治郎：喵了个咪的…我把这设定完全给忘了啊！,393.911,5,16776960,2022-03-26 20:08:06,557759249,4,今夜,鬼灭之刃 游郭篇,255055584
老板：你你你你你等等啊你不要走啊我害怕！！！,937.584,5,15138834,2022-03-26 20:17:28,557759249,4,今夜,鬼灭之刃 游郭篇,255055584
打了四十一下,471.266,5,16777215,2022-03-26 21:41:18,557759249,4,今夜,鬼灭之刃 游郭篇,255055584
老板心里都清楚,213.006,5,16777215,2022-03-26 20:08:02,557759249,4,今夜,鬼灭之刃 游郭篇,255055584
和堕姬那边的氛围完全不一样啊…鲤夏是真的很温柔,570.994,5,9487136,2022-03-26 21:38:27,557759249,4,今夜,鬼灭之刃 游郭篇,255055584
老板：说实话，其实你最可疑,903.644,5,16776960,2022-03-26 20:36:46,557759249,4,今夜,鬼灭之刃 游郭篇,255055584
恭喜炭子彩票中头奖，奖励上弦之陆一个,997.467,5,15138834,2022-03-26 20:09:13,557759249,4,今夜,鬼灭之刃 游郭篇,255055584
弥豆子：我真服了你这个老六,1080.916,5,16777215,2022-03-26 21:16:16,557759249,4,今夜,鬼灭之刃 游郭篇,255055584
炭治郎∶其实我是男的,618.276,5,15138834,2022-03-26 20:13:34,557759249,4,今夜,鬼灭之刃 游郭篇,255055584
最弱的，指单杀下弦,350.107,5,16777215,2022-03-26 20:18:18,557759249,4,今夜,鬼灭之刃 游郭篇,255055584
果然，静脉曲张越厉害的越强,1054.964,5,16646914,2022-03-26 21:07:20,557759249,4,今夜,鬼灭之刃 游郭篇,255055584
大兄弟，静脉曲张有点严重啊……,277.104,5,15138834,2022-03-26 20:36:33,557759249,4,今夜,鬼灭之刃 游郭篇,255055584
得亏碰到的是鲤夏姐姐啊,665.094,5,15138834,2022-03-26 22:26:31,557759249,4,今夜,鬼灭之刃 游郭篇,255055584
真是便宜那个人了，那个人一定上辈子拯救过地球了,680.333,5,16776960,2022-03-26 20:31:42,557759249,4,今夜,鬼灭之刃 游郭篇,255055584
金角大王和银角大王,62.417,5,16707842,2022-03-26 20:03:56,557759249,4,今夜,鬼灭之刃 游郭篇,255055584
让善善睡着了永远是鬼最容易犯的错,206.23,5,16707842,2022-03-26 20:05:59,557759249,4,今夜,鬼灭之刃 游郭篇,255055584
炭治郎：就挺突然的，就咻～～嘣！！！,1060.223,5,16776960,2022-03-26 22:07:39,557759249,4,今夜,鬼灭之刃 游郭篇,255055584
鲤——夏————这下真的纸片人了（）,1224.693,1,16777215,2022-03-26 20:23:20,557759249,4,今夜,鬼灭之刃 游郭篇,255055584
丧生（指你永远也叫不醒睡着的善子,320.513,5,15138834,2022-03-26 20:27:59,557759249,4,今夜,鬼灭之刃 游郭篇,255055584
鲤夏和堕姬这么一对比差距真的好大啊，一个被真心喜欢，一个靠威压迫使别人干活,584.833,5,16777215,2022-03-26 21:15:56,557759249,4,今夜,鬼灭之刃 游郭篇,255055584
炭炭不会说谎，所以这里他无法给鲤夏一个答复,715.819,5,15138834,2022-03-26 20:52:00,557759249,4,今夜,鬼灭之刃 游郭篇,255055584
每个脚指头都有自己的想法,814.667,5,16777215,2022-03-26 20:11:28,557759249,4,今夜,鬼灭之刃 游郭篇,255055584
缘一：鳄鱼，你把生命当什么了,784.321,5,16707842,2022-03-26 21:15:55,557759249,4,今夜,鬼灭之刃 游郭篇,255055584
哈哈哈哈哈扮了个寂寞,632.847,5,16707842,2022-03-27 14:19:27,557759249,4,今夜,鬼灭之刃 游郭篇,255055584
大招（恐吓）：未造成伤害，恐吓对方,219.104,5,15138834,2022-03-26 21:01:42,557759249,4,今夜,鬼灭之刃 游郭篇,255055584
碳：我要把支线做完,433.876,5,15138834,2022-03-26 20:24:03,557759249,4,今夜,鬼灭之刃 游郭篇,255055584
无一郎，无一郎~,11.678,5,16707842,2022-03-26 20:15:34,557759249,4,今夜,鬼灭之刃 游郭篇,255055584
念书前，我有好康的东西给你们（doge),50.216,5,16776960,2022-03-26 20:12:10,557759249,4,今夜,鬼灭之刃 游郭篇,255055584
震撼老板一万年,868.837,1,16777215,2022-04-30 20:47:22,557759249,4,今夜,鬼灭之刃 游郭篇,255055584
就如同音柱那样,1419.621,5,16777215,2022-03-26 21:08:44,557759249,4,今夜,鬼灭之刃 游郭篇,255055584
炭治郎可是村里有名的美人啊,1251.397,5,16776960,2023-01-16 14:16:14,557759249,4,今夜,鬼灭之刃 游郭篇,255055584
因为姐姐是个实实在在的人啊，她自己是花魁，更清楚作为孩子就在这种地方的苦楚,56.462,5,16777215,2022-07-11 23:57:27,557759249,4,今夜,鬼灭之刃 游郭篇,255055584
背阴，北侧，这是为了不晒到太阳的最佳地点,933.223,5,16707842,2022-08-07 20:59:30,557759249,4,今夜,鬼灭之刃 游郭篇,255055584
今晚，市民们都服用了逝量的安眠药,1209.475,5,16777215,2022-04-04 16:29:48,557759249,4,今夜,鬼灭之刃 游郭篇,255055584
炭治郎属于是养老区了,77.316,5,41194,2022-04-24 19:35:06,557759249,4,今夜,鬼灭之刃 游郭篇,255055584
炭子未尝不是另一种意义上的欧皇,66.888,5,41194,2022-09-03 21:24:56,557759249,4,今夜,鬼灭之刃 游郭篇,255055584
哈哈哈哈，这段我真的头都笑掉,832.261,1,16777215,2022-03-27 19:27:21,557759249,4,今夜,鬼灭之刃 游郭篇,255055584
炭治郎:所以说我扮了一个寂寞,626.737,1,16777215,2022-04-29 21:00:55,557759249,4,今夜,鬼灭之刃 游郭篇,255055584
正解：除非哥哥性命受到威胁,1176.64,5,16707842,2022-03-28 12:48:52,557759249,4,今夜,鬼灭之刃 游郭篇,255055584
也幸亏蝶屋的妹子没被带走,299.598,5,16777215,2022-04-19 11:56:25,557759249,4,今夜,鬼灭之刃 游郭篇,255055584
全局最温柔的两个人,667.502,5,16707842,2022-03-29 22:01:18,557759249,4,今夜,鬼灭之刃 游郭篇,255055584
出现了！是十二鼠月,837.353,5,15138834,2022-03-26 21:29:27,557759249,4,今夜,鬼灭之刃 游郭篇,255055584
哈哈哈哈，这什么！未免太可爱了点！,849.467,1,8700107,2022-04-25 20:43:04,557759249,4,今夜,鬼灭之刃 游郭篇,255055584
炭治郎可是镇上有名的长男！,1258.549,5,15138834,2023-06-04 18:17:15,557759249,4,今夜,鬼灭之刃 游郭篇,255055584
随机开盲盒恭喜您中大奖隐藏款,1003.222,5,15138834,2022-04-01 07:15:22,557759249,4,今夜,鬼灭之刃 游郭篇,255055584
相信自己！你可是主角啊！（doge,1275.903,5,14811775,2022-03-26 20:32:22,557759249,4,今夜,鬼灭之刃 游郭篇,255055584
我已经开始期待神乐的字体了,1190.912,1,16777215,2022-04-02 17:16:06,557759249,4,今夜,鬼灭之刃 游郭篇,255055584
姐姐你值得啊！！！你这么温柔善良漂亮可爱,684.649,5,16707842,2022-05-17 20:59:01,557759249,4,今夜,鬼灭之刃 游郭篇,255055584
一个满头石头还在自己脸上乱涂的白毛最可疑了,909.675,1,16777215,2022-07-24 16:36:28,557759249,4,今夜,鬼灭之刃 游郭篇,255055584
极致温柔二人组呜呜呜,720.536,5,41194,2022-03-26 22:57:37,557759249,4,今夜,鬼灭之刃 游郭篇,255055584
《擅长捉弄的音柱同学》​,887.149,5,15138834,2022-03-30 15:00:37,557759249,4,今夜,鬼灭之刃 游郭篇,255055584
三津是老板的妻子 也就是老板娘,240.679,5,13369971,2022-03-28 17:11:16,557759249,4,今夜,鬼灭之刃 游郭篇,255055584
祢豆子：我也不想让你背我战斗,1163.472,5,16646914,2022-03-31 18:27:29,557759249,4,今夜,鬼灭之刃 游郭篇,255055584
庚  杀  上  弦,1269.804,5,15138834,2022-05-15 19:38:20,557759249,4,今夜,鬼灭之刃 游郭篇,255055584
神器。弥豆子之箱（耐久无限）（doge）,1099.834,1,9599289,2022-03-27 13:05:12,557759249,4,今夜,鬼灭之刃 游郭篇,255055584
救命，她好温柔~,44.922,5,14811775,2022-08-02 23:40:22,557759249,4,今夜,鬼灭之刃 游郭篇,255055584
他不一定就知道实情但他一定是有预感的,242.249,5,16777215,2023-08-11 22:35:21,557759249,4,今夜,鬼灭之刃 游郭篇,255055584
一直忍耐的老板才是最苦的呀，明明知道是她杀的，明明知道是鬼，却无能为力,883.609,5,16707842,2022-03-27 07:30:53,557759249,4,今夜,鬼灭之刃 游郭篇,255055584
BGM：蜜～雪～冰～城～一～杯～,484.048,5,15138834,2022-03-31 13:56:08,557759249,4,今夜,鬼灭之刃 游郭篇,255055584
老板什么都清楚，但也知道自己根本撼不动堕姬这尊大佛，只能忍,206.91,5,15138834,2023-04-18 20:06:16,557759249,4,今夜,鬼灭之刃 游郭篇,255055584
月   下   鼠   兄   贵,1406.507,5,16707842,2022-03-26 20:08:29,557759249,4,今夜,鬼灭之刃 游郭篇,255055584
太看得起我了不让我模仿,3.999,5,16777215,2022-04-24 19:33:35,557759249,4,今夜,鬼灭之刃 游郭篇,255055584
他可是路柱！（怒）,370.43,5,41194,2022-04-24 19:39:15,557759249,4,今夜,鬼灭之刃 游郭篇,255055584
救救我的鲤夏姐姐————,977.646,1,14811775,2022-04-04 00:28:06,557759249,4,今夜,鬼灭之刃 游郭篇,255055584
音柱23你就叫人大叔，那看视频的得有多少大叔和阿姨(恼),343.811,5,16777215,2022-03-26 20:50:14,557759249,4,今夜,鬼灭之刃 游郭篇,255055584
累：当时我的线就是这么断的然后我就死了,1196.372,5,16777215,2022-07-21 15:20:44,557759249,4,今夜,鬼灭之刃 游郭篇,255055584
御 坂 美 琴,379.47,5,16777215,2022-03-27 03:10:17,557759249,4,今夜,鬼灭之刃 游郭篇,255055584
炭治郎：可恶，我还以为自己伪装的很好,660.167,5,15138834,2024-11-17 15:42:48,557759249,4,今夜,鬼灭之刃 游郭篇,255055584
箱子有链接吗,1087.978,1,16777215,2022-04-23 19:47:15,557759249,4,今夜,鬼灭之刃 游郭篇,255055584
炭治郎：但是很突然，她就打到我的上…额…上巴,1061.439,5,16777215,2022-04-09 18:44:56,557759249,4,今夜,鬼灭之刃 游郭篇,255055584
你猜他为什么是柱,299.727,1,16777215,2023-02-28 16:13:04,557759249,4,今夜,鬼灭之刃 游郭篇,255055584
睡着了把鬼都杀了（doge）,307.548,1,16777215,2022-08-17 10:29:40,557759249,4,今夜,鬼灭之刃 游郭篇,255055584
那你吃猪猪吧，他年轻又好看,1042.464,5,16777215,2022-04-26 10:14:24,557759249,4,今夜,鬼灭之刃 游郭篇,255055584
那个人就是我（doge),680.57,5,16707842,2022-03-27 00:59:47,557759249,4,今夜,鬼灭之刃 游郭篇,255055584
中间那只真的是卡兹姿势哈哈哈哈,1407.842,5,15138834,2022-03-27 09:53:41,557759249,4,今夜,鬼灭之刃 游郭篇,255055584
这么说善善还没被吃（doge,1037.846,5,16707842,2022-08-02 14:43:10,557759249,4,今夜,鬼灭之刃 游郭篇,255055584
鲤夏遭到二向箔降维打击（不是）,1228.36,5,15138834,2022-03-26 22:33:51,557759249,4,今夜,鬼灭之刃 游郭篇,255055584
恭喜炭子彩票中头奖，奖励上弦之六一个,1013.398,5,15138834,2022-03-27 08:56:29,557759249,4,今夜,鬼灭之刃 游郭篇,255055584
爱情使人盲目,295.352,5,16765698,2022-04-30 14:59:42,557759249,4,今夜,鬼灭之刃 游郭篇,255055584
芥川龙之介：罗生门！,1117.295,1,16777215,2022-03-26 23:54:14,557759249,4,今夜,鬼灭之刃 游郭篇,255055584
老板估计宁愿相信善善是私逃了，毕竟不是私逃就是被杀了,219.391,5,15138834,2023-08-17 16:31:29,557759249,4,今夜,鬼灭之刃 游郭篇,255055584
一对可怜的有情人啊,876.969,5,15138834,2022-03-26 20:46:52,557759249,4,今夜,鬼灭之刃 游郭篇,255055584
出现了静脉曲张(o^^o),283.157,1,15138834,2022-03-27 15:02:57,557759249,4,今夜,鬼灭之刃 游郭篇,255055584
手臂那里两个环绑着，能不静脉曲张吗？,288.115,1,16777215,2022-04-26 12:13:21,557759249,4,今夜,鬼灭之刃 游郭篇,255055584
擅长作弄的音柱同学,945.174,1,16777215,2022-03-26 23:51:55,557759249,4,今夜,鬼灭之刃 游郭篇,255055584
老板娘：我花魁变猪了,864.661,5,16707842,2022-08-13 14:45:51,557759249,4,今夜,鬼灭之刃 游郭篇,255055584
老板：看样子 还是你比较可疑吧,907.84,1,16777215,2022-04-27 21:54:47,557759249,4,今夜,鬼灭之刃 游郭篇,255055584
注意：伊之助住的是预备花魁的房间，老板娘是真的想把他养成下任头牌！,817.459,5,38979,2022-03-26 22:56:44,557759249,4,今夜,鬼灭之刃 游郭篇,255055584
一开始还以为是猪猪的，直到看见那六个钻石………,847.201,5,16777215,2022-07-18 16:59:47,557759249,4,今夜,鬼灭之刃 游郭篇,255055584
有人说老板娘真的想把猪子培养成花魁，他的屋子不仅比其他两个大花纹也是花魁才能用的,866.324,5,16777215,2025-08-12 22:55:07,557759249,4,今夜,鬼灭之刃 游郭篇,255055584
芥川：罗生萌！！！,1111.242,1,16777215,2022-04-04 21:31:36,557759249,4,今夜,鬼灭之刃 游郭篇,255055584
炭治郎：呃…她一下就打到…我的…呃…身巴,1066.043,1,16777215,2022-04-29 15:25:38,557759249,4,今夜,鬼灭之刃 游郭篇,255055584
这是带了串钥匙吗,956.391,5,16707842,2022-03-26 20:29:09,557759249,4,今夜,鬼灭之刃 游郭篇,255055584
姐姐！！你怎么就剩个头了 呜呜呜,1029.153,1,16777215,2022-06-17 20:24:17,557759249,4,今夜,鬼灭之刃 游郭篇,255055584
芥川龙之介同款异能力哈哈哈哈哈,1128.417,1,16777215,2022-03-27 10:58:08,557759249,4,今夜,鬼灭之刃 游郭篇,255055584
懂了，要在父母陪同下杀鬼,1.699,5,16707842,2022-07-09 15:04:07,557759249,4,今夜,鬼灭之刃 游郭篇,255055584
两个都好温柔T^T,736.191,5,16777215,2022-03-29 02:05:16,557759249,4,今夜,鬼灭之刃 游郭篇,255055584
这里炭治郎没说话是因为他无法保证自己的存活，也映证了他不愿意撒谎,711.958,5,16777215,2025-08-08 22:54:45,557759249,4,今夜,鬼灭之刃 游郭篇,255055584
没有对比就没有差距，还是这个姐姐最好！！！！,20.216,5,16707842,2022-03-27 05:39:59,557759249,4,今夜,鬼灭之刃 游郭篇,255055584
不可以在天亮时吧瓦片掀开吗,982.337,5,16777215,2025-12-09 22:12:25,557759249,4,今夜,鬼灭之刃 游郭篇,255055584
我要创造一个有鲤夏世界,591.017,5,14811775,2023-01-31 12:51:28,557759249,4,今夜,鬼灭之刃 游郭篇,255055584
也可以理解为堕姬是触发太郎的线，能力弱的不用哥哥动手，只有能力强到一定程度哥哥才会出手解决,1266.643,5,13369971,2022-03-26 21:29:15,557759249,4,今夜,鬼灭之刃 游郭篇,255055584
出     音    危    来,885.995,5,16707842,2022-08-22 10:45:29,557759249,4,今夜,鬼灭之刃 游郭篇,255055584
弥豆子：我出来你再打不是更好吗,1156.899,5,16755202,2022-07-25 14:29:09,557759249,4,今夜,鬼灭之刃 游郭篇,255055584
鲤————————夏————————姐————————姐————————,786.277,5,15138834,2022-04-10 12:04:42,557759249,4,今夜,鬼灭之刃 游郭篇,255055584
请勿模仿（指不要随便接受陌生人的血液以防变成鬼）,3.639,5,16777215,2022-12-21 13:23:26,557759249,4,今夜,鬼灭之刃 游郭篇,255055584
补药呀!,773.332,1,16777215,2024-08-04 11:35:39,557759249,4,今夜,鬼灭之刃 游郭篇,255055584
说实话猪猪的每一步都出乎我的意料,837.419,5,41194,2023-08-08 16:12:59,557759249,4,今夜,鬼灭之刃 游郭篇,255055584
年轻人啊，你要的是金的发簪，还是银的发簪？,63.397,5,16777215,2022-03-26 20:09:36,557759249,4,今夜,鬼灭之刃 游郭篇,255055584
甲乙丙丁戊己庚辛（）宝贝们你们也只是倒二啊（,356.362,1,16777215,2022-03-27 19:53:22,557759249,4,今夜,鬼灭之刃 游郭篇,255055584
终极大奖【究极隐藏款】,1009.161,1,16777215,2024-07-17 17:46:37,557759249,4,今夜,鬼灭之刃 游郭篇,255055584
一脸懵的喜之郎,1069.574,1,16777215,2022-03-29 18:08:33,557759249,4,今夜,鬼灭之刃 游郭篇,255055584
老板也是在保护她们啊,236.126,5,15138834,2022-03-26 22:18:15,557759249,4,今夜,鬼灭之刃 游郭篇,255055584
我看清了，是不是有柱的实力了,1087.4,5,16707842,2023-03-20 17:42:52,557759249,4,今夜,鬼灭之刃 游郭篇,255055584
茅盾文学奖,1244.181,5,16646914,2022-03-26 20:16:08,557759249,4,今夜,鬼灭之刃 游郭篇,255055584
鲤：我头发上还有六个呢,77.768,5,16707842,2022-08-10 15:08:11,557759249,4,今夜,鬼灭之刃 游郭篇,255055584
补药啊补药刀啊,695.009,1,16777215,2024-08-09 08:51:25,557759249,4,今夜,鬼灭之刃 游郭篇,255055584
老板娘：我说我家花魁变成猪了你信吗,866.45,5,9487136,2023-04-09 02:45:50,557759249,4,今夜,鬼灭之刃 游郭篇,255055584
前方：太鼓达人猪鼓励,448.722,5,15138834,2022-04-29 12:26:48,557759249,4,今夜,鬼灭之刃 游郭篇,255055584
这场面——大哥,1288.301,1,16707842,2022-04-24 20:59:48,557759249,4,今夜,鬼灭之刃 游郭篇,255055584
坂田银时和坂田金时,63.487,5,16707842,2022-03-26 20:43:45,557759249,4,今夜,鬼灭之刃 游郭篇,255055584
经典俺也一样哈哈哈哈,543.444,5,16777215,2022-04-24 18:58:44,557759249,4,今夜,鬼灭之刃 游郭篇,255055584
没事，李云龙也犯过这样的错,296.396,1,16777215,2023-04-13 18:00:43,557759249,4,今夜,鬼灭之刃 游郭篇,255055584
两位妹妹都是因为在这么温柔的教导下才这么好吧,37.552,5,16777215,2023-07-12 20:02:16,557759249,4,今夜,鬼灭之刃 游郭篇,255055584
他想和伙伴们组个女团名叫后街女孩[doge],642.132,5,16777215,2022-03-26 21:06:23,557759249,4,今夜,鬼灭之刃 游郭篇,255055584
还是声控的呢~好高级,385.63,1,16777215,2022-04-29 22:44:11,557759249,4,今夜,鬼灭之刃 游郭篇,255055584
祢豆子：我呀，是我的味道呀,802.893,1,16777215,2022-06-08 08:35:26,557759249,4,今夜,鬼灭之刃 游郭篇,255055584
？你再说一遍？炭炭是最可爱最好看的！,1249.939,5,16777215,2022-07-19 19:25:49,557759249,4,今夜,鬼灭之刃 游郭篇,255055584
芥川龙之介：罗生门！,1124.267,1,16777215,2022-03-27 09:24:59,557759249,4,今夜,鬼灭之刃 游郭篇,255055584
不许用问句回答问句,885.224,5,16707842,2022-04-25 04:34:04,557759249,4,今夜,鬼灭之刃 游郭篇,255055584
汤姆噩梦！,844.383,5,16707842,2022-03-27 00:49:19,557759249,4,今夜,鬼灭之刃 游郭篇,255055584
"老板:我也想保护她们,没这个能力知道吧",941.874,1,16776960,2022-04-30 11:44:35,557759249,4,今夜,鬼灭之刃 游郭篇,255055584
念完你的念你的，念完你的念你的,32.851,5,16777215,2025-11-19 10:47:19,557759249,4,今夜,鬼灭之刃 游郭篇,255055584
祢豆子：请打开麦克风交流,1062.653,5,16777215,2022-06-26 18:03:10,557759249,4,今夜,鬼灭之刃 游郭篇,255055584
被老板娘薅头发又被捏脸，炭治郎好可怜。。。,438.68,5,38979,2022-03-26 20:43:03,557759249,4,今夜,鬼灭之刃 游郭篇,255055584
鬼的气味原来是甜的吗,799.488,5,41194,2022-03-26 20:10:01,557759249,4,今夜,鬼灭之刃 游郭篇,255055584
？我真没招了,847.046,1,16777215,2025-07-23 10:24:33,557759249,4,今夜,鬼灭之刃 游郭篇,255055584
这么漂亮的头，非要这么用吗？,857.414,1,16777215,2022-05-15 17:58:31,557759249,4,今夜,鬼灭之刃 游郭篇,255055584
炭：我也要,84.629,5,16707842,2022-09-01 22:08:51,557759249,4,今夜,鬼灭之刃 游郭篇,255055584
热知识：路柱跟义勇同届，并且几乎全番无伤通过，欧皇名不虚传,376.341,5,16777215,2022-04-01 12:26:19,557759249,4,今夜,鬼灭之刃 游郭篇,255055584
老板:你不保护保护我吗,938.452,5,16777215,2022-03-26 21:22:29,557759249,4,今夜,鬼灭之刃 游郭篇,255055584
人越是玩弄计谋，就越会因为意料之外的事情失败（无端联想）,487.622,5,16707842,2022-03-27 08:54:51,557759249,4,今夜,鬼灭之刃 游郭篇,255055584
鲤夏真的好优雅，面对堕姬也没有失态，只是微微憷眉,774.504,5,14811775,2024-02-07 17:41:37,557759249,4,今夜,鬼灭之刃 游郭篇,255055584
无一郎无一郎帮我插上发簪吧！（不是）,86.023,5,16707842,2022-04-26 13:16:47,557759249,4,今夜,鬼灭之刃 游郭篇,255055584
太可爱了肌肉鼠们哈哈哈哈哈,846.316,1,16777215,2022-04-02 11:03:07,557759249,4,今夜,鬼灭之刃 游郭篇,255055584
单挑鬼柱大师课，可获得大师点评机会！,1242.432,5,41194,2022-03-27 13:31:36,557759249,4,今夜,鬼灭之刃 游郭篇,255055584
？世界上最诡异的场景出现了,841.127,5,16777215,2025-11-04 21:29:23,557759249,4,今夜,鬼灭之刃 游郭篇,255055584
老板更害怕了，到底没保住,204.653,5,15138834,2024-07-06 10:46:32,557759249,4,今夜,鬼灭之刃 游郭篇,255055584
豆子:这强烈的背推感,1079.565,1,16777215,2024-06-05 21:26:05,557759249,4,今夜,鬼灭之刃 游郭篇,255055584
鲤——夏——姐——姐——不——要——啊——！！！,778.307,5,15138834,2022-04-06 15:35:42,557759249,4,今夜,鬼灭之刃 游郭篇,255055584
俺也一样（现学现用）,582.944,5,16707842,2022-03-26 22:25:52,557759249,4,今夜,鬼灭之刃 游郭篇,255055584
音柱的肉体可是仅次于岩柱的,986.008,5,16777215,2022-03-27 10:45:45,557759249,4,今夜,鬼灭之刃 游郭篇,255055584
我不同意这门丧事！！！,774.507,1,16777215,2022-04-25 18:16:06,557759249,4,今夜,鬼灭之刃 游郭篇,255055584
流水的炭治郎，铁打的祢豆子,1095.169,1,41194,2022-04-28 13:45:53,557759249,4,今夜,鬼灭之刃 游郭篇,255055584
鲤夏：怎么还女扮男装,619.449,5,16777215,2025-08-02 02:40:35,557759249,4,今夜,鬼灭之刃 游郭篇,255055584
猪肉盖章,393.598,1,16777215,2024-02-20 13:50:46,557759249,4,今夜,鬼灭之刃 游郭篇,255055584
弥豆子：请打开麦克风交流,1078.804,5,16646914,2022-04-17 11:31:17,557759249,4,今夜,鬼灭之刃 游郭篇,255055584
细节！背阴的房间！,930.222,5,15138834,2022-07-11 18:57:41,557759249,4,今夜,鬼灭之刃 游郭篇,255055584
你别告诉我是音柱，我真的会刀了他,689.007,5,41194,2022-07-29 18:49:59,557759249,4,今夜,鬼灭之刃 游郭篇,255055584
对付不了，这里指群殴上弦，上弦招架不住,315.9,5,52480,2022-03-27 18:48:02,557759249,4,今夜,鬼灭之刃 游郭篇,255055584
他叫了，但是柱也都很忙，后半夜赶过来已经很快了。,337.405,1,16707842,2022-03-30 14:15:36,557759249,4,今夜,鬼灭之刃 游郭篇,255055584
注:这时候已经叫蛇柱过来了,316.737,5,16777215,2025-08-03 02:35:59,557759249,4,今夜,鬼灭之刃 游郭篇,255055584
等天亮了掀她天花板就行了,972.054,5,16707842,2022-09-24 05:36:48,557759249,4,今夜,鬼灭之刃 游郭篇,255055584
《美女与野兽》,870.169,5,16777215,2026-02-09 14:16:41,557759249,4,今夜,鬼灭之刃 游郭篇,255055584
靖妖傩舞（bushi,860.595,5,52480,2022-04-05 22:08:14,557759249,4,今夜,鬼灭之刃 游郭篇,255055584
碳子眼睛的好看可是堕姬承认的水准！,1383.856,5,15138834,2023-12-05 11:42:37,557759249,4,今夜,鬼灭之刃 游郭篇,255055584
堕姬只相中了炭的眼睛,1044.278,5,15959988,2022-03-26 20:33:29,557759249,4,今夜,鬼灭之刃 游郭篇,255055584
突然变帅碳碳,599.923,5,16777215,2022-12-18 10:59:28,557759249,4,今夜,鬼灭之刃 游郭篇,255055584
矛盾文学,1243.661,5,16777215,2022-04-27 16:47:51,557759249,4,今夜,鬼灭之刃 游郭篇,255055584
说点我不知道的,626.54,5,16777215,2025-10-09 12:32:59,557759249,4,今夜,鬼灭之刃 游郭篇,255055584
把猪突猛进刻进DNA里,825.429,5,16777215,2022-04-25 13:01:07,557759249,4,今夜,鬼灭之刃 游郭篇,255055584
两个温柔的人在一个片段里好养眼,621.403,1,15138834,2022-05-15 10:53:18,557759249,4,今夜,鬼灭之刃 游郭篇,255055584
正常人第一反应不应该是善那里有鬼吗。,439.118,5,16707842,2025-08-27 19:46:14,557759249,4,今夜,鬼灭之刃 游郭篇,255055584
祢豆子：我太谢谢你了,1167.17,1,16777215,2022-04-30 19:13:34,557759249,4,今夜,鬼灭之刃 游郭篇,255055584
泽城美雪的声音太好听了 我都酥了,1259.109,1,16777215,2022-03-28 07:54:01,557759249,4,今夜,鬼灭之刃 游郭篇,255055584
左右脑互搏,1244.608,1,16777215,2025-10-08 18:49:56,557759249,4,今夜,鬼灭之刃 游郭篇,255055584
人类的赞歌就是勇气的赞歌！人类的伟大就是勇气的伟大！,1289.099,5,16707842,2022-03-27 11:54:32,557759249,4,今夜,鬼灭之刃 游郭篇,255055584
这里老板已经知道堕姬了，怕别人去惹她，被k掉。,232.384,5,15138834,2022-03-26 20:06:00,557759249,4,今夜,鬼灭之刃 游郭篇,255055584
豆子：哥，我好像有点晕,1076.445,5,16777215,2025-09-19 19:37:46,557759249,4,今夜,鬼灭之刃 游郭篇,255055584
祢豆子没有成祢豆酱吗？,1065.882,5,16777215,2025-09-17 20:20:33,557759249,4,今夜,鬼灭之刃 游郭篇,255055584
老板以为自己因为太痛苦出幻觉了,944.574,5,16777215,2023-06-02 18:22:53,557759249,4,今夜,鬼灭之刃 游郭篇,255055584
晚点走啊宝！！！,615.147,5,15138834,2022-03-29 00:32:01,557759249,4,今夜,鬼灭之刃 游郭篇,255055584
牛顿：我自己来，自己来,1206.81,5,16776960,2022-03-28 14:49:41,557759249,4,今夜,鬼灭之刃 游郭篇,255055584
木叶的根,1414.762,1,15138834,2024-06-24 23:11:19,557759249,4,今夜,鬼灭之刃 游郭篇,255055584
震惊老板娘一整年：我新买的准花魁妹妹呢？,864.972,1,16777215,2022-08-08 12:39:03,557759249,4,今夜,鬼灭之刃 游郭篇,255055584
豆子：发生甚么事了？,1060.436,1,16777215,2022-04-30 21:33:17,557759249,4,今夜,鬼灭之刃 游郭篇,255055584
像是俩猫在打架哈哈哈,448.644,1,16777215,2022-03-28 09:09:34,557759249,4,今夜,鬼灭之刃 游郭篇,255055584
炭治郎应该不是丑，应该是糙，太糙了,1259.834,5,16777215,2025-12-07 22:18:54,557759249,4,今夜,鬼灭之刃 游郭篇,255055584
怎么说呢，至少在我这里，堕姬吃掉姐姐的这一刻起，她就罪不可赦了,779.563,5,15138834,2022-07-17 15:00:18,557759249,4,今夜,鬼灭之刃 游郭篇,255055584
比起堕姬我真的更喜欢鲤夏姐姐,23.137,1,16777215,2022-07-02 19:32:28,557759249,4,今夜,鬼灭之刃 游郭篇,255055584
大声密谋,457.221,1,16777215,2022-04-29 09:16:16,557759249,4,今夜,鬼灭之刃 游郭篇,255055584
好像芥川龙之介的罗生门,1112.541,1,16777215,2022-03-26 21:36:14,557759249,4,今夜,鬼灭之刃 游郭篇,255055584
因为知道这个鬼只吃漂亮的而祢豆子很漂亮吧 所以叫她别出来,1164.869,1,16777215,2025-11-18 15:25:15,557759249,4,今夜,鬼灭之刃 游郭篇,255055584
咱就不能再多要几个柱来打团吗,338.741,5,16777215,2022-03-26 20:33:42,557759249,4,今夜,鬼灭之刃 游郭篇,255055584
真的是忍者诶！忍具出现了,886.954,1,16777215,2022-03-29 10:46:54,557759249,4,今夜,鬼灭之刃 游郭篇,255055584
嗯，很华丽的字体！,1191.139,1,16777215,2022-04-30 22:43:45,557759249,4,今夜,鬼灭之刃 游郭篇,255055584
鲤————夏————姐————姐——————,774.74,5,16777215,2022-03-26 21:11:49,557759249,4,今夜,鬼灭之刃 游郭篇,255055584
好可爱的猪！！,451.311,5,41194,2022-06-13 16:40:57,557759249,4,今夜,鬼灭之刃 游郭篇,255055584
flag立得飞起（被刀多了的条件反射QAQ）,727.784,5,15138834,2022-03-29 14:55:22,557759249,4,今夜,鬼灭之刃 游郭篇,255055584
堕姬我不喜欢你了 放开鲤夏,783.922,5,16777215,2025-11-27 18:00:56,557759249,4,今夜,鬼灭之刃 游郭篇,255055584
自费打工第一人,614.154,1,16777215,2025-11-20 19:46:18,557759249,4,今夜,鬼灭之刃 游郭篇,255055584
箱子:因为怕痛就全点防御了,1107.81,1,16777215,2022-04-05 10:25:41,557759249,4,今夜,鬼灭之刃 游郭篇,255055584
 碳治郎：我直接开斑纹,321.199,5,15138834,2022-05-15 10:20:02,557759249,4,今夜,鬼灭之刃 游郭篇,255055584
音柱这个时候其实已经叫支援了,332.385,5,16777215,2025-01-23 00:20:46,557759249,4,今夜,鬼灭之刃 游郭篇,255055584
全局唯一温柔超过炭的人,91.607,1,16777215,2022-08-05 16:29:33,557759249,4,今夜,鬼灭之刃 游郭篇,255055584
长按为华丽哥助力,976.323,5,16777215,2022-04-02 21:09:34,557759249,4,今夜,鬼灭之刃 游郭篇,255055584
洛基：我当时也是这样的,1068.889,5,16707842,2022-03-27 14:04:10,557759249,4,今夜,鬼灭之刃 游郭篇,255055584
猪猪住的是花魁专属房间hhhhh老板娘是真的慧眼识猪啊,828.414,1,16777215,2023-07-22 15:29:31,557759249,4,今夜,鬼灭之刃 游郭篇,255055584
金角大王和银角大王（,63.452,5,16777215,2022-10-01 13:11:13,557759249,4,今夜,鬼灭之刃 游郭篇,255055584
《美女与野兽》,861.617,5,16777215,2025-12-19 22:03:12,557759249,4,今夜,鬼灭之刃 游郭篇,255055584
国足出来学习一下,1288.065,1,16777215,2022-03-26 21:47:25,557759249,4,今夜,鬼灭之刃 游郭篇,255055584
每一个柱都在保护后辈,327.04,1,16777215,2023-07-20 14:03:54,557759249,4,今夜,鬼灭之刃 游郭篇,255055584
豆子：整的什么b动静啊,1062.316,1,16777215,2022-08-14 01:17:20,557759249,4,今夜,鬼灭之刃 游郭篇,255055584
好家伙，刀完炎柱刀花魁是吧,711.174,1,16777215,2022-03-27 16:14:49,557759249,4,今夜,鬼灭之刃 游郭篇,255055584
热知识:音柱随便打堕姬,931.664,5,16777215,2024-04-06 20:34:10,557759249,4,今夜,鬼灭之刃 游郭篇,255055584
啊啊啊华丽哥好帅,887.552,5,16777215,2023-08-19 15:28:18,557759249,4,今夜,鬼灭之刃 游郭篇,255055584
按「J」+「K」进行组合技能,1101.178,5,16707842,2022-07-11 22:03:53,557759249,4,今夜,鬼灭之刃 游郭篇,255055584
约尔的大金叉子（bushi）,59.186,1,16777215,2022-05-15 09:45:09,557759249,4,今夜,鬼灭之刃 游郭篇,255055584
异能力：罗生门！,1114.193,1,16777215,2023-01-08 23:05:11,557759249,4,今夜,鬼灭之刃 游郭篇,255055584
大家知道了吧想要变聪明就不能戴头套（。,525.879,5,15138834,2025-11-09 00:50:21,557759249,4,今夜,鬼灭之刃 游郭篇,255055584
太鼓达人哈哈哈哈哈,456.776,1,16777215,2022-03-29 17:04:03,557759249,4,今夜,鬼灭之刃 游郭篇,255055584
太宰治：我来！,1117.908,1,16777215,2022-04-02 12:23:38,557759249,4,今夜,鬼灭之刃 游郭篇,255055584
异能指导：芥川龙之介,1112.224,1,16777215,2024-07-18 02:45:46,557759249,4,今夜,鬼灭之刃 游郭篇,255055584
要是祢豆子当艺岐，肯定得是花魁,669.734,1,16777215,2022-07-04 01:05:13,557759249,4,今夜,鬼灭之刃 游郭篇,255055584
忍者跑步没声音但华丽头饰叮叮当当,967.115,5,16707842,2025-10-24 20:07:57,557759249,4,今夜,鬼灭之刃 游郭篇,255055584
老板其实猜到蕨姬杀了之前的女孩们和老板娘,236.237,1,16777215,2023-08-20 16:54:48,557759249,4,今夜,鬼灭之刃 游郭篇,255055584
做刀的大叔看到这已经去采购原材料了,1295.415,5,16777215,2025-11-30 23:47:06,557759249,4,今夜,鬼灭之刃 游郭篇,255055584
封你们分别为金角大王和银角大王,67.387,1,16777215,2022-06-26 18:01:52,557759249,4,今夜,鬼灭之刃 游郭篇,255055584
老板也是为了保护这些女孩,239.387,1,16777215,2022-04-30 19:14:18,557759249,4,今夜,鬼灭之刃 游郭篇,255055584
炭治郎一点都不丑！！！！！！！！！！！！！！！！！！！！,1246.309,1,16777215,2026-01-26 12:50:29,557759249,4,今夜,鬼灭之刃 游郭篇,255055584
鲤夏没死宝子们！！鲤夏活得好好的还结婚了！,680.432,5,52480,2025-11-22 21:08:04,557759249,4,今夜,鬼灭之刃 游郭篇,255055584
异能指导：芥川龙之介,1128.66,5,16777215,2023-01-30 14:34:39,557759249,4,今夜,鬼灭之刃 游郭篇,255055584
生动形象哈哈哈哈哈,264.04,1,16777215,2022-06-03 23:22:11,557759249,4,今夜,鬼灭之刃 游郭篇,255055584
缘一：上弦之六好强，我用了一刀才杀死,1089.787,1,8700107,2022-03-26 21:27:02,557759249,4,今夜,鬼灭之刃 游郭篇,255055584
我一开始天真的以为猪只是喊着玩的.....,837.645,1,16777215,2024-03-17 09:48:19,557759249,4,今夜,鬼灭之刃 游郭篇,255055584
快叫太宰使用人间失格！,1115.969,1,16777215,2022-03-27 00:45:10,557759249,4,今夜,鬼灭之刃 游郭篇,255055584
迅哥儿的隐鼠（bushi）,848.363,5,15138834,2025-12-30 18:00:40,557759249,4,今夜,鬼灭之刃 游郭篇,255055584
纸片人中的纸片人,1234.205,1,16777215,2022-04-01 21:20:48,557759249,4,今夜,鬼灭之刃 游郭篇,255055584
其实这对兄妹算是童磨的养子养女了,1049.093,5,14811775,2025-12-19 09:53:12,557759249,4,今夜,鬼灭之刃 游郭篇,255055584
都知道可能有上弦了，再去叫几个人会死啊,329.0,5,15138834,2022-05-05 22:25:14,557759249,4,今夜,鬼灭之刃 游郭篇,255055584
咩——————————~~~,194.644,1,16707842,2022-04-11 15:43:21,557759249,4,今夜,鬼灭之刃 游郭篇,255055584
大家别担心，鲤夏活得好好的后来还结婚了,584.744,5,16646914,2025-11-22 21:05:54,557759249,4,今夜,鬼灭之刃 游郭篇,255055584
刀的味道呜呜呜呜呜呜,697.877,5,14811775,2022-04-08 13:08:36,557759249,4,今夜,鬼灭之刃 游郭篇,255055584
不羡鸳鸯不羡仙，只羡音柱每一天,1.277,5,16777215,2022-03-27 13:05:30,557759249,4,今夜,鬼灭之刃 游郭篇,255055584
yysy堕姬可以被他乱杀 但妓夫太郎…,923.518,5,16777215,2022-05-04 19:16:03,557759249,4,今夜,鬼灭之刃 游郭篇,255055584
堕姬：将他纳入眼狩令（富冈义勇.jpg）,1150.075,5,6830715,2022-04-10 15:57:00,557759249,4,今夜,鬼灭之刃 游郭篇,255055584
说什么呢！！！炭治郎超帅的好吗？！？！？！,1248.281,5,16777215,2025-11-30 15:26:55,557759249,4,今夜,鬼灭之刃 游郭篇,255055584
不要刀鲤夏姐姐呜呜呜,686.8,1,16777215,2022-03-27 00:05:35,557759249,4,今夜,鬼灭之刃 游郭篇,255055584
人类的赞歌就是勇气的赞歌，人类的伟大就是勇气的伟大！！！,1284.73,5,16707842,2022-03-26 22:22:22,557759249,4,今夜,鬼灭之刃 游郭篇,255055584
雏鹤我老是看成鹌鹑,957.236,5,16765698,2022-04-30 15:13:15,557759249,4,今夜,鬼灭之刃 游郭篇,255055584
祢豆子不会撞晕吗？,1096.474,5,16777215,2022-04-25 18:57:40,557759249,4,今夜,鬼灭之刃 游郭篇,255055584
罗生门!,1111.045,1,6830715,2022-03-27 04:53:10,557759249,4,今夜,鬼灭之刃 游郭篇,255055584
鲤————————夏————————姐————————姐————————,981.579,5,14811775,2022-04-27 21:11:41,557759249,4,今夜,鬼灭之刃 游郭篇,255055584
[炭治郎]已牵制监管60秒,1286.403,5,15138834,2026-02-20 16:35:27,557759249,4,今夜,鬼灭之刃 游郭篇,255055584
异能？快叫太宰治,1118.78,1,16646914,2022-05-25 12:17:16,557759249,4,今夜,鬼灭之刃 游郭篇,255055584
鳄鱼：刀了她读者一定会哭好久吧,590.939,5,9033215,2022-03-26 22:33:09,557759249,4,今夜,鬼灭之刃 游郭篇,255055584
出   音   危   来,962.562,5,15138834,2022-03-26 20:58:39,557759249,4,今夜,鬼灭之刃 游郭篇,255055584
盲猜他心里在想我也想要,93.133,5,16777215,2022-03-26 20:41:53,557759249,4,今夜,鬼灭之刃 游郭篇,255055584
炭炭不丑！,1248.047,5,16777215,2026-01-25 16:05:29,557759249,4,今夜,鬼灭之刃 游郭篇,255055584
祢豆子等会就狂暴啊；一个新梗，此时弥豆子还在箱子里装着,1150.321,5,16777215,2026-02-09 14:21:43,557759249,4,今夜,鬼灭之刃 游郭篇,255055584
鲤————夏————姐————姐————,726.12,5,16777215,2026-02-09 14:16:21,557759249,4,今夜,鬼灭之刃 游郭篇,255055584
太华丽了哈哈哈哈哈,851.477,5,41194,2026-02-12 22:40:41,557759249,4,今夜,鬼灭之刃 游郭篇,255055584
华丽的字体,1182.235,1,16707842,2026-02-11 12:10:22,557759249,4,今夜,鬼灭之刃 游郭篇,255055584
伊之助戴头套这样好帅好美sos,306.022,5,16777215,2026-01-28 18:40:28,557759249,4,今夜,鬼灭之刃 游郭篇,255055584
多么华丽的字体！！！,1183.223,5,16777215,2026-02-13 18:42:35,557759249,4,今夜,鬼灭之刃 游郭篇,255055584
野猪大闹京极屋!,870.858,5,16777215,2026-02-13 12:55:17,557759249,4,今夜,鬼灭之刃 游郭篇,255055584
豆子，就挺突然,1083.478,5,16777215,2026-02-09 14:20:33,557759249,4,今夜,鬼灭之刃 游郭篇,255055584
鲤夏姐姐快救她！呜呜呜！！,964.403,5,16777215,2026-02-09 14:18:15,557759249,4,今夜,鬼灭之刃 游郭篇,255055584
求你了，鲤夏姐姐你别死啊！！！！！！！！,974.138,5,15138834,2026-02-08 19:01:57,557759249,4,今夜,鬼灭之刃 游郭篇,255055584
《大声密谋》,272.711,5,16777215,2026-01-31 19:25:15,557759249,4,今夜,鬼灭之刃 游郭篇,255055584
上弦三竟然把炎柱给杀掉了，那上弦六是不是会弱一点，柱应该能杀掉,1064.101,1,16777215,2026-01-29 12:28:27,557759249,4,今夜,鬼灭之刃 游郭篇,255055584
快用你那无敌的火之神神乐想想办法啊,1285.747,5,16777215,2026-02-10 22:14:45,557759249,4,今夜,鬼灭之刃 游郭篇,255055584
一个新梗，此时弥豆子还在箱子里装着,1163.139,5,16777215,2026-02-09 14:21:56,557759249,4,今夜,鬼灭之刃 游郭篇,255055584
炭子不丑!,1255.659,5,16777215,2026-01-31 17:37:12,557759249,4,今夜,鬼灭之刃 游郭篇,255055584
前面说缘一估计单杀上弦的，缘一六十多临死之前，上一在他面前没有还手之力,977.793,1,16777215,2026-01-30 21:58:37,557759249,4,今夜,鬼灭之刃 游郭篇,255055584
乌鸦坐飞机,268.655,5,16777215,2026-01-30 21:36:24,557759249,4,今夜,鬼灭之刃 游郭篇,255055584
你盐井虾吗  我们炭炭有man有可爱有呆萌有帅气有印记有善良有温柔还会体谅别人简直是萌物啊！,1252.59,1,16777215,2026-01-28 20:03:14,557759249,4,今夜,鬼灭之刃 游郭篇,255055584
谁和我一样，边吃东西边看,182.699,1,16777215,2026-02-26 03:41:43,557759249,4,今夜,鬼灭之刃 游郭篇,255055584
好现代的背心。好华丽的面容。,1024.436,5,14811775,2026-02-17 22:12:11,557759249,4,今夜,鬼灭之刃 游郭篇,255055584
楚天秋吗,1154.041,1,16777215,2026-02-15 18:56:16,557759249,4,今夜,鬼灭之刃 游郭篇,255055584
我滴妈，太华丽了,845.995,1,16777215,2026-02-13 19:10:46,557759249,4,今夜,鬼灭之刃 游郭篇,255055584
啊啦啊啦真的好像蝴蝶香奈惠TvT,43.059,5,16777215,2026-02-01 22:48:22,557759249,4,今夜,鬼灭之刃 游郭篇,255055584
虽然有一点剧透，但大家放心，鲤夏最后没死,809.529,5,14811775,2026-02-20 18:14:32,557759249,4,今夜,鬼灭之刃 游郭篇,255055584
华丽的字体。,1190.312,5,16777215,2026-02-19 20:57:44,557759249,4,今夜,鬼灭之刃 游郭篇,255055584
楚天秋羡慕死了,1147.79,1,16777215,2026-02-19 17:13:07,557759249,4,今夜,鬼灭之刃 游郭篇,255055584
不！！！！！鲤夏姐姐别死啊！！！！！！！！！,1035.158,5,15138834,2026-02-08 19:03:30,557759249,4,今夜,鬼灭之刃 游郭篇,255055584
炭·疑·治·惑·郎,643.54,1,16777215,2026-02-08 13:17:32,557759249,4,今夜,鬼灭之刃 游郭篇,255055584
开门放豆！！,1103.217,5,15138834,2026-02-05 16:15:38,557759249,4,今夜,鬼灭之刃 游郭篇,255055584
咩～～～～～～～～～～～～～～～～～～～～～～～～～～～～～～～～～～～～～～～～～～～～～～～～～～～～～～～～～～～～～～～～～～～～～～～～～～～～,193.193,5,16777215,2026-02-03 19:55:15,557759249,4,今夜,鬼灭之刃 游郭篇,255055584
细节背阴,936.999,5,16777215,2026-01-29 10:02:11,557759249,4,今夜,鬼灭之刃 游郭篇,255055584
华丽的字体！,1188.931,5,16777215,2026-01-27 21:35:20,557759249,4,今夜,鬼灭之刃 游郭篇,255055584
好温柔，形成对比,28.012,5,16777215,2026-01-24 21:53:34,557759249,4,今夜,鬼灭之刃 游郭篇,255055584
我去，别吓我，善善不会出事了吧？,301.35,5,16707842,2026-03-28 19:11:21,557759249,4,今夜,鬼灭之刃 游郭篇,255055584
哈哈哈 命最硬的路人哥村田出现了,370.839,5,16777215,2026-02-22 23:22:27,557759249,4,今夜,鬼灭之刃 游郭篇,255055584
我们炭炭才不丑(」ﾟﾛﾟ)｣,1254.521,5,16777215,2026-02-20 22:29:01,557759249,4,今夜,鬼灭之刃 游郭篇,255055584
写轮眼,643.465,5,16777215,2026-02-13 18:33:34,557759249,4,今夜,鬼灭之刃 游郭篇,255055584
主角标配越级挑战并胜利，华丽哥你不懂,317.291,5,41194,2026-02-12 22:30:13,557759249,4,今夜,鬼灭之刃 游郭篇,255055584
我炭这么萌！！！！！！,1254.362,5,16777215,2026-02-11 22:05:38,557759249,4,今夜,鬼灭之刃 游郭篇,255055584
这箱子质量堪比日轮刀,1170.624,1,16777215,2026-02-10 13:58:10,557759249,4,今夜,鬼灭之刃 游郭篇,255055584
食物特写,816.451,1,16777215,2026-02-09 15:22:32,557759249,4,今夜,鬼灭之刃 游郭篇,255055584
炭炭才不丑！,1248.278,1,16777215,2026-02-09 14:51:33,557759249,4,今夜,鬼灭之刃 游郭篇,255055584
增高鞋,1223.655,5,16646914,2026-02-05 16:35:27,557759249,4,今夜,鬼灭之刃 游郭篇,255055584
不许这么说我们炭炭,1264.057,1,16777215,2026-02-05 02:31:12,557759249,4,今夜,鬼灭之刃 游郭篇,255055584
《我的背很痛》,1113.522,1,41194,2026-02-04 22:56:06,557759249,4,今夜,鬼灭之刃 游郭篇,255055584
給豆包下指令的我：,885.348,1,16777215,2026-02-03 23:38:16,557759249,4,今夜,鬼灭之刃 游郭篇,255055584
骨头有力气（有骨气）,1134.501,5,16777215,2026-02-03 20:06:44,557759249,4,今夜,鬼灭之刃 游郭篇,255055584
这才是好人！,64.561,5,15138834,2026-02-02 14:01:15,557759249,4,今夜,鬼灭之刃 游郭篇,255055584
芥川前辈！,1117.956,1,16777215,2026-01-30 15:40:09,557759249,4,今夜,鬼灭之刃 游郭篇,255055584
为什么我感觉这个姐姐后面会死呢？,676.747,5,16777215,2026-01-23 14:33:46,557759249,4,今夜,鬼灭之刃 游郭篇,255055584
芥川：这个我熟,1125.709,1,16777215,2026-02-18 00:02:44,557759249,4,今夜,鬼灭之刃 游郭篇,255055584
这人眼光有问题吧，我觉得一点也不丑呀，可爱倒是一回事儿。,1252.481,1,16777215,2026-02-15 22:55:39,557759249,4,今夜,鬼灭之刃 游郭篇,255055584
猪猪又要轻飘飘了,524.954,5,16707842,2026-02-14 11:52:15,557759249,4,今夜,鬼灭之刃 游郭篇,255055584
你们不管善善了！,404.951,5,15138834,2026-02-10 21:36:43,557759249,4,今夜,鬼灭之刃 游郭篇,255055584
鲤————————夏————————姐————————姐————一一,486.751,1,16777215,2026-02-03 19:43:29,557759249,4,今夜,鬼灭之刃 游郭篇,255055584
呜呜呜鲤夏姐姐,1238.184,5,16777215,2026-01-29 19:25:40,557759249,4,今夜,鬼灭之刃 游郭篇,255055584
《  柱  突  猛  进  》,969.016,1,16777215,2026-01-27 11:09:18,557759249,4,今夜,鬼灭之刃 游郭篇,255055584
你得是下落不明满四年才能宣告死亡啊,328.525,5,16707842,2026-01-25 23:52:39,557759249,4,今夜,鬼灭之刃 游郭篇,255055584
老板比谁都清楚,222.741,1,16777215,2026-01-25 10:50:26,557759249,4,今夜,鬼灭之刃 游郭篇,255055584
火之神神乐,1283.719,1,16777215,2026-01-23 13:24:50,557759249,4,今夜,鬼灭之刃 游郭篇,255055584
我不行了，文野妹跑到哪都有,1130.354,1,16777215,2026-01-22 19:23:10,557759249,4,今夜,鬼灭之刃 游郭篇,255055584
好萌！好可爱,1178.326,5,14811775,2026-02-25 01:17:35,557759249,4,今夜,鬼灭之刃 游郭篇,255055584
华丽鼠,842.755,1,16777215,2026-02-24 19:40:46,557759249,4,今夜,鬼灭之刃 游郭篇,255055584
我们炭炭才不丑(」ﾟﾛﾟ)｣,1262.715,5,11890,2026-02-23 21:59:22,557759249,4,今夜,鬼灭之刃 游郭篇,255055584
老板娘好绝望,871.749,1,16777215,2026-02-23 17:29:48,557759249,4,今夜,鬼灭之刃 游郭篇,255055584
钢铁冢：不说了，我先给炭治郎再打一把刀吧,1388.714,1,16777215,2026-02-22 17:12:37,557759249,4,今夜,鬼灭之刃 游郭篇,255055584
恭喜炭子彩票中头奖，奖励上弦之陆一个！！！,1012.487,5,16777215,2026-02-22 12:01:35,557759249,4,今夜,鬼灭之刃 游郭篇,255055584
华丽的飞走,940.101,1,16777215,2026-02-21 19:31:46,557759249,4,今夜,鬼灭之刃 游郭篇,255055584
炭几喽快回来出事了啊啊啊啊啊啊啊啊！！,780.139,5,15138834,2026-02-21 00:25:39,557759249,4,今夜,鬼灭之刃 游郭篇,255055584
好萌好萌,460.861,5,16777215,2026-02-20 13:13:35,557759249,4,今夜,鬼灭之刃 游郭篇,255055584
华丽肌肉鼠,850.128,1,16777215,2026-02-19 10:48:32,557759249,4,今夜,鬼灭之刃 游郭篇,255055584
好可爱呀,453.534,1,16777215,2026-02-19 08:50:49,557759249,4,今夜,鬼灭之刃 游郭篇,255055584
鲤夏：说点我不知道的,632.04,1,16777215,2026-02-17 22:49:22,557759249,4,今夜,鬼灭之刃 游郭篇,255055584
这个鲤夏我可以！,663.397,5,16777215,2026-02-17 13:58:44,557759249,4,今夜,鬼灭之刃 游郭篇,255055584
猪猪变聪明了耶。,403.375,1,16777215,2026-02-16 22:58:20,557759249,4,今夜,鬼灭之刃 游郭篇,255055584
罗生门！！！,1123.14,1,16777215,2026-02-15 18:56:35,557759249,4,今夜,鬼灭之刃 游郭篇,255055584
华丽的字体,1189.37,5,16777215,2026-02-14 20:58:23,557759249,4,今夜,鬼灭之刃 游郭篇,255055584
戴上头套跟换了个人一样。,872.151,1,16777215,2026-02-13 18:57:35,557759249,4,今夜,鬼灭之刃 游郭篇,255055584
动作指导：芥川龙之介,1115.669,1,16777215,2026-02-13 15:32:37,557759249,4,今夜,鬼灭之刃 游郭篇,255055584
太实诚了这也,626.691,1,16777215,2026-02-12 00:07:56,557759249,4,今夜,鬼灭之刃 游郭篇,255055584
他！才！不丑！！！！！！！！,1246.459,5,16777215,2026-02-11 22:04:31,557759249,4,今夜,鬼灭之刃 游郭篇,255055584
炭炭一点也不丑！！！,1252.83,1,16777215,2026-02-11 21:36:07,557759249,4,今夜,鬼灭之刃 游郭篇,255055584
我的天猪猪太美丽了,530.656,5,16777215,2026-02-10 22:08:29,557759249,4,今夜,鬼灭之刃 游郭篇,255055584
华丽鼠,845.829,1,16777215,2026-02-09 14:49:13,557759249,4,今夜,鬼灭之刃 游郭篇,255055584
幸福在鲨鱼老师眼里就是不可能的,698.309,5,15138834,2026-02-08 21:56:29,557759249,4,今夜,鬼灭之刃 游郭篇,255055584
卡哇伊！！！,1177.329,1,16777215,2026-02-08 17:24:19,557759249,4,今夜,鬼灭之刃 游郭篇,255055584
炭炭：我以为这是场完美的演出,644.839,1,16777215,2026-02-08 14:33:48,557759249,4,今夜,鬼灭之刃 游郭篇,255055584
居然还挑食,1148.545,1,16777215,2026-02-08 12:53:22,557759249,4,今夜,鬼灭之刃 游郭篇,255055584
罗咻萌！（幻视）,1116.137,5,16777215,2026-02-06 17:00:07,557759249,4,今夜,鬼灭之刃 游郭篇,255055584
突然3d,794.484,1,16777215,2026-02-06 13:17:21,557759249,4,今夜,鬼灭之刃 游郭篇,255055584
路柱！！！,374.755,1,16777215,2026-02-06 13:01:51,557759249,4,今夜,鬼灭之刃 游郭篇,255055584
墮姬很坏。但是很美。,1149.468,1,16777215,2026-02-06 01:51:53,557759249,4,今夜,鬼灭之刃 游郭篇,255055584
华丽哥专属,850.348,1,16777215,2026-02-05 13:21:13,557759249,4,今夜,鬼灭之刃 游郭篇,255055584
芥川龙之介？,1117.036,5,16777215,2026-02-04 14:23:30,557759249,4,今夜,鬼灭之刃 游郭篇,255055584
华丽哥人呢？！忍者出身就跑快些啊！,1261.55,5,16777215,2026-02-03 19:43:23,557759249,4,今夜,鬼灭之刃 游郭篇,255055584
大展宏图ヽ(｡･ω･｡)ﾉ,272.731,1,16777215,2026-02-02 21:23:24,557759249,4,今夜,鬼灭之刃 游郭篇,255055584
不要立flag啊！！！完蛋了！,689.154,5,15138834,2026-02-01 22:47:33,557759249,4,今夜,鬼灭之刃 游郭篇,255055584
太华丽了,848.11,1,14811775,2026-02-01 18:30:30,557759249,4,今夜,鬼灭之刃 游郭篇,255055584
救一下鲤夏姐姐呀,970.399,1,16777215,2026-02-01 00:27:52,557759249,4,今夜,鬼灭之刃 游郭篇,255055584
“侦炭”,523.056,1,16777215,2026-01-31 19:07:46,557759249,4,今夜,鬼灭之刃 游郭篇,255055584
最强路人王村田,370.368,1,16777215,2026-01-31 18:01:48,557759249,4,今夜,鬼灭之刃 游郭篇,255055584
无惨：我都怕他，你还惹他生气,1060.815,1,16777215,2026-01-30 22:14:27,557759249,4,今夜,鬼灭之刃 游郭篇,255055584
？震惊老己一百年,855.535,1,16777215,2026-01-30 22:09:56,557759249,4,今夜,鬼灭之刃 游郭篇,255055584
猪猪美我一脸,283.986,1,16777215,2026-01-30 21:50:12,557759249,4,今夜,鬼灭之刃 游郭篇,255055584
绝望的老板娘,862.643,1,16777215,2026-01-30 13:31:11,557759249,4,今夜,鬼灭之刃 游郭篇,255055584
帅哥，你谁呀？,608.978,1,15138834,2026-01-28 18:05:20,557759249,4,今夜,鬼灭之刃 游郭篇,255055584
上哪给你找又看文野又看鬼灭的啊我服了,1118.145,1,16777215,2026-01-27 20:18:11,557759249,4,今夜,鬼灭之刃 游郭篇,255055584
好华丽,852.148,5,15772458,2026-01-27 02:03:00,557759249,4,今夜,鬼灭之刃 游郭篇,255055584
不是因为炭治郎是主角所以赢，而是因为他一直赢所以是主角。每一次战斗都可能会死亡,1292.424,5,15138834,2026-01-26 21:10:15,557759249,4,今夜,鬼灭之刃 游郭篇,255055584
香奈乎好可爱,378.453,1,16777215,2026-01-26 18:53:35,557759249,4,今夜,鬼灭之刃 游郭篇,255055584
华丽鼠,851.991,5,16777215,2026-01-26 14:43:59,557759249,4,今夜,鬼灭之刃 游郭篇,255055584
芥川附体,1118.176,1,16777215,2026-01-24 22:30:18,557759249,4,今夜,鬼灭之刃 游郭篇,255055584
无一郎无一郎！,19.467,5,15138834,2026-01-24 21:50:41,557759249,4,今夜,鬼灭之刃 游郭篇,255055584
我靠鲤夏姐姐！！,1222.123,1,16777215,2026-01-24 18:36:42,557759249,4,今夜,鬼灭之刃 游郭篇,255055584
猪猪思考的样子真的好帅,498.385,5,16777215,2026-01-23 00:32:15,557759249,4,今夜,鬼灭之刃 游郭篇,255055584
他在等蛇柱过来啊,340.708,1,16777215,2026-01-21 17:53:52,557759249,4,今夜,鬼灭之刃 游郭篇,255055584
猪猪美我一脸,277.645,1,16777215,2026-01-21 13:57:56,557759249,4,今夜,鬼灭之刃 游郭篇,255055584
义勇：我背很痛,1105.973,1,16777215,2026-01-21 00:42:59,557759249,4,今夜,鬼灭之刃 游郭篇,255055584
虽然但是别忘了炭炭身上还有伤啊，他的肋骨还能不能好了？！,1079.905,1,15138834,2026-01-20 20:00:15,557759249,4,今夜,鬼灭之刃 游郭篇,255055584
恭喜炭子彩票中头奖，奖励上弦之陆一个,1013.866,5,14811775,2026-04-03 17:45:07,557759249,4,今夜,鬼灭之刃 游郭篇,255055584
箱子上链接,1103.591,1,16777215,2026-03-21 20:50:15,557759249,4,今夜,鬼灭之刃 游郭篇,255055584
念完你的念你的,35.024,5,16777215,2026-03-19 16:45:47,557759249,4,今夜,鬼灭之刃 游郭篇,255055584
华丽的字体,1186.785,1,16777215,2026-03-15 20:37:35,557759249,4,今夜,鬼灭之刃 游郭篇,255055584
不是，手都爆青筋了,302.153,1,16777215,2026-03-07 15:39:04,557759249,4,今夜,鬼灭之刃 游郭篇,255055584
挺挑食啊,1050.273,1,16777215,2026-03-07 14:17:24,557759249,4,今夜,鬼灭之刃 游郭篇,255055584
音柱：你猜我为啥来？,1277.894,5,16707842,2026-03-05 20:01:22,557759249,4,今夜,鬼灭之刃 游郭篇,255055584
用日呼,1291.311,5,16777215,2026-03-03 09:33:41,557759249,4,今夜,鬼灭之刃 游郭篇,255055584
怪不得是童磨救的 吃人的招差不多啊,1031.769,1,16777215,2026-03-01 23:03:47,557759249,4,今夜,鬼灭之刃 游郭篇,255055584
善子：不吃别扒拉,1043.365,1,16777215,2026-03-01 21:33:18,557759249,4,今夜,鬼灭之刃 游郭篇,255055584
确定不是蜘蛛精吗？,266.455,1,16777215,2026-02-28 21:28:15,557759249,4,今夜,鬼灭之刃 游郭篇,255055584
猪猪就这样让老板知道便宜没好货,861.983,1,16777215,2026-02-26 13:55:04,557759249,4,今夜,鬼灭之刃 游郭篇,255055584
炭几楼你快回去,801.178,1,16777215,2026-02-25 14:02:04,557759249,4,今夜,鬼灭之刃 游郭篇,255055584
华丽鼠,848.179,1,16777215,2026-02-24 13:40:25,557759249,4,今夜,鬼灭之刃 游郭篇,255055584
炭治郎不丑！！！,1250.933,1,16777215,2026-02-23 12:30:07,557759249,4,今夜,鬼灭之刃 游郭篇,255055584
华丽的字体,1182.999,1,16777215,2026-02-22 14:00:59,557759249,4,今夜,鬼灭之刃 游郭篇,255055584
好可爱,641.4,5,16777215,2026-02-21 20:32:28,557759249,4,今夜,鬼灭之刃 游郭篇,255055584
谁能告诉我林夏死没死？,1244.666,5,16777215,2026-02-21 19:38:18,557759249,4,今夜,鬼灭之刃 游郭篇,255055584
啊？！,847.885,1,16777215,2026-02-21 15:19:19,557759249,4,今夜,鬼灭之刃 游郭篇,255055584
鲤！！——夏！！——姐！！——姐！！——,804.715,5,16707842,2026-02-21 14:36:32,557759249,4,今夜,鬼灭之刃 游郭篇,255055584
哈哈哈好可爱,848.2,1,16777215,2026-02-20 19:57:35,557759249,4,今夜,鬼灭之刃 游郭篇,255055584
华丽的字体,1199.424,5,16777215,2026-02-19 20:38:48,557759249,4,今夜,鬼灭之刃 游郭篇,255055584
鲤夏姐姐！！！！！！鲤夏姐姐！！他,1037.845,1,14811775,2026-02-17 15:02:17,557759249,4,今夜,鬼灭之刃 游郭篇,255055584
谁去把蛇柱叫来,997.036,1,16777215,2026-02-17 14:58:31,557759249,4,今夜,鬼灭之刃 游郭篇,255055584
猪猪怎么会思考了我天。,360.773,1,16777215,2026-02-16 22:57:10,557759249,4,今夜,鬼灭之刃 游郭篇,255055584
鲤夏姐姐，好心疼,1033.036,1,16777215,2026-02-16 19:55:37,557759249,4,今夜,鬼灭之刃 游郭篇,255055584
好想养一只香香软软的尹之助啊,550.319,5,15138834,2026-02-16 18:37:18,557759249,4,今夜,鬼灭之刃 游郭篇,255055584
华丽哥不是会闪现吗。怎么不来,1225.303,1,16777215,2026-02-16 18:32:31,557759249,4,今夜,鬼灭之刃 游郭篇,255055584
月下三兄贵？,1408.697,5,16777215,2026-02-16 14:35:16,557759249,4,今夜,鬼灭之刃 游郭篇,255055584
猪猪好萌,267.584,5,16777215,2026-02-16 12:57:41,557759249,4,今夜,鬼灭之刃 游郭篇,255055584
忍者苦无,887.992,1,16777215,2026-02-15 23:18:02,557759249,4,今夜,鬼灭之刃 游郭篇,255055584
展示鬼杀队胎记,424.096,1,16777215,2026-02-15 19:20:54,557759249,4,今夜,鬼灭之刃 游郭篇,255055584
我来到横滨了？,1129.116,1,16777215,2026-02-15 18:32:56,557759249,4,今夜,鬼灭之刃 游郭篇,255055584
救命啊太可爱了！,1171.119,1,16777215,2026-02-15 17:39:07,557759249,4,今夜,鬼灭之刃 游郭篇,255055584
哈哈哈哈其实人家都知道啊,633.93,1,16777215,2026-02-15 17:27:41,557759249,4,今夜,鬼灭之刃 游郭篇,255055584
村田吗这个？,369.18,1,16777215,2026-02-15 15:08:46,557759249,4,今夜,鬼灭之刃 游郭篇,255055584
罗生门！,1117.316,1,15138834,2026-02-15 11:33:17,557759249,4,今夜,鬼灭之刃 游郭篇,255055584
字体很华丽。,1204.698,5,16777215,2026-02-14 22:38:51,557759249,4,今夜,鬼灭之刃 游郭篇,255055584
老板想保护其他臣员,236.678,1,14811775,2026-02-14 22:22:16,557759249,4,今夜,鬼灭之刃 游郭篇,255055584
太华丽了,853.206,1,16777215,2026-02-14 21:12:55,557759249,4,今夜,鬼灭之刃 游郭篇,255055584
鲤夏我的！,705.585,1,16777215,2026-02-14 20:49:50,557759249,4,今夜,鬼灭之刃 游郭篇,255055584
大家都好萌！,566.963,5,16777215,2026-02-14 20:46:37,557759249,4,今夜,鬼灭之刃 游郭篇,255055584
祢豆子好萌，萌鼠妈妈了,1175.521,1,16777215,2026-02-14 19:47:57,557759249,4,今夜,鬼灭之刃 游郭篇,255055584
求你了，猪猪别带头套啊,863.083,1,16777215,2026-02-14 16:27:08,557759249,4,今夜,鬼灭之刃 游郭篇,255055584
不要啊,768.6,1,16777215,2026-02-14 15:43:12,557759249,4,今夜,鬼灭之刃 游郭篇,255055584
义炭99,389.312,1,16777215,2026-02-14 13:01:57,557759249,4,今夜,鬼灭之刃 游郭篇,255055584
因为猪肉要盖章,399.705,1,16777215,2026-02-13 22:28:44,557759249,4,今夜,鬼灭之刃 游郭篇,255055584
堕姬应该和童魔很有共同话题,1097.622,1,16777215,2026-02-13 17:00:27,557759249,4,今夜,鬼灭之刃 游郭篇,255055584
不羡鸳鸯不羡仙，只羡音柱每一天,182.343,1,16777215,2026-02-13 15:07:27,557759249,4,今夜,鬼灭之刃 游郭篇,255055584
太萌了啊啊啊！,453.061,1,16777215,2026-02-13 14:15:54,557759249,4,今夜,鬼灭之刃 游郭篇,255055584
华丽的字体,1199.138,1,16777215,2026-02-12 23:32:36,557759249,4,今夜,鬼灭之刃 游郭篇,255055584
哈哈哈哈哈，毕竟这里的人是白天睡觉啊,444.523,1,16777215,2026-02-12 23:08:38,557759249,4,今夜,鬼灭之刃 游郭篇,255055584
刀子的气息！,740.69,5,16777215,2026-02-11 21:52:52,557759249,4,今夜,鬼灭之刃 游郭篇,255055584
？我不行了,1246.901,1,16777215,2026-02-11 18:26:08,557759249,4,今夜,鬼灭之刃 游郭篇,255055584
有点期待祢豆子的表现,1067.12,1,16777215,2026-02-11 18:12:59,557759249,4,今夜,鬼灭之刃 游郭篇,255055584
炭才不丑！！！,1254.379,1,16777215,2026-02-11 17:25:14,557759249,4,今夜,鬼灭之刃 游郭篇,255055584
有谁又看鬼灭又看药房,520.962,1,16777215,2026-02-10 22:39:19,557759249,4,今夜,鬼灭之刃 游郭篇,255055584
丑萌（？）,1246.864,5,16777215,2026-02-10 22:17:33,557759249,4,今夜,鬼灭之刃 游郭篇,255055584
啊啊啊啊啊啊！放下姐姐！！！,1028.778,5,16777215,2026-02-10 22:14:35,557759249,4,今夜,鬼灭之刃 游郭篇,255055584
一般说到接下来幸福的计划就要出事。。鲤夏姐姐有危险。。,724.386,1,16777215,2026-02-10 21:15:40,557759249,4,今夜,鬼灭之刃 游郭篇,255055584
忍者跑？,959.041,5,16707842,2026-02-10 17:58:33,557759249,4,今夜,鬼灭之刃 游郭篇,255055584
这箱子还有耐久度？,1168.45,1,16777215,2026-02-10 17:11:53,557759249,4,今夜,鬼灭之刃 游郭篇,255055584
就喜欢这样温柔的姐姐。,59.412,1,16777215,2026-02-10 16:47:13,557759249,4,今夜,鬼灭之刃 游郭篇,255055584
把芥川和堕姬两人掰扯掰扯,1129.417,5,16777215,2026-02-09 19:14:35,557759249,4,今夜,鬼灭之刃 游郭篇,255055584
鲤夏：说点我不知道的,633.932,1,16777215,2026-02-09 15:18:48,557759249,4,今夜,鬼灭之刃 游郭篇,255055584
猪猪好可爱,521.979,1,16777215,2026-02-09 15:01:27,557759249,4,今夜,鬼灭之刃 游郭篇,255055584
就我鲤夏姐姐！！,977.118,5,16777215,2026-02-09 14:18:41,557759249,4,今夜,鬼灭之刃 游郭篇,255055584
？我不行了,845.088,1,16777215,2026-02-09 12:47:17,557759249,4,今夜,鬼灭之刃 游郭篇,255055584
害怕是人类的本能，勇气是人类的赞歌,1298.326,5,16777215,2026-02-08 20:18:34,557759249,4,今夜,鬼灭之刃 游郭篇,255055584
绷不住了，怎么这么多联动？,1134.224,1,16777215,2026-02-08 18:17:58,557759249,4,今夜,鬼灭之刃 游郭篇,255055584
萌猪。。,457.602,1,16777215,2026-02-08 10:20:19,557759249,4,今夜,鬼灭之刃 游郭篇,255055584
把箱子当成什么了？,1162.499,5,16777215,2026-02-07 21:33:38,557759249,4,今夜,鬼灭之刃 游郭篇,255055584
萌之萌之,1181.032,1,16777215,2026-02-07 21:07:56,557759249,4,今夜,鬼灭之刃 游郭篇,255055584
鸣人来的,967.546,1,16777215,2026-02-07 13:32:05,557759249,4,今夜,鬼灭之刃 游郭篇,255055584
弹幕笑死我了，说炭治郎是村里就最有名的美人,1257.692,1,16777215,2026-02-06 20:51:57,557759249,4,今夜,鬼灭之刃 游郭篇,255055584
本想培养新一代花魁赚钱，没想到全赔装修去了,869.47,1,16777215,2026-02-06 12:43:18,557759249,4,今夜,鬼灭之刃 游郭篇,255055584
划重点，背阴,931.744,1,16777215,2026-02-06 12:05:52,557759249,4,今夜,鬼灭之刃 游郭篇,255055584
炭炭你咋突然那么帅,606.017,1,16777215,2026-02-06 10:26:54,557759249,4,今夜,鬼灭之刃 游郭篇,255055584
炭炭才不丑！炭炭最可爱了,1252.176,1,16777215,2026-02-05 15:01:41,557759249,4,今夜,鬼灭之刃 游郭篇,255055584
是的 我要把鲤夏接回家了,693.103,1,16777215,2026-02-05 13:50:16,557759249,4,今夜,鬼灭之刃 游郭篇,255055584
人间失格！罗生门！,1128.805,1,16777215,2026-02-05 11:24:33,557759249,4,今夜,鬼灭之刃 游郭篇,255055584
好萌,1175.019,5,16777215,2026-02-04 21:05:30,557759249,4,今夜,鬼灭之刃 游郭篇,255055584
他杀死过了7个柱,1024.036,5,15138834,2026-02-03 22:21:31,557759249,4,今夜,鬼灭之刃 游郭篇,255055584
鳄鱼难道没考虑过豆子吗?天天这样打...豆子要得脑震荡了吧。。。,1100.729,1,16777215,2026-02-03 22:17:09,557759249,4,今夜,鬼灭之刃 游郭篇,255055584
鲤夏姐姐，我也要！,30.555,5,14811775,2026-02-03 21:53:35,557759249,4,今夜,鬼灭之刃 游郭篇,255055584
骨头有力气（有骨气）,1134.501,1,16777215,2026-02-03 20:06:36,557759249,4,今夜,鬼灭之刃 游郭篇,255055584
受不了了救命啊xswl,834.763,5,16777215,2026-02-03 14:32:44,557759249,4,今夜,鬼灭之刃 游郭篇,255055584
一个柯南，一个服部平次,531.915,1,16777215,2026-02-02 22:35:32,557759249,4,今夜,鬼灭之刃 游郭篇,255055584
这个鬼杀了6个柱子，太狠了,967.91,1,16777215,2026-02-01 23:18:09,557759249,4,今夜,鬼灭之刃 游郭篇,255055584
好萌啊！！！！,1174.426,1,16777215,2026-02-01 18:36:44,557759249,4,今夜,鬼灭之刃 游郭篇,255055584
一眼万年…,1378.069,1,15138834,2026-01-31 19:20:56,557759249,4,今夜,鬼灭之刃 游郭篇,255055584
炭炭每次杀鬼的很拼命qAq,1077.013,1,16777215,2026-01-31 18:14:48,557759249,4,今夜,鬼灭之刃 游郭篇,255055584
华丽的字体,1189.166,5,16777215,2026-01-31 17:36:15,557759249,4,今夜,鬼灭之刃 游郭篇,255055584
鲤————夏————姐————姐————T_T,788.683,5,14811775,2026-01-31 12:50:03,557759249,4,今夜,鬼灭之刃 游郭篇,255055584
炭治郎不丑！！！！！！！！！！！！！！！！！！！！！！！！！！！！！！！！！！！！！！！！！！！,1259.305,1,16777215,2026-01-31 01:08:53,557759249,4,今夜,鬼灭之刃 游郭篇,255055584
我们炭炭这么可爱！！！,1249.023,1,16777215,2026-01-30 23:43:40,557759249,4,今夜,鬼灭之刃 游郭篇,255055584
豆子：终于不用坐过山车了,1171.395,1,16777215,2026-01-30 22:17:10,557759249,4,今夜,鬼灭之刃 游郭篇,255055584
666还有徐伦环节。(Stone Free.),1246.074,1,16777215,2026-01-30 22:07:21,557759249,4,今夜,鬼灭之刃 游郭篇,255055584
把刀掰断，直接召唤钢铁冢（bushi）,1085.784,1,16777215,2026-01-30 22:04:18,557759249,4,今夜,鬼灭之刃 游郭篇,255055584
卡哇伊～～,418.643,1,16777215,2026-01-30 21:52:51,557759249,4,今夜,鬼灭之刃 游郭篇,255055584
鲤————————夏————————姐————————姐————————,1027.973,1,16777215,2026-01-30 21:36:24,557759249,4,今夜,鬼灭之刃 游郭篇,255055584
求箱子链接,1093.748,1,16777215,2026-01-30 19:53:34,557759249,4,今夜,鬼灭之刃 游郭篇,255055584
空间系异能,1111.743,1,16777215,2026-01-29 02:24:01,557759249,4,今夜,鬼灭之刃 游郭篇,255055584
动静那么大没有人发现吗,1200.323,1,16777215,2026-01-27 21:26:02,557759249,4,今夜,鬼灭之刃 游郭篇,255055584
咩～～～～～～～～～～～～～～～～～～～～～～～～～～～～～～～～～～～～～～～,185.125,1,16777215,2026-01-27 15:14:52,557759249,4,今夜,鬼灭之刃 游郭篇,255055584
炭子不丑！,1251.681,1,15138834,2026-01-26 22:08:55,557759249,4,今夜,鬼灭之刃 游郭篇,255055584
经费的味道,1193.921,1,16777215,2026-01-26 14:25:35,557759249,4,今夜,鬼灭之刃 游郭篇,255055584
？那个飘带上是印着个人吧？是吧？啊？,1223.13,1,16777215,2026-01-26 13:45:06,557759249,4,今夜,鬼灭之刃 游郭篇,255055584
再来一个啊，他一个怎么行，炎柱不是死了吗，要涨教训啊…,339.259,1,16777215,2026-01-26 13:26:02,557759249,4,今夜,鬼灭之刃 游郭篇,255055584
华丽的兽宠,852.122,1,16777215,2026-01-26 10:54:48,557759249,4,今夜,鬼灭之刃 游郭篇,255055584
太华丽了,846.24,5,15138834,2026-01-25 17:26:12,557759249,4,今夜,鬼灭之刃 游郭篇,255055584
华丽的字体！满昏！,1195.296,1,41194,2026-01-25 14:55:06,557759249,4,今夜,鬼灭之刃 游郭篇,255055584
好心疼鲤夏姐姐  本来都要获得幸福了,1078.325,1,16777215,2026-01-25 11:50:10,557759249,4,今夜,鬼灭之刃 游郭篇,255055584
华丽的字体,1181.95,1,16777215,2026-01-24 16:47:51,557759249,4,今夜,鬼灭之刃 游郭篇,255055584
华丽的字体,1185.882,5,16777215,2026-01-23 17:53:03,557759249,4,今夜,鬼灭之刃 游郭篇,255055584
华丽的肌肉鼠？,856.85,1,16777215,2026-01-22 19:56:15,557759249,4,今夜,鬼灭之刃 游郭篇,255055584
生   动   形   象,268.147,1,16777215,2026-01-22 19:46:23,557759249,4,今夜,鬼灭之刃 游郭篇,255055584
恭喜你中大奖了,1019.422,1,16776960,2026-01-22 18:44:26,557759249,4,今夜,鬼灭之刃 游郭篇,255055584
为什么每次开都是忍忍,1393.06,1,16777215,2026-01-20 08:23:26,557759249,4,今夜,鬼灭之刃 游郭篇,255055584
鲤———夏———姐———姐———,1030.509,5,16777215,2026-01-20 01:40:53,557759249,4,今夜,鬼灭之刃 游郭篇,255055584
你们居然数了！,478.223,1,41194,2026-01-19 20:04:02,557759249,4,今夜,鬼灭之刃 游郭篇,255055584
忍者必须死3,963.808,5,16707842,2026-04-08 13:11:36,557759249,4,今夜,鬼灭之刃 游郭篇,255055584
好可爱我的天,449.837,1,16777215,2026-04-07 08:01:22,557759249,4,今夜,鬼灭之刃 游郭篇,255055584
猪猪居然会思考！,497.513,1,16777215,2026-04-06 18:06:42,557759249,4,今夜,鬼灭之刃 游郭篇,255055584
童磨眼睛更好看,1151.485,1,16777215,2026-04-06 14:55:19,557759249,4,今夜,鬼灭之刃 游郭篇,255055584
那肚子里都快成盘丝洞了能不香吗,831.035,1,16777215,2026-04-06 03:54:54,557759249,4,今夜,鬼灭之刃 游郭篇,255055584
恭喜炭治郎 获得上弦鬼一个,1008.599,1,16777215,2026-04-06 02:26:42,557759249,4,今夜,鬼灭之刃 游郭篇,255055584
祢豆子：？行,1106.469,1,16707842,2026-04-05 19:24:33,557759249,4,今夜,鬼灭之刃 游郭篇,255055584
炭叽喽快回来！,771.286,1,16777215,2026-04-05 18:54:37,557759249,4,今夜,鬼灭之刃 游郭篇,255055584
可是炭炭是会火之神神乐的人,319.885,1,16777215,2026-04-04 11:34:20,557759249,4,今夜,鬼灭之刃 游郭篇,255055584
出现了!华丽字体!,1187.321,5,16777215,2026-04-03 23:11:34,557759249,4,今夜,鬼灭之刃 游郭篇,255055584
炭炭超可爱的！,1250.848,1,16777215,2026-04-03 17:38:24,557759249,4,今夜,鬼灭之刃 游郭篇,255055584
华丽的字体,1192.65,1,16777215,2026-04-03 17:18:16,557759249,4,今夜,鬼灭之刃 游郭篇,255055584
会赢的（祢豆子秒开仙人,1271.267,1,16777215,2026-04-03 10:31:27,557759249,4,今夜,鬼灭之刃 游郭篇,255055584
感觉刀又要坏了,1209.744,1,16777215,2026-04-03 10:30:02,557759249,4,今夜,鬼灭之刃 游郭篇,255055584
开大号了，真开大号了,214.0,5,16777215,2026-04-01 19:23:23,557759249,4,今夜,鬼灭之刃 游郭篇,255055584
姐姐最后活下来了，和爱人一起出去了，你们别怕,790.44,5,16777215,2026-03-29 23:46:09,557759249,4,今夜,鬼灭之刃 游郭篇,255055584
鲤————————夏————————姐——————姐——————————,1107.036,1,16777215,2026-03-29 16:07:58,557759249,4,今夜,鬼灭之刃 游郭篇,255055584
整季最温柔的4个人都在这间屋子里了,85.123,5,16707842,2026-03-28 19:08:35,557759249,4,今夜,鬼灭之刃 游郭篇,255055584
人类的赞歌就是勇气的赞歌！人类的伟大就是勇气的伟大！,1287.702,1,16646914,2026-03-28 10:07:52,557759249,4,今夜,鬼灭之刃 游郭篇,255055584
鬼灭の刃,1204.439,1,16777215,2026-03-27 18:34:30,557759249,4,今夜,鬼灭之刃 游郭篇,255055584
好可爱啊,1176.421,1,16777215,2026-03-26 15:27:52,557759249,4,今夜,鬼灭之刃 游郭篇,255055584
恭喜你抽到了一等奖,1050.336,5,16777215,2026-03-22 20:15:28,557759249,4,今夜,鬼灭之刃 游郭篇,255055584
好可爱的豆子,1176.411,1,14811775,2026-03-22 15:41:18,557759249,4,今夜,鬼灭之刃 游郭篇,255055584
手语大师——一只猪,251.443,5,16777215,2026-03-22 12:34:08,557759249,4,今夜,鬼灭之刃 游郭篇,255055584
箱子的质量堪称奇迹,1090.127,1,16777215,2026-03-22 09:41:40,557759249,4,今夜,鬼灭之刃 游郭篇,255055584
音柱你要相信主角光环,341.626,1,16777215,2026-03-22 09:32:53,557759249,4,今夜,鬼灭之刃 游郭篇,255055584
能不能别ky了好烦啊,1207.588,5,16777215,2026-03-21 22:09:46,557759249,4,今夜,鬼灭之刃 游郭篇,255055584
闪亮的脚趾,827.458,5,16777215,2026-03-21 11:22:29,557759249,4,今夜,鬼灭之刃 游郭篇,255055584
鲤————————夏————————姐————————姐————————,1075.591,1,16777215,2026-03-21 10:52:14,557759249,4,今夜,鬼灭之刃 游郭篇,255055584
细节忍者拿苦,900.554,1,16777215,2026-03-21 08:11:18,557759249,4,今夜,鬼灭之刃 游郭篇,255055584
笑死我了这个脚趾特写,814.568,1,16777215,2026-03-20 13:31:36,557759249,4,今夜,鬼灭之刃 游郭篇,255055584
名侦炭,527.509,1,16777215,2026-03-17 20:45:43,557759249,4,今夜,鬼灭之刃 游郭篇,255055584
俺也一样,594.275,1,16777215,2026-03-15 12:02:17,557759249,4,今夜,鬼灭之刃 游郭篇,255055584
这个炭炭好可爱ww,634.355,5,4351678,2026-03-12 18:04:28,557759249,4,今夜,鬼灭之刃 游郭篇,255055584
炭炭这个眼睛好美,466.369,5,4351678,2026-03-12 18:00:55,557759249,4,今夜,鬼灭之刃 游郭篇,255055584
炭炭也好可爱！俩人都好可爱！！,458.311,5,4351678,2026-03-12 17:59:40,557759249,4,今夜,鬼灭之刃 游郭篇,255055584
生死不明，那就是死了（x,326.684,1,16777215,2026-03-12 12:24:38,557759249,4,今夜,鬼灭之刃 游郭篇,255055584
恭喜你中大奖了！,1003.117,1,16777215,2026-03-11 22:49:05,557759249,4,今夜,鬼灭之刃 游郭篇,255055584
猪猪升级了之后说话都平静了。,531.644,1,16777215,2026-03-11 17:58:37,557759249,4,今夜,鬼灭之刃 游郭篇,255055584
咩～～～～～～～～～,192.383,1,16777215,2026-03-10 22:39:54,557759249,4,今夜,鬼灭之刃 游郭篇,255055584
桥豆麻袋,263.797,1,16777215,2026-03-08 16:08:42,557759249,4,今夜,鬼灭之刃 游郭篇,255055584
哈哈,17.301,1,16777215,2026-03-08 11:03:39,557759249,4,今夜,鬼灭之刃 游郭篇,255055584
炭治郎一点都不丑！！！！！！！！！！！！！！！！！！！！,1256.432,1,15138834,2026-03-08 07:27:12,557759249,4,今夜,鬼灭之刃 游郭篇,255055584
彩虹飘带！！！,1127.358,1,16777215,2026-03-06 18:51:17,557759249,4,今夜,鬼灭之刃 游郭篇,255055584
猪猪可爱捏,458.587,1,16777215,2026-03-04 14:15:09,557759249,4,今夜,鬼灭之刃 游郭篇,255055584
衣带……流血？,1213.148,5,16777215,2026-03-03 21:02:03,557759249,4,今夜,鬼灭之刃 游郭篇,255055584
出现了！华丽的字体！,1183.285,1,16777215,2026-03-03 20:12:29,557759249,4,今夜,鬼灭之刃 游郭篇,255055584
忍者跑,968.039,1,16777215,2026-03-03 20:07:58,557759249,4,今夜,鬼灭之刃 游郭篇,255055584
打了41下,498.325,1,16777215,2026-03-03 17:04:23,557759249,4,今夜,鬼灭之刃 游郭篇,255055584
猪猪好可爱啊,275.903,1,16777215,2026-03-03 17:00:12,557759249,4,今夜,鬼灭之刃 游郭篇,255055584
这增高鞋。。。。,1226.053,1,16777215,2026-03-03 16:05:03,557759249,4,今夜,鬼灭之刃 游郭篇,255055584
豆子：谁敲我门,1070.593,1,16777215,2026-03-03 16:02:24,557759249,4,今夜,鬼灭之刃 游郭篇,255055584
鲤夏呜呜呜呜呜呜呜呜呜,1003.54,1,16777215,2026-03-03 15:44:44,557759249,4,今夜,鬼灭之刃 游郭篇,255055584
华丽,1193.941,1,16777215,2026-03-02 21:39:20,557759249,4,今夜,鬼灭之刃 游郭篇,255055584
恭喜你中大奖了,1003.96,1,16777215,2026-03-02 17:07:59,557759249,4,今夜,鬼灭之刃 游郭篇,255055584
?我去,848.5,1,16777215,2026-03-02 17:05:06,557759249,4,今夜,鬼灭之刃 游郭篇,255055584
刚刚猪猪叫大叔的时候，我真的想到一句话，有种生物叫大叔,346.01,1,16777215,2026-03-02 13:44:21,557759249,4,今夜,鬼灭之刃 游郭篇,255055584
喝多了,1056.691,1,16777215,2026-03-01 14:07:54,557759249,4,今夜,鬼灭之刃 游郭篇,255055584
大叔？！,345.663,1,16707842,2026-02-28 21:29:42,557759249,4,今夜,鬼灭之刃 游郭篇,255055584
我靠，路人王！,369.265,1,16777215,2026-02-28 20:19:16,557759249,4,今夜,鬼灭之刃 游郭篇,255055584
第8代火影,966.53,1,16777215,2026-02-28 19:54:10,557759249,4,今夜,鬼灭之刃 游郭篇,255055584
技术指导：刘慈欣,1271.318,5,16777215,2026-02-28 19:35:41,557759249,4,今夜,鬼灭之刃 游郭篇,255055584
敌我花魁,37.842,1,16777215,2026-02-28 15:05:13,557759249,4,今夜,鬼灭之刃 游郭篇,255055584
笑死我,650.966,1,16777215,2026-02-28 13:04:03,557759249,4,今夜,鬼灭之刃 游郭篇,255055584
鲤————————夏————————姐——————姐！！！,1051.161,1,16777215,2026-02-28 03:45:53,557759249,4,今夜,鬼灭之刃 游郭篇,255055584
经费燃烧中,1187.845,1,16777215,2026-02-28 02:23:23,557759249,4,今夜,鬼灭之刃 游郭篇,255055584
漂亮猪猪体验卡到期了,876.098,1,16777215,2026-02-27 23:49:54,557759249,4,今夜,鬼灭之刃 游郭篇,255055584
不愧是忍者啊 BGM都这么燃,968.394,1,16777215,2026-02-27 22:59:19,557759249,4,今夜,鬼灭之刃 游郭篇,255055584
不毫，有刀,747.469,1,15138834,2026-02-27 22:46:56,557759249,4,今夜,鬼灭之刃 游郭篇,255055584
哒哒哒哒哒哒哒哒哒哒哒哒哒哒哒哒哒哒哒哒哒哒哒哒哒哒哒哒哒哒哒哒,112.448,1,16777215,2026-02-27 17:43:21,557759249,4,今夜,鬼灭之刃 游郭篇,255055584
豆子好萌啊，哼唧哼唧的啊啊啊啊啊啊啊啊啊啊啊啊啊啊啊啊啊啊啊啊啊啊啊啊,1178.751,1,14811775,2026-02-27 15:01:00,557759249,4,今夜,鬼灭之刃 游郭篇,255055584
跑的好华丽,974.282,1,16777215,2026-02-27 14:48:52,557759249,4,今夜,鬼灭之刃 游郭篇,255055584
为。。。为什么、、、、、,808.616,1,16777215,2026-02-27 14:04:31,557759249,4,今夜,鬼灭之刃 游郭篇,255055584
感觉祢豆子变成人以后是可以成为宇航员的程度,1072.32,1,16777215,2026-02-27 13:06:37,557759249,4,今夜,鬼灭之刃 游郭篇,255055584
经费在燃烧,1372.919,1,16777215,2026-02-27 12:01:48,557759249,4,今夜,鬼灭之刃 游郭篇,255055584
原来他是公主,861.474,1,16777215,2026-02-27 11:59:37,557759249,4,今夜,鬼灭之刃 游郭篇,255055584
将将将,642.197,1,16777215,2026-02-27 08:50:15,557759249,4,今夜,鬼灭之刃 游郭篇,255055584
老板娘：世界观重塑中,865.982,1,16777215,2026-02-27 00:31:23,557759249,4,今夜,鬼灭之刃 游郭篇,255055584
哈哈哈哈哈啊哈啊哈哈哈炭子：我以为自己伪装的很好呢,638.555,1,16777215,2026-02-27 00:25:20,557759249,4,今夜,鬼灭之刃 游郭篇,255055584
不同的人在同样的年纪遇到了不同的人,83.985,5,16777215,2026-02-26 21:43:43,557759249,4,今夜,鬼灭之刃 游郭篇,255055584
刀的味道 已经开始哭了,709.874,1,16777215,2026-02-26 20:55:38,557759249,4,今夜,鬼灭之刃 游郭篇,255055584
炭炭不丑 哼,1269.697,1,14811775,2026-02-26 20:16:17,557759249,4,今夜,鬼灭之刃 游郭篇,255055584
鲤夏危,691.967,1,16777215,2026-02-26 18:02:29,557759249,4,今夜,鬼灭之刃 游郭篇,255055584
我打上弦，真的假的,1269.628,5,16777215,2026-02-26 16:28:40,557759249,4,今夜,鬼灭之刃 游郭篇,255055584
。？,834.027,1,16777215,2026-02-26 14:39:14,557759249,4,今夜,鬼灭之刃 游郭篇,255055584
第二头柱,836.823,1,16777215,2026-02-25 23:21:43,557759249,4,今夜,鬼灭之刃 游郭篇,255055584
太华丽了！,858.177,1,16777215,2026-02-25 22:43:41,557759249,4,今夜,鬼灭之刃 游郭篇,255055584
好挑食啊，太挑了没谁了哈哈哈,1154.575,1,16777215,2026-02-25 20:48:47,557759249,4,今夜,鬼灭之刃 游郭篇,255055584
就怕他是继国缘二,1031.639,1,16777215,2026-02-25 18:48:49,557759249,4,今夜,鬼灭之刃 游郭篇,255055584
我也是！,583.804,5,16777215,2026-02-25 16:02:21,557759249,4,今夜,鬼灭之刃 游郭篇,255055584
豆子在箱子里失望的望着猪猪,462.851,1,16777215,2026-02-25 15:33:08,557759249,4,今夜,鬼灭之刃 游郭篇,255055584
谁懂猪猪这个抽象,469.795,1,16777215,2026-02-25 11:52:37,557759249,4,今夜,鬼灭之刃 游郭篇,255055584
哈哈哈哈哈哈哈哈哈哈哈哈哈哈哈哈哈哈哈哈哈哈哈哈哈哈哈哈哈哈哈哈哈哈哈哈哈哈哈哈,636.194,1,16777215,2026-02-25 11:36:58,557759249,4,今夜,鬼灭之刃 游郭篇,255055584
老板其实应该什么都知道的,225.195,1,16777215,2026-02-25 11:29:17,557759249,4,今夜,鬼灭之刃 游郭篇,255055584
笑死我了，哈哈哈哈哈哈哈哈哈哈哈哈哈哈哈哈哈哈哈哈哈哈哈哈哈哈哈哈,644.096,1,16777215,2026-02-25 11:24:12,557759249,4,今夜,鬼灭之刃 游郭篇,255055584
哈哈哈，老板要炸,872.4,5,16707842,2026-02-25 00:00:09,557759249,4,今夜,鬼灭之刃 游郭篇,255055584
笑死我了路柱,374.063,1,16777215,2026-02-24 17:44:20,557759249,4,今夜,鬼灭之刃 游郭篇,255055584
生罗门！颚,1123.757,1,16777215,2026-02-24 14:51:15,557759249,4,今夜,鬼灭之刃 游郭篇,255055584
无一郎表示：谁叫我？是炭几咯吗,16.271,1,16777215,2026-02-24 12:49:03,557759249,4,今夜,鬼灭之刃 游郭篇,255055584
华丽的弹幕也出现了哈哈哈,1201.944,1,16777215,2026-02-24 08:26:37,557759249,4,今夜,鬼灭之刃 游郭篇,255055584
叫华丽哥大叔？,346.267,5,16777215,2026-02-24 01:09:54,557759249,4,今夜,鬼灭之刃 游郭篇,255055584
姬给你堕了,784.098,1,16777215,2026-02-23 22:58:38,557759249,4,今夜,鬼灭之刃 游郭篇,255055584
华丽鼠,841.528,1,16777215,2026-02-23 18:41:37,557759249,4,今夜,鬼灭之刃 游郭篇,255055584
堕姬虽坏但实在貌美,1277.937,5,16777215,2026-02-23 16:41:30,557759249,4,今夜,鬼灭之刃 游郭篇,255055584
鲤夏有美人尖哎,597.307,1,16777215,2026-02-23 16:31:46,557759249,4,今夜,鬼灭之刃 游郭篇,255055584
啊！！！豆子好萌！！！,1176.622,5,14811775,2026-02-23 13:46:54,557759249,4,今夜,鬼灭之刃 游郭篇,255055584
感觉堕姬好漂亮怎么回事,1069.751,1,16777215,2026-02-23 12:51:38,557759249,4,今夜,鬼灭之刃 游郭篇,255055584
华丽的字体,1184.555,1,16777215,2026-02-23 12:28:47,557759249,4,今夜,鬼灭之刃 游郭篇,255055584
名侦炭,525.073,1,16777215,2026-02-23 12:17:29,557759249,4,今夜,鬼灭之刃 游郭篇,255055584
又帅又萌 炭炭我们喜欢你,637.444,5,16777215,2026-02-22 23:27:53,557759249,4,今夜,鬼灭之刃 游郭篇,255055584
恩师指导:芥川龙之介,1129.9,1,16777215,2026-02-22 15:37:48,557759249,4,今夜,鬼灭之刃 游郭篇,255055584
大声密谋,468.86,1,16777215,2026-02-22 15:35:42,557759249,4,今夜,鬼灭之刃 游郭篇,255055584
说点我们不知道的,632.492,1,16777215,2026-02-22 15:29:13,557759249,4,今夜,鬼灭之刃 游郭篇,255055584
炭炭不丑！！！,1258.023,1,16777215,2026-02-22 14:50:14,557759249,4,今夜,鬼灭之刃 游郭篇,255055584
左右脑互搏呢？,1249.6,1,16777215,2026-02-22 14:02:48,557759249,4,今夜,鬼灭之刃 游郭篇,255055584
好华丽的字体！！！好华丽的字体！！！,1200.507,5,16777215,2026-02-22 12:07:18,557759249,4,今夜,鬼灭之刃 游郭篇,255055584
前面说了的，这个地方白天几乎是没人的，所以他们坐屋顶上也不会被多少人发现的,459.074,5,16707842,2026-02-21 23:42:34,557759249,4,今夜,鬼灭之刃 游郭篇,255055584
华丽,1211.164,1,16777215,2026-02-21 21:29:46,557759249,4,今夜,鬼灭之刃 游郭篇,255055584
我的哑巴新娘别说话！,255.322,1,16777215,2026-02-21 21:19:36,557759249,4,今夜,鬼灭之刃 游郭篇,255055584
祢豆子：终于可以不晃了,1164.517,1,16777215,2026-02-21 20:22:37,557759249,4,今夜,鬼灭之刃 游郭篇,255055584
祢豆子？,422.847,1,16777215,2026-02-21 19:48:43,557759249,4,今夜,鬼灭之刃 游郭篇,255055584
我到横滨了？,1136.048,1,16777215,2026-02-21 19:44:47,557759249,4,今夜,鬼灭之刃 游郭篇,255055584
华丽的闪现,882.561,1,16777215,2026-02-21 19:30:40,557759249,4,今夜,鬼灭之刃 游郭篇,255055584
老板娘世界观重塑中,878.963,1,16777215,2026-02-21 15:25:42,557759249,4,今夜,鬼灭之刃 游郭篇,255055584
我真求你了,852.365,1,16777215,2026-02-21 15:07:54,557759249,4,今夜,鬼灭之刃 游郭篇,255055584
如此灵巧,263.488,5,16707842,2026-02-21 14:27:49,557759249,4,今夜,鬼灭之刃 游郭篇,255055584
今年是2026年,10.901,5,16707842,2026-02-21 14:23:37,557759249,4,今夜,鬼灭之刃 游郭篇,255055584
好可爱的猪猪,456.481,1,16777215,2026-02-21 12:40:53,557759249,4,今夜,鬼灭之刃 游郭篇,255055584
哈哈哈哈哈哈哈哈哈哈哈哈,638.57,5,16777215,2026-02-21 00:22:44,557759249,4,今夜,鬼灭之刃 游郭篇,255055584
斜视眼。？,953.65,1,16777215,2026-02-20 19:53:07,557759249,4,今夜,鬼灭之刃 游郭篇,255055584
好灵活的脚趾。,816.551,1,16777215,2026-02-20 19:49:23,557759249,4,今夜,鬼灭之刃 游郭篇,255055584
俺也一样,579.811,5,16777215,2026-02-20 15:54:19,557759249,4,今夜,鬼灭之刃 游郭篇,255055584
义勇超可爱的～～～～,3.127,1,16777215,2026-02-20 14:45:30,557759249,4,今夜,鬼灭之刃 游郭篇,255055584
2月20号还有人吗？,1103.206,1,16777215,2026-02-20 14:22:27,557759249,4,今夜,鬼灭之刃 游郭篇,255055584
华丽的字体,1185.382,1,16777215,2026-02-20 12:29:05,557759249,4,今夜,鬼灭之刃 游郭篇,255055584
？这啥,851.055,1,16777215,2026-02-19 22:47:07,557759249,4,今夜,鬼灭之刃 游郭篇,255055584
两个温柔的人聊天真的让人好舒服啊,680.843,1,16777215,2026-02-19 22:28:34,557759249,4,今夜,鬼灭之刃 游郭篇,255055584
我们家炭炭可是方圆十里的大帅哥,1252.862,1,16777215,2026-02-19 22:23:06,557759249,4,今夜,鬼灭之刃 游郭篇,255055584
嗨哈,31.202,1,16777215,2026-02-19 21:57:28,557759249,4,今夜,鬼灭之刃 游郭篇,255055584
祢豆子好可爱啊,1173.13,1,16777215,2026-02-19 21:16:00,557759249,4,今夜,鬼灭之刃 游郭篇,255055584
俺老猪也一样！,541.237,1,16777215,2026-02-19 19:38:13,557759249,4,今夜,鬼灭之刃 游郭篇,255055584
鲤————————夏————————姐————————姐————————,990.171,1,16777215,2026-02-19 14:21:01,557759249,4,今夜,鬼灭之刃 游郭篇,255055584
猪猪好萌,456.011,1,16777215,2026-02-19 12:47:31,557759249,4,今夜,鬼灭之刃 游郭篇,255055584
华丽的字体,1197.502,5,16777215,2026-02-19 12:23:51,557759249,4,今夜,鬼灭之刃 游郭篇,255055584
华丽耗子,859.348,1,16777215,2026-02-19 09:50:43,557759249,4,今夜,鬼灭之刃 游郭篇,255055584
前面的，猪猪明明只有五根脚趾,518.682,1,16777215,2026-02-18 22:07:30,557759249,4,今夜,鬼灭之刃 游郭篇,255055584
猪猪声音好好听,366.394,1,16777215,2026-02-18 15:41:57,557759249,4,今夜,鬼灭之刃 游郭篇,255055584
谁是人谁是鬼一眼就看出来了,29.0,5,15138834,2026-02-18 14:50:37,557759249,4,今夜,鬼灭之刃 游郭篇,255055584
前方有羊村,186.431,1,8700107,2026-02-18 12:53:25,557759249,4,今夜,鬼灭之刃 游郭篇,255055584
[前方高能][前方高能][前方高能][前方高能][前方高能][前方高能][前方高能][前方高能][前方高能][前方高能][前方高能][前方高能],772.894,5,16777215,2026-02-18 10:44:47,557759249,4,今夜,鬼灭之刃 游郭篇,255055584
咩～～～～～～～～～～～～～～～～～～～～～～～～～,187.781,1,16777215,2026-02-18 10:30:59,557759249,4,今夜,鬼灭之刃 游郭篇,255055584
大眼萌弟吗,402.793,1,41194,2026-02-18 09:37:41,557759249,4,今夜,鬼灭之刃 游郭篇,255055584
炭炭不丑,1258.987,1,16777215,2026-02-17 23:25:52,557759249,4,今夜,鬼灭之刃 游郭篇,255055584
《BGM好评》,1291.018,5,16707842,2026-02-17 22:42:05,557759249,4,今夜,鬼灭之刃 游郭篇,255055584
我的发,813.609,1,16777215,2026-02-17 21:48:51,557759249,4,今夜,鬼灭之刃 游郭篇,255055584
不要啊	,784.662,1,14811775,2026-02-17 21:15:32,557759249,4,今夜,鬼灭之刃 游郭篇,255055584
姐姐没死大家放心,700.506,5,15138834,2026-02-17 20:35:21,557759249,4,今夜,鬼灭之刃 游郭篇,255055584
声音居然不是吼的了,498.896,1,16777215,2026-02-17 17:27:02,557759249,4,今夜,鬼灭之刃 游郭篇,255055584
善善，你别走啊！,297.334,1,16777215,2026-02-17 16:44:25,557759249,4,今夜,鬼灭之刃 游郭篇,255055584
耳机党有福了,975.736,1,16777215,2026-02-17 16:20:13,557759249,4,今夜,鬼灭之刃 游郭篇,255055584
祢豆子一声哦尼酱炭治郎就爆起了,1087.389,1,16777215,2026-02-17 15:01:26,557759249,4,今夜,鬼灭之刃 游郭篇,255055584
华丽的字体！,1187.179,1,41194,2026-02-17 14:44:47,557759249,4,今夜,鬼灭之刃 游郭篇,255055584
是的就是我要娶鲤夏了,686.725,5,16777215,2026-02-17 13:59:25,557759249,4,今夜,鬼灭之刃 游郭篇,255055584
为我们鲤夏姐姐花生———————————————,1093.709,1,16777215,2026-02-17 13:40:49,557759249,4,今夜,鬼灭之刃 游郭篇,255055584
名侦碳和名侦猪,494.762,1,14811775,2026-02-17 13:27:37,557759249,4,今夜,鬼灭之刃 游郭篇,255055584
你回头阿！！！！！～～,805.781,5,16777215,2026-02-17 06:50:37,557759249,4,今夜,鬼灭之刃 游郭篇,255055584
227人出来,637.093,1,16777215,2026-02-16 22:39:36,557759249,4,今夜,鬼灭之刃 游郭篇,255055584
炭炭：我要单杀上弦六！,1063.468,1,16777215,2026-02-16 21:34:51,557759249,4,今夜,鬼灭之刃 游郭篇,255055584
因为上弦六隐藏气息很厉害，所以没闻到吗鳄鱼我讨厌你,782.826,1,16777215,2026-02-16 18:38:50,557759249,4,今夜,鬼灭之刃 游郭篇,255055584
华丽丽的字体,1188.241,1,16777215,2026-02-16 18:31:34,557759249,4,今夜,鬼灭之刃 游郭篇,255055584
同为花魁，性格却天差地别,27.801,1,16777215,2026-02-16 18:05:46,557759249,4,今夜,鬼灭之刃 游郭篇,255055584
用火烧呗,1196.702,1,16777215,2026-02-16 17:12:15,557759249,4,今夜,鬼灭之刃 游郭篇,255055584
华丽的字体,1191.9,1,41194,2026-02-16 16:02:47,557759249,4,今夜,鬼灭之刃 游郭篇,255055584
永久腮红？,349.529,1,16777215,2026-02-16 14:31:39,557759249,4,今夜,鬼灭之刃 游郭篇,255055584
进入主线任务,1023.017,1,16707842,2026-02-16 14:24:49,557759249,4,今夜,鬼灭之刃 游郭篇,255055584
没死，看到后面就知道了,298.379,5,16777215,2026-02-16 14:02:37,557759249,4,今夜,鬼灭之刃 游郭篇,255055584
华丽的字体,1196.87,1,16777215,2026-02-16 13:25:34,557759249,4,今夜,鬼灭之刃 游郭篇,255055584
出现了.忍者跑,959.672,1,16777215,2026-02-16 13:22:01,557759249,4,今夜,鬼灭之刃 游郭篇,255055584
痛失花魁,853.097,1,16777215,2026-02-16 13:19:56,557759249,4,今夜,鬼灭之刃 游郭篇,255055584
好萌啊,1174.891,5,16777215,2026-02-16 13:11:17,557759249,4,今夜,鬼灭之刃 游郭篇,255055584
主角好帅,613.12,5,15138834,2026-02-15 21:09:54,557759249,4,今夜,鬼灭之刃 游郭篇,255055584
咩～～～～～～,201.089,1,16777215,2026-02-15 20:05:41,557759249,4,今夜,鬼灭之刃 游郭篇,255055584
堕姬好讨厌啊,784.103,5,16646914,2026-02-15 19:22:10,557759249,4,今夜,鬼灭之刃 游郭篇,255055584
我嘞个出人头地啊,834.821,1,16777215,2026-02-15 17:33:03,557759249,4,今夜,鬼灭之刃 游郭篇,255055584
一只炭炭大脑停止了思考,646.917,1,16777215,2026-02-15 17:28:27,557759249,4,今夜,鬼灭之刃 游郭篇,255055584
主角才不丑！！,1263.217,1,16777215,2026-02-15 16:33:34,557759249,4,今夜,鬼灭之刃 游郭篇,255055584
日之呼吸 一之型 圆舞日之呼吸 二之型 碧罗天日之呼吸 三之型 烈日红镜日之呼吸 四之型 幻日虹日之呼吸 五之型 火车日之呼吸 六之型 灼骨炎阳日之呼吸 七之型 阳华突日之呼吸 八之型 ,1167.941,1,16777215,2026-02-15 16:23:22,557759249,4,今夜,鬼灭之刃 游郭篇,255055584
？窝趣哈哈哈哈哈,641.141,1,16777215,2026-02-15 14:36:27,557759249,4,今夜,鬼灭之刃 游郭篇,255055584
男人也可以这么美吗？,494.376,1,16777215,2026-02-15 13:15:25,557759249,4,今夜,鬼灭之刃 游郭篇,255055584
哇塞哇塞忍者跑。,976.342,1,16777215,2026-02-15 13:02:01,557759249,4,今夜,鬼灭之刃 游郭篇,255055584
动作指导：琦玉,832.573,1,16777215,2026-02-15 12:23:17,557759249,4,今夜,鬼灭之刃 游郭篇,255055584
咩～～～,187.496,1,16777215,2026-02-15 11:22:43,557759249,4,今夜,鬼灭之刃 游郭篇,255055584
堕姬我讨厌你,804.885,1,16777215,2026-02-14 22:16:47,557759249,4,今夜,鬼灭之刃 游郭篇,255055584
 俺也一样！,576.279,1,16777215,2026-02-14 20:47:13,557759249,4,今夜,鬼灭之刃 游郭篇,255055584
我的通灵是熊猫,1401.44,1,16777215,2026-02-14 20:04:06,557759249,4,今夜,鬼灭之刃 游郭篇,255055584
重点应该不能触这姐的雷,1075.864,1,16777215,2026-02-14 17:34:25,557759249,4,今夜,鬼灭之刃 游郭篇,255055584
咕咕嘎嘎,611.192,1,16777215,2026-02-14 15:24:47,557759249,4,今夜,鬼灭之刃 游郭篇,255055584
动作指导：芥川,1135.943,1,16777215,2026-02-14 14:43:40,557759249,4,今夜,鬼灭之刃 游郭篇,255055584
华丽的字体,1200.743,1,16777215,2026-02-14 13:52:16,557759249,4,今夜,鬼灭之刃 游郭篇,255055584
哒哒哒哒哒哒哒哒哒哒哒哒哒哒哒哒哒哒哒哒哒哒哒哒哒哒哒哒哒哒哒,105.704,1,16777215,2026-02-14 12:31:44,557759249,4,今夜,鬼灭之刃 游郭篇,255055584
炭治郎开始了思考,1121.786,1,16777215,2026-02-14 01:14:31,557759249,4,今夜,鬼灭之刃 游郭篇,255055584
炭的等级不说，经历确实丰富,330.275,1,16777215,2026-02-13 23:39:35,557759249,4,今夜,鬼灭之刃 游郭篇,255055584
这个唉 怎么这么好笑！！！,633.836,1,16777215,2026-02-13 21:38:09,557759249,4,今夜,鬼灭之刃 游郭篇,255055584
我嘞个眼狩令,1164.069,1,16777215,2026-02-13 21:32:35,557759249,4,今夜,鬼灭之刃 游郭篇,255055584
佐助也是柱！,921.211,1,16777215,2026-02-13 21:28:25,557759249,4,今夜,鬼灭之刃 游郭篇,255055584
没有吃呢还，只是保存在这个绸带里面了,1038.676,1,16777215,2026-02-13 21:09:36,557759249,4,今夜,鬼灭之刃 游郭篇,255055584
念完你的念你的,47.271,1,16777215,2026-02-13 19:51:46,557759249,4,今夜,鬼灭之刃 游郭篇,255055584
会赢的,1271.237,1,16777215,2026-02-13 19:28:11,557759249,4,今夜,鬼灭之刃 游郭篇,255055584
鲤————————夏————————姐————————姐————————,1052.848,1,16777215,2026-02-13 19:10:11,557759249,4,今夜,鬼灭之刃 游郭篇,255055584
俺也一样,576.559,1,14811775,2026-02-13 18:31:51,557759249,4,今夜,鬼灭之刃 游郭篇,255055584
onononon姐姐姐姐j!我们还没有结婚,745.961,1,16777215,2026-02-13 18:22:24,557759249,4,今夜,鬼灭之刃 游郭篇,255055584
炭炭可是我们村最美的男人了,1251.06,1,16777215,2026-02-13 16:13:28,557759249,4,今夜,鬼灭之刃 游郭篇,255055584
都有主角光环的呀 ,339.672,1,16777215,2026-02-13 15:17:31,557759249,4,今夜,鬼灭之刃 游郭篇,255055584
鲤——————夏——————姐——————姐——————,793.389,5,16777215,2026-02-13 12:25:08,557759249,4,今夜,鬼灭之刃 游郭篇,255055584
不————鲤————夏————姐————姐————,811.696,1,16777215,2026-02-13 12:23:48,557759249,4,今夜,鬼灭之刃 游郭篇,255055584
这个字体太华丽了！,1199.695,1,16777215,2026-02-13 01:20:17,557759249,4,今夜,鬼灭之刃 游郭篇,255055584
俺也一样,582.12,1,15138834,2026-02-12 23:54:00,557759249,4,今夜,鬼灭之刃 游郭篇,255055584
异能指导：芥川龙之介（bushi）,1208.242,1,16777215,2026-02-12 23:22:35,557759249,4,今夜,鬼灭之刃 游郭篇,255055584
用脚趾头想都不行,1269.269,5,41194,2026-02-12 22:47:57,557759249,4,今夜,鬼灭之刃 游郭篇,255055584
哈哈哈哈哈哈哈哈哈哈哈哈哈！,847.568,5,16777215,2026-02-12 21:33:11,557759249,4,今夜,鬼灭之刃 游郭篇,255055584
碳：我鬼王,1057.358,1,16777215,2026-02-12 20:32:27,557759249,4,今夜,鬼灭之刃 游郭篇,255055584
出现了，大声密谋！！！,251.552,1,16777215,2026-02-12 16:35:13,557759249,4,今夜,鬼灭之刃 游郭篇,255055584
不要！,761.814,1,16777215,2026-02-12 16:16:46,557759249,4,今夜,鬼灭之刃 游郭篇,255055584
细节增高鞋,1224.906,1,16777215,2026-02-12 15:35:39,557759249,4,今夜,鬼灭之刃 游郭篇,255055584
猪猪好灵活的手指,267.246,1,16777215,2026-02-12 15:18:27,557759249,4,今夜,鬼灭之刃 游郭篇,255055584
念完你的念你的,36.057,1,16777215,2026-02-12 12:28:23,557759249,4,今夜,鬼灭之刃 游郭篇,255055584
鲤————————夏————————姐————————姐————————！！！！！,983.32,1,16777215,2026-02-12 00:32:01,557759249,4,今夜,鬼灭之刃 游郭篇,255055584
谁许你这样说我们炭炭炭了！！,1268.771,5,16777215,2026-02-11 22:06:22,557759249,4,今夜,鬼灭之刃 游郭篇,255055584
不准说他！！！！！！！！！！！,1249.359,5,16777215,2026-02-11 22:05:10,557759249,4,今夜,鬼灭之刃 游郭篇,255055584
太帅了！！！！！！,1196.561,5,16777215,2026-02-11 22:03:16,557759249,4,今夜,鬼灭之刃 游郭篇,255055584
不！！！！！！！！！！！！！！！！,767.119,5,16777215,2026-02-11 21:53:57,557759249,4,今夜,鬼灭之刃 游郭篇,255055584
怎么有种不详的预感,691.6,5,16777215,2026-02-11 21:24:22,557759249,4,今夜,鬼灭之刃 游郭篇,255055584
火之神神乐！,1276.872,1,16777215,2026-02-11 18:26:50,557759249,4,今夜,鬼灭之刃 游郭篇,255055584
好可爱。。,1171.218,1,16777215,2026-02-11 18:24:48,557759249,4,今夜,鬼灭之刃 游郭篇,255055584
突然变帅的炭炭,611.023,1,16777215,2026-02-11 17:48:09,557759249,4,今夜,鬼灭之刃 游郭篇,255055584
每集必做大声密谋,465.329,1,16777215,2026-02-11 15:39:06,557759249,4,今夜,鬼灭之刃 游郭篇,255055584
华丽的字体,1192.262,1,16777215,2026-02-11 14:10:38,557759249,4,今夜,鬼灭之刃 游郭篇,255055584
我笑的好难受。,854.198,1,16777215,2026-02-11 13:07:12,557759249,4,今夜,鬼灭之刃 游郭篇,255055584
开玩笑猪猪和碳碳不是斩过上弦吗,331.832,1,16777215,2026-02-11 12:42:21,557759249,4,今夜,鬼灭之刃 游郭篇,255055584
新一任头柱（？）,832.795,1,16777215,2026-02-11 12:03:02,557759249,4,今夜,鬼灭之刃 游郭篇,255055584
我就说怎么会看不出来哈哈哈哈,642.587,1,16777215,2026-02-11 11:59:23,557759249,4,今夜,鬼灭之刃 游郭篇,255055584
好可爱！好可爱,1171.627,1,16777215,2026-02-11 09:07:34,557759249,4,今夜,鬼灭之刃 游郭篇,255055584
我美丽姐姐怎么就剩一片了…,1225.308,5,16777215,2026-02-10 22:16:59,557759249,4,今夜,鬼灭之刃 游郭篇,255055584
喂喂喂你们不管善善了？,356.077,5,15138834,2026-02-10 21:35:46,557759249,4,今夜,鬼灭之刃 游郭篇,255055584
不羡鸳鸯不羡天 只羡音柱每一天,16.31,5,16777215,2026-02-10 21:28:16,557759249,4,今夜,鬼灭之刃 游郭篇,255055584
救命萌鼠我了,859.076,1,16777215,2026-02-10 20:46:03,557759249,4,今夜,鬼灭之刃 游郭篇,255055584
华丽,852.463,1,16777215,2026-02-10 20:01:44,557759249,4,今夜,鬼灭之刃 游郭篇,255055584
华丽的字体,1195.01,1,16777215,2026-02-10 19:07:38,557759249,4,今夜,鬼灭之刃 游郭篇,255055584
鲤夏直的和香奈惠很像,61.273,5,16777215,2026-02-10 18:14:30,557759249,4,今夜,鬼灭之刃 游郭篇,255055584
揉揉揉,1264.692,1,16777215,2026-02-10 16:55:11,557759249,4,今夜,鬼灭之刃 游郭篇,255055584
这个就好温柔,21.905,1,16777215,2026-02-10 16:43:24,557759249,4,今夜,鬼灭之刃 游郭篇,255055584
至少没豆子活着,1093.716,1,16777215,2026-02-10 16:31:16,557759249,4,今夜,鬼灭之刃 游郭篇,255055584
我推不丑！！！！！！没眼光！！！！,1269.671,1,16777215,2026-02-10 16:27:36,557759249,4,今夜,鬼灭之刃 游郭篇,255055584
误入羊群,187.533,1,16777215,2026-02-10 14:10:02,557759249,4,今夜,鬼灭之刃 游郭篇,255055584
鲤————————夏————————姐————————姐————————,1044.625,1,15138834,2026-02-10 13:46:08,557759249,4,今夜,鬼灭之刃 游郭篇,255055584
叫她女王大人或者美女她会消气吗？,1061.914,1,16777215,2026-02-10 10:03:20,557759249,4,今夜,鬼灭之刃 游郭篇,255055584
炭：大家觉得我还能活吗？,1078.433,5,16777215,2026-02-10 09:57:39,557759249,4,今夜,鬼灭之刃 游郭篇,255055584
香香萌死了,376.64,1,16777215,2026-02-10 09:15:36,557759249,4,今夜,鬼灭之刃 游郭篇,255055584
实力是柱，等级是丙,375.778,1,16777215,2026-02-09 22:35:51,557759249,4,今夜,鬼灭之刃 游郭篇,255055584
我也一样,574.486,1,16777215,2026-02-09 22:09:29,557759249,4,今夜,鬼灭之刃 游郭篇,255055584
哒哒哒哒哒哒哒哒哒哒哒哒哒,179.501,1,41194,2026-02-09 20:44:27,557759249,4,今夜,鬼灭之刃 游郭篇,255055584
花子君：这个场景我熟悉！！！,1128.372,1,16777215,2026-02-09 19:55:11,557759249,4,今夜,鬼灭之刃 游郭篇,255055584
咩～～～～～～～,186.418,1,16777215,2026-02-09 19:39:10,557759249,4,今夜,鬼灭之刃 游郭篇,255055584
有不好的预感,578.202,5,16777215,2026-02-09 18:52:55,557759249,4,今夜,鬼灭之刃 游郭篇,255055584
猪猪好消息来了,474.757,5,16777215,2026-02-09 18:50:53,557759249,4,今夜,鬼灭之刃 游郭篇,255055584
太可爱了猪猪,455.131,1,11890,2026-02-09 18:04:29,557759249,4,今夜,鬼灭之刃 游郭篇,255055584
 人間失格 羅生門,1136.498,1,16777215,2026-02-09 17:55:31,557759249,4,今夜,鬼灭之刃 游郭篇,255055584
声音指导:花城（大花第1次见谢怜）,970.566,1,16777215,2026-02-09 17:08:52,557759249,4,今夜,鬼灭之刃 游郭篇,255055584
补药啊啊啊啊啊,713.026,1,8700107,2026-02-09 15:04:02,557759249,4,今夜,鬼灭之刃 游郭篇,255055584
脚趾这么灵活，关节还没退化，一看就是从山里长大的,825.009,1,16777215,2026-02-09 14:48:42,557759249,4,今夜,鬼灭之刃 游郭篇,255055584
6姐真华丽啊,1062.922,5,16777215,2026-02-09 14:20:12,557759249,4,今夜,鬼灭之刃 游郭篇,255055584
姐——————姐——————,1035.734,5,16777215,2026-02-09 14:19:45,557759249,4,今夜,鬼灭之刃 游郭篇,255055584
就我鲤夏姐姐！！,986.916,5,16777215,2026-02-09 14:18:52,557759249,4,今夜,鬼灭之刃 游郭篇,255055584
俺也一样,585.728,5,16777215,2026-02-09 14:11:34,557759249,4,今夜,鬼灭之刃 游郭篇,255055584
我们炭炭可是队里颇有好评的美人！,1264.63,1,16777215,2026-02-09 13:32:38,557759249,4,今夜,鬼灭之刃 游郭篇,255055584
她不会死的,751.281,1,16777215,2026-02-09 13:22:09,557759249,4,今夜,鬼灭之刃 游郭篇,255055584
姐姐我也愿意,685.69,1,16777215,2026-02-09 13:16:10,557759249,4,今夜,鬼灭之刃 游郭篇,255055584
一个配角给太多镜头 只能说是他要完蛋了,579.024,5,16777215,2026-02-09 11:58:18,557759249,4,今夜,鬼灭之刃 游郭篇,255055584
好可爱,1172.891,1,16777215,2026-02-08 22:34:34,557759249,4,今夜,鬼灭之刃 游郭篇,255055584
有没有一种可能，只是一种可能，她这句话是对着屏幕前的各位说的（doge,586.603,1,16777215,2026-02-08 22:23:06,557759249,4,今夜,鬼灭之刃 游郭篇,255055584
咩咩~~~~,186.138,1,16777215,2026-02-08 21:10:10,557759249,4,今夜,鬼灭之刃 游郭篇,255055584
回归正轨任务,250.731,1,16777215,2026-02-08 20:17:50,557759249,4,今夜,鬼灭之刃 游郭篇,255055584
俺也一样,600.515,1,16777215,2026-02-08 20:01:54,557759249,4,今夜,鬼灭之刃 游郭篇,255055584
大声密谋,529.075,1,8700107,2026-02-08 19:21:07,557759249,4,今夜,鬼灭之刃 游郭篇,255055584
鲤夏姐姐看起来还有救,1242.631,1,15138834,2026-02-08 19:07:43,557759249,4,今夜,鬼灭之刃 游郭篇,255055584
不不不不不不不不不不不不不不不不不不不不不不不不不不不不不不不不不不！！！！！！！！！！！,755.258,1,16777215,2026-02-08 18:56:52,557759249,4,今夜,鬼灭之刃 游郭篇,255055584
？猪猪我真求你了,838.678,1,16777215,2026-02-08 18:53:44,557759249,4,今夜,鬼灭之刃 游郭篇,255055584
好聪明啊炭炭,494.272,1,16777215,2026-02-08 18:47:47,557759249,4,今夜,鬼灭之刃 游郭篇,255055584
咩～～～～～～,187.0,1,16777215,2026-02-08 17:10:02,557759249,4,今夜,鬼灭之刃 游郭篇,255055584
箱子质量真好啊,1074.642,1,16777215,2026-02-08 16:48:21,557759249,4,今夜,鬼灭之刃 游郭篇,255055584
瞎讲，炭炭哪里丑了？,1250.002,1,16777215,2026-02-08 14:40:08,557759249,4,今夜,鬼灭之刃 游郭篇,255055584
姐姐你好温柔(=^▽^=)~,630.851,1,16777215,2026-02-08 13:04:08,557759249,4,今夜,鬼灭之刃 游郭篇,255055584
豆の呼吸·一之型·豆豆眼,647.393,1,16777215,2026-02-07 23:19:44,557759249,4,今夜,鬼灭之刃 游郭篇,255055584
不要啊啊啊！！！！！！！,764.739,5,16777215,2026-02-07 21:27:59,557759249,4,今夜,鬼灭之刃 游郭篇,255055584
忍忍,1391.438,1,16777215,2026-02-07 19:57:43,557759249,4,今夜,鬼灭之刃 游郭篇,255055584
华丽,850.37,1,16777215,2026-02-07 19:18:22,557759249,4,今夜,鬼灭之刃 游郭篇,255055584
装米豆子的箱子被压住了。,566.291,1,16777215,2026-02-07 18:44:15,557759249,4,今夜,鬼灭之刃 游郭篇,255055584
不不不大哥！鲤夏姐姐！,796.094,1,16777215,2026-02-07 18:13:56,557759249,4,今夜,鬼灭之刃 游郭篇,255055584
火影客串中,887.554,1,16777215,2026-02-07 17:08:24,557759249,4,今夜,鬼灭之刃 游郭篇,255055584
炭：man！！！,619.498,1,16777215,2026-02-07 15:01:26,557759249,4,今夜,鬼灭之刃 游郭篇,255055584
鲤————————夏————————姐————————姐————————,1030.489,1,16777215,2026-02-07 14:02:30,557759249,4,今夜,鬼灭之刃 游郭篇,255055584
？太华丽了,850.799,1,16777215,2026-02-07 14:00:05,557759249,4,今夜,鬼灭之刃 游郭篇,255055584
《炭治郎是美女》,1264.64,1,16777215,2026-02-07 13:04:37,557759249,4,今夜,鬼灭之刃 游郭篇,255055584
哈哈哈哈,645.43,1,16777215,2026-02-07 11:21:06,557759249,4,今夜,鬼灭之刃 游郭篇,255055584
鲤夏遭到二向箔降维打击,1235.347,1,16777215,2026-02-07 01:27:01,557759249,4,今夜,鬼灭之刃 游郭篇,255055584
好像香奈惠啊！,50.34,1,16777215,2026-02-07 00:15:40,557759249,4,今夜,鬼灭之刃 游郭篇,255055584
感觉老板娘要碎了,865.364,1,16777215,2026-02-06 21:53:40,557759249,4,今夜,鬼灭之刃 游郭篇,255055584
牛顿要懵掉了,1212.292,1,16777215,2026-02-06 20:14:16,557759249,4,今夜,鬼灭之刃 游郭篇,255055584
啊一啊一呀,1406.747,1,16777215,2026-02-06 18:08:20,557759249,4,今夜,鬼灭之刃 游郭篇,255055584
我去变成纸片人了,1221.674,5,16777215,2026-02-06 17:45:17,557759249,4,今夜,鬼灭之刃 游郭篇,255055584
真是越来越挑食了,1151.466,5,16777215,2026-02-06 17:43:11,557759249,4,今夜,鬼灭之刃 游郭篇,255055584
华丽的字体,1184.363,1,16777215,2026-02-06 15:43:32,557759249,4,今夜,鬼灭之刃 游郭篇,255055584
波风水门来了,888.563,1,16777215,2026-02-06 13:31:46,557759249,4,今夜,鬼灭之刃 游郭篇,255055584
好华丽,1192.731,1,41194,2026-02-06 13:28:20,557759249,4,今夜,鬼灭之刃 游郭篇,255055584
好萌的猪猪,464.724,1,16777215,2026-02-06 12:59:02,557759249,4,今夜,鬼灭之刃 游郭篇,255055584
哈哈哈哈哈哈哈好可爱,648.548,1,16777215,2026-02-06 12:29:29,557759249,4,今夜,鬼灭之刃 游郭篇,255055584
好温柔的姐姐,25.127,1,16777215,2026-02-06 12:21:58,557759249,4,今夜,鬼灭之刃 游郭篇,255055584
炭：我可是头柱,1023.035,1,16777215,2026-02-06 11:55:16,557759249,4,今夜,鬼灭之刃 游郭篇,255055584
不要啊,812.76,1,16777215,2026-02-06 11:34:34,557759249,4,今夜,鬼灭之刃 游郭篇,255055584
好温柔,84.23,1,16777215,2026-02-05 23:15:56,557759249,4,今夜,鬼灭之刃 游郭篇,255055584
邦邦邦邦，颗秒,200.736,1,16777215,2026-02-05 22:14:28,557759249,4,今夜,鬼灭之刃 游郭篇,255055584
字体太华丽了,1184.68,1,16777215,2026-02-05 22:01:12,557759249,4,今夜,鬼灭之刃 游郭篇,255055584
有点怕,686.927,1,16777215,2026-02-05 21:52:16,557759249,4,今夜,鬼灭之刃 游郭篇,255055584
我也是！,573.119,1,16777215,2026-02-05 21:26:23,557759249,4,今夜,鬼灭之刃 游郭篇,255055584
演绎积分是零啊,644.921,1,16777215,2026-02-05 21:03:27,557759249,4,今夜,鬼灭之刃 游郭篇,255055584
如果弥豆子被看到了，不得现场被手撕(如此卡哇伊),1174.322,5,16777215,2026-02-05 21:03:02,557759249,4,今夜,鬼灭之刃 游郭篇,255055584
好萌,459.193,1,16777215,2026-02-05 20:59:31,557759249,4,今夜,鬼灭之刃 游郭篇,255055584
闪亮的脚趾。,819.489,5,14811775,2026-02-05 19:18:16,557759249,4,今夜,鬼灭之刃 游郭篇,255055584
不！！！！！！！！！！！！！！！！，,766.909,5,14811775,2026-02-05 19:17:17,557759249,4,今夜,鬼灭之刃 游郭篇,255055584
别慌没死没死,780.294,1,16777215,2026-02-05 18:50:31,557759249,4,今夜,鬼灭之刃 游郭篇,255055584
不行了，好萌啊！！！！！！,656.869,1,16777215,2026-02-05 16:59:05,557759249,4,今夜,鬼灭之刃 游郭篇,255055584
跑步没声音但是饰品丁零当啷的,961.579,1,16777215,2026-02-05 15:52:51,557759249,4,今夜,鬼灭之刃 游郭篇,255055584
豆子爆打堕姬是这个吗,1205.003,1,16777215,2026-02-05 14:25:14,557759249,4,今夜,鬼灭之刃 游郭篇,255055584
我有一点不是,689.001,5,16777215,2026-02-05 14:10:05,557759249,4,今夜,鬼灭之刃 游郭篇,255055584
好可爱啊啊啊啊啊啊啊啊啊啊啊啊啊啊啊啊啊啊啊啊啊啊啊啊啊啊啊啊啊啊啊啊啊啊啊啊啊啊啊啊啊啊啊啊啊啊啊啊啊啊啊啊啊啊啊啊啊啊啊啊！！,1188.221,1,16777215,2026-02-05 13:58:51,557759249,4,今夜,鬼灭之刃 游郭篇,255055584
鲤夏姐姐……,1249.508,1,16777215,2026-02-05 11:43:32,557759249,4,今夜,鬼灭之刃 游郭篇,255055584
么ki么ki,1407.445,1,16777215,2026-02-05 11:28:19,557759249,4,今夜,鬼灭之刃 游郭篇,255055584
炭炭明明这么可爱,1264.893,1,16777215,2026-02-05 02:31:22,557759249,4,今夜,鬼灭之刃 游郭篇,255055584
不————鲤————夏————姐————姐————（超大声）,786.622,1,16777215,2026-02-05 01:01:30,557759249,4,今夜,鬼灭之刃 游郭篇,255055584
祢豆子：有麦别踢，有麦别踢,1116.74,1,16777215,2026-02-04 21:03:53,557759249,4,今夜,鬼灭之刃 游郭篇,255055584
咩~~~~~~~~~~~~~~~~~~~~~~~~~~~~~~~~~~~~~~~~~~~~~~~~~~~~~~,186.354,1,16777215,2026-02-04 21:03:50,557759249,4,今夜,鬼灭之刃 游郭篇,255055584
我怕刀待会又断了,1110.766,1,16777215,2026-02-04 21:03:36,557759249,4,今夜,鬼灭之刃 游郭篇,255055584
鲤————————夏————————姐————————姐————————,1240.603,1,16777215,2026-02-04 20:42:34,557759249,4,今夜,鬼灭之刃 游郭篇,255055584
鲤————————夏————————姐————————姐————————,1032.078,1,16777215,2026-02-04 20:38:49,557759249,4,今夜,鬼灭之刃 游郭篇,255055584
你也爱吃漂亮饭,1047.995,1,16777215,2026-02-04 20:34:08,557759249,4,今夜,鬼灭之刃 游郭篇,255055584
善解人意啊啊啊,655.552,1,16777215,2026-02-04 20:13:11,557759249,4,今夜,鬼灭之刃 游郭篇,255055584
刚刚闪过的带派大脚是什么,820.093,1,16777215,2026-02-04 19:53:32,557759249,4,今夜,鬼灭之刃 游郭篇,255055584
炭炭：你这比笔划的啥?,267.824,1,16777215,2026-02-04 19:00:30,557759249,4,今夜,鬼灭之刃 游郭篇,255055584
鲤夏姐姐！！不！,1223.759,1,16777215,2026-02-04 16:51:28,557759249,4,今夜,鬼灭之刃 游郭篇,255055584
不要啊,306.136,5,16777215,2026-02-04 14:10:09,557759249,4,今夜,鬼灭之刃 游郭篇,255055584
这个箱子不是弥豆子的箱子吗？,564.938,5,16777215,2026-02-04 09:48:32,557759249,4,今夜,鬼灭之刃 游郭篇,255055584
伊之助：man,122.793,1,41194,2026-02-03 22:25:39,557759249,4,今夜,鬼灭之刃 游郭篇,255055584
我去单挑上弦吗？,1195.029,1,16777215,2026-02-03 14:34:13,557759249,4,今夜,鬼灭之刃 游郭篇,255055584
炭治郎多帅,1268.495,1,16777215,2026-02-03 14:20:34,557759249,4,今夜,鬼灭之刃 游郭篇,255055584
抬头纹,39.627,1,16777215,2026-02-03 14:16:56,557759249,4,今夜,鬼灭之刃 游郭篇,255055584
别刀我！,672.548,5,16777215,2026-02-03 13:27:40,557759249,4,今夜,鬼灭之刃 游郭篇,255055584
鲤夏姐姐活下去啊！,581.75,5,16777215,2026-02-03 13:25:47,557759249,4,今夜,鬼灭之刃 游郭篇,255055584
鲤————————————夏————————————姐————————————姐————————————,800.236,1,16707842,2026-02-03 13:05:04,557759249,4,今夜,鬼灭之刃 游郭篇,255055584
鲤夏姐姐!!!!!!!!!!!!!!!!!!!!!!!!!(大哭),1248.213,1,16777215,2026-02-03 11:06:27,557759249,4,今夜,鬼灭之刃 游郭篇,255055584
？华丽哥你去哪了回来,1141.57,1,16777215,2026-02-02 19:24:02,557759249,4,今夜,鬼灭之刃 游郭篇,255055584
华丽哥是生气了吧 手臂上有凸起的血管,333.038,1,16777215,2026-02-02 17:49:47,557759249,4,今夜,鬼灭之刃 游郭篇,255055584
大概就是头柱背了一个比你强的人在里面啊，不对，是鬼,1032.98,1,16777215,2026-02-02 15:51:23,557759249,4,今夜,鬼灭之刃 游郭篇,255055584
华丽！,1197.568,5,16777215,2026-02-02 15:29:29,557759249,4,今夜,鬼灭之刃 游郭篇,255055584
对对对就是,487.425,1,16777215,2026-02-02 14:42:41,557759249,4,今夜,鬼灭之刃 游郭篇,255055584
这个花魁好温柔,25.748,1,16777215,2026-02-02 14:35:00,557759249,4,今夜,鬼灭之刃 游郭篇,255055584
放心，善有半个主角光环,335.147,1,16777215,2026-02-02 14:31:58,557759249,4,今夜,鬼灭之刃 游郭篇,255055584
好温柔啊,55.67,1,16777215,2026-02-02 14:27:34,557759249,4,今夜,鬼灭之刃 游郭篇,255055584
香奈乎:S0？,737.015,1,16777215,2026-02-02 10:49:17,557759249,4,今夜,鬼灭之刃 游郭篇,255055584
鲤—————————夏—————————姐—————————姐—————————,801.525,1,16777215,2026-02-02 09:24:11,557759249,4,今夜,鬼灭之刃 游郭篇,255055584
不准说炭炭丑！！,1261.301,5,15138834,2026-02-01 22:32:40,557759249,4,今夜,鬼灭之刃 游郭篇,255055584
鲤————————夏————————姐————————姐————————,1024.286,1,14811775,2026-02-01 20:59:10,557759249,4,今夜,鬼灭之刃 游郭篇,255055584
能看见文豪野犬,1121.281,1,16777215,2026-02-01 19:51:50,557759249,4,今夜,鬼灭之刃 游郭篇,255055584
华丽哥呢快来,1098.61,1,9487136,2026-02-01 17:06:29,557759249,4,今夜,鬼灭之刃 游郭篇,255055584
华丽的音乐,158.228,1,6830715,2026-02-01 16:39:57,557759249,4,今夜,鬼灭之刃 游郭篇,255055584
咩咩,189.233,1,16777215,2026-02-01 15:57:29,557759249,4,今夜,鬼灭之刃 游郭篇,255055584
吃酸奶的嘴突然停下来了,760.054,5,16777215,2026-02-01 13:43:00,557759249,4,今夜,鬼灭之刃 游郭篇,255055584
你说谁丑。,1262.272,1,16777215,2026-02-01 12:56:33,557759249,4,今夜,鬼灭之刃 游郭篇,255055584
碳碳好可爱,262.659,1,16777215,2026-02-01 12:19:45,557759249,4,今夜,鬼灭之刃 游郭篇,255055584
完了，全完了,696.031,1,16777215,2026-02-01 10:53:00,557759249,4,今夜,鬼灭之刃 游郭篇,255055584
豆豆眼还昰太可爱3 000,649.965,1,16777215,2026-02-01 10:00:15,557759249,4,今夜,鬼灭之刃 游郭篇,255055584
字体好评~,1183.305,1,16777215,2026-02-01 01:46:00,557759249,4,今夜,鬼灭之刃 游郭篇,255055584
华丽!,852.07,1,16777215,2026-02-01 01:29:44,557759249,4,今夜,鬼灭之刃 游郭篇,255055584
真的工藤新“伊”,518.367,1,16777215,2026-01-31 23:14:06,557759249,4,今夜,鬼灭之刃 游郭篇,255055584
就我喜欢堕姬吗？……,1274.113,1,16777215,2026-01-31 22:57:52,557759249,4,今夜,鬼灭之刃 游郭篇,255055584
完了一直给特写,589.8,1,16777215,2026-01-31 21:56:26,557759249,4,今夜,鬼灭之刃 游郭篇,255055584
鲤————————夏————————姐————————姐————————,804.589,1,16777215,2026-01-31 19:50:09,557759249,4,今夜,鬼灭之刃 游郭篇,255055584
华丽的字体,1193.151,1,41194,2026-01-31 18:17:07,557759249,4,今夜,鬼灭之刃 游郭篇,255055584
姐——————————————————————————————————————————————姐————————————————————————————————————————————————————,1048.238,1,9487136,2026-01-31 17:56:39,557759249,4,今夜,鬼灭之刃 游郭篇,255055584
真的好温柔qAq,78.673,1,16777215,2026-01-31 17:56:01,557759249,4,今夜,鬼灭之刃 游郭篇,255055584
蜘蛛。？ 螃蟹。？,267.225,1,16777215,2026-01-31 16:36:50,557759249,4,今夜,鬼灭之刃 游郭篇,255055584
经典手势。,1415.892,1,16777215,2026-01-31 14:21:28,557759249,4,今夜,鬼灭之刃 游郭篇,255055584
 炭宝不丑。,1249.529,1,16777215,2026-01-31 14:19:58,557759249,4,今夜,鬼灭之刃 游郭篇,255055584
善善一刀帅一季，这一季又是哪一刀,536.261,1,16777215,2026-01-31 13:32:50,557759249,4,今夜,鬼灭之刃 游郭篇,255055584
(╥﹏╥)鲤————————夏————————姐————————姐————————,802.827,1,14811775,2026-01-31 12:52:22,557759249,4,今夜,鬼灭之刃 游郭篇,255055584
我也最喜欢鲤夏花魁了,571.353,5,14811775,2026-01-31 12:42:19,557759249,4,今夜,鬼灭之刃 游郭篇,255055584
猪猪好可爱,461.056,1,16777215,2026-01-31 12:40:36,557759249,4,今夜,鬼灭之刃 游郭篇,255055584
不兑,576.383,1,14811775,2026-01-31 11:16:39,557759249,4,今夜,鬼灭之刃 游郭篇,255055584
可爱猪猪,461.7,1,16777215,2026-01-31 09:37:53,557759249,4,今夜,鬼灭之刃 游郭篇,255055584
太华丽了。。。,851.828,1,16777215,2026-01-31 04:02:06,557759249,4,今夜,鬼灭之刃 游郭篇,255055584
拍摄忍者片了,984.392,1,16777215,2026-01-30 23:11:15,557759249,4,今夜,鬼灭之刃 游郭篇,255055584
华丽的住,943.428,1,16777215,2026-01-30 23:10:21,557759249,4,今夜,鬼灭之刃 游郭篇,255055584
明场面来了,847.766,1,16777215,2026-01-30 23:08:36,557759249,4,今夜,鬼灭之刃 游郭篇,255055584
鲤———————————————————夏———————————————姐————————————————姐——————————————————,896.284,1,16777215,2026-01-30 22:28:53,557759249,4,今夜,鬼灭之刃 游郭篇,255055584
官方好瞧得起我,7.42,1,16777215,2026-01-30 22:03:44,557759249,4,今夜,鬼灭之刃 游郭篇,255055584
啊！如此华丽的字体啊！,1197.398,1,16777215,2026-01-30 21:56:27,557759249,4,今夜,鬼灭之刃 游郭篇,255055584
停停停火影串台了吗？,900.368,1,16777215,2026-01-30 21:54:04,557759249,4,今夜,鬼灭之刃 游郭篇,255055584
弥豆子：是谁～在敲打我窗～,1070.678,1,16777215,2026-01-30 21:53:47,557759249,4,今夜,鬼灭之刃 游郭篇,255055584
人类的赞歌就是勇气的赞歌！,1299.587,5,16777215,2026-01-30 19:25:22,557759249,4,今夜,鬼灭之刃 游郭篇,255055584
我们炭炭哪里都很美好吗？,1146.136,1,16777215,2026-01-30 18:02:13,557759249,4,今夜,鬼灭之刃 游郭篇,255055584
我也一样,575.418,1,16777215,2026-01-30 17:14:05,557759249,4,今夜,鬼灭之刃 游郭篇,255055584
牙咩喽,833.87,1,16777215,2026-01-30 16:37:51,557759249,4,今夜,鬼灭之刃 游郭篇,255055584
笑死我了,638.554,1,16777215,2026-01-30 08:09:13,557759249,4,今夜,鬼灭之刃 游郭篇,255055584
？。。,852.655,1,16777215,2026-01-29 20:25:33,557759249,4,今夜,鬼灭之刃 游郭篇,255055584
因为老板说要培养出一个超越立夏和堕姬的花魁，所以呢，让猪住的花魁专属房间,835.022,1,16777215,2026-01-29 19:19:17,557759249,4,今夜,鬼灭之刃 游郭篇,255055584
这些人白天不晒太阳不缺钙吗 我怀疑他们都是老脆骨,541.23,1,16777215,2026-01-29 17:05:41,557759249,4,今夜,鬼灭之刃 游郭篇,255055584
？脚趾,830.189,1,16777215,2026-01-29 16:30:47,557759249,4,今夜,鬼灭之刃 游郭篇,255055584
主公是四代目配的,896.933,1,16777215,2026-01-29 11:46:54,557759249,4,今夜,鬼灭之刃 游郭篇,255055584
咩~~~~~~~~~~~~~~~,187.488,1,16777215,2026-01-29 00:00:32,557759249,4,今夜,鬼灭之刃 游郭篇,255055584
中间三只是月下三兄弟吗？,1408.481,1,6830715,2026-01-28 21:18:49,557759249,4,今夜,鬼灭之刃 游郭篇,255055584
身法哥,1233.386,1,15138834,2026-01-28 19:01:40,557759249,4,今夜,鬼灭之刃 游郭篇,255055584
鲤————————夏————————姐————————姐————————,1256.252,1,16777215,2026-01-28 10:32:47,557759249,4,今夜,鬼灭之刃 游郭篇,255055584
哦豁,677.376,1,16777215,2026-01-28 01:12:21,557759249,4,今夜,鬼灭之刃 游郭篇,255055584
暂停一下,334.268,1,16777215,2026-01-27 23:26:54,557759249,4,今夜,鬼灭之刃 游郭篇,255055584
恭喜炭子彩票中头奖，奖励上弦之陆一个,1021.492,1,16777215,2026-01-27 23:18:54,557759249,4,今夜,鬼灭之刃 游郭篇,255055584
和香奈蕙,58.52,1,16777215,2026-01-27 20:29:14,557759249,4,今夜,鬼灭之刃 游郭篇,255055584
可惜的是在现实中，很少有像鲤夏一样善良的花魁，大部分的花魁都类似于堕姬,33.305,1,11890,2026-01-27 19:50:32,557759249,4,今夜,鬼灭之刃 游郭篇,255055584
居然是单挑上玄吗,1199.764,1,16777215,2026-01-27 18:53:20,557759249,4,今夜,鬼灭之刃 游郭篇,255055584
左右脑互博,1243.782,1,41194,2026-01-27 16:55:34,557759249,4,今夜,鬼灭之刃 游郭篇,255055584
这华丽的字体！,1178.618,1,41194,2026-01-27 16:54:05,557759249,4,今夜,鬼灭之刃 游郭篇,255055584
炭炭接下来发挥你主角的力量,1296.455,1,16777215,2026-01-27 15:49:57,557759249,4,今夜,鬼灭之刃 游郭篇,255055584
我爱善良的人,735.465,1,16777215,2026-01-27 15:40:05,557759249,4,今夜,鬼灭之刃 游郭篇,255055584
音柱快来,1293.464,1,16777215,2026-01-27 12:58:06,557759249,4,今夜,鬼灭之刃 游郭篇,255055584
所以为什么猪猪的嘴唇是粉色的？,330.979,1,16777215,2026-01-26 20:44:02,557759249,4,今夜,鬼灭之刃 游郭篇,255055584
快来抢豆浆吧！,1096.559,1,8700107,2026-01-26 19:08:37,557759249,4,今夜,鬼灭之刃 游郭篇,255055584
姐姐！！！,784.571,5,8700107,2026-01-26 18:59:11,557759249,4,今夜,鬼灭之刃 游郭篇,255055584
细节：炭治郎没把炎柱的刀柄换上，,1084.945,1,16777215,2026-01-26 18:31:04,557759249,4,今夜,鬼灭之刃 游郭篇,255055584
不要啊,1030.321,1,16777215,2026-01-26 15:57:22,557759249,4,今夜,鬼灭之刃 游郭篇,255055584
猪猪真的好好看,320.641,1,16777215,2026-01-26 15:43:51,557759249,4,今夜,鬼灭之刃 游郭篇,255055584
咋这萌,451.545,1,41194,2026-01-26 14:33:37,557759249,4,今夜,鬼灭之刃 游郭篇,255055584
好美好温柔,60.546,1,16777215,2026-01-26 14:26:11,557759249,4,今夜,鬼灭之刃 游郭篇,255055584
祢豆浆：哥哥牌榨我机，用了不想说好,1063.739,1,16777215,2026-01-26 14:23:07,557759249,4,今夜,鬼灭之刃 游郭篇,255055584
你～们～喜～欢～写～作～业～,997.399,1,16777215,2026-01-26 14:21:01,557759249,4,今夜,鬼灭之刃 游郭篇,255055584
俺也一样,580.162,5,14811775,2026-01-26 14:08:52,557759249,4,今夜,鬼灭之刃 游郭篇,255055584
花魁姐姐不要死掉a她不会死掉的对吧？不会死掉的QAQ,606.18,1,16777215,2026-01-26 13:31:49,557759249,4,今夜,鬼灭之刃 游郭篇,255055584
猪猪真的好美,296.183,1,16777215,2026-01-26 06:50:38,557759249,4,今夜,鬼灭之刃 游郭篇,255055584
真。侦炭,519.777,1,16777215,2026-01-26 02:09:34,557759249,4,今夜,鬼灭之刃 游郭篇,255055584
炭治郎这个箱子可以给一个链接吗？,1095.44,1,16777215,2026-01-25 21:24:14,557759249,4,今夜,鬼灭之刃 游郭篇,255055584
咩哎～～～～～～～～～～～～～～～～～～～～～～～～～～～～～～～～～～～～～～,188.596,1,16777215,2026-01-25 20:41:36,557759249,4,今夜,鬼灭之刃 游郭篇,255055584
炭炭不丑吧,1251.003,1,16777215,2026-01-25 18:09:15,557759249,4,今夜,鬼灭之刃 游郭篇,255055584
猪猪好可爱哈,840.805,1,16777215,2026-01-25 18:01:32,557759249,4,今夜,鬼灭之刃 游郭篇,255055584
姐姐！,757.179,1,16777215,2026-01-25 17:59:30,557759249,4,今夜,鬼灭之刃 游郭篇,255055584
老板娘可能真的想把伊之助当花魁培养，他住的都是牡丹屋唉,828.483,1,16777215,2026-01-25 14:23:15,557759249,4,今夜,鬼灭之刃 游郭篇,255055584
咩-————————————————————————————————,192.866,1,16777215,2026-01-25 12:53:41,557759249,4,今夜,鬼灭之刃 游郭篇,255055584
猪蹄,817.184,5,16707842,2026-01-25 02:24:20,557759249,4,今夜,鬼灭之刃 游郭篇,255055584
猪猪毫米！,288.833,1,16777215,2026-01-24 22:34:28,557759249,4,今夜,鬼灭之刃 游郭篇,255055584
保护鲤夏姐姐平安！,729.878,1,15138834,2026-01-24 22:12:49,557759249,4,今夜,鬼灭之刃 游郭篇,255055584
恭喜中奖,1023.761,1,15138834,2026-01-24 22:09:18,557759249,4,今夜,鬼灭之刃 游郭篇,255055584
我要把你扔出去晒太阳！！！！！！！！！！！！！,782.891,1,15138834,2026-01-24 22:05:02,557759249,4,今夜,鬼灭之刃 游郭篇,255055584
祢豆子：……？什么东西？,455.163,1,15138834,2026-01-24 20:19:07,557759249,4,今夜,鬼灭之刃 游郭篇,255055584
忍姐姐说的那句：“不是能不能做到的问题，有些事必须去做。”,1281.04,1,16777215,2026-01-24 17:24:29,557759249,4,今夜,鬼灭之刃 游郭篇,255055584
虎父无犬子，华丽哥有华丽鼠,1424.026,1,16777215,2026-01-24 16:53:34,557759249,4,今夜,鬼灭之刃 游郭篇,255055584
华丽哥即将进入直播间，根据大数据，可能会在姐姐或炭炭快要遇险的时候出现,1036.486,1,16777215,2026-01-24 15:08:12,557759249,4,今夜,鬼灭之刃 游郭篇,255055584
好萌啊！,855.242,1,16777215,2026-01-24 10:37:58,557759249,4,今夜,鬼灭之刃 游郭篇,255055584
好温柔的花魁啊好美好喜欢,31.31,1,16777215,2026-01-24 10:22:28,557759249,4,今夜,鬼灭之刃 游郭篇,255055584
技能指导：芥川龙之介,1117.486,5,16777215,2026-01-24 08:42:40,557759249,4,今夜,鬼灭之刃 游郭篇,255055584
左右脑打架了,1250.088,1,16777215,2026-01-24 01:55:27,557759249,4,今夜,鬼灭之刃 游郭篇,255055584
忍者跑步,959.515,1,16777215,2026-01-24 00:22:42,557759249,4,今夜,鬼灭之刃 游郭篇,255055584
异能力罗生门。,533.483,1,16777215,2026-01-23 21:20:57,557759249,4,今夜,鬼灭之刃 游郭篇,255055584
血鬼术指：芥川龙之介,1128.827,1,16777215,2026-01-23 21:18:52,557759249,4,今夜,鬼灭之刃 游郭篇,255055584
快救鲤夏啊啊啊啊,955.865,1,16777215,2026-01-23 20:00:01,557759249,4,今夜,鬼灭之刃 游郭篇,255055584
华丽的字体,1254.612,1,4351678,2026-01-23 19:10:37,557759249,4,今夜,鬼灭之刃 游郭篇,255055584
太华丽了,854.218,1,16777215,2026-01-23 17:49:39,557759249,4,今夜,鬼灭之刃 游郭篇,255055584
华丽的字体,1183.86,1,16777215,2026-01-23 15:53:54,557759249,4,今夜,鬼灭之刃 游郭篇,255055584
恭喜你中奖啦！~,1005.767,1,16777215,2026-01-23 15:50:24,557759249,4,今夜,鬼灭之刃 游郭篇,255055584
？我不行了好可爱,848.831,1,16777215,2026-01-23 15:47:06,557759249,4,今夜,鬼灭之刃 游郭篇,255055584
炭炭好帅,600.993,1,16777215,2026-01-23 15:40:29,557759249,4,今夜,鬼灭之刃 游郭篇,255055584
哦不。不要这样呀。,779.522,5,16777215,2026-01-23 14:35:44,557759249,4,今夜,鬼灭之刃 游郭篇,255055584
姐姐好温柔,49.839,1,16777215,2026-01-23 14:10:25,557759249,4,今夜,鬼灭之刃 游郭篇,255055584
要刀了,732.282,1,16777215,2026-01-23 13:53:04,557759249,4,今夜,鬼灭之刃 游郭篇,255055584
不要啊姐姐！别死别死别死别死别死别死别死别死别死别死别死别死别死别死别死别死,758.525,1,16777215,2026-01-23 03:55:07,557759249,4,今夜,鬼灭之刃 游郭篇,255055584
猪猪好美啊,318.192,1,16777215,2026-01-23 03:46:49,557759249,4,今夜,鬼灭之刃 游郭篇,255055584
。？好阴,855.042,1,16777215,2026-01-22 23:53:15,557759249,4,今夜,鬼灭之刃 游郭篇,255055584
字体华丽！,1187.549,1,8700107,2026-01-22 20:35:06,557759249,4,今夜,鬼灭之刃 游郭篇,255055584
俺也一样！,574.075,5,16777215,2026-01-22 17:26:07,557759249,4,今夜,鬼灭之刃 游郭篇,255055584
突然变3D,796.933,1,16777215,2026-01-22 13:06:59,557759249,4,今夜,鬼灭之刃 游郭篇,255055584
不要啊啊啊啊啊啊啊啊我推把我喜欢的角色吃了啊啊啊啊啊啊啊啊啊啊啊,781.317,1,16777215,2026-01-22 13:06:32,557759249,4,今夜,鬼灭之刃 游郭篇,255055584
好华丽的字体！,1191.776,1,41194,2026-01-22 12:39:09,557759249,4,今夜,鬼灭之刃 游郭篇,255055584
善意：不应该关心一下我吗,407.872,1,16777215,2026-01-22 01:06:29,557759249,4,今夜,鬼灭之刃 游郭篇,255055584
老板娘给猪猪准备的是牡丹房，看来是真的想把猪猪培养,826.741,1,16777215,2026-01-22 00:22:35,557759249,4,今夜,鬼灭之刃 游郭篇,255055584
说实话要是他们没来炭炭鼠定了,1273.78,1,16777215,2026-01-21 16:48:47,557759249,4,今夜,鬼灭之刃 游郭篇,255055584
恭喜你中大奖啦,1006.238,1,15138834,2026-01-20 22:50:03,557759249,4,今夜,鬼灭之刃 游郭篇,255055584
好萌好可爱祢豆子为什么这么可爱！！！！！,1169.585,1,16777215,2026-01-20 22:42:46,557759249,4,今夜,鬼灭之刃 游郭篇,255055584
我家善善被堕姬绑走了啊啊啊啊啊,202.132,1,16777215,2026-01-20 19:34:34,557759249,4,今夜,鬼灭之刃 游郭篇,255055584
无惨：这届可真挑食,1049.322,1,15138834,2026-01-20 18:52:10,557759249,4,今夜,鬼灭之刃 游郭篇,255055584
何意味,1248.396,1,14811775,2026-01-20 16:36:28,557759249,4,今夜,鬼灭之刃 游郭篇,255055584
这边如此温馨 哈特软软,72.923,1,14811775,2026-01-20 16:13:50,557759249,4,今夜,鬼灭之刃 游郭篇,255055584
糟糕鲤夏变成二维了,1237.279,1,16777215,2026-01-20 08:19:31,557759249,4,今夜,鬼灭之刃 游郭篇,255055584
不好！是刀,752.665,5,16777215,2026-01-20 01:34:16,557759249,4,今夜,鬼灭之刃 游郭篇,255055584
俺也一样,555.182,5,16777215,2026-01-20 01:11:21,557759249,4,今夜,鬼灭之刃 游郭篇,255055584
╰_╯,454.444,5,15138834,2026-01-19 21:40:23,557759249,4,今夜,鬼灭之刃 游郭篇,255055584
袖里乾坤(bushi),1119.845,5,16777215,2026-01-19 21:23:38,557759249,4,今夜,鬼灭之刃 游郭篇,255055584
萌死了,1172.191,1,16777215,2026-01-19 20:28:24,557759249,4,今夜,鬼灭之刃 游郭篇,255055584
承太郎：那就全部揍一顿好了,497.28,5,41194,2022-03-26 21:58:16,557759249,4,今夜,鬼灭之刃 游郭篇,255055584
有人吗,263.079,1,16777215,2026-04-13 21:16:37,557759249,4,今夜,鬼灭之刃 游郭篇,255055584
好华丽,1198.416,1,16777215,2026-04-13 19:59:17,557759249,4,今夜,鬼灭之刃 游郭篇,255055584
ber？,843.003,1,16777215,2026-04-13 19:52:52,557759249,4,今夜,鬼灭之刃 游郭篇,255055584
不要阿阿阿阿阿阿阿阿阿阿阿阿阿阿阿啊啊,808.53,1,16777215,2026-04-13 19:52:27,557759249,4,今夜,鬼灭之刃 游郭篇,255055584
俺也一样！！！,575.048,1,16777215,2026-04-13 19:16:52,557759249,4,今夜,鬼灭之刃 游郭篇,255055584
炭炭不丑 你丑！,1262.742,5,16777215,2026-04-13 18:15:54,557759249,4,今夜,鬼灭之刃 游郭篇,255055584
哒哒哒哒哒哒哒哒哒哒哒哒哒哒哒哒哒哒哒哒哒哒哒哒哒哒哒哒哒哒哒哒哒哒哒哒哒哒哒哒哒哒哒哒哒哒哒哒哒哒哒哒哒哒哒哒哒哒哒哒哒哒哒哒哒哒哒哒哒哒哒哒哒哒哒哒哒哒哒哒哒哒哒哒哒哒哒哒哒哒哒哒哒哒哒哒哒哒哒哒,166.461,5,16777215,2026-04-13 17:57:19,557759249,4,今夜,鬼灭之刃 游郭篇,255055584
哒哒哒哒哒哒哒哒哒哒哒哒哒哒哒哒哒哒哒哒哒哒哒哒哒哒哒哒哒哒哒哒哒哒哒哒哒哒哒哒哒哒哒哒哒哒哒哒哒哒哒哒哒哒哒哒哒哒哒哒哒哒哒哒哒哒哒哒哒哒哒哒哒哒哒哒哒哒哒哒哒哒哒哒哒哒哒哒哒哒哒哒哒哒哒哒哒哒哒哒,119.46,1,16777215,2026-04-13 17:56:32,557759249,4,今夜,鬼灭之刃 游郭篇,255055584
鲤—————————————夏——————————————姐——————————————姐————————————,819.35,1,16777215,2026-04-13 17:02:33,557759249,4,今夜,鬼灭之刃 游郭篇,255055584
太宠孩子了,583.147,1,16777215,2026-04-13 16:57:40,557759249,4,今夜,鬼灭之刃 游郭篇,255055584
还要求模仿不ooc吗？,2.984,1,16777215,2026-04-13 16:48:34,557759249,4,今夜,鬼灭之刃 游郭篇,255055584
华丽,1200.595,1,8700107,2026-04-13 16:26:16,557759249,4,今夜,鬼灭之刃 游郭篇,255055584
罗生门走错片场了啊喂!,1119.738,1,38979,2026-04-13 16:24:47,557759249,4,今夜,鬼灭之刃 游郭篇,255055584
恭喜您，中大奖啦!,1006.32,1,38979,2026-04-13 16:22:15,557759249,4,今夜,鬼灭之刃 游郭篇,255055584
咩~~~~~,190.26,1,16777215,2026-04-13 15:00:11,557759249,4,今夜,鬼灭之刃 游郭篇,255055584
主角也不能这么猛啊,1107.577,1,16777215,2026-04-13 14:41:42,557759249,4,今夜,鬼灭之刃 游郭篇,255055584
哒哒哒哒哒哒哒哒哒哒哒哒,171.816,1,16777215,2026-04-13 12:25:09,557759249,4,今夜,鬼灭之刃 游郭篇,255055584
水柱哪有蛇强啊？,991.0,1,16777215,2026-04-12 21:38:41,557759249,4,今夜,鬼灭之刃 游郭篇,255055584
我的妈呀大姐第三是蛇柱,986.0,1,16777215,2026-04-12 21:38:26,557759249,4,今夜,鬼灭之刃 游郭篇,255055584
字体华丽,1209.356,1,16777215,2026-04-12 19:59:55,557759249,4,今夜,鬼灭之刃 游郭篇,255055584
奇怪，这个鬼到底在哪个屋？怎么无处不在,432.328,1,15772458,2026-04-12 19:42:56,557759249,4,今夜,鬼灭之刃 游郭篇,255055584
两个女孩子因为姐姐开心，所以自己也会很开心，这边的话真的特别美好,588.907,1,16777215,2026-04-12 17:01:44,557759249,4,今夜,鬼灭之刃 游郭篇,255055584
感觉不对,739.11,1,16777215,2026-04-12 17:01:36,557759249,4,今夜,鬼灭之刃 游郭篇,255055584
No,794.943,1,16777215,2026-04-12 16:23:24,557759249,4,今夜,鬼灭之刃 游郭篇,255055584
鲤————————夏————————姐————————姐————————,808.376,5,15138834,2026-04-12 15:44:03,557759249,4,今夜,鬼灭之刃 游郭篇,255055584
我也是,573.596,5,15138834,2026-04-12 15:40:04,557759249,4,今夜,鬼灭之刃 游郭篇,255055584
？我去不要啊,778.884,1,16777215,2026-04-12 15:37:03,557759249,4,今夜,鬼灭之刃 游郭篇,255055584
炭治郎：？,1253.676,1,16777215,2026-04-12 15:36:12,557759249,4,今夜,鬼灭之刃 游郭篇,255055584
炭治郎：？,1253.676,1,16777215,2026-04-12 15:35:50,557759249,4,今夜,鬼灭之刃 游郭篇,255055584
炭：？,1253.676,1,16777215,2026-04-12 15:35:32,557759249,4,今夜,鬼灭之刃 游郭篇,255055584
为什么腰带还有血,1217.253,1,16777215,2026-04-12 14:49:58,557759249,4,今夜,鬼灭之刃 游郭篇,255055584
姐姐啊啊啊啊,1036.82,1,16777215,2026-04-12 14:38:00,557759249,4,今夜,鬼灭之刃 游郭篇,255055584
我的姐姐呜呜呜,1026.496,1,16777215,2026-04-12 14:37:32,557759249,4,今夜,鬼灭之刃 游郭篇,255055584
鲤夏姐姐呜呜呜,1045.396,1,16777215,2026-04-12 14:36:21,557759249,4,今夜,鬼灭之刃 游郭篇,255055584
老板娘有一生的阴影了,864.139,1,16777215,2026-04-12 14:33:52,557759249,4,今夜,鬼灭之刃 游郭篇,255055584
不要啊，不要啊，不要啊，不要啊，不要啊，不要不要不要,776.208,1,16777215,2026-04-12 14:30:13,557759249,4,今夜,鬼灭之刃 游郭篇,255055584
我靠我要笑死了,847.095,1,16777215,2026-04-12 14:27:41,557759249,4,今夜,鬼灭之刃 游郭篇,255055584
主角光环不赢的话，那还录个屁呀。,1296.14,1,16777215,2026-04-12 14:07:05,557759249,4,今夜,鬼灭之刃 游郭篇,255055584
华丽,1197.219,1,16777215,2026-04-12 13:06:10,557759249,4,今夜,鬼灭之刃 游郭篇,255055584
华丽字体,1185.765,1,41194,2026-04-12 11:57:18,557759249,4,今夜,鬼灭之刃 游郭篇,255055584
？？华丽鼠！(花栗鼠,850.622,1,16777215,2026-04-12 11:53:49,557759249,4,今夜,鬼灭之刃 游郭篇,255055584
不！！！,752.528,1,16777215,2026-04-12 11:35:47,557759249,4,今夜,鬼灭之刃 游郭篇,255055584
希望鲤复姐姐不要被刀掉啊！！！,673.707,1,16777215,2026-04-12 11:34:22,557759249,4,今夜,鬼灭之刃 游郭篇,255055584
所以到底咋模仿,6.869,1,16777215,2026-04-12 11:24:34,557759249,4,今夜,鬼灭之刃 游郭篇,255055584
人心兽,52.327,1,16777215,2026-04-12 11:07:05,557759249,4,今夜,鬼灭之刃 游郭篇,255055584
我的妈呀，666。,44.985,1,16777215,2026-04-12 11:06:39,557759249,4,今夜,鬼灭之刃 游郭篇,255055584
哈哈哈哈哈哈哈哈哈哈哈哈哈哈哈哈哈哈哈哈哈哈哈哈哈哈哈哈,641.488,1,16777215,2026-04-12 10:50:07,557759249,4,今夜,鬼灭之刃 游郭篇,255055584
我也最喜欢了,560.799,1,16777215,2026-04-12 10:27:29,557759249,4,今夜,鬼灭之刃 游郭篇,255055584
鲤夏姐姐！,808.825,1,16777215,2026-04-12 09:50:37,557759249,4,今夜,鬼灭之刃 游郭篇,255055584
好可爱啊啊啊啊,462.013,1,41194,2026-04-12 09:20:31,557759249,4,今夜,鬼灭之刃 游郭篇,255055584
哒哒哒哒哒哒哒哒哒哒哒哒哒,183.56,1,41194,2026-04-12 09:18:02,557759249,4,今夜,鬼灭之刃 游郭篇,255055584
鲤————————夏————————姐————————姐————————,801.859,5,16777215,2026-04-12 09:10:53,557759249,4,今夜,鬼灭之刃 游郭篇,255055584
哦不！,755.948,1,16777215,2026-04-12 09:09:48,557759249,4,今夜,鬼灭之刃 游郭篇,255055584
路人：天呐，有人在天上飞！,1214.692,5,16777215,2026-04-12 09:08:40,557759249,4,今夜,鬼灭之刃 游郭篇,255055584
不要乱立 Flag啊喂————,686.103,1,16777215,2026-04-12 09:07:50,557759249,4,今夜,鬼灭之刃 游郭篇,255055584
号主抢号了,210.583,5,16777215,2026-04-12 08:58:48,557759249,4,今夜,鬼灭之刃 游郭篇,255055584
哒哒哒哒哒哒哒哒~哒哒哒哒哒哒哒哒~,115.865,5,16777215,2026-04-12 08:56:47,557759249,4,今夜,鬼灭之刃 游郭篇,255055584
咩~~~~~~~~~~~~~~~~~~~~~~~~~~~~~~~~~~~~~~~~~~~~~~~~~~~~~~~~~~~~~~~~~~~~~~~~~~~~~~~~~~~~~~~~~~~~~~~~~~~,187.189,1,16777215,2026-04-12 07:51:14,557759249,4,今夜,鬼灭之刃 游郭篇,255055584
咩~~~~~~~~~~~~~~~~~~~~~~~~~~~~~~~~~~~~~~~~~~~~~~~~~~~~~~~~~~~~~~~~~~~~~~~~~~~~~~~~~~~~~~~~~~~~~~~~~~~,187.189,1,16777215,2026-04-12 07:51:08,557759249,4,今夜,鬼灭之刃 游郭篇,255055584
咩~~~~~~~~~~~~~~~~~~~~~~~~~~~~~~~~~~~~~~~~~~~~~~~~~~~~~~~~~~~~~~~~~~~~~~~~~~~~~~~~~~~~~~~~~~~~~~~~~~~,187.189,1,16777215,2026-04-12 07:51:01,557759249,4,今夜,鬼灭之刃 游郭篇,255055584
咩~~~~~~~~~~~~~~~~~~~~~~~~~~~~~~~~~~~~~~~~~~~~~~~~~~~~~~~~~~~~~~~~~~~~~~~~~~~~~~~~~~~~~~~~~~~~~~~~~~~,187.189,1,16777215,2026-04-12 07:50:55,557759249,4,今夜,鬼灭之刃 游郭篇,255055584
咩~~~~~~~~~~~~~~~~~~~~~~~~~~~~~~~~~~~~~~~~~~~~~~~~~~~~~~~~~~~~~~~~~~~~~~~~~~~~~~~~~~~~~~~~~~~~~~~~~~~,187.189,1,16777215,2026-04-12 07:50:49,557759249,4,今夜,鬼灭之刃 游郭篇,255055584
咩~~~~~~~~~~~~~~~~~~~~~~~~~~~~~~~~~~~~~~~~~~~~~~~~~~~~~~~~~~~~~~~~~~~~~~~~~~~~~~~~~~~~~~~~~~~~~~~~~~~,187.189,1,16777215,2026-04-12 07:50:44,557759249,4,今夜,鬼灭之刃 游郭篇,255055584
咩~~~~~~~~~~~~~~~~~~~~~~~~~~~~~~~~~~~~~~~~~~~~~~~~~~~~~~~~~~~~~~~~~~~~~~~~~~~~~~~~~~~~~~~~~~~~~~~~~~~,187.189,1,16777215,2026-04-12 07:50:38,557759249,4,今夜,鬼灭之刃 游郭篇,255055584
咩~~~~~~~~~~~~~~~~~~~~~~~~~~~~~~~~~~~~~~~~~~~~~~~~~~~~~~~~~~~~~~~~~~~~~~~~~~~~~~~~~~~~~~~~~~~~~~~~~~~,185.744,1,16777215,2026-04-12 07:50:33,557759249,4,今夜,鬼灭之刃 游郭篇,255055584
其实某神秘鬼灭最美女子真正想说的是前半句话吧。,1255.082,1,16777215,2026-04-12 00:24:16,557759249,4,今夜,鬼灭之刃 游郭篇,255055584
恭喜您，中大奖了！,1009.32,1,16777215,2026-04-11 23:45:47,557759249,4,今夜,鬼灭之刃 游郭篇,255055584
别搞别搞,692.287,1,16777215,2026-04-11 21:10:46,557759249,4,今夜,鬼灭之刃 游郭篇,255055584
炭治郎是最帅的,1270.062,1,16777215,2026-04-11 20:51:35,557759249,4,今夜,鬼灭之刃 游郭篇,255055584
炭治郎是最帅的,1270.062,1,16777215,2026-04-11 20:51:28,557759249,4,今夜,鬼灭之刃 游郭篇,255055584
她也吃漂亮饭吗？,1051.215,5,16777215,2026-04-11 20:01:44,557759249,4,今夜,鬼灭之刃 游郭篇,255055584
好看,1050.268,1,16777215,2026-04-11 19:49:22,557759249,4,今夜,鬼灭之刃 游郭篇,255055584
音柱去哪儿了？,1275.102,1,16777215,2026-04-11 19:17:22,557759249,4,今夜,鬼灭之刃 游郭篇,255055584
姐姐怎么变成丝带了？！,1240.801,1,16777215,2026-04-11 19:16:44,557759249,4,今夜,鬼灭之刃 游郭篇,255055584
太华丽了！！！！,1194.641,1,16777215,2026-04-11 19:15:50,557759249,4,今夜,鬼灭之刃 游郭篇,255055584
这箱子质量挺好啊，有链接吗？,1101.082,1,16777215,2026-04-11 19:14:05,557759249,4,今夜,鬼灭之刃 游郭篇,255055584
不！,1041.082,1,16777215,2026-04-11 19:12:59,557759249,4,今夜,鬼灭之刃 游郭篇,255055584
啊，李夏姐姐。,1031.881,1,16777215,2026-04-11 19:12:30,557759249,4,今夜,鬼灭之刃 游郭篇,255055584
5蚂蚁。,905.28,1,16777215,2026-04-11 19:10:17,557759249,4,今夜,鬼灭之刃 游郭篇,255055584
不会是吧？不会吧？,713.629,1,16777215,2026-04-11 19:09:58,557759249,4,今夜,鬼灭之刃 游郭篇,255055584
可恶。,691.669,1,16777215,2026-04-11 19:09:28,557759249,4,今夜,鬼灭之刃 游郭篇,255055584
千万不要让这个姐姐死啊。,674.689,1,16777215,2026-04-11 19:08:59,557759249,4,今夜,鬼灭之刃 游郭篇,255055584
俺也一样,581.109,1,16777215,2026-04-11 19:07:17,557759249,4,今夜,鬼灭之刃 游郭篇,255055584
啊啊啊，猪猪太可爱。,470.249,1,16777215,2026-04-11 19:05:09,557759249,4,今夜,鬼灭之刃 游郭篇,255055584
华丽哥华丽的行动。,332.408,1,16777215,2026-04-11 19:02:32,557759249,4,今夜,鬼灭之刃 游郭篇,255055584
台温柔,59.229,1,16777215,2026-04-11 18:59:10,557759249,4,今夜,鬼灭之刃 游郭篇,255055584
不！善善！,326.087,1,16777215,2026-04-11 18:08:40,557759249,4,今夜,鬼灭之刃 游郭篇,255055584
【无法模仿】,4.58,1,16777215,2026-04-11 17:16:35,557759249,4,今夜,鬼灭之刃 游郭篇,255055584
舅舅散步,1391.29,1,16777215,2026-04-11 16:54:18,557759249,4,今夜,鬼灭之刃 游郭篇,255055584
《好可爱》《太丑了》,1252.159,1,16777215,2026-04-11 16:51:47,557759249,4,今夜,鬼灭之刃 游郭篇,255055584
等会…？腰带？流血？,1214.76,1,16777215,2026-04-11 16:50:29,557759249,4,今夜,鬼灭之刃 游郭篇,255055584
感觉是闲的没事整个华丽的字体玩玩,1198.053,1,16777215,2026-04-11 16:49:52,557759249,4,今夜,鬼灭之刃 游郭篇,255055584
好华丽的字体,1185.823,1,16777215,2026-04-11 16:49:23,557759249,4,今夜,鬼灭之刃 游郭篇,255055584
又出现了华丽的字体！！！,1184.297,1,16777215,2026-04-11 16:49:17,557759249,4,今夜,鬼灭之刃 游郭篇,255055584
好可爱！！！！！,1173.086,1,16777215,2026-04-11 16:48:47,557759249,4,今夜,鬼灭之刃 游郭篇,255055584
祢豆子：？,1078.235,1,16777215,2026-04-11 16:47:06,557759249,4,今夜,鬼灭之刃 游郭篇,255055584
太棒了！！！鲤夏姐姐没有死！！只是被装进腰带里面了！！！！,1038.135,1,16777215,2026-04-11 16:45:48,557759249,4,今夜,鬼灭之刃 游郭篇,255055584
鲤夏姐姐求你了别死！！！！！！！！！！！！！,975.532,1,16777215,2026-04-11 16:44:24,557759249,4,今夜,鬼灭之刃 游郭篇,255055584
鲤夏姐姐！！！！！！！！！！！！！！！！！！！！！,819.599,1,16777215,2026-04-11 16:41:16,557759249,4,今夜,鬼灭之刃 游郭篇,255055584
告诉上弦六，我要跟她绝交！！呜呜呜呜呜呜呜呜呜呜呜呜呜呜呜呜呜呜呜呜呜呜呜呜呜呜呜呜！！鲤夏！！！！,796.88,1,16777215,2026-04-11 16:40:45,557759249,4,今夜,鬼灭之刃 游郭篇,255055584
不要啊！！！！！！！！！！！！！！！！！！,788.168,1,16777215,2026-04-11 16:39:40,557759249,4,今夜,鬼灭之刃 游郭篇,255055584
鲤夏姐姐！！！！！！不！！！！！！,780.247,1,16777215,2026-04-11 16:39:23,557759249,4,今夜,鬼灭之刃 游郭篇,255055584
不要！！！！炭炭快回来我求你了！！！！,754.308,1,16777215,2026-04-11 16:38:41,557759249,4,今夜,鬼灭之刃 游郭篇,255055584
[前方高能],750.861,1,16777215,2026-04-11 16:38:22,557759249,4,今夜,鬼灭之刃 游郭篇,255055584
最温柔的两个人,721.282,1,16777215,2026-04-11 16:37:48,557759249,4,今夜,鬼灭之刃 游郭篇,255055584
哈哈哈哈炭炭怎么可以这么可爱,648.836,1,16777215,2026-04-11 16:36:24,557759249,4,今夜,鬼灭之刃 游郭篇,255055584
我靠，炭炭好帅！！！！！,607.949,1,16777215,2026-04-11 16:35:21,557759249,4,今夜,鬼灭之刃 游郭篇,255055584
俺也一样！！！！！！！！！！！！,580.313,1,16777215,2026-04-11 16:34:47,557759249,4,今夜,鬼灭之刃 游郭篇,255055584
哈哈哈，香奈乎好可爱,382.988,1,16777215,2026-04-11 16:31:23,557759249,4,今夜,鬼灭之刃 游郭篇,255055584
。？鬼杀队不给升职的啊,354.802,1,16777215,2026-04-11 16:30:42,557759249,4,今夜,鬼灭之刃 游郭篇,255055584
咩~~~~~~~~~,186.656,1,16777215,2026-04-11 16:27:31,557759249,4,今夜,鬼灭之刃 游郭篇,255055584
哒哒哒哒哒哒哒哒哒哒哒哒哒哒哒哒哒哒哒哒哒哒哒哒哒哒哒哒哒哒哒哒哒哒哒哒哒哒哒哒哒哒哒哒哒哒哒哒哒哒哒哒哒哒哒哒哒哒哒哒哒哒哒哒哒哒哒哒哒哒哒哒哒,175.14,1,16777215,2026-04-11 16:27:12,557759249,4,今夜,鬼灭之刃 游郭篇,255055584
不羡鸳鸯不羡仙，只羡音柱每一天,119.881,1,16777215,2026-04-11 16:26:08,557759249,4,今夜,鬼灭之刃 游郭篇,255055584
哒哒哒哒哒哒哒哒哒哒哒哒哒哒哒哒哒哒哒哒哒哒哒哒哒哒哒哒哒哒哒哒哒哒哒哒哒哒哒哒哒哒哒哒哒哒,107.468,1,16777215,2026-04-11 16:25:51,557759249,4,今夜,鬼灭之刃 游郭篇,255055584
豆子：？,1094.208,5,16777215,2026-04-11 15:34:15,557759249,4,今夜,鬼灭之刃 游郭篇,255055584
哒哒哒哒哒哒哒哒哒哒哒哒哒哒哒哒哒哒哒哒哒哒哒哒哒哒哒,118.122,5,16777215,2026-04-11 15:21:31,557759249,4,今夜,鬼灭之刃 游郭篇,255055584
不要啊！！,788.821,1,16777215,2026-04-11 14:38:24,557759249,4,今夜,鬼灭之刃 游郭篇,255055584
不要啊！！！！,784.908,1,16777215,2026-04-11 14:22:07,557759249,4,今夜,鬼灭之刃 游郭篇,255055584
会赢的,1269.666,1,16777215,2026-04-11 14:10:25,557759249,4,今夜,鬼灭之刃 游郭篇,255055584
群星寂灭,1289.255,1,11890,2026-04-11 14:09:54,557759249,4,今夜,鬼灭之刃 游郭篇,255055584
来长按屏幕让上弦之六赶紧死,1208.538,1,16777215,2026-04-11 13:27:59,557759249,4,今夜,鬼灭之刃 游郭篇,255055584
让我们长按屏幕，让上弦六赶紧死,1204.698,1,16777215,2026-04-11 13:27:40,557759249,4,今夜,鬼灭之刃 游郭篇,255055584
俺也一样,574.385,1,16777215,2026-04-11 11:26:39,557759249,4,今夜,鬼灭之刃 游郭篇,255055584
老板已经清楚了，但还是希望他是逃走,226.838,1,16777215,2026-04-11 11:16:18,557759249,4,今夜,鬼灭之刃 游郭篇,255055584
哈哈哈哈好可爱,635.849,1,16777215,2026-04-11 10:41:30,557759249,4,今夜,鬼灭之刃 游郭篇,255055584
俺也一样,577.262,1,16777215,2026-04-11 10:40:18,557759249,4,今夜,鬼灭之刃 游郭篇,255055584
太华丽了,1419.795,1,16777215,2026-04-11 09:07:59,557759249,4,今夜,鬼灭之刃 游郭篇,255055584
这个也是鬼哦！,570.323,1,16777215,2026-04-11 03:21:18,557759249,4,今夜,鬼灭之刃 游郭篇,255055584
这个也是鬼,564.741,1,16777215,2026-04-11 03:20:57,557759249,4,今夜,鬼灭之刃 游郭篇,255055584
炭炭，你快返回去啊,789.731,1,41194,2026-04-10 22:52:53,557759249,4,今夜,鬼灭之刃 游郭篇,255055584
不兑,688.467,1,41194,2026-04-10 22:50:47,557759249,4,今夜,鬼灭之刃 游郭篇,255055584
伪装了个寂寞,645.687,1,14811775,2026-04-10 22:49:55,557759249,4,今夜,鬼灭之刃 游郭篇,255055584
41下,473.135,1,11890,2026-04-10 22:47:00,557759249,4,今夜,鬼灭之刃 游郭篇,255055584
猪猪：打鼓中，勿扰,464.538,1,8700107,2026-04-10 22:45:45,557759249,4,今夜,鬼灭之刃 游郭篇,255055584
村田被追赶成功,373.13,1,8700107,2026-04-10 22:44:04,557759249,4,今夜,鬼灭之刃 游郭篇,255055584
依旧咩,188.092,1,16777215,2026-04-10 20:42:27,557759249,4,今夜,鬼灭之刃 游郭篇,255055584
不要啊,788.939,1,16777215,2026-04-10 20:23:46,557759249,4,今夜,鬼灭之刃 游郭篇,255055584
猪猪是梦到什么说什么,826.638,1,16777215,2026-04-10 19:47:54,557759249,4,今夜,鬼灭之刃 游郭篇,255055584
猪脚,828.057,1,16777215,2026-04-10 19:40:22,557759249,4,今夜,鬼灭之刃 游郭篇,255055584
好温柔两个人,722.954,1,16777215,2026-04-10 19:39:10,557759249,4,今夜,鬼灭之刃 游郭篇,255055584
念完你的念你的念完你的念你的,39.42,1,16777215,2026-04-10 19:35:50,557759249,4,今夜,鬼灭之刃 游郭篇,255055584
哒哒哒哒哒哒哒哒哒哒哒哒哒哒哒哒哒哒哒哒哒哒哒哒哒哒哒哒哒哒哒哒哒哒哒哒哒哒哒哒哒哒哒哒哒哒哒哒哒哒哒哒哒哒哒哒哒哒哒哒哒哒哒哒哒哒哒哒哒哒哒哒哒哒哒哒哒哒哒哒哒哒哒哒哒哒哒哒哒哒哒哒哒哒哒哒哒哒哒哒,105.886,1,16777215,2026-04-10 19:01:38,557759249,4,今夜,鬼灭之刃 游郭篇,255055584
哪里丑了，明明又萌又帅,1255.805,1,16777215,2026-04-10 18:29:07,557759249,4,今夜,鬼灭之刃 游郭篇,255055584
哪里丑了，明明又萌又帅,1251.931,1,16777215,2026-04-10 18:28:37,557759249,4,今夜,鬼灭之刃 游郭篇,255055584
出金了啊啊啊,1001.401,1,16777215,2026-04-10 18:23:55,557759249,4,今夜,鬼灭之刃 游郭篇,255055584
俺也系,583.298,1,16777215,2026-04-10 18:23:31,557759249,4,今夜,鬼灭之刃 游郭篇,255055584
炭回来也打不过啊，,755.785,1,16777215,2026-04-10 18:15:40,557759249,4,今夜,鬼灭之刃 游郭篇,255055584
华丽,1212.507,1,15138834,2026-04-10 18:09:52,557759249,4,今夜,鬼灭之刃 游郭篇,255055584
看产屋敷这仨字也能知道主公是干嘛的吧,686.328,1,16777215,2026-04-10 12:16:16,557759249,4,今夜,鬼灭之刃 游郭篇,255055584
祢豆子： 你终于知道我的箱子会坏了。,1170.203,1,16777215,2026-04-10 10:47:35,557759249,4,今夜,鬼灭之刃 游郭篇,255055584
苦无！！,905.131,1,16777215,2026-04-10 04:36:42,557759249,4,今夜,鬼灭之刃 游郭篇,255055584
我去，别搞,307.516,1,16777215,2026-04-10 00:31:06,557759249,4,今夜,鬼灭之刃 游郭篇,255055584
不！,791.848,1,16777215,2026-04-09 23:36:27,557759249,4,今夜,鬼灭之刃 游郭篇,255055584
疑似3d乱入,1407.25,1,16777215,2026-04-09 22:11:50,557759249,4,今夜,鬼灭之刃 游郭篇,255055584
杀掉她就能成柱了啊,1331.835,1,16777215,2026-04-09 22:11:13,557759249,4,今夜,鬼灭之刃 游郭篇,255055584
停停停炭治郎这是飞起来了？,1238.648,1,16777215,2026-04-09 22:08:00,557759249,4,今夜,鬼灭之刃 游郭篇,255055584
那不就跟以前打手球鬼和箭头鬼吗？,1215.876,1,15138834,2026-04-09 21:26:32,557759249,4,今夜,鬼灭之刃 游郭篇,255055584
事实证明忍者都是这样跑的,965.076,1,15138834,2026-04-09 21:22:00,557759249,4,今夜,鬼灭之刃 游郭篇,255055584
感觉音柱属于上忍,907.476,1,15138834,2026-04-09 21:20:32,557759249,4,今夜,鬼灭之刃 游郭篇,255055584
把箱子给我吧！质量那么好，用来装东西,1104.148,1,16777215,2026-04-09 21:20:11,557759249,4,今夜,鬼灭之刃 游郭篇,255055584
姐姐————,802.236,1,15138834,2026-04-09 21:17:49,557759249,4,今夜,鬼灭之刃 游郭篇,255055584
坏了,785.616,1,15138834,2026-04-09 21:17:04,557759249,4,今夜,鬼灭之刃 游郭篇,255055584
咔咔咔,949.062,1,16777215,2026-04-09 20:32:34,557759249,4,今夜,鬼灭之刃 游郭篇,255055584
不是不夜城吗,1001.179,1,16777215,2026-04-09 19:26:11,557759249,4,今夜,鬼灭之刃 游郭篇,255055584
炭治郎：请求集合,1283.842,1,16777215,2026-04-09 19:05:29,557759249,4,今夜,鬼灭之刃 游郭篇,255055584
我去 当我没说,1208.672,1,16777215,2026-04-09 19:04:15,557759249,4,今夜,鬼灭之刃 游郭篇,255055584
太华丽了,1183.717,1,16777215,2026-04-09 19:03:20,557759249,4,今夜,鬼灭之刃 游郭篇,255055584
语言指导：楚天秋,1148.195,1,16777215,2026-04-09 19:02:43,557759249,4,今夜,鬼灭之刃 游郭篇,255055584
注意这个苦无 后面要考,924.316,1,16777215,2026-04-09 18:59:36,557759249,4,今夜,鬼灭之刃 游郭篇,255055584
啊啊啊啊啊,806.596,1,16777215,2026-04-09 18:58:01,557759249,4,今夜,鬼灭之刃 游郭篇,255055584
不不不不不！！！,753.358,1,16777215,2026-04-09 18:57:16,557759249,4,今夜,鬼灭之刃 游郭篇,255055584
过半了 过半了,672.43,1,16777215,2026-04-09 18:56:22,557759249,4,今夜,鬼灭之刃 游郭篇,255055584
wow,605.122,1,16777215,2026-04-09 18:55:20,557759249,4,今夜,鬼灭之刃 游郭篇,255055584
镜子里有侧脸 好细节,578.396,1,16777215,2026-04-09 18:54:49,557759249,4,今夜,鬼灭之刃 游郭篇,255055584
这妆卸不掉！,443.574,1,16777215,2026-04-09 18:52:44,557759249,4,今夜,鬼灭之刃 游郭篇,255055584
干啥一直鲤夏姐姐啊,1023.981,1,16777215,2026-04-09 17:48:10,557759249,4,今夜,鬼灭之刃 游郭篇,255055584
副本进度条：%50,555.791,1,16777215,2026-04-09 12:13:09,557759249,4,今夜,鬼灭之刃 游郭篇,255055584
俺也一样！,579.211,1,16777215,2026-04-09 11:12:18,557759249,4,今夜,鬼灭之刃 游郭篇,255055584
我偷祢豆子,5.768,1,16707842,2026-04-09 06:41:00,557759249,4,今夜,鬼灭之刃 游郭篇,255055584
鲤夏好像是快要被人赎走了,150.727,1,16777215,2026-04-09 01:11:58,557759249,4,今夜,鬼灭之刃 游郭篇,255055584
梅，炭炭才不丑,1265.751,1,16777215,2026-04-08 22:12:51,557759249,4,今夜,鬼灭之刃 游郭篇,255055584
不许说他梅,1255.433,1,16777215,2026-04-08 22:11:05,557759249,4,今夜,鬼灭之刃 游郭篇,255055584
121人,530.663,1,16777215,2026-04-08 22:00:59,557759249,4,今夜,鬼灭之刃 游郭篇,255055584
华丽的字体。,1199.603,1,16777215,2026-04-08 18:25:12,557759249,4,今夜,鬼灭之刃 游郭篇,255055584
哒哒哒哒,112.869,1,16777215,2026-04-08 16:26:54,557759249,4,今夜,鬼灭之刃 游郭篇,255055584
箱子比刀的质量好,1100.225,1,16777215,2026-04-08 03:57:10,557759249,4,今夜,鬼灭之刃 游郭篇,255055584
大家请勿模仿吃人,8.886,1,16777215,2026-04-07 23:56:23,557759249,4,今夜,鬼灭之刃 游郭篇,255055584
我不行了好诡异,852.662,1,16777215,2026-04-07 23:47:05,557759249,4,今夜,鬼灭之刃 游郭篇,255055584
猪猪咋还脸红了,854.386,1,16777215,2026-04-07 22:46:41,557759249,4,今夜,鬼灭之刃 游郭篇,255055584
不要啊，为什么？,768.533,1,16777215,2026-04-07 22:06:39,557759249,4,今夜,鬼灭之刃 游郭篇,255055584
我要验牌,230.444,1,16777215,2026-04-07 22:04:12,557759249,4,今夜,鬼灭之刃 游郭篇,255055584
华丽,1200.912,1,16777215,2026-04-07 21:27:10,557759249,4,今夜,鬼灭之刃 游郭篇,255055584
我被很痛，所以我很生气,1082.96,1,16777215,2026-04-07 21:23:42,557759249,4,今夜,鬼灭之刃 游郭篇,255055584
每次什么柱都很慢,1258.263,1,16777215,2026-04-07 20:31:58,557759249,4,今夜,鬼灭之刃 游郭篇,255055584
这个真是纸片人,1245.861,1,16777215,2026-04-07 20:30:23,557759249,4,今夜,鬼灭之刃 游郭篇,255055584
我们看遍了世界的罗生门，变得好像陌生人,1123.584,1,16777215,2026-04-07 20:29:01,557759249,4,今夜,鬼灭之刃 游郭篇,255055584
甚至还在最低级的时候 杀过下弦,1100.805,1,16777215,2026-04-07 20:28:16,557759249,4,今夜,鬼灭之刃 游郭篇,255055584
把鲤夏姐姐，四个字铭记在心,833.621,1,16777215,2026-04-07 20:22:29,557759249,4,今夜,鬼灭之刃 游郭篇,255055584
俺也一样,576.501,1,16777215,2026-04-07 20:16:32,557759249,4,今夜,鬼灭之刃 游郭篇,255055584
咩～～～～～～～～～～～～～～～～～～～～～～～～～～～～～～～～,187.915,1,16777215,2026-04-07 19:46:20,557759249,4,今夜,鬼灭之刃 游郭篇,255055584
豆子：？,1100.133,1,16777215,2026-04-07 18:39:00,557759249,4,今夜,鬼灭之刃 游郭篇,255055584
noooooo我的善！,316.22,1,16777215,2026-04-07 18:05:50,557759249,4,今夜,鬼灭之刃 游郭篇,255055584
完了不要,688.758,1,16777215,2026-04-07 18:03:13,557759249,4,今夜,鬼灭之刃 游郭篇,255055584
千万不要来鬼，别刀我,679.098,1,16777215,2026-04-07 18:02:58,557759249,4,今夜,鬼灭之刃 游郭篇,255055584
炭几喽变成豆豆眼了,641.338,1,16777215,2026-04-07 18:02:02,557759249,4,今夜,鬼灭之刃 游郭篇,255055584
总感觉等一下要出事,594.501,1,16777215,2026-04-07 18:00:44,557759249,4,今夜,鬼灭之刃 游郭篇,255055584
俺也一样,578.83,1,16777215,2026-04-07 18:00:04,557759249,4,今夜,鬼灭之刃 游郭篇,255055584
俺也一样,544.07,1,16777215,2026-04-07 17:59:20,557759249,4,今夜,鬼灭之刃 游郭篇,255055584
背阴的房间，那肯定有鬼（那里没有太阳）,938.952,1,16777215,2026-04-07 17:45:27,557759249,4,今夜,鬼灭之刃 游郭篇,255055584
没事的进度条过半了,892.812,1,16777215,2026-04-07 17:44:21,557759249,4,今夜,鬼灭之刃 游郭篇,255055584
这个不是华丽鼠吗？华丽哥养的,839.832,1,16777215,2026-04-07 17:43:22,557759249,4,今夜,鬼灭之刃 游郭篇,255055584
火之神神乐！,1154.069,1,16707842,2026-04-07 16:12:53,557759249,4,今夜,鬼灭之刃 游郭篇,255055584
一秒变异,830.281,1,16777215,2026-04-07 15:40:31,557759249,4,今夜,鬼灭之刃 游郭篇,255055584
鲤——夏——姐——姐——,814.47,1,16777215,2026-04-07 11:57:07,557759249,4,今夜,鬼灭之刃 游郭篇,255055584
妈呀,847.724,1,16777215,2026-04-07 08:09:37,557759249,4,今夜,鬼灭之刃 游郭篇,255055584
最强路人王,376.796,1,16777215,2026-04-07 07:58:50,557759249,4,今夜,鬼灭之刃 游郭篇,255055584
我求了,787.194,1,16777215,2026-04-07 07:33:01,557759249,4,今夜,鬼灭之刃 游郭篇,255055584
鲤————————夏————————姐————————姐————————,851.648,1,16777215,2026-04-07 06:17:59,557759249,4,今夜,鬼灭之刃 游郭篇,255055584
鲤———————————夏—————————————姐———————————姐———————————,994.163,1,16777215,2026-04-06 22:08:13,557759249,4,今夜,鬼灭之刃 游郭篇,255055584
No！！！,783.657,1,16777215,2026-04-06 22:03:58,557759249,4,今夜,鬼灭之刃 游郭篇,255055584
一百四十五个人，快哉快哉,514.109,1,16777215,2026-04-06 20:51:45,557759249,4,今夜,鬼灭之刃 游郭篇,255055584
哒啦哒啦哒啦啦哒啦哒啦哒,180.377,1,16777215,2026-04-06 20:07:54,557759249,4,今夜,鬼灭之刃 游郭篇,255055584
不慕鸳鸯不慕仙，只慕音柱每一天,164.777,1,16777215,2026-04-06 20:07:20,557759249,4,今夜,鬼灭之刃 游郭篇,255055584
哒哒哒哒哒哒哒哒哒哒哒哒哒,208.32,1,16777215,2026-04-06 19:36:51,557759249,4,今夜,鬼灭之刃 游郭篇,255055584
女孩子必吃漂亮饭的心灵,1046.366,1,14811775,2026-04-06 19:28:52,557759249,4,今夜,鬼灭之刃 游郭篇,255055584
好可爱呀萌萌哒,458.475,1,16777215,2026-04-06 19:06:02,557759249,4,今夜,鬼灭之刃 游郭篇,255055584
我的妈,66.387,1,16777215,2026-04-06 19:00:20,557759249,4,今夜,鬼灭之刃 游郭篇,255055584
啊啊啊好美,61.608,1,16777215,2026-04-06 19:00:03,557759249,4,今夜,鬼灭之刃 游郭篇,255055584
绵～,11.176,1,16777215,2026-04-06 18:58:59,557759249,4,今夜,鬼灭之刃 游郭篇,255055584
俺也一样,552.709,1,16777215,2026-04-06 18:33:37,557759249,4,今夜,鬼灭之刃 游郭篇,255055584
水之呼吸四之心，打击之潮.乱,1215.838,1,15138834,2026-04-06 18:20:59,557759249,4,今夜,鬼灭之刃 游郭篇,255055584
鲤———-夏———-姐————-姐,790.655,1,16777215,2026-04-06 18:20:53,557759249,4,今夜,鬼灭之刃 游郭篇,255055584
好温柔啊，感觉要幻视香奈惠了,79.76,1,16777215,2026-04-06 18:10:20,557759249,4,今夜,鬼灭之刃 游郭篇,255055584
"不羡鸳鸯不羡仙,只羡音柱每一天.",178.411,1,8700107,2026-04-06 17:35:06,557759249,4,今夜,鬼灭之刃 游郭篇,255055584
不羡鸳鸯不羡仙，只羡音柱每一天,166.805,1,16777215,2026-04-06 17:34:47,557759249,4,今夜,鬼灭之刃 游郭篇,255055584
我也感觉像刀子！！！,685.984,1,15138834,2026-04-06 16:29:57,557759249,4,今夜,鬼灭之刃 游郭篇,255055584
不要直接说出来呀，我觉得很恐怖,624.821,1,15138834,2026-04-06 16:28:49,557759249,4,今夜,鬼灭之刃 游郭篇,255055584
鲤————————夏————————姐————————姐————————,807.01,1,16777215,2026-04-06 16:18:17,557759249,4,今夜,鬼灭之刃 游郭篇,255055584
鲤                                                                                                  夏,783.278,1,16777215,2026-04-06 16:07:37,557759249,4,今夜,鬼灭之刃 游郭篇,255055584
ギネガエゼ,525.918,1,16777215,2026-04-06 16:00:50,557759249,4,今夜,鬼灭之刃 游郭篇,255055584
“弱”,1022.888,1,16777215,2026-04-06 16:00:31,557759249,4,今夜,鬼灭之刃 游郭篇,255055584
鳄          鱼          老          师            是            抽            象          派,417.098,1,16777215,2026-04-06 15:55:18,557759249,4,今夜,鬼灭之刃 游郭篇,255055584
请问跟我们家香奈乎有啥关系？,411.338,1,16777215,2026-04-06 15:54:39,557759249,4,今夜,鬼灭之刃 游郭篇,255055584
不出意外的话肯定出意外,592.736,1,16777215,2026-04-06 15:53:17,557759249,4,今夜,鬼灭之刃 游郭篇,255055584
生          动          形          象,259.958,1,16777215,2026-04-06 15:51:56,557759249,4,今夜,鬼灭之刃 游郭篇,255055584
[前方高能],758.041,1,16777215,2026-04-06 15:17:42,557759249,4,今夜,鬼灭之刃 游郭篇,255055584
头柱来也,1014.674,1,16777215,2026-04-06 14:52:36,557759249,4,今夜,鬼灭之刃 游郭篇,255055584
太华丽了,851.647,1,16777215,2026-04-06 14:49:33,557759249,4,今夜,鬼灭之刃 游郭篇,255055584
鲤————————夏————————姐————————姐————————,791.721,1,16777215,2026-04-06 14:48:21,557759249,4,今夜,鬼灭之刃 游郭篇,255055584
◣◥◣◥DRANGR◣◥◣◥高能预警◣◥◣◥DRANGR◣◥◣◥◣◥◣◥DRANGR◣◥◣◥超高能预警◣◥◣◥DRANGR◣◥◣◥◣◥◣◥DRANGR◣◥◣◥高能预警◣◥◣◥DRANGR◣◥◣◥,751.672,1,16777215,2026-04-06 14:47:30,557759249,4,今夜,鬼灭之刃 游郭篇,255055584
不！！！！！！！！！！！！！！！！！！！！！！,745.696,1,16777215,2026-04-06 14:47:17,557759249,4,今夜,鬼灭之刃 游郭篇,255055584
保护,738.429,1,16777215,2026-04-06 14:46:59,557759249,4,今夜,鬼灭之刃 游郭篇,255055584
完啦！！！！！！！！！！,702.847,1,16777215,2026-04-06 14:46:14,557759249,4,今夜,鬼灭之刃 游郭篇,255055584
咩～～～～～～～,187.355,1,16777215,2026-04-06 14:38:48,557759249,4,今夜,鬼灭之刃 游郭篇,255055584
咩~~~~~~~~~~~~~~~~~~~~~~~~~~~~~~~~~~~~~~~~~,185.911,1,16777215,2026-04-06 12:21:35,557759249,4,今夜,鬼灭之刃 游郭篇,255055584
不理解 但尊重,647.665,1,16777215,2026-04-06 12:18:27,557759249,4,今夜,鬼灭之刃 游郭篇,255055584
我也喜欢。。姐姐好温柔,573.514,1,16777215,2026-04-06 12:17:20,557759249,4,今夜,鬼灭之刃 游郭篇,255055584
就为了他好温柔,50.435,1,8700107,2026-04-06 12:00:23,557759249,4,今夜,鬼灭之刃 游郭篇,255055584
不用担心，他是主角,1299.734,1,16777215,2026-04-06 11:55:37,557759249,4,今夜,鬼灭之刃 游郭篇,255055584
碳:我可是头柱,1026.85,1,16777215,2026-04-06 11:47:43,557759249,4,今夜,鬼灭之刃 游郭篇,255055584
太华丽了,861.026,1,16777215,2026-04-06 11:43:11,557759249,4,今夜,鬼灭之刃 游郭篇,255055584
啊啊啊啊啊,734.132,1,16777215,2026-04-06 11:39:03,557759249,4,今夜,鬼灭之刃 游郭篇,255055584
[OHHHH],1000.614,1,16777215,2026-04-06 11:02:35,557759249,4,今夜,鬼灭之刃 游郭篇,255055584
你们有谁玩鬼灭之刃游戏吗,1073.124,1,8700107,2026-04-06 10:40:27,557759249,4,今夜,鬼灭之刃 游郭篇,255055584
干啥呢这是,835.468,1,16777215,2026-04-06 10:19:39,557759249,4,今夜,鬼灭之刃 游郭篇,255055584
我求你了，别搞啊,746.465,1,16777215,2026-04-06 10:18:01,557759249,4,今夜,鬼灭之刃 游郭篇,255055584
完了完了完了，别乱说话啊卧槽,684.348,1,16777215,2026-04-06 10:17:00,557759249,4,今夜,鬼灭之刃 游郭篇,255055584
哈哈哈哈哈,859.436,1,16777215,2026-04-06 09:40:55,557759249,4,今夜,鬼灭之刃 游郭篇,255055584
丑你雷霆,1261.195,1,16777215,2026-04-06 09:25:00,557759249,4,今夜,鬼灭之刃 游郭篇,255055584
no！,780.345,1,16777215,2026-04-06 09:17:03,557759249,4,今夜,鬼灭之刃 游郭篇,255055584
我也是,574.602,1,16777215,2026-04-06 09:13:30,557759249,4,今夜,鬼灭之刃 游郭篇,255055584
俺也一样,585.28,1,16777215,2026-04-06 09:12:39,557759249,4,今夜,鬼灭之刃 游郭篇,255055584
咩~~~~咩~~~~,188.387,1,16777215,2026-04-06 09:02:02,557759249,4,今夜,鬼灭之刃 游郭篇,255055584
哒哒哒哒哒哒哒哒哒哒哒哒哒哒哒哒哒哒哒哒哒哒哒哒哒哒哒哒哒,174.146,1,16777215,2026-04-06 09:01:05,557759249,4,今夜,鬼灭之刃 游郭篇,255055584
哒哒哒哒哒哒哒哒哒哒哒哒哒哒哒哒哒哒哒哒哒哒哒哒,111.026,1,16777215,2026-04-06 08:59:49,557759249,4,今夜,鬼灭之刃 游郭篇,255055584
箱子能上个链接吗？,1097.18,1,16777215,2026-04-06 08:16:17,557759249,4,今夜,鬼灭之刃 游郭篇,255055584
她只要吃女的,825.211,1,16777215,2026-04-06 03:54:34,557759249,4,今夜,鬼灭之刃 游郭篇,255055584
如此华丽,850.715,1,16777215,2026-04-06 03:01:14,557759249,4,今夜,鬼灭之刃 游郭篇,255055584
想吃火雷神了,203.985,1,16777215,2026-04-05 23:55:16,557759249,4,今夜,鬼灭之刃 游郭篇,255055584
前三是岩蛇风吧,1030.155,1,16777215,2026-04-05 23:01:29,557759249,4,今夜,鬼灭之刃 游郭篇,255055584
不是，不要啊,763.115,1,16777215,2026-04-05 22:58:05,557759249,4,今夜,鬼灭之刃 游郭篇,255055584
完了,806.58,1,16777215,2026-04-05 22:01:55,557759249,4,今夜,鬼灭之刃 游郭篇,255055584
是鬼吗？,774.185,1,16777215,2026-04-05 22:01:22,557759249,4,今夜,鬼灭之刃 游郭篇,255055584
华丽鼠,851.298,1,16777215,2026-04-05 21:36:19,557759249,4,今夜,鬼灭之刃 游郭篇,255055584
鳄鱼老师，有话好好说。咱把刀放下行不？,711.038,1,16777215,2026-04-05 21:33:48,557759249,4,今夜,鬼灭之刃 游郭篇,255055584
我娶这是人我吃,984.851,1,16777215,2026-04-05 21:32:26,557759249,4,今夜,鬼灭之刃 游郭篇,255055584
好可爱啊啊啊啊啊,6.02,5,16777215,2026-04-05 21:30:43,557759249,4,今夜,鬼灭之刃 游郭篇,255055584
真有人数啊,479.798,1,16777215,2026-04-05 21:29:26,557759249,4,今夜,鬼灭之刃 游郭篇,255055584
想到香奈惠了,50.36,1,16777215,2026-04-05 21:20:58,557759249,4,今夜,鬼灭之刃 游郭篇,255055584
很帅的好吧,1256.048,1,16777215,2026-04-05 21:18:35,557759249,4,今夜,鬼灭之刃 游郭篇,255055584
华丽哥快来啊TwT！！！,1199.758,1,16777215,2026-04-05 21:13:10,557759249,4,今夜,鬼灭之刃 游郭篇,255055584
鲤————————夏————————姐————————姐————————,974.8,1,16777215,2026-04-05 21:05:26,557759249,4,今夜,鬼灭之刃 游郭篇,255055584
起开我才是,581.314,1,16777215,2026-04-05 20:57:41,557759249,4,今夜,鬼灭之刃 游郭篇,255055584
一看到华丽哥拿苦无我就想到了天天送鸣人的水晶苦无,923.62,1,16777215,2026-04-05 20:43:40,557759249,4,今夜,鬼灭之刃 游郭篇,255055584
华丽,1206.398,1,16777215,2026-04-05 20:27:57,557759249,4,今夜,鬼灭之刃 游郭篇,255055584
欧脉噶,1134.895,1,16777215,2026-04-05 20:26:46,557759249,4,今夜,鬼灭之刃 游郭篇,255055584
你们怕什么，她没死,760.197,1,16777215,2026-04-05 20:09:38,557759249,4,今夜,鬼灭之刃 游郭篇,255055584
华丽,1211.533,1,16777215,2026-04-05 20:02:25,557759249,4,今夜,鬼灭之刃 游郭篇,255055584
无惨：别惹他啊喂！！,1037.779,1,16707842,2026-04-05 19:22:39,557759249,4,今夜,鬼灭之刃 游郭篇,255055584
好华丽,853.355,1,16777215,2026-04-05 19:18:38,557759249,4,今夜,鬼灭之刃 游郭篇,255055584
猪猪真的好美啊。,289.006,1,16777215,2026-04-05 19:09:42,557759249,4,今夜,鬼灭之刃 游郭篇,255055584
打了41下,479.686,1,16777215,2026-04-05 18:49:04,557759249,4,今夜,鬼灭之刃 游郭篇,255055584
www我的姐姐,1158.449,1,16777215,2026-04-05 18:37:04,557759249,4,今夜,鬼灭之刃 游郭篇,255055584
姐姐,1158.449,1,16777215,2026-04-05 18:36:52,557759249,4,今夜,鬼灭之刃 游郭篇,255055584
不要阿,1013.36,1,16777215,2026-04-05 18:35:29,557759249,4,今夜,鬼灭之刃 游郭篇,255055584
姐姐,1013.36,1,16777215,2026-04-05 18:35:21,557759249,4,今夜,鬼灭之刃 游郭篇,255055584
太华丽了,836.594,1,16777215,2026-04-05 18:33:14,557759249,4,今夜,鬼灭之刃 游郭篇,255055584
补药啊,821.239,1,16777215,2026-04-05 18:32:42,557759249,4,今夜,鬼灭之刃 游郭篇,255055584
姐--------姐-----,821.239,1,16777215,2026-04-05 18:32:24,557759249,4,今夜,鬼灭之刃 游郭篇,255055584
补药啊姐姐,757.306,1,16777215,2026-04-05 18:30:15,557759249,4,今夜,鬼灭之刃 游郭篇,255055584
哈哈哈哈,637.126,1,16777215,2026-04-05 18:29:14,557759249,4,今夜,鬼灭之刃 游郭篇,255055584
我也一样,580.251,1,16777215,2026-04-05 18:28:08,557759249,4,今夜,鬼灭之刃 游郭篇,255055584
好可爱啊,455.519,1,16777215,2026-04-05 18:26:39,557759249,4,今夜,鬼灭之刃 游郭篇,255055584
好温柔啊,46.931,1,16777215,2026-04-05 18:22:50,557759249,4,今夜,鬼灭之刃 游郭篇,255055584
不会死的，真的,799.722,1,16777215,2026-04-05 18:21:50,557759249,4,今夜,鬼灭之刃 游郭篇,255055584
钢铁冢；完了，又要准备新刀了,1218.775,1,16777215,2026-04-05 18:12:37,557759249,4,今夜,鬼灭之刃 游郭篇,255055584
碳；谢谢夸奖,1150.023,1,16777215,2026-04-05 18:10:01,557759249,4,今夜,鬼灭之刃 游郭篇,255055584
鲤～夏～姐～姐～,1041.843,1,15138834,2026-04-05 18:07:44,557759249,4,今夜,鬼灭之刃 游郭篇,255055584
俺也一样,592.226,1,16777215,2026-04-05 17:57:31,557759249,4,今夜,鬼灭之刃 游郭篇,255055584
炭子也想要发簪，但是她头发太短了，但戴不了,95.745,5,16777215,2026-04-05 17:35:13,557759249,4,今夜,鬼灭之刃 游郭篇,255055584
呜呜，我刚才手机关机了,300.121,1,16777215,2026-04-05 17:15:08,557759249,4,今夜,鬼灭之刃 游郭篇,255055584
不！！！！！！！！！！！！！！！！！！！！！！！！！！！,782.685,1,15138834,2026-04-05 16:25:26,557759249,4,今夜,鬼灭之刃 游郭篇,255055584
真不行了。鲤夏好美。,674.04,1,16777215,2026-04-05 16:23:23,557759249,4,今夜,鬼灭之刃 游郭篇,255055584
补——————药——————啊——————,758.436,1,16777215,2026-04-05 16:07:32,557759249,4,今夜,鬼灭之刃 游郭篇,255055584
听着像初音的声音（Ky致歉,1144.856,5,11890,2026-04-05 16:03:10,557759249,4,今夜,鬼灭之刃 游郭篇,255055584
鲤夏好温柔,591.462,1,16777215,2026-04-05 16:01:44,557759249,4,今夜,鬼灭之刃 游郭篇,255055584
我讨厌你！,1262.359,1,16777215,2026-04-05 15:41:26,557759249,4,今夜,鬼灭之刃 游郭篇,255055584
不要啊！！！！！！！！！！！！！！！！！！！！！！！！！！！！！！！！！！！！！！！！！！！！！！！！！！！！！！！！！！！！！！！！！！！！！！！！！！！！！！！！！！！！！！！！！！！！！！！！！,782.964,1,16777215,2026-04-05 15:34:12,557759249,4,今夜,鬼灭之刃 游郭篇,255055584
不药啊,718.067,1,16777215,2026-04-05 15:32:31,557759249,4,今夜,鬼灭之刃 游郭篇,255055584
咩~,184.184,5,16777215,2026-04-05 15:31:16,557759249,4,今夜,鬼灭之刃 游郭篇,255055584
牙没咯！！！,781.064,1,16777215,2026-04-05 15:05:40,557759249,4,今夜,鬼灭之刃 游郭篇,255055584
华丽的字体,1199.973,1,16777215,2026-04-05 13:58:15,557759249,4,今夜,鬼灭之刃 游郭篇,255055584
鲤夏姐姐～,18.38,1,16777215,2026-04-05 13:54:29,557759249,4,今夜,鬼灭之刃 游郭篇,255055584
俺也一样,558.735,1,16777215,2026-04-05 13:43:48,557759249,4,今夜,鬼灭之刃 游郭篇,255055584
咩～～～～～～～～～～～～～～～～～～～～～～～～～～～咩～～～～～～～～～～～～～～～～～～～～～～～～～～～咩～～～～～～～～～～～～～～～～～～～～～～～～～～～,193.946,5,16777215,2026-04-05 13:30:28,557759249,4,今夜,鬼灭之刃 游郭篇,255055584
补药啊,688.413,1,16777215,2026-04-05 13:20:31,557759249,4,今夜,鬼灭之刃 游郭篇,255055584
不要,776.814,5,16777215,2026-04-05 13:18:51,557759249,4,今夜,鬼灭之刃 游郭篇,255055584
不要啊,754.557,5,16777215,2026-04-05 13:18:26,557759249,4,今夜,鬼灭之刃 游郭篇,255055584
姐姐姐姐姐姐姐姐姐姐姐姐姐,739.132,5,16777215,2026-04-05 13:18:08,557759249,4,今夜,鬼灭之刃 游郭篇,255055584
唉？,636.791,5,16777215,2026-04-05 13:16:28,557759249,4,今夜,鬼灭之刃 游郭篇,255055584
好温柔啊啊啊啊啊啊啊啊啊！,554.666,5,16777215,2026-04-05 13:15:07,557759249,4,今夜,鬼灭之刃 游郭篇,255055584
不———————————————————————————————,788.459,5,16777215,2026-04-05 12:51:54,557759249,4,今夜,鬼灭之刃 游郭篇,255055584
咩～～～～～～～～～～～～～～～～～～～～～～～,190.269,1,16777215,2026-04-05 12:45:18,557759249,4,今夜,鬼灭之刃 游郭篇,255055584
美女与野猪,861.712,1,16777215,2026-04-05 12:38:06,557759249,4,今夜,鬼灭之刃 游郭篇,255055584
ww,734.45,1,16777215,2026-04-05 12:29:50,557759249,4,今夜,鬼灭之刃 游郭篇,255055584
六六六还挺挑食,1154.254,1,16777215,2026-04-05 11:36:55,557759249,4,今夜,鬼灭之刃 游郭篇,255055584
大芭外奋力赶来中,1023.928,1,16777215,2026-04-05 10:52:47,557759249,4,今夜,鬼灭之刃 游郭篇,255055584
祢豆子快来救场,1093.606,1,16777215,2026-04-05 09:16:30,557759249,4,今夜,鬼灭之刃 游郭篇,255055584
咩~~~~~~,190.167,1,16777215,2026-04-05 03:23:11,557759249,4,今夜,鬼灭之刃 游郭篇,255055584
鲤————————夏————————姐————————姐————————鲤————————夏————————姐————————姐————————,804.914,1,15138834,2026-04-05 01:20:26,557759249,4,今夜,鬼灭之刃 游郭篇,255055584
啊姐姐你不要走啊啊啊啊（大叫）,779.46,1,15138834,2026-04-05 01:19:51,557759249,4,今夜,鬼灭之刃 游郭篇,255055584
猪子真可爱,454.243,1,16777215,2026-04-05 00:30:04,557759249,4,今夜,鬼灭之刃 游郭篇,255055584
上弦吊车尾,1052.359,1,16777215,2026-04-04 23:46:48,557759249,4,今夜,鬼灭之刃 游郭篇,255055584
妈妈级别,600.144,5,16777215,2026-04-04 23:17:21,557759249,4,今夜,鬼灭之刃 游郭篇,255055584
门：首先我没招惹任何人,872.527,1,16777215,2026-04-04 22:01:03,557759249,4,今夜,鬼灭之刃 游郭篇,255055584
不不不不不不不不不不不不不不不不不不不不不不不不不不不不不不不不不不不不不不不不,785.549,1,16777215,2026-04-04 21:15:07,557759249,4,今夜,鬼灭之刃 游郭篇,255055584
不————鲤————夏————姐————姐————（超大声）,780.63,1,16777215,2026-04-04 21:14:44,557759249,4,今夜,鬼灭之刃 游郭篇,255055584
华丽,853.234,1,16777215,2026-04-04 20:49:07,557759249,4,今夜,鬼灭之刃 游郭篇,255055584
咩~~~~~~~~~~~~~~~~~~~~~~~~~~~,186.048,1,16777215,2026-04-04 20:42:23,557759249,4,今夜,鬼灭之刃 游郭篇,255055584
666他是不是知道自己有主角光环，这么硬,1294.227,1,15772458,2026-04-04 18:18:07,557759249,4,今夜,鬼灭之刃 游郭篇,255055584
猪猪自带口红,323.07,1,16777215,2026-04-04 18:06:03,557759249,4,今夜,鬼灭之刃 游郭篇,255055584
打了42下！,474.203,1,16777215,2026-04-04 17:42:49,557759249,4,今夜,鬼灭之刃 游郭篇,255055584
咩~~~,199.683,1,16777215,2026-04-04 17:36:31,557759249,4,今夜,鬼灭之刃 游郭篇,255055584
鲤————————夏————————姐————————姐————————,1034.977,1,11890,2026-04-04 16:20:52,557759249,4,今夜,鬼灭之刃 游郭篇,255055584
俺也一样,550.038,1,16777215,2026-04-04 16:14:37,557759249,4,今夜,鬼灭之刃 游郭篇,255055584
对！,583.52,1,16777215,2026-04-04 14:34:23,557759249,4,今夜,鬼灭之刃 游郭篇,255055584
哒哒哒哒哒哒哒哒哒,105.74,1,16777215,2026-04-04 13:47:46,557759249,4,今夜,鬼灭之刃 游郭篇,255055584
鬼的心要被软化了,734.768,1,16777215,2026-04-04 11:41:13,557759249,4,今夜,鬼灭之刃 游郭篇,255055584
灶门炭之郎好可爱,655.32,1,16777215,2026-04-04 11:00:13,557759249,4,今夜,鬼灭之刃 游郭篇,255055584
666无敌了,480.809,1,14811775,2026-04-04 10:56:36,557759249,4,今夜,鬼灭之刃 游郭篇,255055584
|∩|,1036.542,1,16777215,2026-04-04 10:52:20,557759249,4,今夜,鬼灭之刃 游郭篇,255055584
咩～～～～～～～～～～～～～～～,188.211,1,16777215,2026-04-04 10:27:47,557759249,4,今夜,鬼灭之刃 游郭篇,255055584
姐姐！！！,785.024,1,16777215,2026-04-04 09:50:48,557759249,4,今夜,鬼灭之刃 游郭篇,255055584
哒哒哒哒哒哒哒哒哒哒哒哒哒哒哒,175.867,1,16777215,2026-04-04 09:35:37,557759249,4,今夜,鬼灭之刃 游郭篇,255055584
哒哒哒哒哒哒哒哒哒哒哒哒哒哒哒哒哒哒哒哒哒哒哒哒,112.492,1,16777215,2026-04-04 09:34:21,557759249,4,今夜,鬼灭之刃 游郭篇,255055584
老板其实是在保护其他的人，因为其他的人如果后期去查的话，应该也会被弄走,242.049,1,16777215,2026-04-04 09:12:07,557759249,4,今夜,鬼灭之刃 游郭篇,255055584
鲤夏姐姐！！！！！！！！！！！！！！！！！！,1039.822,1,16777215,2026-04-04 08:24:51,557759249,4,今夜,鬼灭之刃 游郭篇,255055584
不要啊，把鲤夏姐姐还我！！！！！！！,778.172,1,16777215,2026-04-04 08:21:20,557759249,4,今夜,鬼灭之刃 游郭篇,255055584
不要啊！！！！！！！！！！,751.85,1,16777215,2026-04-04 08:20:35,557759249,4,今夜,鬼灭之刃 游郭篇,255055584
鲤夏可爱捏,649.191,1,16777215,2026-04-04 08:18:42,557759249,4,今夜,鬼灭之刃 游郭篇,255055584
姐姐!!!!,813.332,1,16777215,2026-04-04 06:02:01,557759249,4,今夜,鬼灭之刃 游郭篇,255055584
好可爱的豆子。,1180.246,1,16777215,2026-04-04 05:29:40,557759249,4,今夜,鬼灭之刃 游郭篇,255055584
老板娘世界观重塑中,876.8,1,16777215,2026-04-04 05:22:47,557759249,4,今夜,鬼灭之刃 游郭篇,255055584
卡哇伊~,461.035,1,16777215,2026-04-04 05:12:29,557759249,4,今夜,鬼灭之刃 游郭篇,255055584
咩---------------------------------------------------------------------------------------------------,186.133,1,16777215,2026-04-04 05:05:01,557759249,4,今夜,鬼灭之刃 游郭篇,255055584
纳尼纳尼~,58.152,1,16777215,2026-04-04 05:03:45,557759249,4,今夜,鬼灭之刃 游郭篇,255055584
炭治郎：快点再快一点啊！,805.8,5,15138834,2026-04-04 02:13:59,557759249,4,今夜,鬼灭之刃 游郭篇,255055584
哒哒哒哒哒哒哒哒哒哒哒哒哒哒哒哒哒哒哒哒嘟嘟,105.274,1,41194,2026-04-04 02:05:06,557759249,4,今夜,鬼灭之刃 游郭篇,255055584
鲤————————夏————————姐————————姐————————,807.94,1,16777215,2026-04-04 00:44:30,557759249,4,今夜,鬼灭之刃 游郭篇,255055584
 咩～～～～～～～～～～～～～～～～～～～～～～～～～～～～～～,188.239,5,16777215,2026-04-03 22:54:08,557759249,4,今夜,鬼灭之刃 游郭篇,255055584
哒哒哒哒哒哒哒哒哒哒哒哒哒哒哒哒哒哒哒哒哒哒哒哒哒哒哒哒哒哒哒哒哒哒哒哒哒哒哒哒哒哒哒哒哒哒,178.581,5,16777215,2026-04-03 22:53:13,557759249,4,今夜,鬼灭之刃 游郭篇,255055584
哒哒哒哒哒哒哒哒哒哒哒哒哒哒哒哒哒哒哒哒哒哒哒哒哒哒哒哒哒哒哒哒哒哒哒哒,129.787,5,16777215,2026-04-03 22:52:16,557759249,4,今夜,鬼灭之刃 游郭篇,255055584
哒哒哒哒哒哒哒哒哒哒哒哒哒哒哒哒哒哒哒哒哒哒哒哒哒哒哒哒哒哒哒哒哒哒哒哒哒哒哒哒哒哒哒哒哒哒哒哒哒哒哒哒哒哒哒哒哒哒哒哒哒哒哒哒哒哒哒哒哒哒哒哒哒哒哒哒哒哒哒哒哒哒哒哒哒哒哒哒哒哒哒哒哒哒哒哒哒哒哒哒,108.135,5,16777215,2026-04-03 22:51:51,557759249,4,今夜,鬼灭之刃 游郭篇,255055584
漂亮姐姐,597.989,1,16777215,2026-04-03 22:15:23,557759249,4,今夜,鬼灭之刃 游郭篇,255055584
uou,355.701,1,16777215,2026-04-03 21:02:03,557759249,4,今夜,鬼灭之刃 游郭篇,255055584
呀！咩！喽！！！！！,787.211,1,16777215,2026-04-03 19:55:00,557759249,4,今夜,鬼灭之刃 游郭篇,255055584
别立flag啊,741.499,5,16777215,2026-04-03 19:10:38,557759249,4,今夜,鬼灭之刃 游郭篇,255055584
补要啊！,782.471,1,16777215,2026-04-03 17:56:07,557759249,4,今夜,鬼灭之刃 游郭篇,255055584
华丽,983.421,1,16777215,2026-04-03 17:15:09,557759249,4,今夜,鬼灭之刃 游郭篇,255055584
欧尼酱,806.766,1,16777215,2026-04-03 17:04:57,557759249,4,今夜,鬼灭之刃 游郭篇,255055584
俺也一样,591.699,1,16777215,2026-04-03 17:02:16,557759249,4,今夜,鬼灭之刃 游郭篇,255055584
猪猪：头痒痒的要长脑子了,436.231,1,16777215,2026-04-03 16:59:58,557759249,4,今夜,鬼灭之刃 游郭篇,255055584
事实已证明这不是AI生成,840.219,1,16777215,2026-04-03 16:51:55,557759249,4,今夜,鬼灭之刃 游郭篇,255055584
不————————————————————————————————————————————,751.907,1,16777215,2026-04-03 16:24:16,557759249,4,今夜,鬼灭之刃 游郭篇,255055584
不要!啊,751.907,1,16777215,2026-04-03 16:23:47,557759249,4,今夜,鬼灭之刃 游郭篇,255055584
咩——————————————————————————————————————————————————————————,184.395,1,16777215,2026-04-03 16:17:07,557759249,4,今夜,鬼灭之刃 游郭篇,255055584
没事 没被吃 被音柱他们救了,782.879,1,16777215,2026-04-03 15:32:23,557759249,4,今夜,鬼灭之刃 游郭篇,255055584
猪猪：能送我一只吗？,1394.909,1,16777215,2026-04-03 15:29:05,557759249,4,今夜,鬼灭之刃 游郭篇,255055584
好看啊，真好看^ω^,1384.169,1,16777215,2026-04-03 15:28:24,557759249,4,今夜,鬼灭之刃 游郭篇,255055584
可以的，毕竟是主角,1290.745,1,16777215,2026-04-03 15:27:33,557759249,4,今夜,鬼灭之刃 游郭篇,255055584
啊！！！！！！！豆子好可爱！！！！！！！！！！！！,1168.385,1,16777215,2026-04-03 15:23:21,557759249,4,今夜,鬼灭之刃 游郭篇,255055584
哈哈哈哈哈哈哈哈哈哈哈哈哈哈哈哈哈哈哈哈哈哈哈哈哈哈哈哈哈哈哈哈哈哈哈哈哈哈哈哈哈哈哈哈哈哈哈,652.117,1,16777215,2026-04-03 15:20:51,557759249,4,今夜,鬼灭之刃 游郭篇,255055584
哈哈哈,647.798,1,16777215,2026-04-03 14:33:22,557759249,4,今夜,鬼灭之刃 游郭篇,255055584
低了,370.817,1,16777215,2026-04-03 14:25:58,557759249,4,今夜,鬼灭之刃 游郭篇,255055584
哒哒哒哒哒哒哒哒哒哒,107.157,1,16777215,2026-04-03 12:16:10,557759249,4,今夜,鬼灭之刃 游郭篇,255055584
哎呀，我要被笑死了,837.774,1,16777215,2026-04-03 12:03:50,557759249,4,今夜,鬼灭之刃 游郭篇,255055584
所以鲤夏姐姐没死,1125.142,1,16777215,2026-04-03 11:49:23,557759249,4,今夜,鬼灭之刃 游郭篇,255055584
好可爱,1172.908,1,16777215,2026-04-03 11:03:02,557759249,4,今夜,鬼灭之刃 游郭篇,255055584
祢豆子:打的就是上弦,326.251,1,16777215,2026-04-03 10:18:40,557759249,4,今夜,鬼灭之刃 游郭篇,255055584
合着就炭治郎的比较温柔呗,185.014,1,16777215,2026-04-03 10:16:18,557759249,4,今夜,鬼灭之刃 游郭篇,255055584
不对吧，你们怎么还是最低，都杀了下弦了,351.588,1,16777215,2026-04-03 09:22:52,557759249,4,今夜,鬼灭之刃 游郭篇,255055584
哒哒哒哒哒哒哒哒哒哒哒哒,172.699,5,16777215,2026-04-03 08:48:35,557759249,4,今夜,鬼灭之刃 游郭篇,255055584
不限鸳鸯不羡仙，只羡音柱每一天,134.931,5,16777215,2026-04-03 08:46:42,557759249,4,今夜,鬼灭之刃 游郭篇,255055584
哒哒哒哒哒哒哒哒哒哒哒哒,106.65,5,13369971,2026-04-03 08:44:27,557759249,4,今夜,鬼灭之刃 游郭篇,255055584
弥豆子,1176.762,1,16777215,2026-04-03 04:35:50,557759249,4,今夜,鬼灭之刃 游郭篇,255055584
豆子酱,1176.762,1,16777215,2026-04-03 04:35:00,557759249,4,今夜,鬼灭之刃 游郭篇,255055584
不。。。哭了,783.843,1,16777215,2026-04-03 00:37:17,557759249,4,今夜,鬼灭之刃 游郭篇,255055584
yo,226.848,1,16777215,2026-04-02 23:02:40,557759249,4,今夜,鬼灭之刃 游郭篇,255055584
yo,195.171,1,16777215,2026-04-02 23:02:08,557759249,4,今夜,鬼灭之刃 游郭篇,255055584
yo,182.001,1,16777215,2026-04-02 23:01:55,557759249,4,今夜,鬼灭之刃 游郭篇,255055584
华丽的耗子吗有点意思,851.232,1,16707842,2026-04-02 22:12:15,557759249,4,今夜,鬼灭之刃 游郭篇,255055584
今夜月之见~,190.681,1,16777215,2026-04-02 21:05:18,557759249,4,今夜,鬼灭之刃 游郭篇,255055584
[ohh],759.662,1,16777215,2026-04-02 20:36:22,557759249,4,今夜,鬼灭之刃 游郭篇,255055584
[ohh],742.729,1,16777215,2026-04-02 20:36:05,557759249,4,今夜,鬼灭之刃 游郭篇,255055584
不要啊，姐姐！,756.893,1,15138834,2026-04-02 19:03:35,557759249,4,今夜,鬼灭之刃 游郭篇,255055584
华丽,1231.591,1,16777215,2026-04-02 18:59:14,557759249,4,今夜,鬼灭之刃 游郭篇,255055584
这就是鲤夏和堕姬的区别吗？,23.78,1,16777215,2026-04-02 18:38:33,557759249,4,今夜,鬼灭之刃 游郭篇,255055584
义勇开心了一回,1186.375,1,16777215,2026-04-02 18:28:27,557759249,4,今夜,鬼灭之刃 游郭篇,255055584
头奖呐,1022.701,1,16777215,2026-04-02 18:07:58,557759249,4,今夜,鬼灭之刃 游郭篇,255055584
我的妈呀。。。。,848.299,1,16777215,2026-04-02 17:13:10,557759249,4,今夜,鬼灭之刃 游郭篇,255055584
还吃漂亮饭,1060.078,1,16777215,2026-04-02 16:54:55,557759249,4,今夜,鬼灭之刃 游郭篇,255055584
鲤夏姐姐,57.288,1,15138834,2026-04-02 11:58:21,557759249,4,今夜,鬼灭之刃 游郭篇,255055584
咩～～～～～～～～～,184.644,1,16777215,2026-04-02 10:42:50,557759249,4,今夜,鬼灭之刃 游郭篇,255055584
有没有华丽一点的字体有的有的,1190.228,1,14811775,2026-04-02 09:29:15,557759249,4,今夜,鬼灭之刃 游郭篇,255055584
[前方高能],745.818,5,11890,2026-04-02 09:11:58,557759249,4,今夜,鬼灭之刃 游郭篇,255055584
[前方高能],745.818,5,11890,2026-04-02 09:11:51,557759249,4,今夜,鬼灭之刃 游郭篇,255055584
[前方高能],745.818,5,11890,2026-04-02 09:11:44,557759249,4,今夜,鬼灭之刃 游郭篇,255055584
[前方高能],741.998,5,11890,2026-04-02 09:11:30,557759249,4,今夜,鬼灭之刃 游郭篇,255055584
补药啊！！！！！！！！,689.046,1,16777215,2026-04-02 08:53:01,557759249,4,今夜,鬼灭之刃 游郭篇,255055584
太华丽了,852.799,1,16777215,2026-04-02 00:09:16,557759249,4,今夜,鬼灭之刃 游郭篇,255055584
炭炭快回来啊啊啊啊啊啊啊啊,775.062,1,16777215,2026-04-02 00:07:56,557759249,4,今夜,鬼灭之刃 游郭篇,255055584
哒哒哒哒哒哒哒哒哒哒哒哒哒哒哒哒哒哒哒哒哒,175.059,5,16777215,2026-04-01 23:28:15,557759249,4,今夜,鬼灭之刃 游郭篇,255055584
“男人”,625.626,1,16777215,2026-04-01 22:00:31,557759249,4,今夜,鬼灭之刃 游郭篇,255055584
尬不尬 鲤夏没死呢,1029.249,1,15138834,2026-04-01 20:00:20,557759249,4,今夜,鬼灭之刃 游郭篇,255055584
她不维持样貌，她单纯挑食，要吃漂亮年轻的,963.792,1,16777215,2026-04-01 19:59:15,557759249,4,今夜,鬼灭之刃 游郭篇,255055584
没死啊,809.942,1,15138834,2026-04-01 19:55:49,557759249,4,今夜,鬼灭之刃 游郭篇,255055584
没死没死 别瞎传,804.14,1,15138834,2026-04-01 19:55:38,557759249,4,今夜,鬼灭之刃 游郭篇,255055584
鲤夏没死 后来被炭救了啊 虽然看上去。。,771.115,1,15138834,2026-04-01 19:54:56,557759249,4,今夜,鬼灭之刃 游郭篇,255055584
炭治郎把鲤夏救了 她没死,711.212,1,16777215,2026-04-01 19:53:23,557759249,4,今夜,鬼灭之刃 游郭篇,255055584
鲤————————夏————————宝————————宝————————,815.358,1,16777215,2026-04-01 19:51:15,557759249,4,今夜,鬼灭之刃 游郭篇,255055584
他也是无辜的,933.0,5,16777215,2026-04-01 19:29:49,557759249,4,今夜,鬼灭之刃 游郭篇,255055584
吓死,915.0,5,16777215,2026-04-01 19:29:32,557759249,4,今夜,鬼灭之刃 游郭篇,255055584
懵逼老板,890.0,5,6830715,2026-04-01 19:29:06,557759249,4,今夜,鬼灭之刃 游郭篇,255055584
像在打鼓哈,464.0,5,6830715,2026-04-01 19:27:33,557759249,4,今夜,鬼灭之刃 游郭篇,255055584
准备行动,438.0,5,6830715,2026-04-01 19:27:07,557759249,4,今夜,鬼灭之刃 游郭篇,255055584
突然会思考了,418.0,5,6830715,2026-04-01 19:26:47,557759249,4,今夜,鬼灭之刃 游郭篇,255055584
666智能手表,406.0,5,6830715,2026-04-01 19:26:36,557759249,4,今夜,鬼灭之刃 游郭篇,255055584
老板已经猜到了,250.0,5,15138834,2026-04-01 19:23:59,557759249,4,今夜,鬼灭之刃 游郭篇,255055584
他不敢跟他们讲,241.0,5,15138834,2026-04-01 19:23:50,557759249,4,今夜,鬼灭之刃 游郭篇,255055584
老板其实知道,230.0,5,15138834,2026-04-01 19:23:39,557759249,4,今夜,鬼灭之刃 游郭篇,255055584
咩咩咩咩咩咩咩咩咩咩咩咩咩咩咩咩咩咩～～～～～～～～～～～～,186.422,1,16777215,2026-04-01 18:11:12,557759249,4,今夜,鬼灭之刃 游郭篇,255055584
字体非常的华丽,1183.185,1,16777215,2026-04-01 17:06:43,557759249,4,今夜,鬼灭之刃 游郭篇,255055584
这里好3d,796.845,1,16777215,2026-04-01 16:59:35,557759249,4,今夜,鬼灭之刃 游郭篇,255055584
箱子质量可真好！,1102.4,1,16777215,2026-04-01 12:00:17,557759249,4,今夜,鬼灭之刃 游郭篇,255055584
不要让他一个人面对12鬼月呀,1219.472,1,16777215,2026-04-01 11:54:44,557759249,4,今夜,鬼灭之刃 游郭篇,255055584
可爱的宝贝,1178.414,1,16777215,2026-04-01 09:41:20,557759249,4,今夜,鬼灭之刃 游郭篇,255055584
哒哒哒哒哒哒哒哒哒哒哒哒哒哒哒哒哒哒哒哒哒,108.062,1,16777215,2026-04-01 09:30:01,557759249,4,今夜,鬼灭之刃 游郭篇,255055584
你还挺讲究的,1044.68,1,16777215,2026-04-01 01:19:13,557759249,4,今夜,鬼灭之刃 游郭篇,255055584
便宜没好货,884.079,1,16777215,2026-04-01 00:14:35,557759249,4,今夜,鬼灭之刃 游郭篇,255055584
？以后是不是会出现更逆天的？,848.194,1,16777215,2026-03-31 21:53:28,557759249,4,今夜,鬼灭之刃 游郭篇,255055584
是我卡了吗？怎么没有弹幕？,492.874,1,16777215,2026-03-31 21:47:03,557759249,4,今夜,鬼灭之刃 游郭篇,255055584
音柱同学,28.447,1,16777215,2026-03-31 19:55:00,557759249,4,今夜,鬼灭之刃 游郭篇,255055584
恭喜您抽中了比柱还难杀的主角！,1027.332,1,16777215,2026-03-31 19:39:23,557759249,4,今夜,鬼灭之刃 游郭篇,255055584
NO!!!!!!!!!!!!!!!!!!!!!!!!!!!!!!!!!!!!!!!!!!!!!!!!!!!!!!!!!!!!!!!!!!!!!!!!!!!!!!!!!!!!!!!!!!,768.561,1,16777215,2026-03-31 18:05:49,557759249,4,今夜,鬼灭之刃 游郭篇,255055584
qwq,663.496,1,13369971,2026-03-31 15:35:10,557759249,4,今夜,鬼灭之刃 游郭篇,255055584
社死,656.854,1,16777215,2026-03-31 01:21:03,557759249,4,今夜,鬼灭之刃 游郭篇,255055584
华丽!,1199.136,1,16777215,2026-03-30 21:49:44,557759249,4,今夜,鬼灭之刃 游郭篇,255055584
豪萌的猪猪！,467.819,1,16777215,2026-03-30 16:34:32,557759249,4,今夜,鬼灭之刃 游郭篇,255055584
咩～,188.779,1,16777215,2026-03-30 16:31:28,557759249,4,今夜,鬼灭之刃 游郭篇,255055584
fiag?,732.761,1,16777215,2026-03-30 13:06:56,557759249,4,今夜,鬼灭之刃 游郭篇,255055584
这个鬼为什么要吃掉花魁，是因为她们很漂亮吗，鬼需要吃掉漂亮的人维持样貌？,949.526,1,16777215,2026-03-30 11:59:43,557759249,4,今夜,鬼灭之刃 游郭篇,255055584
=ᗜωᗜ=,992.078,5,38979,2026-03-30 10:30:16,557759249,4,今夜,鬼灭之刃 游郭篇,255055584
可爱~,456.49,1,16777215,2026-03-30 10:25:16,557759249,4,今夜,鬼灭之刃 游郭篇,255055584
俺也一样,550.789,1,16777215,2026-03-30 04:42:45,557759249,4,今夜,鬼灭之刃 游郭篇,255055584
哒哒哒哒～哒哒哒哒～哒哒哒哒～哒哒哒哒～～～,106.176,1,16777215,2026-03-30 00:50:00,557759249,4,今夜,鬼灭之刃 游郭篇,255055584
你媳妇都不管了,241.089,1,16777215,2026-03-29 23:52:46,557759249,4,今夜,鬼灭之刃 游郭篇,255055584
华丽鼠,851.239,1,16777215,2026-03-29 22:00:29,557759249,4,今夜,鬼灭之刃 游郭篇,255055584
ジウとしぼぃ！！！,553.471,5,16777215,2026-03-29 21:30:22,557759249,4,今夜,鬼灭之刃 游郭篇,255055584
咩~~~~~~~~~~~~~~~~~~~~~~~~~~~~~~~~~~~,186.261,1,16777215,2026-03-29 20:51:22,557759249,4,今夜,鬼灭之刃 游郭篇,255055584
鲤————————夏————————姐————————姐————————,812.622,1,16777215,2026-03-29 20:23:47,557759249,4,今夜,鬼灭之刃 游郭篇,255055584
鲤——夏——姐——姐！,785.856,1,14811775,2026-03-29 20:21:37,557759249,4,今夜,鬼灭之刃 游郭篇,255055584
俺也一样,555.151,1,16777215,2026-03-29 20:19:36,557759249,4,今夜,鬼灭之刃 游郭篇,255055584
太可爱了,462.457,1,16777215,2026-03-29 20:18:02,557759249,4,今夜,鬼灭之刃 游郭篇,255055584
咩～～～～～～～～～～～～～～～～～～～～～～～～～～～～～～～～,194.947,1,16777215,2026-03-29 20:13:27,557759249,4,今夜,鬼灭之刃 游郭篇,255055584
不羡鸳鸯不羡仙，只羡音柱每一天,150.971,1,16777215,2026-03-29 20:12:53,557759249,4,今夜,鬼灭之刃 游郭篇,255055584
为什么要突然来个刀字？,817.285,1,16777215,2026-03-29 20:12:10,557759249,4,今夜,鬼灭之刃 游郭篇,255055584
鳄鱼老师别让我看见你,811.075,1,16777215,2026-03-29 20:11:53,557759249,4,今夜,鬼灭之刃 游郭篇,255055584
咩～～～～～～～～～～～～～～～～～～～,187.242,1,16777215,2026-03-29 18:39:21,557759249,4,今夜,鬼灭之刃 游郭篇,255055584
华丽！,1198.471,1,16777215,2026-03-29 16:09:37,557759249,4,今夜,鬼灭之刃 游郭篇,255055584
鲤————————夏————————姐——————姐——————————,1102.438,1,16777215,2026-03-29 16:07:41,557759249,4,今夜,鬼灭之刃 游郭篇,255055584
鲤————————夏————————姐——————姐——————————,824.025,1,16777215,2026-03-29 15:51:13,557759249,4,今夜,鬼灭之刃 游郭篇,255055584
姐姐不要啊,776.54,1,16777215,2026-03-29 15:34:39,557759249,4,今夜,鬼灭之刃 游郭篇,255055584
好温柔啊,748.127,1,16777215,2026-03-29 15:34:07,557759249,4,今夜,鬼灭之刃 游郭篇,255055584
两个人都好温柔啊啊,735.572,1,16777215,2026-03-29 15:33:48,557759249,4,今夜,鬼灭之刃 游郭篇,255055584
谁能告诉我，上贤之陆的路是哪个数字？,1280.504,1,16777215,2026-03-29 14:46:33,557759249,4,今夜,鬼灭之刃 游郭篇,255055584
猪猪越来越聪明了哈,501.616,1,16777215,2026-03-29 14:15:46,557759249,4,今夜,鬼灭之刃 游郭篇,255055584
补————药————啊————————,787.017,1,16777215,2026-03-29 13:55:36,557759249,4,今夜,鬼灭之刃 游郭篇,255055584
好可爱,646.406,1,16777215,2026-03-29 13:52:09,557759249,4,今夜,鬼灭之刃 游郭篇,255055584
啦啦啦,608.396,1,16777215,2026-03-29 13:51:14,557759249,4,今夜,鬼灭之刃 游郭篇,255055584
————————————————————————————————————————————————————————————————————————————————————————————————————,530.357,1,16777215,2026-03-29 13:49:39,557759249,4,今夜,鬼灭之刃 游郭篇,255055584
————————————————————————————————————————————————————————————————————————————————————————————————————,517.201,1,16777215,2026-03-29 13:49:20,557759249,4,今夜,鬼灭之刃 游郭篇,255055584
——————————————————————————————————————————————————————————————————————,503.95,1,16777215,2026-03-29 13:49:04,557759249,4,今夜,鬼灭之刃 游郭篇,255055584
俺也一样,583.568,1,16777215,2026-03-29 13:26:54,557759249,4,今夜,鬼灭之刃 游郭篇,255055584
WOW,268.175,1,16777215,2026-03-29 11:07:48,557759249,4,今夜,鬼灭之刃 游郭篇,255055584
哈哈哈哈哈哈哈哈哈哈,445.661,1,16777215,2026-03-29 11:02:15,557759249,4,今夜,鬼灭之刃 游郭篇,255055584
我的妈呀这么高级,858.645,1,16777215,2026-03-29 10:07:30,557759249,4,今夜,鬼灭之刃 游郭篇,255055584
字体好评,1188.506,1,16777215,2026-03-29 10:03:55,557759249,4,今夜,鬼灭之刃 游郭篇,255055584
豆子好萌,1182.052,1,16777215,2026-03-29 10:03:44,557759249,4,今夜,鬼灭之刃 游郭篇,255055584
不要啊。,768.669,1,16777215,2026-03-29 09:52:18,557759249,4,今夜,鬼灭之刃 游郭篇,255055584
[前方高能],753.259,1,16777215,2026-03-29 09:51:12,557759249,4,今夜,鬼灭之刃 游郭篇,255055584
鲤——夏——姐——姐！！,790.962,1,16777215,2026-03-29 09:42:23,557759249,4,今夜,鬼灭之刃 游郭篇,255055584
咩～～～～～～～～～～～～～～～～～～～～～～～～～,187.209,1,16777215,2026-03-29 09:42:03,557759249,4,今夜,鬼灭之刃 游郭篇,255055584
坚果酱！！！！！！！！！,7.917,5,16707842,2026-03-28 23:47:21,557759249,4,今夜,鬼灭之刃 游郭篇,255055584
好萌啊！！！！！！！！！,70.649,1,16777215,2026-03-28 22:13:50,557759249,4,今夜,鬼灭之刃 游郭篇,255055584
我们家炭炭最帅了！！！！！！,1259.306,1,16777215,2026-03-28 22:13:23,557759249,4,今夜,鬼灭之刃 游郭篇,255055584
鬼灭里为什么每个人跑步的时候都是手在身体后,972.79,1,16777215,2026-03-28 22:10:21,557759249,4,今夜,鬼灭之刃 游郭篇,255055584
鲤———夏———姐———姐———,826.818,1,16777215,2026-03-28 22:07:27,557759249,4,今夜,鬼灭之刃 游郭篇,255055584
你刚吃完又吃了你真是个贪吃鬼。等等，你就是鬼呀。,781.333,1,16777215,2026-03-28 21:59:23,557759249,4,今夜,鬼灭之刃 游郭篇,255055584
你被这个鬼欺骗了。,191.113,1,16777215,2026-03-28 21:48:57,557759249,4,今夜,鬼灭之刃 游郭篇,255055584
华丽,904.021,1,16777215,2026-03-28 21:37:44,557759249,4,今夜,鬼灭之刃 游郭篇,255055584
？挺会的，迪士尼公主？,838.399,1,16777215,2026-03-28 21:36:34,557759249,4,今夜,鬼灭之刃 游郭篇,255055584
亚美喽，亚美喽！,772.863,1,16777215,2026-03-28 21:35:49,557759249,4,今夜,鬼灭之刃 游郭篇,255055584
保护,732.33,1,16777215,2026-03-28 21:35:15,557759249,4,今夜,鬼灭之刃 游郭篇,255055584
猪猪真好看！,539.796,1,16777215,2026-03-28 21:32:54,557759249,4,今夜,鬼灭之刃 游郭篇,255055584
俺也一样,592.92,1,16777215,2026-03-28 20:03:08,557759249,4,今夜,鬼灭之刃 游郭篇,255055584
每个柱都是嘴硬心软,345.97,5,16707842,2026-03-28 19:12:31,557759249,4,今夜,鬼灭之刃 游郭篇,255055584
别搞我呀！善善！！,305.41,5,16707842,2026-03-28 19:11:42,557759249,4,今夜,鬼灭之刃 游郭篇,255055584
炭炭这边还一片祥和，善善那边已经快开打了,185.55,5,16707842,2026-03-28 19:09:08,557759249,4,今夜,鬼灭之刃 游郭篇,255055584
.                                .,203.958,1,16777215,2026-03-28 18:51:12,557759249,4,今夜,鬼灭之刃 游郭篇,255055584
哈哈哈,871.691,1,16777215,2026-03-28 17:15:20,557759249,4,今夜,鬼灭之刃 游郭篇,255055584
哈哈啊哈,851.095,1,16777215,2026-03-28 17:14:16,557759249,4,今夜,鬼灭之刃 游郭篇,255055584
放心吧善意活到了最后。,320.781,1,16777215,2026-03-28 16:44:34,557759249,4,今夜,鬼灭之刃 游郭篇,255055584
苦无可是获胜的关键。,895.218,1,11890,2026-03-28 16:40:25,557759249,4,今夜,鬼灭之刃 游郭篇,255055584
鳄鱼你晚上别睡得太死,815.024,1,16777215,2026-03-28 12:40:13,557759249,4,今夜,鬼灭之刃 游郭篇,255055584
不！！——要！！——啊！！——！！——鲤！！——夏！！——姐！！——姐！！——！！！,803.675,1,16777215,2026-03-28 12:18:49,557759249,4,今夜,鬼灭之刃 游郭篇,255055584
不！！——要！！——啊！！——！！——鲤！！——夏！！——姐！！——姐！！——！！！,800.773,1,16777215,2026-03-28 12:18:39,557759249,4,今夜,鬼灭之刃 游郭篇,255055584
不！！——要！！——啊！！——！！——鲤！！——夏！！——姐！！——姐！！——！！！,789.766,1,16777215,2026-03-28 12:18:23,557759249,4,今夜,鬼灭之刃 游郭篇,255055584
鲤夏姐姐！555,1034.708,1,16777215,2026-03-28 11:04:47,557759249,4,今夜,鬼灭之刃 游郭篇,255055584
鲤————————夏————————姐————————姐————————,998.625,1,16777215,2026-03-28 11:03:21,557759249,4,今夜,鬼灭之刃 游郭篇,255055584
哈哈哈哈,1410.823,1,16777215,2026-03-28 10:37:27,557759249,4,今夜,鬼灭之刃 游郭篇,255055584
这有个细节不对呀，这晚上为啥一个人都没有？,1205.831,1,16777215,2026-03-28 09:56:08,557759249,4,今夜,鬼灭之刃 游郭篇,255055584
上玄六,1232.002,1,16777215,2026-03-28 08:59:00,557759249,4,今夜,鬼灭之刃 游郭篇,255055584
这是主角吃不到,1147.447,1,16777215,2026-03-28 08:49:19,557759249,4,今夜,鬼灭之刃 游郭篇,255055584
华丽的鼠,849.471,1,16777215,2026-03-27 23:24:10,557759249,4,今夜,鬼灭之刃 游郭篇,255055584
不-------------------------------------------------------,1259.627,1,16777215,2026-03-27 20:54:06,557759249,4,今夜,鬼灭之刃 游郭篇,255055584
你看炭炭他妹啊,1256.032,1,16777215,2026-03-27 20:40:50,557759249,4,今夜,鬼灭之刃 游郭篇,255055584
华丽,852.998,1,16777215,2026-03-27 20:29:19,557759249,4,今夜,鬼灭之刃 游郭篇,255055584
鳄鱼等掉,777.027,1,16777215,2026-03-27 20:27:41,557759249,4,今夜,鬼灭之刃 游郭篇,255055584
[前方高能],754.333,1,16777215,2026-03-27 20:26:35,557759249,4,今夜,鬼灭之刃 游郭篇,255055584
俺 也 一 样 ！,576.415,1,16777215,2026-03-27 20:22:38,557759249,4,今夜,鬼灭之刃 游郭篇,255055584
咩~~~,189.828,1,16777215,2026-03-27 20:13:37,557759249,4,今夜,鬼灭之刃 游郭篇,255055584
福尔摩猪,525.788,1,16777215,2026-03-27 19:31:26,557759249,4,今夜,鬼灭之刃 游郭篇,255055584
可爱,447.979,1,16777215,2026-03-27 18:37:34,557759249,4,今夜,鬼灭之刃 游郭篇,255055584
不羡鸳鸯不羡仙，只羡音柱每一天,180.751,1,16777215,2026-03-27 18:04:56,557759249,4,今夜,鬼灭之刃 游郭篇,255055584
你这个堕姬！,773.898,1,16777215,2026-03-27 14:31:40,557759249,4,今夜,鬼灭之刃 游郭篇,255055584
不是，音柱，这么大声音的打斗你不知道吗？,1262.508,1,16777215,2026-03-27 00:08:18,557759249,4,今夜,鬼灭之刃 游郭篇,255055584
两个都好温柔啊呜呜呜 我哭了,725.858,1,16777215,2026-03-26 20:28:07,557759249,4,今夜,鬼灭之刃 游郭篇,255055584
猪猪好好看,393.292,1,16777215,2026-03-26 20:12:58,557759249,4,今夜,鬼灭之刃 游郭篇,255055584
这个疤痕在一大部分人眼里是个相当大的扣分项,1261.548,5,15772458,2026-03-26 19:09:40,557759249,4,今夜,鬼灭之刃 游郭篇,255055584
666还有替身术,343.421,5,15772458,2026-03-26 18:53:30,557759249,4,今夜,鬼灭之刃 游郭篇,255055584
打击,1215.123,1,16777215,2026-03-26 18:19:00,557759249,4,今夜,鬼灭之刃 游郭篇,255055584
放心吧，后面鲤夏被救了的,787.266,1,16777215,2026-03-26 15:08:47,557759249,4,今夜,鬼灭之刃 游郭篇,255055584
可爱呢,839.646,1,16777215,2026-03-26 09:17:40,557759249,4,今夜,鬼灭之刃 游郭篇,255055584
可爱,648.157,1,16777215,2026-03-26 07:36:12,557759249,4,今夜,鬼灭之刃 游郭篇,255055584
月下三兄贵,1407.36,1,16777215,2026-03-25 23:40:46,557759249,4,今夜,鬼灭之刃 游郭篇,255055584
monkey，monkey，monkey！monkey！,861.362,5,16777215,2026-03-25 22:41:52,557759249,4,今夜,鬼灭之刃 游郭篇,255055584
俺也一样,585.916,1,16777215,2026-03-25 22:36:40,557759249,4,今夜,鬼灭之刃 游郭篇,255055584
俺也一样,582.76,1,16777215,2026-03-25 22:36:25,557759249,4,今夜,鬼灭之刃 游郭篇,255055584
发生啥事了？,1073.709,1,16777215,2026-03-25 20:51:09,557759249,4,今夜,鬼灭之刃 游郭篇,255055584
鲤————————夏————————姐——————姐——————————!!,998.986,1,16777215,2026-03-25 20:50:28,557759249,4,今夜,鬼灭之刃 游郭篇,255055584
鲤————————夏————————姐——————姐——————————!!,821.375,1,15138834,2026-03-25 20:48:28,557759249,4,今夜,鬼灭之刃 游郭篇,255055584
豆豆眼好萌！！！！！！！！！！！！,636.268,1,15138834,2026-03-25 20:46:51,557759249,4,今夜,鬼灭之刃 游郭篇,255055584
滴答滴答滴答滴答滴答滴答哒哒哒哒哒哒哒哒哒哒哒哒哒哒哒哒哒哒哒哒哒哒哒哒哒哒哒哒哒哒哒哒哒哒哒哒哒哒哒哒哒哒哒哒哒,109.648,1,16777215,2026-03-25 20:26:24,557759249,4,今夜,鬼灭之刃 游郭篇,255055584
跑啊，为啥非要打啊,1272.177,1,16777215,2026-03-25 13:22:02,557759249,4,今夜,鬼灭之刃 游郭篇,255055584
第一季炭炭也是这么跟猪猪说的啊……,528.997,1,16777215,2026-03-25 00:00:44,557759249,4,今夜,鬼灭之刃 游郭篇,255055584
啊啊啊啊啊啊啊啊！,759.27,1,16777215,2026-03-24 23:31:08,557759249,4,今夜,鬼灭之刃 游郭篇,255055584
动作指导：严世蕃,224.893,1,16777215,2026-03-24 22:42:01,557759249,4,今夜,鬼灭之刃 游郭篇,255055584
卡吞！扣苦咩苦口！,1138.496,1,16777215,2026-03-24 22:11:24,557759249,4,今夜,鬼灭之刃 游郭篇,255055584
喵喵喵,924.054,1,16777215,2026-03-24 21:57:55,557759249,4,今夜,鬼灭之刃 游郭篇,255055584
打击乐器,461.422,1,16777215,2026-03-24 21:53:24,557759249,4,今夜,鬼灭之刃 游郭篇,255055584
哒哒哒哒哒哒哒哒哒哒哒哒哒哒哒哒哒哒哒哒哒哒哒哒哒哒哒哒哒哒哒哒哒,116.302,1,16777215,2026-03-24 20:25:05,557759249,4,今夜,鬼灭之刃 游郭篇,255055584
我娶的！,704.405,1,16777215,2026-03-24 20:23:28,557759249,4,今夜,鬼灭之刃 游郭篇,255055584
我也是!,570.773,1,16777215,2026-03-24 20:21:42,557759249,4,今夜,鬼灭之刃 游郭篇,255055584
好高级唉,394.39,1,16777215,2026-03-24 20:19:56,557759249,4,今夜,鬼灭之刃 游郭篇,255055584
咩~~~~~~,186.858,1,16777215,2026-03-24 20:17:16,557759249,4,今夜,鬼灭之刃 游郭篇,255055584
声音好好听啊,419.394,1,16777215,2026-03-24 20:16:08,557759249,4,今夜,鬼灭之刃 游郭篇,255055584
屋顶吃到细康了了,312.989,1,15138834,2026-03-24 19:54:19,557759249,4,今夜,鬼灭之刃 游郭篇,255055584
不敢说,226.141,1,15138834,2026-03-24 19:52:37,557759249,4,今夜,鬼灭之刃 游郭篇,255055584
怪可爱的呢,431.905,1,16777215,2026-03-24 19:46:44,557759249,4,今夜,鬼灭之刃 游郭篇,255055584
哇，猪猪这样好可爱！,255.308,1,16777215,2026-03-24 19:41:49,557759249,4,今夜,鬼灭之刃 游郭篇,255055584
鳞泷牌箱子,1102.455,1,16777215,2026-03-24 18:57:42,557759249,4,今夜,鬼灭之刃 游郭篇,255055584
猪猪要不说炭子将永远不会想起这个设定,420.369,1,16777215,2026-03-24 18:52:31,557759249,4,今夜,鬼灭之刃 游郭篇,255055584
我的天字體太華麗了,1202.317,1,15138834,2026-03-24 16:40:10,557759249,4,今夜,鬼灭之刃 游郭篇,255055584
咩~~~~,191.206,1,15138834,2026-03-24 16:22:34,557759249,4,今夜,鬼灭之刃 游郭篇,255055584
炭被队友演了,1271.14,1,16777215,2026-03-24 12:47:03,557759249,4,今夜,鬼灭之刃 游郭篇,255055584
炭！,1075.002,1,16777215,2026-03-24 12:12:25,557759249,4,今夜,鬼灭之刃 游郭篇,255055584
no！！！！！！！,780.637,1,16777215,2026-03-23 23:12:43,557759249,4,今夜,鬼灭之刃 游郭篇,255055584
感觉在路人里面越善良越会出事,715.052,1,16777215,2026-03-23 22:56:20,557759249,4,今夜,鬼灭之刃 游郭篇,255055584
这边有一个都被抓走了，其他人连面都没见到,277.303,1,16777215,2026-03-23 22:51:11,557759249,4,今夜,鬼灭之刃 游郭篇,255055584
不要剧透啊……,714.692,1,16777215,2026-03-23 22:07:49,557759249,4,今夜,鬼灭之刃 游郭篇,255055584
咩~~~~~~~~,189.06,1,16777215,2026-03-23 21:58:48,557759249,4,今夜,鬼灭之刃 游郭篇,255055584
没关系，只打高端局,325.638,1,16777215,2026-03-23 19:20:18,557759249,4,今夜,鬼灭之刃 游郭篇,255055584
咩～～～～～～～～～～～～～～～～～～～～～～～～～～～～～～～～～～～～～～～～～～～～～～～～～～,189.005,1,16777215,2026-03-23 18:49:06,557759249,4,今夜,鬼灭之刃 游郭篇,255055584
不要啊,754.875,5,16777215,2026-03-23 17:56:12,557759249,4,今夜,鬼灭之刃 游郭篇,255055584
妈妈,1254.893,1,16777215,2026-03-23 17:48:49,557759249,4,今夜,鬼灭之刃 游郭篇,255055584
我将关掉弹幕看,1202.816,1,16777215,2026-03-23 14:03:58,557759249,4,今夜,鬼灭之刃 游郭篇,255055584
主角光环,1013.586,1,16777215,2026-03-23 07:25:18,557759249,4,今夜,鬼灭之刃 游郭篇,255055584
猪脑容量变大了,438.374,1,16777215,2026-03-23 00:34:25,557759249,4,今夜,鬼灭之刃 游郭篇,255055584
刚刚那样有点像星之卡比,473.019,1,16777215,2026-03-22 23:44:18,557759249,4,今夜,鬼灭之刃 游郭篇,255055584
无一朗无一朗！无一郎，无一郎,16.109,1,16777215,2026-03-22 23:39:50,557759249,4,今夜,鬼灭之刃 游郭篇,255055584
咩～～～～～～～～～～～～～～～～～～～～～～～～～～～～～～～～～～～～～～～～～～～～～～～～～～～～～～～～～～～～～～～～～～～～～～～～～～～～～～～～～～～～～～～～～～～～～～～～～,185.383,1,16777215,2026-03-22 22:29:42,557759249,4,今夜,鬼灭之刃 游郭篇,255055584
哒哒哒哒哒哒哒哒哒哒哒哒哒哒哒哒哒哒哒哒哒哒哒哒哒哒哒哒哒哒哒哒哒哒哒哒哒哒哒哒哒哒哒哒哒哒哒哒,176.98,1,16777215,2026-03-22 22:29:02,557759249,4,今夜,鬼灭之刃 游郭篇,255055584
鲤夏姐姐,793.301,1,16777215,2026-03-22 21:02:46,557759249,4,今夜,鬼灭之刃 游郭篇,255055584
谁家花回姐姐这么温柔呀？噢，原来是我们的鲤夏呀,49.763,1,16777215,2026-03-22 20:55:35,557759249,4,今夜,鬼灭之刃 游郭篇,255055584
你有主角光环,1293.56,5,16777215,2026-03-22 20:21:13,557759249,4,今夜,鬼灭之刃 游郭篇,255055584
所以到底是丑还是美,1262.048,5,16777215,2026-03-22 20:20:23,557759249,4,今夜,鬼灭之刃 游郭篇,255055584
温馨提示：进度条过半，而且是一大半,1211.199,5,16777215,2026-03-22 20:19:26,557759249,4,今夜,鬼灭之刃 游郭篇,255055584
我嘞了个豆,862.102,1,16777215,2026-03-22 20:14:27,557759249,4,今夜,鬼灭之刃 游郭篇,255055584
我靠,840.499,1,16777215,2026-03-22 20:14:02,557759249,4,今夜,鬼灭之刃 游郭篇,255055584
哈哈哈哈哈哈我靠，咋这么好笑,634.387,1,16777215,2026-03-22 20:09:49,557759249,4,今夜,鬼灭之刃 游郭篇,255055584
哈哈哈哈哈笑富了,544.548,1,16777215,2026-03-22 20:03:36,557759249,4,今夜,鬼灭之刃 游郭篇,255055584
咩～,188.501,1,16777215,2026-03-22 20:02:47,557759249,4,今夜,鬼灭之刃 游郭篇,255055584
华丽,1217.43,1,16777215,2026-03-22 19:05:30,557759249,4,今夜,鬼灭之刃 游郭篇,255055584
\=】,487.786,1,16777215,2026-03-22 19:03:16,557759249,4,今夜,鬼灭之刃 游郭篇,255055584
不！,811.064,1,15138834,2026-03-22 18:45:37,557759249,4,今夜,鬼灭之刃 游郭篇,255055584
鲤夏的那句话好像前任花柱,48.741,1,16777215,2026-03-22 18:45:12,557759249,4,今夜,鬼灭之刃 游郭篇,255055584
鲤夏！,804.353,1,14811775,2026-03-22 18:36:12,557759249,4,今夜,鬼灭之刃 游郭篇,255055584
鲤姐姐最后活下来嫁给了对她很好的大户人家哦,690.781,1,16777215,2026-03-22 18:30:32,557759249,4,今夜,鬼灭之刃 游郭篇,255055584
华丽鼠,852.155,1,16777215,2026-03-22 17:25:03,557759249,4,今夜,鬼灭之刃 游郭篇,255055584
哈哈哈,270.983,1,16777215,2026-03-22 17:19:42,557759249,4,今夜,鬼灭之刃 游郭篇,255055584
好美,64.957,1,16777215,2026-03-22 17:18:22,557759249,4,今夜,鬼灭之刃 游郭篇,255055584
好温柔呀～,59.735,1,16777215,2026-03-22 17:18:08,557759249,4,今夜,鬼灭之刃 游郭篇,255055584
华丽的字体,1210.192,1,16777215,2026-03-22 15:28:04,557759249,4,今夜,鬼灭之刃 游郭篇,255055584
华丽的字体,1201.359,1,16777215,2026-03-22 15:27:22,557759249,4,今夜,鬼灭之刃 游郭篇,255055584
没有眉毛好像鬼啊,36.204,1,16777215,2026-03-22 15:03:41,557759249,4,今夜,鬼灭之刃 游郭篇,255055584
要好好的呀,789.014,1,16777215,2026-03-22 15:02:29,557759249,4,今夜,鬼灭之刃 游郭篇,255055584
俺也一样,558.737,1,16777215,2026-03-22 13:30:00,557759249,4,今夜,鬼灭之刃 游郭篇,255055584
华丽！！！！！！！,1186.598,1,16777215,2026-03-22 13:27:15,557759249,4,今夜,鬼灭之刃 游郭篇,255055584
咩~~~~~,191.293,1,16777215,2026-03-22 12:53:15,557759249,4,今夜,鬼灭之刃 游郭篇,255055584
我要箱子的链接,1104.41,1,16777215,2026-03-22 12:35:20,557759249,4,今夜,鬼灭之刃 游郭篇,255055584
十二鼠月,1424.367,1,16777215,2026-03-22 12:33:32,557759249,4,今夜,鬼灭之刃 游郭篇,255055584
不羡鸳鸯不羡仙 只羡音柱每一天,114.003,5,16777215,2026-03-22 12:31:35,557759249,4,今夜,鬼灭之刃 游郭篇,255055584
不羡鸳鸯不羡仙 只羡音柱每一天,96.963,5,16777215,2026-03-22 12:30:50,557759249,4,今夜,鬼灭之刃 游郭篇,255055584
好可爱,43.754,5,16777215,2026-03-22 12:28:55,557759249,4,今夜,鬼灭之刃 游郭篇,255055584
嫁给我吧,697.325,1,16777215,2026-03-22 11:28:02,557759249,4,今夜,鬼灭之刃 游郭篇,255055584
刀要是断了，那位可就真成无惨了,1212.551,1,16777215,2026-03-22 11:26:50,557759249,4,今夜,鬼灭之刃 游郭篇,255055584
依旧羊群,190.614,1,16777215,2026-03-22 10:36:59,557759249,4,今夜,鬼灭之刃 游郭篇,255055584
太华丽了,1204.806,5,16777215,2026-03-22 10:34:51,557759249,4,今夜,鬼灭之刃 游郭篇,255055584
[前方高能],748.566,5,16777215,2026-03-22 10:27:04,557759249,4,今夜,鬼灭之刃 游郭篇,255055584
华丽,1183.975,1,16777215,2026-03-22 10:12:46,557759249,4,今夜,鬼灭之刃 游郭篇,255055584
可爱,1170.466,1,16777215,2026-03-22 10:12:26,557759249,4,今夜,鬼灭之刃 游郭篇,255055584
箱子好结实,1068.999,1,16777215,2026-03-22 10:10:31,557759249,4,今夜,鬼灭之刃 游郭篇,255055584
？？,839.514,1,16777215,2026-03-22 10:06:18,557759249,4,今夜,鬼灭之刃 游郭篇,255055584
咩～～～～～～～～,8.018,1,16777215,2026-03-22 10:05:52,557759249,4,今夜,鬼灭之刃 游郭篇,255055584
鲤夏姐姐没事吧…,1123.462,5,16777215,2026-03-22 08:08:56,557759249,4,今夜,鬼灭之刃 游郭篇,255055584
快救鲤夏姐姐啊啊啊啊！OAO,978.349,5,16777215,2026-03-22 08:07:02,557759249,4,今夜,鬼灭之刃 游郭篇,255055584
不要啊鲤夏姐姐真的很好,814.135,5,16777215,2026-03-22 08:04:14,557759249,4,今夜,鬼灭之刃 游郭篇,255055584
好温柔！,184.0,1,16777215,2026-03-22 07:57:17,557759249,4,今夜,鬼灭之刃 游郭篇,255055584
69个人在吗,919.995,1,16777215,2026-03-22 01:02:45,557759249,4,今夜,鬼灭之刃 游郭篇,255055584
可怜的善善,307.093,1,16707842,2026-03-21 23:56:24,557759249,4,今夜,鬼灭之刃 游郭篇,255055584
又误入羊村,188.645,1,16707842,2026-03-21 23:53:53,557759249,4,今夜,鬼灭之刃 游郭篇,255055584
美到我了,526.357,1,16777215,2026-03-21 23:36:17,557759249,4,今夜,鬼灭之刃 游郭篇,255055584
哒哒哒哒哒哒哒哒哒哒哒哒哒哒哒哒哒哒哒哒哒哒哒哒哒哒哒哒哒哒哒哒哒哒哒哒哒哒哒哒哒哒哒哒,105.686,1,16777215,2026-03-21 23:02:55,557759249,4,今夜,鬼灭之刃 游郭篇,255055584
可惜猪猪不是哑巴,256.255,1,16777215,2026-03-21 22:53:20,557759249,4,今夜,鬼灭之刃 游郭篇,255055584
佐助第一次碰上大蛇丸,1105.33,1,16777215,2026-03-21 22:40:15,557759249,4,今夜,鬼灭之刃 游郭篇,255055584
她要是鬼炭治郎不可能感觉不到吧,567.487,1,16777215,2026-03-21 22:29:56,557759249,4,今夜,鬼灭之刃 游郭篇,255055584
她要是鬼炭治郎不可能感觉不到吧,567.487,1,16777215,2026-03-21 22:29:55,557759249,4,今夜,鬼灭之刃 游郭篇,255055584
好家伙你们是一点都不担心善善,399.402,1,16777215,2026-03-21 22:27:04,557759249,4,今夜,鬼灭之刃 游郭篇,255055584
不要啊！！！！！！！！！,775.049,1,16777215,2026-03-21 22:24:34,557759249,4,今夜,鬼灭之刃 游郭篇,255055584
豆子快来,1157.758,1,8700107,2026-03-21 22:14:35,557759249,4,今夜,鬼灭之刃 游郭篇,255055584
好温柔,733.212,1,16777215,2026-03-21 21:04:08,557759249,4,今夜,鬼灭之刃 游郭篇,255055584
又是华丽鼠,1427.326,1,16777215,2026-03-21 21:03:32,557759249,4,今夜,鬼灭之刃 游郭篇,255055584
俺也一样！！！！我也很喜欢鲤夏姐姐了！！！！！！！,582.279,1,16777215,2026-03-21 21:01:26,557759249,4,今夜,鬼灭之刃 游郭篇,255055584
我也最喜欢啦！！！,578.121,1,16777215,2026-03-21 21:01:19,557759249,4,今夜,鬼灭之刃 游郭篇,255055584
猪猪好可爱,460.632,1,15138834,2026-03-21 20:56:58,557759249,4,今夜,鬼灭之刃 游郭篇,255055584
音柱：我不华丽了,291.7,1,16777215,2026-03-21 20:55:03,557759249,4,今夜,鬼灭之刃 游郭篇,255055584
没事，还有泥豆子,1280.834,1,16777215,2026-03-21 20:52:20,557759249,4,今夜,鬼灭之刃 游郭篇,255055584
字体太华丽了,1185.784,1,8700107,2026-03-21 20:51:01,557759249,4,今夜,鬼灭之刃 游郭篇,255055584
为什么刀子来了？,810.642,1,16777215,2026-03-21 20:48:36,557759249,4,今夜,鬼灭之刃 游郭篇,255055584
香奈乎好美,365.817,1,16777215,2026-03-21 20:44:44,557759249,4,今夜,鬼灭之刃 游郭篇,255055584
好温柔啊！,76.324,1,16777215,2026-03-21 20:42:45,557759249,4,今夜,鬼灭之刃 游郭篇,255055584
炭为观止   太有才了,1093.034,1,16777215,2026-03-21 20:07:38,557759249,4,今夜,鬼灭之刃 游郭篇,255055584
不可以挑食哟,1152.072,1,16777215,2026-03-21 19:27:43,557759249,4,今夜,鬼灭之刃 游郭篇,255055584
还有村里人？,896.88,1,16777215,2026-03-21 19:13:29,557759249,4,今夜,鬼灭之刃 游郭篇,255055584
啊卡萨(幻听),805.125,5,38979,2026-03-21 17:27:46,557759249,4,今夜,鬼灭之刃 游郭篇,255055584
心理委员俺不得劲,797.62,1,16777215,2026-03-21 17:08:10,557759249,4,今夜,鬼灭之刃 游郭篇,255055584
鲤------~夏----姐-----姐,797.588,1,16777215,2026-03-21 16:41:51,557759249,4,今夜,鬼灭之刃 游郭篇,255055584
我以为他们丙级了,439.1,1,16777215,2026-03-21 16:26:43,557759249,4,今夜,鬼灭之刃 游郭篇,255055584
我以为他们已经甲级了,434.96,1,16777215,2026-03-21 16:26:19,557759249,4,今夜,鬼灭之刃 游郭篇,255055584
善善被鬼抓起来了,255.08,1,16777215,2026-03-21 16:23:09,557759249,4,今夜,鬼灭之刃 游郭篇,255055584
老板啊，老板，终究会死,224.196,1,16777215,2026-03-21 15:56:33,557759249,4,今夜,鬼灭之刃 游郭篇,255055584
这个故事告诉我们便宜没好货,886.966,1,16777215,2026-03-21 15:38:55,557759249,4,今夜,鬼灭之刃 游郭篇,255055584
麟泷牌箱子你值得拥有,1109.617,1,16777215,2026-03-21 15:00:56,557759249,4,今夜,鬼灭之刃 游郭篇,255055584
竟然是猪猪记的,368.416,1,16777215,2026-03-21 14:48:31,557759249,4,今夜,鬼灭之刃 游郭篇,255055584
通灵,854.213,1,16707842,2026-03-21 13:38:23,557759249,4,今夜,鬼灭之刃 游郭篇,255055584
妈妈来的,1010.581,1,16777215,2026-03-21 12:43:59,557759249,4,今夜,鬼灭之刃 游郭篇,255055584
今夜月明人尽望,193.193,1,16777215,2026-03-21 12:19:18,557759249,4,今夜,鬼灭之刃 游郭篇,255055584
后来我学着你的样子去保护别人……,1296.795,1,16777215,2026-03-21 10:56:54,557759249,4,今夜,鬼灭之刃 游郭篇,255055584
鲤————————夏————————姐————————姐————————,808.982,1,16777215,2026-03-21 10:46:48,557759249,4,今夜,鬼灭之刃 游郭篇,255055584
我看的大部分番都是别人刚要幸福就死了(இωஇ ),822.811,1,16777215,2026-03-21 09:15:30,557759249,4,今夜,鬼灭之刃 游郭篇,255055584
俺也一样,579.896,1,16777215,2026-03-21 00:19:06,557759249,4,今夜,鬼灭之刃 游郭篇,255055584
说了的话，两个人都得完蛋，所以老板没办法,228.606,1,16777215,2026-03-21 00:13:23,557759249,4,今夜,鬼灭之刃 游郭篇,255055584
二向箔？,1223.491,1,16777215,2026-03-20 22:38:56,557759249,4,今夜,鬼灭之刃 游郭篇,255055584
不要…,790.08,1,16777215,2026-03-20 22:33:41,557759249,4,今夜,鬼灭之刃 游郭篇,255055584
逆天啊,849.68,1,16777215,2026-03-20 22:32:33,557759249,4,今夜,鬼灭之刃 游郭篇,255055584
hhhhhhh,636.525,1,16777215,2026-03-20 22:29:04,557759249,4,今夜,鬼灭之刃 游郭篇,255055584
俺也一样,573.778,1,16777215,2026-03-20 22:27:57,557759249,4,今夜,鬼灭之刃 游郭篇,255055584
忍者基本上都是用的这种苦无,895.673,1,16777215,2026-03-20 21:51:21,557759249,4,今夜,鬼灭之刃 游郭篇,255055584
豆子快帮帮你哥,1227.852,1,16777215,2026-03-20 21:51:21,557759249,4,今夜,鬼灭之刃 游郭篇,255055584
亚！！！！美！！！！咯！！！！,757.984,1,16777215,2026-03-20 21:07:44,557759249,4,今夜,鬼灭之刃 游郭篇,255055584
他好漂亮呀他好漂亮呀，他好漂亮呀,37.66,1,16777215,2026-03-20 19:35:27,557759249,4,今夜,鬼灭之刃 游郭篇,255055584
鲤-----------------------------夏--------------------------------姐-----------------------------------姐,812.681,1,16777215,2026-03-20 18:24:21,557759249,4,今夜,鬼灭之刃 游郭篇,255055584
明白竹子是干什么的了，防吐的,1082.315,1,16777215,2026-03-20 17:35:56,557759249,4,今夜,鬼灭之刃 游郭篇,255055584
冷汗消失术,226.795,1,16777215,2026-03-20 17:20:13,557759249,4,今夜,鬼灭之刃 游郭篇,255055584
没有眉毛,43.648,1,16777215,2026-03-20 17:12:42,557759249,4,今夜,鬼灭之刃 游郭篇,255055584
俺也一样,582.241,1,16777215,2026-03-20 16:35:07,557759249,4,今夜,鬼灭之刃 游郭篇,255055584
么ki,1408.486,1,16777215,2026-03-20 13:40:38,557759249,4,今夜,鬼灭之刃 游郭篇,255055584
太华丽了,1203.074,1,16777215,2026-03-20 13:38:36,557759249,4,今夜,鬼灭之刃 游郭篇,255055584
这个字体好看,1194.861,1,16777215,2026-03-20 13:38:28,557759249,4,今夜,鬼灭之刃 游郭篇,255055584
么ki、么ki,854.108,1,16777215,2026-03-20 13:32:47,557759249,4,今夜,鬼灭之刃 游郭篇,255055584
哈哈哈好可爱,464.541,1,16777215,2026-03-20 13:17:45,557759249,4,今夜,鬼灭之刃 游郭篇,255055584
这个描绘东西一个用手一个用拟声词,272.126,1,16777215,2026-03-20 13:14:30,557759249,4,今夜,鬼灭之刃 游郭篇,255055584
[前方高能],1388.864,1,16777215,2026-03-20 13:07:46,557759249,4,今夜,鬼灭之刃 游郭篇,255055584
俺也一样！,581.747,1,16777215,2026-03-20 10:48:02,557759249,4,今夜,鬼灭之刃 游郭篇,255055584
呀咩得……,783.435,1,16777215,2026-03-20 06:33:31,557759249,4,今夜,鬼灭之刃 游郭篇,255055584
鲤夏花魁真是人美心善,27.078,1,16777215,2026-03-20 00:14:43,557759249,4,今夜,鬼灭之刃 游郭篇,255055584
はやぐ,184.198,1,16777215,2026-03-19 23:50:37,557759249,4,今夜,鬼灭之刃 游郭篇,255055584
！！！！！！！！！！！！！！！！！！！！！！！！！！！,832.376,1,16777215,2026-03-19 23:01:34,557759249,4,今夜,鬼灭之刃 游郭篇,255055584
！！！！！！！！！！！！！！！！！！！！！！！！！！！！！！！！！！！！,813.671,1,16777215,2026-03-19 23:01:15,557759249,4,今夜,鬼灭之刃 游郭篇,255055584
没眼光！！！,1247.663,1,16777215,2026-03-19 21:54:48,557759249,4,今夜,鬼灭之刃 游郭篇,255055584
塔塔开！塔塔开！！,844.484,1,16777215,2026-03-19 21:45:42,557759249,4,今夜,鬼灭之刃 游郭篇,255055584
华丽的字体,1186.925,1,8700107,2026-03-19 20:59:19,557759249,4,今夜,鬼灭之刃 游郭篇,255055584
挺形象的。,274.549,1,16777215,2026-03-19 19:48:13,557759249,4,今夜,鬼灭之刃 游郭篇,255055584
幻视卡卡西233333,959.426,1,16777215,2026-03-19 18:40:13,557759249,4,今夜,鬼灭之刃 游郭篇,255055584
啊?,848.998,1,16777215,2026-03-19 18:10:04,557759249,4,今夜,鬼灭之刃 游郭篇,255055584
俺也一样,579.825,1,16777215,2026-03-19 16:31:34,557759249,4,今夜,鬼灭之刃 游郭篇,255055584
41次 不谢,471.693,5,16777215,2026-03-19 13:38:38,557759249,4,今夜,鬼灭之刃 游郭篇,255055584
笑死我了,875.589,1,16777215,2026-03-19 12:55:13,557759249,4,今夜,鬼灭之刃 游郭篇,255055584
哈哈哈哈哈,850.6,5,15138834,2026-03-19 11:20:12,557759249,4,今夜,鬼灭之刃 游郭篇,255055584
不要啊啊啊,786.469,5,15138834,2026-03-19 11:18:40,557759249,4,今夜,鬼灭之刃 游郭篇,255055584
哈哈哈哈,370.564,5,16777215,2026-03-19 11:13:32,557759249,4,今夜,鬼灭之刃 游郭篇,255055584
咩~~~~~~~~~,186.392,5,16777215,2026-03-19 11:11:03,557759249,4,今夜,鬼灭之刃 游郭篇,255055584
哒哒哒哒哒哒哒哒哒哒哒哒哒,177.297,5,16777215,2026-03-19 11:10:45,557759249,4,今夜,鬼灭之刃 游郭篇,255055584
华丽哥依旧华丽,111.925,1,16777215,2026-03-19 08:44:52,557759249,4,今夜,鬼灭之刃 游郭篇,255055584
仙女下凡,11.218,1,16777215,2026-03-18 21:34:29,557759249,4,今夜,鬼灭之刃 游郭篇,255055584
歪有人否,642.399,1,16777215,2026-03-18 20:40:48,557759249,4,今夜,鬼灭之刃 游郭篇,255055584
歪有人拿,642.399,1,16777215,2026-03-18 20:40:38,557759249,4,今夜,鬼灭之刃 游郭篇,255055584
鲤夏姐姐！！！,1040.352,1,16777215,2026-03-18 17:48:21,557759249,4,今夜,鬼灭之刃 游郭篇,255055584
鲤————————夏————————姐————————姐————————,1002.778,1,16777215,2026-03-18 17:47:28,557759249,4,今夜,鬼灭之刃 游郭篇,255055584
咩～～～～～～～,186.879,1,16777215,2026-03-18 17:00:59,557759249,4,今夜,鬼灭之刃 游郭篇,255055584
他确实做到了,920.215,1,16777215,2026-03-18 14:16:50,557759249,4,今夜,鬼灭之刃 游郭篇,255055584
鲤————————夏————————姐————————姐————————啊啊啊啊啊啊啊啊啊啊啊啊啊啊啊啊啊啊啊啊啊啊啊啊啊啊啊啊啊啊啊啊啊啊啊啊啊啊啊啊啊啊啊啊啊啊啊哇啊啊啊啊啊,787.687,1,14811775,2026-03-17 23:38:02,557759249,4,今夜,鬼灭之刃 游郭篇,255055584
差点以为在看火影,964.604,1,16777215,2026-03-17 23:01:09,557759249,4,今夜,鬼灭之刃 游郭篇,255055584
不要啊,753.858,1,16777215,2026-03-17 22:57:17,557759249,4,今夜,鬼灭之刃 游郭篇,255055584
萌死我了豆子！,1178.937,1,16777215,2026-03-17 22:22:02,557759249,4,今夜,鬼灭之刃 游郭篇,255055584
不要刀,683.306,1,16777215,2026-03-17 22:07:46,557759249,4,今夜,鬼灭之刃 游郭篇,255055584
吓死我了,600.874,1,16777215,2026-03-17 22:06:03,557759249,4,今夜,鬼灭之刃 游郭篇,255055584
好好啊,557.952,1,16777215,2026-03-17 22:05:16,557759249,4,今夜,鬼灭之刃 游郭篇,255055584
居然是干完这次就回家的flag，我们没救了,737.042,1,16777215,2026-03-17 21:16:29,557759249,4,今夜,鬼灭之刃 游郭篇,255055584
两个温柔的人啊,719.128,1,16777215,2026-03-17 21:15:40,557759249,4,今夜,鬼灭之刃 游郭篇,255055584
猪猪的认可,289.758,1,16777215,2026-03-17 21:09:01,557759249,4,今夜,鬼灭之刃 游郭篇,255055584
不妙,586.634,1,11890,2026-03-17 20:49:39,557759249,4,今夜,鬼灭之刃 游郭篇,255055584
鲤————————夏————————姐————————姐————————,833.344,1,16777215,2026-03-17 20:03:54,557759249,4,今夜,鬼灭之刃 游郭篇,255055584
给个链接呗,242.218,1,15138834,2026-03-17 20:03:17,557759249,4,今夜,鬼灭之刃 游郭篇,255055584
热知识：豆子和宁宁都是鬼头明里配的,73.792,1,15138834,2026-03-17 20:01:48,557759249,4,今夜,鬼灭之刃 游郭篇,255055584
你猜他为什么不死？嗯,1139.698,1,15138834,2026-03-17 19:50:46,557759249,4,今夜,鬼灭之刃 游郭篇,255055584
要死了感觉,90.891,1,16777215,2026-03-17 14:29:41,557759249,4,今夜,鬼灭之刃 游郭篇,255055584
不要！,774.453,1,16777215,2026-03-17 12:59:10,557759249,4,今夜,鬼灭之刃 游郭篇,255055584
哈哈哈哈哈哈哈,845.78,1,16777215,2026-03-17 12:43:45,557759249,4,今夜,鬼灭之刃 游郭篇,255055584
真拿来了？！,841.624,1,16777215,2026-03-17 00:31:18,557759249,4,今夜,鬼灭之刃 游郭篇,255055584
快摇人啊炭炭！,1278.658,1,16777215,2026-03-16 23:32:15,557759249,4,今夜,鬼灭之刃 游郭篇,255055584
简称：丑萌丑萌的,1250.163,1,16777215,2026-03-16 23:31:37,557759249,4,今夜,鬼灭之刃 游郭篇,255055584
炭炭真的不会被秒吗。。,1199.698,1,16777215,2026-03-16 23:29:45,557759249,4,今夜,鬼灭之刃 游郭篇,255055584
豆子怎么那么可爱啊,1185.78,1,16777215,2026-03-16 22:30:15,557759249,4,今夜,鬼灭之刃 游郭篇,255055584
不要，求你姐姐不要死,1038.723,1,16777215,2026-03-16 22:28:34,557759249,4,今夜,鬼灭之刃 游郭篇,255055584
不要，姐姐，我舍不得你,767.641,1,16777215,2026-03-16 22:25:40,557759249,4,今夜,鬼灭之刃 游郭篇,255055584
鲤夏姐姐！！！,83.78,1,16777215,2026-03-16 21:32:27,557759249,4,今夜,鬼灭之刃 游郭篇,255055584
炭:不对！,645.661,1,16777215,2026-03-16 21:31:17,557759249,4,今夜,鬼灭之刃 游郭篇,255055584
还是个老吃家,1153.569,1,16777215,2026-03-16 20:59:07,557759249,4,今夜,鬼灭之刃 游郭篇,255055584
几号机i,716.847,1,16777215,2026-03-16 20:20:36,557759249,4,今夜,鬼灭之刃 游郭篇,255055584
哈哈哈哈哈好可爱救命,663.731,1,16777215,2026-03-16 19:33:40,557759249,4,今夜,鬼灭之刃 游郭篇,255055584
哒哒哒哒哒哒哒哒哒哒哒哒哒哒哒哒哒哒哒哒哒哒哒哒哒哒哒哒哒哒哒哒,115.684,1,16777215,2026-03-16 19:24:11,557759249,4,今夜,鬼灭之刃 游郭篇,255055584
音忍村一代目,987.005,1,16777215,2026-03-16 19:17:12,557759249,4,今夜,鬼灭之刃 游郭篇,255055584
[前方高能],751.635,1,16777215,2026-03-16 19:11:17,557759249,4,今夜,鬼灭之刃 游郭篇,255055584
骗你的，去了一个人也打不过,806.39,1,16777215,2026-03-16 17:08:09,557759249,4,今夜,鬼灭之刃 游郭篇,255055584
用火之神神乐 烧了她的衣带,1216.8,1,16777215,2026-03-16 14:04:43,557759249,4,今夜,鬼灭之刃 游郭篇,255055584
鲤夏姐姐TvT,781.616,1,16777215,2026-03-16 13:20:53,557759249,4,今夜,鬼灭之刃 游郭篇,255055584
完了完了完了,578.197,1,16777215,2026-03-16 12:59:24,557759249,4,今夜,鬼灭之刃 游郭篇,255055584
不要啊！！！！！！！！！！！！！,755.705,1,16777215,2026-03-16 08:51:29,557759249,4,今夜,鬼灭之刃 游郭篇,255055584
我也喜欢,587.863,1,16777215,2026-03-16 08:48:15,557759249,4,今夜,鬼灭之刃 游郭篇,255055584
我也喜欢,575.971,1,14811775,2026-03-16 08:47:52,557759249,4,今夜,鬼灭之刃 游郭篇,255055584
我去,755.136,1,16777215,2026-03-15 23:32:02,557759249,4,今夜,鬼灭之刃 游郭篇,255055584
不要flag啊啊啊啊啊啊啊,676.373,1,16777215,2026-03-15 23:30:30,557759249,4,今夜,鬼灭之刃 游郭篇,255055584
好温柔的姐姐啊,59.204,1,16777215,2026-03-15 23:10:05,557759249,4,今夜,鬼灭之刃 游郭篇,255055584
不要啊啊啊啊啊啊啊～～～～～～啊,802.741,1,16777215,2026-03-15 22:39:30,557759249,4,今夜,鬼灭之刃 游郭篇,255055584
补药啊,754.196,1,16777215,2026-03-15 22:31:17,557759249,4,今夜,鬼灭之刃 游郭篇,255055584
完啦,682.781,1,16777215,2026-03-15 22:30:06,557759249,4,今夜,鬼灭之刃 游郭篇,255055584
猪真的好美,287.018,1,16777215,2026-03-15 22:23:58,557759249,4,今夜,鬼灭之刃 游郭篇,255055584
我服了,782.603,1,16777215,2026-03-15 22:05:30,557759249,4,今夜,鬼灭之刃 游郭篇,255055584
不羡鸳鸯不羡仙,1389.02,1,16777215,2026-03-15 21:56:10,557759249,4,今夜,鬼灭之刃 游郭篇,255055584
鲤夏姐姐啊啊啊,978.276,1,16777215,2026-03-15 21:47:09,557759249,4,今夜,鬼灭之刃 游郭篇,255055584
哒哒哒哒哒哒哒哒哒哒哒哒哒哒哒哒哒哒哒,128.38,1,16777215,2026-03-15 21:32:53,557759249,4,今夜,鬼灭之刃 游郭篇,255055584
温柔的炭炭遇上温柔花魁,94.025,1,16777215,2026-03-15 21:32:12,557759249,4,今夜,鬼灭之刃 游郭篇,255055584
猪猪好可爱,331.583,1,16777215,2026-03-15 21:28:45,557759249,4,今夜,鬼灭之刃 游郭篇,255055584
惠姐姐,66.494,1,16777215,2026-03-15 21:27:02,557759249,4,今夜,鬼灭之刃 游郭篇,255055584
？这么可爱你说丑？,1253.596,1,16777215,2026-03-15 21:08:59,557759249,4,今夜,鬼灭之刃 游郭篇,255055584
众所周知，葵阶段是最高的,323.409,1,16777215,2026-03-15 20:45:38,557759249,4,今夜,鬼灭之刃 游郭篇,255055584
动作指导：鸣人,901.587,1,16777215,2026-03-15 20:32:17,557759249,4,今夜,鬼灭之刃 游郭篇,255055584
好可爱,649.771,1,16777215,2026-03-15 20:26:18,557759249,4,今夜,鬼灭之刃 游郭篇,255055584
俺也一样,549.178,1,16777215,2026-03-15 20:24:29,557759249,4,今夜,鬼灭之刃 游郭篇,255055584
名侦探炭治郎,493.481,1,16777215,2026-03-15 20:23:22,557759249,4,今夜,鬼灭之刃 游郭篇,255055584
[前方高能],752.929,1,15138834,2026-03-15 20:16:30,557759249,4,今夜,鬼灭之刃 游郭篇,255055584
这个姐姐好温柔啊~,93.645,1,16777215,2026-03-15 20:03:19,557759249,4,今夜,鬼灭之刃 游郭篇,255055584
没见过这么挑食的鬼。,1055.046,1,14811775,2026-03-15 19:42:18,557759249,4,今夜,鬼灭之刃 游郭篇,255055584
打了41下,479.746,1,16777215,2026-03-15 18:50:15,557759249,4,今夜,鬼灭之刃 游郭篇,255055584
拿的是苦无吗,890.138,1,16777215,2026-03-15 17:58:47,557759249,4,今夜,鬼灭之刃 游郭篇,255055584
鲤————————夏————————姐————————姐————————,813.711,1,16777215,2026-03-15 17:29:09,557759249,4,今夜,鬼灭之刃 游郭篇,255055584
丑女我求你了 吧鲤夏姐姐还我把,1024.601,1,16777215,2026-03-15 17:15:28,557759249,4,今夜,鬼灭之刃 游郭篇,255055584
字体好评,1185.139,1,16777215,2026-03-15 17:08:11,557759249,4,今夜,鬼灭之刃 游郭篇,255055584
[前方高能],753.154,1,16777215,2026-03-15 17:00:52,557759249,4,今夜,鬼灭之刃 游郭篇,255055584
炭的疑惑,641.941,1,16777215,2026-03-15 16:58:50,557759249,4,今夜,鬼灭之刃 游郭篇,255055584
俺也一样,543.916,1,16777215,2026-03-15 16:57:03,557759249,4,今夜,鬼灭之刃 游郭篇,255055584
误入羊村,189.677,1,16777215,2026-03-15 16:50:54,557759249,4,今夜,鬼灭之刃 游郭篇,255055584
误入羊村,189.677,1,16777215,2026-03-15 16:50:28,557759249,4,今夜,鬼灭之刃 游郭篇,255055584
哒哒哒哒哒哒哒哒哒哒哒哒哒哒哒哒哒哒哒哒哒哒哒哒哒哒哒哒哒哒哒哒哒哒哒哒哒哒哒哒哒哒哒哒哒,174.961,1,16777215,2026-03-15 16:37:41,557759249,4,今夜,鬼灭之刃 游郭篇,255055584
哒哒哒哒哒哒哒哒哒哒哒哒哒哒哒哒哒哒哒哒哒哒哒哒哒哒哒哒哒哒哒哒哒哒哒哒哒哒哒哒哒哒哒哒哒,174.961,1,16777215,2026-03-15 16:37:36,557759249,4,今夜,鬼灭之刃 游郭篇,255055584
哒哒哒哒哒哒哒哒哒哒哒哒哒哒哒哒哒哒哒哒哒哒哒哒哒哒哒哒哒哒哒哒哒哒哒哒哒哒哒哒哒哒哒哒哒,174.961,1,16777215,2026-03-15 16:37:30,557759249,4,今夜,鬼灭之刃 游郭篇,255055584
哒哒哒哒哒哒哒哒哒哒哒哒哒哒哒哒哒哒哒哒哒哒哒哒哒哒哒哒哒哒哒哒哒哒哒哒哒哒哒哒哒哒哒哒哒,112.557,1,16777215,2026-03-15 16:36:23,557759249,4,今夜,鬼灭之刃 游郭篇,255055584
哒哒哒哒哒哒哒哒哒哒哒哒哒哒哒哒哒哒哒哒哒哒哒哒哒哒哒哒哒哒哒哒哒哒哒哒哒哒哒哒哒哒哒哒哒,112.557,1,16777215,2026-03-15 16:36:13,557759249,4,今夜,鬼灭之刃 游郭篇,255055584
哒哒哒哒哒哒哒哒哒哒哒哒哒哒哒哒哒哒哒哒哒哒哒哒哒哒哒哒哒哒哒哒哒哒哒哒哒哒哒哒哒哒哒哒哒,112.557,1,16777215,2026-03-15 16:36:08,557759249,4,今夜,鬼灭之刃 游郭篇,255055584
哒哒哒哒哒哒哒哒哒哒哒哒哒哒哒哒哒哒哒哒哒哒哒哒哒哒哒哒哒哒哒哒哒哒哒哒哒哒哒哒哒哒哒哒哒,112.557,1,16777215,2026-03-15 16:35:59,557759249,4,今夜,鬼灭之刃 游郭篇,255055584
哒哒哒哒哒哒哒哒哒哒哒哒哒哒哒哒哒哒哒哒哒哒哒哒哒哒哒哒哒哒哒哒哒哒哒哒哒哒哒哒哒哒哒哒哒,112.557,1,16777215,2026-03-15 16:35:49,557759249,4,今夜,鬼灭之刃 游郭篇,255055584
姐姐太温柔了！,722.916,1,16777215,2026-03-15 16:35:10,557759249,4,今夜,鬼灭之刃 游郭篇,255055584
用日呼,1274.18,1,16777215,2026-03-15 16:21:16,557759249,4,今夜,鬼灭之刃 游郭篇,255055584
前方高卷,750.082,1,16777215,2026-03-15 16:12:24,557759249,4,今夜,鬼灭之刃 游郭篇,255055584
 关于官方以为我们会呼吸法,10.112,1,16777215,2026-03-15 15:41:09,557759249,4,今夜,鬼灭之刃 游郭篇,255055584
雾～大～内～,31.109,1,15138835,2026-03-15 15:03:19,557759249,4,今夜,鬼灭之刃 游郭篇,255055584
俺也一样！！！姐姐好温柔！！,574.887,1,16777215,2026-03-15 14:58:34,557759249,4,今夜,鬼灭之刃 游郭篇,255055584
水之呼吸,1186.861,1,16777215,2026-03-15 14:16:25,557759249,4,今夜,鬼灭之刃 游郭篇,255055584
咩～～～～～～～～～～～～～～,187.346,1,16777215,2026-03-15 13:57:38,557759249,4,今夜,鬼灭之刃 游郭篇,255055584
猪猪就这样让老板娘知道便宜没好货,870.481,1,16777215,2026-03-15 13:15:21,557759249,4,今夜,鬼灭之刃 游郭篇,255055584
不羡鸳鸯不羡仙，只羡音柱每一天,112.469,1,15138834,2026-03-15 13:02:10,557759249,4,今夜,鬼灭之刃 游郭篇,255055584
牙没路！不许碰她！,759.71,1,16777215,2026-03-15 12:46:10,557759249,4,今夜,鬼灭之刃 游郭篇,255055584
鬼故事：进度条,1274.692,1,16777215,2026-03-15 12:43:54,557759249,4,今夜,鬼灭之刃 游郭篇,255055584
英雄碎片,1266.996,1,16777215,2026-03-15 12:43:20,557759249,4,今夜,鬼灭之刃 游郭篇,255055584
英雄碎片,1248.923,1,16777215,2026-03-15 12:43:02,557759249,4,今夜,鬼灭之刃 游郭篇,255055584
华丽的字体,1200.191,1,16777215,2026-03-15 12:41:50,557759249,4,今夜,鬼灭之刃 游郭篇,255055584
可爱,1181.918,1,16777215,2026-03-15 12:41:32,557759249,4,今夜,鬼灭之刃 游郭篇,255055584
潘多拉,1163.155,1,16777215,2026-03-15 12:41:13,557759249,4,今夜,鬼灭之刃 游郭篇,255055584
哈哈,1144.839,1,16777215,2026-03-15 12:40:55,557759249,4,今夜,鬼灭之刃 游郭篇,255055584
妈妈,591.469,1,16777215,2026-03-15 11:41:23,557759249,4,今夜,鬼灭之刃 游郭篇,255055584
字体变华丽了,1190.543,1,16777215,2026-03-15 10:39:41,557759249,4,今夜,鬼灭之刃 游郭篇,255055584
这个花魁姐姐就好好,67.273,5,16777215,2026-03-15 10:19:33,557759249,4,今夜,鬼灭之刃 游郭篇,255055584
有主角光环，你怕啥？,1294.019,1,16777215,2026-03-15 09:59:25,557759249,4,今夜,鬼灭之刃 游郭篇,255055584
俺也一样,582.163,1,16777215,2026-03-15 01:09:22,557759249,4,今夜,鬼灭之刃 游郭篇,255055584
哒哒哒哒哒哒哒哒哒哒哒哒哒哒哒哒哒哒哒哒哒哒哒哒哒哒哒哒哒哒哒哒哒哒哒哒哒哒哒哒哒哒,177.164,5,16777215,2026-03-14 23:24:22,557759249,4,今夜,鬼灭之刃 游郭篇,255055584
哒哒哒哒哒哒哒哒哒哒哒哒哒哒哒哒哒哒哒哒哒哒哒哒哒哒哒哒哒哒哒哒哒哒哒哒哒哒哒哒哒哒,174.864,1,16777215,2026-03-14 23:24:15,557759249,4,今夜,鬼灭之刃 游郭篇,255055584
哒哒哒哒哒哒哒哒哒哒哒哒哒哒哒哒哒哒哒哒哒哒哒哒哒哒哒哒哒哒哒哒哒哒哒哒哒哒哒哒哒哒,173.464,1,16777215,2026-03-14 23:24:10,557759249,4,今夜,鬼灭之刃 游郭篇,255055584
哒哒哒哒哒哒哒哒哒哒哒哒哒哒哒哒哒哒哒哒哒哒哒哒哒哒哒哒哒哒哒哒哒哒哒哒哒哒哒哒哒哒,171.621,1,16777215,2026-03-14 23:24:04,557759249,4,今夜,鬼灭之刃 游郭篇,255055584
不羡鸳鸯不羡仙，只羡音柱每一天,162.084,5,16777215,2026-03-14 23:23:49,557759249,4,今夜,鬼灭之刃 游郭篇,255055584
哒哒哒哒哒哒哒哒哒哒哒哒哒哒哒哒哒哒哒哒哒哒哒哒哒哒哒哒哒哒哒哒哒哒哒哒哒哒哒哒哒哒,115.244,1,16777215,2026-03-14 23:22:55,557759249,4,今夜,鬼灭之刃 游郭篇,255055584
哒哒哒哒哒哒哒哒哒哒哒哒哒哒哒哒哒哒哒哒哒哒哒哒哒哒哒哒哒哒哒哒哒哒哒哒哒哒哒哒哒哒,111.743,1,16777215,2026-03-14 23:22:45,557759249,4,今夜,鬼灭之刃 游郭篇,255055584
不羡鸳鸯不羡仙，只羡音柱每一天,104.384,5,16777215,2026-03-14 23:22:27,557759249,4,今夜,鬼灭之刃 游郭篇,255055584
不羡鸳鸯不羡仙，只羡音柱每一天,101.726,5,16777215,2026-03-14 23:22:20,557759249,4,今夜,鬼灭之刃 游郭篇,255055584
啊啊啊啊啊啊啊啊啊啊啊啊啊啊啊啊啊啊啊啊啊啊啊啊啊啊啊啊啊啊啊啊啊豆子！！！！！！！！！豆子！！！！！！！！,1179.091,1,14811775,2026-03-14 22:13:35,557759249,4,今夜,鬼灭之刃 游郭篇,255055584
不要啊啊啊啊啊啊啊啊啊啊啊啊啊啊啊啊啊啊啊啊啊啊啊,756.631,1,16777215,2026-03-14 22:06:16,557759249,4,今夜,鬼灭之刃 游郭篇,255055584
我11,6.651,1,16777215,2026-03-14 21:53:21,557759249,4,今夜,鬼灭之刃 游郭篇,255055584
咩～～～～～～～～～～～～～～～～～～～～～～～～～～～～～～～～～～～～～～～～～～～～～～～～～～～～～～～～～～～～～～～～～～～～～～～～～～～～,202.363,1,16777215,2026-03-14 21:15:12,557759249,4,今夜,鬼灭之刃 游郭篇,255055584
金角银角,90.788,1,16777215,2026-03-14 18:50:25,557759249,4,今夜,鬼灭之刃 游郭篇,255055584
恭喜炭子，你中大奖了！！！！！！！！,1001.808,1,16777215,2026-03-14 18:32:29,557759249,4,今夜,鬼灭之刃 游郭篇,255055584
姐————————姐——————————,804.169,1,16777215,2026-03-14 18:28:53,557759249,4,今夜,鬼灭之刃 游郭篇,255055584
姐姐快逃啊！,568.564,1,16777215,2026-03-14 18:22:59,557759249,4,今夜,鬼灭之刃 游郭篇,255055584
祢豆子可以吗？你先让他出来试一下吧。,1101.405,1,16777215,2026-03-14 18:16:03,557759249,4,今夜,鬼灭之刃 游郭篇,255055584
(秒变电音)不——————！鲤————————夏————————姐——————姐————————！,787.747,5,16777215,2026-03-14 17:15:54,557759249,4,今夜,鬼灭之刃 游郭篇,255055584
我也喜欢姐姐,582.128,1,16777215,2026-03-14 16:11:31,557759249,4,今夜,鬼灭之刃 游郭篇,255055584
妹妹快出来干活,1147.999,1,16777215,2026-03-14 15:40:52,557759249,4,今夜,鬼灭之刃 游郭篇,255055584
妹妹出来干活了,1073.868,1,16777215,2026-03-14 15:39:38,557759249,4,今夜,鬼灭之刃 游郭篇,255055584
不要啊,787.232,1,16777215,2026-03-14 15:37:03,557759249,4,今夜,鬼灭之刃 游郭篇,255055584
华丽哥,1424.819,1,16777215,2026-03-14 15:23:22,557759249,4,今夜,鬼灭之刃 游郭篇,255055584
太华丽了,852.045,1,16777215,2026-03-14 15:16:12,557759249,4,今夜,鬼灭之刃 游郭篇,255055584
不要。。。,781.708,1,16777215,2026-03-14 15:15:00,557759249,4,今夜,鬼灭之刃 游郭篇,255055584
[前方高能],759.678,1,16777215,2026-03-14 15:14:33,557759249,4,今夜,鬼灭之刃 游郭篇,255055584
咩————————————————————,207.696,1,16777215,2026-03-14 15:12:11,557759249,4,今夜,鬼灭之刃 游郭篇,255055584
咩～～～咩～∽∽,210.042,1,16777215,2026-03-14 14:40:34,557759249,4,今夜,鬼灭之刃 游郭篇,255055584
豆子好萌,1180.949,1,16777215,2026-03-14 14:38:37,557759249,4,今夜,鬼灭之刃 游郭篇,255055584
鲤夏,790.907,1,16777215,2026-03-14 14:38:36,557759249,4,今夜,鬼灭之刃 游郭篇,255055584
活着啊啊啊,681.679,1,16777215,2026-03-14 14:36:03,557759249,4,今夜,鬼灭之刃 游郭篇,255055584
老板娘世界观重塑中,884.128,1,16777215,2026-03-14 14:27:00,557759249,4,今夜,鬼灭之刃 游郭篇,255055584
不是牡丹，是山茶,823.98,1,16777215,2026-03-14 13:20:19,557759249,4,今夜,鬼灭之刃 游郭篇,255055584
大声密谋中…,490.265,1,16777215,2026-03-14 12:13:59,557759249,4,今夜,鬼灭之刃 游郭篇,255055584
简直就是妈妈啊鲤夏姐姐,579.329,1,16777215,2026-03-14 10:41:59,557759249,4,今夜,鬼灭之刃 游郭篇,255055584
华丽的字体,1211.541,1,41194,2026-03-14 10:40:02,557759249,4,今夜,鬼灭之刃 游郭篇,255055584
俺也一样！,577.261,1,16777215,2026-03-14 10:34:55,557759249,4,今夜,鬼灭之刃 游郭篇,255055584
嘿，我就是大名鼎鼎的V,503.585,1,16777215,2026-03-14 10:29:13,557759249,4,今夜,鬼灭之刃 游郭篇,255055584
华丽,841.541,1,16777215,2026-03-14 06:21:04,557759249,4,今夜,鬼灭之刃 游郭篇,255055584
啊啊啊鲤夏姐姐！！,777.986,1,16777215,2026-03-14 03:55:06,557759249,4,今夜,鬼灭之刃 游郭篇,255055584
想大哥了,339.353,1,16777215,2026-03-14 00:40:57,557759249,4,今夜,鬼灭之刃 游郭篇,255055584
俺也一样,577.899,1,16777215,2026-03-13 23:44:45,557759249,4,今夜,鬼灭之刃 游郭篇,255055584
俺也一样,573.461,1,16777215,2026-03-13 23:44:30,557759249,4,今夜,鬼灭之刃 游郭篇,255055584
你把生命当成什么了？,1045.111,1,16646914,2026-03-13 22:33:59,557759249,4,今夜,鬼灭之刃 游郭篇,255055584
刚才有点像AI呀,805.176,1,16777215,2026-03-13 21:20:18,557759249,4,今夜,鬼灭之刃 游郭篇,255055584
咋变那么抽象呀？？,794.876,1,16777215,2026-03-13 21:20:03,557759249,4,今夜,鬼灭之刃 游郭篇,255055584
不是鳄鱼老师，你没有心呀。,782.996,1,16777215,2026-03-13 21:19:45,557759249,4,今夜,鬼灭之刃 游郭篇,255055584
感觉要刀了，不行了，别刀呀。,702.356,1,16777215,2026-03-13 21:18:14,557759249,4,今夜,鬼灭之刃 游郭篇,255055584
头咋转到后面了？,658.557,1,16777215,2026-03-13 21:17:07,557759249,4,今夜,鬼灭之刃 游郭篇,255055584
不行了，这个视角好搞笑,508.316,1,16777215,2026-03-13 21:14:17,557759249,4,今夜,鬼灭之刃 游郭篇,255055584
炭子真的装傻东西。,482.857,1,16777215,2026-03-13 21:13:45,557759249,4,今夜,鬼灭之刃 游郭篇,255055584
猪猪这样都可以当表情包了,460.177,1,16777215,2026-03-13 21:13:05,557759249,4,今夜,鬼灭之刃 游郭篇,255055584
[前方高能],754.688,1,16777215,2026-03-13 19:35:21,557759249,4,今夜,鬼灭之刃 游郭篇,255055584
华丽的字体,1187.872,1,16777215,2026-03-13 18:54:36,557759249,4,今夜,鬼灭之刃 游郭篇,255055584
哈哈哈总给人字拖特写,1107.451,1,16777215,2026-03-13 18:53:14,557759249,4,今夜,鬼灭之刃 游郭篇,255055584
鲤夏姐姐！！！,1006.429,1,16777215,2026-03-13 18:51:25,557759249,4,今夜,鬼灭之刃 游郭篇,255055584
141人华丽丽的人数,992.934,1,16777215,2026-03-13 18:51:00,557759249,4,今夜,鬼灭之刃 游郭篇,255055584
好帅！！！,886.943,1,16777215,2026-03-13 18:48:40,557759249,4,今夜,鬼灭之刃 游郭篇,255055584
华丽,845.786,1,16777215,2026-03-13 18:47:48,557759249,4,今夜,鬼灭之刃 游郭篇,255055584
哒咩哟！！！,799.199,1,16777215,2026-03-13 18:46:46,557759249,4,今夜,鬼灭之刃 游郭篇,255055584
危！！！,757.204,1,15138834,2026-03-13 18:45:42,557759249,4,今夜,鬼灭之刃 游郭篇,255055584
鲤夏后来没亖！,710.433,1,16777215,2026-03-13 18:44:43,557759249,4,今夜,鬼灭之刃 游郭篇,255055584
俺也一样,584.823,1,16777215,2026-03-13 18:42:22,557759249,4,今夜,鬼灭之刃 游郭篇,255055584
哈哈哈哈,460.883,1,41194,2026-03-13 18:39:42,557759249,4,今夜,鬼灭之刃 游郭篇,255055584
华丽,279.624,1,16777215,2026-03-13 18:36:55,557759249,4,今夜,鬼灭之刃 游郭篇,255055584
哈哈哈哈,264.308,1,16777215,2026-03-13 18:36:38,557759249,4,今夜,鬼灭之刃 游郭篇,255055584
人美心善的鲤夏姐姐,29.173,1,16777215,2026-03-13 18:34:18,557759249,4,今夜,鬼灭之刃 游郭篇,255055584
不！！！！！！！！,779.777,1,14811775,2026-03-13 18:31:28,557759249,4,今夜,鬼灭之刃 游郭篇,255055584
俺也一样,577.608,1,16777215,2026-03-13 12:49:05,557759249,4,今夜,鬼灭之刃 游郭篇,255055584
鲤夏姐姐！！！！！！！！！！！！！！！！！！！！！,200.828,1,16777215,2026-03-13 08:48:09,557759249,4,今夜,鬼灭之刃 游郭篇,255055584
人类的伟大就是勇气的伟大！,1296.553,1,16777215,2026-03-12 22:22:48,557759249,4,今夜,鬼灭之刃 游郭篇,255055584
俺也一样！,581.616,1,16777215,2026-03-12 22:16:23,557759249,4,今夜,鬼灭之刃 游郭篇,255055584
俺也一样！,578.424,1,16777215,2026-03-12 22:16:04,557759249,4,今夜,鬼灭之刃 游郭篇,255055584
炭炭的脚趾。。,464.573,1,16777215,2026-03-12 21:32:45,557759249,4,今夜,鬼灭之刃 游郭篇,255055584
不羡鸳鸯不羡仙，只羡音柱每一天,140.373,1,16777215,2026-03-12 21:22:32,557759249,4,今夜,鬼灭之刃 游郭篇,255055584
住手啊,774.662,1,16777215,2026-03-12 13:29:40,557759249,4,今夜,鬼灭之刃 游郭篇,255055584
新川恭二再次遇到朝田诗乃,1009.269,1,16777215,2026-03-12 13:08:45,557759249,4,今夜,鬼灭之刃 游郭篇,255055584
呀咩咯！！,755.448,1,16777215,2026-03-11 22:46:42,557759249,4,今夜,鬼灭之刃 游郭篇,255055584
俺也一样！！,583.068,1,16777215,2026-03-11 22:42:53,557759249,4,今夜,鬼灭之刃 游郭篇,255055584
这字体好帅,1214.258,1,16777215,2026-03-11 22:32:24,557759249,4,今夜,鬼灭之刃 游郭篇,255055584
应该创造个联络通讯工具,1096.597,1,16777215,2026-03-11 20:57:43,557759249,4,今夜,鬼灭之刃 游郭篇,255055584
寂寞,1317.555,1,16777215,2026-03-11 19:27:41,557759249,4,今夜,鬼灭之刃 游郭篇,255055584
咩～,208.485,1,16777215,2026-03-11 19:08:27,557759249,4,今夜,鬼灭之刃 游郭篇,255055584
豪美,45.573,1,16777215,2026-03-11 19:05:44,557759249,4,今夜,鬼灭之刃 游郭篇,255055584
？？,841.063,1,16777215,2026-03-11 18:19:44,557759249,4,今夜,鬼灭之刃 游郭篇,255055584
不！,784.427,1,16777215,2026-03-11 18:18:45,557759249,4,今夜,鬼灭之刃 游郭篇,255055584
哒哒哒哒哒哒哒哒哒哒哒哒哒哒哒哒哒哒哒哒哒哒哒哒哒哒哒哒哒哒哒哒哒哒哒哒哒哒哒哒哒哒哒哒哒哒哒哒哒哒哒哒哒哒哒哒哒哒哒哒哒哒哒哒哒哒哒哒哒哒哒哒哒哒哒哒哒哒哒哒哒哒哒哒哒哒哒哒哒哒哒哒,126.527,1,16777215,2026-03-11 17:27:35,557759249,4,今夜,鬼灭之刃 游郭篇,255055584
同桌不在让我一个人写巨难作业时：,1302.184,1,16777215,2026-03-11 17:23:48,557759249,4,今夜,鬼灭之刃 游郭篇,255055584
？苦无,893.038,1,16777215,2026-03-11 13:04:46,557759249,4,今夜,鬼灭之刃 游郭篇,255055584
怎么感觉是爷爷被尸兄杀了,310.674,1,16777215,2026-03-11 12:56:20,557759249,4,今夜,鬼灭之刃 游郭篇,255055584
很华丽的字体,1201.899,1,16777215,2026-03-11 12:33:11,557759249,4,今夜,鬼灭之刃 游郭篇,255055584
厉害,1212.068,1,16777215,2026-03-11 12:02:02,557759249,4,今夜,鬼灭之刃 游郭篇,255055584
还有这种随从,850.281,1,16777215,2026-03-11 08:50:51,557759249,4,今夜,鬼灭之刃 游郭篇,255055584
为什么要给脚趾个特写,817.948,1,16777215,2026-03-10 20:53:28,557759249,4,今夜,鬼灭之刃 游郭篇,255055584
豆子被当梳妆台了,564.02,1,16777215,2026-03-10 20:49:48,557759249,4,今夜,鬼灭之刃 游郭篇,255055584
我求你们了，咋还有新三的事儿，别让我笑了行不行,322.405,5,16777215,2026-03-10 18:43:39,557759249,4,今夜,鬼灭之刃 游郭篇,255055584
卧槽好美呀，和炭炭一比，完全女孩啊猪猪,313.805,5,16777215,2026-03-10 18:39:16,557759249,4,今夜,鬼灭之刃 游郭篇,255055584
他这里已经联系了蛇柱了,350.337,1,16777215,2026-03-10 00:32:54,557759249,4,今夜,鬼灭之刃 游郭篇,255055584
这一次，比汗水最先落下来的是眼泪,924.042,1,16777215,2026-03-09 23:49:32,557759249,4,今夜,鬼灭之刃 游郭篇,255055584
华丽,868.026,1,16777215,2026-03-09 23:42:54,557759249,4,今夜,鬼灭之刃 游郭篇,255055584
No！,768.071,1,16777215,2026-03-09 23:36:44,557759249,4,今夜,鬼灭之刃 游郭篇,255055584
這也太萌了吧！哼哼哼,455.464,1,16777215,2026-03-09 23:32:46,557759249,4,今夜,鬼灭之刃 游郭篇,255055584
咩~~~,186.973,1,16777215,2026-03-09 23:28:53,557759249,4,今夜,鬼灭之刃 游郭篇,255055584
好耶！ 好溫柔,28.278,1,16777215,2026-03-09 23:27:42,557759249,4,今夜,鬼灭之刃 游郭篇,255055584
危！！！！,743.621,1,15138834,2026-03-09 21:15:03,557759249,4,今夜,鬼灭之刃 游郭篇,255055584
？如此矛盾,1250.978,1,16777215,2026-03-09 18:49:44,557759249,4,今夜,鬼灭之刃 游郭篇,255055584
笑梗不笑人音柱真男人,904.747,1,16777215,2026-03-09 18:05:33,557759249,4,今夜,鬼灭之刃 游郭篇,255055584
华丽！（字体）,1186.087,1,16777215,2026-03-09 17:58:04,557759249,4,今夜,鬼灭之刃 游郭篇,255055584
刚刚怎么没有人发？,1091.516,1,16777215,2026-03-09 16:44:56,557759249,4,今夜,鬼灭之刃 游郭篇,255055584
为啥,330.165,1,16777215,2026-03-09 12:14:45,557759249,4,今夜,鬼灭之刃 游郭篇,255055584
出现了！！华丽的字体！！！,1184.414,1,41194,2026-03-09 01:35:37,557759249,4,今夜,鬼灭之刃 游郭篇,255055584
鲤————————夏————————姐————————姐————————,1047.902,1,16777215,2026-03-09 01:32:58,557759249,4,今夜,鬼灭之刃 游郭篇,255055584
鲤————————夏————————姐————————姐————————,806.866,1,16777215,2026-03-09 01:28:24,557759249,4,今夜,鬼灭之刃 游郭篇,255055584
立好多flag呀,683.324,1,16777215,2026-03-08 21:57:41,557759249,4,今夜,鬼灭之刃 游郭篇,255055584
我我我我我 我晕炭了！！！,427.029,1,16777215,2026-03-08 21:01:29,557759249,4,今夜,鬼灭之刃 游郭篇,255055584
咩～～～～～～～～,187.252,1,16777215,2026-03-08 20:58:23,557759249,4,今夜,鬼灭之刃 游郭篇,255055584
初号机跑步法,963.268,1,16777215,2026-03-08 20:30:47,557759249,4,今夜,鬼灭之刃 游郭篇,255055584
亚美咯！,767.501,1,16777215,2026-03-08 20:14:52,557759249,4,今夜,鬼灭之刃 游郭篇,255055584
猪猪如此貌美,385.026,1,16777215,2026-03-08 20:05:25,557759249,4,今夜,鬼灭之刃 游郭篇,255055584
鲤————————夏————————姐————————姐————————,1041.843,1,16777215,2026-03-08 20:05:17,557759249,4,今夜,鬼灭之刃 游郭篇,255055584
哇塞，好可爱,463.124,1,16777215,2026-03-08 19:08:39,557759249,4,今夜,鬼灭之刃 游郭篇,255055584
[前方高能],1103.15,1,16777215,2026-03-08 17:57:55,557759249,4,今夜,鬼灭之刃 游郭篇,255055584
鲤————————夏————————姐————————姐————————,1050.49,1,16777215,2026-03-08 17:56:57,557759249,4,今夜,鬼灭之刃 游郭篇,255055584
不要啊！！！！！！！！！！！鲤————————夏————————姐————————姐————————鲤————————夏————————姐————————姐————————鲤————————夏————,1035.79,1,16777215,2026-03-08 17:56:38,557759249,4,今夜,鬼灭之刃 游郭篇,255055584
不要啊！！！！！！！！！鲤————————夏————————姐————————姐————————鲤————————夏————————姐————————姐————————鲤————————夏——————,1032.73,5,16777215,2026-03-08 17:56:18,557759249,4,今夜,鬼灭之刃 游郭篇,255055584
鲤————————夏————————姐————————姐————————,980.09,5,16777215,2026-03-08 17:55:14,557759249,4,今夜,鬼灭之刃 游郭篇,255055584
不---------------------------------------------------------要---------/--------------------------啊----,757.968,1,16777215,2026-03-08 16:29:44,557759249,4,今夜,鬼灭之刃 游郭篇,255055584
鲤夏活一下来了吗,751.316,1,16777215,2026-03-08 16:28:25,557759249,4,今夜,鬼灭之刃 游郭篇,255055584
阿拉阿拉如此卡哇伊,463.753,1,16777215,2026-03-08 16:14:56,557759249,4,今夜,鬼灭之刃 游郭篇,255055584
华丽的字体,1186.564,1,41194,2026-03-08 14:39:23,557759249,4,今夜,鬼灭之刃 游郭篇,255055584
鲤————————————————————————————夏————————————————————————————姐————————————————————————————姐————————————,809.006,1,16777215,2026-03-08 14:32:41,557759249,4,今夜,鬼灭之刃 游郭篇,255055584
[前方高能],738.471,1,16777215,2026-03-08 14:26:55,557759249,4,今夜,鬼灭之刃 游郭篇,255055584
啊啊啊啊啊啊啊啊啊啊啊啊啊啊啊啊啊啊啊啊啊啊啊啊啊啊啊啊啊啊啊啊啊啊啊啊啊啊啊啊啊啊啊啊啊啊啊啊啊啊啊啊啊啊啊啊啊啊啊啊啊啊啊啊啊啊啊啊啊啊啊啊啊,1082.353,1,16777215,2026-03-08 13:41:00,557759249,4,今夜,鬼灭之刃 游郭篇,255055584
震惊老板娘一辈子。,869.403,1,16777215,2026-03-08 13:37:11,557759249,4,今夜,鬼灭之刃 游郭篇,255055584
啊啊啊啊啊啊啊怎么有丝带。,750.631,1,16777215,2026-03-08 13:34:50,557759249,4,今夜,鬼灭之刃 游郭篇,255055584
千万不要啊。,736.679,1,16777215,2026-03-08 13:34:28,557759249,4,今夜,鬼灭之刃 游郭篇,255055584
完了完了，别死了。,692.317,1,16777215,2026-03-08 13:33:36,557759249,4,今夜,鬼灭之刃 游郭篇,255055584
谁跟我一样一边吃火锅一边看呀？,513.058,1,16777215,2026-03-08 13:14:20,557759249,4,今夜,鬼灭之刃 游郭篇,255055584
鲤夏姐姐还活着的，大家不用担心,802.48,1,15138834,2026-03-08 13:07:29,557759249,4,今夜,鬼灭之刃 游郭篇,255055584
好色,1151.979,1,16707842,2026-03-08 13:03:42,557759249,4,今夜,鬼灭之刃 游郭篇,255055584
华丽,846.597,1,16777215,2026-03-08 12:42:44,557759249,4,今夜,鬼灭之刃 游郭篇,255055584
二段跳,981.428,1,16777215,2026-03-08 12:23:04,557759249,4,今夜,鬼灭之刃 游郭篇,255055584
这难道就是令咒！！！,392.49,1,16777215,2026-03-08 12:10:29,557759249,4,今夜,鬼灭之刃 游郭篇,255055584
哒哒哒哒哒哒哒哒哒嗒哒哒哒哒哒哒哒哒哒哒哒嗒哒嗒哒嗒哒。,116.12,1,16777215,2026-03-08 11:44:15,557759249,4,今夜,鬼灭之刃 游郭篇,255055584
俺也一样,578.851,1,16777215,2026-03-08 07:15:54,557759249,4,今夜,鬼灭之刃 游郭篇,255055584
鲤夏真的好温柔,584.572,1,16777215,2026-03-08 01:06:55,557759249,4,今夜,鬼灭之刃 游郭篇,255055584
好温柔,82.358,1,16777215,2026-03-08 01:01:28,557759249,4,今夜,鬼灭之刃 游郭篇,255055584
可爱呢,834.65,1,16777215,2026-03-07 23:52:45,557759249,4,今夜,鬼灭之刃 游郭篇,255055584
弥子扣：？,1082.793,5,16777215,2026-03-07 22:19:20,557759249,4,今夜,鬼灭之刃 游郭篇,255055584
鲤夏姐姐!!！,1044.748,5,16777215,2026-03-07 22:17:46,557759249,4,今夜,鬼灭之刃 游郭篇,255055584
·＿·,646.835,5,16777215,2026-03-07 22:00:39,557759249,4,今夜,鬼灭之刃 游郭篇,255055584
俺也一样,556.186,1,16777215,2026-03-07 21:14:54,557759249,4,今夜,鬼灭之刃 游郭篇,255055584
过条半,724.932,1,16777215,2026-03-07 21:11:04,557759249,4,今夜,鬼灭之刃 游郭篇,255055584
俺也一样,578.763,1,16777215,2026-03-07 20:42:24,557759249,4,今夜,鬼灭之刃 游郭篇,255055584
路柱哈哈哈哈哈哈哈,378.815,1,16777215,2026-03-07 19:41:16,557759249,4,今夜,鬼灭之刃 游郭篇,255055584
鲤－－－－－夏——－——－——姐————————————姐！！！！！！！！！！！,795.499,1,16777215,2026-03-07 18:57:26,557759249,4,今夜,鬼灭之刃 游郭篇,255055584
打了41下哦,482.581,1,16777215,2026-03-07 18:54:10,557759249,4,今夜,鬼灭之刃 游郭篇,255055584
我去还有焉民,1154.736,1,16777215,2026-03-07 18:20:54,557759249,4,今夜,鬼灭之刃 游郭篇,255055584
俺也一样,638.994,1,16777215,2026-03-07 17:46:57,557759249,4,今夜,鬼灭之刃 游郭篇,255055584
保护,752.833,5,15138834,2026-03-07 17:40:18,557759249,4,今夜,鬼灭之刃 游郭篇,255055584
完啦,751.62,1,16777215,2026-03-07 17:26:49,557759249,4,今夜,鬼灭之刃 游郭篇,255055584
我靠别吓我,296.689,1,16777215,2026-03-07 17:19:02,557759249,4,今夜,鬼灭之刃 游郭篇,255055584
忍者,281.848,1,16777215,2026-03-07 15:38:11,557759249,4,今夜,鬼灭之刃 游郭篇,255055584
飞蛾,270.33,1,16777215,2026-03-07 15:37:52,557759249,4,今夜,鬼灭之刃 游郭篇,255055584
蜘蛛,262.89,1,16777215,2026-03-07 15:37:37,557759249,4,今夜,鬼灭之刃 游郭篇,255055584
！…不敢说,224.701,1,16777215,2026-03-07 15:36:44,557759249,4,今夜,鬼灭之刃 游郭篇,255055584
？？,214.103,1,16777215,2026-03-07 15:36:09,557759249,4,今夜,鬼灭之刃 游郭篇,255055584
咩~,185.331,1,16777215,2026-03-07 15:35:33,557759249,4,今夜,鬼灭之刃 游郭篇,255055584
好温柔！！！,93.563,1,16777215,2026-03-07 15:35:19,557759249,4,今夜,鬼灭之刃 游郭篇,255055584
我不行了啊！,773.114,1,16777215,2026-03-07 14:51:27,557759249,4,今夜,鬼灭之刃 游郭篇,255055584
棒棒棒,1217.077,1,16777215,2026-03-07 14:33:54,557759249,4,今夜,鬼灭之刃 游郭篇,255055584
不兑！,777.093,1,16777215,2026-03-07 14:29:35,557759249,4,今夜,鬼灭之刃 游郭篇,255055584
我家炭可爱死了，打不了分我一只眼睛,1264.388,1,16777215,2026-03-07 14:09:08,557759249,4,今夜,鬼灭之刃 游郭篇,255055584
咩～～～～～～～～～～～～,189.105,1,16777215,2026-03-07 14:05:29,557759249,4,今夜,鬼灭之刃 游郭篇,255055584
不！鯉！夏！姐！姐！,802.211,1,16777215,2026-03-07 13:45:37,557759249,4,今夜,鬼灭之刃 游郭篇,255055584
Ovo,1006.998,1,16777215,2026-03-07 12:11:34,557759249,4,今夜,鬼灭之刃 游郭篇,255055584
咩～～～,191.704,1,16777215,2026-03-07 11:14:59,557759249,4,今夜,鬼灭之刃 游郭篇,255055584
《弱》,1023.931,1,15138834,2026-03-07 10:21:52,557759249,4,今夜,鬼灭之刃 游郭篇,255055584
好美啊,652.14,1,16777215,2026-03-07 10:03:33,557759249,4,今夜,鬼灭之刃 游郭篇,255055584
 三鹿奶粉不是停销了吗,852.092,1,41194,2026-03-07 09:58:02,557759249,4,今夜,鬼灭之刃 游郭篇,255055584
真成纸片人了,1234.143,1,16777215,2026-03-07 02:37:08,557759249,4,今夜,鬼灭之刃 游郭篇,255055584
不要啊！！！！！！！！！！！！！！！！！！！,782.088,1,16777215,2026-03-07 02:27:18,557759249,4,今夜,鬼灭之刃 游郭篇,255055584
炭炭最萌！！！！,1258.44,1,16777215,2026-03-07 01:21:55,557759249,4,今夜,鬼灭之刃 游郭篇,255055584
ber？,368.139,1,16777215,2026-03-07 01:14:47,557759249,4,今夜,鬼灭之刃 游郭篇,255055584
因为其中那个嚣张跋扈的。花魁是鬼变的。,87.513,1,16777215,2026-03-07 00:16:53,557759249,4,今夜,鬼灭之刃 游郭篇,255055584
咩～～～～～～～～～～,198.779,1,16777215,2026-03-06 22:40:43,557759249,4,今夜,鬼灭之刃 游郭篇,255055584
炭治郎の疑惑,644.213,1,16777215,2026-03-06 21:50:19,557759249,4,今夜,鬼灭之刃 游郭篇,255055584
名侦炭治郎,488.506,1,16777215,2026-03-06 21:48:22,557759249,4,今夜,鬼灭之刃 游郭篇,255055584
咩～～～～～～～～～～～～～～～～～～～～～～～～～～～～～～～～～～～～～～～～～～～～～～～～～～～～～～～～～～～～～～～～～～～～～～～～～～～～～～～～～～～～～～～～～～～～～～～～～,189.657,1,14811775,2026-03-06 21:10:42,557759249,4,今夜,鬼灭之刃 游郭篇,255055584
俺也一样,575.386,1,16777215,2026-03-06 20:43:38,557759249,4,今夜,鬼灭之刃 游郭篇,255055584
有救的有救的，我都分不清楚她俩,777.706,1,16777215,2026-03-06 20:24:37,557759249,4,今夜,鬼灭之刃 游郭篇,255055584
啊米托拉斯,9.458,1,16777215,2026-03-06 20:15:54,557759249,4,今夜,鬼灭之刃 游郭篇,255055584
但是上弦五没有上弦六没有强呀。,1301.194,5,16707842,2026-03-06 20:04:37,557759249,4,今夜,鬼灭之刃 游郭篇,255055584
华丽,1209.237,1,16777215,2026-03-06 20:02:25,557759249,4,今夜,鬼灭之刃 游郭篇,255055584
我记得他好像死了。,574.354,1,6830715,2026-03-06 19:58:37,557759249,4,今夜,鬼灭之刃 游郭篇,255055584
哒哒哒哒哒哒哒哒哒哒哒哒哒哒哒哒哒哒哒哒哒哒哒哒哒哒哒哒哒哒哒哒哒嗯哒哒哒,155.88,1,8700107,2026-03-06 19:54:40,557759249,4,今夜,鬼灭之刃 游郭篇,255055584
哒哒哒哒哒哒哒哒哒哒哒哒哒哒哒哒哒哒哒哒哒哒哒哒哒哒哒哒哒哒哒哒哒哒,112.44,1,16777215,2026-03-06 19:53:51,557759249,4,今夜,鬼灭之刃 游郭篇,255055584
可以可可以,10.28,1,16777215,2026-03-06 19:43:24,557759249,4,今夜,鬼灭之刃 游郭篇,255055584
鲤————————夏————————姐————————姐————————,790.625,1,16777215,2026-03-06 19:22:58,557759249,4,今夜,鬼灭之刃 游郭篇,255055584
咩～～～～～～～～～～～～～～～～～～～～～～～～～～～～～～～～～～～～～～～～～～～～～～～～～～～～～～,200.324,1,16777215,2026-03-06 19:14:30,557759249,4,今夜,鬼灭之刃 游郭篇,255055584
哒哒哒哒哒哒哒哒哒哒哒哒哒哒哒哒哒哒哒哒哒哒哒哒哒哒~,189.529,1,16777215,2026-03-06 19:14:00,557759249,4,今夜,鬼灭之刃 游郭篇,255055584
忍忍,1395.219,1,16777215,2026-03-06 19:00:06,557759249,4,今夜,鬼灭之刃 游郭篇,255055584
字体华丽哟,1187.685,1,16777215,2026-03-06 18:53:01,557759249,4,今夜,鬼灭之刃 游郭篇,255055584
好萌好萌好萌(๑•.•๑),1177.225,1,16777215,2026-03-06 18:52:46,557759249,4,今夜,鬼灭之刃 游郭篇,255055584
左近次牌的,1098.978,1,16777215,2026-03-06 18:50:39,557759249,4,今夜,鬼灭之刃 游郭篇,255055584
鲤夏姐姐！！！！！！！！！,1041.118,1,16777215,2026-03-06 18:48:46,557759249,4,今夜,鬼灭之刃 游郭篇,255055584
只剩个头了？！,1026.318,1,16777215,2026-03-06 18:48:04,557759249,4,今夜,鬼灭之刃 游郭篇,255055584
恭喜炭子彩票中头奖，奖励上弦之陆一个,1016.838,1,16777215,2026-03-06 18:47:20,557759249,4,今夜,鬼灭之刃 游郭篇,255055584
咩~~~,189.486,1,16777215,2026-03-06 18:32:37,557759249,4,今夜,鬼灭之刃 游郭篇,255055584
我服了,779.953,1,16777215,2026-03-06 17:47:34,557759249,4,今夜,鬼灭之刃 游郭篇,255055584
那个说要太宰治的笑到我了。,1121.028,5,16777215,2026-03-06 13:55:43,557759249,4,今夜,鬼灭之刃 游郭篇,255055584
放出祢豆子,1099.289,1,16777215,2026-03-06 13:25:50,557759249,4,今夜,鬼灭之刃 游郭篇,255055584
美女不要吃美女啊,782.447,1,16777215,2026-03-06 13:20:03,557759249,4,今夜,鬼灭之刃 游郭篇,255055584
危险的味道,702.377,1,16777215,2026-03-06 13:18:31,557759249,4,今夜,鬼灭之刃 游郭篇,255055584
要真就他一个，那不得完蛋,341.513,1,16777215,2026-03-06 13:11:11,557759249,4,今夜,鬼灭之刃 游郭篇,255055584
鲜明对比,85.831,1,16777215,2026-03-06 12:40:05,557759249,4,今夜,鬼灭之刃 游郭篇,255055584
生死不明，那就是死了,327.563,1,16777215,2026-03-06 12:16:42,557759249,4,今夜,鬼灭之刃 游郭篇,255055584
太华丽了,1184.923,1,16777215,2026-03-06 11:40:39,557759249,4,今夜,鬼灭之刃 游郭篇,255055584
华丽,1208.342,1,16777215,2026-03-06 00:03:12,557759249,4,今夜,鬼灭之刃 游郭篇,255055584
咩一,188.581,1,16777215,2026-03-05 21:21:31,557759249,4,今夜,鬼灭之刃 游郭篇,255055584
哒哒哒哒哒哒哒哒哒哒哒哒哒哒哒哒哒哒哒哒哒哒哒哒哒哒哒哒哒哒哒哒哒哒哒哒哒哒哒哒哒哒哒哒哒哒哒哒哒哒哒哒哒哒哒哒哒哒哒哒哒哒哒哒哒哒哒哒哒哒哒哒哒哒哒哒哒哒哒哒哒哒哒哒哒哒哒哒哒哒哒哒哒哒哒哒哒哒哒哒,171.547,1,16777215,2026-03-05 21:20:51,557759249,4,今夜,鬼灭之刃 游郭篇,255055584
哒哒哒哒哒哒哒哒哒哒哒哒哒哒哒哒哒哒哒哒哒哒哒哒哒哒哒哒哒哒哒哒哒哒哒哒哒哒哒哒哒哒哒哒哒哒哒哒哒哒哒哒哒哒哒哒哒哒哒哒哒哒哒哒哒哒哒哒哒哒哒哒哒哒哒哒哒哒哒哒哒哒哒哒,113.351,1,16777215,2026-03-05 21:19:33,557759249,4,今夜,鬼灭之刃 游郭篇,255055584
好可爱呀,840.095,1,16777215,2026-03-05 21:01:10,557759249,4,今夜,鬼灭之刃 游郭篇,255055584
牙齿都脱离骨肉了，哈哈哈,439.874,1,16777215,2026-03-05 20:54:23,557759249,4,今夜,鬼灭之刃 游郭篇,255055584
谁懂我旁边坐着一只刚买的猪猪,482.04,1,16777215,2026-03-05 19:54:42,557759249,4,今夜,鬼灭之刃 游郭篇,255055584
箱子质量好好哦，我也好想买一个,1099.512,1,16777215,2026-03-05 19:48:39,557759249,4,今夜,鬼灭之刃 游郭篇,255055584
不要死呀！不要啊！姐姐，我担心你,779.259,1,16777215,2026-03-05 19:42:57,557759249,4,今夜,鬼灭之刃 游郭篇,255055584
这个猪猪男扮女装的样子好美,549.204,1,16777215,2026-03-05 19:38:23,557759249,4,今夜,鬼灭之刃 游郭篇,255055584
这个猪猪好萌！炭炭好惨，被打了，哈哈,463.623,1,16777215,2026-03-05 19:36:49,557759249,4,今夜,鬼灭之刃 游郭篇,255055584
私逃个蛋啊，老板太聪明了,218.397,1,16777215,2026-03-05 19:32:04,557759249,4,今夜,鬼灭之刃 游郭篇,255055584
花魁姐姐好美,77.492,1,16777215,2026-03-05 19:30:40,557759249,4,今夜,鬼灭之刃 游郭篇,255055584
不一一一一一一一一一一一一一一一一！！！！,768.534,1,16777215,2026-03-05 14:24:59,557759249,4,今夜,鬼灭之刃 游郭篇,255055584
咩～～～~~~~~~~~~~~~~,201.469,1,16777215,2026-03-05 14:15:09,557759249,4,今夜,鬼灭之刃 游郭篇,255055584
哒哒哒哒哒哒哒哒哒哒哒哒哒哒哒哒哒哒哒哒哒哒哒哒哒哒哒哒哒哒哒哒哒哒哒哒哒哒哒哒哒哒哒哒哒哒哒哒哒哒哒哒哒哒哒哒哒哒哒哒哒哒哒,106.749,1,16777215,2026-03-05 14:12:36,557759249,4,今夜,鬼灭之刃 游郭篇,255055584
俺也一样,593.668,1,16777215,2026-03-05 13:42:28,557759249,4,今夜,鬼灭之刃 游郭篇,255055584
中大奖噜,1010.739,1,16777215,2026-03-04 23:48:44,557759249,4,今夜,鬼灭之刃 游郭篇,255055584
咩~~~~~~~~,186.544,1,16777215,2026-03-04 22:40:08,557759249,4,今夜,鬼灭之刃 游郭篇,255055584
老板娘世界观重塑中,867.819,1,41194,2026-03-04 20:29:01,557759249,4,今夜,鬼灭之刃 游郭篇,255055584
这番的bgm都好好听啊,1295.979,1,16777215,2026-03-04 20:26:24,557759249,4,今夜,鬼灭之刃 游郭篇,255055584
声音好好听啊救命,1233.941,1,16777215,2026-03-04 20:24:57,557759249,4,今夜,鬼灭之刃 游郭篇,255055584
[前方高能],709.909,1,16646914,2026-03-04 19:47:16,557759249,4,今夜,鬼灭之刃 游郭篇,255055584
俺也一样！！,579.242,1,16777215,2026-03-04 19:44:44,557759249,4,今夜,鬼灭之刃 游郭篇,255055584
语言指导：入江直树,371.496,1,16777215,2026-03-04 19:43:04,557759249,4,今夜,鬼灭之刃 游郭篇,255055584
我要银钗,80.677,1,16777215,2026-03-04 19:40:26,557759249,4,今夜,鬼灭之刃 游郭篇,255055584
猪猪萌萌的,275.012,5,16777215,2026-03-04 19:19:24,557759249,4,今夜,鬼灭之刃 游郭篇,255055584
猪猪太可爱了,467.09,1,16777215,2026-03-04 18:43:47,557759249,4,今夜,鬼灭之刃 游郭篇,255055584
有点晕谢谢,1104.946,1,16777215,2026-03-04 17:56:36,557759249,4,今夜,鬼灭之刃 游郭篇,255055584
永恒闪耀特利迦,715.815,5,16707842,2026-03-04 17:21:49,557759249,4,今夜,鬼灭之刃 游郭篇,255055584
+1,593.654,1,16777215,2026-03-04 15:36:33,557759249,4,今夜,鬼灭之刃 游郭篇,255055584
鲤-------------夏-----------姐-----------,807.51,1,16777215,2026-03-04 14:24:09,557759249,4,今夜,鬼灭之刃 游郭篇,255055584
好华丽的字体,1194.243,1,16777215,2026-03-04 14:04:32,557759249,4,今夜,鬼灭之刃 游郭篇,255055584
我也喜欢呜呜呜,575.092,1,16777215,2026-03-04 13:05:14,557759249,4,今夜,鬼灭之刃 游郭篇,255055584
咩～～～,185.863,1,16777215,2026-03-04 12:31:42,557759249,4,今夜,鬼灭之刃 游郭篇,255055584
是没人吗？,784.553,1,16777215,2026-03-04 10:49:27,557759249,4,今夜,鬼灭之刃 游郭篇,255055584
咩～～～～～～～～～～～～～～～～,190.916,1,16777215,2026-03-04 10:06:54,557759249,4,今夜,鬼灭之刃 游郭篇,255055584
哒哒哒哒哒哒哒哒哒哒,179.496,1,16777215,2026-03-04 10:06:34,557759249,4,今夜,鬼灭之刃 游郭篇,255055584
咩～～～～～～～～～～～～～～～～～～～～～～～～～～～～～～～～～～～～～～,192.552,1,16777215,2026-03-04 00:45:26,557759249,4,今夜,鬼灭之刃 游郭篇,255055584
俺也一样！！！,579.782,1,16777215,2026-03-03 23:03:50,557759249,4,今夜,鬼灭之刃 游郭篇,255055584
忍者跑,959.339,1,16777215,2026-03-03 22:57:23,557759249,4,今夜,鬼灭之刃 游郭篇,255055584
我们主角团两个都被嫌弃长的丑了,1264.94,1,16777215,2026-03-03 22:35:40,557759249,4,今夜,鬼灭之刃 游郭篇,255055584
恶鬼斩杀,856.186,1,16777215,2026-03-03 21:35:35,557759249,4,今夜,鬼灭之刃 游郭篇,255055584
可以啊,551.296,1,16777215,2026-03-03 20:27:38,557759249,4,今夜,鬼灭之刃 游郭篇,255055584
茱茱不是说思考不是他的风格吗？,520.32,1,16777215,2026-03-03 20:27:03,557759249,4,今夜,鬼灭之刃 游郭篇,255055584
？。,839.34,1,16777215,2026-03-03 20:05:21,557759249,4,今夜,鬼灭之刃 游郭篇,255055584
老板是个聪明人,215.702,1,16777215,2026-03-03 19:54:01,557759249,4,今夜,鬼灭之刃 游郭篇,255055584
咩~,188.682,1,16777215,2026-03-03 19:53:17,557759249,4,今夜,鬼灭之刃 游郭篇,255055584
好萌,460.005,1,41194,2026-03-03 19:48:11,557759249,4,今夜,鬼灭之刃 游郭篇,255055584
是我,685.566,1,16777215,2026-03-03 19:47:04,557759249,4,今夜,鬼灭之刃 游郭篇,255055584
羡慕炭治郎 ,1152.193,1,16777215,2026-03-03 18:29:20,557759249,4,今夜,鬼灭之刃 游郭篇,255055584
无它 唯自动挡尔,184.0,1,16777215,2026-03-03 17:31:25,557759249,4,今夜,鬼灭之刃 游郭篇,255055584
音株依旧华丽,344.438,1,16777215,2026-03-03 17:14:53,557759249,4,今夜,鬼灭之刃 游郭篇,255055584
华丽！,852.013,1,16777215,2026-03-03 17:13:44,557759249,4,今夜,鬼灭之刃 游郭篇,255055584
我劁！,849.355,1,16777215,2026-03-03 17:10:23,557759249,4,今夜,鬼灭之刃 游郭篇,255055584
姐姐！,778.174,1,16777215,2026-03-03 16:52:58,557759249,4,今夜,鬼灭之刃 游郭篇,255055584
快去救姐姐！！！！！！！,806.646,1,16777215,2026-03-03 16:47:31,557759249,4,今夜,鬼灭之刃 游郭篇,255055584
不！！！！！,776.985,1,16777215,2026-03-03 16:46:52,557759249,4,今夜,鬼灭之刃 游郭篇,255055584
不要啊！,758.124,1,16777215,2026-03-03 16:46:19,557759249,4,今夜,鬼灭之刃 游郭篇,255055584
不羡鸳鸯不羡仙，羡慕音柱每一天,99.943,1,16777215,2026-03-03 16:44:40,557759249,4,今夜,鬼灭之刃 游郭篇,255055584
呜呜姐姐,32.518,1,16777215,2026-03-03 16:42:57,557759249,4,今夜,鬼灭之刃 游郭篇,255055584
箱子链接发我,1116.736,1,16777215,2026-03-03 16:39:07,557759249,4,今夜,鬼灭之刃 游郭篇,255055584
有火影那味了,985.513,1,16777215,2026-03-03 16:00:56,557759249,4,今夜,鬼灭之刃 游郭篇,255055584
忍者跑,968.713,1,16777215,2026-03-03 16:00:37,557759249,4,今夜,鬼灭之刃 游郭篇,255055584
每个脚趾头各想各的,827.713,1,16777215,2026-03-03 15:58:13,557759249,4,今夜,鬼灭之刃 游郭篇,255055584
[前方高能],757.093,1,16777215,2026-03-03 15:57:01,557759249,4,今夜,鬼灭之刃 游郭篇,255055584
突然帅起来,609.913,1,16777215,2026-03-03 15:54:32,557759249,4,今夜,鬼灭之刃 游郭篇,255055584
已经联系蛇柱了,359.893,1,16777215,2026-03-03 15:50:20,557759249,4,今夜,鬼灭之刃 游郭篇,255055584
这种人最精了,545.094,1,16777215,2026-03-03 15:13:51,557759249,4,今夜,鬼灭之刃 游郭篇,255055584
笑死我了,851.59,1,16777215,2026-03-03 14:32:36,557759249,4,今夜,鬼灭之刃 游郭篇,255055584
火之神神乐！,1122.06,1,16777215,2026-03-03 14:20:32,557759249,4,今夜,鬼灭之刃 游郭篇,255055584
这边不仅友善且好看，哈哈,51.759,1,16777215,2026-03-03 13:48:13,557759249,4,今夜,鬼灭之刃 游郭篇,255055584
鲤夏姐姐,794.586,1,16777215,2026-03-03 12:53:43,557759249,4,今夜,鬼灭之刃 游郭篇,255055584
呜呜呜鲤夏姐姐,789.923,1,16777215,2026-03-03 12:37:00,557759249,4,今夜,鬼灭之刃 游郭篇,255055584
不要哇,755.158,1,16777215,2026-03-03 12:36:06,557759249,4,今夜,鬼灭之刃 游郭篇,255055584
猪猪好美好美好美,541.903,1,16777215,2026-03-03 12:18:56,557759249,4,今夜,鬼灭之刃 游郭篇,255055584
不羡鸳鸯不羡仙，只羡音柱每一天,11.402,1,15138834,2026-03-03 11:58:09,557759249,4,今夜,鬼灭之刃 游郭篇,255055584
这个故事告诉我们一个道理：便宜没好货,873.723,5,15138834,2026-03-03 11:44:45,557759249,4,今夜,鬼灭之刃 游郭篇,255055584
。？,1244.04,1,16777215,2026-03-03 11:20:38,557759249,4,今夜,鬼灭之刃 游郭篇,255055584
恭喜你中大奖了,1004.914,1,16777215,2026-03-03 11:18:04,557759249,4,今夜,鬼灭之刃 游郭篇,255055584
不！！！,753.563,1,16777215,2026-03-03 11:12:26,557759249,4,今夜,鬼灭之刃 游郭篇,255055584
华丽,1217.399,1,16777215,2026-03-03 09:51:14,557759249,4,今夜,鬼灭之刃 游郭篇,255055584
我激推杀了鲤夏姐姐我不相信,763.659,1,16777215,2026-03-03 09:21:04,557759249,4,今夜,鬼灭之刃 游郭篇,255055584
好温柔啊，不像那家的花魁堕姬,43.025,1,16777215,2026-03-03 09:17:31,557759249,4,今夜,鬼灭之刃 游郭篇,255055584
别刀啊，姐姐，你一定要好好活下去,684.504,1,16777215,2026-03-03 01:42:07,557759249,4,今夜,鬼灭之刃 游郭篇,255055584
哇，这个姐姐真的好温柔!,37.515,1,16777215,2026-03-03 00:39:42,557759249,4,今夜,鬼灭之刃 游郭篇,255055584
666开盲盒直接出大隐藏,1003.479,1,16777215,2026-03-02 23:54:37,557759249,4,今夜,鬼灭之刃 游郭篇,255055584
路人王登场,365.957,1,16777215,2026-03-02 23:47:54,557759249,4,今夜,鬼灭之刃 游郭篇,255055584
最后就华丽哥一个善终的，其他不是在无限城牺牲了 就是开了斑纹撑不下去,344.389,1,16777215,2026-03-02 23:47:15,557759249,4,今夜,鬼灭之刃 游郭篇,255055584
不是晚上人最多吗？这么大动静都没人吗,1079.96,1,16777215,2026-03-02 22:46:33,557759249,4,今夜,鬼灭之刃 游郭篇,255055584
弹幕卡丢了？,1287.765,1,16777215,2026-03-02 22:30:55,557759249,4,今夜,鬼灭之刃 游郭篇,255055584
帅我一脸,183.728,5,14811775,2026-03-02 22:11:34,557759249,4,今夜,鬼灭之刃 游郭篇,255055584
窝12能看吗,6.512,5,14811775,2026-03-02 22:10:01,557759249,4,今夜,鬼灭之刃 游郭篇,255055584
好美好优雅,61.441,1,16777215,2026-03-02 21:57:33,557759249,4,今夜,鬼灭之刃 游郭篇,255055584
眼光不错,1145.16,1,16777215,2026-03-02 21:54:06,557759249,4,今夜,鬼灭之刃 游郭篇,255055584
字体太华丽了,1185.181,1,15138834,2026-03-02 21:48:10,557759249,4,今夜,鬼灭之刃 游郭篇,255055584
不要！,754.74,1,16777215,2026-03-02 21:47:30,557759249,4,今夜,鬼灭之刃 游郭篇,255055584
66长得跟不死川实弥似的。,1258.492,1,16777215,2026-03-02 21:12:17,557759249,4,今夜,鬼灭之刃 游郭篇,255055584
不是他杀人根本没有理由。越来越讨厌他,778.128,1,16777215,2026-03-02 21:05:12,557759249,4,今夜,鬼灭之刃 游郭篇,255055584
华丽,1201.302,1,16777215,2026-03-02 20:16:51,557759249,4,今夜,鬼灭之刃 游郭篇,255055584
哒哒哒哒哒哒哒哒哒哒哒哒哒哒哒哒哒哒哒哒哒哒哒哒哒哒哒哒哒哒哒哒哒哒哒哒哒哒哒哒哒哒哒哒哒哒哒哒哒哒哒哒哒哒哒哒哒哒哒哒哒哒哒哒哒哒哒哒哒哒哒哒哒哒哒哒哒哒哒哒哒哒哒哒哒哒哒哒哒哒哒哒哒哒哒哒哒哒哒,120.08,1,16777215,2026-03-02 20:15:32,557759249,4,今夜,鬼灭之刃 游郭篇,255055584
不行了成豆汁了,1091.534,1,16777215,2026-03-02 20:13:23,557759249,4,今夜,鬼灭之刃 游郭篇,255055584
不———条过半———,992.422,1,16777215,2026-03-02 20:11:27,557759249,4,今夜,鬼灭之刃 游郭篇,255055584
bgm很华丽了,982.609,1,16777215,2026-03-02 20:10:01,557759249,4,今夜,鬼灭之刃 游郭篇,255055584
这就是差距吗,32.018,1,16777215,2026-03-02 19:58:54,557759249,4,今夜,鬼灭之刃 游郭篇,255055584
萌豆！,1179.499,1,16777215,2026-03-02 19:53:14,557759249,4,今夜,鬼灭之刃 游郭篇,255055584
这增高鞋。。。。,1217.868,1,16777215,2026-03-02 19:35:04,557759249,4,今夜,鬼灭之刃 游郭篇,255055584
不要！！！！！,779.399,1,16777215,2026-03-02 19:07:11,557759249,4,今夜,鬼灭之刃 游郭篇,255055584
炭治郎：等一下，我让你害怕！,1031.238,1,16777215,2026-03-02 18:10:56,557759249,4,今夜,鬼灭之刃 游郭篇,255055584
No！！姐姐！,678.346,1,16777215,2026-03-02 18:07:04,557759249,4,今夜,鬼灭之刃 游郭篇,255055584
好可爱啊啊啊啊啊啊啊啊啊啊啊啊啊啊啊,1170.66,1,16777215,2026-03-02 17:11:48,557759249,4,今夜,鬼灭之刃 游郭篇,255055584
?好好笑,832.92,1,16777215,2026-03-02 17:04:45,557759249,4,今夜,鬼灭之刃 游郭篇,255055584
鲤夏姐姐TT,784.56,1,16777215,2026-03-02 17:03:51,557759249,4,今夜,鬼灭之刃 游郭篇,255055584
不要！！！！！,772.08,1,16777215,2026-03-02 17:03:24,557759249,4,今夜,鬼灭之刃 游郭篇,255055584
咩~,185.28,1,16777215,2026-03-02 16:51:32,557759249,4,今夜,鬼灭之刃 游郭篇,255055584
名侦探柯南破案中。…,495.326,1,16777215,2026-03-02 16:48:17,557759249,4,今夜,鬼灭之刃 游郭篇,255055584
拨浪鼓,464.361,1,16777215,2026-03-02 16:47:32,557759249,4,今夜,鬼灭之刃 游郭篇,255055584
华丽鼠,849.763,1,16777215,2026-03-02 15:59:52,557759249,4,今夜,鬼灭之刃 游郭篇,255055584
俺也一样,585.937,1,16777215,2026-03-02 15:46:04,557759249,4,今夜,鬼灭之刃 游郭篇,255055584
鲤夏姐姐没死吧？,787.537,1,16777215,2026-03-02 15:43:54,557759249,4,今夜,鬼灭之刃 游郭篇,255055584
华丽,1194.382,1,16777215,2026-03-02 15:21:31,557759249,4,今夜,鬼灭之刃 游郭篇,255055584
太华丽了,855.328,1,16777215,2026-03-02 15:17:25,557759249,4,今夜,鬼灭之刃 游郭篇,255055584
弥豆子变成弥豆汁。,1112.586,1,16777215,2026-03-02 15:14:12,557759249,4,今夜,鬼灭之刃 游郭篇,255055584
火之神神乐,1082.71,1,16777215,2026-03-02 13:56:49,557759249,4,今夜,鬼灭之刃 游郭篇,255055584
你把生命当什么了,1005.13,1,16777215,2026-03-02 13:55:26,557759249,4,今夜,鬼灭之刃 游郭篇,255055584
不是猪猪,1363.831,1,16777215,2026-03-02 13:43:00,557759249,4,今夜,鬼灭之刃 游郭篇,255055584
我也喜欢鲤夏！,577.434,1,16777215,2026-03-02 13:18:53,557759249,4,今夜,鬼灭之刃 游郭篇,255055584
鲤————————夏————————姐————————姐————————,991.597,1,16777215,2026-03-02 12:54:50,557759249,4,今夜,鬼灭之刃 游郭篇,255055584
咩～～～～～,186.23,1,16777215,2026-03-02 12:41:24,557759249,4,今夜,鬼灭之刃 游郭篇,255055584
鲤————————夏————————姐————————姐————————,802.427,1,16777215,2026-03-02 12:22:17,557759249,4,今夜,鬼灭之刃 游郭篇,255055584
补得好好,777.661,1,16777215,2026-03-02 12:21:57,557759249,4,今夜,鬼灭之刃 游郭篇,255055584
中大奖了,1018.451,1,16777215,2026-03-02 12:11:07,557759249,4,今夜,鬼灭之刃 游郭篇,255055584
俺也一样,573.454,1,16777215,2026-03-02 11:57:33,557759249,4,今夜,鬼灭之刃 游郭篇,255055584
简直是天差地别,30.159,1,16777215,2026-03-02 09:12:24,557759249,4,今夜,鬼灭之刃 游郭篇,255055584
祢豆子：？,1112.472,1,16777215,2026-03-02 08:45:16,557759249,4,今夜,鬼灭之刃 游郭篇,255055584
咩～,189.509,1,16777215,2026-03-02 08:28:28,557759249,4,今夜,鬼灭之刃 游郭篇,255055584
哭了。。。。。,787.752,1,16777215,2026-03-02 07:29:30,557759249,4,今夜,鬼灭之刃 游郭篇,255055584
鲤————夏————姐————姐————！！！！,809.918,1,16777215,2026-03-02 03:49:12,557759249,4,今夜,鬼灭之刃 游郭篇,255055584
不要呀,780.48,1,16777215,2026-03-02 01:33:17,557759249,4,今夜,鬼灭之刃 游郭篇,255055584
不要啊！,787.912,1,16777215,2026-03-02 00:23:25,557759249,4,今夜,鬼灭之刃 游郭篇,255055584
我家炭炭不丑！！！,1255.438,1,15138834,2026-03-02 00:13:09,557759249,4,今夜,鬼灭之刃 游郭篇,255055584
[ohhh],801.96,1,16777215,2026-03-01 23:06:27,557759249,4,今夜,鬼灭之刃 游郭篇,255055584
猪肉盖章呜呜呜,390.297,1,16777215,2026-03-01 23:00:32,557759249,4,今夜,鬼灭之刃 游郭篇,255055584
雅美咯！,759.375,1,16777215,2026-03-01 22:31:24,557759249,4,今夜,鬼灭之刃 游郭篇,255055584
好害怕。,739.782,1,16777215,2026-03-01 22:24:26,557759249,4,今夜,鬼灭之刃 游郭篇,255055584
为啥不能在白天找麻烦，她这有地方躲吗,981.505,1,16777215,2026-03-01 21:20:35,557759249,4,今夜,鬼灭之刃 游郭篇,255055584
还好善善丑,1050.936,1,38979,2026-03-01 20:40:21,557759249,4,今夜,鬼灭之刃 游郭篇,255055584
一想到钢铁冢一边抱怨一边造新刀我就想笑,1087.668,1,16777215,2026-03-01 20:39:39,557759249,4,今夜,鬼灭之刃 游郭篇,255055584
完了感觉,745.962,1,16777215,2026-03-01 20:31:02,557759249,4,今夜,鬼灭之刃 游郭篇,255055584
完了完了,675.938,1,16777215,2026-03-01 20:28:20,557759249,4,今夜,鬼灭之刃 游郭篇,255055584
俺也一样,549.332,1,16777215,2026-03-01 20:26:10,557759249,4,今夜,鬼灭之刃 游郭篇,255055584
咩~~~~~~,187.29,5,16777215,2026-03-01 20:19:35,557759249,4,今夜,鬼灭之刃 游郭篇,255055584
鲤一一一夏一一一姐一一一姐一一一,810.511,1,16777215,2026-03-01 19:49:24,557759249,4,今夜,鬼灭之刃 游郭篇,255055584
字体好评,1192.046,1,16777215,2026-03-01 19:21:50,557759249,4,今夜,鬼灭之刃 游郭篇,255055584
鲤————————夏————————姐————————姐————————,1104.767,1,16777215,2026-03-01 19:20:29,557759249,4,今夜,鬼灭之刃 游郭篇,255055584
鲤夏姐姐      ！,1002.477,1,16777215,2026-03-01 19:18:34,557759249,4,今夜,鬼灭之刃 游郭篇,255055584
华丽的字体！,1197.454,1,16777215,2026-03-01 18:46:32,557759249,4,今夜,鬼灭之刃 游郭篇,255055584
萌的我,72.791,1,16777215,2026-03-01 18:45:34,557759249,4,今夜,鬼灭之刃 游郭篇,255055584
求箱子链接,1104.943,1,9599289,2026-03-01 17:20:54,557759249,4,今夜,鬼灭之刃 游郭篇,255055584
但吃猪猪,1046.927,1,9599289,2026-03-01 17:19:05,557759249,4,今夜,鬼灭之刃 游郭篇,255055584
鲤夏姐姐好温柔啊！,563.554,1,16777215,2026-03-01 17:12:42,557759249,4,今夜,鬼灭之刃 游郭篇,255055584
咩～～～～～～～～～～～～～～～～～～,200.651,1,16777215,2026-03-01 17:10:37,557759249,4,今夜,鬼灭之刃 游郭篇,255055584
就急急急急急急急急急急急急急急急急急急急急急急急急急急急急急急急急急急急急急急急急急急急急急急急急急急急急急急急急急急急急急急急,773.765,1,16777215,2026-03-01 17:06:02,557759249,4,今夜,鬼灭之刃 游郭篇,255055584
No!!!!!!!!!!!!!!!!!!!!!!!!,753.89,1,15138834,2026-03-01 16:42:42,557759249,4,今夜,鬼灭之刃 游郭篇,255055584
俺也一样,593.425,1,16777215,2026-03-01 16:34:27,557759249,4,今夜,鬼灭之刃 游郭篇,255055584
太带感了,1213.95,1,16777215,2026-03-01 16:18:33,557759249,4,今夜,鬼灭之刃 游郭篇,255055584
这样子看珠珠还挺帅的,544.478,1,16777215,2026-03-01 15:01:14,557759249,4,今夜,鬼灭之刃 游郭篇,255055584
发发发,1215.496,5,9599289,2026-03-01 14:47:08,557759249,4,今夜,鬼灭之刃 游郭篇,255055584
鲤夏姐姐！！！,1125.349,1,16777215,2026-03-01 14:32:59,557759249,4,今夜,鬼灭之刃 游郭篇,255055584
还只吃漂亮饭,1153.755,1,16777215,2026-03-01 14:30:18,557759249,4,今夜,鬼灭之刃 游郭篇,255055584
不！！！！！！！！！！！！！！！！！！！！！！！！！,782.563,1,16777215,2026-03-01 14:16:48,557759249,4,今夜,鬼灭之刃 游郭篇,255055584
杀千刀的！,776.828,1,16777215,2026-03-01 14:16:32,557759249,4,今夜,鬼灭之刃 游郭篇,255055584
鲤夏姐姐不要啊，别刀我,772.284,1,16777215,2026-03-01 14:16:15,557759249,4,今夜,鬼灭之刃 游郭篇,255055584
补药啊，姐姐！鲤夏姐姐,768.161,1,16777215,2026-03-01 14:15:47,557759249,4,今夜,鬼灭之刃 游郭篇,255055584
炭——炭——不——丑——！！,1262.283,1,16777215,2026-03-01 14:01:11,557759249,4,今夜,鬼灭之刃 游郭篇,255055584
有种不祥的预感,681.834,5,16777215,2026-03-01 13:19:29,557759249,4,今夜,鬼灭之刃 游郭篇,255055584
华丽的字体,1188.455,1,16777215,2026-03-01 12:20:30,557759249,4,今夜,鬼灭之刃 游郭篇,255055584
炭治郎！,1289.518,1,16777215,2026-03-01 12:15:33,557759249,4,今夜,鬼灭之刃 游郭篇,255055584
没人发弹幕吗？,969.525,1,16777215,2026-03-01 11:54:17,557759249,4,今夜,鬼灭之刃 游郭篇,255055584
达咩！！,784.25,1,16777215,2026-03-01 11:29:07,557759249,4,今夜,鬼灭之刃 游郭篇,255055584
豆子要被均匀涂抹在箱子里了,732.464,1,16777215,2026-03-01 10:44:02,557759249,4,今夜,鬼灭之刃 游郭篇,255055584
丸辣！补药哇！,773.904,1,16777215,2026-03-01 09:25:27,557759249,4,今夜,鬼灭之刃 游郭篇,255055584
丸辣！补药哇！,773.904,1,16777215,2026-03-01 09:25:15,557759249,4,今夜,鬼灭之刃 游郭篇,255055584
丸辣！补药哇！,773.904,1,16777215,2026-03-01 09:25:14,557759249,4,今夜,鬼灭之刃 游郭篇,255055584
我有一种不祥的预感,714.597,1,16777215,2026-03-01 09:22:53,557759249,4,今夜,鬼灭之刃 游郭篇,255055584
丸辣！,676.197,1,16777215,2026-03-01 09:21:58,557759249,4,今夜,鬼灭之刃 游郭篇,255055584
不好！,581.818,1,16777215,2026-03-01 09:20:21,557759249,4,今夜,鬼灭之刃 游郭篇,255055584
啊啊啊啊啊啊啊啊啊啊姐姐！不要！！！,764.925,1,16777215,2026-03-01 07:32:53,557759249,4,今夜,鬼灭之刃 游郭篇,255055584
美颜暴击 太美了猪猪我靠,381.968,1,16777215,2026-03-01 06:24:00,557759249,4,今夜,鬼灭之刃 游郭篇,255055584
猪猪好美啊,350.276,1,16777215,2026-03-01 06:23:19,557759249,4,今夜,鬼灭之刃 游郭篇,255055584
亚妹喽！,791.359,1,16777215,2026-03-01 03:30:29,557759249,4,今夜,鬼灭之刃 游郭篇,255055584
包赢的，你是主角,1267.008,1,16777215,2026-03-01 03:08:53,557759249,4,今夜,鬼灭之刃 游郭篇,255055584
华丽,1208.647,1,16777215,2026-03-01 02:13:25,557759249,4,今夜,鬼灭之刃 游郭篇,255055584
不要立flag啊姬姐,674.897,1,16777215,2026-03-01 00:48:31,557759249,4,今夜,鬼灭之刃 游郭篇,255055584
:::::,652.349,1,16777215,2026-03-01 00:31:48,557759249,4,今夜,鬼灭之刃 游郭篇,255055584
好可爱！！,651.826,1,16777215,2026-03-01 00:26:37,557759249,4,今夜,鬼灭之刃 游郭篇,255055584
别碰她！！！！！！！！！！！！！！！！！！！！！！！！！！！！！！！！！！！！！！！！！！！！！！！！！！！！！！！！！！！！！！！！！！！！！！！！！！！！！,768.542,1,14811775,2026-02-28 23:35:47,557759249,4,今夜,鬼灭之刃 游郭篇,255055584
亚美楼！！！,751.994,1,16777215,2026-02-28 23:06:51,557759249,4,今夜,鬼灭之刃 游郭篇,255055584
咩～～～～～～～～～～～～～～～～～～～～,187.64,1,16777215,2026-02-28 22:18:13,557759249,4,今夜,鬼灭之刃 游郭篇,255055584
鲤夏就是温柔大姐姐,79.696,1,16777215,2026-02-28 22:17:33,557759249,4,今夜,鬼灭之刃 游郭篇,255055584
鲤————夏————姐————姐————,806.384,1,16777215,2026-02-28 22:13:55,557759249,4,今夜,鬼灭之刃 游郭篇,255055584
咩～～～～～咩～～～～～,189.509,1,16777215,2026-02-28 22:04:47,557759249,4,今夜,鬼灭之刃 游郭篇,255055584
珍惜这次，是炭炭最后一次用水呼了,1188.166,1,16777215,2026-02-28 21:39:55,557759249,4,今夜,鬼灭之刃 游郭篇,255055584
恭喜炭子彩票中头奖，奖励上弦之陆一个,1026.646,1,16777215,2026-02-28 21:35:32,557759249,4,今夜,鬼灭之刃 游郭篇,255055584
QAQ,1185.273,1,16777215,2026-02-28 21:22:08,557759249,4,今夜,鬼灭之刃 游郭篇,255055584
但她有哥哥,1082.869,1,16777215,2026-02-28 21:18:01,557759249,4,今夜,鬼灭之刃 游郭篇,255055584
苦无！,893.827,1,16777215,2026-02-28 21:00:52,557759249,4,今夜,鬼灭之刃 游郭篇,255055584
哈哈哈炭炭懵了,635.841,1,16777215,2026-02-28 20:13:27,557759249,4,今夜,鬼灭之刃 游郭篇,255055584
别走啊！,741.15,1,16777215,2026-02-28 20:11:17,557759249,4,今夜,鬼灭之刃 游郭篇,255055584
别走了,734.73,1,16777215,2026-02-28 20:11:07,557759249,4,今夜,鬼灭之刃 游郭篇,255055584
华丽,1210.103,1,16777215,2026-02-28 19:53:00,557759249,4,今夜,鬼灭之刃 游郭篇,255055584
衣带诏,1215.4,5,16777215,2026-02-28 19:34:45,557759249,4,今夜,鬼灭之刃 游郭篇,255055584
所以路柱也不菜的,379.862,1,16777215,2026-02-28 19:31:33,557759249,4,今夜,鬼灭之刃 游郭篇,255055584
[前方高能],753.172,5,16777215,2026-02-28 19:27:00,557759249,4,今夜,鬼灭之刃 游郭篇,255055584
姐姐！！！,747.501,1,14811775,2026-02-28 19:26:15,557759249,4,今夜,鬼灭之刃 游郭篇,255055584
鲤————————————————————————————————————夏————————————————————————————————————姐———————————————姐—————————,807.395,1,16777215,2026-02-28 19:10:36,557759249,4,今夜,鬼灭之刃 游郭篇,255055584
鲤夏姐姐————————————————————————————————————————————————————————————————————————————————————————————————,789.468,1,16777215,2026-02-28 19:08:59,557759249,4,今夜,鬼灭之刃 游郭篇,255055584
好可爱,577.457,1,16777215,2026-02-28 18:59:41,557759249,4,今夜,鬼灭之刃 游郭篇,255055584
咩～～～～～～～～～～～～～～～咩～～～～～～～～～～～～～～～～咩～～～～～～～～～～～～～～～～～咩～～～～～～～～～～～～～～～咩～～～～～～～～～～～～～～～～咩～～～～～～～～～～～～～～～,191.67,1,16777215,2026-02-28 18:57:53,557759249,4,今夜,鬼灭之刃 游郭篇,255055584
哒哒哒哒哒哒哒哒哒哒哒哒哒哒哒哒哒哒哒哒哒哒哒哒哒哒~,188.921,1,16777215,2026-02-28 18:57:41,557759249,4,今夜,鬼灭之刃 游郭篇,255055584
泰塔斯吗？,1422.138,1,16777215,2026-02-28 18:46:08,557759249,4,今夜,鬼灭之刃 游郭篇,255055584
每日一咩～～～～～～,188.487,1,16777215,2026-02-28 18:33:23,557759249,4,今夜,鬼灭之刃 游郭篇,255055584
不要哇！！！〒▽〒,776.369,1,16777215,2026-02-28 17:22:45,557759249,4,今夜,鬼灭之刃 游郭篇,255055584
不羡鸳鸯不羡仙，只羡音每一天,108.23,1,16777215,2026-02-28 17:15:59,557759249,4,今夜,鬼灭之刃 游郭篇,255055584
弥豆子：？发生了什么 哥你还活着么,1074.06,1,16777215,2026-02-28 17:13:48,557759249,4,今夜,鬼灭之刃 游郭篇,255055584
？此乃何物,851.777,1,16777215,2026-02-28 17:07:56,557759249,4,今夜,鬼灭之刃 游郭篇,255055584
华丽,1203.072,1,16777215,2026-02-28 16:49:24,557759249,4,今夜,鬼灭之刃 游郭篇,255055584
我们是的祢豆子呢,488.849,1,16777215,2026-02-28 16:44:01,557759249,4,今夜,鬼灭之刃 游郭篇,255055584
]'],1311.99,1,16777215,2026-02-28 16:20:02,557759249,4,今夜,鬼灭之刃 游郭篇,255055584
炭炭的眼睛真的好美…像红宝石一样…,1290.556,1,16777215,2026-02-28 15:57:07,557759249,4,今夜,鬼灭之刃 游郭篇,255055584
华丽,1197.143,1,16777215,2026-02-28 15:55:26,557759249,4,今夜,鬼灭之刃 游郭篇,255055584
华丽,1202.805,1,16777215,2026-02-28 15:46:29,557759249,4,今夜,鬼灭之刃 游郭篇,255055584
太阳：无惨，我想你了，我们出去玩好不好？,1267.532,1,16777215,2026-02-28 15:32:42,557759249,4,今夜,鬼灭之刃 游郭篇,255055584
太阳。,1267.532,1,16777215,2026-02-28 15:32:25,557759249,4,今夜,鬼灭之刃 游郭篇,255055584
鲤————————夏————————姐————————姐————————,993.589,1,8700107,2026-02-28 15:30:48,557759249,4,今夜,鬼灭之刃 游郭篇,255055584
等级最低？,353.991,1,16777215,2026-02-28 15:09:55,557759249,4,今夜,鬼灭之刃 游郭篇,255055584
敌我花魁,44.641,1,16777215,2026-02-28 15:05:35,557759249,4,今夜,鬼灭之刃 游郭篇,255055584
好温柔！,83.157,1,16777215,2026-02-28 14:57:17,557759249,4,今夜,鬼灭之刃 游郭篇,255055584
好华丽的字体,1194.718,1,41194,2026-02-28 14:35:16,557759249,4,今夜,鬼灭之刃 游郭篇,255055584
我也喜欢,577.301,1,14811775,2026-02-28 14:18:25,557759249,4,今夜,鬼灭之刃 游郭篇,255055584
肯定不能啊，不然上弦不就白当了。,1273.143,1,16777215,2026-02-28 14:12:56,557759249,4,今夜,鬼灭之刃 游郭篇,255055584
NO__________________________________________________________________________________________________,853.349,1,16777215,2026-02-28 13:45:40,557759249,4,今夜,鬼灭之刃 游郭篇,255055584
---------------------------------------------------------------------------------------------------,753.738,1,16777215,2026-02-28 13:44:00,557759249,4,今夜,鬼灭之刃 游郭篇,255055584
----,689.128,1,16777215,2026-02-28 13:42:55,557759249,4,今夜,鬼灭之刃 游郭篇,255055584
____________________________________________________________________________________________________,653.788,1,16777215,2026-02-28 13:42:20,557759249,4,今夜,鬼灭之刃 游郭篇,255055584
____________________________________________________________________________________________________,629.739,1,16777215,2026-02-28 13:41:56,557759249,4,今夜,鬼灭之刃 游郭篇,255055584
____________________________________________________________________________________________________,612.184,1,16777215,2026-02-28 13:41:38,557759249,4,今夜,鬼灭之刃 游郭篇,255055584
————————————————————————————————————————————————————————————————————————————————————————————————————,579.296,1,16777215,2026-02-28 13:41:05,557759249,4,今夜,鬼灭之刃 游郭篇,255055584
————————————————————————————————————————————————————————————————————————————————————————————————————,535.114,1,16777215,2026-02-28 13:40:21,557759249,4,今夜,鬼灭之刃 游郭篇,255055584
----------------------------------------------------------------------------------------------------,490.124,1,16777215,2026-02-28 13:39:36,557759249,4,今夜,鬼灭之刃 游郭篇,255055584
啦啦啦啦啦啦啦啦啦啦啦啦啦啦啦啦啦啦啦,456.847,1,16777215,2026-02-28 13:39:03,557759249,4,今夜,鬼灭之刃 游郭篇,255055584
鲤————————夏————————姐————————姐————————,811.965,1,16777215,2026-02-28 13:23:36,557759249,4,今夜,鬼灭之刃 游郭篇,255055584
我真求你了啊啊啊,784.354,1,16777215,2026-02-28 13:06:32,557759249,4,今夜,鬼灭之刃 游郭篇,255055584
俺也一样,572.817,1,16777215,2026-02-28 13:02:40,557759249,4,今夜,鬼灭之刃 游郭篇,255055584
我趣,1193.239,1,16777215,2026-02-28 13:01:46,557759249,4,今夜,鬼灭之刃 游郭篇,255055584
咋这么可爱,411.534,1,16777215,2026-02-28 12:59:50,557759249,4,今夜,鬼灭之刃 游郭篇,255055584
丸辣,705.369,1,16777215,2026-02-28 12:58:19,557759249,4,今夜,鬼灭之刃 游郭篇,255055584
鲤夏姐姐,30.274,1,16777215,2026-02-28 12:54:41,557759249,4,今夜,鬼灭之刃 游郭篇,255055584
我也愿意m,685.512,1,16777215,2026-02-28 12:19:40,557759249,4,今夜,鬼灭之刃 游郭篇,255055584
鲤———夏———姐———姐———,804.501,1,16777215,2026-02-28 12:12:06,557759249,4,今夜,鬼灭之刃 游郭篇,255055584
[前方高能],748.864,1,16777215,2026-02-28 12:09:51,557759249,4,今夜,鬼灭之刃 游郭篇,255055584
好可爱啊啊啊啊啊！,49.864,1,16777215,2026-02-28 12:09:22,557759249,4,今夜,鬼灭之刃 游郭篇,255055584
俺也一样,586.475,1,16777215,2026-02-28 12:06:08,557759249,4,今夜,鬼灭之刃 游郭篇,255055584
我承认你是个忍者,884.94,1,16777215,2026-02-28 11:58:35,557759249,4,今夜,鬼灭之刃 游郭篇,255055584
一点也不丑 多可爱,1254.606,1,16777215,2026-02-28 11:45:00,557759249,4,今夜,鬼灭之刃 游郭篇,255055584
把魏无羡召唤过来吧,532.096,1,6830715,2026-02-28 10:47:46,557759249,4,今夜,鬼灭之刃 游郭篇,255055584
善意：我才不丑。,1015.679,1,16777215,2026-02-28 10:08:48,557759249,4,今夜,鬼灭之刃 游郭篇,255055584
华丽,858.277,1,16777215,2026-02-28 10:05:49,557759249,4,今夜,鬼灭之刃 游郭篇,255055584
鲤！————————夏！————————姐！————————姐！————————,820.257,1,16777215,2026-02-28 10:05:08,557759249,4,今夜,鬼灭之刃 游郭篇,255055584
咩～～～～～～～～～～～～～～～～～～～～～～～～～～～～～～～～～～～～～～～～～～～～～～～～～～～～～～～～～～,188.269,1,16777215,2026-02-28 09:53:29,557759249,4,今夜,鬼灭之刃 游郭篇,255055584
华丽,1196.889,1,16777215,2026-02-28 07:49:59,557759249,4,今夜,鬼灭之刃 游郭篇,255055584
咩～～～,190.312,1,16777215,2026-02-28 06:19:01,557759249,4,今夜,鬼灭之刃 游郭篇,255055584
华丽！太华丽了！,1197.942,1,16777215,2026-02-28 06:00:54,557759249,4,今夜,鬼灭之刃 游郭篇,255055584
升了3级,355.328,1,16777215,2026-02-28 05:45:52,557759249,4,今夜,鬼灭之刃 游郭篇,255055584
好帅的字体!,1202.445,1,16777215,2026-02-28 03:49:07,557759249,4,今夜,鬼灭之刃 游郭篇,255055584
音柱好帅好帅好帅好帅好帅好帅好帅好帅好帅好帅！,879.011,1,16777215,2026-02-28 03:41:43,557759249,4,今夜,鬼灭之刃 游郭篇,255055584
NO ！NO！NO！姐姐别死别死别死别死别死别死别死！,766.586,1,16777215,2026-02-28 03:37:55,557759249,4,今夜,鬼灭之刃 游郭篇,255055584
便宜没好货在此刻具象化了,837.894,1,16777215,2026-02-28 03:25:55,557759249,4,今夜,鬼灭之刃 游郭篇,255055584
我靠鳄鱼我恨你！,810.953,1,16777215,2026-02-28 03:19:47,557759249,4,今夜,鬼灭之刃 游郭篇,255055584
没人发现这个脚真的很好笑嘛,503.056,1,41194,2026-02-28 03:01:09,557759249,4,今夜,鬼灭之刃 游郭篇,255055584
师傅牌的箱子,1102.229,1,16777215,2026-02-28 01:21:54,557759249,4,今夜,鬼灭之刃 游郭篇,255055584
哈哈哈哈哈哈哈哈哈哈哈哈哈哈哈哈哈哈哈哈哈哈哈哈哈哈哈哈哈哈哈哈哈哈哈哈哈哈哈哈哈哈哈哈哈哈哈哈哈哈哈哈哈哈哈哈哈哈哈哈哈哈哈哈哈哈哈哈哈哈哈哈哈哈哈哈哈哈哈哈哈哈哈哈哈哈哈,840.684,1,16777215,2026-02-28 01:17:16,557759249,4,今夜,鬼灭之刃 游郭篇,255055584
丑萌？,1251.475,1,16777215,2026-02-28 01:15:52,557759249,4,今夜,鬼灭之刃 游郭篇,255055584
十里八乡的俊后生,1259.951,1,16777215,2026-02-28 01:15:48,557759249,4,今夜,鬼灭之刃 游郭篇,255055584
俺也一样,549.182,1,16777215,2026-02-28 00:59:30,557759249,4,今夜,鬼灭之刃 游郭篇,255055584
2026年2月28,546.422,1,16777215,2026-02-28 00:37:53,557759249,4,今夜,鬼灭之刃 游郭篇,255055584
豆子！,1174.905,1,16777215,2026-02-28 00:12:32,557759249,4,今夜,鬼灭之刃 游郭篇,255055584
不要啊！！,776.745,1,16777215,2026-02-28 00:05:45,557759249,4,今夜,鬼灭之刃 游郭篇,255055584
不！！！,767.625,1,16777215,2026-02-28 00:05:20,557759249,4,今夜,鬼灭之刃 游郭篇,255055584
华丽字体,1185.473,1,16777215,2026-02-27 23:56:18,557759249,4,今夜,鬼灭之刃 游郭篇,255055584
炭炭你好萌啊,649.237,1,16777215,2026-02-27 23:51:18,557759249,4,今夜,鬼灭之刃 游郭篇,255055584
漂亮姐姐！！不！！,755.931,1,15138834,2026-02-27 23:47:42,557759249,4,今夜,鬼灭之刃 游郭篇,255055584
啊啊啊善子，宇善姐狂喜,887.315,1,8700107,2026-02-27 23:24:45,557759249,4,今夜,鬼灭之刃 游郭篇,255055584
我不行了。。。。。。。。。。。。。。炸裂,852.951,1,15138834,2026-02-27 22:49:09,557759249,4,今夜,鬼灭之刃 游郭篇,255055584
这字体好华丽,1192.074,1,16777215,2026-02-27 22:48:27,557759249,4,今夜,鬼灭之刃 游郭篇,255055584
猪猪正常说话真的好好听,413.435,1,16777215,2026-02-27 22:32:41,557759249,4,今夜,鬼灭之刃 游郭篇,255055584
不要啊！,779.399,1,16777215,2026-02-27 22:18:14,557759249,4,今夜,鬼灭之刃 游郭篇,255055584
啊啊啊？左右脑互搏是吗？,1246.87,1,16707842,2026-02-27 22:16:32,557759249,4,今夜,鬼灭之刃 游郭篇,255055584
No！！！！！！！！！！！！！！！！,768.235,1,16777215,2026-02-27 22:13:31,557759249,4,今夜,鬼灭之刃 游郭篇,255055584
补药啊,753.131,1,16777215,2026-02-27 22:08:05,557759249,4,今夜,鬼灭之刃 游郭篇,255055584
感觉不妙，有股不详的预感,733.761,1,16777215,2026-02-27 22:07:35,557759249,4,今夜,鬼灭之刃 游郭篇,255055584
善善：so？,434.903,1,16777215,2026-02-27 21:59:55,557759249,4,今夜,鬼灭之刃 游郭篇,255055584
哈哈哈哈哈哈哈哈哈哈哈哈哈哈哈哈哈哈哈哈哈哈哈哈哈哈哈哈哈哈哈哈哈哈哈哈哈哈哈哈哈哈哈哈哈哈哈哈哈哈哈哈哈,641.459,1,16777215,2026-02-27 21:58:10,557759249,4,今夜,鬼灭之刃 游郭篇,255055584
哈哈哈哈哈哈哈哈哈哈哈哈哈哈哈,635.596,1,16777215,2026-02-27 21:57:56,557759249,4,今夜,鬼灭之刃 游郭篇,255055584
补药……,754.496,1,16777215,2026-02-27 21:37:51,557759249,4,今夜,鬼灭之刃 游郭篇,255055584
咩～～～～～～～～～～～～～～～～～～～～,192.708,1,16777215,2026-02-27 21:23:10,557759249,4,今夜,鬼灭之刃 游郭篇,255055584
华丽,1197.184,1,16777215,2026-02-27 21:12:44,557759249,4,今夜,鬼灭之刃 游郭篇,255055584
完了！不要啊！me的鲤夏姐姐！不！,759.083,1,16777215,2026-02-27 21:12:20,557759249,4,今夜,鬼灭之刃 游郭篇,255055584
我也最喜欢鲤夏花魁了,572.173,1,16777215,2026-02-27 21:09:44,557759249,4,今夜,鬼灭之刃 游郭篇,255055584
笑死我了,647.787,1,16777215,2026-02-27 20:50:46,557759249,4,今夜,鬼灭之刃 游郭篇,255055584
什么郎？,827.175,1,16777215,2026-02-27 20:46:50,557759249,4,今夜,鬼灭之刃 游郭篇,255055584
炭炭还是有脑子,491.349,1,16777215,2026-02-27 20:41:13,557759249,4,今夜,鬼灭之刃 游郭篇,255055584
怎么有两个花魁啊 猪猪那边的和这里还有善善的都是鬼吗,88.62,1,16777215,2026-02-27 20:35:17,557759249,4,今夜,鬼灭之刃 游郭篇,255055584
华丽文字！！！！！！！,1184.464,1,16777215,2026-02-27 20:22:17,557759249,4,今夜,鬼灭之刃 游郭篇,255055584
鲤————————夏————————姐————————姐————————,982.247,5,16777215,2026-02-27 19:57:30,557759249,4,今夜,鬼灭之刃 游郭篇,255055584
咩~~~~~~~~~~~~~~,191.062,1,16777215,2026-02-27 18:36:27,557759249,4,今夜,鬼灭之刃 游郭篇,255055584
很华丽哦,1197.065,1,16777215,2026-02-27 18:16:46,557759249,4,今夜,鬼灭之刃 游郭篇,255055584
不要啊！,754.595,1,16777215,2026-02-27 18:15:19,557759249,4,今夜,鬼灭之刃 游郭篇,255055584
通灵之术,1399.062,1,16777215,2026-02-27 18:14:28,557759249,4,今夜,鬼灭之刃 游郭篇,255055584
是音影,889.622,1,16777215,2026-02-27 18:03:43,557759249,4,今夜,鬼灭之刃 游郭篇,255055584
太八郎快回来,776.939,1,16777215,2026-02-27 17:53:35,557759249,4,今夜,鬼灭之刃 游郭篇,255055584
俺也一样,581.229,1,16777215,2026-02-27 17:26:15,557759249,4,今夜,鬼灭之刃 游郭篇,255055584
俺也一样！,583.682,1,16777215,2026-02-27 17:12:43,557759249,4,今夜,鬼灭之刃 游郭篇,255055584
音柱，那你无限城决战的时候是怎么想的呢？,346.989,1,16777215,2026-02-27 17:08:51,557759249,4,今夜,鬼灭之刃 游郭篇,255055584
哈喽呀 哈喽哈喽,1204.766,1,16777215,2026-02-27 17:06:34,557759249,4,今夜,鬼灭之刃 游郭篇,255055584
我也最喜欢鲤夏花魁姐姐了！,583.147,1,16777215,2026-02-27 16:33:51,557759249,4,今夜,鬼灭之刃 游郭篇,255055584
不要叠buff了啊喂,707.524,1,16777215,2026-02-27 16:09:53,557759249,4,今夜,鬼灭之刃 游郭篇,255055584
经费在燃烧。,1207.258,1,16777215,2026-02-27 15:11:45,557759249,4,今夜,鬼灭之刃 游郭篇,255055584
哒哒哒哒哒哒哒哒哒哒哒哒哒哒哒哒哒哒哒哒哒哒哒,174.209,1,16777215,2026-02-27 15:03:35,557759249,4,今夜,鬼灭之刃 游郭篇,255055584
哈哈哈,841.77,1,16777215,2026-02-27 14:38:04,557759249,4,今夜,鬼灭之刃 游郭篇,255055584
哈哈哈好可爱,646.966,1,16777215,2026-02-27 14:34:41,557759249,4,今夜,鬼灭之刃 游郭篇,255055584
猪猪好可爱！！！！！！！！！,455.131,1,16777215,2026-02-27 14:31:13,557759249,4,今夜,鬼灭之刃 游郭篇,255055584
好温柔！！！！！,88.572,1,16777215,2026-02-27 14:26:15,557759249,4,今夜,鬼灭之刃 游郭篇,255055584
你也要单挑吗,1187.769,1,16777215,2026-02-27 13:45:55,557759249,4,今夜,鬼灭之刃 游郭篇,255055584
我求求你了 TAT,781.432,1,16777215,2026-02-27 13:42:54,557759249,4,今夜,鬼灭之刃 游郭篇,255055584
月下鼠兄贵,1408.445,5,16777215,2026-02-27 13:04:11,557759249,4,今夜,鬼灭之刃 游郭篇,255055584
华丽的字体,1186.48,1,16777215,2026-02-27 12:43:08,557759249,4,今夜,鬼灭之刃 游郭篇,255055584
华丽,1216.978,1,16777215,2026-02-27 12:35:31,557759249,4,今夜,鬼灭之刃 游郭篇,255055584
鲤——夏——姐——姐——,802.591,1,14811775,2026-02-27 12:34:14,557759249,4,今夜,鬼灭之刃 游郭篇,255055584
不妙,695.36,1,6830715,2026-02-27 12:25:51,557759249,4,今夜,鬼灭之刃 游郭篇,255055584
俺也一样,579.477,1,16777215,2026-02-27 12:23:34,557759249,4,今夜,鬼灭之刃 游郭篇,255055584
咩～～～～～～～～～,182.715,1,14811775,2026-02-27 12:18:22,557759249,4,今夜,鬼灭之刃 游郭篇,255055584
哒哒哒哒哒哒哒哒哒哒哒哒哒哒哒哒哒哒哒哒,106.392,1,14811775,2026-02-27 12:17:55,557759249,4,今夜,鬼灭之刃 游郭篇,255055584
不羡鸳鸯不羡仙，只羡音柱每一天,99.486,1,16777215,2026-02-27 12:17:38,557759249,4,今夜,鬼灭之刃 游郭篇,255055584
好可爱,1180.554,1,16777215,2026-02-27 11:52:42,557759249,4,今夜,鬼灭之刃 游郭篇,255055584
好漂亮啊,81.44,1,16777215,2026-02-27 11:48:24,557759249,4,今夜,鬼灭之刃 游郭篇,255055584
谁吃饭还看着呢,1297.237,1,16777215,2026-02-27 11:45:22,557759249,4,今夜,鬼灭之刃 游郭篇,255055584
手上有这个会不会被鬼发现啊,432.05,1,16777215,2026-02-27 11:39:44,557759249,4,今夜,鬼灭之刃 游郭篇,255055584
跟我说英语差不多,275.379,1,16777215,2026-02-27 11:05:15,557759249,4,今夜,鬼灭之刃 游郭篇,255055584
好萌啊,487.724,1,16777215,2026-02-27 09:08:27,557759249,4,今夜,鬼灭之刃 游郭篇,255055584
降为打击,1248.746,1,16777215,2026-02-27 09:00:33,557759249,4,今夜,鬼灭之刃 游郭篇,255055584
我愿意,688.021,1,16777215,2026-02-27 08:51:07,557759249,4,今夜,鬼灭之刃 游郭篇,255055584
俺也一样,586.797,1,16777215,2026-02-27 08:36:12,557759249,4,今夜,鬼灭之刃 游郭篇,255055584
俺也一样,579.952,1,16777215,2026-02-27 01:02:22,557759249,4,今夜,鬼灭之刃 游郭篇,255055584
天啊！内资口高萌啊啊啊啊,1169.247,1,16777215,2026-02-27 00:37:49,557759249,4,今夜,鬼灭之刃 游郭篇,255055584
善子：丑八怪？难道是说我？,1046.216,1,16777215,2026-02-27 00:35:14,557759249,4,今夜,鬼灭之刃 游郭篇,255055584
哈哈哈哈哈哈哈哈哈哈好华丽呀,865.045,1,16777215,2026-02-27 00:30:43,557759249,4,今夜,鬼灭之刃 游郭篇,255055584
这素？哈哈哈哈哈不愧是山中大王,842.126,1,16777215,2026-02-27 00:30:08,557759249,4,今夜,鬼灭之刃 游郭篇,255055584
温柔对狙 天哪,734.461,1,16777215,2026-02-27 00:27:48,557759249,4,今夜,鬼灭之刃 游郭篇,255055584
姐姐要幸福啊,734.461,1,16777215,2026-02-27 00:27:27,557759249,4,今夜,鬼灭之刃 游郭篇,255055584
气鼓鼓,460.039,1,16777215,2026-02-27 00:21:17,557759249,4,今夜,鬼灭之刃 游郭篇,255055584
朱古力哈哈哈哈哈哈哈哈猪猪好可爱,419.982,1,16777215,2026-02-27 00:20:26,557759249,4,今夜,鬼灭之刃 游郭篇,255055584
老板在包容鬼吧,221.784,1,16777215,2026-02-27 00:16:30,557759249,4,今夜,鬼灭之刃 游郭篇,255055584
姐姐好好呀，我也喜欢你,89.605,1,16777215,2026-02-27 00:15:24,557759249,4,今夜,鬼灭之刃 游郭篇,255055584
华丽,1198.747,1,16777215,2026-02-26 23:38:18,557759249,4,今夜,鬼灭之刃 游郭篇,255055584
鲤————————夏————————姐————————姐————————,987.888,1,16777215,2026-02-26 23:35:07,557759249,4,今夜,鬼灭之刃 游郭篇,255055584
哈哈哈,837.702,1,16777215,2026-02-26 23:33:34,557759249,4,今夜,鬼灭之刃 游郭篇,255055584
居然还在酱！,718.438,1,15138834,2026-02-26 23:26:08,557759249,4,今夜,鬼灭之刃 游郭篇,255055584
有人偷塔,807.683,1,16777215,2026-02-26 22:28:14,557759249,4,今夜,鬼灭之刃 游郭篇,255055584
是眉毛 抬头纹 笑死我,35.29,1,16777215,2026-02-26 22:14:51,557759249,4,今夜,鬼灭之刃 游郭篇,255055584
刚好十六,6.518,1,16777215,2026-02-26 22:13:57,557759249,4,今夜,鬼灭之刃 游郭篇,255055584
鲤————————夏————————姐————————姐————————,827.156,1,16777215,2026-02-26 22:01:14,557759249,4,今夜,鬼灭之刃 游郭篇,255055584
好华丽的字体！！,1190.632,1,16777215,2026-02-26 21:38:38,557759249,4,今夜,鬼灭之刃 游郭篇,255055584
华丽！,1194.921,1,41194,2026-02-26 20:58:42,557759249,4,今夜,鬼灭之刃 游郭篇,255055584
震惊老板一百年,880.209,1,16777215,2026-02-26 20:58:39,557759249,4,今夜,鬼灭之刃 游郭篇,255055584
完了,686.121,1,16777215,2026-02-26 20:54:57,557759249,4,今夜,鬼灭之刃 游郭篇,255055584
力天使,1196.395,1,16777215,2026-02-26 20:46:42,557759249,4,今夜,鬼灭之刃 游郭篇,255055584
不羡鸳鸯不羡仙，只羡音柱每一天。,103.122,1,16777215,2026-02-26 20:40:35,557759249,4,今夜,鬼灭之刃 游郭篇,255055584
咩~~~~~~~~~~,8.464,1,16777215,2026-02-26 20:38:55,557759249,4,今夜,鬼灭之刃 游郭篇,255055584
来吧！火之神神乐^_^       ,1285.888,1,41194,2026-02-26 20:37:16,557759249,4,今夜,鬼灭之刃 游郭篇,255055584
幻影忍者,964.442,1,16777215,2026-02-26 20:35:09,557759249,4,今夜,鬼灭之刃 游郭篇,255055584
鲤夏姐姐！！！！！！！！！！！！！！,818.309,1,16777215,2026-02-26 20:29:32,557759249,4,今夜,鬼灭之刃 游郭篇,255055584
放心，不会s,788.8,1,16777215,2026-02-26 20:27:07,557759249,4,今夜,鬼灭之刃 游郭篇,255055584
没绷住,642.879,5,16777215,2026-02-26 20:20:56,557759249,4,今夜,鬼灭之刃 游郭篇,255055584
咩咩咩~~~~,187.258,1,16777215,2026-02-26 20:09:18,557759249,4,今夜,鬼灭之刃 游郭篇,255055584
我最爱鲤夏姐姐了，姐姐别走,797.086,1,16777215,2026-02-26 19:51:02,557759249,4,今夜,鬼灭之刃 游郭篇,255055584
咩~~~~~~~~~~~~~~~~~~~~~~~~~~~~~~~~~~~~~~~~~~~~~~~~~~~~~~~~~~~~~~~~~~,193.355,1,16777215,2026-02-26 19:47:45,557759249,4,今夜,鬼灭之刃 游郭篇,255055584
鲤——夏——姐——姐——,788.398,1,16777215,2026-02-26 19:44:44,557759249,4,今夜,鬼灭之刃 游郭篇,255055584
不！！！,753.811,1,16777215,2026-02-26 19:43:58,557759249,4,今夜,鬼灭之刃 游郭篇,255055584
华丽,1202.002,1,16777215,2026-02-26 19:40:13,557759249,4,今夜,鬼灭之刃 游郭篇,255055584
俺也一样,587.003,1,16777215,2026-02-26 19:35:17,557759249,4,今夜,鬼灭之刃 游郭篇,255055584
没死没死没死没死没死没,815.925,1,16777215,2026-02-26 19:31:38,557759249,4,今夜,鬼灭之刃 游郭篇,255055584
没死,811.713,1,16777215,2026-02-26 19:31:27,557759249,4,今夜,鬼灭之刃 游郭篇,255055584
不用追到，不用追到，真的没死没死没死没死,800.424,1,16777215,2026-02-26 19:31:15,557759249,4,今夜,鬼灭之刃 游郭篇,255055584
炭炭有脑子,483.754,1,16777215,2026-02-26 19:25:34,557759249,4,今夜,鬼灭之刃 游郭篇,255055584
保护,743.728,1,16777215,2026-02-26 19:23:36,557759249,4,今夜,鬼灭之刃 游郭篇,255055584
是我,687.163,1,16777215,2026-02-26 19:22:34,557759249,4,今夜,鬼灭之刃 游郭篇,255055584
没有对比就没有伤害,38.4,1,16777215,2026-02-26 19:19:07,557759249,4,今夜,鬼灭之刃 游郭篇,255055584
两家店气氛完全不一样…,21.305,1,16777215,2026-02-26 19:13:09,557759249,4,今夜,鬼灭之刃 游郭篇,255055584
便宜没好货,875.039,1,16777215,2026-02-26 19:05:02,557759249,4,今夜,鬼灭之刃 游郭篇,255055584
音柱这都没看到,1225.58,1,16777215,2026-02-26 18:50:00,557759249,4,今夜,鬼灭之刃 游郭篇,255055584
NO ～鲤～夏～姐～姐～！！！！,798.22,1,16777215,2026-02-26 18:15:02,557759249,4,今夜,鬼灭之刃 游郭篇,255055584
前方高能！,740.522,1,16777215,2026-02-26 18:03:34,557759249,4,今夜,鬼灭之刃 游郭篇,255055584
不———————-—————————,810.513,1,16777215,2026-02-26 17:43:25,557759249,4,今夜,鬼灭之刃 游郭篇,255055584
"不-----~~,,-~------~,~------~--",795.124,1,16777215,2026-02-26 17:40:46,557759249,4,今夜,鬼灭之刃 游郭篇,255055584
鲤————————夏————————姐————————姐————————,1059.76,1,38979,2026-02-26 17:36:47,557759249,4,今夜,鬼灭之刃 游郭篇,255055584
鲤————————夏————————姐————————姐————————,1048.107,1,16707842,2026-02-26 17:36:31,557759249,4,今夜,鬼灭之刃 游郭篇,255055584
鲤————————夏————————姐————————姐————————,1038.138,1,15138834,2026-02-26 17:36:16,557759249,4,今夜,鬼灭之刃 游郭篇,255055584
鲤————————夏————————姐————————姐————————,1005.413,1,16777215,2026-02-26 17:35:38,557759249,4,今夜,鬼灭之刃 游郭篇,255055584
鲤————————夏————————姐————————姐————————,1003.04,1,16777215,2026-02-26 17:35:31,557759249,4,今夜,鬼灭之刃 游郭篇,255055584
咩咩咩咩咩咩咩咩咩咩咩咩咩咩咩咩咩咩咩,186.689,1,16777215,2026-02-26 17:34:06,557759249,4,今夜,鬼灭之刃 游郭篇,255055584
哒哒哒哒哒哒哒哒哒哒哒哒～,173.137,1,16777215,2026-02-26 17:33:27,557759249,4,今夜,鬼灭之刃 游郭篇,255055584
你脸红个泡泡茶壶,854.117,1,16777215,2026-02-26 17:02:03,557759249,4,今夜,鬼灭之刃 游郭篇,255055584
咩~~~~~,195.203,1,16777215,2026-02-26 16:36:09,557759249,4,今夜,鬼灭之刃 游郭篇,255055584
不羡鸳鸯不羡仙，只羡音柱每一天,126.947,1,16777215,2026-02-26 16:35:00,557759249,4,今夜,鬼灭之刃 游郭篇,255055584
补兑,752.768,1,16777215,2026-02-26 16:31:30,557759249,4,今夜,鬼灭之刃 游郭篇,255055584
哈哈哈,649.941,1,16777215,2026-02-26 16:29:28,557759249,4,今夜,鬼灭之刃 游郭篇,255055584
咩～～～～～～～～～～～～～～～～～～～～～～～～～～～～～～～～～～～～～～～～～～～～～～～～～～,188.056,5,16777215,2026-02-26 16:18:15,557759249,4,今夜,鬼灭之刃 游郭篇,255055584
姐姐没死,712.911,1,16777215,2026-02-26 15:08:30,557759249,4,今夜,鬼灭之刃 游郭篇,255055584
天使啊！,76.58,1,16777215,2026-02-26 15:03:49,557759249,4,今夜,鬼灭之刃 游郭篇,255055584
《她》,212.034,1,16777215,2026-02-26 14:53:05,557759249,4,今夜,鬼灭之刃 游郭篇,255055584
华丽至极,128.491,1,16777215,2026-02-26 14:51:29,557759249,4,今夜,鬼灭之刃 游郭篇,255055584
不丑！！！！！！！！！,1254.314,1,16777215,2026-02-26 14:45:50,557759249,4,今夜,鬼灭之刃 游郭篇,255055584
NO！！！！不到啊！！,787.52,1,16777215,2026-02-26 14:37:58,557759249,4,今夜,鬼灭之刃 游郭篇,255055584
猪猪侦探,509.878,1,16777215,2026-02-26 14:32:48,557759249,4,今夜,鬼灭之刃 游郭篇,255055584
欧尼酱,1288.08,1,16777215,2026-02-26 14:23:01,557759249,4,今夜,鬼灭之刃 游郭篇,255055584
鲤夏姐姐——————————,797.611,1,6830715,2026-02-26 14:09:50,557759249,4,今夜,鬼灭之刃 游郭篇,255055584
山岸由花子（）,1110.686,5,16777215,2026-02-26 14:08:46,557759249,4,今夜,鬼灭之刃 游郭篇,255055584
上弦三差一点跟炎柱同归于尽，这个我感觉华丽哥可以打,1074.979,1,16777215,2026-02-26 14:04:17,557759249,4,今夜,鬼灭之刃 游郭篇,255055584
快去救她啊啊啊,828.965,1,16777215,2026-02-26 14:00:22,557759249,4,今夜,鬼灭之刃 游郭篇,255055584
不要,788.429,1,16777215,2026-02-26 13:59:19,557759249,4,今夜,鬼灭之刃 游郭篇,255055584
补药啊,765.411,1,16777215,2026-02-26 13:58:52,557759249,4,今夜,鬼灭之刃 游郭篇,255055584
太华丽了,852.053,1,16777215,2026-02-26 13:54:49,557759249,4,今夜,鬼灭之刃 游郭篇,255055584
又有一个新的表情包了。,651.128,1,16777215,2026-02-26 13:51:15,557759249,4,今夜,鬼灭之刃 游郭篇,255055584
最强路人柱,370.21,1,16777215,2026-02-26 13:49:12,557759249,4,今夜,鬼灭之刃 游郭篇,255055584
不要啊，善又中大奖了,310.8,1,16777215,2026-02-26 13:48:23,557759249,4,今夜,鬼灭之刃 游郭篇,255055584
不！！,768.591,1,16777215,2026-02-26 13:43:44,557759249,4,今夜,鬼灭之刃 游郭篇,255055584
是我,690.807,5,16777215,2026-02-26 13:30:32,557759249,4,今夜,鬼灭之刃 游郭篇,255055584
请注意，请注意，前方到达羊村,189.608,5,16777215,2026-02-26 13:17:34,557759249,4,今夜,鬼灭之刃 游郭篇,255055584
海带头！！！！！！！！！！！！！！！！！！,1260.03,1,16777215,2026-02-26 13:17:22,557759249,4,今夜,鬼灭之刃 游郭篇,255055584
不羡鸳鸯不羡仙，只羡音柱每一天,102.538,1,16777215,2026-02-26 13:16:39,557759249,4,今夜,鬼灭之刃 游郭篇,255055584
咩唉～～～～～～～～～～～～～～～～～～～,188.388,1,16777215,2026-02-26 12:47:32,557759249,4,今夜,鬼灭之刃 游郭篇,255055584
啊?还有这设定,391.529,1,16777215,2026-02-26 12:33:52,557759249,4,今夜,鬼灭之刃 游郭篇,255055584
不！！！！！！！鲤夏姐姐！！！,753.833,1,16777215,2026-02-26 12:21:54,557759249,4,今夜,鬼灭之刃 游郭篇,255055584
鬼故事：进度条,700.613,1,16777215,2026-02-26 12:20:26,557759249,4,今夜,鬼灭之刃 游郭篇,255055584
正是本人！,692.393,1,16777215,2026-02-26 12:20:01,557759249,4,今夜,鬼灭之刃 游郭篇,255055584
我也最喜欢鲤夏大姐姐了！,570.633,1,16777215,2026-02-26 12:17:32,557759249,4,今夜,鬼灭之刃 游郭篇,255055584
俺也一样！,547.433,1,16777215,2026-02-26 12:16:39,557759249,4,今夜,鬼灭之刃 游郭篇,255055584
华丽哥突然不华丽了？,287.315,1,16777215,2026-02-26 12:13:28,557759249,4,今夜,鬼灭之刃 游郭篇,255055584
华丽的字体,1196.053,1,16777215,2026-02-26 12:00:20,557759249,4,今夜,鬼灭之刃 游郭篇,255055584
刚刚的香香好萌,404.224,1,16777215,2026-02-26 11:57:26,557759249,4,今夜,鬼灭之刃 游郭篇,255055584
是我,689.857,1,16777215,2026-02-26 11:28:29,557759249,4,今夜,鬼灭之刃 游郭篇,255055584
经常杀人的朋友都知道，杀人容易埋尸难：）,500.013,1,16777215,2026-02-26 11:14:35,557759249,4,今夜,鬼灭之刃 游郭篇,255055584
豆子萌萌萌萌萌萌萌萌萌萌萌萌萌萌萌萌萌萌萌萌萌萌萌萌萌萌萌萌萌萌萌萌萌萌萌萌萌萌萌萌萌萌萌萌萌萌萌萌萌萌萌萌萌萌萌萌萌萌萌萌萌萌萌萌萌萌萌萌萌萌萌萌萌萌萌萌萌萌萌萌萌萌萌萌,1173.019,1,14811775,2026-02-26 10:48:48,557759249,4,今夜,鬼灭之刃 游郭篇,255055584
狼人杀？,512.397,1,16707842,2026-02-26 10:44:26,557759249,4,今夜,鬼灭之刃 游郭篇,255055584
鲤————————夏————————姐————————姐————————！！,810.581,1,14811775,2026-02-26 10:41:46,557759249,4,今夜,鬼灭之刃 游郭篇,255055584
鲤—————————夏——————————姐————————————姐——————————！,826.218,1,16777215,2026-02-26 09:24:48,557759249,4,今夜,鬼灭之刃 游郭篇,255055584
一想到华丽哥化了妆来的就想笑,975.675,1,16777215,2026-02-26 08:27:30,557759249,4,今夜,鬼灭之刃 游郭篇,255055584
好可爱,463.131,1,16777215,2026-02-26 08:17:28,557759249,4,今夜,鬼灭之刃 游郭篇,255055584
哈哈哈好可爱,647.802,1,16777215,2026-02-26 04:51:48,557759249,4,今夜,鬼灭之刃 游郭篇,255055584
咱打蒸发行不？,1291.272,1,16777215,2026-02-26 02:46:52,557759249,4,今夜,鬼灭之刃 游郭篇,255055584
这里怎么没有人了？,1087.896,1,16777215,2026-02-26 02:45:24,557759249,4,今夜,鬼灭之刃 游郭篇,255055584
拆屋顶的那两个有点阴了吧这招,990.0,1,16777215,2026-02-26 02:41:44,557759249,4,今夜,鬼灭之刃 游郭篇,255055584
华丽的字体,1192.19,1,16777215,2026-02-26 01:47:38,557759249,4,今夜,鬼灭之刃 游郭篇,255055584
on,759.828,1,16777215,2026-02-26 01:00:17,557759249,4,今夜,鬼灭之刃 游郭篇,255055584
不————————————————————,808.739,1,16777215,2026-02-26 00:18:04,557759249,4,今夜,鬼灭之刃 游郭篇,255055584
弹幕别说话,688.671,1,16777215,2026-02-26 00:15:55,557759249,4,今夜,鬼灭之刃 游郭篇,255055584
完了，走不了了,696.427,1,16777215,2026-02-25 23:59:11,557759249,4,今夜,鬼灭之刃 游郭篇,255055584
哈哈哈哈哈哈人忍者鼠,837.312,1,16777215,2026-02-25 23:40:11,557759249,4,今夜,鬼灭之刃 游郭篇,255055584
NO! ,785.249,1,16777215,2026-02-25 23:37:18,557759249,4,今夜,鬼灭之刃 游郭篇,255055584
o>_<oo>_<o,992.055,1,16777215,2026-02-25 23:27:49,557759249,4,今夜,鬼灭之刃 游郭篇,255055584
鲤————————夏————————姐————————姐————————,808.267,1,16777215,2026-02-25 23:15:48,557759249,4,今夜,鬼灭之刃 游郭篇,255055584
三个人都好可爱……,578.107,1,16777215,2026-02-25 23:11:30,557759249,4,今夜,鬼灭之刃 游郭篇,255055584
哒哒哒哒哒哒哒哒哒哒哒哒哒哒哒哒哒哒哒哒哒哒哒哒哒哒哒哒哒哒哒哒哒哒哒哒哒哒哒哒哒哒哒哒哒哒哒哒哒哒哒哒哒哒哒哒哒哒哒哒哒哒哒哒哒哒哒哒哒哒哒哒哒哒哒哒哒哒哒哒哒哒哒哒哒哒哒哒哒哒哒哒哒哒哒～,113.107,1,16777215,2026-02-25 23:10:34,557759249,4,今夜,鬼灭之刃 游郭篇,255055584
好温柔啊,33.983,1,16777215,2026-02-25 23:09:17,557759249,4,今夜,鬼灭之刃 游郭篇,255055584
我去，只剩个头了,1037.895,1,16777215,2026-02-25 22:49:57,557759249,4,今夜,鬼灭之刃 游郭篇,255055584
这个炭炭好可爱,85.535,1,16777215,2026-02-25 22:39:09,557759249,4,今夜,鬼灭之刃 游郭篇,255055584
咩～～咩～～～～～～,188.139,1,16777215,2026-02-25 22:32:17,557759249,4,今夜,鬼灭之刃 游郭篇,255055584
经费大爆炸。,1196.967,1,16777215,2026-02-25 22:00:15,557759249,4,今夜,鬼灭之刃 游郭篇,255055584
华丽,1204.253,1,16777215,2026-02-25 21:55:46,557759249,4,今夜,鬼灭之刃 游郭篇,255055584
2月25日的220人出来举个爪,1123.438,1,16777215,2026-02-25 21:54:58,557759249,4,今夜,鬼灭之刃 游郭篇,255055584
华丽,852.792,1,16777215,2026-02-25 21:54:23,557759249,4,今夜,鬼灭之刃 游郭篇,255055584
猪猪你？,836.964,1,16777215,2026-02-25 21:54:01,557759249,4,今夜,鬼灭之刃 游郭篇,255055584
鲤夏姐姐！,826.932,1,16777215,2026-02-25 21:53:42,557759249,4,今夜,鬼灭之刃 游郭篇,255055584
大型失恋现场。,783.038,1,16777215,2026-02-25 21:52:36,557759249,4,今夜,鬼灭之刃 游郭篇,255055584
好华丽,851.999,1,16777215,2026-02-25 21:50:23,557759249,4,今夜,鬼灭之刃 游郭篇,255055584
不一一要一一啊！,814.967,1,16777215,2026-02-25 21:49:44,557759249,4,今夜,鬼灭之刃 游郭篇,255055584
前方高能预警,807.81,1,16777215,2026-02-25 21:48:54,557759249,4,今夜,鬼灭之刃 游郭篇,255055584
前方高能预警,785.054,1,16777215,2026-02-25 21:48:40,557759249,4,今夜,鬼灭之刃 游郭篇,255055584
不要刀我！！！,739.877,1,16777215,2026-02-25 21:47:48,557759249,4,今夜,鬼灭之刃 游郭篇,255055584
不对,768.394,1,16777215,2026-02-25 21:46:29,557759249,4,今夜,鬼灭之刃 游郭篇,255055584
2026年二月25日出来,483.254,1,16777215,2026-02-25 21:43:11,557759249,4,今夜,鬼灭之刃 游郭篇,255055584
20282026年,477.827,1,16777215,2026-02-25 21:42:41,557759249,4,今夜,鬼灭之刃 游郭篇,255055584
有种生物叫大叔他实在难以对付,349.194,1,16777215,2026-02-25 21:27:41,557759249,4,今夜,鬼灭之刃 游郭篇,255055584
有人吗有人吗,923.997,1,16777215,2026-02-25 21:21:14,557759249,4,今夜,鬼灭之刃 游郭篇,255055584
华丽,1185.441,1,16777215,2026-02-25 20:54:57,557759249,4,今夜,鬼灭之刃 游郭篇,255055584
抬头纹 ？,29.98,1,16777215,2026-02-25 20:28:26,557759249,4,今夜,鬼灭之刃 游郭篇,255055584
经费燃烧中……,1386.005,1,16777215,2026-02-25 20:10:43,557759249,4,今夜,鬼灭之刃 游郭篇,255055584
华丽,1198.457,1,41194,2026-02-25 20:09:56,557759249,4,今夜,鬼灭之刃 游郭篇,255055584
鲤夏！！！,809.167,1,16777215,2026-02-25 20:03:14,557759249,4,今夜,鬼灭之刃 游郭篇,255055584
斯密酱,606.137,1,16777215,2026-02-25 19:57:03,557759249,4,今夜,鬼灭之刃 游郭篇,255055584
我也是！,569.381,1,16777215,2026-02-25 19:55:52,557759249,4,今夜,鬼灭之刃 游郭篇,255055584
哪里丑了！！！！！！,1250.354,1,38979,2026-02-25 19:49:30,557759249,4,今夜,鬼灭之刃 游郭篇,255055584
真成纸片人了(இωஇ ),1225.675,1,16777215,2026-02-25 19:42:08,557759249,4,今夜,鬼灭之刃 游郭篇,255055584
快跑,771.126,1,15138834,2026-02-25 19:41:17,557759249,4,今夜,鬼灭之刃 游郭篇,255055584
鲤————————夏————————姐————————姐————————,802.554,1,8831179,2026-02-25 19:28:42,557759249,4,今夜,鬼灭之刃 游郭篇,255055584
会有刀子吗,727.733,1,16777215,2026-02-25 19:27:21,557759249,4,今夜,鬼灭之刃 游郭篇,255055584
哒哒哒哒哒哒哒哒哒哒哒哒哒哒哒哒哒哒哒哒哒哒哒哒哒哒哒哒哒哒哒哒,107.926,1,16777215,2026-02-25 19:18:14,557759249,4,今夜,鬼灭之刃 游郭篇,255055584
不羡鸳鸯不羡仙 只羡音柱每一天,103.602,1,16777215,2026-02-25 19:18:02,557759249,4,今夜,鬼灭之刃 游郭篇,255055584
鲤夏姐姐不要死啊,790.474,1,16777215,2026-02-25 19:17:35,557759249,4,今夜,鬼灭之刃 游郭篇,255055584
俺也一样,580.474,1,16777215,2026-02-25 19:13:15,557759249,4,今夜,鬼灭之刃 游郭篇,255055584
之前那个发吴伊朗的，请问有啥意义？,569.634,1,16777215,2026-02-25 19:12:56,557759249,4,今夜,鬼灭之刃 游郭篇,255055584
我鲤夏姐姐咋变真2d了,1224.139,1,16777215,2026-02-25 19:08:23,557759249,4,今夜,鬼灭之刃 游郭篇,255055584
好温柔啊，天呐，温柔大姐姐，我要100个,50.36,1,16777215,2026-02-25 19:05:32,557759249,4,今夜,鬼灭之刃 游郭篇,255055584
卡酷一,890.912,1,16777215,2026-02-25 19:04:53,557759249,4,今夜,鬼灭之刃 游郭篇,255055584
靠 不要啊,752.971,1,16777215,2026-02-25 19:02:01,557759249,4,今夜,鬼灭之刃 游郭篇,255055584
这哥俩都把下一魇梦干掉了，才庚级？,356.677,1,16777215,2026-02-25 18:55:58,557759249,4,今夜,鬼灭之刃 游郭篇,255055584
快去救鲤夏————————————————姐姐！！,984.927,1,16777215,2026-02-25 18:46:37,557759249,4,今夜,鬼灭之刃 游郭篇,255055584
快去救鲤夏————————————————姐姐！！,984.927,1,16777215,2026-02-25 18:46:31,557759249,4,今夜,鬼灭之刃 游郭篇,255055584
太华丽了,1194.999,1,16777215,2026-02-25 18:29:24,557759249,4,今夜,鬼灭之刃 游郭篇,255055584
鲤————————夏————————姐————————姐————————,808.768,1,14811775,2026-02-25 18:29:19,557759249,4,今夜,鬼灭之刃 游郭篇,255055584
不丑！！！！！！！！！！！！！！！！！！！！！！！！！！！！！！！！！！！！！！！！,1278.046,1,16777215,2026-02-25 18:04:55,557759249,4,今夜,鬼灭之刃 游郭篇,255055584
不丑！！！！！！！！！！！！！！！！！！！！！！！！！！！！！！！！！！！！！！！！,1267.972,1,16777215,2026-02-25 18:04:43,557759249,4,今夜,鬼灭之刃 游郭篇,255055584
去你的 炭炭可爱了,1257.616,1,16777215,2026-02-25 17:57:15,557759249,4,今夜,鬼灭之刃 游郭篇,255055584
666字体都变得华丽了,1185.39,1,16777215,2026-02-25 17:55:39,557759249,4,今夜,鬼灭之刃 游郭篇,255055584
华丽的字体,1199.392,1,16777215,2026-02-25 17:52:26,557759249,4,今夜,鬼灭之刃 游郭篇,255055584
华丽的字体,1184.984,1,16777215,2026-02-25 17:52:05,557759249,4,今夜,鬼灭之刃 游郭篇,255055584
华丽的字体,1165.001,1,16777215,2026-02-25 17:51:38,557759249,4,今夜,鬼灭之刃 游郭篇,255055584
重点：背阴,947.242,1,16777215,2026-02-25 17:51:25,557759249,4,今夜,鬼灭之刃 游郭篇,255055584
按摩吗猪猪,466.474,1,16777215,2026-02-25 17:43:05,557759249,4,今夜,鬼灭之刃 游郭篇,255055584
召唤音柱！！！,1260.668,1,16777215,2026-02-25 17:24:47,557759249,4,今夜,鬼灭之刃 游郭篇,255055584
俺也一样,599.823,1,15138834,2026-02-25 17:05:39,557759249,4,今夜,鬼灭之刃 游郭篇,255055584
咩~~~~~~~~~~~~~~~~~~~~~~~~~~~~~~~~~,190.763,1,16777215,2026-02-25 16:46:13,557759249,4,今夜,鬼灭之刃 游郭篇,255055584
啦啦啦,555.767,1,16707842,2026-02-25 16:37:17,557759249,4,今夜,鬼灭之刃 游郭篇,255055584
人呢？,146.228,1,16777215,2026-02-25 16:27:29,557759249,4,今夜,鬼灭之刃 游郭篇,255055584
可----------------,991.968,1,16777215,2026-02-25 16:18:30,557759249,4,今夜,鬼灭之刃 游郭篇,255055584
内子扣酱～,1184.106,1,16777215,2026-02-25 16:16:46,557759249,4,今夜,鬼灭之刃 游郭篇,255055584
咩～～～～～～～～～～,190.757,1,16777215,2026-02-25 15:59:31,557759249,4,今夜,鬼灭之刃 游郭篇,255055584
鲤夏！,818.331,1,16777215,2026-02-25 14:59:35,557759249,4,今夜,鬼灭之刃 游郭篇,255055584
哒哒哒哒哒哒哒哒哒哒哒哒哒哒哒哒哒哒,114.69,5,52480,2026-02-25 14:08:26,557759249,4,今夜,鬼灭之刃 游郭篇,255055584
啊啊啊啊啊啊啊！,786.722,1,16777215,2026-02-25 14:01:39,557759249,4,今夜,鬼灭之刃 游郭篇,255055584
义勇要是被这么摔一下，直接开斑纹了,1116.598,1,16777215,2026-02-25 13:42:14,557759249,4,今夜,鬼灭之刃 游郭篇,255055584
义勇要是被这么摔一下，直接开斑纹了,1109.836,1,16777215,2026-02-25 13:41:58,557759249,4,今夜,鬼灭之刃 游郭篇,255055584
快呀！使用人间失智,1158.444,1,15138834,2026-02-25 13:32:36,557759249,4,今夜,鬼灭之刃 游郭篇,255055584
辣辛萌，连门腭！！！,1129.474,1,11890,2026-02-25 13:31:20,557759249,4,今夜,鬼灭之刃 游郭篇,255055584
哒哒哒哒哒哒哒哒哒哒哒哒哒哒哒哒哒哒哒哒哒哒哒哒哒哒哒哒哒哒哒哒哒哒哒哒哒哒哒,117.043,1,16777215,2026-02-25 13:24:11,557759249,4,今夜,鬼灭之刃 游郭篇,255055584
俺也一样,577.826,1,16777215,2026-02-25 13:18:55,557759249,4,今夜,鬼灭之刃 游郭篇,255055584
华丽,1198.071,1,16777215,2026-02-25 13:13:10,557759249,4,今夜,鬼灭之刃 游郭篇,255055584
哔哔哔哔哔哔哔哔哔哔哔,58.405,1,16777215,2026-02-25 13:12:35,557759249,4,今夜,鬼灭之刃 游郭篇,255055584
华丽鼠,849.388,1,16777215,2026-02-25 13:07:36,557759249,4,今夜,鬼灭之刃 游郭篇,255055584
不！！,753.741,1,15138834,2026-02-25 13:06:27,557759249,4,今夜,鬼灭之刃 游郭篇,255055584
华丽,862.234,1,16777215,2026-02-25 12:43:43,557759249,4,今夜,鬼灭之刃 游郭篇,255055584
恭喜您，中大奖啦,1005.057,1,16777215,2026-02-25 12:24:09,557759249,4,今夜,鬼灭之刃 游郭篇,255055584
呜呜呜,706.471,1,16777215,2026-02-25 12:15:11,557759249,4,今夜,鬼灭之刃 游郭篇,255055584
我要华丽的华丽。,13.036,1,16777215,2026-02-25 11:49:39,557759249,4,今夜,鬼灭之刃 游郭篇,255055584
主角光环在这里,335.255,1,16777215,2026-02-25 11:31:22,557759249,4,今夜,鬼灭之刃 游郭篇,255055584
不好的预感！！！！！！！！！！！！！,711.482,1,16777215,2026-02-25 11:26:06,557759249,4,今夜,鬼灭之刃 游郭篇,255055584
哈哈哈哈哈哈哈哈哈哈哈哈哈哈哈哈哈哈哈哈哈哈哈哈哈哈哈哈哈哈哈哈哈哈哈哈哈哈哈哈哈哈哈哈哈哈哈哈哈哈哈哈哈哈哈哈哈哈哈哈哈哈哈哈哈哈哈哈哈哈哈哈哈哈,650.577,1,16777215,2026-02-25 11:24:44,557759249,4,今夜,鬼灭之刃 游郭篇,255055584
哈哈哈哈哈哈哈,637.712,1,16777215,2026-02-25 11:23:43,557759249,4,今夜,鬼灭之刃 游郭篇,255055584
俺也一样,548.277,1,16777215,2026-02-25 11:22:06,557759249,4,今夜,鬼灭之刃 游郭篇,255055584
？猪猪不是男的吗,487.566,1,16777215,2026-02-25 11:20:47,557759249,4,今夜,鬼灭之刃 游郭篇,255055584
喵喵喵,326.391,1,16777215,2026-02-25 11:17:34,557759249,4,今夜,鬼灭之刃 游郭篇,255055584
华丽的字体,1182.978,1,16777215,2026-02-25 11:03:59,557759249,4,今夜,鬼灭之刃 游郭篇,255055584
哈哈哈哈哈哈哈哈哈哈哈哈哈哈哈哈哈哈哈哈哈哈,650.026,1,16777215,2026-02-25 10:50:51,557759249,4,今夜,鬼灭之刃 游郭篇,255055584
两个温柔的人啊,733.727,1,16777215,2026-02-25 10:47:04,557759249,4,今夜,鬼灭之刃 游郭篇,255055584
太华丽了,860.669,1,16777215,2026-02-25 10:43:54,557759249,4,今夜,鬼灭之刃 游郭篇,255055584
哈哈,557.713,1,16777215,2026-02-25 08:47:06,557759249,4,今夜,鬼灭之刃 游郭篇,255055584
哒哒哒哒哒哒哒哒哒哒哒哒哒哒哒哒哒哒,106.73,1,16777215,2026-02-25 07:03:19,557759249,4,今夜,鬼灭之刃 游郭篇,255055584
这个聪明,420.086,1,16777215,2026-02-25 04:15:59,557759249,4,今夜,鬼灭之刃 游郭篇,255055584
鲤————————夏————————姐——————姐——————————!!！,824.783,1,16777215,2026-02-25 04:05:21,557759249,4,今夜,鬼灭之刃 游郭篇,255055584
不是哥们  太雷霆了,850.138,1,16777215,2026-02-25 03:40:19,557759249,4,今夜,鬼灭之刃 游郭篇,255055584
炭治郎：不是队友你们会不会玩呀,1285.56,1,16777215,2026-02-25 02:25:15,557759249,4,今夜,鬼灭之刃 游郭篇,255055584
这还丑啊,1252.56,1,16777215,2026-02-25 02:11:58,557759249,4,今夜,鬼灭之刃 游郭篇,255055584
鲤————————夏————————姐————————姐————————,807.211,1,15138834,2026-02-25 01:33:40,557759249,4,今夜,鬼灭之刃 游郭篇,255055584
别啊！,773.546,1,16777215,2026-02-25 01:32:54,557759249,4,今夜,鬼灭之刃 游郭篇,255055584
弹幕张飞来的？,557.287,1,16777215,2026-02-25 01:13:07,557759249,4,今夜,鬼灭之刃 游郭篇,255055584
让米豆子当花魁,264.036,1,16777215,2026-02-25 00:51:26,557759249,4,今夜,鬼灭之刃 游郭篇,255055584
咩～～～～～～～～～～～～～～～,193.056,1,16777215,2026-02-25 00:49:36,557759249,4,今夜,鬼灭之刃 游郭篇,255055584
 俺没偷袜子,14.151,1,16777215,2026-02-25 00:47:58,557759249,4,今夜,鬼灭之刃 游郭篇,255055584
 便宜没好货在这一刻具象化了,877.17,1,16777215,2026-02-24 23:27:06,557759249,4,今夜,鬼灭之刃 游郭篇,255055584
[前方高能],751.218,1,16777215,2026-02-24 23:24:43,557759249,4,今夜,鬼灭之刃 游郭篇,255055584
[前方高能],738.035,1,16777215,2026-02-24 23:24:27,557759249,4,今夜,鬼灭之刃 游郭篇,255055584
[前方高能],725.263,1,16777215,2026-02-24 23:24:11,557759249,4,今夜,鬼灭之刃 游郭篇,255055584
[前方高能],606.572,1,16777215,2026-02-24 23:22:32,557759249,4,今夜,鬼灭之刃 游郭篇,255055584
[前方高能],590.224,1,16777215,2026-02-24 23:22:10,557759249,4,今夜,鬼灭之刃 游郭篇,255055584
这个写同人的可以记得，其他人就不用记了,418.429,1,16777215,2026-02-24 22:59:08,557759249,4,今夜,鬼灭之刃 游郭篇,255055584
这鬼爱吃漂亮饭,1039.327,1,16777215,2026-02-24 22:18:38,557759249,4,今夜,鬼灭之刃 游郭篇,255055584
华丽,853.779,5,16777215,2026-02-24 22:14:06,557759249,4,今夜,鬼灭之刃 游郭篇,255055584
华丽,1215.631,1,8700107,2026-02-24 22:04:10,557759249,4,今夜,鬼灭之刃 游郭篇,255055584
萌豆子,1178.398,1,16777215,2026-02-24 22:01:57,557759249,4,今夜,鬼灭之刃 游郭篇,255055584
monkey,1421.541,1,16777215,2026-02-24 22:01:17,557759249,4,今夜,鬼灭之刃 游郭篇,255055584
咩～～～～～～～～～～～～～～～～～～～～～～～～～～～～～～～～～～～～～～～～～～～～～～～～～～～～～～～～～～～～～～～～～～～～～～～～～～～～～～～～～～～～～～～～～～～～～～～～～～～,190.151,1,16777215,2026-02-24 22:00:43,557759249,4,今夜,鬼灭之刃 游郭篇,255055584
华丽的bgm,967.654,1,16777215,2026-02-24 22:00:42,557759249,4,今夜,鬼灭之刃 游郭篇,255055584
求模仿教程,6.015,1,16777215,2026-02-24 21:57:14,557759249,4,今夜,鬼灭之刃 游郭篇,255055584
垂死梦中惊坐起，阎王夸我好身体,6.015,1,16777215,2026-02-24 21:56:50,557759249,4,今夜,鬼灭之刃 游郭篇,255055584
啊啊啊啊啊啊啊？,754.119,1,16777215,2026-02-24 21:49:33,557759249,4,今夜,鬼灭之刃 游郭篇,255055584
哈哈哈哈哈哈哈哈哈,645.01,1,16777215,2026-02-24 21:45:17,557759249,4,今夜,鬼灭之刃 游郭篇,255055584
喵喵妈妈,577.829,1,16777215,2026-02-24 21:41:58,557759249,4,今夜,鬼灭之刃 游郭篇,255055584
美丽的脸蛋,546.851,1,16777215,2026-02-24 21:41:40,557759249,4,今夜,鬼灭之刃 游郭篇,255055584
好萌,383.296,1,16777215,2026-02-24 21:38:27,557759249,4,今夜,鬼灭之刃 游郭篇,255055584
咩~~~~~~~~~~~~~~~~~~~~~~~~~~~~~~~~~~~~~~~~~~~~~~~~~~~~~~~~~~~~~~~~~~,186.431,1,16777215,2026-02-24 21:35:37,557759249,4,今夜,鬼灭之刃 游郭篇,255055584
俺也一样,584.302,1,16777215,2026-02-24 21:30:23,557759249,4,今夜,鬼灭之刃 游郭篇,255055584
成豆扁了,1099.93,1,16777215,2026-02-24 21:29:24,557759249,4,今夜,鬼灭之刃 游郭篇,255055584
不！,703.168,1,16777215,2026-02-24 21:14:51,557759249,4,今夜,鬼灭之刃 游郭篇,255055584
这个不是鬼,660.744,1,16777215,2026-02-24 21:10:31,557759249,4,今夜,鬼灭之刃 游郭篇,255055584
别怕宝子们，鲤夏的结局蛮好的,574.961,1,16777215,2026-02-24 21:08:54,557759249,4,今夜,鬼灭之刃 游郭篇,255055584
哈哈哈哈哈哈,652.139,1,16777215,2026-02-24 21:07:16,557759249,4,今夜,鬼灭之刃 游郭篇,255055584
咩～～～～～～～～～～～,188.197,1,16777215,2026-02-24 20:52:28,557759249,4,今夜,鬼灭之刃 游郭篇,255055584
变身！！！,1115.723,5,16777215,2026-02-24 20:41:36,557759249,4,今夜,鬼灭之刃 游郭篇,255055584
压力压力,1109.068,1,16777215,2026-02-24 20:41:16,557759249,4,今夜,鬼灭之刃 游郭篇,255055584
不！！！！！！！！！！！！,797.662,1,16777215,2026-02-24 20:39:28,557759249,4,今夜,鬼灭之刃 游郭篇,255055584
妈妈,39.483,1,16777215,2026-02-24 19:53:51,557759249,4,今夜,鬼灭之刃 游郭篇,255055584
华丽哥怎么会飞雷神？,350.196,1,16777215,2026-02-24 19:46:41,557759249,4,今夜,鬼灭之刃 游郭篇,255055584
我操苦无 ,887.965,1,16777215,2026-02-24 19:39:42,557759249,4,今夜,鬼灭之刃 游郭篇,255055584
老板娘：哦买噶！,871.926,1,16777215,2026-02-24 19:36:17,557759249,4,今夜,鬼灭之刃 游郭篇,255055584
好吃,547.193,1,16777215,2026-02-24 19:16:04,557759249,4,今夜,鬼灭之刃 游郭篇,255055584
祢豆酱,1080.892,1,16777215,2026-02-24 18:28:17,557759249,4,今夜,鬼灭之刃 游郭篇,255055584
音柱真的很帅,911.932,1,16777215,2026-02-24 18:25:21,557759249,4,今夜,鬼灭之刃 游郭篇,255055584
华丽,1205.095,1,16777215,2026-02-24 18:24:16,557759249,4,今夜,鬼灭之刃 游郭篇,255055584
豆子：这箱子质量真好，欧尼酱都要被挤成肉馅了，我还啥事没有,1067.875,1,16777215,2026-02-24 18:21:54,557759249,4,今夜,鬼灭之刃 游郭篇,255055584
41下,486.464,1,15138834,2026-02-24 18:13:56,557759249,4,今夜,鬼灭之刃 游郭篇,255055584
别话多了，,1278.864,1,16777215,2026-02-24 18:12:18,557759249,4,今夜,鬼灭之刃 游郭篇,255055584
弥豆子无语了。,1162.405,1,16777215,2026-02-24 18:09:39,557759249,4,今夜,鬼灭之刃 游郭篇,255055584
鲤————————夏————————姐————————姐————————,993.445,1,16777215,2026-02-24 18:01:02,557759249,4,今夜,鬼灭之刃 游郭篇,255055584
念完你的念你的,37.58,1,16777215,2026-02-24 17:40:28,557759249,4,今夜,鬼灭之刃 游郭篇,255055584
这个花魁不能是鬼吧 看着挺善良的,19.7,1,16777215,2026-02-24 17:40:01,557759249,4,今夜,鬼灭之刃 游郭篇,255055584
华丽,1192.019,1,16777215,2026-02-24 17:29:45,557759249,4,今夜,鬼灭之刃 游郭篇,255055584
莫科莫科～,859.393,1,11890,2026-02-24 17:23:05,557759249,4,今夜,鬼灭之刃 游郭篇,255055584
二向箔,1233.283,1,16777215,2026-02-24 17:21:32,557759249,4,今夜,鬼灭之刃 游郭篇,255055584
二向箔,1228.605,1,16777215,2026-02-24 17:21:03,557759249,4,今夜,鬼灭之刃 游郭篇,255055584
补药啊————鲤夏,787.345,1,15772458,2026-02-24 17:19:47,557759249,4,今夜,鬼灭之刃 游郭篇,255055584
朵拉的奇妙冒险,45.852,1,15138834,2026-02-24 17:19:14,557759249,4,今夜,鬼灭之刃 游郭篇,255055584
？。,851.432,1,16777215,2026-02-24 17:06:22,557759249,4,今夜,鬼灭之刃 游郭篇,255055584
完了……,695.062,1,16777215,2026-02-24 17:04:32,557759249,4,今夜,鬼灭之刃 游郭篇,255055584
俺也一样,584.458,1,16777215,2026-02-24 17:02:57,557759249,4,今夜,鬼灭之刃 游郭篇,255055584
哈哈,1095.098,1,16777215,2026-02-24 16:46:43,557759249,4,今夜,鬼灭之刃 游郭篇,255055584
哈哈,1090.566,1,16777215,2026-02-24 16:46:36,557759249,4,今夜,鬼灭之刃 游郭篇,255055584
哈哈,1084.622,1,16777215,2026-02-24 16:46:31,557759249,4,今夜,鬼灭之刃 游郭篇,255055584
华丽的字体,1196.108,1,16777215,2026-02-24 16:27:48,557759249,4,今夜,鬼灭之刃 游郭篇,255055584
没眉毛好丑,62.714,1,16777215,2026-02-24 16:27:43,557759249,4,今夜,鬼灭之刃 游郭篇,255055584
眉毛呢,36.993,1,9033215,2026-02-24 16:27:17,557759249,4,今夜,鬼灭之刃 游郭篇,255055584
华丽哥的华丽肌肉鼠,844.57,1,16777215,2026-02-24 16:21:51,557759249,4,今夜,鬼灭之刃 游郭篇,255055584
天，突然这么帅,610.677,1,16777215,2026-02-24 16:18:37,557759249,4,今夜,鬼灭之刃 游郭篇,255055584
不！！！！！！鲤夏姐姐！！！！！！！！,802.45,1,16777215,2026-02-24 16:04:49,557759249,4,今夜,鬼灭之刃 游郭篇,255055584
咩——————————————咩——————,191.07,1,16777215,2026-02-24 16:00:06,557759249,4,今夜,鬼灭之刃 游郭篇,255055584
挖耳勺,71.431,1,16777215,2026-02-24 15:38:22,557759249,4,今夜,鬼灭之刃 游郭篇,255055584
挖耳勺,67.676,1,16777215,2026-02-24 15:38:12,557759249,4,今夜,鬼灭之刃 游郭篇,255055584
不吃饿死，爱吃不吃，就这破玩意儿，是因为他哥他配当上弦吗？,1044.525,1,16777215,2026-02-24 15:33:30,557759249,4,今夜,鬼灭之刃 游郭篇,255055584
鲤夏姐姐！！！！,1221.982,1,16777215,2026-02-24 14:53:13,557759249,4,今夜,鬼灭之刃 游郭篇,255055584
我去，华丽的字体又出来了,1184.769,1,16777215,2026-02-24 14:52:16,557759249,4,今夜,鬼灭之刃 游郭篇,255055584
林夏之后没死，最后活着呢，能不能别刷屏啊？,819.139,1,16777215,2026-02-24 14:44:55,557759249,4,今夜,鬼灭之刃 游郭篇,255055584
鲤————夏————姐————姐————,807.531,1,16777215,2026-02-24 14:44:51,557759249,4,今夜,鬼灭之刃 游郭篇,255055584
[前方高能],749.903,1,16777215,2026-02-24 14:15:34,557759249,4,今夜,鬼灭之刃 游郭篇,255055584
bushi,1083.091,1,16777215,2026-02-24 14:11:45,557759249,4,今夜,鬼灭之刃 游郭篇,255055584
头柱回来,796.198,1,16777215,2026-02-24 14:08:01,557759249,4,今夜,鬼灭之刃 游郭篇,255055584
碳基咯快点回来,781.076,1,16777215,2026-02-24 14:07:36,557759249,4,今夜,鬼灭之刃 游郭篇,255055584
nonono,774.711,1,16777215,2026-02-24 14:07:17,557759249,4,今夜,鬼灭之刃 游郭篇,255055584
鲤夏姐姐成纸片人了,1246.328,1,16777215,2026-02-24 13:49:45,557759249,4,今夜,鬼灭之刃 游郭篇,255055584
华丽的字体,1186.449,1,16777215,2026-02-24 13:48:02,557759249,4,今夜,鬼灭之刃 游郭篇,255055584
鲤---------------夏-------------------姐-----------------姐---------------,987.792,1,16777215,2026-02-24 13:44:29,557759249,4,今夜,鬼灭之刃 游郭篇,255055584
不ˉˉˉˉˉˉˉˉˉˉˉˉ要ˉˉˉˉˉˉˉˉˉˉ啊ˉˉˉˉˉˉˉˉˉ,772.793,1,16777215,2026-02-24 13:38:52,557759249,4,今夜,鬼灭之刃 游郭篇,255055584
华丽的字体,1198.073,1,16777215,2026-02-24 13:37:01,557759249,4,今夜,鬼灭之刃 游郭篇,255055584
关于官方认为我们可以模仿出来这件事,5.94,1,16777215,2026-02-24 13:26:43,557759249,4,今夜,鬼灭之刃 游郭篇,255055584
我不想她死啊啊啊啊,782.343,1,16777215,2026-02-24 13:08:21,557759249,4,今夜,鬼灭之刃 游郭篇,255055584
(╥╯﹏╰╥)ง,817.103,1,16777215,2026-02-24 12:50:23,557759249,4,今夜,鬼灭之刃 游郭篇,255055584
不要不要不要不要不要不要不要不要不要不要不要！！！,781.704,1,16777215,2026-02-24 12:49:33,557759249,4,今夜,鬼灭之刃 游郭篇,255055584
有没有可能主角团死了就演不下去了……,523.652,1,16777215,2026-02-24 12:37:44,557759249,4,今夜,鬼灭之刃 游郭篇,255055584
猪突猛进！！猪突猛进！！,829.663,1,16777215,2026-02-24 12:28:11,557759249,4,今夜,鬼灭之刃 游郭篇,255055584
不要乱立flag啊！！,736.327,1,16777215,2026-02-24 12:21:04,557759249,4,今夜,鬼灭之刃 游郭篇,255055584
不！！！,753.293,1,16777215,2026-02-24 12:20:43,557759249,4,今夜,鬼灭之刃 游郭篇,255055584
首先那个女配是向前挤,996.232,1,16777215,2026-02-24 12:19:08,557759249,4,今夜,鬼灭之刃 游郭篇,255055584
俺也一样,575.721,1,16777215,2026-02-24 12:14:16,557759249,4,今夜,鬼灭之刃 游郭篇,255055584
鲤————夏————姐————姐————,992.07,5,16777215,2026-02-24 12:05:32,557759249,4,今夜,鬼灭之刃 游郭篇,255055584
鲤————夏————姐————姐————,807.232,5,16777215,2026-02-24 12:01:31,557759249,4,今夜,鬼灭之刃 游郭篇,255055584
俺也一样,587.104,5,16777215,2026-02-24 11:57:46,557759249,4,今夜,鬼灭之刃 游郭篇,255055584
我也最喜欢鲤夏姐姐了！！,578.463,1,8700107,2026-02-24 11:55:15,557759249,4,今夜,鬼灭之刃 游郭篇,255055584
长男の思考,651.877,1,16777215,2026-02-24 11:51:45,557759249,4,今夜,鬼灭之刃 游郭篇,255055584
华丽,1199.424,1,41194,2026-02-24 11:37:14,557759249,4,今夜,鬼灭之刃 游郭篇,255055584
鲤———夏———姐———姐———！，！！！！！！！！,1022.101,1,15138834,2026-02-24 11:33:55,557759249,4,今夜,鬼灭之刃 游郭篇,255055584
鲤夏姐姐！！！！！！！！！！！！你在哪！！！！！！！！！！！！！,984.128,1,15138834,2026-02-24 11:32:54,557759249,4,今夜,鬼灭之刃 游郭篇,255055584
呀—————————没—————————喽————————,800.064,1,15138834,2026-02-24 11:30:14,557759249,4,今夜,鬼灭之刃 游郭篇,255055584
呀没喽！！！！别动我的姐姐！！！,773.355,1,15138834,2026-02-24 11:29:05,557759249,4,今夜,鬼灭之刃 游郭篇,255055584
啊啊啊啊啊啊啊啊啊姐姐好美,670.784,1,15138834,2026-02-24 11:27:49,557759249,4,今夜,鬼灭之刃 游郭篇,255055584
俺也一样！！！！,575.894,1,15138834,2026-02-24 11:26:38,557759249,4,今夜,鬼灭之刃 游郭篇,255055584
猪猪思考了,502.165,1,15138834,2026-02-24 11:25:40,557759249,4,今夜,鬼灭之刃 游郭篇,255055584
咩~~~~——————~~~~~——！,188.657,1,16777215,2026-02-24 10:58:44,557759249,4,今夜,鬼灭之刃 游郭篇,255055584
哒哒哒哒哒哒哒哒哒哒哒哒哒哒哒哒哒哒哒哒哒哒哒哒哒哒,178.549,1,16777215,2026-02-24 10:58:33,557759249,4,今夜,鬼灭之刃 游郭篇,255055584
太华丽了,1230.252,1,16777215,2026-02-24 10:47:48,557759249,4,今夜,鬼灭之刃 游郭篇,255055584
楼上上的笑死我了,989.565,1,16777215,2026-02-24 10:44:37,557759249,4,今夜,鬼灭之刃 游郭篇,255055584
华丽,1205.69,1,16777215,2026-02-24 10:29:40,557759249,4,今夜,鬼灭之刃 游郭篇,255055584
祢豆子,1074.56,1,16777215,2026-02-24 10:19:32,557759249,4,今夜,鬼灭之刃 游郭篇,255055584
弹跳力够强的哈,832.567,1,16777215,2026-02-24 04:02:36,557759249,4,今夜,鬼灭之刃 游郭篇,255055584
.1,1089.151,1,16777215,2026-02-24 01:06:03,557759249,4,今夜,鬼灭之刃 游郭篇,255055584
.1,1089.151,1,16777215,2026-02-24 01:05:59,557759249,4,今夜,鬼灭之刃 游郭篇,255055584
别的我不知道，脸白是因为带着头套晒不到太阳吧,401.654,1,16777215,2026-02-24 00:15:29,557759249,4,今夜,鬼灭之刃 游郭篇,255055584
亚！美！喽！,787.687,1,16777215,2026-02-23 23:37:06,557759249,4,今夜,鬼灭之刃 游郭篇,255055584
鲤————————夏————————姐————————姐————————！,815.943,1,16777215,2026-02-23 23:27:33,557759249,4,今夜,鬼灭之刃 游郭篇,255055584
美颜暴击,383.286,1,16777215,2026-02-23 23:25:16,557759249,4,今夜,鬼灭之刃 游郭篇,255055584
香奈乎香奈乎香奈乎香奈乎香奈乎香奈乎香奈乎香奈乎,402.806,1,16777215,2026-02-23 23:24:08,557759249,4,今夜,鬼灭之刃 游郭篇,255055584
好萌！,31.257,1,16777215,2026-02-23 23:17:25,557759249,4,今夜,鬼灭之刃 游郭篇,255055584
炭炭棒,1287.475,1,16777215,2026-02-23 23:05:41,557759249,4,今夜,鬼灭之刃 游郭篇,255055584
推理番？,543.531,1,16777215,2026-02-23 21:40:31,557759249,4,今夜,鬼灭之刃 游郭篇,255055584
变成二向箔了，属实降维打击,1230.971,1,16777215,2026-02-23 21:32:05,557759249,4,今夜,鬼灭之刃 游郭篇,255055584
这个世上还有k佬吗,704.653,5,16777215,2026-02-23 21:19:44,557759249,4,今夜,鬼灭之刃 游郭篇,255055584
咩~~~~——————~~~~~——！,189.17,1,16777215,2026-02-23 20:33:44,557759249,4,今夜,鬼灭之刃 游郭篇,255055584
华丽丽的饬吧,1425.906,1,16777215,2026-02-23 20:30:47,557759249,4,今夜,鬼灭之刃 游郭篇,255055584
桉屿在赶来的路上,512.538,1,16777215,2026-02-23 20:11:36,557759249,4,今夜,鬼灭之刃 游郭篇,255055584
木希诺克q俏闹麦塔哇木嘞,555.977,1,16777215,2026-02-23 20:03:03,557759249,4,今夜,鬼灭之刃 游郭篇,255055584
爱字体,1188.507,1,11890,2026-02-23 19:42:44,557759249,4,今夜,鬼灭之刃 游郭篇,255055584
钢铁冢：？,1290.607,1,16777215,2026-02-23 19:25:23,557759249,4,今夜,鬼灭之刃 游郭篇,255055584
给个脚部特写啥意思,822.492,1,16777215,2026-02-23 19:24:48,557759249,4,今夜,鬼灭之刃 游郭篇,255055584
我也喜欢！！,589.676,1,15138834,2026-02-23 19:07:40,557759249,4,今夜,鬼灭之刃 游郭篇,255055584
明白人,215.171,1,15138834,2026-02-23 19:01:16,557759249,4,今夜,鬼灭之刃 游郭篇,255055584
豆均匀的涂抹在箱子中,463.479,1,16777215,2026-02-23 18:55:02,557759249,4,今夜,鬼灭之刃 游郭篇,255055584
今夜  我乘风归去,194.004,1,16707842,2026-02-23 18:41:47,557759249,4,今夜,鬼灭之刃 游郭篇,255055584
=⩌⩊⩌=我也是,587.707,1,16777215,2026-02-23 18:06:23,557759249,4,今夜,鬼灭之刃 游郭篇,255055584
美女的真是够了,1264.848,5,16707842,2026-02-23 17:45:36,557759249,4,今夜,鬼灭之刃 游郭篇,255055584
难道在堕姬眼里除了漂亮就是丑吗,1264.013,1,9487136,2026-02-23 17:45:10,557759249,4,今夜,鬼灭之刃 游郭篇,255055584
筷子吗,70.066,1,16777215,2026-02-23 17:39:19,557759249,4,今夜,鬼灭之刃 游郭篇,255055584
华丽,1224.635,1,16777215,2026-02-23 17:38:21,557759249,4,今夜,鬼灭之刃 游郭篇,255055584
莫一ki！！！,1428.381,5,16777215,2026-02-23 17:22:43,557759249,4,今夜,鬼灭之刃 游郭篇,255055584
俺也一样！！！,575.714,1,16777215,2026-02-23 17:22:20,557759249,4,今夜,鬼灭之刃 游郭篇,255055584
妈ki妈ki～,1410.942,5,16777215,2026-02-23 17:21:50,557759249,4,今夜,鬼灭之刃 游郭篇,255055584
华丽的字体,1185.703,5,16777215,2026-02-23 17:15:51,557759249,4,今夜,鬼灭之刃 游郭篇,255055584
不！！！我的鲤夏紫啧！（雪花飘飘～北风萧萧～）,1049.944,5,16777215,2026-02-23 17:13:14,557759249,4,今夜,鬼灭之刃 游郭篇,255055584
不要啊！！！我的鲤夏紫啧啊！！！！！！！！！！！！！！！！no！！！,1047.963,1,16777215,2026-02-23 17:12:26,557759249,4,今夜,鬼灭之刃 游郭篇,255055584
补药啊！！！！！！！！！！！！我的鲤夏紫啧！！！！！！！,1016.477,1,16777215,2026-02-23 17:10:40,557759249,4,今夜,鬼灭之刃 游郭篇,255055584
华突猛进！华突猛进！,968.424,1,16777215,2026-02-23 17:09:06,557759249,4,今夜,鬼灭之刃 游郭篇,255055584
保护,731.187,1,16777215,2026-02-23 17:06:37,557759249,4,今夜,鬼灭之刃 游郭篇,255055584
我二刷，放心鲤夏不会死，会被炭治郎救,803.18,1,16777215,2026-02-23 16:56:17,557759249,4,今夜,鬼灭之刃 游郭篇,255055584
好华丽的字体,1187.197,5,16777215,2026-02-23 16:55:57,557759249,4,今夜,鬼灭之刃 游郭篇,255055584
我去 大跳,968.868,1,16777215,2026-02-23 16:55:39,557759249,4,今夜,鬼灭之刃 游郭篇,255055584
太华丽了 ! ! !,857.015,5,16777215,2026-02-23 16:52:37,557759249,4,今夜,鬼灭之刃 游郭篇,255055584
你好,1214.497,1,16777215,2026-02-23 16:36:33,557759249,4,今夜,鬼灭之刃 游郭篇,255055584
华丽,1206.313,1,16777215,2026-02-23 16:36:21,557759249,4,今夜,鬼灭之刃 游郭篇,255055584
鲤——————————————————夏————————————————姐————————————————————姐————————————————————————,798.561,1,9487136,2026-02-23 16:27:05,557759249,4,今夜,鬼灭之刃 游郭篇,255055584
不要啊啊啊啊啊啊！！！！！！！,752.449,1,9487136,2026-02-23 16:25:11,557759249,4,今夜,鬼灭之刃 游郭篇,255055584
[前方高能],750.372,1,9487136,2026-02-23 16:25:01,557759249,4,今夜,鬼灭之刃 游郭篇,255055584
俺也一样啊啊啊啊！！！！,573.534,1,9487136,2026-02-23 16:22:09,557759249,4,今夜,鬼灭之刃 游郭篇,255055584
俺也一样！！！,544.874,5,15772458,2026-02-23 16:21:32,557759249,4,今夜,鬼灭之刃 游郭篇,255055584
这字体怎么还带特效？,1203.471,1,16777215,2026-02-23 15:41:40,557759249,4,今夜,鬼灭之刃 游郭篇,255055584
快点死吧，炭治郎,1137.234,1,15772458,2026-02-23 15:15:01,557759249,4,今夜,鬼灭之刃 游郭篇,255055584
闪亮的脚趾。,822.002,1,16777215,2026-02-23 15:09:28,557759249,4,今夜,鬼灭之刃 游郭篇,255055584
俺也喜欢,571.41,1,16777215,2026-02-23 15:07:08,557759249,4,今夜,鬼灭之刃 游郭篇,255055584
我也最最最喜欢鲤夏姐姐了！,583.596,1,16777215,2026-02-23 15:06:03,557759249,4,今夜,鬼灭之刃 游郭篇,255055584
华丽哥的宠物,854.718,1,16777215,2026-02-23 14:54:15,557759249,4,今夜,鬼灭之刃 游郭篇,255055584
两个都好温柔,733.53,1,16777215,2026-02-23 14:51:36,557759249,4,今夜,鬼灭之刃 游郭篇,255055584
炭治郎：没招了,647.095,1,16777215,2026-02-23 14:49:55,557759249,4,今夜,鬼灭之刃 游郭篇,255055584
好帅啊！,610.472,1,16777215,2026-02-23 14:48:58,557759249,4,今夜,鬼灭之刃 游郭篇,255055584
怎么数的41下,488.285,1,16777215,2026-02-23 14:46:37,557759249,4,今夜,鬼灭之刃 游郭篇,255055584
咩～～～～～～～～～～～,186.284,1,16777215,2026-02-23 14:40:34,557759249,4,今夜,鬼灭之刃 游郭篇,255055584
咩～,187.204,1,16777215,2026-02-23 14:25:26,557759249,4,今夜,鬼灭之刃 游郭篇,255055584
还是出事了,751.785,1,16777215,2026-02-23 14:05:07,557759249,4,今夜,鬼灭之刃 游郭篇,255055584
眼睛好漂亮,562.215,1,16777215,2026-02-23 13:09:14,557759249,4,今夜,鬼灭之刃 游郭篇,255055584
炭炭哪里丑了？蚯蚓女,1267.852,1,16777215,2026-02-23 12:43:27,557759249,4,今夜,鬼灭之刃 游郭篇,255055584
我们家炭炭才不丑，我们家炭炭最帅啦,1255.276,1,16777215,2026-02-23 12:42:45,557759249,4,今夜,鬼灭之刃 游郭篇,255055584
鲤——夏——姐——姐！！！！！！！！,797.534,1,16777215,2026-02-23 12:34:09,557759249,4,今夜,鬼灭之刃 游郭篇,255055584
鳄鱼你没有心！,793.141,1,16777215,2026-02-23 12:32:53,557759249,4,今夜,鬼灭之刃 游郭篇,255055584
咩~,189.905,1,16777215,2026-02-23 12:22:37,557759249,4,今夜,鬼灭之刃 游郭篇,255055584
午餐出来晒太阳,801.733,1,16777215,2026-02-23 12:22:15,557759249,4,今夜,鬼灭之刃 游郭篇,255055584
大声密谋,487.253,1,16777215,2026-02-23 12:16:37,557759249,4,今夜,鬼灭之刃 游郭篇,255055584
完辣！！！！！,756.307,5,14811775,2026-02-23 12:07:40,557759249,4,今夜,鬼灭之刃 游郭篇,255055584
老板:不是这个傻福世界，我到底招谁惹谁了？,894.994,1,16777215,2026-02-23 12:05:17,557759249,4,今夜,鬼灭之刃 游郭篇,255055584
不！！！,787.394,5,16777215,2026-02-23 12:04:59,557759249,4,今夜,鬼灭之刃 游郭篇,255055584
鲤夏姐姐！！！！！！！！！！！！！！,783.154,1,16777215,2026-02-23 12:02:02,557759249,4,今夜,鬼灭之刃 游郭篇,255055584
不要！！！！！！,753.894,1,16777215,2026-02-23 12:00:46,557759249,4,今夜,鬼灭之刃 游郭篇,255055584
华丽,849.075,5,16777215,2026-02-23 11:27:07,557759249,4,今夜,鬼灭之刃 游郭篇,255055584
咩～～～～～～～～～,187.828,1,16777215,2026-02-23 11:27:05,557759249,4,今夜,鬼灭之刃 游郭篇,255055584
咩————————————————————————————————————————————————————————————————————————————————————————————,189.784,1,16777215,2026-02-23 11:06:38,557759249,4,今夜,鬼灭之刃 游郭篇,255055584
有刀,683.73,1,16777215,2026-02-23 10:20:25,557759249,4,今夜,鬼灭之刃 游郭篇,255055584
又要挺突然了,747.669,1,16777215,2026-02-23 10:17:23,557759249,4,今夜,鬼灭之刃 游郭篇,255055584
咩～ ～～～～～～～～～～～～～～～,188.303,1,41194,2026-02-23 10:13:38,557759249,4,今夜,鬼灭之刃 游郭篇,255055584
哒哒哒哒哒哒哒哒哒哒哒哒哒哒哒哒哒哒哒哒哒哒哒哒哒哒哒哒哒哒哒哒哒哒哒哒哒哒,114.827,1,41194,2026-02-23 10:12:02,557759249,4,今夜,鬼灭之刃 游郭篇,255055584
左右脑互搏,1258.11,1,16777215,2026-02-23 10:11:14,557759249,4,今夜,鬼灭之刃 游郭篇,255055584
感觉炭炭的刀又要断,1194.739,1,16777215,2026-02-23 10:10:08,557759249,4,今夜,鬼灭之刃 游郭篇,255055584
咩哎～～～～～～～,190.701,1,14811775,2026-02-23 09:43:44,557759249,4,今夜,鬼灭之刃 游郭篇,255055584
咩~~~~~,185.359,1,16777215,2026-02-23 09:42:46,557759249,4,今夜,鬼灭之刃 游郭篇,255055584
同是花魁，姐姐好温柔,35.735,1,16777215,2026-02-23 08:44:38,557759249,4,今夜,鬼灭之刃 游郭篇,255055584
好可爱呀我去！！！！！,419.515,5,16777215,2026-02-23 08:39:16,557759249,4,今夜,鬼灭之刃 游郭篇,255055584
X?,1227.659,1,16777215,2026-02-23 07:53:18,557759249,4,今夜,鬼灭之刃 游郭篇,255055584
该说不说，其实这样也挺好看的,762.7,1,16777215,2026-02-23 02:54:22,557759249,4,今夜,鬼灭之刃 游郭篇,255055584
太华丽了,1203.245,1,16777215,2026-02-23 00:05:04,557759249,4,今夜,鬼灭之刃 游郭篇,255055584
哈哈哈哈,848.681,1,16777215,2026-02-22 23:47:10,557759249,4,今夜,鬼灭之刃 游郭篇,255055584
不要啊！！！！！！！！！！,769.444,5,16777215,2026-02-22 23:30:52,557759249,4,今夜,鬼灭之刃 游郭篇,255055584
两个萌物,262.759,5,16777215,2026-02-22 23:19:57,557759249,4,今夜,鬼灭之刃 游郭篇,255055584
华丽的字体,1193.129,1,16777215,2026-02-22 23:10:35,557759249,4,今夜,鬼灭之刃 游郭篇,255055584
主打的就是我们喜欢哪个鳄鱼老师就写死哪个,788.807,1,16777215,2026-02-22 22:57:03,557759249,4,今夜,鬼灭之刃 游郭篇,255055584
秀肌肉来的,862.023,1,16777215,2026-02-22 22:50:13,557759249,4,今夜,鬼灭之刃 游郭篇,255055584
猪的哼哼幻视丹尼尔辛巴巴,455.68,1,16777215,2026-02-22 22:33:05,557759249,4,今夜,鬼灭之刃 游郭篇,255055584
猪猪好帅,578.54,1,16777215,2026-02-22 22:15:29,557759249,4,今夜,鬼灭之刃 游郭篇,255055584
字体好评,1186.766,1,41194,2026-02-22 22:14:50,557759249,4,今夜,鬼灭之刃 游郭篇,255055584
鲤————夏————姐————姐,995.858,1,41194,2026-02-22 22:06:54,557759249,4,今夜,鬼灭之刃 游郭篇,255055584
鲤——————夏——————姐——————姐,801.094,1,41194,2026-02-22 22:05:15,557759249,4,今夜,鬼灭之刃 游郭篇,255055584
不要呜呜呜呜呜呜呜呜呜呜,783.605,1,41194,2026-02-22 22:04:38,557759249,4,今夜,鬼灭之刃 游郭篇,255055584
不要！！！！！！,753.925,1,41194,2026-02-22 22:04:13,557759249,4,今夜,鬼灭之刃 游郭篇,255055584
甲就是住吗？,376.539,1,16777215,2026-02-22 22:04:02,557759249,4,今夜,鬼灭之刃 游郭篇,255055584
不豪，落单了,580.544,1,41194,2026-02-22 22:02:45,557759249,4,今夜,鬼灭之刃 游郭篇,255055584
俺也一样！,571.96,1,16777215,2026-02-22 22:02:19,557759249,4,今夜,鬼灭之刃 游郭篇,255055584
亚美喽！！！,781.246,1,16777215,2026-02-22 21:59:44,557759249,4,今夜,鬼灭之刃 游郭篇,255055584
咩～～～～～～～～～～,189.493,1,16777215,2026-02-22 21:58:48,557759249,4,今夜,鬼灭之刃 游郭篇,255055584
好像三线眉的眉毛,27.907,5,16777215,2026-02-22 21:36:27,557759249,4,今夜,鬼灭之刃 游郭篇,255055584
我感觉不想抬头吻向他们的三线眉,27.907,1,16777215,2026-02-22 21:36:11,557759249,4,今夜,鬼灭之刃 游郭篇,255055584
不羡鸳鸯不羡仙，只羡音柱每一天,164.405,1,16777215,2026-02-22 21:05:26,557759249,4,今夜,鬼灭之刃 游郭篇,255055584
谁说丑了，炭治郎一点都不丑！！！！,1251.514,1,8700107,2026-02-22 20:59:51,557759249,4,今夜,鬼灭之刃 游郭篇,255055584
出现了！华丽字体,1184.256,1,8700107,2026-02-22 20:58:32,557759249,4,今夜,鬼灭之刃 游郭篇,255055584
？什么,840.446,1,8700107,2026-02-22 20:51:56,557759249,4,今夜,鬼灭之刃 游郭篇,255055584
鲤————————夏————————姐————————姐————————,812.395,1,8700107,2026-02-22 20:51:24,557759249,4,今夜,鬼灭之刃 游郭篇,255055584
不要！！！,756.447,1,8700107,2026-02-22 20:50:21,557759249,4,今夜,鬼灭之刃 游郭篇,255055584
帅！！,614.102,1,8700107,2026-02-22 20:47:51,557759249,4,今夜,鬼灭之刃 游郭篇,255055584
无一郎（幻听）,557.729,1,8700107,2026-02-22 20:46:51,557759249,4,今夜,鬼灭之刃 游郭篇,255055584
咩————————————————————————,190.901,1,16777215,2026-02-22 20:43:36,557759249,4,今夜,鬼灭之刃 游郭篇,255055584
月下三兄贵,1406.868,1,16777215,2026-02-22 20:42:34,557759249,4,今夜,鬼灭之刃 游郭篇,255055584
？表闹了,757.784,1,16777215,2026-02-22 20:31:19,557759249,4,今夜,鬼灭之刃 游郭篇,255055584
好可爱啊,473.181,1,16777215,2026-02-22 20:28:58,557759249,4,今夜,鬼灭之刃 游郭篇,255055584
哈哈哈哈哈哈哈哈哈哈哈,633.412,1,16777215,2026-02-22 20:25:32,557759249,4,今夜,鬼灭之刃 游郭篇,255055584
啊啊啊啊啊啊啊啊啊啊啊啊啊啊啊啊啊，豆子可爱死了,1175.592,1,16777215,2026-02-22 19:51:27,557759249,4,今夜,鬼灭之刃 游郭篇,255055584
啊啊啊啊啊鲤夏姐姐,1096.027,1,16777215,2026-02-22 19:49:54,557759249,4,今夜,鬼灭之刃 游郭篇,255055584
每果夏姐姐,799.368,1,16777215,2026-02-22 19:45:26,557759249,4,今夜,鬼灭之刃 游郭篇,255055584
No,780.794,1,16777215,2026-02-22 19:44:44,557759249,4,今夜,鬼灭之刃 游郭篇,255055584
咩~~∽,191.453,1,16777215,2026-02-22 19:37:50,557759249,4,今夜,鬼灭之刃 游郭篇,255055584
炭子萌萌的！,1271.518,1,16777215,2026-02-22 19:19:34,557759249,4,今夜,鬼灭之刃 游郭篇,255055584
好姿势,1143.531,1,16777215,2026-02-22 19:03:28,557759249,4,今夜,鬼灭之刃 游郭篇,255055584
咩～～～～～～～～～～～～～～～～～～～～～～～～～～～～～～～～～～～～～～～～～～～～～～～～～～～～～～～～～～～～～～～～～～～～～～～～～～～～～～～～～～～～,185.6,1,16777215,2026-02-22 18:59:16,557759249,4,今夜,鬼灭之刃 游郭篇,255055584
眼科医生———堕姬,1151.151,1,16777215,2026-02-22 18:51:58,557759249,4,今夜,鬼灭之刃 游郭篇,255055584
打么打么打么我的鲤夏姐姐！！！！,786.395,1,16777215,2026-02-22 18:50:14,557759249,4,今夜,鬼灭之刃 游郭篇,255055584
姐姐姐姐,23.125,1,9487136,2026-02-22 18:50:09,557759249,4,今夜,鬼灭之刃 游郭篇,255055584
酾！！！！！！！！,484.274,1,16777215,2026-02-22 18:43:58,557759249,4,今夜,鬼灭之刃 游郭篇,255055584
不要再打了啦！,450.832,5,15138834,2026-02-22 18:31:39,557759249,4,今夜,鬼灭之刃 游郭篇,255055584
老板ning,1259.104,1,16777215,2026-02-22 18:25:41,557759249,4,今夜,鬼灭之刃 游郭篇,255055584
你终于知道了,801.323,1,16777215,2026-02-22 18:19:35,557759249,4,今夜,鬼灭之刃 游郭篇,255055584
你跑什么啊，，回去！！！！,787.405,1,16777215,2026-02-22 18:19:05,557759249,4,今夜,鬼灭之刃 游郭篇,255055584
不可,773.125,1,16777215,2026-02-22 18:18:29,557759249,4,今夜,鬼灭之刃 游郭篇,255055584
补药啊补药啊补药啊补药啊补药啊补药啊补药啊补药啊补药啊补药啊补药啊补药啊补药啊补药啊补药啊补药啊补药啊补药啊,766.684,1,16777215,2026-02-22 18:18:15,557759249,4,今夜,鬼灭之刃 游郭篇,255055584
补药啊补药啊补药啊补药啊补药啊补药啊补药啊补药啊补药啊补药啊补药啊补药啊补药啊补药啊补药啊补药啊补药啊,754.847,1,16777215,2026-02-22 18:17:50,557759249,4,今夜,鬼灭之刃 游郭篇,255055584
++,66.778,1,16777215,2026-02-22 18:10:44,557759249,4,今夜,鬼灭之刃 游郭篇,255055584
缘一上线,1285.302,1,16777215,2026-02-22 18:02:16,557759249,4,今夜,鬼灭之刃 游郭篇,255055584
练得身形似鹤形,268.453,1,41194,2026-02-22 17:49:26,557759249,4,今夜,鬼灭之刃 游郭篇,255055584
她真的我哭死,718.308,1,16777215,2026-02-22 17:32:56,557759249,4,今夜,鬼灭之刃 游郭篇,255055584
かわいい,566.848,1,16777215,2026-02-22 17:29:53,557759249,4,今夜,鬼灭之刃 游郭篇,255055584
箱子：我招你惹你了啊,1071.985,1,16777215,2026-02-22 17:09:29,557759249,4,今夜,鬼灭之刃 游郭篇,255055584
咩～～～～～～～～～,187.511,1,16777215,2026-02-22 16:55:32,557759249,4,今夜,鬼灭之刃 游郭篇,255055584
牙没喽！！！！！,773.574,1,16777215,2026-02-22 16:37:35,557759249,4,今夜,鬼灭之刃 游郭篇,255055584
俺也一样,578.53,1,16777215,2026-02-22 16:35:21,557759249,4,今夜,鬼灭之刃 游郭篇,255055584
咩～～～～～～～～～～～,186.372,1,16777215,2026-02-22 16:29:51,557759249,4,今夜,鬼灭之刃 游郭篇,255055584
是不是累教她的？,1211.798,1,16777215,2026-02-22 16:18:07,557759249,4,今夜,鬼灭之刃 游郭篇,255055584
演都不演了。,1200.818,1,16777215,2026-02-22 16:17:37,557759249,4,今夜,鬼灭之刃 游郭篇,255055584
华丽的字体和华丽的动作,1185.662,1,16777215,2026-02-22 16:08:57,557759249,4,今夜,鬼灭之刃 游郭篇,255055584
炭炭肋骨好过吗？,1099.115,1,16777215,2026-02-22 16:07:16,557759249,4,今夜,鬼灭之刃 游郭篇,255055584
咩～~~～~~！,115.344,1,16777215,2026-02-22 16:06:38,557759249,4,今夜,鬼灭之刃 游郭篇,255055584
刷屏的亖老冯 ,826.196,1,16777215,2026-02-22 15:56:18,557759249,4,今夜,鬼灭之刃 游郭篇,255055584
不要！！！,799.587,1,16777215,2026-02-22 15:55:30,557759249,4,今夜,鬼灭之刃 游郭篇,255055584
请它吃溜溜梅,1056.049,1,16777215,2026-02-22 15:42:30,557759249,4,今夜,鬼灭之刃 游郭篇,255055584
很有品味了,1145.166,1,16777215,2026-02-22 15:41:55,557759249,4,今夜,鬼灭之刃 游郭篇,255055584
苦无！,886.506,1,16777215,2026-02-22 15:37:19,557759249,4,今夜,鬼灭之刃 游郭篇,255055584
毁了,797.632,1,16777215,2026-02-22 15:13:28,557759249,4,今夜,鬼灭之刃 游郭篇,255055584
俺也一样,582.95,1,16777215,2026-02-22 15:00:21,557759249,4,今夜,鬼灭之刃 游郭篇,255055584
美女姐姐不要死,794.029,1,16777215,2026-02-22 14:57:14,557759249,4,今夜,鬼灭之刃 游郭篇,255055584
我也喜欢,582.538,1,16777215,2026-02-22 14:55:47,557759249,4,今夜,鬼灭之刃 游郭篇,255055584
还想吃漂亮饭,1147.12,5,16777215,2026-02-22 14:45:05,557759249,4,今夜,鬼灭之刃 游郭篇,255055584
啊啊啊啊啊啊啊啊啊啊啊啊啊啊不要啊啊啊啊啊啊啊啊啊啊啊啊啊啊,778.945,1,16777215,2026-02-22 14:38:27,557759249,4,今夜,鬼灭之刃 游郭篇,255055584
姐姐好美,19.384,1,16777215,2026-02-22 14:32:03,557759249,4,今夜,鬼灭之刃 游郭篇,255055584
华丽,1217.757,1,16777215,2026-02-22 14:21:10,557759249,4,今夜,鬼灭之刃 游郭篇,255055584
炭治郎离开稍微晚一点啊,739.819,1,15138834,2026-02-22 14:19:31,557759249,4,今夜,鬼灭之刃 游郭篇,255055584
高能预警,693.567,1,16707842,2026-02-22 14:18:19,557759249,4,今夜,鬼灭之刃 游郭篇,255055584
对比一下两家的……,587.413,1,16777215,2026-02-22 14:16:22,557759249,4,今夜,鬼灭之刃 游郭篇,255055584
 对比一下杨家的,577.344,1,16777215,2026-02-22 14:16:03,557759249,4,今夜,鬼灭之刃 游郭篇,255055584
异能力 罗生门！,1114.89,1,16777215,2026-02-22 14:15:28,557759249,4,今夜,鬼灭之刃 游郭篇,255055584
NO！！！！！！你要干什么！！！！,762.75,1,16777215,2026-02-22 14:13:04,557759249,4,今夜,鬼灭之刃 游郭篇,255055584
居然还挑食Σ( ° △ °|||)︴,1150.477,1,16777215,2026-02-22 14:00:09,557759249,4,今夜,鬼灭之刃 游郭篇,255055584
321，箱子一号链接刷刷新去拍,1110.565,1,16777215,2026-02-22 13:58:54,557759249,4,今夜,鬼灭之刃 游郭篇,255055584
鲤夏姐姐！！！！！,1033.279,1,16777215,2026-02-22 13:56:03,557759249,4,今夜,鬼灭之刃 游郭篇,255055584
不！不要啊！！！,753.222,1,16777215,2026-02-22 13:49:34,557759249,4,今夜,鬼灭之刃 游郭篇,255055584
音柱好俊,937.743,1,16777215,2026-02-22 13:42:49,557759249,4,今夜,鬼灭之刃 游郭篇,255055584
太华丽了,867.122,1,16777215,2026-02-22 13:41:16,557759249,4,今夜,鬼灭之刃 游郭篇,255055584
鲤夏姐姐,770.959,1,16777215,2026-02-22 13:39:31,557759249,4,今夜,鬼灭之刃 游郭篇,255055584
不要啊,768.377,1,16777215,2026-02-22 13:39:16,557759249,4,今夜,鬼灭之刃 游郭篇,255055584
俺也一样！,583.865,1,16777215,2026-02-22 13:21:07,557759249,4,今夜,鬼灭之刃 游郭篇,255055584
鲤————夏————姐————姐————,810.166,1,16777215,2026-02-22 13:18:22,557759249,4,今夜,鬼灭之刃 游郭篇,255055584
NO啊啊,780.111,1,8700107,2026-02-22 13:09:30,557759249,4,今夜,鬼灭之刃 游郭篇,255055584
没人发弹幕吗,1209.686,1,16777215,2026-02-22 13:08:26,557759249,4,今夜,鬼灭之刃 游郭篇,255055584
迷人风情,1209.686,1,16777215,2026-02-22 13:08:18,557759249,4,今夜,鬼灭之刃 游郭篇,255055584
我也一样,577.921,1,16777215,2026-02-22 13:04:44,557759249,4,今夜,鬼灭之刃 游郭篇,255055584
到底是谁觉得堕姬好啊好雷霆啊受不了了,776.606,1,16777215,2026-02-22 12:39:53,557759249,4,今夜,鬼灭之刃 游郭篇,255055584
别_____________搞____________,811.804,1,15138834,2026-02-22 12:36:41,557759249,4,今夜,鬼灭之刃 游郭篇,255055584
金发晶挂件,574.349,1,16777215,2026-02-22 12:35:07,557759249,4,今夜,鬼灭之刃 游郭篇,255055584
我也喜欢！！！,591.112,1,16777215,2026-02-22 12:27:38,557759249,4,今夜,鬼灭之刃 游郭篇,255055584
雅美咯！,760.157,1,16777215,2026-02-22 11:53:20,557759249,4,今夜,鬼灭之刃 游郭篇,255055584
俺  也  一  样,552.467,5,16777215,2026-02-22 11:50:33,557759249,4,今夜,鬼灭之刃 游郭篇,255055584
不！！——要！！——啊！！——！！——鲤！！——夏！！——姐！！——姐！！——！！！,776.895,1,16777215,2026-02-22 11:42:53,557759249,4,今夜,鬼灭之刃 游郭篇,255055584
俺也一样,582.349,1,16777215,2026-02-22 11:41:04,557759249,4,今夜,鬼灭之刃 游郭篇,255055584
华丽丽的字体,1187.823,1,16777215,2026-02-22 11:40:11,557759249,4,今夜,鬼灭之刃 游郭篇,255055584
香奈乎好可爱,363.179,1,16777215,2026-02-22 11:26:13,557759249,4,今夜,鬼灭之刃 游郭篇,255055584
华丽的字体,1185.81,1,16777215,2026-02-22 09:24:50,557759249,4,今夜,鬼灭之刃 游郭篇,255055584
NO~~,808.354,1,16777215,2026-02-22 09:10:41,557759249,4,今夜,鬼灭之刃 游郭篇,255055584
咩~~~~~咩~~~~,188.806,1,16777215,2026-02-22 09:03:51,557759249,4,今夜,鬼灭之刃 游郭篇,255055584
噢不！谈论全被她听了 明明可以幸福的……,778.886,1,16777215,2026-02-22 09:01:09,557759249,4,今夜,鬼灭之刃 游郭篇,255055584
我的天呀 姐姐不要死,684.156,1,16777215,2026-02-22 08:59:03,557759249,4,今夜,鬼灭之刃 游郭篇,255055584
这个老板应该是知道真相的,237.798,1,16777215,2026-02-22 08:51:24,557759249,4,今夜,鬼灭之刃 游郭篇,255055584
这个是鬼吗,647.056,1,16777215,2026-02-22 02:03:43,557759249,4,今夜,鬼灭之刃 游郭篇,255055584
很温柔啊,566.41,1,16777215,2026-02-22 01:54:10,557759249,4,今夜,鬼灭之刃 游郭篇,255055584
啥玩意，他六根脚趾。,522.283,1,16777215,2026-02-22 01:53:00,557759249,4,今夜,鬼灭之刃 游郭篇,255055584
可爱捏,497.435,1,16777215,2026-02-22 01:52:24,557759249,4,今夜,鬼灭之刃 游郭篇,255055584
咩~,188.349,1,16777215,2026-02-21 23:57:31,557759249,4,今夜,鬼灭之刃 游郭篇,255055584
很诡异你你知道吗,850.603,1,16777215,2026-02-21 23:32:31,557759249,4,今夜,鬼灭之刃 游郭篇,255055584
就差一晚啊,785.762,1,16777215,2026-02-21 23:01:03,557759249,4,今夜,鬼灭之刃 游郭篇,255055584
不能自己吃自己吗,1152.517,1,16777215,2026-02-21 22:58:29,557759249,4,今夜,鬼灭之刃 游郭篇,255055584
祢豆子呢,1075.9,1,16777215,2026-02-21 22:57:15,557759249,4,今夜,鬼灭之刃 游郭篇,255055584
一点就炸,1059.975,1,16777215,2026-02-21 22:56:45,557759249,4,今夜,鬼灭之刃 游郭篇,255055584
绯红不是翼之王吗,943.294,1,16777215,2026-02-21 22:55:08,557759249,4,今夜,鬼灭之刃 游郭篇,255055584
[前方高能],737.408,1,16777215,2026-02-21 22:51:15,557759249,4,今夜,鬼灭之刃 游郭篇,255055584
磁吸炸弹丢出,53.31,1,16777215,2026-02-21 22:42:54,557759249,4,今夜,鬼灭之刃 游郭篇,255055584
咩～～～～～～～～～～～～～～～～～～～～～～～～～～～～～～～～～～～～～～～～～～～～～～～～～～～～～～～～～～～～～～～～～～～～～～～～～～～～～～～～～～～～～～～～～～～～～～～～～～～,186.117,1,16777215,2026-02-21 22:38:08,557759249,4,今夜,鬼灭之刃 游郭篇,255055584
华丽,1200.222,1,16777215,2026-02-21 22:36:42,557759249,4,今夜,鬼灭之刃 游郭篇,255055584
上弦。？！！！！！！！！！！！！,769.012,1,16777215,2026-02-21 22:35:54,557759249,4,今夜,鬼灭之刃 游郭篇,255055584
哒哒哒哒哒哒哒哒哒哒哒哒哒哒哒哒哒哒哒哒哒哒哒哒哒哒哒哒哒哒哒哒哒哒哒哒哒哒哒哒哒哒哒哒哒哒哒哒哒哒哒哒哒哒哒哒哒哒哒哒哒哒哒哒哒哒哒哒哒哒哒哒哒哒哒哒哒哒,112.91,5,16777215,2026-02-21 22:11:31,557759249,4,今夜,鬼灭之刃 游郭篇,255055584
我去，炭治郎怎么这么拉呀,1067.941,1,16777215,2026-02-21 21:55:47,557759249,4,今夜,鬼灭之刃 游郭篇,255055584
官方大大竟然觉得我能模仿,15.68,1,16777215,2026-02-21 21:39:51,557759249,4,今夜,鬼灭之刃 游郭篇,255055584
你觉得我能飞起来吗？,8.72,1,16777215,2026-02-21 21:38:39,557759249,4,今夜,鬼灭之刃 游郭篇,255055584
俺也一样,581.947,1,16777215,2026-02-21 21:34:21,557759249,4,今夜,鬼灭之刃 游郭篇,255055584
俺也一样,594.111,1,16777215,2026-02-21 21:31:11,557759249,4,今夜,鬼灭之刃 游郭篇,255055584
不不不不不！！！,995.504,1,15138834,2026-02-21 21:29:20,557759249,4,今夜,鬼灭之刃 游郭篇,255055584
字体好评,1185.362,1,16777215,2026-02-21 21:27:53,557759249,4,今夜,鬼灭之刃 游郭篇,255055584
不！！！！！！！！！！！！！！！！！！！！！！！！！！！！！！！！！！！！！！！！！！！！！！！！！！！！！！！！！！！！！！！！！！！！！！！！！！！！！！！！！！！！！！！！！！！！！！！！！！！,785.328,1,15138834,2026-02-21 21:27:23,557759249,4,今夜,鬼灭之刃 游郭篇,255055584
咩～～～～～～～～～～～～,189.36,1,16777215,2026-02-21 21:18:41,557759249,4,今夜,鬼灭之刃 游郭篇,255055584
恭喜中奖,1006.956,1,16777215,2026-02-21 20:59:41,557759249,4,今夜,鬼灭之刃 游郭篇,255055584
俺也一样,552.501,1,16777215,2026-02-21 20:53:31,557759249,4,今夜,鬼灭之刃 游郭篇,255055584
谁说的像三三呀？我也觉得,49.948,1,16777215,2026-02-21 20:51:58,557759249,4,今夜,鬼灭之刃 游郭篇,255055584
楚天秋！！！,1150.918,1,16777215,2026-02-21 20:49:45,557759249,4,今夜,鬼灭之刃 游郭篇,255055584
人美心善的大姐姐w,75.819,1,16777215,2026-02-21 20:43:57,557759249,4,今夜,鬼灭之刃 游郭篇,255055584
不！！！！！！！！——————————————,756.175,1,16777215,2026-02-21 20:43:32,557759249,4,今夜,鬼灭之刃 游郭篇,255055584
哈哈哈哈哈哈哈哈哈,634.337,1,16777215,2026-02-21 20:41:37,557759249,4,今夜,鬼灭之刃 游郭篇,255055584
还我鲤夏꒦ິ^꒦ິ,1205.803,1,16777215,2026-02-21 20:38:36,557759249,4,今夜,鬼灭之刃 游郭篇,255055584
箱子链接麻烦上一上,1109.645,1,41194,2026-02-21 20:36:50,557759249,4,今夜,鬼灭之刃 游郭篇,255055584
我看清了！我好强！,1086.307,1,41194,2026-02-21 20:36:24,557759249,4,今夜,鬼灭之刃 游郭篇,255055584
啊？,896.619,1,16707842,2026-02-21 20:32:44,557759249,4,今夜,鬼灭之刃 游郭篇,255055584
不许碰鲤夏姐姐,794.949,1,41194,2026-02-21 20:30:40,557759249,4,今夜,鬼灭之刃 游郭篇,255055584
不要啊———————————————————————————————————————————————————————————————————————————-————————————————————-,781.845,1,16707842,2026-02-21 20:30:23,557759249,4,今夜,鬼灭之刃 游郭篇,255055584
咩~~~~~,196.724,5,16777215,2026-02-21 20:24:40,557759249,4,今夜,鬼灭之刃 游郭篇,255055584
文字文字很华丽,1198.13,1,16777215,2026-02-21 20:23:29,557759249,4,今夜,鬼灭之刃 游郭篇,255055584
华丽的字体,1186.159,1,16777215,2026-02-21 20:16:33,557759249,4,今夜,鬼灭之刃 游郭篇,255055584
我还是不模仿了吧。,5.287,1,16707842,2026-02-21 20:16:24,557759249,4,今夜,鬼灭之刃 游郭篇,255055584
完了,752.284,1,16777215,2026-02-21 20:15:43,557759249,4,今夜,鬼灭之刃 游郭篇,255055584
无效伪装,642.526,1,16777215,2026-02-21 20:13:27,557759249,4,今夜,鬼灭之刃 游郭篇,255055584
鲤————夏————姐————姐————,793.403,1,16777215,2026-02-21 20:05:36,557759249,4,今夜,鬼灭之刃 游郭篇,255055584
呜呜呜为什么还有刀子,1244.666,5,16777215,2026-02-21 19:38:30,557759249,4,今夜,鬼灭之刃 游郭篇,255055584
 模仿可太瞧得起我了,0.903,1,16777215,2026-02-21 19:38:05,557759249,4,今夜,鬼灭之刃 游郭篇,255055584
食用进度85%，快去救一下啊,1062.441,1,16777215,2026-02-21 19:34:26,557759249,4,今夜,鬼灭之刃 游郭篇,255055584
巧了，俺也一样,550.595,1,16777215,2026-02-21 19:34:10,557759249,4,今夜,鬼灭之刃 游郭篇,255055584
名侦炭,500.287,1,16777215,2026-02-21 19:33:01,557759249,4,今夜,鬼灭之刃 游郭篇,255055584
这个不是上弦之零吗,1198.658,1,16777215,2026-02-21 19:30:51,557759249,4,今夜,鬼灭之刃 游郭篇,255055584
想到大哥了吧。。。,339.051,1,16777215,2026-02-21 19:29:42,557759249,4,今夜,鬼灭之刃 游郭篇,255055584
猪猪你好美,253.893,1,16777215,2026-02-21 19:27:43,557759249,4,今夜,鬼灭之刃 游郭篇,255055584
来报道了,8.119,1,16777215,2026-02-21 19:23:59,557759249,4,今夜,鬼灭之刃 游郭篇,255055584
祢豆子酱~,1178.963,1,16777215,2026-02-21 19:23:51,557759249,4,今夜,鬼灭之刃 游郭篇,255055584
666/?/??/,1213.127,1,16777215,2026-02-21 19:14:10,557759249,4,今夜,鬼灭之刃 游郭篇,255055584
哒哒哒哒哒哒哒哒哒哒哒哒哒哒哒哒哒哒哒哒哒哒哒哒哒哒哒哒哒哒哒哒哒哒哒哒哒哒哒哒哒哒哒哒哒,106.146,1,16777215,2026-02-21 19:05:40,557759249,4,今夜,鬼灭之刃 游郭篇,255055584
好美啊,721.443,1,16777215,2026-02-21 19:03:06,557759249,4,今夜,鬼灭之刃 游郭篇,255055584
老板娘就这样看着自己低价买回来的漂亮花魁变成一头野猪。,863.016,1,16777215,2026-02-21 18:31:26,557759249,4,今夜,鬼灭之刃 游郭篇,255055584
华丽,1215.38,1,16777215,2026-02-21 18:30:05,557759249,4,今夜,鬼灭之刃 游郭篇,255055584
如果刀又断了就就了,1214.211,1,16777215,2026-02-21 18:30:04,557759249,4,今夜,鬼灭之刃 游郭篇,255055584
萌死了,32.62,5,16777215,2026-02-21 18:14:32,557759249,4,今夜,鬼灭之刃 游郭篇,255055584
咩～～～～～～～～,189.049,1,16777215,2026-02-21 17:50:36,557759249,4,今夜,鬼灭之刃 游郭篇,255055584
 V：还有我的事？强尼呢,506.625,1,16707842,2026-02-21 17:47:15,557759249,4,今夜,鬼灭之刃 游郭篇,255055584
感谢科普,361.026,1,16777215,2026-02-21 17:43:38,557759249,4,今夜,鬼灭之刃 游郭篇,255055584
她是不是鬼呀,589.974,1,16777215,2026-02-21 17:36:17,557759249,4,今夜,鬼灭之刃 游郭篇,255055584
俺也一样,588.598,1,16777215,2026-02-21 17:09:35,557759249,4,今夜,鬼灭之刃 游郭篇,255055584
刀不会又断吧,1266.25,1,16777215,2026-02-21 17:03:59,557759249,4,今夜,鬼灭之刃 游郭篇,255055584
完辣！！！,200.791,1,16777215,2026-02-21 17:02:52,557759249,4,今夜,鬼灭之刃 游郭篇,255055584
好温柔的两个人……,740.511,1,16777215,2026-02-21 16:38:43,557759249,4,今夜,鬼灭之刃 游郭篇,255055584
我也是～,581.981,1,14811775,2026-02-21 16:35:55,557759249,4,今夜,鬼灭之刃 游郭篇,255055584
不———————————————,805.992,1,16777215,2026-02-21 16:35:54,557759249,4,今夜,鬼灭之刃 游郭篇,255055584
心疼,1094.931,1,16776960,2026-02-21 16:30:06,557759249,4,今夜,鬼灭之刃 游郭篇,255055584
恭喜你，中大奖了,1042.822,1,16776960,2026-02-21 16:29:14,557759249,4,今夜,鬼灭之刃 游郭篇,255055584
华丽～,1191.389,1,16777215,2026-02-21 16:24:48,557759249,4,今夜,鬼灭之刃 游郭篇,255055584
华丽,0.729,5,16777215,2026-02-21 16:24:04,557759249,4,今夜,鬼灭之刃 游郭篇,255055584
还有焉民,1158.069,1,16777215,2026-02-21 16:24:03,557759249,4,今夜,鬼灭之刃 游郭篇,255055584
猪猪好萌,468.469,1,16777215,2026-02-21 16:12:24,557759249,4,今夜,鬼灭之刃 游郭篇,255055584
完了,710.785,1,15138834,2026-02-21 16:02:53,557759249,4,今夜,鬼灭之刃 游郭篇,255055584
v v v v v v v v v v v v v,511.702,1,16777215,2026-02-21 15:59:24,557759249,4,今夜,鬼灭之刃 游郭篇,255055584
咩一一一一一一一一一一一一一一一一一一一一一一一一一一一一一一一一一一一一一一一一一,190.896,1,16777215,2026-02-21 15:46:29,557759249,4,今夜,鬼灭之刃 游郭篇,255055584
俺也一样,577.918,1,16777215,2026-02-21 15:45:20,557759249,4,今夜,鬼灭之刃 游郭篇,255055584
你吗！,773.116,1,16777215,2026-02-21 15:18:36,557759249,4,今夜,鬼灭之刃 游郭篇,255055584
不要啊！,755.804,1,16777215,2026-02-21 15:15:04,557759249,4,今夜,鬼灭之刃 游郭篇,255055584
?。,832.585,1,16777215,2026-02-21 15:07:25,557759249,4,今夜,鬼灭之刃 游郭篇,255055584
好温柔,716.765,1,16777215,2026-02-21 15:05:14,557759249,4,今夜,鬼灭之刃 游郭篇,255055584
咕咕嘎嘎,989.996,1,8700107,2026-02-21 15:03:41,557759249,4,今夜,鬼灭之刃 游郭篇,255055584
太华丽了,850.862,1,15138834,2026-02-21 14:59:34,557759249,4,今夜,鬼灭之刃 游郭篇,255055584
脚趾特写,820.201,1,16777215,2026-02-21 14:58:53,557759249,4,今夜,鬼灭之刃 游郭篇,255055584
华丽哥快来,1272.321,1,16777215,2026-02-21 14:50:25,557759249,4,今夜,鬼灭之刃 游郭篇,255055584
他能打过吗,1206.358,1,16777215,2026-02-21 14:49:00,557759249,4,今夜,鬼灭之刃 游郭篇,255055584
主角关环,1078.529,1,16777215,2026-02-21 14:46:24,557759249,4,今夜,鬼灭之刃 游郭篇,255055584
炭的懵逼,637.589,5,16707842,2026-02-21 14:33:06,557759249,4,今夜,鬼灭之刃 游郭篇,255055584
好温柔啊！！！大家都是好孩子呢～,94.528,5,16707842,2026-02-21 14:25:20,557759249,4,今夜,鬼灭之刃 游郭篇,255055584
俺也一样 ,554.491,1,16777215,2026-02-21 14:12:41,557759249,4,今夜,鬼灭之刃 游郭篇,255055584
鲤夏姐姐!,1075.612,1,16777215,2026-02-21 14:09:29,557759249,4,今夜,鬼灭之刃 游郭篇,255055584
祢豆子表示我会杀死上弦,324.091,1,16777215,2026-02-21 14:08:58,557759249,4,今夜,鬼灭之刃 游郭篇,255055584
鲤———————————————————————————————————————————————夏——————————————————————————————————————————————————,793.696,1,16777215,2026-02-21 14:07:54,557759249,4,今夜,鬼灭之刃 游郭篇,255055584
不要啊啊啊啊啊啊啊啊啊啊啊啊啊啊啊啊啊啊啊啊啊啊啊啊啊啊啊啊啊啊啊啊啊啊啊啊啊啊啊啊啊啊啊啊啊啊啊啊啊啊啊啊啊啊啊啊啊啊啊啊啊啊啊啊啊啊啊啊啊啊啊啊啊啊啊啊啊啊啊啊啊啊啊啊啊啊啊啊啊啊啊啊啊啊啊啊啊啊,766.72,1,16777215,2026-02-21 14:06:36,557759249,4,今夜,鬼灭之刃 游郭篇,255055584
完蛋了 鲤夏姐姐不要！！！！！！！！！！！,753.714,1,16777215,2026-02-21 14:05:46,557759249,4,今夜,鬼灭之刃 游郭篇,255055584
弹幕透剧一个试试,316.806,1,16707842,2026-02-21 13:57:41,557759249,4,今夜,鬼灭之刃 游郭篇,255055584
善善还好吗…,10.16,1,16707842,2026-02-21 13:54:18,557759249,4,今夜,鬼灭之刃 游郭篇,255055584
好好,533.847,1,16777215,2026-02-21 13:46:25,557759249,4,今夜,鬼灭之刃 游郭篇,255055584
华丽的字体。,1198.976,1,16777215,2026-02-21 13:07:29,557759249,4,今夜,鬼灭之刃 游郭篇,255055584
一起弹幕护体,1290.713,1,16777215,2026-02-21 13:02:38,557759249,4,今夜,鬼灭之刃 游郭篇,255055584
华丽,1202.08,1,16777215,2026-02-21 13:00:11,557759249,4,今夜,鬼灭之刃 游郭篇,255055584
你们就不要懂女人san,1016.377,1,16777215,2026-02-21 12:57:18,557759249,4,今夜,鬼灭之刃 游郭篇,255055584
咩～～～～～～～～～～～～～～～～～～～～～～～～～～～～～～～～～～～～～～～～～～～～～～～～～～～～～～～～～～～～～～～～～～～～～～～～～～～,187.348,1,16777215,2026-02-21 12:49:37,557759249,4,今夜,鬼灭之刃 游郭篇,255055584
要是我妈也这么温柔就好了,583.639,1,16777215,2026-02-21 12:49:16,557759249,4,今夜,鬼灭之刃 游郭篇,255055584
不要啊！！！！！！,755.731,1,14811775,2026-02-21 12:46:22,557759249,4,今夜,鬼灭之刃 游郭篇,255055584
咩~~~~~~~~~~,184.441,1,16777215,2026-02-21 12:43:24,557759249,4,今夜,鬼灭之刃 游郭篇,255055584
我靠着字体老华丽了,1185.398,1,16777215,2026-02-21 12:38:51,557759249,4,今夜,鬼灭之刃 游郭篇,255055584
鲤夏     危,733.927,5,15138834,2026-02-21 12:36:43,557759249,4,今夜,鬼灭之刃 游郭篇,255055584
鲤夏姐姐-危,582.891,5,15138834,2026-02-21 12:34:12,557759249,4,今夜,鬼灭之刃 游郭篇,255055584
华丽,1200.326,1,16777215,2026-02-21 12:28:27,557759249,4,今夜,鬼灭之刃 游郭篇,255055584
我靠好帅,1194.089,1,16777215,2026-02-21 12:28:08,557759249,4,今夜,鬼灭之刃 游郭篇,255055584
啊啊啊啊啊no！！,781.803,1,16777215,2026-02-21 11:33:39,557759249,4,今夜,鬼灭之刃 游郭篇,255055584
不要吃呀！,782.465,1,16777215,2026-02-21 11:21:07,557759249,4,今夜,鬼灭之刃 游郭篇,255055584
哒哒哒哒哒哒,141.516,1,38979,2026-02-21 11:10:48,557759249,4,今夜,鬼灭之刃 游郭篇,255055584
好听,123.943,1,16777215,2026-02-21 11:10:09,557759249,4,今夜,鬼灭之刃 游郭篇,255055584
哒哒哒哒哒哒哒哒哒哒哒哒哒哒哒哒哒哒哒哒哒哒哒哒哒哒哒哒哒哒哒哒哒哒哒哒哒哒哒哒哒哒哒哒哒哒哒哒哒哒哒哒哒哒哒哒哒哒哒哒哒哒哒哒哒哒哒哒哒哒哒哒哒哒哒哒哒哒哒哒哒哒哒哒哒哒哒哒哒哒哒哒哒哒哒哒哒哒哒哒,101.196,1,16777215,2026-02-21 11:09:35,557759249,4,今夜,鬼灭之刃 游郭篇,255055584
华丽的字体,1197.252,1,16777215,2026-02-21 10:51:45,557759249,4,今夜,鬼灭之刃 游郭篇,255055584
不要不要蕨姬你在干嘛啊 不要不要,785.823,1,16777215,2026-02-21 10:51:07,557759249,4,今夜,鬼灭之刃 游郭篇,255055584
？？,780.535,1,16777215,2026-02-21 10:35:15,557759249,4,今夜,鬼灭之刃 游郭篇,255055584
还是忘不了大哥,133.92,5,16777215,2026-02-21 10:33:09,557759249,4,今夜,鬼灭之刃 游郭篇,255055584
把义勇摇来,360.604,1,16777215,2026-02-21 10:30:18,557759249,4,今夜,鬼灭之刃 游郭篇,255055584
姐姐怎么成为二维了？！,1245.478,1,16777215,2026-02-21 09:51:05,557759249,4,今夜,鬼灭之刃 游郭篇,255055584
你怎么保养皮肤的，真羡慕你的皮肤，保养得真厚,974.009,1,16777215,2026-02-21 08:36:23,557759249,4,今夜,鬼灭之刃 游郭篇,255055584
俺也一样！,585.567,5,16777215,2026-02-21 03:06:42,557759249,4,今夜,鬼灭之刃 游郭篇,255055584
花魁,554.105,1,16777215,2026-02-21 01:56:59,557759249,4,今夜,鬼灭之刃 游郭篇,255055584
钟欣乐,275.75,1,16777215,2026-02-21 01:23:00,557759249,4,今夜,鬼灭之刃 游郭篇,255055584
豆子好萌,1169.642,1,16777215,2026-02-21 00:47:35,557759249,4,今夜,鬼灭之刃 游郭篇,255055584
吾腹腹！,848.114,1,16777215,2026-02-21 00:46:59,557759249,4,今夜,鬼灭之刃 游郭篇,255055584
我也是！,573.973,5,16777215,2026-02-21 00:21:36,557759249,4,今夜,鬼灭之刃 游郭篇,255055584
咩咩咩咩,199.945,1,16777215,2026-02-21 00:06:10,557759249,4,今夜,鬼灭之刃 游郭篇,255055584
哒哒哒哒哒哒哒哒哒哒哒哒,112.65,1,16777215,2026-02-20 23:54:14,557759249,4,今夜,鬼灭之刃 游郭篇,255055584
上弦，炭治郎肯定感受不到她的气息,787.714,1,16777215,2026-02-20 23:21:25,557759249,4,今夜,鬼灭之刃 游郭篇,255055584
前方羊村,185.849,1,16777215,2026-02-20 22:45:36,557759249,4,今夜,鬼灭之刃 游郭篇,255055584
嗯，会死。,714.088,1,16777215,2026-02-20 22:41:42,557759249,4,今夜,鬼灭之刃 游郭篇,255055584
想什么呢！是我！,725.337,1,16777215,2026-02-20 22:39:53,557759249,4,今夜,鬼灭之刃 游郭篇,255055584
完啦,706.789,1,16777215,2026-02-20 22:39:32,557759249,4,今夜,鬼灭之刃 游郭篇,255055584
炭好可爱,513.228,1,16777215,2026-02-20 22:36:14,557759249,4,今夜,鬼灭之刃 游郭篇,255055584
老板娘：吗？！我的花魁呢 我那么大一个漂亮花魁呢,874.061,1,16777215,2026-02-20 22:30:27,557759249,4,今夜,鬼灭之刃 游郭篇,255055584
再摇俩柱啊 ,348.713,1,16777215,2026-02-20 22:20:50,557759249,4,今夜,鬼灭之刃 游郭篇,255055584
祢豆子好可爱啊！！！！！,1181.009,1,16777215,2026-02-20 21:47:18,557759249,4,今夜,鬼灭之刃 游郭篇,255055584
为什么是衣带呢？要怎么破解,1209.191,1,16777215,2026-02-20 21:43:47,557759249,4,今夜,鬼灭之刃 游郭篇,255055584
这到底是怎么吃啊？像蛇一样吃掉吗？,1029.84,1,16777215,2026-02-20 21:39:35,557759249,4,今夜,鬼灭之刃 游郭篇,255055584
虽然但是他怎么知道去哪里找？,968.828,1,16777215,2026-02-20 21:38:28,557759249,4,今夜,鬼灭之刃 游郭篇,255055584
我的老天奶,849.766,1,16777215,2026-02-20 21:36:00,557759249,4,今夜,鬼灭之刃 游郭篇,255055584
天哪天呐,751.718,1,16777215,2026-02-20 21:34:22,557759249,4,今夜,鬼灭之刃 游郭篇,255055584
不要啊啊啊啊,752.975,1,16777215,2026-02-20 21:34:12,557759249,4,今夜,鬼灭之刃 游郭篇,255055584
那不就是会被鬼看到？,419.387,1,16777215,2026-02-20 21:30:18,557759249,4,今夜,鬼灭之刃 游郭篇,255055584
苦无,917.561,1,15138834,2026-02-20 21:04:14,557759249,4,今夜,鬼灭之刃 游郭篇,255055584
华丽哥以前是忍者,896.629,1,15138834,2026-02-20 21:03:38,557759249,4,今夜,鬼灭之刃 游郭篇,255055584
咩～～～～～～～～～～～～～～～～～～～～～～～～～～～～～～～～,189.384,1,16777215,2026-02-20 20:44:14,557759249,4,今夜,鬼灭之刃 游郭篇,255055584
音柱选的就是不一样,1186.305,1,16777215,2026-02-20 20:38:09,557759249,4,今夜,鬼灭之刃 游郭篇,255055584
善善：？,446.891,1,16777215,2026-02-20 20:24:21,557759249,4,今夜,鬼灭之刃 游郭篇,255055584
猪猪这个脚,818.546,1,6830715,2026-02-20 20:23:36,557759249,4,今夜,鬼灭之刃 游郭篇,255055584
不要啊！,784.578,1,6830715,2026-02-20 20:22:27,557759249,4,今夜,鬼灭之刃 游郭篇,255055584
俺也一样,592.986,1,6830715,2026-02-20 20:17:18,557759249,4,今夜,鬼灭之刃 游郭篇,255055584
俺也一样,586.927,1,16777215,2026-02-20 20:17:01,557759249,4,今夜,鬼灭之刃 游郭篇,255055584
堕姬这么看好恐怖一个人,241.326,5,16777215,2026-02-20 20:08:38,557759249,4,今夜,鬼灭之刃 游郭篇,255055584
别怕放心打，你有主角光环,1270.241,1,16777215,2026-02-20 20:08:18,557759249,4,今夜,鬼灭之刃 游郭篇,255055584
咩～,189.385,1,8700107,2026-02-20 20:07:58,557759249,4,今夜,鬼灭之刃 游郭篇,255055584
不羡鸳鸯不羡仙，只羡音柱每一天,165.261,1,8700107,2026-02-20 20:07:22,557759249,4,今夜,鬼灭之刃 游郭篇,255055584
不羡鸳鸯不羡仙，只羡音柱每一天,115.96,1,8700107,2026-02-20 20:06:18,557759249,4,今夜,鬼灭之刃 游郭篇,255055584
不羡鸳鸯不羡仙，只羡音柱每一天,112.764,1,6830715,2026-02-20 20:02:52,557759249,4,今夜,鬼灭之刃 游郭篇,255055584
不用！,753.19,1,16777215,2026-02-20 20:01:44,557759249,4,今夜,鬼灭之刃 游郭篇,255055584
姐姐不会死吧。,703.63,1,16777215,2026-02-20 20:00:51,557759249,4,今夜,鬼灭之刃 游郭篇,255055584
我看到这里感觉不好的事会发生,750.343,1,16777215,2026-02-20 19:55:43,557759249,4,今夜,鬼灭之刃 游郭篇,255055584
不要！,782.194,1,16777215,2026-02-20 19:41:31,557759249,4,今夜,鬼灭之刃 游郭篇,255055584
咩～～～～～～～～,190.558,1,16777215,2026-02-20 19:40:58,557759249,4,今夜,鬼灭之刃 游郭篇,255055584
不！！！！！！！！！！！！！！！！！！不！！！！！！！！！不！！！！！！！！！！！！！！！！！炭几喽你快回来啊！！！！！！,778.344,1,16777215,2026-02-20 19:25:08,557759249,4,今夜,鬼灭之刃 游郭篇,255055584
咩~~~~,186.243,1,16777215,2026-02-20 19:07:32,557759249,4,今夜,鬼灭之刃 游郭篇,255055584
卡哇伊猪猪,319.98,1,14811775,2026-02-20 19:07:08,557759249,4,今夜,鬼灭之刃 游郭篇,255055584
华丽,1214.75,1,16777215,2026-02-20 18:59:37,557759249,4,今夜,鬼灭之刃 游郭篇,255055584
华丽,891.812,1,16777215,2026-02-20 18:54:11,557759249,4,今夜,鬼灭之刃 游郭篇,255055584
鲤夏姐姐T∧T,785.759,1,16777215,2026-02-20 18:52:16,557759249,4,今夜,鬼灭之刃 游郭篇,255055584
猪猪好可爱,462.326,1,16777215,2026-02-20 18:35:51,557759249,4,今夜,鬼灭之刃 游郭篇,255055584
华丽！,1196.993,1,16777215,2026-02-20 18:33:00,557759249,4,今夜,鬼灭之刃 游郭篇,255055584
华丽字体,1192.158,1,16777215,2026-02-20 18:00:35,557759249,4,今夜,鬼灭之刃 游郭篇,255055584
洛基姐姐好可爱。,1151.559,1,8700107,2026-02-20 17:37:27,557759249,4,今夜,鬼灭之刃 游郭篇,255055584
累，这个悲剧要重演了。,1036.513,1,8700107,2026-02-20 17:36:41,557759249,4,今夜,鬼灭之刃 游郭篇,255055584
累，别这么说，我当时就是这么死的。,1030.81,1,16777215,2026-02-20 17:36:21,557759249,4,今夜,鬼灭之刃 游郭篇,255055584
好萌的猪猪。,852.207,1,16777215,2026-02-20 17:34:22,557759249,4,今夜,鬼灭之刃 游郭篇,255055584
一直是我刚提到了八嘎。,823.327,1,16777215,2026-02-20 17:33:50,557759249,4,今夜,鬼灭之刃 游郭篇,255055584
鳄鱼老师没有心，让夏葵姐姐这样。,797.112,1,16777215,2026-02-20 17:33:19,557759249,4,今夜,鬼灭之刃 游郭篇,255055584
。。。,795.599,1,16777215,2026-02-20 17:21:01,557759249,4,今夜,鬼灭之刃 游郭篇,255055584
哒哒哒哒哒哒哒哒哒哒哒哒哒哒哒哒哒哒哒哒哒哒哒哒哒哒哒哒哒哒哒哒哒哒哒哒哒哒哒哒哒哒哒哒哒哒哒哒哒哒哒哒哒哒哒哒哒哒哒哒哒哒,125.164,1,16777215,2026-02-20 17:14:14,557759249,4,今夜,鬼灭之刃 游郭篇,255055584
我不行了 好温柔啊 ,736.878,5,16777215,2026-02-20 16:33:43,557759249,4,今夜,鬼灭之刃 游郭篇,255055584
华丽,1211.385,1,16777215,2026-02-20 16:17:52,557759249,4,今夜,鬼灭之刃 游郭篇,255055584
补药啊啊啊啊啊我的鲤夏姐姐———,776.529,1,16777215,2026-02-20 16:06:47,557759249,4,今夜,鬼灭之刃 游郭篇,255055584
猪猪好美,525.054,1,16777215,2026-02-20 16:06:30,557759249,4,今夜,鬼灭之刃 游郭篇,255055584
你把算盘当什么了,238.662,5,16777215,2026-02-20 15:56:27,557759249,4,今夜,鬼灭之刃 游郭篇,255055584
我求你了，开屏脚趾头暴击,819.247,1,16777215,2026-02-20 15:47:38,557759249,4,今夜,鬼灭之刃 游郭篇,255055584
萌萌萌,468.204,1,14811775,2026-02-20 15:06:43,557759249,4,今夜,鬼灭之刃 游郭篇,255055584
还是这个花魁温柔（doge,20.532,5,15138834,2026-02-20 14:35:23,557759249,4,今夜,鬼灭之刃 游郭篇,255055584
炭治郎:看我装唐阴他一手,1078.073,1,16777215,2026-02-20 14:34:11,557759249,4,今夜,鬼灭之刃 游郭篇,255055584
你们喜欢作业,997.035,1,16777215,2026-02-20 14:20:31,557759249,4,今夜,鬼灭之刃 游郭篇,255055584
我就知道，真的要气死我了,753.106,1,16777215,2026-02-20 14:12:38,557759249,4,今夜,鬼灭之刃 游郭篇,255055584
华丽！,1191.313,1,41194,2026-02-20 14:11:12,557759249,4,今夜,鬼灭之刃 游郭篇,255055584
俺也一样,591.985,5,16777215,2026-02-20 13:58:35,557759249,4,今夜,鬼灭之刃 游郭篇,255055584
咩~~~~~~~~~~`~~~~~~~~~~~~~~~~~~~~~~~~~~~~~~~~~~~~~~~~~~~~~~~~~~~~~~~~~~~~~~~~~~~~~~~~~~~~~~~~~~~~~,188.206,5,16777215,2026-02-20 13:50:53,557759249,4,今夜,鬼灭之刃 游郭篇,255055584
你太帅了,978.977,1,16777215,2026-02-20 13:50:46,557759249,4,今夜,鬼灭之刃 游郭篇,255055584
俺也一样,624.416,1,16777215,2026-02-20 13:17:25,557759249,4,今夜,鬼灭之刃 游郭篇,255055584
哈哈哈哈哈哈哈哈哈哈哈哈哈哈哈哈哈,568.731,1,16777215,2026-02-20 13:16:30,557759249,4,今夜,鬼灭之刃 游郭篇,255055584
我也一样,579.604,1,16777215,2026-02-20 13:12:10,557759249,4,今夜,鬼灭之刃 游郭篇,255055584
鲤——————————夏——————————姐——————————姐——————————,803.094,1,16777215,2026-02-20 13:11:29,557759249,4,今夜,鬼灭之刃 游郭篇,255055584
鲤————————————夏————————————————————————————,770.254,1,16777215,2026-02-20 13:09:28,557759249,4,今夜,鬼灭之刃 游郭篇,255055584
不！！,754.023,1,16777215,2026-02-20 13:08:46,557759249,4,今夜,鬼灭之刃 游郭篇,255055584
鲤————————夏————————姐————————姐————————,808.877,1,16777215,2026-02-20 13:07:30,557759249,4,今夜,鬼灭之刃 游郭篇,255055584
豆豆眼好可爱,648.501,1,16777215,2026-02-20 12:55:19,557759249,4,今夜,鬼灭之刃 游郭篇,255055584
俺也一样！,578.994,1,16777215,2026-02-20 12:49:09,557759249,4,今夜,鬼灭之刃 游郭篇,255055584
 ？SOS,848.538,1,16777215,2026-02-20 12:31:34,557759249,4,今夜,鬼灭之刃 游郭篇,255055584
no鲤夏,761.102,1,16777215,2026-02-20 12:24:24,557759249,4,今夜,鬼灭之刃 游郭篇,255055584
华丽！,1193.433,1,8700107,2026-02-20 12:06:57,557759249,4,今夜,鬼灭之刃 游郭篇,255055584
没有死！,764.286,1,16777215,2026-02-20 10:27:43,557759249,4,今夜,鬼灭之刃 游郭篇,255055584
没死没死,751.347,1,16777215,2026-02-20 10:27:23,557759249,4,今夜,鬼灭之刃 游郭篇,255055584
不是，怎么还涂口红了？,841.998,1,16777215,2026-02-20 10:26:24,557759249,4,今夜,鬼灭之刃 游郭篇,255055584
老板娘你的花魁变成一只猪突走了,860.481,1,16777215,2026-02-20 09:41:46,557759249,4,今夜,鬼灭之刃 游郭篇,255055584
华丽的字体,1189.634,1,16777215,2026-02-20 08:29:16,557759249,4,今夜,鬼灭之刃 游郭篇,255055584
华丽的字体啊啊啊啊啊,1184.189,1,16777215,2026-02-20 08:28:38,557759249,4,今夜,鬼灭之刃 游郭篇,255055584
华丽的字体啊啊,1184.189,1,16777215,2026-02-20 08:28:27,557759249,4,今夜,鬼灭之刃 游郭篇,255055584
哈哈哈哈哈哈哈哈哈哈,871.188,1,16777215,2026-02-20 02:53:12,557759249,4,今夜,鬼灭之刃 游郭篇,255055584
下一秒消失,749.387,1,16777215,2026-02-20 02:51:44,557759249,4,今夜,鬼灭之刃 游郭篇,255055584
哈哈哈哈哈哈哈哈哈哈,451.301,1,16777215,2026-02-20 02:47:51,557759249,4,今夜,鬼灭之刃 游郭篇,255055584
cute,431.638,1,16777215,2026-02-20 02:47:35,557759249,4,今夜,鬼灭之刃 游郭篇,255055584
温柔，美丽，善良,79.375,1,16777215,2026-02-20 02:45:21,557759249,4,今夜,鬼灭之刃 游郭篇,255055584
咩～～～～,187.843,1,16777215,2026-02-20 01:10:54,557759249,4,今夜,鬼灭之刃 游郭篇,255055584
残响！！！,167.951,1,16777215,2026-02-20 01:05:55,557759249,4,今夜,鬼灭之刃 游郭篇,255055584
哒哒哒哒哒哒哒哒哒哒哒哒哒哒哒哒哒哒哒哒哒哒哒哒哒哒哒哒哒哒哒哒哒哒哒哒哒哒哒哒哒哒哒哒哒哒哒哒哒哒哒哒哒哒哒哒哒哒哒哒,106.871,1,16777215,2026-02-20 01:04:43,557759249,4,今夜,鬼灭之刃 游郭篇,255055584
不！！！！,803.3,1,16777215,2026-02-20 00:55:22,557759249,4,今夜,鬼灭之刃 游郭篇,255055584
咩~~~~~~~~~~,189.037,1,16777215,2026-02-19 22:28:02,557759249,4,今夜,鬼灭之刃 游郭篇,255055584
芥川把皮肤换回去！,1266.412,1,16777215,2026-02-19 22:22:48,557759249,4,今夜,鬼灭之刃 游郭篇,255055584
芥川换皮肤了,1214.014,1,16777215,2026-02-19 22:21:44,557759249,4,今夜,鬼灭之刃 游郭篇,255055584
华丽的字体,1198.325,1,16777215,2026-02-19 22:21:21,557759249,4,今夜,鬼灭之刃 游郭篇,255055584
怎么没有弹幕？,976.926,1,16777215,2026-02-19 22:21:17,557759249,4,今夜,鬼灭之刃 游郭篇,255055584
芥！,1120.711,1,16777215,2026-02-19 22:19:20,557759249,4,今夜,鬼灭之刃 游郭篇,255055584
华丽,1202.552,1,16777215,2026-02-19 22:18:01,557759249,4,今夜,鬼灭之刃 游郭篇,255055584
[前方高能],755.142,1,16777215,2026-02-19 22:12:47,557759249,4,今夜,鬼灭之刃 游郭篇,255055584
这么多谐音？,174.866,1,16777215,2026-02-19 22:10:05,557759249,4,今夜,鬼灭之刃 游郭篇,255055584
不要！！！！！,783.782,1,16777215,2026-02-19 21:04:12,557759249,4,今夜,鬼灭之刃 游郭篇,255055584
no！,707.228,1,8700107,2026-02-19 20:56:23,557759249,4,今夜,鬼灭之刃 游郭篇,255055584
俺也一样,575.777,1,16777215,2026-02-19 20:40:03,557759249,4,今夜,鬼灭之刃 游郭篇,255055584
华丽的字体,1193.369,1,16777215,2026-02-19 20:23:28,557759249,4,今夜,鬼灭之刃 游郭篇,255055584
哎呀，太刀了,696.988,1,16777215,2026-02-19 19:59:28,557759249,4,今夜,鬼灭之刃 游郭篇,255055584
俺也一样,589.468,1,16777215,2026-02-19 19:57:27,557759249,4,今夜,鬼灭之刃 游郭篇,255055584
夜之城市民：什么逼动静,1066.648,1,16777215,2026-02-19 19:47:23,557759249,4,今夜,鬼灭之刃 游郭篇,255055584
完蛋,689.469,1,16777215,2026-02-19 19:40:42,557759249,4,今夜,鬼灭之刃 游郭篇,255055584
不许拿姐姐刀我！,735.125,1,16777215,2026-02-19 19:32:53,557759249,4,今夜,鬼灭之刃 游郭篇,255055584
华丽！,1183.205,1,16777215,2026-02-19 19:27:01,557759249,4,今夜,鬼灭之刃 游郭篇,255055584
不行了，咋那么可爱？,41.75,1,16707842,2026-02-19 19:25:00,557759249,4,今夜,鬼灭之刃 游郭篇,255055584
好帅啊我的妈,1147.849,1,16777215,2026-02-19 19:17:14,557759249,4,今夜,鬼灭之刃 游郭篇,255055584
好耶,30.307,1,16777215,2026-02-19 19:15:33,557759249,4,今夜,鬼灭之刃 游郭篇,255055584
好耶,28.185,1,16777215,2026-02-19 19:15:18,557759249,4,今夜,鬼灭之刃 游郭篇,255055584
这太扯了吧哈哈哈,851.827,1,16777215,2026-02-19 19:14:58,557759249,4,今夜,鬼灭之刃 游郭篇,255055584
好掉san啊这个衣袋,1227.797,1,16777215,2026-02-19 19:12:20,557759249,4,今夜,鬼灭之刃 游郭篇,255055584
我也最喜欢鲤夏花魁了！！,575.47,5,16777215,2026-02-19 19:08:39,557759249,4,今夜,鬼灭之刃 游郭篇,255055584
夏鲤姐姐！！,793.508,1,16777215,2026-02-19 19:08:30,557759249,4,今夜,鬼灭之刃 游郭篇,255055584
好温柔啊呜呜呜,37.832,1,16777215,2026-02-19 19:02:58,557759249,4,今夜,鬼灭之刃 游郭篇,255055584
贪吃蛇（不是,1029.572,1,16777215,2026-02-19 18:26:58,557759249,4,今夜,鬼灭之刃 游郭篇,255055584
字体很华丽哦,1186.119,1,16777215,2026-02-19 18:18:41,557759249,4,今夜,鬼灭之刃 游郭篇,255055584
头部柱子也是柱子,1036.261,1,16777215,2026-02-19 18:17:07,557759249,4,今夜,鬼灭之刃 游郭篇,255055584
！！！！！！！！！！！！！！！！,1036.579,1,16777215,2026-02-19 18:14:49,557759249,4,今夜,鬼灭之刃 游郭篇,255055584
咩~`~~~`~,200.623,1,16777215,2026-02-19 18:13:06,557759249,4,今夜,鬼灭之刃 游郭篇,255055584
我嘞个豆,52.851,1,16777215,2026-02-19 18:12:05,557759249,4,今夜,鬼灭之刃 游郭篇,255055584
那很华丽了,857.913,1,16777215,2026-02-19 18:11:43,557759249,4,今夜,鬼灭之刃 游郭篇,255055584
NO！！！！！！！！炭治郎快回来！,765.581,1,14811775,2026-02-19 18:09:55,557759249,4,今夜,鬼灭之刃 游郭篇,255055584
NO！！！！！！！,760.786,1,6830715,2026-02-19 18:09:16,557759249,4,今夜,鬼灭之刃 游郭篇,255055584
坏了！,751.776,1,6830715,2026-02-19 18:09:02,557759249,4,今夜,鬼灭之刃 游郭篇,255055584
俺也一样,561.015,1,16777215,2026-02-19 18:07:55,557759249,4,今夜,鬼灭之刃 游郭篇,255055584
不要啊！！！！！！！！！！！！！！！！！,796.861,1,16777215,2026-02-19 18:07:05,557759249,4,今夜,鬼灭之刃 游郭篇,255055584
和无限城里义勇的握刀方式一样,1296.171,1,16777215,2026-02-19 18:06:21,557759249,4,今夜,鬼灭之刃 游郭篇,255055584
fIag是什么意思？,694.944,1,16777215,2026-02-19 17:32:09,557759249,4,今夜,鬼灭之刃 游郭篇,255055584
咩～～～～～～～～～～～～～～～～～～,189.809,1,16777215,2026-02-19 17:23:13,557759249,4,今夜,鬼灭之刃 游郭篇,255055584
俺没偷袜子,10.46,1,16777215,2026-02-19 17:21:13,557759249,4,今夜,鬼灭之刃 游郭篇,255055584
令咒,390.291,5,15138834,2026-02-19 17:16:14,557759249,4,今夜,鬼灭之刃 游郭篇,255055584
华丽的字体,1185.93,1,16777215,2026-02-19 17:10:09,557759249,4,今夜,鬼灭之刃 游郭篇,255055584
太华丽了我去,856.845,1,16777215,2026-02-19 17:09:57,557759249,4,今夜,鬼灭之刃 游郭篇,255055584
补————————————药——————————,755.2,1,16777215,2026-02-19 17:08:39,557759249,4,今夜,鬼灭之刃 游郭篇,255055584
[前方高能],754.187,1,16777215,2026-02-19 17:00:46,557759249,4,今夜,鬼灭之刃 游郭篇,255055584
俺也一样,577.589,1,16777215,2026-02-19 16:57:28,557759249,4,今夜,鬼灭之刃 游郭篇,255055584
炭炭！炭炭！炭炭！炭炭！炭炭！,1078.186,1,15138834,2026-02-19 16:38:03,557759249,4,今夜,鬼灭之刃 游郭篇,255055584
炭炭！炭炭？,1071.81,1,16777215,2026-02-19 16:37:24,557759249,4,今夜,鬼灭之刃 游郭篇,255055584
不！！,783.645,1,16777215,2026-02-19 15:48:39,557759249,4,今夜,鬼灭之刃 游郭篇,255055584
鲤————————夏————————姐————————姐————————,831.301,1,16777215,2026-02-19 15:31:08,557759249,4,今夜,鬼灭之刃 游郭篇,255055584
鲤夏,1104.943,1,16777215,2026-02-19 15:26:06,557759249,4,今夜,鬼灭之刃 游郭篇,255055584
鳄鱼你下来我俩单挑,785.568,1,16777215,2026-02-19 15:16:44,557759249,4,今夜,鬼灭之刃 游郭篇,255055584
不要啊！！！鳄鱼你下来我俩单挑,765.563,1,16777215,2026-02-19 15:16:17,557759249,4,今夜,鬼灭之刃 游郭篇,255055584
玩了感觉有点像刀子,714.744,1,16777215,2026-02-19 15:15:09,557759249,4,今夜,鬼灭之刃 游郭篇,255055584
俺也一样,576.52,1,16777215,2026-02-19 15:11:11,557759249,4,今夜,鬼灭之刃 游郭篇,255055584
有病,316.135,1,16777215,2026-02-19 14:54:39,557759249,4,今夜,鬼灭之刃 游郭篇,255055584
不要不要,792.639,1,16777215,2026-02-19 14:49:49,557759249,4,今夜,鬼灭之刃 游郭篇,255055584
好可爱,459.655,1,41194,2026-02-19 14:37:55,557759249,4,今夜,鬼灭之刃 游郭篇,255055584
炭   为   观    止,1100.025,1,16777215,2026-02-19 14:35:09,557759249,4,今夜,鬼灭之刃 游郭篇,255055584
炭炭好美！么么,1384.28,1,16707842,2026-02-19 14:34:26,557759249,4,今夜,鬼灭之刃 游郭篇,255055584
不是不夜城吗晚上怎么不亮,984.86,1,16777215,2026-02-19 14:33:10,557759249,4,今夜,鬼灭之刃 游郭篇,255055584
要被绑架了,745.67,1,16777215,2026-02-19 14:29:12,557759249,4,今夜,鬼灭之刃 游郭篇,255055584
鲤夏好温柔啊,666.765,1,16777215,2026-02-19 14:27:45,557759249,4,今夜,鬼灭之刃 游郭篇,255055584
鲤————————夏————————姐————————姐————————,1241.731,1,16777215,2026-02-19 14:27:11,557759249,4,今夜,鬼灭之刃 游郭篇,255055584
[前方高能],460.996,1,16777215,2026-02-19 14:23:03,557759249,4,今夜,鬼灭之刃 游郭篇,255055584
鲤————————夏————————姐————————姐————————,1037.871,1,16777215,2026-02-19 14:22:52,557759249,4,今夜,鬼灭之刃 游郭篇,255055584
[前方高能],453.914,1,16777215,2026-02-19 14:22:49,557759249,4,今夜,鬼灭之刃 游郭篇,255055584
鲤一一一夏一一一姐一一一姐一一一,808.126,1,16777215,2026-02-19 14:21:26,557759249,4,今夜,鬼灭之刃 游郭篇,255055584
不要这样！,755.21,1,16777215,2026-02-19 13:41:34,557759249,4,今夜,鬼灭之刃 游郭篇,255055584
猪猪好美,984.453,1,16777215,2026-02-19 13:32:12,557759249,4,今夜,鬼灭之刃 游郭篇,255055584
感觉要出事,685.28,1,16777215,2026-02-19 13:11:40,557759249,4,今夜,鬼灭之刃 游郭篇,255055584
豆子啊啊啊萌神,1178.842,1,14811775,2026-02-19 13:10:30,557759249,4,今夜,鬼灭之刃 游郭篇,255055584
不要啊啊啊啊啊啊啊啊啊啊啊！！！,773.994,1,15138834,2026-02-19 13:03:35,557759249,4,今夜,鬼灭之刃 游郭篇,255055584
字体太华丽了,1217.44,1,16777215,2026-02-19 13:01:08,557759249,4,今夜,鬼灭之刃 游郭篇,255055584
好温柔啊,575.946,1,16777215,2026-02-19 13:00:33,557759249,4,今夜,鬼灭之刃 游郭篇,255055584
猪猪居然思考了,522.522,1,16777215,2026-02-19 12:59:58,557759249,4,今夜,鬼灭之刃 游郭篇,255055584
有种生物叫大叔，他实在难以对付,348.576,1,16777215,2026-02-19 12:50:39,557759249,4,今夜,鬼灭之刃 游郭篇,255055584
111有人吗,946.876,1,16777215,2026-02-19 12:29:29,557759249,4,今夜,鬼灭之刃 游郭篇,255055584
猪猪好好看啊！,285.553,1,16777215,2026-02-19 12:25:51,557759249,4,今夜,鬼灭之刃 游郭篇,255055584
勇气是人类的赞歌,1307.161,1,16777215,2026-02-19 12:24:30,557759249,4,今夜,鬼灭之刃 游郭篇,255055584
no！！,777.089,1,16777215,2026-02-19 12:15:46,557759249,4,今夜,鬼灭之刃 游郭篇,255055584
不好！！！,751.63,1,16777215,2026-02-19 12:15:12,557759249,4,今夜,鬼灭之刃 游郭篇,255055584
哒哒哒哒哒哒哒哒哒哒哒,109.682,1,16777215,2026-02-19 12:05:20,557759249,4,今夜,鬼灭之刃 游郭篇,255055584
前面的美女与野兽笑死我了,883.803,1,6830715,2026-02-19 12:01:01,557759249,4,今夜,鬼灭之刃 游郭篇,255055584
真的没刀,772.908,1,16777215,2026-02-19 11:56:54,557759249,4,今夜,鬼灭之刃 游郭篇,255055584
我还以为探长刚刚说微弱的甜味是我嘴巴里巧克力的甜味呢,801.658,1,16777215,2026-02-19 11:44:31,557759249,4,今夜,鬼灭之刃 游郭篇,255055584
不要不要啊,755.626,1,16777215,2026-02-19 11:41:21,557759249,4,今夜,鬼灭之刃 游郭篇,255055584
。？不是猪猪你在干啥,836.781,1,16777215,2026-02-19 11:40:15,557759249,4,今夜,鬼灭之刃 游郭篇,255055584
不要啊还我鲤夏姐姐！！！,790.041,1,16777215,2026-02-19 11:39:14,557759249,4,今夜,鬼灭之刃 游郭篇,255055584
鲤夏姐姐是没死吗,1048.725,1,16777215,2026-02-19 11:25:00,557759249,4,今夜,鬼灭之刃 游郭篇,255055584
恭喜炭子彩票中头奖，奖励上弦之陆一个,1021.757,1,16777215,2026-02-19 11:23:19,557759249,4,今夜,鬼灭之刃 游郭篇,255055584
我丢，我丢,12.522,1,16777215,2026-02-19 11:22:55,557759249,4,今夜,鬼灭之刃 游郭篇,255055584
猪猪在那一刻成了江户川柯南,497.776,1,6830715,2026-02-19 11:22:06,557759249,4,今夜,鬼灭之刃 游郭篇,255055584
恭喜炭子彩票中头奖，奖励上弦之陆一个,1016.256,1,16777215,2026-02-19 11:12:13,557759249,4,今夜,鬼灭之刃 游郭篇,255055584
华丽的字体,1191.6,1,16777215,2026-02-19 11:02:08,557759249,4,今夜,鬼灭之刃 游郭篇,255055584
俺也一样,581.188,1,16777215,2026-02-19 10:51:38,557759249,4,今夜,鬼灭之刃 游郭篇,255055584
咩∽,206.381,1,16777215,2026-02-19 10:45:16,557759249,4,今夜,鬼灭之刃 游郭篇,255055584
！！！！,755.071,1,16777215,2026-02-19 09:48:26,557759249,4,今夜,鬼灭之刃 游郭篇,255055584
[前方高能],750.701,1,16777215,2026-02-19 09:48:13,557759249,4,今夜,鬼灭之刃 游郭篇,255055584
那个的眼睛好像天音的眼睛,27.388,1,16777215,2026-02-19 09:43:29,557759249,4,今夜,鬼灭之刃 游郭篇,255055584
名场面,451.445,1,16777215,2026-02-19 09:41:15,557759249,4,今夜,鬼灭之刃 游郭篇,255055584
是谁在这里反复看呀？是我,383.955,1,16777215,2026-02-19 09:39:05,557759249,4,今夜,鬼灭之刃 游郭篇,255055584
《大叔》,345.978,1,16777215,2026-02-19 09:38:00,557759249,4,今夜,鬼灭之刃 游郭篇,255055584
猪猪好萌,265.729,1,16777215,2026-02-19 09:21:53,557759249,4,今夜,鬼灭之刃 游郭篇,255055584
真的很美。,28.157,1,16777215,2026-02-19 09:18:15,557759249,4,今夜,鬼灭之刃 游郭篇,255055584
咩~~~~~~,191.156,1,16777215,2026-02-19 09:03:46,557759249,4,今夜,鬼灭之刃 游郭篇,255055584
不要啊！！！！！！！！！！！！,799.324,1,16777215,2026-02-19 08:46:25,557759249,4,今夜,鬼灭之刃 游郭篇,255055584
鲤————————夏————————姐————————姐————————,818.338,1,16777215,2026-02-19 05:26:49,557759249,4,今夜,鬼灭之刃 游郭篇,255055584
咩～,189.205,1,16777215,2026-02-19 01:15:20,557759249,4,今夜,鬼灭之刃 游郭篇,255055584
他只狼快去救姐姐,799.825,1,16777215,2026-02-19 00:44:06,557759249,4,今夜,鬼灭之刃 游郭篇,255055584
看着了，快去救一下姐姐,799.825,1,16777215,2026-02-19 00:44:00,557759249,4,今夜,鬼灭之刃 游郭篇,255055584
可是我觉得很神圣啊,833.412,1,41194,2026-02-18 23:42:50,557759249,4,今夜,鬼灭之刃 游郭篇,255055584
不要啊！姐姐！,786.818,1,16777215,2026-02-18 23:34:41,557759249,4,今夜,鬼灭之刃 游郭篇,255055584
是给你看的,793.729,1,16777215,2026-02-18 23:19:15,557759249,4,今夜,鬼灭之刃 游郭篇,255055584
危！！！,566.998,1,16777215,2026-02-18 22:33:32,557759249,4,今夜,鬼灭之刃 游郭篇,255055584
回前面的：拖鞋粘脚上了（bushi）,984.302,1,16777215,2026-02-18 22:30:48,557759249,4,今夜,鬼灭之刃 游郭篇,255055584
华丽鼠,1408.407,1,16777215,2026-02-18 22:18:23,557759249,4,今夜,鬼灭之刃 游郭篇,255055584
华丽的字体！,1193.935,1,16777215,2026-02-18 22:15:55,557759249,4,今夜,鬼灭之刃 游郭篇,255055584
上弦之路是啥,1270.118,1,16777215,2026-02-18 22:03:50,557759249,4,今夜,鬼灭之刃 游郭篇,255055584
鲤——夏——姐——姐——————,806.903,1,16777215,2026-02-18 21:58:34,557759249,4,今夜,鬼灭之刃 游郭篇,255055584
 白天逮住他，白天打他吗？搞不懂，这就不能白天去抓鬼吗？非得是晚上人家组场的时候去抓吗？不能白天打吗,808.865,1,16777215,2026-02-18 21:58:32,557759249,4,今夜,鬼灭之刃 游郭篇,255055584
我也是！,584.303,1,16777215,2026-02-18 21:54:28,557759249,4,今夜,鬼灭之刃 游郭篇,255055584
。？左右脑互搏？,1252.099,1,16777215,2026-02-18 21:50:55,557759249,4,今夜,鬼灭之刃 游郭篇,255055584
我也是!,574.443,1,16777215,2026-02-18 21:46:32,557759249,4,今夜,鬼灭之刃 游郭篇,255055584
这个姐姐好温柔,18.491,1,16777215,2026-02-18 21:42:44,557759249,4,今夜,鬼灭之刃 游郭篇,255055584
NO！！！！！！！！！,750.929,1,16777215,2026-02-18 21:40:30,557759249,4,今夜,鬼灭之刃 游郭篇,255055584
怎么感觉有股不详的预感,598.202,1,16777215,2026-02-18 21:37:19,557759249,4,今夜,鬼灭之刃 游郭篇,255055584
好帅,289.84,1,16777215,2026-02-18 21:36:55,557759249,4,今夜,鬼灭之刃 游郭篇,255055584
什么东东？,853.358,1,16777215,2026-02-18 21:33:50,557759249,4,今夜,鬼灭之刃 游郭篇,255055584
呜呜呜呜呜————鲤夏姐姐！！！！！,1040.404,1,16777215,2026-02-18 21:32:19,557759249,4,今夜,鬼灭之刃 游郭篇,255055584
哈哈哈,651.932,1,16777215,2026-02-18 21:31:01,557759249,4,今夜,鬼灭之刃 游郭篇,255055584
呜呜呜呜呜————鲤————夏————姐————姐————,823.064,1,16777215,2026-02-18 21:20:36,557759249,4,今夜,鬼灭之刃 游郭篇,255055584
咩～～～～～～～～～～～～～～～～～～～～～～～～～～～～～～～～～～～～～～～～～～～～～～～～～～～～～～～～～～～～～～～～～～～～～～～～～～～～～～～～～～～～～～～～～～～～～～～～～～,187.36,1,16777215,2026-02-18 21:08:02,557759249,4,今夜,鬼灭之刃 游郭篇,255055584
哒哒哒哒哒哒哒哒哒哒哒哒哒哒哒哒哒哒哒哒哒哒哒哒哒哒哒哒哒哒哒哒哒哒哒哒哒哒哒哒哒哒哒哒哒哒哒哒哒哒哒哒哒哒哒哒哒哒哒哒哒哒哒哒哒哒哒哒哒哒哒哒哒哒哒哒哒哒哒哒哒哒哒哒哒哒哒哒哒哒哒哒哒哒哒哒哒哒哒,181.216,1,16777215,2026-02-18 21:07:16,557759249,4,今夜,鬼灭之刃 游郭篇,255055584
大声密谋,530.241,1,16777215,2026-02-18 20:25:57,557759249,4,今夜,鬼灭之刃 游郭篇,255055584
咩～～～～～～～～～～～～,188.538,1,16777215,2026-02-18 19:47:16,557759249,4,今夜,鬼灭之刃 游郭篇,255055584
鲤————————夏————————姐————————姐————————,804.743,1,16777215,2026-02-18 19:00:53,557759249,4,今夜,鬼灭之刃 游郭篇,255055584
鲤————夏————姐————姐————,814.576,1,16777215,2026-02-18 18:59:40,557759249,4,今夜,鬼灭之刃 游郭篇,255055584
堕姬塑造的那么恶劣是正常的，因为他是鬼啊喂,37.14,1,16777215,2026-02-18 18:49:37,557759249,4,今夜,鬼灭之刃 游郭篇,255055584
俺也一样,582.072,1,16777215,2026-02-18 18:44:11,557759249,4,今夜,鬼灭之刃 游郭篇,255055584
handsome,1296.254,1,16777215,2026-02-18 18:35:43,557759249,4,今夜,鬼灭之刃 游郭篇,255055584
？？！笑死我了,855.81,1,8700107,2026-02-18 18:32:28,557759249,4,今夜,鬼灭之刃 游郭篇,255055584
不！！！多好一个姐姐啊！怎么会这样！我不接受！我不得劲！！！,788.156,1,16777215,2026-02-18 18:30:48,557759249,4,今夜,鬼灭之刃 游郭篇,255055584
一個人一個鬼 ,84.531,1,16777215,2026-02-18 18:09:32,557759249,4,今夜,鬼灭之刃 游郭篇,255055584
宝子们觉得这个鬼会被他杀掉吗,1220.607,1,16777215,2026-02-18 17:47:47,557759249,4,今夜,鬼灭之刃 游郭篇,255055584
笑飞了,857.814,1,16777215,2026-02-18 17:44:20,557759249,4,今夜,鬼灭之刃 游郭篇,255055584
鲤夏姐姐！,1051.881,1,16777215,2026-02-18 16:56:08,557759249,4,今夜,鬼灭之刃 游郭篇,255055584
不要啊,788.216,1,16777215,2026-02-18 16:42:34,557759249,4,今夜,鬼灭之刃 游郭篇,255055584
不是 完全没想去找善吗,444.133,1,16777215,2026-02-18 16:22:40,557759249,4,今夜,鬼灭之刃 游郭篇,255055584
[前方高能],751.655,1,14811775,2026-02-18 16:08:50,557759249,4,今夜,鬼灭之刃 游郭篇,255055584
俺也一样,574.236,1,14811775,2026-02-18 16:06:21,557759249,4,今夜,鬼灭之刃 游郭篇,255055584
俺也一样,547.737,1,16777215,2026-02-18 16:05:41,557759249,4,今夜,鬼灭之刃 游郭篇,255055584
不能拒绝华丽哥就像不能拒绝卡卡西一样,992.147,5,16777215,2026-02-18 16:04:03,557759249,4,今夜,鬼灭之刃 游郭篇,255055584
鬼畜之刃,475.793,1,16777215,2026-02-18 15:56:26,557759249,4,今夜,鬼灭之刃 游郭篇,255055584
俺也一样！,573.56,1,16777215,2026-02-18 15:44:32,557759249,4,今夜,鬼灭之刃 游郭篇,255055584
炭炭真的好乖,260.396,1,16777215,2026-02-18 15:39:39,557759249,4,今夜,鬼灭之刃 游郭篇,255055584
纳尼？纳尼～,56.24,1,16777215,2026-02-18 15:37:52,557759249,4,今夜,鬼灭之刃 游郭篇,255055584
会赢的,1287.496,1,16777215,2026-02-18 15:31:25,557759249,4,今夜,鬼灭之刃 游郭篇,255055584
怎么那么挑食呢？,1148.542,1,16777215,2026-02-18 15:25:26,557759249,4,今夜,鬼灭之刃 游郭篇,255055584
细节给人字拖一个特写,969.025,1,16777215,2026-02-18 15:22:17,557759249,4,今夜,鬼灭之刃 游郭篇,255055584
没错，我是gay,693.824,1,16777215,2026-02-18 15:17:15,557759249,4,今夜,鬼灭之刃 游郭篇,255055584
好可爱,66.531,1,16777215,2026-02-18 15:07:22,557759249,4,今夜,鬼灭之刃 游郭篇,255055584
华丽！,288.437,5,11890,2026-02-18 14:53:36,557759249,4,今夜,鬼灭之刃 游郭篇,255055584
华丽,97.305,1,16777215,2026-02-18 14:35:50,557759249,4,今夜,鬼灭之刃 游郭篇,255055584
音柱严选字体,1185.461,1,16777215,2026-02-18 14:34:14,557759249,4,今夜,鬼灭之刃 游郭篇,255055584
这字体真华丽,1210.823,1,16777215,2026-02-18 14:16:03,557759249,4,今夜,鬼灭之刃 游郭篇,255055584
华丽,954.723,1,16777215,2026-02-18 14:15:34,557759249,4,今夜,鬼灭之刃 游郭篇,255055584
太好笑了救命,849.183,1,16777215,2026-02-18 14:00:43,557759249,4,今夜,鬼灭之刃 游郭篇,255055584
恭喜你中大奖了,1007.193,1,16777215,2026-02-18 13:39:17,557759249,4,今夜,鬼灭之刃 游郭篇,255055584
好温柔啊！,77.72,1,8700107,2026-02-18 12:52:44,557759249,4,今夜,鬼灭之刃 游郭篇,255055584
无一郎~无一郎~,15.38,1,8700107,2026-02-18 12:51:37,557759249,4,今夜,鬼灭之刃 游郭篇,255055584
啥华丽,1202.366,1,16777215,2026-02-18 12:38:12,557759249,4,今夜,鬼灭之刃 游郭篇,255055584
玩赛博朋克2077的接龙打v字,524.022,1,16777215,2026-02-18 12:27:49,557759249,4,今夜,鬼灭之刃 游郭篇,255055584
不！！！！！！！！！,753.345,1,16777215,2026-02-18 12:23:17,557759249,4,今夜,鬼灭之刃 游郭篇,255055584
俺也一样！,587.386,1,16777215,2026-02-18 12:20:23,557759249,4,今夜,鬼灭之刃 游郭篇,255055584
俺也一样,544.881,1,16777215,2026-02-18 12:19:36,557759249,4,今夜,鬼灭之刃 游郭篇,255055584
奇妙的比喻,1263.354,1,16777215,2026-02-18 12:15:08,557759249,4,今夜,鬼灭之刃 游郭篇,255055584
善善登大号,208.715,1,16777215,2026-02-18 12:13:51,557759249,4,今夜,鬼灭之刃 游郭篇,255055584
好华丽,852.692,1,16777215,2026-02-18 11:35:53,557759249,4,今夜,鬼灭之刃 游郭篇,255055584
鲤夏姐姐————！！,1037.156,1,14811775,2026-02-18 11:18:56,557759249,4,今夜,鬼灭之刃 游郭篇,255055584
不要啊啊我的姐姐！！——啊啊,764.935,1,14811775,2026-02-18 11:12:17,557759249,4,今夜,鬼灭之刃 游郭篇,255055584
无惨出来晒太阳,327.284,1,16777215,2026-02-18 11:02:09,557759249,4,今夜,鬼灭之刃 游郭篇,255055584
就宠着炭炭吧，好可爱,634.993,5,16777215,2026-02-18 10:43:31,557759249,4,今夜,鬼灭之刃 游郭篇,255055584
我去这是啥,853.025,1,16777215,2026-02-18 10:23:01,557759249,4,今夜,鬼灭之刃 游郭篇,255055584
要活着回来啊,968.946,1,16777215,2026-02-18 05:44:07,557759249,4,今夜,鬼灭之刃 游郭篇,255055584
-+,393.784,1,16777215,2026-02-18 01:29:41,557759249,4,今夜,鬼灭之刃 游郭篇,255055584
华丽,1212.021,1,16777215,2026-02-18 00:12:38,557759249,4,今夜,鬼灭之刃 游郭篇,255055584
俺也一样,579.302,1,16777215,2026-02-17 23:53:03,557759249,4,今夜,鬼灭之刃 游郭篇,255055584
谁丑？！你再说一遍？！！！我们炭炭和扇扇多好看啊！！,1248.759,1,16777215,2026-02-17 23:46:43,557759249,4,今夜,鬼灭之刃 游郭篇,255055584
咩~~~~~~~~~~~~~~~~~~~~~~~~~~~~~~~~~~~~~~~~~~~~~~~,188.911,1,16777215,2026-02-17 23:45:05,557759249,4,今夜,鬼灭之刃 游郭篇,255055584
BGM好评,1294.315,1,16777215,2026-02-17 23:26:59,557759249,4,今夜,鬼灭之刃 游郭篇,255055584
太萌了吧！,1411.892,1,14811775,2026-02-17 23:25:20,557759249,4,今夜,鬼灭之刃 游郭篇,255055584
华丽的字体,1184.576,1,41194,2026-02-17 23:24:08,557759249,4,今夜,鬼灭之刃 游郭篇,255055584
啊好可爱,1168.96,1,16777215,2026-02-17 23:23:39,557759249,4,今夜,鬼灭之刃 游郭篇,255055584
豆子：……,1065.473,1,16777215,2026-02-17 23:21:23,557759249,4,今夜,鬼灭之刃 游郭篇,255055584
我去太华丽了,851.418,1,16777215,2026-02-17 23:20:04,557759249,4,今夜,鬼灭之刃 游郭篇,255055584
补药！！！！！！！！！！！！！！！！！！！！！！！！,780.507,1,16777215,2026-02-17 23:19:16,557759249,4,今夜,鬼灭之刃 游郭篇,255055584
把霞柱派来吧,344.949,1,16777215,2026-02-17 23:15:20,557759249,4,今夜,鬼灭之刃 游郭篇,255055584
[前方高能],753.298,1,16777215,2026-02-17 23:05:33,557759249,4,今夜,鬼灭之刃 游郭篇,255055584
华丽的字体,1187.24,1,16777215,2026-02-17 22:59:28,557759249,4,今夜,鬼灭之刃 游郭篇,255055584
华丽！,848.16,1,16777215,2026-02-17 22:53:45,557759249,4,今夜,鬼灭之刃 游郭篇,255055584
不！！！,804.18,1,16777215,2026-02-17 22:52:48,557759249,4,今夜,鬼灭之刃 游郭篇,255055584
俺也一样,582.74,1,16777215,2026-02-17 22:48:01,557759249,4,今夜,鬼灭之刃 游郭篇,255055584
你是主角你死不了,1293.677,1,16777215,2026-02-17 22:34:23,557759249,4,今夜,鬼灭之刃 游郭篇,255055584
我们炭子可帅了！,1262.118,1,16777215,2026-02-17 22:33:38,557759249,4,今夜,鬼灭之刃 游郭篇,255055584
我去衣带会流血,1216.857,1,16777215,2026-02-17 22:31:55,557759249,4,今夜,鬼灭之刃 游郭篇,255055584
刀呢,464.031,5,16777215,2026-02-17 22:03:13,557759249,4,今夜,鬼灭之刃 游郭篇,255055584
善善有主角光环死不了,330.978,5,16707842,2026-02-17 22:03:07,557759249,4,今夜,鬼灭之刃 游郭篇,255055584
补——药——啊——,769.486,1,16777215,2026-02-17 22:00:07,557759249,4,今夜,鬼灭之刃 游郭篇,255055584
鲤————夏————姐————姐————,808.186,1,16777215,2026-02-17 21:53:28,557759249,4,今夜,鬼灭之刃 游郭篇,255055584
太华丽了,1197.294,1,16777215,2026-02-17 21:50:03,557759249,4,今夜,鬼灭之刃 游郭篇,255055584
真是华丽呀！,847.175,1,16777215,2026-02-17 21:42:35,557759249,4,今夜,鬼灭之刃 游郭篇,255055584
咩~~~~~~,190.436,1,16777215,2026-02-17 21:40:55,557759249,4,今夜,鬼灭之刃 游郭篇,255055584
帅晕,957.965,1,16777215,2026-02-17 21:06:07,557759249,4,今夜,鬼灭之刃 游郭篇,255055584
万人合力保护！！！开启！！,741.511,1,16777215,2026-02-17 21:02:45,557759249,4,今夜,鬼灭之刃 游郭篇,255055584
蜘蛛？！,272.545,1,16777215,2026-02-17 20:56:09,557759249,4,今夜,鬼灭之刃 游郭篇,255055584
来自猪猪的鼓励,428.48,1,15138834,2026-02-17 20:53:20,557759249,4,今夜,鬼灭之刃 游郭篇,255055584
华丽哥离开现场,343.744,1,6830715,2026-02-17 20:51:47,557759249,4,今夜,鬼灭之刃 游郭篇,255055584
实际上五感组的战力已经很甲级了,312.77,5,15138834,2026-02-17 20:25:57,557759249,4,今夜,鬼灭之刃 游郭篇,255055584
死了？，！,277.26,1,16777215,2026-02-17 20:14:22,557759249,4,今夜,鬼灭之刃 游郭篇,255055584
炭治郎：你说啥？,1263.631,1,16777215,2026-02-17 20:02:00,557759249,4,今夜,鬼灭之刃 游郭篇,255055584
就这样的萌么…OAO,267.947,1,16777215,2026-02-17 19:19:55,557759249,4,今夜,鬼灭之刃 游郭篇,255055584
技术指导：芥川龙之介,1136.022,1,16777215,2026-02-17 19:13:11,557759249,4,今夜,鬼灭之刃 游郭篇,255055584
华丽的字体,1186.302,1,16777215,2026-02-17 19:02:16,557759249,4,今夜,鬼灭之刃 游郭篇,255055584
猪猪竟然能正常说话，这个声音不沙哑很好听,366.642,1,16777215,2026-02-17 18:57:30,557759249,4,今夜,鬼灭之刃 游郭篇,255055584
脚趾给到特写……,819.425,1,16777215,2026-02-17 18:51:12,557759249,4,今夜,鬼灭之刃 游郭篇,255055584
本季赞助商:三津汤包,925.779,1,9487136,2026-02-17 18:30:39,557759249,4,今夜,鬼灭之刃 游郭篇,255055584
俺也一样,585.673,1,16777215,2026-02-17 17:57:40,557759249,4,今夜,鬼灭之刃 游郭篇,255055584
咩…～～～,189.603,1,16777215,2026-02-17 17:57:30,557759249,4,今夜,鬼灭之刃 游郭篇,255055584
咩～,190.806,1,16777215,2026-02-17 17:51:36,557759249,4,今夜,鬼灭之刃 游郭篇,255055584
灶门炭治郎,188.582,1,16777215,2026-02-17 17:09:50,557759249,4,今夜,鬼灭之刃 游郭篇,255055584
呀买喽！,756.624,1,16777215,2026-02-17 17:06:57,557759249,4,今夜,鬼灭之刃 游郭篇,255055584
俺也一样,549.553,1,16777215,2026-02-17 17:02:46,557759249,4,今夜,鬼灭之刃 游郭篇,255055584
华丽鼠,863.347,1,16777215,2026-02-17 16:53:15,557759249,4,今夜,鬼灭之刃 游郭篇,255055584
鲤————————夏————————姐————————姐————————,813.022,1,16777215,2026-02-17 16:52:23,557759249,4,今夜,鬼灭之刃 游郭篇,255055584
[前方高能],754.991,1,16777215,2026-02-17 16:45:20,557759249,4,今夜,鬼灭之刃 游郭篇,255055584
华丽至极的字体,1199.151,1,16777215,2026-02-17 16:34:36,557759249,4,今夜,鬼灭之刃 游郭篇,255055584
背阴,932.958,1,16777215,2026-02-17 15:46:20,557759249,4,今夜,鬼灭之刃 游郭篇,255055584
俺也一样,580.799,1,16777215,2026-02-17 15:35:47,557759249,4,今夜,鬼灭之刃 游郭篇,255055584
人类的赞歌就是勇气的赞歌，人类的伟大就是勇气的伟大！,1287.625,1,16777215,2026-02-17 15:23:29,557759249,4,今夜,鬼灭之刃 游郭篇,255055584
华丽,1205.384,1,16777215,2026-02-17 15:11:27,557759249,4,今夜,鬼灭之刃 游郭篇,255055584
l‘’‘’,380.671,1,16777215,2026-02-17 15:09:01,557759249,4,今夜,鬼灭之刃 游郭篇,255055584
炭治郎：你等着,1034.947,1,16777215,2026-02-17 14:59:39,557759249,4,今夜,鬼灭之刃 游郭篇,255055584
主角团肯定不会走,325.099,1,16777215,2026-02-17 14:55:48,557759249,4,今夜,鬼灭之刃 游郭篇,255055584
哈哈哈炭炭懵了,644.835,1,16777215,2026-02-17 14:51:20,557759249,4,今夜,鬼灭之刃 游郭篇,255055584
ll,1206.556,1,16777215,2026-02-17 14:46:21,557759249,4,今夜,鬼灭之刃 游郭篇,255055584
他跟音有什么关系,990.442,1,9487136,2026-02-17 14:18:27,557759249,4,今夜,鬼灭之刃 游郭篇,255055584
刀刀,776.893,1,9487136,2026-02-17 14:14:36,557759249,4,今夜,鬼灭之刃 游郭篇,255055584
呜呜呜,739.629,1,16777215,2026-02-17 14:13:51,557759249,4,今夜,鬼灭之刃 游郭篇,255055584
我补药啊！鲤夏姐姐！,787.735,5,15138834,2026-02-17 14:02:56,557759249,4,今夜,鬼灭之刃 游郭篇,255055584
俺也一样,588.338,5,16777215,2026-02-17 13:57:20,557759249,4,今夜,鬼灭之刃 游郭篇,255055584
耳机党可以了！,1210.199,1,14811775,2026-02-17 13:41:46,557759249,4,今夜,鬼灭之刃 游郭篇,255055584
鲤———————————————夏——————————————————姐—————————————————姐———————————————————,1002.389,1,16777215,2026-02-17 13:38:28,557759249,4,今夜,鬼灭之刃 游郭篇,255055584
楼上的。这个不是鬼,685.943,1,14811775,2026-02-17 13:31:37,557759249,4,今夜,鬼灭之刃 游郭篇,255055584
痛痛痛痛痛痛痛痛痛痛痛痛痛痛痛痛痛痛痛痛,789.689,1,16777215,2026-02-17 13:30:05,557759249,4,今夜,鬼灭之刃 游郭篇,255055584
咩——————————————————,196.889,1,16777215,2026-02-17 13:24:12,557759249,4,今夜,鬼灭之刃 游郭篇,255055584
我的羊群,188.552,1,15138834,2026-02-17 13:20:26,557759249,4,今夜,鬼灭之刃 游郭篇,255055584
太华丽了,1210.047,1,16777215,2026-02-17 13:08:10,557759249,4,今夜,鬼灭之刃 游郭篇,255055584
温柔的两人,734.678,1,16777215,2026-02-17 13:02:50,557759249,4,今夜,鬼灭之刃 游郭篇,255055584
炭炭是来打白工的,622.626,1,16777215,2026-02-17 12:47:45,557759249,4,今夜,鬼灭之刃 游郭篇,255055584
不｜,780.759,1,16777215,2026-02-17 12:37:27,557759249,4,今夜,鬼灭之刃 游郭篇,255055584
俺也一样,576.385,1,15772458,2026-02-17 12:23:53,557759249,4,今夜,鬼灭之刃 游郭篇,255055584
鲤——————夏——————姐——————姐——————,787.437,1,16777215,2026-02-17 11:48:17,557759249,4,今夜,鬼灭之刃 游郭篇,255055584
俺也一样,583.319,1,16777215,2026-02-17 11:44:46,557759249,4,今夜,鬼灭之刃 游郭篇,255055584
俺也一样,577.918,1,16777215,2026-02-17 11:20:12,557759249,4,今夜,鬼灭之刃 游郭篇,255055584
不羡鸳鸯不羡仙，只羡音柱每一天。,190.889,1,16777215,2026-02-17 09:54:55,557759249,4,今夜,鬼灭之刃 游郭篇,255055584
怎么没人啊？这么安静,435.615,1,16777215,2026-02-17 08:46:30,557759249,4,今夜,鬼灭之刃 游郭篇,255055584
啊啊啊啊啊啊啊啊啊啊啊啊啊啊啊啊啊啊啊啊啊啊啊啊啊啊啊啊啊啊啊啊啊啊啊啊啊啊啊啊啊啊啊啊啊啊啊啊啊啊啊啊啊啊啊啊啊啊啊啊啊啊啊啊啊啊啊啊啊啊啊啊啊啊啊啊啊啊啊啊啊啊啊啊啊啊啊啊啊啊啊啊啊啊啊啊啊啊啊啊,216.086,1,16777215,2026-02-17 08:25:59,557759249,4,今夜,鬼灭之刃 游郭篇,255055584
猪猪好可爱,454.793,1,16777215,2026-02-17 08:20:31,557759249,4,今夜,鬼灭之刃 游郭篇,255055584
祢豆子：？,1081.787,5,16777215,2026-02-17 06:55:24,557759249,4,今夜,鬼灭之刃 游郭篇,255055584
啊啊啊啊啊猪猪好美！！！！！！！！！！！！！！！,259.387,5,16777215,2026-02-17 06:39:40,557759249,4,今夜,鬼灭之刃 游郭篇,255055584
咩～～～～,198.054,1,16777215,2026-02-17 02:48:36,557759249,4,今夜,鬼灭之刃 游郭篇,255055584
过年回家过年,697.019,1,16777215,2026-02-17 01:02:41,557759249,4,今夜,鬼灭之刃 游郭篇,255055584
鲤夏我们喜欢你,75.337,1,16777215,2026-02-17 00:27:53,557759249,4,今夜,鬼灭之刃 游郭篇,255055584
不要啊,807.195,1,6830715,2026-02-17 00:14:06,557759249,4,今夜,鬼灭之刃 游郭篇,255055584
华丽,1190.762,5,16777215,2026-02-16 23:45:36,557759249,4,今夜,鬼灭之刃 游郭篇,255055584
看我庚阶单挑上弦,1298.571,1,16777215,2026-02-16 23:43:47,557759249,4,今夜,鬼灭之刃 游郭篇,255055584
[前方高能],755.333,1,16777215,2026-02-16 23:25:32,557759249,4,今夜,鬼灭之刃 游郭篇,255055584
猪猪凿洞ing……,1073.232,1,16777215,2026-02-16 23:15:22,557759249,4,今夜,鬼灭之刃 游郭篇,255055584
闪亮的脚趾,508.246,1,16777215,2026-02-16 23:00:38,557759249,4,今夜,鬼灭之刃 游郭篇,255055584
不想惹花魁生气。,230.725,1,16777215,2026-02-16 22:54:36,557759249,4,今夜,鬼灭之刃 游郭篇,255055584
我一定要娶了这个男人！！！,603.004,5,15138834,2026-02-16 22:54:22,557759249,4,今夜,鬼灭之刃 游郭篇,255055584
刀 想干嘛,1191.75,1,16777215,2026-02-16 22:47:31,557759249,4,今夜,鬼灭之刃 游郭篇,255055584
鲤————————夏————————姐————————姐————————,830.019,1,16777215,2026-02-16 22:31:36,557759249,4,今夜,鬼灭之刃 游郭篇,255055584
qw,815.727,1,16777215,2026-02-16 22:17:36,557759249,4,今夜,鬼灭之刃 游郭篇,255055584
其实是原本长得挺好看的,231.915,1,16777215,2026-02-16 22:01:18,557759249,4,今夜,鬼灭之刃 游郭篇,255055584
哪丑了。,1254.711,1,16777215,2026-02-16 21:37:39,557759249,4,今夜,鬼灭之刃 游郭篇,255055584
太华丽了,1186.611,1,16777215,2026-02-16 21:36:38,557759249,4,今夜,鬼灭之刃 游郭篇,255055584
挑食,1161.688,1,16777215,2026-02-16 21:35:58,557759249,4,今夜,鬼灭之刃 游郭篇,255055584
呜呜呜呜,1037.867,1,16777215,2026-02-16 21:33:56,557759249,4,今夜,鬼灭之刃 游郭篇,255055584
快救她啊啊啊,967.215,1,16777215,2026-02-16 21:33:25,557759249,4,今夜,鬼灭之刃 游郭篇,255055584
不————————要——————————啊————————————,771.814,1,16777215,2026-02-16 21:31:33,557759249,4,今夜,鬼灭之刃 游郭篇,255055584
俺也一样！,590.592,1,16777215,2026-02-16 21:30:13,557759249,4,今夜,鬼灭之刃 游郭篇,255055584
嗯对就是上弦,323.062,1,16777215,2026-02-16 21:23:25,557759249,4,今夜,鬼灭之刃 游郭篇,255055584
[前方高能],751.357,1,16777215,2026-02-16 21:14:38,557759249,4,今夜,鬼灭之刃 游郭篇,255055584
竟然是牡丹房吗,823.261,1,16777215,2026-02-16 21:10:04,557759249,4,今夜,鬼灭之刃 游郭篇,255055584
不可以----,766.873,1,16777215,2026-02-16 20:56:27,557759249,4,今夜,鬼灭之刃 游郭篇,255055584
亚美喽！！！,773.468,1,16777215,2026-02-16 20:50:09,557759249,4,今夜,鬼灭之刃 游郭篇,255055584
不要啊！！！！！！！！！！！！,779.144,1,16777215,2026-02-16 20:30:21,557759249,4,今夜,鬼灭之刃 游郭篇,255055584
不！！！！！！！,752.714,1,16777215,2026-02-16 20:29:46,557759249,4,今夜,鬼灭之刃 游郭篇,255055584
祢豆子好可爱呀,1180.367,1,16777215,2026-02-16 20:23:41,557759249,4,今夜,鬼灭之刃 游郭篇,255055584
华丽的字体,1194.84,1,16777215,2026-02-16 20:22:42,557759249,4,今夜,鬼灭之刃 游郭篇,255055584
好美好温柔的姐姐,66.301,1,16777215,2026-02-16 20:20:20,557759249,4,今夜,鬼灭之刃 游郭篇,255055584
好温柔。。,38.953,1,16777215,2026-02-16 20:19:44,557759249,4,今夜,鬼灭之刃 游郭篇,255055584
这炭治郎，最后好像死了吧,1289.308,1,16777215,2026-02-16 20:19:32,557759249,4,今夜,鬼灭之刃 游郭篇,255055584
感觉有刀这个花魁可能要被鬼杀了！！！！,699.391,1,16777215,2026-02-16 20:19:07,557759249,4,今夜,鬼灭之刃 游郭篇,255055584
我感觉炭炭长得挺帅呀,1260.602,1,16777215,2026-02-16 20:18:54,557759249,4,今夜,鬼灭之刃 游郭篇,255055584
我感觉这飘带分散开来了，更难打,1209.041,1,16777215,2026-02-16 20:17:25,557759249,4,今夜,鬼灭之刃 游郭篇,255055584
这货跟堕姬长得差不多啊,1058.889,1,16777215,2026-02-16 20:14:36,557759249,4,今夜,鬼灭之刃 游郭篇,255055584
我觉得最温柔的这个应该也是鬼伪装的。,567.364,1,16777215,2026-02-16 20:07:03,557759249,4,今夜,鬼灭之刃 游郭篇,255055584
怎么感觉猪猪长得跟女生差不多呀,436.163,1,16777215,2026-02-16 20:04:04,557759249,4,今夜,鬼灭之刃 游郭篇,255055584
咩～～～～～～～～～～～～～～～～～～～～～～～～～～～,201.03,1,16777215,2026-02-16 20:00:16,557759249,4,今夜,鬼灭之刃 游郭篇,255055584
不要啊～～～～～～ ,781.984,1,16777215,2026-02-16 19:57:41,557759249,4,今夜,鬼灭之刃 游郭篇,255055584
没事，鲤夏姐姐她不会死,749.963,1,16777215,2026-02-16 19:56:42,557759249,4,今夜,鬼灭之刃 游郭篇,255055584
哦，不。鲤夏姐姐！,1002.621,1,16777215,2026-02-16 19:54:35,557759249,4,今夜,鬼灭之刃 游郭篇,255055584
好好看好可爱,590.171,1,16777215,2026-02-16 19:48:17,557759249,4,今夜,鬼灭之刃 游郭篇,255055584
豆子头撞箱子上的声音我听见了,729.043,1,16777215,2026-02-16 19:47:18,557759249,4,今夜,鬼灭之刃 游郭篇,255055584
姐！——————————————————————————————————————————————————————————————————————————————————————————,771.27,1,16777215,2026-02-16 19:43:51,557759249,4,今夜,鬼灭之刃 游郭篇,255055584
不要！！！,767.586,1,16777215,2026-02-16 19:31:06,557759249,4,今夜,鬼灭之刃 游郭篇,255055584
笑死，整整拍了41下。,476.796,1,16777215,2026-02-16 19:30:53,557759249,4,今夜,鬼灭之刃 游郭篇,255055584
大家新年快乐呀！！！！,1111.066,1,15138834,2026-02-16 19:22:52,557759249,4,今夜,鬼灭之刃 游郭篇,255055584
别刀了别刀了,685.872,1,16777215,2026-02-16 19:21:37,557759249,4,今夜,鬼灭之刃 游郭篇,255055584
咩～～～～～～～～～～～～～～～～～～～,187.493,1,16777215,2026-02-16 19:18:04,557759249,4,今夜,鬼灭之刃 游郭篇,255055584
鲤夏又美又温柔，这个天差地别。。。,25.059,1,16777215,2026-02-16 19:07:19,557759249,4,今夜,鬼灭之刃 游郭篇,255055584
上六,1106.189,1,16777215,2026-02-16 19:04:56,557759249,4,今夜,鬼灭之刃 游郭篇,255055584
俺也一样,583.237,1,16777215,2026-02-16 18:52:46,557759249,4,今夜,鬼灭之刃 游郭篇,255055584
丑萌丑萌的,1248.111,5,16777215,2026-02-16 18:08:37,557759249,4,今夜,鬼灭之刃 游郭篇,255055584
补豪,753.272,1,16777215,2026-02-16 18:00:03,557759249,4,今夜,鬼灭之刃 游郭篇,255055584
炭炭停止了思考,648.825,1,16777215,2026-02-16 17:58:19,557759249,4,今夜,鬼灭之刃 游郭篇,255055584
优秀员工的反应,630.631,5,16777215,2026-02-16 17:57:42,557759249,4,今夜,鬼灭之刃 游郭篇,255055584
好帅！,608.134,5,16777215,2026-02-16 17:57:08,557759249,4,今夜,鬼灭之刃 游郭篇,255055584
俺也一样！,575.664,5,16777215,2026-02-16 17:56:30,557759249,4,今夜,鬼灭之刃 游郭篇,255055584
能的话就成头柱了,1281.082,1,16777215,2026-02-16 17:41:45,557759249,4,今夜,鬼灭之刃 游郭篇,255055584
钢铁塚：你刚弄断试试？,1225.431,1,16777215,2026-02-16 17:40:20,557759249,4,今夜,鬼灭之刃 游郭篇,255055584
听了这么久的歌没想到是鬼灭的,125.964,1,16777215,2026-02-16 17:37:04,557759249,4,今夜,鬼灭之刃 游郭篇,255055584
俺也一样,582.997,1,16777215,2026-02-16 17:16:47,557759249,4,今夜,鬼灭之刃 游郭篇,255055584
停停停,851.957,1,16777215,2026-02-16 17:15:32,557759249,4,今夜,鬼灭之刃 游郭篇,255055584
应该有5厘米了吧,1226.929,1,16777215,2026-02-16 17:01:40,557759249,4,今夜,鬼灭之刃 游郭篇,255055584
哎？祢豆子不应该放家咩？,1165.569,1,16777215,2026-02-16 16:59:43,557759249,4,今夜,鬼灭之刃 游郭篇,255055584
好可爱的猪猪,463.62,1,16777215,2026-02-16 16:49:46,557759249,4,今夜,鬼灭之刃 游郭篇,255055584
这么一看感觉尿壶适合当上六,1291.795,1,16777215,2026-02-16 16:28:45,557759249,4,今夜,鬼灭之刃 游郭篇,255055584
咩~~~,184.0,1,16777215,2026-02-16 16:13:06,557759249,4,今夜,鬼灭之刃 游郭篇,255055584
哪里丑了啊,1250.292,1,16777215,2026-02-16 16:03:42,557759249,4,今夜,鬼灭之刃 游郭篇,255055584
华丽的字体,1210.804,1,16777215,2026-02-16 16:03:16,557759249,4,今夜,鬼灭之刃 游郭篇,255055584
姐啊呜呜呜,1015.216,1,16777215,2026-02-16 16:01:08,557759249,4,今夜,鬼灭之刃 游郭篇,255055584
鲤夏姐姐我真的哭死,788.203,1,16777215,2026-02-16 15:59:08,557759249,4,今夜,鬼灭之刃 游郭篇,255055584
俺也一样！,569.568,1,16777215,2026-02-16 15:57:02,557759249,4,今夜,鬼灭之刃 游郭篇,255055584
箱子可是上任水柱做的,1103.081,1,16777215,2026-02-16 15:53:06,557759249,4,今夜,鬼灭之刃 游郭篇,255055584
？我靠,840.558,1,16777215,2026-02-16 15:46:53,557759249,4,今夜,鬼灭之刃 游郭篇,255055584
末日储存食物的,1116.912,1,16777215,2026-02-16 15:45:52,557759249,4,今夜,鬼灭之刃 游郭篇,255055584
细节哥，细节姐替我挡灾,948.035,1,16777215,2026-02-16 15:42:53,557759249,4,今夜,鬼灭之刃 游郭篇,255055584
他才不丑！！！！！,1253.558,1,41194,2026-02-16 15:42:43,557759249,4,今夜,鬼灭之刃 游郭篇,255055584
不要啊！,755.561,1,16777215,2026-02-16 15:39:36,557759249,4,今夜,鬼灭之刃 游郭篇,255055584
不许打炭炭！,469.297,1,16777215,2026-02-16 15:35:22,557759249,4,今夜,鬼灭之刃 游郭篇,255055584
打开盒子成豆浆了,1083.51,1,16777215,2026-02-16 15:32:15,557759249,4,今夜,鬼灭之刃 游郭篇,255055584
爱美头没,12.371,1,16777215,2026-02-16 15:28:39,557759249,4,今夜,鬼灭之刃 游郭篇,255055584
我也是,574.039,1,16777215,2026-02-16 15:13:03,557759249,4,今夜,鬼灭之刃 游郭篇,255055584
猪开智了不得了,503.844,1,41194,2026-02-16 14:54:28,557759249,4,今夜,鬼灭之刃 游郭篇,255055584
