content,time,mode,color,send_time,cid,episode,episode_title,anime_title,aid
老父亲恨不得代替阿尼娅自己入学读书了hhhhhhh,918.845,1,16777215,2022-10-15 23:13:17,843953561,6,任务6 交友行动,间谍过家家 粤配版,345974173
一次攻略两个 一石二鸟捏,1257.106,1,16777215,2022-11-03 02:51:24,843953561,6,任务6 交友行动,间谍过家家 粤配版,345974173
 次子噩梦的源头,676.965,5,16777215,2022-10-21 05:49:23,843953561,6,任务6 交友行动,间谍过家家 粤配版,345974173
粤式英语绷不住了,221.476,5,16777215,2022-10-22 16:53:16,843953561,6,任务6 交友行动,间谍过家家 粤配版,345974173
开  幕  雷  击,1309.638,5,16707842,2022-10-16 02:18:21,843953561,6,任务6 交友行动,间谍过家家 粤配版,345974173
 社交悍匪阿妮亚,468.847,1,16777215,2022-10-22 23:57:39,843953561,6,任务6 交友行动,间谍过家家 粤配版,345974173
这 全 都 是 计 划 的 一 部 分,331.823,5,52480,2022-10-15 22:02:58,843953561,6,任务6 交友行动,间谍过家家 粤配版,345974173
前进 前进 前进进,459.752,1,16777215,2022-10-22 14:32:02,843953561,6,任务6 交友行动,间谍过家家 粤配版,345974173
攻略目标错了,1261.479,1,16777215,2022-10-16 00:49:38,843953561,6,任务6 交友行动,间谍过家家 粤配版,345974173
万物皆可优雅 哇哈哈哈哈,1272.28,1,16777215,2022-10-15 19:48:34,843953561,6,任务6 交友行动,间谍过家家 粤配版,345974173
大人的松茸（？,1105.772,5,16777215,2022-10-15 18:37:56,843953561,6,任务6 交友行动,间谍过家家 粤配版,345974173
要不是阿尼娅在这，估计就见血了23333333,654.475,5,14811775,2022-10-23 17:06:35,843953561,6,任务6 交友行动,间谍过家家 粤配版,345974173
病人（指管理官）,270.126,5,16646914,2022-10-25 15:34:04,843953561,6,任务6 交友行动,间谍过家家 粤配版,345974173
普通妈妈：指的是一掌劈烂南瓜,703.868,1,16777215,2022-10-15 19:27:48,843953561,6,任务6 交友行动,间谍过家家 粤配版,345974173
光之逆子【doge】,380.719,5,16707842,2022-10-22 06:37:23,843953561,6,任务6 交友行动,间谍过家家 粤配版,345974173
一只老父亲失去了梦想,1321.156,1,16777215,2022-10-16 20:44:11,843953561,6,任务6 交友行动,间谍过家家 粤配版,345974173
服务员：讲英文啊，A餐，B餐，C餐，D餐啊,240.042,1,16777215,2022-10-22 14:39:27,843953561,6,任务6 交友行动,间谍过家家 粤配版,345974173
次子的噩梦起源,690.791,5,16707842,2022-10-30 21:39:21,843953561,6,任务6 交友行动,间谍过家家 粤配版,345974173
阿尼亚这时候已经起杀心了哈哈哈哈,1070.09,1,16777215,2022-10-22 19:30:59,843953561,6,任务6 交友行动,间谍过家家 粤配版,345974173
以下内容纯属虚构,864.157,5,16707842,2022-10-22 14:51:56,843953561,6,任务6 交友行动,间谍过家家 粤配版,345974173
撞衫哈哈哈哈哈,754.063,1,16777215,2022-10-17 11:24:46,843953561,6,任务6 交友行动,间谍过家家 粤配版,345974173
杉菜和道明寺 楚雨荨和慕容云海（幻视）,1169.695,1,16777215,2022-11-08 12:49:20,843953561,6,任务6 交友行动,间谍过家家 粤配版,345974173
另一种则是自己的安全甚至生命受到威胁时,1244.675,5,15138834,2022-11-06 17:47:45,843953561,6,任务6 交友行动,间谍过家家 粤配版,345974173
怕羞笑死,897.282,5,16777215,2022-10-22 17:03:16,843953561,6,任务6 交友行动,间谍过家家 粤配版,345974173
这段配音简直超神。。。哈哈哈,1218.331,1,16777215,2022-10-22 00:58:21,843953561,6,任务6 交友行动,间谍过家家 粤配版,345974173
这个眼神，对史旺的杀意还是没有完全褪去,496.919,1,16707842,2022-10-16 02:02:49,843953561,6,任务6 交友行动,间谍过家家 粤配版,345974173
注意右上角次子旁边也没有家长在,1341.167,5,16777215,2022-10-15 19:28:58,843953561,6,任务6 交友行动,间谍过家家 粤配版,345974173
很不安怎去优雅,425.442,1,16777215,2022-10-20 00:34:35,843953561,6,任务6 交友行动,间谍过家家 粤配版,345974173
现在收手还来得及,546.383,5,15138834,2022-10-22 20:20:52,843953561,6,任务6 交友行动,间谍过家家 粤配版,345974173
约儿每次都先关心安尼亚有没有受伤,1301.573,5,16777215,2023-10-01 22:25:48,843953561,6,任务6 交友行动,间谍过家家 粤配版,345974173
太太和阿尼娅扎的是马尾诶,715.06,5,16707842,2022-10-21 21:39:08,843953561,6,任务6 交友行动,间谍过家家 粤配版,345974173
我今日就要带她走，我看宾果够胆拦住我,600.565,5,15138834,2022-10-19 17:27:52,843953561,6,任务6 交友行动,间谍过家家 粤配版,345974173
老师这时候怎么不管了,1064.836,1,16777215,2022-10-16 01:42:24,843953561,6,任务6 交友行动,间谍过家家 粤配版,345974173
出现了，顺拐人,872.849,5,15138834,2022-10-15 18:43:37,843953561,6,任务6 交友行动,间谍过家家 粤配版,345974173
你哋个女去到华附省实读书喔（,129.831,5,11890,2022-10-24 23:37:40,843953561,6,任务6 交友行动,间谍过家家 粤配版,345974173
无他，唯自动挡熟尔,87.687,5,15138834,2022-10-23 09:07:54,843953561,6,任务6 交友行动,间谍过家家 粤配版,345974173
罗辑：这是计划的一部分,343.033,1,16777215,2022-10-21 18:42:06,843953561,6,任务6 交友行动,间谍过家家 粤配版,345974173
哈哈～～,887.732,5,41194,2022-10-15 18:26:41,843953561,6,任务6 交友行动,间谍过家家 粤配版,345974173
名场面预警,1040.715,5,16646914,2022-10-22 18:34:46,843953561,6,任务6 交友行动,间谍过家家 粤配版,345974173
十三区是吧,298.477,1,16777215,2022-10-16 15:00:35,843953561,6,任务6 交友行动,间谍过家家 粤配版,345974173
粤语报菜名好好笑哈哈哈,234.94,1,16777215,2022-10-16 15:07:50,843953561,6,任务6 交友行动,间谍过家家 粤配版,345974173
稍移玉步可太优雅了,965.171,1,16777215,2022-10-22 12:04:08,843953561,6,任务6 交友行动,间谍过家家 粤配版,345974173
是女婿大作战吧,851.683,5,16777215,2022-10-16 15:35:06,843953561,6,任务6 交友行动,间谍过家家 粤配版,345974173
漆 黑 意 志,1183.082,5,16646914,2022-10-15 20:53:48,843953561,6,任务6 交友行动,间谍过家家 粤配版,345974173
她家有一整个国库的存款…,1056.019,1,16777215,2022-10-29 23:36:23,843953561,6,任务6 交友行动,间谍过家家 粤配版,345974173
我老豆都未打过我！,1205.416,5,11890,2022-10-24 23:53:15,843953561,6,任务6 交友行动,间谍过家家 粤配版,345974173
这表情笑死,1112.485,5,15138834,2022-10-22 20:29:50,843953561,6,任务6 交友行动,间谍过家家 粤配版,345974173
win~win~win~,309.574,5,16777215,2022-10-17 23:38:22,843953561,6,任务6 交友行动,间谍过家家 粤配版,345974173
路上小心（无感情）,281.741,1,16777215,2022-10-21 20:49:11,843953561,6,任务6 交友行动,间谍过家家 粤配版,345974173
这个表情真系撩交打,1100.622,1,16777215,2022-10-21 00:53:24,843953561,6,任务6 交友行动,间谍过家家 粤配版,345974173
完了，要出事了（指的是他们）,540.458,1,16777215,2022-10-15 19:24:38,843953561,6,任务6 交友行动,间谍过家家 粤配版,345974173
微笑就可以了,1081.809,5,41194,2022-11-03 12:22:06,843953561,6,任务6 交友行动,间谍过家家 粤配版,345974173
有冇点都德，鸿星海鲜酒家，名盈轩，稻香果d架,997.805,5,16707842,2022-10-22 14:55:07,843953561,6,任务6 交友行动,间谍过家家 粤配版,345974173
不，太太，这不是多事，而是必要，很必要,1316.14,5,15138834,2022-11-06 17:50:00,843953561,6,任务6 交友行动,间谍过家家 粤配版,345974173
反正组织报销,199.203,1,16777215,2022-10-16 13:16:09,843953561,6,任务6 交友行动,间谍过家家 粤配版,345974173
名场面,1096.271,5,16777215,2022-10-15 18:21:14,843953561,6,任务6 交友行动,间谍过家家 粤配版,345974173
有效避免了菜进化后杀死一家人,659.849,5,16777215,2022-10-30 00:04:50,843953561,6,任务6 交友行动,间谍过家家 粤配版,345974173
你明白条铁咩,983.872,1,16777215,2022-10-29 00:51:23,843953561,6,任务6 交友行动,间谍过家家 粤配版,345974173
康而寿，出来只抽,1147.857,1,16777215,2022-10-17 23:34:52,843953561,6,任务6 交友行动,间谍过家家 粤配版,345974173
必杀铁拳要用来对付坏蛋波士的仔,1074.869,1,16777215,2022-10-15 23:55:02,843953561,6,任务6 交友行动,间谍过家家 粤配版,345974173
能否别把灯打开,1122.492,5,16707842,2022-10-15 18:49:16,843953561,6,任务6 交友行动,间谍过家家 粤配版,345974173
这段如果是美丽战场的刘佩玥来配音，会恶很多（doge哈哈哈哈哈）,636.527,1,16777215,2022-10-29 22:45:51,843953561,6,任务6 交友行动,间谍过家家 粤配版,345974173
应该叫马仔,934.799,1,16777215,2022-10-21 21:20:08,843953561,6,任务6 交友行动,间谍过家家 粤配版,345974173
喂～姐姐仔，我要打你荷包啊,571.67,5,15138834,2022-10-15 19:42:13,843953561,6,任务6 交友行动,间谍过家家 粤配版,345974173
好像马尔福和他两个跟班,1026.406,5,16777215,2022-11-03 22:32:29,843953561,6,任务6 交友行动,间谍过家家 粤配版,345974173
培养杀手要从娃娃抓起（doge）,702.644,1,16776960,2022-10-15 20:32:12,843953561,6,任务6 交友行动,间谍过家家 粤配版,345974173
小胡子（警觉）,734.504,5,16777215,2022-10-16 16:55:05,843953561,6,任务6 交友行动,间谍过家家 粤配版,345974173
好喜欢这个大姐姐的,321.895,5,15138834,2022-10-15 22:03:20,843953561,6,任务6 交友行动,间谍过家家 粤配版,345974173
有种哈利波特入学嘅感觉,811.786,5,16646914,2022-10-15 21:52:58,843953561,6,任务6 交友行动,间谍过家家 粤配版,345974173
瓜神：我只想吃瓜（大哭）,185.767,1,16777215,2022-10-16 11:40:06,843953561,6,任务6 交友行动,间谍过家家 粤配版,345974173
明明就是鸭嘴兽泰瑞！,288.763,5,11890,2022-11-01 21:46:24,843953561,6,任务6 交友行动,间谍过家家 粤配版,345974173
优雅地退学,1017.482,1,16777215,2022-10-18 01:35:12,843953561,6,任务6 交友行动,间谍过家家 粤配版,345974173
“佣人姐姐”,577.601,5,16777215,2022-10-15 19:16:21,843953561,6,任务6 交友行动,间谍过家家 粤配版,345974173
她家的开支从国库出的哈哈哈哈哈,1058.182,1,16777215,2024-05-03 21:37:31,843953561,6,任务6 交友行动,间谍过家家 粤配版,345974173
咏春，叶问,598.174,5,16707842,2022-10-22 14:46:01,843953561,6,任务6 交友行动,间谍过家家 粤配版,345974173
忍无可忍 无需再忍 啊哒！！！,1188.829,1,16777215,2022-10-16 13:52:20,843953561,6,任务6 交友行动,间谍过家家 粤配版,345974173
贝琪永远的好闺蜜,929.845,5,16707842,2023-02-17 13:15:32,843953561,6,任务6 交友行动,间谍过家家 粤配版,345974173
⌓‿⌓​,1118.605,5,41194,2022-10-22 23:16:08,843953561,6,任务6 交友行动,间谍过家家 粤配版,345974173
她一下就戳中了我的心巴,429.734,5,41194,2022-10-15 18:34:55,843953561,6,任务6 交友行动,间谍过家家 粤配版,345974173
已经手下留情了，不然 爆的是你的头,626.656,5,15138834,2022-10-30 19:21:36,843953561,6,任务6 交友行动,间谍过家家 粤配版,345974173
大人既松茸？？哈哈，打边炉啊,1106.599,5,16776960,2022-10-21 00:43:18,843953561,6,任务6 交友行动,间谍过家家 粤配版,345974173
少爷，危,675.259,5,15138834,2022-10-15 18:40:03,843953561,6,任务6 交友行动,间谍过家家 粤配版,345974173
还不多谢南瓜哥,645.45,5,15138834,2022-11-02 21:46:08,843953561,6,任务6 交友行动,间谍过家家 粤配版,345974173
下面那位靓仔你的发型好嚣张,952.479,1,16777215,2022-11-12 12:54:26,843953561,6,任务6 交友行动,间谍过家家 粤配版,345974173
阿罗过家家(bushi),558.626,5,16777215,2022-10-15 19:06:51,843953561,6,任务6 交友行动,间谍过家家 粤配版,345974173
Elegant,1268.778,5,16755370,2022-10-29 00:27:45,843953561,6,任务6 交友行动,间谍过家家 粤配版,345974173
公费养娃,352.422,1,16777215,2022-10-28 19:33:00,843953561,6,任务6 交友行动,间谍过家家 粤配版,345974173
哈利波特分院现场,799.079,1,16777215,2022-10-16 11:53:07,843953561,6,任务6 交友行动,间谍过家家 粤配版,345974173
你逢田姐当然会做汉堡排啊!,488.806,1,16707842,2022-10-15 19:51:02,843953561,6,任务6 交友行动,间谍过家家 粤配版,345974173
学  风  淳  朴,162.375,5,15138834,2023-09-16 21:23:14,843953561,6,任务6 交友行动,间谍过家家 粤配版,345974173
危（指小混混）,536.202,1,16777215,2022-10-30 14:04:00,843953561,6,任务6 交友行动,间谍过家家 粤配版,345974173
阿妮亚的震惊,786.855,1,16777215,2022-10-21 20:03:23,843953561,6,任务6 交友行动,间谍过家家 粤配版,345974173
斯内普(?,735.454,5,16707842,2022-10-21 19:09:38,843953561,6,任务6 交友行动,间谍过家家 粤配版,345974173
前方名画预警,1087.546,5,16777215,2022-10-16 15:37:54,843953561,6,任务6 交友行动,间谍过家家 粤配版,345974173
仔细看，思旺没鼓掌,746.814,1,16777215,2022-11-19 20:16:16,843953561,6,任务6 交友行动,间谍过家家 粤配版,345974173
轩达臣，利物浦队长doge,940.861,5,16707842,2022-10-22 14:53:38,843953561,6,任务6 交友行动,间谍过家家 粤配版,345974173
开局一颗雷,1311.547,1,16777215,2022-10-22 16:59:49,843953561,6,任务6 交友行动,间谍过家家 粤配版,345974173
胃疼预备备————,1280.522,5,9033215,2022-10-25 10:56:42,843953561,6,任务6 交友行动,间谍过家家 粤配版,345974173
次子の自我攻略,901.055,1,16777215,2022-10-15 20:48:33,843953561,6,任务6 交友行动,间谍过家家 粤配版,345974173
周星星(幻听),408.359,1,16777215,2022-11-14 11:52:33,843953561,6,任务6 交友行动,间谍过家家 粤配版,345974173
靓仔是你（doge）,916.503,5,16777215,2022-10-22 18:32:20,843953561,6,任务6 交友行动,间谍过家家 粤配版,345974173
太太教了阿尼亚要笑，但没教她怎么笑（,1087.515,5,14811775,2022-10-23 17:14:32,843953561,6,任务6 交友行动,间谍过家家 粤配版,345974173
我：信不信我让我妈妈刀了你,1042.768,5,15138834,2022-10-16 18:55:30,843953561,6,任务6 交友行动,间谍过家家 粤配版,345974173
说华附省实的真的笑死,138.031,1,16777215,2022-11-18 13:16:45,843953561,6,任务6 交友行动,间谍过家家 粤配版,345974173
7星7雷既视感,419.566,1,16777215,2022-10-23 00:54:27,843953561,6,任务6 交友行动,间谍过家家 粤配版,345974173
刺所武次子,838.717,5,16707842,2022-10-22 14:51:15,843953561,6,任务6 交友行动,间谍过家家 粤配版,345974173
啊～～～～～～～～～～～～,783.357,1,16777215,2022-11-16 12:45:44,843953561,6,任务6 交友行动,间谍过家家 粤配版,345974173
粤语很多英文直接翻音译的，就有种塑料英语感,249.897,1,16777215,2022-10-21 18:34:25,843953561,6,任务6 交友行动,间谍过家家 粤配版,345974173
咁啱掂到佢！哈哈哈！,1209.186,5,16646914,2022-10-18 02:26:44,843953561,6,任务6 交友行动,间谍过家家 粤配版,345974173
神之宣言（bushi）,726.253,5,15138834,2022-12-24 18:22:38,843953561,6,任务6 交友行动,间谍过家家 粤配版,345974173
打者，爱也。爱者，打多几下。哈哈哈,1326.38,1,16777215,2022-10-28 21:58:28,843953561,6,任务6 交友行动,间谍过家家 粤配版,345974173
麦格教授（幻视）,955.593,1,16777215,2022-11-02 18:48:06,843953561,6,任务6 交友行动,间谍过家家 粤配版,345974173
好可爱啊,662.857,5,16707842,2022-10-23 19:59:29,843953561,6,任务6 交友行动,间谍过家家 粤配版,345974173
饭桶（幻听）,988.838,5,15138834,2022-10-16 00:36:21,843953561,6,任务6 交友行动,间谍过家家 粤配版,345974173
指定女婿,830.016,1,16777215,2022-10-15 20:47:01,843953561,6,任务6 交友行动,间谍过家家 粤配版,345974173
⊙⊿⊙☞,1205.061,1,16777215,2022-10-15 20:38:11,843953561,6,任务6 交友行动,间谍过家家 粤配版,345974173
不二家棒棒糖代言人：贝琪！,927.152,1,15138834,2022-11-11 22:23:50,843953561,6,任务6 交友行动,间谍过家家 粤配版,345974173
约尔做饭！核武级,533.168,1,16777215,2022-10-28 12:16:07,843953561,6,任务6 交友行动,间谍过家家 粤配版,345974173
好队友,1238.066,1,16707842,2022-10-25 00:38:40,843953561,6,任务6 交友行动,间谍过家家 粤配版,345974173
⊙⊿⊙☞,1230.105,1,16777215,2022-10-16 16:40:19,843953561,6,任务6 交友行动,间谍过家家 粤配版,345974173
倒回来听了好几遍，笑死了,221.896,1,16777215,2022-10-15 19:57:42,843953561,6,任务6 交友行动,间谍过家家 粤配版,345974173
警惕马尔福行为,1039.287,1,16777215,2022-10-15 19:23:21,843953561,6,任务6 交友行动,间谍过家家 粤配版,345974173
哈哈哈哈粤语版次子更可爱,889.558,1,16777215,2022-10-22 19:27:09,843953561,6,任务6 交友行动,间谍过家家 粤配版,345974173
这个声音好像奖门人报奖品那个,225.754,1,16777215,2022-10-15 18:55:25,843953561,6,任务6 交友行动,间谍过家家 粤配版,345974173
差点就开局闪电三滴血了,1321.467,1,16777215,2022-12-06 02:40:50,843953561,6,任务6 交友行动,间谍过家家 粤配版,345974173
次子：小样 迷不死你,892.647,1,16777215,2022-10-23 19:15:23,843953561,6,任务6 交友行动,间谍过家家 粤配版,345974173
温知识：次子原型就是道明寺,1177.649,1,16777215,2022-12-26 13:55:49,843953561,6,任务6 交友行动,间谍过家家 粤配版,345974173
我感觉要闺蜜,914.214,5,15138834,2022-11-13 21:00:31,843953561,6,任务6 交友行动,间谍过家家 粤配版,345974173
鸭食拉你,1195.601,1,16777215,2022-10-23 09:21:42,843953561,6,任务6 交友行动,间谍过家家 粤配版,345974173
"“八""星上将",395.153,1,16777215,2022-10-29 20:45:37,843953561,6,任务6 交友行动,间谍过家家 粤配版,345974173
别的可以，做饭就不要了,509.906,1,16777215,2022-10-22 21:11:40,843953561,6,任务6 交友行动,间谍过家家 粤配版,345974173
"毛衣的粤语是""冷衫""",188.162,1,16777215,2022-10-17 11:05:16,843953561,6,任务6 交友行动,间谍过家家 粤配版,345974173
好Q好得意啊～,435.533,1,16777215,2022-10-15 20:19:07,843953561,6,任务6 交友行动,间谍过家家 粤配版,345974173
是行街街啊,452.611,1,15138834,2023-01-18 19:22:43,843953561,6,任务6 交友行动,间谍过家家 粤配版,345974173
还好这个小女孩对这些方面没有怎么用心，不然伤心死了。,1078.525,1,16777215,2022-12-24 16:12:07,843953561,6,任务6 交友行动,间谍过家家 粤配版,345974173
八星魔王阿尼亚,400.708,5,16707842,2022-10-29 23:53:30,843953561,6,任务6 交友行动,间谍过家家 粤配版,345974173
因为是次子，所以父亲并不太在意他,1346.173,1,16777215,2022-10-24 14:16:28,843953561,6,任务6 交友行动,间谍过家家 粤配版,345974173
累积八道雷电就会俾公劈,420.789,1,16777215,2022-11-12 23:01:20,843953561,6,任务6 交友行动,间谍过家家 粤配版,345974173
左边对高颅顶的执着,1025.02,5,16707842,2022-11-08 10:10:56,843953561,6,任务6 交友行动,间谍过家家 粤配版,345974173
厕纸噩梦的源头,681.834,1,16777215,2022-10-22 19:49:36,843953561,6,任务6 交友行动,间谍过家家 粤配版,345974173
被迫随缘（无奈）,358.893,1,16777215,2022-10-21 19:20:48,843953561,6,任务6 交友行动,间谍过家家 粤配版,345974173
西—瓜—！无籽西瓜——,647.869,1,16777215,2022-10-27 02:36:27,843953561,6,任务6 交友行动,间谍过家家 粤配版,345974173
真喺咏春了,718.696,1,16777215,2022-10-16 16:54:06,843953561,6,任务6 交友行动,间谍过家家 粤配版,345974173
⌓‿⌓,1082.278,5,16777215,2022-10-16 12:44:15,843953561,6,任务6 交友行动,间谍过家家 粤配版,345974173
右上角次子一个人,1334.938,1,16777215,2022-10-15 20:03:31,843953561,6,任务6 交友行动,间谍过家家 粤配版,345974173
粤配版有一种看叶问的感觉,520.527,1,16777215,2022-10-15 19:41:51,843953561,6,任务6 交友行动,间谍过家家 粤配版,345974173
明显就系专登吓人地靓妹,176.375,1,16777215,2022-11-01 17:47:17,843953561,6,任务6 交友行动,间谍过家家 粤配版,345974173
好型啊！！！！！,601.626,5,16777215,2022-10-22 17:00:18,843953561,6,任务6 交友行动,间谍过家家 粤配版,345974173
收获小迷妹一枚,1264.317,5,14811775,2022-10-16 17:09:02,843953561,6,任务6 交友行动,间谍过家家 粤配版,345974173
阿尼亚卡哇伊     卡哇伊卡哇伊,443.797,5,14811775,2022-10-15 18:10:53,843953561,6,任务6 交友行动,间谍过家家 粤配版,345974173
练拳度雷劫,720.897,1,16777215,2022-10-30 23:12:05,843953561,6,任务6 交友行动,间谍过家家 粤配版,345974173
单刀直入阿尼亚,1064.829,1,16777215,2022-10-26 01:14:29,843953561,6,任务6 交友行动,间谍过家家 粤配版,345974173
瞬间攻略,1267.753,1,16777215,2022-10-16 20:14:24,843953561,6,任务6 交友行动,间谍过家家 粤配版,345974173
阿尼亚总是无意中攻略了贝姬,1267.388,1,16777215,2023-01-16 14:05:08,843953561,6,任务6 交友行动,间谍过家家 粤配版,345974173
这个班多少有点卧虎藏龙了,915.154,5,15138834,2022-12-24 18:25:52,843953561,6,任务6 交友行动,间谍过家家 粤配版,345974173
这不是英语是法语…,222.705,5,16777215,2022-11-04 22:19:39,843953561,6,任务6 交友行动,间谍过家家 粤配版,345974173
次子的噩梦从混混开始,684.432,1,16777215,2022-10-23 22:43:01,843953561,6,任务6 交友行动,间谍过家家 粤配版,345974173
现学现卖,1214.545,1,16777215,2022-10-23 01:38:58,843953561,6,任务6 交友行动,间谍过家家 粤配版,345974173
鸡蛋碎了，呜呜,596.753,1,16777215,2022-10-22 21:47:35,843953561,6,任务6 交友行动,间谍过家家 粤配版,345974173
挺像哈利波特里面魔法部的设计,300.257,1,16777215,2022-10-22 19:56:17,843953561,6,任务6 交友行动,间谍过家家 粤配版,345974173
⌓‿⌓,1097.888,5,14811775,2022-10-15 18:31:11,843953561,6,任务6 交友行动,间谍过家家 粤配版,345974173
父母的言传身教还是有用的。,1240.253,1,16777215,2022-12-24 16:24:21,843953561,6,任务6 交友行动,间谍过家家 粤配版,345974173
班房粤语中也有牢房的意思,984.527,1,16777215,2022-10-30 02:50:37,843953561,6,任务6 交友行动,间谍过家家 粤配版,345974173
哈哈哈哈哈整整齐齐的一家人,1339.701,1,16777215,2022-10-22 10:32:25,843953561,6,任务6 交友行动,间谍过家家 粤配版,345974173
哈哈哈哈操心的爹地,922.364,5,16777215,2022-12-07 18:44:51,843953561,6,任务6 交友行动,间谍过家家 粤配版,345974173
右上角达米安,1334.499,5,16777215,2022-10-27 21:31:20,843953561,6,任务6 交友行动,间谍过家家 粤配版,345974173
瓜神当场畏了,179.218,1,16777215,2022-10-15 18:28:25,843953561,6,任务6 交友行动,间谍过家家 粤配版,345974173
娃娃姬从小抓起,1261.86,1,16777215,2023-01-06 12:48:32,843953561,6,任务6 交友行动,间谍过家家 粤配版,345974173
华府省实,151.497,1,16777215,2022-12-16 07:58:48,843953561,6,任务6 交友行动,间谍过家家 粤配版,345974173
瓜神四舍五入零米,107.034,1,16777215,2022-11-17 21:08:55,843953561,6,任务6 交友行动,间谍过家家 粤配版,345974173
哈哈哈哈昏爹吐槽役好搞笑哈哈哈,936.204,1,16777215,2022-11-15 21:36:25,843953561,6,任务6 交友行动,间谍过家家 粤配版,345974173
皇家防身术,548.305,5,15138834,2022-11-13 20:53:10,843953561,6,任务6 交友行动,间谍过家家 粤配版,345974173
八星八雷的阿尼亚大魔王,427.486,1,16777215,2022-10-30 01:13:19,843953561,6,任务6 交友行动,间谍过家家 粤配版,345974173
次子没有家人来啊,1335.314,1,16777215,2022-10-28 19:21:48,843953561,6,任务6 交友行动,间谍过家家 粤配版,345974173
三句不离优雅,1000.439,1,16776960,2022-10-23 11:00:27,843953561,6,任务6 交友行动,间谍过家家 粤配版,345974173
王滴学徒（,767.802,1,16777215,2022-10-22 22:02:32,843953561,6,任务6 交友行动,间谍过家家 粤配版,345974173
有那味了,114.951,1,16777215,2022-10-16 11:18:48,843953561,6,任务6 交友行动,间谍过家家 粤配版,345974173
厕纸～,834.993,1,16777215,2022-10-15 20:26:06,843953561,6,任务6 交友行动,间谍过家家 粤配版,345974173
什么风衣这么帅气我也要啊啊啊,266.812,5,16777215,2024-05-08 23:05:57,843953561,6,任务6 交友行动,间谍过家家 粤配版,345974173
喂！！好搞笑哈哈哈~,935.773,1,16777215,2022-11-07 13:29:49,843953561,6,任务6 交友行动,间谍过家家 粤配版,345974173
提升毒物抗性呗,513.37,1,16777215,2022-11-02 21:43:32,843953561,6,任务6 交友行动,间谍过家家 粤配版,345974173
顺拐了,877.671,1,16777215,2022-10-26 00:13:03,843953561,6,任务6 交友行动,间谍过家家 粤配版,345974173
次子危,686.738,1,16777215,2022-10-15 23:12:32,843953561,6,任务6 交友行动,间谍过家家 粤配版,345974173
八星八雷上将（滑稽。jpg）,416.211,1,16777215,2024-11-28 12:41:09,843953561,6,任务6 交友行动,间谍过家家 粤配版,345974173
结婚没几天就喊人吃外卖,294.944,1,16777215,2023-08-06 18:19:59,843953561,6,任务6 交友行动,间谍过家家 粤配版,345974173
这追番多是一件美事啊,97.206,5,16707842,2022-11-20 17:46:58,843953561,6,任务6 交友行动,间谍过家家 粤配版,345974173
一拳定情,1199.411,1,16777215,2022-11-04 22:50:32,843953561,6,任务6 交友行动,间谍过家家 粤配版,345974173
名场面,1078.743,1,16777215,2022-10-31 16:01:30,843953561,6,任务6 交友行动,间谍过家家 粤配版,345974173
冷衫=毛衣,209.711,1,14811775,2022-10-24 21:29:25,843953561,6,任务6 交友行动,间谍过家家 粤配版,345974173
地表最强生物范马狩猎姿态,258.706,1,16777215,2022-10-19 02:14:33,843953561,6,任务6 交友行动,间谍过家家 粤配版,345974173
好LEN优雅,1270.036,1,16777215,2022-10-16 22:12:10,843953561,6,任务6 交友行动,间谍过家家 粤配版,345974173
传递员的配音好搞笑,238.533,1,16777215,2022-10-16 16:56:30,843953561,6,任务6 交友行动,间谍过家家 粤配版,345974173
除咗煮饭,507.203,1,16777215,2023-08-26 01:55:46,843953561,6,任务6 交友行动,间谍过家家 粤配版,345974173
光遇古惑仔,378.71,1,16777215,2022-11-19 15:39:30,843953561,6,任务6 交友行动,间谍过家家 粤配版,345974173
冷是法语的音译,191.154,1,16777215,2022-10-22 18:03:41,843953561,6,任务6 交友行动,间谍过家家 粤配版,345974173
好得意啊！！！！,134.847,5,16777215,2022-10-22 16:51:28,843953561,6,任务6 交友行动,间谍过家家 粤配版,345974173
哈哈，两毫米,121.842,1,16777215,2022-10-22 10:28:05,843953561,6,任务6 交友行动,间谍过家家 粤配版,345974173
太像女生了这个声音,1048.92,1,16777215,2022-10-20 15:31:27,843953561,6,任务6 交友行动,间谍过家家 粤配版,345974173
攻略目标出现偏差,1264.594,5,16777215,2022-10-16 05:33:04,843953561,6,任务6 交友行动,间谍过家家 粤配版,345974173
优雅顺拐人,874.741,1,16777215,2022-10-15 20:54:46,843953561,6,任务6 交友行动,间谍过家家 粤配版,345974173
同手同脚哈哈哈哈哈,873.067,1,16777215,2022-10-15 18:49:21,843953561,6,任务6 交友行动,间谍过家家 粤配版,345974173
系优雅老坑！,945.938,1,16777215,2023-01-04 12:39:58,843953561,6,任务6 交友行动,间谍过家家 粤配版,345974173
！已经开始期待次子配音了,820.678,1,16777215,2022-11-13 15:04:50,843953561,6,任务6 交友行动,间谍过家家 粤配版,345974173
自己执生啦哈哈哈,986.627,1,16777215,2022-10-23 20:17:17,843953561,6,任务6 交友行动,间谍过家家 粤配版,345974173
一网打尽，都是我的,924.049,1,16777215,2022-10-23 01:01:39,843953561,6,任务6 交友行动,间谍过家家 粤配版,345974173
前面，因为约尔根本分不清瓜和菜,652.551,1,16777215,2022-10-22 00:45:38,843953561,6,任务6 交友行动,间谍过家家 粤配版,345974173
旁边那位怎么还在,945.391,1,16777215,2022-10-21 19:54:01,843953561,6,任务6 交友行动,间谍过家家 粤配版,345974173
哈哈哈,936.104,1,16707842,2022-10-16 10:13:48,843953561,6,任务6 交友行动,间谍过家家 粤配版,345974173
(꒪⌓꒪) ,1190.843,5,15138834,2022-10-15 18:50:01,843953561,6,任务6 交友行动,间谍过家家 粤配版,345974173
前方p能,209.613,5,16646914,2022-10-15 18:49:30,843953561,6,任务6 交友行动,间谍过家家 粤配版,345974173
你说你们惹她干嘛==,546.269,5,15138834,2022-10-15 18:35:55,843953561,6,任务6 交友行动,间谍过家家 粤配版,345974173
次子的噩梦起源,678.437,5,16777215,2024-03-15 06:41:47,843953561,6,任务6 交友行动,间谍过家家 粤配版,345974173
一次攻略俩，太优雅了！！,1272.204,1,16777215,2024-02-26 11:39:36,843953561,6,任务6 交友行动,间谍过家家 粤配版,345974173
有超能力，易过借火啦,781.172,1,16776960,2023-12-18 01:29:58,843953561,6,任务6 交友行动,间谍过家家 粤配版,345974173
边渡有次子,831.137,1,16777215,2022-12-11 19:41:29,843953561,6,任务6 交友行动,间谍过家家 粤配版,345974173
小孩子读不准也很正常啦，不用纠结松茸啦,1125.57,1,16777215,2022-11-05 17:48:21,843953561,6,任务6 交友行动,间谍过家家 粤配版,345974173
不打不相识,1306.087,1,16755370,2022-10-29 00:28:32,843953561,6,任务6 交友行动,间谍过家家 粤配版,345974173
啊~~~~~~~~~~,777.18,1,16777215,2022-10-26 16:21:15,843953561,6,任务6 交友行动,间谍过家家 粤配版,345974173
次子飞天拳,1231.497,1,16777215,2022-10-23 19:23:30,843953561,6,任务6 交友行动,间谍过家家 粤配版,345974173
词穷哈哈哈,1128.143,1,16777215,2022-10-22 10:28:37,843953561,6,任务6 交友行动,间谍过家家 粤配版,345974173
好LEN优雅,1005.333,1,16777215,2022-10-16 22:05:55,843953561,6,任务6 交友行动,间谍过家家 粤配版,345974173
优雅的恋爱,1011.009,1,16777215,2022-10-15 20:19:44,843953561,6,任务6 交友行动,间谍过家家 粤配版,345974173
“打”好关系,863.382,1,16777215,2022-10-15 20:00:37,843953561,6,任务6 交友行动,间谍过家家 粤配版,345974173
光遇可以联动阿尼亚出一个帝王生斗篷,772.278,1,16777215,2023-12-04 12:24:02,843953561,6,任务6 交友行动,间谍过家家 粤配版,345974173
还不如直接拿8雷震惊世人,790.853,5,16776960,2023-02-02 23:52:48,843953561,6,任务6 交友行动,间谍过家家 粤配版,345974173
原来系太子爷,1033.81,1,16777215,2023-01-27 16:09:05,843953561,6,任务6 交友行动,间谍过家家 粤配版,345974173
自己执生啦,976.286,1,16777215,2022-11-06 16:57:01,843953561,6,任务6 交友行动,间谍过家家 粤配版,345974173
应该配上一拳超人的表情,1193.779,1,16777215,2022-11-01 19:48:58,843953561,6,任务6 交友行动,间谍过家家 粤配版,345974173
父愁者,1307.221,1,16777215,2022-10-30 13:29:41,843953561,6,任务6 交友行动,间谍过家家 粤配版,345974173
Elegant,991.121,5,16755370,2022-10-29 00:22:03,843953561,6,任务6 交友行动,间谍过家家 粤配版,345974173
吼咻仟,196.293,5,15138834,2022-10-26 23:33:15,843953561,6,任务6 交友行动,间谍过家家 粤配版,345974173
名场面,1080.957,5,16707842,2022-10-22 22:38:09,843953561,6,任务6 交友行动,间谍过家家 粤配版,345974173
现在反应过来，水星女海王的挑染哥跟次子各方面都好像,841.738,1,16777215,2022-10-22 21:43:51,843953561,6,任务6 交友行动,间谍过家家 粤配版,345974173
金鱼佬,571.258,5,16707842,2022-10-22 14:45:26,843953561,6,任务6 交友行动,间谍过家家 粤配版,345974173
次子：危,681.709,1,16777215,2022-10-17 10:56:19,843953561,6,任务6 交友行动,间谍过家家 粤配版,345974173
好得意啊,443.933,1,16777215,2022-10-15 18:48:41,843953561,6,任务6 交友行动,间谍过家家 粤配版,345974173
行动代号蕉,358.183,1,16777215,2023-08-26 00:40:53,843953561,6,任务6 交友行动,间谍过家家 粤配版,345974173
次子这个表情像谁来着，不记得了,1205.143,1,16777215,2023-03-15 17:17:08,843953561,6,任务6 交友行动,间谍过家家 粤配版,345974173
回归初心！,958.942,5,15138834,2023-01-30 01:03:00,843953561,6,任务6 交友行动,间谍过家家 粤配版,345974173
lang衫太对味了,188.755,1,16777215,2023-01-11 19:53:38,843953561,6,任务6 交友行动,间谍过家家 粤配版,345974173
异读字，g和k都可以，官方比较常用g,502.67,1,16777215,2022-11-23 02:50:32,843953561,6,任务6 交友行动,间谍过家家 粤配版,345974173
反正有报销,200.269,1,16777215,2022-11-15 11:45:20,843953561,6,任务6 交友行动,间谍过家家 粤配版,345974173
危 次子 危,1186.215,5,14811775,2022-10-23 17:16:32,843953561,6,任务6 交友行动,间谍过家家 粤配版,345974173
所以呢个是无魔法的霍格沃茨？,808.513,1,16777215,2022-10-22 23:37:03,843953561,6,任务6 交友行动,间谍过家家 粤配版,345974173
又5使你比,198.555,1,16777215,2022-10-22 23:24:54,843953561,6,任务6 交友行动,间谍过家家 粤配版,345974173
为什么是优雅的菜式,992.363,1,16777215,2022-10-22 19:30:30,843953561,6,任务6 交友行动,间谍过家家 粤配版,345974173
没事，洗洗还能吃,645.171,1,16777215,2022-10-21 18:41:57,843953561,6,任务6 交友行动,间谍过家家 粤配版,345974173
出来只抽,1133.557,1,16777215,2022-10-15 19:32:55,843953561,6,任务6 交友行动,间谍过家家 粤配版,345974173
左下角智慧的眼神,1333.766,1,16777215,2022-10-15 19:23:59,843953561,6,任务6 交友行动,间谍过家家 粤配版,345974173
笑死，今次真系开幕雷击,1311.951,1,16777215,2024-05-26 11:44:28,843953561,6,任务6 交友行动,间谍过家家 粤配版,345974173
字正腔圆的“所以”,611.727,5,16777215,2024-05-21 07:21:27,843953561,6,任务6 交友行动,间谍过家家 粤配版,345974173
⌓‿⌓⌓‿⌓⌓‿⌓⌓‿⌓⌓‿⌓⌓‿⌓⌓‿⌓⌓‿⌓⌓‿⌓⌓‿⌓⌓‿⌓⌓‿⌓,1138.627,1,16777215,2023-05-11 23:14:42,843953561,6,任务6 交友行动,间谍过家家 粤配版,345974173
阿妮亚手痒难耐，渴望打架！,1193.001,1,16777215,2022-12-29 00:23:38,843953561,6,任务6 交友行动,间谍过家家 粤配版,345974173
吓成荷包蛋www,161.403,1,16777215,2022-11-11 23:22:46,843953561,6,任务6 交友行动,间谍过家家 粤配版,345974173
粤语配音真的牛,124.754,1,16777215,2022-11-11 04:31:14,843953561,6,任务6 交友行动,间谍过家家 粤配版,345974173
厕纸：啊～看来只有自我攻略了,1276.167,1,15772458,2022-10-25 00:49:10,843953561,6,任务6 交友行动,间谍过家家 粤配版,345974173
对不起但是这个黑头发老师发型真的好像斯内普,735.354,1,16777215,2022-10-22 17:55:14,843953561,6,任务6 交友行动,间谍过家家 粤配版,345974173
次子只有一个人哎,1339.125,1,16777215,2022-10-21 22:26:25,843953561,6,任务6 交友行动,间谍过家家 粤配版,345974173
真•起晒眼火,1181.705,1,16777215,2022-10-21 21:06:15,843953561,6,任务6 交友行动,间谍过家家 粤配版,345974173
没打好关系！反而像仇人似的！,856.315,1,16777215,2022-10-21 08:43:59,843953561,6,任务6 交友行动,间谍过家家 粤配版,345974173
哈哈哈哈哈翻屋企食蕉,626.543,1,16777215,2022-10-15 21:37:11,843953561,6,任务6 交友行动,间谍过家家 粤配版,345974173
打好关系，重点在打,865.964,5,16777215,2025-03-31 21:47:26,843953561,6,任务6 交友行动,间谍过家家 粤配版,345974173
全部都是必要的支出,340.795,5,16777215,2024-06-11 21:41:56,843953561,6,任务6 交友行动,间谍过家家 粤配版,345974173
点解听成“dum骨”,678.147,5,16777215,2024-05-21 03:43:58,843953561,6,任务6 交友行动,间谍过家家 粤配版,345974173
老夫亲神助攻,830.141,1,16777215,2024-05-02 07:54:25,843953561,6,任务6 交友行动,间谍过家家 粤配版,345974173
GG，你们的盒饭已送达,598.874,1,16707842,2024-01-27 03:12:57,843953561,6,任务6 交友行动,间谍过家家 粤配版,345974173
魔女养成,708.148,1,16777215,2023-12-27 00:28:01,843953561,6,任务6 交友行动,间谍过家家 粤配版,345974173
演技指导：道明寺,1170.813,1,16777215,2023-05-17 22:51:30,843953561,6,任务6 交友行动,间谍过家家 粤配版,345974173
粤语是读松茸的，去看正音字典,1114.458,1,16777215,2023-05-12 01:51:21,843953561,6,任务6 交友行动,间谍过家家 粤配版,345974173
真.开幕雷击,1313.794,1,16777215,2023-05-02 16:45:32,843953561,6,任务6 交友行动,间谍过家家 粤配版,345974173
优雅老坑！,957.649,1,16777215,2023-02-27 18:58:44,843953561,6,任务6 交友行动,间谍过家家 粤配版,345974173
次子 危,669.823,5,15138834,2023-01-28 12:26:53,843953561,6,任务6 交友行动,间谍过家家 粤配版,345974173
环卫:我谢谢你。,650.095,1,16777215,2022-11-19 12:04:54,843953561,6,任务6 交友行动,间谍过家家 粤配版,345974173
.社牛。,475.274,1,16777215,2022-11-17 21:15:19,843953561,6,任务6 交友行动,间谍过家家 粤配版,345974173
这次会断几根肋骨？,680.201,1,16777215,2022-10-31 18:05:50,843953561,6,任务6 交友行动,间谍过家家 粤配版,345974173
so鸠ry,1259.903,1,16646914,2022-10-30 14:40:25,843953561,6,任务6 交友行动,间谍过家家 粤配版,345974173
⌓‿⌓⌓‿⌓⌓‿⌓⌓‿⌓⌓‿⌓⌓‿⌓⌓‿⌓,1129.718,5,16776960,2022-10-27 17:29:53,843953561,6,任务6 交友行动,间谍过家家 粤配版,345974173
虚线裤子,825.645,1,16777215,2022-10-23 16:08:54,843953561,6,任务6 交友行动,间谍过家家 粤配版,345974173
嗨大人给松茸额,1106.005,5,8700107,2022-10-22 23:15:39,843953561,6,任务6 交友行动,间谍过家家 粤配版,345974173
现在收手还来得及,573.983,1,16777215,2022-10-22 21:19:35,843953561,6,任务6 交友行动,间谍过家家 粤配版,345974173
长头发洗头佬,738.475,1,16777215,2022-10-21 21:43:44,843953561,6,任务6 交友行动,间谍过家家 粤配版,345974173
lan衫=毛衣,202.342,1,16777215,2022-10-19 22:59:48,843953561,6,任务6 交友行动,间谍过家家 粤配版,345974173
次子！！,832.274,5,15138834,2022-10-16 11:55:40,843953561,6,任务6 交友行动,间谍过家家 粤配版,345974173
打 好关系,856.697,1,16777215,2022-10-16 09:56:20,843953561,6,任务6 交友行动,间谍过家家 粤配版,345974173
一箭三雕,1273.602,1,16777215,2022-10-16 01:56:08,843953561,6,任务6 交友行动,间谍过家家 粤配版,345974173
养孩子是真的烧钱。,196.654,1,16777215,2025-01-30 15:12:31,843953561,6,任务6 交友行动,间谍过家家 粤配版,345974173
打得一拳开，免遭百拳来,1196.262,1,16777215,2024-07-04 23:53:32,843953561,6,任务6 交友行动,间谍过家家 粤配版,345974173
炸厨房,527.313,1,16777215,2024-04-12 13:14:19,843953561,6,任务6 交友行动,间谍过家家 粤配版,345974173
在观察老师位置,1185.314,5,16777215,2024-01-14 09:24:03,843953561,6,任务6 交友行动,间谍过家家 粤配版,345974173
判定 黑桃9,1328.16,1,16777215,2023-12-29 22:06:07,843953561,6,任务6 交友行动,间谍过家家 粤配版,345974173
因为菜烂了，在无形当中躲过一劫,656.837,5,16777215,2023-09-07 15:52:53,843953561,6,任务6 交友行动,间谍过家家 粤配版,345974173
菜是菜！南瓜是南瓜！,648.014,1,16777215,2023-02-01 21:26:33,843953561,6,任务6 交友行动,间谍过家家 粤配版,345974173
那不是胡子，是画画的黑板,741.76,1,16777215,2023-01-12 16:27:13,843953561,6,任务6 交友行动,间谍过家家 粤配版,345974173
是不是多了一个0啊？很卑微的问一句。,87.065,1,16777215,2022-12-24 15:54:47,843953561,6,任务6 交友行动,间谍过家家 粤配版,345974173
坏人赶跑了，妈妈不用伤心了,664.114,1,16777215,2022-12-11 15:12:49,843953561,6,任务6 交友行动,间谍过家家 粤配版,345974173
哈哈哈老父亲脸都垮了,1307.985,1,16777215,2022-12-08 19:03:06,843953561,6,任务6 交友行动,间谍过家家 粤配版,345974173
次子好惨，因为父亲更喜欢长子,1341.698,5,15138834,2022-11-13 18:54:40,843953561,6,任务6 交友行动,间谍过家家 粤配版,345974173
前方高能预警,1094.609,1,16777215,2022-11-06 12:53:41,843953561,6,任务6 交友行动,间谍过家家 粤配版,345974173
帕露帕露帕露,144.181,1,16777215,2022-10-29 19:19:12,843953561,6,任务6 交友行动,间谍过家家 粤配版,345974173
如果阿尼亚说出父母的特征，那就惨了,1043.924,1,16777215,2022-10-29 10:25:47,843953561,6,任务6 交友行动,间谍过家家 粤配版,345974173
左手左脚,875.44,1,16755370,2022-10-29 00:19:03,843953561,6,任务6 交友行动,间谍过家家 粤配版,345974173
十三区,298.935,1,16777215,2022-10-26 21:48:28,843953561,6,任务6 交友行动,间谍过家家 粤配版,345974173
最大的误会：她喜欢我,902.528,1,16777215,2022-10-23 20:11:36,843953561,6,任务6 交友行动,间谍过家家 粤配版,345974173
太优雅了,1270.787,1,16777215,2022-10-23 10:59:50,843953561,6,任务6 交友行动,间谍过家家 粤配版,345974173
计划的一部分,340.019,1,16777215,2022-10-22 23:28:14,843953561,6,任务6 交友行动,间谍过家家 粤配版,345974173
康而寿就过分了23333333,1154.37,1,16777215,2022-10-21 21:30:52,843953561,6,任务6 交友行动,间谍过家家 粤配版,345974173
lang衫哈哈哈,210.439,1,16777215,2022-10-15 21:33:53,843953561,6,任务6 交友行动,间谍过家家 粤配版,345974173
次子，危,1072.621,1,16777215,2022-10-15 21:32:07,843953561,6,任务6 交友行动,间谍过家家 粤配版,345974173
水果忍者,625.791,1,16777215,2022-10-15 20:47:20,843953561,6,任务6 交友行动,间谍过家家 粤配版,345974173
⌓‿⌓​,1146.05,1,16777215,2022-10-15 20:36:27,843953561,6,任务6 交友行动,间谍过家家 粤配版,345974173
必杀轰击,1169.467,1,16777215,2022-10-15 19:32:08,843953561,6,任务6 交友行动,间谍过家家 粤配版,345974173
光遇可以联动阿尼亚出一个帝王生斗篷,760.144,5,16777215,2025-05-30 19:15:45,843953561,6,任务6 交友行动,间谍过家家 粤配版,345974173
慳啲啦粵語警察，粵語動畫片睇部少部，喺度阿吱阿咗,505.332,1,16777215,2024-05-22 19:07:50,843953561,6,任务6 交友行动,间谍过家家 粤配版,345974173
粤语真的好好玩,195.068,1,16777215,2023-06-24 21:32:37,843953561,6,任务6 交友行动,间谍过家家 粤配版,345974173
大人的松茸是什么鬼啊哈哈哈哈哈,1111.824,5,16707842,2023-01-17 19:51:00,843953561,6,任务6 交友行动,间谍过家家 粤配版,345974173
难过登天,779.51,1,16777215,2023-01-12 18:09:44,843953561,6,任务6 交友行动,间谍过家家 粤配版,345974173
从此这部番又多了几个人死了,547.347,5,15138834,2022-12-31 17:14:28,843953561,6,任务6 交友行动,间谍过家家 粤配版,345974173
两公婆,1278.346,1,16777215,2022-11-28 14:36:49,843953561,6,任务6 交友行动,间谍过家家 粤配版,345974173
危险!!!,528.423,5,15138834,2022-11-25 14:34:08,843953561,6,任务6 交友行动,间谍过家家 粤配版,345974173
.5个人800个心眼，好家伙。,1262.954,1,16777215,2022-11-17 21:28:39,843953561,6,任务6 交友行动,间谍过家家 粤配版,345974173
这种事情不要啊！,526.84,1,16777215,2022-11-17 15:24:51,843953561,6,任务6 交友行动,间谍过家家 粤配版,345974173
面部指导:小夫,1212.974,1,16777215,2022-11-16 18:34:00,843953561,6,任务6 交友行动,间谍过家家 粤配版,345974173
⌓‿⌓⌓‿⌓⌓‿⌓⌓‿⌓⌓‿⌓⌓‿⌓⌓‿⌓⌓‿⌓⌓‿⌓⌓‿⌓⌓‿⌓⌓‿⌓,1133.109,5,16777215,2022-11-11 18:59:41,843953561,6,任务6 交友行动,间谍过家家 粤配版,345974173
啊～～～～～～,787.609,1,16777215,2022-11-03 08:55:13,843953561,6,任务6 交友行动,间谍过家家 粤配版,345974173
优雅，实在是太优雅了,1104.087,1,16777215,2022-10-30 21:18:01,843953561,6,任务6 交友行动,间谍过家家 粤配版,345974173
果然系正中粤配，够地道,627.261,1,16777215,2022-10-30 21:10:02,843953561,6,任务6 交友行动,间谍过家家 粤配版,345974173
你被绑了，你旁边这两位能把对面祖先的坟都掘了,208.583,1,16777215,2022-10-30 19:54:41,843953561,6,任务6 交友行动,间谍过家家 粤配版,345974173
樱桃小丸子,1340.364,1,16777215,2022-10-29 10:32:41,843953561,6,任务6 交友行动,间谍过家家 粤配版,345974173
你怎么就问她啊，你沦陷了,1044.457,1,16777215,2022-10-23 03:46:17,843953561,6,任务6 交友行动,间谍过家家 粤配版,345974173
好可爱,134.303,1,16777215,2022-10-22 22:51:31,843953561,6,任务6 交友行动,间谍过家家 粤配版,345974173
镖参,673.815,1,16777215,2022-10-22 17:48:01,843953561,6,任务6 交友行动,间谍过家家 粤配版,345974173
格兰芬多,798.013,1,16777215,2022-10-22 10:40:04,843953561,6,任务6 交友行动,间谍过家家 粤配版,345974173
係鬆容無錯，輕鬆既鬆,1139.598,1,16777215,2022-10-22 04:42:19,843953561,6,任务6 交友行动,间谍过家家 粤配版,345974173
大人的松茸,1114.289,1,16777215,2022-10-21 19:24:06,843953561,6,任务6 交友行动,间谍过家家 粤配版,345974173
她叫瓜神,936.013,1,16777215,2022-10-21 19:21:08,843953561,6,任务6 交友行动,间谍过家家 粤配版,345974173
主不在乎！,1097.712,1,16777215,2022-10-21 18:48:53,843953561,6,任务6 交友行动,间谍过家家 粤配版,345974173
她看我了，她喜欢我！,898.831,1,16777215,2022-10-21 00:01:18,843953561,6,任务6 交友行动,间谍过家家 粤配版,345974173
摸头村村民震怒,666.586,1,16777215,2022-10-17 12:36:43,843953561,6,任务6 交友行动,间谍过家家 粤配版,345974173
Q爆镜,443.632,1,16777215,2022-10-16 21:59:48,843953561,6,任务6 交友行动,间谍过家家 粤配版,345974173
13区？,297.566,1,16777215,2022-10-16 13:20:44,843953561,6,任务6 交友行动,间谍过家家 粤配版,345974173
的确系song荣，不懂不要乱科普,1145.111,1,16777215,2025-02-09 02:26:25,843953561,6,任务6 交友行动,间谍过家家 粤配版,345974173
次子:危,708.178,1,16777215,2024-10-02 19:05:32,843953561,6,任务6 交友行动,间谍过家家 粤配版,345974173
⌓‿⌓,1094.009,1,16777215,2024-09-29 21:38:11,843953561,6,任务6 交友行动,间谍过家家 粤配版,345974173
腰马合一！,1192.185,5,15138834,2024-08-10 17:58:54,843953561,6,任务6 交友行动,间谍过家家 粤配版,345974173
注：以上事件均为幻想,858.834,5,16777215,2024-05-02 21:17:54,843953561,6,任务6 交友行动,间谍过家家 粤配版,345974173
依套校服，太似哈利波特啦,376.279,1,16776960,2023-12-18 01:20:08,843953561,6,任务6 交友行动,间谍过家家 粤配版,345974173
天知道贝贝南瓜有多难辟开,636.54,1,16777215,2023-12-10 02:26:27,843953561,6,任务6 交友行动,间谍过家家 粤配版,345974173
我以为我会不适应粤语，没想到太惊艳了,578.664,1,16777215,2023-11-30 22:20:07,843953561,6,任务6 交友行动,间谍过家家 粤配版,345974173
画面指导：德拉克马尔福,1046.866,1,16777215,2023-11-18 20:45:54,843953561,6,任务6 交友行动,间谍过家家 粤配版,345974173
粤配都配得好贴啊,1101.278,5,16777215,2023-10-01 22:16:03,843953561,6,任务6 交友行动,间谍过家家 粤配版,345974173
反复听了好几次 笑死我了,219.757,1,16777215,2023-03-09 12:41:27,843953561,6,任务6 交友行动,间谍过家家 粤配版,345974173
次子的噩梦起源,701.358,1,16777215,2023-01-29 22:36:55,843953561,6,任务6 交友行动,间谍过家家 粤配版,345974173
有谁敢在约尔的手上绑走阿尼亚。,476.799,1,16777215,2023-01-26 13:48:34,843953561,6,任务6 交友行动,间谍过家家 粤配版,345974173
打架见家长,1285.642,1,16777215,2023-01-19 23:08:25,843953561,6,任务6 交友行动,间谍过家家 粤配版,345974173
为什么要叫stella呢,393.962,1,16777215,2022-12-17 14:15:30,843953561,6,任务6 交友行动,间谍过家家 粤配版,345974173
我台词还没讲完,594.908,5,16777215,2022-12-15 17:34:28,843953561,6,任务6 交友行动,间谍过家家 粤配版,345974173
老父亲想灭了老板娘,173.682,1,16707842,2022-12-08 12:05:38,843953561,6,任务6 交友行动,间谍过家家 粤配版,345974173
吼优雅,1269.051,5,16777215,2022-11-18 19:42:21,843953561,6,任务6 交友行动,间谍过家家 粤配版,345974173
小玉秘技：走楼梯,308.738,1,16777215,2022-11-14 14:10:35,843953561,6,任务6 交友行动,间谍过家家 粤配版,345974173
好优雅！,1271.335,1,16777215,2022-11-08 12:51:12,843953561,6,任务6 交友行动,间谍过家家 粤配版,345974173
梨黑是吧，出警,497.119,1,16777215,2022-10-31 12:31:05,843953561,6,任务6 交友行动,间谍过家家 粤配版,345974173
人地阿四，勇啊,625.195,1,16777215,2022-10-23 23:21:17,843953561,6,任务6 交友行动,间谍过家家 粤配版,345974173
哈哈哈哈哈,792.195,1,16777215,2022-10-22 19:25:04,843953561,6,任务6 交友行动,间谍过家家 粤配版,345974173
你哋都未识死过,606.902,1,16777215,2022-10-22 19:23:40,843953561,6,任务6 交友行动,间谍过家家 粤配版,345974173
开幕雷击,1294.713,1,16777215,2022-10-22 18:29:35,843953561,6,任务6 交友行动,间谍过家家 粤配版,345974173
呆～毛～,101.288,1,16777215,2022-10-22 02:07:37,843953561,6,任务6 交友行动,间谍过家家 粤配版,345974173
乸渣招,409.682,1,16777215,2022-10-18 13:07:30,843953561,6,任务6 交友行动,间谍过家家 粤配版,345974173
好衰唔衰,1323.437,1,16777215,2022-10-17 23:57:47,843953561,6,任务6 交友行动,间谍过家家 粤配版,345974173
鐵咩！,1188.328,5,41194,2022-10-16 11:22:23,843953561,6,任务6 交友行动,间谍过家家 粤配版,345974173
阿齐,719.969,1,16777215,2022-10-16 00:39:53,843953561,6,任务6 交友行动,间谍过家家 粤配版,345974173
兔牙仔,1050.342,1,16777215,2022-10-15 20:52:11,843953561,6,任务6 交友行动,间谍过家家 粤配版,345974173
顺拐,891.582,1,16777215,2022-10-15 20:50:52,843953561,6,任务6 交友行动,间谍过家家 粤配版,345974173
有什么可能体型都一个样,922.065,1,16707842,2022-10-15 20:23:30,843953561,6,任务6 交友行动,间谍过家家 粤配版,345974173
咁都可以优雅,1272.678,1,16777215,2022-10-15 19:39:20,843953561,6,任务6 交友行动,间谍过家家 粤配版,345974173
女人，你就是不一样呢,898.96,1,16777215,2022-10-15 19:20:49,843953561,6,任务6 交友行动,间谍过家家 粤配版,345974173
OP贴脸，主角危险（doge）,0.0,5,15138834,2022-10-15 18:58:53,843953561,6,任务6 交友行动,间谍过家家 粤配版,345974173
反了他,736.638,5,16646914,2022-10-15 18:58:40,843953561,6,任务6 交友行动,间谍过家家 粤配版,345974173
边样打边样好接地气啊,559.694,1,16777215,2022-10-15 18:26:59,843953561,6,任务6 交友行动,间谍过家家 粤配版,345974173
她家的开支完全从东国西国的国库支出,1061.508,1,16777215,2025-10-13 14:55:06,843953561,6,任务6 交友行动,间谍过家家 粤配版,345974173
厨房保住了,666.128,5,16777215,2025-02-16 19:36:47,843953561,6,任务6 交友行动,间谍过家家 粤配版,345974173
男主这一套就是动画片同款吧。,295.334,1,16777215,2025-01-30 15:14:20,843953561,6,任务6 交友行动,间谍过家家 粤配版,345974173
这好像是后面这么多集以来女主唯一一件别的衣服。,126.874,1,16777215,2025-01-30 15:11:16,843953561,6,任务6 交友行动,间谍过家家 粤配版,345974173
执信？,156.947,1,16777215,2025-01-02 18:52:06,843953561,6,任务6 交友行动,间谍过家家 粤配版,345974173
玩 具 士 兵,876.185,5,15138834,2024-08-10 17:07:42,843953561,6,任务6 交友行动,间谍过家家 粤配版,345974173
错啦，“松”粤语音同“虫”啊啊啊,1115.495,1,16777215,2024-05-16 07:57:11,843953561,6,任务6 交友行动,间谍过家家 粤配版,345974173
阿尼亚，变身！,431.896,1,15138834,2024-05-03 22:41:43,843953561,6,任务6 交友行动,间谍过家家 粤配版,345974173
小混混 危,556.839,5,15138834,2023-12-24 16:39:38,843953561,6,任务6 交友行动,间谍过家家 粤配版,345974173
她黑化了，真的太有味道了,643.559,1,16777215,2023-12-21 12:30:34,843953561,6,任务6 交友行动,间谍过家家 粤配版,345974173
紧张到同手同脚行路,873.711,1,16776960,2023-12-18 01:32:33,843953561,6,任务6 交友行动,间谍过家家 粤配版,345974173
右上角的达米安好孤独啊,1335.751,1,16777215,2023-11-26 22:05:06,843953561,6,任务6 交友行动,间谍过家家 粤配版,345974173
好苏,754.263,5,16777215,2023-10-01 22:06:31,843953561,6,任务6 交友行动,间谍过家家 粤配版,345974173
我机雷,891.005,1,16777215,2023-08-18 21:24:31,843953561,6,任务6 交友行动,间谍过家家 粤配版,345974173
果然厉害的人可以为所欲为,358.267,1,16777215,2023-06-02 17:55:24,843953561,6,任务6 交友行动,间谍过家家 粤配版,345974173
从是多音字，从容就读sung,1118.66,1,15138834,2023-05-23 01:15:19,843953561,6,任务6 交友行动,间谍过家家 粤配版,345974173
格兰芬多,799.019,1,16777215,2023-01-27 14:50:57,843953561,6,任务6 交友行动,间谍过家家 粤配版,345974173
要在压力面前保持优雅～,1097.66,1,16777215,2023-01-13 14:30:09,843953561,6,任务6 交友行动,间谍过家家 粤配版,345974173
魔法部了属于是,299.6,1,16777215,2023-01-09 18:22:23,843953561,6,任务6 交友行动,间谍过家家 粤配版,345974173
谁是谁的跟班？,935.284,1,16777215,2023-01-05 21:56:42,843953561,6,任务6 交友行动,间谍过家家 粤配版,345974173
这表情笑死我,1206.29,1,16777215,2022-12-04 22:14:51,843953561,6,任务6 交友行动,间谍过家家 粤配版,345974173
粤语是古汉语，英语直译我们了,241.597,1,16777215,2022-11-18 15:38:40,843953561,6,任务6 交友行动,间谍过家家 粤配版,345974173
笑到肚痛,1325.173,1,16777215,2022-11-18 03:17:01,843953561,6,任务6 交友行动,间谍过家家 粤配版,345974173
笑死 这个太子爷真好钓,1042.674,1,16777215,2022-11-16 23:26:59,843953561,6,任务6 交友行动,间谍过家家 粤配版,345974173
好优雅,1271.611,1,16777215,2022-11-13 00:11:49,843953561,6,任务6 交友行动,间谍过家家 粤配版,345974173
买广告？,370.626,1,16777215,2022-11-09 03:53:03,843953561,6,任务6 交友行动,间谍过家家 粤配版,345974173
声线都好贴啊,1028.758,1,16777215,2022-11-09 00:45:38,843953561,6,任务6 交友行动,间谍过家家 粤配版,345974173
约 儿,711.976,5,15138834,2022-11-06 21:02:08,843953561,6,任务6 交友行动,间谍过家家 粤配版,345974173
聚齐七道闪电可召唤神龙,1324.486,1,16777215,2022-11-06 19:02:44,843953561,6,任务6 交友行动,间谍过家家 粤配版,345974173
不————————只因蛋!,600.909,1,16777215,2022-10-30 14:31:32,843953561,6,任务6 交友行动,间谍过家家 粤配版,345974173
股票 0   0   ,1018.576,1,16777215,2022-10-30 01:37:15,843953561,6,任务6 交友行动,间谍过家家 粤配版,345974173
系标参,169.723,1,16777215,2022-10-25 01:21:32,843953561,6,任务6 交友行动,间谍过家家 粤配版,345974173
《黑暗料理,564.615,1,16777215,2022-10-23 22:00:27,843953561,6,任务6 交友行动,间谍过家家 粤配版,345974173
粤语英文太好笑了,224.774,1,16777215,2022-10-23 08:27:24,843953561,6,任务6 交友行动,间谍过家家 粤配版,345974173
希内普,735.465,1,16777215,2022-10-21 19:16:51,843953561,6,任务6 交友行动,间谍过家家 粤配版,345974173
红凯:奥特曼桑   迪迦桑,290.181,1,16777215,2022-10-21 18:47:44,843953561,6,任务6 交友行动,间谍过家家 粤配版,345974173
有请西尔维亚,311.919,1,16777215,2022-10-21 18:37:03,843953561,6,任务6 交友行动,间谍过家家 粤配版,345974173
冇d效率 ,813.442,1,16777215,2022-10-18 01:31:30,843953561,6,任务6 交友行动,间谍过家家 粤配版,345974173
名场面,1092.817,1,16777215,2022-10-16 20:14:27,843953561,6,任务6 交友行动,间谍过家家 粤配版,345974173
瓜神被绑架的表情笑死人,592.245,1,16777215,2022-10-16 20:06:32,843953561,6,任务6 交友行动,间谍过家家 粤配版,345974173
⌓‿⌓​,1123.25,5,15138834,2022-10-15 20:58:16,843953561,6,任务6 交友行动,间谍过家家 粤配版,345974173
⊙⊿⊙☞,1219.381,1,16777215,2022-10-15 20:39:40,843953561,6,任务6 交友行动,间谍过家家 粤配版,345974173
细节右上角次子父母没来,1333.663,1,16777215,2026-01-18 12:18:33,843953561,6,任务6 交友行动,间谍过家家 粤配版,345974173
完啦，虚构的一家为什么这么有爱啊。,676.535,1,16777215,2025-07-04 12:12:34,843953561,6,任务6 交友行动,间谍过家家 粤配版,345974173
好诡异的弹幕,1144.756,1,16777215,2025-06-23 12:52:10,843953561,6,任务6 交友行动,间谍过家家 粤配版,345974173
次子要恨死那堆混混了,690.991,1,16777215,2025-05-18 20:22:51,843953561,6,任务6 交友行动,间谍过家家 粤配版,345974173
喜获雷电一个,1281.853,1,16777215,2025-04-10 00:38:47,843953561,6,任务6 交友行动,间谍过家家 粤配版,345974173
贝琪好可爱啊啊啊啊啊,1162.624,1,16777215,2025-03-05 20:02:44,843953561,6,任务6 交友行动,间谍过家家 粤配版,345974173
《这颗菜》,637.793,1,16777215,2024-12-30 16:30:24,843953561,6,任务6 交友行动,间谍过家家 粤配版,345974173
系读“虫”容，这里有点问题,1108.324,1,16777215,2024-09-20 12:07:44,843953561,6,任务6 交友行动,间谍过家家 粤配版,345974173
立法会副议长女儿,912.574,5,16777215,2024-09-01 16:01:06,843953561,6,任务6 交友行动,间谍过家家 粤配版,345974173
除佐Beyond唔知讲咩好,720.845,5,16777215,2024-09-01 15:55:08,843953561,6,任务6 交友行动,间谍过家家 粤配版,345974173
阿兹卡班,804.626,1,16777215,2024-07-29 12:32:31,843953561,6,任务6 交友行动,间谍过家家 粤配版,345974173
优雅，太优雅了,1269.935,1,16777215,2024-07-16 16:51:13,843953561,6,任务6 交友行动,间谍过家家 粤配版,345974173
一边有人脸识别屏幕，一边还在用老式相机,1332.213,1,16777215,2024-06-23 11:26:40,843953561,6,任务6 交友行动,间谍过家家 粤配版,345974173
《打》好关系,858.295,1,16777215,2024-05-26 11:37:19,843953561,6,任务6 交友行动,间谍过家家 粤配版,345974173
美女厨房，食咗入厂,531.368,1,16646914,2024-05-15 22:16:34,843953561,6,任务6 交友行动,间谍过家家 粤配版,345974173
不要啊，你们会死的,571.162,5,16707842,2024-05-07 17:11:47,843953561,6,任务6 交友行动,间谍过家家 粤配版,345974173
stella是拉丁语，西语estrella，法语estelle,406.222,1,16777215,2024-04-05 00:30:41,843953561,6,任务6 交友行动,间谍过家家 粤配版,345974173
⌓‿⌓⌓‿⌓⌓‿⌓⌓‿⌓⌓‿⌓,1146.492,5,16777215,2024-02-15 18:20:06,843953561,6,任务6 交友行动,间谍过家家 粤配版,345974173
一拳打出100%好感度,1303.885,1,16777215,2023-11-20 00:38:23,843953561,6,任务6 交友行动,间谍过家家 粤配版,345974173
我也想要个妈妈。,705.04,1,16777215,2023-11-13 21:19:27,843953561,6,任务6 交友行动,间谍过家家 粤配版,345974173
仇恨拉上了,931.0,1,16777215,2023-10-18 00:52:59,843953561,6,任务6 交友行动,间谍过家家 粤配版,345974173
约尔好会教啊,1091.059,1,16777215,2023-07-25 12:51:54,843953561,6,任务6 交友行动,间谍过家家 粤配版,345974173
雨露均沾,558.93,1,16777215,2023-05-31 18:35:21,843953561,6,任务6 交友行动,间谍过家家 粤配版,345974173
神仙队友,1239.765,1,16777215,2023-01-22 16:30:01,843953561,6,任务6 交友行动,间谍过家家 粤配版,345974173
得约尔真传,1195.282,1,16777215,2023-01-16 14:03:33,843953561,6,任务6 交友行动,间谍过家家 粤配版,345974173
⌓‿⌓⌓‿⌓⌓‿⌓⌓‿⌓⌓‿⌓⌓‿⌓,1139.325,1,16777215,2023-01-14 17:45:25,843953561,6,任务6 交友行动,间谍过家家 粤配版,345974173
名场面,1185.896,5,15138834,2023-01-06 13:48:18,843953561,6,任务6 交友行动,间谍过家家 粤配版,345974173
我唔乜嘢佣人，我系距老谋,628.842,1,16777215,2023-01-05 02:41:28,843953561,6,任务6 交友行动,间谍过家家 粤配版,345974173
危 达米安 危,684.053,1,16777215,2023-01-03 12:47:45,843953561,6,任务6 交友行动,间谍过家家 粤配版,345974173
比如士多啤梨，碧咸,251.934,1,16777215,2022-12-29 00:16:39,843953561,6,任务6 交友行动,间谍过家家 粤配版,345974173
你玩完了,583.412,1,16777215,2022-12-26 20:35:20,843953561,6,任务6 交友行动,间谍过家家 粤配版,345974173
细仔,838.53,1,16777215,2022-12-23 18:51:06,843953561,6,任务6 交友行动,间谍过家家 粤配版,345974173
你这彩椒咋这么多籽儿？,653.007,5,15138834,2022-12-16 19:53:47,843953561,6,任务6 交友行动,间谍过家家 粤配版,345974173
洪熙官：忍无可忍 无须再忍,1180.623,1,16777215,2022-12-03 20:03:29,843953561,6,任务6 交友行动,间谍过家家 粤配版,345974173
好萌啊次子的哭哭,1198.29,1,41194,2022-11-16 11:08:01,843953561,6,任务6 交友行动,间谍过家家 粤配版,345974173
爱丽丝学园,395.45,1,16777215,2022-11-16 01:23:41,843953561,6,任务6 交友行动,间谍过家家 粤配版,345974173
靓仔，你很有范嘛！,916.837,1,16777215,2022-11-10 20:20:31,843953561,6,任务6 交友行动,间谍过家家 粤配版,345974173
一拳定情,1196.624,5,15138834,2022-11-05 13:19:38,843953561,6,任务6 交友行动,间谍过家家 粤配版,345974173
绑架？敢吗？,175.013,1,16777215,2022-11-05 11:20:27,843953561,6,任务6 交友行动,间谍过家家 粤配版,345974173
开幕雷击,1330.682,1,6830715,2022-10-30 22:17:52,843953561,6,任务6 交友行动,间谍过家家 粤配版,345974173
路走窄了啊！！！,541.818,1,16777215,2022-10-29 10:39:34,843953561,6,任务6 交友行动,间谍过家家 粤配版,345974173
明明是效果拔群,1149.394,1,16777215,2022-10-28 00:38:50,843953561,6,任务6 交友行动,间谍过家家 粤配版,345974173
我想我已经看到婚后生活了,1199.873,1,16777215,2022-10-23 22:15:39,843953561,6,任务6 交友行动,间谍过家家 粤配版,345974173
啊～,786.329,1,15138834,2022-10-23 18:19:26,843953561,6,任务6 交友行动,间谍过家家 粤配版,345974173
几得意（挺可愛）會更河裡叭,897.447,1,16777215,2022-10-21 23:29:57,843953561,6,任务6 交友行动,间谍过家家 粤配版,345974173
谁需要来一记重拳,1188.578,1,16777215,2022-10-17 00:14:44,843953561,6,任务6 交友行动,间谍过家家 粤配版,345974173
欧拉,1188.377,5,6830715,2022-10-16 22:26:30,843953561,6,任务6 交友行动,间谍过家家 粤配版,345974173
小夫限定版,1204.394,5,15138834,2022-10-16 20:17:19,843953561,6,任务6 交友行动,间谍过家家 粤配版,345974173
放心，好感度是无限大的,1347.644,1,16777215,2022-10-15 21:49:57,843953561,6,任务6 交友行动,间谍过家家 粤配版,345974173
优雅,992.232,1,16777215,2022-10-15 21:25:48,843953561,6,任务6 交友行动,间谍过家家 粤配版,345974173
虽然看第三遍了，还是要笑死了,1314.006,1,16777215,2026-01-10 15:54:20,843953561,6,任务6 交友行动,间谍过家家 粤配版,345974173
次子:危,698.895,1,16777215,2025-12-21 15:24:04,843953561,6,任务6 交友行动,间谍过家家 粤配版,345974173
不安です,721.143,5,16777215,2025-12-01 23:53:14,843953561,6,任务6 交友行动,间谍过家家 粤配版,345974173
吔蕉啦笑死我了哈哈哈哈哈哈哈哈哈哈,623.52,1,16777215,2025-11-29 02:37:48,843953561,6,任务6 交友行动,间谍过家家 粤配版,345974173
男女校，應該是聖保羅,131.147,5,16740868,2025-11-15 10:58:45,843953561,6,任务6 交友行动,间谍过家家 粤配版,345974173
俘获cp头子,1260.614,1,16777215,2025-11-07 18:21:32,843953561,6,任务6 交友行动,间谍过家家 粤配版,345974173
很不安怎去优雅,437.933,1,16777215,2025-10-05 13:32:16,843953561,6,任务6 交友行动,间谍过家家 粤配版,345974173
权力的游戏,1043.435,1,16777215,2025-08-02 15:36:53,843953561,6,任务6 交友行动,间谍过家家 粤配版,345974173
一袋米能抗几楼,727.058,1,16777215,2025-07-27 00:15:50,843953561,6,任务6 交友行动,间谍过家家 粤配版,345974173
你经费超佐,333.617,1,16777215,2025-07-01 00:33:27,843953561,6,任务6 交友行动,间谍过家家 粤配版,345974173
去组织还要花钱…,300.273,1,16777215,2025-06-24 17:16:56,843953561,6,任务6 交友行动,间谍过家家 粤配版,345974173
光遇可以联动阿尼亚出一个帝王生斗篷,760.589,1,16777215,2025-05-30 19:15:50,843953561,6,任务6 交友行动,间谍过家家 粤配版,345974173
我想要阿妮娅的头发。,780.993,1,16777215,2025-05-18 20:25:47,843953561,6,任务6 交友行动,间谍过家家 粤配版,345974173
但是入学即打上交道,1332.795,1,16777215,2025-04-11 13:47:48,843953561,6,任务6 交友行动,间谍过家家 粤配版,345974173
辛辣天塞,728.406,1,16777215,2025-02-25 13:47:51,843953561,6,任务6 交友行动,间谍过家家 粤配版,345974173
又见民间大神challenge专业声优的发音,520.833,1,16777215,2025-02-25 13:44:10,843953561,6,任务6 交友行动,间谍过家家 粤配版,345974173
昏爹的声音好像伍六七啊！（Ky致歉,143.058,1,16777215,2025-02-23 13:44:40,843953561,6,任务6 交友行动,间谍过家家 粤配版,345974173
哈哈哈哈哈哈哈哈,698.434,1,16777215,2025-02-20 11:31:59,843953561,6,任务6 交友行动,间谍过家家 粤配版,345974173
228位阿尼亚排213,758.302,1,16777215,2025-01-04 14:07:44,843953561,6,任务6 交友行动,间谍过家家 粤配版,345974173
⌓‿⌓ ⌓‿⌓ ⌓‿⌓ ⌓‿⌓ ⌓‿⌓ ⌓‿⌓,1104.039,1,15772458,2024-10-20 10:29:06,843953561,6,任务6 交友行动,间谍过家家 粤配版,345974173
天选之人,749.511,1,16777215,2024-08-13 13:16:30,843953561,6,任务6 交友行动,间谍过家家 粤配版,345974173
睫毛蛮有魅力,898.975,5,16707842,2024-08-10 17:08:12,843953561,6,任务6 交友行动,间谍过家家 粤配版,345974173
次子 危,833.873,1,16777215,2024-06-23 16:27:39,843953561,6,任务6 交友行动,间谍过家家 粤配版,345974173
条数 啱嘅  ，条数 啱嘅  ！,213.564,1,16777215,2024-05-23 13:21:41,843953561,6,任务6 交友行动,间谍过家家 粤配版,345974173
轩达臣，究竟有冇人明,940.609,5,16777215,2024-05-21 03:49:03,843953561,6,任务6 交友行动,间谍过家家 粤配版,345974173
你得唔得啊,630.698,1,16777215,2024-05-14 00:44:20,843953561,6,任务6 交友行动,间谍过家家 粤配版,345974173
系我啊哈哈哈哈哈在咗省实嘅时候真系被人bullying咗没脸睇,160.104,1,16777215,2024-05-09 00:12:25,843953561,6,任务6 交友行动,间谍过家家 粤配版,345974173
⌓‿⌓⌓‿⌓⌓‿⌓⌓‿⌓⌓‿⌓,1146.492,5,15138834,2024-02-15 18:20:26,843953561,6,任务6 交友行动,间谍过家家 粤配版,345974173
尼度友次子,849.679,1,16777215,2024-02-14 23:30:16,843953561,6,任务6 交友行动,间谍过家家 粤配版,345974173
这明显就是法餐，说的是法语不是英语,224.795,1,16777215,2024-02-08 16:36:22,843953561,6,任务6 交友行动,间谍过家家 粤配版,345974173
好像瓜弟,754.749,1,16777215,2023-12-17 21:41:35,843953561,6,任务6 交友行动,间谍过家家 粤配版,345974173
约尔真是大侠风范,1081.021,1,16777215,2023-12-10 20:54:37,843953561,6,任务6 交友行动,间谍过家家 粤配版,345974173
达米安——斯莱哲林,842.942,5,16777215,2023-12-08 13:26:35,843953561,6,任务6 交友行动,间谍过家家 粤配版,345974173
所以还是有例外的，次子的父母就没有来面试,857.919,1,16777215,2023-12-04 12:26:18,843953561,6,任务6 交友行动,间谍过家家 粤配版,345974173
佩姬在左上角，次子的俩跟班好显眼。,1340.174,1,16777215,2023-11-30 13:00:11,843953561,6,任务6 交友行动,间谍过家家 粤配版,345974173
家暴啦,1189.18,5,16777215,2023-11-15 21:11:00,843953561,6,任务6 交友行动,间谍过家家 粤配版,345974173
⌓‿⌓⌓‿⌓⌓‿⌓,1105.366,1,14811775,2023-11-13 14:23:15,843953561,6,任务6 交友行动,间谍过家家 粤配版,345974173
危！,528.885,1,16777215,2023-11-07 17:50:32,843953561,6,任务6 交友行动,间谍过家家 粤配版,345974173
⌓‿⌓⌓‿⌓⌓‿⌓⌓‿⌓⌓‿⌓⌓‿⌓,1145.141,5,15138834,2023-09-16 21:44:48,843953561,6,任务6 交友行动,间谍过家家 粤配版,345974173
顺拐好可爱,875.618,5,14811775,2023-09-16 21:36:12,843953561,6,任务6 交友行动,间谍过家家 粤配版,345974173
这都是计划的亿部分,337.999,5,15138834,2023-09-16 21:26:58,843953561,6,任务6 交友行动,间谍过家家 粤配版,345974173
啊~~~~~~~~~~~~~~~~~,789.693,1,16777215,2023-07-31 10:01:08,843953561,6,任务6 交友行动,间谍过家家 粤配版,345974173
⌓‿⌓​,1121.789,1,16777215,2023-07-21 00:05:20,843953561,6,任务6 交友行动,间谍过家家 粤配版,345974173
这里应该是没出息吧,1088.671,1,16777215,2023-07-14 21:49:35,843953561,6,任务6 交友行动,间谍过家家 粤配版,345974173
马尔福即视感,1023.289,1,16777215,2023-07-04 19:04:48,843953561,6,任务6 交友行动,间谍过家家 粤配版,345974173
危 阿尼亚 危,529.746,1,16777215,2023-06-24 21:38:23,843953561,6,任务6 交友行动,间谍过家家 粤配版,345974173
，非战斗人员请撤离,243.246,1,16777215,2023-04-06 01:38:15,843953561,6,任务6 交友行动,间谍过家家 粤配版,345974173
世上还赞颂沉默吗~~~~,753.798,1,16777215,2023-01-29 00:41:06,843953561,6,任务6 交友行动,间谍过家家 粤配版,345974173
好衰不衰,1325.032,1,16777215,2023-01-11 20:18:23,843953561,6,任务6 交友行动,间谍过家家 粤配版,345974173
格兰芬多！,810.625,1,16777215,2023-01-06 12:43:46,843953561,6,任务6 交友行动,间谍过家家 粤配版,345974173
想笑死我,1345.344,1,16777215,2022-12-22 12:38:05,843953561,6,任务6 交友行动,间谍过家家 粤配版,345974173
华附笑死,135.601,1,16777215,2022-12-19 23:50:05,843953561,6,任务6 交友行动,间谍过家家 粤配版,345974173
⊙⊿⊙☞⊙⊿⊙☞⊙⊿⊙☞,1215.762,1,16777215,2022-11-23 13:23:37,843953561,6,任务6 交友行动,间谍过家家 粤配版,345974173
⌓‿⌓ ⌓‿⌓ ⌓‿⌓ ⌓‿⌓ ⌓‿⌓ ⌓‿⌓,1103.098,1,16777215,2022-11-14 21:50:07,843953561,6,任务6 交友行动,间谍过家家 粤配版,345974173
怕了？,1199.611,5,15138834,2022-11-13 21:06:36,843953561,6,任务6 交友行动,间谍过家家 粤配版,345974173
黎 含 巴 郎 都 系 计  划 的一 部 分,335.728,5,16777215,2022-11-13 20:30:57,843953561,6,任务6 交友行动,间谍过家家 粤配版,345974173
系保镖,637.362,1,16777215,2022-11-13 05:30:10,843953561,6,任务6 交友行动,间谍过家家 粤配版,345974173
万物皆可优雅,997.798,1,38979,2022-11-11 02:49:21,843953561,6,任务6 交友行动,间谍过家家 粤配版,345974173
13区！！！,296.762,5,8700107,2022-11-09 13:06:17,843953561,6,任务6 交友行动,间谍过家家 粤配版,345974173
危（指混混）,539.446,1,16777215,2022-11-07 19:39:35,843953561,6,任务6 交友行动,间谍过家家 粤配版,345974173
孖鞭妹的配音应该系故意读错的,1116.497,1,16777215,2022-10-31 12:50:36,843953561,6,任务6 交友行动,间谍过家家 粤配版,345974173
掌学生,1021.061,1,16755370,2022-10-29 00:22:57,843953561,6,任务6 交友行动,间谍过家家 粤配版,345974173
⌓‿⌓,1106.186,1,16777215,2022-10-22 17:18:17,843953561,6,任务6 交友行动,间谍过家家 粤配版,345974173
⌓‿⌓​,1094.235,1,16777215,2022-10-22 06:22:58,843953561,6,任务6 交友行动,间谍过家家 粤配版,345974173
马尔福,1029.62,1,16777215,2022-10-21 22:03:31,843953561,6,任务6 交友行动,间谍过家家 粤配版,345974173
松cung4茸jung4,1110.747,1,16777215,2022-10-18 23:59:48,843953561,6,任务6 交友行动,间谍过家家 粤配版,345974173
哈哈哈哈哈,232.343,1,16777215,2022-10-15 21:34:41,843953561,6,任务6 交友行动,间谍过家家 粤配版,345974173
是没出息吧？,1089.051,1,16777215,2022-10-15 19:22:39,843953561,6,任务6 交友行动,间谍过家家 粤配版,345974173
反复强调,990.762,5,41194,2022-10-15 18:43:20,843953561,6,任务6 交友行动,间谍过家家 粤配版,345974173
天呐。惹了杀手到不敢惹的人,625.075,1,16777215,2026-04-01 01:45:51,843953561,6,任务6 交友行动,间谍过家家 粤配版,345974173
好可爱！！！！！！！！！！！！！！！！！！！！！！！！！！！！！！！,279.772,1,16777215,2026-03-31 18:18:26,843953561,6,任务6 交友行动,间谍过家家 粤配版,345974173
次子： 原來是你哋班友 搞到安尼亞學功夫 豈有此理,670.599,1,16777215,2026-03-15 17:39:47,843953561,6,任务6 交友行动,间谍过家家 粤配版,345974173
火火恍恍惚惚,1348.965,1,16777215,2026-03-09 21:20:20,843953561,6,任务6 交友行动,间谍过家家 粤配版,345974173
哈哈哈哈哈,1104.994,1,16777215,2026-03-09 21:15:45,843953561,6,任务6 交友行动,间谍过家家 粤配版,345974173
⌓‿⌓,1160.968,1,16777215,2026-03-08 21:03:20,843953561,6,任务6 交友行动,间谍过家家 粤配版,345974173
ang ang 我细个阵挥拳都咁讲,670.707,1,16777215,2026-03-08 00:15:35,843953561,6,任务6 交友行动,间谍过家家 粤配版,345974173
弊7！,533.556,1,16777215,2026-03-08 00:10:34,843953561,6,任务6 交友行动,间谍过家家 粤配版,345974173
丫丫一一,144.835,1,16777215,2026-03-02 21:51:34,843953561,6,任务6 交友行动,间谍过家家 粤配版,345974173
约儿换白衣服了，好美,123.775,1,16777215,2026-03-02 21:51:11,843953561,6,任务6 交友行动,间谍过家家 粤配版,345974173
要来了,1078.787,1,16777215,2026-02-25 00:45:44,843953561,6,任务6 交友行动,间谍过家家 粤配版,345974173
阿尼亚完全天使啊！,673.613,1,16777215,2026-02-23 18:36:42,843953561,6,任务6 交友行动,间谍过家家 粤配版,345974173
光遇（doge）,774.26,1,16777215,2026-02-16 19:20:56,843953561,6,任务6 交友行动,间谍过家家 粤配版,345974173
⌓‿⌓​,1121.961,1,16777215,2026-02-12 13:03:52,843953561,6,任务6 交友行动,间谍过家家 粤配版,345974173
小朋友读错好正常啦,1113.414,1,16777215,2026-02-07 22:32:08,843953561,6,任务6 交友行动,间谍过家家 粤配版,345974173
看见一脚能把人踢飞，就应该意识到不对了,636.2,1,16777215,2026-02-07 17:51:39,843953561,6,任务6 交友行动,间谍过家家 粤配版,345974173
大英雄 哈哈哈,400.039,1,16777215,2026-02-06 02:55:56,843953561,6,任务6 交友行动,间谍过家家 粤配版,345974173
贝姬上左二,1335.544,1,16777215,2026-01-18 12:19:53,843953561,6,任务6 交友行动,间谍过家家 粤配版,345974173
好可爱,447.557,1,16777215,2025-12-23 14:25:58,843953561,6,任务6 交友行动,间谍过家家 粤配版,345974173
这小子们要踩大雷了,548.144,1,16777215,2025-12-21 21:43:29,843953561,6,任务6 交友行动,间谍过家家 粤配版,345974173
優雅,1273.866,1,16777215,2025-12-21 15:40:07,843953561,6,任务6 交友行动,间谍过家家 粤配版,345974173
達米安福傑,856.67,1,16777215,2025-12-21 15:31:16,843953561,6,任务6 交友行动,间谍过家家 粤配版,345974173
次子,833.702,1,16777215,2025-12-21 15:29:49,843953561,6,任务6 交友行动,间谍过家家 粤配版,345974173
次子:我不知道安尼亞的犀利,731.314,1,16777215,2025-12-21 15:27:20,843953561,6,任务6 交友行动,间谍过家家 粤配版,345974173
打達米安乀,680.622,1,16777215,2025-12-21 15:22:22,843953561,6,任务6 交友行动,间谍过家家 粤配版,345974173
太优雅了,1275.041,1,16777215,2025-12-21 08:45:15,843953561,6,任务6 交友行动,间谍过家家 粤配版,345974173
前进前进前进进,460.601,1,16777215,2025-12-17 11:58:43,843953561,6,任务6 交友行动,间谍过家家 粤配版,345974173
⌓‿⌓,1154.705,1,16777215,2025-12-11 21:52:50,843953561,6,任务6 交友行动,间谍过家家 粤配版,345974173
粤语警察又来了,508.092,1,16777215,2025-12-07 11:30:32,843953561,6,任务6 交友行动,间谍过家家 粤配版,345974173
⌓‿⌓,1106.759,1,16777215,2025-12-05 13:55:26,843953561,6,任务6 交友行动,间谍过家家 粤配版,345974173
情绪价值拉满,451.543,1,16777215,2025-11-30 21:19:25,843953561,6,任务6 交友行动,间谍过家家 粤配版,345974173
幸好被阿尼亚揍了哈哈哈哈知道社会不易,1178.064,1,16777215,2025-11-29 22:45:50,843953561,6,任务6 交友行动,间谍过家家 粤配版,345974173
期待次子和贝姬的粤配哈哈哈哈哈哈,6.86,1,16777215,2025-11-29 02:20:27,843953561,6,任务6 交友行动,间谍过家家 粤配版,345974173
小夫,1211.521,1,41194,2025-11-24 23:40:02,843953561,6,任务6 交友行动,间谍过家家 粤配版,345974173
⌓‿⌓​,1171.091,1,15138834,2025-11-24 23:39:27,843953561,6,任务6 交友行动,间谍过家家 粤配版,345974173
绷不住了！！,223.701,1,16777215,2025-11-24 23:31:21,843953561,6,任务6 交友行动,间谍过家家 粤配版,345974173
astzk,816.135,1,16777215,2025-11-23 01:48:46,843953561,6,任务6 交友行动,间谍过家家 粤配版,345974173
⌓‿⌓,1134.424,1,16777215,2025-11-22 22:44:16,843953561,6,任务6 交友行动,间谍过家家 粤配版,345974173
⌓‿⌓,1114.574,1,16777215,2025-11-22 22:43:50,843953561,6,任务6 交友行动,间谍过家家 粤配版,345974173
笑鸠死人了,1125.453,1,16777215,2025-11-19 01:22:29,843953561,6,任务6 交友行动,间谍过家家 粤配版,345974173
哩煲大镬添,532.316,1,16777215,2025-11-19 01:12:18,843953561,6,任务6 交友行动,间谍过家家 粤配版,345974173
哇，靓姨,310.926,1,16777215,2025-11-19 01:07:52,843953561,6,任务6 交友行动,间谍过家家 粤配版,345974173
松容没读错的，觉得有错可以查正音字典,1112.016,1,16777215,2025-11-18 19:00:38,843953561,6,任务6 交友行动,间谍过家家 粤配版,345974173
⌓‿⌓,1094.7,1,16777215,2025-11-16 20:10:20,843953561,6,任务6 交友行动,间谍过家家 粤配版,345974173
⌓‿⌓,1108.745,1,16777215,2025-11-14 08:45:18,843953561,6,任务6 交友行动,间谍过家家 粤配版,345974173
这好像中世纪的神学院啊,385.534,1,16777215,2025-11-08 00:52:46,843953561,6,任务6 交友行动,间谍过家家 粤配版,345974173
Cp头子上线,909.222,1,16777215,2025-11-07 18:15:30,843953561,6,任务6 交友行动,间谍过家家 粤配版,345974173
好帅,287.741,1,16777215,2025-11-01 00:27:39,843953561,6,任务6 交友行动,间谍过家家 粤配版,345974173
好多粤语警察,1129.56,1,16777215,2025-10-08 10:42:11,843953561,6,任务6 交友行动,间谍过家家 粤配版,345974173
其实公费带娃好像也不错,359.021,1,16777215,2025-09-30 05:06:52,843953561,6,任务6 交友行动,间谍过家家 粤配版,345974173
哈哈哈哈哈哈哈好优雅,1275.239,1,16777215,2025-09-28 14:40:29,843953561,6,任务6 交友行动,间谍过家家 粤配版,345974173
咏春，阿尼亚,715.707,5,16777215,2025-09-27 22:46:35,843953561,6,任务6 交友行动,间谍过家家 粤配版,345974173
⌓‿⌓⌓‿⌓⌓‿⌓⌓‿⌓,1127.531,1,16777215,2025-09-17 06:26:08,843953561,6,任务6 交友行动,间谍过家家 粤配版,345974173
⌓‿⌓,1115.926,1,16777215,2025-09-17 06:25:47,843953561,6,任务6 交友行动,间谍过家家 粤配版,345974173
哈哈哈哈哈哈哈哈哈哈哈哈哈哈哈哈哈哈哈哈哈,628.668,1,16777215,2025-09-14 01:31:36,843953561,6,任务6 交友行动,间谍过家家 粤配版,345974173
黄昏的不安+N……hhhhh,1188.742,1,16777215,2025-09-11 01:01:17,843953561,6,任务6 交友行动,间谍过家家 粤配版,345974173
鸡仔班啊,916.052,5,16707842,2025-09-09 17:26:30,843953561,6,任务6 交友行动,间谍过家家 粤配版,345974173
打得一拳开，免得百拳来！,1199.168,1,16777215,2025-09-07 21:38:04,843953561,6,任务6 交友行动,间谍过家家 粤配版,345974173
阿尼亚：看到你就射眼火,1180.393,1,16777215,2025-09-06 19:41:46,843953561,6,任务6 交友行动,间谍过家家 粤配版,345974173
穿的都跟阿尼亚一样，肯定是暗恋她,750.658,1,16777215,2025-08-29 17:32:59,843953561,6,任务6 交友行动,间谍过家家 粤配版,345974173
哈哈哈哈哈哈,1098.486,1,16777215,2025-08-25 23:35:16,843953561,6,任务6 交友行动,间谍过家家 粤配版,345974173
哈哈哈,626.675,1,16777215,2025-08-25 23:27:17,843953561,6,任务6 交友行动,间谍过家家 粤配版,345974173
标森啊,594.297,1,16777215,2025-08-24 05:03:36,843953561,6,任务6 交友行动,间谍过家家 粤配版,345974173
就是小孩台词故意说错得啦,1131.077,1,16777215,2025-08-20 18:18:32,843953561,6,任务6 交友行动,间谍过家家 粤配版,345974173
超帅！！！,644.174,1,16777215,2025-08-18 22:59:19,843953561,6,任务6 交友行动,间谍过家家 粤配版,345974173
养细佬仔是这样啦,196.879,1,16777215,2025-08-06 11:17:12,843953561,6,任务6 交友行动,间谍过家家 粤配版,345974173
次子：岳母你,689.165,1,16777215,2025-08-03 23:21:39,843953561,6,任务6 交友行动,间谍过家家 粤配版,345974173
_ ⌓‿⌓,1107.688,1,16777215,2025-08-03 20:46:15,843953561,6,任务6 交友行动,间谍过家家 粤配版,345974173
不是你炒我係我炒你（错乱,633.822,1,16777215,2025-08-01 16:27:51,843953561,6,任务6 交友行动,间谍过家家 粤配版,345974173
⌓‿⌓,1103.527,1,16777215,2025-07-31 22:53:03,843953561,6,任务6 交友行动,间谍过家家 粤配版,345974173
正字就系song容,1134.435,1,16777215,2025-07-31 22:11:14,843953561,6,任务6 交友行动,间谍过家家 粤配版,345974173
法文啊……唔识听还笑人自我暴露,233.095,1,16777215,2025-07-31 21:52:45,843953561,6,任务6 交友行动,间谍过家家 粤配版,345974173
"正字就系读虚gou,自己一直读错还来扮指导",516.591,1,16777215,2025-07-31 21:49:07,843953561,6,任务6 交友行动,间谍过家家 粤配版,345974173
很细节右上角的次子没有家人陪伴,1341.694,1,16777215,2025-07-22 14:10:33,843953561,6,任务6 交友行动,间谍过家家 粤配版,345974173
石岐人,162.33,1,16777215,2025-07-22 13:58:50,843953561,6,任务6 交友行动,间谍过家家 粤配版,345974173
承包空屏,1401.964,1,16777215,2025-07-21 00:54:44,843953561,6,任务6 交友行动,间谍过家家 粤配版,345974173
方言版那就更炸裂了 ,113.228,1,16777215,2025-07-19 18:10:57,843953561,6,任务6 交友行动,间谍过家家 粤配版,345974173
痴線，白話“松”同“鬆”完全不同音，人哋冇讀錯,1122.536,1,16777215,2025-07-15 07:50:44,843953561,6,任务6 交友行动,间谍过家家 粤配版,345974173
我劝你们不要自误啊喂,578.706,1,16777215,2025-07-04 12:10:26,843953561,6,任务6 交友行动,间谍过家家 粤配版,345974173
对唔住 经费超佐,219.602,1,16777215,2025-07-01 00:31:33,843953561,6,任务6 交友行动,间谍过家家 粤配版,345974173
好优雅,1273.96,1,16777215,2025-06-04 23:33:49,843953561,6,任务6 交友行动,间谍过家家 粤配版,345974173
光遇古惑仔,386.216,1,16777215,2025-06-04 19:39:44,843953561,6,任务6 交友行动,间谍过家家 粤配版,345974173
优雅？为什么最后还要得到一道雷呢？,1274.262,1,16777215,2025-05-18 20:37:21,843953561,6,任务6 交友行动,间谍过家家 粤配版,345974173
好漂亮，能做壁纸吗？,1262.502,1,16777215,2025-05-18 20:36:59,843953561,6,任务6 交友行动,间谍过家家 粤配版,345974173
光遇联动过了吗？,778.673,1,16777215,2025-05-18 20:25:39,843953561,6,任务6 交友行动,间谍过家家 粤配版,345974173
No.,566.537,1,16777215,2025-05-18 20:20:07,843953561,6,任务6 交友行动,间谍过家家 粤配版,345974173
应该说me too,551.926,1,16777215,2025-05-18 20:19:47,843953561,6,任务6 交友行动,间谍过家家 粤配版,345974173
小混混。,537.726,1,16777215,2025-05-18 20:19:26,843953561,6,任务6 交友行动,间谍过家家 粤配版,345974173
笑吧，一会儿被绑架了，你就笑不出来了。,459.223,1,16777215,2025-05-18 20:18:09,843953561,6,任务6 交友行动,间谍过家家 粤配版,345974173
好浪费！！！,633.356,1,16777215,2025-05-18 09:51:23,843953561,6,任务6 交友行动,间谍过家家 粤配版,345974173
舍唔得姐姐,317.869,1,16777215,2025-05-04 11:58:06,843953561,6,任务6 交友行动,间谍过家家 粤配版,345974173
养细路边有唔烧钱啊,201.067,1,16777215,2025-04-23 16:47:48,843953561,6,任务6 交友行动,间谍过家家 粤配版,345974173
海军六式,631.122,1,16777215,2025-04-09 14:21:56,843953561,6,任务6 交友行动,间谍过家家 粤配版,345974173
⌓‿⌓,1097.484,5,16777215,2025-03-31 21:51:26,843953561,6,任务6 交友行动,间谍过家家 粤配版,345974173
呢滴擦鞋仔,1030.953,1,16777215,2025-03-28 22:52:37,843953561,6,任务6 交友行动,间谍过家家 粤配版,345974173
哇酷哇酷,316.249,1,16777215,2025-03-24 18:50:00,843953561,6,任务6 交友行动,间谍过家家 粤配版,345974173
都是p开头的单词，所以是p暗号,235.593,1,16777215,2025-03-09 06:37:25,843953561,6,任务6 交友行动,间谍过家家 粤配版,345974173
上个闪电先,1318.982,1,16777215,2025-03-07 19:32:30,843953561,6,任务6 交友行动,间谍过家家 粤配版,345974173
贝姬在左上角,1343.867,1,16777215,2025-03-05 20:06:51,843953561,6,任务6 交友行动,间谍过家家 粤配版,345974173
贝琪我女好可爱,1093.734,1,16777215,2025-03-05 20:01:26,843953561,6,任务6 交友行动,间谍过家家 粤配版,345974173
稍移玉步哈哈哈哈哈优雅,967.598,1,16777215,2025-03-05 19:58:53,843953561,6,任务6 交友行动,间谍过家家 粤配版,345974173
忍无可忍，无须再忍,1189.416,5,15138834,2025-02-28 10:50:36,843953561,6,任务6 交友行动,间谍过家家 粤配版,345974173
我猜他要用笑容震慑他了。,1086.955,1,16777215,2025-02-24 20:39:03,843953561,6,任务6 交友行动,间谍过家家 粤配版,345974173
可以偷点工费了。,183.553,1,16777215,2025-02-24 20:23:41,843953561,6,任务6 交友行动,间谍过家家 粤配版,345974173
没药king给啊修朋友,1034.539,1,16777215,2025-02-24 18:27:30,843953561,6,任务6 交友行动,间谍过家家 粤配版,345974173
哈哈哈,1189.211,1,16777215,2025-02-24 16:43:34,843953561,6,任务6 交友行动,间谍过家家 粤配版,345974173
太太真是唔识煮野食,286.442,1,16777215,2025-02-19 22:51:42,843953561,6,任务6 交友行动,间谍过家家 粤配版,345974173
炸裂粤语,109.425,1,16777215,2025-02-15 18:59:31,843953561,6,任务6 交友行动,间谍过家家 粤配版,345974173
是鸭嘴兽泰瑞,310.017,1,16777215,2025-02-13 02:10:29,843953561,6,任务6 交友行动,间谍过家家 粤配版,345974173
玉！,966.051,1,16707842,2025-02-09 13:35:46,843953561,6,任务6 交友行动,间谍过家家 粤配版,345974173
班房。。,962.198,1,16777215,2025-02-08 23:21:01,843953561,6,任务6 交友行动,间谍过家家 粤配版,345974173
其实是保镖来的,547.41,1,16777215,2025-02-08 19:57:51,843953561,6,任务6 交友行动,间谍过家家 粤配版,345974173
粉毛真的太优雅了,1163.879,1,16776960,2025-02-07 22:51:41,843953561,6,任务6 交友行动,间谍过家家 粤配版,345974173
哈哈哈哈哈哈哈哈哈哈哈哈！,624.844,5,16777215,2025-02-05 09:54:59,843953561,6,任务6 交友行动,间谍过家家 粤配版,345974173
异读个屁，喺何文汇呢条粉肠出现之前一直都读“扣”。,503.393,1,16777215,2025-02-05 09:51:33,843953561,6,任务6 交友行动,间谍过家家 粤配版,345974173
⌓‿⌓,1111.238,1,16777215,2025-02-03 01:19:38,843953561,6,任务6 交友行动,间谍过家家 粤配版,345974173
送人头的来了,542.845,1,16777215,2025-02-03 01:01:42,843953561,6,任务6 交友行动,间谍过家家 粤配版,345974173
其实听人心声都几惨,974.013,1,16777215,2025-02-02 13:52:09,843953561,6,任务6 交友行动,间谍过家家 粤配版,345974173
西语星星叫Stella,396.259,1,16777215,2025-02-01 22:42:26,843953561,6,任务6 交友行动,间谍过家家 粤配版,345974173
第一天,1315.373,1,16777215,2025-01-31 12:12:28,843953561,6,任务6 交友行动,间谍过家家 粤配版,345974173
一脸纯真的开打。,1195.733,1,16777215,2025-01-31 12:10:23,843953561,6,任务6 交友行动,间谍过家家 粤配版,345974173
基本每一件衣服都是名牌。,280.234,1,16777215,2025-01-30 15:14:00,843953561,6,任务6 交友行动,间谍过家家 粤配版,345974173
大话精,1206.303,1,16777215,2025-01-28 19:56:46,843953561,6,任务6 交友行动,间谍过家家 粤配版,345974173
ben,1340.511,1,16777215,2025-01-18 13:39:24,843953561,6,任务6 交友行动,间谍过家家 粤配版,345974173
应该係笔直先啱,343.699,1,16777215,2025-01-16 20:21:38,843953561,6,任务6 交友行动,间谍过家家 粤配版,345974173
用在价钱才会说个半的,103.315,1,16777215,2025-01-16 20:16:39,843953561,6,任务6 交友行动,间谍过家家 粤配版,345974173
⌓‿⌓⌓‿⌓⌓‿⌓⌓‿⌓⌓‿⌓⌓‿⌓⌓‿⌓⌓‿⌓⌓‿⌓⌓‿⌓⌓‿⌓⌓‿⌓⌓‿⌓⌓‿⌓⌓‿⌓⌓‿⌓⌓‿⌓⌓‿⌓⌓‿⌓⌓‿⌓⌓‿⌓⌓‿⌓⌓‿⌓⌓‿⌓⌓‿⌓⌓‿⌓⌓‿⌓⌓‿⌓⌓‿⌓⌓‿⌓⌓‿⌓⌓‿⌓⌓‿⌓⌓,1159.974,1,16777215,2025-01-12 19:12:02,843953561,6,任务6 交友行动,间谍过家家 粤配版,345974173
开始鸡娃,409.205,1,16777215,2025-01-12 18:59:26,843953561,6,任务6 交友行动,间谍过家家 粤配版,345974173
⌓‿⌓⌓‿⌓⌓‿⌓⌓‿⌓⌓‿⌓⌓‿⌓,1152.481,1,16777215,2025-01-09 09:08:08,843953561,6,任务6 交友行动,间谍过家家 粤配版,345974173
哈哈哈，港式英文就喺搞嘢,225.371,1,16777215,2024-12-29 23:56:41,843953561,6,任务6 交友行动,间谍过家家 粤配版,345974173
⌓‿⌓⌓‿⌓⌓‿⌓⌓‿⌓⌓‿⌓⌓‿⌓⌓‿⌓⌓‿⌓⌓‿⌓⌓‿⌓⌓‿⌓⌓‿⌓⌓‿⌓⌓‿⌓⌓‿⌓⌓‿⌓⌓‿⌓⌓‿⌓⌓‿⌓⌓‿⌓⌓‿⌓⌓‿⌓⌓‿⌓⌓‿⌓⌓‿⌓⌓‿⌓⌓‿⌓⌓‿⌓⌓‿⌓⌓‿⌓⌓‿⌓⌓‿⌓⌓‿⌓⌓,1145.655,1,16777215,2024-12-27 14:16:30,843953561,6,任务6 交友行动,间谍过家家 粤配版,345974173
安琪儿,930.216,1,16777215,2024-12-23 12:34:08,843953561,6,任务6 交友行动,间谍过家家 粤配版,345974173
老笠,492.451,1,16777215,2024-12-12 22:18:15,843953561,6,任务6 交友行动,间谍过家家 粤配版,345974173
卧槽？,1116.627,1,16777215,2024-12-12 20:05:35,843953561,6,任务6 交友行动,间谍过家家 粤配版,345974173
比雷劈,1019.605,1,16777215,2024-12-12 20:03:58,843953561,6,任务6 交友行动,间谍过家家 粤配版,345974173
佐敦轩达臣？,947.538,1,16777215,2024-12-12 20:02:45,843953561,6,任务6 交友行动,间谍过家家 粤配版,345974173
优雅,944.574,1,16777215,2024-12-12 20:02:33,843953561,6,任务6 交友行动,间谍过家家 粤配版,345974173
Donald ？,838.037,1,16777215,2024-12-12 20:00:36,843953561,6,任务6 交友行动,间谍过家家 粤配版,345974173
西奥多罗斯福,807.623,1,16777215,2024-12-12 19:59:48,843953561,6,任务6 交友行动,间谍过家家 粤配版,345974173
要做撒手,692.561,1,16777215,2024-12-12 00:02:14,843953561,6,任务6 交友行动,间谍过家家 粤配版,345974173
想上台成为晚餐,557.75,1,16777215,2024-12-11 23:56:50,843953561,6,任务6 交友行动,间谍过家家 粤配版,345974173
好得意,449.32,1,16777215,2024-12-10 22:01:41,843953561,6,任务6 交友行动,间谍过家家 粤配版,345974173
麻麻~,650.836,1,16777215,2024-12-10 21:21:15,843953561,6,任务6 交友行动,间谍过家家 粤配版,345974173
我突然之间身痕添,551.399,1,16777215,2024-12-03 20:16:49,843953561,6,任务6 交友行动,间谍过家家 粤配版,345974173
优雅老头,994.768,1,16777215,2024-11-14 19:46:21,843953561,6,任务6 交友行动,间谍过家家 粤配版,345974173
补药啊,532.025,1,16777215,2024-11-14 19:36:44,843953561,6,任务6 交友行动,间谍过家家 粤配版,345974173
眼露露,93.463,1,16777215,2024-11-13 17:16:57,843953561,6,任务6 交友行动,间谍过家家 粤配版,345974173
⌓‿⌓,1127.652,1,16777215,2024-11-11 13:56:39,843953561,6,任务6 交友行动,间谍过家家 粤配版,345974173
⌓‿⌓​,1159.965,1,16777215,2024-11-05 03:01:43,843953561,6,任务6 交友行动,间谍过家家 粤配版,345974173
哈哈哈哈,1104.435,1,16777215,2024-11-03 20:43:22,843953561,6,任务6 交友行动,间谍过家家 粤配版,345974173
哈哈哈,964.891,1,16777215,2024-11-03 20:42:00,843953561,6,任务6 交友行动,间谍过家家 粤配版,345974173
太优雅了,1277.373,1,16777215,2024-11-03 18:57:51,843953561,6,任务6 交友行动,间谍过家家 粤配版,345974173
我叫野菜,932.326,1,16777215,2024-10-28 22:52:01,843953561,6,任务6 交友行动,间谍过家家 粤配版,345974173
懒得戚,1125.869,1,16777215,2024-10-25 11:58:31,843953561,6,任务6 交友行动,间谍过家家 粤配版,345974173
绷不住了,222.687,1,16777215,2024-10-11 13:16:08,843953561,6,任务6 交友行动,间谍过家家 粤配版,345974173
摸头杀,665.133,1,16777215,2024-09-27 14:51:29,843953561,6,任务6 交友行动,间谍过家家 粤配版,345974173
寒得心,941.65,1,16777215,2024-09-24 01:47:00,843953561,6,任务6 交友行动,间谍过家家 粤配版,345974173
红温了,1125.437,1,16777215,2024-09-14 16:50:51,843953561,6,任务6 交友行动,间谍过家家 粤配版,345974173
安琪儿,930.791,1,15138834,2024-09-13 11:40:10,843953561,6,任务6 交友行动,间谍过家家 粤配版,345974173
⌓‿⌓,1098.607,1,16777215,2024-09-12 21:21:30,843953561,6,任务6 交友行动,间谍过家家 粤配版,345974173
⌓‿⌓⌓‿⌓⌓‿⌓,1138.258,1,16777215,2024-09-09 22:57:28,843953561,6,任务6 交友行动,间谍过家家 粤配版,345974173
阿姨把布尺拿出要抽小刀抹喉的感觉,143.148,1,16777215,2024-09-05 08:21:00,843953561,6,任务6 交友行动,间谍过家家 粤配版,345974173
⌓‿⌓​,1143.726,1,16777215,2024-09-01 20:08:15,843953561,6,任务6 交友行动,间谍过家家 粤配版,345974173
⌓‿⌓​,1135.07,1,16777215,2024-09-01 20:07:45,843953561,6,任务6 交友行动,间谍过家家 粤配版,345974173
⌓‿⌓,1141.028,1,16777215,2024-09-01 16:40:06,843953561,6,任务6 交友行动,间谍过家家 粤配版,345974173
⌓‿⌓,1106.48,1,16777215,2024-09-01 16:39:18,843953561,6,任务6 交友行动,间谍过家家 粤配版,345974173
实在是优雅,1006.994,1,16777215,2024-09-01 16:38:11,843953561,6,任务6 交友行动,间谍过家家 粤配版,345974173
右边李彩娇嘅仔,1019.152,5,16777215,2024-09-01 16:02:35,843953561,6,任务6 交友行动,间谍过家家 粤配版,345974173
期待次子的配音,963.066,1,16777215,2024-09-01 11:40:13,843953561,6,任务6 交友行动,间谍过家家 粤配版,345974173
不行打人啊。,1081.978,1,16777215,2024-08-26 14:41:48,843953561,6,任务6 交友行动,间谍过家家 粤配版,345974173
斯黛拉斯黛拉,430.925,1,16777215,2024-08-26 14:31:01,843953561,6,任务6 交友行动,间谍过家家 粤配版,345974173
差不多10万美元,329.744,1,16777215,2024-08-20 09:49:12,843953561,6,任务6 交友行动,间谍过家家 粤配版,345974173
⌓‿⌓⌓‿⌓⌓‿⌓⌓‿⌓⌓‿⌓⌓‿⌓⌓‿⌓⌓‿⌓⌓‿⌓⌓‿⌓⌓‿⌓⌓‿⌓,1140.423,1,16777215,2024-08-18 13:46:11,843953561,6,任务6 交友行动,间谍过家家 粤配版,345974173
这踢到的怕不是下界合金块,561.522,5,38979,2024-08-14 17:04:14,843953561,6,任务6 交友行动,间谍过家家 粤配版,345974173
土木工程学院！,827.585,1,16777215,2024-08-13 18:28:32,843953561,6,任务6 交友行动,间谍过家家 粤配版,345974173
太感动了！,1269.085,1,16777215,2024-08-13 13:27:52,843953561,6,任务6 交友行动,间谍过家家 粤配版,345974173
不打不打,1182.925,1,16777215,2024-08-13 13:26:11,843953561,6,任务6 交友行动,间谍过家家 粤配版,345974173
这个表情包好奇怪啊！,1103.305,1,16777215,2024-08-13 13:24:39,843953561,6,任务6 交友行动,间谍过家家 粤配版,345974173
次子,840.771,1,16777215,2024-08-13 13:18:18,843953561,6,任务6 交友行动,间谍过家家 粤配版,345974173
菜全烂了,647.631,1,16777215,2024-08-13 13:13:29,843953561,6,任务6 交友行动,间谍过家家 粤配版,345974173
可爱的闺蜜组,1281.011,1,16777215,2024-08-12 09:41:41,843953561,6,任务6 交友行动,间谍过家家 粤配版,345974173
大橘已定 ,1264.43,1,16777215,2024-08-10 21:24:26,843953561,6,任务6 交友行动,间谍过家家 粤配版,345974173
道明寺？,1172.221,1,16777215,2024-08-10 21:23:24,843953561,6,任务6 交友行动,间谍过家家 粤配版,345974173
⌓‿⌓⌓‿⌓⌓‿⌓⌓‿⌓⌓‿⌓⌓‿⌓,1150.13,1,16777215,2024-08-10 21:22:51,843953561,6,任务6 交友行动,间谍过家家 粤配版,345974173
开门红,1438.817,5,16707842,2024-08-10 18:02:36,843953561,6,任务6 交友行动,间谍过家家 粤配版,345974173
不应该是99个半吗？,103.314,1,16777215,2024-08-10 17:21:34,843953561,6,任务6 交友行动,间谍过家家 粤配版,345974173
徒手开南瓜,711.36,1,16777215,2024-08-10 17:03:54,843953561,6,任务6 交友行动,间谍过家家 粤配版,345974173
厕纸:咪啊外母大人,685.26,5,16777215,2024-08-07 19:05:40,843953561,6,任务6 交友行动,间谍过家家 粤配版,345974173
不注意应该听不到吧,577.566,5,16765698,2024-08-05 00:48:43,843953561,6,任务6 交友行动,间谍过家家 粤配版,345974173
乛>o<,1105.25,1,16777215,2024-08-03 20:24:37,843953561,6,任务6 交友行动,间谍过家家 粤配版,345974173
绑架＝帮嘠,215.827,1,16777215,2024-08-03 18:28:12,843953561,6,任务6 交友行动,间谍过家家 粤配版,345974173
稍移玉步味对了,968.701,1,16777215,2024-08-02 21:48:30,843953561,6,任务6 交友行动,间谍过家家 粤配版,345974173
sia用，讲sii用。。。。,1001.533,1,16777215,2024-07-30 22:55:02,843953561,6,任务6 交友行动,间谍过家家 粤配版,345974173
使用不是读洗用吗,1002.94,1,16777215,2024-07-23 11:34:23,843953561,6,任务6 交友行动,间谍过家家 粤配版,345974173
造型满分,714.12,1,16777215,2024-07-23 00:22:12,843953561,6,任务6 交友行动,间谍过家家 粤配版,345974173
提升了闺蜜好感也不错,1106.223,1,16777215,2024-07-19 21:34:25,843953561,6,任务6 交友行动,间谍过家家 粤配版,345974173
⌓‿⌓​,1167.418,1,16777215,2024-07-19 13:12:08,843953561,6,任务6 交友行动,间谍过家家 粤配版,345974173
优雅，实在是优雅,1289.435,1,16777215,2024-07-18 21:23:37,843953561,6,任务6 交友行动,间谍过家家 粤配版,345974173
优雅，实在是优雅,15.551,1,16777215,2024-07-18 21:02:10,843953561,6,任务6 交友行动,间谍过家家 粤配版,345974173
班房？,969.809,1,16777215,2024-07-18 20:14:56,843953561,6,任务6 交友行动,间谍过家家 粤配版,345974173
顶 成班七头 正音就系松容,1119.345,1,16777215,2024-07-17 04:15:45,843953561,6,任务6 交友行动,间谍过家家 粤配版,345974173
海公牛,1050.563,1,16777215,2024-07-16 23:16:49,843953561,6,任务6 交友行动,间谍过家家 粤配版,345974173
粑粑,760.883,1,16777215,2024-07-16 23:10:40,843953561,6,任务6 交友行动,间谍过家家 粤配版,345974173
已经猜到要发生什么了,533.022,5,15138834,2024-07-07 20:17:52,843953561,6,任务6 交友行动,间谍过家家 粤配版,345974173
係心声喇,272.449,1,16777215,2024-07-03 16:04:03,843953561,6,任务6 交友行动,间谍过家家 粤配版,345974173
你说你惹她干嘛（,627.146,1,16777215,2024-07-03 12:45:22,843953561,6,任务6 交友行动,间谍过家家 粤配版,345974173
：）,1105.917,1,16777215,2024-06-28 12:42:15,843953561,6,任务6 交友行动,间谍过家家 粤配版,345974173
谭道德？？,989.351,1,16777215,2024-06-25 14:19:07,843953561,6,任务6 交友行动,间谍过家家 粤配版,345974173
⌓‿⌓​,1175.858,1,16777215,2024-06-23 16:31:08,843953561,6,任务6 交友行动,间谍过家家 粤配版,345974173
谁教你这么笑的,1151.131,1,16777215,2024-06-23 16:30:39,843953561,6,任务6 交友行动,间谍过家家 粤配版,345974173
⌓‿⌓​,1126.063,1,16777215,2024-06-23 16:30:11,843953561,6,任务6 交友行动,间谍过家家 粤配版,345974173
⌓‿⌓,1101.089,1,16777215,2024-06-23 15:25:36,843953561,6,任务6 交友行动,间谍过家家 粤配版,345974173
哈哈哈啊哈哈哈,1315.325,1,16777215,2024-06-22 15:24:35,843953561,6,任务6 交友行动,间谍过家家 粤配版,345974173
几得意啦,518.874,1,16777215,2024-06-20 19:33:38,843953561,6,任务6 交友行动,间谍过家家 粤配版,345974173
这笑的有点渗人啊,1149.764,1,16777215,2024-06-19 20:26:37,843953561,6,任务6 交友行动,间谍过家家 粤配版,345974173
读心术,1001.404,1,16777215,2024-06-16 09:30:15,843953561,6,任务6 交友行动,间谍过家家 粤配版,345974173
除非她自己想听，如果不去听的话，她就不知道的,589.223,1,16777215,2024-06-14 01:23:00,843953561,6,任务6 交友行动,间谍过家家 粤配版,345974173
不是哥们看的我莫名有点想流泪,658.257,1,16777215,2024-06-13 00:40:05,843953561,6,任务6 交友行动,间谍过家家 粤配版,345974173
okok,976.358,5,16777215,2024-06-12 22:53:31,843953561,6,任务6 交友行动,间谍过家家 粤配版,345974173
当然不会啦,866.363,5,16777215,2024-06-12 22:51:06,843953561,6,任务6 交友行动,间谍过家家 粤配版,345974173
中意,664.23,5,16777215,2024-06-11 21:47:56,843953561,6,任务6 交友行动,间谍过家家 粤配版,345974173
可爱,514.406,5,16777215,2024-06-11 21:45:08,843953561,6,任务6 交友行动,间谍过家家 粤配版,345974173
优雅,1001.81,1,16777215,2024-06-08 23:03:52,843953561,6,任务6 交友行动,间谍过家家 粤配版,345974173
⌓‿⌓,1092.264,5,16777215,2024-06-08 21:56:25,843953561,6,任务6 交友行动,间谍过家家 粤配版,345974173
你好啊，密探阿泰,313.635,1,16777215,2024-05-30 16:15:01,843953561,6,任务6 交友行动,间谍过家家 粤配版,345974173
优雅帝,1296.598,1,16777215,2024-05-29 22:33:49,843953561,6,任务6 交友行动,间谍过家家 粤配版,345974173
我的天，有点搞笑那个头发,1023.385,1,16777215,2024-05-28 22:37:04,843953561,6,任务6 交友行动,间谍过家家 粤配版,345974173
他太可爱了,691.848,1,16777215,2024-05-28 20:29:09,843953561,6,任务6 交友行动,间谍过家家 粤配版,345974173
万事的起源,687.064,1,16777215,2024-05-26 11:35:46,843953561,6,任务6 交友行动,间谍过家家 粤配版,345974173
阿头真系优雅,325.485,1,16777215,2024-05-26 11:29:22,843953561,6,任务6 交友行动,间谍过家家 粤配版,345974173
老父亲操碎了心,938.879,1,16777215,2024-05-24 16:31:36,843953561,6,任务6 交友行动,间谍过家家 粤配版,345974173
这帮同学发型点解甘像小丸子,1088.945,1,16777215,2024-05-23 17:36:16,843953561,6,任务6 交友行动,间谍过家家 粤配版,345974173
条数 啱嘅  ，条数 啱嘅  ！,139.104,1,16777215,2024-05-23 13:20:23,843953561,6,任务6 交友行动,间谍过家家 粤配版,345974173
条数 啱嘅  ，条数 啱嘅  ！,90.653,1,16777215,2024-05-23 13:19:08,843953561,6,任务6 交友行动,间谍过家家 粤配版,345974173
⌓‿⌓​,1105.278,1,16777215,2024-05-22 19:18:12,843953561,6,任务6 交友行动,间谍过家家 粤配版,345974173
標心=撕票,221.198,1,16777215,2024-05-22 19:02:21,843953561,6,任务6 交友行动,间谍过家家 粤配版,345974173
给你一拳,1178.839,1,16777215,2024-05-21 22:16:22,843953561,6,任务6 交友行动,间谍过家家 粤配版,345974173
看多了比日子语舒服多了,656.279,1,16777215,2024-05-21 22:07:34,843953561,6,任务6 交友行动,间谍过家家 粤配版,345974173
老d,181.319,1,16777215,2024-05-21 21:59:19,843953561,6,任务6 交友行动,间谍过家家 粤配版,345974173
笑得好开心,1347.798,1,16777215,2024-05-18 20:35:52,843953561,6,任务6 交友行动,间谍过家家 粤配版,345974173
應該是要很focus才可以聽到心聲吧,594.053,1,16777215,2024-05-17 22:33:38,843953561,6,任务6 交友行动,间谍过家家 粤配版,345974173
轻松从容，现在很少这样说了,1148.561,1,16777215,2024-05-17 20:46:49,843953561,6,任务6 交友行动,间谍过家家 粤配版,345974173
布莱克局长,306.836,1,16777215,2024-05-16 01:32:15,843953561,6,任务6 交友行动,间谍过家家 粤配版,345974173
孩子你无敌了指配音,229.351,1,16777215,2024-05-16 01:30:44,843953561,6,任务6 交友行动,间谍过家家 粤配版,345974173
好打,1191.279,5,16776960,2024-05-15 19:48:06,843953561,6,任务6 交友行动,间谍过家家 粤配版,345974173
这里每次听都那么好笑,221.777,1,16777215,2024-05-15 14:50:34,843953561,6,任务6 交友行动,间谍过家家 粤配版,345974173
舍伍德《唔舍得,321.615,1,16777215,2024-05-13 08:49:49,843953561,6,任务6 交友行动,间谍过家家 粤配版,345974173
她居然会读心术,803.597,1,16777215,2024-05-12 04:07:04,843953561,6,任务6 交友行动,间谍过家家 粤配版,345974173
不是，你们惹她干嘛啊,541.894,1,16777215,2024-05-09 16:21:11,843953561,6,任务6 交友行动,间谍过家家 粤配版,345974173
哈哈红红火火恍恍惚惚,924.084,1,16777215,2024-05-09 16:13:25,843953561,6,任务6 交友行动,间谍过家家 粤配版,345974173
雷电法王,423.706,1,16777215,2024-05-09 00:59:39,843953561,6,任务6 交友行动,间谍过家家 粤配版,345974173
皇帝河豚,775.612,1,16777215,2024-05-08 12:39:35,843953561,6,任务6 交友行动,间谍过家家 粤配版,345974173
坏人————危,584.017,1,16777215,2024-05-08 12:32:10,843953561,6,任务6 交友行动,间谍过家家 粤配版,345974173
1达尓克约等于17rmb,333.434,1,16777215,2024-05-06 22:04:37,843953561,6,任务6 交友行动,间谍过家家 粤配版,345974173
？南瓜不也是菜吗？,655.677,1,16777215,2024-05-06 20:49:54,843953561,6,任务6 交友行动,间谍过家家 粤配版,345974173
哈哈哈哈或,1102.809,1,16777215,2024-05-06 13:08:28,843953561,6,任务6 交友行动,间谍过家家 粤配版,345974173
绑架犯吗,542.699,1,16777215,2024-05-05 20:24:10,843953561,6,任务6 交友行动,间谍过家家 粤配版,345974173
松茸,1100.585,1,16777215,2024-05-05 15:48:59,843953561,6,任务6 交友行动,间谍过家家 粤配版,345974173
闺蜜,932.278,1,16777215,2024-05-05 15:46:11,843953561,6,任务6 交友行动,间谍过家家 粤配版,345974173
逆天开局,1315.23,1,16777215,2024-05-04 20:14:18,843953561,6,任务6 交友行动,间谍过家家 粤配版,345974173
优雅实在是太优雅了。,1287.88,1,16777215,2024-05-04 15:27:30,843953561,6,任务6 交友行动,间谍过家家 粤配版,345974173
你死啦你,529.059,1,16777215,2024-05-04 03:34:39,843953561,6,任务6 交友行动,间谍过家家 粤配版,345974173
⌓‿⌓,1112.243,1,16707842,2024-05-03 22:53:40,843953561,6,任务6 交友行动,间谍过家家 粤配版,345974173
白马？哼！定叫他有去无回,1209.003,5,16777215,2024-05-03 18:31:42,843953561,6,任务6 交友行动,间谍过家家 粤配版,345974173
[前方高能],1083.831,1,16777215,2024-05-03 02:10:13,843953561,6,任务6 交友行动,间谍过家家 粤配版,345974173
成龙历险记,708.563,1,16777215,2024-05-02 21:22:07,843953561,6,任务6 交友行动,间谍过家家 粤配版,345974173
霸气女总裁,646.069,1,16777215,2024-05-02 21:21:25,843953561,6,任务6 交友行动,间谍过家家 粤配版,345974173
就知道会这样被人盯上了,555.388,1,16777215,2024-05-02 13:00:21,843953561,6,任务6 交友行动,间谍过家家 粤配版,345974173
⌓‿⌓⌓‿⌓⌓‿⌓⌓‿⌓⌓‿⌓⌓‿⌓⌓‿⌓⌓‿⌓⌓‿⌓⌓‿⌓⌓‿⌓⌓‿⌓,1140.037,1,15138834,2024-05-02 04:42:15,843953561,6,任务6 交友行动,间谍过家家 粤配版,345974173
继男,849.319,1,16777215,2024-05-02 01:37:20,843953561,6,任务6 交友行动,间谍过家家 粤配版,345974173
所以目标是达米安然后误打误撞没留意进了情报宝库啊,931.493,1,16777215,2024-05-02 01:30:23,843953561,6,任务6 交友行动,间谍过家家 粤配版,345974173
笑死了,229.138,1,16777215,2024-05-02 00:24:48,843953561,6,任务6 交友行动,间谍过家家 粤配版,345974173
⌓‿⌓,1129.239,1,16777215,2024-05-01 22:30:11,843953561,6,任务6 交友行动,间谍过家家 粤配版,345974173
哈哈~,885.191,1,16777215,2024-05-01 08:39:47,843953561,6,任务6 交友行动,间谍过家家 粤配版,345974173
听清了汪峰,764.476,1,16777215,2024-04-30 22:12:53,843953561,6,任务6 交友行动,间谍过家家 粤配版,345974173
猴松茸,1108.005,1,16777215,2024-04-29 02:43:06,843953561,6,任务6 交友行动,间谍过家家 粤配版,345974173
同手同脚,887.229,1,16777215,2024-04-29 00:50:58,843953561,6,任务6 交友行动,间谍过家家 粤配版,345974173
八雷要退学，八星七雷先係极点,429.522,1,16777215,2024-04-28 00:26:31,843953561,6,任务6 交友行动,间谍过家家 粤配版,345974173
哈哈哈哈哈,1108.529,1,15772458,2024-04-26 01:12:38,843953561,6,任务6 交友行动,间谍过家家 粤配版,345974173
啊~~~~~~~~~~,790.626,1,16777215,2024-04-21 01:43:40,843953561,6,任务6 交友行动,间谍过家家 粤配版,345974173
哈哈哈哈哈,796.153,1,16777215,2024-04-19 19:56:01,843953561,6,任务6 交友行动,间谍过家家 粤配版,345974173
好串,1037.485,1,16777215,2024-04-18 18:20:30,843953561,6,任务6 交友行动,间谍过家家 粤配版,345974173
特训成杀手,708.042,1,16777215,2024-04-17 01:04:14,843953561,6,任务6 交友行动,间谍过家家 粤配版,345974173
哈哈哈哈,586.322,1,16777215,2024-04-17 01:02:05,843953561,6,任务6 交友行动,间谍过家家 粤配版,345974173
次子危,692.099,1,16777215,2024-04-16 00:02:22,843953561,6,任务6 交友行动,间谍过家家 粤配版,345974173
⌓‿⌓,1109.96,1,16777215,2024-04-10 12:27:26,843953561,6,任务6 交友行动,间谍过家家 粤配版,345974173
wc！？太炸了,1192.626,1,16777215,2024-03-28 20:23:05,843953561,6,任务6 交友行动,间谍过家家 粤配版,345974173
这两个字是这么读的吗？,1110.706,1,16777215,2024-03-28 20:21:34,843953561,6,任务6 交友行动,间谍过家家 粤配版,345974173
名场面！,1099.306,1,16777215,2024-03-28 20:21:17,843953561,6,任务6 交友行动,间谍过家家 粤配版,345974173
这个班真的是绝了。,974.866,1,16777215,2024-03-28 20:19:08,843953561,6,任务6 交友行动,间谍过家家 粤配版,345974173
粤语真的太适配了。,623.746,1,16777215,2024-03-28 20:12:58,843953561,6,任务6 交友行动,间谍过家家 粤配版,345974173
笑死了这个声音。,225.815,1,16777215,2024-03-28 18:54:52,843953561,6,任务6 交友行动,间谍过家家 粤配版,345974173
一家人都有一个姐姐一直打我,1282.512,1,16777215,2024-03-25 18:12:35,843953561,6,任务6 交友行动,间谍过家家 粤配版,345974173
不要打，不要打,1176.933,1,16777215,2024-03-25 18:11:29,843953561,6,任务6 交友行动,间谍过家家 粤配版,345974173
2500人！,373.447,1,16777215,2024-03-25 17:58:33,843953561,6,任务6 交友行动,间谍过家家 粤配版,345974173
每三句话中必有优雅二字,998.231,1,16777215,2024-03-20 21:58:32,843953561,6,任务6 交友行动,间谍过家家 粤配版,345974173
喵。,463.538,1,16777215,2024-03-14 22:23:18,843953561,6,任务6 交友行动,间谍过家家 粤配版,345974173
⌓‿⌓,1163.772,1,16777215,2024-03-06 23:09:23,843953561,6,任务6 交友行动,间谍过家家 粤配版,345974173
快跑,538.149,1,16777215,2024-03-04 14:01:44,843953561,6,任务6 交友行动,间谍过家家 粤配版,345974173
呆毛!,99.815,1,16777215,2024-03-04 13:49:55,843953561,6,任务6 交友行动,间谍过家家 粤配版,345974173
周姐出场,1096.104,1,16777215,2024-02-27 21:44:33,843953561,6,任务6 交友行动,间谍过家家 粤配版,345974173
S是    是      ,1.405,1,16777215,2024-02-25 03:41:21,843953561,6,任务6 交友行动,间谍过家家 粤配版,345974173
是是是生生世世S的是是是生生世世是！是 是！是是是  ！ 试试！收拾卫生是 ss是是是是,0.0,1,16777215,2024-02-25 03:38:03,843953561,6,任务6 交友行动,间谍过家家 粤配版,345974173
是是是是 嘶嘶嘶嘶嘶是是是少时诵诗书    说说生生世世是 sd是  v的生生世世  是是是 是 的     是S 是      ,0.0,1,16777215,2024-02-25 03:36:39,843953561,6,任务6 交友行动,间谍过家家 粤配版,345974173
 是 是是   是   说说 说说    是    是说说 说说  s！生生世世   是 是 ,23.51,1,16777215,2024-02-25 03:35:47,843953561,6,任务6 交友行动,间谍过家家 粤配版,345974173
生生世世    说说,26.125,1,16777215,2024-02-25 03:34:59,843953561,6,任务6 交友行动,间谍过家家 粤配版,345974173
⌓‿⌓⌓‿⌓⌓‿⌓⌓‿⌓⌓‿⌓⌓‿⌓,1145.989,1,16777215,2024-02-24 21:38:02,843953561,6,任务6 交友行动,间谍过家家 粤配版,345974173
认真一拳,1194.216,1,16777215,2024-02-20 22:10:59,843953561,6,任务6 交友行动,间谍过家家 粤配版,345974173
靓仔,917.138,1,16777215,2024-02-20 22:06:30,843953561,6,任务6 交友行动,间谍过家家 粤配版,345974173
这个眼神就是六七,604.925,1,16777215,2024-02-20 22:02:17,843953561,6,任务6 交友行动,间谍过家家 粤配版,345974173
合人民币71万,330.265,1,16777215,2024-02-20 21:58:27,843953561,6,任务6 交友行动,间谍过家家 粤配版,345974173
开局一颗雷,1246.533,1,16777215,2024-02-17 21:46:02,843953561,6,任务6 交友行动,间谍过家家 粤配版,345974173
我要十个！,606.122,1,16777215,2024-02-16 11:11:28,843953561,6,任务6 交友行动,间谍过家家 粤配版,345974173
⌓‿⌓⌓‿⌓⌓‿⌓⌓‿⌓⌓‿⌓,1146.492,5,16777215,2024-02-15 18:19:50,843953561,6,任务6 交友行动,间谍过家家 粤配版,345974173
其实他自己都没上完学吧。。。（哭）,140.813,5,16777215,2024-02-14 20:30:41,843953561,6,任务6 交友行动,间谍过家家 粤配版,345974173
骑士拳,1189.175,1,16777215,2024-02-14 13:36:11,843953561,6,任务6 交友行动,间谍过家家 粤配版,345974173
宝儿和张楚岚的感觉,1207.761,1,16777215,2024-02-08 22:03:49,843953561,6,任务6 交友行动,间谍过家家 粤配版,345974173
宝儿和张楚岚,1204.857,1,16777215,2024-02-08 22:03:28,843953561,6,任务6 交友行动,间谍过家家 粤配版,345974173
从容，读cong，配音出问题了,1107.518,1,16777215,2024-02-08 16:51:55,843953561,6,任务6 交友行动,间谍过家家 粤配版,345974173
魔法部,301.742,1,16777215,2024-02-06 10:23:11,843953561,6,任务6 交友行动,间谍过家家 粤配版,345974173
⌓‿⌓,1105.862,1,16777215,2024-02-06 08:51:39,843953561,6,任务6 交友行动,间谍过家家 粤配版,345974173
右上角达米安的身后没有家长,1333.925,1,16777215,2024-02-06 02:04:44,843953561,6,任务6 交友行动,间谍过家家 粤配版,345974173
好家伙,1271.067,1,16777215,2024-02-05 00:02:50,843953561,6,任务6 交友行动,间谍过家家 粤配版,345974173
达米安，想起罗宾,833.387,1,16777215,2024-02-04 23:55:38,843953561,6,任务6 交友行动,间谍过家家 粤配版,345974173
下一集，次子自我攻略篇,1448.189,1,16777215,2024-02-04 19:23:17,843953561,6,任务6 交友行动,间谍过家家 粤配版,345974173
劳埃德：不，你不明白,980.646,1,16777215,2024-02-04 17:47:49,843953561,6,任务6 交友行动,间谍过家家 粤配版,345974173
后妈,935.021,1,16777215,2024-02-02 18:11:57,843953561,6,任务6 交友行动,间谍过家家 粤配版,345974173
鸡！蛋！,602.463,1,16777215,2024-02-02 18:01:45,843953561,6,任务6 交友行动,间谍过家家 粤配版,345974173
落去胜佳买些野,522.153,5,16777215,2024-01-31 03:58:07,843953561,6,任务6 交友行动,间谍过家家 粤配版,345974173
叶准吗,705.402,1,16777215,2024-01-29 23:10:55,843953561,6,任务6 交友行动,间谍过家家 粤配版,345974173
他应该没想到是一个次子,873.57,1,16777215,2024-01-27 10:25:54,843953561,6,任务6 交友行动,间谍过家家 粤配版,345974173
我的家乡舌,291.599,1,16777215,2024-01-27 07:53:38,843953561,6,任务6 交友行动,间谍过家家 粤配版,345974173
劝你们千万不要惹不该惹的,557.554,1,16707842,2024-01-27 03:11:56,843953561,6,任务6 交友行动,间谍过家家 粤配版,345974173
感动坏了。,1262.705,1,16777215,2024-01-26 23:51:57,843953561,6,任务6 交友行动,间谍过家家 粤配版,345974173
某个表情包要出现了，次子要遭殃喽……,691.799,1,16777215,2024-01-26 23:45:22,843953561,6,任务6 交友行动,间谍过家家 粤配版,345974173
还真被绑架了。我去。,577.901,1,16777215,2024-01-26 23:43:13,843953561,6,任务6 交友行动,间谍过家家 粤配版,345974173
作战会议？！,262.67,1,16777215,2024-01-26 23:39:49,843953561,6,任务6 交友行动,间谍过家家 粤配版,345974173
到现在还没有意识到事情的严重性,617.865,1,16777215,2024-01-25 22:06:04,843953561,6,任务6 交友行动,间谍过家家 粤配版,345974173
要被秒了,552.077,5,15138834,2024-01-23 19:23:21,843953561,6,任务6 交友行动,间谍过家家 粤配版,345974173
咩鬼都优雅,1001.828,1,16777215,2024-01-22 23:17:19,843953561,6,任务6 交友行动,间谍过家家 粤配版,345974173
⌓‿⌓,1109.817,1,16777215,2024-01-21 17:16:25,843953561,6,任务6 交友行动,间谍过家家 粤配版,345974173
坎坎坷坷坎坎坷坷,966.07,5,16707842,2024-01-21 12:30:40,843953561,6,任务6 交友行动,间谍过家家 粤配版,345974173
uuuuuuuu,725.418,5,16777215,2024-01-21 12:25:42,843953561,6,任务6 交友行动,间谍过家家 粤配版,345974173
达米安少爷准备受到1万点暴击。,1154.039,1,41194,2024-01-18 21:33:59,843953561,6,任务6 交友行动,间谍过家家 粤配版,345974173
约尔是社恐吗,1335.719,1,16777215,2024-01-18 01:08:11,843953561,6,任务6 交友行动,间谍过家家 粤配版,345974173
好衰唔衰,1327.74,1,16777215,2024-01-18 01:07:31,843953561,6,任务6 交友行动,间谍过家家 粤配版,345974173
lan啊！,644.732,1,16777215,2024-01-18 00:41:14,843953561,6,任务6 交友行动,间谍过家家 粤配版,345974173
愣衫,206.183,1,16777215,2024-01-17 08:06:42,843953561,6,任务6 交友行动,间谍过家家 粤配版,345974173
笑死,905.449,1,16777215,2024-01-16 19:55:12,843953561,6,任务6 交友行动,间谍过家家 粤配版,345974173
吔蕉啦,635.456,1,16777215,2024-01-16 19:52:23,843953561,6,任务6 交友行动,间谍过家家 粤配版,345974173
世界名画！,1094.308,1,16777215,2024-01-16 18:53:13,843953561,6,任务6 交友行动,间谍过家家 粤配版,345974173
没良心的master,397.415,5,16777215,2024-01-15 22:39:25,843953561,6,任务6 交友行动,间谍过家家 粤配版,345974173
天子门生？,382.653,5,16777215,2024-01-15 22:38:59,843953561,6,任务6 交友行动,间谍过家家 粤配版,345974173
八星八雷八雷特,1319.386,5,16777215,2024-01-14 09:25:51,843953561,6,任务6 交友行动,间谍过家家 粤配版,345974173
⌓‿⌓⌓‿⌓⌓‿⌓⌓‿⌓⌓‿⌓⌓‿⌓,1142.438,1,16777215,2024-01-07 13:44:58,843953561,6,任务6 交友行动,间谍过家家 粤配版,345974173
⌓‿⌓,1118.627,1,16777215,2024-01-07 12:24:32,843953561,6,任务6 交友行动,间谍过家家 粤配版,345974173
哈哈哈哈,1100.925,1,16777215,2024-01-05 13:05:12,843953561,6,任务6 交友行动,间谍过家家 粤配版,345974173
玫瑰,326.18,1,16777215,2024-01-03 23:11:19,843953561,6,任务6 交友行动,间谍过家家 粤配版,345974173
成碟口水，留返你自己吃啦,224.754,1,16777215,2024-01-03 13:10:14,843953561,6,任务6 交友行动,间谍过家家 粤配版,345974173
边度有次子,838.369,1,16777215,2024-01-02 19:19:07,843953561,6,任务6 交友行动,间谍过家家 粤配版,345974173
好优雅,1281.282,1,16777215,2023-12-30 01:56:12,843953561,6,任务6 交友行动,间谍过家家 粤配版,345974173
哈哈哈~,1117.593,1,16777215,2023-12-30 01:52:57,843953561,6,任务6 交友行动,间谍过家家 粤配版,345974173
啊~~~~~~,784.814,1,16777215,2023-12-30 01:45:21,843953561,6,任务6 交友行动,间谍过家家 粤配版,345974173
好可爱,729.707,1,16777215,2023-12-30 01:44:15,843953561,6,任务6 交友行动,间谍过家家 粤配版,345974173
好可爱,455.808,1,16777215,2023-12-30 01:39:21,843953561,6,任务6 交友行动,间谍过家家 粤配版,345974173
打，打飞了！阿尼亚天赋好高,1194.773,1,16777215,2023-12-28 20:00:59,843953561,6,任务6 交友行动,间谍过家家 粤配版,345974173
⌓‿⌓,1105.175,1,16777215,2023-12-28 19:58:34,843953561,6,任务6 交友行动,间谍过家家 粤配版,345974173
华附省实，市六所,135.23,1,16777215,2023-12-28 19:39:46,843953561,6,任务6 交友行动,间谍过家家 粤配版,345974173
镖心,165.28,1,16777215,2023-12-27 12:35:33,843953561,6,任务6 交友行动,间谍过家家 粤配版,345974173
我好担心。。,988.885,1,16777215,2023-12-27 00:32:41,843953561,6,任务6 交友行动,间谍过家家 粤配版,345974173
唔苏你,909.39,1,16777215,2023-12-27 00:31:22,843953561,6,任务6 交友行动,间谍过家家 粤配版,345974173
台词都没讲完啊啊,611.796,1,16777215,2023-12-27 00:26:24,843953561,6,任务6 交友行动,间谍过家家 粤配版,345974173
有个大眼鸡照片,376.035,1,16777215,2023-12-27 00:22:29,843953561,6,任务6 交友行动,间谍过家家 粤配版,345974173
已经吓完了,191.649,1,16777215,2023-12-27 00:19:24,843953561,6,任务6 交友行动,间谍过家家 粤配版,345974173
嗯，玄风鹦鹉,122.078,1,16777215,2023-12-27 00:18:15,843953561,6,任务6 交友行动,间谍过家家 粤配版,345974173
讲求的是timing啦,1245.607,1,16777215,2023-12-26 19:26:04,843953561,6,任务6 交友行动,间谍过家家 粤配版,345974173
报警有用的话 要警察干什么,1199.997,1,16777215,2023-12-26 00:39:34,843953561,6,任务6 交友行动,间谍过家家 粤配版,345974173
财务开始对账,329.149,1,16777215,2023-12-26 00:19:41,843953561,6,任务6 交友行动,间谍过家家 粤配版,345974173
⌓‿⌓⌓‿⌓⌓‿⌓⌓‿⌓⌓‿⌓⌓‿⌓⌓‿⌓⌓‿⌓⌓‿⌓⌓‿⌓⌓‿⌓⌓‿⌓,1153.426,1,16777215,2023-12-24 11:54:12,843953561,6,任务6 交友行动,间谍过家家 粤配版,345974173
做埋老亲就fit晒啦,869.781,1,16777215,2023-12-21 16:49:10,843953561,6,任务6 交友行动,间谍过家家 粤配版,345974173
[前方高能],218.688,1,15138834,2023-12-20 00:28:28,843953561,6,任务6 交友行动,间谍过家家 粤配版,345974173
是出息,1093.352,1,16777215,2023-12-17 21:47:52,843953561,6,任务6 交友行动,间谍过家家 粤配版,345974173
贝基好可爱,904.744,1,16777215,2023-12-17 21:44:14,843953561,6,任务6 交友行动,间谍过家家 粤配版,345974173
开始雷电公鸡,1318.374,1,16777215,2023-12-17 19:13:31,843953561,6,任务6 交友行动,间谍过家家 粤配版,345974173
这个女孩是童姥,927.826,1,16777215,2023-12-16 11:47:46,843953561,6,任务6 交友行动,间谍过家家 粤配版,345974173
皇帝学徒听起来高大上，其实就是封建王朝科举制度下的天子门生,763.345,1,16777215,2023-12-16 10:36:18,843953561,6,任务6 交友行动,间谍过家家 粤配版,345974173
⌓‿⌓,1109.145,1,16777215,2023-12-16 06:47:59,843953561,6,任务6 交友行动,间谍过家家 粤配版,345974173
叫八粒先贴近生活吧?,1014.103,1,16777215,2023-12-15 22:02:57,843953561,6,任务6 交友行动,间谍过家家 粤配版,345974173
南瓜：咁都唔关我事啫,653.381,1,16777215,2023-12-14 01:24:51,843953561,6,任务6 交友行动,间谍过家家 粤配版,345974173
变成了普通老父亲的样子了,922.599,1,16777215,2023-12-10 20:51:44,843953561,6,任务6 交友行动,间谍过家家 粤配版,345974173
哩个方法还是比较靠谱的,866.365,1,16777215,2023-12-10 20:50:16,843953561,6,任务6 交友行动,间谍过家家 粤配版,345974173
广雅比较合适,137.66,1,16777215,2023-12-10 14:33:06,843953561,6,任务6 交友行动,间谍过家家 粤配版,345974173
感样的话分裂实在太严重了吧,162.365,1,16777215,2023-12-10 12:30:37,843953561,6,任务6 交友行动,间谍过家家 粤配版,345974173
好喜欢片尾曲,1361.211,1,16777215,2023-12-10 02:20:11,843953561,6,任务6 交友行动,间谍过家家 粤配版,345974173
只有右上角的少爷 形单影只,1335.353,1,16777215,2023-12-07 23:05:30,843953561,6,任务6 交友行动,间谍过家家 粤配版,345974173
次子沉沦之始,1199.292,1,16777215,2023-12-07 00:02:54,843953561,6,任务6 交友行动,间谍过家家 粤配版,345974173
腰马合一,1188.349,1,16777215,2023-12-06 23:20:14,843953561,6,任务6 交友行动,间谍过家家 粤配版,345974173
看一遍笑一遍,1101.171,1,16777215,2023-12-06 00:52:42,843953561,6,任务6 交友行动,间谍过家家 粤配版,345974173
[前方高能],1094.047,1,16777215,2023-12-04 14:33:25,843953561,6,任务6 交友行动,间谍过家家 粤配版,345974173
李嘉欣名句：我真系恭喜你吖,1180.536,1,16777215,2023-12-04 14:01:28,843953561,6,任务6 交友行动,间谍过家家 粤配版,345974173
好英,230.66,1,16777215,2023-12-03 10:33:35,843953561,6,任务6 交友行动,间谍过家家 粤配版,345974173
哈哈哈哈一定要rouya,1135.495,1,16777215,2023-11-24 05:11:51,843953561,6,任务6 交友行动,间谍过家家 粤配版,345974173
天分极高！！,1195.029,1,16777215,2023-11-23 18:12:31,843953561,6,任务6 交友行动,间谍过家家 粤配版,345974173
这个就是小丸子的粤配声音,592.337,1,16777215,2023-11-23 01:48:52,843953561,6,任务6 交友行动,间谍过家家 粤配版,345974173
读心术好吧，怎么成听到了,1002.121,1,16777215,2023-11-23 00:36:37,843953561,6,任务6 交友行动,间谍过家家 粤配版,345974173
标参,207.991,1,16777215,2023-11-22 18:45:29,843953561,6,任务6 交友行动,间谍过家家 粤配版,345974173
这么多p？暗号吗,222.907,1,16777215,2023-11-22 14:25:24,843953561,6,任务6 交友行动,间谍过家家 粤配版,345974173
粤语真是太棒啦,139.647,1,16777215,2023-11-19 14:43:02,843953561,6,任务6 交友行动,间谍过家家 粤配版,345974173
浦南达米安,904.0,1,16777215,2023-11-19 12:06:31,843953561,6,任务6 交友行动,间谍过家家 粤配版,345974173
厕纸！,830.565,1,16777215,2023-11-18 19:08:25,843953561,6,任务6 交友行动,间谍过家家 粤配版,345974173
我说怎么好眼熟，这不尼拉嘛,706.309,1,16777215,2023-11-16 15:18:18,843953561,6,任务6 交友行动,间谍过家家 粤配版,345974173
劫匪：突然有点想死了,555.809,1,16777215,2023-11-16 09:37:57,843953561,6,任务6 交友行动,间谍过家家 粤配版,345974173
唉～天上的祸不惹，你惹地上的约儿,578.163,1,16777215,2023-11-15 21:03:49,843953561,6,任务6 交友行动,间谍过家家 粤配版,345974173
华府学院,141.0,1,16777215,2023-11-15 15:54:17,843953561,6,任务6 交友行动,间谍过家家 粤配版,345974173
李嘉欣：我真系恭喜你啊,1179.198,1,16776960,2023-11-15 12:13:49,843953561,6,任务6 交友行动,间谍过家家 粤配版,345974173
羡慕了~,677.24,1,16777215,2023-11-13 21:18:59,843953561,6,任务6 交友行动,间谍过家家 粤配版,345974173
⌓‿⌓,1115.166,1,14811775,2023-11-13 14:23:47,843953561,6,任务6 交友行动,间谍过家家 粤配版,345974173
瓜生谈过一劫，还好菜都烂嗮,656.0,1,16777215,2023-11-12 23:14:41,843953561,6,任务6 交友行动,间谍过家家 粤配版,345974173
笑死我了,228.694,1,16777215,2023-11-12 19:03:08,843953561,6,任务6 交友行动,间谍过家家 粤配版,345974173
安尼亚是真的有个姓,955.542,1,16777215,2023-11-12 17:09:00,843953561,6,任务6 交友行动,间谍过家家 粤配版,345974173
⌓‿⌓​⌓‿⌓​⌓‿⌓​,1176.236,1,16777215,2023-11-11 17:12:45,843953561,6,任务6 交友行动,间谍过家家 粤配版,345974173
⌓‿⌓​,1106.682,1,16777215,2023-11-11 17:11:24,843953561,6,任务6 交友行动,间谍过家家 粤配版,345974173
想死下哇？,550.412,1,16777215,2023-11-10 10:53:24,843953561,6,任务6 交友行动,间谍过家家 粤配版,345974173
次子没带父母来不就是例外？,1346.342,1,16777215,2023-11-06 17:11:56,843953561,6,任务6 交友行动,间谍过家家 粤配版,345974173
应该系话你几够姜喎。,344.573,1,16777215,2023-11-04 01:47:34,843953561,6,任务6 交友行动,间谍过家家 粤配版,345974173
这个应该是法语吧,222.351,1,16777215,2023-11-03 18:47:49,843953561,6,任务6 交友行动,间谍过家家 粤配版,345974173
神的眼神 ,905.109,1,16777215,2023-11-02 02:32:30,843953561,6,任务6 交友行动,间谍过家家 粤配版,345974173
好细节,754.217,1,16777215,2023-11-02 00:14:26,843953561,6,任务6 交友行动,间谍过家家 粤配版,345974173
好家伙 一石二鸟,1267.222,1,16777215,2023-10-30 01:02:07,843953561,6,任务6 交友行动,间谍过家家 粤配版,345974173
D青苹果画得有D水皮,554.561,1,16777215,2023-10-27 00:01:49,843953561,6,任务6 交友行动,间谍过家家 粤配版,345974173
哈哈哈哈哈乡下,140.581,1,16777215,2023-10-26 22:28:40,843953561,6,任务6 交友行动,间谍过家家 粤配版,345974173
笑到肚疼,1175.363,1,16777215,2023-10-26 20:47:28,843953561,6,任务6 交友行动,间谍过家家 粤配版,345974173
次子，危,686.317,1,16777215,2023-10-23 20:31:41,843953561,6,任务6 交友行动,间谍过家家 粤配版,345974173
里多就黑饭桶（幻听）,988.811,1,16777215,2023-10-16 22:20:45,843953561,6,任务6 交友行动,间谍过家家 粤配版,345974173
路走窄了,570.863,1,16777215,2023-10-16 22:13:08,843953561,6,任务6 交友行动,间谍过家家 粤配版,345974173
我劝你收手,552.139,1,16777215,2023-10-11 14:38:03,843953561,6,任务6 交友行动,间谍过家家 粤配版,345974173
多谢兰姨啊,135.988,1,16777215,2023-10-10 17:21:56,843953561,6,任务6 交友行动,间谍过家家 粤配版,345974173
⌓‿⌓,1156.569,1,16777215,2023-10-06 13:54:47,843953561,6,任务6 交友行动,间谍过家家 粤配版,345974173
我真系恭喜你呀,1184.398,1,16777215,2023-10-02 22:35:07,843953561,6,任务6 交友行动,间谍过家家 粤配版,345974173
贝琪好可爱,909.727,5,16777215,2023-10-01 22:10:14,843953561,6,任务6 交友行动,间谍过家家 粤配版,345974173
她好优雅好帅,320.129,5,16777215,2023-10-01 21:56:37,843953561,6,任务6 交友行动,间谍过家家 粤配版,345974173
飞哥与小佛笑死我了,309.394,1,16777215,2023-09-25 02:44:20,843953561,6,任务6 交友行动,间谍过家家 粤配版,345974173
你地概霖法有点危险,550.229,1,16777215,2023-09-24 18:55:14,843953561,6,任务6 交友行动,间谍过家家 粤配版,345974173
达米安：所以为什么就我家长没来,1339.679,1,16777215,2023-09-24 07:24:30,843953561,6,任务6 交友行动,间谍过家家 粤配版,345974173
听说粤语好像还是古汉语来着，很多英文都可以直译粤语的,258.0,1,16777215,2023-09-24 01:02:43,843953561,6,任务6 交友行动,间谍过家家 粤配版,345974173
你读心未知道咯！,1015.567,5,16777215,2023-09-22 18:01:16,843953561,6,任务6 交友行动,间谍过家家 粤配版,345974173
这么远也能听到？？,985.296,1,16777215,2023-09-22 18:00:16,843953561,6,任务6 交友行动,间谍过家家 粤配版,345974173
震惊你爸一百年,917.119,1,16777215,2023-09-22 17:54:27,843953561,6,任务6 交友行动,间谍过家家 粤配版,345974173
天选之人,729.56,1,16777215,2023-09-22 17:51:00,843953561,6,任务6 交友行动,间谍过家家 粤配版,345974173
康而寿出来只抽,1188.224,1,16777215,2023-09-20 17:35:06,843953561,6,任务6 交友行动,间谍过家家 粤配版,345974173
折合人民币将近七十二万,332.322,1,16777215,2023-09-17 05:39:44,843953561,6,任务6 交友行动,间谍过家家 粤配版,345974173
有种睇翻TVB的感觉,538.34,1,16777215,2023-09-16 22:54:31,843953561,6,任务6 交友行动,间谍过家家 粤配版,345974173
本来就应该教她保护自己啊,1320.141,1,15138834,2023-09-16 21:48:47,843953561,6,任务6 交友行动,间谍过家家 粤配版,345974173
百合要从娃娃抓起,1262.141,1,15138834,2023-09-16 21:47:20,843953561,6,任务6 交友行动,间谍过家家 粤配版,345974173
优雅，实在是太优雅了,1194.621,5,15138834,2023-09-16 21:45:54,843953561,6,任务6 交友行动,间谍过家家 粤配版,345974173
老先生好人啊,959.063,5,14811775,2023-09-16 21:37:33,843953561,6,任务6 交友行动,间谍过家家 粤配版,345974173
一个大可爱和一个小可爱~,666.09,5,14811775,2023-09-16 21:32:48,843953561,6,任务6 交友行动,间谍过家家 粤配版,345974173
prprprpr,309.279,5,15138834,2023-09-16 21:26:04,843953561,6,任务6 交友行动,间谍过家家 粤配版,345974173
崴崴崴，鼓掌啊外,965.61,1,16777215,2023-09-15 01:41:27,843953561,6,任务6 交友行动,间谍过家家 粤配版,345974173
⌓‿⌓,1101.693,1,16777215,2023-09-13 10:48:22,843953561,6,任务6 交友行动,间谍过家家 粤配版,345974173
优雅就不用拍掌了吗？,969.146,1,16777215,2023-09-09 21:07:50,843953561,6,任务6 交友行动,间谍过家家 粤配版,345974173
铁板踢的真硬,553.018,1,16777215,2023-09-09 21:00:45,843953561,6,任务6 交友行动,间谍过家家 粤配版,345974173
斧头帮是吧，汤药费是吧,605.661,1,16777215,2023-09-04 23:37:38,843953561,6,任务6 交友行动,间谍过家家 粤配版,345974173
天选之子,729.747,1,41194,2023-09-04 19:37:34,843953561,6,任务6 交友行动,间谍过家家 粤配版,345974173
这是计划的一部分,338.707,1,16777215,2023-09-02 06:35:31,843953561,6,任务6 交友行动,间谍过家家 粤配版,345974173
道明寺啊？,1171.007,1,16777215,2023-08-31 12:25:37,843953561,6,任务6 交友行动,间谍过家家 粤配版,345974173
烂衫,190.755,1,16777215,2023-08-30 15:32:46,843953561,6,任务6 交友行动,间谍过家家 粤配版,345974173
喂……,937.425,1,16777215,2023-08-30 07:52:58,843953561,6,任务6 交友行动,间谍过家家 粤配版,345974173
执行C计划啦,854.954,1,16777215,2023-08-28 23:37:46,843953561,6,任务6 交友行动,间谍过家家 粤配版,345974173
stella 在西班牙语是星星的意思,399.442,1,16777215,2023-08-26 13:54:57,843953561,6,任务6 交友行动,间谍过家家 粤配版,345974173
命都没了吧,568.564,1,16777215,2023-08-20 21:56:28,843953561,6,任务6 交友行动,间谍过家家 粤配版,345974173
舒服了,1191.017,1,16777215,2023-08-19 20:44:01,843953561,6,任务6 交友行动,间谍过家家 粤配版,345974173
优雅 实在系好优雅,1276.896,1,16777215,2023-08-15 06:55:39,843953561,6,任务6 交友行动,间谍过家家 粤配版,345974173
核能打击,1098.174,1,16777215,2023-08-15 06:52:41,843953561,6,任务6 交友行动,间谍过家家 粤配版,345974173
优雅。非常之优雅,1001.813,1,16777215,2023-08-15 06:51:04,843953561,6,任务6 交友行动,间谍过家家 粤配版,345974173
优雅,997.965,1,16777215,2023-08-08 21:38:54,843953561,6,任务6 交友行动,间谍过家家 粤配版,345974173
安尼亚好似神乐，粤配音都好似  作者该不会是银魂fans,1107.113,1,16777215,2023-08-07 00:25:49,843953561,6,任务6 交友行动,间谍过家家 粤配版,345974173
个人觉得作者肯定系银魂的fans  安尼亚 酷似神乐,1046.709,1,16777215,2023-08-07 00:23:16,843953561,6,任务6 交友行动,间谍过家家 粤配版,345974173
我妈妈不会做饭会打架,604.35,1,16777215,2023-08-06 18:25:45,843953561,6,任务6 交友行动,间谍过家家 粤配版,345974173
想食点都德！！！！,1092.497,1,16777215,2023-08-05 14:25:49,843953561,6,任务6 交友行动,间谍过家家 粤配版,345974173
但是对于正在被拍照的人来说就是右边。,1343.333,1,16777215,2023-08-05 01:18:16,843953561,6,任务6 交友行动,间谍过家家 粤配版,345974173
次子快跑,1187.794,1,16777215,2023-08-05 01:12:11,843953561,6,任务6 交友行动,间谍过家家 粤配版,345974173
泼说你陪泼你头的哈？,223.848,1,16777215,2023-08-03 20:47:56,843953561,6,任务6 交友行动,间谍过家家 粤配版,345974173
rmb,335.335,1,16777215,2023-08-03 19:49:02,843953561,6,任务6 交友行动,间谍过家家 粤配版,345974173
应该是 90 万,335.335,1,16777215,2023-08-03 19:48:54,843953561,6,任务6 交友行动,间谍过家家 粤配版,345974173
病人好靓,318.266,1,16777215,2023-07-29 12:44:15,843953561,6,任务6 交友行动,间谍过家家 粤配版,345974173
爽！！！！！！,1192.17,1,16777215,2023-07-27 22:58:47,843953561,6,任务6 交友行动,间谍过家家 粤配版,345974173
神之蔑视,1100.378,1,16777215,2023-07-27 22:57:27,843953561,6,任务6 交友行动,间谍过家家 粤配版,345974173
⌓‿⌓⌓‿⌓⌓‿⌓ ⌓‿⌓⌓‿⌓⌓‿⌓ ⌓‿⌓⌓‿⌓⌓‿⌓,1142.476,1,16777215,2023-07-22 18:44:35,843953561,6,任务6 交友行动,间谍过家家 粤配版,345974173
对啊，阿尼亚为什么听不到这几个流氓的内心，剧情不严谨,579.095,1,16777215,2023-07-22 09:51:14,843953561,6,任务6 交友行动,间谍过家家 粤配版,345974173
可爱,260.566,1,16777215,2023-07-19 13:41:50,843953561,6,任务6 交友行动,间谍过家家 粤配版,345974173
舞川内富子,828.268,5,16777215,2023-07-17 22:13:25,843953561,6,任务6 交友行动,间谍过家家 粤配版,345974173
人地啊4,637.46,1,16777215,2023-07-15 21:55:30,843953561,6,任务6 交友行动,间谍过家家 粤配版,345974173
为何不跟你爸学。。。。。。,696.1,1,16777215,2023-07-12 07:10:33,843953561,6,任务6 交友行动,间谍过家家 粤配版,345974173
优雅！实在太优雅了！,301.757,1,15772458,2023-07-12 01:00:47,843953561,6,任务6 交友行动,间谍过家家 粤配版,345974173
班房？监狱？,971.09,5,16777215,2023-07-10 12:20:18,843953561,6,任务6 交友行动,间谍过家家 粤配版,345974173
黑闪？,603.463,5,16777215,2023-07-10 12:13:43,843953561,6,任务6 交友行动,间谍过家家 粤配版,345974173
太优雅了,1268.528,1,16777215,2023-07-05 15:45:41,843953561,6,任务6 交友行动,间谍过家家 粤配版,345974173
prpr,310.799,1,16777215,2023-07-05 07:06:41,843953561,6,任务6 交友行动,间谍过家家 粤配版,345974173
木子田心捷,814.51,1,16777215,2023-07-03 00:24:57,843953561,6,任务6 交友行动,间谍过家家 粤配版,345974173
⌓‿⌓​,1166.759,1,16777215,2023-06-24 21:48:28,843953561,6,任务6 交友行动,间谍过家家 粤配版,345974173
猴赛雷啊,1108.562,5,16777215,2023-06-24 21:47:21,843953561,6,任务6 交友行动,间谍过家家 粤配版,345974173
危 小混混 危,540.497,5,16777215,2023-06-24 21:39:10,843953561,6,任务6 交友行动,间谍过家家 粤配版,345974173
哈哈哈,1240.328,1,16777215,2023-06-22 23:57:25,843953561,6,任务6 交友行动,间谍过家家 粤配版,345974173
⌓‿⌓⌓‿⌓⌓‿⌓⌓‿⌓⌓‿⌓⌓‿⌓,1146.483,1,16777215,2023-06-21 23:00:51,843953561,6,任务6 交友行动,间谍过家家 粤配版,345974173
次子的父母没来,1335.781,1,16777215,2023-06-20 19:41:19,843953561,6,任务6 交友行动,间谍过家家 粤配版,345974173
好优雅啊,1284.126,1,16777215,2023-06-20 19:39:04,843953561,6,任务6 交友行动,间谍过家家 粤配版,345974173
⌓‿⌓,1103.847,1,16777215,2023-06-20 19:30:47,843953561,6,任务6 交友行动,间谍过家家 粤配版,345974173
摸摸头,670.031,1,16777215,2023-06-20 18:40:57,843953561,6,任务6 交友行动,间谍过家家 粤配版,345974173
hhhh比原配还搞笑,225.255,1,16777215,2023-06-20 18:30:46,843953561,6,任务6 交友行动,间谍过家家 粤配版,345974173
其实都几难考嘅（,374.038,1,16777215,2023-06-15 13:59:31,843953561,6,任务6 交友行动,间谍过家家 粤配版,345974173
优雅,1293.945,1,16777215,2023-06-07 00:58:43,843953561,6,任务6 交友行动,间谍过家家 粤配版,345974173
地瓜生（纠正）,772.203,1,16777215,2023-06-03 20:19:22,843953561,6,任务6 交友行动,间谍过家家 粤配版,345974173
哇好会呀,1270.53,1,16777215,2023-06-02 22:25:35,843953561,6,任务6 交友行动,间谍过家家 粤配版,345974173
谁敢绑昏爹的女儿呀,226.377,1,16777215,2023-06-02 17:53:04,843953561,6,任务6 交友行动,间谍过家家 粤配版,345974173
次子好像真的是道明寺的剧本23333,1174.322,1,16777215,2023-05-30 15:44:02,843953561,6,任务6 交友行动,间谍过家家 粤配版,345974173
右啊,1279.535,1,14811775,2023-05-29 22:34:34,843953561,6,任务6 交友行动,间谍过家家 粤配版,345974173
⌓‿⌓⌓‿⌓⌓‿⌓⌓‿⌓⌓‿⌓⌓‿⌓⌓‿⌓⌓‿⌓⌓‿⌓⌓‿⌓⌓‿⌓⌓‿⌓,1173.095,1,14811775,2023-05-29 22:32:34,843953561,6,任务6 交友行动,间谍过家家 粤配版,345974173
⌓‿⌓,1126.587,1,16777215,2023-05-29 08:20:43,843953561,6,任务6 交友行动,间谍过家家 粤配版,345974173
次子声音还不错哎,1030.587,1,16777215,2023-05-29 08:17:25,843953561,6,任务6 交友行动,间谍过家家 粤配版,345974173
条女。。好讨厌嘅叫法,543.256,1,16777215,2023-05-28 21:31:00,843953561,6,任务6 交友行动,间谍过家家 粤配版,345974173
王芬 好耐冇见呀,322.9,1,16777215,2023-05-26 12:47:19,843953561,6,任务6 交友行动,间谍过家家 粤配版,345974173
从sung容，从cung此,1113.633,1,15138834,2023-05-23 01:13:55,843953561,6,任务6 交友行动,间谍过家家 粤配版,345974173
⌓‿⌓,1108.469,1,16777215,2023-05-22 09:54:28,843953561,6,任务6 交友行动,间谍过家家 粤配版,345974173
问题是谁敢绑架你呀,203.564,1,16777215,2023-05-18 22:22:12,843953561,6,任务6 交友行动,间谍过家家 粤配版,345974173
标参，以前叫人质做肉参的,666.041,1,16777215,2023-05-15 05:29:12,843953561,6,任务6 交友行动,间谍过家家 粤配版,345974173
100多万,332.845,1,16777215,2023-05-14 21:47:30,843953561,6,任务6 交友行动,间谍过家家 粤配版,345974173
买广告你去读？,377.504,1,16777215,2023-05-07 15:09:42,843953561,6,任务6 交友行动,间谍过家家 粤配版,345974173
同佢生番个细佬,511.467,1,16777215,2023-05-03 17:08:16,843953561,6,任务6 交友行动,间谍过家家 粤配版,345974173
打得好！,1195.477,1,16777215,2023-05-03 13:18:32,843953561,6,任务6 交友行动,间谍过家家 粤配版,345974173
⌓‿⌓,1113.029,1,16777215,2023-05-03 10:50:11,843953561,6,任务6 交友行动,间谍过家家 粤配版,345974173
⌓‿⌓​,1121.94,1,16777215,2023-04-30 13:25:45,843953561,6,任务6 交友行动,间谍过家家 粤配版,345974173
优雅的菜式系咩啊，好想睇下,995.504,1,16777215,2023-04-30 13:24:13,843953561,6,任务6 交友行动,间谍过家家 粤配版,345974173
欧拉,1198.203,1,16777215,2023-04-29 12:10:01,843953561,6,任务6 交友行动,间谍过家家 粤配版,345974173
还是跳芭蕾吧,438.123,1,16777215,2023-04-29 11:51:18,843953561,6,任务6 交友行动,间谍过家家 粤配版,345974173
鸭嘴兽泰瑞,303.017,1,16777215,2023-04-29 00:40:47,843953561,6,任务6 交友行动,间谍过家家 粤配版,345974173
先集齐八个道馆徽章是吧,402.088,1,16777215,2023-04-16 18:45:12,843953561,6,任务6 交友行动,间谍过家家 粤配版,345974173
嘴型指导：小夫,1208.639,1,16777215,2023-04-13 11:15:51,843953561,6,任务6 交友行动,间谍过家家 粤配版,345974173
要来力！！,819.875,1,16777215,2023-04-12 12:43:09,843953561,6,任务6 交友行动,间谍过家家 粤配版,345974173
⌓‿⌓⌓‿⌓⌓‿⌓,1089.781,1,16777215,2023-04-09 23:49:11,843953561,6,任务6 交友行动,间谍过家家 粤配版,345974173
公费哈哈哈哈,347.077,1,16777215,2023-04-09 17:43:36,843953561,6,任务6 交友行动,间谍过家家 粤配版,345974173
优雅( ⌓‿⌓)ノ)`-' ),1287.987,1,16777215,2023-04-06 18:05:14,843953561,6,任务6 交友行动,间谍过家家 粤配版,345974173
ƪ(⌓‿⌓)ʃ优雅,1106.845,1,16777215,2023-04-06 18:00:56,843953561,6,任务6 交友行动,间谍过家家 粤配版,345974173
⌓‿⌓ʃ优雅,1104.869,1,16777215,2023-04-06 18:00:33,843953561,6,任务6 交友行动,间谍过家家 粤配版,345974173
好自信的次子少爷,894.013,1,14811775,2023-04-05 21:50:29,843953561,6,任务6 交友行动,间谍过家家 粤配版,345974173
⌓‿⌓​,1125.497,1,14811775,2023-04-01 14:38:52,843953561,6,任务6 交友行动,间谍过家家 粤配版,345974173
⌓‿⌓,1103.805,1,16777215,2023-03-30 20:53:22,843953561,6,任务6 交友行动,间谍过家家 粤配版,345974173
突然省实同学出嗮来,160.688,1,16777215,2023-03-28 12:19:22,843953561,6,任务6 交友行动,间谍过家家 粤配版,345974173
天哪次子好可怜,1341.237,1,16777215,2023-03-26 21:06:48,843953561,6,任务6 交友行动,间谍过家家 粤配版,345974173
道明寺少爷，是你串场了吗,895.755,1,16777215,2023-03-26 18:53:48,843953561,6,任务6 交友行动,间谍过家家 粤配版,345974173
⌓‿⌓​,1109.114,1,16777215,2023-03-26 00:30:05,843953561,6,任务6 交友行动,间谍过家家 粤配版,345974173
变~身~~~,442.747,1,16777215,2023-03-23 23:24:16,843953561,6,任务6 交友行动,间谍过家家 粤配版,345974173
“你话事”好听过“你决定”哈,224.414,1,16777215,2023-03-23 23:20:25,843953561,6,任务6 交友行动,间谍过家家 粤配版,345974173
这一拳击碎虚空,1196.789,1,16777215,2023-03-19 16:18:29,843953561,6,任务6 交友行动,间谍过家家 粤配版,345974173
笑死,1090.869,1,16777215,2023-03-19 16:16:17,843953561,6,任务6 交友行动,间谍过家家 粤配版,345974173
真会选人,539.835,1,16777215,2023-03-19 16:06:56,843953561,6,任务6 交友行动,间谍过家家 粤配版,345974173
小夫（幻视）,1208.745,1,16777215,2023-03-15 17:16:27,843953561,6,任务6 交友行动,间谍过家家 粤配版,345974173
阿尼亚：好下头,905.797,1,16777215,2023-03-13 22:15:37,843953561,6,任务6 交友行动,间谍过家家 粤配版,345974173
⌓‿⌓​⌓‿⌓​⌓‿⌓​⌓‿⌓​⌓‿⌓​⌓‿⌓​⌓‿⌓​⌓‿⌓​⌓‿⌓​,1145.008,1,11890,2023-03-09 10:28:31,843953561,6,任务6 交友行动,间谍过家家 粤配版,345974173
笑死,335.648,1,16777215,2023-03-08 14:31:39,843953561,6,任务6 交友行动,间谍过家家 粤配版,345974173
有TVB那味了，好喜欢,1032.725,5,16777215,2023-03-06 20:16:22,843953561,6,任务6 交友行动,间谍过家家 粤配版,345974173
我受够繁文缛节了！,1189.159,1,16777215,2023-03-04 15:55:19,843953561,6,任务6 交友行动,间谍过家家 粤配版,345974173
⌓‿⌓,1125.423,1,15138834,2023-03-02 11:35:50,843953561,6,任务6 交友行动,间谍过家家 粤配版,345974173
⌓‿⌓,1123.143,1,16777215,2023-03-02 11:35:38,843953561,6,任务6 交友行动,间谍过家家 粤配版,345974173
⌓‿⌓⌓‿⌓⌓‿⌓,1158.844,1,16777215,2023-03-01 12:43:00,843953561,6,任务6 交友行动,间谍过家家 粤配版,345974173
特务P,309.553,1,16777215,2023-03-01 10:39:02,843953561,6,任务6 交友行动,间谍过家家 粤配版,345974173
看人真准,535.654,1,16777215,2023-02-28 13:23:33,843953561,6,任务6 交友行动,间谍过家家 粤配版,345974173
玉步，犀利！,987.84,1,16777215,2023-02-27 01:32:32,843953561,6,任务6 交友行动,间谍过家家 粤配版,345974173
不至于  不至于,724.055,1,16777215,2023-02-24 21:07:30,843953561,6,任务6 交友行动,间谍过家家 粤配版,345974173
路走窄了，兄弟们,541.181,1,16777215,2023-02-19 20:27:39,843953561,6,任务6 交友行动,间谍过家家 粤配版,345974173
千里送宾鸠,592.666,1,16777215,2023-02-18 23:54:20,843953561,6,任务6 交友行动,间谍过家家 粤配版,345974173
哈哈哈哈哈,1212.459,1,16777215,2023-02-14 19:56:33,843953561,6,任务6 交友行动,间谍过家家 粤配版,345974173
银牙,1192.58,1,16777215,2023-02-14 19:56:13,843953561,6,任务6 交友行动,间谍过家家 粤配版,345974173
躲喵子,1182.821,1,16777215,2023-02-14 19:55:45,843953561,6,任务6 交友行动,间谍过家家 粤配版,345974173
哈哈哈哈个个都很搞笑绝绝子,1149.142,1,16777215,2023-02-14 19:54:49,843953561,6,任务6 交友行动,间谍过家家 粤配版,345974173
哈哈哈哈哈,1106.652,1,16777215,2023-02-14 19:53:48,843953561,6,任务6 交友行动,间谍过家家 粤配版,345974173
万恶之源,1089.792,1,16777215,2023-02-14 19:53:31,843953561,6,任务6 交友行动,间谍过家家 粤配版,345974173
银牙啊齐,1072.273,1,16777215,2023-02-14 19:53:02,843953561,6,任务6 交友行动,间谍过家家 粤配版,345974173
哈哈哈哈,1017.054,1,16777215,2023-02-14 19:51:23,843953561,6,任务6 交友行动,间谍过家家 粤配版,345974173
哈哈哈,787.766,1,16777215,2023-02-14 19:47:02,843953561,6,任务6 交友行动,间谍过家家 粤配版,345974173
哈哈哈哈粤语超搞笑,720.929,1,16777215,2023-02-14 19:45:28,843953561,6,任务6 交友行动,间谍过家家 粤配版,345974173
松茸？,1108.257,1,16777215,2023-02-14 17:40:27,843953561,6,任务6 交友行动,间谍过家家 粤配版,345974173
老父亲烟花白烧了,167.601,1,16777215,2023-02-13 21:04:42,843953561,6,任务6 交友行动,间谍过家家 粤配版,345974173
⌓‿⌓,1087.852,1,16777215,2023-02-13 10:35:04,843953561,6,任务6 交友行动,间谍过家家 粤配版,345974173
感觉雷电勋章更好看怎么办,427.899,1,16707842,2023-02-11 21:05:20,843953561,6,任务6 交友行动,间谍过家家 粤配版,345974173
厕纸要黎啦！,96.733,1,16777215,2023-02-10 11:26:26,843953561,6,任务6 交友行动,间谍过家家 粤配版,345974173
音效细节,1163.772,1,16777215,2023-02-10 02:37:53,843953561,6,任务6 交友行动,间谍过家家 粤配版,345974173
利拉德？,833.661,1,16777215,2023-02-04 09:47:36,843953561,6,任务6 交友行动,间谍过家家 粤配版,345974173
唔系猴活咩？,806.098,1,16777215,2023-02-04 09:46:46,843953561,6,任务6 交友行动,间谍过家家 粤配版,345974173
死系屋企？,693.565,1,16777215,2023-02-04 09:44:22,843953561,6,任务6 交友行动,间谍过家家 粤配版,345974173
有牌佬,734.95,1,16777215,2023-02-03 14:00:04,843953561,6,任务6 交友行动,间谍过家家 粤配版,345974173
标指,637.443,1,16777215,2023-02-03 01:56:33,843953561,6,任务6 交友行动,间谍过家家 粤配版,345974173
好，特训，教你用螺旋丸,691.368,1,16776960,2023-02-02 23:50:24,843953561,6,任务6 交友行动,间谍过家家 粤配版,345974173
猴赛雷啊,305.406,1,16777215,2023-02-02 23:44:10,843953561,6,任务6 交友行动,间谍过家家 粤配版,345974173
哈哈哈，嘲讽拉满,1121.666,1,15138834,2023-02-02 16:01:00,843953561,6,任务6 交友行动,间谍过家家 粤配版,345974173
小夫,1207.997,5,41194,2023-02-02 00:08:24,843953561,6,任务6 交友行动,间谍过家家 粤配版,345974173
⌓‿⌓⌓‿⌓⌓‿⌓⌓‿⌓⌓‿⌓⌓‿⌓,1144.804,1,16777215,2023-02-01 21:59:54,843953561,6,任务6 交友行动,间谍过家家 粤配版,345974173
bi u身,168.642,1,16777215,2023-01-31 18:38:17,843953561,6,任务6 交友行动,间谍过家家 粤配版,345974173
听了好几遍还是喜欢听,226.271,1,16777215,2023-01-30 22:31:48,843953561,6,任务6 交友行动,间谍过家家 粤配版,345974173
我挑～,1111.302,5,15138834,2023-01-30 01:05:41,843953561,6,任务6 交友行动,间谍过家家 粤配版,345974173
。。。。啊这,691.202,1,16777215,2023-01-30 00:57:44,843953561,6,任务6 交友行动,间谍过家家 粤配版,345974173
特工养娃？,409.002,1,16777215,2023-01-30 00:52:58,843953561,6,任务6 交友行动,间谍过家家 粤配版,345974173
小样，看我不迷死你,898.665,1,16777215,2023-01-29 22:40:14,843953561,6,任务6 交友行动,间谍过家家 粤配版,345974173
⌓‿⌓瓜神,1110.89,1,16777215,2023-01-29 13:20:21,843953561,6,任务6 交友行动,间谍过家家 粤配版,345974173
抵死,590.221,1,16777215,2023-01-29 00:38:22,843953561,6,任务6 交友行动,间谍过家家 粤配版,345974173
欧拉！,1187.969,1,14811775,2023-01-28 21:11:22,843953561,6,任务6 交友行动,间谍过家家 粤配版,345974173
炒（鱿鱼）了,624.2,1,16777215,2023-01-28 12:54:58,843953561,6,任务6 交友行动,间谍过家家 粤配版,345974173
攻略,1270.913,1,16777215,2023-01-27 14:59:26,843953561,6,任务6 交友行动,间谍过家家 粤配版,345974173
慕容云海,1173.75,1,16777215,2023-01-27 14:57:42,843953561,6,任务6 交友行动,间谍过家家 粤配版,345974173
很不安怎去优雅,990.693,1,16777215,2023-01-27 14:54:05,843953561,6,任务6 交友行动,间谍过家家 粤配版,345974173
斯内普,736.836,1,16777215,2023-01-27 14:49:50,843953561,6,任务6 交友行动,间谍过家家 粤配版,345974173
麻瓜,154.329,1,16777215,2023-01-27 14:41:40,843953561,6,任务6 交友行动,间谍过家家 粤配版,345974173
⌓‿⌓,1152.466,1,16777215,2023-01-27 00:07:00,843953561,6,任务6 交友行动,间谍过家家 粤配版,345974173
英语听某明啊,227.37,1,16777215,2023-01-26 13:43:30,843953561,6,任务6 交友行动,间谍过家家 粤配版,345974173
Old Money,100.072,1,16777215,2023-01-26 00:27:35,843953561,6,任务6 交友行动,间谍过家家 粤配版,345974173
拔雷吧，上将,691.671,1,16777215,2023-01-25 13:16:09,843953561,6,任务6 交友行动,间谍过家家 粤配版,345974173
⌓‿⌓,1123.906,1,16777215,2023-01-23 21:57:17,843953561,6,任务6 交友行动,间谍过家家 粤配版,345974173
⌓‿⌓,1115.258,1,16777215,2023-01-23 20:05:55,843953561,6,任务6 交友行动,间谍过家家 粤配版,345974173
柒的配音演员吧,235.869,1,16777215,2023-01-23 18:19:43,843953561,6,任务6 交友行动,间谍过家家 粤配版,345974173
⌓‿⌓,1099.515,1,16777215,2023-01-23 11:02:52,843953561,6,任务6 交友行动,间谍过家家 粤配版,345974173
⌓‿⌓,1088.773,1,14811775,2023-01-23 11:02:20,843953561,6,任务6 交友行动,间谍过家家 粤配版,345974173
优雅,1275.439,1,16777215,2023-01-22 21:40:00,843953561,6,任务6 交友行动,间谍过家家 粤配版,345974173
呢几条嫌命长嘅蛋散,544.899,1,16707842,2023-01-22 18:08:15,843953561,6,任务6 交友行动,间谍过家家 粤配版,345974173
包蛋眼,198.738,1,16777215,2023-01-22 11:19:06,843953561,6,任务6 交友行动,间谍过家家 粤配版,345974173
班人？班由！,606.811,5,16646914,2023-01-21 12:41:56,843953561,6,任务6 交友行动,间谍过家家 粤配版,345974173
⌓‿⌓,1137.187,1,16777215,2023-01-19 00:26:45,843953561,6,任务6 交友行动,间谍过家家 粤配版,345974173
去q去q.qq去q去q去q,927.722,1,16777215,2023-01-18 07:55:43,843953561,6,任务6 交友行动,间谍过家家 粤配版,345974173
不考虑了,1216.956,1,16777215,2023-01-17 17:12:48,843953561,6,任务6 交友行动,间谍过家家 粤配版,345974173
嗨 古里古,321.809,5,16777215,2023-01-16 14:46:02,843953561,6,任务6 交友行动,间谍过家家 粤配版,345974173
舍伍德哈哈哈哈,327.574,1,16777215,2023-01-15 14:03:40,843953561,6,任务6 交友行动,间谍过家家 粤配版,345974173
⌓‿⌓​,1099.838,1,16777215,2023-01-15 06:13:57,843953561,6,任务6 交友行动,间谍过家家 粤配版,345974173
割你个肺,806.305,1,16777215,2023-01-15 05:15:16,843953561,6,任务6 交友行动,间谍过家家 粤配版,345974173
放8次大英雄宝具,397.8,1,16777215,2023-01-14 23:57:00,843953561,6,任务6 交友行动,间谍过家家 粤配版,345974173
一时唔记得  哈哈哈,130.045,1,16777215,2023-01-14 01:40:10,843953561,6,任务6 交友行动,间谍过家家 粤配版,345974173
上吉普,691.176,1,16777215,2023-01-13 01:25:23,843953561,6,任务6 交友行动,间谍过家家 粤配版,345974173
收手啦，外面全是杀手,577.874,1,16777215,2023-01-12 23:57:47,843953561,6,任务6 交友行动,间谍过家家 粤配版,345974173
跟我比卡超有仇？,425.425,1,16777215,2023-01-12 23:54:59,843953561,6,任务6 交友行动,间谍过家家 粤配版,345974173
宠物小精灵？,400.294,1,16777215,2023-01-12 23:54:25,843953561,6,任务6 交友行动,间谍过家家 粤配版,345974173
⌓‿⌓,1143.187,1,14811775,2023-01-12 21:17:37,843953561,6,任务6 交友行动,间谍过家家 粤配版,345974173
一见钟情笑死我了,894.419,1,16777215,2023-01-11 20:08:27,843953561,6,任务6 交友行动,间谍过家家 粤配版,345974173
老是跳戏楚门2333,320.126,1,16777215,2023-01-11 19:57:32,843953561,6,任务6 交友行动,间谍过家家 粤配版,345974173
笑死我了,224.125,1,16777215,2023-01-11 19:54:58,843953561,6,任务6 交友行动,间谍过家家 粤配版,345974173
好优雅,1275.94,1,16777215,2023-01-11 13:11:47,843953561,6,任务6 交友行动,间谍过家家 粤配版,345974173
拔萃女書院,129.642,5,15138834,2023-01-11 11:57:29,843953561,6,任务6 交友行动,间谍过家家 粤配版,345974173
⌓‿⌓,1087.545,1,16777215,2023-01-11 11:34:12,843953561,6,任务6 交友行动,间谍过家家 粤配版,345974173
混·危,568.801,1,16777215,2023-01-11 11:25:04,843953561,6,任务6 交友行动,间谍过家家 粤配版,345974173
哈哈～我寄了～,891.387,1,16777215,2023-01-10 23:41:05,843953561,6,任务6 交友行动,间谍过家家 粤配版,345974173
优雅!实在是太优雅了!,1191.535,1,16777215,2023-01-10 22:13:24,843953561,6,任务6 交友行动,间谍过家家 粤配版,345974173
好优雅,1272.635,1,16777215,2023-01-09 20:54:55,843953561,6,任务6 交友行动,间谍过家家 粤配版,345974173
优雅,994.065,1,16777215,2023-01-09 20:49:29,843953561,6,任务6 交友行动,间谍过家家 粤配版,345974173
好Q好得意啵,445.967,1,16777215,2023-01-09 20:02:24,843953561,6,任务6 交友行动,间谍过家家 粤配版,345974173
次——————子——————————————,692.435,1,16777215,2023-01-09 14:01:02,843953561,6,任务6 交友行动,间谍过家家 粤配版,345974173
穿校服逛街 不怕绑架？,463.016,1,16777215,2023-01-08 17:51:42,843953561,6,任务6 交友行动,间谍过家家 粤配版,345974173
⌓‿⌓​,1171.218,5,15138834,2023-01-08 03:42:19,843953561,6,任务6 交友行动,间谍过家家 粤配版,345974173
那绑架犯应该害怕他俩才对,219.346,1,16777215,2023-01-07 21:44:50,843953561,6,任务6 交友行动,间谍过家家 粤配版,345974173
⌓‿⌓,1101.093,1,16777215,2023-01-07 18:24:19,843953561,6,任务6 交友行动,间谍过家家 粤配版,345974173
⌓‿⌓,1099.163,1,16777215,2023-01-07 18:24:03,843953561,6,任务6 交友行动,间谍过家家 粤配版,345974173
⌓‿⌓,1100.014,1,16777215,2023-01-07 18:23:19,843953561,6,任务6 交友行动,间谍过家家 粤配版,345974173
摸头杀,669.926,1,16777215,2023-01-07 14:47:02,843953561,6,任务6 交友行动,间谍过家家 粤配版,345974173
缸！,785.002,1,16777215,2023-01-07 04:54:46,843953561,6,任务6 交友行动,间谍过家家 粤配版,345974173
两厘,107.99,1,16777215,2023-01-07 00:48:37,843953561,6,任务6 交友行动,间谍过家家 粤配版,345974173
好优雅,1275.09,1,16777215,2023-01-06 20:17:58,843953561,6,任务6 交友行动,间谍过家家 粤配版,345974173
⌓‿⌓⌓‿⌓⌓‿⌓,1091.771,1,16777215,2023-01-06 17:18:13,843953561,6,任务6 交友行动,间谍过家家 粤配版,345974173
⌓‿⌓,1098.678,1,16777215,2023-01-05 20:57:34,843953561,6,任务6 交友行动,间谍过家家 粤配版,345974173
⌓‿⌓⌓‿⌓⌓‿⌓⌓‿⌓⌓‿⌓⌓‿⌓,1145.652,1,16777215,2023-01-05 12:51:11,843953561,6,任务6 交友行动,间谍过家家 粤配版,345974173
被选中既细路,737.178,1,16777215,2023-01-04 18:20:47,843953561,6,任务6 交友行动,间谍过家家 粤配版,345974173
 C栋经理室,965.262,1,16777215,2023-01-04 17:39:39,843953561,6,任务6 交友行动,间谍过家家 粤配版,345974173
哈哈~~(邪魅),890.705,1,16777215,2023-01-03 16:53:04,843953561,6,任务6 交友行动,间谍过家家 粤配版,345974173
握紧拳头猛挥手，打在下巴耳根间,1187.222,1,16777215,2023-01-01 22:09:14,843953561,6,任务6 交友行动,间谍过家家 粤配版,345974173
眼碌碌~哦~哦~,86.685,1,16777215,2023-01-01 20:14:24,843953561,6,任务6 交友行动,间谍过家家 粤配版,345974173
这是计划的一部分,350.762,1,16777215,2023-01-01 14:59:44,843953561,6,任务6 交友行动,间谍过家家 粤配版,345974173
小夫相,1208.105,1,16777215,2023-01-01 10:21:14,843953561,6,任务6 交友行动,间谍过家家 粤配版,345974173
一个地鼠一个萝卜,1023.705,1,16777215,2022-12-31 22:57:24,843953561,6,任务6 交友行动,间谍过家家 粤配版,345974173
右上矚目,1334.391,1,16777215,2022-12-31 21:41:58,843953561,6,任务6 交友行动,间谍过家家 粤配版,345974173
[ohh],1195.247,5,15138834,2022-12-31 17:25:39,843953561,6,任务6 交友行动,间谍过家家 粤配版,345974173
⌓‿⌓,1143.573,1,16777215,2022-12-30 21:44:12,843953561,6,任务6 交友行动,间谍过家家 粤配版,345974173
煮餸,535.974,1,16777215,2022-12-30 21:32:48,843953561,6,任务6 交友行动,间谍过家家 粤配版,345974173
哎~,564.82,5,16777215,2022-12-30 19:55:09,843953561,6,任务6 交友行动,间谍过家家 粤配版,345974173
⌓‿⌓,1103.202,1,16777215,2022-12-30 18:44:28,843953561,6,任务6 交友行动,间谍过家家 粤配版,345974173
⌓‿⌓,1103.202,1,16777215,2022-12-30 18:44:06,843953561,6,任务6 交友行动,间谍过家家 粤配版,345974173
银牙,682.322,1,16777215,2022-12-30 18:12:58,843953561,6,任务6 交友行动,间谍过家家 粤配版,345974173
见家长即视感（大雾）,865.885,1,16707842,2022-12-29 19:38:41,843953561,6,任务6 交友行动,间谍过家家 粤配版,345974173
去学咏春吧,693.879,1,16777215,2022-12-29 16:06:03,843953561,6,任务6 交友行动,间谍过家家 粤配版,345974173
还是粤语带劲,239.519,1,16777215,2022-12-29 15:57:24,843953561,6,任务6 交友行动,间谍过家家 粤配版,345974173
噔  噔  咚,529.168,5,16707842,2022-12-29 08:12:20,843953561,6,任务6 交友行动,间谍过家家 粤配版,345974173
帕瓦（幻视）,314.511,5,41194,2022-12-29 08:07:58,843953561,6,任务6 交友行动,间谍过家家 粤配版,345974173
听住啦 你条数慢慢还,761.705,1,16777215,2022-12-29 05:47:11,843953561,6,任务6 交友行动,间谍过家家 粤配版,345974173
打和～,442.086,1,16777215,2022-12-29 05:40:52,843953561,6,任务6 交友行动,间谍过家家 粤配版,345974173
省实难考d,367.083,1,16777215,2022-12-29 05:39:21,843953561,6,任务6 交友行动,间谍过家家 粤配版,345974173
省实实锤,134.814,1,16777215,2022-12-29 05:34:44,843953561,6,任务6 交友行动,间谍过家家 粤配版,345974173
E L E G A N T,1002.656,5,16765698,2022-12-28 21:35:19,843953561,6,任务6 交友行动,间谍过家家 粤配版,345974173
心存犹豫，就不要“开枪”,1184.244,5,16777215,2022-12-28 20:55:59,843953561,6,任务6 交友行动,间谍过家家 粤配版,345974173
佢咪系有个细佬，明白,997.76,1,16777215,2022-12-27 23:59:28,843953561,6,任务6 交友行动,间谍过家家 粤配版,345974173
松茸,1137.896,1,16777215,2022-12-27 21:17:07,843953561,6,任务6 交友行动,间谍过家家 粤配版,345974173
粤配针不戳,1276.522,1,16777215,2022-12-27 09:26:01,843953561,6,任务6 交友行动,间谍过家家 粤配版,345974173
笑死了,1127.098,1,16777215,2022-12-27 09:23:10,843953561,6,任务6 交友行动,间谍过家家 粤配版,345974173
犀利！必杀铁拳,1075.346,1,16777215,2022-12-27 00:26:57,843953561,6,任务6 交友行动,间谍过家家 粤配版,345974173
路走窄了，年轻人,598.418,1,16777215,2022-12-27 00:12:28,843953561,6,任务6 交友行动,间谍过家家 粤配版,345974173
厕纸登场,861.0,1,16777215,2022-12-26 21:33:10,843953561,6,任务6 交友行动,间谍过家家 粤配版,345974173
⌓‿⌓,1150.603,1,16777215,2022-12-26 16:50:06,843953561,6,任务6 交友行动,间谍过家家 粤配版,345974173
回班房？,967.706,5,16776960,2022-12-25 20:55:15,843953561,6,任务6 交友行动,间谍过家家 粤配版,345974173
你记得找反昨晚果条过夜数,321.698,5,16776960,2022-12-25 20:44:10,843953561,6,任务6 交友行动,间谍过家家 粤配版,345974173
你说的病人，他暴躁么,275.207,5,16776960,2022-12-25 20:42:34,843953561,6,任务6 交友行动,间谍过家家 粤配版,345974173
⌓‿⌓​   ⌓‿⌓​   ⌓‿⌓​,1094.198,1,16777215,2022-12-25 11:41:20,843953561,6,任务6 交友行动,间谍过家家 粤配版,345974173
主不在乎,1100.066,1,16777215,2022-12-25 08:19:53,843953561,6,任务6 交友行动,间谍过家家 粤配版,345974173
真会挑人,537.242,5,15138834,2022-12-24 18:20:31,843953561,6,任务6 交友行动,间谍过家家 粤配版,345974173
好孤独啊，就他一个人。,1342.999,1,16777215,2022-12-24 16:26:58,843953561,6,任务6 交友行动,间谍过家家 粤配版,345974173
为什么他打人的时候都是面无表情的，这难道就是你们常常说的无情铁拳？,1192.289,1,16777215,2022-12-24 16:15:20,843953561,6,任务6 交友行动,间谍过家家 粤配版,345974173
天哪，这么小就会拉帮结派啊，这活的太累了。,1034.685,1,16777215,2022-12-24 16:11:14,843953561,6,任务6 交友行动,间谍过家家 粤配版,345974173
讲大话要诚意  哈哈哈,1223.791,1,16777215,2022-12-23 18:58:22,843953561,6,任务6 交友行动,间谍过家家 粤配版,345974173
闺蜜,918.212,1,16777215,2022-12-22 09:51:12,843953561,6,任务6 交友行动,间谍过家家 粤配版,345974173
神之宣告,728.144,1,16777215,2022-12-22 00:38:47,843953561,6,任务6 交友行动,间谍过家家 粤配版,345974173
危，指小混混,562.001,1,16777215,2022-12-21 20:27:22,843953561,6,任务6 交友行动,间谍过家家 粤配版,345974173
反正报销嘅，怕咩,214.476,1,16777215,2022-12-21 20:21:34,843953561,6,任务6 交友行动,间谍过家家 粤配版,345974173
小丸子配音哈哈哈哈,1157.305,1,16777215,2022-12-21 08:47:54,843953561,6,任务6 交友行动,间谍过家家 粤配版,345974173
细坳,817.296,1,16777215,2022-12-21 01:00:45,843953561,6,任务6 交友行动,间谍过家家 粤配版,345974173
汤药费,605.162,1,16777215,2022-12-20 00:39:14,843953561,6,任务6 交友行动,间谍过家家 粤配版,345974173
吔蕉啦,635.219,1,16777215,2022-12-19 23:58:31,843953561,6,任务6 交友行动,间谍过家家 粤配版,345974173
老豆打他？连看都不看多一眼……还能有打的回事？,1207.573,1,16777215,2022-12-19 15:44:08,843953561,6,任务6 交友行动,间谍过家家 粤配版,345974173
香克斯行为,1269.875,1,16777215,2022-12-19 11:56:41,843953561,6,任务6 交友行动,间谍过家家 粤配版,345974173
华附满分,138.167,1,16777215,2022-12-18 13:16:44,843953561,6,任务6 交友行动,间谍过家家 粤配版,345974173
全都要,1313.788,1,14811775,2022-12-17 23:59:18,843953561,6,任务6 交友行动,间谍过家家 粤配版,345974173
代夫？,1209.767,1,14811775,2022-12-17 23:57:27,843953561,6,任务6 交友行动,间谍过家家 粤配版,345974173
秒变？,1123.836,1,14811775,2022-12-17 23:55:16,843953561,6,任务6 交友行动,间谍过家家 粤配版,345974173
将优雅进行到底,967.506,1,14811775,2022-12-17 23:52:30,843953561,6,任务6 交友行动,间谍过家家 粤配版,345974173
感觉好虚,730.108,1,14811775,2022-12-17 23:48:14,843953561,6,任务6 交友行动,间谍过家家 粤配版,345974173
黑暗料理登场？,529.489,1,14811775,2022-12-17 23:44:49,843953561,6,任务6 交友行动,间谍过家家 粤配版,345974173
全都有,428.028,1,14811775,2022-12-17 23:42:55,843953561,6,任务6 交友行动,间谍过家家 粤配版,345974173
点解约儿唔洗上班咁？,266.912,1,16777215,2022-12-17 22:34:08,843953561,6,任务6 交友行动,间谍过家家 粤配版,345974173
⌓‿⌓,1312.644,1,16777215,2022-12-17 18:56:34,843953561,6,任务6 交友行动,间谍过家家 粤配版,345974173
⌓‿⌓,1107.929,1,16777215,2022-12-17 18:52:58,843953561,6,任务6 交友行动,间谍过家家 粤配版,345974173
⌓‿⌓,1090.968,1,16777215,2022-12-17 18:52:38,843953561,6,任务6 交友行动,间谍过家家 粤配版,345974173
有一说一只要她身边有优等生考试不就不愁了么,436.805,1,16777215,2022-12-17 18:38:44,843953561,6,任务6 交友行动,间谍过家家 粤配版,345974173
好高级,389.155,5,16777215,2022-12-17 14:15:06,843953561,6,任务6 交友行动,间谍过家家 粤配版,345974173
外卖,284.715,5,16777215,2022-12-17 14:13:06,843953561,6,任务6 交友行动,间谍过家家 粤配版,345974173
好拽啊,850.023,1,16777215,2022-12-17 12:18:15,843953561,6,任务6 交友行动,间谍过家家 粤配版,345974173
你舅宠她吧,486.248,1,16777215,2022-12-17 12:16:34,843953561,6,任务6 交友行动,间谍过家家 粤配版,345974173
路走窄了,544.914,1,16777215,2022-12-17 00:36:40,843953561,6,任务6 交友行动,间谍过家家 粤配版,345974173
喽豆喽呐两米？,205.822,1,16777215,2022-12-16 18:53:34,843953561,6,任务6 交友行动,间谍过家家 粤配版,345974173
我怀疑他们上把是在贪军费,91.021,1,16777215,2022-12-16 16:34:20,843953561,6,任务6 交友行动,间谍过家家 粤配版,345974173
有些洗洗还能吃,658.16,1,16777215,2022-12-16 00:19:45,843953561,6,任务6 交友行动,间谍过家家 粤配版,345974173
EE,145.264,1,16777215,2022-12-15 13:38:28,843953561,6,任务6 交友行动,间谍过家家 粤配版,345974173
阿尼亚：www哭哭,183.376,1,16777215,2022-12-14 22:12:40,843953561,6,任务6 交友行动,间谍过家家 粤配版,345974173
母女感情的助攻,547.477,1,16777215,2022-12-13 19:12:16,843953561,6,任务6 交友行动,间谍过家家 粤配版,345974173
优雅的菜式,998.695,1,16777215,2022-12-13 16:36:22,843953561,6,任务6 交友行动,间谍过家家 粤配版,345974173
⌓‿⌓,1103.058,1,16777215,2022-12-11 21:28:54,843953561,6,任务6 交友行动,间谍过家家 粤配版,345974173
究极嘲讽,1096.912,1,16777215,2022-12-11 19:49:24,843953561,6,任务6 交友行动,间谍过家家 粤配版,345974173
12+,92.449,1,16777215,2022-12-11 16:21:35,843953561,6,任务6 交友行动,间谍过家家 粤配版,345974173
漆黑意志！,1180.432,1,16777215,2022-12-11 15:22:05,843953561,6,任务6 交友行动,间谍过家家 粤配版,345974173
魔王养成记..,735.787,1,16777215,2022-12-11 14:11:00,843953561,6,任务6 交友行动,间谍过家家 粤配版,345974173
摸头杀..,666.0,1,16777215,2022-12-11 14:09:50,843953561,6,任务6 交友行动,间谍过家家 粤配版,345974173
德棍徽章..,430.121,1,16777215,2022-12-11 13:48:43,843953561,6,任务6 交友行动,间谍过家家 粤配版,345974173
棒棒哒,482.662,1,16777215,2022-12-11 10:30:45,843953561,6,任务6 交友行动,间谍过家家 粤配版,345974173
⌓‿⌓,1100.624,1,16707842,2022-12-10 20:24:32,843953561,6,任务6 交友行动,间谍过家家 粤配版,345974173
粤配版yyds,44.519,1,15138834,2022-12-10 20:14:09,843953561,6,任务6 交友行动,间谍过家家 粤配版,345974173
很不安怎去优雅,726.782,1,15138834,2022-12-10 19:59:53,843953561,6,任务6 交友行动,间谍过家家 粤配版,345974173
鸭嘴兽泰瑞,297.15,5,16646914,2022-12-10 14:28:07,843953561,6,任务6 交友行动,间谍过家家 粤配版,345974173
spsp,1002.987,1,16777215,2022-12-09 14:35:36,843953561,6,任务6 交友行动,间谍过家家 粤配版,345974173
开局埋雷，不愧是你,1318.575,1,16777215,2022-12-09 12:32:43,843953561,6,任务6 交友行动,间谍过家家 粤配版,345974173
经典表情包上线,1110.151,1,16777215,2022-12-09 10:57:03,843953561,6,任务6 交友行动,间谍过家家 粤配版,345974173
影牙城堡厨房,992.53,1,16777215,2022-12-09 04:53:57,843953561,6,任务6 交友行动,间谍过家家 粤配版,345974173
很不安怎去优雅,426.587,1,16777215,2022-12-08 21:13:43,843953561,6,任务6 交友行动,间谍过家家 粤配版,345974173
你哋班扑街仔系度做咩啊,606.466,1,16777215,2022-12-08 19:00:24,843953561,6,任务6 交友行动,间谍过家家 粤配版,345974173
原来你要返工架,281.712,1,16707842,2022-12-08 12:07:33,843953561,6,任务6 交友行动,间谍过家家 粤配版,345974173
小伙子们路走窄了,543.757,5,16777215,2022-12-07 18:38:30,843953561,6,任务6 交友行动,间谍过家家 粤配版,345974173
你自己话要打好关系a,1312.791,1,16777215,2022-12-06 22:53:15,843953561,6,任务6 交友行动,间谍过家家 粤配版,345974173
stella！！！,397.366,1,16777215,2022-12-04 23:46:24,843953561,6,任务6 交友行动,间谍过家家 粤配版,345974173
⌓‿⌓⌓‿⌓⌓‿⌓⌓‿⌓⌓‿⌓⌓‿⌓,1147.433,1,16777215,2022-12-04 23:39:47,843953561,6,任务6 交友行动,间谍过家家 粤配版,345974173
优雅,651.154,1,16777215,2022-12-04 23:26:02,843953561,6,任务6 交友行动,间谍过家家 粤配版,345974173
路走窄了,548.305,1,16777215,2022-12-04 13:21:13,843953561,6,任务6 交友行动,间谍过家家 粤配版,345974173
瓜神好忙啊,1137.935,1,16777215,2022-12-03 22:26:52,843953561,6,任务6 交友行动,间谍过家家 粤配版,345974173
拉满仇恨了,1102.195,1,16777215,2022-12-03 22:26:03,843953561,6,任务6 交友行动,间谍过家家 粤配版,345974173
闪婚,131.459,1,16777215,2022-12-03 18:56:51,843953561,6,任务6 交友行动,间谍过家家 粤配版,345974173
充能100%,1184.02,5,15138834,2022-12-03 12:36:40,843953561,6,任务6 交友行动,间谍过家家 粤配版,345974173
哇塞。。。。,1265.474,1,16777215,2022-12-02 22:12:36,843953561,6,任务6 交友行动,间谍过家家 粤配版,345974173
笑死我了。,1124.26,1,16777215,2022-12-02 22:10:15,843953561,6,任务6 交友行动,间谍过家家 粤配版,345974173
用这么多真能力，不会流鼻血吗？,971.108,1,16777215,2022-12-02 22:07:42,843953561,6,任务6 交友行动,间谍过家家 粤配版,345974173
一箭双雕,1330.27,1,16777215,2022-12-02 18:37:11,843953561,6,任务6 交友行动,间谍过家家 粤配版,345974173
⌓‿⌓​,1136.253,5,15138834,2022-12-02 18:21:47,843953561,6,任务6 交友行动,间谍过家家 粤配版,345974173
智慧的眼神（,1239.787,1,16777215,2022-12-01 13:21:45,843953561,6,任务6 交友行动,间谍过家家 粤配版,345974173
哈～哈～～,888.594,1,16777215,2022-12-01 12:58:14,843953561,6,任务6 交友行动,间谍过家家 粤配版,345974173
小孩子无论男女一般都是女配音,1147.436,1,16777215,2022-12-01 12:44:20,843953561,6,任务6 交友行动,间谍过家家 粤配版,345974173
爱新觉罗·经痛,810.398,1,16777215,2022-12-01 12:38:11,843953561,6,任务6 交友行动,间谍过家家 粤配版,345974173
摸头杀,666.769,1,16777215,2022-12-01 12:36:03,843953561,6,任务6 交友行动,间谍过家家 粤配版,345974173
阿布,1104.952,1,16777215,2022-12-01 01:09:39,843953561,6,任务6 交友行动,间谍过家家 粤配版,345974173
有超能力洗Q训咩,692.644,1,16777215,2022-11-28 00:16:13,843953561,6,任务6 交友行动,间谍过家家 粤配版,345974173
啊～～～～～,789.606,1,16777215,2022-11-27 22:14:00,843953561,6,任务6 交友行动,间谍过家家 粤配版,345974173
优雅,1274.205,1,16777215,2022-11-26 21:30:21,843953561,6,任务6 交友行动,间谍过家家 粤配版,345974173
可惜了这些菜了,655.505,1,16777215,2022-11-26 19:55:16,843953561,6,任务6 交友行动,间谍过家家 粤配版,345974173
好恶劣的话,1179.158,1,16777215,2022-11-26 16:43:59,843953561,6,任务6 交友行动,间谍过家家 粤配版,345974173
强大的人都是为了别人,1276.01,1,16777215,2022-11-25 16:13:50,843953561,6,任务6 交友行动,间谍过家家 粤配版,345974173
日式英语？？,229.134,1,16777215,2022-11-24 22:37:47,843953561,6,任务6 交友行动,间谍过家家 粤配版,345974173
哨牙仔！四驱兄弟也是配音哨牙仔,1030.461,1,16777215,2022-11-24 20:46:04,843953561,6,任务6 交友行动,间谍过家家 粤配版,345974173
恭喜你个女去到华师附中读书喔,140.011,1,16777215,2022-11-24 19:36:48,843953561,6,任务6 交友行动,间谍过家家 粤配版,345974173
笑裂了,913.943,1,16777215,2022-11-24 12:18:38,843953561,6,任务6 交友行动,间谍过家家 粤配版,345974173
周冠宇点名,647.592,5,16777215,2022-11-24 04:24:09,843953561,6,任务6 交友行动,间谍过家家 粤配版,345974173
⌓‿⌓​,1149.202,1,16707842,2022-11-23 13:22:24,843953561,6,任务6 交友行动,间谍过家家 粤配版,345974173
⌓‿⌓​ ⌓‿⌓​,1100.136,1,16777215,2022-11-23 13:21:26,843953561,6,任务6 交友行动,间谍过家家 粤配版,345974173
收集龙珠是吧,403.832,1,16777215,2022-11-23 00:48:17,843953561,6,任务6 交友行动,间谍过家家 粤配版,345974173
⌓‿⌓,1096.359,1,16777215,2022-11-23 00:45:44,843953561,6,任务6 交友行动,间谍过家家 粤配版,345974173
哈哈哈哈哈,1211.859,1,16777215,2022-11-22 00:15:18,843953561,6,任务6 交友行动,间谍过家家 粤配版,345974173
⌓‿⌓,1176.862,1,16777215,2022-11-22 00:12:52,843953561,6,任务6 交友行动,间谍过家家 粤配版,345974173
名场面,1082.199,1,16777215,2022-11-21 04:18:18,843953561,6,任务6 交友行动,间谍过家家 粤配版,345974173
松茸？？,1105.075,1,16777215,2022-11-20 22:32:28,843953561,6,任务6 交友行动,间谍过家家 粤配版,345974173
⌓‿⌓,1124.529,1,16777215,2022-11-20 15:23:33,843953561,6,任务6 交友行动,间谍过家家 粤配版,345974173
镖芯,466.157,1,16777215,2022-11-20 15:10:20,843953561,6,任务6 交友行动,间谍过家家 粤配版,345974173
养成游戏,408.357,1,16777215,2022-11-20 15:09:02,843953561,6,任务6 交友行动,间谍过家家 粤配版,345974173
⌓‿⌓​,1110.008,1,16777215,2022-11-19 23:46:06,843953561,6,任务6 交友行动,间谍过家家 粤配版,345974173
优雅至极,1274.186,1,16777215,2022-11-19 15:28:02,843953561,6,任务6 交友行动,间谍过家家 粤配版,345974173
好优雅,1277.242,1,16777215,2022-11-19 14:45:35,843953561,6,任务6 交友行动,间谍过家家 粤配版,345974173
你逢田姐当然会做了,489.853,1,16777215,2022-11-19 13:17:05,843953561,6,任务6 交友行动,间谍过家家 粤配版,345974173
鼻血,307.388,1,16777215,2022-11-19 12:08:13,843953561,6,任务6 交友行动,间谍过家家 粤配版,345974173
明明是D,288.908,1,16777215,2022-11-18 16:13:07,843953561,6,任务6 交友行动,间谍过家家 粤配版,345974173
考得好就会有好吃的,1010.301,1,16777215,2022-11-18 04:37:39,843953561,6,任务6 交友行动,间谍过家家 粤配版,345974173
马尔福少爷和他的两个跟班布拉克和高尔,1023.0,1,16777215,2022-11-17 22:13:49,843953561,6,任务6 交友行动,间谍过家家 粤配版,345974173
⌓‿⌓,1097.65,5,16707842,2022-11-17 22:02:29,843953561,6,任务6 交友行动,间谍过家家 粤配版,345974173
欧拉,1189.011,5,41194,2022-11-17 21:24:10,843953561,6,任务6 交友行动,间谍过家家 粤配版,345974173
.下辈子注意点。,562.674,1,16777215,2022-11-17 21:16:51,843953561,6,任务6 交友行动,间谍过家家 粤配版,345974173
至少是C,278.154,1,16777215,2022-11-17 21:11:56,843953561,6,任务6 交友行动,间谍过家家 粤配版,345974173
都是光之逆子哈哈哈,388.369,1,15138834,2022-11-17 17:33:25,843953561,6,任务6 交友行动,间谍过家家 粤配版,345974173
好一个社交悍匪呀,517.103,1,16777215,2022-11-17 13:33:22,843953561,6,任务6 交友行动,间谍过家家 粤配版,345974173
怎么哪里都有梨黑,493.053,5,16707842,2022-11-17 12:13:08,843953561,6,任务6 交友行动,间谍过家家 粤配版,345974173
⌓‿⌓​⌓‿⌓​⌓‿⌓​⌓‿⌓​⌓‿⌓​⌓‿⌓​⌓‿⌓​⌓‿⌓​⌓‿⌓​,1134.502,1,41194,2022-11-17 08:35:36,843953561,6,任务6 交友行动,间谍过家家 粤配版,345974173
⌓‿⌓​,1122.257,1,41194,2022-11-17 08:35:00,843953561,6,任务6 交友行动,间谍过家家 粤配版,345974173
灾难吗？,531.387,1,16777215,2022-11-17 00:13:15,843953561,6,任务6 交友行动,间谍过家家 粤配版,345974173
这么远都能听到,978.474,1,16777215,2022-11-16 23:25:02,843953561,6,任务6 交友行动,间谍过家家 粤配版,345974173
菜——,600.313,1,16777215,2022-11-16 22:26:01,843953561,6,任务6 交友行动,间谍过家家 粤配版,345974173
这边不是左吗？,1340.377,1,16777215,2022-11-16 21:53:58,843953561,6,任务6 交友行动,间谍过家家 粤配版,345974173
⌓‿⌓,1162.066,1,16777215,2022-11-16 12:53:59,843953561,6,任务6 交友行动,间谍过家家 粤配版,345974173
⌓‿⌓,1136.979,1,16777215,2022-11-16 12:53:32,843953561,6,任务6 交友行动,间谍过家家 粤配版,345974173
 ⌓‿⌓,1088.936,1,16777215,2022-11-16 12:52:38,843953561,6,任务6 交友行动,间谍过家家 粤配版,345974173
世界名画,1100.883,1,16707842,2022-11-15 21:16:25,843953561,6,任务6 交友行动,间谍过家家 粤配版,345974173
优雅的铁拳是吧？,1275.349,1,16777215,2022-11-15 20:19:48,843953561,6,任务6 交友行动,间谍过家家 粤配版,345974173
严重怀疑这老头就叫优雅，所以他老记着有优雅这个名,1001.559,1,16777215,2022-11-15 19:55:48,843953561,6,任务6 交友行动,间谍过家家 粤配版,345974173
⌓‿⌓,1096.659,1,16777215,2022-11-15 19:17:35,843953561,6,任务6 交友行动,间谍过家家 粤配版,345974173
⌓‿⌓⌓‿⌓⌓‿⌓⌓‿⌓⌓‿⌓,1145.786,1,16777215,2022-11-15 16:38:21,843953561,6,任务6 交友行动,间谍过家家 粤配版,345974173
老父亲心都碎了,1331.197,1,16777215,2022-11-15 14:47:50,843953561,6,任务6 交友行动,间谍过家家 粤配版,345974173
我老豆都没打过我啊啊啊,1200.194,1,16777215,2022-11-15 14:45:34,843953561,6,任务6 交友行动,间谍过家家 粤配版,345974173
你俩要个老二吧,993.348,1,16777215,2022-11-15 12:11:20,843953561,6,任务6 交友行动,间谍过家家 粤配版,345974173
阿尼亚用来加达米安好感度的手段全部加在贝琪身上了,902.118,1,16777215,2022-11-15 12:09:40,843953561,6,任务6 交友行动,间谍过家家 粤配版,345974173
按理说阿尼亚可以提前听到门口几个人的想法的,575.088,1,16777215,2022-11-15 11:52:52,843953561,6,任务6 交友行动,间谍过家家 粤配版,345974173
二柱子:小少爷我懂你,1349.713,1,16777215,2022-11-15 10:48:40,843953561,6,任务6 交友行动,间谍过家家 粤配版,345974173
像最危险又凶悍的凶犯在中东转,469.959,1,16777215,2022-11-14 22:33:03,843953561,6,任务6 交友行动,间谍过家家 粤配版,345974173
要搞 mini版SA特优生么,1016.186,1,16777215,2022-11-14 21:37:08,843953561,6,任务6 交友行动,间谍过家家 粤配版,345974173
⌓‿⌓,1155.197,1,16777215,2022-11-14 21:17:40,843953561,6,任务6 交友行动,间谍过家家 粤配版,345974173
⌓‿⌓,1155.197,1,16777215,2022-11-14 21:17:34,843953561,6,任务6 交友行动,间谍过家家 粤配版,345974173
从容又念错了哈哈哈哈哈,1108.797,1,16777215,2022-11-14 21:05:54,843953561,6,任务6 交友行动,间谍过家家 粤配版,345974173
嗯～～～～～,789.868,1,16777215,2022-11-14 21:04:40,843953561,6,任务6 交友行动,间谍过家家 粤配版,345974173
虚构错了，是k不是g,500.257,1,16777215,2022-11-14 20:55:28,843953561,6,任务6 交友行动,间谍过家家 粤配版,345974173
校服不一样，就搞笑了,752.763,1,16777215,2022-11-14 20:50:22,843953561,6,任务6 交友行动,间谍过家家 粤配版,345974173
好可爱啊,268.49,1,16777215,2022-11-14 20:41:44,843953561,6,任务6 交友行动,间谍过家家 粤配版,345974173
没错了，粤语版,258.798,1,16777215,2022-11-14 20:41:25,843953561,6,任务6 交友行动,间谍过家家 粤配版,345974173
这是在哪儿啊？,96.415,1,16777215,2022-11-14 20:38:33,843953561,6,任务6 交友行动,间谍过家家 粤配版,345974173
不是洗吗,998.069,5,16777215,2022-11-14 19:34:27,843953561,6,任务6 交友行动,间谍过家家 粤配版,345974173
噩梦开始,529.45,1,16777215,2022-11-14 17:55:40,843953561,6,任务6 交友行动,间谍过家家 粤配版,345974173
粤知一二：这个我记得讲过,189.633,1,16777215,2022-11-14 17:42:26,843953561,6,任务6 交友行动,间谍过家家 粤配版,345974173
注意是用指头(掌)，不是用拳头，可想而知约尔有多厉害,633.213,1,16777215,2022-11-14 14:17:13,843953561,6,任务6 交友行动,间谍过家家 粤配版,345974173
四本贯手,628.625,1,16777215,2022-11-14 14:16:09,843953561,6,任务6 交友行动,间谍过家家 粤配版,345974173
混混快点收手吧，外面全是约儿(doge),547.663,1,16777215,2022-11-14 11:55:53,843953561,6,任务6 交友行动,间谍过家家 粤配版,345974173
buff叠满,166.907,1,16777215,2022-11-14 07:56:27,843953561,6,任务6 交友行动,间谍过家家 粤配版,345974173
出现了！荷包蛋,1188.883,1,16777215,2022-11-14 07:12:14,843953561,6,任务6 交友行动,间谍过家家 粤配版,345974173
叫家长啊,1318.246,1,16777215,2022-11-13 23:47:57,843953561,6,任务6 交友行动,间谍过家家 粤配版,345974173
哈哈哈,1102.355,1,16777215,2022-11-13 23:41:49,843953561,6,任务6 交友行动,间谍过家家 粤配版,345974173
好可爱,1089.447,1,16777215,2022-11-13 23:41:03,843953561,6,任务6 交友行动,间谍过家家 粤配版,345974173
啧啧,893.265,1,16777215,2022-11-13 23:35:18,843953561,6,任务6 交友行动,间谍过家家 粤配版,345974173
哈哈哈,881.045,1,16777215,2022-11-13 23:34:55,843953561,6,任务6 交友行动,间谍过家家 粤配版,345974173
还真不能太招摇,586.958,1,16777215,2022-11-13 23:26:35,843953561,6,任务6 交友行动,间谍过家家 粤配版,345974173
⌓‿⌓,1173.052,5,6830715,2022-11-13 21:36:10,843953561,6,任务6 交友行动,间谍过家家 粤配版,345974173
闺蜜实锤了,1135.355,5,15138834,2022-11-13 21:05:28,843953561,6,任务6 交友行动,间谍过家家 粤配版,345974173
不是小疯配的，但是好像啊,218.235,5,15138834,2022-11-13 20:47:15,843953561,6,任务6 交友行动,间谍过家家 粤配版,345974173
仲系粤语好,197.656,1,16777215,2022-11-13 20:08:02,843953561,6,任务6 交友行动,间谍过家家 粤配版,345974173
次子:除了我妈，就没有女人打过我，这个女人竟然敢打我，我好喜欢,1329.722,5,15138834,2022-11-13 18:53:08,843953561,6,任务6 交友行动,间谍过家家 粤配版,345974173
是粤配特有的吗？我记得日配是没有的,1183.253,1,15138834,2022-11-13 18:49:49,843953561,6,任务6 交友行动,间谍过家家 粤配版,345974173
⌓‿⌓,1107.866,1,16777215,2022-11-13 17:04:28,843953561,6,任务6 交友行动,间谍过家家 粤配版,345974173
三句话不离优雅,994.792,1,16777215,2022-11-13 17:00:13,843953561,6,任务6 交友行动,间谍过家家 粤配版,345974173
姐就是女王，自信放光芒。,836.356,1,16777215,2022-11-13 15:57:04,843953561,6,任务6 交友行动,间谍过家家 粤配版,345974173
一个小孩影响两国的未来,806.375,1,16777215,2022-11-13 12:58:19,843953561,6,任务6 交友行动,间谍过家家 粤配版,345974173
瞧这天真的眼神,1186.13,5,15138834,2022-11-13 10:14:47,843953561,6,任务6 交友行动,间谍过家家 粤配版,345974173
优雅,1273.903,1,16777215,2022-11-13 09:49:42,843953561,6,任务6 交友行动,间谍过家家 粤配版,345974173
一开口瞬间没绷住,321.657,1,16777215,2022-11-13 08:21:58,843953561,6,任务6 交友行动,间谍过家家 粤配版,345974173
哈哈哈哈哈,1207.866,1,16777215,2022-11-13 05:43:00,843953561,6,任务6 交友行动,间谍过家家 粤配版,345974173
要睇你点笑,1152.506,1,16777215,2022-11-13 05:41:53,843953561,6,任务6 交友行动,间谍过家家 粤配版,345974173
热带雨林爆笑生活阿布,1126.466,1,16777215,2022-11-13 05:40:34,843953561,6,任务6 交友行动,间谍过家家 粤配版,345974173
哈哈哈哈,1121.866,1,16777215,2022-11-13 05:39:47,843953561,6,任务6 交友行动,间谍过家家 粤配版,345974173
哈哈哈嘲讽拉满,1101.786,1,16777215,2022-11-13 05:39:17,843953561,6,任务6 交友行动,间谍过家家 粤配版,345974173
人仔细细就咁晒命,523.722,1,16777215,2022-11-13 05:28:05,843953561,6,任务6 交友行动,间谍过家家 粤配版,345974173
晚餐是乱炖,562.78,1,15138834,2022-11-13 00:22:34,843953561,6,任务6 交友行动,间谍过家家 粤配版,345974173
果然发生了 ,572.882,1,16777215,2022-11-12 23:58:03,843953561,6,任务6 交友行动,间谍过家家 粤配版,345974173
看来就要发生一场意外事故了 ,550.482,1,16777215,2022-11-12 23:57:32,843953561,6,任务6 交友行动,间谍过家家 粤配版,345974173
八星上将不好，八雷上将才好 ,402.567,1,16777215,2022-11-12 23:53:45,843953561,6,任务6 交友行动,间谍过家家 粤配版,345974173
都是光之逆子 ,384.672,1,16777215,2022-11-12 23:51:37,843953561,6,任务6 交友行动,间谍过家家 粤配版,345974173
和哈利波特的方式有点……,302.56,1,16777215,2022-11-12 23:50:32,843953561,6,任务6 交友行动,间谍过家家 粤配版,345974173
次子危,698.274,1,16777215,2022-11-12 23:06:19,843953561,6,任务6 交友行动,间谍过家家 粤配版,345974173
真/优雅,1275.34,1,16777215,2022-11-12 22:45:37,843953561,6,任务6 交友行动,间谍过家家 粤配版,345974173
美团外卖/半小时全球送！,285.957,1,16777215,2022-11-12 22:27:52,843953561,6,任务6 交友行动,间谍过家家 粤配版,345974173
林雪的ABCD餐,272.133,1,16777215,2022-11-12 21:35:13,843953561,6,任务6 交友行动,间谍过家家 粤配版,345974173
⌓‿⌓,1091.687,1,16777215,2022-11-12 18:32:15,843953561,6,任务6 交友行动,间谍过家家 粤配版,345974173
攞命啊，太太。,531.238,1,16777215,2022-11-12 18:04:09,843953561,6,任务6 交友行动,间谍过家家 粤配版,345974173
我睇你地真系寿星公掉颈，嫌命长,538.792,1,16777215,2022-11-12 15:43:05,843953561,6,任务6 交友行动,间谍过家家 粤配版,345974173
这表情,1339.191,1,16777215,2022-11-12 10:25:47,843953561,6,任务6 交友行动,间谍过家家 粤配版,345974173
阿尼亚你干得真好,1201.989,1,16777215,2022-11-12 10:22:09,843953561,6,任务6 交友行动,间谍过家家 粤配版,345974173
哈哈哈哈,1218.772,1,16777215,2022-11-12 10:19:59,843953561,6,任务6 交友行动,间谍过家家 粤配版,345974173
⌓‿⌓⌓‿⌓⌓‿⌓⌓‿⌓⌓‿⌓⌓‿⌓⌓‿⌓⌓‿⌓⌓‿⌓⌓‿⌓⌓‿⌓⌓‿⌓,1174.786,1,16777215,2022-11-12 10:17:44,843953561,6,任务6 交友行动,间谍过家家 粤配版,345974173
⌓‿⌓⌓‿⌓⌓‿⌓⌓‿⌓⌓‿⌓⌓‿⌓⌓‿⌓⌓‿⌓⌓‿⌓⌓‿⌓⌓‿⌓⌓‿⌓,1174.786,1,16777215,2022-11-12 10:17:38,843953561,6,任务6 交友行动,间谍过家家 粤配版,345974173
⌓‿⌓⌓‿⌓⌓‿⌓⌓‿⌓⌓‿⌓⌓‿⌓⌓‿⌓⌓‿⌓⌓‿⌓⌓‿⌓⌓‿⌓⌓‿⌓,1174.786,1,16777215,2022-11-12 10:17:32,843953561,6,任务6 交友行动,间谍过家家 粤配版,345974173
⌓‿⌓⌓‿⌓⌓‿⌓⌓‿⌓⌓‿⌓⌓‿⌓⌓‿⌓⌓‿⌓⌓‿⌓⌓‿⌓⌓‿⌓⌓‿⌓,1169.226,1,16777215,2022-11-12 10:17:23,843953561,6,任务6 交友行动,间谍过家家 粤配版,345974173
⌓‿⌓⌓‿⌓⌓‿⌓⌓‿⌓⌓‿⌓⌓‿⌓⌓‿⌓⌓‿⌓⌓‿⌓⌓‿⌓⌓‿⌓⌓‿⌓,1169.226,1,16777215,2022-11-12 10:17:16,843953561,6,任务6 交友行动,间谍过家家 粤配版,345974173
⌓‿⌓⌓‿⌓⌓‿⌓⌓‿⌓⌓‿⌓⌓‿⌓⌓‿⌓⌓‿⌓⌓‿⌓⌓‿⌓⌓‿⌓⌓‿⌓,1168.306,1,16777215,2022-11-12 10:17:11,843953561,6,任务6 交友行动,间谍过家家 粤配版,345974173
这这这,1206.438,1,16777215,2022-11-12 10:17:05,843953561,6,任务6 交友行动,间谍过家家 粤配版,345974173
⌓‿⌓⌓‿⌓⌓‿⌓⌓‿⌓⌓‿⌓⌓‿⌓⌓‿⌓⌓‿⌓⌓‿⌓⌓‿⌓⌓‿⌓⌓‿⌓,1165.026,1,16777215,2022-11-12 10:17:05,843953561,6,任务6 交友行动,间谍过家家 粤配版,345974173
⌓‿⌓⌓‿⌓⌓‿⌓⌓‿⌓⌓‿⌓⌓‿⌓⌓‿⌓⌓‿⌓⌓‿⌓⌓‿⌓⌓‿⌓⌓‿⌓,1163.706,1,16777215,2022-11-12 10:17:00,843953561,6,任务6 交友行动,间谍过家家 粤配版,345974173
⌓‿⌓ ⌓‿⌓ ⌓‿⌓ ⌓‿⌓ ⌓‿⌓ ⌓‿⌓,1098.32,1,14811775,2022-11-12 07:58:25,843953561,6,任务6 交友行动,间谍过家家 粤配版,345974173
⌓‿⌓,1154.341,1,16777215,2022-11-12 03:45:43,843953561,6,任务6 交友行动,间谍过家家 粤配版,345974173
⌓‿⌓,1137.469,1,16777215,2022-11-11 23:46:59,843953561,6,任务6 交友行动,间谍过家家 粤配版,345974173
⌓‿⌓,1098.661,1,15138834,2022-11-11 19:35:14,843953561,6,任务6 交友行动,间谍过家家 粤配版,345974173
为什么还会有亲密值。。,1348.265,1,16777215,2022-11-11 19:11:59,843953561,6,任务6 交友行动,间谍过家家 粤配版,345974173
你以为这样瓜神就不知道吗,821.428,1,16777215,2022-11-11 19:03:47,843953561,6,任务6 交友行动,间谍过家家 粤配版,345974173
⌓‿⌓⌓‿⌓⌓‿⌓⌓‿⌓⌓‿⌓⌓‿⌓⌓‿⌓⌓‿⌓⌓‿⌓⌓‿⌓⌓‿⌓⌓‿⌓,1131.202,1,16777215,2022-11-11 19:02:40,843953561,6,任务6 交友行动,间谍过家家 粤配版,345974173
⌓‿⌓⌓‿⌓⌓‿⌓⌓‿⌓⌓‿⌓⌓‿⌓⌓‿⌓⌓‿⌓⌓‿⌓⌓‿⌓⌓‿⌓⌓‿⌓,1130.042,1,16777215,2022-11-11 19:02:34,843953561,6,任务6 交友行动,间谍过家家 粤配版,345974173
⌓‿⌓⌓‿⌓⌓‿⌓⌓‿⌓⌓‿⌓⌓‿⌓⌓‿⌓⌓‿⌓⌓‿⌓⌓‿⌓⌓‿⌓⌓‿⌓,1112.482,1,16777215,2022-11-11 19:02:15,843953561,6,任务6 交友行动,间谍过家家 粤配版,345974173
⌓‿⌓⌓‿⌓⌓‿⌓⌓‿⌓⌓‿⌓⌓‿⌓⌓‿⌓⌓‿⌓⌓‿⌓⌓‿⌓⌓‿⌓⌓‿⌓,1180.509,1,16777215,2022-11-11 19:01:44,843953561,6,任务6 交友行动,间谍过家家 粤配版,345974173
⌓‿⌓⌓‿⌓⌓‿⌓⌓‿⌓⌓‿⌓⌓‿⌓,1176.669,1,16777215,2022-11-11 19:01:23,843953561,6,任务6 交友行动,间谍过家家 粤配版,345974173
⌓‿⌓⌓‿⌓⌓‿⌓⌓‿⌓⌓‿⌓⌓‿⌓⌓‿⌓⌓‿⌓⌓‿⌓⌓‿⌓⌓‿⌓⌓‿⌓,1167.469,1,16777215,2022-11-11 19:01:00,843953561,6,任务6 交友行动,间谍过家家 粤配版,345974173
⌓‿⌓⌓‿⌓⌓‿⌓⌓‿⌓⌓‿⌓⌓‿⌓,1164.869,1,16777215,2022-11-11 19:00:45,843953561,6,任务6 交友行动,间谍过家家 粤配版,345974173
⌓‿⌓⌓‿⌓⌓‿⌓⌓‿⌓⌓‿⌓⌓‿⌓,1163.229,1,16777215,2022-11-11 19:00:40,843953561,6,任务6 交友行动,间谍过家家 粤配版,345974173
⌓‿⌓⌓‿⌓⌓‿⌓⌓‿⌓⌓‿⌓⌓‿⌓,1154.989,1,16777215,2022-11-11 19:00:27,843953561,6,任务6 交友行动,间谍过家家 粤配版,345974173
⌓‿⌓⌓‿⌓⌓‿⌓⌓‿⌓⌓‿⌓⌓‿⌓,1143.029,1,16777215,2022-11-11 19:00:12,843953561,6,任务6 交友行动,间谍过家家 粤配版,345974173
⌓‿⌓⌓‿⌓⌓‿⌓⌓‿⌓⌓‿⌓⌓‿⌓,1143.029,5,16777215,2022-11-11 19:00:04,843953561,6,任务6 交友行动,间谍过家家 粤配版,345974173
⌓‿⌓⌓‿⌓⌓‿⌓⌓‿⌓⌓‿⌓⌓‿⌓,1143.029,5,16777215,2022-11-11 18:59:59,843953561,6,任务6 交友行动,间谍过家家 粤配版,345974173
⌓‿⌓⌓‿⌓⌓‿⌓⌓‿⌓⌓‿⌓⌓‿⌓,1137.109,5,16777215,2022-11-11 18:59:49,843953561,6,任务6 交友行动,间谍过家家 粤配版,345974173
⌓‿⌓⌓‿⌓⌓‿⌓,1133.109,5,16777215,2022-11-11 18:59:17,843953561,6,任务6 交友行动,间谍过家家 粤配版,345974173
⌓‿⌓⌓‿⌓⌓‿⌓,1133.109,5,16777215,2022-11-11 18:59:11,843953561,6,任务6 交友行动,间谍过家家 粤配版,345974173
⌓‿⌓⌓‿⌓⌓‿⌓,1132.229,1,16777215,2022-11-11 18:59:02,843953561,6,任务6 交友行动,间谍过家家 粤配版,345974173
⌓‿⌓⌓‿⌓⌓‿⌓⌓‿⌓⌓‿⌓⌓‿⌓,1130.429,1,16777215,2022-11-11 18:58:56,843953561,6,任务6 交友行动,间谍过家家 粤配版,345974173
⌓‿⌓,1130.429,1,16777215,2022-11-11 18:58:35,843953561,6,任务6 交友行动,间谍过家家 粤配版,345974173
⌓‿⌓,1128.389,1,16777215,2022-11-11 18:58:28,843953561,6,任务6 交友行动,间谍过家家 粤配版,345974173
⌓‿⌓,1128.389,1,16777215,2022-11-11 18:58:24,843953561,6,任务6 交友行动,间谍过家家 粤配版,345974173
⌓‿⌓,1128.389,1,16777215,2022-11-11 18:58:20,843953561,6,任务6 交友行动,间谍过家家 粤配版,345974173
⌓‿⌓,1133.967,1,16777215,2022-11-11 18:58:12,843953561,6,任务6 交友行动,间谍过家家 粤配版,345974173
⌓‿⌓,1132.607,1,16777215,2022-11-11 18:58:08,843953561,6,任务6 交友行动,间谍过家家 粤配版,345974173
⌓‿⌓,1130.527,1,16777215,2022-11-11 18:58:00,843953561,6,任务6 交友行动,间谍过家家 粤配版,345974173
⌓‿⌓,1129.207,1,16777215,2022-11-11 18:57:53,843953561,6,任务6 交友行动,间谍过家家 粤配版,345974173
祖传功夫,1198.881,1,16777215,2022-11-11 18:05:04,843953561,6,任务6 交友行动,间谍过家家 粤配版,345974173
⌓‿⌓,1102.525,1,16777215,2022-11-11 14:02:52,843953561,6,任务6 交友行动,间谍过家家 粤配版,345974173
⌓‿⌓,1121.488,1,16777215,2022-11-11 02:17:54,843953561,6,任务6 交友行动,间谍过家家 粤配版,345974173
哈哈哈哈哈,1102.033,1,16777215,2022-11-11 02:17:25,843953561,6,任务6 交友行动,间谍过家家 粤配版,345974173
好犀利,672.337,1,16777215,2022-11-11 02:10:07,843953561,6,任务6 交友行动,间谍过家家 粤配版,345974173
哈哈哈哈哈，粤语加粤英，和绕口令一样,223.334,1,16777215,2022-11-11 02:01:28,843953561,6,任务6 交友行动,间谍过家家 粤配版,345974173
一拳打到心里去,1208.791,1,16777215,2022-11-10 16:55:21,843953561,6,任务6 交友行动,间谍过家家 粤配版,345974173
名场面,1103.464,1,16777215,2022-11-10 09:25:02,843953561,6,任务6 交友行动,间谍过家家 粤配版,345974173
哈哈哈,1101.754,1,16777215,2022-11-10 09:24:57,843953561,6,任务6 交友行动,间谍过家家 粤配版,345974173
感觉好搞笑,264.208,1,16777215,2022-11-10 09:21:14,843953561,6,任务6 交友行动,间谍过家家 粤配版,345974173
达米安？哼~定叫他有来无回,1204.403,5,16646914,2022-11-09 22:34:43,843953561,6,任务6 交友行动,间谍过家家 粤配版,345974173
结婚！,825.788,1,16777215,2022-11-09 20:34:04,843953561,6,任务6 交友行动,间谍过家家 粤配版,345974173
皇帝学徒 皇冠曲奇,772.483,1,16777215,2022-11-09 17:17:55,843953561,6,任务6 交友行动,间谍过家家 粤配版,345974173
行走的表情包阿尼亚,96.077,1,16777215,2022-11-09 14:05:05,843953561,6,任务6 交友行动,间谍过家家 粤配版,345974173
商务包厢,998.813,5,16776960,2022-11-09 08:41:31,843953561,6,任务6 交友行动,间谍过家家 粤配版,345974173
“啸榮”,1080.062,1,16707842,2022-11-09 01:15:20,843953561,6,任务6 交友行动,间谍过家家 粤配版,345974173
耶！终于有粤语动画啦！等左好耐！,310.189,1,16707842,2022-11-09 00:22:37,843953561,6,任务6 交友行动,间谍过家家 粤配版,345974173
太好了有粤语哈哈哈！,142.359,1,16707842,2022-11-09 00:19:15,843953561,6,任务6 交友行动,间谍过家家 粤配版,345974173
⊙⊿⊙☞,1210.532,1,16777215,2022-11-08 23:47:53,843953561,6,任务6 交友行动,间谍过家家 粤配版,345974173
顺手了,347.076,1,16777215,2022-11-08 23:44:11,843953561,6,任务6 交友行动,间谍过家家 粤配版,345974173
⌓‿⌓,1143.272,1,16777215,2022-11-08 22:25:14,843953561,6,任务6 交友行动,间谍过家家 粤配版,345974173
啊齐哈哈哈哈哈,718.141,1,16777215,2022-11-08 21:36:03,843953561,6,任务6 交友行动,间谍过家家 粤配版,345974173
马上就要被绑架了吧,464.631,1,16777215,2022-11-08 21:11:51,843953561,6,任务6 交友行动,间谍过家家 粤配版,345974173
wowo~,325.765,1,16777215,2022-11-08 19:44:49,843953561,6,任务6 交友行动,间谍过家家 粤配版,345974173
小样迷不死你,893.942,1,16777215,2022-11-08 15:43:45,843953561,6,任务6 交友行动,间谍过家家 粤配版,345974173
⌓‿⌓​,1158.702,1,16777215,2022-11-08 15:39:33,843953561,6,任务6 交友行动,间谍过家家 粤配版,345974173
咸得湿（,941.097,1,16777215,2022-11-08 12:08:10,843953561,6,任务6 交友行动,间谍过家家 粤配版,345974173
瓜神的蛋包饭有啥优雅的…（小声,998.077,1,16777215,2022-11-08 03:22:58,843953561,6,任务6 交友行动,间谍过家家 粤配版,345974173
这不是哈曼吗？（,1099.0,1,16777215,2022-11-07 19:50:14,843953561,6,任务6 交友行动,间谍过家家 粤配版,345974173
针灸预警,568.921,1,16777215,2022-11-07 17:46:46,843953561,6,任务6 交友行动,间谍过家家 粤配版,345974173
完球了,564.265,1,16777215,2022-11-07 16:11:09,843953561,6,任务6 交友行动,间谍过家家 粤配版,345974173
达米安：我说我自己,894.193,1,16777215,2022-11-07 13:27:27,843953561,6,任务6 交友行动,间谍过家家 粤配版,345974173
开幕雷击,1310.28,1,16777215,2022-11-07 04:49:16,843953561,6,任务6 交友行动,间谍过家家 粤配版,345974173
绑架系米标心,587.695,1,16777215,2022-11-06 23:47:00,843953561,6,任务6 交友行动,间谍过家家 粤配版,345974173
世界名画,1098.655,1,16777215,2022-11-06 21:47:10,843953561,6,任务6 交友行动,间谍过家家 粤配版,345974173
斯麦路斯麦路,1080.133,5,16707842,2022-11-06 21:31:26,843953561,6,任务6 交友行动,间谍过家家 粤配版,345974173
哟，你脸红了,1127.227,1,16646914,2022-11-06 20:44:38,843953561,6,任务6 交友行动,间谍过家家 粤配版,345974173
托尼托,422.53,1,16777215,2022-11-06 20:22:58,843953561,6,任务6 交友行动,间谍过家家 粤配版,345974173
丝带啦,399.61,1,16777215,2022-11-06 20:22:20,843953561,6,任务6 交友行动,间谍过家家 粤配版,345974173
呆毛好可爱,108.471,1,16777215,2022-11-06 18:33:07,843953561,6,任务6 交友行动,间谍过家家 粤配版,345974173
忍无可忍无需再忍,1186.494,1,16777215,2022-11-06 17:46:19,843953561,6,任务6 交友行动,间谍过家家 粤配版,345974173
⌓‿⌓,1128.503,1,16777215,2022-11-06 15:54:38,843953561,6,任务6 交友行动,间谍过家家 粤配版,345974173
⌓‿⌓,1095.943,1,16777215,2022-11-06 15:54:00,843953561,6,任务6 交友行动,间谍过家家 粤配版,345974173
乖仔,489.107,1,16777215,2022-11-06 15:47:44,843953561,6,任务6 交友行动,间谍过家家 粤配版,345974173
好用力的英语,225.64,1,16777215,2022-11-06 13:30:13,843953561,6,任务6 交友行动,间谍过家家 粤配版,345974173
危 次子 危,1180.433,1,15138834,2022-11-06 12:55:57,843953561,6,任务6 交友行动,间谍过家家 粤配版,345974173
阿尼亚是怎么做的？,1159.697,1,16777215,2022-11-06 12:54:55,843953561,6,任务6 交友行动,间谍过家家 粤配版,345974173
名场面预警,1088.827,1,16777215,2022-11-06 12:53:27,843953561,6,任务6 交友行动,间谍过家家 粤配版,345974173
名场面预警,1088.827,1,16777215,2022-11-06 12:53:19,843953561,6,任务6 交友行动,间谍过家家 粤配版,345974173
阿祖 收手吧,581.459,1,16777215,2022-11-06 11:28:17,843953561,6,任务6 交友行动,间谍过家家 粤配版,345974173
Elegant,1275.015,1,16777215,2022-11-05 22:53:11,843953561,6,任务6 交友行动,间谍过家家 粤配版,345974173
好像哈利波特,998.17,1,16777215,2022-11-05 22:48:06,843953561,6,任务6 交友行动,间谍过家家 粤配版,345974173
点都德阿婆都唔食！！！,1005.188,1,16777215,2022-11-05 22:47:38,843953561,6,任务6 交友行动,间谍过家家 粤配版,345974173
懒德丢你,901.442,1,41194,2022-11-05 22:42:35,843953561,6,任务6 交友行动,间谍过家家 粤配版,345974173
有人敢打他吗,147.335,1,16777215,2022-11-05 22:22:58,843953561,6,任务6 交友行动,间谍过家家 粤配版,345974173
大眼萌相拳！,1187.146,5,15138834,2022-11-05 20:17:43,843953561,6,任务6 交友行动,间谍过家家 粤配版,345974173
还好不是五雷轰顶,1324.941,1,16777215,2022-11-05 20:14:37,843953561,6,任务6 交友行动,间谍过家家 粤配版,345974173
鸭嘴兽泰瑞hhhh,304.636,1,16777215,2022-11-05 17:27:50,843953561,6,任务6 交友行动,间谍过家家 粤配版,345974173
⌓‿⌓,1096.843,1,16777215,2022-11-05 16:12:53,843953561,6,任务6 交友行动,间谍过家家 粤配版,345974173
超级市场,524.31,1,16777215,2022-11-05 15:51:08,843953561,6,任务6 交友行动,间谍过家家 粤配版,345974173
好得意啊,452.706,1,16777215,2022-11-05 15:49:53,843953561,6,任务6 交友行动,间谍过家家 粤配版,345974173
西奥多罗斯福,807.97,1,16777215,2022-11-05 15:38:28,843953561,6,任务6 交友行动,间谍过家家 粤配版,345974173
strlin,400.145,1,16777215,2022-11-05 15:31:51,843953561,6,任务6 交友行动,间谍过家家 粤配版,345974173
发音是虫容吧？,1118.79,1,16777215,2022-11-05 14:53:15,843953561,6,任务6 交友行动,间谍过家家 粤配版,345974173
QAQ画质感人,321.709,1,16777215,2022-11-05 13:49:36,843953561,6,任务6 交友行动,间谍过家家 粤配版,345974173
使不得,728.896,1,16777215,2022-11-05 03:11:26,843953561,6,任务6 交友行动,间谍过家家 粤配版,345974173
⌓‿⌓,1109.797,1,16777215,2022-11-05 00:09:35,843953561,6,任务6 交友行动,间谍过家家 粤配版,345974173
唉～,600.606,1,16777215,2022-11-04 22:29:53,843953561,6,任务6 交友行动,间谍过家家 粤配版,345974173
发型都好优雅,1026.646,1,16777215,2022-11-04 22:06:44,843953561,6,任务6 交友行动,间谍过家家 粤配版,345974173
⌓‿⌓,1103.307,1,16777215,2022-11-04 21:30:55,843953561,6,任务6 交友行动,间谍过家家 粤配版,345974173
银呀~~,685.824,1,16777215,2022-11-04 21:23:53,843953561,6,任务6 交友行动,间谍过家家 粤配版,345974173
点解嗰条友嘅头发咁高㗎,1065.417,1,16777215,2022-11-04 21:21:18,843953561,6,任务6 交友行动,间谍过家家 粤配版,345974173
无挑吾是不是你,253.697,1,16777215,2022-11-04 19:58:25,843953561,6,任务6 交友行动,间谍过家家 粤配版,345974173
翡翠台，即将映,326.742,1,16777215,2022-11-04 18:50:28,843953561,6,任务6 交友行动,间谍过家家 粤配版,345974173
哈哈哈哈哈，好搞笑,1153.796,1,16707842,2022-11-04 18:06:15,843953561,6,任务6 交友行动,间谍过家家 粤配版,345974173
⌓‿⌓​,1160.736,1,16777215,2022-11-04 12:25:26,843953561,6,任务6 交友行动,间谍过家家 粤配版,345974173
苏察哈尔灿,802.604,1,16777215,2022-11-04 10:37:12,843953561,6,任务6 交友行动,间谍过家家 粤配版,345974173
发型好可爱,1082.677,1,16777215,2022-11-04 02:31:46,843953561,6,任务6 交友行动,间谍过家家 粤配版,345974173
又在迫害大英雄,401.488,1,16777215,2022-11-03 23:09:37,843953561,6,任务6 交友行动,间谍过家家 粤配版,345974173
比诺托,621.189,1,41194,2022-11-03 21:47:39,843953561,6,任务6 交友行动,间谍过家家 粤配版,345974173
阿罗过家家,576.589,1,41194,2022-11-03 21:46:44,843953561,6,任务6 交友行动,间谍过家家 粤配版,345974173
瓜神一穿三,1276.959,1,16777215,2022-11-03 21:27:29,843953561,6,任务6 交友行动,间谍过家家 粤配版,345974173
光遇即视感,380.751,1,16777215,2022-11-03 21:05:42,843953561,6,任务6 交友行动,间谍过家家 粤配版,345974173
dna动了，正片开始,1036.827,1,16777215,2022-11-03 20:52:15,843953561,6,任务6 交友行动,间谍过家家 粤配版,345974173
不是唔醒黑，我不是很认同,129.149,1,16777215,2022-11-03 18:12:09,843953561,6,任务6 交友行动,间谍过家家 粤配版,345974173
梦开始的地方,1199.363,1,16777215,2022-11-03 13:13:42,843953561,6,任务6 交友行动,间谍过家家 粤配版,345974173
⌓‿⌓,1094.308,1,16777215,2022-11-03 13:11:39,843953561,6,任务6 交友行动,间谍过家家 粤配版,345974173
被选中的孩子,732.76,1,16777215,2022-11-03 12:12:02,843953561,6,任务6 交友行动,间谍过家家 粤配版,345974173
风间徹和野原新之助既视感,1143.77,5,15772458,2022-11-03 11:50:46,843953561,6,任务6 交友行动,间谍过家家 粤配版,345974173
摸头有点可爱,1152.125,1,16777215,2022-11-03 01:27:37,843953561,6,任务6 交友行动,间谍过家家 粤配版,345974173
银牙！,670.503,1,16777215,2022-11-03 00:52:30,843953561,6,任务6 交友行动,间谍过家家 粤配版,345974173
收获小迷妹哈哈哈,1268.742,1,16777215,2022-11-02 23:34:53,843953561,6,任务6 交友行动,间谍过家家 粤配版,345974173
⌓‿⌓,1095.039,1,16777215,2022-11-02 22:58:32,843953561,6,任务6 交友行动,间谍过家家 粤配版,345974173
一班饭桶,512.792,1,16777215,2022-11-02 21:47:13,843953561,6,任务6 交友行动,间谍过家家 粤配版,345974173
卑鄙手段换拉渣招,410.681,1,16777215,2022-11-02 20:09:43,843953561,6,任务6 交友行动,间谍过家家 粤配版,345974173
阿布哈哈哈哈,1099.301,1,16777215,2022-11-02 18:50:37,843953561,6,任务6 交友行动,间谍过家家 粤配版,345974173
汪峰,762.577,1,16777215,2022-11-02 18:32:12,843953561,6,任务6 交友行动,间谍过家家 粤配版,345974173
十三区笑死,300.838,1,16777215,2022-11-02 18:23:17,843953561,6,任务6 交友行动,间谍过家家 粤配版,345974173
看哥不迷死你,891.069,1,16777215,2022-11-02 12:45:07,843953561,6,任务6 交友行动,间谍过家家 粤配版,345974173
OK,805.996,1,16777215,2022-11-02 12:22:02,843953561,6,任务6 交友行动,间谍过家家 粤配版,345974173
好像魔女的考验,318.034,1,16777215,2022-11-02 08:54:45,843953561,6,任务6 交友行动,间谍过家家 粤配版,345974173
⌓‿⌓​,1152.261,1,16777215,2022-11-02 03:36:17,843953561,6,任务6 交友行动,间谍过家家 粤配版,345974173
粤语冷杉就是毛衣，冷是指毛线,203.177,1,16777215,2022-11-02 00:06:52,843953561,6,任务6 交友行动,间谍过家家 粤配版,345974173
⌓‿⌓,1088.762,1,16777215,2022-11-01 21:52:58,843953561,6,任务6 交友行动,间谍过家家 粤配版,345974173
指指点点咁嘿叻你地来配咯,200.163,1,16777215,2022-11-01 20:50:54,843953561,6,任务6 交友行动,间谍过家家 粤配版,345974173
哈哈哈,132.582,1,16777215,2022-11-01 20:14:52,843953561,6,任务6 交友行动,间谍过家家 粤配版,345974173
⌓‿⌓,1094.724,1,16777215,2022-11-01 18:20:05,843953561,6,任务6 交友行动,间谍过家家 粤配版,345974173
发展关系,861.738,1,16777215,2022-11-01 18:08:18,843953561,6,任务6 交友行动,间谍过家家 粤配版,345974173
阿伟来一个,1265.391,1,16777215,2022-11-01 17:39:40,843953561,6,任务6 交友行动,间谍过家家 粤配版,345974173
优雅！,886.288,1,16740868,2022-11-01 16:15:37,843953561,6,任务6 交友行动,间谍过家家 粤配版,345974173
请你们不要反抗哦,619.469,1,16740868,2022-11-01 16:11:11,843953561,6,任务6 交友行动,间谍过家家 粤配版,345974173
手起刀落,508.216,1,16740868,2022-11-01 16:09:19,843953561,6,任务6 交友行动,间谍过家家 粤配版,345974173
大话精,277.928,1,16740868,2022-11-01 16:05:29,843953561,6,任务6 交友行动,间谍过家家 粤配版,345974173
你就是有心的,184.851,1,16777215,2022-11-01 16:03:56,843953561,6,任务6 交友行动,间谍过家家 粤配版,345974173
终于上班了,272.466,1,16777215,2022-11-01 15:48:08,843953561,6,任务6 交友行动,间谍过家家 粤配版,345974173
你地的要吃飞毛腿喽,577.954,1,16777215,2022-11-01 14:01:37,843953561,6,任务6 交友行动,间谍过家家 粤配版,345974173
冷杉就是毛衣 不是外套什么的,204.999,1,16777215,2022-11-01 14:00:47,843953561,6,任务6 交友行动,间谍过家家 粤配版,345974173
⌓‿⌓,1117.737,1,16777215,2022-11-01 13:45:18,843953561,6,任务6 交友行动,间谍过家家 粤配版,345974173
那读拉仔（幺子）？,864.775,1,16777215,2022-11-01 12:06:15,843953561,6,任务6 交友行动,间谍过家家 粤配版,345974173
喺呢个moment 要爆了,1185.79,1,16777215,2022-10-31 19:50:22,843953561,6,任务6 交友行动,间谍过家家 粤配版,345974173
边渡友次子,842.015,1,16777215,2022-10-31 19:43:14,843953561,6,任务6 交友行动,间谍过家家 粤配版,345974173
南————瓜！！,628.888,1,16777215,2022-10-31 19:39:16,843953561,6,任务6 交友行动,间谍过家家 粤配版,345974173
啊齐,717.346,1,16777215,2022-10-31 19:19:47,843953561,6,任务6 交友行动,间谍过家家 粤配版,345974173
西游记,252.425,1,16777215,2022-10-31 18:50:38,843953561,6,任务6 交友行动,间谍过家家 粤配版,345974173
哈哈哈哈,0.0,1,16777215,2022-10-31 16:03:07,843953561,6,任务6 交友行动,间谍过家家 粤配版,345974173
点都德=预制菜,1006.69,1,16777215,2022-10-31 12:48:10,843953561,6,任务6 交友行动,间谍过家家 粤配版,345974173
金鱼佬是吧,585.319,1,16777215,2022-10-31 12:32:45,843953561,6,任务6 交友行动,间谍过家家 粤配版,345974173
不怕骨折了吗牵手手,463.301,1,16777215,2022-10-31 12:26:04,843953561,6,任务6 交友行动,间谍过家家 粤配版,345974173
边个绑架边个都未知~,208.671,1,16777215,2022-10-31 02:00:39,843953561,6,任务6 交友行动,间谍过家家 粤配版,345974173
唔系松容，系从容啊,1155.559,1,16777215,2022-10-31 01:31:49,843953561,6,任务6 交友行动,间谍过家家 粤配版,345974173
康而寿出来只抽,1160.917,1,16777215,2022-10-30 22:54:48,843953561,6,任务6 交友行动,间谍过家家 粤配版,345974173
又一个沦陷了,1259.322,1,16707842,2022-10-30 22:16:08,843953561,6,任务6 交友行动,间谍过家家 粤配版,345974173
⌓‿⌓​,1157.061,1,16707842,2022-10-30 22:13:50,843953561,6,任务6 交友行动,间谍过家家 粤配版,345974173
⌓‿⌓,1083.818,1,16707842,2022-10-30 22:08:54,843953561,6,任务6 交友行动,间谍过家家 粤配版,345974173
饭餐想食乜嘢就食自己啦,283.302,1,16777215,2022-10-30 21:12:07,843953561,6,任务6 交友行动,间谍过家家 粤配版,345974173
人地阿4！！,627.261,1,16777215,2022-10-30 21:09:47,843953561,6,任务6 交友行动,间谍过家家 粤配版,345974173
不要啊！,529.138,1,16777215,2022-10-30 19:00:57,843953561,6,任务6 交友行动,间谍过家家 粤配版,345974173
今天的推荐菜是烤肉排哦,219.239,1,16777215,2022-10-30 18:55:37,843953561,6,任务6 交友行动,间谍过家家 粤配版,345974173
光遇(幻觉),381.707,1,16777215,2022-10-30 17:54:16,843953561,6,任务6 交友行动,间谍过家家 粤配版,345974173
⌓‿⌓,1098.256,1,16777215,2022-10-30 14:43:40,843953561,6,任务6 交友行动,间谍过家家 粤配版,345974173
笑鸠死人,1104.151,1,16777215,2022-10-30 14:37:24,843953561,6,任务6 交友行动,间谍过家家 粤配版,345974173
易过借火啦,426.225,1,16777215,2022-10-30 14:28:39,843953561,6,任务6 交友行动,间谍过家家 粤配版,345974173
妻管严……,1206.145,1,14811775,2022-10-30 12:44:59,843953561,6,任务6 交友行动,间谍过家家 粤配版,345974173
⌓‿⌓,1102.611,1,16777215,2022-10-30 11:24:44,843953561,6,任务6 交友行动,间谍过家家 粤配版,345974173
⌓‿⌓,1124.393,1,16777215,2022-10-30 11:21:09,843953561,6,任务6 交友行动,间谍过家家 粤配版,345974173
光之逆子的哈哈哈哈哈,384.679,1,16777215,2022-10-30 11:14:23,843953561,6,任务6 交友行动,间谍过家家 粤配版,345974173
小样，看我不迷死你,889.799,1,16777215,2022-10-30 11:00:21,843953561,6,任务6 交友行动,间谍过家家 粤配版,345974173
小夫,1206.99,1,16777215,2022-10-30 10:49:42,843953561,6,任务6 交友行动,间谍过家家 粤配版,345974173
⌓‿⌓​,1094.0,1,16777215,2022-10-30 09:36:32,843953561,6,任务6 交友行动,间谍过家家 粤配版,345974173
⌓‿⌓,1106.216,5,16707842,2022-10-30 09:30:32,843953561,6,任务6 交友行动,间谍过家家 粤配版,345974173
厕纸,835.788,1,16777215,2022-10-30 02:47:33,843953561,6,任务6 交友行动,间谍过家家 粤配版,345974173
法文吧,230.226,1,16777215,2022-10-30 02:37:56,843953561,6,任务6 交友行动,间谍过家家 粤配版,345974173
jsu ,1025.523,1,16777215,2022-10-30 01:41:13,843953561,6,任务6 交友行动,间谍过家家 粤配版,345974173
ts,1024.995,1,16777215,2022-10-30 01:41:02,843953561,6,任务6 交友行动,间谍过家家 粤配版,345974173
bu他                                                 ,1007.318,1,16777215,2022-10-30 01:40:20,843953561,6,任务6 交友行动,间谍过家家 粤配版,345974173
"  , ,     0",1018.576,1,16777215,2022-10-30 01:37:01,843953561,6,任务6 交友行动,间谍过家家 粤配版,345974173
⌓‿⌓,1129.261,1,16777215,2022-10-30 01:22:50,843953561,6,任务6 交友行动,间谍过家家 粤配版,345974173
事实告诉我们A计划都不行的时候，估计B计划也很悬！doge,852.876,1,16777215,2022-10-30 01:22:18,843953561,6,任务6 交友行动,间谍过家家 粤配版,345974173
八星八雷的来由！doge,703.431,1,16777215,2022-10-30 01:18:29,843953561,6,任务6 交友行动,间谍过家家 粤配版,345974173
咩都会惊一下,959.995,5,15138834,2022-10-30 00:34:29,843953561,6,任务6 交友行动,间谍过家家 粤配版,345974173
哈哈哈,939.409,1,16777215,2022-10-30 00:33:56,843953561,6,任务6 交友行动,间谍过家家 粤配版,345974173
瓜瓜菜菜,651.057,5,16707842,2022-10-29 23:58:36,843953561,6,任务6 交友行动,间谍过家家 粤配版,345974173
阿祖，收手啦，外面全是约儿,554.802,1,16777215,2022-10-29 22:45:17,843953561,6,任务6 交友行动,间谍过家家 粤配版,345974173
op主唱藤原聪,578.274,5,16777215,2022-10-29 22:02:54,843953561,6,任务6 交友行动,间谍过家家 粤配版,345974173
⌓‿⌓,1089.831,5,15138834,2022-10-29 19:59:37,843953561,6,任务6 交友行动,间谍过家家 粤配版,345974173
爸（bushi,563.956,5,15138834,2022-10-29 19:54:37,843953561,6,任务6 交友行动,间谍过家家 粤配版,345974173
阿爸（bushi,472.805,5,15138834,2022-10-29 19:53:10,843953561,6,任务6 交友行动,间谍过家家 粤配版,345974173
次——子——,686.816,1,16777215,2022-10-29 19:06:08,843953561,6,任务6 交友行动,间谍过家家 粤配版,345974173
⌓‿⌓,1109.711,1,16777215,2022-10-29 18:44:15,843953561,6,任务6 交友行动,间谍过家家 粤配版,345974173
⌓‿⌓,1101.463,1,16777215,2022-10-29 17:28:15,843953561,6,任务6 交友行动,间谍过家家 粤配版,345974173
混混，危,536.594,1,16777215,2022-10-29 17:26:17,843953561,6,任务6 交友行动,间谍过家家 粤配版,345974173
大姐姐,1090.025,1,16777215,2022-10-29 16:36:55,843953561,6,任务6 交友行动,间谍过家家 粤配版,345974173
优雅,1286.504,1,16777215,2022-10-29 16:04:44,843953561,6,任务6 交友行动,间谍过家家 粤配版,345974173
高能,1094.758,1,15138834,2022-10-29 15:39:42,843953561,6,任务6 交友行动,间谍过家家 粤配版,345974173
开始了,1041.937,1,15138834,2022-10-29 15:38:43,843953561,6,任务6 交友行动,间谍过家家 粤配版,345974173
笑死了,883.003,1,15138834,2022-10-29 15:34:54,843953561,6,任务6 交友行动,间谍过家家 粤配版,345974173
收手吧啊祖,551.808,1,16777215,2022-10-29 14:15:59,843953561,6,任务6 交友行动,间谍过家家 粤配版,345974173
啊 好可爱呀 ,880.273,1,15138834,2022-10-29 13:49:42,843953561,6,任务6 交友行动,间谍过家家 粤配版,345974173
天选之子,729.374,1,16777215,2022-10-29 02:35:10,843953561,6,任务6 交友行动,间谍过家家 粤配版,345974173
唔捨得,318.45,1,16777215,2022-10-29 00:35:25,843953561,6,任务6 交友行动,间谍过家家 粤配版,345974173
次子无人陪,1340.568,1,16755370,2022-10-29 00:29:56,843953561,6,任务6 交友行动,间谍过家家 粤配版,345974173
左下角,1333.718,1,16755370,2022-10-29 00:29:27,843953561,6,任务6 交友行动,间谍过家家 粤配版,345974173
⌓‿⌓,1096.053,5,16755370,2022-10-29 00:24:29,843953561,6,任务6 交友行动,间谍过家家 粤配版,345974173
名场面,1081.345,5,16755370,2022-10-29 00:24:06,843953561,6,任务6 交友行动,间谍过家家 粤配版,345974173
Elegant,1001.332,5,16755370,2022-10-29 00:22:21,843953561,6,任务6 交友行动,间谍过家家 粤配版,345974173
解锁新表情,902.749,1,16755370,2022-10-29 00:19:40,843953561,6,任务6 交友行动,间谍过家家 粤配版,345974173
啊~~~~~~~~~~,785.152,1,16755370,2022-10-29 00:17:25,843953561,6,任务6 交友行动,间谍过家家 粤配版,345974173
徒手爆头都得啊,632.095,1,16755370,2022-10-29 00:14:22,843953561,6,任务6 交友行动,间谍过家家 粤配版,345974173
送人头,621.611,1,16755370,2022-10-29 00:13:56,843953561,6,任务6 交友行动,间谍过家家 粤配版,345974173
好Q啊,476.61,1,16755370,2022-10-29 00:11:26,843953561,6,任务6 交友行动,间谍过家家 粤配版,345974173
栋拐杖,382.85,1,16755370,2022-10-29 00:09:43,843953561,6,任务6 交友行动,间谍过家家 粤配版,345974173
犀利,305.435,1,16755370,2022-10-29 00:08:10,843953561,6,任务6 交友行动,间谍过家家 粤配版,345974173
好标准的英文,223.55,1,16755370,2022-10-29 00:06:05,843953561,6,任务6 交友行动,间谍过家家 粤配版,345974173
吓细路,174.656,1,16755370,2022-10-29 00:03:38,843953561,6,任务6 交友行动,间谍过家家 粤配版,345974173
煮饭仔,88.628,1,16755370,2022-10-29 00:02:04,843953561,6,任务6 交友行动,间谍过家家 粤配版,345974173
花轿,891.825,1,16777215,2022-10-28 23:04:04,843953561,6,任务6 交友行动,间谍过家家 粤配版,345974173
狮兄,892.579,1,16777215,2022-10-28 23:03:39,843953561,6,任务6 交友行动,间谍过家家 粤配版,345974173
⌓‿⌓,1094.823,1,16777215,2022-10-28 22:21:45,843953561,6,任务6 交友行动,间谍过家家 粤配版,345974173
哈哈哈哈,168.253,1,16777215,2022-10-28 22:01:54,843953561,6,任务6 交友行动,间谍过家家 粤配版,345974173
班房=班级房间,973.669,1,16777215,2022-10-28 21:51:36,843953561,6,任务6 交友行动,间谍过家家 粤配版,345974173
⌓‿⌓,1094.589,1,14811775,2022-10-28 21:24:57,843953561,6,任务6 交友行动,间谍过家家 粤配版,345974173
琉球犬重拳出击！,1186.663,5,15138834,2022-10-28 20:30:26,843953561,6,任务6 交友行动,间谍过家家 粤配版,345974173
次子好可怜,1340.512,1,16777215,2022-10-28 20:10:58,843953561,6,任务6 交友行动,间谍过家家 粤配版,345974173
Elegant！！,1275.134,1,16777215,2022-10-28 20:10:00,843953561,6,任务6 交友行动,间谍过家家 粤配版,345974173
奇迹阿妮亚,443.628,1,16777215,2022-10-28 19:57:59,843953561,6,任务6 交友行动,间谍过家家 粤配版,345974173
多谢兰姨啦,138.65,1,16777215,2022-10-28 19:55:51,843953561,6,任务6 交友行动,间谍过家家 粤配版,345974173
希尔姐姐太帅了,315.794,1,16777215,2022-10-28 19:54:29,843953561,6,任务6 交友行动,间谍过家家 粤配版,345974173
大头贴,290.711,1,16777215,2022-10-28 19:53:57,843953561,6,任务6 交友行动,间谍过家家 粤配版,345974173
字正腔圆的喂,249.148,1,16777215,2022-10-28 19:53:07,843953561,6,任务6 交友行动,间谍过家家 粤配版,345974173
这个英语有那味,223.807,1,16777215,2022-10-28 19:52:23,843953561,6,任务6 交友行动,间谍过家家 粤配版,345974173
当众家暴是吧,1196.157,1,16777215,2022-10-28 19:18:42,843953561,6,任务6 交友行动,间谍过家家 粤配版,345974173
现学现卖哈哈哈哈,1214.97,1,16777215,2022-10-28 18:18:27,843953561,6,任务6 交友行动,间谍过家家 粤配版,345974173
⌓‿⌓⌓‿⌓⌓‿⌓,1091.817,1,16777215,2022-10-28 16:45:30,843953561,6,任务6 交友行动,间谍过家家 粤配版,345974173
吃蕉连皮,1197.479,1,16777215,2022-10-28 16:42:02,843953561,6,任务6 交友行动,间谍过家家 粤配版,345974173
区同曾志伟边个高,105.295,1,16777215,2022-10-28 16:23:27,843953561,6,任务6 交友行动,间谍过家家 粤配版,345974173
很不安怎会优雅,713.345,1,16777215,2022-10-28 15:22:53,843953561,6,任务6 交友行动,间谍过家家 粤配版,345974173
开吉普追你是吧,679.207,1,16777215,2022-10-28 14:07:42,843953561,6,任务6 交友行动,间谍过家家 粤配版,345974173
阿熙,535.607,1,16777215,2022-10-28 14:04:59,843953561,6,任务6 交友行动,间谍过家家 粤配版,345974173
鸭嘴兽泰瑞,304.957,1,16777215,2022-10-28 13:58:18,843953561,6,任务6 交友行动,间谍过家家 粤配版,345974173
⌓‿⌓,1198.679,1,16777215,2022-10-28 13:42:12,843953561,6,任务6 交友行动,间谍过家家 粤配版,345974173
长官姐姐超好看！！！！,313.535,1,16777215,2022-10-28 12:49:44,843953561,6,任务6 交友行动,间谍过家家 粤配版,345974173
⌓‿⌓,1124.057,1,16777215,2022-10-28 01:53:19,843953561,6,任务6 交友行动,间谍过家家 粤配版,345974173
天选之子,731.916,1,16777215,2022-10-28 00:27:59,843953561,6,任务6 交友行动,间谍过家家 粤配版,345974173
救命恩人们,533.77,1,16777215,2022-10-27 20:45:20,843953561,6,任务6 交友行动,间谍过家家 粤配版,345974173
⌓‿⌓,1098.761,5,13369971,2022-10-27 17:47:12,843953561,6,任务6 交友行动,间谍过家家 粤配版,345974173
爱的铁拳,1197.23,5,16776960,2022-10-27 17:31:00,843953561,6,任务6 交友行动,间谍过家家 粤配版,345974173
⌓‿⌓,1186.821,5,16776960,2022-10-27 17:30:50,843953561,6,任务6 交友行动,间谍过家家 粤配版,345974173
⌓‿⌓,1181.348,5,16776960,2022-10-27 17:30:44,843953561,6,任务6 交友行动,间谍过家家 粤配版,345974173
⌓‿⌓,1163.322,5,16776960,2022-10-27 17:30:26,843953561,6,任务6 交友行动,间谍过家家 粤配版,345974173
⌓‿⌓⌓‿⌓⌓‿⌓⌓‿⌓,1106.539,1,16777215,2022-10-27 17:29:29,843953561,6,任务6 交友行动,间谍过家家 粤配版,345974173
⌓‿⌓⌓‿⌓⌓‿⌓⌓‿⌓,1098.978,1,16777215,2022-10-27 17:29:22,843953561,6,任务6 交友行动,间谍过家家 粤配版,345974173
⌓‿⌓⌓‿⌓⌓‿⌓⌓‿⌓⌓‿⌓⌓‿⌓⌓‿⌓,1089.217,1,16777215,2022-10-27 17:29:12,843953561,6,任务6 交友行动,间谍过家家 粤配版,345974173
名场面准备,1051.621,1,16777215,2022-10-27 17:28:31,843953561,6,任务6 交友行动,间谍过家家 粤配版,345974173
点都德那个可还行,1002.005,1,16777215,2022-10-27 16:54:05,843953561,6,任务6 交友行动,间谍过家家 粤配版,345974173
很不安怎会优雅,724.781,1,16777215,2022-10-27 13:56:23,843953561,6,任务6 交友行动,间谍过家家 粤配版,345974173
袋——子——,595.773,1,16777215,2022-10-27 11:35:03,843953561,6,任务6 交友行动,间谍过家家 粤配版,345974173
大佐。,738.49,1,16777215,2022-10-27 11:27:41,843953561,6,任务6 交友行动,间谍过家家 粤配版,345974173
所以说不要用纸袋嘛,605.8,1,16777215,2022-10-27 02:35:25,843953561,6,任务6 交友行动,间谍过家家 粤配版,345974173
趁老师不注意打他,1186.77,1,16777215,2022-10-27 02:28:50,843953561,6,任务6 交友行动,间谍过家家 粤配版,345974173
okidoki,976.525,1,16777215,2022-10-26 23:17:45,843953561,6,任务6 交友行动,间谍过家家 粤配版,345974173
ai 柴~,732.413,1,16777215,2022-10-26 21:40:16,843953561,6,任务6 交友行动,间谍过家家 粤配版,345974173
艾利斯顿商学院,818.679,1,16777215,2022-10-26 21:37:11,843953561,6,任务6 交友行动,间谍过家家 粤配版,345974173
⌓‿⌓,1095.589,1,16777215,2022-10-26 21:10:47,843953561,6,任务6 交友行动,间谍过家家 粤配版,345974173
好乸优雅啊,1280.86,1,16777215,2022-10-26 20:34:45,843953561,6,任务6 交友行动,间谍过家家 粤配版,345974173
攻略,1264.217,1,16777215,2022-10-26 20:34:29,843953561,6,任务6 交友行动,间谍过家家 粤配版,345974173
我的总裁父亲,1037.129,1,16777215,2022-10-26 20:30:42,843953561,6,任务6 交友行动,间谍过家家 粤配版,345974173
优雅,998.235,1,16777215,2022-10-26 20:30:03,843953561,6,任务6 交友行动,间谍过家家 粤配版,345974173
干得漂亮,1191.978,1,16777215,2022-10-26 19:46:35,843953561,6,任务6 交友行动,间谍过家家 粤配版,345974173
金鱼佬,576.829,1,16777215,2022-10-26 19:17:45,843953561,6,任务6 交友行动,间谍过家家 粤配版,345974173
优雅,1280.1,1,16777215,2022-10-26 18:16:39,843953561,6,任务6 交友行动,间谍过家家 粤配版,345974173
小男生的配音应该都是女生配的吧,1143.869,1,16777215,2022-10-26 18:14:23,843953561,6,任务6 交友行动,间谍过家家 粤配版,345974173
系咯，点解咧？,1050.234,1,16777215,2022-10-26 18:12:50,843953561,6,任务6 交友行动,间谍过家家 粤配版,345974173
缘分啊,967.826,1,16777215,2022-10-26 18:11:27,843953561,6,任务6 交友行动,间谍过家家 粤配版,345974173
哈哈哈~名场面,1099.649,1,16777215,2022-10-26 16:28:16,843953561,6,任务6 交友行动,间谍过家家 粤配版,345974173
哈~~~~~,948.696,1,16777215,2022-10-26 16:25:39,843953561,6,任务6 交友行动,间谍过家家 粤配版,345974173
你们惹错人了,547.111,1,16777215,2022-10-26 16:12:14,843953561,6,任务6 交友行动,间谍过家家 粤配版,345974173
小混混   危,553.557,1,16777215,2022-10-26 13:35:05,843953561,6,任务6 交友行动,间谍过家家 粤配版,345974173
幻想时间,855.144,1,16777215,2022-10-26 13:23:36,843953561,6,任务6 交友行动,间谍过家家 粤配版,345974173
曾志伟登场,432.082,1,16777215,2022-10-26 12:46:40,843953561,6,任务6 交友行动,间谍过家家 粤配版,345974173
游戏规则讲解开始,386.895,1,16777215,2022-10-26 12:08:36,843953561,6,任务6 交友行动,间谍过家家 粤配版,345974173
做我条lian,941.681,1,16777215,2022-10-26 11:58:42,843953561,6,任务6 交友行动,间谍过家家 粤配版,345974173
粤式4腔英语，舌头是完全不卷的,224.564,1,52480,2022-10-26 01:01:48,843953561,6,任务6 交友行动,间谍过家家 粤配版,345974173
⌓‿⌓,1098.217,1,16777215,2022-10-26 00:02:58,843953561,6,任务6 交友行动,间谍过家家 粤配版,345974173
⌓‿⌓,1097.798,5,16707842,2022-10-25 23:46:21,843953561,6,任务6 交友行动,间谍过家家 粤配版,345974173
阿尼娅从此收获了一个跟班hhh,1263.158,1,16777215,2022-10-25 23:14:36,843953561,6,任务6 交友行动,间谍过家家 粤配版,345974173
听说了天龙八部的感觉,337.993,1,16777215,2022-10-25 21:57:49,843953561,6,任务6 交友行动,间谍过家家 粤配版,345974173
优雅，太优雅了,1274.727,1,16777215,2022-10-25 20:56:49,843953561,6,任务6 交友行动,间谍过家家 粤配版,345974173
lang是指毛线,199.83,1,16777215,2022-10-25 20:29:54,843953561,6,任务6 交友行动,间谍过家家 粤配版,345974173
有可能会变成丧葬费哦,611.861,1,16777215,2022-10-25 19:30:51,843953561,6,任务6 交友行动,间谍过家家 粤配版,345974173
光之逆子,381.734,5,16777215,2022-10-25 18:52:14,843953561,6,任务6 交友行动,间谍过家家 粤配版,345974173
光之逆子,381.734,1,16777215,2022-10-25 18:51:56,843953561,6,任务6 交友行动,间谍过家家 粤配版,345974173
你啲个女千万唔祐去到泰雅实验读书喔,133.025,1,11890,2022-10-25 17:44:33,843953561,6,任务6 交友行动,间谍过家家 粤配版,345974173
聪明反而聪明,1197.685,1,16777215,2022-10-25 17:32:33,843953561,6,任务6 交友行动,间谍过家家 粤配版,345974173
做我条lam,934.476,1,16777215,2022-10-25 15:27:53,843953561,6,任务6 交友行动,间谍过家家 粤配版,345974173
威廉侯阔,804.418,1,16777215,2022-10-25 15:25:27,843953561,6,任务6 交友行动,间谍过家家 粤配版,345974173
你都几沙胆喔,338.655,1,16777215,2022-10-25 15:16:44,843953561,6,任务6 交友行动,间谍过家家 粤配版,345974173
这不是粤语啊，是英语啊,238.805,1,16777215,2022-10-25 15:13:33,843953561,6,任务6 交友行动,间谍过家家 粤配版,345974173
⌓‿⌓,1087.102,1,16777215,2022-10-25 13:54:11,843953561,6,任务6 交友行动,间谍过家家 粤配版,345974173
哩句真系笑到扑街,627.498,1,16777215,2022-10-25 13:19:20,843953561,6,任务6 交友行动,间谍过家家 粤配版,345974173
光速去世,602.966,1,16777215,2022-10-25 12:29:06,843953561,6,任务6 交友行动,间谍过家家 粤配版,345974173
混混，危,562.01,1,16777215,2022-10-25 12:28:26,843953561,6,任务6 交友行动,间谍过家家 粤配版,345974173
世界名画,1098.47,1,16777215,2022-10-25 12:26:34,843953561,6,任务6 交友行动,间谍过家家 粤配版,345974173
敢碰本座天花板，危,549.649,1,16777215,2022-10-25 12:17:12,843953561,6,任务6 交友行动,间谍过家家 粤配版,345974173
绑架？,167.109,1,16777215,2022-10-25 09:48:04,843953561,6,任务6 交友行动,间谍过家家 粤配版,345974173
⌓‿⌓,1108.637,1,16777215,2022-10-25 07:23:49,843953561,6,任务6 交友行动,间谍过家家 粤配版,345974173
这哪是英语……法语还是意大利语吧,224.214,1,16777215,2022-10-25 02:06:31,843953561,6,任务6 交友行动,间谍过家家 粤配版,345974173
是标参，一个个全打错看着真难受,679.614,1,15138834,2022-10-25 01:32:27,843953561,6,任务6 交友行动,间谍过家家 粤配版,345974173
次子：弊家伙,686.12,1,16777215,2022-10-25 01:29:11,843953561,6,任务6 交友行动,间谍过家家 粤配版,345974173
不是标心，是标参,222.333,1,15138834,2022-10-25 01:24:27,843953561,6,任务6 交友行动,间谍过家家 粤配版,345974173
你都几够姜啵,341.97,1,16777215,2022-10-25 00:49:07,843953561,6,任务6 交友行动,间谍过家家 粤配版,345974173
精神科医生开作战会议这正常吗,289.388,1,16777215,2022-10-25 00:48:22,843953561,6,任务6 交友行动,间谍过家家 粤配版,345974173
明明是那三个人没礼貌。。。。。。,1317.266,1,16777215,2022-10-24 21:59:16,843953561,6,任务6 交友行动,间谍过家家 粤配版,345974173
冷衫,204.403,1,16777215,2022-10-24 21:29:07,843953561,6,任务6 交友行动,间谍过家家 粤配版,345974173
小手一抖，op没有,93.227,5,14811775,2022-10-24 21:03:01,843953561,6,任务6 交友行动,间谍过家家 粤配版,345974173
眼火爆了！,1183.03,1,16777215,2022-10-24 20:46:50,843953561,6,任务6 交友行动,间谍过家家 粤配版,345974173
大——英——雄——,398.112,1,16777215,2022-10-24 18:02:50,843953561,6,任务6 交友行动,间谍过家家 粤配版,345974173
⌓‿⌓,1084.847,1,16777215,2022-10-24 17:59:15,843953561,6,任务6 交友行动,间谍过家家 粤配版,345974173
⌓‿⌓​,1152.584,1,16777215,2022-10-24 15:18:37,843953561,6,任务6 交友行动,间谍过家家 粤配版,345974173
真的不是木乃伊吗这个啊公,730.69,1,16777215,2022-10-24 15:06:10,843953561,6,任务6 交友行动,间谍过家家 粤配版,345974173
很不安怎去优雅,434.419,1,16777215,2022-10-24 15:01:01,843953561,6,任务6 交友行动,间谍过家家 粤配版,345974173
笑死了，这个表情好怪,1157.245,1,16777215,2022-10-24 14:12:04,843953561,6,任务6 交友行动,间谍过家家 粤配版,345974173
阿尼亚：我累了，毁灭吧,900.606,1,16777215,2022-10-24 14:07:32,843953561,6,任务6 交友行动,间谍过家家 粤配版,345974173
哈哈哈哈系人寿保险,869.117,1,16777215,2022-10-24 13:04:13,843953561,6,任务6 交友行动,间谍过家家 粤配版,345974173
hhhhhhh,228.731,1,16777215,2022-10-24 11:42:20,843953561,6,任务6 交友行动,间谍过家家 粤配版,345974173
⌓‿⌓,1086.93,1,16777215,2022-10-24 09:06:35,843953561,6,任务6 交友行动,间谍过家家 粤配版,345974173
不要乱解释。冷衫就是百分比的毛衣,209.896,1,16777215,2022-10-24 00:49:03,843953561,6,任务6 交友行动,间谍过家家 粤配版,345974173
木乃伊,728.614,1,16707842,2022-10-24 00:22:58,843953561,6,任务6 交友行动,间谍过家家 粤配版,345974173
国产007,327.786,1,16777215,2022-10-24 00:14:06,843953561,6,任务6 交友行动,间谍过家家 粤配版,345974173
又是担心混混的一天,552.232,1,16777215,2022-10-23 22:39:48,843953561,6,任务6 交友行动,间谍过家家 粤配版,345974173
⌓‿⌓,1097.124,1,14811775,2022-10-23 22:14:19,843953561,6,任务6 交友行动,间谍过家家 粤配版,345974173
风水宝地,929.2,1,16777215,2022-10-23 22:07:16,843953561,6,任务6 交友行动,间谍过家家 粤配版,345974173
55555可爱死了,700.829,1,16777215,2022-10-23 22:03:27,843953561,6,任务6 交友行动,间谍过家家 粤配版,345974173
好有爱好温馨好可爱好帅气......,666.492,1,16777215,2022-10-23 22:02:50,843953561,6,任务6 交友行动,间谍过家家 粤配版,345974173
约尔好帅,658.829,1,16777215,2022-10-23 22:02:17,843953561,6,任务6 交友行动,间谍过家家 粤配版,345974173
笑出强大,1082.713,1,16777215,2022-10-23 21:11:06,843953561,6,任务6 交友行动,间谍过家家 粤配版,345974173
housailei,1106.418,1,16777215,2022-10-23 20:59:43,843953561,6,任务6 交友行动,间谍过家家 粤配版,345974173
左边那个头发好高,1021.101,1,16777215,2022-10-23 20:57:27,843953561,6,任务6 交友行动,间谍过家家 粤配版,345974173
hi，我亲爱的女孩,895.38,1,16777215,2022-10-23 20:53:17,843953561,6,任务6 交友行动,间谍过家家 粤配版,345974173
优雅,1273.645,1,16777215,2022-10-23 20:47:34,843953561,6,任务6 交友行动,间谍过家家 粤配版,345974173
哈哈哈，小孩子经不起夸,518.587,1,16777215,2022-10-23 20:45:34,843953561,6,任务6 交友行动,间谍过家家 粤配版,345974173
绝对故意的,183.322,1,16777215,2022-10-23 20:37:21,843953561,6,任务6 交友行动,间谍过家家 粤配版,345974173
哈哈哈哈港味十足了,225.952,1,16777215,2022-10-23 20:03:52,843953561,6,任务6 交友行动,间谍过家家 粤配版,345974173
阿妮亚好得意啊！,137.778,1,16777215,2022-10-23 19:46:35,843953561,6,任务6 交友行动,间谍过家家 粤配版,345974173
⌓‿⌓,1098.298,5,16777215,2022-10-23 19:43:06,843953561,6,任务6 交友行动,间谍过家家 粤配版,345974173
⌓‿⌓,1096.152,1,16777215,2022-10-23 19:42:49,843953561,6,任务6 交友行动,间谍过家家 粤配版,345974173
下辈子注意点 ,556.155,1,16777215,2022-10-23 19:42:00,843953561,6,任务6 交友行动,间谍过家家 粤配版,345974173
攻略错人了啊喂（,1266.047,1,16777215,2022-10-23 19:13:01,843953561,6,任务6 交友行动,间谍过家家 粤配版,345974173
⌓‿⌓,1097.743,1,16707842,2022-10-23 19:09:38,843953561,6,任务6 交友行动,间谍过家家 粤配版,345974173
前方名场面,1094.512,1,16777215,2022-10-23 19:09:25,843953561,6,任务6 交友行动,间谍过家家 粤配版,345974173
⌓‿⌓,1106.19,1,104601,2022-10-23 18:32:40,843953561,6,任务6 交友行动,间谍过家家 粤配版,345974173
Q爆炸,447.789,1,15138834,2022-10-23 18:13:10,843953561,6,任务6 交友行动,间谍过家家 粤配版,345974173
崽哩个哇,1025.709,1,16777215,2022-10-23 18:05:05,843953561,6,任务6 交友行动,间谍过家家 粤配版,345974173
应该话你都几够姜嘅喔,341.998,1,16777215,2022-10-23 17:23:35,843953561,6,任务6 交友行动,间谍过家家 粤配版,345974173
⌓‿⌓,1120.395,5,14811775,2022-10-23 17:15:15,843953561,6,任务6 交友行动,间谍过家家 粤配版,345974173
⌓‿⌓,1086.395,5,14811775,2022-10-23 17:13:59,843953561,6,任务6 交友行动,间谍过家家 粤配版,345974173
阿尼亚好可爱,142.184,1,16777215,2022-10-23 17:13:58,843953561,6,任务6 交友行动,间谍过家家 粤配版,345974173
名画预警,1088.779,1,16777215,2022-10-23 17:07:23,843953561,6,任务6 交友行动,间谍过家家 粤配版,345974173
优雅！,1275.829,1,16777215,2022-10-23 16:17:41,843953561,6,任务6 交友行动,间谍过家家 粤配版,345974173
哈哈哈,924.69,1,16777215,2022-10-23 15:58:31,843953561,6,任务6 交友行动,间谍过家家 粤配版,345974173
lang衫,189.114,1,16777215,2022-10-23 15:35:38,843953561,6,任务6 交友行动,间谍过家家 粤配版,345974173
孩子面前不好使用暴力,649.008,1,16777215,2022-10-23 14:59:28,843953561,6,任务6 交友行动,间谍过家家 粤配版,345974173
真~打好关系~,855.916,1,16777215,2022-10-23 14:56:21,843953561,6,任务6 交友行动,间谍过家家 粤配版,345974173
⌓‿⌓,1101.798,1,16777215,2022-10-23 14:10:41,843953561,6,任务6 交友行动,间谍过家家 粤配版,345974173
人地啊4,627.579,1,16777215,2022-10-23 14:09:43,843953561,6,任务6 交友行动,间谍过家家 粤配版,345974173
笑死我得了,220.682,1,16777215,2022-10-23 14:08:51,843953561,6,任务6 交友行动,间谍过家家 粤配版,345974173
⌓‿⌓,1102.758,1,16777215,2022-10-23 13:51:56,843953561,6,任务6 交友行动,间谍过家家 粤配版,345974173
习惯了粤配版回不去了，接受这个设定回不去了,33.019,1,16777215,2022-10-23 13:46:35,843953561,6,任务6 交友行动,间谍过家家 粤配版,345974173
^_^,1102.354,1,16777215,2022-10-23 13:24:39,843953561,6,任务6 交友行动,间谍过家家 粤配版,345974173
⌓‿⌓​,1171.288,1,16777215,2022-10-23 13:23:22,843953561,6,任务6 交友行动,间谍过家家 粤配版,345974173
小伙子.危,577.042,1,16777215,2022-10-23 13:15:07,843953561,6,任务6 交友行动,间谍过家家 粤配版,345974173
⌓‿⌓,1087.459,1,16777215,2022-10-23 12:44:14,843953561,6,任务6 交友行动,间谍过家家 粤配版,345974173
危险，达咩！,532.796,1,16777215,2022-10-23 12:33:41,843953561,6,任务6 交友行动,间谍过家家 粤配版,345974173
次子爸妈都没来，还被人给削了，太惨了哈哈哈哈,1343.962,1,16777215,2022-10-23 12:04:02,843953561,6,任务6 交友行动,间谍过家家 粤配版,345974173
^V^,1142.392,1,15138834,2022-10-23 11:32:23,843953561,6,任务6 交友行动,间谍过家家 粤配版,345974173
哈哈哈哈 粤语真系好正,636.427,1,16777215,2022-10-23 11:24:28,843953561,6,任务6 交友行动,间谍过家家 粤配版,345974173
配得唔错 哈哈,1214.001,1,16776960,2022-10-23 11:04:28,843953561,6,任务6 交友行动,间谍过家家 粤配版,345974173
Bang~叻叻,444.647,1,16777215,2022-10-23 10:49:13,843953561,6,任务6 交友行动,间谍过家家 粤配版,345974173
呀咩咯！,97.444,1,16777215,2022-10-23 10:42:36,843953561,6,任务6 交友行动,间谍过家家 粤配版,345974173
爽耶,1195.279,1,16777215,2022-10-23 10:42:20,843953561,6,任务6 交友行动,间谍过家家 粤配版,345974173
⌓‿⌓,1105.511,1,15138834,2022-10-23 10:34:29,843953561,6,任务6 交友行动,间谍过家家 粤配版,345974173
没事你们惹她干嘛,548.197,1,16777215,2022-10-23 10:20:12,843953561,6,任务6 交友行动,间谍过家家 粤配版,345974173
必要,343.633,1,15138834,2022-10-23 10:11:48,843953561,6,任务6 交友行动,间谍过家家 粤配版,345974173
次子！危,1174.056,1,16777215,2022-10-23 10:10:39,843953561,6,任务6 交友行动,间谍过家家 粤配版,345974173
哼（成熟）,1120.209,1,16777215,2022-10-23 09:33:33,843953561,6,任务6 交友行动,间谍过家家 粤配版,345974173
我家还蛮大的,861.468,1,16777215,2022-10-23 09:20:11,843953561,6,任务6 交友行动,间谍过家家 粤配版,345974173
纳米手，小子,633.438,1,16777215,2022-10-23 09:16:48,843953561,6,任务6 交友行动,间谍过家家 粤配版,345974173
⌓‿⌓,1092.735,1,16777215,2022-10-23 08:40:27,843953561,6,任务6 交友行动,间谍过家家 粤配版,345974173
elegant,1007.846,1,16777215,2022-10-23 08:39:28,843953561,6,任务6 交友行动,间谍过家家 粤配版,345974173
优雅,1006.886,1,16777215,2022-10-23 08:39:18,843953561,6,任务6 交友行动,间谍过家家 粤配版,345974173
这是计划的一部分,342.754,1,16777215,2022-10-23 08:29:30,843953561,6,任务6 交友行动,间谍过家家 粤配版,345974173
好温馨呐,280.474,1,16777215,2022-10-23 08:28:23,843953561,6,任务6 交友行动,间谍过家家 粤配版,345974173
冷杉,190.474,1,16777215,2022-10-23 08:26:45,843953561,6,任务6 交友行动,间谍过家家 粤配版,345974173
好得意呀,138.234,1,16777215,2022-10-23 08:25:48,843953561,6,任务6 交友行动,间谍过家家 粤配版,345974173
⌓‿⌓​,1127.193,1,16777215,2022-10-23 08:06:41,843953561,6,任务6 交友行动,间谍过家家 粤配版,345974173
上无影船,300.535,1,16777215,2022-10-23 04:50:27,843953561,6,任务6 交友行动,间谍过家家 粤配版,345974173
⌓‿⌓​ ⌓‿⌓ ​⌓‿⌓ ​⌓‿⌓ ​⌓‿⌓ ​⌓‿⌓​,1102.206,1,16777215,2022-10-23 04:36:40,843953561,6,任务6 交友行动,间谍过家家 粤配版,345974173
2m5…,216.786,1,16777215,2022-10-23 03:35:23,843953561,6,任务6 交友行动,间谍过家家 粤配版,345974173
[前方高能],1169.595,1,16777215,2022-10-23 03:23:56,843953561,6,任务6 交友行动,间谍过家家 粤配版,345974173
碰上硬茬了,587.794,1,16777215,2022-10-23 02:54:27,843953561,6,任务6 交友行动,间谍过家家 粤配版,345974173
无敌,227.338,1,16777215,2022-10-23 02:35:37,843953561,6,任务6 交友行动,间谍过家家 粤配版,345974173
。。,97.418,1,16777215,2022-10-23 01:33:44,843953561,6,任务6 交友行动,间谍过家家 粤配版,345974173
冷衫,186.322,1,16777215,2022-10-23 01:24:36,843953561,6,任务6 交友行动,间谍过家家 粤配版,345974173
⌓‿⌓,1097.403,5,14811775,2022-10-23 01:20:22,843953561,6,任务6 交友行动,间谍过家家 粤配版,345974173
⌓‿⌓⌓‿⌓⌓‿⌓,1084.73,1,16777215,2022-10-23 01:19:52,843953561,6,任务6 交友行动,间谍过家家 粤配版,345974173
攻略对象错佐啦,1261.9,1,16777215,2022-10-23 00:53:32,843953561,6,任务6 交友行动,间谍过家家 粤配版,345974173
士多啤梨,260.901,1,16777215,2022-10-23 00:20:16,843953561,6,任务6 交友行动,间谍过家家 粤配版,345974173
承太郎：欧拉,1187.774,5,16777215,2022-10-22 23:50:41,843953561,6,任务6 交友行动,间谍过家家 粤配版,345974173
系衰人,583.742,1,16777215,2022-10-22 23:39:49,843953561,6,任务6 交友行动,间谍过家家 粤配版,345974173
⌓‿⌓​,1096.399,1,16777215,2022-10-22 23:22:55,843953561,6,任务6 交友行动,间谍过家家 粤配版,345974173
⌓‿⌓​,1121.245,5,14811775,2022-10-22 23:16:20,843953561,6,任务6 交友行动,间谍过家家 粤配版,345974173
⌓‿⌓,1101.511,5,8700107,2022-10-22 23:14:49,843953561,6,任务6 交友行动,间谍过家家 粤配版,345974173
⌓‿⌓,1099.751,5,41194,2022-10-22 23:14:37,843953561,6,任务6 交友行动,间谍过家家 粤配版,345974173
⌓‿⌓,1098.231,5,14811775,2022-10-22 23:14:26,843953561,6,任务6 交友行动,间谍过家家 粤配版,345974173
⌓‿⌓,1088.551,5,14811775,2022-10-22 23:14:05,843953561,6,任务6 交友行动,间谍过家家 粤配版,345974173
次子苦难的开始,693.713,1,16777215,2022-10-22 23:07:47,843953561,6,任务6 交友行动,间谍过家家 粤配版,345974173
⌓‿⌓,1091.197,5,16707842,2022-10-22 22:38:27,843953561,6,任务6 交友行动,间谍过家家 粤配版,345974173
为那几个精神小伙祈祷没事,559.106,1,16777215,2022-10-22 22:36:23,843953561,6,任务6 交友行动,间谍过家家 粤配版,345974173
好烫嘴,228.006,1,16777215,2022-10-22 22:12:28,843953561,6,任务6 交友行动,间谍过家家 粤配版,345974173
帽子都一样,328.612,1,16777215,2022-10-22 22:06:19,843953561,6,任务6 交友行动,间谍过家家 粤配版,345974173
笑死我也想到鸭嘴兽,320.114,1,16777215,2022-10-22 22:06:10,843953561,6,任务6 交友行动,间谍过家家 粤配版,345974173
到东北省来当老师！,734.802,5,41194,2022-10-22 21:50:44,843953561,6,任务6 交友行动,间谍过家家 粤配版,345974173
一网打尽,918.216,1,16777215,2022-10-22 21:38:29,843953561,6,任务6 交友行动,间谍过家家 粤配版,345974173
哈哈哈哈,786.75,1,16777215,2022-10-22 21:25:18,843953561,6,任务6 交友行动,间谍过家家 粤配版,345974173
尝尝我的碎瓜拳,623.807,1,16777215,2022-10-22 21:20:49,843953561,6,任务6 交友行动,间谍过家家 粤配版,345974173
好得意啊,257.915,1,16777215,2022-10-22 21:20:01,843953561,6,任务6 交友行动,间谍过家家 粤配版,345974173
何止南瓜，你头他都能,634.151,1,16777215,2022-10-22 21:14:27,843953561,6,任务6 交友行动,间谍过家家 粤配版,345974173
斯内普  小胡子ver.,736.263,5,38979,2022-10-22 20:47:36,843953561,6,任务6 交友行动,间谍过家家 粤配版,345974173
正常也不会读厕纸啊，有差异的,853.159,5,16777215,2022-10-22 20:43:23,843953561,6,任务6 交友行动,间谍过家家 粤配版,345974173
这是计划的一部分,342.904,1,16777215,2022-10-22 20:25:54,843953561,6,任务6 交友行动,间谍过家家 粤配版,345974173
好嗨优雅果个，哈哈哈,1285.125,1,16777215,2022-10-22 20:16:02,843953561,6,任务6 交友行动,间谍过家家 粤配版,345974173
[前方高能],322.177,1,15138834,2022-10-22 19:56:49,843953561,6,任务6 交友行动,间谍过家家 粤配版,345974173
道明寺上身,1170.249,1,16777215,2022-10-22 19:33:41,843953561,6,任务6 交友行动,间谍过家家 粤配版,345974173
才川东国分川,932.545,1,16777215,2022-10-22 19:33:07,843953561,6,任务6 交友行动,间谍过家家 粤配版,345974173
雷祖出令,1309.418,1,16777215,2022-10-22 19:18:04,843953561,6,任务6 交友行动,间谍过家家 粤配版,345974173
我突然想送人头,546.696,1,16777215,2022-10-22 19:15:54,843953561,6,任务6 交友行动,间谍过家家 粤配版,345974173
.002,963.629,1,16777215,2022-10-22 18:37:28,843953561,6,任务6 交友行动,间谍过家家 粤配版,345974173
泰～瑞～,339.324,1,16777215,2022-10-22 18:33:32,843953561,6,任务6 交友行动,间谍过家家 粤配版,345974173
⌓‿⌓,1084.283,1,16777215,2022-10-22 18:25:24,843953561,6,任务6 交友行动,间谍过家家 粤配版,345974173
欧拉！,1190.414,1,16777215,2022-10-22 18:19:34,843953561,6,任务6 交友行动,间谍过家家 粤配版,345974173
太优雅了,1276.263,1,16707842,2022-10-22 18:16:11,843953561,6,任务6 交友行动,间谍过家家 粤配版,345974173
⊙⊿⊙☞,1246.383,1,16777215,2022-10-22 17:20:37,843953561,6,任务6 交友行动,间谍过家家 粤配版,345974173
洗用？,996.799,5,16777215,2022-10-22 17:05:06,843953561,6,任务6 交友行动,间谍过家家 粤配版,345974173
卖猪仔咯,576.626,5,16777215,2022-10-22 16:59:45,843953561,6,任务6 交友行动,间谍过家家 粤配版,345974173
好闺蜜,1133.727,1,16777215,2022-10-22 16:56:37,843953561,6,任务6 交友行动,间谍过家家 粤配版,345974173
⌓‿⌓,1099.317,1,16777215,2022-10-22 15:51:40,843953561,6,任务6 交友行动,间谍过家家 粤配版,345974173
3秒,654.371,1,16777215,2022-10-22 15:41:12,843953561,6,任务6 交友行动,间谍过家家 粤配版,345974173
哈哈哈,627.366,1,16777215,2022-10-22 15:40:39,843953561,6,任务6 交友行动,间谍过家家 粤配版,345974173
琪琪都好得意啊,1264.397,5,16707842,2022-10-22 15:00:29,843953561,6,任务6 交友行动,间谍过家家 粤配版,345974173
梅超风,627.65,5,16707842,2022-10-22 14:48:34,843953561,6,任务6 交友行动,间谍过家家 粤配版,345974173
优雅老师 原地踏步跑,1199.314,1,16777215,2022-10-22 14:47:08,843953561,6,任务6 交友行动,间谍过家家 粤配版,345974173
好索,314.378,1,16777215,2022-10-22 14:41:02,843953561,6,任务6 交友行动,间谍过家家 粤配版,345974173
咁hi型嘅？,307.098,1,16777215,2022-10-22 14:40:46,843953561,6,任务6 交友行动,间谍过家家 粤配版,345974173
lang衫单指毛衣,206.673,1,16777215,2022-10-22 14:38:00,843953561,6,任务6 交友行动,间谍过家家 粤配版,345974173
阿妈标仔心，谁来俾赎金,174.033,1,16777215,2022-10-22 14:36:57,843953561,6,任务6 交友行动,间谍过家家 粤配版,345974173
⌓‿⌓​,1094.203,1,16777215,2022-10-22 14:28:50,843953561,6,任务6 交友行动,间谍过家家 粤配版,345974173
哈哈哈哈哈,1080.719,1,16777215,2022-10-22 14:04:56,843953561,6,任务6 交友行动,间谍过家家 粤配版,345974173
阿尼亚＝格丽乔,888.805,1,16777215,2022-10-22 13:22:52,843953561,6,任务6 交友行动,间谍过家家 粤配版,345974173
雷电阿尼亚,1347.069,5,15138834,2022-10-22 13:00:01,843953561,6,任务6 交友行动,间谍过家家 粤配版,345974173
按头小分队呢,1168.887,1,16777215,2022-10-22 12:39:22,843953561,6,任务6 交友行动,间谍过家家 粤配版,345974173
好普啊哈哈哈哈,896.907,1,16777215,2022-10-22 12:34:30,843953561,6,任务6 交友行动,间谍过家家 粤配版,345974173
芭蕾班,414.027,1,16777215,2022-10-22 12:22:41,843953561,6,任务6 交友行动,间谍过家家 粤配版,345974173
笑死,219.775,1,16777215,2022-10-22 11:32:02,843953561,6,任务6 交友行动,间谍过家家 粤配版,345974173
小夫配音哈哈哈哈,1207.47,1,16777215,2022-10-22 11:06:18,843953561,6,任务6 交友行动,间谍过家家 粤配版,345974173
特别的奋觉,707.943,1,16777215,2022-10-22 09:34:18,843953561,6,任务6 交友行动,间谍过家家 粤配版,345974173
像极了小夫,1208.934,1,16777215,2022-10-22 07:55:14,843953561,6,任务6 交友行动,间谍过家家 粤配版,345974173
优雅太优雅了,1278.651,1,14811775,2022-10-22 07:54:36,843953561,6,任务6 交友行动,间谍过家家 粤配版,345974173
奖励队长,731.583,1,16777215,2022-10-22 07:44:56,843953561,6,任务6 交友行动,间谍过家家 粤配版,345974173
阿妮亚同款荷包蛋,1198.649,1,16777215,2022-10-22 07:40:10,843953561,6,任务6 交友行动,间谍过家家 粤配版,345974173
0_0,1242.27,1,16777215,2022-10-22 03:50:30,843953561,6,任务6 交友行动,间谍过家家 粤配版,345974173
⊙⊿⊙☞,1206.749,1,16777215,2022-10-22 03:49:15,843953561,6,任务6 交友行动,间谍过家家 粤配版,345974173
⌓‿⌓,1178.525,1,16777215,2022-10-22 03:48:35,843953561,6,任务6 交友行动,间谍过家家 粤配版,345974173
⌓‿⌓,1170.401,1,16777215,2022-10-22 03:48:25,843953561,6,任务6 交友行动,间谍过家家 粤配版,345974173
⌓‿⌓,1155.629,1,16777215,2022-10-22 03:48:09,843953561,6,任务6 交友行动,间谍过家家 粤配版,345974173
八道闪电突袭波兰,426.886,1,16777215,2022-10-22 03:40:17,843953561,6,任务6 交友行动,间谍过家家 粤配版,345974173
哈哈哈哈哈,225.576,1,16777215,2022-10-22 02:10:01,843953561,6,任务6 交友行动,间谍过家家 粤配版,345974173
哈哈哈哈好贴啊这个声线,901.053,1,16777215,2022-10-22 00:33:07,843953561,6,任务6 交友行动,间谍过家家 粤配版,345974173
大霉胺,844.86,1,16777215,2022-10-22 00:31:07,843953561,6,任务6 交友行动,间谍过家家 粤配版,345974173
厕纸！,834.65,1,16777215,2022-10-22 00:13:41,843953561,6,任务6 交友行动,间谍过家家 粤配版,345974173
拐子佬,221.103,1,16777215,2022-10-22 00:02:59,843953561,6,任务6 交友行动,间谍过家家 粤配版,345974173
这衣服，练铁线拳?,690.831,1,16777215,2022-10-21 23:50:00,843953561,6,任务6 交友行动,间谍过家家 粤配版,345974173
名场面,1081.601,5,15138834,2022-10-21 23:49:55,843953561,6,任务6 交友行动,间谍过家家 粤配版,345974173
鸭嘴兽,306.333,1,16777215,2022-10-21 23:42:57,843953561,6,任务6 交友行动,间谍过家家 粤配版,345974173
⌓‿⌓​⌓‿⌓​⌓‿⌓​,1092.903,1,16777215,2022-10-21 23:35:12,843953561,6,任务6 交友行动,间谍过家家 粤配版,345974173
公费报销,282.311,1,16777215,2022-10-21 23:32:26,843953561,6,任务6 交友行动,间谍过家家 粤配版,345974173
黑虎阿福——碎瓜拳,631.206,1,16777215,2022-10-21 23:21:46,843953561,6,任务6 交友行动,间谍过家家 粤配版,345974173
罗辑：都是计划啊,335.213,1,16777215,2022-10-21 23:21:25,843953561,6,任务6 交友行动,间谍过家家 粤配版,345974173
啊cai,728.914,1,16777215,2022-10-21 23:12:19,843953561,6,任务6 交友行动,间谍过家家 粤配版,345974173
哈哈哈哈好可爱,1151.57,1,16777215,2022-10-21 23:10:55,843953561,6,任务6 交友行动,间谍过家家 粤配版,345974173
哇哇，嘿思,307.823,1,16777215,2022-10-21 23:08:34,843953561,6,任务6 交友行动,间谍过家家 粤配版,345974173
班房？,965.565,1,16777215,2022-10-21 23:02:55,843953561,6,任务6 交友行动,间谍过家家 粤配版,345974173
离谱,1263.363,1,16777215,2022-10-21 23:00:40,843953561,6,任务6 交友行动,间谍过家家 粤配版,345974173
洒家叫鲁美丽，英文名珍妮玛.黛荆,933.693,1,16777215,2022-10-21 22:55:52,843953561,6,任务6 交友行动,间谍过家家 粤配版,345974173
虫容不是松茸啊,1113.429,1,16777215,2022-10-21 22:55:39,843953561,6,任务6 交友行动,间谍过家家 粤配版,345974173
小丸子！,208.599,1,16777215,2022-10-21 22:54:49,843953561,6,任务6 交友行动,间谍过家家 粤配版,345974173
厕纸:危,683.679,1,16777215,2022-10-21 22:53:13,843953561,6,任务6 交友行动,间谍过家家 粤配版,345974173
财神康出嚟同我只抽,1160.422,1,16707842,2022-10-21 22:48:51,843953561,6,任务6 交友行动,间谍过家家 粤配版,345974173
好优雅啊,1275.759,1,16777215,2022-10-21 22:36:31,843953561,6,任务6 交友行动,间谍过家家 粤配版,345974173
⌓‿⌓,1095.501,1,16777215,2022-10-21 22:23:13,843953561,6,任务6 交友行动,间谍过家家 粤配版,345974173
好得意啊,100.651,1,16777215,2022-10-21 22:21:16,843953561,6,任务6 交友行动,间谍过家家 粤配版,345974173
王道征途（暴论）,387.607,5,16707842,2022-10-21 21:34:58,843953561,6,任务6 交友行动,间谍过家家 粤配版,345974173
厚礼蟹,321.697,1,16777215,2022-10-21 21:27:39,843953561,6,任务6 交友行动,间谍过家家 粤配版,345974173
漆黑意志,1184.255,5,41194,2022-10-21 21:24:18,843953561,6,任务6 交友行动,间谍过家家 粤配版,345974173
8个大英雄是吧，湿湿碎啦,396.879,1,16777215,2022-10-21 21:19:22,843953561,6,任务6 交友行动,间谍过家家 粤配版,345974173
对唔住,647.071,1,16777215,2022-10-21 21:16:34,843953561,6,任务6 交友行动,间谍过家家 粤配版,345974173
好像五六七的声音呜呜呜,115.759,1,16777215,2022-10-21 21:15:32,843953561,6,任务6 交友行动,间谍过家家 粤配版,345974173
这是一个悲伤的故事，我的外号叫“南瓜”ing……,622.309,1,16777215,2022-10-21 21:15:14,843953561,6,任务6 交友行动,间谍过家家 粤配版,345974173
国产凌凌漆,299.631,1,16777215,2022-10-21 21:13:40,843953561,6,任务6 交友行动,间谍过家家 粤配版,345974173
全家      危,530.476,1,15138834,2022-10-21 21:10:03,843953561,6,任务6 交友行动,间谍过家家 粤配版,345974173
S A K I F O X,1097.28,1,16777215,2022-10-21 20:55:58,843953561,6,任务6 交友行动,间谍过家家 粤配版,345974173
lang衫,211.52,1,16777215,2022-10-21 20:48:42,843953561,6,任务6 交友行动,间谍过家家 粤配版,345974173
老笠,178.65,1,16777215,2022-10-21 20:47:54,843953561,6,任务6 交友行动,间谍过家家 粤配版,345974173
⌓‿⌓,1100.541,1,16777215,2022-10-21 20:47:52,843953561,6,任务6 交友行动,间谍过家家 粤配版,345974173
你靓仔咯,887.468,1,16777215,2022-10-21 20:40:46,843953561,6,任务6 交友行动,间谍过家家 粤配版,345974173
养成类游戏,772.733,1,16777215,2022-10-21 20:38:48,843953561,6,任务6 交友行动,间谍过家家 粤配版,345974173
你看我这个，好看不，卡哇伊不（虎哥音）,433.191,5,16707842,2022-10-21 20:28:09,843953561,6,任务6 交友行动,间谍过家家 粤配版,345974173
⌓‿⌓,1103.759,1,16777215,2022-10-21 20:09:12,843953561,6,任务6 交友行动,间谍过家家 粤配版,345974173
执生,981.073,1,16777215,2022-10-21 20:00:56,843953561,6,任务6 交友行动,间谍过家家 粤配版,345974173
⌓‿⌓,1101.171,1,16777215,2022-10-21 19:56:19,843953561,6,任务6 交友行动,间谍过家家 粤配版,345974173
哈哈哈大话精,1144.443,1,16777215,2022-10-21 19:50:54,843953561,6,任务6 交友行动,间谍过家家 粤配版,345974173
⌓‿⌓​,1120.733,1,16777215,2022-10-21 19:50:24,843953561,6,任务6 交友行动,间谍过家家 粤配版,345974173
感觉回到小时候看翡翠台的感觉,300.498,1,16777215,2022-10-21 19:48:11,843953561,6,任务6 交友行动,间谍过家家 粤配版,345974173
名场面,1087.486,1,16777215,2022-10-21 19:41:39,843953561,6,任务6 交友行动,间谍过家家 粤配版,345974173
康而寿笑死我,1155.453,1,16777215,2022-10-21 19:39:15,843953561,6,任务6 交友行动,间谍过家家 粤配版,345974173
⌓‿⌓​,1146.577,1,16777215,2022-10-21 19:35:58,843953561,6,任务6 交友行动,间谍过家家 粤配版,345974173
⌓‿⌓​,1097.967,1,16777215,2022-10-21 19:35:02,843953561,6,任务6 交友行动,间谍过家家 粤配版,345974173
绑架应该译成标心,216.871,1,16777215,2022-10-21 19:33:29,843953561,6,任务6 交友行动,间谍过家家 粤配版,345974173
大锅,555.788,1,16777215,2022-10-21 19:29:50,843953561,6,任务6 交友行动,间谍过家家 粤配版,345974173
[前方高能],217.511,1,16777215,2022-10-21 19:27:08,843953561,6,任务6 交友行动,间谍过家家 粤配版,345974173
小夫附体,1207.054,1,16777215,2022-10-21 19:25:33,843953561,6,任务6 交友行动,间谍过家家 粤配版,345974173
洗用,999.307,1,16777215,2022-10-21 19:21:13,843953561,6,任务6 交友行动,间谍过家家 粤配版,345974173
逃过一劫,667.057,1,16777215,2022-10-21 19:16:39,843953561,6,任务6 交友行动,间谍过家家 粤配版,345974173
好嘚噫啊（可爱）,518.78,1,16777215,2022-10-21 19:14:49,843953561,6,任务6 交友行动,间谍过家家 粤配版,345974173
啊菲可还行,625.065,1,16777215,2022-10-21 19:14:39,843953561,6,任务6 交友行动,间谍过家家 粤配版,345974173
lang sam,193.039,1,16777215,2022-10-21 19:13:50,843953561,6,任务6 交友行动,间谍过家家 粤配版,345974173
嘟比嘟比嘟吧,337.063,1,16777215,2022-10-21 19:12:47,843953561,6,任务6 交友行动,间谍过家家 粤配版,345974173
鸡蛋——,596.655,1,16777215,2022-10-21 19:10:09,843953561,6,任务6 交友行动,间谍过家家 粤配版,345974173
次子的父母都没来,1341.145,1,16777215,2022-10-21 19:07:12,843953561,6,任务6 交友行动,间谍过家家 粤配版,345974173
⌓‿⌓​,1162.607,1,16777215,2022-10-21 19:04:20,843953561,6,任务6 交友行动,间谍过家家 粤配版,345974173
⌓‿⌓​,1157.447,1,16777215,2022-10-21 19:04:11,843953561,6,任务6 交友行动,间谍过家家 粤配版,345974173
tornado?,414.093,1,16777215,2022-10-21 18:59:00,843953561,6,任务6 交友行动,间谍过家家 粤配版,345974173
看把孩子吓得,159.082,1,16777215,2022-10-21 18:56:46,843953561,6,任务6 交友行动,间谍过家家 粤配版,345974173
要来力,1075.701,1,16777215,2022-10-21 18:54:34,843953561,6,任务6 交友行动,间谍过家家 粤配版,345974173
名场面预订,1082.143,1,16777215,2022-10-21 18:52:34,843953561,6,任务6 交友行动,间谍过家家 粤配版,345974173
眼火爆,1183.272,5,15138834,2022-10-21 18:52:14,843953561,6,任务6 交友行动,间谍过家家 粤配版,345974173
hiu,349.548,1,16777215,2022-10-21 18:51:31,843953561,6,任务6 交友行动,间谍过家家 粤配版,345974173
做咩啊,205.663,1,16777215,2022-10-21 18:49:00,843953561,6,任务6 交友行动,间谍过家家 粤配版,345974173
沙胆,346.021,1,16777215,2022-10-21 18:48:59,843953561,6,任务6 交友行动,间谍过家家 粤配版,345974173
[前方高能],1088.095,1,16777215,2022-10-21 18:46:48,843953561,6,任务6 交友行动,间谍过家家 粤配版,345974173
[前方高能],1088.095,1,16777215,2022-10-21 18:46:40,843953561,6,任务6 交友行动,间谍过家家 粤配版,345974173
⌓‿⌓,1151.341,1,16777215,2022-10-21 18:46:33,843953561,6,任务6 交友行动,间谍过家家 粤配版,345974173
⌓‿⌓,1118.301,1,16777215,2022-10-21 18:45:52,843953561,6,任务6 交友行动,间谍过家家 粤配版,345974173
前方高能！！！！！,1177.08,1,16777215,2022-10-21 18:44:19,843953561,6,任务6 交友行动,间谍过家家 粤配版,345974173
⌓‿⌓,1099.342,1,16777215,2022-10-21 18:43:02,843953561,6,任务6 交友行动,间谍过家家 粤配版,345974173
嗯，好猛,689.077,1,16777215,2022-10-21 18:38:17,843953561,6,任务6 交友行动,间谍过家家 粤配版,345974173
阿妮亚变身,434.877,5,16707842,2022-10-21 18:36:48,843953561,6,任务6 交友行动,间谍过家家 粤配版,345974173
要是再口语化些就更棒了,532.973,1,16777215,2022-10-21 18:35:37,843953561,6,任务6 交友行动,间谍过家家 粤配版,345974173
次子不妙拳,692.007,1,16777215,2022-10-21 18:31:19,843953561,6,任务6 交友行动,间谍过家家 粤配版,345974173
MD无敌了,225.816,1,16777215,2022-10-21 18:30:14,843953561,6,任务6 交友行动,间谍过家家 粤配版,345974173
笑死,225.96,1,16777215,2022-10-21 18:25:11,843953561,6,任务6 交友行动,间谍过家家 粤配版,345974173
也太便宜他们了吧,640.954,1,16777215,2022-10-21 18:22:24,843953561,6,任务6 交友行动,间谍过家家 粤配版,345974173
是鸭嘴兽泰瑞,302.452,1,16777215,2022-10-21 18:18:11,843953561,6,任务6 交友行动,间谍过家家 粤配版,345974173
这个次子的配音i了,849.565,1,16777215,2022-10-21 18:17:47,843953561,6,任务6 交友行动,间谍过家家 粤配版,345974173
⌓‿⌓​,1106.274,1,16777215,2022-10-21 18:11:23,843953561,6,任务6 交友行动,间谍过家家 粤配版,345974173
lan衫,197.334,1,16777215,2022-10-21 15:01:52,843953561,6,任务6 交友行动,间谍过家家 粤配版,345974173
笑死,227.175,1,16777215,2022-10-21 14:24:10,843953561,6,任务6 交友行动,间谍过家家 粤配版,345974173
摸摸头安慰一下,664.042,1,16777215,2022-10-21 10:05:33,843953561,6,任务6 交友行动,间谍过家家 粤配版,345974173
还笑得出来吗？哭都来不及！,1334.803,1,16777215,2022-10-21 08:54:25,843953561,6,任务6 交友行动,间谍过家家 粤配版,345974173
笑岔气了！,1332.697,1,16777215,2022-10-21 08:53:43,843953561,6,任务6 交友行动,间谍过家家 粤配版,345974173
粤语不会灭,114.164,1,16777215,2022-10-21 08:53:34,843953561,6,任务6 交友行动,间谍过家家 粤配版,345974173
一拳重击！,1189.959,1,16777215,2022-10-21 08:50:35,843953561,6,任务6 交友行动,间谍过家家 粤配版,345974173
五老星校长！,944.517,1,16777215,2022-10-21 08:46:10,843953561,6,任务6 交友行动,间谍过家家 粤配版,345974173
瓜神房小妈出现了!,904.888,1,16777215,2022-10-21 08:45:16,843953561,6,任务6 交友行动,间谍过家家 粤配版,345974173
跨度聊天,991.528,1,16777215,2022-10-21 07:15:06,843953561,6,任务6 交友行动,间谍过家家 粤配版,345974173
猴赛雷啊,1106.853,5,16777215,2022-10-21 05:56:01,843953561,6,任务6 交友行动,间谍过家家 粤配版,345974173
居然甘大力,1196.454,1,16777215,2022-10-21 00:57:45,843953561,6,任务6 交友行动,间谍过家家 粤配版,345974173
可爱,877.198,1,16777215,2022-10-21 00:49:48,843953561,6,任务6 交友行动,间谍过家家 粤配版,345974173
帮金鱼佬！,578.993,1,16777215,2022-10-20 23:25:38,843953561,6,任务6 交友行动,间谍过家家 粤配版,345974173
⊙⊿⊙☞,1214.542,1,16777215,2022-10-20 23:21:44,843953561,6,任务6 交友行动,间谍过家家 粤配版,345974173
开局雷哈哈哈,1283.071,1,16777215,2022-10-20 22:47:54,843953561,6,任务6 交友行动,间谍过家家 粤配版,345974173
千万别啊,534.461,1,16777215,2022-10-20 22:35:25,843953561,6,任务6 交友行动,间谍过家家 粤配版,345974173
十三区电梯,318.406,1,16777215,2022-10-20 22:10:59,843953561,6,任务6 交友行动,间谍过家家 粤配版,345974173
前方本季最佳颜艺,1080.61,1,16777215,2022-10-20 22:02:49,843953561,6,任务6 交友行动,间谍过家家 粤配版,345974173
はい可还行,1072.36,1,16777215,2022-10-20 21:37:09,843953561,6,任务6 交友行动,间谍过家家 粤配版,345974173
康而寿的笑死我了hhh,1153.027,1,16777215,2022-10-20 20:42:00,843953561,6,任务6 交友行动,间谍过家家 粤配版,345974173
啊齐？,718.042,1,16777215,2022-10-20 19:41:07,843953561,6,任务6 交友行动,间谍过家家 粤配版,345974173
一班擦鞋仔,1031.315,1,16777215,2022-10-20 17:27:00,843953561,6,任务6 交友行动,间谍过家家 粤配版,345974173
秘旋谍-高雅女士（bushi）,313.073,1,16777215,2022-10-20 13:49:42,843953561,6,任务6 交友行动,间谍过家家 粤配版,345974173
⌓‿⌓,1109.286,1,16777215,2022-10-20 12:40:34,843953561,6,任务6 交友行动,间谍过家家 粤配版,345974173
好嗨优雅,1276.05,1,16777215,2022-10-19 23:39:12,843953561,6,任务6 交友行动,间谍过家家 粤配版,345974173
听不出笑点,236.88,1,16777215,2022-10-19 22:52:27,843953561,6,任务6 交友行动,间谍过家家 粤配版,345974173
懂了，笑着打,1082.925,1,16777215,2022-10-19 20:17:02,843953561,6,任务6 交友行动,间谍过家家 粤配版,345974173
hhhh,226.26,1,16777215,2022-10-19 20:06:45,843953561,6,任务6 交友行动,间谍过家家 粤配版,345974173
⌓‿⌓​,1114.561,1,16777215,2022-10-19 19:36:48,843953561,6,任务6 交友行动,间谍过家家 粤配版,345974173
⌓‿⌓​,1150.447,1,16777215,2022-10-19 19:24:47,843953561,6,任务6 交友行动,间谍过家家 粤配版,345974173
唔至于唔至于,700.694,1,16777215,2022-10-19 19:18:18,843953561,6,任务6 交友行动,间谍过家家 粤配版,345974173
wuzhiy,698.454,1,16777215,2022-10-19 19:18:07,843953561,6,任务6 交友行动,间谍过家家 粤配版,345974173
优雅！！,13.095,1,16777215,2022-10-19 19:07:01,843953561,6,任务6 交友行动,间谍过家家 粤配版,345974173
懒得戚～哈哈哈,1123.192,1,16777215,2022-10-19 18:31:10,843953561,6,任务6 交友行动,间谍过家家 粤配版,345974173
哈哈~~,894.645,1,16777215,2022-10-19 14:29:49,843953561,6,任务6 交友行动,间谍过家家 粤配版,345974173
大人嘅松茸？？好怪哦,1104.041,1,16777215,2022-10-19 14:05:47,843953561,6,任务6 交友行动,间谍过家家 粤配版,345974173
你是梨黑 毫无疑问！,493.137,1,16777215,2022-10-19 12:54:14,843953561,6,任务6 交友行动,间谍过家家 粤配版,345974173
此处应响起一拳超人片头:我靠~！,1185.327,1,16777215,2022-10-19 02:27:18,843953561,6,任务6 交友行动,间谍过家家 粤配版,345974173
笑死我了，13区,306.176,1,16777215,2022-10-19 01:10:41,843953561,6,任务6 交友行动,间谍过家家 粤配版,345974173
小伙子前方可是地狱啊,553.967,1,16777215,2022-10-18 22:42:25,843953561,6,任务6 交友行动,间谍过家家 粤配版,345974173
哈哈哈,910.152,1,16777215,2022-10-18 22:27:02,843953561,6,任务6 交友行动,间谍过家家 粤配版,345974173
次子来捏,10.735,1,16777215,2022-10-18 20:45:18,843953561,6,任务6 交友行动,间谍过家家 粤配版,345974173
怕丑哈哈,901.18,1,16777215,2022-10-18 20:06:12,843953561,6,任务6 交友行动,间谍过家家 粤配版,345974173
嘴力了得,223.506,1,16777215,2022-10-18 20:04:39,843953561,6,任务6 交友行动,间谍过家家 粤配版,345974173
斯麦鲁斯麦鲁,1086.543,1,16777215,2022-10-18 18:52:28,843953561,6,任务6 交友行动,间谍过家家 粤配版,345974173
太强了,1099.916,1,16777215,2022-10-18 18:46:22,843953561,6,任务6 交友行动,间谍过家家 粤配版,345974173
人地阿四可以,628.818,1,16777215,2022-10-18 13:11:25,843953561,6,任务6 交友行动,间谍过家家 粤配版,345974173
你都几沙尘啵,340.989,1,16777215,2022-10-18 13:06:06,843953561,6,任务6 交友行动,间谍过家家 粤配版,345974173
跳芭蕾,433.985,1,16777215,2022-10-18 13:04:35,843953561,6,任务6 交友行动,间谍过家家 粤配版,345974173
⌓‿⌓,1099.416,1,16777215,2022-10-18 12:42:07,843953561,6,任务6 交友行动,间谍过家家 粤配版,345974173
完蛋了 指小喽啰们,548.183,1,16777215,2022-10-18 12:00:54,843953561,6,任务6 交友行动,间谍过家家 粤配版,345974173
路走窄了,542.043,1,16777215,2022-10-18 11:25:22,843953561,6,任务6 交友行动,间谍过家家 粤配版,345974173
哈哈哈,898.145,1,16777215,2022-10-18 10:18:55,843953561,6,任务6 交友行动,间谍过家家 粤配版,345974173
哈哈哈,785.425,1,16777215,2022-10-18 10:17:01,843953561,6,任务6 交友行动,间谍过家家 粤配版,345974173
正音：從sung1容，異讀：從cung1容,1105.268,1,16777215,2022-10-18 01:51:51,843953561,6,任务6 交友行动,间谍过家家 粤配版,345974173
松茸,1105.879,1,16777215,2022-10-18 01:37:43,843953561,6,任务6 交友行动,间谍过家家 粤配版,345974173
优雅,1004.852,1,16777215,2022-10-18 01:34:46,843953561,6,任务6 交友行动,间谍过家家 粤配版,345974173
嗯，大英雄点了个赞,395.573,1,16777215,2022-10-18 01:23:17,843953561,6,任务6 交友行动,间谍过家家 粤配版,345974173
漆黑意志,1182.959,5,16777215,2022-10-17 23:52:14,843953561,6,任务6 交友行动,间谍过家家 粤配版,345974173
声优辛苦了！,651.963,1,16777215,2022-10-17 23:15:04,843953561,6,任务6 交友行动,间谍过家家 粤配版,345974173
唔系 cong容咩,1106.917,1,16777215,2022-10-17 23:12:53,843953561,6,任务6 交友行动,间谍过家家 粤配版,345974173
⌓‿⌓​,1097.594,1,16777215,2022-10-17 23:01:23,843953561,6,任务6 交友行动,间谍过家家 粤配版,345974173
小混混危,560.835,1,16777215,2022-10-17 22:00:16,843953561,6,任务6 交友行动,间谍过家家 粤配版,345974173
斯内普教授,738.009,1,16777215,2022-10-17 21:59:07,843953561,6,任务6 交友行动,间谍过家家 粤配版,345974173
盖亚~,1360.76,1,16777215,2022-10-17 21:49:57,843953561,6,任务6 交友行动,间谍过家家 粤配版,345974173
名场面,1106.78,1,16777215,2022-10-17 20:28:48,843953561,6,任务6 交友行动,间谍过家家 粤配版,345974173
优雅，太优雅了！,962.627,1,16777215,2022-10-17 20:26:04,843953561,6,任务6 交友行动,间谍过家家 粤配版,345974173
好得意啊,451.129,1,16777215,2022-10-17 20:10:26,843953561,6,任务6 交友行动,间谍过家家 粤配版,345974173
天霸横空烈轰,1183.525,1,16777215,2022-10-17 19:55:39,843953561,6,任务6 交友行动,间谍过家家 粤配版,345974173
坏蛋波士滴崽，哈哈哈哈,884.682,1,16777215,2022-10-17 18:55:06,843953561,6,任务6 交友行动,间谍过家家 粤配版,345974173
]\,765.588,1,16777215,2022-10-17 18:31:52,843953561,6,任务6 交友行动,间谍过家家 粤配版,345974173
你笑到甘 有用就有鬼了,1150.871,1,16777215,2022-10-17 15:18:07,843953561,6,任务6 交友行动,间谍过家家 粤配版,345974173
直接取消topB,1357.575,1,16777215,2022-10-17 14:44:17,843953561,6,任务6 交友行动,间谍过家家 粤配版,345974173
啊吧啊吧,478.436,1,16777215,2022-10-17 14:32:21,843953561,6,任务6 交友行动,间谍过家家 粤配版,345974173
银牙,668.661,1,16777215,2022-10-17 14:28:25,843953561,6,任务6 交友行动,间谍过家家 粤配版,345974173
好可爱啊,262.524,1,16777215,2022-10-17 14:02:47,843953561,6,任务6 交友行动,间谍过家家 粤配版,345974173
大人的松茸 哈哈哈玩,1108.33,1,16777215,2022-10-17 13:37:28,843953561,6,任务6 交友行动,间谍过家家 粤配版,345974173
萌妹直拳,1189.76,1,16777215,2022-10-17 13:34:29,843953561,6,任务6 交友行动,间谍过家家 粤配版,345974173
⌓‿⌓,1099.16,1,16777215,2022-10-17 13:32:34,843953561,6,任务6 交友行动,间谍过家家 粤配版,345974173
这是计划的一部分,344.599,1,16777215,2022-10-17 13:19:35,843953561,6,任务6 交友行动,间谍过家家 粤配版,345974173
对他使用炎拳吧,1177.615,1,16777215,2022-10-17 13:14:26,843953561,6,任务6 交友行动,间谍过家家 粤配版,345974173
这老师也真是的，偏偏这种时候看不到,1152.663,1,16777215,2022-10-17 12:45:05,843953561,6,任务6 交友行动,间谍过家家 粤配版,345974173
这个小胡子是艺术老师吧，教画画的吗,732.551,1,16777215,2022-10-17 10:58:11,843953561,6,任务6 交友行动,间谍过家家 粤配版,345974173
真会挑人,555.225,1,16777215,2022-10-17 10:48:56,843953561,6,任务6 交友行动,间谍过家家 粤配版,345974173
哈哈哈哈哈,225.229,1,16777215,2022-10-17 10:26:07,843953561,6,任务6 交友行动,间谍过家家 粤配版,345974173
毛衣粤语怎么说,186.881,1,16777215,2022-10-17 10:25:24,843953561,6,任务6 交友行动,间谍过家家 粤配版,345974173
应该叫镖心,164.681,1,16777215,2022-10-17 09:08:15,843953561,6,任务6 交友行动,间谍过家家 粤配版,345974173
鸭嘴兽泰瑞,301.715,1,16777215,2022-10-17 03:22:38,843953561,6,任务6 交友行动,间谍过家家 粤配版,345974173
次子：危,707.414,1,16777215,2022-10-17 01:03:47,843953561,6,任务6 交友行动,间谍过家家 粤配版,345974173
bang,450.603,1,16777215,2022-10-16 23:32:16,843953561,6,任务6 交友行动,间谍过家家 粤配版,345974173
镖心失败,663.428,1,16777215,2022-10-16 23:21:41,843953561,6,任务6 交友行动,间谍过家家 粤配版,345974173
老父亲心碎,1339.314,1,16777215,2022-10-16 22:13:07,843953561,6,任务6 交友行动,间谍过家家 粤配版,345974173
阿女好耶~~~~~~~~~~,1205.973,1,16777215,2022-10-16 22:08:36,843953561,6,任务6 交友行动,间谍过家家 粤配版,345974173
厕纸心动了,1138.921,1,16777215,2022-10-16 22:07:40,843953561,6,任务6 交友行动,间谍过家家 粤配版,345974173
松茸,1114.523,1,16777215,2022-10-16 22:07:16,843953561,6,任务6 交友行动,间谍过家家 粤配版,345974173
厕纸啊,868.053,1,16777215,2022-10-16 22:04:34,843953561,6,任务6 交友行动,间谍过家家 粤配版,345974173
次男,844.58,1,16777215,2022-10-16 22:04:22,843953561,6,任务6 交友行动,间谍过家家 粤配版,345974173
有得报销就得,222.795,1,16777215,2022-10-16 21:58:15,843953561,6,任务6 交友行动,间谍过家家 粤配版,345974173
好LEN优雅啊,8.677,1,16777215,2022-10-16 21:54:48,843953561,6,任务6 交友行动,间谍过家家 粤配版,345974173
蓄意轰拳,1198.562,1,16777215,2022-10-16 21:17:56,843953561,6,任务6 交友行动,间谍过家家 粤配版,345974173
我知道，係厕纸,845.679,1,16777215,2022-10-16 21:16:49,843953561,6,任务6 交友行动,间谍过家家 粤配版,345974173
霖尽办法lam你,1173.201,1,16777215,2022-10-16 20:34:37,843953561,6,任务6 交友行动,间谍过家家 粤配版,345974173
吼优雅,957.727,1,16777215,2022-10-16 20:34:03,843953561,6,任务6 交友行动,间谍过家家 粤配版,345974173
嚟啦,1087.874,1,16777215,2022-10-16 19:40:59,843953561,6,任务6 交友行动,间谍过家家 粤配版,345974173
⌓‿⌓​,1175.425,1,16707842,2022-10-16 19:39:29,843953561,6,任务6 交友行动,间谍过家家 粤配版,345974173
配得好抵死啊,621.622,1,16777215,2022-10-16 19:33:19,843953561,6,任务6 交友行动,间谍过家家 粤配版,345974173
一见钟情,1104.239,1,16777215,2022-10-16 19:32:19,843953561,6,任务6 交友行动,间谍过家家 粤配版,345974173
你说你们没事惹她干嘛,568.286,1,16777215,2022-10-16 19:32:16,843953561,6,任务6 交友行动,间谍过家家 粤配版,345974173
唔舍得,315.552,1,16777215,2022-10-16 19:21:21,843953561,6,任务6 交友行动,间谍过家家 粤配版,345974173
呆毛居然唔算,105.162,1,16777215,2022-10-16 19:05:33,843953561,6,任务6 交友行动,间谍过家家 粤配版,345974173
还以为主题曲也是粤语…,15.378,1,15138834,2022-10-16 18:05:13,843953561,6,任务6 交友行动,间谍过家家 粤配版,345974173
好优雅,1333.176,1,16777215,2022-10-16 18:01:46,843953561,6,任务6 交友行动,间谍过家家 粤配版,345974173
哈哈、,927.036,1,16777215,2022-10-16 17:55:00,843953561,6,任务6 交友行动,间谍过家家 粤配版,345974173
得意,438.364,1,16777215,2022-10-16 17:47:02,843953561,6,任务6 交友行动,间谍过家家 粤配版,345974173
经典,126.065,1,16777215,2022-10-16 17:41:45,843953561,6,任务6 交友行动,间谍过家家 粤配版,345974173
管理官姐姐的声音也好听,344.155,1,16777215,2022-10-16 16:58:16,843953561,6,任务6 交友行动,间谍过家家 粤配版,345974173
⌓‿⌓,1118.407,1,16777215,2022-10-16 16:38:27,843953561,6,任务6 交友行动,间谍过家家 粤配版,345974173
⌓‿⌓,1104.041,1,16777215,2022-10-16 16:38:13,843953561,6,任务6 交友行动,间谍过家家 粤配版,345974173
唔使死,695.319,1,16777215,2022-10-16 16:19:59,843953561,6,任务6 交友行动,间谍过家家 粤配版,345974173
小丸子,1042.547,1,16777215,2022-10-16 15:32:17,843953561,6,任务6 交友行动,间谍过家家 粤配版,345974173
aniya：含家惨,1177.29,1,16777215,2022-10-16 14:46:03,843953561,6,任务6 交友行动,间谍过家家 粤配版,345974173
Op贴脸，次子危险,4.258,1,16777215,2022-10-16 14:33:11,843953561,6,任务6 交友行动,间谍过家家 粤配版,345974173
⌓‿⌓,1156.981,1,16777215,2022-10-16 14:25:01,843953561,6,任务6 交友行动,间谍过家家 粤配版,345974173
不你不明白，哈哈哈,988.39,1,16777215,2022-10-16 13:55:28,843953561,6,任务6 交友行动,间谍过家家 粤配版,345974173
路走窄了 几位,590.015,1,16777215,2022-10-16 13:38:03,843953561,6,任务6 交友行动,间谍过家家 粤配版,345974173
⌓‿⌓,1091.259,5,16777215,2022-10-16 12:44:32,843953561,6,任务6 交友行动,间谍过家家 粤配版,345974173
标参,202.467,1,16777215,2022-10-16 12:27:06,843953561,6,任务6 交友行动,间谍过家家 粤配版,345974173
克拉克,819.297,1,16777215,2022-10-16 12:15:10,843953561,6,任务6 交友行动,间谍过家家 粤配版,345974173
贝琪小天使！,1158.503,1,16777215,2022-10-16 12:05:21,843953561,6,任务6 交友行动,间谍过家家 粤配版,345974173
这都有梨黑？,487.978,1,16777215,2022-10-16 11:56:33,843953561,6,任务6 交友行动,间谍过家家 粤配版,345974173
抵死,580.767,1,16777215,2022-10-16 11:08:33,843953561,6,任务6 交友行动,间谍过家家 粤配版,345974173
表情包233333,1203.345,1,16777215,2022-10-16 11:01:10,843953561,6,任务6 交友行动,间谍过家家 粤配版,345974173
最top,378.798,5,15138834,2022-10-16 10:53:15,843953561,6,任务6 交友行动,间谍过家家 粤配版,345974173
MIB,309.948,1,16777215,2022-10-16 10:50:05,843953561,6,任务6 交友行动,间谍过家家 粤配版,345974173
哈哈哈哈哈,1274.385,1,16777215,2022-10-16 10:47:15,843953561,6,任务6 交友行动,间谍过家家 粤配版,345974173
⌓‿⌓,1100.053,1,16777215,2022-10-16 10:40:14,843953561,6,任务6 交友行动,间谍过家家 粤配版,345974173
勇士,620.541,1,16777215,2022-10-16 10:27:56,843953561,6,任务6 交友行动,间谍过家家 粤配版,345974173
不详的预感,461.309,1,16777215,2022-10-16 10:25:11,843953561,6,任务6 交友行动,间谍过家家 粤配版,345974173
混混，危,556.219,1,16777215,2022-10-16 10:17:29,843953561,6,任务6 交友行动,间谍过家家 粤配版,345974173
哦咩得多,750.333,1,16707842,2022-10-16 10:10:26,843953561,6,任务6 交友行动,间谍过家家 粤配版,345974173
喂！,937.299,1,16777215,2022-10-16 09:40:15,843953561,6,任务6 交友行动,间谍过家家 粤配版,345974173
⊙⊿⊙☞,1210.919,1,16777215,2022-10-16 08:50:49,843953561,6,任务6 交友行动,间谍过家家 粤配版,345974173
(꒪⌓꒪) ,1199.826,1,16777215,2022-10-16 08:50:36,843953561,6,任务6 交友行动,间谍过家家 粤配版,345974173
⌓‿⌓,1105.618,1,16777215,2022-10-16 08:48:59,843953561,6,任务6 交友行动,间谍过家家 粤配版,345974173
次子：外母多谢你,686.607,1,16777215,2022-10-16 02:57:23,843953561,6,任务6 交友行动,间谍过家家 粤配版,345974173
你都冇生过哈哈哈,992.188,1,16777215,2022-10-16 01:48:59,843953561,6,任务6 交友行动,间谍过家家 粤配版,345974173
这配音好厉害啊,1207.865,1,16777215,2022-10-16 01:41:50,843953561,6,任务6 交友行动,间谍过家家 粤配版,345974173
天选之人hhh,729.766,1,16777215,2022-10-16 01:28:57,843953561,6,任务6 交友行动,间谍过家家 粤配版,345974173
我也喜欢,667.026,1,16707842,2022-10-16 01:14:16,843953561,6,任务6 交友行动,间谍过家家 粤配版,345974173
可怜次子,1345.68,1,16777215,2022-10-16 01:02:53,843953561,6,任务6 交友行动,间谍过家家 粤配版,345974173
瞬间变脸,1123.205,1,16777215,2022-10-16 00:59:03,843953561,6,任务6 交友行动,间谍过家家 粤配版,345974173
打~~~,858.552,1,16777215,2022-10-16 00:54:29,843953561,6,任务6 交友行动,间谍过家家 粤配版,345974173
这一拳，盛世到来,1193.089,1,16777215,2022-10-16 00:54:00,843953561,6,任务6 交友行动,间谍过家家 粤配版,345974173
有D难度,698.214,1,16777215,2022-10-16 00:51:09,843953561,6,任务6 交友行动,间谍过家家 粤配版,345974173
太难了,428.641,1,16777215,2022-10-16 00:48:10,843953561,6,任务6 交友行动,间谍过家家 粤配版,345974173
老父亲越来越不淡定了,938.36,1,16777215,2022-10-16 00:43:39,843953561,6,任务6 交友行动,间谍过家家 粤配版,345974173
擦鞋仔,1022.326,1,16777215,2022-10-16 00:42:12,843953561,6,任务6 交友行动,间谍过家家 粤配版,345974173
音效细节,1162.924,1,16777215,2022-10-16 00:35:20,843953561,6,任务6 交友行动,间谍过家家 粤配版,345974173
哈哈哈，这个好,224.493,1,16777215,2022-10-16 00:31:20,843953561,6,任务6 交友行动,间谍过家家 粤配版,345974173
吓坏了,173.537,1,16777215,2022-10-16 00:29:44,843953561,6,任务6 交友行动,间谍过家家 粤配版,345974173
呆毛塌了,98.609,1,16777215,2022-10-16 00:28:45,843953561,6,任务6 交友行动,间谍过家家 粤配版,345974173
配音秀儿,580.53,1,16777215,2022-10-16 00:22:27,843953561,6,任务6 交友行动,间谍过家家 粤配版,345974173
优雅,1005.771,1,16777215,2022-10-16 00:20:17,843953561,6,任务6 交友行动,间谍过家家 粤配版,345974173
可爱捏,465.827,1,16777215,2022-10-16 00:04:02,843953561,6,任务6 交友行动,间谍过家家 粤配版,345974173
首先，我不叫喂！,1175.553,1,16777215,2022-10-16 00:03:22,843953561,6,任务6 交友行动,间谍过家家 粤配版,345974173
哈哈哈哈,938.853,1,16777215,2022-10-16 00:00:28,843953561,6,任务6 交友行动,间谍过家家 粤配版,345974173
路走窄了,557.405,1,16777215,2022-10-15 23:59:15,843953561,6,任务6 交友行动,间谍过家家 粤配版,345974173
我要被笑死了。。,225.437,1,16777215,2022-10-15 23:44:30,843953561,6,任务6 交友行动,间谍过家家 粤配版,345974173
优雅,1000.941,1,16777215,2022-10-15 23:38:20,843953561,6,任务6 交友行动,间谍过家家 粤配版,345974173
天选之人,738.139,1,16777215,2022-10-15 23:33:58,843953561,6,任务6 交友行动,间谍过家家 粤配版,345974173
真系好搞笑啊，哈哈哈哈,1332.012,1,16777215,2022-10-15 23:22:01,843953561,6,任务6 交友行动,间谍过家家 粤配版,345974173
差点被标深,655.431,1,16777215,2022-10-15 23:11:31,843953561,6,任务6 交友行动,间谍过家家 粤配版,345974173
hhhhhhh,889.339,1,16777215,2022-10-15 23:06:58,843953561,6,任务6 交友行动,间谍过家家 粤配版,345974173
又可以见识到约尔的武力展示了,466.905,1,16777215,2022-10-15 23:04:59,843953561,6,任务6 交友行动,间谍过家家 粤配版,345974173
哈哈哈哈,225.702,1,6830715,2022-10-15 23:00:00,843953561,6,任务6 交友行动,间谍过家家 粤配版,345974173
要来力,1092.512,1,16777215,2022-10-15 22:25:52,843953561,6,任务6 交友行动,间谍过家家 粤配版,345974173
bang~,443.773,1,16777215,2022-10-15 22:22:11,843953561,6,任务6 交友行动,间谍过家家 粤配版,345974173
好Q阿,438.781,1,16777215,2022-10-15 22:21:47,843953561,6,任务6 交友行动,间谍过家家 粤配版,345974173
南瓜：6,634.211,1,16777215,2022-10-15 22:18:04,843953561,6,任务6 交友行动,间谍过家家 粤配版,345974173
UFO嘅音效？？,253.171,5,16646914,2022-10-15 21:44:50,843953561,6,任务6 交友行动,间谍过家家 粤配版,345974173
这声音好苏,328.155,1,16777215,2022-10-15 21:36:16,843953561,6,任务6 交友行动,间谍过家家 粤配版,345974173
hhhhhhh,1263.421,1,16777215,2022-10-15 21:35:21,843953561,6,任务6 交友行动,间谍过家家 粤配版,345974173
次男不贤，蓄意轰拳,1184.705,1,16777215,2022-10-15 21:32:05,843953561,6,任务6 交友行动,间谍过家家 粤配版,345974173
⌓‿⌓​,1097.486,5,14811775,2022-10-15 21:30:23,843953561,6,任务6 交友行动,间谍过家家 粤配版,345974173
爽啊,1189.729,1,16777215,2022-10-15 21:29:43,843953561,6,任务6 交友行动,间谍过家家 粤配版,345974173
优雅的用词,1128.245,1,16777215,2022-10-15 21:28:33,843953561,6,任务6 交友行动,间谍过家家 粤配版,345974173
集团,1031.637,1,16777215,2022-10-15 21:26:45,843953561,6,任务6 交友行动,间谍过家家 粤配版,345974173
优雅,1000.237,1,16777215,2022-10-15 21:26:04,843953561,6,任务6 交友行动,间谍过家家 粤配版,345974173
要动你咯,890.858,1,16777215,2022-10-15 21:23:26,843953561,6,任务6 交友行动,间谍过家家 粤配版,345974173
哇这个口音……,203.074,1,16777215,2022-10-15 21:20:25,843953561,6,任务6 交友行动,间谍过家家 粤配版,345974173
yee 蕉啦你,621.975,1,16777215,2022-10-15 21:18:03,843953561,6,任务6 交友行动,间谍过家家 粤配版,345974173
飙心,211.13,1,16777215,2022-10-15 21:17:17,843953561,6,任务6 交友行动,间谍过家家 粤配版,345974173
所以昏爹你已经准备好要和目标当亲家了吗（？）,904.672,1,16777215,2022-10-15 21:02:57,843953561,6,任务6 交友行动,间谍过家家 粤配版,345974173
⌓‿⌓​,1160.29,5,14811775,2022-10-15 20:59:05,843953561,6,任务6 交友行动,间谍过家家 粤配版,345974173
那这些人的家长不就在观众席里吗,963.411,1,16777215,2022-10-15 20:57:26,843953561,6,任务6 交友行动,间谍过家家 粤配版,345974173
人生三大错觉,901.766,1,16777215,2022-10-15 20:55:59,843953561,6,任务6 交友行动,间谍过家家 粤配版,345974173
⌓‿⌓⌓‿⌓⌓‿⌓⌓‿⌓,1283.019,1,16777215,2022-10-15 20:54:07,843953561,6,任务6 交友行动,间谍过家家 粤配版,345974173
⌓‿⌓,1158.113,1,16777215,2022-10-15 20:53:05,843953561,6,任务6 交友行动,间谍过家家 粤配版,345974173
是蔬菜好不,641.274,1,16777215,2022-10-15 20:48:43,843953561,6,任务6 交友行动,间谍过家家 粤配版,345974173
松茸要五成熟,1115.986,1,16776960,2022-10-15 20:40:03,843953561,6,任务6 交友行动,间谍过家家 粤配版,345974173
松茸哈哈哈哈,1108.534,1,16776960,2022-10-15 20:39:37,843953561,6,任务6 交友行动,间谍过家家 粤配版,345974173
⌓‿⌓​,1166.45,1,16777215,2022-10-15 20:36:51,843953561,6,任务6 交友行动,间谍过家家 粤配版,345974173
⌓‿⌓​,1119.023,1,16777215,2022-10-15 20:33:29,843953561,6,任务6 交友行动,间谍过家家 粤配版,345974173
⌓‿⌓​,1097.389,1,16777215,2022-10-15 20:32:48,843953561,6,任务6 交友行动,间谍过家家 粤配版,345974173
就係咯～,1015.626,1,16777215,2022-10-15 20:30:04,843953561,6,任务6 交友行动,间谍过家家 粤配版,345974173
大话精！,1264.443,1,16777215,2022-10-15 20:29:52,843953561,6,任务6 交友行动,间谍过家家 粤配版,345974173
你的想法很危险,549.459,1,16776960,2022-10-15 20:29:05,843953561,6,任务6 交友行动,间谍过家家 粤配版,345974173
爱的小拳拳,1344.815,1,16777215,2022-10-15 20:25:47,843953561,6,任务6 交友行动,间谍过家家 粤配版,345974173
遇事不决，蓄意轰拳,1180.7,1,16777215,2022-10-15 20:24:08,843953561,6,任务6 交友行动,间谍过家家 粤配版,345974173
爱情的烙印,1214.083,1,16777215,2022-10-15 20:23:25,843953561,6,任务6 交友行动,间谍过家家 粤配版,345974173
好耶,18.691,1,16777215,2022-10-15 20:22:51,843953561,6,任务6 交友行动,间谍过家家 粤配版,345974173
⌓‿⌓​,1091.302,1,16777215,2022-10-15 20:22:28,843953561,6,任务6 交友行动,间谍过家家 粤配版,345974173
欧拉,1182.469,1,16777215,2022-10-15 20:16:52,843953561,6,任务6 交友行动,间谍过家家 粤配版,345974173
间。。间中做心理医生,1041.908,1,16777215,2022-10-15 20:14:20,843953561,6,任务6 交友行动,间谍过家家 粤配版,345974173
⌓‿⌓​,1095.306,1,16777215,2022-10-15 20:07:47,843953561,6,任务6 交友行动,间谍过家家 粤配版,345974173
很有意思啊,1358.247,1,16777215,2022-10-15 20:06:38,843953561,6,任务6 交友行动,间谍过家家 粤配版,345974173
“打”好关系,855.252,1,16777215,2022-10-15 19:54:49,843953561,6,任务6 交友行动,间谍过家家 粤配版,345974173
社牛,473.382,1,16707842,2022-10-15 19:49:38,843953561,6,任务6 交友行动,间谍过家家 粤配版,345974173
13区,317.393,1,16707842,2022-10-15 19:46:49,843953561,6,任务6 交友行动,间谍过家家 粤配版,345974173
⌓‿⌓,1099.285,1,16777215,2022-10-15 19:43:42,843953561,6,任务6 交友行动,间谍过家家 粤配版,345974173
猴赛雷啊！,1105.327,1,16777215,2022-10-15 19:42:52,843953561,6,任务6 交友行动,间谍过家家 粤配版,345974173
⊙⊿⊙☞,1198.651,1,16707842,2022-10-15 19:39:38,843953561,6,任务6 交友行动,间谍过家家 粤配版,345974173
⌓‿⌓,1096.439,1,16777215,2022-10-15 19:38:25,843953561,6,任务6 交友行动,间谍过家家 粤配版,345974173
⌓‿⌓,1095.569,1,16707842,2022-10-15 19:37:16,843953561,6,任务6 交友行动,间谍过家家 粤配版,345974173
高能预警,1080.757,1,16777215,2022-10-15 19:35:58,843953561,6,任务6 交友行动,间谍过家家 粤配版,345974173
你敢收她的医药费，真的勇,610.765,1,16777215,2022-10-15 19:35:24,843953561,6,任务6 交友行动,间谍过家家 粤配版,345974173
蓄意轰拳！！！！！,1172.36,1,16777215,2022-10-15 19:34:54,843953561,6,任务6 交友行动,间谍过家家 粤配版,345974173
优雅,994.757,1,16777215,2022-10-15 19:34:24,843953561,6,任务6 交友行动,间谍过家家 粤配版,345974173
⊙⊿⊙☞,1213.641,1,16777215,2022-10-15 19:32:52,843953561,6,任务6 交友行动,间谍过家家 粤配版,345974173
腕豪红怒中,1185.114,1,16777215,2022-10-15 19:31:06,843953561,6,任务6 交友行动,间谍过家家 粤配版,345974173
⌓‿⌓,1100.504,1,16777215,2022-10-15 19:30:23,843953561,6,任务6 交友行动,间谍过家家 粤配版,345974173
567?,291.362,1,16777215,2022-10-15 19:30:03,843953561,6,任务6 交友行动,间谍过家家 粤配版,345974173
以上事情均为想象,859.62,1,16777215,2022-10-15 19:29:58,843953561,6,任务6 交友行动,间谍过家家 粤配版,345974173
名场面,1155.227,1,16777215,2022-10-15 19:28:28,843953561,6,任务6 交友行动,间谍过家家 粤配版,345974173
唔系菜，系南瓜,640.445,1,16777215,2022-10-15 19:27:32,843953561,6,任务6 交友行动,间谍过家家 粤配版,345974173
⌓‿⌓,1123.059,1,16777215,2022-10-15 19:26:06,843953561,6,任务6 交友行动,间谍过家家 粤配版,345974173
吔蕉啦,623.471,1,16777215,2022-10-15 19:25:28,843953561,6,任务6 交友行动,间谍过家家 粤配版,345974173
计划的一部分,343.125,1,16777215,2022-10-15 19:21:47,843953561,6,任务6 交友行动,间谍过家家 粤配版,345974173
听着蛮舒服,276.603,1,16777215,2022-10-15 19:20:22,843953561,6,任务6 交友行动,间谍过家家 粤配版,345974173
识笑有鬼用,1110.779,1,16646914,2022-10-15 19:20:21,843953561,6,任务6 交友行动,间谍过家家 粤配版,345974173
面容没教啊,1095.611,1,16646914,2022-10-15 19:20:06,843953561,6,任务6 交友行动,间谍过家家 粤配版,345974173
溏心风暴啊,1037.035,1,16646914,2022-10-15 19:19:07,843953561,6,任务6 交友行动,间谍过家家 粤配版,345974173
⌓‿⌓,1094.762,1,16777215,2022-10-15 19:18:26,843953561,6,任务6 交友行动,间谍过家家 粤配版,345974173
特训起步（）,685.078,5,15772458,2022-10-15 19:18:06,843953561,6,任务6 交友行动,间谍过家家 粤配版,345974173
名场面！,1098.319,1,16777215,2022-10-15 19:17:45,843953561,6,任务6 交友行动,间谍过家家 粤配版,345974173
爱了爱了,1117.734,1,16777215,2022-10-15 19:17:02,843953561,6,任务6 交友行动,间谍过家家 粤配版,345974173
食懵咗你,903.033,1,16646914,2022-10-15 19:16:53,843953561,6,任务6 交友行动,间谍过家家 粤配版,345974173
系呢个moment我要爆啦,1179.035,1,15138834,2022-10-15 19:11:48,843953561,6,任务6 交友行动,间谍过家家 粤配版,345974173
别去啊！你般友会给打死的,568.221,1,16646914,2022-10-15 19:11:18,843953561,6,任务6 交友行动,间谍过家家 粤配版,345974173
菜也要优雅！,999.845,1,16777215,2022-10-15 19:10:24,843953561,6,任务6 交友行动,间谍过家家 粤配版,345974173
混混 危,551.997,1,16777215,2022-10-15 19:09:46,843953561,6,任务6 交友行动,间谍过家家 粤配版,345974173
次子，危！,829.448,1,16777215,2022-10-15 19:08:56,843953561,6,任务6 交友行动,间谍过家家 粤配版,345974173
p配得要笑死我！！！！！！,225.504,1,16777215,2022-10-15 19:07:30,843953561,6,任务6 交友行动,间谍过家家 粤配版,345974173
爱丽刚多,1273.757,1,16777215,2022-10-15 19:02:23,843953561,6,任务6 交友行动,间谍过家家 粤配版,345974173
次子，危,966.277,1,16777215,2022-10-15 19:01:17,843953561,6,任务6 交友行动,间谍过家家 粤配版,345974173
名场面,1099.255,1,16777215,2022-10-15 18:59:44,843953561,6,任务6 交友行动,间谍过家家 粤配版,345974173
⊙⊿⊙☞,1204.98,1,16777215,2022-10-15 18:58:10,843953561,6,任务6 交友行动,间谍过家家 粤配版,345974173
⊙⊿⊙☞⊙⊿⊙☞⊙⊿⊙☞,1209.333,1,16777215,2022-10-15 18:57:54,843953561,6,任务6 交友行动,间谍过家家 粤配版,345974173
寂寞,1353.303,1,16777215,2022-10-15 18:57:35,843953561,6,任务6 交友行动,间谍过家家 粤配版,345974173
⌓‿⌓,1091.047,1,16777215,2022-10-15 18:57:00,843953561,6,任务6 交友行动,间谍过家家 粤配版,345974173
遇事不决，蓄意轰拳,1177.264,1,16777215,2022-10-15 18:56:41,843953561,6,任务6 交友行动,间谍过家家 粤配版,345974173
应该叫八颗优雅的星星,1007.332,1,16777215,2022-10-15 18:55:25,843953561,6,任务6 交友行动,间谍过家家 粤配版,345974173
名场面,1099.327,5,16707842,2022-10-15 18:53:27,843953561,6,任务6 交友行动,间谍过家家 粤配版,345974173
⌓‿⌓​,1097.439,1,16777215,2022-10-15 18:51:58,843953561,6,任务6 交友行动,间谍过家家 粤配版,345974173
最喜欢的一集,0.179,5,15138834,2022-10-15 18:51:58,843953561,6,任务6 交友行动,间谍过家家 粤配版,345974173
⌓‿⌓​,1087.659,1,16777215,2022-10-15 18:51:44,843953561,6,任务6 交友行动,间谍过家家 粤配版,345974173
蓄意轰拳,1184.168,5,15138834,2022-10-15 18:50:26,843953561,6,任务6 交友行动,间谍过家家 粤配版,345974173
一圈阿尼亚,688.481,1,16777215,2022-10-15 18:50:15,843953561,6,任务6 交友行动,间谍过家家 粤配版,345974173
名场面,1085.077,1,16777215,2022-10-15 18:49:59,843953561,6,任务6 交友行动,间谍过家家 粤配版,345974173
悲催,1345.209,1,16777215,2022-10-15 18:46:06,843953561,6,任务6 交友行动,间谍过家家 粤配版,345974173
大姐姐,1097.258,5,16707842,2022-10-15 18:45:18,843953561,6,任务6 交友行动,间谍过家家 粤配版,345974173
打它,1190.154,1,16777215,2022-10-15 18:42:37,843953561,6,任务6 交友行动,间谍过家家 粤配版,345974173
路子走窄了,553.226,1,16777215,2022-10-15 18:42:03,843953561,6,任务6 交友行动,间谍过家家 粤配版,345974173
名场面,1093.269,1,13369971,2022-10-15 18:39:32,843953561,6,任务6 交友行动,间谍过家家 粤配版,345974173
蓄意轰拳！,1173.705,5,16777215,2022-10-15 18:39:29,843953561,6,任务6 交友行动,间谍过家家 粤配版,345974173
英文发音真是字正腔圆,227.945,1,16777215,2022-10-15 18:39:12,843953561,6,任务6 交友行动,间谍过家家 粤配版,345974173
蓄意轰拳,1155.425,1,16777215,2022-10-15 18:39:01,843953561,6,任务6 交友行动,间谍过家家 粤配版,345974173
银牙！,670.538,1,16777215,2022-10-15 18:38:12,843953561,6,任务6 交友行动,间谍过家家 粤配版,345974173
弹 —— 一 —— 闪——！,593.21,5,15138834,2022-10-15 18:37:26,843953561,6,任务6 交友行动,间谍过家家 粤配版,345974173
王芬捡到宝一样,918.878,1,16777215,2022-10-15 18:37:25,843953561,6,任务6 交友行动,间谍过家家 粤配版,345974173
好耶,5.141,1,16777215,2022-10-15 18:36:30,843953561,6,任务6 交友行动,间谍过家家 粤配版,345974173
可爱捏,446.01,1,16777215,2022-10-15 18:33:57,843953561,6,任务6 交友行动,间谍过家家 粤配版,345974173
压蕉啦黎,619.95,1,16777215,2022-10-15 18:32:40,843953561,6,任务6 交友行动,间谍过家家 粤配版,345974173
那些公费养孩子和亲子活动,351.273,1,16777215,2022-10-15 18:31:55,843953561,6,任务6 交友行动,间谍过家家 粤配版,345974173
哈哈哈哈哈,1206.845,1,16777215,2022-10-15 18:28:59,843953561,6,任务6 交友行动,间谍过家家 粤配版,345974173
哈利波特？,298.437,1,16777215,2022-10-15 18:27:07,843953561,6,任务6 交友行动,间谍过家家 粤配版,345974173
好可爱啊,446.161,1,16777215,2022-10-15 18:24:28,843953561,6,任务6 交友行动,间谍过家家 粤配版,345974173
唔至于,691.922,1,16777215,2022-10-15 18:21:11,843953561,6,任务6 交友行动,间谍过家家 粤配版,345974173
好耶,11.36,1,16777215,2022-10-15 18:20:38,843953561,6,任务6 交友行动,间谍过家家 粤配版,345974173
好好玩的声音,223.823,1,16777215,2022-10-15 18:20:20,843953561,6,任务6 交友行动,间谍过家家 粤配版,345974173
我系佢阿妈！,641.873,1,16777215,2022-10-15 18:20:13,843953561,6,任务6 交友行动,间谍过家家 粤配版,345974173
够姜,343.162,1,16777215,2022-10-15 18:15:13,843953561,6,任务6 交友行动,间谍过家家 粤配版,345974173
压蕉啦,624.535,1,16777215,2022-10-15 18:14:33,843953561,6,任务6 交友行动,间谍过家家 粤配版,345974173
好耶！,7.599,1,16777215,2022-10-15 18:14:17,843953561,6,任务6 交友行动,间谍过家家 粤配版,345974173
厕纸,835.211,1,16777215,2022-10-15 18:13:48,843953561,6,任务6 交友行动,间谍过家家 粤配版,345974173
吔蕉啦你,624.874,1,16777215,2022-10-15 18:12:55,843953561,6,任务6 交友行动,间谍过家家 粤配版,345974173
汉把哥,484.65,5,16777215,2022-10-15 18:09:35,843953561,6,任务6 交友行动,间谍过家家 粤配版,345974173
咩啊~,203.427,1,16777215,2022-10-15 18:09:08,843953561,6,任务6 交友行动,间谍过家家 粤配版,345974173
好欸,2.849,1,16777215,2022-10-15 18:03:09,843953561,6,任务6 交友行动,间谍过家家 粤配版,345974173
wow,9.094,1,16777215,2022-10-15 18:03:05,843953561,6,任务6 交友行动,间谍过家家 粤配版,345974173
哇哦,3.994,1,16777215,2022-10-15 18:02:37,843953561,6,任务6 交友行动,间谍过家家 粤配版,345974173
