content,time,mode,color,send_time,cid,episode,episode_title,anime_title,aid
手语:蝉蜕皮之前，一面撒上胡椒一面撒上盐，火上烤熟很好吃？？,801.036,5,16776960,2023-06-09 11:05:30,1157052422,9,米兰乔与魔神 | 王子与宝物,国王排名 勇气的宝箱,912043309
送出的共同美好的记忆阿，这不就是人生,903.235,1,16777215,2023-06-09 05:04:40,1157052422,9,米兰乔与魔神 | 王子与宝物,国王排名 勇气的宝箱,912043309
这对的感情发展就和米兰乔和乔治的感情一样令人震撼,876.692,1,16777215,2023-06-09 16:47:43,1157052422,9,米兰乔与魔神 | 王子与宝物,国王排名 勇气的宝箱,912043309
还好我闪避点满了 不然你这个老6就打到我了,651.859,5,16777215,2023-06-09 12:37:02,1157052422,9,米兰乔与魔神 | 王子与宝物,国王排名 勇气的宝箱,912043309
我真的哭死 熟悉的BGM,1136.231,5,16777215,2023-06-09 10:49:13,1157052422,9,米兰乔与魔神 | 王子与宝物,国王排名 勇气的宝箱,912043309
跑这么远一不小心把卡克找到怎么办,994.468,5,16777215,2023-06-13 16:47:13,1157052422,9,米兰乔与魔神 | 王子与宝物,国王排名 勇气的宝箱,912043309
一个送出珍视之物，一个以珍视之心对待所送的物品,927.676,1,16777215,2023-06-09 20:19:08,1157052422,9,米兰乔与魔神 | 王子与宝物,国王排名 勇气的宝箱,912043309
所以真的刚出门就找到了卡克,1177.019,5,16777215,2023-06-09 12:06:30,1157052422,9,米兰乔与魔神 | 王子与宝物,国王排名 勇气的宝箱,912043309
好了，现在想知道的话有2句了。淦,1094.438,1,16777215,2023-06-09 12:26:01,1157052422,9,米兰乔与魔神 | 王子与宝物,国王排名 勇气的宝箱,912043309
他还是那么爱哭,1112.881,5,16777215,2023-06-09 19:53:43,1157052422,9,米兰乔与魔神 | 王子与宝物,国王排名 勇气的宝箱,912043309
啊不是 你想说啥说啊 我也想听（急,955.41,1,16777215,2023-06-09 13:27:40,1157052422,9,米兰乔与魔神 | 王子与宝物,国王排名 勇气的宝箱,912043309
无情铁头,743.036,5,16707842,2023-06-09 01:46:37,1157052422,9,米兰乔与魔神 | 王子与宝物,国王排名 勇气的宝箱,912043309
万一出城门左转就找到库克怎么办？,936.3,5,16777215,2023-06-09 09:07:03,1157052422,9,米兰乔与魔神 | 王子与宝物,国王排名 勇气的宝箱,912043309
你这不是会好好笑吗哈哈,596.518,1,16777215,2023-06-12 12:33:52,1157052422,9,米兰乔与魔神 | 王子与宝物,国王排名 勇气的宝箱,912043309
原来魔神是个种族，不是个体,376.484,1,16777215,2023-06-09 12:44:18,1157052422,9,米兰乔与魔神 | 王子与宝物,国王排名 勇气的宝箱,912043309
多玛斯：他真的 我哭死,813.217,5,16776960,2023-06-12 17:58:42,1157052422,9,米兰乔与魔神 | 王子与宝物,国王排名 勇气的宝箱,912043309
波吉真的好好啊，他记得他和所有人的故事,790.903,1,16777215,2023-06-09 11:24:52,1157052422,9,米兰乔与魔神 | 王子与宝物,国王排名 勇气的宝箱,912043309
米兰乔魔力很强现在又效忠戴达 对国家来说算好事吧,1077.11,5,16777215,2023-06-10 12:07:03,1157052422,9,米兰乔与魔神 | 王子与宝物,国王排名 勇气的宝箱,912043309
他甚至还想着米兰乔，我哭死。,942.96,1,16777215,2023-06-09 13:29:40,1157052422,9,米兰乔与魔神 | 王子与宝物,国王排名 勇气的宝箱,912043309
草，看成正脸了,239.202,1,16777215,2023-06-09 02:49:59,1157052422,9,米兰乔与魔神 | 王子与宝物,国王排名 勇气的宝箱,912043309
南宫问雅：这我熟,224.034,1,16777215,2023-06-09 01:39:24,1157052422,9,米兰乔与魔神 | 王子与宝物,国王排名 勇气的宝箱,912043309
原来有回忆 怪不得多玛斯哭那么惨,785.825,5,16776960,2023-06-12 17:57:14,1157052422,9,米兰乔与魔神 | 王子与宝物,国王排名 勇气的宝箱,912043309
像极了为找宝箱跑图时的你,987.891,1,16777215,2023-06-10 13:27:37,1157052422,9,米兰乔与魔神 | 王子与宝物,国王排名 勇气的宝箱,912043309
哈哈哈哈，太可可爱爱了,655.484,5,15138834,2023-06-09 01:43:56,1157052422,9,米兰乔与魔神 | 王子与宝物,国王排名 勇气的宝箱,912043309
他笑了！！！,592.771,1,16777215,2023-06-16 07:13:07,1157052422,9,米兰乔与魔神 | 王子与宝物,国王排名 勇气的宝箱,912043309
多玛斯还是一如既往的多汁啊,810.416,5,16777215,2023-06-13 11:31:09,1157052422,9,米兰乔与魔神 | 王子与宝物,国王排名 勇气的宝箱,912043309
大家都学了手语啊,613.103,1,16777215,2023-06-10 13:05:24,1157052422,9,米兰乔与魔神 | 王子与宝物,国王排名 勇气的宝箱,912043309
凸透镜成倒立缩小的实像（doge）,1072.506,1,8700107,2023-06-09 12:57:10,1157052422,9,米兰乔与魔神 | 王子与宝物,国王排名 勇气的宝箱,912043309
我以为他要说卡克已经找到了…,1125.19,1,16777215,2023-06-09 12:00:42,1157052422,9,米兰乔与魔神 | 王子与宝物,国王排名 勇气的宝箱,912043309
米兰乔肯定会手语的 之前小孩手语都是她教的 魔法师会心灵对话吧,1083.312,1,16777215,2023-06-09 09:51:47,1157052422,9,米兰乔与魔神 | 王子与宝物,国王排名 勇气的宝箱,912043309
这俩小家伙是真的可爱，长大了也是真的不敢看（）,187.555,1,16777215,2023-06-09 01:42:27,1157052422,9,米兰乔与魔神 | 王子与宝物,国王排名 勇气的宝箱,912043309
四天王,1203.55,1,16777215,2023-06-09 20:20:01,1157052422,9,米兰乔与魔神 | 王子与宝物,国王排名 勇气的宝箱,912043309
好像是因为实现了太多愿望才变的。,423.739,1,16777215,2023-06-09 02:08:16,1157052422,9,米兰乔与魔神 | 王子与宝物,国王排名 勇气的宝箱,912043309
魔神不能帮人类实现愿望，不然代价就是变得丑陋，是这样吗？,384.891,1,16777215,2023-06-09 18:32:53,1157052422,9,米兰乔与魔神 | 王子与宝物,国王排名 勇气的宝箱,912043309
火遁：豪火球术,618.403,1,16777215,2023-06-09 19:56:27,1157052422,9,米兰乔与魔神 | 王子与宝物,国王排名 勇气的宝箱,912043309
震 惊 霍 库 洛 一 整 年,743.538,1,15138834,2023-06-09 01:49:42,1157052422,9,米兰乔与魔神 | 王子与宝物,国王排名 勇气的宝箱,912043309
这里的手语是谢谢的意思喔,582.876,1,16777215,2023-06-09 20:49:35,1157052422,9,米兰乔与魔神 | 王子与宝物,国王排名 勇气的宝箱,912043309
双向奔赴，当然刚出门就遇见了,1184.894,5,16777215,2023-06-10 20:33:27,1157052422,9,米兰乔与魔神 | 王子与宝物,国王排名 勇气的宝箱,912043309
御赐之物,636.009,1,15138834,2023-06-10 00:09:09,1157052422,9,米兰乔与魔神 | 王子与宝物,国王排名 勇气的宝箱,912043309
他小袋子竟然有那么多东西，真是百宝袋呀~,894.414,1,16777215,2023-06-09 22:14:27,1157052422,9,米兰乔与魔神 | 王子与宝物,国王排名 勇气的宝箱,912043309
中二爆棚啊,822.314,1,16777215,2023-06-09 09:21:02,1157052422,9,米兰乔与魔神 | 王子与宝物,国王排名 勇气的宝箱,912043309
果然还是乔乔的奇妙冒险,1236.701,1,41194,2023-06-09 02:00:03,1157052422,9,米兰乔与魔神 | 王子与宝物,国王排名 勇气的宝箱,912043309
小子，你恋爱了,472.336,1,16777215,2023-06-09 13:19:44,1157052422,9,米兰乔与魔神 | 王子与宝物,国王排名 勇气的宝箱,912043309
士兵:6,828.443,1,16777215,2023-06-23 19:18:13,1157052422,9,米兰乔与魔神 | 王子与宝物,国王排名 勇气的宝箱,912043309
这番外的剧情都停在最美好的时候啊,489.232,1,16777215,2023-06-17 20:45:12,1157052422,9,米兰乔与魔神 | 王子与宝物,国王排名 勇气的宝箱,912043309
什么都磕只会营养均衡,334.203,1,16777215,2023-06-09 11:52:59,1157052422,9,米兰乔与魔神 | 王子与宝物,国王排名 勇气的宝箱,912043309
金榜题名,0.599,5,16777215,2023-06-09 01:43:26,1157052422,9,米兰乔与魔神 | 王子与宝物,国王排名 勇气的宝箱,912043309
我好爱蛇蛇55555,724.968,5,16776960,2023-06-12 17:55:29,1157052422,9,米兰乔与魔神 | 王子与宝物,国王排名 勇气的宝箱,912043309
多玛斯对波吉更多是愧疚吧,777.804,5,16777215,2023-06-10 13:28:18,1157052422,9,米兰乔与魔神 | 王子与宝物,国王排名 勇气的宝箱,912043309
出手办吧，感觉好可爱,632.25,5,15138834,2023-06-10 00:26:17,1157052422,9,米兰乔与魔神 | 王子与宝物,国王排名 勇气的宝箱,912043309
好奇想说啥 波吉你跑那么快干嘛啦,962.656,1,16777215,2023-06-09 09:26:31,1157052422,9,米兰乔与魔神 | 王子与宝物,国王排名 勇气的宝箱,912043309
呦！,1055.705,1,16777215,2023-06-09 12:13:23,1157052422,9,米兰乔与魔神 | 王子与宝物,国王排名 勇气的宝箱,912043309
米兰乔真是阴魂不散,1231.206,1,16777215,2023-06-09 10:59:43,1157052422,9,米兰乔与魔神 | 王子与宝物,国王排名 勇气的宝箱,912043309
你让我想起了第1季的痛苦回忆。。。,1077.938,5,16777215,2023-06-09 11:11:45,1157052422,9,米兰乔与魔神 | 王子与宝物,国王排名 勇气的宝箱,912043309
其实呢如果从童话的角度来看，米兰乔也就是被困在过去的小女孩,1168.923,1,16777215,2023-06-09 11:13:50,1157052422,9,米兰乔与魔神 | 王子与宝物,国王排名 勇气的宝箱,912043309
其实也可以这么说，是欲望促使魔神的诞生,442.296,1,16777215,2023-06-16 21:40:13,1157052422,9,米兰乔与魔神 | 王子与宝物,国王排名 勇气的宝箱,912043309
这样的画质也挺好看的。,288.013,1,16777215,2023-06-12 23:18:54,1157052422,9,米兰乔与魔神 | 王子与宝物,国王排名 勇气的宝箱,912043309
差点听成结婚进行曲～哈哈,1101.009,1,16777215,2023-06-09 07:47:02,1157052422,9,米兰乔与魔神 | 王子与宝物,国王排名 勇气的宝箱,912043309
这一棍莫名好笑,734.269,1,16777215,2023-06-16 17:21:27,1157052422,9,米兰乔与魔神 | 王子与宝物,国王排名 勇气的宝箱,912043309
我以为是一双丝袜,576.743,1,16777215,2023-06-16 12:55:59,1157052422,9,米兰乔与魔神 | 王子与宝物,国王排名 勇气的宝箱,912043309
感觉阿匹斯有点神似艾尔文团长，有人懂吗？,661.271,5,16777215,2023-06-14 12:45:56,1157052422,9,米兰乔与魔神 | 王子与宝物,国王排名 勇气的宝箱,912043309
主打一个 放下屠刀立地成佛,1251.874,1,16777215,2023-06-13 12:01:09,1157052422,9,米兰乔与魔神 | 王子与宝物,国王排名 勇气的宝箱,912043309
米兰乔虽然杀了人但是她是个好女孩是吧,1243.905,1,16777215,2023-06-10 20:13:06,1157052422,9,米兰乔与魔神 | 王子与宝物,国王排名 勇气的宝箱,912043309
以德报怨 何以报德,948.817,5,16707842,2023-06-09 20:20:15,1157052422,9,米兰乔与魔神 | 王子与宝物,国王排名 勇气的宝箱,912043309
他们都这么可爱，长大了一定也都是好人吧（doge）,448.913,5,16777215,2023-06-09 13:00:05,1157052422,9,米兰乔与魔神 | 王子与宝物,国王排名 勇气的宝箱,912043309
苯环,1209.418,1,16777215,2023-06-09 11:42:07,1157052422,9,米兰乔与魔神 | 王子与宝物,国王排名 勇气的宝箱,912043309
好惨，三个头只有一只眼睛,700.153,1,16777215,2023-06-09 08:14:15,1157052422,9,米兰乔与魔神 | 王子与宝物,国王排名 勇气的宝箱,912043309
在小小的花园里面挖呀挖呀挖，埋小小的种子，开大大的花,919.318,1,16777215,2023-06-09 04:17:49,1157052422,9,米兰乔与魔神 | 王子与宝物,国王排名 勇气的宝箱,912043309
南宫问雅：净化力量,218.931,5,8700107,2023-06-16 23:43:05,1157052422,9,米兰乔与魔神 | 王子与宝物,国王排名 勇气的宝箱,912043309
区区杀母之仇,1215.753,1,15138834,2023-06-12 17:06:20,1157052422,9,米兰乔与魔神 | 王子与宝物,国王排名 勇气的宝箱,912043309
原来我眼里有光是因为你,1163.738,5,16777215,2023-06-09 10:52:16,1157052422,9,米兰乔与魔神 | 王子与宝物,国王排名 勇气的宝箱,912043309
这次换他从光里走来,298.947,5,15138834,2023-06-18 12:03:30,1157052422,9,米兰乔与魔神 | 王子与宝物,国王排名 勇气的宝箱,912043309
很难不怀疑他俩约好出去玩的,1189.285,1,16777215,2023-06-21 20:07:05,1157052422,9,米兰乔与魔神 | 王子与宝物,国王排名 勇气的宝箱,912043309
狠狠打了一下，居然只掉了一绺头发,750.255,1,16777215,2023-06-09 14:32:05,1157052422,9,米兰乔与魔神 | 王子与宝物,国王排名 勇气的宝箱,912043309
她本来就是善良的啊,153.346,1,16777215,2023-06-16 22:32:39,1157052422,9,米兰乔与魔神 | 王子与宝物,国王排名 勇气的宝箱,912043309
波吉萨满,1061.631,1,16777215,2023-06-09 10:14:38,1157052422,9,米兰乔与魔神 | 王子与宝物,国王排名 勇气的宝箱,912043309
米兰乔小时候可爱，可长大后为什么这么让人讨厌,120.334,1,41194,2023-06-09 10:09:16,1157052422,9,米兰乔与魔神 | 王子与宝物,国王排名 勇气的宝箱,912043309
我就知道要牵牵，友谊万岁,411.323,1,16777215,2023-06-09 07:35:57,1157052422,9,米兰乔与魔神 | 王子与宝物,国王排名 勇气的宝箱,912043309
波吉真的好温柔好善良，记得大家和自己所有的回忆,975.18,1,16777215,2023-06-09 14:05:39,1157052422,9,米兰乔与魔神 | 王子与宝物,国王排名 勇气的宝箱,912043309
别不理解了阿，她已经变好了啊。人要往前看,1090.512,1,16707842,2023-06-09 12:55:11,1157052422,9,米兰乔与魔神 | 王子与宝物,国王排名 勇气的宝箱,912043309
不会开始主线了吧？,510.736,1,16777215,2023-06-09 01:45:28,1157052422,9,米兰乔与魔神 | 王子与宝物,国王排名 勇气的宝箱,912043309
米兰乔小的时候是真可爱,165.613,1,16777215,2023-06-09 01:29:06,1157052422,9,米兰乔与魔神 | 王子与宝物,国王排名 勇气的宝箱,912043309
米兰乔应该在森林里教书,998.61,5,16777215,2023-06-13 15:42:14,1157052422,9,米兰乔与魔神 | 王子与宝物,国王排名 勇气的宝箱,912043309
有心了，他们两送一样的,816.269,5,15138834,2023-06-10 00:29:58,1157052422,9,米兰乔与魔神 | 王子与宝物,国王排名 勇气的宝箱,912043309
此处光线明暗交界线分明,185.941,5,16777215,2023-06-09 11:32:39,1157052422,9,米兰乔与魔神 | 王子与宝物,国王排名 勇气的宝箱,912043309
小小波吉，善良的心～,624.485,1,15138834,2023-06-10 00:25:50,1157052422,9,米兰乔与魔神 | 王子与宝物,国王排名 勇气的宝箱,912043309
甲虫兽,757.712,1,16777215,2023-06-09 10:38:09,1157052422,9,米兰乔与魔神 | 王子与宝物,国王排名 勇气的宝箱,912043309
傲娇小可爱,247.312,1,16777215,2023-06-09 07:34:18,1157052422,9,米兰乔与魔神 | 王子与宝物,国王排名 勇气的宝箱,912043309
王妃和盾主线已经挑明了,891.046,1,16777215,2023-06-16 15:56:41,1157052422,9,米兰乔与魔神 | 王子与宝物,国王排名 勇气的宝箱,912043309
完结撒花,1145.907,5,16777215,2023-06-10 21:49:45,1157052422,9,米兰乔与魔神 | 王子与宝物,国王排名 勇气的宝箱,912043309
在城墙上眺望 好可爱,971.409,5,14811775,2023-06-16 02:00:00,1157052422,9,米兰乔与魔神 | 王子与宝物,国王排名 勇气的宝箱,912043309
在唱忐忑,709.35,5,14811775,2023-06-16 01:55:19,1157052422,9,米兰乔与魔神 | 王子与宝物,国王排名 勇气的宝箱,912043309
波吉配音？,404.464,1,16777215,2023-06-09 19:02:38,1157052422,9,米兰乔与魔神 | 王子与宝物,国王排名 勇气的宝箱,912043309
哭包二人组哈哈哈哈哈,1117.013,5,16707842,2023-06-25 23:03:56,1157052422,9,米兰乔与魔神 | 王子与宝物,国王排名 勇气的宝箱,912043309
波吉殿下，您是位拥有国王品质最好的人,959.76,1,16777215,2023-06-16 19:28:31,1157052422,9,米兰乔与魔神 | 王子与宝物,国王排名 勇气的宝箱,912043309
找不到呀哈哈的我【】,1000.121,1,16777215,2023-06-12 14:33:17,1157052422,9,米兰乔与魔神 | 王子与宝物,国王排名 勇气的宝箱,912043309
放头上顶着蛇蛇好可爱哈哈哈,715.56,1,16777215,2024-01-24 03:24:54,1157052422,9,米兰乔与魔神 | 王子与宝物,国王排名 勇气的宝箱,912043309
明白什么是勇气的宝箱了吧，各位,727.355,5,15138834,2023-06-17 00:30:22,1157052422,9,米兰乔与魔神 | 王子与宝物,国王排名 勇气的宝箱,912043309
虽然她杀了我父母，但是她对我笑诶,1276.84,1,16777215,2023-06-11 14:06:14,1157052422,9,米兰乔与魔神 | 王子与宝物,国王排名 勇气的宝箱,912043309
关系这么好为啥当初要推下悬崖呢？？,817.833,1,16777215,2023-06-09 23:21:03,1157052422,9,米兰乔与魔神 | 王子与宝物,国王排名 勇气的宝箱,912043309
不是他看不见你敲什么们,539.704,1,16777215,2023-06-09 11:20:46,1157052422,9,米兰乔与魔神 | 王子与宝物,国王排名 勇气的宝箱,912043309
他不是人，他种族就是魔神，只有帮别人完成欲望就会变成魔神形态,418.021,1,16777215,2023-06-10 03:13:09,1157052422,9,米兰乔与魔神 | 王子与宝物,国王排名 勇气的宝箱,912043309
米兰乔小时候被伤害了，其实人挺好的,1240.078,1,16777215,2023-06-09 21:40:42,1157052422,9,米兰乔与魔神 | 王子与宝物,国王排名 勇气的宝箱,912043309
区区杀母之仇,1079.372,1,16777215,2023-06-09 13:01:12,1157052422,9,米兰乔与魔神 | 王子与宝物,国王排名 勇气的宝箱,912043309
他还是那么爱哭（,810.018,1,16777215,2023-06-10 07:31:15,1157052422,9,米兰乔与魔神 | 王子与宝物,国王排名 勇气的宝箱,912043309
哇塞，真的好可爱,232.468,5,16777215,2023-06-09 01:41:15,1157052422,9,米兰乔与魔神 | 王子与宝物,国王排名 勇气的宝箱,912043309
炭治郎直呼“好头”,740.567,5,38979,2023-06-20 19:45:24,1157052422,9,米兰乔与魔神 | 王子与宝物,国王排名 勇气的宝箱,912043309
德路西太惨了，缺脚少眼的(悲),854.351,5,16777215,2023-06-18 19:50:02,1157052422,9,米兰乔与魔神 | 王子与宝物,国王排名 勇气的宝箱,912043309
虽然米兰乔害死了无数的人，但她还是个善良的人啊,1247.001,1,16777215,2023-06-16 13:39:28,1157052422,9,米兰乔与魔神 | 王子与宝物,国王排名 勇气的宝箱,912043309
好啦，现在想知道的话有2句了，淦,1100.186,1,16777215,2023-06-10 21:44:07,1157052422,9,米兰乔与魔神 | 王子与宝物,国王排名 勇气的宝箱,912043309
区区杀母之仇,1067.459,5,15138834,2023-06-20 19:49:36,1157052422,9,米兰乔与魔神 | 王子与宝物,国王排名 勇气的宝箱,912043309
这里波吉没有眼睛(笑哭),1089.231,5,41194,2023-06-18 20:27:45,1157052422,9,米兰乔与魔神 | 王子与宝物,国王排名 勇气的宝箱,912043309
其实戴米也是可以理解的，毕竟双向救赎而且作者说过米兰乔算伯斯干女儿,1079.855,1,16777215,2023-06-16 22:37:22,1157052422,9,米兰乔与魔神 | 王子与宝物,国王排名 勇气的宝箱,912043309
说真的不接受米兰乔的为什么还要继续看这番，米兰乔已经铁定归白方了啊,1097.134,1,16777215,2023-06-10 20:14:35,1157052422,9,米兰乔与魔神 | 王子与宝物,国王排名 勇气的宝箱,912043309
大臣也好好哦,630.458,5,16777215,2023-06-09 10:36:11,1157052422,9,米兰乔与魔神 | 王子与宝物,国王排名 勇气的宝箱,912043309
不是刚出门就遇见，是贝宾的蛇先找到卡克然后告诉了波奇位置,1180.078,5,16755202,2024-01-04 15:10:26,1157052422,9,米兰乔与魔神 | 王子与宝物,国王排名 勇气的宝箱,912043309
一个变魔神，一个变反派（）,454.952,5,16777215,2023-06-17 14:56:32,1157052422,9,米兰乔与魔神 | 王子与宝物,国王排名 勇气的宝箱,912043309
德鲁西这倒霉的左脚啊……,843.174,1,16777215,2023-06-16 17:34:01,1157052422,9,米兰乔与魔神 | 王子与宝物,国王排名 勇气的宝箱,912043309
不是卡克吗怎么又是库克又是夸克的,1028.75,5,16777215,2023-06-16 10:25:12,1157052422,9,米兰乔与魔神 | 王子与宝物,国王排名 勇气的宝箱,912043309
有一堆魔神吗,345.424,1,16777215,2023-06-12 23:46:10,1157052422,9,米兰乔与魔神 | 王子与宝物,国王排名 勇气的宝箱,912043309
波吉记得所有人的事情诶，真的哭死,907.043,5,15138834,2023-09-20 11:11:09,1157052422,9,米兰乔与魔神 | 王子与宝物,国王排名 勇气的宝箱,912043309
米哈游~~~~~！！！！！,1052.56,1,9033215,2023-07-28 18:22:46,1157052422,9,米兰乔与魔神 | 王子与宝物,国王排名 勇气的宝箱,912043309
这可是迪士尼都要唱歌才能做到的事啊,136.911,5,16777215,2023-06-23 23:18:32,1157052422,9,米兰乔与魔神 | 王子与宝物,国王排名 勇气的宝箱,912043309
那个……能磕他们吗，米兰乔我真的磕不了,935.995,1,16777215,2023-06-21 22:43:29,1157052422,9,米兰乔与魔神 | 王子与宝物,国王排名 勇气的宝箱,912043309
南宫问雅,223.227,5,15138834,2023-06-16 12:59:46,1157052422,9,米兰乔与魔神 | 王子与宝物,国王排名 勇气的宝箱,912043309
利威尔肥胖版,1100.73,5,16646914,2023-06-10 12:29:59,1157052422,9,米兰乔与魔神 | 王子与宝物,国王排名 勇气的宝箱,912043309
霍库洛～我恨自己练就了这一副强健的身体（doge）,747.45,1,15772458,2024-03-29 12:36:51,1157052422,9,米兰乔与魔神 | 王子与宝物,国王排名 勇气的宝箱,912043309
我听懂了，他在说艾伦。,880.74,1,16777215,2023-06-16 23:33:42,1157052422,9,米兰乔与魔神 | 王子与宝物,国王排名 勇气的宝箱,912043309
碑可以是衣冠冢 不一定要放遗体,1031.781,1,16777215,2023-06-11 06:07:26,1157052422,9,米兰乔与魔神 | 王子与宝物,国王排名 勇气的宝箱,912043309
里面好像只有米兰乔经常哭,305.784,1,16777215,2023-06-10 13:41:18,1157052422,9,米兰乔与魔神 | 王子与宝物,国王排名 勇气的宝箱,912043309
这个国家每个人都会手语,827.813,1,14811775,2023-06-09 12:26:21,1157052422,9,米兰乔与魔神 | 王子与宝物,国王排名 勇气的宝箱,912043309
米兰乔带资进组了吧,1211.155,1,16777215,2023-06-26 18:39:51,1157052422,9,米兰乔与魔神 | 王子与宝物,国王排名 勇气的宝箱,912043309
爱！（doge）,1263.334,1,16777215,2023-06-21 10:36:14,1157052422,9,米兰乔与魔神 | 王子与宝物,国王排名 勇气的宝箱,912043309
毕竟是国王 大家学手语也正常吧,647.572,1,16777215,2023-06-18 20:51:45,1157052422,9,米兰乔与魔神 | 王子与宝物,国王排名 勇气的宝箱,912043309
我突然想到多玛斯是不是被德斯帕爆过鸡来着,1108.403,5,16707842,2023-06-12 20:37:46,1157052422,9,米兰乔与魔神 | 王子与宝物,国王排名 勇气的宝箱,912043309
结芬,1259.623,1,16777215,2023-06-16 10:57:45,1157052422,9,米兰乔与魔神 | 王子与宝物,国王排名 勇气的宝箱,912043309
看好，要拔大师剑了,279.825,1,16777215,2023-06-09 13:16:48,1157052422,9,米兰乔与魔神 | 王子与宝物,国王排名 勇气的宝箱,912043309
他还是那么喜欢歪嘴,591.524,5,16776960,2023-07-27 16:14:00,1157052422,9,米兰乔与魔神 | 王子与宝物,国王排名 勇气的宝箱,912043309
心肺一皱,1215.188,5,16777215,2023-06-17 15:42:56,1157052422,9,米兰乔与魔神 | 王子与宝物,国王排名 勇气的宝箱,912043309
勇气的宝箱！,592.187,5,15138834,2023-06-17 00:27:39,1157052422,9,米兰乔与魔神 | 王子与宝物,国王排名 勇气的宝箱,912043309
你这是想篡位呀？？,874.674,1,16777215,2023-06-14 07:49:13,1157052422,9,米兰乔与魔神 | 王子与宝物,国王排名 勇气的宝箱,912043309
米兰乔怎么跟谁都有一腿啊,484.634,1,16777215,2023-06-10 20:16:10,1157052422,9,米兰乔与魔神 | 王子与宝物,国王排名 勇气的宝箱,912043309
小惠未遍，民弗从也,638.394,1,16777215,2023-06-10 15:21:48,1157052422,9,米兰乔与魔神 | 王子与宝物,国王排名 勇气的宝箱,912043309
他都当王了，他的人学手语正常,622.349,1,16777215,2023-06-10 13:22:31,1157052422,9,米兰乔与魔神 | 王子与宝物,国王排名 勇气的宝箱,912043309
这就是剑仙塞尔维亚的道谢,1233.37,1,16777215,2023-06-09 16:29:00,1157052422,9,米兰乔与魔神 | 王子与宝物,国王排名 勇气的宝箱,912043309
古尔丹：变得和我一样帅哦,414.303,1,16777215,2023-06-09 11:51:03,1157052422,9,米兰乔与魔神 | 王子与宝物,国王排名 勇气的宝箱,912043309
米兰乔就是想听一句谢谢,1235.88,1,16777215,2023-06-09 09:33:35,1157052422,9,米兰乔与魔神 | 王子与宝物,国王排名 勇气的宝箱,912043309
大家的爱就是他的宝物,729.351,1,16777215,2023-07-12 22:32:50,1157052422,9,米兰乔与魔神 | 王子与宝物,国王排名 勇气的宝箱,912043309
米兰乔这魔法天赋有点夸张了吧？,226.769,1,16777215,2023-06-29 02:03:44,1157052422,9,米兰乔与魔神 | 王子与宝物,国王排名 勇气的宝箱,912043309
这个一闪而过的不是那个疯子国王吗！？,361.584,5,15138834,2023-06-21 19:52:30,1157052422,9,米兰乔与魔神 | 王子与宝物,国王排名 勇气的宝箱,912043309
桃花源记 山有小孔,257.765,1,16777215,2023-06-18 11:46:16,1157052422,9,米兰乔与魔神 | 王子与宝物,国王排名 勇气的宝箱,912043309
你俩脸红什么……别让我想歪啊…,876.785,1,14811775,2023-06-16 11:37:21,1157052422,9,米兰乔与魔神 | 王子与宝物,国王排名 勇气的宝箱,912043309
飞屋环游记,1199.496,1,16777215,2023-06-09 23:22:18,1157052422,9,米兰乔与魔神 | 王子与宝物,国王排名 勇气的宝箱,912043309
已经一集半这画质了，真的要这样吗,276.132,1,16777215,2023-06-09 18:26:44,1157052422,9,米兰乔与魔神 | 王子与宝物,国王排名 勇气的宝箱,912043309
这都留着还是大蛇小时候的皮呢,601.806,1,16777215,2023-06-09 11:26:21,1157052422,9,米兰乔与魔神 | 王子与宝物,国王排名 勇气的宝箱,912043309
像极了在老六图找传送门的你,998.332,1,16777215,2024-08-21 11:21:05,1157052422,9,米兰乔与魔神 | 王子与宝物,国王排名 勇气的宝箱,912043309
画质怎么了，不是挺好的吗，这是绘本风啊，看动画片只见过一种风格也太可怜了吧,280.878,1,16777215,2024-06-09 16:24:08,1157052422,9,米兰乔与魔神 | 王子与宝物,国王排名 勇气的宝箱,912043309
没经费了吗？,147.43,1,16777215,2023-09-16 21:28:28,1157052422,9,米兰乔与魔神 | 王子与宝物,国王排名 勇气的宝箱,912043309
他们都对波吉珍视的东西很重视诶,904.773,1,16777215,2023-08-11 12:02:23,1157052422,9,米兰乔与魔神 | 王子与宝物,国王排名 勇气的宝箱,912043309
当然是罪人没错但是要想办法赎罪呀  而不是一味地去责怪,1265.125,1,15138834,2023-08-04 17:44:24,1157052422,9,米兰乔与魔神 | 王子与宝物,国王排名 勇气的宝箱,912043309
4399刺杀国王,352.415,1,16777215,2023-07-13 19:43:31,1157052422,9,米兰乔与魔神 | 王子与宝物,国王排名 勇气的宝箱,912043309
波吉的卧室相对简约呢,532.567,1,15772458,2023-07-10 17:53:04,1157052422,9,米兰乔与魔神 | 王子与宝物,国王排名 勇气的宝箱,912043309
所以画质为啥突变了？,137.392,1,16777215,2023-07-05 21:46:54,1157052422,9,米兰乔与魔神 | 王子与宝物,国王排名 勇气的宝箱,912043309
啵唧的小曲,123.374,5,16777215,2023-06-26 12:18:41,1157052422,9,米兰乔与魔神 | 王子与宝物,国王排名 勇气的宝箱,912043309
哈哈哈哈中二哭包多玛斯,821.499,1,16777215,2023-06-23 18:19:07,1157052422,9,米兰乔与魔神 | 王子与宝物,国王排名 勇气的宝箱,912043309
无敌啾太郎,974.059,5,16646914,2023-06-17 16:22:09,1157052422,9,米兰乔与魔神 | 王子与宝物,国王排名 勇气的宝箱,912043309
区区杀母之仇,1248.387,1,16777215,2023-06-16 19:34:04,1157052422,9,米兰乔与魔神 | 王子与宝物,国王排名 勇气的宝箱,912043309
懂了，是魔神帮米兰乔实现了愿望就变丑了,421.304,1,16777215,2023-06-10 22:38:58,1157052422,9,米兰乔与魔神 | 王子与宝物,国王排名 勇气的宝箱,912043309
我以为竖中指呢,1072.426,1,16777215,2023-06-10 19:56:27,1157052422,9,米兰乔与魔神 | 王子与宝物,国王排名 勇气的宝箱,912043309
是你家又不是他家,468.084,1,15138834,2023-06-10 00:06:15,1157052422,9,米兰乔与魔神 | 王子与宝物,国王排名 勇气的宝箱,912043309
给她送个镜子，让她钻进去,1069.621,5,15138834,2023-06-09 13:30:37,1157052422,9,米兰乔与魔神 | 王子与宝物,国王排名 勇气的宝箱,912043309
呀哈哈,295.752,1,16777215,2023-06-09 11:54:09,1157052422,9,米兰乔与魔神 | 王子与宝物,国王排名 勇气的宝箱,912043309
王冠座黄金圣斗士,1278.708,1,16777215,2025-01-05 16:55:21,1157052422,9,米兰乔与魔神 | 王子与宝物,国王排名 勇气的宝箱,912043309
房山季鸟猴,784.956,1,16777215,2023-12-20 15:28:52,1157052422,9,米兰乔与魔神 | 王子与宝物,国王排名 勇气的宝箱,912043309
多玛斯又哭哭了哈哈,1115.578,1,16777215,2023-10-15 13:52:50,1157052422,9,米兰乔与魔神 | 王子与宝物,国王排名 勇气的宝箱,912043309
全员好人,1262.637,1,16777215,2023-09-11 07:01:38,1157052422,9,米兰乔与魔神 | 王子与宝物,国王排名 勇气的宝箱,912043309
波吉送的是彼此的回忆,942.512,1,16777215,2023-08-07 13:03:48,1157052422,9,米兰乔与魔神 | 王子与宝物,国王排名 勇气的宝箱,912043309
这是魔界？,342.715,1,16777215,2023-07-27 13:16:28,1157052422,9,米兰乔与魔神 | 王子与宝物,国王排名 勇气的宝箱,912043309
两个都是小天使啊,1238.16,1,16777215,2023-07-12 21:24:44,1157052422,9,米兰乔与魔神 | 王子与宝物,国王排名 勇气的宝箱,912043309
感觉波吉给她竖了个中指,1070.459,5,16777215,2023-06-28 23:18:12,1157052422,9,米兰乔与魔神 | 王子与宝物,国王排名 勇气的宝箱,912043309
铁汉柔情,813.103,1,16777215,2023-06-25 20:28:07,1157052422,9,米兰乔与魔神 | 王子与宝物,国王排名 勇气的宝箱,912043309
智慧树上智慧果，智慧树下你和我,922.641,5,16707842,2023-06-20 03:02:45,1157052422,9,米兰乔与魔神 | 王子与宝物,国王排名 勇气的宝箱,912043309
原设定里面她是魔法天才,137.014,1,16777215,2023-06-16 22:31:49,1157052422,9,米兰乔与魔神 | 王子与宝物,国王排名 勇气的宝箱,912043309
别洗了，再洗都成素描画了,147.172,1,16777215,2023-06-16 21:34:38,1157052422,9,米兰乔与魔神 | 王子与宝物,国王排名 勇气的宝箱,912043309
这标题，迟迟不敢点开,3.325,1,16777215,2023-06-16 15:41:27,1157052422,9,米兰乔与魔神 | 王子与宝物,国王排名 勇气的宝箱,912043309
这是绘本画质,279.101,1,16777215,2023-06-14 11:25:41,1157052422,9,米兰乔与魔神 | 王子与宝物,国王排名 勇气的宝箱,912043309
噩梦的开始,179.83,1,16777215,2023-06-11 11:50:16,1157052422,9,米兰乔与魔神 | 王子与宝物,国王排名 勇气的宝箱,912043309
这队还好,880.325,1,16777215,2023-06-10 20:39:32,1157052422,9,米兰乔与魔神 | 王子与宝物,国王排名 勇气的宝箱,912043309
一堆魔神！欧肯有福了,345.186,1,16777215,2023-06-09 15:02:37,1157052422,9,米兰乔与魔神 | 王子与宝物,国王排名 勇气的宝箱,912043309
求不要再出现这个女人,1235.46,1,16777215,2023-06-09 13:02:01,1157052422,9,米兰乔与魔神 | 王子与宝物,国王排名 勇气的宝箱,912043309
小时候的米兰乔真的好乖啊,125.216,1,16777215,2023-06-09 12:31:09,1157052422,9,米兰乔与魔神 | 王子与宝物,国王排名 勇气的宝箱,912043309
迷路了吧,268.434,1,16777215,2023-06-09 10:56:45,1157052422,9,米兰乔与魔神 | 王子与宝物,国王排名 勇气的宝箱,912043309
要赶时间啊,965.603,1,16777215,2023-06-09 10:43:42,1157052422,9,米兰乔与魔神 | 王子与宝物,国王排名 勇气的宝箱,912043309
送礼物送了半集,1162.479,1,16777215,2023-06-09 08:05:43,1157052422,9,米兰乔与魔神 | 王子与宝物,国王排名 勇气的宝箱,912043309
还以为是塞尔达的金币。。。,1210.747,1,16777215,2023-06-09 02:02:48,1157052422,9,米兰乔与魔神 | 王子与宝物,国王排名 勇气的宝箱,912043309
我觉得先看第二季更能看明白第一季,166.991,1,16777215,2025-08-13 17:18:37,1157052422,9,米兰乔与魔神 | 王子与宝物,国王排名 勇气的宝箱,912043309
多马斯:为这个孩子我操碎了心,790.012,5,16777215,2025-06-09 13:27:18,1157052422,9,米兰乔与魔神 | 王子与宝物,国王排名 勇气的宝箱,912043309
有点不想看这一集,160.098,1,16777215,2025-02-17 17:34:21,1157052422,9,米兰乔与魔神 | 王子与宝物,国王排名 勇气的宝箱,912043309
宝贝好厉害 好有爱,825.687,1,16777215,2025-01-08 12:30:51,1157052422,9,米兰乔与魔神 | 王子与宝物,国王排名 勇气的宝箱,912043309
戴达比起波吉好成熟稳重啊,890.022,1,16777215,2024-10-15 19:52:45,1157052422,9,米兰乔与魔神 | 王子与宝物,国王排名 勇气的宝箱,912043309
音乐起！,1140.284,1,16777215,2024-10-03 22:14:43,1157052422,9,米兰乔与魔神 | 王子与宝物,国王排名 勇气的宝箱,912043309
我还以为是围巾,574.722,1,16777215,2024-09-08 00:00:32,1157052422,9,米兰乔与魔神 | 王子与宝物,国王排名 勇气的宝箱,912043309
多玛斯又开始多愁善感了,768.361,1,16777215,2024-08-29 07:50:37,1157052422,9,米兰乔与魔神 | 王子与宝物,国王排名 勇气的宝箱,912043309
竟然没有坏人（^v^）,1267.012,1,16777215,2024-08-21 11:27:21,1157052422,9,米兰乔与魔神 | 王子与宝物,国王排名 勇气的宝箱,912043309
他的包啥都装得下呀,780.612,1,16777215,2024-08-21 11:16:45,1157052422,9,米兰乔与魔神 | 王子与宝物,国王排名 勇气的宝箱,912043309
我也要那个手办,630.592,1,16777215,2024-08-21 11:14:08,1157052422,9,米兰乔与魔神 | 王子与宝物,国王排名 勇气的宝箱,912043309
他们的衣服都是一样的，每一件都一样,543.512,1,16777215,2024-08-21 11:12:19,1157052422,9,米兰乔与魔神 | 王子与宝物,国王排名 勇气的宝箱,912043309
每次冒险都不知道怎么回去的,265.752,1,16777215,2024-08-21 11:01:32,1157052422,9,米兰乔与魔神 | 王子与宝物,国王排名 勇气的宝箱,912043309
国际友好手势,1072.336,5,16646914,2024-07-22 08:59:51,1157052422,9,米兰乔与魔神 | 王子与宝物,国王排名 勇气的宝箱,912043309
感觉是彼此救赎，我操。。。一开始米兰乔是站在光里的，现在换了。,334.806,1,16777215,2024-04-30 12:57:31,1157052422,9,米兰乔与魔神 | 王子与宝物,国王排名 勇气的宝箱,912043309
可能米兰乔也想替妈妈听一声谢谢,1253.113,1,16777215,2024-03-11 23:34:42,1157052422,9,米兰乔与魔神 | 王子与宝物,国王排名 勇气的宝箱,912043309
咋都玩赛尔达？,285.968,1,16777215,2024-03-03 21:46:53,1157052422,9,米兰乔与魔神 | 王子与宝物,国王排名 勇气的宝箱,912043309
米兰桥这时从光明奔向了黑暗！细节,190.576,5,15138834,2024-02-15 13:39:28,1157052422,9,米兰乔与魔神 | 王子与宝物,国王排名 勇气的宝箱,912043309
看着看着眼眶就热了,950.49,1,16777215,2023-12-21 15:44:28,1157052422,9,米兰乔与魔神 | 王子与宝物,国王排名 勇气的宝箱,912043309
我是真的泪目,826.023,1,41194,2023-11-23 13:07:28,1157052422,9,米兰乔与魔神 | 王子与宝物,国王排名 勇气的宝箱,912043309
我是来看波吉的,1103.355,1,16777215,2023-10-18 22:40:54,1157052422,9,米兰乔与魔神 | 王子与宝物,国王排名 勇气的宝箱,912043309
前半季伊始的OP！,1146.32,5,16777215,2023-07-13 17:25:57,1157052422,9,米兰乔与魔神 | 王子与宝物,国王排名 勇气的宝箱,912043309
竖中指灵性,1070.189,1,15138834,2023-07-07 16:25:56,1157052422,9,米兰乔与魔神 | 王子与宝物,国王排名 勇气的宝箱,912043309
一鸭哦！,1052.389,1,16707842,2023-07-06 23:15:20,1157052422,9,米兰乔与魔神 | 王子与宝物,国王排名 勇气的宝箱,912043309
还以为一棒子打哭了,761.991,5,16777215,2023-07-01 16:44:06,1157052422,9,米兰乔与魔神 | 王子与宝物,国王排名 勇气的宝箱,912043309
南宫问雅？,218.148,5,16707842,2023-06-29 22:49:07,1157052422,9,米兰乔与魔神 | 王子与宝物,国王排名 勇气的宝箱,912043309
吉艺小卡瓦的声优,441.616,1,16777215,2023-06-27 15:46:17,1157052422,9,米兰乔与魔神 | 王子与宝物,国王排名 勇气的宝箱,912043309
想养一只波吉,978.546,1,16777215,2023-06-23 17:37:31,1157052422,9,米兰乔与魔神 | 王子与宝物,国王排名 勇气的宝箱,912043309
别人要是要付出代价的，相当于交换,404.175,1,16777215,2023-06-19 19:05:24,1157052422,9,米兰乔与魔神 | 王子与宝物,国王排名 勇气的宝箱,912043309
中指？,1070.039,1,16777215,2023-06-18 12:25:22,1157052422,9,米兰乔与魔神 | 王子与宝物,国王排名 勇气的宝箱,912043309
好可爱呜呜,684.843,1,41194,2023-06-17 21:41:29,1157052422,9,米兰乔与魔神 | 王子与宝物,国王排名 勇气的宝箱,912043309
阿里，鬼打墙,299.785,1,16777215,2023-06-16 12:06:34,1157052422,9,米兰乔与魔神 | 王子与宝物,国王排名 勇气的宝箱,912043309
或库洛每次看到波吉都要哭,310.139,1,16777215,2023-06-16 07:06:19,1157052422,9,米兰乔与魔神 | 王子与宝物,国王排名 勇气的宝箱,912043309
这头上是长了个脸吗,241.893,1,16777215,2023-06-15 16:40:17,1157052422,9,米兰乔与魔神 | 王子与宝物,国王排名 勇气的宝箱,912043309
是孩子都乱跑系列,366.536,1,16777215,2023-06-13 19:09:41,1157052422,9,米兰乔与魔神 | 王子与宝物,国王排名 勇气的宝箱,912043309
画质恢复过来吧这样纸片人真的。。。,334.213,1,16777215,2023-06-12 16:36:46,1157052422,9,米兰乔与魔神 | 王子与宝物,国王排名 勇气的宝箱,912043309
杀母之仇,1085.099,1,16777215,2023-06-12 16:14:41,1157052422,9,米兰乔与魔神 | 王子与宝物,国王排名 勇气的宝箱,912043309
大火球之术,621.28,1,15138834,2023-06-12 16:03:59,1157052422,9,米兰乔与魔神 | 王子与宝物,国王排名 勇气的宝箱,912043309
应该吧老国王的墓碑踹掉,1029.353,1,16777215,2023-06-09 21:29:04,1157052422,9,米兰乔与魔神 | 王子与宝物,国王排名 勇气的宝箱,912043309
现在还剩一句了,1228.176,1,16777215,2023-06-09 20:53:59,1157052422,9,米兰乔与魔神 | 王子与宝物,国王排名 勇气的宝箱,912043309
他爸不是让榨成汁了吗 怎么还有墓碑,1030.236,1,16777215,2023-06-09 20:28:43,1157052422,9,米兰乔与魔神 | 王子与宝物,国王排名 勇气的宝箱,912043309
迷路森林,269.192,1,16777215,2023-06-09 18:59:23,1157052422,9,米兰乔与魔神 | 王子与宝物,国王排名 勇气的宝箱,912043309
我哭死,1141.641,1,16777215,2026-04-10 12:55:55,1157052422,9,米兰乔与魔神 | 王子与宝物,国王排名 勇气的宝箱,912043309
啊啊啊原来勇气宝箱就是这些 有点感人突然,637.228,1,16777215,2026-03-24 00:38:51,1157052422,9,米兰乔与魔神 | 王子与宝物,国王排名 勇气的宝箱,912043309
魔神是女孩吗？,333.138,1,16777215,2026-03-13 23:06:16,1157052422,9,米兰乔与魔神 | 王子与宝物,国王排名 勇气的宝箱,912043309
爱上了,485.093,1,16777215,2026-02-20 14:32:21,1157052422,9,米兰乔与魔神 | 王子与宝物,国王排名 勇气的宝箱,912043309
魔神是副官的眼睛呢,310.553,1,16777215,2026-01-23 17:58:40,1157052422,9,米兰乔与魔神 | 王子与宝物,国王排名 勇气的宝箱,912043309
阿米波拉丝,6.028,1,16777215,2026-01-13 20:27:00,1157052422,9,米兰乔与魔神 | 王子与宝物,国王排名 勇气的宝箱,912043309
这是天神？,349.648,1,16777215,2025-12-03 17:56:39,1157052422,9,米兰乔与魔神 | 王子与宝物,国王排名 勇气的宝箱,912043309
太可爱了我的宝,710.824,1,16777215,2025-11-28 02:02:14,1157052422,9,米兰乔与魔神 | 王子与宝物,国王排名 勇气的宝箱,912043309
所以波吉多大啊,965.197,1,16777215,2025-11-14 14:04:29,1157052422,9,米兰乔与魔神 | 王子与宝物,国王排名 勇气的宝箱,912043309
现在还有两人。,34.734,1,16777215,2025-11-14 13:19:59,1157052422,9,米兰乔与魔神 | 王子与宝物,国王排名 勇气的宝箱,912043309
这小侧身,653.753,1,16777215,2025-10-25 08:50:32,1157052422,9,米兰乔与魔神 | 王子与宝物,国王排名 勇气的宝箱,912043309
呜呜,802.931,1,16777215,2025-10-25 08:48:11,1157052422,9,米兰乔与魔神 | 王子与宝物,国王排名 勇气的宝箱,912043309
捂了，这是个童话救赎漫吧。。。救来救去,1244.432,1,16777215,2025-09-28 17:20:04,1157052422,9,米兰乔与魔神 | 王子与宝物,国王排名 勇气的宝箱,912043309
主打一个礼轻情意重!,762.792,1,16777215,2025-08-24 20:44:45,1157052422,9,米兰乔与魔神 | 王子与宝物,国王排名 勇气的宝箱,912043309
哈特软软,910.42,1,16777215,2025-08-12 14:40:45,1157052422,9,米兰乔与魔神 | 王子与宝物,国王排名 勇气的宝箱,912043309
哎呦 好可爱哦,439.188,1,16777215,2025-08-10 16:26:22,1157052422,9,米兰乔与魔神 | 王子与宝物,国王排名 勇气的宝箱,912043309
养蛇人的幸福象征,581.82,1,16777215,2025-08-01 21:48:05,1157052422,9,米兰乔与魔神 | 王子与宝物,国王排名 勇气的宝箱,912043309
这里本来是习惯性想敲门,539.947,1,16777215,2025-05-21 00:13:44,1157052422,9,米兰乔与魔神 | 王子与宝物,国王排名 勇气的宝箱,912043309
"王后这时候出来嘱咐波及两句人物就更立体了,慈母形象",1158.131,5,16777215,2025-05-19 15:09:14,1157052422,9,米兰乔与魔神 | 王子与宝物,国王排名 勇气的宝箱,912043309
波吉都原谅了，她妈也原谅了,1123.505,1,16777215,2025-04-20 21:24:22,1157052422,9,米兰乔与魔神 | 王子与宝物,国王排名 勇气的宝箱,912043309
到了国际战争这块儿，法律就不适用了,1257.645,1,16777215,2025-04-19 18:57:21,1157052422,9,米兰乔与魔神 | 王子与宝物,国王排名 勇气的宝箱,912043309
这就是勇气宝箱里的宝贝吗,666.325,1,16777215,2025-04-19 18:46:17,1157052422,9,米兰乔与魔神 | 王子与宝物,国王排名 勇气的宝箱,912043309
是贝兵的蛇找到的，告诉波吉了,1188.58,1,16777215,2025-04-03 12:47:58,1157052422,9,米兰乔与魔神 | 王子与宝物,国王排名 勇气的宝箱,912043309
ADHD是吧,200.907,5,16777215,2025-03-28 02:12:07,1157052422,9,米兰乔与魔神 | 王子与宝物,国王排名 勇气的宝箱,912043309
哭死,1040.148,1,16777215,2025-02-17 17:49:01,1157052422,9,米兰乔与魔神 | 王子与宝物,国王排名 勇气的宝箱,912043309
鬼头特写,1216.284,1,15138834,2025-02-08 00:31:45,1157052422,9,米兰乔与魔神 | 王子与宝物,国王排名 勇气的宝箱,912043309
我靠！！！,1148.311,1,16777215,2025-02-01 05:55:14,1157052422,9,米兰乔与魔神 | 王子与宝物,国王排名 勇气的宝箱,912043309
就是这个味儿,1157.203,1,16777215,2025-01-25 01:16:20,1157052422,9,米兰乔与魔神 | 王子与宝物,国王排名 勇气的宝箱,912043309
卡哇伊,142.746,1,16777215,2025-01-25 00:59:25,1157052422,9,米兰乔与魔神 | 王子与宝物,国王排名 勇气的宝箱,912043309
为什么不是左右牵右手,447.654,1,16777215,2025-01-19 10:02:36,1157052422,9,米兰乔与魔神 | 王子与宝物,国王排名 勇气的宝箱,912043309
俩人送一样的！！,761.846,1,16777215,2025-01-16 18:11:41,1157052422,9,米兰乔与魔神 | 王子与宝物,国王排名 勇气的宝箱,912043309
跳过来咯~我是二极管，卡不得米兰乔,487.713,1,16777215,2024-12-25 11:26:30,1157052422,9,米兰乔与魔神 | 王子与宝物,国王排名 勇气的宝箱,912043309
自己吓自己~,217.333,1,16777215,2024-12-20 18:15:27,1157052422,9,米兰乔与魔神 | 王子与宝物,国王排名 勇气的宝箱,912043309
看到前面弹幕森林书虎躯一震,1011.859,5,16777215,2024-12-05 20:19:15,1157052422,9,米兰乔与魔神 | 王子与宝物,国王排名 勇气的宝箱,912043309
蝉蜕,778.533,1,16777215,2024-11-30 17:50:06,1157052422,9,米兰乔与魔神 | 王子与宝物,国王排名 勇气的宝箱,912043309
充满回忆的珍视之物赠予你所珍视之人,943.437,1,16777215,2024-11-16 15:27:40,1157052422,9,米兰乔与魔神 | 王子与宝物,国王排名 勇气的宝箱,912043309
诶呦卧槽脏东西,1215.824,5,16777215,2024-11-14 16:01:02,1157052422,9,米兰乔与魔神 | 王子与宝物,国王排名 勇气的宝箱,912043309
現在米蘭喬的聲音好溫柔,1060.874,1,16777215,2024-11-04 13:04:58,1157052422,9,米兰乔与魔神 | 王子与宝物,国王排名 勇气的宝箱,912043309
完结撒花,1171.746,1,16777215,2024-11-03 12:49:09,1157052422,9,米兰乔与魔神 | 王子与宝物,国王排名 勇气的宝箱,912043309
是德斯哈,1111.951,1,16777215,2024-11-03 12:47:11,1157052422,9,米兰乔与魔神 | 王子与宝物,国王排名 勇气的宝箱,912043309
波吉和大家都记得呢,907.109,1,16777215,2024-10-19 14:42:44,1157052422,9,米兰乔与魔神 | 王子与宝物,国王排名 勇气的宝箱,912043309
波吉呜呜呜,907.109,1,16777215,2024-10-19 14:42:31,1157052422,9,米兰乔与魔神 | 王子与宝物,国王排名 勇气的宝箱,912043309
塞尔达迷雾森林,278.148,1,16777215,2024-10-15 00:53:16,1157052422,9,米兰乔与魔神 | 王子与宝物,国王排名 勇气的宝箱,912043309
结婚吧！,1265.072,1,16777215,2024-09-19 13:14:12,1157052422,9,米兰乔与魔神 | 王子与宝物,国王排名 勇气的宝箱,912043309
在这完结吧,1168.525,1,16777215,2024-09-16 23:04:51,1157052422,9,米兰乔与魔神 | 王子与宝物,国王排名 勇气的宝箱,912043309
正常体格就是肌肉波奇,1048.056,1,16777215,2024-09-16 23:03:10,1157052422,9,米兰乔与魔神 | 王子与宝物,国王排名 勇气的宝箱,912043309
波吉如果恢复正常的体型会怎样,1038.548,1,16777215,2024-09-11 06:34:05,1157052422,9,米兰乔与魔神 | 王子与宝物,国王排名 勇气的宝箱,912043309
都是美好的回忆呀,918.894,1,16777215,2024-09-08 00:06:52,1157052422,9,米兰乔与魔神 | 王子与宝物,国王排名 勇气的宝箱,912043309
哎呀，好萌好萌,224.156,1,16777215,2024-09-07 23:52:46,1157052422,9,米兰乔与魔神 | 王子与宝物,国王排名 勇气的宝箱,912043309
波吉好的有点不真实了，显得周围的人很普通诶,1087.889,5,16777215,2024-09-06 19:15:35,1157052422,9,米兰乔与魔神 | 王子与宝物,国王排名 勇气的宝箱,912043309
我以为是丝袜呢,590.222,1,16777215,2024-08-31 15:18:32,1157052422,9,米兰乔与魔神 | 王子与宝物,国王排名 勇气的宝箱,912043309
hello？,1098.364,1,16777215,2024-08-29 07:33:27,1157052422,9,米兰乔与魔神 | 王子与宝物,国王排名 勇气的宝箱,912043309
他包里真是啥都有,582.572,1,16777215,2024-08-21 11:13:15,1157052422,9,米兰乔与魔神 | 王子与宝物,国王排名 勇气的宝箱,912043309
魔神震惊了一万年,231.672,1,16777215,2024-08-21 11:00:51,1157052422,9,米兰乔与魔神 | 王子与宝物,国王排名 勇气的宝箱,912043309
宝箱的宝物不光是勇气，也是记忆,912.583,1,16777215,2024-08-10 22:13:43,1157052422,9,米兰乔与魔神 | 王子与宝物,国王排名 勇气的宝箱,912043309
O v O,1135.463,1,15138834,2024-08-08 21:16:35,1157052422,9,米兰乔与魔神 | 王子与宝物,国王排名 勇气的宝箱,912043309
OvO,558.779,1,15138834,2024-08-08 21:06:34,1157052422,9,米兰乔与魔神 | 王子与宝物,国王排名 勇气的宝箱,912043309
但是她s了波吉妈妈是事实，洗不白,1245.399,1,16777215,2024-08-07 22:36:44,1157052422,9,米兰乔与魔神 | 王子与宝物,国王排名 勇气的宝箱,912043309
理理子！,1140.739,1,16777215,2024-08-07 22:34:26,1157052422,9,米兰乔与魔神 | 王子与宝物,国王排名 勇气的宝箱,912043309
波吉真好！！！还要去看那个女的,950.223,1,16777215,2024-08-07 22:31:35,1157052422,9,米兰乔与魔神 | 王子与宝物,国王排名 勇气的宝箱,912043309
厉害,685.332,1,16777215,2024-07-25 22:27:29,1157052422,9,米兰乔与魔神 | 王子与宝物,国王排名 勇气的宝箱,912043309
还以为你要说什么机密呢,1134.672,1,16777215,2024-07-18 22:29:55,1157052422,9,米兰乔与魔神 | 王子与宝物,国王排名 勇气的宝箱,912043309
这时候还是三只呢，我怎么记得他被救的时候就已经是两只了？,715.088,1,16777215,2024-07-18 22:24:42,1157052422,9,米兰乔与魔神 | 王子与宝物,国王排名 勇气的宝箱,912043309
长枪一在白龙吟。,690.536,1,15138834,2024-07-17 20:03:41,1157052422,9,米兰乔与魔神 | 王子与宝物,国王排名 勇气的宝箱,912043309
精致的宝箱（doge）,113.304,1,16707842,2024-07-17 18:06:55,1157052422,9,米兰乔与魔神 | 王子与宝物,国王排名 勇气的宝箱,912043309
勇气果子,593.984,1,16777215,2024-07-12 23:36:22,1157052422,9,米兰乔与魔神 | 王子与宝物,国王排名 勇气的宝箱,912043309
炮姐,851.33,1,16777215,2024-07-12 00:55:42,1157052422,9,米兰乔与魔神 | 王子与宝物,国王排名 勇气的宝箱,912043309
我真服了，这表情一直，若只,1121.065,1,16777215,2024-06-26 18:56:40,1157052422,9,米兰乔与魔神 | 王子与宝物,国王排名 勇气的宝箱,912043309
谁还记得前半集就在讲米兰乔,1056.723,1,8700107,2024-06-08 09:55:19,1157052422,9,米兰乔与魔神 | 王子与宝物,国王排名 勇气的宝箱,912043309
自由人多玛斯,785.339,1,16777215,2024-05-05 14:02:20,1157052422,9,米兰乔与魔神 | 王子与宝物,国王排名 勇气的宝箱,912043309
应该是实现愿望多就越丑陋吧,217.755,1,16777215,2024-05-01 20:33:31,1157052422,9,米兰乔与魔神 | 王子与宝物,国王排名 勇气的宝箱,912043309
追番还可以，顺便学手语,558.606,1,16777215,2024-04-30 13:01:54,1157052422,9,米兰乔与魔神 | 王子与宝物,国王排名 勇气的宝箱,912043309
这是魔神的孩子吧,193.109,1,16777215,2024-04-28 16:42:31,1157052422,9,米兰乔与魔神 | 王子与宝物,国王排名 勇气的宝箱,912043309
少萝：哦咦啊哦,718.082,1,16777215,2024-04-16 12:28:35,1157052422,9,米兰乔与魔神 | 王子与宝物,国王排名 勇气的宝箱,912043309
波吉送大家礼物 循环看很多遍 太可可爱了,770.923,1,16777215,2024-04-14 16:36:43,1157052422,9,米兰乔与魔神 | 王子与宝物,国王排名 勇气的宝箱,912043309
像红夫人！！！！,875.146,1,16777215,2024-04-05 20:39:29,1157052422,9,米兰乔与魔神 | 王子与宝物,国王排名 勇气的宝箱,912043309
迈特凯,909.582,1,16777215,2024-04-05 17:36:29,1157052422,9,米兰乔与魔神 | 王子与宝物,国王排名 勇气的宝箱,912043309
送镜子，你礼貌吗,707.811,1,16777215,2024-04-01 12:37:53,1157052422,9,米兰乔与魔神 | 王子与宝物,国王排名 勇气的宝箱,912043309
还不理解呢，语文怎么学的,1257.613,5,15138834,2024-03-29 22:34:43,1157052422,9,米兰乔与魔神 | 王子与宝物,国王排名 勇气的宝箱,912043309
熟悉的bgm,1142.726,5,15138834,2024-03-29 22:32:35,1157052422,9,米兰乔与魔神 | 王子与宝物,国王排名 勇气的宝箱,912043309
万恶之源,175.866,1,15138834,2024-03-29 12:26:35,1157052422,9,米兰乔与魔神 | 王子与宝物,国王排名 勇气的宝箱,912043309
我是考古学家 这旧石壁,264.842,1,16777215,2024-03-27 07:44:47,1157052422,9,米兰乔与魔神 | 王子与宝物,国王排名 勇气的宝箱,912043309
眼睛里出现了光,1155.033,1,16777215,2024-03-27 00:15:55,1157052422,9,米兰乔与魔神 | 王子与宝物,国王排名 勇气的宝箱,912043309
手语可以表示出人名。,1008.186,1,16777215,2024-03-26 11:28:14,1157052422,9,米兰乔与魔神 | 王子与宝物,国王排名 勇气的宝箱,912043309
我看米兰乔也是风韵犹存,1278.646,1,16777215,2024-03-23 20:33:04,1157052422,9,米兰乔与魔神 | 王子与宝物,国王排名 勇气的宝箱,912043309
这个包好大,758.698,1,16777215,2024-03-19 15:21:54,1157052422,9,米兰乔与魔神 | 王子与宝物,国王排名 勇气的宝箱,912043309
我有罪，我来还以为是丝袜- -,574.299,5,16776960,2024-02-25 04:26:53,1157052422,9,米兰乔与魔神 | 王子与宝物,国王排名 勇气的宝箱,912043309
熟悉的bgm救命我哭了,1141.691,1,16777215,2024-02-23 22:34:41,1157052422,9,米兰乔与魔神 | 王子与宝物,国王排名 勇气的宝箱,912043309
出音味来啊,1139.705,1,16777215,2024-02-16 00:46:54,1157052422,9,米兰乔与魔神 | 王子与宝物,国王排名 勇气的宝箱,912043309
这对我很磕，骑士和公主的那种感觉~，而且都是可以完全信任的人,875.928,1,16777215,2024-02-14 13:51:51,1157052422,9,米兰乔与魔神 | 王子与宝物,国王排名 勇气的宝箱,912043309
童话故事里的公主,160.657,1,16777215,2024-02-11 14:05:18,1157052422,9,米兰乔与魔神 | 王子与宝物,国王排名 勇气的宝箱,912043309
哈哈哈,879.72,1,16777215,2024-02-01 20:08:15,1157052422,9,米兰乔与魔神 | 王子与宝物,国王排名 勇气的宝箱,912043309
这一幕笑死,746.8,1,16777215,2024-02-01 20:05:00,1157052422,9,米兰乔与魔神 | 王子与宝物,国王排名 勇气的宝箱,912043309
魔神实现愿望是被动,406.487,1,16777215,2024-01-29 13:26:16,1157052422,9,米兰乔与魔神 | 王子与宝物,国王排名 勇气的宝箱,912043309
太可爱了两小只,473.83,1,16777215,2024-01-29 10:08:54,1157052422,9,米兰乔与魔神 | 王子与宝物,国王排名 勇气的宝箱,912043309
别撒花了 还有一集！,1179.96,1,16777215,2024-01-28 17:39:37,1157052422,9,米兰乔与魔神 | 王子与宝物,国王排名 勇气的宝箱,912043309
位置互换了,326.01,1,16777215,2024-01-19 21:39:16,1157052422,9,米兰乔与魔神 | 王子与宝物,国王排名 勇气的宝箱,912043309
宿傩手指,661.434,5,6830715,2024-01-19 13:14:13,1157052422,9,米兰乔与魔神 | 王子与宝物,国王排名 勇气的宝箱,912043309
有没有可能被杀的人也有善良的人,1250.781,1,16777215,2024-01-10 16:53:08,1157052422,9,米兰乔与魔神 | 王子与宝物,国王排名 勇气的宝箱,912043309
是这些给了波基勇气吗,586.176,1,16777215,2024-01-07 06:39:22,1157052422,9,米兰乔与魔神 | 王子与宝物,国王排名 勇气的宝箱,912043309
围裙妈妈,129.309,5,16777215,2024-01-06 20:18:14,1157052422,9,米兰乔与魔神 | 王子与宝物,国王排名 勇气的宝箱,912043309
我也需要救赎,1268.923,1,16777215,2023-12-23 23:24:15,1157052422,9,米兰乔与魔神 | 王子与宝物,国王排名 勇气的宝箱,912043309
BGM好好听,975.93,1,16777215,2023-12-20 15:40:50,1157052422,9,米兰乔与魔神 | 王子与宝物,国王排名 勇气的宝箱,912043309
しろとり,1226.699,1,16777215,2023-12-16 07:30:07,1157052422,9,米兰乔与魔神 | 王子与宝物,国王排名 勇气的宝箱,912043309
实现他人的愿望让自己开心 为什么就会变成魔神,443.849,1,16777215,2023-12-02 20:20:02,1157052422,9,米兰乔与魔神 | 王子与宝物,国王排名 勇气的宝箱,912043309
遇见弟媳,1080.157,1,16777215,2023-11-27 12:18:51,1157052422,9,米兰乔与魔神 | 王子与宝物,国王排名 勇气的宝箱,912043309
不是 他爹不是被榨成汁了吗 这象征性的立个碑？,1038.096,1,16777215,2023-11-27 11:22:29,1157052422,9,米兰乔与魔神 | 王子与宝物,国王排名 勇气的宝箱,912043309
完美人格的波吉,965.862,1,16777215,2023-11-26 20:48:48,1157052422,9,米兰乔与魔神 | 王子与宝物,国王排名 勇气的宝箱,912043309
散什么花，欧肯还没救呢,1270.605,1,16777215,2023-11-25 01:38:05,1157052422,9,米兰乔与魔神 | 王子与宝物,国王排名 勇气的宝箱,912043309
不怕 我闪避99%,675.0,1,16777215,2023-11-24 20:01:36,1157052422,9,米兰乔与魔神 | 王子与宝物,国王排名 勇气的宝箱,912043309
要是扎到了就是另外的故事了,653.106,1,16777215,2023-11-22 13:17:02,1157052422,9,米兰乔与魔神 | 王子与宝物,国王排名 勇气的宝箱,912043309
伦太郎？,820.488,1,16777215,2023-11-19 16:11:37,1157052422,9,米兰乔与魔神 | 王子与宝物,国王排名 勇气的宝箱,912043309
了不起,1163.0,1,16777215,2023-11-16 22:05:44,1157052422,9,米兰乔与魔神 | 王子与宝物,国王排名 勇气的宝箱,912043309
oi！,1063.205,1,16777215,2023-11-15 15:31:39,1157052422,9,米兰乔与魔神 | 王子与宝物,国王排名 勇气的宝箱,912043309
好可爱,875.157,1,16777215,2023-11-12 16:52:15,1157052422,9,米兰乔与魔神 | 王子与宝物,国王排名 勇气的宝箱,912043309
这是魔神？,213.917,1,16777215,2023-11-12 16:41:07,1157052422,9,米兰乔与魔神 | 王子与宝物,国王排名 勇气的宝箱,912043309
完结撒花,1159.267,1,16777215,2023-11-05 13:28:59,1157052422,9,米兰乔与魔神 | 王子与宝物,国王排名 勇气的宝箱,912043309
你怎么又哭了,763.975,1,16777215,2023-11-05 13:22:01,1157052422,9,米兰乔与魔神 | 王子与宝物,国王排名 勇气的宝箱,912043309
波吉都记得,777.915,1,16777215,2023-10-22 17:48:05,1157052422,9,米兰乔与魔神 | 王子与宝物,国王排名 勇气的宝箱,912043309
李姐都理解了，你怎么还不理解,1097.315,1,16777215,2023-10-19 00:08:43,1157052422,9,米兰乔与魔神 | 王子与宝物,国王排名 勇气的宝箱,912043309
喜欢小时侯的米兰乔，好可爱,132.026,1,16777215,2023-10-15 12:43:11,1157052422,9,米兰乔与魔神 | 王子与宝物,国王排名 勇气的宝箱,912043309
完结撒花,1145.425,1,16777215,2023-10-11 19:49:56,1157052422,9,米兰乔与魔神 | 王子与宝物,国王排名 勇气的宝箱,912043309
因为魔神实现愿望就会变丑,214.0,1,16777215,2023-10-11 01:41:32,1157052422,9,米兰乔与魔神 | 王子与宝物,国王排名 勇气的宝箱,912043309
小宝贝太可爱了呜呜呜,628.0,1,16777215,2023-10-11 00:51:58,1157052422,9,米兰乔与魔神 | 王子与宝物,国王排名 勇气的宝箱,912043309
oi,1051.739,1,16777215,2023-10-11 00:51:47,1157052422,9,米兰乔与魔神 | 王子与宝物,国王排名 勇气的宝箱,912043309
汗流浃背了吧老弟,1198.054,1,16777215,2023-10-09 07:43:30,1157052422,9,米兰乔与魔神 | 王子与宝物,国王排名 勇气的宝箱,912043309
我也不李姐 没事,1097.78,5,16646914,2023-10-08 19:35:56,1157052422,9,米兰乔与魔神 | 王子与宝物,国王排名 勇气的宝箱,912043309
这个BGM一响我泪目了,1147.272,1,16777215,2023-10-07 03:03:12,1157052422,9,米兰乔与魔神 | 王子与宝物,国王排名 勇气的宝箱,912043309
好巧,1096.0,1,16777215,2023-10-06 07:59:02,1157052422,9,米兰乔与魔神 | 王子与宝物,国王排名 勇气的宝箱,912043309
没有战斗力，但是也不会死,379.512,1,16777215,2023-10-05 14:19:48,1157052422,9,米兰乔与魔神 | 王子与宝物,国王排名 勇气的宝箱,912043309
当头一棒,741.593,1,16777215,2023-10-04 22:38:14,1157052422,9,米兰乔与魔神 | 王子与宝物,国王排名 勇气的宝箱,912043309
波吉闪避叠满,652.46,1,16777215,2023-10-04 22:36:33,1157052422,9,米兰乔与魔神 | 王子与宝物,国王排名 勇气的宝箱,912043309
牵左手更dei劲儿吧,424.72,1,16777215,2023-10-01 16:21:38,1157052422,9,米兰乔与魔神 | 王子与宝物,国王排名 勇气的宝箱,912043309
谁说只有米兰乔哭的多,820.237,1,14811775,2023-10-01 12:59:27,1157052422,9,米兰乔与魔神 | 王子与宝物,国王排名 勇气的宝箱,912043309
爱了bgm,1148.0,1,16777215,2023-10-01 12:40:57,1157052422,9,米兰乔与魔神 | 王子与宝物,国王排名 勇气的宝箱,912043309
这个女孩好像出生,150.715,5,16646914,2023-09-25 00:38:01,1157052422,9,米兰乔与魔神 | 王子与宝物,国王排名 勇气的宝箱,912043309
应该只是魔物一开始,366.304,1,16777215,2023-09-23 19:25:45,1157052422,9,米兰乔与魔神 | 王子与宝物,国王排名 勇气的宝箱,912043309
不我愿视它为手办,587.612,1,16777215,2023-09-19 17:39:08,1157052422,9,米兰乔与魔神 | 王子与宝物,国王排名 勇气的宝箱,912043309
哟，你脸红了,875.565,1,16777215,2023-09-16 22:49:50,1157052422,9,米兰乔与魔神 | 王子与宝物,国王排名 勇气的宝箱,912043309
这个光啊,238.932,1,16777215,2023-09-16 22:39:01,1157052422,9,米兰乔与魔神 | 王子与宝物,国王排名 勇气的宝箱,912043309
鬼打墙啊？,269.797,1,16777215,2023-09-16 12:59:37,1157052422,9,米兰乔与魔神 | 王子与宝物,国王排名 勇气的宝箱,912043309
前面的够了,817.225,1,16777215,2023-09-14 19:24:26,1157052422,9,米兰乔与魔神 | 王子与宝物,国王排名 勇气的宝箱,912043309
你两cp感比戴达强哈哈哈,454.258,1,16777215,2023-09-13 01:20:52,1157052422,9,米兰乔与魔神 | 王子与宝物,国王排名 勇气的宝箱,912043309
磕！都能磕！！！,945.618,1,16777215,2023-09-12 21:08:28,1157052422,9,米兰乔与魔神 | 王子与宝物,国王排名 勇气的宝箱,912043309
这波吉要是没有神功可能直接就被戳死了吧（）,658.385,1,16777215,2023-09-12 20:55:15,1157052422,9,米兰乔与魔神 | 王子与宝物,国王排名 勇气的宝箱,912043309
那为什么人类要喂猪吃的？,403.174,1,16777215,2023-09-11 22:09:57,1157052422,9,米兰乔与魔神 | 王子与宝物,国王排名 勇气的宝箱,912043309
两小只,451.767,1,16777215,2023-09-08 17:14:19,1157052422,9,米兰乔与魔神 | 王子与宝物,国王排名 勇气的宝箱,912043309
泪目 波吉终于苦尽甘来,637.904,1,16777215,2023-09-05 11:12:02,1157052422,9,米兰乔与魔神 | 王子与宝物,国王排名 勇气的宝箱,912043309
amier,1337.944,1,16777215,2023-09-02 22:58:44,1157052422,9,米兰乔与魔神 | 王子与宝物,国王排名 勇气的宝箱,912043309
波吉的宝箱里装满了勇气,591.632,5,16707842,2023-09-02 12:05:42,1157052422,9,米兰乔与魔神 | 王子与宝物,国王排名 勇气的宝箱,912043309
aimer,1339.0,1,16777215,2023-08-31 20:10:43,1157052422,9,米兰乔与魔神 | 王子与宝物,国王排名 勇气的宝箱,912043309
卖萌的排名,356.452,1,16777215,2023-08-26 11:28:58,1157052422,9,米兰乔与魔神 | 王子与宝物,国王排名 勇气的宝箱,912043309
呀哈哈森林,277.261,1,16777215,2023-08-24 15:12:08,1157052422,9,米兰乔与魔神 | 王子与宝物,国王排名 勇气的宝箱,912043309
泪目,910.486,1,16777215,2023-08-20 13:53:18,1157052422,9,米兰乔与魔神 | 王子与宝物,国王排名 勇气的宝箱,912043309
瞅你忙的,998.628,1,16777215,2023-08-19 16:52:21,1157052422,9,米兰乔与魔神 | 王子与宝物,国王排名 勇气的宝箱,912043309
天啦！米兰乔头发长眼睛了,239.314,1,16777215,2023-08-19 04:56:42,1157052422,9,米兰乔与魔神 | 王子与宝物,国王排名 勇气的宝箱,912043309
崽崽和妈妈好像,1031.347,1,16777215,2023-08-16 02:50:34,1157052422,9,米兰乔与魔神 | 王子与宝物,国王排名 勇气的宝箱,912043309
要哭了,1037.089,1,16777215,2023-08-14 02:06:38,1157052422,9,米兰乔与魔神 | 王子与宝物,国王排名 勇气的宝箱,912043309
完结散花~,1172.416,1,16777215,2023-08-11 23:02:57,1157052422,9,米兰乔与魔神 | 王子与宝物,国王排名 勇气的宝箱,912043309
去做大宝剑！,1196.625,1,16777215,2023-08-09 17:59:19,1157052422,9,米兰乔与魔神 | 王子与宝物,国王排名 勇气的宝箱,912043309
要给米兰乔护身符吧？,983.267,1,16777215,2023-08-09 12:29:46,1157052422,9,米兰乔与魔神 | 王子与宝物,国王排名 勇气的宝箱,912043309
真好啊，虽然波吉已经会读唇语了还是一边说一边比手语,928.925,1,16777215,2023-08-09 12:28:17,1157052422,9,米兰乔与魔神 | 王子与宝物,国王排名 勇气的宝箱,912043309
吆西吆西,218.187,5,104601,2023-08-05 16:21:10,1157052422,9,米兰乔与魔神 | 王子与宝物,国王排名 勇气的宝箱,912043309
金榜题名,135.538,1,16777215,2023-08-03 21:01:26,1157052422,9,米兰乔与魔神 | 王子与宝物,国王排名 勇气的宝箱,912043309
好可爱啊！,1018.806,1,16777215,2023-08-03 16:22:43,1157052422,9,米兰乔与魔神 | 王子与宝物,国王排名 勇气的宝箱,912043309
波吉还要自己建个王国啊,939.32,1,16777215,2023-08-02 19:59:03,1157052422,9,米兰乔与魔神 | 王子与宝物,国王排名 勇气的宝箱,912043309
o.0,1268.266,1,16777215,2023-08-01 19:10:52,1157052422,9,米兰乔与魔神 | 王子与宝物,国王排名 勇气的宝箱,912043309
节了龟,802.828,1,16777215,2023-07-31 17:18:11,1157052422,9,米兰乔与魔神 | 王子与宝物,国王排名 勇气的宝箱,912043309
京师八十万枪棒教头阿匹斯,651.245,1,16777215,2023-07-30 15:55:11,1157052422,9,米兰乔与魔神 | 王子与宝物,国王排名 勇气的宝箱,912043309
他还是那么多汁,1113.115,5,16646914,2023-07-27 16:26:48,1157052422,9,米兰乔与魔神 | 王子与宝物,国王排名 勇气的宝箱,912043309
以直报怨，以德报德,949.128,5,16646914,2023-07-27 16:23:20,1157052422,9,米兰乔与魔神 | 王子与宝物,国王排名 勇气的宝箱,912043309
你小子是只进油盐啊,801.487,5,16646914,2023-07-27 16:19:20,1157052422,9,米兰乔与魔神 | 王子与宝物,国王排名 勇气的宝箱,912043309
哈？,233.608,1,16777215,2023-07-27 13:14:22,1157052422,9,米兰乔与魔神 | 王子与宝物,国王排名 勇气的宝箱,912043309
米老师也是个可怜人啊？成见那么大,1105.53,1,16777215,2023-07-26 21:38:28,1157052422,9,米兰乔与魔神 | 王子与宝物,国王排名 勇气的宝箱,912043309
这不毛猴吗？,759.464,1,16777215,2023-07-26 08:09:03,1157052422,9,米兰乔与魔神 | 王子与宝物,国王排名 勇气的宝箱,912043309
米兰乔这思想随时会发病吧,1262.924,1,16777215,2023-07-24 04:35:37,1157052422,9,米兰乔与魔神 | 王子与宝物,国王排名 勇气的宝箱,912043309
吓死了 还以为手机响了,1150.566,1,16777215,2023-07-22 11:55:49,1157052422,9,米兰乔与魔神 | 王子与宝物,国王排名 勇气的宝箱,912043309
什么都磕只会让我营养均衡,1272.443,1,16777215,2023-07-21 23:24:50,1157052422,9,米兰乔与魔神 | 王子与宝物,国王排名 勇气的宝箱,912043309
剑呢,1137.616,1,16777215,2023-07-21 21:40:57,1157052422,9,米兰乔与魔神 | 王子与宝物,国王排名 勇气的宝箱,912043309
说起来魔神好像没有实际战斗力，只能通过契约,368.825,1,15138834,2023-07-21 04:17:20,1157052422,9,米兰乔与魔神 | 王子与宝物,国王排名 勇气的宝箱,912043309
这么一看，难道魔神是女的？,338.957,1,15138834,2023-07-21 04:15:33,1157052422,9,米兰乔与魔神 | 王子与宝物,国王排名 勇气的宝箱,912043309
追杀魔神,196.734,1,16777215,2023-07-19 21:29:52,1157052422,9,米兰乔与魔神 | 王子与宝物,国王排名 勇气的宝箱,912043309
波吉也太好了吧,947.35,5,16707842,2023-07-19 17:20:48,1157052422,9,米兰乔与魔神 | 王子与宝物,国王排名 勇气的宝箱,912043309
头发好像一张脸,251.618,1,16777215,2023-07-19 12:28:06,1157052422,9,米兰乔与魔神 | 王子与宝物,国王排名 勇气的宝箱,912043309
龙地洞,700.453,5,16777215,2023-07-18 18:50:21,1157052422,9,米兰乔与魔神 | 王子与宝物,国王排名 勇气的宝箱,912043309
左：多长点头发。右：多长点胡子,637.563,5,16777215,2023-07-18 18:49:06,1157052422,9,米兰乔与魔神 | 王子与宝物,国王排名 勇气的宝箱,912043309
一张脸,241.104,5,16777215,2023-07-18 18:25:07,1157052422,9,米兰乔与魔神 | 王子与宝物,国王排名 勇气的宝箱,912043309
熟悉的bgm,1162.453,1,16777215,2023-07-17 18:15:49,1157052422,9,米兰乔与魔神 | 王子与宝物,国王排名 勇气的宝箱,912043309
电摇,589.265,1,16777215,2023-07-17 11:47:15,1157052422,9,米兰乔与魔神 | 王子与宝物,国王排名 勇气的宝箱,912043309
请分析光影,323.52,1,41194,2023-07-17 00:16:20,1157052422,9,米兰乔与魔神 | 王子与宝物,国王排名 勇气的宝箱,912043309
长按屏幕变成魔性声音,300.826,1,16777215,2023-07-16 22:34:46,1157052422,9,米兰乔与魔神 | 王子与宝物,国王排名 勇气的宝箱,912043309
完结撒花,1163.673,1,16777215,2023-07-16 11:54:41,1157052422,9,米兰乔与魔神 | 王子与宝物,国王排名 勇气的宝箱,912043309
脸红什么,886.03,1,16777215,2023-07-16 02:21:08,1157052422,9,米兰乔与魔神 | 王子与宝物,国王排名 勇气的宝箱,912043309
曲对币有,1166.522,1,14811775,2023-07-15 21:02:58,1157052422,9,米兰乔与魔神 | 王子与宝物,国王排名 勇气的宝箱,912043309
铁头柔情,820.95,1,16777215,2023-07-13 15:16:40,1157052422,9,米兰乔与魔神 | 王子与宝物,国王排名 勇气的宝箱,912043309
蜡笔画,322.23,1,16777215,2023-07-13 13:38:47,1157052422,9,米兰乔与魔神 | 王子与宝物,国王排名 勇气的宝箱,912043309
这不是上部的op1嘛,1153.079,1,16777215,2023-07-12 16:25:33,1157052422,9,米兰乔与魔神 | 王子与宝物,国王排名 勇气的宝箱,912043309
他是聋子啊，你喊再大声也听不到的,963.01,1,16777215,2023-07-12 16:21:36,1157052422,9,米兰乔与魔神 | 王子与宝物,国王排名 勇气的宝箱,912043309
肯定是在找贝宾,973.123,5,16777215,2023-07-12 14:25:24,1157052422,9,米兰乔与魔神 | 王子与宝物,国王排名 勇气的宝箱,912043309
肯定是在找贝宾,963.736,1,16777215,2023-07-12 14:24:49,1157052422,9,米兰乔与魔神 | 王子与宝物,国王排名 勇气的宝箱,912043309
你咋不就往那个洞里面钻呢？！,282.436,5,16777215,2023-07-12 14:12:01,1157052422,9,米兰乔与魔神 | 王子与宝物,国王排名 勇气的宝箱,912043309
哭了,1154.797,1,16777215,2023-07-12 12:21:03,1157052422,9,米兰乔与魔神 | 王子与宝物,国王排名 勇气的宝箱,912043309
"以直报怨,以德报德",950.759,5,16765698,2023-07-11 22:00:28,1157052422,9,米兰乔与魔神 | 王子与宝物,国王排名 勇气的宝箱,912043309
他知道了,1037.484,1,16777215,2023-07-11 13:35:51,1157052422,9,米兰乔与魔神 | 王子与宝物,国王排名 勇气的宝箱,912043309
他砸过他的,899.928,1,16777215,2023-07-11 13:33:37,1157052422,9,米兰乔与魔神 | 王子与宝物,国王排名 勇气的宝箱,912043309
勇气宝箱,803.393,1,16777215,2023-07-11 13:31:56,1157052422,9,米兰乔与魔神 | 王子与宝物,国王排名 勇气的宝箱,912043309
都是他的宝物,718.971,1,16777215,2023-07-11 13:30:26,1157052422,9,米兰乔与魔神 | 王子与宝物,国王排名 勇气的宝箱,912043309
都是他的宝物,592.517,1,16777215,2023-07-11 13:28:23,1157052422,9,米兰乔与魔神 | 王子与宝物,国王排名 勇气的宝箱,912043309
最重要的是所送的东西都是和所送的人一起 获得的,934.565,1,16777215,2023-07-11 00:18:09,1157052422,9,米兰乔与魔神 | 王子与宝物,国王排名 勇气的宝箱,912043309
炭治郎：同行见同行，两眼泪汪汪,741.924,1,16777215,2023-07-10 21:12:47,1157052422,9,米兰乔与魔神 | 王子与宝物,国王排名 勇气的宝箱,912043309
还有小尾巴更爱了,407.627,1,14811775,2023-07-10 17:46:28,1157052422,9,米兰乔与魔神 | 王子与宝物,国王排名 勇气的宝箱,912043309
用来教他唇语的镜子！！爱了爱了,709.841,1,16777215,2023-07-07 23:28:40,1157052422,9,米兰乔与魔神 | 王子与宝物,国王排名 勇气的宝箱,912043309
以德报怨，何以报德,1111.262,1,16777215,2023-07-07 19:45:19,1157052422,9,米兰乔与魔神 | 王子与宝物,国王排名 勇气的宝箱,912043309
宝贝宝贝我是坏蛋，宝贝宝贝我是坏蛋,1266.628,1,9033215,2023-07-07 12:53:49,1157052422,9,米兰乔与魔神 | 王子与宝物,国王排名 勇气的宝箱,912043309
麻雀,993.291,1,9033215,2023-07-07 12:49:16,1157052422,9,米兰乔与魔神 | 王子与宝物,国王排名 勇气的宝箱,912043309
中药,826.736,1,9033215,2023-07-07 12:46:22,1157052422,9,米兰乔与魔神 | 王子与宝物,国王排名 勇气的宝箱,912043309
懒懒阳,800.807,1,9033215,2023-07-07 12:45:56,1157052422,9,米兰乔与魔神 | 王子与宝物,国王排名 勇气的宝箱,912043309
懒懒阳,782.506,1,4351678,2023-07-07 12:45:38,1157052422,9,米兰乔与魔神 | 王子与宝物,国王排名 勇气的宝箱,912043309
野生小蛇,752.827,1,2236962,2023-07-07 12:45:08,1157052422,9,米兰乔与魔神 | 王子与宝物,国王排名 勇气的宝箱,912043309
哔哔,493.127,1,2236962,2023-07-07 12:41:25,1157052422,9,米兰乔与魔神 | 王子与宝物,国王排名 勇气的宝箱,912043309
千与千寻,444.481,1,2236962,2023-07-07 12:40:37,1157052422,9,米兰乔与魔神 | 王子与宝物,国王排名 勇气的宝箱,912043309
潘老师，一大哟,420.513,1,16777215,2023-07-07 12:40:13,1157052422,9,米兰乔与魔神 | 王子与宝物,国王排名 勇气的宝箱,912043309
达文西,232.585,1,16777215,2023-07-07 12:36:55,1157052422,9,米兰乔与魔神 | 王子与宝物,国王排名 勇气的宝箱,912043309
达文西,218.519,1,16777215,2023-07-07 12:36:41,1157052422,9,米兰乔与魔神 | 王子与宝物,国王排名 勇气的宝箱,912043309
多玛斯是不是又哭了,1105.073,1,16777215,2023-07-07 06:03:38,1157052422,9,米兰乔与魔神 | 王子与宝物,国王排名 勇气的宝箱,912043309
节溜鬼儿的皮！今天刚捡到一个！,759.995,1,16777215,2023-07-05 22:34:16,1157052422,9,米兰乔与魔神 | 王子与宝物,国王排名 勇气的宝箱,912043309
阿珍爱上了阿强,482.876,1,16777215,2023-07-04 21:48:38,1157052422,9,米兰乔与魔神 | 王子与宝物,国王排名 勇气的宝箱,912043309
哈哈哈哈哈,763.688,1,16777215,2023-07-04 20:14:59,1157052422,9,米兰乔与魔神 | 王子与宝物,国王排名 勇气的宝箱,912043309
太可爱啦！,672.035,1,16777215,2023-07-04 20:12:56,1157052422,9,米兰乔与魔神 | 王子与宝物,国王排名 勇气的宝箱,912043309
这BGM一出 鸡皮疙瘩起一身 既温暖又燃！,1152.39,1,16777215,2023-07-04 19:10:53,1157052422,9,米兰乔与魔神 | 王子与宝物,国王排名 勇气的宝箱,912043309
米兰乔好像小鹿啊这个眼睛,177.229,1,16777215,2023-07-04 12:52:40,1157052422,9,米兰乔与魔神 | 王子与宝物,国王排名 勇气的宝箱,912043309
以德报怨，何以报德,1103.153,5,16777215,2023-07-02 18:10:14,1157052422,9,米兰乔与魔神 | 王子与宝物,国王排名 勇气的宝箱,912043309
小天使波吉！！,652.694,5,16777215,2023-07-02 18:05:59,1157052422,9,米兰乔与魔神 | 王子与宝物,国王排名 勇气的宝箱,912043309
蚂蚱猴,803.08,1,16777215,2023-07-02 13:35:15,1157052422,9,米兰乔与魔神 | 王子与宝物,国王排名 勇气的宝箱,912043309
一直被人折磨 心性极端了很正常,163.608,1,16777215,2023-07-02 12:10:33,1157052422,9,米兰乔与魔神 | 王子与宝物,国王排名 勇气的宝箱,912043309
该说不说有点像送葬,1108.358,1,16777215,2023-07-01 21:48:25,1157052422,9,米兰乔与魔神 | 王子与宝物,国王排名 勇气的宝箱,912043309
那得几十年,932.128,1,15138834,2023-07-01 21:35:49,1157052422,9,米兰乔与魔神 | 王子与宝物,国王排名 勇气的宝箱,912043309
火影跑法！,453.249,1,15138834,2023-07-01 21:27:42,1157052422,9,米兰乔与魔神 | 王子与宝物,国王排名 勇气的宝箱,912043309
那我要收服一只,380.241,1,15138834,2023-07-01 21:25:39,1157052422,9,米兰乔与魔神 | 王子与宝物,国王排名 勇气的宝箱,912043309
难道是想告诉波吉米兰乔在森林教书吗,1017.226,1,16777215,2023-07-01 20:11:08,1157052422,9,米兰乔与魔神 | 王子与宝物,国王排名 勇气的宝箱,912043309
提前召唤李姐登场,3.09,5,16707842,2023-07-01 17:30:09,1157052422,9,米兰乔与魔神 | 王子与宝物,国王排名 勇气的宝箱,912043309
枪天王竟然这么高,1108.272,5,15138834,2023-07-01 14:21:54,1157052422,9,米兰乔与魔神 | 王子与宝物,国王排名 勇气的宝箱,912043309
a o e,709.65,1,16777215,2023-06-30 20:54:07,1157052422,9,米兰乔与魔神 | 王子与宝物,国王排名 勇气的宝箱,912043309
泪目了,1156.282,1,16777215,2023-06-30 17:46:28,1157052422,9,米兰乔与魔神 | 王子与宝物,国王排名 勇气的宝箱,912043309
BGM犯规啊呜呜呜,1145.499,1,16777215,2023-06-30 12:58:28,1157052422,9,米兰乔与魔神 | 王子与宝物,国王排名 勇气的宝箱,912043309
好磕,876.81,1,16777215,2023-06-30 00:15:01,1157052422,9,米兰乔与魔神 | 王子与宝物,国王排名 勇气的宝箱,912043309
这画质有点像小时候看的动画片一样,297.572,1,16777215,2023-06-29 16:04:46,1157052422,9,米兰乔与魔神 | 王子与宝物,国王排名 勇气的宝箱,912043309
你家苯环是这样画的?,1212.932,1,16777215,2023-06-29 09:14:51,1157052422,9,米兰乔与魔神 | 王子与宝物,国王排名 勇气的宝箱,912043309
kaji的声音太好听了,888.923,1,16777215,2023-06-29 09:08:01,1157052422,9,米兰乔与魔神 | 王子与宝物,国王排名 勇气的宝箱,912043309
铁骨铮铮多玛斯,1115.873,1,16777215,2023-06-29 02:24:27,1157052422,9,米兰乔与魔神 | 王子与宝物,国王排名 勇气的宝箱,912043309
！！！！！熟悉的bgm,1141.24,1,16777215,2023-06-28 20:22:34,1157052422,9,米兰乔与魔神 | 王子与宝物,国王排名 勇气的宝箱,912043309
两眼一黑,119.615,1,16777215,2023-06-28 20:18:55,1157052422,9,米兰乔与魔神 | 王子与宝物,国王排名 勇气的宝箱,912043309
感觉枪兵力气都得很大,698.538,1,16777215,2023-06-27 12:29:19,1157052422,9,米兰乔与魔神 | 王子与宝物,国王排名 勇气的宝箱,912043309
好可爱呀,721.457,1,16777215,2023-06-27 08:00:03,1157052422,9,米兰乔与魔神 | 王子与宝物,国王排名 勇气的宝箱,912043309
国王都被匀浆了,1038.352,1,16777215,2023-06-27 01:40:10,1157052422,9,米兰乔与魔神 | 王子与宝物,国王排名 勇气的宝箱,912043309
散尽家财,630.973,1,16777215,2023-06-27 01:32:58,1157052422,9,米兰乔与魔神 | 王子与宝物,国王排名 勇气的宝箱,912043309
法爷不开个门回城,258.293,1,16777215,2023-06-27 01:25:53,1157052422,9,米兰乔与魔神 | 王子与宝物,国王排名 勇气的宝箱,912043309
前奏有点像《魔女宅急便》的《临海的街》,977.295,1,16777215,2023-06-27 00:25:56,1157052422,9,米兰乔与魔神 | 王子与宝物,国王排名 勇气的宝箱,912043309
他们都为了他学了手语，真好,942.99,1,16777215,2023-06-26 21:01:55,1157052422,9,米兰乔与魔神 | 王子与宝物,国王排名 勇气的宝箱,912043309
我宝真好,811.639,1,16777215,2023-06-26 20:59:10,1157052422,9,米兰乔与魔神 | 王子与宝物,国王排名 勇气的宝箱,912043309
完结撒花,1162.961,1,16777215,2023-06-26 14:43:48,1157052422,9,米兰乔与魔神 | 王子与宝物,国王排名 勇气的宝箱,912043309
马鸡鸟裤,754.148,1,16777215,2023-06-26 13:24:21,1157052422,9,米兰乔与魔神 | 王子与宝物,国王排名 勇气的宝箱,912043309
完结撒花,1154.839,1,16777215,2023-06-26 12:49:57,1157052422,9,米兰乔与魔神 | 王子与宝物,国王排名 勇气的宝箱,912043309
好啦，现在想知道的话有2句了。淦,1113.583,1,16777215,2023-06-26 12:40:09,1157052422,9,米兰乔与魔神 | 王子与宝物,国王排名 勇气的宝箱,912043309
盲猜迷路了,260.508,1,16777215,2023-06-26 12:23:52,1157052422,9,米兰乔与魔神 | 王子与宝物,国王排名 勇气的宝箱,912043309
每一幕都是壁纸,187.286,1,16777215,2023-06-26 12:21:58,1157052422,9,米兰乔与魔神 | 王子与宝物,国王排名 勇气的宝箱,912043309
毕竟米兰乔cv是坂本真绫,1077.84,1,16777215,2023-06-26 11:08:22,1157052422,9,米兰乔与魔神 | 王子与宝物,国王排名 勇气的宝箱,912043309
迷失森林,288.857,1,16777215,2023-06-26 10:43:48,1157052422,9,米兰乔与魔神 | 王子与宝物,国王排名 勇气的宝箱,912043309
波吉神级闪避 ，不要慌,657.84,1,16777215,2023-06-26 01:22:43,1157052422,9,米兰乔与魔神 | 王子与宝物,国王排名 勇气的宝箱,912043309
跑这么远一不小心把卡克找到怎么办,995.89,1,16776960,2023-06-25 23:49:49,1157052422,9,米兰乔与魔神 | 王子与宝物,国王排名 勇气的宝箱,912043309
他真的（好温柔）我哭死,1249.598,5,16777215,2023-06-25 23:22:52,1157052422,9,米兰乔与魔神 | 王子与宝物,国王排名 勇气的宝箱,912043309
幻视看成摩尔公主（救命！,1026.049,5,16707842,2023-06-25 23:02:07,1157052422,9,米兰乔与魔神 | 王子与宝物,国王排名 勇气的宝箱,912043309
哈哈哈哈，好可爱啊,252.772,1,16777215,2023-06-25 17:34:16,1157052422,9,米兰乔与魔神 | 王子与宝物,国王排名 勇气的宝箱,912043309
钻石当灯泡,703.684,1,16777215,2023-06-25 16:21:21,1157052422,9,米兰乔与魔神 | 王子与宝物,国王排名 勇气的宝箱,912043309
好像鼓了个包哈哈哈哈哈,754.776,5,15138834,2023-06-24 21:55:40,1157052422,9,米兰乔与魔神 | 王子与宝物,国王排名 勇气的宝箱,912043309
好奇手语可以表示人名吗,989.946,1,16777215,2023-06-24 19:33:25,1157052422,9,米兰乔与魔神 | 王子与宝物,国王排名 勇气的宝箱,912043309
哟，安杰罗,438.713,5,38979,2023-06-24 19:23:16,1157052422,9,米兰乔与魔神 | 王子与宝物,国王排名 勇气的宝箱,912043309
牵手会,1143.627,1,16777215,2023-06-24 19:21:36,1157052422,9,米兰乔与魔神 | 王子与宝物,国王排名 勇气的宝箱,912043309
噗哈哈哈哈,583.233,1,16777215,2023-06-24 19:11:12,1157052422,9,米兰乔与魔神 | 王子与宝物,国王排名 勇气的宝箱,912043309
好可爱捏,178.816,1,16777215,2023-06-24 19:03:48,1157052422,9,米兰乔与魔神 | 王子与宝物,国王排名 勇气的宝箱,912043309
你不会是被南宫问雅摸过头吧,283.114,1,16777215,2023-06-24 15:00:05,1157052422,9,米兰乔与魔神 | 王子与宝物,国王排名 勇气的宝箱,912043309
主角画质,510.528,1,16777215,2023-06-24 08:26:20,1157052422,9,米兰乔与魔神 | 王子与宝物,国王排名 勇气的宝箱,912043309
锁死,1266.775,1,16777215,2023-06-24 07:16:08,1157052422,9,米兰乔与魔神 | 王子与宝物,国王排名 勇气的宝箱,912043309
不用带衣服，我看你两季了都没见你换过衣服,536.486,1,16777215,2023-06-24 02:46:26,1157052422,9,米兰乔与魔神 | 王子与宝物,国王排名 勇气的宝箱,912043309
你怎么又哭了,814.663,1,16777215,2023-06-24 02:13:02,1157052422,9,米兰乔与魔神 | 王子与宝物,国王排名 勇气的宝箱,912043309
这个声音....好爱啊,707.307,1,16777215,2023-06-24 02:12:58,1157052422,9,米兰乔与魔神 | 王子与宝物,国王排名 勇气的宝箱,912043309
少年你坠入爱河啦,482.467,1,16777215,2023-06-24 02:08:56,1157052422,9,米兰乔与魔神 | 王子与宝物,国王排名 勇气的宝箱,912043309
既然要一起送 为什么不在大家送你的时候，把礼物顺手送给他们,1119.846,1,16777215,2023-06-24 01:03:51,1157052422,9,米兰乔与魔神 | 王子与宝物,国王排名 勇气的宝箱,912043309
这集就是送礼物呀,1166.217,1,16777215,2023-06-23 23:58:45,1157052422,9,米兰乔与魔神 | 王子与宝物,国王排名 勇气的宝箱,912043309
背景音乐好听,978.664,1,16777215,2023-06-23 23:55:24,1157052422,9,米兰乔与魔神 | 王子与宝物,国王排名 勇气的宝箱,912043309
用的义肢吧,788.755,1,16777215,2023-06-23 23:51:57,1157052422,9,米兰乔与魔神 | 王子与宝物,国王排名 勇气的宝箱,912043309
勇敢的波吉,1177.272,1,16777215,2023-06-23 23:38:57,1157052422,9,米兰乔与魔神 | 王子与宝物,国王排名 勇气的宝箱,912043309
魔王,178.688,1,16777215,2023-06-23 22:57:40,1157052422,9,米兰乔与魔神 | 王子与宝物,国王排名 勇气的宝箱,912043309
可爱,165.148,1,16777215,2023-06-23 22:57:26,1157052422,9,米兰乔与魔神 | 王子与宝物,国王排名 勇气的宝箱,912043309
金榜题名,123.323,1,15138834,2023-06-23 21:44:05,1157052422,9,米兰乔与魔神 | 王子与宝物,国王排名 勇气的宝箱,912043309
我是少年英雄波吉、（对不起玩尬的了）,1158.819,5,16707842,2023-06-23 21:00:29,1157052422,9,米兰乔与魔神 | 王子与宝物,国王排名 勇气的宝箱,912043309
好、给你一个大拇哥、,1135.779,5,16707842,2023-06-23 20:59:13,1157052422,9,米兰乔与魔神 | 王子与宝物,国王排名 勇气的宝箱,912043309
你小子是油盐不……都进啊、,801.72,5,16707842,2023-06-23 20:52:45,1157052422,9,米兰乔与魔神 | 王子与宝物,国王排名 勇气的宝箱,912043309
这么小的洞、大蛇三个头能挤不、,697.699,1,16707842,2023-06-23 20:48:03,1157052422,9,米兰乔与魔神 | 王子与宝物,国王排名 勇气的宝箱,912043309
那也要敲门啊、这是基本礼貌和尊重、不是听不到就可以不需要好吧、,543.054,1,16707842,2023-06-23 20:44:14,1157052422,9,米兰乔与魔神 | 王子与宝物,国王排名 勇气的宝箱,912043309
魔神大人,179.56,1,16777215,2023-06-23 19:06:45,1157052422,9,米兰乔与魔神 | 王子与宝物,国王排名 勇气的宝箱,912043309
好可爱啊魔神,479.503,1,16777215,2023-06-23 17:27:23,1157052422,9,米兰乔与魔神 | 王子与宝物,国王排名 勇气的宝箱,912043309
这犹豫试探的小步伐真可爱、,400.099,5,16707842,2023-06-23 15:56:44,1157052422,9,米兰乔与魔神 | 王子与宝物,国王排名 勇气的宝箱,912043309
兄弟们、太可爱了、我沦陷了、我要投币、,445.582,5,16707842,2023-06-23 15:55:01,1157052422,9,米兰乔与魔神 | 王子与宝物,国王排名 勇气的宝箱,912043309
这么黑都不怕么、,262.691,5,16707842,2023-06-23 15:49:58,1157052422,9,米兰乔与魔神 | 王子与宝物,国王排名 勇气的宝箱,912043309
南宫问雅：世界上另一个我、,219.832,5,16707842,2023-06-23 15:48:53,1157052422,9,米兰乔与魔神 | 王子与宝物,国王排名 勇气的宝箱,912043309
他还是那么多汁,1114.449,5,41194,2023-06-23 13:32:08,1157052422,9,米兰乔与魔神 | 王子与宝物,国王排名 勇气的宝箱,912043309
可是她把母亲杀了,1064.699,1,16777215,2023-06-23 13:31:00,1157052422,9,米兰乔与魔神 | 王子与宝物,国王排名 勇气的宝箱,912043309
皱眉力,1052.582,1,16777215,2023-06-23 13:30:34,1157052422,9,米兰乔与魔神 | 王子与宝物,国王排名 勇气的宝箱,912043309
有没有这种可能，那个是魔镜的碎片,670.75,1,9487136,2023-06-23 12:27:43,1157052422,9,米兰乔与魔神 | 王子与宝物,国王排名 勇气的宝箱,912043309
看风向那个在找呀哈哈吗,290.363,1,16777215,2023-06-23 11:11:04,1157052422,9,米兰乔与魔神 | 王子与宝物,国王排名 勇气的宝箱,912043309
高斯(doge),223.721,1,16777215,2023-06-23 08:27:51,1157052422,9,米兰乔与魔神 | 王子与宝物,国王排名 勇气的宝箱,912043309
可是一想到波吉给米兰乔送礼物…,1096.915,1,16777215,2023-06-23 01:04:23,1157052422,9,米兰乔与魔神 | 王子与宝物,国王排名 勇气的宝箱,912043309
他真的 哭死,902.898,1,15138834,2023-06-23 00:12:29,1157052422,9,米兰乔与魔神 | 王子与宝物,国王排名 勇气的宝箱,912043309
真的他是天使吧,798.528,1,15138834,2023-06-23 00:10:14,1157052422,9,米兰乔与魔神 | 王子与宝物,国王排名 勇气的宝箱,912043309
我也想要,635.198,1,16777215,2023-06-22 22:42:25,1157052422,9,米兰乔与魔神 | 王子与宝物,国王排名 勇气的宝箱,912043309
好感动,1158.266,1,16777215,2023-06-22 18:26:58,1157052422,9,米兰乔与魔神 | 王子与宝物,国王排名 勇气的宝箱,912043309
多玛斯的手是怎么好的,785.078,1,16777215,2023-06-22 17:24:41,1157052422,9,米兰乔与魔神 | 王子与宝物,国王排名 勇气的宝箱,912043309
帮别人实现愿望就是魔神的愿望,399.939,1,16777215,2023-06-22 13:05:21,1157052422,9,米兰乔与魔神 | 王子与宝物,国王排名 勇气的宝箱,912043309
熟悉的BGM,1150.875,1,16777215,2023-06-22 12:37:41,1157052422,9,米兰乔与魔神 | 王子与宝物,国王排名 勇气的宝箱,912043309
蛇蛇的声音真好听,703.003,1,16777215,2023-06-22 12:25:44,1157052422,9,米兰乔与魔神 | 王子与宝物,国王排名 勇气的宝箱,912043309
因为他善良啊,407.057,1,16777215,2023-06-22 11:35:41,1157052422,9,米兰乔与魔神 | 王子与宝物,国王排名 勇气的宝箱,912043309
其实请问,338.35,1,16777215,2023-06-22 09:09:26,1157052422,9,米兰乔与魔神 | 王子与宝物,国王排名 勇气的宝箱,912043309
hhh,1252.236,1,16777215,2023-06-22 02:51:53,1157052422,9,米兰乔与魔神 | 王子与宝物,国王排名 勇气的宝箱,912043309
前面的是德斯哈哈哈哈哈,1112.439,1,16777215,2023-06-21 22:53:12,1157052422,9,米兰乔与魔神 | 王子与宝物,国王排名 勇气的宝箱,912043309
好喜欢兄弟情，暖暖的,1150.544,5,14811775,2023-06-21 22:49:29,1157052422,9,米兰乔与魔神 | 王子与宝物,国王排名 勇气的宝箱,912043309
非得让我哭是吧T﹏T,1281.145,1,16777215,2023-06-21 21:46:46,1157052422,9,米兰乔与魔神 | 王子与宝物,国王排名 勇气的宝箱,912043309
要哭了T﹏T,908.912,1,16777215,2023-06-21 21:39:59,1157052422,9,米兰乔与魔神 | 王子与宝物,国王排名 勇气的宝箱,912043309
讨厌没有边界感的人类，吃个饭都能被打扰,195.355,5,16765698,2023-06-21 21:30:31,1157052422,9,米兰乔与魔神 | 王子与宝物,国王排名 勇气的宝箱,912043309
啊对对对,1253.698,1,16777215,2023-06-21 20:59:10,1157052422,9,米兰乔与魔神 | 王子与宝物,国王排名 勇气的宝箱,912043309
完结耍花,1201.656,1,16777215,2023-06-21 18:13:34,1157052422,9,米兰乔与魔神 | 王子与宝物,国王排名 勇气的宝箱,912043309
金榜题名,134.065,1,16777215,2023-06-21 18:12:47,1157052422,9,米兰乔与魔神 | 王子与宝物,国王排名 勇气的宝箱,912043309
盾哥一直喜欢王妃吧,904.589,1,16777215,2023-06-21 18:09:52,1157052422,9,米兰乔与魔神 | 王子与宝物,国王排名 勇气的宝箱,912043309
哭死,1148.106,1,6830715,2023-06-21 16:06:36,1157052422,9,米兰乔与魔神 | 王子与宝物,国王排名 勇气的宝箱,912043309
完结撒花,1163.513,1,16777215,2023-06-21 13:35:49,1157052422,9,米兰乔与魔神 | 王子与宝物,国王排名 勇气的宝箱,912043309
麻袋哟~,232.071,5,16777215,2023-06-21 13:30:46,1157052422,9,米兰乔与魔神 | 王子与宝物,国王排名 勇气的宝箱,912043309
托马斯是因为之前执行命令而后悔吗？,765.988,1,16777215,2023-06-21 10:30:04,1157052422,9,米兰乔与魔神 | 王子与宝物,国王排名 勇气的宝箱,912043309
好啦，现在想知道的话有2句了。淦,1118.672,1,16777215,2023-06-21 05:47:22,1157052422,9,米兰乔与魔神 | 王子与宝物,国王排名 勇气的宝箱,912043309
德鲁西原来是最强之盾,1211.044,1,16777215,2023-06-20 21:01:14,1157052422,9,米兰乔与魔神 | 王子与宝物,国王排名 勇气的宝箱,912043309
金榜题名,136.472,1,16777215,2023-06-20 20:55:48,1157052422,9,米兰乔与魔神 | 王子与宝物,国王排名 勇气的宝箱,912043309
没有给国王吗？,1048.128,1,16777215,2023-06-20 20:54:27,1157052422,9,米兰乔与魔神 | 王子与宝物,国王排名 勇气的宝箱,912043309
魔神在这部动画里是一个种族,348.525,1,16777215,2023-06-20 19:48:03,1157052422,9,米兰乔与魔神 | 王子与宝物,国王排名 勇气的宝箱,912043309
他逃她追，他和她都插翅难飞,236.772,1,16777215,2023-06-20 19:42:21,1157052422,9,米兰乔与魔神 | 王子与宝物,国王排名 勇气的宝箱,912043309
熊:可爱,215.459,1,16777215,2023-06-20 19:20:51,1157052422,9,米兰乔与魔神 | 王子与宝物,国王排名 勇气的宝箱,912043309
你完啦，你坠入爱河啦,483.075,1,16777215,2023-06-20 18:25:04,1157052422,9,米兰乔与魔神 | 王子与宝物,国王排名 勇气的宝箱,912043309
阿尼亚：哇酷哇酷,936.353,1,16777215,2023-06-20 16:45:57,1157052422,9,米兰乔与魔神 | 王子与宝物,国王排名 勇气的宝箱,912043309
小熊小熊乖，坏人被赶跑了,231.992,1,16777215,2023-06-20 16:37:42,1157052422,9,米兰乔与魔神 | 王子与宝物,国王排名 勇气的宝箱,912043309
凯库勒式的苯环,1213.168,1,16777215,2023-06-20 13:40:05,1157052422,9,米兰乔与魔神 | 王子与宝物,国王排名 勇气的宝箱,912043309
哈哈哈为什么要给这个,581.392,5,16777215,2023-06-20 11:07:47,1157052422,9,米兰乔与魔神 | 王子与宝物,国王排名 勇气的宝箱,912043309
哈哈哈好可爱,247.233,5,16777215,2023-06-20 11:01:50,1157052422,9,米兰乔与魔神 | 王子与宝物,国王排名 勇气的宝箱,912043309
金榜题名,138.628,1,16777215,2023-06-20 07:26:01,1157052422,9,米兰乔与魔神 | 王子与宝物,国王排名 勇气的宝箱,912043309
种了它！不亏是王,928.163,1,16777215,2023-06-19 23:58:32,1157052422,9,米兰乔与魔神 | 王子与宝物,国王排名 勇气的宝箱,912043309
前面比尔博那个，索博我哭死,911.921,1,16777215,2023-06-19 21:57:43,1157052422,9,米兰乔与魔神 | 王子与宝物,国王排名 勇气的宝箱,912043309
这个绘本画质我喜欢~,310.391,1,16777215,2023-06-19 20:05:23,1157052422,9,米兰乔与魔神 | 王子与宝物,国王排名 勇气的宝箱,912043309
你就不能采两朵吗？,1021.85,1,16777215,2023-06-19 19:02:11,1157052422,9,米兰乔与魔神 | 王子与宝物,国王排名 勇气的宝箱,912043309
红裙子？,336.59,1,16777215,2023-06-19 18:50:10,1157052422,9,米兰乔与魔神 | 王子与宝物,国王排名 勇气的宝箱,912043309
我哭死熟悉的 bgm ,1139.643,1,16777215,2023-06-19 14:12:06,1157052422,9,米兰乔与魔神 | 王子与宝物,国王排名 勇气的宝箱,912043309
橡果兄弟,900.342,1,16777215,2023-06-19 12:44:18,1157052422,9,米兰乔与魔神 | 王子与宝物,国王排名 勇气的宝箱,912043309
好可爱呀,609.403,1,16777215,2023-06-19 12:13:50,1157052422,9,米兰乔与魔神 | 王子与宝物,国王排名 勇气的宝箱,912043309
都是自己的宝物,776.113,1,16777215,2023-06-19 11:26:18,1157052422,9,米兰乔与魔神 | 王子与宝物,国王排名 勇气的宝箱,912043309
意思是没事儿就抓抓 手感好的狠,640.684,1,16777215,2023-06-19 11:24:34,1157052422,9,米兰乔与魔神 | 王子与宝物,国王排名 勇气的宝箱,912043309
不想接近你，非要去追，dog,206.48,1,16777215,2023-06-19 00:03:22,1157052422,9,米兰乔与魔神 | 王子与宝物,国王排名 勇气的宝箱,912043309
蛇蛇好温柔,706.296,1,16777215,2023-06-18 22:49:54,1157052422,9,米兰乔与魔神 | 王子与宝物,国王排名 勇气的宝箱,912043309
这BGM 梦回啊,1143.545,1,16777215,2023-06-18 22:02:44,1157052422,9,米兰乔与魔神 | 王子与宝物,国王排名 勇气的宝箱,912043309
找到库克送iPhone15是吧,944.074,1,16777215,2023-06-18 21:38:26,1157052422,9,米兰乔与魔神 | 王子与宝物,国王排名 勇气的宝箱,912043309
电摇！,583.05,1,16777215,2023-06-18 21:33:17,1157052422,9,米兰乔与魔神 | 王子与宝物,国王排名 勇气的宝箱,912043309
阿达西米兰酒,190.08,1,16777215,2023-06-18 21:27:58,1157052422,9,米兰乔与魔神 | 王子与宝物,国王排名 勇气的宝箱,912043309
你小子是不是浪漫过敏,918.344,1,16777215,2023-06-18 20:56:31,1157052422,9,米兰乔与魔神 | 王子与宝物,国王排名 勇气的宝箱,912043309
蛇蛇,691.856,1,16777215,2023-06-18 20:49:42,1157052422,9,米兰乔与魔神 | 王子与宝物,国王排名 勇气的宝箱,912043309
压力马斯内(补全),1127.353,5,16707842,2023-06-18 20:28:56,1157052422,9,米兰乔与魔神 | 王子与宝物,国王排名 勇气的宝箱,912043309
讨厌他们,389.612,1,16777215,2023-06-18 18:29:23,1157052422,9,米兰乔与魔神 | 王子与宝物,国王排名 勇气的宝箱,912043309
他真的 我哭死,1255.301,1,16777215,2023-06-18 18:10:17,1157052422,9,米兰乔与魔神 | 王子与宝物,国王排名 勇气的宝箱,912043309
冯巩老师,535.739,1,16777215,2023-06-18 17:42:28,1157052422,9,米兰乔与魔神 | 王子与宝物,国王排名 勇气的宝箱,912043309
好可爱,628.283,1,16777215,2023-06-18 17:06:16,1157052422,9,米兰乔与魔神 | 王子与宝物,国王排名 勇气的宝箱,912043309
那为什么魔神还帮别人实现愿望？,397.454,1,16777215,2023-06-18 12:32:11,1157052422,9,米兰乔与魔神 | 王子与宝物,国王排名 勇气的宝箱,912043309
我哭了，我又哭了,1115.034,1,16777215,2023-06-18 12:30:07,1157052422,9,米兰乔与魔神 | 王子与宝物,国王排名 勇气的宝箱,912043309
流汗的位置好细节。,736.591,1,16777215,2023-06-18 12:18:42,1157052422,9,米兰乔与魔神 | 王子与宝物,国王排名 勇气的宝箱,912043309
哈哈哈哈哈你还有这么感性的一面呢,770.527,1,16777215,2023-06-18 12:14:23,1157052422,9,米兰乔与魔神 | 王子与宝物,国王排名 勇气的宝箱,912043309
我去，这个画面和之前的呼应了，他们交换了明暗,322.19,1,16777215,2023-06-18 12:08:09,1157052422,9,米兰乔与魔神 | 王子与宝物,国王排名 勇气的宝箱,912043309
这个时候一次性送好方便,1108.496,1,16777215,2023-06-18 11:45:19,1157052422,9,米兰乔与魔神 | 王子与宝物,国王排名 勇气的宝箱,912043309
如果是妈妈而不是米兰乔该有多好,1209.551,1,16777215,2023-06-18 11:34:28,1157052422,9,米兰乔与魔神 | 王子与宝物,国王排名 勇气的宝箱,912043309
她可是杀母仇人啊，波吉啊,1064.635,1,16777215,2023-06-18 11:27:50,1157052422,9,米兰乔与魔神 | 王子与宝物,国王排名 勇气的宝箱,912043309
妈妈可是炮姐,869.304,1,16777215,2023-06-18 11:24:23,1157052422,9,米兰乔与魔神 | 王子与宝物,国王排名 勇气的宝箱,912043309
在正片没有用出现过片段的都是这个画质吗？？,291.273,1,16777215,2023-06-18 08:35:36,1157052422,9,米兰乔与魔神 | 王子与宝物,国王排名 勇气的宝箱,912043309
这俩人有礼物吗？,604.943,1,16777215,2023-06-18 00:55:42,1157052422,9,米兰乔与魔神 | 王子与宝物,国王排名 勇气的宝箱,912043309
背后咋还长眼睛,241.806,1,16777215,2023-06-18 00:48:54,1157052422,9,米兰乔与魔神 | 王子与宝物,国王排名 勇气的宝箱,912043309
他看到她笑了,845.926,1,16777215,2023-06-17 23:47:51,1157052422,9,米兰乔与魔神 | 王子与宝物,国王排名 勇气的宝箱,912043309
你今天不用出发了，明天再走吧,948.448,1,16646914,2023-06-17 22:10:42,1157052422,9,米兰乔与魔神 | 王子与宝物,国王排名 勇气的宝箱,912043309
蝉蜕！,758.863,1,16777215,2023-06-17 22:07:25,1157052422,9,米兰乔与魔神 | 王子与宝物,国王排名 勇气的宝箱,912043309
金榜题名,132.28,1,16777215,2023-06-17 21:47:32,1157052422,9,米兰乔与魔神 | 王子与宝物,国王排名 勇气的宝箱,912043309
到此一游,1031.843,1,41194,2023-06-17 21:47:25,1157052422,9,米兰乔与魔神 | 王子与宝物,国王排名 勇气的宝箱,912043309
最喜欢这集,863.648,1,41194,2023-06-17 21:44:51,1157052422,9,米兰乔与魔神 | 王子与宝物,国王排名 勇气的宝箱,912043309
泰裤辣,837.901,1,41194,2023-06-17 21:44:26,1157052422,9,米兰乔与魔神 | 王子与宝物,国王排名 勇气的宝箱,912043309
你人也太好了,745.214,1,41194,2023-06-17 21:42:46,1157052422,9,米兰乔与魔神 | 王子与宝物,国王排名 勇气的宝箱,912043309
好可爱,732.565,1,41194,2023-06-17 21:42:10,1157052422,9,米兰乔与魔神 | 王子与宝物,国王排名 勇气的宝箱,912043309
诶 好可爱,682.76,1,41194,2023-06-17 21:41:23,1157052422,9,米兰乔与魔神 | 王子与宝物,国王排名 勇气的宝箱,912043309
每个人都送,702.437,1,41194,2023-06-17 21:39:52,1157052422,9,米兰乔与魔神 | 王子与宝物,国王排名 勇气的宝箱,912043309
好长的棍子,683.886,1,41194,2023-06-17 21:39:32,1157052422,9,米兰乔与魔神 | 王子与宝物,国王排名 勇气的宝箱,912043309
啊！,659.42,1,41194,2023-06-17 21:37:42,1157052422,9,米兰乔与魔神 | 王子与宝物,国王排名 勇气的宝箱,912043309
拜拜,495.156,1,41194,2023-06-17 21:34:55,1157052422,9,米兰乔与魔神 | 王子与宝物,国王排名 勇气的宝箱,912043309
你干嘛了,330.955,1,41194,2023-06-17 21:33:17,1157052422,9,米兰乔与魔神 | 王子与宝物,国王排名 勇气的宝箱,912043309
我已经忘了卡克为什么离开了,1118.452,1,16777215,2023-06-17 20:39:23,1157052422,9,米兰乔与魔神 | 王子与宝物,国王排名 勇气的宝箱,912043309
波吉会唇语,1093.837,1,16777215,2023-06-17 19:35:52,1157052422,9,米兰乔与魔神 | 王子与宝物,国王排名 勇气的宝箱,912043309
金榜题名,135.332,1,16777215,2023-06-17 18:42:52,1157052422,9,米兰乔与魔神 | 王子与宝物,国王排名 勇气的宝箱,912043309
手办,623.739,1,16777215,2023-06-17 18:16:58,1157052422,9,米兰乔与魔神 | 王子与宝物,国王排名 勇气的宝箱,912043309
回忆杀,1142.075,1,16777215,2023-06-17 16:42:19,1157052422,9,米兰乔与魔神 | 王子与宝物,国王排名 勇气的宝箱,912043309
明杀,676.552,1,16777215,2023-06-17 15:43:10,1157052422,9,米兰乔与魔神 | 王子与宝物,国王排名 勇气的宝箱,912043309
啵唧被刺中完结撒花,665.952,1,16777215,2023-06-17 15:42:52,1157052422,9,米兰乔与魔神 | 王子与宝物,国王排名 勇气的宝箱,912043309
人之初，性本兽,481.632,1,16777215,2023-06-17 15:39:01,1157052422,9,米兰乔与魔神 | 王子与宝物,国王排名 勇气的宝箱,912043309
小孩子身体软,166.752,1,16777215,2023-06-17 15:33:35,1157052422,9,米兰乔与魔神 | 王子与宝物,国王排名 勇气的宝箱,912043309
太抽象了吧这也,1212.486,1,16777215,2023-06-17 14:49:54,1157052422,9,米兰乔与魔神 | 王子与宝物,国王排名 勇气的宝箱,912043309
世界名画,1022.253,1,16777215,2023-06-17 14:36:23,1157052422,9,米兰乔与魔神 | 王子与宝物,国王排名 勇气的宝箱,912043309
他说他是岛民,586.614,1,16777215,2023-06-17 14:20:34,1157052422,9,米兰乔与魔神 | 王子与宝物,国王排名 勇气的宝箱,912043309
好喜欢这集啊,1204.645,1,16777215,2023-06-17 13:40:14,1157052422,9,米兰乔与魔神 | 王子与宝物,国王排名 勇气的宝箱,912043309
这是什么，问雅的手，摸一下,227.636,1,16777215,2023-06-17 12:22:47,1157052422,9,米兰乔与魔神 | 王子与宝物,国王排名 勇气的宝箱,912043309
蛇叔呢？,1125.07,1,16777215,2023-06-17 11:54:00,1157052422,9,米兰乔与魔神 | 王子与宝物,国王排名 勇气的宝箱,912043309
在王城乱逛的王子（前国王,992.811,5,16777215,2023-06-17 11:31:51,1157052422,9,米兰乔与魔神 | 王子与宝物,国王排名 勇气的宝箱,912043309
你小子又哭哭啼啼了,769.164,5,16777215,2023-06-17 11:27:15,1157052422,9,米兰乔与魔神 | 王子与宝物,国王排名 勇气的宝箱,912043309
全剧终,481.898,5,16777215,2023-06-17 11:20:22,1157052422,9,米兰乔与魔神 | 王子与宝物,国王排名 勇气的宝箱,912043309
魔法师,161.695,1,16777215,2023-06-17 11:16:07,1157052422,9,米兰乔与魔神 | 王子与宝物,国王排名 勇气的宝箱,912043309
真爱啊,1262.393,1,16777215,2023-06-17 09:26:34,1157052422,9,米兰乔与魔神 | 王子与宝物,国王排名 勇气的宝箱,912043309
真爱啊,1165.696,1,16777215,2023-06-17 09:24:49,1157052422,9,米兰乔与魔神 | 王子与宝物,国王排名 勇气的宝箱,912043309
这个短头发的男孩子（？）好可爱,976.143,5,16777215,2023-06-17 03:00:22,1157052422,9,米兰乔与魔神 | 王子与宝物,国王排名 勇气的宝箱,912043309
好可爱！！！,642.884,5,16777215,2023-06-17 01:53:42,1157052422,9,米兰乔与魔神 | 王子与宝物,国王排名 勇气的宝箱,912043309
小时候多可爱啊,357.384,5,16777215,2023-06-17 01:51:19,1157052422,9,米兰乔与魔神 | 王子与宝物,国王排名 勇气的宝箱,912043309
德斯哈是失忆了  国王排名组织里有个女孩魔神帮他实现愿望让欧肯变回正常人  代价是失去全部记忆,1183.779,1,16777215,2023-06-17 01:29:44,1157052422,9,米兰乔与魔神 | 王子与宝物,国王排名 勇气的宝箱,912043309
小小年纪就出柜……这个CP很好磕,1272.465,5,15138834,2023-06-17 00:40:26,1157052422,9,米兰乔与魔神 | 王子与宝物,国王排名 勇气的宝箱,912043309
小小年纪就要出柜……,1189.265,5,15138834,2023-06-17 00:38:30,1157052422,9,米兰乔与魔神 | 王子与宝物,国王排名 勇气的宝箱,912043309
炭次郎直呼内行,742.387,5,16707842,2023-06-16 23:44:54,1157052422,9,米兰乔与魔神 | 王子与宝物,国王排名 勇气的宝箱,912043309
[前方高能],1135.049,1,16777215,2023-06-16 23:42:05,1157052422,9,米兰乔与魔神 | 王子与宝物,国王排名 勇气的宝箱,912043309
米兰乔不算最老的，顶多二十出头啊毕竟在镜子里面冻龄了（）,1121.897,1,16777215,2023-06-16 22:40:04,1157052422,9,米兰乔与魔神 | 王子与宝物,国王排名 勇气的宝箱,912043309
天哪她现在好温柔,1066.482,1,16777215,2023-06-16 22:34:36,1157052422,9,米兰乔与魔神 | 王子与宝物,国王排名 勇气的宝箱,912043309
来看幼米！！！！,4.367,1,16777215,2023-06-16 22:29:03,1157052422,9,米兰乔与魔神 | 王子与宝物,国王排名 勇气的宝箱,912043309
他，他在电摇,580.354,1,15138834,2023-06-16 22:23:55,1157052422,9,米兰乔与魔神 | 王子与宝物,国王排名 勇气的宝箱,912043309
他还是那么多汁,1115.028,5,16777215,2023-06-16 22:07:07,1157052422,9,米兰乔与魔神 | 王子与宝物,国王排名 勇气的宝箱,912043309
知了猴壳,761.671,1,16777215,2023-06-16 22:06:26,1157052422,9,米兰乔与魔神 | 王子与宝物,国王排名 勇气的宝箱,912043309
这剧情我不理解,1251.786,1,16777215,2023-06-16 21:57:44,1157052422,9,米兰乔与魔神 | 王子与宝物,国王排名 勇气的宝箱,912043309
啊，还有下一季啊,528.907,1,16777215,2023-06-16 21:41:23,1157052422,9,米兰乔与魔神 | 王子与宝物,国王排名 勇气的宝箱,912043309
好家伙，一直以为只有一个魔神,360.664,1,16777215,2023-06-16 21:38:06,1157052422,9,米兰乔与魔神 | 王子与宝物,国王排名 勇气的宝箱,912043309
是你不,91.306,1,16777215,2023-06-16 21:34:51,1157052422,9,米兰乔与魔神 | 王子与宝物,国王排名 勇气的宝箱,912043309
哭了,1167.104,1,16777215,2023-06-16 21:21:50,1157052422,9,米兰乔与魔神 | 王子与宝物,国王排名 勇气的宝箱,912043309
好可爱,444.753,1,16777215,2023-06-16 21:09:38,1157052422,9,米兰乔与魔神 | 王子与宝物,国王排名 勇气的宝箱,912043309
金榜题名,129.014,1,16777215,2023-06-16 20:53:38,1157052422,9,米兰乔与魔神 | 王子与宝物,国王排名 勇气的宝箱,912043309
送了个凯,908.754,1,16777215,2023-06-16 20:48:29,1157052422,9,米兰乔与魔神 | 王子与宝物,国王排名 勇气的宝箱,912043309
下一步请收看波吉卡克环游记,1294.058,1,16777215,2023-06-16 20:17:11,1157052422,9,米兰乔与魔神 | 王子与宝物,国王排名 勇气的宝箱,912043309
太可爱了555,725.616,1,16777215,2023-06-16 20:08:08,1157052422,9,米兰乔与魔神 | 王子与宝物,国王排名 勇气的宝箱,912043309
真以德报怨,955.627,1,16777215,2023-06-16 19:28:46,1157052422,9,米兰乔与魔神 | 王子与宝物,国王排名 勇气的宝箱,912043309
魔王,202.964,1,16777215,2023-06-16 19:05:16,1157052422,9,米兰乔与魔神 | 王子与宝物,国王排名 勇气的宝箱,912043309
太酷啦,659.413,1,16777215,2023-06-16 19:05:08,1157052422,9,米兰乔与魔神 | 王子与宝物,国王排名 勇气的宝箱,912043309
绘本画质吗哈哈哈,297.499,1,16777215,2023-06-16 18:17:23,1157052422,9,米兰乔与魔神 | 王子与宝物,国王排名 勇气的宝箱,912043309
都挤碎了，还这么害羞,1195.107,1,16777215,2023-06-16 17:14:09,1157052422,9,米兰乔与魔神 | 王子与宝物,国王排名 勇气的宝箱,912043309
正片开始,517.742,1,16777215,2023-06-16 17:02:32,1157052422,9,米兰乔与魔神 | 王子与宝物,国王排名 勇气的宝箱,912043309
背景音乐好温馨哦,942.626,5,8700107,2023-06-16 16:09:17,1157052422,9,米兰乔与魔神 | 王子与宝物,国王排名 勇气的宝箱,912043309
波吉耳聋的，听不到敲门声,537.465,5,8700107,2023-06-16 16:03:44,1157052422,9,米兰乔与魔神 | 王子与宝物,国王排名 勇气的宝箱,912043309
啊啊这bgm,1138.854,1,16777215,2023-06-16 16:01:35,1157052422,9,米兰乔与魔神 | 王子与宝物,国王排名 勇气的宝箱,912043309
竟然扔中了,910.429,1,16777215,2023-06-16 15:51:41,1157052422,9,米兰乔与魔神 | 王子与宝物,国王排名 勇气的宝箱,912043309
金榜题名,1296.541,5,16707842,2023-06-16 14:06:03,1157052422,9,米兰乔与魔神 | 王子与宝物,国王排名 勇气的宝箱,912043309
米兰是这里最老的,1118.778,1,16777215,2023-06-16 13:57:11,1157052422,9,米兰乔与魔神 | 王子与宝物,国王排名 勇气的宝箱,912043309
波吉是哥哥,916.027,1,16777215,2023-06-16 13:53:00,1157052422,9,米兰乔与魔神 | 王子与宝物,国王排名 勇气的宝箱,912043309
神族是很肮脏的（注不是说魔神，是搞那个排名的神）,472.376,1,16777215,2023-06-16 13:45:53,1157052422,9,米兰乔与魔神 | 王子与宝物,国王排名 勇气的宝箱,912043309
这是个悲惨的故事,151.738,1,16777215,2023-06-16 13:36:51,1157052422,9,米兰乔与魔神 | 王子与宝物,国王排名 勇气的宝箱,912043309
博思反脸了,5.776,1,16777215,2023-06-16 13:35:31,1157052422,9,米兰乔与魔神 | 王子与宝物,国王排名 勇气的宝箱,912043309
真的落泪了,917.924,1,16777215,2023-06-16 13:32:47,1157052422,9,米兰乔与魔神 | 王子与宝物,国王排名 勇气的宝箱,912043309
回忆杀,794.747,1,16777215,2023-06-16 13:30:39,1157052422,9,米兰乔与魔神 | 王子与宝物,国王排名 勇气的宝箱,912043309
呦西呦西,225.806,1,16777215,2023-06-16 12:55:04,1157052422,9,米兰乔与魔神 | 王子与宝物,国王排名 勇气的宝箱,912043309
C6H6,1209.739,1,16777215,2023-06-16 12:52:03,1157052422,9,米兰乔与魔神 | 王子与宝物,国王排名 勇气的宝箱,912043309
德鲁伊是吧,156.028,1,16777215,2023-06-16 12:42:48,1157052422,9,米兰乔与魔神 | 王子与宝物,国王排名 勇气的宝箱,912043309
我要哭了呜呜呜呜,938.999,1,16777215,2023-06-16 12:35:11,1157052422,9,米兰乔与魔神 | 王子与宝物,国王排名 勇气的宝箱,912043309
跳过了,141.475,1,16777215,2023-06-16 12:34:39,1157052422,9,米兰乔与魔神 | 王子与宝物,国王排名 勇气的宝箱,912043309
是卡克！,1031.689,1,16777215,2023-06-16 12:27:04,1157052422,9,米兰乔与魔神 | 王子与宝物,国王排名 勇气的宝箱,912043309
多马斯可是会以死谢罪的人,791.697,1,16777215,2023-06-16 12:19:12,1157052422,9,米兰乔与魔神 | 王子与宝物,国王排名 勇气的宝箱,912043309
这个女人的声音还蛮好听（,1065.978,1,16777215,2023-06-16 12:10:43,1157052422,9,米兰乔与魔神 | 王子与宝物,国王排名 勇气的宝箱,912043309
找米兰桥ing...,997.134,1,16777215,2023-06-16 11:41:40,1157052422,9,米兰乔与魔神 | 王子与宝物,国王排名 勇气的宝箱,912043309
O△O ,238.62,5,15138834,2023-06-16 11:18:20,1157052422,9,米兰乔与魔神 | 王子与宝物,国王排名 勇气的宝箱,912043309
猎天使魔女好像这个,167.781,1,16777215,2023-06-16 10:37:37,1157052422,9,米兰乔与魔神 | 王子与宝物,国王排名 勇气的宝箱,912043309
谁能打过波吉,1122.274,1,16777215,2023-06-16 10:18:19,1157052422,9,米兰乔与魔神 | 王子与宝物,国王排名 勇气的宝箱,912043309
苯环（）,1211.176,5,16707842,2023-06-16 09:25:56,1157052422,9,米兰乔与魔神 | 王子与宝物,国王排名 勇气的宝箱,912043309
金榜题名！,131.07,1,15138834,2023-06-16 09:00:42,1157052422,9,米兰乔与魔神 | 王子与宝物,国王排名 勇气的宝箱,912043309
完结撒花,1169.203,1,16777215,2023-06-16 08:44:41,1157052422,9,米兰乔与魔神 | 王子与宝物,国王排名 勇气的宝箱,912043309
波吉会唇语的,1094.139,1,16777215,2023-06-16 08:38:24,1157052422,9,米兰乔与魔神 | 王子与宝物,国王排名 勇气的宝箱,912043309
原来主线还没找到卡克吗,527.452,1,16777215,2023-06-16 08:00:32,1157052422,9,米兰乔与魔神 | 王子与宝物,国王排名 勇气的宝箱,912043309
虽然以前好但杀那杀了人,1246.995,1,16777215,2023-06-16 07:42:22,1157052422,9,米兰乔与魔神 | 王子与宝物,国王排名 勇气的宝箱,912043309
这个眼神不太对,845.522,1,16777215,2023-06-16 07:33:09,1157052422,9,米兰乔与魔神 | 王子与宝物,国王排名 勇气的宝箱,912043309
魔镜,1212.205,1,16777215,2023-06-16 07:25:03,1157052422,9,米兰乔与魔神 | 王子与宝物,国王排名 勇气的宝箱,912043309
没有护卫吗,1115.514,1,16777215,2023-06-16 07:23:02,1157052422,9,米兰乔与魔神 | 王子与宝物,国王排名 勇气的宝箱,912043309
新兵训练营,737.162,1,16777215,2023-06-16 07:16:13,1157052422,9,米兰乔与魔神 | 王子与宝物,国王排名 勇气的宝箱,912043309
丈八蛇矛,682.746,1,16777215,2023-06-16 07:15:06,1157052422,9,米兰乔与魔神 | 王子与宝物,国王排名 勇气的宝箱,912043309
看样子是到主线，下一季应该是讲主线了,520.635,1,16777215,2023-06-16 07:09:46,1157052422,9,米兰乔与魔神 | 王子与宝物,国王排名 勇气的宝箱,912043309
芝士獐子！,145.085,1,16777215,2023-06-16 07:02:29,1157052422,9,米兰乔与魔神 | 王子与宝物,国王排名 勇气的宝箱,912043309
王国的小曲,118.726,1,16777215,2023-06-16 07:01:55,1157052422,9,米兰乔与魔神 | 王子与宝物,国王排名 勇气的宝箱,912043309
兄弟情深,939.221,1,16777215,2023-06-16 06:24:12,1157052422,9,米兰乔与魔神 | 王子与宝物,国王排名 勇气的宝箱,912043309
衔接上文，小故事结束了,1185.364,5,16777215,2023-06-16 05:40:30,1157052422,9,米兰乔与魔神 | 王子与宝物,国王排名 勇气的宝箱,912043309
如果波吉成了神之一族，这些东西会不会真有神力,918.684,5,16777215,2023-06-16 05:35:43,1157052422,9,米兰乔与魔神 | 王子与宝物,国王排名 勇气的宝箱,912043309
啊咧咧？,272.111,1,16777215,2023-06-16 05:34:49,1157052422,9,米兰乔与魔神 | 王子与宝物,国王排名 勇气的宝箱,912043309
整个王国都是魔神,428.284,5,16777215,2023-06-16 05:26:58,1157052422,9,米兰乔与魔神 | 王子与宝物,国王排名 勇气的宝箱,912043309
就是蛇蛇用这个镜子教他学唇语的？,723.508,1,16777215,2023-06-16 03:18:16,1157052422,9,米兰乔与魔神 | 王子与宝物,国王排名 勇气的宝箱,912043309
另一句是啥啊,1118.295,1,16777215,2023-06-16 02:05:48,1157052422,9,米兰乔与魔神 | 王子与宝物,国王排名 勇气的宝箱,912043309
一看这恐怕好像是市级,512.095,1,16707842,2023-06-16 01:49:58,1157052422,9,米兰乔与魔神 | 王子与宝物,国王排名 勇气的宝箱,912043309
蛇蛇！,581.056,1,16777215,2023-06-16 01:30:41,1157052422,9,米兰乔与魔神 | 王子与宝物,国王排名 勇气的宝箱,912043309
還有最終回 講歐肯的,1295.262,1,16777215,2023-06-15 23:57:27,1157052422,9,米兰乔与魔神 | 王子与宝物,国王排名 勇气的宝箱,912043309
是的,387.963,1,16777215,2023-06-15 20:22:09,1157052422,9,米兰乔与魔神 | 王子与宝物,国王排名 勇气的宝箱,912043309
魔神满足他人愿望就会让自己趋向怪物,362.022,1,16777215,2023-06-15 20:21:34,1157052422,9,米兰乔与魔神 | 王子与宝物,国王排名 勇气的宝箱,912043309
可可爱爱米兰乔,170.406,1,16777215,2023-06-15 20:16:32,1157052422,9,米兰乔与魔神 | 王子与宝物,国王排名 勇气的宝箱,912043309
蛋白质，满满的都是蛋白质,775.056,1,16777215,2023-06-15 19:55:10,1157052422,9,米兰乔与魔神 | 王子与宝物,国王排名 勇气的宝箱,912043309
好耶,812.314,1,16777215,2023-06-15 16:52:55,1157052422,9,米兰乔与魔神 | 王子与宝物,国王排名 勇气的宝箱,912043309
前面的别乱磕啊喂,858.867,1,14811775,2023-06-15 15:22:11,1157052422,9,米兰乔与魔神 | 王子与宝物,国王排名 勇气的宝箱,912043309
会不会正好碰见米兰乔,1029.836,1,16777215,2023-06-15 12:54:50,1157052422,9,米兰乔与魔神 | 王子与宝物,国王排名 勇气的宝箱,912043309
aimer唱的,1330.075,1,16777215,2023-06-15 12:14:56,1157052422,9,米兰乔与魔神 | 王子与宝物,国王排名 勇气的宝箱,912043309
哟哟哟哟哟～,877.821,1,16777215,2023-06-15 05:49:19,1157052422,9,米兰乔与魔神 | 王子与宝物,国王排名 勇气的宝箱,912043309
为什么魔神长残了,211.288,1,16777215,2023-06-15 05:37:05,1157052422,9,米兰乔与魔神 | 王子与宝物,国王排名 勇气的宝箱,912043309
突然主线了？！！！,518.956,1,16777215,2023-06-14 21:01:18,1157052422,9,米兰乔与魔神 | 王子与宝物,国王排名 勇气的宝箱,912043309
完结！撒花！,1172.386,1,16777215,2023-06-14 20:52:41,1157052422,9,米兰乔与魔神 | 王子与宝物,国王排名 勇气的宝箱,912043309
我要哭死了，他真的,909.548,1,16777215,2023-06-14 19:54:51,1157052422,9,米兰乔与魔神 | 王子与宝物,国王排名 勇气的宝箱,912043309
抛开事实不谈,1249.595,1,16777215,2023-06-14 19:50:49,1157052422,9,米兰乔与魔神 | 王子与宝物,国王排名 勇气的宝箱,912043309
头铁,743.004,1,41194,2023-06-14 18:30:21,1157052422,9,米兰乔与魔神 | 王子与宝物,国王排名 勇气的宝箱,912043309
开始黑化,268.489,1,16777215,2023-06-14 12:07:18,1157052422,9,米兰乔与魔神 | 王子与宝物,国王排名 勇气的宝箱,912043309
比尔博·巴金斯,902.424,1,16777215,2023-06-14 11:39:37,1157052422,9,米兰乔与魔神 | 王子与宝物,国王排名 勇气的宝箱,912043309
普通的宝箱（doge）,540.923,5,16740868,2023-06-14 11:38:00,1157052422,9,米兰乔与魔神 | 王子与宝物,国王排名 勇气的宝箱,912043309
兄友弟恭,1144.096,1,16777215,2023-06-14 07:52:10,1157052422,9,米兰乔与魔神 | 王子与宝物,国王排名 勇气的宝箱,912043309
穿山甲到底说了什么,961.22,1,16777215,2023-06-13 22:52:42,1157052422,9,米兰乔与魔神 | 王子与宝物,国王排名 勇气的宝箱,912043309
靠谱的王第,1137.588,1,16777215,2023-06-13 21:56:29,1157052422,9,米兰乔与魔神 | 王子与宝物,国王排名 勇气的宝箱,912043309
王命不可违。,824.503,1,16777215,2023-06-13 21:51:01,1157052422,9,米兰乔与魔神 | 王子与宝物,国王排名 勇气的宝箱,912043309
好头,741.571,1,16777215,2023-06-13 21:49:27,1157052422,9,米兰乔与魔神 | 王子与宝物,国王排名 勇气的宝箱,912043309
还有一集，全10话,1173.62,1,16777215,2023-06-13 21:03:46,1157052422,9,米兰乔与魔神 | 王子与宝物,国王排名 勇气的宝箱,912043309
哟，爱博,505.212,1,16777215,2023-06-13 20:32:13,1157052422,9,米兰乔与魔神 | 王子与宝物,国王排名 勇气的宝箱,912043309
戴达好像长高了,1120.814,1,16777215,2023-06-13 19:52:38,1157052422,9,米兰乔与魔神 | 王子与宝物,国王排名 勇气的宝箱,912043309
哇酷哇酷,924.546,1,16777215,2023-06-13 19:48:44,1157052422,9,米兰乔与魔神 | 王子与宝物,国王排名 勇气的宝箱,912043309
多马汁,1129.155,1,16777215,2023-06-13 19:24:04,1157052422,9,米兰乔与魔神 | 王子与宝物,国王排名 勇气的宝箱,912043309
完结散花,1167.808,5,16777215,2023-06-13 16:26:19,1157052422,9,米兰乔与魔神 | 王子与宝物,国王排名 勇气的宝箱,912043309
呦!我是DJ喜羊羊,1051.592,5,9487136,2023-06-13 15:51:19,1157052422,9,米兰乔与魔神 | 王子与宝物,国王排名 勇气的宝箱,912043309
大魔神是没有尾巴的吧，,310.432,5,16777215,2023-06-13 15:30:31,1157052422,9,米兰乔与魔神 | 王子与宝物,国王排名 勇气的宝箱,912043309
出不去应该和魔神有关,277.553,5,16777215,2023-06-13 15:29:36,1157052422,9,米兰乔与魔神 | 王子与宝物,国王排名 勇气的宝箱,912043309
刚开始互换了,330.896,1,16777215,2023-06-13 13:30:27,1157052422,9,米兰乔与魔神 | 王子与宝物,国王排名 勇气的宝箱,912043309
我听懂了！,881.318,1,16777215,2023-06-13 07:53:35,1157052422,9,米兰乔与魔神 | 王子与宝物,国王排名 勇气的宝箱,912043309
宇多田光唱的？,1328.27,1,16777215,2023-06-13 02:17:00,1157052422,9,米兰乔与魔神 | 王子与宝物,国王排名 勇气的宝箱,912043309
母仇哪有妹子重要,1221.862,1,16777215,2023-06-13 02:03:09,1157052422,9,米兰乔与魔神 | 王子与宝物,国王排名 勇气的宝箱,912043309
波吉失去的只是母亲，米兰乔失去的是善良啊,1094.973,1,16777215,2023-06-13 02:00:40,1157052422,9,米兰乔与魔神 | 王子与宝物,国王排名 勇气的宝箱,912043309
他真的我哭死,1140.986,1,16777215,2023-06-13 01:02:41,1157052422,9,米兰乔与魔神 | 王子与宝物,国王排名 勇气的宝箱,912043309
还有1集,1293.156,1,16777215,2023-06-12 23:49:21,1157052422,9,米兰乔与魔神 | 王子与宝物,国王排名 勇气的宝箱,912043309
西卡西，那有oo,1259.912,5,16707842,2023-06-12 20:42:18,1157052422,9,米兰乔与魔神 | 王子与宝物,国王排名 勇气的宝箱,912043309
这…雕得都不想啊！,1031.211,5,16707842,2023-06-12 20:34:53,1157052422,9,米兰乔与魔神 | 王子与宝物,国王排名 勇气的宝箱,912043309
楼上太性感了什么鬼啊！！,1122.77,5,16776960,2023-06-12 18:06:05,1157052422,9,米兰乔与魔神 | 王子与宝物,国王排名 勇气的宝箱,912043309
支线跑遍全图,991.822,5,16776960,2023-06-12 18:02:36,1157052422,9,米兰乔与魔神 | 王子与宝物,国王排名 勇气的宝箱,912043309
这个我记得！,900.715,5,16776960,2023-06-12 18:00:41,1157052422,9,米兰乔与魔神 | 王子与宝物,国王排名 勇气的宝箱,912043309
霍库洛：？,743.221,5,16776960,2023-06-12 17:56:09,1157052422,9,米兰乔与魔神 | 王子与宝物,国王排名 勇气的宝箱,912043309
优雅，太优雅了,1161.312,1,16777215,2023-06-12 17:05:11,1157052422,9,米兰乔与魔神 | 王子与宝物,国王排名 勇气的宝箱,912043309
完结了？,1188.595,1,16777215,2023-06-12 16:54:24,1157052422,9,米兰乔与魔神 | 王子与宝物,国王排名 勇气的宝箱,912043309
对的,391.653,1,16777215,2023-06-12 16:37:47,1157052422,9,米兰乔与魔神 | 王子与宝物,国王排名 勇气的宝箱,912043309
长枪一在,686.96,1,15138834,2023-06-12 16:05:13,1157052422,9,米兰乔与魔神 | 王子与宝物,国王排名 勇气的宝箱,912043309
国王的宝箱,592.081,1,15138834,2023-06-12 16:03:22,1157052422,9,米兰乔与魔神 | 王子与宝物,国王排名 勇气的宝箱,912043309
啊咧咧,272.51,1,16777215,2023-06-12 15:50:11,1157052422,9,米兰乔与魔神 | 王子与宝物,国王排名 勇气的宝箱,912043309
正片开始,496.294,1,16777215,2023-06-12 14:44:54,1157052422,9,米兰乔与魔神 | 王子与宝物,国王排名 勇气的宝箱,912043309
“成长的代价”,362.709,1,16777215,2023-06-12 13:24:21,1157052422,9,米兰乔与魔神 | 王子与宝物,国王排名 勇气的宝箱,912043309
魔神:救命，我怕被驯化,230.837,1,16777215,2023-06-12 13:20:48,1157052422,9,米兰乔与魔神 | 王子与宝物,国王排名 勇气的宝箱,912043309
好家伙，原来魔神有一堆,352.017,1,16777215,2023-06-12 12:23:29,1157052422,9,米兰乔与魔神 | 王子与宝物,国王排名 勇气的宝箱,912043309
这邪神长大了为啥是那副鬼样子,304.913,1,16777215,2023-06-12 12:22:29,1157052422,9,米兰乔与魔神 | 王子与宝物,国王排名 勇气的宝箱,912043309
眼睛尿尿了,1282.178,1,16777215,2023-06-12 10:19:49,1157052422,9,米兰乔与魔神 | 王子与宝物,国王排名 勇气的宝箱,912043309
有意刺王杀驾，斩立决,654.289,1,16777215,2023-06-12 06:56:50,1157052422,9,米兰乔与魔神 | 王子与宝物,国王排名 勇气的宝箱,912043309
前面那女魔神实现了一个就变了,429.626,1,16777215,2023-06-12 01:50:50,1157052422,9,米兰乔与魔神 | 王子与宝物,国王排名 勇气的宝箱,912043309
完美对接,1152.866,1,16777215,2023-06-12 00:19:38,1157052422,9,米兰乔与魔神 | 王子与宝物,国王排名 勇气的宝箱,912043309
经典回显,1132.471,1,16777215,2023-06-12 00:18:48,1157052422,9,米兰乔与魔神 | 王子与宝物,国王排名 勇气的宝箱,912043309
他跑，她追，他插翅难飞,196.085,5,16777215,2023-06-11 17:45:10,1157052422,9,米兰乔与魔神 | 王子与宝物,国王排名 勇气的宝箱,912043309
蛇蛇凑不出两只眼睛,704.499,1,16777215,2023-06-11 17:42:57,1157052422,9,米兰乔与魔神 | 王子与宝物,国王排名 勇气的宝箱,912043309
哈哈哈哈哈哭包天王,1113.833,1,16777215,2023-06-11 17:24:51,1157052422,9,米兰乔与魔神 | 王子与宝物,国王排名 勇气的宝箱,912043309
石头脑,744.162,1,16777215,2023-06-11 15:12:07,1157052422,9,米兰乔与魔神 | 王子与宝物,国王排名 勇气的宝箱,912043309
あいうえお,713.351,1,16777215,2023-06-11 15:11:23,1157052422,9,米兰乔与魔神 | 王子与宝物,国王排名 勇气的宝箱,912043309
好好嗑,851.071,1,16777215,2023-06-11 13:22:08,1157052422,9,米兰乔与魔神 | 王子与宝物,国王排名 勇气的宝箱,912043309
哟西,228.722,1,16777215,2023-06-11 13:04:54,1157052422,9,米兰乔与魔神 | 王子与宝物,国王排名 勇气的宝箱,912043309
bgm一出来呜呜呜,1157.307,1,16777215,2023-06-11 12:49:03,1157052422,9,米兰乔与魔神 | 王子与宝物,国王排名 勇气的宝箱,912043309
没有完结吧,1303.879,1,16777215,2023-06-11 12:06:58,1157052422,9,米兰乔与魔神 | 王子与宝物,国王排名 勇气的宝箱,912043309
这么摔一下不得骨折？,161.504,1,16777215,2023-06-11 11:49:56,1157052422,9,米兰乔与魔神 | 王子与宝物,国王排名 勇气的宝箱,912043309
都快忘记哪里才是主线？！,585.475,1,16777215,2023-06-11 09:58:12,1157052422,9,米兰乔与魔神 | 王子与宝物,国王排名 勇气的宝箱,912043309
全员好人,1254.48,1,16777215,2023-06-11 07:04:25,1157052422,9,米兰乔与魔神 | 王子与宝物,国王排名 勇气的宝箱,912043309
迷雾森林又是什么,276.763,1,16777215,2023-06-10 22:58:08,1157052422,9,米兰乔与魔神 | 王子与宝物,国王排名 勇气的宝箱,912043309
南宫问雅是什么,245.913,1,16777215,2023-06-10 22:57:37,1157052422,9,米兰乔与魔神 | 王子与宝物,国王排名 勇气的宝箱,912043309
完结了吗,1288.431,1,16777215,2023-06-10 22:53:56,1157052422,9,米兰乔与魔神 | 王子与宝物,国王排名 勇气的宝箱,912043309
好啦，知道一句啦。还有1句,1144.909,1,16777215,2023-06-10 21:45:58,1157052422,9,米兰乔与魔神 | 王子与宝物,国王排名 勇气的宝箱,912043309
好啦，现在想知道的话有2句了。淦,1106.164,1,16777215,2023-06-10 21:44:32,1157052422,9,米兰乔与魔神 | 王子与宝物,国王排名 勇气的宝箱,912043309
完结撒花,1192.094,1,16777215,2023-06-10 21:34:33,1157052422,9,米兰乔与魔神 | 王子与宝物,国王排名 勇气的宝箱,912043309
妈妈声音好好听,855.51,1,15138834,2023-06-10 21:12:10,1157052422,9,米兰乔与魔神 | 王子与宝物,国王排名 勇气的宝箱,912043309
和谁生的小蛇呢,704.492,1,16777215,2023-06-10 20:57:07,1157052422,9,米兰乔与魔神 | 王子与宝物,国王排名 勇气的宝箱,912043309
哼~,248.433,1,16777215,2023-06-10 20:49:19,1157052422,9,米兰乔与魔神 | 王子与宝物,国王排名 勇气的宝箱,912043309
进行一个过的跳,125.031,1,16777215,2023-06-10 19:56:56,1157052422,9,米兰乔与魔神 | 王子与宝物,国王排名 勇气的宝箱,912043309
庄库,765.966,1,16777215,2023-06-10 19:50:46,1157052422,9,米兰乔与魔神 | 王子与宝物,国王排名 勇气的宝箱,912043309
这棒读，，为什么要素人配，坂本真绫明明可以配小女孩,196.381,1,16777215,2023-06-10 19:40:58,1157052422,9,米兰乔与魔神 | 王子与宝物,国王排名 勇气的宝箱,912043309
好可爱,488.692,1,16777215,2023-06-10 19:01:07,1157052422,9,米兰乔与魔神 | 王子与宝物,国王排名 勇气的宝箱,912043309
一股完结的氛围,1158.446,1,16777215,2023-06-10 19:01:00,1157052422,9,米兰乔与魔神 | 王子与宝物,国王排名 勇气的宝箱,912043309
魔神老挝,378.334,1,16777215,2023-06-10 18:48:00,1157052422,9,米兰乔与魔神 | 王子与宝物,国王排名 勇气的宝箱,912043309
这是回归主线了吗,524.147,1,16777215,2023-06-10 18:46:54,1157052422,9,米兰乔与魔神 | 王子与宝物,国王排名 勇气的宝箱,912043309
成了死忠了呢,815.123,1,15138834,2023-06-10 18:38:19,1157052422,9,米兰乔与魔神 | 王子与宝物,国王排名 勇气的宝箱,912043309
可爱,835.56,1,16777215,2023-06-10 18:14:09,1157052422,9,米兰乔与魔神 | 王子与宝物,国王排名 勇气的宝箱,912043309
可爱的两小只,175.16,1,16777215,2023-06-10 17:59:39,1157052422,9,米兰乔与魔神 | 王子与宝物,国王排名 勇气的宝箱,912043309
这个包真能装呀,635.342,1,16777215,2023-06-10 17:49:11,1157052422,9,米兰乔与魔神 | 王子与宝物,国王排名 勇气的宝箱,912043309
呜呜呜，只有9集啊,1193.47,1,16777215,2023-06-10 16:52:22,1157052422,9,米兰乔与魔神 | 王子与宝物,国王排名 勇气的宝箱,912043309
代达身体里的是他爹好吧，不是恶魔,540.09,1,16777215,2023-06-10 16:42:33,1157052422,9,米兰乔与魔神 | 王子与宝物,国王排名 勇气的宝箱,912043309
蛇语佬，波奇,728.838,1,16777215,2023-06-10 16:26:37,1157052422,9,米兰乔与魔神 | 王子与宝物,国王排名 勇气的宝箱,912043309
魔鬼教练,862.448,1,16777215,2023-06-10 15:46:06,1157052422,9,米兰乔与魔神 | 王子与宝物,国王排名 勇气的宝箱,912043309
有没有一种可能 魔神可能像伯斯占了戴达身体那样的生物,544.239,1,16777215,2023-06-10 15:40:48,1157052422,9,米兰乔与魔神 | 王子与宝物,国王排名 勇气的宝箱,912043309
波吉宝贝真的太暖心了吧,932.304,1,16777215,2023-06-10 14:41:50,1157052422,9,米兰乔与魔神 | 王子与宝物,国王排名 勇气的宝箱,912043309
这里是正番了嘛？去找夸克了！,1018.44,1,15138834,2023-06-10 14:21:55,1157052422,9,米兰乔与魔神 | 王子与宝物,国王排名 勇气的宝箱,912043309
善良勇敢正直,1371.979,1,16777215,2023-06-10 14:04:27,1157052422,9,米兰乔与魔神 | 王子与宝物,国王排名 勇气的宝箱,912043309
啊。。我又要ks了,1244.498,1,16777215,2023-06-10 14:01:56,1157052422,9,米兰乔与魔神 | 王子与宝物,国王排名 勇气的宝箱,912043309
好家伙，现在才记起来啊,1219.743,1,16777215,2023-06-10 14:01:22,1157052422,9,米兰乔与魔神 | 王子与宝物,国王排名 勇气的宝箱,912043309
他又哭了,1105.673,1,16777215,2023-06-10 13:59:11,1157052422,9,米兰乔与魔神 | 王子与宝物,国王排名 勇气的宝箱,912043309
啊，波吉是圣人啊,945.64,1,16777215,2023-06-10 13:56:06,1157052422,9,米兰乔与魔神 | 王子与宝物,国王排名 勇气的宝箱,912043309
啊，kswl,906.453,1,16777215,2023-06-10 13:55:10,1157052422,9,米兰乔与魔神 | 王子与宝物,国王排名 勇气的宝箱,912043309
感动的泪水꒦ິ^꒦ິ哭死,905.843,1,16777215,2023-06-10 13:53:56,1157052422,9,米兰乔与魔神 | 王子与宝物,国王排名 勇气的宝箱,912043309
瓦雷利亚钢,660.941,1,16777215,2023-06-10 13:49:54,1157052422,9,米兰乔与魔神 | 王子与宝物,国王排名 勇气的宝箱,912043309
实现愿望会变丑？,368.781,5,16777215,2023-06-10 13:49:21,1157052422,9,米兰乔与魔神 | 王子与宝物,国王排名 勇气的宝箱,912043309
魔神国？,351.632,5,16777215,2023-06-10 13:48:51,1157052422,9,米兰乔与魔神 | 王子与宝物,国王排名 勇气的宝箱,912043309
机器猫同款百宝箱,608.736,1,16777215,2023-06-10 13:47:55,1157052422,9,米兰乔与魔神 | 王子与宝物,国王排名 勇气的宝箱,912043309
好可爱好可爱，woli波吉,567.348,1,16777215,2023-06-10 13:46:50,1157052422,9,米兰乔与魔神 | 王子与宝物,国王排名 勇气的宝箱,912043309
国王的房间好小啊,531.961,1,16777215,2023-06-10 13:45:57,1157052422,9,米兰乔与魔神 | 王子与宝物,国王排名 勇气的宝箱,912043309
那个世界有魔法，就算有魔法口袋也不奇怪,729.41,1,16777215,2023-06-10 13:24:41,1157052422,9,米兰乔与魔神 | 王子与宝物,国王排名 勇气的宝箱,912043309
出现了！勇气宝箱！,595.685,1,15138834,2023-06-10 13:19:06,1157052422,9,米兰乔与魔神 | 王子与宝物,国王排名 勇气的宝箱,912043309
结婚吧！,1261.989,1,16777215,2023-06-10 13:17:38,1157052422,9,米兰乔与魔神 | 王子与宝物,国王排名 勇气的宝箱,912043309
QQ,1152.293,1,16777215,2023-06-10 13:15:25,1157052422,9,米兰乔与魔神 | 王子与宝物,国王排名 勇气的宝箱,912043309
完结撒花,1293.601,1,16777215,2023-06-10 12:53:57,1157052422,9,米兰乔与魔神 | 王子与宝物,国王排名 勇气的宝箱,912043309
あいうえお　あいうえお,715.491,1,16777215,2023-06-10 12:48:26,1157052422,9,米兰乔与魔神 | 王子与宝物,国王排名 勇气的宝箱,912043309
少年冯巩踏上旅程,1128.661,1,16777215,2023-06-10 12:38:21,1157052422,9,米兰乔与魔神 | 王子与宝物,国王排名 勇气的宝箱,912043309
他真的 我哭死,566.776,5,16777215,2023-06-10 12:35:32,1157052422,9,米兰乔与魔神 | 王子与宝物,国王排名 勇气的宝箱,912043309
完结散花,1146.266,1,16777215,2023-06-10 12:32:37,1157052422,9,米兰乔与魔神 | 王子与宝物,国王排名 勇气的宝箱,912043309
无他 唯自动挡尔,116.596,5,16777215,2023-06-10 12:28:29,1157052422,9,米兰乔与魔神 | 王子与宝物,国王排名 勇气的宝箱,912043309
这是蝴蝶忍的声音吗,169.454,1,16777215,2023-06-10 12:19:01,1157052422,9,米兰乔与魔神 | 王子与宝物,国王排名 勇气的宝箱,912043309
声音太好听了,138.894,1,16777215,2023-06-10 11:39:00,1157052422,9,米兰乔与魔神 | 王子与宝物,国王排名 勇气的宝箱,912043309
你不说这句话这集就很完美了,1080.162,1,16777215,2023-06-10 11:15:16,1157052422,9,米兰乔与魔神 | 王子与宝物,国王排名 勇气的宝箱,912043309
完结撒花,1171.468,1,16777215,2023-06-10 10:57:01,1157052422,9,米兰乔与魔神 | 王子与宝物,国王排名 勇气的宝箱,912043309
蛇叔笑了,593.254,1,16777215,2023-06-10 10:48:36,1157052422,9,米兰乔与魔神 | 王子与宝物,国王排名 勇气的宝箱,912043309
萤火之森,446.353,1,16777215,2023-06-10 10:45:51,1157052422,9,米兰乔与魔神 | 王子与宝物,国王排名 勇气的宝箱,912043309
大家都能读懂波吉的手语，泪目,631.282,1,16777215,2023-06-10 10:18:14,1157052422,9,米兰乔与魔神 | 王子与宝物,国王排名 勇气的宝箱,912043309
都忘记主线是啥了,541.069,1,16777215,2023-06-10 09:52:08,1157052422,9,米兰乔与魔神 | 王子与宝物,国王排名 勇气的宝箱,912043309
这是小魔神,186.335,1,16777215,2023-06-10 09:12:22,1157052422,9,米兰乔与魔神 | 王子与宝物,国王排名 勇气的宝箱,912043309
社恐的你,270.414,1,16777215,2023-06-10 08:42:22,1157052422,9,米兰乔与魔神 | 王子与宝物,国王排名 勇气的宝箱,912043309
魔神族,349.686,1,16777215,2023-06-10 05:58:20,1157052422,9,米兰乔与魔神 | 王子与宝物,国王排名 勇气的宝箱,912043309
太棒啦,1166.86,1,16777215,2023-06-10 02:11:53,1157052422,9,米兰乔与魔神 | 王子与宝物,国王排名 勇气的宝箱,912043309
艾一,1147.281,1,16777215,2023-06-10 02:11:33,1157052422,9,米兰乔与魔神 | 王子与宝物,国王排名 勇气的宝箱,912043309
其实我已经忘记之前发生了啥子,1112.231,1,16777215,2023-06-10 02:10:58,1157052422,9,米兰乔与魔神 | 王子与宝物,国王排名 勇气的宝箱,912043309
太暖心了,1081.316,1,16777215,2023-06-10 02:10:27,1157052422,9,米兰乔与魔神 | 王子与宝物,国王排名 勇气的宝箱,912043309
波吉真的是太懂事了,1057.505,1,16777215,2023-06-10 02:10:03,1157052422,9,米兰乔与魔神 | 王子与宝物,国王排名 勇气的宝箱,912043309
我不理解,1093.492,5,16646914,2023-06-10 01:55:47,1157052422,9,米兰乔与魔神 | 王子与宝物,国王排名 勇气的宝箱,912043309
完结撒花,1162.07,1,16777215,2023-06-10 01:37:16,1157052422,9,米兰乔与魔神 | 王子与宝物,国王排名 勇气的宝箱,912043309
完结撒花！,1160.259,1,16777215,2023-06-10 01:31:24,1157052422,9,米兰乔与魔神 | 王子与宝物,国王排名 勇气的宝箱,912043309
波吉波吉GOGOGO,1178.729,1,16777215,2023-06-10 01:16:50,1157052422,9,米兰乔与魔神 | 王子与宝物,国王排名 勇气的宝箱,912043309
真正完结了,1374.575,1,16777215,2023-06-10 00:48:27,1157052422,9,米兰乔与魔神 | 王子与宝物,国王排名 勇气的宝箱,912043309
南宫问雅8,218.513,1,16777215,2023-06-10 00:36:10,1157052422,9,米兰乔与魔神 | 王子与宝物,国王排名 勇气的宝箱,912043309
去找米兰乔了吗？,966.288,5,15138834,2023-06-10 00:32:46,1157052422,9,米兰乔与魔神 | 王子与宝物,国王排名 勇气的宝箱,912043309
完结撒花！,1158.397,5,16777215,2023-06-10 00:30:17,1157052422,9,米兰乔与魔神 | 王子与宝物,国王排名 勇气的宝箱,912043309
你都要结婚了,917.529,1,15138834,2023-06-10 00:14:09,1157052422,9,米兰乔与魔神 | 王子与宝物,国王排名 勇气的宝箱,912043309
魔神看到了自己的未来,460.923,1,16777215,2023-06-10 00:09:58,1157052422,9,米兰乔与魔神 | 王子与宝物,国王排名 勇气的宝箱,912043309
吉吉国王,1285.044,1,16777215,2023-06-09 23:45:22,1157052422,9,米兰乔与魔神 | 王子与宝物,国王排名 勇气的宝箱,912043309
完结撒花,1152.265,1,16777215,2023-06-09 23:43:10,1157052422,9,米兰乔与魔神 | 王子与宝物,国王排名 勇气的宝箱,912043309
阿萨息,143.435,1,16777215,2023-06-09 23:30:27,1157052422,9,米兰乔与魔神 | 王子与宝物,国王排名 勇气的宝箱,912043309
邪神怎么长歪的,280.485,1,16777215,2023-06-09 23:28:26,1157052422,9,米兰乔与魔神 | 王子与宝物,国王排名 勇气的宝箱,912043309
你完蛋了，你恋爱啦,476.811,1,16777215,2023-06-09 23:21:37,1157052422,9,米兰乔与魔神 | 王子与宝物,国王排名 勇气的宝箱,912043309
为他人满足私愿，自己就会变得凶神恶煞之类的,314.662,1,16777215,2023-06-09 22:55:05,1157052422,9,米兰乔与魔神 | 王子与宝物,国王排名 勇气的宝箱,912043309
哈哈哈，南宫问雅真是笑死我啦,229.779,1,16777215,2023-06-09 22:24:38,1157052422,9,米兰乔与魔神 | 王子与宝物,国王排名 勇气的宝箱,912043309
金榜题名！,129.179,1,15138834,2023-06-09 22:06:08,1157052422,9,米兰乔与魔神 | 王子与宝物,国王排名 勇气的宝箱,912043309
好可爱哦！,250.083,1,16777215,2023-06-09 21:30:42,1157052422,9,米兰乔与魔神 | 王子与宝物,国王排名 勇气的宝箱,912043309
所以戴达身体里的恶魔去哪里了？,528.713,1,16777215,2023-06-09 21:15:23,1157052422,9,米兰乔与魔神 | 王子与宝物,国王排名 勇气的宝箱,912043309
小手一滑，op没有,1163.0,5,16777215,2023-06-09 21:12:56,1157052422,9,米兰乔与魔神 | 王子与宝物,国王排名 勇气的宝箱,912043309
对弟媳妇还是好啊,1085.191,1,16777215,2023-06-09 20:58:44,1157052422,9,米兰乔与魔神 | 王子与宝物,国王排名 勇气的宝箱,912043309
倒叙？  整集？不是吧,566.271,1,16777215,2023-06-09 20:51:53,1157052422,9,米兰乔与魔神 | 王子与宝物,国王排名 勇气的宝箱,912043309
好温柔啊,1353.48,1,16777215,2023-06-09 20:27:31,1157052422,9,米兰乔与魔神 | 王子与宝物,国王排名 勇气的宝箱,912043309
哟！,1052.174,1,16777215,2023-06-09 20:24:22,1157052422,9,米兰乔与魔神 | 王子与宝物,国王排名 勇气的宝箱,912043309
好想抱抱我的崽,1021.012,1,16777215,2023-06-09 20:21:04,1157052422,9,米兰乔与魔神 | 王子与宝物,国王排名 勇气的宝箱,912043309
哇好感动~~~~,924.381,1,16777215,2023-06-09 20:18:19,1157052422,9,米兰乔与魔神 | 王子与宝物,国王排名 勇气的宝箱,912043309
这是魔神,185.131,1,16777215,2023-06-09 20:16:20,1157052422,9,米兰乔与魔神 | 王子与宝物,国王排名 勇气的宝箱,912043309
习惯了礼貌呀,541.653,1,16777215,2023-06-09 20:10:33,1157052422,9,米兰乔与魔神 | 王子与宝物,国王排名 勇气的宝箱,912043309
你的小可爱出现啦！,527.221,1,16777215,2023-06-09 20:09:49,1157052422,9,米兰乔与魔神 | 王子与宝物,国王排名 勇气的宝箱,912043309
盖一一一一一一亚,1284.36,5,16777215,2023-06-09 20:08:04,1157052422,9,米兰乔与魔神 | 王子与宝物,国王排名 勇气的宝箱,912043309
请各位排队变身′,1165.394,5,16777215,2023-06-09 20:06:40,1157052422,9,米兰乔与魔神 | 王子与宝物,国王排名 勇气的宝箱,912043309
好耶,1148.063,5,16777215,2023-06-09 19:54:17,1157052422,9,米兰乔与魔神 | 王子与宝物,国王排名 勇气的宝箱,912043309
好好呜呜呜,915.834,1,16777215,2023-06-09 19:49:55,1157052422,9,米兰乔与魔神 | 王子与宝物,国王排名 勇气的宝箱,912043309
烤了吃掉,821.265,1,16777215,2023-06-09 19:47:35,1157052422,9,米兰乔与魔神 | 王子与宝物,国王排名 勇气的宝箱,912043309
噢！卡克!,504.997,1,16777215,2023-06-09 19:43:07,1157052422,9,米兰乔与魔神 | 王子与宝物,国王排名 勇气的宝箱,912043309
俺没偷袜子,2.279,5,15138834,2023-06-09 19:32:14,1157052422,9,米兰乔与魔神 | 王子与宝物,国王排名 勇气的宝箱,912043309
波吉太好了 哭死~555555,664.023,1,16777215,2023-06-09 19:22:59,1157052422,9,米兰乔与魔神 | 王子与宝物,国王排名 勇气的宝箱,912043309
多马斯太性感了 看不得这样的场景,1121.916,5,16777215,2023-06-09 19:01:30,1157052422,9,米兰乔与魔神 | 王子与宝物,国王排名 勇气的宝箱,912043309
对应四天王,1207.596,1,16777215,2023-06-09 18:47:56,1157052422,9,米兰乔与魔神 | 王子与宝物,国王排名 勇气的宝箱,912043309
波吉好乖嘿嘿,894.032,1,16777215,2023-06-09 18:31:57,1157052422,9,米兰乔与魔神 | 王子与宝物,国王排名 勇气的宝箱,912043309
战歌起,1135.866,5,38979,2023-06-09 18:26:39,1157052422,9,米兰乔与魔神 | 王子与宝物,国王排名 勇气的宝箱,912043309
完结撒花,1154.559,1,16777215,2023-06-09 18:26:34,1157052422,9,米兰乔与魔神 | 王子与宝物,国王排名 勇气的宝箱,912043309
好可爱呀,487.093,1,16777215,2023-06-09 18:24:04,1157052422,9,米兰乔与魔神 | 王子与宝物,国王排名 勇气的宝箱,912043309
出现了，大皇子的无敌轻功,970.558,5,16777215,2023-06-09 18:04:53,1157052422,9,米兰乔与魔神 | 王子与宝物,国王排名 勇气的宝箱,912043309
呀哈哈,304.266,1,16777215,2023-06-09 18:04:47,1157052422,9,米兰乔与魔神 | 王子与宝物,国王排名 勇气的宝箱,912043309
我也想要,628.971,1,16777215,2023-06-09 17:36:35,1157052422,9,米兰乔与魔神 | 王子与宝物,国王排名 勇气的宝箱,912043309
魔神敬业当魔神是个好孩子,476.176,1,16777215,2023-06-09 17:30:01,1157052422,9,米兰乔与魔神 | 王子与宝物,国王排名 勇气的宝箱,912043309
波吉跟老王妃长得一毛一样,1041.752,1,16777215,2023-06-09 16:33:43,1157052422,9,米兰乔与魔神 | 王子与宝物,国王排名 勇气的宝箱,912043309
波吉吉国王,1268.248,1,16777215,2023-06-09 16:29:35,1157052422,9,米兰乔与魔神 | 王子与宝物,国王排名 勇气的宝箱,912043309
送你个龙珠，再收集6个你就无敌了,1061.648,1,16777215,2023-06-09 16:22:35,1157052422,9,米兰乔与魔神 | 王子与宝物,国王排名 勇气的宝箱,912043309
あいうえお吧,717.459,1,16777215,2023-06-09 16:13:11,1157052422,9,米兰乔与魔神 | 王子与宝物,国王排名 勇气的宝箱,912043309
是魔神,186.336,1,16777215,2023-06-09 15:39:23,1157052422,9,米兰乔与魔神 | 王子与宝物,国王排名 勇气的宝箱,912043309
居然还能播？,10.579,1,16777215,2023-06-09 13:57:01,1157052422,9,米兰乔与魔神 | 王子与宝物,国王排名 勇气的宝箱,912043309
回收op,1174.261,5,15138834,2023-06-09 13:32:30,1157052422,9,米兰乔与魔神 | 王子与宝物,国王排名 勇气的宝箱,912043309
魔鬼有一个集团军吗？,343.475,1,16777215,2023-06-09 13:20:08,1157052422,9,米兰乔与魔神 | 王子与宝物,国王排名 勇气的宝箱,912043309
呀哈哈～,267.494,1,16777215,2023-06-09 13:18:26,1157052422,9,米兰乔与魔神 | 王子与宝物,国王排名 勇气的宝箱,912043309
你是真的不会笑,595.472,1,16777215,2023-06-09 13:17:16,1157052422,9,米兰乔与魔神 | 王子与宝物,国王排名 勇气的宝箱,912043309
她应该像那三兄弟道谢,1251.06,1,16777215,2023-06-09 13:02:39,1157052422,9,米兰乔与魔神 | 王子与宝物,国王排名 勇气的宝箱,912043309
欢快的小曲,990.491,5,16777215,2023-06-09 12:59:11,1157052422,9,米兰乔与魔神 | 王子与宝物,国王排名 勇气的宝箱,912043309
哭圣,1121.95,1,16777215,2023-06-09 12:58:28,1157052422,9,米兰乔与魔神 | 王子与宝物,国王排名 勇气的宝箱,912043309
多啦a吉,635.348,1,16777215,2023-06-09 12:57:11,1157052422,9,米兰乔与魔神 | 王子与宝物,国王排名 勇气的宝箱,912043309
魔神小时候,184.645,1,16777215,2023-06-09 12:52:38,1157052422,9,米兰乔与魔神 | 王子与宝物,国王排名 勇气的宝箱,912043309
哆啦A梦的百宝袋啊！可以一直拿东西出来,717.564,1,16777215,2023-06-09 12:51:35,1157052422,9,米兰乔与魔神 | 王子与宝物,国王排名 勇气的宝箱,912043309
这里好可爱啊呜呜呜,712.792,1,16777215,2023-06-09 12:48:25,1157052422,9,米兰乔与魔神 | 王子与宝物,国王排名 勇气的宝箱,912043309
炭次郎直呼内行,741.879,5,16777215,2023-06-09 12:45:46,1157052422,9,米兰乔与魔神 | 王子与宝物,国王排名 勇气的宝箱,912043309
你得跟着宁静公主走,305.632,1,16777215,2023-06-09 12:45:30,1157052422,9,米兰乔与魔神 | 王子与宝物,国王排名 勇气的宝箱,912043309
我不李姐,1084.699,1,16777215,2023-06-09 12:43:58,1157052422,9,米兰乔与魔神 | 王子与宝物,国王排名 勇气的宝箱,912043309
啊牛也,963.963,1,16777215,2023-06-09 12:37:34,1157052422,9,米兰乔与魔神 | 王子与宝物,国王排名 勇气的宝箱,912043309
我不李姐…别特喵回主线了！,1081.333,1,9599289,2023-06-09 12:31:42,1157052422,9,米兰乔与魔神 | 王子与宝物,国王排名 勇气的宝箱,912043309
清热降火啊,761.69,1,16777215,2023-06-09 12:28:35,1157052422,9,米兰乔与魔神 | 王子与宝物,国王排名 勇气的宝箱,912043309
蝉蜕,760.391,1,16777215,2023-06-09 12:15:45,1157052422,9,米兰乔与魔神 | 王子与宝物,国王排名 勇气的宝箱,912043309
小小的好可爱，好想踹她一脚。,151.933,1,14811775,2023-06-09 12:14:26,1157052422,9,米兰乔与魔神 | 王子与宝物,国王排名 勇气的宝箱,912043309
这不会是波斯叭,180.137,1,16777215,2023-06-09 12:12:40,1157052422,9,米兰乔与魔神 | 王子与宝物,国王排名 勇气的宝箱,912043309
 当袜子穿是认真的吗，哈哈哈哈哈,604.068,1,16777215,2023-06-09 11:58:29,1157052422,9,米兰乔与魔神 | 王子与宝物,国王排名 勇气的宝箱,912043309
好好好,1169.481,1,16777215,2023-06-09 11:53:06,1157052422,9,米兰乔与魔神 | 王子与宝物,国王排名 勇气的宝箱,912043309
魔神代表人的欲望,321.237,1,16777215,2023-06-09 11:48:48,1157052422,9,米兰乔与魔神 | 王子与宝物,国王排名 勇气的宝箱,912043309
好听Aimer,1341.349,1,16777215,2023-06-09 11:40:47,1157052422,9,米兰乔与魔神 | 王子与宝物,国王排名 勇气的宝箱,912043309
完结撒花,1263.591,1,16777215,2023-06-09 11:31:31,1157052422,9,米兰乔与魔神 | 王子与宝物,国王排名 勇气的宝箱,912043309
镜子也长大了,710.752,5,16646914,2023-06-09 11:29:30,1157052422,9,米兰乔与魔神 | 王子与宝物,国王排名 勇气的宝箱,912043309
真棒啊,1130.982,1,16777215,2023-06-09 11:27:48,1157052422,9,米兰乔与魔神 | 王子与宝物,国王排名 勇气的宝箱,912043309
都需要被救赎,1262.033,1,16777215,2023-06-09 11:15:23,1157052422,9,米兰乔与魔神 | 王子与宝物,国王排名 勇气的宝箱,912043309
还是卡克跟波吉最配,1189.536,1,16777215,2023-06-09 11:14:10,1157052422,9,米兰乔与魔神 | 王子与宝物,国王排名 勇气的宝箱,912043309
土知了皮,799.558,1,16777215,2023-06-09 11:11:43,1157052422,9,米兰乔与魔神 | 王子与宝物,国王排名 勇气的宝箱,912043309
天呐，这CP感,877.595,1,16777215,2023-06-09 11:11:35,1157052422,9,米兰乔与魔神 | 王子与宝物,国王排名 勇气的宝箱,912043309
解候,758.864,1,16777215,2023-06-09 11:07:12,1157052422,9,米兰乔与魔神 | 王子与宝物,国王排名 勇气的宝箱,912043309
不是实现太多，是只要实现愿望就开始变了，实现的越多越丑,447.712,1,16777215,2023-06-09 10:59:44,1157052422,9,米兰乔与魔神 | 王子与宝物,国王排名 勇气的宝箱,912043309
魔神有男的有女的,368.84,1,16777215,2023-06-09 10:58:25,1157052422,9,米兰乔与魔神 | 王子与宝物,国王排名 勇气的宝箱,912043309
除非他们不帮人类完成心愿,351.152,1,16777215,2023-06-09 10:58:08,1157052422,9,米兰乔与魔神 | 王子与宝物,国王排名 勇气的宝箱,912043309
魔神只要帮人完成心愿就会变丑啊,333.748,1,16777215,2023-06-09 10:57:50,1157052422,9,米兰乔与魔神 | 王子与宝物,国王排名 勇气的宝箱,912043309
还是那么感性啊 多马斯,1115.783,5,16777215,2023-06-09 10:48:01,1157052422,9,米兰乔与魔神 | 王子与宝物,国王排名 勇气的宝箱,912043309
这个站位就有意思了,1131.712,1,16777215,2023-06-09 10:41:47,1157052422,9,米兰乔与魔神 | 王子与宝物,国王排名 勇气的宝箱,912043309
摔得好,294.565,1,16777215,2023-06-09 10:40:44,1157052422,9,米兰乔与魔神 | 王子与宝物,国王排名 勇气的宝箱,912043309
波奇是行动派 与其去问 不如自己找,973.225,1,16777215,2023-06-09 10:38:38,1157052422,9,米兰乔与魔神 | 王子与宝物,国王排名 勇气的宝箱,912043309
鬼打墙,273.52,5,16777215,2023-06-09 10:36:06,1157052422,9,米兰乔与魔神 | 王子与宝物,国王排名 勇气的宝箱,912043309
宝箱里都是礼物呀,583.142,5,16777215,2023-06-09 10:34:05,1157052422,9,米兰乔与魔神 | 王子与宝物,国王排名 勇气的宝箱,912043309
巨大的石碑哈哈哈,1041.617,1,16777215,2023-06-09 10:25:18,1157052422,9,米兰乔与魔神 | 王子与宝物,国王排名 勇气的宝箱,912043309
小王子快长大，长大我就能磕CP了。,1280.179,1,16777215,2023-06-09 10:16:12,1157052422,9,米兰乔与魔神 | 王子与宝物,国王排名 勇气的宝箱,912043309
哇哦,8.057,1,38979,2023-06-09 10:08:34,1157052422,9,米兰乔与魔神 | 王子与宝物,国王排名 勇气的宝箱,912043309
他这是迷路了吧？,317.639,1,16777215,2023-06-09 09:59:41,1157052422,9,米兰乔与魔神 | 王子与宝物,国王排名 勇气的宝箱,912043309
这么多魔神,360.865,1,16777215,2023-06-09 09:54:20,1157052422,9,米兰乔与魔神 | 王子与宝物,国王排名 勇气的宝箱,912043309
不是还有一集吗？,1178.188,1,16777215,2023-06-09 09:53:13,1157052422,9,米兰乔与魔神 | 王子与宝物,国王排名 勇气的宝箱,912043309
步数18000,996.241,1,16777215,2023-06-09 09:40:03,1157052422,9,米兰乔与魔神 | 王子与宝物,国王排名 勇气的宝箱,912043309
你得拿个火把看风向,287.184,1,15138834,2023-06-09 09:38:18,1157052422,9,米兰乔与魔神 | 王子与宝物,国王排名 勇气的宝箱,912043309
真父母双亡,1037.466,1,16777215,2023-06-09 09:36:37,1157052422,9,米兰乔与魔神 | 王子与宝物,国王排名 勇气的宝箱,912043309
爱了,475.707,1,16777215,2023-06-09 09:31:20,1157052422,9,米兰乔与魔神 | 王子与宝物,国王排名 勇气的宝箱,912043309
有点变得可靠了呢,1133.082,1,16777215,2023-06-09 09:31:05,1157052422,9,米兰乔与魔神 | 王子与宝物,国王排名 勇气的宝箱,912043309
才想起来米兰乔不会手语啊,1080.656,1,16777215,2023-06-09 09:28:49,1157052422,9,米兰乔与魔神 | 王子与宝物,国王排名 勇气的宝箱,912043309
波吉一直都记得呢,895.632,1,16777215,2023-06-09 09:24:06,1157052422,9,米兰乔与魔神 | 王子与宝物,国王排名 勇气的宝箱,912043309
宝箱空了啊,586.109,1,16777215,2023-06-09 09:15:51,1157052422,9,米兰乔与魔神 | 王子与宝物,国王排名 勇气的宝箱,912043309
魔神到底经历了什么才会在长大后变得那么丑,310.813,1,16777215,2023-06-09 09:08:24,1157052422,9,米兰乔与魔神 | 王子与宝物,国王排名 勇气的宝箱,912043309
正片开始？,501.364,5,16777215,2023-06-09 08:59:17,1157052422,9,米兰乔与魔神 | 王子与宝物,国王排名 勇气的宝箱,912043309
完结撒花,1159.718,5,16707842,2023-06-09 08:52:49,1157052422,9,米兰乔与魔神 | 王子与宝物,国王排名 勇气的宝箱,912043309
主线任务,522.304,1,16777215,2023-06-09 08:48:37,1157052422,9,米兰乔与魔神 | 王子与宝物,国王排名 勇气的宝箱,912043309
动物之友,226.598,5,16707842,2023-06-09 08:37:08,1157052422,9,米兰乔与魔神 | 王子与宝物,国王排名 勇气的宝箱,912043309
金榜题名,125.308,5,15138834,2023-06-09 08:35:13,1157052422,9,米兰乔与魔神 | 王子与宝物,国王排名 勇气的宝箱,912043309
哎呦，你脸红啦,1181.564,1,16777215,2023-06-09 08:15:31,1157052422,9,米兰乔与魔神 | 王子与宝物,国王排名 勇气的宝箱,912043309
米兰乔好温柔,1080.3,1,16777215,2023-06-09 08:11:45,1157052422,9,米兰乔与魔神 | 王子与宝物,国王排名 勇气的宝箱,912043309
魔神是女的？,349.912,1,16777215,2023-06-09 07:57:13,1157052422,9,米兰乔与魔神 | 王子与宝物,国王排名 勇气的宝箱,912043309
泪目,1285.092,1,16777215,2023-06-09 07:54:11,1157052422,9,米兰乔与魔神 | 王子与宝物,国王排名 勇气的宝箱,912043309
光送礼就送了半集,738.511,1,16777215,2023-06-09 07:53:52,1157052422,9,米兰乔与魔神 | 王子与宝物,国王排名 勇气的宝箱,912043309
光送礼就送了半集,738.511,1,16777215,2023-06-09 07:53:22,1157052422,9,米兰乔与魔神 | 王子与宝物,国王排名 勇气的宝箱,912043309
真好～,1272.443,1,16777215,2023-06-09 07:53:10,1157052422,9,米兰乔与魔神 | 王子与宝物,国王排名 勇气的宝箱,912043309
兄の肯定,1086.488,1,16777215,2023-06-09 07:49:41,1157052422,9,米兰乔与魔神 | 王子与宝物,国王排名 勇气的宝箱,912043309
[前方高能],1130.918,1,16777215,2023-06-09 07:49:12,1157052422,9,米兰乔与魔神 | 王子与宝物,国王排名 勇气的宝箱,912043309
好评！带王牛玩的都是好人！！！！,1143.0,1,15772458,2023-06-09 07:43:32,1157052422,9,米兰乔与魔神 | 王子与宝物,国王排名 勇气的宝箱,912043309
我穿了件很性感的泳衣,1099.94,1,16777215,2023-06-09 07:41:38,1157052422,9,米兰乔与魔神 | 王子与宝物,国王排名 勇气的宝箱,912043309
别说这一幕还挺可爱,181.307,1,16777215,2023-06-09 07:41:16,1157052422,9,米兰乔与魔神 | 王子与宝物,国王排名 勇气的宝箱,912043309
陪伴教学～要有自信啊,713.147,1,16777215,2023-06-09 07:40:01,1157052422,9,米兰乔与魔神 | 王子与宝物,国王排名 勇气的宝箱,912043309
这个好～,623.974,1,16777215,2023-06-09 07:38:22,1157052422,9,米兰乔与魔神 | 王子与宝物,国王排名 勇气的宝箱,912043309
哈哈哈～,577.808,1,16777215,2023-06-09 07:37:38,1157052422,9,米兰乔与魔神 | 王子与宝物,国王排名 勇气的宝箱,912043309
承包这声“哇”,446.31,1,16777215,2023-06-09 07:36:38,1157052422,9,米兰乔与魔神 | 王子与宝物,国王排名 勇气的宝箱,912043309
这震惊一万年的小表情,224.529,1,16777215,2023-06-09 07:33:45,1157052422,9,米兰乔与魔神 | 王子与宝物,国王排名 勇气的宝箱,912043309
你跑我追～,198.843,1,16777215,2023-06-09 07:32:54,1157052422,9,米兰乔与魔神 | 王子与宝物,国王排名 勇气的宝箱,912043309
小小只的好可爱,140.645,1,16777215,2023-06-09 07:32:10,1157052422,9,米兰乔与魔神 | 王子与宝物,国王排名 勇气的宝箱,912043309
小黑手,1255.38,1,16777215,2023-06-09 07:29:57,1157052422,9,米兰乔与魔神 | 王子与宝物,国王排名 勇气的宝箱,912043309
好耶,0.0,1,16777215,2023-06-09 07:13:55,1157052422,9,米兰乔与魔神 | 王子与宝物,国王排名 勇气的宝箱,912043309
5小时前，核弹热热还能吃,0.039,1,16777215,2023-06-09 07:09:25,1157052422,9,米兰乔与魔神 | 王子与宝物,国王排名 勇气的宝箱,912043309
太治愈了,1280.133,1,16777215,2023-06-09 06:44:46,1157052422,9,米兰乔与魔神 | 王子与宝物,国王排名 勇气的宝箱,912043309
QAQ,1149.038,1,16777215,2023-06-09 06:40:07,1157052422,9,米兰乔与魔神 | 王子与宝物,国王排名 勇气的宝箱,912043309
蟾宫折桂,1.083,1,15138834,2023-06-09 05:51:31,1157052422,9,米兰乔与魔神 | 王子与宝物,国王排名 勇气的宝箱,912043309
前面好像有说变成魔神的原因 但是我也忘了。。,422.541,1,16777215,2023-06-09 05:14:11,1157052422,9,米兰乔与魔神 | 王子与宝物,国王排名 勇气的宝箱,912043309
泪奔了,1051.515,1,16777215,2023-06-09 05:07:18,1157052422,9,米兰乔与魔神 | 王子与宝物,国王排名 勇气的宝箱,912043309
熟悉的地方,995.675,1,16777215,2023-06-09 05:05:05,1157052422,9,米兰乔与魔神 | 王子与宝物,国王排名 勇气的宝箱,912043309
呃呃,2.699,1,16777215,2023-06-09 04:59:53,1157052422,9,米兰乔与魔神 | 王子与宝物,国王排名 勇气的宝箱,912043309
魔神：啊？,225.023,1,16777215,2023-06-09 04:54:28,1157052422,9,米兰乔与魔神 | 王子与宝物,国王排名 勇气的宝箱,912043309
我可真厉害,18.235,1,16777215,2023-06-09 03:15:48,1157052422,9,米兰乔与魔神 | 王子与宝物,国王排名 勇气的宝箱,912043309
开始点题了？,596.865,1,16777215,2023-06-09 03:03:58,1157052422,9,米兰乔与魔神 | 王子与宝物,国王排名 勇气的宝箱,912043309
太有爱啦,818.597,1,16777215,2023-06-09 02:57:29,1157052422,9,米兰乔与魔神 | 王子与宝物,国王排名 勇气的宝箱,912043309
波奇小可爱啊,606.373,1,16777215,2023-06-09 02:53:50,1157052422,9,米兰乔与魔神 | 王子与宝物,国王排名 勇气的宝箱,912043309
哭死我了,1136.875,1,16777215,2023-06-09 02:52:38,1157052422,9,米兰乔与魔神 | 王子与宝物,国王排名 勇气的宝箱,912043309
差点完结,653.057,1,16777215,2023-06-09 02:35:23,1157052422,9,米兰乔与魔神 | 王子与宝物,国王排名 勇气的宝箱,912043309
阎王：都是老顾客,0.594,5,15138834,2023-06-09 02:35:18,1157052422,9,米兰乔与魔神 | 王子与宝物,国王排名 勇气的宝箱,912043309
我不李姐,1072.852,1,16777215,2023-06-09 02:10:32,1157052422,9,米兰乔与魔神 | 王子与宝物,国王排名 勇气的宝箱,912043309
好中二,688.891,1,16777215,2023-06-09 02:07:56,1157052422,9,米兰乔与魔神 | 王子与宝物,国王排名 勇气的宝箱,912043309
只为他袖手天下,529.061,1,16777215,2023-06-09 02:04:28,1157052422,9,米兰乔与魔神 | 王子与宝物,国王排名 勇气的宝箱,912043309
盖亚！,1140.58,1,16777215,2023-06-09 02:00:55,1157052422,9,米兰乔与魔神 | 王子与宝物,国王排名 勇气的宝箱,912043309
庄库你还在哭啊（doge）,1115.141,1,15772458,2023-06-09 01:57:07,1157052422,9,米兰乔与魔神 | 王子与宝物,国王排名 勇气的宝箱,912043309
音乐起,1130.723,1,15138834,2023-06-09 01:56:33,1157052422,9,米兰乔与魔神 | 王子与宝物,国王排名 勇气的宝箱,912043309
波吉号，出发,1161.168,5,16707842,2023-06-09 01:54:04,1157052422,9,米兰乔与魔神 | 王子与宝物,国王排名 勇气的宝箱,912043309
怎么又是你哈哈哈,830.274,1,15138834,2023-06-09 01:51:39,1157052422,9,米兰乔与魔神 | 王子与宝物,国王排名 勇气的宝箱,912043309
他还是那么爱哭,811.099,1,16777215,2023-06-09 01:51:03,1157052422,9,米兰乔与魔神 | 王子与宝物,国王排名 勇气的宝箱,912043309
音乐起,1129.258,5,16707842,2023-06-09 01:48:53,1157052422,9,米兰乔与魔神 | 王子与宝物,国王排名 勇气的宝箱,912043309
咋不出声呢,573.09,1,16777215,2023-06-09 01:48:22,1157052422,9,米兰乔与魔神 | 王子与宝物,国王排名 勇气的宝箱,912043309
少年好腰！,653.897,1,15138834,2023-06-09 01:47:26,1157052422,9,米兰乔与魔神 | 王子与宝物,国王排名 勇气的宝箱,912043309
这俩有意思？,878.854,5,15138834,2023-06-09 01:46:17,1157052422,9,米兰乔与魔神 | 王子与宝物,国王排名 勇气的宝箱,912043309
好温柔,726.907,5,15138834,2023-06-09 01:45:51,1157052422,9,米兰乔与魔神 | 王子与宝物,国王排名 勇气的宝箱,912043309
德斯哈快失忆了吧,1177.822,1,16777215,2023-06-09 01:45:26,1157052422,9,米兰乔与魔神 | 王子与宝物,国王排名 勇气的宝箱,912043309
小可爱碰到大可爱,1061.269,1,16777215,2023-06-09 01:44:55,1157052422,9,米兰乔与魔神 | 王子与宝物,国王排名 勇气的宝箱,912043309
魔神小时候也好可爱,203.665,1,16777215,2023-06-09 01:42:11,1157052422,9,米兰乔与魔神 | 王子与宝物,国王排名 勇气的宝箱,912043309
还活着，还活着,7.919,5,16777215,2023-06-09 01:41:45,1157052422,9,米兰乔与魔神 | 王子与宝物,国王排名 勇气的宝箱,912043309
哈哈哈哈，塞衣服好可爱哈哈哈哈哈,535.249,5,15138834,2023-06-09 01:41:27,1157052422,9,米兰乔与魔神 | 王子与宝物,国王排名 勇气的宝箱,912043309
您是真头铁,740.395,5,16777215,2023-06-09 01:40:23,1157052422,9,米兰乔与魔神 | 王子与宝物,国王排名 勇气的宝箱,912043309
晚睡的孩子有番看,3.368,1,16777215,2023-06-09 01:38:35,1157052422,9,米兰乔与魔神 | 王子与宝物,国王排名 勇气的宝箱,912043309
想什么,1146.57,1,41194,2023-06-09 01:37:54,1157052422,9,米兰乔与魔神 | 王子与宝物,国王排名 勇气的宝箱,912043309
阎王夸我好身体,17.019,1,16777215,2023-06-09 01:37:01,1157052422,9,米兰乔与魔神 | 王子与宝物,国王排名 勇气的宝箱,912043309
猝死的孩子有番看（什,5.218,1,16777215,2023-06-09 01:36:38,1157052422,9,米兰乔与魔神 | 王子与宝物,国王排名 勇气的宝箱,912043309
晚睡的孩子有番看,6.219,1,16777215,2023-06-09 01:36:29,1157052422,9,米兰乔与魔神 | 王子与宝物,国王排名 勇气的宝箱,912043309
好可爱,584.053,5,16777215,2023-06-09 01:36:10,1157052422,9,米兰乔与魔神 | 王子与宝物,国王排名 勇气的宝箱,912043309
活着,7.938,5,8700107,2023-06-09 01:35:59,1157052422,9,米兰乔与魔神 | 王子与宝物,国王排名 勇气的宝箱,912043309
猝死的孩子有番看,7.994,1,16777215,2023-06-09 01:35:49,1157052422,9,米兰乔与魔神 | 王子与宝物,国王排名 勇气的宝箱,912043309
这个点谁爱看谁看,5.55,5,16777215,2023-06-09 01:34:44,1157052422,9,米兰乔与魔神 | 王子与宝物,国王排名 勇气的宝箱,912043309
晚睡的人有番看,187.515,1,16777215,2023-06-09 01:34:28,1157052422,9,米兰乔与魔神 | 王子与宝物,国王排名 勇气的宝箱,912043309
啊啊啊前面也有大蛇蛇和波吉这个画面诶,727.327,1,16777215,2023-06-09 01:34:18,1157052422,9,米兰乔与魔神 | 王子与宝物,国王排名 勇气的宝箱,912043309
阎王说我好身体,9.828,1,16777215,2023-06-09 01:34:13,1157052422,9,米兰乔与魔神 | 王子与宝物,国王排名 勇气的宝箱,912043309
不可能,1144.761,5,16777215,2023-06-09 01:33:54,1157052422,9,米兰乔与魔神 | 王子与宝物,国王排名 勇气的宝箱,912043309
还有点傲娇,251.133,1,16777215,2023-06-09 01:30:39,1157052422,9,米兰乔与魔神 | 王子与宝物,国王排名 勇气的宝箱,912043309
霸占全屏,1134.593,5,16777215,2023-06-09 01:30:38,1157052422,9,米兰乔与魔神 | 王子与宝物,国王排名 勇气的宝箱,912043309
可可爱爱,226.853,1,16777215,2023-06-09 01:30:10,1157052422,9,米兰乔与魔神 | 王子与宝物,国王排名 勇气的宝箱,912043309
可爱,156.452,1,16777215,2023-06-09 01:29:35,1157052422,9,米兰乔与魔神 | 王子与宝物,国王排名 勇气的宝箱,912043309
晚睡的孩子有番看,4.999,1,15138834,2023-06-09 01:28:41,1157052422,9,米兰乔与魔神 | 王子与宝物,国王排名 勇气的宝箱,912043309
猝死,9.739,1,16777215,2023-06-09 01:27:59,1157052422,9,米兰乔与魔神 | 王子与宝物,国王排名 勇气的宝箱,912043309
阎王夸我好身体,11.521,1,16777215,2023-06-09 01:27:51,1157052422,9,米兰乔与魔神 | 王子与宝物,国王排名 勇气的宝箱,912043309
我来,8.939,1,16777215,2023-06-09 01:27:45,1157052422,9,米兰乔与魔神 | 王子与宝物,国王排名 勇气的宝箱,912043309
不睡啦,15.249,1,16777215,2023-06-09 01:26:24,1157052422,9,米兰乔与魔神 | 王子与宝物,国王排名 勇气的宝箱,912043309
金榜题名,118.792,5,15138834,2023-06-09 01:26:12,1157052422,9,米兰乔与魔神 | 王子与宝物,国王排名 勇气的宝箱,912043309
来喽,6.373,1,16777215,2023-06-09 01:25:31,1157052422,9,米兰乔与魔神 | 王子与宝物,国王排名 勇气的宝箱,912043309
