content,time,mode,color,send_time,cid,episode,episode_title,anime_title,aid
老板发火我撒娇(≧▽≦),668.753,5,16777215,2023-06-03 20:32:08,1154635809,1上,某人的梦（上）,鬼灭之刃 刀匠村篇,656835181
注意，这是童磨的视角，依旧能看清三哥移动速度，再次证明实力差距,986.855,5,16777215,2023-06-04 09:05:51,1154635809,1上,某人的梦（上）,鬼灭之刃 刀匠村篇,656835181
冷知识：岩胜其实挺喜欢猗窝座的,961.669,5,38979,2023-06-04 10:51:02,1154635809,1上,某人的梦（上）,鬼灭之刃 刀匠村篇,656835181
三哥一拳拯救锻刀村,826.297,5,16777215,2023-06-03 20:11:13,1154635809,1上,某人的梦（上）,鬼灭之刃 刀匠村篇,656835181
这其实是童磨故意装的，他没有情感,524.933,5,16777215,2023-06-05 05:03:05,1154635809,1上,某人的梦（上）,鬼灭之刃 刀匠村篇,656835181
琵琶女：四弦一声如裂帛,1021.751,1,16777215,2023-06-04 18:59:38,1154635809,1上,某人的梦（上）,鬼灭之刃 刀匠村篇,656835181
注：这句话无惨能听见,718.438,5,15138834,2023-06-06 12:23:07,1154635809,1上,某人的梦（上）,鬼灭之刃 刀匠村篇,656835181
因为三哥从不吃女人，甚至几乎是靠磨练变强的,897.414,5,15138834,2023-06-03 20:18:07,1154635809,1上,某人的梦（上）,鬼灭之刃 刀匠村篇,656835181
小知识:三哥不曾吃过一个女性,419.782,5,16777215,2023-06-04 12:24:35,1154635809,1上,某人的梦（上）,鬼灭之刃 刀匠村篇,656835181
注意这是炭治郎的祖先,1072.477,5,15138834,2023-06-03 20:25:28,1154635809,1上,某人的梦（上）,鬼灭之刃 刀匠村篇,656835181
这里红黑闪屏还没有声音做的真的好，压迫感极强,836.328,5,16707842,2023-06-05 12:18:06,1154635809,1上,某人的梦（上）,鬼灭之刃 刀匠村篇,656835181
我去，好像炭治郎他爸,474.339,5,16707842,2023-06-04 09:16:38,1154635809,1上,某人的梦（上）,鬼灭之刃 刀匠村篇,656835181
三哥看着好委屈,870.047,5,16777215,2023-06-05 23:10:53,1154635809,1上,某人的梦（上）,鬼灭之刃 刀匠村篇,656835181
堕姬：可是你那时候可不是这样说的啊,541.083,1,16777215,2023-06-09 13:24:21,1154635809,1上,某人的梦（上）,鬼灭之刃 刀匠村篇,656835181
六只眼是为了避免太像缘一吓到无惨,929.093,1,16777215,2023-06-03 20:58:09,1154635809,1上,某人的梦（上）,鬼灭之刃 刀匠村篇,656835181
三哥：童摩死了,160.343,5,15138834,2023-06-05 12:10:56,1154635809,1上,某人的梦（上）,鬼灭之刃 刀匠村篇,656835181
缘一没有自己的后代，但是日呼传承了下去,1091.562,5,16707842,2023-06-04 11:58:27,1154635809,1上,某人的梦（上）,鬼灭之刃 刀匠村篇,656835181
义勇：你也被讨厌了吗,1010.023,5,16777215,2023-06-04 08:58:11,1154635809,1上,某人的梦（上）,鬼灭之刃 刀匠村篇,656835181
琵琶女是能力强，但是战力很一般,1039.867,1,16777215,2023-06-04 21:10:49,1154635809,1上,某人的梦（上）,鬼灭之刃 刀匠村篇,656835181
热知识：其实上一上二甚至无惨都挺喜欢猗窝座的,965.739,5,16777215,2023-07-23 17:39:44,1154635809,1上,某人的梦（上）,鬼灭之刃 刀匠村篇,656835181
三哥：回头就把肩膀剁了，再长一个,390.942,5,15138834,2023-06-16 14:57:40,1154635809,1上,某人的梦（上）,鬼灭之刃 刀匠村篇,656835181
三哥内心：快，告诉我是童磨！,263.143,5,16646914,2023-06-03 21:25:02,1154635809,1上,某人的梦（上）,鬼灭之刃 刀匠村篇,656835181
这里细节，三哥的BGM刚开始被童磨压下去了,437.416,5,16777215,2023-06-03 20:09:16,1154635809,1上,某人的梦（上）,鬼灭之刃 刀匠村篇,656835181
其实无惨在对所有上弦的评价里，就说到过他最讨厌童魔,602.491,5,16777215,2023-06-03 20:12:27,1154635809,1上,某人的梦（上）,鬼灭之刃 刀匠村篇,656835181
三哥:童磨一定是童磨，一定是的,180.861,5,15138834,2023-06-03 20:15:15,1154635809,1上,某人的梦（上）,鬼灭之刃 刀匠村篇,656835181
老大～驾到～！,487.983,5,16707842,2023-06-04 12:23:07,1154635809,1上,某人的梦（上）,鬼灭之刃 刀匠村篇,656835181
柱中义勇鬼中童磨,1034.718,1,16777215,2023-06-04 11:36:00,1154635809,1上,某人的梦（上）,鬼灭之刃 刀匠村篇,656835181
注意，这里有刀入鞘的声音,854.049,5,15138834,2023-06-06 00:37:50,1154635809,1上,某人的梦（上）,鬼灭之刃 刀匠村篇,656835181
说明可能缘一逝世后从未打败过上弦,86.799,5,16777215,2023-06-15 19:34:08,1154635809,1上,某人的梦（上）,鬼灭之刃 刀匠村篇,656835181
鬼中义勇,1016.563,1,16777215,2023-06-04 11:46:19,1154635809,1上,某人的梦（上）,鬼灭之刃 刀匠村篇,656835181
你上弦一是有使用次数吗？,786.29,5,16777215,2023-06-04 00:35:03,1154635809,1上,某人的梦（上）,鬼灭之刃 刀匠村篇,656835181
百年未有之大变局！,60.754,5,16777215,2023-06-03 22:26:13,1154635809,1上,某人的梦（上）,鬼灭之刃 刀匠村篇,656835181
战国的老顽固（笑）,867.347,5,16777215,2023-06-05 00:00:15,1154635809,1上,某人的梦（上）,鬼灭之刃 刀匠村篇,656835181
唯有时间才能战胜的人,1155.245,5,16777215,2023-06-05 00:16:54,1154635809,1上,某人的梦（上）,鬼灭之刃 刀匠村篇,656835181
没有垂直悬滴，扣分（doge）,511.163,5,16777215,2023-06-04 10:59:44,1154635809,1上,某人的梦（上）,鬼灭之刃 刀匠村篇,656835181
严胜美人大家闺秀气质,659.469,5,16777215,2023-06-03 21:31:48,1154635809,1上,某人的梦（上）,鬼灭之刃 刀匠村篇,656835181
可是唯一不会变的就是变化,690.875,5,15138834,2023-06-03 20:19:04,1154635809,1上,某人的梦（上）,鬼灭之刃 刀匠村篇,656835181
动作指导：小鸟游六花,736.434,5,16707842,2023-06-03 20:42:55,1154635809,1上,某人的梦（上）,鬼灭之刃 刀匠村篇,656835181
无惨：你这是跟朕打擂台？,602.812,5,16707842,2023-06-04 20:11:09,1154635809,1上,某人的梦（上）,鬼灭之刃 刀匠村篇,656835181
这里水变黑，暗示实验失败,624.193,5,16777215,2023-06-04 13:53:22,1154635809,1上,某人的梦（上）,鬼灭之刃 刀匠村篇,656835181
这人和上弦一是兄弟，所以长得很像，并不是一个人哦,1121.5,5,41194,2023-06-04 22:38:48,1154635809,1上,某人的梦（上）,鬼灭之刃 刀匠村篇,656835181
好~酒~在~山~东~,269.103,5,16707842,2023-06-04 23:28:33,1154635809,1上,某人的梦（上）,鬼灭之刃 刀匠村篇,656835181
酚酞遇碱变红（Doge,639.313,5,16777215,2023-06-03 20:51:37,1154635809,1上,某人的梦（上）,鬼灭之刃 刀匠村篇,656835181
无惨：百年未有之高端局,737.684,5,16777215,2023-06-18 20:03:49,1154635809,1上,某人的梦（上）,鬼灭之刃 刀匠村篇,656835181
无惨：你这样，显得我很呆,1179.315,5,16707842,2023-06-05 13:24:43,1154635809,1上,某人的梦（上）,鬼灭之刃 刀匠村篇,656835181
童磨声优是宫野真守！配过太宰治、伏见猿比古、须王环、夜神月等等！！！,967.041,1,16777215,2023-06-03 23:44:10,1154635809,1上,某人的梦（上）,鬼灭之刃 刀匠村篇,656835181
二哥去了估计锻刀村团灭了吧,817.879,1,16777215,2023-06-03 20:12:16,1154635809,1上,某人的梦（上）,鬼灭之刃 刀匠村篇,656835181
三哥:什么B动静？,282.719,5,16777215,2023-06-03 20:37:28,1154635809,1上,某人的梦（上）,鬼灭之刃 刀匠村篇,656835181
太宰在调戏陀总,387.671,1,16777215,2023-06-04 22:21:41,1154635809,1上,某人的梦（上）,鬼灭之刃 刀匠村篇,656835181
童磨被所有人讨厌了 活的好惨哈哈,528.477,5,14811775,2023-06-06 17:23:28,1154635809,1上,某人的梦（上）,鬼灭之刃 刀匠村篇,656835181
自己也知道自己不招待见,854.869,1,16707842,2023-06-04 18:46:17,1154635809,1上,某人的梦（上）,鬼灭之刃 刀匠村篇,656835181
豆子：满头大汉,45.569,5,16707842,2023-06-19 05:30:23,1154635809,1上,某人的梦（上）,鬼灭之刃 刀匠村篇,656835181
这个是炭吉，炭治郎的祖先，和缘一是挚友，并传授日呼给炭吉,1091.972,5,16777215,2025-08-07 01:31:26,1154635809,1上,某人的梦（上）,鬼灭之刃 刀匠村篇,656835181
极乐教有男有女，童磨是更爱吃女人没说不吃男的,1044.506,1,16777215,2023-06-04 20:04:58,1154635809,1上,某人的梦（上）,鬼灭之刃 刀匠村篇,656835181
童磨并不是补位的，是直接向原上二发起了换位挑战,749.0,1,16777215,2024-01-06 05:52:55,1154635809,1上,某人的梦（上）,鬼灭之刃 刀匠村篇,656835181
注意，这里童磨感觉到了背后的异样但是就是没躲就是玩,821.506,5,16777215,2023-06-04 13:08:41,1154635809,1上,某人的梦（上）,鬼灭之刃 刀匠村篇,656835181
这是炭家祖先，火之神神乐一代传人 炭吉,1115.566,5,15138834,2023-06-09 21:09:53,1154635809,1上,某人的梦（上）,鬼灭之刃 刀匠村篇,656835181
三哥其实还是不错的鬼，从不杀女人,453.48,1,16777215,2023-06-04 10:56:39,1154635809,1上,某人的梦（上）,鬼灭之刃 刀匠村篇,656835181
上二没有感情，所以克制上三的罗盘,896.487,1,16777215,2023-06-03 21:32:57,1154635809,1上,某人的梦（上）,鬼灭之刃 刀匠村篇,656835181
冷知识：上旋一三都曾经是正常人类，保有人类素养,896.839,1,16765698,2023-08-28 13:33:25,1154635809,1上,某人的梦（上）,鬼灭之刃 刀匠村篇,656835181
额，我在乎，我在乎而且叭叭,592.146,1,16777215,2023-06-10 22:59:54,1154635809,1上,某人的梦（上）,鬼灭之刃 刀匠村篇,656835181
这里说明岩胜的通透甚至连无惨都能感知到,475.325,5,16777215,2023-07-05 13:48:06,1154635809,1上,某人的梦（上）,鬼灭之刃 刀匠村篇,656835181
只有童磨理了无惨 笑到了,601.699,5,16776960,2023-06-03 23:10:12,1154635809,1上,某人的梦（上）,鬼灭之刃 刀匠村篇,656835181
童磨要是去了…主角团就太危了…,811.222,5,14811775,2023-12-17 15:49:11,1154635809,1上,某人的梦（上）,鬼灭之刃 刀匠村篇,656835181
怎么做到凭一己之力拉低全队颜值的,311.341,1,16777215,2023-06-05 22:37:22,1154635809,1上,某人的梦（上）,鬼灭之刃 刀匠村篇,656835181
其实上弦之间的打斗会给其他鬼造成巨大的精神压力,831.057,5,16777215,2023-06-04 22:09:49,1154635809,1上,某人的梦（上）,鬼灭之刃 刀匠村篇,656835181
三哥完全不吃妇孺，二哥专吃妇孺,974.345,1,16777215,2023-06-03 20:38:55,1154635809,1上,某人的梦（上）,鬼灭之刃 刀匠村篇,656835181
因为以他狭隘的眼光看不到能比死亡还要巨大的威胁,763.394,5,16777215,2023-06-03 23:28:19,1154635809,1上,某人的梦（上）,鬼灭之刃 刀匠村篇,656835181
童磨比猗窝座还壮,395.629,1,16777215,2023-06-03 21:36:31,1154635809,1上,某人的梦（上）,鬼灭之刃 刀匠村篇,656835181
这还带升降电梯啊？,248.826,1,16777215,2023-06-03 20:07:53,1154635809,1上,某人的梦（上）,鬼灭之刃 刀匠村篇,656835181
鬼杀队：好耶，一起送，一起送,770.735,5,15138834,2023-06-19 10:27:41,1154635809,1上,某人的梦（上）,鬼灭之刃 刀匠村篇,656835181
鬼灭之刃真的太酷了,276.034,1,16777215,2023-06-04 13:32:58,1154635809,1上,某人的梦（上）,鬼灭之刃 刀匠村篇,656835181
琵琶女:忍住，不能传到太阳底下,1023.869,1,16777215,2023-06-16 19:23:06,1154635809,1上,某人的梦（上）,鬼灭之刃 刀匠村篇,656835181
笑死了想起来只有三哥在认真找花甚至研读相关书籍,620.011,5,16777215,2025-11-28 14:07:23,1154635809,1上,某人的梦（上）,鬼灭之刃 刀匠村篇,656835181
玉壶：不想和这群家伙呆了！,994.727,5,41194,2023-06-04 10:01:36,1154635809,1上,某人的梦（上）,鬼灭之刃 刀匠村篇,656835181
因为三哥只吃自己堂堂正正打败的强者 不吃女人,902.801,1,16777215,2023-06-03 20:41:20,1154635809,1上,某人的梦（上）,鬼灭之刃 刀匠村篇,656835181
魔童：乖巧，调皮,523.624,1,16777215,2023-06-04 08:45:52,1154635809,1上,某人的梦（上）,鬼灭之刃 刀匠村篇,656835181
玉壶配音在火影里犬冢牙,333.633,5,9033215,2023-06-05 22:25:13,1154635809,1上,某人的梦（上）,鬼灭之刃 刀匠村篇,656835181
注意，这是童磨的视角，依旧能看清三哥移动速度，再次证明实力差距,1001.362,5,15138834,2024-02-10 01:15:13,1154635809,1上,某人的梦（上）,鬼灭之刃 刀匠村篇,656835181
主公：绝不相信后人的智慧,93.151,5,16777215,2023-06-04 14:42:31,1154635809,1上,某人的梦（上）,鬼灭之刃 刀匠村篇,656835181
这孩子打小就会说话,904.274,5,16707842,2023-06-03 20:39:09,1154635809,1上,某人的梦（上）,鬼灭之刃 刀匠村篇,656835181
原来你会主动说话啊（好可爱啊啊啊,1217.993,5,16777215,2024-07-05 21:50:26,1154635809,1上,某人的梦（上）,鬼灭之刃 刀匠村篇,656835181
经费充足到试管都这么逼真了。。。。,506.984,1,41194,2023-06-04 19:18:43,1154635809,1上,某人的梦（上）,鬼灭之刃 刀匠村篇,656835181
不论好坏，无惨的颜值真的可以,716.327,1,16777215,2023-06-06 08:34:03,1154635809,1上,某人的梦（上）,鬼灭之刃 刀匠村篇,656835181
注：黑死牟仍为人的时候是战国时代，下克上现象普遍，因此他对上下秩序很敏感,856.707,5,16777215,2025-11-25 18:52:16,1154635809,1上,某人的梦（上）,鬼灭之刃 刀匠村篇,656835181
我爱罗（不是）,140.205,5,16707842,2023-06-04 16:40:30,1154635809,1上,某人的梦（上）,鬼灭之刃 刀匠村篇,656835181
恭喜你发财～（幻听）,266.959,5,16707842,2023-06-19 12:57:45,1154635809,1上,某人的梦（上）,鬼灭之刃 刀匠村篇,656835181
因为上弦都有很强实力，所以也不畏惧鬼杀队,728.508,1,15138834,2023-06-05 23:32:23,1154635809,1上,某人的梦（上）,鬼灭之刃 刀匠村篇,656835181
注意看，童磨视角下，看得清三哥动作，两人差距还是有的,986.837,5,16777215,2025-08-11 14:17:56,1154635809,1上,某人的梦（上）,鬼灭之刃 刀匠村篇,656835181
等的花儿都谢了,41.177,1,16777215,2023-06-05 18:02:21,1154635809,1上,某人的梦（上）,鬼灭之刃 刀匠村篇,656835181
人类的力量是真的有极限啊,584.178,5,16777215,2023-06-09 20:17:51,1154635809,1上,某人的梦（上）,鬼灭之刃 刀匠村篇,656835181
前方无惨出场神镜头,479.271,5,16646914,2023-06-03 20:17:26,1154635809,1上,某人的梦（上）,鬼灭之刃 刀匠村篇,656835181
无限城力了（悲）,238.908,5,16777215,2023-06-04 17:40:23,1154635809,1上,某人的梦（上）,鬼灭之刃 刀匠村篇,656835181
童磨：为啥一瞬间就剩我自己了,1010.881,5,16777215,2023-06-06 12:42:48,1154635809,1上,某人的梦（上）,鬼灭之刃 刀匠村篇,656835181
哔哩哔哩无限矿产公司,19.059,5,16777215,2023-06-08 01:30:06,1154635809,1上,某人的梦（上）,鬼灭之刃 刀匠村篇,656835181
童磨好可爱啊,674.334,1,6830715,2023-06-05 12:48:46,1154635809,1上,某人的梦（上）,鬼灭之刃 刀匠村篇,656835181
三哥从这一刻正式开始了他的演员之旅,835.452,5,41194,2023-09-09 15:35:51,1154635809,1上,某人的梦（上）,鬼灭之刃 刀匠村篇,656835181
三哥因为残留的人性从不杀女性，但是童磨只吃女性，所以三哥特别讨厌童磨,440.014,5,16777215,2025-08-21 00:26:48,1154635809,1上,某人的梦（上）,鬼灭之刃 刀匠村篇,656835181
野岛GG的声音还是那么温柔！灶门家祖传的温柔,1102.205,1,9487136,2023-06-03 22:09:24,1154635809,1上,某人的梦（上）,鬼灭之刃 刀匠村篇,656835181
感觉他和真人会聊的很开心hh,1046.388,5,16765698,2024-06-29 15:37:48,1154635809,1上,某人的梦（上）,鬼灭之刃 刀匠村篇,656835181
东～～西～～南～～北～～中,265.171,5,16777215,2023-07-23 00:52:16,1154635809,1上,某人的梦（上）,鬼灭之刃 刀匠村篇,656835181
这里其实能看出来实力差距了，只有上一上二敢劝发怒的老板,666.998,1,16777215,2023-06-22 21:42:50,1154635809,1上,某人的梦（上）,鬼灭之刃 刀匠村篇,656835181
我靠 谁懂 耳机党狂喜,191.634,1,15138834,2023-06-04 08:27:27,1154635809,1上,某人的梦（上）,鬼灭之刃 刀匠村篇,656835181
这里是怕到日出还没有救援所以围起来怕豆子被烧到,49.079,5,16777215,2023-06-03 21:26:03,1154635809,1上,某人的梦（上）,鬼灭之刃 刀匠村篇,656835181
今天他敢分你的头，明天就敢分我的头,863.297,5,16776960,2023-06-12 13:52:47,1154635809,1上,某人的梦（上）,鬼灭之刃 刀匠村篇,656835181
三哥:谁死了？一定是童磨,158.033,5,16777215,2023-06-03 23:59:27,1154635809,1上,某人的梦（上）,鬼灭之刃 刀匠村篇,656835181
问：三哥断了多少次手了,838.758,5,16777215,2023-06-03 21:36:37,1154635809,1上,某人的梦（上）,鬼灭之刃 刀匠村篇,656835181
公式书说了，童磨实力强是因为他变鬼的天赋感，高其他鬼几倍来着？,905.321,5,16777215,2023-07-19 20:12:13,1154635809,1上,某人的梦（上）,鬼灭之刃 刀匠村篇,656835181
鬼杀队：快说！谢谢三哥！！！,829.09,5,15138834,2023-06-11 09:49:58,1154635809,1上,某人的梦（上）,鬼灭之刃 刀匠村篇,656835181
三哥：打不死童磨，我还打不碎你个夜壶吗,417.523,5,41194,2023-06-25 18:28:32,1154635809,1上,某人的梦（上）,鬼灭之刃 刀匠村篇,656835181
炭治郎：感谢鸣女给的存活机会,1023.968,5,15138834,2023-06-04 01:20:21,1154635809,1上,某人的梦（上）,鬼灭之刃 刀匠村篇,656835181
我～是～大～白～菜～,265.038,1,16777215,2024-01-28 03:07:55,1154635809,1上,某人的梦（上）,鬼灭之刃 刀匠村篇,656835181
三哥:都这么对我是吧？好，我演定了,951.697,5,41194,2024-07-09 20:54:15,1154635809,1上,某人的梦（上）,鬼灭之刃 刀匠村篇,656835181
三哥：找个理由把童磨揍一顿，真不错,831.119,5,16777215,2023-06-10 21:29:19,1154635809,1上,某人的梦（上）,鬼灭之刃 刀匠村篇,656835181
冷知识：黑死牟实际上和无惨大概是合作关系,866.663,5,15138834,2024-06-26 18:37:47,1154635809,1上,某人的梦（上）,鬼灭之刃 刀匠村篇,656835181
三哥:你看我演不演你就完了,593.879,5,16777215,2023-06-04 00:42:24,1154635809,1上,某人的梦（上）,鬼灭之刃 刀匠村篇,656835181
炭治郎：我家门口野花，你要找几千年？,629.108,1,16777215,2023-07-29 21:20:11,1154635809,1上,某人的梦（上）,鬼灭之刃 刀匠村篇,656835181
热知识：黑死牟是唯一一个不被无惨监控的上弦，因为他记忆里全是缘一，无惨不敢看,869.774,5,16646914,2024-07-20 19:54:23,1154635809,1上,某人的梦（上）,鬼灭之刃 刀匠村篇,656835181
三哥的原则就是不杀不吃女人啊啊啊啊啊两个雷区舞王,419.591,5,15138834,2024-12-04 00:44:20,1154635809,1上,某人的梦（上）,鬼灭之刃 刀匠村篇,656835181
猗窝座：看我无限城怎么演你们,957.744,5,16776960,2025-11-22 18:38:57,1154635809,1上,某人的梦（上）,鬼灭之刃 刀匠村篇,656835181
冷知识：黑死牟和无惨是合作关系,664.319,5,16777215,2024-06-29 20:18:12,1154635809,1上,某人的梦（上）,鬼灭之刃 刀匠村篇,656835181
缘一很少笑，但善良是出于孩童时就有的天然纯真，而不是人类的道德束缚,1092.016,5,16765698,2023-08-28 13:43:40,1154635809,1上,某人的梦（上）,鬼灭之刃 刀匠村篇,656835181
“我掌握了一条情报，定能去再送两个”,681.212,5,16707842,2023-06-03 23:57:04,1154635809,1上,某人的梦（上）,鬼灭之刃 刀匠村篇,656835181
友情提示：老五讨厌自己的壶被拿来乱用，三哥很爱护女人（和他的妻子有关）,409.346,1,16777215,2024-04-04 12:15:22,1154635809,1上,某人的梦（上）,鬼灭之刃 刀匠村篇,656835181
感谢鸣女救下炭治郎一命,1023.37,5,16707842,2023-08-04 13:31:43,1154635809,1上,某人的梦（上）,鬼灭之刃 刀匠村篇,656835181
炭治郎：我好像看见我太爷爷了,1190.421,5,15138834,2024-06-26 14:34:34,1154635809,1上,某人的梦（上）,鬼灭之刃 刀匠村篇,656835181
三哥打过一次黑死牟，没打赢，但是上一欣赏上三，所以没把三哥吃了,956.903,5,16777215,2023-12-01 22:17:29,1154635809,1上,某人的梦（上）,鬼灭之刃 刀匠村篇,656835181
上弦123的实力差距很大，特别是1和2之间,895.99,5,16777215,2024-06-23 17:31:13,1154635809,1上,某人的梦（上）,鬼灭之刃 刀匠村篇,656835181
这一声传送童磨的琵琶听起来都更刺耳啊哈哈哈哈,1024.465,5,15138834,2024-10-29 21:38:25,1154635809,1上,某人的梦（上）,鬼灭之刃 刀匠村篇,656835181
热知识:上弦只有黑死牟和三哥没有吃过人，一个靠剑术，一个是武术,896.215,5,15138834,2023-08-13 18:01:15,1154635809,1上,某人的梦（上）,鬼灭之刃 刀匠村篇,656835181
实际上黑死牟和猗窝座座关系很好,925.339,5,16777215,2024-08-09 20:13:15,1154635809,1上,某人的梦（上）,鬼灭之刃 刀匠村篇,656835181
全剧唯一绝对战力天花板,1062.845,5,15138834,2023-07-25 00:13:53,1154635809,1上,某人的梦（上）,鬼灭之刃 刀匠村篇,656835181
三哥：死的是童磨是童磨是童磨是童磨是童磨是童磨是童磨是童磨,169.548,5,16777215,2025-11-19 15:01:00,1154635809,1上,某人的梦（上）,鬼灭之刃 刀匠村篇,656835181
横向对比上弦的发展过程，上三是最猛的，上一起步比三高，而且能压着三打,852.137,5,16777215,2023-06-23 08:59:53,1154635809,1上,某人的梦（上）,鬼灭之刃 刀匠村篇,656835181
冷知识∶除了祢豆子以外的鬼都会吃人,996.474,5,16707842,2023-10-13 00:21:41,1154635809,1上,某人的梦（上）,鬼灭之刃 刀匠村篇,656835181
其实童磨一直很听无惨的话 也一直很崇拜他 只是他的性格和态度让无惨非常不相信他,521.729,1,16777215,2025-04-02 17:26:37,1154635809,1上,某人的梦（上）,鬼灭之刃 刀匠村篇,656835181
童磨去了的话无惨就真的离理想更进一步了哈哈哈哈,812.949,5,38979,2023-07-01 23:05:29,1154635809,1上,某人的梦（上）,鬼灭之刃 刀匠村篇,656835181
传说童磨不用洗头，头发脏了就找猗窝座挑衅，这时对方会把他的头打掉,811.061,1,16777215,2025-08-15 13:56:04,1154635809,1上,某人的梦（上）,鬼灭之刃 刀匠村篇,656835181
宝妈自学中药中,510.461,5,16777215,2025-12-18 21:24:56,1154635809,1上,某人的梦（上）,鬼灭之刃 刀匠村篇,656835181
我～是～大～白～菜～,264.167,1,16777215,2025-02-21 12:10:55,1154635809,1上,某人的梦（上）,鬼灭之刃 刀匠村篇,656835181
是不是鬼越强吃的人越多，这还有人洗啊,978.09,1,16777215,2023-06-04 09:50:46,1154635809,1上,某人的梦（上）,鬼灭之刃 刀匠村篇,656835181
补充说明一下，童磨在无限城说过女人的营养价值更高，所以他也不理解为何猗窝座不吃女人,909.0,5,9033215,2023-06-27 04:54:38,1154635809,1上,某人的梦（上）,鬼灭之刃 刀匠村篇,656835181
最强遗传基因：炼狱家和灶门家,1110.032,5,15772458,2025-11-23 11:19:58,1154635809,1上,某人的梦（上）,鬼灭之刃 刀匠村篇,656835181
老板发火我撒娇,527.287,5,16777215,2023-06-10 14:32:39,1154635809,1上,某人的梦（上）,鬼灭之刃 刀匠村篇,656835181
阎王:为啥这人在我这儿忽明忽暗的,96.768,5,16777215,2023-07-17 22:35:33,1154635809,1上,某人的梦（上）,鬼灭之刃 刀匠村篇,656835181
缘一是天生斑纹，唯一开启了斑纹寿终正寝的人,1201.136,5,16646914,2023-06-04 20:40:39,1154635809,1上,某人的梦（上）,鬼灭之刃 刀匠村篇,656835181
上弦之二漫长空虚一生的终点,203.467,5,16777215,2023-06-03 20:45:54,1154635809,1上,某人的梦（上）,鬼灭之刃 刀匠村篇,656835181
三哥：鬼杀队编外人员,829.885,1,16707842,2023-08-01 15:35:29,1154635809,1上,某人的梦（上）,鬼灭之刃 刀匠村篇,656835181
上弦一，黑死牟，斑纹武士，自创对应日呼的月呼（每招都是杀招）,932.969,5,16707842,2023-06-04 11:47:47,1154635809,1上,某人的梦（上）,鬼灭之刃 刀匠村篇,656835181
试管里的药剂不宜超过三分之一。。。不好意思习惯了,511.543,5,16646914,2023-06-10 19:25:07,1154635809,1上,某人的梦（上）,鬼灭之刃 刀匠村篇,656835181
三哥：是童磨吧？！一定是童磨吧！对吧！（超级兴奋）,148.406,5,16646914,2023-06-04 11:24:18,1154635809,1上,某人的梦（上）,鬼灭之刃 刀匠村篇,656835181
蝎：你懂我,715.174,5,16777215,2024-06-15 12:05:25,1154635809,1上,某人的梦（上）,鬼灭之刃 刀匠村篇,656835181
好怕突然来句【人间失格】（doge,385.746,5,15138834,2023-06-06 13:24:20,1154635809,1上,某人的梦（上）,鬼灭之刃 刀匠村篇,656835181
三哥：感谢老板在我踌躇不定的时候给了一剂强心针，开摆！！！,618.973,5,16707842,2023-06-04 11:36:27,1154635809,1上,某人的梦（上）,鬼灭之刃 刀匠村篇,656835181
鸣女的能力也太强了，没有消耗上线，万一鬼在里面躲一辈子不就永远找不到了,220.647,5,16777215,2025-07-09 23:56:30,1154635809,1上,某人的梦（上）,鬼灭之刃 刀匠村篇,656835181
上弦二要是去，锻刀村直接变冰河世纪,816.53,5,41194,2023-08-24 15:37:45,1154635809,1上,某人的梦（上）,鬼灭之刃 刀匠村篇,656835181
没有小梅，六哥也不能跟你们玩啊,542.995,1,16707842,2023-06-04 13:46:33,1154635809,1上,某人的梦（上）,鬼灭之刃 刀匠村篇,656835181
这弹一下把童磨唤来了,356.173,5,16707842,2023-06-03 20:12:34,1154635809,1上,某人的梦（上）,鬼灭之刃 刀匠村篇,656835181
三哥压根貌似不吃人，变强好像完全是靠和强者打架,899.218,5,16777215,2023-06-04 20:25:53,1154635809,1上,某人的梦（上）,鬼灭之刃 刀匠村篇,656835181
这时候上弦6个是满的，鸣女更像是助理，后来升了上4,782.847,5,16777215,2025-07-27 16:08:03,1154635809,1上,某人的梦（上）,鬼灭之刃 刀匠村篇,656835181
磨磨头好呆哈哈哈好可爱,874.772,5,16777215,2023-06-30 11:55:52,1154635809,1上,某人的梦（上）,鬼灭之刃 刀匠村篇,656835181
原来你会说话啊,360.759,1,16777215,2023-06-03 20:27:54,1154635809,1上,某人的梦（上）,鬼灭之刃 刀匠村篇,656835181
我可是唯一一个被单杀的上弦(doge),677.791,5,16707842,2023-06-04 00:32:40,1154635809,1上,某人的梦（上）,鬼灭之刃 刀匠村篇,656835181
堕姬：你当时不是这样说的.,547.598,5,16765698,2024-07-30 04:06:50,1154635809,1上,某人的梦（上）,鬼灭之刃 刀匠村篇,656835181
义勇：原来你也没有被讨厌,1021.984,5,16777215,2025-11-24 20:01:29,1154635809,1上,某人的梦（上）,鬼灭之刃 刀匠村篇,656835181
无惨：鬼都不相信,1176.69,5,15138834,2023-06-06 19:28:17,1154635809,1上,某人的梦（上）,鬼灭之刃 刀匠村篇,656835181
长六只眼睛是为了看清缘一的动作,941.174,5,15138834,2023-06-11 12:31:01,1154635809,1上,某人的梦（上）,鬼灭之刃 刀匠村篇,656835181
你还怪有礼貌嘞,969.715,5,16777215,2023-06-09 19:41:07,1154635809,1上,某人的梦（上）,鬼灭之刃 刀匠村篇,656835181
伊之助：嗑到了嗑到了,1225.23,5,15138834,2023-06-03 22:49:34,1154635809,1上,某人的梦（上）,鬼灭之刃 刀匠村篇,656835181
三哥很不喜欢童磨，因为童磨只吃女人小孩，三哥非必要不吃人，猎杀的都是强者,392.498,5,16777215,2024-06-24 02:28:39,1154635809,1上,某人的梦（上）,鬼灭之刃 刀匠村篇,656835181
冷知识，吃女性更有营养只是童磨认为,905.788,5,15138834,2023-10-19 23:08:19,1154635809,1上,某人的梦（上）,鬼灭之刃 刀匠村篇,656835181
仔细看，这个不是炭治郎，他们的眼睛是有所差异的！,1150.364,5,16777215,2023-06-04 23:42:59,1154635809,1上,某人的梦（上）,鬼灭之刃 刀匠村篇,656835181
产屋敷：击杀了上弦吗？干得好，这是百年未有的大变局,739.58,5,16777215,2023-07-15 22:03:27,1154635809,1上,某人的梦（上）,鬼灭之刃 刀匠村篇,656835181
【鬼舞辻无惨   因语言过激被踢出直播间】,1174.855,5,8700107,2025-12-06 07:37:01,1154635809,1上,某人的梦（上）,鬼灭之刃 刀匠村篇,656835181
补充一下，这里是只有三哥对自己人类时期完全失忆，只有五四二一对人类时期记忆完全熟悉,589.719,5,13369971,2024-04-05 17:23:36,1154635809,1上,某人的梦（上）,鬼灭之刃 刀匠村篇,656835181
和太宰一个声优哦,914.14,5,41194,2023-10-06 22:46:25,1154635809,1上,某人的梦（上）,鬼灭之刃 刀匠村篇,656835181
感觉玉壶右边嘴巴是说真话，左边嘴巴是说假话,416.843,5,16646914,2025-12-08 19:20:03,1154635809,1上,某人的梦（上）,鬼灭之刃 刀匠村篇,656835181
还是有差距的，无限城篇里看得出来，童磨对战是带着玩的心还能压制对手，三哥则是对尊重的对手认真打,903.058,1,16777215,2023-07-15 22:09:23,1154635809,1上,某人的梦（上）,鬼灭之刃 刀匠村篇,656835181
他只是一个一千岁的孩子啊,635.482,5,16777215,2023-06-06 21:09:34,1154635809,1上,某人的梦（上）,鬼灭之刃 刀匠村篇,656835181
这里对上一上三实力的对比很明显,988.082,5,16777215,2023-06-03 20:33:52,1154635809,1上,某人的梦（上）,鬼灭之刃 刀匠村篇,656835181
你这壶不对称啊(doge),281.524,5,15138834,2023-06-03 20:13:01,1154635809,1上,某人的梦（上）,鬼灭之刃 刀匠村篇,656835181
三哥：什么b动静,284.798,5,16777215,2023-06-05 01:19:43,1154635809,1上,某人的梦（上）,鬼灭之刃 刀匠村篇,656835181
绝  命  毒  师,504.634,5,38979,2023-06-03 20:36:03,1154635809,1上,某人的梦（上）,鬼灭之刃 刀匠村篇,656835181
但凡无惨蛊惑几个人类白天去找也不会这样,627.106,5,16777215,2023-06-04 00:15:01,1154635809,1上,某人的梦（上）,鬼灭之刃 刀匠村篇,656835181
无惨与黑死牟是合伙人，不怎么喜欢童魔，喜欢猗窝座因为猗窝座忠诚且卖力,668.231,1,16777215,2025-11-20 02:31:17,1154635809,1上,某人的梦（上）,鬼灭之刃 刀匠村篇,656835181
你但凡去一下炭治郎家后院呢,630.72,5,41194,2025-12-13 23:42:13,1154635809,1上,某人的梦（上）,鬼灭之刃 刀匠村篇,656835181
童磨只吃女人，猗窝座不杀女人，所以讨厌他,433.267,5,15138834,2025-07-25 23:40:43,1154635809,1上,某人的梦（上）,鬼灭之刃 刀匠村篇,656835181
注意:这里三哥肩膀动的时候童磨就已经看向他的拳头了,429.074,5,16777215,2024-12-26 12:57:35,1154635809,1上,某人的梦（上）,鬼灭之刃 刀匠村篇,656835181
弥豆子：满头大汉,42.033,5,16777215,2023-06-03 21:03:51,1154635809,1上,某人的梦（上）,鬼灭之刃 刀匠村篇,656835181
这里是因为继国岩胜也比较喜欢猗窝座，所以出手匡正他的言行。而对童磨是毫不关心的。,861.709,5,16777215,2025-08-27 12:33:02,1154635809,1上,某人的梦（上）,鬼灭之刃 刀匠村篇,656835181
因为这花只在白天开呢,631.784,5,16707842,2023-06-13 00:18:52,1154635809,1上,某人的梦（上）,鬼灭之刃 刀匠村篇,656835181
无惨：童磨你走吧求你了,530.087,1,16777215,2025-11-21 15:20:41,1154635809,1上,某人的梦（上）,鬼灭之刃 刀匠村篇,656835181
公式书说了，童磨实力强是因为他变鬼的天赋感，高其他鬼几倍来着？,901.486,1,38979,2023-06-04 11:57:21,1154635809,1上,某人的梦（上）,鬼灭之刃 刀匠村篇,656835181
优秀员工的发言方式,723.068,1,16777215,2023-08-26 12:06:26,1154635809,1上,某人的梦（上）,鬼灭之刃 刀匠村篇,656835181
堕姬：但凡我能开【石之自由】都不至于是这个战绩（声优梗）,544.24,5,4351678,2023-07-06 19:16:20,1154635809,1上,某人的梦（上）,鬼灭之刃 刀匠村篇,656835181
因为上弦不但不怕死，他们也深知无惨不会轻易杀了自己啊,735.785,1,16777215,2023-06-04 08:52:27,1154635809,1上,某人的梦（上）,鬼灭之刃 刀匠村篇,656835181
合着这下传送的是我呗,1023.311,5,16777215,2023-06-03 21:59:46,1154635809,1上,某人的梦（上）,鬼灭之刃 刀匠村篇,656835181
上一一直都开通透世界着呢，上一可是缘一的哥哥,838.73,5,16646914,2023-06-03 20:35:40,1154635809,1上,某人的梦（上）,鬼灭之刃 刀匠村篇,656835181
三哥：无限城上弦谁死了，一定是童磨,169.342,5,16777215,2023-06-06 12:16:27,1154635809,1上,某人的梦（上）,鬼灭之刃 刀匠村篇,656835181
他就是懒，一直没把鬼杀队当成什么真的威胁，比较厉害的上弦一直在帮忙找彼岸花,856.997,5,16777215,2025-08-27 12:32:55,1154635809,1上,某人的梦（上）,鬼灭之刃 刀匠村篇,656835181
阿玛特拉斯,730.582,5,16777215,2025-08-15 22:57:52,1154635809,1上,某人的梦（上）,鬼灭之刃 刀匠村篇,656835181
我明白他一直以为他和三哥关系好的原因了，是不是因为至少三哥会打他其他人都不理他的原因,1012.117,1,16777215,2024-07-22 11:09:47,1154635809,1上,某人的梦（上）,鬼灭之刃 刀匠村篇,656835181
俺姐你吓我一跳！！！,256.98,5,16777215,2025-11-25 22:34:15,1154635809,1上,某人的梦（上）,鬼灭之刃 刀匠村篇,656835181
黑死牟：尔要试试我的宝剑是否锋利吗？,366.884,5,16777215,2023-06-04 01:31:04,1154635809,1上,某人的梦（上）,鬼灭之刃 刀匠村篇,656835181
三哥真的是各种意义上的养眼,335.135,5,15138834,2023-06-05 13:19:50,1154635809,1上,某人的梦（上）,鬼灭之刃 刀匠村篇,656835181
你这壶不对称啊.,280.679,5,16777215,2023-06-03 21:31:01,1154635809,1上,某人的梦（上）,鬼灭之刃 刀匠村篇,656835181
溶液不能超过试管的1/3！,501.34,5,16777215,2025-12-22 11:58:28,1154635809,1上,某人的梦（上）,鬼灭之刃 刀匠村篇,656835181
继国严胜；【和善微笑】,1176.145,5,41194,2023-07-29 14:00:09,1154635809,1上,某人的梦（上）,鬼灭之刃 刀匠村篇,656835181
无惨直接当没听见哈哈哈哈哈哈哈哈哈哈哈哈哈哈哈,612.647,5,16777215,2025-11-17 19:49:33,1154635809,1上,某人的梦（上）,鬼灭之刃 刀匠村篇,656835181
试管内液体超过试管3/1，不水平拿试管,497.572,5,16707842,2026-01-17 16:15:37,1154635809,1上,某人的梦（上）,鬼灭之刃 刀匠村篇,656835181
要说的话，一二三都保留了不少人类特质吧。当然，二在当人的时候就不当人了,589.703,1,16777215,2025-11-25 13:59:05,1154635809,1上,某人的梦（上）,鬼灭之刃 刀匠村篇,656835181
三哥：大家莫慌，我来助力！,826.693,1,16777215,2023-06-03 23:02:33,1154635809,1上,某人的梦（上）,鬼灭之刃 刀匠村篇,656835181
上弦最正常的好像就只有上弦1和3哥了,807.863,1,16777215,2024-01-01 12:27:47,1154635809,1上,某人的梦（上）,鬼灭之刃 刀匠村篇,656835181
上一赏识三哥，但三哥却不喜欢他。因为三哥恋人和师傅都是被剑士毒杀的,952.283,1,15138834,2023-06-26 17:26:55,1154635809,1上,某人的梦（上）,鬼灭之刃 刀匠村篇,656835181
无惨：义父何出此言,1167.045,5,15138834,2025-11-26 10:45:41,1154635809,1上,某人的梦（上）,鬼灭之刃 刀匠村篇,656835181
难以想象玉壶是小鸟配的(小鸟的三藏强袭自由高达先生超温柔),418.094,5,16777215,2023-06-03 20:28:02,1154635809,1上,某人的梦（上）,鬼灭之刃 刀匠村篇,656835181
这么高的速度三哥都能站起来。。。太帅了太帅了,224.653,5,16777215,2024-06-28 15:02:36,1154635809,1上,某人的梦（上）,鬼灭之刃 刀匠村篇,656835181
冷知识：童磨的配音和太宰是一个配音,1019.609,1,8700107,2023-06-26 23:14:11,1154635809,1上,某人的梦（上）,鬼灭之刃 刀匠村篇,656835181
注：三个不吃女性，但童磨专吃女性，所以三哥及其讨厌童磨,388.735,1,16777215,2023-06-03 20:20:35,1154635809,1上,某人的梦（上）,鬼灭之刃 刀匠村篇,656835181
无惨一直觉得童磨莫名其妙，所以选择不搭理他啦哈哈哈哈,607.761,1,16777215,2025-11-18 20:30:12,1154635809,1上,某人的梦（上）,鬼灭之刃 刀匠村篇,656835181
看到新井嘴角就一股无名火。,602.349,5,16707842,2025-01-24 23:53:08,1154635809,1上,某人的梦（上）,鬼灭之刃 刀匠村篇,656835181
这个男人是本作天花板叫继国缘一，上弦一是他的亲哥哥叫继国岩胜，,1127.612,5,15138834,2023-06-04 19:02:40,1154635809,1上,某人的梦（上）,鬼灭之刃 刀匠村篇,656835181
炭治郎一家的下酒菜,618.725,5,15138834,2023-06-11 23:19:00,1154635809,1上,某人的梦（上）,鬼灭之刃 刀匠村篇,656835181
有没有一种可能找不到彼岸花是因为你的下属没有一个人去找（开玩笑的我知道白天开）,616.053,1,14811775,2023-06-04 13:59:46,1154635809,1上,某人的梦（上）,鬼灭之刃 刀匠村篇,656835181
热知识：童磨只吃女性，三哥从不吃女性,416.827,1,16777215,2023-11-04 19:11:42,1154635809,1上,某人的梦（上）,鬼灭之刃 刀匠村篇,656835181
怎么办童磨真的好可爱啊啊啊,675.923,5,16707842,2023-06-04 15:31:07,1154635809,1上,某人的梦（上）,鬼灭之刃 刀匠村篇,656835181
我们如同宝妈自学中医的午餐,490.525,5,16777215,2025-12-10 22:25:53,1154635809,1上,某人的梦（上）,鬼灭之刃 刀匠村篇,656835181
鬼灭在设定上有记忆遗传这一说，就是记忆也会遗传给后代,1202.599,5,16777215,2023-06-06 17:04:33,1154635809,1上,某人的梦（上）,鬼灭之刃 刀匠村篇,656835181
童磨：上弦自己的义勇,1021.275,1,16777215,2024-02-04 13:34:09,1154635809,1上,某人的梦（上）,鬼灭之刃 刀匠村篇,656835181
三哥：没想到童磨这么快就死了哈哈哈哈,164.471,5,16777215,2023-07-14 00:16:40,1154635809,1上,某人的梦（上）,鬼灭之刃 刀匠村篇,656835181
童磨典型的恶不自知，上弦里三哥是最真男人的，其次是老六,458.298,5,16777215,2023-06-03 22:11:48,1154635809,1上,某人的梦（上）,鬼灭之刃 刀匠村篇,656835181
雷电将军发来致电,711.474,1,6830715,2023-06-03 21:37:14,1154635809,1上,某人的梦（上）,鬼灭之刃 刀匠村篇,656835181
神父：是质数！天国…（窜台了）,346.886,5,6830715,2023-06-03 20:15:51,1154635809,1上,某人的梦（上）,鬼灭之刃 刀匠村篇,656835181
救护车，开启陆地传送门,1004.83,5,15138834,2023-06-04 15:49:48,1154635809,1上,某人的梦（上）,鬼灭之刃 刀匠村篇,656835181
百年未有之大变局笑死我了,735.927,1,16777215,2023-06-04 19:13:55,1154635809,1上,某人的梦（上）,鬼灭之刃 刀匠村篇,656835181
岩胜有通透世界，所以三哥没有注意到他,473.213,5,16777215,2024-07-03 02:05:03,1154635809,1上,某人的梦（上）,鬼灭之刃 刀匠村篇,656835181
三哥：不是童魔死了我吃,178.606,5,16777215,2025-08-20 23:42:41,1154635809,1上,某人的梦（上）,鬼灭之刃 刀匠村篇,656835181
宝妈自学中医中,487.369,1,16777215,2025-12-10 12:58:13,1154635809,1上,某人的梦（上）,鬼灭之刃 刀匠村篇,656835181
无惨：走今天团建，我们出去晒晒太阳,503.952,5,16777215,2023-06-03 20:15:32,1154635809,1上,某人的梦（上）,鬼灭之刃 刀匠村篇,656835181
三哥：死的是童磨是童磨是童磨是童磨是童磨是童磨是童磨是童磨,175.271,5,16777215,2026-01-24 11:10:59,1154635809,1上,某人的梦（上）,鬼灭之刃 刀匠村篇,656835181
其实就是随便找个理由打童磨吧三,832.034,5,16777215,2025-09-21 00:41:26,1154635809,1上,某人的梦（上）,鬼灭之刃 刀匠村篇,656835181
彼岸花是白天开的,634.14,1,16777215,2023-06-04 08:54:47,1154635809,1上,某人的梦（上）,鬼灭之刃 刀匠村篇,656835181
因为电影过来补番的扣1,24.778,5,15138834,2025-11-14 00:18:22,1154635809,1上,某人的梦（上）,鬼灭之刃 刀匠村篇,656835181
如果跟以前一样那可就跟缘一太像了，无惨跟他独处怕是要被吓死,935.717,1,16777215,2024-07-13 16:49:28,1154635809,1上,某人的梦（上）,鬼灭之刃 刀匠村篇,656835181
注：缘一不是天花板，无惨是天花板，缘一是回忆里站在天花板上的男人,1066.489,1,16777215,2023-07-04 18:45:07,1154635809,1上,某人的梦（上）,鬼灭之刃 刀匠村篇,656835181
冷知识：童磨和太宰是一个配音员,877.03,5,15138834,2024-02-16 23:39:39,1154635809,1上,某人的梦（上）,鬼灭之刃 刀匠村篇,656835181
因为花开在白天,632.551,5,16777215,2023-06-15 12:06:39,1154635809,1上,某人的梦（上）,鬼灭之刃 刀匠村篇,656835181
三哥看着好像很惹眼，其实上一跟无惨都很看好他，无惨是看他实力强又忠心，上一是看中他骨气,958.251,1,16777215,2025-12-04 19:04:49,1154635809,1上,某人的梦（上）,鬼灭之刃 刀匠村篇,656835181
这个塞呦哪啦真的可爱至极啊啊啊,970.866,5,14811775,2023-08-28 11:21:08,1154635809,1上,某人的梦（上）,鬼灭之刃 刀匠村篇,656835181
孔子：是这样子的,867.772,5,16777215,2023-07-31 17:50:21,1154635809,1上,某人的梦（上）,鬼灭之刃 刀匠村篇,656835181
事实上，天生斑纹的一般没副作用，但是炭治郎老爹是个意外，生重病死了,1207.508,1,16777215,2023-06-18 01:16:27,1154635809,1上,某人的梦（上）,鬼灭之刃 刀匠村篇,656835181
三哥：崽种，直视我,143.514,5,16776960,2023-06-12 13:26:07,1154635809,1上,某人的梦（上）,鬼灭之刃 刀匠村篇,656835181
在想如果无限城是童磨和义勇打会怎么样,1023.642,1,16707842,2023-06-06 21:24:40,1154635809,1上,某人的梦（上）,鬼灭之刃 刀匠村篇,656835181
冷知识：三哥不吃女人所以三哥很讨厌吃女人的二哥,427.133,1,16777215,2023-11-18 18:33:56,1154635809,1上,某人的梦（上）,鬼灭之刃 刀匠村篇,656835181
下面请欣赏名场面之上弦开会,111.025,5,16777215,2025-12-09 13:40:19,1154635809,1上,某人的梦（上）,鬼灭之刃 刀匠村篇,656835181
坐的这么板正，手还放在膝盖上，他真的很像大家闺秀啊(//∇//)！！！！！！！！！！！！,657.407,1,41194,2024-05-19 17:13:35,1154635809,1上,某人的梦（上）,鬼灭之刃 刀匠村篇,656835181
不愧是大家闺秀 哈哈 ,468.733,1,14811775,2023-06-03 22:16:40,1154635809,1上,某人的梦（上）,鬼灭之刃 刀匠村篇,656835181
炭治郎居然和他的祖先长得一模一样！！！,1076.703,5,16707842,2025-10-06 19:10:02,1154635809,1上,某人的梦（上）,鬼灭之刃 刀匠村篇,656835181
⊙0⊙,1211.228,5,14811775,2025-06-20 13:27:18,1154635809,1上,某人的梦（上）,鬼灭之刃 刀匠村篇,656835181
啊呀呀童磨真的萌死我了怎么这么可爱啊！,969.044,5,16707842,2024-07-20 00:41:57,1154635809,1上,某人的梦（上）,鬼灭之刃 刀匠村篇,656835181
我想问这几个镜头的运镜是三哥那边负责的吗？,950.789,5,15138834,2023-06-17 20:47:38,1154635809,1上,某人的梦（上）,鬼灭之刃 刀匠村篇,656835181
门师傅要去干掉伊鲁卡老师,90.408,5,16707842,2023-06-12 03:23:39,1154635809,1上,某人的梦（上）,鬼灭之刃 刀匠村篇,656835181
碳治郎家的泡菜缸里,623.989,1,16777215,2023-06-03 20:31:45,1154635809,1上,某人的梦（上）,鬼灭之刃 刀匠村篇,656835181
还特定去看童磨死了没，他真的我哭死,205.033,5,16777215,2023-06-04 19:40:59,1154635809,1上,某人的梦（上）,鬼灭之刃 刀匠村篇,656835181
影:原来你也追求永恒,701.429,5,6830715,2023-06-04 17:37:14,1154635809,1上,某人的梦（上）,鬼灭之刃 刀匠村篇,656835181
童磨要真去了要直接结局了,1015.351,5,16777215,2025-12-06 23:23:01,1154635809,1上,某人的梦（上）,鬼灭之刃 刀匠村篇,656835181
有没谁注意到玉壶的头被无惨捧着的时有红晕,725.629,1,16777215,2023-08-16 08:57:51,1154635809,1上,某人的梦（上）,鬼灭之刃 刀匠村篇,656835181
童磨的声优是太宰治的声优,672.408,5,16777215,2023-07-02 19:50:28,1154635809,1上,某人的梦（上）,鬼灭之刃 刀匠村篇,656835181
我～是大白鸡～,267.228,1,16777215,2023-06-04 15:38:50,1154635809,1上,某人的梦（上）,鬼灭之刃 刀匠村篇,656835181
因为那玩意儿只在白天开,616.053,5,16707842,2023-06-03 20:36:40,1154635809,1上,某人的梦（上）,鬼灭之刃 刀匠村篇,656835181
炭治郎他爸？,476.401,1,16777215,2023-06-29 20:24:45,1154635809,1上,某人的梦（上）,鬼灭之刃 刀匠村篇,656835181
三哥：你没死啊，那开这个会干啥,368.2,5,15138834,2026-01-01 18:09:38,1154635809,1上,某人的梦（上）,鬼灭之刃 刀匠村篇,656835181
重岳：无惨，今天的晨功又没看到你（乐,504.423,5,16777215,2023-06-09 21:18:37,1154635809,1上,某人的梦（上）,鬼灭之刃 刀匠村篇,656835181
继国缘二？,476.659,1,16777215,2023-06-03 22:53:29,1154635809,1上,某人的梦（上）,鬼灭之刃 刀匠村篇,656835181
是不是炭治郎的爹啊，好像啊，还有灼烧纹,938.49,1,16777215,2023-06-03 21:17:47,1154635809,1上,某人的梦（上）,鬼灭之刃 刀匠村篇,656835181
【砸瓦鲁多】！时间停止了！！！,686.972,5,16707842,2023-06-03 20:15:55,1154635809,1上,某人的梦（上）,鬼灭之刃 刀匠村篇,656835181
做人做鬼都不受待见,1006.442,5,16777215,2025-11-23 15:10:54,1154635809,1上,某人的梦（上）,鬼灭之刃 刀匠村篇,656835181
上一的发型好像炭治郎他爸,927.788,1,16777215,2023-06-04 20:14:39,1154635809,1上,某人的梦（上）,鬼灭之刃 刀匠村篇,656835181
三哥：什么波一动静,285.014,5,16777215,2023-06-03 22:28:12,1154635809,1上,某人的梦（上）,鬼灭之刃 刀匠村篇,656835181
先来童磨这里看也太好笑了,203.422,5,16777215,2025-12-25 17:19:14,1154635809,1上,某人的梦（上）,鬼灭之刃 刀匠村篇,656835181
你脸红个泡泡茶壶啊！,802.525,5,16777215,2025-12-24 17:21:52,1154635809,1上,某人的梦（上）,鬼灭之刃 刀匠村篇,656835181
您的美团外卖已送达,1038.271,5,9487136,2025-12-13 23:52:05,1154635809,1上,某人的梦（上）,鬼灭之刃 刀匠村篇,656835181
没想到吧，我存了整整一季，hhhhhh,8.402,1,16777215,2023-08-14 12:22:36,1154635809,1上,某人的梦（上）,鬼灭之刃 刀匠村篇,656835181
大家闺秀严胜,865.249,5,16777215,2025-09-19 00:27:30,1154635809,1上,某人的梦（上）,鬼灭之刃 刀匠村篇,656835181
公式书说了，童磨实力强是因为他变鬼的天赋感，高其他鬼几倍来着？,905.265,1,16777215,2023-06-04 11:57:10,1154635809,1上,某人的梦（上）,鬼灭之刃 刀匠村篇,656835181
唯有永恒，最接近天理,712.382,5,6830715,2023-06-05 12:49:09,1154635809,1上,某人的梦（上）,鬼灭之刃 刀匠村篇,656835181
三哥:说不定是童磨呢！！！,182.143,5,15138834,2023-06-07 12:30:33,1154635809,1上,某人的梦（上）,鬼灭之刃 刀匠村篇,656835181
热知识：黑死牟是唯一一个不被无惨监控的上弦，因为他记忆里全是缘一，无惨不敢看,878.411,1,16777215,2025-11-12 22:09:35,1154635809,1上,某人的梦（上）,鬼灭之刃 刀匠村篇,656835181
炭治郎：这不是拌饭的凉菜吗？,631.932,1,16777215,2023-06-09 12:24:42,1154635809,1上,某人的梦（上）,鬼灭之刃 刀匠村篇,656835181
三哥不杀女人，而童磨只杀女人,406.623,5,16777215,2023-06-03 21:47:50,1154635809,1上,某人的梦（上）,鬼灭之刃 刀匠村篇,656835181
蓝色彼岸花只在白天开放这个设定真的很绝，在他选择成为鬼的那一刻他追求的注定是一场空,620.389,5,16777215,2025-07-23 23:07:31,1154635809,1上,某人的梦（上）,鬼灭之刃 刀匠村篇,656835181
注意：三哥眼里的是和恋雪一起看的烟花！！！,254.6,5,16777215,2025-11-26 15:35:20,1154635809,1上,某人的梦（上）,鬼灭之刃 刀匠村篇,656835181
垂死病中惊坐起，阎王夸我好身体,35.709,5,16777215,2023-06-09 20:06:02,1154635809,1上,某人的梦（上）,鬼灭之刃 刀匠村篇,656835181
大哥直接空间跳跃，三哥还有位移，这就是实力的差距,1000.85,1,16777215,2023-06-04 02:35:55,1154635809,1上,某人的梦（上）,鬼灭之刃 刀匠村篇,656835181
说和上一像的，有没有一种可能他俩是双胞胎,1072.915,5,16777215,2023-09-30 16:02:57,1154635809,1上,某人的梦（上）,鬼灭之刃 刀匠村篇,656835181
三哥这表情笑死我了,450.156,5,14811775,2024-01-03 19:39:06,1154635809,1上,某人的梦（上）,鬼灭之刃 刀匠村篇,656835181
太宰治说的对,401.203,1,16777215,2023-06-04 14:09:40,1154635809,1上,某人的梦（上）,鬼灭之刃 刀匠村篇,656835181
科普一下这位是缘一 本作战力天花板 上一是他的哥哥,1161.911,1,15138834,2023-06-08 22:14:57,1154635809,1上,某人的梦（上）,鬼灭之刃 刀匠村篇,656835181
童磨这里的压迫感好强,423.713,5,15138834,2023-10-21 19:03:23,1154635809,1上,某人的梦（上）,鬼灭之刃 刀匠村篇,656835181
宝妈自学中医中,487.369,5,16777215,2025-12-10 12:58:27,1154635809,1上,某人的梦（上）,鬼灭之刃 刀匠村篇,656835181
细化来看，继国缘一真的啥都没干成，无惨没杀死，自己妻子也没保护好，哥哥也被鬼同化了,1175.398,1,16777215,2023-06-06 08:30:12,1154635809,1上,某人的梦（上）,鬼灭之刃 刀匠村篇,656835181
印 度 运 镜,847.221,5,16707842,2023-06-04 00:12:15,1154635809,1上,某人的梦（上）,鬼灭之刃 刀匠村篇,656835181
无惨到死都没想到花是在白天开的哈哈哈哈哈,568.737,1,16777215,2023-07-31 21:35:21,1154635809,1上,某人的梦（上）,鬼灭之刃 刀匠村篇,656835181
三哥:这个童磨一直在挑衅,901.241,5,16777215,2025-11-23 21:49:51,1154635809,1上,某人的梦（上）,鬼灭之刃 刀匠村篇,656835181
三哥：没别的意思，纯看童磨不顺眼,833.532,5,16707842,2025-04-21 14:25:57,1154635809,1上,某人的梦（上）,鬼灭之刃 刀匠村篇,656835181
三哥：一定要是童魔啊！,174.788,1,16765698,2023-06-04 22:18:41,1154635809,1上,某人的梦（上）,鬼灭之刃 刀匠村篇,656835181
缘一的亲哥,463.786,1,16777215,2023-06-04 02:11:43,1154635809,1上,某人的梦（上）,鬼灭之刃 刀匠村篇,656835181
这就是五条悟六眼的原型吗,930.195,1,16707842,2023-06-06 00:06:29,1154635809,1上,某人的梦（上）,鬼灭之刃 刀匠村篇,656835181
组会导师问进度,145.143,5,16707842,2023-06-03 20:41:45,1154635809,1上,某人的梦（上）,鬼灭之刃 刀匠村篇,656835181
三哥:一定是童磨！一定是童磨！一定是童磨！,189.382,5,15138834,2026-02-05 20:57:48,1154635809,1上,某人的梦（上）,鬼灭之刃 刀匠村篇,656835181
这的好像炭治郎老爹,661.689,5,16777215,2023-06-25 14:20:35,1154635809,1上,某人的梦（上）,鬼灭之刃 刀匠村篇,656835181
你一定和雷电将军很聊的来（）,710.378,1,16777215,2023-06-23 18:56:21,1154635809,1上,某人的梦（上）,鬼灭之刃 刀匠村篇,656835181
无惨其实是拿黑死牟当合伙人的，其他人都是员工,657.209,1,16777215,2023-06-04 17:43:22,1154635809,1上,某人的梦（上）,鬼灭之刃 刀匠村篇,656835181
继国缘一和上弦一生前是兄弟关系，缘一还得叫上弦一一声哥,1071.869,5,16777215,2024-01-16 22:08:22,1154635809,1上,某人的梦（上）,鬼灭之刃 刀匠村篇,656835181
这笔还是螺钿工艺，emmm，日本真是够细的,561.455,1,16777215,2023-06-04 11:54:34,1154635809,1上,某人的梦（上）,鬼灭之刃 刀匠村篇,656835181
还真是堕姬拖后腿了 分了一半的力量给妹妹的 不然没两个柱以上根本打不了 都中毒死了,571.751,5,16777215,2025-08-23 02:09:24,1154635809,1上,某人的梦（上）,鬼灭之刃 刀匠村篇,656835181
三哥曲线救主角,835.89,1,16777215,2023-08-17 20:48:09,1154635809,1上,某人的梦（上）,鬼灭之刃 刀匠村篇,656835181
发型和炭治郎好像,859.559,1,16777215,2023-07-17 12:55:39,1154635809,1上,某人的梦（上）,鬼灭之刃 刀匠村篇,656835181
三哥内心：完了，黑死牟要是被干掉了那我们也快了,366.692,1,16777215,2023-06-22 21:31:50,1154635809,1上,某人的梦（上）,鬼灭之刃 刀匠村篇,656835181
在炭治郎家的菜缸里,617.701,1,16777215,2023-06-10 05:09:46,1154635809,1上,某人的梦（上）,鬼灭之刃 刀匠村篇,656835181
感觉三哥像主角一样,488.573,1,16707842,2023-06-03 20:16:58,1154635809,1上,某人的梦（上）,鬼灭之刃 刀匠村篇,656835181
话王登场,1214.787,1,16777215,2023-09-13 19:53:06,1154635809,1上,某人的梦（上）,鬼灭之刃 刀匠村篇,656835181
六眼柠檬公主登场！！！,465.512,1,16777215,2023-06-04 00:27:55,1154635809,1上,某人的梦（上）,鬼灭之刃 刀匠村篇,656835181
鸣女就是洞察鬼，但目前她还是不是弦月鬼，能力还不是特别强,814.437,1,16777215,2023-06-03 23:14:44,1154635809,1上,某人的梦（上）,鬼灭之刃 刀匠村篇,656835181
这家伙吃自己的信徒,1048.078,5,15138834,2023-06-03 22:01:36,1154635809,1上,某人的梦（上）,鬼灭之刃 刀匠村篇,656835181
三哥要是没限制吃人的话战力很高的吧,904.702,1,16777215,2023-06-11 18:46:50,1154635809,1上,某人的梦（上）,鬼灭之刃 刀匠村篇,656835181
这老头的分身一个比一个帅,347.495,1,16777215,2023-06-04 18:33:45,1154635809,1上,某人的梦（上）,鬼灭之刃 刀匠村篇,656835181
继国严胜继国严胜继国严胜继国严胜继国严胜继国严胜继国严胜继国严胜继国严胜！,459.682,5,6830715,2024-07-29 15:39:44,1154635809,1上,某人的梦（上）,鬼灭之刃 刀匠村篇,656835181
太童宰磨治,892.872,5,16777215,2023-06-20 13:25:41,1154635809,1上,某人的梦（上）,鬼灭之刃 刀匠村篇,656835181
教主大人好礼貌！！！！！好可爱！好喜欢！！！！！！！,975.126,1,16777215,2023-06-13 14:42:27,1154635809,1上,某人的梦（上）,鬼灭之刃 刀匠村篇,656835181
战国千金严胜酱,865.652,5,16777215,2025-12-15 13:07:35,1154635809,1上,某人的梦（上）,鬼灭之刃 刀匠村篇,656835181
三哥：又整这死动静,370.306,5,16777215,2025-11-19 15:04:55,1154635809,1上,某人的梦（上）,鬼灭之刃 刀匠村篇,656835181
出现了 上二的莲池,204.925,1,16777215,2023-06-04 13:36:53,1154635809,1上,某人的梦（上）,鬼灭之刃 刀匠村篇,656835181
这花在白天开 你要是能找到 那世界不得玩完,638.116,1,41194,2023-06-03 20:14:27,1154635809,1上,某人的梦（上）,鬼灭之刃 刀匠村篇,656835181
三哥：童磨死了！！！我好激动！！！！,185.842,5,16765698,2025-11-24 20:40:24,1154635809,1上,某人的梦（上）,鬼灭之刃 刀匠村篇,656835181
鸣女：下头男,1020.579,5,16777215,2024-04-26 22:48:51,1154635809,1上,某人的梦（上）,鬼灭之刃 刀匠村篇,656835181
懂了，无惨是影,715.132,5,6830715,2023-07-22 19:14:11,1154635809,1上,某人的梦（上）,鬼灭之刃 刀匠村篇,656835181
想到宿傩了谁懂谁懂,150.973,1,15138834,2023-06-06 19:14:42,1154635809,1上,某人的梦（上）,鬼灭之刃 刀匠村篇,656835181
出去晒太阳就可以找到了哦～,618.226,1,16777215,2023-06-03 21:22:21,1154635809,1上,某人的梦（上）,鬼灭之刃 刀匠村篇,656835181
细节：因为害怕缘一，所以把跟他长得一样的哥哥放到了最隐蔽的位置,572.835,5,16777215,2025-11-23 03:13:24,1154635809,1上,某人的梦（上）,鬼灭之刃 刀匠村篇,656835181
令人安心的美貌,851.965,5,15772458,2023-08-04 17:28:52,1154635809,1上,某人的梦（上）,鬼灭之刃 刀匠村篇,656835181
如果再派一个上三，那就团灭了,790.553,5,15138834,2023-06-04 21:00:06,1154635809,1上,某人的梦（上）,鬼灭之刃 刀匠村篇,656835181
细节：二先注意到了三的出拳，但真是故意没躲,427.244,5,16777215,2024-12-17 23:31:43,1154635809,1上,某人的梦（上）,鬼灭之刃 刀匠村篇,656835181
因为他也是鬼杀队的，是缘一他哥呀………,666.898,5,16777215,2023-07-08 23:28:11,1154635809,1上,某人的梦（上）,鬼灭之刃 刀匠村篇,656835181
祢豆子这个表情好可爱，好瓜,42.745,5,16707842,2023-06-11 17:48:45,1154635809,1上,某人的梦（上）,鬼灭之刃 刀匠村篇,656835181
吃女人小孩功力提升快，而三哥从不吃,905.19,1,16777215,2023-06-03 21:46:08,1154635809,1上,某人的梦（上）,鬼灭之刃 刀匠村篇,656835181
他没守住被鬼吃掉的妻子和即将出世的孩子，所以一生都在为杀鬼奔走,1162.002,5,15772458,2023-11-24 14:20:04,1154635809,1上,某人的梦（上）,鬼灭之刃 刀匠村篇,656835181
唯一一个被单杀的上弦,292.391,1,16777215,2023-06-12 13:19:57,1154635809,1上,某人的梦（上）,鬼灭之刃 刀匠村篇,656835181
快看啊，三哥他一脸开心,384.472,5,16777215,2023-06-04 15:24:24,1154635809,1上,某人的梦（上）,鬼灭之刃 刀匠村篇,656835181
玉壶：娇羞,720.85,5,14811775,2023-06-03 21:52:37,1154635809,1上,某人的梦（上）,鬼灭之刃 刀匠村篇,656835181
在炭治郎家饺子馅里,623.707,1,16777215,2023-06-05 17:50:10,1154635809,1上,某人的梦（上）,鬼灭之刃 刀匠村篇,656835181
还在压力老员工看我们仨无限成不演死你（Doge）,596.563,5,15138834,2024-07-18 19:15:42,1154635809,1上,某人的梦（上）,鬼灭之刃 刀匠村篇,656835181
请停止你的太宰治行为（,875.893,1,16777215,2023-06-04 18:50:49,1154635809,1上,某人的梦（上）,鬼灭之刃 刀匠村篇,656835181
雷电将军直呼内行,713.665,1,16777215,2023-06-10 13:43:09,1154635809,1上,某人的梦（上）,鬼灭之刃 刀匠村篇,656835181
香奈乎 伊之助 蝴蝶忍决战上弦之二的荷花池,208.209,1,15138834,2023-06-04 02:26:42,1154635809,1上,某人的梦（上）,鬼灭之刃 刀匠村篇,656835181
无惨到底在装什么啊？连液体不能超过试管的1/3都不知道,542.648,5,15138834,2026-02-26 21:59:55,1154635809,1上,某人的梦（上）,鬼灭之刃 刀匠村篇,656835181
【继国严胜 因语言过激被踢出直播间】,1170.26,5,6830715,2025-11-20 19:06:25,1154635809,1上,某人的梦（上）,鬼灭之刃 刀匠村篇,656835181
原来这个手手是这么用的,992.103,5,16777215,2025-06-20 22:37:58,1154635809,1上,某人的梦（上）,鬼灭之刃 刀匠村篇,656835181
三哥对于强者才有吃了的欲望，童磨喜欢吃女人哥小孩,906.924,5,15138834,2024-06-24 02:36:43,1154635809,1上,某人的梦（上）,鬼灭之刃 刀匠村篇,656835181
在炭治郎家后院晒太阳就能找到了）,622.569,5,16646914,2023-12-15 08:13:58,1154635809,1上,某人的梦（上）,鬼灭之刃 刀匠村篇,656835181
太宰治？,373.347,1,16777215,2023-06-13 20:17:44,1154635809,1上,某人的梦（上）,鬼灭之刃 刀匠村篇,656835181
无惨最好的诡秘其实是继国严胜。,564.449,5,16777215,2026-02-13 09:48:39,1154635809,1上,某人的梦（上）,鬼灭之刃 刀匠村篇,656835181
滴管里面的液体不能超过1/3都不知道，怪不得实验都不成功,502.257,5,16777215,2026-02-06 13:18:05,1154635809,1上,某人的梦（上）,鬼灭之刃 刀匠村篇,656835181
童磨真的好漂亮…………,852.194,5,16707842,2023-08-21 00:52:13,1154635809,1上,某人的梦（上）,鬼灭之刃 刀匠村篇,656835181
好消息：这篇没刀,59.103,1,16777215,2023-06-14 06:55:38,1154635809,1上,某人的梦（上）,鬼灭之刃 刀匠村篇,656835181
三哥：太好了死的一定是童磨那个变态吧！三哥：太好了死的一定是童磨那个变态吧！,198.989,5,16777215,2023-06-23 19:21:32,1154635809,1上,某人的梦（上）,鬼灭之刃 刀匠村篇,656835181
果然，真正的变态只有mamo能驾驭,391.285,1,16777215,2023-06-11 07:11:27,1154635809,1上,某人的梦（上）,鬼灭之刃 刀匠村篇,656835181
这花好像只在白天开,629.503,1,16777215,2023-06-04 02:27:43,1154635809,1上,某人的梦（上）,鬼灭之刃 刀匠村篇,656835181
雷电将军.：你也追求永恒？来合作吧！,721.358,1,6830715,2023-07-22 19:31:29,1154635809,1上,某人的梦（上）,鬼灭之刃 刀匠村篇,656835181
童磨我梦中情0,672.213,1,16777215,2023-06-10 17:45:21,1154635809,1上,某人的梦（上）,鬼灭之刃 刀匠村篇,656835181
壶宝 可爱的捏,310.058,1,16777215,2023-06-03 20:09:03,1154635809,1上,某人的梦（上）,鬼灭之刃 刀匠村篇,656835181
琵琶女：你没有被邀请,1015.882,5,16777215,2025-11-15 17:19:09,1154635809,1上,某人的梦（上）,鬼灭之刃 刀匠村篇,656835181
这个长得像炭治郎的，叫炭吉祥。大概比炭治郎大了几百年吧。,1154.954,5,16777215,2023-06-25 07:01:48,1154635809,1上,某人的梦（上）,鬼灭之刃 刀匠村篇,656835181
无惨这辈子都想不到他要的花，炭治郎一家之前天天吃,615.789,5,16777215,2024-06-15 09:49:31,1154635809,1上,某人的梦（上）,鬼灭之刃 刀匠村篇,656835181
童磨的配音就是太宰的配音,1021.224,5,16646914,2023-08-02 23:52:17,1154635809,1上,某人的梦（上）,鬼灭之刃 刀匠村篇,656835181
笑死了是鬼都会吃人，并不会因为不吃女人就比较高尚,906.344,1,16777215,2023-06-04 01:01:55,1154635809,1上,某人的梦（上）,鬼灭之刃 刀匠村篇,656835181
说实话，从缘一的角度，有最强的天赋，结果没能保护妻子，没能斩杀无惨，兄长还变成了鬼，确实很容易自责,1164.014,5,16777215,2026-02-17 14:48:17,1154635809,1上,某人的梦（上）,鬼灭之刃 刀匠村篇,656835181
童磨美瞳挺好看的啊，七彩大钻,536.227,5,16777215,2023-07-21 16:51:38,1154635809,1上,某人的梦（上）,鬼灭之刃 刀匠村篇,656835181
《增 进 感 情》,917.412,5,15138834,2026-02-17 12:15:26,1154635809,1上,某人的梦（上）,鬼灭之刃 刀匠村篇,656835181
三哥：一定是童磨对吧,188.219,5,9033215,2026-03-25 19:49:18,1154635809,1上,某人的梦（上）,鬼灭之刃 刀匠村篇,656835181
琵琶女这会儿不是十二鬼月！后来才补位当了上四！,794.332,5,16777215,2026-02-23 14:06:05,1154635809,1上,某人的梦（上）,鬼灭之刃 刀匠村篇,656835181
这些怪除了三哥和二哥都好怪啊。,398.52,5,16777215,2026-02-22 09:13:45,1154635809,1上,某人的梦（上）,鬼灭之刃 刀匠村篇,656835181
溶液不能超过试管的三分之一！！！！！大家知道为什么他的实验总是不成功吗！！！！,507.49,1,16777215,2026-03-07 13:16:28,1154635809,1上,某人的梦（上）,鬼灭之刃 刀匠村篇,656835181
三哥：下巴飞起来！,426.837,5,16777215,2026-02-27 11:30:02,1154635809,1上,某人的梦（上）,鬼灭之刃 刀匠村篇,656835181
神の背影,1057.488,5,15138834,2026-02-16 20:00:45,1154635809,1上,某人的梦（上）,鬼灭之刃 刀匠村篇,656835181
诡异的可爱怎么办,1004.205,5,16777215,2026-03-19 22:01:58,1154635809,1上,某人的梦（上）,鬼灭之刃 刀匠村篇,656835181
炭香99！,1227.94,1,16777215,2026-02-26 16:48:51,1154635809,1上,某人的梦（上）,鬼灭之刃 刀匠村篇,656835181
黑死牟原名继国岩胜，之前是初代鬼杀队的月柱哦，是继国缘一的亲哥哥,889.297,1,16777215,2026-02-22 13:43:20,1154635809,1上,某人的梦（上）,鬼灭之刃 刀匠村篇,656835181
宝妈自学中医,551.775,1,15138834,2026-02-19 15:24:36,1154635809,1上,某人的梦（上）,鬼灭之刃 刀匠村篇,656835181
炭香99,1229.571,1,16777215,2026-02-18 19:29:04,1154635809,1上,某人的梦（上）,鬼灭之刃 刀匠村篇,656835181
柱中义勇，鬼中童磨,1009.039,1,16777215,2026-02-26 16:43:32,1154635809,1上,某人的梦（上）,鬼灭之刃 刀匠村篇,656835181
炭炭太可爱了！,1072.811,5,16777215,2026-02-22 09:28:48,1154635809,1上,某人的梦（上）,鬼灭之刃 刀匠村篇,656835181
太萌了去晒晒太阳叭,883.944,5,8700107,2026-02-20 12:12:32,1154635809,1上,某人的梦（上）,鬼灭之刃 刀匠村篇,656835181
唯有「永恒」，才最接近天理,707.26,5,16777215,2026-02-20 00:42:45,1154635809,1上,某人的梦（上）,鬼灭之刃 刀匠村篇,656835181
缘一的妻子也是要生小孩，缘一出门去找接生婆，回来时妻子被鬼杀害，这里帮助了炭吉的妻子生孩子,1099.837,1,16777215,2026-02-18 20:59:24,1154635809,1上,某人的梦（上）,鬼灭之刃 刀匠村篇,656835181
妈呀磨磨头这个萌！！！！,881.876,5,15138834,2026-02-18 12:47:40,1154635809,1上,某人的梦（上）,鬼灭之刃 刀匠村篇,656835181
战国老兵哦,474.066,5,16777215,2026-02-17 12:17:06,1154635809,1上,某人的梦（上）,鬼灭之刃 刀匠村篇,656835181
无惨大大，有没有可能花白天才开呢,646.747,5,16777215,2026-03-28 13:42:39,1154635809,1上,某人的梦（上）,鬼灭之刃 刀匠村篇,656835181
三哥：不会是上弦二被干掉了吧。三哥内心：就是他死了，肯定是他。,368.648,1,16777215,2026-02-26 16:28:18,1154635809,1上,某人的梦（上）,鬼灭之刃 刀匠村篇,656835181
你脸红个泡泡茶壶啊！,583.556,1,16777215,2026-02-23 22:11:45,1154635809,1上,某人的梦（上）,鬼灭之刃 刀匠村篇,656835181
本季第一次主动说话，不对不对，是鬼灭之刃第一次,1223.753,1,16777215,2026-02-23 17:41:24,1154635809,1上,某人的梦（上）,鬼灭之刃 刀匠村篇,656835181
你脸红个泡泡茶壶啊,587.116,1,16777215,2026-02-16 20:39:37,1154635809,1上,某人的梦（上）,鬼灭之刃 刀匠村篇,656835181
炭香99！,1231.113,1,16777215,2026-03-08 12:33:34,1154635809,1上,某人的梦（上）,鬼灭之刃 刀匠村篇,656835181
官配99,1220.88,1,16777215,2026-03-07 00:48:06,1154635809,1上,某人的梦（上）,鬼灭之刃 刀匠村篇,656835181
因为他经常被人夸眼睛漂亮的像彩虹 所以给眼睛也是正常的,532.605,1,16777215,2026-03-06 18:55:05,1154635809,1上,某人的梦（上）,鬼灭之刃 刀匠村篇,656835181
蛋仔派对,1004.102,1,16707842,2026-03-01 16:22:45,1154635809,1上,某人的梦（上）,鬼灭之刃 刀匠村篇,656835181
试管不能超过三分之一！！！！！！！！！！！！！！！！！,518.279,1,16777215,2026-02-23 00:20:24,1154635809,1上,某人的梦（上）,鬼灭之刃 刀匠村篇,656835181
啊啊啊咋这么可爱！这是谁家的小可爱被孤立了呀，噢~原来是我家的呀~,1032.335,1,16777215,2026-02-22 20:37:09,1154635809,1上,某人的梦（上）,鬼灭之刃 刀匠村篇,656835181
无惨大人来我学校当化学老师吧！,543.948,5,16777215,2026-02-21 11:33:39,1154635809,1上,某人的梦（上）,鬼灭之刃 刀匠村篇,656835181
宝妈自学中医来了,495.06,1,16777215,2026-02-19 21:41:32,1154635809,1上,某人的梦（上）,鬼灭之刃 刀匠村篇,656835181
炭香99,1222.152,1,16777215,2026-02-18 13:10:31,1154635809,1上,某人的梦（上）,鬼灭之刃 刀匠村篇,656835181
蛋仔派对,996.932,1,16777215,2026-02-18 12:53:17,1154635809,1上,某人的梦（上）,鬼灭之刃 刀匠村篇,656835181
猗窝座：一直挑衅我...,904.6,5,16777215,2026-02-18 12:52:06,1154635809,1上,某人的梦（上）,鬼灭之刃 刀匠村篇,656835181
培养皿不盖盖子？,496.968,5,9033215,2026-03-25 19:57:13,1154635809,1上,某人的梦（上）,鬼灭之刃 刀匠村篇,656835181
好可爱！,877.56,5,16777215,2026-03-25 18:56:35,1154635809,1上,某人的梦（上）,鬼灭之刃 刀匠村篇,656835181
你把生命当成什么了？,745.705,5,15138834,2026-03-08 09:49:06,1154635809,1上,某人的梦（上）,鬼灭之刃 刀匠村篇,656835181
这个特写是童磨的住所好像是,205.717,5,16777215,2026-03-03 00:29:17,1154635809,1上,某人的梦（上）,鬼灭之刃 刀匠村篇,656835181
原来这就是童磨几百年不用洗头的方法头发油了就挑衅三哥去,840.032,5,16777215,2026-02-28 16:01:25,1154635809,1上,某人的梦（上）,鬼灭之刃 刀匠村篇,656835181
和魇梦坐一桌去,724.486,1,16777215,2026-02-28 13:30:33,1154635809,1上,某人的梦（上）,鬼灭之刃 刀匠村篇,656835181
炭香99,1222.504,1,16777215,2026-02-27 14:25:34,1154635809,1上,某人的梦（上）,鬼灭之刃 刀匠村篇,656835181
阿玛特拉斯！！！,727.617,1,15138834,2026-02-26 12:19:11,1154635809,1上,某人的梦（上）,鬼灭之刃 刀匠村篇,656835181
宝妈自学中医,489.623,1,16777215,2026-02-25 21:14:00,1154635809,1上,某人的梦（上）,鬼灭之刃 刀匠村篇,656835181
帅死了帅死了帅死了帅死了帅死了帅死了帅死了帅死了帅死了帅死了帅死了帅死了帅死了帅死了帅死了帅死了帅死了帅死了帅死了帅死了,1128.337,5,15138834,2026-02-25 20:13:07,1154635809,1上,某人的梦（上）,鬼灭之刃 刀匠村篇,656835181
笑死我了，我oc的原型就是蓝色彼岸花,622.975,5,16777215,2026-02-24 22:12:34,1154635809,1上,某人的梦（上）,鬼灭之刃 刀匠村篇,656835181
无惨：阿玛特拉斯,730.137,1,16777215,2026-02-23 22:56:39,1154635809,1上,某人的梦（上）,鬼灭之刃 刀匠村篇,656835181
香香愣住了,1207.55,5,16777215,2026-02-23 12:00:25,1154635809,1上,某人的梦（上）,鬼灭之刃 刀匠村篇,656835181
宝妈自学中医宝妈自学中医,508.996,1,8700107,2026-02-23 03:26:35,1154635809,1上,某人的梦（上）,鬼灭之刃 刀匠村篇,656835181
可爱！,1030.563,1,16777215,2026-02-23 00:49:22,1154635809,1上,某人的梦（上）,鬼灭之刃 刀匠村篇,656835181
注意这里！黑死牟消失的时候没有琵琶声，说明他完全是用自己的速度离开的,969.623,1,16777215,2026-02-23 00:27:10,1154635809,1上,某人的梦（上）,鬼灭之刃 刀匠村篇,656835181
怀里抱的不是炭治郎啊喂，炭治郎他爹是炭十郎！这个是炭吉.....,1176.399,5,4351678,2026-02-22 19:10:58,1154635809,1上,某人的梦（上）,鬼灭之刃 刀匠村篇,656835181
鸣女弹琵琶是不是跑调了,753.064,1,16777215,2026-02-21 23:15:12,1154635809,1上,某人的梦（上）,鬼灭之刃 刀匠村篇,656835181
你以为是生气了？其实是实验失败了，不想太丢人就直接砸了。,633.905,1,16777215,2026-02-21 14:42:27,1154635809,1上,某人的梦（上）,鬼灭之刃 刀匠村篇,656835181
香奈乎呆呆的,1219.87,1,16777215,2026-02-20 22:23:21,1154635809,1上,某人的梦（上）,鬼灭之刃 刀匠村篇,656835181
Akaza多磨～,986.352,1,16777215,2026-02-20 16:35:09,1154635809,1上,某人的梦（上）,鬼灭之刃 刀匠村篇,656835181
小猫落地,216.937,1,16777215,2026-02-20 11:27:30,1154635809,1上,某人的梦（上）,鬼灭之刃 刀匠村篇,656835181
蘑蘑头你咋这么可爱,667.272,1,16777215,2026-02-20 09:56:08,1154635809,1上,某人的梦（上）,鬼灭之刃 刀匠村篇,656835181
磨儿这个萌,876.052,1,14811775,2026-02-19 21:23:23,1154635809,1上,某人的梦（上）,鬼灭之刃 刀匠村篇,656835181
何意味？？！,804.104,5,16777215,2026-02-19 14:08:24,1154635809,1上,某人的梦（上）,鬼灭之刃 刀匠村篇,656835181
依旧自学中医,500.377,1,16777215,2026-02-19 12:38:11,1154635809,1上,某人的梦（上）,鬼灭之刃 刀匠村篇,656835181
宝妈自学中医,510.99,5,16777215,2026-02-18 18:10:19,1154635809,1上,某人的梦（上）,鬼灭之刃 刀匠村篇,656835181
教主大人！！！！万事极乐！！！！！,375.158,5,16707842,2026-02-18 12:52:52,1154635809,1上,某人的梦（上）,鬼灭之刃 刀匠村篇,656835181
你再等等就能网购蓝色彼岸花了,617.235,5,41194,2026-02-18 10:42:27,1154635809,1上,某人的梦（上）,鬼灭之刃 刀匠村篇,656835181
三哥：上弦死了一个，一定是童磨。呜呜呜，太好了，童磨终于死了。,199.463,1,16777215,2026-02-17 22:27:13,1154635809,1上,某人的梦（上）,鬼灭之刃 刀匠村篇,656835181
依旧基因强大,1129.22,1,16777215,2026-02-17 19:49:35,1154635809,1上,某人的梦（上）,鬼灭之刃 刀匠村篇,656835181
童磨和太宰治好像啊,691.083,5,16777215,2026-02-17 18:15:16,1154635809,1上,某人的梦（上）,鬼灭之刃 刀匠村篇,656835181
不是这个缘一的背影和上弦一很像啊！！！！！！！！！！,1055.557,1,16777215,2026-02-17 17:31:29,1154635809,1上,某人的梦（上）,鬼灭之刃 刀匠村篇,656835181
啥子吧试管三分之一是为了不发生危险，况且原作是三分之一的,507.644,5,16777215,2026-02-17 16:58:52,1154635809,1上,某人的梦（上）,鬼灭之刃 刀匠村篇,656835181
最萌身高差,699.007,1,16777215,2026-02-17 10:33:12,1154635809,1上,某人的梦（上）,鬼灭之刃 刀匠村篇,656835181
真的好像碳碳老爸,845.233,1,16777215,2026-02-16 22:45:03,1154635809,1上,某人的梦（上）,鬼灭之刃 刀匠村篇,656835181
炭香99金婚！！！,1233.493,1,16777215,2026-02-16 19:43:47,1154635809,1上,某人的梦（上）,鬼灭之刃 刀匠村篇,656835181
战国老人累了,470.695,1,6830715,2026-02-16 17:38:02,1154635809,1上,某人的梦（上）,鬼灭之刃 刀匠村篇,656835181
童磨：一定不能是猗窝座阁下，一定不是猗窝座阁下吧！一定不能是猗窝座啊,195.166,1,16777215,2026-04-04 08:47:25,1154635809,1上,某人的梦（上）,鬼灭之刃 刀匠村篇,656835181
三哥：唉呦我去童磨终于死了,188.286,5,41194,2026-03-29 19:56:56,1154635809,1上,某人的梦（上）,鬼灭之刃 刀匠村篇,656835181
依旧COS化学家,510.437,1,16777215,2026-03-18 18:23:51,1154635809,1上,某人的梦（上）,鬼灭之刃 刀匠村篇,656835181
这张磨磨头好萌,999.514,1,16777215,2026-03-14 19:59:19,1154635809,1上,某人的梦（上）,鬼灭之刃 刀匠村篇,656835181
某红色奶龙好萌,1149.933,1,16777215,2026-03-14 14:56:00,1154635809,1上,某人的梦（上）,鬼灭之刃 刀匠村篇,656835181
说明113年前产屋敷一族就击杀过一只上弦鬼。,733.875,5,16777215,2026-03-11 18:44:46,1154635809,1上,某人的梦（上）,鬼灭之刃 刀匠村篇,656835181
其实黑死牟还挺帅的。。,972.944,5,16777215,2026-03-07 14:50:27,1154635809,1上,某人的梦（上）,鬼灭之刃 刀匠村篇,656835181
嘎达嘎达,991.883,1,16777215,2026-03-06 19:26:38,1154635809,1上,某人的梦（上）,鬼灭之刃 刀匠村篇,656835181
庭院深深深几许？杨柳堆烟，帘幕无重数,463.851,5,6830715,2026-03-03 14:56:22,1154635809,1上,某人的梦（上）,鬼灭之刃 刀匠村篇,656835181
下一秒香奈乎震惊,1200.404,1,16777215,2026-03-02 12:10:56,1154635809,1上,某人的梦（上）,鬼灭之刃 刀匠村篇,656835181
雷电将军已点赞,710.472,1,16777215,2026-03-01 21:54:51,1154635809,1上,某人的梦（上）,鬼灭之刃 刀匠村篇,656835181
你脸红个泡泡茶壶,586.168,1,16777215,2026-02-27 21:59:34,1154635809,1上,某人的梦（上）,鬼灭之刃 刀匠村篇,656835181
脸红个泡泡茶壶,719.284,1,16777215,2026-02-26 19:20:39,1154635809,1上,某人的梦（上）,鬼灭之刃 刀匠村篇,656835181
你脸红啥？你脸红啥？,806.653,1,6830715,2026-02-25 16:33:40,1154635809,1上,某人的梦（上）,鬼灭之刃 刀匠村篇,656835181
馍馍头真的好萌,523.991,1,14811775,2026-02-25 14:29:21,1154635809,1上,某人的梦（上）,鬼灭之刃 刀匠村篇,656835181
人中义勇，鬼中童磨，弟中缘一,1013.412,5,16777215,2026-02-24 22:42:51,1154635809,1上,某人的梦（上）,鬼灭之刃 刀匠村篇,656835181
这是战国公主时出场的运镜，至于为什么要用给黑死牟我就不说了,465.079,1,16777215,2026-02-24 20:40:36,1154635809,1上,某人的梦（上）,鬼灭之刃 刀匠村篇,656835181
？你脸红个泡泡茶壶,725.557,1,16777215,2026-02-24 15:50:29,1154635809,1上,某人的梦（上）,鬼灭之刃 刀匠村篇,656835181
我天童磨这个声音好可爱！！！,1034.341,1,16777215,2026-02-24 13:47:28,1154635809,1上,某人的梦（上）,鬼灭之刃 刀匠村篇,656835181
我去？这么高级！,109.165,5,16707842,2026-02-24 11:23:10,1154635809,1上,某人的梦（上）,鬼灭之刃 刀匠村篇,656835181
在脸红什么！,586.293,1,16777215,2026-02-24 04:21:24,1154635809,1上,某人的梦（上）,鬼灭之刃 刀匠村篇,656835181
不是啊！眼睛是用来迷惑敌人的！！,942.705,5,16777215,2026-02-23 14:02:37,1154635809,1上,某人的梦（上）,鬼灭之刃 刀匠村篇,656835181
笑死我了，不能超过三分之一呀，无惨无惨你说你呀，天天捣鼓那个试管，蓝色彼岸花找到了吗？,514.429,1,16777215,2026-02-22 22:49:04,1154635809,1上,某人的梦（上）,鬼灭之刃 刀匠村篇,656835181
别逗你惨哥笑了,1176.143,1,16777215,2026-02-22 21:08:05,1154635809,1上,某人的梦（上）,鬼灭之刃 刀匠村篇,656835181
大家闺秀一般在帘子后面坐着,658.889,5,4351678,2026-02-22 18:59:16,1154635809,1上,某人的梦（上）,鬼灭之刃 刀匠村篇,656835181
哇，好可爱。,999.697,5,16777215,2026-02-22 09:26:29,1154635809,1上,某人的梦（上）,鬼灭之刃 刀匠村篇,656835181
二哥住这么好,207.621,1,16777215,2026-02-22 02:04:25,1154635809,1上,某人的梦（上）,鬼灭之刃 刀匠村篇,656835181
不是黑死眸就像个AI一样消失了,969.413,1,16777215,2026-02-21 22:55:33,1154635809,1上,某人的梦（上）,鬼灭之刃 刀匠村篇,656835181
好可爱啊磨磨头,1046.139,1,16777215,2026-02-21 08:12:13,1154635809,1上,某人的梦（上）,鬼灭之刃 刀匠村篇,656835181
溶液不能超过试管的1/3,504.927,1,16777215,2026-02-21 00:27:48,1154635809,1上,某人的梦（上）,鬼灭之刃 刀匠村篇,656835181
炭治郎：我是不是梦见我祖宗了？,1200.566,1,16777215,2026-02-20 22:22:53,1154635809,1上,某人的梦（上）,鬼灭之刃 刀匠村篇,656835181
二哥有点萌,670.618,1,16777215,2026-02-20 22:09:51,1154635809,1上,某人的梦（上）,鬼灭之刃 刀匠村篇,656835181
这家伙在说什么呢。？,1175.336,1,15138834,2026-02-20 20:13:40,1154635809,1上,某人的梦（上）,鬼灭之刃 刀匠村篇,656835181
你脸红个泡泡茶壶啊,801.218,1,16777215,2026-02-20 12:40:58,1154635809,1上,某人的梦（上）,鬼灭之刃 刀匠村篇,656835181
培养皿为啥没盖盖？,508.017,1,16777215,2026-02-20 11:57:34,1154635809,1上,某人的梦（上）,鬼灭之刃 刀匠村篇,656835181
三哥演员之旅正式开始,965.786,5,41194,2026-02-19 15:47:39,1154635809,1上,某人的梦（上）,鬼灭之刃 刀匠村篇,656835181
炭香99,1231.826,1,16777215,2026-02-19 12:37:37,1154635809,1上,某人的梦（上）,鬼灭之刃 刀匠村篇,656835181
《蛋仔派对》,997.516,1,16777215,2026-02-19 10:48:35,1154635809,1上,某人的梦（上）,鬼灭之刃 刀匠村篇,656835181
无限城最严厉的母亲,847.219,1,6830715,2026-02-18 16:25:12,1154635809,1上,某人的梦（上）,鬼灭之刃 刀匠村篇,656835181
下弦开会：担惊受怕；上弦开会：嬉皮笑脸,538.68,1,16777215,2026-02-18 11:04:26,1154635809,1上,某人的梦（上）,鬼灭之刃 刀匠村篇,656835181
蓝色可能有，但昆虫估计根本不传粉所以被大自然淘汰了,632.168,5,41194,2026-02-18 10:43:21,1154635809,1上,某人的梦（上）,鬼灭之刃 刀匠村篇,656835181
萌化了,1039.314,1,16777215,2026-02-17 21:42:03,1154635809,1上,某人的梦（上）,鬼灭之刃 刀匠村篇,656835181
好优雅端庄的坐姿,658.278,1,6830715,2026-02-17 21:19:13,1154635809,1上,某人的梦（上）,鬼灭之刃 刀匠村篇,656835181
我妈让我少看点篇,724.801,1,16777215,2026-02-16 20:42:13,1154635809,1上,某人的梦（上）,鬼灭之刃 刀匠村篇,656835181
童磨 我没有被讨厌,1023.275,1,16777215,2026-02-16 20:29:30,1154635809,1上,某人的梦（上）,鬼灭之刃 刀匠村篇,656835181
炭香99,1230.333,1,16777215,2026-02-16 17:38:59,1154635809,1上,某人的梦（上）,鬼灭之刃 刀匠村篇,656835181
这是继国缘一，上弦一是缘一的哥哥严胜,1123.995,5,16777215,2026-04-08 16:30:16,1154635809,1上,某人的梦（上）,鬼灭之刃 刀匠村篇,656835181
他但凡让颜梦操控人去采蓝色彼岸花，根本就轮不到这里,766.772,5,16777215,2026-04-06 12:36:42,1154635809,1上,某人的梦（上）,鬼灭之刃 刀匠村篇,656835181
老吃家来了,373.853,1,16777215,2026-04-05 17:39:30,1154635809,1上,某人的梦（上）,鬼灭之刃 刀匠村篇,656835181
这个童磨好可爱…,669.656,5,16777215,2026-04-05 01:44:49,1154635809,1上,某人的梦（上）,鬼灭之刃 刀匠村篇,656835181
终于我的蜜璃。终于来了,22.958,1,16777215,2026-04-04 16:04:33,1154635809,1上,某人的梦（上）,鬼灭之刃 刀匠村篇,656835181
?你脸红个泡泡茶壶,727.632,1,16777215,2026-04-04 15:10:20,1154635809,1上,某人的梦（上）,鬼灭之刃 刀匠村篇,656835181
三哥：你看我无限城演不演你就完了,659.367,5,16777215,2026-03-31 18:57:29,1154635809,1上,某人的梦（上）,鬼灭之刃 刀匠村篇,656835181
可怜的无惨物理没学过，连溶液不能超过试管的，2/3都不知道,510.286,1,16777215,2026-03-28 16:13:50,1154635809,1上,某人的梦（上）,鬼灭之刃 刀匠村篇,656835181
哈哈香奈乎好可爱,1209.653,1,16707842,2026-03-28 01:49:03,1154635809,1上,某人的梦（上）,鬼灭之刃 刀匠村篇,656835181
你这壶不对称啊,286.296,5,16777215,2026-03-24 19:35:21,1154635809,1上,某人的梦（上）,鬼灭之刃 刀匠村篇,656835181
你脸红个泡泡茶壶啊,723.109,1,16777215,2026-03-22 16:11:19,1154635809,1上,某人的梦（上）,鬼灭之刃 刀匠村篇,656835181
注：黑死牟仍为人的时候是战国时代，下克上现象普遍，因此他对上下秩序很敏感,868.094,1,15138834,2026-03-21 13:00:55,1154635809,1上,某人的梦（上）,鬼灭之刃 刀匠村篇,656835181
下克上,864.105,1,16777215,2026-03-17 21:20:15,1154635809,1上,某人的梦（上）,鬼灭之刃 刀匠村篇,656835181
无惨：说话要讲良心,1174.04,1,16777215,2026-03-16 13:43:37,1154635809,1上,某人的梦（上）,鬼灭之刃 刀匠村篇,656835181
炭香99,1231.922,1,16777215,2026-03-14 09:55:20,1154635809,1上,某人的梦（上）,鬼灭之刃 刀匠村篇,656835181
教主萌!!!,1043.274,1,16777215,2026-03-08 21:25:32,1154635809,1上,某人的梦（上）,鬼灭之刃 刀匠村篇,656835181
动作指导：佐助,739.904,1,16777215,2026-03-08 19:14:11,1154635809,1上,某人的梦（上）,鬼灭之刃 刀匠村篇,656835181
呆呆乎,1213.309,1,16777215,2026-03-08 10:20:27,1154635809,1上,某人的梦（上）,鬼灭之刃 刀匠村篇,656835181
一夫太郎听到要疯了,544.613,1,16777215,2026-03-07 21:13:02,1154635809,1上,某人的梦（上）,鬼灭之刃 刀匠村篇,656835181
突然想起来，在黑死咪的眼里，三哥和二哥打架就像小孩互殴,861.04,1,16777215,2026-03-07 19:28:33,1154635809,1上,某人的梦（上）,鬼灭之刃 刀匠村篇,656835181
怎么能高空抛物呢？,760.055,1,16777215,2026-03-07 13:22:00,1154635809,1上,某人的梦（上）,鬼灭之刃 刀匠村篇,656835181
怎么还高空抛投呢？,761.207,1,16777215,2026-03-06 22:41:12,1154635809,1上,某人的梦（上）,鬼灭之刃 刀匠村篇,656835181
炭吉好像炭治郎啊,1152.133,5,16777215,2026-03-03 15:34:27,1154635809,1上,某人的梦（上）,鬼灭之刃 刀匠村篇,656835181
想知道无惨会不会读玉壶的心，因为看着看着可能会发现自己的鬼片,726.087,1,16777215,2026-03-03 14:00:08,1154635809,1上,某人的梦（上）,鬼灭之刃 刀匠村篇,656835181
你脸红个泡泡茶壶啊！,725.924,1,15138834,2026-03-03 13:43:19,1154635809,1上,某人的梦（上）,鬼灭之刃 刀匠村篇,656835181
你脸红个泡泡茶壶,589.092,1,16777215,2026-03-02 19:37:47,1154635809,1上,某人的梦（上）,鬼灭之刃 刀匠村篇,656835181
熟悉的、天花板,1191.098,5,16777215,2026-03-02 13:19:48,1154635809,1上,某人的梦（上）,鬼灭之刃 刀匠村篇,656835181
香奈乎:时间没有静止,1208.567,1,16777215,2026-03-02 12:15:31,1154635809,1上,某人的梦（上）,鬼灭之刃 刀匠村篇,656835181
试管液面超过液面三分之一了,505.537,1,52480,2026-03-02 02:52:08,1154635809,1上,某人的梦（上）,鬼灭之刃 刀匠村篇,656835181
香奈乎好萌呀,1212.688,1,16777215,2026-03-01 22:30:10,1154635809,1上,某人的梦（上）,鬼灭之刃 刀匠村篇,656835181
继国岩胜（黑死牟），继国缘一的哥哥，月之呼吸的创造（唯一使用）者,868.308,1,16777215,2026-03-01 19:16:06,1154635809,1上,某人的梦（上）,鬼灭之刃 刀匠村篇,656835181
缘一：你把生命当什么了,1124.586,1,16777215,2026-03-01 13:52:26,1154635809,1上,某人的梦（上）,鬼灭之刃 刀匠村篇,656835181
天才总是诉说自己的平凡,1171.02,5,16777215,2026-03-01 12:35:08,1154635809,1上,某人的梦（上）,鬼灭之刃 刀匠村篇,656835181
无限城是木头做的炭治郎进无限城的时候为什么不用火之神神乐给他烧了,147.089,1,16777215,2026-03-01 11:48:09,1154635809,1上,某人的梦（上）,鬼灭之刃 刀匠村篇,656835181
只在白天开！,620.414,5,41194,2026-02-28 18:35:35,1154635809,1上,某人的梦（上）,鬼灭之刃 刀匠村篇,656835181
鸣女牌电梯,249.391,1,16777215,2026-02-28 18:19:55,1154635809,1上,某人的梦（上）,鬼灭之刃 刀匠村篇,656835181
别逗你惨哥笑了,1181.647,1,16777215,2026-02-28 16:16:28,1154635809,1上,某人的梦（上）,鬼灭之刃 刀匠村篇,656835181
我很看好你哦堕姬～,543.853,1,16777215,2026-02-28 11:17:23,1154635809,1上,某人的梦（上）,鬼灭之刃 刀匠村篇,656835181
三哥：一直在挑衅我,409.34,1,16777215,2026-02-28 11:07:00,1154635809,1上,某人的梦（上）,鬼灭之刃 刀匠村篇,656835181
动作指导：宇智波佐助,739.528,1,16777215,2026-02-27 22:01:36,1154635809,1上,某人的梦（上）,鬼灭之刃 刀匠村篇,656835181
炭香99,1222.174,1,16777215,2026-02-27 21:40:17,1154635809,1上,某人的梦（上）,鬼灭之刃 刀匠村篇,656835181
没有人觉得这个手很可爱吗,303.483,5,16777215,2026-02-27 20:11:21,1154635809,1上,某人的梦（上）,鬼灭之刃 刀匠村篇,656835181
动作指导：犬夜叉,910.647,5,16777215,2026-02-26 19:53:35,1154635809,1上,某人的梦（上）,鬼灭之刃 刀匠村篇,656835181
我的数学老师：不变也是一种变化（一次函数那章讲的）,698.511,1,16777215,2026-02-26 18:46:01,1154635809,1上,某人的梦（上）,鬼灭之刃 刀匠村篇,656835181
我去，神级转场,1193.003,1,16777215,2026-02-26 17:26:03,1154635809,1上,某人的梦（上）,鬼灭之刃 刀匠村篇,656835181
鸣女是上弦吗,754.373,1,16777215,2026-02-26 17:18:20,1154635809,1上,某人的梦（上）,鬼灭之刃 刀匠村篇,656835181
三哥：拿开！二哥：什么？三哥：手拿开！,384.264,1,16777215,2026-02-26 16:30:14,1154635809,1上,某人的梦（上）,鬼灭之刃 刀匠村篇,656835181
给楚天秋啊,536.9,1,16777215,2026-02-26 14:30:13,1154635809,1上,某人的梦（上）,鬼灭之刃 刀匠村篇,656835181
无惨：这家伙说什么呢？,1166.951,1,16777215,2026-02-26 13:17:32,1154635809,1上,某人的梦（上）,鬼灭之刃 刀匠村篇,656835181
三哥，怎么以下犯上啊？,836.531,1,16777215,2026-02-26 13:10:19,1154635809,1上,某人的梦（上）,鬼灭之刃 刀匠村篇,656835181
无惨的179官方身高,698.451,1,16777215,2026-02-26 13:06:45,1154635809,1上,某人的梦（上）,鬼灭之刃 刀匠村篇,656835181
无惨：再也不敢读心了，太恐怖了,721.636,1,15138834,2026-02-26 12:18:02,1154635809,1上,某人的梦（上）,鬼灭之刃 刀匠村篇,656835181
笑死我了，我oc找到了蓝色彼岸花，他就不给无惨,628.707,1,16777215,2026-02-25 22:27:06,1154635809,1上,某人的梦（上）,鬼灭之刃 刀匠村篇,656835181
只能说这季没有人死 却还是给我看哭了,90.96,5,16777215,2026-02-25 19:09:03,1154635809,1上,某人的梦（上）,鬼灭之刃 刀匠村篇,656835181
童磨好帅！！！,395.309,1,15772458,2026-02-24 17:57:40,1154635809,1上,某人的梦（上）,鬼灭之刃 刀匠村篇,656835181
三哥:都演我是吧无限城决战那天我直接开摆,960.4,1,16777215,2026-02-24 13:45:35,1154635809,1上,某人的梦（上）,鬼灭之刃 刀匠村篇,656835181
三哥：童磨一定死了,211.521,1,16777215,2026-02-24 08:06:04,1154635809,1上,某人的梦（上）,鬼灭之刃 刀匠村篇,656835181
脑袋上顶一个寿桃就能当上学吗,784.033,1,16777215,2026-02-24 04:25:13,1154635809,1上,某人的梦（上）,鬼灭之刃 刀匠村篇,656835181
嘿休哒,1047.137,1,16777215,2026-02-24 02:43:03,1154635809,1上,某人的梦（上）,鬼灭之刃 刀匠村篇,656835181
大家闺秀出场了,467.257,1,16777215,2026-02-23 20:38:03,1154635809,1上,某人的梦（上）,鬼灭之刃 刀匠村篇,656835181
好喜欢鸣女这句恕我拒绝ovo,1017.185,1,16777215,2026-02-23 20:15:10,1154635809,1上,某人的梦（上）,鬼灭之刃 刀匠村篇,656835181
好刻板的惊讶,1208.483,1,16777215,2026-02-23 20:08:57,1154635809,1上,某人的梦（上）,鬼灭之刃 刀匠村篇,656835181
教主好帅！,447.596,1,16777215,2026-02-23 19:33:15,1154635809,1上,某人的梦（上）,鬼灭之刃 刀匠村篇,656835181
教主大人太可爱了，可爱可爱可爱可爱可爱可爱可爱可爱可爱可爱。,876.672,1,16707842,2026-02-23 18:08:18,1154635809,1上,某人的梦（上）,鬼灭之刃 刀匠村篇,656835181
他为什么会有日轮刀？,960.277,1,16777215,2026-02-23 17:54:55,1154635809,1上,某人的梦（上）,鬼灭之刃 刀匠村篇,656835181
哈？,672.098,5,15138835,2026-02-23 15:47:54,1154635809,1上,某人的梦（上）,鬼灭之刃 刀匠村篇,656835181
好萌的香奈乎！,1210.646,5,16777215,2026-02-23 14:14:10,1154635809,1上,某人的梦（上）,鬼灭之刃 刀匠村篇,656835181
盛世容颜的继国缘一啊啊啊啊啊啊啊啊啊啊啊啊啊啊啊啊啊啊啊,1136.139,1,16777215,2026-02-23 00:31:05,1154635809,1上,某人的梦（上）,鬼灭之刃 刀匠村篇,656835181
无惨：……,1180.244,5,16777215,2026-02-22 22:20:36,1154635809,1上,某人的梦（上）,鬼灭之刃 刀匠村篇,656835181
梦见他爷爷陪我笑,1195.467,1,16777215,2026-02-22 19:44:43,1154635809,1上,某人的梦（上）,鬼灭之刃 刀匠村篇,656835181
其实我更喜欢你的背影,940.176,1,16777215,2026-02-22 19:40:53,1154635809,1上,某人的梦（上）,鬼灭之刃 刀匠村篇,656835181
三哥你很嫌弃哦,426.339,1,16777215,2026-02-22 16:24:16,1154635809,1上,某人的梦（上）,鬼灭之刃 刀匠村篇,656835181
虽然你很帅！但我不会原谅你杀了大哥！（呜呜呜我的大哥）,162.186,5,16777215,2026-02-22 12:56:27,1154635809,1上,某人的梦（上）,鬼灭之刃 刀匠村篇,656835181
他抱的应该不是炭治郎，缘一是战国时期的怎么可能是炭治郎呢？,1126.469,1,16777215,2026-02-21 22:58:16,1154635809,1上,某人的梦（上）,鬼灭之刃 刀匠村篇,656835181
试管溶液不能超过1/3,507.503,1,16777215,2026-02-21 22:06:39,1154635809,1上,某人的梦（上）,鬼灭之刃 刀匠村篇,656835181
啊啊啊啊可爱死了！！！！！,1030.377,5,15138834,2026-02-21 18:56:33,1154635809,1上,某人的梦（上）,鬼灭之刃 刀匠村篇,656835181
黑色小猫咪！！！,469.922,1,16777215,2026-02-21 18:07:28,1154635809,1上,某人的梦（上）,鬼灭之刃 刀匠村篇,656835181
月亮仙子,664.547,1,6830715,2026-02-21 17:50:08,1154635809,1上,某人的梦（上）,鬼灭之刃 刀匠村篇,656835181
条过半进度:95.%97%,588.25,1,16777215,2026-02-21 17:23:33,1154635809,1上,某人的梦（上）,鬼灭之刃 刀匠村篇,656835181
试管溶液不能超过1/3。,507.936,1,16777215,2026-02-21 14:41:18,1154635809,1上,某人的梦（上）,鬼灭之刃 刀匠村篇,656835181
如果无惨教我化学我都能单科排全校第一,548.747,5,16777215,2026-02-21 11:35:19,1154635809,1上,某人的梦（上）,鬼灭之刃 刀匠村篇,656835181
展示经费,784.769,5,6830715,2026-02-21 01:34:20,1154635809,1上,某人的梦（上）,鬼灭之刃 刀匠村篇,656835181
教主萌萌萌萌萌萌萌萌萌萌萌萌萌,806.684,1,16707842,2026-02-20 22:49:08,1154635809,1上,某人的梦（上）,鬼灭之刃 刀匠村篇,656835181
大家闺秀无言以对中……,659.507,1,16777215,2026-02-20 22:20:08,1154635809,1上,某人的梦（上）,鬼灭之刃 刀匠村篇,656835181
你脸红个泡泡茶壶！,722.94,1,16777215,2026-02-20 22:11:03,1154635809,1上,某人的梦（上）,鬼灭之刃 刀匠村篇,656835181
三哥：等我开演吧,626.568,1,16777215,2026-02-20 22:08:26,1154635809,1上,某人的梦（上）,鬼灭之刃 刀匠村篇,656835181
我去看来猗窝座已经算是正常的了啊,356.198,5,16777215,2026-02-20 20:14:23,1154635809,1上,某人的梦（上）,鬼灭之刃 刀匠村篇,656835181
洗头呢。？,827.005,1,15138834,2026-02-20 20:03:39,1154635809,1上,某人的梦（上）,鬼灭之刃 刀匠村篇,656835181
我的爸呀大哥。？,723.922,1,15138834,2026-02-20 20:01:41,1154635809,1上,某人的梦（上）,鬼灭之刃 刀匠村篇,656835181
童磨帅成啥了,851.755,1,16777215,2026-02-20 19:46:17,1154635809,1上,某人的梦（上）,鬼灭之刃 刀匠村篇,656835181
吓我一跳,827.349,1,16777215,2026-02-20 18:46:29,1154635809,1上,某人的梦（上）,鬼灭之刃 刀匠村篇,656835181
三哥不妙曲,213.311,1,16777215,2026-02-20 15:59:47,1154635809,1上,某人的梦（上）,鬼灭之刃 刀匠村篇,656835181
美女,1014.887,5,16777215,2026-02-20 12:27:39,1154635809,1上,某人的梦（上）,鬼灭之刃 刀匠村篇,656835181
无惨大人～,489.647,1,16777215,2026-02-20 09:55:37,1154635809,1上,某人的梦（上）,鬼灭之刃 刀匠村篇,656835181
无惨头来。,691.022,5,16777215,2026-02-19 23:36:22,1154635809,1上,某人的梦（上）,鬼灭之刃 刀匠村篇,656835181
又见面了，大家,3.671,1,16777215,2026-02-19 21:35:54,1154635809,1上,某人的梦（上）,鬼灭之刃 刀匠村篇,656835181
三哥,141.505,1,41194,2026-02-19 21:06:16,1154635809,1上,某人的梦（上）,鬼灭之刃 刀匠村篇,656835181
童磨：摸不着头脑。,825.795,1,16777215,2026-02-19 20:29:51,1154635809,1上,某人的梦（上）,鬼灭之刃 刀匠村篇,656835181
此处无声胜有声,1206.068,5,16777215,2026-02-19 18:14:35,1154635809,1上,某人的梦（上）,鬼灭之刃 刀匠村篇,656835181
三哥做的好！,826.526,1,16777215,2026-02-19 16:12:25,1154635809,1上,某人的梦（上）,鬼灭之刃 刀匠村篇,656835181
他的月之呼吸是官方确定的，仅次于日之呼吸的第二强呼吸法,942.03,1,16777215,2026-02-19 15:46:50,1154635809,1上,某人的梦（上）,鬼灭之刃 刀匠村篇,656835181
脸红个泡泡茶壶啊！！！！！,724.599,5,16777215,2026-02-19 14:06:53,1154635809,1上,某人的梦（上）,鬼灭之刃 刀匠村篇,656835181
这个鄙视的眼神……,452.717,5,16777215,2026-02-19 14:01:45,1154635809,1上,某人的梦（上）,鬼灭之刃 刀匠村篇,656835181
教主大人好帅,401.149,1,16777215,2026-02-19 11:39:01,1154635809,1上,某人的梦（上）,鬼灭之刃 刀匠村篇,656835181
额～,828.173,5,16777215,2026-02-19 10:07:41,1154635809,1上,某人的梦（上）,鬼灭之刃 刀匠村篇,656835181
阿妈特拉斯,738.653,1,15138834,2026-02-19 01:49:42,1154635809,1上,某人的梦（上）,鬼灭之刃 刀匠村篇,656835181
这个坐姿完全大家闺秀,664.033,1,6830715,2026-02-18 15:57:04,1154635809,1上,某人的梦（上）,鬼灭之刃 刀匠村篇,656835181
但凡童磨真去了就不会团灭了,820.646,1,16777215,2026-02-18 12:00:34,1154635809,1上,某人的梦（上）,鬼灭之刃 刀匠村篇,656835181
魔童真的好病娇,541.654,1,16777215,2026-02-18 10:37:03,1154635809,1上,某人的梦（上）,鬼灭之刃 刀匠村篇,656835181
你在脸红什么？,813.307,1,16777215,2026-02-18 10:22:06,1154635809,1上,某人的梦（上）,鬼灭之刃 刀匠村篇,656835181
好行啊。连溶液不能到试管的1/3都知道。,503.649,1,16777215,2026-02-17 22:32:42,1154635809,1上,某人的梦（上）,鬼灭之刃 刀匠村篇,656835181
太帅了吧！！！,1138.722,1,16777215,2026-02-17 22:11:34,1154635809,1上,某人的梦（上）,鬼灭之刃 刀匠村篇,656835181
一脸传好几代,1093.92,1,16777215,2026-02-17 19:48:59,1154635809,1上,某人的梦（上）,鬼灭之刃 刀匠村篇,656835181
我靠，差点认成炭治郎,1080.033,1,16777215,2026-02-17 18:17:09,1154635809,1上,某人的梦（上）,鬼灭之刃 刀匠村篇,656835181
我去，你脸红个泡泡茶壶。,716.894,1,16777215,2026-02-17 17:23:21,1154635809,1上,某人的梦（上）,鬼灭之刃 刀匠村篇,656835181
这是炭治郎他爷吗？,1125.881,5,15138834,2026-02-17 12:23:46,1154635809,1上,某人的梦（上）,鬼灭之刃 刀匠村篇,656835181
义勇:你也没被讨厌啊,1026.621,1,16777215,2026-02-17 12:00:37,1154635809,1上,某人的梦（上）,鬼灭之刃 刀匠村篇,656835181
炭香99,1226.624,1,16777215,2026-02-17 10:05:28,1154635809,1上,某人的梦（上）,鬼灭之刃 刀匠村篇,656835181
三哥:无限城篇，你看我演不演你就完了。,273.892,5,16777215,2026-02-17 09:54:09,1154635809,1上,某人的梦（上）,鬼灭之刃 刀匠村篇,656835181
大家只知道他叫无惨，但谁又会记得他名字叫产屋夫月哉,666.292,1,16777215,2026-02-17 01:50:02,1154635809,1上,某人的梦（上）,鬼灭之刃 刀匠村篇,656835181
结果一下子折了俩上弦,775.2,5,16777215,2026-02-17 01:16:49,1154635809,1上,某人的梦（上）,鬼灭之刃 刀匠村篇,656835181
理科生来了,512.424,1,16707842,2026-02-16 23:32:01,1154635809,1上,某人的梦（上）,鬼灭之刃 刀匠村篇,656835181
啊！！！黑死牟好帅！！,472.052,1,6830715,2026-04-12 08:43:07,1154635809,1上,某人的梦（上）,鬼灭之刃 刀匠村篇,656835181
有点像华丽哥,1162.559,1,16777215,2026-04-11 14:08:14,1154635809,1上,某人的梦（上）,鬼灭之刃 刀匠村篇,656835181
好萌的磨磨头,674.939,1,16777215,2026-04-10 20:40:21,1154635809,1上,某人的梦（上）,鬼灭之刃 刀匠村篇,656835181
这童磨好欠呀,600.873,1,16777215,2026-04-08 19:32:52,1154635809,1上,某人的梦（上）,鬼灭之刃 刀匠村篇,656835181
三哥：上弦死了，谁这么大本事把童磨干掉了？,151.646,5,16777215,2026-04-08 15:30:00,1154635809,1上,某人的梦（上）,鬼灭之刃 刀匠村篇,656835181
琵琶女的声音好好听,361.23,5,16777215,2026-04-07 13:24:05,1154635809,1上,某人的梦（上）,鬼灭之刃 刀匠村篇,656835181
华丽哥：这个鬼也太不华丽了,319.67,5,16777215,2026-04-07 13:23:04,1154635809,1上,某人的梦（上）,鬼灭之刃 刀匠村篇,656835181
继国缘一好帅啊啊啊啊啊啊啊啊啊啊啊啊啊啊啊啊,1095.665,1,16777215,2026-04-06 23:39:09,1154635809,1上,某人的梦（上）,鬼灭之刃 刀匠村篇,656835181
你到底在脸红什么？,801.594,5,15138834,2026-04-06 22:19:24,1154635809,1上,某人的梦（上）,鬼灭之刃 刀匠村篇,656835181
莫名感觉玉壶有点可爱是怎么回事？,993.553,1,15772458,2026-04-06 19:24:54,1154635809,1上,某人的梦（上）,鬼灭之刃 刀匠村篇,656835181
三哥三哥我们喜欢你,227.109,1,16777215,2026-04-06 16:35:43,1154635809,1上,某人的梦（上）,鬼灭之刃 刀匠村篇,656835181
拉肚子了（确信,475.337,5,16777215,2026-04-06 12:39:59,1154635809,1上,某人的梦（上）,鬼灭之刃 刀匠村篇,656835181
豆子：？,56.895,1,16777215,2026-04-06 08:51:58,1154635809,1上,某人的梦（上）,鬼灭之刃 刀匠村篇,656835181
来啦！,33.642,1,16777215,2026-04-06 08:51:10,1154635809,1上,某人的梦（上）,鬼灭之刃 刀匠村篇,656835181
我的天,738.089,1,16777215,2026-04-06 00:40:20,1154635809,1上,某人的梦（上）,鬼灭之刃 刀匠村篇,656835181
蹭饭第1名,1093.578,1,15138834,2026-04-05 20:36:30,1154635809,1上,某人的梦（上）,鬼灭之刃 刀匠村篇,656835181
711人？！,115.656,1,16777215,2026-04-05 20:29:11,1154635809,1上,某人的梦（上）,鬼灭之刃 刀匠村篇,656835181
剧透一丢丢，蓝色彼岸花只在白天开放，且只开几天,754.935,5,16777215,2026-04-05 18:27:33,1154635809,1上,某人的梦（上）,鬼灭之刃 刀匠村篇,656835181
好可爱啊…,1051.201,5,16777215,2026-04-05 18:03:44,1154635809,1上,某人的梦（上）,鬼灭之刃 刀匠村篇,656835181
炭香99金婚,1237.421,1,16777215,2026-04-05 16:44:04,1154635809,1上,某人的梦（上）,鬼灭之刃 刀匠村篇,656835181
三哥好帅！,228.213,1,16777215,2026-04-05 15:26:06,1154635809,1上,某人的梦（上）,鬼灭之刃 刀匠村篇,656835181
你脸红个泡泡茶壶啊,803.523,5,15138834,2026-04-05 13:17:43,1154635809,1上,某人的梦（上）,鬼灭之刃 刀匠村篇,656835181
帅死了帅死了帅死了,1131.431,1,52480,2026-04-05 11:57:43,1154635809,1上,某人的梦（上）,鬼灭之刃 刀匠村篇,656835181
《你比谁都要美丽强大》,540.207,1,16777215,2026-04-05 09:16:29,1154635809,1上,某人的梦（上）,鬼灭之刃 刀匠村篇,656835181
你看你看你又急,638.399,5,16707842,2026-04-04 20:38:47,1154635809,1上,某人的梦（上）,鬼灭之刃 刀匠村篇,656835181
教主大人帅气！,811.155,1,16777215,2026-04-04 20:22:51,1154635809,1上,某人的梦（上）,鬼灭之刃 刀匠村篇,656835181
阿玛特拉斯,732.336,1,16777215,2026-04-04 19:34:26,1154635809,1上,某人的梦（上）,鬼灭之刃 刀匠村篇,656835181
我很好奇黑死牟做眼操会怎么做,940.543,5,15772458,2026-04-04 18:58:02,1154635809,1上,某人的梦（上）,鬼灭之刃 刀匠村篇,656835181
大家闺秀,468.354,1,16777215,2026-04-04 15:05:06,1154635809,1上,某人的梦（上）,鬼灭之刃 刀匠村篇,656835181
三哥:san值狂掉中,329.01,1,15138834,2026-04-04 15:02:01,1154635809,1上,某人的梦（上）,鬼灭之刃 刀匠村篇,656835181
有人是2026吗,601.935,1,16777215,2026-04-04 11:08:48,1154635809,1上,某人的梦（上）,鬼灭之刃 刀匠村篇,656835181
三哥：悬着的心终于还是死了,381.863,1,16777215,2026-04-03 23:47:35,1154635809,1上,某人的梦（上）,鬼灭之刃 刀匠村篇,656835181
经费消失。,953.826,1,16777215,2026-04-03 10:20:13,1154635809,1上,某人的梦（上）,鬼灭之刃 刀匠村篇,656835181
上三讨厌上二？,869.59,1,16777215,2026-04-03 02:52:54,1154635809,1上,某人的梦（上）,鬼灭之刃 刀匠村篇,656835181
尿壶,289.618,1,16777215,2026-04-02 22:10:06,1154635809,1上,某人的梦（上）,鬼灭之刃 刀匠村篇,656835181
试管溶液不能超过1/3！,513.101,1,16777215,2026-04-02 14:25:47,1154635809,1上,某人的梦（上）,鬼灭之刃 刀匠村篇,656835181
？他为什么长这个样子？弹幕还有人说他挺帅的，那好吧，我就默认了,318.564,1,16777215,2026-04-01 22:37:18,1154635809,1上,某人的梦（上）,鬼灭之刃 刀匠村篇,656835181
呃……,304.129,5,16777215,2026-04-01 00:08:26,1154635809,1上,某人的梦（上）,鬼灭之刃 刀匠村篇,656835181
 这回是阴的，没边了，这回是鹰的，没边了，真阴的没边了，阴的没边了 这剧情阴的没边了,55.555,1,16777215,2026-03-31 19:58:12,1154635809,1上,某人的梦（上）,鬼灭之刃 刀匠村篇,656835181
六眼飞饼好吓人（娱乐）,932.505,5,6830715,2026-03-31 19:53:08,1154635809,1上,某人的梦（上）,鬼灭之刃 刀匠村篇,656835181
____________________________________________________________________________________________,550.252,5,16777215,2026-03-30 19:37:03,1154635809,1上,某人的梦（上）,鬼灭之刃 刀匠村篇,656835181
萌之,543.304,1,16777215,2026-03-29 22:45:17,1154635809,1上,某人的梦（上）,鬼灭之刃 刀匠村篇,656835181
黑色某整个人变成两只眼睛，无惨又要躲个几千年,878.781,1,16777215,2026-03-29 22:25:34,1154635809,1上,某人的梦（上）,鬼灭之刃 刀匠村篇,656835181
OK啊，扛着音响出来了,196.612,5,41194,2026-03-29 19:57:13,1154635809,1上,某人的梦（上）,鬼灭之刃 刀匠村篇,656835181
教主小猫来的。,675.868,1,16777215,2026-03-29 11:19:45,1154635809,1上,某人的梦（上）,鬼灭之刃 刀匠村篇,656835181
说好的段刀村见,4.316,1,16777215,2026-03-29 08:46:00,1154635809,1上,某人的梦（上）,鬼灭之刃 刀匠村篇,656835181
你脸红个泡泡茶壶,803.076,1,16777215,2026-03-28 16:17:32,1154635809,1上,某人的梦（上）,鬼灭之刃 刀匠村篇,656835181
鸣女：上个破班真烦,1021.335,5,16777215,2026-03-28 13:49:46,1154635809,1上,某人的梦（上）,鬼灭之刃 刀匠村篇,656835181
无惨：一个破花找几百年。。。,608.693,5,16777215,2026-03-28 13:41:52,1154635809,1上,某人的梦（上）,鬼灭之刃 刀匠村篇,656835181
尿壶,292.56,1,15138834,2026-03-28 13:36:53,1154635809,1上,某人的梦（上）,鬼灭之刃 刀匠村篇,656835181
前方高萌,865.332,5,15138834,2026-03-28 10:45:28,1154635809,1上,某人的梦（上）,鬼灭之刃 刀匠村篇,656835181
直接开门诶，都没敲门,1038.487,5,15138834,2026-03-28 10:11:03,1154635809,1上,某人的梦（上）,鬼灭之刃 刀匠村篇,656835181
最能打的先认罪,663.215,5,16777215,2026-03-27 22:55:58,1154635809,1上,某人的梦（上）,鬼灭之刃 刀匠村篇,656835181
我是小皇上,1048.164,1,16777215,2026-03-27 21:22:06,1154635809,1上,某人的梦（上）,鬼灭之刃 刀匠村篇,656835181
炭香99,1207.992,1,16777215,2026-03-26 19:30:56,1154635809,1上,某人的梦（上）,鬼灭之刃 刀匠村篇,656835181
鬼中义勇,919.64,1,16777215,2026-03-25 17:18:44,1154635809,1上,某人的梦（上）,鬼灭之刃 刀匠村篇,656835181
 嘎哒嘎哒,1003.27,1,16777215,2026-03-25 07:39:52,1154635809,1上,某人的梦（上）,鬼灭之刃 刀匠村篇,656835181
前方大眼高能预警,925.722,5,16777215,2026-03-24 22:29:40,1154635809,1上,某人的梦（上）,鬼灭之刃 刀匠村篇,656835181
黑死牟！！,477.022,1,16777215,2026-03-24 19:39:16,1154635809,1上,某人的梦（上）,鬼灭之刃 刀匠村篇,656835181
无惨：你再说一遍？,1170.748,1,16777215,2026-03-24 17:55:04,1154635809,1上,某人的梦（上）,鬼灭之刃 刀匠村篇,656835181
义勇：你也被讨厌了嘛,1025.501,1,16777215,2026-03-24 17:16:38,1154635809,1上,某人的梦（上）,鬼灭之刃 刀匠村篇,656835181
狼性企业文化,864.714,1,16777215,2026-03-24 07:58:41,1154635809,1上,某人的梦（上）,鬼灭之刃 刀匠村篇,656835181
你脸红个泡泡茶壶啊,803.418,1,16777215,2026-03-23 21:17:54,1154635809,1上,某人的梦（上）,鬼灭之刃 刀匠村篇,656835181
流言蜚语～（bushi）,948.306,1,16777215,2026-03-23 20:36:19,1154635809,1上,某人的梦（上）,鬼灭之刃 刀匠村篇,656835181
欢迎各位来到锻刀村呐！又见面啦！,0.986,1,16777215,2026-03-22 21:14:08,1154635809,1上,某人的梦（上）,鬼灭之刃 刀匠村篇,656835181
 《华丽的爆炸使音柱非常开心》,651.421,5,15138834,2026-03-22 16:22:25,1154635809,1上,某人的梦（上）,鬼灭之刃 刀匠村篇,656835181
骗你的，其实童磨和义勇都被讨厌了,532.908,5,16777215,2026-03-22 16:07:58,1154635809,1上,某人的梦（上）,鬼灭之刃 刀匠村篇,656835181
炭香99,1228.642,1,16777215,2026-03-22 11:53:35,1154635809,1上,某人的梦（上）,鬼灭之刃 刀匠村篇,656835181
帅哥你谁啊！,1135.48,1,16777215,2026-03-22 09:31:45,1154635809,1上,某人的梦（上）,鬼灭之刃 刀匠村篇,656835181
啊啊啊太帅了,1108.85,1,16777215,2026-03-22 09:30:09,1154635809,1上,某人的梦（上）,鬼灭之刃 刀匠村篇,656835181
试管不能超过三分之一！,494.637,1,16777215,2026-03-22 06:55:06,1154635809,1上,某人的梦（上）,鬼灭之刃 刀匠村篇,656835181
《わたくし》,683.511,1,16777215,2026-03-22 00:45:28,1154635809,1上,某人的梦（上）,鬼灭之刃 刀匠村篇,656835181
表情指导：蝴蝶忍,520.632,1,16777215,2026-03-21 23:48:05,1154635809,1上,某人的梦（上）,鬼灭之刃 刀匠村篇,656835181
无敌的男人，出现了！,1058.28,1,16777215,2026-03-21 21:59:43,1154635809,1上,某人的梦（上）,鬼灭之刃 刀匠村篇,656835181
可爱！！！,876.782,1,16777215,2026-03-21 21:55:32,1154635809,1上,某人的梦（上）,鬼灭之刃 刀匠村篇,656835181
伍得舞都卡C,424.571,5,8700107,2026-03-21 18:54:46,1154635809,1上,某人的梦（上）,鬼灭之刃 刀匠村篇,656835181
耳机党们有福了,232.562,1,16777215,2026-03-21 16:07:14,1154635809,1上,某人的梦（上）,鬼灭之刃 刀匠村篇,656835181
虽然有那么一点点讨厌童磨，但是他也太可爱了，坐在那里太可爱了，萌化了。,992.266,1,16777215,2026-03-21 11:46:58,1154635809,1上,某人的梦（上）,鬼灭之刃 刀匠村篇,656835181
这个头发想摸一把。,860.22,1,16777215,2026-03-21 10:39:32,1154635809,1上,某人的梦（上）,鬼灭之刃 刀匠村篇,656835181
你脸红个泡泡茶壶啊,800.959,1,16777215,2026-03-21 09:55:05,1154635809,1上,某人的梦（上）,鬼灭之刃 刀匠村篇,656835181
你脸红个泡泡茶壶啊,724.586,1,16777215,2026-03-21 09:53:33,1154635809,1上,某人的梦（上）,鬼灭之刃 刀匠村篇,656835181
六眼柠檬精,942.568,1,16777215,2026-03-20 23:26:14,1154635809,1上,某人的梦（上）,鬼灭之刃 刀匠村篇,656835181
红色奶龙,1134.735,1,6830715,2026-03-20 21:41:33,1154635809,1上,某人的梦（上）,鬼灭之刃 刀匠村篇,656835181
我不行了被孤立了,1012.56,5,16777215,2026-03-19 22:02:30,1154635809,1上,某人的梦（上）,鬼灭之刃 刀匠村篇,656835181
像小猫！,918.794,5,16777215,2026-03-19 22:00:23,1154635809,1上,某人的梦（上）,鬼灭之刃 刀匠村篇,656835181
好萌啊,880.04,5,16777215,2026-03-19 21:59:28,1154635809,1上,某人的梦（上）,鬼灭之刃 刀匠村篇,656835181
你脸红啥？,803.864,1,16777215,2026-03-19 19:22:21,1154635809,1上,某人的梦（上）,鬼灭之刃 刀匠村篇,656835181
被孤立的童磨,1027.562,1,16777215,2026-03-19 14:36:38,1154635809,1上,某人的梦（上）,鬼灭之刃 刀匠村篇,656835181
阿拉丁神灯都来了,302.848,5,16777215,2026-03-19 14:00:37,1154635809,1上,某人的梦（上）,鬼灭之刃 刀匠村篇,656835181
小知识：其实无惨也不喜欢童魔，无惨觉得他很烦很吵,537.427,1,16777215,2026-03-19 13:43:03,1154635809,1上,某人的梦（上）,鬼灭之刃 刀匠村篇,656835181
童磨去可就真大结局了,1013.996,5,16777215,2026-03-18 22:21:00,1154635809,1上,某人的梦（上）,鬼灭之刃 刀匠村篇,656835181
三哥:等着我演死你们,870.543,5,15138834,2026-03-18 21:45:57,1154635809,1上,某人的梦（上）,鬼灭之刃 刀匠村篇,656835181
炭治郎他爷爷,1128.489,1,16777215,2026-03-18 20:38:55,1154635809,1上,某人的梦（上）,鬼灭之刃 刀匠村篇,656835181
阿玛忒拉斯,736.755,1,16777215,2026-03-18 20:31:34,1154635809,1上,某人的梦（上）,鬼灭之刃 刀匠村篇,656835181
豆子醒了吗？,1228.549,1,16777215,2026-03-18 18:50:21,1154635809,1上,某人的梦（上）,鬼灭之刃 刀匠村篇,656835181
三哥：发带吧,543.029,1,14811775,2026-03-18 08:51:08,1154635809,1上,某人的梦（上）,鬼灭之刃 刀匠村篇,656835181
我学琵琶的,774.72,5,16777215,2026-03-17 18:54:24,1154635809,1上,某人的梦（上）,鬼灭之刃 刀匠村篇,656835181
小手为何萌萌的？,685.983,1,16777215,2026-03-17 18:46:20,1154635809,1上,某人的梦（上）,鬼灭之刃 刀匠村篇,656835181
三哥只是不吃女人，从来没说不吃小孩和老人哦,919.181,5,16777215,2026-03-17 17:41:31,1154635809,1上,某人的梦（上）,鬼灭之刃 刀匠村篇,656835181
好可爱的香奈乎呀,1233.812,1,13369971,2026-03-17 12:42:16,1154635809,1上,某人的梦（上）,鬼灭之刃 刀匠村篇,656835181
无惨根本不会做实验我虽然虽然不太好但是他手中的试管中的溶液不在大约三分之一的地方,501.396,1,16777215,2026-03-17 00:18:52,1154635809,1上,某人的梦（上）,鬼灭之刃 刀匠村篇,656835181
缘！,1057.682,5,15138834,2026-03-15 21:50:31,1154635809,1上,某人的梦（上）,鬼灭之刃 刀匠村篇,656835181
压力！,463.57,5,15138834,2026-03-15 21:47:03,1154635809,1上,某人的梦（上）,鬼灭之刃 刀匠村篇,656835181
蓝色彼岸花梦男,619.383,1,16777215,2026-03-15 21:28:29,1154635809,1上,某人的梦（上）,鬼灭之刃 刀匠村篇,656835181
缘一亲哥登场,473.863,5,16777215,2026-03-15 15:58:24,1154635809,1上,某人的梦（上）,鬼灭之刃 刀匠村篇,656835181
尿壶,280.729,5,16777215,2026-03-15 15:10:47,1154635809,1上,某人的梦（上）,鬼灭之刃 刀匠村篇,656835181
无惨你躲好了吗？,1116.782,1,16777215,2026-03-15 14:05:04,1154635809,1上,某人的梦（上）,鬼灭之刃 刀匠村篇,656835181
黑死牟大家闺秀来的,462.916,1,16777215,2026-03-15 13:02:11,1154635809,1上,某人的梦（上）,鬼灭之刃 刀匠村篇,656835181
童磨被揍了,432.02,1,16777215,2026-03-15 07:49:19,1154635809,1上,某人的梦（上）,鬼灭之刃 刀匠村篇,656835181
哇塞，无惨这么爱倒立吗？,746.269,1,16777215,2026-03-14 21:10:03,1154635809,1上,某人的梦（上）,鬼灭之刃 刀匠村篇,656835181
大家好，我是手账主播无惨，今天来和我做手账吧（发出糖在嘴里嘎吱响的声音）,586.497,1,16777215,2026-03-14 21:06:30,1154635809,1上,某人的梦（上）,鬼灭之刃 刀匠村篇,656835181
柱中义勇，鬼中童磨,902.509,1,16777215,2026-03-14 19:53:09,1154635809,1上,某人的梦（上）,鬼灭之刃 刀匠村篇,656835181
妈妈,668.169,1,16777215,2026-03-14 19:48:38,1154635809,1上,某人的梦（上）,鬼灭之刃 刀匠村篇,656835181
嘎哒....嘎哒,999.723,1,6830715,2026-03-14 16:51:42,1154635809,1上,某人的梦（上）,鬼灭之刃 刀匠村篇,656835181
香炭99,1221.092,1,15138834,2026-03-14 16:07:18,1154635809,1上,某人的梦（上）,鬼灭之刃 刀匠村篇,656835181
不是，这玉壶脸红什么,805.337,1,16777215,2026-03-14 15:24:57,1154635809,1上,某人的梦（上）,鬼灭之刃 刀匠村篇,656835181
尿壶,290.362,1,16777215,2026-03-14 14:39:03,1154635809,1上,某人的梦（上）,鬼灭之刃 刀匠村篇,656835181
难道二哥知道自己的眼睛很好看吗？,531.853,1,16777215,2026-03-14 11:53:17,1154635809,1上,某人的梦（上）,鬼灭之刃 刀匠村篇,656835181
童，怎么一股太宰治的味道？,861.038,1,16777215,2026-03-14 10:08:49,1154635809,1上,某人的梦（上）,鬼灭之刃 刀匠村篇,656835181
(¯▽¯)ゞ,707.529,1,16777215,2026-03-14 10:03:03,1154635809,1上,某人的梦（上）,鬼灭之刃 刀匠村篇,656835181
我嘞个奇思妙想,319.121,1,9599289,2026-03-14 02:24:03,1154635809,1上,某人的梦（上）,鬼灭之刃 刀匠村篇,656835181
400多人,132.383,1,16777215,2026-03-13 22:50:23,1154635809,1上,某人的梦（上）,鬼灭之刃 刀匠村篇,656835181
懂了，无惨是一点都不知道科学是吗？,511.624,1,16777215,2026-03-13 22:47:48,1154635809,1上,某人的梦（上）,鬼灭之刃 刀匠村篇,656835181
童磨宅,203.927,5,16777215,2026-03-13 18:41:23,1154635809,1上,某人的梦（上）,鬼灭之刃 刀匠村篇,656835181
好帅，，，,156.21,1,16777215,2026-03-12 23:05:15,1154635809,1上,某人的梦（上）,鬼灭之刃 刀匠村篇,656835181
妈妈,470.032,5,16777215,2026-03-12 22:27:51,1154635809,1上,某人的梦（上）,鬼灭之刃 刀匠村篇,656835181
妈妈,468.231,5,16777215,2026-03-12 22:27:42,1154635809,1上,某人的梦（上）,鬼灭之刃 刀匠村篇,656835181
妈妈,468.589,5,16777215,2026-03-12 22:26:02,1154635809,1上,某人的梦（上）,鬼灭之刃 刀匠村篇,656835181
奶龙,928.574,1,16777215,2026-03-12 21:16:34,1154635809,1上,某人的梦（上）,鬼灭之刃 刀匠村篇,656835181
无限城！,114.252,1,16777215,2026-03-12 20:49:43,1154635809,1上,某人的梦（上）,鬼灭之刃 刀匠村篇,656835181
炭香99,1223.366,1,16777215,2026-03-12 20:36:15,1154635809,1上,某人的梦（上）,鬼灭之刃 刀匠村篇,656835181
私の来ないの来ない来ないなぁできないだけなんだから抜き抜けないのにないの,152.916,1,16777215,2026-03-12 20:03:17,1154635809,1上,某人的梦（上）,鬼灭之刃 刀匠村篇,656835181
お兄さん,141.423,1,16777215,2026-03-12 20:02:50,1154635809,1上,某人的梦（上）,鬼灭之刃 刀匠村篇,656835181
笑死了，三哥先去看童磨工位,208.678,5,16777215,2026-03-12 19:13:06,1154635809,1上,某人的梦（上）,鬼灭之刃 刀匠村篇,656835181
因为猗窝座只吃男人，而童磨吃的人多所以童磨实力强。,898.829,5,15138834,2026-03-11 22:12:59,1154635809,1上,某人的梦（上）,鬼灭之刃 刀匠村篇,656835181
三哥：一定要是童磨一定要是童磨,196.434,5,15138834,2026-03-11 22:00:50,1154635809,1上,某人的梦（上）,鬼灭之刃 刀匠村篇,656835181
无惨：阿玛特拉斯,742.653,1,16777215,2026-03-11 21:46:29,1154635809,1上,某人的梦（上）,鬼灭之刃 刀匠村篇,656835181
一直在踩雷,409.811,1,16777215,2026-03-11 20:43:45,1154635809,1上,某人的梦（上）,鬼灭之刃 刀匠村篇,656835181
细节不问上二去哪了,364.69,1,16777215,2026-03-11 20:42:00,1154635809,1上,某人的梦（上）,鬼灭之刃 刀匠村篇,656835181
大家闺秀来了,467.197,1,16777215,2026-03-11 20:40:36,1154635809,1上,某人的梦（上）,鬼灭之刃 刀匠村篇,656835181
红色奶龙,1073.754,1,16777215,2026-03-11 00:19:18,1154635809,1上,某人的梦（上）,鬼灭之刃 刀匠村篇,656835181
好帅,1056.648,1,16777215,2026-03-11 00:18:44,1154635809,1上,某人的梦（上）,鬼灭之刃 刀匠村篇,656835181
弹的也难听,363.777,1,16777215,2026-03-10 13:08:43,1154635809,1上,某人的梦（上）,鬼灭之刃 刀匠村篇,656835181
妈妈妈妈妈妈妈妈妈,470.812,1,16777215,2026-03-09 20:13:56,1154635809,1上,某人的梦（上）,鬼灭之刃 刀匠村篇,656835181
香奈乎:ºOº,1211.687,1,16777215,2026-03-09 12:23:56,1154635809,1上,某人的梦（上）,鬼灭之刃 刀匠村篇,656835181
好萌啊！,874.091,1,16777215,2026-03-09 04:01:20,1154635809,1上,某人的梦（上）,鬼灭之刃 刀匠村篇,656835181
你脸红个泡泡茶壶,801.84,1,16777215,2026-03-09 03:59:21,1154635809,1上,某人的梦（上）,鬼灭之刃 刀匠村篇,656835181
六六六魇梦二代来了,721.133,1,16777215,2026-03-09 03:56:48,1154635809,1上,某人的梦（上）,鬼灭之刃 刀匠村篇,656835181
童磨：6鸟都不鸟我,926.563,5,16777215,2026-03-08 22:54:42,1154635809,1上,某人的梦（上）,鬼灭之刃 刀匠村篇,656835181
绝美的盛世容颜,1134.528,5,16777215,2026-03-08 21:18:33,1154635809,1上,某人的梦（上）,鬼灭之刃 刀匠村篇,656835181
彼岸花：你来找我呀，躲猫猫好玩吗？,658.064,1,15138834,2026-03-08 19:52:07,1154635809,1上,某人的梦（上）,鬼灭之刃 刀匠村篇,656835181
胶头滴管不能横放,523.144,1,16777215,2026-03-08 19:10:29,1154635809,1上,某人的梦（上）,鬼灭之刃 刀匠村篇,656835181
二哥精准踩雷,416.844,1,16777215,2026-03-08 19:08:36,1154635809,1上,某人的梦（上）,鬼灭之刃 刀匠村篇,656835181
三哥：一定要是童磨啊,197.664,1,16777215,2026-03-08 19:04:04,1154635809,1上,某人的梦（上）,鬼灭之刃 刀匠村篇,656835181
妈妈,475.537,1,16777215,2026-03-08 17:53:00,1154635809,1上,某人的梦（上）,鬼灭之刃 刀匠村篇,656835181
我的妈呀，香奈乎都在那愣住了。,1210.305,1,16777215,2026-03-08 16:00:38,1154635809,1上,某人的梦（上）,鬼灭之刃 刀匠村篇,656835181
三哥:一定要是魔童啊！,201.522,1,16777215,2026-03-08 14:27:58,1154635809,1上,某人的梦（上）,鬼灭之刃 刀匠村篇,656835181
动作指导：蝴蝶忍,530.889,1,16777215,2026-03-08 14:27:09,1154635809,1上,某人的梦（上）,鬼灭之刃 刀匠村篇,656835181
像哪咤,187.255,1,16777215,2026-03-08 12:34:25,1154635809,1上,某人的梦（上）,鬼灭之刃 刀匠村篇,656835181
磨磨头，太萌了吧,888.593,1,16777215,2026-03-08 12:16:06,1154635809,1上,某人的梦（上）,鬼灭之刃 刀匠村篇,656835181
2026的来了,589.085,1,16777215,2026-03-08 12:08:27,1154635809,1上,某人的梦（上）,鬼灭之刃 刀匠村篇,656835181
经费城,239.428,5,15138834,2026-03-08 09:40:56,1154635809,1上,某人的梦（上）,鬼灭之刃 刀匠村篇,656835181
跟影又得一聊,711.583,5,16777215,2026-03-08 01:09:40,1154635809,1上,某人的梦（上）,鬼灭之刃 刀匠村篇,656835181
成功将自己惹怒,638.033,1,16777215,2026-03-07 20:30:53,1154635809,1上,某人的梦（上）,鬼灭之刃 刀匠村篇,656835181
我不行了，说一句顶一句,608.53,1,16777215,2026-03-07 20:30:18,1154635809,1上,某人的梦（上）,鬼灭之刃 刀匠村篇,656835181
那你别要上弦了，正好就没人给你操控无限城了,643.777,1,16777215,2026-03-07 19:30:07,1154635809,1上,某人的梦（上）,鬼灭之刃 刀匠村篇,656835181
丑哭了,319.429,1,16777215,2026-03-07 19:23:50,1154635809,1上,某人的梦（上）,鬼灭之刃 刀匠村篇,656835181
嘎达嘎哒,991.698,1,16777215,2026-03-07 18:55:27,1154635809,1上,某人的梦（上）,鬼灭之刃 刀匠村篇,656835181
你脸红个泡泡茶啊,805.06,1,16777215,2026-03-07 17:28:57,1154635809,1上,某人的梦（上）,鬼灭之刃 刀匠村篇,656835181
我靠，直戳雷点,407.741,5,16777215,2026-03-07 16:51:44,1154635809,1上,某人的梦（上）,鬼灭之刃 刀匠村篇,656835181
无惨就像宝妈学中医一样,573.712,1,16777215,2026-03-07 15:03:36,1154635809,1上,某人的梦（上）,鬼灭之刃 刀匠村篇,656835181
这太丑了,941.909,1,16777215,2026-03-07 14:28:28,1154635809,1上,某人的梦（上）,鬼灭之刃 刀匠村篇,656835181
我不行了，被打了,428.637,1,16777215,2026-03-07 14:14:06,1154635809,1上,某人的梦（上）,鬼灭之刃 刀匠村篇,656835181
魔童！,376.312,1,16777215,2026-03-07 14:13:08,1154635809,1上,某人的梦（上）,鬼灭之刃 刀匠村篇,656835181
教主扫哄的,425.362,5,16777215,2026-03-07 13:28:02,1154635809,1上,某人的梦（上）,鬼灭之刃 刀匠村篇,656835181
教主好帅,385.818,5,16777215,2026-03-07 13:25:43,1154635809,1上,某人的梦（上）,鬼灭之刃 刀匠村篇,656835181
这个试管标准了,618.508,1,16777215,2026-03-07 13:18:37,1154635809,1上,某人的梦（上）,鬼灭之刃 刀匠村篇,656835181
小帽咪！！！！！嘻嘻嘻嘻嘻嘻嘻嘻嘻嘻嘻嘻嘻嘻嘻嘻嘻嘻嘻嘻嘻嘻嘻,885.097,1,16777215,2026-03-07 13:06:19,1154635809,1上,某人的梦（上）,鬼灭之刃 刀匠村篇,656835181
和义勇一桌,908.229,1,41194,2026-03-07 12:38:16,1154635809,1上,某人的梦（上）,鬼灭之刃 刀匠村篇,656835181
战力爆表的红色奶龙,1099.748,1,16777215,2026-03-07 11:05:45,1154635809,1上,某人的梦（上）,鬼灭之刃 刀匠村篇,656835181
祖传脸和声音和格子花纹,1099.614,1,16777215,2026-03-07 00:45:38,1154635809,1上,某人的梦（上）,鬼灭之刃 刀匠村篇,656835181
拿头好戏,697.441,1,16777215,2026-03-06 22:40:20,1154635809,1上,某人的梦（上）,鬼灭之刃 刀匠村篇,656835181
鬼灭最友好的三人组：黑死牟，童磨，猗窝座,865.137,1,16777215,2026-03-06 22:07:02,1154635809,1上,某人的梦（上）,鬼灭之刃 刀匠村篇,656835181
《增进感情》,918.845,1,16777215,2026-03-06 17:15:21,1154635809,1上,某人的梦（上）,鬼灭之刃 刀匠村篇,656835181
你不准去,1006.788,5,15138834,2026-03-06 00:39:17,1154635809,1上,某人的梦（上）,鬼灭之刃 刀匠村篇,656835181
？你去了还能打吗,814.185,5,15138834,2026-03-06 00:29:03,1154635809,1上,某人的梦（上）,鬼灭之刃 刀匠村篇,656835181
富公哎，还带电梯哎,251.062,1,16777215,2026-03-05 20:09:54,1154635809,1上,某人的梦（上）,鬼灭之刃 刀匠村篇,656835181
继国缘一！,1148.0,1,16777215,2026-03-05 09:33:39,1154635809,1上,某人的梦（上）,鬼灭之刃 刀匠村篇,656835181
依旧全菌实验,488.106,1,16777215,2026-03-04 23:15:55,1154635809,1上,某人的梦（上）,鬼灭之刃 刀匠村篇,656835181
无惨到死都不知道蓝色彼岸花只在一年中的白天开，最迟三天所有的花都会在白天凋零，不留一丝痕迹,509.412,1,16777215,2026-03-04 19:28:56,1154635809,1上,某人的梦（上）,鬼灭之刃 刀匠村篇,656835181
缘一！！,1058.906,1,15138834,2026-03-04 18:57:52,1154635809,1上,某人的梦（上）,鬼灭之刃 刀匠村篇,656835181
炭香99！,1232.251,1,8700107,2026-03-04 15:48:17,1154635809,1上,某人的梦（上）,鬼灭之刃 刀匠村篇,656835181
妈妈。。,464.273,5,6830715,2026-03-03 22:47:32,1154635809,1上,某人的梦（上）,鬼灭之刃 刀匠村篇,656835181
怪不得这么多人喜欢童磨，可爱ing,1035.223,5,14811775,2026-03-03 20:37:50,1154635809,1上,某人的梦（上）,鬼灭之刃 刀匠村篇,656835181
注:在日本大正时代，装帘子的都是大家闺秀，所以我们黑死咪是大家闺秀,466.759,1,16777215,2026-03-03 20:35:37,1154635809,1上,某人的梦（上）,鬼灭之刃 刀匠村篇,656835181
童磨这家真的很优雅。。好看,212.338,1,16777215,2026-03-03 20:31:13,1154635809,1上,某人的梦（上）,鬼灭之刃 刀匠村篇,656835181
依旧眼睛说话,727.351,1,16777215,2026-03-03 20:29:30,1154635809,1上,某人的梦（上）,鬼灭之刃 刀匠村篇,656835181
童磨长得好帅啊,408.467,5,14811775,2026-03-03 20:24:40,1154635809,1上,某人的梦（上）,鬼灭之刃 刀匠村篇,656835181
恭喜贪之狼获：主动说话,1232.407,1,16777215,2026-03-03 19:25:48,1154635809,1上,某人的梦（上）,鬼灭之刃 刀匠村篇,656835181
我很好奇，无惨找蓝色彼岸花是为了在白天下不怕太阳，那为啥他不戴顶大帽子？,645.188,5,16777215,2026-03-03 17:37:06,1154635809,1上,某人的梦（上）,鬼灭之刃 刀匠村篇,656835181
大家闺秀来的,660.28,1,6830715,2026-03-03 17:11:31,1154635809,1上,某人的梦（上）,鬼灭之刃 刀匠村篇,656835181
艾米阔莱克斯,1.311,1,16777215,2026-03-03 13:41:47,1154635809,1上,某人的梦（上）,鬼灭之刃 刀匠村篇,656835181
句句踩雷,906.668,1,16777215,2026-03-03 12:54:42,1154635809,1上,某人的梦（上）,鬼灭之刃 刀匠村篇,656835181
马桶？,293.031,1,11890,2026-03-02 20:42:11,1154635809,1上,某人的梦（上）,鬼灭之刃 刀匠村篇,656835181
哎呀这个教主为什么这么美,603.474,1,41194,2026-03-02 20:35:12,1154635809,1上,某人的梦（上）,鬼灭之刃 刀匠村篇,656835181
童磨：我没有被讨厌（不是）,907.72,5,16777215,2026-03-02 13:54:07,1154635809,1上,某人的梦（上）,鬼灭之刃 刀匠村篇,656835181
可爱捏,878.132,5,16777215,2026-03-02 13:53:08,1154635809,1上,某人的梦（上）,鬼灭之刃 刀匠村篇,656835181
三哥：你怎么还活着,373.34,5,16777215,2026-03-02 13:25:01,1154635809,1上,某人的梦（上）,鬼灭之刃 刀匠村篇,656835181
你把生命当什么了？,1099.473,1,16777215,2026-03-02 12:22:33,1154635809,1上,某人的梦（上）,鬼灭之刃 刀匠村篇,656835181
日黑99,1149.844,1,16777215,2026-03-02 12:09:33,1154635809,1上,某人的梦（上）,鬼灭之刃 刀匠村篇,656835181
无惨你拿个红色彼岸花然后再买一桶颜料,649.706,1,16777215,2026-03-02 11:56:36,1154635809,1上,某人的梦（上）,鬼灭之刃 刀匠村篇,656835181
磨磨头好可爱,669.584,1,6830715,2026-03-02 10:20:27,1154635809,1上,某人的梦（上）,鬼灭之刃 刀匠村篇,656835181
。这个尿壶除了腹肌其他都好丑,306.763,5,16777215,2026-03-02 01:47:58,1154635809,1上,某人的梦（上）,鬼灭之刃 刀匠村篇,656835181
柱中义勇，鬼中童,1023.165,1,16777215,2026-03-01 23:42:20,1154635809,1上,某人的梦（上）,鬼灭之刃 刀匠村篇,656835181
炭香99,1235.16,1,16777215,2026-03-01 22:32:33,1154635809,1上,某人的梦（上）,鬼灭之刃 刀匠村篇,656835181
炭香99,1220.709,1,16777215,2026-03-01 22:31:38,1154635809,1上,某人的梦（上）,鬼灭之刃 刀匠村篇,656835181
忠诚的员工,831.486,5,16777215,2026-03-01 22:02:07,1154635809,1上,某人的梦（上）,鬼灭之刃 刀匠村篇,656835181
无限城预告里面好像有,717.246,1,16777215,2026-03-01 17:25:44,1154635809,1上,某人的梦（上）,鬼灭之刃 刀匠村篇,656835181
童磨是男上弦中最好看的,413.72,1,16777215,2026-03-01 16:51:59,1154635809,1上,某人的梦（上）,鬼灭之刃 刀匠村篇,656835181
拿首好戏,693.447,5,16777215,2026-03-01 13:13:59,1154635809,1上,某人的梦（上）,鬼灭之刃 刀匠村篇,656835181
记住这个背景音乐,1161.067,1,16777215,2026-03-01 12:26:54,1154635809,1上,某人的梦（上）,鬼灭之刃 刀匠村篇,656835181
无惨最严厉的父亲来了,1070.793,1,16777215,2026-03-01 12:26:31,1154635809,1上,某人的梦（上）,鬼灭之刃 刀匠村篇,656835181
三哥:绝对是童磨,201.757,1,16777215,2026-03-01 10:40:15,1154635809,1上,某人的梦（上）,鬼灭之刃 刀匠村篇,656835181
我靠还是个m（？）,717.649,5,16777215,2026-03-01 09:43:09,1154635809,1上,某人的梦（上）,鬼灭之刃 刀匠村篇,656835181
三哥真男人,235.325,1,41194,2026-03-01 09:09:53,1154635809,1上,某人的梦（上）,鬼灭之刃 刀匠村篇,656835181
大小姐在这,469.936,1,16777215,2026-03-01 08:47:35,1154635809,1上,某人的梦（上）,鬼灭之刃 刀匠村篇,656835181
猗窝座跟鬼杀队打架时乐的跟阳光开朗大男孩似的，开上弦会眉头就没松过,332.546,1,16777215,2026-03-01 08:44:40,1154635809,1上,某人的梦（上）,鬼灭之刃 刀匠村篇,656835181
妈妈,470.367,5,16777215,2026-02-28 22:24:15,1154635809,1上,某人的梦（上）,鬼灭之刃 刀匠村篇,656835181
妈妈,847.224,1,16777215,2026-02-28 21:43:46,1154635809,1上,某人的梦（上）,鬼灭之刃 刀匠村篇,656835181
三哥：一直在挑衅我,904.269,1,16777215,2026-02-28 21:00:44,1154635809,1上,某人的梦（上）,鬼灭之刃 刀匠村篇,656835181
试管乱套的理科生来了,490.55,1,15772458,2026-02-28 19:52:06,1154635809,1上,某人的梦（上）,鬼灭之刃 刀匠村篇,656835181
长得一模一样啊！,1085.081,1,8700107,2026-02-28 18:59:47,1154635809,1上,某人的梦（上）,鬼灭之刃 刀匠村篇,656835181
拿远点谢谢,304.567,5,16777215,2026-02-28 15:49:58,1154635809,1上,某人的梦（上）,鬼灭之刃 刀匠村篇,656835181
继国缘一不是上弦一吗 我去,1091.581,1,16777215,2026-02-28 15:09:21,1154635809,1上,某人的梦（上）,鬼灭之刃 刀匠村篇,656835181
猗窝座真好看！其他的真是太膈应人了,336.484,1,16777215,2026-02-28 14:37:14,1154635809,1上,某人的梦（上）,鬼灭之刃 刀匠村篇,656835181
不用洗头啦,826.94,5,6830715,2026-02-28 13:37:23,1154635809,1上,某人的梦（上）,鬼灭之刃 刀匠村篇,656835181
白袜我吃,470.577,1,16777215,2026-02-28 13:02:11,1154635809,1上,某人的梦（上）,鬼灭之刃 刀匠村篇,656835181
二哥你家真好看,209.571,1,16777215,2026-02-28 12:58:08,1154635809,1上,某人的梦（上）,鬼灭之刃 刀匠村篇,656835181
概念神来了,31.899,1,16777215,2026-02-28 12:39:13,1154635809,1上,某人的梦（上）,鬼灭之刃 刀匠村篇,656835181
想到大哥了。,748.127,1,14811775,2026-02-28 12:30:39,1154635809,1上,某人的梦（上）,鬼灭之刃 刀匠村篇,656835181
果然，上弦里面除了原上弦六还有上弦三，其他没一个顺眼的,338.439,5,16777215,2026-02-28 09:00:57,1154635809,1上,某人的梦（上）,鬼灭之刃 刀匠村篇,656835181
尿壶尿壶,288.831,1,16777215,2026-02-28 03:10:06,1154635809,1上,某人的梦（上）,鬼灭之刃 刀匠村篇,656835181
炭香99,1234.866,1,16777215,2026-02-27 22:33:19,1154635809,1上,某人的梦（上）,鬼灭之刃 刀匠村篇,656835181
说话啊,425.852,1,16777215,2026-02-27 21:20:43,1154635809,1上,某人的梦（上）,鬼灭之刃 刀匠村篇,656835181
动作指导：宇智波佐助,747.118,1,16777215,2026-02-27 21:04:22,1154635809,1上,某人的梦（上）,鬼灭之刃 刀匠村篇,656835181
磨磨头好萌,884.964,1,16777215,2026-02-27 20:17:04,1154635809,1上,某人的梦（上）,鬼灭之刃 刀匠村篇,656835181
镜子：为我发声,66.18,1,16777215,2026-02-27 19:15:59,1154635809,1上,某人的梦（上）,鬼灭之刃 刀匠村篇,656835181
帅～三哥霸气,960.681,1,6830715,2026-02-27 16:58:15,1154635809,1上,某人的梦（上）,鬼灭之刃 刀匠村篇,656835181
继国缘一好帅,1137.57,1,16777215,2026-02-27 16:56:49,1154635809,1上,某人的梦（上）,鬼灭之刃 刀匠村篇,656835181
这脸太漂亮了,707.646,5,15138834,2026-02-27 14:49:46,1154635809,1上,某人的梦（上）,鬼灭之刃 刀匠村篇,656835181
鸣女：吵死了,1030.732,5,15138834,2026-02-27 01:08:23,1154635809,1上,某人的梦（上）,鬼灭之刃 刀匠村篇,656835181
OK啊也是三哥好帅好的吧,840.018,1,41194,2026-02-26 23:54:04,1154635809,1上,某人的梦（上）,鬼灭之刃 刀匠村篇,656835181
我去好萌！,876.045,1,16777215,2026-02-26 22:47:40,1154635809,1上,某人的梦（上）,鬼灭之刃 刀匠村篇,656835181
哇塞，刚刚那地方好美呀,209.478,1,16777215,2026-02-26 22:39:00,1154635809,1上,某人的梦（上）,鬼灭之刃 刀匠村篇,656835181
一想到上一夹着人字拖战斗咬合力堪比猎狗，我就想笑,878.711,1,16777215,2026-02-26 22:25:33,1154635809,1上,某人的梦（上）,鬼灭之刃 刀匠村篇,656835181
这是魇梦师傅吗？,529.976,1,16777215,2026-02-26 21:35:50,1154635809,1上,某人的梦（上）,鬼灭之刃 刀匠村篇,656835181
这个尿壶长这样啥意思,324.272,1,8700107,2026-02-26 21:22:24,1154635809,1上,某人的梦（上）,鬼灭之刃 刀匠村篇,656835181
童磨,374.151,1,16777215,2026-02-26 20:22:18,1154635809,1上,某人的梦（上）,鬼灭之刃 刀匠村篇,656835181
这是第几部,587.758,1,16777215,2026-02-26 19:39:32,1154635809,1上,某人的梦（上）,鬼灭之刃 刀匠村篇,656835181
把他们都杀了柱也不用那么麻烦的打了,652.18,5,16777215,2026-02-26 18:56:03,1154635809,1上,某人的梦（上）,鬼灭之刃 刀匠村篇,656835181
上一个追求永恒的人已经进副本了,752.0,1,6830715,2026-02-26 18:39:43,1154635809,1上,某人的梦（上）,鬼灭之刃 刀匠村篇,656835181
你怎么这么帅,445.673,1,16777215,2026-02-26 17:11:36,1154635809,1上,某人的梦（上）,鬼灭之刃 刀匠村篇,656835181
无惨即将暴怒,571.314,1,16777215,2026-02-26 16:36:42,1154635809,1上,某人的梦（上）,鬼灭之刃 刀匠村篇,656835181
我要你的眼珠有何用,531.549,1,16777215,2026-02-26 16:35:08,1154635809,1上,某人的梦（上）,鬼灭之刃 刀匠村篇,656835181
超绝气泡音二哥,391.773,1,16777215,2026-02-26 16:30:59,1154635809,1上,某人的梦（上）,鬼灭之刃 刀匠村篇,656835181
这是什么雷霆生物，太猎奇了,332.722,1,16777215,2026-02-26 16:25:40,1154635809,1上,某人的梦（上）,鬼灭之刃 刀匠村篇,656835181
三哥表示死的上弦一定是魔童,172.466,1,16777215,2026-02-26 16:22:12,1154635809,1上,某人的梦（上）,鬼灭之刃 刀匠村篇,656835181
三哥！,142.6,1,16777215,2026-02-26 16:20:47,1154635809,1上,某人的梦（上）,鬼灭之刃 刀匠村篇,656835181
战国老兵,960.894,1,16777215,2026-02-26 14:56:36,1154635809,1上,某人的梦（上）,鬼灭之刃 刀匠村篇,656835181
好扫啊无惨,650.291,1,16777215,2026-02-26 13:05:16,1154635809,1上,某人的梦（上）,鬼灭之刃 刀匠村篇,656835181
三哥：淦,375.333,1,16777215,2026-02-26 12:59:04,1154635809,1上,某人的梦（上）,鬼灭之刃 刀匠村篇,656835181
咯咯哒～,48.62,1,16777215,2026-02-26 12:54:31,1154635809,1上,某人的梦（上）,鬼灭之刃 刀匠村篇,656835181
上弦中玉壶最弱，也最丑,327.056,1,16777215,2026-02-26 12:33:27,1154635809,1上,某人的梦（上）,鬼灭之刃 刀匠村篇,656835181
三哥眼睛绝了，帅！！,235.825,1,16777215,2026-02-26 12:30:08,1154635809,1上,某人的梦（上）,鬼灭之刃 刀匠村篇,656835181
黑死咪,476.42,1,16777215,2026-02-26 11:59:25,1154635809,1上,某人的梦（上）,鬼灭之刃 刀匠村篇,656835181
好萌好萌！好可爱！还有童磨这个声音 好s！！！！！,879.595,5,16777215,2026-02-26 11:45:24,1154635809,1上,某人的梦（上）,鬼灭之刃 刀匠村篇,656835181
教主好可爱,884.753,1,16777215,2026-02-26 10:36:31,1154635809,1上,某人的梦（上）,鬼灭之刃 刀匠村篇,656835181
黑死咪,467.914,1,16777215,2026-02-26 07:11:21,1154635809,1上,某人的梦（上）,鬼灭之刃 刀匠村篇,656835181
谁尿了？,296.454,1,16777215,2026-02-26 02:21:56,1154635809,1上,某人的梦（上）,鬼灭之刃 刀匠村篇,656835181
教主大人！！！,372.118,1,16777215,2026-02-26 00:22:54,1154635809,1上,某人的梦（上）,鬼灭之刃 刀匠村篇,656835181
上一根本看不上上二，但喜欢上三，说他是为了警示他别跟着二货一般见识。。。,944.516,1,16777215,2026-02-25 22:38:00,1154635809,1上,某人的梦（上）,鬼灭之刃 刀匠村篇,656835181
该交电费了,233.342,1,16777215,2026-02-25 21:57:15,1154635809,1上,某人的梦（上）,鬼灭之刃 刀匠村篇,656835181
笔真好看,550.796,1,16777215,2026-02-25 20:08:06,1154635809,1上,某人的梦（上）,鬼灭之刃 刀匠村篇,656835181
无限城！,115.152,1,16777215,2026-02-25 19:57:43,1154635809,1上,某人的梦（上）,鬼灭之刃 刀匠村篇,656835181
好可爱！,875.476,1,16777215,2026-02-25 18:46:31,1154635809,1上,某人的梦（上）,鬼灭之刃 刀匠村篇,656835181
炭香99,1236.702,1,16777215,2026-02-25 16:29:23,1154635809,1上,某人的梦（上）,鬼灭之刃 刀匠村篇,656835181
不仅是一还是1,853.761,1,16777215,2026-02-25 15:26:52,1154635809,1上,某人的梦（上）,鬼灭之刃 刀匠村篇,656835181
无惨是土象吧 讨厌变化（bushi,693.06,1,16777215,2026-02-25 13:23:14,1154635809,1上,某人的梦（上）,鬼灭之刃 刀匠村篇,656835181
蓝色彼岸花就在继国缘一妻子墓旁是你自己不敢去看,619.972,1,16777215,2026-02-25 13:05:53,1154635809,1上,某人的梦（上）,鬼灭之刃 刀匠村篇,656835181
豆子可爱,58.895,1,16777215,2026-02-25 12:32:35,1154635809,1上,某人的梦（上）,鬼灭之刃 刀匠村篇,656835181
战国老兵出场,469.506,1,16777215,2026-02-25 11:46:12,1154635809,1上,某人的梦（上）,鬼灭之刃 刀匠村篇,656835181
缘一与黑死牟是亲兄弟,865.291,1,16777215,2026-02-25 10:49:56,1154635809,1上,某人的梦（上）,鬼灭之刃 刀匠村篇,656835181
魔童,79.306,1,16777215,2026-02-25 09:59:42,1154635809,1上,某人的梦（上）,鬼灭之刃 刀匠村篇,656835181
你这壶不对称啊,292.529,1,16777215,2026-02-25 02:16:01,1154635809,1上,某人的梦（上）,鬼灭之刃 刀匠村篇,656835181
帅哥你谁,1134.448,1,16777215,2026-02-24 23:20:27,1154635809,1上,某人的梦（上）,鬼灭之刃 刀匠村篇,656835181
双声道！！！,232.534,1,16777215,2026-02-24 22:02:57,1154635809,1上,某人的梦（上）,鬼灭之刃 刀匠村篇,656835181
停停停，这是给人家打爽了吗？,446.41,1,16777215,2026-02-24 20:56:51,1154635809,1上,某人的梦（上）,鬼灭之刃 刀匠村篇,656835181
好帅好帅好帅，三个都好帅,838.595,1,16777215,2026-02-24 20:49:14,1154635809,1上,某人的梦（上）,鬼灭之刃 刀匠村篇,656835181
鸣女在后来上六，上五，上四都空缺之后直接上上四了,790.767,1,16777215,2026-02-24 20:48:27,1154635809,1上,某人的梦（上）,鬼灭之刃 刀匠村篇,656835181
这一般好乖呀,667.645,1,16777215,2026-02-24 20:45:13,1154635809,1上,某人的梦（上）,鬼灭之刃 刀匠村篇,656835181
教主大人！！！,372.043,1,15772458,2026-02-24 20:38:43,1154635809,1上,某人的梦（上）,鬼灭之刃 刀匠村篇,656835181
这个叫做遗传病，无惨表示很头疼,82.831,1,16777215,2026-02-24 20:24:31,1154635809,1上,某人的梦（上）,鬼灭之刃 刀匠村篇,656835181
黑死咪！！！,466.48,1,16777215,2026-02-24 19:37:34,1154635809,1上,某人的梦（上）,鬼灭之刃 刀匠村篇,656835181
夜壶吧。。。,320.68,1,16777215,2026-02-24 19:34:40,1154635809,1上,某人的梦（上）,鬼灭之刃 刀匠村篇,656835181
六眼柠檬,967.882,1,16777215,2026-02-24 19:16:33,1154635809,1上,某人的梦（上）,鬼灭之刃 刀匠村篇,656835181
尿壶,286.957,1,38979,2026-02-24 18:34:59,1154635809,1上,某人的梦（上）,鬼灭之刃 刀匠村篇,656835181
玉壶被魇梦附身了吗？,727.749,1,16777215,2026-02-24 17:00:36,1154635809,1上,某人的梦（上）,鬼灭之刃 刀匠村篇,656835181
童磨好帅,446.128,1,16777215,2026-02-24 16:54:57,1154635809,1上,某人的梦（上）,鬼灭之刃 刀匠村篇,656835181
猪猪在天花板上呢！！！！！！！！！,1190.501,1,6830715,2026-02-24 16:07:14,1154635809,1上,某人的梦（上）,鬼灭之刃 刀匠村篇,656835181
老板日常发火,658.322,1,16777215,2026-02-24 15:51:53,1154635809,1上,某人的梦（上）,鬼灭之刃 刀匠村篇,656835181
经费要爆炸了喂,557.584,1,16777215,2026-02-24 15:48:17,1154635809,1上,某人的梦（上）,鬼灭之刃 刀匠村篇,656835181
敢回头吗,474.13,1,16777215,2026-02-24 15:34:36,1154635809,1上,某人的梦（上）,鬼灭之刃 刀匠村篇,656835181
黑死咪！,472.416,1,16777215,2026-02-24 13:44:27,1154635809,1上,某人的梦（上）,鬼灭之刃 刀匠村篇,656835181
还有咒回的事,181.45,1,15138834,2026-02-24 13:05:38,1154635809,1上,某人的梦（上）,鬼灭之刃 刀匠村篇,656835181
伊之助视角（不是）,1191.799,1,16777215,2026-02-24 12:40:33,1154635809,1上,某人的梦（上）,鬼灭之刃 刀匠村篇,656835181
无惨：喵喵喵？,1171.946,1,16777215,2026-02-24 12:40:01,1154635809,1上,某人的梦（上）,鬼灭之刃 刀匠村篇,656835181
炭香9 9,1229.133,1,15138834,2026-02-24 11:41:31,1154635809,1上,某人的梦（上）,鬼灭之刃 刀匠村篇,656835181
出现了吗？尿壶！,283.363,5,16707842,2026-02-24 11:26:24,1154635809,1上,某人的梦（上）,鬼灭之刃 刀匠村篇,656835181
世界上最安全的地方,1109.524,1,16777215,2026-02-24 10:48:36,1154635809,1上,某人的梦（上）,鬼灭之刃 刀匠村篇,656835181
阿玛特拉斯！,738.524,1,16777215,2026-02-24 10:42:20,1154635809,1上,某人的梦（上）,鬼灭之刃 刀匠村篇,656835181
一直在挑衅,902.494,1,16777215,2026-02-24 04:27:33,1154635809,1上,某人的梦（上）,鬼灭之刃 刀匠村篇,656835181
阿玛特拉斯！,737.713,1,16777215,2026-02-24 04:24:04,1154635809,1上,某人的梦（上）,鬼灭之刃 刀匠村篇,656835181
午餐：？何意味，一直在挑衅,1170.435,5,16777215,2026-02-24 01:27:47,1154635809,1上,某人的梦（上）,鬼灭之刃 刀匠村篇,656835181
纯挑衅啊,902.378,1,16777215,2026-02-24 01:22:33,1154635809,1上,某人的梦（上）,鬼灭之刃 刀匠村篇,656835181
三哥：damn！为什么死的不是童磨,375.459,5,41194,2026-02-23 23:41:18,1154635809,1上,某人的梦（上）,鬼灭之刃 刀匠村篇,656835181
Cos科学家。,557.28,1,16777215,2026-02-23 21:58:33,1154635809,1上,某人的梦（上）,鬼灭之刃 刀匠村篇,656835181
不是，怎么都这么丑啊？。猫咪猫咪快出场,340.561,5,16777215,2026-02-23 21:50:10,1154635809,1上,某人的梦（上）,鬼灭之刃 刀匠村篇,656835181
我是大白鸡,273.489,5,16777215,2026-02-23 21:48:24,1154635809,1上,某人的梦（上）,鬼灭之刃 刀匠村篇,656835181
三哥好帅！！！！！！！！！！！！！！！！！！！！！！！！！！！！！！！！！！！！！！！！！！！！！！！！！！！！！！！！！！！！！！！！！！！！！！！！！！！！！！！！！！！！！！！！！！！！！！！！,210.73,1,15138834,2026-02-23 21:47:41,1154635809,1上,某人的梦（上）,鬼灭之刃 刀匠村篇,656835181
经费之城,202.321,5,16777215,2026-02-23 21:47:08,1154635809,1上,某人的梦（上）,鬼灭之刃 刀匠村篇,656835181
午餐快出来晒太阳，太阳多好玩,83.879,5,16777215,2026-02-23 21:45:04,1154635809,1上,某人的梦（上）,鬼灭之刃 刀匠村篇,656835181
这一篇有没有黑死牟有没有人能告诉我,8.444,5,16777215,2026-02-23 21:43:34,1154635809,1上,某人的梦（上）,鬼灭之刃 刀匠村篇,656835181
666还是理科生,488.116,1,16777215,2026-02-23 21:38:25,1154635809,1上,某人的梦（上）,鬼灭之刃 刀匠村篇,656835181
上弦贰是柚郭篇出现的童磨,760.336,1,16777215,2026-02-23 21:29:28,1154635809,1上,某人的梦（上）,鬼灭之刃 刀匠村篇,656835181
无惨：阿玛特拉斯,731.827,1,6830715,2026-02-23 20:55:10,1154635809,1上,某人的梦（上）,鬼灭之刃 刀匠村篇,656835181
我不行了，香奈乎这个震惊脸笑死我了,1207.56,1,16777215,2026-02-23 20:20:45,1154635809,1上,某人的梦（上）,鬼灭之刃 刀匠村篇,656835181
之前不是还说中意她吗？,547.976,1,16777215,2026-02-23 19:12:17,1154635809,1上,某人的梦（上）,鬼灭之刃 刀匠村篇,656835181
梦男？,717.904,1,16777215,2026-02-23 19:07:38,1154635809,1上,某人的梦（上）,鬼灭之刃 刀匠村篇,656835181
还以为屏幕反转了呢,568.798,1,16777215,2026-02-23 19:01:20,1154635809,1上,某人的梦（上）,鬼灭之刃 刀匠村篇,656835181
黑死咪～,469.032,1,6830715,2026-02-23 18:28:31,1154635809,1上,某人的梦（上）,鬼灭之刃 刀匠村篇,656835181
太可爱了！,988.952,1,16707842,2026-02-23 18:10:22,1154635809,1上,某人的梦（上）,鬼灭之刃 刀匠村篇,656835181
我推教主大人！,713.312,1,16707842,2026-02-23 18:05:09,1154635809,1上,某人的梦（上）,鬼灭之刃 刀匠村篇,656835181
教主大人太可爱了吧！,519.845,1,16707842,2026-02-23 18:01:36,1154635809,1上,某人的梦（上）,鬼灭之刃 刀匠村篇,656835181
其实无惨还交电费，迪奥没交电费,119.122,1,16777215,2026-02-23 17:12:55,1154635809,1上,某人的梦（上）,鬼灭之刃 刀匠村篇,656835181
抽象好吗,883.538,5,15138835,2026-02-23 15:53:52,1154635809,1上,某人的梦（上）,鬼灭之刃 刀匠村篇,656835181
已黑化,632.579,5,15138835,2026-02-23 15:47:03,1154635809,1上,某人的梦（上）,鬼灭之刃 刀匠村篇,656835181
童磨萌萌的一只,914.76,1,6830715,2026-02-23 15:41:08,1154635809,1上,某人的梦（上）,鬼灭之刃 刀匠村篇,656835181
咕咕嘎嘎,440.462,1,16777215,2026-02-23 15:37:17,1154635809,1上,某人的梦（上）,鬼灭之刃 刀匠村篇,656835181
无惨眼中的鬼,1059.303,1,16777215,2026-02-23 15:30:25,1154635809,1上,某人的梦（上）,鬼灭之刃 刀匠村篇,656835181
喜欢个虚拟人物你介意这么多干啥,1042.77,1,16777215,2026-02-23 14:58:34,1154635809,1上,某人的梦（上）,鬼灭之刃 刀匠村篇,656835181
真的好像,843.478,1,16777215,2026-02-23 13:25:18,1154635809,1上,某人的梦（上）,鬼灭之刃 刀匠村篇,656835181
这嫌弃的眼神,451.6,1,16777215,2026-02-23 12:31:06,1154635809,1上,某人的梦（上）,鬼灭之刃 刀匠村篇,656835181
尿壶,284.675,1,16777215,2026-02-23 12:28:12,1154635809,1上,某人的梦（上）,鬼灭之刃 刀匠村篇,656835181
童磨这个萌！,671.506,1,41194,2026-02-23 12:26:50,1154635809,1上,某人的梦（上）,鬼灭之刃 刀匠村篇,656835181
差点把炭吉看成炭治郎了,1149.89,5,16777215,2026-02-23 11:58:13,1154635809,1上,某人的梦（上）,鬼灭之刃 刀匠村篇,656835181
前方经费爆炸,642.861,5,16777215,2026-02-23 11:49:59,1154635809,1上,某人的梦（上）,鬼灭之刃 刀匠村篇,656835181
尿壶~,290.05,1,16777215,2026-02-23 11:40:34,1154635809,1上,某人的梦（上）,鬼灭之刃 刀匠村篇,656835181
三哥长的跟小猫似的,353.867,1,16777215,2026-02-23 10:39:04,1154635809,1上,某人的梦（上）,鬼灭之刃 刀匠村篇,656835181
无惨最严厉的父亲,1086.784,1,16777215,2026-02-23 03:06:50,1154635809,1上,某人的梦（上）,鬼灭之刃 刀匠村篇,656835181
做实验没有带好防护措施 胶头滴管没有竖直悬挂 手没有拿到试管的三分之一 管中液体超过了试管的三分之一,502.927,1,16777215,2026-02-23 00:20:04,1154635809,1上,某人的梦（上）,鬼灭之刃 刀匠村篇,656835181
以后会背免费拆迁，但没有拆迁费,137.873,5,16777215,2026-02-22 22:42:43,1154635809,1上,某人的梦（上）,鬼灭之刃 刀匠村篇,656835181
炭十郎和继国缘一,1122.004,5,16777215,2026-02-22 22:19:28,1154635809,1上,某人的梦（上）,鬼灭之刃 刀匠村篇,656835181
我还以为耳机断联了呢,199.944,1,16777215,2026-02-22 21:51:41,1154635809,1上,某人的梦（上）,鬼灭之刃 刀匠村篇,656835181
你脸红个泡泡茶壶,806.926,1,14811775,2026-02-22 21:35:20,1154635809,1上,某人的梦（上）,鬼灭之刃 刀匠村篇,656835181
一天电费多少？,136.244,5,16777215,2026-02-22 21:29:26,1154635809,1上,某人的梦（上）,鬼灭之刃 刀匠村篇,656835181
你脸红个泡泡茶壶啊！,802.431,1,16777215,2026-02-22 21:22:27,1154635809,1上,某人的梦（上）,鬼灭之刃 刀匠村篇,656835181
好帅,414.802,1,16777215,2026-02-22 21:10:49,1154635809,1上,某人的梦（上）,鬼灭之刃 刀匠村篇,656835181
《像·狗》,909.95,1,16777215,2026-02-22 21:08:44,1154635809,1上,某人的梦（上）,鬼灭之刃 刀匠村篇,656835181
啊啊啊啊啊啊啊啊啊啊啊啊啊啊啊啊啊啊啊啊好帅啊啊啊啊啊啊啊啊啊啊啊啊啊啊啊啊啊啊啊啊啊啊啊啊啊啊啊啊啊啊啊啊啊啊啊啊啊啊啊啊啊啊啊啊啊啊啊啊啊啊啊啊啊啊啊啊啊啊啊啊啊啊啊啊啊啊啊啊啊啊啊啊啊啊啊啊啊啊,832.189,1,16777215,2026-02-22 21:00:32,1154635809,1上,某人的梦（上）,鬼灭之刃 刀匠村篇,656835181
好涩,929.031,1,16777215,2026-02-22 20:21:32,1154635809,1上,某人的梦（上）,鬼灭之刃 刀匠村篇,656835181
玩梗适度好吗，，，,196.779,1,16777215,2026-02-22 20:20:19,1154635809,1上,某人的梦（上）,鬼灭之刃 刀匠村篇,656835181
突然感觉猗窝座好帅啊,322.785,1,16777215,2026-02-22 20:08:33,1154635809,1上,某人的梦（上）,鬼灭之刃 刀匠村篇,656835181
像八角,933.094,5,15138834,2026-02-22 20:07:01,1154635809,1上,某人的梦（上）,鬼灭之刃 刀匠村篇,656835181
最不怕死的童磨。,527.902,1,16777215,2026-02-22 20:02:31,1154635809,1上,某人的梦（上）,鬼灭之刃 刀匠村篇,656835181
停停停我有点晕,173.985,1,15138834,2026-02-22 19:54:00,1154635809,1上,某人的梦（上）,鬼灭之刃 刀匠村篇,656835181
缘一真的好帅,1152.032,1,16777215,2026-02-22 19:44:15,1154635809,1上,某人的梦（上）,鬼灭之刃 刀匠村篇,656835181
无惨梦中惊坐起,1138.443,1,16777215,2026-02-22 19:43:44,1154635809,1上,某人的梦（上）,鬼灭之刃 刀匠村篇,656835181
哦豆哦豆,369.195,1,16777215,2026-02-22 19:41:58,1154635809,1上,某人的梦（上）,鬼灭之刃 刀匠村篇,656835181
尿壶,307.257,1,16777215,2026-02-22 19:33:41,1154635809,1上,某人的梦（上）,鬼灭之刃 刀匠村篇,656835181
我的娃娃脸大熊甜心！,150.642,5,4351678,2026-02-22 18:50:17,1154635809,1上,某人的梦（上）,鬼灭之刃 刀匠村篇,656835181
666交头接耳,702.962,1,16777215,2026-02-22 18:37:46,1154635809,1上,某人的梦（上）,鬼灭之刃 刀匠村篇,656835181
教主大人萌死啦！,1046.76,1,16777215,2026-02-22 18:12:56,1154635809,1上,某人的梦（上）,鬼灭之刃 刀匠村篇,656835181
没人觉得这个花很真吗,1114.716,1,8700107,2026-02-22 16:59:11,1154635809,1上,某人的梦（上）,鬼灭之刃 刀匠村篇,656835181
日黑是我爸妈,1072.236,1,6830715,2026-02-22 16:57:58,1154635809,1上,某人的梦（上）,鬼灭之刃 刀匠村篇,656835181
这可不是炭治郎  ,1077.11,5,16777215,2026-02-22 16:44:20,1154635809,1上,某人的梦（上）,鬼灭之刃 刀匠村篇,656835181
三哥感觉像篮球一样,957.91,5,16777215,2026-02-22 16:41:54,1154635809,1上,某人的梦（上）,鬼灭之刃 刀匠村篇,656835181
鬼都好可爱呀,876.557,1,16777215,2026-02-22 16:32:18,1154635809,1上,某人的梦（上）,鬼灭之刃 刀匠村篇,656835181
童磨的性格真的好好啊,523.08,1,16777215,2026-02-22 16:26:11,1154635809,1上,某人的梦（上）,鬼灭之刃 刀匠村篇,656835181
妈妈。,862.126,1,16777215,2026-02-22 15:54:27,1154635809,1上,某人的梦（上）,鬼灭之刃 刀匠村篇,656835181
华丽地观看中,11.7,1,14811775,2026-02-22 15:11:33,1154635809,1上,某人的梦（上）,鬼灭之刃 刀匠村篇,656835181
经费炸了……,639.189,5,15138834,2026-02-22 14:58:16,1154635809,1上,某人的梦（上）,鬼灭之刃 刀匠村篇,656835181
教主不要拉电闸！,375.891,1,16777215,2026-02-22 14:11:43,1154635809,1上,某人的梦（上）,鬼灭之刃 刀匠村篇,656835181
闭上四只眼，午餐记起他的初恋,943.523,1,16777215,2026-02-22 12:12:25,1154635809,1上,某人的梦（上）,鬼灭之刃 刀匠村篇,656835181
怎么弹幕都在叫妈妈？不管了我也叫，妈妈！！！,474.037,1,6830715,2026-02-22 11:12:32,1154635809,1上,某人的梦（上）,鬼灭之刃 刀匠村篇,656835181
一家人共用一张脸,1077.736,1,16777215,2026-02-22 10:46:46,1154635809,1上,某人的梦（上）,鬼灭之刃 刀匠村篇,656835181
六个柠檬,939.153,1,16777215,2026-02-22 10:35:13,1154635809,1上,某人的梦（上）,鬼灭之刃 刀匠村篇,656835181
这里好像妈妈在教育不听话的孩子,872.124,1,16777215,2026-02-22 10:25:50,1154635809,1上,某人的梦（上）,鬼灭之刃 刀匠村篇,656835181
这里莫名其妙的像累的小蜘蛛,805.431,5,41194,2026-02-22 10:21:13,1154635809,1上,某人的梦（上）,鬼灭之刃 刀匠村篇,656835181
香炭99,1236.692,5,16777215,2026-02-22 09:38:13,1154635809,1上,某人的梦（上）,鬼灭之刃 刀匠村篇,656835181
这个是哪个怪啊？为什么身上还有一把刀？,887.467,5,16777215,2026-02-22 09:24:31,1154635809,1上,某人的梦（上）,鬼灭之刃 刀匠村篇,656835181
魔童好可爱呀！,879.941,5,16777215,2026-02-22 09:24:14,1154635809,1上,某人的梦（上）,鬼灭之刃 刀匠村篇,656835181
帅晕了无惨大人,706.155,5,16646914,2026-02-22 03:40:45,1154635809,1上,某人的梦（上）,鬼灭之刃 刀匠村篇,656835181
这是缘一和炭治郎他爷爷吧,1087.573,1,16777215,2026-02-22 02:46:58,1154635809,1上,某人的梦（上）,鬼灭之刃 刀匠村篇,656835181
我是波风水门,112.22,1,16777215,2026-02-22 01:04:57,1154635809,1上,某人的梦（上）,鬼灭之刃 刀匠村篇,656835181
丑哭了,318.223,1,16777215,2026-02-22 00:17:00,1154635809,1上,某人的梦（上）,鬼灭之刃 刀匠村篇,656835181
炭香99,1232.614,1,16777215,2026-02-21 23:52:24,1154635809,1上,某人的梦（上）,鬼灭之刃 刀匠村篇,656835181
三哥排面十足,203.772,1,16777215,2026-02-21 22:39:27,1154635809,1上,某人的梦（上）,鬼灭之刃 刀匠村篇,656835181
兄长大人的声音好棒,843.12,1,16777215,2026-02-21 22:13:03,1154635809,1上,某人的梦（上）,鬼灭之刃 刀匠村篇,656835181
尿壶,314.002,5,16777215,2026-02-21 20:26:40,1154635809,1上,某人的梦（上）,鬼灭之刃 刀匠村篇,656835181
主动说话了！！！,1228.014,1,16777215,2026-02-21 20:16:46,1154635809,1上,某人的梦（上）,鬼灭之刃 刀匠村篇,656835181
炭治郎家附近有,641.276,5,11890,2026-02-21 19:52:58,1154635809,1上,某人的梦（上）,鬼灭之刃 刀匠村篇,656835181
楚天秋想要,534.866,5,15138834,2026-02-21 19:51:00,1154635809,1上,某人的梦（上）,鬼灭之刃 刀匠村篇,656835181
继国严胜！,470.61,5,15138834,2026-02-21 19:49:50,1154635809,1上,某人的梦（上）,鬼灭之刃 刀匠村篇,656835181
大家闺秀,867.872,1,16777215,2026-02-21 18:40:24,1154635809,1上,某人的梦（上）,鬼灭之刃 刀匠村篇,656835181
你脸红个泡泡茶壶啊,804.383,1,16777215,2026-02-21 18:39:25,1154635809,1上,某人的梦（上）,鬼灭之刃 刀匠村篇,656835181
好过分哦，为什么不带磨磨头玩！,1016.126,1,16777215,2026-02-21 18:35:52,1154635809,1上,某人的梦（上）,鬼灭之刃 刀匠村篇,656835181
教主大人！,375.161,1,16777215,2026-02-21 18:11:29,1154635809,1上,某人的梦（上）,鬼灭之刃 刀匠村篇,656835181
尿壶,310.796,1,16777215,2026-02-21 17:28:03,1154635809,1上,某人的梦（上）,鬼灭之刃 刀匠村篇,656835181
兄长大人简直就是大家闺秀来的 好端庄好美丽救命,468.165,1,16777215,2026-02-21 16:53:07,1154635809,1上,某人的梦（上）,鬼灭之刃 刀匠村篇,656835181
有人吗,885.568,1,16777215,2026-02-21 14:38:40,1154635809,1上,某人的梦（上）,鬼灭之刃 刀匠村篇,656835181
一定是童磨,183.553,5,16777215,2026-02-21 14:37:55,1154635809,1上,某人的梦（上）,鬼灭之刃 刀匠村篇,656835181
一定是童磨,183.553,5,16777215,2026-02-21 14:37:47,1154635809,1上,某人的梦（上）,鬼灭之刃 刀匠村篇,656835181
怎么一个弹幕也没有,131.967,1,16777215,2026-02-21 14:11:03,1154635809,1上,某人的梦（上）,鬼灭之刃 刀匠村篇,656835181
妈妈,467.626,5,6830715,2026-02-21 14:08:12,1154635809,1上,某人的梦（上）,鬼灭之刃 刀匠村篇,656835181
无惨：？,1177.171,1,16777215,2026-02-21 11:59:26,1154635809,1上,某人的梦（上）,鬼灭之刃 刀匠村篇,656835181
动作指导：三角初华,908.231,5,16777215,2026-02-21 11:42:32,1154635809,1上,某人的梦（上）,鬼灭之刃 刀匠村篇,656835181
三哥：帮你洗头,824.363,1,16777215,2026-02-21 09:23:24,1154635809,1上,某人的梦（上）,鬼灭之刃 刀匠村篇,656835181
咦。。,314.54,1,16777215,2026-02-21 00:48:26,1154635809,1上,某人的梦（上）,鬼灭之刃 刀匠村篇,656835181
三哥表示一定要是童磨,181.176,1,16777215,2026-02-21 00:11:44,1154635809,1上,某人的梦（上）,鬼灭之刃 刀匠村篇,656835181
三哥暴怒值,425.696,1,16777215,2026-02-20 23:44:17,1154635809,1上,某人的梦（上）,鬼灭之刃 刀匠村篇,656835181
卡哇伊。。,882.109,1,16777215,2026-02-20 23:40:32,1154635809,1上,某人的梦（上）,鬼灭之刃 刀匠村篇,656835181
你脸红个泡泡茶壶啊,805.407,1,16777215,2026-02-20 23:38:55,1154635809,1上,某人的梦（上）,鬼灭之刃 刀匠村篇,656835181
上弦颜值是按照故事人气来的吧，我三哥超帅的，其次是童磨酱,968.309,1,15138834,2026-02-20 23:35:08,1154635809,1上,某人的梦（上）,鬼灭之刃 刀匠村篇,656835181
这啥丑东西,302.988,1,16777215,2026-02-20 23:33:01,1154635809,1上,某人的梦（上）,鬼灭之刃 刀匠村篇,656835181
教主萌萌萌萌萌萌萌萌萌萌萌,673.442,1,16707842,2026-02-20 22:46:06,1154635809,1上,某人的梦（上）,鬼灭之刃 刀匠村篇,656835181
兄长大人！！！,473.517,5,6830715,2026-02-20 22:44:29,1154635809,1上,某人的梦（上）,鬼灭之刃 刀匠村篇,656835181
三哥：一定是黑死牟死了对吧？！,366.594,5,41194,2026-02-20 22:42:35,1154635809,1上,某人的梦（上）,鬼灭之刃 刀匠村篇,656835181
三哥：一定是童磨！,179.549,5,41194,2026-02-20 22:39:06,1154635809,1上,某人的梦（上）,鬼灭之刃 刀匠村篇,656835181
萬世極樂萬世極樂萬世極樂萬世極樂萬世極樂萬世極樂萬世極樂萬世極樂萬世極樂萬世極樂萬世極樂,368.98,1,16707842,2026-02-20 22:36:25,1154635809,1上,某人的梦（上）,鬼灭之刃 刀匠村篇,656835181
岩胜：？,1166.802,5,6830715,2026-02-20 22:36:09,1154635809,1上,某人的梦（上）,鬼灭之刃 刀匠村篇,656835181
无惨：我的爹，你说什么呢？,1171.489,1,16777215,2026-02-20 22:22:09,1154635809,1上,某人的梦（上）,鬼灭之刃 刀匠村篇,656835181
猗窝座不吃女人和小孩的原因吧，然后童磨就专吃女人和小孩,907.615,1,16777215,2026-02-20 22:21:51,1154635809,1上,某人的梦（上）,鬼灭之刃 刀匠村篇,656835181
好可爱,878.287,1,16777215,2026-02-20 22:20:46,1154635809,1上,某人的梦（上）,鬼灭之刃 刀匠村篇,656835181
瞅这一下好可爱,1001.939,1,16777215,2026-02-20 22:17:33,1154635809,1上,某人的梦（上）,鬼灭之刃 刀匠村篇,656835181
液体不能超过试管的1/3,506.668,1,16777215,2026-02-20 22:15:39,1154635809,1上,某人的梦（上）,鬼灭之刃 刀匠村篇,656835181
这个童磨有点萌,815.789,1,16777215,2026-02-20 22:13:14,1154635809,1上,某人的梦（上）,鬼灭之刃 刀匠村篇,656835181
三哥愤怒异常,622.36,1,16777215,2026-02-20 22:07:57,1154635809,1上,某人的梦（上）,鬼灭之刃 刀匠村篇,656835181
这个人好像知道自己的眼珠很好看,524.899,1,16777215,2026-02-20 22:05:52,1154635809,1上,某人的梦（上）,鬼灭之刃 刀匠村篇,656835181
尿壶,301.608,1,15138834,2026-02-20 22:03:35,1154635809,1上,某人的梦（上）,鬼灭之刃 刀匠村篇,656835181
严胜妈妈,473.92,1,16777215,2026-02-20 21:54:20,1154635809,1上,某人的梦（上）,鬼灭之刃 刀匠村篇,656835181
你是老板,606.076,5,15138834,2026-02-20 21:31:09,1154635809,1上,某人的梦（上）,鬼灭之刃 刀匠村篇,656835181
尿壶,319.331,1,16777215,2026-02-20 21:11:40,1154635809,1上,某人的梦（上）,鬼灭之刃 刀匠村篇,656835181
香奈乎！！！！！,1210.92,1,15138834,2026-02-20 20:14:31,1154635809,1上,某人的梦（上）,鬼灭之刃 刀匠村篇,656835181
侧脸好美。,908.157,1,15138834,2026-02-20 20:05:16,1154635809,1上,某人的梦（上）,鬼灭之刃 刀匠村篇,656835181
月亮仙子登场,469.017,1,16777215,2026-02-20 18:59:17,1154635809,1上,某人的梦（上）,鬼灭之刃 刀匠村篇,656835181
伏地魔是你吗,709.672,1,16777215,2026-02-20 18:58:30,1154635809,1上,某人的梦（上）,鬼灭之刃 刀匠村篇,656835181
小心猪猪从天花板上掉下来了,1199.924,1,16777215,2026-02-20 17:59:57,1154635809,1上,某人的梦（上）,鬼灭之刃 刀匠村篇,656835181
细节某战国老人的鞋子没有绑带,962.743,1,6830715,2026-02-20 17:12:29,1154635809,1上,某人的梦（上）,鬼灭之刃 刀匠村篇,656835181
教主你的啤酒肚呢,890.69,1,15772458,2026-02-20 17:10:04,1154635809,1上,某人的梦（上）,鬼灭之刃 刀匠村篇,656835181
有人和我一样觉得玉壶的头发像洋葱剥开后一样吗,721.186,1,6830715,2026-02-20 17:02:49,1154635809,1上,某人的梦（上）,鬼灭之刃 刀匠村篇,656835181
磨磨头说话扫了哄的,533.466,1,16777215,2026-02-20 16:56:29,1154635809,1上,某人的梦（上）,鬼灭之刃 刀匠村篇,656835181
真的觉得黑死牟和吉极很像,1106.155,1,16777215,2026-02-20 16:56:07,1154635809,1上,某人的梦（上）,鬼灭之刃 刀匠村篇,656835181
帅帅帅！！！！！,1134.302,1,15138834,2026-02-20 16:54:15,1154635809,1上,某人的梦（上）,鬼灭之刃 刀匠村篇,656835181
缘一！！！,1075.451,1,15138834,2026-02-20 16:52:41,1154635809,1上,某人的梦（上）,鬼灭之刃 刀匠村篇,656835181
缘一！！,1063.864,1,15138834,2026-02-20 16:52:24,1154635809,1上,某人的梦（上）,鬼灭之刃 刀匠村篇,656835181
撒由那拉,990.642,1,16777215,2026-02-20 16:52:22,1154635809,1上,某人的梦（上）,鬼灭之刃 刀匠村篇,656835181
绝世美人,1130.893,1,15138834,2026-02-20 16:34:54,1154635809,1上,某人的梦（上）,鬼灭之刃 刀匠村篇,656835181
尿壶？,287.485,1,16777215,2026-02-20 16:33:43,1154635809,1上,某人的梦（上）,鬼灭之刃 刀匠村篇,656835181
好帅,254.676,1,16777215,2026-02-20 16:27:00,1154635809,1上,某人的梦（上）,鬼灭之刃 刀匠村篇,656835181
三哥红温了,420.501,1,16777215,2026-02-20 16:03:10,1154635809,1上,某人的梦（上）,鬼灭之刃 刀匠村篇,656835181
好可爰,878.757,1,16777215,2026-02-20 15:03:08,1154635809,1上,某人的梦（上）,鬼灭之刃 刀匠村篇,656835181
年度报告,119.751,1,16777215,2026-02-20 14:55:14,1154635809,1上,某人的梦（上）,鬼灭之刃 刀匠村篇,656835181
咯咯哒！,48.597,1,16777215,2026-02-20 14:03:51,1154635809,1上,某人的梦（上）,鬼灭之刃 刀匠村篇,656835181
磨磨头：我没有被讨厌,1020.593,1,16777215,2026-02-20 13:12:14,1154635809,1上,某人的梦（上）,鬼灭之刃 刀匠村篇,656835181
不是，大哥，你脸红个什么劲？,728.784,1,16777215,2026-02-20 12:23:52,1154635809,1上,某人的梦（上）,鬼灭之刃 刀匠村篇,656835181
奇迹惨惨,508.565,1,16777215,2026-02-20 11:10:14,1154635809,1上,某人的梦（上）,鬼灭之刃 刀匠村篇,656835181
三哥你……,827.9,1,16777215,2026-02-20 04:25:38,1154635809,1上,某人的梦（上）,鬼灭之刃 刀匠村篇,656835181
大家闺秀,867.618,5,16777215,2026-02-20 01:56:15,1154635809,1上,某人的梦（上）,鬼灭之刃 刀匠村篇,656835181
猗窝座：看我无限城怎么玩儿？,962.615,1,16777215,2026-02-20 01:45:51,1154635809,1上,某人的梦（上）,鬼灭之刃 刀匠村篇,656835181
萌物啊！,1034.002,1,16777215,2026-02-20 00:03:44,1154635809,1上,某人的梦（上）,鬼灭之刃 刀匠村篇,656835181
只有三哥正常,348.977,1,16777215,2026-02-19 23:48:37,1154635809,1上,某人的梦（上）,鬼灭之刃 刀匠村篇,656835181
唉，尿壶来了。,285.62,1,16777215,2026-02-19 23:34:57,1154635809,1上,某人的梦（上）,鬼灭之刃 刀匠村篇,656835181
萌！！！,883.608,5,15138834,2026-02-19 21:40:19,1154635809,1上,某人的梦（上）,鬼灭之刃 刀匠村篇,656835181
三哥：死的肯定是童磨吧！,226.067,1,16777215,2026-02-19 20:29:15,1154635809,1上,某人的梦（上）,鬼灭之刃 刀匠村篇,656835181
宝汁们觉得炭炭的刀这次会坏吗,26.708,1,16777215,2026-02-19 19:55:07,1154635809,1上,某人的梦（上）,鬼灭之刃 刀匠村篇,656835181
咋和炭治郎一模一样,1075.985,5,16777215,2026-02-19 19:41:29,1154635809,1上,某人的梦（上）,鬼灭之刃 刀匠村篇,656835181
有没有是刚追完无限列车来看的。,30.76,1,16777215,2026-02-19 18:05:16,1154635809,1上,某人的梦（上）,鬼灭之刃 刀匠村篇,656835181
一直在挑衅,413.272,1,16777215,2026-02-19 17:59:38,1154635809,1上,某人的梦（上）,鬼灭之刃 刀匠村篇,656835181
黑死牟其实很欣赏猗窝座的,961.222,1,16777215,2026-02-19 17:09:44,1154635809,1上,某人的梦（上）,鬼灭之刃 刀匠村篇,656835181
像只小狗,667.974,5,10546688,2026-02-19 16:37:26,1154635809,1上,某人的梦（上）,鬼灭之刃 刀匠村篇,656835181
迷你世界视觉盛宴,232.265,5,16707842,2026-02-19 15:43:04,1154635809,1上,某人的梦（上）,鬼灭之刃 刀匠村篇,656835181
魔童降世,530.025,1,16777215,2026-02-19 13:47:46,1154635809,1上,某人的梦（上）,鬼灭之刃 刀匠村篇,656835181
尿壶,313.53,1,16777215,2026-02-19 13:46:53,1154635809,1上,某人的梦（上）,鬼灭之刃 刀匠村篇,656835181
这个应该是是炭治郎的祖先碳吉,1081.132,1,16777215,2026-02-19 12:56:08,1154635809,1上,某人的梦（上）,鬼灭之刃 刀匠村篇,656835181
笑死我了，童磨又被讨厌了,1016.983,1,16777215,2026-02-19 12:50:09,1154635809,1上,某人的梦（上）,鬼灭之刃 刀匠村篇,656835181
缘一？,1068.971,1,16777215,2026-02-19 12:04:57,1154635809,1上,某人的梦（上）,鬼灭之刃 刀匠村篇,656835181
果然是老大,861.346,1,16777215,2026-02-19 11:56:30,1154635809,1上,某人的梦（上）,鬼灭之刃 刀匠村篇,656835181
好可爱,1027.218,1,16777215,2026-02-19 11:50:17,1154635809,1上,某人的梦（上）,鬼灭之刃 刀匠村篇,656835181
尿壶,311.45,1,16777215,2026-02-19 11:43:31,1154635809,1上,某人的梦（上）,鬼灭之刃 刀匠村篇,656835181
美我一大跳,1130.557,1,16777215,2026-02-19 11:22:05,1154635809,1上,某人的梦（上）,鬼灭之刃 刀匠村篇,656835181
黑死咪！！！,461.212,1,16777215,2026-02-19 11:19:14,1154635809,1上,某人的梦（上）,鬼灭之刃 刀匠村篇,656835181
堕姬：你之前不是这样说的？！,547.894,1,16777215,2026-02-19 11:14:45,1154635809,1上,某人的梦（上）,鬼灭之刃 刀匠村篇,656835181
黑死咪,477.334,1,16777215,2026-02-19 11:12:57,1154635809,1上,某人的梦（上）,鬼灭之刃 刀匠村篇,656835181
戳中三哥雷区了,423.394,1,16777215,2026-02-19 11:11:29,1154635809,1上,某人的梦（上）,鬼灭之刃 刀匠村篇,656835181
三哥：这玩意儿真膈应人,335.374,1,16777215,2026-02-19 11:09:43,1154635809,1上,某人的梦（上）,鬼灭之刃 刀匠村篇,656835181
三哥唯一正常人,444.749,1,16777215,2026-02-19 10:31:25,1154635809,1上,某人的梦（上）,鬼灭之刃 刀匠村篇,656835181
阿卡萨,291.058,1,14811775,2026-02-19 09:36:59,1154635809,1上,某人的梦（上）,鬼灭之刃 刀匠村篇,656835181
陌生的天花板,1215.176,1,16777215,2026-02-19 08:11:33,1154635809,1上,某人的梦（上）,鬼灭之刃 刀匠村篇,656835181
摸头杀,697.771,1,16777215,2026-02-18 23:48:15,1154635809,1上,某人的梦（上）,鬼灭之刃 刀匠村篇,656835181
猫猫,944.165,5,6830715,2026-02-18 23:25:30,1154635809,1上,某人的梦（上）,鬼灭之刃 刀匠村篇,656835181
你也是雷电将军？,713.738,1,16777215,2026-02-18 22:48:02,1154635809,1上,某人的梦（上）,鬼灭之刃 刀匠村篇,656835181
恭迎教主,379.08,1,16777215,2026-02-18 21:48:02,1154635809,1上,某人的梦（上）,鬼灭之刃 刀匠村篇,656835181
兄长！,472.041,1,16777215,2026-02-18 20:53:03,1154635809,1上,某人的梦（上）,鬼灭之刃 刀匠村篇,656835181
炭香99,1235.1,1,16777215,2026-02-18 20:29:04,1154635809,1上,某人的梦（上）,鬼灭之刃 刀匠村篇,656835181
炭香sl 角色活着 香奈乎独美,1232.327,1,16777215,2026-02-18 20:07:08,1154635809,1上,某人的梦（上）,鬼灭之刃 刀匠村篇,656835181
黑死咪!,470.282,1,16777215,2026-02-18 19:39:05,1154635809,1上,某人的梦（上）,鬼灭之刃 刀匠村篇,656835181
岩胜你这个大家闺秀。,490.756,5,6830715,2026-02-18 19:25:40,1154635809,1上,某人的梦（上）,鬼灭之刃 刀匠村篇,656835181
等了三季终于出场了。。,467.963,5,16777215,2026-02-18 19:24:24,1154635809,1上,某人的梦（上）,鬼灭之刃 刀匠村篇,656835181
笑死，蓝色彼岸花在白天盛开，夜晚就凋谢了,619.261,1,16777215,2026-02-18 19:04:41,1154635809,1上,某人的梦（上）,鬼灭之刃 刀匠村篇,656835181
主公大人,88.29,1,16777215,2026-02-18 18:37:05,1154635809,1上,某人的梦（上）,鬼灭之刃 刀匠村篇,656835181
炭治郎的梦…,1195.138,1,16777215,2026-02-18 16:10:29,1154635809,1上,某人的梦（上）,鬼灭之刃 刀匠村篇,656835181
严厉的母亲（？）,861.84,1,6830715,2026-02-18 15:59:06,1154635809,1上,某人的梦（上）,鬼灭之刃 刀匠村篇,656835181
黑死牟你扫,467.816,1,6830715,2026-02-18 15:39:40,1154635809,1上,某人的梦（上）,鬼灭之刃 刀匠村篇,656835181
我只看见经费在爆炸,649.344,5,16777215,2026-02-18 14:50:44,1154635809,1上,某人的梦（上）,鬼灭之刃 刀匠村篇,656835181
好爽的教主唔哇哇哇哇,441.205,5,16707842,2026-02-18 12:55:41,1154635809,1上,某人的梦（上）,鬼灭之刃 刀匠村篇,656835181
奶龙好帅,1143.33,1,16777215,2026-02-18 12:55:29,1154635809,1上,某人的梦（上）,鬼灭之刃 刀匠村篇,656835181
万世极乐！！！！,1054.953,5,15138834,2026-02-18 12:52:21,1154635809,1上,某人的梦（上）,鬼灭之刃 刀匠村篇,656835181
萌死了！！！！！,1034.431,5,15138834,2026-02-18 12:50:58,1154635809,1上,某人的梦（上）,鬼灭之刃 刀匠村篇,656835181
啊啊啊啊啊啊好可爱！！！！！,1032.383,5,15138834,2026-02-18 12:50:40,1154635809,1上,某人的梦（上）,鬼灭之刃 刀匠村篇,656835181
上弦之死 尿壶,322.764,1,16777215,2026-02-18 11:45:26,1154635809,1上,某人的梦（上）,鬼灭之刃 刀匠村篇,656835181
无惨好帅,583.881,1,41194,2026-02-18 11:32:01,1154635809,1上,某人的梦（上）,鬼灭之刃 刀匠村篇,656835181
看把孩子高兴的。,587.35,1,16777215,2026-02-18 10:38:09,1154635809,1上,某人的梦（上）,鬼灭之刃 刀匠村篇,656835181
开完会就开饭了,1054.802,1,16777215,2026-02-18 10:26:49,1154635809,1上,某人的梦（上）,鬼灭之刃 刀匠村篇,656835181
钱遁 燃烧经费之术,622.46,1,16777215,2026-02-18 07:57:51,1154635809,1上,某人的梦（上）,鬼灭之刃 刀匠村篇,656835181
三哥好帅啊啊啊啊,224.594,1,16777215,2026-02-18 02:15:38,1154635809,1上,某人的梦（上）,鬼灭之刃 刀匠村篇,656835181
童磨好帅,612.803,1,16777215,2026-02-18 00:19:36,1154635809,1上,某人的梦（上）,鬼灭之刃 刀匠村篇,656835181
二刷,20.559,1,16777215,2026-02-17 22:58:54,1154635809,1上,某人的梦（上）,鬼灭之刃 刀匠村篇,656835181
尿壶,304.1,1,16777215,2026-02-17 22:06:32,1154635809,1上,某人的梦（上）,鬼灭之刃 刀匠村篇,656835181
我知道你很惊讶,182.225,1,16777215,2026-02-17 21:49:53,1154635809,1上,某人的梦（上）,鬼灭之刃 刀匠村篇,656835181
好噻！！！,87.912,1,16777215,2026-02-17 20:45:43,1154635809,1上,某人的梦（上）,鬼灭之刃 刀匠村篇,656835181
你脸红个泡泡茶壶,803.065,1,16777215,2026-02-17 19:55:31,1154635809,1上,某人的梦（上）,鬼灭之刃 刀匠村篇,656835181
三哥你在哪里,230.549,1,16777215,2026-02-17 19:51:01,1154635809,1上,某人的梦（上）,鬼灭之刃 刀匠村篇,656835181
邀请失败,1026.04,1,16777215,2026-02-17 19:47:44,1154635809,1上,某人的梦（上）,鬼灭之刃 刀匠村篇,656835181
试图逃跑,997.512,1,16777215,2026-02-17 19:47:15,1154635809,1上,某人的梦（上）,鬼灭之刃 刀匠村篇,656835181
员工大乱斗吗？,861.4,1,16777215,2026-02-17 19:44:41,1154635809,1上,某人的梦（上）,鬼灭之刃 刀匠村篇,656835181
依旧压榨员工,781.201,1,16777215,2026-02-17 19:43:20,1154635809,1上,某人的梦（上）,鬼灭之刃 刀匠村篇,656835181
研究了一会子 一生气把实验结果全砸了,644.279,1,16777215,2026-02-17 19:40:59,1154635809,1上,某人的梦（上）,鬼灭之刃 刀匠村篇,656835181
666 活了好几年了 连蓝色彼岸花是从白天开的都不知道,644.279,1,16777215,2026-02-17 19:39:05,1154635809,1上,某人的梦（上）,鬼灭之刃 刀匠村篇,656835181
好可爱的磨磨头~,540.106,1,16777215,2026-02-17 18:31:45,1154635809,1上,某人的梦（上）,鬼灭之刃 刀匠村篇,656835181
真的很可爱,888.36,5,16777215,2026-02-17 18:19:30,1154635809,1上,某人的梦（上）,鬼灭之刃 刀匠村篇,656835181
动作指导：太宰治,881.433,5,16777215,2026-02-17 18:18:51,1154635809,1上,某人的梦（上）,鬼灭之刃 刀匠村篇,656835181
大家闺秀哇,467.655,5,6830715,2026-02-17 18:10:46,1154635809,1上,某人的梦（上）,鬼灭之刃 刀匠村篇,656835181
黑猫猫～,460.115,5,6830715,2026-02-17 18:10:28,1154635809,1上,某人的梦（上）,鬼灭之刃 刀匠村篇,656835181
啊？碳吉？,1131.714,1,16777215,2026-02-17 17:28:00,1154635809,1上,某人的梦（上）,鬼灭之刃 刀匠村篇,656835181
怎么回事？,1110.012,1,16777215,2026-02-17 17:27:14,1154635809,1上,某人的梦（上）,鬼灭之刃 刀匠村篇,656835181
可以啊,39.42,1,16777215,2026-02-17 15:47:41,1154635809,1上,某人的梦（上）,鬼灭之刃 刀匠村篇,656835181
像狗,912.629,1,16777215,2026-02-17 15:07:40,1154635809,1上,某人的梦（上）,鬼灭之刃 刀匠村篇,656835181
波奇酱鸣女,260.43,1,16777215,2026-02-17 14:59:19,1154635809,1上,某人的梦（上）,鬼灭之刃 刀匠村篇,656835181
三哥的新音响,202.593,1,16777215,2026-02-17 14:58:04,1154635809,1上,某人的梦（上）,鬼灭之刃 刀匠村篇,656835181
三哥：告诉我，是童磨，是童磨对吧？,168.267,1,15138834,2026-02-17 14:27:46,1154635809,1上,某人的梦（上）,鬼灭之刃 刀匠村篇,656835181
啊啊啊啊磨磨头不要拿你那萌炸天的脸撒娇啊！！！！,1035.175,5,15138834,2026-02-17 13:38:39,1154635809,1上,某人的梦（上）,鬼灭之刃 刀匠村篇,656835181
回家吧 回家找恋雪吧,863.25,1,16777215,2026-02-17 12:54:43,1154635809,1上,某人的梦（上）,鬼灭之刃 刀匠村篇,656835181
和魇梦一个样……,723.389,1,16777215,2026-02-17 12:53:00,1154635809,1上,某人的梦（上）,鬼灭之刃 刀匠村篇,656835181
童磨就这样疯狂挑衅,908.484,1,16777215,2026-02-17 12:11:52,1154635809,1上,某人的梦（上）,鬼灭之刃 刀匠村篇,656835181
鸣女研究过分形,271.646,1,16777215,2026-02-17 11:31:56,1154635809,1上,某人的梦（上）,鬼灭之刃 刀匠村篇,656835181
如果两只眼睛的话无惨会被吓死的,942.386,5,15772458,2026-02-17 11:27:42,1154635809,1上,某人的梦（上）,鬼灭之刃 刀匠村篇,656835181
尿壶,283.935,1,16777215,2026-02-17 10:00:58,1154635809,1上,某人的梦（上）,鬼灭之刃 刀匠村篇,656835181
动作指导:宇智波佐助,735.648,1,16777215,2026-02-17 09:54:59,1154635809,1上,某人的梦（上）,鬼灭之刃 刀匠村篇,656835181
知道就好,176.447,5,16777215,2026-02-17 09:52:35,1154635809,1上,某人的梦（上）,鬼灭之刃 刀匠村篇,656835181
麻麻麻麻麻麻麻麻麻麻麻麻麻麻麻麻麻麻麻麻,474.642,5,16777215,2026-02-17 08:56:12,1154635809,1上,某人的梦（上）,鬼灭之刃 刀匠村篇,656835181
你又料到了,538.618,5,16777215,2026-02-17 02:40:55,1154635809,1上,某人的梦（上）,鬼灭之刃 刀匠村篇,656835181
华丽的见面了,22.935,1,6830715,2026-02-17 01:13:58,1154635809,1上,某人的梦（上）,鬼灭之刃 刀匠村篇,656835181
哈哈哈哈,95.943,1,16777215,2026-02-17 00:37:28,1154635809,1上,某人的梦（上）,鬼灭之刃 刀匠村篇,656835181
红色奶龙,1155.424,1,16777215,2026-02-16 22:44:02,1154635809,1上,某人的梦（上）,鬼灭之刃 刀匠村篇,656835181
怎么和炭治郎长得一模一样？,1107.084,1,6830715,2026-02-16 22:13:25,1154635809,1上,某人的梦（上）,鬼灭之刃 刀匠村篇,656835181
尿壶,288.8,1,15138834,2026-02-16 22:04:03,1154635809,1上,某人的梦（上）,鬼灭之刃 刀匠村篇,656835181
尿壶,300.571,1,16777215,2026-02-16 21:25:26,1154635809,1上,某人的梦（上）,鬼灭之刃 刀匠村篇,656835181
童模好可爱,522.692,1,16777215,2026-02-16 21:25:02,1154635809,1上,某人的梦（上）,鬼灭之刃 刀匠村篇,656835181
继国严胜只需要闭4只眼，无惨就会看到鬼片,961.511,1,16777215,2026-02-16 20:54:12,1154635809,1上,某人的梦（上）,鬼灭之刃 刀匠村篇,656835181
无惨&猗窝座：？你这家伙在说些什么呢,541.785,1,16777215,2026-02-16 20:38:39,1154635809,1上,某人的梦（上）,鬼灭之刃 刀匠村篇,656835181
战国老兵,874.069,1,16777215,2026-02-16 18:47:58,1154635809,1上,某人的梦（上）,鬼灭之刃 刀匠村篇,656835181
三哥好帅,582.984,1,16777215,2026-02-16 18:32:20,1154635809,1上,某人的梦（上）,鬼灭之刃 刀匠村篇,656835181
教主依旧展示财力,209.837,1,16777215,2026-02-16 18:26:14,1154635809,1上,某人的梦（上）,鬼灭之刃 刀匠村篇,656835181
os好扫,600.487,1,16777215,2026-02-16 18:07:16,1154635809,1上,某人的梦（上）,鬼灭之刃 刀匠村篇,656835181
可恶，竟然是日语版的。,32.977,5,16777215,2026-02-16 18:01:16,1154635809,1上,某人的梦（上）,鬼灭之刃 刀匠村篇,656835181
童磨摸摸头,828.733,1,16777215,2026-02-16 17:51:38,1154635809,1上,某人的梦（上）,鬼灭之刃 刀匠村篇,656835181
红色奶龙,1181.949,1,16777215,2026-02-16 17:37:42,1154635809,1上,某人的梦（上）,鬼灭之刃 刀匠村篇,656835181
无惨大人，来了。,496.871,1,16777215,2026-02-16 17:37:20,1154635809,1上,某人的梦（上）,鬼灭之刃 刀匠村篇,656835181
缘一帅我一脸,1133.197,1,16777215,2026-04-13 22:19:59,1154635809,1上,某人的梦（上）,鬼灭之刃 刀匠村篇,656835181
墓葬嗓么,480.174,1,16777215,2026-04-13 21:11:31,1154635809,1上,某人的梦（上）,鬼灭之刃 刀匠村篇,656835181
教主,376.414,1,16765698,2026-04-13 21:09:44,1154635809,1上,某人的梦（上）,鬼灭之刃 刀匠村篇,656835181
兄长大人,473.751,1,16777215,2026-04-13 21:09:37,1154635809,1上,某人的梦（上）,鬼灭之刃 刀匠村篇,656835181
教主大人,309.73,1,16765698,2026-04-13 21:09:03,1154635809,1上,某人的梦（上）,鬼灭之刃 刀匠村篇,656835181
萌萌哒。,880.089,1,16777215,2026-04-13 19:21:41,1154635809,1上,某人的梦（上）,鬼灭之刃 刀匠村篇,656835181
三哥:该死的家伙,377.876,1,38979,2026-04-13 19:12:44,1154635809,1上,某人的梦（上）,鬼灭之刃 刀匠村篇,656835181
三哥是不是偷偷充了钱的出场那么华丽,192.966,1,16777215,2026-04-13 19:08:59,1154635809,1上,某人的梦（上）,鬼灭之刃 刀匠村篇,656835181
2026来考古,171.505,1,41194,2026-04-13 18:46:13,1154635809,1上,某人的梦（上）,鬼灭之刃 刀匠村篇,656835181
萌死了萌死了,1036.145,1,38979,2026-04-13 18:34:33,1154635809,1上,某人的梦（上）,鬼灭之刃 刀匠村篇,656835181
啊，磨磨头好可爱,875.615,1,8700107,2026-04-13 18:31:22,1154635809,1上,某人的梦（上）,鬼灭之刃 刀匠村篇,656835181
阿妈特拉斯,735.378,1,8700107,2026-04-13 18:28:23,1154635809,1上,某人的梦（上）,鬼灭之刃 刀匠村篇,656835181
好师,439.322,1,16777215,2026-04-13 18:18:08,1154635809,1上,某人的梦（上）,鬼灭之刃 刀匠村篇,656835181
你自己不也找了很久。,648.759,1,16777215,2026-04-13 18:09:34,1154635809,1上,某人的梦（上）,鬼灭之刃 刀匠村篇,656835181
黑死咪就这么乖乖的坐在这里,474.65,1,16777215,2026-04-13 14:25:02,1154635809,1上,某人的梦（上）,鬼灭之刃 刀匠村篇,656835181
阿玛特斯拉,740.369,1,6830715,2026-04-13 12:44:55,1154635809,1上,某人的梦（上）,鬼灭之刃 刀匠村篇,656835181
吓哭了,708.806,1,14811775,2026-04-13 12:43:52,1154635809,1上,某人的梦（上）,鬼灭之刃 刀匠村篇,656835181
玉壶是蛋仔,810.217,1,16777215,2026-04-13 12:04:10,1154635809,1上,某人的梦（上）,鬼灭之刃 刀匠村篇,656835181
依旧展示经费,243.493,1,16777215,2026-04-13 11:01:28,1154635809,1上,某人的梦（上）,鬼灭之刃 刀匠村篇,656835181
我去我好困！但我还要看！,19.324,1,16777215,2026-04-13 00:37:21,1154635809,1上,某人的梦（上）,鬼灭之刃 刀匠村篇,656835181
垂死病中惊坐起，阎王夸我好身体,5.415,1,16777215,2026-04-13 00:36:53,1154635809,1上,某人的梦（上）,鬼灭之刃 刀匠村篇,656835181
252个人出来,46.674,1,16777215,2026-04-13 00:17:10,1154635809,1上,某人的梦（上）,鬼灭之刃 刀匠村篇,656835181
李雨珊在干嘛呢,0.464,1,16777215,2026-04-12 23:36:45,1154635809,1上,某人的梦（上）,鬼灭之刃 刀匠村篇,656835181
楼上这个我是大白菜，真的把我笑死了呀，我不行了,269.812,5,16777215,2026-04-12 23:08:23,1154635809,1上,某人的梦（上）,鬼灭之刃 刀匠村篇,656835181
？那解释一无惨怎么那么怕你？？你就差把无敌写在脸上了……,1177.896,1,16777215,2026-04-12 22:05:18,1154635809,1上,某人的梦（上）,鬼灭之刃 刀匠村篇,656835181
我不行了，他那个语气真的好可爱呀！这不就是鬼版的义勇吗？,1036.156,1,16777215,2026-04-12 22:02:05,1154635809,1上,某人的梦（上）,鬼灭之刃 刀匠村篇,656835181
啊啊啊！，好可爱,883.325,1,16777215,2026-04-12 21:59:04,1154635809,1上,某人的梦（上）,鬼灭之刃 刀匠村篇,656835181
主公大大！,82.716,1,16777215,2026-04-12 21:51:42,1154635809,1上,某人的梦（上）,鬼灭之刃 刀匠村篇,656835181
还可以玩些小游戏,206.93,1,15138834,2026-04-12 21:41:40,1154635809,1上,某人的梦（上）,鬼灭之刃 刀匠村篇,656835181
又能刷视频，又能追短剧,202.834,1,16777215,2026-04-12 21:41:24,1154635809,1上,某人的梦（上）,鬼灭之刃 刀匠村篇,656835181
哔哩哔哩简直是万能的,202.492,1,16777215,2026-04-12 21:41:07,1154635809,1上,某人的梦（上）,鬼灭之刃 刀匠村篇,656835181
又见面了，兄弟们。,9.608,1,16777215,2026-04-12 21:28:15,1154635809,1上,某人的梦（上）,鬼灭之刃 刀匠村篇,656835181
诶？完全是一个人吧，超级像,1077.627,1,16777215,2026-04-12 21:21:13,1154635809,1上,某人的梦（上）,鬼灭之刃 刀匠村篇,656835181
原来他还活着吗,1064.65,1,16777215,2026-04-12 21:20:43,1154635809,1上,某人的梦（上）,鬼灭之刃 刀匠村篇,656835181
突然一下子还有点吓人,930.587,1,16777215,2026-04-12 21:19:09,1154635809,1上,某人的梦（上）,鬼灭之刃 刀匠村篇,656835181
他俩都长得好帅呀！！！,1094.012,1,14811775,2026-04-12 21:19:07,1154635809,1上,某人的梦（上）,鬼灭之刃 刀匠村篇,656835181
三哥比童摩矮一些,426.113,1,6830715,2026-04-12 21:17:02,1154635809,1上,某人的梦（上）,鬼灭之刃 刀匠村篇,656835181
黑死牟有点像继国缘一,681.372,1,14811775,2026-04-12 21:11:56,1154635809,1上,某人的梦（上）,鬼灭之刃 刀匠村篇,656835181
谁懂我给朋友看三哥的眼睛，他说是女星,163.009,1,16777215,2026-04-12 21:10:38,1154635809,1上,某人的梦（上）,鬼灭之刃 刀匠村篇,656835181
祝99,620.516,1,16777215,2026-04-12 21:00:56,1154635809,1上,某人的梦（上）,鬼灭之刃 刀匠村篇,656835181
他是上一他弟！他弟！不是他哥,1163.555,1,16777215,2026-04-12 20:55:42,1154635809,1上,某人的梦（上）,鬼灭之刃 刀匠村篇,656835181
你好,1164.455,1,13369971,2026-04-12 20:42:56,1154635809,1上,某人的梦（上）,鬼灭之刃 刀匠村篇,656835181
阿卡砸！,856.844,1,41194,2026-04-12 20:31:28,1154635809,1上,某人的梦（上）,鬼灭之刃 刀匠村篇,656835181
老板我把我的六只眼睛整成两只了你看我像我弟不,968.032,1,16777215,2026-04-12 20:13:03,1154635809,1上,某人的梦（上）,鬼灭之刃 刀匠村篇,656835181
蓝色彼岸花这玩意只在白天开放一两天,639.332,1,16777215,2026-04-12 20:09:45,1154635809,1上,某人的梦（上）,鬼灭之刃 刀匠村篇,656835181
啊萌萌哒,878.473,1,16777215,2026-04-12 19:51:34,1154635809,1上,某人的梦（上）,鬼灭之刃 刀匠村篇,656835181
黑死咪有点萌啊,867.957,1,16777215,2026-04-12 19:51:19,1154635809,1上,某人的梦（上）,鬼灭之刃 刀匠村篇,656835181
三哥,149.234,1,16777215,2026-04-12 19:48:27,1154635809,1上,某人的梦（上）,鬼灭之刃 刀匠村篇,656835181
阿卡桑,305.516,1,16777215,2026-04-12 19:47:03,1154635809,1上,某人的梦（上）,鬼灭之刃 刀匠村篇,656835181
我去好多人啊,15.84,1,16777215,2026-04-12 19:46:00,1154635809,1上,某人的梦（上）,鬼灭之刃 刀匠村篇,656835181
我和我闺蜜bi like,382.623,1,16777215,2026-04-12 19:26:03,1154635809,1上,某人的梦（上）,鬼灭之刃 刀匠村篇,656835181
可爱捏,285.117,1,16777215,2026-04-12 19:23:54,1154635809,1上,某人的梦（上）,鬼灭之刃 刀匠村篇,656835181
无惨：您真谦虚,1176.0,1,16777215,2026-04-12 19:19:06,1154635809,1上,某人的梦（上）,鬼灭之刃 刀匠村篇,656835181
好帅,1142.0,1,16777215,2026-04-12 19:18:06,1154635809,1上,某人的梦（上）,鬼灭之刃 刀匠村篇,656835181
缘一！,1080.0,1,16777215,2026-04-12 19:17:05,1154635809,1上,某人的梦（上）,鬼灭之刃 刀匠村篇,656835181
诡异,974.911,1,9599289,2026-04-12 18:43:47,1154635809,1上,某人的梦（上）,鬼灭之刃 刀匠村篇,656835181
看到是gay,948.521,1,16777215,2026-04-12 18:43:27,1154635809,1上,某人的梦（上）,鬼灭之刃 刀匠村篇,656835181
【蝴蝶忍】已进入直播间,375.628,1,6830715,2026-04-12 17:59:44,1154635809,1上,某人的梦（上）,鬼灭之刃 刀匠村篇,656835181
真的挺像继国缘一的,867.956,1,16777215,2026-04-12 17:33:48,1154635809,1上,某人的梦（上）,鬼灭之刃 刀匠村篇,656835181
黑死牟好帅,478.487,1,16777215,2026-04-12 17:19:34,1154635809,1上,某人的梦（上）,鬼灭之刃 刀匠村篇,656835181
你好,16.551,1,16777215,2026-04-12 16:54:26,1154635809,1上,某人的梦（上）,鬼灭之刃 刀匠村篇,656835181
三哥委屈,940.798,1,16777215,2026-04-12 16:46:26,1154635809,1上,某人的梦（上）,鬼灭之刃 刀匠村篇,656835181
阿玛特拉斯,743.192,1,16777215,2026-04-12 16:43:00,1154635809,1上,某人的梦（上）,鬼灭之刃 刀匠村篇,656835181
三哥帅的很安心,580.996,1,16777215,2026-04-12 16:40:16,1154635809,1上,某人的梦（上）,鬼灭之刃 刀匠村篇,656835181
嫂子,1235.891,1,16777215,2026-04-12 16:39:34,1154635809,1上,某人的梦（上）,鬼灭之刃 刀匠村篇,656835181
这显得三哥很正常你知道吗,354.899,1,16777215,2026-04-12 16:36:22,1154635809,1上,某人的梦（上）,鬼灭之刃 刀匠村篇,656835181
9！7!,886.704,1,16777215,2026-04-12 16:33:52,1154635809,1上,某人的梦（上）,鬼灭之刃 刀匠村篇,656835181
想看3D,177.479,1,16777215,2026-04-12 16:32:54,1154635809,1上,某人的梦（上）,鬼灭之刃 刀匠村篇,656835181
三哥很帅呦,140.039,1,16777215,2026-04-12 16:32:01,1154635809,1上,某人的梦（上）,鬼灭之刃 刀匠村篇,656835181
全员无一人阵亡,57.341,1,16777215,2026-04-12 16:30:26,1154635809,1上,某人的梦（上）,鬼灭之刃 刀匠村篇,656835181
哎呦我去,25.961,1,16777215,2026-04-12 16:29:40,1154635809,1上,某人的梦（上）,鬼灭之刃 刀匠村篇,656835181
玉垩：为我花生！,710.48,1,16777215,2026-04-12 16:05:42,1154635809,1上,某人的梦（上）,鬼灭之刃 刀匠村篇,656835181
缘一！！,1073.78,1,16777215,2026-04-12 15:55:56,1154635809,1上,某人的梦（上）,鬼灭之刃 刀匠村篇,656835181
他叫继国严胜，是继国缘一的哥哥,862.584,1,16777215,2026-04-12 15:45:36,1154635809,1上,某人的梦（上）,鬼灭之刃 刀匠村篇,656835181
无限城。,114.117,1,16777215,2026-04-12 15:41:45,1154635809,1上,某人的梦（上）,鬼灭之刃 刀匠村篇,656835181
可爱,883.325,1,16777215,2026-04-12 15:35:15,1154635809,1上,某人的梦（上）,鬼灭之刃 刀匠村篇,656835181
好萌！！,678.598,1,16777215,2026-04-12 15:30:38,1154635809,1上,某人的梦（上）,鬼灭之刃 刀匠村篇,656835181
妈妈！！,480.278,1,16777215,2026-04-12 15:27:07,1154635809,1上,某人的梦（上）,鬼灭之刃 刀匠村篇,656835181
童磨！！！！！,374.558,1,16777215,2026-04-12 15:25:14,1154635809,1上,某人的梦（上）,鬼灭之刃 刀匠村篇,656835181
在白天,633.651,1,16777215,2026-04-12 15:23:27,1154635809,1上,某人的梦（上）,鬼灭之刃 刀匠村篇,656835181
三哥！！！！,143.318,1,16777215,2026-04-12 15:19:17,1154635809,1上,某人的梦（上）,鬼灭之刃 刀匠村篇,656835181
 主公好,98.229,1,16777215,2026-04-12 15:10:53,1154635809,1上,某人的梦（上）,鬼灭之刃 刀匠村篇,656835181
童磨：不用洗头了！,433.417,1,16777215,2026-04-12 15:09:19,1154635809,1上,某人的梦（上）,鬼灭之刃 刀匠村篇,656835181
童模是圣行2,409.325,1,16777215,2026-04-12 15:08:30,1154635809,1上,某人的梦（上）,鬼灭之刃 刀匠村篇,656835181
这经费，有力气,133.54,1,16777215,2026-04-12 15:07:53,1154635809,1上,某人的梦（上）,鬼灭之刃 刀匠村篇,656835181
炭香99,1235.657,1,16777215,2026-04-12 15:02:26,1154635809,1上,某人的梦（上）,鬼灭之刃 刀匠村篇,656835181
阿妈特拉斯,738.31,1,16777215,2026-04-12 14:52:52,1154635809,1上,某人的梦（上）,鬼灭之刃 刀匠村篇,656835181
假装生气拍桌子，实则自己没调对溶剂,632.741,5,16777215,2026-04-12 14:45:31,1154635809,1上,某人的梦（上）,鬼灭之刃 刀匠村篇,656835181
我不行了，我居然不认字,932.277,1,16777215,2026-04-12 13:40:43,1154635809,1上,某人的梦（上）,鬼灭之刃 刀匠村篇,656835181
没事，就当洗头了,827.58,1,16777215,2026-04-12 13:35:36,1154635809,1上,某人的梦（上）,鬼灭之刃 刀匠村篇,656835181
玉狐变态来的,725.7,1,16777215,2026-04-12 13:33:25,1154635809,1上,某人的梦（上）,鬼灭之刃 刀匠村篇,656835181
哦，没事，就当是刷牙了,443.5,1,16777215,2026-04-12 13:28:37,1154635809,1上,某人的梦（上）,鬼灭之刃 刀匠村篇,656835181
唯有永恒，最接近天理,714.325,5,16777215,2026-04-12 13:23:52,1154635809,1上,某人的梦（上）,鬼灭之刃 刀匠村篇,656835181
阿妈忒拉斯,732.527,5,16777215,2026-04-12 13:11:48,1154635809,1上,某人的梦（上）,鬼灭之刃 刀匠村篇,656835181
打卡,20.762,1,16777215,2026-04-12 13:09:08,1154635809,1上,某人的梦（上）,鬼灭之刃 刀匠村篇,656835181
3刷,32.646,1,9033215,2026-04-12 13:07:07,1154635809,1上,某人的梦（上）,鬼灭之刃 刀匠村篇,656835181
猗窝座:我的爸呀 大哥,449.88,1,16777215,2026-04-12 13:04:28,1154635809,1上,某人的梦（上）,鬼灭之刃 刀匠村篇,656835181
缘一,1160.194,1,15138834,2026-04-12 12:51:28,1154635809,1上,某人的梦（上）,鬼灭之刃 刀匠村篇,656835181
有人站着扣一,105.148,1,16777215,2026-04-12 12:33:55,1154635809,1上,某人的梦（上）,鬼灭之刃 刀匠村篇,656835181
恶鬼退散,12.191,1,16777215,2026-04-12 12:29:11,1154635809,1上,某人的梦（上）,鬼灭之刃 刀匠村篇,656835181
还有哈哈哈哈哈哈哈哈哈哈哈哈哈哈哈哈哈呱呱呱呱呱呱呱呱呱呱呱呱呱呱呱古古怪怪给啵啵啵啵啵啵啵啵啵啵啵啵啵啵啵啵啵啵啊啊啊啊啊啊啊啊啊啊啊啊啊啊啊啊啊啊啊,219.101,1,16777215,2026-04-12 12:24:47,1154635809,1上,某人的梦（上）,鬼灭之刃 刀匠村篇,656835181
华丽,141.904,1,16777215,2026-04-12 12:23:30,1154635809,1上,某人的梦（上）,鬼灭之刃 刀匠村篇,656835181
天音好米,61.662,5,16777215,2026-04-12 12:11:49,1154635809,1上,某人的梦（上）,鬼灭之刃 刀匠村篇,656835181
你让一个鬼找一个白天才开的花？,638.01,1,16777215,2026-04-12 11:45:44,1154635809,1上,某人的梦（上）,鬼灭之刃 刀匠村篇,656835181
碳香99！,1235.234,1,14811775,2026-04-12 11:38:47,1154635809,1上,某人的梦（上）,鬼灭之刃 刀匠村篇,656835181
五刷,19.049,1,16777215,2026-04-12 10:55:21,1154635809,1上,某人的梦（上）,鬼灭之刃 刀匠村篇,656835181
五刷,19.049,1,16777215,2026-04-12 10:55:12,1154635809,1上,某人的梦（上）,鬼灭之刃 刀匠村篇,656835181
五刷,19.049,1,16777215,2026-04-12 10:55:01,1154635809,1上,某人的梦（上）,鬼灭之刃 刀匠村篇,656835181
找到蓝色彼岸花会不会就变成人类了？,649.725,1,16777215,2026-04-12 10:45:40,1154635809,1上,某人的梦（上）,鬼灭之刃 刀匠村篇,656835181
华丽的字体。,747.334,1,16777215,2026-04-12 10:44:51,1154635809,1上,某人的梦（上）,鬼灭之刃 刀匠村篇,656835181
阿妈忒拉丝,738.334,1,16777215,2026-04-12 10:44:31,1154635809,1上,某人的梦（上）,鬼灭之刃 刀匠村篇,656835181
教主大人！,387.091,1,16777215,2026-04-12 10:40:16,1154635809,1上,某人的梦（上）,鬼灭之刃 刀匠村篇,656835181
哎哟，我们的大小姐来了～,1210.444,1,16777215,2026-04-12 10:32:12,1154635809,1上,某人的梦（上）,鬼灭之刃 刀匠村篇,656835181
依旧我们的继国缘一～,1080.504,1,16777215,2026-04-12 10:29:40,1154635809,1上,某人的梦（上）,鬼灭之刃 刀匠村篇,656835181
依旧“猛”鬼,1049.224,1,16777215,2026-04-12 10:28:59,1154635809,1上,某人的梦（上）,鬼灭之刃 刀匠村篇,656835181
本来就是继国缘一的亲哥啊,479.424,1,16777215,2026-04-12 10:19:02,1154635809,1上,某人的梦（上）,鬼灭之刃 刀匠村篇,656835181
垂死病中惊坐起,28.684,1,16777215,2026-04-12 10:10:34,1154635809,1上,某人的梦（上）,鬼灭之刃 刀匠村篇,656835181
Hello,22.0,1,8700107,2026-04-12 10:10:10,1154635809,1上,某人的梦（上）,鬼灭之刃 刀匠村篇,656835181
知道的人不是因为你嘎了吗？,637.86,1,16777215,2026-04-12 09:30:36,1154635809,1上,某人的梦（上）,鬼灭之刃 刀匠村篇,656835181
想极了做化学实验时的我,637.223,1,16777215,2026-04-12 09:27:18,1154635809,1上,某人的梦（上）,鬼灭之刃 刀匠村篇,656835181
三哥彻底死心了,373.958,1,16777215,2026-04-12 09:22:37,1154635809,1上,某人的梦（上）,鬼灭之刃 刀匠村篇,656835181
尿壶,290.546,1,16777215,2026-04-12 09:20:46,1154635809,1上,某人的梦（上）,鬼灭之刃 刀匠村篇,656835181
啊啊啊！！！教主大人！！！,372.542,1,15138834,2026-04-12 08:40:39,1154635809,1上,某人的梦（上）,鬼灭之刃 刀匠村篇,656835181
240人出来吧,16.903,1,16777215,2026-04-12 08:33:33,1154635809,1上,某人的梦（上）,鬼灭之刃 刀匠村篇,656835181
多西，你以前可不是这样说的。你装什么装啊？你甚至还夸咱们的小肚鸡,549.96,1,16777215,2026-04-12 08:22:13,1154635809,1上,某人的梦（上）,鬼灭之刃 刀匠村篇,656835181
童磨这个病娇感一下就上来了,404.412,1,16777215,2026-04-12 08:18:54,1154635809,1上,某人的梦（上）,鬼灭之刃 刀匠村篇,656835181
蛋仔新皮肤,807.574,1,16777215,2026-04-12 01:22:03,1154635809,1上,某人的梦（上）,鬼灭之刃 刀匠村篇,656835181
88弹幕上发啥呀？单人推已经死了,1226.852,1,16777215,2026-04-12 01:11:01,1154635809,1上,某人的梦（上）,鬼灭之刃 刀匠村篇,656835181
严胜:嚯,1066.52,1,16777215,2026-04-12 01:08:45,1154635809,1上,某人的梦（上）,鬼灭之刃 刀匠村篇,656835181
六刷,11.22,1,16777215,2026-04-12 00:56:26,1154635809,1上,某人的梦（上）,鬼灭之刃 刀匠村篇,656835181
凭一己之力，把同事全吓跑了,1001.776,1,16777215,2026-04-12 00:54:24,1154635809,1上,某人的梦（上）,鬼灭之刃 刀匠村篇,656835181
看得到吗？,355.922,1,16777215,2026-04-12 00:47:57,1154635809,1上,某人的梦（上）,鬼灭之刃 刀匠村篇,656835181
磨磨头好帅！,451.62,1,16777215,2026-04-11 23:49:09,1154635809,1上,某人的梦（上）,鬼灭之刃 刀匠村篇,656835181
妈妈！！！,477.224,1,16777215,2026-04-11 23:47:57,1154635809,1上,某人的梦（上）,鬼灭之刃 刀匠村篇,656835181
垂死病中惊坐起不问苍生问鬼神,10.44,1,16777215,2026-04-11 23:22:08,1154635809,1上,某人的梦（上）,鬼灭之刃 刀匠村篇,656835181
你之前可不是这么说的：舵姬，你是特别的存在，你比任何人都美，也比任何人都强。,557.169,1,16777215,2026-04-11 23:07:30,1154635809,1上,某人的梦（上）,鬼灭之刃 刀匠村篇,656835181
教主大人和黑死眸都挺好看的,661.135,1,16777215,2026-04-11 23:00:39,1154635809,1上,某人的梦（上）,鬼灭之刃 刀匠村篇,656835181
不能超过管1/3，都不知道做啥实验,551.708,1,16777215,2026-04-11 22:58:38,1154635809,1上,某人的梦（上）,鬼灭之刃 刀匠村篇,656835181
他们怎么不迷路,129.226,1,16777215,2026-04-11 22:53:59,1154635809,1上,某人的梦（上）,鬼灭之刃 刀匠村篇,656835181
下一附体,727.569,1,16777215,2026-04-11 22:46:52,1154635809,1上,某人的梦（上）,鬼灭之刃 刀匠村篇,656835181
无惨的公司很高科技,254.631,1,16777215,2026-04-11 22:45:33,1154635809,1上,某人的梦（上）,鬼灭之刃 刀匠村篇,656835181
上弦又开会了,145.319,1,16777215,2026-04-11 22:43:20,1154635809,1上,某人的梦（上）,鬼灭之刃 刀匠村篇,656835181
好美！！！！,507.14,5,15138834,2026-04-11 21:53:45,1154635809,1上,某人的梦（上）,鬼灭之刃 刀匠村篇,656835181
你也有六眼,953.767,1,9033215,2026-04-11 21:20:36,1154635809,1上,某人的梦（上）,鬼灭之刃 刀匠村篇,656835181
炭香牛福,1237.637,1,16777215,2026-04-11 21:12:28,1154635809,1上,某人的梦（上）,鬼灭之刃 刀匠村篇,656835181
“唯有永恒”,711.697,1,6830715,2026-04-11 20:58:51,1154635809,1上,某人的梦（上）,鬼灭之刃 刀匠村篇,656835181
堕姬：您之前可不是这样说的,550.799,1,16777215,2026-04-11 20:54:09,1154635809,1上,某人的梦（上）,鬼灭之刃 刀匠村篇,656835181
占领空屏,713.187,1,16777215,2026-04-11 19:57:39,1154635809,1上,某人的梦（上）,鬼灭之刃 刀匠村篇,656835181
不是吧，看个鬼灭都能扯上火影，火影真的是完蛋了，低龄粉丝太多了,740.457,1,16777215,2026-04-11 19:53:28,1154635809,1上,某人的梦（上）,鬼灭之刃 刀匠村篇,656835181
果然，午餐实在是太师了,723.348,1,16777215,2026-04-11 19:52:36,1154635809,1上,某人的梦（上）,鬼灭之刃 刀匠村篇,656835181
？                      ？,703.508,1,16777215,2026-04-11 19:51:39,1154635809,1上,某人的梦（上）,鬼灭之刃 刀匠村篇,656835181
我去，经费拉满,645.268,1,16777215,2026-04-11 19:50:21,1154635809,1上,某人的梦（上）,鬼灭之刃 刀匠村篇,656835181
好多人啊,16.897,1,16777215,2026-04-11 19:36:37,1154635809,1上,某人的梦（上）,鬼灭之刃 刀匠村篇,656835181
这个人也太,992.195,1,16777215,2026-04-11 19:08:56,1154635809,1上,某人的梦（上）,鬼灭之刃 刀匠村篇,656835181
嘎哒嘎哒，嘎哒嘎哒,993.003,1,16777215,2026-04-11 19:03:51,1154635809,1上,某人的梦（上）,鬼灭之刃 刀匠村篇,656835181
尿壶：啊？！,830.379,1,16777215,2026-04-11 19:00:54,1154635809,1上,某人的梦（上）,鬼灭之刃 刀匠村篇,656835181
无惨大人驾到！！！！,486.294,1,16777215,2026-04-11 18:54:56,1154635809,1上,某人的梦（上）,鬼灭之刃 刀匠村篇,656835181
这个视角来看好矮,141.569,1,16777215,2026-04-11 18:49:04,1154635809,1上,某人的梦（上）,鬼灭之刃 刀匠村篇,656835181
咋没有弹幕？,58.86,1,16777215,2026-04-11 18:48:18,1154635809,1上,某人的梦（上）,鬼灭之刃 刀匠村篇,656835181
咋没有弹幕？,51.82,1,16777215,2026-04-11 18:47:57,1154635809,1上,某人的梦（上）,鬼灭之刃 刀匠村篇,656835181
真好看,15.617,1,16777215,2026-04-11 18:46:53,1154635809,1上,某人的梦（上）,鬼灭之刃 刀匠村篇,656835181
所以这个一到底是谁呀？,659.888,1,16777215,2026-04-11 18:22:01,1154635809,1上,某人的梦（上）,鬼灭之刃 刀匠村篇,656835181
能不能别倒着了？看得我头疼,701.127,1,16777215,2026-04-11 18:04:05,1154635809,1上,某人的梦（上）,鬼灭之刃 刀匠村篇,656835181
我不行了，我一个粉时代峰峻的看鬼灭之刃,72.034,1,9599289,2026-04-11 17:56:16,1154635809,1上,某人的梦（上）,鬼灭之刃 刀匠村篇,656835181
这尿壶长得比我们那边的漏壶还磕碜（咒回）,311.439,1,16777215,2026-04-11 17:51:14,1154635809,1上,某人的梦（上）,鬼灭之刃 刀匠村篇,656835181
蜜汁脸红,806.019,1,16777215,2026-04-11 17:49:33,1154635809,1上,某人的梦（上）,鬼灭之刃 刀匠村篇,656835181
忽然想到主公他们把无惨扎成牛蛙了 ,70.804,1,16777215,2026-04-11 17:34:53,1154635809,1上,某人的梦（上）,鬼灭之刃 刀匠村篇,656835181
霞柱我会一直想念你的 ,16.959,1,16777215,2026-04-11 17:33:04,1154635809,1上,某人的梦（上）,鬼灭之刃 刀匠村篇,656835181
咦……,288.273,1,16777215,2026-04-11 17:26:23,1154635809,1上,某人的梦（上）,鬼灭之刃 刀匠村篇,656835181
蓝色彼岸花在白天开,620.152,1,15138834,2026-04-11 17:22:19,1154635809,1上,某人的梦（上）,鬼灭之刃 刀匠村篇,656835181
公司好大,150.157,1,15138834,2026-04-11 17:14:23,1154635809,1上,某人的梦（上）,鬼灭之刃 刀匠村篇,656835181
灶门炭吉郎,1080.126,1,16777215,2026-04-11 17:03:26,1154635809,1上,某人的梦（上）,鬼灭之刃 刀匠村篇,656835181
616怎么这么多？,600.413,1,16777215,2026-04-11 17:00:48,1154635809,1上,某人的梦（上）,鬼灭之刃 刀匠村篇,656835181
该死的尿。,293.432,1,16777215,2026-04-11 16:57:14,1154635809,1上,某人的梦（上）,鬼灭之刃 刀匠村篇,656835181
!!!,56.893,1,16777215,2026-04-11 16:30:53,1154635809,1上,某人的梦（上）,鬼灭之刃 刀匠村篇,656835181
！111!!!,56.893,1,16777215,2026-04-11 16:30:40,1154635809,1上,某人的梦（上）,鬼灭之刃 刀匠村篇,656835181
无惨，你若那我算什么？,1172.837,1,16777215,2026-04-11 16:15:01,1154635809,1上,某人的梦（上）,鬼灭之刃 刀匠村篇,656835181
华，你知道我讲,6.3,1,16777215,2026-04-11 16:09:25,1154635809,1上,某人的梦（上）,鬼灭之刃 刀匠村篇,656835181
原来这个表情包是这么来的,876.296,1,16777215,2026-04-11 15:52:34,1154635809,1上,某人的梦（上）,鬼灭之刃 刀匠村篇,656835181
还我大哥！,165.121,1,16777215,2026-04-11 15:40:37,1154635809,1上,某人的梦（上）,鬼灭之刃 刀匠村篇,656835181
红色奶龙,1096.386,1,16777215,2026-04-11 15:25:17,1154635809,1上,某人的梦（上）,鬼灭之刃 刀匠村篇,656835181
无惨见到这张脸魂都,1134.994,1,16777215,2026-04-11 15:15:32,1154635809,1上,某人的梦（上）,鬼灭之刃 刀匠村篇,656835181
鬼灭之刃牛壁克拉斯鬼灭之刃牛壁克拉斯,233.91,1,16777215,2026-04-11 14:42:14,1154635809,1上,某人的梦（上）,鬼灭之刃 刀匠村篇,656835181
还我时透,475.197,1,16777215,2026-04-11 14:34:45,1154635809,1上,某人的梦（上）,鬼灭之刃 刀匠村篇,656835181
怎么还有义忍的事88,50.688,1,16777215,2026-04-11 14:30:16,1154635809,1上,某人的梦（上）,鬼灭之刃 刀匠村篇,656835181
好可爱！,881.038,1,16777215,2026-04-11 14:17:32,1154635809,1上,某人的梦（上）,鬼灭之刃 刀匠村篇,656835181
黑刀的人不简单吧,1148.513,1,16777215,2026-04-11 14:07:40,1154635809,1上,某人的梦（上）,鬼灭之刃 刀匠村篇,656835181
雷区，蹦迪,419.579,1,16777215,2026-04-11 13:47:48,1154635809,1上,某人的梦（上）,鬼灭之刃 刀匠村篇,656835181
三哥，我靠，这没被干掉,372.429,1,16777215,2026-04-11 13:45:32,1154635809,1上,某人的梦（上）,鬼灭之刃 刀匠村篇,656835181
一就五五分,140.384,1,16777215,2026-04-11 13:41:32,1154635809,1上,某人的梦（上）,鬼灭之刃 刀匠村篇,656835181
想看中文版,68.125,1,16777215,2026-04-11 13:38:34,1154635809,1上,某人的梦（上）,鬼灭之刃 刀匠村篇,656835181
太好了，都活,41.0,1,16777215,2026-04-11 13:23:55,1154635809,1上,某人的梦（上）,鬼灭之刃 刀匠村篇,656835181
太好玩了,16.0,1,16777215,2026-04-11 13:23:30,1154635809,1上,某人的梦（上）,鬼灭之刃 刀匠村篇,656835181
教主大人驾到！,373.458,1,16777215,2026-04-11 13:01:24,1154635809,1上,某人的梦（上）,鬼灭之刃 刀匠村篇,656835181
他到底在脸红什么？,728.259,1,16777215,2026-04-11 12:44:41,1154635809,1上,某人的梦（上）,鬼灭之刃 刀匠村篇,656835181
依旧五五分身高,978.16,1,8700107,2026-04-11 12:36:31,1154635809,1上,某人的梦（上）,鬼灭之刃 刀匠村篇,656835181
脸红个泡泡茶壶,806.3,1,16777215,2026-04-11 12:33:29,1154635809,1上,某人的梦（上）,鬼灭之刃 刀匠村篇,656835181
你脸红个泡泡茶壶,805.981,1,16707842,2026-04-11 12:28:29,1154635809,1上,某人的梦（上）,鬼灭之刃 刀匠村篇,656835181
华丽,281.48,1,16777215,2026-04-11 12:26:14,1154635809,1上,某人的梦（上）,鬼灭之刃 刀匠村篇,656835181
噢噢噢噢噢无惨我想我是你的小迷妹,579.99,1,16777215,2026-04-11 12:24:21,1154635809,1上,某人的梦（上）,鬼灭之刃 刀匠村篇,656835181
我终于找到要看的这集了,25.76,1,16777215,2026-04-11 12:20:17,1154635809,1上,某人的梦（上）,鬼灭之刃 刀匠村篇,656835181
我不行了，我已经失忆了，产物服是哪儿啊,663.925,1,16777215,2026-04-11 11:55:10,1154635809,1上,某人的梦（上）,鬼灭之刃 刀匠村篇,656835181
弹幕护体,1212.723,1,16777215,2026-04-11 11:48:50,1154635809,1上,某人的梦（上）,鬼灭之刃 刀匠村篇,656835181
哎，没有中配吗,38.088,1,16777215,2026-04-11 11:46:17,1154635809,1上,某人的梦（上）,鬼灭之刃 刀匠村篇,656835181
这应该叫六眼红鱼,950.576,1,16777215,2026-04-11 11:20:49,1154635809,1上,某人的梦（上）,鬼灭之刃 刀匠村篇,656835181
尿壶？。,293.052,1,16777215,2026-04-11 11:14:02,1154635809,1上,某人的梦（上）,鬼灭之刃 刀匠村篇,656835181
我去,1227.283,1,16777215,2026-04-11 11:11:22,1154635809,1上,某人的梦（上）,鬼灭之刃 刀匠村篇,656835181
好好好,1214.063,1,16777215,2026-04-11 11:11:07,1154635809,1上,某人的梦（上）,鬼灭之刃 刀匠村篇,656835181
哎呦我去,1067.148,1,16777215,2026-04-11 11:08:06,1154635809,1上,某人的梦（上）,鬼灭之刃 刀匠村篇,656835181
性格和颜值一大坨,288.944,1,16777215,2026-04-11 10:54:55,1154635809,1上,某人的梦（上）,鬼灭之刃 刀匠村篇,656835181
无限城,114.825,1,16777215,2026-04-11 10:52:00,1154635809,1上,某人的梦（上）,鬼灭之刃 刀匠村篇,656835181
无惨大人，我想要你这个笔，求求你了,568.477,1,16777215,2026-04-11 10:46:23,1154635809,1上,某人的梦（上）,鬼灭之刃 刀匠村篇,656835181
好萌,879.501,1,16777215,2026-04-11 10:36:34,1154635809,1上,某人的梦（上）,鬼灭之刃 刀匠村篇,656835181
咋和那个魇梦是一样的,737.701,1,16777215,2026-04-11 10:33:55,1154635809,1上,某人的梦（上）,鬼灭之刃 刀匠村篇,656835181
好帅,403.695,1,16777215,2026-04-11 10:18:18,1154635809,1上,某人的梦（上）,鬼灭之刃 刀匠村篇,656835181
妳豆子,52.842,1,16777215,2026-04-11 10:06:14,1154635809,1上,某人的梦（上）,鬼灭之刃 刀匠村篇,656835181
透透萌萌的,21.569,1,16777215,2026-04-11 09:30:01,1154635809,1上,某人的梦（上）,鬼灭之刃 刀匠村篇,656835181
好可爱,1038.274,1,16777215,2026-04-11 09:18:38,1154635809,1上,某人的梦（上）,鬼灭之刃 刀匠村篇,656835181
就三哥不吃女人和小孩，他要是吃女人和小孩还不知道会强成啥样呢,950.047,5,15138834,2026-04-11 09:03:49,1154635809,1上,某人的梦（上）,鬼灭之刃 刀匠村篇,656835181
华丽,93.773,1,16777215,2026-04-11 08:59:52,1154635809,1上,某人的梦（上）,鬼灭之刃 刀匠村篇,656835181
你脸红个泡泡茶壶呀,804.532,5,15138834,2026-04-11 08:59:33,1154635809,1上,某人的梦（上）,鬼灭之刃 刀匠村篇,656835181
试管溶液不能超过三分之二！,505.017,1,16777215,2026-04-11 08:54:21,1154635809,1上,某人的梦（上）,鬼灭之刃 刀匠村篇,656835181
压迫感极强,847.202,1,16777215,2026-04-11 08:20:05,1154635809,1上,某人的梦（上）,鬼灭之刃 刀匠村篇,656835181
你的壶歪了,283.047,1,16777215,2026-04-11 08:08:50,1154635809,1上,某人的梦（上）,鬼灭之刃 刀匠村篇,656835181
垂死病中惊坐起,13.375,1,16777215,2026-04-11 04:27:17,1154635809,1上,某人的梦（上）,鬼灭之刃 刀匠村篇,656835181
抱的这个是炭炭他爹而不是炭炭,1078.264,1,16777215,2026-04-11 00:45:27,1154635809,1上,某人的梦（上）,鬼灭之刃 刀匠村篇,656835181
三哥:你还没死啊（礼貌微笑）,377.81,1,16777215,2026-04-11 00:42:50,1154635809,1上,某人的梦（上）,鬼灭之刃 刀匠村篇,656835181
哈哈哈哈有被弹幕笑到,1142.417,1,16777215,2026-04-11 00:25:23,1154635809,1上,某人的梦（上）,鬼灭之刃 刀匠村篇,656835181
千万别小瞧这小玩意，到后面有大用,341.637,1,16777215,2026-04-11 00:24:22,1154635809,1上,某人的梦（上）,鬼灭之刃 刀匠村篇,656835181
这个小鸟好可爱,1113.608,1,16777215,2026-04-10 22:50:35,1154635809,1上,某人的梦（上）,鬼灭之刃 刀匠村篇,656835181
你咋不自己去？,566.419,1,16777215,2026-04-10 22:41:35,1154635809,1上,某人的梦（上）,鬼灭之刃 刀匠村篇,656835181
唯一真神,1068.605,5,16777215,2026-04-10 22:28:22,1154635809,1上,某人的梦（上）,鬼灭之刃 刀匠村篇,656835181
唯一真神,1064.709,1,16777215,2026-04-10 22:28:13,1154635809,1上,某人的梦（上）,鬼灭之刃 刀匠村篇,656835181
要是去了锻刀村就完蛋了（doge）,1014.429,5,16777215,2026-04-10 22:04:14,1154635809,1上,某人的梦（上）,鬼灭之刃 刀匠村篇,656835181
瓦达西哇扣扣泥,473.173,1,16777215,2026-04-10 21:55:28,1154635809,1上,某人的梦（上）,鬼灭之刃 刀匠村篇,656835181
目前是407的人在观看，剩下的406个人给我出来,14.52,1,16777215,2026-04-10 21:49:08,1154635809,1上,某人的梦（上）,鬼灭之刃 刀匠村篇,656835181
他杀了大哥,171.528,1,16777215,2026-04-10 21:47:50,1154635809,1上,某人的梦（上）,鬼灭之刃 刀匠村篇,656835181
他和黑死牟亲兄弟呐！,1109.056,1,16777215,2026-04-10 21:46:42,1154635809,1上,某人的梦（上）,鬼灭之刃 刀匠村篇,656835181
烦人的童模。,373.386,1,16777215,2026-04-10 21:38:42,1154635809,1上,某人的梦（上）,鬼灭之刃 刀匠村篇,656835181
除了黑色某以外，我最喜欢一窝座。,229.14,1,16777215,2026-04-10 21:36:13,1154635809,1上,某人的梦（上）,鬼灭之刃 刀匠村篇,656835181
主公冷静冷静～,69.487,1,16777215,2026-04-10 21:13:00,1154635809,1上,某人的梦（上）,鬼灭之刃 刀匠村篇,656835181
我的妈呀 大姐姐,990.056,1,16777215,2026-04-10 20:46:25,1154635809,1上,某人的梦（上）,鬼灭之刃 刀匠村篇,656835181
还是个m?！,722.72,1,16777215,2026-04-10 20:41:10,1154635809,1上,某人的梦（上）,鬼灭之刃 刀匠村篇,656835181
炭香99,1207.144,1,16777215,2026-04-10 20:37:49,1154635809,1上,某人的梦（上）,鬼灭之刃 刀匠村篇,656835181
害死我哩,302.376,5,16777215,2026-04-10 20:35:42,1154635809,1上,某人的梦（上）,鬼灭之刃 刀匠村篇,656835181
害死我里,300.996,1,16777215,2026-04-10 20:35:28,1154635809,1上,某人的梦（上）,鬼灭之刃 刀匠村篇,656835181
那你解散公司自己干呗，把你能的,642.819,1,16777215,2026-04-10 20:11:24,1154635809,1上,某人的梦（上）,鬼灭之刃 刀匠村篇,656835181
哈喽，43,171.508,1,16777215,2026-04-10 20:10:54,1154635809,1上,某人的梦（上）,鬼灭之刃 刀匠村篇,656835181
哈喽，43,141.277,1,16777215,2026-04-10 20:10:24,1154635809,1上,某人的梦（上）,鬼灭之刃 刀匠村篇,656835181
哈喽，43,82.315,1,16777215,2026-04-10 20:09:25,1154635809,1上,某人的梦（上）,鬼灭之刃 刀匠村篇,656835181
哈喽，43,63.633,1,16777215,2026-04-10 20:09:07,1154635809,1上,某人的梦（上）,鬼灭之刃 刀匠村篇,656835181
主公大人。,88.911,5,16777215,2026-04-10 19:58:14,1154635809,1上,某人的梦（上）,鬼灭之刃 刀匠村篇,656835181
弹皮帕的是鸣女,763.976,1,16777215,2026-04-10 19:19:25,1154635809,1上,某人的梦（上）,鬼灭之刃 刀匠村篇,656835181
那个,146.216,1,16777215,2026-04-10 19:17:43,1154635809,1上,某人的梦（上）,鬼灭之刃 刀匠村篇,656835181
磨磨头可爱个屁你知道的!,713.293,1,16777215,2026-04-10 19:17:11,1154635809,1上,某人的梦（上）,鬼灭之刃 刀匠村篇,656835181
来了，来了,23.635,1,14811775,2026-04-10 18:58:11,1154635809,1上,某人的梦（上）,鬼灭之刃 刀匠村篇,656835181
神秘炭吉,1080.045,1,16777215,2026-04-10 18:32:37,1154635809,1上,某人的梦（上）,鬼灭之刃 刀匠村篇,656835181
我来啦,416.817,1,16777215,2026-04-10 18:23:43,1154635809,1上,某人的梦（上）,鬼灭之刃 刀匠村篇,656835181
黑死咪！,472.118,1,15138834,2026-04-10 16:37:53,1154635809,1上,某人的梦（上）,鬼灭之刃 刀匠村篇,656835181
五刷！,20.5,1,16777215,2026-04-10 16:30:53,1154635809,1上,某人的梦（上）,鬼灭之刃 刀匠村篇,656835181
好帅,399.999,1,16777215,2026-04-10 13:00:49,1154635809,1上,某人的梦（上）,鬼灭之刃 刀匠村篇,656835181
妈妈,664.739,1,16777215,2026-04-10 12:19:43,1154635809,1上,某人的梦（上）,鬼灭之刃 刀匠村篇,656835181
无惨坏是坏，但他是真帅啊,507.26,1,16777215,2026-04-10 11:30:13,1154635809,1上,某人的梦（上）,鬼灭之刃 刀匠村篇,656835181
你们这些弹幕是人吗？,469.359,1,16777215,2026-04-10 11:24:56,1154635809,1上,某人的梦（上）,鬼灭之刃 刀匠村篇,656835181
笑死了,1028.967,1,16777215,2026-04-10 11:09:14,1154635809,1上,某人的梦（上）,鬼灭之刃 刀匠村篇,656835181
陌生的天花板,1222.328,1,16777215,2026-04-10 10:02:47,1154635809,1上,某人的梦（上）,鬼灭之刃 刀匠村篇,656835181
妈妈,469.264,1,16777215,2026-04-10 09:09:33,1154635809,1上,某人的梦（上）,鬼灭之刃 刀匠村篇,656835181
mamo我爱你！！！但童磨你该死,389.452,1,16777215,2026-04-10 01:49:58,1154635809,1上,某人的梦（上）,鬼灭之刃 刀匠村篇,656835181
帅成啥样了,1143.272,5,16777215,2026-04-10 01:35:29,1154635809,1上,某人的梦（上）,鬼灭之刃 刀匠村篇,656835181
玉壶也不喜欢童磨吧,998.037,1,16777215,2026-04-10 00:23:56,1154635809,1上,某人的梦（上）,鬼灭之刃 刀匠村篇,656835181
os:好帅。。,1134.839,1,16777215,2026-04-10 00:21:48,1154635809,1上,某人的梦（上）,鬼灭之刃 刀匠村篇,656835181
啊啊啊啊啊我之前还以为上一很帅的给我吓一雷,978.769,1,16777215,2026-04-10 00:19:08,1154635809,1上,某人的梦（上）,鬼灭之刃 刀匠村篇,656835181
啊？,1074.668,1,16777215,2026-04-09 23:44:14,1154635809,1上,某人的梦（上）,鬼灭之刃 刀匠村篇,656835181
别的不说，他咋这么帅？,709.435,1,16777215,2026-04-09 23:37:57,1154635809,1上,某人的梦（上）,鬼灭之刃 刀匠村篇,656835181
无惨：冒昧了,1180.018,1,16777215,2026-04-09 23:18:07,1154635809,1上,某人的梦（上）,鬼灭之刃 刀匠村篇,656835181
woc，好帅,1133.378,1,16777215,2026-04-09 23:17:13,1154635809,1上,某人的梦（上）,鬼灭之刃 刀匠村篇,656835181
撑死的来了,378.38,1,16777215,2026-04-09 23:05:12,1154635809,1上,某人的梦（上）,鬼灭之刃 刀匠村篇,656835181
无惨的综合战力未必有黑死牟高,145.173,1,16777215,2026-04-09 23:01:48,1154635809,1上,某人的梦（上）,鬼灭之刃 刀匠村篇,656835181
哈喽又见面了,9.184,1,16777215,2026-04-09 21:58:03,1154635809,1上,某人的梦（上）,鬼灭之刃 刀匠村篇,656835181
不行了，帅哥你谁？,1142.538,1,16777215,2026-04-09 21:24:45,1154635809,1上,某人的梦（上）,鬼灭之刃 刀匠村篇,656835181
原来你也被讨厌了,1037.724,1,16777215,2026-04-09 21:22:52,1154635809,1上,某人的梦（上）,鬼灭之刃 刀匠村篇,656835181
6啊,16.96,1,16777215,2026-04-09 21:17:44,1154635809,1上,某人的梦（上）,鬼灭之刃 刀匠村篇,656835181
我怎么总感觉猗窝座在脸红呢？？,168.916,1,16777215,2026-04-09 21:14:54,1154635809,1上,某人的梦（上）,鬼灭之刃 刀匠村篇,656835181
经费的味道。,136.136,1,16777215,2026-04-09 21:13:52,1154635809,1上,某人的梦（上）,鬼灭之刃 刀匠村篇,656835181
激动人心的时刻到了。（一点也不激动。）,123.296,1,16777215,2026-04-09 21:13:35,1154635809,1上,某人的梦（上）,鬼灭之刃 刀匠村篇,656835181
没有刀吧！,10.991,1,16777215,2026-04-09 21:11:54,1154635809,1上,某人的梦（上）,鬼灭之刃 刀匠村篇,656835181
有刀吗？,4.751,1,16777215,2026-04-09 21:11:43,1154635809,1上,某人的梦（上）,鬼灭之刃 刀匠村篇,656835181
脸红的泡泡,807.917,1,16777215,2026-04-09 20:34:30,1154635809,1上,某人的梦（上）,鬼灭之刃 刀匠村篇,656835181
前面一直看中配版这会有点不适应了哈哈,68.434,1,16777215,2026-04-09 20:06:31,1154635809,1上,某人的梦（上）,鬼灭之刃 刀匠村篇,656835181
魔童是上弦一还是上限二？,404.369,1,16777215,2026-04-09 19:46:57,1154635809,1上,某人的梦（上）,鬼灭之刃 刀匠村篇,656835181
童磨好可爱啊啊啊啊啊啊啊啊啊,977.121,5,16777215,2026-04-09 19:33:12,1154635809,1上,某人的梦（上）,鬼灭之刃 刀匠村篇,656835181
波纹？,78.167,1,16777215,2026-04-09 19:24:09,1154635809,1上,某人的梦（上）,鬼灭之刃 刀匠村篇,656835181
上面那个白色你学过化学吗？不是不能超试管1/3吗个,509.956,5,16777215,2026-04-09 19:15:11,1154635809,1上,某人的梦（上）,鬼灭之刃 刀匠村篇,656835181
出现了，柠檬精,942.085,1,16777215,2026-04-09 18:54:21,1154635809,1上,某人的梦（上）,鬼灭之刃 刀匠村篇,656835181
弹幕很执着给炭治郎找爹,856.415,1,16777215,2026-04-09 14:31:50,1154635809,1上,某人的梦（上）,鬼灭之刃 刀匠村篇,656835181
童磨死了 忍就可以活了,215.598,1,16777215,2026-04-09 14:16:05,1154635809,1上,某人的梦（上）,鬼灭之刃 刀匠村篇,656835181
笑死我了，难怪讨厌二哥这么烦,614.158,1,16777215,2026-04-09 13:32:30,1154635809,1上,某人的梦（上）,鬼灭之刃 刀匠村篇,656835181
阿卡桑,930.732,1,16777215,2026-04-09 13:19:41,1154635809,1上,某人的梦（上）,鬼灭之刃 刀匠村篇,656835181
Hello，hello又见面了,2.155,1,16777215,2026-04-09 13:19:39,1154635809,1上,某人的梦（上）,鬼灭之刃 刀匠村篇,656835181
阿玛特拉斯,734.784,1,16777215,2026-04-09 13:16:14,1154635809,1上,某人的梦（上）,鬼灭之刃 刀匠村篇,656835181
窝窝头,159.681,1,16777215,2026-04-09 13:06:36,1154635809,1上,某人的梦（上）,鬼灭之刃 刀匠村篇,656835181
妈呀，你们至于吗？这这这这都,25.96,1,16777215,2026-04-09 13:06:20,1154635809,1上,某人的梦（上）,鬼灭之刃 刀匠村篇,656835181
终于不用当寄生虫了吗？,26.881,1,16777215,2026-04-09 13:03:06,1154635809,1上,某人的梦（上）,鬼灭之刃 刀匠村篇,656835181
爱了,396.333,1,16777215,2026-04-09 12:11:36,1154635809,1上,某人的梦（上）,鬼灭之刃 刀匠村篇,656835181
猪猪视角,1202.043,1,16777215,2026-04-09 12:04:06,1154635809,1上,某人的梦（上）,鬼灭之刃 刀匠村篇,656835181
随便出三个柱不是乱杀上弦？非要一个个送,69.135,1,16777215,2026-04-09 09:33:09,1154635809,1上,某人的梦（上）,鬼灭之刃 刀匠村篇,656835181
最怂的语气说最膈应的话,333.824,5,15138834,2026-04-09 04:07:27,1154635809,1上,某人的梦（上）,鬼灭之刃 刀匠村篇,656835181
这么高级开会还用自动电梯,239.814,1,16777215,2026-04-09 01:45:17,1154635809,1上,某人的梦（上）,鬼灭之刃 刀匠村篇,656835181
怎么这么可爱,1031.343,1,16777215,2026-04-08 23:29:43,1154635809,1上,某人的梦（上）,鬼灭之刃 刀匠村篇,656835181
好可爱的小表情,1029.545,1,16777215,2026-04-08 22:42:21,1154635809,1上,某人的梦（上）,鬼灭之刃 刀匠村篇,656835181
义勇:原来你也被讨厌了吗？,1022.808,1,16777215,2026-04-08 22:40:16,1154635809,1上,某人的梦（上）,鬼灭之刃 刀匠村篇,656835181
上弦有自己的义勇,1021.383,1,16777215,2026-04-08 22:39:12,1154635809,1上,某人的梦（上）,鬼灭之刃 刀匠村篇,656835181
有种装无辜的样子,991.981,1,16777215,2026-04-08 22:38:33,1154635809,1上,某人的梦（上）,鬼灭之刃 刀匠村篇,656835181
三哥吃的人比较少,909.443,1,16777215,2026-04-08 22:35:30,1154635809,1上,某人的梦（上）,鬼灭之刃 刀匠村篇,656835181
法师和战士有什么可比性吗？,900.261,1,16777215,2026-04-08 22:35:11,1154635809,1上,某人的梦（上）,鬼灭之刃 刀匠村篇,656835181
就这样嘲讽吧嗯，对,891.651,1,16777215,2026-04-08 22:34:56,1154635809,1上,某人的梦（上）,鬼灭之刃 刀匠村篇,656835181
洗脑袋当中,825.785,1,16777215,2026-04-08 22:34:22,1154635809,1上,某人的梦（上）,鬼灭之刃 刀匠村篇,656835181
几百年了，都没想到蓝色彼岸花在白天吗？,629.222,1,16777215,2026-04-08 22:32:04,1154635809,1上,某人的梦（上）,鬼灭之刃 刀匠村篇,656835181
三哥的指甲没断吗？,619.278,1,16777215,2026-04-08 22:31:49,1154635809,1上,某人的梦（上）,鬼灭之刃 刀匠村篇,656835181
就你食物中毒了，还说,607.732,1,16777215,2026-04-08 22:31:30,1154635809,1上,某人的梦（上）,鬼灭之刃 刀匠村篇,656835181
 他在试图自由落体,214.109,1,16777215,2026-04-08 22:29:45,1154635809,1上,某人的梦（上）,鬼灭之刃 刀匠村篇,656835181
感觉三哥有点匪夷所思,452.248,1,16777215,2026-04-08 22:28:56,1154635809,1上,某人的梦（上）,鬼灭之刃 刀匠村篇,656835181
给童魔洗下巴了,439.468,1,16777215,2026-04-08 22:28:09,1154635809,1上,某人的梦（上）,鬼灭之刃 刀匠村篇,656835181
阿卡萨,143.804,1,16777215,2026-04-08 22:28:08,1154635809,1上,某人的梦（上）,鬼灭之刃 刀匠村篇,656835181
童磨一天天就挑衅三哥,388.762,1,16777215,2026-04-08 22:27:29,1154635809,1上,某人的梦（上）,鬼灭之刃 刀匠村篇,656835181
三哥白高兴一场哈,376.703,1,16777215,2026-04-08 22:27:05,1154635809,1上,某人的梦（上）,鬼灭之刃 刀匠村篇,656835181
三哥悬着的心终于还是死了,375.46,1,16777215,2026-04-08 22:26:56,1154635809,1上,某人的梦（上）,鬼灭之刃 刀匠村篇,656835181
三哥最希望的应该就是童磨被杀了,274.543,1,16777215,2026-04-08 22:24:53,1154635809,1上,某人的梦（上）,鬼灭之刃 刀匠村篇,656835181
知道为什么三哥讨厌童磨吗,933.506,1,16777215,2026-04-08 21:25:31,1154635809,1上,某人的梦（上）,鬼灭之刃 刀匠村篇,656835181
鬼中义勇是吧,1015.937,1,16777215,2026-04-08 21:03:01,1154635809,1上,某人的梦（上）,鬼灭之刃 刀匠村篇,656835181
实验该有的条件一个没有哈哈哈哈哈,517.82,1,16777215,2026-04-08 20:26:24,1154635809,1上,某人的梦（上）,鬼灭之刃 刀匠村篇,656835181
精准踩雷,410.24,1,16777215,2026-04-08 20:24:21,1154635809,1上,某人的梦（上）,鬼灭之刃 刀匠村篇,656835181
你这壶是不是烧坏了 怎么不对称,285.98,1,16777215,2026-04-08 20:21:56,1154635809,1上,某人的梦（上）,鬼灭之刃 刀匠村篇,656835181
炭香99 ！！！,1230.252,5,16777215,2026-04-08 20:12:44,1154635809,1上,某人的梦（上）,鬼灭之刃 刀匠村篇,656835181
你好,46.0,1,8700107,2026-04-08 19:52:57,1154635809,1上,某人的梦（上）,鬼灭之刃 刀匠村篇,656835181
那你永远也找不到,720.086,1,6830715,2026-04-08 19:49:30,1154635809,1上,某人的梦（上）,鬼灭之刃 刀匠村篇,656835181
教主,394.764,1,6830715,2026-04-08 19:43:59,1154635809,1上,某人的梦（上）,鬼灭之刃 刀匠村篇,656835181
无惨好帅,693.083,1,16777215,2026-04-08 19:32:12,1154635809,1上,某人的梦（上）,鬼灭之刃 刀匠村篇,656835181
磨磨头好萌,879.646,1,16777215,2026-04-08 19:23:08,1154635809,1上,某人的梦（上）,鬼灭之刃 刀匠村篇,656835181
合作关系公式书写了,870.51,1,16777215,2026-04-08 19:16:48,1154635809,1上,某人的梦（上）,鬼灭之刃 刀匠村篇,656835181
严胜！,470.149,1,16777215,2026-04-08 19:14:09,1154635809,1上,某人的梦（上）,鬼灭之刃 刀匠村篇,656835181
半天天,351.76,1,16777215,2026-04-08 19:08:45,1154635809,1上,某人的梦（上）,鬼灭之刃 刀匠村篇,656835181
尿壸,338.21,1,16777215,2026-04-08 19:08:23,1154635809,1上,某人的梦（上）,鬼灭之刃 刀匠村篇,656835181
Hello华丽的又见面了,16.972,1,16777215,2026-04-08 19:05:56,1154635809,1上,某人的梦（上）,鬼灭之刃 刀匠村篇,656835181
居然还坐电梯,254.554,1,16777215,2026-04-08 18:49:37,1154635809,1上,某人的梦（上）,鬼灭之刃 刀匠村篇,656835181
童磨和太宰治是同一个CV,535.289,1,16777215,2026-04-08 18:41:52,1154635809,1上,某人的梦（上）,鬼灭之刃 刀匠村篇,656835181
童磨和太宰治是同一个CV,531.247,1,16777215,2026-04-08 18:41:36,1154635809,1上,某人的梦（上）,鬼灭之刃 刀匠村篇,656835181
我手机拿反了？,783.42,1,16777215,2026-04-08 18:28:03,1154635809,1上,某人的梦（上）,鬼灭之刃 刀匠村篇,656835181
试管乱套理科生,508.959,1,16777215,2026-04-08 18:23:22,1154635809,1上,某人的梦（上）,鬼灭之刃 刀匠村篇,656835181
阿玛特拉斯,741.756,1,16777215,2026-04-08 18:13:30,1154635809,1上,某人的梦（上）,鬼灭之刃 刀匠村篇,656835181
磨磨头好可爱,882.756,1,16777215,2026-04-08 17:30:43,1154635809,1上,某人的梦（上）,鬼灭之刃 刀匠村篇,656835181
魔丸降世,965.919,1,16777215,2026-04-08 17:08:27,1154635809,1上,某人的梦（上）,鬼灭之刃 刀匠村篇,656835181
黑死眸：又要解决小孩子打闹问题,848.66,1,16777215,2026-04-08 17:05:48,1154635809,1上,某人的梦（上）,鬼灭之刃 刀匠村篇,656835181
阿妈特拉斯,736.42,1,16777215,2026-04-08 17:03:22,1154635809,1上,某人的梦（上）,鬼灭之刃 刀匠村篇,656835181
午餐大入你好美,708.62,1,16777215,2026-04-08 17:02:43,1154635809,1上,某人的梦（上）,鬼灭之刃 刀匠村篇,656835181
炭香99,1234.604,1,16777215,2026-04-08 17:00:21,1154635809,1上,某人的梦（上）,鬼灭之刃 刀匠村篇,656835181
有意思，怪不得经常说他和魇梦有一拼,538.94,1,16777215,2026-04-08 16:59:36,1154635809,1上,某人的梦（上）,鬼灭之刃 刀匠村篇,656835181
黑死咪,471.26,1,16777215,2026-04-08 16:57:29,1154635809,1上,某人的梦（上）,鬼灭之刃 刀匠村篇,656835181
教主大人！！！！！,378.02,1,16777215,2026-04-08 16:55:19,1154635809,1上,某人的梦（上）,鬼灭之刃 刀匠村篇,656835181
唉，不对，不对,1079.601,1,16777215,2026-04-08 15:53:24,1154635809,1上,某人的梦（上）,鬼灭之刃 刀匠村篇,656835181
来啦,12.567,1,16777215,2026-04-08 14:18:40,1154635809,1上,某人的梦（上）,鬼灭之刃 刀匠村篇,656835181
童魔：我没有被讨厌,1015.776,1,16777215,2026-04-08 12:26:03,1154635809,1上,某人的梦（上）,鬼灭之刃 刀匠村篇,656835181
出现了，本剧隐藏天才炭吉,1080.997,1,16777215,2026-04-08 03:41:36,1154635809,1上,某人的梦（上）,鬼灭之刃 刀匠村篇,656835181
恐怖又可爱，萌,950.042,1,16777215,2026-04-08 03:37:27,1154635809,1上,某人的梦（上）,鬼灭之刃 刀匠村篇,656835181
这话阴阳谁呢好难猜啊，对吧？,924.028,1,16777215,2026-04-08 03:36:04,1154635809,1上,某人的梦（上）,鬼灭之刃 刀匠村篇,656835181
还真是,607.699,1,16777215,2026-04-08 03:27:54,1154635809,1上,某人的梦（上）,鬼灭之刃 刀匠村篇,656835181
这个光感做的好好，有电影的写实感,553.341,1,6830715,2026-04-08 03:25:25,1154635809,1上,某人的梦（上）,鬼灭之刃 刀匠村篇,656835181
妈妈妈妈妈妈!,467.234,1,6830715,2026-04-08 03:23:02,1154635809,1上,某人的梦（上）,鬼灭之刃 刀匠村篇,656835181
谁的眼睛会说话?壶的眼睛会说话!,326.844,1,16777215,2026-04-08 03:19:57,1154635809,1上,某人的梦（上）,鬼灭之刃 刀匠村篇,656835181
开始炫技,203.992,1,16777215,2026-04-08 03:16:58,1154635809,1上,某人的梦（上）,鬼灭之刃 刀匠村篇,656835181
闭眼祈祷童磨中,168.572,5,16777215,2026-04-08 03:15:49,1154635809,1上,某人的梦（上）,鬼灭之刃 刀匠村篇,656835181
死水,103.735,1,14811775,2026-04-08 00:08:03,1154635809,1上,某人的梦（上）,鬼灭之刃 刀匠村篇,656835181
全菌出击,552.368,1,16777215,2026-04-07 23:28:30,1154635809,1上,某人的梦（上）,鬼灭之刃 刀匠村篇,656835181
战力天花板,1059.375,1,16777215,2026-04-07 21:30:46,1154635809,1上,某人的梦（上）,鬼灭之刃 刀匠村篇,656835181
大馋小子,1042.739,1,16777215,2026-04-07 21:29:59,1154635809,1上,某人的梦（上）,鬼灭之刃 刀匠村篇,656835181
全菌出击,489.357,1,16777215,2026-04-07 21:20:35,1154635809,1上,某人的梦（上）,鬼灭之刃 刀匠村篇,656835181
耳机党好评,228.024,5,41194,2026-04-07 21:17:44,1154635809,1上,某人的梦（上）,鬼灭之刃 刀匠村篇,656835181
好俄新！,320.85,1,14811775,2026-04-07 21:11:54,1154635809,1上,某人的梦（上）,鬼灭之刃 刀匠村篇,656835181
篮球登场,162.69,1,16777215,2026-04-07 20:47:26,1154635809,1上,某人的梦（上）,鬼灭之刃 刀匠村篇,656835181
把这五个也清理了吧,656.402,1,16777215,2026-04-07 20:41:32,1154635809,1上,某人的梦（上）,鬼灭之刃 刀匠村篇,656835181
大家好,19.175,5,16777215,2026-04-07 20:32:29,1154635809,1上,某人的梦（上）,鬼灭之刃 刀匠村篇,656835181
刚才绝个大定有屁用。,916.2,1,16777215,2026-04-07 20:27:45,1154635809,1上,某人的梦（上）,鬼灭之刃 刀匠村篇,656835181
不是你怎么还脸红了呢？,800.24,1,16777215,2026-04-07 20:25:26,1154635809,1上,某人的梦（上）,鬼灭之刃 刀匠村篇,656835181
童魔太病娇,407.14,1,16777215,2026-04-07 20:18:38,1154635809,1上,某人的梦（上）,鬼灭之刃 刀匠村篇,656835181
话说回来，三哥怎么把大哥给杀了？,166.32,1,16777215,2026-04-07 20:13:34,1154635809,1上,某人的梦（上）,鬼灭之刃 刀匠村篇,656835181
你杀大哥，那你完蛋的。,155.96,1,16777215,2026-04-07 20:13:16,1154635809,1上,某人的梦（上）,鬼灭之刃 刀匠村篇,656835181
尿壶别说话了,683.933,1,16777215,2026-04-07 19:48:50,1154635809,1上,某人的梦（上）,鬼灭之刃 刀匠村篇,656835181
无惨，还是个科学家,514.933,1,16777215,2026-04-07 19:45:26,1154635809,1上,某人的梦（上）,鬼灭之刃 刀匠村篇,656835181
哥们儿，你长的挺别致啊,349.493,1,16777215,2026-04-07 19:42:07,1154635809,1上,某人的梦（上）,鬼灭之刃 刀匠村篇,656835181
教主大人啊啊啊啊啊啊,372.895,1,16777215,2026-04-07 19:24:14,1154635809,1上,某人的梦（上）,鬼灭之刃 刀匠村篇,656835181
好帅！！！！,400.409,1,14811775,2026-04-07 18:05:45,1154635809,1上,某人的梦（上）,鬼灭之刃 刀匠村篇,656835181
教主！！！,388.018,1,14811775,2026-04-07 18:05:17,1154635809,1上,某人的梦（上）,鬼灭之刃 刀匠村篇,656835181
教主大人！！！！！！！！！！！！！！！！！！！！！！！！！！！！！！！！！！！！！！！！！！！！！！！！！！！！！！！！！！！！！！！！,374.606,1,14811775,2026-04-07 18:04:50,1154635809,1上,某人的梦（上）,鬼灭之刃 刀匠村篇,656835181
CS来了,307.608,1,16777215,2026-04-07 18:03:18,1154635809,1上,某人的梦（上）,鬼灭之刃 刀匠村篇,656835181
太师了～（抽象）,1132.462,1,15138834,2026-04-07 17:55:33,1154635809,1上,某人的梦（上）,鬼灭之刃 刀匠村篇,656835181
无敌是多么寂寞～,1067.092,1,15138834,2026-04-07 17:53:58,1154635809,1上,某人的梦（上）,鬼灭之刃 刀匠村篇,656835181
蓝色彼岸花只在白天开放꒰^ↀωↀ^꒱,624.876,1,16777215,2026-04-07 17:24:55,1154635809,1上,某人的梦（上）,鬼灭之刃 刀匠村篇,656835181
三哥异样的表情,452.976,1,16777215,2026-04-07 17:21:34,1154635809,1上,某人的梦（上）,鬼灭之刃 刀匠村篇,656835181
魔童的眼睛也是非常的好看啊,395.016,1,16777215,2026-04-07 17:20:26,1154635809,1上,某人的梦（上）,鬼灭之刃 刀匠村篇,656835181
表情包出处,874.933,1,16777215,2026-04-07 17:17:27,1154635809,1上,某人的梦（上）,鬼灭之刃 刀匠村篇,656835181
刚吃完刀子来,31.42,1,16777215,2026-04-07 17:14:56,1154635809,1上,某人的梦（上）,鬼灭之刃 刀匠村篇,656835181
依旧嬉皮笑脸,523.822,1,16777215,2026-04-07 16:12:18,1154635809,1上,某人的梦（上）,鬼灭之刃 刀匠村篇,656835181
上弦三：蹲踞式起跑ing,659.521,1,16777215,2026-04-07 15:02:05,1154635809,1上,某人的梦（上）,鬼灭之刃 刀匠村篇,656835181
脸红你泡泡茶壶啊,591.434,5,16777215,2026-04-07 13:30:10,1154635809,1上,某人的梦（上）,鬼灭之刃 刀匠村篇,656835181
他在脸红什么？,587.354,5,16777215,2026-04-07 13:29:58,1154635809,1上,某人的梦（上）,鬼灭之刃 刀匠村篇,656835181
教主好萌,522.47,5,16777215,2026-04-07 13:28:11,1154635809,1上,某人的梦（上）,鬼灭之刃 刀匠村篇,656835181
黑死牟来了,470.17,5,16777215,2026-04-07 13:27:14,1154635809,1上,某人的梦（上）,鬼灭之刃 刀匠村篇,656835181
真没人觉得这个手很可爱吗,682.422,1,16777215,2026-04-07 13:25:19,1154635809,1上,某人的梦（上）,鬼灭之刃 刀匠村篇,656835181
华丽哥：这个鬼也太不华丽了,329.43,5,16777215,2026-04-07 13:23:20,1154635809,1上,某人的梦（上）,鬼灭之刃 刀匠村篇,656835181
华丽哥：这个鬼也太不华丽了,300.77,1,16777215,2026-04-07 13:21:58,1154635809,1上,某人的梦（上）,鬼灭之刃 刀匠村篇,656835181
华丽的音乐,276.15,1,16777215,2026-04-07 13:21:01,1154635809,1上,某人的梦（上）,鬼灭之刃 刀匠村篇,656835181
666无限城还有电梯,238.77,1,16777215,2026-04-07 13:20:12,1154635809,1上,某人的梦（上）,鬼灭之刃 刀匠村篇,656835181
三哥怎么跳楼了？,199.75,1,16777215,2026-04-07 13:19:27,1154635809,1上,某人的梦（上）,鬼灭之刃 刀匠村篇,656835181
三哥怎么站在天花板上？,167.97,1,16777215,2026-04-07 13:18:41,1154635809,1上,某人的梦（上）,鬼灭之刃 刀匠村篇,656835181
三哥：别叫了，我耳朵要聋了,147.053,1,16777215,2026-04-07 13:17:29,1154635809,1上,某人的梦（上）,鬼灭之刃 刀匠村篇,656835181
三哥,145.773,1,16777215,2026-04-07 13:17:16,1154635809,1上,某人的梦（上）,鬼灭之刃 刀匠村篇,656835181
那203个人出来,130.193,1,16777215,2026-04-07 13:16:55,1154635809,1上,某人的梦（上）,鬼灭之刃 刀匠村篇,656835181
4k高清真好看,122.481,1,16777215,2026-04-07 13:15:15,1154635809,1上,某人的梦（上）,鬼灭之刃 刀匠村篇,656835181
真是太可爱了,310.386,1,16707842,2026-04-07 13:11:36,1154635809,1上,某人的梦（上）,鬼灭之刃 刀匠村篇,656835181
おおぁあ,293.402,1,16777215,2026-04-07 12:06:43,1154635809,1上,某人的梦（上）,鬼灭之刃 刀匠村篇,656835181
他就是继国缘一的哥哥,864.877,1,16777215,2026-04-07 09:11:57,1154635809,1上,某人的梦（上）,鬼灭之刃 刀匠村篇,656835181
太华丽了吧,44.907,1,16777215,2026-04-07 07:17:32,1154635809,1上,某人的梦（上）,鬼灭之刃 刀匠村篇,656835181
吓我一跳,826.514,1,16777215,2026-04-06 23:34:23,1154635809,1上,某人的梦（上）,鬼灭之刃 刀匠村篇,656835181
帅我一跳,1134.779,1,16777215,2026-04-06 22:13:26,1154635809,1上,某人的梦（上）,鬼灭之刃 刀匠村篇,656835181
就因为这样你才会被大家讨厌哦,1026.309,1,16777215,2026-04-06 22:12:01,1154635809,1上,某人的梦（上）,鬼灭之刃 刀匠村篇,656835181
萌晕了,881.253,1,16777215,2026-04-06 22:11:45,1154635809,1上,某人的梦（上）,鬼灭之刃 刀匠村篇,656835181
其实去了那两对眼睛也老帅了,940.683,1,16777215,2026-04-06 22:10:44,1154635809,1上,某人的梦（上）,鬼灭之刃 刀匠村篇,656835181
好帅！,472.338,1,15138834,2026-04-06 22:08:12,1154635809,1上,某人的梦（上）,鬼灭之刃 刀匠村篇,656835181
？咋丑成这样,320.909,1,16777215,2026-04-06 22:06:18,1154635809,1上,某人的梦（上）,鬼灭之刃 刀匠村篇,656835181
我另一个耳机丢了（泪目）,234.88,1,16777215,2026-04-06 22:03:05,1154635809,1上,某人的梦（上）,鬼灭之刃 刀匠村篇,656835181
这鬼怎么长得这么像继国缘一,845.967,1,16777215,2026-04-06 21:33:52,1154635809,1上,某人的梦（上）,鬼灭之刃 刀匠村篇,656835181
义勇：终于找到同类了,1010.707,1,16777215,2026-04-06 20:58:44,1154635809,1上,某人的梦（上）,鬼灭之刃 刀匠村篇,656835181
教主大人！！！,388.387,1,16777215,2026-04-06 20:55:21,1154635809,1上,某人的梦（上）,鬼灭之刃 刀匠村篇,656835181
教主大人！！！,378.387,1,16777215,2026-04-06 20:55:11,1154635809,1上,某人的梦（上）,鬼灭之刃 刀匠村篇,656835181
恶鬼退散,0.254,1,16777215,2026-04-06 20:48:21,1154635809,1上,某人的梦（上）,鬼灭之刃 刀匠村篇,656835181
尿壶,291.563,1,16777215,2026-04-06 20:45:21,1154635809,1上,某人的梦（上）,鬼灭之刃 刀匠村篇,656835181
又见面了,6.207,1,16777215,2026-04-06 20:43:18,1154635809,1上,某人的梦（上）,鬼灭之刃 刀匠村篇,656835181
三哥的眼神里全是嫌弃,451.51,1,16777215,2026-04-06 20:41:13,1154635809,1上,某人的梦（上）,鬼灭之刃 刀匠村篇,656835181
哈喽S,25.153,1,16777215,2026-04-06 20:40:49,1154635809,1上,某人的梦（上）,鬼灭之刃 刀匠村篇,656835181
嘿hello小宝剑们又遇见了,16.236,1,16777215,2026-04-06 20:38:10,1154635809,1上,某人的梦（上）,鬼灭之刃 刀匠村篇,656835181
漪窝座不杀女人，所以童磨这里说女人的头是故意怒啊卡砸,408.985,1,16777215,2026-04-06 20:30:24,1154635809,1上,某人的梦（上）,鬼灭之刃 刀匠村篇,656835181
夜壶,286.594,1,16777215,2026-04-06 20:25:28,1154635809,1上,某人的梦（上）,鬼灭之刃 刀匠村篇,656835181
 好帅,246.42,1,16777215,2026-04-06 20:17:49,1154635809,1上,某人的梦（上）,鬼灭之刃 刀匠村篇,656835181
你一个三都没死，你只要一个一会出事吗？,365.761,1,16777215,2026-04-06 20:06:37,1154635809,1上,某人的梦（上）,鬼灭之刃 刀匠村篇,656835181
世界上哪来的蓝色皮？ ,618.876,1,16777215,2026-04-06 20:06:01,1154635809,1上,某人的梦（上）,鬼灭之刃 刀匠村篇,656835181
魔童之笑容好诡异,402.616,1,16777215,2026-04-06 20:01:01,1154635809,1上,某人的梦（上）,鬼灭之刃 刀匠村篇,656835181
富公哦还坐哦电梯,260.716,1,16777215,2026-04-06 19:58:29,1154635809,1上,某人的梦（上）,鬼灭之刃 刀匠村篇,656835181
缘一,1073.352,1,16777215,2026-04-06 19:56:19,1154635809,1上,某人的梦（上）,鬼灭之刃 刀匠村篇,656835181
你脸红个泡泡茶壶,811.263,1,16777215,2026-04-06 19:38:36,1154635809,1上,某人的梦（上）,鬼灭之刃 刀匠村篇,656835181
满屏弹幕,727.929,1,16777215,2026-04-06 19:26:39,1154635809,1上,某人的梦（上）,鬼灭之刃 刀匠村篇,656835181
童魔为什么不刷牙？因为三哥就会直接帮他换掉 ,441.597,1,16777215,2026-04-06 19:18:22,1154635809,1上,某人的梦（上）,鬼灭之刃 刀匠村篇,656835181
？眼花了看成炭治郎了,1076.114,1,16777215,2026-04-06 19:04:56,1154635809,1上,某人的梦（上）,鬼灭之刃 刀匠村篇,656835181
知道你还派他们去?,547.424,1,16777215,2026-04-06 18:55:00,1154635809,1上,某人的梦（上）,鬼灭之刃 刀匠村篇,656835181
4 =死,355.388,1,16777215,2026-04-06 18:50:37,1154635809,1上,某人的梦（上）,鬼灭之刃 刀匠村篇,656835181
我去500多个人？作业写完了吗,80.38,1,16777215,2026-04-06 18:47:17,1154635809,1上,某人的梦（上）,鬼灭之刃 刀匠村篇,656835181
问一下各位观众这集有透吗,132.519,1,16777215,2026-04-06 18:28:18,1154635809,1上,某人的梦（上）,鬼灭之刃 刀匠村篇,656835181
语 言 的 艺 术,904.529,5,15138834,2026-04-06 18:25:06,1154635809,1上,某人的梦（上）,鬼灭之刃 刀匠村篇,656835181
有没有可能蓝色彼岸花只在白天开放,631.681,1,16777215,2026-04-06 18:13:14,1154635809,1上,某人的梦（上）,鬼灭之刃 刀匠村篇,656835181
啊啊啊啊好萌好萌好萌！！,876.68,1,16777215,2026-04-06 18:08:36,1154635809,1上,某人的梦（上）,鬼灭之刃 刀匠村篇,656835181
“我对你的期望很高”,551.184,1,16777215,2026-04-06 17:59:04,1154635809,1上,某人的梦（上）,鬼灭之刃 刀匠村篇,656835181
人中义勇 鬼中童磨,535.439,5,15138834,2026-04-06 17:56:52,1154635809,1上,某人的梦（上）,鬼灭之刃 刀匠村篇,656835181
不是这给肝无限城了。,123.016,1,15138834,2026-04-06 17:55:58,1154635809,1上,某人的梦（上）,鬼灭之刃 刀匠村篇,656835181
别发了别发了，谁能看得懂这是啥呀？你们发这么多屏幕都被占满了。我这里都被你们发的网卡都。,85.736,1,15138834,2026-04-06 17:55:11,1154635809,1上,某人的梦（上）,鬼灭之刃 刀匠村篇,656835181
别发了，别发了，别发了满屏都是你们说的话。,79.076,1,14811775,2026-04-06 17:54:33,1154635809,1上,某人的梦（上）,鬼灭之刃 刀匠村篇,656835181
超级喜欢迷豆子和碳之王温柔俩孩子。,70.656,1,14811775,2026-04-06 17:54:15,1154635809,1上,某人的梦（上）,鬼灭之刃 刀匠村篇,656835181
不是这人几个意思？,951.939,1,16777215,2026-04-06 17:47:15,1154635809,1上,某人的梦（上）,鬼灭之刃 刀匠村篇,656835181
大家闺秀,472.108,1,16777215,2026-04-06 17:46:12,1154635809,1上,某人的梦（上）,鬼灭之刃 刀匠村篇,656835181
好大的压迫感,853.327,1,16777215,2026-04-06 17:45:22,1154635809,1上,某人的梦（上）,鬼灭之刃 刀匠村篇,656835181
我嘞个逗啊，反向的,781.412,1,16777215,2026-04-06 17:44:05,1154635809,1上,某人的梦（上）,鬼灭之刃 刀匠村篇,656835181
三哥:快告诉我是童磨死了,170.396,1,16777215,2026-04-06 17:43:49,1154635809,1上,某人的梦（上）,鬼灭之刃 刀匠村篇,656835181
妈妈,936.014,1,6830715,2026-04-06 17:43:23,1154635809,1上,某人的梦（上）,鬼灭之刃 刀匠村篇,656835181
经费之城,126.218,1,16777215,2026-04-06 17:42:40,1154635809,1上,某人的梦（上）,鬼灭之刃 刀匠村篇,656835181
     太好了太好了，这季不会死人,16.293,1,16777215,2026-04-06 17:42:38,1154635809,1上,某人的梦（上）,鬼灭之刃 刀匠村篇,656835181
双男？,381.66,1,16777215,2026-04-06 17:38:23,1154635809,1上,某人的梦（上）,鬼灭之刃 刀匠村篇,656835181
为什么在炭治郎的视角下他是父亲？还是说我记岔了,1097.688,1,16777215,2026-04-06 17:12:27,1154635809,1上,某人的梦（上）,鬼灭之刃 刀匠村篇,656835181
感觉童魔有点小帅,1005.372,1,15138834,2026-04-06 17:08:10,1154635809,1上,某人的梦（上）,鬼灭之刃 刀匠村篇,656835181
那迷人的老祖宗,1145.533,5,16777215,2026-04-06 17:02:14,1154635809,1上,某人的梦（上）,鬼灭之刃 刀匠村篇,656835181
上弦开会笑嘻嘻  下弦开会哭唧唧,579.902,1,15138834,2026-04-06 17:02:05,1154635809,1上,某人的梦（上）,鬼灭之刃 刀匠村篇,656835181
妈妈,937.486,5,16777215,2026-04-06 16:58:14,1154635809,1上,某人的梦（上）,鬼灭之刃 刀匠村篇,656835181
准备开会,263.581,1,16777215,2026-04-06 16:56:11,1154635809,1上,某人的梦（上）,鬼灭之刃 刀匠村篇,656835181
这是看见伊之助了吧哈哈哈,1199.035,1,16777215,2026-04-06 16:50:45,1154635809,1上,某人的梦（上）,鬼灭之刃 刀匠村篇,656835181
好可爱,673.252,1,16777215,2026-04-06 16:49:27,1154635809,1上,某人的梦（上）,鬼灭之刃 刀匠村篇,656835181
好可怜哈哈哈,1032.44,1,16777215,2026-04-06 16:48:04,1154635809,1上,某人的梦（上）,鬼灭之刃 刀匠村篇,656835181
三儿这个美人嗔怒,324.25,5,16777215,2026-04-06 16:46:33,1154635809,1上,某人的梦（上）,鬼灭之刃 刀匠村篇,656835181
啊啊啊 三哥好帅啊！,951.053,1,16777215,2026-04-06 16:46:24,1154635809,1上,某人的梦（上）,鬼灭之刃 刀匠村篇,656835181
他没有叫堕姬qwq,515.612,1,16777215,2026-04-06 16:46:15,1154635809,1上,某人的梦（上）,鬼灭之刃 刀匠村篇,656835181
阿妈忒拉斯,736.17,1,16777215,2026-04-06 16:43:10,1154635809,1上,某人的梦（上）,鬼灭之刃 刀匠村篇,656835181
教主！,394.072,1,16777215,2026-04-06 16:43:08,1154635809,1上,某人的梦（上）,鬼灭之刃 刀匠村篇,656835181
三哥：一定是童磨，一定是,190.752,1,16777215,2026-04-06 16:39:18,1154635809,1上,某人的梦（上）,鬼灭之刃 刀匠村篇,656835181
经费爆炸,136.292,1,16777215,2026-04-06 16:37:28,1154635809,1上,某人的梦（上）,鬼灭之刃 刀匠村篇,656835181
好帅！,144.689,1,16777215,2026-04-06 16:33:52,1154635809,1上,某人的梦（上）,鬼灭之刃 刀匠村篇,656835181
桥……豆麻得，头有点晕,242.29,1,16777215,2026-04-06 16:20:47,1154635809,1上,某人的梦（上）,鬼灭之刃 刀匠村篇,656835181
尿壶,300.954,1,16777215,2026-04-06 16:07:45,1154635809,1上,某人的梦（上）,鬼灭之刃 刀匠村篇,656835181
2026补番,173.202,5,16777215,2026-04-06 16:04:30,1154635809,1上,某人的梦（上）,鬼灭之刃 刀匠村篇,656835181
这个基因。。（和大哥家一样强悍啊。！）,1076.32,1,16777215,2026-04-06 15:58:46,1154635809,1上,某人的梦（上）,鬼灭之刃 刀匠村篇,656835181
欧耶。 ,106.74,1,16777215,2026-04-06 15:45:53,1154635809,1上,某人的梦（上）,鬼灭之刃 刀匠村篇,656835181
588人，牛掰,116.06,1,16777215,2026-04-06 15:22:21,1154635809,1上,某人的梦（上）,鬼灭之刃 刀匠村篇,656835181
月妈妈…,946.686,1,16777215,2026-04-06 15:18:36,1154635809,1上,某人的梦（上）,鬼灭之刃 刀匠村篇,656835181
他故意没躲过,428.124,1,16777215,2026-04-06 15:08:39,1154635809,1上,某人的梦（上）,鬼灭之刃 刀匠村篇,656835181
你们有炭治郎的手办吗？,750.647,1,16777215,2026-04-06 14:56:33,1154635809,1上,某人的梦（上）,鬼灭之刃 刀匠村篇,656835181
假面骑士，假面骑士，假面骑士，假面骑士，假面骑士假面骑士，假面骑士，假面骑士，假面骑士，假面骑士，假面骑士，假面骑士，假面骑士，假面骑士，假面骑士，假面骑士,1202.801,1,16777215,2026-04-06 14:54:35,1154635809,1上,某人的梦（上）,鬼灭之刃 刀匠村篇,656835181
我的刀盾。,1129.929,1,16777215,2026-04-06 14:53:22,1154635809,1上,某人的梦（上）,鬼灭之刃 刀匠村篇,656835181
帅死我了,398.795,1,16777215,2026-04-06 14:52:10,1154635809,1上,某人的梦（上）,鬼灭之刃 刀匠村篇,656835181
谁看假面骑士？,929.019,1,16777215,2026-04-06 14:49:40,1154635809,1上,某人的梦（上）,鬼灭之刃 刀匠村篇,656835181
直接O39。哎,919.235,1,16777215,2026-04-06 14:49:31,1154635809,1上,某人的梦（上）,鬼灭之刃 刀匠村篇,656835181
红个泡泡茶壶,809.992,1,16777215,2026-04-06 14:39:19,1154635809,1上,某人的梦（上）,鬼灭之刃 刀匠村篇,656835181
三哥最帅,164.917,1,16777215,2026-04-06 14:35:38,1154635809,1上,某人的梦（上）,鬼灭之刃 刀匠村篇,656835181
好心疼,1197.432,1,16777215,2026-04-06 14:27:02,1154635809,1上,某人的梦（上）,鬼灭之刃 刀匠村篇,656835181
小忍快死了,560.949,1,15138834,2026-04-06 13:57:10,1154635809,1上,某人的梦（上）,鬼灭之刃 刀匠村篇,656835181
童魔活该，杀我小忍，真的是！,437.057,1,16777215,2026-04-06 13:54:50,1154635809,1上,某人的梦（上）,鬼灭之刃 刀匠村篇,656835181
字由落体,242.948,1,16777215,2026-04-06 13:51:47,1154635809,1上,某人的梦（上）,鬼灭之刃 刀匠村篇,656835181
还我大哥啊啊啊！,227.608,1,16777215,2026-04-06 13:51:17,1154635809,1上,某人的梦（上）,鬼灭之刃 刀匠村篇,656835181
妈妈,475.145,1,16777215,2026-04-06 13:50:27,1154635809,1上,某人的梦（上）,鬼灭之刃 刀匠村篇,656835181
还我大哥,167.688,1,16777215,2026-04-06 13:49:52,1154635809,1上,某人的梦（上）,鬼灭之刃 刀匠村篇,656835181
主公,88.868,1,16777215,2026-04-06 13:48:21,1154635809,1上,某人的梦（上）,鬼灭之刃 刀匠村篇,656835181
500多个人看吗,110.198,1,16777215,2026-04-06 13:37:19,1154635809,1上,某人的梦（上）,鬼灭之刃 刀匠村篇,656835181
505人出来,119.954,1,16777215,2026-04-06 13:28:22,1154635809,1上,某人的梦（上）,鬼灭之刃 刀匠村篇,656835181
505人,116.954,1,16777215,2026-04-06 13:28:09,1154635809,1上,某人的梦（上）,鬼灭之刃 刀匠村篇,656835181
三哥！,152.636,1,16777215,2026-04-06 13:10:36,1154635809,1上,某人的梦（上）,鬼灭之刃 刀匠村篇,656835181
不是，你在脸红什么呀？,589.293,1,16777215,2026-04-06 13:03:44,1154635809,1上,某人的梦（上）,鬼灭之刃 刀匠村篇,656835181
集英社的经费永远是个谜,270.606,1,16777215,2026-04-06 12:52:42,1154635809,1上,某人的梦（上）,鬼灭之刃 刀匠村篇,656835181
三哥来了,163.241,1,16777215,2026-04-06 12:50:10,1154635809,1上,某人的梦（上）,鬼灭之刃 刀匠村篇,656835181
为什么这个没有中配,38.344,1,16777215,2026-04-06 12:37:06,1154635809,1上,某人的梦（上）,鬼灭之刃 刀匠村篇,656835181
他以为死的是你,391.302,5,16777215,2026-04-06 12:30:06,1154635809,1上,某人的梦（上）,鬼灭之刃 刀匠村篇,656835181
啊卡咂～,380.022,5,16777215,2026-04-06 12:29:49,1154635809,1上,某人的梦（上）,鬼灭之刃 刀匠村篇,656835181
尿壶出现了,302.61,1,16777215,2026-04-06 12:21:15,1154635809,1上,某人的梦（上）,鬼灭之刃 刀匠村篇,656835181
旮旯大人？！,156.62,1,16777215,2026-04-06 12:15:16,1154635809,1上,某人的梦（上）,鬼灭之刃 刀匠村篇,656835181
童魔看来还挺聪明的，会用障眼法。,678.385,5,16777215,2026-04-06 12:11:28,1154635809,1上,某人的梦（上）,鬼灭之刃 刀匠村篇,656835181
好酷,179.912,1,16777215,2026-04-06 12:09:59,1154635809,1上,某人的梦（上）,鬼灭之刃 刀匠村篇,656835181
啥也不是，连个玩意儿也不是。,602.796,5,16777215,2026-04-06 12:09:43,1154635809,1上,某人的梦（上）,鬼灭之刃 刀匠村篇,656835181
！！！,101.28,1,16777215,2026-04-06 12:05:28,1154635809,1上,某人的梦（上）,鬼灭之刃 刀匠村篇,656835181
依旧华丽,21.351,1,16777215,2026-04-06 11:44:56,1154635809,1上,某人的梦（上）,鬼灭之刃 刀匠村篇,656835181
我靠，两个会说话的眼睛,318.018,1,16777215,2026-04-06 11:27:19,1154635809,1上,某人的梦（上）,鬼灭之刃 刀匠村篇,656835181
名字里面是不是有东西啊？怎么还动？,286.218,1,16777215,2026-04-06 11:26:42,1154635809,1上,某人的梦（上）,鬼灭之刃 刀匠村篇,656835181
果然是鬼，不然这样子摔下来肯定死了,217.538,1,16777215,2026-04-06 11:25:27,1154635809,1上,某人的梦（上）,鬼灭之刃 刀匠村篇,656835181
《鬼灭之刃》打卡小分队集结！,26.002,1,16777215,2026-04-06 11:23:51,1154635809,1上,某人的梦（上）,鬼灭之刃 刀匠村篇,656835181
好多层啊,136.558,1,16777215,2026-04-06 11:23:41,1154635809,1上,某人的梦（上）,鬼灭之刃 刀匠村篇,656835181
有没有还在跟我一起看的扣个一？,110.678,1,16777215,2026-04-06 11:23:11,1154635809,1上,某人的梦（上）,鬼灭之刃 刀匠村篇,656835181
别看他长得可爱，但是他实在太牛了,46.119,1,16777215,2026-04-06 11:21:52,1154635809,1上,某人的梦（上）,鬼灭之刃 刀匠村篇,656835181
泥豆子，这力气大呀，一人顶这么多人,46.119,1,16777215,2026-04-06 11:21:39,1154635809,1上,某人的梦（上）,鬼灭之刃 刀匠村篇,656835181
实验又失败了,639.331,1,16777215,2026-04-06 11:19:18,1154635809,1上,某人的梦（上）,鬼灭之刃 刀匠村篇,656835181
这个背影无敌了,871.441,1,16777215,2026-04-06 11:07:01,1154635809,1上,某人的梦（上）,鬼灭之刃 刀匠村篇,656835181
 这是谁午餐，不害怕吗？,869.101,1,16777215,2026-04-06 11:06:38,1154635809,1上,某人的梦（上）,鬼灭之刃 刀匠村篇,656835181
这个你有我脸红是吗,803.223,1,16777215,2026-04-06 10:41:48,1154635809,1上,某人的梦（上）,鬼灭之刃 刀匠村篇,656835181
好帅啊啊啊,1143.512,1,16777215,2026-04-06 10:24:06,1154635809,1上,某人的梦（上）,鬼灭之刃 刀匠村篇,656835181
童磨好可爱,876.098,1,16777215,2026-04-06 10:19:18,1154635809,1上,某人的梦（上）,鬼灭之刃 刀匠村篇,656835181
炭香99,1238.078,1,16777215,2026-04-06 10:15:00,1154635809,1上,某人的梦（上）,鬼灭之刃 刀匠村篇,656835181
2刷,37.74,1,16777215,2026-04-06 10:06:34,1154635809,1上,某人的梦（上）,鬼灭之刃 刀匠村篇,656835181
童魔的嘴有点干啊。,442.999,1,16777215,2026-04-06 09:56:56,1154635809,1上,某人的梦（上）,鬼灭之刃 刀匠村篇,656835181
消失的下巴,432.357,1,16777215,2026-04-06 09:56:26,1154635809,1上,某人的梦（上）,鬼灭之刃 刀匠村篇,656835181
尿壶,290.604,1,16777215,2026-04-06 09:53:58,1154635809,1上,某人的梦（上）,鬼灭之刃 刀匠村篇,656835181
终于到透透了,21.82,1,16777215,2026-04-06 09:14:24,1154635809,1上,某人的梦（上）,鬼灭之刃 刀匠村篇,656835181
三哥！！,146.572,1,41194,2026-04-06 08:23:42,1154635809,1上,某人的梦（上）,鬼灭之刃 刀匠村篇,656835181
小奶虎使劲的看着你。,1209.096,1,14811775,2026-04-06 08:19:32,1154635809,1上,某人的梦（上）,鬼灭之刃 刀匠村篇,656835181
一夫太郎听到要疯了,553.927,1,14811775,2026-04-06 08:12:10,1154635809,1上,某人的梦（上）,鬼灭之刃 刀匠村篇,656835181
求把那个。紫色指甲弄掉。,532.914,1,14811775,2026-04-06 08:11:43,1154635809,1上,某人的梦（上）,鬼灭之刃 刀匠村篇,656835181
。口蘑。,388.213,1,14811775,2026-04-06 08:09:07,1154635809,1上,某人的梦（上）,鬼灭之刃 刀匠村篇,656835181
哟，这不是口蘑吗,376.764,1,14811775,2026-04-06 08:08:53,1154635809,1上,某人的梦（上）,鬼灭之刃 刀匠村篇,656835181
三哥即将登场,142.795,1,14811775,2026-04-06 08:04:23,1154635809,1上,某人的梦（上）,鬼灭之刃 刀匠村篇,656835181
三哥！,147.916,5,41194,2026-04-06 07:16:54,1154635809,1上,某人的梦（上）,鬼灭之刃 刀匠村篇,656835181
众所周知，只有太阳会发光，月亮根本不会发光，所以他们已经克服了太阳，因为太阳光是月亮，是靠太阳光照射着地面的,697.985,1,16777215,2026-04-06 07:10:56,1154635809,1上,某人的梦（上）,鬼灭之刃 刀匠村篇,656835181
老大驾到__________,568.146,1,16777215,2026-04-06 06:25:31,1154635809,1上,某人的梦（上）,鬼灭之刃 刀匠村篇,656835181
男主变异的爹,865.431,1,16777215,2026-04-06 05:56:21,1154635809,1上,某人的梦（上）,鬼灭之刃 刀匠村篇,656835181
黑死牟好帅,966.142,1,16777215,2026-04-06 01:29:07,1154635809,1上,某人的梦（上）,鬼灭之刃 刀匠村篇,656835181
蛇鸟？,316.842,1,16777215,2026-04-06 00:42:39,1154635809,1上,某人的梦（上）,鬼灭之刃 刀匠村篇,656835181
蛇鸟？,312.892,1,16777215,2026-04-06 00:42:00,1154635809,1上,某人的梦（上）,鬼灭之刃 刀匠村篇,656835181
为什么说是童磨死了啊,277.289,1,16777215,2026-04-06 00:32:39,1154635809,1上,某人的梦（上）,鬼灭之刃 刀匠村篇,656835181
三刷,30.47,1,16777215,2026-04-06 00:18:56,1154635809,1上,某人的梦（上）,鬼灭之刃 刀匠村篇,656835181
超绝比例。,138.321,1,16777215,2026-04-05 23:48:52,1154635809,1上,某人的梦（上）,鬼灭之刃 刀匠村篇,656835181
无惨，你说错了，因该是尿壶不是玉壶,772.121,1,16755202,2026-04-05 23:39:51,1154635809,1上,某人的梦（上）,鬼灭之刃 刀匠村篇,656835181
尿壶，你出来干嘛,298.417,1,16755202,2026-04-05 23:24:22,1154635809,1上,某人的梦（上）,鬼灭之刃 刀匠村篇,656835181
阿卡砸,140.632,1,16777215,2026-04-05 23:19:45,1154635809,1上,某人的梦（上）,鬼灭之刃 刀匠村篇,656835181
梦到自己太爷了。,1059.904,1,16777215,2026-04-05 23:04:52,1154635809,1上,某人的梦（上）,鬼灭之刃 刀匠村篇,656835181
在雷区中不断跳舞。,898.305,1,16777215,2026-04-05 23:01:35,1154635809,1上,某人的梦（上）,鬼灭之刃 刀匠村篇,656835181
蛋仔。,799.145,1,16777215,2026-04-05 22:59:37,1154635809,1上,某人的梦（上）,鬼灭之刃 刀匠村篇,656835181
卡哇伊,1060.23,1,16777215,2026-04-05 22:16:58,1154635809,1上,某人的梦（上）,鬼灭之刃 刀匠村篇,656835181
两天，从第一部看到这啦,25.52,1,16777215,2026-04-05 22:04:47,1154635809,1上,某人的梦（上）,鬼灭之刃 刀匠村篇,656835181
刚才那是香奈乎吗？,1147.882,1,16777215,2026-04-05 21:46:20,1154635809,1上,某人的梦（上）,鬼灭之刃 刀匠村篇,656835181
717个人出来,889.446,1,16777215,2026-04-05 21:46:00,1154635809,1上,某人的梦（上）,鬼灭之刃 刀匠村篇,656835181
刚才炭治郎为什么有长头发？,1111.379,1,16777215,2026-04-05 21:45:39,1154635809,1上,某人的梦（上）,鬼灭之刃 刀匠村篇,656835181
我突然发现看炭治郎就会很舒服,1074.562,1,16777215,2026-04-05 21:44:52,1154635809,1上,某人的梦（上）,鬼灭之刃 刀匠村篇,656835181
666缘一都叫来了,1059.742,1,16777215,2026-04-05 21:44:27,1154635809,1上,某人的梦（上）,鬼灭之刃 刀匠村篇,656835181
我要尝试把黑死牟的6只眼睛把它弄掉两只,934.087,1,16777215,2026-04-05 21:42:27,1154635809,1上,某人的梦（上）,鬼灭之刃 刀匠村篇,656835181
三哥好帅！！！！,160.786,5,16777215,2026-04-05 21:41:05,1154635809,1上,某人的梦（上）,鬼灭之刃 刀匠村篇,656835181
.别发了,230.519,1,16777215,2026-04-05 21:37:28,1154635809,1上,某人的梦（上）,鬼灭之刃 刀匠村篇,656835181
终于…,22.876,1,8700107,2026-04-05 21:33:23,1154635809,1上,某人的梦（上）,鬼灭之刃 刀匠村篇,656835181
我咋感觉还有点可怜,1055.31,1,16777215,2026-04-05 21:29:46,1154635809,1上,某人的梦（上）,鬼灭之刃 刀匠村篇,656835181
Hi！,21.011,1,16777215,2026-04-05 21:09:23,1154635809,1上,某人的梦（上）,鬼灭之刃 刀匠村篇,656835181
继国岩胜,475.229,1,16777215,2026-04-05 20:36:09,1154635809,1上,某人的梦（上）,鬼灭之刃 刀匠村篇,656835181
它吃了蝴蝶忍,401.297,1,16777215,2026-04-05 20:34:28,1154635809,1上,某人的梦（上）,鬼灭之刃 刀匠村篇,656835181
萌哎,884.598,1,16777215,2026-04-05 20:30:11,1154635809,1上,某人的梦（上）,鬼灭之刃 刀匠村篇,656835181
开会,129.866,1,16777215,2026-04-05 20:28:03,1154635809,1上,某人的梦（上）,鬼灭之刃 刀匠村篇,656835181
魔童挑衅中、,671.131,1,16777215,2026-04-05 20:26:11,1154635809,1上,某人的梦（上）,鬼灭之刃 刀匠村篇,656835181
695个人哎！,104.962,1,16777215,2026-04-05 20:25:34,1154635809,1上,某人的梦（上）,鬼灭之刃 刀匠村篇,656835181
恶鬼退散,10.207,1,16777215,2026-04-05 20:25:01,1154635809,1上,某人的梦（上）,鬼灭之刃 刀匠村篇,656835181
受着～,636.595,1,16777215,2026-04-05 20:24:29,1154635809,1上,某人的梦（上）,鬼灭之刃 刀匠村篇,656835181
跟三哥比起来，这个壶真丑。,328.09,1,16777215,2026-04-05 20:05:45,1154635809,1上,某人的梦（上）,鬼灭之刃 刀匠村篇,656835181
愿得一人心，白首不分离,1228.672,1,16777215,2026-04-05 20:04:27,1154635809,1上,某人的梦（上）,鬼灭之刃 刀匠村篇,656835181
虽然他是鬼，但是他好帅呀！,214.396,1,16777215,2026-04-05 20:03:23,1154635809,1上,某人的梦（上）,鬼灭之刃 刀匠村篇,656835181
哈哈。,333.499,1,16777215,2026-04-05 19:48:41,1154635809,1上,某人的梦（上）,鬼灭之刃 刀匠村篇,656835181
琵琶一响，美女一响,266.241,1,16777215,2026-04-05 19:09:26,1154635809,1上,某人的梦（上）,鬼灭之刃 刀匠村篇,656835181
853个人,211.32,1,16777215,2026-04-05 18:44:02,1154635809,1上,某人的梦（上）,鬼灭之刃 刀匠村篇,656835181
好萌呀！,1050.015,1,16777215,2026-04-05 18:19:51,1154635809,1上,某人的梦（上）,鬼灭之刃 刀匠村篇,656835181
童魔：我没有被讨厌,1015.654,1,16777215,2026-04-05 18:19:12,1154635809,1上,某人的梦（上）,鬼灭之刃 刀匠村篇,656835181
哇塞，教主大人好可爱呀,880.212,1,16777215,2026-04-05 18:16:52,1154635809,1上,某人的梦（上）,鬼灭之刃 刀匠村篇,656835181
啊？这么真实？,555.481,1,16777215,2026-04-05 18:11:10,1154635809,1上,某人的梦（上）,鬼灭之刃 刀匠村篇,656835181
这个和炭治郎使用火之神神乐的回忆好像,1149.351,5,16777215,2026-04-05 18:05:20,1154635809,1上,某人的梦（上）,鬼灭之刃 刀匠村篇,656835181
鬼舞辻无惨登场,492.616,1,8700107,2026-04-05 17:59:36,1154635809,1上,某人的梦（上）,鬼灭之刃 刀匠村篇,656835181
压迫感十足啊,466.891,1,16777215,2026-04-05 17:43:17,1154635809,1上,某人的梦（上）,鬼灭之刃 刀匠村篇,656835181
这一季可是杀了两个上弦,78.976,1,16777215,2026-04-05 17:40:17,1154635809,1上,某人的梦（上）,鬼灭之刃 刀匠村篇,656835181
三哥:有鬼死了，一定是童磨吧,169.889,1,8700107,2026-04-05 17:35:57,1154635809,1上,某人的梦（上）,鬼灭之刃 刀匠村篇,656835181
华丽,112.365,1,8700107,2026-04-05 17:34:40,1154635809,1上,某人的梦（上）,鬼灭之刃 刀匠村篇,656835181
来看我可爱的透透了！,35.572,1,8700107,2026-04-05 17:33:15,1154635809,1上,某人的梦（上）,鬼灭之刃 刀匠村篇,656835181
无能的老板。,483.892,1,15138834,2026-04-05 17:25:47,1154635809,1上,某人的梦（上）,鬼灭之刃 刀匠村篇,656835181
教主大人！！！,401.246,1,15772458,2026-04-05 17:24:20,1154635809,1上,某人的梦（上）,鬼灭之刃 刀匠村篇,656835181
MM,294.784,1,16777215,2026-04-05 16:37:44,1154635809,1上,某人的梦（上）,鬼灭之刃 刀匠村篇,656835181
无惨好帅！,717.613,1,16777215,2026-04-05 16:32:19,1154635809,1上,某人的梦（上）,鬼灭之刃 刀匠村篇,656835181
我刚翻转手机，这个就转回来了,602.834,5,16777215,2026-04-05 16:13:00,1154635809,1上,某人的梦（上）,鬼灭之刃 刀匠村篇,656835181
哇塞，559人哎,155.912,1,16777215,2026-04-05 16:06:43,1154635809,1上,某人的梦（上）,鬼灭之刃 刀匠村篇,656835181
这是甚呀,315.224,1,16777215,2026-04-05 15:57:40,1154635809,1上,某人的梦（上）,鬼灭之刃 刀匠村篇,656835181
他是这季最强的,337.923,1,16777215,2026-04-05 15:57:35,1154635809,1上,某人的梦（上）,鬼灭之刃 刀匠村篇,656835181
三哥！,159.829,1,16777215,2026-04-05 15:54:55,1154635809,1上,某人的梦（上）,鬼灭之刃 刀匠村篇,656835181
尿壶脸红个屁呀,588.174,1,16777215,2026-04-05 15:51:25,1154635809,1上,某人的梦（上）,鬼灭之刃 刀匠村篇,656835181
炭香99,1234.557,1,16777215,2026-04-05 15:50:31,1154635809,1上,某人的梦（上）,鬼灭之刃 刀匠村篇,656835181
我第一眼还以为他是炭炭,1116.586,1,16777215,2026-04-05 15:44:31,1154635809,1上,某人的梦（上）,鬼灭之刃 刀匠村篇,656835181
发色是一样的,1134.179,1,16777215,2026-04-05 15:25:45,1154635809,1上,某人的梦（上）,鬼灭之刃 刀匠村篇,656835181
恶鬼退散,124.36,1,16777215,2026-04-05 15:19:05,1154635809,1上,某人的梦（上）,鬼灭之刃 刀匠村篇,656835181
缘一！,1074.37,1,16777215,2026-04-05 14:56:18,1154635809,1上,某人的梦（上）,鬼灭之刃 刀匠村篇,656835181
Hello各位，新粉来袭,6.11,1,16777215,2026-04-05 14:50:16,1154635809,1上,某人的梦（上）,鬼灭之刃 刀匠村篇,656835181
教主大人,402.346,1,16777215,2026-04-05 14:49:33,1154635809,1上,某人的梦（上）,鬼灭之刃 刀匠村篇,656835181
尿壶,325.989,1,16777215,2026-04-05 14:46:40,1154635809,1上,某人的梦（上）,鬼灭之刃 刀匠村篇,656835181
是主公,84.111,1,16777215,2026-04-05 14:37:23,1154635809,1上,某人的梦（上）,鬼灭之刃 刀匠村篇,656835181
弥豆子就萌,48.644,1,16777215,2026-04-05 14:36:21,1154635809,1上,某人的梦（上）,鬼灭之刃 刀匠村篇,656835181
怎么没人,427.057,1,16777215,2026-04-05 14:33:00,1154635809,1上,某人的梦（上）,鬼灭之刃 刀匠村篇,656835181
尿壶,290.031,5,16777215,2026-04-05 14:20:52,1154635809,1上,某人的梦（上）,鬼灭之刃 刀匠村篇,656835181
竟然是三哥,145.871,5,16777215,2026-04-05 14:18:24,1154635809,1上,某人的梦（上）,鬼灭之刃 刀匠村篇,656835181
可爱捏,55.431,5,16777215,2026-04-05 14:16:42,1154635809,1上,某人的梦（上）,鬼灭之刃 刀匠村篇,656835181
炭香99,1235.869,1,16777215,2026-04-05 14:14:34,1154635809,1上,某人的梦（上）,鬼灭之刃 刀匠村篇,656835181
akaza,162.937,1,16777215,2026-04-05 13:35:58,1154635809,1上,某人的梦（上）,鬼灭之刃 刀匠村篇,656835181
无惨大人------------------------------------------------------------------------------------------------,507.169,1,16777215,2026-04-05 13:28:12,1154635809,1上,某人的梦（上）,鬼灭之刃 刀匠村篇,656835181
这货毕竟是拥有杀鬼能力的,855.646,1,16777215,2026-04-05 13:26:17,1154635809,1上,某人的梦（上）,鬼灭之刃 刀匠村篇,656835181
黑死咪-------------------------------------------------------------------------------------------------,471.745,1,16777215,2026-04-05 13:26:10,1154635809,1上,某人的梦（上）,鬼灭之刃 刀匠村篇,656835181
六眼柠檬出现了,481.326,1,16777215,2026-04-05 13:21:44,1154635809,1上,某人的梦（上）,鬼灭之刃 刀匠村篇,656835181
名场面打卡哟，可爱捏,875.721,5,15138834,2026-04-05 13:19:04,1154635809,1上,某人的梦（上）,鬼灭之刃 刀匠村篇,656835181
请勿高空抛物,762.611,5,15138834,2026-04-05 13:17:09,1154635809,1上,某人的梦（上）,鬼灭之刃 刀匠村篇,656835181
阿玛特拉斯,736.273,5,15138834,2026-04-05 13:16:46,1154635809,1上,某人的梦（上）,鬼灭之刃 刀匠村篇,656835181
无惨黑化100%,639.064,5,15138834,2026-04-05 13:15:31,1154635809,1上,某人的梦（上）,鬼灭之刃 刀匠村篇,656835181
尿壶,293.246,1,16777215,2026-04-05 12:37:32,1154635809,1上,某人的梦（上）,鬼灭之刃 刀匠村篇,656835181
一起去然后都挂了,782.995,1,16777215,2026-04-05 11:58:57,1154635809,1上,某人的梦（上）,鬼灭之刃 刀匠村篇,656835181
680多人？快华丽地出来吧！,138.76,1,16777215,2026-04-05 11:38:39,1154635809,1上,某人的梦（上）,鬼灭之刃 刀匠村篇,656835181
上二去了得团灭呀,821.202,1,16777215,2026-04-05 11:00:24,1154635809,1上,某人的梦（上）,鬼灭之刃 刀匠村篇,656835181
阿玛特拉斯,736.682,1,15138834,2026-04-05 10:48:22,1154635809,1上,某人的梦（上）,鬼灭之刃 刀匠村篇,656835181
黑死好师,715.923,1,16777215,2026-04-05 09:45:21,1154635809,1上,某人的梦（上）,鬼灭之刃 刀匠村篇,656835181
婴儿小臂,303.56,1,16777215,2026-04-05 09:42:04,1154635809,1上,某人的梦（上）,鬼灭之刃 刀匠村篇,656835181
伊之助：因为这玩意儿只在白天开。,636.977,1,16777215,2026-04-05 09:15:27,1154635809,1上,某人的梦（上）,鬼灭之刃 刀匠村篇,656835181
动作指导佐助,736.458,1,16777215,2026-04-05 09:02:26,1154635809,1上,某人的梦（上）,鬼灭之刃 刀匠村篇,656835181
老大驾到！,490.264,1,16777215,2026-04-05 09:02:03,1154635809,1上,某人的梦（上）,鬼灭之刃 刀匠村篇,656835181
拿首好戏,817.517,1,16777215,2026-04-05 07:56:02,1154635809,1上,某人的梦（上）,鬼灭之刃 刀匠村篇,656835181
恭喜发财呦一一一一一一一一一,275.199,5,14811775,2026-04-05 07:17:17,1154635809,1上,某人的梦（上）,鬼灭之刃 刀匠村篇,656835181
Hi.,22.6,5,14811775,2026-04-05 07:14:11,1154635809,1上,某人的梦（上）,鬼灭之刃 刀匠村篇,656835181
上弦都是这样打招呼的吗？,842.962,1,16777215,2026-04-05 06:52:02,1154635809,1上,某人的梦（上）,鬼灭之刃 刀匠村篇,656835181
我以为我在看恐怖片,492.149,1,16777215,2026-04-05 06:46:10,1154635809,1上,某人的梦（上）,鬼灭之刃 刀匠村篇,656835181
我去 好华丽,647.886,5,16777215,2026-04-05 01:42:42,1154635809,1上,某人的梦（上）,鬼灭之刃 刀匠村篇,656835181
这个微笑嘴角真的很文野,605.269,5,16777215,2026-04-05 01:41:45,1154635809,1上,某人的梦（上）,鬼灭之刃 刀匠村篇,656835181
三哥：可恶啊，这个邪恶的人居然没有死。,393.838,1,16777215,2026-04-05 01:05:44,1154635809,1上,某人的梦（上）,鬼灭之刃 刀匠村篇,656835181
这配音是我爱罗的声优吗,182.799,1,16777215,2026-04-04 23:28:22,1154635809,1上,某人的梦（上）,鬼灭之刃 刀匠村篇,656835181
弥豆子:那不我家咸菜吗？,640.86,1,16777215,2026-04-04 22:06:37,1154635809,1上,某人的梦（上）,鬼灭之刃 刀匠村篇,656835181
497人！,30.111,1,16777215,2026-04-04 21:29:24,1154635809,1上,某人的梦（上）,鬼灭之刃 刀匠村篇,656835181
炭治郎和香奈乎已经结婚了吗？还有孩子了？,1131.537,1,16777215,2026-04-04 21:27:00,1154635809,1上,某人的梦（上）,鬼灭之刃 刀匠村篇,656835181
六六六不是尿壶吗？,289.648,1,16777215,2026-04-04 21:11:52,1154635809,1上,某人的梦（上）,鬼灭之刃 刀匠村篇,656835181
您就差把无敌这俩字儿写脸上了,1185.576,1,16777215,2026-04-04 20:37:03,1154635809,1上,某人的梦（上）,鬼灭之刃 刀匠村篇,656835181
教主大人还是太权威了,616.594,1,16777215,2026-04-04 20:18:58,1154635809,1上,某人的梦（上）,鬼灭之刃 刀匠村篇,656835181
黑死咪驾到,863.865,5,16777215,2026-04-04 20:18:10,1154635809,1上,某人的梦（上）,鬼灭之刃 刀匠村篇,656835181
你脸红个泡泡茶壶啊,806.663,5,16777215,2026-04-04 20:16:45,1154635809,1上,某人的梦（上）,鬼灭之刃 刀匠村篇,656835181
这钢笔多少？,566.652,1,14811775,2026-04-04 20:14:21,1154635809,1上,某人的梦（上）,鬼灭之刃 刀匠村篇,656835181
我去，我连谁是谁都不知道,551.031,1,14811775,2026-04-04 20:13:59,1154635809,1上,某人的梦（上）,鬼灭之刃 刀匠村篇,656835181
 刚才那个怪物是何物啊？怎么这么恐怖？,345.756,1,14811775,2026-04-04 20:10:28,1154635809,1上,某人的梦（上）,鬼灭之刃 刀匠村篇,656835181
 我才看,275.995,1,16707842,2026-04-04 20:09:09,1154635809,1上,某人的梦（上）,鬼灭之刃 刀匠村篇,656835181
可爱,878.121,1,16777215,2026-04-04 20:05:33,1154635809,1上,某人的梦（上）,鬼灭之刃 刀匠村篇,656835181
不是没写字，是因为它会分裂，分出来的鬼是有字的,352.765,1,16777215,2026-04-04 19:46:37,1154635809,1上,某人的梦（上）,鬼灭之刃 刀匠村篇,656835181
主公真的很帅。,105.346,1,16777215,2026-04-04 19:23:40,1154635809,1上,某人的梦（上）,鬼灭之刃 刀匠村篇,656835181
日本不产呗,642.287,1,16777215,2026-04-04 19:23:27,1154635809,1上,某人的梦（上）,鬼灭之刃 刀匠村篇,656835181
卡哇伊~,885.951,1,16777215,2026-04-04 19:15:38,1154635809,1上,某人的梦（上）,鬼灭之刃 刀匠村篇,656835181
这是继国严胜,866.37,1,16777215,2026-04-04 19:03:50,1154635809,1上,某人的梦（上）,鬼灭之刃 刀匠村篇,656835181
磨磨头好萌,880.21,1,16777215,2026-04-04 18:20:22,1154635809,1上,某人的梦（上）,鬼灭之刃 刀匠村篇,656835181
午餐好像有点没？,615.577,1,16777215,2026-04-04 18:05:19,1154635809,1上,某人的梦（上）,鬼灭之刃 刀匠村篇,656835181
这个侧脸无敌了,901.174,1,16777215,2026-04-04 18:04:31,1154635809,1上,某人的梦（上）,鬼灭之刃 刀匠村篇,656835181
512人出来,454.781,5,16777215,2026-04-04 18:02:57,1154635809,1上,某人的梦（上）,鬼灭之刃 刀匠村篇,656835181
我的时透无一郎,22.82,1,8700107,2026-04-04 17:51:26,1154635809,1上,某人的梦（上）,鬼灭之刃 刀匠村篇,656835181
垂死病中惊坐起,12.04,1,8700107,2026-04-04 17:50:48,1154635809,1上,某人的梦（上）,鬼灭之刃 刀匠村篇,656835181
来自上弦一的压迫感,470.589,1,16777215,2026-04-04 17:38:25,1154635809,1上,某人的梦（上）,鬼灭之刃 刀匠村篇,656835181
弥豆子,1147.727,1,16777215,2026-04-04 17:37:47,1154635809,1上,某人的梦（上）,鬼灭之刃 刀匠村篇,656835181
好帅,419.121,1,16777215,2026-04-04 17:37:26,1154635809,1上,某人的梦（上）,鬼灭之刃 刀匠村篇,656835181
童磨：请输入文本,1030.984,1,8700107,2026-04-04 17:36:29,1154635809,1上,某人的梦（上）,鬼灭之刃 刀匠村篇,656835181
教主来了,384.051,1,16777215,2026-04-04 17:36:28,1154635809,1上,某人的梦（上）,鬼灭之刃 刀匠村篇,656835181
黑死眸，原来以前是人类啊，以前还是炭之狼，他爸的救命恩人,1096.302,1,16777215,2026-04-04 17:35:29,1154635809,1上,某人的梦（上）,鬼灭之刃 刀匠村篇,656835181
尿壶？,300.586,1,16777215,2026-04-04 17:35:16,1154635809,1上,某人的梦（上）,鬼灭之刃 刀匠村篇,656835181
没想到时透无一郎杀死的是上弦壹,975.486,1,8700107,2026-04-04 17:34:50,1154635809,1上,某人的梦（上）,鬼灭之刃 刀匠村篇,656835181
金钱的味道,254.685,1,16777215,2026-04-04 17:34:32,1154635809,1上,某人的梦（上）,鬼灭之刃 刀匠村篇,656835181
六六六,246.57,1,16777215,2026-04-04 17:34:09,1154635809,1上,某人的梦（上）,鬼灭之刃 刀匠村篇,656835181
香炭999,1224.236,1,16777215,2026-04-04 17:33:56,1154635809,1上,某人的梦（上）,鬼灭之刃 刀匠村篇,656835181
这是炭治郎吗？,1085.763,1,16777215,2026-04-04 17:33:37,1154635809,1上,某人的梦（上）,鬼灭之刃 刀匠村篇,656835181
无惨主要要花，上弦一二拐到鬼杀队上,657.322,1,16777215,2026-04-04 17:32:08,1154635809,1上,某人的梦（上）,鬼灭之刃 刀匠村篇,656835181
童磨好帅,971.559,1,16777215,2026-04-04 17:31:29,1154635809,1上,某人的梦（上）,鬼灭之刃 刀匠村篇,656835181
他竟然是上弦壹,866.52,1,41194,2026-04-04 17:31:29,1154635809,1上,某人的梦（上）,鬼灭之刃 刀匠村篇,656835181
黑死牟是炭治郎他爸的兄弟,882.537,1,16777215,2026-04-04 17:29:38,1154635809,1上,某人的梦（上）,鬼灭之刃 刀匠村篇,656835181
童磨好可爱,884.663,1,16777215,2026-04-04 17:25:49,1154635809,1上,某人的梦（上）,鬼灭之刃 刀匠村篇,656835181
嗨，大家，我华丽的回来啦,8.567,1,16777215,2026-04-04 17:22:28,1154635809,1上,某人的梦（上）,鬼灭之刃 刀匠村篇,656835181
三哥叫猗窝座,267.816,1,41194,2026-04-04 17:19:59,1154635809,1上,某人的梦（上）,鬼灭之刃 刀匠村篇,656835181
大哥呢？,196.316,1,15138834,2026-04-04 17:18:16,1154635809,1上,某人的梦（上）,鬼灭之刃 刀匠村篇,656835181
难道就感觉很神圣吗？,46.62,1,16777215,2026-04-04 17:15:34,1154635809,1上,某人的梦（上）,鬼灭之刃 刀匠村篇,656835181
你把生命当什么了？,1141.064,5,8700107,2026-04-04 17:15:23,1154635809,1上,某人的梦（上）,鬼灭之刃 刀匠村篇,656835181
你把生命当什么了？,1133.249,1,16777215,2026-04-04 17:14:48,1154635809,1上,某人的梦（上）,鬼灭之刃 刀匠村篇,656835181
豆子好可爱(๑°3°๑),71.814,1,16777215,2026-04-04 17:10:49,1154635809,1上,某人的梦（上）,鬼灭之刃 刀匠村篇,656835181
童磨大人太帅了,448.069,1,16777215,2026-04-04 17:09:25,1154635809,1上,某人的梦（上）,鬼灭之刃 刀匠村篇,656835181
炭香88炭香4了,1235.425,1,16777215,2026-04-04 17:03:04,1154635809,1上,某人的梦（上）,鬼灭之刃 刀匠村篇,656835181
闺蜜快来看,156.444,1,16777215,2026-04-04 16:28:49,1154635809,1上,某人的梦（上）,鬼灭之刃 刀匠村篇,656835181
哈哈不带磨磨头玩,1025.976,1,16777215,2026-04-04 16:27:44,1154635809,1上,某人的梦（上）,鬼灭之刃 刀匠村篇,656835181
无敌的三哥,252.648,1,16777215,2026-04-04 16:05:13,1154635809,1上,某人的梦（上）,鬼灭之刃 刀匠村篇,656835181
赛尔达玩家的扣一,224.504,1,16777215,2026-04-04 16:04:40,1154635809,1上,某人的梦（上）,鬼灭之刃 刀匠村篇,656835181
还我大哥，烂贼,261.458,1,16777215,2026-04-04 15:48:36,1154635809,1上,某人的梦（上）,鬼灭之刃 刀匠村篇,656835181
哇哦，还免费刷牙。,437.191,1,16777215,2026-04-04 15:46:05,1154635809,1上,某人的梦（上）,鬼灭之刃 刀匠村篇,656835181
杀了大哥的烂贼,143.357,1,16777215,2026-04-04 15:45:33,1154635809,1上,某人的梦（上）,鬼灭之刃 刀匠村篇,656835181
我去,249.216,1,16777215,2026-04-04 15:37:49,1154635809,1上,某人的梦（上）,鬼灭之刃 刀匠村篇,656835181
我不是开弹幕了吗,838.966,1,16777215,2026-04-04 15:33:56,1154635809,1上,某人的梦（上）,鬼灭之刃 刀匠村篇,656835181
三哥！！!,178.542,1,16777215,2026-04-04 15:18:08,1154635809,1上,某人的梦（上）,鬼灭之刃 刀匠村篇,656835181
兄弟怎么矮矮的,871.096,1,16777215,2026-04-04 15:13:21,1154635809,1上,某人的梦（上）,鬼灭之刃 刀匠村篇,656835181
三哥嫌弃之,452.278,1,16777215,2026-04-04 15:04:44,1154635809,1上,某人的梦（上）,鬼灭之刃 刀匠村篇,656835181
换头了,423.342,1,16777215,2026-04-04 15:04:01,1154635809,1上,某人的梦（上）,鬼灭之刃 刀匠村篇,656835181
准备换头,409.741,1,16777215,2026-04-04 15:03:44,1154635809,1上,某人的梦（上）,鬼灭之刃 刀匠村篇,656835181
三哥:白高兴一场,372.918,1,16777215,2026-04-04 15:02:58,1154635809,1上,某人的梦（上）,鬼灭之刃 刀匠村篇,656835181
你这壶不对称,293.757,1,16777215,2026-04-04 15:00:02,1154635809,1上,某人的梦（上）,鬼灭之刃 刀匠村篇,656835181
六眼柠檬精。,946.603,1,16777215,2026-04-04 14:17:17,1154635809,1上,某人的梦（上）,鬼灭之刃 刀匠村篇,656835181
吓哭了,949.917,1,16777215,2026-04-04 14:08:46,1154635809,1上,某人的梦（上）,鬼灭之刃 刀匠村篇,656835181
开会了吗？,943.266,1,16777215,2026-04-04 14:08:19,1154635809,1上,某人的梦（上）,鬼灭之刃 刀匠村篇,656835181
你变强的理由是要守爱人,239.513,1,16777215,2026-04-04 14:00:14,1154635809,1上,某人的梦（上）,鬼灭之刃 刀匠村篇,656835181
阎王夸我好身体,36.417,1,16777215,2026-04-04 13:45:08,1154635809,1上,某人的梦（上）,鬼灭之刃 刀匠村篇,656835181
呜女是上弦几？,565.965,1,16777215,2026-04-04 13:29:07,1154635809,1上,某人的梦（上）,鬼灭之刃 刀匠村篇,656835181
尿壶,290.646,1,16777215,2026-04-04 13:23:11,1154635809,1上,某人的梦（上）,鬼灭之刃 刀匠村篇,656835181
吉良吉影!,88.5,1,16777215,2026-04-04 13:08:24,1154635809,1上,某人的梦（上）,鬼灭之刃 刀匠村篇,656835181
万世极乐,393.383,1,16777215,2026-04-04 12:55:15,1154635809,1上,某人的梦（上）,鬼灭之刃 刀匠村篇,656835181
童磨挑食,612.554,1,16777215,2026-04-04 12:28:35,1154635809,1上,某人的梦（上）,鬼灭之刃 刀匠村篇,656835181
 有人发,84.28,1,16777215,2026-04-04 12:27:13,1154635809,1上,某人的梦（上）,鬼灭之刃 刀匠村篇,656835181
就没有中文版的吗,76.64,1,16777215,2026-04-04 12:26:59,1154635809,1上,某人的梦（上）,鬼灭之刃 刀匠村篇,656835181
缘一好帅。,1136.626,1,16777215,2026-04-04 12:06:06,1154635809,1上,某人的梦（上）,鬼灭之刃 刀匠村篇,656835181
有人是2026吗？发个一瞅瞅,612.938,1,16777215,2026-04-04 11:09:06,1154635809,1上,某人的梦（上）,鬼灭之刃 刀匠村篇,656835181
417人出来,589.698,1,16777215,2026-04-04 11:08:31,1154635809,1上,某人的梦（上）,鬼灭之刃 刀匠村篇,656835181
好可爱啊,1035.65,1,16777215,2026-04-04 11:06:41,1154635809,1上,某人的梦（上）,鬼灭之刃 刀匠村篇,656835181
对了咱们家琵琶姐是上弦姐来着,436.308,1,16777215,2026-04-04 11:05:51,1154635809,1上,某人的梦（上）,鬼灭之刃 刀匠村篇,656835181
还是个科学家,525.237,1,16777215,2026-04-04 11:04:19,1154635809,1上,某人的梦（上）,鬼灭之刃 刀匠村篇,656835181
妈妈！,479.677,1,16777215,2026-04-04 11:03:28,1154635809,1上,某人的梦（上）,鬼灭之刃 刀匠村篇,656835181
恭迎教主大人！,378.577,1,16777215,2026-04-04 11:01:43,1154635809,1上,某人的梦（上）,鬼灭之刃 刀匠村篇,656835181
我的妈呀，428人正在观看,29.012,1,16777215,2026-04-04 10:59:15,1154635809,1上,某人的梦（上）,鬼灭之刃 刀匠村篇,656835181
好像没人,1154.235,1,16777215,2026-04-04 10:22:03,1154635809,1上,某人的梦（上）,鬼灭之刃 刀匠村篇,656835181
好可爱呀！！！啊！！！！！！！！！！！！！！！！,674.317,1,41194,2026-04-04 10:17:12,1154635809,1上,某人的梦（上）,鬼灭之刃 刀匠村篇,656835181
三哥，你没事吧？,412.429,1,41194,2026-04-04 10:08:20,1154635809,1上,某人的梦（上）,鬼灭之刃 刀匠村篇,656835181
猗窝座阁下~猗窝座阁下~,170.023,1,16777215,2026-04-04 09:34:29,1154635809,1上,某人的梦（上）,鬼灭之刃 刀匠村篇,656835181
主公o>_<o,104.65,1,16777215,2026-04-04 09:09:30,1154635809,1上,某人的梦（上）,鬼灭之刃 刀匠村篇,656835181
241人出来一,29.413,1,16777215,2026-04-04 09:07:50,1154635809,1上,某人的梦（上）,鬼灭之刃 刀匠村篇,656835181
无限城吞了多少经费,128.527,1,16777215,2026-04-04 08:46:05,1154635809,1上,某人的梦（上）,鬼灭之刃 刀匠村篇,656835181
波纹是啥意思啊？,87.773,1,41194,2026-04-04 08:34:52,1154635809,1上,某人的梦（上）,鬼灭之刃 刀匠村篇,656835181
华丽,166.388,1,16777215,2026-04-04 07:14:55,1154635809,1上,某人的梦（上）,鬼灭之刃 刀匠村篇,656835181
华丽再现,45.672,1,16777215,2026-04-04 07:13:41,1154635809,1上,某人的梦（上）,鬼灭之刃 刀匠村篇,656835181
堕姬：hello？鼠的不止我哥哥吧？hello？？,526.815,1,16777215,2026-04-04 01:09:20,1154635809,1上,某人的梦（上）,鬼灭之刃 刀匠村篇,656835181
来咯,31.867,1,16777215,2026-04-04 01:00:05,1154635809,1上,某人的梦（上）,鬼灭之刃 刀匠村篇,656835181
666，我磕的童猗,382.999,1,16777215,2026-04-04 00:04:27,1154635809,1上,某人的梦（上）,鬼灭之刃 刀匠村篇,656835181
真.继国缘壹都得叫大哥,462.388,1,16777215,2026-04-03 23:49:48,1154635809,1上,某人的梦（上）,鬼灭之刃 刀匠村篇,656835181
黑死牟：压迫感在我这,462.388,1,16777215,2026-04-03 23:49:32,1154635809,1上,某人的梦（上）,鬼灭之刃 刀匠村篇,656835181
哈吉喵～,277.308,1,16777215,2026-04-03 23:32:03,1154635809,1上,某人的梦（上）,鬼灭之刃 刀匠村篇,656835181
你脸红个泡泡茶壶啊,818.95,1,16777215,2026-04-03 22:56:28,1154635809,1上,某人的梦（上）,鬼灭之刃 刀匠村篇,656835181
胶头滴管拿错了啊啊啊啊啊！！！,489.866,1,16777215,2026-04-03 22:56:05,1154635809,1上,某人的梦（上）,鬼灭之刃 刀匠村篇,656835181
黑死咪,869.732,1,16777215,2026-04-03 22:34:10,1154635809,1上,某人的梦（上）,鬼灭之刃 刀匠村篇,656835181
祢豆子,46.754,1,14811775,2026-04-03 22:30:10,1154635809,1上,某人的梦（上）,鬼灭之刃 刀匠村篇,656835181
关于印发个,38.526,1,14811775,2026-04-03 22:29:55,1154635809,1上,某人的梦（上）,鬼灭之刃 刀匠村篇,656835181
好好看的笔,578.552,1,16777215,2026-04-03 22:27:58,1154635809,1上,某人的梦（上）,鬼灭之刃 刀匠村篇,656835181
所以你的一事无成这只把鬼王逼到绝境,1180.087,1,16777215,2026-04-03 22:27:13,1154635809,1上,某人的梦（上）,鬼灭之刃 刀匠村篇,656835181
老大来了,496.008,1,16777215,2026-04-03 22:23:42,1154635809,1上,某人的梦（上）,鬼灭之刃 刀匠村篇,656835181
nao,496.008,1,16777215,2026-04-03 22:22:42,1154635809,1上,某人的梦（上）,鬼灭之刃 刀匠村篇,656835181
，太帅了,1135.501,1,16777215,2026-04-03 22:19:58,1154635809,1上,某人的梦（上）,鬼灭之刃 刀匠村篇,656835181
我不行了，把手机倒过来看的话好奇怪。,789.129,1,16777215,2026-04-03 22:15:42,1154635809,1上,某人的梦（上）,鬼灭之刃 刀匠村篇,656835181
三哥,195.832,1,16777215,2026-04-03 22:15:23,1154635809,1上,某人的梦（上）,鬼灭之刃 刀匠村篇,656835181
三哥,120.674,1,16777215,2026-04-03 22:14:05,1154635809,1上,某人的梦（上）,鬼灭之刃 刀匠村篇,656835181
主公,95.467,1,16777215,2026-04-03 22:12:54,1154635809,1上,某人的梦（上）,鬼灭之刃 刀匠村篇,656835181
主公会g,95.467,1,16777215,2026-04-03 22:10:49,1154635809,1上,某人的梦（上）,鬼灭之刃 刀匠村篇,656835181
冷知识：黑死牟氏缘一的哥哥,876.583,1,16777215,2026-04-03 22:05:04,1154635809,1上,某人的梦（上）,鬼灭之刃 刀匠村篇,656835181
这样发,226.307,1,16777215,2026-04-03 22:01:39,1154635809,1上,某人的梦（上）,鬼灭之刃 刀匠村篇,656835181
前面的时候我还以为我不小心给它暂停了,1205.749,1,16777215,2026-04-03 21:41:54,1154635809,1上,某人的梦（上）,鬼灭之刃 刀匠村篇,656835181
炭香99,1235.13,5,16777215,2026-04-03 21:09:09,1154635809,1上,某人的梦（上）,鬼灭之刃 刀匠村篇,656835181
萌啊。。,877.46,1,16777215,2026-04-03 20:43:17,1154635809,1上,某人的梦（上）,鬼灭之刃 刀匠村篇,656835181
433人,93.203,1,16777215,2026-04-03 20:28:28,1154635809,1上,某人的梦（上）,鬼灭之刃 刀匠村篇,656835181
哇咔咔，那个女的好像弥豆子,1150.654,1,16777215,2026-04-03 20:18:40,1154635809,1上,某人的梦（上）,鬼灭之刃 刀匠村篇,656835181
666咋还害羞了,719.684,1,16777215,2026-04-03 20:11:15,1154635809,1上,某人的梦（上）,鬼灭之刃 刀匠村篇,656835181
宝妈自学中医,495.611,1,16777215,2026-04-03 19:56:52,1154635809,1上,某人的梦（上）,鬼灭之刃 刀匠村篇,656835181
还我大哥,466.547,5,16777215,2026-04-03 19:52:19,1154635809,1上,某人的梦（上）,鬼灭之刃 刀匠村篇,656835181
无惨前方爆炸,120.359,5,16777215,2026-04-03 19:50:24,1154635809,1上,某人的梦（上）,鬼灭之刃 刀匠村篇,656835181
称豆子∽,92.112,1,16777215,2026-04-03 19:49:37,1154635809,1上,某人的梦（上）,鬼灭之刃 刀匠村篇,656835181
华丽,72.686,1,16777215,2026-04-03 19:48:55,1154635809,1上,某人的梦（上）,鬼灭之刃 刀匠村篇,656835181
把喜欢的人打出来，我先来：蝴蝶忍！,15.747,1,16777215,2026-04-03 19:47:53,1154635809,1上,某人的梦（上）,鬼灭之刃 刀匠村篇,656835181
三哥:看我演不演你们,932.288,1,16777215,2026-04-03 19:35:24,1154635809,1上,某人的梦（上）,鬼灭之刃 刀匠村篇,656835181
有点甜,1227.403,1,16777215,2026-04-03 19:32:23,1154635809,1上,某人的梦（上）,鬼灭之刃 刀匠村篇,656835181
TvT,61.075,1,16777215,2026-04-03 19:05:30,1154635809,1上,某人的梦（上）,鬼灭之刃 刀匠村篇,656835181
哥哥！！！！！,467.205,1,16777215,2026-04-03 18:59:08,1154635809,1上,某人的梦（上）,鬼灭之刃 刀匠村篇,656835181
教主！！！！！！！！！,387.131,1,16777215,2026-04-03 18:57:34,1154635809,1上,某人的梦（上）,鬼灭之刃 刀匠村篇,656835181
好萌好萌的小脸……,1065.388,1,16777215,2026-04-03 18:54:28,1154635809,1上,某人的梦（上）,鬼灭之刃 刀匠村篇,656835181
《眼睛会说话》,687.604,1,16777215,2026-04-03 18:53:54,1154635809,1上,某人的梦（上）,鬼灭之刃 刀匠村篇,656835181
经费在燃烧,626.208,1,16777215,2026-04-03 18:53:22,1154635809,1上,某人的梦（上）,鬼灭之刃 刀匠村篇,656835181
雷电影同款,712.939,1,16777215,2026-04-03 18:52:47,1154635809,1上,某人的梦（上）,鬼灭之刃 刀匠村篇,656835181
请蓝色彼岸花灭绝,580.251,1,16777215,2026-04-03 18:52:28,1154635809,1上,某人的梦（上）,鬼灭之刃 刀匠村篇,656835181
经费在燃烧！,560.772,1,16777215,2026-04-03 18:51:54,1154635809,1上,某人的梦（上）,鬼灭之刃 刀匠村篇,656835181
经费在燃烧,516.709,1,16777215,2026-04-03 18:51:05,1154635809,1上,某人的梦（上）,鬼灭之刃 刀匠村篇,656835181
打的好,435.559,1,16777215,2026-04-03 18:25:56,1154635809,1上,某人的梦（上）,鬼灭之刃 刀匠村篇,656835181
？我的手机快没有网啦,1235.192,1,16777215,2026-04-03 17:29:38,1154635809,1上,某人的梦（上）,鬼灭之刃 刀匠村篇,656835181
无惨我的妈呀，大姐,1179.81,1,16777215,2026-04-03 17:28:13,1154635809,1上,某人的梦（上）,鬼灭之刃 刀匠村篇,656835181
我的妈呀，大姐,1171.592,1,16777215,2026-04-03 17:27:17,1154635809,1上,某人的梦（上）,鬼灭之刃 刀匠村篇,656835181
直接用普通彼岸花用蓝色油漆染一下不就好了吗？,642.456,1,16777215,2026-04-03 16:44:07,1154635809,1上,某人的梦（上）,鬼灭之刃 刀匠村篇,656835181
凤箫声动 玉壶光转,319.954,1,16777215,2026-04-03 16:16:05,1154635809,1上,某人的梦（上）,鬼灭之刃 刀匠村篇,656835181
无惨这人最精了，知道打不过让两个最丑的去,769.271,1,16777215,2026-04-03 16:00:27,1154635809,1上,某人的梦（上）,鬼灭之刃 刀匠村篇,656835181
彩色弹幕怎么发,220.048,5,6830715,2026-04-03 15:25:11,1154635809,1上,某人的梦（上）,鬼灭之刃 刀匠村篇,656835181
帅到爆了,156.41,5,6830715,2026-04-03 15:23:26,1154635809,1上,某人的梦（上）,鬼灭之刃 刀匠村篇,656835181
水之呼吸,126.797,5,14811775,2026-04-03 15:22:29,1154635809,1上,某人的梦（上）,鬼灭之刃 刀匠村篇,656835181
水之呼吸,115.45,1,16777215,2026-04-03 15:21:12,1154635809,1上,某人的梦（上）,鬼灭之刃 刀匠村篇,656835181
276人出来,113.007,1,16777215,2026-04-03 15:16:37,1154635809,1上,某人的梦（上）,鬼灭之刃 刀匠村篇,656835181
如果炭炭的头上没有疤，完全就是一模一样啊,1075.842,1,16777215,2026-04-03 15:14:32,1154635809,1上,某人的梦（上）,鬼灭之刃 刀匠村篇,656835181
帅爆了。,568.547,1,16777215,2026-04-03 15:05:33,1154635809,1上,某人的梦（上）,鬼灭之刃 刀匠村篇,656835181
我好帅呀！,553.203,1,16777215,2026-04-03 15:05:12,1154635809,1上,某人的梦（上）,鬼灭之刃 刀匠村篇,656835181
666溶液不能超过试管1/3都不知道,505.1,1,16777215,2026-04-03 15:00:07,1154635809,1上,某人的梦（上）,鬼灭之刃 刀匠村篇,656835181
不是黑死萌，怎么有日轮刀？不对，应该说他都变成鬼了，怎么还有日轮刀？,901.942,1,16777215,2026-04-03 14:59:26,1154635809,1上,某人的梦（上）,鬼灭之刃 刀匠村篇,656835181
没有中配,42.899,1,16777215,2026-04-03 14:56:42,1154635809,1上,某人的梦（上）,鬼灭之刃 刀匠村篇,656835181
透透！,14.12,1,8700107,2026-04-03 13:33:30,1154635809,1上,某人的梦（上）,鬼灭之刃 刀匠村篇,656835181
三哥，你踏马会不会说话,314.217,1,16777215,2026-04-03 13:10:09,1154635809,1上,某人的梦（上）,鬼灭之刃 刀匠村篇,656835181
这不童磨家吗？,205.88,1,16777215,2026-04-03 13:07:22,1154635809,1上,某人的梦（上）,鬼灭之刃 刀匠村篇,656835181
这个童磨是当魅魔来的吧！,854.914,1,16777215,2026-04-03 12:59:21,1154635809,1上,某人的梦（上）,鬼灭之刃 刀匠村篇,656835181
这个童磨是当魅魔来的吧！,852.771,1,16777215,2026-04-03 12:58:45,1154635809,1上,某人的梦（上）,鬼灭之刃 刀匠村篇,656835181
这个童磨是当魅魔来的吧！,852.771,1,16777215,2026-04-03 12:57:07,1154635809,1上,某人的梦（上）,鬼灭之刃 刀匠村篇,656835181
前方高能，晕车者请服晕车药入场,127.144,1,16777215,2026-04-03 12:41:07,1154635809,1上,某人的梦（上）,鬼灭之刃 刀匠村篇,656835181
天花板的哥哥,487.641,1,16777215,2026-04-03 11:59:59,1154635809,1上,某人的梦（上）,鬼灭之刃 刀匠村篇,656835181
找不到中文版(╥_╥),13.569,1,16777215,2026-04-03 11:46:03,1154635809,1上,某人的梦（上）,鬼灭之刃 刀匠村篇,656835181
好可爱,1049.631,1,38979,2026-04-03 11:04:05,1154635809,1上,某人的梦（上）,鬼灭之刃 刀匠村篇,656835181
小蛋仔,998.154,1,16777215,2026-04-03 11:02:29,1154635809,1上,某人的梦（上）,鬼灭之刃 刀匠村篇,656835181
 5刷。,101.634,1,16777215,2026-04-03 10:05:51,1154635809,1上,某人的梦（上）,鬼灭之刃 刀匠村篇,656835181
三哥表示太好了，是女人我们有救了,267.19,1,16777215,2026-04-03 09:19:48,1154635809,1上,某人的梦（上）,鬼灭之刃 刀匠村篇,656835181
天音表示：？,55.064,1,16777215,2026-04-03 09:17:51,1154635809,1上,某人的梦（上）,鬼灭之刃 刀匠村篇,656835181
这个好像不是经费最高的。 经费最高的是音柱和六哥对打的时候那个才是经费最高的时候。,137.069,1,16777215,2026-04-03 08:47:24,1154635809,1上,某人的梦（上）,鬼灭之刃 刀匠村篇,656835181
大号炭治郎？,1075.864,1,16777215,2026-04-03 02:57:24,1154635809,1上,某人的梦（上）,鬼灭之刃 刀匠村篇,656835181
完了，虽然上三杀了炎柱，但在这几个鬼里面他最顺眼,670.317,1,16777215,2026-04-03 02:49:09,1154635809,1上,某人的梦（上）,鬼灭之刃 刀匠村篇,656835181
你之前可不是这样说的,544.717,1,16777215,2026-04-03 02:46:08,1154635809,1上,某人的梦（上）,鬼灭之刃 刀匠村篇,656835181
就你发型最帅，看不出来是鬼,476.416,1,16777215,2026-04-03 02:44:44,1154635809,1上,某人的梦（上）,鬼灭之刃 刀匠村篇,656835181
这对兄弟帅哥来的,1132.446,1,16777215,2026-04-03 01:27:44,1154635809,1上,某人的梦（上）,鬼灭之刃 刀匠村篇,656835181
教主大人！,388.638,1,16777215,2026-04-03 01:23:53,1154635809,1上,某人的梦（上）,鬼灭之刃 刀匠村篇,656835181
黑死牟！！！！！！！！,365.994,1,16777215,2026-04-03 01:23:20,1154635809,1上,某人的梦（上）,鬼灭之刃 刀匠村篇,656835181
黑死牟！！！,252.03,1,16777215,2026-04-03 01:21:19,1154635809,1上,某人的梦（上）,鬼灭之刃 刀匠村篇,656835181
童魔好像知道自己的眼睛很好看,531.781,1,16777215,2026-04-03 01:16:21,1154635809,1上,某人的梦（上）,鬼灭之刃 刀匠村篇,656835181
"垂死病中惊坐起,阎王夸我好身体,",30.533,1,16777215,2026-04-03 01:07:15,1154635809,1上,某人的梦（上）,鬼灭之刃 刀匠村篇,656835181
妈妈,477.211,1,16777215,2026-04-03 00:47:04,1154635809,1上,某人的梦（上）,鬼灭之刃 刀匠村篇,656835181
咕咕嘎嘎,15.32,1,16777215,2026-04-02 23:30:18,1154635809,1上,某人的梦（上）,鬼灭之刃 刀匠村篇,656835181
琵琶女是第几啊,542.181,1,16777215,2026-04-02 23:26:54,1154635809,1上,某人的梦（上）,鬼灭之刃 刀匠村篇,656835181
看一遍就学会了日呼？,1081.124,1,16777215,2026-04-02 23:26:04,1154635809,1上,某人的梦（上）,鬼灭之刃 刀匠村篇,656835181
祢豆子：请输入文本,49.694,1,8700107,2026-04-02 22:12:46,1154635809,1上,某人的梦（上）,鬼灭之刃 刀匠村篇,656835181
 一个黑死牟相当于5个童磨的实力。,974.977,1,16777215,2026-04-02 22:08:19,1154635809,1上,某人的梦（上）,鬼灭之刃 刀匠村篇,656835181
三哥：666看我无限成，演不演你们就完了,961.613,1,16777215,2026-04-02 21:58:57,1154635809,1上,某人的梦（上）,鬼灭之刃 刀匠村篇,656835181
妈妈妈妈妈妈妈妈妈妈妈妈妈妈妈,930.215,1,6830715,2026-04-02 21:51:40,1154635809,1上,某人的梦（上）,鬼灭之刃 刀匠村篇,656835181
你脸红泡泡茶壶啊,802.515,1,16777215,2026-04-02 21:50:33,1154635809,1上,某人的梦（上）,鬼灭之刃 刀匠村篇,656835181
妈妈,474.154,1,16777215,2026-04-02 21:49:25,1154635809,1上,某人的梦（上）,鬼灭之刃 刀匠村篇,656835181
123都好帅啊,963.165,1,16777215,2026-04-02 21:48:06,1154635809,1上,某人的梦（上）,鬼灭之刃 刀匠村篇,656835181
已经分不清是3d还是2d,559.331,1,16777215,2026-04-02 21:40:55,1154635809,1上,某人的梦（上）,鬼灭之刃 刀匠村篇,656835181
豆子,57.14,1,16777215,2026-04-02 21:01:23,1154635809,1上,某人的梦（上）,鬼灭之刃 刀匠村篇,656835181
豆豆委屈,52.352,1,16777215,2026-04-02 20:51:10,1154635809,1上,某人的梦（上）,鬼灭之刃 刀匠村篇,656835181
三哥,160.467,1,11890,2026-04-02 20:50:24,1154635809,1上,某人的梦（上）,鬼灭之刃 刀匠村篇,656835181
三哥,155.704,1,6830715,2026-04-02 20:49:46,1154635809,1上,某人的梦（上）,鬼灭之刃 刀匠村篇,656835181
等会儿啊，多少个人,8.985,1,16777215,2026-04-02 20:26:37,1154635809,1上,某人的梦（上）,鬼灭之刃 刀匠村篇,656835181
401人,119.794,1,16777215,2026-04-02 20:16:13,1154635809,1上,某人的梦（上）,鬼灭之刃 刀匠村篇,656835181
教主大人,403.505,1,16777215,2026-04-02 20:08:53,1154635809,1上,某人的梦（上）,鬼灭之刃 刀匠村篇,656835181
三哥！,148.784,1,16777215,2026-04-02 19:19:37,1154635809,1上,某人的梦（上）,鬼灭之刃 刀匠村篇,656835181
教主大人！！！！！！,379.68,1,16777215,2026-04-02 19:17:35,1154635809,1上,某人的梦（上）,鬼灭之刃 刀匠村篇,656835181
全都一起去不完了,827.984,1,16777215,2026-04-02 18:15:48,1154635809,1上,某人的梦（上）,鬼灭之刃 刀匠村篇,656835181
这是啥？,305.684,1,16777215,2026-04-02 18:06:52,1154635809,1上,某人的梦（上）,鬼灭之刃 刀匠村篇,656835181
叩弱,0.0,1,14811775,2026-04-02 18:03:28,1154635809,1上,某人的梦（上）,鬼灭之刃 刀匠村篇,656835181
尿壶你脸红啥,723.048,1,16777215,2026-04-02 15:14:25,1154635809,1上,某人的梦（上）,鬼灭之刃 刀匠村篇,656835181
挑衅化学老师,513.101,1,16777215,2026-04-02 14:25:57,1154635809,1上,某人的梦（上）,鬼灭之刃 刀匠村篇,656835181
天天做实验，不乐意就把桌子掀了重来,499.553,1,16777215,2026-04-02 14:03:08,1154635809,1上,某人的梦（上）,鬼灭之刃 刀匠村篇,656835181
阿玛特拉斯,733.686,1,16777215,2026-04-02 13:54:31,1154635809,1上,某人的梦（上）,鬼灭之刃 刀匠村篇,656835181
狼性企业文化,869.637,1,16777215,2026-04-02 13:52:24,1154635809,1上,某人的梦（上）,鬼灭之刃 刀匠村篇,656835181
摄像机有点旧嘎吱嘎吱。,601.586,1,16777215,2026-04-02 13:52:05,1154635809,1上,某人的梦（上）,鬼灭之刃 刀匠村篇,656835181
但童磨的眼睛很好看啊,540.006,1,16777215,2026-04-02 13:50:48,1154635809,1上,某人的梦（上）,鬼灭之刃 刀匠村篇,656835181
依旧掉入无限城,315.429,1,16777215,2026-04-02 13:24:23,1154635809,1上,某人的梦（上）,鬼灭之刃 刀匠村篇,656835181
老大~驾到！~,489.087,1,16777215,2026-04-02 13:13:37,1154635809,1上,某人的梦（上）,鬼灭之刃 刀匠村篇,656835181
缘一永远的神,1064.577,1,16777215,2026-04-02 12:34:37,1154635809,1上,某人的梦（上）,鬼灭之刃 刀匠村篇,656835181
三哥：你等着看我无限城怎么演你,892.796,1,16777215,2026-04-02 11:41:56,1154635809,1上,某人的梦（上）,鬼灭之刃 刀匠村篇,656835181
精准踩雷,424.174,1,15138834,2026-04-02 08:55:17,1154635809,1上,某人的梦（上）,鬼灭之刃 刀匠村篇,656835181
来了,160.724,1,16777215,2026-04-02 07:20:15,1154635809,1上,某人的梦（上）,鬼灭之刃 刀匠村篇,656835181
好了点了,105.728,1,16777215,2026-04-02 07:19:20,1154635809,1上,某人的梦（上）,鬼灭之刃 刀匠村篇,656835181
我爱您啊,60.229,1,16777215,2026-04-02 07:18:35,1154635809,1上,某人的梦（上）,鬼灭之刃 刀匠村篇,656835181
义勇：你也没有被讨厌？,1031.623,1,16777215,2026-04-02 06:47:58,1154635809,1上,某人的梦（上）,鬼灭之刃 刀匠村篇,656835181
好可爱,875.535,1,16777215,2026-04-02 06:39:34,1154635809,1上,某人的梦（上）,鬼灭之刃 刀匠村篇,656835181
蝎:永恒的美才是艺术,724.032,1,16777215,2026-04-02 06:33:30,1154635809,1上,某人的梦（上）,鬼灭之刃 刀匠村篇,656835181
咋这萌。。,876.153,1,16777215,2026-04-01 23:32:01,1154635809,1上,某人的梦（上）,鬼灭之刃 刀匠村篇,656835181
三哥的小曲,949.293,5,16646914,2026-04-01 23:10:52,1154635809,1上,某人的梦（上）,鬼灭之刃 刀匠村篇,656835181
？我真服了玉壶,318.564,1,16777215,2026-04-01 22:37:27,1154635809,1上,某人的梦（上）,鬼灭之刃 刀匠村篇,656835181
可是他的眼睛真的很好看,536.873,1,8700107,2026-04-01 22:35:53,1154635809,1上,某人的梦（上）,鬼灭之刃 刀匠村篇,656835181
玉壶大人,279.317,1,16777215,2026-04-01 22:16:14,1154635809,1上,某人的梦（上）,鬼灭之刃 刀匠村篇,656835181
三哥被轮胎压了,955.979,1,16777215,2026-04-01 21:56:22,1154635809,1上,某人的梦（上）,鬼灭之刃 刀匠村篇,656835181
Ciaalo,76.557,1,16777215,2026-04-01 21:31:44,1154635809,1上,某人的梦（上）,鬼灭之刃 刀匠村篇,656835181
猗窝嘴,155.303,1,16777215,2026-04-01 21:15:41,1154635809,1上,某人的梦（上）,鬼灭之刃 刀匠村篇,656835181
教主大人！请收下我的膝盖！！！！！！,375.56,1,16777215,2026-04-01 21:12:29,1154635809,1上,某人的梦（上）,鬼灭之刃 刀匠村篇,656835181
坏了不关弹幕看不了了,26.744,1,16777215,2026-04-01 21:05:35,1154635809,1上,某人的梦（上）,鬼灭之刃 刀匠村篇,656835181
这是怎么个事儿,87.116,1,38979,2026-04-01 20:48:57,1154635809,1上,某人的梦（上）,鬼灭之刃 刀匠村篇,656835181
好萌,1040.985,1,16777215,2026-04-01 20:26:25,1154635809,1上,某人的梦（上）,鬼灭之刃 刀匠村篇,656835181
无惨太阳99,107.674,1,16777215,2026-04-01 19:09:51,1154635809,1上,某人的梦（上）,鬼灭之刃 刀匠村篇,656835181
主公,85.213,1,16777215,2026-04-01 19:04:11,1154635809,1上,某人的梦（上）,鬼灭之刃 刀匠村篇,656835181
才听出来是我爱罗,430.296,1,16777215,2026-04-01 18:36:59,1154635809,1上,某人的梦（上）,鬼灭之刃 刀匠村篇,656835181
月神降临了…,471.614,1,16777215,2026-04-01 17:41:17,1154635809,1上,某人的梦（上）,鬼灭之刃 刀匠村篇,656835181
我们华丽的见面了,18.786,1,16777215,2026-04-01 17:28:09,1154635809,1上,某人的梦（上）,鬼灭之刃 刀匠村篇,656835181
富公哦还有电梯做,246.355,1,38979,2026-04-01 16:48:01,1154635809,1上,某人的梦（上）,鬼灭之刃 刀匠村篇,656835181
噗哈哈,165.152,1,14811775,2026-04-01 16:46:11,1154635809,1上,某人的梦（上）,鬼灭之刃 刀匠村篇,656835181
无限城,131.944,1,14811775,2026-04-01 16:45:31,1154635809,1上,某人的梦（上）,鬼灭之刃 刀匠村篇,656835181
六六六,101.213,1,14811775,2026-04-01 16:44:52,1154635809,1上,某人的梦（上）,鬼灭之刃 刀匠村篇,656835181
教主大人我爱死你了！！！,390.398,1,16777215,2026-04-01 16:18:14,1154635809,1上,某人的梦（上）,鬼灭之刃 刀匠村篇,656835181
是六眼柠檬？是六眼老登？,935.037,5,16777215,2026-04-01 16:02:15,1154635809,1上,某人的梦（上）,鬼灭之刃 刀匠村篇,656835181
童磨=多动症,919.848,1,16777215,2026-04-01 16:00:20,1154635809,1上,某人的梦（上）,鬼灭之刃 刀匠村篇,656835181
玉壶…你…,804.392,1,16777215,2026-04-01 15:58:25,1154635809,1上,某人的梦（上）,鬼灭之刃 刀匠村篇,656835181
玉壶你脸泡个红茶啊,803.026,1,16777215,2026-04-01 15:58:01,1154635809,1上,某人的梦（上）,鬼灭之刃 刀匠村篇,656835181
三哥6,958.717,1,6830715,2026-04-01 15:07:46,1154635809,1上,某人的梦（上）,鬼灭之刃 刀匠村篇,656835181
真·六眼,937.298,1,15138834,2026-04-01 15:06:45,1154635809,1上,某人的梦（上）,鬼灭之刃 刀匠村篇,656835181
三哥:这个童磨一直在挑衅,912.125,1,16777215,2026-04-01 15:06:07,1154635809,1上,某人的梦（上）,鬼灭之刃 刀匠村篇,656835181
世界上的我:什么玩意？,885.331,1,16777215,2026-04-01 15:05:34,1154635809,1上,某人的梦（上）,鬼灭之刃 刀匠村篇,656835181
三哥来了。,832.083,1,16777215,2026-04-01 15:04:28,1154635809,1上,某人的梦（上）,鬼灭之刃 刀匠村篇,656835181
这就是街舞,809.554,1,16777215,2026-04-01 15:04:01,1154635809,1上,某人的梦（上）,鬼灭之刃 刀匠村篇,656835181
所以我是第一次看鬼灭之刃,491.944,1,16777215,2026-04-01 14:58:37,1154635809,1上,某人的梦（上）,鬼灭之刃 刀匠村篇,656835181
真的想知道我家你豆子去哪儿了？,427.09,1,16777215,2026-04-01 14:57:22,1154635809,1上,某人的梦（上）,鬼灭之刃 刀匠村篇,656835181
我就是第一次看鬼灭之刃,114.685,1,16777215,2026-04-01 14:51:19,1154635809,1上,某人的梦（上）,鬼灭之刃 刀匠村篇,656835181
妈妈妈妈妈妈妈妈妈妈妈妈妈妈妈妈,471.684,1,6830715,2026-04-01 14:39:41,1154635809,1上,某人的梦（上）,鬼灭之刃 刀匠村篇,656835181
午餐:我已急哭,1130.537,5,16777215,2026-04-01 14:16:53,1154635809,1上,某人的梦（上）,鬼灭之刃 刀匠村篇,656835181
你脸红个灯儿啊,452.292,1,16777215,2026-04-01 13:46:24,1154635809,1上,某人的梦（上）,鬼灭之刃 刀匠村篇,656835181
三哥回眸帅的要命,957.456,1,16777215,2026-04-01 12:43:58,1154635809,1上,某人的梦（上）,鬼灭之刃 刀匠村篇,656835181
三哥这一幕也好帅！,573.602,1,16777215,2026-04-01 12:35:56,1154635809,1上,某人的梦（上）,鬼灭之刃 刀匠村篇,656835181
三哥小猫咪真的好漂亮啊啊啊啊,357.175,1,16777215,2026-04-01 12:30:56,1154635809,1上,某人的梦（上）,鬼灭之刃 刀匠村篇,656835181
小猫咪皱眉啊啊啊,324.264,1,16777215,2026-04-01 12:28:25,1154635809,1上,某人的梦（上）,鬼灭之刃 刀匠村篇,656835181
小猫咪啊啊啊啊啊,227.539,1,16777215,2026-04-01 12:26:26,1154635809,1上,某人的梦（上）,鬼灭之刃 刀匠村篇,656835181
不会迷路吗？哈哈,140.922,1,16777215,2026-04-01 12:23:58,1154635809,1上,某人的梦（上）,鬼灭之刃 刀匠村篇,656835181
三哥这一幕真的帅死,148.011,1,16777215,2026-04-01 12:23:50,1154635809,1上,某人的梦（上）,鬼灭之刃 刀匠村篇,656835181
萌之萌之,881.624,1,15138834,2026-04-01 12:12:18,1154635809,1上,某人的梦（上）,鬼灭之刃 刀匠村篇,656835181
教主大人！！！,372.212,1,16777215,2026-04-01 12:05:36,1154635809,1上,某人的梦（上）,鬼灭之刃 刀匠村篇,656835181
自带音响的男人,143.357,1,16777215,2026-04-01 11:54:02,1154635809,1上,某人的梦（上）,鬼灭之刃 刀匠村篇,656835181
我靠，有点萌,524.879,1,16777215,2026-04-01 10:19:00,1154635809,1上,某人的梦（上）,鬼灭之刃 刀匠村篇,656835181
呜呜呜 为什么上弦伍不是正派啊 怪喜欢他的性格的,882.798,1,16777215,2026-04-01 08:21:29,1154635809,1上,某人的梦（上）,鬼灭之刃 刀匠村篇,656835181
炭香99,1236.023,1,16777215,2026-04-01 00:38:28,1154635809,1上,某人的梦（上）,鬼灭之刃 刀匠村篇,656835181
做死小能手魔童,615.188,1,16777215,2026-03-31 23:24:30,1154635809,1上,某人的梦（上）,鬼灭之刃 刀匠村篇,656835181
教主大人,382.597,1,16777215,2026-03-31 23:13:35,1154635809,1上,某人的梦（上）,鬼灭之刃 刀匠村篇,656835181
哇！！！好帅！！！,1138.673,1,16777215,2026-03-31 22:55:09,1154635809,1上,某人的梦（上）,鬼灭之刃 刀匠村篇,656835181
华丽,3.514,1,16777215,2026-03-31 21:48:41,1154635809,1上,某人的梦（上）,鬼灭之刃 刀匠村篇,656835181
所以是没有中配版吗,21.2,1,16777215,2026-03-31 21:38:30,1154635809,1上,某人的梦（上）,鬼灭之刃 刀匠村篇,656835181
来看蜜了,17.558,1,16777215,2026-03-31 21:26:46,1154635809,1上,某人的梦（上）,鬼灭之刃 刀匠村篇,656835181
别刷屏了行不行？每次看这个你们刷屏都这么多这么多这么多的，你快点别刷屏了行吗？,462.581,1,16777215,2026-03-31 21:21:51,1154635809,1上,某人的梦（上）,鬼灭之刃 刀匠村篇,656835181
恶鬼退散,153.429,1,16777215,2026-03-31 21:21:31,1154635809,1上,某人的梦（上）,鬼灭之刃 刀匠村篇,656835181
不对不对，他们是不是说了无慘,361.42,1,16777215,2026-03-31 21:20:23,1154635809,1上,某人的梦（上）,鬼灭之刃 刀匠村篇,656835181
童磨和义勇一样被讨厌了,1006.089,1,16777215,2026-03-31 21:03:09,1154635809,1上,某人的梦（上）,鬼灭之刃 刀匠村篇,656835181
研究色素吗？有点意思,515.926,1,16777215,2026-03-31 20:44:10,1154635809,1上,某人的梦（上）,鬼灭之刃 刀匠村篇,656835181
哪个上弦,80.822,1,16777215,2026-03-31 20:31:55,1154635809,1上,某人的梦（上）,鬼灭之刃 刀匠村篇,656835181
 等一下，等一下这俩人怎么都？,1008.361,1,16777215,2026-03-31 20:14:17,1154635809,1上,某人的梦（上）,鬼灭之刃 刀匠村篇,656835181
 没事的哈，死不了,941.605,1,16777215,2026-03-31 20:13:02,1154635809,1上,某人的梦（上）,鬼灭之刃 刀匠村篇,656835181
 字面意思,454.233,1,16777215,2026-03-31 20:05:25,1154635809,1上,某人的梦（上）,鬼灭之刃 刀匠村篇,656835181
你们都是在看的人吗？,173.83,1,16777215,2026-03-31 20:00:38,1154635809,1上,某人的梦（上）,鬼灭之刃 刀匠村篇,656835181
 激动至极,91.305,1,16777215,2026-03-31 19:59:00,1154635809,1上,某人的梦（上）,鬼灭之刃 刀匠村篇,656835181
我去这弹幕,22.16,1,16777215,2026-03-31 19:27:14,1154635809,1上,某人的梦（上）,鬼灭之刃 刀匠村篇,656835181
咋这么萌,880.71,1,16777215,2026-03-31 19:10:16,1154635809,1上,某人的梦（上）,鬼灭之刃 刀匠村篇,656835181
好阴,725.587,1,16777215,2026-03-31 19:07:34,1154635809,1上,某人的梦（上）,鬼灭之刃 刀匠村篇,656835181
猗窝座像只小猫哈气,884.505,1,15138834,2026-03-31 16:07:44,1154635809,1上,某人的梦（上）,鬼灭之刃 刀匠村篇,656835181
黑死牟主人,847.815,1,6830715,2026-03-31 16:06:55,1154635809,1上,某人的梦（上）,鬼灭之刃 刀匠村篇,656835181
上弦一头上的…疤…,944.838,1,16777215,2026-03-31 09:49:32,1154635809,1上,某人的梦（上）,鬼灭之刃 刀匠村篇,656835181
这个上弦一是初代鬼灭队员，第一个长纹的剑士吧,976.691,1,16777215,2026-03-30 23:25:16,1154635809,1上,某人的梦（上）,鬼灭之刃 刀匠村篇,656835181
三哥：一定要是童磨啊，一定要是童磨啊，一定要是童磨,145.268,1,15138834,2026-03-30 22:58:54,1154635809,1上,某人的梦（上）,鬼灭之刃 刀匠村篇,656835181
666实验归零（虽然也没啥进度）,660.229,1,16777215,2026-03-30 22:45:23,1154635809,1上,某人的梦（上）,鬼灭之刃 刀匠村篇,656835181
我的妈呀，大姐,906.815,1,6830715,2026-03-30 21:57:44,1154635809,1上,某人的梦（上）,鬼灭之刃 刀匠村篇,656835181
我不行了，帅死我了,712.071,1,15138834,2026-03-30 21:53:59,1154635809,1上,某人的梦（上）,鬼灭之刃 刀匠村篇,656835181
猗窝座：担心，担心到想让你死～,387.848,1,16777215,2026-03-30 21:03:17,1154635809,1上,某人的梦（上）,鬼灭之刃 刀匠村篇,656835181
再强，打不到就没用了（透透）,301.487,1,16777215,2026-03-30 21:00:47,1154635809,1上,某人的梦（上）,鬼灭之刃 刀匠村篇,656835181
无惨:那我算什么？,1172.415,1,16777215,2026-03-30 20:15:58,1154635809,1上,某人的梦（上）,鬼灭之刃 刀匠村篇,656835181
二刷,41.31,1,16777215,2026-03-30 20:02:39,1154635809,1上,某人的梦（上）,鬼灭之刃 刀匠村篇,656835181
鸣女大人！,263.795,1,16777215,2026-03-30 19:47:05,1154635809,1上,某人的梦（上）,鬼灭之刃 刀匠村篇,656835181
三哥！,143.794,1,16777215,2026-03-30 19:45:41,1154635809,1上,某人的梦（上）,鬼灭之刃 刀匠村篇,656835181
____________________________________________________________________________________,505.73,1,16777215,2026-03-30 19:36:18,1154635809,1上,某人的梦（上）,鬼灭之刃 刀匠村篇,656835181
无惨最严厉的父亲,1061.085,1,16777215,2026-03-30 19:22:50,1154635809,1上,某人的梦（上）,鬼灭之刃 刀匠村篇,656835181
又见面了！,0.148,1,16777215,2026-03-30 18:48:37,1154635809,1上,某人的梦（上）,鬼灭之刃 刀匠村篇,656835181
这个没有中文版的吗？,64.458,1,16777215,2026-03-30 18:46:06,1154635809,1上,某人的梦（上）,鬼灭之刃 刀匠村篇,656835181
这个没有中文版的吗？,59.935,1,16777215,2026-03-30 18:45:58,1154635809,1上,某人的梦（上）,鬼灭之刃 刀匠村篇,656835181
妈妈妈妈,472.676,1,16777215,2026-03-30 14:59:54,1154635809,1上,某人的梦（上）,鬼灭之刃 刀匠村篇,656835181
四小只,48.839,1,16777215,2026-03-30 14:14:09,1154635809,1上,某人的梦（上）,鬼灭之刃 刀匠村篇,656835181
为什么不一起去？,785.486,1,16777215,2026-03-30 13:51:11,1154635809,1上,某人的梦（上）,鬼灭之刃 刀匠村篇,656835181
我靠我靠我靠帅我一脸,1130.58,1,16777215,2026-03-30 13:16:26,1154635809,1上,某人的梦（上）,鬼灭之刃 刀匠村篇,656835181
啊你怎么这么可爱,1029.208,1,16777215,2026-03-30 13:12:53,1154635809,1上,某人的梦（上）,鬼灭之刃 刀匠村篇,656835181
太华丽了，太华丽了,648.923,1,16777215,2026-03-30 13:04:03,1154635809,1上,某人的梦（上）,鬼灭之刃 刀匠村篇,656835181
三哥也很帅啊,842.96,1,16777215,2026-03-30 13:00:23,1154635809,1上,某人的梦（上）,鬼灭之刃 刀匠村篇,656835181
哎呦帅哥你谁！,395.959,1,16777215,2026-03-30 12:54:30,1154635809,1上,某人的梦（上）,鬼灭之刃 刀匠村篇,656835181
我在吃饭，一定要长这样吗。。。,346.399,1,16777215,2026-03-30 12:53:06,1154635809,1上,某人的梦（上）,鬼灭之刃 刀匠村篇,656835181
童磨不需要每次都踩着老大的底线说话,673.265,1,16777215,2026-03-30 12:40:42,1154635809,1上,某人的梦（上）,鬼灭之刃 刀匠村篇,656835181
上下悬开会差距太大了。,541.685,1,16777215,2026-03-30 12:38:00,1154635809,1上,某人的梦（上）,鬼灭之刃 刀匠村篇,656835181
好想看透透打玉壶啊。,302.725,1,16777215,2026-03-30 12:33:55,1154635809,1上,某人的梦（上）,鬼灭之刃 刀匠村篇,656835181
童磨死的比三哥晚吧。,263.505,1,16777215,2026-03-30 12:33:09,1154635809,1上,某人的梦（上）,鬼灭之刃 刀匠村篇,656835181
缘一！！！,1067.891,1,16777215,2026-03-30 12:32:28,1154635809,1上,某人的梦（上）,鬼灭之刃 刀匠村篇,656835181
六六六。 演技はもうやめた。上弦が3回跳ねた。,201.628,1,16777215,2026-03-30 10:19:33,1154635809,1上,某人的梦（上）,鬼灭之刃 刀匠村篇,656835181
黑死me,479.168,1,16777215,2026-03-30 06:38:17,1154635809,1上,某人的梦（上）,鬼灭之刃 刀匠村篇,656835181
你这壶没有对称轴,292.878,1,16777215,2026-03-30 06:34:35,1154635809,1上,某人的梦（上）,鬼灭之刃 刀匠村篇,656835181
666还有互动环节,142.461,1,16777215,2026-03-29 23:49:05,1154635809,1上,某人的梦（上）,鬼灭之刃 刀匠村篇,656835181
好丑的鬼,322.408,1,16777215,2026-03-29 22:57:46,1154635809,1上,某人的梦（上）,鬼灭之刃 刀匠村篇,656835181
这是我妈咪,478.086,1,6830715,2026-03-29 22:29:58,1154635809,1上,某人的梦（上）,鬼灭之刃 刀匠村篇,656835181
炭治郎可以获得继国缘一体验卡了,786.109,1,16777215,2026-03-29 22:23:23,1154635809,1上,某人的梦（上）,鬼灭之刃 刀匠村篇,656835181
帽子感觉是长在头上的,602.598,1,16777215,2026-03-29 22:04:14,1154635809,1上,某人的梦（上）,鬼灭之刃 刀匠村篇,656835181
一点鬼样也没有,556.608,1,16777215,2026-03-29 22:03:19,1154635809,1上,某人的梦（上）,鬼灭之刃 刀匠村篇,656835181
哈哈哈哈啊啊啊啊啊啊啊啊啊啊啊啊啊啊啊啊帅哥啊！,1131.565,1,16707842,2026-03-29 21:51:12,1154635809,1上,某人的梦（上）,鬼灭之刃 刀匠村篇,656835181
缘一你是否也幻想里无数次,1084.128,1,16707842,2026-03-29 21:50:07,1154635809,1上,某人的梦（上）,鬼灭之刃 刀匠村篇,656835181
缘一！啊啊啊啊啊啊啊啊啊啊啊啊啊啊,1058.43,1,16707842,2026-03-29 21:48:29,1154635809,1上,某人的梦（上）,鬼灭之刃 刀匠村篇,656835181
给孩子吓成傻了,988.133,1,16777215,2026-03-29 21:47:00,1154635809,1上,某人的梦（上）,鬼灭之刃 刀匠村篇,656835181
这孩子真会说话,913.868,1,16777215,2026-03-29 21:41:20,1154635809,1上,某人的梦（上）,鬼灭之刃 刀匠村篇,656835181
为什么黑死牟不在外边,659.806,1,16707842,2026-03-29 21:29:57,1154635809,1上,某人的梦（上）,鬼灭之刃 刀匠村篇,656835181
在诗的坟前,620.978,1,16777215,2026-03-29 21:28:43,1154635809,1上,某人的梦（上）,鬼灭之刃 刀匠村篇,656835181
若是真的找到了蓝色彼岸花，那公这几个上弦鬼就没有用了，所以还是摸鱼吧,684.087,1,16777215,2026-03-29 21:20:50,1154635809,1上,某人的梦（上）,鬼灭之刃 刀匠村篇,656835181
炭治郎:这是我太爷爷 ？,1193.174,1,16707842,2026-03-29 20:55:20,1154635809,1上,某人的梦（上）,鬼灭之刃 刀匠村篇,656835181
可爱！！！！！！！！,1032.426,1,16707842,2026-03-29 20:52:08,1154635809,1上,某人的梦（上）,鬼灭之刃 刀匠村篇,656835181
三哥,962.602,1,15772458,2026-03-29 20:50:45,1154635809,1上,某人的梦（上）,鬼灭之刃 刀匠村篇,656835181
琵琶消息。,1027.15,1,16777215,2026-03-29 20:49:57,1154635809,1上,某人的梦（上）,鬼灭之刃 刀匠村篇,656835181
把玉壶头摘下来了 ？,701.738,1,11890,2026-03-29 20:44:40,1154635809,1上,某人的梦（上）,鬼灭之刃 刀匠村篇,656835181
蓝色彼岸花在白天开 ，你但凡不在阳光底下沐浴 ？,656.96,1,41194,2026-03-29 20:43:07,1154635809,1上,某人的梦（上）,鬼灭之刃 刀匠村篇,656835181
看的时候好刀啊 ,563.178,1,15138834,2026-03-29 20:40:02,1154635809,1上,某人的梦（上）,鬼灭之刃 刀匠村篇,656835181
白色的这个鬼好帅。,389.384,1,16777215,2026-03-29 20:39:01,1154635809,1上,某人的梦（上）,鬼灭之刃 刀匠村篇,656835181
老板,503.445,1,14811775,2026-03-29 20:38:45,1154635809,1上,某人的梦（上）,鬼灭之刃 刀匠村篇,656835181
第一眼看成了缘一 ,473.408,1,6830715,2026-03-29 20:37:58,1154635809,1上,某人的梦（上）,鬼灭之刃 刀匠村篇,656835181
他不应该叫玉狐，应该叫丑狐。,320.387,1,16777215,2026-03-29 20:37:35,1154635809,1上,某人的梦（上）,鬼灭之刃 刀匠村篇,656835181
我拆过他的卡。,277.613,1,16777215,2026-03-29 20:36:45,1154635809,1上,某人的梦（上）,鬼灭之刃 刀匠村篇,656835181
三哥 你在哪里 ？,421.717,1,15138834,2026-03-29 20:36:36,1154635809,1上,某人的梦（上）,鬼灭之刃 刀匠村篇,656835181
弹幕护体开启！！！,263.156,1,16777215,2026-03-29 20:36:20,1154635809,1上,某人的梦（上）,鬼灭之刃 刀匠村篇,656835181
三哥你在哪里。？,170.173,1,16777215,2026-03-29 20:15:56,1154635809,1上,某人的梦（上）,鬼灭之刃 刀匠村篇,656835181
华丽开会,130.173,1,16777215,2026-03-29 20:01:24,1154635809,1上,某人的梦（上）,鬼灭之刃 刀匠村篇,656835181
三哥,146.539,5,41194,2026-03-29 19:55:44,1154635809,1上,某人的梦（上）,鬼灭之刃 刀匠村篇,656835181
经费在燃烧,129.173,1,16707842,2026-03-29 19:55:21,1154635809,1上,某人的梦（上）,鬼灭之刃 刀匠村篇,656835181
窝窝头来了,394.109,1,16777215,2026-03-29 19:51:08,1154635809,1上,某人的梦（上）,鬼灭之刃 刀匠村篇,656835181
他们不是炸死了吗？,72.488,1,16777215,2026-03-29 19:45:35,1154635809,1上,某人的梦（上）,鬼灭之刃 刀匠村篇,656835181
你脸红个泡泡茶壶啊,804.718,1,16777215,2026-03-29 19:24:03,1154635809,1上,某人的梦（上）,鬼灭之刃 刀匠村篇,656835181
阿玛特拉斯,741.954,1,16777215,2026-03-29 19:19:39,1154635809,1上,某人的梦（上）,鬼灭之刃 刀匠村篇,656835181
虽然三哥很帅，但是还我大哥,172.39,1,16777215,2026-03-29 19:10:00,1154635809,1上,某人的梦（上）,鬼灭之刃 刀匠村篇,656835181
还是给,730.513,1,16777215,2026-03-29 19:05:55,1154635809,1上,某人的梦（上）,鬼灭之刃 刀匠村篇,656835181
还是我推帅,181.534,1,41194,2026-03-29 18:55:41,1154635809,1上,某人的梦（上）,鬼灭之刃 刀匠村篇,656835181
在脸红个泡泡茶壶啊,709.773,1,16777215,2026-03-29 18:28:19,1154635809,1上,某人的梦（上）,鬼灭之刃 刀匠村篇,656835181
 我们又华丽丽的见面了。,24.365,1,16777215,2026-03-29 18:19:38,1154635809,1上,某人的梦（上）,鬼灭之刃 刀匠村篇,656835181
各位，我们又华丽的相见了。,0.377,1,16777215,2026-03-29 18:18:50,1154635809,1上,某人的梦（上）,鬼灭之刃 刀匠村篇,656835181
刚才有没有人看淤郭篇,15.16,1,16777215,2026-03-29 17:18:40,1154635809,1上,某人的梦（上）,鬼灭之刃 刀匠村篇,656835181
卡哇伊！,876.396,1,16777215,2026-03-29 17:14:44,1154635809,1上,某人的梦（上）,鬼灭之刃 刀匠村篇,656835181
鸣女鸟都不鸟你好吧。,1013.108,5,15138834,2026-03-29 17:10:23,1154635809,1上,某人的梦（上）,鬼灭之刃 刀匠村篇,656835181
猗窝座SO：当然担心，担心死的不是你。,385.569,1,16777215,2026-03-29 16:49:47,1154635809,1上,某人的梦（上）,鬼灭之刃 刀匠村篇,656835181
怎么这么多弹幕？整个屏幕下面都是,124.099,1,16777215,2026-03-29 16:49:24,1154635809,1上,某人的梦（上）,鬼灭之刃 刀匠村篇,656835181
！！！！！,7.6,1,16777215,2026-03-29 16:35:46,1154635809,1上,某人的梦（上）,鬼灭之刃 刀匠村篇,656835181
童磨怎么有点像那种短剧里的心机女？,912.402,1,16777215,2026-03-29 16:22:22,1154635809,1上,某人的梦（上）,鬼灭之刃 刀匠村篇,656835181
三哥你在哪里~,174.696,1,16777215,2026-03-29 16:03:56,1154635809,1上,某人的梦（上）,鬼灭之刃 刀匠村篇,656835181
终于看到童磨了好好看,542.128,1,14811775,2026-03-29 15:54:45,1154635809,1上,某人的梦（上）,鬼灭之刃 刀匠村篇,656835181
给我给我给我给我给我给我给我给我给我给我给我给我给我，给我给我给我给我给我给我给我给我给我给我给我给给我给给我给我给我给我给我给我给我给,537.405,1,16777215,2026-03-29 15:51:46,1154635809,1上,某人的梦（上）,鬼灭之刃 刀匠村篇,656835181
好想把三哥的眼睛挖出来,238.81,1,16777215,2026-03-29 15:46:33,1154635809,1上,某人的梦（上）,鬼灭之刃 刀匠村篇,656835181
冷知识：蓝色彼岸花在白天开,631.64,1,16777215,2026-03-29 15:33:52,1154635809,1上,某人的梦（上）,鬼灭之刃 刀匠村篇,656835181
420人,593.08,1,16777215,2026-03-29 15:32:55,1154635809,1上,某人的梦（上）,鬼灭之刃 刀匠村篇,656835181
终于来了！！！,11.702,1,41194,2026-03-29 15:25:20,1154635809,1上,某人的梦（上）,鬼灭之刃 刀匠村篇,656835181
无限城来了呀,115.619,1,16777215,2026-03-29 14:32:15,1154635809,1上,某人的梦（上）,鬼灭之刃 刀匠村篇,656835181
黑死牟，大家闺秀,480.123,1,16777215,2026-03-29 14:19:37,1154635809,1上,某人的梦（上）,鬼灭之刃 刀匠村篇,656835181
不交水费的吗？,249.13,1,16777215,2026-03-29 14:18:16,1154635809,1上,某人的梦（上）,鬼灭之刃 刀匠村篇,656835181
童磨！,397.552,1,16777215,2026-03-29 14:16:07,1154635809,1上,某人的梦（上）,鬼灭之刃 刀匠村篇,656835181
这镜头有点阴啊,168.44,1,16777215,2026-03-29 14:10:38,1154635809,1上,某人的梦（上）,鬼灭之刃 刀匠村篇,656835181
尿壶,295.387,1,16777215,2026-03-29 13:36:24,1154635809,1上,某人的梦（上）,鬼灭之刃 刀匠村篇,656835181
好帅,1139.301,1,16777215,2026-03-29 13:31:51,1154635809,1上,某人的梦（上）,鬼灭之刃 刀匠村篇,656835181
经费：太燃了,250.049,1,16777215,2026-03-29 13:19:56,1154635809,1上,某人的梦（上）,鬼灭之刃 刀匠村篇,656835181
人话：质数,346.952,1,16777215,2026-03-29 13:15:08,1154635809,1上,某人的梦（上）,鬼灭之刃 刀匠村篇,656835181
人话：质数,347.379,1,16777215,2026-03-29 13:14:23,1154635809,1上,某人的梦（上）,鬼灭之刃 刀匠村篇,656835181
也是炭炭他祖宗,1078.373,1,16777215,2026-03-29 12:38:49,1154635809,1上,某人的梦（上）,鬼灭之刃 刀匠村篇,656835181
妈妈来的日黑九,474.463,1,16707842,2026-03-29 12:31:43,1154635809,1上,某人的梦（上）,鬼灭之刃 刀匠村篇,656835181
非战斗人员请撤离,275.729,1,16707842,2026-03-29 12:28:19,1154635809,1上,某人的梦（上）,鬼灭之刃 刀匠村篇,656835181
有人吗？,10.945,1,14811775,2026-03-29 11:49:50,1154635809,1上,某人的梦（上）,鬼灭之刃 刀匠村篇,656835181
我来了,24.605,1,8700107,2026-03-29 11:23:37,1154635809,1上,某人的梦（上）,鬼灭之刃 刀匠村篇,656835181
嘎嗒嘎嗒。,800.014,1,16777215,2026-03-29 11:22:51,1154635809,1上,某人的梦（上）,鬼灭之刃 刀匠村篇,656835181
弹幕别说无惨了，就是上一听到这也得气死,1176.428,1,16777215,2026-03-29 10:22:45,1154635809,1上,某人的梦（上）,鬼灭之刃 刀匠村篇,656835181
(￣口￣)!!,786.297,1,11890,2026-03-29 09:54:42,1154635809,1上,某人的梦（上）,鬼灭之刃 刀匠村篇,656835181
尿壶可爱,367.451,1,11890,2026-03-29 09:53:53,1154635809,1上,某人的梦（上）,鬼灭之刃 刀匠村篇,656835181
尿壶阁下,283.384,1,16707842,2026-03-29 09:46:14,1154635809,1上,某人的梦（上）,鬼灭之刃 刀匠村篇,656835181
缘神,1065.029,1,16777215,2026-03-29 09:41:54,1154635809,1上,某人的梦（上）,鬼灭之刃 刀匠村篇,656835181
二哥被讨厌了,1032.369,1,16777215,2026-03-29 09:39:48,1154635809,1上,某人的梦（上）,鬼灭之刃 刀匠村篇,656835181
三哥真的是生气小猫,329.757,1,16777215,2026-03-29 09:34:37,1154635809,1上,某人的梦（上）,鬼灭之刃 刀匠村篇,656835181
不对称的壶,287.396,1,16777215,2026-03-29 09:31:38,1154635809,1上,某人的梦（上）,鬼灭之刃 刀匠村篇,656835181
被魇梦附身了,727.825,1,16777215,2026-03-29 09:31:24,1154635809,1上,某人的梦（上）,鬼灭之刃 刀匠村篇,656835181
有没有一种可能蓝色彼岸花在白天开,632.289,1,16777215,2026-03-29 09:29:09,1154635809,1上,某人的梦（上）,鬼灭之刃 刀匠村篇,656835181
好美,1136.885,1,16777215,2026-03-29 01:38:32,1154635809,1上,某人的梦（上）,鬼灭之刃 刀匠村篇,656835181
666还是个m,721.195,1,16777215,2026-03-29 01:22:30,1154635809,1上,某人的梦（上）,鬼灭之刃 刀匠村篇,656835181
三哥不满他吃女人,462.695,1,16777215,2026-03-28 23:50:19,1154635809,1上,某人的梦（上）,鬼灭之刃 刀匠村篇,656835181
摸摸头：耶，今天不用洗脸了,428.033,1,16777215,2026-03-28 23:32:58,1154635809,1上,某人的梦（上）,鬼灭之刃 刀匠村篇,656835181
a来了,15.861,1,16777215,2026-03-28 22:09:34,1154635809,1上,某人的梦（上）,鬼灭之刃 刀匠村篇,656835181
啊啊啊啊啊啊,452.145,1,41194,2026-03-28 21:46:40,1154635809,1上,某人的梦（上）,鬼灭之刃 刀匠村篇,656835181
AH,449.065,1,16777215,2026-03-28 21:46:24,1154635809,1上,某人的梦（上）,鬼灭之刃 刀匠村篇,656835181
三哥！,150.434,1,16777215,2026-03-28 21:04:54,1154635809,1上,某人的梦（上）,鬼灭之刃 刀匠村篇,656835181
好哇塞呀,711.158,1,16777215,2026-03-28 20:58:42,1154635809,1上,某人的梦（上）,鬼灭之刃 刀匠村篇,656835181
好可爱！！！！！！！！！！！！！！！,1215.54,1,16777215,2026-03-28 20:57:08,1154635809,1上,某人的梦（上）,鬼灭之刃 刀匠村篇,656835181
啊啊啊啊啊啊啊啊啊啊啊啊啊！帅啊啊啊啊啊啊啊啊啊啊啊啊啊！,1138.046,1,16777215,2026-03-28 20:55:51,1154635809,1上,某人的梦（上）,鬼灭之刃 刀匠村篇,656835181
缘一！！,1065.251,1,16777215,2026-03-28 20:54:38,1154635809,1上,某人的梦（上）,鬼灭之刃 刀匠村篇,656835181
我都可以不清你谁是探制了,1137.473,1,16777215,2026-03-28 20:44:53,1154635809,1上,某人的梦（上）,鬼灭之刃 刀匠村篇,656835181
阿卡萨,857.432,1,16777215,2026-03-28 20:40:51,1154635809,1上,某人的梦（上）,鬼灭之刃 刀匠村篇,656835181
名场面,828.827,1,16777215,2026-03-28 20:40:16,1154635809,1上,某人的梦（上）,鬼灭之刃 刀匠村篇,656835181
这是婴儿和大人的结合体吗？,308.246,1,16777215,2026-03-28 20:30:55,1154635809,1上,某人的梦（上）,鬼灭之刃 刀匠村篇,656835181
实验结果倒退100年,645.536,1,16777215,2026-03-28 20:30:12,1154635809,1上,某人的梦（上）,鬼灭之刃 刀匠村篇,656835181
628人出来,584.735,1,6830715,2026-03-28 20:26:38,1154635809,1上,某人的梦（上）,鬼灭之刃 刀匠村篇,656835181
啊！！！童磨童磨童磨！！！,374.744,1,16777215,2026-03-28 20:25:39,1154635809,1上,某人的梦（上）,鬼灭之刃 刀匠村篇,656835181
实验失败。,650.658,1,16777215,2026-03-28 20:25:21,1154635809,1上,某人的梦（上）,鬼灭之刃 刀匠村篇,656835181
三哥:你行你去找,637.651,1,15138834,2026-03-28 20:04:48,1154635809,1上,某人的梦（上）,鬼灭之刃 刀匠村篇,656835181
冷知识试管不能超过1/3,507.304,1,16777215,2026-03-28 20:04:36,1154635809,1上,某人的梦（上）,鬼灭之刃 刀匠村篇,656835181
无惨，这个帅气,707.488,1,16777215,2026-03-28 19:49:39,1154635809,1上,某人的梦（上）,鬼灭之刃 刀匠村篇,656835181
三哥,155.56,1,16777215,2026-03-28 19:48:37,1154635809,1上,某人的梦（上）,鬼灭之刃 刀匠村篇,656835181
炭香99.,1230.123,1,16777215,2026-03-28 18:55:01,1154635809,1上,某人的梦（上）,鬼灭之刃 刀匠村篇,656835181
六哥六妹晚安，并幸福,36.369,1,15138834,2026-03-28 18:38:45,1154635809,1上,某人的梦（上）,鬼灭之刃 刀匠村篇,656835181
六哥六妹晚安，并幸福,34.259,1,15138834,2026-03-28 18:38:38,1154635809,1上,某人的梦（上）,鬼灭之刃 刀匠村篇,656835181
六哥六妹晚安，并幸福,32.949,1,15138834,2026-03-28 18:38:34,1154635809,1上,某人的梦（上）,鬼灭之刃 刀匠村篇,656835181
六哥六妹晚安，并幸福,31.703,1,15138834,2026-03-28 18:38:29,1154635809,1上,某人的梦（上）,鬼灭之刃 刀匠村篇,656835181
六哥六妹晚安，并幸福,28.668,1,15138834,2026-03-28 18:38:16,1154635809,1上,某人的梦（上）,鬼灭之刃 刀匠村篇,656835181
长的是真像炭治郎,1077.374,1,15138834,2026-03-28 18:36:22,1154635809,1上,某人的梦（上）,鬼灭之刃 刀匠村篇,656835181
外卖到了,1050.447,1,15138834,2026-03-28 18:35:23,1154635809,1上,某人的梦（上）,鬼灭之刃 刀匠村篇,656835181
无惨：他闭上四个眼睛可吓人了,934.645,1,15138834,2026-03-28 18:32:54,1154635809,1上,某人的梦（上）,鬼灭之刃 刀匠村篇,656835181
萌之萌之,876.97,1,14811775,2026-03-28 18:31:17,1154635809,1上,某人的梦（上）,鬼灭之刃 刀匠村篇,656835181
无惨不要我要,538.162,1,15138834,2026-03-28 18:24:52,1154635809,1上,某人的梦（上）,鬼灭之刃 刀匠村篇,656835181
三哥∶一定是童磨吧！,190.503,1,16777215,2026-03-28 18:23:41,1154635809,1上,某人的梦（上）,鬼灭之刃 刀匠村篇,656835181
妈妈妈妈妈妈妈妈妈妈,462.159,1,15138834,2026-03-28 18:22:55,1154635809,1上,某人的梦（上）,鬼灭之刃 刀匠村篇,656835181
鸣女声音好听,366.316,1,8700107,2026-03-28 18:20:57,1154635809,1上,某人的梦（上）,鬼灭之刃 刀匠村篇,656835181
鸣女声音是真好听,358.381,1,8700107,2026-03-28 18:20:10,1154635809,1上,某人的梦（上）,鬼灭之刃 刀匠村篇,656835181
尿壶,290.475,1,8700107,2026-03-28 18:18:11,1154635809,1上,某人的梦（上）,鬼灭之刃 刀匠村篇,656835181
666，童磨家这么大,205.117,1,8700107,2026-03-28 18:16:26,1154635809,1上,某人的梦（上）,鬼灭之刃 刀匠村篇,656835181
三哥,144.847,1,8700107,2026-03-28 18:15:00,1154635809,1上,某人的梦（上）,鬼灭之刃 刀匠村篇,656835181
三哥！,142.267,1,8700107,2026-03-28 18:14:51,1154635809,1上,某人的梦（上）,鬼灭之刃 刀匠村篇,656835181
黑死咪！！,471.112,1,16777215,2026-03-28 18:10:31,1154635809,1上,某人的梦（上）,鬼灭之刃 刀匠村篇,656835181
不要把镜头给尿壶啊 丑到我了,675.067,1,16777215,2026-03-28 17:45:09,1154635809,1上,某人的梦（上）,鬼灭之刃 刀匠村篇,656835181
尿壶丑到我了,311.865,1,16777215,2026-03-28 17:41:09,1154635809,1上,某人的梦（上）,鬼灭之刃 刀匠村篇,656835181
尿壶登场,306.786,1,16777215,2026-03-28 17:40:46,1154635809,1上,某人的梦（上）,鬼灭之刃 刀匠村篇,656835181
我去，童磨真帅,377.279,1,16777215,2026-03-28 17:27:22,1154635809,1上,某人的梦（上）,鬼灭之刃 刀匠村篇,656835181
三哥：雄鹰一般巡视领地,145.259,1,16777215,2026-03-28 17:23:06,1154635809,1上,某人的梦（上）,鬼灭之刃 刀匠村篇,656835181
2刷,10.057,1,6830715,2026-03-28 16:06:16,1154635809,1上,某人的梦（上）,鬼灭之刃 刀匠村篇,656835181
参见教主！,381.891,1,16777215,2026-03-28 14:04:37,1154635809,1上,某人的梦（上）,鬼灭之刃 刀匠村篇,656835181
一直在挑衅我,414.38,5,16777215,2026-03-28 13:58:55,1154635809,1上,某人的梦（上）,鬼灭之刃 刀匠村篇,656835181
季严胜！,469.521,1,6830715,2026-03-28 13:40:51,1154635809,1上,某人的梦（上）,鬼灭之刃 刀匠村篇,656835181
脸红了,805.441,1,14811775,2026-03-28 13:36:37,1154635809,1上,某人的梦（上）,鬼灭之刃 刀匠村篇,656835181
第一印象：好丑,307.485,5,16777215,2026-03-28 13:36:03,1154635809,1上,某人的梦（上）,鬼灭之刃 刀匠村篇,656835181
吃瓜群“众″,757.761,1,14811775,2026-03-28 13:35:39,1154635809,1上,某人的梦（上）,鬼灭之刃 刀匠村篇,656835181
同魔道场,206.477,1,15138834,2026-03-28 13:34:27,1154635809,1上,某人的梦（上）,鬼灭之刃 刀匠村篇,656835181
上弦:压力一下上来了,641.409,1,14811775,2026-03-28 13:33:21,1154635809,1上,某人的梦（上）,鬼灭之刃 刀匠村篇,656835181
其乐融融的无限城,948.008,1,16777215,2026-03-28 13:33:17,1154635809,1上,某人的梦（上）,鬼灭之刃 刀匠村篇,656835181
既然是三哥,143.157,1,15138834,2026-03-28 13:33:07,1154635809,1上,某人的梦（上）,鬼灭之刃 刀匠村篇,656835181
代表月亮消灭你,92.997,1,15138834,2026-03-28 13:32:09,1154635809,1上,某人的梦（上）,鬼灭之刃 刀匠村篇,656835181
累呢？,370.987,1,14811775,2026-03-28 13:26:10,1154635809,1上,某人的梦（上）,鬼灭之刃 刀匠村篇,656835181
好狗？,348.097,1,14811775,2026-03-28 13:25:39,1154635809,1上,某人的梦（上）,鬼灭之刃 刀匠村篇,656835181
恐怖音乐,270.55,1,14811775,2026-03-28 13:24:11,1154635809,1上,某人的梦（上）,鬼灭之刃 刀匠村篇,656835181
救命呀，太帅了,224.939,1,14811775,2026-03-28 13:23:14,1154635809,1上,某人的梦（上）,鬼灭之刃 刀匠村篇,656835181
果然三哥是最看得入眼的。,357.085,1,16777215,2026-03-28 13:23:12,1154635809,1上,某人的梦（上）,鬼灭之刃 刀匠村篇,656835181
反了,174.635,1,16777215,2026-03-28 13:21:28,1154635809,1上,某人的梦（上）,鬼灭之刃 刀匠村篇,656835181
无限。城,165.291,1,16777215,2026-03-28 13:21:04,1154635809,1上,某人的梦（上）,鬼灭之刃 刀匠村篇,656835181
Hello大家好,2.4,1,16777215,2026-03-28 12:47:15,1154635809,1上,某人的梦（上）,鬼灭之刃 刀匠村篇,656835181
ber...,288.478,1,16777215,2026-03-28 12:42:28,1154635809,1上,某人的梦（上）,鬼灭之刃 刀匠村篇,656835181
三哥的小虎牙好可爱。,358.162,1,8700107,2026-03-28 12:22:35,1154635809,1上,某人的梦（上）,鬼灭之刃 刀匠村篇,656835181
炭香99,1237.153,1,16777215,2026-03-28 12:04:21,1154635809,1上,某人的梦（上）,鬼灭之刃 刀匠村篇,656835181
啊，是玉壶啊，我还以为是尿壶,337.073,1,16777215,2026-03-28 11:36:10,1154635809,1上,某人的梦（上）,鬼灭之刃 刀匠村篇,656835181
他不知道蓝色彼岸花是在白天开的吗？,649.956,1,16777215,2026-03-28 11:31:57,1154635809,1上,某人的梦（上）,鬼灭之刃 刀匠村篇,656835181
我去这个好气人哈哈哈哈哈哈哈,902.938,1,16777215,2026-03-28 11:27:08,1154635809,1上,某人的梦（上）,鬼灭之刃 刀匠村篇,656835181
 我操！,246.053,1,16777215,2026-03-28 11:25:03,1154635809,1上,某人的梦（上）,鬼灭之刃 刀匠村篇,656835181
我去,15.639,1,41194,2026-03-28 10:49:26,1154635809,1上,某人的梦（上）,鬼灭之刃 刀匠村篇,656835181
我才没有惹人厌,1015.765,5,15138834,2026-03-28 10:48:13,1154635809,1上,某人的梦（上）,鬼灭之刃 刀匠村篇,656835181
我没有被讨厌,1014.082,5,15138834,2026-03-28 10:48:02,1154635809,1上,某人的梦（上）,鬼灭之刃 刀匠村篇,656835181
香奈乎当时停下的时候，我还以为网卡了,1217.087,1,15138834,2026-03-28 10:45:37,1154635809,1上,某人的梦（上）,鬼灭之刃 刀匠村篇,656835181
不敢想，如果黑死眸得了近视眼该配几副眼镜？,941.204,1,15138834,2026-03-28 10:40:41,1154635809,1上,某人的梦（上）,鬼灭之刃 刀匠村篇,656835181
呃，这个身高和这个人体比例,875.455,1,15138834,2026-03-28 10:38:01,1154635809,1上,某人的梦（上）,鬼灭之刃 刀匠村篇,656835181
义勇:果然我们都没有被讨厌,1031.153,5,15138834,2026-03-28 10:35:09,1154635809,1上,某人的梦（上）,鬼灭之刃 刀匠村篇,656835181
我没有被讨厌,1014.456,5,15138834,2026-03-28 10:34:22,1154635809,1上,某人的梦（上）,鬼灭之刃 刀匠村篇,656835181
经费,663.146,1,15138834,2026-03-28 10:33:23,1154635809,1上,某人的梦（上）,鬼灭之刃 刀匠村篇,656835181
六筒,939.55,5,15138834,2026-03-28 10:33:02,1154635809,1上,某人的梦（上）,鬼灭之刃 刀匠村篇,656835181
无惨你不要给我,543.764,1,15138834,2026-03-28 10:30:40,1154635809,1上,某人的梦（上）,鬼灭之刃 刀匠村篇,656835181
这是我们班会最温柔的时候,768.239,5,16777215,2026-03-28 10:29:50,1154635809,1上,某人的梦（上）,鬼灭之刃 刀匠村篇,656835181
黑死谋,459.626,1,15138834,2026-03-28 10:28:46,1154635809,1上,某人的梦（上）,鬼灭之刃 刀匠村篇,656835181
好可爱,50.768,1,16777215,2026-03-28 10:28:11,1154635809,1上,某人的梦（上）,鬼灭之刃 刀匠村篇,656835181
别剧透了好吗。,133.583,1,16777215,2026-03-28 10:25:08,1154635809,1上,某人的梦（上）,鬼灭之刃 刀匠村篇,656835181
286个人出来,107.028,1,15138834,2026-03-28 10:22:12,1154635809,1上,某人的梦（上）,鬼灭之刃 刀匠村篇,656835181
你不觉得这个封面真的很神圣嘛？,4.7,1,16777215,2026-03-28 10:05:47,1154635809,1上,某人的梦（上）,鬼灭之刃 刀匠村篇,656835181
是魔童,398.317,1,16777215,2026-03-28 09:30:35,1154635809,1上,某人的梦（上）,鬼灭之刃 刀匠村篇,656835181
摸不着头脑,839.536,1,16777215,2026-03-28 09:08:45,1154635809,1上,某人的梦（上）,鬼灭之刃 刀匠村篇,656835181
又华丽的见面了呢,17.49,1,16777215,2026-03-28 08:41:02,1154635809,1上,某人的梦（上）,鬼灭之刃 刀匠村篇,656835181
童磨依旧嘲讽,914.196,1,16777215,2026-03-28 08:28:14,1154635809,1上,某人的梦（上）,鬼灭之刃 刀匠村篇,656835181
你问问下弦敢不敢这样说话 或者心里这么想 好吧 doge,614.149,1,16777215,2026-03-28 01:32:22,1154635809,1上,某人的梦（上）,鬼灭之刃 刀匠村篇,656835181
它专吃女人和小孩的别被迷惑了！！,884.983,1,16777215,2026-03-28 00:40:34,1154635809,1上,某人的梦（上）,鬼灭之刃 刀匠村篇,656835181
可爱,348.241,1,16777215,2026-03-28 00:26:44,1154635809,1上,某人的梦（上）,鬼灭之刃 刀匠村篇,656835181
阿卡萨童磨～,990.925,1,16777215,2026-03-27 23:59:14,1154635809,1上,某人的梦（上）,鬼灭之刃 刀匠村篇,656835181
感觉三哥好命苦 每天都是这种同事 就一个上一正常,331.108,1,14811775,2026-03-27 23:28:46,1154635809,1上,某人的梦（上）,鬼灭之刃 刀匠村篇,656835181
无惨：这壶想的都是什么啊……,735.947,1,16777215,2026-03-27 23:01:33,1154635809,1上,某人的梦（上）,鬼灭之刃 刀匠村篇,656835181
无惨非常重视上弦，不然绝对不会开会,658.777,1,16777215,2026-03-27 22:59:41,1154635809,1上,某人的梦（上）,鬼灭之刃 刀匠村篇,656835181
好可爱！！！,877.89,1,16777215,2026-03-27 22:35:38,1154635809,1上,某人的梦（上）,鬼灭之刃 刀匠村篇,656835181
前方高能！,397.186,1,16777215,2026-03-27 22:15:54,1154635809,1上,某人的梦（上）,鬼灭之刃 刀匠村篇,656835181
哎呀，我的妈呀，这个童模好可爱,876.464,1,16777215,2026-03-27 21:18:56,1154635809,1上,某人的梦（上）,鬼灭之刃 刀匠村篇,656835181
夺命三连问,634.884,1,16777215,2026-03-27 21:14:29,1154635809,1上,某人的梦（上）,鬼灭之刃 刀匠村篇,656835181
夺命三连问,618.784,1,16777215,2026-03-27 21:14:07,1154635809,1上,某人的梦（上）,鬼灭之刃 刀匠村篇,656835181
哇塞，馍馍头,370.64,1,16777215,2026-03-27 21:09:20,1154635809,1上,某人的梦（上）,鬼灭之刃 刀匠村篇,656835181
哎呦，不行了，这个尿壶,285.76,1,16777215,2026-03-27 21:07:37,1154635809,1上,某人的梦（上）,鬼灭之刃 刀匠村篇,656835181
三哥！,139.26,1,16777215,2026-03-27 21:05:05,1154635809,1上,某人的梦（上）,鬼灭之刃 刀匠村篇,656835181
无限城开大会喽！,113.58,1,16777215,2026-03-27 21:04:30,1154635809,1上,某人的梦（上）,鬼灭之刃 刀匠村篇,656835181
有种真人的感觉,817.942,5,16707842,2026-03-27 20:44:20,1154635809,1上,某人的梦（上）,鬼灭之刃 刀匠村篇,656835181
神的背影,1060.827,1,15138834,2026-03-27 20:38:33,1154635809,1上,某人的梦（上）,鬼灭之刃 刀匠村篇,656835181
？这个尿壶在脸红啥呀？,723.293,1,16777215,2026-03-27 20:29:44,1154635809,1上,某人的梦（上）,鬼灭之刃 刀匠村篇,656835181
主公！！！,96.984,1,16777215,2026-03-27 20:23:25,1154635809,1上,某人的梦（上）,鬼灭之刃 刀匠村篇,656835181
蝴蝶效应,92.199,1,16777215,2026-03-27 20:00:13,1154635809,1上,某人的梦（上）,鬼灭之刃 刀匠村篇,656835181
嗨！,16.45,1,16777215,2026-03-27 19:20:48,1154635809,1上,某人的梦（上）,鬼灭之刃 刀匠村篇,656835181
这无惨老扫了,491.993,1,15138834,2026-03-27 19:19:50,1154635809,1上,某人的梦（上）,鬼灭之刃 刀匠村篇,656835181
自己的无能不会只会只会反怒于手下。你太无能了，无惨。,583.014,1,16777215,2026-03-27 19:02:59,1154635809,1上,某人的梦（上）,鬼灭之刃 刀匠村篇,656835181
教主大人！,373.059,1,14811775,2026-03-27 18:28:06,1154635809,1上,某人的梦（上）,鬼灭之刃 刀匠村篇,656835181
我的眼睛 救命,313.597,1,16777215,2026-03-27 18:26:36,1154635809,1上,某人的梦（上）,鬼灭之刃 刀匠村篇,656835181
稠死了，，，,303.996,1,16777215,2026-03-27 18:26:03,1154635809,1上,某人的梦（上）,鬼灭之刃 刀匠村篇,656835181
三哥！,146.247,1,14811775,2026-03-27 18:23:22,1154635809,1上,某人的梦（上）,鬼灭之刃 刀匠村篇,656835181
来电了,125.665,1,14811775,2026-03-27 18:22:55,1154635809,1上,某人的梦（上）,鬼灭之刃 刀匠村篇,656835181
午餐哈哈,94.873,1,14811775,2026-03-27 18:22:20,1154635809,1上,某人的梦（上）,鬼灭之刃 刀匠村篇,656835181
心疼主公,38.419,1,14811775,2026-03-27 18:21:19,1154635809,1上,某人的梦（上）,鬼灭之刃 刀匠村篇,656835181
这一个黄毛有病。,449.156,1,16707842,2026-03-27 18:08:38,1154635809,1上,某人的梦（上）,鬼灭之刃 刀匠村篇,656835181
雷神：你说你追求永恒？,698.734,1,4351678,2026-03-27 17:51:16,1154635809,1上,某人的梦（上）,鬼灭之刃 刀匠村篇,656835181
漪窝座是战士，童磨是远程冰法师，猗窝座会吃亏。,891.348,1,16777215,2026-03-27 17:43:15,1154635809,1上,某人的梦（上）,鬼灭之刃 刀匠村篇,656835181
尿壶,294.715,1,16777215,2026-03-27 14:16:11,1154635809,1上,某人的梦（上）,鬼灭之刃 刀匠村篇,656835181
天真残忍的反社会人格障碍,1040.582,1,16777215,2026-03-27 12:21:31,1154635809,1上,某人的梦（上）,鬼灭之刃 刀匠村篇,656835181
经典蜜汁笑容,878.282,1,16777215,2026-03-27 07:18:14,1154635809,1上,某人的梦（上）,鬼灭之刃 刀匠村篇,656835181
这里不让80同事,846.121,1,16777215,2026-03-26 22:42:01,1154635809,1上,某人的梦（上）,鬼灭之刃 刀匠村篇,656835181
OverDrive!!,87.302,1,16777215,2026-03-26 22:19:12,1154635809,1上,某人的梦（上）,鬼灭之刃 刀匠村篇,656835181
哦？还有波纹疾走的事？doge,78.326,1,16777215,2026-03-26 22:18:54,1154635809,1上,某人的梦（上）,鬼灭之刃 刀匠村篇,656835181
真。。。真可爱啊,338.759,1,16777215,2026-03-26 22:16:40,1154635809,1上,某人的梦（上）,鬼灭之刃 刀匠村篇,656835181
眼睛尖一点就会在碳炭治郎家发现。,635.479,1,16777215,2026-03-26 21:41:55,1154635809,1上,某人的梦（上）,鬼灭之刃 刀匠村篇,656835181
好像灰太狼,388.85,1,16777215,2026-03-26 21:39:29,1154635809,1上,某人的梦（上）,鬼灭之刃 刀匠村篇,656835181
看我干嘛,152.293,1,16777215,2026-03-26 21:36:33,1154635809,1上,某人的梦（上）,鬼灭之刃 刀匠村篇,656835181
猗窝座:那个老二竟然还没寄（怒）,372.45,5,15138834,2026-03-26 21:31:01,1154635809,1上,某人的梦（上）,鬼灭之刃 刀匠村篇,656835181
哈喽,14.978,1,16777215,2026-03-26 21:16:16,1154635809,1上,某人的梦（上）,鬼灭之刃 刀匠村篇,656835181
怎么这么可爱,915.482,1,16777215,2026-03-26 21:11:51,1154635809,1上,某人的梦（上）,鬼灭之刃 刀匠村篇,656835181
这个弹幕数量我求了,101.073,1,41194,2026-03-26 20:53:41,1154635809,1上,某人的梦（上）,鬼灭之刃 刀匠村篇,656835181
这明显是香奈湖好吧。,1148.14,1,14811775,2026-03-26 20:45:17,1154635809,1上,某人的梦（上）,鬼灭之刃 刀匠村篇,656835181
继国你是不是重生了？,1124.66,1,14811775,2026-03-26 20:44:47,1154635809,1上,某人的梦（上）,鬼灭之刃 刀匠村篇,656835181
灶门炭吉,1076.222,1,11890,2026-03-26 20:37:00,1154635809,1上,某人的梦（上）,鬼灭之刃 刀匠村篇,656835181
好萌啊，我的心要被萌化了,880.638,1,11890,2026-03-26 20:33:00,1154635809,1上,某人的梦（上）,鬼灭之刃 刀匠村篇,656835181
我感觉他就是上弦里面最丑的。,310.84,1,14811775,2026-03-26 20:30:41,1154635809,1上,某人的梦（上）,鬼灭之刃 刀匠村篇,656835181
三哥,171.64,1,14811775,2026-03-26 20:28:17,1154635809,1上,某人的梦（上）,鬼灭之刃 刀匠村篇,656835181
全是反派,581.417,1,11890,2026-03-26 20:27:20,1154635809,1上,某人的梦（上）,鬼灭之刃 刀匠村篇,656835181
鸣女那大眼睛瞪的死你,366.206,1,11890,2026-03-26 20:22:50,1154635809,1上,某人的梦（上）,鬼灭之刃 刀匠村篇,656835181
三哥、二哥、大哥都太帅了,352.51,1,16777215,2026-03-26 20:21:47,1154635809,1上,某人的梦（上）,鬼灭之刃 刀匠村篇,656835181
上二其实能躲开，挥拳的时候已经知道了,439.656,1,16777215,2026-03-26 20:09:59,1154635809,1上,某人的梦（上）,鬼灭之刃 刀匠村篇,656835181
错，已经23代了。,97.203,1,16777215,2026-03-26 20:06:22,1154635809,1上,某人的梦（上）,鬼灭之刃 刀匠村篇,656835181
好萌的童魔,881.531,1,16777215,2026-03-26 19:25:04,1154635809,1上,某人的梦（上）,鬼灭之刃 刀匠村篇,656835181
我记得好像有个恐龙原型就是他（我错了）,344.394,1,16777215,2026-03-26 19:15:13,1154635809,1上,某人的梦（上）,鬼灭之刃 刀匠村篇,656835181
哈喽！我来了~,3.667,1,16777215,2026-03-26 18:04:27,1154635809,1上,某人的梦（上）,鬼灭之刃 刀匠村篇,656835181
卡哇木里不是戏弄的意思吗！,919.014,1,16777215,2026-03-26 12:23:01,1154635809,1上,某人的梦（上）,鬼灭之刃 刀匠村篇,656835181
唯一努力工作的员工,800.176,1,16777215,2026-03-26 12:20:53,1154635809,1上,某人的梦（上）,鬼灭之刃 刀匠村篇,656835181
大家闺秀来了,469.438,1,6830715,2026-03-26 04:55:38,1154635809,1上,某人的梦（上）,鬼灭之刃 刀匠村篇,656835181
严胜！！！,465.939,1,6830715,2026-03-26 04:55:01,1154635809,1上,某人的梦（上）,鬼灭之刃 刀匠村篇,656835181
我起鸡皮疙瘩….,933.096,1,16777215,2026-03-26 01:42:53,1154635809,1上,某人的梦（上）,鬼灭之刃 刀匠村篇,656835181
你这壶不对称啊,288.337,1,8700107,2026-03-26 01:07:23,1154635809,1上,某人的梦（上）,鬼灭之刃 刀匠村篇,656835181
此乃何物？,303.869,1,16777215,2026-03-25 23:43:11,1154635809,1上,某人的梦（上）,鬼灭之刃 刀匠村篇,656835181
无惨：？。,1185.047,1,16777215,2026-03-25 22:25:20,1154635809,1上,某人的梦（上）,鬼灭之刃 刀匠村篇,656835181
三哥要气炸了,935.536,1,16777215,2026-03-25 22:12:41,1154635809,1上,某人的梦（上）,鬼灭之刃 刀匠村篇,656835181
教主大人好萌啊,884.67,1,16777215,2026-03-25 22:11:38,1154635809,1上,某人的梦（上）,鬼灭之刃 刀匠村篇,656835181
开会了,143.892,1,16777215,2026-03-25 21:56:41,1154635809,1上,某人的梦（上）,鬼灭之刃 刀匠村篇,656835181
经费城,251.265,1,16777215,2026-03-25 21:02:04,1154635809,1上,某人的梦（上）,鬼灭之刃 刀匠村篇,656835181
觉得童磨死而高兴的直接蹦起来了的三哥/,195.684,1,16777215,2026-03-25 21:01:02,1154635809,1上,某人的梦（上）,鬼灭之刃 刀匠村篇,656835181
咯咯哒！,52.272,1,16777215,2026-03-25 20:58:41,1154635809,1上,某人的梦（上）,鬼灭之刃 刀匠村篇,656835181
华丽的见面了。,10.491,1,16777215,2026-03-25 20:47:55,1154635809,1上,某人的梦（上）,鬼灭之刃 刀匠村篇,656835181
恶鬼退散,106.159,1,16777215,2026-03-25 19:44:40,1154635809,1上,某人的梦（上）,鬼灭之刃 刀匠村篇,656835181
三哥！！！你,160.759,1,14811775,2026-03-25 19:09:21,1154635809,1上,某人的梦（上）,鬼灭之刃 刀匠村篇,656835181
这个头发让我想起来是谁了,485.28,5,16777215,2026-03-25 18:49:58,1154635809,1上,某人的梦（上）,鬼灭之刃 刀匠村篇,656835181
紫色贝利亚,476.711,1,16777215,2026-03-25 18:46:31,1154635809,1上,某人的梦（上）,鬼灭之刃 刀匠村篇,656835181
心疼主公100年,61.56,5,16777215,2026-03-25 18:42:47,1154635809,1上,某人的梦（上）,鬼灭之刃 刀匠村篇,656835181
有人吗？,561.186,1,16777215,2026-03-25 17:19:18,1154635809,1上,某人的梦（上）,鬼灭之刃 刀匠村篇,656835181
六眼飞鱼～,936.786,1,16777215,2026-03-25 17:19:14,1154635809,1上,某人的梦（上）,鬼灭之刃 刀匠村篇,656835181
流言蜚语～,935.065,1,16777215,2026-03-25 17:19:04,1154635809,1上,某人的梦（上）,鬼灭之刃 刀匠村篇,656835181
哈哈哈哈没人和他玩,1035.498,1,16777215,2026-03-25 16:36:15,1154635809,1上,某人的梦（上）,鬼灭之刃 刀匠村篇,656835181
三哥:一直挑衅我,391.46,1,16777215,2026-03-25 15:13:51,1154635809,1上,某人的梦（上）,鬼灭之刃 刀匠村篇,656835181
不是啥及川彻，不要乱说,1000.388,1,16777215,2026-03-25 13:25:03,1154635809,1上,某人的梦（上）,鬼灭之刃 刀匠村篇,656835181
三哥：他有病吧？,449.3,1,16777215,2026-03-25 13:13:43,1154635809,1上,某人的梦（上）,鬼灭之刃 刀匠村篇,656835181
(你到底在脸红什么啊喂,805.69,1,16777215,2026-03-25 04:04:23,1154635809,1上,某人的梦（上）,鬼灭之刃 刀匠村篇,656835181
义勇：难道你也没被讨厌？,1020.243,1,16777215,2026-03-24 23:46:23,1154635809,1上,某人的梦（上）,鬼灭之刃 刀匠村篇,656835181
琵琶女是上弦几啊,744.968,1,16777215,2026-03-24 23:41:07,1154635809,1上,某人的梦（上）,鬼灭之刃 刀匠村篇,656835181
三哥好帅童魔也好帅,392.051,1,16777215,2026-03-24 23:34:12,1154635809,1上,某人的梦（上）,鬼灭之刃 刀匠村篇,656835181
三哥好帅,249.486,1,16777215,2026-03-24 23:31:15,1154635809,1上,某人的梦（上）,鬼灭之刃 刀匠村篇,656835181
对，又是我,19.973,1,16777215,2026-03-24 23:28:19,1154635809,1上,某人的梦（上）,鬼灭之刃 刀匠村篇,656835181
笑死我了，鬼见愁来了,997.624,1,16777215,2026-03-24 23:16:42,1154635809,1上,某人的梦（上）,鬼灭之刃 刀匠村篇,656835181
救命好喜欢他,1031.933,5,38979,2026-03-24 22:32:21,1154635809,1上,某人的梦（上）,鬼灭之刃 刀匠村篇,656835181
我靠好帅,396.037,5,16777215,2026-03-24 22:18:26,1154635809,1上,某人的梦（上）,鬼灭之刃 刀匠村篇,656835181
万世极乐！！！,407.911,1,16777215,2026-03-24 22:09:00,1154635809,1上,某人的梦（上）,鬼灭之刃 刀匠村篇,656835181
好危险好可爱，但是小月亮真的好可爱,860.26,1,16777215,2026-03-24 21:21:03,1154635809,1上,某人的梦（上）,鬼灭之刃 刀匠村篇,656835181
可以让岩胜点天灯吗,496.849,1,16777215,2026-03-24 21:13:29,1154635809,1上,某人的梦（上）,鬼灭之刃 刀匠村篇,656835181
炭香99,1221.692,1,16777215,2026-03-24 21:06:38,1154635809,1上,某人的梦（上）,鬼灭之刃 刀匠村篇,656835181
嘿，大家好,26.549,1,16777215,2026-03-24 21:04:35,1154635809,1上,某人的梦（上）,鬼灭之刃 刀匠村篇,656835181
我以为我拿反了（bushi）,765.728,1,16777215,2026-03-24 21:01:31,1154635809,1上,某人的梦（上）,鬼灭之刃 刀匠村篇,656835181
啊啊啊教主大人,398.14,1,16777215,2026-03-24 19:37:35,1154635809,1上,某人的梦（上）,鬼灭之刃 刀匠村篇,656835181
恭迎教主！！！,374.248,1,16777215,2026-03-24 19:37:10,1154635809,1上,某人的梦（上）,鬼灭之刃 刀匠村篇,656835181
三哥,142.594,1,16777215,2026-03-24 19:32:11,1154635809,1上,某人的梦（上）,鬼灭之刃 刀匠村篇,656835181
有人吗？,887.543,1,16777215,2026-03-24 19:19:57,1154635809,1上,某人的梦（上）,鬼灭之刃 刀匠村篇,656835181
hi？,882.852,1,16777215,2026-03-24 19:19:40,1154635809,1上,某人的梦（上）,鬼灭之刃 刀匠村篇,656835181
继国卡卡兹,1105.316,1,16777215,2026-03-24 19:16:12,1154635809,1上,某人的梦（上）,鬼灭之刃 刀匠村篇,656835181
华丽的我又华丽的来了,20.851,5,16777215,2026-03-24 18:54:08,1154635809,1上,某人的梦（上）,鬼灭之刃 刀匠村篇,656835181
！！！,15.711,1,16777215,2026-03-24 18:53:53,1154635809,1上,某人的梦（上）,鬼灭之刃 刀匠村篇,656835181
鬼故事：条已过半,620.381,1,16777215,2026-03-24 17:10:24,1154635809,1上,某人的梦（上）,鬼灭之刃 刀匠村篇,656835181
《经费之刃》,126.024,1,16777215,2026-03-24 16:56:12,1154635809,1上,某人的梦（上）,鬼灭之刃 刀匠村篇,656835181
但凡多派去一个,786.142,1,16777215,2026-03-24 16:46:40,1154635809,1上,某人的梦（上）,鬼灭之刃 刀匠村篇,656835181
华丽的见面了各位！,19.603,1,16777215,2026-03-24 16:32:33,1154635809,1上,某人的梦（上）,鬼灭之刃 刀匠村篇,656835181
你们家基因真强大啊,1078.176,1,16777215,2026-03-24 12:29:40,1154635809,1上,某人的梦（上）,鬼灭之刃 刀匠村篇,656835181
：我没有被讨厌！！,1011.934,1,16777215,2026-03-24 12:28:22,1154635809,1上,某人的梦（上）,鬼灭之刃 刀匠村篇,656835181
童磨：我没有被讨厌喔～,903.343,1,16777215,2026-03-24 12:22:46,1154635809,1上,某人的梦（上）,鬼灭之刃 刀匠村篇,656835181
三哥：我不杀他只是因为打不过,450.609,1,16777215,2026-03-24 11:50:56,1154635809,1上,某人的梦（上）,鬼灭之刃 刀匠村篇,656835181
老石田彰了,175.957,1,16777215,2026-03-24 11:44:44,1154635809,1上,某人的梦（上）,鬼灭之刃 刀匠村篇,656835181
拒绝冷暴力,1030.345,1,16777215,2026-03-24 08:12:19,1154635809,1上,某人的梦（上）,鬼灭之刃 刀匠村篇,656835181
同事：不熟,1012.819,1,16777215,2026-03-24 08:10:35,1154635809,1上,某人的梦（上）,鬼灭之刃 刀匠村篇,656835181
蛋仔（邪恶版）,1000.204,1,16777215,2026-03-24 08:09:27,1154635809,1上,某人的梦（上）,鬼灭之刃 刀匠村篇,656835181
壶：情绪稳定,963.662,1,16777215,2026-03-24 08:06:33,1154635809,1上,某人的梦（上）,鬼灭之刃 刀匠村篇,656835181
不高兴与说怪话,899.709,1,16777215,2026-03-24 08:02:42,1154635809,1上,某人的梦（上）,鬼灭之刃 刀匠村篇,656835181
mamo还是顶,619.278,1,16777215,2026-03-24 07:50:32,1154635809,1上,某人的梦（上）,鬼灭之刃 刀匠村篇,656835181
壶在这群里面居然是正常人役吗,419.112,1,16777215,2026-03-24 07:41:40,1154635809,1上,某人的梦（上）,鬼灭之刃 刀匠村篇,656835181
经费爆炸啊,136.71,1,16777215,2026-03-23 23:11:25,1154635809,1上,某人的梦（上）,鬼灭之刃 刀匠村篇,656835181
嗯对,508.239,1,16777215,2026-03-23 23:01:04,1154635809,1上,某人的梦（上）,鬼灭之刃 刀匠村篇,656835181
可爱成啥了？,877.346,1,16777215,2026-03-23 22:51:07,1154635809,1上,某人的梦（上）,鬼灭之刃 刀匠村篇,656835181
无惨妈妈,741.496,1,16777215,2026-03-23 22:48:20,1154635809,1上,某人的梦（上）,鬼灭之刃 刀匠村篇,656835181
你把生命当什么了！,1065.536,1,16777215,2026-03-23 22:46:22,1154635809,1上,某人的梦（上）,鬼灭之刃 刀匠村篇,656835181
欢迎宝妈自学中医的午餐,494.368,1,8700107,2026-03-23 22:43:20,1154635809,1上,某人的梦（上）,鬼灭之刃 刀匠村篇,656835181
这是炭治郎祖宗朋友的同胞哥哥，全剧最强缘一的哥哥,479.298,1,6830715,2026-03-23 22:42:47,1154635809,1上,某人的梦（上）,鬼灭之刃 刀匠村篇,656835181
妈妈！！,464.494,1,6830715,2026-03-23 22:41:44,1154635809,1上,某人的梦（上）,鬼灭之刃 刀匠村篇,656835181
这完全就是大家闺秀啊！！,464.494,1,6830715,2026-03-23 22:41:27,1154635809,1上,某人的梦（上）,鬼灭之刃 刀匠村篇,656835181
不对称的壶,291.159,1,16777215,2026-03-23 21:50:44,1154635809,1上,某人的梦（上）,鬼灭之刃 刀匠村篇,656835181
今天天气好好，我要带无惨出去晒太阳！,116.492,1,16777215,2026-03-23 21:49:19,1154635809,1上,某人的梦（上）,鬼灭之刃 刀匠村篇,656835181
也没丑到哪去吧一定要说出来吗。而且岩胜人类时期也是很帅的。其次上弦之一不是炭治郎他爹是继国缘一的哥哥,941.447,1,15138834,2026-03-23 20:56:28,1154635809,1上,某人的梦（上）,鬼灭之刃 刀匠村篇,656835181
五刷,12.058,1,16777215,2026-03-23 20:43:39,1154635809,1上,某人的梦（上）,鬼灭之刃 刀匠村篇,656835181
不会迷路吗？,126.585,1,15138834,2026-03-23 20:15:37,1154635809,1上,某人的梦（上）,鬼灭之刃 刀匠村篇,656835181
这么多弹幕,83.798,1,16777215,2026-03-23 19:27:43,1154635809,1上,某人的梦（上）,鬼灭之刃 刀匠村篇,656835181
弹幕怎么在刷一拳超人,51.073,1,16777215,2026-03-23 19:15:59,1154635809,1上,某人的梦（上）,鬼灭之刃 刀匠村篇,656835181
又见面了,15.556,5,16777215,2026-03-23 18:55:19,1154635809,1上,某人的梦（上）,鬼灭之刃 刀匠村篇,656835181
华丽,16.551,1,6830715,2026-03-23 18:32:58,1154635809,1上,某人的梦（上）,鬼灭之刃 刀匠村篇,656835181
这个嫌弃的眼神我爱了,434.437,1,16777215,2026-03-23 16:14:00,1154635809,1上,某人的梦（上）,鬼灭之刃 刀匠村篇,656835181
真梦到了太爷爷,1207.042,1,16777215,2026-03-23 16:10:14,1154635809,1上,某人的梦（上）,鬼灭之刃 刀匠村篇,656835181
三哥：一定得是童磨,195.712,1,16777215,2026-03-23 15:49:33,1154635809,1上,某人的梦（上）,鬼灭之刃 刀匠村篇,656835181
笑死我了,733.426,5,16777215,2026-03-23 11:06:46,1154635809,1上,某人的梦（上）,鬼灭之刃 刀匠村篇,656835181
太帅了这颜值这五官,715.421,5,16777215,2026-03-23 11:06:10,1154635809,1上,某人的梦（上）,鬼灭之刃 刀匠村篇,656835181
颜值攻击我,713.543,1,16777215,2026-03-23 11:05:50,1154635809,1上,某人的梦（上）,鬼灭之刃 刀匠村篇,656835181
为啥没中文版啊,3.546,1,16777215,2026-03-23 10:50:50,1154635809,1上,某人的梦（上）,鬼灭之刃 刀匠村篇,656835181
缘一是无一郎祖宗,1127.186,1,16777215,2026-03-23 08:50:51,1154635809,1上,某人的梦（上）,鬼灭之刃 刀匠村篇,656835181
上二去了之后就完了,1009.426,1,16777215,2026-03-23 08:48:23,1154635809,1上,某人的梦（上）,鬼灭之刃 刀匠村篇,656835181
黑死牟可是实力最接近无惨的人,889.021,1,16777215,2026-03-23 08:46:06,1154635809,1上,某人的梦（上）,鬼灭之刃 刀匠村篇,656835181
感觉上一像纪律委员三个像学生,864.274,1,16777215,2026-03-23 08:45:16,1154635809,1上,某人的梦（上）,鬼灭之刃 刀匠村篇,656835181
老二还有老五都是怪性格所以是朋友,453.223,1,16777215,2026-03-23 08:37:57,1154635809,1上,某人的梦（上）,鬼灭之刃 刀匠村篇,656835181
我的妈呀，还是个m,726.774,1,16777215,2026-03-23 06:53:41,1154635809,1上,某人的梦（上）,鬼灭之刃 刀匠村篇,656835181
简直丑到不忍直视,310.137,1,16777215,2026-03-23 03:02:57,1154635809,1上,某人的梦（上）,鬼灭之刃 刀匠村篇,656835181
这一部一开始就是敌人班子开会,420.68,1,16777215,2026-03-22 23:40:02,1154635809,1上,某人的梦（上）,鬼灭之刃 刀匠村篇,656835181
他自己还不是差点被我大哥干死,258.194,1,16777215,2026-03-22 23:36:52,1154635809,1上,某人的梦（上）,鬼灭之刃 刀匠村篇,656835181
这个是炭治朗啊？,1107.552,1,16777215,2026-03-22 23:02:14,1154635809,1上,某人的梦（上）,鬼灭之刃 刀匠村篇,656835181
240人,88.33,1,16777215,2026-03-22 22:44:21,1154635809,1上,某人的梦（上）,鬼灭之刃 刀匠村篇,656835181
教主大人,374.552,1,16777215,2026-03-22 22:13:23,1154635809,1上,某人的梦（上）,鬼灭之刃 刀匠村篇,656835181
那299个人出来吧,185.581,1,16777215,2026-03-22 22:07:21,1154635809,1上,某人的梦（上）,鬼灭之刃 刀匠村篇,656835181
华丽,1143.136,1,16777215,2026-03-22 21:50:46,1154635809,1上,某人的梦（上）,鬼灭之刃 刀匠村篇,656835181
华丽,945.096,1,16777215,2026-03-22 21:47:21,1154635809,1上,某人的梦（上）,鬼灭之刃 刀匠村篇,656835181
爱上了,68.372,1,16777215,2026-03-22 21:34:36,1154635809,1上,某人的梦（上）,鬼灭之刃 刀匠村篇,656835181
华丽,776.754,1,16777215,2026-03-22 21:31:13,1154635809,1上,某人的梦（上）,鬼灭之刃 刀匠村篇,656835181
华丽,699.398,1,16777215,2026-03-22 21:29:51,1154635809,1上,某人的梦（上）,鬼灭之刃 刀匠村篇,656835181
华丽,683.783,1,16777215,2026-03-22 21:29:32,1154635809,1上,某人的梦（上）,鬼灭之刃 刀匠村篇,656835181
童磨上面那个是头盖骨吗？,408.628,1,16777215,2026-03-22 21:21:35,1154635809,1上,某人的梦（上）,鬼灭之刃 刀匠村篇,656835181
阿玛特拉斯,740.491,1,16777215,2026-03-22 21:09:48,1154635809,1上,某人的梦（上）,鬼灭之刃 刀匠村篇,656835181
开暴君了,630.043,1,16777215,2026-03-22 21:07:42,1154635809,1上,某人的梦（上）,鬼灭之刃 刀匠村篇,656835181
笑死我了，当玻璃球玩儿,538.152,1,16777215,2026-03-22 21:06:02,1154635809,1上,某人的梦（上）,鬼灭之刃 刀匠村篇,656835181
无惨大人！！！,504.512,1,16777215,2026-03-22 21:05:22,1154635809,1上,某人的梦（上）,鬼灭之刃 刀匠村篇,656835181
其实我觉得琵琶女也挺可爱的,456.888,1,16777215,2026-03-22 21:04:27,1154635809,1上,某人的梦（上）,鬼灭之刃 刀匠村篇,656835181
你这壶不对称啊,307.132,1,16777215,2026-03-22 21:01:46,1154635809,1上,某人的梦（上）,鬼灭之刃 刀匠村篇,656835181
跟我一起念99！,1227.093,1,16777215,2026-03-22 20:57:07,1154635809,1上,某人的梦（上）,鬼灭之刃 刀匠村篇,656835181
一起念九九,1208.063,1,16777215,2026-03-22 20:56:33,1154635809,1上,某人的梦（上）,鬼灭之刃 刀匠村篇,656835181
华丽,565.387,1,16777215,2026-03-22 20:49:09,1154635809,1上,某人的梦（上）,鬼灭之刃 刀匠村篇,656835181
华丽,507.613,1,16777215,2026-03-22 20:48:08,1154635809,1上,某人的梦（上）,鬼灭之刃 刀匠村篇,656835181
哈哈哈哈哈,9.561,1,16777215,2026-03-22 20:46:08,1154635809,1上,某人的梦（上）,鬼灭之刃 刀匠村篇,656835181
魔童啊啊啊啊啊啊啊啊！,386.534,1,16777215,2026-03-22 20:43:18,1154635809,1上,某人的梦（上）,鬼灭之刃 刀匠村篇,656835181
来嘞,122.725,1,16777215,2026-03-22 20:39:29,1154635809,1上,某人的梦（上）,鬼灭之刃 刀匠村篇,656835181
26年的前来报到！,18.775,1,16777215,2026-03-22 20:37:11,1154635809,1上,某人的梦（上）,鬼灭之刃 刀匠村篇,656835181
我觉得义勇和上二像啊 ,1034.563,1,16777215,2026-03-22 20:27:00,1154635809,1上,某人的梦（上）,鬼灭之刃 刀匠村篇,656835181
居然是尿壶,291.005,1,16777215,2026-03-22 20:25:57,1154635809,1上,某人的梦（上）,鬼灭之刃 刀匠村篇,656835181
三哥:一定是童磨死了，一定是童磨死了,166.58,1,16777215,2026-03-22 20:24:53,1154635809,1上,某人的梦（上）,鬼灭之刃 刀匠村篇,656835181
好可爱,1033.985,1,16777215,2026-03-22 20:20:29,1154635809,1上,某人的梦（上）,鬼灭之刃 刀匠村篇,656835181
有人吗 ,663.312,1,16777215,2026-03-22 20:19:48,1154635809,1上,某人的梦（上）,鬼灭之刃 刀匠村篇,656835181
他们为啥不去沙海找 ,639.141,1,16777215,2026-03-22 20:19:20,1154635809,1上,某人的梦（上）,鬼灭之刃 刀匠村篇,656835181
好可爱,879.75,1,16777215,2026-03-22 20:18:01,1154635809,1上,某人的梦（上）,鬼灭之刃 刀匠村篇,656835181
碳，急,1074.746,1,16777215,2026-03-22 20:11:19,1154635809,1上,某人的梦（上）,鬼灭之刃 刀匠村篇,656835181
教主,376.623,1,16777215,2026-03-22 20:09:30,1154635809,1上,某人的梦（上）,鬼灭之刃 刀匠村篇,656835181
又见面啦 ,10.967,1,16777215,2026-03-22 20:09:20,1154635809,1上,某人的梦（上）,鬼灭之刃 刀匠村篇,656835181
三哥,175.894,1,16777215,2026-03-22 19:48:29,1154635809,1上,某人的梦（上）,鬼灭之刃 刀匠村篇,656835181
美瞳代言人,963.336,1,16777215,2026-03-22 19:28:19,1154635809,1上,某人的梦（上）,鬼灭之刃 刀匠村篇,656835181
华丽的又见面了,17.385,1,16777215,2026-03-22 19:21:38,1154635809,1上,某人的梦（上）,鬼灭之刃 刀匠村篇,656835181
无一郎,58.049,1,16777215,2026-03-22 19:14:12,1154635809,1上,某人的梦（上）,鬼灭之刃 刀匠村篇,656835181
sisjzkzk,55.625,1,16777215,2026-03-22 19:13:50,1154635809,1上,某人的梦（上）,鬼灭之刃 刀匠村篇,656835181
阿妈忒拉斯,735.369,1,16777215,2026-03-22 19:09:22,1154635809,1上,某人的梦（上）,鬼灭之刃 刀匠村篇,656835181
三哥好帅,157.203,1,16777215,2026-03-22 19:03:26,1154635809,1上,某人的梦（上）,鬼灭之刃 刀匠村篇,656835181
这不做实验做失败了找，员工出气了吗？,626.07,1,16777215,2026-03-22 19:02:42,1154635809,1上,某人的梦（上）,鬼灭之刃 刀匠村篇,656835181
精准踩雷。,413.721,1,16777215,2026-03-22 18:59:59,1154635809,1上,某人的梦（上）,鬼灭之刃 刀匠村篇,656835181
akaza,998.864,1,16777215,2026-03-22 18:45:05,1154635809,1上,某人的梦（上）,鬼灭之刃 刀匠村篇,656835181
ィング,872.467,1,16777215,2026-03-22 18:42:40,1154635809,1上,某人的梦（上）,鬼灭之刃 刀匠村篇,656835181
浮かん,819.341,1,16777215,2026-03-22 18:41:41,1154635809,1上,某人的梦（上）,鬼灭之刃 刀匠村篇,656835181
我记得好好像没关弹幕啊,1208.061,1,16777215,2026-03-22 18:10:49,1154635809,1上,某人的梦（上）,鬼灭之刃 刀匠村篇,656835181
所以这是炭之郎的祖先吗这长得也太像了,1101.728,1,16777215,2026-03-22 18:08:56,1154635809,1上,某人的梦（上）,鬼灭之刃 刀匠村篇,656835181
炭香99,1231.607,1,16777215,2026-03-22 18:06:36,1154635809,1上,某人的梦（上）,鬼灭之刃 刀匠村篇,656835181
缘一！！！！,1071.336,1,16777215,2026-03-22 18:03:41,1154635809,1上,某人的梦（上）,鬼灭之刃 刀匠村篇,656835181
美死我了 ,1134.745,1,16777215,2026-03-22 17:59:02,1154635809,1上,某人的梦（上）,鬼灭之刃 刀匠村篇,656835181
也太猛了吧 ,1038.388,1,16777215,2026-03-22 17:56:46,1154635809,1上,某人的梦（上）,鬼灭之刃 刀匠村篇,656835181
太猛,1035.057,1,16777215,2026-03-22 17:56:31,1154635809,1上,某人的梦（上）,鬼灭之刃 刀匠村篇,656835181
哈哈哈 超级中二病好吧 ,745.521,1,16777215,2026-03-22 17:51:24,1154635809,1上,某人的梦（上）,鬼灭之刃 刀匠村篇,656835181
又见面啦,4.349,5,16777215,2026-03-22 17:50:19,1154635809,1上,某人的梦（上）,鬼灭之刃 刀匠村篇,656835181
香炭99,1235.776,1,16777215,2026-03-22 17:49:16,1154635809,1上,某人的梦（上）,鬼灭之刃 刀匠村篇,656835181
太有压迫感了 ,472.659,1,16777215,2026-03-22 17:46:18,1154635809,1上,某人的梦（上）,鬼灭之刃 刀匠村篇,656835181
无限城,131.057,1,16777215,2026-03-22 17:28:31,1154635809,1上,某人的梦（上）,鬼灭之刃 刀匠村篇,656835181
哈哈哈哈哈,778.58,1,16777215,2026-03-22 17:28:20,1154635809,1上,某人的梦（上）,鬼灭之刃 刀匠村篇,656835181
456!!!,607.573,1,16777215,2026-03-22 17:17:46,1154635809,1上,某人的梦（上）,鬼灭之刃 刀匠村篇,656835181
缘诗死了,1120.211,1,16777215,2026-03-22 17:02:31,1154635809,1上,某人的梦（上）,鬼灭之刃 刀匠村篇,656835181
上一个被杀的是谁？,739.521,1,16777215,2026-03-22 16:51:13,1154635809,1上,某人的梦（上）,鬼灭之刃 刀匠村篇,656835181
教主大人！教主大人！,394.747,1,16777215,2026-03-22 16:36:19,1154635809,1上,某人的梦（上）,鬼灭之刃 刀匠村篇,656835181
我去,483.711,5,16777215,2026-03-22 16:06:10,1154635809,1上,某人的梦（上）,鬼灭之刃 刀匠村篇,656835181
我靠，弹幕怎么这么多？给我屏幕都占满了。,37.284,1,16777215,2026-03-22 15:57:00,1154635809,1上,某人的梦（上）,鬼灭之刃 刀匠村篇,656835181
金光鱼鱼！,1067.462,1,16707842,2026-03-22 15:49:16,1154635809,1上,某人的梦（上）,鬼灭之刃 刀匠村篇,656835181
大家闺秀,476.114,1,6830715,2026-03-22 15:03:32,1154635809,1上,某人的梦（上）,鬼灭之刃 刀匠村篇,656835181
变态呀,735.45,1,16777215,2026-03-22 14:23:53,1154635809,1上,某人的梦（上）,鬼灭之刃 刀匠村篇,656835181
好萌！！！,878.455,1,16777215,2026-03-22 14:06:42,1154635809,1上,某人的梦（上）,鬼灭之刃 刀匠村篇,656835181
好可爱,49.423,1,16777215,2026-03-22 13:16:01,1154635809,1上,某人的梦（上）,鬼灭之刃 刀匠村篇,656835181
继国缘一比他厉害几十倍,473.969,1,16777215,2026-03-22 13:07:17,1154635809,1上,某人的梦（上）,鬼灭之刃 刀匠村篇,656835181
四刷！,16.674,1,16777215,2026-03-22 12:52:58,1154635809,1上,某人的梦（上）,鬼灭之刃 刀匠村篇,656835181
华丽,30.737,1,16777215,2026-03-22 12:11:06,1154635809,1上,某人的梦（上）,鬼灭之刃 刀匠村篇,656835181
华丽,25.892,1,16777215,2026-03-22 12:10:49,1154635809,1上,某人的梦（上）,鬼灭之刃 刀匠村篇,656835181
三哥,141.449,1,16777215,2026-03-22 12:09:11,1154635809,1上,某人的梦（上）,鬼灭之刃 刀匠村篇,656835181
心疼炭治郎,1206.547,1,16777215,2026-03-22 11:53:05,1154635809,1上,某人的梦（上）,鬼灭之刃 刀匠村篇,656835181
金钱的味道,283.265,1,16777215,2026-03-22 11:45:25,1154635809,1上,某人的梦（上）,鬼灭之刃 刀匠村篇,656835181
无惨眼睛像龙诶,648.151,1,16777215,2026-03-22 11:43:54,1154635809,1上,某人的梦（上）,鬼灭之刃 刀匠村篇,656835181
啊啊啊,112.457,1,16777215,2026-03-22 11:03:17,1154635809,1上,某人的梦（上）,鬼灭之刃 刀匠村篇,656835181
好烦人。萌在哪？。。。,926.08,1,16777215,2026-03-22 10:54:46,1154635809,1上,某人的梦（上）,鬼灭之刃 刀匠村篇,656835181
百年未有之大变局,62.517,1,16777215,2026-03-22 10:51:19,1154635809,1上,某人的梦（上）,鬼灭之刃 刀匠村篇,656835181
谁倒过来看谁是gay？,764.554,1,16777215,2026-03-22 10:47:10,1154635809,1上,某人的梦（上）,鬼灭之刃 刀匠村篇,656835181
谁倒过来看谁是gay？,591.907,1,16777215,2026-03-22 10:44:36,1154635809,1上,某人的梦（上）,鬼灭之刃 刀匠村篇,656835181
咋她在这啊？又开钻了吗？,141.719,1,16707842,2026-03-22 09:41:22,1154635809,1上,某人的梦（上）,鬼灭之刃 刀匠村篇,656835181
看吧。,15.793,1,16707842,2026-03-22 09:39:02,1154635809,1上,某人的梦（上）,鬼灭之刃 刀匠村篇,656835181
啊啊啊什么？,1079.708,1,16777215,2026-03-22 09:29:32,1154635809,1上,某人的梦（上）,鬼灭之刃 刀匠村篇,656835181
啊啊啊好帅,1059.25,1,16777215,2026-03-22 09:28:58,1154635809,1上,某人的梦（上）,鬼灭之刃 刀匠村篇,656835181
有人吗？？,431.357,1,16777215,2026-03-22 09:28:18,1154635809,1上,某人的梦（上）,鬼灭之刃 刀匠村篇,656835181
心疼,64.694,1,16777215,2026-03-22 09:28:07,1154635809,1上,某人的梦（上）,鬼灭之刃 刀匠村篇,656835181
童磨：我肯定没有被讨厌！,1012.589,1,16777215,2026-03-22 09:28:03,1154635809,1上,某人的梦（上）,鬼灭之刃 刀匠村篇,656835181
啊啊啊 好可爱,882.03,1,16777215,2026-03-22 09:25:35,1154635809,1上,某人的梦（上）,鬼灭之刃 刀匠村篇,656835181
柠檬精,933.816,1,16777215,2026-03-22 05:04:36,1154635809,1上,某人的梦（上）,鬼灭之刃 刀匠村篇,656835181
无一郎！！,22.69,1,8700107,2026-03-22 02:58:56,1154635809,1上,某人的梦（上）,鬼灭之刃 刀匠村篇,656835181
重点不应该是斑纹吗,940.485,1,16777215,2026-03-22 01:49:32,1154635809,1上,某人的梦（上）,鬼灭之刃 刀匠村篇,656835181
小猫落地小猫落地,213.345,1,16777215,2026-03-22 00:48:28,1154635809,1上,某人的梦（上）,鬼灭之刃 刀匠村篇,656835181
这个声音好萌,431.089,1,16777215,2026-03-22 00:44:43,1154635809,1上,某人的梦（上）,鬼灭之刃 刀匠村篇,656835181
我们纯爷们不跟变态玩,426.012,1,16777215,2026-03-21 23:59:46,1154635809,1上,某人的梦（上）,鬼灭之刃 刀匠村篇,656835181
教主大人！啊啊啊,379.218,1,16777215,2026-03-21 23:54:59,1154635809,1上,某人的梦（上）,鬼灭之刃 刀匠村篇,656835181
缘一！！！,1069.692,1,16777215,2026-03-21 23:43:46,1154635809,1上,某人的梦（上）,鬼灭之刃 刀匠村篇,656835181
啊啊啊太好了,12.56,1,16777215,2026-03-21 23:31:44,1154635809,1上,某人的梦（上）,鬼灭之刃 刀匠村篇,656835181
我去想要蓝色彼岸花你自己去太阳下找,635.752,1,16777215,2026-03-21 22:49:27,1154635809,1上,某人的梦（上）,鬼灭之刃 刀匠村篇,656835181
无限列车(确信),254.0,1,16777215,2026-03-21 22:44:11,1154635809,1上,某人的梦（上）,鬼灭之刃 刀匠村篇,656835181
香奈乎主动说话了！！,1237.033,1,41194,2026-03-21 22:09:28,1154635809,1上,某人的梦（上）,鬼灭之刃 刀匠村篇,656835181
香奈乎主动说话了！！,1237.033,1,41194,2026-03-21 22:09:22,1154635809,1上,某人的梦（上）,鬼灭之刃 刀匠村篇,656835181
精准踩雷,415.03,1,16777215,2026-03-21 22:07:41,1154635809,1上,某人的梦（上）,鬼灭之刃 刀匠村篇,656835181
可爱！！！,1044.253,1,16777215,2026-03-21 21:59:14,1154635809,1上,某人的梦（上）,鬼灭之刃 刀匠村篇,656835181
妈妈！这就是妈妈！！,938.327,1,16777215,2026-03-21 21:57:19,1154635809,1上,某人的梦（上）,鬼灭之刃 刀匠村篇,656835181
人中义勇，鬼中童磨,906.637,1,16777215,2026-03-21 21:56:23,1154635809,1上,某人的梦（上）,鬼灭之刃 刀匠村篇,656835181
岩胜你好美,847.098,1,16777215,2026-03-21 21:54:42,1154635809,1上,某人的梦（上）,鬼灭之刃 刀匠村篇,656835181
家银们，为什么黑死牟像继国缘一呢？？因为他们两个是双生子！,475.308,1,16777215,2026-03-21 21:41:56,1154635809,1上,某人的梦（上）,鬼灭之刃 刀匠村篇,656835181
你脸红个泡泡茶壶,592.02,1,16777215,2026-03-21 21:39:02,1154635809,1上,某人的梦（上）,鬼灭之刃 刀匠村篇,656835181
继国严胜！！！,466.739,1,6830715,2026-03-21 21:38:10,1154635809,1上,某人的梦（上）,鬼灭之刃 刀匠村篇,656835181
三哥好拽这个眼神爱了爱了,455.42,1,16777215,2026-03-21 21:36:45,1154635809,1上,某人的梦（上）,鬼灭之刃 刀匠村篇,656835181
又不用洗头了，又不用洗头了,444.4,1,16777215,2026-03-21 21:35:31,1154635809,1上,某人的梦（上）,鬼灭之刃 刀匠村篇,656835181
我来,21.02,1,16777215,2026-03-21 20:49:09,1154635809,1上,某人的梦（上）,鬼灭之刃 刀匠村篇,656835181
三哥！,196.801,1,16777215,2026-03-21 20:39:32,1154635809,1上,某人的梦（上）,鬼灭之刃 刀匠村篇,656835181
538人,177.267,1,16777215,2026-03-21 20:26:39,1154635809,1上,某人的梦（上）,鬼灭之刃 刀匠村篇,656835181
蓝色彼岸花开在白天，亲爱的,649.856,1,16777215,2026-03-21 19:37:49,1154635809,1上,某人的梦（上）,鬼灭之刃 刀匠村篇,656835181
这是什么毒,77.352,1,16777215,2026-03-21 18:56:15,1154635809,1上,某人的梦（上）,鬼灭之刃 刀匠村篇,656835181
掉头了,709.744,1,16777215,2026-03-21 18:55:34,1154635809,1上,某人的梦（上）,鬼灭之刃 刀匠村篇,656835181
都卡C,421.463,5,8700107,2026-03-21 18:53:36,1154635809,1上,某人的梦（上）,鬼灭之刃 刀匠村篇,656835181
尿壶,341.15,1,16777215,2026-03-21 18:51:47,1154635809,1上,某人的梦（上）,鬼灭之刃 刀匠村篇,656835181
三哥,284.246,1,16777215,2026-03-21 18:51:19,1154635809,1上,某人的梦（上）,鬼灭之刃 刀匠村篇,656835181
百年未有之大变局,65.963,1,16777215,2026-03-21 18:33:38,1154635809,1上,某人的梦（上）,鬼灭之刃 刀匠村篇,656835181
华丽,715.608,1,16777215,2026-03-21 18:25:21,1154635809,1上,某人的梦（上）,鬼灭之刃 刀匠村篇,656835181
可恶的五五分身高,967.595,1,16777215,2026-03-21 18:14:52,1154635809,1上,某人的梦（上）,鬼灭之刃 刀匠村篇,656835181
阿卡砸！,153.932,1,16777215,2026-03-21 18:06:27,1154635809,1上,某人的梦（上）,鬼灭之刃 刀匠村篇,656835181
扭扭捏捏,64.717,1,16777215,2026-03-21 17:59:52,1154635809,1上,某人的梦（上）,鬼灭之刃 刀匠村篇,656835181
妈妈！！！！,466.998,1,16777215,2026-03-21 17:15:59,1154635809,1上,某人的梦（上）,鬼灭之刃 刀匠村篇,656835181
三哥！,151.617,1,16777215,2026-03-21 16:57:58,1154635809,1上,某人的梦（上）,鬼灭之刃 刀匠村篇,656835181
有点可爱是怎么回事,878.1,1,16777215,2026-03-21 16:56:16,1154635809,1上,某人的梦（上）,鬼灭之刃 刀匠村篇,656835181
无惨，你要蓝色彼岸花吗,550.771,1,16777215,2026-03-21 16:55:26,1154635809,1上,某人的梦（上）,鬼灭之刃 刀匠村篇,656835181
哇塞！一模一样！,1078.966,1,16777215,2026-03-21 16:28:45,1154635809,1上,某人的梦（上）,鬼灭之刃 刀匠村篇,656835181
童磨开饭了,1049.326,1,16777215,2026-03-21 16:21:56,1154635809,1上,某人的梦（上）,鬼灭之刃 刀匠村篇,656835181
要被锤爆了,386.316,1,16777215,2026-03-21 16:10:05,1154635809,1上,某人的梦（上）,鬼灭之刃 刀匠村篇,656835181
刀匠村没有中文版吗,11.24,1,16777215,2026-03-21 15:52:27,1154635809,1上,某人的梦（上）,鬼灭之刃 刀匠村篇,656835181
是yakaza,152.364,1,16777215,2026-03-21 15:42:25,1154635809,1上,某人的梦（上）,鬼灭之刃 刀匠村篇,656835181
经费是全国首富发给他的吧,620.145,1,15138834,2026-03-21 15:40:45,1154635809,1上,某人的梦（上）,鬼灭之刃 刀匠村篇,656835181
妈妈。,469.246,1,6830715,2026-03-21 15:20:58,1154635809,1上,某人的梦（上）,鬼灭之刃 刀匠村篇,656835181
我要发财！义忍给我锁死！锁死！生生世世爱下去！,42.25,1,16777215,2026-03-21 15:18:14,1154635809,1上,某人的梦（上）,鬼灭之刃 刀匠村篇,656835181
义忍久久,40.172,1,16777215,2026-03-21 15:17:43,1154635809,1上,某人的梦（上）,鬼灭之刃 刀匠村篇,656835181
义忍久久（祝福的发财）,39.241,1,16777215,2026-03-21 15:17:36,1154635809,1上,某人的梦（上）,鬼灭之刃 刀匠村篇,656835181
义忍久久（祝的发财）,37.116,1,11890,2026-03-21 15:17:07,1154635809,1上,某人的梦（上）,鬼灭之刃 刀匠村篇,656835181
义忍,36.017,1,16707842,2026-03-21 15:16:44,1154635809,1上,某人的梦（上）,鬼灭之刃 刀匠村篇,656835181
义忍,35.627,1,38979,2026-03-21 15:16:40,1154635809,1上,某人的梦（上）,鬼灭之刃 刀匠村篇,656835181
义忍,35.279,1,15138834,2026-03-21 15:16:35,1154635809,1上,某人的梦（上）,鬼灭之刃 刀匠村篇,656835181
义忍,34.349,1,15138834,2026-03-21 15:16:28,1154635809,1上,某人的梦（上）,鬼灭之刃 刀匠村篇,656835181
义忍,33.045,1,15138834,2026-03-21 15:16:22,1154635809,1上,某人的梦（上）,鬼灭之刃 刀匠村篇,656835181
义忍义忍义忍义忍义忍义忍义忍义忍义忍义忍义忍义忍义忍义忍义忍义忍义忍义忍义忍义忍义忍义忍义忍义忍义忍义忍就这样权威哈哈,22.911,1,15138834,2026-03-21 15:16:09,1154635809,1上,某人的梦（上）,鬼灭之刃 刀匠村篇,656835181
我没有开弹幕吗,627.072,1,16777215,2026-03-21 14:52:40,1154635809,1上,某人的梦（上）,鬼灭之刃 刀匠村篇,656835181
好帅啊,1134.2,1,16777215,2026-03-21 14:42:08,1154635809,1上,某人的梦（上）,鬼灭之刃 刀匠村篇,656835181
我嘞个骚包,755.182,1,16777215,2026-03-21 14:29:51,1154635809,1上,某人的梦（上）,鬼灭之刃 刀匠村篇,656835181
我勒个逗啊,751.722,1,16777215,2026-03-21 14:29:42,1154635809,1上,某人的梦（上）,鬼灭之刃 刀匠村篇,656835181
我去,259.513,1,16777215,2026-03-21 14:09:31,1154635809,1上,某人的梦（上）,鬼灭之刃 刀匠村篇,656835181
来看透透,7.58,5,16777215,2026-03-21 14:05:45,1154635809,1上,某人的梦（上）,鬼灭之刃 刀匠村篇,656835181
又见面了！大家！,16.795,1,16777215,2026-03-21 13:59:01,1154635809,1上,某人的梦（上）,鬼灭之刃 刀匠村篇,656835181
三哥,147.933,1,16777215,2026-03-21 13:49:55,1154635809,1上,某人的梦（上）,鬼灭之刃 刀匠村篇,656835181
我勒个豆啊。,91.604,5,8700107,2026-03-21 13:47:59,1154635809,1上,某人的梦（上）,鬼灭之刃 刀匠村篇,656835181
屏幕都长完我的屏幕了，我还怎么看呢？我真的服了。,15.92,1,16777215,2026-03-21 13:46:29,1154635809,1上,某人的梦（上）,鬼灭之刃 刀匠村篇,656835181
455人！,85.336,1,16777215,2026-03-21 13:43:51,1154635809,1上,某人的梦（上）,鬼灭之刃 刀匠村篇,656835181
463人挺多,100.451,1,14811775,2026-03-21 13:27:56,1154635809,1上,某人的梦（上）,鬼灭之刃 刀匠村篇,656835181
你华丽哥依旧华丽,21.035,1,16707842,2026-03-21 13:20:00,1154635809,1上,某人的梦（上）,鬼灭之刃 刀匠村篇,656835181
终于看上鬼灭之刃了，太不容易了555555,10.454,1,16707842,2026-03-21 13:19:45,1154635809,1上,某人的梦（上）,鬼灭之刃 刀匠村篇,656835181
奇迹惨惨,590.411,1,16777215,2026-03-21 13:16:02,1154635809,1上,某人的梦（上）,鬼灭之刃 刀匠村篇,656835181
哇好可爱,1051.683,1,16777215,2026-03-21 13:02:33,1154635809,1上,某人的梦（上）,鬼灭之刃 刀匠村篇,656835181
尿壶,345.684,1,16777215,2026-03-21 12:50:06,1154635809,1上,某人的梦（上）,鬼灭之刃 刀匠村篇,656835181
妈妈,483.423,1,16777215,2026-03-21 12:47:27,1154635809,1上,某人的梦（上）,鬼灭之刃 刀匠村篇,656835181
豆子给主公烧一下，没准就好了,80.366,1,16777215,2026-03-21 12:24:38,1154635809,1上,某人的梦（上）,鬼灭之刃 刀匠村篇,656835181
我来了,8.446,1,16777215,2026-03-21 12:21:07,1154635809,1上,某人的梦（上）,鬼灭之刃 刀匠村篇,656835181
不是咋这么多弹幕？,13.346,1,16777215,2026-03-21 11:58:58,1154635809,1上,某人的梦（上）,鬼灭之刃 刀匠村篇,656835181
童磨要不是鬼，我第一个就先喜欢他。,1044.952,1,16777215,2026-03-21 11:48:05,1154635809,1上,某人的梦（上）,鬼灭之刃 刀匠村篇,656835181
鬼武辻无惨，是不是有病？ ,644.015,1,16777215,2026-03-21 11:35:49,1154635809,1上,某人的梦（上）,鬼灭之刃 刀匠村篇,656835181
鬼武辻无惨，是不是有病？ ,644.015,1,16777215,2026-03-21 11:35:41,1154635809,1上,某人的梦（上）,鬼灭之刃 刀匠村篇,656835181
等咱悲哥来这儿，这可就不是这样子了。,235.393,1,16777215,2026-03-21 11:33:44,1154635809,1上,某人的梦（上）,鬼灭之刃 刀匠村篇,656835181
好可爱的小猫咪直接拐回家,1035.665,1,14811775,2026-03-21 11:17:51,1154635809,1上,某人的梦（上）,鬼灭之刃 刀匠村篇,656835181
辣个男人,1097.2,1,16777215,2026-03-21 10:45:06,1154635809,1上,某人的梦（上）,鬼灭之刃 刀匠村篇,656835181
！！！,700.886,1,16777215,2026-03-21 10:38:55,1154635809,1上,某人的梦（上）,鬼灭之刃 刀匠村篇,656835181
依旧战国林黛玉,467.285,1,16777215,2026-03-21 10:32:05,1154635809,1上,某人的梦（上）,鬼灭之刃 刀匠村篇,656835181
Duang～～～,263.761,1,16777215,2026-03-21 09:50:04,1154635809,1上,某人的梦（上）,鬼灭之刃 刀匠村篇,656835181
咋又是个尿壶？,323.177,1,15138834,2026-03-21 09:36:26,1154635809,1上,某人的梦（上）,鬼灭之刃 刀匠村篇,656835181
三哥！！！,144.066,1,16777215,2026-03-21 08:48:14,1154635809,1上,某人的梦（上）,鬼灭之刃 刀匠村篇,656835181
一股水门味,94.546,1,16777215,2026-03-21 08:47:18,1154635809,1上,某人的梦（上）,鬼灭之刃 刀匠村篇,656835181
246人出来,95.14,1,16777215,2026-03-21 08:42:29,1154635809,1上,某人的梦（上）,鬼灭之刃 刀匠村篇,656835181
祢豆子，,125.482,1,8700107,2026-03-21 08:40:47,1154635809,1上,某人的梦（上）,鬼灭之刃 刀匠村篇,656835181
<（`〇`）>,297.393,1,8700107,2026-03-21 07:20:11,1154635809,1上,某人的梦（上）,鬼灭之刃 刀匠村篇,656835181
猗窝座希望是童魔死！！！！,157.445,1,16707842,2026-03-21 07:17:17,1154635809,1上,某人的梦（上）,鬼灭之刃 刀匠村篇,656835181
太帅了吧三哥,149.581,1,16707842,2026-03-21 07:16:19,1154635809,1上,某人的梦（上）,鬼灭之刃 刀匠村篇,656835181
五2026年3月21日的吗？,86.391,1,14811775,2026-03-21 07:14:26,1154635809,1上,某人的梦（上）,鬼灭之刃 刀匠村篇,656835181
太智能的手机了,56.106,1,14811775,2026-03-21 07:13:36,1154635809,1上,某人的梦（上）,鬼灭之刃 刀匠村篇,656835181
<（`O`）>,34.508,1,15138834,2026-03-21 07:13:04,1154635809,1上,某人的梦（上）,鬼灭之刃 刀匠村篇,656835181
缘一是真帅,1139.611,1,16777215,2026-03-21 02:07:12,1154635809,1上,某人的梦（上）,鬼灭之刃 刀匠村篇,656835181
继国缘一,1067.226,1,16777215,2026-03-21 02:05:53,1154635809,1上,某人的梦（上）,鬼灭之刃 刀匠村篇,656835181
没人（鬼）喜欢童磨,1011.625,1,16777215,2026-03-21 02:04:40,1154635809,1上,某人的梦（上）,鬼灭之刃 刀匠村篇,656835181
三哥干得漂亮！,833.51,1,16777215,2026-03-21 02:01:10,1154635809,1上,某人的梦（上）,鬼灭之刃 刀匠村篇,656835181
雷点将军点了个赞,718.996,1,16777215,2026-03-21 01:57:58,1154635809,1上,某人的梦（上）,鬼灭之刃 刀匠村篇,656835181
堕姬:呵呵,548.463,1,16777215,2026-03-21 01:54:59,1154635809,1上,某人的梦（上）,鬼灭之刃 刀匠村篇,656835181
mamo,394.944,1,16777215,2026-03-21 01:52:06,1154635809,1上,某人的梦（上）,鬼灭之刃 刀匠村篇,656835181
最丑的家伙,305.215,1,16777215,2026-03-21 01:50:21,1154635809,1上,某人的梦（上）,鬼灭之刃 刀匠村篇,656835181
鸣女,262.444,1,16777215,2026-03-21 01:49:29,1154635809,1上,某人的梦（上）,鬼灭之刃 刀匠村篇,656835181
磨磨头好可爱,407.455,1,16777215,2026-03-21 01:49:23,1154635809,1上,某人的梦（上）,鬼灭之刃 刀匠村篇,656835181
三哥：一定要是童磨,184.656,1,16777215,2026-03-21 01:48:06,1154635809,1上,某人的梦（上）,鬼灭之刃 刀匠村篇,656835181
来力,20.201,1,16777215,2026-03-21 01:42:41,1154635809,1上,某人的梦（上）,鬼灭之刃 刀匠村篇,656835181
全晕了吧？豆子支撑着三个,50.763,5,16777215,2026-03-21 01:07:32,1154635809,1上,某人的梦（上）,鬼灭之刃 刀匠村篇,656835181
突然发现童磨咋有点萌,884.149,1,16777215,2026-03-20 23:53:00,1154635809,1上,某人的梦（上）,鬼灭之刃 刀匠村篇,656835181
怎么三百多个人我的天,24.936,1,16777215,2026-03-20 23:32:19,1154635809,1上,某人的梦（上）,鬼灭之刃 刀匠村篇,656835181
太帅了,954.642,1,16777215,2026-03-20 23:09:37,1154635809,1上,某人的梦（上）,鬼灭之刃 刀匠村篇,656835181
大家可能都不认识我，,37.091,1,16777215,2026-03-20 23:03:35,1154635809,1上,某人的梦（上）,鬼灭之刃 刀匠村篇,656835181
又见面了,7.535,1,16777215,2026-03-20 23:03:03,1154635809,1上,某人的梦（上）,鬼灭之刃 刀匠村篇,656835181
哈喽，华丽的见面了,12.627,1,15138834,2026-03-20 22:37:06,1154635809,1上,某人的梦（上）,鬼灭之刃 刀匠村篇,656835181
尿壶,309.895,1,16777215,2026-03-20 22:25:42,1154635809,1上,某人的梦（上）,鬼灭之刃 刀匠村篇,656835181
遇到柱就开心，回家就不开心,158.678,1,16777215,2026-03-20 22:21:54,1154635809,1上,某人的梦（上）,鬼灭之刃 刀匠村篇,656835181
三哥好师,163.969,1,16777215,2026-03-20 22:21:35,1154635809,1上,某人的梦（上）,鬼灭之刃 刀匠村篇,656835181
好兄弟们，还在这吗？,34.32,1,16777215,2026-03-20 22:21:31,1154635809,1上,某人的梦（上）,鬼灭之刃 刀匠村篇,656835181
嘎达嘎达,801.072,5,16765698,2026-03-20 22:17:15,1154635809,1上,某人的梦（上）,鬼灭之刃 刀匠村篇,656835181
又见面了,10.348,1,16777215,2026-03-20 22:06:23,1154635809,1上,某人的梦（上）,鬼灭之刃 刀匠村篇,656835181
你是什么丑东西,316.908,1,16777215,2026-03-20 22:01:17,1154635809,1上,某人的梦（上）,鬼灭之刃 刀匠村篇,656835181
兄长大人，太美了！！！！！！！！！！！！！,472.422,1,6830715,2026-03-20 21:46:53,1154635809,1上,某人的梦（上）,鬼灭之刃 刀匠村篇,656835181
老板要纸巾吗？,705.239,1,16777215,2026-03-20 21:39:03,1154635809,1上,某人的梦（上）,鬼灭之刃 刀匠村篇,656835181
紫色奶龙,869.802,1,6830715,2026-03-20 21:37:32,1154635809,1上,某人的梦（上）,鬼灭之刃 刀匠村篇,656835181
我又来了哈,19.879,1,16707842,2026-03-20 21:34:45,1154635809,1上,某人的梦（上）,鬼灭之刃 刀匠村篇,656835181
魔童真够欠的笑死我了,489.962,1,16777215,2026-03-20 21:32:22,1154635809,1上,某人的梦（上）,鬼灭之刃 刀匠村篇,656835181
卡卡西,1063.314,1,16777215,2026-03-20 21:02:59,1154635809,1上,某人的梦（上）,鬼灭之刃 刀匠村篇,656835181
啊啊啊啊啊啊,118.206,1,14811775,2026-03-20 20:50:12,1154635809,1上,某人的梦（上）,鬼灭之刃 刀匠村篇,656835181
无一郎萌萌的,72.266,5,41194,2026-03-20 20:44:59,1154635809,1上,某人的梦（上）,鬼灭之刃 刀匠村篇,656835181
萌死了,1054.629,1,16777215,2026-03-20 19:47:06,1154635809,1上,某人的梦（上）,鬼灭之刃 刀匠村篇,656835181
还好没去,820.701,1,16777215,2026-03-20 19:43:00,1154635809,1上,某人的梦（上）,鬼灭之刃 刀匠村篇,656835181
409人出来。,608.071,1,16777215,2026-03-20 19:32:56,1154635809,1上,某人的梦（上）,鬼灭之刃 刀匠村篇,656835181
好恐怖,308.178,1,16777215,2026-03-20 18:09:08,1154635809,1上,某人的梦（上）,鬼灭之刃 刀匠村篇,656835181
阿玛特斯拉,731.957,1,15138834,2026-03-20 17:38:27,1154635809,1上,某人的梦（上）,鬼灭之刃 刀匠村篇,656835181
感觉一看到对话后面有省略号就感觉不安,947.717,1,16777215,2026-03-20 17:34:10,1154635809,1上,某人的梦（上）,鬼灭之刃 刀匠村篇,656835181
妈妈！,472.114,1,16777215,2026-03-20 17:31:27,1154635809,1上,某人的梦（上）,鬼灭之刃 刀匠村篇,656835181
怎么感觉这次声音小了点,192.552,1,16777215,2026-03-20 17:20:17,1154635809,1上,某人的梦（上）,鬼灭之刃 刀匠村篇,656835181
妈妈！,946.15,1,16777215,2026-03-20 15:35:18,1154635809,1上,某人的梦（上）,鬼灭之刃 刀匠村篇,656835181
好可爱！,888.95,1,16777215,2026-03-20 15:34:17,1154635809,1上,某人的梦（上）,鬼灭之刃 刀匠村篇,656835181
黑死牟大人！！！,373.42,1,16777215,2026-03-20 15:23:35,1154635809,1上,某人的梦（上）,鬼灭之刃 刀匠村篇,656835181
三刷,13.819,1,16777215,2026-03-20 13:48:41,1154635809,1上,某人的梦（上）,鬼灭之刃 刀匠村篇,656835181
这是炭吉啊喂！炭治郎的祖宗！！！,1075.155,5,38979,2026-03-20 13:15:17,1154635809,1上,某人的梦（上）,鬼灭之刃 刀匠村篇,656835181
三哥：告诉我是童魔死了,185.366,1,16777215,2026-03-20 12:09:52,1154635809,1上,某人的梦（上）,鬼灭之刃 刀匠村篇,656835181
胶头滴管都拿不明白做什么实验！,498.28,1,16777215,2026-03-20 12:03:09,1154635809,1上,某人的梦（上）,鬼灭之刃 刀匠村篇,656835181
这一桌瓶瓶罐罐真好看,617.063,1,16777215,2026-03-20 10:38:32,1154635809,1上,某人的梦（上）,鬼灭之刃 刀匠村篇,656835181
逗猫结果被猫打了,435.325,1,16777215,2026-03-20 10:33:34,1154635809,1上,某人的梦（上）,鬼灭之刃 刀匠村篇,656835181
大哥们，行行好，别发了，再发哦，不屏幕已经满了,12.441,1,15138834,2026-03-20 07:11:38,1154635809,1上,某人的梦（上）,鬼灭之刃 刀匠村篇,656835181
想象力无敌了,313.464,1,16777215,2026-03-20 00:09:33,1154635809,1上,某人的梦（上）,鬼灭之刃 刀匠村篇,656835181
欸？,1082.22,5,16777215,2026-03-19 22:03:54,1154635809,1上,某人的梦（上）,鬼灭之刃 刀匠村篇,656835181
教主大人,495.797,1,16777215,2026-03-19 22:00:02,1154635809,1上,某人的梦（上）,鬼灭之刃 刀匠村篇,656835181
十分华丽,20.435,1,16777215,2026-03-19 21:51:42,1154635809,1上,某人的梦（上）,鬼灭之刃 刀匠村篇,656835181
三哥：不是？你没亖啊！！！亏我那么开心！！！,401.434,1,16777215,2026-03-19 21:51:02,1154635809,1上,某人的梦（上）,鬼灭之刃 刀匠村篇,656835181
再看这部番的人都出来吧,233.838,1,16777215,2026-03-19 21:29:18,1154635809,1上,某人的梦（上）,鬼灭之刃 刀匠村篇,656835181
三冷知识，三哥不吃女的，只吃濒死的人,417.988,1,16777215,2026-03-19 21:07:41,1154635809,1上,某人的梦（上）,鬼灭之刃 刀匠村篇,656835181
锁定目标中。。。,1013.564,5,16777215,2026-03-19 21:04:12,1154635809,1上,某人的梦（上）,鬼灭之刃 刀匠村篇,656835181
无一郎的祖先。,467.091,1,8700107,2026-03-19 20:55:40,1154635809,1上,某人的梦（上）,鬼灭之刃 刀匠村篇,656835181
三哥太帅了。,270.712,1,8700107,2026-03-19 20:52:02,1154635809,1上,某人的梦（上）,鬼灭之刃 刀匠村篇,656835181
前面的猗窝座。,255.144,1,8700107,2026-03-19 20:51:33,1154635809,1上,某人的梦（上）,鬼灭之刃 刀匠村篇,656835181
每日无限城预判。,121.009,1,8700107,2026-03-19 20:49:02,1154635809,1上,某人的梦（上）,鬼灭之刃 刀匠村篇,656835181
此时的主公正在想美梦。,90.899,1,8700107,2026-03-19 20:48:14,1154635809,1上,某人的梦（上）,鬼灭之刃 刀匠村篇,656835181
心疼三哥， 太憋屈了,930.367,1,15138834,2026-03-19 20:43:43,1154635809,1上,某人的梦（上）,鬼灭之刃 刀匠村篇,656835181
谁让你卖萌的，萌妹子,878.127,1,15138834,2026-03-19 20:42:19,1154635809,1上,某人的梦（上）,鬼灭之刃 刀匠村篇,656835181
磨磨头扮演萌妹子,671.447,1,15138834,2026-03-19 20:35:21,1154635809,1上,某人的梦（上）,鬼灭之刃 刀匠村篇,656835181
为啥没人了,370.745,1,15772458,2026-03-19 20:23:47,1154635809,1上,某人的梦（上）,鬼灭之刃 刀匠村篇,656835181
三哥:好开心呀！！！,184.361,1,16777215,2026-03-19 20:18:27,1154635809,1上,某人的梦（上）,鬼灭之刃 刀匠村篇,656835181
教主大人,377.444,1,16777215,2026-03-19 20:07:58,1154635809,1上,某人的梦（上）,鬼灭之刃 刀匠村篇,656835181
黑死咪！！！,468.721,1,16777215,2026-03-19 15:28:19,1154635809,1上,某人的梦（上）,鬼灭之刃 刀匠村篇,656835181
童磨还是太帅了,395.648,1,16777215,2026-03-19 14:18:08,1154635809,1上,某人的梦（上）,鬼灭之刃 刀匠村篇,656835181
阿拉丁神灯,315.028,1,16777215,2026-03-19 14:16:21,1154635809,1上,某人的梦（上）,鬼灭之刃 刀匠村篇,656835181
爆炸了,164.799,1,16777215,2026-03-19 14:13:17,1154635809,1上,某人的梦（上）,鬼灭之刃 刀匠村篇,656835181
信息室看的,102.186,1,16777215,2026-03-19 14:06:53,1154635809,1上,某人的梦（上）,鬼灭之刃 刀匠村篇,656835181
哼唧啥呀23333,442.618,1,16777215,2026-03-19 14:02:44,1154635809,1上,某人的梦（上）,鬼灭之刃 刀匠村篇,656835181
失望至极,385.29,1,16777215,2026-03-19 14:01:42,1154635809,1上,某人的梦（上）,鬼灭之刃 刀匠村篇,656835181
三歌,152.591,1,16777215,2026-03-19 13:58:47,1154635809,1上,某人的梦（上）,鬼灭之刃 刀匠村篇,656835181
华丽丽www,29.368,5,16777215,2026-03-19 13:57:19,1154635809,1上,某人的梦（上）,鬼灭之刃 刀匠村篇,656835181
刚泪目完就来了小羊们,9.116,5,16777215,2026-03-19 13:56:45,1154635809,1上,某人的梦（上）,鬼灭之刃 刀匠村篇,656835181
飞碟社这波纯炫技来的。,253.604,1,16777215,2026-03-19 13:37:59,1154635809,1上,某人的梦（上）,鬼灭之刃 刀匠村篇,656835181
so?前面的，炭治郎是炭吉的后代啊,1119.134,1,16777215,2026-03-19 13:15:23,1154635809,1上,某人的梦（上）,鬼灭之刃 刀匠村篇,656835181
三哥：一定要是童磨死了！一定要是童磨！,201.588,1,16777215,2026-03-19 12:58:31,1154635809,1上,某人的梦（上）,鬼灭之刃 刀匠村篇,656835181
三哥帅爆了,159.584,1,16777215,2026-03-19 12:23:05,1154635809,1上,某人的梦（上）,鬼灭之刃 刀匠村篇,656835181
无惨出来晒太阳,663.078,1,16777215,2026-03-19 12:02:12,1154635809,1上,某人的梦（上）,鬼灭之刃 刀匠村篇,656835181
三哥,347.734,1,16777215,2026-03-19 11:56:25,1154635809,1上,某人的梦（上）,鬼灭之刃 刀匠村篇,656835181
三哥强,344.811,1,16777215,2026-03-19 11:56:08,1154635809,1上,某人的梦（上）,鬼灭之刃 刀匠村篇,656835181
不是185吗,121.901,1,16777215,2026-03-19 01:21:42,1154635809,1上,某人的梦（上）,鬼灭之刃 刀匠村篇,656835181
还不睡觉哇,103.406,1,16777215,2026-03-19 01:18:31,1154635809,1上,某人的梦（上）,鬼灭之刃 刀匠村篇,656835181
三哥！,152.38,1,16777215,2026-03-18 23:20:47,1154635809,1上,某人的梦（上）,鬼灭之刃 刀匠村篇,656835181
好骚啊！,959.619,1,16777215,2026-03-18 22:42:03,1154635809,1上,某人的梦（上）,鬼灭之刃 刀匠村篇,656835181
我不杀女人,162.002,1,16777215,2026-03-18 22:25:46,1154635809,1上,某人的梦（上）,鬼灭之刃 刀匠村篇,656835181
好温柔....,1181.058,5,15138834,2026-03-18 21:55:45,1154635809,1上,某人的梦（上）,鬼灭之刃 刀匠村篇,656835181
三哥,179.551,1,16777215,2026-03-18 21:52:07,1154635809,1上,某人的梦（上）,鬼灭之刃 刀匠村篇,656835181
看把孩子给激动的,69.094,1,16777215,2026-03-18 21:34:03,1154635809,1上,某人的梦（上）,鬼灭之刃 刀匠村篇,656835181
三哥....好华丽...我的眼睛好舒服。。,146.329,1,16777215,2026-03-18 21:21:38,1154635809,1上,某人的梦（上）,鬼灭之刃 刀匠村篇,656835181
炭香99,1237.69,1,16777215,2026-03-18 21:13:38,1154635809,1上,某人的梦（上）,鬼灭之刃 刀匠村篇,656835181
就是说九十年才死了一个上弦,309.496,1,16777215,2026-03-18 20:52:41,1154635809,1上,某人的梦（上）,鬼灭之刃 刀匠村篇,656835181
好可爱,34.314,1,16777215,2026-03-18 20:48:40,1154635809,1上,某人的梦（上）,鬼灭之刃 刀匠村篇,656835181
雷区舞王驾到,607.028,1,16777215,2026-03-18 20:47:37,1154635809,1上,某人的梦（上）,鬼灭之刃 刀匠村篇,656835181
炭香99,1236.761,1,16777215,2026-03-18 20:41:12,1154635809,1上,某人的梦（上）,鬼灭之刃 刀匠村篇,656835181
三：泥油饼吧,450.537,5,16777215,2026-03-18 20:41:07,1154635809,1上,某人的梦（上）,鬼灭之刃 刀匠村篇,656835181
？炭治郎？！,1080.339,1,16777215,2026-03-18 20:37:45,1154635809,1上,某人的梦（上）,鬼灭之刃 刀匠村篇,656835181
六个核桃,942.999,1,16777215,2026-03-18 20:35:07,1154635809,1上,某人的梦（上）,鬼灭之刃 刀匠村篇,656835181
什么猎奇东西,314.942,1,16777215,2026-03-18 20:23:27,1154635809,1上,某人的梦（上）,鬼灭之刃 刀匠村篇,656835181
小猫咪,912.718,1,16777215,2026-03-18 20:09:57,1154635809,1上,某人的梦（上）,鬼灭之刃 刀匠村篇,656835181
黑死牟要是没有6只眼睛，只是两只眼睛的话，感觉会很帅,649.773,1,8700107,2026-03-18 19:15:56,1154635809,1上,某人的梦（上）,鬼灭之刃 刀匠村篇,656835181
三哥！,949.371,1,14811775,2026-03-18 18:20:30,1154635809,1上,某人的梦（上）,鬼灭之刃 刀匠村篇,656835181
(⑅•ᴗ•⑅),135.349,1,16777215,2026-03-18 17:49:51,1154635809,1上,某人的梦（上）,鬼灭之刃 刀匠村篇,656835181
华丽哥呢？,129.273,1,16777215,2026-03-18 17:49:18,1154635809,1上,某人的梦（上）,鬼灭之刃 刀匠村篇,656835181
弥豆子快给主公烧烧！！,83.833,1,16777215,2026-03-18 17:22:25,1154635809,1上,某人的梦（上）,鬼灭之刃 刀匠村篇,656835181
炭治郎太爷爷,1074.686,5,16777215,2026-03-18 16:00:36,1154635809,1上,某人的梦（上）,鬼灭之刃 刀匠村篇,656835181
炭治郎父亲,934.652,1,16777215,2026-03-18 14:07:56,1154635809,1上,某人的梦（上）,鬼灭之刃 刀匠村篇,656835181
无惨：6，你最好别再惹我，好歹你也是个上弦二,615.729,1,16707842,2026-03-18 08:54:07,1154635809,1上,某人的梦（上）,鬼灭之刃 刀匠村篇,656835181
有人吗,290.449,1,16777215,2026-03-18 08:46:19,1154635809,1上,某人的梦（上）,鬼灭之刃 刀匠村篇,656835181
你好呀,9.639,1,16777215,2026-03-18 02:12:13,1154635809,1上,某人的梦（上）,鬼灭之刃 刀匠村篇,656835181
我来啦,6.226,1,16777215,2026-03-18 02:12:05,1154635809,1上,某人的梦（上）,鬼灭之刃 刀匠村篇,656835181
三哥,149.667,1,16777215,2026-03-18 00:18:49,1154635809,1上,某人的梦（上）,鬼灭之刃 刀匠村篇,656835181
二刷！,8.007,1,6830715,2026-03-17 23:17:13,1154635809,1上,某人的梦（上）,鬼灭之刃 刀匠村篇,656835181
黑死牟！,467.467,1,6830715,2026-03-17 23:10:50,1154635809,1上,某人的梦（上）,鬼灭之刃 刀匠村篇,656835181
你能看到我发的弹幕吗,59.306,1,16777215,2026-03-17 23:04:31,1154635809,1上,某人的梦（上）,鬼灭之刃 刀匠村篇,656835181
我的妈呀这和炭炭有啥区别,1076.223,1,16777215,2026-03-17 23:04:25,1154635809,1上,某人的梦（上）,鬼灭之刃 刀匠村篇,656835181
晚上好呀,38.354,1,16777215,2026-03-17 23:04:05,1154635809,1上,某人的梦（上）,鬼灭之刃 刀匠村篇,656835181
我华丽的来啦！,16.835,1,16777215,2026-03-17 21:34:58,1154635809,1上,某人的梦（上）,鬼灭之刃 刀匠村篇,656835181
蜜璃，时透，我来啦！！！,13.9,1,16777215,2026-03-17 20:58:53,1154635809,1上,某人的梦（上）,鬼灭之刃 刀匠村篇,656835181
童磨！还我小忍！！,388.305,1,16777215,2026-03-17 20:00:58,1154635809,1上,某人的梦（上）,鬼灭之刃 刀匠村篇,656835181
这是童磨的战场，也是小忍走的地方,212.775,1,16777215,2026-03-17 19:57:43,1154635809,1上,某人的梦（上）,鬼灭之刃 刀匠村篇,656835181
它是不是被秒杀了,967.456,1,16777215,2026-03-17 19:50:13,1154635809,1上,某人的梦（上）,鬼灭之刃 刀匠村篇,656835181
666M属性发力了,731.74,1,16777215,2026-03-17 19:46:54,1154635809,1上,某人的梦（上）,鬼灭之刃 刀匠村篇,656835181
百年未有之大变局,60.781,1,16777215,2026-03-17 19:35:06,1154635809,1上,某人的梦（上）,鬼灭之刃 刀匠村篇,656835181
  尿壶,290.586,1,16777215,2026-03-17 19:18:40,1154635809,1上,某人的梦（上）,鬼灭之刃 刀匠村篇,656835181
自由落体,202.88,5,16777215,2026-03-17 19:18:38,1154635809,1上,某人的梦（上）,鬼灭之刃 刀匠村篇,656835181
缘一他哥,948.634,1,16777215,2026-03-17 19:17:14,1154635809,1上,某人的梦（上）,鬼灭之刃 刀匠村篇,656835181
打爽了,447.912,1,16777215,2026-03-17 19:15:43,1154635809,1上,某人的梦（上）,鬼灭之刃 刀匠村篇,656835181
what？,24.84,1,16777215,2026-03-17 19:15:28,1154635809,1上,某人的梦（上）,鬼灭之刃 刀匠村篇,656835181
有点意思哟理科生,495.076,1,16777215,2026-03-17 18:42:10,1154635809,1上,某人的梦（上）,鬼灭之刃 刀匠村篇,656835181
好干净啊,113.648,1,16777215,2026-03-17 15:58:01,1154635809,1上,某人的梦（上）,鬼灭之刃 刀匠村篇,656835181
有人吗？,75.669,1,16777215,2026-03-17 15:02:26,1154635809,1上,某人的梦（上）,鬼灭之刃 刀匠村篇,656835181
三哥~,250.747,1,16777215,2026-03-17 14:09:44,1154635809,1上,某人的梦（上）,鬼灭之刃 刀匠村篇,656835181
可爱捏,998.323,1,16777215,2026-03-17 12:59:03,1154635809,1上,某人的梦（上）,鬼灭之刃 刀匠村篇,656835181
没人看到童磨眼睛上的字吗,1049.785,1,10546688,2026-03-17 12:37:35,1154635809,1上,某人的梦（上）,鬼灭之刃 刀匠村篇,656835181
好可爱！！！！！,1037.105,1,16777215,2026-03-17 12:33:58,1154635809,1上,某人的梦（上）,鬼灭之刃 刀匠村篇,656835181
但是无惨你不也是产屋敷一族的祖上吗。。灭掉的话你不也是,617.516,1,16777215,2026-03-17 12:31:21,1154635809,1上,某人的梦（上）,鬼灭之刃 刀匠村篇,656835181
SANGE,180.808,1,16777215,2026-03-17 12:01:43,1154635809,1上,某人的梦（上）,鬼灭之刃 刀匠村篇,656835181
磨磨头拉电闸,371.494,1,16777215,2026-03-17 10:52:21,1154635809,1上,某人的梦（上）,鬼灭之刃 刀匠村篇,656835181
好可爱好可爱,884.663,1,16777215,2026-03-17 05:01:13,1154635809,1上,某人的梦（上）,鬼灭之刃 刀匠村篇,656835181
三哥好帅,155.269,1,16777215,2026-03-17 04:50:05,1154635809,1上,某人的梦（上）,鬼灭之刃 刀匠村篇,656835181
第一次看,757.825,1,16777215,2026-03-17 02:55:09,1154635809,1上,某人的梦（上）,鬼灭之刃 刀匠村篇,656835181
欧耶,207.425,1,16777215,2026-03-16 23:59:20,1154635809,1上,某人的梦（上）,鬼灭之刃 刀匠村篇,656835181
开会了开会了高层会议,121.988,1,16777215,2026-03-16 23:38:58,1154635809,1上,某人的梦（上）,鬼灭之刃 刀匠村篇,656835181
我记得无惨好像能听见这个话,727.927,1,16777215,2026-03-16 22:23:04,1154635809,1上,某人的梦（上）,鬼灭之刃 刀匠村篇,656835181
我去！缘一！,1132.603,5,16777215,2026-03-16 22:10:46,1154635809,1上,某人的梦（上）,鬼灭之刃 刀匠村篇,656835181
我有点分不清了啊啊,1091.944,1,16777215,2026-03-16 21:40:04,1154635809,1上,某人的梦（上）,鬼灭之刃 刀匠村篇,656835181
华丽的来了！,10.647,1,16777215,2026-03-16 21:12:36,1154635809,1上,某人的梦（上）,鬼灭之刃 刀匠村篇,656835181
300人？,112.161,1,16777215,2026-03-16 21:04:33,1154635809,1上,某人的梦（上）,鬼灭之刃 刀匠村篇,656835181
堕姬：你清高你清高,553.895,1,16777215,2026-03-16 21:02:20,1154635809,1上,某人的梦（上）,鬼灭之刃 刀匠村篇,656835181
好美,713.9,1,16777215,2026-03-16 20:20:40,1154635809,1上,某人的梦（上）,鬼灭之刃 刀匠村篇,656835181
这也太帅了 这是真帅,1131.347,1,16777215,2026-03-16 19:30:21,1154635809,1上,某人的梦（上）,鬼灭之刃 刀匠村篇,656835181
366666天,1181.057,1,16777215,2026-03-16 19:13:09,1154635809,1上,某人的梦（上）,鬼灭之刃 刀匠村篇,656835181
全菌出击,484.783,1,16777215,2026-03-16 19:11:07,1154635809,1上,某人的梦（上）,鬼灭之刃 刀匠村篇,656835181
三哥:为我花生,175.216,1,16777215,2026-03-16 18:56:41,1154635809,1上,某人的梦（上）,鬼灭之刃 刀匠村篇,656835181
上孩,158.284,1,16777215,2026-03-16 18:56:04,1154635809,1上,某人的梦（上）,鬼灭之刃 刀匠村篇,656835181
无惨天天晚上找一朵白色开的花！,629.867,1,16777215,2026-03-16 17:48:54,1154635809,1上,某人的梦（上）,鬼灭之刃 刀匠村篇,656835181
严胜为啥要变成鬼呀,942.977,1,15138834,2026-03-16 17:48:29,1154635809,1上,某人的梦（上）,鬼灭之刃 刀匠村篇,656835181
黑死牟是缘一的亲哥哥,882.198,1,15138834,2026-03-16 17:47:22,1154635809,1上,某人的梦（上）,鬼灭之刃 刀匠村篇,656835181
炭炭他爹叫炭十郎,862.379,1,15138834,2026-03-16 17:46:55,1154635809,1上,某人的梦（上）,鬼灭之刃 刀匠村篇,656835181
蓝色彼岸花,619.777,1,15138834,2026-03-16 17:42:43,1154635809,1上,某人的梦（上）,鬼灭之刃 刀匠村篇,656835181
经费爆炸,550.699,1,15138834,2026-03-16 17:41:13,1154635809,1上,某人的梦（上）,鬼灭之刃 刀匠村篇,656835181
恭迎教主！！！！,384.785,1,16777215,2026-03-16 17:34:34,1154635809,1上,某人的梦（上）,鬼灭之刃 刀匠村篇,656835181
依旧二刷，哭死了好刀,34.965,1,16777215,2026-03-16 17:02:27,1154635809,1上,某人的梦（上）,鬼灭之刃 刀匠村篇,656835181
谁家大眼萌妹赶紧领走,942.305,1,16777215,2026-03-16 16:26:45,1154635809,1上,某人的梦（上）,鬼灭之刃 刀匠村篇,656835181
好可爱,1049.985,1,16777215,2026-03-16 14:43:06,1154635809,1上,某人的梦（上）,鬼灭之刃 刀匠村篇,656835181
严胜,471.745,1,16777215,2026-03-16 13:45:47,1154635809,1上,某人的梦（上）,鬼灭之刃 刀匠村篇,656835181
主公TvT,70.776,1,16777215,2026-03-16 13:04:15,1154635809,1上,某人的梦（上）,鬼灭之刃 刀匠村篇,656835181
他怎么这么眼熟。,900.616,1,16777215,2026-03-16 12:45:33,1154635809,1上,某人的梦（上）,鬼灭之刃 刀匠村篇,656835181
我和我同学的关系,457.646,1,16777215,2026-03-16 07:14:48,1154635809,1上,某人的梦（上）,鬼灭之刃 刀匠村篇,656835181
哇，还有电梯,241.014,1,16777215,2026-03-16 05:45:50,1154635809,1上,某人的梦（上）,鬼灭之刃 刀匠村篇,656835181
堕姬,753.528,1,16777215,2026-03-16 03:13:06,1154635809,1上,某人的梦（上）,鬼灭之刃 刀匠村篇,656835181
史上说话最难听的角色出现了，童磨这家伙说话都欠打,411.591,1,16777215,2026-03-16 01:51:31,1154635809,1上,某人的梦（上）,鬼灭之刃 刀匠村篇,656835181
小猫呲牙好萌好萌,933.365,1,16777215,2026-03-16 01:27:56,1154635809,1上,某人的梦（上）,鬼灭之刃 刀匠村篇,656835181
黑死咪！,475.458,1,16777215,2026-03-16 01:24:31,1154635809,1上,某人的梦（上）,鬼灭之刃 刀匠村篇,656835181
刚进这 我以为我看反了,760.824,1,16777215,2026-03-15 22:41:42,1154635809,1上,某人的梦（上）,鬼灭之刃 刀匠村篇,656835181
恶鬼灭杀,10.413,1,16777215,2026-03-15 22:07:17,1154635809,1上,某人的梦（上）,鬼灭之刃 刀匠村篇,656835181
岩胜！,470.806,1,16777215,2026-03-15 21:30:16,1154635809,1上,某人的梦（上）,鬼灭之刃 刀匠村篇,656835181
你们好！！,48.048,1,16777215,2026-03-15 21:28:05,1154635809,1上,某人的梦（上）,鬼灭之刃 刀匠村篇,656835181
突然好像知道无一郎为啥打不过他了,863.107,1,16777215,2026-03-15 21:23:11,1154635809,1上,某人的梦（上）,鬼灭之刃 刀匠村篇,656835181
好真实啊,552.412,1,16777215,2026-03-15 21:19:22,1154635809,1上,某人的梦（上）,鬼灭之刃 刀匠村篇,656835181
能找到才怪,635.6,1,16777215,2026-03-15 21:18:38,1154635809,1上,某人的梦（上）,鬼灭之刃 刀匠村篇,656835181
又见啦,22.647,1,16777215,2026-03-15 21:08:14,1154635809,1上,某人的梦（上）,鬼灭之刃 刀匠村篇,656835181
大家闺秀！！！,466.442,1,6830715,2026-03-15 20:30:36,1154635809,1上,某人的梦（上）,鬼灭之刃 刀匠村篇,656835181
尿壶,314.109,1,16777215,2026-03-15 20:08:17,1154635809,1上,某人的梦（上）,鬼灭之刃 刀匠村篇,656835181
来了来了,14.503,1,16777215,2026-03-15 20:05:28,1154635809,1上,某人的梦（上）,鬼灭之刃 刀匠村篇,656835181
出来晒太阳，我带你去找,636.87,1,16777215,2026-03-15 19:51:32,1154635809,1上,某人的梦（上）,鬼灭之刃 刀匠村篇,656835181
o0o,1217.708,1,16777215,2026-03-15 19:50:16,1154635809,1上,某人的梦（上）,鬼灭之刃 刀匠村篇,656835181
垂死病中惊坐起,12.887,1,16777215,2026-03-15 19:34:14,1154635809,1上,某人的梦（上）,鬼灭之刃 刀匠村篇,656835181
透透我爱,22.253,1,16777215,2026-03-15 19:26:47,1154635809,1上,某人的梦（上）,鬼灭之刃 刀匠村篇,656835181
童磨的声音真的很好听,1010.534,1,16777215,2026-03-15 19:08:23,1154635809,1上,某人的梦（上）,鬼灭之刃 刀匠村篇,656835181
谁懂我的账号888人,110.79,1,16777215,2026-03-15 18:50:06,1154635809,1上,某人的梦（上）,鬼灭之刃 刀匠村篇,656835181
我真不行了，无惨。哥哥，你找到蓝色彼岸花了吗？,609.557,1,16777215,2026-03-15 18:09:18,1154635809,1上,某人的梦（上）,鬼灭之刃 刀匠村篇,656835181
又见面啦~,23.27,1,16777215,2026-03-15 18:00:03,1154635809,1上,某人的梦（上）,鬼灭之刃 刀匠村篇,656835181
午餐妙妙屋,119.902,1,16777215,2026-03-15 17:29:01,1154635809,1上,某人的梦（上）,鬼灭之刃 刀匠村篇,656835181
教主大人！！,384.15,1,16777215,2026-03-15 17:16:50,1154635809,1上,某人的梦（上）,鬼灭之刃 刀匠村篇,656835181
兄长大人,477.953,1,16777215,2026-03-15 17:08:58,1154635809,1上,某人的梦（上）,鬼灭之刃 刀匠村篇,656835181
老尿壶你脸红啥？,803.479,1,16777215,2026-03-15 16:44:53,1154635809,1上,某人的梦（上）,鬼灭之刃 刀匠村篇,656835181
老尿壶，咋掉下去了？,759.393,1,16777215,2026-03-15 16:43:41,1154635809,1上,某人的梦（上）,鬼灭之刃 刀匠村篇,656835181
这就是炭子老爸吧,948.942,1,16777215,2026-03-15 16:16:18,1154635809,1上,某人的梦（上）,鬼灭之刃 刀匠村篇,656835181
又见面了,5.15,1,16777215,2026-03-15 16:10:41,1154635809,1上,某人的梦（上）,鬼灭之刃 刀匠村篇,656835181
听我的带耳机,229.268,1,16777215,2026-03-15 16:04:50,1154635809,1上,某人的梦（上）,鬼灭之刃 刀匠村篇,656835181
为什么我的眼中常含泪水？,1210.921,1,16777215,2026-03-15 15:53:51,1154635809,1上,某人的梦（上）,鬼灭之刃 刀匠村篇,656835181
炭嫂,1235.872,1,16777215,2026-03-15 15:53:07,1154635809,1上,某人的梦（上）,鬼灭之刃 刀匠村篇,656835181
我的妈呀，这个磨磨头头萌成啥了,879.033,1,16777215,2026-03-15 15:42:35,1154635809,1上,某人的梦（上）,鬼灭之刃 刀匠村篇,656835181
老三;心脏骤停,376.514,1,16777215,2026-03-15 15:41:52,1154635809,1上,某人的梦（上）,鬼灭之刃 刀匠村篇,656835181
尿壶,321.594,1,16777215,2026-03-15 15:13:42,1154635809,1上,某人的梦（上）,鬼灭之刃 刀匠村篇,656835181
有些反派的颜值没得说,770.991,1,16777215,2026-03-15 15:10:06,1154635809,1上,某人的梦（上）,鬼灭之刃 刀匠村篇,656835181
喵喵喵,25.227,1,16777215,2026-03-15 15:06:45,1154635809,1上,某人的梦（上）,鬼灭之刃 刀匠村篇,656835181
啊啊啊啊啊啊啊啊啊,372.733,1,16777215,2026-03-15 14:24:19,1154635809,1上,某人的梦（上）,鬼灭之刃 刀匠村篇,656835181
缘一,1092.384,1,16777215,2026-03-15 14:04:08,1154635809,1上,某人的梦（上）,鬼灭之刃 刀匠村篇,656835181
萌的很让人安心,885.821,1,16777215,2026-03-15 13:45:15,1154635809,1上,某人的梦（上）,鬼灭之刃 刀匠村篇,656835181
黑死咪！,483.986,1,16777215,2026-03-15 13:37:59,1154635809,1上,某人的梦（上）,鬼灭之刃 刀匠村篇,656835181
童磨！,408.295,1,16777215,2026-03-15 13:36:30,1154635809,1上,某人的梦（上）,鬼灭之刃 刀匠村篇,656835181
香奈乎主动说话了！,1225.103,1,16777215,2026-03-15 13:18:34,1154635809,1上,某人的梦（上）,鬼灭之刃 刀匠村篇,656835181
陌生的天花板,1199.123,1,16777215,2026-03-15 13:16:32,1154635809,1上,某人的梦（上）,鬼灭之刃 刀匠村篇,656835181
我还以为是炭治郎,1078.403,1,16777215,2026-03-15 13:13:54,1154635809,1上,某人的梦（上）,鬼灭之刃 刀匠村篇,656835181
三哥：挑衅我？,912.723,1,16777215,2026-03-15 13:10:24,1154635809,1上,某人的梦（上）,鬼灭之刃 刀匠村篇,656835181
我还以为我手机转屏了,781.003,1,16777215,2026-03-15 13:06:40,1154635809,1上,某人的梦（上）,鬼灭之刃 刀匠村篇,656835181
这个童磨真的就是太宰啊。。。。双推狂喜,999.077,1,16777215,2026-03-15 13:05:23,1154635809,1上,某人的梦（上）,鬼灭之刃 刀匠村篇,656835181
？脸红啥,727.683,1,16777215,2026-03-15 13:04:44,1154635809,1上,某人的梦（上）,鬼灭之刃 刀匠村篇,656835181
六眼仔,931.073,1,11890,2026-03-15 13:00:45,1154635809,1上,某人的梦（上）,鬼灭之刃 刀匠村篇,656835181
当徽章,539.606,1,11890,2026-03-15 12:53:46,1154635809,1上,某人的梦（上）,鬼灭之刃 刀匠村篇,656835181
教主大人！,385.223,1,16777215,2026-03-15 12:51:39,1154635809,1上,某人的梦（上）,鬼灭之刃 刀匠村篇,656835181
阿拉丁神灯,306.423,1,16777215,2026-03-15 12:49:32,1154635809,1上,某人的梦（上）,鬼灭之刃 刀匠村篇,656835181
上弦之五 尿壶,284.246,1,11890,2026-03-15 12:48:27,1154635809,1上,某人的梦（上）,鬼灭之刃 刀匠村篇,656835181
吓我一跳,267.323,1,9487136,2026-03-15 12:47:56,1154635809,1上,某人的梦（上）,鬼灭之刃 刀匠村篇,656835181
开心跳舞,200.982,1,16777215,2026-03-15 12:46:20,1154635809,1上,某人的梦（上）,鬼灭之刃 刀匠村篇,656835181
三哥,142.163,1,9487136,2026-03-15 12:45:23,1154635809,1上,某人的梦（上）,鬼灭之刃 刀匠村篇,656835181
三哥,142.163,1,16777215,2026-03-15 12:44:45,1154635809,1上,某人的梦（上）,鬼灭之刃 刀匠村篇,656835181
这应该是炭吉，和着灶门一家长得一模一样啊,1078.509,1,16777215,2026-03-15 12:23:18,1154635809,1上,某人的梦（上）,鬼灭之刃 刀匠村篇,656835181
自己去阳光底下找,633.575,1,16777215,2026-03-15 12:12:41,1154635809,1上,某人的梦（上）,鬼灭之刃 刀匠村篇,656835181
不用眨眼吗？,940.046,5,15138834,2026-03-15 11:57:47,1154635809,1上,某人的梦（上）,鬼灭之刃 刀匠村篇,656835181
三哥,157.813,1,16777215,2026-03-15 11:47:43,1154635809,1上,某人的梦（上）,鬼灭之刃 刀匠村篇,656835181
飞碟社你是我的神。,228.694,1,16777215,2026-03-15 10:57:43,1154635809,1上,某人的梦（上）,鬼灭之刃 刀匠村篇,656835181
透透。,24.547,1,16777215,2026-03-15 10:53:56,1154635809,1上,某人的梦（上）,鬼灭之刃 刀匠村篇,656835181
到底在99什么,1234.891,1,16777215,2026-03-15 10:48:54,1154635809,1上,某人的梦（上）,鬼灭之刃 刀匠村篇,656835181
好萌好萌好萌,1040.197,1,16777215,2026-03-15 10:37:21,1154635809,1上,某人的梦（上）,鬼灭之刃 刀匠村篇,656835181
好萌好萌啊啊啊啊啊啊啊啊啊啊啊啊啊啊啊,1035.505,1,16777215,2026-03-15 10:37:10,1154635809,1上,某人的梦（上）,鬼灭之刃 刀匠村篇,656835181
好可爱,880.343,1,16777215,2026-03-15 10:34:27,1154635809,1上,某人的梦（上）,鬼灭之刃 刀匠村篇,656835181
好帅,513.141,1,16777215,2026-03-15 10:28:13,1154635809,1上,某人的梦（上）,鬼灭之刃 刀匠村篇,656835181
三哥感觉他有病,455.322,1,16777215,2026-03-15 10:27:07,1154635809,1上,某人的梦（上）,鬼灭之刃 刀匠村篇,656835181
摸摸头！,378.121,1,16777215,2026-03-15 10:26:52,1154635809,1上,某人的梦（上）,鬼灭之刃 刀匠村篇,656835181
三哥说我很生气，特别生气,889.842,1,16777215,2026-03-15 10:26:22,1154635809,1上,某人的梦（上）,鬼灭之刃 刀匠村篇,656835181
452人,280.121,1,16777215,2026-03-15 10:25:06,1154635809,1上,某人的梦（上）,鬼灭之刃 刀匠村篇,656835181
上田终于来录音室了,1219.314,1,16707842,2026-03-15 10:10:47,1154635809,1上,某人的梦（上）,鬼灭之刃 刀匠村篇,656835181
三哥,141.34,1,16777215,2026-03-15 10:06:12,1154635809,1上,某人的梦（上）,鬼灭之刃 刀匠村篇,656835181
要是你们不说，我还以为他是做实验的呢……,515.43,1,16777215,2026-03-15 07:47:53,1154635809,1上,某人的梦（上）,鬼灭之刃 刀匠村篇,656835181
太可爱了吧！！！！！！！！！,447.688,1,16777215,2026-03-15 07:46:31,1154635809,1上,某人的梦（上）,鬼灭之刃 刀匠村篇,656835181
玉壶好搞笑,305.12,1,16777215,2026-03-15 07:46:28,1154635809,1上,某人的梦（上）,鬼灭之刃 刀匠村篇,656835181
这不是篮球吗？,144.255,1,16777215,2026-03-15 07:36:57,1154635809,1上,某人的梦（上）,鬼灭之刃 刀匠村篇,656835181
我真的喜欢教主大人啊,1036.933,1,16777215,2026-03-15 01:42:25,1154635809,1上,某人的梦（上）,鬼灭之刃 刀匠村篇,656835181
魔童跟太宰用一个声优 我真的很难不联想啊 太像了,371.48,1,16777215,2026-03-15 01:29:19,1154635809,1上,某人的梦（上）,鬼灭之刃 刀匠村篇,656835181
哈喽兄弟们,12.13,1,16777215,2026-03-15 01:23:08,1154635809,1上,某人的梦（上）,鬼灭之刃 刀匠村篇,656835181
出生登场,379.712,5,16646914,2026-03-15 01:04:22,1154635809,1上,某人的梦（上）,鬼灭之刃 刀匠村篇,656835181
这么帅,504.793,1,16777215,2026-03-15 01:01:28,1154635809,1上,某人的梦（上）,鬼灭之刃 刀匠村篇,656835181
嘻 皮 笑 脸,526.857,1,15138834,2026-03-15 00:58:23,1154635809,1上,某人的梦（上）,鬼灭之刃 刀匠村篇,656835181
他叫的不是小梅,517.539,1,14811775,2026-03-15 00:58:09,1154635809,1上,某人的梦（上）,鬼灭之刃 刀匠村篇,656835181
六眼柠檬精,468.79,1,6830715,2026-03-15 00:57:12,1154635809,1上,某人的梦（上）,鬼灭之刃 刀匠村篇,656835181
霞柱,28.04,1,8700107,2026-03-15 00:51:50,1154635809,1上,某人的梦（上）,鬼灭之刃 刀匠村篇,656835181
无惨来的这段是踩音响上了吗？,498.22,1,16777215,2026-03-15 00:15:48,1154635809,1上,某人的梦（上）,鬼灭之刃 刀匠村篇,656835181
弹幕护体,384.743,1,16777215,2026-03-14 23:56:14,1154635809,1上,某人的梦（上）,鬼灭之刃 刀匠村篇,656835181
弹幕护体,153.71,1,16777215,2026-03-14 23:54:50,1154635809,1上,某人的梦（上）,鬼灭之刃 刀匠村篇,656835181
好帅啊,412.265,1,16777215,2026-03-14 23:05:02,1154635809,1上,某人的梦（上）,鬼灭之刃 刀匠村篇,656835181
好可爱的声音（哭,987.027,1,16777215,2026-03-14 23:00:01,1154635809,1上,某人的梦（上）,鬼灭之刃 刀匠村篇,656835181
鸣女大人很萌啊！！,358.909,1,16777215,2026-03-14 22:53:43,1154635809,1上,某人的梦（上）,鬼灭之刃 刀匠村篇,656835181
鸣女大人！,259.325,1,16777215,2026-03-14 22:52:20,1154635809,1上,某人的梦（上）,鬼灭之刃 刀匠村篇,656835181
教主！！！,377.588,1,16777215,2026-03-14 22:34:52,1154635809,1上,某人的梦（上）,鬼灭之刃 刀匠村篇,656835181
疑似马上就要野猪惊魂了,1208.088,1,16777215,2026-03-14 21:23:46,1154635809,1上,某人的梦（上）,鬼灭之刃 刀匠村篇,656835181
刚刚听的是肯德基,1190.465,1,16777215,2026-03-14 21:23:16,1154635809,1上,某人的梦（上）,鬼灭之刃 刀匠村篇,656835181
这马尾真好看，非常的 good,1178.432,1,16777215,2026-03-14 21:22:58,1154635809,1上,某人的梦（上）,鬼灭之刃 刀匠村篇,656835181
哇塞，好俊,1132.698,1,16777215,2026-03-14 21:21:45,1154635809,1上,某人的梦（上）,鬼灭之刃 刀匠村篇,656835181
萌萌萌,1033.964,1,16777215,2026-03-14 21:18:53,1154635809,1上,某人的梦（上）,鬼灭之刃 刀匠村篇,656835181
黑死牟的马尾辫还蛮好看的,950.067,1,16777215,2026-03-14 21:16:43,1154635809,1上,某人的梦（上）,鬼灭之刃 刀匠村篇,656835181
不会说话就别说话，我看你像雷霆,894.413,1,16777215,2026-03-14 21:14:39,1154635809,1上,某人的梦（上）,鬼灭之刃 刀匠村篇,656835181
啊！磨磨头好可爱！,879.302,1,16777215,2026-03-14 21:13:09,1154635809,1上,某人的梦（上）,鬼灭之刃 刀匠村篇,656835181
哇塞，三哥太霸道了，直接强制给二哥洗头了,827.331,1,16777215,2026-03-14 21:11:53,1154635809,1上,某人的梦（上）,鬼灭之刃 刀匠村篇,656835181
桌面消消乐大师，想玩消消乐就找无惨,650.42,1,16777215,2026-03-14 21:08:06,1154635809,1上,某人的梦（上）,鬼灭之刃 刀匠村篇,656835181
弹幕护体,868.761,1,16777215,2026-03-14 21:08:02,1154635809,1上,某人的梦（上）,鬼灭之刃 刀匠村篇,656835181
无惨是调药师吧,626.074,1,16777215,2026-03-14 21:07:28,1154635809,1上,某人的梦（上）,鬼灭之刃 刀匠村篇,656835181
帅帅帅,239.143,1,16777215,2026-03-14 21:06:44,1154635809,1上,某人的梦（上）,鬼灭之刃 刀匠村篇,656835181
哇塞，笔好好看,551.685,1,16777215,2026-03-14 21:05:24,1154635809,1上,某人的梦（上）,鬼灭之刃 刀匠村篇,656835181
磨磨头,379.164,1,16777215,2026-03-14 20:58:22,1154635809,1上,某人的梦（上）,鬼灭之刃 刀匠村篇,656835181
磨磨头！,375.751,1,16777215,2026-03-14 20:58:09,1154635809,1上,某人的梦（上）,鬼灭之刃 刀匠村篇,656835181
无限城,259.634,1,16777215,2026-03-14 20:56:22,1154635809,1上,某人的梦（上）,鬼灭之刃 刀匠村篇,656835181
为什么？,238.893,1,16777215,2026-03-14 20:55:01,1154635809,1上,某人的梦（上）,鬼灭之刃 刀匠村篇,656835181
有人吗,33.103,1,16777215,2026-03-14 20:39:11,1154635809,1上,某人的梦（上）,鬼灭之刃 刀匠村篇,656835181
太华丽了,0.0,1,16777215,2026-03-14 20:38:23,1154635809,1上,某人的梦（上）,鬼灭之刃 刀匠村篇,656835181
花瓶,320.082,1,16777215,2026-03-14 20:22:23,1154635809,1上,某人的梦（上）,鬼灭之刃 刀匠村篇,656835181
研究化学中...,504.139,1,16777215,2026-03-14 20:19:09,1154635809,1上,某人的梦（上）,鬼灭之刃 刀匠村篇,656835181
二刷,28.925,1,16777215,2026-03-14 20:15:15,1154635809,1上,某人的梦（上）,鬼灭之刃 刀匠村篇,656835181
不是你们干啥呀？一堆弹幕弹出来啥意思啊？,67.883,1,16777215,2026-03-14 20:14:24,1154635809,1上,某人的梦（上）,鬼灭之刃 刀匠村篇,656835181
缘一和上一严胜是兄弟关系哦，严胜是哥哥,1098.176,1,16777215,2026-03-14 20:01:46,1154635809,1上,某人的梦（上）,鬼灭之刃 刀匠村篇,656835181
够够哒……？,50.103,1,16777215,2026-03-14 19:59:24,1154635809,1上,某人的梦（上）,鬼灭之刃 刀匠村篇,656835181
严胜大人像炸毛小猫啊啊啊,941.52,1,16777215,2026-03-14 19:57:31,1154635809,1上,某人的梦（上）,鬼灭之刃 刀匠村篇,656835181
炸毛小猫好萌好萌,855.555,1,16777215,2026-03-14 19:53:49,1154635809,1上,某人的梦（上）,鬼灭之刃 刀匠村篇,656835181
此鬼堪比奥特曼中的赛罗,397.821,1,16777215,2026-03-14 19:53:18,1154635809,1上,某人的梦（上）,鬼灭之刃 刀匠村篇,656835181
妈妈！,470.782,1,16777215,2026-03-14 19:44:03,1154635809,1上,某人的梦（上）,鬼灭之刃 刀匠村篇,656835181
666梦到太爷了！,1197.588,1,16777215,2026-03-14 19:29:29,1154635809,1上,某人的梦（上）,鬼灭之刃 刀匠村篇,656835181
来嘞,117.485,1,16777215,2026-03-14 19:29:12,1154635809,1上,某人的梦（上）,鬼灭之刃 刀匠村篇,656835181
我需要中文配音,104.928,1,16777215,2026-03-14 19:22:17,1154635809,1上,某人的梦（上）,鬼灭之刃 刀匠村篇,656835181
三哥,148.662,1,8700107,2026-03-14 19:19:24,1154635809,1上,某人的梦（上）,鬼灭之刃 刀匠村篇,656835181
哈哈，三哥气的呀,451.538,1,16777215,2026-03-14 19:18:25,1154635809,1上,某人的梦（上）,鬼灭之刃 刀匠村篇,656835181
颗秒！,428.986,1,16777215,2026-03-14 19:17:42,1154635809,1上,某人的梦（上）,鬼灭之刃 刀匠村篇,656835181
摸头的头要掉了,420.252,1,16777215,2026-03-14 19:17:08,1154635809,1上,某人的梦（上）,鬼灭之刃 刀匠村篇,656835181
童磨疯狂踩三哥的雷,412.549,1,16777215,2026-03-14 19:16:53,1154635809,1上,某人的梦（上）,鬼灭之刃 刀匠村篇,656835181
磨磨头来了,372.973,1,16777215,2026-03-14 19:16:06,1154635809,1上,某人的梦（上）,鬼灭之刃 刀匠村篇,656835181
三个眼睛好好看，有种病娇的感觉,160.251,1,16777215,2026-03-14 19:12:44,1154635809,1上,某人的梦（上）,鬼灭之刃 刀匠村篇,656835181
这运镜还不错,149.271,1,16777215,2026-03-14 19:12:21,1154635809,1上,某人的梦（上）,鬼灭之刃 刀匠村篇,656835181
哇塞三哥,140.731,1,16777215,2026-03-14 19:12:00,1154635809,1上,某人的梦（上）,鬼灭之刃 刀匠村篇,656835181
奕奕奕奕,104.77,1,16776960,2026-03-14 19:11:46,1154635809,1上,某人的梦（上）,鬼灭之刃 刀匠村篇,656835181
奕奕,65.851,1,16777215,2026-03-14 19:11:07,1154635809,1上,某人的梦（上）,鬼灭之刃 刀匠村篇,656835181
有谁知道主公是得啥病了吗？,84.171,1,16777215,2026-03-14 19:10:09,1154635809,1上,某人的梦（上）,鬼灭之刃 刀匠村篇,656835181
什么是玉壶？这不是尿壶吗？,314.459,1,9599289,2026-03-14 18:58:56,1154635809,1上,某人的梦（上）,鬼灭之刃 刀匠村篇,656835181
笑死我了，岩柱简直是拆迁大会,130.137,1,8700107,2026-03-14 18:56:28,1154635809,1上,某人的梦（上）,鬼灭之刃 刀匠村篇,656835181
恶鬼退散,633.876,1,16777215,2026-03-14 18:37:25,1154635809,1上,某人的梦（上）,鬼灭之刃 刀匠村篇,656835181
（文野的求求不要ky了…我也是文野粉，不要给自家抹黑…（我怕被打）,417.416,1,16777215,2026-03-14 18:35:08,1154635809,1上,某人的梦（上）,鬼灭之刃 刀匠村篇,656835181
三哥,181.8,5,11890,2026-03-14 18:29:48,1154635809,1上,某人的梦（上）,鬼灭之刃 刀匠村篇,656835181
好萌。,1045.436,1,16777215,2026-03-14 18:17:15,1154635809,1上,某人的梦（上）,鬼灭之刃 刀匠村篇,656835181
羡慕玉壶,724.14,1,16777215,2026-03-14 18:11:15,1154635809,1上,某人的梦（上）,鬼灭之刃 刀匠村篇,656835181
终于是知道三哥你为什么想让大哥当他的同事了…,329.714,1,15138834,2026-03-14 17:59:54,1154635809,1上,某人的梦（上）,鬼灭之刃 刀匠村篇,656835181
上三很帅，是帅哥，下三只能说是个人，但不多,337.137,1,16777215,2026-03-14 17:21:56,1154635809,1上,某人的梦（上）,鬼灭之刃 刀匠村篇,656835181
三哥：我不想开会啊！！！！！！！！！！！！！！！！！！！！！！！！！！！！！！！！！！！！！！！！！！！！！！！！！！！！！！！！！！！！！！！！！！,201.855,1,16777215,2026-03-14 17:05:46,1154635809,1上,某人的梦（上）,鬼灭之刃 刀匠村篇,656835181
哒哒哒哒哒哒哒哒哒哒哒哒哒哒哒哒哒哒哒哒哒哒哒哒哒哒哒哒哒哒哒哒哒哒哒哒哒哒哒哒哒哒哒哒哒哒哒哒哒哒哒哒哒哒哒哒哒哒哒哒哒哒哒哒哒哒哒哒哒哒哒哒哒哒哒哒哒哒哒哒哒哒哒哒哒哒哒哒哒哒哒哒哒哒哒哒哒哒哒哒,1.12,1,16777215,2026-03-14 17:01:06,1154635809,1上,某人的梦（上）,鬼灭之刃 刀匠村篇,656835181
探探,1077.611,1,6830715,2026-03-14 16:53:04,1154635809,1上,某人的梦（上）,鬼灭之刃 刀匠村篇,656835181
哇大西哇哭哭你,471.617,1,6830715,2026-03-14 16:46:12,1154635809,1上,某人的梦（上）,鬼灭之刃 刀匠村篇,656835181
诡异磨磨头,424.641,1,16777215,2026-03-14 16:45:13,1154635809,1上,某人的梦（上）,鬼灭之刃 刀匠村篇,656835181
玉壶,287.297,1,16777215,2026-03-14 16:43:51,1154635809,1上,某人的梦（上）,鬼灭之刃 刀匠村篇,656835181
上弦一他弟日柱,1149.169,1,16777215,2026-03-14 16:18:28,1154635809,1上,某人的梦（上）,鬼灭之刃 刀匠村篇,656835181
好写实啊,650.398,1,9599289,2026-03-14 16:10:59,1154635809,1上,某人的梦（上）,鬼灭之刃 刀匠村篇,656835181
如果他不是鬼，各大名校都要邀请他了。,552.684,1,16777215,2026-03-14 16:00:52,1154635809,1上,某人的梦（上）,鬼灭之刃 刀匠村篇,656835181
好可爱,880.807,1,15138834,2026-03-14 16:00:32,1154635809,1上,某人的梦（上）,鬼灭之刃 刀匠村篇,656835181
还好，这次我有准备,359.904,1,16777215,2026-03-14 15:57:29,1154635809,1上,某人的梦（上）,鬼灭之刃 刀匠村篇,656835181
Akaza!,845.418,1,15138834,2026-03-14 15:52:02,1154635809,1上,某人的梦（上）,鬼灭之刃 刀匠村篇,656835181
鬼之呼吸，一之型，阿玛特拉斯,733.115,1,15138834,2026-03-14 15:49:43,1154635809,1上,某人的梦（上）,鬼灭之刃 刀匠村篇,656835181
不是，你是被魇梦附体了吗？,719.4,1,15138834,2026-03-14 15:49:07,1154635809,1上,某人的梦（上）,鬼灭之刃 刀匠村篇,656835181
分头行动,701.683,1,15138834,2026-03-14 15:48:28,1154635809,1上,某人的梦（上）,鬼灭之刃 刀匠村篇,656835181
经费花在了不该花的地方,558.263,1,16777215,2026-03-14 15:45:49,1154635809,1上,某人的梦（上）,鬼灭之刃 刀匠村篇,656835181
快点，告诉我是童磨,171.688,1,16777215,2026-03-14 15:39:17,1154635809,1上,某人的梦（上）,鬼灭之刃 刀匠村篇,656835181
磨磨头欠欠的好喜欢,967.238,1,16777215,2026-03-14 15:30:34,1154635809,1上,某人的梦（上）,鬼灭之刃 刀匠村篇,656835181
三哥，帅死了,145.352,1,16777215,2026-03-14 15:25:18,1154635809,1上,某人的梦（上）,鬼灭之刃 刀匠村篇,656835181
不行了，玉壶直接连根拔起,733.218,1,16777215,2026-03-14 15:23:53,1154635809,1上,某人的梦（上）,鬼灭之刃 刀匠村篇,656835181
就不能买个彼岸花，然后喷上油漆,637.591,1,16777215,2026-03-14 15:22:15,1154635809,1上,某人的梦（上）,鬼灭之刃 刀匠村篇,656835181
不行了，珠四都被你吓跑了，还不得找一个,517.719,1,16777215,2026-03-14 15:20:03,1154635809,1上,某人的梦（上）,鬼灭之刃 刀匠村篇,656835181
三哥白高兴了，以为死的是童磨,371.9,1,16777215,2026-03-14 15:17:19,1154635809,1上,某人的梦（上）,鬼灭之刃 刀匠村篇,656835181
不是那么复杂，竟然还有电梯,241.184,1,16777215,2026-03-14 15:15:16,1154635809,1上,某人的梦（上）,鬼灭之刃 刀匠村篇,656835181
不行了，开启会议有意思,135.481,1,16777215,2026-03-14 15:13:47,1154635809,1上,某人的梦（上）,鬼灭之刃 刀匠村篇,656835181
我靠帅哥你谁,1134.289,1,16777215,2026-03-14 14:55:37,1154635809,1上,某人的梦（上）,鬼灭之刃 刀匠村篇,656835181
我才发现黑死牟的日轮刀是这样放的，感情我的一直放错了,901.879,1,16777215,2026-03-14 14:55:27,1154635809,1上,某人的梦（上）,鬼灭之刃 刀匠村篇,656835181
我不行了，主公大人好帅啊,79.164,1,16777215,2026-03-14 14:46:21,1154635809,1上,某人的梦（上）,鬼灭之刃 刀匠村篇,656835181
455人太华丽了,26.779,1,16777215,2026-03-14 14:36:30,1154635809,1上,某人的梦（上）,鬼灭之刃 刀匠村篇,656835181
华丽丽的400人,17.993,1,16777215,2026-03-14 14:36:14,1154635809,1上,某人的梦（上）,鬼灭之刃 刀匠村篇,656835181
精准踩到三哥的雷点,425.596,1,15138834,2026-03-14 14:35:12,1154635809,1上,某人的梦（上）,鬼灭之刃 刀匠村篇,656835181
炭治郎【战国】,1075.505,1,16777215,2026-03-14 14:02:30,1154635809,1上,某人的梦（上）,鬼灭之刃 刀匠村篇,656835181
我不行了，一个不杀女人，一个专吃女人,391.463,1,16777215,2026-03-14 13:52:08,1154635809,1上,某人的梦（上）,鬼灭之刃 刀匠村篇,656835181
妈妈,932.295,1,16777215,2026-03-14 13:25:31,1154635809,1上,某人的梦（上）,鬼灭之刃 刀匠村篇,656835181
黑死咪！！！,466.804,1,16777215,2026-03-14 13:21:23,1154635809,1上,某人的梦（上）,鬼灭之刃 刀匠村篇,656835181
小玩意长的这么随便,305.027,1,16777215,2026-03-14 13:18:29,1154635809,1上,某人的梦（上）,鬼灭之刃 刀匠村篇,656835181
搭噶口头哇路,1021.969,1,15138834,2026-03-14 13:03:48,1154635809,1上,某人的梦（上）,鬼灭之刃 刀匠村篇,656835181
好可爱,1208.038,1,16777215,2026-03-14 12:34:09,1154635809,1上,某人的梦（上）,鬼灭之刃 刀匠村篇,656835181
t tt,254.632,1,16777215,2026-03-14 12:32:34,1154635809,1上,某人的梦（上）,鬼灭之刃 刀匠村篇,656835181
只是从第2季看哭的,18.753,1,16777215,2026-03-14 12:14:40,1154635809,1上,某人的梦（上）,鬼灭之刃 刀匠村篇,656835181
彼岸花是中药类 拿西方化学干嘛？。,518.694,1,16777215,2026-03-14 12:13:35,1154635809,1上,某人的梦（上）,鬼灭之刃 刀匠村篇,656835181
缘一！！,1064.862,1,16777215,2026-03-14 12:08:42,1154635809,1上,某人的梦（上）,鬼灭之刃 刀匠村篇,656835181
我真服了，这尿壶脸红个泡泡茶壶,586.656,1,16777215,2026-03-14 11:55:06,1154635809,1上,某人的梦（上）,鬼灭之刃 刀匠村篇,656835181
变脸不扣豆,545.513,1,16777215,2026-03-14 11:53:36,1154635809,1上,某人的梦（上）,鬼灭之刃 刀匠村篇,656835181
排雷兵来的,414.173,1,16777215,2026-03-14 11:51:11,1154635809,1上,某人的梦（上）,鬼灭之刃 刀匠村篇,656835181
这个童模就是喜欢踩雷呗,412.733,1,16777215,2026-03-14 11:50:53,1154635809,1上,某人的梦（上）,鬼灭之刃 刀匠村篇,656835181
二哥来了,371.233,1,16777215,2026-03-14 11:49:55,1154635809,1上,某人的梦（上）,鬼灭之刃 刀匠村篇,656835181
他但凡眼睛和嘴巴长在正常的位置，我都觉得他挺帅,310.233,1,16777215,2026-03-14 11:48:36,1154635809,1上,某人的梦（上）,鬼灭之刃 刀匠村篇,656835181
吓死我了,261.813,1,16777215,2026-03-14 11:47:23,1154635809,1上,某人的梦（上）,鬼灭之刃 刀匠村篇,656835181
不是男鬼吗？,86.753,1,16777215,2026-03-14 11:43:48,1154635809,1上,某人的梦（上）,鬼灭之刃 刀匠村篇,656835181
这个是第一季吗我是新来的,69.043,1,16777215,2026-03-14 11:28:33,1154635809,1上,某人的梦（上）,鬼灭之刃 刀匠村篇,656835181
这个是鬼灭之刃第一季吗,23.198,1,16777215,2026-03-14 11:27:36,1154635809,1上,某人的梦（上）,鬼灭之刃 刀匠村篇,656835181
经费源源不断溜走了,654.012,5,16777215,2026-03-14 10:39:37,1154635809,1上,某人的梦（上）,鬼灭之刃 刀匠村篇,656835181
这个鬼真的好像炭治郎他爹,955.677,1,16777215,2026-03-14 10:36:38,1154635809,1上,某人的梦（上）,鬼灭之刃 刀匠村篇,656835181
好像就只有童磨一直在说,922.817,1,16777215,2026-03-14 10:35:44,1154635809,1上,某人的梦（上）,鬼灭之刃 刀匠村篇,656835181
黑死咪!!!,929.942,1,16777215,2026-03-14 10:19:57,1154635809,1上,某人的梦（上）,鬼灭之刃 刀匠村篇,656835181
炭治郎肯定是打败鬼武士无惨的特别一个人,108.847,1,16777215,2026-03-14 10:13:26,1154635809,1上,某人的梦（上）,鬼灭之刃 刀匠村篇,656835181
炭炭绝对是打败。鬼武士无惨的一个人,107.321,1,16777215,2026-03-14 10:13:06,1154635809,1上,某人的梦（上）,鬼灭之刃 刀匠村篇,656835181
250个人,329.996,1,16777215,2026-03-14 10:03:01,1154635809,1上,某人的梦（上）,鬼灭之刃 刀匠村篇,656835181
感觉有点晕,167.353,1,16777215,2026-03-14 10:00:43,1154635809,1上,某人的梦（上）,鬼灭之刃 刀匠村篇,656835181
卡滋咔咔太,1126.412,1,16777215,2026-03-14 09:49:05,1154635809,1上,某人的梦（上）,鬼灭之刃 刀匠村篇,656835181
萌!,672.996,1,16777215,2026-03-14 09:48:54,1154635809,1上,某人的梦（上）,鬼灭之刃 刀匠村篇,656835181
萌啊！,923.407,1,16777215,2026-03-14 09:46:58,1154635809,1上,某人的梦（上）,鬼灭之刃 刀匠村篇,656835181
继国严胜,509.821,1,16777215,2026-03-14 08:51:46,1154635809,1上,某人的梦（上）,鬼灭之刃 刀匠村篇,656835181
三哥,174.944,1,16777215,2026-03-14 08:45:54,1154635809,1上,某人的梦（上）,鬼灭之刃 刀匠村篇,656835181
那162个人出来,751.551,5,16777215,2026-03-14 08:11:31,1154635809,1上,某人的梦（上）,鬼灭之刃 刀匠村篇,656835181
看我干啥？,152.589,1,16777215,2026-03-14 07:49:28,1154635809,1上,某人的梦（上）,鬼灭之刃 刀匠村篇,656835181
好乖好乖！！童磨好可爱,880.357,1,15138834,2026-03-14 07:23:54,1154635809,1上,某人的梦（上）,鬼灭之刃 刀匠村篇,656835181
大哥！！！,469.197,1,41194,2026-03-14 07:16:30,1154635809,1上,某人的梦（上）,鬼灭之刃 刀匠村篇,656835181
我靠！我靠，童磨！！美丽，实在美丽,398.017,1,41194,2026-03-14 07:15:08,1154635809,1上,某人的梦（上）,鬼灭之刃 刀匠村篇,656835181
教主大人！,379.397,1,41194,2026-03-14 07:14:38,1154635809,1上,某人的梦（上）,鬼灭之刃 刀匠村篇,656835181
童磨！！！！！！！,377.117,1,16777215,2026-03-14 07:14:03,1154635809,1上,某人的梦（上）,鬼灭之刃 刀匠村篇,656835181
恭迎教主大人,370.308,1,16777215,2026-03-14 06:50:01,1154635809,1上,某人的梦（上）,鬼灭之刃 刀匠村篇,656835181
怎么办啊  没看懂,1162.513,1,9599289,2026-03-14 02:40:41,1154635809,1上,某人的梦（上）,鬼灭之刃 刀匠村篇,656835181
你看你又急了，晒晒太阳就好了,653.252,1,16777215,2026-03-14 00:10:32,1154635809,1上,某人的梦（上）,鬼灭之刃 刀匠村篇,656835181
阿妈特拉斯,740.64,1,16777215,2026-03-13 23:22:46,1154635809,1上,某人的梦（上）,鬼灭之刃 刀匠村篇,656835181
一百年才死了一个上弦吗？,67.3,1,16777215,2026-03-13 23:10:11,1154635809,1上,某人的梦（上）,鬼灭之刃 刀匠村篇,656835181
疯狂的弹幕,29.98,1,16777215,2026-03-13 23:01:48,1154635809,1上,某人的梦（上）,鬼灭之刃 刀匠村篇,656835181
他把它孙子杀了,471.805,1,16777215,2026-03-13 22:46:06,1154635809,1上,某人的梦（上）,鬼灭之刃 刀匠村篇,656835181
他给他孙子杀了,471.805,1,16777215,2026-03-13 22:45:39,1154635809,1上,某人的梦（上）,鬼灭之刃 刀匠村篇,656835181
我觉得这一季应该是无一郎的,278.782,1,16777215,2026-03-13 22:43:44,1154635809,1上,某人的梦（上）,鬼灭之刃 刀匠村篇,656835181
6只眼的柠檬精。,936.438,1,16777215,2026-03-13 22:07:20,1154635809,1上,某人的梦（上）,鬼灭之刃 刀匠村篇,656835181
鬼舞十无惨做噩梦了。,1058.048,1,16777215,2026-03-13 21:42:42,1154635809,1上,某人的梦（上）,鬼灭之刃 刀匠村篇,656835181
行呗,472.898,1,16777215,2026-03-13 21:37:00,1154635809,1上,某人的梦（上）,鬼灭之刃 刀匠村篇,656835181
怎么感觉这么可怜？,1031.445,1,16777215,2026-03-13 20:52:12,1154635809,1上,某人的梦（上）,鬼灭之刃 刀匠村篇,656835181
帅呆了,1145.325,1,16777215,2026-03-13 20:44:23,1154635809,1上,某人的梦（上）,鬼灭之刃 刀匠村篇,656835181
缘一最强啊啊,1067.458,1,16777215,2026-03-13 20:42:42,1154635809,1上,某人的梦（上）,鬼灭之刃 刀匠村篇,656835181
漂亮,445.053,1,16777215,2026-03-13 20:27:09,1154635809,1上,某人的梦（上）,鬼灭之刃 刀匠村篇,656835181
无惨依旧像宝妈自学中医,492.327,1,16777215,2026-03-13 20:22:04,1154635809,1上,某人的梦（上）,鬼灭之刃 刀匠村篇,656835181
666又来当研究生,508.66,1,16777215,2026-03-13 20:15:00,1154635809,1上,某人的梦（上）,鬼灭之刃 刀匠村篇,656835181
报道,7.598,1,16777215,2026-03-13 19:43:55,1154635809,1上,某人的梦（上）,鬼灭之刃 刀匠村篇,656835181
教主！！！！！！！！！！！！！！！,382.048,1,16777215,2026-03-13 19:41:37,1154635809,1上,某人的梦（上）,鬼灭之刃 刀匠村篇,656835181
en,1119.38,1,16777215,2026-03-13 18:41:28,1154635809,1上,某人的梦（上）,鬼灭之刃 刀匠村篇,656835181
黑死牟大人很帅的,244.162,1,16777215,2026-03-13 15:28:14,1154635809,1上,某人的梦（上）,鬼灭之刃 刀匠村篇,656835181
——————————试管————————————！！,652.813,1,16777215,2026-03-13 15:05:54,1154635809,1上,某人的梦（上）,鬼灭之刃 刀匠村篇,656835181
我们又华丽的见面了,26.307,1,16777215,2026-03-13 14:44:16,1154635809,1上,某人的梦（上）,鬼灭之刃 刀匠村篇,656835181
后代是无一郎,1131.326,1,16777215,2026-03-13 11:22:20,1154635809,1上,某人的梦（上）,鬼灭之刃 刀匠村篇,656835181
一样的脸！,1075.911,1,16777215,2026-03-13 09:28:34,1154635809,1上,某人的梦（上）,鬼灭之刃 刀匠村篇,656835181
你不能去,816.531,1,16777215,2026-03-13 09:22:41,1154635809,1上,某人的梦（上）,鬼灭之刃 刀匠村篇,656835181
蓝色彼岸花只有白天才会开,623.247,1,41194,2026-03-13 09:18:49,1154635809,1上,某人的梦（上）,鬼灭之刃 刀匠村篇,656835181
阿拉丁神鬼,681.943,1,16777215,2026-03-13 00:53:00,1154635809,1上,某人的梦（上）,鬼灭之刃 刀匠村篇,656835181
华丽出场,374.935,1,16777215,2026-03-13 00:46:56,1154635809,1上,某人的梦（上）,鬼灭之刃 刀匠村篇,656835181
好羡慕缘一的头发，好漂亮呀,1098.324,5,16777215,2026-03-13 00:23:55,1154635809,1上,某人的梦（上）,鬼灭之刃 刀匠村篇,656835181
因为蓝色彼岸花只在白天开,636.308,1,16777215,2026-03-12 23:50:50,1154635809,1上,某人的梦（上）,鬼灭之刃 刀匠村篇,656835181
缘一：不想带娃,1092.05,1,16777215,2026-03-12 22:43:01,1154635809,1上,某人的梦（上）,鬼灭之刃 刀匠村篇,656835181
m n，，，,358.914,1,16777215,2026-03-12 22:35:00,1154635809,1上,某人的梦（上）,鬼灭之刃 刀匠村篇,656835181
怎么跟炼狱家一样啊,1091.566,1,16777215,2026-03-12 22:05:23,1154635809,1上,某人的梦（上）,鬼灭之刃 刀匠村篇,656835181
好帅！,930.579,1,16777215,2026-03-12 21:56:20,1154635809,1上,某人的梦（上）,鬼灭之刃 刀匠村篇,656835181
无一郎！！,17.904,1,8700107,2026-03-12 21:39:04,1154635809,1上,某人的梦（上）,鬼灭之刃 刀匠村篇,656835181
背影挺帅的，睁眼6只眼，好吓人,941.82,1,16777215,2026-03-12 20:58:36,1154635809,1上,某人的梦（上）,鬼灭之刃 刀匠村篇,656835181
缘一好帅啊！,1138.306,1,8700107,2026-03-12 20:53:32,1154635809,1上,某人的梦（上）,鬼灭之刃 刀匠村篇,656835181
好看的没几个,345.389,1,16777215,2026-03-12 20:48:23,1154635809,1上,某人的梦（上）,鬼灭之刃 刀匠村篇,656835181
二刷,10.46,1,16777215,2026-03-12 20:47:32,1154635809,1上,某人的梦（上）,鬼灭之刃 刀匠村篇,656835181
磨磨头！！！好可爱呀！,669.646,1,16777215,2026-03-12 20:44:47,1154635809,1上,某人的梦（上）,鬼灭之刃 刀匠村篇,656835181
Hello啊,4.937,1,16777215,2026-03-12 20:41:36,1154635809,1上,某人的梦（上）,鬼灭之刃 刀匠村篇,656835181
下我一蕾,273.02,1,16777215,2026-03-12 20:37:34,1154635809,1上,某人的梦（上）,鬼灭之刃 刀匠村篇,656835181
炭香99,1229.639,1,16777215,2026-03-12 20:36:26,1154635809,1上,某人的梦（上）,鬼灭之刃 刀匠村篇,656835181
三哥：是童磨吧？！一定是童磨吧,192.812,1,16777215,2026-03-12 20:35:07,1154635809,1上,某人的梦（上）,鬼灭之刃 刀匠村篇,656835181
啊卡啧！！！,167.728,1,16777215,2026-03-12 20:33:24,1154635809,1上,某人的梦（上）,鬼灭之刃 刀匠村篇,656835181
三哥:我基本什么都没说 还要听比我强的两个人挑衅,927.449,1,16777215,2026-03-12 20:24:54,1154635809,1上,某人的梦（上）,鬼灭之刃 刀匠村篇,656835181
林克的太空电梯,239.868,1,16777215,2026-03-12 20:23:39,1154635809,1上,某人的梦（上）,鬼灭之刃 刀匠村篇,656835181
三哥:神经,456.998,1,16777215,2026-03-12 20:15:53,1154635809,1上,某人的梦（上）,鬼灭之刃 刀匠村篇,656835181
空港,133.675,1,16777215,2026-03-12 20:02:40,1154635809,1上,某人的梦（上）,鬼灭之刃 刀匠村篇,656835181
くそ,128.411,1,16777215,2026-03-12 20:02:31,1154635809,1上,某人的梦（上）,鬼灭之刃 刀匠村篇,656835181
融資,125.094,1,16777215,2026-03-12 20:02:24,1154635809,1上,某人的梦（上）,鬼灭之刃 刀匠村篇,656835181
アクサ,119.608,1,16777215,2026-03-12 20:02:16,1154635809,1上,某人的梦（上）,鬼灭之刃 刀匠村篇,656835181
怎么和炭治郎共用一张脸啊？,1077.228,1,16777215,2026-03-12 19:50:43,1154635809,1上,某人的梦（上）,鬼灭之刃 刀匠村篇,656835181
大家闺秀,476.804,1,6830715,2026-03-12 19:48:33,1154635809,1上,某人的梦（上）,鬼灭之刃 刀匠村篇,656835181
教主nd666,373.266,1,16777215,2026-03-12 19:46:29,1154635809,1上,某人的梦（上）,鬼灭之刃 刀匠村篇,656835181
三哥：一定是磨磨头死了,185.323,1,16777215,2026-03-12 18:55:02,1154635809,1上,某人的梦（上）,鬼灭之刃 刀匠村篇,656835181
经费太疯狂了,126.678,1,16777215,2026-03-12 18:53:52,1154635809,1上,某人的梦（上）,鬼灭之刃 刀匠村篇,656835181
垂死病中惊坐起,59.734,1,16777215,2026-03-12 18:52:41,1154635809,1上,某人的梦（上）,鬼灭之刃 刀匠村篇,656835181
无惨好帅啊。,712.501,1,16777215,2026-03-12 18:07:29,1154635809,1上,某人的梦（上）,鬼灭之刃 刀匠村篇,656835181
太好啦。,60.671,1,16777215,2026-03-12 16:36:26,1154635809,1上,某人的梦（上）,鬼灭之刃 刀匠村篇,656835181
炭香99,1236.757,1,16777215,2026-03-12 13:42:23,1154635809,1上,某人的梦（上）,鬼灭之刃 刀匠村篇,656835181
背景音乐是什么,276.375,1,16777215,2026-03-12 12:21:00,1154635809,1上,某人的梦（上）,鬼灭之刃 刀匠村篇,656835181
262人,145.535,1,16777215,2026-03-12 12:18:36,1154635809,1上,某人的梦（上）,鬼灭之刃 刀匠村篇,656835181
Hi,58.835,1,16777215,2026-03-12 12:17:03,1154635809,1上,某人的梦（上）,鬼灭之刃 刀匠村篇,656835181
这种杀人最狠了,1037.711,1,16777215,2026-03-12 01:31:00,1154635809,1上,某人的梦（上）,鬼灭之刃 刀匠村篇,656835181
207个人出来！,735.086,1,16777215,2026-03-12 00:29:00,1154635809,1上,某人的梦（上）,鬼灭之刃 刀匠村篇,656835181
所以猗窝座以前是上弦二吗？,898.829,5,15138834,2026-03-11 22:11:27,1154635809,1上,某人的梦（上）,鬼灭之刃 刀匠村篇,656835181
我是小皇帝,1047.566,1,16777215,2026-03-11 21:52:55,1154635809,1上,某人的梦（上）,鬼灭之刃 刀匠村篇,656835181
这玉壶咋那么好笑,994.976,1,16777215,2026-03-11 21:51:32,1154635809,1上,某人的梦（上）,鬼灭之刃 刀匠村篇,656835181
无惨,99.033,1,16777215,2026-03-11 21:36:07,1154635809,1上,某人的梦（上）,鬼灭之刃 刀匠村篇,656835181
df,248.547,1,16777215,2026-03-11 21:18:28,1154635809,1上,某人的梦（上）,鬼灭之刃 刀匠村篇,656835181
又见面了,25.789,1,16777215,2026-03-11 21:14:45,1154635809,1上,某人的梦（上）,鬼灭之刃 刀匠村篇,656835181
垂死病中惊坐起,16.699,1,16777215,2026-03-11 21:14:36,1154635809,1上,某人的梦（上）,鬼灭之刃 刀匠村篇,656835181
依旧挑衅,889.469,1,16777215,2026-03-11 20:49:43,1154635809,1上,某人的梦（上）,鬼灭之刃 刀匠村篇,656835181
人中义勇鬼中童魔吗？,986.103,1,15138834,2026-03-11 20:49:30,1154635809,1上,某人的梦（上）,鬼灭之刃 刀匠村篇,656835181
爆头,820.477,1,16777215,2026-03-11 20:47:45,1154635809,1上,某人的梦（上）,鬼灭之刃 刀匠村篇,656835181
人中义勇鬼中童魔,874.578,1,15138834,2026-03-11 20:47:21,1154635809,1上,某人的梦（上）,鬼灭之刃 刀匠村篇,656835181
你脸红个泡泡茶壶啊,810.823,1,16777215,2026-03-11 20:18:07,1154635809,1上,某人的梦（上）,鬼灭之刃 刀匠村篇,656835181
来啦来啦,9.639,1,16777215,2026-03-11 20:09:15,1154635809,1上,某人的梦（上）,鬼灭之刃 刀匠村篇,656835181
没有中配吗,10.365,1,14811775,2026-03-11 18:42:31,1154635809,1上,某人的梦（上）,鬼灭之刃 刀匠村篇,656835181
黑死咪,478.183,1,6830715,2026-03-11 16:18:45,1154635809,1上,某人的梦（上）,鬼灭之刃 刀匠村篇,656835181
话说，炭治郎是不是有点太费刀了记得没错的话，这好像是第四把了,18.39,1,16777215,2026-03-11 15:40:45,1154635809,1上,某人的梦（上）,鬼灭之刃 刀匠村篇,656835181
鸣女的 cv是麻团诶，就是阿尔敏的cv,361.174,1,16707842,2026-03-11 14:44:56,1154635809,1上,某人的梦（上）,鬼灭之刃 刀匠村篇,656835181
无惨的无是无能的无！,114.412,1,16707842,2026-03-11 14:41:38,1154635809,1上,某人的梦（上）,鬼灭之刃 刀匠村篇,656835181
好可爱的小手手,681.267,1,16777215,2026-03-11 12:00:02,1154635809,1上,某人的梦（上）,鬼灭之刃 刀匠村篇,656835181
无惨：百年之未有大变局,749.272,1,16777215,2026-03-11 11:55:23,1154635809,1上,某人的梦（上）,鬼灭之刃 刀匠村篇,656835181
打卡,658.88,1,16777215,2026-03-11 03:27:16,1154635809,1上,某人的梦（上）,鬼灭之刃 刀匠村篇,656835181
你好萌啊！！,938.511,1,16777215,2026-03-11 01:28:01,1154635809,1上,某人的梦（上）,鬼灭之刃 刀匠村篇,656835181
嘎达嘎达……,995.905,1,16777215,2026-03-11 00:50:44,1154635809,1上,某人的梦（上）,鬼灭之刃 刀匠村篇,656835181
密恐反了,933.107,1,16777215,2026-03-11 00:39:18,1154635809,1上,某人的梦（上）,鬼灭之刃 刀匠村篇,656835181
可爱捏,1037.272,1,16777215,2026-03-11 00:18:19,1154635809,1上,某人的梦（上）,鬼灭之刃 刀匠村篇,656835181
好可爱！！,878.344,1,16777215,2026-03-11 00:17:38,1154635809,1上,某人的梦（上）,鬼灭之刃 刀匠村篇,656835181
恭迎教主！！！恭迎教主！！！恭迎教主！！！恭迎教主！！！恭迎教主！！！,383.73,1,16777215,2026-03-10 23:51:03,1154635809,1上,某人的梦（上）,鬼灭之刃 刀匠村篇,656835181
恭迎教主！！！恭迎教主！！！恭迎教主！！！恭迎教主！！！恭迎教主！！！,382.287,1,16777215,2026-03-10 23:50:58,1154635809,1上,某人的梦（上）,鬼灭之刃 刀匠村篇,656835181
恭迎教主！！！恭迎教主！！！恭迎教主！！！恭迎教主！！！恭迎教主！！！,380.58,1,16777215,2026-03-10 23:50:54,1154635809,1上,某人的梦（上）,鬼灭之刃 刀匠村篇,656835181
恭迎教主！！！,379.385,1,16777215,2026-03-10 23:50:49,1154635809,1上,某人的梦（上）,鬼灭之刃 刀匠村篇,656835181
三哥快阻止二哥,817.755,1,16777215,2026-03-10 23:13:41,1154635809,1上,某人的梦（上）,鬼灭之刃 刀匠村篇,656835181
说可爱的也是为人才,811.771,1,16777215,2026-03-10 22:59:51,1154635809,1上,某人的梦（上）,鬼灭之刃 刀匠村篇,656835181
三哥,141.886,1,16777215,2026-03-10 22:55:23,1154635809,1上,某人的梦（上）,鬼灭之刃 刀匠村篇,656835181
童磨：他打我了他好在乎我！,456.402,1,16777215,2026-03-10 22:27:15,1154635809,1上,某人的梦（上）,鬼灭之刃 刀匠村篇,656835181
教主大人！,384.184,1,16777215,2026-03-10 22:24:42,1154635809,1上,某人的梦（上）,鬼灭之刃 刀匠村篇,656835181
万事极乐,382.586,1,16777215,2026-03-10 22:24:22,1154635809,1上,某人的梦（上）,鬼灭之刃 刀匠村篇,656835181
终于看见炭吉,1101.916,1,16777215,2026-03-10 21:29:40,1154635809,1上,某人的梦（上）,鬼灭之刃 刀匠村篇,656835181
像是因为他俩本来就是兄弟,1193.725,1,16777215,2026-03-10 21:14:44,1154635809,1上,某人的梦（上）,鬼灭之刃 刀匠村篇,656835181
这是炭治郎老祖宗,1116.247,1,16777215,2026-03-10 21:13:27,1154635809,1上,某人的梦（上）,鬼灭之刃 刀匠村篇,656835181
二刷,15.5,1,16777215,2026-03-10 21:11:10,1154635809,1上,某人的梦（上）,鬼灭之刃 刀匠村篇,656835181
这是什么东西？是怪物吗？眼睛长嘴巴上面，然后那个嘴巴长眼睛上面，鼻子是不是长屁股上面啊？,315.606,1,16777215,2026-03-10 21:09:27,1154635809,1上,某人的梦（上）,鬼灭之刃 刀匠村篇,656835181
妈呀，无限城来了。,120.193,1,16777215,2026-03-10 21:08:16,1154635809,1上,某人的梦（上）,鬼灭之刃 刀匠村篇,656835181
好师！,1138.279,1,11890,2026-03-10 20:37:37,1154635809,1上,某人的梦（上）,鬼灭之刃 刀匠村篇,656835181
经费在燃烧,176.641,1,16777215,2026-03-10 20:03:48,1154635809,1上,某人的梦（上）,鬼灭之刃 刀匠村篇,656835181
豆子好萌><,60.439,1,16777215,2026-03-10 19:55:51,1154635809,1上,某人的梦（上）,鬼灭之刃 刀匠村篇,656835181
303人,106.122,1,16777215,2026-03-10 19:37:30,1154635809,1上,某人的梦（上）,鬼灭之刃 刀匠村篇,656835181
这还能站起来？,231.56,5,15138834,2026-03-10 19:30:46,1154635809,1上,某人的梦（上）,鬼灭之刃 刀匠村篇,656835181
妈妈,935.351,1,16777215,2026-03-10 16:36:09,1154635809,1上,某人的梦（上）,鬼灭之刃 刀匠村篇,656835181
妈妈,901.71,1,16777215,2026-03-10 16:35:31,1154635809,1上,某人的梦（上）,鬼灭之刃 刀匠村篇,656835181
妈妈…,850.405,1,16777215,2026-03-10 16:34:03,1154635809,1上,某人的梦（上）,鬼灭之刃 刀匠村篇,656835181
妈妈,841.218,1,16777215,2026-03-10 16:33:45,1154635809,1上,某人的梦（上）,鬼灭之刃 刀匠村篇,656835181
妈妈,661.495,1,16777215,2026-03-10 16:30:55,1154635809,1上,某人的梦（上）,鬼灭之刃 刀匠村篇,656835181
性格指导：佐野万次郎,1045.329,1,16707842,2026-03-10 14:56:49,1154635809,1上,某人的梦（上）,鬼灭之刃 刀匠村篇,656835181
散会,780.047,1,16777215,2026-03-10 14:49:30,1154635809,1上,某人的梦（上）,鬼灭之刃 刀匠村篇,656835181
四刷,40.278,1,16777215,2026-03-10 14:44:24,1154635809,1上,某人的梦（上）,鬼灭之刃 刀匠村篇,656835181
开年会了,217.471,1,16777215,2026-03-10 14:35:46,1154635809,1上,某人的梦（上）,鬼灭之刃 刀匠村篇,656835181
上一是炭爷爷吧,1222.042,1,16777215,2026-03-10 14:13:00,1154635809,1上,某人的梦（上）,鬼灭之刃 刀匠村篇,656835181
看得我头晕,171.584,1,15138834,2026-03-10 13:53:04,1154635809,1上,某人的梦（上）,鬼灭之刃 刀匠村篇,656835181
这个还行,385.802,1,16777215,2026-03-10 13:09:05,1154635809,1上,某人的梦（上）,鬼灭之刃 刀匠村篇,656835181
这个也丑,361.452,1,16777215,2026-03-10 13:08:31,1154635809,1上,某人的梦（上）,鬼灭之刃 刀匠村篇,656835181
委屈小猫,1031.459,1,16777215,2026-03-10 04:40:58,1154635809,1上,某人的梦（上）,鬼灭之刃 刀匠村篇,656835181
把三哥得美貌展现的淋漓尽致,245.101,1,16777215,2026-03-10 01:38:00,1154635809,1上,某人的梦（上）,鬼灭之刃 刀匠村篇,656835181
鳄鱼老师和制作组真得太宠爱三哥，这运镜独有得,245.101,1,16777215,2026-03-10 01:37:44,1154635809,1上,某人的梦（上）,鬼灭之刃 刀匠村篇,656835181
来啦,26.14,1,16777215,2026-03-09 22:23:50,1154635809,1上,某人的梦（上）,鬼灭之刃 刀匠村篇,656835181
然后无限城转脸被上三都卖了 你自己说不会在意的,654.859,1,16777215,2026-03-09 20:55:26,1154635809,1上,某人的梦（上）,鬼灭之刃 刀匠村篇,656835181
天生斑纹，不短命，最强之神,1180.169,1,16777215,2026-03-09 20:38:29,1154635809,1上,某人的梦（上）,鬼灭之刃 刀匠村篇,656835181
无惨还会写字,564.675,1,16777215,2026-03-09 20:28:13,1154635809,1上,某人的梦（上）,鬼灭之刃 刀匠村篇,656835181
坏事真的坏- -帅也是真的帅,511.041,1,16777215,2026-03-09 20:27:09,1154635809,1上,某人的梦（上）,鬼灭之刃 刀匠村篇,656835181
豆子：我一个人支撑着三昏过去的,67.32,1,16777215,2026-03-09 20:19:39,1154635809,1上,某人的梦（上）,鬼灭之刃 刀匠村篇,656835181
三哥不爽,624.492,1,16777215,2026-03-09 20:16:06,1154635809,1上,某人的梦（上）,鬼灭之刃 刀匠村篇,656835181
像炭爸,479.016,1,16777215,2026-03-09 19:51:44,1154635809,1上,某人的梦（上）,鬼灭之刃 刀匠村篇,656835181
好喜欢这段bgm,192.642,1,16777215,2026-03-09 18:44:47,1154635809,1上,某人的梦（上）,鬼灭之刃 刀匠村篇,656835181
感觉这小鸟都不是同一个图层,1122.984,1,16777215,2026-03-09 18:37:54,1154635809,1上,某人的梦（上）,鬼灭之刃 刀匠村篇,656835181
我来了！,3.445,1,16777215,2026-03-09 18:16:03,1154635809,1上,某人的梦（上）,鬼灭之刃 刀匠村篇,656835181
好嘛，无惨是干房地产的,144.329,1,16777215,2026-03-09 16:44:21,1154635809,1上,某人的梦（上）,鬼灭之刃 刀匠村篇,656835181
华丽,14.822,1,16777215,2026-03-09 14:50:47,1154635809,1上,某人的梦（上）,鬼灭之刃 刀匠村篇,656835181
磨磨头好可爱,1036.757,1,16777215,2026-03-09 12:10:57,1154635809,1上,某人的梦（上）,鬼灭之刃 刀匠村篇,656835181
教主大人！,387.045,1,16777215,2026-03-09 11:58:54,1154635809,1上,某人的梦（上）,鬼灭之刃 刀匠村篇,656835181
鬼灭女孩集合。111111,283.06,1,16777215,2026-03-09 11:06:48,1154635809,1上,某人的梦（上）,鬼灭之刃 刀匠村篇,656835181
wok这个剑士是炭治郎的祖宗,975.52,1,16777215,2026-03-09 09:33:51,1154635809,1上,某人的梦（上）,鬼灭之刃 刀匠村篇,656835181
笑死我了,1226.227,1,16777215,2026-03-09 09:17:11,1154635809,1上,某人的梦（上）,鬼灭之刃 刀匠村篇,656835181
这个也丑,350.873,1,16777215,2026-03-09 04:25:02,1154635809,1上,某人的梦（上）,鬼灭之刃 刀匠村篇,656835181
好萌啊！！！猫猫吧这是！,670.954,1,16777215,2026-03-09 03:55:28,1154635809,1上,某人的梦（上）,鬼灭之刃 刀匠村篇,656835181
好爽！,452.258,1,16777215,2026-03-09 03:49:53,1154635809,1上,某人的梦（上）,鬼灭之刃 刀匠村篇,656835181
磨磨头好萌！,403.412,1,16777215,2026-03-09 03:48:46,1154635809,1上,某人的梦（上）,鬼灭之刃 刀匠村篇,656835181
太好,287.382,1,16777215,2026-03-09 00:35:27,1154635809,1上,某人的梦（上）,鬼灭之刃 刀匠村篇,656835181
二刷！,38.167,1,16777215,2026-03-09 00:18:03,1154635809,1上,某人的梦（上）,鬼灭之刃 刀匠村篇,656835181
这大马尾和哥哥一样,1177.981,1,16777215,2026-03-08 22:21:06,1154635809,1上,某人的梦（上）,鬼灭之刃 刀匠村篇,656835181
你们明天不上学吗？,769.674,1,16777215,2026-03-08 22:04:29,1154635809,1上,某人的梦（上）,鬼灭之刃 刀匠村篇,656835181
心潮澎湃,322.268,1,16777215,2026-03-08 21:56:57,1154635809,1上,某人的梦（上）,鬼灭之刃 刀匠村篇,656835181
好有感觉,237.89,1,16777215,2026-03-08 21:54:56,1154635809,1上,某人的梦（上）,鬼灭之刃 刀匠村篇,656835181
4K启动！,236.618,1,16777215,2026-03-08 21:45:45,1154635809,1上,某人的梦（上）,鬼灭之刃 刀匠村篇,656835181
三哥：你还活着？！,382.93,1,16777215,2026-03-08 21:43:49,1154635809,1上,某人的梦（上）,鬼灭之刃 刀匠村篇,656835181
怪可爱的,934.428,1,16777215,2026-03-08 21:16:53,1154635809,1上,某人的梦（上）,鬼灭之刃 刀匠村篇,656835181
你脸红你雷霆,740.951,1,16777215,2026-03-08 21:12:13,1154635809,1上,某人的梦（上）,鬼灭之刃 刀匠村篇,656835181
在吗,730.438,1,16777215,2026-03-08 21:03:59,1154635809,1上,某人的梦（上）,鬼灭之刃 刀匠村篇,656835181
三哥带的还是全瞳,164.44,1,16777215,2026-03-08 20:20:08,1154635809,1上,某人的梦（上）,鬼灭之刃 刀匠村篇,656835181
黑死牛,857.565,1,16777215,2026-03-08 20:18:39,1154635809,1上,某人的梦（上）,鬼灭之刃 刀匠村篇,656835181
兄长大人,478.551,1,16777215,2026-03-08 20:16:06,1154635809,1上,某人的梦（上）,鬼灭之刃 刀匠村篇,656835181
？？！,731.773,1,16777215,2026-03-08 20:10:17,1154635809,1上,某人的梦（上）,鬼灭之刃 刀匠村篇,656835181
因为他在白天开,640.204,1,16777215,2026-03-08 20:08:39,1154635809,1上,某人的梦（上）,鬼灭之刃 刀匠村篇,656835181
我教你学呼吸法，算之呼吸，一之型，算不出来,1135.137,1,16777215,2026-03-08 20:08:32,1154635809,1上,某人的梦（上）,鬼灭之刃 刀匠村篇,656835181
令《人》伤心,603.978,1,16777215,2026-03-08 20:07:57,1154635809,1上,某人的梦（上）,鬼灭之刃 刀匠村篇,656835181
果然，鬼灭的基因是最强大的,1117.615,1,16777215,2026-03-08 20:07:17,1154635809,1上,某人的梦（上）,鬼灭之刃 刀匠村篇,656835181
炭几,1117.615,1,16777215,2026-03-08 20:06:41,1154635809,1上,某人的梦（上）,鬼灭之刃 刀匠村篇,656835181
这是谁的尿壶啊？,302.307,1,16777215,2026-03-08 20:06:13,1154635809,1上,某人的梦（上）,鬼灭之刃 刀匠村篇,656835181
从头到尾水柱都是懵的,123.455,1,16777215,2026-03-08 20:05:28,1154635809,1上,某人的梦（上）,鬼灭之刃 刀匠村篇,656835181
上弦三即将登场,116.904,1,16777215,2026-03-08 20:04:45,1154635809,1上,某人的梦（上）,鬼灭之刃 刀匠村篇,656835181
什么意思我不懂了,1140.368,1,38979,2026-03-08 19:56:24,1154635809,1上,某人的梦（上）,鬼灭之刃 刀匠村篇,656835181
啊~啊~啊！亏啊不！,116.726,1,16777215,2026-03-08 19:55:23,1154635809,1上,某人的梦（上）,鬼灭之刃 刀匠村篇,656835181
我爸妈一直在吵架,930.477,1,16777215,2026-03-08 19:53:00,1154635809,1上,某人的梦（上）,鬼灭之刃 刀匠村篇,656835181
童磨，你做的太过火了,928.561,1,16777215,2026-03-08 19:50:44,1154635809,1上,某人的梦（上）,鬼灭之刃 刀匠村篇,656835181
还我大哥,150.672,1,14811775,2026-03-08 19:47:24,1154635809,1上,某人的梦（上）,鬼灭之刃 刀匠村篇,656835181
[前方高能],110.224,1,41194,2026-03-08 19:46:50,1154635809,1上,某人的梦（上）,鬼灭之刃 刀匠村篇,656835181
反转,98.021,1,16777215,2026-03-08 19:46:34,1154635809,1上,某人的梦（上）,鬼灭之刃 刀匠村篇,656835181
弹幕秒开仙人是吧,6.905,1,16777215,2026-03-08 19:33:24,1154635809,1上,某人的梦（上）,鬼灭之刃 刀匠村篇,656835181
梦到老祖了,1208.864,1,16777215,2026-03-08 19:22:51,1154635809,1上,某人的梦（上）,鬼灭之刃 刀匠村篇,656835181
记忆传承？,1196.005,1,16777215,2026-03-08 19:22:36,1154635809,1上,某人的梦（上）,鬼灭之刃 刀匠村篇,656835181
无惨：您真谦虚,1181.321,1,16777215,2026-03-08 19:22:20,1154635809,1上,某人的梦（上）,鬼灭之刃 刀匠村篇,656835181
无惨：你别这样说啊...,1174.34,1,16777215,2026-03-08 19:22:11,1154635809,1上,某人的梦（上）,鬼灭之刃 刀匠村篇,656835181
满脸写着无敌,1144.652,1,16777215,2026-03-08 19:21:36,1154635809,1上,某人的梦（上）,鬼灭之刃 刀匠村篇,656835181
童磨真的好像个小孩子,1037.956,1,16777215,2026-03-08 19:19:47,1154635809,1上,某人的梦（上）,鬼灭之刃 刀匠村篇,656835181
童魔：我没有被讨厌,1020.126,1,16777215,2026-03-08 19:19:28,1154635809,1上,某人的梦（上）,鬼灭之刃 刀匠村篇,656835181
怪可爱的,1006.34,1,16777215,2026-03-08 19:19:12,1154635809,1上,某人的梦（上）,鬼灭之刃 刀匠村篇,656835181
六眼飞鱼,942.622,1,16777215,2026-03-08 19:18:07,1154635809,1上,某人的梦（上）,鬼灭之刃 刀匠村篇,656835181
《增进感情》,921.133,1,16777215,2026-03-08 19:17:43,1154635809,1上,某人的梦（上）,鬼灭之刃 刀匠村篇,656835181
我去好萌！,882.064,1,16777215,2026-03-08 19:16:42,1154635809,1上,某人的梦（上）,鬼灭之刃 刀匠村篇,656835181
压迫感好强,856.864,1,16777215,2026-03-08 19:16:15,1154635809,1上,某人的梦（上）,鬼灭之刃 刀匠村篇,656835181
阿卡扎,854.184,1,16777215,2026-03-08 19:16:11,1154635809,1上,某人的梦（上）,鬼灭之刃 刀匠村篇,656835181
感觉上弦的颜值全靠魔童和三哥撑起来了,394.953,1,16777215,2026-03-08 19:15:54,1154635809,1上,某人的梦（上）,鬼灭之刃 刀匠村篇,656835181
我手机拿反了吗,778.724,1,16777215,2026-03-08 19:14:52,1154635809,1上,某人的梦（上）,鬼灭之刃 刀匠村篇,656835181
阿妈特拉斯,736.764,1,16777215,2026-03-08 19:14:07,1154635809,1上,某人的梦（上）,鬼灭之刃 刀匠村篇,656835181
他头掉了为啥没死?,706.824,1,16777215,2026-03-08 19:13:35,1154635809,1上,某人的梦（上）,鬼灭之刃 刀匠村篇,656835181
三哥不杀女人和小孩,430.044,1,16777215,2026-03-08 19:08:52,1154635809,1上,某人的梦（上）,鬼灭之刃 刀匠村篇,656835181
你还会算数？,356.584,1,16777215,2026-03-08 19:07:33,1154635809,1上,某人的梦（上）,鬼灭之刃 刀匠村篇,656835181
这么看还是三哥最帅啊,337.044,1,16777215,2026-03-08 19:07:08,1154635809,1上,某人的梦（上）,鬼灭之刃 刀匠村篇,656835181
你这壶不对称啊,292.544,1,16777215,2026-03-08 19:06:22,1154635809,1上,某人的梦（上）,鬼灭之刃 刀匠村篇,656835181
三哥是我最喜欢的鬼,235.384,1,16777215,2026-03-08 19:04:48,1154635809,1上,某人的梦（上）,鬼灭之刃 刀匠村篇,656835181
三哥太帅了,142.744,1,16777215,2026-03-08 19:03:07,1154635809,1上,某人的梦（上）,鬼灭之刃 刀匠村篇,656835181
671人出来,19.724,1,16777215,2026-03-08 19:01:01,1154635809,1上,某人的梦（上）,鬼灭之刃 刀匠村篇,656835181
觉得三哥帅的扣1,145.262,1,16777215,2026-03-08 18:53:47,1154635809,1上,某人的梦（上）,鬼灭之刃 刀匠村篇,656835181
无惨又装上了,549.382,1,16777215,2026-03-08 18:22:04,1154635809,1上,某人的梦（上）,鬼灭之刃 刀匠村篇,656835181
童磨都不用换头了，遇见三哥自动换头,446.35,1,16777215,2026-03-08 18:02:14,1154635809,1上,某人的梦（上）,鬼灭之刃 刀匠村篇,656835181
怎么感觉缘一有点像义勇一样对自己不信心,1197.342,1,6830715,2026-03-08 17:54:19,1154635809,1上,某人的梦（上）,鬼灭之刃 刀匠村篇,656835181
妈妈,472.752,5,6830715,2026-03-08 17:53:50,1154635809,1上,某人的梦（上）,鬼灭之刃 刀匠村篇,656835181
妈妈,477.997,5,6830715,2026-03-08 17:53:32,1154635809,1上,某人的梦（上）,鬼灭之刃 刀匠村篇,656835181
我要投敌！！！！！,566.687,1,16777215,2026-03-08 17:52:32,1154635809,1上,某人的梦（上）,鬼灭之刃 刀匠村篇,656835181
出现了，不对称的壶,288.48,5,16777215,2026-03-08 17:22:09,1154635809,1上,某人的梦（上）,鬼灭之刃 刀匠村篇,656835181
三哥,167.24,1,16777215,2026-03-08 17:19:27,1154635809,1上,某人的梦（上）,鬼灭之刃 刀匠村篇,656835181
恶鬼退散,57.452,1,16777215,2026-03-08 16:34:34,1154635809,1上,某人的梦（上）,鬼灭之刃 刀匠村篇,656835181
飘动,348.785,1,16777215,2026-03-08 16:14:19,1154635809,1上,某人的梦（上）,鬼灭之刃 刀匠村篇,656835181
随风,343.184,1,16777215,2026-03-08 16:13:23,1154635809,1上,某人的梦（上）,鬼灭之刃 刀匠村篇,656835181
好像那个，他怀里那个好像是。炭治郎那个后面有个厂长，那个好像是他爹。,1134.87,1,16777215,2026-03-08 15:59:16,1154635809,1上,某人的梦（上）,鬼灭之刃 刀匠村篇,656835181
那个是谁呀？长得一点也不像炭治郎哎。,1117.121,1,16777215,2026-03-08 15:58:43,1154635809,1上,某人的梦（上）,鬼灭之刃 刀匠村篇,656835181
炭治郎,1074.113,1,16777215,2026-03-08 15:57:53,1154635809,1上,某人的梦（上）,鬼灭之刃 刀匠村篇,656835181
老大驾到！,496.342,1,16777215,2026-03-08 15:47:57,1154635809,1上,某人的梦（上）,鬼灭之刃 刀匠村篇,656835181
真可恶啊，这魔童杀了蝴蝶忍呐。,390.337,1,16777215,2026-03-08 15:45:41,1154635809,1上,某人的梦（上）,鬼灭之刃 刀匠村篇,656835181
三哥真的好帅，那个出场仪式好帅好帅，我迷晕了,296.235,1,16777215,2026-03-08 15:44:00,1154635809,1上,某人的梦（上）,鬼灭之刃 刀匠村篇,656835181
据我记忆里面好像是无惨,143.361,1,16777215,2026-03-08 15:41:19,1154635809,1上,某人的梦（上）,鬼灭之刃 刀匠村篇,656835181
有谁喜欢的？最喜欢的人物是什么？我最喜欢的是灶门炭治郎。,16.15,1,16777215,2026-03-08 15:39:04,1154635809,1上,某人的梦（上）,鬼灭之刃 刀匠村篇,656835181
来了,19.404,1,16777215,2026-03-08 15:30:29,1154635809,1上,某人的梦（上）,鬼灭之刃 刀匠村篇,656835181
来了来了：),15.898,1,16777215,2026-03-08 15:30:19,1154635809,1上,某人的梦（上）,鬼灭之刃 刀匠村篇,656835181
那蜜雪旁边一定要有个瑞幸,142.689,1,16777215,2026-03-08 15:03:47,1154635809,1上,某人的梦（上）,鬼灭之刃 刀匠村篇,656835181
经费！,127.288,5,15138834,2026-03-08 14:51:36,1154635809,1上,某人的梦（上）,鬼灭之刃 刀匠村篇,656835181
理科生,522.497,1,16777215,2026-03-08 14:31:32,1154635809,1上,某人的梦（上）,鬼灭之刃 刀匠村篇,656835181
无惨来鬼杀队吧。,738.566,1,16777215,2026-03-08 13:47:00,1154635809,1上,某人的梦（上）,鬼灭之刃 刀匠村篇,656835181
437人出来,792.593,1,11890,2026-03-08 13:46:44,1154635809,1上,某人的梦（上）,鬼灭之刃 刀匠村篇,656835181
童磨帅,873.981,1,16777215,2026-03-08 13:08:10,1154635809,1上,某人的梦（上）,鬼灭之刃 刀匠村篇,656835181
我要看奈乎！！！！！！！,324.864,1,16777215,2026-03-08 13:04:07,1154635809,1上,某人的梦（上）,鬼灭之刃 刀匠村篇,656835181
香奈乎！！！！！！！！奈乎！！！！！！！！,271.203,1,16777215,2026-03-08 13:03:07,1154635809,1上,某人的梦（上）,鬼灭之刃 刀匠村篇,656835181
全部启动，还有这个！,243.028,1,16777215,2026-03-08 13:02:27,1154635809,1上,某人的梦（上）,鬼灭之刃 刀匠村篇,656835181
蜜璃,59.959,1,16777215,2026-03-08 13:00:16,1154635809,1上,某人的梦（上）,鬼灭之刃 刀匠村篇,656835181
让魇梦把他法死得了,575.86,1,16777215,2026-03-08 12:47:36,1154635809,1上,某人的梦（上）,鬼灭之刃 刀匠村篇,656835181
经费炸了,257.966,1,16777215,2026-03-08 12:13:09,1154635809,1上,某人的梦（上）,鬼灭之刃 刀匠村篇,656835181
我求你了T^T,695.841,1,16777215,2026-03-08 12:12:31,1154635809,1上,某人的梦（上）,鬼灭之刃 刀匠村篇,656835181
磨磨头什么死动静,673.657,1,16777215,2026-03-08 12:11:52,1154635809,1上,某人的梦（上）,鬼灭之刃 刀匠村篇,656835181
快把恋雪叫过来,148.898,1,16777215,2026-03-08 12:11:18,1154635809,1上,某人的梦（上）,鬼灭之刃 刀匠村篇,656835181
快把恋雪叫过来,148.898,1,16777215,2026-03-08 12:10:51,1154635809,1上,某人的梦（上）,鬼灭之刃 刀匠村篇,656835181
邪恶微笑~~~~~~~~~~~~~~~~~~~~~~~~~~~~~~~~~~,604.955,5,16777215,2026-03-08 12:09:46,1154635809,1上,某人的梦（上）,鬼灭之刃 刀匠村篇,656835181
开会了）,114.45,1,16777215,2026-03-08 11:57:39,1154635809,1上,某人的梦（上）,鬼灭之刃 刀匠村篇,656835181
继国缘壹：我是个没用的人 无惨：？,1171.659,1,16777215,2026-03-08 11:57:00,1154635809,1上,某人的梦（上）,鬼灭之刃 刀匠村篇,656835181
童模是最像一个人的鬼了,401.771,1,16777215,2026-03-08 11:50:29,1154635809,1上,某人的梦（上）,鬼灭之刃 刀匠村篇,656835181
细节 瓦达西瓦 还是太萌了,644.521,1,16777215,2026-03-08 11:48:43,1154635809,1上,某人的梦（上）,鬼灭之刃 刀匠村篇,656835181
三哥,139.991,1,16777215,2026-03-08 11:36:18,1154635809,1上,某人的梦（上）,鬼灭之刃 刀匠村篇,656835181
炭吉,1101.492,1,16777215,2026-03-08 11:28:23,1154635809,1上,某人的梦（上）,鬼灭之刃 刀匠村篇,656835181
哇哇哇,492.457,1,16777215,2026-03-08 11:15:51,1154635809,1上,某人的梦（上）,鬼灭之刃 刀匠村篇,656835181
我的无一郎快来,1159.607,1,16777215,2026-03-08 10:59:05,1154635809,1上,某人的梦（上）,鬼灭之刃 刀匠村篇,656835181
继国岩胜的超绝压迫感,936.986,1,16777215,2026-03-08 10:33:24,1154635809,1上,某人的梦（上）,鬼灭之刃 刀匠村篇,656835181
虫柱万岁！,14.23,1,8700107,2026-03-08 10:20:24,1154635809,1上,某人的梦（上）,鬼灭之刃 刀匠村篇,656835181
真帅呀,1134.972,1,16777215,2026-03-08 10:17:55,1154635809,1上,某人的梦（上）,鬼灭之刃 刀匠村篇,656835181
无惨排斥器,1095.975,1,16777215,2026-03-08 10:17:04,1154635809,1上,某人的梦（上）,鬼灭之刃 刀匠村篇,656835181
《鬼灭角色眼睛都会说话》,325.031,1,16777215,2026-03-08 09:56:47,1154635809,1上,某人的梦（上）,鬼灭之刃 刀匠村篇,656835181
鸟都不鸟尿壶,312.061,1,16777215,2026-03-08 09:52:01,1154635809,1上,某人的梦（上）,鬼灭之刃 刀匠村篇,656835181
大哥没有输,11.265,5,15138834,2026-03-08 09:38:04,1154635809,1上,某人的梦（上）,鬼灭之刃 刀匠村篇,656835181
教主大人你太帅了！！！,379.73,1,16777215,2026-03-08 07:48:27,1154635809,1上,某人的梦（上）,鬼灭之刃 刀匠村篇,656835181
磨磨头驾到！,371.453,1,16777215,2026-03-08 07:47:59,1154635809,1上,某人的梦（上）,鬼灭之刃 刀匠村篇,656835181
三哥不动女人，童磨只吃女人，所以三哥非常讨厌童磨,427.644,1,16777215,2026-03-08 03:00:23,1154635809,1上,某人的梦（上）,鬼灭之刃 刀匠村篇,656835181
哦不，其实我更想看国语,38.388,1,16777215,2026-03-08 02:05:37,1154635809,1上,某人的梦（上）,鬼灭之刃 刀匠村篇,656835181
前面那个见到太爷了笑死我了,1204.933,1,16777215,2026-03-08 01:53:42,1154635809,1上,某人的梦（上）,鬼灭之刃 刀匠村篇,656835181
老宿敌了,376.384,5,15138834,2026-03-08 00:49:44,1154635809,1上,某人的梦（上）,鬼灭之刃 刀匠村篇,656835181
岩胜,475.453,1,6830715,2026-03-08 00:09:49,1154635809,1上,某人的梦（上）,鬼灭之刃 刀匠村篇,656835181
这个好像上弦一好像治太郎他爸,982.695,1,16777215,2026-03-07 23:43:04,1154635809,1上,某人的梦（上）,鬼灭之刃 刀匠村篇,656835181
哟，还是个理科生。,510.989,1,16777215,2026-03-07 23:15:53,1154635809,1上,某人的梦（上）,鬼灭之刃 刀匠村篇,656835181
怎么有点像炭治郎小时候？,1067.789,1,16777215,2026-03-07 23:10:34,1154635809,1上,某人的梦（上）,鬼灭之刃 刀匠村篇,656835181
这发型有点像炭治郎他爹，而且他还有刀,957.197,1,16777215,2026-03-07 23:08:35,1154635809,1上,某人的梦（上）,鬼灭之刃 刀匠村篇,656835181
这发型炭治郎，他爹绝对是变成鬼了,943.629,1,16777215,2026-03-07 23:06:53,1154635809,1上,某人的梦（上）,鬼灭之刃 刀匠村篇,656835181
上弦之一有点像主角他爹,881.762,1,16777215,2026-03-07 23:05:36,1154635809,1上,某人的梦（上）,鬼灭之刃 刀匠村篇,656835181
站领空屏,627.499,1,16777215,2026-03-07 22:40:06,1154635809,1上,某人的梦（上）,鬼灭之刃 刀匠村篇,656835181
炭治郎看得我手痛,67.645,1,16777215,2026-03-07 22:38:13,1154635809,1上,某人的梦（上）,鬼灭之刃 刀匠村篇,656835181
经费爆炸阿太酷了,236.339,1,16777215,2026-03-07 22:31:49,1154635809,1上,某人的梦（上）,鬼灭之刃 刀匠村篇,656835181
無慘不知道，其實藍色彼岸花就在袁一妻子的墳墓旁邊,648.115,1,16777215,2026-03-07 22:19:12,1154635809,1上,某人的梦（上）,鬼灭之刃 刀匠村篇,656835181
和义勇共用一套语言系统,912.978,1,16777215,2026-03-07 22:12:35,1154635809,1上,某人的梦（上）,鬼灭之刃 刀匠村篇,656835181
玉壶你脸红个泡泡茶壶,590.684,1,16777215,2026-03-07 22:07:05,1154635809,1上,某人的梦（上）,鬼灭之刃 刀匠村篇,656835181
我靠，兄弟们这个声音，我靠,68.711,1,16777215,2026-03-07 21:57:38,1154635809,1上,某人的梦（上）,鬼灭之刃 刀匠村篇,656835181
这个声音！啊啊啊啊啊啊啊,68.711,1,16777215,2026-03-07 21:57:24,1154635809,1上,某人的梦（上）,鬼灭之刃 刀匠村篇,656835181
我怎么看着这么像炭治郎他爹啊，我靠！,477.967,1,16777215,2026-03-07 21:13:02,1154635809,1上,某人的梦（上）,鬼灭之刃 刀匠村篇,656835181
童魔一定是,237.587,1,16777215,2026-03-07 20:51:20,1154635809,1上,某人的梦（上）,鬼灭之刃 刀匠村篇,656835181
无一郎!!!!,45.563,1,16777215,2026-03-07 20:48:11,1154635809,1上,某人的梦（上）,鬼灭之刃 刀匠村篇,656835181
主公大人！,89.107,1,16777215,2026-03-07 20:31:57,1154635809,1上,某人的梦（上）,鬼灭之刃 刀匠村篇,656835181
..,467.513,1,16777215,2026-03-07 20:28:25,1154635809,1上,某人的梦（上）,鬼灭之刃 刀匠村篇,656835181
好帅啊,198.641,1,15138834,2026-03-07 20:11:37,1154635809,1上,某人的梦（上）,鬼灭之刃 刀匠村篇,656835181
大家,483.4,1,16777215,2026-03-07 19:42:59,1154635809,1上,某人的梦（上）,鬼灭之刃 刀匠村篇,656835181
这咋丑萌丑萌的,308.896,1,16777215,2026-03-07 19:38:48,1154635809,1上,某人的梦（上）,鬼灭之刃 刀匠村篇,656835181
吓哭了,938.559,1,16777215,2026-03-07 19:34:47,1154635809,1上,某人的梦（上）,鬼灭之刃 刀匠村篇,656835181
磨磨头，你就这样装无辜,679.443,1,16777215,2026-03-07 19:25:03,1154635809,1上,某人的梦（上）,鬼灭之刃 刀匠村篇,656835181
教主大人！,378.845,1,16777215,2026-03-07 19:24:56,1154635809,1上,某人的梦（上）,鬼灭之刃 刀匠村篇,656835181
其实是不想洗头,921.938,5,14811775,2026-03-07 19:21:06,1154635809,1上,某人的梦（上）,鬼灭之刃 刀匠村篇,656835181
二刷,25.94,1,16777215,2026-03-07 19:20:11,1154635809,1上,某人的梦（上）,鬼灭之刃 刀匠村篇,656835181
午餐出来晒太阳,568.572,1,16777215,2026-03-07 19:12:19,1154635809,1上,某人的梦（上）,鬼灭之刃 刀匠村篇,656835181
三刷来了,18.258,5,16777215,2026-03-07 19:05:47,1154635809,1上,某人的梦（上）,鬼灭之刃 刀匠村篇,656835181
三哥三哥。,166.0,1,16777215,2026-03-07 18:49:06,1154635809,1上,某人的梦（上）,鬼灭之刃 刀匠村篇,656835181
吓死我了,945.22,1,16777215,2026-03-07 18:36:44,1154635809,1上,某人的梦（上）,鬼灭之刃 刀匠村篇,656835181
这不就是美人吗…,474.033,1,16777215,2026-03-07 17:29:44,1154635809,1上,某人的梦（上）,鬼灭之刃 刀匠村篇,656835181
二刷,27.834,1,16777215,2026-03-07 17:25:26,1154635809,1上,某人的梦（上）,鬼灭之刃 刀匠村篇,656835181
一看就身体不好，出来多晒晒太阳,515.02,1,16777215,2026-03-07 17:23:36,1154635809,1上,某人的梦（上）,鬼灭之刃 刀匠村篇,656835181
（琵琶女）,358.977,1,16777215,2026-03-07 17:17:21,1154635809,1上,某人的梦（上）,鬼灭之刃 刀匠村篇,656835181
这是什么猎奇东西,315.152,1,16777215,2026-03-07 17:10:24,1154635809,1上,某人的梦（上）,鬼灭之刃 刀匠村篇,656835181
六刷,7.18,1,16777215,2026-03-07 17:10:17,1154635809,1上,某人的梦（上）,鬼灭之刃 刀匠村篇,656835181
主公,78.007,1,16777215,2026-03-07 17:06:40,1154635809,1上,某人的梦（上）,鬼灭之刃 刀匠村篇,656835181
飞碟社肯定是嫌经费太多了，那么多运镜,570.59,5,16777215,2026-03-07 16:54:35,1154635809,1上,某人的梦（上）,鬼灭之刃 刀匠村篇,656835181
好萌啊啊啊啊！,1052.651,1,8700107,2026-03-07 16:24:48,1154635809,1上,某人的梦（上）,鬼灭之刃 刀匠村篇,656835181
来啦,14.168,1,16777215,2026-03-07 16:18:02,1154635809,1上,某人的梦（上）,鬼灭之刃 刀匠村篇,656835181
376人,22.48,1,16777215,2026-03-07 16:16:13,1154635809,1上,某人的梦（上）,鬼灭之刃 刀匠村篇,656835181
你们好 又见面了~,24.709,1,16777215,2026-03-07 16:11:22,1154635809,1上,某人的梦（上）,鬼灭之刃 刀匠村篇,656835181
又见了大家,6.819,1,16777215,2026-03-07 15:49:35,1154635809,1上,某人的梦（上）,鬼灭之刃 刀匠村篇,656835181
三哥帅,958.164,1,16777215,2026-03-07 15:34:40,1154635809,1上,某人的梦（上）,鬼灭之刃 刀匠村篇,656835181
继国缘一变鬼了,942.464,1,16777215,2026-03-07 15:26:57,1154635809,1上,某人的梦（上）,鬼灭之刃 刀匠村篇,656835181
上门原因变鬼了。,892.002,1,16777215,2026-03-07 15:25:45,1154635809,1上,某人的梦（上）,鬼灭之刃 刀匠村篇,656835181
大家好！,19.536,1,16777215,2026-03-07 15:09:05,1154635809,1上,某人的梦（上）,鬼灭之刃 刀匠村篇,656835181
宝妈自学中医,625.319,1,16777215,2026-03-07 15:04:24,1154635809,1上,某人的梦（上）,鬼灭之刃 刀匠村篇,656835181
应该不会,85.46,1,16777215,2026-03-07 14:54:37,1154635809,1上,某人的梦（上）,鬼灭之刃 刀匠村篇,656835181
威       严    满   满   ,470.126,5,6830715,2026-03-07 14:37:40,1154635809,1上,某人的梦（上）,鬼灭之刃 刀匠村篇,656835181
好萌哈哈哈哈哈,880.162,1,16777215,2026-03-07 14:29:23,1154635809,1上,某人的梦（上）,鬼灭之刃 刀匠村篇,656835181
后背像主角他爸,886.848,1,16777215,2026-03-07 14:27:21,1154635809,1上,某人的梦（上）,鬼灭之刃 刀匠村篇,656835181
义勇说你也被讨厌了吗？,1032.788,1,16777215,2026-03-07 14:24:44,1154635809,1上,某人的梦（上）,鬼灭之刃 刀匠村篇,656835181
五哥有点丑,684.373,1,16777215,2026-03-07 14:22:30,1154635809,1上,某人的梦（上）,鬼灭之刃 刀匠村篇,656835181
好萌啊,879.267,1,16777215,2026-03-07 14:22:04,1154635809,1上,某人的梦（上）,鬼灭之刃 刀匠村篇,656835181
经费在燃烧,558.59,1,16777215,2026-03-07 14:19:52,1154635809,1上,某人的梦（上）,鬼灭之刃 刀匠村篇,656835181
给三哥气的,452.083,1,16777215,2026-03-07 14:14:40,1154635809,1上,某人的梦（上）,鬼灭之刃 刀匠村篇,656835181
无限城妈真华丽,120.474,1,16777215,2026-03-07 14:08:30,1154635809,1上,某人的梦（上）,鬼灭之刃 刀匠村篇,656835181
找到蓝色彼岸花了没有呀？,510.936,1,16777215,2026-03-07 13:58:58,1154635809,1上,某人的梦（上）,鬼灭之刃 刀匠村篇,656835181
突然感觉无惨也好帅呀！,501.996,1,16777215,2026-03-07 13:58:45,1154635809,1上,某人的梦（上）,鬼灭之刃 刀匠村篇,656835181
好帅,396.376,1,16777215,2026-03-07 13:56:31,1154635809,1上,某人的梦（上）,鬼灭之刃 刀匠村篇,656835181
beng一下笑了,259.656,1,16777215,2026-03-07 13:54:04,1154635809,1上,某人的梦（上）,鬼灭之刃 刀匠村篇,656835181
戴耳机听环绕,206.558,1,16777215,2026-03-07 13:52:49,1154635809,1上,某人的梦（上）,鬼灭之刃 刀匠村篇,656835181
教主大人！！！！！！！！,376.146,1,16777215,2026-03-07 13:27:18,1154635809,1上,某人的梦（上）,鬼灭之刃 刀匠村篇,656835181
帅啊！,649.229,1,16777215,2026-03-07 13:19:33,1154635809,1上,某人的梦（上）,鬼灭之刃 刀匠村篇,656835181
无惨好帅,621.239,1,16777215,2026-03-07 13:18:50,1154635809,1上,某人的梦（上）,鬼灭之刃 刀匠村篇,656835181
溶液不能超过试管的三分之一,557.665,1,16777215,2026-03-07 13:17:35,1154635809,1上,某人的梦（上）,鬼灭之刃 刀匠村篇,656835181
《我要你的眼珠有何用》,541.282,1,16777215,2026-03-07 13:17:16,1154635809,1上,某人的梦（上）,鬼灭之刃 刀匠村篇,656835181
大家知道为什么他的实验总是不成功吗？,487.714,1,16777215,2026-03-07 13:15:40,1154635809,1上,某人的梦（上）,鬼灭之刃 刀匠村篇,656835181
无限城的主人是罗小黑里面的无限,176.588,1,16777215,2026-03-07 13:06:53,1154635809,1上,某人的梦（上）,鬼灭之刃 刀匠村篇,656835181
妈咪！！！！,477.992,1,16777215,2026-03-07 12:57:57,1154635809,1上,某人的梦（上）,鬼灭之刃 刀匠村篇,656835181
三哥不好黑死牟来啦我刚刚一拳会不会招惹他。,462.61,1,16777215,2026-03-07 12:53:22,1154635809,1上,某人的梦（上）,鬼灭之刃 刀匠村篇,656835181
不用洗头了,831.712,1,16777215,2026-03-07 12:33:56,1154635809,1上,某人的梦（上）,鬼灭之刃 刀匠村篇,656835181
可恶你脸红个雷霆,817.672,1,16777215,2026-03-07 12:33:33,1154635809,1上,某人的梦（上）,鬼灭之刃 刀匠村篇,656835181
午餐帅是帅 但是在于太坏了 没入坑前以为是好人呢,715.153,1,16777215,2026-03-07 12:30:44,1154635809,1上,某人的梦（上）,鬼灭之刃 刀匠村篇,656835181
不努力,562.674,1,16777215,2026-03-07 12:15:33,1154635809,1上,某人的梦（上）,鬼灭之刃 刀匠村篇,656835181
344、、、、图55】】y6][][】‘’】天天,519.123,1,16777215,2026-03-07 12:14:49,1154635809,1上,某人的梦（上）,鬼灭之刃 刀匠村篇,656835181
34、、,511.931,1,16777215,2026-03-07 12:14:42,1154635809,1上,某人的梦（上）,鬼灭之刃 刀匠村篇,656835181
缘一,1077.885,1,15138834,2026-03-07 12:02:57,1154635809,1上,某人的梦（上）,鬼灭之刃 刀匠村篇,656835181
三哥好帅,955.517,1,15138834,2026-03-07 12:00:43,1154635809,1上,某人的梦（上）,鬼灭之刃 刀匠村篇,656835181
这不是杀死透透的坏人吗！？,303.126,1,8700107,2026-03-07 11:30:03,1154635809,1上,某人的梦（上）,鬼灭之刃 刀匠村篇,656835181
没有中配,3.0,1,16777215,2026-03-07 11:23:57,1154635809,1上,某人的梦（上）,鬼灭之刃 刀匠村篇,656835181
午餐去晒晒太阳，多晒太阳好,786.192,1,16777215,2026-03-07 11:21:40,1154635809,1上,某人的梦（上）,鬼灭之刃 刀匠村篇,656835181
不是弹幕去哪里了我看不到,878.871,1,16777215,2026-03-07 10:50:10,1154635809,1上,某人的梦（上）,鬼灭之刃 刀匠村篇,656835181
见底了哦贝贝们,1200.403,1,16777215,2026-03-07 10:22:23,1154635809,1上,某人的梦（上）,鬼灭之刃 刀匠村篇,656835181
 这无限传说的多华丽呀！,172.671,1,16777215,2026-03-07 10:11:23,1154635809,1上,某人的梦（上）,鬼灭之刃 刀匠村篇,656835181
，城市可以说诈骗了。,162.693,1,16777215,2026-03-07 10:11:00,1154635809,1上,某人的梦（上）,鬼灭之刃 刀匠村篇,656835181
教主大人！,375.673,5,16777215,2026-03-07 09:59:31,1154635809,1上,某人的梦（上）,鬼灭之刃 刀匠村篇,656835181
华丽登场,85.505,1,16777215,2026-03-07 08:48:57,1154635809,1上,某人的梦（上）,鬼灭之刃 刀匠村篇,656835181
足袋好香,468.916,1,16777215,2026-03-07 02:59:09,1154635809,1上,某人的梦（上）,鬼灭之刃 刀匠村篇,656835181
一点四十六了还有146人,573.821,1,16777215,2026-03-07 01:46:33,1154635809,1上,某人的梦（上）,鬼灭之刃 刀匠村篇,656835181
猫咪哈气,736.3,1,16777215,2026-03-07 01:44:04,1154635809,1上,某人的梦（上）,鬼灭之刃 刀匠村篇,656835181
 消声了？,839.655,1,16777215,2026-03-07 00:39:06,1154635809,1上,某人的梦（上）,鬼灭之刃 刀匠村篇,656835181
尿壶,306.599,1,16777215,2026-03-07 00:32:18,1154635809,1上,某人的梦（上）,鬼灭之刃 刀匠村篇,656835181
我一个玩手机的都感觉有3d的感觉,136.795,1,16777215,2026-03-07 00:29:15,1154635809,1上,某人的梦（上）,鬼灭之刃 刀匠村篇,656835181
这是第三季吗？,15.527,1,16777215,2026-03-07 00:01:34,1154635809,1上,某人的梦（上）,鬼灭之刃 刀匠村篇,656835181
最该死的出来的了,410.212,1,16777215,2026-03-06 23:29:10,1154635809,1上,某人的梦（上）,鬼灭之刃 刀匠村篇,656835181
碳极和碳之狼和有点太像了啊,1087.424,1,16777215,2026-03-06 22:45:48,1154635809,1上,某人的梦（上）,鬼灭之刃 刀匠村篇,656835181
白天的花，你非在晚上找,637.529,1,16777215,2026-03-06 22:39:28,1154635809,1上,某人的梦（上）,鬼灭之刃 刀匠村篇,656835181
连无惨都烦了,610.782,1,16777215,2026-03-06 22:38:55,1154635809,1上,某人的梦（上）,鬼灭之刃 刀匠村篇,656835181
飞起来,433.641,1,16777215,2026-03-06 22:36:19,1154635809,1上,某人的梦（上）,鬼灭之刃 刀匠村篇,656835181
迷你做的,234.878,1,16777215,2026-03-06 22:32:59,1154635809,1上,某人的梦（上）,鬼灭之刃 刀匠村篇,656835181
炭香99炭香99炭香99炭香99,1236.493,1,16777215,2026-03-06 22:30:52,1154635809,1上,某人的梦（上）,鬼灭之刃 刀匠村篇,656835181
快把他宰了，替小忍报仇!!！,833.926,1,16777215,2026-03-06 22:04:00,1154635809,1上,某人的梦（上）,鬼灭之刃 刀匠村篇,656835181
缘一！！！,1062.845,5,16777215,2026-03-06 20:56:11,1154635809,1上,某人的梦（上）,鬼灭之刃 刀匠村篇,656835181
鸣女：烦死了。。。。,1021.89,1,16777215,2026-03-06 20:53:47,1154635809,1上,某人的梦（上）,鬼灭之刃 刀匠村篇,656835181
蓝色彼岸花到底是个啥呀？,637.283,1,16777215,2026-03-06 19:16:08,1154635809,1上,某人的梦（上）,鬼灭之刃 刀匠村篇,656835181
很难绷不住啊,54.165,1,16777215,2026-03-06 18:49:11,1154635809,1上,某人的梦（上）,鬼灭之刃 刀匠村篇,656835181
无惨：你听听这是人话？,1166.308,5,16777215,2026-03-06 18:16:39,1154635809,1上,某人的梦（上）,鬼灭之刃 刀匠村篇,656835181
很牛哦,1147.241,1,16777215,2026-03-06 18:10:14,1154635809,1上,某人的梦（上）,鬼灭之刃 刀匠村篇,656835181
帅死我了！！！！,1140.549,1,16777215,2026-03-06 18:09:44,1154635809,1上,某人的梦（上）,鬼灭之刃 刀匠村篇,656835181
严胜终其一生  也只是想成为缘一罢了,948.966,1,16777215,2026-03-06 17:16:38,1154635809,1上,某人的梦（上）,鬼灭之刃 刀匠村篇,656835181
上弦之一黑死牟,474.803,1,16777215,2026-03-06 16:55:55,1154635809,1上,某人的梦（上）,鬼灭之刃 刀匠村篇,656835181
上弦之二童磨,396.051,1,16777215,2026-03-06 16:53:55,1154635809,1上,某人的梦（上）,鬼灭之刃 刀匠村篇,656835181
上弦之五玉壶,316.272,1,16777215,2026-03-06 16:51:41,1154635809,1上,某人的梦（上）,鬼灭之刃 刀匠村篇,656835181
三哥：应该是童磨死了吧  一定是吧,176.773,1,16777215,2026-03-06 16:49:03,1154635809,1上,某人的梦（上）,鬼灭之刃 刀匠村篇,656835181
日配的人还真是华丽的多啊,4.516,1,16777215,2026-03-06 16:43:07,1154635809,1上,某人的梦（上）,鬼灭之刃 刀匠村篇,656835181
看把三哥气的,451.512,5,16707842,2026-03-06 13:23:47,1154635809,1上,某人的梦（上）,鬼灭之刃 刀匠村篇,656835181
哈利波特即视感,254.76,1,16777215,2026-03-06 13:12:31,1154635809,1上,某人的梦（上）,鬼灭之刃 刀匠村篇,656835181
华丽,11.491,1,16777215,2026-03-05 22:48:32,1154635809,1上,某人的梦（上）,鬼灭之刃 刀匠村篇,656835181
实验步骤错啦！别装了！,513.022,1,16777215,2026-03-05 21:59:53,1154635809,1上,某人的梦（上）,鬼灭之刃 刀匠村篇,656835181
应该是炭治郎像他祖宗，而不是祖宗像炭治郎,1110.718,1,16777215,2026-03-05 21:42:59,1154635809,1上,某人的梦（上）,鬼灭之刃 刀匠村篇,656835181
这头发确定不是上弦一？,1095.733,1,16777215,2026-03-05 20:06:14,1154635809,1上,某人的梦（上）,鬼灭之刃 刀匠村篇,656835181
这是死前被做成了人彘了吧,314.947,1,16777215,2026-03-05 19:52:38,1154635809,1上,某人的梦（上）,鬼灭之刃 刀匠村篇,656835181
我的妈呀太神圣了,306.642,1,16777215,2026-03-05 18:13:18,1154635809,1上,某人的梦（上）,鬼灭之刃 刀匠村篇,656835181
弹幕在吗？,108.518,5,16777215,2026-03-05 18:12:49,1154635809,1上,某人的梦（上）,鬼灭之刃 刀匠村篇,656835181
弹幕在吗？,104.904,1,16777215,2026-03-05 18:12:38,1154635809,1上,某人的梦（上）,鬼灭之刃 刀匠村篇,656835181
2026年3月5日,60.977,1,16777215,2026-03-05 18:09:10,1154635809,1上,某人的梦（上）,鬼灭之刃 刀匠村篇,656835181
三刷,11.851,1,16777215,2026-03-05 17:42:46,1154635809,1上,某人的梦（上）,鬼灭之刃 刀匠村篇,656835181
三哥太憋屈了,959.52,1,16777215,2026-03-05 16:38:17,1154635809,1上,某人的梦（上）,鬼灭之刃 刀匠村篇,656835181
三哥：666当面孤立我,880.921,1,16777215,2026-03-05 16:36:42,1154635809,1上,某人的梦（上）,鬼灭之刃 刀匠村篇,656835181
可磨磨头真的很可爱了,1032.091,1,16777215,2026-03-05 16:33:41,1154635809,1上,某人的梦（上）,鬼灭之刃 刀匠村篇,656835181
我宁愿当三哥,465.73,1,16777215,2026-03-05 16:27:40,1154635809,1上,某人的梦（上）,鬼灭之刃 刀匠村篇,656835181
桌面清理大师,645.374,1,16777215,2026-03-05 16:04:55,1154635809,1上,某人的梦（上）,鬼灭之刃 刀匠村篇,656835181
我天呐，你脸红个泡泡茶壶啊，这两坨该死的红晕是怎么回事？,588.529,1,16777215,2026-03-05 13:25:17,1154635809,1上,某人的梦（上）,鬼灭之刃 刀匠村篇,656835181
香奈乎我爱你,1237.153,1,16777215,2026-03-05 12:24:34,1154635809,1上,某人的梦（上）,鬼灭之刃 刀匠村篇,656835181
炭香99,1236.556,1,16777215,2026-03-05 12:24:25,1154635809,1上,某人的梦（上）,鬼灭之刃 刀匠村篇,656835181
妈咪妈咪妈咪,469.825,1,16777215,2026-03-05 10:53:09,1154635809,1上,某人的梦（上）,鬼灭之刃 刀匠村篇,656835181
缘！！！！,1063.017,1,16777215,2026-03-05 10:29:24,1154635809,1上,某人的梦（上）,鬼灭之刃 刀匠村篇,656835181
哈哈哈哈哈,832.108,1,16777215,2026-03-05 10:25:16,1154635809,1上,某人的梦（上）,鬼灭之刃 刀匠村篇,656835181
老帅了！,1131.2,1,6830715,2026-03-05 00:59:09,1154635809,1上,某人的梦（上）,鬼灭之刃 刀匠村篇,656835181
妈咪！,849.104,1,6830715,2026-03-05 00:53:10,1154635809,1上,某人的梦（上）,鬼灭之刃 刀匠村篇,656835181
妈妈！妈妈！妈妈！妈妈！妈妈！,470.668,1,6830715,2026-03-05 00:46:45,1154635809,1上,某人的梦（上）,鬼灭之刃 刀匠村篇,656835181
妈咪！,473.094,1,16777215,2026-03-05 00:43:05,1154635809,1上,某人的梦（上）,鬼灭之刃 刀匠村篇,656835181
都这个点了还有这么多人陪我看好感动有谁明天上学吗。。,20.47,1,16777215,2026-03-05 00:34:14,1154635809,1上,某人的梦（上）,鬼灭之刃 刀匠村篇,656835181
黑死牟！！,466.045,1,16777215,2026-03-04 23:47:11,1154635809,1上,某人的梦（上）,鬼灭之刃 刀匠村篇,656835181
负增也算,921.632,1,16777215,2026-03-04 23:24:07,1154635809,1上,某人的梦（上）,鬼灭之刃 刀匠村篇,656835181
主公：百年未有之大变局,67.747,1,16777215,2026-03-04 23:22:11,1154635809,1上,某人的梦（上）,鬼灭之刃 刀匠村篇,656835181
耳机好评,135.512,1,16777215,2026-03-04 21:14:21,1154635809,1上,某人的梦（上）,鬼灭之刃 刀匠村篇,656835181
严胜大家闺秀,670.925,1,16777215,2026-03-04 20:35:57,1154635809,1上,某人的梦（上）,鬼灭之刃 刀匠村篇,656835181
你这壶不对称啊,288.821,1,16777215,2026-03-04 20:11:10,1154635809,1上,某人的梦（上）,鬼灭之刃 刀匠村篇,656835181
我真希望黑死眸被杀掉了这样无一郎就不用死了,285.368,1,15138834,2026-03-04 20:04:22,1154635809,1上,某人的梦（上）,鬼灭之刃 刀匠村篇,656835181
好权威的脸啊，我操,1143.564,1,16777215,2026-03-04 19:36:13,1154635809,1上,某人的梦（上）,鬼灭之刃 刀匠村篇,656835181
刚才那个是继国严胜，这个是继国缘一，他俩是亲兄弟。,1119.082,1,16777215,2026-03-04 19:15:15,1154635809,1上,某人的梦（上）,鬼灭之刃 刀匠村篇,656835181
无能狂怒,652.803,1,16777215,2026-03-04 18:59:43,1154635809,1上,某人的梦（上）,鬼灭之刃 刀匠村篇,656835181
美颜暴击,1137.305,1,16777215,2026-03-04 18:44:08,1154635809,1上,某人的梦（上）,鬼灭之刃 刀匠村篇,656835181
三哥生气了,413.509,1,16777215,2026-03-04 17:51:17,1154635809,1上,某人的梦（上）,鬼灭之刃 刀匠村篇,656835181
尿壶,296.089,1,16777215,2026-03-04 17:49:05,1154635809,1上,某人的梦（上）,鬼灭之刃 刀匠村篇,656835181
午餐也是常务夫家族的呀,615.72,1,16777215,2026-03-04 16:05:18,1154635809,1上,某人的梦（上）,鬼灭之刃 刀匠村篇,656835181
好嫌弃的表情哈哈哈哈,449.664,1,16777215,2026-03-04 15:46:48,1154635809,1上,某人的梦（上）,鬼灭之刃 刀匠村篇,656835181
恕我直言，这和炭炭的父亲好像！,892.759,1,8700107,2026-03-04 15:45:05,1154635809,1上,某人的梦（上）,鬼灭之刃 刀匠村篇,656835181
教主！,388.377,1,8700107,2026-03-04 15:39:36,1154635809,1上,某人的梦（上）,鬼灭之刃 刀匠村篇,656835181
阿卡咂,149.328,1,16777215,2026-03-04 15:29:19,1154635809,1上,某人的梦（上）,鬼灭之刃 刀匠村篇,656835181
哈？,935.295,1,16777215,2026-03-04 14:48:07,1154635809,1上,某人的梦（上）,鬼灭之刃 刀匠村篇,656835181
可爱,877.991,1,16777215,2026-03-04 14:47:04,1154635809,1上,某人的梦（上）,鬼灭之刃 刀匠村篇,656835181
哇！,834.32,1,16777215,2026-03-04 14:46:11,1154635809,1上,某人的梦（上）,鬼灭之刃 刀匠村篇,656835181
大家又见面了,6.559,1,14811775,2026-03-04 13:32:36,1154635809,1上,某人的梦（上）,鬼灭之刃 刀匠村篇,656835181
太萌了啊，教主,1037.981,1,16777215,2026-03-04 12:32:59,1154635809,1上,某人的梦（上）,鬼灭之刃 刀匠村篇,656835181
好可爱！,877.826,1,16777215,2026-03-04 12:29:58,1154635809,1上,某人的梦（上）,鬼灭之刃 刀匠村篇,656835181
岩胜妈妈,478.037,1,16777215,2026-03-04 12:15:58,1154635809,1上,某人的梦（上）,鬼灭之刃 刀匠村篇,656835181
到底是什么人说这东西可爱,687.741,1,16777215,2026-03-04 12:08:16,1154635809,1上,某人的梦（上）,鬼灭之刃 刀匠村篇,656835181
到底是什么人说这东西可爱,687.741,1,16777215,2026-03-04 12:08:11,1154635809,1上,某人的梦（上）,鬼灭之刃 刀匠村篇,656835181
是小孩的打111,213.471,1,16777215,2026-03-04 10:32:51,1154635809,1上,某人的梦（上）,鬼灭之刃 刀匠村篇,656835181
我试试弹幕,26.741,1,16777215,2026-03-04 08:51:42,1154635809,1上,某人的梦（上）,鬼灭之刃 刀匠村篇,656835181
无惨:六百六十六，盐都不盐了,1166.608,1,16777215,2026-03-04 08:48:46,1154635809,1上,某人的梦（上）,鬼灭之刃 刀匠村篇,656835181
好帅！！！！！,377.976,1,11890,2026-03-04 07:31:21,1154635809,1上,某人的梦（上）,鬼灭之刃 刀匠村篇,656835181
童磨大人！,371.997,1,11890,2026-03-04 07:31:03,1154635809,1上,某人的梦（上）,鬼灭之刃 刀匠村篇,656835181
玉壶长得雷霆死了,312.578,1,16777215,2026-03-04 02:57:29,1154635809,1上,某人的梦（上）,鬼灭之刃 刀匠村篇,656835181
我3月5日就要开学了,254.485,1,16777215,2026-03-04 02:56:24,1154635809,1上,某人的梦（上）,鬼灭之刃 刀匠村篇,656835181
我去了，后天就要开学了,242.22,1,16777215,2026-03-04 02:55:56,1154635809,1上,某人的梦（上）,鬼灭之刃 刀匠村篇,656835181
大阴阳师,903.636,1,16777215,2026-03-04 02:49:28,1154635809,1上,某人的梦（上）,鬼灭之刃 刀匠村篇,656835181
等会儿不会又一个无惨梦男吧,584.416,1,15138834,2026-03-04 01:36:29,1154635809,1上,某人的梦（上）,鬼灭之刃 刀匠村篇,656835181
三哥好帅…,955.681,1,15138834,2026-03-04 00:48:38,1154635809,1上,某人的梦（上）,鬼灭之刃 刀匠村篇,656835181
我靠，这个香奈乎把我笑死了,1211.358,1,16777215,2026-03-04 00:41:55,1154635809,1上,某人的梦（上）,鬼灭之刃 刀匠村篇,656835181
教主大人！！！！,383.7,1,16707842,2026-03-04 00:34:04,1154635809,1上,某人的梦（上）,鬼灭之刃 刀匠村篇,656835181
卡卡西配音哪！！！！,1065.281,1,16777215,2026-03-03 23:55:54,1154635809,1上,某人的梦（上）,鬼灭之刃 刀匠村篇,656835181
小马玩具。我要起一个名字，小马玩具。,384.864,1,16777215,2026-03-03 23:42:02,1154635809,1上,某人的梦（上）,鬼灭之刃 刀匠村篇,656835181
我就喜欢看弹幕，不过为什么弹幕这么多？,12.76,1,16777215,2026-03-03 23:35:34,1154635809,1上,某人的梦（上）,鬼灭之刃 刀匠村篇,656835181
