content,time,mode,color,send_time,cid,episode,episode_title,anime_title,aid
哇，他又摆脱了这个混蛋，又给利姆露展示了感情牌，牛,431.894,1,16777215,2025-01-15 19:52:55,27840548398,60,庆典筹备,关于我转生变成史莱姆这档事 第三季,113818915046008
我靠 鬼才啊 三言两语整条产业链都出来了,1147.296,5,16777215,2025-01-16 06:58:16,27840548398,60,庆典筹备,关于我转生变成史莱姆这档事 第三季,113818915046008
这可不能让小黑看到了,454.674,5,16777215,2025-01-15 18:14:31,27840548398,60,庆典筹备,关于我转生变成史莱姆这档事 第三季,113818915046008
魔王本人：呀嘞呀嘞这真是太糟糕了呢,1226.222,5,16777215,2025-01-15 19:02:11,27840548398,60,庆典筹备,关于我转生变成史莱姆这档事 第三季,113818915046008
优秀商人基操，即使震惊也面不改色,649.909,1,16777215,2025-01-15 18:44:01,27840548398,60,庆典筹备,关于我转生变成史莱姆这档事 第三季,113818915046008
要是萌王故意被抓走教礼仪，那顶头上司国王知道了估计脸都要绿了。,408.143,1,16777215,2025-01-15 18:33:08,27840548398,60,庆典筹备,关于我转生变成史莱姆这档事 第三季,113818915046008
正愁没法合理推辞呢，还好你小子给我找了个好台阶（doge,420.51,1,16777215,2025-01-15 19:08:48,27840548398,60,庆典筹备,关于我转生变成史莱姆这档事 第三季,113818915046008
可不是给萌王打感情牌，而是他自己本身最尊敬的就是萌王，看老迈对子爵和对萌王的态度完全不一样就懂了,437.476,1,16777215,2025-01-16 12:24:02,27840548398,60,庆典筹备,关于我转生变成史莱姆这档事 第三季,113818915046008
无法阻止的大小姐（bushi）,655.152,1,16777215,2025-01-16 12:37:14,27840548398,60,庆典筹备,关于我转生变成史莱姆这档事 第三季,113818915046008
其实这个思路是对的 下属处理内政 吉祥物到处交际,1318.086,1,16777215,2025-01-24 01:21:47,27840548398,60,庆典筹备,关于我转生变成史莱姆这档事 第三季,113818915046008
他真的我哭死，想到的第一个竟然是安全问题,588.807,5,16777215,2025-01-18 08:30:28,27840548398,60,庆典筹备,关于我转生变成史莱姆这档事 第三季,113818915046008
七耀：他们圆满，我们直接圆寂,1270.357,1,16777215,2025-01-15 19:31:08,27840548398,60,庆典筹备,关于我转生变成史莱姆这档事 第三季,113818915046008
当学霸和你讨论题目的做法belike:,1109.818,5,15138834,2025-01-16 01:54:24,27840548398,60,庆典筹备,关于我转生变成史莱姆这档事 第三季,113818915046008
私营变国营，入编制了呢,1205.954,1,16777215,2025-01-15 18:36:29,27840548398,60,庆典筹备,关于我转生变成史莱姆这档事 第三季,113818915046008
oh美丽的魔物公主,379.325,5,16777215,2025-01-15 18:13:38,27840548398,60,庆典筹备,关于我转生变成史莱姆这档事 第三季,113818915046008
商业鬼才利姆露,1007.954,5,16777215,2025-01-15 19:29:51,27840548398,60,庆典筹备,关于我转生变成史莱姆这档事 第三季,113818915046008
老麦这一脚，断了与犯罪组织的瓜葛，又傍住了一棵大树，一石二鸟,421.622,5,16776960,2025-01-15 19:31:25,27840548398,60,庆典筹备,关于我转生变成史莱姆这档事 第三季,113818915046008
日向:能不能来我这开几家,524.745,5,16777215,2025-01-15 18:11:17,27840548398,60,庆典筹备,关于我转生变成史莱姆这档事 第三季,113818915046008
哈哈哈哈哈，精准吐槽,854.018,5,16777215,2025-01-15 19:22:01,27840548398,60,庆典筹备,关于我转生变成史莱姆这档事 第三季,113818915046008
萌王:小小暴风龙，拿捏,631.973,1,16777215,2025-01-15 18:25:26,27840548398,60,庆典筹备,关于我转生变成史莱姆这档事 第三季,113818915046008
说不定会有人员损耗（bushi,583.405,1,16777215,2025-01-15 19:01:01,27840548398,60,庆典筹备,关于我转生变成史莱姆这档事 第三季,113818915046008
利姆露：真要用金钱掌控世界了✪ω✪,1155.628,5,16777215,2025-01-15 18:44:07,27840548398,60,庆典筹备,关于我转生变成史莱姆这档事 第三季,113818915046008
凌驾！,1371.682,5,16777215,2025-01-15 18:26:24,27840548398,60,庆典筹备,关于我转生变成史莱姆这档事 第三季,113818915046008
这边建议你不要招惹新晋魔王,392.414,1,16777215,2025-01-15 18:09:50,27840548398,60,庆典筹备,关于我转生变成史莱姆这档事 第三季,113818915046008
萌王抛出offer，萌王厨怎会不愿意接受,1169.639,1,16777215,2025-01-15 21:32:38,27840548398,60,庆典筹备,关于我转生变成史莱姆这档事 第三季,113818915046008
说起来 现代的体育馆全是古罗马斗兽场的风格,956.199,5,16776960,2025-01-15 20:56:40,27840548398,60,庆典筹备,关于我转生变成史莱姆这档事 第三季,113818915046008
你舅宠他爸（doge）,573.135,5,16707842,2025-01-15 18:25:07,27840548398,60,庆典筹备,关于我转生变成史莱姆这档事 第三季,113818915046008
萌王美颜暴击,1246.76,5,16777215,2025-01-16 12:00:02,27840548398,60,庆典筹备,关于我转生变成史莱姆这档事 第三季,113818915046008
萌王可爱！！！！！！！！！！！！,673.931,5,16777215,2025-01-15 22:22:30,27840548398,60,庆典筹备,关于我转生变成史莱姆这档事 第三季,113818915046008
不要答应啊老缪，三贤醉就你一个在干活啊,1195.292,1,16777215,2025-01-15 18:33:10,27840548398,60,庆典筹备,关于我转生变成史莱姆这档事 第三季,113818915046008
喷不了，这个真有恩情,414.599,1,16777215,2025-01-15 18:20:10,27840548398,60,庆典筹备,关于我转生变成史莱姆这档事 第三季,113818915046008
那五人：卜什戈门？,608.785,5,16777215,2025-01-15 23:02:19,27840548398,60,庆典筹备,关于我转生变成史莱姆这档事 第三季,113818915046008
关键这是正途，比起前面的奴隶项目好太多了,1082.826,1,16777215,2025-01-15 19:11:56,27840548398,60,庆典筹备,关于我转生变成史莱姆这档事 第三季,113818915046008
一个魔王……我个小小人类经不起这吓唬✪ω✪,1219.039,1,16777215,2025-01-15 20:30:44,27840548398,60,庆典筹备,关于我转生变成史莱姆这档事 第三季,113818915046008
这个时间段萌王真的只单纯的想弄个武斗会场，没想到回去在家门口捡到个大宝贝,889.63,1,16777215,2025-01-15 18:31:54,27840548398,60,庆典筹备,关于我转生变成史莱姆这档事 第三季,113818915046008
安全，安全，还是安全,593.362,1,16777215,2025-01-15 18:26:44,27840548398,60,庆典筹备,关于我转生变成史莱姆这档事 第三季,113818915046008
那有魔王在人类城市路上逛街的！？会长才是正常人反映……,1312.695,1,16777215,2025-01-18 07:45:16,27840548398,60,庆典筹备,关于我转生变成史莱姆这档事 第三季,113818915046008
利姆露：记得用假名。维鲁德拉：好的！贾明！,626.92,5,15138834,2025-01-16 03:48:43,27840548398,60,庆典筹备,关于我转生变成史莱姆这档事 第三季,113818915046008
实际上心里:快走啊，再不走就走不了了,448.4,1,16777215,2025-01-15 19:05:31,27840548398,60,庆典筹备,关于我转生变成史莱姆这档事 第三季,113818915046008
社交的飞腿,417.692,1,16777215,2025-01-15 21:56:32,27840548398,60,庆典筹备,关于我转生变成史莱姆这档事 第三季,113818915046008
导师给学生派活既视感,1057.235,1,16777215,2025-01-15 21:00:55,27840548398,60,庆典筹备,关于我转生变成史莱姆这档事 第三季,113818915046008
财务大臣……,1177.828,5,16777215,2025-01-15 18:44:56,27840548398,60,庆典筹备,关于我转生变成史莱姆这档事 第三季,113818915046008
这边你懂的吧是指萌王从奸商这里分到的小金库，虽然从利益规模上来说很难说小就是了,1077.958,5,52480,2025-01-18 10:07:31,27840548398,60,庆典筹备,关于我转生变成史莱姆这档事 第三季,113818915046008
内心吐槽好好笑啊,350.806,5,16777215,2025-01-16 11:41:17,27840548398,60,庆典筹备,关于我转生变成史莱姆这档事 第三季,113818915046008
紫苑的美食博览会（bushi）,81.171,1,16777215,2025-01-15 18:08:40,27840548398,60,庆典筹备,关于我转生变成史莱姆这档事 第三季,113818915046008
暴风龙 魔王米利姆 这就俩在。。。。就够了哈哈哈,1378.734,1,16777215,2025-01-16 20:30:45,27840548398,60,庆典筹备,关于我转生变成史莱姆这档事 第三季,113818915046008
魔物人均工业起重机，每天几千个工业起重机一起开工建这个真不难,949.479,1,16777215,2025-01-15 21:31:27,27840548398,60,庆典筹备,关于我转生变成史莱姆这档事 第三季,113818915046008
呀嘞呀嘞，拦不住的利姆鲁,658.578,5,8700107,2025-01-16 00:13:15,27840548398,60,庆典筹备,关于我转生变成史莱姆这档事 第三季,113818915046008
竞技场没建，倒是修了一个最后地堡级的人造地下迷宫……,858.438,1,16777215,2025-01-15 20:59:20,27840548398,60,庆典筹备,关于我转生变成史莱姆这档事 第三季,113818915046008
登基大典,1293.2,5,16777215,2025-01-17 00:26:05,27840548398,60,庆典筹备,关于我转生变成史莱姆这档事 第三季,113818915046008
孩子怎么成史比特瓦根了,680.732,5,16777215,2025-01-15 22:49:49,27840548398,60,庆典筹备,关于我转生变成史莱姆这档事 第三季,113818915046008
缪尔迈尔：我没听错吧，是暴风龙大人？,575.957,5,41194,2025-01-15 18:17:11,27840548398,60,庆典筹备,关于我转生变成史莱姆这档事 第三季,113818915046008
骨王附体.........,1118.148,1,16777215,2025-01-16 19:15:20,27840548398,60,庆典筹备,关于我转生变成史莱姆这档事 第三季,113818915046008
确实添了不小的麻烦,1339.263,1,16777215,2025-01-15 18:36:41,27840548398,60,庆典筹备,关于我转生变成史莱姆这档事 第三季,113818915046008
开完一个接着一个,1233.804,1,16777215,2025-01-15 19:40:09,27840548398,60,庆典筹备,关于我转生变成史莱姆这档事 第三季,113818915046008
大叔，虽然你嘴硬，但是你的泡泡茶壶很诚实,245.777,5,15138834,2025-01-15 18:10:37,27840548398,60,庆典筹备,关于我转生变成史莱姆这档事 第三季,113818915046008
社交的手腕の食人术の人性的秘密の暗黑心理学,326.251,5,16777215,2025-01-18 23:30:09,27840548398,60,庆典筹备,关于我转生变成史莱姆这档事 第三季,113818915046008
献祭五个活祭品,597.148,1,16777215,2025-01-18 02:15:49,27840548398,60,庆典筹备,关于我转生变成史莱姆这档事 第三季,113818915046008
小黑 你快来 这里有萌王的萌照,474.62,1,16777215,2025-01-27 20:04:43,27840548398,60,庆典筹备,关于我转生变成史莱姆这档事 第三季,113818915046008
这身衣服不够衬托萌王的美,385.02,1,16777215,2025-01-16 01:03:24,27840548398,60,庆典筹备,关于我转生变成史莱姆这档事 第三季,113818915046008
好码,569.861,1,16777215,2025-01-15 18:08:48,27840548398,60,庆典筹备,关于我转生变成史莱姆这档事 第三季,113818915046008
龙息铁板烧有没有搞头,94.443,1,16776960,2025-01-15 20:08:29,27840548398,60,庆典筹备,关于我转生变成史莱姆这档事 第三季,113818915046008
好像在教会我们如何经商管理国家一样,1185.822,1,16777215,2025-01-15 18:20:44,27840548398,60,庆典筹备,关于我转生变成史莱姆这档事 第三季,113818915046008
花了大价钱培养的top5当然会担心,601.007,1,16777215,2025-02-14 22:05:35,27840548398,60,庆典筹备,关于我转生变成史莱姆这档事 第三季,113818915046008
缪鲁麦尔：呦，来了个好借口,361.294,1,16777215,2025-01-15 18:11:48,27840548398,60,庆典筹备,关于我转生变成史莱姆这档事 第三季,113818915046008
触发关键词：勇者正幸,793.433,5,16777215,2025-01-16 21:08:34,27840548398,60,庆典筹备,关于我转生变成史莱姆这档事 第三季,113818915046008
罗马竞技场,923.936,1,16777215,2025-01-16 01:32:33,27840548398,60,庆典筹备,关于我转生变成史莱姆这档事 第三季,113818915046008
我觉得就森林里那些魔物的灾害等级没有人会感兴趣的,761.788,1,16777215,2025-01-15 21:29:06,27840548398,60,庆典筹备,关于我转生变成史莱姆这档事 第三季,113818915046008
魔物公主 名不虚传啊,466.344,1,16777215,2025-01-15 23:28:27,27840548398,60,庆典筹备,关于我转生变成史莱姆这档事 第三季,113818915046008
你们不觉得基建很有意思吗！！,1253.437,1,16777215,2025-01-18 13:23:03,27840548398,60,庆典筹备,关于我转生变成史莱姆这档事 第三季,113818915046008
日向：我都被打死了已经,1280.545,1,16777215,2025-01-15 20:03:02,27840548398,60,庆典筹备,关于我转生变成史莱姆这档事 第三季,113818915046008
在这个许多人都拼命生存的世界里，能开发娱乐项目，不愧是你,723.326,1,16777215,2025-01-16 01:07:10,27840548398,60,庆典筹备,关于我转生变成史莱姆这档事 第三季,113818915046008
太好了太好了，救场子的人来啦,367.952,1,16777215,2025-01-15 18:24:38,27840548398,60,庆典筹备,关于我转生变成史莱姆这档事 第三季,113818915046008
有胆识有能力,690.06,1,16777215,2025-01-15 22:23:42,27840548398,60,庆典筹备,关于我转生变成史莱姆这档事 第三季,113818915046008
怪物猎人体验游,746.69,5,16776960,2025-01-15 19:38:15,27840548398,60,庆典筹备,关于我转生变成史莱姆这档事 第三季,113818915046008
重要人物，缪尔麦尔，虽然没有武力但是萌王的左膀右臂,325.358,1,16777215,2025-01-15 18:31:17,27840548398,60,庆典筹备,关于我转生变成史莱姆这档事 第三季,113818915046008
一人招标会,881.387,1,16777215,2025-01-15 23:30:36,27840548398,60,庆典筹备,关于我转生变成史莱姆这档事 第三季,113818915046008
进化了，识字了，遭老罪了,21.994,1,16777215,2025-01-15 19:06:36,27840548398,60,庆典筹备,关于我转生变成史莱姆这档事 第三季,113818915046008
毕竟是混黑社会的，他的脑子很好，日后商业就是他来管了,1046.1,1,16777215,2025-01-15 18:44:53,27840548398,60,庆典筹备,关于我转生变成史莱姆这档事 第三季,113818915046008
猪猪：补药啊,942.687,1,16777215,2025-01-16 13:25:59,27840548398,60,庆典筹备,关于我转生变成史莱姆这档事 第三季,113818915046008
一个骨化一个迪化,1133.955,5,16777215,2025-01-15 18:38:25,27840548398,60,庆典筹备,关于我转生变成史莱姆这档事 第三季,113818915046008
明明很正常的聊天，但为什么我突然感觉他们两个人脑子里都没有想什么好东西？,1061.677,5,16707842,2025-02-03 01:29:07,27840548398,60,庆典筹备,关于我转生变成史莱姆这档事 第三季,113818915046008
我觉得不止两三位魔王到场吧,1382.563,1,16777215,2025-01-15 21:13:07,27840548398,60,庆典筹备,关于我转生变成史莱姆这档事 第三季,113818915046008
可爱捏,1212.419,1,16777215,2025-01-15 19:09:12,27840548398,60,庆典筹备,关于我转生变成史莱姆这档事 第三季,113818915046008
就和坐车有站票坐票一个道理啊…,961.257,1,16777215,2025-01-15 19:08:28,27840548398,60,庆典筹备,关于我转生变成史莱姆这档事 第三季,113818915046008
都是大神，我个小小人类✪ω✪,1376.148,5,16777215,2025-01-15 18:49:13,27840548398,60,庆典筹备,关于我转生变成史莱姆这档事 第三季,113818915046008
感觉这个世界观里面魔王好像没有那么恐怖了,1304.374,1,16777215,2025-01-16 11:36:13,27840548398,60,庆典筹备,关于我转生变成史莱姆这档事 第三季,113818915046008
三贤醉雏形,1072.44,1,16777215,2025-01-15 18:59:13,27840548398,60,庆典筹备,关于我转生变成史莱姆这档事 第三季,113818915046008
少侠好颜艺,1370.977,1,16777215,2025-01-15 18:31:27,27840548398,60,庆典筹备,关于我转生变成史莱姆这档事 第三季,113818915046008
发动究极技能〖宴会之王〗,699.26,1,16777215,2025-01-15 21:24:25,27840548398,60,庆典筹备,关于我转生变成史莱姆这档事 第三季,113818915046008
商人思想逐渐迪化,966.96,1,16777215,2025-01-15 19:36:48,27840548398,60,庆典筹备,关于我转生变成史莱姆这档事 第三季,113818915046008
这段比其他会精彩,1038.195,1,16777215,2025-01-15 18:53:07,27840548398,60,庆典筹备,关于我转生变成史莱姆这档事 第三季,113818915046008
现代知识真绝杀,989.77,1,16777215,2025-01-15 18:24:43,27840548398,60,庆典筹备,关于我转生变成史莱姆这档事 第三季,113818915046008
忠诚n号,905.667,1,16777215,2025-01-16 01:02:46,27840548398,60,庆典筹备,关于我转生变成史莱姆这档事 第三季,113818915046008
前方冥场面,356.105,5,16777215,2025-01-15 18:36:25,27840548398,60,庆典筹备,关于我转生变成史莱姆这档事 第三季,113818915046008
我不考虑，我只是世界的搬运工,778.731,1,16777215,2025-01-15 18:26:05,27840548398,60,庆典筹备,关于我转生变成史莱姆这档事 第三季,113818915046008
不，你吃了,236.072,1,16777215,2025-01-15 22:13:30,27840548398,60,庆典筹备,关于我转生变成史莱姆这档事 第三季,113818915046008
丸辣,399.837,1,16777215,2025-01-15 23:38:23,27840548398,60,庆典筹备,关于我转生变成史莱姆这档事 第三季,113818915046008
某个知名表情包(doge,641.114,1,16777215,2025-01-15 19:55:16,27840548398,60,庆典筹备,关于我转生变成史莱姆这档事 第三季,113818915046008
对所以他要演不让利姆露发现是他在背后操纵,1343.057,1,16777215,2025-01-15 22:36:34,27840548398,60,庆典筹备,关于我转生变成史莱姆这档事 第三季,113818915046008
萌王扎麻花辫真可爱～,73.382,1,16777215,2025-01-15 18:12:33,27840548398,60,庆典筹备,关于我转生变成史莱姆这档事 第三季,113818915046008
科学发展观，小子！,994.103,1,16777215,2025-01-16 17:48:58,27840548398,60,庆典筹备,关于我转生变成史莱姆这档事 第三季,113818915046008
优树有贪婪之王啊  妥妥的反派  史莱姆疑似星龙王转世（创世神）,1348.408,1,16777215,2025-01-17 23:16:25,27840548398,60,庆典筹备,关于我转生变成史莱姆这档事 第三季,113818915046008
要不然小黑高低把画抢走,454.924,5,16777215,2025-01-15 19:36:05,27840548398,60,庆典筹备,关于我转生变成史莱姆这档事 第三季,113818915046008
《美丽的魔物公主》,784.872,5,16777215,2025-01-16 01:11:12,27840548398,60,庆典筹备,关于我转生变成史莱姆这档事 第三季,113818915046008
自动挡的都给我回去听！新OP真的好听！,205.305,5,16707842,2025-01-15 20:33:03,27840548398,60,庆典筹备,关于我转生变成史莱姆这档事 第三季,113818915046008
嫌疑人的照片（确认）,571.828,5,16777215,2025-01-24 02:23:30,27840548398,60,庆典筹备,关于我转生变成史莱姆这档事 第三季,113818915046008
步豪！导弹来袭！快寻找有利地形反击！,89.361,5,16777215,2025-01-16 00:26:18,27840548398,60,庆典筹备,关于我转生变成史莱姆这档事 第三季,113818915046008
名场面，美丽的魔国公主,308.05,1,16777215,2025-01-15 22:23:09,27840548398,60,庆典筹备,关于我转生变成史莱姆这档事 第三季,113818915046008
喜提户部尚书,1191.517,1,16777215,2025-01-15 18:31:32,27840548398,60,庆典筹备,关于我转生变成史莱姆这档事 第三季,113818915046008
要说吗？就现在？在这里？,807.482,1,16777215,2025-01-16 01:39:15,27840548398,60,庆典筹备,关于我转生变成史莱姆这档事 第三季,113818915046008
猪猪没别的 就是有力气！！！,957.738,1,16777215,2025-01-16 18:25:01,27840548398,60,庆典筹备,关于我转生变成史莱姆这档事 第三季,113818915046008
某种精灵酒吧？,767.132,1,16777215,2025-01-15 23:17:56,27840548398,60,庆典筹备,关于我转生变成史莱姆这档事 第三季,113818915046008
这集明明很有意思啊，比平时的开会集有趣多了,1265.605,1,16777215,2025-01-19 11:09:45,27840548398,60,庆典筹备,关于我转生变成史莱姆这档事 第三季,113818915046008
这是第一季的老角色了,486.052,1,16777215,2025-01-16 12:31:44,27840548398,60,庆典筹备,关于我转生变成史莱姆这档事 第三季,113818915046008
古罗马圆柱斗兽场,928.263,1,16777215,2025-01-15 18:16:25,27840548398,60,庆典筹备,关于我转生变成史莱姆这档事 第三季,113818915046008
精灵基本只在两个地方栖息，一个是魔导王朝，另一个就是鸠拉大森林,343.172,5,16777215,2025-01-15 18:18:36,27840548398,60,庆典筹备,关于我转生变成史莱姆这档事 第三季,113818915046008
日向：锁定目标，go go go,557.554,1,16777215,2025-01-22 07:49:37,27840548398,60,庆典筹备,关于我转生变成史莱姆这档事 第三季,113818915046008
二一添作五啊（笑）,1065.054,1,16777215,2025-01-15 20:04:53,27840548398,60,庆典筹备,关于我转生变成史莱姆这档事 第三季,113818915046008
猪猪：补药啊！,938.33,1,16777215,2025-01-16 13:25:29,27840548398,60,庆典筹备,关于我转生变成史莱姆这档事 第三季,113818915046008
哈哈哈哈,1123.646,1,16777215,2025-01-15 18:39:22,27840548398,60,庆典筹备,关于我转生变成史莱姆这档事 第三季,113818915046008
暂停看火漆,1362.113,5,16777215,2025-01-15 18:29:36,27840548398,60,庆典筹备,关于我转生变成史莱姆这档事 第三季,113818915046008
光猎（bushi）,817.775,5,16777215,2025-01-15 18:57:49,27840548398,60,庆典筹备,关于我转生变成史莱姆这档事 第三季,113818915046008
你是真的放开了。硬生生的走出那个大叔踹门喝酒的姿势。,1216.549,5,16707842,2025-02-03 01:32:50,27840548398,60,庆典筹备,关于我转生变成史莱姆这档事 第三季,113818915046008
魔王本人亲自发请帖，面子太到位了嗷,1298.039,5,16777215,2025-01-24 08:55:17,27840548398,60,庆典筹备,关于我转生变成史莱姆这档事 第三季,113818915046008
现已加入肯德基豪华套餐,529.958,5,104601,2025-02-11 01:24:19,27840548398,60,庆典筹备,关于我转生变成史莱姆这档事 第三季,113818915046008
好老板，首先想到员工安全,595.582,1,16777215,2025-01-18 10:45:04,27840548398,60,庆典筹备,关于我转生变成史莱姆这档事 第三季,113818915046008
社交的手腕,317.045,1,16777215,2025-01-18 22:53:22,27840548398,60,庆典筹备,关于我转生变成史莱姆这档事 第三季,113818915046008
还有高手,1099.809,1,16777215,2025-01-16 00:19:18,27840548398,60,庆典筹备,关于我转生变成史莱姆这档事 第三季,113818915046008
毕竟本体可是一个中年社畜啊，没点奸商属性是不可能的,955.628,5,15138834,2025-01-15 20:11:01,27840548398,60,庆典筹备,关于我转生变成史莱姆这档事 第三季,113818915046008
日向:务必这边也先开几家,546.588,1,16777215,2025-01-16 09:03:13,27840548398,60,庆典筹备,关于我转生变成史莱姆这档事 第三季,113818915046008
美丽的魔物国公主殿下！,200.312,5,9033215,2025-01-15 19:25:52,27840548398,60,庆典筹备,关于我转生变成史莱姆这档事 第三季,113818915046008
路宽到可以漂移乱开了（雾）,685.585,1,16777215,2025-01-31 03:26:24,27840548398,60,庆典筹备,关于我转生变成史莱姆这档事 第三季,113818915046008
黑：画这幅画的人一定是个天才,455.851,5,16777215,2025-01-16 21:11:53,27840548398,60,庆典筹备,关于我转生变成史莱姆这档事 第三季,113818915046008
前方大型奸商会谈名场面,295.012,1,16777215,2025-01-16 20:26:43,27840548398,60,庆典筹备,关于我转生变成史莱姆这档事 第三季,113818915046008
是反派 但是现在都还不知道呢,1354.681,1,16777215,2025-01-16 00:16:04,27840548398,60,庆典筹备,关于我转生变成史莱姆这档事 第三季,113818915046008
亚蕾亚蕾,663.633,1,16777215,2025-01-15 19:48:00,27840548398,60,庆典筹备,关于我转生变成史莱姆这档事 第三季,113818915046008
小伙立正了！,1193.724,5,16707842,2025-01-17 01:11:02,27840548398,60,庆典筹备,关于我转生变成史莱姆这档事 第三季,113818915046008
表面风平浪静，内心波涛汹涌,648.095,1,16777215,2025-01-16 01:17:40,27840548398,60,庆典筹备,关于我转生变成史莱姆这档事 第三季,113818915046008
小女子不才～幸得史王青睐～,887.88,5,16777215,2025-01-15 22:01:52,27840548398,60,庆典筹备,关于我转生变成史莱姆这档事 第三季,113818915046008
闪光的亚丝娜（有端）,824.777,1,16777215,2025-01-15 18:20:18,27840548398,60,庆典筹备,关于我转生变成史莱姆这档事 第三季,113818915046008
村长真两眼一黑，签不完字，哈哈哈,19.367,1,14811775,2025-01-15 21:02:34,27840548398,60,庆典筹备,关于我转生变成史莱姆这档事 第三季,113818915046008
是个好老板，也是个好商人,598.077,1,16777215,2025-01-27 03:11:24,27840548398,60,庆典筹备,关于我转生变成史莱姆这档事 第三季,113818915046008
娱乐产业,1001.599,1,16777215,2025-01-15 19:56:56,27840548398,60,庆典筹备,关于我转生变成史莱姆这档事 第三季,113818915046008
我谬鲁迈尔太想进步了,1198.503,5,16777215,2025-04-01 14:07:33,27840548398,60,庆典筹备,关于我转生变成史莱姆这档事 第三季,113818915046008
这人是第一季萌王在王国击败亚龙时救下的大商人,512.746,5,15138834,2025-01-17 20:41:11,27840548398,60,庆典筹备,关于我转生变成史莱姆这档事 第三季,113818915046008
【难得】的庆典,66.415,1,16777215,2025-01-16 01:44:41,27840548398,60,庆典筹备,关于我转生变成史莱姆这档事 第三季,113818915046008
boss直聘,1201.618,5,16777215,2025-01-16 00:31:39,27840548398,60,庆典筹备,关于我转生变成史莱姆这档事 第三季,113818915046008
闪光的弗莱士（bushi）,799.298,5,16777215,2025-01-15 20:21:16,27840548398,60,庆典筹备,关于我转生变成史莱姆这档事 第三季,113818915046008
请你准备5名成员的敢死队,586.498,5,16777215,2025-01-16 13:27:08,27840548398,60,庆典筹备,关于我转生变成史莱姆这档事 第三季,113818915046008
运气也是实力的一环doge,831.317,1,16777215,2025-01-15 21:47:46,27840548398,60,庆典筹备,关于我转生变成史莱姆这档事 第三季,113818915046008
小老弟带队可靠吗？,738.169,5,16646914,2025-01-15 20:58:27,27840548398,60,庆典筹备,关于我转生变成史莱姆这档事 第三季,113818915046008
厚蛋烧吧,272.359,1,15138834,2025-01-15 18:41:01,27840548398,60,庆典筹备,关于我转生变成史莱姆这档事 第三季,113818915046008
你没发觉他跟画上的人长得一样啊,393.708,1,16777215,2025-01-15 21:44:05,27840548398,60,庆典筹备,关于我转生变成史莱姆这档事 第三季,113818915046008
搞钱三人组（2/3）,1066.827,5,16777215,2025-01-15 18:36:17,27840548398,60,庆典筹备,关于我转生变成史莱姆这档事 第三季,113818915046008
之前缪尔迈尔出商，遭到袭击，被利姆露救了，回去缪尔迈尔就请人作了这幅画。之后缪尔迈尔就和利姆露搭上了关系，经营恢复药生意,377.812,1,16777215,2025-01-16 16:37:28,27840548398,60,庆典筹备,关于我转生变成史莱姆这档事 第三季,113818915046008
烧鸟与饭团,534.922,1,16777215,2025-01-15 21:33:14,27840548398,60,庆典筹备,关于我转生变成史莱姆这档事 第三季,113818915046008
还可以在旁边再放一些特色的饮料和小烧烤。,537.623,5,15138834,2025-02-03 01:16:02,27840548398,60,庆典筹备,关于我转生变成史莱姆这档事 第三季,113818915046008
被骨头附身了,1162.951,1,16777215,2025-01-15 18:21:18,27840548398,60,庆典筹备,关于我转生变成史莱姆这档事 第三季,113818915046008
麻花辫我抱肘辣！,40.51,1,16777215,2025-01-15 23:14:32,27840548398,60,庆典筹备,关于我转生变成史莱姆这档事 第三季,113818915046008
穿个小白短袖就来串门玩的魔王大人哈哈哈哈,445.003,1,16777215,2025-02-20 23:39:44,27840548398,60,庆典筹备,关于我转生变成史莱姆这档事 第三季,113818915046008
天下第一武道会,867.042,1,16777215,2025-01-15 18:21:13,27840548398,60,庆典筹备,关于我转生变成史莱姆这档事 第三季,113818915046008
一介商人有机会成为泱泱大国的财务总管，这是何等的财富,1208.489,5,16777215,2025-05-04 00:54:19,27840548398,60,庆典筹备,关于我转生变成史莱姆这档事 第三季,113818915046008
这个时间段萌王真的只单纯的想弄个武斗会场，没想到回去在家门口捡到个大宝贝,891.119,1,16777215,2025-02-04 19:47:13,27840548398,60,庆典筹备,关于我转生变成史莱姆这档事 第三季,113818915046008
不愿意透露姓名的暴风龙,573.839,5,16777215,2025-01-18 12:22:17,27840548398,60,庆典筹备,关于我转生变成史莱姆这档事 第三季,113818915046008
长耳族就是精灵族吧？,341.149,1,16777215,2025-01-16 19:13:56,27840548398,60,庆典筹备,关于我转生变成史莱姆这档事 第三季,113818915046008
就知道，肯定得有赌场,1140.193,1,16776960,2025-01-15 20:25:49,27840548398,60,庆典筹备,关于我转生变成史莱姆这档事 第三季,113818915046008
这一季编剧真是鬼才,1052.797,1,16777215,2025-01-17 19:06:24,27840548398,60,庆典筹备,关于我转生变成史莱姆这档事 第三季,113818915046008
龙息铁板烧有搞头,103.971,1,16777215,2025-01-15 21:01:38,27840548398,60,庆典筹备,关于我转生变成史莱姆这档事 第三季,113818915046008
鬼故事进度条,1334.738,1,16777215,2025-01-15 18:12:03,27840548398,60,庆典筹备,关于我转生变成史莱姆这档事 第三季,113818915046008
好好好，还邀请上反派了。,1347.585,1,16777215,2025-02-02 16:01:26,27840548398,60,庆典筹备,关于我转生变成史莱姆这档事 第三季,113818915046008
不愧是商人hhh内心波涛汹涌，表面风平浪静hhhhh,652.343,1,16777215,2025-01-25 11:19:37,27840548398,60,庆典筹备,关于我转生变成史莱姆这档事 第三季,113818915046008
为什么很喜欢听他们两个一起笑～,1057.927,5,16777215,2025-01-15 20:44:54,27840548398,60,庆典筹备,关于我转生变成史莱姆这档事 第三季,113818915046008
这个商人的路走得可是宽多了,450.938,5,15138834,2025-01-15 18:45:47,27840548398,60,庆典筹备,关于我转生变成史莱姆这档事 第三季,113818915046008
他不仅有胆识有能力，而且很有道德感，他很配！,692.04,1,16777215,2025-01-30 17:17:47,27840548398,60,庆典筹备,关于我转生变成史莱姆这档事 第三季,113818915046008
暗街之王,478.308,1,16777215,2025-01-16 12:15:46,27840548398,60,庆典筹备,关于我转生变成史莱姆这档事 第三季,113818915046008
美丽的魔物公主！,378.066,5,16777215,2025-01-16 11:41:59,27840548398,60,庆典筹备,关于我转生变成史莱姆这档事 第三季,113818915046008
就是奥运会嘛,1018.597,1,16777215,2025-01-15 21:24:22,27840548398,60,庆典筹备,关于我转生变成史莱姆这档事 第三季,113818915046008
结果这个家伙真的给学会了hhhhhh,571.976,5,15138834,2025-01-15 20:05:40,27840548398,60,庆典筹备,关于我转生变成史莱姆这档事 第三季,113818915046008
究极能力 开会之王 发动！,9.042,1,16777215,2025-01-15 18:24:43,27840548398,60,庆典筹备,关于我转生变成史莱姆这档事 第三季,113818915046008
不得不说缪尔迈尔的心理素质是一顶一的好，心里怕得不行语气却没显出来,606.515,5,16777215,2025-05-04 00:42:41,27840548398,60,庆典筹备,关于我转生变成史莱姆这档事 第三季,113818915046008
一位不愿意透露姓名的维鲁德拉风暴龙王先生想要摆摊,573.249,1,16777215,2025-02-03 16:23:06,27840548398,60,庆典筹备,关于我转生变成史莱姆这档事 第三季,113818915046008
我果然没猜错，一旦利姆鲁露出特别和善的笑容，就代表他要坑人了,579.978,1,16777215,2025-01-15 21:40:50,27840548398,60,庆典筹备,关于我转生变成史莱姆这档事 第三季,113818915046008
笑得有点奸商啊你们两个,1067.212,5,16777215,2025-01-15 21:32:25,27840548398,60,庆典筹备,关于我转生变成史莱姆这档事 第三季,113818915046008
又一个宠史莱姆狂魔，达到了随意来去不用敲门的境界,359.288,1,16777215,2025-06-01 23:08:08,27840548398,60,庆典筹备,关于我转生变成史莱姆这档事 第三季,113818915046008
这里萌王头发明显变长很多，都及腰了,71.819,5,41194,2025-01-31 20:59:55,27840548398,60,庆典筹备,关于我转生变成史莱姆这档事 第三季,113818915046008
要是萌王在自己的登基大典上说一句:“受命于天，既受永昌”那绝对特别好玩,1314.13,1,16777215,2025-01-17 19:37:09,27840548398,60,庆典筹备,关于我转生变成史莱姆这档事 第三季,113818915046008
这个印章是不是萌王(,15.943,5,16777215,2025-01-15 18:01:39,27840548398,60,庆典筹备,关于我转生变成史莱姆这档事 第三季,113818915046008
米米嘟利姆露,460.031,5,16777215,2025-01-25 01:21:58,27840548398,60,庆典筹备,关于我转生变成史莱姆这档事 第三季,113818915046008
我必须考虑这是否是我此生仅有的机会,907.952,5,16776960,2025-01-16 17:33:47,27840548398,60,庆典筹备,关于我转生变成史莱姆这档事 第三季,113818915046008
前面的会不会讲呀？什么叫水呀？讲得很清楚啊，我都知道以后的规划了，看得很激动呀。,983.602,1,16777215,2025-01-16 01:04:37,27840548398,60,庆典筹备,关于我转生变成史莱姆这档事 第三季,113818915046008
这两人聊了一整集,1026.326,5,15138834,2025-01-15 20:22:46,27840548398,60,庆典筹备,关于我转生变成史莱姆这档事 第三季,113818915046008
度假+狩猎+农家乐,758.688,5,16777215,2025-01-15 18:35:31,27840548398,60,庆典筹备,关于我转生变成史莱姆这档事 第三季,113818915046008
准时开会,2.681,1,16777215,2025-01-15 18:15:18,27840548398,60,庆典筹备,关于我转生变成史莱姆这档事 第三季,113818915046008
虽然那个壁画的特写有点多，但真的很好看啊,674.568,5,16777215,2025-02-04 20:25:29,27840548398,60,庆典筹备,关于我转生变成史莱姆这档事 第三季,113818915046008
刚好做壁纸,612.606,5,16777215,2025-01-16 02:17:53,27840548398,60,庆典筹备,关于我转生变成史莱姆这档事 第三季,113818915046008
迷宫要来了,715.9,1,16777215,2025-01-15 18:26:16,27840548398,60,庆典筹备,关于我转生变成史莱姆这档事 第三季,113818915046008
你那个特别奖金应该不会是高额保险金吧？,641.524,5,41194,2025-02-03 01:18:43,27840548398,60,庆典筹备,关于我转生变成史莱姆这档事 第三季,113818915046008
同看火漆，联邦的标志是暴风龙,1362.885,5,16776960,2025-01-15 19:56:48,27840548398,60,庆典筹备,关于我转生变成史莱姆这档事 第三季,113818915046008
路走的太宽了,680.176,1,16777215,2025-01-15 18:52:21,27840548398,60,庆典筹备,关于我转生变成史莱姆这档事 第三季,113818915046008
你若三冬来，换我一城雪白~,909.712,1,16777215,2025-01-16 17:47:27,27840548398,60,庆典筹备,关于我转生变成史莱姆这档事 第三季,113818915046008
要成信仰了,667.844,5,16777215,2025-01-15 21:22:17,27840548398,60,庆典筹备,关于我转生变成史莱姆这档事 第三季,113818915046008
小迪：你很懂嘛,1129.085,5,16777215,2025-01-15 18:24:51,27840548398,60,庆典筹备,关于我转生变成史莱姆这档事 第三季,113818915046008
迷宫？其实就算个地下城吧,898.328,1,16777215,2025-01-16 19:35:20,27840548398,60,庆典筹备,关于我转生变成史莱姆这档事 第三季,113818915046008
土木工程来了,705.652,1,16777215,2025-01-16 18:06:08,27840548398,60,庆典筹备,关于我转生变成史莱姆这档事 第三季,113818915046008
没事，后面户部尚书就是你了,678.223,1,16777215,2025-01-15 23:17:09,27840548398,60,庆典筹备,关于我转生变成史莱姆这档事 第三季,113818915046008
食人树~,292.938,5,16777215,2025-01-23 11:50:56,27840548398,60,庆典筹备,关于我转生变成史莱姆这档事 第三季,113818915046008
《论商业互捧的重要性》,1128.818,5,16777215,2025-01-17 22:19:42,27840548398,60,庆典筹备,关于我转生变成史莱姆这档事 第三季,113818915046008
他真的我哭死，想到的第一个竟然是安全问题,588.04,1,16777215,2025-02-04 19:44:43,27840548398,60,庆典筹备,关于我转生变成史莱姆这档事 第三季,113818915046008
匿名龙,571.261,5,16777215,2025-01-18 08:29:24,27840548398,60,庆典筹备,关于我转生变成史莱姆这档事 第三季,113818915046008
好人卡一张,1287.231,5,16777215,2025-01-15 23:01:00,27840548398,60,庆典筹备,关于我转生变成史莱姆这档事 第三季,113818915046008
简称日记第二季,35.495,1,16777215,2025-01-15 22:21:49,27840548398,60,庆典筹备,关于我转生变成史莱姆这档事 第三季,113818915046008
日向会像吃联动套餐的你一样跑去吃个遍（,566.952,1,16777215,2025-03-07 00:49:59,27840548398,60,庆典筹备,关于我转生变成史莱姆这档事 第三季,113818915046008
是人机扣一兄弟们,1139.679,1,16777215,2025-02-04 17:42:19,27840548398,60,庆典筹备,关于我转生变成史莱姆这档事 第三季,113818915046008
猴子和太上老君对笑,1079.762,1,16777215,2025-03-21 13:52:00,27840548398,60,庆典筹备,关于我转生变成史莱姆这档事 第三季,113818915046008
还以为是游乐园,750.844,1,16777215,2025-01-18 11:20:22,27840548398,60,庆典筹备,关于我转生变成史莱姆这档事 第三季,113818915046008
优树又不是反派，只是立场和利姆露不一样而已,1340.562,5,16777215,2025-01-16 12:32:03,27840548398,60,庆典筹备,关于我转生变成史莱姆这档事 第三季,113818915046008
开会番,1322.045,1,16777215,2025-01-15 19:34:14,27840548398,60,庆典筹备,关于我转生变成史莱姆这档事 第三季,113818915046008
按性别来说，萌王是中性，但是看外表确实女性，但也不能完全说是，如果站远点不仔细看就是男的，凑近点仔细看就是女的,514.07,1,16777215,2025-01-25 00:22:16,27840548398,60,庆典筹备,关于我转生变成史莱姆这档事 第三季,113818915046008
奇观误国啊，美丽的魔物公主大人,946.422,5,15138834,2025-01-18 20:33:02,27840548398,60,庆典筹备,关于我转生变成史莱姆这档事 第三季,113818915046008
私营收归国营,1168.284,5,16777215,2025-01-17 02:00:02,27840548398,60,庆典筹备,关于我转生变成史莱姆这档事 第三季,113818915046008
黑道大哥,492.757,1,16777215,2025-01-16 08:25:14,27840548398,60,庆典筹备,关于我转生变成史莱姆这档事 第三季,113818915046008
我利姆鲁难道不是美人？,240.588,5,41194,2025-04-23 08:25:12,27840548398,60,庆典筹备,关于我转生变成史莱姆这档事 第三季,113818915046008
这画要是被小黑看到啦还不得被拿走,668.587,1,16777215,2025-02-09 17:45:24,27840548398,60,庆典筹备,关于我转生变成史莱姆这档事 第三季,113818915046008
玛威卡：这个我熟,977.0,1,16777215,2025-01-20 18:53:30,27840548398,60,庆典筹备,关于我转生变成史莱姆这档事 第三季,113818915046008
大家放心，这是好人,499.346,5,16777215,2025-01-16 12:34:44,27840548398,60,庆典筹备,关于我转生变成史莱姆这档事 第三季,113818915046008
喜欢这样懂得报恩的人，，，，,672.161,5,16777215,2025-07-12 00:13:52,27840548398,60,庆典筹备,关于我转生变成史莱姆这档事 第三季,113818915046008
你不是要让黑兵卫给你造剑吗,61.479,5,16777215,2025-03-31 05:14:30,27840548398,60,庆典筹备,关于我转生变成史莱姆这档事 第三季,113818915046008
拉面！,244.9,5,15138834,2025-01-15 18:16:46,27840548398,60,庆典筹备,关于我转生变成史莱姆这档事 第三季,113818915046008
为了防止剧透，请设置屏蔽词“皇帝”“鲁德拉”“维鲁格林德”,805.175,5,16777215,2025-02-17 01:09:53,27840548398,60,庆典筹备,关于我转生变成史莱姆这档事 第三季,113818915046008
《头脑风暴》,1149.331,1,16777215,2025-01-16 00:20:13,27840548398,60,庆典筹备,关于我转生变成史莱姆这档事 第三季,113818915046008
老给那个壁画特写，，，，,547.807,1,16777215,2025-01-15 19:09:56,27840548398,60,庆典筹备,关于我转生变成史莱姆这档事 第三季,113818915046008
你需要来点薄荷糖,93.431,1,6830715,2025-01-15 18:27:00,27840548398,60,庆典筹备,关于我转生变成史莱姆这档事 第三季,113818915046008
敢死队哈哈,591.47,5,16646914,2025-04-07 01:23:03,27840548398,60,庆典筹备,关于我转生变成史莱姆这档事 第三季,113818915046008
开罗冒险村物语启动,731.64,1,16777215,2025-01-16 00:30:48,27840548398,60,庆典筹备,关于我转生变成史莱姆这档事 第三季,113818915046008
这是现代if吗,1417.501,1,16777215,2025-01-15 19:16:35,27840548398,60,庆典筹备,关于我转生变成史莱姆这档事 第三季,113818915046008
这也太可爱了！！！这集太可爱了,1231.982,1,16777215,2025-02-10 20:24:59,27840548398,60,庆典筹备,关于我转生变成史莱姆这档事 第三季,113818915046008
内心：不是哥们,1371.827,5,16777215,2025-07-01 22:48:59,27840548398,60,庆典筹备,关于我转生变成史莱姆这档事 第三季,113818915046008
"社交的手腕,食人树",300.95,1,16777215,2025-02-08 16:32:46,27840548398,60,庆典筹备,关于我转生变成史莱姆这档事 第三季,113818915046008
驯龙高手利姆鲁,594.886,5,16777215,2025-01-16 21:04:44,27840548398,60,庆典筹备,关于我转生变成史莱姆这档事 第三季,113818915046008
造奇观啊 我熟啊,711.214,1,16777215,2025-01-15 23:32:32,27840548398,60,庆典筹备,关于我转生变成史莱姆这档事 第三季,113818915046008
这路走的是真的宽,1204.285,5,15138834,2025-01-15 20:14:01,27840548398,60,庆典筹备,关于我转生变成史莱姆这档事 第三季,113818915046008
勤劳的猪猪又要开始工作了,929.311,5,16777215,2025-01-15 20:12:59,27840548398,60,庆典筹备,关于我转生变成史莱姆这档事 第三季,113818915046008
boss直聘的笑死我了,1209.765,1,16777215,2025-02-06 01:41:53,27840548398,60,庆典筹备,关于我转生变成史莱姆这档事 第三季,113818915046008
boss直聘太对味了,1214.805,5,9033215,2025-01-24 03:01:43,27840548398,60,庆典筹备,关于我转生变成史莱姆这档事 第三季,113818915046008
萌王好漂亮啊这一集,238.586,5,16777215,2025-01-16 11:39:02,27840548398,60,庆典筹备,关于我转生变成史莱姆这档事 第三季,113818915046008
日向:都透心凉了，只是打伤吗,1278.303,1,16777215,2025-01-15 23:31:54,27840548398,60,庆典筹备,关于我转生变成史莱姆这档事 第三季,113818915046008
摩天轮，过山车,773.59,1,16777215,2025-01-18 22:55:52,27840548398,60,庆典筹备,关于我转生变成史莱姆这档事 第三季,113818915046008
嘴里的外卖瞬间不香了,537.568,5,16777215,2025-01-16 13:25:35,27840548398,60,庆典筹备,关于我转生变成史莱姆这档事 第三季,113818915046008
两个人一百个心眼子,1064.177,1,16777215,2025-01-15 19:36:44,27840548398,60,庆典筹备,关于我转生变成史莱姆这档事 第三季,113818915046008
公司年会,27.639,5,16777215,2025-01-15 18:45:34,27840548398,60,庆典筹备,关于我转生变成史莱姆这档事 第三季,113818915046008
忙碌の老村长,16.212,5,16777215,2025-01-15 18:41:44,27840548398,60,庆典筹备,关于我转生变成史莱姆这档事 第三季,113818915046008
两个人加起来八百个心眼,1155.638,5,16777215,2025-01-15 18:22:30,27840548398,60,庆典筹备,关于我转生变成史莱姆这档事 第三季,113818915046008
幻视贝吉塔,45.992,1,16777215,2025-01-15 18:09:47,27840548398,60,庆典筹备,关于我转生变成史莱姆这档事 第三季,113818915046008
终于换OP啊，这个是真的好听吧,116.203,1,16777215,2025-01-15 18:04:41,27840548398,60,庆典筹备,关于我转生变成史莱姆这档事 第三季,113818915046008
优树：他还得感谢咱呢,1351.207,5,16707842,2025-01-24 12:21:25,27840548398,60,庆典筹备,关于我转生变成史莱姆这档事 第三季,113818915046008
小兰同款下巴,1258.5,1,16777215,2025-01-22 01:54:56,27840548398,60,庆典筹备,关于我转生变成史莱姆这档事 第三季,113818915046008
食人树,332.631,1,16777215,2025-01-17 08:50:03,27840548398,60,庆典筹备,关于我转生变成史莱姆这档事 第三季,113818915046008
这个烧烤我是真想吃,174.586,5,16777215,2025-01-16 11:37:00,27840548398,60,庆典筹备,关于我转生变成史莱姆这档事 第三季,113818915046008
贾铭,624.566,5,16777215,2025-01-16 20:19:38,27840548398,60,庆典筹备,关于我转生变成史莱姆这档事 第三季,113818915046008
它还只是两岁的孩子啊,386.924,1,16777215,2025-01-15 22:04:32,27840548398,60,庆典筹备,关于我转生变成史莱姆这档事 第三季,113818915046008
萌王一直在防着他，只是表面上没表现出来而已,1344.712,1,16707842,2025-05-31 10:30:32,27840548398,60,庆典筹备,关于我转生变成史莱姆这档事 第三季,113818915046008
这次萌王邀请他过来玩，有一个原因就是想趁这个机会试探一下他。,1358.117,1,16777215,2025-05-03 22:41:48,27840548398,60,庆典筹备,关于我转生变成史莱姆这档事 第三季,113818915046008
这不就是下属拼命工作，总裁到处拉投资么,1324.245,5,16777215,2025-03-07 09:41:00,27840548398,60,庆典筹备,关于我转生变成史莱姆这档事 第三季,113818915046008
利姆鲁大人，你要把自己喝成水史莱姆了,1235.946,1,16777215,2025-02-03 01:56:55,27840548398,60,庆典筹备,关于我转生变成史莱姆这档事 第三季,113818915046008
老狐狸和小狐狸...,1066.097,1,16777215,2025-01-21 12:58:39,27840548398,60,庆典筹备,关于我转生变成史莱姆这档事 第三季,113818915046008
怎么感觉之前有过这一幕,257.11,1,16777215,2025-01-16 18:33:12,27840548398,60,庆典筹备,关于我转生变成史莱姆这档事 第三季,113818915046008
每写一封信就有一只可怜史莱姆惨遭按扁~,14.967,5,16777215,2025-01-15 23:57:30,27840548398,60,庆典筹备,关于我转生变成史莱姆这档事 第三季,113818915046008
消息最滞后，又卖力干活的人,1247.662,1,16777215,2025-01-15 21:52:27,27840548398,60,庆典筹备,关于我转生变成史莱姆这档事 第三季,113818915046008
一眼万年,662.632,5,16776960,2025-01-15 19:36:36,27840548398,60,庆典筹备,关于我转生变成史莱姆这档事 第三季,113818915046008
利姆露对人平时还是太平和了呀【笑哭】,394.84,1,16777215,2025-01-15 19:25:54,27840548398,60,庆典筹备,关于我转生变成史莱姆这档事 第三季,113818915046008
不愿透露姓名的某暴风龙先生,569.761,1,16777215,2025-04-28 12:43:06,27840548398,60,庆典筹备,关于我转生变成史莱姆这档事 第三季,113818915046008
就叫史当劳吧，肯史基，华莱史,542.319,1,16777215,2025-03-06 01:07:18,27840548398,60,庆典筹备,关于我转生变成史莱姆这档事 第三季,113818915046008
翘手指好可爱,1074.538,5,16777215,2025-01-24 02:30:39,27840548398,60,庆典筹备,关于我转生变成史莱姆这档事 第三季,113818915046008
他可真有人格魅力啊。上一世不行，难道就是因为长相吗？,1195.331,1,16777215,2025-01-16 00:08:02,27840548398,60,庆典筹备,关于我转生变成史莱姆这档事 第三季,113818915046008
你小子路走宽了,680.502,1,16777215,2025-01-15 18:32:55,27840548398,60,庆典筹备,关于我转生变成史莱姆这档事 第三季,113818915046008
路走宽了呀,684.275,1,16777215,2025-01-15 18:19:52,27840548398,60,庆典筹备,关于我转生变成史莱姆这档事 第三季,113818915046008
画里的装束是漫画版的，动画版的特别简陋,667.323,1,16777215,2025-02-18 22:14:47,27840548398,60,庆典筹备,关于我转生变成史莱姆这档事 第三季,113818915046008
这个对商人确实上头，低风险，高投入，巨额回报，还有人兜底,1155.305,1,16777215,2025-02-04 01:15:48,27840548398,60,庆典筹备,关于我转生变成史莱姆这档事 第三季,113818915046008
救大命，这一集好可爱啊啊啊,1230.614,1,16777215,2025-01-23 15:11:01,27840548398,60,庆典筹备,关于我转生变成史莱姆这档事 第三季,113818915046008
怪不得缪尔迈尔能成为商会公会长 ，这智力与手腕应得的。,436.987,1,16777215,2025-01-20 17:17:51,27840548398,60,庆典筹备,关于我转生变成史莱姆这档事 第三季,113818915046008
我听过喵～,212.554,1,16777215,2025-01-15 21:55:58,27840548398,60,庆典筹备,关于我转生变成史莱姆这档事 第三季,113818915046008
前天看夏目才听了一集津叔声音，今天又能听了,58.319,1,16777215,2025-01-15 21:23:03,27840548398,60,庆典筹备,关于我转生变成史莱姆这档事 第三季,113818915046008
两位已经不知天地为何物了,1150.993,5,15138834,2025-05-21 22:05:11,27840548398,60,庆典筹备,关于我转生变成史莱姆这档事 第三季,113818915046008
这招借坡下驴确实可以,441.85,5,16777215,2025-03-31 19:14:32,27840548398,60,庆典筹备,关于我转生变成史莱姆这档事 第三季,113818915046008
谁还记得这个地方原本是个哥布林村,731.105,5,16777215,2025-02-09 19:34:10,27840548398,60,庆典筹备,关于我转生变成史莱姆这档事 第三季,113818915046008
发光的不应该是食物吗？为什么是你的头啊,274.372,1,16777215,2025-01-18 11:54:27,27840548398,60,庆典筹备,关于我转生变成史莱姆这档事 第三季,113818915046008
我们圆满，七曜圆寂。。。,1273.765,1,16776960,2025-01-16 23:14:46,27840548398,60,庆典筹备,关于我转生变成史莱姆这档事 第三季,113818915046008
大菠萝和这位应该很合得来,1151.116,1,16777215,2025-01-15 21:40:21,27840548398,60,庆典筹备,关于我转生变成史莱姆这档事 第三季,113818915046008
闪光，你抓不住,837.327,5,16777215,2025-01-15 20:20:51,27840548398,60,庆典筹备,关于我转生变成史莱姆这档事 第三季,113818915046008
日向，我那是打伤吗，那时快上天了,1272.446,1,16777215,2025-01-15 19:22:32,27840548398,60,庆典筹备,关于我转生变成史莱姆这档事 第三季,113818915046008
此时萌王已经在考虑进口勇者了,831.888,1,16777215,2025-01-15 18:53:57,27840548398,60,庆典筹备,关于我转生变成史莱姆这档事 第三季,113818915046008
《狼狈为奸》,1078.619,1,16777215,2025-03-05 23:06:08,27840548398,60,庆典筹备,关于我转生变成史莱姆这档事 第三季,113818915046008
这画。。。在这哥们儿心里萌王基本是神了,460.45,1,16777215,2025-02-02 16:02:58,27840548398,60,庆典筹备,关于我转生变成史莱姆这档事 第三季,113818915046008
这个世界观说是魔王但像是君主 领主 皇帝之类的说法很符合吧,1310.307,1,15138834,2025-01-31 21:53:42,27840548398,60,庆典筹备,关于我转生变成史莱姆这档事 第三季,113818915046008
看来黑白对战之后氛围就轻松起来了,140.485,1,16777215,2025-01-18 18:14:39,27840548398,60,庆典筹备,关于我转生变成史莱姆这档事 第三季,113818915046008
这商人也是走出人生顶点了，以后混个永生什么的也是小意思,1179.193,1,16777215,2025-01-16 00:52:04,27840548398,60,庆典筹备,关于我转生变成史莱姆这档事 第三季,113818915046008
奸商的嘴脸一览无余哈哈哈哈哈,1075.983,1,16777215,2025-01-15 18:37:47,27840548398,60,庆典筹备,关于我转生变成史莱姆这档事 第三季,113818915046008
承包空屏,619.944,1,16777215,2025-01-15 18:35:18,27840548398,60,庆典筹备,关于我转生变成史莱姆这档事 第三季,113818915046008
你们脸红个品牌策划,1077.986,1,16777215,2025-01-15 18:16:59,27840548398,60,庆典筹备,关于我转生变成史莱姆这档事 第三季,113818915046008
言行逐渐米莉姆化了,1217.98,1,16777215,2025-01-17 12:16:41,27840548398,60,庆典筹备,关于我转生变成史莱姆这档事 第三季,113818915046008
大叔之间的共同语言,1079.422,1,16777215,2025-01-17 07:23:34,27840548398,60,庆典筹备,关于我转生变成史莱姆这档事 第三季,113818915046008
承包空屏,982.608,1,8700107,2025-01-15 18:43:47,27840548398,60,庆典筹备,关于我转生变成史莱姆这档事 第三季,113818915046008
这部作品的魔王们本就不是传统的“魔王”，大部分也是世俗的君主,1314.173,1,16777215,2025-03-03 20:39:45,27840548398,60,庆典筹备,关于我转生变成史莱姆这档事 第三季,113818915046008
特别抚恤金,640.145,5,16777215,2025-02-27 13:33:01,27840548398,60,庆典筹备,关于我转生变成史莱姆这档事 第三季,113818915046008
你确定这是协助，不是敢死队吗？,587.719,5,41194,2025-02-03 01:17:30,27840548398,60,庆典筹备,关于我转生变成史莱姆这档事 第三季,113818915046008
虽然一直在讲话，但内容很有趣啊！！！！,1018.378,1,16777215,2025-01-23 15:07:01,27840548398,60,庆典筹备,关于我转生变成史莱姆这档事 第三季,113818915046008
社交的手腕 食人树,1081.8,5,16777215,2025-01-22 07:00:08,27840548398,60,庆典筹备,关于我转生变成史莱姆这档事 第三季,113818915046008
终于学会跳过开会内容了,1294.175,5,16777215,2025-01-18 23:48:48,27840548398,60,庆典筹备,关于我转生变成史莱姆这档事 第三季,113818915046008
七曜：已死，勿念,1250.467,5,16777215,2025-01-16 11:28:36,27840548398,60,庆典筹备,关于我转生变成史莱姆这档事 第三季,113818915046008
我本来不就是你的人吗，一直叫你老板,1175.74,5,16777215,2025-01-15 22:00:42,27840548398,60,庆典筹备,关于我转生变成史莱姆这档事 第三季,113818915046008
哈哈哈哈哈哈哈哈哈表情逐渐扭曲,1370.317,1,16777215,2025-01-15 19:15:35,27840548398,60,庆典筹备,关于我转生变成史莱姆这档事 第三季,113818915046008
确定是不认识而不是因为名声太响,611.988,1,16777215,2025-01-15 19:04:39,27840548398,60,庆典筹备,关于我转生变成史莱姆这档事 第三季,113818915046008
商业闭环,1098.945,1,16777215,2025-01-15 18:30:01,27840548398,60,庆典筹备,关于我转生变成史莱姆这档事 第三季,113818915046008
小老弟还带着游客就鸠拉大森林观光吧,740.139,1,16777215,2025-01-15 18:27:38,27840548398,60,庆典筹备,关于我转生变成史莱姆这档事 第三季,113818915046008
别觉得他很累，这种国家级大活的资金量是你想都不敢想的天文数字，接一次就发了，他还老接（）,885.834,5,16777215,2025-11-22 19:47:19,27840548398,60,庆典筹备,关于我转生变成史莱姆这档事 第三季,113818915046008
俩狐狸..........,1056.748,5,16777215,2025-04-04 13:32:07,27840548398,60,庆典筹备,关于我转生变成史莱姆这档事 第三季,113818915046008
财务大臣来了,297.902,1,16777215,2025-02-13 17:59:53,27840548398,60,庆典筹备,关于我转生变成史莱姆这档事 第三季,113818915046008
不敢睁开眼，希望是我的幻觉～,1378.672,5,16777215,2025-02-03 14:52:48,27840548398,60,庆典筹备,关于我转生变成史莱姆这档事 第三季,113818915046008
这个人之前被利姆鲁救下，就是利姆鲁挡住了要袭击他的龙,478.472,1,16777215,2025-01-29 17:57:34,27840548398,60,庆典筹备,关于我转生变成史莱姆这档事 第三季,113818915046008
丝毫没有作为魔王在普通人眼里的压迫感的自觉,1242.63,1,16777215,2025-01-24 17:30:09,27840548398,60,庆典筹备,关于我转生变成史莱姆这档事 第三季,113818915046008
小迪，何时来的,1126.901,5,15138834,2025-01-21 01:18:05,27840548398,60,庆典筹备,关于我转生变成史莱姆这档事 第三季,113818915046008
世博会？,62.39,1,16777215,2025-01-17 12:27:36,27840548398,60,庆典筹备,关于我转生变成史莱姆这档事 第三季,113818915046008
官方吐槽：小丫头,394.75,1,16777215,2025-01-16 09:42:10,27840548398,60,庆典筹备,关于我转生变成史莱姆这档事 第三季,113818915046008
第一个敢调教魔王的普通人,405.787,5,16777215,2025-01-16 07:57:57,27840548398,60,庆典筹备,关于我转生变成史莱姆这档事 第三季,113818915046008
五蚂蚁！！！,271.89,5,16707842,2025-01-15 19:22:44,27840548398,60,庆典筹备,关于我转生变成史莱姆这档事 第三季,113818915046008
我觉得那不是火漆，感觉像一小块史莱姆,1365.463,5,16777215,2025-01-15 18:40:04,27840548398,60,庆典筹备,关于我转生变成史莱姆这档事 第三季,113818915046008
占领空屏,218.953,1,16777215,2025-01-15 18:03:28,27840548398,60,庆典筹备,关于我转生变成史莱姆这档事 第三季,113818915046008
当初龙女降临，利姆露也感受过,1232.447,5,16777215,2025-08-24 12:08:19,27840548398,60,庆典筹备,关于我转生变成史莱姆这档事 第三季,113818915046008
梅开三度,1092.147,1,16777215,2025-02-20 09:48:03,27840548398,60,庆典筹备,关于我转生变成史莱姆这档事 第三季,113818915046008
为什么提到收藏感觉你就变成了一个反派气息？详细说说。,852.891,5,41194,2025-02-03 01:23:21,27840548398,60,庆典筹备,关于我转生变成史莱姆这档事 第三季,113818915046008
完美甲方谁懂啊，我愿意一辈子给这种人打工,907.23,1,16777215,2025-01-26 13:21:24,27840548398,60,庆典筹备,关于我转生变成史莱姆这档事 第三季,113818915046008
一个一脸奸相的商人，竟然意外的靠谱啊,895.736,1,16777215,2025-01-16 22:06:07,27840548398,60,庆典筹备,关于我转生变成史莱姆这档事 第三季,113818915046008
情头(bushi),1064.598,5,16777215,2025-01-16 02:22:18,27840548398,60,庆典筹备,关于我转生变成史莱姆这档事 第三季,113818915046008
这蜘蛛长的是认真的吗？,750.038,5,16777215,2025-01-15 18:41:52,27840548398,60,庆典筹备,关于我转生变成史莱姆这档事 第三季,113818915046008
中二龙摆摊这段在原作蛮好笑的,99.07,1,16777215,2025-01-15 18:28:36,27840548398,60,庆典筹备,关于我转生变成史莱姆这档事 第三季,113818915046008
萌王笑传之筹筹备,1.0,5,16777215,2025-03-25 18:07:43,27840548398,60,庆典筹备,关于我转生变成史莱姆这档事 第三季,113818915046008
第一季被利姆露救了的商人，那里动画省略了很多篇幅,486.248,5,16707842,2025-03-03 19:57:45,27840548398,60,庆典筹备,关于我转生变成史莱姆这档事 第三季,113818915046008
我吃我吃,249.017,1,16777215,2025-02-05 02:50:02,27840548398,60,庆典筹备,关于我转生变成史莱姆这档事 第三季,113818915046008
三贤醉,480.513,5,16777215,2025-01-27 12:37:44,27840548398,60,庆典筹备,关于我转生变成史莱姆这档事 第三季,113818915046008
打出致命伤也是打伤是吧（）,1272.903,5,16777215,2025-01-19 20:37:58,27840548398,60,庆典筹备,关于我转生变成史莱姆这档事 第三季,113818915046008
自由工会的一个分会长，打败猪头帝以后来森林打探消息被利姆鲁他们救了，最开始的冒险家三人组是他手下,1282.161,1,16777215,2025-01-18 12:34:44,27840548398,60,庆典筹备,关于我转生变成史莱姆这档事 第三季,113818915046008
大叔好颜艺,1373.952,1,16777215,2025-01-18 01:18:10,27840548398,60,庆典筹备,关于我转生变成史莱姆这档事 第三季,113818915046008
我觉得只有萌王不是一直史莱姆形态我都觉得挺好看的,1260.006,1,16777215,2025-01-17 00:41:23,27840548398,60,庆典筹备,关于我转生变成史莱姆这档事 第三季,113818915046008
前段时间都在处理事情，没空宣布自己是魔王,1311.275,1,16777215,2025-01-16 08:40:53,27840548398,60,庆典筹备,关于我转生变成史莱姆这档事 第三季,113818915046008
住手啊大袜子,1349.826,1,16777215,2025-01-16 00:22:16,27840548398,60,庆典筹备,关于我转生变成史莱姆这档事 第三季,113818915046008
太宠龙了,576.001,1,16777215,2025-01-15 19:55:27,27840548398,60,庆典筹备,关于我转生变成史莱姆这档事 第三季,113818915046008
一个一个忽悠来大本营哈哈哈哈,1217.832,1,16777215,2025-01-15 19:43:11,27840548398,60,庆典筹备,关于我转生变成史莱姆这档事 第三季,113818915046008
两个大叔谈话真投机啊,1062.719,1,16777215,2025-01-15 18:53:04,27840548398,60,庆典筹备,关于我转生变成史莱姆这档事 第三季,113818915046008
缪尔的路走的不是一般的宽,361.611,5,9033215,2025-01-15 18:44:00,27840548398,60,庆典筹备,关于我转生变成史莱姆这档事 第三季,113818915046008
其实对他很好了这是在救他,421.027,1,16777215,2025-01-15 18:34:10,27840548398,60,庆典筹备,关于我转生变成史莱姆这档事 第三季,113818915046008
你居然可以抵挡美丽的魔物公主的美貌？,393.985,5,16777215,2025-08-24 11:52:20,27840548398,60,庆典筹备,关于我转生变成史莱姆这档事 第三季,113818915046008
暴风龙对利姆露来说可是和亲兄弟一样，可不是单纯伙伴,625.196,1,16777215,2025-07-20 14:27:24,27840548398,60,庆典筹备,关于我转生变成史莱姆这档事 第三季,113818915046008
大概就是一个罗马,1021.951,1,16777215,2025-03-28 06:45:18,27840548398,60,庆典筹备,关于我转生变成史莱姆这档事 第三季,113818915046008
简称赌博,1137.828,1,16777215,2025-03-02 00:44:28,27840548398,60,庆典筹备,关于我转生变成史莱姆这档事 第三季,113818915046008
oc人聊剧情（确信,829.192,5,15138834,2025-02-15 15:56:43,27840548398,60,庆典筹备,关于我转生变成史莱姆这档事 第三季,113818915046008
配上这憨厚的笑声好搞笑,355.079,5,16777215,2025-01-25 19:26:38,27840548398,60,庆典筹备,关于我转生变成史莱姆这档事 第三季,113818915046008
萌王这画面唯美，但又莫名的好笑,1072.068,1,41194,2025-01-24 00:20:16,27840548398,60,庆典筹备,关于我转生变成史莱姆这档事 第三季,113818915046008
画是萌王当老师期间变成大人形态击杀双足飞龙的情景,462.745,1,16777215,2025-01-23 20:12:45,27840548398,60,庆典筹备,关于我转生变成史莱姆这档事 第三季,113818915046008
特别奖金？抚恤金吧,636.337,1,16777215,2025-01-21 16:42:29,27840548398,60,庆典筹备,关于我转生变成史莱姆这档事 第三季,113818915046008
这商人对主角笑的就很真心了,451.977,1,16777215,2025-01-18 09:00:29,27840548398,60,庆典筹备,关于我转生变成史莱姆这档事 第三季,113818915046008
别急，等会还有第二场会议,1033.642,1,16777215,2025-01-16 23:31:30,27840548398,60,庆典筹备,关于我转生变成史莱姆这档事 第三季,113818915046008
总比啥也不交代，直接建好好吧，日常番看的不就是日常吗,993.592,1,16777215,2025-01-16 21:41:16,27840548398,60,庆典筹备,关于我转生变成史莱姆这档事 第三季,113818915046008
鸠拉大舞台！想来你就来,849.651,5,16777215,2025-01-16 21:19:35,27840548398,60,庆典筹备,关于我转生变成史莱姆这档事 第三季,113818915046008
担心（假）,1337.021,5,15138834,2025-01-16 11:36:58,27840548398,60,庆典筹备,关于我转生变成史莱姆这档事 第三季,113818915046008
老奸巨猾哈哈,1061.496,5,15138834,2025-01-16 08:47:07,27840548398,60,庆典筹备,关于我转生变成史莱姆这档事 第三季,113818915046008
这是要建造奇观加文化值了,945.431,1,16777215,2025-01-16 02:04:02,27840548398,60,庆典筹备,关于我转生变成史莱姆这档事 第三季,113818915046008
好娇羞的哼唧,875.929,5,16777215,2025-01-15 19:42:08,27840548398,60,庆典筹备,关于我转生变成史莱姆这档事 第三季,113818915046008
不敢想被小迪听到这句话会怎样,396.937,1,16777215,2025-03-09 14:54:27,27840548398,60,庆典筹备,关于我转生变成史莱姆这档事 第三季,113818915046008
是他们的现代故事吧…真好啊…,1407.697,1,16777215,2025-02-27 23:20:54,27840548398,60,庆典筹备,关于我转生变成史莱姆这档事 第三季,113818915046008
鸟蛋烧,262.5,5,16777215,2025-02-21 18:28:35,27840548398,60,庆典筹备,关于我转生变成史莱姆这档事 第三季,113818915046008
这风格？梦回第一季！果然换了制作组！,539.723,5,41194,2025-01-21 14:28:47,27840548398,60,庆典筹备,关于我转生变成史莱姆这档事 第三季,113818915046008
奇怪的情头增加了,1067.517,1,16777215,2025-01-20 20:36:22,27840548398,60,庆典筹备,关于我转生变成史莱姆这档事 第三季,113818915046008
这俩奸商！！！,1150.569,1,16707842,2025-01-20 01:59:15,27840548398,60,庆典筹备,关于我转生变成史莱姆这档事 第三季,113818915046008
不敢睁开眼，希望是我的幻觉,1223.195,1,16777215,2025-01-19 22:11:40,27840548398,60,庆典筹备,关于我转生变成史莱姆这档事 第三季,113818915046008
心有惊雷而面如平湖者 可拜上将军,656.059,1,16777215,2025-01-18 20:38:30,27840548398,60,庆典筹备,关于我转生变成史莱姆这档事 第三季,113818915046008
承包空屏,843.634,1,16777215,2025-01-17 14:00:52,27840548398,60,庆典筹备,关于我转生变成史莱姆这档事 第三季,113818915046008
史提芬周：薯条有多少盐放多少盐，汽水有多少冰放多少冰,528.85,1,16777215,2025-01-16 12:10:46,27840548398,60,庆典筹备,关于我转生变成史莱姆这档事 第三季,113818915046008
忙着让西方圣教会和利莫路打仗，又一方面考虑怎么跟利姆路建交,1352.666,5,9487136,2025-01-16 11:37:28,27840548398,60,庆典筹备,关于我转生变成史莱姆这档事 第三季,113818915046008
迷宫四龙,153.213,1,16777215,2025-01-16 11:13:10,27840548398,60,庆典筹备,关于我转生变成史莱姆这档事 第三季,113818915046008
穿越者——古列,1084.779,5,16776960,2025-01-15 19:50:17,27840548398,60,庆典筹备,关于我转生变成史莱姆这档事 第三季,113818915046008
勇者正幸好像是松冈配的音,792.726,1,16777215,2025-01-15 18:28:57,27840548398,60,庆典筹备,关于我转生变成史莱姆这档事 第三季,113818915046008
野怪：那我问你,749.846,1,16777215,2025-03-21 14:51:54,27840548398,60,庆典筹备,关于我转生变成史莱姆这档事 第三季,113818915046008
黑：哦，这画的不错呀,455.815,5,16777215,2025-02-06 10:19:18,27840548398,60,庆典筹备,关于我转生变成史莱姆这档事 第三季,113818915046008
我真搞不懂了这为什么是开会？明明是交代信息，你看哪家番不交代信息只打架？,1040.015,1,41194,2025-01-27 10:36:08,27840548398,60,庆典筹备,关于我转生变成史莱姆这档事 第三季,113818915046008
严格来说火车是没有站票的，那叫无座票，你只是花了坐票一样的钱没买到座位而已，真正的站票应该要比坐票便宜才对,968.487,1,16777215,2025-01-24 16:45:08,27840548398,60,庆典筹备,关于我转生变成史莱姆这档事 第三季,113818915046008
优树：布豪！,1367.107,5,9033215,2025-01-24 03:04:47,27840548398,60,庆典筹备,关于我转生变成史莱姆这档事 第三季,113818915046008
呀勒呀勒,655.544,5,16777215,2025-01-21 21:31:05,27840548398,60,庆典筹备,关于我转生变成史莱姆这档事 第三季,113818915046008
突然的安兹附体,1111.99,1,16777215,2025-01-21 16:57:43,27840548398,60,庆典筹备,关于我转生变成史莱姆这档事 第三季,113818915046008
坏人的面相真是显而易见啊！,307.033,5,16777215,2025-01-20 21:57:53,27840548398,60,庆典筹备,关于我转生变成史莱姆这档事 第三季,113818915046008
你脸红个泡泡茶壶,233.746,5,16777215,2025-01-18 00:33:31,27840548398,60,庆典筹备,关于我转生变成史莱姆这档事 第三季,113818915046008
不是，背景真国内做哒！啊？,1446.922,5,16777215,2025-01-17 01:43:43,27840548398,60,庆典筹备,关于我转生变成史莱姆这档事 第三季,113818915046008
利姆露目前不知道优树是反派,1344.552,1,16777215,2025-01-16 00:09:02,27840548398,60,庆典筹备,关于我转生变成史莱姆这档事 第三季,113818915046008
第一个五年计划第一个五年计划,773.003,1,16777215,2025-01-15 23:06:23,27840548398,60,庆典筹备,关于我转生变成史莱姆这档事 第三季,113818915046008
臣不胜惶恐,878.348,5,16777215,2025-01-15 21:56:07,27840548398,60,庆典筹备,关于我转生变成史莱姆这档事 第三季,113818915046008
好有看点，补药再画饼给我吃了,1104.952,5,16777215,2025-01-15 21:33:23,27840548398,60,庆典筹备,关于我转生变成史莱姆这档事 第三季,113818915046008
开国祭！！！,133.171,5,16777215,2025-01-15 20:57:26,27840548398,60,庆典筹备,关于我转生变成史莱姆这档事 第三季,113818915046008
凌驾!!!!!!!!!!,1374.824,5,16777215,2025-01-15 19:21:05,27840548398,60,庆典筹备,关于我转生变成史莱姆这档事 第三季,113818915046008
以后暴风龙会因为乱花钱经常被摩尔麦尔骂,643.94,1,16777215,2025-01-15 18:57:05,27840548398,60,庆典筹备,关于我转生变成史莱姆这档事 第三季,113818915046008
《圆满》七曜直接没了,1270.417,1,16777215,2025-01-15 18:55:13,27840548398,60,庆典筹备,关于我转生变成史莱姆这档事 第三季,113818915046008
你俩二人会议开了半集？,1031.861,5,16777215,2025-01-15 18:34:24,27840548398,60,庆典筹备,关于我转生变成史莱姆这档事 第三季,113818915046008
这里被理解为了收买人心的手段，魔王直系下属几乎相当于一张免死金牌，无论是做生意还是出行说出魔王的名字对方也会斟酌一下,1211.379,1,16777215,2025-03-29 00:52:24,27840548398,60,庆典筹备,关于我转生变成史莱姆这档事 第三季,113818915046008
好好好，转正了，变成公职人员了,1184.361,5,16777215,2025-02-21 18:45:05,27840548398,60,庆典筹备,关于我转生变成史莱姆这档事 第三季,113818915046008
凌驾！！！！！！！！！！！！！！！！！！！！！！,1372.828,5,16777215,2025-02-13 03:50:39,27840548398,60,庆典筹备,关于我转生变成史莱姆这档事 第三季,113818915046008
吉田。。梦回新版日语教科书,226.193,1,16777215,2025-01-25 01:51:44,27840548398,60,庆典筹备,关于我转生变成史莱姆这档事 第三季,113818915046008
这哥们谁？这哥们可是魔国联邦的财务大臣,505.554,1,16777215,2025-01-18 01:47:04,27840548398,60,庆典筹备,关于我转生变成史莱姆这档事 第三季,113818915046008
才反应过来，在缪尔麦尔这魔国的公主是天使勇者啊！,544.552,5,41194,2025-01-16 17:51:47,27840548398,60,庆典筹备,关于我转生变成史莱姆这档事 第三季,113818915046008
夫妻,170.729,5,14811775,2025-01-16 04:30:22,27840548398,60,庆典筹备,关于我转生变成史莱姆这档事 第三季,113818915046008
这集不是静态开会还是能看的,1008.727,5,15138834,2025-01-15 23:46:10,27840548398,60,庆典筹备,关于我转生变成史莱姆这档事 第三季,113818915046008
我靠，好飒的开门,1215.138,1,16777215,2025-01-15 22:50:08,27840548398,60,庆典筹备,关于我转生变成史莱姆这档事 第三季,113818915046008
萌王的不是魔王的得力亲信,1202.547,1,16777215,2025-01-15 21:51:12,27840548398,60,庆典筹备,关于我转生变成史莱姆这档事 第三季,113818915046008
还说和美人计没关系kkkk,282.962,1,16707842,2025-01-15 21:25:39,27840548398,60,庆典筹备,关于我转生变成史莱姆这档事 第三季,113818915046008
优树不是反派吗,1338.235,5,16707842,2025-01-15 20:13:42,27840548398,60,庆典筹备,关于我转生变成史莱姆这档事 第三季,113818915046008
妈呀麻花辫好萌,96.016,1,16777215,2025-01-15 19:35:49,27840548398,60,庆典筹备,关于我转生变成史莱姆这档事 第三季,113818915046008
玉子烧,282.855,1,16777215,2025-01-15 19:18:44,27840548398,60,庆典筹备,关于我转生变成史莱姆这档事 第三季,113818915046008
啥都没考虑  就是想玩,782.515,1,16777215,2025-01-15 18:26:01,27840548398,60,庆典筹备,关于我转生变成史莱姆这档事 第三季,113818915046008
精神损失费哈哈,638.162,5,16777215,2025-06-06 14:13:20,27840548398,60,庆典筹备,关于我转生变成史莱姆这档事 第三季,113818915046008
迷宫迷宫迷宫！,717.82,1,16777215,2025-03-23 17:02:18,27840548398,60,庆典筹备,关于我转生变成史莱姆这档事 第三季,113818915046008
这个是第一季21集17分的剧情,666.561,1,16777215,2025-02-25 12:49:01,27840548398,60,庆典筹备,关于我转生变成史莱姆这档事 第三季,113818915046008
社金的手腕。黑暗心理学。人心的秘密,1088.501,5,16777215,2025-02-17 03:06:15,27840548398,60,庆典筹备,关于我转生变成史莱姆这档事 第三季,113818915046008
仔细想想感觉利姆露在平时真看不出像魔王,1308.847,1,16777215,2025-02-13 22:53:45,27840548398,60,庆典筹备,关于我转生变成史莱姆这档事 第三季,113818915046008
萌王果然怎么样都可爱,26.333,5,16777215,2025-01-27 17:51:34,27840548398,60,庆典筹备,关于我转生变成史莱姆这档事 第三季,113818915046008
火漆看起来是维鲁德拉和利姆露捏~,1362.565,5,16777215,2025-01-25 23:30:33,27840548398,60,庆典筹备,关于我转生变成史莱姆这档事 第三季,113818915046008
黑暗心理学哈哈哈哈,1071.023,5,16777215,2025-01-25 19:38:05,27840548398,60,庆典筹备,关于我转生变成史莱姆这档事 第三季,113818915046008
向朋友疯狂安利说了一堆突然意识到不对的我be like（,836.357,1,16777215,2025-01-22 19:00:22,27840548398,60,庆典筹备,关于我转生变成史莱姆这档事 第三季,113818915046008
疑似内部混进黑了，老给壁画特写,553.446,1,16777215,2025-01-22 18:30:58,27840548398,60,庆典筹备,关于我转生变成史莱姆这档事 第三季,113818915046008
不缺钱不缺人，这么好的项目谁不想做啊,907.408,1,16777215,2025-01-22 07:32:41,27840548398,60,庆典筹备,关于我转生变成史莱姆这档事 第三季,113818915046008
不愿透露姓名的维鲁特拉先生,635.591,1,16777215,2025-01-22 01:45:18,27840548398,60,庆典筹备,关于我转生变成史莱姆这档事 第三季,113818915046008
我想要后面的画当壁纸有没有大神有图,672.454,1,16777215,2025-01-21 20:17:48,27840548398,60,庆典筹备,关于我转生变成史莱姆这档事 第三季,113818915046008
听着就好开心啊，满天飞的钱,1148.414,1,16777215,2025-01-18 23:10:24,27840548398,60,庆典筹备,关于我转生变成史莱姆这档事 第三季,113818915046008
来了来了，是熟悉的君主离线制doge,864.382,5,52480,2025-01-18 10:02:44,27840548398,60,庆典筹备,关于我转生变成史莱姆这档事 第三季,113818915046008
小迪:您看我那个戒指。。。。,1130.723,5,16777215,2025-01-16 21:51:49,27840548398,60,庆典筹备,关于我转生变成史莱姆这档事 第三季,113818915046008
正所谓师出有名,422.691,5,16777215,2025-01-16 21:10:34,27840548398,60,庆典筹备,关于我转生变成史莱姆这档事 第三季,113818915046008
利姆鲁大人好米啊啊啊啊啊啊啊,1054.508,5,16777215,2025-01-16 19:16:43,27840548398,60,庆典筹备,关于我转生变成史莱姆这档事 第三季,113818915046008
强欲之王,177.997,1,16777215,2025-01-16 00:29:35,27840548398,60,庆典筹备,关于我转生变成史莱姆这档事 第三季,113818915046008
你很勇哦,388.893,1,16777215,2025-01-15 19:43:02,27840548398,60,庆典筹备,关于我转生变成史莱姆这档事 第三季,113818915046008
无他自动挡,231.403,1,16777215,2025-01-15 19:17:32,27840548398,60,庆典筹备,关于我转生变成史莱姆这档事 第三季,113818915046008
这不就是“官商勾结”…,1172.45,1,16777215,2025-01-15 18:37:47,27840548398,60,庆典筹备,关于我转生变成史莱姆这档事 第三季,113818915046008
玉子烧？,265.938,5,16777215,2025-01-15 18:10:58,27840548398,60,庆典筹备,关于我转生变成史莱姆这档事 第三季,113818915046008
骨王:是的，没错，就是这样，和我预想的完全一样呀,1123.869,5,38979,2025-07-22 18:57:41,27840548398,60,庆典筹备,关于我转生变成史莱姆这档事 第三季,113818915046008
摄影师：看我干嘛，我真没收史莱姆的钱！,678.577,5,9033215,2025-03-22 17:40:46,27840548398,60,庆典筹备,关于我转生变成史莱姆这档事 第三季,113818915046008
商人可精明的呢,346.364,5,16777215,2025-03-10 04:33:15,27840548398,60,庆典筹备,关于我转生变成史莱姆这档事 第三季,113818915046008
小迪：万年！,778.203,5,16707842,2025-02-20 09:07:10,27840548398,60,庆典筹备,关于我转生变成史莱姆这档事 第三季,113818915046008
社交的脚腕,416.401,1,16777215,2025-02-05 00:57:53,27840548398,60,庆典筹备,关于我转生变成史莱姆这档事 第三季,113818915046008
逐渐迪化,1144.752,1,16777215,2025-01-16 00:48:43,27840548398,60,庆典筹备,关于我转生变成史莱姆这档事 第三季,113818915046008
美丽的魔国公主,379.06,5,16777215,2025-01-16 00:01:12,27840548398,60,庆典筹备,关于我转生变成史莱姆这档事 第三季,113818915046008
慢慢的换上了4k超清,454.322,5,16777215,2025-01-15 22:18:20,27840548398,60,庆典筹备,关于我转生变成史莱姆这档事 第三季,113818915046008
中二龙，只要给他一个中二的理由就可以了,638.178,1,16777215,2025-01-15 21:47:34,27840548398,60,庆典筹备,关于我转生变成史莱姆这档事 第三季,113818915046008
这路走的真不错啊,1211.928,5,16777215,2025-01-15 21:28:45,27840548398,60,庆典筹备,关于我转生变成史莱姆这档事 第三季,113818915046008
龙息烧烤,100.555,1,16777215,2025-01-15 20:02:55,27840548398,60,庆典筹备,关于我转生变成史莱姆这档事 第三季,113818915046008
《我可不吃美人计》,278.527,5,16776960,2025-01-15 19:27:35,27840548398,60,庆典筹备,关于我转生变成史莱姆这档事 第三季,113818915046008
进编制了,1185.472,5,16777215,2025-01-15 18:51:49,27840548398,60,庆典筹备,关于我转生变成史莱姆这档事 第三季,113818915046008
漫画版这里的萌王是很美的,401.402,5,16777215,2025-08-26 15:44:02,27840548398,60,庆典筹备,关于我转生变成史莱姆这档事 第三季,113818915046008
同意了，不用说请求了,108.072,5,16777215,2025-04-24 20:31:22,27840548398,60,庆典筹备,关于我转生变成史莱姆这档事 第三季,113818915046008
利姆露的恩情还不完,1205.745,5,16777215,2025-02-17 12:20:14,27840548398,60,庆典筹备,关于我转生变成史莱姆这档事 第三季,113818915046008
哈哈哈人都扭曲了,1373.684,1,16777215,2025-02-08 18:31:13,27840548398,60,庆典筹备,关于我转生变成史莱姆这档事 第三季,113818915046008
现代商业模式完整套过来了,1147.506,1,16777215,2025-01-30 10:48:59,27840548398,60,庆典筹备,关于我转生变成史莱姆这档事 第三季,113818915046008
好可爱呀,1012.59,1,16777215,2025-01-29 21:21:04,27840548398,60,庆典筹备,关于我转生变成史莱姆这档事 第三季,113818915046008
路又走宽啦,1201.035,1,16777215,2025-01-29 08:19:58,27840548398,60,庆典筹备,关于我转生变成史莱姆这档事 第三季,113818915046008
不是吧，这可不妙啊～,1230.107,1,16707842,2025-01-23 00:41:49,27840548398,60,庆典筹备,关于我转生变成史莱姆这档事 第三季,113818915046008
这里的不认识就是指哪怕不知道他是暴风龙也会害怕他，但他没考虑到这个世界根本没人会死这个名字，说起这个名字就一定是暴风龙,615.57,1,16777215,2025-01-21 23:56:47,27840548398,60,庆典筹备,关于我转生变成史莱姆这档事 第三季,113818915046008
谁能想到面前这位是个魔王,392.672,1,16777215,2025-01-16 23:19:36,27840548398,60,庆典筹备,关于我转生变成史莱姆这档事 第三季,113818915046008
除了消息不灵通啥都好,1282.83,1,16777215,2025-01-16 19:59:31,27840548398,60,庆典筹备,关于我转生变成史莱姆这档事 第三季,113818915046008
从某种意义上说，正幸算是萌王和维鲁德拉的二姐夫,805.424,1,16777215,2025-01-16 00:34:55,27840548398,60,庆典筹备,关于我转生变成史莱姆这档事 第三季,113818915046008
愁眉苦脸的，要哭了吗,1219.652,5,16777215,2025-01-15 21:35:47,27840548398,60,庆典筹备,关于我转生变成史莱姆这档事 第三季,113818915046008
龟烈,1086.177,5,16777215,2025-01-15 19:04:17,27840548398,60,庆典筹备,关于我转生变成史莱姆这档事 第三季,113818915046008
你就装吧,1117.685,5,16777215,2025-01-15 18:44:04,27840548398,60,庆典筹备,关于我转生变成史莱姆这档事 第三季,113818915046008
画中的故事详见第一季第21集，利姆鲁带学生们野外上课时顺路从天空龙手里救下来的商人,377.277,1,16777215,2025-08-16 16:40:21,27840548398,60,庆典筹备,关于我转生变成史莱姆这档事 第三季,113818915046008
这位商人和利姆露还有魔导王，好比宝莱坞三傻,352.714,5,16707842,2025-03-20 01:09:28,27840548398,60,庆典筹备,关于我转生变成史莱姆这档事 第三季,113818915046008
不愧是奸商,1148.961,5,41194,2025-03-17 02:15:10,27840548398,60,庆典筹备,关于我转生变成史莱姆这档事 第三季,113818915046008
长颈鹿,894.341,1,16777215,2025-02-16 02:17:00,27840548398,60,庆典筹备,关于我转生变成史莱姆这档事 第三季,113818915046008
美丽的魔物公主！,70.513,1,10546688,2025-02-09 20:48:38,27840548398,60,庆典筹备,关于我转生变成史莱姆这档事 第三季,113818915046008
日向:你再说一遍？,1097.704,1,16777215,2025-01-24 23:29:40,27840548398,60,庆典筹备,关于我转生变成史莱姆这档事 第三季,113818915046008
萌王是想趁机会确认优树是不是敌人,1360.77,1,15138834,2025-01-22 19:53:19,27840548398,60,庆典筹备,关于我转生变成史莱姆这档事 第三季,113818915046008
不愿意透露的暴风龙,579.785,1,16777215,2025-01-22 15:50:41,27840548398,60,庆典筹备,关于我转生变成史莱姆这档事 第三季,113818915046008
鸠拉大舞台，感想你就来,889.058,5,16777215,2025-01-21 16:50:07,27840548398,60,庆典筹备,关于我转生变成史莱姆这档事 第三季,113818915046008
东京巨蛋建设中哈哈哈,948.857,1,16707842,2025-01-20 21:04:55,27840548398,60,庆典筹备,关于我转生变成史莱姆这档事 第三季,113818915046008
注意，这些画面第四季才有，现在最多到建成那就结束了,190.656,1,16777215,2025-01-19 00:50:55,27840548398,60,庆典筹备,关于我转生变成史莱姆这档事 第三季,113818915046008
大半夜的，何必呢,531.496,5,16777215,2025-01-18 01:47:42,27840548398,60,庆典筹备,关于我转生变成史莱姆这档事 第三季,113818915046008
优树的目的是称霸整个世界,1347.624,1,16777215,2025-01-16 21:04:22,27840548398,60,庆典筹备,关于我转生变成史莱姆这档事 第三季,113818915046008
你居然也会对维鲁德拉加上大人这个尊称,647.383,1,16777215,2025-01-16 19:21:26,27840548398,60,庆典筹备,关于我转生变成史莱姆这档事 第三季,113818915046008
看他们聊天也挺有意思的呀,1335.468,1,16777215,2025-01-16 02:01:08,27840548398,60,庆典筹备,关于我转生变成史莱姆这档事 第三季,113818915046008
他们聊天不是挺好玩的吗？,1243.516,1,16777215,2025-01-16 00:38:04,27840548398,60,庆典筹备,关于我转生变成史莱姆这档事 第三季,113818915046008
领导现状,1117.805,1,16777215,2025-01-15 22:48:10,27840548398,60,庆典筹备,关于我转生变成史莱姆这档事 第三季,113818915046008
水门：闪光吗？,827.238,1,16777215,2025-01-15 19:40:36,27840548398,60,庆典筹备,关于我转生变成史莱姆这档事 第三季,113818915046008
好喜欢新op啊,190.553,1,16777215,2025-01-15 18:55:47,27840548398,60,庆典筹备,关于我转生变成史莱姆这档事 第三季,113818915046008
逐渐骨化,1116.77,1,16777215,2025-01-15 18:37:36,27840548398,60,庆典筹备,关于我转生变成史莱姆这档事 第三季,113818915046008
要建迷宫咯,885.916,1,16777215,2025-01-15 18:24:40,27840548398,60,庆典筹备,关于我转生变成史莱姆这档事 第三季,113818915046008
演都不演了，谁不知道维鲁德拉是暴风龙啊,566.11,1,16777215,2025-08-19 17:05:14,27840548398,60,庆典筹备,关于我转生变成史莱姆这档事 第三季,113818915046008
土木老哥经常招待甲方的那些项目吗,728.479,5,16777215,2025-03-23 08:00:35,27840548398,60,庆典筹备,关于我转生变成史莱姆这档事 第三季,113818915046008
他可能只是害怕,1285.241,1,16777215,2025-03-12 18:36:31,27840548398,60,庆典筹备,关于我转生变成史莱姆这档事 第三季,113818915046008
泡泡茶壶：我准备好了！我准备好了！,879.546,5,16777215,2025-02-22 10:03:08,27840548398,60,庆典筹备,关于我转生变成史莱姆这档事 第三季,113818915046008
我的强大，全靠你想象,1005.715,1,16777215,2025-02-12 20:09:13,27840548398,60,庆典筹备,关于我转生变成史莱姆这档事 第三季,113818915046008
这俩人完全双向奔赴啊,1148.967,1,16777215,2025-01-29 23:44:46,27840548398,60,庆典筹备,关于我转生变成史莱姆这档事 第三季,113818915046008
利姆露太可爱啦,668.04,1,16777215,2025-01-24 01:38:54,27840548398,60,庆典筹备,关于我转生变成史莱姆这档事 第三季,113818915046008
小老弟已经汗流浃背了,596.439,5,16777215,2025-01-23 19:30:26,27840548398,60,庆典筹备,关于我转生变成史莱姆这档事 第三季,113818915046008
识人术,322.992,1,16777215,2025-01-22 11:46:25,27840548398,60,庆典筹备,关于我转生变成史莱姆这档事 第三季,113818915046008
日向：区区致命伤..,1270.14,1,16777215,2025-01-18 02:03:52,27840548398,60,庆典筹备,关于我转生变成史莱姆这档事 第三季,113818915046008
某迪:尊贵的大人果然是这样……,1040.785,1,15138834,2025-01-17 19:11:45,27840548398,60,庆典筹备,关于我转生变成史莱姆这档事 第三季,113818915046008
能不能比说开会了呀 原作就是这风格的 不想看赶紧走行么,1242.563,1,16777215,2025-01-17 03:14:50,27840548398,60,庆典筹备,关于我转生变成史莱姆这档事 第三季,113818915046008
黄毛是缪尔麦尔护卫,419.486,1,16777215,2025-01-16 23:51:13,27840548398,60,庆典筹备,关于我转生变成史莱姆这档事 第三季,113818915046008
缪尔迈尔只是长得像恶人，其实是良心商人，能力也很出众,725.444,1,16777215,2025-01-16 16:44:27,27840548398,60,庆典筹备,关于我转生变成史莱姆这档事 第三季,113818915046008
商人思维还是拓展开了属于是,1139.511,1,16777215,2025-01-16 02:08:03,27840548398,60,庆典筹备,关于我转生变成史莱姆这档事 第三季,113818915046008
忠！诚！,1199.061,1,16777215,2025-01-16 01:17:14,27840548398,60,庆典筹备,关于我转生变成史莱姆这档事 第三季,113818915046008
好，我吃,235.497,5,16777215,2025-01-15 23:53:50,27840548398,60,庆典筹备,关于我转生变成史莱姆这档事 第三季,113818915046008
一提起这勇者我就想乐~  这已经不是挂的问题了，哈哈哈哈,795.55,1,16777215,2025-01-15 23:08:07,27840548398,60,庆典筹备,关于我转生变成史莱姆这档事 第三季,113818915046008
《费尽心思》,1341.586,1,16777215,2025-01-15 21:15:28,27840548398,60,庆典筹备,关于我转生变成史莱姆这档事 第三季,113818915046008
让他一个龙摆摊,577.534,5,16777215,2025-01-15 20:14:59,27840548398,60,庆典筹备,关于我转生变成史莱姆这档事 第三季,113818915046008
这个人感觉全作最吉祥物的存在哈哈哈哈哈,800.342,1,16777215,2025-01-15 19:59:37,27840548398,60,庆典筹备,关于我转生变成史莱姆这档事 第三季,113818915046008
这位可是魔国的财政大臣，而且也是个萌王吹，很多社交都是有他负责的,333.962,1,16777215,2025-01-15 19:23:42,27840548398,60,庆典筹备,关于我转生变成史莱姆这档事 第三季,113818915046008
超喜欢这个OP，很欢乐,123.175,1,16740868,2025-01-15 19:21:09,27840548398,60,庆典筹备,关于我转生变成史莱姆这档事 第三季,113818915046008
利姆露の粉丝+1,893.988,5,16777215,2025-01-15 18:38:09,27840548398,60,庆典筹备,关于我转生变成史莱姆这档事 第三季,113818915046008
酣畅漓淋的二人会议,1019.738,1,16777215,2025-01-15 18:25:25,27840548398,60,庆典筹备,关于我转生变成史莱姆这档事 第三季,113818915046008
又来国王直聘了,1167.282,5,16777215,2026-01-03 01:32:33,27840548398,60,庆典筹备,关于我转生变成史莱姆这档事 第三季,113818915046008
表面功夫还是要做一下的,1337.679,5,16777215,2025-08-24 12:10:06,27840548398,60,庆典筹备,关于我转生变成史莱姆这档事 第三季,113818915046008
到了缪尔君这种程度无法拒绝的。掌握的资金量根本不是一个级别。,1177.197,5,16777215,2025-08-24 12:05:45,27840548398,60,庆典筹备,关于我转生变成史莱姆这档事 第三季,113818915046008
这下我对朱莱更加一心一意了,233.046,5,16750487,2025-05-28 20:50:33,27840548398,60,庆典筹备,关于我转生变成史莱姆这档事 第三季,113818915046008
嘴长自己身上,1122.371,5,16755202,2025-05-10 11:48:07,27840548398,60,庆典筹备,关于我转生变成史莱姆这档事 第三季,113818915046008
我看这部分很温馨很舒服啊，天天打架不累么,1256.423,1,16777215,2025-03-31 19:38:30,27840548398,60,庆典筹备,关于我转生变成史莱姆这档事 第三季,113818915046008
甲乙方一条船能不开心吗,1076.882,1,16777215,2025-03-25 05:21:45,27840548398,60,庆典筹备,关于我转生变成史莱姆这档事 第三季,113818915046008
小狐狸要出来啦,147.026,1,16777215,2025-03-23 19:14:28,27840548398,60,庆典筹备,关于我转生变成史莱姆这档事 第三季,113818915046008
作者很满意后面那幅画,680.891,5,16777215,2025-03-21 11:25:37,27840548398,60,庆典筹备,关于我转生变成史莱姆这档事 第三季,113818915046008
救了老命的恩人可不就是神吗，而且说话又好听,450.014,1,16777215,2025-03-10 23:59:16,27840548398,60,庆典筹备,关于我转生变成史莱姆这档事 第三季,113818915046008
猪人作为战败国，当苦力很正常啦，但好在站对队了熬出来就是基建大队长,894.781,1,16777215,2025-03-06 20:00:52,27840548398,60,庆典筹备,关于我转生变成史莱姆这档事 第三季,113818915046008
猪猪们恨不得多干点活 因为利姆鲁给予了他们生存的希望食物,1042.185,1,16777215,2025-02-20 17:19:50,27840548398,60,庆典筹备,关于我转生变成史莱姆这档事 第三季,113818915046008
这段的利姆露还是漫画里更漂亮,452.755,1,16777215,2025-02-05 20:59:57,27840548398,60,庆典筹备,关于我转生变成史莱姆这档事 第三季,113818915046008
穿越者遍地走即视感,216.861,1,16777215,2025-02-04 17:45:25,27840548398,60,庆典筹备,关于我转生变成史莱姆这档事 第三季,113818915046008
对了，周围还可以再买一些炒粉什么的，光吃烧烤不够，还有主食。,540.995,5,15138834,2025-02-03 01:16:15,27840548398,60,庆典筹备,关于我转生变成史莱姆这档事 第三季,113818915046008
真的好好笑，这个大叔的内心独白。,358.723,1,16777215,2025-02-02 15:57:49,27840548398,60,庆典筹备,关于我转生变成史莱姆这档事 第三季,113818915046008
外置大脑已启动,994.977,5,16777215,2025-01-29 19:16:33,27840548398,60,庆典筹备,关于我转生变成史莱姆这档事 第三季,113818915046008
  扑  克  脸  ,646.662,5,16707842,2025-01-26 15:49:53,27840548398,60,庆典筹备,关于我转生变成史莱姆这档事 第三季,113818915046008
燃起来啦,1152.24,5,16646914,2025-01-25 21:15:26,27840548398,60,庆典筹备,关于我转生变成史莱姆这档事 第三季,113818915046008
猪猪：来活了,924.414,5,15138834,2025-01-24 12:04:38,27840548398,60,庆典筹备,关于我转生变成史莱姆这档事 第三季,113818915046008
BOSS直聘,1196.472,1,16777215,2025-01-23 18:58:39,27840548398,60,庆典筹备,关于我转生变成史莱姆这档事 第三季,113818915046008
太可爱了这个商人,681.117,1,16777215,2025-01-19 17:25:45,27840548398,60,庆典筹备,关于我转生变成史莱姆这档事 第三季,113818915046008
又是我喜欢的扮猪吃老虎环节,405.497,1,16777215,2025-01-17 11:56:34,27840548398,60,庆典筹备,关于我转生变成史莱姆这档事 第三季,113818915046008
利姆露的恩情还不完,436.221,5,6830715,2025-01-17 10:23:37,27840548398,60,庆典筹备,关于我转生变成史莱姆这档事 第三季,113818915046008
是，首相,1191.507,5,16777215,2025-01-17 10:20:09,27840548398,60,庆典筹备,关于我转生变成史莱姆这档事 第三季,113818915046008
一个大学差不多都5W人了，也就一场运动会的事，2000年前的罗马斗兽场最高9W人,932.132,1,16777215,2025-01-16 16:23:14,27840548398,60,庆典筹备,关于我转生变成史莱姆这档事 第三季,113818915046008
开会王，我当定了！,18.582,5,16777215,2025-01-16 12:09:26,27840548398,60,庆典筹备,关于我转生变成史莱姆这档事 第三季,113818915046008
恶代官与恶德商人,1076.635,1,16777215,2025-01-16 01:45:39,27840548398,60,庆典筹备,关于我转生变成史莱姆这档事 第三季,113818915046008
这里的不认识指的应该是不了解维鲁德拉真正“德行”吧…,611.555,1,16777215,2025-01-15 22:11:32,27840548398,60,庆典筹备,关于我转生变成史莱姆这档事 第三季,113818915046008
骨王化,1120.99,1,16777215,2025-01-15 19:33:12,27840548398,60,庆典筹备,关于我转生变成史莱姆这档事 第三季,113818915046008
敢动缪尔迈尔的大恩人，路走窄了,400.226,5,16707842,2025-01-15 19:24:30,27840548398,60,庆典筹备,关于我转生变成史莱姆这档事 第三季,113818915046008
官方疑似换个形式开会哈,737.617,1,16777215,2025-01-15 19:09:47,27840548398,60,庆典筹备,关于我转生变成史莱姆这档事 第三季,113818915046008
麻花辫好看,39.682,5,16777215,2025-01-15 18:43:59,27840548398,60,庆典筹备,关于我转生变成史莱姆这档事 第三季,113818915046008
承包空屏,510.952,1,16777215,2025-01-15 18:31:05,27840548398,60,庆典筹备,关于我转生变成史莱姆这档事 第三季,113818915046008
腾格尔,276.218,5,16707842,2025-01-15 18:24:44,27840548398,60,庆典筹备,关于我转生变成史莱姆这档事 第三季,113818915046008
逐渐离谱加骨王化,1137.544,1,16777215,2025-01-15 18:24:36,27840548398,60,庆典筹备,关于我转生变成史莱姆这档事 第三季,113818915046008
真拿龙息烤的？,176.475,5,16777215,2025-01-15 18:05:19,27840548398,60,庆典筹备,关于我转生变成史莱姆这档事 第三季,113818915046008
美丽的魔国公主,669.82,5,16777215,2025-09-08 12:50:06,27840548398,60,庆典筹备,关于我转生变成史莱姆这档事 第三季,113818915046008
这个世界观魔王真的只是一份工作……,1310.856,1,16777215,2025-06-12 11:55:30,27840548398,60,庆典筹备,关于我转生变成史莱姆这档事 第三季,113818915046008
有大场馆，再办运动会、演唱会、漫展什么的都方便,856.596,5,41194,2025-04-11 22:29:27,27840548398,60,庆典筹备,关于我转生变成史莱姆这档事 第三季,113818915046008
震惊哥们一整年,569.243,5,41194,2025-04-11 22:21:15,27840548398,60,庆典筹备,关于我转生变成史莱姆这档事 第三季,113818915046008
暴风龙，魔王米莉姆，原初之黑，哇塞,1377.184,1,16777215,2025-04-03 03:10:57,27840548398,60,庆典筹备,关于我转生变成史莱姆这档事 第三季,113818915046008
上一辈子他其实也很受后辈爱戴啊,1207.724,1,16777215,2025-03-30 23:30:44,27840548398,60,庆典筹备,关于我转生变成史莱姆这档事 第三季,113818915046008
五小只：我要疯,589.89,1,16777215,2025-03-21 14:48:28,27840548398,60,庆典筹备,关于我转生变成史莱姆这档事 第三季,113818915046008
可爱的转场,1214.169,5,16777215,2025-03-15 18:57:15,27840548398,60,庆典筹备,关于我转生变成史莱姆这档事 第三季,113818915046008
很难想象这是魔王,1074.177,1,16777215,2025-03-09 15:01:30,27840548398,60,庆典筹备,关于我转生变成史莱姆这档事 第三季,113818915046008
我太想进部了,1196.215,5,15138834,2025-03-05 21:35:40,27840548398,60,庆典筹备,关于我转生变成史莱姆这档事 第三季,113818915046008
我独自开会,1330.903,1,16777215,2025-02-20 14:58:02,27840548398,60,庆典筹备,关于我转生变成史莱姆这档事 第三季,113818915046008
op暴露了红丸的后期状态哈哈哈,170.705,1,16777215,2025-02-13 09:48:20,27840548398,60,庆典筹备,关于我转生变成史莱姆这档事 第三季,113818915046008
跟圈外人朋友聊我推belike,815.41,1,16777215,2025-02-09 17:17:43,27840548398,60,庆典筹备,关于我转生变成史莱姆这档事 第三季,113818915046008
 哥壁画发我一份，我想要。,670.462,1,16777215,2025-02-07 00:24:15,27840548398,60,庆典筹备,关于我转生变成史莱姆这档事 第三季,113818915046008
实际上心里:快走啊，再不走就走不了了,451.026,1,16777215,2025-02-04 19:43:36,27840548398,60,庆典筹备,关于我转生变成史莱姆这档事 第三季,113818915046008
社交的手腕。,300.202,5,16777215,2025-01-30 20:22:56,27840548398,60,庆典筹备,关于我转生变成史莱姆这档事 第三季,113818915046008
(˃ ⌑ ˂ഃ )美丽的魔族公主～,382.97,1,16777215,2025-01-29 21:09:08,27840548398,60,庆典筹备,关于我转生变成史莱姆这档事 第三季,113818915046008
美丽的魔物公主,1065.202,1,16777215,2025-01-27 01:38:15,27840548398,60,庆典筹备,关于我转生变成史莱姆这档事 第三季,113818915046008
奥西里斯的天空龙（幼年版）,746.362,5,15138834,2025-01-25 21:36:12,27840548398,60,庆典筹备,关于我转生变成史莱姆这档事 第三季,113818915046008
逐渐迪化,998.392,5,16777215,2025-01-18 14:02:20,27840548398,60,庆典筹备,关于我转生变成史莱姆这档事 第三季,113818915046008
言下之意就是建一个东京巨蛋呗，刚好五万人哈哈,918.777,1,16777215,2025-01-17 00:54:44,27840548398,60,庆典筹备,关于我转生变成史莱姆这档事 第三季,113818915046008
决斗场来一个暴风龙vs暴君,1302.14,1,16777215,2025-01-16 20:28:40,27840548398,60,庆典筹备,关于我转生变成史莱姆这档事 第三季,113818915046008
要引入迷宫机制，否则真会死人的,1106.328,1,16777215,2025-01-16 19:15:01,27840548398,60,庆典筹备,关于我转生变成史莱姆这档事 第三季,113818915046008
“我研究了一份好吃的料理”,78.374,1,16777215,2025-01-16 09:37:55,27840548398,60,庆典筹备,关于我转生变成史莱姆这档事 第三季,113818915046008
下一集：各国的开会,1478.709,5,16777215,2025-01-16 00:28:56,27840548398,60,庆典筹备,关于我转生变成史莱姆这档事 第三季,113818915046008
龙息烤铁板烧是吧,582.123,1,16777215,2025-01-15 22:49:48,27840548398,60,庆典筹备,关于我转生变成史莱姆这档事 第三季,113818915046008
不就是鸡蛋卷吗。。。 能好吃到哪去。。,270.96,1,16777215,2025-01-15 22:06:11,27840548398,60,庆典筹备,关于我转生变成史莱姆这档事 第三季,113818915046008
我美丽的魔物公主,679.405,1,16777215,2025-01-15 21:53:07,27840548398,60,庆典筹备,关于我转生变成史莱姆这档事 第三季,113818915046008
好美！,1431.501,1,16777215,2025-01-15 20:32:24,27840548398,60,庆典筹备,关于我转生变成史莱姆这档事 第三季,113818915046008
每次过来都吓他一跳,1225.328,1,16777215,2025-01-15 18:47:55,27840548398,60,庆典筹备,关于我转生变成史莱姆这档事 第三季,113818915046008
老板你脸红个泡泡茶壶✪ω✪,1071.508,5,16777215,2025-01-15 18:42:00,27840548398,60,庆典筹备,关于我转生变成史莱姆这档事 第三季,113818915046008
啊啊啊！我一天没吃饭！能不能别说了！！！,522.669,5,41194,2025-01-15 18:34:21,27840548398,60,庆典筹备,关于我转生变成史莱姆这档事 第三季,113818915046008
芙宁娜新工作,849.219,1,16777215,2025-01-15 18:30:18,27840548398,60,庆典筹备,关于我转生变成史莱姆这档事 第三季,113818915046008
能看出来，这是真粉丝,821.455,1,16777215,2025-01-15 18:17:24,27840548398,60,庆典筹备,关于我转生变成史莱姆这档事 第三季,113818915046008
承包空屏,184.401,1,16777215,2025-01-15 18:16:19,27840548398,60,庆典筹备,关于我转生变成史莱姆这档事 第三季,113818915046008
我吃啊,233.704,5,16777215,2025-01-15 18:06:48,27840548398,60,庆典筹备,关于我转生变成史莱姆这档事 第三季,113818915046008
利姆露：补兑！,83.61,5,41194,2025-01-15 18:05:58,27840548398,60,庆典筹备,关于我转生变成史莱姆这档事 第三季,113818915046008
萌王：在经济上你就是总统，大胆去做,1187.307,5,16777215,2025-04-29 10:41:40,27840548398,60,庆典筹备,关于我转生变成史莱姆这档事 第三季,113818915046008
获得技能商业之王,1146.502,1,16777215,2025-04-26 18:22:23,27840548398,60,庆典筹备,关于我转生变成史莱姆这档事 第三季,113818915046008
利姆鲁的傻笑,452.697,5,41194,2025-04-24 22:04:06,27840548398,60,庆典筹备,关于我转生变成史莱姆这档事 第三季,113818915046008
AAA施工队长猪哥,963.713,1,16777215,2025-03-20 16:13:32,27840548398,60,庆典筹备,关于我转生变成史莱姆这档事 第三季,113818915046008
补豪,337.507,5,16777215,2025-03-15 20:47:42,27840548398,60,庆典筹备,关于我转生变成史莱姆这档事 第三季,113818915046008
这下进编制当吕不韦了,1198.691,1,16777215,2025-03-12 20:20:20,27840548398,60,庆典筹备,关于我转生变成史莱姆这档事 第三季,113818915046008
一条龙式的旅游业啊,995.666,5,16777215,2025-03-05 23:39:24,27840548398,60,庆典筹备,关于我转生变成史莱姆这档事 第三季,113818915046008
朱菜使用了技能“少女的请求”，效果拔群,235.43,5,16777215,2025-03-03 23:32:34,27840548398,60,庆典筹备,关于我转生变成史莱姆这档事 第三季,113818915046008
对他来说就是没人敢搞他了你想想直属上司是魔王,1208.732,1,16777215,2025-02-23 08:02:08,27840548398,60,庆典筹备,关于我转生变成史莱姆这档事 第三季,113818915046008
前边网王乾,52.839,1,16777215,2025-02-19 21:04:32,27840548398,60,庆典筹备,关于我转生变成史莱姆这档事 第三季,113818915046008
187位同学，开会了！,29.63,1,16777215,2025-02-10 21:23:48,27840548398,60,庆典筹备,关于我转生变成史莱姆这档事 第三季,113818915046008
这不就是奥运会吗？,995.815,5,16777215,2025-02-09 15:21:24,27840548398,60,庆典筹备,关于我转生变成史莱姆这档事 第三季,113818915046008
老板:我教他?你认真的,571.897,1,16777215,2025-02-09 05:18:00,27840548398,60,庆典筹备,关于我转生变成史莱姆这档事 第三季,113818915046008
只要萌王是人的样子特别美丽，我就可以一直看,1268.946,1,16777215,2025-02-05 18:06:03,27840548398,60,庆典筹备,关于我转生变成史莱姆这档事 第三季,113818915046008
这个奴隶开店的是从优树那里买的人，后面被三小只发现了吧,328.572,1,16777215,2025-01-28 10:17:55,27840548398,60,庆典筹备,关于我转生变成史莱姆这档事 第三季,113818915046008
不吃你脸红个泡泡茶壶啊！！！,246.207,5,16777215,2025-01-26 21:22:19,27840548398,60,庆典筹备,关于我转生变成史莱姆这档事 第三季,113818915046008
是个好人啊,592.076,1,16777215,2025-01-25 11:52:20,27840548398,60,庆典筹备,关于我转生变成史莱姆这档事 第三季,113818915046008
前方高能预警,312.258,1,16777215,2025-01-22 23:07:22,27840548398,60,庆典筹备,关于我转生变成史莱姆这档事 第三季,113818915046008
天下第一武道大会,860.94,1,16777215,2025-01-19 22:34:14,27840548398,60,庆典筹备,关于我转生变成史莱姆这档事 第三季,113818915046008
 俗称黑老大,471.527,1,16777215,2025-01-18 08:28:15,27840548398,60,庆典筹备,关于我转生变成史莱姆这档事 第三季,113818915046008
这不水吧，没有这个过度的话，没看漫画的人也不知道详细的,1077.69,1,16777215,2025-01-18 00:13:35,27840548398,60,庆典筹备,关于我转生变成史莱姆这档事 第三季,113818915046008
只要你足够幸运，你就能摇到秒你对手的外援,813.83,1,16777215,2025-01-17 23:35:04,27840548398,60,庆典筹备,关于我转生变成史莱姆这档事 第三季,113818915046008
公主逗恶龙,456.017,1,16777215,2025-01-17 23:15:14,27840548398,60,庆典筹备,关于我转生变成史莱姆这档事 第三季,113818915046008
请君勿死,1103.236,1,16777215,2025-01-17 13:26:55,27840548398,60,庆典筹备,关于我转生变成史莱姆这档事 第三季,113818915046008
奸商三巨头,1074.751,1,16777215,2025-01-17 12:30:12,27840548398,60,庆典筹备,关于我转生变成史莱姆这档事 第三季,113818915046008
小子你路走了个康庄大道,1205.861,1,16777215,2025-01-16 17:53:55,27840548398,60,庆典筹备,关于我转生变成史莱姆这档事 第三季,113818915046008
美丽的魔物公主！,46.313,5,16777215,2025-01-16 11:34:22,27840548398,60,庆典筹备,关于我转生变成史莱姆这档事 第三季,113818915046008
优树在小说里几乎洗白了已经,202.045,1,16777215,2025-01-16 07:53:59,27840548398,60,庆典筹备,关于我转生变成史莱姆这档事 第三季,113818915046008
猪猪绝对是开创造建的,939.358,1,16777215,2025-01-16 07:24:28,27840548398,60,庆典筹备,关于我转生变成史莱姆这档事 第三季,113818915046008
无他，维什戴尔,205.837,5,16777215,2025-01-15 22:05:21,27840548398,60,庆典筹备,关于我转生变成史莱姆这档事 第三季,113818915046008
你也是个魔王啊,1237.659,1,16777215,2025-01-15 21:52:13,27840548398,60,庆典筹备,关于我转生变成史莱姆这档事 第三季,113818915046008
真正的男主：正幸,805.186,1,16777215,2025-01-15 20:10:52,27840548398,60,庆典筹备,关于我转生变成史莱姆这档事 第三季,113818915046008
救了他一命属于是,437.633,1,16777215,2025-01-15 19:37:04,27840548398,60,庆典筹备,关于我转生变成史莱姆这档事 第三季,113818915046008
逐渐迪化2333,1121.029,1,16777215,2025-01-15 19:32:19,27840548398,60,庆典筹备,关于我转生变成史莱姆这档事 第三季,113818915046008
食人树,334.972,5,16777215,2025-01-15 19:21:07,27840548398,60,庆典筹备,关于我转生变成史莱姆这档事 第三季,113818915046008
不儿？还在开？,1091.631,1,16777215,2025-01-15 19:17:01,27840548398,60,庆典筹备,关于我转生变成史莱姆这档事 第三季,113818915046008
王的请柬由你来代交，你的请柬我亲手送达,1305.359,1,16777215,2025-11-08 10:28:46,27840548398,60,庆典筹备,关于我转生变成史莱姆这档事 第三季,113818915046008
现在你别看他怕中二龙，他日后管财政，中二龙乱花钱天天被他骂 doge,656.738,1,16646914,2025-09-06 22:34:09,27840548398,60,庆典筹备,关于我转生变成史莱姆这档事 第三季,113818915046008
这该不会是蕾茵画的吧，我记得蕾茵虽然是奇伊那边的恶魔女仆，但是很喜欢这些,381.204,1,16777215,2025-08-12 10:14:22,27840548398,60,庆典筹备,关于我转生变成史莱姆这档事 第三季,113818915046008
他真的在试图教会我们怎么治理国家,1012.296,1,16777215,2025-07-11 20:18:42,27840548398,60,庆典筹备,关于我转生变成史莱姆这档事 第三季,113818915046008
如果萌王还是前世的样子我都不敢想现在多搞笑,1073.034,1,16707842,2025-05-17 01:50:31,27840548398,60,庆典筹备,关于我转生变成史莱姆这档事 第三季,113818915046008
BOSS直聘,1218.11,1,16777215,2025-04-10 02:22:52,27840548398,60,庆典筹备,关于我转生变成史莱姆这档事 第三季,113818915046008
财务大臣来了,322.451,5,16777215,2025-03-24 12:43:53,27840548398,60,庆典筹备,关于我转生变成史莱姆这档事 第三季,113818915046008
真开铁板烧啊，哈哈哈哈哈哈哈,176.744,1,16777215,2025-03-23 19:15:38,27840548398,60,庆典筹备,关于我转生变成史莱姆这档事 第三季,113818915046008
你这小子现在变的意外纯良啊,63.826,5,16777215,2025-03-10 04:28:23,27840548398,60,庆典筹备,关于我转生变成史莱姆这档事 第三季,113818915046008
泡泡茶壶：我就说提前来有用吧！,1067.976,5,16777215,2025-02-22 10:06:52,27840548398,60,庆典筹备,关于我转生变成史莱姆这档事 第三季,113818915046008
汀完辣！嚎汀！自动档的朋友们快划回去汀！,206.716,5,16777215,2025-02-22 09:51:28,27840548398,60,庆典筹备,关于我转生变成史莱姆这档事 第三季,113818915046008
啊？我么，肯定想到了。。。的,1112.865,1,16777215,2025-02-21 16:12:06,27840548398,60,庆典筹备,关于我转生变成史莱姆这档事 第三季,113818915046008
优树算是中期Boss但怎么说呢，不能算是萌王最大的敌人,1345.599,1,16777215,2025-02-20 23:00:32,27840548398,60,庆典筹备,关于我转生变成史莱姆这档事 第三季,113818915046008
这集很有意思啊，种田流就是这样的,1338.437,1,16777215,2025-02-19 16:44:42,27840548398,60,庆典筹备,关于我转生变成史莱姆这档事 第三季,113818915046008
好兴奋啊，已经看见钱了,1156.277,1,16777215,2025-02-19 16:41:25,27840548398,60,庆典筹备,关于我转生变成史莱姆这档事 第三季,113818915046008
汗流浃背了哈哈哈哈哈,576.363,1,16777215,2025-02-12 12:41:56,27840548398,60,庆典筹备,关于我转生变成史莱姆这档事 第三季,113818915046008
人类被利姆鲁赐名也会得到成长 大概率会获得稀有技能,1223.13,1,16777215,2025-02-07 23:51:38,27840548398,60,庆典筹备,关于我转生变成史莱姆这档事 第三季,113818915046008
禁止参赛，谢谢！,851.571,5,41194,2025-02-03 01:23:09,27840548398,60,庆典筹备,关于我转生变成史莱姆这档事 第三季,113818915046008
两枚奸商,1068.498,1,16777215,2025-01-29 23:43:04,27840548398,60,庆典筹备,关于我转生变成史莱姆这档事 第三季,113818915046008
商人大哥真的好讨喜,856.39,1,16777215,2025-01-22 07:31:36,27840548398,60,庆典筹备,关于我转生变成史莱姆这档事 第三季,113818915046008
让个龙摆摊！你舅宠它吧,589.779,1,16777215,2025-01-21 16:39:07,27840548398,60,庆典筹备,关于我转生变成史莱姆这档事 第三季,113818915046008
规划好区域，小老弟配二哈还是能保护好的,767.505,5,15138834,2025-01-19 23:21:56,27840548398,60,庆典筹备,关于我转生变成史莱姆这档事 第三季,113818915046008
又一个穿越者!?,214.707,5,16777215,2025-01-19 13:42:04,27840548398,60,庆典筹备,关于我转生变成史莱姆这档事 第三季,113818915046008
眼神坚定的像是要入党,681.428,1,16777215,2025-01-18 21:02:10,27840548398,60,庆典筹备,关于我转生变成史莱姆这档事 第三季,113818915046008
小说里这画被没收了吧,561.062,1,16777215,2025-01-18 01:13:33,27840548398,60,庆典筹备,关于我转生变成史莱姆这档事 第三季,113818915046008
利姆鲁的恩情还不完,911.385,1,16777215,2025-01-17 21:43:28,27840548398,60,庆典筹备,关于我转生变成史莱姆这档事 第三季,113818915046008
伴君如伴虎啊,584.126,1,16777215,2025-01-17 21:35:21,27840548398,60,庆典筹备,关于我转生变成史莱姆这档事 第三季,113818915046008
新op的动画有点抽象啊，好像看懂了，但又好像没看懂。,160.331,1,16777215,2025-01-17 01:28:17,27840548398,60,庆典筹备,关于我转生变成史莱姆这档事 第三季,113818915046008
开个史士尼和史莱姆环球,721.8,1,16777215,2025-01-16 23:33:52,27840548398,60,庆典筹备,关于我转生变成史莱姆这档事 第三季,113818915046008
原来是king，我还以为是福莱士,824.224,5,16777215,2025-01-16 16:49:25,27840548398,60,庆典筹备,关于我转生变成史莱姆这档事 第三季,113818915046008
哈哈哈也没说让他说啊,816.738,5,16777215,2025-01-16 16:29:18,27840548398,60,庆典筹备,关于我转生变成史莱姆这档事 第三季,113818915046008
社交的手腕,1080.098,1,16777215,2025-01-16 12:49:00,27840548398,60,庆典筹备,关于我转生变成史莱姆这档事 第三季,113818915046008
可爱！,1212.588,5,16777215,2025-01-16 11:59:14,27840548398,60,庆典筹备,关于我转生变成史莱姆这档事 第三季,113818915046008
哦，就是闪光的king？,828.999,5,16777215,2025-01-16 10:57:08,27840548398,60,庆典筹备,关于我转生变成史莱姆这档事 第三季,113818915046008
天下第一武道会,1027.7,1,16777215,2025-01-16 08:19:21,27840548398,60,庆典筹备,关于我转生变成史莱姆这档事 第三季,113818915046008
经济胜利，文化胜利，科技胜利（）,721.667,1,16777215,2025-01-16 03:44:50,27840548398,60,庆典筹备,关于我转生变成史莱姆这档事 第三季,113818915046008
就没拔过剑，哪来的剑光23333333,820.511,1,16777215,2025-01-16 02:02:12,27840548398,60,庆典筹备,关于我转生变成史莱姆这档事 第三季,113818915046008
感觉这一集好灵动啊,1274.246,1,16777215,2025-01-16 01:19:45,27840548398,60,庆典筹备,关于我转生变成史莱姆这档事 第三季,113818915046008
营业笑容面具~,293.133,5,16777215,2025-01-16 01:11:03,27840548398,60,庆典筹备,关于我转生变成史莱姆这档事 第三季,113818915046008
奇观误国啊,716.277,1,16777215,2025-01-16 01:05:33,27840548398,60,庆典筹备,关于我转生变成史莱姆这档事 第三季,113818915046008
这段会议好歹说的很清楚，以前的会巴拉巴拉半天我都不知道他们要做啥,1048.836,1,16777215,2025-01-16 00:48:51,27840548398,60,庆典筹备,关于我转生变成史莱姆这档事 第三季,113818915046008
奸商拉满了,1147.018,1,16777215,2025-01-16 00:37:18,27840548398,60,庆典筹备,关于我转生变成史莱姆这档事 第三季,113818915046008
骨王和小迪是吧,1137.667,1,16777215,2025-01-16 00:11:17,27840548398,60,庆典筹备,关于我转生变成史莱姆这档事 第三季,113818915046008
紫苑：我要举办利姆露大人风味庆典小吃试吃大会,83.031,1,16777215,2025-01-15 23:59:08,27840548398,60,庆典筹备,关于我转生变成史莱姆这档事 第三季,113818915046008
BOSS直聘,1187.175,1,16777215,2025-01-15 23:50:11,27840548398,60,庆典筹备,关于我转生变成史莱姆这档事 第三季,113818915046008
繆麦尔是魔国财政大臣啊，当然是有实力了,332.083,1,16777215,2025-01-15 21:16:45,27840548398,60,庆典筹备,关于我转生变成史莱姆这档事 第三季,113818915046008
这新OP是真好听啊,157.009,1,16777215,2025-01-15 21:12:50,27840548398,60,庆典筹备,关于我转生变成史莱姆这档事 第三季,113818915046008
笑死我了哈哈哈哈哈哈哈,572.349,1,16777215,2025-01-15 21:08:51,27840548398,60,庆典筹备,关于我转生变成史莱姆这档事 第三季,113818915046008
他好勇啊！,391.325,1,16776960,2025-01-15 20:12:43,27840548398,60,庆典筹备,关于我转生变成史莱姆这档事 第三季,113818915046008
BOSS直聘,1193.167,5,16776960,2025-01-15 19:52:21,27840548398,60,庆典筹备,关于我转生变成史莱姆这档事 第三季,113818915046008
自己吓自己~,1210.429,1,4351678,2025-01-15 19:24:53,27840548398,60,庆典筹备,关于我转生变成史莱姆这档事 第三季,113818915046008
商业部文旅部部长,1181.92,5,16777215,2025-01-15 19:00:10,27840548398,60,庆典筹备,关于我转生变成史莱姆这档事 第三季,113818915046008
漫画这里萌王好美,362.629,1,16777215,2025-01-15 18:08:27,27840548398,60,庆典筹备,关于我转生变成史莱姆这档事 第三季,113818915046008
?你小子不会住意打萌王身上了吧,397.595,5,16646914,2026-01-07 18:15:12,27840548398,60,庆典筹备,关于我转生变成史莱姆这档事 第三季,113818915046008
小知识：交谈时比起面对面，并肩坐会使氛围更轻松，事情更好谈,880.316,1,16707842,2025-08-27 20:52:25,27840548398,60,庆典筹备,关于我转生变成史莱姆这档事 第三季,113818915046008
猪猪可是有15万人，这么说，萌王国家得有接近20w吧？,936.85,5,16777215,2025-07-12 00:20:17,27840548398,60,庆典筹备,关于我转生变成史莱姆这档事 第三季,113818915046008
猪猪以前可是天天饿死一堆的 工作生活反而是他们梦寐以求的,971.888,1,16777215,2025-05-13 11:51:30,27840548398,60,庆典筹备,关于我转生变成史莱姆这档事 第三季,113818915046008
史皇帝,1209.188,5,15138834,2025-05-05 21:06:21,27840548398,60,庆典筹备,关于我转生变成史莱姆这档事 第三季,113818915046008
无座真正名称叫“无固定座位”，所以说暂时没人坐的位置其实是可以坐的,975.667,1,16777215,2025-04-30 17:48:53,27840548398,60,庆典筹备,关于我转生变成史莱姆这档事 第三季,113818915046008
魔王指的是可以对人类造成巨大损害的生物，本质是为了让人类更加团结的存在,1314.766,1,16777215,2025-04-20 18:27:24,27840548398,60,庆典筹备,关于我转生变成史莱姆这档事 第三季,113818915046008
汉堡嗝,541.341,1,16777215,2025-04-19 16:26:13,27840548398,60,庆典筹备,关于我转生变成史莱姆这档事 第三季,113818915046008
国王直聘！,221.951,5,16707842,2025-04-11 22:11:57,27840548398,60,庆典筹备,关于我转生变成史莱姆这档事 第三季,113818915046008
美丽的魔族公主,1224.702,1,16777215,2025-03-30 22:13:24,27840548398,60,庆典筹备,关于我转生变成史莱姆这档事 第三季,113818915046008
其实仨魔王（利姆露，米莉姆，拉米莉丝）+一龙种（维鲁多拉）,1381.905,1,16777215,2025-03-19 13:27:48,27840548398,60,庆典筹备,关于我转生变成史莱姆这档事 第三季,113818915046008
史王我太想进步了,1194.018,1,16777215,2025-03-15 19:54:42,27840548398,60,庆典筹备,关于我转生变成史莱姆这档事 第三季,113818915046008
两大魔王铁板烧何德何能,173.117,1,16777215,2025-03-13 22:45:10,27840548398,60,庆典筹备,关于我转生变成史莱姆这档事 第三季,113818915046008
骨王化了,1124.36,1,16777215,2025-03-08 19:58:31,27840548398,60,庆典筹备,关于我转生变成史莱姆这档事 第三季,113818915046008
终于找到理由了！！,409.848,1,16777215,2025-03-08 08:44:25,27840548398,60,庆典筹备,关于我转生变成史莱姆这档事 第三季,113818915046008
最后他没想过就是眼前这个人招来的,1252.178,5,16777215,2025-03-05 00:44:24,27840548398,60,庆典筹备,关于我转生变成史莱姆这档事 第三季,113818915046008
伴君如伴龙啊（,585.788,1,16777215,2025-03-04 13:18:48,27840548398,60,庆典筹备,关于我转生变成史莱姆这档事 第三季,113818915046008
漫画版的变大的萌王,380.814,5,16777215,2025-03-03 23:35:08,27840548398,60,庆典筹备,关于我转生变成史莱姆这档事 第三季,113818915046008
找到借口了，哈哈哈,403.405,1,16777215,2025-03-03 14:55:50,27840548398,60,庆典筹备,关于我转生变成史莱姆这档事 第三季,113818915046008
导师招研究生了,48.726,1,16777215,2025-02-28 22:56:03,27840548398,60,庆典筹备,关于我转生变成史莱姆这档事 第三季,113818915046008
 太上老君和孙悟空.jpg,1075.226,5,16777215,2025-02-23 20:55:26,27840548398,60,庆典筹备,关于我转生变成史莱姆这档事 第三季,113818915046008
因为这个提议，整个作品里最好看的迷宫篇要开场了,857.6,1,16777215,2025-02-18 20:32:12,27840548398,60,庆典筹备,关于我转生变成史莱姆这档事 第三季,113818915046008
自己给自己递台阶,239.692,1,16777215,2025-02-16 18:51:53,27840548398,60,庆典筹备,关于我转生变成史莱姆这档事 第三季,113818915046008
《猪人:我到底事不事人啊》,884.159,1,16777215,2025-02-16 18:21:53,27840548398,60,庆典筹备,关于我转生变成史莱姆这档事 第三季,113818915046008
看这番就是看文戏来的，武戏太爽了，硬凑几个高战力成龙珠了,1262.205,1,15138834,2025-02-11 12:14:18,27840548398,60,庆典筹备,关于我转生变成史莱姆这档事 第三季,113818915046008
萌王这个发型是真好看,155.315,1,16777215,2025-02-09 23:30:01,27840548398,60,庆典筹备,关于我转生变成史莱姆这档事 第三季,113818915046008
已经知道他出卖萌王了，但不知道他是幕后黑手,1365.116,1,16777215,2025-02-08 18:55:24,27840548398,60,庆典筹备,关于我转生变成史莱姆这档事 第三季,113818915046008
食人树，社交的手腕，人性的秘密，暗黑心理学,308.14,1,16777215,2025-02-07 13:36:20,27840548398,60,庆典筹备,关于我转生变成史莱姆这档事 第三季,113818915046008
漂亮，萌王，漂亮,455.552,1,16777215,2025-02-05 22:08:13,27840548398,60,庆典筹备,关于我转生变成史莱姆这档事 第三季,113818915046008
这健康的笑容,669.836,1,16777215,2025-02-05 20:45:27,27840548398,60,庆典筹备,关于我转生变成史莱姆这档事 第三季,113818915046008
日常超棒!,1286.878,1,16777215,2025-02-04 22:15:00,27840548398,60,庆典筹备,关于我转生变成史莱姆这档事 第三季,113818915046008
要成信仰了,667.433,1,16777215,2025-02-04 19:45:26,27840548398,60,庆典筹备,关于我转生变成史莱姆这档事 第三季,113818915046008
五麦！,278.994,5,15138834,2025-02-02 22:47:49,27840548398,60,庆典筹备,关于我转生变成史莱姆这档事 第三季,113818915046008
哄成胚胎了,1080.043,1,16777215,2025-01-30 18:30:11,27840548398,60,庆典筹备,关于我转生变成史莱姆这档事 第三季,113818915046008
你要有个魔王靠山，比他笑的还开心,495.425,1,16777215,2025-01-25 18:16:17,27840548398,60,庆典筹备,关于我转生变成史莱姆这档事 第三季,113818915046008
身后紫苑办公 ing,1421.756,1,16777215,2025-01-24 21:50:12,27840548398,60,庆典筹备,关于我转生变成史莱姆这档事 第三季,113818915046008
前方颜艺预警,1297.386,5,16777215,2025-01-24 20:00:23,27840548398,60,庆典筹备,关于我转生变成史莱姆这档事 第三季,113818915046008
我对朱菜一心一意！,1442.259,1,16777215,2025-01-23 19:25:20,27840548398,60,庆典筹备,关于我转生变成史莱姆这档事 第三季,113818915046008
这是利姆露单推人？,411.812,1,16777215,2025-01-23 17:59:32,27840548398,60,庆典筹备,关于我转生变成史莱姆这档事 第三季,113818915046008
哈哈哈，右耳还能听到小小的声音,440.745,1,16777215,2025-01-22 22:51:02,27840548398,60,庆典筹备,关于我转生变成史莱姆这档事 第三季,113818915046008
人族效忠利姆鲁的话会进化吗？,1215.517,5,16777215,2025-01-21 11:58:57,27840548398,60,庆典筹备,关于我转生变成史莱姆这档事 第三季,113818915046008
卡扎利姆：你走了我吃啥！！！,281.096,5,16646914,2025-01-18 23:19:24,27840548398,60,庆典筹备,关于我转生变成史莱姆这档事 第三季,113818915046008
点了，不行看赶紧走，别委屈了您,1249.02,1,16777215,2025-01-18 21:35:53,27840548398,60,庆典筹备,关于我转生变成史莱姆这档事 第三季,113818915046008
你丫的就是想去吧！,277.736,1,16777215,2025-01-18 09:02:43,27840548398,60,庆典筹备,关于我转生变成史莱姆这档事 第三季,113818915046008
完了 要取名了,635.349,1,16777215,2025-01-17 20:20:12,27840548398,60,庆典筹备,关于我转生变成史莱姆这档事 第三季,113818915046008
萌王做逗号用哈哈哈哈哈哈哈,262.618,1,16777215,2025-01-17 16:15:17,27840548398,60,庆典筹备,关于我转生变成史莱姆这档事 第三季,113818915046008
我要笑死了哈哈哈哈哈哈,572.516,1,16777215,2025-01-17 13:27:49,27840548398,60,庆典筹备,关于我转生变成史莱姆这档事 第三季,113818915046008
嘛爹嘛爹～～毛嗯～嗯～～,871.431,1,16777215,2025-01-17 12:27:29,27840548398,60,庆典筹备,关于我转生变成史莱姆这档事 第三季,113818915046008
奸商的脸 忠臣的心,484.32,1,16777215,2025-01-17 01:17:58,27840548398,60,庆典筹备,关于我转生变成史莱姆这档事 第三季,113818915046008
五蚂蚁！！,272.631,1,16777215,2025-01-17 00:35:17,27840548398,60,庆典筹备,关于我转生变成史莱姆这档事 第三季,113818915046008
路宽啦！,1200.564,5,15138834,2025-01-16 17:04:02,27840548398,60,庆典筹备,关于我转生变成史莱姆这档事 第三季,113818915046008
标准罗马竞技场,924.285,1,16777215,2025-01-15 22:38:00,27840548398,60,庆典筹备,关于我转生变成史莱姆这档事 第三季,113818915046008
加纳~,1389.515,1,16777215,2025-01-15 22:12:00,27840548398,60,庆典筹备,关于我转生变成史莱姆这档事 第三季,113818915046008
升级成奸商,1072.668,1,16777215,2025-01-15 21:43:06,27840548398,60,庆典筹备,关于我转生变成史莱姆这档事 第三季,113818915046008
救了他一命啊,420.788,1,16776960,2025-01-15 20:13:23,27840548398,60,庆典筹备,关于我转生变成史莱姆这档事 第三季,113818915046008
因为后面那幅画在后来被没收了呀,555.499,1,16777215,2025-01-15 19:37:40,27840548398,60,庆典筹备,关于我转生变成史莱姆这档事 第三季,113818915046008
这事让菠萝知道了怕是九族都没了,431.35,1,16777215,2025-01-15 19:22:33,27840548398,60,庆典筹备,关于我转生变成史莱姆这档事 第三季,113818915046008
这是要开始腐败了嘛///,1200.094,1,16777215,2025-01-15 19:03:44,27840548398,60,庆典筹备,关于我转生变成史莱姆这档事 第三季,113818915046008
鬼故事:条过半,674.176,1,16777215,2025-01-15 19:01:22,27840548398,60,庆典筹备,关于我转生变成史莱姆这档事 第三季,113818915046008
还说不是中了美人计,271.756,1,16777215,2025-01-15 18:46:25,27840548398,60,庆典筹备,关于我转生变成史莱姆这档事 第三季,113818915046008
优树居然会跟西方圣教会交涉啊,1332.907,1,16777215,2025-01-15 18:40:23,27840548398,60,庆典筹备,关于我转生变成史莱姆这档事 第三季,113818915046008
bilibili译制,514.662,5,16777215,2025-01-15 18:37:18,27840548398,60,庆典筹备,关于我转生变成史莱姆这档事 第三季,113818915046008
布豪，看饿了,538.808,5,16777215,2025-01-15 18:13:58,27840548398,60,庆典筹备,关于我转生变成史莱姆这档事 第三季,113818915046008
坏了，越来越像骨王了,1117.644,5,16777215,2026-02-18 00:54:20,27840548398,60,庆典筹备,关于我转生变成史莱姆这档事 第三季,113818915046008
老麦这一脚，断了与犯罪组织的瓜葛，又傍住了一棵大树，一石二鸟,439.065,1,16777215,2025-09-15 01:51:25,27840548398,60,庆典筹备,关于我转生变成史莱姆这档事 第三季,113818915046008
夫人，您这个发型有点危险啊,53.2,5,16777215,2025-08-03 16:48:34,27840548398,60,庆典筹备,关于我转生变成史莱姆这档事 第三季,113818915046008
完蛋踩到核弹了2333,396.731,1,16777215,2025-07-20 19:28:42,27840548398,60,庆典筹备,关于我转生变成史莱姆这档事 第三季,113818915046008
这是套话呢,322.067,5,16777215,2025-07-10 12:01:08,27840548398,60,庆典筹备,关于我转生变成史莱姆这档事 第三季,113818915046008
《两年的国家办特产历史展》,41.232,5,16776960,2025-07-01 19:50:32,27840548398,60,庆典筹备,关于我转生变成史莱姆这档事 第三季,113818915046008
不会是女仆咖啡店吧,517.745,1,16777215,2025-06-02 07:02:39,27840548398,60,庆典筹备,关于我转生变成史莱姆这档事 第三季,113818915046008
你好歹让人把话说完啊,94.833,1,16777215,2025-05-24 22:43:58,27840548398,60,庆典筹备,关于我转生变成史莱姆这档事 第三季,113818915046008
卧槽，被招安了,1198.323,5,16777215,2025-05-02 03:53:20,27840548398,60,庆典筹备,关于我转生变成史莱姆这档事 第三季,113818915046008
好可爱,1211.29,1,16777215,2025-05-01 23:10:03,27840548398,60,庆典筹备,关于我转生变成史莱姆这档事 第三季,113818915046008
利姆露漂亮漂亮漂亮,624.886,1,16777215,2025-04-25 20:45:11,27840548398,60,庆典筹备,关于我转生变成史莱姆这档事 第三季,113818915046008
我家萌王肯定端正阿,399.105,5,41194,2025-04-24 22:02:37,27840548398,60,庆典筹备,关于我转生变成史莱姆这档事 第三季,113818915046008
天呐，不是吧，这搞起来，利姆露得富成啥样,1140.587,1,16777215,2025-04-11 19:24:40,27840548398,60,庆典筹备,关于我转生变成史莱姆这档事 第三季,113818915046008
萌王好萌,1217.0,5,16777215,2025-04-04 11:20:45,27840548398,60,庆典筹备,关于我转生变成史莱姆这档事 第三季,113818915046008
管仲当年治理齐国也有类似的方略，当时齐国是各国公子的销金窟，大幅充盈了财政。,781.49,1,16777215,2025-03-30 13:43:41,27840548398,60,庆典筹备,关于我转生变成史莱姆这档事 第三季,113818915046008
看的米莉姆了,1437.8,1,16777215,2025-03-29 15:30:12,27840548398,60,庆典筹备,关于我转生变成史莱姆这档事 第三季,113818915046008
不敢睁开眼，希望是我的幻觉～,1224.792,1,16777215,2025-03-23 14:47:13,27840548398,60,庆典筹备,关于我转生变成史莱姆这档事 第三季,113818915046008
少女祈祷中,850.682,1,16777215,2025-03-19 12:21:00,27840548398,60,庆典筹备,关于我转生变成史莱姆这档事 第三季,113818915046008
样子上要到位啊，       他不是反派但也不是好人,1344.638,1,16777215,2025-03-14 22:52:01,27840548398,60,庆典筹备,关于我转生变成史莱姆这档事 第三季,113818915046008
这个油画好漂亮，有这个周边吗？,456.394,1,16777215,2025-03-12 22:12:45,27840548398,60,庆典筹备,关于我转生变成史莱姆这档事 第三季,113818915046008
大叔我啊，可是很谨慎的；像石纪元第三季那个老登声,324.617,1,16777215,2025-02-26 23:07:06,27840548398,60,庆典筹备,关于我转生变成史莱姆这档事 第三季,113818915046008
你俩真腹黑,1113.699,1,16777215,2025-02-18 00:32:15,27840548398,60,庆典筹备,关于我转生变成史莱姆这档事 第三季,113818915046008
万一有人带板凳怎么办,964.753,1,16777215,2025-02-17 19:29:53,27840548398,60,庆典筹备,关于我转生变成史莱姆这档事 第三季,113818915046008
亲亲脸蛋,1248.085,1,41194,2025-02-11 02:20:45,27840548398,60,庆典筹备,关于我转生变成史莱姆这档事 第三季,113818915046008
吓我一跳，我以为让他跟龙一起摆摊,588.966,1,16777215,2025-02-07 16:58:28,27840548398,60,庆典筹备,关于我转生变成史莱姆这档事 第三季,113818915046008
私有制改公有制,1182.725,1,16777215,2025-02-04 20:32:30,27840548398,60,庆典筹备,关于我转生变成史莱姆这档事 第三季,113818915046008
打伤：指走了有一会儿了,1271.931,1,16777215,2025-01-31 16:54:31,27840548398,60,庆典筹备,关于我转生变成史莱姆这档事 第三季,113818915046008
奇怪的情头增加了,1076.989,1,16777215,2025-01-27 16:30:07,27840548398,60,庆典筹备,关于我转生变成史莱姆这档事 第三季,113818915046008
对魔王大谈勇者哈哈哈,831.229,1,16777215,2025-01-26 21:22:37,27840548398,60,庆典筹备,关于我转生变成史莱姆这档事 第三季,113818915046008
人性的秘密 ,322.432,1,16777215,2025-01-24 21:22:53,27840548398,60,庆典筹备,关于我转生变成史莱姆这档事 第三季,113818915046008
挖墙脚qwq,1179.472,5,9033215,2025-01-24 03:01:07,27840548398,60,庆典筹备,关于我转生变成史莱姆这档事 第三季,113818915046008
促膝相谈,880.793,5,9033215,2025-01-24 02:56:08,27840548398,60,庆典筹备,关于我转生变成史莱姆这档事 第三季,113818915046008
终于开始用纸，而不是木板了,18.606,1,16777215,2025-01-23 02:08:50,27840548398,60,庆典筹备,关于我转生变成史莱姆这档事 第三季,113818915046008
烤冷面！！,94.774,5,16777215,2025-01-21 07:17:55,27840548398,60,庆典筹备,关于我转生变成史莱姆这档事 第三季,113818915046008
那只小狐狸去哪里了？,902.076,1,16777215,2025-01-20 00:07:54,27840548398,60,庆典筹备,关于我转生变成史莱姆这档事 第三季,113818915046008
良心老板啊,594.137,1,16777215,2025-01-19 22:47:04,27840548398,60,庆典筹备,关于我转生变成史莱姆这档事 第三季,113818915046008
史硬化骨,1117.789,1,16777215,2025-01-18 20:58:44,27840548398,60,庆典筹备,关于我转生变成史莱姆这档事 第三季,113818915046008
后面你还不是加入了朱莱粉丝俱乐部？,247.616,1,16777215,2025-01-18 18:57:30,27840548398,60,庆典筹备,关于我转生变成史莱姆这档事 第三季,113818915046008
哈哈哈哈可以开演唱会,937.153,1,16777215,2025-01-18 12:47:03,27840548398,60,庆典筹备,关于我转生变成史莱姆这档事 第三季,113818915046008
这就是种田番啊 不挺有意思的吗看着他发展,999.698,1,16777215,2025-01-17 20:10:35,27840548398,60,庆典筹备,关于我转生变成史莱姆这档事 第三季,113818915046008
交通网络能跟上吗？旅游业发展，快捷交通也很重要。赶了好几天马车，就玩三天，性价比真的ok吗？,997.566,1,16777215,2025-01-17 19:17:47,27840548398,60,庆典筹备,关于我转生变成史莱姆这档事 第三季,113818915046008
明事儿人呀,348.892,1,16777215,2025-01-17 13:52:10,27840548398,60,庆典筹备,关于我转生变成史莱姆这档事 第三季,113818915046008
我去，我觉得这一集特别有意思,1248.634,1,16777215,2025-01-17 03:45:48,27840548398,60,庆典筹备,关于我转生变成史莱姆这档事 第三季,113818915046008
三贤醉（2/3）,1070.037,1,16777215,2025-01-16 23:59:39,27840548398,60,庆典筹备,关于我转生变成史莱姆这档事 第三季,113818915046008
五万人的竞技场还可以开演唱会,924.667,1,16777215,2025-01-16 20:34:17,27840548398,60,庆典筹备,关于我转生变成史莱姆这档事 第三季,113818915046008
建世界七大奇迹,946.453,1,16777215,2025-01-16 14:42:48,27840548398,60,庆典筹备,关于我转生变成史莱姆这档事 第三季,113818915046008
利姆露知道他是坏人,1376.296,1,16777215,2025-01-16 14:08:22,27840548398,60,庆典筹备,关于我转生变成史莱姆这档事 第三季,113818915046008
食人树，社交的手腕,1080.104,1,16777215,2025-01-16 13:36:13,27840548398,60,庆典筹备,关于我转生变成史莱姆这档事 第三季,113818915046008
奥运会,1034.242,1,16777215,2025-01-16 08:06:08,27840548398,60,庆典筹备,关于我转生变成史莱姆这档事 第三季,113818915046008
可爱捏,29.754,5,41194,2025-01-16 06:45:02,27840548398,60,庆典筹备,关于我转生变成史莱姆这档事 第三季,113818915046008
唉要是给他命名一下就好了，要不然还是人类的寿命,1219.801,1,16777215,2025-01-16 01:52:23,27840548398,60,庆典筹备,关于我转生变成史莱姆这档事 第三季,113818915046008
世界名画,1067.237,5,16777215,2025-01-16 00:13:55,27840548398,60,庆典筹备,关于我转生变成史莱姆这档事 第三季,113818915046008
好丝滑的震惊hhhh,268.402,1,16777215,2025-01-15 23:07:26,27840548398,60,庆典筹备,关于我转生变成史莱姆这档事 第三季,113818915046008
这个其实不怎么好吃的,279.537,1,16777215,2025-01-15 22:31:00,27840548398,60,庆典筹备,关于我转生变成史莱姆这档事 第三季,113818915046008
好家伙罗马竞技场都来了,938.028,1,16777215,2025-01-15 22:09:24,27840548398,60,庆典筹备,关于我转生变成史莱姆这档事 第三季,113818915046008
2025年了 还在迫害泡泡茶壶,254.148,1,16777215,2025-01-15 21:58:44,27840548398,60,庆典筹备,关于我转生变成史莱姆这档事 第三季,113818915046008
魔物娘风俗店,764.718,5,16777215,2025-01-15 21:54:25,27840548398,60,庆典筹备,关于我转生变成史莱姆这档事 第三季,113818915046008
日向：给我这来一家,536.071,1,16777215,2025-01-15 21:45:25,27840548398,60,庆典筹备,关于我转生变成史莱姆这档事 第三季,113818915046008
真男主出现了,801.936,1,16777215,2025-01-15 21:25:02,27840548398,60,庆典筹备,关于我转生变成史莱姆这档事 第三季,113818915046008
um！可可爱爱,919.298,5,16777215,2025-01-15 21:15:34,27840548398,60,庆典筹备,关于我转生变成史莱姆这档事 第三季,113818915046008
后面的字是利姆露ai,1455.154,1,16777215,2025-01-15 20:33:46,27840548398,60,庆典筹备,关于我转生变成史莱姆这档事 第三季,113818915046008
相当赞的OP哦,123.948,1,16777215,2025-01-15 20:26:55,27840548398,60,庆典筹备,关于我转生变成史莱姆这档事 第三季,113818915046008
自己吓自己,1209.345,1,16777215,2025-01-15 19:34:52,27840548398,60,庆典筹备,关于我转生变成史莱姆这档事 第三季,113818915046008
你舅宠他爸,680.08,1,16777215,2025-01-15 19:04:23,27840548398,60,庆典筹备,关于我转生变成史莱姆这档事 第三季,113818915046008
莫名好萌,853.718,1,16777215,2025-01-15 19:00:25,27840548398,60,庆典筹备,关于我转生变成史莱姆这档事 第三季,113818915046008
我猜是料理,82.224,1,16777215,2025-01-15 18:44:26,27840548398,60,庆典筹备,关于我转生变成史莱姆这档事 第三季,113818915046008
利姆露就要宣布成为魔王啊,1292.139,1,16777215,2025-01-15 18:39:13,27840548398,60,庆典筹备,关于我转生变成史莱姆这档事 第三季,113818915046008
看到他我想起了多弗朗明哥,696.59,1,16777215,2025-01-15 18:36:59,27840548398,60,庆典筹备,关于我转生变成史莱姆这档事 第三季,113818915046008
穿山甲到底说了什么,818.938,1,16777215,2025-01-15 18:35:17,27840548398,60,庆典筹备,关于我转生变成史莱姆这档事 第三季,113818915046008
好久没听到津叔的声音了，还是那么舒服,44.991,1,16777215,2025-01-15 18:34:30,27840548398,60,庆典筹备,关于我转生变成史莱姆这档事 第三季,113818915046008
眼睫毛都是空的这俩人,1074.93,1,16777215,2025-01-15 18:23:49,27840548398,60,庆典筹备,关于我转生变成史莱姆这档事 第三季,113818915046008
朱菜是真的要去英格拉西亚啊,111.894,1,16777215,2025-01-15 18:04:11,27840548398,60,庆典筹备,关于我转生变成史莱姆这档事 第三季,113818915046008
然后中二龙的假名就叫“假名”,630.067,5,16707842,2025-12-29 22:16:56,27840548398,60,庆典筹备,关于我转生变成史莱姆这档事 第三季,113818915046008
这种老板是可遇不可求的，不缺钱，不缺人，完全信任你，绝对放权，而且要求还不高，而且也不会动不动改方案。,913.013,1,16777215,2025-12-07 11:52:13,27840548398,60,庆典筹备,关于我转生变成史莱姆这档事 第三季,113818915046008
确实只要在说敬称，就有坏点子哈哈哈哈哈哈,583.834,1,16777215,2025-10-30 00:02:20,27840548398,60,庆典筹备,关于我转生变成史莱姆这档事 第三季,113818915046008
萌王这集可爱浓度超标了,1254.244,5,16777215,2025-10-08 18:07:58,27840548398,60,庆典筹备,关于我转生变成史莱姆这档事 第三季,113818915046008
官方吐槽,1231.084,5,16777215,2025-09-04 20:11:55,27840548398,60,庆典筹备,关于我转生变成史莱姆这档事 第三季,113818915046008
萌王笑的越来越像米莉姆啦,1057.741,1,16777215,2025-07-22 00:41:15,27840548398,60,庆典筹备,关于我转生变成史莱姆这档事 第三季,113818915046008
笑容好美丽。。。,662.66,5,16777215,2025-07-07 20:27:19,27840548398,60,庆典筹备,关于我转生变成史莱姆这档事 第三季,113818915046008
日向：区区致命伤,1268.457,1,16777215,2025-06-16 20:20:51,27840548398,60,庆典筹备,关于我转生变成史莱姆这档事 第三季,113818915046008
看似平静，实则内心慌的一批,648.402,1,16707842,2025-05-31 10:22:22,27840548398,60,庆典筹备,关于我转生变成史莱姆这档事 第三季,113818915046008
后面这幅画太帅了吧,542.029,1,16777215,2025-05-29 20:24:22,27840548398,60,庆典筹备,关于我转生变成史莱姆这档事 第三季,113818915046008
请和我交往吧，利姆露前辈！,110.734,1,16777215,2025-05-28 19:51:57,27840548398,60,庆典筹备,关于我转生变成史莱姆这档事 第三季,113818915046008
对所以他要演不让利姆露发现是他在背后操纵,1369.688,1,16777215,2025-05-16 12:20:36,27840548398,60,庆典筹备,关于我转生变成史莱姆这档事 第三季,113818915046008
笑死我了这大叔,1373.871,1,16777215,2025-05-11 23:26:51,27840548398,60,庆典筹备,关于我转生变成史莱姆这档事 第三季,113818915046008
好像某一个慈祥的老爷爷,1228.983,1,16777215,2025-04-20 00:36:37,27840548398,60,庆典筹备,关于我转生变成史莱姆这档事 第三季,113818915046008
好美的发型！！！！！,155.945,5,15138834,2025-04-15 20:01:24,27840548398,60,庆典筹备,关于我转生变成史莱姆这档事 第三季,113818915046008
啊啊啊前面的请君勿死，补药用文豪野犬刀我！！！！！！,1106.245,1,16777215,2025-04-12 04:04:47,27840548398,60,庆典筹备,关于我转生变成史莱姆这档事 第三季,113818915046008
其实我感觉很像雅儿贝徳的迪米乌哥斯干奸商时会想出来的点子,1136.428,1,11890,2025-04-09 22:39:07,27840548398,60,庆典筹备,关于我转生变成史莱姆这档事 第三季,113818915046008
盲猜后面真名暴露了,634.732,1,16777215,2025-04-04 17:00:09,27840548398,60,庆典筹备,关于我转生变成史莱姆这档事 第三季,113818915046008
害怕自方犯了错，毕竟对方是魔王,1283.805,1,16777215,2025-04-03 16:59:50,27840548398,60,庆典筹备,关于我转生变成史莱姆这档事 第三季,113818915046008
画的是救他时候打的天空龙,454.489,1,16777215,2025-03-17 00:38:11,27840548398,60,庆典筹备,关于我转生变成史莱姆这档事 第三季,113818915046008
环球史城,721.32,1,16777215,2025-03-12 17:39:01,27840548398,60,庆典筹备,关于我转生变成史莱姆这档事 第三季,113818915046008
对不起我要关弹幕了,810.58,1,16777215,2025-03-09 12:34:43,27840548398,60,庆典筹备,关于我转生变成史莱姆这档事 第三季,113818915046008
看来制作组也觉得漫画版的美观,671.441,1,16777215,2025-03-05 23:36:50,27840548398,60,庆典筹备,关于我转生变成史莱姆这档事 第三季,113818915046008
再开一个夜之蝶分店就更好了,771.294,1,16777215,2025-02-24 21:53:33,27840548398,60,庆典筹备,关于我转生变成史莱姆这档事 第三季,113818915046008
夸张了,290.901,1,16777215,2025-02-23 23:51:21,27840548398,60,庆典筹备,关于我转生变成史莱姆这档事 第三季,113818915046008
pu～都开袋,789.993,1,16777215,2025-02-22 23:20:16,27840548398,60,庆典筹备,关于我转生变成史莱姆这档事 第三季,113818915046008
我以为要开漫展呢,94.581,5,16777215,2025-02-22 15:47:13,27840548398,60,庆典筹备,关于我转生变成史莱姆这档事 第三季,113818915046008
一般战斗他自己不会受伤，所以根本没考虑啊,1125.651,1,16777215,2025-02-22 05:08:53,27840548398,60,庆典筹备,关于我转生变成史莱姆这档事 第三季,113818915046008
龙息炒面,585.817,1,16777215,2025-02-19 19:46:50,27840548398,60,庆典筹备,关于我转生变成史莱姆这档事 第三季,113818915046008
猪猪：活爹,970.123,1,16777215,2025-02-18 20:07:53,27840548398,60,庆典筹备,关于我转生变成史莱姆这档事 第三季,113818915046008
越看越像……腾格尔？,243.379,1,16777215,2025-02-15 02:34:54,27840548398,60,庆典筹备,关于我转生变成史莱姆这档事 第三季,113818915046008
露米纳斯姐姐呢,1379.794,5,6830715,2025-02-11 12:16:32,27840548398,60,庆典筹备,关于我转生变成史莱姆这档事 第三季,113818915046008
社交的手腕，食人树,295.239,5,104601,2025-02-11 01:19:31,27840548398,60,庆典筹备,关于我转生变成史莱姆这档事 第三季,113818915046008
迪亚波罗：？,928.352,1,15138834,2025-02-09 15:16:22,27840548398,60,庆典筹备,关于我转生变成史莱姆这档事 第三季,113818915046008
“小丫头”,389.543,1,16777215,2025-02-08 17:45:32,27840548398,60,庆典筹备,关于我转生变成史莱姆这档事 第三季,113818915046008
鲁德拉转世，维鲁多拉的过去和未来的姐夫哈哈哈,846.368,1,16777215,2025-02-08 17:32:59,27840548398,60,庆典筹备,关于我转生变成史莱姆这档事 第三季,113818915046008
萌王的恩情还不完！,1204.066,1,16777215,2025-02-07 21:20:37,27840548398,60,庆典筹备,关于我转生变成史莱姆这档事 第三季,113818915046008
总的来说其实就是做一个超大地标景点，然后服务业嘎嘎爆金币,996.674,1,16777215,2025-02-06 08:56:06,27840548398,60,庆典筹备,关于我转生变成史莱姆这档事 第三季,113818915046008
闪光的哈撒维（雾）,833.214,5,16777215,2025-02-04 16:41:28,27840548398,60,庆典筹备,关于我转生变成史莱姆这档事 第三季,113818915046008
社交的手腕,1061.994,1,16777215,2025-02-02 20:31:53,27840548398,60,庆典筹备,关于我转生变成史莱姆这档事 第三季,113818915046008
倒不是说商人有什么不好，只是说部长更加海阔天空吗,1204.286,1,16777215,2025-01-31 04:01:24,27840548398,60,庆典筹备,关于我转生变成史莱姆这档事 第三季,113818915046008
哈哈哈哈哈，太难了,1379.84,1,16777215,2025-01-29 21:27:39,27840548398,60,庆典筹备,关于我转生变成史莱姆这档事 第三季,113818915046008
萌王好可爱呀,675.976,1,16777215,2025-01-29 21:14:40,27840548398,60,庆典筹备,关于我转生变成史莱姆这档事 第三季,113818915046008
是杀的天空龙来着吧,467.908,1,16777215,2025-01-29 19:58:05,27840548398,60,庆典筹备,关于我转生变成史莱姆这档事 第三季,113818915046008
古罗马斗兽场,934.517,5,16777215,2025-01-29 19:14:49,27840548398,60,庆典筹备,关于我转生变成史莱姆这档事 第三季,113818915046008
肱骨之臣,1194.483,5,9033215,2025-01-24 03:01:23,27840548398,60,庆典筹备,关于我转生变成史莱姆这档事 第三季,113818915046008
社交的手腕,1077.797,1,16777215,2025-01-21 13:46:37,27840548398,60,庆典筹备,关于我转生变成史莱姆这档事 第三季,113818915046008
BOSS直聘,1179.51,1,16777215,2025-01-21 09:22:14,27840548398,60,庆典筹备,关于我转生变成史莱姆这档事 第三季,113818915046008
路走宽了,902.789,1,16777215,2025-01-20 20:12:51,27840548398,60,庆典筹备,关于我转生变成史莱姆这档事 第三季,113818915046008
勇者正幸全是努力和汗水啊,803.334,1,16777215,2025-01-18 21:04:44,27840548398,60,庆典筹备,关于我转生变成史莱姆这档事 第三季,113818915046008
我去，经费都用在奇怪的地方了,272.79,1,16777215,2025-01-17 13:49:31,27840548398,60,庆典筹备,关于我转生变成史莱姆这档事 第三季,113818915046008
应该让紫苑给他做,277.534,1,16777215,2025-01-17 12:08:08,27840548398,60,庆典筹备,关于我转生变成史莱姆这档事 第三季,113818915046008
像极了我向别人安利我担的样子,814.994,1,16777215,2025-01-17 11:33:18,27840548398,60,庆典筹备,关于我转生变成史莱姆这档事 第三季,113818915046008
利姆露的恩情还不完,421.376,1,41194,2025-01-17 10:23:03,27840548398,60,庆典筹备,关于我转生变成史莱姆这档事 第三季,113818915046008
猪猪没活干反而觉得不充实……,960.888,1,16777215,2025-01-16 23:45:47,27840548398,60,庆典筹备,关于我转生变成史莱姆这档事 第三季,113818915046008
s闪光的亚丝娜,824.733,1,16777215,2025-01-16 21:46:35,27840548398,60,庆典筹备,关于我转生变成史莱姆这档事 第三季,113818915046008
辛苦猪猪族群们了！哈哈,968.808,1,16777215,2025-01-16 17:02:16,27840548398,60,庆典筹备,关于我转生变成史莱姆这档事 第三季,113818915046008
这就是宣传的效果，明明很平常却被宣传的很好吃。,280.854,1,16777215,2025-01-16 13:58:29,27840548398,60,庆典筹备,关于我转生变成史莱姆这档事 第三季,113818915046008
“是的，这是一份美食”,79.872,1,16777215,2025-01-16 13:03:51,27840548398,60,庆典筹备,关于我转生变成史莱姆这档事 第三季,113818915046008
社交的手腕,1080.261,1,16777215,2025-01-16 12:32:04,27840548398,60,庆典筹备,关于我转生变成史莱姆这档事 第三季,113818915046008
后面那个是米莉姆？,1432.354,1,16777215,2025-01-16 10:42:51,27840548398,60,庆典筹备,关于我转生变成史莱姆这档事 第三季,113818915046008
开个网吧吧。。。。。。（doge）,780.063,1,16707842,2025-01-16 01:17:38,27840548398,60,庆典筹备,关于我转生变成史莱姆这档事 第三季,113818915046008
我太想进步了,909.347,1,16777215,2025-01-16 00:11:43,27840548398,60,庆典筹备,关于我转生变成史莱姆这档事 第三季,113818915046008
竞技场有，迷宫也有。那个竞技场类似一个擂台，有登场,869.065,1,16777215,2025-01-15 23:43:30,27840548398,60,庆典筹备,关于我转生变成史莱姆这档事 第三季,113818915046008
政府招标了,711.109,1,16777215,2025-01-15 23:27:29,27840548398,60,庆典筹备,关于我转生变成史莱姆这档事 第三季,113818915046008
我感觉这就是聊天啊,1238.952,1,16777215,2025-01-15 22:45:01,27840548398,60,庆典筹备,关于我转生变成史莱姆这档事 第三季,113818915046008
只要搞不死，就往死里搞是吧,1157.819,5,16777215,2025-01-15 22:02:11,27840548398,60,庆典筹备,关于我转生变成史莱姆这档事 第三季,113818915046008
这一集就一直在跟他对话。。。。。,1010.706,1,16777215,2025-01-15 20:35:18,27840548398,60,庆典筹备,关于我转生变成史莱姆这档事 第三季,113818915046008
迷宫，我要迷宫,162.711,1,16777215,2025-01-15 20:05:42,27840548398,60,庆典筹备,关于我转生变成史莱姆这档事 第三季,113818915046008
剧透的人能不能管一管自己，你以为自己知道很多很厉害吗,801.488,5,15138834,2025-01-15 19:16:58,27840548398,60,庆典筹备,关于我转生变成史莱姆这档事 第三季,113818915046008
新OP喜欢，好欢乐的感觉,134.872,1,16777215,2025-01-15 18:55:26,27840548398,60,庆典筹备,关于我转生变成史莱姆这档事 第三季,113818915046008
人均小迪,1128.287,1,16777215,2025-01-15 18:46:38,27840548398,60,庆典筹备,关于我转生变成史莱姆这档事 第三季,113818915046008
我都快忘了这番有战斗片段了,1352.791,1,16777215,2025-01-15 18:44:39,27840548398,60,庆典筹备,关于我转生变成史莱姆这档事 第三季,113818915046008
不愧是商人，肯定把社交的手腕全部背下来了,333.268,1,16777215,2025-01-15 18:28:12,27840548398,60,庆典筹备,关于我转生变成史莱姆这档事 第三季,113818915046008
老哥你内心os好多啊,658.557,1,16777215,2025-01-15 18:21:13,27840548398,60,庆典筹备,关于我转生变成史莱姆这档事 第三季,113818915046008
《不会公开》,45.942,1,16777215,2025-01-15 18:11:40,27840548398,60,庆典筹备,关于我转生变成史莱姆这档事 第三季,113818915046008
《费尽心思》,1331.074,1,16777215,2026-03-01 12:57:18,27840548398,60,庆典筹备,关于我转生变成史莱姆这档事 第三季,113818915046008
好家伙，暴风龙做的铁板烧配上魔王拉米莉丝撒的配料，吃上够吹到下辈子了,183.134,1,16777215,2025-11-06 02:28:26,27840548398,60,庆典筹备,关于我转生变成史莱姆这档事 第三季,113818915046008
啊~美丽的魔物公主,71.13,5,9033215,2025-10-15 21:43:44,27840548398,60,庆典筹备,关于我转生变成史莱姆这档事 第三季,113818915046008
这幅画是魔王奇伊的女仆原初之青蕾茵画的,453.897,1,16777215,2025-10-05 12:18:54,27840548398,60,庆典筹备,关于我转生变成史莱姆这档事 第三季,113818915046008
差点忘了你小子是文官干部了,37.952,1,16777215,2025-08-17 13:43:17,27840548398,60,庆典筹备,关于我转生变成史莱姆这档事 第三季,113818915046008
666路走银河系上去了,1181.97,5,16777215,2025-08-16 03:54:35,27840548398,60,庆典筹备,关于我转生变成史莱姆这档事 第三季,113818915046008
小国的路是越走越宽,1379.604,1,16777215,2025-07-23 20:32:48,27840548398,60,庆典筹备,关于我转生变成史莱姆这档事 第三季,113818915046008
这位是后面利姆露钦定的财务大臣,508.587,5,41194,2025-07-18 02:18:09,27840548398,60,庆典筹备,关于我转生变成史莱姆这档事 第三季,113818915046008
路走的太宽了,1202.849,5,16777215,2025-07-15 11:38:56,27840548398,60,庆典筹备,关于我转生变成史莱姆这档事 第三季,113818915046008
好人就好，，虽然他一直在做好事，但是我一直都很怕他。。,508.761,5,16777215,2025-07-12 00:11:45,27840548398,60,庆典筹备,关于我转生变成史莱姆这档事 第三季,113818915046008
可爱麻花辫,75.537,1,16777215,2025-07-07 00:31:20,27840548398,60,庆典筹备,关于我转生变成史莱姆这档事 第三季,113818915046008
前面好像提到过好战的长耳族,349.658,1,16777215,2025-07-06 18:22:54,27840548398,60,庆典筹备,关于我转生变成史莱姆这档事 第三季,113818915046008
日向：请务必来这开几家,534.02,1,16777215,2025-06-29 14:22:16,27840548398,60,庆典筹备,关于我转生变成史莱姆这档事 第三季,113818915046008
某位热心市民暴风龙先生,573.379,1,16777215,2025-06-13 15:45:16,27840548398,60,庆典筹备,关于我转生变成史莱姆这档事 第三季,113818915046008
利姆鲁的内政大臣兼宰相利古路德,26.048,5,16777215,2025-05-13 19:49:01,27840548398,60,庆典筹备,关于我转生变成史莱姆这档事 第三季,113818915046008
火车票的站票意思是没有固定座位，有空位置可以坐，但是买了固定位置坐票的人来了你就得让位置,975.327,1,16777215,2025-05-05 02:03:29,27840548398,60,庆典筹备,关于我转生变成史莱姆这档事 第三季,113818915046008
打斗我也爱看，日常也好，不是每个人都那么单一,1259.877,5,16777215,2025-05-01 01:51:27,27840548398,60,庆典筹备,关于我转生变成史莱姆这档事 第三季,113818915046008
巨斧斗武场,886.042,1,16777215,2025-04-15 22:33:11,27840548398,60,庆典筹备,关于我转生变成史莱姆这档事 第三季,113818915046008
好评，是漫画版的那身。,378.406,1,16777215,2025-04-13 13:30:02,27840548398,60,庆典筹备,关于我转生变成史莱姆这档事 第三季,113818915046008
圆底烧瓶倒过来那我问你你在冷凝什么？,48.88,1,16777215,2025-04-03 23:43:20,27840548398,60,庆典筹备,关于我转生变成史莱姆这档事 第三季,113818915046008
我的妈呀，要是小黑在旁边，这人估计死都不能死。。,436.505,5,16777215,2025-04-01 16:23:33,27840548398,60,庆典筹备,关于我转生变成史莱姆这档事 第三季,113818915046008
说话这位是未来魔物王国一位至关重要的大臣,327.656,5,16777215,2025-03-24 12:44:40,27840548398,60,庆典筹备,关于我转生变成史莱姆这档事 第三季,113818915046008
哥布林杀手：为什么不让我报名,752.471,5,16776960,2025-03-22 17:42:18,27840548398,60,庆典筹备,关于我转生变成史莱姆这档事 第三季,113818915046008
有优树是因为邀请了他 而且陪着这几小只过来 这op情节几乎到漫画最新,197.47,1,16777215,2025-03-16 14:55:50,27840548398,60,庆典筹备,关于我转生变成史莱姆这档事 第三季,113818915046008
正好拒绝了,423.532,1,16777215,2025-03-13 23:40:07,27840548398,60,庆典筹备,关于我转生变成史莱姆这档事 第三季,113818915046008
安家费！,642.352,1,16777215,2025-03-08 03:39:26,27840548398,60,庆典筹备,关于我转生变成史莱姆这档事 第三季,113818915046008
这是救他啊哈哈哈,429.547,1,16777215,2025-03-06 09:48:16,27840548398,60,庆典筹备,关于我转生变成史莱姆这档事 第三季,113818915046008
利姆露厨+1,1198.484,1,16777215,2025-03-05 23:08:23,27840548398,60,庆典筹备,关于我转生变成史莱姆这档事 第三季,113818915046008
初中党发言：发展旅游业,761.165,1,16777215,2025-03-02 00:34:51,27840548398,60,庆典筹备,关于我转生变成史莱姆这档事 第三季,113818915046008
两个商业老油条。脑子里全都是坏点子。,1067.091,1,16777215,2025-02-25 02:58:43,27840548398,60,庆典筹备,关于我转生变成史莱姆这档事 第三季,113818915046008
那就让大蜥蜴当擂主,860.692,1,16777215,2025-02-24 17:52:32,27840548398,60,庆典筹备,关于我转生变成史莱姆这档事 第三季,113818915046008
动作指导：向佐,1235.794,1,16777215,2025-02-21 20:41:31,27840548398,60,庆典筹备,关于我转生变成史莱姆这档事 第三季,113818915046008
优树现在还没有贪婪之王，但是他的创造技能还是很牛的,1351.922,1,16777215,2025-02-15 12:02:12,27840548398,60,庆典筹备,关于我转生变成史莱姆这档事 第三季,113818915046008
社交的手腕,341.903,5,41194,2025-02-15 04:52:06,27840548398,60,庆典筹备,关于我转生变成史莱姆这档事 第三季,113818915046008
人有五名，代价有三,560.98,1,16777215,2025-02-12 21:03:09,27840548398,60,庆典筹备,关于我转生变成史莱姆这档事 第三季,113818915046008
在下缪鲁麦尔，愿世代为史家抽烟喝酒烫头,1194.311,1,16777215,2025-02-12 12:58:13,27840548398,60,庆典筹备,关于我转生变成史莱姆这档事 第三季,113818915046008
一脸坏笑着说出正经的事。,1072.909,1,16777215,2025-02-09 14:15:13,27840548398,60,庆典筹备,关于我转生变成史莱姆这档事 第三季,113818915046008
邀请了一个大反派。,1364.671,1,16777215,2025-02-09 03:01:04,27840548398,60,庆典筹备,关于我转生变成史莱姆这档事 第三季,113818915046008
他在另一个世界的朋友还在苦B的打工,976.084,1,16777215,2025-02-04 21:47:20,27840548398,60,庆典筹备,关于我转生变成史莱姆这档事 第三季,113818915046008
教训指的是没收点心和漫画剧透…,596.816,1,16777215,2025-02-04 21:11:34,27840548398,60,庆典筹备,关于我转生变成史莱姆这档事 第三季,113818915046008
猪猪：布豪,962.624,1,16777215,2025-02-03 18:37:38,27840548398,60,庆典筹备,关于我转生变成史莱姆这档事 第三季,113818915046008
不敢睁开眼～,1375.039,1,16777215,2025-02-03 02:00:52,27840548398,60,庆典筹备,关于我转生变成史莱姆这档事 第三季,113818915046008
暗黑心理学,1061.994,1,16777215,2025-02-02 20:32:02,27840548398,60,庆典筹备,关于我转生变成史莱姆这档事 第三季,113818915046008
麻花辫太可爱了吧,102.01,1,16777215,2025-02-02 19:31:13,27840548398,60,庆典筹备,关于我转生变成史莱姆这档事 第三季,113818915046008
谁按x跳过了呀,818.896,1,16777215,2025-02-02 18:20:05,27840548398,60,庆典筹备,关于我转生变成史莱姆这档事 第三季,113818915046008
好流畅的动画,1218.499,1,16777215,2025-01-30 12:15:19,27840548398,60,庆典筹备,关于我转生变成史莱姆这档事 第三季,113818915046008
魔物：你咋这么自私,762.257,1,8700107,2025-01-30 11:17:55,27840548398,60,庆典筹备,关于我转生变成史莱姆这档事 第三季,113818915046008
小朱菜纯享版,1390.829,1,16777215,2025-01-30 00:54:07,27840548398,60,庆典筹备,关于我转生变成史莱姆这档事 第三季,113818915046008
员工：不是？我协助暴风龙打工？,616.818,1,16777215,2025-01-29 15:12:49,27840548398,60,庆典筹备,关于我转生变成史莱姆这档事 第三季,113818915046008
实际上那是他的特殊能力，他压根啥都不会,832.753,1,16777215,2025-01-28 01:47:20,27840548398,60,庆典筹备,关于我转生变成史莱姆这档事 第三季,113818915046008
不演了，标题直接开会,0.402,1,16777215,2025-01-26 22:56:32,27840548398,60,庆典筹备,关于我转生变成史莱姆这档事 第三季,113818915046008
猪猪们跟了萌王再也不怕饿肚子了,987.665,1,16777215,2025-01-26 20:55:06,27840548398,60,庆典筹备,关于我转生变成史莱姆这档事 第三季,113818915046008
你就宠他吧,580.28,1,16777215,2025-01-26 12:39:30,27840548398,60,庆典筹备,关于我转生变成史莱姆这档事 第三季,113818915046008
像迪士尼公主一样好看,1412.956,1,16777215,2025-01-26 00:04:42,27840548398,60,庆典筹备,关于我转生变成史莱姆这档事 第三季,113818915046008
搞个天下第一武道大会,862.628,1,16777215,2025-01-24 00:54:53,27840548398,60,庆典筹备,关于我转生变成史莱姆这档事 第三季,113818915046008
猎物：我有意见,750.747,1,16777215,2025-01-24 00:52:45,27840548398,60,庆典筹备,关于我转生变成史莱姆这档事 第三季,113818915046008
漫画里不是喊的野丫头吗？,411.301,1,16777215,2025-01-23 21:40:02,27840548398,60,庆典筹备,关于我转生变成史莱姆这档事 第三季,113818915046008
猪猪：打灰中勿扰,950.503,1,16777215,2025-01-23 21:38:32,27840548398,60,庆典筹备,关于我转生变成史莱姆这档事 第三季,113818915046008
三颈烧瓶不是这么用的啊喂,45.648,1,16777215,2025-01-22 23:23:57,27840548398,60,庆典筹备,关于我转生变成史莱姆这档事 第三季,113818915046008
竞技场没建的是没认真看书，还有自家举办的比武大会，小老弟和岚牙的合体技就是首次登场的情节,869.075,1,16777215,2025-01-22 18:28:20,27840548398,60,庆典筹备,关于我转生变成史莱姆这档事 第三季,113818915046008
这俩一个骨王附体，一个小迪上身 绝了,1189.662,1,16777215,2025-01-21 16:59:44,27840548398,60,庆典筹备,关于我转生变成史莱姆这档事 第三季,113818915046008
侧脸是认真的吗？,1182.522,1,16777215,2025-01-21 11:11:02,27840548398,60,庆典筹备,关于我转生变成史莱姆这档事 第三季,113818915046008
古烈,1084.108,5,16777215,2025-01-20 23:28:00,27840548398,60,庆典筹备,关于我转生变成史莱姆这档事 第三季,113818915046008
战术喝水,648.763,1,16777215,2025-01-20 21:27:45,27840548398,60,庆典筹备,关于我转生变成史莱姆这档事 第三季,113818915046008
原来是宜居度不够了,942.612,1,16777215,2025-01-20 09:20:09,27840548398,60,庆典筹备,关于我转生变成史莱姆这档事 第三季,113818915046008
这个冷凝管…三颈烧瓶…不是这么用的吧,52.903,1,16777215,2025-01-19 23:33:45,27840548398,60,庆典筹备,关于我转生变成史莱姆这档事 第三季,113818915046008
第三季就是建国篇，这集内容算主线，哪里水了,992.805,1,16777215,2025-01-19 11:04:53,27840548398,60,庆典筹备,关于我转生变成史莱姆这档事 第三季,113818915046008
约等于农业时代的世界背景，哪来的消费力,1011.834,1,16777215,2025-01-18 20:48:18,27840548398,60,庆典筹备,关于我转生变成史莱姆这档事 第三季,113818915046008
骨王既视感,1125.314,1,16777215,2025-01-18 15:17:09,27840548398,60,庆典筹备,关于我转生变成史莱姆这档事 第三季,113818915046008
突然发现利姆鲁的板牙好可爱啊,866.019,1,16777215,2025-01-18 08:51:27,27840548398,60,庆典筹备,关于我转生变成史莱姆这档事 第三季,113818915046008
匿名M（）,573.409,5,16777215,2025-01-18 08:20:58,27840548398,60,庆典筹备,关于我转生变成史莱姆这档事 第三季,113818915046008
最好听的ed,1398.513,1,16777215,2025-01-17 23:50:31,27840548398,60,庆典筹备,关于我转生变成史莱姆这档事 第三季,113818915046008
我是任劳任怨的猪猪，我没意见,978.297,1,16777215,2025-01-17 21:06:28,27840548398,60,庆典筹备,关于我转生变成史莱姆这档事 第三季,113818915046008
麻将？扑克？过山车？碰碰车？摩天轮？s1赛车？玩核弹？参观三体战舰？当歌者向太阳系丢二向箔？,735.483,1,16777215,2025-01-17 19:06:45,27840548398,60,庆典筹备,关于我转生变成史莱姆这档事 第三季,113818915046008
《优树不是反派吗》,1340.606,5,16777215,2025-01-17 13:11:52,27840548398,60,庆典筹备,关于我转生变成史莱姆这档事 第三季,113818915046008
主线推进也说是开会，问题是你还看的津津有味,901.805,1,16777215,2025-01-17 11:32:32,27840548398,60,庆典筹备,关于我转生变成史莱姆这档事 第三季,113818915046008
实现产业闭环,1106.392,1,16777215,2025-01-17 10:57:47,27840548398,60,庆典筹备,关于我转生变成史莱姆这档事 第三季,113818915046008
工商局+旅游局,1172.499,1,16777215,2025-01-17 02:35:51,27840548398,60,庆典筹备,关于我转生变成史莱姆这档事 第三季,113818915046008
怎么都穿越不带我啊,218.485,1,16777215,2025-01-16 21:44:51,27840548398,60,庆典筹备,关于我转生变成史莱姆这档事 第三季,113818915046008
第一季利姆露还在那边学校的时候击败了一条亚龙救了这人（应该没记错吧,500.699,1,16777215,2025-01-16 21:31:06,27840548398,60,庆典筹备,关于我转生变成史莱姆这档事 第三季,113818915046008
官方吐槽？哈哈哈哈哈,593.691,1,16777215,2025-01-16 12:55:08,27840548398,60,庆典筹备,关于我转生变成史莱姆这档事 第三季,113818915046008
穿越了？感觉和之前场景一样,242.444,1,16777215,2025-01-16 12:10:55,27840548398,60,庆典筹备,关于我转生变成史莱姆这档事 第三季,113818915046008
罗马斗技场,926.981,1,16777215,2025-01-16 10:30:10,27840548398,60,庆典筹备,关于我转生变成史莱姆这档事 第三季,113818915046008
专业的事还得专业的来,1054.458,1,16777215,2025-01-16 02:11:56,27840548398,60,庆典筹备,关于我转生变成史莱姆这档事 第三季,113818915046008
真反派,1338.746,1,16777215,2025-01-16 02:11:22,27840548398,60,庆典筹备,关于我转生变成史莱姆这档事 第三季,113818915046008
三贤醉的前身,1071.264,5,16777215,2025-01-16 01:11:47,27840548398,60,庆典筹备,关于我转生变成史莱姆这档事 第三季,113818915046008
舒婷,419.332,1,16777215,2025-01-15 23:54:54,27840548398,60,庆典筹备,关于我转生变成史莱姆这档事 第三季,113818915046008
老天赏金饭碗了这是,1179.462,1,16777215,2025-01-15 23:21:13,27840548398,60,庆典筹备,关于我转生变成史莱姆这档事 第三季,113818915046008
骨王好歹内心还挣扎下史是张口就来啊,1147.911,1,16777215,2025-01-15 23:07:49,27840548398,60,庆典筹备,关于我转生变成史莱姆这档事 第三季,113818915046008
原来是老年幸平，来来来，发起食戟对决,246.505,1,16777215,2025-01-15 22:47:31,27840548398,60,庆典筹备,关于我转生变成史莱姆这档事 第三季,113818915046008
这个OP做的跟手游风格一样，也好听,124.069,1,16777215,2025-01-15 22:40:50,27840548398,60,庆典筹备,关于我转生变成史莱姆这档事 第三季,113818915046008
东堂拍手（doge）,284.455,1,16777215,2025-01-15 22:02:31,27840548398,60,庆典筹备,关于我转生变成史莱姆这档事 第三季,113818915046008
凶名远扬,578.631,1,16777215,2025-01-15 21:45:48,27840548398,60,庆典筹备,关于我转生变成史莱姆这档事 第三季,113818915046008
办利姆露-恩佩斯特世博会,81.554,5,16777215,2025-01-15 21:43:37,27840548398,60,庆典筹备,关于我转生变成史莱姆这档事 第三季,113818915046008
后面那幅画能送我吗,866.76,1,16777215,2025-01-15 21:27:23,27840548398,60,庆典筹备,关于我转生变成史莱姆这档事 第三季,113818915046008
几千人看这俩唠嗑,1022.501,1,16777215,2025-01-15 21:19:49,27840548398,60,庆典筹备,关于我转生变成史莱姆这档事 第三季,113818915046008
看你们俩摊了一个大煎饼,1154.791,1,16777215,2025-01-15 21:08:35,27840548398,60,庆典筹备,关于我转生变成史莱姆这档事 第三季,113818915046008
话说，这家伙记得是日后的国家财务大臣……,1043.578,1,16777215,2025-01-15 21:03:09,27840548398,60,庆典筹备,关于我转生变成史莱姆这档事 第三季,113818915046008
优树居然在合照里，真是。。。,197.57,1,16776960,2025-01-15 20:38:47,27840548398,60,庆典筹备,关于我转生变成史莱姆这档事 第三季,113818915046008
迪化,1116.635,1,16777215,2025-01-15 20:32:54,27840548398,60,庆典筹备,关于我转生变成史莱姆这档事 第三季,113818915046008
新OP 此处神一样的侧画~大爱每个角色,198.847,5,16777215,2025-01-15 20:30:04,27840548398,60,庆典筹备,关于我转生变成史莱姆这档事 第三季,113818915046008
乡村振兴,774.936,1,16777215,2025-01-15 20:05:37,27840548398,60,庆典筹备,关于我转生变成史莱姆这档事 第三季,113818915046008
这个声音，是谁配的，这么耳熟？！？,47.563,1,16777215,2025-01-15 19:51:56,27840548398,60,庆典筹备,关于我转生变成史莱姆这档事 第三季,113818915046008
斯巴拉西,1153.237,1,16777215,2025-01-15 19:41:35,27840548398,60,庆典筹备,关于我转生变成史莱姆这档事 第三季,113818915046008
这是大工程啊,941.394,5,16777215,2025-01-15 19:29:00,27840548398,60,庆典筹备,关于我转生变成史莱姆这档事 第三季,113818915046008
我嘞个……,570.898,1,16777215,2025-01-15 19:17:56,27840548398,60,庆典筹备,关于我转生变成史莱姆这档事 第三季,113818915046008
笑得奈子疼,671.933,1,16777215,2025-01-15 19:00:47,27840548398,60,庆典筹备,关于我转生变成史莱姆这档事 第三季,113818915046008
搞钱三人组缺个天帝,1082.075,1,16777215,2025-01-15 18:59:15,27840548398,60,庆典筹备,关于我转生变成史莱姆这档事 第三季,113818915046008
先上忠诚,1202.748,5,16777215,2025-01-15 18:45:31,27840548398,60,庆典筹备,关于我转生变成史莱姆这档事 第三季,113818915046008
这叫果蝇企业,1180.44,1,16777215,2025-01-15 18:45:23,27840548398,60,庆典筹备,关于我转生变成史莱姆这档事 第三季,113818915046008
动物园，不对，魔物园,713.017,1,16777215,2025-01-15 18:44:26,27840548398,60,庆典筹备,关于我转生变成史莱姆这档事 第三季,113818915046008
米莉姆也来出席开国庆典啊,1366.059,1,16777215,2025-01-15 18:41:25,27840548398,60,庆典筹备,关于我转生变成史莱姆这档事 第三季,113818915046008
萌王不愧是你,1234.987,1,16777215,2025-01-15 18:34:09,27840548398,60,庆典筹备,关于我转生变成史莱姆这档事 第三季,113818915046008
对啊，好难猜啊,79.625,1,16777215,2025-01-15 18:29:52,27840548398,60,庆典筹备,关于我转生变成史莱姆这档事 第三季,113818915046008
利姆露就是想开庆典啊,682.155,1,16777215,2025-01-15 18:16:48,27840548398,60,庆典筹备,关于我转生变成史莱姆这档事 第三季,113818915046008
上班开会，下班开会,5.427,1,16777215,2025-01-15 18:14:19,27840548398,60,庆典筹备,关于我转生变成史莱姆这档事 第三季,113818915046008
紫苑要办的活动到底会是什么啊,77.975,1,16777215,2025-01-15 18:02:54,27840548398,60,庆典筹备,关于我转生变成史莱姆这档事 第三季,113818915046008
小黑后面确实偷藏了一张画，然后被萌王给没收了,673.367,1,16777215,2026-02-06 11:44:00,27840548398,60,庆典筹备,关于我转生变成史莱姆这档事 第三季,113818915046008
明白人啊,903.679,5,15138834,2025-12-27 22:30:20,27840548398,60,庆典筹备,关于我转生变成史莱姆这档事 第三季,113818915046008
麻花辫萌王可爱捏,1003.391,5,16777215,2025-12-19 22:50:43,27840548398,60,庆典筹备,关于我转生变成史莱姆这档事 第三季,113818915046008
美食无限量供应（bushi）,81.333,1,6830715,2025-12-14 15:20:28,27840548398,60,庆典筹备,关于我转生变成史莱姆这档事 第三季,113818915046008
有点像酷拉皮卡哎,805.171,5,16777215,2025-12-01 20:44:16,27840548398,60,庆典筹备,关于我转生变成史莱姆这档事 第三季,113818915046008
波波：放心我自带座位（,959.186,5,16707842,2025-11-27 11:27:40,27840548398,60,庆典筹备,关于我转生变成史莱姆这档事 第三季,113818915046008
谁说这会不好了？这会开的太好了吧,1036.503,5,16777215,2025-11-09 13:16:24,27840548398,60,庆典筹备,关于我转生变成史莱姆这档事 第三季,113818915046008
史莱姆不是吉祥物的，萌王一直在用智慧之王来治理国政，虽然对萌王自己来说就是个无情的盖章机器,1320.768,1,16777215,2025-11-08 10:30:16,27840548398,60,庆典筹备,关于我转生变成史莱姆这档事 第三季,113818915046008
史莱姆按生理就是母性的，史莱姆生育是靠分裂的，只是萌王心理男,615.373,1,16777215,2025-11-07 13:01:51,27840548398,60,庆典筹备,关于我转生变成史莱姆这档事 第三季,113818915046008
这俩凑一块儿不纯是这俩凑一块儿不就是印钞机吗,1150.844,1,16777215,2025-10-12 23:47:45,27840548398,60,庆典筹备,关于我转生变成史莱姆这档事 第三季,113818915046008
不行了，太燃了，我得去看几集博人传降温,1170.429,1,16777215,2025-08-20 10:59:00,27840548398,60,庆典筹备,关于我转生变成史莱姆这档事 第三季,113818915046008
优树只在想坏的时候坏事，平常还是维持着正常的状态，毕竟是公会长,201.361,1,16777215,2025-08-17 13:47:11,27840548398,60,庆典筹备,关于我转生变成史莱姆这档事 第三季,113818915046008
三个视萌王为绝对信仰的,144.943,1,16777215,2025-08-17 13:45:35,27840548398,60,庆典筹备,关于我转生变成史莱姆这档事 第三季,113818915046008
名场面来袭！,292.214,5,16777215,2025-08-03 16:51:31,27840548398,60,庆典筹备,关于我转生变成史莱姆这档事 第三季,113818915046008
上岸了,1190.799,5,16777215,2025-07-29 11:35:57,27840548398,60,庆典筹备,关于我转生变成史莱姆这档事 第三季,113818915046008
这里的魔王约等于列强势力的头头吧,1318.653,1,16777215,2025-07-29 08:55:21,27840548398,60,庆典筹备,关于我转生变成史莱姆这档事 第三季,113818915046008
这去玩一趟钱包不保,1145.485,1,16777215,2025-07-20 19:42:34,27840548398,60,庆典筹备,关于我转生变成史莱姆这档事 第三季,113818915046008
《不吃美人计》,279.165,5,15138834,2025-07-14 13:01:20,27840548398,60,庆典筹备,关于我转生变成史莱姆这档事 第三季,113818915046008
觉得自己无聊的人，你们无法体验商业头脑的乐趣,1038.571,1,16707842,2025-06-22 21:03:39,27840548398,60,庆典筹备,关于我转生变成史莱姆这档事 第三季,113818915046008
连我都想到了啊,1118.363,5,15138834,2025-06-19 06:14:21,27840548398,60,庆典筹备,关于我转生变成史莱姆这档事 第三季,113818915046008
每个国家的表示嗯，咋回事？怎么突然？,1143.971,1,16777215,2025-06-17 03:14:20,27840548398,60,庆典筹备,关于我转生变成史莱姆这档事 第三季,113818915046008
整个迪士尼,724.329,5,15138834,2025-06-16 12:26:58,27840548398,60,庆典筹备,关于我转生变成史莱姆这档事 第三季,113818915046008
能管理好五万人的组织可是很昂贵的，实际上做不到的,1003.113,1,16777215,2025-06-15 06:32:08,27840548398,60,庆典筹备,关于我转生变成史莱姆这档事 第三季,113818915046008
我已经在狂笑了,396.128,1,16777215,2025-06-07 21:50:43,27840548398,60,庆典筹备,关于我转生变成史莱姆这档事 第三季,113818915046008
是反派但是在主角团视角藏得很好,1361.429,1,16777215,2025-06-04 19:41:41,27840548398,60,庆典筹备,关于我转生变成史莱姆这档事 第三季,113818915046008
两对吃醋的,145.631,1,16777215,2025-05-14 18:16:41,27840548398,60,庆典筹备,关于我转生变成史莱姆这档事 第三季,113818915046008
少侠好颜艺,1373.172,1,16777215,2025-04-29 22:51:02,27840548398,60,庆典筹备,关于我转生变成史莱姆这档事 第三季,113818915046008
优树就是个中间人，两边跑，还是挺有意思的设定的,1351.102,1,16777215,2025-04-19 15:08:29,27840548398,60,庆典筹备,关于我转生变成史莱姆这档事 第三季,113818915046008
这种会还是挺有意思的，只要不是一直一直叙述我已经知道的事就好,1044.048,1,16777215,2025-04-14 22:09:59,27840548398,60,庆典筹备,关于我转生变成史莱姆这档事 第三季,113818915046008
三天一小会，5天一大会，10天一庆典,691.775,1,16777215,2025-04-14 19:54:49,27840548398,60,庆典筹备,关于我转生变成史莱姆这档事 第三季,113818915046008
两个商业鬼才,1151.57,1,16777215,2025-04-13 23:25:17,27840548398,60,庆典筹备,关于我转生变成史莱姆这档事 第三季,113818915046008
社交的手腕，暗黑心理学，食人树,1094.822,5,16777215,2025-04-12 01:51:43,27840548398,60,庆典筹备,关于我转生变成史莱姆这档事 第三季,113818915046008
我记得萌王救过这个富商一命,509.103,5,41194,2025-04-11 22:19:38,27840548398,60,庆典筹备,关于我转生变成史莱姆这档事 第三季,113818915046008
美丽的魔物公主,455.778,1,16777215,2025-04-04 22:32:35,27840548398,60,庆典筹备,关于我转生变成史莱姆这档事 第三季,113818915046008
白老女儿，粉毛狐狸,171.181,1,6830715,2025-04-04 12:42:36,27840548398,60,庆典筹备,关于我转生变成史莱姆这档事 第三季,113818915046008
紫菀学拉琴去了,76.613,5,6830715,2025-04-04 12:40:13,27840548398,60,庆典筹备,关于我转生变成史莱姆这档事 第三季,113818915046008
就决定是你了财政大臣,1175.933,1,15138834,2025-03-31 01:09:43,27840548398,60,庆典筹备,关于我转生变成史莱姆这档事 第三季,113818915046008
萌王：那我来,240.028,1,16777215,2025-03-30 01:59:16,27840548398,60,庆典筹备,关于我转生变成史莱姆这档事 第三季,113818915046008
阿库娅的即视感,1078.602,1,16777215,2025-03-26 07:53:56,27840548398,60,庆典筹备,关于我转生变成史莱姆这档事 第三季,113818915046008
旅游管理专业的看的一愣一愣的以为上着课睡着了,1000.165,1,16777215,2025-03-25 02:33:04,27840548398,60,庆典筹备,关于我转生变成史莱姆这档事 第三季,113818915046008
打印机都研发也差不多可以提上日程了吧，这邀请函这么多还要一张一张手写,23.604,1,16777215,2025-03-23 21:30:13,27840548398,60,庆典筹备,关于我转生变成史莱姆这档事 第三季,113818915046008
不 你还是别说了,812.902,5,16777215,2025-03-21 12:02:31,27840548398,60,庆典筹备,关于我转生变成史莱姆这档事 第三季,113818915046008
您也是罗马人？,923.694,1,15138834,2025-03-20 12:10:41,27840548398,60,庆典筹备,关于我转生变成史莱姆这档事 第三季,113818915046008
完了，兄弟们这辈子开的会全在这里了,4.29,1,16777215,2025-03-18 09:37:35,27840548398,60,庆典筹备,关于我转生变成史莱姆这档事 第三季,113818915046008
还是黑手哥,478.543,5,16777215,2025-03-15 03:56:30,27840548398,60,庆典筹备,关于我转生变成史莱姆这档事 第三季,113818915046008
啊？日语口音是精灵吧？长耳是精灵？,468.185,1,16777215,2025-03-11 23:16:44,27840548398,60,庆典筹备,关于我转生变成史莱姆这档事 第三季,113818915046008
好美！,1245.555,1,9033215,2025-03-06 20:46:57,27840548398,60,庆典筹备,关于我转生变成史莱姆这档事 第三季,113818915046008
路走宽了,685.572,1,16777215,2025-03-03 11:27:08,27840548398,60,庆典筹备,关于我转生变成史莱姆这档事 第三季,113818915046008
紫苑的菜也能让他哑口无言,258.685,1,16777215,2025-02-27 11:39:12,27840548398,60,庆典筹备,关于我转生变成史莱姆这档事 第三季,113818915046008
基建队的猪猪们！来大活了！,943.616,1,16777215,2025-02-23 23:30:41,27840548398,60,庆典筹备,关于我转生变成史莱姆这档事 第三季,113818915046008
第三季就是，开会，散会，开会，散会,16.171,1,16777215,2025-02-23 15:52:41,27840548398,60,庆典筹备,关于我转生变成史莱姆这档事 第三季,113818915046008
看来是换日常了,142.672,1,16777215,2025-02-19 20:08:34,27840548398,60,庆典筹备,关于我转生变成史莱姆这档事 第三季,113818915046008
利姆露使用了美人计,881.963,1,16777215,2025-02-18 09:03:27,27840548398,60,庆典筹备,关于我转生变成史莱姆这档事 第三季,113818915046008
食人树,293.434,5,41194,2025-02-15 04:51:02,27840548398,60,庆典筹备,关于我转生变成史莱姆这档事 第三季,113818915046008
鬼知道我听了多少遍,1223.133,1,11890,2025-02-12 16:37:42,27840548398,60,庆典筹备,关于我转生变成史莱姆这档事 第三季,113818915046008
我服了笑死我了敢死队,611.509,1,16777215,2025-02-12 10:17:41,27840548398,60,庆典筹备,关于我转生变成史莱姆这档事 第三季,113818915046008
漫画是捏脸+跳脚,409.098,1,16777215,2025-02-12 00:14:21,27840548398,60,庆典筹备,关于我转生变成史莱姆这档事 第三季,113818915046008
这集不水的，这个比武很重要,1020.79,5,15138834,2025-02-10 15:36:25,27840548398,60,庆典筹备,关于我转生变成史莱姆这档事 第三季,113818915046008
社交的手腕！,1066.844,1,8700107,2025-02-08 14:06:10,27840548398,60,庆典筹备,关于我转生变成史莱姆这档事 第三季,113818915046008
好可爱的op,164.774,1,16777215,2025-02-08 02:45:31,27840548398,60,庆典筹备,关于我转生变成史莱姆这档事 第三季,113818915046008
《三千州天才大会》,869.686,1,16777215,2025-02-06 01:45:22,27840548398,60,庆典筹备,关于我转生变成史莱姆这档事 第三季,113818915046008
这个配角竟有内心戏。。。,856.126,1,16777215,2025-02-05 19:22:31,27840548398,60,庆典筹备,关于我转生变成史莱姆这档事 第三季,113818915046008
是反派 但是现在都还不知道呢,1350.395,1,16777215,2025-02-04 19:54:53,27840548398,60,庆典筹备,关于我转生变成史莱姆这档事 第三季,113818915046008
导师给学生派活既视感,1057.984,1,16777215,2025-02-04 19:48:34,27840548398,60,庆典筹备,关于我转生变成史莱姆这档事 第三季,113818915046008
啊…是君啊……,855.829,1,16777215,2025-02-03 01:48:18,27840548398,60,庆典筹备,关于我转生变成史莱姆这档事 第三季,113818915046008
别人都在打仗，谁会想这个？,733.074,5,41194,2025-02-03 01:20:45,27840548398,60,庆典筹备,关于我转生变成史莱姆这档事 第三季,113818915046008
商业互吹,1145.325,1,16777215,2025-02-02 20:33:31,27840548398,60,庆典筹备,关于我转生变成史莱姆这档事 第三季,113818915046008
萌王也太可爱。。,674.519,5,41194,2025-02-01 02:52:10,27840548398,60,庆典筹备,关于我转生变成史莱姆这档事 第三季,113818915046008
找工作，上boss直聘,886.304,1,16777215,2025-02-01 02:39:05,27840548398,60,庆典筹备,关于我转生变成史莱姆这档事 第三季,113818915046008
整个网吧,727.464,1,16777215,2025-01-31 01:01:48,27840548398,60,庆典筹备,关于我转生变成史莱姆这档事 第三季,113818915046008
舒婷！！！！！！！！！！！！！！,424.243,1,16777215,2025-01-30 15:45:19,27840548398,60,庆典筹备,关于我转生变成史莱姆这档事 第三季,113818915046008
火龙烤串！,586.002,1,16777215,2025-01-30 12:46:06,27840548398,60,庆典筹备,关于我转生变成史莱姆这档事 第三季,113818915046008
要换位置了，挚友,285.285,1,16777215,2025-01-30 01:05:48,27840548398,60,庆典筹备,关于我转生变成史莱姆这档事 第三季,113818915046008
麻花辫！！！,44.19,1,16777215,2025-01-25 14:25:50,27840548398,60,庆典筹备,关于我转生变成史莱姆这档事 第三季,113818915046008
五个倒霉蛋,653.437,1,16777215,2025-01-25 00:31:17,27840548398,60,庆典筹备,关于我转生变成史莱姆这档事 第三季,113818915046008
第一季萌王干掉飞龙顺便就下的未来干部（doge,486.311,1,16777215,2025-01-24 09:32:43,27840548398,60,庆典筹备,关于我转生变成史莱姆这档事 第三季,113818915046008
看的就是这个基建日常,1259.304,5,16777215,2025-01-23 11:35:38,27840548398,60,庆典筹备,关于我转生变成史莱姆这档事 第三季,113818915046008
这是谁来着，忘了,1230.182,1,16777215,2025-01-23 00:09:19,27840548398,60,庆典筹备,关于我转生变成史莱姆这档事 第三季,113818915046008
我也忘了这人是谁,476.283,1,16777215,2025-01-22 23:56:38,27840548398,60,庆典筹备,关于我转生变成史莱姆这档事 第三季,113818915046008
没有这个人，萌王建不了国！,493.969,1,16777215,2025-01-22 23:48:41,27840548398,60,庆典筹备,关于我转生变成史莱姆这档事 第三季,113818915046008
俩人演出反派的样子,1181.997,1,16777215,2025-01-21 21:30:12,27840548398,60,庆典筹备,关于我转生变成史莱姆这档事 第三季,113818915046008
金色闪光，何时来的？,821.971,5,16707842,2025-01-21 01:12:19,27840548398,60,庆典筹备,关于我转生变成史莱姆这档事 第三季,113818915046008
家乡的味道,267.986,1,16777215,2025-01-21 00:27:12,27840548398,60,庆典筹备,关于我转生变成史莱姆这档事 第三季,113818915046008
谁还记得要给维鲁德拉的铁板烧找5个人帮忙,1025.808,1,16777215,2025-01-20 14:55:05,27840548398,60,庆典筹备,关于我转生变成史莱姆这档事 第三季,113818915046008
开会开会两个人开小会,981.031,1,16777215,2025-01-20 06:55:55,27840548398,60,庆典筹备,关于我转生变成史莱姆这档事 第三季,113818915046008
我趣 还能这样,1103.316,1,16777215,2025-01-19 23:46:29,27840548398,60,庆典筹备,关于我转生变成史莱姆这档事 第三季,113818915046008
这活我接了，再找四个吧,645.72,5,16777215,2025-01-19 04:42:55,27840548398,60,庆典筹备,关于我转生变成史莱姆这档事 第三季,113818915046008
不怕大地开光能使者过来吗？,345.368,1,16777215,2025-01-18 21:13:55,27840548398,60,庆典筹备,关于我转生变成史莱姆这档事 第三季,113818915046008
开会能接受，但请务必是这么可爱的公主形态,1271.975,1,16777215,2025-01-18 20:38:34,27840548398,60,庆典筹备,关于我转生变成史莱姆这档事 第三季,113818915046008
我的天际线之魂要燃起来了，回去就开一局doge,1266.059,1,16777215,2025-01-18 17:49:31,27840548398,60,庆典筹备,关于我转生变成史莱姆这档事 第三季,113818915046008
辛逝记族（doge）,343.087,1,16777215,2025-01-18 17:29:03,27840548398,60,庆典筹备,关于我转生变成史莱姆这档事 第三季,113818915046008
哈哈哈哈哈哈哈,1118.507,5,16777215,2025-01-18 14:19:22,27840548398,60,庆典筹备,关于我转生变成史莱姆这档事 第三季,113818915046008
萌王以前就是搞业务的,1035.003,1,16777215,2025-01-18 04:40:00,27840548398,60,庆典筹备,关于我转生变成史莱姆这档事 第三季,113818915046008
这不是吃了吗,278.226,5,41194,2025-01-17 23:49:11,27840548398,60,庆典筹备,关于我转生变成史莱姆这档事 第三季,113818915046008
正幸，以后中二龙的姐夫,860.117,1,16777215,2025-01-17 19:36:20,27840548398,60,庆典筹备,关于我转生变成史莱姆这档事 第三季,113818915046008
这个手势,1071.115,1,16777215,2025-01-17 16:17:12,27840548398,60,庆典筹备,关于我转生变成史莱姆这档事 第三季,113818915046008
鸡蛋卷而已..,279.235,1,16777215,2025-01-17 13:10:02,27840548398,60,庆典筹备,关于我转生变成史莱姆这档事 第三季,113818915046008
走出个通天大道～宽又阔～,1204.711,1,16777215,2025-01-17 13:05:07,27840548398,60,庆典筹备,关于我转生变成史莱姆这档事 第三季,113818915046008
添柴！,446.96,5,16777215,2025-01-17 01:33:03,27840548398,60,庆典筹备,关于我转生变成史莱姆这档事 第三季,113818915046008
天下第一武斗大会,861.348,1,16777215,2025-01-16 21:31:49,27840548398,60,庆典筹备,关于我转生变成史莱姆这档事 第三季,113818915046008
未来的商业部长,487.113,1,16777215,2025-01-16 20:19:58,27840548398,60,庆典筹备,关于我转生变成史莱姆这档事 第三季,113818915046008
伺候神仙,575.732,1,16777215,2025-01-16 19:51:20,27840548398,60,庆典筹备,关于我转生变成史莱姆这档事 第三季,113818915046008
这个很累，几千封信重复写，很累的,25.425,1,16777215,2025-01-16 18:43:17,27840548398,60,庆典筹备,关于我转生变成史莱姆这档事 第三季,113818915046008
决斗场就是迷宫了,853.822,1,16777215,2025-01-16 18:23:08,27840548398,60,庆典筹备,关于我转生变成史莱姆这档事 第三季,113818915046008
纳尼背景国内做的？,1444.237,1,16777215,2025-01-16 18:04:31,27840548398,60,庆典筹备,关于我转生变成史莱姆这档事 第三季,113818915046008
认不认识都会害怕啊，毕竟一不小心毁了一座城啊233,613.955,1,16777215,2025-01-16 16:42:35,27840548398,60,庆典筹备,关于我转生变成史莱姆这档事 第三季,113818915046008
《让我满意》,1153.646,1,16777215,2025-01-16 14:15:22,27840548398,60,庆典筹备,关于我转生变成史莱姆这档事 第三季,113818915046008
迪亚波罗会不会在里面,933.199,1,16777215,2025-01-16 13:57:32,27840548398,60,庆典筹备,关于我转生变成史莱姆这档事 第三季,113818915046008
旅游业发展起来哈哈哈哈哈,752.996,1,16777215,2025-01-16 13:44:34,27840548398,60,庆典筹备,关于我转生变成史莱姆这档事 第三季,113818915046008
因为这个世界的饭难吃吧,284.448,1,16777215,2025-01-16 13:17:18,27840548398,60,庆典筹备,关于我转生变成史莱姆这档事 第三季,113818915046008
脸红个泡泡茶壶,245.156,1,16777215,2025-01-16 12:37:03,27840548398,60,庆典筹备,关于我转生变成史莱姆这档事 第三季,113818915046008
开个迪士尼吧,727.848,1,16777215,2025-01-16 12:30:04,27840548398,60,庆典筹备,关于我转生变成史莱姆这档事 第三季,113818915046008
桐人＋UGO＋亚丝娜,799.635,1,16777215,2025-01-16 09:23:30,27840548398,60,庆典筹备,关于我转生变成史莱姆这档事 第三季,113818915046008
小丫头,386.213,1,16777215,2025-01-16 09:15:34,27840548398,60,庆典筹备,关于我转生变成史莱姆这档事 第三季,113818915046008
聊天挺好的，日常，还能了解内容,1266.738,1,16777215,2025-01-16 02:09:54,27840548398,60,庆典筹备,关于我转生变成史莱姆这档事 第三季,113818915046008
笑死,592.563,1,16777215,2025-01-16 01:46:37,27840548398,60,庆典筹备,关于我转生变成史莱姆这档事 第三季,113818915046008
加宜居度,851.79,1,16777215,2025-01-16 01:14:38,27840548398,60,庆典筹备,关于我转生变成史莱姆这档事 第三季,113818915046008
社交的手腕,345.811,1,16777215,2025-01-16 00:05:03,27840548398,60,庆典筹备,关于我转生变成史莱姆这档事 第三季,113818915046008
我觉得挺有趣的呀这集,1132.354,1,16777215,2025-01-15 23:30:36,27840548398,60,庆典筹备,关于我转生变成史莱姆这档事 第三季,113818915046008
你这药水 五颜六色的,43.6,1,16777215,2025-01-15 23:21:25,27840548398,60,庆典筹备,关于我转生变成史莱姆这档事 第三季,113818915046008
觉得开会无聊的左上，没人在意你看不看,1121.472,5,16777215,2025-01-15 22:44:03,27840548398,60,庆典筹备,关于我转生变成史莱姆这档事 第三季,113818915046008
只要搞不死，就往死里搞是吧,1160.139,5,16777215,2025-01-15 22:02:41,27840548398,60,庆典筹备,关于我转生变成史莱姆这档事 第三季,113818915046008
后面那位要释放阿利斯古了嘛,420.69,1,16777215,2025-01-15 20:57:42,27840548398,60,庆典筹备,关于我转生变成史莱姆这档事 第三季,113818915046008
我觉得没几个不吃的。。。,243.986,1,16776960,2025-01-15 20:40:25,27840548398,60,庆典筹备,关于我转生变成史莱姆这档事 第三季,113818915046008
又水了一集哈哈哈,1390.249,1,16777215,2025-01-15 20:16:36,27840548398,60,庆典筹备,关于我转生变成史莱姆这档事 第三季,113818915046008
你应该庆幸迪亚波罗不在……,389.804,1,16777215,2025-01-15 19:47:28,27840548398,60,庆典筹备,关于我转生变成史莱姆这档事 第三季,113818915046008
主角还是这么美,673.18,1,16777215,2025-01-15 19:31:36,27840548398,60,庆典筹备,关于我转生变成史莱姆这档事 第三季,113818915046008
并非深谋,1125.48,1,16777215,2025-01-15 19:01:08,27840548398,60,庆典筹备,关于我转生变成史莱姆这档事 第三季,113818915046008
你不吃我吃,239.491,1,16777215,2025-01-15 18:39:21,27840548398,60,庆典筹备,关于我转生变成史莱姆这档事 第三季,113818915046008
迷宫终于提上日程了？,712.331,1,16777215,2025-01-15 18:38:56,27840548398,60,庆典筹备,关于我转生变成史莱姆这档事 第三季,113818915046008
谁还记得她是个大叔,72.193,1,16777215,2025-01-15 18:37:57,27840548398,60,庆典筹备,关于我转生变成史莱姆这档事 第三季,113818915046008
可爱捏,73.951,1,16777215,2025-01-15 18:29:31,27840548398,60,庆典筹备,关于我转生变成史莱姆这档事 第三季,113818915046008
这难道就是传说中的九转大肠？,270.448,1,16777215,2025-01-15 18:29:29,27840548398,60,庆典筹备,关于我转生变成史莱姆这档事 第三季,113818915046008
社交的手腕,328.0,1,16777215,2025-01-15 18:12:39,27840548398,60,庆典筹备,关于我转生变成史莱姆这档事 第三季,113818915046008
蹲点成功理由放假,0.0,1,16777215,2025-01-15 18:01:09,27840548398,60,庆典筹备,关于我转生变成史莱姆这档事 第三季,113818915046008
我完全理解迪亚波罗了,96.841,5,15138834,2026-01-20 21:04:13,27840548398,60,庆典筹备,关于我转生变成史莱姆这档事 第三季,113818915046008
钱是不会缺的，毕竟之前战争拿的赔款就花不完》》,922.129,1,16777215,2026-01-11 15:27:32,27840548398,60,庆典筹备,关于我转生变成史莱姆这档事 第三季,113818915046008
麻花辫我好爱！！！,871.569,5,41194,2026-01-10 20:34:29,27840548398,60,庆典筹备,关于我转生变成史莱姆这档事 第三季,113818915046008
wow这幅画好有神性,455.336,5,16777215,2025-12-27 22:27:24,27840548398,60,庆典筹备,关于我转生变成史莱姆这档事 第三季,113818915046008
两人已经聊的不知天地为何物了,1160.736,1,16777215,2025-12-14 22:12:19,27840548398,60,庆典筹备,关于我转生变成史莱姆这档事 第三季,113818915046008
美丽的魔物公主哟！,562.303,5,9033215,2025-12-11 23:01:27,27840548398,60,庆典筹备,关于我转生变成史莱姆这档事 第三季,113818915046008
「挖墙脚之王」发动了,1182.703,5,16777215,2025-11-02 01:48:34,27840548398,60,庆典筹备,关于我转生变成史莱姆这档事 第三季,113818915046008
后面的画真的很好看啊啊啊有品！,680.444,1,16777215,2025-10-27 22:40:41,27840548398,60,庆典筹备,关于我转生变成史莱姆这档事 第三季,113818915046008
放心，优树和他的手下不会直接对利姆露的人动手,1377.352,1,16777215,2025-10-13 00:58:37,27840548398,60,庆典筹备,关于我转生变成史莱姆这档事 第三季,113818915046008
对魔王不敬，确实是很好的摆脱关系的理由,412.279,1,16777215,2025-10-02 07:20:47,27840548398,60,庆典筹备,关于我转生变成史莱姆这档事 第三季,113818915046008
你永远不知道你的同事的奇妙经历,640.763,1,16777215,2025-09-11 07:44:45,27840548398,60,庆典筹备,关于我转生变成史莱姆这档事 第三季,113818915046008
叫长耳族是为了和元素精灵作区分，不然都叫精灵容易混淆,359.764,1,16777215,2025-08-31 07:05:07,27840548398,60,庆典筹备,关于我转生变成史莱姆这档事 第三季,113818915046008
不太人道啊……哦这是魔物国家，那没事了,1113.491,1,16777215,2025-08-26 23:01:06,27840548398,60,庆典筹备,关于我转生变成史莱姆这档事 第三季,113818915046008
已经在奸商的路上一去不复返了,1142.037,1,16777215,2025-08-19 17:14:04,27840548398,60,庆典筹备,关于我转生变成史莱姆这档事 第三季,113818915046008
《利姆露爷爷用石头击落恶龙》,379.003,5,16777215,2025-08-18 06:23:03,27840548398,60,庆典筹备,关于我转生变成史莱姆这档事 第三季,113818915046008
因为正幸会在后面单独有一集讲，所以这里剧本没有剧透,822.479,1,16777215,2025-08-16 09:12:31,27840548398,60,庆典筹备,关于我转生变成史莱姆这档事 第三季,113818915046008
特意画的壁画肯定要有点特写。,672.212,1,16777215,2025-08-15 17:42:40,27840548398,60,庆典筹备,关于我转生变成史莱姆这档事 第三季,113818915046008
这个商人闭上嘴好好笑,1147.551,5,16777215,2025-08-04 21:51:03,27840548398,60,庆典筹备,关于我转生变成史莱姆这档事 第三季,113818915046008
美好的一天，从遇到一个魔王结束,1215.724,1,15138834,2025-07-28 02:01:54,27840548398,60,庆典筹备,关于我转生变成史莱姆这档事 第三季,113818915046008
美丽的魔物公主！！！,70.863,1,16777215,2025-07-27 01:33:24,27840548398,60,庆典筹备,关于我转生变成史莱姆这档事 第三季,113818915046008
忠诚！,1200.304,1,15138834,2025-07-24 20:31:41,27840548398,60,庆典筹备,关于我转生变成史莱姆这档事 第三季,113818915046008
官方亲闺女这是,1398.747,1,16777215,2025-07-20 11:46:19,27840548398,60,庆典筹备,关于我转生变成史莱姆这档事 第三季,113818915046008
口碑这一块嗷,853.415,1,16777215,2025-07-08 00:21:02,27840548398,60,庆典筹备,关于我转生变成史莱姆这档事 第三季,113818915046008
好像梦色糕点师巴黎篇里面那个种橘子树的甜点师,221.762,1,16777215,2025-06-25 20:29:21,27840548398,60,庆典筹备,关于我转生变成史莱姆这档事 第三季,113818915046008
好好好！boss直聘是吧~,1176.248,5,9033215,2025-06-23 19:11:57,27840548398,60,庆典筹备,关于我转生变成史莱姆这档事 第三季,113818915046008
五蚂蚁！！！,274.067,5,16707842,2025-06-19 07:32:40,27840548398,60,庆典筹备,关于我转生变成史莱姆这档事 第三季,113818915046008
我不行了真的好可爱www,1214.695,5,16777215,2025-06-18 01:12:30,27840548398,60,庆典筹备,关于我转生变成史莱姆这档事 第三季,113818915046008
萌王:这么有诚意奖励你跟我打一场,893.197,5,15138834,2025-06-05 19:30:05,27840548398,60,庆典筹备,关于我转生变成史莱姆这档事 第三季,113818915046008
左下角支配者,180.332,1,16777215,2025-06-01 21:59:45,27840548398,60,庆典筹备,关于我转生变成史莱姆这档事 第三季,113818915046008
主要都害怕那条龙,590.771,1,16707842,2025-05-31 10:21:04,27840548398,60,庆典筹备,关于我转生变成史莱姆这档事 第三季,113818915046008
跟某个龙女一样,1232.781,1,16777215,2025-05-27 19:48:00,27840548398,60,庆典筹备,关于我转生变成史莱姆这档事 第三季,113818915046008
可能这幅画后面是关键哈，所以才多给特写,566.69,1,16777215,2025-05-24 15:44:44,27840548398,60,庆典筹备,关于我转生变成史莱姆这档事 第三季,113818915046008
萌王负责社交和招揽优秀人才体现诚意，手下干活,1387.11,1,16740868,2025-05-07 18:13:34,27840548398,60,庆典筹备,关于我转生变成史莱姆这档事 第三季,113818915046008
她不能要做饭吧……,82.451,1,16777215,2025-05-04 22:47:22,27840548398,60,庆典筹备,关于我转生变成史莱姆这档事 第三季,113818915046008
我想米莉姆了,1249.275,1,16777215,2025-05-04 02:44:34,27840548398,60,庆典筹备,关于我转生变成史莱姆这档事 第三季,113818915046008
发展旅游业是吧,715.421,5,16777215,2025-05-03 20:57:37,27840548398,60,庆典筹备,关于我转生变成史莱姆这档事 第三季,113818915046008
史莱姆骗吃骗喝（）,28.335,1,16777215,2025-04-29 21:25:26,27840548398,60,庆典筹备,关于我转生变成史莱姆这档事 第三季,113818915046008
这个不错，听着就很爽,1004.758,1,16777215,2025-04-27 20:48:16,27840548398,60,庆典筹备,关于我转生变成史莱姆这档事 第三季,113818915046008
收割机啊,1144.105,1,16777215,2025-04-26 12:46:22,27840548398,60,庆典筹备,关于我转生变成史莱姆这档事 第三季,113818915046008
没有人会拒绝魔王的庇护,1206.056,1,16777215,2025-04-20 00:34:17,27840548398,60,庆典筹备,关于我转生变成史莱姆这档事 第三季,113818915046008
现在人太浮躁了，这几集做的很好的,1265.393,1,16777215,2025-04-19 22:59:16,27840548398,60,庆典筹备,关于我转生变成史莱姆这档事 第三季,113818915046008
猪人数量是因为食物才停下来，要多少有多少,983.166,1,16777215,2025-04-14 22:08:24,27840548398,60,庆典筹备,关于我转生变成史莱姆这档事 第三季,113818915046008
声音都变夹了哈哈,678.454,1,16777215,2025-04-14 18:23:38,27840548398,60,庆典筹备,关于我转生变成史莱姆这档事 第三季,113818915046008
呀咧呀咧，无法阻止的大小姐(bushi),657.94,1,16777215,2025-04-12 03:55:54,27840548398,60,庆典筹备,关于我转生变成史莱姆这档事 第三季,113818915046008
嘴角都要扬到天上了,1209.084,5,41194,2025-04-11 22:41:30,27840548398,60,庆典筹备,关于我转生变成史莱姆这档事 第三季,113818915046008
王龙剑菈菈大战龙神,454.469,1,16777215,2025-04-04 14:06:09,27840548398,60,庆典筹备,关于我转生变成史莱姆这档事 第三季,113818915046008
产业链啊,1111.519,5,16777215,2025-04-02 23:27:08,27840548398,60,庆典筹备,关于我转生变成史莱姆这档事 第三季,113818915046008
建国番，看着真的很有意思啊,1278.759,1,16777215,2025-03-22 14:35:32,27840548398,60,庆典筹备,关于我转生变成史莱姆这档事 第三季,113818915046008
产业链出现了,1107.41,1,16777215,2025-03-21 13:52:27,27840548398,60,庆典筹备,关于我转生变成史莱姆这档事 第三季,113818915046008
只要不开会 日常看起来也挺有意思的,1057.49,1,16777215,2025-03-21 13:51:08,27840548398,60,庆典筹备,关于我转生变成史莱姆这档事 第三季,113818915046008
我就一个提议 夜 之 蝶！,772.949,5,11890,2025-03-21 11:27:31,27840548398,60,庆典筹备,关于我转生变成史莱姆这档事 第三季,113818915046008
AAA土木工程猪哥,716.459,1,16777215,2025-03-20 16:09:07,27840548398,60,庆典筹备,关于我转生变成史莱姆这档事 第三季,113818915046008
萌王也太可爱了,1275.074,1,16777215,2025-03-15 16:39:26,27840548398,60,庆典筹备,关于我转生变成史莱姆这档事 第三季,113818915046008
我对萌王一心一意,674.308,1,16777215,2025-03-14 20:14:04,27840548398,60,庆典筹备,关于我转生变成史莱姆这档事 第三季,113818915046008
火车的无座票    全名叫无固定座位票      只要有空位就可以坐,964.042,1,16777215,2025-03-13 15:01:04,27840548398,60,庆典筹备,关于我转生变成史莱姆这档事 第三季,113818915046008
派五个不怕死的去,585.72,1,16777215,2025-03-13 14:11:36,27840548398,60,庆典筹备,关于我转生变成史莱姆这档事 第三季,113818915046008
没想到吧？我们不止能开会，我们还能开奥运会,1037.533,1,16777215,2025-03-08 14:53:53,27840548398,60,庆典筹备,关于我转生变成史莱姆这档事 第三季,113818915046008
挖人吗 笑死我了,231.367,1,16777215,2025-03-07 11:45:15,27840548398,60,庆典筹备,关于我转生变成史莱姆这档事 第三季,113818915046008
这集商人声优真是发财了,1037.47,1,16777215,2025-03-06 03:08:26,27840548398,60,庆典筹备,关于我转生变成史莱姆这档事 第三季,113818915046008
而且好像是蕾因画的,381.91,5,16777215,2025-03-05 01:00:28,27840548398,60,庆典筹备,关于我转生变成史莱姆这档事 第三季,113818915046008
boss直骗,1206.775,1,16777215,2025-02-27 01:21:43,27840548398,60,庆典筹备,关于我转生变成史莱姆这档事 第三季,113818915046008
小老弟，真勇,404.489,5,16777215,2025-02-27 00:52:38,27840548398,60,庆典筹备,关于我转生变成史莱姆这档事 第三季,113818915046008
哈哈哈哈哈哈哈哈哈,382.464,1,16777215,2025-02-25 07:55:29,27840548398,60,庆典筹备,关于我转生变成史莱姆这档事 第三季,113818915046008
美丽的魔物公主,1050.854,1,16777215,2025-02-24 21:58:51,27840548398,60,庆典筹备,关于我转生变成史莱姆这档事 第三季,113818915046008
人是男的，外观是女的，史莱姆本体没性别,523.877,1,16777215,2025-02-23 20:43:55,27840548398,60,庆典筹备,关于我转生变成史莱姆这档事 第三季,113818915046008
萌王再搞个偶像出道就能征服半个世界（,1008.153,1,16777215,2025-02-20 23:55:57,27840548398,60,庆典筹备,关于我转生变成史莱姆这档事 第三季,113818915046008
报君黄金台上意,1190.395,1,16777215,2025-02-20 14:28:18,27840548398,60,庆典筹备,关于我转生变成史莱姆这档事 第三季,113818915046008
后面的是不是米魔王？,1438.057,1,16777215,2025-02-20 09:18:26,27840548398,60,庆典筹备,关于我转生变成史莱姆这档事 第三季,113818915046008
从项目经理的角度感觉，这家伙向上管理能力也太强了吧,1049.219,1,16777215,2025-02-16 12:09:38,27840548398,60,庆典筹备,关于我转生变成史莱姆这档事 第三季,113818915046008
文旅人职业病要犯了。。。,996.177,1,16777215,2025-02-14 02:31:55,27840548398,60,庆典筹备,关于我转生变成史莱姆这档事 第三季,113818915046008
收编了,1199.997,5,41194,2025-02-13 21:42:12,27840548398,60,庆典筹备,关于我转生变成史莱姆这档事 第三季,113818915046008
玉子烧我感觉还没我家炒蛋好吃,282.329,1,16777215,2025-02-13 09:26:08,27840548398,60,庆典筹备,关于我转生变成史莱姆这档事 第三季,113818915046008
朱菜对我一心一意,109.011,1,16777215,2025-02-13 02:58:55,27840548398,60,庆典筹备,关于我转生变成史莱姆这档事 第三季,113818915046008
户部尚书,1187.164,1,16777215,2025-02-11 13:11:06,27840548398,60,庆典筹备,关于我转生变成史莱姆这档事 第三季,113818915046008
利姆露：提供情绪价值,1044.325,1,16777215,2025-02-10 00:13:31,27840548398,60,庆典筹备,关于我转生变成史莱姆这档事 第三季,113818915046008
太可爱啦！！,1219.565,1,16777215,2025-02-09 23:35:58,27840548398,60,庆典筹备,关于我转生变成史莱姆这档事 第三季,113818915046008
小黑高低把这画毛了,458.422,1,16777215,2025-02-09 12:44:46,27840548398,60,庆典筹备,关于我转生变成史莱姆这档事 第三季,113818915046008
这是真完蛋了,408.318,1,16777215,2025-02-09 02:47:15,27840548398,60,庆典筹备,关于我转生变成史莱姆这档事 第三季,113818915046008
不对，进度条怎么在这里,1024.773,5,16777215,2025-02-09 02:34:23,27840548398,60,庆典筹备,关于我转生变成史莱姆这档事 第三季,113818915046008
哥布林也是长耳啊,366.881,1,16777215,2025-02-08 18:37:16,27840548398,60,庆典筹备,关于我转生变成史莱姆这档事 第三季,113818915046008
卧槽古烈,418.675,1,16777215,2025-02-07 23:33:32,27840548398,60,庆典筹备,关于我转生变成史莱姆这档事 第三季,113818915046008
依旧是很有魅力的萌王，做什么事情肯定有详细的计划啦,1028.772,1,16777215,2025-02-07 16:13:01,27840548398,60,庆典筹备,关于我转生变成史莱姆这档事 第三季,113818915046008
这个才是大老板,400.777,1,15138834,2025-02-07 01:25:01,27840548398,60,庆典筹备,关于我转生变成史莱姆这档事 第三季,113818915046008
新op呀，试试咸淡,116.426,1,16777215,2025-02-05 18:57:33,27840548398,60,庆典筹备,关于我转生变成史莱姆这档事 第三季,113818915046008
这种甲方好爽啊,953.149,1,16777215,2025-02-04 17:41:31,27840548398,60,庆典筹备,关于我转生变成史莱姆这档事 第三季,113818915046008
比如自己可以做的事情都被暑假分担完了？,699.889,5,41194,2025-02-03 01:20:05,27840548398,60,庆典筹备,关于我转生变成史莱姆这档事 第三季,113818915046008
交际花,1323.061,1,16777215,2025-02-03 00:55:25,27840548398,60,庆典筹备,关于我转生变成史莱姆这档事 第三季,113818915046008
麻蛋，半夜看到这个饿了,532.915,1,16777215,2025-02-03 00:48:25,27840548398,60,庆典筹备,关于我转生变成史莱姆这档事 第三季,113818915046008
绝美侧颜,613.627,1,16777215,2025-02-02 22:43:09,27840548398,60,庆典筹备,关于我转生变成史莱姆这档事 第三季,113818915046008
古罗马斗兽场,921.819,1,16777215,2025-02-02 20:29:26,27840548398,60,庆典筹备,关于我转生变成史莱姆这档事 第三季,113818915046008
小子路走的可太宽了,698.996,1,16777215,2025-02-02 20:25:09,27840548398,60,庆典筹备,关于我转生变成史莱姆这档事 第三季,113818915046008
识人术，社交的手腕，人性的秘密,327.167,1,16777215,2025-02-02 20:18:03,27840548398,60,庆典筹备,关于我转生变成史莱姆这档事 第三季,113818915046008
这句五蚂蚁令个情不自禁的想到某位大哥,279.137,1,16777215,2025-02-02 03:46:16,27840548398,60,庆典筹备,关于我转生变成史莱姆这档事 第三季,113818915046008
就是想到什么做什么哈哈哈没有规划,789.053,5,14811775,2025-02-01 15:34:11,27840548398,60,庆典筹备,关于我转生变成史莱姆这档事 第三季,113818915046008
漫画党每次看到他都想笑,800.018,1,16777215,2025-01-31 23:39:58,27840548398,60,庆典筹备,关于我转生变成史莱姆这档事 第三季,113818915046008
这俩咋认识的嘞？,468.528,1,15138834,2025-01-30 23:55:09,27840548398,60,庆典筹备,关于我转生变成史莱姆这档事 第三季,113818915046008
正幸还能鲁德拉附身秒杀全场,854.772,1,16777215,2025-01-30 14:04:23,27840548398,60,庆典筹备,关于我转生变成史莱姆这档事 第三季,113818915046008
哈哈哈哈哈好可爱的两人,1082.492,1,16777215,2025-01-29 15:04:38,27840548398,60,庆典筹备,关于我转生变成史莱姆这档事 第三季,113818915046008
经费显著的充足,199.036,5,16777215,2025-01-29 03:49:58,27840548398,60,庆典筹备,关于我转生变成史莱姆这档事 第三季,113818915046008
变成魔王军干部啦,1207.1,1,16777215,2025-01-29 03:09:35,27840548398,60,庆典筹备,关于我转生变成史莱姆这档事 第三季,113818915046008
跟魔王介绍勇者（,814.549,1,16777215,2025-01-28 00:29:46,27840548398,60,庆典筹备,关于我转生变成史莱姆这档事 第三季,113818915046008
终于要结束这永无止境的开会了吗,1291.45,1,16777215,2025-01-26 21:54:33,27840548398,60,庆典筹备,关于我转生变成史莱姆这档事 第三季,113818915046008
说实话这东西简直是我吃过最难吃的日料了。。。口感太厚味道没有层次,274.088,1,16777215,2025-01-26 21:14:11,27840548398,60,庆典筹备,关于我转生变成史莱姆这档事 第三季,113818915046008
这个商人路走宽了啊,1077.137,1,16777215,2025-01-26 20:56:31,27840548398,60,庆典筹备,关于我转生变成史莱姆这档事 第三季,113818915046008
一直对话怎么了，这一套是将来城市的根基，唯独还缺大迷宫,1021.843,1,16777215,2025-01-26 20:25:04,27840548398,60,庆典筹备,关于我转生变成史莱姆这档事 第三季,113818915046008
我还以为电脑坏了,92.116,1,16777215,2025-01-25 16:16:53,27840548398,60,庆典筹备,关于我转生变成史莱姆这档事 第三季,113818915046008
政商勾结哈哈哈哈哈,1085.251,1,16777215,2025-01-25 15:46:16,27840548398,60,庆典筹备,关于我转生变成史莱姆这档事 第三季,113818915046008
对啊，而且现实意义上也能学学这种想法,1005.744,1,16777215,2025-01-24 17:42:58,27840548398,60,庆典筹备,关于我转生变成史莱姆这档事 第三季,113818915046008
社交的手腕,1083.04,1,16777215,2025-01-24 14:01:04,27840548398,60,庆典筹备,关于我转生变成史莱姆这档事 第三季,113818915046008
开会已经脱敏！请你们尽情开会吧,647.128,1,16777215,2025-01-24 00:48:22,27840548398,60,庆典筹备,关于我转生变成史莱姆这档事 第三季,113818915046008
我也感觉看他们聊天挺好玩的,1258.418,1,16777215,2025-01-23 02:02:12,27840548398,60,庆典筹备,关于我转生变成史莱姆这档事 第三季,113818915046008
这里只是罗马竞技场而已，迷宫得找拉米莉丝,726.168,1,16777215,2025-01-22 18:24:23,27840548398,60,庆典筹备,关于我转生变成史莱姆这档事 第三季,113818915046008
史莱姆日记里的去游泳不就好了,768.807,5,15138834,2025-01-22 00:51:17,27840548398,60,庆典筹备,关于我转生变成史莱姆这档事 第三季,113818915046008
这集萌王能量拉满了,1257.687,1,16777215,2025-01-21 17:33:42,27840548398,60,庆典筹备,关于我转生变成史莱姆这档事 第三季,113818915046008
枫丹和纳塔是吧？,792.949,1,16777215,2025-01-21 12:43:18,27840548398,60,庆典筹备,关于我转生变成史莱姆这档事 第三季,113818915046008
区区致命伤,596.109,1,16777215,2025-01-21 01:15:14,27840548398,60,庆典筹备,关于我转生变成史莱姆这档事 第三季,113818915046008
商人来的，后面是魔国财政大臣,509.098,1,16777215,2025-01-20 23:18:03,27840548398,60,庆典筹备,关于我转生变成史莱姆这档事 第三季,113818915046008
不懂，我玩虫棍的,750.615,5,16777215,2025-01-20 01:59:00,27840548398,60,庆典筹备,关于我转生变成史莱姆这档事 第三季,113818915046008
路走宽了呀！哥们儿！,437.549,1,16777215,2025-01-20 00:09:19,27840548398,60,庆典筹备,关于我转生变成史莱姆这档事 第三季,113818915046008
奥贝里西科的天空龙是吧,745.766,1,16777215,2025-01-19 23:32:23,27840548398,60,庆典筹备,关于我转生变成史莱姆这档事 第三季,113818915046008
人性的秘密,332.228,5,16777215,2025-01-19 13:02:22,27840548398,60,庆典筹备,关于我转生变成史莱姆这档事 第三季,113818915046008
想看打架转去战斗番OK？,1135.792,1,16777215,2025-01-18 21:33:23,27840548398,60,庆典筹备,关于我转生变成史莱姆这档事 第三季,113818915046008
吸血鬼女王可能也来吧,1382.982,1,16777215,2025-01-18 12:36:23,27840548398,60,庆典筹备,关于我转生变成史莱姆这档事 第三季,113818915046008
在城外拍一个剧院然后招募剧作家,843.903,1,16777215,2025-01-18 11:52:52,27840548398,60,庆典筹备,关于我转生变成史莱姆这档事 第三季,113818915046008
有生之年不知道等不等得到迷宫,779.73,5,16777215,2025-01-18 01:52:23,27840548398,60,庆典筹备,关于我转生变成史莱姆这档事 第三季,113818915046008
迷宫,719.57,5,16777215,2025-01-18 01:50:57,27840548398,60,庆典筹备,关于我转生变成史莱姆这档事 第三季,113818915046008
好美,1249.536,1,16777215,2025-01-18 01:15:25,27840548398,60,庆典筹备,关于我转生变成史莱姆这档事 第三季,113818915046008
就叫龙风暴吧,638.429,1,16777215,2025-01-17 20:55:48,27840548398,60,庆典筹备,关于我转生变成史莱姆这档事 第三季,113818915046008
2个cv撑起了一集,837.074,1,16777215,2025-01-17 16:44:43,27840548398,60,庆典筹备,关于我转生变成史莱姆这档事 第三季,113818915046008
啊哈哈哈哈哈～～～～,1057.287,1,16777215,2025-01-17 12:31:10,27840548398,60,庆典筹备,关于我转生变成史莱姆这档事 第三季,113818915046008
逐渐迪化,1022.103,5,15138834,2025-01-16 21:16:36,27840548398,60,庆典筹备,关于我转生变成史莱姆这档事 第三季,113818915046008
好几个魔王级,1381.162,1,16777215,2025-01-16 18:33:00,27840548398,60,庆典筹备,关于我转生变成史莱姆这档事 第三季,113818915046008
哈哈哈哈哈哈哈哈哈可爱,1007.987,1,16777215,2025-01-16 12:31:56,27840548398,60,庆典筹备,关于我转生变成史莱姆这档事 第三季,113818915046008
天下第一武道会,870.62,1,16777215,2025-01-16 11:52:35,27840548398,60,庆典筹备,关于我转生变成史莱姆这档事 第三季,113818915046008
让我想起了炎柱大哥,283.604,1,16777215,2025-01-16 11:39:31,27840548398,60,庆典筹备,关于我转生变成史莱姆这档事 第三季,113818915046008
优树？小bos啦，可能bos都算不上,1355.278,1,16777215,2025-01-16 03:45:49,27840548398,60,庆典筹备,关于我转生变成史莱姆这档事 第三季,113818915046008
勇者斗恶龙,454.293,1,15138834,2025-01-16 03:39:42,27840548398,60,庆典筹备,关于我转生变成史莱姆这档事 第三季,113818915046008
开始建造迷宫了,160.123,1,16777215,2025-01-16 01:50:29,27840548398,60,庆典筹备,关于我转生变成史莱姆这档事 第三季,113818915046008
吓人就对了,84.912,5,16777215,2025-01-16 00:33:35,27840548398,60,庆典筹备,关于我转生变成史莱姆这档事 第三季,113818915046008
拍日记第二季不就行！,303.144,1,16777215,2025-01-15 22:25:38,27840548398,60,庆典筹备,关于我转生变成史莱姆这档事 第三季,113818915046008
谁还记得这哥们是个男的打工族？,483.188,1,16777215,2025-01-15 22:25:22,27840548398,60,庆典筹备,关于我转生变成史莱姆这档事 第三季,113818915046008
这套全家福好帅哇,198.611,1,16777215,2025-01-15 22:23:33,27840548398,60,庆典筹备,关于我转生变成史莱姆这档事 第三季,113818915046008
斯巴拉西~,1156.788,1,16777215,2025-01-15 22:13:44,27840548398,60,庆典筹备,关于我转生变成史莱姆这档事 第三季,113818915046008
我想玩密室逃脱，想玩鬼屋，想泡温泉。,785.788,1,16777215,2025-01-15 21:36:06,27840548398,60,庆典筹备,关于我转生变成史莱姆这档事 第三季,113818915046008
社交的手腕,437.199,1,16777215,2025-01-15 21:34:56,27840548398,60,庆典筹备,关于我转生变成史莱姆这档事 第三季,113818915046008
宴会之王发动能力！,2.433,1,16777215,2025-01-15 20:55:32,27840548398,60,庆典筹备,关于我转生变成史莱姆这档事 第三季,113818915046008
根本不记得了,675.175,1,16777215,2025-01-15 20:38:09,27840548398,60,庆典筹备,关于我转生变成史莱姆这档事 第三季,113818915046008
再幸运也弥补不了实力的差距...,811.388,1,16777215,2025-01-15 20:27:16,27840548398,60,庆典筹备,关于我转生变成史莱姆这档事 第三季,113818915046008
谁还记得村长最开始的样子,26.581,1,16777215,2025-01-15 20:26:09,27840548398,60,庆典筹备,关于我转生变成史莱姆这档事 第三季,113818915046008
像我那异想天开的甲方,336.934,1,16777215,2025-01-15 20:12:46,27840548398,60,庆典筹备,关于我转生变成史莱姆这档事 第三季,113818915046008
直接一条龙,1166.218,1,16777215,2025-01-15 20:12:10,27840548398,60,庆典筹备,关于我转生变成史莱姆这档事 第三季,113818915046008
武道馆,853.273,1,16777215,2025-01-15 19:57:08,27840548398,60,庆典筹备,关于我转生变成史莱姆这档事 第三季,113818915046008
你舅宠他爸,647.635,1,16777215,2025-01-15 19:49:21,27840548398,60,庆典筹备,关于我转生变成史莱姆这档事 第三季,113818915046008
看着看着我就发呆了哈哈哈哈,542.333,1,16777215,2025-01-15 19:47:04,27840548398,60,庆典筹备,关于我转生变成史莱姆这档事 第三季,113818915046008
从战斗变成了日常,1367.448,1,16777215,2025-01-15 19:43:27,27840548398,60,庆典筹备,关于我转生变成史莱姆这档事 第三季,113818915046008
众爱卿为何一言不发,1126.113,1,16777215,2025-01-15 19:15:07,27840548398,60,庆典筹备,关于我转生变成史莱姆这档事 第三季,113818915046008
奥运会！！,1037.299,1,16777215,2025-01-15 19:13:16,27840548398,60,庆典筹备,关于我转生变成史莱姆这档事 第三季,113818915046008
修特罗海姆,1093.281,1,16777215,2025-01-15 18:59:25,27840548398,60,庆典筹备,关于我转生变成史莱姆这档事 第三季,113818915046008
不，是开一集,1037.067,5,16777215,2025-01-15 18:52:47,27840548398,60,庆典筹备,关于我转生变成史莱姆这档事 第三季,113818915046008
二人开会,726.059,1,16777215,2025-01-15 18:17:59,27840548398,60,庆典筹备,关于我转生变成史莱姆这档事 第三季,113818915046008
《铁板烧》,100.344,1,16777215,2025-01-15 18:03:04,27840548398,60,庆典筹备,关于我转生变成史莱姆这档事 第三季,113818915046008
你们好,28.3,1,16777215,2025-01-15 18:01:21,27840548398,60,庆典筹备,关于我转生变成史莱姆这档事 第三季,113818915046008
然后迪亚波罗不是恶魔吗他换个粉色的发霉长发,970.779,5,16777215,2026-03-04 06:37:11,27840548398,60,庆典筹备,关于我转生变成史莱姆这档事 第三季,113818915046008
走过鬼门关的人往往人生态度会发生很大的转变,674.219,1,16777215,2026-02-27 15:13:15,27840548398,60,庆典筹备,关于我转生变成史莱姆这档事 第三季,113818915046008
啊~美丽的魔物公主,384.628,5,16777215,2026-02-19 17:07:59,27840548398,60,庆典筹备,关于我转生变成史莱姆这档事 第三季,113818915046008
算算来的魔王大概都有4个了吧,1369.726,1,16777215,2026-02-12 21:30:56,27840548398,60,庆典筹备,关于我转生变成史莱姆这档事 第三季,113818915046008
我不敢想象这个时候要是迪亚波罗在这里的话,399.216,5,15138834,2026-01-20 21:15:33,27840548398,60,庆典筹备,关于我转生变成史莱姆这档事 第三季,113818915046008
鸠拉奥林匹克体育场,919.739,5,16777215,2026-01-03 01:27:08,27840548398,60,庆典筹备,关于我转生变成史莱姆这档事 第三季,113818915046008
他超勇的,400.693,1,16777215,2025-11-29 13:33:30,27840548398,60,庆典筹备,关于我转生变成史莱姆这档事 第三季,113818915046008
朱菜对我一心一意,104.204,1,16777215,2025-11-25 00:05:11,27840548398,60,庆典筹备,关于我转生变成史莱姆这档事 第三季,113818915046008
各路豪杰，共襄盛举,1372.862,1,16777215,2025-11-12 20:59:38,27840548398,60,庆典筹备,关于我转生变成史莱姆这档事 第三季,113818915046008
这是全剧最好的人。,684.426,5,16777215,2025-10-24 22:28:26,27840548398,60,庆典筹备,关于我转生变成史莱姆这档事 第三季,113818915046008
你一个正统魔王突然出现在小国工会不吓人才怪,1223.365,1,16777215,2025-10-06 22:12:37,27840548398,60,庆典筹备,关于我转生变成史莱姆这档事 第三季,113818915046008
情头（狗头）,1069.035,1,16777215,2025-10-03 14:30:50,27840548398,60,庆典筹备,关于我转生变成史莱姆这档事 第三季,113818915046008
古罗马斗兽场,923.619,5,52480,2025-10-01 16:11:57,27840548398,60,庆典筹备,关于我转生变成史莱姆这档事 第三季,113818915046008
收编了哈哈哈哈,1201.407,1,16777215,2025-09-12 21:25:20,27840548398,60,庆典筹备,关于我转生变成史莱姆这档事 第三季,113818915046008
这集的公主有点像街溜子,1216.526,1,16777215,2025-09-07 04:33:41,27840548398,60,庆典筹备,关于我转生变成史莱姆这档事 第三季,113818915046008
迪化max,1034.392,1,16777215,2025-09-03 21:43:54,27840548398,60,庆典筹备,关于我转生变成史莱姆这档事 第三季,113818915046008
老哥是真厨子,846.72,1,16777215,2025-08-27 10:19:34,27840548398,60,庆典筹备,关于我转生变成史莱姆这档事 第三季,113818915046008
不就煎鸡蛋,271.12,5,16777215,2025-08-24 14:50:35,27840548398,60,庆典筹备,关于我转生变成史莱姆这档事 第三季,113818915046008
就那条飞龙就够毁灭一个小城了 ,673.601,5,16777215,2025-08-24 11:58:07,27840548398,60,庆典筹备,关于我转生变成史莱姆这档事 第三季,113818915046008
缪尔身边有大种哥布林保护的 ,452.246,5,16777215,2025-08-24 11:53:56,27840548398,60,庆典筹备,关于我转生变成史莱姆这档事 第三季,113818915046008
终于不开会了，是生活篇！！！,90.532,1,16777215,2025-08-19 23:49:35,27840548398,60,庆典筹备,关于我转生变成史莱姆这档事 第三季,113818915046008
有点商鞅跟秦君讲霸道时那味道了，越聊凑越近23333,884.195,1,16777215,2025-08-16 09:14:08,27840548398,60,庆典筹备,关于我转生变成史莱姆这档事 第三季,113818915046008
结果把喜欢这家店的精灵女王给搞郁闷了，因为店家跑到萌王那边打工去了哈哈哈哈,279.527,1,16777215,2025-08-14 19:08:57,27840548398,60,庆典筹备,关于我转生变成史莱姆这档事 第三季,113818915046008
猪哥：我没意见,936.704,1,16777215,2025-08-08 23:33:51,27840548398,60,庆典筹备,关于我转生变成史莱姆这档事 第三季,113818915046008
骗你的，不好吃也去（,280.484,5,16777215,2025-08-06 21:15:59,27840548398,60,庆典筹备,关于我转生变成史莱姆这档事 第三季,113818915046008
哼哼哼哼哼,1209.941,5,8700107,2025-08-04 19:43:21,27840548398,60,庆典筹备,关于我转生变成史莱姆这档事 第三季,113818915046008
商业鬼才！,1158.587,1,16777215,2025-08-02 22:37:53,27840548398,60,庆典筹备,关于我转生变成史莱姆这档事 第三季,113818915046008
开个纳扎里克大坟墓,775.852,1,16777215,2025-07-27 22:32:43,27840548398,60,庆典筹备,关于我转生变成史莱姆这档事 第三季,113818915046008
老麦挺良心的,310.325,1,16777215,2025-07-26 15:58:26,27840548398,60,庆典筹备,关于我转生变成史莱姆这档事 第三季,113818915046008
你的小可爱突然出现,360.637,1,41194,2025-07-21 13:30:20,27840548398,60,庆典筹备,关于我转生变成史莱姆这档事 第三季,113818915046008
利姆鲁激推,1428.437,1,16777215,2025-07-20 11:46:59,27840548398,60,庆典筹备,关于我转生变成史莱姆这档事 第三季,113818915046008
优树被揍一顿后就好了,1347.689,5,16646914,2025-07-19 16:27:21,27840548398,60,庆典筹备,关于我转生变成史莱姆这档事 第三季,113818915046008
左下角free，维鲁多拉哈哈哈,1451.334,1,16777215,2025-07-14 14:23:49,27840548398,60,庆典筹备,关于我转生变成史莱姆这档事 第三季,113818915046008
头发越长实力越强，后面都有高中生个头了,86.098,1,16777215,2025-07-11 20:28:32,27840548398,60,庆典筹备,关于我转生变成史莱姆这档事 第三季,113818915046008
有点炸麦233,790.737,1,16777215,2025-07-09 22:27:03,27840548398,60,庆典筹备,关于我转生变成史莱姆这档事 第三季,113818915046008
卧槽经费来了,136.523,1,16777215,2025-06-23 19:36:03,27840548398,60,庆典筹备,关于我转生变成史莱姆这档事 第三季,113818915046008
可以呀，商业鬼才,1111.918,1,16777215,2025-06-16 13:25:03,27840548398,60,庆典筹备,关于我转生变成史莱姆这档事 第三季,113818915046008
这不是梅尼耶吗？,229.845,1,16777215,2025-06-12 00:27:21,27840548398,60,庆典筹备,关于我转生变成史莱姆这档事 第三季,113818915046008
这都是能带来经济效益的，不算误国奇观,964.782,5,16707842,2025-06-06 21:16:52,27840548398,60,庆典筹备,关于我转生变成史莱姆这档事 第三季,113818915046008
貌美如仙萌王,455.279,1,16777215,2025-06-03 23:15:30,27840548398,60,庆典筹备,关于我转生变成史莱姆这档事 第三季,113818915046008
你这魔王该不会想见一见勇者吧？,797.409,1,16777215,2025-05-29 02:59:03,27840548398,60,庆典筹备,关于我转生变成史莱姆这档事 第三季,113818915046008
这个侧脸我真的绷不住了 。。,1175.733,1,16777215,2025-05-28 21:49:28,27840548398,60,庆典筹备,关于我转生变成史莱姆这档事 第三季,113818915046008
朱莱对我一心一意,101.825,5,16750487,2025-05-28 20:42:24,27840548398,60,庆典筹备,关于我转生变成史莱姆这档事 第三季,113818915046008
不要邀请他啊,1345.842,1,16777215,2025-05-24 15:56:58,27840548398,60,庆典筹备,关于我转生变成史莱姆这档事 第三季,113818915046008
这里的动作表情好棒,1370.647,1,16777215,2025-05-23 12:11:31,27840548398,60,庆典筹备,关于我转生变成史莱姆这档事 第三季,113818915046008
得到了世界级的情报网络和营销人员。。。,1204.998,1,16777215,2025-05-22 19:04:53,27840548398,60,庆典筹备,关于我转生变成史莱姆这档事 第三季,113818915046008
怎么有这么多穿越者,219.385,1,16777215,2025-05-19 23:36:07,27840548398,60,庆典筹备,关于我转生变成史莱姆这档事 第三季,113818915046008
不愧是你奸商！,1114.845,1,16777215,2025-05-17 09:45:02,27840548398,60,庆典筹备,关于我转生变成史莱姆这档事 第三季,113818915046008
这集太美了吧,1248.153,1,16777215,2025-05-14 23:17:16,27840548398,60,庆典筹备,关于我转生变成史莱姆这档事 第三季,113818915046008
告之：获得技能开会之王,706.577,1,16777215,2025-05-08 05:08:37,27840548398,60,庆典筹备,关于我转生变成史莱姆这档事 第三季,113818915046008
圆寂那个没绷住,1274.796,1,16777215,2025-05-05 02:23:52,27840548398,60,庆典筹备,关于我转生变成史莱姆这档事 第三季,113818915046008
两个坏b,1081.765,1,16777215,2025-05-04 01:51:48,27840548398,60,庆典筹备,关于我转生变成史莱姆这档事 第三季,113818915046008
不是这门口站着的这位越看越像街霸里拿梳子当飞镖的美国大兵吔？1,1084.401,5,16777215,2025-05-04 00:51:26,27840548398,60,庆典筹备,关于我转生变成史莱姆这档事 第三季,113818915046008
可不能让小黑看到，要不然全国都是这个,457.232,1,16777215,2025-05-03 20:59:13,27840548398,60,庆典筹备,关于我转生变成史莱姆这档事 第三季,113818915046008
开铁板烧的男子维某,572.541,5,16777215,2025-05-03 20:55:05,27840548398,60,庆典筹备,关于我转生变成史莱姆这档事 第三季,113818915046008
也是吃上忠橙了,1202.014,5,15138834,2025-04-20 05:56:58,27840548398,60,庆典筹备,关于我转生变成史莱姆这档事 第三季,113818915046008
好萌的op,148.677,1,16777215,2025-04-20 01:55:12,27840548398,60,庆典筹备,关于我转生变成史莱姆这档事 第三季,113818915046008
哈哈哈哈哈，顺势断绝关系,412.238,1,16777215,2025-04-15 01:25:39,27840548398,60,庆典筹备,关于我转生变成史莱姆这档事 第三季,113818915046008
阿玛特拉斯,1374.69,1,16646914,2025-04-14 12:51:15,27840548398,60,庆典筹备,关于我转生变成史莱姆这档事 第三季,113818915046008
变成公务员了,1198.37,1,8700107,2025-04-14 10:59:43,27840548398,60,庆典筹备,关于我转生变成史莱姆这档事 第三季,113818915046008
这么现代,263.488,5,16777215,2025-04-13 22:20:45,27840548398,60,庆典筹备,关于我转生变成史莱姆这档事 第三季,113818915046008
大型连锁店,550.819,5,16777215,2025-04-08 18:48:45,27840548398,60,庆典筹备,关于我转生变成史莱姆这档事 第三季,113818915046008
这幅画引起了后面的一系列的事情,558.247,1,16777215,2025-04-08 09:10:30,27840548398,60,庆典筹备,关于我转生变成史莱姆这档事 第三季,113818915046008
奥林匹克,923.6,5,16777215,2025-04-07 22:35:18,27840548398,60,庆典筹备,关于我转生变成史莱姆这档事 第三季,113818915046008
古代的户部尚书现代的财务总监,1183.092,1,16777215,2025-04-04 23:16:30,27840548398,60,庆典筹备,关于我转生变成史莱姆这档事 第三季,113818915046008
白老女儿,170.996,5,16777215,2025-04-04 12:42:58,27840548398,60,庆典筹备,关于我转生变成史莱姆这档事 第三季,113818915046008
奇观要来了嘛，增加信仰值嘛？,707.555,1,16777215,2025-04-03 22:29:33,27840548398,60,庆典筹备,关于我转生变成史莱姆这档事 第三季,113818915046008
鸠城挣钱鸠城花，一分别想带回家,892.339,1,16777215,2025-04-02 00:56:45,27840548398,60,庆典筹备,关于我转生变成史莱姆这档事 第三季,113818915046008
神仙老板,909.367,1,16777215,2025-03-31 19:31:35,27840548398,60,庆典筹备,关于我转生变成史莱姆这档事 第三季,113818915046008
刻在DNA里的声音,66.004,1,16777215,2025-03-31 00:52:33,27840548398,60,庆典筹备,关于我转生变成史莱姆这档事 第三季,113818915046008
闪光的哈撒韦,810.732,5,16777215,2025-03-30 11:09:39,27840548398,60,庆典筹备,关于我转生变成史莱姆这档事 第三季,113818915046008
嗯，利姆露，黑，暴风龙，米莉姆好好好最少四个觉醒魔王级是吧,1377.846,1,16777215,2025-03-29 00:55:42,27840548398,60,庆典筹备,关于我转生变成史莱姆这档事 第三季,113818915046008
古希腊掌管庆典的神,32.779,1,16777215,2025-03-26 13:24:33,27840548398,60,庆典筹备,关于我转生变成史莱姆这档事 第三季,113818915046008
+2文化娱乐区域＋3宜居度（dog）,933.49,1,16777215,2025-03-25 21:50:38,27840548398,60,庆典筹备,关于我转生变成史莱姆这档事 第三季,113818915046008
种田发育养成不好玩吗？？挺好看的呀,1274.902,1,16777215,2025-03-24 22:22:39,27840548398,60,庆典筹备,关于我转生变成史莱姆这档事 第三季,113818915046008
大声密谋,1153.968,5,16777215,2025-03-22 14:50:23,27840548398,60,庆典筹备,关于我转生变成史莱姆这档事 第三季,113818915046008
这一集只有两个人开会，表情动作还是能保持的,1019.064,1,16777215,2025-03-21 15:21:50,27840548398,60,庆典筹备,关于我转生变成史莱姆这档事 第三季,113818915046008
灭国烧烤,106.326,5,16777215,2025-03-21 11:15:17,27840548398,60,庆典筹备,关于我转生变成史莱姆这档事 第三季,113818915046008
奸商合伙,1159.882,1,16777215,2025-03-17 23:03:10,27840548398,60,庆典筹备,关于我转生变成史莱姆这档事 第三季,113818915046008
忠！城！,1199.296,1,15138834,2025-03-15 23:43:51,27840548398,60,庆典筹备,关于我转生变成史莱姆这档事 第三季,113818915046008
财务部长,1189.708,1,16777215,2025-03-15 22:37:34,27840548398,60,庆典筹备,关于我转生变成史莱姆这档事 第三季,113818915046008
其实这里利姆露还给他留了个护卫,1205.991,1,16777215,2025-03-14 22:48:21,27840548398,60,庆典筹备,关于我转生变成史莱姆这档事 第三季,113818915046008
呵呵，优树评价缪鲁迈尔是个好人结果自己确够呛不算好人,600.713,1,16777215,2025-03-14 22:30:30,27840548398,60,庆典筹备,关于我转生变成史莱姆这档事 第三季,113818915046008
观光国策是吧,776.102,1,16777215,2025-03-14 20:25:41,27840548398,60,庆典筹备,关于我转生变成史莱姆这档事 第三季,113818915046008
搞个迪士尼,803.203,1,16777215,2025-03-14 14:08:24,27840548398,60,庆典筹备,关于我转生变成史莱姆这档事 第三季,113818915046008
罗马,929.214,1,16777215,2025-03-14 09:08:05,27840548398,60,庆典筹备,关于我转生变成史莱姆这档事 第三季,113818915046008
史莱姆体验馆！,716.148,1,8700107,2025-03-12 21:25:25,27840548398,60,庆典筹备,关于我转生变成史莱姆这档事 第三季,113818915046008
特恩佩斯特真要成世界经济中心了,1163.171,1,16777215,2025-03-12 18:31:06,27840548398,60,庆典筹备,关于我转生变成史莱姆这档事 第三季,113818915046008
坏了，真成古罗马竞技场了,1096.525,1,16777215,2025-03-12 18:29:30,27840548398,60,庆典筹备,关于我转生变成史莱姆这档事 第三季,113818915046008
玉子烧做的好吃的是真的很好吃啊,284.132,1,16777215,2025-03-09 22:35:02,27840548398,60,庆典筹备,关于我转生变成史莱姆这档事 第三季,113818915046008
猪猪人多不怕工程大,966.588,1,16777215,2025-03-09 20:00:27,27840548398,60,庆典筹备,关于我转生变成史莱姆这档事 第三季,113818915046008
丸辣,404.087,1,16777215,2025-03-09 14:54:41,27840548398,60,庆典筹备,关于我转生变成史莱姆这档事 第三季,113818915046008
可以建个伯纳乌球场,968.064,1,16777215,2025-03-09 00:01:15,27840548398,60,庆典筹备,关于我转生变成史莱姆这档事 第三季,113818915046008
算不算赐名,638.757,1,16777215,2025-03-08 11:48:34,27840548398,60,庆典筹备,关于我转生变成史莱姆这档事 第三季,113818915046008
这画真帅啊,454.619,1,16777215,2025-03-08 02:44:55,27840548398,60,庆典筹备,关于我转生变成史莱姆这档事 第三季,113818915046008
既然如此，就叫华莱史吧,542.319,5,16777215,2025-03-06 01:07:46,27840548398,60,庆典筹备,关于我转生变成史莱姆这档事 第三季,113818915046008
奇观误国啊利姆鲁大人,923.813,5,16707842,2025-03-06 00:20:39,27840548398,60,庆典筹备,关于我转生变成史莱姆这档事 第三季,113818915046008
竞技场建了啊,863.712,1,16777215,2025-03-05 19:08:24,27840548398,60,庆典筹备,关于我转生变成史莱姆这档事 第三季,113818915046008
开全国大会！！！！,27.995,5,16777215,2025-03-05 04:20:24,27840548398,60,庆典筹备,关于我转生变成史莱姆这档事 第三季,113818915046008
萌王太可爱了,1046.786,1,16777215,2025-03-04 23:29:07,27840548398,60,庆典筹备,关于我转生变成史莱姆这档事 第三季,113818915046008
优树洗白了？,197.042,1,16777215,2025-03-03 04:33:31,27840548398,60,庆典筹备,关于我转生变成史莱姆这档事 第三季,113818915046008
丸辣！,401.245,5,41194,2025-03-03 03:30:46,27840548398,60,庆典筹备,关于我转生变成史莱姆这档事 第三季,113818915046008
利姆露越来越像我老板会pya,1055.408,1,16777215,2025-03-02 18:24:46,27840548398,60,庆典筹备,关于我转生变成史莱姆这档事 第三季,113818915046008
干脆再搞个爱豆演唱会得了 ,986.24,1,16777215,2025-02-28 17:59:06,27840548398,60,庆典筹备,关于我转生变成史莱姆这档事 第三季,113818915046008
好好好，深得古王身穿，你的技术就是我想到的，只不过想找你确认一下,1118.367,1,16777215,2025-02-27 16:15:07,27840548398,60,庆典筹备,关于我转生变成史莱姆这档事 第三季,113818915046008
突然发现这个世界上没有音乐?,1162.11,1,16777215,2025-02-26 18:48:21,27840548398,60,庆典筹备,关于我转生变成史莱姆这档事 第三季,113818915046008
我想进步了,1199.145,1,16777215,2025-02-23 10:18:55,27840548398,60,庆典筹备,关于我转生变成史莱姆这档事 第三季,113818915046008
我对萌王一心一意！,47.892,5,16777215,2025-02-22 15:46:13,27840548398,60,庆典筹备,关于我转生变成史莱姆这档事 第三季,113818915046008
小迪异地登录了说是,1132.276,5,15138834,2025-02-22 10:08:14,27840548398,60,庆典筹备,关于我转生变成史莱姆这档事 第三季,113818915046008
嚎！我回去汀！,209.824,5,16777215,2025-02-22 09:49:03,27840548398,60,庆典筹备,关于我转生变成史莱姆这档事 第三季,113818915046008
卧槽你们哈哈哈哈哈哈哈哈哈哈哈,1136.976,1,16777215,2025-02-18 17:54:09,27840548398,60,庆典筹备,关于我转生变成史莱姆这档事 第三季,113818915046008
这商人算是枭雄了,906.925,1,16777215,2025-02-18 00:28:48,27840548398,60,庆典筹备,关于我转生变成史莱姆这档事 第三季,113818915046008
肇事嫌疑龙,573.783,1,16777215,2025-02-17 03:33:49,27840548398,60,庆典筹备,关于我转生变成史莱姆这档事 第三季,113818915046008
招安啦！！！！,1184.256,1,16777215,2025-02-16 23:50:54,27840548398,60,庆典筹备,关于我转生变成史莱姆这档事 第三季,113818915046008
社交的手腕,294.287,1,16777215,2025-02-15 21:10:18,27840548398,60,庆典筹备,关于我转生变成史莱姆这档事 第三季,113818915046008
头发跟我一样长哎,75.852,1,15138834,2025-02-15 19:31:32,27840548398,60,庆典筹备,关于我转生变成史莱姆这档事 第三季,113818915046008
打造产业链,1097.227,1,16777215,2025-02-15 11:15:36,27840548398,60,庆典筹备,关于我转生变成史莱姆这档事 第三季,113818915046008
恩！情！,422.288,5,15138834,2025-02-15 04:54:33,27840548398,60,庆典筹备,关于我转生变成史莱姆这档事 第三季,113818915046008
利姆露好可爱啊,1080.137,1,41194,2025-02-14 16:09:49,27840548398,60,庆典筹备,关于我转生变成史莱姆这档事 第三季,113818915046008
天下第一武道会,793.789,5,16777215,2025-02-13 22:07:15,27840548398,60,庆典筹备,关于我转生变成史莱姆这档事 第三季,113818915046008
暗黑心理学暗黑心里学,1129.128,5,16777215,2025-02-11 23:52:59,27840548398,60,庆典筹备,关于我转生变成史莱姆这档事 第三季,113818915046008
我是波风水门，准备好爆炸了吗,828.054,5,16777215,2025-02-11 15:43:38,27840548398,60,庆典筹备,关于我转生变成史莱姆这档事 第三季,113818915046008
好玩的对话也不觉得是会议了,1020.011,1,16777215,2025-02-10 12:57:30,27840548398,60,庆典筹备,关于我转生变成史莱姆这档事 第三季,113818915046008
哈哈哈哈哈哈哈哈哈哈哈哈,653.652,1,16777215,2025-02-10 00:06:47,27840548398,60,庆典筹备,关于我转生变成史莱姆这档事 第三季,113818915046008
萌王：OK啊知道这个业障的底细了,843.952,1,16777215,2025-02-09 23:08:07,27840548398,60,庆典筹备,关于我转生变成史莱姆这档事 第三季,113818915046008
真有想法哈哈哈哈哈哈哈哈哈哈哈哈哈哈哈哈哈哈,912.281,1,16777215,2025-02-09 20:04:08,27840548398,60,庆典筹备,关于我转生变成史莱姆这档事 第三季,113818915046008
朱来这一类的女孩子现实当中应该很受欢迎吧，看到她我都在想我要是遇到这一类的女孩子真的是祖坟冒青烟了,251.268,1,16777215,2025-02-08 00:07:26,27840548398,60,庆典筹备,关于我转生变成史莱姆这档事 第三季,113818915046008
开会，启动。,4.939,1,16777215,2025-02-07 22:03:23,27840548398,60,庆典筹备,关于我转生变成史莱姆这档事 第三季,113818915046008
世界首富预定,914.617,1,16777215,2025-02-07 22:01:10,27840548398,60,庆典筹备,关于我转生变成史莱姆这档事 第三季,113818915046008
抚恤金,642.421,1,16777215,2025-02-07 14:26:24,27840548398,60,庆典筹备,关于我转生变成史莱姆这档事 第三季,113818915046008
我对朱莱一心一意,103.999,5,14811775,2025-02-06 11:36:53,27840548398,60,庆典筹备,关于我转生变成史莱姆这档事 第三季,113818915046008
啊……斯巴拉西～,1160.717,1,16777215,2025-02-05 20:38:04,27840548398,60,庆典筹备,关于我转生变成史莱姆这档事 第三季,113818915046008
户部尚书,1199.464,1,16777215,2025-02-05 08:43:58,27840548398,60,庆典筹备,关于我转生变成史莱姆这档事 第三季,113818915046008
换个地方开会,1225.022,1,16777215,2025-02-05 03:16:52,27840548398,60,庆典筹备,关于我转生变成史莱姆这档事 第三季,113818915046008
三贤醉三巨头之一  缪鲁麦尔,353.707,1,16777215,2025-02-05 01:57:02,27840548398,60,庆典筹备,关于我转生变成史莱姆这档事 第三季,113818915046008
我也想要图，当电脑壁纸,680.335,5,16777215,2025-02-04 20:26:35,27840548398,60,庆典筹备,关于我转生变成史莱姆这档事 第三季,113818915046008
变成培训机构了啊,529.917,1,16777215,2025-02-04 17:10:09,27840548398,60,庆典筹备,关于我转生变成史莱姆这档事 第三季,113818915046008
你明明就吃啊！,233.834,1,16777215,2025-02-03 01:04:27,27840548398,60,庆典筹备,关于我转生变成史莱姆这档事 第三季,113818915046008
忠诚！,1197.057,1,16777215,2025-02-03 00:14:44,27840548398,60,庆典筹备,关于我转生变成史莱姆这档事 第三季,113818915046008
懂了，和King一个水平的是吧,823.784,1,16777215,2025-02-02 22:47:32,27840548398,60,庆典筹备,关于我转生变成史莱姆这档事 第三季,113818915046008
食人树,1061.994,1,16777215,2025-02-02 20:31:45,27840548398,60,庆典筹备,关于我转生变成史莱姆这档事 第三季,113818915046008
这后半感觉跟换制作了一样,1224.878,1,16777215,2025-02-02 15:27:38,27840548398,60,庆典筹备,关于我转生变成史莱姆这档事 第三季,113818915046008
吼！完蛋！,386.357,1,16777215,2025-02-01 22:08:27,27840548398,60,庆典筹备,关于我转生变成史莱姆这档事 第三季,113818915046008
先说好，只要不是搞料理方面的就随便你折腾,78.185,1,16777215,2025-02-01 18:47:52,27840548398,60,庆典筹备,关于我转生变成史莱姆这档事 第三季,113818915046008
猪猪：6,959.257,1,16777215,2025-01-31 20:12:47,27840548398,60,庆典筹备,关于我转生变成史莱姆这档事 第三季,113818915046008
城市级别农家乐,753.746,1,16777215,2025-01-31 16:08:41,27840548398,60,庆典筹备,关于我转生变成史莱姆这档事 第三季,113818915046008
711！是你！,543.016,1,16777215,2025-01-29 13:46:53,27840548398,60,庆典筹备,关于我转生变成史莱姆这档事 第三季,113818915046008
开会就开会呗，不高兴听就盯着美丽的魔物公主看呗,1259.688,1,16777215,2025-01-28 19:30:17,27840548398,60,庆典筹备,关于我转生变成史莱姆这档事 第三季,113818915046008
这是萌王第一次接触的商人,489.348,1,16777215,2025-01-28 19:20:44,27840548398,60,庆典筹备,关于我转生变成史莱姆这档事 第三季,113818915046008
是还在大牢里的明哥吗hhhhhh,702.859,1,16777215,2025-01-28 15:16:22,27840548398,60,庆典筹备,关于我转生变成史莱姆这档事 第三季,113818915046008
财相,1179.559,5,16707842,2025-01-28 09:03:45,27840548398,60,庆典筹备,关于我转生变成史莱姆这档事 第三季,113818915046008
社交的手腕,310.122,1,16777215,2025-01-28 05:24:17,27840548398,60,庆典筹备,关于我转生变成史莱姆这档事 第三季,113818915046008
暴风龙在线摆摊,593.851,1,16777215,2025-01-26 20:48:54,27840548398,60,庆典筹备,关于我转生变成史莱姆这档事 第三季,113818915046008
奇观+1,960.333,1,16777215,2025-01-26 18:12:31,27840548398,60,庆典筹备,关于我转生变成史莱姆这档事 第三季,113818915046008
这才是男主,803.538,1,16777215,2025-01-26 02:44:28,27840548398,60,庆典筹备,关于我转生变成史莱姆这档事 第三季,113818915046008
鸟蛋烧？,266.963,1,16777215,2025-01-25 15:47:39,27840548398,60,庆典筹备,关于我转生变成史莱姆这档事 第三季,113818915046008
无他，吉赛尔,206.56,1,16777215,2025-01-25 13:42:20,27840548398,60,庆典筹备,关于我转生变成史莱姆这档事 第三季,113818915046008
暗黑心理学,327.21,1,16777215,2025-01-24 21:23:03,27840548398,60,庆典筹备,关于我转生变成史莱姆这档事 第三季,113818915046008
整点过山车之星,719.315,1,16777215,2025-01-24 15:22:07,27840548398,60,庆典筹备,关于我转生变成史莱姆这档事 第三季,113818915046008
五个人：布豪！,614.497,5,16777215,2025-01-24 02:51:11,27840548398,60,庆典筹备,关于我转生变成史莱姆这档事 第三季,113818915046008
守法公民,374.628,5,16777215,2025-01-24 02:46:35,27840548398,60,庆典筹备,关于我转生变成史莱姆这档事 第三季,113818915046008
忠！诚！,1207.415,1,16777215,2025-01-23 20:09:21,27840548398,60,庆典筹备,关于我转生变成史莱姆这档事 第三季,113818915046008
哦！好听,132.027,1,16777215,2025-01-23 00:10:33,27840548398,60,庆典筹备,关于我转生变成史莱姆这档事 第三季,113818915046008
之前帮利姆鲁讨论外贸的商人,487.768,1,16777215,2025-01-22 23:32:47,27840548398,60,庆典筹备,关于我转生变成史莱姆这档事 第三季,113818915046008
中二龙：步豪,454.55,1,16777215,2025-01-22 23:30:26,27840548398,60,庆典筹备,关于我转生变成史莱姆这档事 第三季,113818915046008
前方高能预警,308.658,1,16777215,2025-01-22 23:07:17,27840548398,60,庆典筹备,关于我转生变成史莱姆这档事 第三季,113818915046008
我想看朱菜小姐,1023.824,1,16777215,2025-01-22 21:40:41,27840548398,60,庆典筹备,关于我转生变成史莱姆这档事 第三季,113818915046008
能做到迷宫吗,764.754,1,16777215,2025-01-22 20:28:57,27840548398,60,庆典筹备,关于我转生变成史莱姆这档事 第三季,113818915046008
不知道她是魔王吗,406.567,1,16777215,2025-01-22 15:47:41,27840548398,60,庆典筹备,关于我转生变成史莱姆这档事 第三季,113818915046008
太想进步了,1185.896,1,16777215,2025-01-20 02:32:14,27840548398,60,庆典筹备,关于我转生变成史莱姆这档事 第三季,113818915046008
这幅画上链接,454.566,1,41194,2025-01-19 22:47:55,27840548398,60,庆典筹备,关于我转生变成史莱姆这档事 第三季,113818915046008
大半夜的不至于不至于,534.58,1,16777215,2025-01-19 22:28:08,27840548398,60,庆典筹备,关于我转生变成史莱姆这档事 第三季,113818915046008
户部尚书,1187.666,1,16777215,2025-01-19 21:59:08,27840548398,60,庆典筹备,关于我转生变成史莱姆这档事 第三季,113818915046008
大迷宫！,747.678,1,16777215,2025-01-19 20:44:57,27840548398,60,庆典筹备,关于我转生变成史莱姆这档事 第三季,113818915046008
这集镜头怎么回事。。无意义的优美运镜,1347.767,1,16777215,2025-01-19 17:36:40,27840548398,60,庆典筹备,关于我转生变成史莱姆这档事 第三季,113818915046008
迷宫要来了兄弟们,763.417,1,16777215,2025-01-19 12:44:26,27840548398,60,庆典筹备,关于我转生变成史莱姆这档事 第三季,113818915046008
。。。。。。。。。。。。。。。。。。。。。。。。。。。。。。。。。。。。。。。。,906.245,1,16777215,2025-01-18 22:47:21,27840548398,60,庆典筹备,关于我转生变成史莱姆这档事 第三季,113818915046008
本周会议即将结束，请参会同事做好会议纪要,1312.195,1,16777215,2025-01-18 20:48:25,27840548398,60,庆典筹备,关于我转生变成史莱姆这档事 第三季,113818915046008
又来一个，又能水一集，哈哈哈哈哈哈,1224.049,5,15138834,2025-01-18 19:26:51,27840548398,60,庆典筹备,关于我转生变成史莱姆这档事 第三季,113818915046008
布豪！,408.044,5,15138834,2025-01-18 14:10:34,27840548398,60,庆典筹备,关于我转生变成史莱姆这档事 第三季,113818915046008
老板的pua,1071.704,1,16777215,2025-01-18 13:37:31,27840548398,60,庆典筹备,关于我转生变成史莱姆这档事 第三季,113818915046008
鲁迪：同样都是BOSS直聘为什么我那么惨？,1204.788,1,16777215,2025-01-18 02:56:17,27840548398,60,庆典筹备,关于我转生变成史莱姆这档事 第三季,113818915046008
这个男的第一季也出现过，同样是谈夜店生意,315.826,1,16777215,2025-01-17 22:42:35,27840548398,60,庆典筹备,关于我转生变成史莱姆这档事 第三季,113818915046008
迷宫！！！,709.59,1,16777215,2025-01-17 22:19:30,27840548398,60,庆典筹备,关于我转生变成史莱姆这档事 第三季,113818915046008
我的作文be like,1051.731,1,16777215,2025-01-17 21:18:04,27840548398,60,庆典筹备,关于我转生变成史莱姆这档事 第三季,113818915046008
社交的手腕,446.703,1,16777215,2025-01-17 20:56:28,27840548398,60,庆典筹备,关于我转生变成史莱姆这档事 第三季,113818915046008
说光猎的别跑,827.048,1,16777215,2025-01-17 20:38:25,27840548398,60,庆典筹备,关于我转生变成史莱姆这档事 第三季,113818915046008
友情提示：条过半,687.088,1,16777215,2025-01-17 16:50:35,27840548398,60,庆典筹备,关于我转生变成史莱姆这档事 第三季,113818915046008
有点好笑,743.585,1,16777215,2025-01-17 16:23:42,27840548398,60,庆典筹备,关于我转生变成史莱姆这档事 第三季,113818915046008
斯巴拉西！！！！！！,1150.33,1,16777215,2025-01-17 12:33:00,27840548398,60,庆典筹备,关于我转生变成史莱姆这档事 第三季,113818915046008
萌王称奥古斯都吧,931.039,1,16777215,2025-01-17 11:17:49,27840548398,60,庆典筹备,关于我转生变成史莱姆这档事 第三季,113818915046008
大森老师！,152.68,1,14811775,2025-01-17 10:28:20,27840548398,60,庆典筹备,关于我转生变成史莱姆这档事 第三季,113818915046008
有德大回旋！,414.122,1,16777215,2025-01-17 05:32:14,27840548398,60,庆典筹备,关于我转生变成史莱姆这档事 第三季,113818915046008
商业部部长,1169.682,1,16777215,2025-01-17 00:24:27,27840548398,60,庆典筹备,关于我转生变成史莱姆这档事 第三季,113818915046008
臣妾做不到啊,881.703,1,16777215,2025-01-16 22:05:37,27840548398,60,庆典筹备,关于我转生变成史莱姆这档事 第三季,113818915046008
俄罗斯步兵体验项目,752.85,1,16777215,2025-01-16 22:02:42,27840548398,60,庆典筹备,关于我转生变成史莱姆这档事 第三季,113818915046008
《大项目》,925.223,1,16777215,2025-01-16 19:31:43,27840548398,60,庆典筹备,关于我转生变成史莱姆这档事 第三季,113818915046008
哦哦哦哦哦哦,165.071,1,16777215,2025-01-16 17:16:25,27840548398,60,庆典筹备,关于我转生变成史莱姆这档事 第三季,113818915046008
你们俩聊了一集,1165.53,1,16777215,2025-01-16 10:56:22,27840548398,60,庆典筹备,关于我转生变成史莱姆这档事 第三季,113818915046008
那你脸红什么？精神焕发？,235.816,1,16777215,2025-01-16 07:53:42,27840548398,60,庆典筹备,关于我转生变成史莱姆这档事 第三季,113818915046008
妈呀六百多人观看,604.842,1,15138834,2025-01-16 03:26:25,27840548398,60,庆典筹备,关于我转生变成史莱姆这档事 第三季,113818915046008
好听的op来啦！,120.871,1,16707842,2025-01-16 02:39:50,27840548398,60,庆典筹备,关于我转生变成史莱姆这档事 第三季,113818915046008
社交的手腕,1086.04,5,16777215,2025-01-16 02:19:14,27840548398,60,庆典筹备,关于我转生变成史莱姆这档事 第三季,113818915046008
萌王一生推,611.958,5,16777215,2025-01-16 02:17:30,27840548398,60,庆典筹备,关于我转生变成史莱姆这档事 第三季,113818915046008
我也感觉,1247.483,1,16777215,2025-01-16 02:09:35,27840548398,60,庆典筹备,关于我转生变成史莱姆这档事 第三季,113818915046008
迷宫地下城？就决定是你了,780.019,1,16777215,2025-01-16 01:49:59,27840548398,60,庆典筹备,关于我转生变成史莱姆这档事 第三季,113818915046008
⌓‿⌓当然是我们的鬼畜真的声音,51.537,1,16777215,2025-01-16 01:33:44,27840548398,60,庆典筹备,关于我转生变成史莱姆这档事 第三季,113818915046008
舒婷！,1084.521,1,16777215,2025-01-16 01:28:13,27840548398,60,庆典筹备,关于我转生变成史莱姆这档事 第三季,113818915046008
魔物：喵喵喵,758.738,1,16777215,2025-01-16 00:26:42,27840548398,60,庆典筹备,关于我转生变成史莱姆这档事 第三季,113818915046008
有种广播剧的感觉,1048.872,1,16777215,2025-01-15 23:36:11,27840548398,60,庆典筹备,关于我转生变成史莱姆这档事 第三季,113818915046008
不愧是老板，家里很豪华,703.459,1,16777215,2025-01-15 23:24:18,27840548398,60,庆典筹备,关于我转生变成史莱姆这档事 第三季,113818915046008
开会时间到,8.842,5,16777215,2025-01-15 22:36:00,27840548398,60,庆典筹备,关于我转生变成史莱姆这档事 第三季,113818915046008
前情回顾,660.397,5,16777215,2025-01-15 22:22:04,27840548398,60,庆典筹备,关于我转生变成史莱姆这档事 第三季,113818915046008
前面的朋友，这次是要昭告天下,1312.263,1,16777215,2025-01-15 21:57:30,27840548398,60,庆典筹备,关于我转生变成史莱姆这档事 第三季,113818915046008
来力来力,13.711,1,16777215,2025-01-15 21:54:47,27840548398,60,庆典筹备,关于我转生变成史莱姆这档事 第三季,113818915046008
斯巴拉西！！！！！,1158.028,5,16777215,2025-01-15 21:52:12,27840548398,60,庆典筹备,关于我转生变成史莱姆这档事 第三季,113818915046008
外传里的厨师？,223.114,1,16777215,2025-01-15 21:23:41,27840548398,60,庆典筹备,关于我转生变成史莱姆这档事 第三季,113818915046008
萌王也要开年会了,35.211,1,16777215,2025-01-15 21:12:19,27840548398,60,庆典筹备,关于我转生变成史莱姆这档事 第三季,113818915046008
什么作家点+1,846.755,1,16777215,2025-01-15 21:11:49,27840548398,60,庆典筹备,关于我转生变成史莱姆这档事 第三季,113818915046008
肾结石的表情,1221.181,1,16777215,2025-01-15 20:47:49,27840548398,60,庆典筹备,关于我转生变成史莱姆这档事 第三季,113818915046008
再回来看一遍我可爱的朱菜,251.756,1,16777215,2025-01-15 20:32:00,27840548398,60,庆典筹备,关于我转生变成史莱姆这档事 第三季,113818915046008
高赞OP,115.66,5,16777215,2025-01-15 20:28:08,27840548398,60,庆典筹备,关于我转生变成史莱姆这档事 第三季,113818915046008
所以这一集都干什么了,1382.428,1,16777215,2025-01-15 20:25:19,27840548398,60,庆典筹备,关于我转生变成史莱姆这档事 第三季,113818915046008
枫丹,786.139,1,16777215,2025-01-15 20:12:30,27840548398,60,庆典筹备,关于我转生变成史莱姆这档事 第三季,113818915046008
好美,480.396,5,38979,2025-01-15 20:09:25,27840548398,60,庆典筹备,关于我转生变成史莱姆这档事 第三季,113818915046008
要来力,392.299,1,16777215,2025-01-15 19:48:45,27840548398,60,庆典筹备,关于我转生变成史莱姆这档事 第三季,113818915046008
无他，幸美尔,213.221,1,16777215,2025-01-15 19:46:28,27840548398,60,庆典筹备,关于我转生变成史莱姆这档事 第三季,113818915046008
进度快追上漫画了啊,205.171,1,16777215,2025-01-15 19:41:41,27840548398,60,庆典筹备,关于我转生变成史莱姆这档事 第三季,113818915046008
罗马斗兽场,927.163,1,16777215,2025-01-15 19:29:04,27840548398,60,庆典筹备,关于我转生变成史莱姆这档事 第三季,113818915046008
古罗马竞技场（,925.355,5,15138834,2025-01-15 19:26:19,27840548398,60,庆典筹备,关于我转生变成史莱姆这档事 第三季,113818915046008
奸商密会,1167.979,1,16777215,2025-01-15 19:19:46,27840548398,60,庆典筹备,关于我转生变成史莱姆这档事 第三季,113818915046008
这个很难吃,270.695,1,16777215,2025-01-15 19:09:11,27840548398,60,庆典筹备,关于我转生变成史莱姆这档事 第三季,113818915046008
不是在开会就是在准备开会,1321.473,1,16777215,2025-01-15 18:57:35,27840548398,60,庆典筹备,关于我转生变成史莱姆这档事 第三季,113818915046008
哈哈哈哈哈哈哈哈,1221.14,1,16777215,2025-01-15 18:41:04,27840548398,60,庆典筹备,关于我转生变成史莱姆这档事 第三季,113818915046008
开会开会全是开会,1315.156,1,16777215,2025-01-15 18:38:52,27840548398,60,庆典筹备,关于我转生变成史莱姆这档事 第三季,113818915046008
缅甸商人。。,337.505,1,16777215,2025-01-15 18:36:47,27840548398,60,庆典筹备,关于我转生变成史莱姆这档事 第三季,113818915046008
竞技场就要当成新手训练场啊,1138.923,1,16777215,2025-01-15 18:36:14,27840548398,60,庆典筹备,关于我转生变成史莱姆这档事 第三季,113818915046008
古罗马角斗场：抄我的,880.334,5,16777215,2025-01-15 18:30:33,27840548398,60,庆典筹备,关于我转生变成史莱姆这档事 第三季,113818915046008
承包失败,187.737,5,16777215,2025-01-15 18:20:17,27840548398,60,庆典筹备,关于我转生变成史莱姆这档事 第三季,113818915046008
这吉田还是做着甜点师啊,214.017,1,16777215,2025-01-15 18:06:42,27840548398,60,庆典筹备,关于我转生变成史莱姆这档事 第三季,113818915046008
蹲点成功,3.067,5,15138834,2025-01-15 18:02:05,27840548398,60,庆典筹备,关于我转生变成史莱姆这档事 第三季,113818915046008
来了！,6.599,1,16777215,2025-01-15 18:00:29,27840548398,60,庆典筹备,关于我转生变成史莱姆这档事 第三季,113818915046008
小黑，这幅画我看上了,459.751,1,16777215,2026-04-06 09:32:30,27840548398,60,庆典筹备,关于我转生变成史莱姆这档事 第三季,113818915046008
鱼人：哇呜嗷！,743.956,5,16777215,2026-04-05 12:22:10,27840548398,60,庆典筹备,关于我转生变成史莱姆这档事 第三季,113818915046008
这时候萌王还没意识到这附近的长耳族其实算是自己的子民,472.629,1,16777215,2026-04-04 17:45:00,27840548398,60,庆典筹备,关于我转生变成史莱姆这档事 第三季,113818915046008
简直就是奸商黑水遇知音啊,1153.694,5,16777215,2026-04-03 05:48:12,27840548398,60,庆典筹备,关于我转生变成史莱姆这档事 第三季,113818915046008
有好玩内容的对话不会觉得烦,1026.563,5,16777215,2026-03-15 12:21:15,27840548398,60,庆典筹备,关于我转生变成史莱姆这档事 第三季,113818915046008
魔物公主真美丽！,29.004,5,41194,2026-03-13 18:11:37,27840548398,60,庆典筹备,关于我转生变成史莱姆这档事 第三季,113818915046008
户部尚书来了,1195.178,1,16777215,2026-02-25 00:29:05,27840548398,60,庆典筹备,关于我转生变成史莱姆这档事 第三季,113818915046008
迪亚波罗去了之后会自动刷新波罗纳鲁夫吗？,939.095,5,16777215,2026-02-19 14:11:44,27840548398,60,庆典筹备,关于我转生变成史莱姆这档事 第三季,113818915046008
这钓上来的是奔波儿灞吧？,742.884,5,16777215,2026-02-18 00:47:43,27840548398,60,庆典筹备,关于我转生变成史莱姆这档事 第三季,113818915046008
坏了，她要办美食节,79.871,1,16777215,2026-02-18 00:37:22,27840548398,60,庆典筹备,关于我转生变成史莱姆这档事 第三季,113818915046008
特恩佩斯特涂鸦,1452.669,1,16777215,2026-02-15 15:47:14,27840548398,60,庆典筹备,关于我转生变成史莱姆这档事 第三季,113818915046008
罗马竞技场啊,932.975,1,16777215,2026-02-14 23:27:00,27840548398,60,庆典筹备,关于我转生变成史莱姆这档事 第三季,113818915046008
Boss直聘（,1172.09,1,16777215,2026-02-09 19:34:04,27840548398,60,庆典筹备,关于我转生变成史莱姆这档事 第三季,113818915046008
某种意义上确实很强，需要一点记忆加持,833.078,1,16777215,2026-02-06 11:47:39,27840548398,60,庆典筹备,关于我转生变成史莱姆这档事 第三季,113818915046008
好了知道你很喜欢他了,821.504,1,16777215,2026-02-03 15:34:46,27840548398,60,庆典筹备,关于我转生变成史莱姆这档事 第三季,113818915046008
那么答案只有一个了！我向你献上忠诚！起誓！,1196.52,5,15138834,2026-02-03 14:56:57,27840548398,60,庆典筹备,关于我转生变成史莱姆这档事 第三季,113818915046008
优树最正义的一集,1340.733,5,16777215,2026-02-02 09:38:42,27840548398,60,庆典筹备,关于我转生变成史莱姆这档事 第三季,113818915046008
舒婷！！！,422.972,5,16777215,2026-01-31 21:36:24,27840548398,60,庆典筹备,关于我转生变成史莱姆这档事 第三季,113818915046008
不是，你真做铁板烧啊？,174.168,5,16777215,2026-01-31 21:24:44,27840548398,60,庆典筹备,关于我转生变成史莱姆这档事 第三季,113818915046008
果然强者发型。。。。,268.572,1,41194,2026-01-29 22:36:11,27840548398,60,庆典筹备,关于我转生变成史莱姆这档事 第三季,113818915046008
前面的别忘了，当魔王最低得杀至少2万多人,1309.448,1,16777215,2026-01-25 20:02:18,27840548398,60,庆典筹备,关于我转生变成史莱姆这档事 第三季,113818915046008
朱莱发现比鲁斯，啊！,1453.602,1,16777215,2026-01-24 15:41:41,27840548398,60,庆典筹备,关于我转生变成史莱姆这档事 第三季,113818915046008
要有编制了（确信）,1197.782,1,16777215,2026-01-22 13:24:39,27840548398,60,庆典筹备,关于我转生变成史莱姆这档事 第三季,113818915046008
让我们猜猜后面这副画是哪个蓝头发的恶魔画的呢,698.66,1,16777215,2026-01-15 15:37:59,27840548398,60,庆典筹备,关于我转生变成史莱姆这档事 第三季,113818915046008
这个发型好好看,1268.253,5,16777215,2026-01-11 12:01:48,27840548398,60,庆典筹备,关于我转生变成史莱姆这档事 第三季,113818915046008
萌王潜意识里还觉得自己是男的啊,251.58,1,16777215,2026-01-09 23:44:26,27840548398,60,庆典筹备,关于我转生变成史莱姆这档事 第三季,113818915046008
刚想找个由头,413.762,1,16777215,2026-01-07 00:30:58,27840548398,60,庆典筹备,关于我转生变成史莱姆这档事 第三季,113818915046008
我才发现是咒术回战na na mi的声音～,63.109,1,16777215,2026-01-04 09:36:04,27840548398,60,庆典筹备,关于我转生变成史莱姆这档事 第三季,113818915046008
这个世界穿越者真的很常见，烂大街属于是,220.015,5,16777215,2026-01-03 16:43:45,27840548398,60,庆典筹备,关于我转生变成史莱姆这档事 第三季,113818915046008
多少？,551.531,1,16777215,2026-01-02 20:21:57,27840548398,60,庆典筹备,关于我转生变成史莱姆这档事 第三季,113818915046008
这是正宫：拉斐尔,454.225,5,14811775,2025-12-30 01:50:32,27840548398,60,庆典筹备,关于我转生变成史莱姆这档事 第三季,113818915046008
bilibili译制,513.606,5,16777215,2025-12-19 22:28:56,27840548398,60,庆典筹备,关于我转生变成史莱姆这档事 第三季,113818915046008
热心市民维先生,596.076,5,16777215,2025-12-18 19:33:11,27840548398,60,庆典筹备,关于我转生变成史莱姆这档事 第三季,113818915046008
不就煎鸡蛋么,277.886,1,16777215,2025-12-11 07:33:53,27840548398,60,庆典筹备,关于我转生变成史莱姆这档事 第三季,113818915046008
麻花辫好好看！！！,48.937,1,16777215,2025-12-10 12:41:34,27840548398,60,庆典筹备,关于我转生变成史莱姆这档事 第三季,113818915046008
最好的op之后轮到最好的ed了,1408.124,1,16777215,2025-12-09 19:01:18,27840548398,60,庆典筹备,关于我转生变成史莱姆这档事 第三季,113818915046008
不要啊感觉会坏事,1350.866,1,16777215,2025-12-08 18:26:32,27840548398,60,庆典筹备,关于我转生变成史莱姆这档事 第三季,113818915046008
萌我一大跳,359.054,1,16777215,2025-12-06 21:34:56,27840548398,60,庆典筹备,关于我转生变成史莱姆这档事 第三季,113818915046008
你一个魔王老瞎溜达什么啊,1255.016,1,16777215,2025-11-30 00:28:13,27840548398,60,庆典筹备,关于我转生变成史莱姆这档事 第三季,113818915046008
本来是一个商人，现在成了开国大臣,1207.724,1,16777215,2025-11-21 15:16:46,27840548398,60,庆典筹备,关于我转生变成史莱姆这档事 第三季,113818915046008
建森林主题游乐场啊,743.463,1,16777215,2025-11-18 09:56:33,27840548398,60,庆典筹备,关于我转生变成史莱姆这档事 第三季,113818915046008
老钱の笑声,1079.332,1,16777215,2025-11-17 22:48:03,27840548398,60,庆典筹备,关于我转生变成史莱姆这档事 第三季,113818915046008
这个是红的手下，其中一个原初女仆画的,380.328,1,16777215,2025-11-17 21:23:30,27840548398,60,庆典筹备,关于我转生变成史莱姆这档事 第三季,113818915046008
食戟呗,255.069,1,16777215,2025-11-12 20:20:45,27840548398,60,庆典筹备,关于我转生变成史莱姆这档事 第三季,113818915046008
商人从政了,1178.92,1,16777215,2025-10-31 20:50:43,27840548398,60,庆典筹备,关于我转生变成史莱姆这档事 第三季,113818915046008
请以实物为准,800.698,1,16777215,2025-10-26 09:04:05,27840548398,60,庆典筹备,关于我转生变成史莱姆这档事 第三季,113818915046008
说起来好像真的很久没有看到黑兵卫了。,68.898,5,16777215,2025-10-24 22:17:27,27840548398,60,庆典筹备,关于我转生变成史莱姆这档事 第三季,113818915046008
会长每次消息都滞后啊,1268.538,1,16777215,2025-10-24 01:10:22,27840548398,60,庆典筹备,关于我转生变成史莱姆这档事 第三季,113818915046008
出来的名字好多，我已经分不清谁是谁了有点。,2.205,1,16777215,2025-10-23 23:58:43,27840548398,60,庆典筹备,关于我转生变成史莱姆这档事 第三季,113818915046008
加强版“撒旦”,861.429,1,16777215,2025-10-16 04:20:04,27840548398,60,庆典筹备,关于我转生变成史莱姆这档事 第三季,113818915046008
萌王小脸我嘬嘬嘬,1253.977,5,14811775,2025-10-08 18:07:14,27840548398,60,庆典筹备,关于我转生变成史莱姆这档事 第三季,113818915046008
命里带编,1201.402,1,16777215,2025-10-06 21:07:24,27840548398,60,庆典筹备,关于我转生变成史莱姆这档事 第三季,113818915046008
。这么看这个世界对穿越者已经习惯了,224.246,1,16777215,2025-10-04 13:12:51,27840548398,60,庆典筹备,关于我转生变成史莱姆这档事 第三季,113818915046008
开会好，真到后面全是大战,698.0,1,16777215,2025-10-03 23:03:40,27840548398,60,庆典筹备,关于我转生变成史莱姆这档事 第三季,113818915046008
按快餐店日向要住这了吧,559.526,1,16777215,2025-09-30 19:04:06,27840548398,60,庆典筹备,关于我转生变成史莱姆这档事 第三季,113818915046008
这俩人讲话讲一集阿,1004.01,1,16777215,2025-09-25 09:28:44,27840548398,60,庆典筹备,关于我转生变成史莱姆这档事 第三季,113818915046008
都不说剧情了，只要萌王有这张漂亮脸蛋我就能看一百集,1260.44,1,16777215,2025-09-17 17:50:50,27840548398,60,庆典筹备,关于我转生变成史莱姆这档事 第三季,113818915046008
他还得谢谢咱呢,1347.164,1,16777215,2025-09-15 12:15:41,27840548398,60,庆典筹备,关于我转生变成史莱姆这档事 第三季,113818915046008
跟骨王很相像,1112.624,1,16777215,2025-09-13 22:03:13,27840548398,60,庆典筹备,关于我转生变成史莱姆这档事 第三季,113818915046008
有活着的风险吗,595.29,1,16777215,2025-09-12 00:58:54,27840548398,60,庆典筹备,关于我转生变成史莱姆这档事 第三季,113818915046008
激推,827.795,1,41194,2025-09-11 18:17:01,27840548398,60,庆典筹备,关于我转生变成史莱姆这档事 第三季,113818915046008
魔物们:补薅,757.871,1,16777215,2025-09-11 18:15:48,27840548398,60,庆典筹备,关于我转生变成史莱姆这档事 第三季,113818915046008
超级喜欢麻花捏,42.345,1,16777215,2025-09-08 12:33:29,27840548398,60,庆典筹备,关于我转生变成史莱姆这档事 第三季,113818915046008
要知道，两次大战，敌方军队也就一次2万人，一次3万人,927.724,1,16777215,2025-09-05 23:33:08,27840548398,60,庆典筹备,关于我转生变成史莱姆这档事 第三季,113818915046008
文库版目前发展是亦敌亦友吧，偶尔搞事,1361.579,1,16777215,2025-08-31 07:23:36,27840548398,60,庆典筹备,关于我转生变成史莱姆这档事 第三季,113818915046008
德雷斯罗萨,937.485,5,16777215,2025-08-27 19:51:12,27840548398,60,庆典筹备,关于我转生变成史莱姆这档事 第三季,113818915046008
毕竟七耀差点全灭，因为跑了一个,1280.449,1,16777215,2025-08-25 20:20:09,27840548398,60,庆典筹备,关于我转生变成史莱姆这档事 第三季,113818915046008
不是不能牵扯，而是应该配合他找到长耳族然后解救出来,359.83,1,16777215,2025-08-24 11:51:12,27840548398,60,庆典筹备,关于我转生变成史莱姆这档事 第三季,113818915046008
呜——vi～～～～,1377.62,5,16777215,2025-08-22 00:06:49,27840548398,60,庆典筹备,关于我转生变成史莱姆这档事 第三季,113818915046008
一定要一直看打架？,1246.697,1,16777215,2025-08-21 09:38:01,27840548398,60,庆典筹备,关于我转生变成史莱姆这档事 第三季,113818915046008
这位更是人形外挂,803.299,1,16777215,2025-08-19 17:09:29,27840548398,60,庆典筹备,关于我转生变成史莱姆这档事 第三季,113818915046008
听起来像是抚恤金,641.7,1,16777215,2025-08-19 17:06:38,27840548398,60,庆典筹备,关于我转生变成史莱姆这档事 第三季,113818915046008
在咬到你之前，我会喊暂停的！,603.712,5,16646914,2025-08-18 15:03:00,27840548398,60,庆典筹备,关于我转生变成史莱姆这档事 第三季,113818915046008
等他觉醒英雄之王了，那可就不是单纯的幸运了,817.12,1,16777215,2025-08-17 13:59:07,27840548398,60,庆典筹备,关于我转生变成史莱姆这档事 第三季,113818915046008
鲁德拉终于登场了,799.659,1,16777215,2025-08-17 13:58:38,27840548398,60,庆典筹备,关于我转生变成史莱姆这档事 第三季,113818915046008
不是，你这不带紫苑玩？,283.517,5,16777215,2025-08-12 20:47:25,27840548398,60,庆典筹备,关于我转生变成史莱姆这档事 第三季,113818915046008
这幅画真的好帅,454.827,1,16777215,2025-08-12 08:44:56,27840548398,60,庆典筹备,关于我转生变成史莱姆这档事 第三季,113818915046008
萌王是左撇子吗,541.591,5,16777215,2025-08-08 16:14:49,27840548398,60,庆典筹备,关于我转生变成史莱姆这档事 第三季,113818915046008
国家级项目了已经,1159.13,1,16777215,2025-08-08 14:37:42,27840548398,60,庆典筹备,关于我转生变成史莱姆这档事 第三季,113818915046008
大贤者：那我走？,1076.509,1,16777215,2025-08-07 09:46:09,27840548398,60,庆典筹备,关于我转生变成史莱姆这档事 第三季,113818915046008
朱莱,1423.886,5,14811775,2025-08-03 22:06:04,27840548398,60,庆典筹备,关于我转生变成史莱姆这档事 第三季,113818915046008
要入编制了,1211.931,5,15138834,2025-08-03 22:02:50,27840548398,60,庆典筹备,关于我转生变成史莱姆这档事 第三季,113818915046008
你也想上萌王？,401.766,5,16777215,2025-08-03 16:53:02,27840548398,60,庆典筹备,关于我转生变成史莱姆这档事 第三季,113818915046008
社交的鞋底，踢人术,433.974,5,16777215,2025-08-03 02:59:34,27840548398,60,庆典筹备,关于我转生变成史莱姆这档事 第三季,113818915046008
不知道文库版的优树最后会不会出问题,1348.668,1,16777215,2025-08-02 20:45:31,27840548398,60,庆典筹备,关于我转生变成史莱姆这档事 第三季,113818915046008
来了就是为了给你后盾的,481.234,1,16777215,2025-07-28 15:53:58,27840548398,60,庆典筹备,关于我转生变成史莱姆这档事 第三季,113818915046008
番名:两个人也能开会,736.565,1,16777215,2025-07-28 12:39:35,27840548398,60,庆典筹备,关于我转生变成史莱姆这档事 第三季,113818915046008
我不行了这个码打的我想笑,572.816,1,16777215,2025-07-27 01:39:28,27840548398,60,庆典筹备,关于我转生变成史莱姆这档事 第三季,113818915046008
正常，这世界本来干的人就少,1147.945,1,16777215,2025-07-26 16:08:39,27840548398,60,庆典筹备,关于我转生变成史莱姆这档事 第三季,113818915046008
罗马竞技场？迪亚波罗？!,927.818,1,16777215,2025-07-25 17:34:23,27840548398,60,庆典筹备,关于我转生变成史莱姆这档事 第三季,113818915046008
舞萌DX,738.039,1,16777215,2025-07-24 19:55:09,27840548398,60,庆典筹备,关于我转生变成史莱姆这档事 第三季,113818915046008
你也想要戒指？,1130.911,1,16777215,2025-07-23 20:27:38,27840548398,60,庆典筹备,关于我转生变成史莱姆这档事 第三季,113818915046008
闪光勇者，运气点满的勇者。,816.401,1,16777215,2025-07-21 03:35:53,27840548398,60,庆典筹备,关于我转生变成史莱姆这档事 第三季,113818915046008
最有见识的商人...,655.504,1,16777215,2025-07-19 00:41:21,27840548398,60,庆典筹备,关于我转生变成史莱姆这档事 第三季,113818915046008
确定不会把地表夷平吗？,876.813,1,15138834,2025-07-18 23:43:06,27840548398,60,庆典筹备,关于我转生变成史莱姆这档事 第三季,113818915046008
猎物：喂我花生,753.522,1,16777215,2025-07-18 14:13:34,27840548398,60,庆典筹备,关于我转生变成史莱姆这档事 第三季,113818915046008
波风水门,820.155,1,16777215,2025-07-17 20:10:48,27840548398,60,庆典筹备,关于我转生变成史莱姆这档事 第三季,113818915046008
门：我命休…，唉！不是那红发丫头啊，那没事了。,1214.05,5,16777215,2025-07-15 00:13:27,27840548398,60,庆典筹备,关于我转生变成史莱姆这档事 第三季,113818915046008
哇哦，小丫头,386.904,1,16777215,2025-07-13 17:04:51,27840548398,60,庆典筹备,关于我转生变成史莱姆这档事 第三季,113818915046008
众所周知，这是个美食番,27.674,1,16777215,2025-07-13 16:59:40,27840548398,60,庆典筹备,关于我转生变成史莱姆这档事 第三季,113818915046008
每周四疯狂一下,546.932,1,16777215,2025-07-13 13:04:09,27840548398,60,庆典筹备,关于我转生变成史莱姆这档事 第三季,113818915046008
站票就是随便进出，和街头表演差不多,990.348,5,16777215,2025-07-12 15:15:25,27840548398,60,庆典筹备,关于我转生变成史莱姆这档事 第三季,113818915046008
不愧是商人啊,445.904,1,16777215,2025-07-12 12:19:30,27840548398,60,庆典筹备,关于我转生变成史莱姆这档事 第三季,113818915046008
天天宴会，不愧是宴会之王,5.126,1,16777215,2025-07-11 16:59:52,27840548398,60,庆典筹备,关于我转生变成史莱姆这档事 第三季,113818915046008
五蚂蚁！！！！！！！！！！！！！！！！！！！！！！！！！！！！！,273.381,1,16777215,2025-07-07 23:54:13,27840548398,60,庆典筹备,关于我转生变成史莱姆这档事 第三季,113818915046008
最值得看的就是迷宫和原初的加入,268.76,1,16777215,2025-07-07 13:09:04,27840548398,60,庆典筹备,关于我转生变成史莱姆这档事 第三季,113818915046008
哈哈，压根就没拔剑,822.395,1,16777215,2025-07-04 08:10:54,27840548398,60,庆典筹备,关于我转生变成史莱姆这档事 第三季,113818915046008
脸都要成直角了,1171.801,1,16777215,2025-07-03 00:19:32,27840548398,60,庆典筹备,关于我转生变成史莱姆这档事 第三季,113818915046008
魔物国财务大臣,1179.891,1,16777215,2025-06-30 15:02:18,27840548398,60,庆典筹备,关于我转生变成史莱姆这档事 第三季,113818915046008
憨八嘎,542.08,1,16777215,2025-06-29 11:25:07,27840548398,60,庆典筹备,关于我转生变成史莱姆这档事 第三季,113818915046008
把朱菜养成歌姬 开演唱会,1050.902,1,16777215,2025-06-25 13:25:37,27840548398,60,庆典筹备,关于我转生变成史莱姆这档事 第三季,113818915046008
美丽的魔国公主,41.15,1,16777215,2025-06-23 22:11:43,27840548398,60,庆典筹备,关于我转生变成史莱姆这档事 第三季,113818915046008
红红火火恍恍惚惚哈哈哈哈哈,581.213,1,16777215,2025-06-23 21:08:38,27840548398,60,庆典筹备,关于我转生变成史莱姆这档事 第三季,113818915046008
七海的配音?,48.393,1,16707842,2025-06-22 20:46:05,27840548398,60,庆典筹备,关于我转生变成史莱姆这档事 第三季,113818915046008
优树现在还差得远呢，贪婪也还在罗佐那边,1363.256,1,16777215,2025-06-22 12:28:59,27840548398,60,庆典筹备,关于我转生变成史莱姆这档事 第三季,113818915046008
我说这么耳熟，娜娜米！！,68.14,1,16777215,2025-06-20 00:15:49,27840548398,60,庆典筹备,关于我转生变成史莱姆这档事 第三季,113818915046008
我好像看到了古罗马斗兽场诶,135.251,5,16777215,2025-06-19 07:30:00,27840548398,60,庆典筹备,关于我转生变成史莱姆这档事 第三季,113818915046008
也是从街头老大转正了,1209.054,5,16777215,2025-06-17 22:58:14,27840548398,60,庆典筹备,关于我转生变成史莱姆这档事 第三季,113818915046008
问就是万年,777.215,1,16777215,2025-06-16 20:11:23,27840548398,60,庆典筹备,关于我转生变成史莱姆这档事 第三季,113818915046008
不是，唱歌的是哪个尼禄。。。,945.774,1,16777215,2025-06-16 01:20:28,27840548398,60,庆典筹备,关于我转生变成史莱姆这档事 第三季,113818915046008
骨子里还是喜欢刺激的商人大树,662.232,1,16777215,2025-06-15 02:20:17,27840548398,60,庆典筹备,关于我转生变成史莱姆这档事 第三季,113818915046008
我想现在就穿过去,720.557,1,16777215,2025-06-14 21:07:13,27840548398,60,庆典筹备,关于我转生变成史莱姆这档事 第三季,113818915046008
太上道了,985.811,1,16777215,2025-06-14 19:49:47,27840548398,60,庆典筹备,关于我转生变成史莱姆这档事 第三季,113818915046008
迷宫！！大迷宫！！,758.121,1,16777215,2025-06-12 14:02:32,27840548398,60,庆典筹备,关于我转生变成史莱姆这档事 第三季,113818915046008
独特技能，能让人们都以为他很强很强,828.028,1,16777215,2025-06-11 14:16:07,27840548398,60,庆典筹备,关于我转生变成史莱姆这档事 第三季,113818915046008
装的还挺像,1337.857,1,16777215,2025-06-10 15:07:11,27840548398,60,庆典筹备,关于我转生变成史莱姆这档事 第三季,113818915046008
天哪土木金融大人,951.184,1,16777215,2025-06-08 20:12:15,27840548398,60,庆典筹备,关于我转生变成史莱姆这档事 第三季,113818915046008
猪头帝对我一心一意,111.377,5,38979,2025-06-08 13:58:58,27840548398,60,庆典筹备,关于我转生变成史莱姆这档事 第三季,113818915046008
皇帝大人,797.554,1,16777215,2025-06-07 13:43:18,27840548398,60,庆典筹备,关于我转生变成史莱姆这档事 第三季,113818915046008
财政大臣,974.28,5,16777215,2025-06-06 22:01:34,27840548398,60,庆典筹备,关于我转生变成史莱姆这档事 第三季,113818915046008
喜欢扎马尾萌王,53.12,1,16777215,2025-06-02 16:35:26,27840548398,60,庆典筹备,关于我转生变成史莱姆这档事 第三季,113818915046008
好看!!!,481.812,1,16777215,2025-06-01 22:09:03,27840548398,60,庆典筹备,关于我转生变成史莱姆这档事 第三季,113818915046008
鼻梁都成直角了，侧脸逐渐柯南化,1192.118,1,16777215,2025-06-01 15:07:39,27840548398,60,庆典筹备,关于我转生变成史莱姆这档事 第三季,113818915046008
右下角有米莉姆,1435.804,5,14811775,2025-05-31 23:58:50,27840548398,60,庆典筹备,关于我转生变成史莱姆这档事 第三季,113818915046008
迷宫！,704.935,1,16777215,2025-05-31 18:53:10,27840548398,60,庆典筹备,关于我转生变成史莱姆这档事 第三季,113818915046008
闪闪发光的光头,279.055,1,16707842,2025-05-31 10:15:11,27840548398,60,庆典筹备,关于我转生变成史莱姆这档事 第三季,113818915046008
我吃,236.391,1,14811775,2025-05-31 10:14:19,27840548398,60,庆典筹备,关于我转生变成史莱姆这档事 第三季,113818915046008
在人类玩野外活动吗？感觉会出事，有反派从中作梗,743.316,1,16777215,2025-05-29 02:56:38,27840548398,60,庆典筹备,关于我转生变成史莱姆这档事 第三季,113818915046008
深夜还有37人在开会,12.111,1,15138834,2025-05-25 23:16:38,27840548398,60,庆典筹备,关于我转生变成史莱姆这档事 第三季,113818915046008
把龙王,580.52,1,16777215,2025-05-16 13:19:08,27840548398,60,庆典筹备,关于我转生变成史莱姆这档事 第三季,113818915046008
萌王是想趁机会确认优树是不是敌人,1384.779,1,16777215,2025-05-16 12:20:47,27840548398,60,庆典筹备,关于我转生变成史莱姆这档事 第三季,113818915046008
图穷匕见了,1166.692,1,16777215,2025-05-12 16:10:22,27840548398,60,庆典筹备,关于我转生变成史莱姆这档事 第三季,113818915046008
食人树,1084.107,1,16777215,2025-05-11 19:13:59,27840548398,60,庆典筹备,关于我转生变成史莱姆这档事 第三季,113818915046008
才5w,940.559,1,16777215,2025-05-08 02:08:43,27840548398,60,庆典筹备,关于我转生变成史莱姆这档事 第三季,113818915046008
漫画版的很精美,685.109,1,16740868,2025-05-07 17:58:51,27840548398,60,庆典筹备,关于我转生变成史莱姆这档事 第三季,113818915046008
这是龙，又不是尼罗鳄，有啥危险的,599.014,1,16777215,2025-05-06 02:57:53,27840548398,60,庆典筹备,关于我转生变成史莱姆这档事 第三季,113818915046008
这人可是利姆露最尊敬的人之一,482.879,1,16777215,2025-05-06 02:55:25,27840548398,60,庆典筹备,关于我转生变成史莱姆这档事 第三季,113818915046008
开会，战斗，庆典,5.569,1,16777215,2025-05-06 01:19:33,27840548398,60,庆典筹备,关于我转生变成史莱姆这档事 第三季,113818915046008
诶嘛（大叔音）,367.609,5,16777215,2025-05-05 03:49:55,27840548398,60,庆典筹备,关于我转生变成史莱姆这档事 第三季,113818915046008
社交的手段,443.631,1,16777215,2025-05-04 21:26:55,27840548398,60,庆典筹备,关于我转生变成史莱姆这档事 第三季,113818915046008
猪猪首功,937.386,1,16777215,2025-05-02 10:43:46,27840548398,60,庆典筹备,关于我转生变成史莱姆这档事 第三季,113818915046008
优树是被反派打败的反派,1352.974,1,16777215,2025-04-30 18:42:01,27840548398,60,庆典筹备,关于我转生变成史莱姆这档事 第三季,113818915046008
网吧，kTv,780.42,1,16777215,2025-04-30 09:35:50,27840548398,60,庆典筹备,关于我转生变成史莱姆这档事 第三季,113818915046008
忠！诚！,1206.977,1,16777215,2025-04-29 21:58:35,27840548398,60,庆典筹备,关于我转生变成史莱姆这档事 第三季,113818915046008
闪光的flash（doge,803.989,1,16707842,2025-04-29 21:48:39,27840548398,60,庆典筹备,关于我转生变成史莱姆这档事 第三季,113818915046008
可以接影色舞（）,288.197,1,16777215,2025-04-25 20:37:44,27840548398,60,庆典筹备,关于我转生变成史莱姆这档事 第三季,113818915046008
犬走椛？,171.765,1,16777215,2025-04-25 20:35:07,27840548398,60,庆典筹备,关于我转生变成史莱姆这档事 第三季,113818915046008
你就宠他吧,650.308,1,16777215,2025-04-25 12:39:46,27840548398,60,庆典筹备,关于我转生变成史莱姆这档事 第三季,113818915046008
看着太爽了，到处都是钱,1150.744,1,16777215,2025-04-24 04:18:25,27840548398,60,庆典筹备,关于我转生变成史莱姆这档事 第三季,113818915046008
是个明白人,358.933,1,16777215,2025-04-24 00:42:13,27840548398,60,庆典筹备,关于我转生变成史莱姆这档事 第三季,113818915046008
哦吼，那位朋友不就在对面的墙上么,557.671,1,16777215,2025-04-23 13:20:53,27840548398,60,庆典筹备,关于我转生变成史莱姆这档事 第三季,113818915046008
你脸红个泡泡茶壶啊,249.52,1,16777215,2025-04-23 10:19:03,27840548398,60,庆典筹备,关于我转生变成史莱姆这档事 第三季,113818915046008
像极了和真和阿库娅的嘴脸,1065.206,1,16777215,2025-04-21 20:58:59,27840548398,60,庆典筹备,关于我转生变成史莱姆这档事 第三季,113818915046008
萌王这个小动作和小表情和阿库娅挺像的,1065.557,1,16777215,2025-04-21 20:57:46,27840548398,60,庆典筹备,关于我转生变成史莱姆这档事 第三季,113818915046008
暴风龙：一条龙服务要吗？,776.361,1,16777215,2025-04-21 11:59:53,27840548398,60,庆典筹备,关于我转生变成史莱姆这档事 第三季,113818915046008
星海坊主,263.105,1,16777215,2025-04-20 22:56:33,27840548398,60,庆典筹备,关于我转生变成史莱姆这档事 第三季,113818915046008
"好耶是麻花辫萌王我们有救了！(,,>᎑<,,)",28.335,1,16777215,2025-04-20 10:44:59,27840548398,60,庆典筹备,关于我转生变成史莱姆这档事 第三季,113818915046008
魔物之国漫游指南好像就在这停更了,343.789,1,16777215,2025-04-20 09:51:55,27840548398,60,庆典筹备,关于我转生变成史莱姆这档事 第三季,113818915046008
听说当时画出来的时候漫画还没有出,675.884,1,16777215,2025-04-20 05:36:32,27840548398,60,庆典筹备,关于我转生变成史莱姆这档事 第三季,113818915046008
萌王多美啊 小嘴叭叭的 一集就过去了,1274.409,1,16777215,2025-04-20 02:09:06,27840548398,60,庆典筹备,关于我转生变成史莱姆这档事 第三季,113818915046008
萌王真的很看重他少有的人类干部,1186.444,1,16777215,2025-04-20 01:08:24,27840548398,60,庆典筹备,关于我转生变成史莱姆这档事 第三季,113818915046008
古罗马斗兽场？,935.722,1,16777215,2025-04-19 22:09:34,27840548398,60,庆典筹备,关于我转生变成史莱姆这档事 第三季,113818915046008
尤里卡！你建造了一座奇迹景观！,955.582,1,16777215,2025-04-16 23:10:46,27840548398,60,庆典筹备,关于我转生变成史莱姆这档事 第三季,113818915046008
竞技场耸立，罗马屹立不倒,928.312,1,16777215,2025-04-16 17:25:51,27840548398,60,庆典筹备,关于我转生变成史莱姆这档事 第三季,113818915046008
厨神大赛是吧,98.571,1,16777215,2025-04-16 01:13:04,27840548398,60,庆典筹备,关于我转生变成史莱姆这档事 第三季,113818915046008
老领导Polo衫,45.216,1,16777215,2025-04-14 23:56:10,27840548398,60,庆典筹备,关于我转生变成史莱姆这档事 第三季,113818915046008
搞个打印机和电脑吧，这么写效率太低了,22.218,1,16777215,2025-04-14 22:26:35,27840548398,60,庆典筹备,关于我转生变成史莱姆这档事 第三季,113818915046008
闪光的玛丽安娜,836.418,5,16646914,2025-04-14 20:42:09,27840548398,60,庆典筹备,关于我转生变成史莱姆这档事 第三季,113818915046008
心照不宣啊,1141.164,1,8700107,2025-04-14 10:58:50,27840548398,60,庆典筹备,关于我转生变成史莱姆这档事 第三季,113818915046008
广 交 会,59.755,5,16777215,2025-04-14 01:52:41,27840548398,60,庆典筹备,关于我转生变成史莱姆这档事 第三季,113818915046008
别看缪这个时候还有空喝茶，去了利姆露那后经常累得擦汗,658.735,1,16777215,2025-04-14 01:40:29,27840548398,60,庆典筹备,关于我转生变成史莱姆这档事 第三季,113818915046008
计划经济啊小子！,1007.826,1,16777215,2025-04-13 16:07:02,27840548398,60,庆典筹备,关于我转生变成史莱姆这档事 第三季,113818915046008
省略得当,831.297,1,16777215,2025-04-13 16:03:45,27840548398,60,庆典筹备,关于我转生变成史莱姆这档事 第三季,113818915046008
远古的皇帝正幸,800.315,1,16777215,2025-04-13 15:04:38,27840548398,60,庆典筹备,关于我转生变成史莱姆这档事 第三季,113818915046008
《官商勾结》,1082.237,1,16777215,2025-04-12 22:05:27,27840548398,60,庆典筹备,关于我转生变成史莱姆这档事 第三季,113818915046008
赌场是不是也可以同步了,1123.811,1,16777215,2025-04-12 09:27:18,27840548398,60,庆典筹备,关于我转生变成史莱姆这档事 第三季,113818915046008
要说吗？姨妈，扣扣呆！,809.336,5,16707842,2025-04-11 22:27:50,27840548398,60,庆典筹备,关于我转生变成史莱姆这档事 第三季,113818915046008
啊？小丫头？,384.273,5,41194,2025-04-11 22:16:10,27840548398,60,庆典筹备,关于我转生变成史莱姆这档事 第三季,113818915046008
这算不算也是某种意义上的“种田文学”，感觉这样发展社会的剧情还挺喜欢的,1037.993,1,16777215,2025-04-11 13:38:17,27840548398,60,庆典筹备,关于我转生变成史莱姆这档事 第三季,113818915046008
奥运会思路,1009.747,1,16777215,2025-04-10 19:30:33,27840548398,60,庆典筹备,关于我转生变成史莱姆这档事 第三季,113818915046008
damn，要是萌王出现我身边我第一感觉是想亲上去（啊啊啊啊啊,1252.659,5,16777215,2025-04-10 16:10:29,27840548398,60,庆典筹备,关于我转生变成史莱姆这档事 第三季,113818915046008
骨王：迪米乌哥斯魂穿了?,1118.706,1,16777215,2025-04-09 22:37:52,27840548398,60,庆典筹备,关于我转生变成史莱姆这档事 第三季,113818915046008
有点像我跟别人聊我推时，滔滔不绝,816.146,1,16777215,2025-04-09 22:33:13,27840548398,60,庆典筹备,关于我转生变成史莱姆这档事 第三季,113818915046008
东京巨蛋,938.976,1,16777215,2025-04-09 19:37:19,27840548398,60,庆典筹备,关于我转生变成史莱姆这档事 第三季,113818915046008
歌舞伎町,742.017,1,16777215,2025-04-09 19:34:59,27840548398,60,庆典筹备,关于我转生变成史莱姆这档事 第三季,113818915046008
就叫“麦肯鸡”,527.298,1,16777215,2025-04-09 07:43:10,27840548398,60,庆典筹备,关于我转生变成史莱姆这档事 第三季,113818915046008
卡扎克？ 燃烧军团的将军？,402.812,1,16777215,2025-04-09 07:40:52,27840548398,60,庆典筹备,关于我转生变成史莱姆这档事 第三季,113818915046008
群众路线,979.454,1,15138834,2025-04-08 23:17:56,27840548398,60,庆典筹备,关于我转生变成史莱姆这档事 第三季,113818915046008
鸠拉度假村,710.819,5,16777215,2025-04-08 18:50:21,27840548398,60,庆典筹备,关于我转生变成史莱姆这档事 第三季,113818915046008
吉田直树！！！！,220.893,1,16777215,2025-04-08 10:30:37,27840548398,60,庆典筹备,关于我转生变成史莱姆这档事 第三季,113818915046008
第二场会议,1237.279,1,16777215,2025-04-07 23:55:43,27840548398,60,庆典筹备,关于我转生变成史莱姆这档事 第三季,113818915046008
魔王应该就是人外种族的帝王的感觉,1346.513,1,16777215,2025-04-07 23:35:29,27840548398,60,庆典筹备,关于我转生变成史莱姆这档事 第三季,113818915046008
快进到腐败,1208.145,1,16777215,2025-04-07 22:32:00,27840548398,60,庆典筹备,关于我转生变成史莱姆这档事 第三季,113818915046008
哈哈哈哈哈哈,398.251,1,16777215,2025-04-07 11:54:51,27840548398,60,庆典筹备,关于我转生变成史莱姆这档事 第三季,113818915046008
前边说开风俗店的可太行了,777.645,1,16777215,2025-04-07 10:42:18,27840548398,60,庆典筹备,关于我转生变成史莱姆这档事 第三季,113818915046008
罗马斗兽场,933.371,1,14811775,2025-04-07 01:44:50,27840548398,60,庆典筹备,关于我转生变成史莱姆这档事 第三季,113818915046008
会真的太多了，相当于照抄搞有声小说？既然改编成动画，就要多考虑些展现形式啊。,1170.0,1,16777215,2025-04-07 00:49:15,27840548398,60,庆典筹备,关于我转生变成史莱姆这档事 第三季,113818915046008
别管几个人 随时开会,773.729,1,16777215,2025-04-06 18:56:33,27840548398,60,庆典筹备,关于我转生变成史莱姆这档事 第三季,113818915046008
一世界没有本地人了,220.397,1,16777215,2025-04-06 15:56:11,27840548398,60,庆典筹备,关于我转生变成史莱姆这档事 第三季,113818915046008
我决定把此生献给这位国王，赴汤蹈火在所不辞。,1203.926,1,16777215,2025-04-05 20:06:47,27840548398,60,庆典筹备,关于我转生变成史莱姆这档事 第三季,113818915046008
你们难道每天发现这个护卫是街头霸王那个吗，哈哈哈哈,419.106,1,16777215,2025-04-05 12:39:55,27840548398,60,庆典筹备,关于我转生变成史莱姆这档事 第三季,113818915046008
农家乐呗就,756.349,1,16777215,2025-04-05 10:25:21,27840548398,60,庆典筹备,关于我转生变成史莱姆这档事 第三季,113818915046008
魔王是心理男性偏女向 生理中性 能自我繁殖,521.549,1,16777215,2025-04-05 06:00:24,27840548398,60,庆典筹备,关于我转生变成史莱姆这档事 第三季,113818915046008
一马扣搜，一同次泥！,153.078,1,16777215,2025-04-05 03:24:07,27840548398,60,庆典筹备,关于我转生变成史莱姆这档事 第三季,113818915046008
这幅画为啥有特写,461.779,1,16777215,2025-04-04 23:45:17,27840548398,60,庆典筹备,关于我转生变成史莱姆这档事 第三季,113818915046008
两个奸商の笑（,1059.275,1,16777215,2025-04-04 18:57:29,27840548398,60,庆典筹备,关于我转生变成史莱姆这档事 第三季,113818915046008
户部尚书,1171.431,1,16777215,2025-04-04 15:33:31,27840548398,60,庆典筹备,关于我转生变成史莱姆这档事 第三季,113818915046008
如果是萌王他已经g了,424.896,1,16777215,2025-04-02 11:32:09,27840548398,60,庆典筹备,关于我转生变成史莱姆这档事 第三季,113818915046008
史莱姆又没有性别，想变成什么就变什么,520.651,1,16777215,2025-04-02 01:26:27,27840548398,60,庆典筹备,关于我转生变成史莱姆这档事 第三季,113818915046008
魔物：为我花生,762.45,1,16777215,2025-04-01 10:45:28,27840548398,60,庆典筹备,关于我转生变成史莱姆这档事 第三季,113818915046008
吸引外资，发展旅游经济,716.409,1,16777215,2025-03-31 03:15:11,27840548398,60,庆典筹备,关于我转生变成史莱姆这档事 第三季,113818915046008
旅游点数文化胜利是吧,782.685,1,16777215,2025-03-30 13:57:29,27840548398,60,庆典筹备,关于我转生变成史莱姆这档事 第三季,113818915046008
试图蒙混过关（,1319.993,1,16777215,2025-03-30 02:14:44,27840548398,60,庆典筹备,关于我转生变成史莱姆这档事 第三季,113818915046008
谁还记得他原来的样子,51.111,1,16777215,2025-03-29 22:25:59,27840548398,60,庆典筹备,关于我转生变成史莱姆这档事 第三季,113818915046008
不也挺好看的嘛，实在不行你快进阿,1039.079,1,16777215,2025-03-29 15:29:53,27840548398,60,庆典筹备,关于我转生变成史莱姆这档事 第三季,113818915046008
优树只是利益不同，算不上反派，后面很有可能洗白,1364.592,1,16777215,2025-03-29 10:39:28,27840548398,60,庆典筹备,关于我转生变成史莱姆这档事 第三季,113818915046008
哈哈哈哈,1124.962,1,16777215,2025-03-28 23:36:02,27840548398,60,庆典筹备,关于我转生变成史莱姆这档事 第三季,113818915046008
白来的项目，低投入，低风险，有人兜底，自成产业链，白来的编制，几辈子的钱喂到嘴边上,1174.803,1,16777215,2025-03-28 16:04:44,27840548398,60,庆典筹备,关于我转生变成史莱姆这档事 第三季,113818915046008
阿库娅的,1078.602,1,16777215,2025-03-26 07:53:40,27840548398,60,庆典筹备,关于我转生变成史莱姆这档事 第三季,113818915046008
好先生,223.066,5,16777215,2025-03-25 18:19:29,27840548398,60,庆典筹备,关于我转生变成史莱姆这档事 第三季,113818915046008
？倒置三口烧瓶,68.646,1,16777215,2025-03-24 00:01:11,27840548398,60,庆典筹备,关于我转生变成史莱姆这档事 第三季,113818915046008
有编制了,1189.288,1,16777215,2025-03-23 21:47:13,27840548398,60,庆典筹备,关于我转生变成史莱姆这档事 第三季,113818915046008
四处挖角,1229.119,1,16777215,2025-03-23 17:17:54,27840548398,60,庆典筹备,关于我转生变成史莱姆这档事 第三季,113818915046008
黑街男孩,483.945,1,16777215,2025-03-23 17:14:19,27840548398,60,庆典筹备,关于我转生变成史莱姆这档事 第三季,113818915046008
用户分层是吧,979.459,5,16777215,2025-03-23 08:12:25,27840548398,60,庆典筹备,关于我转生变成史莱姆这档事 第三季,113818915046008
西部世界,751.469,5,16777215,2025-03-23 08:01:21,27840548398,60,庆典筹备,关于我转生变成史莱姆这档事 第三季,113818915046008
这个是干项目转包 掮客之类的吧,703.455,1,16777215,2025-03-23 07:58:51,27840548398,60,庆典筹备,关于我转生变成史莱姆这档事 第三季,113818915046008
他们聊天难道不是很有趣吗,1261.067,1,16777215,2025-03-22 14:35:14,27840548398,60,庆典筹备,关于我转生变成史莱姆这档事 第三季,113818915046008
津叔我爱你,52.647,1,16777215,2025-03-22 14:18:52,27840548398,60,庆典筹备,关于我转生变成史莱姆这档事 第三季,113818915046008
看的就是这个种田,1274.618,1,16777215,2025-03-22 11:37:28,27840548398,60,庆典筹备,关于我转生变成史莱姆这档事 第三季,113818915046008
比开会有意思,1034.008,1,16777215,2025-03-22 00:33:33,27840548398,60,庆典筹备,关于我转生变成史莱姆这档事 第三季,113818915046008
开会一集么又是,1029.94,1,16777215,2025-03-21 20:33:58,27840548398,60,庆典筹备,关于我转生变成史莱姆这档事 第三季,113818915046008
过山车,780.056,1,16777215,2025-03-21 17:51:33,27840548398,60,庆典筹备,关于我转生变成史莱姆这档事 第三季,113818915046008
这段也太好玩了,1052.216,1,14811775,2025-03-21 03:56:37,27840548398,60,庆典筹备,关于我转生变成史莱姆这档事 第三季,113818915046008
好喜欢这段好有意思,1050.227,1,16777215,2025-03-21 03:56:14,27840548398,60,庆典筹备,关于我转生变成史莱姆这档事 第三季,113818915046008
这个是好人啊,594.194,1,16777215,2025-03-20 19:16:09,27840548398,60,庆典筹备,关于我转生变成史莱姆这档事 第三季,113818915046008
古朗基也不是反派，只是立场跟林多不同,1347.504,1,16777215,2025-03-20 14:04:18,27840548398,60,庆典筹备,关于我转生变成史莱姆这档事 第三季,113818915046008
阵亡抚恤金,638.291,1,16777215,2025-03-19 00:11:05,27840548398,60,庆典筹备,关于我转生变成史莱姆这档事 第三季,113818915046008
神子＋绫人,1153.694,1,16777215,2025-03-18 15:06:58,27840548398,60,庆典筹备,关于我转生变成史莱姆这档事 第三季,113818915046008
可爱的魔物公主,71.07,1,16777215,2025-03-17 18:46:47,27840548398,60,庆典筹备,关于我转生变成史莱姆这档事 第三季,113818915046008
环球影城是吧,788.934,1,16777215,2025-03-16 21:28:54,27840548398,60,庆典筹备,关于我转生变成史莱姆这档事 第三季,113818915046008
日常也不错，有意思,1048.588,1,16777215,2025-03-16 20:19:09,27840548398,60,庆典筹备,关于我转生变成史莱姆这档事 第三季,113818915046008
老唐：给魔物（血魔也是魔）和人类建给游乐园,733.996,1,16777215,2025-03-16 13:49:57,27840548398,60,庆典筹备,关于我转生变成史莱姆这档事 第三季,113818915046008
奇观误国啊,960.529,1,16777215,2025-03-16 12:27:22,27840548398,60,庆典筹备,关于我转生变成史莱姆这档事 第三季,113818915046008
津叔特有的嗓音,52.221,1,16777215,2025-03-15 22:21:10,27840548398,60,庆典筹备,关于我转生变成史莱姆这档事 第三季,113818915046008
奥体中心经常被用来开演唱会,1041.446,1,16777215,2025-03-15 10:47:38,27840548398,60,庆典筹备,关于我转生变成史莱姆这档事 第三季,113818915046008
市场营销,999.113,1,16777215,2025-03-14 19:43:45,27840548398,60,庆典筹备,关于我转生变成史莱姆这档事 第三季,113818915046008
好可爱,627.687,1,16777215,2025-03-14 01:09:47,27840548398,60,庆典筹备,关于我转生变成史莱姆这档事 第三季,113818915046008
什么时候开家奶茶店！！,526.6,1,16777215,2025-03-13 18:29:56,27840548398,60,庆典筹备,关于我转生变成史莱姆这档事 第三季,113818915046008
日语的精灵就读作精灵，跟中文发音差不多。elf是什么看作者怎么想,482.775,1,16777215,2025-03-13 13:01:10,27840548398,60,庆典筹备,关于我转生变成史莱姆这档事 第三季,113818915046008
唔姆！,919.318,1,16777215,2025-03-12 20:31:30,27840548398,60,庆典筹备,关于我转生变成史莱姆这档事 第三季,113818915046008
Boss直聘,1186.894,1,16777215,2025-03-12 01:07:00,27840548398,60,庆典筹备,关于我转生变成史莱姆这档事 第三季,113818915046008
石纪元？,730.237,1,16777215,2025-03-12 00:17:28,27840548398,60,庆典筹备,关于我转生变成史莱姆这档事 第三季,113818915046008
他还得谢谢咱呢,1341.149,1,16777215,2025-03-11 00:01:10,27840548398,60,庆典筹备,关于我转生变成史莱姆这档事 第三季,113818915046008
渐渐迪化,1028.732,1,16777215,2025-03-10 17:19:09,27840548398,60,庆典筹备,关于我转生变成史莱姆这档事 第三季,113818915046008
手游用的就是这个,130.108,1,16777215,2025-03-09 23:01:24,27840548398,60,庆典筹备,关于我转生变成史莱姆这档事 第三季,113818915046008
小说里讲过这人，老搞笑了,824.418,5,16777215,2025-03-09 01:16:34,27840548398,60,庆典筹备,关于我转生变成史莱姆这档事 第三季,113818915046008
骨王表示感同身受,1013.555,1,16777215,2025-03-07 15:58:22,27840548398,60,庆典筹备,关于我转生变成史莱姆这档事 第三季,113818915046008
好家伙，把猪猪当驴使,950.828,1,16777215,2025-03-07 15:56:55,27840548398,60,庆典筹备,关于我转生变成史莱姆这档事 第三季,113818915046008
好美啊，美丽的魔物公主,1131.544,1,16777215,2025-03-06 20:44:30,27840548398,60,庆典筹备,关于我转生变成史莱姆这档事 第三季,113818915046008
因为萌王是个男的？,644.43,5,16777215,2025-03-06 12:11:43,27840548398,60,庆典筹备,关于我转生变成史莱姆这档事 第三季,113818915046008
魅魔酒吧,776.547,5,16707842,2025-03-06 00:17:52,27840548398,60,庆典筹备,关于我转生变成史莱姆这档事 第三季,113818915046008
是漫画版的,384.94,1,16777215,2025-03-05 23:32:25,27840548398,60,庆典筹备,关于我转生变成史莱姆这档事 第三季,113818915046008
闪光的外号，猎空？,820.159,5,16777215,2025-03-05 20:27:57,27840548398,60,庆典筹备,关于我转生变成史莱姆这档事 第三季,113818915046008
这次是开全国大会！！！,14.674,1,16777215,2025-03-05 04:20:02,27840548398,60,庆典筹备,关于我转生变成史莱姆这档事 第三季,113818915046008
真不错，明星效应，锁链产业,1142.506,1,16777215,2025-03-05 00:42:21,27840548398,60,庆典筹备,关于我转生变成史莱姆这档事 第三季,113818915046008
宝你这侧脸太逗了,1176.763,1,16777215,2025-03-04 16:37:08,27840548398,60,庆典筹备,关于我转生变成史莱姆这档事 第三季,113818915046008
这白毛狐狸是谁,171.015,1,16777215,2025-03-03 04:32:23,27840548398,60,庆典筹备,关于我转生变成史莱姆这档事 第三季,113818915046008
玉子烧感觉喜欢甜食的会喜欢,286.428,1,16777215,2025-03-03 02:01:10,27840548398,60,庆典筹备,关于我转生变成史莱姆这档事 第三季,113818915046008
准备造奇观了,736.125,1,16777215,2025-03-02 23:35:40,27840548398,60,庆典筹备,关于我转生变成史莱姆这档事 第三季,113818915046008
态度是心的面具,328.534,1,16777215,2025-03-02 22:50:11,27840548398,60,庆典筹备,关于我转生变成史莱姆这档事 第三季,113818915046008
闪光的Asuna,818.638,5,16777215,2025-03-02 12:28:52,27840548398,60,庆典筹备,关于我转生变成史莱姆这档事 第三季,113818915046008
生与死比舞大赛,790.242,5,16777215,2025-03-02 12:27:42,27840548398,60,庆典筹备,关于我转生变成史莱姆这档事 第三季,113818915046008
还是开会,563.117,1,16777215,2025-03-02 01:35:31,27840548398,60,庆典筹备,关于我转生变成史莱姆这档事 第三季,113818915046008
那个冷凝管……是不是应该……斜着,55.066,1,16777215,2025-02-28 22:41:59,27840548398,60,庆典筹备,关于我转生变成史莱姆这档事 第三季,113818915046008
户部尚书,1174.323,1,16777215,2025-02-28 17:45:16,27840548398,60,庆典筹备,关于我转生变成史莱姆这档事 第三季,113818915046008
某尼禄:唔姆,938.224,1,16777215,2025-02-27 23:34:42,27840548398,60,庆典筹备,关于我转生变成史莱姆这档事 第三季,113818915046008
所以你在救他,445.751,1,16777215,2025-02-27 07:07:30,27840548398,60,庆典筹备,关于我转生变成史莱姆这档事 第三季,113818915046008
令人心动的offer,1175.861,1,16777215,2025-02-26 15:07:37,27840548398,60,庆典筹备,关于我转生变成史莱姆这档事 第三季,113818915046008
娜娜美的配音吧，好有辨识度。,68.503,1,16777215,2025-02-26 03:34:18,27840548398,60,庆典筹备,关于我转生变成史莱姆这档事 第三季,113818915046008
户部尚书,1174.97,1,16777215,2025-02-25 15:05:39,27840548398,60,庆典筹备,关于我转生变成史莱姆这档事 第三季,113818915046008
奸商，纯纯奸商,1162.585,1,16777215,2025-02-25 13:50:06,27840548398,60,庆典筹备,关于我转生变成史莱姆这档事 第三季,113818915046008
大叔，路走窄了,405.245,1,16777215,2025-02-25 11:45:10,27840548398,60,庆典筹备,关于我转生变成史莱姆这档事 第三季,113818915046008
喜欢 看基建,1258.834,5,15138834,2025-02-25 01:49:58,27840548398,60,庆典筹备,关于我转生变成史莱姆这档事 第三季,113818915046008
与魔王勾肩搭背,1073.933,1,16777215,2025-02-24 23:09:21,27840548398,60,庆典筹备,关于我转生变成史莱姆这档事 第三季,113818915046008
一个玉子烧，吃成这样,289.146,1,16777215,2025-02-24 09:59:44,27840548398,60,庆典筹备,关于我转生变成史莱姆这档事 第三季,113818915046008
本质还是煎商呐！（悲，）,1107.199,1,16777215,2025-02-24 00:46:55,27840548398,60,庆典筹备,关于我转生变成史莱姆这档事 第三季,113818915046008
斯巴拉西,1163.534,1,16777215,2025-02-23 21:26:59,27840548398,60,庆典筹备,关于我转生变成史莱姆这档事 第三季,113818915046008
几条命啊还有其他人敢叫米莉姆,1381.161,1,16777215,2025-02-23 19:00:33,27840548398,60,庆典筹备,关于我转生变成史莱姆这档事 第三季,113818915046008
现代知识真是吊打啊,783.607,1,16777215,2025-02-23 11:20:10,27840548398,60,庆典筹备,关于我转生变成史莱姆这档事 第三季,113818915046008
魔物都做生意搞政治了冒险者名存实亡,1132.882,1,16777215,2025-02-23 01:14:20,27840548398,60,庆典筹备,关于我转生变成史莱姆这档事 第三季,113818915046008
让你开会，没让你开年会。,3.282,1,16777215,2025-02-23 00:29:55,27840548398,60,庆典筹备,关于我转生变成史莱姆这档事 第三季,113818915046008
那应该要靠魔法做个现场近景，不然那么大的场魔法对轰也看不太清,969.546,1,16777215,2025-02-22 05:05:43,27840548398,60,庆典筹备,关于我转生变成史莱姆这档事 第三季,113818915046008
有没有可能那个国家原型是英国，所以英国料理,293.245,1,16777215,2025-02-21 16:22:32,27840548398,60,庆典筹备,关于我转生变成史莱姆这档事 第三季,113818915046008
是不是忘记答应静小姐的事了,1022.949,1,16777215,2025-02-21 03:15:55,27840548398,60,庆典筹备,关于我转生变成史莱姆这档事 第三季,113818915046008
需要建地基的位置开个技能就直接挖空了,956.648,1,16777215,2025-02-20 23:54:20,27840548398,60,庆典筹备,关于我转生变成史莱姆这档事 第三季,113818915046008
萌王越来越偏女性了,933.824,1,16777215,2025-02-20 22:26:15,27840548398,60,庆典筹备,关于我转生变成史莱姆这档事 第三季,113818915046008
他这个读音，是精灵、妖精？！,337.476,1,16777215,2025-02-20 02:17:54,27840548398,60,庆典筹备,关于我转生变成史莱姆这档事 第三季,113818915046008
奇观误国啊陛下,1023.958,1,16777215,2025-02-19 20:22:04,27840548398,60,庆典筹备,关于我转生变成史莱姆这档事 第三季,113818915046008
不想看退出,1049.618,1,16777215,2025-02-19 19:54:07,27840548398,60,庆典筹备,关于我转生变成史莱姆这档事 第三季,113818915046008
基建才是种花人之魂啊,1258.271,1,16777215,2025-02-18 15:08:39,27840548398,60,庆典筹备,关于我转生变成史莱姆这档事 第三季,113818915046008
有一说一同伴确实强,833.974,1,16777215,2025-02-18 09:55:49,27840548398,60,庆典筹备,关于我转生变成史莱姆这档事 第三季,113818915046008
开网吧啊,728.568,1,16777215,2025-02-17 21:53:26,27840548398,60,庆典筹备,关于我转生变成史莱姆这档事 第三季,113818915046008
罗马斗兽场嘛,953.007,1,16777215,2025-02-16 12:49:58,27840548398,60,庆典筹备,关于我转生变成史莱姆这档事 第三季,113818915046008
直接凌驾（狗头）,1369.052,1,16777215,2025-02-15 02:22:27,27840548398,60,庆典筹备,关于我转生变成史莱姆这档事 第三季,113818915046008
他真的我哭死,424.726,1,16777215,2025-02-14 19:32:13,27840548398,60,庆典筹备,关于我转生变成史莱姆这档事 第三季,113818915046008
不是，哥们你谁来着？,1222.621,1,16777215,2025-02-14 02:35:50,27840548398,60,庆典筹备,关于我转生变成史莱姆这档事 第三季,113818915046008
小说看到这里的时候，贼兴奋,1028.318,1,16777215,2025-02-13 13:10:08,27840548398,60,庆典筹备,关于我转生变成史莱姆这档事 第三季,113818915046008
煤老板,905.395,1,16777215,2025-02-12 18:42:32,27840548398,60,庆典筹备,关于我转生变成史莱姆这档事 第三季,113818915046008
从政不能经商啊喂！！！！,1201.33,1,15138834,2025-02-12 13:14:56,27840548398,60,庆典筹备,关于我转生变成史莱姆这档事 第三季,113818915046008
财务部长,1177.491,1,16777215,2025-02-12 12:27:28,27840548398,60,庆典筹备,关于我转生变成史莱姆这档事 第三季,113818915046008
既然这样的话，那就没办法了，连着地皮一起搬走吧,228.711,1,16777215,2025-02-11 22:56:13,27840548398,60,庆典筹备,关于我转生变成史莱姆这档事 第三季,113818915046008
片尾曲叫ed，ep都来了。。。,1468.596,1,16777215,2025-02-11 18:18:30,27840548398,60,庆典筹备,关于我转生变成史莱姆这档事 第三季,113818915046008
科比呢？,1197.901,1,16777215,2025-02-11 13:59:01,27840548398,60,庆典筹备,关于我转生变成史莱姆这档事 第三季,113818915046008
后面的环好像知更鸟的啊,455.312,5,104601,2025-02-11 01:22:41,27840548398,60,庆典筹备,关于我转生变成史莱姆这档事 第三季,113818915046008
正南和小新,1069.01,1,16777215,2025-02-10 21:30:00,27840548398,60,庆典筹备,关于我转生变成史莱姆这档事 第三季,113818915046008
弹幕护体,693.896,1,16777215,2025-02-10 03:19:57,27840548398,60,庆典筹备,关于我转生变成史莱姆这档事 第三季,113818915046008
青年水门,805.758,1,16777215,2025-02-09 07:39:11,27840548398,60,庆典筹备,关于我转生变成史莱姆这档事 第三季,113818915046008
为什么鼻子都画的这么弯跟新版的柯南一样？,1169.341,1,16777215,2025-02-08 23:53:08,27840548398,60,庆典筹备,关于我转生变成史莱姆这档事 第三季,113818915046008
魔家乐,766.872,1,16777215,2025-02-08 23:13:05,27840548398,60,庆典筹备,关于我转生变成史莱姆这档事 第三季,113818915046008
那你脸红个毛线啊,246.484,1,16777215,2025-02-08 20:47:30,27840548398,60,庆典筹备,关于我转生变成史莱姆这档事 第三季,113818915046008
呀嘞呀嘞,658.496,1,16777215,2025-02-08 10:07:46,27840548398,60,庆典筹备,关于我转生变成史莱姆这档事 第三季,113818915046008
后面还有更有趣的,684.052,1,16777215,2025-02-07 23:37:52,27840548398,60,庆典筹备,关于我转生变成史莱姆这档事 第三季,113818915046008
什么政商勾结，那叫亲清政商关系好吧！（doge）,1086.517,5,16777215,2025-02-06 23:58:18,27840548398,60,庆典筹备,关于我转生变成史莱姆这档事 第三季,113818915046008
来偷点子来了,1128.403,1,16777215,2025-02-06 14:48:32,27840548398,60,庆典筹备,关于我转生变成史莱姆这档事 第三季,113818915046008
好看,247.98,1,16777215,2025-02-05 13:00:24,27840548398,60,庆典筹备,关于我转生变成史莱姆这档事 第三季,113818915046008
好吃到感觉像是被雷劈了,271.32,1,16777215,2025-02-05 03:52:32,27840548398,60,庆典筹备,关于我转生变成史莱姆这档事 第三季,113818915046008
办卡！,776.697,1,16777215,2025-02-05 03:25:48,27840548398,60,庆典筹备,关于我转生变成史莱姆这档事 第三季,113818915046008
我好饿饿饿饿饿饿，零食吃完了，大半夜的,540.581,1,16777215,2025-02-05 01:55:49,27840548398,60,庆典筹备,关于我转生变成史莱姆这档事 第三季,113818915046008
市民维先生,639.5,1,16777215,2025-02-04 21:13:51,27840548398,60,庆典筹备,关于我转生变成史莱姆这档事 第三季,113818915046008
莫名其妙有编制，是个人都不会拒绝,1204.85,1,16777215,2025-02-04 14:33:57,27840548398,60,庆典筹备,关于我转生变成史莱姆这档事 第三季,113818915046008
你确定这不是古烈么？,429.175,1,16777215,2025-02-03 13:16:05,27840548398,60,庆典筹备,关于我转生变成史莱姆这档事 第三季,113818915046008
演唱会,977.514,1,16777215,2025-02-02 23:45:53,27840548398,60,庆典筹备,关于我转生变成史莱姆这档事 第三季,113818915046008
不义游戏,288.724,1,16777215,2025-02-02 22:37:23,27840548398,60,庆典筹备,关于我转生变成史莱姆这档事 第三季,113818915046008
鸠拉农家乐,751.634,5,16777215,2025-02-02 19:12:17,27840548398,60,庆典筹备,关于我转生变成史莱姆这档事 第三季,113818915046008
反复放送,541.712,1,16777215,2025-02-02 15:13:14,27840548398,60,庆典筹备,关于我转生变成史莱姆这档事 第三季,113818915046008
没办法，他给的实在太多了,894.872,1,16777215,2025-02-02 14:14:45,27840548398,60,庆典筹备,关于我转生变成史莱姆这档事 第三季,113818915046008
还有细分市场,946.305,1,16777215,2025-02-01 21:03:45,27840548398,60,庆典筹备,关于我转生变成史莱姆这档事 第三季,113818915046008
迷宫要来了,763.418,1,16777215,2025-02-01 20:49:26,27840548398,60,庆典筹备,关于我转生变成史莱姆这档事 第三季,113818915046008
我们需要更多的大戏剧家,851.26,1,16777215,2025-02-01 20:44:47,27840548398,60,庆典筹备,关于我转生变成史莱姆这档事 第三季,113818915046008
除了门没坏之外跟米莉姆一模一样,1215.06,1,16777215,2025-02-01 19:08:23,27840548398,60,庆典筹备,关于我转生变成史莱姆这档事 第三季,113818915046008
开博物馆了,47.631,1,16777215,2025-02-01 10:05:44,27840548398,60,庆典筹备,关于我转生变成史莱姆这档事 第三季,113818915046008
斯巴拉西,1155.862,5,16777215,2025-02-01 01:56:35,27840548398,60,庆典筹备,关于我转生变成史莱姆这档事 第三季,113818915046008
忠诚!!!,1200.658,1,16777215,2025-01-31 03:32:21,27840548398,60,庆典筹备,关于我转生变成史莱姆这档事 第三季,113818915046008
什么光能使者,341.838,1,16777215,2025-01-31 00:57:09,27840548398,60,庆典筹备,关于我转生变成史莱姆这档事 第三季,113818915046008
好消息，进度条要结束了,1322.629,1,16777215,2025-01-30 16:00:23,27840548398,60,庆典筹备,关于我转生变成史莱姆这档事 第三季,113818915046008
匕见,1170.501,1,16777215,2025-01-30 01:33:41,27840548398,60,庆典筹备,关于我转生变成史莱姆这档事 第三季,113818915046008
开会魔王,35.444,1,16777215,2025-01-30 01:09:12,27840548398,60,庆典筹备,关于我转生变成史莱姆这档事 第三季,113818915046008
开会了!,22.906,1,16777215,2025-01-30 01:08:43,27840548398,60,庆典筹备,关于我转生变成史莱姆这档事 第三季,113818915046008
得加钱,643.578,1,16777215,2025-01-30 00:20:49,27840548398,60,庆典筹备,关于我转生变成史莱姆这档事 第三季,113818915046008
哈哈哈哈哈哈哈哈,1234.172,1,16777215,2025-01-29 21:24:50,27840548398,60,庆典筹备,关于我转生变成史莱姆这档事 第三季,113818915046008
啥？鸡蛋烧？,263.599,5,16777215,2025-01-28 17:06:47,27840548398,60,庆典筹备,关于我转生变成史莱姆这档事 第三季,113818915046008
卧槽黑转白，上岸才是黑社会的终点，但是手套是脱不掉的，只不过换了主子戴罢了。,482.172,1,16777215,2025-01-28 10:10:26,27840548398,60,庆典筹备,关于我转生变成史莱姆这档事 第三季,113818915046008
美丽的魔物公主,1062.633,1,16777215,2025-01-27 19:53:18,27840548398,60,庆典筹备,关于我转生变成史莱姆这档事 第三季,113818915046008
壁画有点多,667.707,1,16777215,2025-01-26 22:20:51,27840548398,60,庆典筹备,关于我转生变成史莱姆这档事 第三季,113818915046008
大力发展旅游业,1012.846,1,16777215,2025-01-25 17:50:42,27840548398,60,庆典筹备,关于我转生变成史莱姆这档事 第三季,113818915046008
邪恶的商人,1147.782,1,16777215,2025-01-25 16:34:24,27840548398,60,庆典筹备,关于我转生变成史莱姆这档事 第三季,113818915046008
演唱会经济,998.659,1,16777215,2025-01-25 12:12:58,27840548398,60,庆典筹备,关于我转生变成史莱姆这档事 第三季,113818915046008
----------------------------------------------------------------------------------------------------,106.56,1,16777215,2025-01-24 22:28:52,27840548398,60,庆典筹备,关于我转生变成史莱姆这档事 第三季,113818915046008
卖gei卖gei,878.036,1,16777215,2025-01-24 20:23:50,27840548398,60,庆典筹备,关于我转生变成史莱姆这档事 第三季,113818915046008
你惹她干嘛,407.189,1,16777215,2025-01-24 20:13:52,27840548398,60,庆典筹备,关于我转生变成史莱姆这档事 第三季,113818915046008
车底丸辣,412.924,1,16777215,2025-01-24 19:26:42,27840548398,60,庆典筹备,关于我转生变成史莱姆这档事 第三季,113818915046008
你脸红个泡泡茶壶,242.923,1,16777215,2025-01-24 12:06:04,27840548398,60,庆典筹备,关于我转生变成史莱姆这档事 第三季,113818915046008
顺手的事儿,674.432,1,16777215,2025-01-24 00:51:29,27840548398,60,庆典筹备,关于我转生变成史莱姆这档事 第三季,113818915046008
————————————————————————————————————————————————————————————————————————————————————————————————————,36.993,1,16777215,2025-01-24 00:05:56,27840548398,60,庆典筹备,关于我转生变成史莱姆这档事 第三季,113818915046008
卡扎克。。。,320.513,1,16777215,2025-01-23 20:34:28,27840548398,60,庆典筹备,关于我转生变成史莱姆这档事 第三季,113818915046008
世博会,61.948,1,16777215,2025-01-23 18:21:15,27840548398,60,庆典筹备,关于我转生变成史莱姆这档事 第三季,113818915046008
摁头安利中,836.974,1,16777215,2025-01-23 10:59:03,27840548398,60,庆典筹备,关于我转生变成史莱姆这档事 第三季,113818915046008
前方高能预警,335.858,1,16777215,2025-01-22 23:07:48,27840548398,60,庆典筹备,关于我转生变成史莱姆这档事 第三季,113818915046008
前方高能预警,315.638,1,16777215,2025-01-22 23:07:26,27840548398,60,庆典筹备,关于我转生变成史莱姆这档事 第三季,113818915046008
可是我感觉这段对话好好玩儿,1266.042,1,16777215,2025-01-22 23:06:06,27840548398,60,庆典筹备,关于我转生变成史莱姆这档事 第三季,113818915046008
布蚝！,1350.965,5,16777215,2025-01-22 07:04:19,27840548398,60,庆典筹备,关于我转生变成史莱姆这档事 第三季,113818915046008
听人劝吃饱饭，新op听一遍,2.12,1,16777215,2025-01-21 22:50:18,27840548398,60,庆典筹备,关于我转生变成史莱姆这档事 第三季,113818915046008
七曜：你们圆满，咱们圆寂,1281.999,1,16777215,2025-01-21 17:30:46,27840548398,60,庆典筹备,关于我转生变成史莱姆这档事 第三季,113818915046008
七曜：死绝了，别惦记咱们了,1234.48,1,16777215,2025-01-21 17:01:45,27840548398,60,庆典筹备,关于我转生变成史莱姆这档事 第三季,113818915046008
我不懂我玩斩斧的,745.358,5,16777215,2025-01-21 16:47:41,27840548398,60,庆典筹备,关于我转生变成史莱姆这档事 第三季,113818915046008
补设定啊，补设定,1274.868,1,16777215,2025-01-21 08:14:44,27840548398,60,庆典筹备,关于我转生变成史莱姆这档事 第三季,113818915046008
太有盼头了,356.628,1,16777215,2025-01-20 18:53:01,27840548398,60,庆典筹备,关于我转生变成史莱姆这档事 第三季,113818915046008
头号粉丝！！,909.876,1,16777215,2025-01-19 23:47:22,27840548398,60,庆典筹备,关于我转生变成史莱姆这档事 第三季,113818915046008
呀勒呀勒,658.749,1,6830715,2025-01-19 23:44:49,27840548398,60,庆典筹备,关于我转生变成史莱姆这档事 第三季,113818915046008
别忘了猪人族那帮基建狂魔,961.932,1,16777215,2025-01-19 22:40:14,27840548398,60,庆典筹备,关于我转生变成史莱姆这档事 第三季,113818915046008
大竞技场耸立，罗马耸立,970.284,1,16777215,2025-01-19 21:20:45,27840548398,60,庆典筹备,关于我转生变成史莱姆这档事 第三季,113818915046008
EP太好听了,1410.524,1,16777215,2025-01-19 20:31:28,27840548398,60,庆典筹备,关于我转生变成史莱姆这档事 第三季,113818915046008
忠！诚！,1202.265,1,16777215,2025-01-19 16:55:54,27840548398,60,庆典筹备,关于我转生变成史莱姆这档事 第三季,113818915046008
woc，曹德旺做法,318.059,1,16777215,2025-01-19 15:58:05,27840548398,60,庆典筹备,关于我转生变成史莱姆这档事 第三季,113818915046008
盖亚！,1390.022,1,16777215,2025-01-19 12:27:06,27840548398,60,庆典筹备,关于我转生变成史莱姆这档事 第三季,113818915046008
速八拉七,1154.01,1,16777215,2025-01-19 01:25:49,27840548398,60,庆典筹备,关于我转生变成史莱姆这档事 第三季,113818915046008
[闪光]的Asuna,824.249,1,16777215,2025-01-19 00:15:21,27840548398,60,庆典筹备,关于我转生变成史莱姆这档事 第三季,113818915046008
光头强已经抢先了,738.555,1,16777215,2025-01-18 23:57:22,27840548398,60,庆典筹备,关于我转生变成史莱姆这档事 第三季,113818915046008
奇观旁边建剧院,846.937,1,16777215,2025-01-18 22:31:24,27840548398,60,庆典筹备,关于我转生变成史莱姆这档事 第三季,113818915046008
萌王祈祷中,850.753,1,16777215,2025-01-18 21:23:09,27840548398,60,庆典筹备,关于我转生变成史莱姆这档事 第三季,113818915046008
第三把手，财务大臣,1178.12,1,16777215,2025-01-18 21:09:42,27840548398,60,庆典筹备,关于我转生变成史莱姆这档事 第三季,113818915046008
天下比武大会,862.743,1,16777215,2025-01-18 20:42:51,27840548398,60,庆典筹备,关于我转生变成史莱姆这档事 第三季,113818915046008
金闪闪~,836.679,1,16707842,2025-01-18 14:20:57,27840548398,60,庆典筹备,关于我转生变成史莱姆这档事 第三季,113818915046008
三个萌王,1431.605,1,16777215,2025-01-18 12:37:55,27840548398,60,庆典筹备,关于我转生变成史莱姆这档事 第三季,113818915046008
迪化进度顺利进展中,1024.371,5,52480,2025-01-18 10:05:58,27840548398,60,庆典筹备,关于我转生变成史莱姆这档事 第三季,113818915046008
声优是荆棘吧,517.621,1,16777215,2025-01-18 00:35:41,27840548398,60,庆典筹备,关于我转生变成史莱姆这档事 第三季,113818915046008
我怎么感觉有点像那个迪奥？,580.494,1,16777215,2025-01-18 00:33:16,27840548398,60,庆典筹备,关于我转生变成史莱姆这档事 第三季,113818915046008
开完会又找另一个人开会,1289.635,1,16777215,2025-01-17 23:45:33,27840548398,60,庆典筹备,关于我转生变成史莱姆这档事 第三季,113818915046008
丸辣,1358.461,1,16777215,2025-01-17 21:21:24,27840548398,60,庆典筹备,关于我转生变成史莱姆这档事 第三季,113818915046008
龙骑士正幸,798.272,1,16777215,2025-01-17 21:06:29,27840548398,60,庆典筹备,关于我转生变成史莱姆这档事 第三季,113818915046008
太美了吧,1449.864,1,16777215,2025-01-17 20:25:23,27840548398,60,庆典筹备,关于我转生变成史莱姆这档事 第三季,113818915046008
认可之拍,1056.195,1,16777215,2025-01-17 17:44:28,27840548398,60,庆典筹备,关于我转生变成史莱姆这档事 第三季,113818915046008
好可爱哇喜欢欢,195.874,1,16777215,2025-01-17 17:04:59,27840548398,60,庆典筹备,关于我转生变成史莱姆这档事 第三季,113818915046008
天下第一武道会,1028.959,1,16777215,2025-01-17 13:29:13,27840548398,60,庆典筹备,关于我转生变成史莱姆这档事 第三季,113818915046008
罗马斗兽场？,925.943,1,16777215,2025-01-17 13:01:17,27840548398,60,庆典筹备,关于我转生变成史莱姆这档事 第三季,113818915046008
曹操：对对对,1116.832,1,16777215,2025-01-17 11:23:06,27840548398,60,庆典筹备,关于我转生变成史莱姆这档事 第三季,113818915046008
罗马大竞技场,936.962,1,16777215,2025-01-17 09:29:31,27840548398,60,庆典筹备,关于我转生变成史莱姆这档事 第三季,113818915046008
是不是之前在矮人组那边的一个商人,492.547,1,16777215,2025-01-17 03:33:46,27840548398,60,庆典筹备,关于我转生变成史莱姆这档事 第三季,113818915046008
好喜欢这个商人,478.7,1,16777215,2025-01-16 23:57:44,27840548398,60,庆典筹备,关于我转生变成史莱姆这档事 第三季,113818915046008
这么好的op跳过的可惜了,212.636,1,16777215,2025-01-16 23:35:06,27840548398,60,庆典筹备,关于我转生变成史莱姆这档事 第三季,113818915046008
一千人一起开会  应该是个超级大项目,567.147,1,16777215,2025-01-16 20:27:49,27840548398,60,庆典筹备,关于我转生变成史莱姆这档事 第三季,113818915046008
你在这小房间开了半集会！？,1053.108,1,16777215,2025-01-16 18:59:35,27840548398,60,庆典筹备,关于我转生变成史莱姆这档事 第三季,113818915046008
财务大臣,1170.964,1,16777215,2025-01-16 18:29:15,27840548398,60,庆典筹备,关于我转生变成史莱姆这档事 第三季,113818915046008
哎呀，受不了了，这季也太水了吧,724.412,1,15138834,2025-01-16 16:24:16,27840548398,60,庆典筹备,关于我转生变成史莱姆这档事 第三季,113818915046008
加糖的摊鸡蛋卷起来我是不喜欢,279.165,1,16777215,2025-01-16 16:04:08,27840548398,60,庆典筹备,关于我转生变成史莱姆这档事 第三季,113818915046008
来看开会了,5.06,5,16777215,2025-01-16 13:17:21,27840548398,60,庆典筹备,关于我转生变成史莱姆这档事 第三季,113818915046008
当个老鸨吧,781.386,1,16777215,2025-01-16 12:24:53,27840548398,60,庆典筹备,关于我转生变成史莱姆这档事 第三季,113818915046008
你两还要聊？,1119.033,1,16777215,2025-01-16 12:24:50,27840548398,60,庆典筹备,关于我转生变成史莱姆这档事 第三季,113818915046008
诺瓦克异端审问官,66.429,1,16777215,2025-01-16 11:59:18,27840548398,60,庆典筹备,关于我转生变成史莱姆这档事 第三季,113818915046008
四大天王争夺战说是,191.333,1,16777215,2025-01-16 11:14:13,27840548398,60,庆典筹备,关于我转生变成史莱姆这档事 第三季,113818915046008
看见紫苑,1419.252,1,16777215,2025-01-16 10:42:18,27840548398,60,庆典筹备,关于我转生变成史莱姆这档事 第三季,113818915046008
这也开会？正常剧情看不了就出去别喊,535.628,1,16777215,2025-01-16 10:31:37,27840548398,60,庆典筹备,关于我转生变成史莱姆这档事 第三季,113818915046008
红了,238.0,1,16777215,2025-01-16 10:31:31,27840548398,60,庆典筹备,关于我转生变成史莱姆这档事 第三季,113818915046008
特恩佩斯特改“组”了,120.509,1,16777215,2025-01-16 10:09:19,27840548398,60,庆典筹备,关于我转生变成史莱姆这档事 第三季,113818915046008
是亚总提不动刀了吗,838.847,1,16777215,2025-01-16 08:28:10,27840548398,60,庆典筹备,关于我转生变成史莱姆这档事 第三季,113818915046008
我仿佛听见了骨王的配音,1161.507,1,16777215,2025-01-16 01:27:58,27840548398,60,庆典筹备,关于我转生变成史莱姆这档事 第三季,113818915046008
娜娜米？！,57.512,1,16777215,2025-01-16 01:20:17,27840548398,60,庆典筹备,关于我转生变成史莱姆这档事 第三季,113818915046008
古烈？,1089.171,1,16777215,2025-01-16 01:09:01,27840548398,60,庆典筹备,关于我转生变成史莱姆这档事 第三季,113818915046008
这一季讲真有点水,56.883,1,16777215,2025-01-16 00:02:43,27840548398,60,庆典筹备,关于我转生变成史莱姆这档事 第三季,113818915046008
开会！开宴会！,11.487,1,16777215,2025-01-15 23:02:25,27840548398,60,庆典筹备,关于我转生变成史莱姆这档事 第三季,113818915046008
这俩人聊了一集,1042.723,1,16777215,2025-01-15 22:22:26,27840548398,60,庆典筹备,关于我转生变成史莱姆这档事 第三季,113818915046008
要不刻个章子吧！,23.328,1,16777215,2025-01-15 22:20:31,27840548398,60,庆典筹备,关于我转生变成史莱姆这档事 第三季,113818915046008
盖亚！,1395.75,1,16777215,2025-01-15 22:11:18,27840548398,60,庆典筹备,关于我转生变成史莱姆这档事 第三季,113818915046008
准备修大迷宫吧,764.213,1,16777215,2025-01-15 22:00:34,27840548398,60,庆典筹备,关于我转生变成史莱姆这档事 第三季,113818915046008
反复观看库洛艾转身,194.34,1,16777215,2025-01-15 21:59:46,27840548398,60,庆典筹备,关于我转生变成史莱姆这档事 第三季,113818915046008
酒井户也是他配的吧,54.2,1,16777215,2025-01-15 21:37:33,27840548398,60,庆典筹备,关于我转生变成史莱姆这档事 第三季,113818915046008
每次开会就开一整集,1159.953,1,16777215,2025-01-15 21:32:13,27840548398,60,庆典筹备,关于我转生变成史莱姆这档事 第三季,113818915046008
啧，喝茶喝一集,1140.315,1,16777215,2025-01-15 21:25:36,27840548398,60,庆典筹备,关于我转生变成史莱姆这档事 第三季,113818915046008
必须有弹幕,567.692,1,16777215,2025-01-15 21:03:13,27840548398,60,庆典筹备,关于我转生变成史莱姆这档事 第三季,113818915046008
丸辣,84.195,1,16777215,2025-01-15 20:29:49,27840548398,60,庆典筹备,关于我转生变成史莱姆这档事 第三季,113818915046008
有迷宫,174.132,1,16777215,2025-01-15 20:25:58,27840548398,60,庆典筹备,关于我转生变成史莱姆这档事 第三季,113818915046008
这个紫苑也太漂亮了！！！,200.471,1,16646914,2025-01-15 20:03:47,27840548398,60,庆典筹备,关于我转生变成史莱姆这档事 第三季,113818915046008
想看纯战斗的请出门右拐，这里是种田番,1365.839,1,16777215,2025-01-15 20:02:11,27840548398,60,庆典筹备,关于我转生变成史莱姆这档事 第三季,113818915046008
不是才宣布啊城里的不都知道了吗,1301.912,1,16777215,2025-01-15 19:41:49,27840548398,60,庆典筹备,关于我转生变成史莱姆这档事 第三季,113818915046008
不是开会就是趴体,10.191,1,16777215,2025-01-15 19:40:17,27840548398,60,庆典筹备,关于我转生变成史莱姆这档事 第三季,113818915046008
两个人聊了一集？,1038.229,1,16777215,2025-01-15 19:30:50,27840548398,60,庆典筹备,关于我转生变成史莱姆这档事 第三季,113818915046008
C位猪头,1436.372,5,16740868,2025-01-15 19:28:14,27840548398,60,庆典筹备,关于我转生变成史莱姆这档事 第三季,113818915046008
世博会,73.818,1,16777215,2025-01-15 19:26:45,27840548398,60,庆典筹备,关于我转生变成史莱姆这档事 第三季,113818915046008
又开了一集的会？,1038.694,1,16777215,2025-01-15 19:18:59,27840548398,60,庆典筹备,关于我转生变成史莱姆这档事 第三季,113818915046008
我也吃,237.747,1,16777215,2025-01-15 19:18:04,27840548398,60,庆典筹备,关于我转生变成史莱姆这档事 第三季,113818915046008
超喜欢这个op,126.963,1,16777215,2025-01-15 18:59:16,27840548398,60,庆典筹备,关于我转生变成史莱姆这档事 第三季,113818915046008
换op了,120.761,1,16777215,2025-01-15 18:56:11,27840548398,60,庆典筹备,关于我转生变成史莱姆这档事 第三季,113818915046008
我吃萌王的,246.055,1,16777215,2025-01-15 18:55:22,27840548398,60,庆典筹备,关于我转生变成史莱姆这档事 第三季,113818915046008
？一集过去了,1032.349,1,16777215,2025-01-15 18:47:14,27840548398,60,庆典筹备,关于我转生变成史莱姆这档事 第三季,113818915046008
这个展览会十分重量级,49.163,1,16777215,2025-01-15 18:43:28,27840548398,60,庆典筹备,关于我转生变成史莱姆这档事 第三季,113818915046008
哈哈大买卖✪ω✪,969.408,1,16777215,2025-01-15 18:39:43,27840548398,60,庆典筹备,关于我转生变成史莱姆这档事 第三季,113818915046008
一拳超人的King/滑稽,821.075,1,16777215,2025-01-15 18:38:48,27840548398,60,庆典筹备,关于我转生变成史莱姆这档事 第三季,113818915046008
ed也换了,1391.023,5,16777215,2025-01-15 18:38:21,27840548398,60,庆典筹备,关于我转生变成史莱姆这档事 第三季,113818915046008
这个op是真好听,190.932,1,16777215,2025-01-15 18:36:18,27840548398,60,庆典筹备,关于我转生变成史莱姆这档事 第三季,113818915046008
迪士尼乐园是吗,777.511,1,16777215,2025-01-15 18:22:56,27840548398,60,庆典筹备,关于我转生变成史莱姆这档事 第三季,113818915046008
空屏,515.555,1,16777215,2025-01-15 18:16:23,27840548398,60,庆典筹备,关于我转生变成史莱姆这档事 第三季,113818915046008
这龙好像蛮鄂龙,456.504,1,16777215,2025-01-15 18:08:36,27840548398,60,庆典筹备,关于我转生变成史莱姆这档事 第三季,113818915046008
当代医院专硕现状,314.03,1,16777215,2026-04-13 22:11:38,27840548398,60,庆典筹备,关于我转生变成史莱姆这档事 第三季,113818915046008
偷吃长的下班料理,287.878,5,15138835,2026-04-13 18:13:48,27840548398,60,庆典筹备,关于我转生变成史莱姆这档事 第三季,113818915046008
目前好像是对利姆露唯一暴露出欲望了,394.101,1,16777215,2026-04-12 11:16:55,27840548398,60,庆典筹备,关于我转生变成史莱姆这档事 第三季,113818915046008
萌王：邀至招荡的黄金剧场！,939.752,1,16777215,2026-04-11 16:53:37,27840548398,60,庆典筹备,关于我转生变成史莱姆这档事 第三季,113818915046008
五蚂蚁！,283.045,1,16777215,2026-04-10 23:34:25,27840548398,60,庆典筹备,关于我转生变成史莱姆这档事 第三季,113818915046008
其实是美食番。,539.801,1,16777215,2026-04-10 23:33:23,27840548398,60,庆典筹备,关于我转生变成史莱姆这档事 第三季,113818915046008
是你，苇名弦一郎,51.507,1,16777215,2026-04-10 15:39:14,27840548398,60,庆典筹备,关于我转生变成史莱姆这档事 第三季,113818915046008
火车正在制造中，魔导列车已经有雏形了，到开国后原型机就造出来了,1021.629,1,16777215,2026-04-10 07:58:13,27840548398,60,庆典筹备,关于我转生变成史莱姆这档事 第三季,113818915046008
是不是改办学校了把那四个带回来吧,58.961,5,16777215,2026-04-09 22:53:00,27840548398,60,庆典筹备,关于我转生变成史莱姆这档事 第三季,113818915046008
其实根本没想到,1115.365,5,16777215,2026-04-09 13:01:12,27840548398,60,庆典筹备,关于我转生变成史莱姆这档事 第三季,113818915046008
罗马斗兽场是吧,924.681,5,16777215,2026-04-09 12:57:43,27840548398,60,庆典筹备,关于我转生变成史莱姆这档事 第三季,113818915046008
boss直聘,1181.596,1,16777215,2026-04-09 00:16:07,27840548398,60,庆典筹备,关于我转生变成史莱姆这档事 第三季,113818915046008
果然是老乡见老乡背后一枪,1344.368,1,16777215,2026-04-08 09:42:57,27840548398,60,庆典筹备,关于我转生变成史莱姆这档事 第三季,113818915046008
梦巴黎,780.431,1,16707842,2026-04-07 12:59:51,27840548398,60,庆典筹备,关于我转生变成史莱姆这档事 第三季,113818915046008
紫苑好美,76.583,1,16777215,2026-04-06 20:18:52,27840548398,60,庆典筹备,关于我转生变成史莱姆这档事 第三季,113818915046008
被利姆露这魅魔彻底拿捏了,1204.354,5,16777215,2026-04-06 19:13:57,27840548398,60,庆典筹备,关于我转生变成史莱姆这档事 第三季,113818915046008
封口费,646.318,5,16777215,2026-04-06 19:04:08,27840548398,60,庆典筹备,关于我转生变成史莱姆这档事 第三季,113818915046008
官方亲闺女啊,1404.953,1,16777215,2026-04-06 11:40:30,27840548398,60,庆典筹备,关于我转生变成史莱姆这档事 第三季,113818915046008
666开始发展旅游业了,723.9,1,16777215,2026-04-06 11:36:35,27840548398,60,庆典筹备,关于我转生变成史莱姆这档事 第三季,113818915046008
这里不对利姆露应该穿的更像女孩子一点,372.716,1,16777215,2026-04-06 06:52:58,27840548398,60,庆典筹备,关于我转生变成史莱姆这档事 第三季,113818915046008
天使！,454.311,5,16777215,2026-04-06 03:22:26,27840548398,60,庆典筹备,关于我转生变成史莱姆这档事 第三季,113818915046008
财务大神,1192.196,1,16777215,2026-04-06 02:06:10,27840548398,60,庆典筹备,关于我转生变成史莱姆这档事 第三季,113818915046008
怎么和邻居家串门的小妹妹一样,1219.261,1,16777215,2026-04-06 00:02:02,27840548398,60,庆典筹备,关于我转生变成史莱姆这档事 第三季,113818915046008
小恶魔的感觉。好可爱,1068.17,1,16777215,2026-04-05 23:58:15,27840548398,60,庆典筹备,关于我转生变成史莱姆这档事 第三季,113818915046008
其实是皇帝鲁德拉,799.58,1,16777215,2026-04-05 23:55:53,27840548398,60,庆典筹备,关于我转生变成史莱姆这档事 第三季,113818915046008
这确实没错,398.68,1,16777215,2026-04-05 23:50:28,27840548398,60,庆典筹备,关于我转生变成史莱姆这档事 第三季,113818915046008
可爱的丫头,385.84,1,16777215,2026-04-05 23:50:03,27840548398,60,庆典筹备,关于我转生变成史莱姆这档事 第三季,113818915046008
美丽是魔物公主,386.225,1,16777215,2026-04-05 22:47:42,27840548398,60,庆典筹备,关于我转生变成史莱姆这档事 第三季,113818915046008
额 两个人说话就是开会？,1046.931,1,16777215,2026-04-05 21:45:08,27840548398,60,庆典筹备,关于我转生变成史莱姆这档事 第三季,113818915046008
招安,1172.924,1,16777215,2026-04-05 15:35:36,27840548398,60,庆典筹备,关于我转生变成史莱姆这档事 第三季,113818915046008
应该是工商部,1184.862,1,16777215,2026-04-05 13:22:12,27840548398,60,庆典筹备,关于我转生变成史莱姆这档事 第三季,113818915046008
财政大臣说是,1180.531,1,15138834,2026-04-05 01:14:27,27840548398,60,庆典筹备,关于我转生变成史莱姆这档事 第三季,113818915046008
两个人商谈业务也能叫开会，以后和别人说话干脆也叫开会得了呗蠢猪们,1106.369,1,15138834,2026-04-05 01:13:21,27840548398,60,庆典筹备,关于我转生变成史莱姆这档事 第三季,113818915046008
可爱死啦！,78.092,1,41194,2026-04-04 23:45:37,27840548398,60,庆典筹备,关于我转生变成史莱姆这档事 第三季,113818915046008
麻花辫太可爱了,365.11,1,16777215,2026-04-04 15:11:47,27840548398,60,庆典筹备,关于我转生变成史莱姆这档事 第三季,113818915046008
好美,455.292,5,16777215,2026-04-04 10:34:19,27840548398,60,庆典筹备,关于我转生变成史莱姆这档事 第三季,113818915046008
美丽的魔物公主,401.02,5,16777215,2026-04-04 10:33:04,27840548398,60,庆典筹备,关于我转生变成史莱姆这档事 第三季,113818915046008
萌王好美,400.337,5,16777215,2026-04-04 10:32:51,27840548398,60,庆典筹备,关于我转生变成史莱姆这档事 第三季,113818915046008
我家萌王肯定端正啊,400.337,1,16777215,2026-04-04 10:32:43,27840548398,60,庆典筹备,关于我转生变成史莱姆这档事 第三季,113818915046008
魔王直聘,1174.242,1,16777215,2026-04-04 08:39:24,27840548398,60,庆典筹备,关于我转生变成史莱姆这档事 第三季,113818915046008
迪士尼贵宾票,963.464,1,16777215,2026-04-04 05:35:15,27840548398,60,庆典筹备,关于我转生变成史莱姆这档事 第三季,113818915046008
上一世可没有不行，也是深得后辈尊重上司信任的。只不过太直男而已,1201.838,1,16777215,2026-04-02 12:51:14,27840548398,60,庆典筹备,关于我转生变成史莱姆这档事 第三季,113818915046008
这个世界是有剑和魔法的世界，科技不发达不代表人力做不了,1015.775,1,16777215,2026-04-02 12:47:56,27840548398,60,庆典筹备,关于我转生变成史莱姆这档事 第三季,113818915046008
精灵更接近自然之灵，elf是魔戒那套演变出来的,489.805,1,16777215,2026-04-02 12:41:48,27840548398,60,庆典筹备,关于我转生变成史莱姆这档事 第三季,113818915046008
不是开会就是开宴会,9.103,1,16777215,2026-04-01 16:05:02,27840548398,60,庆典筹备,关于我转生变成史莱姆这档事 第三季,113818915046008
不是真搞龙息铁板烧啊，真的能吃吗？,586.371,1,16777215,2026-04-01 05:25:40,27840548398,60,庆典筹备,关于我转生变成史莱姆这档事 第三季,113818915046008
但是这个龙息好像是靠魔素转化的吧，烤出来能吃吗？,107.187,1,16777215,2026-04-01 05:17:58,27840548398,60,庆典筹备,关于我转生变成史莱姆这档事 第三季,113818915046008
属性点全加幸运的出现了,821.329,1,16777215,2026-03-31 23:15:58,27840548398,60,庆典筹备,关于我转生变成史莱姆这档事 第三季,113818915046008
就是整天要亲亲的七个怪老头（,1266.752,1,16777215,2026-03-31 22:39:38,27840548398,60,庆典筹备,关于我转生变成史莱姆这档事 第三季,113818915046008
火精灵：还有人记得我吗？,1315.066,1,16777215,2026-03-31 19:01:40,27840548398,60,庆典筹备,关于我转生变成史莱姆这档事 第三季,113818915046008
夜店,1074.294,5,16707842,2026-03-31 04:34:35,27840548398,60,庆典筹备,关于我转生变成史莱姆这档事 第三季,113818915046008
有点米迦勒那味了，米迦勒打红龙(撒旦),665.854,1,16777215,2026-03-30 23:19:14,27840548398,60,庆典筹备,关于我转生变成史莱姆这档事 第三季,113818915046008
张！！力！！,269.229,5,16777215,2026-03-30 19:41:14,27840548398,60,庆典筹备,关于我转生变成史莱姆这档事 第三季,113818915046008
开始迪化,1016.814,1,16777215,2026-03-30 01:42:04,27840548398,60,庆典筹备,关于我转生变成史莱姆这档事 第三季,113818915046008
这可是户部尚书啊,506.192,5,16777215,2026-03-29 23:31:26,27840548398,60,庆典筹备,关于我转生变成史莱姆这档事 第三季,113818915046008
禁止那些等级高的参赛，要么就是同等水平把场地给灭了,894.118,1,16777215,2026-03-29 01:07:18,27840548398,60,庆典筹备,关于我转生变成史莱姆这档事 第三季,113818915046008
好漂亮,455.143,1,16777215,2026-03-28 14:45:33,27840548398,60,庆典筹备,关于我转生变成史莱姆这档事 第三季,113818915046008
天下第一武道会！,1028.262,1,16777215,2026-03-27 02:44:01,27840548398,60,庆典筹备,关于我转生变成史莱姆这档事 第三季,113818915046008
这路宽得能跑飞机了,680.997,1,16777215,2026-03-26 19:42:15,27840548398,60,庆典筹备,关于我转生变成史莱姆这档事 第三季,113818915046008
能有正规路子赚的几十辈子花不完，谁还去干那有风险的事啊。。。。,534.875,1,16777215,2026-03-26 16:00:10,27840548398,60,庆典筹备,关于我转生变成史莱姆这档事 第三季,113818915046008
美女你谁,1257.082,1,16777215,2026-03-25 12:47:22,27840548398,60,庆典筹备,关于我转生变成史莱姆这档事 第三季,113818915046008
好萌,1251.448,1,16777215,2026-03-25 12:47:11,27840548398,60,庆典筹备,关于我转生变成史莱姆这档事 第三季,113818915046008
普通魔物应该是被中二龙魔素影响的野兽罢了,762.556,1,16777215,2026-03-24 20:36:24,27840548398,60,庆典筹备,关于我转生变成史莱姆这档事 第三季,113818915046008
[[-,708.915,1,16777215,2026-03-24 16:52:10,27840548398,60,庆典筹备,关于我转生变成史莱姆这档事 第三季,113818915046008
魔王直聘,1193.005,1,16777215,2026-03-23 23:56:31,27840548398,60,庆典筹备,关于我转生变成史莱姆这档事 第三季,113818915046008
顶级甲方和顶级乙方,922.885,1,41194,2026-03-23 22:21:46,27840548398,60,庆典筹备,关于我转生变成史莱姆这档事 第三季,113818915046008
被洗脑了？,834.879,1,16777215,2026-03-23 01:33:30,27840548398,60,庆典筹备,关于我转生变成史莱姆这档事 第三季,113818915046008
这画我记得后面被黑收去了,462.257,1,16777215,2026-03-22 20:22:59,27840548398,60,庆典筹备,关于我转生变成史莱姆这档事 第三季,113818915046008
猪猪有活干,952.898,1,16777215,2026-03-22 15:47:36,27840548398,60,庆典筹备,关于我转生变成史莱姆这档事 第三季,113818915046008
依旧一整集的会,1170.671,1,16777215,2026-03-21 14:23:45,27840548398,60,庆典筹备,关于我转生变成史莱姆这档事 第三季,113818915046008
后面那个是什么,252.069,1,16646914,2026-03-21 00:25:50,27840548398,60,庆典筹备,关于我转生变成史莱姆这档事 第三季,113818915046008
好一个抚恤金,687.802,1,16777215,2026-03-20 20:27:20,27840548398,60,庆典筹备,关于我转生变成史莱姆这档事 第三季,113818915046008
走向通天大道啦,1200.893,1,16777215,2026-03-19 02:00:22,27840548398,60,庆典筹备,关于我转生变成史莱姆这档事 第三季,113818915046008
农文旅融合,769.695,1,16777215,2026-03-19 00:54:41,27840548398,60,庆典筹备,关于我转生变成史莱姆这档事 第三季,113818915046008
好吃个鬼,282.002,1,16777215,2026-03-18 22:34:01,27840548398,60,庆典筹备,关于我转生变成史莱姆这档事 第三季,113818915046008
不是开会就是开庆典,8.337,1,16777215,2026-03-18 21:15:46,27840548398,60,庆典筹备,关于我转生变成史莱姆这档事 第三季,113818915046008
怎么不算，可能在你心里因为利益不同就把你往死里害对方也不算反派吧ʘ‿ʘ,1366.871,1,16777215,2026-03-17 01:05:51,27840548398,60,庆典筹备,关于我转生变成史莱姆这档事 第三季,113818915046008
奸商二人组ԅ(¯ㅂ¯ԅ),1074.487,5,16777215,2026-03-16 21:02:30,27840548398,60,庆典筹备,关于我转生变成史莱姆这档事 第三季,113818915046008
奸商聚在一起了,1153.442,1,16777215,2026-03-16 11:30:48,27840548398,60,庆典筹备,关于我转生变成史莱姆这档事 第三季,113818915046008
发传单咯,1019.344,1,16777215,2026-03-16 02:57:31,27840548398,60,庆典筹备,关于我转生变成史莱姆这档事 第三季,113818915046008
boss直聘,1204.692,5,15138834,2026-03-15 18:48:11,27840548398,60,庆典筹备,关于我转生变成史莱姆这档事 第三季,113818915046008
粉龙比武大会，胜者有奖,860.2,1,16777215,2026-03-15 16:48:36,27840548398,60,庆典筹备,关于我转生变成史莱姆这档事 第三季,113818915046008
我不行了黑兵卫出场惨淡,73.41,5,16777215,2026-03-15 12:08:38,27840548398,60,庆典筹备,关于我转生变成史莱姆这档事 第三季,113818915046008
现在是县城，但萌王估计已经想到夜之城那个程度了,781.544,1,16777215,2026-03-15 00:18:24,27840548398,60,庆典筹备,关于我转生变成史莱姆这档事 第三季,113818915046008
不是哥们，直接把经济重心放第三产业？还没建国就想当发达国家？这有点猛了吧。。。。,712.941,5,15138834,2026-03-14 21:30:06,27840548398,60,庆典筹备,关于我转生变成史莱姆这档事 第三季,113818915046008
才几万的游客怕什么，你忘了光猪人族就有10多万在,1008.908,1,16777215,2026-03-14 18:13:37,27840548398,60,庆典筹备,关于我转生变成史莱姆这档事 第三季,113818915046008
小吉,220.28,1,16777215,2026-03-14 03:41:40,27840548398,60,庆典筹备,关于我转生变成史莱姆这档事 第三季,113818915046008
《感谢》,1345.679,1,16777215,2026-03-13 19:56:46,27840548398,60,庆典筹备,关于我转生变成史莱姆这档事 第三季,113818915046008
闪光？想到了亚丝娜,799.361,1,15772458,2026-03-13 18:26:57,27840548398,60,庆典筹备,关于我转生变成史莱姆这档事 第三季,113818915046008
哈哈哈,594.934,1,41194,2026-03-13 18:22:48,27840548398,60,庆典筹备,关于我转生变成史莱姆这档事 第三季,113818915046008
现代食物,536.244,1,41194,2026-03-13 18:21:15,27840548398,60,庆典筹备,关于我转生变成史莱姆这档事 第三季,113818915046008
美丽的魔物公主,397.461,1,41194,2026-03-13 18:17:55,27840548398,60,庆典筹备,关于我转生变成史莱姆这档事 第三季,113818915046008
先这样，然后这样，再然后这样,817.804,1,16777215,2026-03-13 17:00:59,27840548398,60,庆典筹备,关于我转生变成史莱姆这档事 第三季,113818915046008
你是真聪明啊,454.598,5,16777215,2026-03-12 20:59:28,27840548398,60,庆典筹备,关于我转生变成史莱姆这档事 第三季,113818915046008
弃商从官,1182.245,1,16777215,2026-03-12 02:06:41,27840548398,60,庆典筹备,关于我转生变成史莱姆这档事 第三季,113818915046008
明哥斗技场,990.87,1,16777215,2026-03-11 18:56:01,27840548398,60,庆典筹备,关于我转生变成史莱姆这档事 第三季,113818915046008
多雷斯罗萨,955.699,1,16777215,2026-03-11 18:55:26,27840548398,60,庆典筹备,关于我转生变成史莱姆这档事 第三季,113818915046008
内心真的是大叔吗,1219.282,1,16777215,2026-03-09 01:08:29,27840548398,60,庆典筹备,关于我转生变成史莱姆这档事 第三季,113818915046008
发展旅游业,716.386,1,16777215,2026-03-08 20:52:16,27840548398,60,庆典筹备,关于我转生变成史莱姆这档事 第三季,113818915046008
好美,1251.034,1,16777215,2026-03-08 07:59:07,27840548398,60,庆典筹备,关于我转生变成史莱姆这档事 第三季,113818915046008
美丽的魔物公主,380.586,1,41194,2026-03-08 07:06:26,27840548398,60,庆典筹备,关于我转生变成史莱姆这档事 第三季,113818915046008
kksk,168.472,1,16777215,2026-03-07 21:11:47,27840548398,60,庆典筹备,关于我转生变成史莱姆这档事 第三季,113818915046008
日常开会日常开会,27.229,1,16777215,2026-03-06 17:33:47,27840548398,60,庆典筹备,关于我转生变成史莱姆这档事 第三季,113818915046008
入编了,1189.579,1,16777215,2026-03-06 17:19:26,27840548398,60,庆典筹备,关于我转生变成史莱姆这档事 第三季,113818915046008
能傍上魔王谁不想啊,914.217,1,16777215,2026-03-06 17:14:23,27840548398,60,庆典筹备,关于我转生变成史莱姆这档事 第三季,113818915046008
舒婷！！！,425.011,1,16777215,2026-03-05 02:44:51,27840548398,60,庆典筹备,关于我转生变成史莱姆这档事 第三季,113818915046008
boss直聘,1182.991,1,16777215,2026-03-04 16:28:30,27840548398,60,庆典筹备,关于我转生变成史莱姆这档事 第三季,113818915046008
boss直聘,1165.948,1,16777215,2026-03-03 21:38:49,27840548398,60,庆典筹备,关于我转生变成史莱姆这档事 第三季,113818915046008
并非不吃,234.223,1,16777215,2026-03-03 10:01:51,27840548398,60,庆典筹备,关于我转生变成史莱姆这档事 第三季,113818915046008
nanoda,896.729,5,16777215,2026-03-01 22:33:51,27840548398,60,庆典筹备,关于我转生变成史莱姆这档事 第三季,113818915046008
5个人这不是待在了最安全的地方,601.481,1,16777215,2026-03-01 13:49:24,27840548398,60,庆典筹备,关于我转生变成史莱姆这档事 第三季,113818915046008
兄弟，路走宽了,1207.228,1,16777215,2026-02-28 22:05:47,27840548398,60,庆典筹备,关于我转生变成史莱姆这档事 第三季,113818915046008
五蚂蚁！,275.013,1,16777215,2026-02-28 20:42:07,27840548398,60,庆典筹备,关于我转生变成史莱姆这档事 第三季,113818915046008
你看你这画的对劲吗,671.765,1,16777215,2026-02-28 14:54:21,27840548398,60,庆典筹备,关于我转生变成史莱姆这档事 第三季,113818915046008
书虫,398.123,1,16777215,2026-02-27 17:29:50,27840548398,60,庆典筹备,关于我转生变成史莱姆这档事 第三季,113818915046008
还是个国企,497.855,1,16777215,2026-02-25 11:16:24,27840548398,60,庆典筹备,关于我转生变成史莱姆这档事 第三季,113818915046008
给什么都会说好吃,284.129,5,16707842,2026-02-24 20:50:13,27840548398,60,庆典筹备,关于我转生变成史莱姆这档事 第三季,113818915046008
最夸张的老钱来了,1075.917,1,16777215,2026-02-23 19:02:08,27840548398,60,庆典筹备,关于我转生变成史莱姆这档事 第三季,113818915046008
少男龙,563.598,1,16777215,2026-02-23 18:55:17,27840548398,60,庆典筹备,关于我转生变成史莱姆这档事 第三季,113818915046008
美丽的魔物公主,381.957,1,16777215,2026-02-23 18:16:00,27840548398,60,庆典筹备,关于我转生变成史莱姆这档事 第三季,113818915046008
主要大多数都是被召唤来的，也有的是直接转身到这个地方的,223.442,1,16777215,2026-02-23 13:25:45,27840548398,60,庆典筹备,关于我转生变成史莱姆这档事 第三季,113818915046008
顺手的事儿,667.585,1,16777215,2026-02-22 16:01:04,27840548398,60,庆典筹备,关于我转生变成史莱姆这档事 第三季,113818915046008
倒回去重听过了，真的很好听！,210.899,5,16777215,2026-02-22 12:01:14,27840548398,60,庆典筹备,关于我转生变成史莱姆这档事 第三季,113818915046008
哈哈哈哈哈哈,1118.281,1,16777215,2026-02-22 00:40:52,27840548398,60,庆典筹备,关于我转生变成史莱姆这档事 第三季,113818915046008
其实给拉斐尔计算就行了,951.742,1,16777215,2026-02-22 00:28:10,27840548398,60,庆典筹备,关于我转生变成史莱姆这档事 第三季,113818915046008
这是普通人能随便猎的吗？！,752.062,1,16777215,2026-02-21 21:23:16,27840548398,60,庆典筹备,关于我转生变成史莱姆这档事 第三季,113818915046008
人逢喜事精神爽～,1212.894,1,16777215,2026-02-20 22:14:29,27840548398,60,庆典筹备,关于我转生变成史莱姆这档事 第三季,113818915046008
就等你这句话呢,1197.248,5,16777215,2026-02-19 14:16:18,27840548398,60,庆典筹备,关于我转生变成史莱姆这档事 第三季,113818915046008
竞技场,135.154,1,16777215,2026-02-18 18:08:17,27840548398,60,庆典筹备,关于我转生变成史莱姆这档事 第三季,113818915046008
跟学生野外训练的时候顺手救下来的,502.133,5,16777215,2026-02-18 01:42:39,27840548398,60,庆典筹备,关于我转生变成史莱姆这档事 第三季,113818915046008
看人真准,240.188,5,16777215,2026-02-18 00:38:54,27840548398,60,庆典筹备,关于我转生变成史莱姆这档事 第三季,113818915046008
新年快乐！,5.691,1,16777215,2026-02-16 22:00:27,27840548398,60,庆典筹备,关于我转生变成史莱姆这档事 第三季,113818915046008
你脸红个泡泡茶壶啊！,1071.47,5,16777215,2026-02-16 18:36:00,27840548398,60,庆典筹备,关于我转生变成史莱姆这档事 第三季,113818915046008
你脸红个婆婆茶壶啊！,1068.067,1,16777215,2026-02-16 18:35:28,27840548398,60,庆典筹备,关于我转生变成史莱姆这档事 第三季,113818915046008
《小丫头》,394.534,1,16777215,2026-02-16 12:02:42,27840548398,60,庆典筹备,关于我转生变成史莱姆这档事 第三季,113818915046008
米利姆那会萌王也是这样的,1233.876,1,16777215,2026-02-15 22:55:03,27840548398,60,庆典筹备,关于我转生变成史莱姆这档事 第三季,113818915046008
你小子就这么想走通天大道啊？,1205.235,1,16777215,2026-02-15 15:26:03,27840548398,60,庆典筹备,关于我转生变成史莱姆这档事 第三季,113818915046008
中年社畜日常谈业务,887.648,1,16777215,2026-02-15 15:23:12,27840548398,60,庆典筹备,关于我转生变成史莱姆这档事 第三季,113818915046008
哼～哼～哼哼～哼哼哼～,1223.058,1,16777215,2026-02-15 02:01:13,27840548398,60,庆典筹备,关于我转生变成史莱姆这档事 第三季,113818915046008
路走窄了,411.647,1,16777215,2026-02-14 20:02:20,27840548398,60,庆典筹备,关于我转生变成史莱姆这档事 第三季,113818915046008
厨艺大赛。。,81.054,1,16777215,2026-02-14 17:41:51,27840548398,60,庆典筹备,关于我转生变成史莱姆这档事 第三季,113818915046008
开会开会^-^,12.5,1,16777215,2026-02-13 21:26:50,27840548398,60,庆典筹备,关于我转生变成史莱姆这档事 第三季,113818915046008
日向：姐，你又背着我幸福,549.85,1,16777215,2026-02-12 21:12:44,27840548398,60,庆典筹备,关于我转生变成史莱姆这档事 第三季,113818915046008
日向  区区致命伤,1266.985,5,16777215,2026-02-12 13:41:08,27840548398,60,庆典筹备,关于我转生变成史莱姆这档事 第三季,113818915046008
那时，经费还很充足,659.803,1,16777215,2026-02-12 02:33:54,27840548398,60,庆典筹备,关于我转生变成史莱姆这档事 第三季,113818915046008
美丽的魔物公主,380.562,5,16777215,2026-02-12 00:24:30,27840548398,60,庆典筹备,关于我转生变成史莱姆这档事 第三季,113818915046008
利姆露和刘备一样选贤举能啊,1397.231,1,16777215,2026-02-11 19:26:28,27840548398,60,庆典筹备,关于我转生变成史莱姆这档事 第三季,113818915046008
新op必须不能跳,126.526,1,16777215,2026-02-11 19:13:44,27840548398,60,庆典筹备,关于我转生变成史莱姆这档事 第三季,113818915046008
假名铁板烧,617.824,1,16777215,2026-02-11 18:26:55,27840548398,60,庆典筹备,关于我转生变成史莱姆这档事 第三季,113818915046008
全员迪化,1047.459,1,15138834,2026-02-11 15:36:43,27840548398,60,庆典筹备,关于我转生变成史莱姆这档事 第三季,113818915046008
过山车之类的，应该可以做得更大,761.814,1,16777215,2026-02-11 13:23:41,27840548398,60,庆典筹备,关于我转生变成史莱姆这档事 第三季,113818915046008
就是这样.......,823.593,1,16777215,2026-02-10 17:44:51,27840548398,60,庆典筹备,关于我转生变成史莱姆这档事 第三季,113818915046008
真男主上线,795.796,1,16777215,2026-02-09 15:02:26,27840548398,60,庆典筹备,关于我转生变成史莱姆这档事 第三季,113818915046008
补币,965.988,1,16777215,2026-02-09 14:52:02,27840548398,60,庆典筹备,关于我转生变成史莱姆这档事 第三季,113818915046008
你脸红个泡泡茶壶啊！！,1071.302,1,8700107,2026-02-09 10:35:19,27840548398,60,庆典筹备,关于我转生变成史莱姆这档事 第三季,113818915046008
真男主出现了doge,805.065,1,16777215,2026-02-07 15:20:43,27840548398,60,庆典筹备,关于我转生变成史莱姆这档事 第三季,113818915046008
户部尚书来了,303.464,1,16777215,2026-02-07 03:57:16,27840548398,60,庆典筹备,关于我转生变成史莱姆这档事 第三季,113818915046008
是美色吸引了我,1213.169,1,15138834,2026-02-06 20:37:07,27840548398,60,庆典筹备,关于我转生变成史莱姆这档事 第三季,113818915046008
你的路太宽了啊,694.21,1,16777215,2026-02-04 23:30:53,27840548398,60,庆典筹备,关于我转生变成史莱姆这档事 第三季,113818915046008
优树到底是啥时候出现的啊,540.891,1,16777215,2026-02-04 22:30:43,27840548398,60,庆典筹备,关于我转生变成史莱姆这档事 第三季,113818915046008
这饼干，曲奇还是玛格丽特？,463.868,1,16777215,2026-02-03 15:27:25,27840548398,60,庆典筹备,关于我转生变成史莱姆这档事 第三季,113818915046008
一条龙啊,1105.197,1,16777215,2026-02-03 14:55:12,27840548398,60,庆典筹备,关于我转生变成史莱姆这档事 第三季,113818915046008
别聊了,957.881,1,16777215,2026-02-02 22:18:07,27840548398,60,庆典筹备,关于我转生变成史莱姆这档事 第三季,113818915046008
（潇洒）,1374.098,5,16777215,2026-02-02 09:39:36,27840548398,60,庆典筹备,关于我转生变成史莱姆这档事 第三季,113818915046008
（潇洒）,1374.098,5,16777215,2026-02-02 09:39:27,27840548398,60,庆典筹备,关于我转生变成史莱姆这档事 第三季,113818915046008
马务,1295.506,1,15138834,2026-02-02 09:37:22,27840548398,60,庆典筹备,关于我转生变成史莱姆这档事 第三季,113818915046008
这蓝色老史莱姆真可爱,1254.119,5,16777215,2026-02-02 09:36:16,27840548398,60,庆典筹备,关于我转生变成史莱姆这档事 第三季,113818915046008
我宣言,1199.868,1,38979,2026-02-02 09:34:06,27840548398,60,庆典筹备,关于我转生变成史莱姆这档事 第三季,113818915046008
我立正,1194.749,1,38979,2026-02-02 09:33:56,27840548398,60,庆典筹备,关于我转生变成史莱姆这档事 第三季,113818915046008
呀～～～～～～,1162.066,1,38979,2026-02-02 09:33:13,27840548398,60,庆典筹备,关于我转生变成史莱姆这档事 第三季,113818915046008
五蚂蚁！！！,275.111,1,16777215,2026-02-02 09:02:52,27840548398,60,庆典筹备,关于我转生变成史莱姆这档事 第三季,113818915046008
这个会还应有意思的,781.872,1,16777215,2026-02-02 02:18:02,27840548398,60,庆典筹备,关于我转生变成史莱姆这档事 第三季,113818915046008
这话制作水平好怪啊 这什么q弹食指,416.233,1,16777215,2026-02-01 17:18:20,27840548398,60,庆典筹备,关于我转生变成史莱姆这档事 第三季,113818915046008
这话分镜什么人做的。。。。太乱了吧和前边不是一个水平啊，看得我以为吃菌子了,356.563,1,16777215,2026-02-01 17:14:19,27840548398,60,庆典筹备,关于我转生变成史莱姆这档事 第三季,113818915046008
和可爱老板说话的时候声音都夹起来k了,698.428,1,16777215,2026-02-01 09:50:34,27840548398,60,庆典筹备,关于我转生变成史莱姆这档事 第三季,113818915046008
来挖人了,1169.619,1,16777215,2026-01-31 21:50:33,27840548398,60,庆典筹备,关于我转生变成史莱姆这档事 第三季,113818915046008
来挖人了,282.503,5,16777215,2026-01-31 21:33:54,27840548398,60,庆典筹备,关于我转生变成史莱姆这档事 第三季,113818915046008
竞技场耸立，罗马屹立不倒,931.357,1,16777215,2026-01-31 15:24:55,27840548398,60,庆典筹备,关于我转生变成史莱姆这档事 第三季,113818915046008
武斗赛,746.881,1,16777215,2026-01-30 21:43:16,27840548398,60,庆典筹备,关于我转生变成史莱姆这档事 第三季,113818915046008
喂老登，这位美丽的蓝发是画里的人。。。。,386.117,1,41194,2026-01-29 22:38:58,27840548398,60,庆典筹备,关于我转生变成史莱姆这档事 第三季,113818915046008
官商合作。。。。,310.4,1,41194,2026-01-29 22:37:03,27840548398,60,庆典筹备,关于我转生变成史莱姆这档事 第三季,113818915046008
夜市摆摊。。。。。,97.485,1,41194,2026-01-29 22:34:38,27840548398,60,庆典筹备,关于我转生变成史莱姆这档事 第三季,113818915046008
我不喜欢吃玉子烧,278.386,1,16777215,2026-01-29 15:55:32,27840548398,60,庆典筹备,关于我转生变成史莱姆这档事 第三季,113818915046008
来来来，开会的这边来签到,17.06,1,8700107,2026-01-28 09:31:22,27840548398,60,庆典筹备,关于我转生变成史莱姆这档事 第三季,113818915046008
你泡泡茶壶个泡泡茶壶？,244.449,1,16777215,2026-01-27 20:34:24,27840548398,60,庆典筹备,关于我转生变成史莱姆这档事 第三季,113818915046008
不是开会就是庆祝，真是无语了！,10.511,1,16707842,2026-01-25 10:44:54,27840548398,60,庆典筹备,关于我转生变成史莱姆这档事 第三季,113818915046008
比鲁斯？,1457.842,1,16777215,2026-01-24 15:41:52,27840548398,60,庆典筹备,关于我转生变成史莱姆这档事 第三季,113818915046008
什么大众，牌子还是要梅赛德斯啊！,922.619,1,16777215,2026-01-24 15:31:14,27840548398,60,庆典筹备,关于我转生变成史莱姆这档事 第三季,113818915046008
开个迪士尼乐园吧！,719.759,1,16777215,2026-01-24 15:26:26,27840548398,60,庆典筹备,关于我转生变成史莱姆这档事 第三季,113818915046008
建立个学校啊,722.423,1,16777215,2026-01-23 01:58:19,27840548398,60,庆典筹备,关于我转生变成史莱姆这档事 第三季,113818915046008
篮球场才能容纳2w人,919.406,5,16707842,2026-01-22 18:50:40,27840548398,60,庆典筹备,关于我转生变成史莱姆这档事 第三季,113818915046008
已经不知天地为何物了,1153.396,1,16777215,2026-01-22 13:24:04,27840548398,60,庆典筹备,关于我转生变成史莱姆这档事 第三季,113818915046008
boss直聘,1177.092,1,16777215,2026-01-21 14:17:29,27840548398,60,庆典筹备,关于我转生变成史莱姆这档事 第三季,113818915046008
小黑要是看到了高低把这画偷了，啊不对是抢了,460.649,5,15138834,2026-01-20 21:18:07,27840548398,60,庆典筹备,关于我转生变成史莱姆这档事 第三季,113818915046008
呀嘞呀嘞,659.403,1,16777215,2026-01-20 01:55:52,27840548398,60,庆典筹备,关于我转生变成史莱姆这档事 第三季,113818915046008
爽点开始了,1016.606,1,16777215,2026-01-18 07:43:23,27840548398,60,庆典筹备,关于我转生变成史莱姆这档事 第三季,113818915046008
香肩,659.075,1,16777215,2026-01-18 00:46:46,27840548398,60,庆典筹备,关于我转生变成史莱姆这档事 第三季,113818915046008
村长真辛苦啊,16.387,1,16777215,2026-01-18 00:32:33,27840548398,60,庆典筹备,关于我转生变成史莱姆这档事 第三季,113818915046008
好想去主角的国家啊！,993.704,1,16777215,2026-01-17 14:59:45,27840548398,60,庆典筹备,关于我转生变成史莱姆这档事 第三季,113818915046008
游乐园？,706.025,1,16777215,2026-01-17 14:55:20,27840548398,60,庆典筹备,关于我转生变成史莱姆这档事 第三季,113818915046008
可爱捏,1215.639,1,16777215,2026-01-16 20:23:03,27840548398,60,庆典筹备,关于我转生变成史莱姆这档事 第三季,113818915046008
萌王的上牙好像兔牙 可爱呢,636.854,1,16777215,2026-01-16 00:14:00,27840548398,60,庆典筹备,关于我转生变成史莱姆这档事 第三季,113818915046008
我真的爱玉子烧,288.009,1,16777215,2026-01-15 12:51:22,27840548398,60,庆典筹备,关于我转生变成史莱姆这档事 第三季,113818915046008
其实不太现实，那个时代大众根本没有长途旅行的能力，而萌王刚把邻国的军队和财政都蒸发了，所以除了自己人很少有民众能去看斗兽场,1045.133,1,16777215,2026-01-15 11:54:32,27840548398,60,庆典筹备,关于我转生变成史莱姆这档事 第三季,113818915046008
咱还得谢谢他呢,1347.117,1,16777215,2026-01-15 03:52:15,27840548398,60,庆典筹备,关于我转生变成史莱姆这档事 第三季,113818915046008
哇，还有舒婷哥,422.941,1,16707842,2026-01-13 01:44:29,27840548398,60,庆典筹备,关于我转生变成史莱姆这档事 第三季,113818915046008
不是 你上辈子怎么到那个职位的 这你看不出来他想的什么吗,450.07,1,16777215,2026-01-12 17:10:23,27840548398,60,庆典筹备,关于我转生变成史莱姆这档事 第三季,113818915046008
小样,464.265,1,16777215,2026-01-11 23:16:15,27840548398,60,庆典筹备,关于我转生变成史莱姆这档事 第三季,113818915046008
陛下，奇观误国啊！！！,943.971,1,16777215,2026-01-11 22:58:23,27840548398,60,庆典筹备,关于我转生变成史莱姆这档事 第三季,113818915046008
长着一张坏脸的忠忠忠臣,515.415,1,16777215,2026-01-11 16:54:01,27840548398,60,庆典筹备,关于我转生变成史莱姆这档事 第三季,113818915046008
萌王的后宫是男宠还是女宠呢？,1318.374,1,16777215,2026-01-11 15:33:38,27840548398,60,庆典筹备,关于我转生变成史莱姆这档事 第三季,113818915046008
十几万猪人的工程队，就业就得有这种工程啊,981.159,1,16777215,2026-01-11 13:26:38,27840548398,60,庆典筹备,关于我转生变成史莱姆这档事 第三季,113818915046008
赴汤蹈火啊琛哥,1198.801,1,16777215,2026-01-11 11:13:13,27840548398,60,庆典筹备,关于我转生变成史莱姆这档事 第三季,113818915046008
迪士尼乐园,704.803,1,16777215,2026-01-11 11:01:56,27840548398,60,庆典筹备,关于我转生变成史莱姆这档事 第三季,113818915046008
伯乐啊,1176.251,1,16777215,2026-01-11 01:03:05,27840548398,60,庆典筹备,关于我转生变成史莱姆这档事 第三季,113818915046008
太可爱了萌王,1252.153,5,16777215,2026-01-10 23:45:08,27840548398,60,庆典筹备,关于我转生变成史莱姆这档事 第三季,113818915046008
萌王好可爱！！！,1059.269,5,41194,2026-01-10 20:38:28,27840548398,60,庆典筹备,关于我转生变成史莱姆这档事 第三季,113818915046008
确实商业头脑（）,992.169,5,41194,2026-01-10 20:36:57,27840548398,60,庆典筹备,关于我转生变成史莱姆这档事 第三季,113818915046008
麻花辫！！！,700.829,5,41194,2026-01-10 20:31:11,27840548398,60,庆典筹备,关于我转生变成史莱姆这档事 第三季,113818915046008
所以又要起名了是吗（）,626.853,1,41194,2026-01-10 20:29:31,27840548398,60,庆典筹备,关于我转生变成史莱姆这档事 第三季,113818915046008
间谍呢…,52.245,1,15138834,2026-01-10 18:11:15,27840548398,60,庆典筹备,关于我转生变成史莱姆这档事 第三季,113818915046008
一直开去啊,29.951,1,16777215,2026-01-09 16:04:21,27840548398,60,庆典筹备,关于我转生变成史莱姆这档事 第三季,113818915046008
一肚子坏水三人组还差个萨利昂就齐了,497.655,1,16777215,2026-01-09 01:34:03,27840548398,60,庆典筹备,关于我转生变成史莱姆这档事 第三季,113818915046008
开会,13.137,1,16777215,2026-01-08 23:01:25,27840548398,60,庆典筹备,关于我转生变成史莱姆这档事 第三季,113818915046008
美食街,588.051,1,16777215,2026-01-08 20:31:11,27840548398,60,庆典筹备,关于我转生变成史莱姆这档事 第三季,113818915046008
宴会魔王,10.94,1,16777215,2026-01-08 20:21:04,27840548398,60,庆典筹备,关于我转生变成史莱姆这档事 第三季,113818915046008
坑蒙拐骗史莱姆,1206.185,1,41194,2026-01-08 12:51:30,27840548398,60,庆典筹备,关于我转生变成史莱姆这档事 第三季,113818915046008
这么搞的话，没个十年八年的完不成,1152.064,5,11890,2026-01-07 01:26:01,27840548398,60,庆典筹备,关于我转生变成史莱姆这档事 第三季,113818915046008
辉夜（）,643.338,1,16777215,2026-01-06 12:44:28,27840548398,60,庆典筹备,关于我转生变成史莱姆这档事 第三季,113818915046008
有铁饭碗了,1203.236,1,16777215,2026-01-06 02:21:44,27840548398,60,庆典筹备,关于我转生变成史莱姆这档事 第三季,113818915046008
这位更是重量低,809.441,1,16777215,2026-01-06 02:21:26,27840548398,60,庆典筹备,关于我转生变成史莱姆这档事 第三季,113818915046008
需要建一个地下城主题游乐园！,724.667,1,16777215,2026-01-06 02:19:41,27840548398,60,庆典筹备,关于我转生变成史莱姆这档事 第三季,113818915046008
铁粉,818.933,1,16777215,2026-01-06 00:33:48,27840548398,60,庆典筹备,关于我转生变成史莱姆这档事 第三季,113818915046008
最好听的,123.596,1,16777215,2026-01-06 00:31:21,27840548398,60,庆典筹备,关于我转生变成史莱姆这档事 第三季,113818915046008
展销会,45.835,1,16777215,2026-01-05 19:37:09,27840548398,60,庆典筹备,关于我转生变成史莱姆这档事 第三季,113818915046008
准备开回，小会，中会或是大会,1331.85,1,16777215,2026-01-05 18:45:39,27840548398,60,庆典筹备,关于我转生变成史莱姆这档事 第三季,113818915046008
美食日向捕诱器,549.366,1,16777215,2026-01-05 15:27:08,27840548398,60,庆典筹备,关于我转生变成史莱姆这档事 第三季,113818915046008
他还得谢谢咱呢,1354.69,1,16777215,2026-01-04 12:44:19,27840548398,60,庆典筹备,关于我转生变成史莱姆这档事 第三季,113818915046008
先建立个效率部(),1184.667,1,16777215,2026-01-03 11:06:30,27840548398,60,庆典筹备,关于我转生变成史莱姆这档事 第三季,113818915046008
分工合作,1048.3,1,16777215,2026-01-03 11:02:54,27840548398,60,庆典筹备,关于我转生变成史莱姆这档事 第三季,113818915046008
雅俗共赏,980.845,1,16777215,2026-01-03 11:00:06,27840548398,60,庆典筹备,关于我转生变成史莱姆这档事 第三季,113818915046008
在这就是个大商人去利姆鲁那就是官了，不错的道路,1202.747,1,16777215,2026-01-02 20:37:55,27840548398,60,庆典筹备,关于我转生变成史莱姆这档事 第三季,113818915046008
开妓院,1033.742,1,16777215,2026-01-02 20:34:36,27840548398,60,庆典筹备,关于我转生变成史莱姆这档事 第三季,113818915046008
好眼光,399.997,1,16777215,2026-01-02 20:16:50,27840548398,60,庆典筹备,关于我转生变成史莱姆这档事 第三季,113818915046008
朱菜对我一心一意,108.506,1,16777215,2026-01-02 14:33:17,27840548398,60,庆典筹备,关于我转生变成史莱姆这档事 第三季,113818915046008
让头回客变成回头客,768.722,1,16777215,2026-01-02 11:49:28,27840548398,60,庆典筹备,关于我转生变成史莱姆这档事 第三季,113818915046008
大力发展旅游业等第三产业,710.451,1,16777215,2026-01-02 11:47:43,27840548398,60,庆典筹备,关于我转生变成史莱姆这档事 第三季,113818915046008
紫苑朱蔡一个钢琴一个小提琴吧。。。,863.125,1,16777215,2026-01-01 23:34:06,27840548398,60,庆典筹备,关于我转生变成史莱姆这档事 第三季,113818915046008
我太想进步了,1204.687,1,16777215,2026-01-01 01:26:39,27840548398,60,庆典筹备,关于我转生变成史莱姆这档事 第三季,113818915046008
来收你来了！来我的国家做户部大臣,484.414,1,16777215,2026-01-01 01:21:58,27840548398,60,庆典筹备,关于我转生变成史莱姆这档事 第三季,113818915046008
hhhhh,1154.923,1,16777215,2025-12-29 00:26:59,27840548398,60,庆典筹备,关于我转生变成史莱姆这档事 第三季,113818915046008
原型是英国的话那肯定不是英国料理，肯定是法国料理,298.614,5,16777215,2025-12-28 19:27:22,27840548398,60,庆典筹备,关于我转生变成史莱姆这档事 第三季,113818915046008
整个比武招亲,859.539,5,16777215,2025-12-27 20:47:18,27840548398,60,庆典筹备,关于我转生变成史莱姆这档事 第三季,113818915046008
呜米,271.476,1,16777215,2025-12-27 20:40:56,27840548398,60,庆典筹备,关于我转生变成史莱姆这档事 第三季,113818915046008
这季第12集出新OP,122.241,1,16777215,2025-12-27 20:36:05,27840548398,60,庆典筹备,关于我转生变成史莱姆这档事 第三季,113818915046008
私营老板变国家部门公务员,1187.46,1,16777215,2025-12-27 11:12:24,27840548398,60,庆典筹备,关于我转生变成史莱姆这档事 第三季,113818915046008
会议筹备,4.172,1,16777215,2025-12-27 05:17:35,27840548398,60,庆典筹备,关于我转生变成史莱姆这档事 第三季,113818915046008
哈哈哈，还给打个提前量,1378.174,1,16777215,2025-12-25 16:15:39,27840548398,60,庆典筹备,关于我转生变成史莱姆这档事 第三季,113818915046008
龙龙有健康证吗？！可以申请营业执照吗？,611.089,1,16777215,2025-12-24 12:18:11,27840548398,60,庆典筹备,关于我转生变成史莱姆这档事 第三季,113818915046008
这个人非常重要 非常！,801.24,1,16777215,2025-12-24 01:56:26,27840548398,60,庆典筹备,关于我转生变成史莱姆这档事 第三季,113818915046008
从富商到户部大臣,1178.122,1,16777215,2025-12-23 07:42:42,27840548398,60,庆典筹备,关于我转生变成史莱姆这档事 第三季,113818915046008
户部尚书,1188.09,1,16777215,2025-12-22 23:29:15,27840548398,60,庆典筹备,关于我转生变成史莱姆这档事 第三季,113818915046008
舒婷！！！,418.834,5,16777215,2025-12-21 18:03:22,27840548398,60,庆典筹备,关于我转生变成史莱姆这档事 第三季,113818915046008
老弟又把路走宽了,1204.634,1,16777215,2025-12-21 15:38:48,27840548398,60,庆典筹备,关于我转生变成史莱姆这档事 第三季,113818915046008
娜娜米,66.505,1,16777215,2025-12-21 08:33:00,27840548398,60,庆典筹备,关于我转生变成史莱姆这档事 第三季,113818915046008
利姆露太美了。。。,672.64,1,16777215,2025-12-21 03:21:29,27840548398,60,庆典筹备,关于我转生变成史莱姆这档事 第三季,113818915046008
修特罗海姆,1089.019,1,16777215,2025-12-20 22:58:58,27840548398,60,庆典筹备,关于我转生变成史莱姆这档事 第三季,113818915046008
史莱姆·奥古斯都,978.522,1,16777215,2025-12-19 23:19:02,27840548398,60,庆典筹备,关于我转生变成史莱姆这档事 第三季,113818915046008
把路走宽了啊,893.908,1,16777215,2025-12-19 22:49:40,27840548398,60,庆典筹备,关于我转生变成史莱姆这档事 第三季,113818915046008
强者的发型,278.393,5,16777215,2025-12-19 22:26:34,27840548398,60,庆典筹备,关于我转生变成史莱姆这档事 第三季,113818915046008
挖角这块/.,1213.719,1,16777215,2025-12-19 22:15:00,27840548398,60,庆典筹备,关于我转生变成史莱姆这档事 第三季,113818915046008
鬼点子生成中。。。,1063.142,1,16777215,2025-12-19 22:13:05,27840548398,60,庆典筹备,关于我转生变成史莱姆这档事 第三季,113818915046008
king,819.473,1,16777215,2025-12-19 20:33:45,27840548398,60,庆典筹备,关于我转生变成史莱姆这档事 第三季,113818915046008
前方名场面,294.161,1,16777215,2025-12-19 20:24:27,27840548398,60,庆典筹备,关于我转生变成史莱姆这档事 第三季,113818915046008
开 国 大 典,1304.48,5,16777215,2025-12-18 19:45:39,27840548398,60,庆典筹备,关于我转生变成史莱姆这档事 第三季,113818915046008
文旅产业是吧,780.775,5,16777215,2025-12-18 19:36:15,27840548398,60,庆典筹备,关于我转生变成史莱姆这档事 第三季,113818915046008
蓝波？,66.173,1,16777215,2025-12-18 04:35:07,27840548398,60,庆典筹备,关于我转生变成史莱姆这档事 第三季,113818915046008
随意报数,936.129,1,16777215,2025-12-17 22:00:07,27840548398,60,庆典筹备,关于我转生变成史莱姆这档事 第三季,113818915046008
您的财政大臣已到账,1171.759,1,16777215,2025-12-17 15:01:38,27840548398,60,庆典筹备,关于我转生变成史莱姆这档事 第三季,113818915046008
奇观误国啊,708.979,1,16777215,2025-12-17 12:40:11,27840548398,60,庆典筹备,关于我转生变成史莱姆这档事 第三季,113818915046008
我对利姆鲁一心一意,105.785,1,16777215,2025-12-16 22:34:48,27840548398,60,庆典筹备,关于我转生变成史莱姆这档事 第三季,113818915046008
你是准备办奥运会吗？,1009.961,1,16777215,2025-12-16 02:36:37,27840548398,60,庆典筹备,关于我转生变成史莱姆这档事 第三季,113818915046008
这个信封用的蜡不会是利姆鲁自己的史莱姆液吧,1364.288,1,16777215,2025-12-09 23:06:21,27840548398,60,庆典筹备,关于我转生变成史莱姆这档事 第三季,113818915046008
盟王的七分裤哈哈哈哈哈,320.111,1,16777215,2025-12-09 22:54:32,27840548398,60,庆典筹备,关于我转生变成史莱姆这档事 第三季,113818915046008
萌王的衣柜到底有多大啊,83.863,1,16777215,2025-12-09 22:52:36,27840548398,60,庆典筹备,关于我转生变成史莱姆这档事 第三季,113818915046008
个人认为最好听的op,134.312,1,16777215,2025-12-09 18:51:16,27840548398,60,庆典筹备,关于我转生变成史莱姆这档事 第三季,113818915046008
呀~~~~~~~,1162.738,1,16777215,2025-12-09 14:10:40,27840548398,60,庆典筹备,关于我转生变成史莱姆这档事 第三季,113818915046008
《BOSS直聘》,239.585,1,16777215,2025-12-08 23:22:36,27840548398,60,庆典筹备,关于我转生变成史莱姆这档事 第三季,113818915046008
喜欢看城镇里的日常,28.754,1,16777215,2025-12-08 18:04:15,27840548398,60,庆典筹备,关于我转生变成史莱姆这档事 第三季,113818915046008
十五万猪猪什么都能建,894.41,1,16777215,2025-12-08 16:14:14,27840548398,60,庆典筹备,关于我转生变成史莱姆这档事 第三季,113818915046008
丸啦,406.472,1,16777215,2025-12-08 12:07:34,27840548398,60,庆典筹备,关于我转生变成史莱姆这档事 第三季,113818915046008
敢打萌王的主意 你想死无全尸吗,403.56,5,16777215,2025-12-07 01:43:52,27840548398,60,庆典筹备,关于我转生变成史莱姆这档事 第三季,113818915046008
头发已经变得好长了呀,1386.814,1,8700107,2025-12-06 21:54:13,27840548398,60,庆典筹备,关于我转生变成史莱姆这档事 第三季,113818915046008
这个声音是谁配的呀？好难猜啊。,50.601,1,16777215,2025-12-05 18:12:25,27840548398,60,庆典筹备,关于我转生变成史莱姆这档事 第三季,113818915046008
够不够格我说的算,1309.515,1,16777215,2025-12-05 15:56:20,27840548398,60,庆典筹备,关于我转生变成史莱姆这档事 第三季,113818915046008
这个黄毛长的像街霸里的古烈,422.846,1,16777215,2025-12-03 22:22:07,27840548398,60,庆典筹备,关于我转生变成史莱姆这档事 第三季,113818915046008
第三产业啊,719.957,5,16777215,2025-12-01 13:29:42,27840548398,60,庆典筹备,关于我转生变成史莱姆这档事 第三季,113818915046008
暗影,1121.853,1,16777215,2025-11-29 18:50:24,27840548398,60,庆典筹备,关于我转生变成史莱姆这档事 第三季,113818915046008
努力和汗水,807.153,1,16777215,2025-11-29 13:39:13,27840548398,60,庆典筹备,关于我转生变成史莱姆这档事 第三季,113818915046008
文化祭,43.943,1,16777215,2025-11-27 03:11:19,27840548398,60,庆典筹备,关于我转生变成史莱姆这档事 第三季,113818915046008
我对朱菜一心一意,24.273,1,16777215,2025-11-25 12:48:30,27840548398,60,庆典筹备,关于我转生变成史莱姆这档事 第三季,113818915046008
当然是三国杀,724.994,1,16777215,2025-11-25 00:28:50,27840548398,60,庆典筹备,关于我转生变成史莱姆这档事 第三季,113818915046008
我对朱菜一心一意,1449.0,1,16777215,2025-11-25 00:28:22,27840548398,60,庆典筹备,关于我转生变成史莱姆这档事 第三季,113818915046008
宴会也是会,3.651,1,16777215,2025-11-23 22:25:02,27840548398,60,庆典筹备,关于我转生变成史莱姆这档事 第三季,113818915046008
新的情头出现了？？,1067.52,1,16777215,2025-11-23 21:19:38,27840548398,60,庆典筹备,关于我转生变成史莱姆这档事 第三季,113818915046008
（⌒▽⌒）,65.224,1,16777215,2025-11-23 19:08:44,27840548398,60,庆典筹备,关于我转生变成史莱姆这档事 第三季,113818915046008
忠诚,1210.78,1,16777215,2025-11-22 23:24:41,27840548398,60,庆典筹备,关于我转生变成史莱姆这档事 第三季,113818915046008
别怕，都在拉斐尔算计之中，优树可算计不过拉斐尔,1354.529,1,16777215,2025-11-22 14:26:33,27840548398,60,庆典筹备,关于我转生变成史莱姆这档事 第三季,113818915046008
让他当干部,1190.876,1,16777215,2025-11-21 15:16:00,27840548398,60,庆典筹备,关于我转生变成史莱姆这档事 第三季,113818915046008
马自立并非难得，萌王心血来潮就能开,72.082,1,16777215,2025-11-21 15:05:10,27840548398,60,庆典筹备,关于我转生变成史莱姆这档事 第三季,113818915046008
利姆露以前玩的黄游就是精灵类,470.657,1,16777215,2025-11-20 12:26:39,27840548398,60,庆典筹备,关于我转生变成史莱姆这档事 第三季,113818915046008
国王要是知道这货当着魔王面说这话，估计能当场去世,429.823,1,16777215,2025-11-17 12:15:19,27840548398,60,庆典筹备,关于我转生变成史莱姆这档事 第三季,113818915046008
喔双手，喔喔双手,337.402,1,16777215,2025-11-14 15:13:43,27840548398,60,庆典筹备,关于我转生变成史莱姆这档事 第三季,113818915046008
boss直聘,1183.718,1,16777215,2025-11-13 01:47:10,27840548398,60,庆典筹备,关于我转生变成史莱姆这档事 第三季,113818915046008
永动机啊,1108.079,1,16777215,2025-11-13 01:45:48,27840548398,60,庆典筹备,关于我转生变成史莱姆这档事 第三季,113818915046008
猪猪又要加班了,926.29,1,16777215,2025-11-10 06:33:55,27840548398,60,庆典筹备,关于我转生变成史莱姆这档事 第三季,113818915046008
俩人聊一天能赚一个亿,1184.322,1,16777215,2025-11-09 23:10:58,27840548398,60,庆典筹备,关于我转生变成史莱姆这档事 第三季,113818915046008
最强的勇者出现了,803.458,1,15138834,2025-11-09 21:42:34,27840548398,60,庆典筹备,关于我转生变成史莱姆这档事 第三季,113818915046008
土木牢猪：又来？,878.002,5,16777215,2025-11-09 13:12:56,27840548398,60,庆典筹备,关于我转生变成史莱姆这档事 第三季,113818915046008
谁按E了？,823.291,5,16777215,2025-11-09 13:11:46,27840548398,60,庆典筹备,关于我转生变成史莱姆这档事 第三季,113818915046008
经典奸臣脸忠臣心,504.317,5,16777215,2025-11-09 13:05:47,27840548398,60,庆典筹备,关于我转生变成史莱姆这档事 第三季,113818915046008
像龙珠那种打一架打6集，水贼王打一架打两年你们才觉得好看吗？,1178.579,5,16777215,2025-11-07 05:40:49,27840548398,60,庆典筹备,关于我转生变成史莱姆这档事 第三季,113818915046008
这商人还挺有原则,436.791,1,16777215,2025-11-06 23:28:05,27840548398,60,庆典筹备,关于我转生变成史莱姆这档事 第三季,113818915046008
《误会也解开了》,1281.891,1,16777215,2025-11-05 20:03:42,27840548398,60,庆典筹备,关于我转生变成史莱姆这档事 第三季,113818915046008
矮人国的精灵,737.215,1,16777215,2025-11-05 14:05:27,27840548398,60,庆典筹备,关于我转生变成史莱姆这档事 第三季,113818915046008
奸商搭档哈哈哈哈哈,1069.132,1,16777215,2025-11-04 16:21:06,27840548398,60,庆典筹备,关于我转生变成史莱姆这档事 第三季,113818915046008
是要做龙息烤肉吗,579.189,5,15138834,2025-11-03 12:48:06,27840548398,60,庆典筹备,关于我转生变成史莱姆这档事 第三季,113818915046008
说无聊的到底是什么样的沙子,724.769,1,16777215,2025-11-03 01:58:58,27840548398,60,庆典筹备,关于我转生变成史莱姆这档事 第三季,113818915046008
抚慰金,640.172,1,16777215,2025-11-03 01:56:28,27840548398,60,庆典筹备,关于我转生变成史莱姆这档事 第三季,113818915046008
剧透：原初之绿因为这幅画走上了艺术之路，加入利姆露阵营,453.941,1,16777215,2025-11-02 22:59:32,27840548398,60,庆典筹备,关于我转生变成史莱姆这档事 第三季,113818915046008
她真好看,1412.417,1,16777215,2025-11-02 15:38:48,27840548398,60,庆典筹备,关于我转生变成史莱姆这档事 第三季,113818915046008
史骨化,1136.316,1,16777215,2025-11-02 11:36:09,27840548398,60,庆典筹备,关于我转生变成史莱姆这档事 第三季,113818915046008
私密马森,408.973,1,16777215,2025-11-01 20:03:04,27840548398,60,庆典筹备,关于我转生变成史莱姆这档事 第三季,113818915046008
看着看着没意思了,351.055,1,16777215,2025-11-01 20:02:04,27840548398,60,庆典筹备,关于我转生变成史莱姆这档事 第三季,113818915046008
真的是没办法,337.1,1,16777215,2025-11-01 20:01:46,27840548398,60,庆典筹备,关于我转生变成史莱姆这档事 第三季,113818915046008
Boss直聘,1173.435,5,9033215,2025-11-01 05:15:32,27840548398,60,庆典筹备,关于我转生变成史莱姆这档事 第三季,113818915046008
天魔大战，正幸和二姐超甜故事,842.744,1,16777215,2025-11-01 03:02:56,27840548398,60,庆典筹备,关于我转生变成史莱姆这档事 第三季,113818915046008
外包公司在这里,708.718,1,16777215,2025-10-30 21:13:11,27840548398,60,庆典筹备,关于我转生变成史莱姆这档事 第三季,113818915046008
首席科学家,56.397,1,16777215,2025-10-30 10:41:40,27840548398,60,庆典筹备,关于我转生变成史莱姆这档事 第三季,113818915046008
紫苑要拉小提琴,96.231,1,16777215,2025-10-29 16:35:45,27840548398,60,庆典筹备,关于我转生变成史莱姆这档事 第三季,113818915046008
你小子根本就是想去吧。,280.677,1,16777215,2025-10-28 21:30:25,27840548398,60,庆典筹备,关于我转生变成史莱姆这档事 第三季,113818915046008
迪士尼建起来,736.594,1,16777215,2025-10-27 22:41:46,27840548398,60,庆典筹备,关于我转生变成史莱姆这档事 第三季,113818915046008
报君黄金台上意，提携玉龙为君死,1202.43,1,16777215,2025-10-27 22:23:31,27840548398,60,庆典筹备,关于我转生变成史莱姆这档事 第三季,113818915046008
哈哈,1129.707,1,16777215,2025-10-25 22:50:00,27840548398,60,庆典筹备,关于我转生变成史莱姆这档事 第三季,113818915046008
太美了,456.956,1,16777215,2025-10-25 19:03:55,27840548398,60,庆典筹备,关于我转生变成史莱姆这档事 第三季,113818915046008
我对小朱菜一心一意的,104.961,1,16777215,2025-10-25 13:22:43,27840548398,60,庆典筹备,关于我转生变成史莱姆这档事 第三季,113818915046008
完了出现了神话级魔物,765.499,1,16777215,2025-10-23 21:40:42,27840548398,60,庆典筹备,关于我转生变成史莱姆这档事 第三季,113818915046008
桌上的点心完全没动啊？,840.15,1,16777215,2025-10-23 18:06:13,27840548398,60,庆典筹备,关于我转生变成史莱姆这档事 第三季,113818915046008
社团百团大战？,31.056,1,16777215,2025-10-22 11:27:16,27840548398,60,庆典筹备,关于我转生变成史莱姆这档事 第三季,113818915046008
我在这里可是受了不少人的关照。得加钱~,221.181,1,16777215,2025-10-22 02:43:28,27840548398,60,庆典筹备,关于我转生变成史莱姆这档事 第三季,113818915046008
冰块要多大有多大，薯条要多老有多老，椅子要多窄有多窄,546.309,1,16777215,2025-10-20 20:45:33,27840548398,60,庆典筹备,关于我转生变成史莱姆这档事 第三季,113818915046008
入编制了,1204.331,1,16777215,2025-10-20 11:08:07,27840548398,60,庆典筹备,关于我转生变成史莱姆这档事 第三季,113818915046008
看腻了就左上角出去，非要发个弹幕烦不？,859.594,1,16777215,2025-10-19 00:05:52,27840548398,60,庆典筹备,关于我转生变成史莱姆这档事 第三季,113818915046008
有编制了,1199.928,1,16777215,2025-10-18 01:35:40,27840548398,60,庆典筹备,关于我转生变成史莱姆这档事 第三季,113818915046008
建立一个超级商业区的成就感对商人的诱惑是很大的,1045.322,1,16777215,2025-10-18 01:31:56,27840548398,60,庆典筹备,关于我转生变成史莱姆这档事 第三季,113818915046008
我要听利姆露唐笑啊啊谁把组队麦关了,667.371,1,16777215,2025-10-18 00:33:15,27840548398,60,庆典筹备,关于我转生变成史莱姆这档事 第三季,113818915046008
刚才那段商业洽谈处理的很好啊，很有意思，爱看,1260.934,1,16777215,2025-10-17 00:31:03,27840548398,60,庆典筹备,关于我转生变成史莱姆这档事 第三季,113818915046008
呃呃呃没意思就别看自己跳过就好了。。,30.245,1,16777215,2025-10-16 22:17:05,27840548398,60,庆典筹备,关于我转生变成史莱姆这档事 第三季,113818915046008
我真觉得这样的闲聊还挺有意思的，给我笑的哈哈哈哈哈,1259.484,1,16777215,2025-10-16 15:37:37,27840548398,60,庆典筹备,关于我转生变成史莱姆这档事 第三季,113818915046008
感谢提醒！！！好听！！,130.502,1,16777215,2025-10-16 15:25:29,27840548398,60,庆典筹备,关于我转生变成史莱姆这档事 第三季,113818915046008
来签会议签到表了,10.807,5,16777215,2025-10-15 03:59:30,27840548398,60,庆典筹备,关于我转生变成史莱姆这档事 第三季,113818915046008
这就是神番啊什么剧情都有，,1420.764,5,41194,2025-10-14 01:51:17,27840548398,60,庆典筹备,关于我转生变成史莱姆这档事 第三季,113818915046008
啊！小克罗耶！,196.93,5,41194,2025-10-14 01:37:52,27840548398,60,庆典筹备,关于我转生变成史莱姆这档事 第三季,113818915046008
真的很有种田日常风格,127.272,5,41194,2025-10-14 01:36:22,27840548398,60,庆典筹备,关于我转生变成史莱姆这档事 第三季,113818915046008
这个作品本身就是种田发展类，不是很多人以为的战斗类作品,1049.332,1,16777215,2025-10-12 22:33:29,27840548398,60,庆典筹备,关于我转生变成史莱姆这档事 第三季,113818915046008
我的是泰拉之魂awa,1155.169,1,16777215,2025-10-12 19:12:21,27840548398,60,庆典筹备,关于我转生变成史莱姆这档事 第三季,113818915046008
这个是那个掌握很多情报的商人,487.091,1,16777215,2025-10-11 19:33:51,27840548398,60,庆典筹备,关于我转生变成史莱姆这档事 第三季,113818915046008
无他，唯自动也,206.0,1,16777215,2025-10-10 19:41:31,27840548398,60,庆典筹备,关于我转生变成史莱姆这档事 第三季,113818915046008
好像阿库娅,1071.396,1,9033215,2025-10-10 18:07:59,27840548398,60,庆典筹备,关于我转生变成史莱姆这档事 第三季,113818915046008
这家伙是不是又进化了,59.86,1,16777215,2025-10-09 23:51:23,27840548398,60,庆典筹备,关于我转生变成史莱姆这档事 第三季,113818915046008
优树什么时候去世,60.991,1,16777215,2025-10-08 20:14:48,27840548398,60,庆典筹备,关于我转生变成史莱姆这档事 第三季,113818915046008
两个奸商在笑,1063.257,1,16777215,2025-10-08 14:03:15,27840548398,60,庆典筹备,关于我转生变成史莱姆这档事 第三季,113818915046008
让维鲁德拉炸个山不就是景点了,732.826,1,16777215,2025-10-06 23:36:03,27840548398,60,庆典筹备,关于我转生变成史莱姆这档事 第三季,113818915046008
入编了,1200.022,1,16777215,2025-10-06 21:07:16,27840548398,60,庆典筹备,关于我转生变成史莱姆这档事 第三季,113818915046008
大叔好颜艺！,276.05,1,16777215,2025-10-06 20:49:48,27840548398,60,庆典筹备,关于我转生变成史莱姆这档事 第三季,113818915046008
龙息烤肉吗，那很好吃了,94.774,1,16777215,2025-10-06 01:00:26,27840548398,60,庆典筹备,关于我转生变成史莱姆这档事 第三季,113818915046008
不吃，我吃,246.171,1,16777215,2025-10-06 00:31:36,27840548398,60,庆典筹备,关于我转生变成史莱姆这档事 第三季,113818915046008
不吃美人计我吃,246.171,1,16777215,2025-10-06 00:31:21,27840548398,60,庆典筹备,关于我转生变成史莱姆这档事 第三季,113818915046008
开会开会,2.623,1,16777215,2025-10-05 14:59:07,27840548398,60,庆典筹备,关于我转生变成史莱姆这档事 第三季,113818915046008
大奸商！！！！！！！！！！！,1162.769,1,16777215,2025-10-05 13:47:57,27840548398,60,庆典筹备,关于我转生变成史莱姆这档事 第三季,113818915046008
斯巴拉西！,1171.311,1,16777215,2025-10-05 01:54:20,27840548398,60,庆典筹备,关于我转生变成史莱姆这档事 第三季,113818915046008
连锅带铲和全都烤化了,101.53,5,16777215,2025-10-04 03:00:19,27840548398,60,庆典筹备,关于我转生变成史莱姆这档事 第三季,113818915046008
尔康手,1371.529,1,16777215,2025-10-03 16:08:02,27840548398,60,庆典筹备,关于我转生变成史莱姆这档事 第三季,113818915046008
一整集都要看他两说相声,917.653,1,16777215,2025-10-02 13:31:48,27840548398,60,庆典筹备,关于我转生变成史莱姆这档事 第三季,113818915046008
火漆印是龙和史莱姆？,1362.255,5,52480,2025-10-01 16:21:51,27840548398,60,庆典筹备,关于我转生变成史莱姆这档事 第三季,113818915046008
奇观误国啊大人,938.424,1,16777215,2025-09-29 19:42:11,27840548398,60,庆典筹备,关于我转生变成史莱姆这档事 第三季,113818915046008
并且把那个七曜灭啦,1258.045,1,16777215,2025-09-29 18:45:11,27840548398,60,庆典筹备,关于我转生变成史莱姆这档事 第三季,113818915046008
宣誓效忠！,1200.956,1,16777215,2025-09-29 08:39:54,27840548398,60,庆典筹备,关于我转生变成史莱姆这档事 第三季,113818915046008
头会发光，了不起啊！,281.59,1,16777215,2025-09-28 20:39:02,27840548398,60,庆典筹备,关于我转生变成史莱姆这档事 第三季,113818915046008
龙傲天,647.378,1,16777215,2025-09-28 16:22:23,27840548398,60,庆典筹备,关于我转生变成史莱姆这档事 第三季,113818915046008
好的只看一遍,127.912,1,16777215,2025-09-28 07:41:32,27840548398,60,庆典筹备,关于我转生变成史莱姆这档事 第三季,113818915046008
提前ji mo,24.146,1,16777215,2025-09-28 07:40:17,27840548398,60,庆典筹备,关于我转生变成史莱姆这档事 第三季,113818915046008
真是造奇观了,925.616,1,16777215,2025-09-26 22:45:39,27840548398,60,庆典筹备,关于我转生变成史莱姆这档事 第三季,113818915046008
并非为难,281.742,1,16777215,2025-09-26 20:03:48,27840548398,60,庆典筹备,关于我转生变成史莱姆这档事 第三季,113818915046008
旅游业赚钱阿在这里,735.947,1,16777215,2025-09-26 13:08:15,27840548398,60,庆典筹备,关于我转生变成史莱姆这档事 第三季,113818915046008
忠诚！！！,1204.526,5,16777215,2025-09-26 06:12:27,27840548398,60,庆典筹备,关于我转生变成史莱姆这档事 第三季,113818915046008
安兹点赞,1147.739,1,16777215,2025-09-25 23:33:59,27840548398,60,庆典筹备,关于我转生变成史莱姆这档事 第三季,113818915046008
不是哥们,1374.323,1,16777215,2025-09-25 03:13:23,27840548398,60,庆典筹备,关于我转生变成史莱姆这档事 第三季,113818915046008
不愿透露姓名的某龙先生,572.595,1,16777215,2025-09-25 03:02:16,27840548398,60,庆典筹备,关于我转生变成史莱姆这档事 第三季,113818915046008
自有大儒为我辩经,1128.402,1,16777215,2025-09-23 22:27:05,27840548398,60,庆典筹备,关于我转生变成史莱姆这档事 第三季,113818915046008
刷了又刷,448.725,1,16777215,2025-09-23 19:49:17,27840548398,60,庆典筹备,关于我转生变成史莱姆这档事 第三季,113818915046008
萌王：我看你完全是不懂哦,883.753,1,16777215,2025-09-22 23:07:32,27840548398,60,庆典筹备,关于我转生变成史莱姆这档事 第三季,113818915046008
迷宫！,735.829,1,16777215,2025-09-22 05:12:26,27840548398,60,庆典筹备,关于我转生变成史莱姆这档事 第三季,113818915046008
米莉姆！！！！,1436.075,1,16777215,2025-09-21 18:17:56,27840548398,60,庆典筹备,关于我转生变成史莱姆这档事 第三季,113818915046008
哇靠别啊,1371.957,1,16777215,2025-09-21 18:16:39,27840548398,60,庆典筹备,关于我转生变成史莱姆这档事 第三季,113818915046008
古罗马斗兽场,942.06,1,16777215,2025-09-21 18:12:13,27840548398,60,庆典筹备,关于我转生变成史莱姆这档事 第三季,113818915046008
好家伙,872.559,1,16777215,2025-09-21 18:11:04,27840548398,60,庆典筹备,关于我转生变成史莱姆这档事 第三季,113818915046008
没有预算上限，同僚执行力完美，工作效率极高的财政官,1215.698,1,16777215,2025-09-20 12:17:00,27840548398,60,庆典筹备,关于我转生变成史莱姆这档事 第三季,113818915046008
buling，你的魔王公主突然出现,1234.244,1,16777215,2025-09-20 05:31:00,27840548398,60,庆典筹备,关于我转生变成史莱姆这档事 第三季,113818915046008
热心市民维鲁多拉先生,574.23,1,16777215,2025-09-20 01:02:16,27840548398,60,庆典筹备,关于我转生变成史莱姆这档事 第三季,113818915046008
上编制,1178.755,5,16777215,2025-09-19 22:37:56,27840548398,60,庆典筹备,关于我转生变成史莱姆这档事 第三季,113818915046008
未来魔国的财政大臣来了,682.481,1,16777215,2025-09-18 05:51:47,27840548398,60,庆典筹备,关于我转生变成史莱姆这档事 第三季,113818915046008
Oh美丽的魔物王国的公主,455.434,1,16777215,2025-09-16 13:57:24,27840548398,60,庆典筹备,关于我转生变成史莱姆这档事 第三季,113818915046008
漫画里面就是壁画的样子，动画组偷懒了,668.392,1,16777215,2025-09-16 07:12:06,27840548398,60,庆典筹备,关于我转生变成史莱姆这档事 第三季,113818915046008
天天会议,1091.556,1,16777215,2025-09-14 20:13:53,27840548398,60,庆典筹备,关于我转生变成史莱姆这档事 第三季,113818915046008
相谈甚欢,1091.86,1,16777215,2025-09-14 13:39:29,27840548398,60,庆典筹备,关于我转生变成史莱姆这档事 第三季,113818915046008
忠！诚！,910.077,1,16777215,2025-09-14 02:50:16,27840548398,60,庆典筹备,关于我转生变成史莱姆这档事 第三季,113818915046008
king既视感,801.138,1,16777215,2025-09-13 14:33:42,27840548398,60,庆典筹备,关于我转生变成史莱姆这档事 第三季,113818915046008
boss直聘,1177.129,1,16777215,2025-09-13 12:44:12,27840548398,60,庆典筹备,关于我转生变成史莱姆这档事 第三季,113818915046008
料理王,79.58,1,16777215,2025-09-13 12:01:18,27840548398,60,庆典筹备,关于我转生变成史莱姆这档事 第三季,113818915046008
少有活的不耐烦的人,408.292,1,16777215,2025-09-13 07:05:02,27840548398,60,庆典筹备,关于我转生变成史莱姆这档事 第三季,113818915046008
盲猜一手，罗马斗兽场的样子,891.665,1,16777215,2025-09-12 20:17:14,27840548398,60,庆典筹备,关于我转生变成史莱姆这档事 第三季,113818915046008
莫名其妙燃起来了,1159.455,1,16777215,2025-09-12 18:29:12,27840548398,60,庆典筹备,关于我转生变成史莱姆这档事 第三季,113818915046008
温泉哈哈哈哈,706.131,1,16777215,2025-09-11 18:14:46,27840548398,60,庆典筹备,关于我转生变成史莱姆这档事 第三季,113818915046008
圆满收场：指把那几个全沙了,1273.25,1,16777215,2025-09-09 03:36:06,27840548398,60,庆典筹备,关于我转生变成史莱姆这档事 第三季,113818915046008
不止，这是移动核弹,1324.306,1,16777215,2025-09-09 03:33:24,27840548398,60,庆典筹备,关于我转生变成史莱姆这档事 第三季,113818915046008
紫苑可爱捏,83.156,1,16777215,2025-09-08 12:35:48,27840548398,60,庆典筹备,关于我转生变成史莱姆这档事 第三季,113818915046008
=    0,800.154,1,16777215,2025-09-07 22:44:07,27840548398,60,庆典筹备,关于我转生变成史莱姆这档事 第三季,113818915046008
大粉丝,840.074,1,16777215,2025-09-07 22:36:22,27840548398,60,庆典筹备,关于我转生变成史莱姆这档事 第三季,113818915046008
迷宫饭,781.002,1,16777215,2025-09-07 22:35:23,27840548398,60,庆典筹备,关于我转生变成史莱姆这档事 第三季,113818915046008
度假村,741.092,1,16777215,2025-09-07 22:34:43,27840548398,60,庆典筹备,关于我转生变成史莱姆这档事 第三季,113818915046008
参展商,720.736,1,16777215,2025-09-07 22:34:23,27840548398,60,庆典筹备,关于我转生变成史莱姆这档事 第三季,113818915046008
商业鬼才,1115.87,1,16777215,2025-09-07 12:01:07,27840548398,60,庆典筹备,关于我转生变成史莱姆这档事 第三季,113818915046008
你脸红个泡泡茶壶,1069.158,1,16777215,2025-09-07 12:00:19,27840548398,60,庆典筹备,关于我转生变成史莱姆这档事 第三季,113818915046008
不想开会了啊,1319.323,5,16777215,2025-09-07 11:04:41,27840548398,60,庆典筹备,关于我转生变成史莱姆这档事 第三季,113818915046008
嫌疑人既视感,572.024,1,16777215,2025-09-04 19:59:56,27840548398,60,庆典筹备,关于我转生变成史莱姆这档事 第三季,113818915046008
关于魔王哼着小调来找我玩这件事！,1226.973,1,16646914,2025-09-04 16:29:54,27840548398,60,庆典筹备,关于我转生变成史莱姆这档事 第三季,113818915046008
回扣的回响,1085.138,1,16777215,2025-09-04 14:54:29,27840548398,60,庆典筹备,关于我转生变成史莱姆这档事 第三季,113818915046008
体育馆,972.324,1,16777215,2025-09-04 14:52:17,27840548398,60,庆典筹备,关于我转生变成史莱姆这档事 第三季,113818915046008
博览会,46.727,1,16777215,2025-09-04 14:38:06,27840548398,60,庆典筹备,关于我转生变成史莱姆这档事 第三季,113818915046008
路走窄了 小老头,406.934,1,16777215,2025-09-03 21:20:20,27840548398,60,庆典筹备,关于我转生变成史莱姆这档事 第三季,113818915046008
这声一出来我总怕他含一句这不是怪兽，这是神,51.039,1,16777215,2025-09-02 15:43:31,27840548398,60,庆典筹备,关于我转生变成史莱姆这档事 第三季,113818915046008
东北澡堂,740.153,1,16777215,2025-09-01 22:10:14,27840548398,60,庆典筹备,关于我转生变成史莱姆这档事 第三季,113818915046008
暴风龙：我要参加比武大会！,858.366,1,16777215,2025-09-01 21:58:00,27840548398,60,庆典筹备,关于我转生变成史莱姆这档事 第三季,113818915046008
这个本身就是个种田番，所以经营才是主要玩法,1054.443,1,16777215,2025-09-01 19:41:00,27840548398,60,庆典筹备,关于我转生变成史莱姆这档事 第三季,113818915046008
猪猪：烂命一条拼命造,948.216,1,16777215,2025-09-01 19:35:04,27840548398,60,庆典筹备,关于我转生变成史莱姆这档事 第三季,113818915046008
最近的番奸商脸都是好人,512.674,1,16777215,2025-09-01 15:55:37,27840548398,60,庆典筹备,关于我转生变成史莱姆这档事 第三季,113818915046008
我真的不行了,503.967,1,16777215,2025-09-01 15:04:21,27840548398,60,庆典筹备,关于我转生变成史莱姆这档事 第三季,113818915046008
借口来了,421.582,1,16777215,2025-09-01 13:23:32,27840548398,60,庆典筹备,关于我转生变成史莱姆这档事 第三季,113818915046008
好看,1250.291,1,16777215,2025-09-01 11:50:21,27840548398,60,庆典筹备,关于我转生变成史莱姆这档事 第三季,113818915046008
我对朱菜一心一意,106.078,1,16777215,2025-09-01 11:35:06,27840548398,60,庆典筹备,关于我转生变成史莱姆这档事 第三季,113818915046008
我太想进部了,1206.451,1,16777215,2025-08-31 20:02:07,27840548398,60,庆典筹备,关于我转生变成史莱姆这档事 第三季,113818915046008
忠！ h,1205.97,1,16777215,2025-08-31 12:44:00,27840548398,60,庆典筹备,关于我转生变成史莱姆这档事 第三季,113818915046008
奇观误国啊,960.397,1,16777215,2025-08-31 07:15:44,27840548398,60,庆典筹备,关于我转生变成史莱姆这档事 第三季,113818915046008
叫姐夫啊,807.537,1,16777215,2025-08-31 07:13:00,27840548398,60,庆典筹备,关于我转生变成史莱姆这档事 第三季,113818915046008
开会这一块/.,5.571,1,41194,2025-08-30 11:52:13,27840548398,60,庆典筹备,关于我转生变成史莱姆这档事 第三季,113818915046008
获得成就：怪物猎人,762.574,1,16777215,2025-08-30 09:14:11,27840548398,60,庆典筹备,关于我转生变成史莱姆这档事 第三季,113818915046008
这集纯养眼,1258.03,1,16777215,2025-08-30 01:48:47,27840548398,60,庆典筹备,关于我转生变成史莱姆这档事 第三季,113818915046008
开会,6.342,1,16777215,2025-08-29 16:31:00,27840548398,60,庆典筹备,关于我转生变成史莱姆这档事 第三季,113818915046008
小说有章专门写这个商人的,789.152,1,16777215,2025-08-28 22:24:33,27840548398,60,庆典筹备,关于我转生变成史莱姆这档事 第三季,113818915046008
声音听起来好像斯帕纳,43.67,1,16777215,2025-08-28 20:57:35,27840548398,60,庆典筹备,关于我转生变成史莱姆这档事 第三季,113818915046008
萌王应该脸属于女性，心理属于男性，身体属于口？不是凹也不是凸我记得？,538.311,1,16777215,2025-08-28 20:32:36,27840548398,60,庆典筹备,关于我转生变成史莱姆这档事 第三季,113818915046008
秧歌star,483.837,1,16777215,2025-08-28 02:34:18,27840548398,60,庆典筹备,关于我转生变成史莱姆这档事 第三季,113818915046008
体内世界投射！,756.979,5,16777215,2025-08-27 05:22:33,27840548398,60,庆典筹备,关于我转生变成史莱姆这档事 第三季,113818915046008
圆寂收场,1271.022,1,16777215,2025-08-26 23:02:55,27840548398,60,庆典筹备,关于我转生变成史莱姆这档事 第三季,113818915046008
怎么可能会被一个普通人抓住？,414.785,5,16777215,2025-08-26 15:45:09,27840548398,60,庆典筹备,关于我转生变成史莱姆这档事 第三季,113818915046008
真是料理展览有点猎奇吧…,85.097,1,16777215,2025-08-25 18:14:10,27840548398,60,庆典筹备,关于我转生变成史莱姆这档事 第三季,113818915046008
扫把头,428.452,1,16777215,2025-08-25 18:08:39,27840548398,60,庆典筹备,关于我转生变成史莱姆这档事 第三季,113818915046008
借口来了,365.031,1,16777215,2025-08-25 09:37:31,27840548398,60,庆典筹备,关于我转生变成史莱姆这档事 第三季,113818915046008
c，烂命一条就是干！,676.723,5,15138834,2025-08-24 14:54:26,27840548398,60,庆典筹备,关于我转生变成史莱姆这档事 第三季,113818915046008
用角插他,233.41,1,16777215,2025-08-24 11:48:33,27840548398,60,庆典筹备,关于我转生变成史莱姆这档事 第三季,113818915046008
把老板压扁,20.665,1,16777215,2025-08-23 19:51:36,27840548398,60,庆典筹备,关于我转生变成史莱姆这档事 第三季,113818915046008
、0,364.442,1,16777215,2025-08-23 18:10:46,27840548398,60,庆典筹备,关于我转生变成史莱姆这档事 第三季,113818915046008
太好玩了这集对话,1048.658,1,16777215,2025-08-23 01:59:26,27840548398,60,庆典筹备,关于我转生变成史莱姆这档事 第三季,113818915046008
king?,826.983,1,16777215,2025-08-22 22:13:14,27840548398,60,庆典筹备,关于我转生变成史莱姆这档事 第三季,113818915046008
路走太宽了,667.562,1,16777215,2025-08-22 13:35:22,27840548398,60,庆典筹备,关于我转生变成史莱姆这档事 第三季,113818915046008
老规矩,127.266,1,16777215,2025-08-21 18:22:29,27840548398,60,庆典筹备,关于我转生变成史莱姆这档事 第三季,113818915046008
ko  le  wa  试炼  da！！！,933.058,1,16777215,2025-08-21 16:42:30,27840548398,60,庆典筹备,关于我转生变成史莱姆这档事 第三季,113818915046008
这个耶像ユ。？,810.69,1,16777215,2025-08-21 16:40:50,27840548398,60,庆典筹备,关于我转生变成史莱姆这档事 第三季,113818915046008
我真的不行了迷宫饭,766.914,1,16777215,2025-08-21 16:39:59,27840548398,60,庆典筹备,关于我转生变成史莱姆这档事 第三季,113818915046008
正义飞踢！！！！！,421.135,5,16777215,2025-08-20 00:55:06,27840548398,60,庆典筹备,关于我转生变成史莱姆这档事 第三季,113818915046008
我太想进步了,1207.323,1,16777215,2025-08-19 17:14:49,27840548398,60,庆典筹备,关于我转生变成史莱姆这档事 第三季,113818915046008
因为他就没出过剑,824.747,1,16777215,2025-08-19 17:10:03,27840548398,60,庆典筹备,关于我转生变成史莱姆这档事 第三季,113818915046008
你这是娱乐项目吗,745.817,1,16777215,2025-08-19 17:08:23,27840548398,60,庆典筹备,关于我转生变成史莱姆这档事 第三季,113818915046008
社交的手腕，食人树,440.284,1,16777215,2025-08-19 17:03:30,27840548398,60,庆典筹备,关于我转生变成史莱姆这档事 第三季,113818915046008
想要借口就直接找上门了,421.076,1,16777215,2025-08-19 17:02:54,27840548398,60,庆典筹备,关于我转生变成史莱姆这档事 第三季,113818915046008
你不会以为眼神是特效吧,274.323,1,16777215,2025-08-19 17:00:37,27840548398,60,庆典筹备,关于我转生变成史莱姆这档事 第三季,113818915046008
是时候发明打印机了,25.378,1,16777215,2025-08-19 16:56:28,27840548398,60,庆典筹备,关于我转生变成史莱姆这档事 第三季,113818915046008
现在知道是丫头了,386.038,1,16777215,2025-08-19 13:20:21,27840548398,60,庆典筹备,关于我转生变成史莱姆这档事 第三季,113818915046008
皇帝,811.179,1,16777215,2025-08-19 10:54:00,27840548398,60,庆典筹备,关于我转生变成史莱姆这档事 第三季,113818915046008
没人发弹幕？,460.47,1,16777215,2025-08-19 07:23:48,27840548398,60,庆典筹备,关于我转生变成史莱姆这档事 第三季,113818915046008
中了美人计还要装一下,270.977,1,16777215,2025-08-18 21:03:30,27840548398,60,庆典筹备,关于我转生变成史莱姆这档事 第三季,113818915046008
占领,1348.434,1,16777215,2025-08-18 11:16:29,27840548398,60,庆典筹备,关于我转生变成史莱姆这档事 第三季,113818915046008
太想进步了,1207.178,5,16777215,2025-08-18 06:37:44,27840548398,60,庆典筹备,关于我转生变成史莱姆这档事 第三季,113818915046008
财政大臣,1175.085,1,16777215,2025-08-18 04:12:28,27840548398,60,庆典筹备,关于我转生变成史莱姆这档事 第三季,113818915046008
这是一场试炼,930.326,1,14811775,2025-08-18 03:15:54,27840548398,60,庆典筹备,关于我转生变成史莱姆这档事 第三季,113818915046008
终于60了！,3.321,1,16777215,2025-08-18 03:07:11,27840548398,60,庆典筹备,关于我转生变成史莱姆这档事 第三季,113818915046008
麦必肯！,557.223,1,16777215,2025-08-17 20:44:59,27840548398,60,庆典筹备,关于我转生变成史莱姆这档事 第三季,113818915046008
玉子烧啊。。,281.972,1,16777215,2025-08-17 20:30:31,27840548398,60,庆典筹备,关于我转生变成史莱姆这档事 第三季,113818915046008
还没有贪婪之王，玛利亚贝尔还没死,1352.405,1,16777215,2025-08-17 14:05:44,27840548398,60,庆典筹备,关于我转生变成史莱姆这档事 第三季,113818915046008
参见陛下,799.449,1,16777215,2025-08-17 13:56:29,27840548398,60,庆典筹备,关于我转生变成史莱姆这档事 第三季,113818915046008
好邪恶,1125.622,1,16777215,2025-08-16 18:27:41,27840548398,60,庆典筹备,关于我转生变成史莱姆这档事 第三季,113818915046008
第一季第21集利姆鲁实际上一个吞噬者把龙发出的招式连带龙一起吃掉了233333,452.435,1,16777215,2025-08-16 16:41:21,27840548398,60,庆典筹备,关于我转生变成史莱姆这档事 第三季,113818915046008
怪物猎人来的,756.633,1,16777215,2025-08-15 18:39:12,27840548398,60,庆典筹备,关于我转生变成史莱姆这档事 第三季,113818915046008
迪迦？你刚刚提到了光是吧,835.965,1,16777215,2025-08-15 15:55:07,27840548398,60,庆典筹备,关于我转生变成史莱姆这档事 第三季,113818915046008
成功PUA,1218.627,1,16777215,2025-08-15 02:23:51,27840548398,60,庆典筹备,关于我转生变成史莱姆这档事 第三季,113818915046008
传说中的一拍即合,1156.164,1,16777215,2025-08-15 02:22:49,27840548398,60,庆典筹备,关于我转生变成史莱姆这档事 第三季,113818915046008
天下第一武斗大会要来了么,862.946,1,16777215,2025-08-15 02:17:56,27840548398,60,庆典筹备,关于我转生变成史莱姆这档事 第三季,113818915046008
萌王还是太超前了，吃的这搞点现在满街都在卖,495.627,1,16777215,2025-08-15 02:11:48,27840548398,60,庆典筹备,关于我转生变成史莱姆这档事 第三季,113818915046008
说来就来了,368.84,1,16777215,2025-08-15 02:09:42,27840548398,60,庆典筹备,关于我转生变成史莱姆这档事 第三季,113818915046008
肯德基厚蛋烧,288.907,1,16777215,2025-08-15 02:08:22,27840548398,60,庆典筹备,关于我转生变成史莱姆这档事 第三季,113818915046008
厚蛋烧,275.796,1,16777215,2025-08-15 02:08:09,27840548398,60,庆典筹备,关于我转生变成史莱姆这档事 第三季,113818915046008
怎么不拿漫画出来卖,845.291,1,16777215,2025-08-15 01:19:54,27840548398,60,庆典筹备,关于我转生变成史莱姆这档事 第三季,113818915046008
开会,1135.698,5,16777215,2025-08-14 18:28:19,27840548398,60,庆典筹备,关于我转生变成史莱姆这档事 第三季,113818915046008
萌王可爱捏,44.541,1,16777215,2025-08-14 18:11:36,27840548398,60,庆典筹备,关于我转生变成史莱姆这档事 第三季,113818915046008
这个开会有意思,1038.551,1,16777215,2025-08-14 17:46:44,27840548398,60,庆典筹备,关于我转生变成史莱姆这档事 第三季,113818915046008
KFC,528.784,1,16777215,2025-08-13 23:13:43,27840548398,60,庆典筹备,关于我转生变成史莱姆这档事 第三季,113818915046008
终于有23人了,5.113,1,16777215,2025-08-13 20:19:52,27840548398,60,庆典筹备,关于我转生变成史莱姆这档事 第三季,113818915046008
基建狂魔,951.048,1,16777215,2025-08-13 02:51:08,27840548398,60,庆典筹备,关于我转生变成史莱姆这档事 第三季,113818915046008
这幅画好帅呀,454.827,1,16777215,2025-08-12 08:45:04,27840548398,60,庆典筹备,关于我转生变成史莱姆这档事 第三季,113818915046008
最终boss,1351.483,1,16777215,2025-08-11 20:02:44,27840548398,60,庆典筹备,关于我转生变成史莱姆这档事 第三季,113818915046008
um,924.221,1,16777215,2025-08-11 14:53:19,27840548398,60,庆典筹备,关于我转生变成史莱姆这档事 第三季,113818915046008
-------------------------------------------------------------------------------------------,107.673,1,16777215,2025-08-11 05:21:53,27840548398,60,庆典筹备,关于我转生变成史莱姆这档事 第三季,113818915046008
---------------------,48.55,1,16777215,2025-08-11 05:21:23,27840548398,60,庆典筹备,关于我转生变成史莱姆这档事 第三季,113818915046008
--,30.74,1,16777215,2025-08-11 05:21:14,27840548398,60,庆典筹备,关于我转生变成史莱姆这档事 第三季,113818915046008
果然奸商五一了,1173.122,1,16777215,2025-08-11 00:43:01,27840548398,60,庆典筹备,关于我转生变成史莱姆这档事 第三季,113818915046008
两个奸商,1080.833,1,16777215,2025-08-11 00:41:47,27840548398,60,庆典筹备,关于我转生变成史莱姆这档事 第三季,113818915046008
《计划之内》,1007.068,1,16777215,2025-08-10 23:35:48,27840548398,60,庆典筹备,关于我转生变成史莱姆这档事 第三季,113818915046008
路走宽了,686.714,1,16777215,2025-08-10 22:45:32,27840548398,60,庆典筹备,关于我转生变成史莱姆这档事 第三季,113818915046008
忠！诚！,1204.052,1,16777215,2025-08-10 20:43:44,27840548398,60,庆典筹备,关于我转生变成史莱姆这档事 第三季,113818915046008
是罗马！,939.193,1,16777215,2025-08-10 20:38:51,27840548398,60,庆典筹备,关于我转生变成史莱姆这档事 第三季,113818915046008
开会了！！,6.335,1,16777215,2025-08-10 16:31:14,27840548398,60,庆典筹备,关于我转生变成史莱姆这档事 第三季,113818915046008
小老弟怎么回事,1435.876,1,16777215,2025-08-08 23:46:22,27840548398,60,庆典筹备,关于我转生变成史莱姆这档事 第三季,113818915046008
为什么不请教万能的拉斐尔老师呢,1127.958,1,16777215,2025-08-08 23:38:24,27840548398,60,庆典筹备,关于我转生变成史莱姆这档事 第三季,113818915046008
享受到骨王面对小迪的快乐了,1022.511,1,16777215,2025-08-08 23:35:52,27840548398,60,庆典筹备,关于我转生变成史莱姆这档事 第三季,113818915046008
真给他烤上了？,174.481,1,16777215,2025-08-08 23:16:26,27840548398,60,庆典筹备,关于我转生变成史莱姆这档事 第三季,113818915046008
领导的灵机一动,29.913,1,16777215,2025-08-08 23:12:06,27840548398,60,庆典筹备,关于我转生变成史莱姆这档事 第三季,113818915046008
贤妻朱菜,19.688,1,16777215,2025-08-08 23:11:33,27840548398,60,庆典筹备,关于我转生变成史莱姆这档事 第三季,113818915046008
米莉姆：加油我相信你们,543.171,1,16777215,2025-08-08 18:43:20,27840548398,60,庆典筹备,关于我转生变成史莱姆这档事 第三季,113818915046008
直升部级,1173.816,1,16777215,2025-08-08 14:38:05,27840548398,60,庆典筹备,关于我转生变成史莱姆这档事 第三季,113818915046008
这不就是King吗，帝王引擎,828.842,1,16777215,2025-08-08 14:31:56,27840548398,60,庆典筹备,关于我转生变成史莱姆这档事 第三季,113818915046008
咋没人啊,0.224,1,16777215,2025-08-08 12:07:57,27840548398,60,庆典筹备,关于我转生变成史莱姆这档事 第三季,113818915046008
这不是德雷斯罗萨吗,944.22,1,16777215,2025-08-08 01:09:10,27840548398,60,庆典筹备,关于我转生变成史莱姆这档事 第三季,113818915046008
器量确实大，刚才那波换任何一个魔王来，这哥们连个全尸都留不下,453.849,5,16777215,2025-08-08 00:26:42,27840548398,60,庆典筹备,关于我转生变成史莱姆这档事 第三季,113818915046008
这货比不了，天定的勇者,827.145,1,16777215,2025-08-07 21:46:25,27840548398,60,庆典筹备,关于我转生变成史莱姆这档事 第三季,113818915046008
超出一定强度的魔物，哥布林们有定期清理的,768.777,1,16777215,2025-08-07 21:45:34,27840548398,60,庆典筹备,关于我转生变成史莱姆这档事 第三季,113818915046008
五     蚂     蚁,278.543,5,16777215,2025-08-07 21:13:44,27840548398,60,庆典筹备,关于我转生变成史莱姆这档事 第三季,113818915046008
啊别,1348.606,1,41194,2025-08-07 16:09:52,27840548398,60,庆典筹备,关于我转生变成史莱姆这档事 第三季,113818915046008
自产自销了（,1126.28,1,41194,2025-08-07 16:04:30,27840548398,60,庆典筹备,关于我转生变成史莱姆这档事 第三季,113818915046008
披萨国哈哈哈哈哈哈哈哈,206.354,1,16777215,2025-08-07 03:33:39,27840548398,60,庆典筹备,关于我转生变成史莱姆这档事 第三季,113818915046008
狡猾的老狐狸和小狐狸,1086.242,1,16777215,2025-08-06 13:02:41,27840548398,60,庆典筹备,关于我转生变成史莱姆这档事 第三季,113818915046008
斗兽场,926.2,1,16777215,2025-08-06 12:11:57,27840548398,60,庆典筹备,关于我转生变成史莱姆这档事 第三季,113818915046008
牙白,1234.014,1,41194,2025-08-05 12:40:21,27840548398,60,庆典筹备,关于我转生变成史莱姆这档事 第三季,113818915046008
空  军  大  赛,744.112,1,41194,2025-08-05 12:27:34,27840548398,60,庆典筹备,关于我转生变成史莱姆这档事 第三季,113818915046008
沙特是吧（,704.017,1,16777215,2025-08-05 12:26:27,27840548398,60,庆典筹备,关于我转生变成史莱姆这档事 第三季,113818915046008
好老板这是,592.777,1,16777215,2025-08-05 11:44:11,27840548398,60,庆典筹备,关于我转生变成史莱姆这档事 第三季,113818915046008
这里的对话和后面事件发展那么有趣 不懂的只能说没品了,1050.872,1,16740868,2025-08-04 19:28:58,27840548398,60,庆典筹备,关于我转生变成史莱姆这档事 第三季,113818915046008
准备考公了,1205.1,1,16777215,2025-08-03 22:02:14,27840548398,60,庆典筹备,关于我转生变成史莱姆这档事 第三季,113818915046008
这一集在干什么啊？我靠。,1281.924,1,16777215,2025-08-03 02:32:14,27840548398,60,庆典筹备,关于我转生变成史莱姆这档事 第三季,113818915046008
这是谁来着？,1245.071,1,16777215,2025-08-03 01:48:41,27840548398,60,庆典筹备,关于我转生变成史莱姆这档事 第三季,113818915046008
发型很好,1022.348,1,16777215,2025-08-02 20:41:55,27840548398,60,庆典筹备,关于我转生变成史莱姆这档事 第三季,113818915046008
忠！诚！,1206.245,1,8700107,2025-08-02 09:07:44,27840548398,60,庆典筹备,关于我转生变成史莱姆这档事 第三季,113818915046008
------------------------------------------------------------------------------------------,6.563,1,16777215,2025-08-01 21:00:43,27840548398,60,庆典筹备,关于我转生变成史莱姆这档事 第三季,113818915046008
小黑高潮画,666.612,1,16777215,2025-07-31 20:11:42,27840548398,60,庆典筹备,关于我转生变成史莱姆这档事 第三季,113818915046008
大胃王？,83.869,1,16777215,2025-07-31 20:03:11,27840548398,60,庆典筹备,关于我转生变成史莱姆这档事 第三季,113818915046008
人性的秘密,1082.71,1,16777215,2025-07-31 16:32:18,27840548398,60,庆典筹备,关于我转生变成史莱姆这档事 第三季,113818915046008
boss直聘,489.383,1,16777215,2025-07-30 16:28:32,27840548398,60,庆典筹备,关于我转生变成史莱姆这档事 第三季,113818915046008
"农家乐,,?",751.677,1,16777215,2025-07-29 17:05:07,27840548398,60,庆典筹备,关于我转生变成史莱姆这档事 第三季,113818915046008
哼哼～,250.615,1,16777215,2025-07-29 08:36:42,27840548398,60,庆典筹备,关于我转生变成史莱姆这档事 第三季,113818915046008
+.,610.634,1,16777215,2025-07-29 00:28:04,27840548398,60,庆典筹备,关于我转生变成史莱姆这档事 第三季,113818915046008
萌王什么时候建王都,20.498,1,16777215,2025-07-28 21:31:56,27840548398,60,庆典筹备,关于我转生变成史莱姆这档事 第三季,113818915046008
好可爱，，,1152.115,1,16777215,2025-07-28 18:40:31,27840548398,60,庆典筹备,关于我转生变成史莱姆这档事 第三季,113818915046008
闪光的flash,825.765,1,16777215,2025-07-28 12:48:18,27840548398,60,庆典筹备,关于我转生变成史莱姆这档事 第三季,113818915046008
这史莱姆真漂亮啊,1255.571,1,16777215,2025-07-28 02:26:26,27840548398,60,庆典筹备,关于我转生变成史莱姆这档事 第三季,113818915046008
真的好听啊,207.486,1,16777215,2025-07-27 23:40:41,27840548398,60,庆典筹备,关于我转生变成史莱姆这档事 第三季,113818915046008
饿了，想吃,533.576,5,16777215,2025-07-27 15:59:34,27840548398,60,庆典筹备,关于我转生变成史莱姆这档事 第三季,113818915046008
欧庇克莱歌剧院,845.873,1,16777215,2025-07-25 00:52:31,27840548398,60,庆典筹备,关于我转生变成史莱姆这档事 第三季,113818915046008
我累个笑面虎优树。,1355.642,1,16777215,2025-07-24 19:16:44,27840548398,60,庆典筹备,关于我转生变成史莱姆这档事 第三季,113818915046008
好萌的萌王，血包！快！,1146.64,1,16777215,2025-07-24 19:13:42,27840548398,60,庆典筹备,关于我转生变成史莱姆这档事 第三季,113818915046008
反派发言,316.2,1,16777215,2025-07-23 20:11:56,27840548398,60,庆典筹备,关于我转生变成史莱姆这档事 第三季,113818915046008
有人吗,720.089,1,16777215,2025-07-23 19:42:23,27840548398,60,庆典筹备,关于我转生变成史莱姆这档事 第三季,113818915046008
劲爆尾杀,1365.911,1,16777215,2025-07-23 00:24:46,27840548398,60,庆典筹备,关于我转生变成史莱姆这档事 第三季,113818915046008
舒婷！,421.811,1,16777215,2025-07-22 22:09:00,27840548398,60,庆典筹备,关于我转生变成史莱姆这档事 第三季,113818915046008
想起了骨王,1127.928,1,16777215,2025-07-22 20:41:55,27840548398,60,庆典筹备,关于我转生变成史莱姆这档事 第三季,113818915046008
宴会之王，启动！！,3.917,5,38979,2025-07-22 18:26:52,27840548398,60,庆典筹备,关于我转生变成史莱姆这档事 第三季,113818915046008
这是雷茵画的吧,456.297,5,16777215,2025-07-22 16:09:36,27840548398,60,庆典筹备,关于我转生变成史莱姆这档事 第三季,113818915046008
勇者说真的笑死我了,810.242,1,16777215,2025-07-22 13:26:21,27840548398,60,庆典筹备,关于我转生变成史莱姆这档事 第三季,113818915046008
这家伙长得像生翻,345.153,1,16777215,2025-07-21 19:52:57,27840548398,60,庆典筹备,关于我转生变成史莱姆这档事 第三季,113818915046008
有22个人呢,773.425,1,16777215,2025-07-21 15:29:15,27840548398,60,庆典筹备,关于我转生变成史莱姆这档事 第三季,113818915046008
不好：有杀气,83.282,1,16777215,2025-07-20 19:24:34,27840548398,60,庆典筹备,关于我转生变成史莱姆这档事 第三季,113818915046008
大森元贵！绿苹果！,151.325,1,16777215,2025-07-20 18:48:58,27840548398,60,庆典筹备,关于我转生变成史莱姆这档事 第三季,113818915046008
傻白甜真好骗啊,1354.202,1,16777215,2025-07-18 23:09:04,27840548398,60,庆典筹备,关于我转生变成史莱姆这档事 第三季,113818915046008
为什么7分左右，好难猜,1155.598,1,16777215,2025-07-18 22:45:55,27840548398,60,庆典筹备,关于我转生变成史莱姆这档事 第三季,113818915046008
迪迦,1390.5,1,16777215,2025-07-18 15:55:12,27840548398,60,庆典筹备,关于我转生变成史莱姆这档事 第三季,113818915046008
只剩12集了,846.23,1,16777215,2025-07-18 09:04:13,27840548398,60,庆典筹备,关于我转生变成史莱姆这档事 第三季,113818915046008
结城明日奈！亚丝娜！史提西亚大人！！！,827.373,1,16777215,2025-07-17 21:06:14,27840548398,60,庆典筹备,关于我转生变成史莱姆这档事 第三季,113818915046008
可以的,441.127,1,16777215,2025-07-17 19:23:54,27840548398,60,庆典筹备,关于我转生变成史莱姆这档事 第三季,113818915046008
你谁呀,365.493,1,16777215,2025-07-17 19:22:32,27840548398,60,庆典筹备,关于我转生变成史莱姆这档事 第三季,113818915046008
好假哈哈哈,322.707,1,16777215,2025-07-17 19:21:44,27840548398,60,庆典筹备,关于我转生变成史莱姆这档事 第三季,113818915046008
看上去很好喝,43.316,1,16777215,2025-07-17 19:16:23,27840548398,60,庆典筹备,关于我转生变成史莱姆这档事 第三季,113818915046008
\0/\0/\0/\0/\0/\0/\0/\0/\0/\0/\0/\0/\0/\0/,1208.929,5,41194,2025-07-17 13:51:55,27840548398,60,庆典筹备,关于我转生变成史莱姆这档事 第三季,113818915046008
扫把头？,434.025,1,16777215,2025-07-17 13:01:19,27840548398,60,庆典筹备,关于我转生变成史莱姆这档事 第三季,113818915046008
签到,9.9,1,16777215,2025-07-17 09:34:22,27840548398,60,庆典筹备,关于我转生变成史莱姆这档事 第三季,113818915046008
招待不周,275.819,1,16777215,2025-07-17 05:37:40,27840548398,60,庆典筹备,关于我转生变成史莱姆这档事 第三季,113818915046008
呀～,1168.15,1,16777215,2025-07-17 00:56:04,27840548398,60,庆典筹备,关于我转生变成史莱姆这档事 第三季,113818915046008
就说第四季什么时候来把！,12.166,1,16777215,2025-07-16 20:06:46,27840548398,60,庆典筹备,关于我转生变成史莱姆这档事 第三季,113818915046008
不如改叫日常番吧,117.96,1,16777215,2025-07-16 18:41:21,27840548398,60,庆典筹备,关于我转生变成史莱姆这档事 第三季,113818915046008
麻花辫利姆露真好看啊,31.675,1,16777215,2025-07-15 17:35:44,27840548398,60,庆典筹备,关于我转生变成史莱姆这档事 第三季,113818915046008
提到的不是长鼻祖吗怎么成长耳了,353.33,1,41194,2025-07-15 02:11:31,27840548398,60,庆典筹备,关于我转生变成史莱姆这档事 第三季,113818915046008
差点以为主角被压扁了,14.972,1,41194,2025-07-15 02:05:51,27840548398,60,庆典筹备,关于我转生变成史莱姆这档事 第三季,113818915046008
搞个大型体育综合体,737.014,1,16777215,2025-07-14 18:02:23,27840548398,60,庆典筹备,关于我转生变成史莱姆这档事 第三季,113818915046008
后面tempest,1452.331,1,16777215,2025-07-14 14:23:23,27840548398,60,庆典筹备,关于我转生变成史莱姆这档事 第三季,113818915046008
金色闪光,835.336,1,16707842,2025-07-14 12:47:00,27840548398,60,庆典筹备,关于我转生变成史莱姆这档事 第三季,113818915046008
开会番,13.803,1,16777215,2025-07-14 12:34:00,27840548398,60,庆典筹备,关于我转生变成史莱姆这档事 第三季,113818915046008
挖掘人才,1178.631,1,16777215,2025-07-13 17:18:36,27840548398,60,庆典筹备,关于我转生变成史莱姆这档事 第三季,113818915046008
社交的手腕,328.364,1,16777215,2025-07-13 17:03:45,27840548398,60,庆典筹备,关于我转生变成史莱姆这档事 第三季,113818915046008
瓜子准备,13.044,1,16777215,2025-07-13 16:59:16,27840548398,60,庆典筹备,关于我转生变成史莱姆这档事 第三季,113818915046008
Hamburger是英文唉（汉堡）,525.322,1,16777215,2025-07-13 16:29:19,27840548398,60,庆典筹备,关于我转生变成史莱姆这档事 第三季,113818915046008
你谁啊你,1261.148,5,16777215,2025-07-13 14:21:27,27840548398,60,庆典筹备,关于我转生变成史莱姆这档事 第三季,113818915046008
空军基地,745.591,1,16777215,2025-07-13 00:49:51,27840548398,60,庆典筹备,关于我转生变成史莱姆这档事 第三季,113818915046008
好耶,7.858,1,16777215,2025-07-12 23:34:28,27840548398,60,庆典筹备,关于我转生变成史莱姆这档事 第三季,113818915046008
不是 我在看 什么,1119.938,1,16777215,2025-07-12 18:18:44,27840548398,60,庆典筹备,关于我转生变成史莱姆这档事 第三季,113818915046008
希露菲,344.623,1,16777215,2025-07-12 17:39:13,27840548398,60,庆典筹备,关于我转生变成史莱姆这档事 第三季,113818915046008
一鞭腿,423.792,1,16777215,2025-07-12 16:50:41,27840548398,60,庆典筹备,关于我转生变成史莱姆这档事 第三季,113818915046008
宴会也是会,3.526,5,16777215,2025-07-12 09:24:17,27840548398,60,庆典筹备,关于我转生变成史莱姆这档事 第三季,113818915046008
这是谁啊,1419.104,5,16777215,2025-07-12 00:26:17,27840548398,60,庆典筹备,关于我转生变成史莱姆这档事 第三季,113818915046008
最好听的一首op,134.875,1,16777215,2025-07-11 18:58:02,27840548398,60,庆典筹备,关于我转生变成史莱姆这档事 第三季,113818915046008
波风水门,829.298,1,16777215,2025-07-10 22:33:14,27840548398,60,庆典筹备,关于我转生变成史莱姆这档事 第三季,113818915046008
我寻思这不是正传吗？怎么还在日常,9.606,1,16777215,2025-07-10 22:24:45,27840548398,60,庆典筹备,关于我转生变成史莱姆这档事 第三季,113818915046008
又开会？,4.663,1,16777215,2025-07-10 20:49:52,27840548398,60,庆典筹备,关于我转生变成史莱姆这档事 第三季,113818915046008
邀请他来对他来说就是开鸿门宴啊。,1353.316,1,16777215,2025-07-10 13:08:23,27840548398,60,庆典筹备,关于我转生变成史莱姆这档事 第三季,113818915046008
而且这货还真说了。。。,331.353,5,16777215,2025-07-10 12:01:42,27840548398,60,庆典筹备,关于我转生变成史莱姆这档事 第三季,113818915046008
[前方高能],290.505,1,15138834,2025-07-10 00:00:06,27840548398,60,庆典筹备,关于我转生变成史莱姆这档事 第三季,113818915046008
开夜店？要蹦迪了？,733.223,1,16777215,2025-07-09 19:11:03,27840548398,60,庆典筹备,关于我转生变成史莱姆这档事 第三季,113818915046008
你应该万幸大菠萝不在，要不然啊，你估计要玩,386.428,1,16777215,2025-07-08 18:48:56,27840548398,60,庆典筹备,关于我转生变成史莱姆这档事 第三季,113818915046008
不只是永生，已经是很多商人的定点了,1195.703,1,16777215,2025-07-08 17:31:01,27840548398,60,庆典筹备,关于我转生变成史莱姆这档事 第三季,113818915046008
我都快忘记他是反派了,53.453,1,16777215,2025-07-08 17:09:01,27840548398,60,庆典筹备,关于我转生变成史莱姆这档事 第三季,113818915046008
用龙息来炒面是吧？,101.355,1,16777215,2025-07-07 13:11:37,27840548398,60,庆典筹备,关于我转生变成史莱姆这档事 第三季,113818915046008
你他丫的说什么呢,404.399,1,16777215,2025-07-07 00:13:57,27840548398,60,庆典筹备,关于我转生变成史莱姆这档事 第三季,113818915046008
666，模拟城市建设,759.308,1,16777215,2025-07-06 15:05:03,27840548398,60,庆典筹备,关于我转生变成史莱姆这档事 第三季,113818915046008
狗狗尼,82.555,1,16777215,2025-07-05 22:28:01,27840548398,60,庆典筹备,关于我转生变成史莱姆这档事 第三季,113818915046008
我也干了,910.712,1,16777215,2025-07-04 08:10:31,27840548398,60,庆典筹备,关于我转生变成史莱姆这档事 第三季,113818915046008
兔人？,345.988,1,16777215,2025-07-04 03:07:46,27840548398,60,庆典筹备,关于我转生变成史莱姆这档事 第三季,113818915046008
我对小朱菜一心一意,272.87,1,16777215,2025-07-03 22:44:57,27840548398,60,庆典筹备,关于我转生变成史莱姆这档事 第三季,113818915046008
我对小朱菜一心一意,21.03,1,16777215,2025-07-03 22:39:57,27840548398,60,庆典筹备,关于我转生变成史莱姆这档事 第三季,113818915046008
片假名,631.925,1,11890,2025-07-03 16:40:16,27840548398,60,庆典筹备,关于我转生变成史莱姆这档事 第三季,113818915046008
抛光了？,283.48,1,16777215,2025-07-03 13:48:51,27840548398,60,庆典筹备,关于我转生变成史莱姆这档事 第三季,113818915046008
哈哈哈哈哈哈,658.774,1,16777215,2025-07-03 00:12:05,27840548398,60,庆典筹备,关于我转生变成史莱姆这档事 第三季,113818915046008
突然有编制了可还行,1208.47,5,16707842,2025-07-01 23:36:50,27840548398,60,庆典筹备,关于我转生变成史莱姆这档事 第三季,113818915046008
漫画里的主角团和恶魔每个人都超好看的,680.444,1,16777215,2025-07-01 20:52:28,27840548398,60,庆典筹备,关于我转生变成史莱姆这档事 第三季,113818915046008
哈哈哈哈哈哈哈,652.37,1,16777215,2025-07-01 20:51:38,27840548398,60,庆典筹备,关于我转生变成史莱姆这档事 第三季,113818915046008
想去直说,279.299,1,16777215,2025-07-01 16:30:57,27840548398,60,庆典筹备,关于我转生变成史莱姆这档事 第三季,113818915046008
太麻烦了直接搬过来柏青哥吧,759.37,1,16777215,2025-07-01 15:50:44,27840548398,60,庆典筹备,关于我转生变成史莱姆这档事 第三季,113818915046008
我感觉这一季其实应该把强欲篇一起做了,260.678,1,16777215,2025-07-01 14:18:52,27840548398,60,庆典筹备,关于我转生变成史莱姆这档事 第三季,113818915046008
联赛化 竞技化,1153.071,1,16777215,2025-07-01 13:53:55,27840548398,60,庆典筹备,关于我转生变成史莱姆这档事 第三季,113818915046008
完了 你搞比武大会 你觉得那几个好斗的怪物会只看戏？,800.811,1,16777215,2025-07-01 13:47:52,27840548398,60,庆典筹备,关于我转生变成史莱姆这档事 第三季,113818915046008
逐渐迪化,1126.632,1,16777215,2025-06-30 15:47:43,27840548398,60,庆典筹备,关于我转生变成史莱姆这档事 第三季,113818915046008
一万多猪猪，有什么是建不成的～,883.611,1,16777215,2025-06-30 14:58:50,27840548398,60,庆典筹备,关于我转生变成史莱姆这档事 第三季,113818915046008
准备做魔物国财务大臣了,330.156,1,16777215,2025-06-30 14:50:03,27840548398,60,庆典筹备,关于我转生变成史莱姆这档事 第三季,113818915046008
敲奇观！！,946.946,1,16777215,2025-06-30 14:05:59,27840548398,60,庆典筹备,关于我转生变成史莱姆这档事 第三季,113818915046008
"开会，打架，开会，party,开会，打架",8.229,1,16777215,2025-06-30 01:51:11,27840548398,60,庆典筹备,关于我转生变成史莱姆这档事 第三季,113818915046008
宽：我被路走了,1209.389,1,16777215,2025-06-30 00:26:50,27840548398,60,庆典筹备,关于我转生变成史莱姆这档事 第三季,113818915046008
应该用她,677.085,1,16777215,2025-06-30 00:18:13,27840548398,60,庆典筹备,关于我转生变成史莱姆这档事 第三季,113818915046008
开会开会,8.865,1,16777215,2025-06-30 00:06:11,27840548398,60,庆典筹备,关于我转生变成史莱姆这档事 第三季,113818915046008
妈麻德味道,271.557,1,16777215,2025-06-29 16:54:47,27840548398,60,庆典筹备,关于我转生变成史莱姆这档事 第三季,113818915046008
完了，已经逐渐走上养成路线了。,509.535,1,16777215,2025-06-29 05:38:28,27840548398,60,庆典筹备,关于我转生变成史莱姆这档事 第三季,113818915046008
大件货,362.258,1,16777215,2025-06-29 04:02:01,27840548398,60,庆典筹备,关于我转生变成史莱姆这档事 第三季,113818915046008
罗马大竞技场,932.145,1,15138834,2025-06-29 02:41:20,27840548398,60,庆典筹备,关于我转生变成史莱姆这档事 第三季,113818915046008
波风水门：哦？,835.887,5,16777215,2025-06-28 23:40:39,27840548398,60,庆典筹备,关于我转生变成史莱姆这档事 第三季,113818915046008
好笑哦,406.97,1,16777215,2025-06-28 12:36:19,27840548398,60,庆典筹备,关于我转生变成史莱姆这档事 第三季,113818915046008
呃，后被他们的神明给杀了,1271.287,1,16777215,2025-06-28 08:20:40,27840548398,60,庆典筹备,关于我转生变成史莱姆这档事 第三季,113818915046008
这番看着确实腻了,854.295,1,16777215,2025-06-28 08:09:30,27840548398,60,庆典筹备,关于我转生变成史莱姆这档事 第三季,113818915046008
罗斗！,932.733,1,16777215,2025-06-27 15:29:42,27840548398,60,庆典筹备,关于我转生变成史莱姆这档事 第三季,113818915046008
单位团建,32.811,5,16777215,2025-06-27 09:39:22,27840548398,60,庆典筹备,关于我转生变成史莱姆这档事 第三季,113818915046008
舒婷,1085.199,1,16777215,2025-06-27 00:58:09,27840548398,60,庆典筹备,关于我转生变成史莱姆这档事 第三季,113818915046008
陈浩南,491.554,1,16777215,2025-06-26 12:36:46,27840548398,60,庆典筹备,关于我转生变成史莱姆这档事 第三季,113818915046008
不爱看的左上角吧,1055.238,1,16777215,2025-06-25 19:54:26,27840548398,60,庆典筹备,关于我转生变成史莱姆这档事 第三季,113818915046008
我感觉都快造汽车了,1152.257,1,16777215,2025-06-25 13:27:18,27840548398,60,庆典筹备,关于我转生变成史莱姆这档事 第三季,113818915046008
搞个偶像文化,1134.69,1,16777215,2025-06-25 13:27:00,27840548398,60,庆典筹备,关于我转生变成史莱姆这档事 第三季,113818915046008
街霸,436.747,1,16777215,2025-06-25 13:15:23,27840548398,60,庆典筹备,关于我转生变成史莱姆这档事 第三季,113818915046008
来了,798.472,1,16777215,2025-06-24 21:27:06,27840548398,60,庆典筹备,关于我转生变成史莱姆这档事 第三季,113818915046008
不是在开会，就是在开席,9.09,1,16777215,2025-06-24 15:23:46,27840548398,60,庆典筹备,关于我转生变成史莱姆这档事 第三季,113818915046008
宴会王，开会王,5.267,1,16777215,2025-06-24 13:21:11,27840548398,60,庆典筹备,关于我转生变成史莱姆这档事 第三季,113818915046008
剧透的全部举办了,838.033,1,16777215,2025-06-24 11:37:12,27840548398,60,庆典筹备,关于我转生变成史莱姆这档事 第三季,113818915046008
嘟噜嘟噜,1474.374,1,16777215,2025-06-23 20:19:46,27840548398,60,庆典筹备,关于我转生变成史莱姆这档事 第三季,113818915046008
美风,1451.847,1,16777215,2025-06-23 20:19:24,27840548398,60,庆典筹备,关于我转生变成史莱姆这档事 第三季,113818915046008
线稿,1398.99,1,16777215,2025-06-23 20:18:31,27840548398,60,庆典筹备,关于我转生变成史莱姆这档事 第三季,113818915046008
皇冠史莱姆,1221.548,1,16777215,2025-06-23 20:15:37,27840548398,60,庆典筹备,关于我转生变成史莱姆这档事 第三季,113818915046008
持续走宽,918.635,1,16777215,2025-06-23 19:55:09,27840548398,60,庆典筹备,关于我转生变成史莱姆这档事 第三季,113818915046008
无敌了,868.675,1,16777215,2025-06-23 19:54:19,27840548398,60,庆典筹备,关于我转生变成史莱姆这档事 第三季,113818915046008
WOW我要参加,757.817,1,16777215,2025-06-23 19:51:00,27840548398,60,庆典筹备,关于我转生变成史莱姆这档事 第三季,113818915046008
唔姆唔姆唔姆,922.869,1,16777215,2025-06-23 19:25:07,27840548398,60,庆典筹备,关于我转生变成史莱姆这档事 第三季,113818915046008
哇，史莱姆穿嗨丝,456.525,1,16777215,2025-06-23 15:37:32,27840548398,60,庆典筹备,关于我转生变成史莱姆这档事 第三季,113818915046008
兄弟，有眼力见的，我认可你了,1205.488,1,16707842,2025-06-22 21:06:36,27840548398,60,庆典筹备,关于我转生变成史莱姆这档事 第三季,113818915046008
开会,3.773,1,16777215,2025-06-22 02:57:12,27840548398,60,庆典筹备,关于我转生变成史莱姆这档事 第三季,113818915046008
：>:：《:》,265.209,1,16777215,2025-06-21 18:25:10,27840548398,60,庆典筹备,关于我转生变成史莱姆这档事 第三季,113818915046008
高脚,423.217,1,16777215,2025-06-20 14:22:59,27840548398,60,庆典筹备,关于我转生变成史莱姆这档事 第三季,113818915046008
这和King有什么区别？,1136.295,1,16777215,2025-06-19 22:27:24,27840548398,60,庆典筹备,关于我转生变成史莱姆这档事 第三季,113818915046008
条危！,797.59,1,16777215,2025-06-19 09:50:20,27840548398,60,庆典筹备,关于我转生变成史莱姆这档事 第三季,113818915046008
这个袋子,1449.216,1,16777215,2025-06-18 07:18:36,27840548398,60,庆典筹备,关于我转生变成史莱姆这档事 第三季,113818915046008
那真的没办法了,277.868,1,16777215,2025-06-17 22:43:37,27840548398,60,庆典筹备,关于我转生变成史莱姆这档事 第三季,113818915046008
看到现在不知道这一集到底在说什么的，到底在看什么东西啊？,1475.706,1,16777215,2025-06-17 17:41:49,27840548398,60,庆典筹备,关于我转生变成史莱姆这档事 第三季,113818915046008
泡泡茶壶是个啥,257.556,1,16777215,2025-06-17 13:46:07,27840548398,60,庆典筹备,关于我转生变成史莱姆这档事 第三季,113818915046008
问就是万年,779.433,1,16777215,2025-06-16 20:10:58,27840548398,60,庆典筹备,关于我转生变成史莱姆这档事 第三季,113818915046008
奥林匹克运动会,925.373,5,15138834,2025-06-16 12:30:53,27840548398,60,庆典筹备,关于我转生变成史莱姆这档事 第三季,113818915046008
闪光激推,814.995,5,15138834,2025-06-16 12:28:46,27840548398,60,庆典筹备,关于我转生变成史莱姆这档事 第三季,113818915046008
朱菜的史莱姆是不是大了不少？,104.486,5,16755202,2025-06-16 08:53:38,27840548398,60,庆典筹备,关于我转生变成史莱姆这档事 第三季,113818915046008
做饭,88.247,1,16777215,2025-06-15 12:08:55,27840548398,60,庆典筹备,关于我转生变成史莱姆这档事 第三季,113818915046008
刚好有借口了 厉害,422.027,1,16777215,2025-06-15 07:13:45,27840548398,60,庆典筹备,关于我转生变成史莱姆这档事 第三季,113818915046008
俩奸商,1076.776,1,16777215,2025-06-15 02:49:22,27840548398,60,庆典筹备,关于我转生变成史莱姆这档事 第三季,113818915046008
喜提商务大臣,1194.493,1,16777215,2025-06-15 02:29:52,27840548398,60,庆典筹备,关于我转生变成史莱姆这档事 第三季,113818915046008
财政大臣,1172.67,1,16777215,2025-06-15 02:29:19,27840548398,60,庆典筹备,关于我转生变成史莱姆这档事 第三季,113818915046008
king直呼内行,833.933,1,16777215,2025-06-15 02:23:23,27840548398,60,庆典筹备,关于我转生变成史莱姆这档事 第三季,113818915046008
就差开赌场了,732.802,1,16777215,2025-06-15 02:21:35,27840548398,60,庆典筹备,关于我转生变成史莱姆这档事 第三季,113818915046008
这算是食戟么,223.936,1,16777215,2025-06-15 02:12:43,27840548398,60,庆典筹备,关于我转生变成史莱姆这档事 第三季,113818915046008
萌王是巨乳精灵控，所以对精灵出手让萌王知道了会相当惨,460.815,1,16777215,2025-06-14 14:44:33,27840548398,60,庆典筹备,关于我转生变成史莱姆这档事 第三季,113818915046008
忠！诚！,422.108,1,16777215,2025-06-14 13:23:30,27840548398,60,庆典筹备,关于我转生变成史莱姆这档事 第三季,113818915046008
原来这幅画是这么来的,667.497,1,16777215,2025-06-13 15:47:09,27840548398,60,庆典筹备,关于我转生变成史莱姆这档事 第三季,113818915046008
开始挖人,1185.648,1,16777215,2025-06-12 16:48:31,27840548398,60,庆典筹备,关于我转生变成史莱姆这档事 第三季,113818915046008
啊啊啊啊好可爱,1446.064,1,16777215,2025-06-12 15:27:32,27840548398,60,庆典筹备,关于我转生变成史莱姆这档事 第三季,113818915046008
嗨嗨嗨,682.652,1,16777215,2025-06-11 20:01:03,27840548398,60,庆典筹备,关于我转生变成史莱姆这档事 第三季,113818915046008
两个人也能开会,798.598,1,16777215,2025-06-09 21:17:43,27840548398,60,庆典筹备,关于我转生变成史莱姆这档事 第三季,113818915046008
赌博店啊,773.163,1,16777215,2025-06-09 21:01:47,27840548398,60,庆典筹备,关于我转生变成史莱姆这档事 第三季,113818915046008
社交的手腕,354.002,1,16777215,2025-06-08 23:40:51,27840548398,60,庆典筹备,关于我转生变成史莱姆这档事 第三季,113818915046008
奸商啊,1157.089,1,16777215,2025-06-08 22:44:55,27840548398,60,庆典筹备,关于我转生变成史莱姆这档事 第三季,113818915046008
运气MAX,836.207,1,16777215,2025-06-08 20:43:37,27840548398,60,庆典筹备,关于我转生变成史莱姆这档事 第三季,113818915046008
闪光的flash！！！,823.505,1,16777215,2025-06-08 20:09:47,27840548398,60,庆典筹备,关于我转生变成史莱姆这档事 第三季,113818915046008
基建狂魔,728.713,1,16777215,2025-06-08 20:06:19,27840548398,60,庆典筹备,关于我转生变成史莱姆这档事 第三季,113818915046008
开会开了一整集了。,1101.146,1,16777215,2025-06-08 18:26:01,27840548398,60,庆典筹备,关于我转生变成史莱姆这档事 第三季,113818915046008
到时候让中二龙和米莉姆打的话......,1026.747,1,16777215,2025-06-07 15:06:54,27840548398,60,庆典筹备,关于我转生变成史莱姆这档事 第三季,113818915046008
这哥们可是忠心耿耿,509.296,1,16777215,2025-06-07 13:39:27,27840548398,60,庆典筹备,关于我转生变成史莱姆这档事 第三季,113818915046008
农家乐是吧,766.957,5,16777215,2025-06-05 21:35:58,27840548398,60,庆典筹备,关于我转生变成史莱姆这档事 第三季,113818915046008
King直呼内行,830.555,1,16777215,2025-06-05 13:39:39,27840548398,60,庆典筹备,关于我转生变成史莱姆这档事 第三季,113818915046008
做生意的心都脏,334.62,1,16777215,2025-06-05 13:33:04,27840548398,60,庆典筹备,关于我转生变成史莱姆这档事 第三季,113818915046008
我要融资，打钱！,303.265,1,16777215,2025-06-05 11:56:28,27840548398,60,庆典筹备,关于我转生变成史莱姆这档事 第三季,113818915046008
坏东西,1339.357,5,16777215,2025-06-04 22:35:12,27840548398,60,庆典筹备,关于我转生变成史莱姆这档事 第三季,113818915046008
这么多时间欣赏萌王美貌，应该感到庆幸,1261.289,1,16777215,2025-06-04 14:43:10,27840548398,60,庆典筹备,关于我转生变成史莱姆这档事 第三季,113818915046008
太漂亮了，倾国倾城,827.853,1,41194,2025-06-04 00:22:46,27840548398,60,庆典筹备,关于我转生变成史莱姆这档事 第三季,113818915046008
魔王直聘,1196.65,5,15138834,2025-06-03 22:19:54,27840548398,60,庆典筹备,关于我转生变成史莱姆这档事 第三季,113818915046008
招商引资,59.73,1,16777215,2025-06-02 23:54:59,27840548398,60,庆典筹备,关于我转生变成史莱姆这档事 第三季,113818915046008
你们是要建一个拉斯维加斯吗？,1135.764,5,16707842,2025-06-02 18:55:29,27840548398,60,庆典筹备,关于我转生变成史莱姆这档事 第三季,113818915046008
好可爱......,865.131,1,41194,2025-06-02 08:02:13,27840548398,60,庆典筹备,关于我转生变成史莱姆这档事 第三季,113818915046008
宴会上，任何一个人都比他强哈哈,1377.836,5,16777215,2025-06-02 00:35:03,27840548398,60,庆典筹备,关于我转生变成史莱姆这档事 第三季,113818915046008
体验大迷宫？,734.313,1,16777215,2025-06-02 00:16:05,27840548398,60,庆典筹备,关于我转生变成史莱姆这档事 第三季,113818915046008
小老弟和猪猪 加维鲁,1430.439,1,16777215,2025-05-31 20:11:47,27840548398,60,庆典筹备,关于我转生变成史莱姆这档事 第三季,113818915046008
魔王真的是太没面子了,378.455,5,16777215,2025-05-31 12:20:58,27840548398,60,庆典筹备,关于我转生变成史莱姆这档事 第三季,113818915046008
一国之君，把事情全抛给村长了，村长签字都签不完,30.138,1,16707842,2025-05-31 10:11:39,27840548398,60,庆典筹备,关于我转生变成史莱姆这档事 第三季,113818915046008
不是你说什么？笑得什么疼？,673.303,1,16777215,2025-05-29 02:54:06,27840548398,60,庆典筹备,关于我转生变成史莱姆这档事 第三季,113818915046008
官商勾结,1079.421,5,16646914,2025-05-29 02:15:21,27840548398,60,庆典筹备,关于我转生变成史莱姆这档事 第三季,113818915046008
玉子烧,266.616,5,16765698,2025-05-28 20:51:24,27840548398,60,庆典筹备,关于我转生变成史莱姆这档事 第三季,113818915046008
开会筹备,6.838,1,16777215,2025-05-28 20:39:40,27840548398,60,庆典筹备,关于我转生变成史莱姆这档事 第三季,113818915046008
这人的CV是七海建人的吧,59.636,1,16777215,2025-05-28 19:50:49,27840548398,60,庆典筹备,关于我转生变成史莱姆这档事 第三季,113818915046008
开会,6.77,1,16777215,2025-05-26 13:54:15,27840548398,60,庆典筹备,关于我转生变成史莱姆这档事 第三季,113818915046008
亚丝娜加桐人吗,833.899,5,16777215,2025-05-25 23:36:43,27840548398,60,庆典筹备,关于我转生变成史莱姆这档事 第三季,113818915046008
收编了,1171.379,1,16777215,2025-05-25 23:23:10,27840548398,60,庆典筹备,关于我转生变成史莱姆这档事 第三季,113818915046008
职场PUA,1055.613,5,14811775,2025-05-25 22:38:50,27840548398,60,庆典筹备,关于我转生变成史莱姆这档事 第三季,113818915046008
孙红雷？,227.96,1,16777215,2025-05-25 17:37:07,27840548398,60,庆典筹备,关于我转生变成史莱姆这档事 第三季,113818915046008
这调调一听果然是大森哈哈哈哈,150.106,1,16777215,2025-05-25 12:43:57,27840548398,60,庆典筹备,关于我转生变成史莱姆这档事 第三季,113818915046008
开网吧,728.506,1,16777215,2025-05-24 22:11:13,27840548398,60,庆典筹备,关于我转生变成史莱姆这档事 第三季,113818915046008
各出奇谋的最后一策，我把你挖来打工,1169.538,1,16777215,2025-05-24 20:11:12,27840548398,60,庆典筹备,关于我转生变成史莱姆这档事 第三季,113818915046008
我的妈呀，这也太美了吧,459.55,1,16777215,2025-05-24 15:42:51,27840548398,60,庆典筹备,关于我转生变成史莱姆这档事 第三季,113818915046008
不如我闪光的哈撒韦,804.326,5,16777215,2025-05-21 00:07:17,27840548398,60,庆典筹备,关于我转生变成史莱姆这档事 第三季,113818915046008
从外包变编制了,1174.355,1,16777215,2025-05-20 20:02:34,27840548398,60,庆典筹备,关于我转生变成史莱姆这档事 第三季,113818915046008
好看！,121.79,1,16777215,2025-05-20 13:49:33,27840548398,60,庆典筹备,关于我转生变成史莱姆这档事 第三季,113818915046008
东京巨蛋？？,922.275,1,16777215,2025-05-20 00:00:02,27840548398,60,庆典筹备,关于我转生变成史莱姆这档事 第三季,113818915046008
换谁能不忠诚啊,907.711,1,16777215,2025-05-19 20:18:49,27840548398,60,庆典筹备,关于我转生变成史莱姆这档事 第三季,113818915046008
不要把经费放在深夜美食上口牙,550.925,1,16777215,2025-05-19 20:14:23,27840548398,60,庆典筹备,关于我转生变成史莱姆这档事 第三季,113818915046008
不，史莱姆!!,15.776,1,16777215,2025-05-18 21:42:05,27840548398,60,庆典筹备,关于我转生变成史莱姆这档事 第三季,113818915046008
有三个没死被关起来了。,1260.839,1,16777215,2025-05-18 20:10:38,27840548398,60,庆典筹备,关于我转生变成史莱姆这档事 第三季,113818915046008
bilinili,763.944,1,16777215,2025-05-16 13:11:36,27840548398,60,庆典筹备,关于我转生变成史莱姆这档事 第三季,113818915046008
天下第一武道大会,864.171,1,16777215,2025-05-15 19:13:53,27840548398,60,庆典筹备,关于我转生变成史莱姆这档事 第三季,113818915046008
这里太可爱了利姆露,671.072,1,16777215,2025-05-14 23:01:48,27840548398,60,庆典筹备,关于我转生变成史莱姆这档事 第三季,113818915046008
不愧是前黑帮老大,871.298,1,16777215,2025-05-14 22:45:59,27840548398,60,庆典筹备,关于我转生变成史莱姆这档事 第三季,113818915046008
外包,1072.263,1,16777215,2025-05-14 22:17:20,27840548398,60,庆典筹备,关于我转生变成史莱姆这档事 第三季,113818915046008
舒 婷 ！,1084.31,5,16777215,2025-05-14 16:05:22,27840548398,60,庆典筹备,关于我转生变成史莱姆这档事 第三季,113818915046008
一般，不如上肉夹馍胡辣汤,277.817,1,16777215,2025-05-13 21:11:48,27840548398,60,庆典筹备,关于我转生变成史莱姆这档事 第三季,113818915046008
斯巴拉西～,1153.621,1,16777215,2025-05-13 13:10:12,27840548398,60,庆典筹备,关于我转生变成史莱姆这档事 第三季,113818915046008
——————————————————————————————————————————————————————————————————————,1154.142,1,15138834,2025-05-13 01:33:53,27840548398,60,庆典筹备,关于我转生变成史莱姆这档事 第三季,113818915046008
——————————————————————————————————————————————————————————————————————————————————————————,1143.271,1,16777215,2025-05-13 01:33:25,27840548398,60,庆典筹备,关于我转生变成史莱姆这档事 第三季,113818915046008
忠诚！,1202.268,1,16777215,2025-05-12 00:28:57,27840548398,60,庆典筹备,关于我转生变成史莱姆这档事 第三季,113818915046008
来吧,4.691,1,16777215,2025-05-11 20:21:24,27840548398,60,庆典筹备,关于我转生变成史莱姆这档事 第三季,113818915046008
+++++,17.695,1,16777215,2025-05-11 20:09:58,27840548398,60,庆典筹备,关于我转生变成史莱姆这档事 第三季,113818915046008
开会！！！！！！！！！！！！！！！！！！！！！！,1.92,1,16777215,2025-05-11 17:37:58,27840548398,60,庆典筹备,关于我转生变成史莱姆这档事 第三季,113818915046008
莫名其妙,1361.999,1,16777215,2025-05-10 15:27:35,27840548398,60,庆典筹备,关于我转生变成史莱姆这档事 第三季,113818915046008
这资金规模，一般人就别想了。,1042.491,1,16777215,2025-05-10 10:44:34,27840548398,60,庆典筹备,关于我转生变成史莱姆这档事 第三季,113818915046008
喂！你的原则也太灵活了,280.602,1,16777215,2025-05-08 05:29:07,27840548398,60,庆典筹备,关于我转生变成史莱姆这档事 第三季,113818915046008
这个锋利的下颌线,616.362,1,16740868,2025-05-07 17:57:41,27840548398,60,庆典筹备,关于我转生变成史莱姆这档事 第三季,113818915046008
世博会前身,44.716,1,16777215,2025-05-07 17:48:06,27840548398,60,庆典筹备,关于我转生变成史莱姆这档事 第三季,113818915046008
毕竟对人类以外的种族开放，多五倍也很正常,939.463,1,16777215,2025-05-06 23:11:49,27840548398,60,庆典筹备,关于我转生变成史莱姆这档事 第三季,113818915046008
？认识他的才害怕好伐,616.049,1,16777215,2025-05-06 23:05:36,27840548398,60,庆典筹备,关于我转生变成史莱姆这档事 第三季,113818915046008
这个不就是卷煎蛋？,278.897,1,16777215,2025-05-06 22:59:39,27840548398,60,庆典筹备,关于我转生变成史莱姆这档事 第三季,113818915046008
啊？,266.097,1,16777215,2025-05-06 22:59:08,27840548398,60,庆典筹备,关于我转生变成史莱姆这档事 第三季,113818915046008
如果有能让你满意的料理还来请你干啥？,248.859,1,16777215,2025-05-06 22:58:46,27840548398,60,庆典筹备,关于我转生变成史莱姆这档事 第三季,113818915046008
前来开会,11.894,1,16777215,2025-05-06 21:46:11,27840548398,60,庆典筹备,关于我转生变成史莱姆这档事 第三季,113818915046008
54人,22.042,1,16777215,2025-05-06 20:58:50,27840548398,60,庆典筹备,关于我转生变成史莱姆这档事 第三季,113818915046008
好多剧透狗,848.281,1,16777215,2025-05-06 03:06:40,27840548398,60,庆典筹备,关于我转生变成史莱姆这档事 第三季,113818915046008
七海海,53.827,1,16777215,2025-05-05 11:11:46,27840548398,60,庆典筹备,关于我转生变成史莱姆这档事 第三季,113818915046008
哈哈哈,1277.354,1,15772458,2025-05-05 11:04:31,27840548398,60,庆典筹备,关于我转生变成史莱姆这档事 第三季,113818915046008
工伤赔得多,600.447,1,16777215,2025-05-05 01:56:40,27840548398,60,庆典筹备,关于我转生变成史莱姆这档事 第三季,113818915046008
经典yoshida哈哈哈哈哈,216.87,1,16777215,2025-05-04 21:22:58,27840548398,60,庆典筹备,关于我转生变成史莱姆这档事 第三季,113818915046008
万年,1131.784,1,16777215,2025-05-04 08:46:26,27840548398,60,庆典筹备,关于我转生变成史莱姆这档事 第三季,113818915046008
麻花辫好米啊我靠,46.017,1,16777215,2025-05-02 23:04:40,27840548398,60,庆典筹备,关于我转生变成史莱姆这档事 第三季,113818915046008
光，闪来了,841.877,1,16777215,2025-05-02 13:52:45,27840548398,60,庆典筹备,关于我转生变成史莱姆这档事 第三季,113818915046008
玉子烧很好吃的,281.729,1,16777215,2025-05-02 12:35:29,27840548398,60,庆典筹备,关于我转生变成史莱姆这档事 第三季,113818915046008
基建番,1009.265,1,16777215,2025-05-02 11:52:38,27840548398,60,庆典筹备,关于我转生变成史莱姆这档事 第三季,113818915046008
萌诶萌诶啾！,264.381,1,16777215,2025-05-02 10:26:00,27840548398,60,庆典筹备,关于我转生变成史莱姆这档事 第三季,113818915046008
确实强欲,196.045,1,16777215,2025-05-02 10:24:16,27840548398,60,庆典筹备,关于我转生变成史莱姆这档事 第三季,113818915046008
可以开四面台,931.891,5,15138834,2025-05-01 21:34:02,27840548398,60,庆典筹备,关于我转生变成史莱姆这档事 第三季,113818915046008
马上回去,209.109,5,16777215,2025-05-01 19:29:01,27840548398,60,庆典筹备,关于我转生变成史莱姆这档事 第三季,113818915046008
好萌，抱死,1066.317,1,16777215,2025-05-01 01:48:48,27840548398,60,庆典筹备,关于我转生变成史莱姆这档事 第三季,113818915046008
利姆鲁大人这么做肯定是在考验我吧,1124.808,1,16777215,2025-04-30 23:43:16,27840548398,60,庆典筹备,关于我转生变成史莱姆这档事 第三季,113818915046008
和果子店是吧？,231.244,1,16777215,2025-04-30 17:29:51,27840548398,60,庆典筹备,关于我转生变成史莱姆这档事 第三季,113818915046008
绯红之王,815.78,1,16777215,2025-04-30 15:52:17,27840548398,60,庆典筹备,关于我转生变成史莱姆这档事 第三季,113818915046008
赛文,1392.74,1,16777215,2025-04-30 09:46:07,27840548398,60,庆典筹备,关于我转生变成史莱姆这档事 第三季,113818915046008
萌王降临,0.0,1,16777215,2025-04-30 01:56:21,27840548398,60,庆典筹备,关于我转生变成史莱姆这档事 第三季,113818915046008
精灵族？,339.208,1,16777215,2025-04-29 22:25:49,27840548398,60,庆典筹备,关于我转生变成史莱姆这档事 第三季,113818915046008
未来的吏部尚书,1090.707,1,16777215,2025-04-29 19:35:15,27840548398,60,庆典筹备,关于我转生变成史莱姆这档事 第三季,113818915046008
开国大典！,23.705,1,16777215,2025-04-29 11:57:45,27840548398,60,庆典筹备,关于我转生变成史莱姆这档事 第三季,113818915046008
只不过优点强人所难了，非要别人背井离乡嘛,275.597,1,16777215,2025-04-28 20:06:07,27840548398,60,庆典筹备,关于我转生变成史莱姆这档事 第三季,113818915046008
不是，这个侧面是认真的吗？,1178.677,1,16777215,2025-04-27 20:52:11,27840548398,60,庆典筹备,关于我转生变成史莱姆这档事 第三季,113818915046008
这集好玩，很爽,1025.17,1,16777215,2025-04-27 20:48:45,27840548398,60,庆典筹备,关于我转生变成史莱姆这档事 第三季,113818915046008
长了个奸臣脸的忠臣,509.255,1,16777215,2025-04-27 14:43:07,27840548398,60,庆典筹备,关于我转生变成史莱姆这档事 第三季,113818915046008
鲁德拉要来了,795.019,1,16777215,2025-04-27 03:47:10,27840548398,60,庆典筹备,关于我转生变成史莱姆这档事 第三季,113818915046008
我也想玩啊,15.698,5,16777215,2025-04-26 19:28:52,27840548398,60,庆典筹备,关于我转生变成史莱姆这档事 第三季,113818915046008
开会,1174.875,1,16777215,2025-04-26 17:58:51,27840548398,60,庆典筹备,关于我转生变成史莱姆这档事 第三季,113818915046008
毕竟老夫也不是什么恶魔,476.836,1,16777215,2025-04-26 12:36:25,27840548398,60,庆典筹备,关于我转生变成史莱姆这档事 第三季,113818915046008
外包,718.267,1,16777215,2025-04-26 12:19:14,27840548398,60,庆典筹备,关于我转生变成史莱姆这档事 第三季,113818915046008
至少这会比较有趣不是吗,1044.625,1,16777215,2025-04-26 11:59:03,27840548398,60,庆典筹备,关于我转生变成史莱姆这档事 第三季,113818915046008
画里的萌王好飒,456.677,1,16777215,2025-04-26 11:51:09,27840548398,60,庆典筹备,关于我转生变成史莱姆这档事 第三季,113818915046008
那确实，但凡换道菜，也可能是偷懒好画吧,283.515,1,16777215,2025-04-26 11:48:30,27840548398,60,庆典筹备,关于我转生变成史莱姆这档事 第三季,113818915046008
奥运村,999.223,1,16777215,2025-04-26 01:08:23,27840548398,60,庆典筹备,关于我转生变成史莱姆这档事 第三季,113818915046008
目前最好看的一集,1056.249,1,16777215,2025-04-25 20:53:09,27840548398,60,庆典筹备,关于我转生变成史莱姆这档事 第三季,113818915046008
可爱的葫王,1220.333,1,16777215,2025-04-25 12:49:21,27840548398,60,庆典筹备,关于我转生变成史莱姆这档事 第三季,113818915046008
触雷了,411.4,1,16777215,2025-04-25 12:25:12,27840548398,60,庆典筹备,关于我转生变成史莱姆这档事 第三季,113818915046008
这一季真的无聊,1145.349,1,16777215,2025-04-25 11:23:37,27840548398,60,庆典筹备,关于我转生变成史莱姆这档事 第三季,113818915046008
大藏省大臣,1183.961,1,16777215,2025-04-24 10:29:27,27840548398,60,庆典筹备,关于我转生变成史莱姆这档事 第三季,113818915046008
有点像海贼王里面那个哈哈哈,931.282,1,16777215,2025-04-23 21:11:36,27840548398,60,庆典筹备,关于我转生变成史莱姆这档事 第三季,113818915046008
开完会了，该开宴会了,21.904,1,16777215,2025-04-23 11:16:03,27840548398,60,庆典筹备,关于我转生变成史莱姆这档事 第三季,113818915046008
你脸红个泡泡茶壶啊,256.777,1,16777215,2025-04-23 10:18:32,27840548398,60,庆典筹备,关于我转生变成史莱姆这档事 第三季,113818915046008
果味饮料（？）,45.424,1,16777215,2025-04-21 23:31:49,27840548398,60,庆典筹备,关于我转生变成史莱姆这档事 第三季,113818915046008
最后听到了子子紫啧,1205.416,1,16777215,2025-04-21 18:54:39,27840548398,60,庆典筹备,关于我转生变成史莱姆这档事 第三季,113818915046008
Gaga,1188.094,1,16777215,2025-04-21 18:54:02,27840548398,60,庆典筹备,关于我转生变成史莱姆这档事 第三季,113818915046008
杨呀^__,1163.944,1,16777215,2025-04-21 18:53:29,27840548398,60,庆典筹备,关于我转生变成史莱姆这档事 第三季,113818915046008
日常开会,787.517,1,16777215,2025-04-21 09:57:03,27840548398,60,庆典筹备,关于我转生变成史莱姆这档事 第三季,113818915046008
忠诚！,1202.241,1,16777215,2025-04-21 09:05:04,27840548398,60,庆典筹备,关于我转生变成史莱姆这档事 第三季,113818915046008
喜欢宴会,5.098,1,16777215,2025-04-20 22:09:59,27840548398,60,庆典筹备,关于我转生变成史莱姆这档事 第三季,113818915046008
说实话，这集的会感觉比之前有意思,1028.236,1,16777215,2025-04-20 05:52:15,27840548398,60,庆典筹备,关于我转生变成史莱姆这档事 第三季,113818915046008
他要真是星龙王转世，不就是龙皇女的爹了吗,1375.63,1,16777215,2025-04-20 01:42:41,27840548398,60,庆典筹备,关于我转生变成史莱姆这档事 第三季,113818915046008
挖人开始,1171.764,1,16777215,2025-04-20 01:07:46,27840548398,60,庆典筹备,关于我转生变成史莱姆这档事 第三季,113818915046008
开始挖人了要,1053.624,1,16777215,2025-04-20 01:05:41,27840548398,60,庆典筹备,关于我转生变成史莱姆这档事 第三季,113818915046008
这个人也黑,497.484,1,16777215,2025-04-20 00:55:25,27840548398,60,庆典筹备,关于我转生变成史莱姆这档事 第三季,113818915046008
商业互夸哈哈,1066.328,1,16777215,2025-04-19 23:01:55,27840548398,60,庆典筹备,关于我转生变成史莱姆这档事 第三季,113818915046008
全吃了，等的就美人计哈哈,259.519,1,16777215,2025-04-19 22:48:28,27840548398,60,庆典筹备,关于我转生变成史莱姆这档事 第三季,113818915046008
这还真是被骗了还要帮人数钱啊,1361.963,1,16777215,2025-04-19 22:15:29,27840548398,60,庆典筹备,关于我转生变成史莱姆这档事 第三季,113818915046008
那么，答案只有一个了,1209.043,1,16777215,2025-04-19 16:41:05,27840548398,60,庆典筹备,关于我转生变成史莱姆这档事 第三季,113818915046008
萌王有点纯狱风,812.634,1,16777215,2025-04-18 17:46:04,27840548398,60,庆典筹备,关于我转生变成史莱姆这档事 第三季,113818915046008
スライムランド,701.603,1,16777215,2025-04-18 15:30:42,27840548398,60,庆典筹备,关于我转生变成史莱姆这档事 第三季,113818915046008
奸商交流,1147.991,1,16777215,2025-04-18 06:42:55,27840548398,60,庆典筹备,关于我转生变成史莱姆这档事 第三季,113818915046008
两个人也要开会，666啊,1100.999,1,16777215,2025-04-17 23:55:18,27840548398,60,庆典筹备,关于我转生变成史莱姆这档事 第三季,113818915046008
魔王的恩情还不完,1213.381,1,41194,2025-04-17 16:51:15,27840548398,60,庆典筹备,关于我转生变成史莱姆这档事 第三季,113818915046008
可以了，你目前的行为已经足够株连全国了,403.076,1,16777215,2025-04-17 16:33:30,27840548398,60,庆典筹备,关于我转生变成史莱姆这档事 第三季,113818915046008
劳务公司？还是职业培训学校？,520.344,1,16777215,2025-04-17 13:51:31,27840548398,60,庆典筹备,关于我转生变成史莱姆这档事 第三季,113818915046008
柏青哥,745.02,1,16777215,2025-04-17 10:30:12,27840548398,60,庆典筹备,关于我转生变成史莱姆这档事 第三季,113818915046008
《得加钱！》,604.225,1,16777215,2025-04-16 20:53:52,27840548398,60,庆典筹备,关于我转生变成史莱姆这档事 第三季,113818915046008
多好的一个创造就业机会的条件。,885.91,1,16777215,2025-04-16 19:33:39,27840548398,60,庆典筹备,关于我转生变成史莱姆这档事 第三季,113818915046008
我搁了药,277.828,1,16777215,2025-04-16 01:57:47,27840548398,60,庆典筹备,关于我转生变成史莱姆这档事 第三季,113818915046008
罗马斗兽场,878.439,1,16777215,2025-04-14 23:40:20,27840548398,60,庆典筹备,关于我转生变成史莱姆这档事 第三季,113818915046008
彩色的弹幕！,13.591,1,16777215,2025-04-14 20:39:45,27840548398,60,庆典筹备,关于我转生变成史莱姆这档事 第三季,113818915046008
这是斗兽场吧,945.455,1,16777215,2025-04-14 18:31:44,27840548398,60,庆典筹备,关于我转生变成史莱姆这档事 第三季,113818915046008
yo-ki-boy,1340.417,1,16777215,2025-04-14 18:06:06,27840548398,60,庆典筹备,关于我转生变成史莱姆这档事 第三季,113818915046008
喂我花生～,754.242,1,16777215,2025-04-14 13:46:12,27840548398,60,庆典筹备,关于我转生变成史莱姆这档事 第三季,113818915046008
竞技场只是吸引游客的手段，真正赚钱的是周边项目,994.998,1,16646914,2025-04-14 12:40:33,27840548398,60,庆典筹备,关于我转生变成史莱姆这档事 第三季,113818915046008
恩！情！,1209.254,1,16777215,2025-04-14 03:47:38,27840548398,60,庆典筹备,关于我转生变成史莱姆这档事 第三季,113818915046008
特别喜欢这集的这部分,336.488,1,16777215,2025-04-14 03:33:24,27840548398,60,庆典筹备,关于我转生变成史莱姆这档事 第三季,113818915046008
球类运动不多整点吗？,1003.745,1,16777215,2025-04-14 01:39:40,27840548398,60,庆典筹备,关于我转生变成史莱姆这档事 第三季,113818915046008
4条龙,154.268,1,16777215,2025-04-14 00:28:35,27840548398,60,庆典筹备,关于我转生变成史莱姆这档事 第三季,113818915046008
导师：调研一下这个idea,879.76,1,16777215,2025-04-14 00:09:54,27840548398,60,庆典筹备,关于我转生变成史莱姆这档事 第三季,113818915046008
赌场,1137.468,1,16777215,2025-04-13 23:54:38,27840548398,60,庆典筹备,关于我转生变成史莱姆这档事 第三季,113818915046008
迷宫,706.428,1,16777215,2025-04-13 23:47:24,27840548398,60,庆典筹备,关于我转生变成史莱姆这档事 第三季,113818915046008
萌王没有性别,647.908,1,16777215,2025-04-13 23:46:23,27840548398,60,庆典筹备,关于我转生变成史莱姆这档事 第三季,113818915046008
KFC,527.688,1,16777215,2025-04-13 23:44:08,27840548398,60,庆典筹备,关于我转生变成史莱姆这档事 第三季,113818915046008
萌王救过他,461.428,1,16777215,2025-04-13 23:42:51,27840548398,60,庆典筹备,关于我转生变成史莱姆这档事 第三季,113818915046008
鲜榨果汁,27.751,1,16777215,2025-04-13 23:36:58,27840548398,60,庆典筹备,关于我转生变成史莱姆这档事 第三季,113818915046008
还要风俗娘啊！！！,737.434,1,16777215,2025-04-13 16:02:11,27840548398,60,庆典筹备,关于我转生变成史莱姆这档事 第三季,113818915046008
赌场,733.426,1,16777215,2025-04-13 01:51:06,27840548398,60,庆典筹备,关于我转生变成史莱姆这档事 第三季,113818915046008
建个方特游乐园,738.692,1,16777215,2025-04-13 01:32:34,27840548398,60,庆典筹备,关于我转生变成史莱姆这档事 第三季,113818915046008
开会,7.923,5,16777215,2025-04-13 00:59:55,27840548398,60,庆典筹备,关于我转生变成史莱姆这档事 第三季,113818915046008
华强？,244.711,1,16777215,2025-04-12 23:08:19,27840548398,60,庆典筹备,关于我转生变成史莱姆这档事 第三季,113818915046008
他还得谢谢咱呢,1347.419,1,16777215,2025-04-12 21:32:46,27840548398,60,庆典筹备,关于我转生变成史莱姆这档事 第三季,113818915046008
151位同学开会了,36.68,1,16707842,2025-04-12 20:40:00,27840548398,60,庆典筹备,关于我转生变成史莱姆这档事 第三季,113818915046008
吉祥物出场,814.691,1,16777215,2025-04-12 20:04:48,27840548398,60,庆典筹备,关于我转生变成史莱姆这档事 第三季,113818915046008
看我干嘛,528.913,1,16777215,2025-04-12 13:35:52,27840548398,60,庆典筹备,关于我转生变成史莱姆这档事 第三季,113818915046008
一闪而过的素晴,1156.865,1,16777215,2025-04-12 13:06:53,27840548398,60,庆典筹备,关于我转生变成史莱姆这档事 第三季,113818915046008
一脸坏人,1069.171,1,16777215,2025-04-12 05:46:23,27840548398,60,庆典筹备,关于我转生变成史莱姆这档事 第三季,113818915046008
敢死队,589.427,1,16777215,2025-04-12 05:42:09,27840548398,60,庆典筹备,关于我转生变成史莱姆这档事 第三季,113818915046008
突然心碎了,1106.245,1,16777215,2025-04-12 04:05:22,27840548398,60,庆典筹备,关于我转生变成史莱姆这档事 第三季,113818915046008
不要请那几个小害吗,1381.406,1,16777215,2025-04-12 01:18:58,27840548398,60,庆典筹备,关于我转生变成史莱姆这档事 第三季,113818915046008
旁边一个舒婷男,420.953,5,16765698,2025-04-11 22:48:09,27840548398,60,庆典筹备,关于我转生变成史莱姆这档事 第三季,113818915046008
会议开始,33.218,5,16777215,2025-04-11 15:34:00,27840548398,60,庆典筹备,关于我转生变成史莱姆这档事 第三季,113818915046008
kono维鲁多拉da！,570.947,1,16707842,2025-04-11 08:29:29,27840548398,60,庆典筹备,关于我转生变成史莱姆这档事 第三季,113818915046008
kono,572.657,1,16777215,2025-04-11 08:29:09,27840548398,60,庆典筹备,关于我转生变成史莱姆这档事 第三季,113818915046008
来哩,14.151,1,16777215,2025-04-10 18:04:46,27840548398,60,庆典筹备,关于我转生变成史莱姆这档事 第三季,113818915046008
奇观误国啊萌王,960.961,1,16777215,2025-04-10 12:35:41,27840548398,60,庆典筹备,关于我转生变成史莱姆这档事 第三季,113818915046008
这个才是大boss,799.802,1,16777215,2025-04-10 01:05:15,27840548398,60,庆典筹备,关于我转生变成史莱姆这档事 第三季,113818915046008
吉田先生也是穿越者呢,249.278,5,16777215,2025-04-10 01:04:22,27840548398,60,庆典筹备,关于我转生变成史莱姆这档事 第三季,113818915046008
乾和蔬菜汁,56.42,1,16777215,2025-04-10 00:53:46,27840548398,60,庆典筹备,关于我转生变成史莱姆这档事 第三季,113818915046008
话说猪猪应该还剩10万的吧,890.668,1,16777215,2025-04-09 22:34:16,27840548398,60,庆典筹备,关于我转生变成史莱姆这档事 第三季,113818915046008
经济多元化,766.433,1,16777215,2025-04-09 22:32:06,27840548398,60,庆典筹备,关于我转生变成史莱姆这档事 第三季,113818915046008
你们两个开小会开了半集了,992.378,1,16777215,2025-04-09 22:15:48,27840548398,60,庆典筹备,关于我转生变成史莱姆这档事 第三季,113818915046008
你一个大叔为什么会有这种姿势,862.739,1,16777215,2025-04-09 22:14:04,27840548398,60,庆典筹备,关于我转生变成史莱姆这档事 第三季,113818915046008
麻将啊，不发明麻将吗,774.069,1,16777215,2025-04-09 22:12:53,27840548398,60,庆典筹备,关于我转生变成史莱姆这档事 第三季,113818915046008
产业链,1152.41,1,16777215,2025-04-09 20:27:14,27840548398,60,庆典筹备,关于我转生变成史莱姆这档事 第三季,113818915046008
忠！诚！,1196.349,1,16777215,2025-04-09 19:39:51,27840548398,60,庆典筹备,关于我转生变成史莱姆这档事 第三季,113818915046008
科比：原来爱会消失,1183.908,1,16777215,2025-04-09 07:59:40,27840548398,60,庆典筹备,关于我转生变成史莱姆这档事 第三季,113818915046008
你这究竟是公有还是私有啊（雾,1186.802,1,16777215,2025-04-09 01:55:55,27840548398,60,庆典筹备,关于我转生变成史莱姆这档事 第三季,113818915046008
怎么感觉越来越没意思了？除了开会就是散会，除了散会就是开会,22.711,1,15138834,2025-04-08 22:08:22,27840548398,60,庆典筹备,关于我转生变成史莱姆这档事 第三季,113818915046008
小说从哪看呢,1048.007,1,16777215,2025-04-08 22:01:56,27840548398,60,庆典筹备,关于我转生变成史莱姆这档事 第三季,113818915046008
好老板啊,610.11,1,16777215,2025-04-08 20:16:58,27840548398,60,庆典筹备,关于我转生变成史莱姆这档事 第三季,113818915046008
聒噪,445.015,1,16777215,2025-04-08 07:45:12,27840548398,60,庆典筹备,关于我转生变成史莱姆这档事 第三季,113818915046008
准备第三场会,1298.793,1,16777215,2025-04-07 23:56:24,27840548398,60,庆典筹备,关于我转生变成史莱姆这档事 第三季,113818915046008
单马尾,46.88,1,16777215,2025-04-07 23:43:17,27840548398,60,庆典筹备,关于我转生变成史莱姆这档事 第三季,113818915046008
给编制,1194.745,1,16777215,2025-04-07 23:25:02,27840548398,60,庆典筹备,关于我转生变成史莱姆这档事 第三季,113818915046008
魔物主题乐园吗哈哈哈哈,767.679,1,16777215,2025-04-07 12:01:09,27840548398,60,庆典筹备,关于我转生变成史莱姆这档事 第三季,113818915046008
好家伙 趁机赶走了哈哈哈,420.871,1,16777215,2025-04-07 11:55:31,27840548398,60,庆典筹备,关于我转生变成史莱姆这档事 第三季,113818915046008
啊？？,752.357,1,16777215,2025-04-07 03:05:42,27840548398,60,庆典筹备,关于我转生变成史莱姆这档事 第三季,113818915046008
这能捞一大笔钱,1019.54,1,16777215,2025-04-07 00:54:46,27840548398,60,庆典筹备,关于我转生变成史莱姆这档事 第三季,113818915046008
活该他赚钱,699.284,1,16777215,2025-04-07 00:49:14,27840548398,60,庆典筹备,关于我转生变成史莱姆这档事 第三季,113818915046008
加入利姆露教吧!,672.665,1,16777215,2025-04-06 22:28:41,27840548398,60,庆典筹备,关于我转生变成史莱姆这档事 第三季,113818915046008
开会,13.445,1,16777215,2025-04-06 20:58:04,27840548398,60,庆典筹备,关于我转生变成史莱姆这档事 第三季,113818915046008
上线开会,12.525,1,16707842,2025-04-06 20:21:42,27840548398,60,庆典筹备,关于我转生变成史莱姆这档事 第三季,113818915046008
这个羊驼的声音，我记得好久,85.327,1,16777215,2025-04-06 20:01:09,27840548398,60,庆典筹备,关于我转生变成史莱姆这档事 第三季,113818915046008
马尾欸,864.289,1,41194,2025-04-06 11:47:13,27840548398,60,庆典筹备,关于我转生变成史莱姆这档事 第三季,113818915046008
火影里的慈弦是他配的吧,54.377,1,16777215,2025-04-06 11:35:49,27840548398,60,庆典筹备,关于我转生变成史莱姆这档事 第三季,113818915046008
端上来吧 厨师：美味！,250.622,5,16777215,2025-04-06 07:41:39,27840548398,60,庆典筹备,关于我转生变成史莱姆这档事 第三季,113818915046008
步豪！,407.767,5,16707842,2025-04-06 03:09:06,27840548398,60,庆典筹备,关于我转生变成史莱姆这档事 第三季,113818915046008
古烈,1086.004,1,16777215,2025-04-06 02:02:35,27840548398,60,庆典筹备,关于我转生变成史莱姆这档事 第三季,113818915046008
闪光，你抓不住,834.334,1,16777215,2025-04-06 00:53:14,27840548398,60,庆典筹备,关于我转生变成史莱姆这档事 第三季,113818915046008
卧槽，古烈,420.405,1,16777215,2025-04-05 12:40:45,27840548398,60,庆典筹备,关于我转生变成史莱姆这档事 第三季,113818915046008
这人的故事单独只能写一篇日常番,227.693,1,16777215,2025-04-05 08:46:59,27840548398,60,庆典筹备,关于我转生变成史莱姆这档事 第三季,113818915046008
笑拉了,1119.699,1,16777215,2025-04-04 21:58:15,27840548398,60,庆典筹备,关于我转生变成史莱姆这档事 第三季,113818915046008
我的天哪,880.377,1,16777215,2025-04-04 21:55:44,27840548398,60,庆典筹备,关于我转生变成史莱姆这档事 第三季,113818915046008
我有点想看那5个学生了,679.44,1,16777215,2025-04-04 18:22:33,27840548398,60,庆典筹备,关于我转生变成史莱姆这档事 第三季,113818915046008
不发明个打印机吗？,26.411,1,16777215,2025-04-04 18:07:20,27840548398,60,庆典筹备,关于我转生变成史莱姆这档事 第三季,113818915046008
奸商密谈,1168.326,1,16777215,2025-04-03 16:56:27,27840548398,60,庆典筹备,关于我转生变成史莱姆这档事 第三季,113818915046008
说话语气都变了,67.691,1,16777215,2025-04-03 13:08:14,27840548398,60,庆典筹备,关于我转生变成史莱姆这档事 第三季,113818915046008
路走宽了,656.868,1,16777215,2025-04-03 09:30:40,27840548398,60,庆典筹备,关于我转生变成史莱姆这档事 第三季,113818915046008
啊那确实,1228.997,1,16777215,2025-04-03 03:07:32,27840548398,60,庆典筹备,关于我转生变成史莱姆这档事 第三季,113818915046008
孬！是黄毛,578.228,1,15772458,2025-04-02 23:38:51,27840548398,60,庆典筹备,关于我转生变成史莱姆这档事 第三季,113818915046008
哈哈哈哈哈哈,572.622,1,16777215,2025-04-02 22:00:06,27840548398,60,庆典筹备,关于我转生变成史莱姆这档事 第三季,113818915046008
好可爱啊,543.657,1,16777215,2025-04-02 21:59:33,27840548398,60,庆典筹备,关于我转生变成史莱姆这档事 第三季,113818915046008
朱菜对我一心一意！,111.186,1,16777215,2025-04-02 20:42:58,27840548398,60,庆典筹备,关于我转生变成史莱姆这档事 第三季,113818915046008
德雷斯罗萨,1029.526,1,16777215,2025-04-02 17:04:23,27840548398,60,庆典筹备,关于我转生变成史莱姆这档事 第三季,113818915046008
迷宫,787.687,1,16777215,2025-04-02 12:25:09,27840548398,60,庆典筹备,关于我转生变成史莱姆这档事 第三季,113818915046008
津叔,51.004,1,16777215,2025-04-02 08:33:48,27840548398,60,庆典筹备,关于我转生变成史莱姆这档事 第三季,113818915046008
珈百璃开口了,13.92,1,16777215,2025-04-01 19:50:40,27840548398,60,庆典筹备,关于我转生变成史莱姆这档事 第三季,113818915046008
忠！诚！,1195.626,5,16777215,2025-04-01 17:16:35,27840548398,60,庆典筹备,关于我转生变成史莱姆这档事 第三季,113818915046008
开会开始,12.889,1,16777215,2025-04-01 15:30:15,27840548398,60,庆典筹备,关于我转生变成史莱姆这档事 第三季,113818915046008
我吃,237.991,5,16777215,2025-04-01 13:50:04,27840548398,60,庆典筹备,关于我转生变成史莱姆这档事 第三季,113818915046008
啊 ，绿了,64.489,1,16777215,2025-04-01 10:14:18,27840548398,60,庆典筹备,关于我转生变成史莱姆这档事 第三季,113818915046008
步号,1356.854,5,16777215,2025-04-01 01:38:55,27840548398,60,庆典筹备,关于我转生变成史莱姆这档事 第三季,113818915046008
我绿了,61.987,1,16777215,2025-04-01 01:06:58,27840548398,60,庆典筹备,关于我转生变成史莱姆这档事 第三季,113818915046008
体育馆？,932.388,1,16777215,2025-04-01 00:52:22,27840548398,60,庆典筹备,关于我转生变成史莱姆这档事 第三季,113818915046008
现在开始延长产业链了,1157.527,1,16777215,2025-04-01 00:35:45,27840548398,60,庆典筹备,关于我转生变成史莱姆这档事 第三季,113818915046008
发展旅游业啊,712.597,1,16777215,2025-03-31 23:10:41,27840548398,60,庆典筹备,关于我转生变成史莱姆这档事 第三季,113818915046008
这俩人真的乐,1156.887,1,16777215,2025-03-31 23:00:43,27840548398,60,庆典筹备,关于我转生变成史莱姆这档事 第三季,113818915046008
天空龙？,748.102,1,16777215,2025-03-31 18:39:55,27840548398,60,庆典筹备,关于我转生变成史莱姆这档事 第三季,113818915046008
开会,689.569,5,16777215,2025-03-31 12:58:51,27840548398,60,庆典筹备,关于我转生变成史莱姆这档事 第三季,113818915046008
台球,713.61,1,16777215,2025-03-31 09:24:31,27840548398,60,庆典筹备,关于我转生变成史莱姆这档事 第三季,113818915046008
装王附体,1121.837,1,16777215,2025-03-31 08:40:09,27840548398,60,庆典筹备,关于我转生变成史莱姆这档事 第三季,113818915046008
食戟之灵,247.773,1,16777215,2025-03-31 08:31:41,27840548398,60,庆典筹备,关于我转生变成史莱姆这档事 第三季,113818915046008
别开会了开的我一个头两个大,1045.128,1,16777215,2025-03-31 00:37:00,27840548398,60,庆典筹备,关于我转生变成史莱姆这档事 第三季,113818915046008
番外吗这集,262.941,1,16777215,2025-03-30 22:06:23,27840548398,60,庆典筹备,关于我转生变成史莱姆这档事 第三季,113818915046008
掌握核心科技,47.102,1,16777215,2025-03-30 18:54:55,27840548398,60,庆典筹备,关于我转生变成史莱姆这档事 第三季,113818915046008
古列你好,434.367,1,16777215,2025-03-30 14:54:59,27840548398,60,庆典筹备,关于我转生变成史莱姆这档事 第三季,113818915046008
啥时候出的我靠,8.54,1,16777215,2025-03-30 09:27:49,27840548398,60,庆典筹备,关于我转生变成史莱姆这档事 第三季,113818915046008
把人哄成胎盘了,1058.626,1,16777215,2025-03-30 04:28:27,27840548398,60,庆典筹备,关于我转生变成史莱姆这档事 第三季,113818915046008
《清仓大甩卖》,1138.375,1,16777215,2025-03-30 02:11:43,27840548398,60,庆典筹备,关于我转生变成史莱姆这档事 第三季,113818915046008
给我来张挂票,939.427,1,16777215,2025-03-29 23:30:33,27840548398,60,庆典筹备,关于我转生变成史莱姆这档事 第三季,113818915046008
红丸！,1430.806,1,15138834,2025-03-29 22:54:07,27840548398,60,庆典筹备,关于我转生变成史莱姆这档事 第三季,113818915046008
哈哈哈哈哈哈,12.491,1,16777215,2025-03-29 22:40:12,27840548398,60,庆典筹备,关于我转生变成史莱姆这档事 第三季,113818915046008
我的房间有些好康的,883.845,5,16777215,2025-03-29 19:59:03,27840548398,60,庆典筹备,关于我转生变成史莱姆这档事 第三季,113818915046008
但是利姆鲁色,1363.194,1,16777215,2025-03-29 12:25:25,27840548398,60,庆典筹备,关于我转生变成史莱姆这档事 第三季,113818915046008
开会,39.101,1,16777215,2025-03-29 11:43:55,27840548398,60,庆典筹备,关于我转生变成史莱姆这档事 第三季,113818915046008
萌王这打扮太可爱了！！,1062.628,1,16777215,2025-03-29 10:02:13,27840548398,60,庆典筹备,关于我转生变成史莱姆这档事 第三季,113818915046008
这张油画好美,453.194,1,16777215,2025-03-29 09:50:58,27840548398,60,庆典筹备,关于我转生变成史莱姆这档事 第三季,113818915046008
紫苑的活动啊....,85.265,1,16777215,2025-03-29 08:10:59,27840548398,60,庆典筹备,关于我转生变成史莱姆这档事 第三季,113818915046008
彩票都出来了,1149.871,1,16777215,2025-03-29 00:50:15,27840548398,60,庆典筹备,关于我转生变成史莱姆这档事 第三季,113818915046008
彩票斗出来了,1139.951,1,16777215,2025-03-29 00:49:57,27840548398,60,庆典筹备,关于我转生变成史莱姆这档事 第三季,113818915046008
天下武道大会,866.412,1,16777215,2025-03-29 00:41:48,27840548398,60,庆典筹备,关于我转生变成史莱姆这档事 第三季,113818915046008
开个动物园,734.932,1,16777215,2025-03-29 00:39:02,27840548398,60,庆典筹备,关于我转生变成史莱姆这档事 第三季,113818915046008
快餐店,506.492,1,16777215,2025-03-29 00:35:02,27840548398,60,庆典筹备,关于我转生变成史莱姆这档事 第三季,113818915046008
国际会议,27.119,1,16777215,2025-03-29 00:26:36,27840548398,60,庆典筹备,关于我转生变成史莱姆这档事 第三季,113818915046008
可以顺便开演唱会，顺便打造国民偶像团,925.978,1,16777215,2025-03-29 00:14:51,27840548398,60,庆典筹备,关于我转生变成史莱姆这档事 第三季,113818915046008
深谋远虑,1131.028,1,16777215,2025-03-28 23:36:27,27840548398,60,庆典筹备,关于我转生变成史莱姆这档事 第三季,113818915046008
建一个史莱姆交响乐团。,796.459,1,16777215,2025-03-28 22:20:11,27840548398,60,庆典筹备,关于我转生变成史莱姆这档事 第三季,113818915046008
开会！,19.794,1,16777215,2025-03-28 21:14:10,27840548398,60,庆典筹备,关于我转生变成史莱姆这档事 第三季,113818915046008
忠！诚！,1207.824,1,16777215,2025-03-28 11:22:45,27840548398,60,庆典筹备,关于我转生变成史莱姆这档事 第三季,113818915046008
布豪！,83.184,1,16777215,2025-03-28 09:45:12,27840548398,60,庆典筹备,关于我转生变成史莱姆这档事 第三季,113818915046008
开会模拟器,10.121,5,16777215,2025-03-27 22:16:33,27840548398,60,庆典筹备,关于我转生变成史莱姆这档事 第三季,113818915046008
相当于你叫我去地震高发区建房子,619.128,1,16777215,2025-03-27 21:19:29,27840548398,60,庆典筹备,关于我转生变成史莱姆这档事 第三季,113818915046008
台球麻将,774.104,1,16777215,2025-03-27 19:53:36,27840548398,60,庆典筹备,关于我转生变成史莱姆这档事 第三季,113818915046008
土木老哥来活了,948.737,1,16777215,2025-03-27 06:03:39,27840548398,60,庆典筹备,关于我转生变成史莱姆这档事 第三季,113818915046008
卡扎克当时是不是想把利姆露也卖去夜店,463.009,1,16777215,2025-03-27 01:44:09,27840548398,60,庆典筹备,关于我转生变成史莱姆这档事 第三季,113818915046008
king,827.1,1,16777215,2025-03-26 18:51:22,27840548398,60,庆典筹备,关于我转生变成史莱姆这档事 第三季,113818915046008
再次参会,0.431,1,16777215,2025-03-26 13:21:09,27840548398,60,庆典筹备,关于我转生变成史莱姆这档事 第三季,113818915046008
靠经济征,1135.405,1,16777215,2025-03-26 12:52:56,27840548398,60,庆典筹备,关于我转生变成史莱姆这档事 第三季,113818915046008
105人出来,570.646,1,16777215,2025-03-26 12:15:31,27840548398,60,庆典筹备,关于我转生变成史莱姆这档事 第三季,113818915046008
猎空是吧,835.057,1,16777215,2025-03-26 11:31:04,27840548398,60,庆典筹备,关于我转生变成史莱姆这档事 第三季,113818915046008
=、、,276.0,1,16777215,2025-03-26 10:27:28,27840548398,60,庆典筹备,关于我转生变成史莱姆这档事 第三季,113818915046008
美丽的魔物公主,1054.944,1,16777215,2025-03-26 00:54:00,27840548398,60,庆典筹备,关于我转生变成史莱姆这档事 第三季,113818915046008
突然闯进个街霸？,427.071,1,14811775,2025-03-25 23:05:13,27840548398,60,庆典筹备,关于我转生变成史莱姆这档事 第三季,113818915046008
要是被紫苑征服了可怎么办,267.541,1,16777215,2025-03-25 23:02:00,27840548398,60,庆典筹备,关于我转生变成史莱姆这档事 第三季,113818915046008
天下第一武道大会,813.497,1,16777215,2025-03-25 21:48:55,27840548398,60,庆典筹备,关于我转生变成史莱姆这档事 第三季,113818915046008
收编了,1168.553,1,16777215,2025-03-25 18:34:19,27840548398,60,庆典筹备,关于我转生变成史莱姆这档事 第三季,113818915046008
这个就不需要什么业务能力了吧,528.936,1,16777215,2025-03-25 11:45:44,27840548398,60,庆典筹备,关于我转生变成史莱姆这档事 第三季,113818915046008
还行吧这op,158.29,1,16777215,2025-03-25 11:37:54,27840548398,60,庆典筹备,关于我转生变成史莱姆这档事 第三季,113818915046008
路走宽了,422.51,1,16777215,2025-03-25 07:33:07,27840548398,60,庆典筹备,关于我转生变成史莱姆这档事 第三季,113818915046008
厨艺大赛就完了,85.978,1,16777215,2025-03-25 05:09:43,27840548398,60,庆典筹备,关于我转生变成史莱姆这档事 第三季,113818915046008
打麻将,771.785,1,16777215,2025-03-25 01:42:30,27840548398,60,庆典筹备,关于我转生变成史莱姆这档事 第三季,113818915046008
食人鼠,299.08,5,16777215,2025-03-25 01:35:17,27840548398,60,庆典筹备,关于我转生变成史莱姆这档事 第三季,113818915046008
忠！诚！,1196.112,1,16777215,2025-03-25 00:12:24,27840548398,60,庆典筹备,关于我转生变成史莱姆这档事 第三季,113818915046008
转正了,1196.069,1,16777215,2025-03-24 18:56:59,27840548398,60,庆典筹备,关于我转生变成史莱姆这档事 第三季,113818915046008
叫骨王和武王也来,817.28,1,16777215,2025-03-24 18:56:02,27840548398,60,庆典筹备,关于我转生变成史莱姆这档事 第三季,113818915046008
绝对是超多料理,85.766,1,16777215,2025-03-24 16:57:50,27840548398,60,庆典筹备,关于我转生变成史莱姆这档事 第三季,113818915046008
我现在也没钱给你起钟aq,845.309,1,16777215,2025-03-24 00:54:56,27840548398,60,庆典筹备,关于我转生变成史莱姆这档事 第三季,113818915046008
我也想听，为什么不给我听,817.408,1,16777215,2025-03-23 23:13:54,27840548398,60,庆典筹备,关于我转生变成史莱姆这档事 第三季,113818915046008
转场好棒啊,142.358,1,16777215,2025-03-23 21:31:29,27840548398,60,庆典筹备,关于我转生变成史莱姆这档事 第三季,113818915046008
存了一整季，结果全是开会,734.335,1,16777215,2025-03-23 20:37:46,27840548398,60,庆典筹备,关于我转生变成史莱姆这档事 第三季,113818915046008
+-,1285.61,1,16777215,2025-03-23 17:57:20,27840548398,60,庆典筹备,关于我转生变成史莱姆这档事 第三季,113818915046008
啊？,281.264,1,16777215,2025-03-23 14:54:10,27840548398,60,庆典筹备,关于我转生变成史莱姆这档事 第三季,113818915046008
这个果子汁水可多了,25.312,1,16777215,2025-03-23 10:26:18,27840548398,60,庆典筹备,关于我转生变成史莱姆这档事 第三季,113818915046008
哦？mm唱吗,732.354,5,16777215,2025-03-23 07:59:43,27840548398,60,庆典筹备,关于我转生变成史莱姆这档事 第三季,113818915046008
财务省,1179.013,1,16777215,2025-03-23 02:28:04,27840548398,60,庆典筹备,关于我转生变成史莱姆这档事 第三季,113818915046008
哈哈哈哈,592.316,1,16777215,2025-03-22 21:55:39,27840548398,60,庆典筹备,关于我转生变成史莱姆这档事 第三季,113818915046008
镰刀火漆？,1362.243,5,16777215,2025-03-22 21:23:13,27840548398,60,庆典筹备,关于我转生变成史莱姆这档事 第三季,113818915046008
头脑风暴。。。,1148.029,1,16777215,2025-03-22 18:24:22,27840548398,60,庆典筹备,关于我转生变成史莱姆这档事 第三季,113818915046008
太奸了吧！,1143.389,5,16776960,2025-03-22 17:49:32,27840548398,60,庆典筹备,关于我转生变成史莱姆这档事 第三季,113818915046008
什么安家费，我觉得是丧葬费。。。,645.142,1,16777215,2025-03-22 14:44:18,27840548398,60,庆典筹备,关于我转生变成史莱姆这档事 第三季,113818915046008
开始搞黑灰产了是吧,325.445,1,16777215,2025-03-22 13:08:12,27840548398,60,庆典筹备,关于我转生变成史莱姆这档事 第三季,113818915046008
096?,1221.049,1,16777215,2025-03-22 10:03:43,27840548398,60,庆典筹备,关于我转生变成史莱姆这档事 第三季,113818915046008
这个商人长得好像爱丽丝梦游仙境的猫,939.569,1,16777215,2025-03-22 05:07:28,27840548398,60,庆典筹备,关于我转生变成史莱姆这档事 第三季,113818915046008
条过半,683.937,1,16777215,2025-03-21 19:08:56,27840548398,60,庆典筹备,关于我转生变成史莱姆这档事 第三季,113818915046008
美丽的魔国公主,454.636,1,16777215,2025-03-21 13:37:56,27840548398,60,庆典筹备,关于我转生变成史莱姆这档事 第三季,113818915046008
我对朱菜一心一意,239.188,5,16777215,2025-03-21 02:37:38,27840548398,60,庆典筹备,关于我转生变成史莱姆这档事 第三季,113818915046008
我太想进步了,1207.72,1,16777215,2025-03-20 23:04:43,27840548398,60,庆典筹备,关于我转生变成史莱姆这档事 第三季,113818915046008
图穷匕见,1168.615,1,16777215,2025-03-20 22:12:57,27840548398,60,庆典筹备,关于我转生变成史莱姆这档事 第三季,113818915046008
玉子烧就震惊了吗,278.832,1,16777215,2025-03-20 21:40:07,27840548398,60,庆典筹备,关于我转生变成史莱姆这档事 第三季,113818915046008
开会开会,541.373,1,16777215,2025-03-20 21:01:42,27840548398,60,庆典筹备,关于我转生变成史莱姆这档事 第三季,113818915046008
吃史餐厅,545.103,1,16777215,2025-03-20 13:03:18,27840548398,60,庆典筹备,关于我转生变成史莱姆这档事 第三季,113818915046008
我嘞个,650.086,1,16777215,2025-03-20 02:55:48,27840548398,60,庆典筹备,关于我转生变成史莱姆这档事 第三季,113818915046008
我的发,573.966,1,16777215,2025-03-20 02:54:21,27840548398,60,庆典筹备,关于我转生变成史莱姆这档事 第三季,113818915046008
他就是想玩,787.813,1,16777215,2025-03-19 23:08:09,27840548398,60,庆典筹备,关于我转生变成史莱姆这档事 第三季,113818915046008
猎物:为我花生 ,757.001,1,16777215,2025-03-19 22:29:55,27840548398,60,庆典筹备,关于我转生变成史莱姆这档事 第三季,113818915046008
瑞士卷,271.676,1,16777215,2025-03-19 20:13:05,27840548398,60,庆典筹备,关于我转生变成史莱姆这档事 第三季,113818915046008
wc，这个套话技术,331.546,5,16777215,2025-03-19 12:48:27,27840548398,60,庆典筹备,关于我转生变成史莱姆这档事 第三季,113818915046008
闪光你抓不住,821.692,1,16777215,2025-03-19 12:18:17,27840548398,60,庆典筹备,关于我转生变成史莱姆这档事 第三季,113818915046008
异世农家乐,801.312,1,16777215,2025-03-19 12:09:35,27840548398,60,庆典筹备,关于我转生变成史莱姆这档事 第三季,113818915046008
毕竟是科学家,71.596,1,16777215,2025-03-19 01:55:51,27840548398,60,庆典筹备,关于我转生变成史莱姆这档事 第三季,113818915046008
一定要过啊，求求你了,688.986,1,16777215,2025-03-19 01:36:10,27840548398,60,庆典筹备,关于我转生变成史莱姆这档事 第三季,113818915046008
小路变马路,1208.265,1,16777215,2025-03-19 00:08:46,27840548398,60,庆典筹备,关于我转生变成史莱姆这档事 第三季,113818915046008
哇咔咔咔,898.127,1,16777215,2025-03-18 23:40:32,27840548398,60,庆典筹备,关于我转生变成史莱姆这档事 第三季,113818915046008
阿斯兰撒拉，出击！,3.231,1,16777215,2025-03-18 03:03:55,27840548398,60,庆典筹备,关于我转生变成史莱姆这档事 第三季,113818915046008
开会签到,15.261,1,16777215,2025-03-17 21:24:20,27840548398,60,庆典筹备,关于我转生变成史莱姆这档事 第三季,113818915046008
不能细讲讲吗,818.817,1,16777215,2025-03-17 21:08:17,27840548398,60,庆典筹备,关于我转生变成史莱姆这档事 第三季,113818915046008
超人吉田（,217.362,1,16777215,2025-03-17 20:19:17,27840548398,60,庆典筹备,关于我转生变成史莱姆这档事 第三季,113818915046008
\0/\0/\0/\0/\0/\0/\0/\0/\0/\0/\0/\0/\0/\0/\0/\0/\0/\0/\0/\0/\0/\0/\0/\0/\0/\0/\0/\0/\0/\0/\0/,900.904,1,41194,2025-03-17 19:29:58,27840548398,60,庆典筹备,关于我转生变成史莱姆这档事 第三季,113818915046008
诏安,1212.959,1,16777215,2025-03-17 12:15:31,27840548398,60,庆典筹备,关于我转生变成史莱姆这档事 第三季,113818915046008
那必须有赌场啊,732.967,1,16777215,2025-03-17 06:30:32,27840548398,60,庆典筹备,关于我转生变成史莱姆这档事 第三季,113818915046008
萌fc,556.173,1,16777215,2025-03-16 19:53:15,27840548398,60,庆典筹备,关于我转生变成史莱姆这档事 第三季,113818915046008
kfc,543.211,1,16777215,2025-03-16 12:55:19,27840548398,60,庆典筹备,关于我转生变成史莱姆这档事 第三季,113818915046008
被骗了还帮别人数钱,1352.632,1,16777215,2025-03-16 09:09:17,27840548398,60,庆典筹备,关于我转生变成史莱姆这档事 第三季,113818915046008
我不知道啊我玩太刀的,747.807,1,16777215,2025-03-16 03:39:59,27840548398,60,庆典筹备,关于我转生变成史莱姆这档事 第三季,113818915046008
现在有人吗,553.357,5,16777215,2025-03-16 03:32:47,27840548398,60,庆典筹备,关于我转生变成史莱姆这档事 第三季,113818915046008
配套产业发展啊,1166.459,1,16777215,2025-03-16 02:51:25,27840548398,60,庆典筹备,关于我转生变成史莱姆这档事 第三季,113818915046008
户部尚书,1191.412,1,16777215,2025-03-15 22:37:45,27840548398,60,庆典筹备,关于我转生变成史莱姆这档事 第三季,113818915046008
妖尾龙王祭啊,1041.341,1,16777215,2025-03-15 22:35:50,27840548398,60,庆典筹备,关于我转生变成史莱姆这档事 第三季,113818915046008
龙王祭,1038.135,1,16777215,2025-03-15 22:35:35,27840548398,60,庆典筹备,关于我转生变成史莱姆这档事 第三季,113818915046008
拍电影,851.412,1,16777215,2025-03-15 20:52:38,27840548398,60,庆典筹备,关于我转生变成史莱姆这档事 第三季,113818915046008
阿玛特拉斯,1240.741,1,16777215,2025-03-15 19:55:41,27840548398,60,庆典筹备,关于我转生变成史莱姆这档事 第三季,113818915046008
迷宫饭？,763.597,1,16777215,2025-03-15 16:49:10,27840548398,60,庆典筹备,关于我转生变成史莱姆这档事 第三季,113818915046008
哈哈哈哈哈哈哈哈哈偷点子了,1159.208,1,16777215,2025-03-15 16:38:27,27840548398,60,庆典筹备,关于我转生变成史莱姆这档事 第三季,113818915046008
古罗马斗兽场,931.698,1,16777215,2025-03-15 16:25:34,27840548398,60,庆典筹备,关于我转生变成史莱姆这档事 第三季,113818915046008
嘴里的瓜子瞬间不香了,545.716,1,16777215,2025-03-15 12:29:01,27840548398,60,庆典筹备,关于我转生变成史莱姆这档事 第三季,113818915046008
伯纳乌球场,925.991,1,16777215,2025-03-15 10:45:19,27840548398,60,庆典筹备,关于我转生变成史莱姆这档事 第三季,113818915046008
迷宫!,751.211,1,16777215,2025-03-15 09:02:16,27840548398,60,庆典筹备,关于我转生变成史莱姆这档事 第三季,113818915046008
这幅画把智慧之王的神性画出来了,454.077,1,16777215,2025-03-15 07:30:29,27840548398,60,庆典筹备,关于我转生变成史莱姆这档事 第三季,113818915046008
之前在龙手里救下的商人吧,494.98,1,16777215,2025-03-15 07:24:56,27840548398,60,庆典筹备,关于我转生变成史莱姆这档事 第三季,113818915046008
找个借口,280.428,1,16777215,2025-03-15 07:20:01,27840548398,60,庆典筹备,关于我转生变成史莱姆这档事 第三季,113818915046008
补豪，是紫笨家！,1108.525,5,16777215,2025-03-15 04:06:04,27840548398,60,庆典筹备,关于我转生变成史莱姆这档事 第三季,113818915046008
迷宫入口就在竞技场地下呀,879.873,1,16777215,2025-03-14 22:38:24,27840548398,60,庆典筹备,关于我转生变成史莱姆这档事 第三季,113818915046008
正幸的同伴有个卧底好像,830.74,1,16777215,2025-03-14 22:35:11,27840548398,60,庆典筹备,关于我转生变成史莱姆这档事 第三季,113818915046008
画成这样是因为漫画就是这衣服,671.18,1,16777215,2025-03-14 22:32:11,27840548398,60,庆典筹备,关于我转生变成史莱姆这档事 第三季,113818915046008
哈萨维,825.778,1,16777215,2025-03-14 20:26:33,27840548398,60,庆典筹备,关于我转生变成史莱姆这档事 第三季,113818915046008
曼波！,527.745,5,16777215,2025-03-14 19:35:55,27840548398,60,庆典筹备,关于我转生变成史莱姆这档事 第三季,113818915046008
这是利姆露的财务大臣，算左右手,331.553,1,16777215,2025-03-14 11:52:14,27840548398,60,庆典筹备,关于我转生变成史莱姆这档事 第三季,113818915046008
匿名龙嫌疑人,588.699,1,16777215,2025-03-14 11:08:43,27840548398,60,庆典筹备,关于我转生变成史莱姆这档事 第三季,113818915046008
黄某赌毒啊,779.986,1,16777215,2025-03-13 22:25:28,27840548398,60,庆典筹备,关于我转生变成史莱姆这档事 第三季,113818915046008
坟头蹦迪,391.661,1,16777215,2025-03-13 14:08:14,27840548398,60,庆典筹备,关于我转生变成史莱姆这档事 第三季,113818915046008
好像住,749.459,1,16777215,2025-03-13 10:36:22,27840548398,60,庆典筹备,关于我转生变成史莱姆这档事 第三季,113818915046008
笑死我了,1124.989,1,16777215,2025-03-13 05:49:02,27840548398,60,庆典筹备,关于我转生变成史莱姆这档事 第三季,113818915046008
怀疑他要建一个古罗马斗兽场,922.045,1,16777215,2025-03-12 18:26:08,27840548398,60,庆典筹备,关于我转生变成史莱姆这档事 第三季,113818915046008
活腻歪了,422.48,1,16777215,2025-03-12 18:01:32,27840548398,60,庆典筹备,关于我转生变成史莱姆这档事 第三季,113818915046008
石岩,259.205,1,16777215,2025-03-12 14:25:50,27840548398,60,庆典筹备,关于我转生变成史莱姆这档事 第三季,113818915046008
。。。怎么有种配种的警示感，你别搞,239.81,1,16777215,2025-03-12 12:29:27,27840548398,60,庆典筹备,关于我转生变成史莱姆这档事 第三季,113818915046008
他只是想要一个戒指而已,1128.871,1,16777215,2025-03-12 03:39:19,27840548398,60,庆典筹备,关于我转生变成史莱姆这档事 第三季,113818915046008
公侯伯子男,448.687,1,16777215,2025-03-11 22:52:03,27840548398,60,庆典筹备,关于我转生变成史莱姆这档事 第三季,113818915046008
识人术,427.436,1,16777215,2025-03-11 20:25:58,27840548398,60,庆典筹备,关于我转生变成史莱姆这档事 第三季,113818915046008
魔王直聘,1190.388,5,16777215,2025-03-11 13:54:45,27840548398,60,庆典筹备,关于我转生变成史莱姆这档事 第三季,113818915046008
你路走宽了,437.835,1,16777215,2025-03-11 13:42:19,27840548398,60,庆典筹备,关于我转生变成史莱姆这档事 第三季,113818915046008
117个人给我出来,565.047,1,16777215,2025-03-11 12:19:28,27840548398,60,庆典筹备,关于我转生变成史莱姆这档事 第三季,113818915046008
不是，想到就干，你是这个,930.354,1,16777215,2025-03-11 09:00:17,27840548398,60,庆典筹备,关于我转生变成史莱姆这档事 第三季,113818915046008
大剑路过,764.171,1,16777215,2025-03-11 08:58:09,27840548398,60,庆典筹备,关于我转生变成史莱姆这档事 第三季,113818915046008
财政吃紧,936.387,1,16777215,2025-03-10 22:49:45,27840548398,60,庆典筹备,关于我转生变成史莱姆这档事 第三季,113818915046008
这剧情真的会掉评分,1148.797,5,16777215,2025-03-10 18:19:02,27840548398,60,庆典筹备,关于我转生变成史莱姆这档事 第三季,113818915046008
这么帅的么哈哈哈哈哈,803.204,1,16777215,2025-03-10 04:49:26,27840548398,60,庆典筹备,关于我转生变成史莱姆这档事 第三季,113818915046008
看得我一纯路人都激动的不能自己,1006.817,1,16777215,2025-03-09 22:21:08,27840548398,60,庆典筹备,关于我转生变成史莱姆这档事 第三季,113818915046008
脑壳发光！？帅！,272.939,1,16777215,2025-03-09 18:28:31,27840548398,60,庆典筹备,关于我转生变成史莱姆这档事 第三季,113818915046008
帝皇！,804.194,1,16777215,2025-03-09 17:00:35,27840548398,60,庆典筹备,关于我转生变成史莱姆这档事 第三季,113818915046008
大兴土木,937.815,1,16777215,2025-03-09 16:35:39,27840548398,60,庆典筹备,关于我转生变成史莱姆这档事 第三季,113818915046008
聪明の,424.422,1,16777215,2025-03-09 14:55:22,27840548398,60,庆典筹备,关于我转生变成史莱姆这档事 第三季,113818915046008
好帅,379.369,1,16777215,2025-03-09 14:53:53,27840548398,60,庆典筹备,关于我转生变成史莱姆这档事 第三季,113818915046008
社交的手腕,335.682,1,16777215,2025-03-09 14:53:15,27840548398,60,庆典筹备,关于我转生变成史莱姆这档事 第三季,113818915046008
骨裂，bgm今日五佳球力劈华山。,1085.185,1,16777215,2025-03-09 10:36:24,27840548398,60,庆典筹备,关于我转生变成史莱姆这档事 第三季,113818915046008
这个侧脸……,607.938,1,16777215,2025-03-09 10:29:58,27840548398,60,庆典筹备,关于我转生变成史莱姆这档事 第三季,113818915046008
怎么感觉萌王的侧脸好奇怪……有点伪人了……,540.754,1,16777215,2025-03-09 10:27:40,27840548398,60,庆典筹备,关于我转生变成史莱姆这档事 第三季,113818915046008
兵部尚书,70.264,1,16777215,2025-03-09 08:43:00,27840548398,60,庆典筹备,关于我转生变成史莱姆这档事 第三季,113818915046008
剧情太养生了,774.256,1,16777215,2025-03-08 22:27:14,27840548398,60,庆典筹备,关于我转生变成史莱姆这档事 第三季,113818915046008
津叔？,71.504,1,16777215,2025-03-08 22:22:36,27840548398,60,庆典筹备,关于我转生变成史莱姆这档事 第三季,113818915046008
官商勾结了,1177.982,1,16777215,2025-03-08 19:59:43,27840548398,60,庆典筹备,关于我转生变成史莱姆这档事 第三季,113818915046008
古烈？,421.138,1,16777215,2025-03-08 14:54:42,27840548398,60,庆典筹备,关于我转生变成史莱姆这档事 第三季,113818915046008
我也不爱玉子烧,288.446,1,16777215,2025-03-08 12:59:20,27840548398,60,庆典筹备,关于我转生变成史莱姆这档事 第三季,113818915046008
你是个好人，你真的是个好人，是我不对是你最好。,1291.784,1,16777215,2025-03-08 11:43:10,27840548398,60,庆典筹备,关于我转生变成史莱姆这档事 第三季,113818915046008
第3部，就是个开会发展番吧！！！,1041.764,1,16777215,2025-03-08 02:53:25,27840548398,60,庆典筹备,关于我转生变成史莱姆这档事 第三季,113818915046008
不知道看啥了再回头盘一遍,7.677,5,16777215,2025-03-08 02:44:28,27840548398,60,庆典筹备,关于我转生变成史莱姆这档事 第三季,113818915046008
勇者已死,800.558,1,16777215,2025-03-07 21:28:56,27840548398,60,庆典筹备,关于我转生变成史莱姆这档事 第三季,113818915046008
让他们见识一下吸血鬼暴虐他就不害怕了,618.695,1,16777215,2025-03-07 20:10:02,27840548398,60,庆典筹备,关于我转生变成史莱姆这档事 第三季,113818915046008
靠谱的大叔,477.44,1,16777215,2025-03-07 15:44:35,27840548398,60,庆典筹备,关于我转生变成史莱姆这档事 第三季,113818915046008
网吧行,736.11,1,16777215,2025-03-07 15:18:31,27840548398,60,庆典筹备,关于我转生变成史莱姆这档事 第三季,113818915046008
还是美人计香,282.303,1,16777215,2025-03-06 22:10:01,27840548398,60,庆典筹备,关于我转生变成史莱姆这档事 第三季,113818915046008
挖墙脚挖走了老板,1193.487,1,16777215,2025-03-06 18:47:30,27840548398,60,庆典筹备,关于我转生变成史莱姆这档事 第三季,113818915046008
这不是么里丝古嘛,1089.106,1,16777215,2025-03-06 18:15:39,27840548398,60,庆典筹备,关于我转生变成史莱姆这档事 第三季,113818915046008
跳过半了,695.288,1,16777215,2025-03-06 18:05:05,27840548398,60,庆典筹备,关于我转生变成史莱姆这档事 第三季,113818915046008
赌场啊,735.618,1,16777215,2025-03-06 16:56:28,27840548398,60,庆典筹备,关于我转生变成史莱姆这档事 第三季,113818915046008
津叔声音啊,77.243,1,16777215,2025-03-06 04:58:27,27840548398,60,庆典筹备,关于我转生变成史莱姆这档事 第三季,113818915046008
红红火火恍恍惚惚或或或或,777.374,1,16646914,2025-03-06 02:35:47,27840548398,60,庆典筹备,关于我转生变成史莱姆这档事 第三季,113818915046008
哈哈哈哈,759.434,1,16646914,2025-03-06 02:35:29,27840548398,60,庆典筹备,关于我转生变成史莱姆这档事 第三季,113818915046008
网吧过分了,745.079,1,16777215,2025-03-06 02:35:15,27840548398,60,庆典筹备,关于我转生变成史莱姆这档事 第三季,113818915046008
天下第一武道大会？,805.5,1,16707842,2025-03-06 02:31:27,27840548398,60,庆典筹备,关于我转生变成史莱姆这档事 第三季,113818915046008
若不是老史点将，兴许我还在这鱼塘漂呢,1195.591,1,16777215,2025-03-05 23:43:28,27840548398,60,庆典筹备,关于我转生变成史莱姆这档事 第三季,113818915046008
小蓝画的？还是小绿画的？,456.984,1,16777215,2025-03-05 19:01:16,27840548398,60,庆典筹备,关于我转生变成史莱姆这档事 第三季,113818915046008
财务部长,1206.307,1,16777215,2025-03-05 17:19:56,27840548398,60,庆典筹备,关于我转生变成史莱姆这档事 第三季,113818915046008
V我50,542.332,1,16777215,2025-03-05 00:43:26,27840548398,60,庆典筹备,关于我转生变成史莱姆这档事 第三季,113818915046008
直接开建罗马斗兽场,885.11,1,16777215,2025-03-05 00:37:43,27840548398,60,庆典筹备,关于我转生变成史莱姆这档事 第三季,113818915046008
看的好爽 不想看的为什么不退呢,1051.985,1,16777215,2025-03-04 22:54:53,27840548398,60,庆典筹备,关于我转生变成史莱姆这档事 第三季,113818915046008
开会开会,771.999,1,16777215,2025-03-04 21:18:58,27840548398,60,庆典筹备,关于我转生变成史莱姆这档事 第三季,113818915046008
不开会了么,760.401,1,16777215,2025-03-04 21:18:35,27840548398,60,庆典筹备,关于我转生变成史莱姆这档事 第三季,113818915046008
明明很有意思啊,1274.089,1,16777215,2025-03-04 01:24:53,27840548398,60,庆典筹备,关于我转生变成史莱姆这档事 第三季,113818915046008
萌王真的美啊,1258.489,1,16777215,2025-03-04 00:27:20,27840548398,60,庆典筹备,关于我转生变成史莱姆这档事 第三季,113818915046008
魔物大迷宫！,718.342,1,16777215,2025-03-03 22:36:36,27840548398,60,庆典筹备,关于我转生变成史莱姆这档事 第三季,113818915046008
才意识到缪耳曼还挺矮的，跟萌王差不多,1062.909,1,16777215,2025-03-03 20:33:58,27840548398,60,庆典筹备,关于我转生变成史莱姆这档事 第三季,113818915046008
包是满汉全席,86.209,1,16777215,2025-03-03 19:31:58,27840548398,60,庆典筹备,关于我转生变成史莱姆这档事 第三季,113818915046008
我正在吃,527.92,1,16777215,2025-03-03 14:58:00,27840548398,60,庆典筹备,关于我转生变成史莱姆这档事 第三季,113818915046008
招商引资,545.83,1,16777215,2025-03-03 12:48:31,27840548398,60,庆典筹备,关于我转生变成史莱姆这档事 第三季,113818915046008
等于说这次开世博会？,53.397,1,16777215,2025-03-03 09:17:32,27840548398,60,庆典筹备,关于我转生变成史莱姆这档事 第三季,113818915046008
紫苑:我要办厨神大比拼,84.674,1,16777215,2025-03-03 03:02:55,27840548398,60,庆典筹备,关于我转生变成史莱姆这档事 第三季,113818915046008
什么啊？跟邻国抢生意的意思吗？,867.265,1,16777215,2025-03-03 02:44:09,27840548398,60,庆典筹备,关于我转生变成史莱姆这档事 第三季,113818915046008
村长好忙,30.26,1,16777215,2025-03-02 22:22:18,27840548398,60,庆典筹备,关于我转生变成史莱姆这档事 第三季,113818915046008
这不比买卖奴隶挣钱,1161.07,1,16777215,2025-03-02 21:41:30,27840548398,60,庆典筹备,关于我转生变成史莱姆这档事 第三季,113818915046008
入编了,1207.656,1,16777215,2025-03-02 21:36:02,27840548398,60,庆典筹备,关于我转生变成史莱姆这档事 第三季,113818915046008
不建学校啊,880.944,1,16777215,2025-03-02 18:01:35,27840548398,60,庆典筹备,关于我转生变成史莱姆这档事 第三季,113818915046008
｀没人？,1021.253,1,16777215,2025-03-02 13:06:10,27840548398,60,庆典筹备,关于我转生变成史莱姆这档事 第三季,113818915046008
奇观误国啊老板,837.917,5,16777215,2025-03-02 12:24:29,27840548398,60,庆典筹备,关于我转生变成史莱姆这档事 第三季,113818915046008
猪人好像是15万吧？,979.765,1,16777215,2025-03-02 12:12:41,27840548398,60,庆典筹备,关于我转生变成史莱姆这档事 第三季,113818915046008
魔物：我真的谢谢你,772.354,1,16777215,2025-03-02 03:07:46,27840548398,60,庆典筹备,关于我转生变成史莱姆这档事 第三季,113818915046008
开会,544.957,1,16777215,2025-03-02 01:35:09,27840548398,60,庆典筹备,关于我转生变成史莱姆这档事 第三季,113818915046008
罗马风更强了。,1117.756,1,16777215,2025-03-02 00:43:59,27840548398,60,庆典筹备,关于我转生变成史莱姆这档事 第三季,113818915046008
会啥时候开完？我要看大典(da jia),1092.37,1,16777215,2025-03-02 00:43:08,27840548398,60,庆典筹备,关于我转生变成史莱姆这档事 第三季,113818915046008
完辣！！！,414.205,1,16777215,2025-03-02 00:27:46,27840548398,60,庆典筹备,关于我转生变成史莱姆这档事 第三季,113818915046008
爷蜘蛛,773.81,1,16777215,2025-03-01 18:44:38,27840548398,60,庆典筹备,关于我转生变成史莱姆这档事 第三季,113818915046008
开启水门都市篇,205.58,1,16777215,2025-03-01 13:57:19,27840548398,60,庆典筹备,关于我转生变成史莱姆这档事 第三季,113818915046008
这不比开会有意思,956.114,1,16777215,2025-03-01 10:31:24,27840548398,60,庆典筹备,关于我转生变成史莱姆这档事 第三季,113818915046008
这任务繁重啊,1027.538,1,16777215,2025-03-01 09:39:56,27840548398,60,庆典筹备,关于我转生变成史莱姆这档事 第三季,113818915046008
几万人的话旅馆都不够吧……整个城镇都要扩建的样子,999.261,1,16777215,2025-03-01 02:25:40,27840548398,60,庆典筹备,关于我转生变成史莱姆这档事 第三季,113818915046008
社交的手腕,1079.208,1,16777215,2025-02-28 22:54:31,27840548398,60,庆典筹备,关于我转生变成史莱姆这档事 第三季,113818915046008
但是猪人好像确实不是人……,890.511,1,16777215,2025-02-28 22:23:31,27840548398,60,庆典筹备,关于我转生变成史莱姆这档事 第三季,113818915046008
++++++++++++++++++++++++++++++++++++++++++++++++,101.69,1,16777215,2025-02-28 22:15:15,27840548398,60,庆典筹备,关于我转生变成史莱姆这档事 第三季,113818915046008
开会准备,2.642,1,16777215,2025-02-28 22:15:15,27840548398,60,庆典筹备,关于我转生变成史莱姆这档事 第三季,113818915046008
151忍,476.671,1,16777215,2025-02-28 22:10:02,27840548398,60,庆典筹备,关于我转生变成史莱姆这档事 第三季,113818915046008
萌王：叫米利姆防下身,1384.157,1,16777215,2025-02-28 04:39:26,27840548398,60,庆典筹备,关于我转生变成史莱姆这档事 第三季,113818915046008
这饼大的。。,1149.619,1,16777215,2025-02-28 04:34:52,27840548398,60,庆典筹备,关于我转生变成史莱姆这档事 第三季,113818915046008
你不吃有的是人吃,236.679,5,16777215,2025-02-27 23:15:32,27840548398,60,庆典筹备,关于我转生变成史莱姆这档事 第三季,113818915046008
哟，你脸红啦,247.198,1,16777215,2025-02-27 22:10:58,27840548398,60,庆典筹备,关于我转生变成史莱姆这档事 第三季,113818915046008
小伙计，你很勇嘛，是想被吃掉了吗？,398.889,5,16776960,2025-02-27 21:00:35,27840548398,60,庆典筹备,关于我转生变成史莱姆这档事 第三季,113818915046008
太好了是开会我们没救了！,10.371,1,16777215,2025-02-27 20:39:54,27840548398,60,庆典筹备,关于我转生变成史莱姆这档事 第三季,113818915046008
开会喽！,10.351,1,16777215,2025-02-27 20:38:49,27840548398,60,庆典筹备,关于我转生变成史莱姆这档事 第三季,113818915046008
鬼畜真,38.55,1,16777215,2025-02-27 19:47:49,27840548398,60,庆典筹备,关于我转生变成史莱姆这档事 第三季,113818915046008
这是朱莱？,1406.75,1,16777215,2025-02-27 19:34:53,27840548398,60,庆典筹备,关于我转生变成史莱姆这档事 第三季,113818915046008
要333333333要,522.477,1,16777215,2025-02-27 13:51:47,27840548398,60,庆典筹备,关于我转生变成史莱姆这档事 第三季,113818915046008
这什么美人鱼,741.065,1,16777215,2025-02-27 13:30:36,27840548398,60,庆典筹备,关于我转生变成史莱姆这档事 第三季,113818915046008
奇观误国啊,953.868,1,16777215,2025-02-27 12:41:06,27840548398,60,庆典筹备,关于我转生变成史莱姆这档事 第三季,113818915046008
bss,1206.775,1,16777215,2025-02-27 01:21:08,27840548398,60,庆典筹备,关于我转生变成史莱姆这档事 第三季,113818915046008
想看全打斗去龙珠,1051.936,1,16777215,2025-02-27 00:14:59,27840548398,60,庆典筹备,关于我转生变成史莱姆这档事 第三季,113818915046008
偷窥,79.98,1,16777215,2025-02-26 23:03:34,27840548398,60,庆典筹备,关于我转生变成史莱姆这档事 第三季,113818915046008
说到讲故事那就得讲元和二年....,823.997,1,16777215,2025-02-26 20:07:54,27840548398,60,庆典筹备,关于我转生变成史莱姆这档事 第三季,113818915046008
宅宅传教,816.014,1,16777215,2025-02-26 19:50:11,27840548398,60,庆典筹备,关于我转生变成史莱姆这档事 第三季,113818915046008
特别奖金买命钱,650.266,1,16777215,2025-02-26 19:24:53,27840548398,60,庆典筹备,关于我转生变成史莱姆这档事 第三季,113818915046008
很赞的故事,507.625,1,16777215,2025-02-26 19:02:45,27840548398,60,庆典筹备,关于我转生变成史莱姆这档事 第三季,113818915046008
禁止空屏————————————————————————————————————————————————————————————————————————————————————————————————,1285.842,1,16777215,2025-02-26 18:20:49,27840548398,60,庆典筹备,关于我转生变成史莱姆这档事 第三季,113818915046008
完啦,407.066,1,16777215,2025-02-26 18:02:53,27840548398,60,庆典筹备,关于我转生变成史莱姆这档事 第三季,113818915046008
】】】】】】】】,1402.985,1,16777215,2025-02-26 17:31:15,27840548398,60,庆典筹备,关于我转生变成史莱姆这档事 第三季,113818915046008
果然是你大森元贵- - ,152.405,1,16777215,2025-02-26 17:05:42,27840548398,60,庆典筹备,关于我转生变成史莱姆这档事 第三季,113818915046008
风俗店。,335.404,1,16777215,2025-02-26 14:14:07,27840548398,60,庆典筹备,关于我转生变成史莱姆这档事 第三季,113818915046008
等等，这护卫是古烈吗？？,420.868,1,16777215,2025-02-26 00:58:42,27840548398,60,庆典筹备,关于我转生变成史莱姆这档事 第三季,113818915046008
魅魔萌王,679.514,1,16777215,2025-02-26 00:32:37,27840548398,60,庆典筹备,关于我转生变成史莱姆这档事 第三季,113818915046008
诏安,1201.558,1,16777215,2025-02-25 16:26:08,27840548398,60,庆典筹备,关于我转生变成史莱姆这档事 第三季,113818915046008
路是越走越宽,1202.155,1,16777215,2025-02-25 15:06:19,27840548398,60,庆典筹备,关于我转生变成史莱姆这档事 第三季,113818915046008
玉子烧能好吃到那里去,275.552,1,16777215,2025-02-25 14:52:43,27840548398,60,庆典筹备,关于我转生变成史莱姆这档事 第三季,113818915046008
哈哈哈哈哈哈哈,1222.248,1,16777215,2025-02-25 08:03:58,27840548398,60,庆典筹备,关于我转生变成史莱姆这档事 第三季,113818915046008
恩！情！,426.12,1,16777215,2025-02-25 07:55:53,27840548398,60,庆典筹备,关于我转生变成史莱姆这档事 第三季,113818915046008
不安です,577.007,1,16777215,2025-02-25 02:31:59,27840548398,60,庆典筹备,关于我转生变成史莱姆这档事 第三季,113818915046008
开会！！！,5.954,1,16777215,2025-02-25 00:17:09,27840548398,60,庆典筹备,关于我转生变成史莱姆这档事 第三季,113818915046008
大迷宫副本,739.768,1,16777215,2025-02-24 23:43:53,27840548398,60,庆典筹备,关于我转生变成史莱姆这档事 第三季,113818915046008
抚恤金,639.222,1,16777215,2025-02-24 23:01:48,27840548398,60,庆典筹备,关于我转生变成史莱姆这档事 第三季,113818915046008
钢管音效（幻听）,930.404,1,16777215,2025-02-24 21:56:46,27840548398,60,庆典筹备,关于我转生变成史莱姆这档事 第三季,113818915046008
霸占空屏,807.262,1,16777215,2025-02-24 21:54:22,27840548398,60,庆典筹备,关于我转生变成史莱姆这档事 第三季,113818915046008
前面那个史士尼的笑死我了,733.619,1,16777215,2025-02-24 21:52:40,27840548398,60,庆典筹备,关于我转生变成史莱姆这档事 第三季,113818915046008
消博会是吧,43.786,1,16777215,2025-02-24 21:46:51,27840548398,60,庆典筹备,关于我转生变成史莱姆这档事 第三季,113818915046008
暗黑心理学,333.561,1,16777215,2025-02-24 21:46:12,27840548398,60,庆典筹备,关于我转生变成史莱姆这档事 第三季,113818915046008
究极技能发动：宴会之王,1.749,1,16777215,2025-02-24 21:42:02,27840548398,60,庆典筹备,关于我转生变成史莱姆这档事 第三季,113818915046008
后期重要人物,796.366,1,16777215,2025-02-24 20:23:50,27840548398,60,庆典筹备,关于我转生变成史莱姆这档事 第三季,113818915046008
魔物按摩店,709.76,1,16777215,2025-02-24 17:49:43,27840548398,60,庆典筹备,关于我转生变成史莱姆这档事 第三季,113818915046008
拍奇观啦!,952.312,1,16777215,2025-02-24 16:56:22,27840548398,60,庆典筹备,关于我转生变成史莱姆这档事 第三季,113818915046008
不是一直在吸收魔素么，魔素水平有显著的降低，产生的魔物也不会像之前那么强了,768.345,1,16777215,2025-02-24 11:58:23,27840548398,60,庆典筹备,关于我转生变成史莱姆这档事 第三季,113818915046008
我记得不是还有10万猪人大军吗,974.127,1,16777215,2025-02-24 04:33:54,27840548398,60,庆典筹备,关于我转生变成史莱姆这档事 第三季,113818915046008
PDCA ,1186.687,1,16777215,2025-02-24 02:33:08,27840548398,60,庆典筹备,关于我转生变成史莱姆这档事 第三季,113818915046008
挖墙脚来了哈哈哈,225.094,1,16777215,2025-02-24 00:31:13,27840548398,60,庆典筹备,关于我转生变成史莱姆这档事 第三季,113818915046008
挖人,1176.279,5,16777215,2025-02-23 23:13:49,27840548398,60,庆典筹备,关于我转生变成史莱姆这档事 第三季,113818915046008
开会开会,5.96,1,16777215,2025-02-23 22:07:53,27840548398,60,庆典筹备,关于我转生变成史莱姆这档事 第三季,113818915046008
黑奴直呼内行,1125.439,1,16777215,2025-02-23 18:54:28,27840548398,60,庆典筹备,关于我转生变成史莱姆这档事 第三季,113818915046008
不死,55.43,1,16777215,2025-02-23 02:37:39,27840548398,60,庆典筹备,关于我转生变成史莱姆这档事 第三季,113818915046008
苏巴拉西,1157.675,1,16777215,2025-02-22 23:49:35,27840548398,60,庆典筹备,关于我转生变成史莱姆这档事 第三季,113818915046008
宴会/庆典/开会番,8.858,1,16777215,2025-02-22 23:07:12,27840548398,60,庆典筹备,关于我转生变成史莱姆这档事 第三季,113818915046008
可以办文化祭,775.41,1,16777215,2025-02-22 21:22:54,27840548398,60,庆典筹备,关于我转生变成史莱姆这档事 第三季,113818915046008
、、,1006.173,1,16777215,2025-02-22 19:27:38,27840548398,60,庆典筹备,关于我转生变成史莱姆这档事 第三季,113818915046008
不愧是村长,17.692,1,16777215,2025-02-22 17:46:16,27840548398,60,庆典筹备,关于我转生变成史莱姆这档事 第三季,113818915046008
猪猪：喂我花生,990.488,1,16777215,2025-02-22 12:12:42,27840548398,60,庆典筹备,关于我转生变成史莱姆这档事 第三季,113818915046008
鬼事进条,963.876,5,16777215,2025-02-22 10:04:48,27840548398,60,庆典筹备,关于我转生变成史莱姆这档事 第三季,113818915046008
史莱姆乐园,791.475,1,16777215,2025-02-22 05:01:41,27840548398,60,庆典筹备,关于我转生变成史莱姆这档事 第三季,113818915046008
这会儿吃上皇粮了,1212.499,1,16777215,2025-02-22 01:54:30,27840548398,60,庆典筹备,关于我转生变成史莱姆这档事 第三季,113818915046008
这个好像是致不灭的你旁白的声优,65.126,1,16777215,2025-02-21 22:46:44,27840548398,60,庆典筹备,关于我转生变成史莱姆这档事 第三季,113818915046008
好听·,198.018,1,16777215,2025-02-21 21:18:01,27840548398,60,庆典筹备,关于我转生变成史莱姆这档事 第三季,113818915046008
要不来点柏青哥,742.917,1,38979,2025-02-21 15:09:20,27840548398,60,庆典筹备,关于我转生变成史莱姆这档事 第三季,113818915046008
修个游乐园不好吗,769.345,1,16777215,2025-02-21 02:19:49,27840548398,60,庆典筹备,关于我转生变成史莱姆这档事 第三季,113818915046008
正合孤意！,1121.139,1,16777215,2025-02-21 01:26:27,27840548398,60,庆典筹备,关于我转生变成史莱姆这档事 第三季,113818915046008
幸运拉满的人，实力也“拉”满了的人,800.883,1,16777215,2025-02-20 22:49:08,27840548398,60,庆典筹备,关于我转生变成史莱姆这档事 第三季,113818915046008
暗黑心理学，食人树，人性的秘密。,1151.885,1,16777215,2025-02-20 21:00:23,27840548398,60,庆典筹备,关于我转生变成史莱姆这档事 第三季,113818915046008
内定标,894.488,1,16777215,2025-02-20 14:24:22,27840548398,60,庆典筹备,关于我转生变成史莱姆这档事 第三季,113818915046008
救你一命,437.559,1,16777215,2025-02-20 11:34:10,27840548398,60,庆典筹备,关于我转生变成史莱姆这档事 第三季,113818915046008
利姆鲁将军的恩情还不完啊~~,1212.549,1,16777215,2025-02-20 04:04:24,27840548398,60,庆典筹备,关于我转生变成史莱姆这档事 第三季,113818915046008
就喜欢这种,731.831,1,16777215,2025-02-20 02:35:52,27840548398,60,庆典筹备,关于我转生变成史莱姆这档事 第三季,113818915046008
这集是头脑风暴会吗？,1156.881,1,16777215,2025-02-19 22:39:57,27840548398,60,庆典筹备,关于我转生变成史莱姆这档事 第三季,113818915046008
杨康大道,460.951,1,16777215,2025-02-19 22:07:12,27840548398,60,庆典筹备,关于我转生变成史莱姆这档事 第三季,113818915046008
农家乐,767.929,1,16777215,2025-02-19 20:38:34,27840548398,60,庆典筹备,关于我转生变成史莱姆这档事 第三季,113818915046008
五蚂蚁,283.852,1,16777215,2025-02-19 20:04:42,27840548398,60,庆典筹备,关于我转生变成史莱姆这档事 第三季,113818915046008
扇子，哇哈哈哈哈哈，扇子,1220.486,1,16777215,2025-02-19 19:09:45,27840548398,60,庆典筹备,关于我转生变成史莱姆这档事 第三季,113818915046008
卖 站 票,937.191,5,16777215,2025-02-19 12:33:45,27840548398,60,庆典筹备,关于我转生变成史莱姆这档事 第三季,113818915046008
马自立哒，马自立哒,695.685,1,16777215,2025-02-19 11:20:51,27840548398,60,庆典筹备,关于我转生变成史莱姆这档事 第三季,113818915046008
再演什么呢,952.928,1,14811775,2025-02-19 09:28:15,27840548398,60,庆典筹备,关于我转生变成史莱姆这档事 第三季,113818915046008
啊啊啊啊啊啊新op!!!,121.597,5,14811775,2025-02-19 02:25:11,27840548398,60,庆典筹备,关于我转生变成史莱姆这档事 第三季,113818915046008
就很老板,871.99,1,16777215,2025-02-18 20:17:51,27840548398,60,庆典筹备,关于我转生变成史莱姆这档事 第三季,113818915046008
好了，又活过来了,1283.153,1,16777215,2025-02-18 18:52:47,27840548398,60,庆典筹备,关于我转生变成史莱姆这档事 第三季,113818915046008
我方派出，须乡伸之，效果拔群,832.633,1,16777215,2025-02-18 16:48:29,27840548398,60,庆典筹备,关于我转生变成史莱姆这档事 第三季,113818915046008
正巧了,422.602,1,16777215,2025-02-18 12:20:48,27840548398,60,庆典筹备,关于我转生变成史莱姆这档事 第三季,113818915046008
波风水门,824.783,1,16777215,2025-02-18 09:02:20,27840548398,60,庆典筹备,关于我转生变成史莱姆这档事 第三季,113818915046008
舒婷！,1084.951,1,16777215,2025-02-18 03:10:33,27840548398,60,庆典筹备,关于我转生变成史莱姆这档事 第三季,113818915046008
泡泡浴,800.527,1,16777215,2025-02-18 03:06:11,27840548398,60,庆典筹备,关于我转生变成史莱姆这档事 第三季,113818915046008
.3,925.251,1,16777215,2025-02-17 22:15:08,27840548398,60,庆典筹备,关于我转生变成史莱姆这档事 第三季,113818915046008
准了,110.095,1,16777215,2025-02-17 19:32:22,27840548398,60,庆典筹备,关于我转生变成史莱姆这档事 第三季,113818915046008
深渊！,776.753,1,16777215,2025-02-17 12:43:13,27840548398,60,庆典筹备,关于我转生变成史莱姆这档事 第三季,113818915046008
深渊,775.213,1,16777215,2025-02-17 12:43:07,27840548398,60,庆典筹备,关于我转生变成史莱姆这档事 第三季,113818915046008
深渊！,773.273,1,16777215,2025-02-17 12:43:01,27840548398,60,庆典筹备,关于我转生变成史莱姆这档事 第三季,113818915046008
搞深渊,733.093,1,16777215,2025-02-17 12:42:16,27840548398,60,庆典筹备,关于我转生变成史莱姆这档事 第三季,113818915046008
不会是手枪之光吧,830.059,1,16777215,2025-02-17 05:53:41,27840548398,60,庆典筹备,关于我转生变成史莱姆这档事 第三季,113818915046008
古烈哈哈哈,423.349,1,16777215,2025-02-17 00:47:59,27840548398,60,庆典筹备,关于我转生变成史莱姆这档事 第三季,113818915046008
欧布！！！,1388.933,1,16777215,2025-02-16 23:28:06,27840548398,60,庆典筹备,关于我转生变成史莱姆这档事 第三季,113818915046008
那肯定是赌场喽,772.745,1,16777215,2025-02-16 23:17:29,27840548398,60,庆典筹备,关于我转生变成史莱姆这档事 第三季,113818915046008
《广交会》,66.325,1,16777215,2025-02-16 18:08:51,27840548398,60,庆典筹备,关于我转生变成史莱姆这档事 第三季,113818915046008
《真•博览会》,49.77,1,16777215,2025-02-16 18:08:26,27840548398,60,庆典筹备,关于我转生变成史莱姆这档事 第三季,113818915046008
奸商。,1151.641,1,16777215,2025-02-16 11:42:08,27840548398,60,庆典筹备,关于我转生变成史莱姆这档事 第三季,113818915046008
拼好的米饭,334.651,1,16777215,2025-02-16 11:28:24,27840548398,60,庆典筹备,关于我转生变成史莱姆这档事 第三季,113818915046008
表情最大就是你,1382.261,1,16777215,2025-02-16 02:25:07,27840548398,60,庆典筹备,关于我转生变成史莱姆这档事 第三季,113818915046008
精明的人类之魂,1187.901,1,16777215,2025-02-16 01:52:56,27840548398,60,庆典筹备,关于我转生变成史莱姆这档事 第三季,113818915046008
就是精灵 elf,340.754,1,16777215,2025-02-15 22:30:04,27840548398,60,庆典筹备,关于我转生变成史莱姆这档事 第三季,113818915046008
经济胜利,1171.226,1,16777215,2025-02-15 21:21:39,27840548398,60,庆典筹备,关于我转生变成史莱姆这档事 第三季,113818915046008
拍奇观喽,729.523,1,16777215,2025-02-15 21:13:55,27840548398,60,庆典筹备,关于我转生变成史莱姆这档事 第三季,113818915046008
178人开会,32.855,1,16777215,2025-02-15 19:25:04,27840548398,60,庆典筹备,关于我转生变成史莱姆这档事 第三季,113818915046008
这保镖一股很会发波的感觉啊,1084.952,1,16777215,2025-02-15 15:33:06,27840548398,60,庆典筹备,关于我转生变成史莱姆这档事 第三季,113818915046008
财政大臣预定,684.375,1,16777215,2025-02-15 12:55:53,27840548398,60,庆典筹备,关于我转生变成史莱姆这档事 第三季,113818915046008
无他，唯自动尔,207.925,1,16777215,2025-02-15 10:43:13,27840548398,60,庆典筹备,关于我转生变成史莱姆这档事 第三季,113818915046008
连开连开机场啊连开几场会 些许疲惫,7.24,1,16777215,2025-02-15 05:31:01,27840548398,60,庆典筹备,关于我转生变成史莱姆这档事 第三季,113818915046008
也就是个中boss，算不上最终boss了,1352.209,1,16777215,2025-02-15 01:10:10,27840548398,60,庆典筹备,关于我转生变成史莱姆这档事 第三季,113818915046008
古烈,429.518,1,16777215,2025-02-15 00:50:41,27840548398,60,庆典筹备,关于我转生变成史莱姆这档事 第三季,113818915046008
他们唠的不是挺有意思吗,1027.901,1,16777215,2025-02-14 16:08:41,27840548398,60,庆典筹备,关于我转生变成史莱姆这档事 第三季,113818915046008
狗哥：？,1175.145,1,16777215,2025-02-14 08:54:49,27840548398,60,庆典筹备,关于我转生变成史莱姆这档事 第三季,113818915046008
这种种田流可太爽了,1167.446,1,16777215,2025-02-14 02:34:47,27840548398,60,庆典筹备,关于我转生变成史莱姆这档事 第三季,113818915046008
打戏好少,1477.438,1,16777215,2025-02-13 23:38:34,27840548398,60,庆典筹备,关于我转生变成史莱姆这档事 第三季,113818915046008
画给我一份，急用[合十][合十][合十],454.151,5,16646914,2025-02-13 20:35:33,27840548398,60,庆典筹备,关于我转生变成史莱姆这档事 第三季,113818915046008
上桌游,724.218,1,16777215,2025-02-13 17:33:11,27840548398,60,庆典筹备,关于我转生变成史莱姆这档事 第三季,113818915046008
度假村呗,751.911,1,16777215,2025-02-13 17:29:50,27840548398,60,庆典筹备,关于我转生变成史莱姆这档事 第三季,113818915046008
开会筹备，也就是开会，筹备完开会，就是开会完开会,47.443,1,16777215,2025-02-13 16:33:11,27840548398,60,庆典筹备,关于我转生变成史莱姆这档事 第三季,113818915046008
可爱捏,1214.707,1,16777215,2025-02-13 13:12:44,27840548398,60,庆典筹备,关于我转生变成史莱姆这档事 第三季,113818915046008
今天才发现贝斯塔的配音居然是社长！,61.863,1,16777215,2025-02-13 12:30:07,27840548398,60,庆典筹备,关于我转生变成史莱姆这档事 第三季,113818915046008
除了开会就是干饭,264.529,1,16777215,2025-02-13 09:25:26,27840548398,60,庆典筹备,关于我转生变成史莱姆这档事 第三季,113818915046008
办世博会了属于是,775.526,1,16777215,2025-02-13 04:17:45,27840548398,60,庆典筹备,关于我转生变成史莱姆这档事 第三季,113818915046008
忠诚！,1208.916,1,16777215,2025-02-13 03:48:01,27840548398,60,庆典筹备,关于我转生变成史莱姆这档事 第三季,113818915046008
喜欢喜欢喜欢,132.12,1,16777215,2025-02-12 22:27:32,27840548398,60,庆典筹备,关于我转生变成史莱姆这档事 第三季,113818915046008
我也好喜欢,126.408,1,16777215,2025-02-12 22:27:17,27840548398,60,庆典筹备,关于我转生变成史莱姆这档事 第三季,113818915046008
缪尔迈,333.353,1,16777215,2025-02-12 17:00:55,27840548398,60,庆典筹备,关于我转生变成史莱姆这档事 第三季,113818915046008
这是农家乐？,745.43,1,16777215,2025-02-12 13:11:09,27840548398,60,庆典筹备,关于我转生变成史莱姆这档事 第三季,113818915046008
一天天的，我看是你自己想吃哈哈哈哈哈哈,528.577,1,16777215,2025-02-12 12:41:01,27840548398,60,庆典筹备,关于我转生变成史莱姆这档事 第三季,113818915046008
闪光的击坠王,836.093,5,41194,2025-02-12 11:12:22,27840548398,60,庆典筹备,关于我转生变成史莱姆这档事 第三季,113818915046008
有47个和我开会,88.596,1,16777215,2025-02-12 05:03:21,27840548398,60,庆典筹备,关于我转生变成史莱姆这档事 第三季,113818915046008
是不是忘了一个项目了？（之前建的迷宫）,915.193,1,16777215,2025-02-12 03:59:26,27840548398,60,庆典筹备,关于我转生变成史莱姆这档事 第三季,113818915046008
迪亚波罗确实搓的挺圆的,1273.779,1,16777215,2025-02-12 00:41:50,27840548398,60,庆典筹备,关于我转生变成史莱姆这档事 第三季,113818915046008
朱莱,1039.871,1,16777215,2025-02-11 19:47:35,27840548398,60,庆典筹备,关于我转生变成史莱姆这档事 第三季,113818915046008
开会吧,23.167,1,16777215,2025-02-11 18:51:12,27840548398,60,庆典筹备,关于我转生变成史莱姆这档事 第三季,113818915046008
FBI,1223.205,1,16777215,2025-02-11 17:01:29,27840548398,60,庆典筹备,关于我转生变成史莱姆这档事 第三季,113818915046008
好一个头脑风暴啊,1151.936,1,16777215,2025-02-11 17:00:20,27840548398,60,庆典筹备,关于我转生变成史莱姆这档事 第三季,113818915046008
两个奸商,1068.256,1,16777215,2025-02-11 16:58:48,27840548398,60,庆典筹备,关于我转生变成史莱姆这档事 第三季,113818915046008
哦咯咯咯咯咯咯咯咯咯咯咯咯咯咯咯咯咯咯,1381.948,1,16777215,2025-02-11 16:27:03,27840548398,60,庆典筹备,关于我转生变成史莱姆这档事 第三季,113818915046008
生与死比舞大赛,864.703,1,16777215,2025-02-11 16:15:00,27840548398,60,庆典筹备,关于我转生变成史莱姆这档事 第三季,113818915046008
路走宽了,709.178,1,16777215,2025-02-11 16:02:06,27840548398,60,庆典筹备,关于我转生变成史莱姆这档事 第三季,113818915046008
日向：我这也要几家,528.077,1,16777215,2025-02-11 15:33:39,27840548398,60,庆典筹备,关于我转生变成史莱姆这档事 第三季,113818915046008
完了莎士比亚危,789.86,1,16777215,2025-02-11 01:01:47,27840548398,60,庆典筹备,关于我转生变成史莱姆这档事 第三季,113818915046008
完啦,406.894,1,16777215,2025-02-10 20:48:52,27840548398,60,庆典筹备,关于我转生变成史莱姆这档事 第三季,113818915046008
这两天从第一季重看一遍，才想起这货是谁,525.098,1,16777215,2025-02-10 13:19:19,27840548398,60,庆典筹备,关于我转生变成史莱姆这档事 第三季,113818915046008
佩佩:万王之王！,815.313,1,16707842,2025-02-10 12:24:16,27840548398,60,庆典筹备,关于我转生变成史莱姆这档事 第三季,113818915046008
这个店歇业，泡芙魔王要哭了,279.762,1,16777215,2025-02-10 03:47:21,27840548398,60,庆典筹备,关于我转生变成史莱姆这档事 第三季,113818915046008
最初勇者的转世,838.414,1,16777215,2025-02-09 23:19:23,27840548398,60,庆典筹备,关于我转生变成史莱姆这档事 第三季,113818915046008
我来迟了吗,841.071,1,16777215,2025-02-09 22:59:04,27840548398,60,庆典筹备,关于我转生变成史莱姆这档事 第三季,113818915046008
开！！！,12.12,5,16776960,2025-02-09 22:38:22,27840548398,60,庆典筹备,关于我转生变成史莱姆这档事 第三季,113818915046008
悟空 午饭,872.613,1,16777215,2025-02-09 21:37:09,27840548398,60,庆典筹备,关于我转生变成史莱姆这档事 第三季,113818915046008
政府效率部,1187.938,1,16777215,2025-02-09 17:43:02,27840548398,60,庆典筹备,关于我转生变成史莱姆这档事 第三季,113818915046008
哈哈哈,1063.476,1,16777215,2025-02-09 16:05:57,27840548398,60,庆典筹备,关于我转生变成史莱姆这档事 第三季,113818915046008
五哈哈哈,1067.809,1,16777215,2025-02-09 14:14:59,27840548398,60,庆典筹备,关于我转生变成史莱姆这档事 第三季,113818915046008
收编了,1186.77,1,16777215,2025-02-09 14:01:48,27840548398,60,庆典筹备,关于我转生变成史莱姆这档事 第三季,113818915046008
--+-+-+----+,914.493,1,16777215,2025-02-09 12:33:41,27840548398,60,庆典筹备,关于我转生变成史莱姆这档事 第三季,113818915046008
那路过多,1060.565,1,16777215,2025-02-09 12:21:59,27840548398,60,庆典筹备,关于我转生变成史莱姆这档事 第三季,113818915046008
那路过多,1037.925,1,16777215,2025-02-09 12:21:37,27840548398,60,庆典筹备,关于我转生变成史莱姆这档事 第三季,113818915046008
波风水门是吧,802.601,1,16777215,2025-02-09 07:39:02,27840548398,60,庆典筹备,关于我转生变成史莱姆这档事 第三季,113818915046008
开会开开开开到厌倦,13.912,1,16777215,2025-02-09 06:28:34,27840548398,60,庆典筹备,关于我转生变成史莱姆这档事 第三季,113818915046008
这一季真和平。,1098.314,1,16777215,2025-02-09 02:57:07,27840548398,60,庆典筹备,关于我转生变成史莱姆这档事 第三季,113818915046008
萌王就是萌王,450.944,1,16777215,2025-02-09 02:48:06,27840548398,60,庆典筹备,关于我转生变成史莱姆这档事 第三季,113818915046008
死定了，死定了,402.977,1,16777215,2025-02-09 02:47:06,27840548398,60,庆典筹备,关于我转生变成史莱姆这档事 第三季,113818915046008
小丫头？,389.811,1,16777215,2025-02-09 02:46:15,27840548398,60,庆典筹备,关于我转生变成史莱姆这档事 第三季,113818915046008
不吃你还脸红？,253.377,1,16777215,2025-02-09 02:44:03,27840548398,60,庆典筹备,关于我转生变成史莱姆这档事 第三季,113818915046008
料理镜头一秒都不给吗……,265.551,1,16777215,2025-02-09 01:37:49,27840548398,60,庆典筹备,关于我转生变成史莱姆这档事 第三季,113818915046008
良心老板啊,597.276,1,16777215,2025-02-09 01:26:48,27840548398,60,庆典筹备,关于我转生变成史莱姆这档事 第三季,113818915046008
你一个农业魔法背景的时代。。普通人那里有闲钱去支持你的娱乐经济啊？,1144.941,1,16777215,2025-02-08 23:29:26,27840548398,60,庆典筹备,关于我转生变成史莱姆这档事 第三季,113818915046008
啊啊啊,1038.853,1,16777215,2025-02-08 17:57:00,27840548398,60,庆典筹备,关于我转生变成史莱姆这档事 第三季,113818915046008
那这想挣回成本也不容易 ,989.198,1,16777215,2025-02-08 17:05:48,27840548398,60,庆典筹备,关于我转生变成史莱姆这档事 第三季,113818915046008
2个字，奸商,1078.558,1,16777215,2025-02-08 16:30:37,27840548398,60,庆典筹备,关于我转生变成史莱姆这档事 第三季,113818915046008
打麻将,781.417,1,16777215,2025-02-08 16:27:15,27840548398,60,庆典筹备,关于我转生变成史莱姆这档事 第三季,113818915046008
哈哈哈哈哈哈哈哈哈哈哈h,631.402,1,16777215,2025-02-08 14:46:45,27840548398,60,庆典筹备,关于我转生变成史莱姆这档事 第三季,113818915046008
啊～,417.434,1,8700107,2025-02-08 14:01:31,27840548398,60,庆典筹备,关于我转生变成史莱姆这档事 第三季,113818915046008
是，大臣,1198.932,1,16777215,2025-02-08 10:24:39,27840548398,60,庆典筹备,关于我转生变成史莱姆这档事 第三季,113818915046008
赌场,733.137,1,16777215,2025-02-08 03:12:42,27840548398,60,庆典筹备,关于我转生变成史莱姆这档事 第三季,113818915046008
快进,889.128,1,16777215,2025-02-08 02:44:59,27840548398,60,庆典筹备,关于我转生变成史莱姆这档事 第三季,113818915046008
好可爱,132.254,1,16777215,2025-02-08 02:44:50,27840548398,60,庆典筹备,关于我转生变成史莱姆这档事 第三季,113818915046008
开赌场啊,744.103,1,15138834,2025-02-08 01:22:15,27840548398,60,庆典筹备,关于我转生变成史莱姆这档事 第三季,113818915046008
看来不喜欢的只是开会的内容,1287.101,1,16777215,2025-02-08 00:18:32,27840548398,60,庆典筹备,关于我转生变成史莱姆这档事 第三季,113818915046008
芙芙（幻视）,453.847,5,16777215,2025-02-08 00:17:47,27840548398,60,庆典筹备,关于我转生变成史莱姆这档事 第三季,113818915046008
大哥没有输,272.599,1,16777215,2025-02-08 00:02:57,27840548398,60,庆典筹备,关于我转生变成史莱姆这档事 第三季,113818915046008
ch村长手指头快断了,30.111,1,16777215,2025-02-07 23:20:41,27840548398,60,庆典筹备,关于我转生变成史莱姆这档事 第三季,113818915046008
演艺经济,853.162,1,16777215,2025-02-07 22:00:02,27840548398,60,庆典筹备,关于我转生变成史莱姆这档事 第三季,113818915046008
产业转型了开始,748.072,1,16777215,2025-02-07 21:57:42,27840548398,60,庆典筹备,关于我转生变成史莱姆这档事 第三季,113818915046008
五蚂蚁,279.406,1,16777215,2025-02-07 21:16:03,27840548398,60,庆典筹备,关于我转生变成史莱姆这档事 第三季,113818915046008
要地下城迷宫了。,885.137,1,16777215,2025-02-07 16:30:07,27840548398,60,庆典筹备,关于我转生变成史莱姆这档事 第三季,113818915046008
这些都是很有必要的环节吧,1044.117,1,16777215,2025-02-07 16:12:30,27840548398,60,庆典筹备,关于我转生变成史莱姆这档事 第三季,113818915046008
商业番,1002.419,1,16777215,2025-02-07 15:33:46,27840548398,60,庆典筹备,关于我转生变成史莱姆这档事 第三季,113818915046008
没得选哈,1206.049,1,16777215,2025-02-07 12:16:33,27840548398,60,庆典筹备,关于我转生变成史莱姆这档事 第三季,113818915046008
すき焼き！,250.66,5,15138834,2025-02-07 02:51:57,27840548398,60,庆典筹备,关于我转生变成史莱姆这档事 第三季,113818915046008
讲道理，到这里看哭了,1180.556,1,16777215,2025-02-07 01:00:45,27840548398,60,庆典筹备,关于我转生变成史莱姆这档事 第三季,113818915046008
帕瓦,1416.918,5,16777215,2025-02-06 23:15:11,27840548398,60,庆典筹备,关于我转生变成史莱姆这档事 第三季,113818915046008
经营管理部,1176.619,1,16777215,2025-02-06 23:10:29,27840548398,60,庆典筹备,关于我转生变成史莱姆这档事 第三季,113818915046008
来点中餐吧…,278.61,1,16777215,2025-02-06 22:54:10,27840548398,60,庆典筹备,关于我转生变成史莱姆这档事 第三季,113818915046008
官方吐槽,399.252,1,16777215,2025-02-06 20:23:21,27840548398,60,庆典筹备,关于我转生变成史莱姆这档事 第三季,113818915046008
继续开会,1251.638,1,16777215,2025-02-06 17:00:20,27840548398,60,庆典筹备,关于我转生变成史莱姆这档事 第三季,113818915046008
龙珠,866.644,1,16777215,2025-02-06 12:46:29,27840548398,60,庆典筹备,关于我转生变成史莱姆这档事 第三季,113818915046008
开催！,211.668,5,16777215,2025-02-06 11:42:54,27840548398,60,庆典筹备,关于我转生变成史莱姆这档事 第三季,113818915046008
mf,3.455,1,16777215,2025-02-06 11:21:18,27840548398,60,庆典筹备,关于我转生变成史莱姆这档事 第三季,113818915046008
恩！情！,1207.544,1,16777215,2025-02-06 11:06:40,27840548398,60,庆典筹备,关于我转生变成史莱姆这档事 第三季,113818915046008
忠！诚！,1201.664,1,16777215,2025-02-06 10:40:27,27840548398,60,庆典筹备,关于我转生变成史莱姆这档事 第三季,113818915046008
忠！诚！,1207.953,1,16777215,2025-02-06 10:40:19,27840548398,60,庆典筹备,关于我转生变成史莱姆这档事 第三季,113818915046008
啊对对对,1122.846,1,16777215,2025-02-06 06:24:09,27840548398,60,庆典筹备,关于我转生变成史莱姆这档事 第三季,113818915046008
十多级了，都没见过打架,77.234,1,16777215,2025-02-06 01:49:58,27840548398,60,庆典筹备,关于我转生变成史莱姆这档事 第三季,113818915046008
舒婷！,1084.337,1,16777215,2025-02-06 01:44:57,27840548398,60,庆典筹备,关于我转生变成史莱姆这档事 第三季,113818915046008
哇咔咔,213.342,1,16646914,2025-02-06 01:11:42,27840548398,60,庆典筹备,关于我转生变成史莱姆这档事 第三季,113818915046008
盖亚！,1386.987,1,16777215,2025-02-06 00:25:03,27840548398,60,庆典筹备,关于我转生变成史莱姆这档事 第三季,113818915046008
怎么这声线这么像雷影？,780.42,5,41194,2025-02-05 23:38:08,27840548398,60,庆典筹备,关于我转生变成史莱姆这档事 第三季,113818915046008
商贸部部长,1199.075,1,16777215,2025-02-05 22:56:27,27840548398,60,庆典筹备,关于我转生变成史莱姆这档事 第三季,113818915046008
添入乱,1348.951,1,16777215,2025-02-05 22:26:54,27840548398,60,庆典筹备,关于我转生变成史莱姆这档事 第三季,113818915046008
逐渐迪化,1121.998,1,16777215,2025-02-05 21:58:32,27840548398,60,庆典筹备,关于我转生变成史莱姆这档事 第三季,113818915046008
选择不跳过OP！,113.567,1,16777215,2025-02-05 21:51:55,27840548398,60,庆典筹备,关于我转生变成史莱姆这档事 第三季,113818915046008
萌王的钱袋子,305.4,1,16777215,2025-02-05 20:39:05,27840548398,60,庆典筹备,关于我转生变成史莱姆这档事 第三季,113818915046008
美人计,879.485,1,16777215,2025-02-05 18:03:25,27840548398,60,庆典筹备,关于我转生变成史莱姆这档事 第三季,113818915046008
鲁德拉,816.824,1,16777215,2025-02-05 17:10:53,27840548398,60,庆典筹备,关于我转生变成史莱姆这档事 第三季,113818915046008
这是勇者吧,193.831,5,16777215,2025-02-05 16:50:34,27840548398,60,庆典筹备,关于我转生变成史莱姆这档事 第三季,113818915046008
迷宫！,156.551,1,16777215,2025-02-05 16:49:42,27840548398,60,庆典筹备,关于我转生变成史莱姆这档事 第三季,113818915046008
倒是不算反派,1360.979,1,16777215,2025-02-05 12:28:22,27840548398,60,庆典筹备,关于我转生变成史莱姆这档事 第三季,113818915046008
阿里个图,436.952,1,16777215,2025-02-05 11:05:50,27840548398,60,庆典筹备,关于我转生变成史莱姆这档事 第三季,113818915046008
来跟,419.496,1,16777215,2025-02-05 11:05:24,27840548398,60,庆典筹备,关于我转生变成史莱姆这档事 第三季,113818915046008
为啥不造火车啊,1015.595,1,16777215,2025-02-05 04:27:24,27840548398,60,庆典筹备,关于我转生变成史莱姆这档事 第三季,113818915046008
法普坦！,687.871,1,16777215,2025-02-05 02:27:47,27840548398,60,庆典筹备,关于我转生变成史莱姆这档事 第三季,113818915046008
犹太人既视感,1158.38,1,16777215,2025-02-05 02:03:07,27840548398,60,庆典筹备,关于我转生变成史莱姆这档事 第三季,113818915046008
官方吐槽，最为致命,837.812,1,16777215,2025-02-05 01:59:09,27840548398,60,庆典筹备,关于我转生变成史莱姆这档事 第三季,113818915046008
顾客说一句难吃会被直接烤了吧,576.915,1,16777215,2025-02-04 23:29:21,27840548398,60,庆典筹备,关于我转生变成史莱姆这档事 第三季,113818915046008
这脸型着发型，玩街霸的没有要说的吗？,419.953,1,16777215,2025-02-04 23:12:45,27840548398,60,庆典筹备,关于我转生变成史莱姆这档事 第三季,113818915046008
英雄来一箭把,765.955,1,16777215,2025-02-04 21:37:52,27840548398,60,庆典筹备,关于我转生变成史莱姆这档事 第三季,113818915046008
开会开会！！！,11.922,1,16777215,2025-02-04 20:29:59,27840548398,60,庆典筹备,关于我转生变成史莱姆这档事 第三季,113818915046008
死都死光了，还能不圆满,1277.65,1,16777215,2025-02-04 17:50:21,27840548398,60,庆典筹备,关于我转生变成史莱姆这档事 第三季,113818915046008
卡哇伊,1217.507,1,16777215,2025-02-04 16:54:12,27840548398,60,庆典筹备,关于我转生变成史莱姆这档事 第三季,113818915046008
额哈哈哈,1063.567,1,16777215,2025-02-04 16:40:05,27840548398,60,庆典筹备,关于我转生变成史莱姆这档事 第三季,113818915046008
长袖善舞，八面玲珑啊,1062.573,1,16777215,2025-02-04 05:13:40,27840548398,60,庆典筹备,关于我转生变成史莱姆这档事 第三季,113818915046008
路走窄了呀,405.734,5,16777215,2025-02-04 02:49:58,27840548398,60,庆典筹备,关于我转生变成史莱姆这档事 第三季,113818915046008
过年了，也要开个会,46.886,1,16777215,2025-02-04 01:17:35,27840548398,60,庆典筹备,关于我转生变成史莱姆这档事 第三季,113818915046008
永远喜欢朱菜,100.553,1,16777215,2025-02-03 23:48:25,27840548398,60,庆典筹备,关于我转生变成史莱姆这档事 第三季,113818915046008
现上轿现扎耳朵眼儿,1129.775,5,16707842,2025-02-03 22:06:35,27840548398,60,庆典筹备,关于我转生变成史莱姆这档事 第三季,113818915046008
这个番到底是什么类型的？！TAT,1044.311,1,16777215,2025-02-03 21:17:47,27840548398,60,庆典筹备,关于我转生变成史莱姆这档事 第三季,113818915046008
大力发展第三产业,1022.74,1,16777215,2025-02-03 20:38:26,27840548398,60,庆典筹备,关于我转生变成史莱姆这档事 第三季,113818915046008
不会累吗？,1106.41,1,16777215,2025-02-03 19:31:38,27840548398,60,庆典筹备,关于我转生变成史莱姆这档事 第三季,113818915046008
这是开席,5.511,5,16777215,2025-02-03 16:40:36,27840548398,60,庆典筹备,关于我转生变成史莱姆这档事 第三季,113818915046008
你是活爹没错，但这位蓝头发的可是个活祖宗,426.867,1,16777215,2025-02-03 16:20:06,27840548398,60,庆典筹备,关于我转生变成史莱姆这档事 第三季,113818915046008
哈哈哈哈,1110.887,1,16777215,2025-02-03 15:00:50,27840548398,60,庆典筹备,关于我转生变成史莱姆这档事 第三季,113818915046008
米粒姆的舅舅,823.821,1,16777215,2025-02-03 12:29:09,27840548398,60,庆典筹备,关于我转生变成史莱姆这档事 第三季,113818915046008
你俩结婚吧，真能聊,811.148,1,16777215,2025-02-03 11:02:24,27840548398,60,庆典筹备,关于我转生变成史莱姆这档事 第三季,113818915046008
果然这几个没就没一个是好东西，要么就是想赚钱，要么就是好事。,1077.825,5,16707842,2025-02-03 01:29:47,27840548398,60,庆典筹备,关于我转生变成史莱姆这档事 第三季,113818915046008
果然这几个人就没一个是好东西。,1077.825,5,16707842,2025-02-03 01:29:37,27840548398,60,庆典筹备,关于我转生变成史莱姆这档事 第三季,113818915046008
不好意思，请你把你的头先离开一下，我对你背后那个温泉更感兴趣。,997.59,5,16707842,2025-02-03 01:27:40,27840548398,60,庆典筹备,关于我转生变成史莱姆这档事 第三季,113818915046008
一个是炫耀，另一个是当着别人的面开脸炫耀。,984.77,5,16707842,2025-02-03 01:27:10,27840548398,60,庆典筹备,关于我转生变成史莱姆这档事 第三季,113818915046008
你这语气和表情简直就像是在想象，竞技场里面一群美女在互相打架，撕衣服一样。,852.486,5,16707842,2025-02-03 01:23:56,27840548398,60,庆典筹备,关于我转生变成史莱姆这档事 第三季,113818915046008
没事，你继续说，我听着。,835.762,5,41194,2025-02-03 01:22:47,27840548398,60,庆典筹备,关于我转生变成史莱姆这档事 第三季,113818915046008
光是这个名字这个也不是什么好东西，可以有的呀。,473.09,5,15138834,2025-02-03 01:14:25,27840548398,60,庆典筹备,关于我转生变成史莱姆这档事 第三季,113818915046008
第二季真没劲，除了开会就是开会,257.257,1,16777215,2025-02-03 01:04:45,27840548398,60,庆典筹备,关于我转生变成史莱姆这档事 第三季,113818915046008
个人感觉挺有意思的,1021.364,1,16777215,2025-02-02 22:51:27,27840548398,60,庆典筹备,关于我转生变成史莱姆这档事 第三季,113818915046008
不懂，我玩一把可以闪避反击的二字武器的,747.804,1,16777215,2025-02-02 22:45:55,27840548398,60,庆典筹备,关于我转生变成史莱姆这档事 第三季,113818915046008
是萌王自己想吃了吧,527.394,1,16777215,2025-02-02 22:41:33,27840548398,60,庆典筹备,关于我转生变成史莱姆这档事 第三季,113818915046008
这不就是个日常番吗？喜欢看战斗的来这真实委屈你们了，去看热血漫画吧,1265.312,1,16777215,2025-02-02 22:38:52,27840548398,60,庆典筹备,关于我转生变成史莱姆这档事 第三季,113818915046008
开会番，服了…,1041.858,1,16777215,2025-02-02 21:56:50,27840548398,60,庆典筹备,关于我转生变成史莱姆这档事 第三季,113818915046008
奸商的笑（bushi）,1090.647,1,16777215,2025-02-02 20:32:37,27840548398,60,庆典筹备,关于我转生变成史莱姆这档事 第三季,113818915046008
唉居然不是拉斐尔想到的？！,1026.429,1,16777215,2025-02-02 20:31:13,27840548398,60,庆典筹备,关于我转生变成史莱姆这档事 第三季,113818915046008
大力发展旅游业啊,709.866,1,16777215,2025-02-02 20:25:40,27840548398,60,庆典筹备,关于我转生变成史莱姆这档事 第三季,113818915046008
暗黑心理学,335.445,1,16777215,2025-02-02 20:18:24,27840548398,60,庆典筹备,关于我转生变成史莱姆这档事 第三季,113818915046008
社交的手腕,313.067,1,16777215,2025-02-02 20:17:21,27840548398,60,庆典筹备,关于我转生变成史莱姆这档事 第三季,113818915046008
你完蛋啦！,406.933,1,16777215,2025-02-02 15:58:42,27840548398,60,庆典筹备,关于我转生变成史莱姆这档事 第三季,113818915046008
桀桀桀！,1079.974,1,16777215,2025-02-02 15:52:42,27840548398,60,庆典筹备,关于我转生变成史莱姆这档事 第三季,113818915046008
吉田是吧,219.561,1,16777215,2025-02-02 15:44:50,27840548398,60,庆典筹备,关于我转生变成史莱姆这档事 第三季,113818915046008
穆夏风插图啊,198.819,1,16777215,2025-02-02 15:07:01,27840548398,60,庆典筹备,关于我转生变成史莱姆这档事 第三季,113818915046008
？卜史戈门,1044.031,1,16777215,2025-02-02 14:52:24,27840548398,60,庆典筹备,关于我转生变成史莱姆这档事 第三季,113818915046008
万年！,777.938,1,16777215,2025-02-02 10:49:43,27840548398,60,庆典筹备,关于我转生变成史莱姆这档事 第三季,113818915046008
佐藤和真和他一个配音,59.311,1,16777215,2025-02-02 03:04:25,27840548398,60,庆典筹备,关于我转生变成史莱姆这档事 第三季,113818915046008
看到现在除了脸 名字就记住了 静和红丸 ,826.427,1,16777215,2025-02-02 00:51:27,27840548398,60,庆典筹备,关于我转生变成史莱姆这档事 第三季,113818915046008
成为干部换个长生族都行了,1215.328,1,16777215,2025-02-01 22:33:53,27840548398,60,庆典筹备,关于我转生变成史莱姆这档事 第三季,113818915046008
开会啦，开会啦 ,9.5,1,16777215,2025-02-01 21:41:46,27840548398,60,庆典筹备,关于我转生变成史莱姆这档事 第三季,113818915046008
游乐园,736.708,1,16777215,2025-02-01 21:26:19,27840548398,60,庆典筹备,关于我转生变成史莱姆这档事 第三季,113818915046008
开会！！！,26.723,1,16777215,2025-02-01 21:03:57,27840548398,60,庆典筹备,关于我转生变成史莱姆这档事 第三季,113818915046008
小吉，能不能回去做好你的狒狒14,214.807,1,16777215,2025-02-01 19:53:33,27840548398,60,庆典筹备,关于我转生变成史莱姆这档事 第三季,113818915046008
霸总摩迈尔,433.775,1,16777215,2025-02-01 19:05:45,27840548398,60,庆典筹备,关于我转生变成史莱姆这档事 第三季,113818915046008
是绯红之王,829.799,1,16777215,2025-02-01 18:48:01,27840548398,60,庆典筹备,关于我转生变成史莱姆这档事 第三季,113818915046008
正幸的能力就是，“我都不做，别人会自发吹捧我”,814.243,1,16777215,2025-02-01 18:46:10,27840548398,60,庆典筹备,关于我转生变成史莱姆这档事 第三季,113818915046008
奥运会？,1033.696,1,16777215,2025-02-01 11:15:15,27840548398,60,庆典筹备,关于我转生变成史莱姆这档事 第三季,113818915046008
紫悦，紫悦在哪,249.797,1,16777215,2025-02-01 10:49:50,27840548398,60,庆典筹备,关于我转生变成史莱姆这档事 第三季,113818915046008
过年啦,35.0,1,16777215,2025-02-01 10:45:52,27840548398,60,庆典筹备,关于我转生变成史莱姆这档事 第三季,113818915046008
你叫过去就等于完蛋了,1365.013,1,16777215,2025-02-01 10:35:01,27840548398,60,庆典筹备,关于我转生变成史莱姆这档事 第三季,113818915046008
奸商简直就是奸商的会议,1079.642,1,16777215,2025-02-01 10:31:22,27840548398,60,庆典筹备,关于我转生变成史莱姆这档事 第三季,113818915046008
不过这场游戏要好好的开始,1015.498,1,16777215,2025-02-01 10:29:59,27840548398,60,庆典筹备,关于我转生变成史莱姆这档事 第三季,113818915046008
哈哈哈哈哈哈哈哈,1150.011,1,16777215,2025-02-01 01:56:23,27840548398,60,庆典筹备,关于我转生变成史莱姆这档事 第三季,113818915046008
可爱,1011.337,1,16777215,2025-02-01 01:54:56,27840548398,60,庆典筹备,关于我转生变成史莱姆这档事 第三季,113818915046008
可以了，比上半季强太多了，现在没有那么突兀了，上半季纯纯用开会推进主线了或者说上半季主线就是开会,733.771,1,16777215,2025-01-31 20:44:46,27840548398,60,庆典筹备,关于我转生变成史莱姆这档事 第三季,113818915046008
有经费了？,150.631,1,16777215,2025-01-31 20:33:42,27840548398,60,庆典筹备,关于我转生变成史莱姆这档事 第三季,113818915046008
这一季的评分真的好低啊，现在还不到7分,656.995,1,16777215,2025-01-31 20:26:19,27840548398,60,庆典筹备,关于我转生变成史莱姆这档事 第三季,113818915046008
地标,708.583,1,16777215,2025-01-31 18:32:44,27840548398,60,庆典筹备,关于我转生变成史莱姆这档事 第三季,113818915046008
做饭不让紫苑？,264.312,1,16777215,2025-01-31 17:43:14,27840548398,60,庆典筹备,关于我转生变成史莱姆这档事 第三季,113818915046008
利姆鲁这个侧脸真让人害怕,1191.031,1,16777215,2025-01-31 16:49:52,27840548398,60,庆典筹备,关于我转生变成史莱姆这档事 第三季,113818915046008
你NN的，闪光只能让我亚总用！,825.099,1,15138834,2025-01-31 15:54:27,27840548398,60,庆典筹备,关于我转生变成史莱姆这档事 第三季,113818915046008
难吃的没边了这东西。。。,278.27,1,16777215,2025-01-31 04:51:02,27840548398,60,庆典筹备,关于我转生变成史莱姆这档事 第三季,113818915046008
你小子不知道做好人引狼入室啊。,1351.031,1,16777215,2025-01-31 04:11:26,27840548398,60,庆典筹备,关于我转生变成史莱姆这档事 第三季,113818915046008
户部尚书,1179.752,1,16777215,2025-01-31 01:08:46,27840548398,60,庆典筹备,关于我转生变成史莱姆这档事 第三季,113818915046008
发展旅游城市啊,777.995,1,16777215,2025-01-30 23:20:11,27840548398,60,庆典筹备,关于我转生变成史莱姆这档事 第三季,113818915046008
路走宽了,909.774,1,16777215,2025-01-30 22:06:48,27840548398,60,庆典筹备,关于我转生变成史莱姆这档事 第三季,113818915046008
老登！,248.98,5,16777215,2025-01-30 20:21:53,27840548398,60,庆典筹备,关于我转生变成史莱姆这档事 第三季,113818915046008
史莱姆好漂亮,895.604,1,16777215,2025-01-30 20:11:14,27840548398,60,庆典筹备,关于我转生变成史莱姆这档事 第三季,113818915046008
这两货就是奸商啊,1149.335,1,16777215,2025-01-30 16:31:29,27840548398,60,庆典筹备,关于我转生变成史莱姆这档事 第三季,113818915046008
说的那么好，别到时候没人来,1138.146,1,16777215,2025-01-30 15:05:12,27840548398,60,庆典筹备,关于我转生变成史莱姆这档事 第三季,113818915046008
你这老登就是找台阶的吧,278.643,1,16777215,2025-01-30 14:51:29,27840548398,60,庆典筹备,关于我转生变成史莱姆这档事 第三季,113818915046008
完了,89.941,1,16777215,2025-01-30 10:16:50,27840548398,60,庆典筹备,关于我转生变成史莱姆这档事 第三季,113818915046008
会长，你又摸鱼开会了,1253.5,1,16777215,2025-01-29 23:46:50,27840548398,60,庆典筹备,关于我转生变成史莱姆这档事 第三季,113818915046008
进度条君，你要挺住啊,1051.431,1,16777215,2025-01-29 23:42:27,27840548398,60,庆典筹备,关于我转生变成史莱姆这档事 第三季,113818915046008
效率部！,1177.509,1,16777215,2025-01-29 22:44:20,27840548398,60,庆典筹备,关于我转生变成史莱姆这档事 第三季,113818915046008
我怎么记得小说里面是煎鸡蛋,265.49,1,16777215,2025-01-29 22:10:00,27840548398,60,庆典筹备,关于我转生变成史莱姆这档事 第三季,113818915046008
你们把他当成泡面番就行了,1480.328,1,16777215,2025-01-29 21:47:18,27840548398,60,庆典筹备,关于我转生变成史莱姆这档事 第三季,113818915046008
过年还要开会,16.225,1,16777215,2025-01-29 21:15:23,27840548398,60,庆典筹备,关于我转生变成史莱姆这档事 第三季,113818915046008
(˃ ⌑ ˂ഃ )新op！,127.048,1,16777215,2025-01-29 21:03:53,27840548398,60,庆典筹备,关于我转生变成史莱姆这档事 第三季,113818915046008
优树就是一个笑面虎阴险的野心家。,1356.634,1,16777215,2025-01-29 20:57:58,27840548398,60,庆典筹备,关于我转生变成史莱姆这档事 第三季,113818915046008
迪迦！,1386.928,5,16777215,2025-01-29 17:57:23,27840548398,60,庆典筹备,关于我转生变成史莱姆这档事 第三季,113818915046008
无他，唯时代尔,206.281,1,16777215,2025-01-29 17:38:39,27840548398,60,庆典筹备,关于我转生变成史莱姆这档事 第三季,113818915046008
感觉很有趣啊，讲的都是娱乐，至少比讲打仗要好吧,990.139,1,38979,2025-01-29 17:03:26,27840548398,60,庆典筹备,关于我转生变成史莱姆这档事 第三季,113818915046008
暗嘿心理学,322.758,1,16777215,2025-01-29 14:13:21,27840548398,60,庆典筹备,关于我转生变成史莱姆这档事 第三季,113818915046008
重整鸠拉大森林荣光是吧,909.429,1,16777215,2025-01-29 13:09:59,27840548398,60,庆典筹备,关于我转生变成史莱姆这档事 第三季,113818915046008
世博会,69.255,1,16777215,2025-01-29 04:10:08,27840548398,60,庆典筹备,关于我转生变成史莱姆这档事 第三季,113818915046008
乌云,611.527,1,16777215,2025-01-28 22:43:53,27840548398,60,庆典筹备,关于我转生变成史莱姆这档事 第三季,113818915046008
继续开会,298.868,1,16777215,2025-01-28 17:39:55,27840548398,60,庆典筹备,关于我转生变成史莱姆这档事 第三季,113818915046008
太好听了8！！！！！！！,205.073,1,15138834,2025-01-28 14:46:51,27840548398,60,庆典筹备,关于我转生变成史莱姆这档事 第三季,113818915046008
搞了半天最后没钱了,1154.77,1,16777215,2025-01-28 13:18:41,27840548398,60,庆典筹备,关于我转生变成史莱姆这档事 第三季,113818915046008
先是比武之后是迷宫吧？,722.642,1,16777215,2025-01-28 13:11:00,27840548398,60,庆典筹备,关于我转生变成史莱姆这档事 第三季,113818915046008
不是还在开会。,505.928,1,16777215,2025-01-28 12:32:17,27840548398,60,庆典筹备,关于我转生变成史莱姆这档事 第三季,113818915046008
天才,1134.576,1,16777215,2025-01-28 10:04:24,27840548398,60,庆典筹备,关于我转生变成史莱姆这档事 第三季,113818915046008
没事，已经死光了（,1264.609,1,16777215,2025-01-28 00:37:58,27840548398,60,庆典筹备,关于我转生变成史莱姆这档事 第三季,113818915046008
那不就是美利坚么,55.917,1,16777215,2025-01-27 23:10:52,27840548398,60,庆典筹备,关于我转生变成史莱姆这档事 第三季,113818915046008
社交的手腕,303.015,1,16777215,2025-01-27 21:01:38,27840548398,60,庆典筹备,关于我转生变成史莱姆这档事 第三季,113818915046008
223个人？,30.122,1,16777215,2025-01-27 21:00:17,27840548398,60,庆典筹备,关于我转生变成史莱姆这档事 第三季,113818915046008
太好啦庆典筹备,15.085,1,16777215,2025-01-27 20:32:29,27840548398,60,庆典筹备,关于我转生变成史莱姆这档事 第三季,113818915046008
老感觉这个商人配音卡痰,1094.011,1,16777215,2025-01-27 16:40:11,27840548398,60,庆典筹备,关于我转生变成史莱姆这档事 第三季,113818915046008
开始准备开会。,1198.341,1,16777215,2025-01-27 11:33:52,27840548398,60,庆典筹备,关于我转生变成史莱姆这档事 第三季,113818915046008
鬼见条,1023.003,1,16777215,2025-01-27 10:29:23,27840548398,60,庆典筹备,关于我转生变成史莱姆这档事 第三季,113818915046008
无聊的剧情，全程快进,997.861,5,16777215,2025-01-27 00:18:48,27840548398,60,庆典筹备,关于我转生变成史莱姆这档事 第三季,113818915046008
自动挡,3.626,1,16777215,2025-01-26 21:59:11,27840548398,60,庆典筹备,关于我转生变成史莱姆这档事 第三季,113818915046008
开会了,9.154,1,16777215,2025-01-26 21:42:48,27840548398,60,庆典筹备,关于我转生变成史莱姆这档事 第三季,113818915046008
开会番,34.459,1,16777215,2025-01-26 19:41:26,27840548398,60,庆典筹备,关于我转生变成史莱姆这档事 第三季,113818915046008
黑（街）老大（哥）,493.782,1,16777215,2025-01-26 19:39:06,27840548398,60,庆典筹备,关于我转生变成史莱姆这档事 第三季,113818915046008
相当于拐卖黑人（而且是现代的这种）,350.162,5,16777215,2025-01-26 18:35:21,27840548398,60,庆典筹备,关于我转生变成史莱姆这档事 第三季,113818915046008
怎么还在聊啊,1108.861,1,16777215,2025-01-26 18:07:20,27840548398,60,庆典筹备,关于我转生变成史莱姆这档事 第三季,113818915046008
这正好是个借口，本来就不打算谈了，找个理由赶出去,443.305,5,16711680,2025-01-26 17:56:51,27840548398,60,庆典筹备,关于我转生变成史莱姆这档事 第三季,113818915046008
配音是不死里的,50.216,1,16777215,2025-01-26 17:08:16,27840548398,60,庆典筹备,关于我转生变成史莱姆这档事 第三季,113818915046008
好美丽的ep,1461.724,1,16777215,2025-01-26 12:56:09,27840548398,60,庆典筹备,关于我转生变成史莱姆这档事 第三季,113818915046008
为什么会有现代甜点师,235.095,1,16777215,2025-01-26 09:46:55,27840548398,60,庆典筹备,关于我转生变成史莱姆这档事 第三季,113818915046008
同伴确实强的离谱,830.247,1,16777215,2025-01-26 02:45:08,27840548398,60,庆典筹备,关于我转生变成史莱姆这档事 第三季,113818915046008
啊力固！！！,418.98,1,16777215,2025-01-26 02:10:32,27840548398,60,庆典筹备,关于我转生变成史莱姆这档事 第三季,113818915046008
公主驾到啊,1428.311,5,16777215,2025-01-26 00:05:04,27840548398,60,庆典筹备,关于我转生变成史莱姆这档事 第三季,113818915046008
是他们两个,1367.177,5,16777215,2025-01-25 23:28:27,27840548398,60,庆典筹备,关于我转生变成史莱姆这档事 第三季,113818915046008
一会接一会,1254.2,1,16777215,2025-01-25 23:11:27,27840548398,60,庆典筹备,关于我转生变成史莱姆这档事 第三季,113818915046008
直板夹,1074.351,1,16777215,2025-01-25 21:41:27,27840548398,60,庆典筹备,关于我转生变成史莱姆这档事 第三季,113818915046008
罗马,1008.908,1,16777215,2025-01-25 21:02:23,27840548398,60,庆典筹备,关于我转生变成史莱姆这档事 第三季,113818915046008
直接升职加薪,1177.889,1,16777215,2025-01-25 20:55:56,27840548398,60,庆典筹备,关于我转生变成史莱姆这档事 第三季,113818915046008
wtf,1146.838,1,16777215,2025-01-25 20:41:30,27840548398,60,庆典筹备,关于我转生变成史莱姆这档事 第三季,113818915046008
饿了,526.358,1,16777215,2025-01-25 20:37:57,27840548398,60,庆典筹备,关于我转生变成史莱姆这档事 第三季,113818915046008
好可爱的小动画,543.242,5,16777215,2025-01-25 19:30:33,27840548398,60,庆典筹备,关于我转生变成史莱姆这档事 第三季,113818915046008
好米好米，这个发型我太喜欢了,1257.984,1,16777215,2025-01-25 19:14:27,27840548398,60,庆典筹备,关于我转生变成史莱姆这档事 第三季,113818915046008
好耶，新的~！,1403.375,1,16777215,2025-01-25 18:53:35,27840548398,60,庆典筹备,关于我转生变成史莱姆这档事 第三季,113818915046008
疯狂星期四,527.241,1,16707842,2025-01-25 18:15:58,27840548398,60,庆典筹备,关于我转生变成史莱姆这档事 第三季,113818915046008
走上康庄大道,1213.477,1,16777215,2025-01-25 17:53:50,27840548398,60,庆典筹备,关于我转生变成史莱姆这档事 第三季,113818915046008
财务部长,1194.607,1,16777215,2025-01-25 17:53:31,27840548398,60,庆典筹备,关于我转生变成史莱姆这档事 第三季,113818915046008
私人会议,703.795,1,16777215,2025-01-25 17:52:22,27840548398,60,庆典筹备,关于我转生变成史莱姆这档事 第三季,113818915046008
忠！诚！,1204.773,1,16777215,2025-01-25 17:42:03,27840548398,60,庆典筹备,关于我转生变成史莱姆这档事 第三季,113818915046008
哈哈哈,1074.915,1,16777215,2025-01-25 17:39:43,27840548398,60,庆典筹备,关于我转生变成史莱姆这档事 第三季,113818915046008
榨取所有剩余价值,1148.641,1,16777215,2025-01-25 17:05:05,27840548398,60,庆典筹备,关于我转生变成史莱姆这档事 第三季,113818915046008
消费者剩余,954.537,1,16777215,2025-01-25 13:32:17,27840548398,60,庆典筹备,关于我转生变成史莱姆这档事 第三季,113818915046008
怕不是帝王引擎,822.672,1,16777215,2025-01-25 11:56:29,27840548398,60,庆典筹备,关于我转生变成史莱姆这档事 第三季,113818915046008
当然是有大生意给你呀~~,483.715,1,16777215,2025-01-25 11:17:00,27840548398,60,庆典筹备,关于我转生变成史莱姆这档事 第三季,113818915046008
进度条啊！,489.048,1,16777215,2025-01-25 07:40:28,27840548398,60,庆典筹备,关于我转生变成史莱姆这档事 第三季,113818915046008
社交的手袜,337.9,5,16777215,2025-01-25 04:29:25,27840548398,60,庆典筹备,关于我转生变成史莱姆这档事 第三季,113818915046008
娱乐场所的收益来源就是周边设施,1027.079,1,16777215,2025-01-25 03:31:58,27840548398,60,庆典筹备,关于我转生变成史莱姆这档事 第三季,113818915046008
精神损失费,644.117,1,16777215,2025-01-24 21:44:35,27840548398,60,庆典筹备,关于我转生变成史莱姆这档事 第三季,113818915046008
我好像知道他想干嘛了,503.569,1,16777215,2025-01-24 21:12:19,27840548398,60,庆典筹备,关于我转生变成史莱姆这档事 第三季,113818915046008
我好像知道萌王想干嘛了,356.997,1,16777215,2025-01-24 21:09:40,27840548398,60,庆典筹备,关于我转生变成史莱姆这档事 第三季,113818915046008
你完了哦,393.692,1,16777215,2025-01-24 19:26:22,27840548398,60,庆典筹备,关于我转生变成史莱姆这档事 第三季,113818915046008
无他，为自动档熟尔,206.004,5,16777215,2025-01-24 18:48:01,27840548398,60,庆典筹备,关于我转生变成史莱姆这档事 第三季,113818915046008
你要开演唱会？,926.725,1,16777215,2025-01-24 15:26:57,27840548398,60,庆典筹备,关于我转生变成史莱姆这档事 第三季,113818915046008
骨王：小老弟很懂啊,1119.903,1,16777215,2025-01-24 12:20:59,27840548398,60,庆典筹备,关于我转生变成史莱姆这档事 第三季,113818915046008
大藏省,1185.029,5,16777215,2025-01-24 10:32:51,27840548398,60,庆典筹备,关于我转生变成史莱姆这档事 第三季,113818915046008
哈哈,57.767,1,16777215,2025-01-24 10:31:27,27840548398,60,庆典筹备,关于我转生变成史莱姆这档事 第三季,113818915046008
请君入瓮,1356.147,5,9033215,2025-01-24 03:04:04,27840548398,60,庆典筹备,关于我转生变成史莱姆这档事 第三季,113818915046008
好燃！！！！！！！！,1158.224,5,9033215,2025-01-24 03:00:45,27840548398,60,庆典筹备,关于我转生变成史莱姆这档事 第三季,113818915046008
美丽的魔物公主,785.043,5,9033215,2025-01-24 02:54:30,27840548398,60,庆典筹备,关于我转生变成史莱姆这档事 第三季,113818915046008
156正在开会,90.925,1,16777215,2025-01-24 02:42:22,27840548398,60,庆典筹备,关于我转生变成史莱姆这档事 第三季,113818915046008
最强勇者,813.653,1,16777215,2025-01-24 02:02:38,27840548398,60,庆典筹备,关于我转生变成史莱姆这档事 第三季,113818915046008
忘了他谁啊？,449.78,1,16777215,2025-01-24 00:46:45,27840548398,60,庆典筹备,关于我转生变成史莱姆这档事 第三季,113818915046008
你就是第十阶,1205.265,1,16777215,2025-01-23 23:52:45,27840548398,60,庆典筹备,关于我转生变成史莱姆这档事 第三季,113818915046008
这可比小迪有水份,1130.445,1,16777215,2025-01-23 23:48:09,27840548398,60,庆典筹备,关于我转生变成史莱姆这档事 第三季,113818915046008
来啦,2.557,1,16777215,2025-01-23 23:31:42,27840548398,60,庆典筹备,关于我转生变成史莱姆这档事 第三季,113818915046008
好听！,1407.685,1,16777215,2025-01-23 23:03:16,27840548398,60,庆典筹备,关于我转生变成史莱姆这档事 第三季,113818915046008
确实好听,210.836,1,41194,2025-01-23 22:21:29,27840548398,60,庆典筹备,关于我转生变成史莱姆这档事 第三季,113818915046008
恩情、还不完,430.719,1,16777215,2025-01-23 21:32:44,27840548398,60,庆典筹备,关于我转生变成史莱姆这档事 第三季,113818915046008
水滴鱼,753.527,1,16777215,2025-01-23 19:29:37,27840548398,60,庆典筹备,关于我转生变成史莱姆这档事 第三季,113818915046008
