content,time,mode,color,send_time,cid,episode,episode_title,anime_title,aid
这个女孩只是有点内疚之前在玲子面前说她坏话了吧，不是真的害怕,1049.358,5,16777215,2024-12-16 23:25:31,27300071881,11,告诉我你的名字,夏目友人帐 第七季,113638224433107
万“恶”之源来辣！友人帐出世！！,1137.273,5,16755202,2024-12-16 23:22:42,27300071881,11,告诉我你的名字,夏目友人帐 第七季,113638224433107
所以友人帐叫友人帐啊，因为想和你做朋友,1012.908,1,16777215,2024-12-17 03:29:57,27300071881,11,告诉我你的名字,夏目友人帐 第七季,113638224433107
震惊！第一页的妖怪,162.962,5,16777215,2024-12-16 23:03:02,27300071881,11,告诉我你的名字,夏目友人帐 第七季,113638224433107
磕cp的磕到be的我哈哈哈,1093.234,1,16777215,2024-12-16 23:18:49,27300071881,11,告诉我你的名字,夏目友人帐 第七季,113638224433107
原来是你！,542.662,5,16777215,2024-12-16 23:21:00,27300071881,11,告诉我你的名字,夏目友人帐 第七季,113638224433107
《追本溯源：论夏目友人帐是如何产生的》,561.305,5,16777215,2024-12-16 23:14:33,27300071881,11,告诉我你的名字,夏目友人帐 第七季,113638224433107
友情保安急死了啊啊啊,1211.696,1,16777215,2024-12-16 23:24:39,27300071881,11,告诉我你的名字,夏目友人帐 第七季,113638224433107
因为玲子的心不坚定了，悲伤的情绪传染给妖怪了吗？,1078.797,5,16777215,2024-12-17 02:30:49,27300071881,11,告诉我你的名字,夏目友人帐 第七季,113638224433107
友人帐的名字终于不在中间了,1300.18,5,16777215,2024-12-16 23:30:21,27300071881,11,告诉我你的名字,夏目友人帐 第七季,113638224433107
谁说人生没有那么多的观众,455.805,1,16777215,2024-12-16 23:42:25,27300071881,11,告诉我你的名字,夏目友人帐 第七季,113638224433107
所以刚才四方妖怪才会问玲子跟苍子的比赛还没结束吧，因为四方每天都看着苍子练习呢,956.648,5,16707842,2024-12-17 17:04:10,27300071881,11,告诉我你的名字,夏目友人帐 第七季,113638224433107
四方谷到现在唯一一次看透玲子的内心诶,978.343,5,41194,2024-12-16 23:39:12,27300071881,11,告诉我你的名字,夏目友人帐 第七季,113638224433107
好萌啊哈哈哈哈两边都是，好可爱啊,991.928,1,16777215,2024-12-16 23:16:46,27300071881,11,告诉我你的名字,夏目友人帐 第七季,113638224433107
或许告诉我你的名字就是我想和你成为朋友呢,1158.482,5,16777215,2024-12-16 23:20:09,27300071881,11,告诉我你的名字,夏目友人帐 第七季,113638224433107
外婆太帅了啊啊啊啊，玲子简直是妖王一样的存在，她知道这些妖怪想看笑话，意思是敢惹就是找打,1033.812,5,16777215,2024-12-16 23:18:21,27300071881,11,告诉我你的名字,夏目友人帐 第七季,113638224433107
好了可以了这集结束了，玲苍交换了名字她们已经是好朋友了不用再继续了呜呜呜呜呜呜呜,1021.431,1,16777215,2024-12-17 23:13:55,27300071881,11,告诉我你的名字,夏目友人帐 第七季,113638224433107
玲子在这里保护她,477.206,5,16777215,2024-12-16 23:10:55,27300071881,11,告诉我你的名字,夏目友人帐 第七季,113638224433107
因为总有妖怪来关注她，玲子为了避免她惹上麻烦，所以才叫她不要来这边的吧,459.583,5,15772458,2024-12-17 00:00:12,27300071881,11,告诉我你的名字,夏目友人帐 第七季,113638224433107
苍子也只是好心提醒，但是…太让人难过了,837.694,1,16777215,2024-12-16 23:32:06,27300071881,11,告诉我你的名字,夏目友人帐 第七季,113638224433107
生嚼硬糖，这就是外婆嘛,606.491,1,16777215,2024-12-16 23:12:51,27300071881,11,告诉我你的名字,夏目友人帐 第七季,113638224433107
辛美尔狂喜,1102.624,5,16777215,2024-12-16 23:42:26,27300071881,11,告诉我你的名字,夏目友人帐 第七季,113638224433107
应该是因为下雨生病了吧，前面也说过苍子似乎身体不太好,1080.294,1,16777215,2024-12-16 23:24:57,27300071881,11,告诉我你的名字,夏目友人帐 第七季,113638224433107
《别 以 为 我 会 上 钩》,132.244,5,16777215,2024-12-16 23:01:42,27300071881,11,告诉我你的名字,夏目友人帐 第七季,113638224433107
这个技能 下次把名取或者的场骗来听听他们对彼此是什么看法 就有的好玩了,202.429,5,16777215,2024-12-16 23:04:45,27300071881,11,告诉我你的名字,夏目友人帐 第七季,113638224433107
妖怪:步豪！！！,546.457,1,16777215,2024-12-16 23:10:03,27300071881,11,告诉我你的名字,夏目友人帐 第七季,113638224433107
苍子是执着地想通过这种方式知道玲子的名字吧，所以之前打断过,942.03,5,15138834,2024-12-17 18:36:39,27300071881,11,告诉我你的名字,夏目友人帐 第七季,113638224433107
所以，仓子才是夏目玲子友人帐的第一人,639.327,1,16777215,2024-12-17 00:16:42,27300071881,11,告诉我你的名字,夏目友人帐 第七季,113638224433107
救命。外婆的杀伤力比夏目还恐怖，这季我第1次哭得这么惨,1329.769,5,16777215,2024-12-18 14:30:14,27300071881,11,告诉我你的名字,夏目友人帐 第七季,113638224433107
我算是明白外婆为什么能迷住丙了哈哈哈哈,691.049,1,38979,2024-12-16 23:12:45,27300071881,11,告诉我你的名字,夏目友人帐 第七季,113638224433107
手指头红了，原来你在偷偷练习,927.745,5,16777215,2024-12-17 15:28:53,27300071881,11,告诉我你的名字,夏目友人帐 第七季,113638224433107
本尊就在你旁边啊妹子,821.04,5,16777215,2024-12-16 23:16:28,27300071881,11,告诉我你的名字,夏目友人帐 第七季,113638224433107
妖怪：丸辣,552.418,1,16777215,2024-12-17 02:52:42,27300071881,11,告诉我你的名字,夏目友人帐 第七季,113638224433107
分析此处雨的作用（我心痛啊）,1026.402,5,16777215,2024-12-16 23:21:19,27300071881,11,告诉我你的名字,夏目友人帐 第七季,113638224433107
为什么这里变成玲子小姐了……？以前不是一直是玲子外婆吗,169.233,5,16707842,2024-12-16 23:07:54,27300071881,11,告诉我你的名字,夏目友人帐 第七季,113638224433107
就像玲子想让苍子看，夏目也想让三三看到花田,1380.035,5,16755202,2024-12-16 23:29:13,27300071881,11,告诉我你的名字,夏目友人帐 第七季,113638224433107
妖怪们都好可爱啊哈哈,1003.252,1,16777215,2024-12-16 23:44:30,27300071881,11,告诉我你的名字,夏目友人帐 第七季,113638224433107
不是不需要啊，是不想束缚你们啊,1294.331,1,16777215,2024-12-16 23:28:07,27300071881,11,告诉我你的名字,夏目友人帐 第七季,113638224433107
应该是在苍子眼里，虽然玲子独自一人，但是是她憧憬的样子吧,781.63,5,16777215,2024-12-16 23:13:56,27300071881,11,告诉我你的名字,夏目友人帐 第七季,113638224433107
妖怪你人还蛮热心的咧,442.468,5,16777215,2024-12-16 23:20:39,27300071881,11,告诉我你的名字,夏目友人帐 第七季,113638224433107
听到这个BGM就原谅了全世界谁懂…,220.99,5,16777215,2024-12-16 23:59:08,27300071881,11,告诉我你的名字,夏目友人帐 第七季,113638224433107
老师，看见美丽蓝色花海的心情，我也想与你分享,1393.517,5,41194,2024-12-16 23:33:11,27300071881,11,告诉我你的名字,夏目友人帐 第七季,113638224433107
有妖怪在为人类的关联而操心啊，又感动又难受,1255.615,1,16777215,2024-12-20 15:26:43,27300071881,11,告诉我你的名字,夏目友人帐 第七季,113638224433107
5555第一个妖怪朋友，她的第一个朋友苍子也是在这,1309.63,5,16777215,2024-12-16 23:31:23,27300071881,11,告诉我你的名字,夏目友人帐 第七季,113638224433107
好米的画面，两个各怀心事但渴望亲近的少女,715.594,5,14811775,2024-12-16 23:13:33,27300071881,11,告诉我你的名字,夏目友人帐 第七季,113638224433107
这么有磁性的嗓音居然长这样哦？？,144.28,5,16777215,2024-12-16 23:06:27,27300071881,11,告诉我你的名字,夏目友人帐 第七季,113638224433107
所以叫友人帐啊，你们都是她的友人,1183.63,1,16777215,2024-12-16 23:20:13,27300071881,11,告诉我你的名字,夏目友人帐 第七季,113638224433107
肯定出事了吧，好心疼玲子,1071.767,1,16777215,2024-12-16 23:18:01,27300071881,11,告诉我你的名字,夏目友人帐 第七季,113638224433107
怪不得夏目看着瘦弱结果回回跑赢各路妖怪，这运动天赋是遗传啊,592.017,5,16777215,2024-12-17 02:25:47,27300071881,11,告诉我你的名字,夏目友人帐 第七季,113638224433107
世间的阴差阳错从未停歇,1194.166,5,16777215,2024-12-16 23:57:01,27300071881,11,告诉我你的名字,夏目友人帐 第七季,113638224433107
“等有机会 我们一起去看吧”,727.975,5,16777215,2024-12-16 23:27:03,27300071881,11,告诉我你的名字,夏目友人帐 第七季,113638224433107
好a……玲子大人……,1041.239,1,16777215,2024-12-16 23:19:34,27300071881,11,告诉我你的名字,夏目友人帐 第七季,113638224433107
普通人：所以你叫什么名字啊？ 仓子：你叫我名字了诶！,852.745,1,16777215,2024-12-17 00:21:20,27300071881,11,告诉我你的名字,夏目友人帐 第七季,113638224433107
我的妈，咋给我一种最终季的感觉,1286.905,5,16777215,2024-12-16 23:59:19,27300071881,11,告诉我你的名字,夏目友人帐 第七季,113638224433107
我突然想起了第一集，贵志被妖追杀是因为等待和遗憾，贵志决定归还名字是不希望等待和遗憾，现在发现友人帐就是诞生在等待和遗憾中啊...哎,1260.184,1,16777215,2024-12-16 23:37:26,27300071881,11,告诉我你的名字,夏目友人帐 第七季,113638224433107
一颗糖谈不上施舍，苍是很想和玲子做朋友,601.66,1,16777215,2024-12-17 09:09:47,27300071881,11,告诉我你的名字,夏目友人帐 第七季,113638224433107
玲子为人处事感觉和老师很像啊，难怪会做朋友,485.449,1,16777215,2024-12-17 00:35:15,27300071881,11,告诉我你的名字,夏目友人帐 第七季,113638224433107
这里说的不是不需要了，是“不会再呼唤了的话”,1293.399,5,16777215,2024-12-18 00:20:28,27300071881,11,告诉我你的名字,夏目友人帐 第七季,113638224433107
这个妖怪每次都发出“啊——”的叫声哈哈,432.165,5,16777215,2024-12-16 23:09:24,27300071881,11,告诉我你的名字,夏目友人帐 第七季,113638224433107
做我小弟的意思其实是做我的朋友,1148.296,5,16777215,2024-12-17 12:35:10,27300071881,11,告诉我你的名字,夏目友人帐 第七季,113638224433107
会不会是苍子淋雨生病来不了呀QAQ,1189.16,1,16777215,2024-12-16 23:21:49,27300071881,11,告诉我你的名字,夏目友人帐 第七季,113638224433107
错过，不是错了，是过了呀...,1198.415,1,16777215,2024-12-16 23:40:02,27300071881,11,告诉我你的名字,夏目友人帐 第七季,113638224433107
原来友人帐是为了弥补这个遗憾啊 没能把自己的名字告诉朋友,897.611,1,16777215,2024-12-26 17:19:18,27300071881,11,告诉我你的名字,夏目友人帐 第七季,113638224433107
玲子的声音在发抖呜呜,967.73,1,16777215,2024-12-16 23:22:51,27300071881,11,告诉我你的名字,夏目友人帐 第七季,113638224433107
为什么这声音从头到脚透露着无敌,177.378,1,16777215,2024-12-16 23:03:44,27300071881,11,告诉我你的名字,夏目友人帐 第七季,113638224433107
想到，每次玲子找妖怪比试，第一句话就是介绍自己的名字……,905.609,5,15772458,2025-01-05 19:45:30,27300071881,11,告诉我你的名字,夏目友人帐 第七季,113638224433107
友人帐第一页的纸拿的是妖怪身上的吧哈哈哈,1229.257,1,16777215,2024-12-16 23:41:03,27300071881,11,告诉我你的名字,夏目友人帐 第七季,113638224433107
明明是he变be，我要是这妖怪我能天天哭死,1249.976,1,16777215,2024-12-17 17:32:18,27300071881,11,告诉我你的名字,夏目友人帐 第七季,113638224433107
好心痛，坐在你旁边的就是啊,842.212,1,16777215,2024-12-17 12:34:57,27300071881,11,告诉我你的名字,夏目友人帐 第七季,113638224433107
此刻他们三个都不孤独了,811.787,5,16777215,2024-12-16 23:19:22,27300071881,11,告诉我你的名字,夏目友人帐 第七季,113638224433107
外婆其实也遇到了一些朋友只是她不知道怎么和人相处,524.02,1,16777215,2024-12-17 01:02:51,27300071881,11,告诉我你的名字,夏目友人帐 第七季,113638224433107
玲子是不是把苍子认成妖怪了,350.209,5,16777215,2024-12-16 23:07:18,27300071881,11,告诉我你的名字,夏目友人帐 第七季,113638224433107
真是个可爱的大妖怪啊ww,997.417,5,16777215,2024-12-16 23:21:46,27300071881,11,告诉我你的名字,夏目友人帐 第七季,113638224433107
你有这个本事可以去兼职看相什么的(bushi),210.852,1,16777215,2024-12-16 23:05:31,27300071881,11,告诉我你的名字,夏目友人帐 第七季,113638224433107
前面毛怪在哭的时候还在笑，现在我哭得比毛怪惨,1322.218,5,8700107,2024-12-17 13:14:02,27300071881,11,告诉我你的名字,夏目友人帐 第七季,113638224433107
前方高萌,186.408,5,16777215,2024-12-16 23:08:37,27300071881,11,告诉我你的名字,夏目友人帐 第七季,113638224433107
又是一个完美的错过,1271.038,1,16777215,2024-12-16 23:21:57,27300071881,11,告诉我你的名字,夏目友人帐 第七季,113638224433107
孤独的人会互相吸引,300.843,5,16765698,2024-12-16 23:05:31,27300071881,11,告诉我你的名字,夏目友人帐 第七季,113638224433107
能读心的妖怪hhh,194.278,1,16777215,2024-12-16 23:02:25,27300071881,11,告诉我你的名字,夏目友人帐 第七季,113638224433107
误会了啊啊啊啊啊啊啊啊,1065.783,1,16777215,2024-12-19 00:01:28,27300071881,11,告诉我你的名字,夏目友人帐 第七季,113638224433107
玲子运动天赋拉满,586.085,5,16777215,2024-12-16 23:31:11,27300071881,11,告诉我你的名字,夏目友人帐 第七季,113638224433107
外婆你怎么从第一张就开始失约了,1187.601,5,16755202,2024-12-16 23:40:54,27300071881,11,告诉我你的名字,夏目友人帐 第七季,113638224433107
这一集真是淡淡的忧伤啊,1402.089,5,16777215,2024-12-16 23:23:59,27300071881,11,告诉我你的名字,夏目友人帐 第七季,113638224433107
老猫老夏夕阳漫步,1364.973,1,16777215,2024-12-16 23:41:50,27300071881,11,告诉我你的名字,夏目友人帐 第七季,113638224433107
心软的夏目，妖怪读到了他内心的悲伤，或许是为了哪怕得到过温柔却也终究孤身的玲子吧,787.374,5,41194,2024-12-18 00:43:07,27300071881,11,告诉我你的名字,夏目友人帐 第七季,113638224433107
破案了，苍子是外公。,773.604,5,16777215,2024-12-16 23:36:43,27300071881,11,告诉我你的名字,夏目友人帐 第七季,113638224433107
指尖会红应该是一直在练习扔石头,948.8,1,16707842,2024-12-16 23:19:57,27300071881,11,告诉我你的名字,夏目友人帐 第七季,113638224433107
你也拥有你的花田哦 （中级那次）真的是太好了,1388.219,1,16777215,2024-12-16 23:35:12,27300071881,11,告诉我你的名字,夏目友人帐 第七季,113638224433107
谢谢你动画组……,1355.702,1,16777215,2024-12-16 23:24:55,27300071881,11,告诉我你的名字,夏目友人帐 第七季,113638224433107
原来是这种开始啊,538.18,1,16777215,2024-12-16 23:10:05,27300071881,11,告诉我你的名字,夏目友人帐 第七季,113638224433107
真美，玲子本想带苍子来这里吧,1120.671,1,16777215,2024-12-16 23:24:07,27300071881,11,告诉我你的名字,夏目友人帐 第七季,113638224433107
这么霸气的姐姐谁不爱,369.79,5,16777215,2024-12-16 23:07:56,27300071881,11,告诉我你的名字,夏目友人帐 第七季,113638224433107
不说出来就永远无法传达呀……,798.334,1,16777215,2024-12-16 23:30:57,27300071881,11,告诉我你的名字,夏目友人帐 第七季,113638224433107
没有手机的日子确实和这个差不多,648.861,1,16777215,2024-12-16 23:45:23,27300071881,11,告诉我你的名字,夏目友人帐 第七季,113638224433107
手受伤是不是在练习,934.841,1,16777215,2024-12-16 23:17:08,27300071881,11,告诉我你的名字,夏目友人帐 第七季,113638224433107
“我的cp怎么Be了。”,1079.824,5,16707842,2024-12-16 23:26:47,27300071881,11,告诉我你的名字,夏目友人帐 第七季,113638224433107
这句话必定有刀！,654.701,1,16777215,2024-12-17 01:03:05,27300071881,11,告诉我你的名字,夏目友人帐 第七季,113638224433107
玲子啊，蝴蝶一般的女子,232.542,5,16777215,2024-12-16 23:11:15,27300071881,11,告诉我你的名字,夏目友人帐 第七季,113638224433107
夏目此时没发表开看法可能是在试图理解玲子的心情,393.133,1,16777215,2024-12-16 23:08:47,27300071881,11,告诉我你的名字,夏目友人帐 第七季,113638224433107
唉，如果能遇见该多好啊……,1216.231,5,16755202,2024-12-16 23:24:13,27300071881,11,告诉我你的名字,夏目友人帐 第七季,113638224433107
没有说告别，却永不重逢,1409.946,1,16777215,2024-12-17 13:03:24,27300071881,11,告诉我你的名字,夏目友人帐 第七季,113638224433107
你好像追剧的我。。。。,750.321,1,16777215,2024-12-17 08:05:06,27300071881,11,告诉我你的名字,夏目友人帐 第七季,113638224433107
美好的东西始终是不会被埋没的,1166.125,1,16777215,2024-12-16 23:24:40,27300071881,11,告诉我你的名字,夏目友人帐 第七季,113638224433107
是友谊的见证哇哇哇哇,1372.601,1,16777215,2024-12-16 23:30:08,27300071881,11,告诉我你的名字,夏目友人帐 第七季,113638224433107
太温柔了 真的太温柔了,1221.212,1,16777215,2024-12-16 23:18:33,27300071881,11,告诉我你的名字,夏目友人帐 第七季,113638224433107
还能知道名字吗。。。,895.387,5,16777215,2024-12-16 23:41:30,27300071881,11,告诉我你的名字,夏目友人帐 第七季,113638224433107
玲子的心防真的太重了，所以，好遗憾……真的太遗憾了……,1049.126,1,16777215,2024-12-16 23:24:13,27300071881,11,告诉我你的名字,夏目友人帐 第七季,113638224433107
我靠了，我又哭又笑的,1086.746,1,16777215,2024-12-16 23:46:20,27300071881,11,告诉我你的名字,夏目友人帐 第七季,113638224433107
哎，到现在都不知道外婆的名字吗,827.933,5,16755202,2024-12-16 23:31:59,27300071881,11,告诉我你的名字,夏目友人帐 第七季,113638224433107
玲子一看就知道苍子身体不好,672.126,1,16707842,2024-12-16 23:14:46,27300071881,11,告诉我你的名字,夏目友人帐 第七季,113638224433107
完蛋，感觉有刀,617.221,1,16777215,2024-12-17 11:40:08,27300071881,11,告诉我你的名字,夏目友人帐 第七季,113638224433107
玲子有种随性的帅,476.628,1,16777215,2024-12-16 23:33:06,27300071881,11,告诉我你的名字,夏目友人帐 第七季,113638224433107
苍子的状态好奇怪呀。皮肤都变得好僵硬，感觉会刀啊。,886.361,1,16777215,2024-12-17 06:48:28,27300071881,11,告诉我你的名字,夏目友人帐 第七季,113638224433107
长得和夏目一模一样,339.143,5,16777215,2024-12-16 23:05:36,27300071881,11,告诉我你的名字,夏目友人帐 第七季,113638224433107
这个站姿像猫头鹰,247.056,5,16777215,2024-12-16 23:04:29,27300071881,11,告诉我你的名字,夏目友人帐 第七季,113638224433107
哞儿,324.23,5,16777215,2024-12-16 23:08:42,27300071881,11,告诉我你的名字,夏目友人帐 第七季,113638224433107
但是次次都上钩哈哈哈哈哈哈哈哈哈,126.955,5,16777215,2024-12-16 23:04:46,27300071881,11,告诉我你的名字,夏目友人帐 第七季,113638224433107
真的好久没看夏目用友人帐了,180.634,5,16777215,2024-12-16 23:01:56,27300071881,11,告诉我你的名字,夏目友人帐 第七季,113638224433107
傲娇就是需要小太阳，吃软不吃硬,528.41,5,16777215,2024-12-16 23:11:32,27300071881,11,告诉我你的名字,夏目友人帐 第七季,113638224433107
分析此处天气变化的意义,863.303,1,16777215,2024-12-16 23:23:26,27300071881,11,告诉我你的名字,夏目友人帐 第七季,113638224433107
心痛，这下外婆很难告诉她自己的名字了,847.971,1,16777215,2024-12-17 12:49:51,27300071881,11,告诉我你的名字,夏目友人帐 第七季,113638224433107
友人帐：我出生了,1142.176,1,16777215,2024-12-19 21:05:33,27300071881,11,告诉我你的名字,夏目友人帐 第七季,113638224433107
啊 错过了…,1201.876,1,9487136,2024-12-16 23:17:34,27300071881,11,告诉我你的名字,夏目友人帐 第七季,113638224433107
夏目知道要及时说出来,1414.03,5,16777215,2024-12-16 23:34:32,27300071881,11,告诉我你的名字,夏目友人帐 第七季,113638224433107
你快别说了吧？我害怕,832.314,5,9599289,2024-12-16 23:30:35,27300071881,11,告诉我你的名字,夏目友人帐 第七季,113638224433107
论友人帐诞生史,569.226,5,16777215,2024-12-16 23:55:18,27300071881,11,告诉我你的名字,夏目友人帐 第七季,113638224433107
这就是友谊的开始啊,633.438,5,16777215,2024-12-16 23:13:23,27300071881,11,告诉我你的名字,夏目友人帐 第七季,113638224433107
三三像插了四根筷子的大面包,120.86,5,15772458,2024-12-16 23:09:51,27300071881,11,告诉我你的名字,夏目友人帐 第七季,113638224433107
怪不得每次都会打断,961.243,1,16777215,2024-12-16 23:28:08,27300071881,11,告诉我你的名字,夏目友人帐 第七季,113638224433107
人类的感情却困住了妖怪的一生。,1096.326,5,16707842,2024-12-22 15:05:05,27300071881,11,告诉我你的名字,夏目友人帐 第七季,113638224433107
玲子觉得苍子讨厌她了，苍子觉得自己说了玲子坏话玲子不喜欢她,1274.706,5,41194,2024-12-22 11:27:20,27300071881,11,告诉我你的名字,夏目友人帐 第七季,113638224433107
暴风雨前的宁静吗，害怕害怕,658.385,1,16777215,2024-12-16 23:16:08,27300071881,11,告诉我你的名字,夏目友人帐 第七季,113638224433107
哈哈哈哈这个长长的舌头真的出乎意料,254.53,1,16777215,2024-12-16 23:07:04,27300071881,11,告诉我你的名字,夏目友人帐 第七季,113638224433107
四方谷：我吗？,816.487,5,16777215,2024-12-16 23:28:36,27300071881,11,告诉我你的名字,夏目友人帐 第七季,113638224433107
身上随时贴着便利贴嘛,260.387,5,16777215,2024-12-16 23:13:29,27300071881,11,告诉我你的名字,夏目友人帐 第七季,113638224433107
故乡的百合花开了,427.822,5,14811775,2024-12-16 23:11:06,27300071881,11,告诉我你的名字,夏目友人帐 第七季,113638224433107
不仅如此 你连语气都模仿了,198.01,5,16777215,2024-12-16 23:04:54,27300071881,11,告诉我你的名字,夏目友人帐 第七季,113638224433107
苍子是不是以为玲子是在赶她其实是在赶妖怪,1064.795,5,16777215,2024-12-20 18:17:11,27300071881,11,告诉我你的名字,夏目友人帐 第七季,113638224433107
不可结缘徒增悲伤,1234.401,5,16777215,2024-12-18 01:55:06,27300071881,11,告诉我你的名字,夏目友人帐 第七季,113638224433107
妖怪的姬达也响了,422.999,5,16777215,2024-12-16 23:19:23,27300071881,11,告诉我你的名字,夏目友人帐 第七季,113638224433107
人类的感情却困住了妖怪的一生。,1255.554,5,16707842,2024-12-22 15:07:28,27300071881,11,告诉我你的名字,夏目友人帐 第七季,113638224433107
夏目也看到了,1348.75,5,16777215,2024-12-16 23:32:11,27300071881,11,告诉我你的名字,夏目友人帐 第七季,113638224433107
真的是第一页啊……不是中间了,1301.437,5,16755202,2024-12-16 23:26:31,27300071881,11,告诉我你的名字,夏目友人帐 第七季,113638224433107
好像霸总身边带了个长嘴的秘书啊哈哈哈,962.739,5,16777215,2024-12-24 23:16:00,27300071881,11,告诉我你的名字,夏目友人帐 第七季,113638224433107
这个妖怪很适合吃瓜，吃完瓜还能讲出来，讲得还好,772.421,1,16777215,2024-12-17 02:17:54,27300071881,11,告诉我你的名字,夏目友人帐 第七季,113638224433107
刚刚就想说他好像猫头鹰啊，大长腿隐藏在毛毛里，还萌萌哒,289.651,1,16777215,2024-12-17 01:43:08,27300071881,11,告诉我你的名字,夏目友人帐 第七季,113638224433107
妖怪：我的CP be了,1086.262,5,16777215,2024-12-16 23:31:50,27300071881,11,告诉我你的名字,夏目友人帐 第七季,113638224433107
她不会是生病了吧,651.623,5,16707842,2024-12-16 23:29:34,27300071881,11,告诉我你的名字,夏目友人帐 第七季,113638224433107
小妖怪故意的哈哈哈哈哈,991.483,5,16777215,2024-12-20 13:54:40,27300071881,11,告诉我你的名字,夏目友人帐 第七季,113638224433107
之前的场讲过，妖力强大的人，无意识的举动，也会诞生禁术,1391.401,5,16777215,2024-12-19 22:16:16,27300071881,11,告诉我你的名字,夏目友人帐 第七季,113638224433107
小妖怪不想让玲子故意输，又想完成玲子想输的心愿。小妖也是温柔妖啊,994.849,1,16777215,2024-12-17 20:14:07,27300071881,11,告诉我你的名字,夏目友人帐 第七季,113638224433107
这情况跟夏目一样啊,465.386,1,16777215,2024-12-16 23:33:33,27300071881,11,告诉我你的名字,夏目友人帐 第七季,113638224433107
有一说一，你肚子上的纸很像呆唯的面具诶,972.056,5,15772458,2024-12-16 23:23:49,27300071881,11,告诉我你的名字,夏目友人帐 第七季,113638224433107
呼叫辛美尔,1126.832,1,16777215,2024-12-17 00:11:49,27300071881,11,告诉我你的名字,夏目友人帐 第七季,113638224433107
它开头就说了能读心，但其实更像感染。所以哭的是玲子，,1094.647,1,16777215,2024-12-17 15:01:14,27300071881,11,告诉我你的名字,夏目友人帐 第七季,113638224433107
是你教的呀~万恶之源哈哈哈,548.382,5,16755202,2024-12-16 23:10:47,27300071881,11,告诉我你的名字,夏目友人帐 第七季,113638224433107
想到了多轨的外公被好奇妖怪围观的日子,332.379,5,8700107,2024-12-17 01:26:07,27300071881,11,告诉我你的名字,夏目友人帐 第七季,113638224433107
毛茸茸你哭什么啊啊啊啊,1078.896,5,16755202,2024-12-16 23:21:15,27300071881,11,告诉我你的名字,夏目友人帐 第七季,113638224433107
这一幕有点诡异,879.099,5,16777215,2024-12-16 23:18:17,27300071881,11,告诉我你的名字,夏目友人帐 第七季,113638224433107
突然有点难过,1056.601,1,16777215,2024-12-16 23:17:08,27300071881,11,告诉我你的名字,夏目友人帐 第七季,113638224433107
本来以为是个i人 原来是e人,573.848,1,16777215,2024-12-16 23:11:40,27300071881,11,告诉我你的名字,夏目友人帐 第七季,113638224433107
以为自己在一个人安静看书，实际上可热闹了哈哈哈哈哈哈,457.406,5,16707842,2025-01-06 21:19:50,27300071881,11,告诉我你的名字,夏目友人帐 第七季,113638224433107
故乡的百合花开了,385.261,5,16777215,2024-12-16 23:05:24,27300071881,11,告诉我你的名字,夏目友人帐 第七季,113638224433107
这句日语字面意思是“不许过来”或“不许来这里”,1033.732,1,16777215,2024-12-18 00:45:04,27300071881,11,告诉我你的名字,夏目友人帐 第七季,113638224433107
天目的心情没有感染到玲子，但是感染到夏目了，也算一种弥补遗憾吧,1379.667,1,16777215,2024-12-17 17:37:51,27300071881,11,告诉我你的名字,夏目友人帐 第七季,113638224433107
补药啊啊啊啊啊,1257.371,5,16777215,2024-12-16 23:20:35,27300071881,11,告诉我你的名字,夏目友人帐 第七季,113638224433107
加纳～,284.796,5,16777215,2024-12-16 23:04:22,27300071881,11,告诉我你的名字,夏目友人帐 第七季,113638224433107
真好 纳兹咩会把想要传达的心声及时说给娘口三三听,1395.751,5,16707842,2024-12-16 23:44:43,27300071881,11,告诉我你的名字,夏目友人帐 第七季,113638224433107
下周会不会是大家最后一次的相聚了呢？,1337.031,1,16777215,2024-12-16 23:34:56,27300071881,11,告诉我你的名字,夏目友人帐 第七季,113638224433107
外公（doeg）,358.462,5,16777215,2024-12-17 00:41:04,27300071881,11,告诉我你的名字,夏目友人帐 第七季,113638224433107
吃瓜的妖怪,1017.392,1,16777215,2024-12-16 23:23:26,27300071881,11,告诉我你的名字,夏目友人帐 第七季,113638224433107
感觉这少女后面会搬家（悲）,498.01,5,15138834,2024-12-18 08:38:08,27300071881,11,告诉我你的名字,夏目友人帐 第七季,113638224433107
猫头鹰妖怪说：如果不会再呼唤那个名字的话,1290.929,5,16707842,2024-12-18 17:21:41,27300071881,11,告诉我你的名字,夏目友人帐 第七季,113638224433107
夜神月：可以告诉我你的名字吗,220.253,5,16777215,2024-12-16 23:38:59,27300071881,11,告诉我你的名字,夏目友人帐 第七季,113638224433107
好可爱的妖怪哈哈哈居然哭了,1078.547,5,16777215,2024-12-16 23:23:13,27300071881,11,告诉我你的名字,夏目友人帐 第七季,113638224433107
吃瓜精神,447.605,1,16777215,2024-12-17 13:03:10,27300071881,11,告诉我你的名字,夏目友人帐 第七季,113638224433107
怎么可能是塔子阿姨，没看过小滋叔和玲子遇到的那集吗，他们不是同龄的,417.15,1,16777215,2024-12-19 17:47:08,27300071881,11,告诉我你的名字,夏目友人帐 第七季,113638224433107
妖怪刚刚说的是“如果不会再呼唤那个名字的话，可以还给我了吗”，感觉他很遗憾玲子不再呼唤他的名字，以后也没有人呼唤了,1293.329,1,16777215,2024-12-17 22:05:04,27300071881,11,告诉我你的名字,夏目友人帐 第七季,113638224433107
脚长得好像手hhh,743.352,5,15138834,2024-12-16 23:18:06,27300071881,11,告诉我你的名字,夏目友人帐 第七季,113638224433107
友人帐，从此刻开始,1178.425,1,41194,2024-12-19 21:49:17,27300071881,11,告诉我你的名字,夏目友人帐 第七季,113638224433107
苍子知道了，但是不愿意让她说，意思是别人对玲子的看法都是误解，我不在乎,856.202,1,16777215,2024-12-31 15:41:25,27300071881,11,告诉我你的名字,夏目友人帐 第七季,113638224433107
表达了夏目玲子不与世俗同流合污的思乡之情,1026.836,5,16777215,2024-12-17 22:35:21,27300071881,11,告诉我你的名字,夏目友人帐 第七季,113638224433107
生病不能剧烈运动？,663.0,1,16777215,2024-12-17 14:54:07,27300071881,11,告诉我你的名字,夏目友人帐 第七季,113638224433107
可能，是玲子的心在哭吧。妖怪能读心啊,1086.581,5,16777215,2024-12-16 23:57:05,27300071881,11,告诉我你的名字,夏目友人帐 第七季,113638224433107
难不倒声音怎么耳熟 致不死的你 那黑衣人？,493.336,1,16777215,2024-12-16 23:47:47,27300071881,11,告诉我你的名字,夏目友人帐 第七季,113638224433107
天气暗沉了,867.559,5,16777215,2024-12-16 23:18:56,27300071881,11,告诉我你的名字,夏目友人帐 第七季,113638224433107
不用上课吗？这两个人。,510.021,1,16777215,2024-12-20 12:52:19,27300071881,11,告诉我你的名字,夏目友人帐 第七季,113638224433107
太奇怪了，这么简单的剧情我居然想哭,580.641,1,16777215,2024-12-17 18:43:00,27300071881,11,告诉我你的名字,夏目友人帐 第七季,113638224433107
细节，跑完步头发是乱的,699.43,5,15772458,2024-12-17 00:05:06,27300071881,11,告诉我你的名字,夏目友人帐 第七季,113638224433107
神谷这句配得真好，微微哭腔又满是对玲子的遗憾深深的无力感和悲伤,1397.625,5,16777215,2024-12-16 23:59:36,27300071881,11,告诉我你的名字,夏目友人帐 第七季,113638224433107
布豪！刀的味道！,683.449,1,16777215,2024-12-16 23:30:55,27300071881,11,告诉我你的名字,夏目友人帐 第七季,113638224433107
哇塞插兜夏目突然好帅气突然有一种学长耍帅即视感！,118.363,1,16777215,2024-12-18 14:01:12,27300071881,11,告诉我你的名字,夏目友人帐 第七季,113638224433107
如果当时苍子说了改天见，或者是玲子多等一天，那就好了，可是，没有如果,1231.218,5,16755202,2024-12-16 23:49:58,27300071881,11,告诉我你的名字,夏目友人帐 第七季,113638224433107
长嘴的好妖怪੭ˊᵕˋ੭,955.095,5,16777215,2024-12-16 23:47:58,27300071881,11,告诉我你的名字,夏目友人帐 第七季,113638224433107
这就是传统的开始吗！？,544.32,5,16777215,2024-12-16 23:11:22,27300071881,11,告诉我你的名字,夏目友人帐 第七季,113638224433107
随地大小睡啊,273.234,1,16777215,2024-12-19 06:53:12,27300071881,11,告诉我你的名字,夏目友人帐 第七季,113638224433107
这里可能吓到苍子，以为是说苍子退下产生误会了,1042.399,1,16777215,2024-12-17 17:04:40,27300071881,11,告诉我你的名字,夏目友人帐 第七季,113638224433107
妖怪吵嚷着有人类来，玲子不放心才过来看的,351.562,5,16707842,2024-12-17 14:17:39,27300071881,11,告诉我你的名字,夏目友人帐 第七季,113638224433107
友人帐创始人,550.066,5,16776960,2024-12-16 23:55:14,27300071881,11,告诉我你的名字,夏目友人帐 第七季,113638224433107
萌死了小妖怪故意的哈哈哈哈,1001.417,1,16777215,2024-12-16 23:20:41,27300071881,11,告诉我你的名字,夏目友人帐 第七季,113638224433107
夏目的内心话语气有点娇俏哈哈哈哈,194.059,5,8700107,2024-12-17 01:12:28,27300071881,11,告诉我你的名字,夏目友人帐 第七季,113638224433107
玲子真的好攻,734.0,1,16777215,2024-12-17 18:07:37,27300071881,11,告诉我你的名字,夏目友人帐 第七季,113638224433107
这个妖怪能感应人的内心，它在替玲子哭吧,1081.599,5,16777215,2024-12-17 00:17:43,27300071881,11,告诉我你的名字,夏目友人帐 第七季,113638224433107
坏了……不会是哮喘吧！！！,667.137,5,15138834,2024-12-17 00:07:15,27300071881,11,告诉我你的名字,夏目友人帐 第七季,113638224433107
呜呜呜本来玲子是可以收获一份友谊的但是阴差阳错下失去了（哭,1204.499,1,16777215,2024-12-16 23:24:07,27300071881,11,告诉我你的名字,夏目友人帐 第七季,113638224433107
夏目已经能精准拿捏三三了哈哈哈哈哈哈,124.414,5,16755202,2024-12-16 23:08:54,27300071881,11,告诉我你的名字,夏目友人帐 第七季,113638224433107
种百合呀,701.512,1,16777215,2024-12-16 23:14:28,27300071881,11,告诉我你的名字,夏目友人帐 第七季,113638224433107
友人账的起源,545.381,5,16777215,2024-12-16 23:11:03,27300071881,11,告诉我你的名字,夏目友人帐 第七季,113638224433107
看似一直赢，其实被拿捏,644.127,1,16777215,2024-12-19 12:08:43,27300071881,11,告诉我你的名字,夏目友人帐 第七季,113638224433107
细节，是真的第一张！！！,1301.438,5,16777215,2024-12-16 23:28:16,27300071881,11,告诉我你的名字,夏目友人帐 第七季,113638224433107
我恨你们不留联系方式…,1207.347,1,16707842,2024-12-17 01:28:22,27300071881,11,告诉我你的名字,夏目友人帐 第七季,113638224433107
第一页的名字，写的是天目，指的又何尝不是玲子与苍子的友谊与遗憾呢,1299.517,5,41194,2024-12-17 17:03:13,27300071881,11,告诉我你的名字,夏目友人帐 第七季,113638224433107
我家还蛮大的（bushi,705.072,1,16777215,2024-12-16 23:21:44,27300071881,11,告诉我你的名字,夏目友人帐 第七季,113638224433107
小妖，干得漂亮,991.681,1,16777215,2024-12-17 09:09:36,27300071881,11,告诉我你的名字,夏目友人帐 第七季,113638224433107
这不会这个妖怪是第一次被反拒绝吧（怀疑,286.008,5,16777215,2024-12-17 02:21:12,27300071881,11,告诉我你的名字,夏目友人帐 第七季,113638224433107
美丽的事物仍旧美丽，无趣的事物仍旧无趣,1161.75,5,41194,2024-12-17 00:16:35,27300071881,11,告诉我你的名字,夏目友人帐 第七季,113638224433107
蓝色花田  众多剧情里面的蓝色花田！,1109.758,1,16777215,2024-12-16 23:14:01,27300071881,11,告诉我你的名字,夏目友人帐 第七季,113638224433107
欢迎来到《地-关于地球的运动》,98.05,5,16777215,2024-12-16 23:38:38,27300071881,11,告诉我你的名字,夏目友人帐 第七季,113638224433107
第一个妖怪朋友叫天目啊…,1360.258,5,16777215,2024-12-17 00:10:03,27300071881,11,告诉我你的名字,夏目友人帐 第七季,113638224433107
原来是你！友人帐的起源！,551.57,5,9599289,2024-12-25 23:06:27,27300071881,11,告诉我你的名字,夏目友人帐 第七季,113638224433107
西村眼里夏目就是这样的 刚转学过来像个妖怪不近人情www,381.158,1,16777215,2024-12-17 12:38:51,27300071881,11,告诉我你的名字,夏目友人帐 第七季,113638224433107
好可爱的妖怪，还躲起来,442.614,5,16777215,2024-12-16 23:13:54,27300071881,11,告诉我你的名字,夏目友人帐 第七季,113638224433107
这难道是外公？！！,414.657,1,16777215,2024-12-16 23:24:34,27300071881,11,告诉我你的名字,夏目友人帐 第七季,113638224433107
身体不好的人真的有时候会很想放肆跑一跑的,688.925,1,16777215,2024-12-17 22:29:52,27300071881,11,告诉我你的名字,夏目友人帐 第七季,113638224433107
你知道的，我很少站坏事的妖怪的,994.733,1,16777215,2024-12-17 09:11:07,27300071881,11,告诉我你的名字,夏目友人帐 第七季,113638224433107
两个都不解释然后导致不理解，哎,1049.946,5,16777215,2024-12-16 23:22:01,27300071881,11,告诉我你的名字,夏目友人帐 第七季,113638224433107
熟悉的小曲,297.357,1,16777215,2024-12-16 23:07:05,27300071881,11,告诉我你的名字,夏目友人帐 第七季,113638224433107
啊啊啊不要立flag啊！,722.472,5,16777215,2024-12-16 23:40:19,27300071881,11,告诉我你的名字,夏目友人帐 第七季,113638224433107
津叔这几个哎的声线好有意思,294.631,1,16777215,2024-12-16 23:08:44,27300071881,11,告诉我你的名字,夏目友人帐 第七季,113638224433107
阴沉沉的毛茸茸哈哈哈好萌,998.797,5,16777215,2024-12-24 23:16:52,27300071881,11,告诉我你的名字,夏目友人帐 第七季,113638224433107
妖怪：把我给整不会了,286.968,5,16777215,2024-12-23 13:39:31,27300071881,11,告诉我你的名字,夏目友人帐 第七季,113638224433107
第一声是惊讶 第二声是疑惑,284.415,1,16777215,2024-12-17 08:51:03,27300071881,11,告诉我你的名字,夏目友人帐 第七季,113638224433107
妖怪的脚是手唉,1114.31,5,16777215,2024-12-17 00:02:53,27300071881,11,告诉我你的名字,夏目友人帐 第七季,113638224433107
这莫非是外公！？,408.983,1,16777215,2024-12-16 23:18:15,27300071881,11,告诉我你的名字,夏目友人帐 第七季,113638224433107
吃瓜群众,901.352,1,16777215,2024-12-16 23:25:04,27300071881,11,告诉我你的名字,夏目友人帐 第七季,113638224433107
我的妈呀，所以玲子每次玩的跟妖怪就是玩各种各样的游戏，都会想到苍子吧，我的天跟她一起玩过的游戏我的天,1361.831,1,41194,2024-12-28 18:55:11,27300071881,11,告诉我你的名字,夏目友人帐 第七季,113638224433107
幻听娜娜米死前的念白,1318.536,5,16777215,2024-12-19 21:39:24,27300071881,11,告诉我你的名字,夏目友人帐 第七季,113638224433107
友人帐的开始啊,1150.551,1,16777215,2024-12-16 23:19:27,27300071881,11,告诉我你的名字,夏目友人帐 第七季,113638224433107
智慧的小眼神,624.426,5,16777215,2024-12-16 23:12:54,27300071881,11,告诉我你的名字,夏目友人帐 第七季,113638224433107
这个笑容我来守护！,589.548,5,16777215,2024-12-16 23:12:07,27300071881,11,告诉我你的名字,夏目友人帐 第七季,113638224433107
啊！不会是淋雨旧病复发了吧…,1068.71,5,14811775,2024-12-17 20:58:46,27300071881,11,告诉我你的名字,夏目友人帐 第七季,113638224433107
妖怪:我嗑的cpbe了(哭),1061.085,1,16777215,2024-12-17 19:07:31,27300071881,11,告诉我你的名字,夏目友人帐 第七季,113638224433107
开服玩家,164.241,5,16707842,2025-02-11 00:10:00,27300071881,11,告诉我你的名字,夏目友人帐 第七季,113638224433107
搭嘎，口头哇路,376.112,5,38979,2024-12-17 07:55:34,27300071881,11,告诉我你的名字,夏目友人帐 第七季,113638224433107
不可结缘徒增悲伤,1238.229,5,16777215,2024-12-17 01:02:56,27300071881,11,告诉我你的名字,夏目友人帐 第七季,113638224433107
原来如此，玲子就是从这里变得开朗的，我说怎么一开始和的前几季不一样呢,544.636,1,16777215,2024-12-17 00:22:06,27300071881,11,告诉我你的名字,夏目友人帐 第七季,113638224433107
友人帐的源头啊,1135.572,1,9487136,2024-12-16 23:16:33,27300071881,11,告诉我你的名字,夏目友人帐 第七季,113638224433107
玲子好好，陪着她保护她,478.121,5,14811775,2024-12-16 23:11:20,27300071881,11,告诉我你的名字,夏目友人帐 第七季,113638224433107
因为爱情～～～,404.38,5,16777215,2024-12-16 23:08:06,27300071881,11,告诉我你的名字,夏目友人帐 第七季,113638224433107
态度超好，就是不改,471.009,1,16777215,2025-01-01 13:57:45,27300071881,11,告诉我你的名字,夏目友人帐 第七季,113638224433107
这是长大了的夏目第一次哭哦,1394.305,5,10546688,2024-12-18 23:30:58,27300071881,11,告诉我你的名字,夏目友人帐 第七季,113638224433107
永不重逢,1276.32,1,16777215,2024-12-18 22:56:54,27300071881,11,告诉我你的名字,夏目友人帐 第七季,113638224433107
（低沉）：嗯（一声）,279.436,5,16777215,2024-12-17 08:37:57,27300071881,11,告诉我你的名字,夏目友人帐 第七季,113638224433107
小妖怪神助攻,994.842,5,15772458,2024-12-17 00:10:50,27300071881,11,告诉我你的名字,夏目友人帐 第七季,113638224433107
没有手机的世界是这样的吗,638.737,5,16755202,2024-12-16 23:27:36,27300071881,11,告诉我你的名字,夏目友人帐 第七季,113638224433107
好美的两个人QAQ,717.418,5,16707842,2024-12-16 23:16:36,27300071881,11,告诉我你的名字,夏目友人帐 第七季,113638224433107
我怕苍子想来但是来不了呜呜呜呜,1132.777,5,41194,2024-12-28 21:34:49,27300071881,11,告诉我你的名字,夏目友人帐 第七季,113638224433107
CPbe了肯定哭哇,1081.589,5,16707842,2024-12-28 14:55:03,27300071881,11,告诉我你的名字,夏目友人帐 第七季,113638224433107
牵手牵手了！(≧∇≦)/,875.513,1,16777215,2024-12-16 23:47:05,27300071881,11,告诉我你的名字,夏目友人帐 第七季,113638224433107
你的内心分明不是这样想的啊领子,1157.654,5,16777215,2024-12-16 23:35:53,27300071881,11,告诉我你的名字,夏目友人帐 第七季,113638224433107
万恶之源（bushi）,542.418,1,16777215,2024-12-16 23:10:54,27300071881,11,告诉我你的名字,夏目友人帐 第七季,113638224433107
来了，分手总在下雨天,1021.575,1,16777215,2024-12-23 23:27:50,27300071881,11,告诉我你的名字,夏目友人帐 第七季,113638224433107
真好梦到了但是醒来会不会更落寞呢,1368.91,5,16777215,2024-12-16 23:33:06,27300071881,11,告诉我你的名字,夏目友人帐 第七季,113638224433107
哇，这小妖怪们得意的keikeieki，好萌,996.741,5,16777215,2024-12-17 02:28:39,27300071881,11,告诉我你的名字,夏目友人帐 第七季,113638224433107
这个声音是津叔的，就是那个虐我N次的苇名弦一郎！,762.845,1,16646914,2024-12-17 00:25:43,27300071881,11,告诉我你的名字,夏目友人帐 第七季,113638224433107
心疼 玲子总是在外面睡午觉,280.189,5,16777215,2024-12-16 23:34:31,27300071881,11,告诉我你的名字,夏目友人帐 第七季,113638224433107
啊啊可以聊天了真是太好了,806.957,5,16755202,2024-12-16 23:31:06,27300071881,11,告诉我你的名字,夏目友人帐 第七季,113638224433107
天呐这是。。。玲子每一次和妖怪比试的时候都会说的话,548.848,5,16777215,2024-12-16 23:11:13,27300071881,11,告诉我你的名字,夏目友人帐 第七季,113638224433107
变相保护她，玲子是真的好温柔啊,480.234,1,16777215,2024-12-16 23:09:37,27300071881,11,告诉我你的名字,夏目友人帐 第七季,113638224433107
友人帐第一妖！！！,161.535,5,16776960,2024-12-17 00:41:49,27300071881,11,告诉我你的名字,夏目友人帐 第七季,113638224433107
哈哈哈哈小妖怪故意的,995.47,5,16777215,2024-12-16 23:22:23,27300071881,11,告诉我你的名字,夏目友人帐 第七季,113638224433107
友人帐之源,543.027,5,16777215,2024-12-23 22:14:42,27300071881,11,告诉我你的名字,夏目友人帐 第七季,113638224433107
。。。。眼看她与我永不重逢,1261.316,1,16777215,2024-12-17 01:48:26,27300071881,11,告诉我你的名字,夏目友人帐 第七季,113638224433107
玲子:你就卷吧，谁能卷的过你呀,959.954,1,16777215,2024-12-16 23:51:44,27300071881,11,告诉我你的名字,夏目友人帐 第七季,113638224433107
种故乡的百合花（）,708.365,5,15138834,2024-12-19 11:39:08,27300071881,11,告诉我你的名字,夏目友人帐 第七季,113638224433107
灯泡猫头鹰，你怎么还在啊？,738.534,1,16777215,2024-12-17 00:38:27,27300071881,11,告诉我你的名字,夏目友人帐 第七季,113638224433107
对不起，哭的我想笑(ಡ᎔ಡ),1079.478,5,16777215,2024-12-16 23:53:01,27300071881,11,告诉我你的名字,夏目友人帐 第七季,113638224433107
妖怪：磕,434.517,5,16777215,2024-12-16 23:32:50,27300071881,11,告诉我你的名字,夏目友人帐 第七季,113638224433107
这里是真的虐，苍子穷尽一生错过玲子，小妖怪连传达都无法做到,1226.856,1,16777215,2024-12-17 02:46:40,27300071881,11,告诉我你的名字,夏目友人帐 第七季,113638224433107
大妖怪：谁？我？,810.746,5,16755202,2024-12-16 23:31:22,27300071881,11,告诉我你的名字,夏目友人帐 第七季,113638224433107
友人帐终于不是从中间撕了呜呜,1301.774,5,16707842,2024-12-16 23:24:02,27300071881,11,告诉我你的名字,夏目友人帐 第七季,113638224433107
松子非常萌萌的搭话了www,906.443,1,16777215,2024-12-16 23:19:25,27300071881,11,告诉我你的名字,夏目友人帐 第七季,113638224433107
其实漫画里玲子这里是直接把石头扔向妖怪的，正好从苍子脸颊边擦过去,1049.674,1,16777215,2024-12-24 12:50:20,27300071881,11,告诉我你的名字,夏目友人帐 第七季,113638224433107
凯和卡卡西的宿命感hhh,916.749,1,16777215,2024-12-17 16:05:24,27300071881,11,告诉我你的名字,夏目友人帐 第七季,113638224433107
怎么可能是塔子阿姨，塔子阿姨这会儿估计还没上小学呢,399.307,1,16777215,2024-12-17 00:32:46,27300071881,11,告诉我你的名字,夏目友人帐 第七季,113638224433107
这个女孩也是寄宿亲戚啊看来,463.897,5,16777215,2024-12-16 23:37:49,27300071881,11,告诉我你的名字,夏目友人帐 第七季,113638224433107
哈哈哈声音是可以变的么么哒（有端,191.775,5,16777215,2024-12-16 23:29:35,27300071881,11,告诉我你的名字,夏目友人帐 第七季,113638224433107
长崎素世（doge）,306.283,5,15772458,2024-12-16 23:10:35,27300071881,11,告诉我你的名字,夏目友人帐 第七季,113638224433107
每天都在默默注视着她们的孤独怪物也不会再孤独了吧,743.911,5,16777215,2024-12-26 19:56:09,27300071881,11,告诉我你的名字,夏目友人帐 第七季,113638224433107
第一个朋友和第一个妖怪啊,608.223,5,15138834,2024-12-24 00:42:53,27300071881,11,告诉我你的名字,夏目友人帐 第七季,113638224433107
它害羞了哈哈哈哈哈,444.615,1,16777215,2024-12-16 23:11:19,27300071881,11,告诉我你的名字,夏目友人帐 第七季,113638224433107
她听进去并且记住她的名字了呢>v<,601.078,1,16777215,2024-12-24 19:00:15,27300071881,11,告诉我你的名字,夏目友人帐 第七季,113638224433107
眼睛袅袅了,1315.836,1,8700107,2024-12-19 21:27:19,27300071881,11,告诉我你的名字,夏目友人帐 第七季,113638224433107
玲子是怕和她说话了这个女孩会被人孤立吧,396.397,5,16777215,2024-12-18 18:33:03,27300071881,11,告诉我你的名字,夏目友人帐 第七季,113638224433107
这些妖怪也很无聊，老是追着玲子,323.405,1,16777215,2024-12-17 13:08:22,27300071881,11,告诉我你的名字,夏目友人帐 第七季,113638224433107
直接嚼啊牙口真好,609.483,1,16707842,2024-12-17 00:21:02,27300071881,11,告诉我你的名字,夏目友人帐 第七季,113638224433107
重点误啊啊啊,850.671,5,16755202,2024-12-16 23:32:49,27300071881,11,告诉我你的名字,夏目友人帐 第七季,113638224433107
伪装成栗子球的社长,154.855,1,16777215,2024-12-16 23:32:09,27300071881,11,告诉我你的名字,夏目友人帐 第七季,113638224433107
不是你们，这么多吃瓜群众！？,433.306,5,16755202,2024-12-16 23:22:59,27300071881,11,告诉我你的名字,夏目友人帐 第七季,113638224433107
话都给你说完了我说啥,286.081,1,16777215,2024-12-22 18:57:59,27300071881,11,告诉我你的名字,夏目友人帐 第七季,113638224433107
蓝波球,597.9,1,16777215,2024-12-17 20:50:24,27300071881,11,告诉我你的名字,夏目友人帐 第七季,113638224433107
开服玩家！,163.448,1,16777215,2024-12-17 13:39:45,27300071881,11,告诉我你的名字,夏目友人帐 第七季,113638224433107
又被点名,825.91,5,16777215,2024-12-16 23:18:45,27300071881,11,告诉我你的名字,夏目友人帐 第七季,113638224433107
怎么认成七濑的。七濑是卷发而且小时候就开始戴眼镜，而且性格比较强势,409.98,5,15138834,2025-01-02 04:26:18,27300071881,11,告诉我你的名字,夏目友人帐 第七季,113638224433107
玲子估计这时候才发现苍子是人类，说吵应该是围观苍子的小妖怪们,353.491,1,16777215,2024-12-20 12:57:27,27300071881,11,告诉我你的名字,夏目友人帐 第七季,113638224433107
其实像这样的人类，我们人类自己也不太懂,903.176,1,16777215,2024-12-17 14:39:40,27300071881,11,告诉我你的名字,夏目友人帐 第七季,113638224433107
每次都上当，当当都一样,132.819,5,16777215,2024-12-16 23:07:22,27300071881,11,告诉我你的名字,夏目友人帐 第七季,113638224433107
没想到一时兴起的游戏，竟束缚住了我们的灵魂,1286.071,1,16777215,2024-12-23 18:22:49,27300071881,11,告诉我你的名字,夏目友人帐 第七季,113638224433107
好难相处啊外婆,521.064,5,16755202,2024-12-16 23:25:11,27300071881,11,告诉我你的名字,夏目友人帐 第七季,113638224433107
笑死，友情保安，哈哈哈,1087.306,1,16777215,2024-12-16 23:17:51,27300071881,11,告诉我你的名字,夏目友人帐 第七季,113638224433107
看漫画还以为是个可爱的声音，没想到是津叔啊！！！,143.313,5,16777215,2024-12-16 23:07:19,27300071881,11,告诉我你的名字,夏目友人帐 第七季,113638224433107
经典不让人把话说完,856.365,1,16777215,2024-12-17 21:46:19,27300071881,11,告诉我你的名字,夏目友人帐 第七季,113638224433107
Oi~,315.986,5,41194,2024-12-16 23:51:42,27300071881,11,告诉我你的名字,夏目友人帐 第七季,113638224433107
玲子也是竖瞳诶，看来夏目的眼睛是遗传外婆了。我之前还在想是不是外公,615.26,1,16777215,2024-12-20 18:34:54,27300071881,11,告诉我你的名字,夏目友人帐 第七季,113638224433107
我闻到了疾病的味道,660.967,1,16777215,2024-12-16 23:13:10,27300071881,11,告诉我你的名字,夏目友人帐 第七季,113638224433107
对不起，这妖怪太反差萌了吧哈哈哈哈哈,1080.996,5,16777215,2024-12-23 13:54:24,27300071881,11,告诉我你的名字,夏目友人帐 第七季,113638224433107
《致不灭的你》？,102.442,1,16777215,2024-12-17 13:19:30,27300071881,11,告诉我你的名字,夏目友人帐 第七季,113638224433107
玲子的心声被听到了，这一刻她的心变柔软了,977.773,1,16777215,2024-12-17 11:57:57,27300071881,11,告诉我你的名字,夏目友人帐 第七季,113638224433107
心疼玲子，每次有人类朋友都为了保护对方离开,1033.366,5,16777215,2024-12-16 23:50:28,27300071881,11,告诉我你的名字,夏目友人帐 第七季,113638224433107
山女鱼是什么啊(◎_◎;),138.016,5,16777215,2024-12-16 23:46:08,27300071881,11,告诉我你的名字,夏目友人帐 第七季,113638224433107
你们几个是真爱凑热闹哈哈哈哈,451.256,1,16777215,2024-12-16 23:10:08,27300071881,11,告诉我你的名字,夏目友人帐 第七季,113638224433107
但是三三你基本上都上钩哎,127.027,5,16755202,2024-12-16 23:01:03,27300071881,11,告诉我你的名字,夏目友人帐 第七季,113638224433107
哦之前好像说过，妖怪会优先找内心动摇的人当目标……,1045.916,1,16777215,2024-12-27 09:38:55,27300071881,11,告诉我你的名字,夏目友人帐 第七季,113638224433107
样貌骇人哈哈哈哈哈毛茸茸吗,816.811,5,16777215,2024-12-16 23:39:47,27300071881,11,告诉我你的名字,夏目友人帐 第七季,113638224433107
请分析此处环境描写的作用,1024.179,5,16777215,2024-12-16 23:28:44,27300071881,11,告诉我你的名字,夏目友人帐 第七季,113638224433107
变暗了是开始转折了,875.533,1,15138834,2024-12-27 00:06:15,27300071881,11,告诉我你的名字,夏目友人帐 第七季,113638224433107
所以林子总是走了之后不回来，是因为玲子也经常被抛下，觉得这是正常的啊。。。,1185.527,1,16777215,2024-12-25 01:42:43,27300071881,11,告诉我你的名字,夏目友人帐 第七季,113638224433107
天呐，好虐，又是第1个朋友又是第1页又是离去我要死了,1306.249,5,16777215,2024-12-18 14:29:15,27300071881,11,告诉我你的名字,夏目友人帐 第七季,113638224433107
勇者辛美尔故乡的花,1152.938,1,16777215,2024-12-17 18:31:02,27300071881,11,告诉我你的名字,夏目友人帐 第七季,113638224433107
我记得玲子准心超好，能用木棍打到向她投来的石头,578.699,1,16777215,2024-12-17 14:25:10,27300071881,11,告诉我你的名字,夏目友人帐 第七季,113638224433107
淋雨了然后生病卧床，或者是不好意思来见她，然后外婆就搬走了？,1071.909,1,16777215,2024-12-17 11:49:51,27300071881,11,告诉我你的名字,夏目友人帐 第七季,113638224433107
我也懂（举手）,309.223,5,16707842,2024-12-17 10:44:41,27300071881,11,告诉我你的名字,夏目友人帐 第七季,113638224433107
蓝色的花海，和苍子的名字很像呢,1106.524,5,41194,2024-12-17 00:13:16,27300071881,11,告诉我你的名字,夏目友人帐 第七季,113638224433107
所以玲子不敢说自己名字了吗,830.567,5,16777215,2024-12-16 23:44:54,27300071881,11,告诉我你的名字,夏目友人帐 第七季,113638224433107
所以说得到名字后就不再来……也是从这里起源吗,1190.348,1,16777215,2024-12-16 23:25:16,27300071881,11,告诉我你的名字,夏目友人帐 第七季,113638224433107
他就像友情保安呜呜呜,1084.339,5,16777215,2024-12-16 23:15:04,27300071881,11,告诉我你的名字,夏目友人帐 第七季,113638224433107
这么看玲子和夏目长得真像！特别是眼睛！,343.719,5,16707842,2024-12-17 20:30:11,27300071881,11,告诉我你的名字,夏目友人帐 第七季,113638224433107
：我的cp be了呜呜呜,1081.3,1,16777215,2024-12-17 19:15:50,27300071881,11,告诉我你的名字,夏目友人帐 第七季,113638224433107
苍子比玲子白一些，虚弱的样子,885.479,1,16777215,2024-12-17 03:25:35,27300071881,11,告诉我你的名字,夏目友人帐 第七季,113638224433107
啊啊啊啊妖怪越来越多了是怎么回事,450.877,5,16755202,2024-12-16 23:23:33,27300071881,11,告诉我你的名字,夏目友人帐 第七季,113638224433107
妖怪为什么不嫌他们吵呢，大概因为自己也既喜欢安静又害怕寂寞吧,633.017,1,15772458,2024-12-17 11:43:36,27300071881,11,告诉我你的名字,夏目友人帐 第七季,113638224433107
苍蓝星的苍（,516.073,1,16777215,2024-12-17 00:11:10,27300071881,11,告诉我你的名字,夏目友人帐 第七季,113638224433107
补药啊,1342.46,1,16777215,2024-12-16 23:52:05,27300071881,11,告诉我你的名字,夏目友人帐 第七季,113638224433107
我知道了，你是夜神月吧,512.793,5,15138834,2024-12-16 23:44:33,27300071881,11,告诉我你的名字,夏目友人帐 第七季,113638224433107
如果没有阴差阳错，也许玲子后面不会拒绝所有人和妖的亲近，因为害怕失去,1403.417,1,16777215,2024-12-17 12:17:39,27300071881,11,告诉我你的名字,夏目友人帐 第七季,113638224433107
缘妙不可言。但，有些不可结缘，罢了,1282.883,5,16777215,2024-12-17 13:10:13,27300071881,11,告诉我你的名字,夏目友人帐 第七季,113638224433107
他说的是“我不知道对于人类来说是如何”,905.138,1,16777215,2024-12-17 00:08:19,27300071881,11,告诉我你的名字,夏目友人帐 第七季,113638224433107
别哭，别哭,1392.851,5,16777215,2024-12-16 23:33:16,27300071881,11,告诉我你的名字,夏目友人帐 第七季,113638224433107
那如果说就是你旁边这个女孩子呢,838.868,5,16777215,2024-12-16 23:17:07,27300071881,11,告诉我你的名字,夏目友人帐 第七季,113638224433107
唉，阴差阳错,1192.957,5,41194,2024-12-16 23:06:01,27300071881,11,告诉我你的名字,夏目友人帐 第七季,113638224433107
不知道为什么明明小妖怪很可爱 这一幕也很好，但是就是感觉想要落泪,994.772,5,16777215,2025-02-08 17:01:01,27300071881,11,告诉我你的名字,夏目友人帐 第七季,113638224433107
小妖怪也喜欢苍子，所以想她赢,1008.478,1,16777215,2024-12-30 10:48:42,27300071881,11,告诉我你的名字,夏目友人帐 第七季,113638224433107
啊啊啊最让我意难平的是这个妖怪啊呜呜呜呜呜呜呜呜呜,1224.793,5,16777215,2024-12-24 13:31:29,27300071881,11,告诉我你的名字,夏目友人帐 第七季,113638224433107
怎么走起路来像企鹅一样哈哈哈哈哈哈,259.681,5,16777215,2024-12-17 08:37:18,27300071881,11,告诉我你的名字,夏目友人帐 第七季,113638224433107
自由自在的，如暖风一般的玲子外婆呀,232.452,5,16777215,2024-12-17 02:19:11,27300071881,11,告诉我你的名字,夏目友人帐 第七季,113638224433107
不会与人打交道的铃子便也学着这种方式与妖怪做朋友,631.59,1,16777215,2024-12-17 00:10:26,27300071881,11,告诉我你的名字,夏目友人帐 第七季,113638224433107
四方谷：我？,814.75,1,16777215,2024-12-16 23:30:21,27300071881,11,告诉我你的名字,夏目友人帐 第七季,113638224433107
好可惜，玲子没能再见这个女孩,1212.25,5,16777215,2024-12-16 23:29:03,27300071881,11,告诉我你的名字,夏目友人帐 第七季,113638224433107
啊啊啊为什么！为什么又是这样悲伤的错过故事！明明是双向奔赴！,1259.598,1,16777215,2024-12-16 23:27:34,27300071881,11,告诉我你的名字,夏目友人帐 第七季,113638224433107
泪目了啊 这就是故事的开始！,1009.304,1,16777215,2024-12-16 23:17:57,27300071881,11,告诉我你的名字,夏目友人帐 第七季,113638224433107
这女生最后发生什么了啊啊啊如果她一直在等话玲子后面又怎么会那么寂寞,653.739,1,16777215,2024-12-16 23:15:32,27300071881,11,告诉我你的名字,夏目友人帐 第七季,113638224433107
找不了的，漫画里说的是玲子搬去另外一个亲戚家里了,1271.631,1,16777215,2024-12-19 23:41:00,27300071881,11,告诉我你的名字,夏目友人帐 第七季,113638224433107
连片头BGM都在透露着悲伤与遗憾,220.2,5,16777215,2024-12-17 16:51:13,27300071881,11,告诉我你的名字,夏目友人帐 第七季,113638224433107
真的替玲子伤心，我都会感到心如刀割,840.973,1,16777215,2024-12-17 09:27:51,27300071881,11,告诉我你的名字,夏目友人帐 第七季,113638224433107
哇酷哇酷~,743.414,5,16777215,2024-12-16 23:22:27,27300071881,11,告诉我你的名字,夏目友人帐 第七季,113638224433107
说是常有的事情，这真的很让人心疼啊,971.995,5,16777215,2024-12-16 23:19:37,27300071881,11,告诉我你的名字,夏目友人帐 第七季,113638224433107
夏目不要哭,1391.253,5,41194,2024-12-27 18:03:48,27300071881,11,告诉我你的名字,夏目友人帐 第七季,113638224433107
所以才会叫“友人帐”啊,577.77,5,16777215,2024-12-24 23:10:12,27300071881,11,告诉我你的名字,夏目友人帐 第七季,113638224433107
也是，难得有个能看见他们的人类，还能互动，当然稀罕了,321.906,1,16777215,2024-12-17 21:26:09,27300071881,11,告诉我你的名字,夏目友人帐 第七季,113638224433107
《不能在阳光底下看书哦对眼睛不好》,463.634,5,15138834,2024-12-23 23:21:32,27300071881,11,告诉我你的名字,夏目友人帐 第七季,113638224433107
吃瓜吃到自己身上哈哈哈,815.036,1,16777215,2024-12-17 07:14:59,27300071881,11,告诉我你的名字,夏目友人帐 第七季,113638224433107
瓦达西瓦艾露得嘶,528.054,5,15138834,2024-12-16 23:45:07,27300071881,11,告诉我你的名字,夏目友人帐 第七季,113638224433107
谁说灯泡猫头鹰的哈哈哈哈，笑死我了,743.085,5,15138834,2024-12-24 14:12:52,27300071881,11,告诉我你的名字,夏目友人帐 第七季,113638224433107
津叔是第一个小弟（doge）,1174.619,5,16777215,2024-12-22 20:06:30,27300071881,11,告诉我你的名字,夏目友人帐 第七季,113638224433107
真：看见太奶了,1352.609,1,16777215,2024-12-20 09:16:35,27300071881,11,告诉我你的名字,夏目友人帐 第七季,113638224433107
所以，第一位你到底叫什么名字？,1319.528,5,16777215,2024-12-17 19:28:09,27300071881,11,告诉我你的名字,夏目友人帐 第七季,113638224433107
原来是你！友人帐的开端,543.882,1,16777215,2024-12-25 18:18:11,27300071881,11,告诉我你的名字,夏目友人帐 第七季,113638224433107
妖怪在旁边磕晕了,686.124,1,16777215,2024-12-24 22:58:55,27300071881,11,告诉我你的名字,夏目友人帐 第七季,113638224433107
笼中鸟，何时飞,246.357,5,16777215,2024-12-17 22:30:35,27300071881,11,告诉我你的名字,夏目友人帐 第七季,113638224433107
这应该是玲子的内心传染的  她还是很难受的,1087.277,5,15138834,2025-01-09 23:15:47,27300071881,11,告诉我你的名字,夏目友人帐 第七季,113638224433107
我认为这集是目前的本季最佳,1406.048,5,16777215,2024-12-27 00:09:03,27300071881,11,告诉我你的名字,夏目友人帐 第七季,113638224433107
忽然一闪的夏目好呆萌可爱啊嘿嘿,559.428,5,16777215,2024-12-23 13:47:19,27300071881,11,告诉我你的名字,夏目友人帐 第七季,113638224433107
遗憾错过是常态 所以相逢相知才显珍贵！,1258.236,1,16777215,2024-12-22 10:58:14,27300071881,11,告诉我你的名字,夏目友人帐 第七季,113638224433107
症状感觉是心不全啊……苍子应该是有先天心脏病吧……,904.232,1,16777215,2024-12-18 21:11:43,27300071881,11,告诉我你的名字,夏目友人帐 第七季,113638224433107
正中靶心！玲子外婆牛的！,581.703,1,16777215,2024-12-17 00:14:50,27300071881,11,告诉我你的名字,夏目友人帐 第七季,113638224433107
其实根本不是这样，她想和她一起看,1169.63,1,16777215,2024-12-16 23:38:42,27300071881,11,告诉我你的名字,夏目友人帐 第七季,113638224433107
(˃ ⌑ ˂ഃ )(˃ ⌑ ˂ഃ ）,442.904,5,16777215,2024-12-16 23:22:04,27300071881,11,告诉我你的名字,夏目友人帐 第七季,113638224433107
辛美尔家乡的花吗,1144.817,1,16777215,2024-12-16 23:21:43,27300071881,11,告诉我你的名字,夏目友人帐 第七季,113638224433107
我嘞个豆,958.253,1,16777215,2024-12-24 00:29:54,27300071881,11,告诉我你的名字,夏目友人帐 第七季,113638224433107
cp be了 换我我也哭,1084.086,1,16777215,2024-12-21 17:43:26,27300071881,11,告诉我你的名字,夏目友人帐 第七季,113638224433107
苍子对玲子说的第一句话和最后一句话都是果咩纳塞...,1049.693,1,16777215,2024-12-18 23:39:08,27300071881,11,告诉我你的名字,夏目友人帐 第七季,113638224433107
不可结缘 徒增烦恼,1212.967,5,16707842,2024-12-18 12:20:13,27300071881,11,告诉我你的名字,夏目友人帐 第七季,113638224433107
啊？我！,815.33,5,16777215,2024-12-17 21:51:03,27300071881,11,告诉我你的名字,夏目友人帐 第七季,113638224433107
他们甚至重做了翻书动画！！,1300.577,1,16777215,2024-12-17 14:47:37,27300071881,11,告诉我你的名字,夏目友人帐 第七季,113638224433107
这是外婆第一次学会交朋友的方法吧,550.0,1,14811775,2024-12-17 12:40:44,27300071881,11,告诉我你的名字,夏目友人帐 第七季,113638224433107
如果不再需要我了，如果不在呼唤我了，请还回我的名字，哭死了啊啊啊,1335.073,1,16777215,2024-12-27 20:06:08,27300071881,11,告诉我你的名字,夏目友人帐 第七季,113638224433107
告诉名字这虽然是一个小事，但是它的意义不一样 ,992.487,1,16777215,2024-12-22 16:41:46,27300071881,11,告诉我你的名字,夏目友人帐 第七季,113638224433107
所以玲子要名字，其实是想要交朋友吧，所以它才叫做友人帐啊,1180.909,1,16777215,2024-12-19 18:42:42,27300071881,11,告诉我你的名字,夏目友人帐 第七季,113638224433107
玲子长的好帅！！！！,380.13,5,15772458,2024-12-17 13:46:53,27300071881,11,告诉我你的名字,夏目友人帐 第七季,113638224433107
居然是這樣來的，好微妙，暖暖的,556.171,1,16777215,2024-12-16 23:13:28,27300071881,11,告诉我你的名字,夏目友人帐 第七季,113638224433107
真的太喜欢这一话了呜呜呜,170.21,5,16777215,2024-12-16 23:02:40,27300071881,11,告诉我你的名字,夏目友人帐 第七季,113638224433107
小妖怪：她这么努力了让她赢赢怎么了,1005.018,1,16777215,2025-02-26 13:20:22,27300071881,11,告诉我你的名字,夏目友人帐 第七季,113638224433107
论先问名字的重要性,847.36,1,16777215,2025-01-12 20:31:36,27300071881,11,告诉我你的名字,夏目友人帐 第七季,113638224433107
做梦。。玲子真的很遗憾啊,1359.941,1,16777215,2024-12-19 22:00:50,27300071881,11,告诉我你的名字,夏目友人帐 第七季,113638224433107
哎？啊……,288.758,5,15138834,2024-12-19 15:01:50,27300071881,11,告诉我你的名字,夏目友人帐 第七季,113638224433107
是哦 没有手机的世界简单的事都很有意思,640.402,1,16777215,2024-12-17 22:28:37,27300071881,11,告诉我你的名字,夏目友人帐 第七季,113638224433107
玲子是不是也怕知道名字后对方会离她而去，索性只要留个证，再也不见？,1191.803,1,16777215,2024-12-17 20:20:19,27300071881,11,告诉我你的名字,夏目友人帐 第七季,113638224433107
也许去了天国就会再相见,1358.743,5,16777215,2024-12-17 15:37:54,27300071881,11,告诉我你的名字,夏目友人帐 第七季,113638224433107
万“恶”起源,547.608,1,16777215,2024-12-16 23:05:16,27300071881,11,告诉我你的名字,夏目友人帐 第七季,113638224433107
第一个写下名字的妖怪，我把名字归还给你,0.78,1,16777215,2024-12-25 06:45:01,27300071881,11,告诉我你的名字,夏目友人帐 第七季,113638224433107
人鱼姬,355.85,1,16777215,2024-12-19 14:34:33,27300071881,11,告诉我你的名字,夏目友人帐 第七季,113638224433107
花映天蓝好风光，梦里相欢日暮凉。,1347.068,5,16777215,2024-12-18 12:44:43,27300071881,11,告诉我你的名字,夏目友人帐 第七季,113638224433107
管撩不管灭火哈哈,1195.017,1,16777215,2024-12-17 00:02:10,27300071881,11,告诉我你的名字,夏目友人帐 第七季,113638224433107
友人帐，账上的名字属于不同的友人,1376.257,5,16777215,2024-12-25 22:34:45,27300071881,11,告诉我你的名字,夏目友人帐 第七季,113638224433107
大花婆婆纳,1131.113,1,16777215,2024-12-19 20:48:28,27300071881,11,告诉我你的名字,夏目友人帐 第七季,113638224433107
你在磕CP（狗头）,446.989,1,16777215,2024-12-19 12:44:02,27300071881,11,告诉我你的名字,夏目友人帐 第七季,113638224433107
这是个cp粉啊,746.588,1,16777215,2024-12-18 08:11:57,27300071881,11,告诉我你的名字,夏目友人帐 第七季,113638224433107
啊我知道了玲子叫她名字那里可能是被她故意敷衍过去，因为她想如果告诉了她比赛就没有奖励了,939.943,1,16777215,2024-12-17 22:09:51,27300071881,11,告诉我你的名字,夏目友人帐 第七季,113638224433107
因为你的心里在下雨，所以它在哭泣,1090.765,1,16777215,2024-12-21 05:03:19,27300071881,11,告诉我你的名字,夏目友人帐 第七季,113638224433107
友人帐的业务已经发展到送货上门的程度,122.247,1,16777215,2024-12-19 20:44:43,27300071881,11,告诉我你的名字,夏目友人帐 第七季,113638224433107
不要啥感情都往爱情上想好吗？,432.966,5,10546688,2024-12-18 23:16:54,27300071881,11,告诉我你的名字,夏目友人帐 第七季,113638224433107
我大概…也喜欢热闹吧,309.351,5,16707842,2024-12-18 01:07:30,27300071881,11,告诉我你的名字,夏目友人帐 第七季,113638224433107
这是第1个名字所以没有后面那么爱捉弄吧，而且这是人类，跟玲子好好说话，超有礼貌的人类！,432.969,1,16777215,2024-12-17 21:55:22,27300071881,11,告诉我你的名字,夏目友人帐 第七季,113638224433107
你不爱挪窝当然不知道了哈哈哈哈,736.445,1,16777215,2025-03-16 06:45:50,27300071881,11,告诉我你的名字,夏目友人帐 第七季,113638224433107
我感觉应该是苍子淋雨生病了来不了，而玲子不懂脆弱的人类淋了雨就会生病，所以才会觉得她被讨厌了,1090.574,1,16777215,2025-02-06 03:15:14,27300071881,11,告诉我你的名字,夏目友人帐 第七季,113638224433107
这也解释了为什么很多人说玲子说话粗暴行为奇怪和伤人和搞破坏吧 毕竟他们又看不见妖怪只看见玲子所以理所当然的当成是玲子一个人干的,864.787,1,16776960,2025-01-12 12:45:17,27300071881,11,告诉我你的名字,夏目友人帐 第七季,113638224433107
四方谷和玲子：吃瓜吃到自己身上了,816.186,1,16777215,2024-12-30 15:28:13,27300071881,11,告诉我你的名字,夏目友人帐 第七季,113638224433107
我记得第一季夏目整理外婆遗物的时候就有糖纸不知道是不是同一张,606.776,1,16777215,2024-12-25 22:13:42,27300071881,11,告诉我你的名字,夏目友人帐 第七季,113638224433107
好遗憾。。一前一后的循环着。却再也没有见面的缘分了。直到老了见到了夏目,1217.794,1,15138834,2024-12-25 23:03:29,27300071881,11,告诉我你的名字,夏目友人帐 第七季,113638224433107
才发现玲子开了大眼特效哈哈哈哈（bushi,340.632,5,16777215,2024-12-23 13:41:22,27300071881,11,告诉我你的名字,夏目友人帐 第七季,113638224433107
肚子不盖点吗？容易着凉,710.097,5,16777215,2024-12-21 09:57:24,27300071881,11,告诉我你的名字,夏目友人帐 第七季,113638224433107
世间的阴差阳错从未停歇,1224.724,5,41194,2024-12-21 01:35:00,27300071881,11,告诉我你的名字,夏目友人帐 第七季,113638224433107
嗑的CP BE了belike,1081.934,1,15138834,2024-12-18 18:50:28,27300071881,11,告诉我你的名字,夏目友人帐 第七季,113638224433107
如果是积极正面的，还是应该说出来啦,801.341,5,16707842,2024-12-18 17:10:41,27300071881,11,告诉我你的名字,夏目友人帐 第七季,113638224433107
好可爱啊津叔配的这个妖怪,445.906,5,16707842,2024-12-18 17:03:03,27300071881,11,告诉我你的名字,夏目友人帐 第七季,113638224433107
玲子女友力好强,479.854,1,16777215,2024-12-17 21:58:36,27300071881,11,告诉我你的名字,夏目友人帐 第七季,113638224433107
白雾花吗,757.068,5,16777215,2024-12-17 20:55:43,27300071881,11,告诉我你的名字,夏目友人帐 第七季,113638224433107
重要的不是和谁在一起，而是我看到了怎样的风景,1171.176,1,9487136,2025-04-12 04:17:42,27300071881,11,告诉我你的名字,夏目友人帐 第七季,113638224433107
妖怪：我磕的cp怎么be了,1070.546,1,16777215,2025-01-07 18:49:11,27300071881,11,告诉我你的名字,夏目友人帐 第七季,113638224433107
原来你是只八卦妖,754.559,5,15138834,2024-12-25 17:47:10,27300071881,11,告诉我你的名字,夏目友人帐 第七季,113638224433107
这声“诶”好可爱啊,280.39,1,16777215,2024-12-24 08:58:32,27300071881,11,告诉我你的名字,夏目友人帐 第七季,113638224433107
蓝星花，花语是互信的心！！！！,1401.259,1,16777215,2024-12-19 01:32:43,27300071881,11,告诉我你的名字,夏目友人帐 第七季,113638224433107
因为苍子没来所以铃子拿到妖怪名字后就不再找它们了啊,1100.836,1,16777215,2025-01-22 11:20:44,27300071881,11,告诉我你的名字,夏目友人帐 第七季,113638224433107
落叶各怀心事，随风各自相逢。,729.135,5,14811775,2025-01-06 23:26:11,27300071881,11,告诉我你的名字,夏目友人帐 第七季,113638224433107
超绝气泡音~,793.032,1,8700107,2024-12-28 23:58:16,27300071881,11,告诉我你的名字,夏目友人帐 第七季,113638224433107
玲子不来的原因很可能是去到下一个家庭了，她和夏目的经历差不多，一直在各个亲戚家借住,1287.998,1,16777215,2024-12-25 12:38:42,27300071881,11,告诉我你的名字,夏目友人帐 第七季,113638224433107
这个BGM听得我好像回到了还没有成为毒妇的时候,299.972,1,16777215,2024-12-24 20:59:14,27300071881,11,告诉我你的名字,夏目友人帐 第七季,113638224433107
经典的背景音乐他来了，一听到就想哭,297.603,5,16707842,2024-12-24 17:23:19,27300071881,11,告诉我你的名字,夏目友人帐 第七季,113638224433107
玲子把那个叫友人帐，是不是因为她认为从这里开始两个人是朋友了,606.27,1,16777215,2024-12-24 12:54:04,27300071881,11,告诉我你的名字,夏目友人帐 第七季,113638224433107
玲子：想不到吧我会大脑封闭术哦,503.826,1,16777215,2024-12-23 21:50:27,27300071881,11,告诉我你的名字,夏目友人帐 第七季,113638224433107
所以玲子真的不敢轻易相信和期待啊。。,1169.47,1,16777215,2024-12-20 15:25:13,27300071881,11,告诉我你的名字,夏目友人帐 第七季,113638224433107
三三这里在忍住哭。。。,1398.698,5,16777215,2024-12-18 12:20:21,27300071881,11,告诉我你的名字,夏目友人帐 第七季,113638224433107
如果辛美尔在的话……,744.6,1,16707842,2024-12-17 22:36:32,27300071881,11,告诉我你的名字,夏目友人帐 第七季,113638224433107
妖怪不会随便离开自己所处的地方的，更何况找玲子也找不到,1293.361,1,16777215,2024-12-17 19:49:45,27300071881,11,告诉我你的名字,夏目友人帐 第七季,113638224433107
这孩子不会有心脏病吧,654.834,5,16777215,2025-01-11 20:15:08,27300071881,11,告诉我你的名字,夏目友人帐 第七季,113638224433107
按照之前的描述，玲子也是在亲戚间周转，可能去了其他地方,1280.041,1,16777215,2025-01-05 21:37:29,27300071881,11,告诉我你的名字,夏目友人帐 第七季,113638224433107
这片花海从不养活人！！！！！！,1145.552,5,15138834,2024-12-30 20:07:20,27300071881,11,告诉我你的名字,夏目友人帐 第七季,113638224433107
原来你才是万恶之源,544.036,1,16777215,2024-12-28 17:49:31,27300071881,11,告诉我你的名字,夏目友人帐 第七季,113638224433107
苍子也是个不服输的好强的人，她的灵魂和玲子本来很相似,948.563,1,16777215,2024-12-26 19:57:35,27300071881,11,告诉我你的名字,夏目友人帐 第七季,113638224433107
夏目其实也有类似的能力，就是通过梦境读一些妖怪的内心,805.536,1,16777215,2024-12-25 00:39:08,27300071881,11,告诉我你的名字,夏目友人帐 第七季,113638224433107
辛美尔啊啊啊,1103.489,1,16777215,2024-12-20 19:58:04,27300071881,11,告诉我你的名字,夏目友人帐 第七季,113638224433107
你说的这两个本尊就在旁边,824.084,1,16777215,2024-12-19 21:11:52,27300071881,11,告诉我你的名字,夏目友人帐 第七季,113638224433107
幼年七濑之前出场过，这时候还是个戴眼镜的小萝莉,381.055,1,16777215,2024-12-19 12:15:34,27300071881,11,告诉我你的名字,夏目友人帐 第七季,113638224433107
不好意思 我看书吵到你了，，， 你听听 你听听 这是人话么,348.398,1,16777215,2024-12-19 12:01:22,27300071881,11,告诉我你的名字,夏目友人帐 第七季,113638224433107
这不会是最后一次见面吧。。。,917.136,5,16777215,2025-02-12 20:15:29,27300071881,11,告诉我你的名字,夏目友人帐 第七季,113638224433107
他的cp be了,1088.005,1,16777215,2025-02-06 19:43:30,27300071881,11,告诉我你的名字,夏目友人帐 第七季,113638224433107
这样也解释了为什么在普通人眼里玲子会说奇怪的话和所谓的伤人和搞破坏吧 毕竟普通人看不见妖怪只看见玲子就当是玲子干的....,864.493,1,16776960,2025-01-11 16:04:22,27300071881,11,告诉我你的名字,夏目友人帐 第七季,113638224433107
hhhhhh大叔嗓音原来也有颗稚嫩青涩的心呢hhhh,1079.231,5,16777215,2024-12-27 09:50:44,27300071881,11,告诉我你的名字,夏目友人帐 第七季,113638224433107
《友人帐诞生史》,1147.925,5,16777215,2024-12-24 23:20:02,27300071881,11,告诉我你的名字,夏目友人帐 第七季,113638224433107
玲子是觉得这里变成了伤心地，所以回邻镇了吧,1222.101,1,16777215,2024-12-18 15:04:15,27300071881,11,告诉我你的名字,夏目友人帐 第七季,113638224433107
小妖怪神助攻,995.11,5,16777215,2024-12-18 01:51:31,27300071881,11,告诉我你的名字,夏目友人帐 第七季,113638224433107
像极了cp粉对becp隔着屏幕传达不到的声音…,1239.906,1,16777215,2024-12-17 19:31:56,27300071881,11,告诉我你的名字,夏目友人帐 第七季,113638224433107
我们每个人内心都有一片花海，等待着被别人发现,1125.759,5,16777215,2025-01-17 17:07:12,27300071881,11,告诉我你的名字,夏目友人帐 第七季,113638224433107
四方谷：凶！,998.394,1,16777215,2025-01-03 16:35:36,27300071881,11,告诉我你的名字,夏目友人帐 第七季,113638224433107
好可爱，妖怪们看着人类小孩交朋友,446.535,1,16777215,2025-01-02 03:20:36,27300071881,11,告诉我你的名字,夏目友人帐 第七季,113638224433107
妖怪觉得苍子听到玲子的名字之后就不再找她玩了幸灾乐祸才干扰的,1031.0,1,16777215,2024-12-24 23:18:39,27300071881,11,告诉我你的名字,夏目友人帐 第七季,113638224433107
所以为什么会叫友人帐，因为，是为了结交朋友而交换的名字,566.261,1,16777215,2024-12-24 21:54:37,27300071881,11,告诉我你的名字,夏目友人帐 第七季,113638224433107
老是这样，夏目的肩膀还受得了吗哈哈哈哈,1378.206,1,16777215,2024-12-24 21:29:04,27300071881,11,告诉我你的名字,夏目友人帐 第七季,113638224433107
苍子很明白玲子是不吃嗟来之食呢,601.51,1,16777215,2024-12-21 18:46:21,27300071881,11,告诉我你的名字,夏目友人帐 第七季,113638224433107
ki米you。那吗一哇？,227.503,1,16777215,2024-12-21 11:43:27,27300071881,11,告诉我你的名字,夏目友人帐 第七季,113638224433107
等夏目离开后三三怎么办啊,1401.517,1,16777215,2024-12-20 12:36:57,27300071881,11,告诉我你的名字,夏目友人帐 第七季,113638224433107
下次认识朋友请一定要问名字,835.325,1,16777215,2024-12-19 20:59:34,27300071881,11,告诉我你的名字,夏目友人帐 第七季,113638224433107
妖怪也一直守护着苍子呢,953.24,1,16777215,2024-12-17 21:08:27,27300071881,11,告诉我你的名字,夏目友人帐 第七季,113638224433107
他cpbe了还不能哭一哭吗,1091.121,1,16777215,2025-01-03 21:21:09,27300071881,11,告诉我你的名字,夏目友人帐 第七季,113638224433107
cp头子：天塌了,1078.119,1,16777215,2024-12-27 01:55:23,27300071881,11,告诉我你的名字,夏目友人帐 第七季,113638224433107
开服玩家出现了,165.89,1,16777215,2024-12-25 18:10:19,27300071881,11,告诉我你的名字,夏目友人帐 第七季,113638224433107
心脏病供血不足？,880.242,1,16777215,2024-12-24 16:58:32,27300071881,11,告诉我你的名字,夏目友人帐 第七季,113638224433107
这是外公（bushi,343.936,5,16777215,2024-12-23 22:11:13,27300071881,11,告诉我你的名字,夏目友人帐 第七季,113638224433107
是玲子太悲伤了被他读到了,1094.59,1,16777215,2024-12-20 20:56:44,27300071881,11,告诉我你的名字,夏目友人帐 第七季,113638224433107
文学生逐渐变成体育生,648.036,1,16777215,2024-12-19 18:24:55,27300071881,11,告诉我你的名字,夏目友人帐 第七季,113638224433107
我听到了招灾的【回响】,672.129,5,15138834,2024-12-18 08:41:54,27300071881,11,告诉我你的名字,夏目友人帐 第七季,113638224433107
名声在外哈哈,834.86,1,16777215,2024-12-17 20:19:08,27300071881,11,告诉我你的名字,夏目友人帐 第七季,113638224433107
这些也是玲子后面跟妖怪的比试吧,647.787,5,15138834,2025-04-23 22:24:40,27300071881,11,告诉我你的名字,夏目友人帐 第七季,113638224433107
学夏目还专门夹起来,206.132,5,15138834,2025-01-01 16:09:28,27300071881,11,告诉我你的名字,夏目友人帐 第七季,113638224433107
双手插兜,115.401,1,16777215,2024-12-24 21:08:20,27300071881,11,告诉我你的名字,夏目友人帐 第七季,113638224433107
这俩好像那个时代的中级,243.428,5,16707842,2024-12-24 19:39:14,27300071881,11,告诉我你的名字,夏目友人帐 第七季,113638224433107
奇怪的家伙……啊啊啊啊啊瞬间泪奔这不就是妖怪们形容玲子的吗，原来最初是这样的,555.459,1,16777215,2024-12-24 16:44:18,27300071881,11,告诉我你的名字,夏目友人帐 第七季,113638224433107
苍月草的走错片场了啊！,731.857,5,41194,2024-12-19 22:11:26,27300071881,11,告诉我你的名字,夏目友人帐 第七季,113638224433107
不要去那种不存在的地方啊啊啊,731.661,1,16777215,2024-12-19 03:13:59,27300071881,11,告诉我你的名字,夏目友人帐 第七季,113638224433107
猫头鹰妖怪好善良啊，喜欢,910.995,5,16707842,2024-12-18 17:12:42,27300071881,11,告诉我你的名字,夏目友人帐 第七季,113638224433107
蓝色的花从不打低段局,1128.909,1,16777215,2024-12-18 13:42:48,27300071881,11,告诉我你的名字,夏目友人帐 第七季,113638224433107
错过了…最遗憾的事啊,1215.324,5,16777215,2024-12-18 11:03:53,27300071881,11,告诉我你的名字,夏目友人帐 第七季,113638224433107
什么傲娇啊喂，明明声线这么帅气，表现的这么可爱哈哈,446.801,1,16777215,2024-12-17 21:16:46,27300071881,11,告诉我你的名字,夏目友人帐 第七季,113638224433107
如果猫老师的名字在友人帐里的话，那应该是最后一页,1317.838,5,16777215,2025-06-13 23:12:26,27300071881,11,告诉我你的名字,夏目友人帐 第七季,113638224433107
在妖怪心里夏目这么萌,210.637,5,16777215,2025-01-03 09:43:41,27300071881,11,告诉我你的名字,夏目友人帐 第七季,113638224433107
怎么感觉这里两个人的时间不一样，玲子这边是夏天，另一边是秋天？,504.759,5,41194,2024-12-28 21:23:59,27300071881,11,告诉我你的名字,夏目友人帐 第七季,113638224433107
哈哈哈这些好奇的小妖怪还挺可爱,452.562,1,16777215,2024-12-28 15:39:37,27300071881,11,告诉我你的名字,夏目友人帐 第七季,113638224433107
感谢夏目制作人员 带给我们美好的记忆 教会我们善良爱自己 爱别人 致敬夏目友人帐团队,1373.325,1,16777215,2024-12-26 12:45:37,27300071881,11,告诉我你的名字,夏目友人帐 第七季,113638224433107
玲子说的太对了。重要的是现在身边的人和现在的心情。,1164.781,1,16777215,2024-12-25 17:56:04,27300071881,11,告诉我你的名字,夏目友人帐 第七季,113638224433107
真正的夏目大人，太a了,1036.794,1,16777215,2024-12-24 12:26:39,27300071881,11,告诉我你的名字,夏目友人帐 第七季,113638224433107
哈哈哈哈哈哈哈突如其来的读心,200.401,5,16777215,2024-12-21 09:46:54,27300071881,11,告诉我你的名字,夏目友人帐 第七季,113638224433107
美丽的事物仍旧美丽，无趣的事物仍旧误无趣；与谁一起是这样，一个人也是这样,1175.935,1,16777215,2024-12-21 03:14:33,27300071881,11,告诉我你的名字,夏目友人帐 第七季,113638224433107
所以玲子想要只要叫出名字就能随时来的朋友,1089.341,1,16777215,2024-12-20 00:55:36,27300071881,11,告诉我你的名字,夏目友人帐 第七季,113638224433107
《某位勇者的故乡》,1105.317,5,41194,2024-12-19 22:18:39,27300071881,11,告诉我你的名字,夏目友人帐 第七季,113638224433107
啊……所以才是叫友人帐啊……,561.707,1,16777215,2024-12-19 14:35:30,27300071881,11,告诉我你的名字,夏目友人帐 第七季,113638224433107
随地大小睡,715.027,1,16777215,2024-12-18 21:39:59,27300071881,11,告诉我你的名字,夏目友人帐 第七季,113638224433107
感觉是心脏不太好 然后 刀来了,659.262,1,16777215,2024-12-17 21:30:41,27300071881,11,告诉我你的名字,夏目友人帐 第七季,113638224433107
小妖怪故意的，大家都希望她们交朋友吧。,1008.62,1,16777215,2025-01-12 02:13:21,27300071881,11,告诉我你的名字,夏目友人帐 第七季,113638224433107
《故事的开始》,1158.536,5,15138834,2025-01-04 13:46:02,27300071881,11,告诉我你的名字,夏目友人帐 第七季,113638224433107
cp破碎的吃瓜群众,1091.012,1,16777215,2024-12-28 23:12:57,27300071881,11,告诉我你的名字,夏目友人帐 第七季,113638224433107
津叔这个声线我笑死,191.549,5,9599289,2024-12-25 22:59:09,27300071881,11,告诉我你的名字,夏目友人帐 第七季,113638224433107
我磕的CPbe了，哭哭,1090.696,1,16777215,2024-12-24 12:56:02,27300071881,11,告诉我你的名字,夏目友人帐 第七季,113638224433107
这是白月光啊,558.345,5,16777215,2024-12-23 17:37:39,27300071881,11,告诉我你的名字,夏目友人帐 第七季,113638224433107
黑化不倒喵,205.013,5,16777215,2024-12-22 08:51:16,27300071881,11,告诉我你的名字,夏目友人帐 第七季,113638224433107
磕的cp在眼皮子底下be了,1217.677,1,16777215,2024-12-21 11:40:57,27300071881,11,告诉我你的名字,夏目友人帐 第七季,113638224433107
我噻，友人帐从此不会越来越厚了吧？,1288.07,5,16777215,2024-12-20 12:11:47,27300071881,11,告诉我你的名字,夏目友人帐 第七季,113638224433107
美人鱼,923.288,1,16777215,2024-12-18 17:51:29,27300071881,11,告诉我你的名字,夏目友人帐 第七季,113638224433107
作者宝刀未老啊,1228.626,1,16777215,2024-12-17 22:11:25,27300071881,11,告诉我你的名字,夏目友人帐 第七季,113638224433107
能够听到别人的心思，但是无法把自己的心意传达出去呢,1098.992,1,16777215,2024-12-17 21:52:55,27300071881,11,告诉我你的名字,夏目友人帐 第七季,113638224433107
苍子给我一种命不久矣的感觉,909.169,1,16777215,2024-12-27 19:59:02,27300071881,11,告诉我你的名字,夏目友人帐 第七季,113638224433107
哈哈哈哈本来感觉难过，看你就好好笑了噗，像小女孩流泪哈哈哈哈,1081.381,1,16777215,2024-12-27 11:18:52,27300071881,11,告诉我你的名字,夏目友人帐 第七季,113638224433107
女孩看起来身体不太好啊,647.694,1,16777215,2024-12-26 11:00:13,27300071881,11,告诉我你的名字,夏目友人帐 第七季,113638224433107
哈哈哈哈哈吃瓜吃到自己身上,815.379,5,9599289,2024-12-25 23:10:07,27300071881,11,告诉我你的名字,夏目友人帐 第七季,113638224433107
我嘞个开服玩家,182.407,1,16777215,2024-12-25 22:15:44,27300071881,11,告诉我你的名字,夏目友人帐 第七季,113638224433107
越听越觉得是周防尊在讲故事,780.19,5,16777215,2024-12-25 21:06:05,27300071881,11,告诉我你的名字,夏目友人帐 第七季,113638224433107
蓝花又刀我一次,1224.315,5,9033215,2024-12-24 15:42:30,27300071881,11,告诉我你的名字,夏目友人帐 第七季,113638224433107
命运总是不经意间捉弄世人,851.586,1,16777215,2024-12-23 23:47:26,27300071881,11,告诉我你的名字,夏目友人帐 第七季,113638224433107
不愧是你的名字，剧情都很像,1198.25,1,16707842,2024-12-23 23:45:48,27300071881,11,告诉我你的名字,夏目友人帐 第七季,113638224433107
听不到aq...妖怪急死了,1217.494,1,16777215,2024-12-23 21:11:33,27300071881,11,告诉我你的名字,夏目友人帐 第七季,113638224433107
？？玲子外婆啊什么玲子小姐！,176.445,5,16777215,2024-12-21 19:01:24,27300071881,11,告诉我你的名字,夏目友人帐 第七季,113638224433107
他能读心哭的可能不止是妖怪,1090.724,1,16777215,2024-12-20 00:43:26,27300071881,11,告诉我你的名字,夏目友人帐 第七季,113638224433107
倔强嘴硬的玲子,1163.474,5,11890,2024-12-19 12:14:02,27300071881,11,告诉我你的名字,夏目友人帐 第七季,113638224433107
好怅然，感觉心仿若空了一块，却又被情绪溢满,1388.026,1,16777215,2024-12-19 07:36:35,27300071881,11,告诉我你的名字,夏目友人帐 第七季,113638224433107
当你追的剧Be,1088.635,1,16777215,2024-12-19 04:46:28,27300071881,11,告诉我你的名字,夏目友人帐 第七季,113638224433107
四方谷正在后面吃瓜,820.099,1,16777215,2024-12-18 23:33:16,27300071881,11,告诉我你的名字,夏目友人帐 第七季,113638224433107
看来是猫头鹰吗？,259.73,5,16707842,2024-12-18 16:58:11,27300071881,11,告诉我你的名字,夏目友人帐 第七季,113638224433107
属于玲子的友人帐会有还完的一天，但是属于夏目的友人帐会越来越多,1323.241,1,16777215,2024-12-18 15:19:09,27300071881,11,告诉我你的名字,夏目友人帐 第七季,113638224433107
看不得be 结局的我如是,1081.43,1,16707842,2024-12-17 23:36:31,27300071881,11,告诉我你的名字,夏目友人帐 第七季,113638224433107
可是这个妖怪也不知道玲子在哪吧,1275.407,1,16777215,2024-12-17 21:00:33,27300071881,11,告诉我你的名字,夏目友人帐 第七季,113638224433107
不简单，居然没觉得就是玲子本人,148.225,5,16777215,2025-02-02 12:37:26,27300071881,11,告诉我你的名字,夏目友人帐 第七季,113638224433107
神助攻的小妖,992.497,1,16777215,2025-01-11 23:39:38,27300071881,11,告诉我你的名字,夏目友人帐 第七季,113638224433107
友人帐第一次不翻中间,1300.485,1,16777215,2024-12-30 19:25:09,27300071881,11,告诉我你的名字,夏目友人帐 第七季,113638224433107
而且这前面还说了玲子这时候是在躲着妖怪喜欢一个人,437.063,5,16707842,2024-12-29 00:28:10,27300071881,11,告诉我你的名字,夏目友人帐 第七季,113638224433107
小说党 这是镰鼬那一篇 外婆去帮忙 镰鼬给别人划了一刀（）,831.045,1,16777215,2024-12-28 23:21:33,27300071881,11,告诉我你的名字,夏目友人帐 第七季,113638224433107
我不管他就是外公,415.353,5,16707842,2024-12-28 18:37:05,27300071881,11,告诉我你的名字,夏目友人帐 第七季,113638224433107
玲子是夏目的外婆，所以不能说他长得像夏目，是夏目长得像她才对,343.962,1,16777215,2024-12-25 18:14:07,27300071881,11,告诉我你的名字,夏目友人帐 第七季,113638224433107
这一季怎么老有一种告别的感觉,1168.672,1,16777215,2024-12-25 14:06:34,27300071881,11,告诉我你的名字,夏目友人帐 第七季,113638224433107
不是……哥们儿你……,192.038,1,15138834,2024-12-23 23:13:29,27300071881,11,告诉我你的名字,夏目友人帐 第七季,113638224433107
鬼吓鬼，吓跑鬼,251.546,1,16777215,2024-12-22 12:49:07,27300071881,11,告诉我你的名字,夏目友人帐 第七季,113638224433107
手受伤了，原来是在练习啊,956.106,5,16777215,2024-12-21 12:16:34,27300071881,11,告诉我你的名字,夏目友人帐 第七季,113638224433107
贴脸开大,830.672,5,16777215,2024-12-21 12:14:17,27300071881,11,告诉我你的名字,夏目友人帐 第七季,113638224433107
斌的敏子,239.309,1,16777215,2024-12-20 15:39:31,27300071881,11,告诉我你的名字,夏目友人帐 第七季,113638224433107
苍子不来了，再加上她身体不好，猜测很可能是去世了,1401.099,1,16777215,2024-12-20 00:58:03,27300071881,11,告诉我你的名字,夏目友人帐 第七季,113638224433107
真正的 花无凋零之日，意无传达之时,1103.635,1,16777215,2024-12-18 01:18:20,27300071881,11,告诉我你的名字,夏目友人帐 第七季,113638224433107
仓子的名字象征着蔚蓝，她给出的蓝色糖纸里包裹着蓝色糖果，未知名的花田也尽是纯蓝。,1114.95,1,8700107,2025-02-14 18:17:43,27300071881,11,告诉我你的名字,夏目友人帐 第七季,113638224433107
怎么有种不详的预感,618.813,5,16707842,2025-01-06 21:24:04,27300071881,11,告诉我你的名字,夏目友人帐 第七季,113638224433107
磕的CPbe了,1077.367,1,16777215,2025-01-02 00:20:09,27300071881,11,告诉我你的名字,夏目友人帐 第七季,113638224433107
还会捂脸，好可爱,444.623,1,16777215,2025-01-01 10:40:04,27300071881,11,告诉我你的名字,夏目友人帐 第七季,113638224433107
百科全书上说饿的时候吃糖越吃越饿,506.411,1,16777215,2024-12-30 00:24:57,27300071881,11,告诉我你的名字,夏目友人帐 第七季,113638224433107
记念玲第一个妖怪朋友天目和人类朋友苍子，,1359.121,1,16777215,2024-12-27 11:32:48,27300071881,11,告诉我你的名字,夏目友人帐 第七季,113638224433107
楼上那个我也想到了老君哈哈哈哈哈,195.468,5,16777215,2024-12-25 13:25:35,27300071881,11,告诉我你的名字,夏目友人帐 第七季,113638224433107
吃瓜吃到自己身上,817.339,1,16777215,2024-12-25 12:26:37,27300071881,11,告诉我你的名字,夏目友人帐 第七季,113638224433107
外婆酱又美又飒啊啊啊啊,271.429,5,16777215,2024-12-24 23:05:22,27300071881,11,告诉我你的名字,夏目友人帐 第七季,113638224433107
元老級的,164.126,1,16777215,2024-12-24 19:09:57,27300071881,11,告诉我你的名字,夏目友人帐 第七季,113638224433107
特地倒回去听了，确实说的是不再呼唤名字的话，泪目了,1297.298,1,16777215,2024-12-24 17:09:37,27300071881,11,告诉我你的名字,夏目友人帐 第七季,113638224433107
死亡不是终点 遗忘才是。,1348.142,5,15772458,2024-12-24 13:47:43,27300071881,11,告诉我你的名字,夏目友人帐 第七季,113638224433107
啊啊啊这妖怪太可爱了吧，妖怪都为她们的友情哭泣,1082.394,5,15138834,2024-12-24 00:45:32,27300071881,11,告诉我你的名字,夏目友人帐 第七季,113638224433107
是玲子心里的悲伤传染给妖怪了吧！！,1080.086,1,16777215,2024-12-24 00:00:40,27300071881,11,告诉我你的名字,夏目友人帐 第七季,113638224433107
又名《你的名字》（bushi）,221.989,1,16777215,2024-12-23 22:52:16,27300071881,11,告诉我你的名字,夏目友人帐 第七季,113638224433107
小妖怪：我也有吓人一跳的时候，嘻嘻嘻嘻,997.59,1,16777215,2024-12-22 14:00:55,27300071881,11,告诉我你的名字,夏目友人帐 第七季,113638224433107
剧烈运动之后不能立马躺啊,684.218,1,16777215,2024-12-22 13:03:33,27300071881,11,告诉我你的名字,夏目友人帐 第七季,113638224433107
啊 真的是第一页,1306.151,5,15138834,2024-12-22 09:12:27,27300071881,11,告诉我你的名字,夏目友人帐 第七季,113638224433107
我们没救了，要被刀了,673.387,5,16777215,2024-12-21 12:11:30,27300071881,11,告诉我你的名字,夏目友人帐 第七季,113638224433107
被吓到的毛茸茸也好可爱呜呜呜,336.406,1,16777215,2024-12-21 01:36:20,27300071881,11,告诉我你的名字,夏目友人帐 第七季,113638224433107
小妖怪，真可爱,994.407,1,16777215,2024-12-19 00:36:18,27300071881,11,告诉我你的名字,夏目友人帐 第七季,113638224433107
确实，看缩略图的时候我还以为是七濑,382.717,5,16707842,2024-12-18 17:01:10,27300071881,11,告诉我你的名字,夏目友人帐 第七季,113638224433107
津叔的声音辨识度太高了,96.253,5,41194,2024-12-18 16:53:00,27300071881,11,告诉我你的名字,夏目友人帐 第七季,113638224433107
辛美尔我来晚了,1109.266,1,41194,2024-12-18 12:40:19,27300071881,11,告诉我你的名字,夏目友人帐 第七季,113638224433107
夏目看到了天目的记忆，应该是天目在玲子做梦的时候看到了玲子的梦,1388.855,1,16777215,2024-12-18 00:00:51,27300071881,11,告诉我你的名字,夏目友人帐 第七季,113638224433107
这里应该是玲子动摇了，所以被读心了,979.651,5,16777215,2025-10-11 17:57:45,27300071881,11,告诉我你的名字,夏目友人帐 第七季,113638224433107
笑死，妖怪们在追连续剧,436.164,5,14811775,2025-07-02 13:08:06,27300071881,11,告诉我你的名字,夏目友人帐 第七季,113638224433107
这玩意不管饱啊！,535.073,5,16777215,2025-03-12 18:20:09,27300071881,11,告诉我你的名字,夏目友人帐 第七季,113638224433107
不可结缘，徒增伤悲,1218.021,5,15138834,2025-01-04 20:27:03,27300071881,11,告诉我你的名字,夏目友人帐 第七季,113638224433107
哈哈哈大家都好可爱啊啊啊啊,1000.958,1,16777215,2025-01-04 14:51:30,27300071881,11,告诉我你的名字,夏目友人帐 第七季,113638224433107
啊啊啊啊是梦，这集真的太有意义了是我们友人帐的起源啊，苍子和玲子一定会理解的,1366.006,1,16777215,2024-12-31 23:59:51,27300071881,11,告诉我你的名字,夏目友人帐 第七季,113638224433107
小妖怪故意捣乱呢,995.687,1,16777215,2024-12-28 15:49:59,27300071881,11,告诉我你的名字,夏目友人帐 第七季,113638224433107
我咧个创始人,552.999,1,16777215,2024-12-27 01:51:00,27300071881,11,告诉我你的名字,夏目友人帐 第七季,113638224433107
我去，我真的害怕苍子死了。,880.481,1,16777215,2024-12-26 19:30:18,27300071881,11,告诉我你的名字,夏目友人帐 第七季,113638224433107
啊！好可惜！,1195.9,5,16707842,2024-12-25 13:23:36,27300071881,11,告诉我你的名字,夏目友人帐 第七季,113638224433107
周防尊？,105.653,1,15138834,2024-12-22 21:33:40,27300071881,11,告诉我你的名字,夏目友人帐 第七季,113638224433107
故事的起始是这么的感人，大爱友人帐啊,1354.878,5,16777215,2024-12-22 20:10:24,27300071881,11,告诉我你的名字,夏目友人帐 第七季,113638224433107
不可结缘 是真的刀,1212.955,5,16777215,2024-12-22 20:07:35,27300071881,11,告诉我你的名字,夏目友人帐 第七季,113638224433107
干的好啊，小妖怪！,996.191,1,16777215,2024-12-19 21:33:58,27300071881,11,告诉我你的名字,夏目友人帐 第七季,113638224433107
尊 吾王 周防尊,108.47,1,16777215,2024-12-18 20:03:48,27300071881,11,告诉我你的名字,夏目友人帐 第七季,113638224433107
很好奇最后一个是谁,1329.65,5,16707842,2024-12-18 11:39:01,27300071881,11,告诉我你的名字,夏目友人帐 第七季,113638224433107
好可爱的两只小妖怪啊！,913.222,1,16777215,2024-12-18 11:28:42,27300071881,11,告诉我你的名字,夏目友人帐 第七季,113638224433107
玲子从小长大的环境和夏目很像，但是夏目遇到了塔子夫妇，玲子一开始也没遇到这种人啊，后面才可能遇到了外公,435.516,1,16777215,2024-12-17 23:40:37,27300071881,11,告诉我你的名字,夏目友人帐 第七季,113638224433107
这个吃瓜的家伙越来越近了啊,817.67,1,16777215,2024-12-17 22:09:34,27300071881,11,告诉我你的名字,夏目友人帐 第七季,113638224433107
三三变得贵志眼睛像玲子,385.363,5,16777215,2024-12-17 21:46:16,27300071881,11,告诉我你的名字,夏目友人帐 第七季,113638224433107
不是你一个治愈番，你给我发刀子。,1260.123,1,16777215,2024-12-17 21:38:15,27300071881,11,告诉我你的名字,夏目友人帐 第七季,113638224433107
等一下，这个时候没有说出名字不会就错过了吧？！,540.665,1,16777215,2024-12-17 19:47:41,27300071881,11,告诉我你的名字,夏目友人帐 第七季,113638224433107
玲子比夏目攻得多啊哈哈哈哈,382.594,1,16777215,2025-02-15 21:55:23,27300071881,11,告诉我你的名字,夏目友人帐 第七季,113638224433107
苍子淋雨了，生病了吧,1075.283,5,16707842,2025-01-06 21:33:29,27300071881,11,告诉我你的名字,夏目友人帐 第七季,113638224433107
两个生命短暂的人类困住了永生的妖怪,1263.526,1,16777215,2025-01-06 16:50:59,27300071881,11,告诉我你的名字,夏目友人帐 第七季,113638224433107
花田很漂亮，这段友谊也很美丽，别怕别怕，都会记得的，埋藏在每个人心田里,1399.412,1,16777215,2025-01-01 18:12:46,27300071881,11,告诉我你的名字,夏目友人帐 第七季,113638224433107
真么突然觉得这集很接近现实中的人们，没有中二的对话，只有普通的对话,1178.837,1,16777215,2025-01-01 15:13:23,27300071881,11,告诉我你的名字,夏目友人帐 第七季,113638224433107
原来玲子这里可以叫得这么可爱,993.11,1,16777215,2024-12-29 19:24:15,27300071881,11,告诉我你的名字,夏目友人帐 第七季,113638224433107
原来在这妖怪心里夏目这么萌哈哈哈哈哈哈,196.265,1,16777215,2024-12-28 12:19:08,27300071881,11,告诉我你的名字,夏目友人帐 第七季,113638224433107
说尊哥的笑死我了呵呵哈哈哈那夏目就是前代青王羽张迅,158.879,5,16765698,2024-12-26 20:52:32,27300071881,11,告诉我你的名字,夏目友人帐 第七季,113638224433107
可是你每次都上钩啊三三,128.146,5,9599289,2024-12-25 22:57:09,27300071881,11,告诉我你的名字,夏目友人帐 第七季,113638224433107
这句话好帅啊,1034.963,1,16777215,2024-12-25 18:26:03,27300071881,11,告诉我你的名字,夏目友人帐 第七季,113638224433107
这个妖怪不喜欢吵闹，一直待在森林里，而且它也不知道玲子在哪里吧,1274.023,1,16777215,2024-12-25 12:49:52,27300071881,11,告诉我你的名字,夏目友人帐 第七季,113638224433107
不，总有一些人能把你的无趣变得有趣,1167.295,1,16777215,2024-12-24 21:47:35,27300071881,11,告诉我你的名字,夏目友人帐 第七季,113638224433107
哇！！！原来是这样,1018.864,1,16777215,2024-12-24 14:41:19,27300071881,11,告诉我你的名字,夏目友人帐 第七季,113638224433107
七濑这会儿还是小学生呢，应该不是,363.85,5,16777215,2024-12-24 12:10:58,27300071881,11,告诉我你的名字,夏目友人帐 第七季,113638224433107
这是蓝星花，不是苍月草。。。,1110.443,5,16707842,2024-12-23 23:05:39,27300071881,11,告诉我你的名字,夏目友人帐 第七季,113638224433107
好可爱好可爱,443.255,1,16777215,2024-12-20 22:15:06,27300071881,11,告诉我你的名字,夏目友人帐 第七季,113638224433107
妖怪：老夫的道心碎了,1083.636,1,16777215,2024-12-19 23:30:42,27300071881,11,告诉我你的名字,夏目友人帐 第七季,113638224433107
真的诶这里玲子回头和夏目超级像,373.198,1,16777215,2024-12-19 16:39:35,27300071881,11,告诉我你的名字,夏目友人帐 第七季,113638224433107
像极了我嗑的CPbe时我比我嗑的CP更伤心的样子,1086.455,1,16777215,2024-12-18 18:34:19,27300071881,11,告诉我你的名字,夏目友人帐 第七季,113638224433107
我恨你们不留联系方式…,1214.962,1,16777215,2024-12-18 13:27:05,27300071881,11,告诉我你的名字,夏目友人帐 第七季,113638224433107
ei,280.946,5,16777215,2024-12-18 03:50:20,27300071881,11,告诉我你的名字,夏目友人帐 第七季,113638224433107
变出花田的魔法,1106.906,1,16777215,2024-12-18 00:50:42,27300071881,11,告诉我你的名字,夏目友人帐 第七季,113638224433107
帅呆了！！！！,1033.937,1,16777215,2024-12-17 19:06:11,27300071881,11,告诉我你的名字,夏目友人帐 第七季,113638224433107
开服老玩家,162.937,1,16777215,2025-02-27 23:53:47,27300071881,11,告诉我你的名字,夏目友人帐 第七季,113638224433107
哈哈哈哈哈哈原来铃子看到这个女孩身边是这样的,451.884,5,16777215,2025-01-04 14:50:01,27300071881,11,告诉我你的名字,夏目友人帐 第七季,113638224433107
不好，是钝刀,658.672,5,16707842,2025-01-01 13:28:28,27300071881,11,告诉我你的名字,夏目友人帐 第七季,113638224433107
呜呜呜大妖怪说了两遍“我没能传达到”，它肯定也特别难受,1261.729,1,16777215,2024-12-31 23:26:02,27300071881,11,告诉我你的名字,夏目友人帐 第七季,113638224433107
才注意到友人帐的名字，“友人”,577.146,1,16777215,2024-12-31 20:36:25,27300071881,11,告诉我你的名字,夏目友人帐 第七季,113638224433107
想看津叔哭去看家教啊！他当蓝波的时候哭的更惨哈哈哈哈哈哈哈哈哈哈哈哈哈哈哈哈哈哈,1084.046,1,16777215,2024-12-30 17:30:32,27300071881,11,告诉我你的名字,夏目友人帐 第七季,113638224433107
喵口三三的嘴巴像小房子~~,126.399,5,9487136,2024-12-29 16:01:13,27300071881,11,告诉我你的名字,夏目友人帐 第七季,113638224433107
你吃瓜离好近啊,812.944,1,16777215,2024-12-28 01:21:25,27300071881,11,告诉我你的名字,夏目友人帐 第七季,113638224433107
怎么感觉像七濑女士啊,462.909,5,9599289,2024-12-25 23:04:35,27300071881,11,告诉我你的名字,夏目友人帐 第七季,113638224433107
完了完了，好像猜到什么了,657.37,1,16777215,2024-12-24 19:27:36,27300071881,11,告诉我你的名字,夏目友人帐 第七季,113638224433107
友人帐因苍子和铃子的约定而起，又和津叔结了缘现在夏目还愿也算有始有终了,1316.258,1,16777215,2024-12-24 18:27:53,27300071881,11,告诉我你的名字,夏目友人帐 第七季,113638224433107
当年就是这一幕入的坑啊,1308.396,5,16755202,2024-12-24 15:44:39,27300071881,11,告诉我你的名字,夏目友人帐 第七季,113638224433107
好可爱的小妖怪们,451.221,1,16777215,2024-12-24 12:40:07,27300071881,11,告诉我你的名字,夏目友人帐 第七季,113638224433107
夏目的心情和外婆是一样的,1396.332,1,16777215,2024-12-23 23:28:27,27300071881,11,告诉我你的名字,夏目友人帐 第七季,113638224433107
小妖助攻哈哈哈,994.686,1,16777215,2024-12-23 21:06:29,27300071881,11,告诉我你的名字,夏目友人帐 第七季,113638224433107
妖怪中的阿尼亚（x,195.815,1,14811775,2024-12-19 18:47:06,27300071881,11,告诉我你的名字,夏目友人帐 第七季,113638224433107
我知道了这是外公哈哈哈哈,725.227,1,16777215,2024-12-19 17:52:30,27300071881,11,告诉我你的名字,夏目友人帐 第七季,113638224433107
可能是因为生病了吧，病情加重,1072.569,1,16777215,2024-12-18 13:11:44,27300071881,11,告诉我你的名字,夏目友人帐 第七季,113638224433107
玲子好帅啊,1039.076,5,16777215,2024-12-18 01:52:09,27300071881,11,告诉我你的名字,夏目友人帐 第七季,113638224433107
原来是你啊！,552.816,1,16777215,2024-12-17 22:00:27,27300071881,11,告诉我你的名字,夏目友人帐 第七季,113638224433107
这不才刚开始嘛，玲子第一个写名字的妖怪啊，性格肯定比刚开始柔和，还还有希望,435.027,1,16777215,2024-12-17 21:02:16,27300071881,11,告诉我你的名字,夏目友人帐 第七季,113638224433107
看到大家都哭了我就安心了呜呜呜,1313.749,1,16777215,2024-12-17 19:35:04,27300071881,11,告诉我你的名字,夏目友人帐 第七季,113638224433107
玲子心动摇了，所以被妖怪读心了吗,983.247,1,15138834,2025-05-10 21:58:44,27300071881,11,告诉我你的名字,夏目友人帐 第七季,113638224433107
可以影响其他事物提醒吧，能看到枯木折断，就能用枝条拼个箭头指引,1239.759,5,16646914,2025-04-12 10:26:44,27300071881,11,告诉我你的名字,夏目友人帐 第七季,113638224433107
四方谷哈可爱,1079.889,1,16777215,2025-01-25 22:09:25,27300071881,11,告诉我你的名字,夏目友人帐 第七季,113638224433107
我的cp be后屏幕外的我be like,1215.392,1,16777215,2025-01-20 22:04:53,27300071881,11,告诉我你的名字,夏目友人帐 第七季,113638224433107
开服玩家啊！外婆攻下的第一个盆友！,168.496,1,16777215,2025-01-19 13:11:31,27300071881,11,告诉我你的名字,夏目友人帐 第七季,113638224433107
人们忘记不了悲痛，是因为没有好好告别,1400.696,1,41194,2025-01-08 23:11:20,27300071881,11,告诉我你的名字,夏目友人帐 第七季,113638224433107
仅仅是为了知道一个人的名字而努力,951.08,1,16777215,2025-01-07 08:29:53,27300071881,11,告诉我你的名字,夏目友人帐 第七季,113638224433107
不管看几遍都觉得真的好像贵志戴假发啊，怪不得会认错,376.881,1,16777215,2025-01-01 14:15:48,27300071881,11,告诉我你的名字,夏目友人帐 第七季,113638224433107
其实应该是愧疚了吧，不是害怕他不想当朋友,1055.084,1,16777215,2025-01-01 10:06:26,27300071881,11,告诉我你的名字,夏目友人帐 第七季,113638224433107
手上的伤是练出来的,948.646,5,15138834,2025-01-01 01:22:42,27300071881,11,告诉我你的名字,夏目友人帐 第七季,113638224433107
这个bgm小时候抱过我,306.0,1,16777215,2024-12-29 11:03:35,27300071881,11,告诉我你的名字,夏目友人帐 第七季,113638224433107
如果知道她是玲子就不会这么认为，可能还会替玲子辩解,830.822,1,16777215,2024-12-28 18:41:40,27300071881,11,告诉我你的名字,夏目友人帐 第七季,113638224433107
妖怪：这就是饭吗？喂到嘴里了,754.137,1,16777215,2024-12-28 11:51:24,27300071881,11,告诉我你的名字,夏目友人帐 第七季,113638224433107
我没必要告诉你~,532.04,5,16777215,2024-12-27 12:44:42,27300071881,11,告诉我你的名字,夏目友人帐 第七季,113638224433107
我又哭了，我看这个天天哭，我怎么这样啊？呜呜呜呜,1300.659,5,41194,2024-12-27 09:52:27,27300071881,11,告诉我你的名字,夏目友人帐 第七季,113638224433107
《无法传达给你》,1242.054,5,16777215,2024-12-26 16:19:14,27300071881,11,告诉我你的名字,夏目友人帐 第七季,113638224433107
这个女生也在亲戚家辗转吗？,696.014,5,16777215,2024-12-25 19:15:01,27300071881,11,告诉我你的名字,夏目友人帐 第七季,113638224433107
长相骇人的毛茸茸大鬼哈哈哈哈哈哈,818.559,5,16777215,2024-12-24 23:13:25,27300071881,11,告诉我你的名字,夏目友人帐 第七季,113638224433107
配得真好啊，这种遗憾不甘的感觉,1260.893,1,16777215,2024-12-24 15:21:03,27300071881,11,告诉我你的名字,夏目友人帐 第七季,113638224433107
完蛋，感觉是不是到时候见不到苍子啦,621.415,1,16777215,2024-12-23 15:20:07,27300071881,11,告诉我你的名字,夏目友人帐 第七季,113638224433107
我cpbe了能不哭吗,1094.545,1,16777215,2024-12-22 23:45:51,27300071881,11,告诉我你的名字,夏目友人帐 第七季,113638224433107
哇！故事的开始！！！,1139.218,5,15138834,2024-12-22 09:07:55,27300071881,11,告诉我你的名字,夏目友人帐 第七季,113638224433107
我去 玲子的行事终于有源头了,557.839,1,16777215,2024-12-21 22:45:39,27300071881,11,告诉我你的名字,夏目友人帐 第七季,113638224433107
怪不得它要害怕老师听到别人心声呢，因为他同理心太丰富了,1140.046,1,16777215,2024-12-19 20:30:13,27300071881,11,告诉我你的名字,夏目友人帐 第七季,113638224433107
小妖怪也想苍子赢啊,1011.916,1,16777215,2024-12-19 20:05:30,27300071881,11,告诉我你的名字,夏目友人帐 第七季,113638224433107
这一集玲子和夏目就是长发和短发的区别啊救命,405.69,1,16777215,2024-12-19 08:07:22,27300071881,11,告诉我你的名字,夏目友人帐 第七季,113638224433107
友人帐的来源,554.232,5,16777215,2024-12-18 01:46:49,27300071881,11,告诉我你的名字,夏目友人帐 第七季,113638224433107
这个声音和这个形象,147.51,1,16777215,2024-12-17 20:50:40,27300071881,11,告诉我你的名字,夏目友人帐 第七季,113638224433107
原来是你教的啊！,554.421,1,16777215,2024-12-17 19:23:33,27300071881,11,告诉我你的名字,夏目友人帐 第七季,113638224433107
声音是可以变的么么哒,195.71,5,16777215,2025-08-26 12:27:08,27300071881,11,告诉我你的名字,夏目友人帐 第七季,113638224433107
女生之间觉得亲近了就会直接喊名字了,614.016,1,16777215,2025-01-21 22:11:56,27300071881,11,告诉我你的名字,夏目友人帐 第七季,113638224433107
是不是玲子以为这就是交朋友的正确方式,565.859,1,16777215,2025-01-03 22:29:57,27300071881,11,告诉我你的名字,夏目友人帐 第七季,113638224433107
想要传达的话不要犹豫太久,1404.696,1,14811775,2024-12-29 16:18:15,27300071881,11,告诉我你的名字,夏目友人帐 第七季,113638224433107
这声音，真的不是娜娜米吗？,186.304,5,9033215,2024-12-29 14:46:57,27300071881,11,告诉我你的名字,夏目友人帐 第七季,113638224433107
叔，这次整反差这套呢,1093.096,1,16777215,2024-12-29 09:53:02,27300071881,11,告诉我你的名字,夏目友人帐 第七季,113638224433107
苍子到老都还在想念玲子这个朋友,964.005,1,16777215,2024-12-25 22:55:41,27300071881,11,告诉我你的名字,夏目友人帐 第七季,113638224433107
见证外婆和苍子友谊的第一个妖怪,168.274,1,16777215,2024-12-25 20:22:35,27300071881,11,告诉我你的名字,夏目友人帐 第七季,113638224433107
三十六计《欲擒故纵》,277.639,1,16777215,2024-12-25 20:09:01,27300071881,11,告诉我你的名字,夏目友人帐 第七季,113638224433107
这是传说中的桀桀桀吗,999.213,5,16777215,2024-12-25 18:24:40,27300071881,11,告诉我你的名字,夏目友人帐 第七季,113638224433107
外公的你们够了哈哈哈,416.216,1,16777215,2024-12-25 11:52:16,27300071881,11,告诉我你的名字,夏目友人帐 第七季,113638224433107
原  来  是  你,550.334,5,16777215,2024-12-24 23:09:21,27300071881,11,告诉我你的名字,夏目友人帐 第七季,113638224433107
它的隐藏花语是：离别之花呜呜呜呜呜呜呜,1118.102,1,16777215,2024-12-24 21:05:41,27300071881,11,告诉我你的名字,夏目友人帐 第七季,113638224433107
辛美尔！,1107.876,1,41194,2024-12-24 20:54:12,27300071881,11,告诉我你的名字,夏目友人帐 第七季,113638224433107
外婆你…这么看好像长发特子…,381.263,1,16777215,2024-12-24 17:51:29,27300071881,11,告诉我你的名字,夏目友人帐 第七季,113638224433107
是的，玲子气场更强,489.316,1,16777215,2024-12-24 17:00:51,27300071881,11,告诉我你的名字,夏目友人帐 第七季,113638224433107
怎么又是你？,1105.179,5,9033215,2024-12-24 15:39:08,27300071881,11,告诉我你的名字,夏目友人帐 第七季,113638224433107
感觉能拍成萤火虫之森了,405.566,1,16777215,2024-12-24 14:28:30,27300071881,11,告诉我你的名字,夏目友人帐 第七季,113638224433107
传达到了呜呜呜呜,1350.834,1,41194,2024-12-24 10:10:25,27300071881,11,告诉我你的名字,夏目友人帐 第七季,113638224433107
的场家的七濑？,361.756,1,41194,2024-12-24 09:01:49,27300071881,11,告诉我你的名字,夏目友人帐 第七季,113638224433107
妖怪们都很好奇这个人类呢,458.002,1,16777215,2024-12-24 00:39:52,27300071881,11,告诉我你的名字,夏目友人帐 第七季,113638224433107
说出吾名吓汝一跳,530.552,1,16777215,2024-12-23 23:16:17,27300071881,11,告诉我你的名字,夏目友人帐 第七季,113638224433107
原来妖怪的cv配过薄樱鬼的风间千景 好帅得声线啊,499.281,1,16777215,2024-12-23 01:36:34,27300071881,11,告诉我你的名字,夏目友人帐 第七季,113638224433107
花田魔法,1103.636,1,16777215,2024-12-21 19:00:09,27300071881,11,告诉我你的名字,夏目友人帐 第七季,113638224433107
这些是坏心眼的妖怪,1029.778,1,16777215,2024-12-21 17:18:28,27300071881,11,告诉我你的名字,夏目友人帐 第七季,113638224433107
贯穿全剧的：不可结缘，徒增伤悲。,1244.162,5,16777215,2024-12-20 19:32:26,27300071881,11,告诉我你的名字,夏目友人帐 第七季,113638224433107
？不会跟夏目一样一直在亲戚里借宿吧,464.247,1,16777215,2024-12-19 19:56:56,27300071881,11,告诉我你的名字,夏目友人帐 第七季,113638224433107
笼中鸟，何时飞,248.276,1,16777215,2024-12-19 19:11:56,27300071881,11,告诉我你的名字,夏目友人帐 第七季,113638224433107
卧槽爱人错过啊。。干嘛呜呜呜,1196.339,1,15138834,2024-12-19 12:04:02,27300071881,11,告诉我你的名字,夏目友人帐 第七季,113638224433107
苍子改变了冷淡的外婆,712.895,1,16777215,2024-12-18 17:47:59,27300071881,11,告诉我你的名字,夏目友人帐 第七季,113638224433107
越撕越厚的友人帐哈哈哈,179.623,1,16777215,2024-12-18 16:13:52,27300071881,11,告诉我你的名字,夏目友人帐 第七季,113638224433107
原来是你给的创意啊,551.995,1,16777215,2024-12-18 13:15:05,27300071881,11,告诉我你的名字,夏目友人帐 第七季,113638224433107
哇第一页翻起来暴感动啊。。？,1312.222,1,16777215,2024-12-18 12:48:00,27300071881,11,告诉我你的名字,夏目友人帐 第七季,113638224433107
这是 由你开启的故事,558.054,1,16777215,2024-12-17 23:13:38,27300071881,11,告诉我你的名字,夏目友人帐 第七季,113638224433107
玲子好帅呜呜呜,866.13,1,16777215,2024-12-17 21:19:26,27300071881,11,告诉我你的名字,夏目友人帐 第七季,113638224433107
这才是真实的人类反应，人始终会害怕会犹豫，但苍也可能是别的理由,1080.637,1,16777215,2024-12-17 20:20:06,27300071881,11,告诉我你的名字,夏目友人帐 第七季,113638224433107
原来如此啊！,554.01,5,16777215,2024-12-17 19:55:37,27300071881,11,告诉我你的名字,夏目友人帐 第七季,113638224433107
玲子：人心中的成见是一座大山,851.686,1,16777215,2025-03-04 15:45:18,27300071881,11,告诉我你的名字,夏目友人帐 第七季,113638224433107
友人帐原来来自失恋,1142.589,5,14811775,2025-01-30 23:57:16,27300071881,11,告诉我你的名字,夏目友人帐 第七季,113638224433107
《马车》,55.679,5,16777215,2025-01-22 21:51:17,27300071881,11,告诉我你的名字,夏目友人帐 第七季,113638224433107
束缚住灵魂的从来不是小孩子的游戏，而是内心深处为对方着想的的那份心意。,1381.828,1,16777215,2025-01-09 23:18:41,27300071881,11,告诉我你的名字,夏目友人帐 第七季,113638224433107
这声音听起来好强,256.322,1,16777215,2025-01-09 18:36:50,27300071881,11,告诉我你的名字,夏目友人帐 第七季,113638224433107
追连载的我be like：,747.567,5,15772458,2025-01-08 22:18:07,27300071881,11,告诉我你的名字,夏目友人帐 第七季,113638224433107
哭了毛茸茸,1080.152,1,16777215,2025-01-06 14:50:38,27300071881,11,告诉我你的名字,夏目友人帐 第七季,113638224433107
百鬼:别闹 姐  能玩点别的吗,568.748,1,16777215,2025-01-02 15:19:40,27300071881,11,告诉我你的名字,夏目友人帐 第七季,113638224433107
哈哈好尴尬啊突然被读心,795.236,1,16777215,2025-01-01 02:18:09,27300071881,11,告诉我你的名字,夏目友人帐 第七季,113638224433107
绝望的cp粉,1233.03,1,16777215,2024-12-31 19:48:18,27300071881,11,告诉我你的名字,夏目友人帐 第七季,113638224433107
因为误会错过 然后不再对人有期待 呜呜呜 哭死,1228.573,1,16777215,2024-12-30 21:14:04,27300071881,11,告诉我你的名字,夏目友人帐 第七季,113638224433107
玲子：精彩，继续,840.423,1,16777215,2024-12-29 23:38:59,27300071881,11,告诉我你的名字,夏目友人帐 第七季,113638224433107
是妖怪可以感知到其他人的心玲子难过影响到它了,1099.816,1,16777215,2024-12-29 17:38:06,27300071881,11,告诉我你的名字,夏目友人帐 第七季,113638224433107
这片花海从来不打低端局,1105.368,1,16777215,2024-12-29 10:15:42,27300071881,11,告诉我你的名字,夏目友人帐 第七季,113638224433107
原来源头是你呀,546.449,1,15138834,2024-12-29 01:34:30,27300071881,11,告诉我你的名字,夏目友人帐 第七季,113638224433107
像我，磕cp be收场 ,1082.29,1,16777215,2024-12-29 00:52:33,27300071881,11,告诉我你的名字,夏目友人帐 第七季,113638224433107
万恶之源！,552.712,5,16777215,2024-12-27 12:45:01,27300071881,11,告诉我你的名字,夏目友人帐 第七季,113638224433107
万物起源啊,545.029,1,16777215,2024-12-25 13:34:33,27300071881,11,告诉我你的名字,夏目友人帐 第七季,113638224433107
不耐烦又好胜不就是三三,639.762,1,16777215,2024-12-25 11:45:30,27300071881,11,告诉我你的名字,夏目友人帐 第七季,113638224433107
前面刻字的，有关妖怪的东西人类看不到，前面有一季说过,1224.926,5,41194,2024-12-24 23:29:23,27300071881,11,告诉我你的名字,夏目友人帐 第七季,113638224433107
所以得到名字之后就不会再有下一次就是这么来的吗？,1196.201,1,16777215,2024-12-24 22:07:16,27300071881,11,告诉我你的名字,夏目友人帐 第七季,113638224433107
喜欢安静，但是被迫听到别人的心声,257.557,1,41194,2024-12-24 09:44:18,27300071881,11,告诉我你的名字,夏目友人帐 第七季,113638224433107
张圣叹的巴尼特超级酸糖,597.688,1,16777215,2024-12-23 12:11:44,27300071881,11,告诉我你的名字,夏目友人帐 第七季,113638224433107
身体不好就不应该来阴气重的地方,1052.569,1,16777215,2024-12-22 20:54:31,27300071881,11,告诉我你的名字,夏目友人帐 第七季,113638224433107
我cpbe了,1089.082,1,16777215,2024-12-22 15:08:55,27300071881,11,告诉我你的名字,夏目友人帐 第七季,113638224433107
原来你小子就是友人帐的起源,520.76,1,16777215,2024-12-22 12:15:28,27300071881,11,告诉我你的名字,夏目友人帐 第七季,113638224433107
周防尊别走！！！,157.481,1,16777215,2024-12-21 11:44:19,27300071881,11,告诉我你的名字,夏目友人帐 第七季,113638224433107
呜呜呜毛毛怪，明明你也在悄悄保护外婆吧,500.272,1,16777215,2024-12-20 19:52:20,27300071881,11,告诉我你的名字,夏目友人帐 第七季,113638224433107
好帅啊,584.288,5,16777215,2024-12-20 18:07:16,27300071881,11,告诉我你的名字,夏目友人帐 第七季,113638224433107
苍月草,723.6,1,41194,2024-12-19 14:13:52,27300071881,11,告诉我你的名字,夏目友人帐 第七季,113638224433107
好家伙，原来搁这开始的,547.741,1,16777215,2024-12-19 10:01:20,27300071881,11,告诉我你的名字,夏目友人帐 第七季,113638224433107
突然变萌，夹子音,192.827,1,16777215,2024-12-19 08:20:56,27300071881,11,告诉我你的名字,夏目友人帐 第七季,113638224433107
妖怪全程演我。。,1216.21,1,16777215,2024-12-19 00:06:49,27300071881,11,告诉我你的名字,夏目友人帐 第七季,113638224433107
美丽的事物仍旧美丽，无趣的事物仍旧无趣,1167.809,1,16777215,2024-12-18 20:30:32,27300071881,11,告诉我你的名字,夏目友人帐 第七季,113638224433107
果然是长大了，越来越帅了,111.748,1,16777215,2024-12-18 17:28:20,27300071881,11,告诉我你的名字,夏目友人帐 第七季,113638224433107
点名表扬,818.448,1,15138834,2024-12-18 08:44:46,27300071881,11,告诉我你的名字,夏目友人帐 第七季,113638224433107
毛茸茸，为什么是你在哭啊,1083.541,1,16777215,2024-12-18 00:41:41,27300071881,11,告诉我你的名字,夏目友人帐 第七季,113638224433107
塔子阿姨吗,342.876,1,16777215,2024-12-17 21:27:04,27300071881,11,告诉我你的名字,夏目友人帐 第七季,113638224433107
久违了。我最喜欢的,1304.167,1,16777215,2024-12-17 19:31:37,27300071881,11,告诉我你的名字,夏目友人帐 第七季,113638224433107
苍子，求你抓重点，你再这样下去玲子就不会狠下心告诉你她的名字，到时候你也遗憾她也遗憾,852.142,1,16777215,2025-07-17 17:02:27,27300071881,11,告诉我你的名字,夏目友人帐 第七季,113638224433107
有一季结尾中级给夏目去求药那一集，他们最后就在那片花海,740.852,1,16777215,2025-05-17 23:48:46,27300071881,11,告诉我你的名字,夏目友人帐 第七季,113638224433107
一个人确实舒服，但偶尔也会想有一个人分享片刻的快乐,324.955,5,16777215,2025-05-08 23:15:42,27300071881,11,告诉我你的名字,夏目友人帐 第七季,113638224433107
这么一看夏目和玲子更像了,365.248,1,16777215,2025-03-20 18:11:54,27300071881,11,告诉我你的名字,夏目友人帐 第七季,113638224433107
谁说外公的笑死我了,378.806,1,16777215,2025-03-02 17:39:16,27300071881,11,告诉我你的名字,夏目友人帐 第七季,113638224433107
好帅，是女王，啊啊啊啊啊啊啊啊啊啊啊啊啊啊啊啊啊啊啊啊,1038.206,1,16777215,2025-02-09 23:23:29,27300071881,11,告诉我你的名字,夏目友人帐 第七季,113638224433107
苍月草？,1107.497,1,16777215,2025-01-26 10:43:15,27300071881,11,告诉我你的名字,夏目友人帐 第七季,113638224433107
难怪是第一个名字,561.81,5,16777215,2025-01-25 18:38:49,27300071881,11,告诉我你的名字,夏目友人帐 第七季,113638224433107
也许玲子想不见面就是朋友，就为了变形实现她在苍子心目中是朋友的一种方式,1200.047,1,16777215,2025-01-09 04:34:48,27300071881,11,告诉我你的名字,夏目友人帐 第七季,113638224433107
可爱捏,443.697,5,16777215,2025-01-05 13:59:41,27300071881,11,告诉我你的名字,夏目友人帐 第七季,113638224433107
因为妖力比你强,496.835,1,16777215,2025-01-03 23:29:08,27300071881,11,告诉我你的名字,夏目友人帐 第七季,113638224433107
四方谷：请打开麦克风交流,818.087,1,16777215,2025-01-02 19:00:12,27300071881,11,告诉我你的名字,夏目友人帐 第七季,113638224433107
辛美尔,1116.289,1,16777215,2024-12-31 12:17:43,27300071881,11,告诉我你的名字,夏目友人帐 第七季,113638224433107
她也怕告诉她 她就不和她亲近了吧,880.062,1,16777215,2024-12-30 23:03:17,27300071881,11,告诉我你的名字,夏目友人帐 第七季,113638224433107
说玲子性格的真有在看？？说了这是友人帐第一个妖怪，友人帐都还不存在,434.103,5,16707842,2024-12-29 00:27:31,27300071881,11,告诉我你的名字,夏目友人帐 第七季,113638224433107
淋雨了体质差生病来不了,1072.615,1,16777215,2024-12-28 22:07:46,27300071881,11,告诉我你的名字,夏目友人帐 第七季,113638224433107
时间不长，也就一集差不多（doge）,183.577,5,16777215,2024-12-27 12:32:22,27300071881,11,告诉我你的名字,夏目友人帐 第七季,113638224433107
环境描写，天气变化，暗示危险，快跑,870.413,1,16777215,2024-12-27 11:05:51,27300071881,11,告诉我你的名字,夏目友人帐 第七季,113638224433107
苍子是想和外婆交朋友吧 用了这种方法,656.484,1,16777215,2024-12-26 17:11:47,27300071881,11,告诉我你的名字,夏目友人帐 第七季,113638224433107
也有可能是不再来了，毕竟等了一个季节了,1253.051,1,16777215,2024-12-26 13:08:59,27300071881,11,告诉我你的名字,夏目友人帐 第七季,113638224433107
蓝色的，跟苍子的名字一样,1392.12,1,16777215,2024-12-25 22:24:00,27300071881,11,告诉我你的名字,夏目友人帐 第七季,113638224433107
因为磕的CPBE了,1085.784,1,16777215,2024-12-25 19:37:48,27300071881,11,告诉我你的名字,夏目友人帐 第七季,113638224433107
万恶之源,552.877,5,15138834,2024-12-25 17:16:59,27300071881,11,告诉我你的名字,夏目友人帐 第七季,113638224433107
这个剧到底在给我嗑什么啊到底喂饭喂这么饱吗,879.077,1,16777215,2024-12-25 15:29:40,27300071881,11,告诉我你的名字,夏目友人帐 第七季,113638224433107
不可结缘，徒增寂寥,1218.353,5,16777215,2024-12-24 23:21:05,27300071881,11,告诉我你的名字,夏目友人帐 第七季,113638224433107
要是死在面前，心理阴影就大了去了,711.024,1,16777215,2024-12-24 22:20:21,27300071881,11,告诉我你的名字,夏目友人帐 第七季,113638224433107
万“恶”之源来辣！友人帐出世！！,1144.235,1,16777215,2024-12-24 21:17:43,27300071881,11,告诉我你的名字,夏目友人帐 第七季,113638224433107
不可结缘，徒增伤悲！,1241.513,5,8700107,2024-12-24 19:18:52,27300071881,11,告诉我你的名字,夏目友人帐 第七季,113638224433107
好美能和苍子一起看就好了,1106.348,1,16777215,2024-12-24 18:37:50,27300071881,11,告诉我你的名字,夏目友人帐 第七季,113638224433107
我是究极的生命体，阿布索留特人的战士，阿布索留特·塔尔塔洛斯,534.064,1,16777215,2024-12-24 15:30:28,27300071881,11,告诉我你的名字,夏目友人帐 第七季,113638224433107
四方谷：有比我更适合叫醒你的人,1120.615,1,16777215,2024-12-24 13:06:34,27300071881,11,告诉我你的名字,夏目友人帐 第七季,113638224433107
夏目友人帐缘起人类友情，后来却成为了夏目和妖怪的链接,1346.257,1,16777215,2024-12-24 13:01:06,27300071881,11,告诉我你的名字,夏目友人帐 第七季,113638224433107
这是女外公,349.507,1,16777215,2024-12-24 02:54:37,27300071881,11,告诉我你的名字,夏目友人帐 第七季,113638224433107
小妖怪都很可爱,1007.095,1,16777215,2024-12-24 00:57:23,27300071881,11,告诉我你的名字,夏目友人帐 第七季,113638224433107
细节，老师的内心是斑的声线,199.733,1,16777215,2024-12-23 23:42:29,27300071881,11,告诉我你的名字,夏目友人帐 第七季,113638224433107
讲真哦这种树林…就是不遇妖怪遇到人也很危险…,485.394,1,16777215,2024-12-23 21:49:46,27300071881,11,告诉我你的名字,夏目友人帐 第七季,113638224433107
美好是因为无视美好的逝去,1164.648,5,11890,2024-12-23 15:19:05,27300071881,11,告诉我你的名字,夏目友人帐 第七季,113638224433107
不会叫不起来了吧。。,688.578,1,16777215,2024-12-22 20:11:23,27300071881,11,告诉我你的名字,夏目友人帐 第七季,113638224433107
布豪！快跑！,1138.795,5,16777215,2024-12-22 20:05:31,27300071881,11,告诉我你的名字,夏目友人帐 第七季,113638224433107
开服玩家,183.663,1,16777215,2024-12-22 04:19:33,27300071881,11,告诉我你的名字,夏目友人帐 第七季,113638224433107
日本的书，在我们这边最后的就是第一页，他们说从右往左读的啦,1314.156,1,16777215,2024-12-22 03:20:35,27300071881,11,告诉我你的名字,夏目友人帐 第七季,113638224433107
坏了，不好的预感,556.622,1,16777215,2024-12-21 19:08:12,27300071881,11,告诉我你的名字,夏目友人帐 第七季,113638224433107
看哭了，故事的开始，所以才叫友人帐啊,1315.184,1,16777215,2024-12-21 18:55:51,27300071881,11,告诉我你的名字,夏目友人帐 第七季,113638224433107
辛美尔故乡哈哈哈哈哈,1116.703,1,16777215,2024-12-21 17:50:34,27300071881,11,告诉我你的名字,夏目友人帐 第七季,113638224433107
因为玲子伤心了，所以再也不来附近了吧,1276.12,1,16777215,2024-12-19 20:36:05,27300071881,11,告诉我你的名字,夏目友人帐 第七季,113638224433107
夏目第一次哭给我们看,1403.085,1,16777215,2024-12-19 20:15:59,27300071881,11,告诉我你的名字,夏目友人帐 第七季,113638224433107
开账元老,172.519,1,16777215,2024-12-19 00:21:37,27300071881,11,告诉我你的名字,夏目友人帐 第七季,113638224433107
谁懂，这集太好哭了,1360.589,1,16777215,2024-12-18 22:49:51,27300071881,11,告诉我你的名字,夏目友人帐 第七季,113638224433107
塔子这个时候怕是还没出生呢,423.991,5,16777215,2024-12-18 11:15:39,27300071881,11,告诉我你的名字,夏目友人帐 第七季,113638224433107
我也感觉玲子好帅,383.57,1,16777215,2024-12-18 11:07:08,27300071881,11,告诉我你的名字,夏目友人帐 第七季,113638224433107
她却像是蝴蝶一样 轻飘飘躲过了,232.64,1,16777215,2024-12-18 00:23:11,27300071881,11,告诉我你的名字,夏目友人帐 第七季,113638224433107
人鱼公主和很多个小妖怪？,453.118,1,16777215,2024-12-17 22:24:57,27300071881,11,告诉我你的名字,夏目友人帐 第七季,113638224433107
贴脸开大,834.561,1,16777215,2024-12-17 20:19:40,27300071881,11,告诉我你的名字,夏目友人帐 第七季,113638224433107
妖怪们：好像嗑到了耶,433.149,1,16777215,2024-12-17 20:15:32,27300071881,11,告诉我你的名字,夏目友人帐 第七季,113638224433107
原来是你,548.477,1,16777215,2024-12-17 20:14:20,27300071881,11,告诉我你的名字,夏目友人帐 第七季,113638224433107
妖怪们还是爱着她的吧,1294.334,1,16777215,2024-12-17 19:22:31,27300071881,11,告诉我你的名字,夏目友人帐 第七季,113638224433107
曾几何时院子里的花,705.362,5,16777215,2025-08-25 12:33:35,27300071881,11,告诉我你的名字,夏目友人帐 第七季,113638224433107
铃子这一幕好帅啊,1040.089,1,16777215,2025-04-10 15:09:37,27300071881,11,告诉我你的名字,夏目友人帐 第七季,113638224433107
第一次磕的CP就be了，好可怜的妖怪,1089.516,1,16777215,2025-04-02 17:19:08,27300071881,11,告诉我你的名字,夏目友人帐 第七季,113638224433107
友人帐合伙人啊,540.719,1,16777215,2025-03-31 11:55:46,27300071881,11,告诉我你的名字,夏目友人帐 第七季,113638224433107
啊啊啊别下啊给我憋回去！,1024.68,5,16777215,2025-02-08 19:11:05,27300071881,11,告诉我你的名字,夏目友人帐 第七季,113638224433107
片尾曲名字是《苦笑》哎希望夏目不是苦笑,1380.472,5,6830715,2025-02-08 18:11:32,27300071881,11,告诉我你的名字,夏目友人帐 第七季,113638224433107
赤之王周防尊,97.749,1,16777215,2025-02-03 12:21:03,27300071881,11,告诉我你的名字,夏目友人帐 第七季,113638224433107
所以外婆以后跟妖怪比是用这种方式和妖怪交朋友吗？,553.718,1,16777215,2025-02-02 22:31:09,27300071881,11,告诉我你的名字,夏目友人帐 第七季,113638224433107
错过不是错了，是过了呀……,1221.122,5,16777215,2025-01-13 00:09:15,27300071881,11,告诉我你的名字,夏目友人帐 第七季,113638224433107
这句也太帅了！！,1034.897,1,16777215,2025-01-06 00:26:37,27300071881,11,告诉我你的名字,夏目友人帐 第七季,113638224433107
暴躁本人就在你旁边啊，亲爱的。,834.752,1,15138834,2025-01-05 20:19:32,27300071881,11,告诉我你的名字,夏目友人帐 第七季,113638224433107
这里真的很遗憾要是苍子能看到妖怪就好了,1211.207,1,16777215,2025-01-03 16:42:09,27300071881,11,告诉我你的名字,夏目友人帐 第七季,113638224433107
下雨了，就跟玲子的心理世界下雨了一样,1040.507,1,16777215,2025-01-02 10:37:22,27300071881,11,告诉我你的名字,夏目友人帐 第七季,113638224433107
若汝不唤，归吾之名,1307.62,1,16777215,2025-01-01 05:11:57,27300071881,11,告诉我你的名字,夏目友人帐 第七季,113638224433107
让我想起了瓦尼塔斯里的,1121.273,1,16777215,2024-12-31 13:04:17,27300071881,11,告诉我你的名字,夏目友人帐 第七季,113638224433107
原来是这样的，友人帐就是这么来的,1138.449,1,15772458,2024-12-28 13:08:44,27300071881,11,告诉我你的名字,夏目友人帐 第七季,113638224433107
传闻害人,839.985,1,16777215,2024-12-26 18:54:44,27300071881,11,告诉我你的名字,夏目友人帐 第七季,113638224433107
对不起但是你一开口我就知道声优是谁了。。。,185.364,1,16777215,2024-12-26 17:24:14,27300071881,11,告诉我你的名字,夏目友人帐 第七季,113638224433107
传达到了。夏目替玲子奶奶传达到了,1263.018,1,15138834,2024-12-25 23:05:02,27300071881,11,告诉我你的名字,夏目友人帐 第七季,113638224433107
是能变出花田的魔法,1111.131,1,13369971,2024-12-25 19:34:01,27300071881,11,告诉我你的名字,夏目友人帐 第七季,113638224433107
它得多无力啊,1225.668,1,16777215,2024-12-25 18:32:03,27300071881,11,告诉我你的名字,夏目友人帐 第七季,113638224433107
第一次听津叔哭成这样哈哈哈哈,1088.901,1,16777215,2024-12-24 13:28:04,27300071881,11,告诉我你的名字,夏目友人帐 第七季,113638224433107
玲子：年轻人，有备而来啊……,957.288,1,16777215,2024-12-24 13:02:03,27300071881,11,告诉我你的名字,夏目友人帐 第七季,113638224433107
玲子气场比夏目更强,475.796,1,41194,2024-12-24 09:04:38,27300071881,11,告诉我你的名字,夏目友人帐 第七季,113638224433107
不是，终于声音和脸搭上了。,191.13,1,16777215,2024-12-23 23:27:30,27300071881,11,告诉我你的名字,夏目友人帐 第七季,113638224433107
是的，我给她加了心脏病,655.113,1,16777215,2024-12-23 23:18:48,27300071881,11,告诉我你的名字,夏目友人帐 第七季,113638224433107
为了保护她吧,477.268,1,16777215,2024-12-23 20:56:52,27300071881,11,告诉我你的名字,夏目友人帐 第七季,113638224433107
这么强大的玲子怎么就去世了呢5555555,1313.242,1,16777215,2024-12-23 17:42:01,27300071881,11,告诉我你的名字,夏目友人帐 第七季,113638224433107
原来是友人帐封面,559.231,1,16777215,2024-12-22 21:03:43,27300071881,11,告诉我你的名字,夏目友人帐 第七季,113638224433107
原来是你啊！！！！,553.7,1,16777215,2024-12-22 03:12:33,27300071881,11,告诉我你的名字,夏目友人帐 第七季,113638224433107
所以才叫《友人啊》,566.724,1,16777215,2024-12-21 21:07:48,27300071881,11,告诉我你的名字,夏目友人帐 第七季,113638224433107
苍月草,1123.953,5,16777215,2024-12-21 12:18:56,27300071881,11,告诉我你的名字,夏目友人帐 第七季,113638224433107
完了，感觉这个女孩可能生病了,663.068,1,16777215,2024-12-21 00:29:02,27300071881,11,告诉我你的名字,夏目友人帐 第七季,113638224433107
DNA的碎片,1269.799,5,16777215,2024-12-20 22:03:41,27300071881,11,告诉我你的名字,夏目友人帐 第七季,113638224433107
夏目友人帐你是想杀了我吗哭死了,1349.458,1,16777215,2024-12-20 21:24:33,27300071881,11,告诉我你的名字,夏目友人帐 第七季,113638224433107
玲子其实也不懂人类吧,930.398,1,16777215,2024-12-20 20:01:42,27300071881,11,告诉我你的名字,夏目友人帐 第七季,113638224433107
忍住了，没哭！我去这是真刀啊,1192.868,1,16777215,2024-12-20 15:56:41,27300071881,11,告诉我你的名字,夏目友人帐 第七季,113638224433107
那些小怪看起来也不坏呀，还挺有好奇心哈哈哈,494.888,1,16777215,2024-12-19 23:10:19,27300071881,11,告诉我你的名字,夏目友人帐 第七季,113638224433107
猫老师你哪次没上钩,129.119,1,16777215,2024-12-19 21:02:26,27300071881,11,告诉我你的名字,夏目友人帐 第七季,113638224433107
好霸气啊,1037.586,1,16777215,2024-12-19 19:25:50,27300071881,11,告诉我你的名字,夏目友人帐 第七季,113638224433107
哭死了！为了知道玲子的名字。。。。,964.435,1,16777215,2024-12-19 19:13:39,27300071881,11,告诉我你的名字,夏目友人帐 第七季,113638224433107
为什么是你在哭啊哈哈哈哈,1084.38,1,16777215,2024-12-19 17:31:21,27300071881,11,告诉我你的名字,夏目友人帐 第七季,113638224433107
难道是外公？？,104.68,1,16777215,2024-12-18 23:41:49,27300071881,11,告诉我你的名字,夏目友人帐 第七季,113638224433107
是因为玲子在哭啊 情绪传染了它,1102.376,1,16777215,2024-12-18 19:48:46,27300071881,11,告诉我你的名字,夏目友人帐 第七季,113638224433107
笑死我了 贴脸开大,843.898,1,16777215,2024-12-18 16:50:19,27300071881,11,告诉我你的名字,夏目友人帐 第七季,113638224433107
津叔声音辨识度这么高，不会听不出吧,784.588,1,16777215,2024-12-18 11:04:08,27300071881,11,告诉我你的名字,夏目友人帐 第七季,113638224433107
共情能力太强是这样的,1084.577,5,16777215,2024-12-18 10:59:02,27300071881,11,告诉我你的名字,夏目友人帐 第七季,113638224433107
有点像塔子阿姨诶,366.652,1,16777215,2024-12-17 22:47:40,27300071881,11,告诉我你的名字,夏目友人帐 第七季,113638224433107
原来如此,546.779,1,16777215,2024-12-17 22:04:47,27300071881,11,告诉我你的名字,夏目友人帐 第七季,113638224433107
感冒了吧,1069.138,5,16777215,2024-12-17 21:59:06,27300071881,11,告诉我你的名字,夏目友人帐 第七季,113638224433107
原来是这样！！！,549.969,5,16777215,2024-12-17 21:48:25,27300071881,11,告诉我你的名字,夏目友人帐 第七季,113638224433107
啊，幻想破灭了,145.765,1,16777215,2024-12-17 19:52:48,27300071881,11,告诉我你的名字,夏目友人帐 第七季,113638224433107
现实中也经常有各种各样的误会和错过和遗憾，所以大家有什么想法直接去做，不要隐晦，不要拖沓,1341.349,5,16777215,2025-11-02 01:25:23,27300071881,11,告诉我你的名字,夏目友人帐 第七季,113638224433107
玲子驾驶EVA的话，AT立场一定很强,1057.768,1,16777215,2025-09-26 00:03:20,27300071881,11,告诉我你的名字,夏目友人帐 第七季,113638224433107
友人帐联合创始人之一,1147.736,1,16707842,2025-07-03 06:48:27,27300071881,11,告诉我你的名字,夏目友人帐 第七季,113638224433107
这回是友人帐的第一页，故事的开始啊,1305.885,1,15138834,2025-05-10 22:06:22,27300071881,11,告诉我你的名字,夏目友人帐 第七季,113638224433107
玲子认为这是交朋友de方式吧，友人帐友人帐原来如此,571.175,1,15772458,2025-05-10 21:48:38,27300071881,11,告诉我你的名字,夏目友人帐 第七季,113638224433107
阿拉伯婆婆纳的花语是健康,1121.861,5,16777215,2025-03-24 18:53:10,27300071881,11,告诉我你的名字,夏目友人帐 第七季,113638224433107
酷酷的姐姐超赞啊,380.305,5,16707842,2025-03-17 23:59:05,27300071881,11,告诉我你的名字,夏目友人帐 第七季,113638224433107
好虐啊，如果再不会呼唤我的名字的话，就把它还给我吧。,1306.731,1,16777215,2025-03-11 12:53:02,27300071881,11,告诉我你的名字,夏目友人帐 第七季,113638224433107
终于知道了为什么叫做夏目《友人》账，真的是朋友们的名字啊,1176.747,1,16777215,2025-02-20 12:13:12,27300071881,11,告诉我你的名字,夏目友人帐 第七季,113638224433107
等等，我好像发现了一个盲点，这个妖怪能读心，夏目也能，但玲子不能，这个该不会是外公吧,795.433,1,16777215,2025-02-14 15:30:39,27300071881,11,告诉我你的名字,夏目友人帐 第七季,113638224433107
所以玲子后来和妖怪们玩的都是和苍子玩过的 ꒦ິ^꒦ິ,643.307,1,16777215,2025-02-12 18:01:12,27300071881,11,告诉我你的名字,夏目友人帐 第七季,113638224433107
的场先生说，下雨会出现大妖,889.404,1,16777215,2025-02-01 03:42:53,27300071881,11,告诉我你的名字,夏目友人帐 第七季,113638224433107
玲子有一种王的感觉,381.97,1,16777215,2025-01-31 20:28:29,27300071881,11,告诉我你的名字,夏目友人帐 第七季,113638224433107
我听到了招灾的【回响】,678.42,1,16777215,2025-01-30 11:15:33,27300071881,11,告诉我你的名字,夏目友人帐 第七季,113638224433107
妖怪们：够了，真的够了！,547.255,1,16777215,2025-01-26 10:38:03,27300071881,11,告诉我你的名字,夏目友人帐 第七季,113638224433107
津叔：剧组你们到底找我配了个啥,249.792,1,16777215,2025-01-21 22:03:51,27300071881,11,告诉我你的名字,夏目友人帐 第七季,113638224433107
外婆绝美睡颜，限时出场,268.324,1,16777215,2025-01-19 13:14:28,27300071881,11,告诉我你的名字,夏目友人帐 第七季,113638224433107
每次听着这个BGM，都感觉心里涌起一阵孤独感,309.607,1,16777215,2025-01-17 21:12:41,27300071881,11,告诉我你的名字,夏目友人帐 第七季,113638224433107
这才是友人帐的意义啊,962.898,1,16777215,2025-01-12 15:21:40,27300071881,11,告诉我你的名字,夏目友人帐 第七季,113638224433107
牙口真好,607.738,1,16777215,2025-01-08 12:18:20,27300071881,11,告诉我你的名字,夏目友人帐 第七季,113638224433107
辛美尔故乡,1118.246,1,11890,2025-01-05 00:31:20,27300071881,11,告诉我你的名字,夏目友人帐 第七季,113638224433107
苍子是练习扔石子才受伤的！,889.272,1,16777215,2025-01-05 00:24:37,27300071881,11,告诉我你的名字,夏目友人帐 第七季,113638224433107
这是夏目的第二次哭。,1399.543,1,16707842,2025-01-03 20:42:02,27300071881,11,告诉我你的名字,夏目友人帐 第七季,113638224433107
哇嘎里马斯,103.168,5,15772458,2025-01-02 22:38:02,27300071881,11,告诉我你的名字,夏目友人帐 第七季,113638224433107
来拒去留,286.145,1,16777215,2025-01-02 22:16:54,27300071881,11,告诉我你的名字,夏目友人帐 第七季,113638224433107
《强势围观》,451.708,1,16777215,2025-01-02 18:52:21,27300071881,11,告诉我你的名字,夏目友人帐 第七季,113638224433107
是不是生病了,1067.329,1,16777215,2025-01-02 13:56:46,27300071881,11,告诉我你的名字,夏目友人帐 第七季,113638224433107
怪笑真的好可爱哈哈哈哈,1007.824,1,16777215,2025-01-01 21:08:24,27300071881,11,告诉我你的名字,夏目友人帐 第七季,113638224433107
百合花（bushi）,744.762,1,16777215,2024-12-31 19:17:27,27300071881,11,告诉我你的名字,夏目友人帐 第七季,113638224433107
这集有点太狠了，长久平淡之后的一刀暴击,1329.861,1,16777215,2024-12-30 18:15:34,27300071881,11,告诉我你的名字,夏目友人帐 第七季,113638224433107
我哭得一抽一抽的,1328.543,1,16777215,2024-12-30 17:27:32,27300071881,11,告诉我你的名字,夏目友人帐 第七季,113638224433107
友人帐的纸会不会是它身上的,1146.907,1,16777215,2024-12-29 11:54:00,27300071881,11,告诉我你的名字,夏目友人帐 第七季,113638224433107
是故乡的百合花,755.398,5,16707842,2024-12-27 20:05:19,27300071881,11,告诉我你的名字,夏目友人帐 第七季,113638224433107
谁懂特别喜欢律叔的声音！,101.425,5,41194,2024-12-27 12:22:03,27300071881,11,告诉我你的名字,夏目友人帐 第七季,113638224433107
开服玩家笑死我了哈哈哈哈哈,190.096,1,16777215,2024-12-26 22:42:27,27300071881,11,告诉我你的名字,夏目友人帐 第七季,113638224433107
明明苍子都不来了，玲子居然还会感到高兴，那她以前得有多寂寞啊,1134.444,1,16777215,2024-12-26 19:42:07,27300071881,11,告诉我你的名字,夏目友人帐 第七季,113638224433107
吃瓜小妖怪们,1010.296,1,16777215,2024-12-26 19:00:54,27300071881,11,告诉我你的名字,夏目友人帐 第七季,113638224433107
桀桀桀哈哈哈,1004.838,1,16777215,2024-12-26 13:20:32,27300071881,11,告诉我你的名字,夏目友人帐 第七季,113638224433107
ei——a——”,293.169,1,16777215,2024-12-26 13:10:38,27300071881,11,告诉我你的名字,夏目友人帐 第七季,113638224433107
我的cp黄了，你说我哭不哭,1084.49,1,16777215,2024-12-26 12:57:57,27300071881,11,告诉我你的名字,夏目友人帐 第七季,113638224433107
核善的眼神,998.483,5,9599289,2024-12-25 23:12:40,27300071881,11,告诉我你的名字,夏目友人帐 第七季,113638224433107
开服玩家哈哈哈哈哈,187.283,5,9599289,2024-12-25 22:58:49,27300071881,11,告诉我你的名字,夏目友人帐 第七季,113638224433107
第一个写下名字的妖怪！,169.021,5,9599289,2024-12-25 22:58:08,27300071881,11,告诉我你的名字,夏目友人帐 第七季,113638224433107
我们是朋友啊，我真哭死,1362.402,1,16777215,2024-12-25 21:16:52,27300071881,11,告诉我你的名字,夏目友人帐 第七季,113638224433107
玲子的呆毛,647.544,5,16777215,2024-12-25 18:16:04,27300071881,11,告诉我你的名字,夏目友人帐 第七季,113638224433107
看着好像生病了,656.646,1,15138834,2024-12-25 17:44:59,27300071881,11,告诉我你的名字,夏目友人帐 第七季,113638224433107
没叫姓氏，叫的名字诶,605.42,5,41194,2024-12-25 17:32:04,27300071881,11,告诉我你的名字,夏目友人帐 第七季,113638224433107
完了完了，正是在下,826.841,1,16777215,2024-12-24 21:59:29,27300071881,11,告诉我你的名字,夏目友人帐 第七季,113638224433107
完了是FLAG,735.55,1,16777215,2024-12-24 21:07:11,27300071881,11,告诉我你的名字,夏目友人帐 第七季,113638224433107
玲子做的梦。。,1360.642,1,16777215,2024-12-24 18:47:09,27300071881,11,告诉我你的名字,夏目友人帐 第七季,113638224433107
哈哈哈好突然,193.325,1,16777215,2024-12-24 17:01:22,27300071881,11,告诉我你的名字,夏目友人帐 第七季,113638224433107
噫！好！我中了！,954.54,1,16777215,2024-12-24 12:04:02,27300071881,11,告诉我你的名字,夏目友人帐 第七季,113638224433107
寿命论太虐了,1345.462,1,16777215,2024-12-24 10:17:05,27300071881,11,告诉我你的名字,夏目友人帐 第七季,113638224433107
一望无际的蓝色花海,1123.746,5,41194,2024-12-24 00:46:43,27300071881,11,告诉我你的名字,夏目友人帐 第七季,113638224433107
心疼玲子，也怕知道答案吧～,1054.234,1,16777215,2024-12-23 18:17:32,27300071881,11,告诉我你的名字,夏目友人帐 第七季,113638224433107
辛美尔啊～,1110.901,1,16777215,2024-12-23 15:02:52,27300071881,11,告诉我你的名字,夏目友人帐 第七季,113638224433107
十年后的蓝波,146.02,1,16777215,2024-12-22 21:19:41,27300071881,11,告诉我你的名字,夏目友人帐 第七季,113638224433107
我也懂一个人最舒服最轻松,320.133,1,16777215,2024-12-22 01:11:41,27300071881,11,告诉我你的名字,夏目友人帐 第七季,113638224433107
就是说，这集说的是友人帐的起源,652.353,1,16777215,2024-12-21 16:52:14,27300071881,11,告诉我你的名字,夏目友人帐 第七季,113638224433107
BGM是こまりわらい,1370.659,1,16777215,2024-12-21 15:08:36,27300071881,11,告诉我你的名字,夏目友人帐 第七季,113638224433107
原来是这样！你才是友人帐的起源！,549.127,1,16777215,2024-12-20 22:42:12,27300071881,11,告诉我你的名字,夏目友人帐 第七季,113638224433107
 花海美得那么遗憾 那么温暖,1379.458,1,16777215,2024-12-19 23:45:00,27300071881,11,告诉我你的名字,夏目友人帐 第七季,113638224433107
原来是你！！！！！！！,550.771,5,16777215,2024-12-19 21:05:31,27300071881,11,告诉我你的名字,夏目友人帐 第七季,113638224433107
总觉得隐隐有刀,627.809,1,16777215,2024-12-19 20:55:20,27300071881,11,告诉我你的名字,夏目友人帐 第七季,113638224433107
这才是外公 大家怎么不磕了,389.392,1,16777215,2024-12-19 19:10:05,27300071881,11,告诉我你的名字,夏目友人帐 第七季,113638224433107
这段bgm太温柔了,1310.289,1,16777215,2024-12-18 23:20:11,27300071881,11,告诉我你的名字,夏目友人帐 第七季,113638224433107
韦一敏！,224.36,1,16777215,2024-12-18 21:55:53,27300071881,11,告诉我你的名字,夏目友人帐 第七季,113638224433107
我靠 不知道怎么 知道友人账的起点是这个好想哭啊,550.055,1,16777215,2024-12-18 19:15:37,27300071881,11,告诉我你的名字,夏目友人帐 第七季,113638224433107
噩梦来了哈哈哈哈哈,1145.357,1,16777215,2024-12-18 13:55:03,27300071881,11,告诉我你的名字,夏目友人帐 第七季,113638224433107
还不知道夏目他外公是谁,1293.119,1,16777215,2024-12-18 12:46:40,27300071881,11,告诉我你的名字,夏目友人帐 第七季,113638224433107
苍月草,727.848,1,16777215,2024-12-18 11:52:33,27300071881,11,告诉我你的名字,夏目友人帐 第七季,113638224433107
娜娜米,104.944,1,16777215,2024-12-18 00:40:58,27300071881,11,告诉我你的名字,夏目友人帐 第七季,113638224433107
阿尼亚转世妖怪,788.05,1,16777215,2024-12-17 23:49:43,27300071881,11,告诉我你的名字,夏目友人帐 第七季,113638224433107
为什么感觉这一季每一集都在告别,1331.624,1,16777215,2024-12-17 22:49:16,27300071881,11,告诉我你的名字,夏目友人帐 第七季,113638224433107
这声音一听就很会打牌,170.981,1,16777215,2024-12-17 21:04:49,27300071881,11,告诉我你的名字,夏目友人帐 第七季,113638224433107
故事的开始,553.727,1,16777215,2024-12-17 20:49:55,27300071881,11,告诉我你的名字,夏目友人帐 第七季,113638224433107
所以外孙会珍惜这些缘分,1266.578,1,16777215,2024-12-17 20:23:49,27300071881,11,告诉我你的名字,夏目友人帐 第七季,113638224433107
你怎么这么帅声音长这样,166.044,1,16777215,2024-12-17 19:39:15,27300071881,11,告诉我你的名字,夏目友人帐 第七季,113638224433107
声音是可以变的么么哒,187.793,5,16777215,2025-08-25 12:53:46,27300071881,11,告诉我你的名字,夏目友人帐 第七季,113638224433107
没有义务告知,1121.024,5,16777215,2025-06-08 15:57:56,27300071881,11,告诉我你的名字,夏目友人帐 第七季,113638224433107
啊啊啊啊啊说完马上躲下去 好可爱！！,444.898,5,16707842,2025-03-17 23:09:03,27300071881,11,告诉我你的名字,夏目友人帐 第七季,113638224433107
友人帐之源,1140.029,5,16707842,2025-01-27 09:59:00,27300071881,11,告诉我你的名字,夏目友人帐 第七季,113638224433107
淋雨感冒了还是生大病了？,1068.476,1,16777215,2025-01-21 22:23:31,27300071881,11,告诉我你的名字,夏目友人帐 第七季,113638224433107
看到后面这里的小妖怪都是不怀好意的啊,1006.253,1,16777215,2025-01-19 16:32:04,27300071881,11,告诉我你的名字,夏目友人帐 第七季,113638224433107
枣糕了,654.28,1,16777215,2025-01-17 18:29:18,27300071881,11,告诉我你的名字,夏目友人帐 第七季,113638224433107
声音是可以变的么么哒,189.329,5,16777215,2025-01-14 19:21:59,27300071881,11,告诉我你的名字,夏目友人帐 第七季,113638224433107
从某一页到第一页,1304.377,1,16777215,2025-01-10 23:20:40,27300071881,11,告诉我你的名字,夏目友人帐 第七季,113638224433107
好像某位勇者喜欢的花啊,1111.868,1,9033215,2025-01-09 01:17:16,27300071881,11,告诉我你的名字,夏目友人帐 第七季,113638224433107
应该是种花弄的,881.193,1,16777215,2025-01-08 22:58:23,27300071881,11,告诉我你的名字,夏目友人帐 第七季,113638224433107
当翻到第一页的时候，泪目了太难过了,1306.39,1,16777215,2025-01-08 14:11:21,27300071881,11,告诉我你的名字,夏目友人帐 第七季,113638224433107
好美啊，玲子 (◍＞◡＜◍),588.244,1,15138834,2025-01-07 17:20:41,27300071881,11,告诉我你的名字,夏目友人帐 第七季,113638224433107
玲子是为了保护女孩才赶她走的,465.2,1,15772458,2025-01-04 23:06:10,27300071881,11,告诉我你的名字,夏目友人帐 第七季,113638224433107
妖怪们真好啊，不用上学上班，无事可做,183.902,1,16777215,2025-01-03 22:33:28,27300071881,11,告诉我你的名字,夏目友人帐 第七季,113638224433107
“美丽的事物仍旧美丽，无趣的事物仍旧无趣”,1161.857,1,41194,2025-01-03 01:44:50,27300071881,11,告诉我你的名字,夏目友人帐 第七季,113638224433107
秋天的金色与夏天的绿色融合了，又还没融合,646.065,1,16777215,2025-01-02 23:46:52,27300071881,11,告诉我你的名字,夏目友人帐 第七季,113638224433107
猫头鹅闭眼了，好可爱,442.759,1,16777215,2025-01-02 23:39:20,27300071881,11,告诉我你的名字,夏目友人帐 第七季,113638224433107
这里花瓣变成上飞了，玲子有想传达的东西，天目也有啊,1332.932,1,16777215,2025-01-02 17:29:07,27300071881,11,告诉我你的名字,夏目友人帐 第七季,113638224433107
外婆这样温柔强大又美丽的人，一个盆友都没有才奇怪吧,639.718,1,16777215,2025-01-01 19:50:42,27300071881,11,告诉我你的名字,夏目友人帐 第七季,113638224433107
就跟每天追剧一样,997.142,1,16777215,2025-01-01 14:23:20,27300071881,11,告诉我你的名字,夏目友人帐 第七季,113638224433107
磕cp就算了吧，这是纯粹的友情啊,1262.155,1,16777215,2024-12-31 20:44:15,27300071881,11,告诉我你的名字,夏目友人帐 第七季,113638224433107
妖怪：是你小子把玲子引到这来了？,576.793,1,16777215,2024-12-31 15:18:20,27300071881,11,告诉我你的名字,夏目友人帐 第七季,113638224433107
原来是你,548.854,1,41194,2024-12-29 23:47:09,27300071881,11,告诉我你的名字,夏目友人帐 第七季,113638224433107
不可结缘徒增悲伤,1280.575,1,16777215,2024-12-29 23:32:57,27300071881,11,告诉我你的名字,夏目友人帐 第七季,113638224433107
感觉玲子是ENTP,614.322,1,16777215,2024-12-29 21:56:09,27300071881,11,告诉我你的名字,夏目友人帐 第七季,113638224433107
七海建人讲故事～,789.437,1,16777215,2024-12-29 15:04:28,27300071881,11,告诉我你的名字,夏目友人帐 第七季,113638224433107
古明地觉,196.156,5,14811775,2024-12-29 11:55:38,27300071881,11,告诉我你的名字,夏目友人帐 第七季,113638224433107
你还记着友人帐呢？,140.302,5,16707842,2024-12-29 00:37:47,27300071881,11,告诉我你的名字,夏目友人帐 第七季,113638224433107
本来在哭的结果看到电灯泡哭我又笑了。。。。。,1082.079,1,16777215,2024-12-29 00:04:34,27300071881,11,告诉我你的名字,夏目友人帐 第七季,113638224433107
玲子居然有正常的朋友,636.298,1,16777215,2024-12-28 22:46:31,27300071881,11,告诉我你的名字,夏目友人帐 第七季,113638224433107
但是明明每次都会上钩吧，哈哈哈,134.108,1,16777215,2024-12-28 21:36:01,27300071881,11,告诉我你的名字,夏目友人帐 第七季,113638224433107
前面是夏目心里想的，后面是三三心里想的。,194.069,1,16777215,2024-12-28 12:18:28,27300071881,11,告诉我你的名字,夏目友人帐 第七季,113638224433107
我嗑的CP BE了啊呜呜呜呜……太感同身受了吧？！,1082.754,1,52480,2024-12-28 09:01:35,27300071881,11,告诉我你的名字,夏目友人帐 第七季,113638224433107
不愧是第一个名字，作者你好厉害啊,1343.834,1,16777215,2024-12-28 01:31:02,27300071881,11,告诉我你的名字,夏目友人帐 第七季,113638224433107
哇真的有这片花海！,1103.82,1,16777215,2024-12-27 22:22:38,27300071881,11,告诉我你的名字,夏目友人帐 第七季,113638224433107
这个花出场率极高,1124.527,1,16777215,2024-12-27 20:02:38,27300071881,11,告诉我你的名字,夏目友人帐 第七季,113638224433107
第一句话！,543.843,1,16777215,2024-12-26 21:02:00,27300071881,11,告诉我你的名字,夏目友人帐 第七季,113638224433107
就像前面那一集夏目想让三三和自己一起看龙一样啊,1385.148,1,16777215,2024-12-26 20:36:30,27300071881,11,告诉我你的名字,夏目友人帐 第七季,113638224433107
辛美尔！！！,1119.542,1,41194,2024-12-26 19:55:49,27300071881,11,告诉我你的名字,夏目友人帐 第七季,113638224433107
这个妖真的好好啊,1259.216,1,16777215,2024-12-26 17:26:30,27300071881,11,告诉我你的名字,夏目友人帐 第七季,113638224433107
这是第一页的故事啊www,1299.167,1,8700107,2024-12-26 14:15:48,27300071881,11,告诉我你的名字,夏目友人帐 第七季,113638224433107
没想到你是这么感性的妖怪555,1082.536,5,9599289,2024-12-25 23:14:29,27300071881,11,告诉我你的名字,夏目友人帐 第七季,113638224433107
好感人这个故事我最爱。前面都没看明白,1344.13,1,15138834,2024-12-25 23:07:29,27300071881,11,告诉我你的名字,夏目友人帐 第七季,113638224433107
菲罗斯星,1118.523,1,16777215,2024-12-25 22:24:45,27300071881,11,告诉我你的名字,夏目友人帐 第七季,113638224433107
妖怪说我叫苍子就完了,1157.054,1,16777215,2024-12-25 12:54:02,27300071881,11,告诉我你的名字,夏目友人帐 第七季,113638224433107
这声这表情也太帅了吧！,384.473,1,41194,2024-12-24 20:40:01,27300071881,11,告诉我你的名字,夏目友人帐 第七季,113638224433107
好帅这个声音,249.27,1,16777215,2024-12-24 20:18:11,27300071881,11,告诉我你的名字,夏目友人帐 第七季,113638224433107
为撒子，分手总在下雨天,1026.087,1,14811775,2024-12-24 19:48:41,27300071881,11,告诉我你的名字,夏目友人帐 第七季,113638224433107
啊啊啊第一页都出现了 那最后一页什么时候啊 ！,1308.295,1,16777215,2024-12-24 18:54:13,27300071881,11,告诉我你的名字,夏目友人帐 第七季,113638224433107
玲子：不是，哥们,614.884,1,16777215,2024-12-24 18:17:37,27300071881,11,告诉我你的名字,夏目友人帐 第七季,113638224433107
妖怪身后贴着的纸不会就是写着名字的纸吧,1098.085,1,16777215,2024-12-24 17:04:48,27300071881,11,告诉我你的名字,夏目友人帐 第七季,113638224433107
古  明  地  觉,214.517,1,16777215,2024-12-24 16:06:31,27300071881,11,告诉我你的名字,夏目友人帐 第七季,113638224433107
我直接一整个大泪目●︿●,1223.543,1,16777215,2024-12-24 13:43:56,27300071881,11,告诉我你的名字,夏目友人帐 第七季,113638224433107
你看读懂了。,978.996,1,16777215,2024-12-24 02:00:21,27300071881,11,告诉我你的名字,夏目友人帐 第七季,113638224433107
布蚝,910.17,1,16777215,2024-12-23 23:33:53,27300071881,11,告诉我你的名字,夏目友人帐 第七季,113638224433107
等会儿，纸不会也是从你身上薅的吧,1149.433,1,16777215,2024-12-23 22:06:32,27300071881,11,告诉我你的名字,夏目友人帐 第七季,113638224433107
握草，我开始害怕了,654.486,1,16777215,2024-12-23 14:54:38,27300071881,11,告诉我你的名字,夏目友人帐 第七季,113638224433107
好像咒术回战里面的七海海,244.298,1,16777215,2024-12-23 12:16:53,27300071881,11,告诉我你的名字,夏目友人帐 第七季,113638224433107
啊啊啊，开头这个声音好耳熟，好像《致不灭的你》里的旁白,99.998,1,16777215,2024-12-22 11:52:00,27300071881,11,告诉我你的名字,夏目友人帐 第七季,113638224433107
美丽的事物仍旧美丽，无趣的事物仍旧无趣,1169.788,1,41194,2024-12-22 02:13:02,27300071881,11,告诉我你的名字,夏目友人帐 第七季,113638224433107
啊啊啊好可爱啊眼泪又憋回去了TAT,1091.324,1,16777215,2024-12-21 19:44:41,27300071881,11,告诉我你的名字,夏目友人帐 第七季,113638224433107
好细节。。苍子手上还有伤。。,1358.002,1,16777215,2024-12-21 17:57:38,27300071881,11,告诉我你的名字,夏目友人帐 第七季,113638224433107
什么意思？身体不好去世了吗听这语气？,1249.489,1,16777215,2024-12-19 22:16:41,27300071881,11,告诉我你的名字,夏目友人帐 第七季,113638224433107
这声音一听就是大帅哥,188.476,1,16777215,2024-12-19 18:53:03,27300071881,11,告诉我你的名字,夏目友人帐 第七季,113638224433107
再晚一天就好了啊。,1247.431,1,16777215,2024-12-19 04:47:40,27300071881,11,告诉我你的名字,夏目友人帐 第七季,113638224433107
三三：所以点心又是骗我的对吗,1408.406,5,16777215,2024-12-19 00:57:01,27300071881,11,告诉我你的名字,夏目友人帐 第七季,113638224433107
今天刚好看到有人端着一盆蓝色的桔梗，真的很好看,1404.433,1,16777215,2024-12-18 22:45:42,27300071881,11,告诉我你的名字,夏目友人帐 第七季,113638224433107
呜呜呜呜～,1260.702,5,16777215,2024-12-18 22:05:11,27300071881,11,告诉我你的名字,夏目友人帐 第七季,113638224433107
玲子的脸替,1083.443,1,16777215,2024-12-18 19:46:09,27300071881,11,告诉我你的名字,夏目友人帐 第七季,113638224433107
不可结缘，徒增悲伤,1262.631,1,16777215,2024-12-18 19:10:25,27300071881,11,告诉我你的名字,夏目友人帐 第七季,113638224433107
美丽的事物仍旧美丽，无趣的事物仍旧无趣,1161.781,1,16777215,2024-12-18 18:21:06,27300071881,11,告诉我你的名字,夏目友人帐 第七季,113638224433107
名字是赢回来的,961.888,1,16777215,2024-12-18 17:52:08,27300071881,11,告诉我你的名字,夏目友人帐 第七季,113638224433107
强大得令人心痛,1183.782,1,16777215,2024-12-18 16:48:20,27300071881,11,告诉我你的名字,夏目友人帐 第七季,113638224433107
蓝色的花 蓝色的糖 蓝色的名字,1233.298,1,16777215,2024-12-18 12:14:24,27300071881,11,告诉我你的名字,夏目友人帐 第七季,113638224433107
娜娜米,92.303,1,16777215,2024-12-17 23:27:03,27300071881,11,告诉我你的名字,夏目友人帐 第七季,113638224433107
妈呀首尾呼应,927.829,1,16777215,2024-12-17 22:08:14,27300071881,11,告诉我你的名字,夏目友人帐 第七季,113638224433107
苍子不会是病了吧，不是故意不来的,1108.49,5,16777215,2024-12-17 21:11:52,27300071881,11,告诉我你的名字,夏目友人帐 第七季,113638224433107
原来是你,553.533,1,16777215,2024-12-17 20:08:33,27300071881,11,告诉我你的名字,夏目友人帐 第七季,113638224433107
原来能读心所以徽困扰,212.029,1,16777215,2024-12-17 20:04:42,27300071881,11,告诉我你的名字,夏目友人帐 第七季,113638224433107
并非第一次,853.639,5,16777215,2025-10-03 05:55:10,27300071881,11,告诉我你的名字,夏目友人帐 第七季,113638224433107
我的cp  be 了,1094.375,5,14811775,2025-06-25 21:24:13,27300071881,11,告诉我你的名字,夏目友人帐 第七季,113638224433107
一次错过成了永恒,1195.861,5,16777215,2025-06-17 15:36:39,27300071881,11,告诉我你的名字,夏目友人帐 第七季,113638224433107
太有特色了一听就知道是津叔，吾王周防！！！,93.239,5,15138834,2025-06-15 21:59:31,27300071881,11,告诉我你的名字,夏目友人帐 第七季,113638224433107
看似2个人的遗憾实际上是2人一妖的遗憾,1290.352,1,16777215,2025-06-09 16:14:35,27300071881,11,告诉我你的名字,夏目友人帐 第七季,113638224433107
我知道了 这个人是外公,611.218,1,16777215,2025-06-05 12:53:57,27300071881,11,告诉我你的名字,夏目友人帐 第七季,113638224433107
不重逢，我没有说告别，眼看他，眼看他与我永不重逢,1415.426,1,16777215,2025-05-10 14:28:33,27300071881,11,告诉我你的名字,夏目友人帐 第七季,113638224433107
辛美尔！,1111.021,1,16777215,2025-05-04 22:02:56,27300071881,11,告诉我你的名字,夏目友人帐 第七季,113638224433107
外婆和外孙共用一张脸吗？有点意思,371.488,5,15772458,2025-04-23 22:20:35,27300071881,11,告诉我你的名字,夏目友人帐 第七季,113638224433107
传奇把妹王——玲子,382.87,1,16707842,2025-04-10 21:01:39,27300071881,11,告诉我你的名字,夏目友人帐 第七季,113638224433107
贴脸开大,839.214,1,16777215,2025-04-10 15:05:27,27300071881,11,告诉我你的名字,夏目友人帐 第七季,113638224433107
要是他们有手机就好了,1223.877,1,16777215,2025-04-10 00:50:40,27300071881,11,告诉我你的名字,夏目友人帐 第七季,113638224433107
辛美尔你的故乡,1120.137,1,16777215,2025-03-30 20:26:32,27300071881,11,告诉我你的名字,夏目友人帐 第七季,113638224433107
怎么可能跟谁看都一样啊 呜呜呜,1159.943,1,16777215,2025-02-20 15:33:23,27300071881,11,告诉我你的名字,夏目友人帐 第七季,113638224433107
当面蛐蛐哈哈哈哈哈哈,822.393,1,16777215,2025-02-11 21:52:24,27300071881,11,告诉我你的名字,夏目友人帐 第七季,113638224433107
玲子说不定可以有不一样的人生，但是错过了呜呜呜,1223.723,1,16777215,2025-02-09 14:07:47,27300071881,11,告诉我你的名字,夏目友人帐 第七季,113638224433107
君の名は。,1013.599,5,16646914,2025-02-03 20:32:30,27300071881,11,告诉我你的名字,夏目友人帐 第七季,113638224433107
捏马没手机没网就是不方便啊！,1349.458,5,14811775,2025-01-31 00:03:20,27300071881,11,告诉我你的名字,夏目友人帐 第七季,113638224433107
不愧是你，第一个被骗的妖,176.197,1,16777215,2025-01-21 22:01:12,27300071881,11,告诉我你的名字,夏目友人帐 第七季,113638224433107
布豪，是flag,700.159,1,15138834,2025-01-18 17:46:24,27300071881,11,告诉我你的名字,夏目友人帐 第七季,113638224433107
好大一片婆婆纳！！！！！！！！！,1105.169,5,15138834,2025-01-15 00:03:59,27300071881,11,告诉我你的名字,夏目友人帐 第七季,113638224433107
像极了磕cp的我,439.313,1,16777215,2025-01-14 21:28:10,27300071881,11,告诉我你的名字,夏目友人帐 第七季,113638224433107
够了，外婆我心疼你,1180.647,5,16777215,2025-01-12 09:43:08,27300071881,11,告诉我你的名字,夏目友人帐 第七季,113638224433107
啊啊啊啊我就在哭啊！,1090.623,1,16777215,2025-01-10 01:54:30,27300071881,11,告诉我你的名字,夏目友人帐 第七季,113638224433107
————————————————————————————————————————————————————————————————————————————————————————————————————,1274.765,5,16707842,2025-01-08 16:28:23,27300071881,11,告诉我你的名字,夏目友人帐 第七季,113638224433107
怪不得是叫友人帐,578.915,1,16777215,2025-01-06 21:03:28,27300071881,11,告诉我你的名字,夏目友人帐 第七季,113638224433107
啊啊啊啊啊刀子！,1194.778,5,16777215,2025-01-05 15:58:22,27300071881,11,告诉我你的名字,夏目友人帐 第七季,113638224433107
心疼玲子,842.404,5,16777215,2025-01-05 14:59:23,27300071881,11,告诉我你的名字,夏目友人帐 第七季,113638224433107
好磕（友情版）,612.795,5,16777215,2025-01-05 14:44:20,27300071881,11,告诉我你的名字,夏目友人帐 第七季,113638224433107
吉森信YYDS,222.823,5,16707842,2025-01-05 00:44:08,27300071881,11,告诉我你的名字,夏目友人帐 第七季,113638224433107
以往是在中间，这次是第一张了,1301.208,5,16707842,2025-01-04 15:15:10,27300071881,11,告诉我你的名字,夏目友人帐 第七季,113638224433107
苍子有点像治世,929.823,1,16777215,2025-01-04 14:24:08,27300071881,11,告诉我你的名字,夏目友人帐 第七季,113638224433107
少女你真是个人才,843.34,1,16777215,2025-01-03 21:24:36,27300071881,11,告诉我你的名字,夏目友人帐 第七季,113638224433107
四方谷在替玲子哭呜呜呜,1080.871,1,16777215,2025-01-03 16:37:40,27300071881,11,告诉我你的名字,夏目友人帐 第七季,113638224433107
啊哭了  妖怪替玲子在哭,1092.392,1,16777215,2025-01-03 13:10:42,27300071881,11,告诉我你的名字,夏目友人帐 第七季,113638224433107
苍月草!,1106.811,1,16777215,2025-01-02 10:39:04,27300071881,11,告诉我你的名字,夏目友人帐 第七季,113638224433107
好像座山雕hhh,274.807,1,16777215,2025-01-01 23:55:05,27300071881,11,告诉我你的名字,夏目友人帐 第七季,113638224433107
呜呜呜呜纳兹咩都哭了,1394.662,1,16777215,2025-01-01 22:26:19,27300071881,11,告诉我你的名字,夏目友人帐 第七季,113638224433107
这妖怪能力可能是能看妖力相近或者比它低的内心想法？？所以无法看透玲子,779.703,1,16777215,2025-01-01 13:05:58,27300071881,11,告诉我你的名字,夏目友人帐 第七季,113638224433107
一个人会更舒服，但不自觉会向往热闹,315.373,1,16777215,2025-01-01 11:03:37,27300071881,11,告诉我你的名字,夏目友人帐 第七季,113638224433107
原来是你干的,559.73,1,16777215,2024-12-29 23:36:56,27300071881,11,告诉我你的名字,夏目友人帐 第七季,113638224433107
他们分不清脸啊,340.937,1,16777215,2024-12-29 20:23:03,27300071881,11,告诉我你的名字,夏目友人帐 第七季,113638224433107
看书吵到眼睛了吗哈哈哈哈,342.804,1,16777215,2024-12-29 17:13:09,27300071881,11,告诉我你的名字,夏目友人帐 第七季,113638224433107
哈哈哈哈哈对不起但是毛茸茸你,1081.797,1,16777215,2024-12-29 11:43:26,27300071881,11,告诉我你的名字,夏目友人帐 第七季,113638224433107
原来起源是你哈哈哈,556.598,1,41194,2024-12-28 22:18:40,27300071881,11,告诉我你的名字,夏目友人帐 第七季,113638224433107
搞得和表白一样嗯不对表白,1014.018,1,15138834,2024-12-27 19:34:14,27300071881,11,告诉我你的名字,夏目友人帐 第七季,113638224433107
齐木楠雄（,210.344,1,16777215,2024-12-27 15:43:57,27300071881,11,告诉我你的名字,夏目友人帐 第七季,113638224433107
两个人其实已经把对方当朋友了,696.015,1,16777215,2024-12-26 19:51:56,27300071881,11,告诉我你的名字,夏目友人帐 第七季,113638224433107
好像之前的夏目啊,462.697,1,16777215,2024-12-26 17:05:33,27300071881,11,告诉我你的名字,夏目友人帐 第七季,113638224433107
不是用着津叔的声音，结果长这么蠢萌,188.365,1,16777215,2024-12-26 16:56:20,27300071881,11,告诉我你的名字,夏目友人帐 第七季,113638224433107
呜呜呜呜呜呜呜呜呜眼睛尿尿了,1331.841,5,16777215,2024-12-26 15:38:10,27300071881,11,告诉我你的名字,夏目友人帐 第七季,113638224433107
不可结缘 徒增寂寞,1234.773,5,41194,2024-12-25 22:29:25,27300071881,11,告诉我你的名字,夏目友人帐 第七季,113638224433107
玲子姥姥是个好人,1056.532,1,16777215,2024-12-25 22:10:49,27300071881,11,告诉我你的名字,夏目友人帐 第七季,113638224433107
专挑虐番长,1114.887,5,16777215,2024-12-25 19:38:58,27300071881,11,告诉我你的名字,夏目友人帐 第七季,113638224433107
已经猜到后面要怎么样了，补药啊,726.504,1,16777215,2024-12-25 18:18:10,27300071881,11,告诉我你的名字,夏目友人帐 第七季,113638224433107
不是泥，舌头这么长,253.263,1,16777215,2024-12-25 18:03:30,27300071881,11,告诉我你的名字,夏目友人帐 第七季,113638224433107
唉，错过了好多啊,853.117,1,15138834,2024-12-25 17:49:07,27300071881,11,告诉我你的名字,夏目友人帐 第七季,113638224433107
那些小小怪是想看玲子的笑话,1045.0,1,16777215,2024-12-24 23:19:08,27300071881,11,告诉我你的名字,夏目友人帐 第七季,113638224433107
太帅了太帅了,1041.517,5,16777215,2024-12-24 23:17:39,27300071881,11,告诉我你的名字,夏目友人帐 第七季,113638224433107
：我的cp be了呜呜呜,1088.917,1,16777215,2024-12-24 21:16:46,27300071881,11,告诉我你的名字,夏目友人帐 第七季,113638224433107
想哭好久没看到这个动作了,1310.785,1,16777215,2024-12-24 20:53:11,27300071881,11,告诉我你的名字,夏目友人帐 第七季,113638224433107
这片花海，好适合当壁纸啊,1135.775,1,16777215,2024-12-24 19:40:31,27300071881,11,告诉我你的名字,夏目友人帐 第七季,113638224433107
你干嘛诶呦,1248.277,1,16777215,2024-12-24 13:13:25,27300071881,11,告诉我你的名字,夏目友人帐 第七季,113638224433107
修妖盖还怪好嘞,999.91,1,16777215,2024-12-24 11:27:03,27300071881,11,告诉我你的名字,夏目友人帐 第七季,113638224433107
被传染了哭泣的心情?,1087.779,1,16777215,2024-12-24 01:54:11,27300071881,11,告诉我你的名字,夏目友人帐 第七季,113638224433107
这个音乐我哭死,300.374,1,16777215,2024-12-24 00:54:15,27300071881,11,告诉我你的名字,夏目友人帐 第七季,113638224433107
开始征战四方,1186.556,1,16777215,2024-12-23 23:33:26,27300071881,11,告诉我你的名字,夏目友人帐 第七季,113638224433107
滴好人卡,421.83,1,16707842,2024-12-23 23:31:46,27300071881,11,告诉我你的名字,夏目友人帐 第七季,113638224433107
娜娜米你怎么变成这样了,150.666,1,16777215,2024-12-22 23:02:51,27300071881,11,告诉我你的名字,夏目友人帐 第七季,113638224433107
梦开始的地方,1143.956,5,16777215,2024-12-22 14:59:58,27300071881,11,告诉我你的名字,夏目友人帐 第七季,113638224433107
等一下！这个配音！,303.188,1,16777215,2024-12-22 11:57:27,27300071881,11,告诉我你的名字,夏目友人帐 第七季,113638224433107
尤克里里的声音，很温柔,1309.5,1,16777215,2024-12-22 11:52:19,27300071881,11,告诉我你的名字,夏目友人帐 第七季,113638224433107
不可结缘，徒增悲伤,1383.519,1,16777215,2024-12-22 08:38:27,27300071881,11,告诉我你的名字,夏目友人帐 第七季,113638224433107
是七濑吗,375.029,1,16777215,2024-12-20 00:19:40,27300071881,11,告诉我你的名字,夏目友人帐 第七季,113638224433107
上好佳八宝糖也有蓝色圆球,603.035,1,16777215,2024-12-19 23:12:53,27300071881,11,告诉我你的名字,夏目友人帐 第七季,113638224433107
突然好萌怎么回事,189.575,1,16777215,2024-12-19 22:11:48,27300071881,11,告诉我你的名字,夏目友人帐 第七季,113638224433107
啊阿啊你去找找万一她还活着呢！！告诉她啊啊啊啊啊！！！,1395.999,1,16777215,2024-12-19 21:20:03,27300071881,11,告诉我你的名字,夏目友人帐 第七季,113638224433107
再见啦，友人帐上的第一个朋友,1317.272,1,16777215,2024-12-19 21:09:38,27300071881,11,告诉我你的名字,夏目友人帐 第七季,113638224433107
这就是夏目的刀法吗,1383.659,1,16777215,2024-12-19 20:12:29,27300071881,11,告诉我你的名字,夏目友人帐 第七季,113638224433107
这个妖怪的声音好耳熟啊。       是你吗？不死的老父亲,223.719,1,16777215,2024-12-19 19:45:27,27300071881,11,告诉我你的名字,夏目友人帐 第七季,113638224433107
心衰的话躺着应该更难顶,724.0,1,16777215,2024-12-19 15:46:13,27300071881,11,告诉我你的名字,夏目友人帐 第七季,113638224433107
不可结缘，徒增伤悲。,1375.826,1,16777215,2024-12-18 21:49:03,27300071881,11,告诉我你的名字,夏目友人帐 第七季,113638224433107
声音像《致不灭的你》画外音,755.416,1,16777215,2024-12-18 17:48:41,27300071881,11,告诉我你的名字,夏目友人帐 第七季,113638224433107
原来是你哈哈哈,562.48,1,16777215,2024-12-18 16:57:27,27300071881,11,告诉我你的名字,夏目友人帐 第七季,113638224433107
新动画，真不容易,1311.328,1,16777215,2024-12-18 16:50:28,27300071881,11,告诉我你的名字,夏目友人帐 第七季,113638224433107
超绝一集,1339.517,5,16777215,2024-12-18 12:34:50,27300071881,11,告诉我你的名字,夏目友人帐 第七季,113638224433107
猫咪老师的爪爪好可爱,392.946,1,16777215,2024-12-18 11:35:03,27300071881,11,告诉我你的名字,夏目友人帐 第七季,113638224433107
万恶之源！,548.335,1,16777215,2024-12-18 00:31:58,27300071881,11,告诉我你的名字,夏目友人帐 第七季,113638224433107
原来是你,548.94,1,16777215,2024-12-18 00:25:48,27300071881,11,告诉我你的名字,夏目友人帐 第七季,113638224433107
是不是担心周围吃瓜的我妖怪听到呀(°∀°)b,521.509,1,16777215,2024-12-17 21:59:54,27300071881,11,告诉我你的名字,夏目友人帐 第七季,113638224433107
这个笑容我来守护！！,593.469,1,16777215,2024-12-17 21:51:30,27300071881,11,告诉我你的名字,夏目友人帐 第七季,113638224433107
苍蓝星的苍（doge）,518.649,1,16777215,2024-12-17 21:35:30,27300071881,11,告诉我你的名字,夏目友人帐 第七季,113638224433107
“你吵到我的眼睛了”,350.84,1,16777215,2024-12-17 21:15:05,27300071881,11,告诉我你的名字,夏目友人帐 第七季,113638224433107
故意装冷漠吧哈哈哈,1124.332,1,16777215,2024-12-17 21:14:29,27300071881,11,告诉我你的名字,夏目友人帐 第七季,113638224433107
不是，以前有一季有，的场身边的婆婆这个时候还小，而且是蓝发,568.373,1,16777215,2024-12-17 20:25:15,27300071881,11,告诉我你的名字,夏目友人帐 第七季,113638224433107
哈哈哈哈好可爱,445.344,1,16777215,2024-12-17 19:34:49,27300071881,11,告诉我你的名字,夏目友人帐 第七季,113638224433107
变好纸变好纸,1417.961,5,16777215,2024-12-17 19:28:46,27300071881,11,告诉我你的名字,夏目友人帐 第七季,113638224433107
最后一个不会知道自己是最后一个，除非是玲子快去世的时候遇见的,1343.184,5,15138834,2025-12-28 13:19:44,27300071881,11,告诉我你的名字,夏目友人帐 第七季,113638224433107
没有叫醒的义务！,1128.288,1,15138834,2025-10-12 21:19:01,27300071881,11,告诉我你的名字,夏目友人帐 第七季,113638224433107
没有叫醒的义务！,1122.255,1,15138834,2025-10-12 21:18:32,27300071881,11,告诉我你的名字,夏目友人帐 第七季,113638224433107
声音是可以变的么么哒,194.055,1,16777215,2025-08-13 23:55:38,27300071881,11,告诉我你的名字,夏目友人帐 第七季,113638224433107
原来是你,545.014,1,16777215,2025-08-09 00:03:14,27300071881,11,告诉我你的名字,夏目友人帐 第七季,113638224433107
真是两个惹人怜爱的女人啊。,1054.926,5,16777215,2025-07-24 22:35:52,27300071881,11,告诉我你的名字,夏目友人帐 第七季,113638224433107
让我来施展花田魔法吧,733.541,5,16740868,2025-07-24 09:56:10,27300071881,11,告诉我你的名字,夏目友人帐 第七季,113638224433107
好无力啊,1216.743,5,14811775,2025-06-25 21:27:42,27300071881,11,告诉我你的名字,夏目友人帐 第七季,113638224433107
我怎么有点害怕,662.247,5,14811775,2025-06-25 21:15:52,27300071881,11,告诉我你的名字,夏目友人帐 第七季,113638224433107
怪可爱的这个妖,447.816,5,15138834,2025-06-14 13:26:41,27300071881,11,告诉我你的名字,夏目友人帐 第七季,113638224433107
吃瓜吃到自己了,818.945,5,16777215,2025-06-12 17:13:52,27300071881,11,告诉我你的名字,夏目友人帐 第七季,113638224433107
因为想见面，因为想见你。,419.372,1,16777215,2025-04-05 11:31:43,27300071881,11,告诉我你的名字,夏目友人帐 第七季,113638224433107
你知道的，我很少站坏事的妖怪这边,996.479,1,16777215,2025-03-23 20:49:31,27300071881,11,告诉我你的名字,夏目友人帐 第七季,113638224433107
这个女生就是之前夏目碰到的的老奶奶,608.452,1,16777215,2025-03-22 12:35:48,27300071881,11,告诉我你的名字,夏目友人帐 第七季,113638224433107
叔的声音一如既往的性感啊,209.418,1,16777215,2025-03-21 20:42:00,27300071881,11,告诉我你的名字,夏目友人帐 第七季,113638224433107
撩妹狂魔啊玲子,600.882,1,16777215,2025-03-14 23:40:55,27300071881,11,告诉我你的名字,夏目友人帐 第七季,113638224433107
ei-_,277.051,1,16777215,2025-02-18 20:02:06,27300071881,11,告诉我你的名字,夏目友人帐 第七季,113638224433107
命运的齿轮开始瞎转,552.077,1,16777215,2025-02-15 16:59:24,27300071881,11,告诉我你的名字,夏目友人帐 第七季,113638224433107
她本来可以不用孤单那么久的TAT,1202.753,1,16777215,2025-02-09 14:06:08,27300071881,11,告诉我你的名字,夏目友人帐 第七季,113638224433107
我还没哭 怎么你先哭上了,1080.029,5,16777215,2025-02-08 17:03:04,27300071881,11,告诉我你的名字,夏目友人帐 第七季,113638224433107
玲子的正确打开方式：比试 哈哈,550.268,1,15772458,2025-02-03 13:02:00,27300071881,11,告诉我你的名字,夏目友人帐 第七季,113638224433107
万恶之源！,555.105,5,16777215,2025-01-30 21:08:50,27300071881,11,告诉我你的名字,夏目友人帐 第七季,113638224433107
不可结缘，徒增伤悲,1222.549,5,15138834,2025-01-25 10:50:48,27300071881,11,告诉我你的名字,夏目友人帐 第七季,113638224433107
这个时候就不用十日终焉啦,684.935,1,16777215,2025-01-24 20:48:13,27300071881,11,告诉我你的名字,夏目友人帐 第七季,113638224433107
小妖盖doge,450.848,5,16777215,2025-01-20 19:18:15,27300071881,11,告诉我你的名字,夏目友人帐 第七季,113638224433107
要得高低肩了,1383.59,1,16777215,2025-01-20 13:22:45,27300071881,11,告诉我你的名字,夏目友人帐 第七季,113638224433107
这是白月光,963.645,5,16707842,2025-01-17 15:14:54,27300071881,11,告诉我你的名字,夏目友人帐 第七季,113638224433107
是苍子的蓝啊！,1408.89,5,41194,2025-01-16 13:15:18,27300071881,11,告诉我你的名字,夏目友人帐 第七季,113638224433107
是不是病倒了，补药啊,1072.327,1,16777215,2025-01-12 02:59:07,27300071881,11,告诉我你的名字,夏目友人帐 第七季,113638224433107
啊啊啊啊真的被我说中了！！！,1205.501,1,16777215,2025-01-11 12:59:12,27300071881,11,告诉我你的名字,夏目友人帐 第七季,113638224433107
不是七濑女士 七濑能看见妖怪 而且性格也不一样,472.307,1,16777215,2025-01-09 20:39:31,27300071881,11,告诉我你的名字,夏目友人帐 第七季,113638224433107
美丽的事物仍旧美丽，无趣的事物仍旧误无趣；与谁一起是这样，一个人也是这样,1191.188,1,16777215,2025-01-08 22:02:33,27300071881,11,告诉我你的名字,夏目友人帐 第七季,113638224433107
"这个妖怪还要促成cp,真是个天才",447.181,1,16777215,2025-01-08 21:52:59,27300071881,11,告诉我你的名字,夏目友人帐 第七季,113638224433107
————————————————————————————————————————————————————————————————————————————————————————————————————,1319.626,5,16707842,2025-01-08 16:29:05,27300071881,11,告诉我你的名字,夏目友人帐 第七季,113638224433107
————————————————————————————————————————————————————————————————————————————————————————————————————,465.173,5,16707842,2025-01-08 16:17:14,27300071881,11,告诉我你的名字,夏目友人帐 第七季,113638224433107
————————————————————————————————————————————————————————————————————————————————————————————————————,115.229,5,16707842,2025-01-08 16:12:07,27300071881,11,告诉我你的名字,夏目友人帐 第七季,113638224433107
她们的高中生活好悠闲啊,923.964,1,16777215,2025-01-07 22:35:42,27300071881,11,告诉我你的名字,夏目友人帐 第七季,113638224433107
这里是妖怪听到外婆心声了吧！,966.823,1,16777215,2025-01-07 18:45:11,27300071881,11,告诉我你的名字,夏目友人帐 第七季,113638224433107
丸辣，这个色彩变化，这个bgm。,913.733,1,15138834,2025-01-05 20:20:27,27300071881,11,告诉我你的名字,夏目友人帐 第七季,113638224433107
开服玩家。,171.023,1,16777215,2025-01-05 20:13:43,27300071881,11,告诉我你的名字,夏目友人帐 第七季,113638224433107
三三老师：我不是那么好拿捏的哼,129.933,1,16777215,2025-01-04 18:20:30,27300071881,11,告诉我你的名字,夏目友人帐 第七季,113638224433107
故乡的百合又开了,606.136,1,16777215,2025-01-04 18:18:05,27300071881,11,告诉我你的名字,夏目友人帐 第七季,113638224433107
读不了玲子但是可以读夏目吗,775.741,1,16777215,2025-01-04 10:32:43,27300071881,11,告诉我你的名字,夏目友人帐 第七季,113638224433107
啊啊啊津叔好萌,188.773,5,4351678,2025-01-03 00:07:05,27300071881,11,告诉我你的名字,夏目友人帐 第七季,113638224433107
完了有种不好的预感,690.812,1,16777215,2025-01-02 23:17:23,27300071881,11,告诉我你的名字,夏目友人帐 第七季,113638224433107
“我的cp不要be啊呜呜呜”,1086.909,1,16777215,2025-01-02 18:35:23,27300071881,11,告诉我你的名字,夏目友人帐 第七季,113638224433107
想告诉她，想赶走她，又舍不得,863.574,1,16777215,2025-01-02 11:03:42,27300071881,11,告诉我你的名字,夏目友人帐 第七季,113638224433107
每次听到日语的“苍蓝”都想到晨曦公主的那只松鼠,603.016,1,16777215,2025-01-01 19:46:47,27300071881,11,告诉我你的名字,夏目友人帐 第七季,113638224433107
不可结缘 徒增寂寞,1100.866,1,16777215,2025-01-01 09:41:34,27300071881,11,告诉我你的名字,夏目友人帐 第七季,113638224433107
都把对方当好朋友了呢,717.573,1,16777215,2024-12-31 20:33:49,27300071881,11,告诉我你的名字,夏目友人帐 第七季,113638224433107
她只是想要一个朋友而已,963.407,1,16777215,2024-12-31 19:12:26,27300071881,11,告诉我你的名字,夏目友人帐 第七季,113638224433107
第一页应该代表玲子也是很年轻的时候吧,175.485,1,16777215,2024-12-31 02:15:29,27300071881,11,告诉我你的名字,夏目友人帐 第七季,113638224433107
我去好帅的声音好可爱的外貌,149.654,1,16777215,2024-12-30 15:57:09,27300071881,11,告诉我你的名字,夏目友人帐 第七季,113638224433107
贵志，外婆带你去见见我的朋友们,1304.061,1,16777215,2024-12-29 20:49:04,27300071881,11,告诉我你的名字,夏目友人帐 第七季,113638224433107
《友人帐》是朋友的意思啊啊啊啊啊,1147.691,1,16777215,2024-12-29 14:10:00,27300071881,11,告诉我你的名字,夏目友人帐 第七季,113638224433107
这个反差感！哈哈哈哈哈哈哈好可爱,147.053,1,16777215,2024-12-29 12:27:51,27300071881,11,告诉我你的名字,夏目友人帐 第七季,113638224433107
辛美尔,1112.018,5,16707842,2024-12-28 20:42:19,27300071881,11,告诉我你的名字,夏目友人帐 第七季,113638224433107
这妖怪太性感了救命,1083.044,1,16777215,2024-12-28 19:04:58,27300071881,11,告诉我你的名字,夏目友人帐 第七季,113638224433107
妖怪吃瓜呀,426.165,1,16777215,2024-12-28 01:43:03,27300071881,11,告诉我你的名字,夏目友人帐 第七季,113638224433107
好i的妖怪哈哈哈哈,291.431,5,16777215,2024-12-27 23:11:51,27300071881,11,告诉我你的名字,夏目友人帐 第七季,113638224433107
非常好嗑的一对,522.457,1,16777215,2024-12-27 22:10:44,27300071881,11,告诉我你的名字,夏目友人帐 第七季,113638224433107
这一集最最最虐了…………………,1369.389,1,16777215,2024-12-27 19:31:10,27300071881,11,告诉我你的名字,夏目友人帐 第七季,113638224433107
我去，夏目真像她啊,356.533,1,16777215,2024-12-27 12:48:00,27300071881,11,告诉我你的名字,夏目友人帐 第七季,113638224433107
哭死我了这集……,1376.817,5,14811775,2024-12-27 12:43:12,27300071881,11,告诉我你的名字,夏目友人帐 第七季,113638224433107
嘿嘿还好我没说名字,829.084,1,16777215,2024-12-27 11:02:58,27300071881,11,告诉我你的名字,夏目友人帐 第七季,113638224433107
友人帐的起源！,558.205,1,16777215,2024-12-26 22:41:01,27300071881,11,告诉我你的名字,夏目友人帐 第七季,113638224433107
好强的感染力……声优和配乐都太强了……,1402.402,1,16777215,2024-12-26 20:13:07,27300071881,11,告诉我你的名字,夏目友人帐 第七季,113638224433107
你真的很像cpbe了的同人女!!!,1083.301,5,15138834,2024-12-26 19:44:07,27300071881,11,告诉我你的名字,夏目友人帐 第七季,113638224433107
我觉得苍子不是不想来，她可能是嘎了,1066.909,1,16777215,2024-12-26 19:39:43,27300071881,11,告诉我你的名字,夏目友人帐 第七季,113638224433107
不可结缘，徒增伤悲。,1258.191,1,15772458,2024-12-26 12:38:30,27300071881,11,告诉我你的名字,夏目友人帐 第七季,113638224433107
是心痛的感觉,1169.764,5,11890,2024-12-26 11:51:29,27300071881,11,告诉我你的名字,夏目友人帐 第七季,113638224433107
不可结缘，徒增悲伤,1301.17,1,15138834,2024-12-25 23:06:21,27300071881,11,告诉我你的名字,夏目友人帐 第七季,113638224433107
啊啊啊啊啊原来如此,548.58,1,16777215,2024-12-25 22:25:42,27300071881,11,告诉我你的名字,夏目友人帐 第七季,113638224433107
会读心术的妖怪,218.0,1,16777215,2024-12-25 22:04:05,27300071881,11,告诉我你的名字,夏目友人帐 第七季,113638224433107
好喜欢这网不说话，倒是彼此都知道对方的心的感觉,518.321,1,41194,2024-12-25 18:38:31,27300071881,11,告诉我你的名字,夏目友人帐 第七季,113638224433107
这是玲子的碎片呀,1346.778,1,16777215,2024-12-25 18:36:28,27300071881,11,告诉我你的名字,夏目友人帐 第七季,113638224433107
从这里开始的！,554.711,1,16777215,2024-12-25 02:04:36,27300071881,11,告诉我你的名字,夏目友人帐 第七季,113638224433107
完辣，刀子来辣,633.241,5,16777215,2024-12-24 23:11:19,27300071881,11,告诉我你的名字,夏目友人帐 第七季,113638224433107
津叔！是帅气的津叔！,145.799,1,16777215,2024-12-24 22:15:20,27300071881,11,告诉我你的名字,夏目友人帐 第七季,113638224433107
看的书写的是人鱼姬,350.641,1,16777215,2024-12-24 21:13:05,27300071881,11,告诉我你的名字,夏目友人帐 第七季,113638224433107
至少，知道名字了,1021.644,1,16777215,2024-12-24 20:37:04,27300071881,11,告诉我你的名字,夏目友人帐 第七季,113638224433107
能不能去找一下苍子啊,1317.784,1,16777215,2024-12-24 19:32:43,27300071881,11,告诉我你的名字,夏目友人帐 第七季,113638224433107
翻到第一页的时候，鸡皮疙瘩起来了,1302.573,1,16777215,2024-12-24 19:26:07,27300071881,11,告诉我你的名字,夏目友人帐 第七季,113638224433107
生病了吧,1074.302,5,15138834,2024-12-24 19:15:54,27300071881,11,告诉我你的名字,夏目友人帐 第七季,113638224433107
这一集好好看好温柔啊！啊啊啊！泪目了,1375.155,1,16777215,2024-12-24 18:55:50,27300071881,11,告诉我你的名字,夏目友人帐 第七季,113638224433107
玲子玲子我们喜欢你！！！,413.298,1,16777215,2024-12-24 18:02:44,27300071881,11,告诉我你的名字,夏目友人帐 第七季,113638224433107
呜呜呜呜呜呜呜呜呜呜呜呜呜呜呜呜呜呜呜,1392.514,1,41194,2024-12-24 10:11:14,27300071881,11,告诉我你的名字,夏目友人帐 第七季,113638224433107
有点担心，躺草地的be定律,719.193,1,9487136,2024-12-24 09:09:57,27300071881,11,告诉我你的名字,夏目友人帐 第七季,113638224433107
这妖怪说摄像头无疑了doge,684.328,1,16777215,2024-12-23 16:56:47,27300071881,11,告诉我你的名字,夏目友人帐 第七季,113638224433107
错过了啊，果然是,1208.012,1,16777215,2024-12-23 14:17:40,27300071881,11,告诉我你的名字,夏目友人帐 第七季,113638224433107
《她想知道她的名字》,941.353,1,16777215,2024-12-22 19:24:35,27300071881,11,告诉我你的名字,夏目友人帐 第七季,113638224433107
所以世间总是充满遗憾啊,1231.46,1,16777215,2024-12-22 17:01:22,27300071881,11,告诉我你的名字,夏目友人帐 第七季,113638224433107
还真是收小弟啊,1150.039,1,16777215,2024-12-21 22:13:26,27300071881,11,告诉我你的名字,夏目友人帐 第七季,113638224433107
盖————————————————————————亚—————————————,1412.679,1,16777215,2024-12-21 16:11:19,27300071881,11,告诉我你的名字,夏目友人帐 第七季,113638224433107
友人帐首页,1306.113,1,16777215,2024-12-21 12:56:38,27300071881,11,告诉我你的名字,夏目友人帐 第七季,113638224433107
娜娜米？！,185.169,1,16777215,2024-12-21 10:05:42,27300071881,11,告诉我你的名字,夏目友人帐 第七季,113638224433107
夏目友人帐，你到底还要给我多少个惊喜？！！！,92.499,1,16777215,2024-12-20 21:05:57,27300071881,11,告诉我你的名字,夏目友人帐 第七季,113638224433107
我本来很伤心的，突然笑出声了,1084.74,1,16777215,2024-12-20 19:57:31,27300071881,11,告诉我你的名字,夏目友人帐 第七季,113638224433107
这里回头的落寞真心疼,1180.893,1,16777215,2024-12-20 13:22:30,27300071881,11,告诉我你的名字,夏目友人帐 第七季,113638224433107
津叔！,95.961,1,16777215,2024-12-19 21:24:43,27300071881,11,告诉我你的名字,夏目友人帐 第七季,113638224433107
哈哈哈语气好可爱,209.646,1,16777215,2024-12-19 20:46:42,27300071881,11,告诉我你的名字,夏目友人帐 第七季,113638224433107
七海海,257.903,1,16777215,2024-12-19 18:13:11,27300071881,11,告诉我你的名字,夏目友人帐 第七季,113638224433107
原来是这样吗,547.354,1,16777215,2024-12-19 16:03:44,27300071881,11,告诉我你的名字,夏目友人帐 第七季,113638224433107
怪不得叫友人帐,1332.105,1,16777215,2024-12-19 12:53:42,27300071881,11,告诉我你的名字,夏目友人帐 第七季,113638224433107
反差萌，夹子音,200.912,1,16777215,2024-12-19 08:21:16,27300071881,11,告诉我你的名字,夏目友人帐 第七季,113638224433107
突然觉得毛茸茸有点可爱,1084.398,1,16777215,2024-12-18 23:37:55,27300071881,11,告诉我你的名字,夏目友人帐 第七季,113638224433107
森么玩意？完结了？！,1398.632,1,16777215,2024-12-18 22:14:41,27300071881,11,告诉我你的名字,夏目友人帐 第七季,113638224433107
好遗憾啊,1254.066,1,16777215,2024-12-18 22:10:02,27300071881,11,告诉我你的名字,夏目友人帐 第七季,113638224433107
看到了，打到上面那个角了,945.09,1,16777215,2024-12-18 22:08:31,27300071881,11,告诉我你的名字,夏目友人帐 第七季,113638224433107
为什么关于玲子是故事总是很悲伤呢？,22.781,1,16777215,2024-12-18 16:51:11,27300071881,11,告诉我你的名字,夏目友人帐 第七季,113638224433107
因为玲子可能没怎么吃过糖吧。。。,637.067,1,16777215,2024-12-18 16:46:53,27300071881,11,告诉我你的名字,夏目友人帐 第七季,113638224433107
我靠津叔！！！！,101.182,5,16777215,2024-12-18 12:25:54,27300071881,11,告诉我你的名字,夏目友人帐 第七季,113638224433107
变好纸，变好纸，变好纸,1418.587,5,16777215,2024-12-18 00:08:23,27300071881,11,告诉我你的名字,夏目友人帐 第七季,113638224433107
从地球那边刚过来有点出戏,110.695,1,16777215,2024-12-17 22:06:04,27300071881,11,告诉我你的名字,夏目友人帐 第七季,113638224433107
哇啊啊啊啊啊啊啊啊,1126.61,1,16777215,2024-12-17 21:36:38,27300071881,11,告诉我你的名字,夏目友人帐 第七季,113638224433107
铃子像夏目？不应该是夏目像铃子吗？,395.769,1,16777215,2024-12-17 21:23:06,27300071881,11,告诉我你的名字,夏目友人帐 第七季,113638224433107
所以CV表什么时候改，这都第几集了,1329.21,1,16777215,2024-12-17 20:46:44,27300071881,11,告诉我你的名字,夏目友人帐 第七季,113638224433107
相逢有漆，下次再见捌,1412.493,5,4351678,2024-12-17 20:17:12,27300071881,11,告诉我你的名字,夏目友人帐 第七季,113638224433107
小妖怪记性蛮不错,522.364,1,16777215,2024-12-17 20:09:55,27300071881,11,告诉我你的名字,夏目友人帐 第七季,113638224433107
呜呜呜呜呜呜呜,1394.75,1,16777215,2024-12-17 19:39:24,27300071881,11,告诉我你的名字,夏目友人帐 第七季,113638224433107
我的眼泪不值钱吗,1381.512,1,16777215,2024-12-17 19:12:14,27300071881,11,告诉我你的名字,夏目友人帐 第七季,113638224433107
六边形战士玲子,592.686,5,16777215,2026-01-07 17:05:04,27300071881,11,告诉我你的名字,夏目友人帐 第七季,113638224433107
我服了这个黑屏让我看见自己在哭啊,1339.381,1,16777215,2025-11-21 14:19:32,27300071881,11,告诉我你的名字,夏目友人帐 第七季,113638224433107
明明她俩可以成为交心的朋友的.....就像夏目一样,1269.21,1,16777215,2025-11-10 16:01:35,27300071881,11,告诉我你的名字,夏目友人帐 第七季,113638224433107
苍月草,1104.125,1,16777215,2025-11-06 21:26:37,27300071881,11,告诉我你的名字,夏目友人帐 第七季,113638224433107
妖怪开始续写自己be的cp了,1352.165,1,16777215,2025-11-02 21:13:08,27300071881,11,告诉我你的名字,夏目友人帐 第七季,113638224433107
玲子也是很温柔的人啊,360.646,5,16777215,2025-10-16 20:18:35,27300071881,11,告诉我你的名字,夏目友人帐 第七季,113638224433107
玲子后来不断找妖怪比赛，也是因为想念她了,914.208,1,16777215,2025-09-29 14:25:04,27300071881,11,告诉我你的名字,夏目友人帐 第七季,113638224433107
所以玲子想和妖怪成为朋友就和妖怪比试？,641.127,1,16777215,2025-08-28 23:39:06,27300071881,11,告诉我你的名字,夏目友人帐 第七季,113638224433107
梦开始的地方,1156.181,1,16777215,2025-08-27 15:37:08,27300071881,11,告诉我你的名字,夏目友人帐 第七季,113638224433107
玲子本来是想带她来看的吧，苍蓝的蓝色,1123.561,1,16777215,2025-08-10 12:14:18,27300071881,11,告诉我你的名字,夏目友人帐 第七季,113638224433107
夏目游戏帐,1376.469,5,41194,2025-08-08 05:04:10,27300071881,11,告诉我你的名字,夏目友人帐 第七季,113638224433107
“我CP怎么be了”,1086.113,1,16777215,2025-08-01 13:28:02,27300071881,11,告诉我你的名字,夏目友人帐 第七季,113638224433107
苍子没来的时候妖怪哭了，大概是玲子的悲伤传递给它了,1317.907,1,16777215,2025-07-27 14:19:56,27300071881,11,告诉我你的名字,夏目友人帐 第七季,113638224433107
丸辣，玲子被贴脸开大了,829.35,1,16777215,2025-07-17 16:58:51,27300071881,11,告诉我你的名字,夏目友人帐 第七季,113638224433107
感觉有刀子，这么平静，看的我有点慌,659.753,1,16777215,2025-07-17 16:54:59,27300071881,11,告诉我你的名字,夏目友人帐 第七季,113638224433107
被他人的心情传染了,1093.274,5,16777215,2025-07-08 15:27:25,27300071881,11,告诉我你的名字,夏目友人帐 第七季,113638224433107
韦一敏,515.44,5,15138834,2025-07-07 21:27:56,27300071881,11,告诉我你的名字,夏目友人帐 第七季,113638224433107
这个妖怪是出现过吗 我怎么·记得有一个很小的怪物和他长得好像,319.831,1,16777215,2025-06-30 12:21:57,27300071881,11,告诉我你的名字,夏目友人帐 第七季,113638224433107
这还不是外公？！,555.846,1,16777215,2025-06-23 17:22:14,27300071881,11,告诉我你的名字,夏目友人帐 第七季,113638224433107
天啊，好帅啊，妖怪说这话的时候！,160.669,5,16646914,2025-06-21 16:12:48,27300071881,11,告诉我你的名字,夏目友人帐 第七季,113638224433107
玲子又美又飒,388.343,5,15138834,2025-06-14 13:25:34,27300071881,11,告诉我你的名字,夏目友人帐 第七季,113638224433107
没想到这里还有咱们同学，没义务告诉～,1132.107,1,16777215,2025-06-08 19:51:03,27300071881,11,告诉我你的名字,夏目友人帐 第七季,113638224433107
八嘎八嘎西,120.406,1,16777215,2025-04-25 23:34:03,27300071881,11,告诉我你的名字,夏目友人帐 第七季,113638224433107
原来友人帐传统的起源也是一个友情故事ww,551.672,1,16777215,2025-04-23 17:14:07,27300071881,11,告诉我你的名字,夏目友人帐 第七季,113638224433107
小弟账,1156.757,1,16777215,2025-04-23 11:40:18,27300071881,11,告诉我你的名字,夏目友人帐 第七季,113638224433107
手很明显的白太多了,872.582,1,16777215,2025-03-25 19:44:05,27300071881,11,告诉我你的名字,夏目友人帐 第七季,113638224433107
是女王我们有救了！,1044.794,1,16777215,2025-03-23 20:50:40,27300071881,11,告诉我你的名字,夏目友人帐 第七季,113638224433107
四方谷：假装生气！,1118.994,1,16777215,2025-03-16 06:51:16,27300071881,11,告诉我你的名字,夏目友人帐 第七季,113638224433107
《未闻花名》（bushi）,735.189,1,14811775,2025-03-15 18:00:41,27300071881,11,告诉我你的名字,夏目友人帐 第七季,113638224433107
天啊 天啊 我要哭死了,1229.597,1,16777215,2025-03-10 22:41:53,27300071881,11,告诉我你的名字,夏目友人帐 第七季,113638224433107
牙口真好,615.726,1,16777215,2025-02-26 22:36:06,27300071881,11,告诉我你的名字,夏目友人帐 第七季,113638224433107
玲子∶我吗？,820.011,1,16777215,2025-02-12 18:08:14,27300071881,11,告诉我你的名字,夏目友人帐 第七季,113638224433107
不好，有刀,622.549,1,16777215,2025-02-11 20:56:32,27300071881,11,告诉我你的名字,夏目友人帐 第七季,113638224433107
这个禁术，叫结缘,1380.219,1,16777215,2025-02-09 17:22:53,27300071881,11,告诉我你的名字,夏目友人帐 第七季,113638224433107
眼睛进刀片了,1263.845,5,16777215,2025-02-08 17:10:04,27300071881,11,告诉我你的名字,夏目友人帐 第七季,113638224433107
这妖怪是她们友情的见证者,1106.516,1,16777215,2025-02-02 19:17:44,27300071881,11,告诉我你的名字,夏目友人帐 第七季,113638224433107
神的步伐！,119.957,1,16777215,2025-02-02 11:16:00,27300071881,11,告诉我你的名字,夏目友人帐 第七季,113638224433107
咒术回战，七海建人的配音,796.339,1,16777215,2025-02-01 03:40:54,27300071881,11,告诉我你的名字,夏目友人帐 第七季,113638224433107
这就是当面蛐蛐吗（笑）,829.54,5,16777215,2025-01-30 21:11:00,27300071881,11,告诉我你的名字,夏目友人帐 第七季,113638224433107
辛美尔！！！！,1102.662,1,41194,2025-01-27 19:44:55,27300071881,11,告诉我你的名字,夏目友人帐 第七季,113638224433107
好爱这个音乐,322.569,1,16777215,2025-01-27 04:34:11,27300071881,11,告诉我你的名字,夏目友人帐 第七季,113638224433107
前面周防尊讲故事的我也是,783.574,1,16777215,2025-01-26 16:37:29,27300071881,11,告诉我你的名字,夏目友人帐 第七季,113638224433107
错过了啊……,1199.507,5,16777215,2025-01-25 01:01:03,27300071881,11,告诉我你的名字,夏目友人帐 第七季,113638224433107
感觉看上了百合番,613.351,1,16777215,2025-01-24 16:08:57,27300071881,11,告诉我你的名字,夏目友人帐 第七季,113638224433107
娜娜米~,153.33,1,16777215,2025-01-22 22:13:42,27300071881,11,告诉我你的名字,夏目友人帐 第七季,113638224433107
比，从来没输过,596.522,1,16777215,2025-01-21 22:11:26,27300071881,11,告诉我你的名字,夏目友人帐 第七季,113638224433107
原来是你！,554.515,1,16777215,2025-01-21 20:14:44,27300071881,11,告诉我你的名字,夏目友人帐 第七季,113638224433107
的场的老太太,380.234,1,16777215,2025-01-20 19:35:15,27300071881,11,告诉我你的名字,夏目友人帐 第七季,113638224433107
是你！大筒木一式,99.034,1,16777215,2025-01-17 22:41:13,27300071881,11,告诉我你的名字,夏目友人帐 第七季,113638224433107
苍月草啊,1126.627,1,16777215,2025-01-13 13:32:32,27300071881,11,告诉我你的名字,夏目友人帐 第七季,113638224433107
妖怪：那我就叫苍子吧,1158.78,1,16777215,2025-01-12 14:03:13,27300071881,11,告诉我你的名字,夏目友人帐 第七季,113638224433107
话说她们为什么都不怕蚂蚁，虫子，躺在那里,503.688,1,16777215,2025-01-12 05:26:23,27300071881,11,告诉我你的名字,夏目友人帐 第七季,113638224433107
他们两个校服不一样，不是一个年级的,690.312,1,16777215,2025-01-10 21:37:04,27300071881,11,告诉我你的名字,夏目友人帐 第七季,113638224433107
哇塞，第一页，不是从中间翻,1303.978,1,16777215,2025-01-09 22:48:33,27300071881,11,告诉我你的名字,夏目友人帐 第七季,113638224433107
不可结缘，徒增伤悲,1268.058,1,16777215,2025-01-09 22:47:33,27300071881,11,告诉我你的名字,夏目友人帐 第七季,113638224433107
不愧是友人帐第一个妖怪，太可爱了,1090.495,1,16777215,2025-01-09 16:52:01,27300071881,11,告诉我你的名字,夏目友人帐 第七季,113638224433107
开服玩家,160.96,1,16777215,2025-01-09 12:14:44,27300071881,11,告诉我你的名字,夏目友人帐 第七季,113638224433107
我的心都碎了 好可怜啊玲子,1062.339,1,16777215,2025-01-08 22:47:25,27300071881,11,告诉我你的名字,夏目友人帐 第七季,113638224433107
玲子个子很高唉,382.461,1,16777215,2025-01-06 23:27:41,27300071881,11,告诉我你的名字,夏目友人帐 第七季,113638224433107
我看尊哥！,150.709,1,16777215,2025-01-06 20:39:11,27300071881,11,告诉我你的名字,夏目友人帐 第七季,113638224433107
就叫你咕子好了（,529.942,1,16777215,2025-01-05 21:26:53,27300071881,11,告诉我你的名字,夏目友人帐 第七季,113638224433107
卧槽，绝美神颜。,1306.076,1,15138834,2025-01-05 20:26:08,27300071881,11,告诉我你的名字,夏目友人帐 第七季,113638224433107
家教的兰波,320.951,1,16777215,2025-01-05 18:53:36,27300071881,11,告诉我你的名字,夏目友人帐 第七季,113638224433107
啊啊啊啊啊啊啊,1212.991,5,16777215,2025-01-05 15:59:23,27300071881,11,告诉我你的名字,夏目友人帐 第七季,113638224433107
梦开始的地方,548.535,5,16646914,2025-01-05 12:32:43,27300071881,11,告诉我你的名字,夏目友人帐 第七季,113638224433107
好难过呜呜呜呜,1059.027,1,16777215,2025-01-05 02:25:53,27300071881,11,告诉我你的名字,夏目友人帐 第七季,113638224433107
呜呜呜 希望苍子也能看到,1113.917,1,16777215,2025-01-04 23:40:34,27300071881,11,告诉我你的名字,夏目友人帐 第七季,113638224433107
妖怪：我的CPbe了呜呜呜呜,1089.678,1,16777215,2025-01-04 23:04:20,27300071881,11,告诉我你的名字,夏目友人帐 第七季,113638224433107
这侧脸真的跟夏目一模一样啊,357.42,1,16777215,2025-01-04 22:49:51,27300071881,11,告诉我你的名字,夏目友人帐 第七季,113638224433107
我靠bgm再一次适时接入,1309.826,5,16707842,2025-01-04 15:11:09,27300071881,11,告诉我你的名字,夏目友人帐 第七季,113638224433107
啊啊啊啊接连两个经典bgm,297.117,5,16777215,2025-01-04 14:45:47,27300071881,11,告诉我你的名字,夏目友人帐 第七季,113638224433107
出现了！是保龄球三三,204.784,5,16777215,2025-01-04 14:43:44,27300071881,11,告诉我你的名字,夏目友人帐 第七季,113638224433107
韦一敏的哈哈哈哈,1015.404,5,16777215,2025-01-04 14:34:15,27300071881,11,告诉我你的名字,夏目友人帐 第七季,113638224433107
不会是中级带夏目去的那片空地吧？,729.628,1,16777215,2025-01-02 17:50:07,27300071881,11,告诉我你的名字,夏目友人帐 第七季,113638224433107
终于有人陪玲子玩了,649.121,1,16777215,2025-01-01 14:31:47,27300071881,11,告诉我你的名字,夏目友人帐 第七季,113638224433107
社恐妖怪,440.39,1,16777215,2025-01-01 13:57:38,27300071881,11,告诉我你的名字,夏目友人帐 第七季,113638224433107
我们要做永远的朋友，和夏目猫咪老师一起认识更多的好朋友！！！,1366.006,1,16777215,2025-01-01 00:01:57,27300071881,11,告诉我你的名字,夏目友人帐 第七季,113638224433107
哮喘？,675.921,1,16777215,2024-12-31 16:47:13,27300071881,11,告诉我你的名字,夏目友人帐 第七季,113638224433107
脸红个泡泡茶壶,346.208,1,16777215,2024-12-29 23:23:31,27300071881,11,告诉我你的名字,夏目友人帐 第七季,113638224433107
步豪,837.179,5,16777215,2024-12-29 16:04:21,27300071881,11,告诉我你的名字,夏目友人帐 第七季,113638224433107
反差萌预警,141.249,1,16777215,2024-12-29 16:00:23,27300071881,11,告诉我你的名字,夏目友人帐 第七季,113638224433107
我闻到了【刀子】的清香,939.469,1,16777215,2024-12-29 15:59:25,27300071881,11,告诉我你的名字,夏目友人帐 第七季,113638224433107
好萌好萌啊啊啊啊啊,998.727,1,16777215,2024-12-29 15:55:34,27300071881,11,告诉我你的名字,夏目友人帐 第七季,113638224433107
我去，你的声带是拿脸换的吗,147.883,5,16707842,2024-12-29 00:38:28,27300071881,11,告诉我你的名字,夏目友人帐 第七季,113638224433107
苍月草变成紫色了呢，好漂亮啊,1183.596,1,16777215,2024-12-29 00:07:18,27300071881,11,告诉我你的名字,夏目友人帐 第七季,113638224433107
这时是不是还不姓夏目，啊啊好好奇呀,529.588,1,16777215,2024-12-28 20:26:07,27300071881,11,告诉我你的名字,夏目友人帐 第七季,113638224433107
好好好，万恶之源,543.337,1,16777215,2024-12-28 20:00:45,27300071881,11,告诉我你的名字,夏目友人帐 第七季,113638224433107
苍月草从不打低端局,1137.565,1,16777215,2024-12-28 19:03:07,27300071881,11,告诉我你的名字,夏目友人帐 第七季,113638224433107
哈哈哈都在你旁边,819.709,1,16777215,2024-12-28 15:46:19,27300071881,11,告诉我你的名字,夏目友人帐 第七季,113638224433107
心有所察，亦作不解,530.765,1,16777215,2024-12-28 01:45:34,27300071881,11,告诉我你的名字,夏目友人帐 第七季,113638224433107
拖把猫头鹰,251.881,1,16777215,2024-12-27 19:10:48,27300071881,11,告诉我你的名字,夏目友人帐 第七季,113638224433107
A爆了好吗,1050.104,1,16777215,2024-12-27 13:23:20,27300071881,11,告诉我你的名字,夏目友人帐 第七季,113638224433107
好温柔，好伤感,1309.281,1,15772458,2024-12-26 23:07:14,27300071881,11,告诉我你的名字,夏目友人帐 第七季,113638224433107
所以玲子以为这种方式就是交朋友嘛,566.776,1,16777215,2024-12-26 12:45:12,27300071881,11,告诉我你的名字,夏目友人帐 第七季,113638224433107
花田魔法！！,1119.604,1,16777215,2024-12-26 12:12:54,27300071881,11,告诉我你的名字,夏目友人帐 第七季,113638224433107
不可结缘，徒增烦恼,749.399,1,9033215,2024-12-25 22:57:15,27300071881,11,告诉我你的名字,夏目友人帐 第七季,113638224433107
我靠，我突然想起来我糖还在学校，我还拆开了，丸辣!,536.853,1,16777215,2024-12-25 21:59:06,27300071881,11,告诉我你的名字,夏目友人帐 第七季,113638224433107
不要立flag！,705.698,1,16777215,2024-12-25 20:18:04,27300071881,11,告诉我你的名字,夏目友人帐 第七季,113638224433107
是能变出花田的魔法,755.256,1,16777215,2024-12-25 19:26:59,27300071881,11,告诉我你的名字,夏目友人帐 第七季,113638224433107
是苍蓝色的花把,1412.574,1,16777215,2024-12-25 18:40:24,27300071881,11,告诉我你的名字,夏目友人帐 第七季,113638224433107
和夏目一样也是寄养家庭吧,697.15,1,16777215,2024-12-25 18:11:37,27300071881,11,告诉我你的名字,夏目友人帐 第七季,113638224433107
我记得七濑小的时候就戴眼镜了吧,367.224,1,16777215,2024-12-25 18:08:04,27300071881,11,告诉我你的名字,夏目友人帐 第七季,113638224433107
熟悉的BGM,298.033,1,16777215,2024-12-25 18:04:53,27300071881,11,告诉我你的名字,夏目友人帐 第七季,113638224433107
可爱的小妖怪,1004.985,1,16777215,2024-12-25 12:02:14,27300071881,11,告诉我你的名字,夏目友人帐 第七季,113638224433107
完辣,841.9,5,16777215,2024-12-24 23:13:53,27300071881,11,告诉我你的名字,夏目友人帐 第七季,113638224433107
有普通朋友了，玲子怕影响她就不会跟她玩了,706.753,1,16777215,2024-12-24 18:53:09,27300071881,11,告诉我你的名字,夏目友人帐 第七季,113638224433107
让人心安的bgm,312.702,1,16777215,2024-12-24 12:36:03,27300071881,11,告诉我你的名字,夏目友人帐 第七季,113638224433107
一拳超人夏目玲子,1009.666,1,16777215,2024-12-23 23:26:47,27300071881,11,告诉我你的名字,夏目友人帐 第七季,113638224433107
万磁王,375.829,1,16777215,2024-12-23 23:13:11,27300071881,11,告诉我你的名字,夏目友人帐 第七季,113638224433107
霸王色霸气,1037.334,1,16777215,2024-12-23 21:30:17,27300071881,11,告诉我你的名字,夏目友人帐 第七季,113638224433107
King！！！周防尊！！死去的回忆啊啊啊啊,98.664,1,16777215,2024-12-23 13:46:18,27300071881,11,告诉我你的名字,夏目友人帐 第七季,113638224433107
我狠狠磕,555.49,1,16777215,2024-12-22 14:14:37,27300071881,11,告诉我你的名字,夏目友人帐 第七季,113638224433107
原来万恶之源就是你啊,620.688,1,16777215,2024-12-21 22:05:58,27300071881,11,告诉我你的名字,夏目友人帐 第七季,113638224433107
一季一催泪吗真是的哭死了,1379.12,5,16777215,2024-12-21 17:41:05,27300071881,11,告诉我你的名字,夏目友人帐 第七季,113638224433107
才听出来，田所惠,1016.356,1,16777215,2024-12-21 10:07:25,27300071881,11,告诉我你的名字,夏目友人帐 第七季,113638224433107
第一页泪目,1300.092,1,16777215,2024-12-20 22:51:35,27300071881,11,告诉我你的名字,夏目友人帐 第七季,113638224433107
不会苍就是外公吧（）,642.541,1,16777215,2024-12-20 21:56:54,27300071881,11,告诉我你的名字,夏目友人帐 第七季,113638224433107
呜呜呜呜呜呜呜呜呜呜呜呜呜呜呜呜,1244.807,1,16777215,2024-12-20 21:32:08,27300071881,11,告诉我你的名字,夏目友人帐 第七季,113638224433107
刀死我算了,1367.25,1,16777215,2024-12-20 21:22:54,27300071881,11,告诉我你的名字,夏目友人帐 第七季,113638224433107
不要啊 怎么这么虐,1248.356,1,16777215,2024-12-20 20:42:47,27300071881,11,告诉我你的名字,夏目友人帐 第七季,113638224433107
感觉有刀！,926.938,5,16777215,2024-12-20 18:14:43,27300071881,11,告诉我你的名字,夏目友人帐 第七季,113638224433107
磕cp把自己磕进去了,787.539,1,16777215,2024-12-20 13:49:05,27300071881,11,告诉我你的名字,夏目友人帐 第七季,113638224433107
不才正是在下,833.284,1,16777215,2024-12-19 20:59:08,27300071881,11,告诉我你的名字,夏目友人帐 第七季,113638224433107
？周防尊！！！！！！,116.482,1,16777215,2024-12-19 20:12:15,27300071881,11,告诉我你的名字,夏目友人帐 第七季,113638224433107
这才是整个夏目系列梦开始的地方!,104.806,5,16777215,2024-12-19 19:00:50,27300071881,11,告诉我你的名字,夏目友人帐 第七季,113638224433107
补药啊！！！！！！！！！,1410.532,1,16777215,2024-12-19 13:44:10,27300071881,11,告诉我你的名字,夏目友人帐 第七季,113638224433107
呜呜，舍不得啊，又快完结了,49.229,1,16777215,2024-12-18 21:48:01,27300071881,11,告诉我你的名字,夏目友人帐 第七季,113638224433107
那啥夏目不会是,705.833,1,16777215,2024-12-18 19:06:47,27300071881,11,告诉我你的名字,夏目友人帐 第七季,113638224433107
故事的开始 ,1141.564,1,16777215,2024-12-18 12:12:14,27300071881,11,告诉我你的名字,夏目友人帐 第七季,113638224433107
请以你的名字呼唤我,1357.596,1,16777215,2024-12-18 11:15:56,27300071881,11,告诉我你的名字,夏目友人帐 第七季,113638224433107
这个条怎么那么诡异,631.798,5,16777215,2024-12-18 01:47:55,27300071881,11,告诉我你的名字,夏目友人帐 第七季,113638224433107
玲子真的特别特别美啊。。。,347.186,1,16777215,2024-12-18 01:44:01,27300071881,11,告诉我你的名字,夏目友人帐 第七季,113638224433107
唉我刚开始看的时候是3000，然后跳到2000，现在又3000了,927.829,1,16777215,2024-12-17 22:08:42,27300071881,11,告诉我你的名字,夏目友人帐 第七季,113638224433107
我靠原来是你啊,549.204,1,16777215,2024-12-17 21:53:40,27300071881,11,告诉我你的名字,夏目友人帐 第七季,113638224433107
呜呜呜呜不重逢,1267.154,1,16777215,2024-12-17 21:37:35,27300071881,11,告诉我你的名字,夏目友人帐 第七季,113638224433107
的场家的？,429.884,1,16777215,2024-12-17 20:26:11,27300071881,11,告诉我你的名字,夏目友人帐 第七季,113638224433107
你要不杀了我吧,1055.392,1,16777215,2024-12-17 20:21:08,27300071881,11,告诉我你的名字,夏目友人帐 第七季,113638224433107
我磕的CP BE了,1084.882,1,16777215,2024-12-17 19:16:07,27300071881,11,告诉我你的名字,夏目友人帐 第七季,113638224433107
原来是你,561.467,1,16777215,2026-04-04 14:57:13,27300071881,11,告诉我你的名字,夏目友人帐 第七季,113638224433107
还好我们夏目把心意亲口传给了猫咪老师听！！！,1409.811,1,16777215,2026-04-03 17:58:16,27300071881,11,告诉我你的名字,夏目友人帐 第七季,113638224433107
友人帐最初是两个女孩子的友谊！！！绿川幸封神！！！,1258.034,1,16777215,2026-04-03 10:30:29,27300071881,11,告诉我你的名字,夏目友人帐 第七季,113638224433107
cpbe了我也哭,1085.398,1,16777215,2026-03-14 16:31:40,27300071881,11,告诉我你的名字,夏目友人帐 第七季,113638224433107
我最的作品突然断更be like,1084.891,1,9487136,2026-03-03 22:03:02,27300071881,11,告诉我你的名字,夏目友人帐 第七季,113638224433107
啊啊啊 夏目不要哭 你哭我也想哭,1395.296,1,41194,2026-03-01 21:13:06,27300071881,11,告诉我你的名字,夏目友人帐 第七季,113638224433107
啊啊啊啊啊啊啊啊啊啊 好伤心的故事 啊啊啊啊 怎么这么刀啊啊啊啊,1267.511,1,41194,2026-03-01 21:10:21,27300071881,11,告诉我你的名字,夏目友人帐 第七季,113638224433107
苍月草！！！,1115.866,1,41194,2026-03-01 21:06:48,27300071881,11,告诉我你的名字,夏目友人帐 第七季,113638224433107
懂了这是辛美尔故乡,1132.364,1,16777215,2026-02-26 20:53:02,27300071881,11,告诉我你的名字,夏目友人帐 第七季,113638224433107
7季以来第1次泪目,1408.78,1,16777215,2026-02-24 03:47:34,27300071881,11,告诉我你的名字,夏目友人帐 第七季,113638224433107
前面的韦一敏等一下,233.171,1,16777215,2026-02-24 03:36:33,27300071881,11,告诉我你的名字,夏目友人帐 第七季,113638224433107
我现在和毛毛妖怪一样不得劲。。。。,1215.26,1,41194,2026-02-04 11:35:42,27300071881,11,告诉我你的名字,夏目友人帐 第七季,113638224433107
有点像辛美尔的花,1112.264,1,16777215,2026-01-28 15:02:22,27300071881,11,告诉我你的名字,夏目友人帐 第七季,113638224433107
玲子一来小妖怪们都吓得逃跑了啊,456.987,1,16777215,2026-01-28 14:37:28,27300071881,11,告诉我你的名字,夏目友人帐 第七季,113638224433107
他好娇羞，好可爱,445.93,1,16777215,2026-01-28 14:36:22,27300071881,11,告诉我你的名字,夏目友人帐 第七季,113638224433107
要是加上一句，她是我的盆友你们不许出手就好了啊,1044.357,1,16777215,2025-11-30 19:36:37,27300071881,11,告诉我你的名字,夏目友人帐 第七季,113638224433107
其实在梦里已经完成约定了,1368.041,1,16777215,2025-11-29 11:24:16,27300071881,11,告诉我你的名字,夏目友人帐 第七季,113638224433107
没有叫醒的义务,1123.041,1,16777215,2025-11-24 18:08:07,27300071881,11,告诉我你的名字,夏目友人帐 第七季,113638224433107
坏了，告不了了,894.715,1,16777215,2025-11-22 23:18:07,27300071881,11,告诉我你的名字,夏目友人帐 第七季,113638224433107
怎么开始乱猜外公了啊,802.495,1,16777215,2025-11-22 01:59:40,27300071881,11,告诉我你的名字,夏目友人帐 第七季,113638224433107
这个是的场家的除妖师,428.248,1,16777215,2025-11-11 23:06:28,27300071881,11,告诉我你的名字,夏目友人帐 第七季,113638224433107
David……,1123.35,1,16777215,2025-11-09 10:38:08,27300071881,11,告诉我你的名字,夏目友人帐 第七季,113638224433107
这里的冬季应该暗示时间的流逝，毕竟外婆也没有再来,1248.485,1,16777215,2025-11-08 18:00:46,27300071881,11,告诉我你的名字,夏目友人帐 第七季,113638224433107
很有cp感,643.261,1,16777215,2025-11-06 20:21:42,27300071881,11,告诉我你的名字,夏目友人帐 第七季,113638224433107
◎    ◎,903.642,5,15138834,2025-11-05 16:26:02,27300071881,11,告诉我你的名字,夏目友人帐 第七季,113638224433107
其实妖怪们也一直在等玲子呼唤名字，只是玲子一次都没有过,1296.174,1,16777215,2025-11-03 21:15:55,27300071881,11,告诉我你的名字,夏目友人帐 第七季,113638224433107
铃子好美呀！,268.804,1,16777215,2025-11-02 22:04:43,27300071881,11,告诉我你的名字,夏目友人帐 第七季,113638224433107
是从这里开始想收集妖怪的名字的吗,1017.569,1,16777215,2025-10-30 19:11:46,27300071881,11,告诉我你的名字,夏目友人帐 第七季,113638224433107
呜呜呜呜呜呜,1218.249,1,16777215,2025-10-26 20:39:14,27300071881,11,告诉我你的名字,夏目友人帐 第七季,113638224433107
看得我泪目呜呜呜呜呜呜呜呜呜,1364.751,1,16777215,2025-10-25 19:30:08,27300071881,11,告诉我你的名字,夏目友人帐 第七季,113638224433107
好近！很有参与感了哈哈,814.589,1,16777215,2025-10-21 06:14:17,27300071881,11,告诉我你的名字,夏目友人帐 第七季,113638224433107
超极端唯物主义！！,1166.462,1,16777215,2025-10-20 12:44:59,27300071881,11,告诉我你的名字,夏目友人帐 第七季,113638224433107
不好，我听到了『招灾』的回响,682.787,1,16777215,2025-10-17 21:16:44,27300071881,11,告诉我你的名字,夏目友人帐 第七季,113638224433107
生病了吧,1076.084,1,16777215,2025-10-09 11:04:51,27300071881,11,告诉我你的名字,夏目友人帐 第七季,113638224433107
不是你们在想啥？这时候塔子阿姨还只有小学啊。还有剧透一下，漫画上说她叫永守苍子，不用谢我,414.803,1,16777215,2025-09-30 21:35:24,27300071881,11,告诉我你的名字,夏目友人帐 第七季,113638224433107
有这身妖力在那一个森林都饿不死的吧！还去人类社会干什么,310.027,5,15138834,2025-09-27 21:00:26,27300071881,11,告诉我你的名字,夏目友人帐 第七季,113638224433107
最后执念留给了看故事的人,1231.434,1,16777215,2025-09-12 01:19:20,27300071881,11,告诉我你的名字,夏目友人帐 第七季,113638224433107
自己cpbe了谁不哭,1095.57,1,16777215,2025-09-11 23:02:44,27300071881,11,告诉我你的名字,夏目友人帐 第七季,113638224433107
届不到,1247.676,5,16707842,2025-09-03 22:35:33,27300071881,11,告诉我你的名字,夏目友人帐 第七季,113638224433107
我有点害怕了,702.311,1,16777215,2025-08-28 23:40:19,27300071881,11,告诉我你的名字,夏目友人帐 第七季,113638224433107
梦开始的地方,1137.803,1,16777215,2025-08-27 15:37:35,27300071881,11,告诉我你的名字,夏目友人帐 第七季,113638224433107
那撕名字的时候还是从中间撕吗,174.884,1,16777215,2025-08-27 15:29:30,27300071881,11,告诉我你的名字,夏目友人帐 第七季,113638224433107
故鄉的百合花,749.077,1,16777215,2025-08-27 12:34:41,27300071881,11,告诉我你的名字,夏目友人帐 第七季,113638224433107
嗑的CP是BE，伤心坏了,1086.786,1,16777215,2025-08-26 20:07:58,27300071881,11,告诉我你的名字,夏目友人帐 第七季,113638224433107
我cp分手了我也这样哭,1080.75,5,16777215,2025-08-25 13:28:11,27300071881,11,告诉我你的名字,夏目友人帐 第七季,113638224433107
贴脸开大,834.727,1,16777215,2025-08-25 13:23:04,27300071881,11,告诉我你的名字,夏目友人帐 第七季,113638224433107
玲子好帅！,586.957,5,16777215,2025-08-25 12:26:21,27300071881,11,告诉我你的名字,夏目友人帐 第七季,113638224433107
蓝色花海从不打低端局,1111.042,1,16777215,2025-08-23 09:20:45,27300071881,11,告诉我你的名字,夏目友人帐 第七季,113638224433107
万恶之源,552.867,1,16777215,2025-08-18 22:21:29,27300071881,11,告诉我你的名字,夏目友人帐 第七季,113638224433107
外公是你吧,568.805,1,16777215,2025-08-16 20:34:19,27300071881,11,告诉我你的名字,夏目友人帐 第七季,113638224433107
原来友人帐这么来的,559.721,1,16777215,2025-08-14 21:35:27,27300071881,11,告诉我你的名字,夏目友人帐 第七季,113638224433107
哈哈哈哈哈哈哈哈,834.522,1,16777215,2025-08-14 13:58:10,27300071881,11,告诉我你的名字,夏目友人帐 第七季,113638224433107
呜呜呜，原来是软弱的妖怪所以不想听到别人的想法啊,1086.618,1,16777215,2025-08-14 01:54:14,27300071881,11,告诉我你的名字,夏目友人帐 第七季,113638224433107
哎哟我擦，让我又哭又笑的,1086.262,1,16777215,2025-08-14 01:09:08,27300071881,11,告诉我你的名字,夏目友人帐 第七季,113638224433107
干的漂亮,994.14,5,15772458,2025-08-11 21:50:56,27300071881,11,告诉我你的名字,夏目友人帐 第七季,113638224433107
开服玩家,165.247,5,15772458,2025-08-11 21:35:14,27300071881,11,告诉我你的名字,夏目友人帐 第七季,113638224433107
故事的起源！,553.955,1,16777215,2025-08-11 00:07:15,27300071881,11,告诉我你的名字,夏目友人帐 第七季,113638224433107
 呜呜呜呜呜,1397.265,1,16777215,2025-08-05 16:17:48,27300071881,11,告诉我你的名字,夏目友人帐 第七季,113638224433107
想到了某个精灵和勇者,1110.452,1,16777215,2025-08-04 22:48:39,27300071881,11,告诉我你的名字,夏目友人帐 第七季,113638224433107
你的名字 韦一敏,95.81,1,16777215,2025-07-29 12:29:27,27300071881,11,告诉我你的名字,夏目友人帐 第七季,113638224433107
原来是祖师爷。,558.676,5,16777215,2025-07-24 22:25:35,27300071881,11,告诉我你的名字,夏目友人帐 第七季,113638224433107
挺可怜的，过度防御型，大爱玲子。,393.306,5,16777215,2025-07-24 22:22:26,27300071881,11,告诉我你的名字,夏目友人帐 第七季,113638224433107
终于不是中间了，第一张给我放出来啊,177.789,1,16777215,2025-07-23 06:30:21,27300071881,11,告诉我你的名字,夏目友人帐 第七季,113638224433107
所有季让我感觉都是平静的温暖到想哭 这集却真的有些刀到我想哭,1377.057,1,16777215,2025-07-21 13:25:15,27300071881,11,告诉我你的名字,夏目友人帐 第七季,113638224433107
玲子虽然很强大 但不代表她不害怕妖怪 也不代表她喜欢所有妖怪,447.953,1,16777215,2025-07-21 01:00:42,27300071881,11,告诉我你的名字,夏目友人帐 第七季,113638224433107
故事的开始却放在结束时,1369.064,1,16777215,2025-07-19 20:55:20,27300071881,11,告诉我你的名字,夏目友人帐 第七季,113638224433107
不是他这个动静好像那个你选错答案的时候那个否定声啊。,325.27,1,16777215,2025-07-19 01:36:07,27300071881,11,告诉我你的名字,夏目友人帐 第七季,113638224433107
真的，他的声音好像尼诺。,108.441,1,16777215,2025-07-18 18:11:15,27300071881,11,告诉我你的名字,夏目友人帐 第七季,113638224433107
也束缚住了苍子和玲子的灵魂,1290.062,1,16777215,2025-07-17 17:14:30,27300071881,11,告诉我你的名字,夏目友人帐 第七季,113638224433107
完美错过,1195.089,1,16777215,2025-07-17 17:11:47,27300071881,11,告诉我你的名字,夏目友人帐 第七季,113638224433107
玲子会放水吗,933.923,1,16777215,2025-07-17 17:04:27,27300071881,11,告诉我你的名字,夏目友人帐 第七季,113638224433107
 这种花不打低端局,1136.625,1,16777215,2025-07-17 15:53:43,27300071881,11,告诉我你的名字,夏目友人帐 第七季,113638224433107
我嘞个豆哭死了,1086.804,1,16777215,2025-07-13 23:08:08,27300071881,11,告诉我你的名字,夏目友人帐 第七季,113638224433107
笑死我了这妖怪天天看她们哈哈,822.657,1,16777215,2025-07-13 23:04:21,27300071881,11,告诉我你的名字,夏目友人帐 第七季,113638224433107
外婆你有点A到我了,389.334,1,16777215,2025-07-13 09:32:30,27300071881,11,告诉我你的名字,夏目友人帐 第七季,113638224433107
啊啊啊啊啊哭，为什么,1202.222,1,16777215,2025-07-11 19:39:22,27300071881,11,告诉我你的名字,夏目友人帐 第七季,113638224433107
这才是真正的有缘而无份吧T-T,1078.955,1,16777215,2025-07-09 19:31:18,27300071881,11,告诉我你的名字,夏目友人帐 第七季,113638224433107
啊啊啊啊，不要啊,1370.645,1,16777215,2025-07-09 14:50:37,27300071881,11,告诉我你的名字,夏目友人帐 第七季,113638224433107
啊啊啊啊，要完了吗？,1329.017,1,16777215,2025-07-09 14:49:44,27300071881,11,告诉我你的名字,夏目友人帐 第七季,113638224433107
嗯嗯 铃苍99,726.29,1,16777215,2025-07-02 17:03:18,27300071881,11,告诉我你的名字,夏目友人帐 第七季,113638224433107
有种大结局的感觉,1374.354,1,16777215,2025-07-01 19:08:01,27300071881,11,告诉我你的名字,夏目友人帐 第七季,113638224433107
好奇，友人帐的最后一页是什么,1337.105,1,16777215,2025-06-28 23:20:23,27300071881,11,告诉我你的名字,夏目友人帐 第七季,113638224433107
七濑？,344.53,1,16777215,2025-06-26 20:58:29,27300071881,11,告诉我你的名字,夏目友人帐 第七季,113638224433107
不要啊,1202.492,5,14811775,2025-06-25 21:26:06,27300071881,11,告诉我你的名字,夏目友人帐 第七季,113638224433107
啊啊啊啊啊太帅了,1036.945,5,14811775,2025-06-25 21:22:51,27300071881,11,告诉我你的名字,夏目友人帐 第七季,113638224433107
声音也是可以变得萌萌哒,196.068,1,16777215,2025-06-22 14:10:07,27300071881,11,告诉我你的名字,夏目友人帐 第七季,113638224433107
梦的开始！！！！！！,1142.589,5,16646914,2025-06-21 16:24:33,27300071881,11,告诉我你的名字,夏目友人帐 第七季,113638224433107
世中逢尔，雨中逢花,1412.801,1,14811775,2025-06-19 10:05:01,27300071881,11,告诉我你的名字,夏目友人帐 第七季,113638224433107
新手村遇见顶级魅魔,383.992,1,16777215,2025-06-18 10:53:59,27300071881,11,告诉我你的名字,夏目友人帐 第七季,113638224433107
开服老玩家,161.372,1,16777215,2025-06-17 15:16:27,27300071881,11,告诉我你的名字,夏目友人帐 第七季,113638224433107
不兑？！有问题！！,661.517,1,16777215,2025-06-14 18:41:45,27300071881,11,告诉我你的名字,夏目友人帐 第七季,113638224433107
不会她身体不好吧,657.497,1,16777215,2025-06-10 16:50:00,27300071881,11,告诉我你的名字,夏目友人帐 第七季,113638224433107
原来是你！！！友人帐的起源,554.09,1,16777215,2025-06-08 15:51:55,27300071881,11,告诉我你的名字,夏目友人帐 第七季,113638224433107
cb向很好磕呀,440.546,1,16777215,2025-06-01 11:31:47,27300071881,11,告诉我你的名字,夏目友人帐 第七季,113638224433107
世间的阴差阳错从未停歇,1199.655,1,16777215,2025-05-31 20:50:53,27300071881,11,告诉我你的名字,夏目友人帐 第七季,113638224433107
嗑的cpBE了能不哭吗（呜呜呜,1085.444,1,16777215,2025-05-18 20:42:56,27300071881,11,告诉我你的名字,夏目友人帐 第七季,113638224433107
真的很讨厌遗憾，可惜的是圆满是少有的，遗憾才是常态,1345.165,1,16777215,2025-05-15 23:04:50,27300071881,11,告诉我你的名字,夏目友人帐 第七季,113638224433107
故事的开始,1145.546,1,16707842,2025-05-10 22:03:04,27300071881,11,告诉我你的名字,夏目友人帐 第七季,113638224433107
来了友人帐的开始,1092.469,1,15138834,2025-05-10 22:02:04,27300071881,11,告诉我你的名字,夏目友人帐 第七季,113638224433107
原来是捣乱的妖怪，好帅的玲子,1034.045,1,16707842,2025-05-10 22:00:24,27300071881,11,告诉我你的名字,夏目友人帐 第七季,113638224433107
苍兰花吗,702.845,1,16707842,2025-05-10 21:52:04,27300071881,11,告诉我你的名字,夏目友人帐 第七季,113638224433107
玲子终于有人类朋友一样起玩啦,653.03,1,15772458,2025-05-10 21:51:02,27300071881,11,告诉我你的名字,夏目友人帐 第七季,113638224433107
好啊原来是你给的创意,543.397,1,15138834,2025-05-10 21:47:08,27300071881,11,告诉我你的名字,夏目友人帐 第七季,113638224433107
太喜欢玲子了啊啊啊,239.444,1,16777215,2025-05-02 17:04:30,27300071881,11,告诉我你的名字,夏目友人帐 第七季,113638224433107
对不起我笑的很大声,1078.289,1,16777215,2025-04-30 23:37:01,27300071881,11,告诉我你的名字,夏目友人帐 第七季,113638224433107
玲子把妹王,423.595,1,16777215,2025-04-25 18:15:06,27300071881,11,告诉我你的名字,夏目友人帐 第七季,113638224433107
津叔这么有磁性的声音配了个这么………可爱的生物？,153.021,1,16777215,2025-04-23 10:43:22,27300071881,11,告诉我你的名字,夏目友人帐 第七季,113638224433107
简直就是塔子阿姨啊啊啊啊啊几乎一摸一样,476.273,1,16777215,2025-04-22 13:44:44,27300071881,11,告诉我你的名字,夏目友人帐 第七季,113638224433107
啊，幻视苍月草！！！,1110.784,1,4351678,2025-04-21 22:46:58,27300071881,11,告诉我你的名字,夏目友人帐 第七季,113638224433107
哈哈哈哈磕起了cp,450.215,1,16777215,2025-04-20 21:28:47,27300071881,11,告诉我你的名字,夏目友人帐 第七季,113638224433107
不是大妖吗，找小妖一起找玲子啊,1244.854,1,16777215,2025-04-15 08:24:57,27300071881,11,告诉我你的名字,夏目友人帐 第七季,113638224433107
这个声音是娜娜米啊！（）,183.505,1,16707842,2025-04-11 21:19:15,27300071881,11,告诉我你的名字,夏目友人帐 第七季,113638224433107
这片花海不养闲人啊,1107.563,1,16777215,2025-04-10 16:55:44,27300071881,11,告诉我你的名字,夏目友人帐 第七季,113638224433107
万恶之源,563.502,1,16777215,2025-04-10 14:58:29,27300071881,11,告诉我你的名字,夏目友人帐 第七季,113638224433107
nmd，挨了三刀。,1391.486,1,16777215,2025-04-05 23:22:37,27300071881,11,告诉我你的名字,夏目友人帐 第七季,113638224433107
我靠，好帅，好有气势。,1043.483,1,16777215,2025-04-05 11:38:06,27300071881,11,告诉我你的名字,夏目友人帐 第七季,113638224433107
鼻涕泡都给我哭出来了,1298.125,1,16777215,2025-04-04 22:35:44,27300071881,11,告诉我你的名字,夏目友人帐 第七季,113638224433107
快点亲她啊,683.459,1,16777215,2025-04-04 05:40:25,27300071881,11,告诉我你的名字,夏目友人帐 第七季,113638224433107
这个遗憾说明电话的重要性，如果她可以给她打电话就好了，错过的遗憾,1295.707,1,16777215,2025-03-29 22:22:13,27300071881,11,告诉我你的名字,夏目友人帐 第七季,113638224433107
哈哈哈哈～好搞笑哦，突然变化的奇怪声线hhh,194.247,1,16777215,2025-03-26 23:19:39,27300071881,11,告诉我你的名字,夏目友人帐 第七季,113638224433107
綺麗なものは綺麗だし、つまらないものはつまらない,1168.153,1,16777215,2025-03-26 17:52:11,27300071881,11,告诉我你的名字,夏目友人帐 第七季,113638224433107
不会有心脏病之类的吧,658.183,1,16777215,2025-03-25 20:30:24,27300071881,11,告诉我你的名字,夏目友人帐 第七季,113638224433107
仓子是不是生病了,1157.711,1,16777215,2025-03-23 20:52:28,27300071881,11,告诉我你的名字,夏目友人帐 第七季,113638224433107
万恶之源,551.687,5,16777215,2025-03-22 20:37:09,27300071881,11,告诉我你的名字,夏目友人帐 第七季,113638224433107
会读心，会哇酷哇酷，就是阿妮亚,746.272,1,16777215,2025-03-22 12:47:51,27300071881,11,告诉我你的名字,夏目友人帐 第七季,113638224433107
ei~,578.183,1,16777215,2025-03-21 23:32:50,27300071881,11,告诉我你的名字,夏目友人帐 第七季,113638224433107
妹子好温柔好萌啊,575.111,1,16777215,2025-03-21 23:32:37,27300071881,11,告诉我你的名字,夏目友人帐 第七季,113638224433107
只准嗑男男 女女就不让磕？,389.959,1,16777215,2025-03-21 23:28:20,27300071881,11,告诉我你的名字,夏目友人帐 第七季,113638224433107
不可结缘，徒增悲伤,1416.407,1,16777215,2025-03-18 00:38:55,27300071881,11,告诉我你的名字,夏目友人帐 第七季,113638224433107
第一页，是个温柔的妖怪，是带给玲子温暖的妖怪呀,1313.93,1,16777215,2025-03-17 22:55:13,27300071881,11,告诉我你的名字,夏目友人帐 第七季,113638224433107
原来是个被动技能啊,215.037,1,16777215,2025-03-16 06:36:42,27300071881,11,告诉我你的名字,夏目友人帐 第七季,113638224433107
你才是外公,550.352,5,16777215,2025-03-12 18:20:34,27300071881,11,告诉我你的名字,夏目友人帐 第七季,113638224433107
现在出音乐简直犯了大规啊……..,1309.127,1,16777215,2025-03-09 15:34:54,27300071881,11,告诉我你的名字,夏目友人帐 第七季,113638224433107
人与人常常会有因为无法传达内心而造成的遗憾   我和他就是这么走散的吧,1347.09,1,16777215,2025-03-06 14:45:45,27300071881,11,告诉我你的名字,夏目友人帐 第七季,113638224433107
梦开始的地方,544.994,1,16777215,2025-03-06 11:37:34,27300071881,11,告诉我你的名字,夏目友人帐 第七季,113638224433107
这种老账本，先纪录的不应该在最后一页吗,176.592,1,16777215,2025-03-05 20:02:34,27300071881,11,告诉我你的名字,夏目友人帐 第七季,113638224433107
土笼老师,101.03,1,16777215,2025-03-05 11:41:57,27300071881,11,告诉我你的名字,夏目友人帐 第七季,113638224433107
磕的cp在眼皮子底下be了,1248.684,1,16777215,2025-03-04 12:58:14,27300071881,11,告诉我你的名字,夏目友人帐 第七季,113638224433107
看哭了呜呜呜,1339.897,1,16777215,2025-03-02 18:22:03,27300071881,11,告诉我你的名字,夏目友人帐 第七季,113638224433107
太好了，是勇者大人，我们有救啦,1123.581,1,16777215,2025-02-27 13:39:14,27300071881,11,告诉我你的名字,夏目友人帐 第七季,113638224433107
突然觉得这个女生的发色，不是的场家的管家吗,536.532,1,16777215,2025-02-26 22:34:45,27300071881,11,告诉我你的名字,夏目友人帐 第七季,113638224433107
这么简单的故事为什么会让我想哭。。。,1190.12,1,16777215,2025-02-26 12:19:52,27300071881,11,告诉我你的名字,夏目友人帐 第七季,113638224433107
美丽的事物仍旧美丽，无趣的事物仍旧无趣,1166.252,5,8700107,2025-02-23 09:06:46,27300071881,11,告诉我你的名字,夏目友人帐 第七季,113638224433107
以前是以前，现在是现在,931.101,1,16777215,2025-02-23 03:00:20,27300071881,11,告诉我你的名字,夏目友人帐 第七季,113638224433107
呜呜呜呜这下是我哭,1216.812,1,16777215,2025-02-21 23:59:06,27300071881,11,告诉我你的名字,夏目友人帐 第七季,113638224433107
小可爱上线,189.178,1,16777215,2025-02-18 20:00:12,27300071881,11,告诉我你的名字,夏目友人帐 第七季,113638224433107
太高能了,186.688,1,16777215,2025-02-18 19:59:58,27300071881,11,告诉我你的名字,夏目友人帐 第七季,113638224433107
瓜神（妖怪版）,795.896,1,16777215,2025-02-18 16:34:13,27300071881,11,告诉我你的名字,夏目友人帐 第七季,113638224433107
哈哈哈哈哈哈哈哈太可爱了啊哈哈哈,999.722,1,16777215,2025-02-18 12:26:24,27300071881,11,告诉我你的名字,夏目友人帐 第七季,113638224433107
就是从这个时候  玲子开始跟妖怪开始比试,918.052,1,16777215,2025-02-17 14:26:37,27300071881,11,告诉我你的名字,夏目友人帐 第七季,113638224433107
眼睛里进沙子了，呜呜呜呜,1393.756,1,16777215,2025-02-15 16:49:23,27300071881,11,告诉我你的名字,夏目友人帐 第七季,113638224433107
这个姑娘每句话以抱歉开始，又以抱歉结束,465.728,1,16777215,2025-02-13 12:22:55,27300071881,11,告诉我你的名字,夏目友人帐 第七季,113638224433107
万恶之源？ 所以玲子到处找妖怪比试,634.322,5,16777215,2025-02-10 23:18:46,27300071881,11,告诉我你的名字,夏目友人帐 第七季,113638224433107
我还以为会直接嵌在石头里,589.949,5,16777215,2025-02-10 23:17:15,27300071881,11,告诉我你的名字,夏目友人帐 第七季,113638224433107
说这是外公我真服了,401.218,1,16777215,2025-02-10 20:28:38,27300071881,11,告诉我你的名字,夏目友人帐 第七季,113638224433107
我们这里叫月见草,1115.112,1,16777215,2025-02-10 16:28:52,27300071881,11,告诉我你的名字,夏目友人帐 第七季,113638224433107
玲子大铁t,1043.283,1,16777215,2025-02-10 10:22:45,27300071881,11,告诉我你的名字,夏目友人帐 第七季,113638224433107
下一集就是最后一集了,1364.772,5,16777215,2025-02-08 18:10:26,27300071881,11,告诉我你的名字,夏目友人帐 第七季,113638224433107
怎么真有这片花海啊啊啊啊 我哭,1109.012,5,16777215,2025-02-08 17:05:39,27300071881,11,告诉我你的名字,夏目友人帐 第七季,113638224433107
撒旦撒旦撒旦撒旦,111.427,1,16777215,2025-02-07 22:05:52,27300071881,11,告诉我你的名字,夏目友人帐 第七季,113638224433107
梦开始的地方,342.541,1,16777215,2025-02-06 13:31:35,27300071881,11,告诉我你的名字,夏目友人帐 第七季,113638224433107
简直经典啊这个花,1116.701,1,16777215,2025-02-05 00:34:01,27300071881,11,告诉我你的名字,夏目友人帐 第七季,113638224433107
随地大小睡,479.545,1,16777215,2025-02-01 23:49:03,27300071881,11,告诉我你的名字,夏目友人帐 第七季,113638224433107
如果我没记错的话，之前夏木好像不会把手揣兜里,120.231,1,16777215,2025-02-01 18:47:55,27300071881,11,告诉我你的名字,夏目友人帐 第七季,113638224433107
好好磕。。。,503.698,1,16777215,2025-01-31 19:16:26,27300071881,11,告诉我你的名字,夏目友人帐 第七季,113638224433107
万恶之源,546.199,1,16777215,2025-01-30 12:57:42,27300071881,11,告诉我你的名字,夏目友人帐 第七季,113638224433107
啊啊啊啊啊啊，补药啊！！！！！！！！！！！！！！！,1195.457,1,16777215,2025-01-29 17:54:14,27300071881,11,告诉我你的名字,夏目友人帐 第七季,113638224433107
囍囍囍囍囍囍囍囍囍,715.006,1,15138834,2025-01-27 22:41:44,27300071881,11,告诉我你的名字,夏目友人帐 第七季,113638224433107
看攻受，没准玲子才是外公（doge）,470.179,1,16777215,2025-01-27 22:36:42,27300071881,11,告诉我你的名字,夏目友人帐 第七季,113638224433107
哈哈哈哈哈哈哈哈哈哈哈哈八卦到正主面前,829.788,1,16777215,2025-01-27 19:13:09,27300071881,11,告诉我你的名字,夏目友人帐 第七季,113638224433107
人世不怜，生生错过,1212.961,1,16777215,2025-01-24 15:26:21,27300071881,11,告诉我你的名字,夏目友人帐 第七季,113638224433107
人世不怜，生生错过,1193.635,1,16777215,2025-01-24 15:25:44,27300071881,11,告诉我你的名字,夏目友人帐 第七季,113638224433107
0 o,759.415,5,14811775,2025-01-22 02:07:36,27300071881,11,告诉我你的名字,夏目友人帐 第七季,113638224433107
这两声悲叹的笑声好难受啊,1276.378,1,16777215,2025-01-21 22:28:13,27300071881,11,告诉我你的名字,夏目友人帐 第七季,113638224433107
我更好奇外公了,1162.447,1,16777215,2025-01-21 22:25:25,27300071881,11,告诉我你的名字,夏目友人帐 第七季,113638224433107
外婆是从你开始搞友人帐的,318.522,1,16777215,2025-01-21 22:05:34,27300071881,11,告诉我你的名字,夏目友人帐 第七季,113638224433107
晚风微扬，外婆登场,221.28,1,16777215,2025-01-21 22:03:01,27300071881,11,告诉我你的名字,夏目友人帐 第七季,113638224433107
津叔出场,89.024,1,16777215,2025-01-21 21:57:56,27300071881,11,告诉我你的名字,夏目友人帐 第七季,113638224433107
创始人！！,553.298,1,16777215,2025-01-21 17:51:11,27300071881,11,告诉我你的名字,夏目友人帐 第七季,113638224433107
⟪阿尼亚⟫,743.257,5,13369971,2025-01-20 19:26:20,27300071881,11,告诉我你的名字,夏目友人帐 第七季,113638224433107
封神,1373.017,1,16777215,2025-01-17 21:52:48,27300071881,11,告诉我你的名字,夏目友人帐 第七季,113638224433107
怪不得是友人帐,1185.57,1,16777215,2025-01-17 00:35:51,27300071881,11,告诉我你的名字,夏目友人帐 第七季,113638224433107
你哭什么哈哈哈哈哈,1087.67,1,16777215,2025-01-14 21:39:03,27300071881,11,告诉我你的名字,夏目友人帐 第七季,113638224433107
哈哈哈哈哈哈,1089.57,1,16777215,2025-01-14 13:06:09,27300071881,11,告诉我你的名字,夏目友人帐 第七季,113638224433107
妖怪：我产品be了啊呜呜呜呜呜呜呜,1079.08,5,9033215,2025-01-13 12:27:35,27300071881,11,告诉我你的名字,夏目友人帐 第七季,113638224433107
不会玲子从始至终都是一个人吧,1098.307,1,16777215,2025-01-12 22:04:34,27300071881,11,告诉我你的名字,夏目友人帐 第七季,113638224433107
第二页：你走了我就成第一页了,1312.517,1,16777215,2025-01-12 01:36:08,27300071881,11,告诉我你的名字,夏目友人帐 第七季,113638224433107
桀桀桀桀桀,1004.407,1,16777215,2025-01-12 00:31:34,27300071881,11,告诉我你的名字,夏目友人帐 第七季,113638224433107
有点像春绮。。。好美的小女孩,346.146,1,16777215,2025-01-12 00:21:13,27300071881,11,告诉我你的名字,夏目友人帐 第七季,113638224433107
这个的配音演员之前也配过七海吗？感觉声音好像啊,797.758,1,16777215,2025-01-11 23:34:01,27300071881,11,告诉我你的名字,夏目友人帐 第七季,113638224433107
太好哭了,1342.227,1,16777215,2025-01-10 22:42:42,27300071881,11,告诉我你的名字,夏目友人帐 第七季,113638224433107
恋爱了,510.286,1,16777215,2025-01-10 11:54:03,27300071881,11,告诉我你的名字,夏目友人帐 第七季,113638224433107
感觉好像看过,638.48,1,16777215,2025-01-09 22:15:16,27300071881,11,告诉我你的名字,夏目友人帐 第七季,113638224433107
我还以为那个怪又叫了,535.0,1,16777215,2025-01-09 22:06:53,27300071881,11,告诉我你的名字,夏目友人帐 第七季,113638224433107
下次把的场和名取找过来听一听,221.406,1,16777215,2025-01-09 17:02:16,27300071881,11,告诉我你的名字,夏目友人帐 第七季,113638224433107
呜呜呜呜呜呜呜呜呜呜呜呜呜呜呜,1370.981,1,16777215,2025-01-09 15:03:24,27300071881,11,告诉我你的名字,夏目友人帐 第七季,113638224433107
哈哈哈哈哈哈哈哈,998.241,1,16777215,2025-01-09 12:57:58,27300071881,11,告诉我你的名字,夏目友人帐 第七季,113638224433107
美丽的事物仍旧美丽，无趣的事物仍旧误无趣；与谁一起是这样，一个人也是这样,1195.713,1,16777215,2025-01-08 22:02:44,27300071881,11,告诉我你的名字,夏目友人帐 第七季,113638224433107
这猫头鹰怪是在前线磕cp是吧,758.695,1,16777215,2025-01-07 18:37:34,27300071881,11,告诉我你的名字,夏目友人帐 第七季,113638224433107
看起来很像中级们哈哈哈哈,254.04,1,16777215,2025-01-07 13:59:57,27300071881,11,告诉我你的名字,夏目友人帐 第七季,113638224433107
原来是你,554.85,1,16777215,2025-01-07 13:38:27,27300071881,11,告诉我你的名字,夏目友人帐 第七季,113638224433107
你们妖怪界威胁人的方式只有一种吗,254.094,1,16777215,2025-01-07 13:19:02,27300071881,11,告诉我你的名字,夏目友人帐 第七季,113638224433107
身体不好真的没办法,1208.19,1,16777215,2025-01-06 23:48:17,27300071881,11,告诉我你的名字,夏目友人帐 第七季,113638224433107
声音这么好听怎么长得这么潦草,147.847,1,16777215,2025-01-06 20:55:52,27300071881,11,告诉我你的名字,夏目友人帐 第七季,113638224433107
津叔卡哇伊！！！,443.304,1,16777215,2025-01-06 14:38:57,27300071881,11,告诉我你的名字,夏目友人帐 第七季,113638224433107
心虽有所觉，但亦作不解,1246.057,1,16777215,2025-01-05 23:20:31,27300071881,11,告诉我你的名字,夏目友人帐 第七季,113638224433107
联合创始人,550.214,1,16777215,2025-01-05 21:27:42,27300071881,11,告诉我你的名字,夏目友人帐 第七季,113638224433107
我从第一集看到现在第一次哭，真的很呜呜呜呜,1406.349,1,16777215,2025-01-05 20:55:32,27300071881,11,告诉我你的名字,夏目友人帐 第七季,113638224433107
我磕的CP be了——————————————————,1264.548,1,15138834,2025-01-05 20:25:25,27300071881,11,告诉我你的名字,夏目友人帐 第七季,113638224433107
误会就是这样子产生的。,1209.096,1,41194,2025-01-05 20:24:17,27300071881,11,告诉我你的名字,夏目友人帐 第七季,113638224433107
不要立flag啊！,720.174,1,15138834,2025-01-05 20:18:39,27300071881,11,告诉我你的名字,夏目友人帐 第七季,113638224433107
起源。,557.079,1,16777215,2025-01-05 20:16:56,27300071881,11,告诉我你的名字,夏目友人帐 第七季,113638224433107
是梦开始的地方,1171.286,1,16777215,2025-01-05 18:20:22,27300071881,11,告诉我你的名字,夏目友人帐 第七季,113638224433107
啊啊啊泪目,1397.354,5,16777215,2025-01-05 16:37:58,27300071881,11,告诉我你的名字,夏目友人帐 第七季,113638224433107
啊啊啊哭死,1331.492,5,16777215,2025-01-05 16:35:15,27300071881,11,告诉我你的名字,夏目友人帐 第七季,113638224433107
泪目,1159.403,5,16777215,2025-01-05 15:57:07,27300071881,11,告诉我你的名字,夏目友人帐 第七季,113638224433107
哈哈哈可爱捏，共情了,1085.971,5,16777215,2025-01-05 15:54:30,27300071881,11,告诉我你的名字,夏目友人帐 第七季,113638224433107
noooo,668.185,5,16777215,2025-01-05 14:45:54,27300071881,11,告诉我你的名字,夏目友人帐 第七季,113638224433107
万物起源,544.337,5,16777215,2025-01-05 14:44:39,27300071881,11,告诉我你的名字,夏目友人帐 第七季,113638224433107
万物起源,547.323,5,16777215,2025-01-05 14:41:10,27300071881,11,告诉我你的名字,夏目友人帐 第七季,113638224433107
俺也一样,313.646,5,16777215,2025-01-05 13:57:01,27300071881,11,告诉我你的名字,夏目友人帐 第七季,113638224433107
哈哈哈可爱捏,198.658,5,16777215,2025-01-05 13:50:01,27300071881,11,告诉我你的名字,夏目友人帐 第七季,113638224433107
呜呜我嚎啕大哭,1346.585,1,16777215,2025-01-05 00:07:10,27300071881,11,告诉我你的名字,夏目友人帐 第七季,113638224433107
蛐蛐的两个人都在你面前,841.756,1,16777215,2025-01-04 15:33:42,27300071881,11,告诉我你的名字,夏目友人帐 第七季,113638224433107
前方经典重现,1297.69,5,15138834,2025-01-04 15:10:39,27300071881,11,告诉我你的名字,夏目友人帐 第七季,113638224433107
可爱,1218.141,5,16777215,2025-01-04 15:01:55,27300071881,11,告诉我你的名字,夏目友人帐 第七季,113638224433107
少爷小姐欢迎回家,47.378,1,16777215,2025-01-04 14:26:13,27300071881,11,告诉我你的名字,夏目友人帐 第七季,113638224433107
呜呜呜呜呜呜呜呜呜呜呜,1334.177,1,16777215,2025-01-04 13:02:11,27300071881,11,告诉我你的名字,夏目友人帐 第七季,113638224433107
雷诺综合征？,884.334,1,16777215,2025-01-03 21:20:22,27300071881,11,告诉我你的名字,夏目友人帐 第七季,113638224433107
布豪！,882.307,1,15138834,2025-01-03 19:00:43,27300071881,11,告诉我你的名字,夏目友人帐 第七季,113638224433107
真的封神 啊,1367.605,1,16777215,2025-01-03 18:40:03,27300071881,11,告诉我你的名字,夏目友人帐 第七季,113638224433107
哈哈哈哈长记性了,130.941,1,16777215,2025-01-03 12:47:06,27300071881,11,告诉我你的名字,夏目友人帐 第七季,113638224433107
三三：我读都不用读一看就就看出来了,202.874,5,16777215,2025-01-03 09:05:35,27300071881,11,告诉我你的名字,夏目友人帐 第七季,113638224433107
好痛啊，苍子不会是去世了吧,1165.415,1,16777215,2025-01-02 23:25:49,27300071881,11,告诉我你的名字,夏目友人帐 第七季,113638224433107
这妖怪是摄像头吗,767.076,1,16777215,2025-01-02 19:13:33,27300071881,11,告诉我你的名字,夏目友人帐 第七季,113638224433107
老夫没cp磕啦,1089.407,1,16777215,2025-01-02 18:50:37,27300071881,11,告诉我你的名字,夏目友人帐 第七季,113638224433107
和银的声音好像啊,794.237,1,16777215,2025-01-02 13:15:48,27300071881,11,告诉我你的名字,夏目友人帐 第七季,113638224433107
辛美尔家乡的花!!!,1109.52,1,16777215,2025-01-02 10:39:35,27300071881,11,告诉我你的名字,夏目友人帐 第七季,113638224433107
难以想象三三本体这样说话动作,136.201,1,16777215,2025-01-02 09:14:47,27300071881,11,告诉我你的名字,夏目友人帐 第七季,113638224433107
怎么突然好萌,190.948,1,16777215,2025-01-01 23:58:32,27300071881,11,告诉我你的名字,夏目友人帐 第七季,113638224433107
玲子飒飒的,479.641,1,16777215,2025-01-01 19:33:03,27300071881,11,告诉我你的名字,夏目友人帐 第七季,113638224433107
想起了前几季的白猫头鹰山神，都是炯炯有神的眼睛,151.795,1,16777215,2025-01-01 19:18:21,27300071881,11,告诉我你的名字,夏目友人帐 第七季,113638224433107
雾草惊现苏打绿歌词,1170.13,1,16777215,2025-01-01 19:01:51,27300071881,11,告诉我你的名字,夏目友人帐 第七季,113638224433107
简直是妈妈级别,389.009,1,16777215,2025-01-01 16:19:13,27300071881,11,告诉我你的名字,夏目友人帐 第七季,113638224433107
玲子又帅又温柔啊呜呜呜,886.593,1,16777215,2025-01-01 13:04:56,27300071881,11,告诉我你的名字,夏目友人帐 第七季,113638224433107
玲等苍，苍等玲，终不知，而我梦中见,1354.067,1,16777215,2025-01-01 05:15:42,27300071881,11,告诉我你的名字,夏目友人帐 第七季,113638224433107
啊啊啊啊啊这也太让人难受了呜呜呜,1267.193,1,16777215,2024-12-31 23:55:16,27300071881,11,告诉我你的名字,夏目友人帐 第七季,113638224433107
哈哈哈哈哈哈被点名了好可爱,816.833,1,16777215,2024-12-31 21:07:45,27300071881,11,告诉我你的名字,夏目友人帐 第七季,113638224433107
啊？？不至于吧,1027.339,1,16777215,2024-12-31 20:41:55,27300071881,11,告诉我你的名字,夏目友人帐 第七季,113638224433107
原来是你！！,551.937,1,16777215,2024-12-31 13:13:46,27300071881,11,告诉我你的名字,夏目友人帐 第七季,113638224433107
气泡音妖怪,264.77,1,16777215,2024-12-30 23:44:10,27300071881,11,告诉我你的名字,夏目友人帐 第七季,113638224433107
还真是诶,954.937,1,16777215,2024-12-30 23:09:24,27300071881,11,告诉我你的名字,夏目友人帐 第七季,113638224433107
我们仍未知道那片森林的名字,761.635,1,16777215,2024-12-30 20:53:45,27300071881,11,告诉我你的名字,夏目友人帐 第七季,113638224433107
我喜欢这个妖怪,276.707,1,16777215,2024-12-30 05:08:49,27300071881,11,告诉我你的名字,夏目友人帐 第七季,113638224433107
人鱼公主,347.595,1,16777215,2024-12-29 23:49:29,27300071881,11,告诉我你的名字,夏目友人帐 第七季,113638224433107
你在嗑CP（不是）,450.144,1,41194,2024-12-29 23:44:25,27300071881,11,告诉我你的名字,夏目友人帐 第七季,113638224433107
年轻真好啊 倒头就睡,722.249,1,16777215,2024-12-29 23:21:45,27300071881,11,告诉我你的名字,夏目友人帐 第七季,113638224433107
我也喜欢独处,318.638,1,16777215,2024-12-29 23:09:36,27300071881,11,告诉我你的名字,夏目友人帐 第七季,113638224433107
这应该是铃子的第一个朋友吧,590.207,1,16777215,2024-12-29 22:11:58,27300071881,11,告诉我你的名字,夏目友人帐 第七季,113638224433107
磕起来了,453.149,1,16777215,2024-12-29 20:24:55,27300071881,11,告诉我你的名字,夏目友人帐 第七季,113638224433107
太帅了！,1042.429,1,16777215,2024-12-29 19:23:55,27300071881,11,告诉我你的名字,夏目友人帐 第七季,113638224433107
友人帐的开始,1149.308,1,16777215,2024-12-29 14:26:40,27300071881,11,告诉我你的名字,夏目友人帐 第七季,113638224433107
头皮发麻,550.635,1,16777215,2024-12-29 13:54:13,27300071881,11,告诉我你的名字,夏目友人帐 第七季,113638224433107
怎么又来了？想见你～,410.682,1,16777215,2024-12-29 12:32:53,27300071881,11,告诉我你的名字,夏目友人帐 第七季,113638224433107
你脸红个泡泡茶壶,374.882,1,16777215,2024-12-28 18:47:12,27300071881,11,告诉我你的名字,夏目友人帐 第七季,113638224433107
月见草啊太美了！,1115.108,1,16777215,2024-12-28 12:28:08,27300071881,11,告诉我你的名字,夏目友人帐 第七季,113638224433107
四方古：啊？我吗？,821.863,1,16777215,2024-12-27 23:01:05,27300071881,11,告诉我你的名字,夏目友人帐 第七季,113638224433107
的场好帅,38.141,1,16777215,2024-12-27 22:29:34,27300071881,11,告诉我你的名字,夏目友人帐 第七季,113638224433107
淡淡的忧伤,1405.032,5,41194,2024-12-27 17:27:39,27300071881,11,告诉我你的名字,夏目友人帐 第七季,113638224433107
对，她也是妖怪,909.145,1,41194,2024-12-26 21:32:15,27300071881,11,告诉我你的名字,夏目友人帐 第七季,113638224433107
辛美尔呀,1110.762,1,16777215,2024-12-26 21:30:28,27300071881,11,告诉我你的名字,夏目友人帐 第七季,113638224433107
我靠尊的声音,89.157,1,16777215,2024-12-26 19:49:33,27300071881,11,告诉我你的名字,夏目友人帐 第七季,113638224433107
啊啊啊啊啊啊啊第一页，不一样的动画,1301.362,1,16777215,2024-12-26 19:49:06,27300071881,11,告诉我你的名字,夏目友人帐 第七季,113638224433107
分析此处场景的作用,1031.629,1,16777215,2024-12-26 19:36:21,27300071881,11,告诉我你的名字,夏目友人帐 第七季,113638224433107
友人帐的起源,547.77,1,16777215,2024-12-26 14:01:52,27300071881,11,告诉我你的名字,夏目友人帐 第七季,113638224433107
救命 一边吃饭一边哭,1219.58,1,16777215,2024-12-26 12:25:21,27300071881,11,告诉我你的名字,夏目友人帐 第七季,113638224433107
娜娜米！,109.905,1,16777215,2024-12-26 12:25:18,27300071881,11,告诉我你的名字,夏目友人帐 第七季,113638224433107
回头听这段吉他,1276.07,1,16777215,2024-12-26 02:40:46,27300071881,11,告诉我你的名字,夏目友人帐 第七季,113638224433107
看见刚刚他说那句话才发现，这个就是一个个离婚的故事，名字就是束缚灵魂的结婚证,1311.655,1,16777215,2024-12-25 23:44:30,27300071881,11,告诉我你的名字,夏目友人帐 第七季,113638224433107
你要刀了我吗朋友，这样虐我,1246.528,1,16777215,2024-12-25 22:31:44,27300071881,11,告诉我你的名字,夏目友人帐 第七季,113638224433107
诺基亚开机画面,1356.405,1,16777215,2024-12-25 20:30:07,27300071881,11,告诉我你的名字,夏目友人帐 第七季,113638224433107
这个角色是不是出场过？看着有点眼熟,330.513,1,16777215,2024-12-25 19:22:01,27300071881,11,告诉我你的名字,夏目友人帐 第七季,113638224433107
你的名字是,220.33,1,16777215,2024-12-25 19:19:12,27300071881,11,告诉我你的名字,夏目友人帐 第七季,113638224433107
你人还怪好的,414.313,1,16777215,2024-12-25 18:43:32,27300071881,11,告诉我你的名字,夏目友人帐 第七季,113638224433107
有时候错过就是一生,1233.804,1,15138834,2024-12-25 17:55:47,27300071881,11,告诉我你的名字,夏目友人帐 第七季,113638224433107
友人帐的纸不会也是这个妖怪身上的吧？,1149.225,1,15138834,2024-12-25 17:54:17,27300071881,11,告诉我你的名字,夏目友人帐 第七季,113638224433107
天呐，感觉有刀,681.356,1,15138834,2024-12-25 17:45:30,27300071881,11,告诉我你的名字,夏目友人帐 第七季,113638224433107
原来这就是友人帐的源头,556.725,1,15138834,2024-12-25 17:43:10,27300071881,11,告诉我你的名字,夏目友人帐 第七季,113638224433107
你是玲子的白月光，苍子,557.8,1,16777215,2024-12-25 16:44:04,27300071881,11,告诉我你的名字,夏目友人帐 第七季,113638224433107
你们里本人真的很喜欢喜林草,1154.097,1,16777215,2024-12-25 13:42:11,27300071881,11,告诉我你的名字,夏目友人帐 第七季,113638224433107
动森对话,545.831,5,16777215,2024-12-25 09:44:05,27300071881,11,告诉我你的名字,夏目友人帐 第七季,113638224433107
女同的小把戏,546.607,1,16777215,2024-12-25 05:25:56,27300071881,11,告诉我你的名字,夏目友人帐 第七季,113638224433107
虫师的配音,112.892,1,16777215,2024-12-25 04:52:34,27300071881,11,告诉我你的名字,夏目友人帐 第七季,113638224433107
和纳滋咩一样的温柔啊,483.208,5,16777215,2024-12-24 23:08:15,27300071881,11,告诉我你的名字,夏目友人帐 第七季,113638224433107
长毛的溜溜球！,263.554,1,16777215,2024-12-24 23:04:52,27300071881,11,告诉我你的名字,夏目友人帐 第七季,113638224433107
哈哈哈哈周防尊别哭了,1087.044,1,16777215,2024-12-24 23:04:34,27300071881,11,告诉我你的名字,夏目友人帐 第七季,113638224433107
虽然很心痛，但是仓子并不知道她就是玲子啊,846.401,1,16777215,2024-12-24 22:00:37,27300071881,11,告诉我你的名字,夏目友人帐 第七季,113638224433107
超级好哭的一集,90.612,1,16777215,2024-12-24 19:30:15,27300071881,11,告诉我你的名字,夏目友人帐 第七季,113638224433107
ありがとう,491.231,1,16777215,2024-12-24 17:36:57,27300071881,11,告诉我你的名字,夏目友人帐 第七季,113638224433107
玲子:啊？我？,825.571,1,16777215,2024-12-24 14:35:47,27300071881,11,告诉我你的名字,夏目友人帐 第七季,113638224433107
天眼查（不是,1368.186,1,8700107,2024-12-24 13:09:45,27300071881,11,告诉我你的名字,夏目友人帐 第七季,113638224433107
不会告诉名字之后去世了吧,1027.286,1,16777215,2024-12-24 12:38:34,27300071881,11,告诉我你的名字,夏目友人帐 第七季,113638224433107
太虐了呜呜呜,1325.438,1,16777215,2024-12-24 12:06:29,27300071881,11,告诉我你的名字,夏目友人帐 第七季,113638224433107
呜呜呜呜呜呜呜呜呜呜呜呜,1225.482,1,41194,2024-12-24 10:07:16,27300071881,11,告诉我你的名字,夏目友人帐 第七季,113638224433107
美丽的事物仍旧美丽，无趣的事物仍旧无趣,1167.77,1,16777215,2024-12-24 09:23:03,27300071881,11,告诉我你的名字,夏目友人帐 第七季,113638224433107
朱标：郁郁数十载，于今日今时，最为快哉，卒,696.009,1,16777215,2024-12-23 19:53:03,27300071881,11,告诉我你的名字,夏目友人帐 第七季,113638224433107
泪目,1316.208,1,16777215,2024-12-23 17:28:33,27300071881,11,告诉我你的名字,夏目友人帐 第七季,113638224433107
那也可以找找最后一页的妖怪问问,170.999,1,15138834,2024-12-23 15:31:28,27300071881,11,告诉我你的名字,夏目友人帐 第七季,113638224433107
说是塔子的外婆和阿姨是一辈嘛……,414.861,1,16777215,2024-12-23 14:46:06,27300071881,11,告诉我你的名字,夏目友人帐 第七季,113638224433107
怪不得手指尖红红的,955.221,5,16777215,2024-12-23 12:10:02,27300071881,11,告诉我你的名字,夏目友人帐 第七季,113638224433107
气泡音妖怪,217.96,1,16777215,2024-12-22 17:20:11,27300071881,11,告诉我你的名字,夏目友人帐 第七季,113638224433107
也许不是梦呢，是她们去了天堂再见,1366.328,1,16777215,2024-12-22 16:16:45,27300071881,11,告诉我你的名字,夏目友人帐 第七季,113638224433107
nanami,155.329,1,16777215,2024-12-22 14:40:10,27300071881,11,告诉我你的名字,夏目友人帐 第七季,113638224433107
哈哈肯定湿气重呀。,715.619,1,16777215,2024-12-22 13:56:16,27300071881,11,告诉我你的名字,夏目友人帐 第七季,113638224433107
完啦，是绝症buff,654.169,1,16777215,2024-12-21 20:10:04,27300071881,11,告诉我你的名字,夏目友人帐 第七季,113638224433107
加纳~,282.805,1,14811775,2024-12-21 20:09:55,27300071881,11,告诉我你的名字,夏目友人帐 第七季,113638224433107
说塔子阿姨没出生的是不是忘了前面的剧情,424.691,1,16777215,2024-12-21 20:05:43,27300071881,11,告诉我你的名字,夏目友人帐 第七季,113638224433107
纳兹咩不要这么背包啊容易被偷东西呜呜呜呜呜,1366.619,1,16777215,2024-12-21 19:15:04,27300071881,11,告诉我你的名字,夏目友人帐 第七季,113638224433107
花田魔法,742.487,1,16777215,2024-12-21 18:57:05,27300071881,11,告诉我你的名字,夏目友人帐 第七季,113638224433107
太刀了太刀了！真的哭死,1413.768,1,16777215,2024-12-20 21:45:35,27300071881,11,告诉我你的名字,夏目友人帐 第七季,113638224433107
哭惨了 哇哇哇大哭 太刀,1201.827,1,16777215,2024-12-20 20:27:52,27300071881,11,告诉我你的名字,夏目友人帐 第七季,113638224433107
背景音乐好好听,1367.367,5,16777215,2024-12-20 18:22:37,27300071881,11,告诉我你的名字,夏目友人帐 第七季,113638224433107
玲子这笑容太有魅力了,594.048,1,16777215,2024-12-20 16:56:46,27300071881,11,告诉我你的名字,夏目友人帐 第七季,113638224433107
这个音乐出来就感觉身体发毛了,1325.137,1,16777215,2024-12-20 12:35:14,27300071881,11,告诉我你的名字,夏目友人帐 第七季,113638224433107
原来你是外婆的初心？！！,548.207,1,16777215,2024-12-19 23:34:14,27300071881,11,告诉我你的名字,夏目友人帐 第七季,113638224433107
苍月草,1107.417,5,41194,2024-12-19 22:18:52,27300071881,11,告诉我你的名字,夏目友人帐 第七季,113638224433107
友人帐的起源？！,550.904,1,16777215,2024-12-19 21:26:53,27300071881,11,告诉我你的名字,夏目友人帐 第七季,113638224433107
也太感人了吧，呜呜呜呜,1340.711,1,16777215,2024-12-19 18:57:55,27300071881,11,告诉我你的名字,夏目友人帐 第七季,113638224433107
补药刀我啊,1273.366,1,16777215,2024-12-19 12:18:47,27300071881,11,告诉我你的名字,夏目友人帐 第七季,113638224433107
艹哭了,965.697,1,16777215,2024-12-19 11:23:48,27300071881,11,告诉我你的名字,夏目友人帐 第七季,113638224433107
卧槽津叔,96.17,1,16777215,2024-12-19 07:12:36,27300071881,11,告诉我你的名字,夏目友人帐 第七季,113638224433107
龙猫,260.498,1,16777215,2024-12-19 04:46:39,27300071881,11,告诉我你的名字,夏目友人帐 第七季,113638224433107
天呐呜呜呜呜呜呜,1220.47,1,16777215,2024-12-18 22:29:30,27300071881,11,告诉我你的名字,夏目友人帐 第七季,113638224433107
高敏感人的命运啊,1323.879,1,16777215,2024-12-18 21:27:14,27300071881,11,告诉我你的名字,夏目友人帐 第七季,113638224433107
我的重点：他是不是拿脚掩面的,1081.213,1,16777215,2024-12-18 21:26:03,27300071881,11,告诉我你的名字,夏目友人帐 第七季,113638224433107
太遗憾了，哭死,1329.005,1,16777215,2024-12-18 20:06:10,27300071881,11,告诉我你的名字,夏目友人帐 第七季,113638224433107
友人帐的起源,548.103,1,16777215,2024-12-18 19:10:42,27300071881,11,告诉我你的名字,夏目友人帐 第七季,113638224433107
jiu,352.923,1,16777215,2024-12-18 18:54:53,27300071881,11,告诉我你的名字,夏目友人帐 第七季,113638224433107
橘势大好,429.928,1,16777215,2024-12-18 18:41:52,27300071881,11,告诉我你的名字,夏目友人帐 第七季,113638224433107
来了！,93.888,1,16777215,2024-12-18 18:36:08,27300071881,11,告诉我你的名字,夏目友人帐 第七季,113638224433107
娜娜米！！！！！,98.472,5,14811775,2024-12-18 16:50:48,27300071881,11,告诉我你的名字,夏目友人帐 第七季,113638224433107
未闻花名吗,721.256,1,16777215,2024-12-18 15:19:34,27300071881,11,告诉我你的名字,夏目友人帐 第七季,113638224433107
原来你是友人帐的来源！,554.787,5,16777215,2024-12-18 14:15:35,27300071881,11,告诉我你的名字,夏目友人帐 第七季,113638224433107
好心疼。。,1069.199,5,16777215,2024-12-18 01:52:51,27300071881,11,告诉我你的名字,夏目友人帐 第七季,113638224433107
三三最萌,207.386,1,16777215,2024-12-18 01:41:10,27300071881,11,告诉我你的名字,夏目友人帐 第七季,113638224433107
我最喜欢的一集！,1323.971,1,16777215,2024-12-17 22:55:30,27300071881,11,告诉我你的名字,夏目友人帐 第七季,113638224433107
原来,556.841,5,16707842,2024-12-17 22:44:55,27300071881,11,告诉我你的名字,夏目友人帐 第七季,113638224433107
致不灭的你，,105.363,1,16777215,2024-12-17 22:04:51,27300071881,11,告诉我你的名字,夏目友人帐 第七季,113638224433107
友人帐起源是两个女孩子的友谊啊，，，好暖心,550.799,5,16777215,2024-12-17 21:55:45,27300071881,11,告诉我你的名字,夏目友人帐 第七季,113638224433107
来咯来咯！,43.2,1,16777215,2024-12-17 21:26:51,27300071881,11,告诉我你的名字,夏目友人帐 第七季,113638224433107
娜娜米,115.087,1,16777215,2024-12-17 21:24:46,27300071881,11,告诉我你的名字,夏目友人帐 第七季,113638224433107
啊啊啊啊啊啊啊啊啊我要磕了,550.887,1,14811775,2024-12-17 21:04:43,27300071881,11,告诉我你的名字,夏目友人帐 第七季,113638224433107
3000+,800.103,1,16777215,2024-12-17 19:41:03,27300071881,11,告诉我你的名字,夏目友人帐 第七季,113638224433107
东山奈央吗,604.583,1,16777215,2026-04-13 22:51:12,27300071881,11,告诉我你的名字,夏目友人帐 第七季,113638224433107
津叔啊啊啊啊啊啊～,101.28,1,9599289,2026-04-10 23:19:57,27300071881,11,告诉我你的名字,夏目友人帐 第七季,113638224433107
对朋友的尊重吧,965.774,1,16777215,2026-04-09 17:54:00,27300071881,11,告诉我你的名字,夏目友人帐 第七季,113638224433107
感觉这一集比较适合当这季的结尾,1376.212,1,16777215,2026-04-09 15:10:27,27300071881,11,告诉我你的名字,夏目友人帐 第七季,113638224433107
这个吉他太好听了,1343.003,1,16777215,2026-04-09 15:09:38,27300071881,11,告诉我你的名字,夏目友人帐 第七季,113638224433107
我天，这里的音乐好有感觉,561.693,1,16777215,2026-04-06 13:50:47,27300071881,11,告诉我你的名字,夏目友人帐 第七季,113638224433107
Kimi那娃,95.14,1,16777215,2026-04-04 16:28:43,27300071881,11,告诉我你的名字,夏目友人帐 第七季,113638224433107
“如果不在呼唤我的话，可以把名字还给我吗”,1316.858,1,16777215,2026-04-03 22:47:32,27300071881,11,告诉我你的名字,夏目友人帐 第七季,113638224433107
调成啥了,646.844,1,16777215,2026-04-03 18:08:26,27300071881,11,告诉我你的名字,夏目友人帐 第七季,113638224433107
玲子很可怜的，是饿死在树林小坡上的：,528.022,1,16777215,2026-04-03 16:59:14,27300071881,11,告诉我你的名字,夏目友人帐 第七季,113638224433107
其实玲子是饿死的 死在树林坡上,1120.637,1,16777215,2026-04-03 16:56:06,27300071881,11,告诉我你的名字,夏目友人帐 第七季,113638224433107
竟然是娜娜米的配音。。,155.251,1,16777215,2026-04-03 13:04:18,27300071881,11,告诉我你的名字,夏目友人帐 第七季,113638224433107
是苍子名字一样的蓝色花海,1135.074,1,16777215,2026-04-03 10:27:54,27300071881,11,告诉我你的名字,夏目友人帐 第七季,113638224433107
刀死我了。。。,1369.383,5,16777215,2026-04-01 22:22:40,27300071881,11,告诉我你的名字,夏目友人帐 第七季,113638224433107
好像娜娜米,114.064,1,16777215,2026-03-31 12:24:08,27300071881,11,告诉我你的名字,夏目友人帐 第七季,113638224433107
梦开始的地方,552.882,1,16777215,2026-03-28 15:50:28,27300071881,11,告诉我你的名字,夏目友人帐 第七季,113638224433107
也是个孤独的人呢,1376.911,1,16777215,2026-03-28 10:40:08,27300071881,11,告诉我你的名字,夏目友人帐 第七季,113638224433107
想带你去看，去看绚丽的山峦，去看秀丽的溪谷，这份心情，人类是如何称呼的呢,729.873,1,16777215,2026-03-27 11:11:36,27300071881,11,告诉我你的名字,夏目友人帐 第七季,113638224433107
我一直在哭,1381.097,1,16777215,2026-03-27 07:11:57,27300071881,11,告诉我你的名字,夏目友人帐 第七季,113638224433107
投石头投的,874.916,1,16777215,2026-03-26 12:39:01,27300071881,11,告诉我你的名字,夏目友人帐 第七季,113638224433107
好像夏目的妈妈呀,726.308,1,16777215,2026-03-25 20:02:32,27300071881,11,告诉我你的名字,夏目友人帐 第七季,113638224433107
：呜呜呜我磕的cp be了,1089.897,1,16777215,2026-03-23 12:45:03,27300071881,11,告诉我你的名字,夏目友人帐 第七季,113638224433107
最强助攻,961.383,1,16777215,2026-03-23 12:42:35,27300071881,11,告诉我你的名字,夏目友人帐 第七季,113638224433107
声音好像二十年后的大兰博,291.105,1,16777215,2026-03-21 14:23:32,27300071881,11,告诉我你的名字,夏目友人帐 第七季,113638224433107
留个爪爪爪爪爪爪爪爪,88.544,1,16707842,2026-03-21 00:07:25,27300071881,11,告诉我你的名字,夏目友人帐 第七季,113638224433107
哈哈哈,1084.455,1,16777215,2026-03-17 01:04:08,27300071881,11,告诉我你的名字,夏目友人帐 第七季,113638224433107
心有所觉 亦作不解,861.019,1,16777215,2026-03-15 13:20:43,27300071881,11,告诉我你的名字,夏目友人帐 第七季,113638224433107
感觉有些时候这个番总是能轻描淡写的说出一些遗憾，虽然这种遗憾常有，但是它播出来却很难过,1317.61,1,16777215,2026-03-14 21:42:51,27300071881,11,告诉我你的名字,夏目友人帐 第七季,113638224433107
老师像颗保龄球,206.367,1,16777215,2026-03-14 19:07:04,27300071881,11,告诉我你的名字,夏目友人帐 第七季,113638224433107
爷青回,301.4,1,16777215,2026-03-14 16:18:19,27300071881,11,告诉我你的名字,夏目友人帐 第七季,113638224433107
原来是你发明的,551.951,1,16777215,2026-03-13 12:39:17,27300071881,11,告诉我你的名字,夏目友人帐 第七季,113638224433107
婆婆纳,1118.077,1,16777215,2026-03-12 22:31:03,27300071881,11,告诉我你的名字,夏目友人帐 第七季,113638224433107
在意很久了所以这个妖怪是有手的吗我一直以为他只有腿来着,1083.194,1,16777215,2026-03-11 13:58:15,27300071881,11,告诉我你的名字,夏目友人帐 第七季,113638224433107
力速爽a女高玲子,590.376,1,16777215,2026-03-11 13:45:12,27300071881,11,告诉我你的名字,夏目友人帐 第七季,113638224433107
原来是你教的！,545.774,1,16777215,2026-03-11 13:43:59,27300071881,11,告诉我你的名字,夏目友人帐 第七季,113638224433107
展示雪鸮毛裤.jpg,306.915,1,16777215,2026-03-11 13:38:49,27300071881,11,告诉我你的名字,夏目友人帐 第七季,113638224433107
好搞定的妖怪x10086,134.517,1,16777215,2026-03-11 13:33:24,27300071881,11,告诉我你的名字,夏目友人帐 第七季,113638224433107
很高兴你也喜欢独处！,316.346,1,16777215,2026-03-10 02:24:32,27300071881,11,告诉我你的名字,夏目友人帐 第七季,113638224433107
玲子和苍子错过了，幸好夏目和三三没错过，要珍惜身边的朋友啊,1406.204,1,16777215,2026-03-09 16:46:26,27300071881,11,告诉我你的名字,夏目友人帐 第七季,113638224433107
像我，磕cp be收场 ,1083.596,5,16777215,2026-03-08 02:03:16,27300071881,11,告诉我你的名字,夏目友人帐 第七季,113638224433107
TAT,1074.549,5,16777215,2026-03-08 02:02:38,27300071881,11,告诉我你的名字,夏目友人帐 第七季,113638224433107
妖力：玲子＞夏目,787.031,5,16777215,2026-03-07 22:31:22,27300071881,11,告诉我你的名字,夏目友人帐 第七季,113638224433107
好可爱,202.88,1,16777215,2026-03-07 18:20:52,27300071881,11,告诉我你的名字,夏目友人帐 第七季,113638224433107
有问题。。,666.313,1,16777215,2026-03-07 15:36:18,27300071881,11,告诉我你的名字,夏目友人帐 第七季,113638224433107
语言指导:阿尼亚,746.283,5,16777215,2026-03-03 15:41:10,27300071881,11,告诉我你的名字,夏目友人帐 第七季,113638224433107
技能指导:阿尼亚,203.83,5,16777215,2026-03-03 15:31:29,27300071881,11,告诉我你的名字,夏目友人帐 第七季,113638224433107
啊啊啊徒增伤悲,1338.21,1,16777215,2026-03-02 16:54:16,27300071881,11,告诉我你的名字,夏目友人帐 第七季,113638224433107
原来你是源头,567.009,1,16777215,2026-03-01 22:45:30,27300071881,11,告诉我你的名字,夏目友人帐 第七季,113638224433107
你的名字？,98.391,1,16777215,2026-02-28 23:00:00,27300071881,11,告诉我你的名字,夏目友人帐 第七季,113638224433107
是你呀,554.289,5,9599289,2026-02-27 16:42:14,27300071881,11,告诉我你的名字,夏目友人帐 第七季,113638224433107
仿佛嗑cb/cp的我们,1215.219,1,16777215,2026-02-27 15:08:03,27300071881,11,告诉我你的名字,夏目友人帐 第七季,113638224433107
呀没漏！！！,684.317,1,16777215,2026-02-26 20:49:19,27300071881,11,告诉我你的名字,夏目友人帐 第七季,113638224433107
苍子还活着吗,1385.931,1,16777215,2026-02-26 20:12:21,27300071881,11,告诉我你的名字,夏目友人帐 第七季,113638224433107
第一个妖怪设定是能读他人心却无法传达给人类真的拉高了整个悲伤线 这集是这季最触动我的,1228.68,1,16777215,2026-02-26 15:46:53,27300071881,11,告诉我你的名字,夏目友人帐 第七季,113638224433107
T^T,1369.14,1,16777215,2026-02-25 00:01:28,27300071881,11,告诉我你的名字,夏目友人帐 第七季,113638224433107
啊啊呜呜呜,1231.052,1,16777215,2026-02-25 00:00:26,27300071881,11,告诉我你的名字,夏目友人帐 第七季,113638224433107
苍蓝海,1133.904,1,16777215,2026-02-24 23:59:40,27300071881,11,告诉我你的名字,夏目友人帐 第七季,113638224433107
我也想哭了,1089.502,1,16777215,2026-02-24 23:59:03,27300071881,11,告诉我你的名字,夏目友人帐 第七季,113638224433107
哈哈哈哈哈哈哈,1002.644,1,16777215,2026-02-24 23:58:08,27300071881,11,告诉我你的名字,夏目友人帐 第七季,113638224433107
哎我哈哈哈哈,834.572,1,16777215,2026-02-24 23:56:52,27300071881,11,告诉我你的名字,夏目友人帐 第七季,113638224433107
这么准啊，难怪之后比赛用投的,589.098,1,16777215,2026-02-24 23:55:10,27300071881,11,告诉我你的名字,夏目友人帐 第七季,113638224433107
突然模仿，说出对方心里在想什么,193.358,1,16777215,2026-02-24 23:50:42,27300071881,11,告诉我你的名字,夏目友人帐 第七季,113638224433107
啊？,194.42,1,16777215,2026-02-24 23:49:55,27300071881,11,告诉我你的名字,夏目友人帐 第七季,113638224433107
牛叫,329.417,5,16777215,2026-02-24 16:14:39,27300071881,11,告诉我你的名字,夏目友人帐 第七季,113638224433107
橘势大好,701.088,1,16777215,2026-02-24 15:45:15,27300071881,11,告诉我你的名字,夏目友人帐 第七季,113638224433107
哪里来的焉民,686.754,1,8700107,2026-02-24 06:44:31,27300071881,11,告诉我你的名字,夏目友人帐 第七季,113638224433107
可能是读到了玲子的内心是痛苦的，所以感同身受哭了,1100.951,1,16777215,2026-02-22 17:24:34,27300071881,11,告诉我你的名字,夏目友人帐 第七季,113638224433107
传达到了,1357.182,1,16777215,2026-02-21 23:03:47,27300071881,11,告诉我你的名字,夏目友人帐 第七季,113638224433107
你会不会吃硬糖啊啊啊啊啊啊！！！！！！！,617.631,1,16777215,2026-02-21 22:50:55,27300071881,11,告诉我你的名字,夏目友人帐 第七季,113638224433107
是剧场版那个想和当朋友的女孩吗,380.801,1,16777215,2026-02-21 11:47:45,27300071881,11,告诉我你的名字,夏目友人帐 第七季,113638224433107
苍子想赢一次，知道玲子的名字,940.547,1,16777215,2026-02-20 14:20:42,27300071881,11,告诉我你的名字,夏目友人帐 第七季,113638224433107
世间的阴差阳错从不停止，只是寻常,1205.266,1,16777215,2026-02-20 11:34:43,27300071881,11,告诉我你的名字,夏目友人帐 第七季,113638224433107
在最后一页！,1303.816,1,16777215,2026-02-20 10:23:04,27300071881,11,告诉我你的名字,夏目友人帐 第七季,113638224433107
埋刀了！,674.216,1,8700107,2026-02-19 20:53:20,27300071881,11,告诉我你的名字,夏目友人帐 第七季,113638224433107
紫色花好丑,1182.273,1,16777215,2026-02-19 12:33:28,27300071881,11,告诉我你的名字,夏目友人帐 第七季,113638224433107
总感觉看过这集啊，剧情好熟悉的说…,425.751,1,16777215,2026-02-18 15:58:02,27300071881,11,告诉我你的名字,夏目友人帐 第七季,113638224433107
梦的起点,1151.486,1,16777215,2026-02-18 13:52:47,27300071881,11,告诉我你的名字,夏目友人帐 第七季,113638224433107
好漂亮,1111.046,1,16777215,2026-02-18 13:51:56,27300071881,11,告诉我你的名字,夏目友人帐 第七季,113638224433107
正是在下,839.219,5,16777215,2026-02-18 11:20:38,27300071881,11,告诉我你的名字,夏目友人帐 第七季,113638224433107
我趣！，真是第一张,1303.278,1,16777215,2026-02-17 17:13:36,27300071881,11,告诉我你的名字,夏目友人帐 第七季,113638224433107
不是，你咋哭上了,1082.872,1,16777215,2026-02-17 17:11:50,27300071881,11,告诉我你的名字,夏目友人帐 第七季,113638224433107
贴脸开大,834.248,1,16777215,2026-02-17 17:09:57,27300071881,11,告诉我你的名字,夏目友人帐 第七季,113638224433107
原来是你！,548.035,1,16777215,2026-02-17 17:07:45,27300071881,11,告诉我你的名字,夏目友人帐 第七季,113638224433107
磕上头了,445.464,1,16777215,2026-02-17 17:06:54,27300071881,11,告诉我你的名字,夏目友人帐 第七季,113638224433107
oi~,318.318,1,16777215,2026-02-17 17:05:28,27300071881,11,告诉我你的名字,夏目友人帐 第七季,113638224433107
你的冥字,222.574,1,16777215,2026-02-17 17:04:29,27300071881,11,告诉我你的名字,夏目友人帐 第七季,113638224433107
居然不是最中间的！,165.165,1,16777215,2026-02-17 17:03:00,27300071881,11,告诉我你的名字,夏目友人帐 第七季,113638224433107
终于不再被当成玲子了啊，贵志,150.488,1,16777215,2026-02-17 17:02:31,27300071881,11,告诉我你的名字,夏目友人帐 第七季,113638224433107
外婆！,104.546,1,16777215,2026-02-17 09:52:36,27300071881,11,告诉我你的名字,夏目友人帐 第七季,113638224433107
别哭啊 你一哭我也想哭了,1422.173,1,16777215,2026-02-16 18:03:03,27300071881,11,告诉我你的名字,夏目友人帐 第七季,113638224433107
我哭的不停。。。,1407.509,1,16777215,2026-02-15 18:27:49,27300071881,11,告诉我你的名字,夏目友人帐 第七季,113638224433107
第一张啊。。。TT,1301.612,1,16777215,2026-02-15 18:25:42,27300071881,11,告诉我你的名字,夏目友人帐 第七季,113638224433107
好心痛。。。。,1054.243,1,16777215,2026-02-15 18:19:58,27300071881,11,告诉我你的名字,夏目友人帐 第七季,113638224433107
 韦一敏,514.131,1,16777215,2026-02-15 13:16:47,27300071881,11,告诉我你的名字,夏目友人帐 第七季,113638224433107
不可结缘，徒增悲伤,1208.296,1,16777215,2026-02-14 21:23:37,27300071881,11,告诉我你的名字,夏目友人帐 第七季,113638224433107
友人帐的开始,1141.27,1,16777215,2026-02-14 21:15:39,27300071881,11,告诉我你的名字,夏目友人帐 第七季,113638224433107
呜呜，梦开始的地方,553.194,1,16777215,2026-02-14 21:05:33,27300071881,11,告诉我你的名字,夏目友人帐 第七季,113638224433107
苍月草！！！！！,1143.601,1,16777215,2026-02-14 19:40:26,27300071881,11,告诉我你的名字,夏目友人帐 第七季,113638224433107
原来是你呀,561.917,1,16777215,2026-02-12 11:59:50,27300071881,11,告诉我你的名字,夏目友人帐 第七季,113638224433107
哈哈哈哈哈哈哈,199.057,1,16777215,2026-02-11 23:56:30,27300071881,11,告诉我你的名字,夏目友人帐 第七季,113638224433107
真好啊真好啊呜呜呜,964.257,1,16777215,2026-02-11 12:05:20,27300071881,11,告诉我你的名字,夏目友人帐 第七季,113638224433107
啊，这是辛美尔的家乡吗,1105.7,1,16777215,2026-02-10 00:50:21,27300071881,11,告诉我你的名字,夏目友人帐 第七季,113638224433107
辛美尔乱入！,1112.05,5,16777215,2026-02-09 22:56:12,27300071881,11,告诉我你的名字,夏目友人帐 第七季,113638224433107
哦，是焉民,682.337,1,16777215,2026-02-09 22:45:15,27300071881,11,告诉我你的名字,夏目友人帐 第七季,113638224433107
这个前面是不是也有过啊,730.009,1,16777215,2026-02-09 12:37:22,27300071881,11,告诉我你的名字,夏目友人帐 第七季,113638224433107
独属于夏目友人帐的寿命论,803.067,1,16777215,2026-02-08 15:25:28,27300071881,11,告诉我你的名字,夏目友人帐 第七季,113638224433107
哈哈哈哈哈哈哈哈哈哈哈哈哈好像猫猫哈气,1001.559,1,16777215,2026-02-08 12:16:44,27300071881,11,告诉我你的名字,夏目友人帐 第七季,113638224433107
别哭，夏目，别哭，呜呜呜呜，不行了，我为什么也想哭啊,1395.298,1,16777215,2026-02-07 19:55:36,27300071881,11,告诉我你的名字,夏目友人帐 第七季,113638224433107
不行了，真的哭死了，好遗憾啊，但是还是那么温柔……,1378.199,1,16777215,2026-02-07 19:54:54,27300071881,11,告诉我你的名字,夏目友人帐 第七季,113638224433107
万万没想到，这个妖怪先哭了,1081.995,1,16777215,2026-02-07 19:48:52,27300071881,11,告诉我你的名字,夏目友人帐 第七季,113638224433107
我是这妖怪我也意难平啊啊啊啊啊QAQ,1230.653,1,16777215,2026-02-07 18:20:50,27300071881,11,告诉我你的名字,夏目友人帐 第七季,113638224433107
好遗憾，好忧伤,1309.638,1,16777215,2026-02-07 14:35:13,27300071881,11,告诉我你的名字,夏目友人帐 第七季,113638224433107
开写轮眼了,1001.138,1,16777215,2026-02-06 16:56:19,27300071881,11,告诉我你的名字,夏目友人帐 第七季,113638224433107
毛茸茸：我？,818.295,1,16777215,2026-02-05 21:28:51,27300071881,11,告诉我你的名字,夏目友人帐 第七季,113638224433107
珍惜身边人,1402.599,1,16777215,2026-02-05 14:19:20,27300071881,11,告诉我你的名字,夏目友人帐 第七季,113638224433107
有手机就好了,1254.974,1,16777215,2026-02-05 14:17:48,27300071881,11,告诉我你的名字,夏目友人帐 第七季,113638224433107
我就说,1019.894,1,16777215,2026-02-05 14:16:32,27300071881,11,告诉我你的名字,夏目友人帐 第七季,113638224433107
哇，太美了,1110.3,1,16777215,2026-02-04 21:03:16,27300071881,11,告诉我你的名字,夏目友人帐 第七季,113638224433107
项目跟着外婆姓,242.984,1,16777215,2026-02-04 19:07:07,27300071881,11,告诉我你的名字,夏目友人帐 第七季,113638224433107
天若有情天亦老,1260.999,5,41194,2026-02-04 11:39:22,27300071881,11,告诉我你的名字,夏目友人帐 第七季,113638224433107
肯定是生病了啊，之前就表达苍子体质很弱,1137.304,1,16777215,2026-02-03 20:54:18,27300071881,11,告诉我你的名字,夏目友人帐 第七季,113638224433107
哇太难过了，如果我是妖怪真的不想再接触人类了，好难过啊啊,1259.967,1,16777215,2026-02-03 20:23:41,27300071881,11,告诉我你的名字,夏目友人帐 第七季,113638224433107
苍子是来养病的，病好了就回去了，还好吧，只是错过了,1275.028,1,16777215,2026-02-03 11:20:37,27300071881,11,告诉我你的名字,夏目友人帐 第七季,113638224433107
是恋雪的CV吗,663.242,1,16777215,2026-02-03 02:21:24,27300071881,11,告诉我你的名字,夏目友人帐 第七季,113638224433107
这个是觉妖怪吧,183.693,1,16777215,2026-02-02 22:30:03,27300071881,11,告诉我你的名字,夏目友人帐 第七季,113638224433107
夏目看到美丽的事物总会想着跟猫咪老师分享、跟其他人分享,1401.044,1,16777215,2026-02-02 22:10:31,27300071881,11,告诉我你的名字,夏目友人帐 第七季,113638224433107
你别哭啊，你哭了我也想哭,1395.557,1,16777215,2026-02-02 22:09:32,27300071881,11,告诉我你的名字,夏目友人帐 第七季,113638224433107
难过,1235.796,1,16777215,2026-02-02 22:02:09,27300071881,11,告诉我你的名字,夏目友人帐 第七季,113638224433107
好遗憾啊,1217.976,1,16777215,2026-02-02 22:01:41,27300071881,11,告诉我你的名字,夏目友人帐 第七季,113638224433107
小妖怪故意的吧哈哈,993.857,1,16777215,2026-02-02 21:57:16,27300071881,11,告诉我你的名字,夏目友人帐 第七季,113638224433107
塔子阿姨不一定没出生哦，滋叔都记得玲子住过他家，两个人还相处过,429.404,1,16777215,2026-02-02 20:30:30,27300071881,11,告诉我你的名字,夏目友人帐 第七季,113638224433107
随地大小睡,273.842,1,16777215,2026-02-02 20:26:07,27300071881,11,告诉我你的名字,夏目友人帐 第七季,113638224433107
啊啊，好伤心啊，就差一点点,1215.609,1,16777215,2026-02-02 10:01:33,27300071881,11,告诉我你的名字,夏目友人帐 第七季,113638224433107
好像是身体不太好，似乎知道了玲子的事，后来因为身体原因没有来，玲子对人已经失望了，就主动放弃了这个成为朋友的机会,672.432,1,16777215,2026-02-02 09:55:50,27300071881,11,告诉我你的名字,夏目友人帐 第七季,113638224433107
我好像看过这集，差一点点成为朋友，但是玲子放弃了,540.231,1,16777215,2026-02-02 09:52:53,27300071881,11,告诉我你的名字,夏目友人帐 第七季,113638224433107
啊，是前面那个，想和玲子当朋友的,330.967,1,16777215,2026-02-02 09:49:10,27300071881,11,告诉我你的名字,夏目友人帐 第七季,113638224433107
起码知道了名字,1055.721,1,16777215,2026-01-31 22:14:52,27300071881,11,告诉我你的名字,夏目友人帐 第七季,113638224433107
呜呜呜，夏目不要哭,1398.45,1,16777215,2026-01-31 00:13:00,27300071881,11,告诉我你的名字,夏目友人帐 第七季,113638224433107
不会是心脏病吧,661.644,5,16777215,2026-01-30 01:00:40,27300071881,11,告诉我你的名字,夏目友人帐 第七季,113638224433107
这是要来抢友人帐了,162.891,5,16777215,2026-01-30 00:50:17,27300071881,11,告诉我你的名字,夏目友人帐 第七季,113638224433107
你咋一下子就认出来了,151.538,5,16777215,2026-01-30 00:49:59,27300071881,11,告诉我你的名字,夏目友人帐 第七季,113638224433107
汪的一下哭出声,1337.865,1,16777215,2026-01-28 16:24:19,27300071881,11,告诉我你的名字,夏目友人帐 第七季,113638224433107
真绷不住了呜呜呜呜,1398.534,1,16777215,2026-01-28 15:11:16,27300071881,11,告诉我你的名字,夏目友人帐 第七季,113638224433107
猫头鹰妖怪是不是能去找玲子啊,1247.01,1,16777215,2026-01-28 15:06:39,27300071881,11,告诉我你的名字,夏目友人帐 第七季,113638224433107
他好感性…,1081.874,1,16777215,2026-01-28 15:00:49,27300071881,11,告诉我你的名字,夏目友人帐 第七季,113638224433107
她挺能吃瓜的啊,828.742,1,16777215,2026-01-28 14:52:31,27300071881,11,告诉我你的名字,夏目友人帐 第七季,113638224433107
说这只妖怪是夏目外公的思维太跳跃了吧…,801.554,1,16777215,2026-01-28 14:50:00,27300071881,11,告诉我你的名字,夏目友人帐 第七季,113638224433107
是你让那么多小妖怪从此失去了名字的吗,548.897,1,16777215,2026-01-28 14:42:05,27300071881,11,告诉我你的名字,夏目友人帐 第七季,113638224433107
友人帐创始人的哈哈哈,548.22,1,16777215,2026-01-28 14:40:47,27300071881,11,告诉我你的名字,夏目友人帐 第七季,113638224433107
差点就能说玲子的名字了可恶,534.51,1,16777215,2026-01-28 14:40:08,27300071881,11,告诉我你的名字,夏目友人帐 第七季,113638224433107
前面的也想到了萤火之森了,409.697,1,16707842,2026-01-28 14:35:13,27300071881,11,告诉我你的名字,夏目友人帐 第七季,113638224433107
木啊,325.018,1,16707842,2026-01-28 14:32:14,27300071881,11,告诉我你的名字,夏目友人帐 第七季,113638224433107
他强者的气场哪去了，哈哈,287.399,1,16707842,2026-01-28 14:31:03,27300071881,11,告诉我你的名字,夏目友人帐 第七季,113638224433107
走路又像企鹅，哈哈,261.205,1,16707842,2026-01-28 14:30:02,27300071881,11,告诉我你的名字,夏目友人帐 第七季,113638224433107
猫头鹰大妖,249.414,1,16707842,2026-01-28 14:29:18,27300071881,11,告诉我你的名字,夏目友人帐 第七季,113638224433107
怎么还名字还这么拽的啊哈哈哈,152.463,1,16777215,2026-01-28 14:23:55,27300071881,11,告诉我你的名字,夏目友人帐 第七季,113638224433107
物是人非,1276.661,1,16777215,2026-01-26 00:21:26,27300071881,11,告诉我你的名字,夏目友人帐 第七季,113638224433107
同床共枕（）,717.568,5,16777215,2026-01-25 21:54:57,27300071881,11,告诉我你的名字,夏目友人帐 第七季,113638224433107
但是糖是甜的，确实可以缓解一下饥饿的吧,543.716,5,16777215,2026-01-25 21:52:28,27300071881,11,告诉我你的名字,夏目友人帐 第七季,113638224433107
你的名字是,224.032,5,16777215,2026-01-25 21:47:32,27300071881,11,告诉我你的名字,夏目友人帐 第七季,113638224433107
啊啊啊啊啊啊啊怎么会这么可爱,1012.953,1,16777215,2026-01-25 13:48:24,27300071881,11,告诉我你的名字,夏目友人帐 第七季,113638224433107
我不行了呜呜呜呜呜,1378.983,1,16777215,2026-01-24 18:29:23,27300071881,11,告诉我你的名字,夏目友人帐 第七季,113638224433107
好难过。。。,1210.962,1,16777215,2026-01-24 18:26:09,27300071881,11,告诉我你的名字,夏目友人帐 第七季,113638224433107
妖怪：无妄之灾TT,556.54,1,16777215,2026-01-24 18:08:45,27300071881,11,告诉我你的名字,夏目友人帐 第七季,113638224433107
也可能铃子转走了，好可惜,1237.528,1,16777215,2026-01-20 21:36:15,27300071881,11,告诉我你的名字,夏目友人帐 第七季,113638224433107
只有13,812.604,1,16777215,2026-01-19 19:59:37,27300071881,11,告诉我你的名字,夏目友人帐 第七季,113638224433107
追的cb  be了难过哭了哈哈哈哈哈,1081.022,1,16777215,2026-01-19 17:03:30,27300071881,11,告诉我你的名字,夏目友人帐 第七季,113638224433107
可爱哈哈哈哈哈,1002.285,1,16777215,2026-01-19 16:18:10,27300071881,11,告诉我你的名字,夏目友人帐 第七季,113638224433107
啊？,196.943,1,16777215,2026-01-19 16:02:33,27300071881,11,告诉我你的名字,夏目友人帐 第七季,113638224433107
呜呜呜呜呜,1378.542,1,16777215,2026-01-19 12:00:11,27300071881,11,告诉我你的名字,夏目友人帐 第七季,113638224433107
呜呜呜呜怎么错过了,1227.817,1,16777215,2026-01-19 11:57:27,27300071881,11,告诉我你的名字,夏目友人帐 第七季,113638224433107
呜呜呜,1170.217,1,16777215,2026-01-19 11:56:29,27300071881,11,告诉我你的名字,夏目友人帐 第七季,113638224433107
因为仓子知道名字后就不来了 所以外婆也是吗,1195.367,1,16777215,2026-01-17 16:00:13,27300071881,11,告诉我你的名字,夏目友人帐 第七季,113638224433107
这不是的场家那位婆婆 不是的,444.412,1,16777215,2026-01-17 15:46:14,27300071881,11,告诉我你的名字,夏目友人帐 第七季,113638224433107
不兑,664.296,1,16777215,2026-01-16 04:28:05,27300071881,11,告诉我你的名字,夏目友人帐 第七季,113638224433107
~(>_<)~ 呜呜 这才是真正的be了 我哭死,1211.812,1,16777215,2026-01-13 01:53:18,27300071881,11,告诉我你的名字,夏目友人帐 第七季,113638224433107
47\3,1417.0,1,16777215,2026-01-12 12:17:00,27300071881,11,告诉我你的名字,夏目友人帐 第七季,113638224433107
俺受不了了呜呜呜,1241.665,1,16777215,2026-01-09 10:28:18,27300071881,11,告诉我你的名字,夏目友人帐 第七季,113638224433107
原来妖怪竟是我自己呜呜呜呜,1102.43,5,16777215,2026-01-07 17:13:43,27300071881,11,告诉我你的名字,夏目友人帐 第七季,113638224433107
被除妖师当作是禁术的友人帐其实只是玲子和那些她想和做朋友的人的日记本而已。,1372.078,1,16777215,2026-01-07 13:54:42,27300071881,11,告诉我你的名字,夏目友人帐 第七季,113638224433107
你的名字,230.48,1,16777215,2026-01-06 19:48:12,27300071881,11,告诉我你的名字,夏目友人帐 第七季,113638224433107
noooooo!,670.41,1,16777215,2026-01-06 07:02:49,27300071881,11,告诉我你的名字,夏目友人帐 第七季,113638224433107
应该是玲子,835.223,1,16777215,2026-01-04 10:12:57,27300071881,11,告诉我你的名字,夏目友人帐 第七季,113638224433107
病加重了吧,1083.307,1,16777215,2026-01-03 19:55:12,27300071881,11,告诉我你的名字,夏目友人帐 第七季,113638224433107
哈哈哈哈哈哈哈哈好可爱,1081.637,1,16777215,2026-01-02 19:48:15,27300071881,11,告诉我你的名字,夏目友人帐 第七季,113638224433107
哭死我了꒦ິ^꒦ິ,1383.186,1,16777215,2025-12-29 19:17:45,27300071881,11,告诉我你的名字,夏目友人帐 第七季,113638224433107
你干的好事啊！,550.035,1,16777215,2025-12-28 12:59:12,27300071881,11,告诉我你的名字,夏目友人帐 第七季,113638224433107
毛茸茸：这段感情我付出的不比你们俩少！,1082.417,1,16777215,2025-12-27 21:04:33,27300071881,11,告诉我你的名字,夏目友人帐 第七季,113638224433107
豆芽菜夏目,114.13,1,16777215,2025-12-25 14:22:08,27300071881,11,告诉我你的名字,夏目友人帐 第七季,113638224433107
这个声音难道是一只猪？,104.013,1,16777215,2025-12-25 01:08:10,27300071881,11,告诉我你的名字,夏目友人帐 第七季,113638224433107
妖怪磕的cp be了,1260.936,1,16777215,2025-12-23 23:22:45,27300071881,11,告诉我你的名字,夏目友人帐 第七季,113638224433107
救命看到这里眼泪已经止不住了,1252.778,1,16777215,2025-12-22 04:05:09,27300071881,11,告诉我你的名字,夏目友人帐 第七季,113638224433107
哇！,1108.042,1,16777215,2025-12-22 02:37:59,27300071881,11,告诉我你的名字,夏目友人帐 第七季,113638224433107
第一页！,1305.454,1,16777215,2025-12-21 23:26:49,27300071881,11,告诉我你的名字,夏目友人帐 第七季,113638224433107
世间的阴差阳错从未停歇,1239.842,1,16777215,2025-12-21 20:50:42,27300071881,11,告诉我你的名字,夏目友人帐 第七季,113638224433107
辛美尔！今夕是何年！辛逝纪哪一年？！,1110.502,1,16777215,2025-12-21 20:47:12,27300071881,11,告诉我你的名字,夏目友人帐 第七季,113638224433107
在催更哈哈哈哈哈哈,448.424,1,16777215,2025-12-20 22:15:22,27300071881,11,告诉我你的名字,夏目友人帐 第七季,113638224433107
这是什么移动景点么哈哈哈哈哈哈哈,324.179,1,16777215,2025-12-20 22:13:09,27300071881,11,告诉我你的名字,夏目友人帐 第七季,113638224433107
哥们儿看进去了,449.668,1,16777215,2025-12-20 15:57:03,27300071881,11,告诉我你的名字,夏目友人帐 第七季,113638224433107
女版夏目,726.675,1,16777215,2025-12-20 12:34:13,27300071881,11,告诉我你的名字,夏目友人帐 第七季,113638224433107
友人帐是如何诞生的,564.103,1,16777215,2025-12-19 02:15:14,27300071881,11,告诉我你的名字,夏目友人帐 第七季,113638224433107
哈！原来是你！,544.825,1,16777215,2025-12-19 02:14:42,27300071881,11,告诉我你的名字,夏目友人帐 第七季,113638224433107
谁说人生没有那么多的观众,460.54,1,16777215,2025-12-19 02:13:14,27300071881,11,告诉我你的名字,夏目友人帐 第七季,113638224433107
啊啊啊啊啊 是津叔！,97.574,1,16777215,2025-12-19 01:09:07,27300071881,11,告诉我你的名字,夏目友人帐 第七季,113638224433107
平和,103.216,1,16777215,2025-12-18 23:29:30,27300071881,11,告诉我你的名字,夏目友人帐 第七季,113638224433107
友人帐终于出场啦,183.175,1,16777215,2025-12-16 17:41:13,27300071881,11,告诉我你的名字,夏目友人帐 第七季,113638224433107
遗憾致郁,1399.385,1,16777215,2025-12-13 12:23:33,27300071881,11,告诉我你的名字,夏目友人帐 第七季,113638224433107
真心错过,1238.674,1,16777215,2025-12-13 12:20:43,27300071881,11,告诉我你的名字,夏目友人帐 第七季,113638224433107
友人帐,1140.377,1,16777215,2025-12-13 12:18:50,27300071881,11,告诉我你的名字,夏目友人帐 第七季,113638224433107
干得漂亮,997.103,1,16777215,2025-12-13 12:16:19,27300071881,11,告诉我你的名字,夏目友人帐 第七季,113638224433107
友人帐的来源,547.913,1,16777215,2025-12-13 12:08:42,27300071881,11,告诉我你的名字,夏目友人帐 第七季,113638224433107
呜呜呜呜呜呜呜呜呜呜呜呜呜呜呜,1389.837,1,16777215,2025-12-13 02:30:21,27300071881,11,告诉我你的名字,夏目友人帐 第七季,113638224433107
友人帐记录名字的由来吗,1098.244,1,16777215,2025-12-13 02:07:36,27300071881,11,告诉我你的名字,夏目友人帐 第七季,113638224433107
补要再刀了！（哭）,1345.473,1,16777215,2025-12-12 13:07:11,27300071881,11,告诉我你的名字,夏目友人帐 第七季,113638224433107
为啥贵志也跟外婆一个姓啊？,883.668,1,16777215,2025-12-11 12:43:27,27300071881,11,告诉我你的名字,夏目友人帐 第七季,113638224433107
我也懂,314.13,5,15138834,2025-12-10 22:27:00,27300071881,11,告诉我你的名字,夏目友人帐 第七季,113638224433107
这个声音好像不死他爹的,795.437,1,16777215,2025-12-10 21:36:02,27300071881,11,告诉我你的名字,夏目友人帐 第七季,113638224433107
来了,118.689,1,16777215,2025-12-10 01:20:10,27300071881,11,告诉我你的名字,夏目友人帐 第七季,113638224433107
为什么要打断啊啊啊啊啊,856.745,1,16777215,2025-12-09 19:01:42,27300071881,11,告诉我你的名字,夏目友人帐 第七季,113638224433107
你有手啊！！,1083.425,1,16777215,2025-12-09 14:12:40,27300071881,11,告诉我你的名字,夏目友人帐 第七季,113638224433107
我去…你啊,551.045,1,16777215,2025-12-09 14:03:35,27300071881,11,告诉我你的名字,夏目友人帐 第七季,113638224433107
亚连获加,521.022,1,16777215,2025-12-07 14:56:01,27300071881,11,告诉我你的名字,夏目友人帐 第七季,113638224433107
亚连小天使,471.379,1,16777215,2025-12-07 14:54:49,27300071881,11,告诉我你的名字,夏目友人帐 第七季,113638224433107
不是七濑，七濑从小就戴眼镜,388.926,1,16777215,2025-12-07 14:52:57,27300071881,11,告诉我你的名字,夏目友人帐 第七季,113638224433107
泪目了,964.651,1,16777215,2025-12-07 14:10:12,27300071881,11,告诉我你的名字,夏目友人帐 第七季,113638224433107
泪目,1407.126,1,16777215,2025-12-06 00:35:08,27300071881,11,告诉我你的名字,夏目友人帐 第七季,113638224433107
娜娜美,190.941,1,16777215,2025-12-04 18:00:32,27300071881,11,告诉我你的名字,夏目友人帐 第七季,113638224433107
你在那追剧呢,757.181,1,16777215,2025-12-03 04:53:19,27300071881,11,告诉我你的名字,夏目友人帐 第七季,113638224433107
看得我一直哭,1223.416,1,16777215,2025-12-02 18:25:18,27300071881,11,告诉我你的名字,夏目友人帐 第七季,113638224433107
好帅啊,1040.355,1,16777215,2025-12-02 17:27:08,27300071881,11,告诉我你的名字,夏目友人帐 第七季,113638224433107
夏目的内心好萌,198.714,1,16777215,2025-11-30 16:31:29,27300071881,11,告诉我你的名字,夏目友人帐 第七季,113638224433107
所以这个妖怪叫什么,1322.275,1,16777215,2025-11-30 16:23:59,27300071881,11,告诉我你的名字,夏目友人帐 第七季,113638224433107
是你吗乾贞治？！！！,102.219,1,16777215,2025-11-29 20:39:09,27300071881,11,告诉我你的名字,夏目友人帐 第七季,113638224433107
泪目,319.548,1,16777215,2025-11-29 19:22:37,27300071881,11,告诉我你的名字,夏目友人帐 第七季,113638224433107
声音好想尊哥,145.026,5,15138834,2025-11-29 17:29:51,27300071881,11,告诉我你的名字,夏目友人帐 第七季,113638224433107
很美的一集,1361.082,1,16777215,2025-11-27 12:20:38,27300071881,11,告诉我你的名字,夏目友人帐 第七季,113638224433107
别称二次元坟墓,1110.486,1,16777215,2025-11-26 22:08:06,27300071881,11,告诉我你的名字,夏目友人帐 第七季,113638224433107
塔子明显和夏目的妈妈是同辈啊，比玲子小好多呢,431.364,1,16777215,2025-11-26 20:02:14,27300071881,11,告诉我你的名字,夏目友人帐 第七季,113638224433107
不是的场家那位婆婆，不知道的别乱说好吗,403.589,1,16777215,2025-11-25 16:44:33,27300071881,11,告诉我你的名字,夏目友人帐 第七季,113638224433107
啊啊啊啊怎么突然这么萌,188.93,1,16777215,2025-11-24 15:44:09,27300071881,11,告诉我你的名字,夏目友人帐 第七季,113638224433107
磕学家,447.474,1,16777215,2025-11-24 03:16:43,27300071881,11,告诉我你的名字,夏目友人帐 第七季,113638224433107
原来是你！,562.657,1,16777215,2025-11-23 18:03:30,27300071881,11,告诉我你的名字,夏目友人帐 第七季,113638224433107
太可爱了这个妖怪,1094.461,1,16777215,2025-11-23 13:55:18,27300071881,11,告诉我你的名字,夏目友人帐 第七季,113638224433107
跟表白似的,1023.984,1,16777215,2025-11-22 14:51:03,27300071881,11,告诉我你的名字,夏目友人帐 第七季,113638224433107
一听就是津叔呢,149.789,1,16777215,2025-11-22 01:40:46,27300071881,11,告诉我你的名字,夏目友人帐 第七季,113638224433107
津叔,109.166,1,16777215,2025-11-22 01:38:11,27300071881,11,告诉我你的名字,夏目友人帐 第七季,113638224433107
夏目能看到，是不是说明苍南也有可能被天目传递看到过了,1395.506,1,16777215,2025-11-20 19:02:50,27300071881,11,告诉我你的名字,夏目友人帐 第七季,113638224433107
这一集真的太好了,1400.927,5,16777215,2025-11-19 22:37:22,27300071881,11,告诉我你的名字,夏目友人帐 第七季,113638224433107
刀死我了,1228.147,5,16777215,2025-11-19 22:34:23,27300071881,11,告诉我你的名字,夏目友人帐 第七季,113638224433107
错了，是温柔的人们真好呀,721.69,5,16777215,2025-11-19 22:23:26,27300071881,11,告诉我你的名字,夏目友人帐 第七季,113638224433107
哈哈哈哈哈哈哈哈哈哈太可爱了叭,1086.57,1,16777215,2025-11-17 22:50:36,27300071881,11,告诉我你的名字,夏目友人帐 第七季,113638224433107
有点担心了,699.23,1,16777215,2025-11-17 13:08:39,27300071881,11,告诉我你的名字,夏目友人帐 第七季,113638224433107
安杰罗,578.109,1,16777215,2025-11-17 01:23:56,27300071881,11,告诉我你的名字,夏目友人帐 第七季,113638224433107
第一页写你的名字,1305.276,1,16777215,2025-11-15 21:00:52,27300071881,11,告诉我你的名字,夏目友人帐 第七季,113638224433107
这个结尾bgm貌似是前几季那一季的ed还是op,1405.122,1,16777215,2025-11-14 13:15:51,27300071881,11,告诉我你的名字,夏目友人帐 第七季,113638224433107
夏目不哭,1396.455,1,41194,2025-11-13 16:42:30,27300071881,11,告诉我你的名字,夏目友人帐 第七季,113638224433107
玲子的故事总是悲伤啊,30.808,1,16777215,2025-11-11 22:15:58,27300071881,11,告诉我你的名字,夏目友人帐 第七季,113638224433107
本集封神！,4.801,1,16777215,2025-11-11 22:15:18,27300071881,11,告诉我你的名字,夏目友人帐 第七季,113638224433107
怎会如此啊！！,1198.645,1,16777215,2025-11-10 22:50:20,27300071881,11,告诉我你的名字,夏目友人帐 第七季,113638224433107
突然发现妖怪身上的纸和友人帐的纸很像啊？,305.759,1,16777215,2025-11-10 22:30:34,27300071881,11,告诉我你的名字,夏目友人帐 第七季,113638224433107
婆婆纳,1120.807,1,16777215,2025-11-10 19:32:50,27300071881,11,告诉我你的名字,夏目友人帐 第七季,113638224433107
哈哈,1089.112,1,16777215,2025-11-10 19:32:16,27300071881,11,告诉我你的名字,夏目友人帐 第七季,113638224433107
‘【； ；；；；；； ；；；；；；； ；；；；；；；；；；；；；；；；；；；；；；；；；；；；；；；；；；；；；；；；；；,835.688,1,16777215,2025-11-10 12:33:41,27300071881,11,告诉我你的名字,夏目友人帐 第七季,113638224433107
馒头卡,812.914,1,16777215,2025-11-09 21:25:44,27300071881,11,告诉我你的名字,夏目友人帐 第七季,113638224433107
梦开始的地方,1142.245,1,16777215,2025-11-09 00:58:48,27300071881,11,告诉我你的名字,夏目友人帐 第七季,113638224433107
那估计后来也等不来这个女孩了所以,567.82,1,16777215,2025-11-08 22:38:16,27300071881,11,告诉我你的名字,夏目友人帐 第七季,113638224433107
不死他爹,102.048,1,16777215,2025-11-07 21:20:07,27300071881,11,告诉我你的名字,夏目友人帐 第七季,113638224433107
哇哇哇,1370.117,1,15138834,2025-11-07 19:42:10,27300071881,11,告诉我你的名字,夏目友人帐 第七季,113638224433107
第一张,1302.722,1,15138834,2025-11-07 19:40:59,27300071881,11,告诉我你的名字,夏目友人帐 第七季,113638224433107
呀嘞呀嘞,1226.757,1,15138834,2025-11-07 19:39:29,27300071881,11,告诉我你的名字,夏目友人帐 第七季,113638224433107
友人帐の源,1150.403,1,15138834,2025-11-07 19:38:09,27300071881,11,告诉我你的名字,夏目友人帐 第七季,113638224433107
还真吃瓜吃到自己,825.147,1,15138834,2025-11-07 19:31:52,27300071881,11,告诉我你的名字,夏目友人帐 第七季,113638224433107
万恶之源草,548.551,1,15138834,2025-11-07 19:26:54,27300071881,11,告诉我你的名字,夏目友人帐 第七季,113638224433107
保护她,483.424,1,15138834,2025-11-07 19:25:40,27300071881,11,告诉我你的名字,夏目友人帐 第七季,113638224433107
噗嗤,445.345,1,15138834,2025-11-07 19:24:57,27300071881,11,告诉我你的名字,夏目友人帐 第七季,113638224433107
确实霎啊,384.174,1,15138834,2025-11-07 19:23:43,27300071881,11,告诉我你的名字,夏目友人帐 第七季,113638224433107
玲子确实漂亮,273.971,1,15138834,2025-11-07 19:21:25,27300071881,11,告诉我你的名字,夏目友人帐 第七季,113638224433107
开服级先驱玩家哈哈哈,161.128,1,15138834,2025-11-07 19:19:00,27300071881,11,告诉我你的名字,夏目友人帐 第七季,113638224433107
开服玩家哈哈哈,165.991,1,15138834,2025-11-07 19:18:19,27300071881,11,告诉我你的名字,夏目友人帐 第七季,113638224433107
开服玩家哈哈哈,167.41,1,15138834,2025-11-07 19:18:07,27300071881,11,告诉我你的名字,夏目友人帐 第七季,113638224433107
元老了,169.821,1,15138834,2025-11-07 19:17:27,27300071881,11,告诉我你的名字,夏目友人帐 第七季,113638224433107
你们一定会一起看到的,1399.143,1,16777215,2025-11-07 12:27:05,27300071881,11,告诉我你的名字,夏目友人帐 第七季,113638224433107
第一页啊,1311.688,1,16777215,2025-11-07 12:23:14,27300071881,11,告诉我你的名字,夏目友人帐 第七季,113638224433107
好想哭,1310.148,1,16777215,2025-11-07 12:23:08,27300071881,11,告诉我你的名字,夏目友人帐 第七季,113638224433107
错过了,1209.44,1,16777215,2025-11-07 12:20:03,27300071881,11,告诉我你的名字,夏目友人帐 第七季,113638224433107
怎么是你在哭啊,1083.616,1,16777215,2025-11-07 12:16:52,27300071881,11,告诉我你的名字,夏目友人帐 第七季,113638224433107
原来友人帐是这么来的,565.958,1,16777215,2025-11-07 12:07:32,27300071881,11,告诉我你的名字,夏目友人帐 第七季,113638224433107
到底多少妖怪在追连载啦！,998.494,1,16777215,2025-11-07 01:36:15,27300071881,11,告诉我你的名字,夏目友人帐 第七季,113638224433107
呜呜呜 天呐 好遗憾啊,1384.786,1,16777215,2025-11-06 17:56:41,27300071881,11,告诉我你的名字,夏目友人帐 第七季,113638224433107
++.,1387.826,1,16777215,2025-11-06 12:46:38,27300071881,11,告诉我你的名字,夏目友人帐 第七季,113638224433107
这里的人是ed,1341.926,5,15138834,2025-11-05 16:33:57,27300071881,11,告诉我你的名字,夏目友人帐 第七季,113638224433107
喜林草，我家门口花坛里一大片,1111.528,5,15138834,2025-11-05 16:29:52,27300071881,11,告诉我你的名字,夏目友人帐 第七季,113638224433107
◎◎,901.266,5,15138834,2025-11-05 16:25:47,27300071881,11,告诉我你的名字,夏目友人帐 第七季,113638224433107
津叔！,94.723,1,16777215,2025-11-05 07:26:17,27300071881,11,告诉我你的名字,夏目友人帐 第七季,113638224433107
好好听啊,1372.062,1,16777215,2025-11-05 02:00:49,27300071881,11,告诉我你的名字,夏目友人帐 第七季,113638224433107
温柔的女汉子,481.782,1,16777215,2025-11-04 21:24:43,27300071881,11,告诉我你的名字,夏目友人帐 第七季,113638224433107
家妻献丑了,287.042,1,16777215,2025-11-04 21:19:54,27300071881,11,告诉我你的名字,夏目友人帐 第七季,113638224433107
这么好听的声音,220.639,1,16777215,2025-11-04 21:11:51,27300071881,11,告诉我你的名字,夏目友人帐 第七季,113638224433107
布豪,663.177,1,16777215,2025-11-04 16:39:46,27300071881,11,告诉我你的名字,夏目友人帐 第七季,113638224433107
原来是你,552.933,1,16777215,2025-11-04 16:37:50,27300071881,11,告诉我你的名字,夏目友人帐 第七季,113638224433107
没有分享的义务！,525.379,1,16777215,2025-11-04 13:48:41,27300071881,11,告诉我你的名字,夏目友人帐 第七季,113638224433107
呜呜呜呜呜,1243.219,1,16777215,2025-11-04 01:12:40,27300071881,11,告诉我你的名字,夏目友人帐 第七季,113638224433107
进度条可以停了求求了,1026.327,1,16777215,2025-11-03 21:15:55,27300071881,11,告诉我你的名字,夏目友人帐 第七季,113638224433107
搬家了,1076.199,1,16777215,2025-11-03 21:11:06,27300071881,11,告诉我你的名字,夏目友人帐 第七季,113638224433107
完了完了完了完了完了完了完了完了完了完了,709.109,1,16777215,2025-11-03 21:10:15,27300071881,11,告诉我你的名字,夏目友人帐 第七季,113638224433107
能读心的大妖怪,194.46,1,16777215,2025-11-03 20:55:44,27300071881,11,告诉我你的名字,夏目友人帐 第七季,113638224433107
好喜欢这集,429.85,1,16777215,2025-11-03 20:03:09,27300071881,11,告诉我你的名字,夏目友人帐 第七季,113638224433107
一直很好奇，玲子如何遇到那个让她心动的人呢,756.607,1,16777215,2025-11-03 12:52:04,27300071881,11,告诉我你的名字,夏目友人帐 第七季,113638224433107
呜呜呜呜呜呜呜,1236.708,1,16777215,2025-11-03 12:28:30,27300071881,11,告诉我你的名字,夏目友人帐 第七季,113638224433107
所以是这样玲子爱上了比试嘛哈哈哈,590.949,1,16777215,2025-11-03 01:21:06,27300071881,11,告诉我你的名字,夏目友人帐 第七季,113638224433107
所以刚刚这两句是在读他们心里的声音吗？,198.478,1,16777215,2025-11-03 01:09:56,27300071881,11,告诉我你的名字,夏目友人帐 第七季,113638224433107
从一个帅大叔的声音就搞抽象了。,193.723,1,16777215,2025-11-03 01:07:59,27300071881,11,告诉我你的名字,夏目友人帐 第七季,113638224433107
我靠好美啊,381.739,1,16777215,2025-11-01 23:46:28,27300071881,11,告诉我你的名字,夏目友人帐 第七季,113638224433107
原来是你！,553.82,1,16777215,2025-11-01 23:04:20,27300071881,11,告诉我你的名字,夏目友人帐 第七季,113638224433107
快告诉,1020.813,1,16777215,2025-11-01 20:14:31,27300071881,11,告诉我你的名字,夏目友人帐 第七季,113638224433107
啊，我都玲子外婆,858.501,1,16777215,2025-11-01 20:11:48,27300071881,11,告诉我你的名字,夏目友人帐 第七季,113638224433107
你这玩意还有多少页啊，怎么还有这么厚啊,178.712,1,16777215,2025-11-01 19:57:15,27300071881,11,告诉我你的名字,夏目友人帐 第七季,113638224433107
终于见到了外婆一面了啊,1357.342,1,16777215,2025-11-01 19:38:17,27300071881,11,告诉我你的名字,夏目友人帐 第七季,113638224433107
如果有能跨越时间的妖怪就好了，传达这个情绪,1379.357,1,16777215,2025-11-01 18:25:47,27300071881,11,告诉我你的名字,夏目友人帐 第七季,113638224433107
太悲伤了呜呜呜呜,1285.878,1,16777215,2025-11-01 18:24:58,27300071881,11,告诉我你的名字,夏目友人帐 第七季,113638224433107
不可结缘  徒增寂寞,1175.831,1,16777215,2025-11-01 15:16:51,27300071881,11,告诉我你的名字,夏目友人帐 第七季,113638224433107
不可结缘，徒增悲伤,1388.882,1,16777215,2025-11-01 09:42:17,27300071881,11,告诉我你的名字,夏目友人帐 第七季,113638224433107
原来是你！,555.695,1,16777215,2025-10-31 18:52:22,27300071881,11,告诉我你的名字,夏目友人帐 第七季,113638224433107
她是只能一个人呆着。。。,316.684,1,16777215,2025-10-30 14:55:58,27300071881,11,告诉我你的名字,夏目友人帐 第七季,113638224433107
想起来大王：“声音是可以变得么么哒”,203.512,1,16777215,2025-10-30 14:53:42,27300071881,11,告诉我你的名字,夏目友人帐 第七季,113638224433107
第一张啊，第一名友人！！,1302.864,1,13369971,2025-10-29 16:02:15,27300071881,11,告诉我你的名字,夏目友人帐 第七季,113638224433107
哭死,1234.532,1,16777215,2025-10-29 11:17:50,27300071881,11,告诉我你的名字,夏目友人帐 第七季,113638224433107
这段BGM好好听,1283.869,5,16777215,2025-10-28 15:15:29,27300071881,11,告诉我你的名字,夏目友人帐 第七季,113638224433107
两个都好好啊,423.377,5,16777215,2025-10-28 14:47:16,27300071881,11,告诉我你的名字,夏目友人帐 第七季,113638224433107
娜娜米,98.28,1,16777215,2025-10-27 21:08:55,27300071881,11,告诉我你的名字,夏目友人帐 第七季,113638224433107
你的名字,554.977,1,16777215,2025-10-27 00:27:54,27300071881,11,告诉我你的名字,夏目友人帐 第七季,113638224433107
苍子很漂亮,617.709,1,16777215,2025-10-26 18:27:18,27300071881,11,告诉我你的名字,夏目友人帐 第七季,113638224433107
最初的比试！,577.226,1,16777215,2025-10-26 18:26:37,27300071881,11,告诉我你的名字,夏目友人帐 第七季,113638224433107
神回,1327.972,1,16777215,2025-10-24 19:07:04,27300071881,11,告诉我你的名字,夏目友人帐 第七季,113638224433107
至不灭的你！！,188.436,1,16777215,2025-10-24 13:14:00,27300071881,11,告诉我你的名字,夏目友人帐 第七季,113638224433107
原来是你！友人帐的起源！,557.797,1,16777215,2025-10-23 23:59:00,27300071881,11,告诉我你的名字,夏目友人帐 第七季,113638224433107
最好的小妖怪,999.684,1,16777215,2025-10-23 16:14:23,27300071881,11,告诉我你的名字,夏目友人帐 第七季,113638224433107
妖怪：完啦,553.509,1,16777215,2025-10-23 16:04:07,27300071881,11,告诉我你的名字,夏目友人帐 第七季,113638224433107
此处环境描写的作用,1036.972,1,16777215,2025-10-23 11:08:10,27300071881,11,告诉我你的名字,夏目友人帐 第七季,113638224433107
呜呜呜呜 ,1410.791,1,16777215,2025-10-20 20:40:43,27300071881,11,告诉我你的名字,夏目友人帐 第七季,113638224433107
哭死我了,1270.503,1,16777215,2025-10-20 20:38:18,27300071881,11,告诉我你的名字,夏目友人帐 第七季,113638224433107
哎呀！！日本那个地方！还能一辈子不见面，真难受啊,1244.359,1,16777215,2025-10-20 13:08:14,27300071881,11,告诉我你的名字,夏目友人帐 第七季,113638224433107
这声音好熟悉就是想不起来了,150.631,1,16777215,2025-10-19 12:24:52,27300071881,11,告诉我你的名字,夏目友人帐 第七季,113638224433107
竟然有腿,310.049,1,16777215,2025-10-17 04:18:55,27300071881,11,告诉我你的名字,夏目友人帐 第七季,113638224433107
呜呜呜,1340.686,1,16777215,2025-10-14 15:58:21,27300071881,11,告诉我你的名字,夏目友人帐 第七季,113638224433107
这这这，这配音！！,171.206,1,16777215,2025-10-11 22:45:54,27300071881,11,告诉我你的名字,夏目友人帐 第七季,113638224433107
但一般人本来就看不见妖怪，无视才是正常的啊，除非它们知道玲子能看见妖怪,237.158,1,16777215,2025-10-10 19:19:00,27300071881,11,告诉我你的名字,夏目友人帐 第七季,113638224433107
日本高中生小圈子现象特别严重，转学生很费时间才能融入班级,698.617,1,16777215,2025-10-09 23:35:39,27300071881,11,告诉我你的名字,夏目友人帐 第七季,113638224433107
呜呜呜呜呜呜呜呜呜呜呜呜呜,1412.811,1,16777215,2025-10-09 18:48:15,27300071881,11,告诉我你的名字,夏目友人帐 第七季,113638224433107
哇 蓝色花田,1115.622,1,16777215,2025-10-09 11:05:29,27300071881,11,告诉我你的名字,夏目友人帐 第七季,113638224433107
先天性心脏病？,660.597,1,16777215,2025-10-09 10:51:20,27300071881,11,告诉我你的名字,夏目友人帐 第七季,113638224433107
尊哥和娜娜米！,159.102,1,16777215,2025-10-08 13:44:06,27300071881,11,告诉我你的名字,夏目友人帐 第七季,113638224433107
会有第8集的。,1428.981,1,16777215,2025-10-07 23:06:16,27300071881,11,告诉我你的名字,夏目友人帐 第七季,113638224433107
不会完结的。,1428.981,1,16777215,2025-10-07 23:05:59,27300071881,11,告诉我你的名字,夏目友人帐 第七季,113638224433107
大家下期见。,1428.981,1,16777215,2025-10-07 23:05:21,27300071881,11,告诉我你的名字,夏目友人帐 第七季,113638224433107
没有告知的义务！,1128.516,1,16777215,2025-10-07 17:04:44,27300071881,11,告诉我你的名字,夏目友人帐 第七季,113638224433107
唔，我的友人帐终于出来啦,175.527,1,16777215,2025-10-07 15:38:35,27300071881,11,告诉我你的名字,夏目友人帐 第七季,113638224433107
应该是生病了，可能走掉了，或者出不了门,1086.738,1,16777215,2025-10-05 16:32:19,27300071881,11,告诉我你的名字,夏目友人帐 第七季,113638224433107
好可爱哈哈哈,998.589,1,16777215,2025-10-05 10:43:27,27300071881,11,告诉我你的名字,夏目友人帐 第七季,113638224433107
呜呜呜呜呜呜呜呜呜,1229.228,1,16777215,2025-10-05 04:23:29,27300071881,11,告诉我你的名字,夏目友人帐 第七季,113638224433107
有刀,666.339,1,16777215,2025-10-05 03:49:50,27300071881,11,告诉我你的名字,夏目友人帐 第七季,113638224433107
看成田沼了2333,812.149,1,16777215,2025-10-04 20:51:26,27300071881,11,告诉我你的名字,夏目友人帐 第七季,113638224433107
夏目第一次哭给我们看 ꒦ິ^꒦ິ,1409.144,1,16777215,2025-10-04 12:12:25,27300071881,11,告诉我你的名字,夏目友人帐 第七季,113638224433107
哈哈哈哈哈哈哈怎么这么可爱,1087.4,1,16777215,2025-10-04 12:03:02,27300071881,11,告诉我你的名字,夏目友人帐 第七季,113638224433107
好可惜,1250.216,1,16777215,2025-10-03 22:47:32,27300071881,11,告诉我你的名字,夏目友人帐 第七季,113638224433107
外婆攻的不行了,386.257,1,16777215,2025-10-02 11:58:47,27300071881,11,告诉我你的名字,夏目友人帐 第七季,113638224433107
把妹王,376.921,5,16777215,2025-09-27 18:51:14,27300071881,11,告诉我你的名字,夏目友人帐 第七季,113638224433107
总攻大人来了,259.18,1,16777215,2025-09-25 16:44:36,27300071881,11,告诉我你的名字,夏目友人帐 第七季,113638224433107
现在夏目都不怕妖怪了,149.329,1,16777215,2025-09-23 22:59:28,27300071881,11,告诉我你的名字,夏目友人帐 第七季,113638224433107
哈哈哈哈哈哈哈哈哈哈哈哈哈哈,1084.362,1,16777215,2025-09-23 21:38:51,27300071881,11,告诉我你的名字,夏目友人帐 第七季,113638224433107
说夜神月的笑死我了,223.918,1,16777215,2025-09-23 14:39:12,27300071881,11,告诉我你的名字,夏目友人帐 第七季,113638224433107
步豪！！！,662.5,1,16777215,2025-09-23 14:16:28,27300071881,11,告诉我你的名字,夏目友人帐 第七季,113638224433107
贵志妖力强会不会因为友人帐啊,812.11,1,16777215,2025-09-22 19:46:42,27300071881,11,告诉我你的名字,夏目友人帐 第七季,113638224433107
声音和样子完全不搭,154.037,1,16777215,2025-09-22 18:30:48,27300071881,11,告诉我你的名字,夏目友人帐 第七季,113638224433107
这个笑真的好忧伤又释怀啊,1277.799,1,16777215,2025-09-22 16:32:42,27300071881,11,告诉我你的名字,夏目友人帐 第七季,113638224433107
阴暗の怒视.jpg,998.266,1,16777215,2025-09-22 13:17:04,27300071881,11,告诉我你的名字,夏目友人帐 第七季,113638224433107
尊！,107.673,1,16777215,2025-09-21 12:51:04,27300071881,11,告诉我你的名字,夏目友人帐 第七季,113638224433107
祖传bgm,317.16,1,16777215,2025-09-19 21:53:33,27300071881,11,告诉我你的名字,夏目友人帐 第七季,113638224433107
123+,98.783,1,16777215,2025-09-19 16:45:52,27300071881,11,告诉我你的名字,夏目友人帐 第七季,113638224433107
哈哈哈哈哈哈哈哈哈哈,821.203,1,16777215,2025-09-19 07:05:28,27300071881,11,告诉我你的名字,夏目友人帐 第七季,113638224433107
起源,561.664,1,16777215,2025-09-19 01:55:53,27300071881,11,告诉我你的名字,夏目友人帐 第七季,113638224433107
不可結緣,525.601,1,16777215,2025-09-18 03:33:37,27300071881,11,告诉我你的名字,夏目友人帐 第七季,113638224433107
玲子做梦梦见苍子来找她了，呜呜呜呜,1364.574,1,16777215,2025-09-17 21:40:37,27300071881,11,告诉我你的名字,夏目友人帐 第七季,113638224433107
原来是因为你啊,544.175,1,16777215,2025-09-17 21:26:22,27300071881,11,告诉我你的名字,夏目友人帐 第七季,113638224433107
我哭死,1205.703,1,16777215,2025-09-16 13:50:40,27300071881,11,告诉我你的名字,夏目友人帐 第七季,113638224433107
居然是津叔,109.587,1,16777215,2025-09-14 21:56:54,27300071881,11,告诉我你的名字,夏目友人帐 第七季,113638224433107
韦一敏,228.647,5,15138834,2025-09-11 22:25:58,27300071881,11,告诉我你的名字,夏目友人帐 第七季,113638224433107
妖怪:啊？我吗？,827.925,1,16777215,2025-09-11 16:23:57,27300071881,11,告诉我你的名字,夏目友人帐 第七季,113638224433107
苍蓝野兽,614.01,1,16777215,2025-09-10 21:22:31,27300071881,11,告诉我你的名字,夏目友人帐 第七季,113638224433107
七海,99.991,1,16777215,2025-09-10 12:22:05,27300071881,11,告诉我你的名字,夏目友人帐 第七季,113638224433107
不要你离开 距离隔不开～,1126.717,5,16777215,2025-09-10 07:29:38,27300071881,11,告诉我你的名字,夏目友人帐 第七季,113638224433107
哭了,1353.803,1,16777215,2025-09-08 18:23:42,27300071881,11,告诉我你的名字,夏目友人帐 第七季,113638224433107
我的CP啊,1196.983,1,16777215,2025-09-08 18:20:58,27300071881,11,告诉我你的名字,夏目友人帐 第七季,113638224433107
小妖怪做得好,992.771,1,16777215,2025-09-08 18:16:56,27300071881,11,告诉我你的名字,夏目友人帐 第七季,113638224433107
原来是你啊,550.431,1,16777215,2025-09-08 18:09:01,27300071881,11,告诉我你的名字,夏目友人帐 第七季,113638224433107
空目,170.702,1,16777215,2025-09-07 23:29:06,27300071881,11,告诉我你的名字,夏目友人帐 第七季,113638224433107
娜娜米？？,100.822,1,16777215,2025-09-07 23:22:30,27300071881,11,告诉我你的名字,夏目友人帐 第七季,113638224433107
不要下这么合时宜的雨啊！,1030.185,1,16777215,2025-09-06 19:29:14,27300071881,11,告诉我你的名字,夏目友人帐 第七季,113638224433107
补豪,747.642,1,16777215,2025-09-05 12:43:49,27300071881,11,告诉我你的名字,夏目友人帐 第七季,113638224433107
展示猪肝,265.724,1,16777215,2025-09-04 13:43:47,27300071881,11,告诉我你的名字,夏目友人帐 第七季,113638224433107
INFJ,1169.911,5,16777215,2025-09-03 19:52:20,27300071881,11,告诉我你的名字,夏目友人帐 第七季,113638224433107
他分得清玲子和夏目耶,152.232,5,16777215,2025-09-03 19:29:45,27300071881,11,告诉我你的名字,夏目友人帐 第七季,113638224433107
这个妖怪没去找玲子，好像是因为不能离开这个地方。,1267.906,1,16777215,2025-09-03 00:40:12,27300071881,11,告诉我你的名字,夏目友人帐 第七季,113638224433107
还是很寂寞，所以不愿意回到以前一人的日子吧,1119.321,1,16777215,2025-08-31 17:18:10,27300071881,11,告诉我你的名字,夏目友人帐 第七季,113638224433107
最开始以为是妖怪？,363.721,1,16777215,2025-08-31 17:05:12,27300071881,11,告诉我你的名字,夏目友人帐 第七季,113638224433107
有同学吗。。。。。,1130.539,1,16777215,2025-08-31 13:42:41,27300071881,11,告诉我你的名字,夏目友人帐 第七季,113638224433107
梦开始的地方,1152.146,5,16777215,2025-08-31 10:23:33,27300071881,11,告诉我你的名字,夏目友人帐 第七季,113638224433107
恍然大悟,553.119,1,16777215,2025-08-31 03:15:42,27300071881,11,告诉我你的名字,夏目友人帐 第七季,113638224433107
才发现三三的嘴巴和它的屁屁一样都是X,1400.893,1,16777215,2025-08-30 14:27:56,27300071881,11,告诉我你的名字,夏目友人帐 第七季,113638224433107
让他带你去那片花海吧,1319.642,1,15138834,2025-08-30 01:14:06,27300071881,11,告诉我你的名字,夏目友人帐 第七季,113638224433107
你叫！咕～,536.85,1,16777215,2025-08-28 23:36:25,27300071881,11,告诉我你的名字,夏目友人帐 第七季,113638224433107
塔子阿姨比玲子小一辈呢，别猜了,438.653,1,16777215,2025-08-28 23:34:05,27300071881,11,告诉我你的名字,夏目友人帐 第七季,113638224433107
原来是俩独狼成了朋友,304.252,1,16777215,2025-08-28 23:30:58,27300071881,11,告诉我你的名字,夏目友人帐 第七季,113638224433107
万恶之源,551.193,1,16777215,2025-08-28 22:50:18,27300071881,11,告诉我你的名字,夏目友人帐 第七季,113638224433107
加纳,287.075,1,16777215,2025-08-28 18:26:31,27300071881,11,告诉我你的名字,夏目友人帐 第七季,113638224433107
应该是因为苍子才开始收集妖怪的名字的，毕竟友人帐第一页的菱恒,662.818,1,16777215,2025-08-28 16:13:28,27300071881,11,告诉我你的名字,夏目友人帐 第七季,113638224433107
不好！！！,670.172,1,16777215,2025-08-28 15:09:58,27300071881,11,告诉我你的名字,夏目友人帐 第七季,113638224433107
我好像刷到过这一集，结局是虐吗……,460.171,1,16777215,2025-08-27 16:28:11,27300071881,11,告诉我你的名字,夏目友人帐 第七季,113638224433107
！！！,1146.812,1,16777215,2025-08-27 15:36:51,27300071881,11,告诉我你的名字,夏目友人帐 第七季,113638224433107
QAQ,1238.867,1,16777215,2025-08-26 22:01:07,27300071881,11,告诉我你的名字,夏目友人帐 第七季,113638224433107
前面瓦尼塔斯的，一样,1132.52,5,16777215,2025-08-26 20:42:52,27300071881,11,告诉我你的名字,夏目友人帐 第七季,113638224433107
万恶之源啊啊啊啊,1147.733,1,16777215,2025-08-26 15:10:59,27300071881,11,告诉我你的名字,夏目友人帐 第七季,113638224433107
新bgm听得我眼泪刷刷的,1293.823,5,16777215,2025-08-25 13:44:51,27300071881,11,告诉我你的名字,夏目友人帐 第七季,113638224433107
此女是神,1036.493,1,16777215,2025-08-25 13:26:07,27300071881,11,告诉我你的名字,夏目友人帐 第七季,113638224433107
即使心情再不好，当你跟我一起打开这游戏的时候，我就开心的不得了。,187.793,1,16777215,2025-08-25 12:52:37,27300071881,11,告诉我你的名字,夏目友人帐 第七季,113638224433107
白雾花？,755.298,5,16777215,2025-08-25 12:35:30,27300071881,11,告诉我你的名字,夏目友人帐 第七季,113638224433107
美丽好心情,386.248,5,16777215,2025-08-24 23:01:08,27300071881,11,告诉我你的名字,夏目友人帐 第七季,113638224433107
此女美得好权威,375.711,5,16777215,2025-08-24 23:00:06,27300071881,11,告诉我你的名字,夏目友人帐 第七季,113638224433107
好遗憾呀,1411.676,5,16777215,2025-08-24 13:37:42,27300071881,11,告诉我你的名字,夏目友人帐 第七季,113638224433107
[ohhhh],952.699,1,16777215,2025-08-24 10:06:20,27300071881,11,告诉我你的名字,夏目友人帐 第七季,113638224433107
津叔来了。我草,100.014,1,16777215,2025-08-23 23:05:27,27300071881,11,告诉我你的名字,夏目友人帐 第七季,113638224433107
呜呜呜呜呜呜,1345.283,1,16777215,2025-08-23 17:01:14,27300071881,11,告诉我你的名字,夏目友人帐 第七季,113638224433107
这里是读了他俩的心里话吧,198.075,1,16777215,2025-08-22 22:24:54,27300071881,11,告诉我你的名字,夏目友人帐 第七季,113638224433107
三三真的好可爱呀哈哈哈哈哈哈好可爱,771.71,1,16777215,2025-08-22 15:24:25,27300071881,11,告诉我你的名字,夏目友人帐 第七季,113638224433107
好悲伤啊 明明是晴天但是我好悲伤,755.651,1,16777215,2025-08-22 15:23:44,27300071881,11,告诉我你的名字,夏目友人帐 第七季,113638224433107
呜呜呜呜,1408.541,1,16777215,2025-08-21 19:37:20,27300071881,11,告诉我你的名字,夏目友人帐 第七季,113638224433107
啊啊啊啊，这熟悉的声音！！！,101.092,1,16777215,2025-08-21 13:16:59,27300071881,11,告诉我你的名字,夏目友人帐 第七季,113638224433107
《友人帐的由来》,92.274,1,16777215,2025-08-21 03:03:27,27300071881,11,告诉我你的名字,夏目友人帐 第七季,113638224433107
希望善良的人一直善良,1391.905,1,16777215,2025-08-20 23:59:05,27300071881,11,告诉我你的名字,夏目友人帐 第七季,113638224433107
好可爱2333,1097.26,1,16777215,2025-08-20 23:53:35,27300071881,11,告诉我你的名字,夏目友人帐 第七季,113638224433107
大小眼2333,776.225,1,16777215,2025-08-20 23:49:59,27300071881,11,告诉我你的名字,夏目友人帐 第七季,113638224433107
好可爱,459.929,1,16777215,2025-08-20 23:45:36,27300071881,11,告诉我你的名字,夏目友人帐 第七季,113638224433107
————————————————————————————————————————————————————————————————————————————————————————————————————,473.365,1,16777215,2025-08-20 15:37:15,27300071881,11,告诉我你的名字,夏目友人帐 第七季,113638224433107
我受不了了嚎啕大哭,1361.216,1,16777215,2025-08-20 04:05:37,27300071881,11,告诉我你的名字,夏目友人帐 第七季,113638224433107
我受不了了这个错过的be！呜哇哇哇哇,1204.037,1,16777215,2025-08-20 04:02:44,27300071881,11,告诉我你的名字,夏目友人帐 第七季,113638224433107
“声音是可以变的么么哒”,194.403,1,11890,2025-08-19 23:59:34,27300071881,11,告诉我你的名字,夏目友人帐 第七季,113638224433107
哭了的汪一声,1321.704,1,16777215,2025-08-19 10:22:26,27300071881,11,告诉我你的名字,夏目友人帐 第七季,113638224433107
呜呜呜呜呜呜呜呜呜,1219.56,1,16777215,2025-08-19 10:20:16,27300071881,11,告诉我你的名字,夏目友人帐 第七季,113638224433107
第一页名字,1150.184,1,16777215,2025-08-19 10:19:03,27300071881,11,告诉我你的名字,夏目友人帐 第七季,113638224433107
现实生活中 是不可能有这种错过的  不是古代,1265.209,1,16777215,2025-08-18 20:45:31,27300071881,11,告诉我你的名字,夏目友人帐 第七季,113638224433107
什么告白语气啊啊啊啊,1011.823,1,16777215,2025-08-18 20:35:58,27300071881,11,告诉我你的名字,夏目友人帐 第七季,113638224433107
确实不长就二十几分钟,186.641,5,16777215,2025-08-15 16:42:00,27300071881,11,告诉我你的名字,夏目友人帐 第七季,113638224433107
君の名は？,5.848,5,9599289,2025-08-15 13:22:06,27300071881,11,告诉我你的名字,夏目友人帐 第七季,113638224433107
是不是八犬传里那个拥有八颗珠子之一的雕刻师,159.51,1,16777215,2025-08-14 21:27:51,27300071881,11,告诉我你的名字,夏目友人帐 第七季,113638224433107
跨、死我了,1268.265,1,16777215,2025-08-14 14:05:34,27300071881,11,告诉我你的名字,夏目友人帐 第七季,113638224433107
不要啊,664.497,5,15772458,2025-08-11 21:44:40,27300071881,11,告诉我你的名字,夏目友人帐 第七季,113638224433107
不愧是你,378.115,5,15772458,2025-08-11 21:39:41,27300071881,11,告诉我你的名字,夏目友人帐 第七季,113638224433107
好看,1304.712,1,16777215,2025-08-11 18:14:32,27300071881,11,告诉我你的名字,夏目友人帐 第七季,113638224433107
丸辣有,670.607,1,16777215,2025-08-11 10:16:42,27300071881,11,告诉我你的名字,夏目友人帐 第七季,113638224433107
苍月草,1111.228,1,16777215,2025-08-11 05:34:40,27300071881,11,告诉我你的名字,夏目友人帐 第七季,113638224433107
故事的起源！,553.955,1,16777215,2025-08-11 00:07:26,27300071881,11,告诉我你的名字,夏目友人帐 第七季,113638224433107
纳兹麦，内狗,1046.832,1,16777215,2025-08-10 22:35:23,27300071881,11,告诉我你的名字,夏目友人帐 第七季,113638224433107
开服老玩家,173.803,1,16777215,2025-08-10 19:47:36,27300071881,11,告诉我你的名字,夏目友人帐 第七季,113638224433107
啊啊啊啊妖怪好辛苦！,1227.185,1,16777215,2025-08-10 17:02:10,27300071881,11,告诉我你的名字,夏目友人帐 第七季,113638224433107
哇！好美！！！,1105.834,1,41194,2025-08-10 16:59:56,27300071881,11,告诉我你的名字,夏目友人帐 第七季,113638224433107
没有眼皮也哭啊呜呜呜,1082.593,1,16777215,2025-08-10 16:59:05,27300071881,11,告诉我你的名字,夏目友人帐 第七季,113638224433107
完了肯定是身体原因,663.032,1,16777215,2025-08-10 16:52:22,27300071881,11,告诉我你的名字,夏目友人帐 第七季,113638224433107
竟然是你,550.288,1,16777215,2025-08-10 16:50:22,27300071881,11,告诉我你的名字,夏目友人帐 第七季,113638224433107
挺可爱,449.646,1,16777215,2025-08-10 16:48:06,27300071881,11,告诉我你的名字,夏目友人帐 第七季,113638224433107
前几季讲了大概,654.022,1,16777215,2025-08-09 22:31:58,27300071881,11,告诉我你的名字,夏目友人帐 第七季,113638224433107
最后错过了，哎,631.041,1,16777215,2025-08-09 22:31:33,27300071881,11,告诉我你的名字,夏目友人帐 第七季,113638224433107
潘多拉贡！,175.23,1,16777215,2025-08-09 18:13:33,27300071881,11,告诉我你的名字,夏目友人帐 第七季,113638224433107
是刀子嘴豆腐心不要啊（悲伤）,626.229,1,16777215,2025-08-08 19:48:25,27300071881,11,告诉我你的名字,夏目友人帐 第七季,113638224433107
我不行了，刚想夸这个声音好听，但是现在这个声音,193.097,1,16777215,2025-08-08 18:18:58,27300071881,11,告诉我你的名字,夏目友人帐 第七季,113638224433107
哇库哇库,747.754,5,16707842,2025-08-08 04:52:43,27300071881,11,告诉我你的名字,夏目友人帐 第七季,113638224433107
好像啊,364.378,1,16777215,2025-08-08 00:23:29,27300071881,11,告诉我你的名字,夏目友人帐 第七季,113638224433107
good,325.826,1,16777215,2025-08-06 22:00:38,27300071881,11,告诉我你的名字,夏目友人帐 第七季,113638224433107
我哭了,1232.38,1,16777215,2025-08-06 18:36:16,27300071881,11,告诉我你的名字,夏目友人帐 第七季,113638224433107
这个圆溜溜的眼睛好可爱,802.689,1,16777215,2025-08-05 15:01:14,27300071881,11,告诉我你的名字,夏目友人帐 第七季,113638224433107
已經找不到蒼子了 蒼子過完那個秋天就病死了,1402.624,1,16777215,2025-08-04 22:36:09,27300071881,11,告诉我你的名字,夏目友人帐 第七季,113638224433107
有代餐的自覺,1165.991,1,16777215,2025-08-04 22:31:12,27300071881,11,告诉我你的名字,夏目友人帐 第七季,113638224433107
会不会是刚好生病了,1080.018,1,16777215,2025-08-04 16:45:38,27300071881,11,告诉我你的名字,夏目友人帐 第七季,113638224433107
不会又是妖怪吧,398.994,1,16777215,2025-08-04 16:26:36,27300071881,11,告诉我你的名字,夏目友人帐 第七季,113638224433107
你磕上了,447.706,1,16777215,2025-08-04 01:12:17,27300071881,11,告诉我你的名字,夏目友人帐 第七季,113638224433107
辛美尔,1120.571,1,16777215,2025-08-03 20:34:39,27300071881,11,告诉我你的名字,夏目友人帐 第七季,113638224433107
禁术的开端,546.161,1,16777215,2025-08-02 19:10:07,27300071881,11,告诉我你的名字,夏目友人帐 第七季,113638224433107
不用上学吗（bu shi,727.25,1,16777215,2025-08-01 23:16:44,27300071881,11,告诉我你的名字,夏目友人帐 第七季,113638224433107
大蓝波？！,221.823,1,16777215,2025-08-01 19:36:41,27300071881,11,告诉我你的名字,夏目友人帐 第七季,113638224433107
本集泪点暴多！！,102.435,5,16777215,2025-08-01 18:39:07,27300071881,11,告诉我你的名字,夏目友人帐 第七季,113638224433107
这片花海不养闲人,1120.746,1,16777215,2025-08-01 13:28:57,27300071881,11,告诉我你的名字,夏目友人帐 第七季,113638224433107
万恶之源,549.719,1,16777215,2025-08-01 13:17:31,27300071881,11,告诉我你的名字,夏目友人帐 第七季,113638224433107
哈哈哈哈哈哈,195.962,1,16777215,2025-08-01 13:11:29,27300071881,11,告诉我你的名字,夏目友人帐 第七季,113638224433107
蓝波！,156.903,1,16777215,2025-08-01 01:02:44,27300071881,11,告诉我你的名字,夏目友人帐 第七季,113638224433107
thkl,506.286,1,16777215,2025-07-30 21:30:13,27300071881,11,告诉我你的名字,夏目友人帐 第七季,113638224433107
感觉在看长发纳兹咩，真的好像,1354.133,1,16777215,2025-07-30 13:21:00,27300071881,11,告诉我你的名字,夏目友人帐 第七季,113638224433107
哈哈哈,134.36,1,16777215,2025-07-30 00:56:34,27300071881,11,告诉我你的名字,夏目友人帐 第七季,113638224433107
此后这么多次比赛，夏目玲子只输过和苍子的第一次,1147.223,1,16777215,2025-07-29 22:45:01,27300071881,11,告诉我你的名字,夏目友人帐 第七季,113638224433107
糖果会越吃越饿的。,538.657,1,16777215,2025-07-28 21:03:20,27300071881,11,告诉我你的名字,夏目友人帐 第七季,113638224433107
这女孩之前好像出现过。,346.19,1,16777215,2025-07-28 21:00:01,27300071881,11,告诉我你的名字,夏目友人帐 第七季,113638224433107
先天性心脏病吧,664.775,1,16777215,2025-07-28 17:01:21,27300071881,11,告诉我你的名字,夏目友人帐 第七季,113638224433107
应该是怕同伴都去冷落那个女的,393.746,1,16777215,2025-07-26 19:29:35,27300071881,11,告诉我你的名字,夏目友人帐 第七季,113638224433107
不可结缘呜呜呜,1220.485,1,16777215,2025-07-26 15:18:20,27300071881,11,告诉我你的名字,夏目友人帐 第七季,113638224433107
嗷嗷嗷居然感觉在看咒术回战,111.262,1,16777215,2025-07-26 14:54:18,27300071881,11,告诉我你的名字,夏目友人帐 第七季,113638224433107
BGM返场,301.902,1,16777215,2025-07-25 22:46:30,27300071881,11,告诉我你的名字,夏目友人帐 第七季,113638224433107
神！！！,1344.911,1,16777215,2025-07-25 15:06:17,27300071881,11,告诉我你的名字,夏目友人帐 第七季,113638224433107
暮色苍然。,634.152,5,16777215,2025-07-24 22:26:56,27300071881,11,告诉我你的名字,夏目友人帐 第七季,113638224433107
声优跟神乃木庄龙似的。,295.821,5,16777215,2025-07-24 22:20:01,27300071881,11,告诉我你的名字,夏目友人帐 第七季,113638224433107
古明地觉幻视。,217.44,1,16777215,2025-07-24 22:18:15,27300071881,11,告诉我你的名字,夏目友人帐 第七季,113638224433107
苍子玲子也是真的意难平，当时看漫画哭了好一会才缓过来,147.361,1,16777215,2025-07-24 15:59:01,27300071881,11,告诉我你的名字,夏目友人帐 第七季,113638224433107
看哭了,1412.263,1,16777215,2025-07-24 02:19:12,27300071881,11,告诉我你的名字,夏目友人帐 第七季,113638224433107
友人帐第一次翻页跟以往不同了！！直接第一页啊,1323.517,1,16777215,2025-07-24 00:00:59,27300071881,11,告诉我你的名字,夏目友人帐 第七季,113638224433107
原来是这样子啊,552.253,1,16777215,2025-07-23 17:56:29,27300071881,11,告诉我你的名字,夏目友人帐 第七季,113638224433107
怎么看见个人就喊外公,355.453,1,16777215,2025-07-23 17:52:21,27300071881,11,告诉我你的名字,夏目友人帐 第七季,113638224433107
我怎么感觉自己看过这一集……,1079.102,5,16777215,2025-07-22 21:41:19,27300071881,11,告诉我你的名字,夏目友人帐 第七季,113638224433107
我想带你去看,728.104,1,16777215,2025-07-22 00:19:42,27300071881,11,告诉我你的名字,夏目友人帐 第七季,113638224433107
不是七濑哦，和之前年轻的七濑不一样,391.848,1,16777215,2025-07-22 00:12:36,27300071881,11,告诉我你的名字,夏目友人帐 第七季,113638224433107
你啊！,550.191,5,16777215,2025-07-21 17:16:26,27300071881,11,告诉我你的名字,夏目友人帐 第七季,113638224433107
啊 玲子 很美 我们都感受到了,1409.853,1,16777215,2025-07-21 13:26:39,27300071881,11,告诉我你的名字,夏目友人帐 第七季,113638224433107
所以 传达到了 夏目感受到了,1388.885,1,16777215,2025-07-21 13:25:45,27300071881,11,告诉我你的名字,夏目友人帐 第七季,113638224433107
如果不在需要 如果不在呼唤我了 就把我的名字还给我吧 啊啊啊,1343.96,1,16777215,2025-07-21 13:23:28,27300071881,11,告诉我你的名字,夏目友人帐 第七季,113638224433107
不可结缘,1316.315,1,16777215,2025-07-21 13:22:25,27300071881,11,告诉我你的名字,夏目友人帐 第七季,113638224433107
直角视角第一页的友人帐 我哭死,1298.777,1,16777215,2025-07-21 13:22:00,27300071881,11,告诉我你的名字,夏目友人帐 第七季,113638224433107
不装了 我是外公,1047.703,1,16777215,2025-07-21 13:15:07,27300071881,11,告诉我你的名字,夏目友人帐 第七季,113638224433107
不是随便睡哦 这一带只有这里没什么妖怪,277.112,1,16777215,2025-07-21 00:55:30,27300071881,11,告诉我你的名字,夏目友人帐 第七季,113638224433107
万恶之源,552.675,1,16777215,2025-07-20 22:42:10,27300071881,11,告诉我你的名字,夏目友人帐 第七季,113638224433107
本来没想笑，那个弦一郎哭是什么鬼，想笑死我吗,1097.191,1,16777215,2025-07-20 22:33:08,27300071881,11,告诉我你的名字,夏目友人帐 第七季,113638224433107
怎么还有终焉粉,684.154,1,15138834,2025-07-20 15:05:42,27300071881,11,告诉我你的名字,夏目友人帐 第七季,113638224433107
三三哈哈哈哈哈,206.287,1,16777215,2025-07-19 12:46:48,27300071881,11,告诉我你的名字,夏目友人帐 第七季,113638224433107
友人账的由来啊，我和你交换名字，我们就是朋友了,1146.08,1,16777215,2025-07-19 01:51:25,27300071881,11,告诉我你的名字,夏目友人帐 第七季,113638224433107
玲子和贵志长了同一张脸啊,473.953,1,16777215,2025-07-18 23:43:30,27300071881,11,告诉我你的名字,夏目友人帐 第七季,113638224433107
苍月草！！,1122.578,1,16777215,2025-07-18 22:05:19,27300071881,11,告诉我你的名字,夏目友人帐 第七季,113638224433107
已经懂得拿捏三三了,129.25,1,16777215,2025-07-18 18:33:40,27300071881,11,告诉我你的名字,夏目友人帐 第七季,113638224433107
是结局，也是开端,1146.927,1,16777215,2025-07-17 17:10:49,27300071881,11,告诉我你的名字,夏目友人帐 第七季,113638224433107
误会了，呜呜呜,1067.95,1,16777215,2025-07-17 17:08:55,27300071881,11,告诉我你的名字,夏目友人帐 第七季,113638224433107
下雨不会有好结局的，但是我相信这里不一样,1028.795,1,16777215,2025-07-17 17:07:44,27300071881,11,告诉我你的名字,夏目友人帐 第七季,113638224433107
说出来了！,1021.872,1,16777215,2025-07-17 17:07:05,27300071881,11,告诉我你的名字,夏目友人帐 第七季,113638224433107
可以告诉我你的名字吗？万恶之源，哈哈哈,1010.036,1,16777215,2025-07-17 17:06:41,27300071881,11,告诉我你的名字,夏目友人帐 第七季,113638224433107
妖怪神助攻,996.229,1,16777215,2025-07-17 17:05:59,27300071881,11,告诉我你的名字,夏目友人帐 第七季,113638224433107
当玲子面说玲子吗？有点意思,832.358,1,16777215,2025-07-17 17:00:08,27300071881,11,告诉我你的名字,夏目友人帐 第七季,113638224433107
？感觉玲子,832.358,1,16777215,2025-07-17 16:59:33,27300071881,11,告诉我你的名字,夏目友人帐 第七季,113638224433107
估计等不到“到时候”了,730.671,1,16777215,2025-07-17 16:56:44,27300071881,11,告诉我你的名字,夏目友人帐 第七季,113638224433107
万恶之源,623.468,1,16777215,2025-07-17 16:53:36,27300071881,11,告诉我你的名字,夏目友人帐 第七季,113638224433107
月神夜告诉我你的名字,109.469,1,16777215,2025-07-17 14:59:45,27300071881,11,告诉我你的名字,夏目友人帐 第七季,113638224433107
朋友错过 啊啊啊啊，呜呜呜,1408.34,1,16777215,2025-07-16 20:29:37,27300071881,11,告诉我你的名字,夏目友人帐 第七季,113638224433107
哈哈哈哈哈毛茸茸哭了,1081.463,1,16777215,2025-07-16 18:30:09,27300071881,11,告诉我你的名字,夏目友人帐 第七季,113638224433107
泪目了,1309.6,1,16777215,2025-07-16 10:22:19,27300071881,11,告诉我你的名字,夏目友人帐 第七季,113638224433107
原来是从你开的头啊,548.89,1,16777215,2025-07-16 02:05:08,27300071881,11,告诉我你的名字,夏目友人帐 第七季,113638224433107
次次上当，当当一样,132.529,1,16777215,2025-07-16 01:57:33,27300071881,11,告诉我你的名字,夏目友人帐 第七季,113638224433107
？七海建人，津叔？,101.584,1,16777215,2025-07-15 23:13:58,27300071881,11,告诉我你的名字,夏目友人帐 第七季,113638224433107
意难平啊啊啊啊,1136.945,1,16777215,2025-07-15 17:03:48,27300071881,11,告诉我你的名字,夏目友人帐 第七季,113638224433107
而且是蓝色,1128.305,1,16777215,2025-07-15 17:03:28,27300071881,11,告诉我你的名字,夏目友人帐 第七季,113638224433107
她是玲子的意难平啊啊啊想哭,557.665,1,16777215,2025-07-15 16:51:24,27300071881,11,告诉我你的名字,夏目友人帐 第七季,113638224433107
4k高清果然不一样,94.439,1,16777215,2025-07-15 13:29:12,27300071881,11,告诉我你的名字,夏目友人帐 第七季,113638224433107
是可以变出花田的魔法,1110.002,1,16777215,2025-07-15 10:19:56,27300071881,11,告诉我你的名字,夏目友人帐 第七季,113638224433107
眼睛进了压路机,1369.191,1,16777215,2025-07-14 14:43:02,27300071881,11,告诉我你的名字,夏目友人帐 第七季,113638224433107
这儿也能遇到同学？,1132.606,1,16777215,2025-07-14 12:40:00,27300071881,11,告诉我你的名字,夏目友人帐 第七季,113638224433107
我哭死了,1233.66,5,16777215,2025-07-14 12:32:46,27300071881,11,告诉我你的名字,夏目友人帐 第七季,113638224433107
原来是你,547.725,5,16777215,2025-07-14 12:19:25,27300071881,11,告诉我你的名字,夏目友人帐 第七季,113638224433107
能不要见谁都是外公吗,413.611,5,16777215,2025-07-14 12:16:59,27300071881,11,告诉我你的名字,夏目友人帐 第七季,113638224433107
娜娜米，我靠,99.047,1,16777215,2025-07-14 01:04:10,27300071881,11,告诉我你的名字,夏目友人帐 第七季,113638224433107
眼睛进猫咪老师了怎么办？好想哭,1396.227,1,16777215,2025-07-14 00:09:41,27300071881,11,告诉我你的名字,夏目友人帐 第七季,113638224433107
啊啊啊啊啊啊，哭死了,1278.079,1,16777215,2025-07-14 00:07:15,27300071881,11,告诉我你的名字,夏目友人帐 第七季,113638224433107
创始人你好( ^_^)／,561.818,1,16777215,2025-07-13 22:20:08,27300071881,11,告诉我你的名字,夏目友人帐 第七季,113638224433107
不是啊，你哭什么,1084.92,1,9487136,2025-07-13 16:23:41,27300071881,11,告诉我你的名字,夏目友人帐 第七季,113638224433107
原来是你夏目友人帐的开端,555.855,1,9487136,2025-07-13 16:17:42,27300071881,11,告诉我你的名字,夏目友人帐 第七季,113638224433107
这句笑死内传染给他,501.41,1,16777215,2025-07-13 07:57:14,27300071881,11,告诉我你的名字,夏目友人帐 第七季,113638224433107
哦～～～～～～原来如此,1147.163,1,16777215,2025-07-12 08:23:17,27300071881,11,告诉我你的名字,夏目友人帐 第七季,113638224433107
届不到啊届不到~,1240.499,1,16777215,2025-07-11 22:29:35,27300071881,11,告诉我你的名字,夏目友人帐 第七季,113638224433107
太遗憾了,1314.774,1,16777215,2025-07-11 19:41:57,27300071881,11,告诉我你的名字,夏目友人帐 第七季,113638224433107
呜呜呜呜呜呜呜呜呜呜呜眼睛栓栓的,1342.016,1,16777215,2025-07-10 22:11:20,27300071881,11,告诉我你的名字,夏目友人帐 第七季,113638224433107
刀死我了,1261.329,1,16777215,2025-07-10 22:09:34,27300071881,11,告诉我你的名字,夏目友人帐 第七季,113638224433107
哈哈哈哈哈哈哈哈哈哈哈哈哈哈哈哈哈哈哈哈哈,1086.686,1,16777215,2025-07-10 22:06:10,27300071881,11,告诉我你的名字,夏目友人帐 第七季,113638224433107
津田？,268.686,1,16777215,2025-07-10 13:51:29,27300071881,11,告诉我你的名字,夏目友人帐 第七季,113638224433107
初恋,169.304,1,16777215,2025-07-09 23:15:21,27300071881,11,告诉我你的名字,夏目友人帐 第七季,113638224433107
加纳～,365.679,1,16777215,2025-07-09 22:37:48,27300071881,11,告诉我你的名字,夏目友人帐 第七季,113638224433107
不可结缘，徒增寂寞,1379.59,1,16777215,2025-07-09 14:51:02,27300071881,11,告诉我你的名字,夏目友人帐 第七季,113638224433107
好家伙三个传闻里两个主角在场。。。,823.71,5,16777215,2025-07-09 01:27:38,27300071881,11,告诉我你的名字,夏目友人帐 第七季,113638224433107
！！！,328.592,1,16777215,2025-07-08 23:47:04,27300071881,11,告诉我你的名字,夏目友人帐 第七季,113638224433107
终于传达到了,1398.374,5,16777215,2025-07-08 15:32:43,27300071881,11,告诉我你的名字,夏目友人帐 第七季,113638224433107
人鱼的姬,350.713,1,16777215,2025-07-08 15:29:10,27300071881,11,告诉我你的名字,夏目友人帐 第七季,113638224433107
这里已经知道了吧，不过说出来可能就要分道扬镳了,867.636,1,16777215,2025-07-08 15:23:15,27300071881,11,告诉我你的名字,夏目友人帐 第七季,113638224433107
她随身带糖，不会是贫血吧,679.836,1,16777215,2025-07-08 15:19:22,27300071881,11,告诉我你的名字,夏目友人帐 第七季,113638224433107
津叔新声线？,191.351,1,16777215,2025-07-08 15:06:51,27300071881,11,告诉我你的名字,夏目友人帐 第七季,113638224433107
津叔！,94.154,1,16777215,2025-07-08 15:03:22,27300071881,11,告诉我你的名字,夏目友人帐 第七季,113638224433107
来了,111.048,1,16777215,2025-07-07 18:23:17,27300071881,11,告诉我你的名字,夏目友人帐 第七季,113638224433107
哈哈哈哈哈哈,203.216,1,16777215,2025-07-07 18:18:54,27300071881,11,告诉我你的名字,夏目友人帐 第七季,113638224433107
不存在让她得啦，玲子真的是万能,610.173,1,16777215,2025-07-07 12:39:00,27300071881,11,告诉我你的名字,夏目友人帐 第七季,113638224433107
还在go,363.623,1,16777215,2025-07-05 18:14:27,27300071881,11,告诉我你的名字,夏目友人帐 第七季,113638224433107
真是主线啊,1320.326,1,16777215,2025-07-05 17:09:10,27300071881,11,告诉我你的名字,夏目友人帐 第七季,113638224433107
月见草！！！,1108.434,5,16777215,2025-07-04 20:39:59,27300071881,11,告诉我你的名字,夏目友人帐 第七季,113638224433107
你也磕上了,450.118,1,16777215,2025-07-04 10:24:46,27300071881,11,告诉我你的名字,夏目友人帐 第七季,113638224433107
你到底是谁呀,102.677,1,16777215,2025-07-03 05:24:00,27300071881,11,告诉我你的名字,夏目友人帐 第七季,113638224433107
熟悉的音乐,312.102,1,16777215,2025-07-02 20:01:27,27300071881,11,告诉我你的名字,夏目友人帐 第七季,113638224433107
土笼,190.43,1,16777215,2025-07-02 19:59:15,27300071881,11,告诉我你的名字,夏目友人帐 第七季,113638224433107
来啦,8.449,1,16777215,2025-07-02 19:56:57,27300071881,11,告诉我你的名字,夏目友人帐 第七季,113638224433107
妈呀,1304.807,1,16777215,2025-07-01 19:06:43,27300071881,11,告诉我你的名字,夏目友人帐 第七季,113638224433107
本来没想哭的，看到夏目揉眼睛忍不住眼泪流下来了，共情到了，还好夏目身边有陪伴他的伙伴啊,1421.857,1,16777215,2025-07-01 16:04:48,27300071881,11,告诉我你的名字,夏目友人帐 第七季,113638224433107
本来没想ky哭的，看到夏目rouyamnj,1420.537,1,16777215,2025-07-01 16:03:50,27300071881,11,告诉我你的名字,夏目友人帐 第七季,113638224433107
永别了,432.521,5,16777215,2025-07-01 14:19:46,27300071881,11,告诉我你的名字,夏目友人帐 第七季,113638224433107
莉莉丝,149.386,1,16777215,2025-07-01 14:15:33,27300071881,11,告诉我你的名字,夏目友人帐 第七季,113638224433107
我的cpBE了呜呜呜呜呜呜呜,1084.288,5,41194,2025-06-30 15:17:01,27300071881,11,告诉我你的名字,夏目友人帐 第七季,113638224433107
哭了呜呜呜呜,1234.252,1,16777215,2025-06-30 11:31:30,27300071881,11,告诉我你的名字,夏目友人帐 第七季,113638224433107
想跟三三一起看 呜呜呜,1400.038,1,16777215,2025-06-29 21:51:49,27300071881,11,告诉我你的名字,夏目友人帐 第七季,113638224433107
你就是万恶之源啊,548.274,1,16777215,2025-06-29 21:43:36,27300071881,11,告诉我你的名字,夏目友人帐 第七季,113638224433107
我服了,1199.441,1,16777215,2025-06-29 18:56:08,27300071881,11,告诉我你的名字,夏目友人帐 第七季,113638224433107
想到了夜神月（bushi）,94.78,1,16777215,2025-06-29 18:06:03,27300071881,11,告诉我你的名字,夏目友人帐 第七季,113638224433107
"woc哥们竟然是NO.1,三三可能是NO.0",173.678,1,16777215,2025-06-29 11:07:33,27300071881,11,告诉我你的名字,夏目友人帐 第七季,113638224433107
备好纸巾,123.172,1,16777215,2025-06-26 19:06:25,27300071881,11,告诉我你的名字,夏目友人帐 第七季,113638224433107
眼睛热了,1357.394,1,16777215,2025-06-26 13:29:53,27300071881,11,告诉我你的名字,夏目友人帐 第七季,113638224433107
这就是人类和妖怪的区别 人类总是背叛放弃,1134.749,1,16777215,2025-06-26 13:21:46,27300071881,11,告诉我你的名字,夏目友人帐 第七季,113638224433107
这个ed响起催泪啊,1306.428,5,14811775,2025-06-25 21:30:26,27300071881,11,告诉我你的名字,夏目友人帐 第七季,113638224433107
会不会生病了,1073.554,5,14811775,2025-06-25 21:23:39,27300071881,11,告诉我你的名字,夏目友人帐 第七季,113638224433107
干得漂亮,994.621,5,14811775,2025-06-25 21:22:01,27300071881,11,告诉我你的名字,夏目友人帐 第七季,113638224433107
好可爱,447.036,5,14811775,2025-06-25 21:12:08,27300071881,11,告诉我你的名字,夏目友人帐 第七季,113638224433107
一个人最舒服,322.535,5,14811775,2025-06-25 21:09:58,27300071881,11,告诉我你的名字,夏目友人帐 第七季,113638224433107
好苏的声音,165.479,5,14811775,2025-06-25 20:59:52,27300071881,11,告诉我你的名字,夏目友人帐 第七季,113638224433107
三三老师：我不是那么好拿捏的哼,137.319,5,14811775,2025-06-25 20:59:09,27300071881,11,告诉我你的名字,夏目友人帐 第七季,113638224433107
已经在想第八季了,19.666,1,16777215,2025-06-25 20:58:05,27300071881,11,告诉我你的名字,夏目友人帐 第七季,113638224433107
挺好,1321.179,5,16777215,2025-06-25 16:49:14,27300071881,11,告诉我你的名字,夏目友人帐 第七季,113638224433107
万恶之源,550.008,5,16777215,2025-06-25 16:38:37,27300071881,11,告诉我你的名字,夏目友人帐 第七季,113638224433107
经典,299.883,5,16777215,2025-06-25 16:35:12,27300071881,11,告诉我你的名字,夏目友人帐 第七季,113638224433107
我来啦萝莉,93.395,5,16777215,2025-06-25 16:32:46,27300071881,11,告诉我你的名字,夏目友人帐 第七季,113638224433107
不上课吗,314.628,1,16777215,2025-06-24 23:40:47,27300071881,11,告诉我你的名字,夏目友人帐 第七季,113638224433107
一想到周防尊捂脸哭，就想笑,1082.213,1,16777215,2025-06-24 18:29:47,27300071881,11,告诉我你的名字,夏目友人帐 第七季,113638224433107
没有缘分啊老妹,1228.602,1,16777215,2025-06-24 01:19:22,27300071881,11,告诉我你的名字,夏目友人帐 第七季,113638224433107
本季最难过的一集,6.87,1,16777215,2025-06-23 12:28:53,27300071881,11,告诉我你的名字,夏目友人帐 第七季,113638224433107
一定会再见面的！,1367.828,1,16777215,2025-06-22 13:56:22,27300071881,11,告诉我你的名字,夏目友人帐 第七季,113638224433107
哎呦喂错过了呜呜呜,1240.601,1,16777215,2025-06-22 13:54:16,27300071881,11,告诉我你的名字,夏目友人帐 第七季,113638224433107
辛美尔,1106.611,1,16777215,2025-06-22 13:52:33,27300071881,11,告诉我你的名字,夏目友人帐 第七季,113638224433107
哈哈哈哈哈好呆好,282.099,1,16777215,2025-06-22 13:44:49,27300071881,11,告诉我你的名字,夏目友人帐 第七季,113638224433107
好有磁性的声音啊啊啊,153.235,1,16777215,2025-06-22 13:43:14,27300071881,11,告诉我你的名字,夏目友人帐 第七季,113638224433107
致不灭的你同款旁白,101.514,1,16777215,2025-06-22 13:09:06,27300071881,11,告诉我你的名字,夏目友人帐 第七季,113638224433107
哈哈哈,220.686,1,16777215,2025-06-21 22:21:54,27300071881,11,告诉我你的名字,夏目友人帐 第七季,113638224433107
所以苍子手破了事因为一直在家练习啊,928.022,1,16777215,2025-06-21 22:08:47,27300071881,11,告诉我你的名字,夏目友人帐 第七季,113638224433107
吾王尊！！,95.833,1,16646914,2025-06-21 16:10:57,27300071881,11,告诉我你的名字,夏目友人帐 第七季,113638224433107
不可结缘，徒增寂寞,1242.642,1,16777215,2025-06-21 10:49:07,27300071881,11,告诉我你的名字,夏目友人帐 第七季,113638224433107
あなたの名前。,93.561,1,16777215,2025-06-19 21:54:57,27300071881,11,告诉我你的名字,夏目友人帐 第七季,113638224433107
苍子是把姐王（）,1144.593,1,16707842,2025-06-18 20:09:36,27300071881,11,告诉我你的名字,夏目友人帐 第七季,113638224433107
可爱。。。,1082.216,1,16707842,2025-06-18 20:08:10,27300071881,11,告诉我你的名字,夏目友人帐 第七季,113638224433107
woc妖怪の把妹王,377.398,1,16707842,2025-06-18 19:52:30,27300071881,11,告诉我你的名字,夏目友人帐 第七季,113638224433107
可爱！！！！！！,346.232,1,16707842,2025-06-18 19:51:14,27300071881,11,告诉我你的名字,夏目友人帐 第七季,113638224433107
玲子！,118.068,1,16777215,2025-06-18 12:03:02,27300071881,11,告诉我你的名字,夏目友人帐 第七季,113638224433107
一下子就想到了玲子是觉得苍子嫌弃她而苍子可能是觉得玲子不再来了是因为上次自己说了玲子,1225.47,1,16777215,2025-06-17 19:07:09,27300071881,11,告诉我你的名字,夏目友人帐 第七季,113638224433107
尊哥？,165.906,1,16777215,2025-06-17 15:45:22,27300071881,11,告诉我你的名字,夏目友人帐 第七季,113638224433107
友人帐创始人,550.074,5,16777215,2025-06-17 15:24:09,27300071881,11,告诉我你的名字,夏目友人帐 第七季,113638224433107
来了,100.542,1,16777215,2025-06-17 15:15:07,27300071881,11,告诉我你的名字,夏目友人帐 第七季,113638224433107
哭死了,1404.549,1,16777215,2025-06-16 18:26:15,27300071881,11,告诉我你的名字,夏目友人帐 第七季,113638224433107
万恶之源,552.25,1,16777215,2025-06-15 13:24:47,27300071881,11,告诉我你的名字,夏目友人帐 第七季,113638224433107
ddd,430.141,1,16777215,2025-06-14 22:16:06,27300071881,11,告诉我你的名字,夏目友人帐 第七季,113638224433107
呜呜呜呜呜呜呜呜呜呜呜呜太好哭了,1396.384,5,15138834,2025-06-14 13:44:51,27300071881,11,告诉我你的名字,夏目友人帐 第七季,113638224433107
泪目了呜呜呜,1325.812,5,15138834,2025-06-14 13:43:26,27300071881,11,告诉我你的名字,夏目友人帐 第七季,113638224433107
人生总是在错过,1221.618,5,15138834,2025-06-14 13:41:14,27300071881,11,告诉我你的名字,夏目友人帐 第七季,113638224433107
太刀了,1198.751,5,15138834,2025-06-14 13:40:45,27300071881,11,告诉我你的名字,夏目友人帐 第七季,113638224433107
太萌了，哇哇大哭,1092.767,5,15138834,2025-06-14 13:38:48,27300071881,11,告诉我你的名字,夏目友人帐 第七季,113638224433107
玲子真的好酷,1045.577,5,15138834,2025-06-14 13:37:52,27300071881,11,告诉我你的名字,夏目友人帐 第七季,113638224433107
不要立flag啊啊啊,731.208,5,15138834,2025-06-14 13:32:09,27300071881,11,告诉我你的名字,夏目友人帐 第七季,113638224433107
完了，有种不太好的预感,665.332,5,15138834,2025-06-14 13:30:35,27300071881,11,告诉我你的名字,夏目友人帐 第七季,113638224433107
原来你是万物起源,549.195,5,15138834,2025-06-14 13:28:31,27300071881,11,告诉我你的名字,夏目友人帐 第七季,113638224433107
玲子！,270.453,5,15138834,2025-06-14 13:22:46,27300071881,11,告诉我你的名字,夏目友人帐 第七季,113638224433107
《你的名字》,224.715,5,15138834,2025-06-14 13:21:51,27300071881,11,告诉我你的名字,夏目友人帐 第七季,113638224433107
太萌了吧，哈哈哈,191.01,1,15138834,2025-06-14 13:18:56,27300071881,11,告诉我你的名字,夏目友人帐 第七季,113638224433107
八嘎八嘎西～,121.738,1,15138834,2025-06-14 13:17:25,27300071881,11,告诉我你的名字,夏目友人帐 第七季,113638224433107
苍子 不是故意的,1099.753,1,16777215,2025-06-13 14:56:08,27300071881,11,告诉我你的名字,夏目友人帐 第七季,113638224433107
原来是你啊,553.793,1,16777215,2025-06-13 11:35:32,27300071881,11,告诉我你的名字,夏目友人帐 第七季,113638224433107
补药,679.824,1,16777215,2025-06-13 08:32:36,27300071881,11,告诉我你的名字,夏目友人帐 第七季,113638224433107
哈哈哈哈哈哈坏坏的玲子,382.73,1,16777215,2025-06-12 21:24:56,27300071881,11,告诉我你的名字,夏目友人帐 第七季,113638224433107
呜呜玲子大人这个尾音,381.285,1,16777215,2025-06-12 18:30:30,27300071881,11,告诉我你的名字,夏目友人帐 第七季,113638224433107
津叔配的吗,103.74,1,16777215,2025-06-11 23:25:44,27300071881,11,告诉我你的名字,夏目友人帐 第七季,113638224433107
++++++++++++++++++++,1375.261,1,16777215,2025-06-11 17:01:20,27300071881,11,告诉我你的名字,夏目友人帐 第七季,113638224433107
石川由依,560.429,1,16777215,2025-06-10 22:43:31,27300071881,11,告诉我你的名字,夏目友人帐 第七季,113638224433107
托纳莉可,423.241,1,16777215,2025-06-10 22:40:48,27300071881,11,告诉我你的名字,夏目友人帐 第七季,113638224433107
我也觉得一个人很舒服,318.55,1,16777215,2025-06-10 19:32:20,27300071881,11,告诉我你的名字,夏目友人帐 第七季,113638224433107
是不是去种花了,1101.002,1,16777215,2025-06-10 17:00:06,27300071881,11,告诉我你的名字,夏目友人帐 第七季,113638224433107
HHHHHH,1002.365,1,16777215,2025-06-10 16:57:39,27300071881,11,告诉我你的名字,夏目友人帐 第七季,113638224433107
A ?,843.637,1,16777215,2025-06-10 16:55:00,27300071881,11,告诉我你的名字,夏目友人帐 第七季,113638224433107
一定是和外婆打牌输掉了名字,176.734,1,16777215,2025-06-09 00:23:50,27300071881,11,告诉我你的名字,夏目友人帐 第七季,113638224433107
突然想起贵志妈妈也很喜欢花呢......,728.383,1,16777215,2025-06-08 04:51:07,27300071881,11,告诉我你的名字,夏目友人帐 第七季,113638224433107
补兑！,658.965,1,16777215,2025-06-08 04:47:18,27300071881,11,告诉我你的名字,夏目友人帐 第七季,113638224433107
就是七海哦,251.286,1,16777215,2025-06-07 14:43:52,27300071881,11,告诉我你的名字,夏目友人帐 第七季,113638224433107
迷妹头子四方谷,1010.259,1,16777215,2025-06-06 10:03:37,27300071881,11,告诉我你的名字,夏目友人帐 第七季,113638224433107
我勒个友人帐创始人,563.175,1,16777215,2025-06-05 22:28:52,27300071881,11,告诉我你的名字,夏目友人帐 第七季,113638224433107
火种花！！,1106.628,5,16777215,2025-06-05 14:34:02,27300071881,11,告诉我你的名字,夏目友人帐 第七季,113638224433107
一开始的纸不会也是从这个妖怪身上薅的吧,1149.374,1,16777215,2025-06-05 01:09:53,27300071881,11,告诉我你的名字,夏目友人帐 第七季,113638224433107
心好痛难受窒息,1381.029,1,16777215,2025-06-04 18:06:35,27300071881,11,告诉我你的名字,夏目友人帐 第七季,113638224433107
他一直遵守着约定，所以他偷偷练就是想知道玲子的名字,955.115,1,16777215,2025-06-04 12:18:52,27300071881,11,告诉我你的名字,夏目友人帐 第七季,113638224433107
原来友人帐是这么来的,635.215,1,16777215,2025-06-03 21:28:55,27300071881,11,告诉我你的名字,夏目友人帐 第七季,113638224433107
好虐啊,1305.291,1,8700107,2025-06-03 15:54:55,27300071881,11,告诉我你的名字,夏目友人帐 第七季,113638224433107
居然是津叔,153.869,1,16777215,2025-06-03 01:47:01,27300071881,11,告诉我你的名字,夏目友人帐 第七季,113638224433107
又是津叔配旁白啊,104.21,1,16777215,2025-06-03 01:45:39,27300071881,11,告诉我你的名字,夏目友人帐 第七季,113638224433107
玲字这句打破了第三堵墙,1083.612,5,16777215,2025-06-02 15:14:26,27300071881,11,告诉我你的名字,夏目友人帐 第七季,113638224433107
明明没什么，看到第一页，哭了ಥ_ಥ,1309.481,1,41194,2025-06-01 14:44:47,27300071881,11,告诉我你的名字,夏目友人帐 第七季,113638224433107
要乐奈:无趣的女孩子,1164.205,1,16777215,2025-06-01 03:04:08,27300071881,11,告诉我你的名字,夏目友人帐 第七季,113638224433107
漫画是黑白的，现在是蓝色的（呜呜呜,1358.371,1,16777215,2025-05-31 23:44:24,27300071881,11,告诉我你的名字,夏目友人帐 第七季,113638224433107
天呐！哭死,1275.332,1,16777215,2025-05-30 22:10:55,27300071881,11,告诉我你的名字,夏目友人帐 第七季,113638224433107
还在补刀,1407.487,1,16777215,2025-05-30 03:08:43,27300071881,11,告诉我你的名字,夏目友人帐 第七季,113638224433107
原来是你,549.223,1,16777215,2025-05-29 03:53:21,27300071881,11,告诉我你的名字,夏目友人帐 第七季,113638224433107
来了,92.567,1,16777215,2025-05-28 02:48:55,27300071881,11,告诉我你的名字,夏目友人帐 第七季,113638224433107
啊啊啊啊,552.01,1,16777215,2025-05-25 19:18:49,27300071881,11,告诉我你的名字,夏目友人帐 第七季,113638224433107
原来如此,558.715,1,16777215,2025-05-25 19:18:43,27300071881,11,告诉我你的名字,夏目友人帐 第七季,113638224433107
好遗憾的错过,1277.119,1,16777215,2025-05-25 17:06:24,27300071881,11,告诉我你的名字,夏目友人帐 第七季,113638224433107
哈哈哈哈哈哈好可爱,292.559,1,16777215,2025-05-25 16:49:46,27300071881,11,告诉我你的名字,夏目友人帐 第七季,113638224433107
oi,337.082,1,14811775,2025-05-25 14:55:40,27300071881,11,告诉我你的名字,夏目友人帐 第七季,113638224433107
我竟然磕到了，磕到了，磕到了。,552.06,1,16777215,2025-05-25 10:58:37,27300071881,11,告诉我你的名字,夏目友人帐 第七季,113638224433107
是风动？不，是心动,316.617,1,16777215,2025-05-24 23:25:09,27300071881,11,告诉我你的名字,夏目友人帐 第七季,113638224433107
所以缘分就是要争取，被动等待不可取,1408.26,1,16777215,2025-05-24 20:17:33,27300071881,11,告诉我你的名字,夏目友人帐 第七季,113638224433107
好心疼,1172.935,1,16777215,2025-05-24 17:32:59,27300071881,11,告诉我你的名字,夏目友人帐 第七季,113638224433107
原来是这样！！,551.02,1,16777215,2025-05-23 19:48:30,27300071881,11,告诉我你的名字,夏目友人帐 第七季,113638224433107
我喜欢少数人的热闹,340.312,1,16776960,2025-05-22 11:40:48,27300071881,11,告诉我你的名字,夏目友人帐 第七季,113638224433107
考场无敌的能力,233.371,1,16777215,2025-05-22 11:39:01,27300071881,11,告诉我你的名字,夏目友人帐 第七季,113638224433107
致不灭的你,153.518,1,15138834,2025-05-22 00:49:31,27300071881,11,告诉我你的名字,夏目友人帐 第七季,113638224433107
落泪了,1117.423,1,16777215,2025-05-22 00:35:27,27300071881,11,告诉我你的名字,夏目友人帐 第七季,113638224433107
好磕,492.932,1,16777215,2025-05-22 00:24:11,27300071881,11,告诉我你的名字,夏目友人帐 第七季,113638224433107
津叔你瞅瞅你配了个啥！,161.021,5,16777215,2025-05-21 19:49:39,27300071881,11,告诉我你的名字,夏目友人帐 第七季,113638224433107
随地谁，不难受吗,272.293,1,16777215,2025-05-20 22:23:09,27300071881,11,告诉我你的名字,夏目友人帐 第七季,113638224433107
本集赞助商∶《你の名字》【不是】,90.689,1,16777215,2025-05-20 19:53:14,27300071881,11,告诉我你的名字,夏目友人帐 第七季,113638224433107
韦一敏,89.619,1,16777215,2025-05-20 10:55:54,27300071881,11,告诉我你的名字,夏目友人帐 第七季,113638224433107
心脏病?哮喘?,656.788,5,16777215,2025-05-20 01:06:39,27300071881,11,告诉我你的名字,夏目友人帐 第七季,113638224433107
好想传达给你啊,1222.589,1,16777215,2025-05-19 00:11:15,27300071881,11,告诉我你的名字,夏目友人帐 第七季,113638224433107
袁朗：你礼貌吗,319.24,1,16777215,2025-05-18 18:47:57,27300071881,11,告诉我你的名字,夏目友人帐 第七季,113638224433107
苍蓝,609.178,1,41194,2025-05-18 13:01:58,27300071881,11,告诉我你的名字,夏目友人帐 第七季,113638224433107
喜林草,1108.898,1,16777215,2025-05-18 00:12:53,27300071881,11,告诉我你的名字,夏目友人帐 第七季,113638224433107
最后的轻语,847.428,1,16777215,2025-05-17 13:18:35,27300071881,11,告诉我你的名字,夏目友人帐 第七季,113638224433107
梦的开始,557.18,1,16777215,2025-05-16 17:25:32,27300071881,11,告诉我你的名字,夏目友人帐 第七季,113638224433107
泪目,1362.941,1,16777215,2025-05-16 14:31:00,27300071881,11,告诉我你的名字,夏目友人帐 第七季,113638224433107
因为我的西皮be了啊喂,1086.647,1,16777215,2025-05-15 04:37:18,27300071881,11,告诉我你的名字,夏目友人帐 第七季,113638224433107
三三好可爱哦！,127.912,1,16777215,2025-05-14 18:37:42,27300071881,11,告诉我你的名字,夏目友人帐 第七季,113638224433107
我也来了,93.267,1,16777215,2025-05-14 18:36:25,27300071881,11,告诉我你的名字,夏目友人帐 第七季,113638224433107
苍子不会后面去世了吧？,668.87,1,16777215,2025-05-14 10:47:38,27300071881,11,告诉我你的名字,夏目友人帐 第七季,113638224433107
起源,557.231,1,16777215,2025-05-14 10:45:23,27300071881,11,告诉我你的名字,夏目友人帐 第七季,113638224433107
我想和你成为势均力敌的朋友,1014.098,1,16777215,2025-05-11 20:27:14,27300071881,11,告诉我你的名字,夏目友人帐 第七季,113638224433107
卧槽…不要啊,660.136,1,16777215,2025-05-11 20:22:27,27300071881,11,告诉我你的名字,夏目友人帐 第七季,113638224433107
珍惜这个还没开启战斗模式的玲子,307.539,1,16777215,2025-05-11 20:17:38,27300071881,11,告诉我你的名字,夏目友人帐 第七季,113638224433107
已经默认大妖怪的名字都在友人帐上了吗,111.442,1,16777215,2025-05-11 20:13:43,27300071881,11,告诉我你的名字,夏目友人帐 第七季,113638224433107
缘来是你,558.119,1,16777215,2025-05-10 22:54:30,27300071881,11,告诉我你的名字,夏目友人帐 第七季,113638224433107
苍蓝,521.639,1,16777215,2025-05-10 22:53:44,27300071881,11,告诉我你的名字,夏目友人帐 第七季,113638224433107
玲子和夏目真的好像啊,368.765,1,16777215,2025-05-10 22:51:09,27300071881,11,告诉我你的名字,夏目友人帐 第七季,113638224433107
哈哈哈每次都上当,134.631,1,41194,2025-05-10 22:11:42,27300071881,11,告诉我你的名字,夏目友人帐 第七季,113638224433107
来啦来啦,101.693,1,15138834,2025-05-10 22:10:58,27300071881,11,告诉我你的名字,夏目友人帐 第七季,113638224433107
ed好好听也好好哭啊,1409.959,1,15138834,2025-05-10 22:08:52,27300071881,11,告诉我你的名字,夏目友人帐 第七季,113638224433107
不会是最后一季了吧，补药啊,1387.602,1,15138834,2025-05-10 22:08:21,27300071881,11,告诉我你的名字,夏目友人帐 第七季,113638224433107
呜呜呜呜呜呜呜呜呜呜呜呜呜,1228.063,1,15138834,2025-05-10 22:04:49,27300071881,11,告诉我你的名字,夏目友人帐 第七季,113638224433107
好难过,1220.17,1,15138834,2025-05-10 22:04:36,27300071881,11,告诉我你的名字,夏目友人帐 第七季,113638224433107
错过了吗啊啊啊好虐,1196.146,1,15138834,2025-05-10 22:04:08,27300071881,11,告诉我你的名字,夏目友人帐 第七季,113638224433107
怎么你哭了嘛四方谷，,1082.997,1,14811775,2025-05-10 22:01:46,27300071881,11,告诉我你的名字,夏目友人帐 第七季,113638224433107
哈哈哈助攻的小妖怪,998.01,1,16707842,2025-05-10 21:59:11,27300071881,11,告诉我你的名字,夏目友人帐 第七季,113638224433107
原来是经常练习丟石头，好跟玲子玩，好暖的友情,947.578,1,15138834,2025-05-10 21:57:33,27300071881,11,告诉我你的名字,夏目友人帐 第七季,113638224433107
正是在下,834.514,1,15138834,2025-05-10 21:54:48,27300071881,11,告诉我你的名字,夏目友人帐 第七季,113638224433107
哈哈哈吃瓜吃到自己身上的妖怪,820.517,1,15138834,2025-05-10 21:54:27,27300071881,11,告诉我你的名字,夏目友人帐 第七季,113638224433107
结缘了,626.599,1,15772458,2025-05-10 21:49:58,27300071881,11,告诉我你的名字,夏目友人帐 第七季,113638224433107
好美啊玲子,587.429,1,15772458,2025-05-10 21:49:14,27300071881,11,告诉我你的名字,夏目友人帐 第七季,113638224433107
好可爱，还会捂脸害羞,444.346,1,8700107,2025-05-10 21:44:57,27300071881,11,告诉我你的名字,夏目友人帐 第七季,113638224433107
这一幕玲子侧颜发现夏目真的很像玲子,384.765,1,41194,2025-05-10 21:43:23,27300071881,11,告诉我你的名字,夏目友人帐 第七季,113638224433107
有种人类你引起了我的注意既视感，哈哈哈,296.018,1,15138834,2025-05-10 21:41:09,27300071881,11,告诉我你的名字,夏目友人帐 第七季,113638224433107
熟悉的bgm,227.239,1,14811775,2025-05-10 21:39:32,27300071881,11,告诉我你的名字,夏目友人帐 第七季,113638224433107
邪恶三三出场,206.887,1,14811775,2025-05-10 21:38:46,27300071881,11,告诉我你的名字,夏目友人帐 第七季,113638224433107
哈哈哈我还以为是情景重现，原来是读心术啊好可爱,193.615,1,14811775,2025-05-10 21:38:10,27300071881,11,告诉我你的名字,夏目友人帐 第七季,113638224433107
妈呀好好哭,1216.242,1,16777215,2025-05-10 21:01:10,27300071881,11,告诉我你的名字,夏目友人帐 第七季,113638224433107
这套好帅,114.57,1,16777215,2025-05-10 19:22:35,27300071881,11,告诉我你的名字,夏目友人帐 第七季,113638224433107
我猜也是妖怪,905.635,1,16777215,2025-05-09 20:56:36,27300071881,11,告诉我你的名字,夏目友人帐 第七季,113638224433107
啊梦开始的地方,557.822,1,16777215,2025-05-09 20:50:49,27300071881,11,告诉我你的名字,夏目友人帐 第七季,113638224433107
三。三卍干嘛呢黄线,477.671,1,16777215,2025-05-09 18:57:09,27300071881,11,告诉我你的名字,夏目友人帐 第七季,113638224433107
苍子不会生病了吧,1127.24,1,16777215,2025-05-09 00:05:17,27300071881,11,告诉我你的名字,夏目友人帐 第七季,113638224433107
是喇叭花,1117.61,1,16777215,2025-05-08 19:31:40,27300071881,11,告诉我你的名字,夏目友人帐 第七季,113638224433107
泪目了 这个bgm,226.465,1,9033215,2025-05-08 10:19:10,27300071881,11,告诉我你的名字,夏目友人帐 第七季,113638224433107
娜娜米,109.617,1,16777215,2025-05-07 13:16:40,27300071881,11,告诉我你的名字,夏目友人帐 第七季,113638224433107
为什么日本那么小小的地方有这么大大的森林，这么大大的花,1411.168,1,16777215,2025-05-06 23:45:52,27300071881,11,告诉我你的名字,夏目友人帐 第七季,113638224433107
罪魁祸首,550.527,1,16777215,2025-05-06 21:46:10,27300071881,11,告诉我你的名字,夏目友人帐 第七季,113638224433107
不可结缘,1381.332,1,16777215,2025-05-06 21:39:30,27300071881,11,告诉我你的名字,夏目友人帐 第七季,113638224433107
夏目贵志,250.606,1,16777215,2025-05-06 09:54:33,27300071881,11,告诉我你的名字,夏目友人帐 第七季,113638224433107
坏了有刀,688.908,1,16777215,2025-05-06 08:45:06,27300071881,11,告诉我你的名字,夏目友人帐 第七季,113638224433107
三三：尴尬但我不说,205.537,1,16777215,2025-05-06 01:17:11,27300071881,11,告诉我你的名字,夏目友人帐 第七季,113638224433107
我们夏目好像越来越帅了呢,135.266,1,16777215,2025-05-06 01:15:43,27300071881,11,告诉我你的名字,夏目友人帐 第七季,113638224433107
妖怪版爱德华,226.849,1,16777215,2025-05-05 22:35:32,27300071881,11,告诉我你的名字,夏目友人帐 第七季,113638224433107
啊啊啊啊啊啊啊啊啊啊,469.169,1,16777215,2025-05-05 20:34:16,27300071881,11,告诉我你的名字,夏目友人帐 第七季,113638224433107
你倒是去把玲子找到揪过来啊,1219.586,1,16777215,2025-05-04 23:28:39,27300071881,11,告诉我你的名字,夏目友人帐 第七季,113638224433107
1/,188.919,1,16777215,2025-05-04 22:55:18,27300071881,11,告诉我你的名字,夏目友人帐 第七季,113638224433107
1号玩家，你打不过她的,278.128,1,16777215,2025-05-02 21:31:21,27300071881,11,告诉我你的名字,夏目友人帐 第七季,113638224433107
四方土:我磕的cp竟然be了呜呜呜呜,1087.746,1,16777215,2025-05-02 19:38:02,27300071881,11,告诉我你的名字,夏目友人帐 第七季,113638224433107
哇超，快完结了,1352.092,1,16777215,2025-05-02 15:15:37,27300071881,11,告诉我你的名字,夏目友人帐 第七季,113638224433107
为什么非要错过啊,1277.253,1,16777215,2025-04-30 14:08:13,27300071881,11,告诉我你的名字,夏目友人帐 第七季,113638224433107
有一种淡淡的忧伤，好难受,1225.257,1,16777215,2025-04-30 12:37:17,27300071881,11,告诉我你的名字,夏目友人帐 第七季,113638224433107
三三这后脑勺太可爱了吧,196.447,1,16777215,2025-04-29 07:56:10,27300071881,11,告诉我你的名字,夏目友人帐 第七季,113638224433107
俺也一样,317.793,1,16777215,2025-04-28 22:29:17,27300071881,11,告诉我你的名字,夏目友人帐 第七季,113638224433107
泪目,1400.049,1,16777215,2025-04-28 04:30:13,27300071881,11,告诉我你的名字,夏目友人帐 第七季,113638224433107
太可爱惹,1001.397,1,16777215,2025-04-28 04:22:34,27300071881,11,告诉我你的名字,夏目友人帐 第七季,113638224433107
晴昼海,1122.77,1,16777215,2025-04-27 11:36:28,27300071881,11,告诉我你的名字,夏目友人帐 第七季,113638224433107
我还以为是个帅气妖怪,144.047,1,16777215,2025-04-27 11:04:33,27300071881,11,告诉我你的名字,夏目友人帐 第七季,113638224433107
这嗓音一出场就知道是津数,114.855,1,16777215,2025-04-26 21:40:54,27300071881,11,告诉我你的名字,夏目友人帐 第七季,113638224433107
这嗓音一出场就知道是经书|,105.58,1,16777215,2025-04-26 21:40:19,27300071881,11,告诉我你的名字,夏目友人帐 第七季,113638224433107
不好的预感,621.121,1,16777215,2025-04-26 20:23:41,27300071881,11,告诉我你的名字,夏目友人帐 第七季,113638224433107
这不是前几季见过的故事吗 苍子是生病了 为什么感觉大家都没看过,1105.159,1,16777215,2025-04-26 19:53:54,27300071881,11,告诉我你的名字,夏目友人帐 第七季,113638224433107
外婆为什么戴红领巾,428.318,1,16777215,2025-04-26 09:44:11,27300071881,11,告诉我你的名字,夏目友人帐 第七季,113638224433107
\玲子大人/,1052.696,1,16777215,2025-04-25 23:52:21,27300071881,11,告诉我你的名字,夏目友人帐 第七季,113638224433107
我也觉得,314.828,1,16777215,2025-04-25 17:39:38,27300071881,11,告诉我你的名字,夏目友人帐 第七季,113638224433107
这一集已经是很浓重的忧伤了,1403.207,5,16777215,2025-04-24 22:22:51,27300071881,11,告诉我你的名字,夏目友人帐 第七季,113638224433107
娜娜米,94.529,1,16777215,2025-04-23 21:48:58,27300071881,11,告诉我你的名字,夏目友人帐 第七季,113638224433107
好可爱呀哈哈哈哈哈哈哈哈哈哈哈哈哈哈哈哈哈哈,1083.353,1,16777215,2025-04-23 20:37:42,27300071881,11,告诉我你的名字,夏目友人帐 第七季,113638224433107
娜娜米！,99.91,1,16777215,2025-04-23 18:31:23,27300071881,11,告诉我你的名字,夏目友人帐 第七季,113638224433107
好科,518.541,1,16777215,2025-04-23 11:15:04,27300071881,11,告诉我你的名字,夏目友人帐 第七季,113638224433107
完了，之前当面蛐蛐正主,1051.577,1,16777215,2025-04-22 20:45:57,27300071881,11,告诉我你的名字,夏目友人帐 第七季,113638224433107
磕到了,377.933,1,16777215,2025-04-22 01:24:10,27300071881,11,告诉我你的名字,夏目友人帐 第七季,113638224433107
你在哭什么啊,1094.523,1,16777215,2025-04-21 22:44:34,27300071881,11,告诉我你的名字,夏目友人帐 第七季,113638224433107
原来如此！！！！,551.869,1,16777215,2025-04-21 22:32:53,27300071881,11,告诉我你的名字,夏目友人帐 第七季,113638224433107
这不是长发版的夏目贵志吗,482.277,1,14811775,2025-04-20 15:25:01,27300071881,11,告诉我你的名字,夏目友人帐 第七季,113638224433107
好可惜啊苍子,1109.923,1,16777215,2025-04-20 11:55:57,27300071881,11,告诉我你的名字,夏目友人帐 第七季,113638224433107
看似一直赢，实则被拿捏,648.179,1,16777215,2025-04-20 11:01:13,27300071881,11,告诉我你的名字,夏目友人帐 第七季,113638224433107
孽缘的开端,547.998,1,16777215,2025-04-20 10:59:35,27300071881,11,告诉我你的名字,夏目友人帐 第七季,113638224433107
喜欢们，这个我是真兄弟,327.594,1,16777215,2025-04-19 23:44:58,27300071881,11,告诉我你的名字,夏目友人帐 第七季,113638224433107
好可爱的妖怪,463.857,1,16777215,2025-04-19 21:01:57,27300071881,11,告诉我你的名字,夏目友人帐 第七季,113638224433107
也太虐了,1197.808,1,16777215,2025-04-19 19:55:14,27300071881,11,告诉我你的名字,夏目友人帐 第七季,113638224433107
青蓝海岸,1146.346,1,16777215,2025-04-19 12:41:58,27300071881,11,告诉我你的名字,夏目友人帐 第七季,113638224433107
啊？,545.081,1,16777215,2025-04-18 23:31:09,27300071881,11,告诉我你的名字,夏目友人帐 第七季,113638224433107
哈哈哈哈,135.002,1,16777215,2025-04-18 23:22:38,27300071881,11,告诉我你的名字,夏目友人帐 第七季,113638224433107
可是它也一直在等着，呜呜呜呜,1286.958,1,16646914,2025-04-17 19:44:06,27300071881,11,告诉我你的名字,夏目友人帐 第七季,113638224433107
花海盛开，故人归来,1102.255,1,16777215,2025-04-16 20:10:02,27300071881,11,告诉我你的名字,夏目友人帐 第七季,113638224433107
QAQ,1230.739,1,16777215,2025-04-15 15:03:27,27300071881,11,告诉我你的名字,夏目友人帐 第七季,113638224433107
第一页啊，想哭,1345.174,1,16777215,2025-04-15 02:38:57,27300071881,11,告诉我你的名字,夏目友人帐 第七季,113638224433107
呜呜呜呜呜,1221.833,1,16777215,2025-04-14 21:39:28,27300071881,11,告诉我你的名字,夏目友人帐 第七季,113638224433107
外公么,109.788,1,16777215,2025-04-14 21:08:54,27300071881,11,告诉我你的名字,夏目友人帐 第七季,113638224433107
玲子好温柔,444.0,1,16777215,2025-04-14 16:21:03,27300071881,11,告诉我你的名字,夏目友人帐 第七季,113638224433107
哭死了啊啊啊,1308.087,1,16777215,2025-04-13 13:59:45,27300071881,11,告诉我你的名字,夏目友人帐 第七季,113638224433107
夏目哭哭,1392.862,1,16777215,2025-04-12 15:24:45,27300071881,11,告诉我你的名字,夏目友人帐 第七季,113638224433107
夏目能被感染,1343.446,1,16777215,2025-04-12 15:23:37,27300071881,11,告诉我你的名字,夏目友人帐 第七季,113638224433107
你可太会了,545.593,1,16777215,2025-04-12 15:06:58,27300071881,11,告诉我你的名字,夏目友人帐 第七季,113638224433107
啊啊啊啊啊，哇哇哭啊,1309.056,1,16777215,2025-04-12 14:22:35,27300071881,11,告诉我你的名字,夏目友人帐 第七季,113638224433107
两个人的故事，最受伤的是第三只妖,1264.786,1,9487136,2025-04-12 04:20:03,27300071881,11,告诉我你的名字,夏目友人帐 第七季,113638224433107
真绝，自己没再见过，也不让妖怪见第二面,1190.973,1,9487136,2025-04-12 04:18:30,27300071881,11,告诉我你的名字,夏目友人帐 第七季,113638224433107
有最开始看夏目的感觉了哈哈哈,1083.282,1,9487136,2025-04-12 04:15:52,27300071881,11,告诉我你的名字,夏目友人帐 第七季,113638224433107
哈哈哈哈,997.779,1,9487136,2025-04-12 04:14:12,27300071881,11,告诉我你的名字,夏目友人帐 第七季,113638224433107
不是，别这样,662.632,1,9487136,2025-04-12 04:08:14,27300071881,11,告诉我你的名字,夏目友人帐 第七季,113638224433107
哇偶,546.322,1,9487136,2025-04-12 04:06:13,27300071881,11,告诉我你的名字,夏目友人帐 第七季,113638224433107
呜呜呜刚抹的眼霜，好贵的呀呜呜呜书,1371.025,1,16777215,2025-04-11 23:13:36,27300071881,11,告诉我你的名字,夏目友人帐 第七季,113638224433107
啊，马来西亚,1112.849,1,16707842,2025-04-11 21:34:55,27300071881,11,告诉我你的名字,夏目友人帐 第七季,113638224433107
妖怪全程围观一天不落,681.709,1,16777215,2025-04-11 20:37:14,27300071881,11,告诉我你的名字,夏目友人帐 第七季,113638224433107
津叔！！！！！,122.55,1,16777215,2025-04-11 19:00:42,27300071881,11,告诉我你的名字,夏目友人帐 第七季,113638224433107
铃子是外公苍子是外婆！,732.538,1,16777215,2025-04-10 15:40:24,27300071881,11,告诉我你的名字,夏目友人帐 第七季,113638224433107
哭爆,1398.574,1,16777215,2025-04-10 15:16:21,27300071881,11,告诉我你的名字,夏目友人帐 第七季,113638224433107
呜呜呜呜呜,1394.734,1,16777215,2025-04-10 15:16:06,27300071881,11,告诉我你的名字,夏目友人帐 第七季,113638224433107
友人帐的开端,1138.82,1,16777215,2025-04-10 15:11:42,27300071881,11,告诉我你的名字,夏目友人帐 第七季,113638224433107
可爱捏,1086.084,1,16777215,2025-04-10 15:10:33,27300071881,11,告诉我你的名字,夏目友人帐 第七季,113638224433107
补好,930.094,1,16777215,2025-04-10 15:07:10,27300071881,11,告诉我你的名字,夏目友人帐 第七季,113638224433107
不好有刀的味道,658.308,1,16777215,2025-04-10 15:01:25,27300071881,11,告诉我你的名字,夏目友人帐 第七季,113638224433107
原来是你！,556.249,1,16777215,2025-04-10 14:58:15,27300071881,11,告诉我你的名字,夏目友人帐 第七季,113638224433107
好家伙，原来是你,557.182,1,16777215,2025-04-09 21:20:54,27300071881,11,告诉我你的名字,夏目友人帐 第七季,113638224433107
玲子后面和人结婚说明还是有朋友了,1310.101,1,16777215,2025-04-09 21:09:58,27300071881,11,告诉我你的名字,夏目友人帐 第七季,113638224433107
生病了呀,1134.045,1,16777215,2025-04-09 21:07:02,27300071881,11,告诉我你的名字,夏目友人帐 第七季,113638224433107
遗憾是常有的,1374.464,1,16777215,2025-04-09 19:33:43,27300071881,11,告诉我你的名字,夏目友人帐 第七季,113638224433107
怎么每一集都这么好哭,1073.454,1,16777215,2025-04-09 17:33:54,27300071881,11,告诉我你的名字,夏目友人帐 第七季,113638224433107
真的泪目,1313.837,1,16777215,2025-04-08 14:35:42,27300071881,11,告诉我你的名字,夏目友人帐 第七季,113638224433107
你，，听说过人神这个名字吗？,186.813,1,16777215,2025-04-08 02:15:54,27300071881,11,告诉我你的名字,夏目友人帐 第七季,113638224433107
啊啊啊啊啊啊太刀了,1251.574,1,16777215,2025-04-07 21:26:14,27300071881,11,告诉我你的名字,夏目友人帐 第七季,113638224433107
我要哭了，夏目真的好善良,800.082,1,16777215,2025-04-07 21:16:37,27300071881,11,告诉我你的名字,夏目友人帐 第七季,113638224433107
眼泪在不值钱的掉中…玲子真的好惨,1153.824,1,16777215,2025-04-07 20:40:21,27300071881,11,告诉我你的名字,夏目友人帐 第七季,113638224433107
哦哦哦还好,632.381,1,16777215,2025-04-07 19:48:07,27300071881,11,告诉我你的名字,夏目友人帐 第七季,113638224433107
这集超级超级棒啊！,93.159,1,16777215,2025-04-07 19:06:29,27300071881,11,告诉我你的名字,夏目友人帐 第七季,113638224433107
www意难平,1276.936,1,16777215,2025-04-07 13:40:29,27300071881,11,告诉我你的名字,夏目友人帐 第七季,113638224433107
这集好好,1282.175,1,16777215,2025-04-07 12:21:35,27300071881,11,告诉我你的名字,夏目友人帐 第七季,113638224433107
这一听就感觉很强的声音一定是周防尊吧,165.247,1,16777215,2025-04-07 09:07:54,27300071881,11,告诉我你的名字,夏目友人帐 第七季,113638224433107
苍子淋雨生病了,1031.871,1,16777215,2025-04-07 00:44:12,27300071881,11,告诉我你的名字,夏目友人帐 第七季,113638224433107
我听到了刀子的回响,1028.112,1,15138834,2025-04-06 23:07:56,27300071881,11,告诉我你的名字,夏目友人帐 第七季,113638224433107
我听到了破万法的回响,952.411,1,15138834,2025-04-06 23:06:23,27300071881,11,告诉我你的名字,夏目友人帐 第七季,113638224433107
我看到了生生不息的激荡,943.878,1,15138834,2025-04-06 23:05:52,27300071881,11,告诉我你的名字,夏目友人帐 第七季,113638224433107
我听到了生生不息的激荡。,685.057,1,16777215,2025-04-06 23:01:16,27300071881,11,告诉我你的名字,夏目友人帐 第七季,113638224433107
原来是你,553.311,1,16777215,2025-04-06 15:11:31,27300071881,11,告诉我你的名字,夏目友人帐 第七季,113638224433107
cp头子急死了,1220.397,1,16777215,2025-04-06 12:46:14,27300071881,11,告诉我你的名字,夏目友人帐 第七季,113638224433107
非常美丽 又有点悲伤啊,1397.258,1,16777215,2025-04-05 22:27:38,27300071881,11,告诉我你的名字,夏目友人帐 第七季,113638224433107
喜林草-婴儿蓝眼,1115.678,1,16777215,2025-04-05 21:26:07,27300071881,11,告诉我你的名字,夏目友人帐 第七季,113638224433107
非死即伤花,1115.319,1,16777215,2025-04-05 19:03:39,27300071881,11,告诉我你的名字,夏目友人帐 第七季,113638224433107
完结撒花 感谢陪伴 zhao,1424.871,1,16777215,2025-04-05 17:12:39,27300071881,11,告诉我你的名字,夏目友人帐 第七季,113638224433107
不可结缘，徒增伤悲。,1265.423,1,16777215,2025-04-05 11:42:06,27300071881,11,告诉我你的名字,夏目友人帐 第七季,113638224433107
好美,1109.968,1,16777215,2025-04-05 11:39:16,27300071881,11,告诉我你的名字,夏目友人帐 第七季,113638224433107
好反差好可爱哈哈哈,450.002,1,16777215,2025-04-05 11:32:17,27300071881,11,告诉我你的名字,夏目友人帐 第七季,113638224433107
原来是你，万恶之源,550.007,1,16777215,2025-04-04 22:59:20,27300071881,11,告诉我你的名字,夏目友人帐 第七季,113638224433107
鼻涕泡都哭出来了,1292.799,1,16777215,2025-04-04 22:36:28,27300071881,11,告诉我你的名字,夏目友人帐 第七季,113638224433107
鼻涕泡都哭出来了、,1300.18,1,16777215,2025-04-04 22:35:57,27300071881,11,告诉我你的名字,夏目友人帐 第七季,113638224433107
始作俑者啊,553.767,1,16777215,2025-04-04 22:34:40,27300071881,11,告诉我你的名字,夏目友人帐 第七季,113638224433107
原来是这样的啊,562.482,1,16777215,2025-04-04 22:21:33,27300071881,11,告诉我你的名字,夏目友人帐 第七季,113638224433107
no！,1196.636,1,16777215,2025-04-04 19:24:01,27300071881,11,告诉我你的名字,夏目友人帐 第七季,113638224433107
别磕呀，别磕啊，有夏目就说明玲子有对象啊,391.47,1,16777215,2025-04-04 12:46:04,27300071881,11,告诉我你的名字,夏目友人帐 第七季,113638224433107
越撕越厚的友人帐,183.508,1,16777215,2025-04-03 22:22:04,27300071881,11,告诉我你的名字,夏目友人帐 第七季,113638224433107
这也要来刀子吗,695.299,1,16777215,2025-04-02 12:19:44,27300071881,11,告诉我你的名字,夏目友人帐 第七季,113638224433107
啊啊啊啊啊啊啊啊啊啊啊这一集呜呜呜呜呜呜,1337.298,1,16777215,2025-04-02 06:03:45,27300071881,11,告诉我你的名字,夏目友人帐 第七季,113638224433107
.03+,1003.667,1,16777215,2025-04-02 02:42:37,27300071881,11,告诉我你的名字,夏目友人帐 第七季,113638224433107
补薅,843.019,1,16777215,2025-04-01 01:00:09,27300071881,11,告诉我你的名字,夏目友人帐 第七季,113638224433107
众妖怪：背后一凉,551.154,1,16777215,2025-04-01 00:56:02,27300071881,11,告诉我你的名字,夏目友人帐 第七季,113638224433107
呜呜呜呜,1277.639,1,16777215,2025-03-31 17:00:31,27300071881,11,告诉我你的名字,夏目友人帐 第七季,113638224433107
这是本季第一次用友人帐吧,1307.087,1,16777215,2025-03-31 12:08:52,27300071881,11,告诉我你的名字,夏目友人帐 第七季,113638224433107
当我磕的cp be了  be like:,1096.222,1,16777215,2025-03-30 21:59:40,27300071881,11,告诉我你的名字,夏目友人帐 第七季,113638224433107
Kimi油，那吗伊娃,93.019,1,16777215,2025-03-30 08:33:38,27300071881,11,告诉我你的名字,夏目友人帐 第七季,113638224433107
不死,104.85,1,16777215,2025-03-29 22:22:56,27300071881,11,告诉我你的名字,夏目友人帐 第七季,113638224433107
呜呜呜哭死我了,1391.423,1,16777215,2025-03-28 21:26:49,27300071881,11,告诉我你的名字,夏目友人帐 第七季,113638224433107
编辑部井上和彦？,1400.63,1,16777215,2025-03-28 19:19:00,27300071881,11,告诉我你的名字,夏目友人帐 第七季,113638224433107
喜林草就是苍月草,1145.666,1,16777215,2025-03-28 13:33:49,27300071881,11,告诉我你的名字,夏目友人帐 第七季,113638224433107
原来是你,553.556,1,16777215,2025-03-28 10:31:12,27300071881,11,告诉我你的名字,夏目友人帐 第七季,113638224433107
原来如此,557.14,1,16777215,2025-03-27 16:20:25,27300071881,11,告诉我你的名字,夏目友人帐 第七季,113638224433107
....,1094.201,1,16777215,2025-03-27 12:33:50,27300071881,11,告诉我你的名字,夏目友人帐 第七季,113638224433107
害怕,698.433,1,16777215,2025-03-27 11:22:37,27300071881,11,告诉我你的名字,夏目友人帐 第七季,113638224433107
呜呜呜，真的好遗憾啊,1311.255,1,16777215,2025-03-26 22:33:59,27300071881,11,告诉我你的名字,夏目友人帐 第七季,113638224433107
八犬云里玩偶师的配音,184.355,1,16777215,2025-03-26 15:28:04,27300071881,11,告诉我你的名字,夏目友人帐 第七季,113638224433107
命运使然啊，都以为对方不等自己了，也不愿意专门去找对方……,1220.793,1,16777215,2025-03-26 06:26:33,27300071881,11,告诉我你的名字,夏目友人帐 第七季,113638224433107
跟她学的啊……,551.673,1,16777215,2025-03-26 06:14:54,27300071881,11,告诉我你的名字,夏目友人帐 第七季,113638224433107
呜呜呜呜呜呜,1361.342,1,16777215,2025-03-25 18:04:18,27300071881,11,告诉我你的名字,夏目友人帐 第七季,113638224433107
大妖怪哭的有点好笑了哈哈哈哈,1082.855,1,16777215,2025-03-25 12:47:22,27300071881,11,告诉我你的名字,夏目友人帐 第七季,113638224433107
我的天啊 这一集 !!,1362.477,1,16777215,2025-03-25 12:36:37,27300071881,11,告诉我你的名字,夏目友人帐 第七季,113638224433107
想哭,1322.404,1,16777215,2025-03-25 12:35:44,27300071881,11,告诉我你的名字,夏目友人帐 第七季,113638224433107
我才是真正的外公,1096.975,1,16777215,2025-03-25 11:23:37,27300071881,11,告诉我你的名字,夏目友人帐 第七季,113638224433107
他应该知道她的心声啊,1078.208,1,16777215,2025-03-24 02:01:00,27300071881,11,告诉我你的名字,夏目友人帐 第七季,113638224433107
不要哇T^T,1217.467,1,16777215,2025-03-23 20:53:37,27300071881,11,告诉我你的名字,夏目友人帐 第七季,113638224433107
这集能不能没有没有怪兽，没有刀呀T^T,729.371,1,16777215,2025-03-23 20:44:41,27300071881,11,告诉我你的名字,夏目友人帐 第七季,113638224433107
无法传递给你....,1241.727,5,16777215,2025-03-23 16:07:38,27300071881,11,告诉我你的名字,夏目友人帐 第七季,113638224433107
大人蓝波的声音？,160.279,1,16777215,2025-03-22 12:34:30,27300071881,11,告诉我你的名字,夏目友人帐 第七季,113638224433107
偶也哭了T T,1395.442,1,16777215,2025-03-22 00:35:47,27300071881,11,告诉我你的名字,夏目友人帐 第七季,113638224433107
好喜欢这集。。,1224.05,1,16777215,2025-03-22 00:33:06,27300071881,11,告诉我你的名字,夏目友人帐 第七季,113638224433107
a呜呜呜 之后也一直在等待的苍子,1210.738,1,16777215,2025-03-22 00:32:46,27300071881,11,告诉我你的名字,夏目友人帐 第七季,113638224433107
马萨卡？,664.097,1,16777215,2025-03-22 00:11:15,27300071881,11,告诉我你的名字,夏目友人帐 第七季,113638224433107
咋的 磕下不行啊 就磕,369.906,1,16777215,2025-03-21 23:27:46,27300071881,11,告诉我你的名字,夏目友人帐 第七季,113638224433107
没有蚂蚁吗,722.514,1,16777215,2025-03-21 13:14:38,27300071881,11,告诉我你的名字,夏目友人帐 第七季,113638224433107
好细腻的感情好好哭,1357.765,1,16777215,2025-03-21 12:59:49,27300071881,11,告诉我你的名字,夏目友人帐 第七季,113638224433107
哭死了,1322.523,1,16777215,2025-03-21 12:59:13,27300071881,11,告诉我你的名字,夏目友人帐 第七季,113638224433107
眼睛尿尿了,623.863,1,16777215,2025-03-21 12:47:35,27300071881,11,告诉我你的名字,夏目友人帐 第七季,113638224433107
娜娜米的声优 还是电锯人里姬野的老师的声优吧,106.682,1,16777215,2025-03-21 12:47:02,27300071881,11,告诉我你的名字,夏目友人帐 第七季,113638224433107
这是娜娜米的声优！？,103.121,1,16777215,2025-03-21 12:46:32,27300071881,11,告诉我你的名字,夏目友人帐 第七季,113638224433107
太可惜了，他们都是很好的人,1230.632,1,16777215,2025-03-21 10:33:13,27300071881,11,告诉我你的名字,夏目友人帐 第七季,113638224433107
不要啊,1201.943,1,16777215,2025-03-20 11:51:43,27300071881,11,告诉我你的名字,夏目友人帐 第七季,113638224433107
不要啊,851.804,1,16777215,2025-03-20 11:44:10,27300071881,11,告诉我你的名字,夏目友人帐 第七季,113638224433107
啊啊啊啊啊,710.85,1,16777215,2025-03-20 11:40:14,27300071881,11,告诉我你的名字,夏目友人帐 第七季,113638224433107
不耗,670.748,1,16777215,2025-03-20 11:39:30,27300071881,11,告诉我你的名字,夏目友人帐 第七季,113638224433107
完了,620.988,1,16777215,2025-03-20 11:38:31,27300071881,11,告诉我你的名字,夏目友人帐 第七季,113638224433107
外公！！！,590.657,1,16777215,2025-03-20 11:37:58,27300071881,11,告诉我你的名字,夏目友人帐 第七季,113638224433107
揭秘了！（）,550.569,1,16777215,2025-03-20 11:37:08,27300071881,11,告诉我你的名字,夏目友人帐 第七季,113638224433107
好悲伤的故事,1410.914,1,16777215,2025-03-20 00:14:01,27300071881,11,告诉我你的名字,夏目友人帐 第七季,113638224433107
哦不,840.615,1,16777215,2025-03-19 18:56:43,27300071881,11,告诉我你的名字,夏目友人帐 第七季,113638224433107
好遗憾,1418.508,1,16777215,2025-03-19 17:22:53,27300071881,11,告诉我你的名字,夏目友人帐 第七季,113638224433107
娜娜明,100.093,1,16777215,2025-03-18 18:58:44,27300071881,11,告诉我你的名字,夏目友人帐 第七季,113638224433107
女王玲子,1037.234,1,16777215,2025-03-18 17:46:41,27300071881,11,告诉我你的名字,夏目友人帐 第七季,113638224433107
哭的泣不成声,1257.639,1,16777215,2025-03-18 13:51:26,27300071881,11,告诉我你的名字,夏目友人帐 第七季,113638224433107
没来想到了响铃的残株,1075.706,1,16777215,2025-03-17 19:34:30,27300071881,11,告诉我你的名字,夏目友人帐 第七季,113638224433107
好熟悉的背景音乐啊,692.156,1,16777215,2025-03-17 11:47:45,27300071881,11,告诉我你的名字,夏目友人帐 第七季,113638224433107
泪目,1236.234,1,15772458,2025-03-17 10:19:52,27300071881,11,告诉我你的名字,夏目友人帐 第七季,113638224433107
妖怪:又演我,1225.501,1,16777215,2025-03-17 10:19:34,27300071881,11,告诉我你的名字,夏目友人帐 第七季,113638224433107
滴滴打斑,1157.981,1,16777215,2025-03-17 10:18:22,27300071881,11,告诉我你的名字,夏目友人帐 第七季,113638224433107
妖怪:我磕的CP怎么就be了呢,1156.481,1,16777215,2025-03-17 10:18:05,27300071881,11,告诉我你的名字,夏目友人帐 第七季,113638224433107
我CPbe了,1093.641,1,16777215,2025-03-17 10:16:32,27300071881,11,告诉我你的名字,夏目友人帐 第七季,113638224433107
仓子的白丝好……,464.101,1,16777215,2025-03-17 10:04:30,27300071881,11,告诉我你的名字,夏目友人帐 第七季,113638224433107
妖怪:我磕的CP怎么ed了,1264.953,1,16777215,2025-03-17 10:02:27,27300071881,11,告诉我你的名字,夏目友人帐 第七季,113638224433107
好可爱的QAQ,1199.093,1,16777215,2025-03-17 10:00:37,27300071881,11,告诉我你的名字,夏目友人帐 第七季,113638224433107
泪目了,1165.885,1,16777215,2025-03-17 09:59:16,27300071881,11,告诉我你的名字,夏目友人帐 第七季,113638224433107
呜啊啊啊,1161.905,1,16777215,2025-03-17 09:59:08,27300071881,11,告诉我你的名字,夏目友人帐 第七季,113638224433107
好萌啊啊啊啊,1005.692,1,16777215,2025-03-17 09:55:45,27300071881,11,告诉我你的名字,夏目友人帐 第七季,113638224433107
布豪,841.231,1,16777215,2025-03-17 09:51:53,27300071881,11,告诉我你的名字,夏目友人帐 第七季,113638224433107
津叔好性感的声音,95.89,1,16777215,2025-03-16 06:34:26,27300071881,11,告诉我你的名字,夏目友人帐 第七季,113638224433107
津叔,100.609,1,16777215,2025-03-15 20:37:51,27300071881,11,告诉我你的名字,夏目友人帐 第七季,113638224433107
同时得罪在场所有人。,822.82,1,16777215,2025-03-15 04:37:59,27300071881,11,告诉我你的名字,夏目友人帐 第七季,113638224433107
太好哭了,1228.012,1,16777215,2025-03-14 23:59:52,27300071881,11,告诉我你的名字,夏目友人帐 第七季,113638224433107
不好，是刀子,667.254,1,16777215,2025-03-14 23:07:38,27300071881,11,告诉我你的名字,夏目友人帐 第七季,113638224433107
这不拿拿米吗,103.701,1,16777215,2025-03-14 20:21:34,27300071881,11,告诉我你的名字,夏目友人帐 第七季,113638224433107
哭死,1377.518,1,16777215,2025-03-13 23:18:46,27300071881,11,告诉我你的名字,夏目友人帐 第七季,113638224433107
梦开始的地方,1150.359,1,16777215,2025-03-13 18:17:23,27300071881,11,告诉我你的名字,夏目友人帐 第七季,113638224433107
夏目不要哭,1396.82,1,16777215,2025-03-13 12:22:06,27300071881,11,告诉我你的名字,夏目友人帐 第七季,113638224433107
诸位先别急着哭，别忘了友人帐还有最后一页……,1294.669,1,16777215,2025-03-13 07:40:25,27300071881,11,告诉我你的名字,夏目友人帐 第七季,113638224433107
不是吧 怎么感觉要完结了 哭,551.122,1,16777215,2025-03-13 03:01:10,27300071881,11,告诉我你的名字,夏目友人帐 第七季,113638224433107
啊这两只背影5555,1232.53,1,16777215,2025-03-12 21:59:52,27300071881,11,告诉我你的名字,夏目友人帐 第七季,113638224433107
】】】】】】】】,668.771,1,16777215,2025-03-12 21:25:55,27300071881,11,告诉我你的名字,夏目友人帐 第七季,113638224433107
睡美人,269.774,5,16777215,2025-03-12 18:04:53,27300071881,11,告诉我你的名字,夏目友人帐 第七季,113638224433107
伊丽莎白？,323.857,1,16777215,2025-03-12 16:10:00,27300071881,11,告诉我你的名字,夏目友人帐 第七季,113638224433107
哇第一页,176.848,1,16777215,2025-03-11 16:54:07,27300071881,11,告诉我你的名字,夏目友人帐 第七季,113638224433107
来啦,2.544,1,16777215,2025-03-11 14:55:07,27300071881,11,告诉我你的名字,夏目友人帐 第七季,113638224433107
哇哦,1111.066,1,16777215,2025-03-11 11:01:50,27300071881,11,告诉我你的名字,夏目友人帐 第七季,113638224433107
仓…苍月草 ！！！,1400.146,1,41194,2025-03-10 23:33:09,27300071881,11,告诉我你的名字,夏目友人帐 第七季,113638224433107
太坑了，我一个49的大爷哭的稀里哗啦...,1262.809,1,16777215,2025-03-10 21:44:00,27300071881,11,告诉我你的名字,夏目友人帐 第七季,113638224433107
哭了,1237.749,1,16777215,2025-03-09 22:19:56,27300071881,11,告诉我你的名字,夏目友人帐 第七季,113638224433107
呜呜呜呜,1222.082,1,16777215,2025-03-09 22:19:41,27300071881,11,告诉我你的名字,夏目友人帐 第七季,113638224433107
三角板,926.501,1,16777215,2025-03-08 17:10:18,27300071881,11,告诉我你的名字,夏目友人帐 第七季,113638224433107
这个夏目也太萌了,791.442,1,16777215,2025-03-08 13:23:06,27300071881,11,告诉我你的名字,夏目友人帐 第七季,113638224433107
布豪，我的cp,1100.968,1,16777215,2025-03-07 22:41:22,27300071881,11,告诉我你的名字,夏目友人帐 第七季,113638224433107
爆哭,1320.434,1,16777215,2025-03-07 12:39:40,27300071881,11,告诉我你的名字,夏目友人帐 第七季,113638224433107
我靠  好像津叔的声音,156.335,1,16777215,2025-03-07 12:18:23,27300071881,11,告诉我你的名字,夏目友人帐 第七季,113638224433107
哈哈哈哈哈哈哈哈全责姐,546.402,1,16777215,2025-03-07 00:22:04,27300071881,11,告诉我你的名字,夏目友人帐 第七季,113638224433107
希望下次不要等太久,17.452,1,16777215,2025-03-06 23:29:38,27300071881,11,告诉我你的名字,夏目友人帐 第七季,113638224433107
不妙，想哭,1350.217,5,16707842,2025-03-06 19:38:56,27300071881,11,告诉我你的名字,夏目友人帐 第七季,113638224433107
喂喂喂！别啊！不妙的感觉！,661.446,5,16707842,2025-03-06 19:30:48,27300071881,11,告诉我你的名字,夏目友人帐 第七季,113638224433107
不是！你嚼着吃啊？一般不是含在嘴里吃吗？太浪费了啊！,610.565,5,16707842,2025-03-06 19:29:53,27300071881,11,告诉我你的名字,夏目友人帐 第七季,113638224433107
为什么，看到这花海就想起辛美尔和茉莉莲,1165.871,1,16777215,2025-03-06 14:59:58,27300071881,11,告诉我你的名字,夏目友人帐 第七季,113638224433107
猛宝我好想你,1021.19,1,16777215,2025-03-06 14:37:57,27300071881,11,告诉我你的名字,夏目友人帐 第七季,113638224433107
猛鬼兽,999.505,1,16777215,2025-03-05 16:34:42,27300071881,11,告诉我你的名字,夏目友人帐 第七季,113638224433107
不可结缘,1307.503,1,16777215,2025-03-05 13:32:59,27300071881,11,告诉我你的名字,夏目友人帐 第七季,113638224433107
吹到我心里去了,1311.753,1,16777215,2025-03-05 13:07:04,27300071881,11,告诉我你的名字,夏目友人帐 第七季,113638224433107
只能被动接受却无法表达自己内心~一样是煎熬的~,1335.48,1,16777215,2025-03-05 00:19:08,27300071881,11,告诉我你的名字,夏目友人帐 第七季,113638224433107
呜呜呜怎么这样啊，不要啊遗憾不要,1412.904,1,16777215,2025-03-04 21:34:37,27300071881,11,告诉我你的名字,夏目友人帐 第七季,113638224433107
夏目全名夏目贵志,244.108,1,16777215,2025-03-04 21:09:23,27300071881,11,告诉我你的名字,夏目友人帐 第七季,113638224433107
居然不是最后一集,1413.652,1,16777215,2025-03-04 18:04:01,27300071881,11,告诉我你的名字,夏目友人帐 第七季,113638224433107
真好啊,715.998,1,16777215,2025-03-04 17:33:14,27300071881,11,告诉我你的名字,夏目友人帐 第七季,113638224433107
哇塞,179.81,1,16777215,2025-03-04 17:28:41,27300071881,11,告诉我你的名字,夏目友人帐 第七季,113638224433107
觉妖怪,199.034,1,16777215,2025-03-04 14:00:37,27300071881,11,告诉我你的名字,夏目友人帐 第七季,113638224433107
磕的cp在眼皮子底下be了,1271.863,1,16777215,2025-03-04 12:58:25,27300071881,11,告诉我你的名字,夏目友人帐 第七季,113638224433107
有点好磕,368.891,1,16777215,2025-03-03 16:18:34,27300071881,11,告诉我你的名字,夏目友人帐 第七季,113638224433107
不要刀我啊啊啊,1210.1,1,16777215,2025-03-02 18:19:10,27300071881,11,告诉我你的名字,夏目友人帐 第七季,113638224433107
尊哥你咋了啊,1082.236,1,16777215,2025-03-02 15:36:19,27300071881,11,告诉我你的名字,夏目友人帐 第七季,113638224433107
来了来了,24.135,1,16777215,2025-03-01 21:57:02,27300071881,11,告诉我你的名字,夏目友人帐 第七季,113638224433107
哈哈哈哈哈哈哈哈哈哈,1083.197,1,16777215,2025-03-01 20:32:54,27300071881,11,告诉我你的名字,夏目友人帐 第七季,113638224433107
哈哈哈哈哈哈哈哈,996.242,1,16777215,2025-03-01 20:31:22,27300071881,11,告诉我你的名字,夏目友人帐 第七季,113638224433107
哈哈哈哈哈哈,453.395,1,16777215,2025-03-01 20:21:57,27300071881,11,告诉我你的名字,夏目友人帐 第七季,113638224433107
这厚嗓子，好熟悉,170.85,1,16777215,2025-03-01 11:33:07,27300071881,11,告诉我你的名字,夏目友人帐 第七季,113638224433107
原来万恶之源是你,550.38,1,16777215,2025-02-28 22:45:16,27300071881,11,告诉我你的名字,夏目友人帐 第七季,113638224433107
哭的好大声呜呜呜,1252.97,1,16777215,2025-02-28 20:54:56,27300071881,11,告诉我你的名字,夏目友人帐 第七季,113638224433107
来了,101.192,1,16777215,2025-02-27 21:55:23,27300071881,11,告诉我你的名字,夏目友人帐 第七季,113638224433107
来了,12.204,1,16777215,2025-02-27 21:53:52,27300071881,11,告诉我你的名字,夏目友人帐 第七季,113638224433107
bgm好评！,1313.421,1,16777215,2025-02-27 13:42:32,27300071881,11,告诉我你的名字,夏目友人帐 第七季,113638224433107
这是……苍月草！,1111.341,1,16777215,2025-02-27 13:38:39,27300071881,11,告诉我你的名字,夏目友人帐 第七季,113638224433107
津田健次郎,94.586,1,16777215,2025-02-27 12:48:18,27300071881,11,告诉我你的名字,夏目友人帐 第七季,113638224433107
呜呜呜QAQ,1263.179,1,16777215,2025-02-27 07:26:13,27300071881,11,告诉我你的名字,夏目友人帐 第七季,113638224433107
万恶之源,1149.319,1,16777215,2025-02-27 07:24:16,27300071881,11,告诉我你的名字,夏目友人帐 第七季,113638224433107
好性感的声音,205.937,1,16777215,2025-02-27 02:59:48,27300071881,11,告诉我你的名字,夏目友人帐 第七季,113638224433107
天啊,1105.502,1,16777215,2025-02-26 22:55:29,27300071881,11,告诉我你的名字,夏目友人帐 第七季,113638224433107
猫头鹰你哭什么,1079.843,1,16777215,2025-02-26 22:54:41,27300071881,11,告诉我你的名字,夏目友人帐 第七季,113638224433107
哈哈哈小妖怪真的是哈哈哈,1002.426,1,16777215,2025-02-26 22:53:12,27300071881,11,告诉我你的名字,夏目友人帐 第七季,113638224433107
玲子这个时候好T,361.316,1,16777215,2025-02-26 22:07:28,27300071881,11,告诉我你的名字,夏目友人帐 第七季,113638224433107
不可结缘,1219.781,1,16777215,2025-02-26 20:47:52,27300071881,11,告诉我你的名字,夏目友人帐 第七季,113638224433107
很难过,1190.12,1,16777215,2025-02-26 12:20:02,27300071881,11,告诉我你的名字,夏目友人帐 第七季,113638224433107
哭得胸口疼,1410.169,1,16777215,2025-02-26 02:35:48,27300071881,11,告诉我你的名字,夏目友人帐 第七季,113638224433107
哭死,1354.473,1,16777215,2025-02-25 21:08:26,27300071881,11,告诉我你的名字,夏目友人帐 第七季,113638224433107
泪目不想结束哇,1321.661,1,16777215,2025-02-25 19:57:37,27300071881,11,告诉我你的名字,夏目友人帐 第七季,113638224433107
猿辅导，是你吗,802.343,1,16777215,2025-02-24 22:43:38,27300071881,11,告诉我你的名字,夏目友人帐 第七季,113638224433107
我也,314.837,1,16777215,2025-02-24 21:32:20,27300071881,11,告诉我你的名字,夏目友人帐 第七季,113638224433107
太好哭了，意难平啊,1370.333,1,16777215,2025-02-24 16:15:13,27300071881,11,告诉我你的名字,夏目友人帐 第七季,113638224433107
好泪目的一集,1311.188,1,16777215,2025-02-24 12:54:48,27300071881,11,告诉我你的名字,夏目友人帐 第七季,113638224433107
从不见小弟二面，这是老大的排面,1192.828,1,16777215,2025-02-24 02:48:24,27300071881,11,告诉我你的名字,夏目友人帐 第七季,113638224433107
世界一级运动员夏目玲子,589.842,1,16777215,2025-02-24 02:42:25,27300071881,11,告诉我你的名字,夏目友人帐 第七季,113638224433107
我靠,1253.844,1,16777215,2025-02-23 23:13:16,27300071881,11,告诉我你的名字,夏目友人帐 第七季,113638224433107
！友人帐的开始！！,1149.579,1,16777215,2025-02-23 23:11:31,27300071881,11,告诉我你的名字,夏目友人帐 第七季,113638224433107
啊啊啊啊,1090.054,1,16777215,2025-02-23 23:10:32,27300071881,11,告诉我你的名字,夏目友人帐 第七季,113638224433107
呜呜呜泪目了,1396.541,1,16777215,2025-02-23 18:10:47,27300071881,11,告诉我你的名字,夏目友人帐 第七季,113638224433107
美神...,1355.558,1,16777215,2025-02-23 18:10:23,27300071881,11,告诉我你的名字,夏目友人帐 第七季,113638224433107
津叔！！！,93.467,5,16777215,2025-02-23 17:43:09,27300071881,11,告诉我你的名字,夏目友人帐 第七季,113638224433107
呜呜呜呜呜呜呜呜呜呜呜,1232.427,1,16777215,2025-02-23 15:48:54,27300071881,11,告诉我你的名字,夏目友人帐 第七季,113638224433107
哭了T﹏T,1376.969,1,16777215,2025-02-23 15:43:16,27300071881,11,告诉我你的名字,夏目友人帐 第七季,113638224433107
呜呜呜呜呜呜呜呜呜呜呜呜,1388.503,1,16777215,2025-02-23 15:40:00,27300071881,11,告诉我你的名字,夏目友人帐 第七季,113638224433107
完结撒花，期待下一季,1319.0,1,16777215,2025-02-23 15:34:24,27300071881,11,告诉我你的名字,夏目友人帐 第七季,113638224433107
呜呜呜呜,1244.349,1,16777215,2025-02-23 11:37:47,27300071881,11,告诉我你的名字,夏目友人帐 第七季,113638224433107
夏目有一种看起来 长大了的感觉,126.097,1,41194,2025-02-22 23:34:51,27300071881,11,告诉我你的名字,夏目友人帐 第七季,113638224433107
双厨狂喜,1106.055,1,41194,2025-02-22 16:20:19,27300071881,11,告诉我你的名字,夏目友人帐 第七季,113638224433107
顿感不妙,669.959,1,16777215,2025-02-22 12:10:01,27300071881,11,告诉我你的名字,夏目友人帐 第七季,113638224433107
好漂亮,1108.843,1,16777215,2025-02-21 23:58:02,27300071881,11,告诉我你的名字,夏目友人帐 第七季,113638224433107
哈哈哈伤心流眼泪了,1082.431,1,16777215,2025-02-21 23:57:33,27300071881,11,告诉我你的名字,夏目友人帐 第七季,113638224433107
安详,711.467,1,16777215,2025-02-21 23:45:37,27300071881,11,告诉我你的名字,夏目友人帐 第七季,113638224433107
这问题或许也得问玲子吧,1397.672,1,16777215,2025-02-21 22:36:58,27300071881,11,告诉我你的名字,夏目友人帐 第七季,113638224433107
我也一起哭了,1091.362,1,16777215,2025-02-21 11:11:16,27300071881,11,告诉我你的名字,夏目友人帐 第七季,113638224433107
布豪！,666.602,1,16777215,2025-02-21 02:50:20,27300071881,11,告诉我你的名字,夏目友人帐 第七季,113638224433107
津叔的声音可太有故事了……៷>ᴗ<៷,106.472,1,16777215,2025-02-20 13:25:01,27300071881,11,告诉我你的名字,夏目友人帐 第七季,113638224433107
津叔,99.139,1,16777215,2025-02-20 12:22:12,27300071881,11,告诉我你的名字,夏目友人帐 第七季,113638224433107
我是l,527.854,5,16777215,2025-02-19 23:50:14,27300071881,11,告诉我你的名字,夏目友人帐 第七季,113638224433107
二次元乱葬岗,1110.753,1,16777215,2025-02-19 19:14:19,27300071881,11,告诉我你的名字,夏目友人帐 第七季,113638224433107
这声！这与声音不符的样子！哦漏！,154.848,1,16777215,2025-02-18 23:53:21,27300071881,11,告诉我你的名字,夏目友人帐 第七季,113638224433107
你才是万恶之源,553.901,1,16777215,2025-02-18 12:48:12,27300071881,11,告诉我你的名字,夏目友人帐 第七季,113638224433107
哭了啊,1314.228,1,16777215,2025-02-18 12:31:57,27300071881,11,告诉我你的名字,夏目友人帐 第七季,113638224433107
哈哈哈哈哈哈哈哈哈哈哈哈哈哈哈,1082.913,1,16777215,2025-02-18 12:28:03,27300071881,11,告诉我你的名字,夏目友人帐 第七季,113638224433107
越看越想伊丽莎白,762.161,1,16777215,2025-02-18 04:48:57,27300071881,11,告诉我你的名字,夏目友人帐 第七季,113638224433107
加纳,615.241,1,16777215,2025-02-18 04:46:03,27300071881,11,告诉我你的名字,夏目友人帐 第七季,113638224433107
又一个苍蓝星,520.441,1,16777215,2025-02-18 04:44:11,27300071881,11,告诉我你的名字,夏目友人帐 第七季,113638224433107
加纳,432.481,1,16777215,2025-02-18 04:42:18,27300071881,11,告诉我你的名字,夏目友人帐 第七季,113638224433107
有刀,675.38,1,16777215,2025-02-17 14:21:19,27300071881,11,告诉我你的名字,夏目友人帐 第七季,113638224433107
www我哭X﹏X,1305.62,1,16777215,2025-02-17 12:48:30,27300071881,11,告诉我你的名字,夏目友人帐 第七季,113638224433107
海马！,100.916,1,16777215,2025-02-16 15:19:29,27300071881,11,告诉我你的名字,夏目友人帐 第七季,113638224433107
好可爱哈哈哈哈,446.29,1,16777215,2025-02-16 11:24:44,27300071881,11,告诉我你的名字,夏目友人帐 第七季,113638224433107
高考,446.29,1,16777215,2025-02-16 11:24:31,27300071881,11,告诉我你的名字,夏目友人帐 第七季,113638224433107
呜呜呜呜呜呜呜呜呜呜呜,1407.741,1,16777215,2025-02-16 10:40:46,27300071881,11,告诉我你的名字,夏目友人帐 第七季,113638224433107
哭死我了,1342.581,1,16777215,2025-02-16 10:39:30,27300071881,11,告诉我你的名字,夏目友人帐 第七季,113638224433107
泪目,1193.001,1,16777215,2025-02-16 10:36:56,27300071881,11,告诉我你的名字,夏目友人帐 第七季,113638224433107
太可爱了吧,1082.361,1,16777215,2025-02-16 10:34:55,27300071881,11,告诉我你的名字,夏目友人帐 第七季,113638224433107
伊兹噶，伊兹噶……,731.481,1,16777215,2025-02-16 10:28:58,27300071881,11,告诉我你的名字,夏目友人帐 第七季,113638224433107
好可爱,448.281,1,16777215,2025-02-16 10:23:50,27300071881,11,告诉我你的名字,夏目友人帐 第七季,113638224433107
好可爱！！！！！！,1082.655,1,16777215,2025-02-16 07:56:39,27300071881,11,告诉我你的名字,夏目友人帐 第七季,113638224433107
难道是娜娜明,103.223,1,16777215,2025-02-15 22:12:22,27300071881,11,告诉我你的名字,夏目友人帐 第七季,113638224433107
哈哈哈哈哈哈哈,1083.344,1,16777215,2025-02-15 22:07:21,27300071881,11,告诉我你的名字,夏目友人帐 第七季,113638224433107
未闻花名,708.097,1,16777215,2025-02-15 21:39:13,27300071881,11,告诉我你的名字,夏目友人帐 第七季,113638224433107
看的我热泪盈眶了，,1113.096,1,16777215,2025-02-15 16:44:25,27300071881,11,告诉我你的名字,夏目友人帐 第七季,113638224433107
你干嘛,1255.593,1,16777215,2025-02-15 13:27:55,27300071881,11,告诉我你的名字,夏目友人帐 第七季,113638224433107
来了,107.361,1,16777215,2025-02-15 13:01:29,27300071881,11,告诉我你的名字,夏目友人帐 第七季,113638224433107
神作,1421.182,1,16777215,2025-02-14 21:10:30,27300071881,11,告诉我你的名字,夏目友人帐 第七季,113638224433107
哈哈哈哈哈哈,193.448,1,16777215,2025-02-14 20:44:30,27300071881,11,告诉我你的名字,夏目友人帐 第七季,113638224433107
勇者大人,1118.674,1,16777215,2025-02-14 20:08:58,27300071881,11,告诉我你的名字,夏目友人帐 第七季,113638224433107
让我想起夜晚的潜水艇,1376.0,1,16777215,2025-02-12 22:33:08,27300071881,11,告诉我你的名字,夏目友人帐 第七季,113638224433107
不会是淋雨生病了吧，不要啊,1092.686,1,16777215,2025-02-12 22:31:32,27300071881,11,告诉我你的名字,夏目友人帐 第七季,113638224433107
不就是想让我哭吗！！！,1210.417,1,16777215,2025-02-12 21:23:59,27300071881,11,告诉我你的名字,夏目友人帐 第七季,113638224433107
花海老演员了哈哈哈,1125.204,1,16777215,2025-02-12 18:16:19,27300071881,11,告诉我你的名字,夏目友人帐 第七季,113638224433107
妖怪∶我吗？,818.708,1,16777215,2025-02-12 18:07:59,27300071881,11,告诉我你的名字,夏目友人帐 第七季,113638224433107
有刀,624.809,1,16777215,2025-02-12 18:00:03,27300071881,11,告诉我你的名字,夏目友人帐 第七季,113638224433107
搜得斯内,545.94,1,16777215,2025-02-12 17:55:45,27300071881,11,告诉我你的名字,夏目友人帐 第七季,113638224433107
怪好的还帮忙报信,447.296,1,16777215,2025-02-12 17:51:10,27300071881,11,告诉我你的名字,夏目友人帐 第七季,113638224433107
哈哈哈共情了吧,1086.052,1,16777215,2025-02-12 14:14:11,27300071881,11,告诉我你的名字,夏目友人帐 第七季,113638224433107
是娜娜米的声优（七海建人）,1330.742,1,16777215,2025-02-12 11:09:27,27300071881,11,告诉我你的名字,夏目友人帐 第七季,113638224433107
四方谷：我嗑的cpbe了,1085.529,1,16777215,2025-02-12 03:04:15,27300071881,11,告诉我你的名字,夏目友人帐 第七季,113638224433107
2025/2/12,231.861,1,16777215,2025-02-12 00:30:43,27300071881,11,告诉我你的名字,夏目友人帐 第七季,113638224433107
哇塞！！！,1106.513,1,16777215,2025-02-12 00:04:00,27300071881,11,告诉我你的名字,夏目友人帐 第七季,113638224433107
哇库，万恶之源,547.135,1,16777215,2025-02-11 09:51:31,27300071881,11,告诉我你的名字,夏目友人帐 第七季,113638224433107
布豪！！！！,673.906,1,16777215,2025-02-10 23:50:26,27300071881,11,告诉我你的名字,夏目友人帐 第七季,113638224433107
真是女同天菜……,508.72,1,16777215,2025-02-10 19:11:29,27300071881,11,告诉我你的名字,夏目友人帐 第七季,113638224433107
美仍美，空仍空,1169.061,1,16777215,2025-02-10 16:04:31,27300071881,11,告诉我你的名字,夏目友人帐 第七季,113638224433107
————————————————————————————————————————————————————————————————————————————————————————————————————,1289.244,1,16777215,2025-02-10 14:22:24,27300071881,11,告诉我你的名字,夏目友人帐 第七季,113638224433107
哈哈哈,1085.889,1,16777215,2025-02-10 14:03:34,27300071881,11,告诉我你的名字,夏目友人帐 第七季,113638224433107
至郁番,1282.071,1,16777215,2025-02-10 13:30:04,27300071881,11,告诉我你的名字,夏目友人帐 第七季,113638224433107
哇塞。。。好美。。。,1110.759,1,16777215,2025-02-10 10:25:05,27300071881,11,告诉我你的名字,夏目友人帐 第七季,113638224433107
那个出场不给电费那个吗？,764.181,1,16777215,2025-02-10 02:05:44,27300071881,11,告诉我你的名字,夏目友人帐 第七季,113638224433107
好好听的名字！,522.317,1,16777215,2025-02-09 21:23:32,27300071881,11,告诉我你的名字,夏目友人帐 第七季,113638224433107
人鱼的姬,328.352,1,16777215,2025-02-09 21:12:03,27300071881,11,告诉我你的名字,夏目友人帐 第七季,113638224433107
帅晕我了玲子,388.552,1,16777215,2025-02-09 13:20:35,27300071881,11,告诉我你的名字,夏目友人帐 第七季,113638224433107
不会有心脏病吧,665.422,1,16777215,2025-02-09 00:12:47,27300071881,11,告诉我你的名字,夏目友人帐 第七季,113638224433107
也是一种梦的开始,1014.763,1,16777215,2025-02-08 22:01:25,27300071881,11,告诉我你的名字,夏目友人帐 第七季,113638224433107
痴汉行为,302.36,1,16777215,2025-02-08 21:12:52,27300071881,11,告诉我你的名字,夏目友人帐 第七季,113638224433107
遗憾,1228.75,1,16777215,2025-02-08 20:43:08,27300071881,11,告诉我你的名字,夏目友人帐 第七季,113638224433107
好想哭啊啊啊啊,1235.578,1,16777215,2025-02-08 18:40:17,27300071881,11,告诉我你的名字,夏目友人帐 第七季,113638224433107
外婆比外孙攻太多了,616.99,1,16777215,2025-02-08 15:55:54,27300071881,11,告诉我你的名字,夏目友人帐 第七季,113638224433107
呜呜呜呜呜呜呜呜呜,1391.502,1,16777215,2025-02-08 15:13:11,27300071881,11,告诉我你的名字,夏目友人帐 第七季,113638224433107
大蛇丸哈哈哈,253.421,1,16777215,2025-02-08 10:37:44,27300071881,11,告诉我你的名字,夏目友人帐 第七季,113638224433107
津田健次郎！！！！！,116.884,1,16777215,2025-02-08 09:27:55,27300071881,11,告诉我你的名字,夏目友人帐 第七季,113638224433107
津叔,101.468,1,16777215,2025-02-08 09:26:58,27300071881,11,告诉我你的名字,夏目友人帐 第七季,113638224433107
啊啊啊故乡的开了,529.507,1,16777215,2025-02-08 06:28:21,27300071881,11,告诉我你的名字,夏目友人帐 第七季,113638224433107
补豪！！！,659.264,1,16777215,2025-02-07 21:50:00,27300071881,11,告诉我你的名字,夏目友人帐 第七季,113638224433107
如果不在呼唤 那就还给我吧 太想哭了,1406.782,1,16777215,2025-02-07 19:57:52,27300071881,11,告诉我你的名字,夏目友人帐 第七季,113638224433107
可爱死了,206.43,1,16777215,2025-02-07 19:37:44,27300071881,11,告诉我你的名字,夏目友人帐 第七季,113638224433107
好喜欢这个bgm,311.974,1,16777215,2025-02-07 13:33:17,27300071881,11,告诉我你的名字,夏目友人帐 第七季,113638224433107
辛美尔狂喜,1107.381,1,16777215,2025-02-07 10:16:22,27300071881,11,告诉我你的名字,夏目友人帐 第七季,113638224433107
米子哈！,1016.061,1,16777215,2025-02-07 10:14:26,27300071881,11,告诉我你的名字,夏目友人帐 第七季,113638224433107
可恶啊！,565.061,1,16777215,2025-02-07 10:06:48,27300071881,11,告诉我你的名字,夏目友人帐 第七季,113638224433107
米子哈！,226.061,1,16777215,2025-02-07 10:01:01,27300071881,11,告诉我你的名字,夏目友人帐 第七季,113638224433107
苍月草,712.454,1,16777215,2025-02-06 22:33:16,27300071881,11,告诉我你的名字,夏目友人帐 第七季,113638224433107
我哭的比小妖怪还惨,1382.747,1,16777215,2025-02-06 20:54:02,27300071881,11,告诉我你的名字,夏目友人帐 第七季,113638224433107
他的co,1086.305,1,16777215,2025-02-06 19:43:16,27300071881,11,告诉我你的名字,夏目友人帐 第七季,113638224433107
不要在阳光下看书啊 对眼睛不好 ,465.416,1,16777215,2025-02-06 16:23:53,27300071881,11,告诉我你的名字,夏目友人帐 第七季,113638224433107
津叔,171.266,1,16777215,2025-02-06 14:28:04,27300071881,11,告诉我你的名字,夏目友人帐 第七季,113638224433107
不用上学吗,527.086,1,16777215,2025-02-06 02:18:04,27300071881,11,告诉我你的名字,夏目友人帐 第七季,113638224433107
我独自升级？,313.972,1,16777215,2025-02-06 00:49:54,27300071881,11,告诉我你的名字,夏目友人帐 第七季,113638224433107
居然这样错过了哭死我,1232.041,1,15138834,2025-02-05 18:29:42,27300071881,11,告诉我你的名字,夏目友人帐 第七季,113638224433107
传统的开始,549.561,1,15138834,2025-02-05 18:18:11,27300071881,11,告诉我你的名字,夏目友人帐 第七季,113638224433107
娜娜米的配音演员吗,158.361,1,15138834,2025-02-05 18:11:31,27300071881,11,告诉我你的名字,夏目友人帐 第七季,113638224433107
二十年后的蓝波,149.864,1,16777215,2025-02-05 15:54:37,27300071881,11,告诉我你的名字,夏目友人帐 第七季,113638224433107
妖怪的声音好好听哟~,754.872,1,16777215,2025-02-05 15:41:20,27300071881,11,告诉我你的名字,夏目友人帐 第七季,113638224433107
是不是第一季的时候出现的，,442.608,1,16777215,2025-02-05 01:42:17,27300071881,11,告诉我你的名字,夏目友人帐 第七季,113638224433107
好帅www,1032.192,1,16777215,2025-02-04 23:09:27,27300071881,11,告诉我你的名字,夏目友人帐 第七季,113638224433107
这个女生是不是七漱的妈妈,1291.127,1,16777215,2025-02-04 19:25:50,27300071881,11,告诉我你的名字,夏目友人帐 第七季,113638224433107
空降成功,92.389,1,16777215,2025-02-04 19:15:34,27300071881,11,告诉我你的名字,夏目友人帐 第七季,113638224433107
爱怎么磕怎么磕看就行了,445.068,1,16777215,2025-02-04 17:37:09,27300071881,11,告诉我你的名字,夏目友人帐 第七季,113638224433107
我………………靠……,1267.048,1,16777215,2025-02-04 14:38:38,27300071881,11,告诉我你的名字,夏目友人帐 第七季,113638224433107
这一集很适合做结尾啊,1388.477,1,16777215,2025-02-04 11:58:50,27300071881,11,告诉我你的名字,夏目友人帐 第七季,113638224433107
那岂不是误会了一辈子,1280.931,1,16777215,2025-02-04 11:57:06,27300071881,11,告诉我你的名字,夏目友人帐 第七季,113638224433107
所以友人帐是这个妖怪身上的纸吗,1189.587,1,38979,2025-02-03 21:19:33,27300071881,11,告诉我你的名字,夏目友人帐 第七季,113638224433107
あぁ、私も知っている,313.188,5,16646914,2025-02-03 20:22:50,27300071881,11,告诉我你的名字,夏目友人帐 第七季,113638224433107
橘势大好,686.468,1,16777215,2025-02-03 19:35:41,27300071881,11,告诉我你的名字,夏目友人帐 第七季,113638224433107
初代cp粉啊,1266.428,1,16777215,2025-02-03 16:55:32,27300071881,11,告诉我你的名字,夏目友人帐 第七季,113638224433107
玲子好1,482.529,1,16777215,2025-02-03 16:32:01,27300071881,11,告诉我你的名字,夏目友人帐 第七季,113638224433107
都是体育生,587.923,1,16777215,2025-02-03 16:15:14,27300071881,11,告诉我你的名字,夏目友人帐 第七季,113638224433107
换了个人可能就不会被束缚了,1293.661,1,16777215,2025-02-03 15:32:44,27300071881,11,告诉我你的名字,夏目友人帐 第七季,113638224433107
夏目完美继承了玲子美貌！,383.038,1,15138834,2025-02-03 14:16:58,27300071881,11,告诉我你的名字,夏目友人帐 第七季,113638224433107
赤之王周防尊,97.749,1,16777215,2025-02-03 12:20:55,27300071881,11,告诉我你的名字,夏目友人帐 第七季,113638224433107
苍子:你名字好长啊，俄国人？,524.012,1,16777215,2025-02-03 05:16:44,27300071881,11,告诉我你的名字,夏目友人帐 第七季,113638224433107
啊，马来西亚啊,805.349,1,16777215,2025-02-02 21:45:15,27300071881,11,告诉我你的名字,夏目友人帐 第七季,113638224433107
是你！！,549.284,1,16777215,2025-02-02 21:12:17,27300071881,11,告诉我你的名字,夏目友人帐 第七季,113638224433107
哭哭 ꒦ິ^꒦ິ,1230.932,1,16777215,2025-02-02 20:53:54,27300071881,11,告诉我你的名字,夏目友人帐 第七季,113638224433107
万恶之源,569.678,1,16777215,2025-02-02 19:08:08,27300071881,11,告诉我你的名字,夏目友人帐 第七季,113638224433107
心疼玲子,974.045,1,16777215,2025-02-02 18:32:21,27300071881,11,告诉我你的名字,夏目友人帐 第七季,113638224433107
哈哈哈哈哈哈哈哈,1002.268,1,16777215,2025-02-02 18:19:32,27300071881,11,告诉我你的名字,夏目友人帐 第七季,113638224433107
爱人错过啊5555555,1209.831,1,16777215,2025-02-02 18:01:39,27300071881,11,告诉我你的名字,夏目友人帐 第七季,113638224433107
友人帐出世,1143.804,1,16777215,2025-02-02 17:59:51,27300071881,11,告诉我你的名字,夏目友人帐 第七季,113638224433107
我是他们友情的见证者，也是他们友情的殡葬师,1247.408,1,16777215,2025-02-02 16:33:18,27300071881,11,告诉我你的名字,夏目友人帐 第七季,113638224433107
啊啊啊啊啊啊苍月草吗,1115.49,1,16777215,2025-02-02 15:53:13,27300071881,11,告诉我你的名字,夏目友人帐 第七季,113638224433107
！！！！！！！！！！！！！！！！！！,1.34,1,16777215,2025-02-02 15:09:39,27300071881,11,告诉我你的名字,夏目友人帐 第七季,113638224433107
是咒术回战七海建人的配音吗？感觉好熟悉啊，但是这里没有配音演员的名字,165.407,1,16777215,2025-02-02 14:51:22,27300071881,11,告诉我你的名字,夏目友人帐 第七季,113638224433107
原来没死啊,1205.901,1,16777215,2025-02-02 14:31:24,27300071881,11,告诉我你的名字,夏目友人帐 第七季,113638224433107
然后就死了？不知道对方的态度？,1054.901,1,16777215,2025-02-02 14:28:43,27300071881,11,告诉我你的名字,夏目友人帐 第七季,113638224433107
哈哈哈哈哈哈,1001.021,1,16777215,2025-02-02 14:27:37,27300071881,11,告诉我你的名字,夏目友人帐 第七季,113638224433107
红红火火恍恍惚惚,194.53,1,16777215,2025-02-02 14:14:05,27300071881,11,告诉我你的名字,夏目友人帐 第七季,113638224433107
爱人错过,1270.913,1,14811775,2025-02-02 13:45:05,27300071881,11,告诉我你的名字,夏目友人帐 第七季,113638224433107
磕到了,388.097,1,14811775,2025-02-02 13:30:08,27300071881,11,告诉我你的名字,夏目友人帐 第七季,113638224433107
老虚把笔放下！！！！！,676.598,1,16777215,2025-02-02 09:26:55,27300071881,11,告诉我你的名字,夏目友人帐 第七季,113638224433107
这不是海马赖人吗？别以为换个片场我就听不出来了。,97.759,1,16777215,2025-02-02 00:25:56,27300071881,11,告诉我你的名字,夏目友人帐 第七季,113638224433107
这回真是泪目啊啊啊啊啊啊啊啊啊,1418.599,1,16777215,2025-02-01 23:39:24,27300071881,11,告诉我你的名字,夏目友人帐 第七季,113638224433107
苍子超美啊！,329.064,1,16777215,2025-02-01 22:51:58,27300071881,11,告诉我你的名字,夏目友人帐 第七季,113638224433107
玲子外婆,240.781,1,16777215,2025-02-01 22:50:13,27300071881,11,告诉我你的名字,夏目友人帐 第七季,113638224433107
来了来了,10.431,1,16777215,2025-02-01 14:25:18,27300071881,11,告诉我你的名字,夏目友人帐 第七季,113638224433107
韦一敏,95.001,1,16777215,2025-02-01 11:26:38,27300071881,11,告诉我你的名字,夏目友人帐 第七季,113638224433107
发现书友,681.75,1,16777215,2025-01-31 21:07:55,27300071881,11,告诉我你的名字,夏目友人帐 第七季,113638224433107
不要啊！！！,657.554,1,16777215,2025-01-31 20:33:11,27300071881,11,告诉我你的名字,夏目友人帐 第七季,113638224433107
津叔！！！,95.559,1,16777215,2025-01-31 20:12:46,27300071881,11,告诉我你的名字,夏目友人帐 第七季,113638224433107
好遗憾啊。。。。。,1277.501,1,16777215,2025-01-31 15:39:59,27300071881,11,告诉我你的名字,夏目友人帐 第七季,113638224433107
不是，怎么是你先哭了啊,1082.914,1,16777215,2025-01-31 14:31:31,27300071881,11,告诉我你的名字,夏目友人帐 第七季,113638224433107
啊？我吗？（指）,817.781,1,16777215,2025-01-31 14:27:18,27300071881,11,告诉我你的名字,夏目友人帐 第七季,113638224433107
啊？,191.521,1,16777215,2025-01-31 14:16:07,27300071881,11,告诉我你的名字,夏目友人帐 第七季,113638224433107
原来是你,558.229,1,16777215,2025-01-31 14:10:45,27300071881,11,告诉我你的名字,夏目友人帐 第七季,113638224433107
这集好好哭啊,1267.217,1,16777215,2025-01-31 13:25:16,27300071881,11,告诉我你的名字,夏目友人帐 第七季,113638224433107
毛绒绒竟然哭了,1086.117,1,16777215,2025-01-31 13:22:09,27300071881,11,告诉我你的名字,夏目友人帐 第七季,113638224433107
报一丝，是我,828.977,1,16777215,2025-01-31 13:16:15,27300071881,11,告诉我你的名字,夏目友人帐 第七季,113638224433107
他cpbe了,1083.794,5,14811775,2025-01-30 23:55:49,27300071881,11,告诉我你的名字,夏目友人帐 第七季,113638224433107
你在嗑cp,446.184,5,14811775,2025-01-30 23:54:43,27300071881,11,告诉我你的名字,夏目友人帐 第七季,113638224433107
三三你怎么这么可爱！,129.968,1,16777215,2025-01-30 21:04:32,27300071881,11,告诉我你的名字,夏目友人帐 第七季,113638224433107
眼睛尿尿了呜呜呜,1335.953,1,16777215,2025-01-30 13:39:41,27300071881,11,告诉我你的名字,夏目友人帐 第七季,113638224433107
布豪,665.599,1,16777215,2025-01-30 12:34:04,27300071881,11,告诉我你的名字,夏目友人帐 第七季,113638224433107
。。为什么会这样,1264.34,1,16777215,2025-01-30 01:52:08,27300071881,11,告诉我你的名字,夏目友人帐 第七季,113638224433107
呜呜呜,1227.582,1,16777215,2025-01-30 01:51:19,27300071881,11,告诉我你的名字,夏目友人帐 第七季,113638224433107
好美,1113.813,1,16777215,2025-01-30 01:48:37,27300071881,11,告诉我你的名字,夏目友人帐 第七季,113638224433107
哈哈哈哈哈,1005.632,1,16777215,2025-01-30 01:46:22,27300071881,11,告诉我你的名字,夏目友人帐 第七季,113638224433107
这是不是之前还纽扣那一集,366.292,1,16777215,2025-01-30 01:35:08,27300071881,11,告诉我你的名字,夏目友人帐 第七季,113638224433107
我勒个豆啊,149.716,1,16777215,2025-01-30 01:29:05,27300071881,11,告诉我你的名字,夏目友人帐 第七季,113638224433107
来啦,92.713,1,16777215,2025-01-30 01:28:03,27300071881,11,告诉我你的名字,夏目友人帐 第七季,113638224433107
都给我哭,1369.435,1,16777215,2025-01-29 23:05:20,27300071881,11,告诉我你的名字,夏目友人帐 第七季,113638224433107
这甜美的女声是怎么回事，啊啊啊啊啊啊啊，好绝！！！！！！！！！！,1429.421,1,16777215,2025-01-29 18:02:59,27300071881,11,告诉我你的名字,夏目友人帐 第七季,113638224433107
啊啊啊啊啊啊啊啊啊啊啊，要疯了！,1229.457,1,16777215,2025-01-29 17:55:04,27300071881,11,告诉我你的名字,夏目友人帐 第七季,113638224433107
没有人注意到撒由那拉这个点吗，是不是以为不会再见了,434.858,1,16777215,2025-01-29 15:31:45,27300071881,11,告诉我你的名字,夏目友人帐 第七季,113638224433107
I怪，我爱,256.764,5,16777215,2025-01-28 19:23:05,27300071881,11,告诉我你的名字,夏目友人帐 第七季,113638224433107
妖怪怎么会写人类的字 说的话好搞笑,1268.798,1,16777215,2025-01-28 18:29:03,27300071881,11,告诉我你的名字,夏目友人帐 第七季,113638224433107
津叔我天,93.554,1,16777215,2025-01-28 12:26:21,27300071881,11,告诉我你的名字,夏目友人帐 第七季,113638224433107
他说了塔玛希(￣.￣),1291.256,1,16777215,2025-01-28 00:53:30,27300071881,11,告诉我你的名字,夏目友人帐 第七季,113638224433107
啊啊啊啊！原来是你！,548.947,1,16777215,2025-01-27 18:50:39,27300071881,11,告诉我你的名字,夏目友人帐 第七季,113638224433107
辛美尔,1109.805,1,16777215,2025-01-27 17:42:41,27300071881,11,告诉我你的名字,夏目友人帐 第七季,113638224433107
哇塞，夏目是越看越喜欢怎么办呀！！,124.807,1,16777215,2025-01-27 17:15:27,27300071881,11,告诉我你的名字,夏目友人帐 第七季,113638224433107
嘟嘟哒嘟嘟哒,812.371,1,16777215,2025-01-27 15:10:43,27300071881,11,告诉我你的名字,夏目友人帐 第七季,113638224433107
三三听睡着了,785.645,1,16777215,2025-01-27 12:25:14,27300071881,11,告诉我你的名字,夏目友人帐 第七季,113638224433107
苍子就是外公（不是）,728.497,1,16777215,2025-01-27 12:24:26,27300071881,11,告诉我你的名字,夏目友人帐 第七季,113638224433107
这个妖怪能读心吧，其实玲子还是寂寞的，希望交朋友,453.9,1,16777215,2025-01-26 22:02:55,27300071881,11,告诉我你的名字,夏目友人帐 第七季,113638224433107
猫头鹰（bu）,152.37,1,16777215,2025-01-26 19:42:43,27300071881,11,告诉我你的名字,夏目友人帐 第七季,113638224433107
这套明黄衣服好好看,116.044,1,16777215,2025-01-26 19:41:56,27300071881,11,告诉我你的名字,夏目友人帐 第七季,113638224433107
外公？,329.746,1,16777215,2025-01-26 18:51:21,27300071881,11,告诉我你的名字,夏目友人帐 第七季,113638224433107
我也觉得,312.428,1,16777215,2025-01-26 16:29:18,27300071881,11,告诉我你的名字,夏目友人帐 第七季,113638224433107
哈哈哈哈,191.489,1,16777215,2025-01-26 16:26:52,27300071881,11,告诉我你的名字,夏目友人帐 第七季,113638224433107
苍月草！,1106.455,1,16777215,2025-01-26 10:57:25,27300071881,11,告诉我你的名字,夏目友人帐 第七季,113638224433107
来了来了,106.768,1,16777215,2025-01-26 10:55:08,27300071881,11,告诉我你的名字,夏目友人帐 第七季,113638224433107
感觉是故意扔偏的,600.155,1,16777215,2025-01-26 05:37:38,27300071881,11,告诉我你的名字,夏目友人帐 第七季,113638224433107
+6,1335.86,1,16777215,2025-01-25 17:45:12,27300071881,11,告诉我你的名字,夏目友人帐 第七季,113638224433107
别净说些不吉利的话。,701.018,1,16777215,2025-01-25 16:59:27,27300071881,11,告诉我你的名字,夏目友人帐 第七季,113638224433107
这个女孩的配音是谁啊，总感觉听过,494.742,1,16777215,2025-01-25 16:03:18,27300071881,11,告诉我你的名字,夏目友人帐 第七季,113638224433107
啊啊啊啊别刀了,1364.98,1,16777215,2025-01-25 15:39:00,27300071881,11,告诉我你的名字,夏目友人帐 第七季,113638224433107
啊啊啊啊啊啊啊意难平,1204.79,1,16777215,2025-01-25 15:35:29,27300071881,11,告诉我你的名字,夏目友人帐 第七季,113638224433107
我也喜欢哈哈 哈,636.703,1,16777215,2025-01-25 15:22:46,27300071881,11,告诉我你的名字,夏目友人帐 第七季,113638224433107
万恶之源,550.782,1,16777215,2025-01-25 15:20:44,27300071881,11,告诉我你的名字,夏目友人帐 第七季,113638224433107
好撩啊啊外婆,376.096,1,16777215,2025-01-25 15:15:47,27300071881,11,告诉我你的名字,夏目友人帐 第七季,113638224433107
玲子外婆美如画,269.227,1,16777215,2025-01-25 15:12:53,27300071881,11,告诉我你的名字,夏目友人帐 第七季,113638224433107
[ohhhhhh],167.276,1,16777215,2025-01-25 15:10:23,27300071881,11,告诉我你的名字,夏目友人帐 第七季,113638224433107
这个不会是外公吧,427.119,1,6830715,2025-01-25 13:29:43,27300071881,11,告诉我你的名字,夏目友人帐 第七季,113638224433107
翡翠那集能看出，玲子这个时候七濑还是个小女孩，年龄不对,494.933,1,16777215,2025-01-25 02:53:14,27300071881,11,告诉我你的名字,夏目友人帐 第七季,113638224433107
哭了,1300.13,1,16777215,2025-01-25 01:52:55,27300071881,11,告诉我你的名字,夏目友人帐 第七季,113638224433107
邓杏菊你在看吗？,1387.9,1,16777215,2025-01-25 00:35:03,27300071881,11,告诉我你的名字,夏目友人帐 第七季,113638224433107
友人帐的意思是把这些妖怪当朋友了,660.08,1,16777215,2025-01-24 23:04:18,27300071881,11,告诉我你的名字,夏目友人帐 第七季,113638224433107
不会是…心脏病吧,672.252,1,16777215,2025-01-24 18:46:50,27300071881,11,告诉我你的名字,夏目友人帐 第七季,113638224433107
这个妖怪的声音好像建人的哦,308.12,1,16777215,2025-01-24 18:07:13,27300071881,11,告诉我你的名字,夏目友人帐 第七季,113638224433107
妖怪都磕到了,455.826,1,16777215,2025-01-24 16:07:33,27300071881,11,告诉我你的名字,夏目友人帐 第七季,113638224433107
希望这个是外公（bushi）,379.88,1,16777215,2025-01-24 16:06:34,27300071881,11,告诉我你的名字,夏目友人帐 第七季,113638224433107
玲子太帅了,601.793,1,16777215,2025-01-24 14:46:06,27300071881,11,告诉我你的名字,夏目友人帐 第七季,113638224433107
万恶之源啊,557.151,1,16777215,2025-01-24 14:45:21,27300071881,11,告诉我你的名字,夏目友人帐 第七季,113638224433107
哈哈哈哈好萌,458.573,1,16777215,2025-01-24 14:43:32,27300071881,11,告诉我你的名字,夏目友人帐 第七季,113638224433107
不好,707.023,1,16777215,2025-01-24 12:29:24,27300071881,11,告诉我你的名字,夏目友人帐 第七季,113638224433107
太帅了,1047.886,1,16777215,2025-01-24 12:21:49,27300071881,11,告诉我你的名字,夏目友人帐 第七季,113638224433107
蔡尚贤新年快乐,120.595,1,15138834,2025-01-24 03:01:57,27300071881,11,告诉我你的名字,夏目友人帐 第七季,113638224433107
好温馨美好的开端啊啊啊（感动,547.9,1,16777215,2025-01-24 00:47:07,27300071881,11,告诉我你的名字,夏目友人帐 第七季,113638224433107
津叔声线配这个妖怪莫名滑稽哈哈哈,149.948,1,16777215,2025-01-24 00:39:39,27300071881,11,告诉我你的名字,夏目友人帐 第七季,113638224433107
津叔吗？？好熟悉啊,97.127,1,16777215,2025-01-24 00:38:14,27300071881,11,告诉我你的名字,夏目友人帐 第七季,113638224433107
哈哈哈哈再来一遍,206.912,1,16777215,2025-01-24 00:36:06,27300071881,11,告诉我你的名字,夏目友人帐 第七季,113638224433107
心与坟墓,795.438,1,16777215,2025-01-23 21:20:05,27300071881,11,告诉我你的名字,夏目友人帐 第七季,113638224433107
泪流满面,1411.993,1,16777215,2025-01-23 21:12:20,27300071881,11,告诉我你的名字,夏目友人帐 第七季,113638224433107
召唤青眼白龙！！,191.29,1,16777215,2025-01-23 20:49:23,27300071881,11,告诉我你的名字,夏目友人帐 第七季,113638224433107
俺的回合！Duel！,164.47,1,16777215,2025-01-23 20:48:54,27300071881,11,告诉我你的名字,夏目友人帐 第七季,113638224433107
社长！！！！,116.131,1,16777215,2025-01-23 20:48:05,27300071881,11,告诉我你的名字,夏目友人帐 第七季,113638224433107
泪目,1264.103,1,16777215,2025-01-23 19:40:05,27300071881,11,告诉我你的名字,夏目友人帐 第七季,113638224433107
那片蓝色的花海,1417.553,1,16777215,2025-01-23 17:44:23,27300071881,11,告诉我你的名字,夏目友人帐 第七季,113638224433107
美好的友谊,1403.033,1,16777215,2025-01-23 17:44:09,27300071881,11,告诉我你的名字,夏目友人帐 第七季,113638224433107
太难受了，呜呜呜呜呜呜呜,1387.397,1,16777215,2025-01-23 17:43:53,27300071881,11,告诉我你的名字,夏目友人帐 第七季,113638224433107
————————————————————————————————————————————————————————————————————————————————————————————————————,1296.937,5,16777215,2025-01-23 16:26:34,27300071881,11,告诉我你的名字,夏目友人帐 第七季,113638224433107
果来啦,109.821,1,16777215,2025-01-23 00:43:29,27300071881,11,告诉我你的名字,夏目友人帐 第七季,113638224433107
风铃一样的玲子,233.551,1,16777215,2025-01-22 20:57:32,27300071881,11,告诉我你的名字,夏目友人帐 第七季,113638224433107
姬友？,517.125,1,16777215,2025-01-22 20:35:23,27300071881,11,告诉我你的名字,夏目友人帐 第七季,113638224433107
外婆少数的朋友,352.545,1,16777215,2025-01-22 20:31:00,27300071881,11,告诉我你的名字,夏目友人帐 第七季,113638224433107
原来是你,558.952,1,16777215,2025-01-22 20:16:56,27300071881,11,告诉我你的名字,夏目友人帐 第七季,113638224433107
啊啊啊啊啊啊啊啊啊啊不要啊,1242.498,1,16777215,2025-01-22 20:12:08,27300071881,11,告诉我你的名字,夏目友人帐 第七季,113638224433107
哈哈哈哈哈哈,203.707,1,16777215,2025-01-22 19:14:40,27300071881,11,告诉我你的名字,夏目友人帐 第七季,113638224433107
刚运动完就躺着？ 好人叶受不了啊,694.93,1,16777215,2025-01-22 17:26:31,27300071881,11,告诉我你的名字,夏目友人帐 第七季,113638224433107
呜呜呜,1354.781,1,16777215,2025-01-22 12:29:18,27300071881,11,告诉我你的名字,夏目友人帐 第七季,113638224433107
"酒井户,你怎么有佳爱琉的能力?",195.925,1,16777215,2025-01-22 11:22:40,27300071881,11,告诉我你的名字,夏目友人帐 第七季,113638224433107
我天喜林草…这么一大片，好美,1131.304,1,16777215,2025-01-22 09:59:52,27300071881,11,告诉我你的名字,夏目友人帐 第七季,113638224433107
梦开始的地方,561.401,1,16777215,2025-01-22 08:42:20,27300071881,11,告诉我你的名字,夏目友人帐 第七季,113638224433107
给同样看到美丽花海的在线朋友们一个拥抱,1409.61,1,4351678,2025-01-21 22:34:37,27300071881,11,告诉我你的名字,夏目友人帐 第七季,113638224433107
最后一句爆哭,1390.614,1,16777215,2025-01-21 22:32:38,27300071881,11,告诉我你的名字,夏目友人帐 第七季,113638224433107
绮丽,1392.071,1,16777215,2025-01-21 22:32:25,27300071881,11,告诉我你的名字,夏目友人帐 第七季,113638224433107
原来脸上的字叫天目,1364.214,1,16777215,2025-01-21 22:31:56,27300071881,11,告诉我你的名字,夏目友人帐 第七季,113638224433107
梦中依然是最想见到的样子,1345.304,1,16777215,2025-01-21 22:31:20,27300071881,11,告诉我你的名字,夏目友人帐 第七季,113638224433107
救命太刀了,1351.942,1,16777215,2025-01-21 22:30:39,27300071881,11,告诉我你的名字,夏目友人帐 第七季,113638224433107
哇好难受啊,1321.995,1,16777215,2025-01-21 22:30:04,27300071881,11,告诉我你的名字,夏目友人帐 第七季,113638224433107
擦眼泪,1326.342,1,16777215,2025-01-21 22:29:48,27300071881,11,告诉我你的名字,夏目友人帐 第七季,113638224433107
有史以来第一次不是中间那张,1298.763,5,16765698,2025-01-21 22:29:10,27300071881,11,告诉我你的名字,夏目友人帐 第七季,113638224433107
终究是错过了,1225.848,1,16777215,2025-01-21 22:26:55,27300071881,11,告诉我你的名字,夏目友人帐 第七季,113638224433107
感受这个世界美与否是和心情成正相关的,1167.652,1,16777215,2025-01-21 22:25:55,27300071881,11,告诉我你的名字,夏目友人帐 第七季,113638224433107
花海要来了同志们,1101.496,1,16777215,2025-01-21 22:24:10,27300071881,11,告诉我你的名字,夏目友人帐 第七季,113638224433107
对不起，他哭的样子好好笑,1091.145,1,16777215,2025-01-21 22:23:55,27300071881,11,告诉我你的名字,夏目友人帐 第七季,113638224433107
下雨了吗,1026.325,1,16777215,2025-01-21 22:22:19,27300071881,11,告诉我你的名字,夏目友人帐 第七季,113638224433107
天天在家练扔石头吧，那手,927.452,1,16777215,2025-01-21 22:19:13,27300071881,11,告诉我你的名字,夏目友人帐 第七季,113638224433107
完了，知道名字就要刀了吗,940.868,1,16777215,2025-01-21 22:18:43,27300071881,11,告诉我你的名字,夏目友人帐 第七季,113638224433107
小兔纸和小松许,916.808,1,16777215,2025-01-21 22:18:18,27300071881,11,告诉我你的名字,夏目友人帐 第七季,113638224433107
OS该不该说出来,805.072,1,16777215,2025-01-21 22:15:55,27300071881,11,告诉我你的名字,夏目友人帐 第七季,113638224433107
flag立得相当高啊,752.786,1,16777215,2025-01-21 22:15:03,27300071881,11,告诉我你的名字,夏目友人帐 第七季,113638224433107
乡下养病,699.401,1,16777215,2025-01-21 22:14:09,27300071881,11,告诉我你的名字,夏目友人帐 第七季,113638224433107
女生整天不上课不是休病假吧？,648.9,1,16777215,2025-01-21 22:13:19,27300071881,11,告诉我你的名字,夏目友人帐 第七季,113638224433107
脱靶,579.312,1,16777215,2025-01-21 22:11:09,27300071881,11,告诉我你的名字,夏目友人帐 第七季,113638224433107
这一本的友人帐妖怪都听他们说谢谢你哈哈哈哈,561.591,1,16777215,2025-01-21 22:10:45,27300071881,11,告诉我你的名字,夏目友人帐 第七季,113638224433107
啊，原来是你开始的呀,547.539,1,16777215,2025-01-21 22:10:17,27300071881,11,告诉我你的名字,夏目友人帐 第七季,113638224433107
哈哈哈哈哈,532.022,1,16777215,2025-01-21 22:10:02,27300071881,11,告诉我你的名字,夏目友人帐 第七季,113638224433107
原来你喜欢嗑CP啊,441.844,1,16777215,2025-01-21 22:08:32,27300071881,11,告诉我你的名字,夏目友人帐 第七季,113638224433107
成传信的了,447.839,1,16777215,2025-01-21 22:08:11,27300071881,11,告诉我你的名字,夏目友人帐 第七季,113638224433107
专程等你,406.888,1,16777215,2025-01-21 22:07:30,27300071881,11,告诉我你的名字,夏目友人帐 第七季,113638224433107
别说，还真像七濑，这发色,368.073,1,16777215,2025-01-21 22:06:50,27300071881,11,告诉我你的名字,夏目友人帐 第七季,113638224433107
橘势大好,348.895,1,16777215,2025-01-21 22:06:05,27300071881,11,告诉我你的名字,夏目友人帐 第七季,113638224433107
纯e妖,334.305,1,16777215,2025-01-21 22:05:50,27300071881,11,告诉我你的名字,夏目友人帐 第七季,113638224433107
诶     啊,290.426,1,16777215,2025-01-21 22:04:33,27300071881,11,告诉我你的名字,夏目友人帐 第七季,113638224433107
纳                  尼,276.02,1,16777215,2025-01-21 22:04:19,27300071881,11,告诉我你的名字,夏目友人帐 第七季,113638224433107
红红火火恍恍惚惚哈哈哈哈哈新表情包,205.464,1,16777215,2025-01-21 22:02:16,27300071881,11,告诉我你的名字,夏目友人帐 第七季,113638224433107
前方反差萌,187.355,1,16777215,2025-01-21 22:01:40,27300071881,11,告诉我你的名字,夏目友人帐 第七季,113638224433107
你每次都上钩,129.326,1,16777215,2025-01-21 21:59:42,27300071881,11,告诉我你的名字,夏目友人帐 第七季,113638224433107
津田健次郎,109.105,1,16777215,2025-01-21 21:58:45,27300071881,11,告诉我你的名字,夏目友人帐 第七季,113638224433107
刀死我了,1334.681,1,16777215,2025-01-21 20:16:08,27300071881,11,告诉我你的名字,夏目友人帐 第七季,113638224433107
好机会 小度,269.575,1,16777215,2025-01-21 20:00:52,27300071881,11,告诉我你的名字,夏目友人帐 第七季,113638224433107
小杰？,175.88,1,16777215,2025-01-21 19:59:13,27300071881,11,告诉我你的名字,夏目友人帐 第七季,113638224433107
娜娜米,95.324,1,16777215,2025-01-21 17:54:46,27300071881,11,告诉我你的名字,夏目友人帐 第七季,113638224433107
好心疼玲子啊，要是多几天该多好,1099.044,1,16777215,2025-01-21 17:36:30,27300071881,11,告诉我你的名字,夏目友人帐 第七季,113638224433107
这里的bgm是啥,1337.836,1,16777215,2025-01-21 16:07:50,27300071881,11,告诉我你的名字,夏目友人帐 第七季,113638224433107
外婆真的好漂亮啊所以夏目是个美少年,119.422,1,16777215,2025-01-21 09:05:49,27300071881,11,告诉我你的名字,夏目友人帐 第七季,113638224433107
总觉得七海建人在说话,765.46,1,16777215,2025-01-20 22:59:28,27300071881,11,告诉我你的名字,夏目友人帐 第七季,113638224433107
月见草,1136.181,1,16777215,2025-01-20 21:49:48,27300071881,11,告诉我你的名字,夏目友人帐 第七季,113638224433107
原来不是外公的手，而是苍子啊,1357.802,5,16777215,2025-01-20 20:37:06,27300071881,11,告诉我你的名字,夏目友人帐 第七季,113638224433107
哇库哇库,193.887,5,16777215,2025-01-20 19:25:32,27300071881,11,告诉我你的名字,夏目友人帐 第七季,113638224433107
闭着眼睛看书,440.578,1,16777215,2025-01-20 19:00:18,27300071881,11,告诉我你的名字,夏目友人帐 第七季,113638224433107
妖怪为什么不去找玲子呢？,1273.334,1,16777215,2025-01-20 18:02:25,27300071881,11,告诉我你的名字,夏目友人帐 第七季,113638224433107
哇，好美,1112.041,1,16777215,2025-01-20 16:18:51,27300071881,11,告诉我你的名字,夏目友人帐 第七季,113638224433107
blue了,1410.047,1,16777215,2025-01-20 13:36:57,27300071881,11,告诉我你的名字,夏目友人帐 第七季,113638224433107
想知道她的名字,939.419,1,16777215,2025-01-20 13:28:51,27300071881,11,告诉我你的名字,夏目友人帐 第七季,113638224433107
本绿老头也这么觉得,309.772,1,9487136,2025-01-20 12:32:09,27300071881,11,告诉我你的名字,夏目友人帐 第七季,113638224433107
好美的一幕,994.832,1,9033215,2025-01-19 22:56:50,27300071881,11,告诉我你的名字,夏目友人帐 第七季,113638224433107
我闻到了刀子的气息,673.45,1,9033215,2025-01-19 22:50:52,27300071881,11,告诉我你的名字,夏目友人帐 第七季,113638224433107
哇，好帅的姿势,112.775,1,9033215,2025-01-19 22:38:40,27300071881,11,告诉我你的名字,夏目友人帐 第七季,113638224433107
唔唔~好熟悉的声音~,92.459,1,9033215,2025-01-19 22:37:59,27300071881,11,告诉我你的名字,夏目友人帐 第七季,113638224433107
布兑！,659.205,5,16777215,2025-01-19 20:54:32,27300071881,11,告诉我你的名字,夏目友人帐 第七季,113638224433107
在看人鱼公主,512.465,1,16777215,2025-01-19 14:36:46,27300071881,11,告诉我你的名字,夏目友人帐 第七季,113638224433107
美人还名,1304.703,1,16777215,2025-01-19 14:23:47,27300071881,11,告诉我你的名字,夏目友人帐 第七季,113638224433107
开服啦！,1140.064,1,16777215,2025-01-19 14:18:28,27300071881,11,告诉我你的名字,夏目友人帐 第七季,113638224433107
丸辣！,669.578,1,16777215,2025-01-19 13:58:26,27300071881,11,告诉我你的名字,夏目友人帐 第七季,113638224433107
噗哈哈哈哈不愧是开服玩家，就是与众不同哈哈哈哈,191.811,1,16777215,2025-01-19 13:12:26,27300071881,11,告诉我你的名字,夏目友人帐 第七季,113638224433107
世间的阴差阳错从未停歇，只是寻常！,1228.077,1,16777215,2025-01-19 09:20:41,27300071881,11,告诉我你的名字,夏目友人帐 第七季,113638224433107
哭了,1385.555,1,16777215,2025-01-19 09:04:23,27300071881,11,告诉我你的名字,夏目友人帐 第七季,113638224433107
哭死,1235.089,1,16777215,2025-01-19 09:02:40,27300071881,11,告诉我你的名字,夏目友人帐 第七季,113638224433107
窝补药啊！,912.455,1,16777215,2025-01-19 08:58:54,27300071881,11,告诉我你的名字,夏目友人帐 第七季,113638224433107
看爽了,812.924,1,16777215,2025-01-19 08:57:28,27300071881,11,告诉我你的名字,夏目友人帐 第七季,113638224433107
可恶！,1221.002,1,16777215,2025-01-19 00:06:40,27300071881,11,告诉我你的名字,夏目友人帐 第七季,113638224433107
呜呜呜呜呜呜呜,1329.797,1,16777215,2025-01-18 22:49:34,27300071881,11,告诉我你的名字,夏目友人帐 第七季,113638224433107
所以交换过名字就是朋友了吗,1392.726,1,16777215,2025-01-18 22:13:44,27300071881,11,告诉我你的名字,夏目友人帐 第七季,113638224433107
不可结缘徒增伤悲,803.511,5,16777215,2025-01-18 19:45:57,27300071881,11,告诉我你的名字,夏目友人帐 第七季,113638224433107
白月光,725.503,1,16777215,2025-01-18 19:44:31,27300071881,11,告诉我你的名字,夏目友人帐 第七季,113638224433107
后面不会有刀吧,624.619,1,16777215,2025-01-18 19:06:51,27300071881,11,告诉我你的名字,夏目友人帐 第七季,113638224433107
其实这不就是高敏感人群吗,1353.298,1,16777215,2025-01-18 17:44:46,27300071881,11,告诉我你的名字,夏目友人帐 第七季,113638224433107
妖怪：哦豁丸辣,550.482,1,16777215,2025-01-18 17:34:03,27300071881,11,告诉我你的名字,夏目友人帐 第七季,113638224433107
刚看见天上还有妖,90.407,1,16777215,2025-01-18 14:21:04,27300071881,11,告诉我你的名字,夏目友人帐 第七季,113638224433107
是哮喘吗？,679.839,1,16777215,2025-01-18 14:12:52,27300071881,11,告诉我你的名字,夏目友人帐 第七季,113638224433107
呜呜呜,1406.44,1,16777215,2025-01-18 14:05:35,27300071881,11,告诉我你的名字,夏目友人帐 第七季,113638224433107
每一集都在哭啊啊啊,1349.413,1,16777215,2025-01-18 13:45:47,27300071881,11,告诉我你的名字,夏目友人帐 第七季,113638224433107
不可结缘 徒增伤悲,1298.092,1,16777215,2025-01-18 13:44:56,27300071881,11,告诉我你的名字,夏目友人帐 第七季,113638224433107
每一集都让人哭啊啊啊啊啊啊啊啊啊啊,1248.911,1,16777215,2025-01-18 13:44:06,27300071881,11,告诉我你的名字,夏目友人帐 第七季,113638224433107
好悲伤啊,1222.142,1,16777215,2025-01-18 13:43:40,27300071881,11,告诉我你的名字,夏目友人帐 第七季,113638224433107
哇好美啊啊啊啊啊啊,1111.216,1,16777215,2025-01-18 13:41:49,27300071881,11,告诉我你的名字,夏目友人帐 第七季,113638224433107
海马赖人的声音？,104.571,1,16777215,2025-01-18 13:14:53,27300071881,11,告诉我你的名字,夏目友人帐 第七季,113638224433107
哇塞,1107.09,1,16777215,2025-01-18 10:44:36,27300071881,11,告诉我你的名字,夏目友人帐 第七季,113638224433107
橘势大好,725.815,1,16777215,2025-01-18 00:13:59,27300071881,11,告诉我你的名字,夏目友人帐 第七季,113638224433107
不可结缘 徒增伤悲,702.809,1,16777215,2025-01-18 00:06:35,27300071881,11,告诉我你的名字,夏目友人帐 第七季,113638224433107
这是不是玲子第一次有人类朋友,595.539,1,16777215,2025-01-18 00:04:37,27300071881,11,告诉我你的名字,夏目友人帐 第七季,113638224433107
I妖,303.699,1,16777215,2025-01-17 23:11:29,27300071881,11,告诉我你的名字,夏目友人帐 第七季,113638224433107
毛茸茸也很温柔,1329.767,1,16777215,2025-01-17 22:57:18,27300071881,11,告诉我你的名字,夏目友人帐 第七季,113638224433107
呜呜呜呜呜呜呜呜呜呜呜呜呜呜呜呜呜呜呜呜呜呜呜呜呜呜呜呜呜呜呜呜呜,1320.118,1,16777215,2025-01-17 20:26:01,27300071881,11,告诉我你的名字,夏目友人帐 第七季,113638224433107
津叔！,148.265,1,16777215,2025-01-17 18:57:27,27300071881,11,告诉我你的名字,夏目友人帐 第七季,113638224433107
哈哈哈强人连心都有壁垒,763.474,1,16777215,2025-01-17 18:31:21,27300071881,11,告诉我你的名字,夏目友人帐 第七季,113638224433107
啊？你声音明明这么帅？！,145.451,1,16777215,2025-01-17 18:19:29,27300071881,11,告诉我你的名字,夏目友人帐 第七季,113638224433107
眼睛进砖头了,1368.567,1,16777215,2025-01-17 10:40:13,27300071881,11,告诉我你的名字,夏目友人帐 第七季,113638224433107
不能写在纸上或树叶上吗,1250.946,1,16777215,2025-01-17 03:06:25,27300071881,11,告诉我你的名字,夏目友人帐 第七季,113638224433107
咋没人类朋友，有啊，都有小夏目孙子乐,494.242,1,16777215,2025-01-17 00:23:15,27300071881,11,告诉我你的名字,夏目友人帐 第七季,113638224433107
这一季到现在一个名字都没还啊,110.884,1,16777215,2025-01-17 00:15:51,27300071881,11,告诉我你的名字,夏目友人帐 第七季,113638224433107
受不了了我真的哭死,1375.68,1,16777215,2025-01-16 22:15:38,27300071881,11,告诉我你的名字,夏目友人帐 第七季,113638224433107
津叔,191.539,1,16777215,2025-01-16 20:06:30,27300071881,11,告诉我你的名字,夏目友人帐 第七季,113638224433107
津叔又出来工作啦！！,153.411,1,16777215,2025-01-16 18:49:25,27300071881,11,告诉我你的名字,夏目友人帐 第七季,113638224433107
人类的女孩,298.796,1,16777215,2025-01-16 14:12:09,27300071881,11,告诉我你的名字,夏目友人帐 第七季,113638224433107
不可结缘，徒增寂寞,1375.682,1,16777215,2025-01-16 12:14:52,27300071881,11,告诉我你的名字,夏目友人帐 第七季,113638224433107
届不到届不到,1256.675,1,16777215,2025-01-16 11:53:14,27300071881,11,告诉我你的名字,夏目友人帐 第七季,113638224433107
不可结缘,1220.248,1,16777215,2025-01-16 11:52:18,27300071881,11,告诉我你的名字,夏目友人帐 第七季,113638224433107
社长！！！！！！！,93.702,1,41194,2025-01-16 10:20:52,27300071881,11,告诉我你的名字,夏目友人帐 第七季,113638224433107
苍蓝残响的苍,523.179,1,16777215,2025-01-16 00:59:25,27300071881,11,告诉我你的名字,夏目友人帐 第七季,113638224433107
哇呜下集田夏组是不是要加分啊,1422.054,1,16777215,2025-01-15 21:46:12,27300071881,11,告诉我你的名字,夏目友人帐 第七季,113638224433107
我就说如果世界上只有女孩子我在街边睡觉她们也只会叫醒我,720.548,1,16777215,2025-01-15 21:34:05,27300071881,11,告诉我你的名字,夏目友人帐 第七季,113638224433107
万恶之源！,553.821,1,16777215,2025-01-15 21:24:26,27300071881,11,告诉我你的名字,夏目友人帐 第七季,113638224433107
八嘎八嘎西,120.25,5,9599289,2025-01-15 17:23:14,27300071881,11,告诉我你的名字,夏目友人帐 第七季,113638224433107
我觉得应该是找到花田的苍子的想象，毕竟视角是看向玲子的,1361.492,1,16777215,2025-01-15 15:28:35,27300071881,11,告诉我你的名字,夏目友人帐 第七季,113638224433107
外公到底是谁,504.988,5,16646914,2025-01-15 15:12:42,27300071881,11,告诉我你的名字,夏目友人帐 第七季,113638224433107
哈哈！和小智一样的回答啊！我是不会输的,556.688,1,16777215,2025-01-15 14:51:21,27300071881,11,告诉我你的名字,夏目友人帐 第七季,113638224433107
相比起来，铃子真的好惨,1366.281,1,16777215,2025-01-15 14:42:24,27300071881,11,告诉我你的名字,夏目友人帐 第七季,113638224433107
爆哭,1339.854,1,16777215,2025-01-15 12:32:57,27300071881,11,告诉我你的名字,夏目友人帐 第七季,113638224433107
呜呜呜呜呜呜哭晕了,1337.889,1,16777215,2025-01-15 12:32:40,27300071881,11,告诉我你的名字,夏目友人帐 第七季,113638224433107
吴辉成，你看，整片蓝色的花海,1408.784,1,16777215,2025-01-15 09:08:07,27300071881,11,告诉我你的名字,夏目友人帐 第七季,113638224433107
起来！草丛里有蚂蚁啊，还有花呗——,715.409,1,16777215,2025-01-15 05:26:18,27300071881,11,告诉我你的名字,夏目友人帐 第七季,113638224433107
诶？看叶子又不是婆婆纳？。？,1105.819,5,15138834,2025-01-15 00:12:37,27300071881,11,告诉我你的名字,夏目友人帐 第七季,113638224433107
可爱晕了,1014.427,1,16777215,2025-01-14 21:37:50,27300071881,11,告诉我你的名字,夏目友人帐 第七季,113638224433107
八见不散,0.576,1,16777215,2025-01-14 20:45:46,27300071881,11,告诉我你的名字,夏目友人帐 第七季,113638224433107
要是能传达到就好了,1364.192,1,16777215,2025-01-14 17:29:59,27300071881,11,告诉我你的名字,夏目友人帐 第七季,113638224433107
原来友人帐是这么来的吗,551.085,1,16777215,2025-01-14 14:57:54,27300071881,11,告诉我你的名字,夏目友人帐 第七季,113638224433107
娜娜米！！！！！,101.016,1,16777215,2025-01-14 10:43:50,27300071881,11,告诉我你的名字,夏目友人帐 第七季,113638224433107
我好像懂了,658.401,1,16777215,2025-01-14 10:34:19,27300071881,11,告诉我你的名字,夏目友人帐 第七季,113638224433107
哭了,1352.196,1,16777215,2025-01-13 23:36:28,27300071881,11,告诉我你的名字,夏目友人帐 第七季,113638224433107
啊哈哈哈哈哈,446.407,1,16777215,2025-01-13 23:19:42,27300071881,11,告诉我你的名字,夏目友人帐 第七季,113638224433107
小日子喜欢的喜林草,1117.677,1,16777215,2025-01-13 22:19:44,27300071881,11,告诉我你的名字,夏目友人帐 第七季,113638224433107
哈哈哈哈哈小妖怪们太可爱了,1006.632,1,16777215,2025-01-13 19:36:10,27300071881,11,告诉我你的名字,夏目友人帐 第七季,113638224433107
八嘎八嘎吸～,132.108,1,16777215,2025-01-13 17:20:45,27300071881,11,告诉我你的名字,夏目友人帐 第七季,113638224433107
刀子刀子,1024.146,1,16777215,2025-01-13 13:25:57,27300071881,11,告诉我你的名字,夏目友人帐 第七季,113638224433107
来也,93.096,1,16777215,2025-01-13 11:08:34,27300071881,11,告诉我你的名字,夏目友人帐 第七季,113638224433107
孙啊哈,1295.505,1,16777215,2025-01-13 00:17:06,27300071881,11,告诉我你的名字,夏目友人帐 第七季,113638224433107
你不是会写字嘛？,1257.553,1,16777215,2025-01-13 00:16:08,27300071881,11,告诉我你的名字,夏目友人帐 第七季,113638224433107
哦莫~不愧是你绿川幸,1230.481,1,16777215,2025-01-13 00:14:57,27300071881,11,告诉我你的名字,夏目友人帐 第七季,113638224433107
啊？病好了？,1195.451,1,16777215,2025-01-13 00:13:27,27300071881,11,告诉我你的名字,夏目友人帐 第七季,113638224433107
哇带它去看花海,1092.646,1,16777215,2025-01-13 00:10:42,27300071881,11,告诉我你的名字,夏目友人帐 第七季,113638224433107
噗……,1082.769,1,16777215,2025-01-13 00:10:18,27300071881,11,告诉我你的名字,夏目友人帐 第七季,113638224433107
津叔？,93.782,1,16777215,2025-01-13 00:08:46,27300071881,11,告诉我你的名字,夏目友人帐 第七季,113638224433107
囧囧囧,661.821,1,16777215,2025-01-13 00:01:25,27300071881,11,告诉我你的名字,夏目友人帐 第七季,113638224433107
心脏病吧真是囧,654.248,1,16777215,2025-01-13 00:00:57,27300071881,11,告诉我你的名字,夏目友人帐 第七季,113638224433107
小林沙苗？,353.915,1,16777215,2025-01-12 23:54:47,27300071881,11,告诉我你的名字,夏目友人帐 第七季,113638224433107
这个声优是妖精的尾巴里面格雷老爸的声优吗？超有磁性的声音。,188.95,1,16777215,2025-01-12 23:29:06,27300071881,11,告诉我你的名字,夏目友人帐 第七季,113638224433107
好美啊,1392.105,1,16777215,2025-01-12 23:21:32,27300071881,11,告诉我你的名字,夏目友人帐 第七季,113638224433107
万恶之源,552.714,1,16777215,2025-01-12 22:45:12,27300071881,11,告诉我你的名字,夏目友人帐 第七季,113638224433107
呜呜呜呜呜呜呜呜,1382.857,1,16777215,2025-01-12 22:30:01,27300071881,11,告诉我你的名字,夏目友人帐 第七季,113638224433107
婆婆那？,1139.518,1,16777215,2025-01-12 22:16:03,27300071881,11,告诉我你的名字,夏目友人帐 第七季,113638224433107
我靠,949.812,1,16765698,2025-01-12 20:48:54,27300071881,11,告诉我你的名字,夏目友人帐 第七季,113638224433107
好桑心啊，呜呜呜呜呜呜呜呜呜,1247.463,1,16777215,2025-01-12 20:42:18,27300071881,11,告诉我你的名字,夏目友人帐 第七季,113638224433107
呜呜呜呜呜呜,1361.491,1,16707842,2025-01-12 19:18:14,27300071881,11,告诉我你的名字,夏目友人帐 第七季,113638224433107
我滴妈第一页,1301.669,1,16707842,2025-01-12 19:17:07,27300071881,11,告诉我你的名字,夏目友人帐 第七季,113638224433107
？！！惊现届不到！！hhhhh,1248.563,1,16707842,2025-01-12 19:15:59,27300071881,11,告诉我你的名字,夏目友人帐 第七季,113638224433107
呜呜呜呜呜哭死,1225.716,1,16707842,2025-01-12 19:15:13,27300071881,11,告诉我你的名字,夏目友人帐 第七季,113638224433107
我靠啊啊啊啊啊,1195.63,1,16707842,2025-01-12 19:14:39,27300071881,11,告诉我你的名字,夏目友人帐 第七季,113638224433107
哎呦hhhhhh,1083.252,1,16707842,2025-01-12 19:12:32,27300071881,11,告诉我你的名字,夏目友人帐 第七季,113638224433107
我滴天…不要啊,1070.479,1,16707842,2025-01-12 19:12:16,27300071881,11,告诉我你的名字,夏目友人帐 第七季,113638224433107
可爱！,1002.063,1,16707842,2025-01-12 19:09:35,27300071881,11,告诉我你的名字,夏目友人帐 第七季,113638224433107
我滴妈。贴脸开大,843.106,1,16707842,2025-01-12 19:06:51,27300071881,11,告诉我你的名字,夏目友人帐 第七季,113638224433107
原来是这样…ww,560.662,1,16707842,2025-01-12 18:58:16,27300071881,11,告诉我你的名字,夏目友人帐 第七季,113638224433107
无论什么时候看都很感动,1307.738,1,16777215,2025-01-12 18:54:09,27300071881,11,告诉我你的名字,夏目友人帐 第七季,113638224433107
这眼神空洞的吓人,888.316,1,16777215,2025-01-12 17:52:24,27300071881,11,告诉我你的名字,夏目友人帐 第七季,113638224433107
呜呜呜呜,1234.724,1,16777215,2025-01-12 17:32:52,27300071881,11,告诉我你的名字,夏目友人帐 第七季,113638224433107
车祸癌症治不好,673.256,1,16777215,2025-01-12 17:32:35,27300071881,11,告诉我你的名字,夏目友人帐 第七季,113638224433107
哈哈哈哈哈哈哈哈哈哈,1091.39,1,16777215,2025-01-12 16:37:51,27300071881,11,告诉我你的名字,夏目友人帐 第七季,113638224433107
泪目,1409.143,1,16777215,2025-01-12 14:47:10,27300071881,11,告诉我你的名字,夏目友人帐 第七季,113638224433107
下周见,1408.167,1,16777215,2025-01-12 14:16:14,27300071881,11,告诉我你的名字,夏目友人帐 第七季,113638224433107
有大刀,742.296,1,16777215,2025-01-12 13:54:34,27300071881,11,告诉我你的名字,夏目友人帐 第七季,113638224433107
这是妖怪的脚还是,1209.131,1,16777215,2025-01-12 13:50:32,27300071881,11,告诉我你的名字,夏目友人帐 第七季,113638224433107
出音味来,106.982,1,16777215,2025-01-12 13:29:49,27300071881,11,告诉我你的名字,夏目友人帐 第七季,113638224433107
每次,126.935,1,16777215,2025-01-12 13:23:46,27300071881,11,告诉我你的名字,夏目友人帐 第七季,113638224433107
你的名字！！！,97.056,1,16777215,2025-01-12 13:10:03,27300071881,11,告诉我你的名字,夏目友人帐 第七季,113638224433107
前面致不灭的你等我,105.89,1,16777215,2025-01-12 13:08:01,27300071881,11,告诉我你的名字,夏目友人帐 第七季,113638224433107
怎么有点像伊丽莎白哈哈哈哈,267.595,1,16777215,2025-01-12 12:57:26,27300071881,11,告诉我你的名字,夏目友人帐 第七季,113638224433107
不好意思哭的还有我们,1084.395,1,16777215,2025-01-12 12:37:27,27300071881,11,告诉我你的名字,夏目友人帐 第七季,113638224433107
呜呜呜呜呜,1401.491,1,16777215,2025-01-12 12:31:44,27300071881,11,告诉我你的名字,夏目友人帐 第七季,113638224433107
梦开始的地方,1152.743,1,16777215,2025-01-12 12:27:31,27300071881,11,告诉我你的名字,夏目友人帐 第七季,113638224433107
啊啊啊啊啊啊啊啊啊啊啊啊啊啊我滴心,1300.586,1,16777215,2025-01-12 12:10:15,27300071881,11,告诉我你的名字,夏目友人帐 第七季,113638224433107
好难过,1267.73,1,16777215,2025-01-12 03:50:19,27300071881,11,告诉我你的名字,夏目友人帐 第七季,113638224433107
这么意难平，好难受,1267.73,1,16777215,2025-01-12 03:50:08,27300071881,11,告诉我你的名字,夏目友人帐 第七季,113638224433107
来了来了！,90.347,1,16777215,2025-01-12 02:17:42,27300071881,11,告诉我你的名字,夏目友人帐 第七季,113638224433107
津叔,107.484,1,16777215,2025-01-12 02:15:45,27300071881,11,告诉我你的名字,夏目友人帐 第七季,113638224433107
手好苍白啊,881.174,1,16777215,2025-01-12 02:10:15,27300071881,11,告诉我你的名字,夏目友人帐 第七季,113638224433107
种鸢尾吧,726.45,1,16777215,2025-01-12 01:51:05,27300071881,11,告诉我你的名字,夏目友人帐 第七季,113638224433107
还有家教里面的斯帕纳！然后再配的大人蓝波！,799.462,1,16707842,2025-01-12 01:41:55,27300071881,11,告诉我你的名字,夏目友人帐 第七季,113638224433107
巨人！,1128.145,1,16777215,2025-01-11 22:13:25,27300071881,11,告诉我你的名字,夏目友人帐 第七季,113638224433107
外婆有个很像滑稽那个表情,906.328,1,16777215,2025-01-11 22:05:17,27300071881,11,告诉我你的名字,夏目友人帐 第七季,113638224433107
狠人啊,615.392,1,16777215,2025-01-11 21:25:12,27300071881,11,告诉我你的名字,夏目友人帐 第七季,113638224433107
百合花,764.776,1,16777215,2025-01-11 20:33:13,27300071881,11,告诉我你的名字,夏目友人帐 第七季,113638224433107
应该只是想吃瓜,450.395,1,16777215,2025-01-11 20:31:21,27300071881,11,告诉我你的名字,夏目友人帐 第七季,113638224433107
布豪！,663.879,5,16777215,2025-01-11 20:14:58,27300071881,11,告诉我你的名字,夏目友人帐 第七季,113638224433107
啊啊啊啊呜呜呜呜呜嘤嘤嘤呜呜,1336.018,1,16777215,2025-01-11 20:07:37,27300071881,11,告诉我你的名字,夏目友人帐 第七季,113638224433107
呜哇…,1395.149,1,16777215,2025-01-11 18:28:46,27300071881,11,告诉我你的名字,夏目友人帐 第七季,113638224433107
慈弦嘛？,283.004,1,16777215,2025-01-11 18:27:16,27300071881,11,告诉我你的名字,夏目友人帐 第七季,113638224433107
泪目,1235.595,1,16777215,2025-01-11 18:27:13,27300071881,11,告诉我你的名字,夏目友人帐 第七季,113638224433107
布豪！,665.47,1,16777215,2025-01-11 18:18:29,27300071881,11,告诉我你的名字,夏目友人帐 第七季,113638224433107
啊啊啊啊啊,1418.061,1,16777215,2025-01-11 18:05:47,27300071881,11,告诉我你的名字,夏目友人帐 第七季,113638224433107
哇库哇库,749.293,1,16777215,2025-01-11 17:16:48,27300071881,11,告诉我你的名字,夏目友人帐 第七季,113638224433107
原来是你！,572.597,1,16777215,2025-01-11 15:31:04,27300071881,11,告诉我你的名字,夏目友人帐 第七季,113638224433107
不可结缘，徒增伤悲,1395.83,1,16777215,2025-01-11 15:01:22,27300071881,11,告诉我你的名字,夏目友人帐 第七季,113638224433107
三三,178.311,1,16777215,2025-01-11 14:33:46,27300071881,11,告诉我你的名字,夏目友人帐 第七季,113638224433107
哈哈哈哈哈哈,1085.973,1,16777215,2025-01-11 14:27:30,27300071881,11,告诉我你的名字,夏目友人帐 第七季,113638224433107
同样蓝色的花，象征着蓝色的名字,1397.631,1,16777215,2025-01-11 13:43:40,27300071881,11,告诉我你的名字,夏目友人帐 第七季,113638224433107
啊啊啊啊 这集太好哭了,1411.701,1,16777215,2025-01-11 13:08:06,27300071881,11,告诉我你的名字,夏目友人帐 第七季,113638224433107
哭哭,1292.093,1,16777215,2025-01-11 13:06:06,27300071881,11,告诉我你的名字,夏目友人帐 第七季,113638224433107
是不是被雨淋了生病了,1100.563,1,16777215,2025-01-11 12:55:50,27300071881,11,告诉我你的名字,夏目友人帐 第七季,113638224433107
不会是淋雨生病了。。。,1078.246,1,16777215,2025-01-11 12:19:32,27300071881,11,告诉我你的名字,夏目友人帐 第七季,113638224433107
鼻子酸了,542.557,1,16777215,2025-01-11 11:55:18,27300071881,11,告诉我你的名字,夏目友人帐 第七季,113638224433107
万恶之源,553.409,1,16777215,2025-01-11 11:34:25,27300071881,11,告诉我你的名字,夏目友人帐 第七季,113638224433107
哭死,1410.132,1,16777215,2025-01-11 11:06:33,27300071881,11,告诉我你的名字,夏目友人帐 第七季,113638224433107
好惬意温馨的小趣。。,302.304,1,16777215,2025-01-11 10:19:04,27300071881,11,告诉我你的名字,夏目友人帐 第七季,113638224433107
你的名字,94.226,1,16777215,2025-01-11 10:15:44,27300071881,11,告诉我你的名字,夏目友人帐 第七季,113638224433107
又想起第五季的不可结缘徒增寂寞了 呜呜呜,1405.581,1,16777215,2025-01-11 01:07:55,27300071881,11,告诉我你的名字,夏目友人帐 第七季,113638224433107
没想到一时兴起的游戏，却束缚住了我们的灵魂,1304.764,1,16777215,2025-01-10 22:27:56,27300071881,11,告诉我你的名字,夏目友人帐 第七季,113638224433107
天堂,1120.785,1,16777215,2025-01-10 22:24:31,27300071881,11,告诉我你的名字,夏目友人帐 第七季,113638224433107
小妖怪们~~,997.016,1,16777215,2025-01-10 22:02:01,27300071881,11,告诉我你的名字,夏目友人帐 第七季,113638224433107
津叔哈哈哈哈哈哈哈哈哈哈,1084.584,1,16777215,2025-01-10 21:56:28,27300071881,11,告诉我你的名字,夏目友人帐 第七季,113638224433107
万恶之源竟是你！,559.097,1,16777215,2025-01-10 21:50:22,27300071881,11,告诉我你的名字,夏目友人帐 第七季,113638224433107
第一页啊！！,167.46,1,16777215,2025-01-10 21:43:21,27300071881,11,告诉我你的名字,夏目友人帐 第七季,113638224433107
这不会是塔子阿姨吧,470.847,1,16777215,2025-01-10 21:33:18,27300071881,11,告诉我你的名字,夏目友人帐 第七季,113638224433107
好喜欢外婆的性格,390.367,1,16777215,2025-01-10 21:28:45,27300071881,11,告诉我你的名字,夏目友人帐 第七季,113638224433107
万恶之源,561.977,1,16777215,2025-01-10 21:27:39,27300071881,11,告诉我你的名字,夏目友人帐 第七季,113638224433107
三三好像更胖了,132.187,1,16777215,2025-01-10 21:24:10,27300071881,11,告诉我你的名字,夏目友人帐 第七季,113638224433107
万恶之源哈哈哈,553.661,1,16777215,2025-01-10 21:22:46,27300071881,11,告诉我你的名字,夏目友人帐 第七季,113638224433107
声音是可以变的么么哒,197.979,1,16777215,2025-01-10 21:15:20,27300071881,11,告诉我你的名字,夏目友人帐 第七季,113638224433107
不可结缘，徒增伤悲,1265.268,1,16777215,2025-01-10 21:09:16,27300071881,11,告诉我你的名字,夏目友人帐 第七季,113638224433107
我也喜欢一个人待着，哪怕是发呆都觉得好舒服,314.502,1,16777215,2025-01-10 21:04:20,27300071881,11,告诉我你的名字,夏目友人帐 第七季,113638224433107
要不要这么大的反差啊，我都没反应过来,194.25,1,16777215,2025-01-10 21:00:53,27300071881,11,告诉我你的名字,夏目友人帐 第七季,113638224433107
回回都上当，当当不一样,123.069,1,16777215,2025-01-10 20:34:05,27300071881,11,告诉我你的名字,夏目友人帐 第七季,113638224433107
月见草？,1118.251,1,16777215,2025-01-10 19:43:41,27300071881,11,告诉我你的名字,夏目友人帐 第七季,113638224433107
、/-“？,218.421,1,16777215,2025-01-10 19:28:42,27300071881,11,告诉我你的名字,夏目友人帐 第七季,113638224433107
天热了,146.202,1,16777215,2025-01-10 19:11:40,27300071881,11,告诉我你的名字,夏目友人帐 第七季,113638224433107
呜呜呜,1415.218,1,16777215,2025-01-10 19:07:53,27300071881,11,告诉我你的名字,夏目友人帐 第七季,113638224433107
呜呜呜呜,1400.618,1,16777215,2025-01-10 17:17:38,27300071881,11,告诉我你的名字,夏目友人帐 第七季,113638224433107
玲子简直就是万雌王。。,777.813,1,11890,2025-01-10 17:13:02,27300071881,11,告诉我你的名字,夏目友人帐 第七季,113638224433107
太阳花田,736.31,1,16777215,2025-01-10 16:49:07,27300071881,11,告诉我你的名字,夏目友人帐 第七季,113638224433107
替身文学,1162.217,1,16777215,2025-01-10 16:24:04,27300071881,11,告诉我你的名字,夏目友人帐 第七季,113638224433107
所以这个妖叫什么名字,1306.316,1,16777215,2025-01-10 16:04:53,27300071881,11,告诉我你的名字,夏目友人帐 第七季,113638224433107
万花晴昼海啊,1106.62,1,16777215,2025-01-10 14:27:17,27300071881,11,告诉我你的名字,夏目友人帐 第七季,113638224433107
懂了（doge）,552.214,1,16777215,2025-01-10 13:23:26,27300071881,11,告诉我你的名字,夏目友人帐 第七季,113638224433107
啊！原来是你,551.975,1,16777215,2025-01-10 13:16:23,27300071881,11,告诉我你的名字,夏目友人帐 第七季,113638224433107
勇者！！！！！,1111.199,1,16777215,2025-01-10 12:54:57,27300071881,11,告诉我你的名字,夏目友人帐 第七季,113638224433107
这糖，还挺大块（）,593.388,1,16777215,2025-01-10 12:49:05,27300071881,11,告诉我你的名字,夏目友人帐 第七季,113638224433107
所以这妹子是发生什么了吗,565.823,1,16777215,2025-01-10 12:19:59,27300071881,11,告诉我你的名字,夏目友人帐 第七季,113638224433107
有只羊驼在我脑子里,155.713,1,16777215,2025-01-10 12:12:35,27300071881,11,告诉我你的名字,夏目友人帐 第七季,113638224433107
哈哈哈哈好可爱,1091.776,1,16777215,2025-01-10 12:03:45,27300071881,11,告诉我你的名字,夏目友人帐 第七季,113638224433107
百合百合百合,377.485,1,16777215,2025-01-10 11:51:51,27300071881,11,告诉我你的名字,夏目友人帐 第七季,113638224433107
万恶之源！,553.462,1,16777215,2025-01-10 01:43:46,27300071881,11,告诉我你的名字,夏目友人帐 第七季,113638224433107
呜呜ಥ_ಥ,1210.699,1,16777215,2025-01-10 00:23:24,27300071881,11,告诉我你的名字,夏目友人帐 第七季,113638224433107
++++++++++++++++++++++++++++++,100.971,1,16777215,2025-01-10 00:07:25,27300071881,11,告诉我你的名字,夏目友人帐 第七季,113638224433107
邵荣我好想你,1404.838,1,16777215,2025-01-09 23:41:52,27300071881,11,告诉我你的名字,夏目友人帐 第七季,113638224433107
津叔声音真好听，真有辨识度,1290.298,1,16777215,2025-01-09 22:48:06,27300071881,11,告诉我你的名字,夏目友人帐 第七季,113638224433107
津叔,189.077,1,16777215,2025-01-09 22:45:37,27300071881,11,告诉我你的名字,夏目友人帐 第七季,113638224433107
哭死 第一页,1315.0,1,16777215,2025-01-09 21:48:28,27300071881,11,告诉我你的名字,夏目友人帐 第七季,113638224433107
明天见,1423.848,1,16777215,2025-01-09 21:42:33,27300071881,11,告诉我你的名字,夏目友人帐 第七季,113638224433107
不要啊,680.077,1,16777215,2025-01-09 21:35:35,27300071881,11,告诉我你的名字,夏目友人帐 第七季,113638224433107
精准A,582.786,1,16777215,2025-01-09 20:53:45,27300071881,11,告诉我你的名字,夏目友人帐 第七季,113638224433107
津叔配这样的妖怪？！！,148.191,1,16777215,2025-01-09 20:42:12,27300071881,11,告诉我你的名字,夏目友人帐 第七季,113638224433107
津叔！！,93.451,1,16777215,2025-01-09 20:39:39,27300071881,11,告诉我你的名字,夏目友人帐 第七季,113638224433107
好可爱,1086.0,1,16777215,2025-01-09 20:38:28,27300071881,11,告诉我你的名字,夏目友人帐 第七季,113638224433107
不可结缘，徒增悲伤,1418.773,1,16777215,2025-01-09 20:22:21,27300071881,11,告诉我你的名字,夏目友人帐 第七季,113638224433107
哈哈哈哈哈哈好可爱,1086.993,1,16777215,2025-01-09 20:09:19,27300071881,11,告诉我你的名字,夏目友人帐 第七季,113638224433107
这妖怪是在用脚比划吗（,1208.509,1,16777215,2025-01-09 19:48:19,27300071881,11,告诉我你的名字,夏目友人帐 第七季,113638224433107
原来是这样！！,554.481,1,16777215,2025-01-09 19:22:59,27300071881,11,告诉我你的名字,夏目友人帐 第七季,113638224433107
哭得饭吃不下去了,1381.082,1,16777215,2025-01-09 19:16:58,27300071881,11,告诉我你的名字,夏目友人帐 第七季,113638224433107
友人帐上的所有妖怪都是玲子的好朋友。从人类好朋友苍子开始的游戏，。,1380.896,1,16777215,2025-01-09 18:46:51,27300071881,11,告诉我你的名字,夏目友人帐 第七季,113638224433107
本季的第一次还名字,1308.789,1,16777215,2025-01-09 18:43:29,27300071881,11,告诉我你的名字,夏目友人帐 第七季,113638224433107
好遗憾的友情,1262.443,1,16777215,2025-01-09 18:30:39,27300071881,11,告诉我你的名字,夏目友人帐 第七季,113638224433107
万物起源,550.364,1,16777215,2025-01-09 17:21:03,27300071881,11,告诉我你的名字,夏目友人帐 第七季,113638224433107
这个故事太爱了啊啊啊,1298.975,1,16777215,2025-01-09 16:56:15,27300071881,11,告诉我你的名字,夏目友人帐 第七季,113638224433107
天呀，太虐了,1212.835,1,16777215,2025-01-09 16:54:39,27300071881,11,告诉我你的名字,夏目友人帐 第七季,113638224433107
这个妖怪以后能不能留在夏目身边，感觉很有趣,1158.595,1,16777215,2025-01-09 16:53:35,27300071881,11,告诉我你的名字,夏目友人帐 第七季,113638224433107
太性感了,187.775,1,16777215,2025-01-09 16:36:37,27300071881,11,告诉我你的名字,夏目友人帐 第七季,113638224433107
毕竟这是原创,432.764,1,16777215,2025-01-09 16:25:22,27300071881,11,告诉我你的名字,夏目友人帐 第七季,113638224433107
你是想嗑百合cp吧（doge）,448.065,5,15772458,2025-01-09 16:18:38,27300071881,11,告诉我你的名字,夏目友人帐 第七季,113638224433107
这个册子真的是越翻越多,1302.379,1,16777215,2025-01-09 15:43:43,27300071881,11,告诉我你的名字,夏目友人帐 第七季,113638224433107
CP BE的痛哈哈哈哈哈哈哈哈,1086.982,1,16777215,2025-01-09 13:31:45,27300071881,11,告诉我你的名字,夏目友人帐 第七季,113638224433107
不经意的一句话也可能是往后余生的约定,1399.384,1,16777215,2025-01-09 13:14:28,27300071881,11,告诉我你的名字,夏目友人帐 第七季,113638224433107
呜呜呜呜呜呜呜呜呜,1261.129,1,16777215,2025-01-09 13:04:28,27300071881,11,告诉我你的名字,夏目友人帐 第七季,113638224433107
啊啊啊啊啊啊啊,1109.396,1,16777215,2025-01-09 13:01:09,27300071881,11,告诉我你的名字,夏目友人帐 第七季,113638224433107
栗子球,150.85,1,16777215,2025-01-09 12:58:59,27300071881,11,告诉我你的名字,夏目友人帐 第七季,113638224433107
草！突然好想哭,1027.902,1,16777215,2025-01-09 12:57:15,27300071881,11,告诉我你的名字,夏目友人帐 第七季,113638224433107
这句话给我干泪目了,1178.028,1,16777215,2025-01-09 12:56:42,27300071881,11,告诉我你的名字,夏目友人帐 第七季,113638224433107
哭了！,1403.518,1,16777215,2025-01-09 12:54:43,27300071881,11,告诉我你的名字,夏目友人帐 第七季,113638224433107
呜呜呜呜呜呜呜呜呜,1310.481,1,16777215,2025-01-09 12:27:47,27300071881,11,告诉我你的名字,夏目友人帐 第七季,113638224433107
第一张！,1303.57,1,16777215,2025-01-09 12:27:26,27300071881,11,告诉我你的名字,夏目友人帐 第七季,113638224433107
好可爱哈哈哈哈哈,999.548,1,16777215,2025-01-09 12:17:56,27300071881,11,告诉我你的名字,夏目友人帐 第七季,113638224433107
来啦,4.881,1,16777215,2025-01-09 10:30:49,27300071881,11,告诉我你的名字,夏目友人帐 第七季,113638224433107
话都给你说完了我说啥,289.895,1,16777215,2025-01-09 09:38:09,27300071881,11,告诉我你的名字,夏目友人帐 第七季,113638224433107
感觉妖怪这里哭是在暗指林子的内心 ,1102.554,1,16777215,2025-01-09 04:30:52,27300071881,11,告诉我你的名字,夏目友人帐 第七季,113638224433107
共情max的妖怪啊,1327.976,1,16777215,2025-01-09 03:43:24,27300071881,11,告诉我你的名字,夏目友人帐 第七季,113638224433107
妖怪你不能去找玲子嗎qaq,1282.43,1,16777215,2025-01-09 03:41:16,27300071881,11,告诉我你的名字,夏目友人帐 第七季,113638224433107
有根呆毛（bushi,403.042,1,16777215,2025-01-09 02:26:06,27300071881,11,告诉我你的名字,夏目友人帐 第七季,113638224433107
呜呜呜,1328.13,1,16777215,2025-01-09 00:29:31,27300071881,11,告诉我你的名字,夏目友人帐 第七季,113638224433107
原来是你开始的啊,547.238,1,16777215,2025-01-09 00:17:42,27300071881,11,告诉我你的名字,夏目友人帐 第七季,113638224433107
泪目啊啊,1416.182,1,16777215,2025-01-09 00:12:54,27300071881,11,告诉我你的名字,夏目友人帐 第七季,113638224433107
这么说这是玲子输的唯一一次,571.647,1,16777215,2025-01-09 00:08:48,27300071881,11,告诉我你的名字,夏目友人帐 第七季,113638224433107
哈哈哈哈哈哈哈哈哈哈哈哈,1085.498,1,16777215,2025-01-09 00:01:20,27300071881,11,告诉我你的名字,夏目友人帐 第七季,113638224433107
哈哈哈哈哈哈,199.81,1,16777215,2025-01-08 23:43:21,27300071881,11,告诉我你的名字,夏目友人帐 第七季,113638224433107
哟  聪明了,132.658,1,16777215,2025-01-08 23:02:23,27300071881,11,告诉我你的名字,夏目友人帐 第七季,113638224433107
肯定死了。,661.655,1,16777215,2025-01-08 22:22:00,27300071881,11,告诉我你的名字,夏目友人帐 第七季,113638224433107
外婆也不學習就睡覺麼,509.331,1,16777215,2025-01-08 21:34:10,27300071881,11,告诉我你的名字,夏目友人帐 第七季,113638224433107
第七集最最最喜欢的一集TVT,1378.065,1,16777215,2025-01-08 21:32:34,27300071881,11,告诉我你的名字,夏目友人帐 第七季,113638224433107
终于，终于要讲友人帐里面妖怪的故事了,182.797,1,16777215,2025-01-08 21:21:14,27300071881,11,告诉我你的名字,夏目友人帐 第七季,113638224433107
啊啊啊啊周尊防,165.482,1,16777215,2025-01-08 20:47:37,27300071881,11,告诉我你的名字,夏目友人帐 第七季,113638224433107
呜呜呜呜呜呜呜呜呜,1391.189,1,16777215,2025-01-08 19:53:46,27300071881,11,告诉我你的名字,夏目友人帐 第七季,113638224433107
呜呜呜～CP    be了,1087.824,1,16777215,2025-01-08 19:47:55,27300071881,11,告诉我你的名字,夏目友人帐 第七季,113638224433107
太帅了，啊啊啊,1040.008,1,16777215,2025-01-08 19:46:22,27300071881,11,告诉我你的名字,夏目友人帐 第七季,113638224433107
呜呜呜呃呃呃,1405.586,1,16777215,2025-01-08 19:45:13,27300071881,11,告诉我你的名字,夏目友人帐 第七季,113638224433107
呜呜呜呜呜呜呜呜呜呜呜,1232.773,1,16777215,2025-01-08 19:44:21,27300071881,11,告诉我你的名字,夏目友人帐 第七季,113638224433107
拿了名字之后就不见了，这很玲子,1194.185,1,16777215,2025-01-08 19:19:01,27300071881,11,告诉我你的名字,夏目友人帐 第七季,113638224433107
哈哈哈哈哈磕的cpbe了,1098.491,1,16777215,2025-01-08 19:10:31,27300071881,11,告诉我你的名字,夏目友人帐 第七季,113638224433107
哇哦！！！！,1104.958,1,16707842,2025-01-08 18:50:09,27300071881,11,告诉我你的名字,夏目友人帐 第七季,113638224433107
哈哈哈哈哈哈哈哈毛绒绒你在干嘛,1082.478,1,16777215,2025-01-08 18:49:39,27300071881,11,告诉我你的名字,夏目友人帐 第七季,113638224433107
这声音太有辨识度了,317.288,1,16777215,2025-01-08 18:43:28,27300071881,11,告诉我你的名字,夏目友人帐 第七季,113638224433107
原来是你,561.413,1,16777215,2025-01-08 18:15:23,27300071881,11,告诉我你的名字,夏目友人帐 第七季,113638224433107
呜呜呜呜呜呜,1248.2,1,16777215,2025-01-08 18:10:39,27300071881,11,告诉我你的名字,夏目友人帐 第七季,113638224433107
好帅啊,131.264,1,16777215,2025-01-08 17:49:38,27300071881,11,告诉我你的名字,夏目友人帐 第七季,113638224433107
啊哈哈哈哈哈哈哈哈,189.299,1,16777215,2025-01-08 17:35:57,27300071881,11,告诉我你的名字,夏目友人帐 第七季,113638224433107
————————————————————————————————————————————————————————————————————————————————————————————————————,1378.676,5,16707842,2025-01-08 16:30:00,27300071881,11,告诉我你的名字,夏目友人帐 第七季,113638224433107
我的cp，be了,1085.777,1,16777215,2025-01-08 16:19:10,27300071881,11,告诉我你的名字,夏目友人帐 第七季,113638224433107
————————————————————————————————————————————————————————————————————————————————————————————————————,323.181,5,16707842,2025-01-08 16:15:13,27300071881,11,告诉我你的名字,夏目友人帐 第七季,113638224433107
————————————————————————————————————————————————————————————————————————————————————————————————————,271.265,5,16707842,2025-01-08 16:14:26,27300071881,11,告诉我你的名字,夏目友人帐 第七季,113638224433107
好撩啊,380.665,1,16777215,2025-01-08 16:02:24,27300071881,11,告诉我你的名字,夏目友人帐 第七季,113638224433107
魅魔玲子,330.22,1,16777215,2025-01-08 16:01:12,27300071881,11,告诉我你的名字,夏目友人帐 第七季,113638224433107
毛毛怪,313.199,1,16777215,2025-01-08 15:19:11,27300071881,11,告诉我你的名字,夏目友人帐 第七季,113638224433107
哇，不是中间了,1301.511,1,16777215,2025-01-08 14:47:56,27300071881,11,告诉我你的名字,夏目友人帐 第七季,113638224433107
呜呜呜呜呜呜呜呜呜呜呜呜呜呜呜,1227.524,1,16777215,2025-01-08 14:46:28,27300071881,11,告诉我你的名字,夏目友人帐 第七季,113638224433107
我就知道会这样,1195.784,1,16777215,2025-01-08 14:45:39,27300071881,11,告诉我你的名字,夏目友人帐 第七季,113638224433107
不要啊,1064.323,1,16777215,2025-01-08 14:43:18,27300071881,11,告诉我你的名字,夏目友人帐 第七季,113638224433107
原来是这样的开始呀,553.632,1,16777215,2025-01-08 14:33:41,27300071881,11,告诉我你的名字,夏目友人帐 第七季,113638224433107
好可爱呀，哈哈哈哈哈哈哈,190.633,1,16777215,2025-01-08 14:26:41,27300071881,11,告诉我你的名字,夏目友人帐 第七季,113638224433107
我的天，好好哭,104.846,1,16777215,2025-01-08 14:09:52,27300071881,11,告诉我你的名字,夏目友人帐 第七季,113638224433107
呜呜呜呜呜呜呜呜呜,1400.893,1,16777215,2025-01-08 12:47:34,27300071881,11,告诉我你的名字,夏目友人帐 第七季,113638224433107
好美啊,1115.453,1,16777215,2025-01-08 12:42:31,27300071881,11,告诉我你的名字,夏目友人帐 第七季,113638224433107
nanami,263.752,1,16777215,2025-01-08 12:34:01,27300071881,11,告诉我你的名字,夏目友人帐 第七季,113638224433107
不会是娜娜米的配音吧,519.092,1,16777215,2025-01-08 12:22:35,27300071881,11,告诉我你的名字,夏目友人帐 第七季,113638224433107
你突然得好突然哦,190.405,1,16777215,2025-01-08 11:53:51,27300071881,11,告诉我你的名字,夏目友人帐 第七季,113638224433107
补药啊,663.544,1,16777215,2025-01-08 11:40:41,27300071881,11,告诉我你的名字,夏目友人帐 第七季,113638224433107
徽章！,417.198,1,16777215,2025-01-08 10:09:07,27300071881,11,告诉我你的名字,夏目友人帐 第七季,113638224433107
终于不是中间一页了,1304.386,1,16777215,2025-01-08 08:07:49,27300071881,11,告诉我你的名字,夏目友人帐 第七季,113638224433107
真的要哭死,1311.314,1,16777215,2025-01-08 03:06:17,27300071881,11,告诉我你的名字,夏目友人帐 第七季,113638224433107
好像校霸和小弟们哈哈哈,469.233,1,16777215,2025-01-08 03:05:15,27300071881,11,告诉我你的名字,夏目友人帐 第七季,113638224433107
补药，，补药啊。。,1201.221,1,41194,2025-01-08 02:25:29,27300071881,11,告诉我你的名字,夏目友人帐 第七季,113638224433107
蓝色生死恋,673.258,1,16777215,2025-01-08 02:16:29,27300071881,11,告诉我你的名字,夏目友人帐 第七季,113638224433107
哇呜呜呜呜呜,1106.707,1,16777215,2025-01-08 00:40:18,27300071881,11,告诉我你的名字,夏目友人帐 第七季,113638224433107
是花吗！！！！,1101.225,5,16777215,2025-01-07 23:28:42,27300071881,11,告诉我你的名字,夏目友人帐 第七季,113638224433107
友人帐的开始,1177.076,1,16777215,2025-01-07 23:21:24,27300071881,11,告诉我你的名字,夏目友人帐 第七季,113638224433107
原来她就是外公啊,563.175,1,16777215,2025-01-07 23:18:46,27300071881,11,告诉我你的名字,夏目友人帐 第七季,113638224433107
下次见,1413.549,1,41194,2025-01-07 23:08:04,27300071881,11,告诉我你的名字,夏目友人帐 第七季,113638224433107
我怎么想到了 一开始它只是个球,155.208,1,16777215,2025-01-07 23:07:11,27300071881,11,告诉我你的名字,夏目友人帐 第七季,113638224433107
好像七濑,455.335,1,16777215,2025-01-07 22:06:41,27300071881,11,告诉我你的名字,夏目友人帐 第七季,113638224433107
丸辣,659.891,1,16777215,2025-01-07 21:58:35,27300071881,11,告诉我你的名字,夏目友人帐 第七季,113638224433107
糖不会粘牙吗,613.975,5,16707842,2025-01-07 21:57:06,27300071881,11,告诉我你的名字,夏目友人帐 第七季,113638224433107
不能直接去找吗,1220.025,1,16777215,2025-01-07 20:35:57,27300071881,11,告诉我你的名字,夏目友人帐 第七季,113638224433107
不可结缘,1225.171,1,16777215,2025-01-07 20:32:44,27300071881,11,告诉我你的名字,夏目友人帐 第七季,113638224433107
试图把玲子写入友人帐,553.441,1,16777215,2025-01-07 19:45:33,27300071881,11,告诉我你的名字,夏目友人帐 第七季,113638224433107
外婆牵手的样子好a啊哈哈哈,871.847,1,16777215,2025-01-07 18:42:26,27300071881,11,告诉我你的名字,夏目友人帐 第七季,113638224433107
[ohhhhhhhh好厉害],947.646,1,16777215,2025-01-07 18:38:11,27300071881,11,告诉我你的名字,夏目友人帐 第七季,113638224433107
和夏目一样是竖瞳,343.533,1,16777215,2025-01-07 17:31:09,27300071881,11,告诉我你的名字,夏目友人帐 第七季,113638224433107
鼻子一酸,1092.229,1,16777215,2025-01-07 17:12:03,27300071881,11,告诉我你的名字,夏目友人帐 第七季,113638224433107
泪目了呜呜呜,1384.702,1,16777215,2025-01-07 16:08:19,27300071881,11,告诉我你的名字,夏目友人帐 第七季,113638224433107
下次见,1397.736,1,16777215,2025-01-07 15:50:55,27300071881,11,告诉我你的名字,夏目友人帐 第七季,113638224433107
原来是你！你就是万恶之源啊！！,541.715,1,16777215,2025-01-07 13:34:18,27300071881,11,告诉我你的名字,夏目友人帐 第七季,113638224433107
是不是心脏病啊,886.168,1,16777215,2025-01-07 13:30:56,27300071881,11,告诉我你的名字,夏目友人帐 第七季,113638224433107
妖怪也喜欢美好的事物,753.314,1,16777215,2025-01-07 13:28:22,27300071881,11,告诉我你的名字,夏目友人帐 第七季,113638224433107
牵手了！,874.472,1,16777215,2025-01-07 13:23:12,27300071881,11,告诉我你的名字,夏目友人帐 第七季,113638224433107
你们真是风雨无阻在这围观,437.294,1,16777215,2025-01-07 13:22:57,27300071881,11,告诉我你的名字,夏目友人帐 第七季,113638224433107
这一集是这一季到目前为止最好的一集,1330.983,1,16777215,2025-01-07 12:29:32,27300071881,11,告诉我你的名字,夏目友人帐 第七季,113638224433107
那我来个桀桀桀桀,796.862,5,15138834,2025-01-07 12:12:24,27300071881,11,告诉我你的名字,夏目友人帐 第七季,113638224433107
啊好美啊,1112.855,1,16777215,2025-01-07 12:01:07,27300071881,11,告诉我你的名字,夏目友人帐 第七季,113638224433107
bgm萨日朗,1305.866,1,16777215,2025-01-07 11:54:09,27300071881,11,告诉我你的名字,夏目友人帐 第七季,113638224433107
我的妈啊津叔也太好认了,100.925,5,15138834,2025-01-07 11:54:04,27300071881,11,告诉我你的名字,夏目友人帐 第七季,113638224433107
才发现，玲子是猫咪眼睛,733.013,1,16777215,2025-01-07 11:16:49,27300071881,11,告诉我你的名字,夏目友人帐 第七季,113638224433107
屏幕前的我们也是那个意难平的等待玲子的妖怪,1229.009,5,41194,2025-01-07 02:08:07,27300071881,11,告诉我你的名字,夏目友人帐 第七季,113638224433107
当面蛐蛐,830.409,1,16777215,2025-01-07 02:00:33,27300071881,11,告诉我你的名字,夏目友人帐 第七季,113638224433107
最大的Be是在有感情时错过，我哭了,1263.4,1,16777215,2025-01-06 23:49:42,27300071881,11,告诉我你的名字,夏目友人帐 第七季,113638224433107
仓篮花田,1229.182,1,16777215,2025-01-06 23:48:48,27300071881,11,告诉我你的名字,夏目友人帐 第七季,113638224433107
坏心眼,378.61,1,16777215,2025-01-06 23:47:36,27300071881,11,告诉我你的名字,夏目友人帐 第七季,113638224433107
你磕的cp be了,1084.2,1,16777215,2025-01-06 23:46:03,27300071881,11,告诉我你的名字,夏目友人帐 第七季,113638224433107
这俩小妖怪,997.502,1,16777215,2025-01-06 23:44:16,27300071881,11,告诉我你的名字,夏目友人帐 第七季,113638224433107
原来你是友人帐规则的发起者,552.915,1,16777215,2025-01-06 23:32:50,27300071881,11,告诉我你的名字,夏目友人帐 第七季,113638224433107
原野花如故。故人各凋零。,1406.352,5,41194,2025-01-06 23:32:08,27300071881,11,告诉我你的名字,夏目友人帐 第七季,113638224433107
有种橘势良好的feel,353.875,1,16777215,2025-01-06 23:27:00,27300071881,11,告诉我你的名字,夏目友人帐 第七季,113638224433107
愛人錯過,1207.012,1,16777215,2025-01-06 22:30:05,27300071881,11,告诉我你的名字,夏目友人帐 第七季,113638224433107
爆哭,1113.218,1,16777215,2025-01-06 22:00:56,27300071881,11,告诉我你的名字,夏目友人帐 第七季,113638224433107
第一页啊呜呜呜呜呜呜呜呜，友人帐的起源,1302.099,5,16707842,2025-01-06 21:39:03,27300071881,11,告诉我你的名字,夏目友人帐 第七季,113638224433107
给我刀哭了，在屏幕前哭出声来了,1229.331,5,16707842,2025-01-06 21:37:16,27300071881,11,告诉我你的名字,夏目友人帐 第七季,113638224433107
还真是这个花啊哈哈哈哈,1106.003,5,16707842,2025-01-06 21:34:37,27300071881,11,告诉我你的名字,夏目友人帐 第七季,113638224433107
四方谷哭，就是玲子在哭啊,1082.45,5,16707842,2025-01-06 21:33:59,27300071881,11,告诉我你的名字,夏目友人帐 第七季,113638224433107
是不是生病了啊啊啊啊啊,656.509,5,16707842,2025-01-06 21:25:16,27300071881,11,告诉我你的名字,夏目友人帐 第七季,113638224433107
津叔！是你！,92.66,1,16777215,2025-01-06 21:23:26,27300071881,11,告诉我你的名字,夏目友人帐 第七季,113638224433107
我最爱的一首bgm！,219.56,5,16707842,2025-01-06 21:13:56,27300071881,11,告诉我你的名字,夏目友人帐 第七季,113638224433107
津叔的声音诶,91.501,5,16777215,2025-01-06 19:48:38,27300071881,11,告诉我你的名字,夏目友人帐 第七季,113638224433107
这一集哭死啊,115.325,1,16777215,2025-01-06 19:11:03,27300071881,11,告诉我你的名字,夏目友人帐 第七季,113638224433107
泪目了,1235.812,1,16777215,2025-01-06 19:10:46,27300071881,11,告诉我你的名字,夏目友人帐 第七季,113638224433107
呜呜呜呜呜呜呜,1315.071,1,16777215,2025-01-06 18:34:28,27300071881,11,告诉我你的名字,夏目友人帐 第七季,113638224433107
怪不得叫友人帐啊,1098.482,1,16777215,2025-01-06 18:34:26,27300071881,11,告诉我你的名字,夏目友人帐 第七季,113638224433107
来了来了！,10.033,1,16777215,2025-01-06 17:16:08,27300071881,11,告诉我你的名字,夏目友人帐 第七季,113638224433107
最后一页不会是夏目外公的名字吧……,1423.362,1,16777215,2025-01-06 16:56:16,27300071881,11,告诉我你的名字,夏目友人帐 第七季,113638224433107
好刀。。。。。,1270.521,1,16777215,2025-01-06 16:54:38,27300071881,11,告诉我你的名字,夏目友人帐 第七季,113638224433107
好好哭啊,1367.794,1,16777215,2025-01-06 14:20:18,27300071881,11,告诉我你的名字,夏目友人帐 第七季,113638224433107
布豪，马萨卡（）,657.728,5,15138834,2025-01-06 14:04:58,27300071881,11,告诉我你的名字,夏目友人帐 第七季,113638224433107
这会儿玲子还一个没抓啊，那谁不是第一个吗,430.258,5,16777215,2025-01-06 14:02:15,27300071881,11,告诉我你的名字,夏目友人帐 第七季,113638224433107
好会撩啊你！！,605.431,1,16777215,2025-01-06 13:38:48,27300071881,11,告诉我你的名字,夏目友人帐 第七季,113638224433107
太好哭了,1362.48,1,16646914,2025-01-06 13:11:18,27300071881,11,告诉我你的名字,夏目友人帐 第七季,113638224433107
错过了啊啊啊啊,1242.728,1,16777215,2025-01-06 13:08:44,27300071881,11,告诉我你的名字,夏目友人帐 第七季,113638224433107
哭死啊啊啊啊啊啊,1402.365,1,16777215,2025-01-06 13:06:37,27300071881,11,告诉我你的名字,夏目友人帐 第七季,113638224433107
神助攻啊啊啊绝了,1000.061,1,16777215,2025-01-06 13:04:27,27300071881,11,告诉我你的名字,夏目友人帐 第七季,113638224433107
呜呜呜哭死了,1228.6,1,16777215,2025-01-06 13:01:05,27300071881,11,告诉我你的名字,夏目友人帐 第七季,113638224433107
不好有刀子,672.678,1,16777215,2025-01-06 12:56:45,27300071881,11,告诉我你的名字,夏目友人帐 第七季,113638224433107
呜呜呜bgm,303.112,1,16777215,2025-01-06 12:40:41,27300071881,11,告诉我你的名字,夏目友人帐 第七季,113638224433107
万恶之源，哇唬哗,553.835,1,16777215,2025-01-06 12:18:39,27300071881,11,告诉我你的名字,夏目友人帐 第七季,113638224433107
第一个呀  光想到这个就泪目了,182.525,1,16777215,2025-01-06 12:15:50,27300071881,11,告诉我你的名字,夏目友人帐 第七季,113638224433107
这妖怪好温柔呜呜呜,1083.658,1,16777215,2025-01-06 11:23:36,27300071881,11,告诉我你的名字,夏目友人帐 第七季,113638224433107
呜呜呜呜呜,1381.56,1,16777215,2025-01-06 02:08:49,27300071881,11,告诉我你的名字,夏目友人帐 第七季,113638224433107
呜呜呜,1320.9,1,16777215,2025-01-06 02:07:43,27300071881,11,告诉我你的名字,夏目友人帐 第七季,113638224433107
好可爱,995.7,1,16777215,2025-01-06 02:00:33,27300071881,11,告诉我你的名字,夏目友人帐 第七季,113638224433107
不要喂,1211.789,1,16777215,2025-01-05 23:56:47,27300071881,11,告诉我你的名字,夏目友人帐 第七季,113638224433107
呜呜呜，好美,1108.469,1,16777215,2025-01-05 23:54:58,27300071881,11,告诉我你的名字,夏目友人帐 第七季,113638224433107
哈哈哈哈哈哈哈,194.737,1,16777215,2025-01-05 23:38:43,27300071881,11,告诉我你的名字,夏目友人帐 第七季,113638224433107
你来真的,1106.087,1,16777215,2025-01-05 23:36:23,27300071881,11,告诉我你的名字,夏目友人帐 第七季,113638224433107
眼睛尿尿了。。。,1410.378,1,16777215,2025-01-05 22:41:32,27300071881,11,告诉我你的名字,夏目友人帐 第七季,113638224433107
哈哈哈哈哈,1087.784,1,16777215,2025-01-05 22:41:27,27300071881,11,告诉我你的名字,夏目友人帐 第七季,113638224433107
哈哈哈吓,1007.996,1,16777215,2025-01-05 22:40:00,27300071881,11,告诉我你的名字,夏目友人帐 第七季,113638224433107
万恶之源？,563.416,1,16777215,2025-01-05 22:05:22,27300071881,11,告诉我你的名字,夏目友人帐 第七季,113638224433107
前面是说过没有适应新的家庭和环境吗,668.546,1,16777215,2025-01-05 21:54:30,27300071881,11,告诉我你的名字,夏目友人帐 第七季,113638224433107
通缉令上的坏小孩（,1027.813,1,16777215,2025-01-05 21:36:22,27300071881,11,告诉我你的名字,夏目友人帐 第七季,113638224433107
你们完了,997.293,1,16777215,2025-01-05 21:35:26,27300071881,11,告诉我你的名字,夏目友人帐 第七季,113638224433107
好像20年后蓝波的声音啊,270.03,1,16777215,2025-01-05 21:16:15,27300071881,11,告诉我你的名字,夏目友人帐 第七季,113638224433107
总之思乡之情,1032.828,1,16777215,2025-01-05 21:13:59,27300071881,11,告诉我你的名字,夏目友人帐 第七季,113638224433107
夏目读心也是被动但是还好不是特别频繁,800.466,1,16777215,2025-01-05 21:09:39,27300071881,11,告诉我你的名字,夏目友人帐 第七季,113638224433107
Aniya：哇哭哇哭,754.023,1,16777215,2025-01-05 20:32:32,27300071881,11,告诉我你的名字,夏目友人帐 第七季,113638224433107
太可爱了,1095.755,1,16777215,2025-01-05 20:32:16,27300071881,11,告诉我你的名字,夏目友人帐 第七季,113638224433107
真·见太奶了。,1355.894,1,15138834,2025-01-05 20:26:51,27300071881,11,告诉我你的名字,夏目友人帐 第七季,113638224433107
留个电话号码很难吗？,1213.477,1,41194,2025-01-05 20:24:33,27300071881,11,告诉我你的名字,夏目友人帐 第七季,113638224433107
二次元国花,1132.572,1,41194,2025-01-05 20:23:11,27300071881,11,告诉我你的名字,夏目友人帐 第七季,113638224433107
真的好像夏目啊。,385.993,1,16777215,2025-01-05 20:15:34,27300071881,11,告诉我你的名字,夏目友人帐 第七季,113638224433107
什么周防尊，啊啊啊，你红王不当，串台来这里了吗？,104.181,1,16777215,2025-01-05 20:14:02,27300071881,11,告诉我你的名字,夏目友人帐 第七季,113638224433107
豪妖！,997.289,5,15772458,2025-01-05 19:47:57,27300071881,11,告诉我你的名字,夏目友人帐 第七季,113638224433107
她她她不会来不了了吧？！,625.429,1,16707842,2025-01-05 19:38:49,27300071881,11,告诉我你的名字,夏目友人帐 第七季,113638224433107
是她和玲子一起创建了友人帐，她就是外公！（狗头）,562.309,1,16707842,2025-01-05 19:37:14,27300071881,11,告诉我你的名字,夏目友人帐 第七季,113638224433107
我也是这么吃糖的  玲子和我做朋友吧,618.025,1,16777215,2025-01-05 19:29:12,27300071881,11,告诉我你的名字,夏目友人帐 第七季,113638224433107
bgm！,301.421,1,16777215,2025-01-05 18:59:11,27300071881,11,告诉我你的名字,夏目友人帐 第七季,113638224433107
可惜玲子转学了,1242.432,1,16777215,2025-01-05 18:23:03,27300071881,11,告诉我你的名字,夏目友人帐 第七季,113638224433107
是梦开始的地方,1171.286,1,16777215,2025-01-05 18:20:11,27300071881,11,告诉我你的名字,夏目友人帐 第七季,113638224433107
是梦开始的地方,1171.286,1,16777215,2025-01-05 18:20:05,27300071881,11,告诉我你的名字,夏目友人帐 第七季,113638224433107
我也哭了,1410.957,1,16777215,2025-01-05 17:22:05,27300071881,11,告诉我你的名字,夏目友人帐 第七季,113638224433107
呜呜呜,1404.235,1,16777215,2025-01-05 16:44:59,27300071881,11,告诉我你的名字,夏目友人帐 第七季,113638224433107
啊啊啊啊啊啊,1271.738,5,16777215,2025-01-05 16:32:57,27300071881,11,告诉我你的名字,夏目友人帐 第七季,113638224433107
友人帐来源嘛,738.922,1,16777215,2025-01-05 16:25:09,27300071881,11,告诉我你的名字,夏目友人帐 第七季,113638224433107
我以为又是个帅大叔你怎么长这样,152.423,1,16777215,2025-01-05 16:24:25,27300071881,11,告诉我你的名字,夏目友人帐 第七季,113638224433107
原来就是你！！！,547.041,1,38979,2025-01-05 16:04:15,27300071881,11,告诉我你的名字,夏目友人帐 第七季,113638224433107
哈哈哈哈哈哈哈哈哈哈哈哈,1083.904,1,16777215,2025-01-05 16:03:41,27300071881,11,告诉我你的名字,夏目友人帐 第七季,113638224433107
哈哈哈哈哈哈哈哈哈哈哈,1002.073,1,16777215,2025-01-05 16:02:17,27300071881,11,告诉我你的名字,夏目友人帐 第七季,113638224433107
哈哈哈哈哈哈哈哈,446.555,1,16777215,2025-01-05 15:53:17,27300071881,11,告诉我你的名字,夏目友人帐 第七季,113638224433107
？哈哈哈哈哈哈哈,193.665,1,16777215,2025-01-05 15:48:46,27300071881,11,告诉我你的名字,夏目友人帐 第七季,113638224433107
哈哈哈哈哈哈哈哈,996.201,5,16777215,2025-01-05 15:46:17,27300071881,11,告诉我你的名字,夏目友人帐 第七季,113638224433107
唉:-(,981.99,5,16777215,2025-01-05 15:45:50,27300071881,11,告诉我你的名字,夏目友人帐 第七季,113638224433107
唉...,829.801,5,16777215,2025-01-05 14:52:21,27300071881,11,告诉我你的名字,夏目友人帐 第七季,113638224433107
哈哈哈哈哈哈哈,252.038,5,16777215,2025-01-05 13:53:24,27300071881,11,告诉我你的名字,夏目友人帐 第七季,113638224433107
哈哈哈哈哈哈,191.37,1,16777215,2025-01-05 13:43:45,27300071881,11,告诉我你的名字,夏目友人帐 第七季,113638224433107
哇！,164.07,1,16777215,2025-01-05 13:42:50,27300071881,11,告诉我你的名字,夏目友人帐 第七季,113638224433107
笑不活了,134.178,1,16777215,2025-01-05 13:39:48,27300071881,11,告诉我你的名字,夏目友人帐 第七季,113638224433107
敬请期待夏目友人帐番外篇，玲子的游戏,1381.138,1,16707842,2025-01-05 13:27:37,27300071881,11,告诉我你的名字,夏目友人帐 第七季,113638224433107
只差一天啊啊啊啊啊天呐,1269.476,1,15772458,2025-01-05 13:26:37,27300071881,11,告诉我你的名字,夏目友人帐 第七季,113638224433107
不行啊不行啊真的很难过,1245.296,1,15772458,2025-01-05 13:25:58,27300071881,11,告诉我你的名字,夏目友人帐 第七季,113638224433107
玲子还有魔抗啊,764.928,1,16777215,2025-01-05 13:17:08,27300071881,11,告诉我你的名字,夏目友人帐 第七季,113638224433107
我说这么像津叔，开弹幕看果然哈哈哈哈,108.181,1,16777215,2025-01-05 13:15:59,27300071881,11,告诉我你的名字,夏目友人帐 第七季,113638224433107
好想哭,1299.26,1,16777215,2025-01-05 13:10:45,27300071881,11,告诉我你的名字,夏目友人帐 第七季,113638224433107
苍月草,1111.442,1,16777215,2025-01-05 13:07:31,27300071881,11,告诉我你的名字,夏目友人帐 第七季,113638224433107
一号员工,187.001,1,16777215,2025-01-05 13:01:49,27300071881,11,告诉我你的名字,夏目友人帐 第七季,113638224433107
好漂亮,1116.258,1,16777215,2025-01-05 12:32:02,27300071881,11,告诉我你的名字,夏目友人帐 第七季,113638224433107
哈哈哈哈哈哈哈哈,996.242,1,16777215,2025-01-05 11:40:27,27300071881,11,告诉我你的名字,夏目友人帐 第七季,113638224433107
万恶之源,551.314,1,16777215,2025-01-05 11:32:52,27300071881,11,告诉我你的名字,夏目友人帐 第七季,113638224433107
哈哈哈哈哈哈哈哈哈哈,446.098,1,16777215,2025-01-05 11:31:00,27300071881,11,告诉我你的名字,夏目友人帐 第七季,113638224433107
哈哈哈哈哈哈哈哈,199.911,1,16777215,2025-01-05 11:26:42,27300071881,11,告诉我你的名字,夏目友人帐 第七季,113638224433107
我受不了了哭死了,1228.117,1,16777215,2025-01-05 11:25:31,27300071881,11,告诉我你的名字,夏目友人帐 第七季,113638224433107
百合花～,760.296,1,16777215,2025-01-05 11:16:36,27300071881,11,告诉我你的名字,夏目友人帐 第七季,113638224433107
眼睛出水了,1322.557,1,16777215,2025-01-05 08:51:11,27300071881,11,告诉我你的名字,夏目友人帐 第七季,113638224433107
？津叔還有這聲線,189.949,1,16777215,2025-01-05 03:16:15,27300071881,11,告诉我你的名字,夏目友人帐 第七季,113638224433107
ed丝滑入场,1306.684,5,14811775,2025-01-05 01:02:55,27300071881,11,告诉我你的名字,夏目友人帐 第七季,113638224433107
BGM：橙色华尔兹 by吉森信,656.646,5,9487136,2025-01-05 00:52:38,27300071881,11,告诉我你的名字,夏目友人帐 第七季,113638224433107
梦开始的地方！,1140.651,1,16777215,2025-01-05 00:33:57,27300071881,11,告诉我你的名字,夏目友人帐 第七季,113638224433107
苍月草啊啊啊啊啊啊啊啊啊啊啊啊啊啊啊啊啊,1107.828,1,41194,2025-01-05 00:29:44,27300071881,11,告诉我你的名字,夏目友人帐 第七季,113638224433107
错过了啊！,1075.117,1,16777215,2025-01-05 00:28:30,27300071881,11,告诉我你的名字,夏目友人帐 第七季,113638224433107
？！？！,194.006,1,16777215,2025-01-05 00:17:38,27300071881,11,告诉我你的名字,夏目友人帐 第七季,113638224433107
！！！！！！出现了,167.446,1,16777215,2025-01-05 00:16:18,27300071881,11,告诉我你的名字,夏目友人帐 第七季,113638224433107
哇~~~,1113.316,1,16777215,2025-01-04 23:46:26,27300071881,11,告诉我你的名字,夏目友人帐 第七季,113638224433107
呜呜呜呜呜呜呜呜为什么要这样 苍子可能就是身体不好 才没来呜呜呜呜呜呜呜,1284.946,1,16777215,2025-01-04 21:42:34,27300071881,11,告诉我你的名字,夏目友人帐 第七季,113638224433107
七濑吗,386.014,1,16777215,2025-01-04 20:40:50,27300071881,11,告诉我你的名字,夏目友人帐 第七季,113638224433107
万恶之源,557.405,1,16777215,2025-01-04 20:38:55,27300071881,11,告诉我你的名字,夏目友人帐 第七季,113638224433107
喜林草花海，太梦幻了,1346.014,1,16777215,2025-01-04 20:25:11,27300071881,11,告诉我你的名字,夏目友人帐 第七季,113638224433107
哈哈哈哈哈哈玲子还没哭，你怎么就哭上了,1083.501,1,16777215,2025-01-04 20:23:59,27300071881,11,告诉我你的名字,夏目友人帐 第七季,113638224433107
女王霸气！,1035.184,1,16777215,2025-01-04 20:22:27,27300071881,11,告诉我你的名字,夏目友人帐 第七季,113638224433107
看哭了,1311.254,1,16777215,2025-01-04 20:09:54,27300071881,11,告诉我你的名字,夏目友人帐 第七季,113638224433107
补药啊,1026.886,1,16777215,2025-01-04 20:03:25,27300071881,11,告诉我你的名字,夏目友人帐 第七季,113638224433107
大家都好温柔,996.759,1,16777215,2025-01-04 20:00:09,27300071881,11,告诉我你的名字,夏目友人帐 第七季,113638224433107
现在换我哭了！！！,1213.05,1,16777215,2025-01-04 19:42:01,27300071881,11,告诉我你的名字,夏目友人帐 第七季,113638224433107
他完成了他的承诺。。,1300.096,5,16777215,2025-01-04 19:20:29,27300071881,11,告诉我你的名字,夏目友人帐 第七季,113638224433107
尽职尽责的记录人，观察者,912.267,5,16777215,2025-01-04 19:13:24,27300071881,11,告诉我你的名字,夏目友人帐 第七季,113638224433107
如同彼岸花，花叶永不相见,1276.213,1,16777215,2025-01-04 19:11:52,27300071881,11,告诉我你的名字,夏目友人帐 第七季,113638224433107
哭死了,1373.223,1,16777215,2025-01-04 19:11:09,27300071881,11,告诉我你的名字,夏目友人帐 第七季,113638224433107
玲子,1364.594,1,16777215,2025-01-04 18:35:47,27300071881,11,告诉我你的名字,夏目友人帐 第七季,113638224433107
刀死我有什么好处？,1387.658,1,16777215,2025-01-04 17:57:15,27300071881,11,告诉我你的名字,夏目友人帐 第七季,113638224433107
熟悉的bgm,309.499,1,16777215,2025-01-04 17:54:30,27300071881,11,告诉我你的名字,夏目友人帐 第七季,113638224433107
哈哈哈哈哈哈哈哈哈哈哈哈,193.687,1,16777215,2025-01-04 17:52:02,27300071881,11,告诉我你的名字,夏目友人帐 第七季,113638224433107
不要下这么不看气氛的雨啊,1031.01,1,16777215,2025-01-04 17:47:50,27300071881,11,告诉我你的名字,夏目友人帐 第七季,113638224433107
我是罗马皇位的正统继承者，伊萨克科穆宁,528.491,1,16777215,2025-01-04 17:43:00,27300071881,11,告诉我你的名字,夏目友人帐 第七季,113638224433107
友人帐开始了,1141.362,1,16777215,2025-01-04 17:36:34,27300071881,11,告诉我你的名字,夏目友人帐 第七季,113638224433107
原来是你,551.847,1,16777215,2025-01-04 17:32:42,27300071881,11,告诉我你的名字,夏目友人帐 第七季,113638224433107
你就是基拉吧,520.404,1,16777215,2025-01-04 17:32:19,27300071881,11,告诉我你的名字,夏目友人帐 第七季,113638224433107
夜神月,516.852,1,16777215,2025-01-04 17:32:11,27300071881,11,告诉我你的名字,夏目友人帐 第七季,113638224433107
黑衣人也是津叔配的吧好像,501.55,1,16777215,2025-01-04 17:25:44,27300071881,11,告诉我你的名字,夏目友人帐 第七季,113638224433107
看得我兴奋地爆发出千鸟之音,599.925,1,16777215,2025-01-04 17:24:57,27300071881,11,告诉我你的名字,夏目友人帐 第七季,113638224433107
我也饿了，我也想吃,542.063,1,16777215,2025-01-04 17:23:00,27300071881,11,告诉我你的名字,夏目友人帐 第七季,113638224433107
补药啊，又刀！,663.722,1,16777215,2025-01-04 16:48:45,27300071881,11,告诉我你的名字,夏目友人帐 第七季,113638224433107
米子哈,517.041,1,16777215,2025-01-04 16:46:05,27300071881,11,告诉我你的名字,夏目友人帐 第七季,113638224433107
我也懂！,312.751,1,16777215,2025-01-04 16:42:29,27300071881,11,告诉我你的名字,夏目友人帐 第七季,113638224433107
好家伙，从这里开始的啊,551.309,1,16777215,2025-01-04 15:29:00,27300071881,11,告诉我你的名字,夏目友人帐 第七季,113638224433107
我靠津叔,96.04,1,16777215,2025-01-04 15:16:12,27300071881,11,告诉我你的名字,夏目友人帐 第七季,113638224433107
这个bgm卡点真好,1304.934,5,16707842,2025-01-04 15:15:41,27300071881,11,告诉我你的名字,夏目友人帐 第七季,113638224433107
这么多人应该是完结了,1419.969,5,16707842,2025-01-04 15:14:05,27300071881,11,告诉我你的名字,夏目友人帐 第七季,113638224433107
下集完结了,1420.336,5,16707842,2025-01-04 15:13:34,27300071881,11,告诉我你的名字,夏目友人帐 第七季,113638224433107
呜呜呜呜夏目，好想摸摸头,1397.118,5,16707842,2025-01-04 15:13:05,27300071881,11,告诉我你的名字,夏目友人帐 第七季,113638224433107
啊啊啊啊我就知道,1193.468,1,16777215,2025-01-04 15:07:50,27300071881,11,告诉我你的名字,夏目友人帐 第七季,113638224433107
我靠前面瓦尼塔斯等我，我也想起来了那片蓝色花海,1129.598,1,16777215,2025-01-04 15:05:39,27300071881,11,告诉我你的名字,夏目友人帐 第七季,113638224433107
太美了！！！,1124.996,5,15138834,2025-01-04 15:04:19,27300071881,11,告诉我你的名字,夏目友人帐 第七季,113638224433107
前方有美景,1099.896,5,15138834,2025-01-04 15:03:47,27300071881,11,告诉我你的名字,夏目友人帐 第七季,113638224433107
所以啊，傲娇别嘴硬啊,1293.367,5,16777215,2025-01-04 15:03:09,27300071881,11,告诉我你的名字,夏目友人帐 第七季,113638224433107
天呐哈哈哈头一次听津叔哭,1083.655,1,16777215,2025-01-04 15:02:29,27300071881,11,告诉我你的名字,夏目友人帐 第七季,113638224433107
我天啊，真的有花田啊,1104.759,5,16777215,2025-01-04 15:00:15,27300071881,11,告诉我你的名字,夏目友人帐 第七季,113638224433107
好难过啊呜呜,1283.253,1,16777215,2025-01-04 14:57:11,27300071881,11,告诉我你的名字,夏目友人帐 第七季,113638224433107
好熟悉的声音,102.611,1,16777215,2025-01-04 14:55:30,27300071881,11,告诉我你的名字,夏目友人帐 第七季,113638224433107
还挺可爱的,350.915,5,16777215,2025-01-04 14:50:04,27300071881,11,告诉我你的名字,夏目友人帐 第七季,113638224433107
天呐是这个bgm,230.271,5,16777215,2025-01-04 14:44:21,27300071881,11,告诉我你的名字,夏目友人帐 第七季,113638224433107
玲子：打你也是顺手的事儿,1145.23,1,16777215,2025-01-04 14:41:37,27300071881,11,告诉我你的名字,夏目友人帐 第七季,113638224433107
津叔啊啊啊,104.937,1,16777215,2025-01-04 14:39:28,27300071881,11,告诉我你的名字,夏目友人帐 第七季,113638224433107
太好听了,103.565,1,16777215,2025-01-04 14:39:16,27300071881,11,告诉我你的名字,夏目友人帐 第七季,113638224433107
津叔啊啊啊啊天呐,99.072,1,16777215,2025-01-04 14:39:04,27300071881,11,告诉我你的名字,夏目友人帐 第七季,113638224433107
来了！！！,4.033,1,16777215,2025-01-04 14:38:12,27300071881,11,告诉我你的名字,夏目友人帐 第七季,113638224433107
不用担心了，我就是玲子,869.307,1,16777215,2025-01-04 14:23:08,27300071881,11,告诉我你的名字,夏目友人帐 第七季,113638224433107
哇啊啊啊~,1113.194,1,16777215,2025-01-04 14:21:56,27300071881,11,告诉我你的名字,夏目友人帐 第七季,113638224433107
玲子是白羊座吧,664.387,1,16777215,2025-01-04 14:19:43,27300071881,11,告诉我你的名字,夏目友人帐 第七季,113638224433107
泪目了,312.816,1,16777215,2025-01-04 14:17:18,27300071881,11,告诉我你的名字,夏目友人帐 第七季,113638224433107
啊，这熟悉的bgm ,217.224,1,16777215,2025-01-04 14:14:23,27300071881,11,告诉我你的名字,夏目友人帐 第七季,113638224433107
经典蓝色花海,1113.078,1,16777215,2025-01-04 14:10:58,27300071881,11,告诉我你的名字,夏目友人帐 第七季,113638224433107
哈哈哈哈哈哈哈哈哈哈,191.242,1,16777215,2025-01-04 13:30:02,27300071881,11,告诉我你的名字,夏目友人帐 第七季,113638224433107
呜呜呜呜呜,1376.13,1,16777215,2025-01-04 13:02:58,27300071881,11,告诉我你的名字,夏目友人帐 第七季,113638224433107
呜呜呜呜呜呜呜呜呜呜呜呜呜呜,1249.127,1,16777215,2025-01-04 13:00:35,27300071881,11,告诉我你的名字,夏目友人帐 第七季,113638224433107
难受呜呜呜呜呜呜,1230.444,1,16777215,2025-01-04 13:00:11,27300071881,11,告诉我你的名字,夏目友人帐 第七季,113638224433107
呜呜呜呜呜呜呜,1224.082,1,16777215,2025-01-04 12:59:58,27300071881,11,告诉我你的名字,夏目友人帐 第七季,113638224433107
不是吧。。。。难受死我了,1211.261,1,16777215,2025-01-04 12:59:40,27300071881,11,告诉我你的名字,夏目友人帐 第七季,113638224433107
唉真可惜,1159.687,1,16777215,2025-01-04 12:58:13,27300071881,11,告诉我你的名字,夏目友人帐 第七季,113638224433107
哈哈哈哈,995.984,1,16777215,2025-01-04 12:51:47,27300071881,11,告诉我你的名字,夏目友人帐 第七季,113638224433107
没有分享的义务,1128.936,1,16777215,2025-01-04 11:05:36,27300071881,11,告诉我你的名字,夏目友人帐 第七季,113638224433107
呜呜呜呜呜呜呜呜呜呜呜呜呜呜呜呜,1232.404,1,16777215,2025-01-04 10:53:50,27300071881,11,告诉我你的名字,夏目友人帐 第七季,113638224433107
压麻蝶,1070.228,1,16777215,2025-01-04 10:50:56,27300071881,11,告诉我你的名字,夏目友人帐 第七季,113638224433107
来了,100.288,1,16777215,2025-01-04 10:34:27,27300071881,11,告诉我你的名字,夏目友人帐 第七季,113638224433107
自己吓自己,337.067,1,16777215,2025-01-04 02:25:35,27300071881,11,告诉我你的名字,夏目友人帐 第七季,113638224433107
布豪,662.108,1,16777215,2025-01-04 01:59:51,27300071881,11,告诉我你的名字,夏目友人帐 第七季,113638224433107
这里让我想起了犬夜叉里面神乐死的地方,1166.929,1,16777215,2025-01-04 01:06:13,27300071881,11,告诉我你的名字,夏目友人帐 第七季,113638224433107
外公,371.913,1,16777215,2025-01-04 00:41:48,27300071881,11,告诉我你的名字,夏目友人帐 第七季,113638224433107
金属的气息,684.575,1,16777215,2025-01-04 00:34:29,27300071881,11,告诉我你的名字,夏目友人帐 第七季,113638224433107
呜呜呜呜呜呜呜,1386.158,1,16777215,2025-01-03 23:28:21,27300071881,11,告诉我你的名字,夏目友人帐 第七季,113638224433107
这一集真的太悲伤了呀,1405.04,1,16777215,2025-01-03 22:56:35,27300071881,11,告诉我你的名字,夏目友人帐 第七季,113638224433107
不要刀啊啊啊,1275.772,1,16777215,2025-01-03 22:55:35,27300071881,11,告诉我你的名字,夏目友人帐 第七季,113638224433107
啊啊啊,1084.797,1,16777215,2025-01-03 22:52:18,27300071881,11,告诉我你的名字,夏目友人帐 第七季,113638224433107
阿尼亚,797.991,1,16777215,2025-01-03 22:48:04,27300071881,11,告诉我你的名字,夏目友人帐 第七季,113638224433107
注意进度条已过半,564.604,1,16777215,2025-01-03 22:43:51,27300071881,11,告诉我你的名字,夏目友人帐 第七季,113638224433107
这一集好好哭,1381.283,1,16777215,2025-01-03 22:39:26,27300071881,11,告诉我你的名字,夏目友人帐 第七季,113638224433107
呜呜呜呜呜呜呜,1391.78,1,16777215,2025-01-03 22:33:49,27300071881,11,告诉我你的名字,夏目友人帐 第七季,113638224433107
怎么感觉每一集都有好吃的,125.535,1,16777215,2025-01-03 22:31:45,27300071881,11,告诉我你的名字,夏目友人帐 第七季,113638224433107
不要完结哭泣,17.341,1,16777215,2025-01-03 22:21:29,27300071881,11,告诉我你的名字,夏目友人帐 第七季,113638224433107
天呐！,341.241,1,16777215,2025-01-03 22:14:56,27300071881,11,告诉我你的名字,夏目友人帐 第七季,113638224433107
谁玩谁啊,243.09,1,16777215,2025-01-03 22:06:22,27300071881,11,告诉我你的名字,夏目友人帐 第七季,113638224433107
我的天呐，我的天呐，我的天呐，这也太可爱了吧,1003.286,1,16777215,2025-01-03 21:56:12,27300071881,11,告诉我你的名字,夏目友人帐 第七季,113638224433107
5555哭死我了,1411.204,1,16777215,2025-01-03 21:54:35,27300071881,11,告诉我你的名字,夏目友人帐 第七季,113638224433107
哈哈哈哈哈哈,1085.536,1,16777215,2025-01-03 21:29:34,27300071881,11,告诉我你的名字,夏目友人帐 第七季,113638224433107
蓝色的忧伤,1402.973,1,104601,2025-01-03 21:29:28,27300071881,11,告诉我你的名字,夏目友人帐 第七季,113638224433107
梦开始的地方,1143.974,1,16777215,2025-01-03 21:27:05,27300071881,11,告诉我你的名字,夏目友人帐 第七季,113638224433107
凡人皆无趣啊,1172.965,1,16777215,2025-01-03 21:22:36,27300071881,11,告诉我你的名字,夏目友人帐 第七季,113638224433107
果然是这种花啊,1105.988,1,16777215,2025-01-03 21:22:01,27300071881,11,告诉我你的名字,夏目友人帐 第七季,113638224433107
种苍蓝花吧,715.293,1,16777215,2025-01-03 21:18:59,27300071881,11,告诉我你的名字,夏目友人帐 第七季,113638224433107
=\]\]\\,689.87,1,16777215,2025-01-03 21:12:02,27300071881,11,告诉我你的名字,夏目友人帐 第七季,113638224433107
