content,time,mode,color,send_time,cid,episode,episode_title,anime_title,aid
睦头：真是低低在下呢,56.644,5,10546688,2024-12-29 15:07:18,27387101951,13,唯一能相信的只有自己,mygo,575884077
千万不要模仿，给心脏上贴创可贴容易造成心肌梗塞,486.291,5,16707842,2024-12-09 12:14:07,27387101951,13,唯一能相信的只有自己,mygo,575884077
来首《春日影》给你恢复出厂设置,1033.227,5,16777215,2023-09-14 23:04:24,27387101951,13,唯一能相信的只有自己,mygo,575884077
少女乐队的呐喊,313.115,4,16777215,2024-12-21 00:10:56,27387101951,13,唯一能相信的只有自己,mygo,575884077
初化：这个粉毛好像是我现任的前任的现任,599.329,1,16777215,2024-04-10 17:30:52,27387101951,13,唯一能相信的只有自己,mygo,575884077
立希:她说的都是我的词儿啊！,319.098,5,41194,2023-10-01 00:25:22,27387101951,13,唯一能相信的只有自己,mygo,575884077
我们能有今天的成功都是因为当初在最艰难时高松灯司令官做出的决断。,176.412,5,16777215,2024-12-16 20:58:42,27387101951,13,唯一能相信的只有自己,mygo,575884077
爱音最初幻想中的自己belike：,1140.422,5,13369971,2024-12-30 18:14:02,27387101951,13,唯一能相信的只有自己,mygo,575884077
长崎素世终于在MyGO的团队内找到了自己，不用再去扮演“长崎素世”了,339.979,5,16646914,2024-04-09 17:46:20,27387101951,13,唯一能相信的只有自己,mygo,575884077
这里的分镜很有意思，睦的背后是大房子，而祥子的背后一无所有,43.931,5,16777215,2024-04-14 08:31:04,27387101951,13,唯一能相信的只有自己,mygo,575884077
难蚌の假面,828.216,5,16777215,2024-12-07 20:50:59,27387101951,13,唯一能相信的只有自己,mygo,575884077
伟大的灯皇正在发表高松灯微积分理论！,207.17,5,16777215,2024-12-12 22:57:57,27387101951,13,唯一能相信的只有自己,mygo,575884077
结果一看是mmk家（doge）,1409.34,5,16707842,2024-12-07 21:56:22,27387101951,13,唯一能相信的只有自己,mygo,575884077
初华：提前研究世界赛对手,639.189,1,16777215,2024-12-14 19:58:58,27387101951,13,唯一能相信的只有自己,mygo,575884077
六  兆  年  と  一  夜  物  語,973.379,5,6830715,2024-12-08 23:15:33,27387101951,13,唯一能相信的只有自己,mygo,575884077
初华:不要紧，两个我都一样的（）呀,585.576,5,16707842,2024-04-17 23:46:02,27387101951,13,唯一能相信的只有自己,mygo,575884077
Anon：我，无畏契约！！！！！,1087.043,1,16777215,2024-04-11 04:34:00,27387101951,13,唯一能相信的只有自己,mygo,575884077
这个初华朋友面善又友善,558.149,5,16752836,2024-12-17 21:53:38,27387101951,13,唯一能相信的只有自己,mygo,575884077
初华：我不是，我是陪小祥的,848.855,5,16777215,2024-12-07 21:47:30,27387101951,13,唯一能相信的只有自己,mygo,575884077
“捂心脏”的动作是声优米泽茜自己加的，她本人也亲自负责角色的live动捕,1211.893,5,16777215,2024-12-09 23:29:24,27387101951,13,唯一能相信的只有自己,mygo,575884077
现在是更软糯的我,68.44,1,16777215,2025-01-28 12:46:11,27387101951,13,唯一能相信的只有自己,mygo,575884077
初华是见过crychic的合照，在意和祥子一起组乐队的人,579.431,1,16777215,2024-04-08 04:55:17,27387101951,13,唯一能相信的只有自己,mygo,575884077
因为只有早上好是有敬语的，所以正式场合无论在什么时间都说早上好,705.478,5,15138834,2024-04-15 16:20:20,27387101951,13,唯一能相信的只有自己,mygo,575884077
至于mygo，让我祝她们好运,1195.719,1,16777215,2024-04-16 17:38:45,27387101951,13,唯一能相信的只有自己,mygo,575884077
世界名画《rikki在打工》,499.971,5,13369971,2024-04-17 20:05:36,27387101951,13,唯一能相信的只有自己,mygo,575884077
但是mygo有羁绊，我相信真物能打败伪物,1244.566,1,16777215,2024-04-12 21:32:23,27387101951,13,唯一能相信的只有自己,mygo,575884077
这段每次听都有一股p5味,1120.352,1,16777215,2023-09-23 17:07:18,27387101951,13,唯一能相信的只有自己,mygo,575884077
mygo掏出春日影还有一战之力,1126.789,1,16777215,2023-09-15 09:24:13,27387101951,13,唯一能相信的只有自己,mygo,575884077
才知道母鸡卡是音乐的英文。。。,1326.55,5,16777215,2024-12-16 23:13:59,27387101951,13,唯一能相信的只有自己,mygo,575884077
个人主观，avemujica表演气氛太重了，我还是喜欢mygo草台班子但是更直白的曲风,1370.263,5,16777215,2024-04-09 21:57:38,27387101951,13,唯一能相信的只有自己,mygo,575884077
我，毋畏契约,1062.664,5,16646914,2024-04-08 10:27:11,27387101951,13,唯一能相信的只有自己,mygo,575884077
江户川上潮信来，今日方知我是我,351.147,5,9599289,2024-12-11 23:23:39,27387101951,13,唯一能相信的只有自己,mygo,575884077
这各怀心事的氛围和前面的mygo不是一样的吗，好不了一点,817.833,1,16777215,2024-04-13 10:42:03,27387101951,13,唯一能相信的只有自己,mygo,575884077
爱音侦探 认真bananq,651.963,1,16777215,2024-04-17 13:18:11,27387101951,13,唯一能相信的只有自己,mygo,575884077
偷摸零：已开启AI托管自动寻路（,393.201,5,16776960,2025-04-02 14:38:58,27387101951,13,唯一能相信的只有自己,mygo,575884077
长崎术士：我想我大概…一辈子也忘不了heroic吧,367.805,1,16777215,2024-04-10 01:18:12,27387101951,13,唯一能相信的只有自己,mygo,575884077
祥子：弹到最难的地方了，被打断了，很生气,419.466,5,16777215,2024-12-08 17:57:40,27387101951,13,唯一能相信的只有自己,mygo,575884077
我去Faze clan,1096.598,1,16777215,2024-12-10 01:49:24,27387101951,13,唯一能相信的只有自己,mygo,575884077
这里有伏笔，第一次见面灯并没有告知初华自己的名字，这次相遇初华就脱口而出了，盲猜初华有特意去了解过C团的过往,568.587,5,16777215,2024-04-14 19:02:33,27387101951,13,唯一能相信的只有自己,mygo,575884077
祝高松灯司令官，健康常胜！,194.196,5,52480,2025-01-06 02:12:03,27387101951,13,唯一能相信的只有自己,mygo,575884077
mygo？不认识,1292.729,5,15138834,2024-04-08 11:29:39,27387101951,13,唯一能相信的只有自己,mygo,575884077
只有喵梦一个人不情愿带上面具，mujica隐藏的爆点啊,835.058,1,9033215,2024-12-09 05:02:01,27387101951,13,唯一能相信的只有自己,mygo,575884077
喵梦老师哼个春日影,908.697,1,16777215,2024-12-28 09:48:21,27387101951,13,唯一能相信的只有自己,mygo,575884077
"我, 无畏契约(瓦罗兰特",1077.891,1,16777215,2024-12-07 23:49:37,27387101951,13,唯一能相信的只有自己,mygo,575884077
喵梦本音！,1015.784,1,16777215,2024-12-08 17:50:07,27387101951,13,唯一能相信的只有自己,mygo,575884077
真正的吉他主唱,1141.768,5,14811775,2025-01-19 16:12:25,27387101951,13,唯一能相信的只有自己,mygo,575884077
这个乐队太牛了真的不火都没天理...,1185.814,1,16777215,2025-01-04 00:18:01,27387101951,13,唯一能相信的只有自己,mygo,575884077
初华这里是想说睦是祥子的妹妹吗？,668.812,5,16777215,2023-09-14 22:26:05,27387101951,13,唯一能相信的只有自己,mygo,575884077
高松灯重力微积分の伟大实践,519.82,5,16777215,2025-01-06 02:40:39,27387101951,13,唯一能相信的只有自己,mygo,575884077
《  老  八  乐  队  》,847.154,5,16776960,2024-12-17 15:54:18,27387101951,13,唯一能相信的只有自己,mygo,575884077
soyo已经完全不装了，以前都是伪善的口味，现在以真实面目待人了,242.793,5,16777215,2025-01-16 21:46:34,27387101951,13,唯一能相信的只有自己,mygo,575884077
初华这里这一笑真的称得上是倾国倾城啊,1308.105,5,16765698,2024-12-13 15:01:00,27387101951,13,唯一能相信的只有自己,mygo,575884077
感觉很适合翻唱魔圆ED,1183.508,5,16777215,2024-04-14 18:14:38,27387101951,13,唯一能相信的只有自己,mygo,575884077
我超，哥我叛变了！我现在是母鸡卡的狗了！,880.165,5,16777215,2023-09-14 22:05:18,27387101951,13,唯一能相信的只有自己,mygo,575884077
懂事的人已经在磕素箱灯,299.398,1,16777215,2024-12-07 20:36:04,27387101951,13,唯一能相信的只有自己,mygo,575884077
看来要长期素食了,233.001,5,15138834,2024-04-09 02:49:46,27387101951,13,唯一能相信的只有自己,mygo,575884077
我来致辞：祝高松灯司令官，健康常胜!,186.883,5,16777215,2024-12-16 20:59:51,27387101951,13,唯一能相信的只有自己,mygo,575884077
其实这里还真不是《这说的就是我的意思》，更像是以前不懂也不需要理解，现在想要去理解的意思了。,346.591,5,9033215,2024-04-14 22:59:19,27387101951,13,唯一能相信的只有自己,mygo,575884077
你知道的，我一直是母鸡卡的粉丝，至于麦购，我祝她们幸福,1129.745,5,16777215,2024-12-12 23:27:01,27387101951,13,唯一能相信的只有自己,mygo,575884077
睦是不是一直记得soyo说的live之后邀请她入队的话，所以m团live一场不落的看完，也一直没答应祥子啊,40.508,5,38979,2024-04-16 22:11:41,27387101951,13,唯一能相信的只有自己,mygo,575884077
省电指导：Roselia,1139.861,5,6830715,2024-12-08 14:35:43,27387101951,13,唯一能相信的只有自己,mygo,575884077
初华:歌词唱的简直就是我,878.498,5,15138834,2024-12-14 16:25:02,27387101951,13,唯一能相信的只有自己,mygo,575884077
中二小祥,949.588,1,16777215,2024-04-17 23:55:03,27387101951,13,唯一能相信的只有自己,mygo,575884077
立希 :你们去水族馆了吧 在我不在的时候,459.98,1,16777215,2023-09-15 17:56:59,27387101951,13,唯一能相信的只有自己,mygo,575884077
我十年前就开始推丰川祥子了,1319.133,1,16777215,2023-09-14 22:51:40,27387101951,13,唯一能相信的只有自己,mygo,575884077
初华这时候以为是灯传达给祥子了,604.283,5,16755202,2025-01-11 20:58:08,27387101951,13,唯一能相信的只有自己,mygo,575884077
其实睦比祥大～(￣▽￣～)~,899.027,1,16777215,2024-12-07 23:09:15,27387101951,13,唯一能相信的只有自己,mygo,575884077
喵梦双惯用手，只是刚接触没多久，属于是天赋高暂时缺少练习,1266.193,5,16777215,2025-01-03 09:16:32,27387101951,13,唯一能相信的只有自己,mygo,575884077
《世界线收束后乖巧听话的小猫》,138.449,5,41194,2025-01-28 21:43:58,27387101951,13,唯一能相信的只有自己,mygo,575884077
《没 落 贵 族 琉 璃 川》,65.541,5,16777215,2023-09-16 11:53:23,27387101951,13,唯一能相信的只有自己,mygo,575884077
新月旗跨越科斯坦丁尼耶的一道道城门,1254.487,5,16646914,2024-12-07 18:49:15,27387101951,13,唯一能相信的只有自己,mygo,575884077
这里的意思是soyo觉得灯写的歌词完全说中了自己，像被看透一般有点抵触和厌恶。,307.458,5,9033215,2025-02-14 01:09:15,27387101951,13,唯一能相信的只有自己,mygo,575884077
立希小姐本赛季最后一句话：哈？,266.448,5,6830715,2024-12-15 23:30:07,27387101951,13,唯一能相信的只有自己,mygo,575884077
一想到睦在现实年龄上才是姐姐我就像笑,892.892,5,16777215,2024-12-11 09:20:14,27387101951,13,唯一能相信的只有自己,mygo,575884077
之前看拉拉片场尚未说，业界人打招呼会说早安？（所以第一次见面就知道鲨鱼林是素人）,701.554,5,15138834,2023-09-17 18:31:28,27387101951,13,唯一能相信的只有自己,mygo,575884077
这乐队这么棒，想必续集的剧情也是相当精彩吧（,1344.295,5,16777215,2025-05-29 18:46:27,27387101951,13,唯一能相信的只有自己,mygo,575884077
甜甜圈是主唱，所以她问的应该是我的吉他去哪儿了,1321.759,1,16777215,2023-09-14 23:43:58,27387101951,13,唯一能相信的只有自己,mygo,575884077
多力多滋！,1080.871,1,16777215,2024-12-07 21:02:58,27387101951,13,唯一能相信的只有自己,mygo,575884077
这段比较隐晦，其实是素世当作对灯的告白，这样你就理解素世的动作和话语了。,278.375,5,16777215,2025-01-06 04:42:49,27387101951,13,唯一能相信的只有自己,mygo,575884077
现在在你面前的，是更软弱的我（doge）,63.643,5,16777215,2025-02-28 08:34:33,27387101951,13,唯一能相信的只有自己,mygo,575884077
一格拉米！,1262.09,5,16646914,2023-09-14 22:00:55,27387101951,13,唯一能相信的只有自己,mygo,575884077
《世界线收束后技术超好的粉毛》,128.586,5,16759807,2025-01-25 01:14:59,27387101951,13,唯一能相信的只有自己,mygo,575884077
孩子们，不要再破坏AVE MUJICA的世界观了,749.689,5,9033215,2024-04-10 12:10:11,27387101951,13,唯一能相信的只有自己,mygo,575884077
《温柔的邻家大姐姐》,133.327,5,15772458,2024-12-08 22:20:51,27387101951,13,唯一能相信的只有自己,mygo,575884077
我去，老灯（指父亲）（doge）,379.079,5,16777215,2024-12-08 22:05:13,27387101951,13,唯一能相信的只有自己,mygo,575884077
孩子们，别再破坏阿贝母鸡卡的世界观了（悲,749.419,5,16646914,2024-12-08 02:25:08,27387101951,13,唯一能相信的只有自己,mygo,575884077
分开了，可惜至极。祥子，要回到月球正面啊。,1258.535,1,16777215,2024-04-12 13:06:10,27387101951,13,唯一能相信的只有自己,mygo,575884077
我的自卑胜过了那些爱我的,387.786,5,16777215,2024-12-08 10:44:48,27387101951,13,唯一能相信的只有自己,mygo,575884077
注意初华用的是七弦吉他，高手！,1133.401,5,16777215,2024-12-23 13:08:31,27387101951,13,唯一能相信的只有自己,mygo,575884077
嗯，今天最高兴了！,181.148,5,16777215,2025-01-12 15:25:35,27387101951,13,唯一能相信的只有自己,mygo,575884077
睦关心，祥子认为是怜悯而已,54.702,5,16777215,2025-02-10 14:28:37,27387101951,13,唯一能相信的只有自己,mygo,575884077
full combo,155.343,5,14811775,2024-12-08 19:10:39,27387101951,13,唯一能相信的只有自己,mygo,575884077
那爱音要是知道初华和立希是同班同学会有多兴奋,647.159,5,14811775,2024-12-08 05:15:35,27387101951,13,唯一能相信的只有自己,mygo,575884077
这么一想，灯选择了爱音而不是祥子，很对应“我贪图现实的温暖”这句话啊,603.566,5,16777215,2023-09-15 12:39:40,27387101951,13,唯一能相信的只有自己,mygo,575884077
这就是rikki本剧最后的台词了！！！,260.2,5,16707842,2023-09-15 00:14:15,27387101951,13,唯一能相信的只有自己,mygo,575884077
创 口 贴 外 交,470.614,5,16777215,2024-12-09 18:42:03,27387101951,13,唯一能相信的只有自己,mygo,575884077
这里是小睦第二次小小声的“嗯”，但是不同于灯，喵梦并没有听到,777.975,5,9487136,2024-12-09 20:29:52,27387101951,13,唯一能相信的只有自己,mygo,575884077
嘉豪乐队没绷住。,866.275,5,16777215,2025-10-08 01:37:29,27387101951,13,唯一能相信的只有自己,mygo,575884077
难绷啊，这个前奏真的挺像反派登场的,1094.06,5,16777215,2025-01-24 18:26:18,27387101951,13,唯一能相信的只有自己,mygo,575884077
从这一目来看，祥子决定组建新乐团后，第一个是找睦，然而睦当时迁就于Soyo，没有直接答应,26.364,5,16777215,2024-04-14 18:38:21,27387101951,13,唯一能相信的只有自己,mygo,575884077
你们鼓手都会说“哈”吗？,276.607,5,16777215,2025-01-23 22:45:21,27387101951,13,唯一能相信的只有自己,mygo,575884077
有个偶像朋友在硬币背后,558.136,5,65535,2025-01-01 17:50:24,27387101951,13,唯一能相信的只有自己,mygo,575884077
从母鸡卡穿越回来看自己的弹幕被自己逗笑了,1252.189,5,16777215,2025-03-17 17:30:26,27387101951,13,唯一能相信的只有自己,mygo,575884077
人間椅子,1103.442,1,16777215,2024-12-10 22:55:33,27387101951,13,唯一能相信的只有自己,mygo,575884077
我现在终于明白祥子为什么总在学校弹琴了,405.013,5,15138834,2025-01-29 22:01:50,27387101951,13,唯一能相信的只有自己,mygo,575884077
嘉  豪  乐  队,851.278,5,16777215,2025-08-12 20:34:26,27387101951,13,唯一能相信的只有自己,mygo,575884077
下集预告：祥子：我要退出mujica,1393.449,5,9033215,2025-03-22 22:42:55,27387101951,13,唯一能相信的只有自己,mygo,575884077
猫猫，你可以吃抹茶芭菲,173.628,5,16777215,2024-12-08 14:42:07,27387101951,13,唯一能相信的只有自己,mygo,575884077
《世界线收束后阳光开朗的主唱》,144.189,5,7825066,2025-01-25 01:19:07,27387101951,13,唯一能相信的只有自己,mygo,575884077
”到死“详情请见鼓手余命十日谭,227.344,5,16777215,2024-12-09 13:30:45,27387101951,13,唯一能相信的只有自己,mygo,575884077
递交投降书,425.551,5,16777215,2024-04-14 14:45:02,27387101951,13,唯一能相信的只有自己,mygo,575884077
小睦头是不是想气soyo啊,42.439,5,9487136,2023-09-14 23:36:41,27387101951,13,唯一能相信的只有自己,mygo,575884077
我，无畏契约,1064.034,5,16777215,2025-01-28 20:25:23,27387101951,13,唯一能相信的只有自己,mygo,575884077
苦来兮苦不再是病态的执念，成为了珍藏着的璀璨回忆,375.508,5,16777215,2025-02-27 21:20:40,27387101951,13,唯一能相信的只有自己,mygo,575884077
忘不掉证明已经把crychic当回忆而不是一直死揪着不放了,365.505,1,16777215,2025-01-23 23:22:49,27387101951,13,唯一能相信的只有自己,mygo,575884077
我，啊米诺斯,1068.261,5,16777215,2024-12-07 19:27:50,27387101951,13,唯一能相信的只有自己,mygo,575884077
《世界线收束后温柔的邻家大姐姐》,132.499,5,16759688,2025-01-25 01:15:48,27387101951,13,唯一能相信的只有自己,mygo,575884077
炸梦！这是我去！！！！！,153.158,5,16777215,2025-04-29 18:46:50,27387101951,13,唯一能相信的只有自己,mygo,575884077
灯（独角仙/西瓜虫形态）：坏了我变不成人类。母鸡卡：我变成人类就坏了,944.02,1,16777215,2025-01-06 00:24:00,27387101951,13,唯一能相信的只有自己,mygo,575884077
灯可能不认识初华，但是灯不认识初华有点不可能,642.756,4,16777215,2025-03-27 04:00:02,27387101951,13,唯一能相信的只有自己,mygo,575884077
奥斯曼人进城辣,900.13,5,10546688,2024-12-29 15:09:11,27387101951,13,唯一能相信的只有自己,mygo,575884077
空の箱,457.141,5,16777215,2025-03-08 11:49:45,27387101951,13,唯一能相信的只有自己,mygo,575884077
喵梦的台词【抛弃】和初华说的【喜欢】与喵梦的名字【爱】呼应,1015.325,5,9033215,2025-02-03 13:50:26,27387101951,13,唯一能相信的只有自己,mygo,575884077
我和爱音的婚礼请柬，请收下,425.072,5,52480,2023-09-15 13:03:02,27387101951,13,唯一能相信的只有自己,mygo,575884077
全员：这写的简直就是我,329.577,5,16777215,2025-02-14 14:10:41,27387101951,13,唯一能相信的只有自己,mygo,575884077
机动战士母鸡卡：逆袭の小祥,1049.553,5,16777215,2025-01-28 20:24:27,27387101951,13,唯一能相信的只有自己,mygo,575884077
MVP结算动画,75.654,5,16777215,2025-02-24 02:01:28,27387101951,13,唯一能相信的只有自己,mygo,575884077
最强雇佣兵——八幡·凯文·海玲·杜兰特,670.278,5,41194,2023-09-14 22:53:46,27387101951,13,唯一能相信的只有自己,mygo,575884077
演唱会虽短，但其荣光长存，这份荣光，我高松灯不会一个人独享,200.587,1,16777215,2025-01-14 10:55:35,27387101951,13,唯一能相信的只有自己,mygo,575884077
这个正义朋友面善又友善,558.078,5,16777215,2025-06-26 20:59:57,27387101951,13,唯一能相信的只有自己,mygo,575884077
官方漫画清晰描绘了soyo看到歌词的心理,329.386,5,16777215,2025-01-25 02:25:50,27387101951,13,唯一能相信的只有自己,mygo,575884077
这么久终于碰见一个男的了,382.139,5,15138834,2025-01-05 21:23:55,27387101951,13,唯一能相信的只有自己,mygo,575884077
现在的我，是钮祜禄祥子！,60.718,5,16777215,2023-09-14 21:46:50,27387101951,13,唯一能相信的只有自己,mygo,575884077
睦头人面具剩下的那半是给卡卡西了吗？,843.584,5,16646914,2023-09-14 22:33:25,27387101951,13,唯一能相信的只有自己,mygo,575884077
萝 马 雅 乐,1340.772,5,52480,2024-12-07 19:16:26,27387101951,13,唯一能相信的只有自己,mygo,575884077
敌方不出动丰川祥子，我方不出动春日影,1251.346,1,16777215,2024-12-28 20:54:02,27387101951,13,唯一能相信的只有自己,mygo,575884077
顺毛祥姐,910.545,5,16777215,2024-12-12 23:21:25,27387101951,13,唯一能相信的只有自己,mygo,575884077
《内 裤 套 头》,833.608,5,9487136,2023-09-15 23:05:11,27387101951,13,唯一能相信的只有自己,mygo,575884077
嘉豪乐队,859.095,5,9487136,2025-08-16 12:48:19,27387101951,13,唯一能相信的只有自己,mygo,575884077
爱音想哄小灯开心，爱音好,476.243,5,16777215,2025-06-27 16:50:51,27387101951,13,唯一能相信的只有自己,mygo,575884077
人类在哪？,927.931,5,16707842,2025-12-03 23:19:06,27387101951,13,唯一能相信的只有自己,mygo,575884077
混进去个真木头人（bushi）,972.779,5,16777215,2026-02-24 11:37:43,27387101951,13,唯一能相信的只有自己,mygo,575884077
两面宿傩：你这是要领域展开？？你们是唱歌的还是打架的？,1237.758,5,16777215,2025-09-08 20:14:22,27387101951,13,唯一能相信的只有自己,mygo,575884077
我喜欢了你十年，却用整个四月，编织了一个不爱你的谎言,405.717,4,16777215,2025-12-13 15:48:18,27387101951,13,唯一能相信的只有自己,mygo,575884077
主唱太拼命了,1257.214,4,16777215,2025-07-11 13:52:10,27387101951,13,唯一能相信的只有自己,mygo,575884077
爱音在尽量转移灯的注意力,446.949,5,13369971,2026-01-20 10:53:55,27387101951,13,唯一能相信的只有自己,mygo,575884077
注意健康（长期素食）,233.815,5,16777215,2025-09-02 19:38:13,27387101951,13,唯一能相信的只有自己,mygo,575884077
爱灯二入水族馆,458.584,5,16765698,2025-08-24 11:03:53,27387101951,13,唯一能相信的只有自己,mygo,575884077
我一直是母鸡卡的粉丝，至于迷途之子什么的，我祝他们幸福。,1311.79,1,16777215,2025-08-23 06:27:12,27387101951,13,唯一能相信的只有自己,mygo,575884077
嘉豪乐队,848.005,1,15138834,2025-08-18 22:42:17,27387101951,13,唯一能相信的只有自己,mygo,575884077
好有p5音乐的既视感,1123.482,5,16777215,2025-08-04 01:57:21,27387101951,13,唯一能相信的只有自己,mygo,575884077
少女乐队的呐喊,320.212,1,16777215,2025-07-29 00:25:41,27387101951,13,唯一能相信的只有自己,mygo,575884077
全世界最尊重mujika世界观的人,741.908,5,16777215,2025-07-24 16:09:30,27387101951,13,唯一能相信的只有自己,mygo,575884077
嘉豪舞团,1061.446,4,15138834,2025-07-14 03:18:17,27387101951,13,唯一能相信的只有自己,mygo,575884077
目前还想象不出下一季初华会干出什么事,621.268,1,16777215,2025-06-22 00:07:18,27387101951,13,唯一能相信的只有自己,mygo,575884077
祥子●▛▙祥子●▛▙祥子●▛▙祥子●▛▙祥子●▛▙祥子●▛▙,593.6,1,15772458,2025-08-29 16:18:38,27387101951,13,唯一能相信的只有自己,mygo,575884077
嘉豪乐队,842.963,1,16777215,2025-08-21 12:52:54,27387101951,13,唯一能相信的只有自己,mygo,575884077
《我从没觉得组乐队是一件开心的事情》,45.805,1,16777215,2025-08-21 00:00:02,27387101951,13,唯一能相信的只有自己,mygo,575884077
来用牙弹个吉他,33.688,5,8700107,2025-08-12 21:28:11,27387101951,13,唯一能相信的只有自己,mygo,575884077
两个人的意思是:你喜欢我，我喜欢你,514.162,1,16777215,2025-07-17 12:43:14,27387101951,13,唯一能相信的只有自己,mygo,575884077
海铃好配合哈哈哈,802.475,1,16777215,2025-07-11 21:48:02,27387101951,13,唯一能相信的只有自己,mygo,575884077
看到这集时，所有人都以为mujica是神作,1347.599,5,16777215,2026-03-05 18:08:49,27387101951,13,唯一能相信的只有自己,mygo,575884077
这个面具能挡住什么啊,848.559,5,16646914,2025-11-22 15:01:04,27387101951,13,唯一能相信的只有自己,mygo,575884077
这不是个乐队吗？,1046.877,5,16777215,2025-09-23 22:45:26,27387101951,13,唯一能相信的只有自己,mygo,575884077
FAZE CLAN,1098.015,5,15138834,2025-08-21 01:21:37,27387101951,13,唯一能相信的只有自己,mygo,575884077
这是一艘直上云霄的银河战舰！！！！！,1110.059,5,15138834,2025-08-19 13:40:02,27387101951,13,唯一能相信的只有自己,mygo,575884077
两支乐队风格完全不一样，都很吸引我嘿嘿,1208.309,1,16777215,2025-08-16 21:27:11,27387101951,13,唯一能相信的只有自己,mygo,575884077
25年8月,116.167,1,16777215,2025-08-07 17:50:39,27387101951,13,唯一能相信的只有自己,mygo,575884077
25年8月,118.72,5,16777215,2025-08-02 19:08:54,27387101951,13,唯一能相信的只有自己,mygo,575884077
客服小祥,9.035,5,16777215,2025-07-16 14:06:42,27387101951,13,唯一能相信的只有自己,mygo,575884077
25年7月,115.976,5,16777215,2025-07-05 21:06:24,27387101951,13,唯一能相信的只有自己,mygo,575884077
Doloris在二创里变成Doro了（,1080.602,5,16777215,2025-07-01 00:26:56,27387101951,13,唯一能相信的只有自己,mygo,575884077
爱音梦想中的自己,1147.488,5,16777215,2025-09-11 03:31:54,27387101951,13,唯一能相信的只有自己,mygo,575884077
mujica 就是音乐“musica”的变体啊,780.412,5,15138834,2025-09-03 01:07:32,27387101951,13,唯一能相信的只有自己,mygo,575884077
《旺仔小乔》,732.48,1,16776960,2025-08-30 18:45:00,27387101951,13,唯一能相信的只有自己,mygo,575884077
这是一架冲上云霄的银河战舰,1263.799,5,15138834,2025-08-27 11:05:36,27387101951,13,唯一能相信的只有自己,mygo,575884077
嘉豪乐队,934.516,1,16777215,2025-08-25 10:29:21,27387101951,13,唯一能相信的只有自己,mygo,575884077
果然还是喜欢爽世啊。哪怕黑化了,261.556,5,16777215,2025-08-19 16:00:50,27387101951,13,唯一能相信的只有自己,mygo,575884077
妈妈,361.563,5,16777215,2025-07-28 00:39:56,27387101951,13,唯一能相信的只有自己,mygo,575884077
嘉豪假面舞团,843.827,5,16777215,2025-07-19 19:54:24,27387101951,13,唯一能相信的只有自己,mygo,575884077
《儿童用》,471.603,1,16777215,2025-06-27 13:16:23,27387101951,13,唯一能相信的只有自己,mygo,575884077
soyo好美呀,315.834,1,16777215,2026-02-20 10:26:50,27387101951,13,唯一能相信的只有自己,mygo,575884077
嘉豪舞团,833.422,1,16777215,2026-02-07 15:41:22,27387101951,13,唯一能相信的只有自己,mygo,575884077
这糟糕的台词,50.136,1,16707842,2026-01-31 06:21:53,27387101951,13,唯一能相信的只有自己,mygo,575884077
如此美妙的开局，目前不知道母鸡卡怎么烂,1399.122,5,16777215,2026-01-22 02:46:19,27387101951,13,唯一能相信的只有自己,mygo,575884077
天声の双翼と悲湖を照らす月光！三角初华です,1343.432,5,16707842,2025-11-09 00:52:56,27387101951,13,唯一能相信的只有自己,mygo,575884077
！！！！！！！！！！！！！！！！！！！！！！！！！！！！！！！！！！！！！！！！！！,1341.02,5,15138834,2025-09-24 03:17:18,27387101951,13,唯一能相信的只有自己,mygo,575884077
苦来西苦还在追我,670.016,5,16777215,2025-09-20 00:19:51,27387101951,13,唯一能相信的只有自己,mygo,575884077
支配剧场,956.835,5,15138834,2025-09-14 10:50:40,27387101951,13,唯一能相信的只有自己,mygo,575884077
因为平时被称呼的根本不是真名字,1005.301,5,16777215,2025-09-08 20:08:13,27387101951,13,唯一能相信的只有自己,mygo,575884077
祖先，祖父，世系，父亲,1334.68,1,16777215,2025-08-25 17:12:30,27387101951,13,唯一能相信的只有自己,mygo,575884077
老八面具,841.911,1,16777215,2025-08-21 02:18:52,27387101951,13,唯一能相信的只有自己,mygo,575884077
金句,486.165,5,15772458,2025-08-15 23:46:25,27387101951,13,唯一能相信的只有自己,mygo,575884077
良子,806.661,1,16777215,2025-08-09 23:35:38,27387101951,13,唯一能相信的只有自己,mygo,575884077
原作石森章太郎,836.353,5,16777215,2025-07-30 16:37:40,27387101951,13,唯一能相信的只有自己,mygo,575884077
mujica5th阶段回来重温,1138.589,5,16777215,2025-07-27 01:02:41,27387101951,13,唯一能相信的只有自己,mygo,575884077
波奇重现,484.344,1,15138834,2025-07-21 17:59:08,27387101951,13,唯一能相信的只有自己,mygo,575884077
结 婚 誓 词,516.327,5,15138834,2025-07-13 20:20:26,27387101951,13,唯一能相信的只有自己,mygo,575884077
《这在有马公生处有记载》,408.017,5,16777215,2025-07-13 14:48:51,27387101951,13,唯一能相信的只有自己,mygo,575884077
初华竟然没有难绷的日式口音！,877.848,5,15772458,2025-07-08 12:09:21,27387101951,13,唯一能相信的只有自己,mygo,575884077
你们要的反派登场了(虽然是第二部的主角 ),1097.135,5,41194,2025-06-23 14:54:53,27387101951,13,唯一能相信的只有自己,mygo,575884077
26年2月,118.972,1,16777215,2026-02-12 11:10:30,27387101951,13,唯一能相信的只有自己,mygo,575884077
2026/1/27,121.097,1,16777215,2026-01-27 13:01:59,27387101951,13,唯一能相信的只有自己,mygo,575884077
2026/1/21,153.307,5,16777215,2026-01-21 02:39:38,27387101951,13,唯一能相信的只有自己,mygo,575884077
27年考古，母鸡卡风评反转了,1130.084,1,16777215,2026-01-11 23:52:43,27387101951,13,唯一能相信的只有自己,mygo,575884077
《独立宣言》,425.264,1,16777215,2025-12-14 21:24:50,27387101951,13,唯一能相信的只有自己,mygo,575884077
少女乐队的呐喊,315.772,1,16777215,2025-11-14 20:51:57,27387101951,13,唯一能相信的只有自己,mygo,575884077
一起赚钱的乐队,1319.496,1,16777215,2025-10-13 02:04:16,27387101951,13,唯一能相信的只有自己,mygo,575884077
好中二我去,1091.482,1,16777215,2025-10-12 18:19:06,27387101951,13,唯一能相信的只有自己,mygo,575884077
高规格分队,814.52,5,16777215,2025-09-10 06:01:25,27387101951,13,唯一能相信的只有自己,mygo,575884077
25年9月,116.076,1,16777215,2025-09-06 09:14:30,27387101951,13,唯一能相信的只有自己,mygo,575884077
真的太难绷了,896.019,1,16777215,2025-09-02 23:41:18,27387101951,13,唯一能相信的只有自己,mygo,575884077
666还有卡面来打,827.837,5,16707842,2025-08-30 12:11:20,27387101951,13,唯一能相信的只有自己,mygo,575884077
2025/08/26,145.32,1,14811775,2025-08-26 21:09:41,27387101951,13,唯一能相信的只有自己,mygo,575884077
再见啦！！！！！！！！！！！,104.554,5,16777215,2025-08-26 20:11:52,27387101951,13,唯一能相信的只有自己,mygo,575884077
2025年8月26日,130.231,1,16777215,2025-08-26 12:20:56,27387101951,13,唯一能相信的只有自己,mygo,575884077
这里睦头还是原来的睦头，墨缇丝还没来,36.505,5,38979,2025-08-25 11:10:03,27387101951,13,唯一能相信的只有自己,mygo,575884077
喵梦那声哦呀,922.865,5,14811775,2025-08-24 16:57:19,27387101951,13,唯一能相信的只有自己,mygo,575884077
记住这句话！,429.418,5,16646914,2025-08-22 20:13:02,27387101951,13,唯一能相信的只有自己,mygo,575884077
少女乐队没有庆功宴我看什么,1387.937,1,16777215,2025-08-21 11:14:04,27387101951,13,唯一能相信的只有自己,mygo,575884077
良子,799.164,1,16777215,2025-08-18 17:14:17,27387101951,13,唯一能相信的只有自己,mygo,575884077
梦着啥说啥了属于是,1053.804,1,16777215,2025-08-10 21:58:06,27387101951,13,唯一能相信的只有自己,mygo,575884077
祥子●▛▙祥子●▛▙祥子●▛▙祥子●▛▙祥子●▛▙祥子●▛▙,608.325,1,16765698,2025-08-08 16:14:30,27387101951,13,唯一能相信的只有自己,mygo,575884077
世纪大扫拨,24.37,5,16777215,2025-08-03 21:54:10,27387101951,13,唯一能相信的只有自己,mygo,575884077
这份荣光，我不会一人独享。,195.911,1,16777215,2025-08-03 19:38:35,27387101951,13,唯一能相信的只有自己,mygo,575884077
祥子的音乐开始有攻击性了,414.719,1,16777215,2025-08-01 07:00:03,27387101951,13,唯一能相信的只有自己,mygo,575884077
你们也在世界吗？,1119.228,1,16777215,2025-07-28 17:26:07,27387101951,13,唯一能相信的只有自己,mygo,575884077
三角初音,994.875,5,14811775,2025-07-26 17:53:16,27387101951,13,唯一能相信的只有自己,mygo,575884077
猫猫：豪吃,225.234,1,15138834,2025-07-26 04:06:45,27387101951,13,唯一能相信的只有自己,mygo,575884077
依旧皆若空游无所依,465.875,1,16777215,2025-07-25 17:07:34,27387101951,13,唯一能相信的只有自己,mygo,575884077
老八乐队（难视,844.028,5,16777215,2025-07-23 22:46:09,27387101951,13,唯一能相信的只有自己,mygo,575884077
FEVER,1178.837,5,16777215,2025-07-21 23:30:59,27387101951,13,唯一能相信的只有自己,mygo,575884077
25年七月,114.446,5,16777215,2025-07-20 22:00:13,27387101951,13,唯一能相信的只有自己,mygo,575884077
25年7月12日,117.638,5,16777215,2025-07-12 14:06:55,27387101951,13,唯一能相信的只有自己,mygo,575884077
这不是p的啊,8.026,1,16777215,2025-07-10 16:02:42,27387101951,13,唯一能相信的只有自己,mygo,575884077
您的 客服小祥 已上线,7.948,5,41194,2025-07-09 11:33:18,27387101951,13,唯一能相信的只有自己,mygo,575884077
mujica五个人爱音全认识了现在。,1207.482,1,16777215,2025-07-08 11:59:03,27387101951,13,唯一能相信的只有自己,mygo,575884077
我喜欢你，灯宝！,511.386,4,16777215,2025-07-03 11:02:32,27387101951,13,唯一能相信的只有自己,mygo,575884077
要不是先看了母鸡卡回来我会很期待的,1321.67,1,16777215,2025-06-28 23:30:14,27387101951,13,唯一能相信的只有自己,mygo,575884077
太高级了 太有钱了,1125.373,1,16777215,2025-06-28 21:48:20,27387101951,13,唯一能相信的只有自己,mygo,575884077
这个运镜想起来抽查运镜耄耋了,1013.203,1,16777215,2025-06-24 19:30:18,27387101951,13,唯一能相信的只有自己,mygo,575884077
抹茶芭菲~♡,160.144,5,16777215,2025-06-21 13:31:33,27387101951,13,唯一能相信的只有自己,mygo,575884077
26/4/11,151.165,1,16777215,2026-04-11 22:00:09,27387101951,13,唯一能相信的只有自己,mygo,575884077
我怎么感觉灯和祥互为白月光，但却是不同时期,450.849,5,104601,2026-03-21 01:47:28,27387101951,13,唯一能相信的只有自己,mygo,575884077
这个时候的睦子米，还能通过弹吉他宣泄压力...,32.051,5,104601,2026-03-21 01:35:31,27387101951,13,唯一能相信的只有自己,mygo,575884077
2026/3/13,151.776,1,16777215,2026-03-13 10:23:05,27387101951,13,唯一能相信的只有自己,mygo,575884077
26年2月28日,120.043,1,16777215,2026-02-28 15:44:45,27387101951,13,唯一能相信的只有自己,mygo,575884077
2026/02/28,137.905,1,16777215,2026-02-28 01:52:41,27387101951,13,唯一能相信的只有自己,mygo,575884077
这个，不需要了,739.412,5,16777215,2026-02-26 04:28:58,27387101951,13,唯一能相信的只有自己,mygo,575884077
2026，2，26,150.415,1,16777215,2026-02-26 00:17:46,27387101951,13,唯一能相信的只有自己,mygo,575884077
2026/2/25,164.823,1,16777215,2026-02-25 01:55:43,27387101951,13,唯一能相信的只有自己,mygo,575884077
2026/2/22,189.33,1,16777215,2026-02-22 12:29:23,27387101951,13,唯一能相信的只有自己,mygo,575884077
不是乐队吗，怎么成舞台剧了,913.362,5,16777215,2026-02-20 12:59:46,27387101951,13,唯一能相信的只有自己,mygo,575884077
此时的人们还不知道，迎接他们的是怎样的番剧,1119.572,1,16777215,2026-02-13 20:49:36,27387101951,13,唯一能相信的只有自己,mygo,575884077
完结撒花，感谢陪伴！！,663.457,5,16777215,2026-01-22 01:55:38,27387101951,13,唯一能相信的只有自己,mygo,575884077
2026/1/23,162.408,1,16777215,2026-01-21 16:30:46,27387101951,13,唯一能相信的只有自己,mygo,575884077
母鸡卡提前版,661.0,1,16777215,2026-01-17 22:55:15,27387101951,13,唯一能相信的只有自己,mygo,575884077
别晃了，我头有点晕,1011.597,5,16777215,2026-01-13 22:12:20,27387101951,13,唯一能相信的只有自己,mygo,575884077
OK啊孩子们，接下来就是mujica的部分了,682.655,5,16777215,2026-01-13 22:05:30,27387101951,13,唯一能相信的只有自己,mygo,575884077
旺仔小乔,845.946,1,16777215,2026-01-13 15:07:32,27387101951,13,唯一能相信的只有自己,mygo,575884077
26/01/03,138.153,1,16777215,2026-01-03 17:20:43,27387101951,13,唯一能相信的只有自己,mygo,575884077
26.1.1新年快乐！！！！！,149.296,1,16777215,2026-01-02 16:11:57,27387101951,13,唯一能相信的只有自己,mygo,575884077
无忧梦呓）,986.249,4,15138834,2026-01-02 09:41:05,27387101951,13,唯一能相信的只有自己,mygo,575884077
2026/1/1,161.25,1,16777215,2026-01-01 14:00:00,27387101951,13,唯一能相信的只有自己,mygo,575884077
26/1/1,154.568,1,16777215,2026-01-01 00:00:02,27387101951,13,唯一能相信的只有自己,mygo,575884077
灯希 灯祥 灯素 成为人类桥,271.255,1,15138834,2025-12-28 00:05:37,27387101951,13,唯一能相信的只有自己,mygo,575884077
忘不掉才是对的，如果能忘掉c团也就说明会有忘掉g团的可能，正是因为忘不掉遗憾，才会去珍惜现在的每个瞬间,365.147,5,16777215,2025-12-24 01:22:57,27387101951,13,唯一能相信的只有自己,mygo,575884077
爱灯99,542.958,1,41194,2025-12-21 12:06:54,27387101951,13,唯一能相信的只有自己,mygo,575884077
少女乐队的呐喊,319.768,5,16777215,2025-12-20 16:05:17,27387101951,13,唯一能相信的只有自己,mygo,575884077
2025/11/30,138.101,1,16777215,2025-11-30 06:30:12,27387101951,13,唯一能相信的只有自己,mygo,575884077
华丽顶级的组合内部稳定性堪忧,811.155,1,16777215,2025-11-16 21:53:40,27387101951,13,唯一能相信的只有自己,mygo,575884077
传奇主唱,1249.462,1,16777215,2025-11-14 21:08:54,27387101951,13,唯一能相信的只有自己,mygo,575884077
混沌の鼓动と爱湾を惑わす蝶！祐天寺若麦です,1343.432,5,6830715,2025-11-09 00:54:17,27387101951,13,唯一能相信的只有自己,mygo,575884077
千面の低音と恐湖を渡る渡し船！八幡海铃です,1343.432,5,16777215,2025-11-09 00:53:58,27387101951,13,唯一能相信的只有自己,mygo,575884077
命运の暗黑导演と忘湖の救济者！丰川祥子です,1343.432,5,41194,2025-11-09 00:52:32,27387101951,13,唯一能相信的只有自己,mygo,575884077
纯数值美啊,1258.087,1,16777215,2025-11-08 11:40:42,27387101951,13,唯一能相信的只有自己,mygo,575884077
我不做人类了，jojo,943.937,5,16777215,2025-10-22 23:54:22,27387101951,13,唯一能相信的只有自己,mygo,575884077
打工小祥,1369.974,5,7838156,2025-10-14 16:47:35,27387101951,13,唯一能相信的只有自己,mygo,575884077
真加上子了,799.123,1,16777215,2025-10-13 11:54:54,27387101951,13,唯一能相信的只有自己,mygo,575884077
身为大小姐的自尊，但对方是自己青梅竹马啊，,51.865,1,16777215,2025-10-13 11:38:34,27387101951,13,唯一能相信的只有自己,mygo,575884077
没能让soyo大人忘掉真是抱歉,368.827,5,16777215,2025-10-10 22:19:26,27387101951,13,唯一能相信的只有自己,mygo,575884077
我漏怪了？,859.396,1,16777215,2025-10-08 14:08:48,27387101951,13,唯一能相信的只有自己,mygo,575884077
不久，soyorin停止了思考（bushi）,344.664,5,16777215,2025-10-08 02:06:34,27387101951,13,唯一能相信的只有自己,mygo,575884077
这个鼓你叫轻松啊？后面那个劲爆双踩,1268.434,5,14811775,2025-10-04 14:04:42,27387101951,13,唯一能相信的只有自己,mygo,575884077
为什么不能叫华子？,791.145,5,16707842,2025-10-04 10:32:22,27387101951,13,唯一能相信的只有自己,mygo,575884077
嘉豪乐队是吧……,856.744,1,16777215,2025-10-02 23:46:26,27387101951,13,唯一能相信的只有自己,mygo,575884077
初华在后面开嗓可爱捏,780.718,1,16777215,2025-09-27 15:33:48,27387101951,13,唯一能相信的只有自己,mygo,575884077
初华忘记了自己其实是初音，披着初华的皮活着,1013.1,5,16707842,2025-09-19 19:29:31,27387101951,13,唯一能相信的只有自己,mygo,575884077
爱音理想中的自己be like,1148.181,1,16707842,2025-09-17 02:49:09,27387101951,13,唯一能相信的只有自己,mygo,575884077
2025/9/11,138.815,1,16777215,2025-09-11 13:32:02,27387101951,13,唯一能相信的只有自己,mygo,575884077
旺仔小乔,848.575,1,16777215,2025-09-09 19:15:27,27387101951,13,唯一能相信的只有自己,mygo,575884077
真的，真的，是绕了好大一圈啊,338.174,5,16777215,2025-09-06 13:30:43,27387101951,13,唯一能相信的只有自己,mygo,575884077
25/9/4,133.17,1,16777215,2025-09-04 21:37:05,27387101951,13,唯一能相信的只有自己,mygo,575884077
谁写的词,932.366,4,16777215,2025-09-04 20:43:30,27387101951,13,唯一能相信的只有自己,mygo,575884077
为什么是路人唱OP，我大祥老师呢,75.95,1,16777215,2025-09-04 19:22:55,27387101951,13,唯一能相信的只有自己,mygo,575884077
傀影与猩红血钻,1334.542,5,15138834,2025-08-28 20:54:28,27387101951,13,唯一能相信的只有自己,mygo,575884077
傀影古堡,1221.643,5,15138834,2025-08-28 20:52:05,27387101951,13,唯一能相信的只有自己,mygo,575884077
现在是客服，以后就是罗德岛干员小祥了,15.783,1,41194,2025-08-28 20:27:07,27387101951,13,唯一能相信的只有自己,mygo,575884077
2025/8/27,147.868,1,16777215,2025-08-27 16:17:56,27387101951,13,唯一能相信的只有自己,mygo,575884077
完结撒花！！！,660.321,5,16777215,2025-08-26 20:21:13,27387101951,13,唯一能相信的只有自己,mygo,575884077
争夺抚养权这一块,263.528,1,16777215,2025-08-26 16:45:59,27387101951,13,唯一能相信的只有自己,mygo,575884077
soyo女士找到自己了，匡扶汉室呢,356.447,1,15138834,2025-08-26 00:34:36,27387101951,13,唯一能相信的只有自己,mygo,575884077
此时，人们都以为母鸡卡无敌了,1258.45,1,16777215,2025-08-24 18:40:34,27387101951,13,唯一能相信的只有自己,mygo,575884077
魔女的夜宴,1029.873,1,16777215,2025-08-23 20:40:46,27387101951,13,唯一能相信的只有自己,mygo,575884077
完给撒花,554.347,5,14811775,2025-08-21 01:22:03,27387101951,13,唯一能相信的只有自己,mygo,575884077
我有点儿看不懂了，这还是乐队吗？,985.168,1,16777215,2025-08-19 09:06:42,27387101951,13,唯一能相信的只有自己,mygo,575884077
那我呢,264.381,1,16777215,2025-08-17 17:09:59,27387101951,13,唯一能相信的只有自己,mygo,575884077
2025/8/17,130.77,1,16777215,2025-08-17 13:05:16,27387101951,13,唯一能相信的只有自己,mygo,575884077
2025/8/16两点二十九,135.698,1,16777215,2025-08-16 02:29:09,27387101951,13,唯一能相信的只有自己,mygo,575884077
女孩子之间真是好啊,509.159,1,16777215,2025-08-14 07:40:44,27387101951,13,唯一能相信的只有自己,mygo,575884077
点击输入文本,725.855,1,16777215,2025-08-14 01:35:32,27387101951,13,唯一能相信的只有自己,mygo,575884077
嘉豪面具,844.941,1,16777215,2025-08-13 16:07:19,27387101951,13,唯一能相信的只有自己,mygo,575884077
25年8月12日完结撒花！,124.042,1,16777215,2025-08-12 17:49:07,27387101951,13,唯一能相信的只有自己,mygo,575884077
爸爸是2D的女儿是3D的？,378.772,1,16777215,2025-08-12 02:18:37,27387101951,13,唯一能相信的只有自己,mygo,575884077
"我,无畏契约",1071.238,1,16777215,2025-08-09 19:59:36,27387101951,13,唯一能相信的只有自己,mygo,575884077
25年8月7日,121.688,1,16777215,2025-08-07 00:08:36,27387101951,13,唯一能相信的只有自己,mygo,575884077
25/8/5,123.894,5,16777215,2025-08-05 22:32:12,27387101951,13,唯一能相信的只有自己,mygo,575884077
25年8月5,119.06,1,16777215,2025-08-05 17:01:28,27387101951,13,唯一能相信的只有自己,mygo,575884077
空之森水族馆—爱灯告白圣地,502.514,5,14811775,2025-08-05 12:40:10,27387101951,13,唯一能相信的只有自己,mygo,575884077
我一人打车六七十回家,274.111,1,16777215,2025-08-05 11:09:41,27387101951,13,唯一能相信的只有自己,mygo,575884077
旺仔小乔,732.272,5,15138834,2025-08-04 03:45:18,27387101951,13,唯一能相信的只有自己,mygo,575884077
25年8月3日,122.625,5,16777215,2025-08-03 10:46:02,27387101951,13,唯一能相信的只有自己,mygo,575884077
一股死馆味（,1185.122,1,16777215,2025-08-02 23:07:43,27387101951,13,唯一能相信的只有自己,mygo,575884077
难绷,853.592,1,16777215,2025-08-01 21:40:01,27387101951,13,唯一能相信的只有自己,mygo,575884077
初华这声音也太好听了,1243.155,1,16777215,2025-07-31 21:30:49,27387101951,13,唯一能相信的只有自己,mygo,575884077
急着去打工,1378.408,5,16755202,2025-07-31 17:06:23,27387101951,13,唯一能相信的只有自己,mygo,575884077
原作石森章太郎,1255.321,1,16777215,2025-07-30 16:43:10,27387101951,13,唯一能相信的只有自己,mygo,575884077
这也太萌了,729.811,5,16777215,2025-07-28 19:54:32,27387101951,13,唯一能相信的只有自己,mygo,575884077
我不是看的买狗的吗？,1161.474,1,16777215,2025-07-28 17:18:02,27387101951,13,唯一能相信的只有自己,mygo,575884077
两个人想表达的意思是我喜欢你，你喜欢我,538.043,5,16777215,2025-07-28 00:43:00,27387101951,13,唯一能相信的只有自己,mygo,575884077
爱灯！,489.704,5,16777215,2025-07-27 19:08:40,27387101951,13,唯一能相信的只有自己,mygo,575884077
来个春日影就老实了,1045.269,1,16777215,2025-07-27 14:26:52,27387101951,13,唯一能相信的只有自己,mygo,575884077
波奇酱,485.987,1,16777215,2025-07-27 14:16:37,27387101951,13,唯一能相信的只有自己,mygo,575884077
看成空の箱了（,464.131,1,16777215,2025-07-25 19:33:22,27387101951,13,唯一能相信的只有自己,mygo,575884077
好重的p5味,1119.688,1,15138834,2025-07-25 04:21:41,27387101951,13,唯一能相信的只有自己,mygo,575884077
母鸡卡内部有问题的,1306.354,1,16777215,2025-07-23 00:41:32,27387101951,13,唯一能相信的只有自己,mygo,575884077
2025/7/22,135.894,1,16777215,2025-07-22 06:32:10,27387101951,13,唯一能相信的只有自己,mygo,575884077
25/7/21,135.112,1,16777215,2025-07-21 21:21:01,27387101951,13,唯一能相信的只有自己,mygo,575884077
超金属，酷毙了！,29.467,5,38979,2025-07-21 14:04:58,27387101951,13,唯一能相信的只有自己,mygo,575884077
2025年7月20日,117.935,1,16777215,2025-07-20 13:12:49,27387101951,13,唯一能相信的只有自己,mygo,575884077
25年七月,113.491,5,11890,2025-07-19 15:44:37,27387101951,13,唯一能相信的只有自己,mygo,575884077
私了（,799.024,5,16777215,2025-07-18 01:50:25,27387101951,13,唯一能相信的只有自己,mygo,575884077
完结撒花，感谢陪伴！,1409.319,5,16777215,2025-07-13 20:38:51,27387101951,13,唯一能相信的只有自己,mygo,575884077
魅魔面罩,836.425,5,9033215,2025-07-13 19:31:18,27387101951,13,唯一能相信的只有自己,mygo,575884077
没有情感，全是数值,1330.08,1,16777215,2025-07-11 13:17:42,27387101951,13,唯一能相信的只有自己,mygo,575884077
混合五种蔬菜的饮料,251.159,1,16777215,2025-07-09 13:21:35,27387101951,13,唯一能相信的只有自己,mygo,575884077
她还想着CCC,289.129,5,15772458,2025-07-09 03:59:10,27387101951,13,唯一能相信的只有自己,mygo,575884077
我们海子也是当上嘉豪了,844.211,1,16777215,2025-07-08 20:45:59,27387101951,13,唯一能相信的只有自己,mygo,575884077
25年7月,120.665,5,16777215,2025-07-05 16:37:48,27387101951,13,唯一能相信的只有自己,mygo,575884077
曾经的祥已经死了/.,63.743,1,16777215,2025-07-04 18:01:18,27387101951,13,唯一能相信的只有自己,mygo,575884077
糟糕的台词,53.928,1,16777215,2025-07-04 01:41:00,27387101951,13,唯一能相信的只有自己,mygo,575884077
看成全都不会痛了“全都不会弹！”,471.965,1,9487136,2025-07-01 18:15:40,27387101951,13,唯一能相信的只有自己,mygo,575884077
握握双手,541.47,1,16707842,2025-07-01 13:53:54,27387101951,13,唯一能相信的只有自己,mygo,575884077
爱音真的好无辜,456.104,1,16777215,2025-06-28 21:36:13,27387101951,13,唯一能相信的只有自己,mygo,575884077
《我是唱歌的》,621.605,5,16777215,2025-06-28 10:40:20,27387101951,13,唯一能相信的只有自己,mygo,575884077
mujika组建完成,680.385,5,16777215,2025-06-28 00:36:09,27387101951,13,唯一能相信的只有自己,mygo,575884077
灯的代餐,766.274,5,16777215,2025-06-27 00:38:38,27387101951,13,唯一能相信的只有自己,mygo,575884077
祥子能力太黑了,1291.526,1,16777215,2025-06-24 03:32:14,27387101951,13,唯一能相信的只有自己,mygo,575884077
AAA客服祥子,7.306,5,16777215,2025-06-23 13:42:49,27387101951,13,唯一能相信的只有自己,mygo,575884077
天哪，初华大人,1248.455,1,16777215,2025-06-22 00:29:42,27387101951,13,唯一能相信的只有自己,mygo,575884077
组一辈子乐队组一辈子乐队组一辈子乐队主一辈子乐队主一辈子乐队主一辈子乐队主一辈子乐队组一辈子乐队组一辈子乐队组一辈子乐队组一辈子乐队组一辈子乐队主一辈子乐队主一辈子乐队主一辈子乐队主一辈子乐队组一辈子,234.226,4,8700107,2025-06-21 13:24:19,27387101951,13,唯一能相信的只有自己,mygo,575884077
2026/5/5,162.421,4,16777215,2026-05-05 00:26:34,27387101951,13,唯一能相信的只有自己,mygo,575884077
26/5/2,142.558,1,16777215,2026-05-02 22:24:44,27387101951,13,唯一能相信的只有自己,mygo,575884077
26/04/30,147.837,1,14811775,2026-04-30 07:56:59,27387101951,13,唯一能相信的只有自己,mygo,575884077
味大，无需多盐,531.096,5,38979,2026-04-26 18:24:46,27387101951,13,唯一能相信的只有自己,mygo,575884077
2026/4/26,159.712,5,16777215,2026-04-26 10:24:09,27387101951,13,唯一能相信的只有自己,mygo,575884077
26/4/23,143.58,1,16777215,2026-04-23 20:44:58,27387101951,13,唯一能相信的只有自己,mygo,575884077
2026/4/20,150.724,1,16777215,2026-04-19 21:59:19,27387101951,13,唯一能相信的只有自己,mygo,575884077
旺仔小乔蒙面演唱会（）,700.786,1,16777215,2026-04-19 16:44:34,27387101951,13,唯一能相信的只有自己,mygo,575884077
加纳～,360.841,1,16777215,2026-04-19 16:37:39,27387101951,13,唯一能相信的只有自己,mygo,575884077
26/4/19,141.843,1,16777215,2026-04-19 14:57:01,27387101951,13,唯一能相信的只有自己,mygo,575884077
全剧唯一一个男性吗？,382.956,5,15138834,2026-04-19 12:33:54,27387101951,13,唯一能相信的只有自己,mygo,575884077
26/4/18,150.205,1,16777215,2026-04-18 22:03:34,27387101951,13,唯一能相信的只有自己,mygo,575884077
完结撒花,12.805,1,16777215,2026-04-16 12:15:48,27387101951,13,唯一能相信的只有自己,mygo,575884077
2026/4/15,153.078,1,16777215,2026-04-15 21:50:14,27387101951,13,唯一能相信的只有自己,mygo,575884077
2026/4/14,163.26,1,16777215,2026-04-14 00:41:06,27387101951,13,唯一能相信的只有自己,mygo,575884077
补药啊，加入你会死的,41.919,5,38979,2026-04-13 10:46:18,27387101951,13,唯一能相信的只有自己,mygo,575884077
卡兹停止了思考,350.336,5,6830715,2026-04-13 03:03:18,27387101951,13,唯一能相信的只有自己,mygo,575884077
26/4/11,133.195,1,41194,2026-04-13 00:48:21,27387101951,13,唯一能相信的只有自己,mygo,575884077
26/4/11,145.032,1,16777215,2026-04-11 00:12:39,27387101951,13,唯一能相信的只有自己,mygo,575884077
2026/04/06,142.384,1,16777215,2026-04-06 10:52:06,27387101951,13,唯一能相信的只有自己,mygo,575884077
26/4/5,130.168,5,16777215,2026-04-05 13:18:29,27387101951,13,唯一能相信的只有自己,mygo,575884077
26/4/4,159.952,5,16777215,2026-04-03 19:58:24,27387101951,13,唯一能相信的只有自己,mygo,575884077
2026/4/3,146.35,1,16777215,2026-04-03 00:44:21,27387101951,13,唯一能相信的只有自己,mygo,575884077
26/4/2,152.57,1,16777215,2026-04-02 18:26:46,27387101951,13,唯一能相信的只有自己,mygo,575884077
2026/4/1,153.845,1,9033215,2026-04-01 16:20:46,27387101951,13,唯一能相信的只有自己,mygo,575884077
好多企鹅啊,481.854,1,16777215,2026-03-31 12:24:52,27387101951,13,唯一能相信的只有自己,mygo,575884077
爱灯99,483.277,5,16777215,2026-03-29 20:17:43,27387101951,13,唯一能相信的只有自己,mygo,575884077
要看一辈子水族馆企鹅！,542.307,5,14811775,2026-03-29 01:38:34,27387101951,13,唯一能相信的只有自己,mygo,575884077
吓哭了,1122.892,5,15138834,2026-03-28 22:03:37,27387101951,13,唯一能相信的只有自己,mygo,575884077
26/3/27！,142.036,1,16777215,2026-03-27 02:35:48,27387101951,13,唯一能相信的只有自己,mygo,575884077
不要凶这个睦…,65.259,1,16777215,2026-03-26 00:42:37,27387101951,13,唯一能相信的只有自己,mygo,575884077
咕咕嘎嘎！,458.749,5,41194,2026-03-22 14:59:57,27387101951,13,唯一能相信的只有自己,mygo,575884077
2026/3/22,153.084,1,16777215,2026-03-22 01:18:45,27387101951,13,唯一能相信的只有自己,mygo,575884077
哇！！！！！！！！！！！！！！,490.858,5,104601,2026-03-21 01:48:18,27387101951,13,唯一能相信的只有自己,mygo,575884077
你要不要听听你在说什么？,55.903,5,104601,2026-03-21 01:37:35,27387101951,13,唯一能相信的只有自己,mygo,575884077
2026/3/17,166.701,1,16777215,2026-03-17 00:59:25,27387101951,13,唯一能相信的只有自己,mygo,575884077
26/3/16,145.821,1,16777215,2026-03-16 00:05:03,27387101951,13,唯一能相信的只有自己,mygo,575884077
26/3/15,130.419,1,16777215,2026-03-15 13:17:12,27387101951,13,唯一能相信的只有自己,mygo,575884077
26/3/15,131.305,1,16777215,2026-03-15 09:41:09,27387101951,13,唯一能相信的只有自己,mygo,575884077
刚开始看这个演出形式感觉中二，到这里感觉真帅！,1129.255,5,16707842,2026-03-14 21:37:53,27387101951,13,唯一能相信的只有自己,mygo,575884077
26/3/14,146.656,1,16777215,2026-03-14 08:08:35,27387101951,13,唯一能相信的只有自己,mygo,575884077
这个，不需要了,957.828,5,15772458,2026-03-13 23:33:10,27387101951,13,唯一能相信的只有自己,mygo,575884077
欧内盖,898.792,5,15772458,2026-03-13 23:31:32,27387101951,13,唯一能相信的只有自己,mygo,575884077
睦子米这个面具好难绷,892.813,5,9487136,2026-03-13 23:30:41,27387101951,13,唯一能相信的只有自己,mygo,575884077
喵母鸡~,803.484,5,6830715,2026-03-13 23:28:25,27387101951,13,唯一能相信的只有自己,mygo,575884077
前任,667.943,5,14811775,2026-03-13 23:24:46,27387101951,13,唯一能相信的只有自己,mygo,575884077
名侦探anon,653.439,5,14811775,2026-03-13 23:23:52,27387101951,13,唯一能相信的只有自己,mygo,575884077
并非温柔,590.299,5,16707842,2026-03-13 23:22:03,27387101951,13,唯一能相信的只有自己,mygo,575884077
soyorin！！！,359.649,5,15772458,2026-03-13 23:15:14,27387101951,13,唯一能相信的只有自己,mygo,575884077
输麻了,265.989,5,11890,2026-03-13 23:12:31,27387101951,13,唯一能相信的只有自己,mygo,575884077
喂！前面可是地狱啊,49.487,5,15138834,2026-03-13 23:07:51,27387101951,13,唯一能相信的只有自己,mygo,575884077
完结撒花,3.402,1,16777215,2026-03-13 22:42:22,27387101951,13,唯一能相信的只有自己,mygo,575884077
养生，放学后茶会是专业的,250.522,5,16777215,2026-03-12 17:43:22,27387101951,13,唯一能相信的只有自己,mygo,575884077
2026/3/12完结撒花感谢陪伴下一季见,119.45,1,16777215,2026-03-12 15:27:32,27387101951,13,唯一能相信的只有自己,mygo,575884077
爱灯！！,493.658,5,16777215,2026-03-07 01:00:18,27387101951,13,唯一能相信的只有自己,mygo,575884077
2026/3/6,164.286,1,16777215,2026-03-06 21:20:22,27387101951,13,唯一能相信的只有自己,mygo,575884077
26.3.6,125.129,1,16777215,2026-03-05 12:52:14,27387101951,13,唯一能相信的只有自己,mygo,575884077
戴手套弹吗…,1109.072,5,16777215,2026-03-04 20:47:32,27387101951,13,唯一能相信的只有自己,mygo,575884077
2026/3/4,171.841,1,16777215,2026-03-04 01:25:11,27387101951,13,唯一能相信的只有自己,mygo,575884077
你喜欢我，我喜欢你，我们结婚吧,527.208,5,14811775,2026-03-04 00:28:36,27387101951,13,唯一能相信的只有自己,mygo,575884077
2026 3.3,170.074,1,16777215,2026-03-03 15:08:15,27387101951,13,唯一能相信的只有自己,mygo,575884077
2026/3/1,168.76,1,16777215,2026-03-02 22:51:34,27387101951,13,唯一能相信的只有自己,mygo,575884077
此时的人们还在期待下一季，殊不知会发生什么,1342.952,5,16777215,2026-03-02 20:38:42,27387101951,13,唯一能相信的只有自己,mygo,575884077
我在天上,1293.355,5,14811775,2026-03-01 14:02:02,27387101951,13,唯一能相信的只有自己,mygo,575884077
完结撒花 感谢陪伴！,1409.532,1,16777215,2026-03-01 01:33:39,27387101951,13,唯一能相信的只有自己,mygo,575884077
爱音吃醋了,274.249,5,16777215,2026-02-28 23:38:47,27387101951,13,唯一能相信的只有自己,mygo,575884077
2026/2/28,158.814,1,16777215,2026-02-28 23:11:39,27387101951,13,唯一能相信的只有自己,mygo,575884077
2026/3/1,165.898,1,16777215,2026-02-28 10:07:33,27387101951,13,唯一能相信的只有自己,mygo,575884077
26/2/28,151.193,1,16777215,2026-02-28 02:06:14,27387101951,13,唯一能相信的只有自己,mygo,575884077
26/2/27,169.937,1,16777215,2026-02-27 19:54:36,27387101951,13,唯一能相信的只有自己,mygo,575884077
2026/2/25,156.857,1,16777215,2026-02-25 15:02:45,27387101951,13,唯一能相信的只有自己,mygo,575884077
2026/2/24,156.938,1,38979,2026-02-24 22:47:50,27387101951,13,唯一能相信的只有自己,mygo,575884077
伊索尔德？,870.21,1,16777215,2026-02-24 22:46:20,27387101951,13,唯一能相信的只有自己,mygo,575884077
26/2/24,155.631,5,16777215,2026-02-24 03:21:12,27387101951,13,唯一能相信的只有自己,mygo,575884077
26年2月,121.086,1,16777215,2026-02-23 17:20:06,27387101951,13,唯一能相信的只有自己,mygo,575884077
26/2/23,138.18,1,16777215,2026-02-23 08:33:45,27387101951,13,唯一能相信的只有自己,mygo,575884077
26/2/23,150.286,1,16777215,2026-02-23 03:08:20,27387101951,13,唯一能相信的只有自己,mygo,575884077
2026/2/23,137.929,1,16777215,2026-02-23 02:42:01,27387101951,13,唯一能相信的只有自己,mygo,575884077
2026/2/22,161.511,1,16777215,2026-02-22 00:35:49,27387101951,13,唯一能相信的只有自己,mygo,575884077
完结撒花，感谢陪伴！！！！！,8.178,5,16777215,2026-02-21 21:22:17,27387101951,13,唯一能相信的只有自己,mygo,575884077
完结撒花，感谢陪伴,1.669,5,16777215,2026-02-21 17:26:58,27387101951,13,唯一能相信的只有自己,mygo,575884077
26/2/21,147.385,5,16777215,2026-02-21 16:52:28,27387101951,13,唯一能相信的只有自己,mygo,575884077
祥子拉完车放松一下,420.48,1,16777215,2026-02-21 05:27:06,27387101951,13,唯一能相信的只有自己,mygo,575884077
祝你幸福呢亲,9.724,5,16777215,2026-02-20 12:46:15,27387101951,13,唯一能相信的只有自己,mygo,575884077
2026/2/20,148.476,1,16777215,2026-02-20 01:02:56,27387101951,13,唯一能相信的只有自己,mygo,575884077
2026/2/19,158.931,1,16777215,2026-02-19 16:10:37,27387101951,13,唯一能相信的只有自己,mygo,575884077
2026/2/19,136.138,1,41194,2026-02-19 15:03:14,27387101951,13,唯一能相信的只有自己,mygo,575884077
这差距是真大啊,1340.966,5,16777215,2026-02-19 09:47:14,27387101951,13,唯一能相信的只有自己,mygo,575884077
2026/2/19,149.35,1,16777215,2026-02-19 00:20:12,27387101951,13,唯一能相信的只有自己,mygo,575884077
2026 2 18,190.198,1,16777215,2026-02-18 18:44:45,27387101951,13,唯一能相信的只有自己,mygo,575884077
26/2/18,132.349,1,16777215,2026-02-18 12:51:51,27387101951,13,唯一能相信的只有自己,mygo,575884077
哥特金属,1112.887,1,16777215,2026-02-18 12:51:39,27387101951,13,唯一能相信的只有自己,mygo,575884077
2026/2/17,162.033,1,16777215,2026-02-17 22:49:47,27387101951,13,唯一能相信的只有自己,mygo,575884077
2026/2/17,155.174,5,16777215,2026-02-17 20:12:19,27387101951,13,唯一能相信的只有自己,mygo,575884077
26年2月17,127.482,1,11890,2026-02-17 15:54:45,27387101951,13,唯一能相信的只有自己,mygo,575884077
完结撒花，感谢陪伴！,1.017,5,16777215,2026-02-15 18:36:47,27387101951,13,唯一能相信的只有自己,mygo,575884077
2026/2/11,147.215,1,16777215,2026-02-15 09:51:27,27387101951,13,唯一能相信的只有自己,mygo,575884077
26/2/11,151.293,1,16777215,2026-02-14 13:24:09,27387101951,13,唯一能相信的只有自己,mygo,575884077
我！再生产！！,857.369,5,15138834,2026-02-14 10:25:09,27387101951,13,唯一能相信的只有自己,mygo,575884077
2026/2/14,155.464,5,16777215,2026-02-14 00:14:40,27387101951,13,唯一能相信的只有自己,mygo,575884077
2026/2/13 ,167.643,1,16777215,2026-02-13 21:40:45,27387101951,13,唯一能相信的只有自己,mygo,575884077
2026/2/13,158.377,1,16777215,2026-02-13 00:52:14,27387101951,13,唯一能相信的只有自己,mygo,575884077
2026/2/12,155.038,1,16777215,2026-02-12 13:49:21,27387101951,13,唯一能相信的只有自己,mygo,575884077
26/2/12,138.667,1,16777215,2026-02-12 13:00:36,27387101951,13,唯一能相信的只有自己,mygo,575884077
无忧梦呓,982.818,1,16777215,2026-02-11 16:43:24,27387101951,13,唯一能相信的只有自己,mygo,575884077
有点诡异,877.283,1,16777215,2026-02-11 13:31:58,27387101951,13,唯一能相信的只有自己,mygo,575884077
2026/2/11,132.18,1,16777215,2026-02-11 02:07:09,27387101951,13,唯一能相信的只有自己,mygo,575884077
2026/02/10,165.876,1,16777215,2026-02-10 06:53:09,27387101951,13,唯一能相信的只有自己,mygo,575884077
我从没觉得当客服开心过,6.4,5,16777215,2026-02-10 00:50:48,27387101951,13,唯一能相信的只有自己,mygo,575884077
26/2/9,136.991,1,16777215,2026-02-09 13:28:23,27387101951,13,唯一能相信的只有自己,mygo,575884077
此时的大家还在期望母鸡卡再创新高……,158.543,5,16777215,2026-02-09 10:32:41,27387101951,13,唯一能相信的只有自己,mygo,575884077
26/2/9,154.535,1,16777215,2026-02-09 05:26:02,27387101951,13,唯一能相信的只有自己,mygo,575884077
魔女？！,1024.444,1,15138834,2026-02-08 11:36:59,27387101951,13,唯一能相信的只有自己,mygo,575884077
2026/2/7,158.653,1,16777215,2026-02-07 23:27:31,27387101951,13,唯一能相信的只有自己,mygo,575884077
银河战舰，启动,825.66,5,16777215,2026-02-06 23:04:36,27387101951,13,唯一能相信的只有自己,mygo,575884077
《世界线收束后乖巧听话的小猫》,137.596,5,38979,2026-02-06 22:52:44,27387101951,13,唯一能相信的只有自己,mygo,575884077
26/2/6,153.534,1,16777215,2026-02-06 16:48:52,27387101951,13,唯一能相信的只有自己,mygo,575884077
26年2月,112.948,1,16777215,2026-02-03 22:26:24,27387101951,13,唯一能相信的只有自己,mygo,575884077
2026/2/3,162.002,1,16777215,2026-02-03 11:05:34,27387101951,13,唯一能相信的只有自己,mygo,575884077
长崎爽世停止了思考…,347.513,1,16777215,2026-02-03 10:50:36,27387101951,13,唯一能相信的只有自己,mygo,575884077
"2026,02,03完结撒花",165.599,5,16777215,2026-02-03 09:16:40,27387101951,13,唯一能相信的只有自己,mygo,575884077
26/2/2,133.92,5,16777215,2026-02-02 18:43:03,27387101951,13,唯一能相信的只有自己,mygo,575884077
2026 2/2,153.298,1,16777215,2026-02-02 16:10:47,27387101951,13,唯一能相信的只有自己,mygo,575884077
这是乐队番吗？,1045.346,1,16777215,2026-02-02 06:34:14,27387101951,13,唯一能相信的只有自己,mygo,575884077
26/2/1,154.137,1,16777215,2026-02-01 21:37:02,27387101951,13,唯一能相信的只有自己,mygo,575884077
26/1/30,140.188,1,16777215,2026-01-30 20:56:10,27387101951,13,唯一能相信的只有自己,mygo,575884077
完结撒花，感谢陪伴！！！,5.117,5,16777215,2026-01-30 14:43:57,27387101951,13,唯一能相信的只有自己,mygo,575884077
孩子p5打多了,842.819,1,16777215,2026-01-29 19:35:56,27387101951,13,唯一能相信的只有自己,mygo,575884077
所有人忍住不笑,811.091,5,16707842,2026-01-29 19:07:12,27387101951,13,唯一能相信的只有自己,mygo,575884077
26年1月28,133.326,1,16777215,2026-01-28 17:37:44,27387101951,13,唯一能相信的只有自己,mygo,575884077
2026/1/28,154.425,1,16777215,2026-01-28 02:37:34,27387101951,13,唯一能相信的只有自己,mygo,575884077
2026/1/27,159.147,1,16777215,2026-01-27 14:04:40,27387101951,13,唯一能相信的只有自己,mygo,575884077
祥子●▛▙祥子●▛▙祥子●▛▙祥子●▛▙祥子●▛▙祥子●▛▙,51.755,5,16777215,2026-01-27 11:37:58,27387101951,13,唯一能相信的只有自己,mygo,575884077
睦头人:她一直在挑衅我,779.963,5,38979,2026-01-27 01:47:33,27387101951,13,唯一能相信的只有自己,mygo,575884077
银河战舰，启动！,1058.947,5,16777215,2026-01-27 01:01:41,27387101951,13,唯一能相信的只有自己,mygo,575884077
对哦，初华就坐在taki的后后面,648.469,5,16777215,2026-01-25 23:32:35,27387101951,13,唯一能相信的只有自己,mygo,575884077
好大的豪斯,41.052,5,16777215,2026-01-25 04:39:29,27387101951,13,唯一能相信的只有自己,mygo,575884077
你凶她干啥！,58.133,1,16777215,2026-01-24 18:04:00,27387101951,13,唯一能相信的只有自己,mygo,575884077
难绷假面,827.944,1,16777215,2026-01-23 14:01:38,27387101951,13,唯一能相信的只有自己,mygo,575884077
2026/1/22,159.721,1,16777215,2026-01-22 10:22:17,27387101951,13,唯一能相信的只有自己,mygo,575884077
2026/1/21！,156.773,1,16777215,2026-01-21 11:57:42,27387101951,13,唯一能相信的只有自己,mygo,575884077
2026/1/20,150.283,1,16777215,2026-01-20 01:28:26,27387101951,13,唯一能相信的只有自己,mygo,575884077
老师：不定积分记得+c啊喂！,212.986,5,16777215,2026-01-20 00:15:21,27387101951,13,唯一能相信的只有自己,mygo,575884077
2026/1/19,152.964,1,16777215,2026-01-19 23:52:49,27387101951,13,唯一能相信的只有自己,mygo,575884077
2026/1/19,152.304,1,16777215,2026-01-19 19:58:43,27387101951,13,唯一能相信的只有自己,mygo,575884077
soyo：天呐，这唱的简直就是我,339.559,1,16755202,2026-01-17 15:57:44,27387101951,13,唯一能相信的只有自己,mygo,575884077
2026/1/17,156.697,1,16777215,2026-01-17 14:49:07,27387101951,13,唯一能相信的只有自己,mygo,575884077
Soyo已经把将来大家住哪个养老院都想好了,235.005,5,16777215,2026-01-16 02:20:18,27387101951,13,唯一能相信的只有自己,mygo,575884077
嘉豪乐队,845.5,1,16777215,2026-01-16 01:57:38,27387101951,13,唯一能相信的只有自己,mygo,575884077
《微 元 法》,213.343,5,16777215,2026-01-15 14:25:51,27387101951,13,唯一能相信的只有自己,mygo,575884077
完结撒花，感谢陪伴。,1403.265,5,16777215,2026-01-14 23:08:40,27387101951,13,唯一能相信的只有自己,mygo,575884077
一直唱下去吧,118.949,5,16777215,2026-01-14 01:35:14,27387101951,13,唯一能相信的只有自己,mygo,575884077
我的表情和睦头人一模一样,963.284,5,16777215,2026-01-13 22:10:53,27387101951,13,唯一能相信的只有自己,mygo,575884077
依旧传奇质检员,50.656,5,9487136,2026-01-13 21:01:13,27387101951,13,唯一能相信的只有自己,mygo,575884077
2026年1月12日,148.257,1,16777215,2026-01-12 16:51:01,27387101951,13,唯一能相信的只有自己,mygo,575884077
26/1/11,162.083,1,16777215,2026-01-11 14:27:17,27387101951,13,唯一能相信的只有自己,mygo,575884077
26年1月11日,122.221,5,16777215,2026-01-11 13:52:44,27387101951,13,唯一能相信的只有自己,mygo,575884077
26年1月11,126.636,1,16777215,2026-01-11 06:12:38,27387101951,13,唯一能相信的只有自己,mygo,575884077
2026/1/10,140.831,1,16777215,2026-01-10 20:48:15,27387101951,13,唯一能相信的只有自己,mygo,575884077
谁先坏掉还不一定呢,53.746,5,15138834,2026-01-09 23:48:38,27387101951,13,唯一能相信的只有自己,mygo,575884077
2026/01/09,156.941,5,16777215,2026-01-09 16:10:26,27387101951,13,唯一能相信的只有自己,mygo,575884077
等着回旋吧 ,64.348,5,16777215,2026-01-07 19:54:43,27387101951,13,唯一能相信的只有自己,mygo,575884077
26/1/6,153.063,5,16777215,2026-01-06 22:07:47,27387101951,13,唯一能相信的只有自己,mygo,575884077
有点像梦剧院,1289.81,1,16777215,2026-01-06 13:48:42,27387101951,13,唯一能相信的只有自己,mygo,575884077
2026/1/3,170.112,1,16777215,2026-01-03 04:08:31,27387101951,13,唯一能相信的只有自己,mygo,575884077
26/1/1,154.108,1,16777215,2026-01-02 21:11:24,27387101951,13,唯一能相信的只有自己,mygo,575884077
立希，你输麻了,545.709,1,16777215,2026-01-02 16:18:06,27387101951,13,唯一能相信的只有自己,mygo,575884077
2026/01/02,149.117,1,16777215,2026-01-02 13:20:34,27387101951,13,唯一能相信的只有自己,mygo,575884077
完结撒花，感谢陪伴,4.338,5,41194,2026-01-01 22:51:16,27387101951,13,唯一能相信的只有自己,mygo,575884077
2026/1/1,111.889,1,16777215,2026-01-01 20:48:46,27387101951,13,唯一能相信的只有自己,mygo,575884077
完结撒花,28.679,1,16777215,2026-01-01 20:36:26,27387101951,13,唯一能相信的只有自己,mygo,575884077
2026/01/01,143.283,1,16777215,2026-01-01 20:33:43,27387101951,13,唯一能相信的只有自己,mygo,575884077
2026/1/1,155.243,1,16777215,2026-01-01 14:09:10,27387101951,13,唯一能相信的只有自己,mygo,575884077
26/1/1,148.208,1,16777215,2026-01-01 12:03:45,27387101951,13,唯一能相信的只有自己,mygo,575884077
其实……设定上睦比祥大,898.931,1,16777215,2025-12-31 14:47:49,27387101951,13,唯一能相信的只有自己,mygo,575884077
祝 Ma Go!!!!!五人青春永驻！,240.756,1,16777215,2025-12-29 22:08:13,27387101951,13,唯一能相信的只有自己,mygo,575884077
2025/12/28,138.577,1,16777215,2025-12-28 21:51:20,27387101951,13,唯一能相信的只有自己,mygo,575884077
完结撒花！2025/12/28,136.501,1,16777215,2025-12-28 13:11:57,27387101951,13,唯一能相信的只有自己,mygo,575884077
世界名画：《立希在打工》,545.132,5,16777215,2025-12-22 01:20:47,27387101951,13,唯一能相信的只有自己,mygo,575884077
虽然但是，谁会自己点迟到早退呀,15.545,5,16777215,2025-12-22 00:07:34,27387101951,13,唯一能相信的只有自己,mygo,575884077
哈气了,57.726,1,16777215,2025-12-21 01:12:42,27387101951,13,唯一能相信的只有自己,mygo,575884077
25/12/20,133.524,1,16777215,2025-12-20 16:01:47,27387101951,13,唯一能相信的只有自己,mygo,575884077
2025/12/20,134.805,1,16777215,2025-12-20 00:06:12,27387101951,13,唯一能相信的只有自己,mygo,575884077
25年12月,126.247,1,16777215,2025-12-20 00:05:47,27387101951,13,唯一能相信的只有自己,mygo,575884077
中二乐队,947.04,1,16777215,2025-12-19 14:10:19,27387101951,13,唯一能相信的只有自己,mygo,575884077
2025/12/19,157.786,1,41194,2025-12-19 05:53:47,27387101951,13,唯一能相信的只有自己,mygo,575884077
25/12/18,149.306,1,16777215,2025-12-18 19:36:18,27387101951,13,唯一能相信的只有自己,mygo,575884077
圣爱音发现重量级天体一向可以的,588.744,5,16777215,2025-12-16 17:17:01,27387101951,13,唯一能相信的只有自己,mygo,575884077
我，无卫泣曰,1081.885,5,16777215,2025-12-14 00:16:01,27387101951,13,唯一能相信的只有自己,mygo,575884077
嘉豪乐队,884.739,1,16777215,2025-12-13 21:12:19,27387101951,13,唯一能相信的只有自己,mygo,575884077
25/12/13,134.551,1,16777215,2025-12-13 15:46:45,27387101951,13,唯一能相信的只有自己,mygo,575884077
完结撒花,16.34,1,16777215,2025-12-13 15:43:55,27387101951,13,唯一能相信的只有自己,mygo,575884077
真是高高在上呢亲,7.141,1,16777215,2025-12-12 02:30:01,27387101951,13,唯一能相信的只有自己,mygo,575884077
糟糕的台词,53.131,5,16777215,2025-12-12 00:41:05,27387101951,13,唯一能相信的只有自己,mygo,575884077
我去，月光3,400.176,1,16777215,2025-12-11 23:01:08,27387101951,13,唯一能相信的只有自己,mygo,575884077
唉，大祥都是在背后夸别人的,300.046,5,16646914,2025-12-10 13:52:41,27387101951,13,唯一能相信的只有自己,mygo,575884077
25/12/9,129.732,1,16777215,2025-12-09 22:08:57,27387101951,13,唯一能相信的只有自己,mygo,575884077
团长，车已经准备好了,1363.374,5,16777215,2025-12-09 00:32:50,27387101951,13,唯一能相信的只有自己,mygo,575884077
我真的要被帅死了怎么这么帅怎么这么帅…,1102.399,1,16777215,2025-12-08 21:33:02,27387101951,13,唯一能相信的只有自己,mygo,575884077
嘉豪,846.126,1,16777215,2025-12-07 20:55:16,27387101951,13,唯一能相信的只有自己,mygo,575884077
完结撒花（25/12/4）,1408.123,1,15138835,2025-12-04 19:33:53,27387101951,13,唯一能相信的只有自己,mygo,575884077
母鸡卡居然在我生日演出（）,695.686,5,16777215,2025-12-04 16:40:56,27387101951,13,唯一能相信的只有自己,mygo,575884077
初华大人！！！,1085.608,1,16777215,2025-12-03 22:12:17,27387101951,13,唯一能相信的只有自己,mygo,575884077
呜呜呜呜宝宝,352.119,1,16777215,2025-12-03 21:59:47,27387101951,13,唯一能相信的只有自己,mygo,575884077
睦头人一直很清醒但是表达能力有限,59.384,1,16777215,2025-12-01 21:01:18,27387101951,13,唯一能相信的只有自己,mygo,575884077
25/12/1,159.131,1,16777215,2025-12-01 20:37:55,27387101951,13,唯一能相信的只有自己,mygo,575884077
边演边唱是吗？好好好,901.335,5,16777215,2025-12-01 00:10:38,27387101951,13,唯一能相信的只有自己,mygo,575884077
2025/11/30,163.985,1,16777215,2025-11-30 21:11:10,27387101951,13,唯一能相信的只有自己,mygo,575884077
你咋还在拧巴啊,374.355,1,16777215,2025-11-30 15:23:09,27387101951,13,唯一能相信的只有自己,mygo,575884077
母鸡卡见,2.745,5,16777215,2025-11-29 21:07:25,27387101951,13,唯一能相信的只有自己,mygo,575884077
等一下，桌子呢？,1060.718,1,16777215,2025-11-28 13:20:49,27387101951,13,唯一能相信的只有自己,mygo,575884077
抢银行还是上台？,849.341,1,16777215,2025-11-25 16:02:48,27387101951,13,唯一能相信的只有自己,mygo,575884077
难绷的假面,832.086,1,16777215,2025-11-24 11:08:45,27387101951,13,唯一能相信的只有自己,mygo,575884077
你有什么资格还组队啊？,55.68,1,16777215,2025-11-23 23:19:48,27387101951,13,唯一能相信的只有自己,mygo,575884077
所以说这算是反派吗。。,1247.066,1,16777215,2025-11-23 21:54:49,27387101951,13,唯一能相信的只有自己,mygo,575884077
2025/11/23,152.326,1,16777215,2025-11-23 11:25:56,27387101951,13,唯一能相信的只有自己,mygo,575884077
这是一场试炼,66.722,5,16646914,2025-11-22 14:48:09,27387101951,13,唯一能相信的只有自己,mygo,575884077
波奇酱,483.789,1,16777215,2025-11-21 00:35:31,27387101951,13,唯一能相信的只有自己,mygo,575884077
2025/11/21,131.177,1,16777215,2025-11-21 00:15:59,27387101951,13,唯一能相信的只有自己,mygo,575884077
没有人类了,1074.145,1,16777215,2025-11-20 12:19:58,27387101951,13,唯一能相信的只有自己,mygo,575884077
甜甜甜,490.514,1,13369971,2025-11-16 13:59:57,27387101951,13,唯一能相信的只有自己,mygo,575884077
祥子的音乐真有品,1184.802,1,16777215,2025-11-16 00:39:24,27387101951,13,唯一能相信的只有自己,mygo,575884077
难绷的假面,829.564,1,16777215,2025-11-14 22:49:25,27387101951,13,唯一能相信的只有自己,mygo,575884077
莫提斯孕育中,53.755,1,16777215,2025-11-14 20:47:05,27387101951,13,唯一能相信的只有自己,mygo,575884077
大祥老师真的很美,1235.26,1,16777215,2025-11-14 00:28:46,27387101951,13,唯一能相信的只有自己,mygo,575884077
献出心脏,1177.07,1,16777215,2025-11-11 12:51:09,27387101951,13,唯一能相信的只有自己,mygo,575884077
全都不会弹！！！！,35.387,1,16777215,2025-11-11 01:50:06,27387101951,13,唯一能相信的只有自己,mygo,575884077
完结撒花，感谢陪伴,4.657,1,16777215,2025-11-09 11:59:33,27387101951,13,唯一能相信的只有自己,mygo,575884077
沈默の弦杀と死湖に咲く白蔷薇！若叶睦です,1343.432,5,9487136,2025-11-09 00:53:28,27387101951,13,唯一能相信的只有自己,mygo,575884077
头好痛，这是我的艺考曲啊啊啊啊！！！,400.422,1,16777215,2025-11-08 22:09:15,27387101951,13,唯一能相信的只有自己,mygo,575884077
好感度大幅下降,57.203,1,16777215,2025-11-07 14:24:30,27387101951,13,唯一能相信的只有自己,mygo,575884077
完结撒花，感谢陪伴！,1.691,1,41194,2025-11-06 20:46:56,27387101951,13,唯一能相信的只有自己,mygo,575884077
她们都是职业选手,1336.391,1,16777215,2025-11-06 20:40:02,27387101951,13,唯一能相信的只有自己,mygo,575884077
完结撒花，感谢陪伴,1416.091,5,16646914,2025-11-05 12:39:56,27387101951,13,唯一能相信的只有自己,mygo,575884077
活泼版高松灯,765.287,5,16777215,2025-11-05 04:49:47,27387101951,13,唯一能相信的只有自己,mygo,575884077
完结撒花！！！,3.513,1,16777215,2025-11-03 21:06:05,27387101951,13,唯一能相信的只有自己,mygo,575884077
咕咕嘎嘎,471.549,5,16777215,2025-11-02 22:22:51,27387101951,13,唯一能相信的只有自己,mygo,575884077
海铃好阔耐,692.364,1,16777215,2025-11-02 22:02:54,27387101951,13,唯一能相信的只有自己,mygo,575884077
《听话可爱的小猫》,138.405,1,9487136,2025-11-01 11:50:52,27387101951,13,唯一能相信的只有自己,mygo,575884077
fever！,1130.458,5,16777215,2025-11-01 07:50:07,27387101951,13,唯一能相信的只有自己,mygo,575884077
企鹅视角,542.641,5,16777215,2025-10-31 20:14:13,27387101951,13,唯一能相信的只有自己,mygo,575884077
不准凶睦,57.42,1,16777215,2025-10-27 21:50:31,27387101951,13,唯一能相信的只有自己,mygo,575884077
还就那个保密协定,766.286,1,16646914,2025-10-25 11:48:12,27387101951,13,唯一能相信的只有自己,mygo,575884077
完结撒花，感谢陪伴！,24.074,5,16777215,2025-10-24 12:39:48,27387101951,13,唯一能相信的只有自己,mygo,575884077
客服小祥,7.34,5,16777215,2025-10-21 22:01:15,27387101951,13,唯一能相信的只有自己,mygo,575884077
完结撒花，感谢陪伴！！,2.68,1,16777215,2025-10-19 11:10:48,27387101951,13,唯一能相信的只有自己,mygo,575884077
2025/10/19,153.682,1,16777215,2025-10-19 00:54:02,27387101951,13,唯一能相信的只有自己,mygo,575884077
太帅了吧这！！！！,1255.989,1,16777215,2025-10-18 11:51:35,27387101951,13,唯一能相信的只有自己,mygo,575884077
银河战舰的轰鸣,1136.189,1,16777215,2025-10-18 11:49:18,27387101951,13,唯一能相信的只有自己,mygo,575884077
25/10/20,130.708,1,16777215,2025-10-18 08:43:18,27387101951,13,唯一能相信的只有自己,mygo,575884077
小祥自尊心极强，是不愿意让自己的好朋友戳破自己的悲惨现状的,58.077,5,7838156,2025-10-14 16:17:35,27387101951,13,唯一能相信的只有自己,mygo,575884077
睦头从来都是信任小祥的,42.547,5,7838156,2025-10-14 16:16:50,27387101951,13,唯一能相信的只有自己,mygo,575884077
苹果机扫安卓机,634.907,5,16777215,2025-10-13 21:44:00,27387101951,13,唯一能相信的只有自己,mygo,575884077
完结撒花，感谢陪伴,37.936,1,16777215,2025-10-13 18:37:17,27387101951,13,唯一能相信的只有自己,mygo,575884077
a队王朝了,1130.511,1,15138834,2025-10-11 23:24:58,27387101951,13,唯一能相信的只有自己,mygo,575884077
出道即巅峰,712.294,1,16777215,2025-10-11 22:38:53,27387101951,13,唯一能相信的只有自己,mygo,575884077
我已经在研究林肯公园和梦龙了,1124.882,5,16777215,2025-10-10 08:55:44,27387101951,13,唯一能相信的只有自己,mygo,575884077
RAS：“我与我是共犯者~”,851.644,1,16777215,2025-10-10 00:19:05,27387101951,13,唯一能相信的只有自己,mygo,575884077
我靠太强了，降维打击真的,1344.041,1,16777215,2025-10-09 19:36:09,27387101951,13,唯一能相信的只有自己,mygo,575884077
细嗦，时间管够,9.729,1,16777215,2025-10-08 02:25:22,27387101951,13,唯一能相信的只有自己,mygo,575884077
fever要来力,1247.081,1,16777215,2025-10-08 00:07:05,27387101951,13,唯一能相信的只有自己,mygo,575884077
爱琴の声,417.232,5,41194,2025-10-07 22:31:39,27387101951,13,唯一能相信的只有自己,mygo,575884077
25年 10/7,123.797,4,14811775,2025-10-07 20:54:58,27387101951,13,唯一能相信的只有自己,mygo,575884077
25/10/7,128.001,1,16777215,2025-10-07 20:03:57,27387101951,13,唯一能相信的只有自己,mygo,575884077
完结撒花，感谢陪伴！,0.055,5,14811775,2025-10-07 00:05:13,27387101951,13,唯一能相信的只有自己,mygo,575884077
四大名著最后一集,155.251,1,16777215,2025-10-06 16:27:03,27387101951,13,唯一能相信的只有自己,mygo,575884077
满分答案,373.761,5,16777215,2025-10-05 21:07:31,27387101951,13,唯一能相信的只有自己,mygo,575884077
完结撒花,0.0,5,16777215,2025-10-05 12:31:31,27387101951,13,唯一能相信的只有自己,mygo,575884077
喵梦打鼓课哪报的分享下,1194.634,5,14811775,2025-10-04 14:03:25,27387101951,13,唯一能相信的只有自己,mygo,575884077
感觉这个歌词可以连接到初华的故事,875.469,1,16777215,2025-10-03 14:30:18,27387101951,13,唯一能相信的只有自己,mygo,575884077
完结撒花！感谢陪伴,3.673,5,13369971,2025-10-02 01:52:54,27387101951,13,唯一能相信的只有自己,mygo,575884077
25/10/2,161.87,1,16777215,2025-10-02 01:37:39,27387101951,13,唯一能相信的只有自己,mygo,575884077
25/10/1,154.317,1,16777215,2025-10-01 03:40:37,27387101951,13,唯一能相信的只有自己,mygo,575884077
此时，人们还认为母鸡卡赢定了,1113.12,1,16777215,2025-09-29 23:33:57,27387101951,13,唯一能相信的只有自己,mygo,575884077
骆驼祥子,9.106,5,16777215,2025-09-29 09:29:09,27387101951,13,唯一能相信的只有自己,mygo,575884077
25/9/26,143.616,1,16777215,2025-09-28 18:27:27,27387101951,13,唯一能相信的只有自己,mygo,575884077
我靠我堂姐加海玲，原来这个名字这么日系(狗头),687.248,1,15138834,2025-09-28 02:53:27,27387101951,13,唯一能相信的只有自己,mygo,575884077
soyo桑好美！,294.332,1,16777215,2025-09-28 01:15:56,27387101951,13,唯一能相信的只有自己,mygo,575884077
完结撒花，感谢陪伴,3.888,1,16777215,2025-09-27 16:57:23,27387101951,13,唯一能相信的只有自己,mygo,575884077
这里轻轻摇头真的好帅啊...,1239.036,5,16777215,2025-09-27 14:42:16,27387101951,13,唯一能相信的只有自己,mygo,575884077
银河战舰恐怖如斯,1320.217,1,16777215,2025-09-27 14:11:23,27387101951,13,唯一能相信的只有自己,mygo,575884077
fever,1106.015,1,16777215,2025-09-27 00:52:14,27387101951,13,唯一能相信的只有自己,mygo,575884077
"客服""小祥""即将为您服务，请稍等",10.786,1,16777215,2025-09-25 01:54:33,27387101951,13,唯一能相信的只有自己,mygo,575884077
完结撒花，感谢陪伴！,0.595,1,16777215,2025-09-23 21:11:18,27387101951,13,唯一能相信的只有自己,mygo,575884077
这live昏暗的灯光确实是很日本,1253.679,1,16777215,2025-09-22 22:35:40,27387101951,13,唯一能相信的只有自己,mygo,575884077
致敬传奇偶像白鹭千圣,1380.235,5,16707842,2025-09-21 21:57:34,27387101951,13,唯一能相信的只有自己,mygo,575884077
小孤独？,485.927,1,16777215,2025-09-21 00:39:00,27387101951,13,唯一能相信的只有自己,mygo,575884077
龙骑对话,49.146,1,16777215,2025-09-20 17:40:44,27387101951,13,唯一能相信的只有自己,mygo,575884077
2025/9/20,154.568,5,16777215,2025-09-20 14:15:59,27387101951,13,唯一能相信的只有自己,mygo,575884077
真装，到底是谁最喜欢高高在上呢,56.791,1,16777215,2025-09-20 12:19:09,27387101951,13,唯一能相信的只有自己,mygo,575884077
2025/9/20,156.38,1,16777215,2025-09-20 10:36:33,27387101951,13,唯一能相信的只有自己,mygo,575884077
爱灯99,539.371,1,15138834,2025-09-20 00:13:14,27387101951,13,唯一能相信的只有自己,mygo,575884077
爱灯99,538.688,1,14811775,2025-09-20 00:12:56,27387101951,13,唯一能相信的只有自己,mygo,575884077
爱灯99,540.267,1,16777215,2025-09-20 00:12:13,27387101951,13,唯一能相信的只有自己,mygo,575884077
爱灯就是最棒的！,505.92,5,15138834,2025-09-20 00:10:47,27387101951,13,唯一能相信的只有自己,mygo,575884077
爱灯99,481.131,5,14811775,2025-09-20 00:10:03,27387101951,13,唯一能相信的只有自己,mygo,575884077
爱灯圣地,468.373,1,14811775,2025-09-20 00:09:25,27387101951,13,唯一能相信的只有自己,mygo,575884077
所以爱音要是有mujica的代号的话是不是叫无畏契约,515.328,1,16777215,2025-09-19 18:57:52,27387101951,13,唯一能相信的只有自己,mygo,575884077
2025/9/18,135.64,1,16777215,2025-09-18 19:28:33,27387101951,13,唯一能相信的只有自己,mygo,575884077
原来海玲在这会就已经展示搞笑力了,805.347,5,16777215,2025-09-18 18:02:20,27387101951,13,唯一能相信的只有自己,mygo,575884077
其实是迈巴赫到站了,1384.71,1,16777215,2025-09-18 12:55:04,27387101951,13,唯一能相信的只有自己,mygo,575884077
soyo停止了思考,347.241,1,16777215,2025-09-18 00:30:33,27387101951,13,唯一能相信的只有自己,mygo,575884077
开口跪，初华大人啊啊啊啊,1140.802,1,16707842,2025-09-17 02:48:19,27387101951,13,唯一能相信的只有自己,mygo,575884077
难蚌的假面,839.416,1,16777215,2025-09-16 12:37:47,27387101951,13,唯一能相信的只有自己,mygo,575884077
25/9/16,145.852,1,16777215,2025-09-16 12:03:20,27387101951,13,唯一能相信的只有自己,mygo,575884077
我的天呐，初华大人,552.465,1,16777215,2025-09-16 02:12:14,27387101951,13,唯一能相信的只有自己,mygo,575884077
就是要狠狠地高高在上，穷穷小祥,54.891,5,16707842,2025-09-16 02:11:57,27387101951,13,唯一能相信的只有自己,mygo,575884077
银河战舰的轰鸣声,1092.972,1,16777215,2025-09-15 17:06:17,27387101951,13,唯一能相信的只有自己,mygo,575884077
初华音色我爱了,1149.991,1,16646914,2025-09-15 09:10:07,27387101951,13,唯一能相信的只有自己,mygo,575884077
2025/9/15,146.005,1,16777215,2025-09-14 23:00:20,27387101951,13,唯一能相信的只有自己,mygo,575884077
AAA客服小祥为您服务,9.916,1,16777215,2025-09-14 18:32:06,27387101951,13,唯一能相信的只有自己,mygo,575884077
4点就能下班？,17.184,1,16777215,2025-09-14 13:31:20,27387101951,13,唯一能相信的只有自己,mygo,575884077
我，无畏契约,1085.574,5,16777215,2025-09-14 01:12:29,27387101951,13,唯一能相信的只有自己,mygo,575884077
海玲：你想让我面朝大海是吧,799.036,5,16777215,2025-09-14 01:03:03,27387101951,13,唯一能相信的只有自己,mygo,575884077
soyo：天呐那简直就是我,318.64,5,9487136,2025-09-14 00:52:25,27387101951,13,唯一能相信的只有自己,mygo,575884077
健康常胜！,232.453,5,41194,2025-09-14 00:49:43,27387101951,13,唯一能相信的只有自己,mygo,575884077
出现了，是客服祥,6.07,1,16777215,2025-09-14 00:47:50,27387101951,13,唯一能相信的只有自己,mygo,575884077
好，我入！,41.125,5,38979,2025-09-14 00:43:33,27387101951,13,唯一能相信的只有自己,mygo,575884077
客服小祥为您服务,7.62,5,41194,2025-09-14 00:42:10,27387101951,13,唯一能相信的只有自己,mygo,575884077
2025年9月12日，完结撒花！！！！！,125.675,5,16777215,2025-09-13 21:54:41,27387101951,13,唯一能相信的只有自己,mygo,575884077
太崇拜祥子了，即使祥子话说的难听，最后还是以祥子的话为准,336.057,1,16777215,2025-09-12 13:59:36,27387101951,13,唯一能相信的只有自己,mygo,575884077
烟花易逝，人情长存～,222.924,1,15138834,2025-09-10 23:53:23,27387101951,13,唯一能相信的只有自己,mygo,575884077
距离解散还有四集,1147.493,1,15138834,2025-09-09 18:37:35,27387101951,13,唯一能相信的只有自己,mygo,575884077
两个人的意思就是，我喜欢你,492.46,1,16777215,2025-09-09 11:04:49,27387101951,13,唯一能相信的只有自己,mygo,575884077
完结撒花,5.4,1,16777215,2025-09-09 01:14:10,27387101951,13,唯一能相信的只有自己,mygo,575884077
这假面太奇葩了吧,844.392,1,16777215,2025-09-08 21:00:10,27387101951,13,唯一能相信的只有自己,mygo,575884077
不好，月光女王出逃了,398.365,1,16777215,2025-09-08 20:20:45,27387101951,13,唯一能相信的只有自己,mygo,575884077
好听的！,1191.993,1,16777215,2025-09-08 11:15:23,27387101951,13,唯一能相信的只有自己,mygo,575884077
银河战舰的轰鸣,1112.178,1,16777215,2025-09-08 11:13:58,27387101951,13,唯一能相信的只有自己,mygo,575884077
哈？,434.497,1,16777215,2025-09-08 11:02:22,27387101951,13,唯一能相信的只有自己,mygo,575884077
星月同盟！,1346.349,1,52480,2025-09-08 01:08:23,27387101951,13,唯一能相信的只有自己,mygo,575884077
波奇酱,492.357,1,16777215,2025-09-08 00:34:24,27387101951,13,唯一能相信的只有自己,mygo,575884077
完结撒花，感谢陪伴!!!!!,7.829,5,16777215,2025-09-08 00:33:39,27387101951,13,唯一能相信的只有自己,mygo,575884077
粥联动来补番,1046.323,1,16777215,2025-09-07 19:49:39,27387101951,13,唯一能相信的只有自己,mygo,575884077
我去 帅疯了啊啊啊啊啊,1100.077,1,16777215,2025-09-07 16:16:19,27387101951,13,唯一能相信的只有自己,mygo,575884077
我了个初华大人,1286.881,5,16777215,2025-09-06 21:32:08,27387101951,13,唯一能相信的只有自己,mygo,575884077
初华好伟大的一张脸,1087.628,1,16777215,2025-09-06 15:25:40,27387101951,13,唯一能相信的只有自己,mygo,575884077
有年卡就是好呀。,465.257,1,16777215,2025-09-06 14:48:36,27387101951,13,唯一能相信的只有自己,mygo,575884077
太帅了！,1185.38,5,16777215,2025-09-06 04:02:23,27387101951,13,唯一能相信的只有自己,mygo,575884077
完结撒花，感谢陪伴！,4.727,1,16777215,2025-09-05 23:52:29,27387101951,13,唯一能相信的只有自己,mygo,575884077
四月是你的谎言,401.891,1,16777215,2025-09-05 23:01:15,27387101951,13,唯一能相信的只有自己,mygo,575884077
投祥了,1160.126,1,16777215,2025-09-05 22:10:46,27387101951,13,唯一能相信的只有自己,mygo,575884077
祝各位健康长胜,244.172,5,16707842,2025-09-05 00:19:39,27387101951,13,唯一能相信的只有自己,mygo,575884077
祥子,799.585,1,16777215,2025-09-04 23:46:43,27387101951,13,唯一能相信的只有自己,mygo,575884077
喵梦好高啊,761.867,5,9487136,2025-09-04 20:21:03,27387101951,13,唯一能相信的只有自己,mygo,575884077
客服祥子,8.018,1,41194,2025-09-04 20:02:00,27387101951,13,唯一能相信的只有自己,mygo,575884077
咕咕嘎嘎！,464.563,5,16777215,2025-09-04 07:11:11,27387101951,13,唯一能相信的只有自己,mygo,575884077
没有人类力,943.004,1,16777215,2025-09-03 19:36:46,27387101951,13,唯一能相信的只有自己,mygo,575884077
难绷的假面,858.863,1,16777215,2025-09-02 23:39:05,27387101951,13,唯一能相信的只有自己,mygo,575884077
不是她们在说啥呢那我咋听不懂,1020.622,1,16707842,2025-09-02 17:26:23,27387101951,13,唯一能相信的只有自己,mygo,575884077
客服小祥,5.414,1,16777215,2025-09-01 20:36:15,27387101951,13,唯一能相信的只有自己,mygo,575884077
25/9/1,141.34,1,16777215,2025-09-01 03:52:08,27387101951,13,唯一能相信的只有自己,mygo,575884077
嘉豪mujica,848.429,5,16777215,2025-09-01 03:27:54,27387101951,13,唯一能相信的只有自己,mygo,575884077
要上夜班了呜呜呜,1389.591,1,16777215,2025-09-01 00:46:45,27387101951,13,唯一能相信的只有自己,mygo,575884077
这个表情的爱音好好看,582.421,5,14811775,2025-08-31 22:45:53,27387101951,13,唯一能相信的只有自己,mygo,575884077
心脏撒撒给哟！,854.633,1,15138834,2025-08-31 15:43:21,27387101951,13,唯一能相信的只有自己,mygo,575884077
25/8/31,157.601,1,16777215,2025-08-31 10:55:59,27387101951,13,唯一能相信的只有自己,mygo,575884077
爱音也会伏魔御厨子,587.495,4,16777215,2025-08-31 08:46:37,27387101951,13,唯一能相信的只有自己,mygo,575884077
完结撒花，感谢陪伴,11.436,5,16777215,2025-08-31 03:13:09,27387101951,13,唯一能相信的只有自己,mygo,575884077
25年8月30号,123.881,1,16777215,2025-08-30 15:11:29,27387101951,13,唯一能相信的只有自己,mygo,575884077
哈？？,267.033,1,16777215,2025-08-30 14:39:08,27387101951,13,唯一能相信的只有自己,mygo,575884077
初见端倪,742.9,5,16646914,2025-08-30 14:30:45,27387101951,13,唯一能相信的只有自己,mygo,575884077
祥子●▛▙祥子●▛▙祥子●▛▙祥子●▛▙祥子●▛▙祥子●▛▙,601.762,1,16777215,2025-08-30 13:00:06,27387101951,13,唯一能相信的只有自己,mygo,575884077
完结撒花,1.496,5,16777215,2025-08-30 04:40:42,27387101951,13,唯一能相信的只有自己,mygo,575884077
真成《骆驼祥子》了,34.885,1,38979,2025-08-30 03:09:41,27387101951,13,唯一能相信的只有自己,mygo,575884077
祥子成压力怪了        每个乐队都有自己的压力怪,1387.362,1,16646914,2025-08-30 00:20:36,27387101951,13,唯一能相信的只有自己,mygo,575884077
25/8/29,143.808,1,16777215,2025-08-29 04:45:06,27387101951,13,唯一能相信的只有自己,mygo,575884077
祝高松灯司令官，健康常胜！,197.962,5,38979,2025-08-28 11:51:39,27387101951,13,唯一能相信的只有自己,mygo,575884077
25/8/28,127.483,1,16777215,2025-08-28 00:15:24,27387101951,13,唯一能相信的只有自己,mygo,575884077
旺仔小乔,836.951,1,16777215,2025-08-27 23:56:35,27387101951,13,唯一能相信的只有自己,mygo,575884077
还带剧情的？,894.024,1,16777215,2025-08-27 18:22:32,27387101951,13,唯一能相信的只有自己,mygo,575884077
前面的，祥老师不是roselia的粉丝，大祥是morfonica的粉丝,1202.116,1,16777215,2025-08-27 17:54:56,27387101951,13,唯一能相信的只有自己,mygo,575884077
25/8/27,146.517,5,16777215,2025-08-27 17:38:34,27387101951,13,唯一能相信的只有自己,mygo,575884077
2025/8/27,153.945,1,16777215,2025-08-27 10:33:08,27387101951,13,唯一能相信的只有自己,mygo,575884077
是你吗？波奇？,486.374,5,16777215,2025-08-27 09:02:03,27387101951,13,唯一能相信的只有自己,mygo,575884077
这两个人的意思呢，就是你喜欢我，我喜欢你,542.666,1,16777215,2025-08-26 19:09:28,27387101951,13,唯一能相信的只有自己,mygo,575884077
假面军团，全员虚化,827.048,5,16646914,2025-08-26 18:11:37,27387101951,13,唯一能相信的只有自己,mygo,575884077
心脏撒撒给呦,1178.063,1,16777215,2025-08-26 14:22:28,27387101951,13,唯一能相信的只有自己,mygo,575884077
soyo女士不装了，也不夹了，我还是喜欢你匡扶汉室。样子,237.347,1,16777215,2025-08-26 00:32:26,27387101951,13,唯一能相信的只有自己,mygo,575884077
大喵老师是我的嗯对,1246.311,5,14811775,2025-08-24 17:03:16,27387101951,13,唯一能相信的只有自己,mygo,575884077
滴水之恩应当涌泉相报（语文老师快夸我）,474.92,1,15138834,2025-08-23 21:31:04,27387101951,13,唯一能相信的只有自己,mygo,575884077
祝你幸福,435.24,1,38979,2025-08-23 21:29:31,27387101951,13,唯一能相信的只有自己,mygo,575884077
忠诚,191.844,1,16777215,2025-08-23 12:55:52,27387101951,13,唯一能相信的只有自己,mygo,575884077
现在的数值要打最终boss还太早了吧,457.713,1,16777215,2025-08-23 02:31:43,27387101951,13,唯一能相信的只有自己,mygo,575884077
右边这个假面我真绷不住了,890.477,1,16777215,2025-08-21 15:26:50,27387101951,13,唯一能相信的只有自己,mygo,575884077
银河战舰启动！,677.99,5,16777215,2025-08-21 01:20:21,27387101951,13,唯一能相信的只有自己,mygo,575884077
完结撒花,0.368,5,16777215,2025-08-21 00:46:43,27387101951,13,唯一能相信的只有自己,mygo,575884077
辉月姬大人,895.133,1,16777215,2025-08-20 16:34:59,27387101951,13,唯一能相信的只有自己,mygo,575884077
完结撒花 完结撒花 完结撒花 完结撒花 完结撒花,2.275,5,13369971,2025-08-19 23:32:13,27387101951,13,唯一能相信的只有自己,mygo,575884077
完结撒花 完结撒花 完结撒花 完结撒花 完结撒花 完结撒花 完结撒花 完结撒花 完结撒花,1417.404,5,13369971,2025-08-19 23:31:56,27387101951,13,唯一能相信的只有自己,mygo,575884077
完结撒花 完结撒花 完结撒花 完结撒花 完结撒花 完结撒花 完结撒花 完结撒花 完结撒花 完结撒花 完结撒花,1409.492,4,16777215,2025-08-19 23:31:33,27387101951,13,唯一能相信的只有自己,mygo,575884077
2025/8/19完结撒花,156.794,5,16777215,2025-08-19 19:33:21,27387101951,13,唯一能相信的只有自己,mygo,575884077
从未有如此美妙的开局，我都想不出母鸡卡怎么输（）,712.815,1,16777215,2025-08-18 22:12:46,27387101951,13,唯一能相信的只有自己,mygo,575884077
爱灯99,552.786,1,16777215,2025-08-17 21:43:42,27387101951,13,唯一能相信的只有自己,mygo,575884077
25/8/17,140.631,1,16777215,2025-08-17 00:23:05,27387101951,13,唯一能相信的只有自己,mygo,575884077
这歌感觉在1999听过,881.312,1,16777215,2025-08-16 21:21:09,27387101951,13,唯一能相信的只有自己,mygo,575884077
爱灯伟大无需多言,497.312,1,16777215,2025-08-16 21:13:36,27387101951,13,唯一能相信的只有自己,mygo,575884077
为啥是七弦吉他,792.666,4,41194,2025-08-16 12:47:21,27387101951,13,唯一能相信的只有自己,mygo,575884077
好温馨,166.044,1,16777215,2025-08-15 17:36:25,27387101951,13,唯一能相信的只有自己,mygo,575884077
25年8月,114.838,1,16777215,2025-08-15 14:43:29,27387101951,13,唯一能相信的只有自己,mygo,575884077
完结撒花2025/8/15,150.12,1,16777215,2025-08-15 02:16:48,27387101951,13,唯一能相信的只有自己,mygo,575884077
中二,933.932,4,16777215,2025-08-14 19:21:30,27387101951,13,唯一能相信的只有自己,mygo,575884077
特异人士,560.602,4,16777215,2025-08-14 19:14:26,27387101951,13,唯一能相信的只有自己,mygo,575884077
素世：今日方知我是我,344.047,5,9599289,2025-08-14 14:50:50,27387101951,13,唯一能相信的只有自己,mygo,575884077
今日方知我是我,341.915,1,9599289,2025-08-14 14:50:14,27387101951,13,唯一能相信的只有自己,mygo,575884077
初华：我主人不是你吗,1001.329,1,16777215,2025-08-14 00:43:53,27387101951,13,唯一能相信的只有自己,mygo,575884077
不要抢走我的小祥,671.254,1,16777215,2025-08-14 00:38:09,27387101951,13,唯一能相信的只有自己,mygo,575884077
也列娜fish,467.69,1,16777215,2025-08-13 22:47:05,27387101951,13,唯一能相信的只有自己,mygo,575884077
看到母鸡卡未来的我已经疯了,1111.585,1,16777215,2025-08-13 17:30:44,27387101951,13,唯一能相信的只有自己,mygo,575884077
完结撒花 感谢陪伴,5.21,1,16777215,2025-08-13 17:10:58,27387101951,13,唯一能相信的只有自己,mygo,575884077
amwc,18.678,1,16777215,2025-08-12 22:41:39,27387101951,13,唯一能相信的只有自己,mygo,575884077
完结撒花，感谢陪伴！！！！！,4.977,5,16777215,2025-08-12 21:27:14,27387101951,13,唯一能相信的只有自己,mygo,575884077
祥子是不是有点中二啊？,1087.82,1,41194,2025-08-12 19:03:32,27387101951,13,唯一能相信的只有自己,mygo,575884077
哈哈哈，难绷,836.421,1,14811775,2025-08-12 18:06:33,27387101951,13,唯一能相信的只有自己,mygo,575884077
25年8月12日,127.071,1,16777215,2025-08-12 17:30:12,27387101951,13,唯一能相信的只有自己,mygo,575884077
不能折指，不能折指，不能折指！不能砸琴！！！！,420.83,1,16777215,2025-08-12 13:53:26,27387101951,13,唯一能相信的只有自己,mygo,575884077
人类（,930.126,5,16777215,2025-08-12 13:28:53,27387101951,13,唯一能相信的只有自己,mygo,575884077
难绷的假面,841.689,5,16777215,2025-08-12 04:08:56,27387101951,13,唯一能相信的只有自己,mygo,575884077
完结撒花，感谢陪伴！！！,1411.816,1,16777215,2025-08-11 17:11:02,27387101951,13,唯一能相信的只有自己,mygo,575884077
完结撒花！！！,1409.029,1,16777215,2025-08-11 17:10:50,27387101951,13,唯一能相信的只有自己,mygo,575884077
完结撒花！！！,8.384,1,16777215,2025-08-11 16:25:02,27387101951,13,唯一能相信的只有自己,mygo,575884077
睦，不移动,1037.758,1,16777215,2025-08-11 13:51:10,27387101951,13,唯一能相信的只有自己,mygo,575884077
2025 ／8 ／9,135.858,1,16777215,2025-08-09 23:09:22,27387101951,13,唯一能相信的只有自己,mygo,575884077
太有数值啦,1335.636,5,16777215,2025-08-09 22:54:02,27387101951,13,唯一能相信的只有自己,mygo,575884077
我的天哪，初华大人,1084.852,5,16707842,2025-08-09 22:44:19,27387101951,13,唯一能相信的只有自己,mygo,575884077
完结撒花，感谢陪伴,11.05,1,16777215,2025-08-09 17:11:58,27387101951,13,唯一能相信的只有自己,mygo,575884077
完结撒网,8.183,1,16777215,2025-08-08 20:02:41,27387101951,13,唯一能相信的只有自己,mygo,575884077
二次元，很神奇吧,1065.095,1,16777215,2025-08-08 15:18:45,27387101951,13,唯一能相信的只有自己,mygo,575884077
2025/8/8,150.749,1,16777215,2025-08-08 02:28:06,27387101951,13,唯一能相信的只有自己,mygo,575884077
25年8月,119.379,1,16777215,2025-08-07 16:05:54,27387101951,13,唯一能相信的只有自己,mygo,575884077
完结撒花，感谢陪伴2025/8/7,0.0,1,15138834,2025-08-07 08:59:24,27387101951,13,唯一能相信的只有自己,mygo,575884077
阳光开朗的主唱,114.101,5,16707842,2025-08-05 21:11:53,27387101951,13,唯一能相信的只有自己,mygo,575884077
天呐，这唱的简直就是我！,326.67,1,16777215,2025-08-05 11:19:59,27387101951,13,唯一能相信的只有自己,mygo,575884077
要乐奈子,810.38,1,16777215,2025-08-05 02:40:24,27387101951,13,唯一能相信的只有自己,mygo,575884077
25/10/29,137.899,1,16777215,2025-08-04 17:54:27,27387101951,13,唯一能相信的只有自己,mygo,575884077
爱灯99,499.018,1,14811775,2025-08-04 15:47:33,27387101951,13,唯一能相信的只有自己,mygo,575884077
25.8.4,133.089,1,16777215,2025-08-04 15:35:23,27387101951,13,唯一能相信的只有自己,mygo,575884077
25/8/4,153.13,1,16777215,2025-08-04 13:38:02,27387101951,13,唯一能相信的只有自己,mygo,575884077
完结撒花,1414.562,1,16777215,2025-08-04 02:12:02,27387101951,13,唯一能相信的只有自己,mygo,575884077
2025/8/03,1410.023,1,16777215,2025-08-03 19:03:41,27387101951,13,唯一能相信的只有自己,mygo,575884077
祝你幸福。,447.037,1,16777215,2025-08-03 16:50:40,27387101951,13,唯一能相信的只有自己,mygo,575884077
25年8月,121.698,1,16777215,2025-08-03 09:56:26,27387101951,13,唯一能相信的只有自己,mygo,575884077
砸这两下速度明显抢拍了,398.39,1,16777215,2025-08-02 21:31:35,27387101951,13,唯一能相信的只有自己,mygo,575884077
胰岛局,899.372,1,16777215,2025-08-02 15:26:07,27387101951,13,唯一能相信的只有自己,mygo,575884077
25 8 1,148.921,1,41194,2025-08-01 18:57:34,27387101951,13,唯一能相信的只有自己,mygo,575884077
这个运镜幻视学级裁判,1005.774,1,16777215,2025-08-01 01:11:21,27387101951,13,唯一能相信的只有自己,mygo,575884077
这个睦好诡异,890.744,5,16777215,2025-07-31 23:30:37,27387101951,13,唯一能相信的只有自己,mygo,575884077
好想成为人类啊,929.566,1,16777215,2025-07-31 23:17:54,27387101951,13,唯一能相信的只有自己,mygo,575884077
soyo停止了思考,349.316,5,16777215,2025-07-31 01:20:28,27387101951,13,唯一能相信的只有自己,mygo,575884077
一想到母鸡卡里的初华就想笑,593.085,1,16777215,2025-07-30 14:39:39,27387101951,13,唯一能相信的只有自己,mygo,575884077
金属党有福了,1125.709,5,8700107,2025-07-28 23:02:54,27387101951,13,唯一能相信的只有自己,mygo,575884077
你干什么！睦头在关心你啊混蛋祥子,56.535,5,8700107,2025-07-28 22:42:33,27387101951,13,唯一能相信的只有自己,mygo,575884077
但是温柔就是你最真实的你啊，soyolin,345.729,1,15772458,2025-07-28 19:02:52,27387101951,13,唯一能相信的只有自己,mygo,575884077
mmk,566.724,1,16777215,2025-07-28 02:16:09,27387101951,13,唯一能相信的只有自己,mygo,575884077
起鸡皮疙瘩了,1093.074,1,16777215,2025-07-26 22:35:07,27387101951,13,唯一能相信的只有自己,mygo,575884077
25/7/26,136.298,1,16777215,2025-07-26 08:49:34,27387101951,13,唯一能相信的只有自己,mygo,575884077
爱音天使,480.599,1,16777215,2025-07-26 04:54:37,27387101951,13,唯一能相信的只有自己,mygo,575884077
完结撒花,1412.407,1,16777215,2025-07-26 03:04:32,27387101951,13,唯一能相信的只有自己,mygo,575884077
绷不住了老八面具,843.088,1,16777215,2025-07-25 20:58:38,27387101951,13,唯一能相信的只有自己,mygo,575884077
完结撒花，感谢陪伴！,3.993,1,16777215,2025-07-25 16:03:12,27387101951,13,唯一能相信的只有自己,mygo,575884077
2025/7/25,144.519,1,16777215,2025-07-25 10:55:57,27387101951,13,唯一能相信的只有自己,mygo,575884077
我祝高松司令官，健康常胜！,187.943,1,16777215,2025-07-24 23:44:08,27387101951,13,唯一能相信的只有自己,mygo,575884077
耳朵红了，这些设定必须接受吗,943.955,1,16777215,2025-07-24 23:28:54,27387101951,13,唯一能相信的只有自己,mygo,575884077
25年7/24,120.072,1,16777215,2025-07-24 23:02:10,27387101951,13,唯一能相信的只有自己,mygo,575884077
这是我卖狗吗,1138.163,1,16777215,2025-07-24 16:19:19,27387101951,13,唯一能相信的只有自己,mygo,575884077
猫猫可爱捏,159.138,4,16777215,2025-07-24 16:08:01,27387101951,13,唯一能相信的只有自己,mygo,575884077
2025/07/24,126.195,5,16777215,2025-07-24 02:01:35,27387101951,13,唯一能相信的只有自己,mygo,575884077
完结撒花！！！！！！！！！！！！！！！！！！！！！！！！！！！！！！！！！！！,1.109,1,15138834,2025-07-22 20:25:58,27387101951,13,唯一能相信的只有自己,mygo,575884077
25/7/22,137.863,1,16777215,2025-07-22 13:28:11,27387101951,13,唯一能相信的只有自己,mygo,575884077
难绷假面,829.597,5,16777215,2025-07-21 23:24:59,27387101951,13,唯一能相信的只有自己,mygo,575884077
前方可是地狱啊,692.522,5,16777215,2025-07-21 23:22:12,27387101951,13,唯一能相信的只有自己,mygo,575884077
投祥了,1123.678,1,16777215,2025-07-21 14:56:17,27387101951,13,唯一能相信的只有自己,mygo,575884077
太阴了,1105.279,5,16777215,2025-07-21 00:46:47,27387101951,13,唯一能相信的只有自己,mygo,575884077
不是乐队吗,1055.676,5,16777215,2025-07-21 00:45:50,27387101951,13,唯一能相信的只有自己,mygo,575884077
我好像是姆鸡卡粉丝,1188.208,1,16777215,2025-07-20 22:52:08,27387101951,13,唯一能相信的只有自己,mygo,575884077
完结撒花,1405.391,5,16777215,2025-07-20 21:33:06,27387101951,13,唯一能相信的只有自己,mygo,575884077
我真怕她说着说着就开始唱迷星叫hhhhhhhh,207.358,1,16777215,2025-07-20 21:12:11,27387101951,13,唯一能相信的只有自己,mygo,575884077
这是乐队还是戏团,980.376,1,16777215,2025-07-20 20:22:20,27387101951,13,唯一能相信的只有自己,mygo,575884077
谁没有去过灯的家呢,283.286,1,16777215,2025-07-20 13:00:11,27387101951,13,唯一能相信的只有自己,mygo,575884077
出道即巅峰,1353.373,1,16777215,2025-07-20 07:21:17,27387101951,13,唯一能相信的只有自己,mygo,575884077
woc好听,1187.079,1,16777215,2025-07-20 07:12:44,27387101951,13,唯一能相信的只有自己,mygo,575884077
全员谜语面具人要来嘞,821.261,1,16777215,2025-07-20 05:44:09,27387101951,13,唯一能相信的只有自己,mygo,575884077
范 家 发,1414.851,5,16777215,2025-07-20 01:50:42,27387101951,13,唯一能相信的只有自己,mygo,575884077
完结撒花 感谢陪伴,3.343,1,16777215,2025-07-19 21:29:54,27387101951,13,唯一能相信的只有自己,mygo,575884077
这假面看着是真的难受…,832.526,1,16777215,2025-07-19 17:45:58,27387101951,13,唯一能相信的只有自己,mygo,575884077
不行了怎么这么中二,989.884,1,16777215,2025-07-19 09:38:48,27387101951,13,唯一能相信的只有自己,mygo,575884077
完结撒花,4.635,1,16777215,2025-07-19 02:07:46,27387101951,13,唯一能相信的只有自己,mygo,575884077
想笑是怎么回事,919.525,1,16777215,2025-07-18 19:26:05,27387101951,13,唯一能相信的只有自己,mygo,575884077
少女乐队的呐喊,317.775,5,16777215,2025-07-18 18:33:39,27387101951,13,唯一能相信的只有自己,mygo,575884077
完结撒花，感谢陪伴,74.898,1,14811775,2025-07-18 17:56:23,27387101951,13,唯一能相信的只有自己,mygo,575884077
25年7月18,124.303,1,16777215,2025-07-18 10:50:40,27387101951,13,唯一能相信的只有自己,mygo,575884077
她竟然打车！！！！！！！！！！！！,666.835,1,16777215,2025-07-18 01:29:09,27387101951,13,唯一能相信的只有自己,mygo,575884077
25/7/17,133.773,1,16777215,2025-07-17 01:14:23,27387101951,13,唯一能相信的只有自己,mygo,575884077
《少年乐队的呐喊》,327.617,1,16777215,2025-07-17 01:05:58,27387101951,13,唯一能相信的只有自己,mygo,575884077
完结撒花，感谢陪伴！,1.196,4,16777215,2025-07-16 20:29:04,27387101951,13,唯一能相信的只有自己,mygo,575884077
2025/7/16,143.068,1,16777215,2025-07-16 17:21:21,27387101951,13,唯一能相信的只有自己,mygo,575884077
我投了,1185.054,1,16777215,2025-07-16 14:27:20,27387101951,13,唯一能相信的只有自己,mygo,575884077
DOOM启动！！！！,1100.469,5,16777215,2025-07-16 13:27:54,27387101951,13,唯一能相信的只有自己,mygo,575884077
空中型高松灯,725.382,5,16777215,2025-07-16 13:22:57,27387101951,13,唯一能相信的只有自己,mygo,575884077
完结撒花 感谢陪伴！！！！！,0.0,1,16777215,2025-07-16 01:53:08,27387101951,13,唯一能相信的只有自己,mygo,575884077
完结撒花 感谢陪伴！！！！,0.0,1,16777215,2025-07-16 01:53:04,27387101951,13,唯一能相信的只有自己,mygo,575884077
25年7月16,124.413,1,16777215,2025-07-16 01:07:16,27387101951,13,唯一能相信的只有自己,mygo,575884077
孔子,801.4,5,16777215,2025-07-15 21:27:00,27387101951,13,唯一能相信的只有自己,mygo,575884077
我与我周旋久，宁做我,342.121,5,16777215,2025-07-15 18:24:57,27387101951,13,唯一能相信的只有自己,mygo,575884077
我不做人了，海玲！,926.931,1,16707842,2025-07-15 01:56:48,27387101951,13,唯一能相信的只有自己,mygo,575884077
假面并非骑士,730.322,4,16777215,2025-07-14 17:03:28,27387101951,13,唯一能相信的只有自己,mygo,575884077
我的狗怎么变成鸡了,1177.796,1,16777215,2025-07-14 15:10:20,27387101951,13,唯一能相信的只有自己,mygo,575884077
好的我们在一起吧！,541.01,1,16777215,2025-07-14 12:43:27,27387101951,13,唯一能相信的只有自己,mygo,575884077
祥睦祥99,896.871,1,16777215,2025-07-14 09:16:02,27387101951,13,唯一能相信的只有自己,mygo,575884077
爱灯爱99,517.028,1,16777215,2025-07-14 09:09:25,27387101951,13,唯一能相信的只有自己,mygo,575884077
母鸡卡真强吧，会不会对邦,1351.685,1,16777215,2025-07-14 05:21:55,27387101951,13,唯一能相信的只有自己,mygo,575884077
好中二我不行了,975.489,5,15138834,2025-07-12 21:33:37,27387101951,13,唯一能相信的只有自己,mygo,575884077
完结撒花！！！！！,1406.596,5,16777215,2025-07-12 14:49:48,27387101951,13,唯一能相信的只有自己,mygo,575884077
25年7月12,124.733,1,16777215,2025-07-12 03:12:52,27387101951,13,唯一能相信的只有自己,mygo,575884077
我嘞个超长前摇啊,1110.233,1,16777215,2025-07-11 23:56:36,27387101951,13,唯一能相信的只有自己,mygo,575884077
爱灯99!!!!!,537.686,1,16777215,2025-07-11 22:26:26,27387101951,13,唯一能相信的只有自己,mygo,575884077
猫猫好可爱!!!!!,181.76,1,16777215,2025-07-11 22:10:16,27387101951,13,唯一能相信的只有自己,mygo,575884077
猫嘴馋,163.398,1,16777215,2025-07-11 21:33:24,27387101951,13,唯一能相信的只有自己,mygo,575884077
完结撒花 感谢陪伴,1410.981,5,16777215,2025-07-11 17:15:20,27387101951,13,唯一能相信的只有自己,mygo,575884077
25 年 7 月 11,122.609,5,16777215,2025-07-11 13:32:31,27387101951,13,唯一能相信的只有自己,mygo,575884077
？这该死的台词,52.613,1,16777215,2025-07-10 18:48:23,27387101951,13,唯一能相信的只有自己,mygo,575884077
乖乖挥手的小灯太可爱了吧！！！！！,637.48,5,15772458,2025-07-09 23:46:12,27387101951,13,唯一能相信的只有自己,mygo,575884077
Mujica，Start！,821.452,5,41194,2025-07-09 11:56:22,27387101951,13,唯一能相信的只有自己,mygo,575884077
Mujica，Start！,821.452,5,41194,2025-07-09 11:56:17,27387101951,13,唯一能相信的只有自己,mygo,575884077
这里两人的意思就是，你喜欢我，我喜欢你,504.067,1,16777215,2025-07-09 08:08:01,27387101951,13,唯一能相信的只有自己,mygo,575884077
拉黄包车的不会玩手机,769.652,5,9033215,2025-07-09 01:53:44,27387101951,13,唯一能相信的只有自己,mygo,575884077
完结撒花，感谢陪伴！,118.227,5,15138834,2025-07-08 23:12:40,27387101951,13,唯一能相信的只有自己,mygo,575884077
25 7 8,155.131,1,16777215,2025-07-08 22:56:36,27387101951,13,唯一能相信的只有自己,mygo,575884077
猫猫捕食,160.619,1,16777215,2025-07-08 20:20:17,27387101951,13,唯一能相信的只有自己,mygo,575884077
26年会有新作吗？,1204.0,1,15138834,2025-07-08 11:14:23,27387101951,13,唯一能相信的只有自己,mygo,575884077
难绷の假面,829.929,5,16777215,2025-07-06 22:04:14,27387101951,13,唯一能相信的只有自己,mygo,575884077
声音她之前为什么和灯他们解散？,843.053,1,16777215,2025-07-06 21:54:08,27387101951,13,唯一能相信的只有自己,mygo,575884077
《心之乐队团》,860.146,5,16646914,2025-07-06 19:08:55,27387101951,13,唯一能相信的只有自己,mygo,575884077
笑死我了空之箱,460.376,1,16777215,2025-07-06 09:09:58,27387101951,13,唯一能相信的只有自己,mygo,575884077
完结撒花,1367.636,1,16777215,2025-07-06 01:00:39,27387101951,13,唯一能相信的只有自己,mygo,575884077
我的go呢？,1168.507,5,16777215,2025-07-05 15:56:40,27387101951,13,唯一能相信的只有自己,mygo,575884077
中二小祥这一块,751.364,1,9033215,2025-07-05 10:26:48,27387101951,13,唯一能相信的只有自己,mygo,575884077
这段一股深紫味,1275.224,1,16777215,2025-07-05 07:56:58,27387101951,13,唯一能相信的只有自己,mygo,575884077
波奇酱,486.72,5,14811775,2025-07-04 12:20:44,27387101951,13,唯一能相信的只有自己,mygo,575884077
好听好听,1298.269,1,16646914,2025-07-04 03:43:03,27387101951,13,唯一能相信的只有自己,mygo,575884077
完结撒花，感谢陪伴！！！！！,4.638,5,16777215,2025-07-03 21:45:39,27387101951,13,唯一能相信的只有自己,mygo,575884077
这一句roselia的感觉,1119.971,1,16777215,2025-07-03 19:43:00,27387101951,13,唯一能相信的只有自己,mygo,575884077
带派不,1100.424,1,16777215,2025-07-03 16:42:36,27387101951,13,唯一能相信的只有自己,mygo,575884077
完结撒花，感谢陪伴（计数君：狸希共21哈）,1403.872,5,41194,2025-07-02 22:29:46,27387101951,13,唯一能相信的只有自己,mygo,575884077
21哈,268.169,5,41194,2025-07-02 22:11:58,27387101951,13,唯一能相信的只有自己,mygo,575884077
说你呢立希,233.132,1,6830715,2025-07-01 18:07:58,27387101951,13,唯一能相信的只有自己,mygo,575884077
25/7/1,140.968,1,16777215,2025-07-01 12:18:02,27387101951,13,唯一能相信的只有自己,mygo,575884077
25年7月1日,118.137,1,16777215,2025-07-01 10:34:31,27387101951,13,唯一能相信的只有自己,mygo,575884077
吾即是汝，汝即是吾,839.555,1,15138834,2025-06-30 22:24:58,27387101951,13,唯一能相信的只有自己,mygo,575884077
要是没有第二季就好了,1272.594,1,16777215,2025-06-29 21:39:18,27387101951,13,唯一能相信的只有自己,mygo,575884077
我不行了这个表情,439.128,1,16777215,2025-06-29 19:13:06,27387101951,13,唯一能相信的只有自己,mygo,575884077
阿玛忒拉斯,1076.313,1,15138834,2025-06-29 17:10:40,27387101951,13,唯一能相信的只有自己,mygo,575884077
李在明,144.081,1,41194,2025-06-29 15:51:06,27387101951,13,唯一能相信的只有自己,mygo,575884077
曲风真的很妖精帝国,1219.175,1,16777215,2025-06-28 23:17:18,27387101951,13,唯一能相信的只有自己,mygo,575884077
睦的面具………,892.669,1,16777215,2025-06-28 21:44:16,27387101951,13,唯一能相信的只有自己,mygo,575884077
我真是没忍住哈哈哈哈哈头套什么审美,838.824,1,16777215,2025-06-28 21:43:08,27387101951,13,唯一能相信的只有自己,mygo,575884077
爱音一直在逃避一辈子这个词上,530.325,1,16777215,2025-06-28 21:32:21,27387101951,13,唯一能相信的只有自己,mygo,575884077
soya是fi缺失fe比较重，相对于fi的缺失，所以不擅长情感内观,344.228,1,16777215,2025-06-28 16:09:19,27387101951,13,唯一能相信的只有自己,mygo,575884077
难绷的假面，命运的转动,842.294,5,16777215,2025-06-27 00:40:26,27387101951,13,唯一能相信的只有自己,mygo,575884077
最后一个对灯表白的成员,358.214,1,15772458,2025-06-27 00:30:52,27387101951,13,唯一能相信的只有自己,mygo,575884077
阿玛特拉斯,1078.837,5,16777215,2025-06-26 21:14:44,27387101951,13,唯一能相信的只有自己,mygo,575884077
握握手,536.039,5,16777215,2025-06-26 13:21:18,27387101951,13,唯一能相信的只有自己,mygo,575884077
难说,61.623,1,41194,2025-06-24 23:43:53,27387101951,13,唯一能相信的只有自己,mygo,575884077
25年6月24日,114.88,1,16777215,2025-06-24 17:02:44,27387101951,13,唯一能相信的只有自己,mygo,575884077
什么鬼台词笑晕了,454.483,1,16777215,2025-06-24 16:27:13,27387101951,13,唯一能相信的只有自己,mygo,575884077
妈妈们,1139.059,1,16777215,2025-06-24 10:10:20,27387101951,13,唯一能相信的只有自己,mygo,575884077
单刀赴会,407.184,1,16777215,2025-06-23 23:41:43,27387101951,13,唯一能相信的只有自己,mygo,575884077
没钱办宴会的小祥.jpg,1397.267,5,41194,2025-06-23 15:00:03,27387101951,13,唯一能相信的只有自己,mygo,575884077
远旅附身了吗（bs）,882.875,1,16777215,2025-06-22 17:26:53,27387101951,13,唯一能相信的只有自己,mygo,575884077
尬的没边了,985.772,1,16777215,2025-06-22 15:13:37,27387101951,13,唯一能相信的只有自己,mygo,575884077
太强了！,1339.178,1,15138834,2025-06-21 11:58:56,27387101951,13,唯一能相信的只有自己,mygo,575884077
母鸡卡，启动！！,862.944,1,15138834,2025-06-21 11:47:55,27387101951,13,唯一能相信的只有自己,mygo,575884077
鸡团歌喜欢加英语,1240.673,4,16777215,2026-05-06 01:35:25,27387101951,13,唯一能相信的只有自己,mygo,575884077
同一个世界观怎么live差距这么大？,1127.867,4,16777215,2026-05-06 01:33:09,27387101951,13,唯一能相信的只有自己,mygo,575884077
26/5/5,140.996,1,16777215,2026-05-05 22:58:15,27387101951,13,唯一能相信的只有自己,mygo,575884077
26/5/5！！！劳动节最后一天！,158.465,1,16777215,2026-05-05 22:48:22,27387101951,13,唯一能相信的只有自己,mygo,575884077
26/5/5,131.262,1,16777215,2026-05-05 22:08:05,27387101951,13,唯一能相信的只有自己,mygo,575884077
26/5/5,148.496,1,16777215,2026-05-05 21:00:51,27387101951,13,唯一能相信的只有自己,mygo,575884077
完结撒花,7.316,1,16777215,2026-05-05 20:59:26,27387101951,13,唯一能相信的只有自己,mygo,575884077
完结撒花,7.316,1,16777215,2026-05-05 20:59:15,27387101951,13,唯一能相信的只有自己,mygo,575884077
完结撒花！！！！！,1419.411,1,16777215,2026-05-05 16:43:08,27387101951,13,唯一能相信的只有自己,mygo,575884077
完结撒花！！！！！26/5/5,657.726,1,16777215,2026-05-05 16:28:21,27387101951,13,唯一能相信的只有自己,mygo,575884077
26/5/5,130.344,1,16777215,2026-05-05 16:19:06,27387101951,13,唯一能相信的只有自己,mygo,575884077
26/5/5,148.6,1,14811775,2026-05-05 16:03:31,27387101951,13,唯一能相信的只有自己,mygo,575884077
26年5月,134.195,1,16777215,2026-05-05 15:37:40,27387101951,13,唯一能相信的只有自己,mygo,575884077
完结撒花,1407.847,1,16777215,2026-05-05 13:38:35,27387101951,13,唯一能相信的只有自己,mygo,575884077
26/5/5,158.571,1,16777215,2026-05-05 13:30:09,27387101951,13,唯一能相信的只有自己,mygo,575884077
主唱太轻松了,1275.85,1,16777215,2026-05-05 12:22:31,27387101951,13,唯一能相信的只有自己,mygo,575884077
完结撒花 感谢陪伴,1411.197,1,16777215,2026-05-05 11:36:02,27387101951,13,唯一能相信的只有自己,mygo,575884077
2026/5/5,175.314,1,16777215,2026-05-05 11:21:47,27387101951,13,唯一能相信的只有自己,mygo,575884077
2026/5/5,152.122,1,16777215,2026-05-05 11:08:05,27387101951,13,唯一能相信的只有自己,mygo,575884077
这很难办到，憋不住了。直接笑,817.349,1,16777215,2026-05-05 06:11:45,27387101951,13,唯一能相信的只有自己,mygo,575884077
完结撒花感谢陪伴,1406.151,1,16777215,2026-05-05 00:47:11,27387101951,13,唯一能相信的只有自己,mygo,575884077
好中二。,945.932,1,16777215,2026-05-05 00:41:24,27387101951,13,唯一能相信的只有自己,mygo,575884077
音乐剧啊,907.352,1,16777215,2026-05-05 00:40:33,27387101951,13,唯一能相信的只有自己,mygo,575884077
波奇酱,488.648,1,16777215,2026-05-05 00:33:16,27387101951,13,唯一能相信的只有自己,mygo,575884077
加捏～,361.717,1,16777215,2026-05-05 00:30:58,27387101951,13,唯一能相信的只有自己,mygo,575884077
哈？！,268.489,1,16777215,2026-05-05 00:29:02,27387101951,13,唯一能相信的只有自己,mygo,575884077
好中二哈哈...,67.981,5,16777215,2026-05-05 00:25:47,27387101951,13,唯一能相信的只有自己,mygo,575884077
完结撒花 感谢陪伴！,3.872,5,16777215,2026-05-05 00:24:25,27387101951,13,唯一能相信的只有自己,mygo,575884077
中二小祥,843.509,1,15138834,2026-05-05 00:11:31,27387101951,13,唯一能相信的只有自己,mygo,575884077
中二小祥还搞起世界观来了,754.474,5,16707842,2026-05-05 00:09:43,27387101951,13,唯一能相信的只有自己,mygo,575884077
那母鸡卡里呢？,227.158,1,16777215,2026-05-04 23:31:24,27387101951,13,唯一能相信的只有自己,mygo,575884077
完结撒花,8.385,5,16777215,2026-05-04 23:27:29,27387101951,13,唯一能相信的只有自己,mygo,575884077
不亏是正规军,1282.856,1,16777215,2026-05-04 20:36:57,27387101951,13,唯一能相信的只有自己,mygo,575884077
输麻了啊，输爱音，输素食,270.158,1,16777215,2026-05-04 20:24:09,27387101951,13,唯一能相信的只有自己,mygo,575884077
完结撒花,6.56,1,16777215,2026-05-04 20:13:32,27387101951,13,唯一能相信的只有自己,mygo,575884077
26/5/4,153.595,1,16777215,2026-05-04 19:48:27,27387101951,13,唯一能相信的只有自己,mygo,575884077
完结撒花,1409.148,1,16777215,2026-05-04 17:48:28,27387101951,13,唯一能相信的只有自己,mygo,575884077
完结撒花,4.371,1,16777215,2026-05-04 17:30:46,27387101951,13,唯一能相信的只有自己,mygo,575884077
2026/5/4,161.893,5,41194,2026-05-04 16:54:58,27387101951,13,唯一能相信的只有自己,mygo,575884077
26.5.4,149.407,1,16777215,2026-05-04 15:09:26,27387101951,13,唯一能相信的只有自己,mygo,575884077
打探敌情这一块,632.261,1,16777215,2026-05-04 13:55:57,27387101951,13,唯一能相信的只有自己,mygo,575884077
2026/5/4,173.417,1,16777215,2026-05-04 13:51:55,27387101951,13,唯一能相信的只有自己,mygo,575884077
26/5/4,162.287,1,16777215,2026-05-04 13:27:48,27387101951,13,唯一能相信的只有自己,mygo,575884077
完结撒花，感谢陪伴,1420.001,1,16777215,2026-05-04 12:31:34,27387101951,13,唯一能相信的只有自己,mygo,575884077
26/5/4,141.026,1,16777215,2026-05-04 12:10:00,27387101951,13,唯一能相信的只有自己,mygo,575884077
26/5/4,1411.586,1,16777215,2026-05-04 04:09:04,27387101951,13,唯一能相信的只有自己,mygo,575884077
2026/5/3,159.626,1,16777215,2026-05-04 01:54:16,27387101951,13,唯一能相信的只有自己,mygo,575884077
哈？,269.402,1,6830715,2026-05-03 20:36:44,27387101951,13,唯一能相信的只有自己,mygo,575884077
2026/5/3,154.41,5,16777215,2026-05-03 19:59:49,27387101951,13,唯一能相信的只有自己,mygo,575884077
写的简直就是我,321.233,1,16777215,2026-05-03 17:59:49,27387101951,13,唯一能相信的只有自己,mygo,575884077
完结撒花,1409.836,1,16777215,2026-05-03 17:43:39,27387101951,13,唯一能相信的只有自己,mygo,575884077
26/5/3,140.468,1,16777215,2026-05-03 17:41:10,27387101951,13,唯一能相信的只有自己,mygo,575884077
2026/5/3,160.651,1,16777215,2026-05-03 17:11:18,27387101951,13,唯一能相信的只有自己,mygo,575884077
喵母鸡,804.707,1,16777215,2026-05-03 16:28:44,27387101951,13,唯一能相信的只有自己,mygo,575884077
26/5/3,153.191,1,16777215,2026-05-03 14:45:11,27387101951,13,唯一能相信的只有自己,mygo,575884077
26年5月3日,1418.591,1,16777215,2026-05-03 13:41:38,27387101951,13,唯一能相信的只有自己,mygo,575884077
温馨提示：你现在已经开始看母鸡卡了,685.135,5,16777215,2026-05-03 13:01:02,27387101951,13,唯一能相信的只有自己,mygo,575884077
26/5/3,130.455,1,16777215,2026-05-03 12:08:48,27387101951,13,唯一能相信的只有自己,mygo,575884077
完结撒花,13.55,1,16777215,2026-05-03 12:01:30,27387101951,13,唯一能相信的只有自己,mygo,575884077
完结撒花，感谢陪伴,8.808,5,16777215,2026-05-03 00:07:24,27387101951,13,唯一能相信的只有自己,mygo,575884077
完结撒花,124.269,1,16777215,2026-05-02 14:54:51,27387101951,13,唯一能相信的只有自己,mygo,575884077
天哪这简直就是我,322.893,5,16646914,2026-05-02 14:30:18,27387101951,13,唯一能相信的只有自己,mygo,575884077
完结撒花,21.684,1,16777215,2026-05-02 14:23:23,27387101951,13,唯一能相信的只有自己,mygo,575884077
完结撒花,3.291,1,14811775,2026-05-02 14:18:27,27387101951,13,唯一能相信的只有自己,mygo,575884077
26/05/02,165.501,1,16777215,2026-05-02 11:25:48,27387101951,13,唯一能相信的只有自己,mygo,575884077
天哪初华大人,1083.901,5,16777215,2026-05-02 08:04:14,27387101951,13,唯一能相信的只有自己,mygo,575884077
完结撒花,4.882,1,16777215,2026-05-02 01:59:22,27387101951,13,唯一能相信的只有自己,mygo,575884077
26年5月,131.593,1,16777215,2026-05-02 01:25:02,27387101951,13,唯一能相信的只有自己,mygo,575884077
26/5/2,146.21,5,16777215,2026-05-02 01:00:58,27387101951,13,唯一能相信的只有自己,mygo,575884077
26/5/2,139.273,1,16777215,2026-05-02 01:00:18,27387101951,13,唯一能相信的只有自己,mygo,575884077
一张口就是典,54.998,1,16777215,2026-05-02 00:54:50,27387101951,13,唯一能相信的只有自己,mygo,575884077
26.5.1,1413.057,1,16777215,2026-05-01 21:49:30,27387101951,13,唯一能相信的只有自己,mygo,575884077
我不怕真实伤害,1084.681,1,16777215,2026-05-01 20:38:56,27387101951,13,唯一能相信的只有自己,mygo,575884077
长腿型高松灯,765.937,1,16777215,2026-05-01 20:32:52,27387101951,13,唯一能相信的只有自己,mygo,575884077
26/5/1,149.063,1,16777215,2026-05-01 15:29:07,27387101951,13,唯一能相信的只有自己,mygo,575884077
26/5/1,136.358,1,16777215,2026-05-01 13:50:13,27387101951,13,唯一能相信的只有自己,mygo,575884077
2026/4/30,181.236,1,16777215,2026-05-01 12:26:36,27387101951,13,唯一能相信的只有自己,mygo,575884077
完结撒花,15.008,1,16777215,2026-05-01 11:02:11,27387101951,13,唯一能相信的只有自己,mygo,575884077
2026/5/1,167.086,1,16777215,2026-05-01 08:01:39,27387101951,13,唯一能相信的只有自己,mygo,575884077
26/4/30,151.086,1,16777215,2026-04-30 18:59:03,27387101951,13,唯一能相信的只有自己,mygo,575884077
右下角是小灯吗,1396.136,1,16777215,2026-04-30 10:24:28,27387101951,13,唯一能相信的只有自己,mygo,575884077
一眼反派,1105.541,1,16777215,2026-04-30 10:15:48,27387101951,13,唯一能相信的只有自己,mygo,575884077
什么春日影恢复出厂设置,1037.385,1,16777215,2026-04-30 10:14:30,27387101951,13,唯一能相信的只有自己,mygo,575884077
好中二啊我受不了了,1003.293,1,16777215,2026-04-30 10:13:46,27387101951,13,唯一能相信的只有自己,mygo,575884077
细节，小睦几乎整个脸都封闭起来了,977.054,1,16777215,2026-04-30 10:13:25,27387101951,13,唯一能相信的只有自己,mygo,575884077
歌舞剧？,920.664,1,16777215,2026-04-30 10:12:22,27387101951,13,唯一能相信的只有自己,mygo,575884077
嘉豪乐队,832.914,1,16777215,2026-04-30 10:11:24,27387101951,13,唯一能相信的只有自己,mygo,575884077
记住现在这个温柔的初华,590.23,1,41194,2026-04-30 10:08:05,27387101951,13,唯一能相信的只有自己,mygo,575884077
在夜半三更过天桥，从来不敢回头看,288.424,1,41194,2026-04-30 10:02:52,27387101951,13,唯一能相信的只有自己,mygo,575884077
26/4/30,1414.754,1,16777215,2026-04-30 05:56:59,27387101951,13,唯一能相信的只有自己,mygo,575884077
26/4/30,156.307,1,16777215,2026-04-30 05:32:05,27387101951,13,唯一能相信的只有自己,mygo,575884077
26/4/30,135.069,1,16777215,2026-04-30 05:31:13,27387101951,13,唯一能相信的只有自己,mygo,575884077
祝你幸福。,543.848,1,16777215,2026-04-29 22:54:33,27387101951,13,唯一能相信的只有自己,mygo,575884077
26/4/29,132.282,1,16777215,2026-04-29 21:34:51,27387101951,13,唯一能相信的只有自己,mygo,575884077
26/4/29,157.022,1,16777215,2026-04-29 14:20:42,27387101951,13,唯一能相信的只有自己,mygo,575884077
完结撒花,1228.107,1,16777215,2026-04-29 13:41:49,27387101951,13,唯一能相信的只有自己,mygo,575884077
结婚，结婚，结婚，结婚，结婚，结婚，你俩就应该给我搞姬去,546.891,5,16777215,2026-04-29 04:48:39,27387101951,13,唯一能相信的只有自己,mygo,575884077
结婚现在立马给我结婚啊,515.067,5,16777215,2026-04-29 04:47:59,27387101951,13,唯一能相信的只有自己,mygo,575884077
2026/04/28,145.526,5,16777215,2026-04-28 20:44:25,27387101951,13,唯一能相信的只有自己,mygo,575884077
26/4/28,147.626,1,16777215,2026-04-28 20:03:23,27387101951,13,唯一能相信的只有自己,mygo,575884077
完结散花,2.681,5,16777215,2026-04-28 19:57:51,27387101951,13,唯一能相信的只有自己,mygo,575884077
完结撒花，感谢陪伴,8.013,1,16777215,2026-04-28 05:49:55,27387101951,13,唯一能相信的只有自己,mygo,575884077
还有积分,207.044,1,16777215,2026-04-28 00:18:05,27387101951,13,唯一能相信的只有自己,mygo,575884077
2026/4/27,149.676,1,16777215,2026-04-27 19:50:37,27387101951,13,唯一能相信的只有自己,mygo,575884077
完结撒花,13.14,1,16777215,2026-04-27 19:48:25,27387101951,13,唯一能相信的只有自己,mygo,575884077
完结撒花,1413.913,1,16777215,2026-04-26 21:23:38,27387101951,13,唯一能相信的只有自己,mygo,575884077
2026/4/26,164.332,1,16777215,2026-04-26 21:01:20,27387101951,13,唯一能相信的只有自己,mygo,575884077
26/4/26,150.962,5,16777215,2026-04-26 20:52:48,27387101951,13,唯一能相信的只有自己,mygo,575884077
2026/4/26,123.615,1,16777215,2026-04-26 20:07:46,27387101951,13,唯一能相信的只有自己,mygo,575884077
客服小祥,11.858,1,16777215,2026-04-26 19:30:46,27387101951,13,唯一能相信的只有自己,mygo,575884077
我也想吃,241.663,1,16777215,2026-04-26 19:24:24,27387101951,13,唯一能相信的只有自己,mygo,575884077
味大，无需多盐,529.779,1,38979,2026-04-26 18:24:37,27387101951,13,唯一能相信的只有自己,mygo,575884077
吓哭了,860.359,1,16777215,2026-04-26 18:23:53,27387101951,13,唯一能相信的只有自己,mygo,575884077
26/4/26,149.587,1,16777215,2026-04-26 16:07:32,27387101951,13,唯一能相信的只有自己,mygo,575884077
kksk,1265.976,1,16777215,2026-04-26 10:54:36,27387101951,13,唯一能相信的只有自己,mygo,575884077
爱灯！,549.11,5,16777215,2026-04-26 10:37:45,27387101951,13,唯一能相信的只有自己,mygo,575884077
26/4/25,131.789,1,16777215,2026-04-26 01:45:45,27387101951,13,唯一能相信的只有自己,mygo,575884077
好听的钥匙,1300.578,1,16777215,2026-04-26 00:48:27,27387101951,13,唯一能相信的只有自己,mygo,575884077
懂你意思,610.527,1,16777215,2026-04-25 22:11:24,27387101951,13,唯一能相信的只有自己,mygo,575884077
意思是：我喜欢你 你喜欢我,533.449,1,16777215,2026-04-25 22:09:51,27387101951,13,唯一能相信的只有自己,mygo,575884077
爱灯再次终结比赛,522.832,1,16777215,2026-04-25 22:09:16,27387101951,13,唯一能相信的只有自己,mygo,575884077
爱灯！！！,495.389,1,16777215,2026-04-25 22:08:48,27387101951,13,唯一能相信的只有自己,mygo,575884077
2026/4/25,163.687,4,16777215,2026-04-25 21:40:50,27387101951,13,唯一能相信的只有自己,mygo,575884077
2026/4/25,153.307,5,16777215,2026-04-25 20:38:48,27387101951,13,唯一能相信的只有自己,mygo,575884077
2026/4/25,154.792,1,16777215,2026-04-25 20:38:29,27387101951,13,唯一能相信的只有自己,mygo,575884077
2026/4/25,157.863,1,16777215,2026-04-25 19:58:53,27387101951,13,唯一能相信的只有自己,mygo,575884077
这是玄色,904.006,1,16777215,2026-04-25 19:00:44,27387101951,13,唯一能相信的只有自己,mygo,575884077
完结撒花，感谢陪伴,3.188,1,16777215,2026-04-25 18:05:44,27387101951,13,唯一能相信的只有自己,mygo,575884077
2026/4/25,152.251,1,16777215,2026-04-25 17:12:52,27387101951,13,唯一能相信的只有自己,mygo,575884077
2026/4/21,160.244,1,16777215,2026-04-25 16:57:35,27387101951,13,唯一能相信的只有自己,mygo,575884077
完结撒花，感谢陪伴26/4/25,1418.427,1,16777215,2026-04-25 16:04:38,27387101951,13,唯一能相信的只有自己,mygo,575884077
完结撒花，感谢陪伴,9.809,1,16777215,2026-04-25 15:30:05,27387101951,13,唯一能相信的只有自己,mygo,575884077
多少个？乐奈不得吃美了哈哈,161.372,1,16777215,2026-04-25 11:31:34,27387101951,13,唯一能相信的只有自己,mygo,575884077
你们几个不像演的,945.474,1,16777215,2026-04-25 10:56:57,27387101951,13,唯一能相信的只有自己,mygo,575884077
2026/4/25,167.246,1,16777215,2026-04-25 10:47:11,27387101951,13,唯一能相信的只有自己,mygo,575884077
此时人们还不知道会发生什么,1138.427,1,16777215,2026-04-25 10:39:50,27387101951,13,唯一能相信的只有自己,mygo,575884077
中元节？！,1049.535,1,16777215,2026-04-25 10:37:33,27387101951,13,唯一能相信的只有自己,mygo,575884077
这啥阴,1011.028,1,16777215,2026-04-25 10:36:58,27387101951,13,唯一能相信的只有自己,mygo,575884077
他们为什么打架,997.417,1,16777215,2026-04-25 10:36:45,27387101951,13,唯一能相信的只有自己,mygo,575884077
这真的是乐队吗,986.833,1,16777215,2026-04-25 10:36:34,27387101951,13,唯一能相信的只有自己,mygo,575884077
我受不了了,945.704,1,16777215,2026-04-25 10:35:30,27387101951,13,唯一能相信的只有自己,mygo,575884077
每一个诗人,930.603,1,16777215,2026-04-25 10:35:17,27387101951,13,唯一能相信的只有自己,mygo,575884077
太中二了我受不了了,898.517,1,16777215,2026-04-25 10:34:55,27387101951,13,唯一能相信的只有自己,mygo,575884077
这个假面只是为了让咱们看得舒服点吧，观众眼里应该是全覆盖式的？,850.627,1,16777215,2026-04-25 10:34:08,27387101951,13,唯一能相信的只有自己,mygo,575884077
力希上班狂,181.551,1,16777215,2026-04-25 10:28:20,27387101951,13,唯一能相信的只有自己,mygo,575884077
这不超重？,441.227,1,16777215,2026-04-25 10:27:53,27387101951,13,唯一能相信的只有自己,mygo,575884077
加坦杰厄说是,408.456,1,16777215,2026-04-25 10:27:22,27387101951,13,唯一能相信的只有自己,mygo,575884077
26/4/25,142.685,1,16777215,2026-04-25 10:23:11,27387101951,13,唯一能相信的只有自己,mygo,575884077
绿土鸡,1166.888,5,38979,2026-04-25 10:08:32,27387101951,13,唯一能相信的只有自己,mygo,575884077
2026/4/25,172.661,1,16777215,2026-04-25 08:48:32,27387101951,13,唯一能相信的只有自己,mygo,575884077
26/4/25,145.573,1,16777215,2026-04-25 08:33:32,27387101951,13,唯一能相信的只有自己,mygo,575884077
好像哲学,833.584,1,16777215,2026-04-25 01:34:37,27387101951,13,唯一能相信的只有自己,mygo,575884077
2026，4，25,155.41,1,16777215,2026-04-25 01:12:43,27387101951,13,唯一能相信的只有自己,mygo,575884077
[前方高能],1291.072,1,16777215,2026-04-24 20:16:46,27387101951,13,唯一能相信的只有自己,mygo,575884077
[前方高能],1286.512,1,16777215,2026-04-24 20:16:37,27387101951,13,唯一能相信的只有自己,mygo,575884077
2026/04/24,157.864,1,13369971,2026-04-24 20:00:00,27387101951,13,唯一能相信的只有自己,mygo,575884077
软糯小祥,72.169,1,16777215,2026-04-24 19:50:50,27387101951,13,唯一能相信的只有自己,mygo,575884077
这都可以当红楼梦的判词用了,1086.759,1,16777215,2026-04-24 12:25:07,27387101951,13,唯一能相信的只有自己,mygo,575884077
一半演戏，一半真是我去,1032.837,1,16777215,2026-04-24 12:24:27,27387101951,13,唯一能相信的只有自己,mygo,575884077
2026/4/24,146.453,1,16777215,2026-04-24 07:59:25,27387101951,13,唯一能相信的只有自己,mygo,575884077
看对眼了灯灯hhhh,478.67,5,15138834,2026-04-24 05:50:14,27387101951,13,唯一能相信的只有自己,mygo,575884077
2026/4/24,162.108,1,16777215,2026-04-24 04:07:26,27387101951,13,唯一能相信的只有自己,mygo,575884077
完结撒花，感谢陪伴！,5.983,1,16777215,2026-04-24 03:52:27,27387101951,13,唯一能相信的只有自己,mygo,575884077
2026/4/23,153.304,1,16777215,2026-04-23 21:12:05,27387101951,13,唯一能相信的只有自己,mygo,575884077
共情,346.495,1,16777215,2026-04-23 00:36:45,27387101951,13,唯一能相信的只有自己,mygo,575884077
我去后藤一里,488.625,1,16777215,2026-04-22 21:16:59,27387101951,13,唯一能相信的只有自己,mygo,575884077
2026/4/21,177.334,1,16777215,2026-04-22 21:11:16,27387101951,13,唯一能相信的只有自己,mygo,575884077
完结撒花，感谢陪伴！,5.471,1,16777215,2026-04-22 19:45:06,27387101951,13,唯一能相信的只有自己,mygo,575884077
2026/4/22,154.957,1,16777215,2026-04-22 14:33:14,27387101951,13,唯一能相信的只有自己,mygo,575884077
van！,399.121,1,16777215,2026-04-22 08:58:34,27387101951,13,唯一能相信的只有自己,mygo,575884077
这是一架冲上云霄的银河战舰,1117.768,1,16777215,2026-04-22 03:47:18,27387101951,13,唯一能相信的只有自己,mygo,575884077
2026/4/22,156.604,1,16777215,2026-04-22 03:07:13,27387101951,13,唯一能相信的只有自己,mygo,575884077
2026/4/21,164.465,1,16777215,2026-04-21 18:28:59,27387101951,13,唯一能相信的只有自己,mygo,575884077
完结撒花,8.97,1,16777215,2026-04-21 13:05:09,27387101951,13,唯一能相信的只有自己,mygo,575884077
怎么办呀，完全 get 不到哈哈哈,894.233,1,16777215,2026-04-21 07:09:37,27387101951,13,唯一能相信的只有自己,mygo,575884077
客服祥子,7.285,1,16777215,2026-04-21 00:30:36,27387101951,13,唯一能相信的只有自己,mygo,575884077
两个人想表达的意思是:我喜欢你，你喜欢我,519.999,5,16777215,2026-04-19 23:29:57,27387101951,13,唯一能相信的只有自己,mygo,575884077
天哪这简直就是我,327.72,5,16777215,2026-04-19 23:21:32,27387101951,13,唯一能相信的只有自己,mygo,575884077
2026/4/19,148.309,1,16777215,2026-04-19 23:17:06,27387101951,13,唯一能相信的只有自己,mygo,575884077
26/4/19,140.55,1,16777215,2026-04-19 20:54:11,27387101951,13,唯一能相信的只有自己,mygo,575884077
完结撒花,23.164,1,16777215,2026-04-19 20:18:30,27387101951,13,唯一能相信的只有自己,mygo,575884077
灯爱！,507.778,1,16777215,2026-04-19 15:33:28,27387101951,13,唯一能相信的只有自己,mygo,575884077
完结撒花,4.2,1,16777215,2026-04-19 11:30:51,27387101951,13,唯一能相信的只有自己,mygo,575884077
2026/4/19,167.888,1,16777215,2026-04-19 03:56:09,27387101951,13,唯一能相信的只有自己,mygo,575884077
完结撒花,6.804,1,16777215,2026-04-19 03:53:54,27387101951,13,唯一能相信的只有自己,mygo,575884077
2026/4/19,179.85,1,16777215,2026-04-19 01:45:28,27387101951,13,唯一能相信的只有自己,mygo,575884077
2026/4/18,173.192,1,14811775,2026-04-19 01:30:43,27387101951,13,唯一能相信的只有自己,mygo,575884077
完结撒花！！！！！,1408.467,1,16777215,2026-04-18 22:23:28,27387101951,13,唯一能相信的只有自己,mygo,575884077
太帅了！！！,1334.686,1,16777215,2026-04-18 22:15:16,27387101951,13,唯一能相信的只有自己,mygo,575884077
kksk,1261.871,1,16777215,2026-04-18 22:14:18,27387101951,13,唯一能相信的只有自己,mygo,575884077
吓哭了！！！,1139.962,1,16777215,2026-04-18 22:12:47,27387101951,13,唯一能相信的只有自己,mygo,575884077
演上舞台剧了,1000.449,1,16777215,2026-04-18 22:11:12,27387101951,13,唯一能相信的只有自己,mygo,575884077
笑死什么鬼,438.975,1,16777215,2026-04-18 22:03:10,27387101951,13,唯一能相信的只有自己,mygo,575884077
爆！！！,421.895,1,16777215,2026-04-18 22:02:48,27387101951,13,唯一能相信的只有自己,mygo,575884077
让她吃！！！,168.389,1,16777215,2026-04-18 21:59:37,27387101951,13,唯一能相信的只有自己,mygo,575884077
完结撒花,10.742,1,16777215,2026-04-18 21:54:20,27387101951,13,唯一能相信的只有自己,mygo,575884077
啊，大可不必,752.405,1,16777215,2026-04-18 21:20:07,27387101951,13,唯一能相信的只有自己,mygo,575884077
哈哈哈,439.319,1,16777215,2026-04-18 21:14:22,27387101951,13,唯一能相信的只有自己,mygo,575884077
少女乐队的呐喊,323.014,1,16777215,2026-04-18 21:12:22,27387101951,13,唯一能相信的只有自己,mygo,575884077
哈哈哈哈,271.486,1,16777215,2026-04-18 21:11:08,27387101951,13,唯一能相信的只有自己,mygo,575884077
2026/03/16,156.522,1,16777215,2026-04-18 21:08:03,27387101951,13,唯一能相信的只有自己,mygo,575884077
完结撒花，感谢陪伴w,2.267,1,16777215,2026-04-18 21:04:27,27387101951,13,唯一能相信的只有自己,mygo,575884077
你们这样，怎么挺过下一季？,375.815,1,16777215,2026-04-18 19:32:52,27387101951,13,唯一能相信的只有自己,mygo,575884077
这面具戴了跟没带有啥区别。。二次元还有人类的眼睛吗,853.269,5,16707842,2026-04-18 18:06:05,27387101951,13,唯一能相信的只有自己,mygo,575884077
爱音斯坦发现了究极异常，开启推理,648.835,5,16707842,2026-04-18 17:55:35,27387101951,13,唯一能相信的只有自己,mygo,575884077
完结撒花,1414.215,1,16777215,2026-04-18 17:26:08,27387101951,13,唯一能相信的只有自己,mygo,575884077
26/4/18,128.789,1,16777215,2026-04-18 16:54:32,27387101951,13,唯一能相信的只有自己,mygo,575884077
我也喜欢抹茶,248.445,1,16777215,2026-04-18 12:45:45,27387101951,13,唯一能相信的只有自己,mygo,575884077
26/4/17,0.0,5,16777215,2026-04-17 22:16:50,27387101951,13,唯一能相信的只有自己,mygo,575884077
2026/4/17,1418.139,1,16777215,2026-04-17 21:17:37,27387101951,13,唯一能相信的只有自己,mygo,575884077
sakana,468.706,1,16777215,2026-04-17 20:58:36,27387101951,13,唯一能相信的只有自己,mygo,575884077
2026/4/17,167.934,1,16777215,2026-04-17 20:50:37,27387101951,13,唯一能相信的只有自己,mygo,575884077
2026,165.067,1,16777215,2026-04-17 20:50:20,27387101951,13,唯一能相信的只有自己,mygo,575884077
因此批准乐队一周演两天,559.348,1,16777215,2026-04-17 16:40:12,27387101951,13,唯一能相信的只有自己,mygo,575884077
甜啊,547.269,1,16777215,2026-04-17 05:02:12,27387101951,13,唯一能相信的只有自己,mygo,575884077
2026/4/16,167.537,1,16777215,2026-04-16 23:51:14,27387101951,13,唯一能相信的只有自己,mygo,575884077
26/4/16,125.093,5,16777215,2026-04-16 22:44:06,27387101951,13,唯一能相信的只有自己,mygo,575884077
26/4/16,125.093,1,16777215,2026-04-16 22:43:58,27387101951,13,唯一能相信的只有自己,mygo,575884077
这唱的简直就是我,324.332,5,16777215,2026-04-16 22:32:01,27387101951,13,唯一能相信的只有自己,mygo,575884077
26/4/16,160.107,5,16777215,2026-04-16 22:30:27,27387101951,13,唯一能相信的只有自己,mygo,575884077
是乐队嘛,1000.306,1,16777215,2026-04-16 22:02:42,27387101951,13,唯一能相信的只有自己,mygo,575884077
爱灯99,530.2,1,16777215,2026-04-16 19:36:14,27387101951,13,唯一能相信的只有自己,mygo,575884077
完结撒抹茶糖,1.02,1,6830715,2026-04-16 19:32:06,27387101951,13,唯一能相信的只有自己,mygo,575884077
完结撒花,1417.529,5,16777215,2026-04-16 06:34:58,27387101951,13,唯一能相信的只有自己,mygo,575884077
2026/4/16,168.572,1,16777215,2026-04-16 02:40:45,27387101951,13,唯一能相信的只有自己,mygo,575884077
2026/4/16,156.448,1,16777215,2026-04-16 00:56:33,27387101951,13,唯一能相信的只有自己,mygo,575884077
2026/4/15,162.761,5,16777215,2026-04-15 23:58:45,27387101951,13,唯一能相信的只有自己,mygo,575884077
绷得住的能确证抑郁症了,844.367,5,16777215,2026-04-15 19:35:11,27387101951,13,唯一能相信的只有自己,mygo,575884077
26/4/15,130.365,5,16777215,2026-04-15 19:22:05,27387101951,13,唯一能相信的只有自己,mygo,575884077
原来之前她们是歌剧,1102.827,1,16777215,2026-04-15 14:36:07,27387101951,13,唯一能相信的只有自己,mygo,575884077
立希：有牛哇！,545.007,1,16777215,2026-04-14 21:04:25,27387101951,13,唯一能相信的只有自己,mygo,575884077
为什么要说这么坏心眼的话,779.878,1,16777215,2026-04-14 02:30:40,27387101951,13,唯一能相信的只有自己,mygo,575884077
初见端倪,669.955,1,16777215,2026-04-14 02:18:51,27387101951,13,唯一能相信的只有自己,mygo,575884077
26/4/13,153.758,1,16777215,2026-04-13 23:30:31,27387101951,13,唯一能相信的只有自己,mygo,575884077
26/4/13,151.113,1,16777215,2026-04-13 23:30:15,27387101951,13,唯一能相信的只有自己,mygo,575884077
痛痛痛痛痛痛痛痛痛痛痛痛痛痛痛痛痛痛痛痛痛痛痛痛痛痛痛痛痛痛痛痛痛痛痛痛痛痛痛痛痛痛痛痛痛痛痛痛痛痛痛痛痛痛痛痛痛痛痛痛痛痛痛痛痛痛痛痛痛痛痛痛,434.815,4,15138834,2026-04-13 21:31:18,27387101951,13,唯一能相信的只有自己,mygo,575884077
no！,432.443,1,16777215,2026-04-13 21:30:53,27387101951,13,唯一能相信的只有自己,mygo,575884077
最后的壱雫空,70.395,1,16777215,2026-04-13 19:39:33,27387101951,13,唯一能相信的只有自己,mygo,575884077
mujica超级合体！,47.44,1,16777215,2026-04-13 19:37:43,27387101951,13,唯一能相信的只有自己,mygo,575884077
2026/04/13,128.708,1,16777215,2026-04-13 14:05:23,27387101951,13,唯一能相信的只有自己,mygo,575884077
看不懂,953.44,5,6830715,2026-04-13 03:13:49,27387101951,13,唯一能相信的只有自己,mygo,575884077
非常好的地名,257.869,5,14811775,2026-04-13 03:01:36,27387101951,13,唯一能相信的只有自己,mygo,575884077
我接受了战胜过去的挑战,62.166,5,14811775,2026-04-13 02:59:19,27387101951,13,唯一能相信的只有自己,mygo,575884077
这是一场试炼,62.166,5,14811775,2026-04-13 02:58:49,27387101951,13,唯一能相信的只有自己,mygo,575884077
完结撒花,1406.802,1,16777215,2026-04-13 00:28:26,27387101951,13,唯一能相信的只有自己,mygo,575884077
26/4/12,155.475,4,16777215,2026-04-13 00:12:38,27387101951,13,唯一能相信的只有自己,mygo,575884077
完结撒花,9.469,4,16777215,2026-04-13 00:11:10,27387101951,13,唯一能相信的只有自己,mygo,575884077
前面，可是地狱啊,1395.489,5,16777215,2026-04-12 23:46:03,27387101951,13,唯一能相信的只有自己,mygo,575884077
我看双r有麻烦了,1276.036,5,16777215,2026-04-12 23:43:31,27387101951,13,唯一能相信的只有自己,mygo,575884077
难蚌假面,827.439,5,16777215,2026-04-12 23:35:32,27387101951,13,唯一能相信的只有自己,mygo,575884077
阿米洛斯,754.085,5,16777215,2026-04-12 23:33:38,27387101951,13,唯一能相信的只有自己,mygo,575884077
他说可以上了,1.112,5,16777215,2026-04-12 23:21:43,27387101951,13,唯一能相信的只有自己,mygo,575884077
难蚌,4.465,5,16777215,2026-04-12 23:20:50,27387101951,13,唯一能相信的只有自己,mygo,575884077
咕咕嘎嘎,466.08,5,16777215,2026-04-12 21:17:14,27387101951,13,唯一能相信的只有自己,mygo,575884077
26/4/12,149.209,1,16777215,2026-04-12 21:09:30,27387101951,13,唯一能相信的只有自己,mygo,575884077
完结撒花,0.908,1,16777215,2026-04-12 21:08:31,27387101951,13,唯一能相信的只有自己,mygo,575884077
2026/4/10,147.623,1,16777215,2026-04-12 20:56:28,27387101951,13,唯一能相信的只有自己,mygo,575884077
完结撒花，感谢陪伴,0.149,1,16777215,2026-04-12 19:50:20,27387101951,13,唯一能相信的只有自己,mygo,575884077
这部片子里最man的人,382.157,1,16777215,2026-04-12 19:38:24,27387101951,13,唯一能相信的只有自己,mygo,575884077
完结撒花,1416.168,5,16777215,2026-04-12 16:56:27,27387101951,13,唯一能相信的只有自己,mygo,575884077
完结撒花,1416.168,5,16777215,2026-04-12 16:55:32,27387101951,13,唯一能相信的只有自己,mygo,575884077
夫目前犯？,260.089,1,16777215,2026-04-12 16:45:50,27387101951,13,唯一能相信的只有自己,mygo,575884077
完结撒花,1411.506,1,16777215,2026-04-12 15:48:34,27387101951,13,唯一能相信的只有自己,mygo,575884077
完结撒花,0.0,1,16777215,2026-04-12 15:16:27,27387101951,13,唯一能相信的只有自己,mygo,575884077
我不明白,302.085,1,16777215,2026-04-12 14:50:39,27387101951,13,唯一能相信的只有自己,mygo,575884077
"2025,4,12",162.142,1,16777215,2026-04-12 14:34:07,27387101951,13,唯一能相信的只有自己,mygo,575884077
2026/4/12,152.691,1,16777215,2026-04-12 13:23:36,27387101951,13,唯一能相信的只有自己,mygo,575884077
2026/4/12,157.354,1,16777215,2026-04-12 11:07:11,27387101951,13,唯一能相信的只有自己,mygo,575884077
难绷的假面,837.863,1,16777215,2026-04-12 07:05:56,27387101951,13,唯一能相信的只有自己,mygo,575884077
2026/4/12,155.815,1,16777215,2026-04-12 06:53:21,27387101951,13,唯一能相信的只有自己,mygo,575884077
完结撒花,18.002,1,16777215,2026-04-12 06:50:46,27387101951,13,唯一能相信的只有自己,mygo,575884077
完结撒花,10.578,1,16777215,2026-04-12 06:50:34,27387101951,13,唯一能相信的只有自己,mygo,575884077
2026/4/12,148.866,1,16777215,2026-04-12 03:20:12,27387101951,13,唯一能相信的只有自己,mygo,575884077
26年4月,132.479,1,16777215,2026-04-11 23:48:17,27387101951,13,唯一能相信的只有自己,mygo,575884077
完结撒花,88.52,1,16777215,2026-04-11 23:05:33,27387101951,13,唯一能相信的只有自己,mygo,575884077
2025/8/6,139.427,1,16777215,2026-04-11 18:11:46,27387101951,13,唯一能相信的只有自己,mygo,575884077
26/4/11,136.377,1,16777215,2026-04-11 14:26:54,27387101951,13,唯一能相信的只有自己,mygo,575884077
当时只道是寻常…,301.958,5,16777215,2026-04-11 14:00:09,27387101951,13,唯一能相信的只有自己,mygo,575884077
2026/04/11,162.13,5,41194,2026-04-11 01:17:40,27387101951,13,唯一能相信的只有自己,mygo,575884077
2026/04/11,159.229,1,41194,2026-04-11 01:17:07,27387101951,13,唯一能相信的只有自己,mygo,575884077
26/4/10,139.284,1,16777215,2026-04-10 23:34:43,27387101951,13,唯一能相信的只有自己,mygo,575884077
2026/4/10,150.833,1,16777215,2026-04-10 22:45:37,27387101951,13,唯一能相信的只有自己,mygo,575884077
还真是高高在上呢,66.45,1,16777215,2026-04-10 22:40:15,27387101951,13,唯一能相信的只有自己,mygo,575884077
中二度爆表了,948.489,1,16777215,2026-04-10 20:58:32,27387101951,13,唯一能相信的只有自己,mygo,575884077
初华人机笑声,801.702,1,16777215,2026-04-10 19:18:30,27387101951,13,唯一能相信的只有自己,mygo,575884077
2026/4/10,154.193,1,16777215,2026-04-10 12:52:03,27387101951,13,唯一能相信的只有自己,mygo,575884077
我，毋畏契约,1084.615,1,16777215,2026-04-10 12:43:41,27387101951,13,唯一能相信的只有自己,mygo,575884077
彻底疯狂！,841.965,1,16707842,2026-04-09 23:55:44,27387101951,13,唯一能相信的只有自己,mygo,575884077
中二小祥,757.575,1,16707842,2026-04-09 23:53:41,27387101951,13,唯一能相信的只有自己,mygo,575884077
台词指导：两面素傩,369.559,1,14811775,2026-04-09 23:47:53,27387101951,13,唯一能相信的只有自己,mygo,575884077
三过家门而不入,691.954,1,16777215,2026-04-09 01:49:17,27387101951,13,唯一能相信的只有自己,mygo,575884077
完结撒花，感谢陪伴！！！！！,1411.602,1,16777215,2026-04-09 00:59:46,27387101951,13,唯一能相信的只有自己,mygo,575884077
kksk,1099.241,1,16777215,2026-04-09 00:21:24,27387101951,13,唯一能相信的只有自己,mygo,575884077
2026/4/8,155.935,1,16777215,2026-04-08 19:10:43,27387101951,13,唯一能相信的只有自己,mygo,575884077
完结撒花~,9.818,1,16777215,2026-04-08 19:08:57,27387101951,13,唯一能相信的只有自己,mygo,575884077
2026/4/8,151.907,1,16777215,2026-04-08 18:51:35,27387101951,13,唯一能相信的只有自己,mygo,575884077
2026/4/8,152.172,1,16777215,2026-04-08 18:25:57,27387101951,13,唯一能相信的只有自己,mygo,575884077
26.4.8,142.632,1,16777215,2026-04-08 17:54:05,27387101951,13,唯一能相信的只有自己,mygo,575884077
这基本功硬的能徒手劈地球了,779.498,1,16777215,2026-04-08 17:22:01,27387101951,13,唯一能相信的只有自己,mygo,575884077
2026/4/8,147.824,1,16777215,2026-04-08 16:14:43,27387101951,13,唯一能相信的只有自己,mygo,575884077
再看一遍……就再看最后一遍,1408.928,5,16777215,2026-04-07 22:19:48,27387101951,13,唯一能相信的只有自己,mygo,575884077
26.4.7,166.119,1,16777215,2026-04-07 21:41:16,27387101951,13,唯一能相信的只有自己,mygo,575884077
第一次见这么多国民 shk万岁,1308.959,1,16777215,2026-04-07 20:09:39,27387101951,13,唯一能相信的只有自己,mygo,575884077
2026/3/21,0.885,1,16777215,2026-04-07 18:26:35,27387101951,13,唯一能相信的只有自己,mygo,575884077
26/4/7,138.375,1,16777215,2026-04-07 08:51:57,27387101951,13,唯一能相信的只有自己,mygo,575884077
人尼,551.653,5,16777215,2026-04-07 01:44:10,27387101951,13,唯一能相信的只有自己,mygo,575884077
睡觉,586.405,1,16777215,2026-04-07 01:42:26,27387101951,13,唯一能相信的只有自己,mygo,575884077
咕咕嘎嘎,1222.592,1,16777215,2026-04-07 01:41:02,27387101951,13,唯一能相信的只有自己,mygo,575884077
2026/4/7,168.214,1,16777215,2026-04-07 01:03:30,27387101951,13,唯一能相信的只有自己,mygo,575884077
完结撒花，感谢陪伴,7.227,1,16777215,2026-04-06 23:59:12,27387101951,13,唯一能相信的只有自己,mygo,575884077
戴着我总想笑,846.262,1,16777215,2026-04-06 23:43:54,27387101951,13,唯一能相信的只有自己,mygo,575884077
26/4/6,145.549,1,16777215,2026-04-06 23:14:04,27387101951,13,唯一能相信的只有自己,mygo,575884077
26/4/6,159.963,1,16777215,2026-04-06 21:57:58,27387101951,13,唯一能相信的只有自己,mygo,575884077
26/4/06,147.577,1,16777215,2026-04-06 21:33:51,27387101951,13,唯一能相信的只有自己,mygo,575884077
26/4/5,161.1,1,16777215,2026-04-06 20:24:53,27387101951,13,唯一能相信的只有自己,mygo,575884077
2026/4/6,139.996,1,16777215,2026-04-06 17:34:58,27387101951,13,唯一能相信的只有自己,mygo,575884077
完结撒花,16.82,1,16777215,2026-04-06 17:32:57,27387101951,13,唯一能相信的只有自己,mygo,575884077
甜甜甜,505.995,1,16777215,2026-04-06 16:25:09,27387101951,13,唯一能相信的只有自己,mygo,575884077
2026/4/6,172.248,1,16777215,2026-04-06 13:42:35,27387101951,13,唯一能相信的只有自己,mygo,575884077
26/4/6,140.353,5,16777215,2026-04-06 13:21:10,27387101951,13,唯一能相信的只有自己,mygo,575884077
2026/4/6,156.868,1,16777215,2026-04-06 12:23:11,27387101951,13,唯一能相信的只有自己,mygo,575884077
完结撒花，感谢陪伴,1419.261,1,16777215,2026-04-06 10:08:36,27387101951,13,唯一能相信的只有自己,mygo,575884077
2025年/9/1,133.336,1,16777215,2026-04-06 09:46:26,27387101951,13,唯一能相信的只有自己,mygo,575884077
完结撒花,8.07,1,16777215,2026-04-06 09:44:05,27387101951,13,唯一能相信的只有自己,mygo,575884077
2026/4/6,156.074,1,16777215,2026-04-06 01:25:56,27387101951,13,唯一能相信的只有自己,mygo,575884077
那ame是谁？,810.012,1,16777215,2026-04-06 00:11:51,27387101951,13,唯一能相信的只有自己,mygo,575884077
2026/4/5,163.683,4,16777215,2026-04-05 23:55:18,27387101951,13,唯一能相信的只有自己,mygo,575884077
祥子自尊很高啊,55.597,1,16777215,2026-04-05 20:41:18,27387101951,13,唯一能相信的只有自己,mygo,575884077
客服小祥太乖了www,9.46,1,16777215,2026-04-05 20:40:20,27387101951,13,唯一能相信的只有自己,mygo,575884077
完结撒花,17.291,1,16777215,2026-04-05 18:29:56,27387101951,13,唯一能相信的只有自己,mygo,575884077
26/4/5,143.559,1,16777215,2026-04-05 17:54:01,27387101951,13,唯一能相信的只有自己,mygo,575884077
2026/4/5,134.341,1,16777215,2026-04-05 16:12:13,27387101951,13,唯一能相信的只有自己,mygo,575884077
Nina酱,330.3,5,14811775,2026-04-05 14:48:37,27387101951,13,唯一能相信的只有自己,mygo,575884077
26/4/5,128.148,1,16777215,2026-04-05 13:47:16,27387101951,13,唯一能相信的只有自己,mygo,575884077
素灯加油,294.641,1,16777215,2026-04-05 12:59:23,27387101951,13,唯一能相信的只有自己,mygo,575884077
26年4月5日,134.482,1,16777215,2026-04-05 10:18:23,27387101951,13,唯一能相信的只有自己,mygo,575884077
完结撒花，感谢陪伴!!!!!,5.065,1,16777215,2026-04-05 08:25:05,27387101951,13,唯一能相信的只有自己,mygo,575884077
2026/4/5,131.397,1,16777215,2026-04-05 07:42:16,27387101951,13,唯一能相信的只有自己,mygo,575884077
黑祥中二病犯了,855.762,1,16777215,2026-04-05 02:11:26,27387101951,13,唯一能相信的只有自己,mygo,575884077
苹果有钱在哪,655.055,1,16777215,2026-04-05 00:15:09,27387101951,13,唯一能相信的只有自己,mygo,575884077
说句真的，乐器一样，发型一样，声线一样，就带一个面具，真的都认不出来吗？,1209.05,1,16707842,2026-04-04 23:19:13,27387101951,13,唯一能相信的只有自己,mygo,575884077
中二小剧场,1060.425,1,16777215,2026-04-04 23:17:58,27387101951,13,唯一能相信的只有自己,mygo,575884077
完结撒花 感谢陪伴,87.042,1,16777215,2026-04-04 22:07:18,27387101951,13,唯一能相信的只有自己,mygo,575884077
完结撒花,1408.871,1,16777215,2026-04-04 18:24:54,27387101951,13,唯一能相信的只有自己,mygo,575884077
少女乐队的呐喊！,334.0,1,16777215,2026-04-04 17:53:39,27387101951,13,唯一能相信的只有自己,mygo,575884077
2026/4/1,148.318,1,16777215,2026-04-04 14:37:44,27387101951,13,唯一能相信的只有自己,mygo,575884077
26/4/4,151.528,1,16777215,2026-04-04 14:12:56,27387101951,13,唯一能相信的只有自己,mygo,575884077
简直是我！,325.319,1,16777215,2026-04-04 13:00:11,27387101951,13,唯一能相信的只有自己,mygo,575884077
完结撒花 感谢陪伴！,1416.933,1,16777215,2026-04-04 08:21:29,27387101951,13,唯一能相信的只有自己,mygo,575884077
2026/4/4,163.557,1,16777215,2026-04-04 08:18:24,27387101951,13,唯一能相信的只有自己,mygo,575884077
26/4/1,144.381,1,16777215,2026-04-04 01:32:02,27387101951,13,唯一能相信的只有自己,mygo,575884077
完结撒花,5.43,1,16777215,2026-04-04 01:25:57,27387101951,13,唯一能相信的只有自己,mygo,575884077
2026/4/3,153.566,1,16777215,2026-04-03 21:48:51,27387101951,13,唯一能相信的只有自己,mygo,575884077
为什么没有弹幕,1097.817,5,16777215,2026-04-03 20:17:34,27387101951,13,唯一能相信的只有自己,mygo,575884077
2026/04/03,127.589,1,16777215,2026-04-03 16:29:47,27387101951,13,唯一能相信的只有自己,mygo,575884077
2026/4/3,135.19,5,16777215,2026-04-03 16:03:37,27387101951,13,唯一能相信的只有自己,mygo,575884077
老灯,383.787,5,16777215,2026-04-03 14:05:05,27387101951,13,唯一能相信的只有自己,mygo,575884077
灯素99,263.774,1,16777215,2026-04-03 14:02:33,27387101951,13,唯一能相信的只有自己,mygo,575884077
2026/4/3,185.132,1,16777215,2026-04-03 13:28:40,27387101951,13,唯一能相信的只有自己,mygo,575884077
2026/4/3,165.612,1,16777215,2026-04-03 11:22:10,27387101951,13,唯一能相信的只有自己,mygo,575884077
bgm好好听,1041.118,1,16777215,2026-04-03 03:03:29,27387101951,13,唯一能相信的只有自己,mygo,575884077
26/4/2,158.324,1,16777215,2026-04-02 23:39:56,27387101951,13,唯一能相信的只有自己,mygo,575884077
完结撒花，感谢陪伴！,4.25,1,16777215,2026-04-02 23:26:56,27387101951,13,唯一能相信的只有自己,mygo,575884077
2026/4/1,1387.702,5,16777215,2026-04-02 20:41:04,27387101951,13,唯一能相信的只有自己,mygo,575884077
完结撒花,7.756,1,16777215,2026-04-02 18:59:25,27387101951,13,唯一能相信的只有自己,mygo,575884077
26/4/2,135.992,1,16777215,2026-04-02 15:46:49,27387101951,13,唯一能相信的只有自己,mygo,575884077
完结撒花,1409.007,1,16777215,2026-04-02 14:41:16,27387101951,13,唯一能相信的只有自己,mygo,575884077
26/4/2,156.487,1,16777215,2026-04-02 14:20:01,27387101951,13,唯一能相信的只有自己,mygo,575884077
完结散花，感谢陪伴！,1.028,1,16777215,2026-04-02 13:54:47,27387101951,13,唯一能相信的只有自己,mygo,575884077
2025/4/2,132.136,1,16777215,2026-04-02 12:40:59,27387101951,13,唯一能相信的只有自己,mygo,575884077
2026/4/2,129.038,1,41194,2026-04-02 00:51:07,27387101951,13,唯一能相信的只有自己,mygo,575884077
2026/4/1  刚好愚人节,211.463,1,16777215,2026-04-02 00:42:52,27387101951,13,唯一能相信的只有自己,mygo,575884077
2026/4/1,173.362,1,16777215,2026-04-01 22:17:32,27387101951,13,唯一能相信的只有自己,mygo,575884077
完结撒花，感谢陪伴！,1.46,5,16777215,2026-04-01 20:33:25,27387101951,13,唯一能相信的只有自己,mygo,575884077
26\4\1,165.005,1,16777215,2026-04-01 15:34:23,27387101951,13,唯一能相信的只有自己,mygo,575884077
母鸡卡，启动！,672.448,1,16777215,2026-03-31 22:13:51,27387101951,13,唯一能相信的只有自己,mygo,575884077
完结撒花，感谢陪伴！！！！！,1416.218,5,16777215,2026-03-31 22:09:02,27387101951,13,唯一能相信的只有自己,mygo,575884077
26/3/31,143.773,1,16777215,2026-03-31 22:05:19,27387101951,13,唯一能相信的只有自己,mygo,575884077
完结撒花,7.107,1,16777215,2026-03-31 22:03:50,27387101951,13,唯一能相信的只有自己,mygo,575884077
2026/3/31,130.694,1,16777215,2026-03-31 22:02:10,27387101951,13,唯一能相信的只有自己,mygo,575884077
2026/3/31,165.057,1,16777215,2026-03-31 21:45:28,27387101951,13,唯一能相信的只有自己,mygo,575884077
26/3/31,130.501,5,16777215,2026-03-31 21:29:28,27387101951,13,唯一能相信的只有自己,mygo,575884077
完结撒花，感谢陪伴,8.54,5,16777215,2026-03-31 21:24:24,27387101951,13,唯一能相信的只有自己,mygo,575884077
2026/3/31,159.537,1,16777215,2026-03-31 17:50:32,27387101951,13,唯一能相信的只有自己,mygo,575884077
26/3/31,149.015,1,16777215,2026-03-31 12:08:50,27387101951,13,唯一能相信的只有自己,mygo,575884077
欧内撒嘛,895.817,1,16777215,2026-03-31 04:53:37,27387101951,13,唯一能相信的只有自己,mygo,575884077
酿母鸡,805.142,1,16777215,2026-03-31 04:50:43,27387101951,13,唯一能相信的只有自己,mygo,575884077
26/3/31,159.14,1,16777215,2026-03-31 01:47:57,27387101951,13,唯一能相信的只有自己,mygo,575884077
打工去了,1374.548,1,16777215,2026-03-31 00:07:56,27387101951,13,唯一能相信的只有自己,mygo,575884077
所以说就不当人了？,965.044,1,16777215,2026-03-30 23:58:12,27387101951,13,唯一能相信的只有自己,mygo,575884077
怎么又成灯泡了呀,610.871,1,14811775,2026-03-30 23:48:03,27387101951,13,唯一能相信的只有自己,mygo,575884077
9999,545.066,1,16777215,2026-03-30 22:42:50,27387101951,13,唯一能相信的只有自己,mygo,575884077
天哪这简直是我…,325.165,1,16777215,2026-03-30 22:23:04,27387101951,13,唯一能相信的只有自己,mygo,575884077
2026/3/30,159.745,1,16777215,2026-03-30 21:18:30,27387101951,13,唯一能相信的只有自己,mygo,575884077
26/3/30,163.357,1,16777215,2026-03-30 20:59:31,27387101951,13,唯一能相信的只有自己,mygo,575884077
26/3/30,133.362,1,16777215,2026-03-30 14:16:33,27387101951,13,唯一能相信的只有自己,mygo,575884077
完结撒花,23.397,1,16777215,2026-03-30 01:41:37,27387101951,13,唯一能相信的只有自己,mygo,575884077
26/03/30,141.094,1,16777215,2026-03-30 00:15:18,27387101951,13,唯一能相信的只有自己,mygo,575884077
这木头的面具是真的搞笑啊,969.247,1,16777215,2026-03-29 23:59:13,27387101951,13,唯一能相信的只有自己,mygo,575884077
这个面具真的有用吗……,841.517,1,16777215,2026-03-29 23:56:49,27387101951,13,唯一能相信的只有自己,mygo,575884077
26/3/29,158.913,1,16777215,2026-03-29 22:00:49,27387101951,13,唯一能相信的只有自己,mygo,575884077
让摩卡来讲几句就行了（）,197.148,1,16777215,2026-03-29 16:28:13,27387101951,13,唯一能相信的只有自己,mygo,575884077
26/3/29,140.46,1,16777215,2026-03-29 15:51:54,27387101951,13,唯一能相信的只有自己,mygo,575884077
完结撒花,14.46,4,16777215,2026-03-29 15:49:05,27387101951,13,唯一能相信的只有自己,mygo,575884077
完结撒花，感谢各位,1402.329,1,16777215,2026-03-29 14:50:57,27387101951,13,唯一能相信的只有自己,mygo,575884077
开学后我的中二病程度,1062.432,1,16777215,2026-03-29 14:45:23,27387101951,13,唯一能相信的只有自己,mygo,575884077
完结撒花!,146.454,1,16777215,2026-03-29 13:44:29,27387101951,13,唯一能相信的只有自己,mygo,575884077
2026/3/29,131.877,1,16777215,2026-03-29 13:44:16,27387101951,13,唯一能相信的只有自己,mygo,575884077
2026/03/27,154.044,4,16777215,2026-03-29 13:39:41,27387101951,13,唯一能相信的只有自己,mygo,575884077
kksk,1255.357,1,16777215,2026-03-29 13:13:57,27387101951,13,唯一能相信的只有自己,mygo,575884077
完结撒花！！！꧁꧂꧁꧂꧁꧂,3.945,1,16777215,2026-03-29 03:54:01,27387101951,13,唯一能相信的只有自己,mygo,575884077
少年乐队的呐喊,316.689,5,16777215,2026-03-28 22:54:03,27387101951,13,唯一能相信的只有自己,mygo,575884077
26/3/28,151.615,1,41194,2026-03-28 21:48:47,27387101951,13,唯一能相信的只有自己,mygo,575884077
完结撒花 感谢陪伴,0.709,1,41194,2026-03-28 21:47:06,27387101951,13,唯一能相信的只有自己,mygo,575884077
2026/3/28,158.267,1,16777215,2026-03-28 19:42:37,27387101951,13,唯一能相信的只有自己,mygo,575884077
完结撒花,6.797,1,16777215,2026-03-28 19:38:55,27387101951,13,唯一能相信的只有自己,mygo,575884077
完结撒花,1413.794,1,16777215,2026-03-28 18:42:48,27387101951,13,唯一能相信的只有自己,mygo,575884077
完结撒花,1407.716,1,16777215,2026-03-28 18:36:04,27387101951,13,唯一能相信的只有自己,mygo,575884077
2026/3/28,148.54,1,16777215,2026-03-28 18:26:53,27387101951,13,唯一能相信的只有自己,mygo,575884077
丫够燥的,1112.367,1,16777215,2026-03-28 17:30:53,27387101951,13,唯一能相信的只有自己,mygo,575884077
hhhhhh,439.347,1,16777215,2026-03-28 15:50:59,27387101951,13,唯一能相信的只有自己,mygo,575884077
恐惧姐,1066.48,1,41194,2026-03-28 13:25:32,27387101951,13,唯一能相信的只有自己,mygo,575884077
26/3/28,143.637,1,16777215,2026-03-28 10:07:59,27387101951,13,唯一能相信的只有自己,mygo,575884077
全明星阵容,823.025,1,16777215,2026-03-28 01:56:19,27387101951,13,唯一能相信的只有自己,mygo,575884077
土毛驴,221.665,1,16777215,2026-03-27 22:56:12,27387101951,13,唯一能相信的只有自己,mygo,575884077
客服祥子哈哈哈哈,8.855,1,16777215,2026-03-27 21:30:05,27387101951,13,唯一能相信的只有自己,mygo,575884077
我爱伟大，无需多言！！！,479.253,1,16777215,2026-03-27 20:44:34,27387101951,13,唯一能相信的只有自己,mygo,575884077
这个是不是应该叫老灯啊？,387.873,1,16777215,2026-03-27 20:42:51,27387101951,13,唯一能相信的只有自己,mygo,575884077
天哪，这简直就是我！,324.453,1,16777215,2026-03-27 20:41:39,27387101951,13,唯一能相信的只有自己,mygo,575884077
祥子●▛▙祥子●▛▙祥子●▛▙祥子●▛▙祥子●▛▙祥子●▛▙,921.09,1,16777215,2026-03-27 18:40:23,27387101951,13,唯一能相信的只有自己,mygo,575884077
表白失败,435.519,1,16777215,2026-03-27 18:31:47,27387101951,13,唯一能相信的只有自己,mygo,575884077
立希漂亮漂亮,256.907,1,6830715,2026-03-27 11:24:17,27387101951,13,唯一能相信的只有自己,mygo,575884077
我不行了好萌啊,174.232,1,16777215,2026-03-27 11:22:43,27387101951,13,唯一能相信的只有自己,mygo,575884077
2026/3/27,140.451,1,16777215,2026-03-27 09:57:15,27387101951,13,唯一能相信的只有自己,mygo,575884077
2026/3/27,174.075,1,16777215,2026-03-27 02:42:09,27387101951,13,唯一能相信的只有自己,mygo,575884077
此处，fever：300,1251.571,5,16777215,2026-03-27 00:44:14,27387101951,13,唯一能相信的只有自己,mygo,575884077
26/3/26,138.283,1,16777215,2026-03-26 21:09:15,27387101951,13,唯一能相信的只有自己,mygo,575884077
爱音：叽里咕噜说啥呢你们俩,609.02,1,16777215,2026-03-26 19:01:42,27387101951,13,唯一能相信的只有自己,mygo,575884077
26/3/26,134.559,1,16777215,2026-03-26 18:51:48,27387101951,13,唯一能相信的只有自己,mygo,575884077
完结撒花，感谢陪伴,1416.616,4,16777215,2026-03-26 13:16:18,27387101951,13,唯一能相信的只有自己,mygo,575884077
这是人类能想出来的表演吗,949.308,1,16777215,2026-03-26 12:45:26,27387101951,13,唯一能相信的只有自己,mygo,575884077
2026/3/26,158.849,1,16777215,2026-03-26 01:34:55,27387101951,13,唯一能相信的只有自己,mygo,575884077
儿童用,473.191,1,16777215,2026-03-25 23:35:41,27387101951,13,唯一能相信的只有自己,mygo,575884077
主唱也太拼命了吧。,319.231,1,16777215,2026-03-25 23:32:55,27387101951,13,唯一能相信的只有自己,mygo,575884077
下面阿波根海子的笑死我了,803.1,5,16777215,2026-03-25 18:36:36,27387101951,13,唯一能相信的只有自己,mygo,575884077
完结撒花,106.026,1,16777215,2026-03-25 18:16:39,27387101951,13,唯一能相信的只有自己,mygo,575884077
26/3/25,146.878,1,16777215,2026-03-25 17:31:25,27387101951,13,唯一能相信的只有自己,mygo,575884077
完结撒花，感谢陪伴！,1413.726,1,16777215,2026-03-25 17:30:23,27387101951,13,唯一能相信的只有自己,mygo,575884077
完结撒花,5.445,1,16777215,2026-03-25 17:21:49,27387101951,13,唯一能相信的只有自己,mygo,575884077
完结撒花！,5.0,1,16777215,2026-03-25 17:06:08,27387101951,13,唯一能相信的只有自己,mygo,575884077
完结撒花,4.028,1,16777215,2026-03-25 16:57:51,27387101951,13,唯一能相信的只有自己,mygo,575884077
睦祥99,893.562,1,16777215,2026-03-25 13:30:37,27387101951,13,唯一能相信的只有自己,mygo,575884077
soyo竟是我自己,367.279,1,16777215,2026-03-25 13:20:59,27387101951,13,唯一能相信的只有自己,mygo,575884077
为什么重要的话总是说不出口呢？,61.721,1,16777215,2026-03-25 13:15:25,27387101951,13,唯一能相信的只有自己,mygo,575884077
困困的睦头,1354.64,1,16777215,2026-03-25 05:02:38,27387101951,13,唯一能相信的只有自己,mygo,575884077
全世界都在欺负睦头吗,61.13,1,16777215,2026-03-25 04:49:22,27387101951,13,唯一能相信的只有自己,mygo,575884077
旺     仔     小     乔,827.221,5,16777215,2026-03-24 18:38:14,27387101951,13,唯一能相信的只有自己,mygo,575884077
2026/3/24,145.297,5,16777215,2026-03-24 18:30:21,27387101951,13,唯一能相信的只有自己,mygo,575884077
persona,853.253,1,16777215,2026-03-24 18:21:47,27387101951,13,唯一能相信的只有自己,mygo,575884077
高数型高松灯,219.417,1,16777215,2026-03-24 13:47:59,27387101951,13,唯一能相信的只有自己,mygo,575884077
有点p5的感觉了,1130.942,1,16777215,2026-03-24 08:27:02,27387101951,13,唯一能相信的只有自己,mygo,575884077
好中二哈哈,853.107,1,16777215,2026-03-24 08:23:42,27387101951,13,唯一能相信的只有自己,mygo,575884077
26/03/24,133.885,1,14811775,2026-03-24 01:53:15,27387101951,13,唯一能相信的只有自己,mygo,575884077
天呐，这唱的简直就是我,326.389,1,16777215,2026-03-23 21:42:34,27387101951,13,唯一能相信的只有自己,mygo,575884077
完结撒花,11.152,1,16777215,2026-03-23 21:04:50,27387101951,13,唯一能相信的只有自己,mygo,575884077
完结撒花,6.378,1,16777215,2026-03-23 16:18:40,27387101951,13,唯一能相信的只有自己,mygo,575884077
完结撒花,1.012,1,16777215,2026-03-23 16:18:13,27387101951,13,唯一能相信的只有自己,mygo,575884077
后来...谁最危害健康来着,236.153,1,16777215,2026-03-23 15:20:16,27387101951,13,唯一能相信的只有自己,mygo,575884077
26/3/23,173.619,1,16777215,2026-03-23 01:39:27,27387101951,13,唯一能相信的只有自己,mygo,575884077
26/3/22,150.758,1,16777215,2026-03-22 23:21:31,27387101951,13,唯一能相信的只有自己,mygo,575884077
26/3/22,163.778,5,16777215,2026-03-22 22:33:47,27387101951,13,唯一能相信的只有自己,mygo,575884077
26/3/22,159.328,1,16777215,2026-03-22 22:29:18,27387101951,13,唯一能相信的只有自己,mygo,575884077
2026/03/22,140.18,1,16777215,2026-03-22 18:39:03,27387101951,13,唯一能相信的只有自己,mygo,575884077
完结撒花，感谢陪伴,3.844,1,16777215,2026-03-22 18:14:10,27387101951,13,唯一能相信的只有自己,mygo,575884077
完结撒花,5.638,1,16777215,2026-03-22 14:35:26,27387101951,13,唯一能相信的只有自己,mygo,575884077
假面骑士,864.925,1,16777215,2026-03-22 14:30:27,27387101951,13,唯一能相信的只有自己,mygo,575884077
太强了,1097.921,1,16777215,2026-03-22 13:31:08,27387101951,13,唯一能相信的只有自己,mygo,575884077
26/3/22,166.942,1,16777215,2026-03-22 10:33:34,27387101951,13,唯一能相信的只有自己,mygo,575884077
如果算作金属的话，整首曲子是不是有点太淡了？,1147.352,1,16777215,2026-03-22 04:08:01,27387101951,13,唯一能相信的只有自己,mygo,575884077
2026/3/22,145.192,1,16777215,2026-03-22 03:04:59,27387101951,13,唯一能相信的只有自己,mygo,575884077
还真是高高在上呢,740.829,1,16777215,2026-03-22 02:11:13,27387101951,13,唯一能相信的只有自己,mygo,575884077
说的好哈哈,57.414,1,16777215,2026-03-22 02:08:55,27387101951,13,唯一能相信的只有自己,mygo,575884077
2026/3/22,156.636,1,16777215,2026-03-22 02:06:54,27387101951,13,唯一能相信的只有自己,mygo,575884077
 ？？,16.047,1,16777215,2026-03-22 02:06:33,27387101951,13,唯一能相信的只有自己,mygo,575884077
完结撒花,1408.617,1,16777215,2026-03-22 01:39:20,27387101951,13,唯一能相信的只有自己,mygo,575884077
26/3/15,1405.919,1,16777215,2026-03-22 00:54:41,27387101951,13,唯一能相信的只有自己,mygo,575884077
完结撒花，感谢陪伴！,13.285,1,16777215,2026-03-22 00:53:48,27387101951,13,唯一能相信的只有自己,mygo,575884077
进入雾门,403.193,1,16777215,2026-03-22 00:34:54,27387101951,13,唯一能相信的只有自己,mygo,575884077
2026/3/22,162.472,1,16777215,2026-03-22 00:29:45,27387101951,13,唯一能相信的只有自己,mygo,575884077
2026/3/21,166.166,1,16777215,2026-03-21 23:26:39,27387101951,13,唯一能相信的只有自己,mygo,575884077
26/3/21,159.516,1,16777215,2026-03-21 23:24:43,27387101951,13,唯一能相信的只有自己,mygo,575884077
神经,971.291,1,16777215,2026-03-21 19:27:41,27387101951,13,唯一能相信的只有自己,mygo,575884077
神作,1091.154,1,16777215,2026-03-21 19:01:07,27387101951,13,唯一能相信的只有自己,mygo,575884077
哈？,290.642,1,16777215,2026-03-21 18:54:46,27387101951,13,唯一能相信的只有自己,mygo,575884077
26.3,133.116,1,16777215,2026-03-21 17:42:34,27387101951,13,唯一能相信的只有自己,mygo,575884077
指小岛,795.179,1,16777215,2026-03-21 16:34:33,27387101951,13,唯一能相信的只有自己,mygo,575884077
莫老师,1066.09,1,16777215,2026-03-21 11:08:04,27387101951,13,唯一能相信的只有自己,mygo,575884077
初华是想跟祥子一起回去吧233,1381.783,5,104601,2026-03-21 02:14:53,27387101951,13,唯一能相信的只有自己,mygo,575884077
我的天呐初华大人！,1175.633,5,104601,2026-03-21 02:10:55,27387101951,13,唯一能相信的只有自己,mygo,575884077
睦子米就是戴上假面也还是这么精致，无机质的美,1027.769,5,104601,2026-03-21 02:08:26,27387101951,13,唯一能相信的只有自己,mygo,575884077
自信点，去掉感觉,1014.938,5,104601,2026-03-21 02:07:12,27387101951,13,唯一能相信的只有自己,mygo,575884077
甜甜圈女士：我和初华酱是一体两面,1001.011,5,104601,2026-03-21 02:06:43,27387101951,13,唯一能相信的只有自己,mygo,575884077
“阁楼我没动过。”,983.09,5,104601,2026-03-21 02:05:44,27387101951,13,唯一能相信的只有自己,mygo,575884077
但是初华好像一直看的是祥子那个方向哈哈哈哈哈哈,939.514,5,104601,2026-03-21 02:04:41,27387101951,13,唯一能相信的只有自己,mygo,575884077
本来看到假面就难绷，加上弹幕更是,894.708,5,104601,2026-03-21 02:03:26,27387101951,13,唯一能相信的只有自己,mygo,575884077
虽然母鸡卡剧情难绷，但正式演出是真好看,877.547,5,104601,2026-03-21 02:02:30,27387101951,13,唯一能相信的只有自己,mygo,575884077
我估计只有初华认真听了且听进去了,847.304,5,104601,2026-03-21 02:01:26,27387101951,13,唯一能相信的只有自己,mygo,575884077
对不起没绷住我有罪但是我真的很想笑,760.265,5,104601,2026-03-21 01:58:05,27387101951,13,唯一能相信的只有自己,mygo,575884077
哈哈哈哈果然猫都不乖,725.198,5,104601,2026-03-21 01:56:58,27387101951,13,唯一能相信的只有自己,mygo,575884077
6啊初华大人,684.995,5,104601,2026-03-21 01:55:58,27387101951,13,唯一能相信的只有自己,mygo,575884077
我就说,667.777,5,104601,2026-03-21 01:55:22,27387101951,13,唯一能相信的只有自己,mygo,575884077
初华不仅打的，好像还有一套房，带阁楼的,661.87,5,104601,2026-03-21 01:55:02,27387101951,13,唯一能相信的只有自己,mygo,575884077
不行了，想到后面母鸡卡的剧情就想笑,650.315,5,104601,2026-03-21 01:54:11,27387101951,13,唯一能相信的只有自己,mygo,575884077
哇啊啊啊啊真的是幸福到昏厥啊,630.391,5,104601,2026-03-21 01:53:26,27387101951,13,唯一能相信的只有自己,mygo,575884077
爱音好幸福啊,584.392,5,104601,2026-03-21 01:51:04,27387101951,13,唯一能相信的只有自己,mygo,575884077
立希只恨自己学的是理科,511.526,5,104601,2026-03-21 01:49:34,27387101951,13,唯一能相信的只有自己,mygo,575884077
立希：明明是我先...,508.025,5,104601,2026-03-21 01:49:12,27387101951,13,唯一能相信的只有自己,mygo,575884077
爱音不是白月光，是小太阳,496.641,5,104601,2026-03-21 01:48:43,27387101951,13,唯一能相信的只有自己,mygo,575884077
啊？,433.028,5,104601,2026-03-21 01:46:12,27387101951,13,唯一能相信的只有自己,mygo,575884077
这个是黑化后的祥子吧,422.586,5,104601,2026-03-21 01:45:51,27387101951,13,唯一能相信的只有自己,mygo,575884077
这这这这这又要干吗,407.217,5,104601,2026-03-21 01:45:15,27387101951,13,唯一能相信的只有自己,mygo,575884077
原来是告别啊....,373.165,5,104601,2026-03-21 01:44:12,27387101951,13,唯一能相信的只有自己,mygo,575884077
立希除了哈？一无所有,320.882,5,104601,2026-03-21 01:43:02,27387101951,13,唯一能相信的只有自己,mygo,575884077
她还是忘不了她的saki酱,303.446,5,104601,2026-03-21 01:42:22,27387101951,13,唯一能相信的只有自己,mygo,575884077
哈？（撕心裂肺）,266.904,5,104601,2026-03-21 01:41:25,27387101951,13,唯一能相信的只有自己,mygo,575884077
立希：明明是我先来的...,261.634,5,104601,2026-03-21 01:41:04,27387101951,13,唯一能相信的只有自己,mygo,575884077
这个一休尼是真的令人感动啊,210.896,5,104601,2026-03-21 01:39:51,27387101951,13,唯一能相信的只有自己,mygo,575884077
缓缓打出一个？,64.782,5,104601,2026-03-21 01:37:57,27387101951,13,唯一能相信的只有自己,mygo,575884077
其实睦子米感知力是可以的，只是不会表达,52.712,5,104601,2026-03-21 01:37:14,27387101951,13,唯一能相信的只有自己,mygo,575884077
睦明明很在乎祥子的！,36.618,5,104601,2026-03-21 01:35:56,27387101951,13,唯一能相信的只有自己,mygo,575884077
《金睦研》,855.406,1,16777215,2026-03-21 01:07:18,27387101951,13,唯一能相信的只有自己,mygo,575884077
2026/3/21,165.007,1,16777215,2026-03-21 00:25:07,27387101951,13,唯一能相信的只有自己,mygo,575884077
星野爱,761.826,1,16777215,2026-03-20 22:48:40,27387101951,13,唯一能相信的只有自己,mygo,575884077
和星野爱一样的头发和眼睛,758.364,1,16777215,2026-03-20 22:48:24,27387101951,13,唯一能相信的只有自己,mygo,575884077
那你低低在下咯？,59.1,1,16777215,2026-03-20 20:41:42,27387101951,13,唯一能相信的只有自己,mygo,575884077
26年3月,126.52,1,16777215,2026-03-20 20:16:51,27387101951,13,唯一能相信的只有自己,mygo,575884077
完结散花,7.602,1,16777215,2026-03-20 20:14:42,27387101951,13,唯一能相信的只有自己,mygo,575884077
26/3/20,134.45,5,16777215,2026-03-20 19:34:32,27387101951,13,唯一能相信的只有自己,mygo,575884077
2026/03/19,149.1,1,16777215,2026-03-20 19:19:32,27387101951,13,唯一能相信的只有自己,mygo,575884077
完结撒花,1415.791,1,16777215,2026-03-20 17:40:30,27387101951,13,唯一能相信的只有自己,mygo,575884077
2026/3/20,160.393,1,16777215,2026-03-20 16:08:39,27387101951,13,唯一能相信的只有自己,mygo,575884077
初华漂亮漂亮,1083.495,1,6830715,2026-03-20 15:46:46,27387101951,13,唯一能相信的只有自己,mygo,575884077
26/3/20,147.663,1,16777215,2026-03-20 14:44:04,27387101951,13,唯一能相信的只有自己,mygo,575884077
灯积分,210.97,1,16777215,2026-03-20 11:41:30,27387101951,13,唯一能相信的只有自己,mygo,575884077
2026/3/20,179.015,1,16777215,2026-03-20 09:05:24,27387101951,13,唯一能相信的只有自己,mygo,575884077
暗  黑  型  高  松  灯,764.377,5,6830715,2026-03-20 08:52:36,27387101951,13,唯一能相信的只有自己,mygo,575884077
soyo…好喜欢,357.853,5,8700107,2026-03-20 01:12:36,27387101951,13,唯一能相信的只有自己,mygo,575884077
2026/3/20,150.749,1,16777215,2026-03-20 00:33:37,27387101951,13,唯一能相信的只有自己,mygo,575884077
26/3/20,135.485,1,16777215,2026-03-20 00:15:23,27387101951,13,唯一能相信的只有自己,mygo,575884077
我不行了，真的好尴尬呀,1068.792,4,16777215,2026-03-19 21:40:27,27387101951,13,唯一能相信的只有自己,mygo,575884077
简直不是人,948.708,4,16777215,2026-03-19 21:38:27,27387101951,13,唯一能相信的只有自己,mygo,575884077
这都啥呀，面具好猎奇,851.708,4,16777215,2026-03-19 21:36:54,27387101951,13,唯一能相信的只有自己,mygo,575884077
最后一集了,1.14,4,16777215,2026-03-19 21:25:13,27387101951,13,唯一能相信的只有自己,mygo,575884077
完结撒花,113.923,1,16777215,2026-03-19 17:40:07,27387101951,13,唯一能相信的只有自己,mygo,575884077
祥子赛高！,1214.284,1,16777215,2026-03-19 12:46:08,27387101951,13,唯一能相信的只有自己,mygo,575884077
完结撒花，感谢陪伴！,7.709,5,16777215,2026-03-19 12:39:43,27387101951,13,唯一能相信的只有自己,mygo,575884077
哈哈哈哈哈哈,272.263,1,16777215,2026-03-19 12:34:24,27387101951,13,唯一能相信的只有自己,mygo,575884077
睦子米不说废话,53.556,1,16777215,2026-03-19 10:58:06,27387101951,13,唯一能相信的只有自己,mygo,575884077
2026/3/18,154.462,1,16777215,2026-03-18 23:21:41,27387101951,13,唯一能相信的只有自己,mygo,575884077
26/3/18,156.8,1,16777215,2026-03-18 23:07:09,27387101951,13,唯一能相信的只有自己,mygo,575884077
咕咕嘎嘎,493.391,1,16777215,2026-03-18 21:37:47,27387101951,13,唯一能相信的只有自己,mygo,575884077
2026/3/18,173.341,1,16777215,2026-03-18 11:47:15,27387101951,13,唯一能相信的只有自己,mygo,575884077
完结撒花,13.36,1,16777215,2026-03-18 03:41:16,27387101951,13,唯一能相信的只有自己,mygo,575884077
差点看成红标bandai了,472.715,5,15138834,2026-03-18 01:37:17,27387101951,13,唯一能相信的只有自己,mygo,575884077
完结撒花！,658.77,1,16777215,2026-03-17 23:06:00,27387101951,13,唯一能相信的只有自己,mygo,575884077
2026/03/17,136.51,1,16777215,2026-03-17 22:57:07,27387101951,13,唯一能相信的只有自己,mygo,575884077
你说得对，但创造新时代的不是老人,817.981,4,16646914,2026-03-17 22:48:54,27387101951,13,唯一能相信的只有自己,mygo,575884077
爱灯99,499.091,1,16777215,2026-03-17 21:58:02,27387101951,13,唯一能相信的只有自己,mygo,575884077
完结撒花mujica再见,1415.247,1,16777215,2026-03-17 20:28:24,27387101951,13,唯一能相信的只有自己,mygo,575884077
26/3/17,143.123,1,16777215,2026-03-17 20:00:46,27387101951,13,唯一能相信的只有自己,mygo,575884077
完结撒花，感谢陪伴!!!!!,7.824,1,16777215,2026-03-17 19:57:26,27387101951,13,唯一能相信的只有自己,mygo,575884077
完结撒花，感谢陪伴!!!!!,4.978,1,16777215,2026-03-17 19:57:07,27387101951,13,唯一能相信的只有自己,mygo,575884077
2026/3/17,169.895,1,16777215,2026-03-17 19:26:04,27387101951,13,唯一能相信的只有自己,mygo,575884077
soyo太好了呜呜呜,356.469,1,16777215,2026-03-17 19:04:54,27387101951,13,唯一能相信的只有自己,mygo,575884077
26/3/17,132.46,1,14811775,2026-03-17 17:42:06,27387101951,13,唯一能相信的只有自己,mygo,575884077
26/3/17,1291.39,1,16777215,2026-03-17 13:54:21,27387101951,13,唯一能相信的只有自己,mygo,575884077
笔记本上写了吧,656.746,1,16777215,2026-03-17 05:27:42,27387101951,13,唯一能相信的只有自己,mygo,575884077
阿搜比哇扣扣玛德大,839.765,1,16777215,2026-03-16 23:00:20,27387101951,13,唯一能相信的只有自己,mygo,575884077
霸榜12345,1351.91,5,16777215,2026-03-16 22:06:10,27387101951,13,唯一能相信的只有自己,mygo,575884077
哎呦喂母鸡卡！！,861.046,1,16777215,2026-03-16 22:04:31,27387101951,13,唯一能相信的只有自己,mygo,575884077
键帽,1380.028,1,16777215,2026-03-16 21:34:18,27387101951,13,唯一能相信的只有自己,mygo,575884077
键帽,1025.914,1,16777215,2026-03-16 21:28:24,27387101951,13,唯一能相信的只有自己,mygo,575884077
键帽,772.558,1,16777215,2026-03-16 21:24:10,27387101951,13,唯一能相信的只有自己,mygo,575884077
没人知道这以后会发生什么,3.911,1,16777215,2026-03-16 20:28:47,27387101951,13,唯一能相信的只有自己,mygo,575884077
没有人类了,954.695,1,16777215,2026-03-16 20:24:32,27387101951,13,唯一能相信的只有自己,mygo,575884077
2026 /3/16,157.3,1,16777215,2026-03-16 19:48:32,27387101951,13,唯一能相信的只有自己,mygo,575884077
，，，，,1130.112,1,16777215,2026-03-16 13:12:42,27387101951,13,唯一能相信的只有自己,mygo,575884077
2026/3/16,144.023,1,16777215,2026-03-16 10:52:02,27387101951,13,唯一能相信的只有自己,mygo,575884077
2026/3/16,163.743,1,16646914,2026-03-16 00:40:48,27387101951,13,唯一能相信的只有自己,mygo,575884077
哇还有橘雪莉,1023.612,1,41194,2026-03-15 23:24:15,27387101951,13,唯一能相信的只有自己,mygo,575884077
26/03/15,130.787,1,16777215,2026-03-15 22:22:56,27387101951,13,唯一能相信的只有自己,mygo,575884077
完结撒花,0.0,1,16777215,2026-03-15 22:21:17,27387101951,13,唯一能相信的只有自己,mygo,575884077
咕咕嘎嘎,5.278,1,16777215,2026-03-15 19:27:55,27387101951,13,唯一能相信的只有自己,mygo,575884077
2026/3/15,139.186,1,16777215,2026-03-15 17:02:35,27387101951,13,唯一能相信的只有自己,mygo,575884077
完结撒花,1415.363,5,16777215,2026-03-15 16:12:01,27387101951,13,唯一能相信的只有自己,mygo,575884077
完结撒花 感谢陪伴,1414.013,4,16777215,2026-03-15 16:11:41,27387101951,13,唯一能相信的只有自己,mygo,575884077
好搞笑,900.109,1,16777215,2026-03-15 15:20:41,27387101951,13,唯一能相信的只有自己,mygo,575884077
假面骑士,831.396,1,16777215,2026-03-15 15:18:05,27387101951,13,唯一能相信的只有自己,mygo,575884077
2026/3/15！！！！！,149.674,1,15138834,2026-03-15 14:13:55,27387101951,13,唯一能相信的只有自己,mygo,575884077
26/3/15,128.577,1,16777215,2026-03-15 14:10:20,27387101951,13,唯一能相信的只有自己,mygo,575884077
26/3/15,146.942,1,16777215,2026-03-15 12:37:19,27387101951,13,唯一能相信的只有自己,mygo,575884077
简单咕嘎俩句,199.95,5,16777215,2026-03-15 12:30:45,27387101951,13,唯一能相信的只有自己,mygo,575884077
2026/3/15,160.42,1,16777215,2026-03-15 11:57:07,27387101951,13,唯一能相信的只有自己,mygo,575884077
空境op小姐,757.918,1,16777215,2026-03-15 11:35:56,27387101951,13,唯一能相信的只有自己,mygo,575884077
这个好听,872.341,1,16777215,2026-03-15 10:50:30,27387101951,13,唯一能相信的只有自己,mygo,575884077
嘉豪乐队,842.527,5,16777215,2026-03-15 03:11:20,27387101951,13,唯一能相信的只有自己,mygo,575884077
依旧cos老八（bushi,831.73,1,16777215,2026-03-15 01:55:18,27387101951,13,唯一能相信的只有自己,mygo,575884077
オブリビオ二ス,758.436,1,16777215,2026-03-15 01:50:39,27387101951,13,唯一能相信的只有自己,mygo,575884077
2026/3/15,157.266,1,16777215,2026-03-15 01:43:57,27387101951,13,唯一能相信的只有自己,mygo,575884077
我好想笑啊！,66.559,1,16777215,2026-03-15 01:31:23,27387101951,13,唯一能相信的只有自己,mygo,575884077
竟然还有一集,1.27,1,16777215,2026-03-15 01:27:34,27387101951,13,唯一能相信的只有自己,mygo,575884077
26/3/14,144.049,1,16777215,2026-03-14 23:41:04,27387101951,13,唯一能相信的只有自己,mygo,575884077
健康常驻！,232.978,5,41194,2026-03-14 21:03:01,27387101951,13,唯一能相信的只有自己,mygo,575884077
jo哇，啊jojo哇！,203.623,5,16707842,2026-03-14 21:02:08,27387101951,13,唯一能相信的只有自己,mygo,575884077
26/3/14,136.32,5,16777215,2026-03-14 18:57:07,27387101951,13,唯一能相信的只有自己,mygo,575884077
26/3/14,131.22,1,16777215,2026-03-14 18:56:52,27387101951,13,唯一能相信的只有自己,mygo,575884077
我爱伟大，无需多言,491.936,1,16777215,2026-03-14 15:43:29,27387101951,13,唯一能相信的只有自己,mygo,575884077
26/3/14,156.358,5,16777215,2026-03-14 13:44:47,27387101951,13,唯一能相信的只有自己,mygo,575884077
26/3/14,135.893,1,16777215,2026-03-14 13:44:26,27387101951,13,唯一能相信的只有自己,mygo,575884077
kksk,1165.824,5,14811775,2026-03-14 13:17:03,27387101951,13,唯一能相信的只有自己,mygo,575884077
银河战舰！,1094.031,5,14811775,2026-03-14 13:15:41,27387101951,13,唯一能相信的只有自己,mygo,575884077
开始演了,887.135,5,14811775,2026-03-14 13:12:44,27387101951,13,唯一能相信的只有自己,mygo,575884077
伟大无需多言,521.212,5,14811775,2026-03-14 13:06:22,27387101951,13,唯一能相信的只有自己,mygo,575884077
26/3/12,154.456,1,16777215,2026-03-14 12:58:56,27387101951,13,唯一能相信的只有自己,mygo,575884077
完结撒花,5.9,1,16777215,2026-03-14 12:42:31,27387101951,13,唯一能相信的只有自己,mygo,575884077
26/3/14,133.448,1,16777215,2026-03-14 09:41:46,27387101951,13,唯一能相信的只有自己,mygo,575884077
完结撒花,1406.373,1,41194,2026-03-13 20:41:06,27387101951,13,唯一能相信的只有自己,mygo,575884077
26/3/13,144.005,1,16777215,2026-03-13 20:19:44,27387101951,13,唯一能相信的只有自己,mygo,575884077
正片结束，现在走来的是母鸡卡,661.739,1,16777215,2026-03-13 19:15:11,27387101951,13,唯一能相信的只有自己,mygo,575884077
26/3/13,131.449,1,16777215,2026-03-13 12:53:21,27387101951,13,唯一能相信的只有自己,mygo,575884077
完结撒花,1416.017,1,16777215,2026-03-13 03:44:33,27387101951,13,唯一能相信的只有自己,mygo,575884077
圣爱音同志就乐队演出大成功发表重要讲话,181.995,1,16777215,2026-03-13 02:14:47,27387101951,13,唯一能相信的只有自己,mygo,575884077
26/3/12,156.668,1,16777215,2026-03-13 00:42:31,27387101951,13,唯一能相信的只有自己,mygo,575884077
2026/3/13,137.688,1,16777215,2026-03-13 00:10:05,27387101951,13,唯一能相信的只有自己,mygo,575884077
完结撒花，感谢陪伴！！！,3.673,1,16777215,2026-03-13 00:04:56,27387101951,13,唯一能相信的只有自己,mygo,575884077
完结撒花,1417.344,1,16777215,2026-03-12 23:12:51,27387101951,13,唯一能相信的只有自己,mygo,575884077
完结撒花,147.754,1,16777215,2026-03-12 23:12:30,27387101951,13,唯一能相信的只有自己,mygo,575884077
这样真的看不出来吗。。,851.366,1,16777215,2026-03-12 23:03:38,27387101951,13,唯一能相信的只有自己,mygo,575884077
这个面具真的能。。。。,840.255,1,16777215,2026-03-12 23:03:16,27387101951,13,唯一能相信的只有自己,mygo,575884077
完结撒花，感谢陪伴！,1409.057,5,16777215,2026-03-12 21:36:47,27387101951,13,唯一能相信的只有自己,mygo,575884077
天哪，这简直写的就是我！,322.946,5,16777215,2026-03-12 21:02:35,27387101951,13,唯一能相信的只有自己,mygo,575884077
2026/3/12,159.268,1,16777215,2026-03-12 20:58:02,27387101951,13,唯一能相信的只有自己,mygo,575884077
乐器呢，这不是乐队吗？,962.114,1,16777215,2026-03-12 17:59:42,27387101951,13,唯一能相信的只有自己,mygo,575884077
这是一个宗教集团吗,858.005,1,16777215,2026-03-12 17:57:20,27387101951,13,唯一能相信的只有自己,mygo,575884077
能摘了吗（小声,842.45,1,16777215,2026-03-12 17:56:49,27387101951,13,唯一能相信的只有自己,mygo,575884077
感谢祥子的激情伴奏,523.582,1,8700107,2026-03-12 17:49:24,27387101951,13,唯一能相信的只有自己,mygo,575884077
只少了个发饰,486.482,1,14811775,2026-03-12 17:48:07,27387101951,13,唯一能相信的只有自己,mygo,575884077
绿希,266.242,1,38979,2026-03-12 17:43:54,27387101951,13,唯一能相信的只有自己,mygo,575884077
2026/3/12,136.48,5,16777215,2026-03-12 17:40:43,27387101951,13,唯一能相信的只有自己,mygo,575884077
感谢陪伴下一季见,1410.802,1,16777215,2026-03-12 16:22:06,27387101951,13,唯一能相信的只有自己,mygo,575884077
专业的就是不一样,1341.011,1,16777215,2026-03-12 16:15:39,27387101951,13,唯一能相信的只有自己,mygo,575884077
大祥老师魅魔论,1282.697,1,16777215,2026-03-12 16:14:29,27387101951,13,唯一能相信的只有自己,mygo,575884077
睦跟祥子眼睛都成红色的了,1270.337,1,16777215,2026-03-12 16:14:16,27387101951,13,唯一能相信的只有自己,mygo,575884077
太酷了,1206.655,1,16777215,2026-03-12 16:12:43,27387101951,13,唯一能相信的只有自己,mygo,575884077
这么潮,1130.144,1,16777215,2026-03-12 16:11:13,27387101951,13,唯一能相信的只有自己,mygo,575884077
初华好帅,1085.39,1,16777215,2026-03-12 16:03:26,27387101951,13,唯一能相信的只有自己,mygo,575884077
爱音：几天不见，咋变了个人似的？,440.533,1,16777215,2026-03-12 15:36:14,27387101951,13,唯一能相信的只有自己,mygo,575884077
现在是更软糯的我,70.12,1,16777215,2026-03-12 15:22:16,27387101951,13,唯一能相信的只有自己,mygo,575884077
感谢陪伴下一季,12.791,1,16777215,2026-03-12 15:19:21,27387101951,13,唯一能相信的只有自己,mygo,575884077
大小姐打工,20.944,1,16777215,2026-03-12 15:18:53,27387101951,13,唯一能相信的只有自己,mygo,575884077
现在是更加软糯的小祥,64.641,5,8700107,2026-03-12 13:25:13,27387101951,13,唯一能相信的只有自己,mygo,575884077
客服小祥,7.19,1,16777215,2026-03-12 13:24:03,27387101951,13,唯一能相信的只有自己,mygo,575884077
26/3/12,154.646,1,16777215,2026-03-12 11:04:05,27387101951,13,唯一能相信的只有自己,mygo,575884077
客服小祥,50.109,1,16777215,2026-03-12 09:29:29,27387101951,13,唯一能相信的只有自己,mygo,575884077
26/3/11,148.33,1,16777215,2026-03-11 23:52:19,27387101951,13,唯一能相信的只有自己,mygo,575884077
26年3月11,130.895,1,16777215,2026-03-11 22:53:41,27387101951,13,唯一能相信的只有自己,mygo,575884077
完结撒花,1412.777,1,16777215,2026-03-11 21:54:25,27387101951,13,唯一能相信的只有自己,mygo,575884077
2026/3/11,154.151,1,16777215,2026-03-11 21:39:26,27387101951,13,唯一能相信的只有自己,mygo,575884077
完结撒花,0.709,1,16777215,2026-03-11 21:32:46,27387101951,13,唯一能相信的只有自己,mygo,575884077
2926/3/11,124.231,1,16777215,2026-03-11 21:18:18,27387101951,13,唯一能相信的只有自己,mygo,575884077
完结撒花！！！！,112.09,1,16777215,2026-03-11 21:17:34,27387101951,13,唯一能相信的只有自己,mygo,575884077
完结撒花，感谢陪伴,1418.868,5,16777215,2026-03-11 20:43:46,27387101951,13,唯一能相信的只有自己,mygo,575884077
2026/3/11,150.08,1,16777215,2026-03-11 16:51:31,27387101951,13,唯一能相信的只有自己,mygo,575884077
他此地名为麦城,1044.074,1,16777215,2026-03-11 15:38:33,27387101951,13,唯一能相信的只有自己,mygo,575884077
2026/3/11,154.339,1,16777215,2026-03-11 14:26:59,27387101951,13,唯一能相信的只有自己,mygo,575884077
2026/3/11,143.632,5,16777215,2026-03-11 09:57:28,27387101951,13,唯一能相信的只有自己,mygo,575884077
26311,140.506,1,16777215,2026-03-11 09:56:52,27387101951,13,唯一能相信的只有自己,mygo,575884077
我们是否可以说请珍惜现在呢？,1354.419,1,16777215,2026-03-11 09:28:02,27387101951,13,唯一能相信的只有自己,mygo,575884077
2026/3/11,145.144,1,16777215,2026-03-11 08:27:06,27387101951,13,唯一能相信的只有自己,mygo,575884077
感谢陪伴,1406.802,1,41194,2026-03-11 03:01:18,27387101951,13,唯一能相信的只有自己,mygo,575884077
26/3/11,161.959,1,41194,2026-03-11 02:40:27,27387101951,13,唯一能相信的只有自己,mygo,575884077
完结撒花,8.615,1,41194,2026-03-11 02:37:39,27387101951,13,唯一能相信的只有自己,mygo,575884077
2026/3/11,144.112,1,16777215,2026-03-11 01:45:19,27387101951,13,唯一能相信的只有自己,mygo,575884077
2026/3/11,144.112,1,16777215,2026-03-11 01:44:55,27387101951,13,唯一能相信的只有自己,mygo,575884077
太中二了把,930.539,1,16777215,2026-03-10 20:15:13,27387101951,13,唯一能相信的只有自己,mygo,575884077
2026/3/10,127.035,1,16777215,2026-03-10 19:51:43,27387101951,13,唯一能相信的只有自己,mygo,575884077
26.3.9,132.528,5,16777215,2026-03-10 19:32:42,27387101951,13,唯一能相信的只有自己,mygo,575884077
完结撒花,17.779,1,16777215,2026-03-10 18:27:19,27387101951,13,唯一能相信的只有自己,mygo,575884077
完结撒花,1.089,5,41194,2026-03-10 17:18:39,27387101951,13,唯一能相信的只有自己,mygo,575884077
我大概一辈子也不会忘记你吧,366.03,5,41194,2026-03-10 16:49:55,27387101951,13,唯一能相信的只有自己,mygo,575884077
op最符合的一集,74.981,1,16777215,2026-03-10 14:28:17,27387101951,13,唯一能相信的只有自己,mygo,575884077
2026/3/10,160.729,1,16777215,2026-03-10 13:14:28,27387101951,13,唯一能相信的只有自己,mygo,575884077
26/03/10,158.591,1,16777215,2026-03-10 10:20:21,27387101951,13,唯一能相信的只有自己,mygo,575884077
2026/3/10,181.261,1,16777215,2026-03-10 03:14:48,27387101951,13,唯一能相信的只有自己,mygo,575884077
26/3/10,146.955,1,16777215,2026-03-10 01:49:46,27387101951,13,唯一能相信的只有自己,mygo,575884077
2026/03/09,160.781,1,16777215,2026-03-09 22:51:39,27387101951,13,唯一能相信的只有自己,mygo,575884077
完结撒花 感谢陪伴,123.384,1,16777215,2026-03-09 21:58:44,27387101951,13,唯一能相信的只有自己,mygo,575884077
2026/3/9,171.421,1,16777215,2026-03-09 21:45:17,27387101951,13,唯一能相信的只有自己,mygo,575884077
完结撒花:2026/03/09,1382.144,1,16777215,2026-03-09 20:24:52,27387101951,13,唯一能相信的只有自己,mygo,575884077
2026/3/9,161.817,1,16777215,2026-03-09 20:09:18,27387101951,13,唯一能相信的只有自己,mygo,575884077
2026/3/9,154.516,1,16777215,2026-03-09 18:22:28,27387101951,13,唯一能相信的只有自己,mygo,575884077
26/3/9,151.36,1,16777215,2026-03-09 18:18:42,27387101951,13,唯一能相信的只有自己,mygo,575884077
完结撒花,1418.229,1,16777215,2026-03-09 14:09:13,27387101951,13,唯一能相信的只有自己,mygo,575884077
完结撒花,7.856,4,16777215,2026-03-09 05:04:46,27387101951,13,唯一能相信的只有自己,mygo,575884077
完结撒花,11.423,5,41194,2026-03-08 23:33:15,27387101951,13,唯一能相信的只有自己,mygo,575884077
2026/03/08,179.435,1,16777215,2026-03-08 17:47:34,27387101951,13,唯一能相信的只有自己,mygo,575884077
哈？,274.272,1,16777215,2026-03-08 17:33:18,27387101951,13,唯一能相信的只有自己,mygo,575884077
飞fish,469.023,1,16777215,2026-03-08 17:00:11,27387101951,13,唯一能相信的只有自己,mygo,575884077
完结撒花,13.92,1,16777215,2026-03-08 16:25:05,27387101951,13,唯一能相信的只有自己,mygo,575884077
完结撒花,1.481,5,16777215,2026-03-08 15:19:51,27387101951,13,唯一能相信的只有自己,mygo,575884077
完结撒花,1411.311,1,16777215,2026-03-08 15:01:47,27387101951,13,唯一能相信的只有自己,mygo,575884077
完结撒花,1406.375,1,16777215,2026-03-08 13:43:31,27387101951,13,唯一能相信的只有自己,mygo,575884077
音译就是欧布利瓦奥尼斯？,759.458,1,16777215,2026-03-08 10:57:21,27387101951,13,唯一能相信的只有自己,mygo,575884077
完结撒花！,1412.485,1,16777215,2026-03-08 08:16:24,27387101951,13,唯一能相信的只有自己,mygo,575884077
mujika乐队有俩人早已黑化,1213.494,1,16777215,2026-03-08 08:12:50,27387101951,13,唯一能相信的只有自己,mygo,575884077
立希：有牛啊,268.285,5,16777215,2026-03-08 05:10:11,27387101951,13,唯一能相信的只有自己,mygo,575884077
战斗开始,416.15,1,16777215,2026-03-08 02:14:49,27387101951,13,唯一能相信的只有自己,mygo,575884077
2026/3/7,173.577,1,16777215,2026-03-07 23:24:36,27387101951,13,唯一能相信的只有自己,mygo,575884077
还在一休尼,211.603,1,16777215,2026-03-07 23:03:17,27387101951,13,唯一能相信的只有自己,mygo,575884077
完结撒花，感谢陪伴！,1404.104,1,16777215,2026-03-07 22:42:02,27387101951,13,唯一能相信的只有自己,mygo,575884077
竟敢无视灯,437.483,1,16777215,2026-03-07 19:04:36,27387101951,13,唯一能相信的只有自己,mygo,575884077
是啊，怎么回事呢？,647.946,1,16777215,2026-03-07 14:51:25,27387101951,13,唯一能相信的只有自己,mygo,575884077
26/3/6,154.744,1,16777215,2026-03-07 14:37:34,27387101951,13,唯一能相信的只有自己,mygo,575884077
完结撒花,19.325,5,16777215,2026-03-07 04:06:07,27387101951,13,唯一能相信的只有自己,mygo,575884077
2026/3/7,141.936,1,16777215,2026-03-07 02:27:12,27387101951,13,唯一能相信的只有自己,mygo,575884077
完结撒花,1409.085,1,16777215,2026-03-07 01:40:23,27387101951,13,唯一能相信的只有自己,mygo,575884077
26.3.7,138.269,1,16777215,2026-03-07 01:18:58,27387101951,13,唯一能相信的只有自己,mygo,575884077
[前方高能],1079.703,1,0,2026-03-06 23:11:33,27387101951,13,唯一能相信的只有自己,mygo,575884077
草东没有派对,324.907,1,16777215,2026-03-06 23:06:31,27387101951,13,唯一能相信的只有自己,mygo,575884077
2026/3/6,153.386,5,16777215,2026-03-06 18:40:57,27387101951,13,唯一能相信的只有自己,mygo,575884077
2026/3/6,152.443,1,16777215,2026-03-06 18:40:45,27387101951,13,唯一能相信的只有自己,mygo,575884077
太帅了我草,1109.72,5,16707842,2026-03-06 17:04:13,27387101951,13,唯一能相信的只有自己,mygo,575884077
明显是祥的中二世界观的人设是姐妹罢了，不是真姐妹啊,896.629,5,16777215,2026-03-06 16:17:29,27387101951,13,唯一能相信的只有自己,mygo,575884077
太帅了,1096.374,5,16777215,2026-03-06 14:21:04,27387101951,13,唯一能相信的只有自己,mygo,575884077
空の箱,457.343,1,16777215,2026-03-06 07:36:24,27387101951,13,唯一能相信的只有自己,mygo,575884077
2026′3′5,152.854,1,16777215,2026-03-05 21:59:41,27387101951,13,唯一能相信的只有自己,mygo,575884077
26/3/5,143.203,1,16777215,2026-03-05 21:24:56,27387101951,13,唯一能相信的只有自己,mygo,575884077
26/3/5,136.739,1,41194,2026-03-05 17:31:04,27387101951,13,唯一能相信的只有自己,mygo,575884077
完结撒花！,1411.062,1,16777215,2026-03-05 15:23:02,27387101951,13,唯一能相信的只有自己,mygo,575884077
2026/3/5,183.318,1,16777215,2026-03-05 15:14:18,27387101951,13,唯一能相信的只有自己,mygo,575884077
完结！,10.324,1,14811775,2026-03-05 12:55:04,27387101951,13,唯一能相信的只有自己,mygo,575884077
26/3/5,150.079,1,16707842,2026-03-05 11:00:16,27387101951,13,唯一能相信的只有自己,mygo,575884077
26/3/4,139.498,1,16777215,2026-03-05 10:59:47,27387101951,13,唯一能相信的只有自己,mygo,575884077
2026/3/5,164.059,5,16777215,2026-03-05 03:19:38,27387101951,13,唯一能相信的只有自己,mygo,575884077
2026/3/4,158.061,1,16777215,2026-03-04 22:54:51,27387101951,13,唯一能相信的只有自己,mygo,575884077
工位上班，欢迎来聊,11.628,1,16777215,2026-03-04 22:32:54,27387101951,13,唯一能相信的只有自己,mygo,575884077
鼓：？,727.153,1,16777215,2026-03-04 21:48:59,27387101951,13,唯一能相信的只有自己,mygo,575884077
嗨害嗨,845.761,1,16777215,2026-03-04 21:45:55,27387101951,13,唯一能相信的只有自己,mygo,575884077
2026/03/04,158.219,1,16777215,2026-03-04 19:26:19,27387101951,13,唯一能相信的只有自己,mygo,575884077
2026/3/4,153.679,1,16777215,2026-03-04 14:28:55,27387101951,13,唯一能相信的只有自己,mygo,575884077
完结撒花，感谢陪伴,1408.917,1,16777215,2026-03-04 07:30:13,27387101951,13,唯一能相信的只有自己,mygo,575884077
faze,1344.394,1,16777215,2026-03-04 07:26:08,27387101951,13,唯一能相信的只有自己,mygo,575884077
完结撒花，感谢陪伴,667.974,1,16777215,2026-03-04 00:54:57,27387101951,13,唯一能相信的只有自己,mygo,575884077
2026年3月,118.58,1,16777215,2026-03-04 00:45:28,27387101951,13,唯一能相信的只有自己,mygo,575884077
可爱捏海铃,802.683,1,16777215,2026-03-04 00:43:34,27387101951,13,唯一能相信的只有自己,mygo,575884077
完结撒花，感谢陪伴,5.018,1,16777215,2026-03-04 00:43:14,27387101951,13,唯一能相信的只有自己,mygo,575884077
初华是不是想撮合苦来西苦想让祥子归队结果想错了,608.119,1,16777215,2026-03-04 00:34:58,27387101951,13,唯一能相信的只有自己,mygo,575884077
爱门,499.729,5,16777215,2026-03-04 00:32:31,27387101951,13,唯一能相信的只有自己,mygo,575884077
爱灯加油,475.56,5,16777215,2026-03-04 00:26:29,27387101951,13,唯一能相信的只有自己,mygo,575884077
爱音萌死了,455.9,5,16777215,2026-03-04 00:23:39,27387101951,13,唯一能相信的只有自己,mygo,575884077
soyo漂亮漂亮,243.934,5,16777215,2026-03-04 00:10:53,27387101951,13,唯一能相信的只有自己,mygo,575884077
完结撒花!,156.092,1,16777215,2026-03-03 23:50:16,27387101951,13,唯一能相信的只有自己,mygo,575884077
2026/3/3,166.156,1,16777215,2026-03-03 21:54:11,27387101951,13,唯一能相信的只有自己,mygo,575884077
立bushi,548.525,1,16777215,2026-03-03 21:39:39,27387101951,13,唯一能相信的只有自己,mygo,575884077
26.3.3！,135.111,1,16777215,2026-03-03 21:31:55,27387101951,13,唯一能相信的只有自己,mygo,575884077
2026/3/3（我不要开学QWQ）,131.939,1,16777215,2026-03-03 21:29:01,27387101951,13,唯一能相信的只有自己,mygo,575884077
2026/3/2,133.208,1,16777215,2026-03-03 21:23:37,27387101951,13,唯一能相信的只有自己,mygo,575884077
完结撒花，感谢陪伴！,37.875,1,16777215,2026-03-03 21:21:41,27387101951,13,唯一能相信的只有自己,mygo,575884077
完结撒花，感谢陪伴！,33.701,1,16777215,2026-03-03 21:21:32,27387101951,13,唯一能相信的只有自己,mygo,575884077
"2026,3,2",149.284,5,15138834,2026-03-03 20:21:18,27387101951,13,唯一能相信的只有自己,mygo,575884077
26/3/3,143.964,1,16777215,2026-03-03 20:10:39,27387101951,13,唯一能相信的只有自己,mygo,575884077
2026、3/3,148.211,1,16777215,2026-03-03 18:58:55,27387101951,13,唯一能相信的只有自己,mygo,575884077
2026/3/3,157.603,1,16777215,2026-03-03 17:20:12,27387101951,13,唯一能相信的只有自己,mygo,575884077
2026/3/3,160.35,5,16777215,2026-03-03 12:35:25,27387101951,13,唯一能相信的只有自己,mygo,575884077
完结撒花，感谢陪伴！！！,6.675,1,16777215,2026-03-03 11:33:15,27387101951,13,唯一能相信的只有自己,mygo,575884077
完结撒花，感谢陪伴！！！,5.272,1,16777215,2026-03-03 11:32:55,27387101951,13,唯一能相信的只有自己,mygo,575884077
完结撒花，感谢陪伴,3.221,1,16777215,2026-03-03 11:01:51,27387101951,13,唯一能相信的只有自己,mygo,575884077
26/3/3,132.776,1,16777215,2026-03-03 04:14:12,27387101951,13,唯一能相信的只有自己,mygo,575884077
2026/3/3,176.138,1,16777215,2026-03-03 04:13:47,27387101951,13,唯一能相信的只有自己,mygo,575884077
完结撒花,8.895,5,16777215,2026-03-03 02:15:06,27387101951,13,唯一能相信的只有自己,mygo,575884077
完结撒花,0.0,1,16777215,2026-03-03 00:08:55,27387101951,13,唯一能相信的只有自己,mygo,575884077
完结撒花,9.253,1,16777215,2026-03-02 23:25:22,27387101951,13,唯一能相信的只有自己,mygo,575884077
26/3/2,145.439,5,16777215,2026-03-02 23:06:56,27387101951,13,唯一能相信的只有自己,mygo,575884077
完结撒花,12.516,5,16777215,2026-03-02 23:04:05,27387101951,13,唯一能相信的只有自己,mygo,575884077
2026/3/2,159.538,5,16777215,2026-03-02 22:18:12,27387101951,13,唯一能相信的只有自己,mygo,575884077
2026/3/2,152.571,1,16777215,2026-03-02 21:44:50,27387101951,13,唯一能相信的只有自己,mygo,575884077
完结撒花，感谢陪伴,1415.942,1,16777215,2026-03-02 17:35:39,27387101951,13,唯一能相信的只有自己,mygo,575884077
2026/3/2,151.23,1,16777215,2026-03-02 17:16:19,27387101951,13,唯一能相信的只有自己,mygo,575884077
M游戏王,620.887,1,16777215,2026-03-02 16:10:38,27387101951,13,唯一能相信的只有自己,mygo,575884077
月亮出来了,898.225,1,16777215,2026-03-02 15:11:23,27387101951,13,唯一能相信的只有自己,mygo,575884077
到了母鸡卡全都不是似人,993.912,1,16777215,2026-03-02 14:09:46,27387101951,13,唯一能相信的只有自己,mygo,575884077
完结撒花！感谢陪伴！,1414.674,1,16777215,2026-03-02 13:06:55,27387101951,13,唯一能相信的只有自己,mygo,575884077
完结撒花！感谢陪伴！,7.46,1,16777215,2026-03-02 12:43:41,27387101951,13,唯一能相信的只有自己,mygo,575884077
大祥怎么连个鼓励都不给上来就上压力啊,1388.744,1,16777215,2026-03-02 12:09:33,27387101951,13,唯一能相信的只有自己,mygo,575884077
完结撒花,1414.969,1,16755202,2026-03-02 12:08:05,27387101951,13,唯一能相信的只有自己,mygo,575884077
99,515.862,1,16755202,2026-03-02 11:51:28,27387101951,13,唯一能相信的只有自己,mygo,575884077
2026     3     2,148.845,1,16755202,2026-03-02 11:45:01,27387101951,13,唯一能相信的只有自己,mygo,575884077
完结撒花,12.832,1,16777215,2026-03-02 11:42:00,27387101951,13,唯一能相信的只有自己,mygo,575884077
26/3/2,140.2,1,16777215,2026-03-02 11:37:09,27387101951,13,唯一能相信的只有自己,mygo,575884077
现在只有若叶睦爱音不认识了,655.772,1,16777215,2026-03-02 09:45:07,27387101951,13,唯一能相信的只有自己,mygo,575884077
前女友,447.806,1,16777215,2026-03-02 09:41:15,27387101951,13,唯一能相信的只有自己,mygo,575884077
抹茶很好吃啊,246.087,1,16777215,2026-03-02 09:37:47,27387101951,13,唯一能相信的只有自己,mygo,575884077
26/3/2,147.945,1,16777215,2026-03-02 09:35:59,27387101951,13,唯一能相信的只有自己,mygo,575884077
好看,158.504,1,16777215,2026-03-02 01:53:37,27387101951,13,唯一能相信的只有自己,mygo,575884077
完结撒花,5.8,1,16777215,2026-03-02 00:21:33,27387101951,13,唯一能相信的只有自己,mygo,575884077
2026/3/1,168.338,1,16777215,2026-03-01 22:54:29,27387101951,13,唯一能相信的只有自己,mygo,575884077
？。,973.053,1,16777215,2026-03-01 22:38:46,27387101951,13,唯一能相信的只有自己,mygo,575884077
henshn,838.226,1,16777215,2026-03-01 22:35:55,27387101951,13,唯一能相信的只有自己,mygo,575884077
2026/3/1,168.464,1,16777215,2026-03-01 21:28:40,27387101951,13,唯一能相信的只有自己,mygo,575884077
完结撒花！完结撒花！完结撒花！,1417.884,1,16777215,2026-03-01 20:37:35,27387101951,13,唯一能相信的只有自己,mygo,575884077
完结撒花！,7.948,1,16777215,2026-03-01 20:14:17,27387101951,13,唯一能相信的只有自己,mygo,575884077
我到现在都没明白你怎么以自我为中心了,331.92,1,16777215,2026-03-01 19:25:43,27387101951,13,唯一能相信的只有自己,mygo,575884077
kksk,1265.401,5,16777215,2026-03-01 18:39:04,27387101951,13,唯一能相信的只有自己,mygo,575884077
所有人都在意的是睦子米父母的闪耀，没人在意她,779.517,1,16777215,2026-03-01 17:35:28,27387101951,13,唯一能相信的只有自己,mygo,575884077
哈？,288.847,1,16777215,2026-03-01 16:56:16,27387101951,13,唯一能相信的只有自己,mygo,575884077
哈？,278.198,1,16777215,2026-03-01 16:56:05,27387101951,13,唯一能相信的只有自己,mygo,575884077
哈？,271.207,1,16777215,2026-03-01 16:55:48,27387101951,13,唯一能相信的只有自己,mygo,575884077
银河战舰的轰鸣,1093.72,1,16777215,2026-03-01 15:15:38,27387101951,13,唯一能相信的只有自己,mygo,575884077
完结撒花,9.3,1,16777215,2026-03-01 14:04:22,27387101951,13,唯一能相信的只有自己,mygo,575884077
喵姆喵姆喵姆喵姆,1094.98,5,14811775,2026-03-01 13:58:14,27387101951,13,唯一能相信的只有自己,mygo,575884077
喵姆我的,913.149,5,16707842,2026-03-01 13:55:16,27387101951,13,唯一能相信的只有自己,mygo,575884077
三      角        初        音,555.302,5,16707842,2026-03-01 13:50:28,27387101951,13,唯一能相信的只有自己,mygo,575884077
2026/3/1,167.183,1,16777215,2026-03-01 13:44:28,27387101951,13,唯一能相信的只有自己,mygo,575884077
nina：？,318.71,1,16777215,2026-03-01 12:55:04,27387101951,13,唯一能相信的只有自己,mygo,575884077
2026/3/1,146.829,1,16777215,2026-03-01 04:21:10,27387101951,13,唯一能相信的只有自己,mygo,575884077
妈妈,364.315,1,16777215,2026-03-01 04:04:28,27387101951,13,唯一能相信的只有自己,mygo,575884077
2026/3/1,163.671,1,16777215,2026-03-01 03:12:26,27387101951,13,唯一能相信的只有自己,mygo,575884077
养母鸡,805.189,1,16777215,2026-03-01 02:31:51,27387101951,13,唯一能相信的只有自己,mygo,575884077
2026/3/1,155.249,1,16777215,2026-03-01 02:20:01,27387101951,13,唯一能相信的只有自己,mygo,575884077
2026/3/1,158.525,5,16777215,2026-03-01 01:29:05,27387101951,13,唯一能相信的只有自己,mygo,575884077
完结撒花！,6.775,1,16777215,2026-03-01 01:06:37,27387101951,13,唯一能相信的只有自己,mygo,575884077
完结撒花,10.191,1,16777215,2026-03-01 00:42:13,27387101951,13,唯一能相信的只有自己,mygo,575884077
好想成为人类啊,954.827,1,16777215,2026-02-28 23:51:06,27387101951,13,唯一能相信的只有自己,mygo,575884077
完结撒花,36.623,1,16777215,2026-02-28 23:37:18,27387101951,13,唯一能相信的只有自己,mygo,575884077
祥子●▛▙祥子●▛▙祥子●▛▙祥子●▛▙祥子●▛▙祥子●▛▙祥子●▛▙祥子●▛▙祥子●▛▙祥子●▛▙祥子●▛▙祥子●▛▙,1085.655,1,16777215,2026-02-28 23:30:00,27387101951,13,唯一能相信的只有自己,mygo,575884077
2026/2/28,153.9,1,16777215,2026-02-28 23:24:07,27387101951,13,唯一能相信的只有自己,mygo,575884077
2026/2/28,176.808,1,16777215,2026-02-28 22:54:04,27387101951,13,唯一能相信的只有自己,mygo,575884077
客服祥子,15.097,1,16777215,2026-02-28 22:05:59,27387101951,13,唯一能相信的只有自己,mygo,575884077
2026/2/27,158.872,1,15138834,2026-02-28 19:59:10,27387101951,13,唯一能相信的只有自己,mygo,575884077
26年2月28日,127.945,1,16777215,2026-02-28 19:51:14,27387101951,13,唯一能相信的只有自己,mygo,575884077
波奇？何时来的？,486.801,1,16777215,2026-02-28 19:41:25,27387101951,13,唯一能相信的只有自己,mygo,575884077
这什么台词啊？（喜）,54.34,1,16777215,2026-02-28 19:26:17,27387101951,13,唯一能相信的只有自己,mygo,575884077
2026/2/28,163.657,1,16777215,2026-02-28 18:23:44,27387101951,13,唯一能相信的只有自己,mygo,575884077
2026/2/28,159.333,1,16777215,2026-02-28 16:33:02,27387101951,13,唯一能相信的只有自己,mygo,575884077
嘉欣？,894.429,1,16777215,2026-02-28 16:23:59,27387101951,13,唯一能相信的只有自己,mygo,575884077
26年2月28日,198.864,1,16777215,2026-02-28 15:46:27,27387101951,13,唯一能相信的只有自己,mygo,575884077
还是结束了吗？那完结撒花！,7.606,1,16777215,2026-02-28 15:42:22,27387101951,13,唯一能相信的只有自己,mygo,575884077
这面具和没戴有什么区别,849.618,5,41194,2026-02-28 15:03:44,27387101951,13,唯一能相信的只有自己,mygo,575884077
26/2/28,147.97,1,16777215,2026-02-28 12:19:44,27387101951,13,唯一能相信的只有自己,mygo,575884077
26/2/28,173.512,1,16777215,2026-02-28 11:53:35,27387101951,13,唯一能相信的只有自己,mygo,575884077
精彩回放来了,82.841,1,16777215,2026-02-28 10:07:03,27387101951,13,唯一能相信的只有自己,mygo,575884077
2026/02/28,155.163,1,16777215,2026-02-28 04:14:20,27387101951,13,唯一能相信的只有自己,mygo,575884077
2026/2/28,160.541,5,16777215,2026-02-28 02:45:14,27387101951,13,唯一能相信的只有自己,mygo,575884077
26/2/28,132.621,5,16777215,2026-02-28 02:01:57,27387101951,13,唯一能相信的只有自己,mygo,575884077
完结撒花2026/2/27,129.814,1,16777215,2026-02-27 23:55:31,27387101951,13,唯一能相信的只有自己,mygo,575884077
完结撒花,7.522,1,16777215,2026-02-27 21:59:07,27387101951,13,唯一能相信的只有自己,mygo,575884077
我宣布，对她我黑转粉了,322.808,1,16777215,2026-02-27 20:28:32,27387101951,13,唯一能相信的只有自己,mygo,575884077
26/2/27,150.645,1,16777215,2026-02-27 17:55:37,27387101951,13,唯一能相信的只有自己,mygo,575884077
爱音伟大,484.896,1,16777215,2026-02-27 17:43:40,27387101951,13,唯一能相信的只有自己,mygo,575884077
完结撒花,3.641,1,16777215,2026-02-27 14:19:21,27387101951,13,唯一能相信的只有自己,mygo,575884077
26/2/27,144.497,1,16777215,2026-02-27 14:00:11,27387101951,13,唯一能相信的只有自己,mygo,575884077
26/2/27,160.751,1,9487136,2026-02-27 12:58:20,27387101951,13,唯一能相信的只有自己,mygo,575884077
现在看，祥子和鲁路修真的好像,828.934,1,16777215,2026-02-27 12:01:57,27387101951,13,唯一能相信的只有自己,mygo,575884077
完结撒花感谢陪伴,1409.493,1,16777215,2026-02-27 10:27:57,27387101951,13,唯一能相信的只有自己,mygo,575884077
26/2/27,166.531,1,16777215,2026-02-27 08:07:27,27387101951,13,唯一能相信的只有自己,mygo,575884077
26/2/27,150.524,1,16777215,2026-02-27 04:09:21,27387101951,13,唯一能相信的只有自己,mygo,575884077
2026/2/27,157.949,1,16777215,2026-02-27 02:36:55,27387101951,13,唯一能相信的只有自己,mygo,575884077
有力气,1281.38,1,16777215,2026-02-27 01:56:53,27387101951,13,唯一能相信的只有自己,mygo,575884077
完结撒花,1407.324,1,16777215,2026-02-27 00:00:19,27387101951,13,唯一能相信的只有自己,mygo,575884077
2026／2／26,140.161,1,16777215,2026-02-26 22:36:54,27387101951,13,唯一能相信的只有自己,mygo,575884077
完结撒花！！！,166.988,1,16777215,2026-02-26 22:29:09,27387101951,13,唯一能相信的只有自己,mygo,575884077
26/2/26,149.67,1,16777215,2026-02-26 22:15:24,27387101951,13,唯一能相信的只有自己,mygo,575884077
26/2/26,153.49,1,16777215,2026-02-26 21:45:35,27387101951,13,唯一能相信的只有自己,mygo,575884077
26/2/26,147.634,1,16777215,2026-02-26 21:45:21,27387101951,13,唯一能相信的只有自己,mygo,575884077
完结撒花,1405.842,1,16777215,2026-02-26 20:23:20,27387101951,13,唯一能相信的只有自己,mygo,575884077
完结撒花，感谢陪伴！！！,6.015,5,41194,2026-02-26 20:15:38,27387101951,13,唯一能相信的只有自己,mygo,575884077
26/2/26,148.081,5,16777215,2026-02-26 20:14:51,27387101951,13,唯一能相信的只有自己,mygo,575884077
后面······是地狱呀,1396.582,1,16777215,2026-02-26 19:57:20,27387101951,13,唯一能相信的只有自己,mygo,575884077
哈？？,266.732,1,16777215,2026-02-26 19:57:15,27387101951,13,唯一能相信的只有自己,mygo,575884077
2026/2/26,124.583,1,16777215,2026-02-26 19:54:01,27387101951,13,唯一能相信的只有自己,mygo,575884077
完结撒花，感谢陪伴！,2.131,1,16777215,2026-02-26 19:50:49,27387101951,13,唯一能相信的只有自己,mygo,575884077
2026/2/26,164.113,5,16777215,2026-02-26 18:51:31,27387101951,13,唯一能相信的只有自己,mygo,575884077
完结撒花,1.643,5,16777215,2026-02-26 17:24:24,27387101951,13,唯一能相信的只有自己,mygo,575884077
26/2/26,141.727,1,16777215,2026-02-26 17:03:41,27387101951,13,唯一能相信的只有自己,mygo,575884077
大墨：我要复活了,809.856,1,16777215,2026-02-26 16:05:03,27387101951,13,唯一能相信的只有自己,mygo,575884077
阿尼莫斯,761.892,1,16777215,2026-02-26 16:04:15,27387101951,13,唯一能相信的只有自己,mygo,575884077
这简直就是我,323.521,1,16777215,2026-02-26 15:56:56,27387101951,13,唯一能相信的只有自己,mygo,575884077
这份荣光,208.404,1,16777215,2026-02-26 15:55:01,27387101951,13,唯一能相信的只有自己,mygo,575884077
2026/2/26,173.384,1,16777215,2026-02-26 15:50:11,27387101951,13,唯一能相信的只有自己,mygo,575884077
2026/2/26,145.711,1,16777215,2026-02-26 15:25:43,27387101951,13,唯一能相信的只有自己,mygo,575884077
26年2月26!!!!!,137.222,1,16777215,2026-02-26 15:15:16,27387101951,13,唯一能相信的只有自己,mygo,575884077
26/2/26,177.148,1,16777215,2026-02-26 12:51:28,27387101951,13,唯一能相信的只有自己,mygo,575884077
2026/2/26,143.61,1,16777215,2026-02-26 02:56:08,27387101951,13,唯一能相信的只有自己,mygo,575884077
2026/2/26,165.184,1,16777215,2026-02-26 02:09:41,27387101951,13,唯一能相信的只有自己,mygo,575884077
唾沫路欧比托那路,1156.484,5,16777215,2026-02-26 02:03:16,27387101951,13,唯一能相信的只有自己,mygo,575884077
哼！刀下亡魂,1156.484,5,16777215,2026-02-26 02:03:10,27387101951,13,唯一能相信的只有自己,mygo,575884077
2026/0226,152.33,1,9599289,2026-02-26 01:58:31,27387101951,13,唯一能相信的只有自己,mygo,575884077
26/2/26,151.207,1,16777215,2026-02-26 00:22:58,27387101951,13,唯一能相信的只有自己,mygo,575884077
喵梦的肩膀那里和腿关节都是粉色的好可爱,747.318,1,16777215,2026-02-26 00:10:05,27387101951,13,唯一能相信的只有自己,mygo,575884077
2026/2/26,165.752,1,16777215,2026-02-26 00:02:01,27387101951,13,唯一能相信的只有自己,mygo,575884077
2026/2/26,164.572,1,16777215,2026-02-26 00:01:25,27387101951,13,唯一能相信的只有自己,mygo,575884077
2026/2/24,141.347,1,16777215,2026-02-25 23:59:39,27387101951,13,唯一能相信的只有自己,mygo,575884077
2026/2/25,172.907,1,16777215,2026-02-25 23:52:24,27387101951,13,唯一能相信的只有自己,mygo,575884077
难绷,1.981,1,16777215,2026-02-25 23:31:31,27387101951,13,唯一能相信的只有自己,mygo,575884077
26/2/25,129.797,1,16777215,2026-02-25 23:22:09,27387101951,13,唯一能相信的只有自己,mygo,575884077
我还没看呢,553.694,1,16777215,2026-02-25 22:57:32,27387101951,13,唯一能相信的只有自己,mygo,575884077
尔等何人，速速退散,83.688,1,16777215,2026-02-25 22:48:44,27387101951,13,唯一能相信的只有自己,mygo,575884077
2026/2/25,157.913,1,16777215,2026-02-25 21:40:11,27387101951,13,唯一能相信的只有自己,mygo,575884077
还挺能喝,1420.003,1,16777215,2026-02-25 20:37:48,27387101951,13,唯一能相信的只有自己,mygo,575884077
妈妈,371.175,1,16777215,2026-02-25 19:09:45,27387101951,13,唯一能相信的只有自己,mygo,575884077
难绷,830.03,1,16777215,2026-02-25 18:35:47,27387101951,13,唯一能相信的只有自己,mygo,575884077
完结撒花,667.356,1,16777215,2026-02-25 18:33:17,27387101951,13,唯一能相信的只有自己,mygo,575884077
完结撒花,13.035,1,16777215,2026-02-25 17:48:59,27387101951,13,唯一能相信的只有自己,mygo,575884077
26/2/25,138.137,1,16777215,2026-02-25 17:15:42,27387101951,13,唯一能相信的只有自己,mygo,575884077
你舅宠他爸,168.925,1,16777215,2026-02-25 17:07:46,27387101951,13,唯一能相信的只有自己,mygo,575884077
26/2/25,141.007,1,16777215,2026-02-25 17:05:32,27387101951,13,唯一能相信的只有自己,mygo,575884077
kksk,1199.511,1,16777215,2026-02-25 16:17:42,27387101951,13,唯一能相信的只有自己,mygo,575884077
糟糕的台词,58.001,1,16777215,2026-02-25 15:01:40,27387101951,13,唯一能相信的只有自己,mygo,575884077
完结撒花,1414.515,1,16777215,2026-02-25 14:06:05,27387101951,13,唯一能相信的只有自己,mygo,575884077
26/2/25,137.862,1,16777215,2026-02-25 12:59:24,27387101951,13,唯一能相信的只有自己,mygo,575884077
完结撒花,11.939,1,16777215,2026-02-25 12:52:59,27387101951,13,唯一能相信的只有自己,mygo,575884077
26/2/25,159.023,1,16777215,2026-02-25 12:50:34,27387101951,13,唯一能相信的只有自己,mygo,575884077
2026/3/3,191.123,4,16777215,2026-02-25 12:09:40,27387101951,13,唯一能相信的只有自己,mygo,575884077
我不做人类了，jojo！！！,955.625,5,15138834,2026-02-25 10:10:24,27387101951,13,唯一能相信的只有自己,mygo,575884077
26|2|25,151.549,1,16777215,2026-02-25 09:53:43,27387101951,13,唯一能相信的只有自己,mygo,575884077
2026/2/25,154.468,5,16777215,2026-02-25 09:43:20,27387101951,13,唯一能相信的只有自己,mygo,575884077
完结散花，感谢陪伴！,167.643,5,13369971,2026-02-25 05:52:45,27387101951,13,唯一能相信的只有自己,mygo,575884077
哇，秒了,430.906,1,15138834,2026-02-25 00:55:35,27387101951,13,唯一能相信的只有自己,mygo,575884077
好多星星...,554.817,1,16777215,2026-02-25 00:04:31,27387101951,13,唯一能相信的只有自己,mygo,575884077
好努力。。。,522.012,1,16777215,2026-02-25 00:03:59,27387101951,13,唯一能相信的只有自己,mygo,575884077
好感动...,499.74,1,16777215,2026-02-25 00:03:36,27387101951,13,唯一能相信的只有自己,mygo,575884077
哈哈哈哈,1417.099,1,16777215,2026-02-24 23:15:24,27387101951,13,唯一能相信的只有自己,mygo,575884077
完结撒花,0.458,1,38979,2026-02-24 22:46:09,27387101951,13,唯一能相信的只有自己,mygo,575884077
完结撒花感谢陪伴,1412.782,1,16777215,2026-02-24 22:35:33,27387101951,13,唯一能相信的只有自己,mygo,575884077
完结撒花，感谢陪伴,5.704,1,16777215,2026-02-24 21:40:48,27387101951,13,唯一能相信的只有自己,mygo,575884077
26224,133.629,1,16777215,2026-02-24 21:22:39,27387101951,13,唯一能相信的只有自己,mygo,575884077
完结撒花！！！！！,8.448,1,16777215,2026-02-24 20:40:39,27387101951,13,唯一能相信的只有自己,mygo,575884077
完结撒花！！！！！,7.7,1,16777215,2026-02-24 20:40:00,27387101951,13,唯一能相信的只有自己,mygo,575884077
完结撒花,1418.222,1,16777215,2026-02-24 20:17:29,27387101951,13,唯一能相信的只有自己,mygo,575884077
完结撒花,6.668,1,16777215,2026-02-24 19:32:30,27387101951,13,唯一能相信的只有自己,mygo,575884077
完结撒花,1413.348,1,16777215,2026-02-24 19:29:48,27387101951,13,唯一能相信的只有自己,mygo,575884077
完结撒花，感谢陪伴,5.048,1,16777215,2026-02-24 19:08:07,27387101951,13,唯一能相信的只有自己,mygo,575884077
“祝你幸福的人其实是想和你永远在一起”,431.097,1,16777215,2026-02-24 19:05:25,27387101951,13,唯一能相信的只有自己,mygo,575884077
2026/2/24,156.829,1,16777215,2026-02-24 17:10:49,27387101951,13,唯一能相信的只有自己,mygo,575884077
666,11.911,1,16777215,2026-02-24 15:39:38,27387101951,13,唯一能相信的只有自己,mygo,575884077
26/2/24,130.859,1,16777215,2026-02-24 15:19:22,27387101951,13,唯一能相信的只有自己,mygo,575884077
2026/2/24,155.309,1,16777215,2026-02-24 15:11:07,27387101951,13,唯一能相信的只有自己,mygo,575884077
26/2/24,140.003,1,16777215,2026-02-24 14:57:25,27387101951,13,唯一能相信的只有自己,mygo,575884077
好听好听,1261.101,1,16777215,2026-02-24 12:57:00,27387101951,13,唯一能相信的只有自己,mygo,575884077
难不成你们缔结了守护天使契约,896.876,1,8700107,2026-02-24 11:44:51,27387101951,13,唯一能相信的只有自己,mygo,575884077
糟糕的台词,940.691,1,16777215,2026-02-24 10:32:30,27387101951,13,唯一能相信的只有自己,mygo,575884077
哈？,278.947,5,16777215,2026-02-24 10:13:27,27387101951,13,唯一能相信的只有自己,mygo,575884077
（长期素食时代,246.156,5,9599289,2026-02-24 10:12:41,27387101951,13,唯一能相信的只有自己,mygo,575884077
炸梦！这是我去！！！！！,154.764,5,9599289,2026-02-24 10:11:09,27387101951,13,唯一能相信的只有自己,mygo,575884077
《世界线收束后待人和善的鼓手》,135.554,5,9599289,2026-02-24 10:09:49,27387101951,13,唯一能相信的只有自己,mygo,575884077
《世界线收束后温柔的邻家大姐姐》,133.114,5,9599289,2026-02-24 10:09:21,27387101951,13,唯一能相信的只有自己,mygo,575884077
《技术超好的粉毛》,131.578,5,14811775,2026-02-24 10:08:48,27387101951,13,唯一能相信的只有自己,mygo,575884077
这还有人类吗？,937.403,1,16777215,2026-02-24 10:07:51,27387101951,13,唯一能相信的只有自己,mygo,575884077
最后一次力（悲,71.418,5,16777215,2026-02-24 10:07:22,27387101951,13,唯一能相信的只有自己,mygo,575884077
以下内容全文背诵,38.358,5,16777215,2026-02-24 10:06:39,27387101951,13,唯一能相信的只有自己,mygo,575884077
天呐，她唱的简直就是我,322.324,1,16777215,2026-02-24 09:57:27,27387101951,13,唯一能相信的只有自己,mygo,575884077
25/8/25,148.661,1,16777215,2026-02-24 09:26:04,27387101951,13,唯一能相信的只有自己,mygo,575884077
26/2/24,133.376,1,16777215,2026-02-24 09:13:03,27387101951,13,唯一能相信的只有自己,mygo,575884077
2026/2/24,141.912,1,41194,2026-02-24 04:14:52,27387101951,13,唯一能相信的只有自己,mygo,575884077
完结撒花，感谢陪伴！,3.375,5,16777215,2026-02-24 03:17:19,27387101951,13,唯一能相信的只有自己,mygo,575884077
saki酱…,593.377,1,16777215,2026-02-24 00:23:38,27387101951,13,唯一能相信的只有自己,mygo,575884077
仙台宫城约会の地点,468.086,1,16777215,2026-02-24 00:21:03,27387101951,13,唯一能相信的只有自己,mygo,575884077
2026/2/23,150.614,1,16777215,2026-02-23 23:37:25,27387101951,13,唯一能相信的只有自己,mygo,575884077
哈？,276.093,1,16777215,2026-02-23 23:34:06,27387101951,13,唯一能相信的只有自己,mygo,575884077
2026/2/23,159.997,1,16777215,2026-02-23 23:31:27,27387101951,13,唯一能相信的只有自己,mygo,575884077
完结撒花!!!!!,1.719,1,16777215,2026-02-23 23:26:06,27387101951,13,唯一能相信的只有自己,mygo,575884077
完结撒花，感谢陪伴！,1412.586,5,16777215,2026-02-23 22:34:08,27387101951,13,唯一能相信的只有自己,mygo,575884077
完结撒花,1406.65,1,16777215,2026-02-23 22:33:14,27387101951,13,唯一能相信的只有自己,mygo,575884077
哈？,273.91,1,16777215,2026-02-23 22:13:55,27387101951,13,唯一能相信的只有自己,mygo,575884077
2026/2/23,122.82,1,16777215,2026-02-23 22:11:00,27387101951,13,唯一能相信的只有自己,mygo,575884077
2026/2/23,125.45,1,16777215,2026-02-23 22:08:54,27387101951,13,唯一能相信的只有自己,mygo,575884077
完结撒花,4.8,1,16777215,2026-02-23 22:08:37,27387101951,13,唯一能相信的只有自己,mygo,575884077
26/2/23,132.958,1,16777215,2026-02-23 22:03:32,27387101951,13,唯一能相信的只有自己,mygo,575884077
2026/2/23,158.911,4,16777215,2026-02-23 21:29:36,27387101951,13,唯一能相信的只有自己,mygo,575884077
2026/2/23,155.051,1,16777215,2026-02-23 19:59:33,27387101951,13,唯一能相信的只有自己,mygo,575884077
兔妈摇篮曲?,885.14,1,16777215,2026-02-23 19:59:27,27387101951,13,唯一能相信的只有自己,mygo,575884077
完结撒花,1413.268,1,16777215,2026-02-23 19:28:09,27387101951,13,唯一能相信的只有自己,mygo,575884077
完结撒花～2026/2/23,1412.621,1,16777215,2026-02-23 18:39:32,27387101951,13,唯一能相信的只有自己,mygo,575884077
是isfj吧,361.735,1,16777215,2026-02-23 18:31:26,27387101951,13,唯一能相信的只有自己,mygo,575884077
2026/2/23,175.106,1,16777215,2026-02-23 18:29:44,27387101951,13,唯一能相信的只有自己,mygo,575884077
MISS,417.363,5,16707842,2026-02-23 18:08:03,27387101951,13,唯一能相信的只有自己,mygo,575884077
Boss进行曲,407.613,5,16777215,2026-02-23 17:37:33,27387101951,13,唯一能相信的只有自己,mygo,575884077
2026，2，23,156.849,5,16777215,2026-02-23 17:32:59,27387101951,13,唯一能相信的只有自己,mygo,575884077
完结撒花，感谢陪伴,4.992,5,16777215,2026-02-23 17:31:32,27387101951,13,唯一能相信的只有自己,mygo,575884077
2026/2/23,133.971,1,16777215,2026-02-23 17:20:38,27387101951,13,唯一能相信的只有自己,mygo,575884077
2026/2/23,148.101,1,16777215,2026-02-23 15:32:20,27387101951,13,唯一能相信的只有自己,mygo,575884077
小祥你幸福吗,1412.682,1,16777215,2026-02-23 13:56:35,27387101951,13,唯一能相信的只有自己,mygo,575884077
完结撒花,1406.09,1,16777215,2026-02-23 13:56:14,27387101951,13,唯一能相信的只有自己,mygo,575884077
2026/2/21,149.325,1,16777215,2026-02-23 12:18:20,27387101951,13,唯一能相信的只有自己,mygo,575884077
26、2/23,136.714,5,16646914,2026-02-23 07:43:38,27387101951,13,唯一能相信的只有自己,mygo,575884077
2026/2/23,140.472,1,16777215,2026-02-23 03:07:56,27387101951,13,唯一能相信的只有自己,mygo,575884077
2026/2/23,139.835,1,16777215,2026-02-23 02:35:02,27387101951,13,唯一能相信的只有自己,mygo,575884077
26/2/23,143.479,1,16777215,2026-02-23 01:27:47,27387101951,13,唯一能相信的只有自己,mygo,575884077
26/2/22,142.94,1,16777215,2026-02-23 00:16:09,27387101951,13,唯一能相信的只有自己,mygo,575884077
2026/2/22,157.037,1,16777215,2026-02-22 23:04:38,27387101951,13,唯一能相信的只有自己,mygo,575884077
26/2622,178.43,1,16777215,2026-02-22 21:27:51,27387101951,13,唯一能相信的只有自己,mygo,575884077
完结撒花，感谢陪伴,0.0,1,16777215,2026-02-22 21:02:49,27387101951,13,唯一能相信的只有自己,mygo,575884077
金属爽,29.299,1,38979,2026-02-22 20:31:30,27387101951,13,唯一能相信的只有自己,mygo,575884077
坏了，我在粥里宿舍用了这个,991.934,1,16777215,2026-02-22 19:56:54,27387101951,13,唯一能相信的只有自己,mygo,575884077
26/2/22,134.859,1,16777215,2026-02-22 19:46:16,27387101951,13,唯一能相信的只有自己,mygo,575884077
26/2/2,132.017,1,16777215,2026-02-22 19:46:08,27387101951,13,唯一能相信的只有自己,mygo,575884077
26/2/22,141.819,1,16777215,2026-02-22 19:17:11,27387101951,13,唯一能相信的只有自己,mygo,575884077
2026/2/22,159.566,1,16777215,2026-02-22 18:12:13,27387101951,13,唯一能相信的只有自己,mygo,575884077
2026/2/22,165.879,1,16777215,2026-02-22 16:33:59,27387101951,13,唯一能相信的只有自己,mygo,575884077
冷面笑匠,807.369,5,16707842,2026-02-22 16:01:47,27387101951,13,唯一能相信的只有自己,mygo,575884077
26/2/22,168.261,1,16777215,2026-02-22 15:59:44,27387101951,13,唯一能相信的只有自己,mygo,575884077
老灯笑死我了,383.539,1,16777215,2026-02-22 15:09:39,27387101951,13,唯一能相信的只有自己,mygo,575884077
26/2/22,136.503,1,16777215,2026-02-22 13:12:59,27387101951,13,唯一能相信的只有自己,mygo,575884077
爱灯赢,481.91,1,14811775,2026-02-22 12:52:46,27387101951,13,唯一能相信的只有自己,mygo,575884077
铲子,1062.795,1,16777215,2026-02-22 12:51:29,27387101951,13,唯一能相信的只有自己,mygo,575884077
铲子p,1064.168,1,16777215,2026-02-22 12:51:14,27387101951,13,唯一能相信的只有自己,mygo,575884077
完结撒花，感谢陪伴,1407.915,1,16777215,2026-02-22 12:51:09,27387101951,13,唯一能相信的只有自己,mygo,575884077
完结撒花,36.989,1,16777215,2026-02-22 12:27:24,27387101951,13,唯一能相信的只有自己,mygo,575884077
5555555爱音,544.09,1,16777215,2026-02-22 10:10:42,27387101951,13,唯一能相信的只有自己,mygo,575884077
何必呢祥，退团解散了也没必要跟仇人一样对待吧,431.484,1,16777215,2026-02-22 10:08:29,27387101951,13,唯一能相信的只有自己,mygo,575884077
Soyo心里可美呢吧,233.829,1,16777215,2026-02-22 10:04:21,27387101951,13,唯一能相信的只有自己,mygo,575884077
2026 2 22,159.31,1,16777215,2026-02-22 05:36:36,27387101951,13,唯一能相信的只有自己,mygo,575884077
企鹅视角,544.279,5,16777215,2026-02-22 02:17:03,27387101951,13,唯一能相信的只有自己,mygo,575884077
儿童用呀,477.207,5,16777215,2026-02-22 02:15:59,27387101951,13,唯一能相信的只有自己,mygo,575884077
爱灯 赢,464.919,5,16777215,2026-02-22 02:15:39,27387101951,13,唯一能相信的只有自己,mygo,575884077
神转场,390.807,1,16777215,2026-02-22 02:14:00,27387101951,13,唯一能相信的只有自己,mygo,575884077
啊，这13集真长啊,503.145,5,16777215,2026-02-22 01:34:37,27387101951,13,唯一能相信的只有自己,mygo,575884077
这里神了,489.896,5,16777215,2026-02-22 01:34:04,27387101951,13,唯一能相信的只有自己,mygo,575884077
让你发现了,53.906,5,16777215,2026-02-22 01:25:39,27387101951,13,唯一能相信的只有自己,mygo,575884077
2026/02/21,151.311,1,9033215,2026-02-21 23:27:00,27387101951,13,唯一能相信的只有自己,mygo,575884077
完结撒花！感谢陪伴！,39.31,1,9033215,2026-02-21 23:24:52,27387101951,13,唯一能相信的只有自己,mygo,575884077
26年2月,123.372,5,41194,2026-02-21 23:08:47,27387101951,13,唯一能相信的只有自己,mygo,575884077
银河战舰！,1113.47,1,16777215,2026-02-21 21:53:46,27387101951,13,唯一能相信的只有自己,mygo,575884077
完全胜利,68.369,5,16777215,2026-02-21 21:23:00,27387101951,13,唯一能相信的只有自己,mygo,575884077
好听,1255.778,1,16777215,2026-02-21 21:03:38,27387101951,13,唯一能相信的只有自己,mygo,575884077
2026/2/21,164.749,1,16777215,2026-02-21 20:53:04,27387101951,13,唯一能相信的只有自己,mygo,575884077
完结散花，感谢陪伴！,7.587,1,16777215,2026-02-21 20:20:59,27387101951,13,唯一能相信的只有自己,mygo,575884077
一股Yes的味道,1126.145,5,38979,2026-02-21 19:33:10,27387101951,13,唯一能相信的只有自己,mygo,575884077
26/2/21,149.029,1,16777215,2026-02-21 19:21:37,27387101951,13,唯一能相信的只有自己,mygo,575884077
月光三其实是速度金属，不是激流金属,418.497,5,15138834,2026-02-21 19:11:59,27387101951,13,唯一能相信的只有自己,mygo,575884077
26/2/21完结撒花,125.185,5,14811775,2026-02-21 19:03:09,27387101951,13,唯一能相信的只有自己,mygo,575884077
完结撒花！！！！！,5.141,1,16777215,2026-02-21 18:28:46,27387101951,13,唯一能相信的只有自己,mygo,575884077
2026/2/21,146.942,1,16777215,2026-02-21 18:10:18,27387101951,13,唯一能相信的只有自己,mygo,575884077
2026/2/21,155.581,1,16777215,2026-02-21 17:13:39,27387101951,13,唯一能相信的只有自己,mygo,575884077
2026\2\21,132.654,1,16777215,2026-02-21 16:44:49,27387101951,13,唯一能相信的只有自己,mygo,575884077
完结撒花，感谢陪伴,126.445,1,16777215,2026-02-21 16:43:52,27387101951,13,唯一能相信的只有自己,mygo,575884077
所以大祥老师邀请她是因为她长得像灯？,776.0,1,8700107,2026-02-21 16:26:50,27387101951,13,唯一能相信的只有自己,mygo,575884077
远旅？,868.316,1,14811775,2026-02-21 16:00:56,27387101951,13,唯一能相信的只有自己,mygo,575884077
2026 2 21,169.022,1,16777215,2026-02-21 15:11:02,27387101951,13,唯一能相信的只有自己,mygo,575884077
月光三((),401.089,1,16777215,2026-02-21 15:05:04,27387101951,13,唯一能相信的只有自己,mygo,575884077
2026/2/21,147.85,1,16777215,2026-02-21 12:47:34,27387101951,13,唯一能相信的只有自己,mygo,575884077
魅魔属性点满的企鹅,574.79,1,16777215,2026-02-21 11:55:27,27387101951,13,唯一能相信的只有自己,mygo,575884077
这个灯绝对是魅魔吧,569.998,1,16777215,2026-02-21 11:54:00,27387101951,13,唯一能相信的只有自己,mygo,575884077
我，无畏契约,1088.23,5,16777215,2026-02-21 09:16:52,27387101951,13,唯一能相信的只有自己,mygo,575884077
心之怪盗图（）,832.07,5,15138834,2026-02-21 07:39:10,27387101951,13,唯一能相信的只有自己,mygo,575884077
还阳？,1056.354,1,16777215,2026-02-21 05:33:29,27387101951,13,唯一能相信的只有自己,mygo,575884077
一群没母,965.123,1,16777215,2026-02-21 05:32:35,27387101951,13,唯一能相信的只有自己,mygo,575884077
新月舰队,1337.737,1,16777215,2026-02-21 04:48:46,27387101951,13,唯一能相信的只有自己,mygo,575884077
2026/2/21,165.063,1,16777215,2026-02-21 03:30:31,27387101951,13,唯一能相信的只有自己,mygo,575884077
开始吧！一辈子的约定。,230.818,1,41194,2026-02-21 02:47:17,27387101951,13,唯一能相信的只有自己,mygo,575884077
然而下一季结局她们又承认自己被忘却,1037.354,5,16777215,2026-02-21 02:06:48,27387101951,13,唯一能相信的只有自己,mygo,575884077
其实这里已经与颂乐人偶最后一集高度呼应了吗,878.342,5,16777215,2026-02-21 02:03:55,27387101951,13,唯一能相信的只有自己,mygo,575884077
26年2月21日,129.399,5,15772458,2026-02-21 01:15:05,27387101951,13,唯一能相信的只有自己,mygo,575884077
2026/2/20,143.948,1,16777215,2026-02-20 22:58:47,27387101951,13,唯一能相信的只有自己,mygo,575884077
2026/0/20,156.867,1,16777215,2026-02-20 22:09:11,27387101951,13,唯一能相信的只有自己,mygo,575884077
完结撒花,10.568,1,16777215,2026-02-20 22:06:28,27387101951,13,唯一能相信的只有自己,mygo,575884077
2026/2/20,157.652,1,16777215,2026-02-20 21:33:35,27387101951,13,唯一能相信的只有自己,mygo,575884077
完结撒花,1405.044,1,15138834,2026-02-20 20:44:34,27387101951,13,唯一能相信的只有自己,mygo,575884077
完结撒花,1406.789,1,16777215,2026-02-20 20:44:07,27387101951,13,唯一能相信的只有自己,mygo,575884077
爱灯这一块,505.434,5,13369971,2026-02-20 20:07:44,27387101951,13,唯一能相信的只有自己,mygo,575884077
26/2/20,151.303,1,16777215,2026-02-20 20:07:12,27387101951,13,唯一能相信的只有自己,mygo,575884077
2026年2月20日,119.383,5,15138834,2026-02-20 20:06:24,27387101951,13,唯一能相信的只有自己,mygo,575884077
完结撒花,1.62,5,15138834,2026-02-20 20:02:31,27387101951,13,唯一能相信的只有自己,mygo,575884077
2026/2/20,151.41,5,13369971,2026-02-20 20:01:19,27387101951,13,唯一能相信的只有自己,mygo,575884077
2026/2/20,142.844,1,16777215,2026-02-20 18:57:08,27387101951,13,唯一能相信的只有自己,mygo,575884077
2026/2/20,139.848,1,16777215,2026-02-20 17:56:04,27387101951,13,唯一能相信的只有自己,mygo,575884077
26/2/20,137.792,1,16777215,2026-02-20 17:34:26,27387101951,13,唯一能相信的只有自己,mygo,575884077
完结撒花,1419.019,5,16777215,2026-02-20 16:48:07,27387101951,13,唯一能相信的只有自己,mygo,575884077
2026/2/20,160.581,1,16777215,2026-02-20 16:05:45,27387101951,13,唯一能相信的只有自己,mygo,575884077
2026/2/20,147.666,1,16777215,2026-02-20 15:43:46,27387101951,13,唯一能相信的只有自己,mygo,575884077
26/2/20,134.995,1,16777215,2026-02-20 14:46:02,27387101951,13,唯一能相信的只有自己,mygo,575884077
2026、2、20,120.413,1,16777215,2026-02-20 14:34:19,27387101951,13,唯一能相信的只有自己,mygo,575884077
完结撒花！,6.919,1,16777215,2026-02-20 14:31:26,27387101951,13,唯一能相信的只有自己,mygo,575884077
BANDAI的财团B的大手啊,475.975,5,16777215,2026-02-20 13:35:30,27387101951,13,唯一能相信的只有自己,mygo,575884077
还是你最可爱呀,541.415,5,16777215,2026-02-20 12:54:53,27387101951,13,唯一能相信的只有自己,mygo,575884077
我决定成立千早爱音女士保护协会,450.525,5,16777215,2026-02-20 12:53:24,27387101951,13,唯一能相信的只有自己,mygo,575884077
26/2/20,126.758,1,16777215,2026-02-20 12:49:20,27387101951,13,唯一能相信的只有自己,mygo,575884077
詹诸吞月,976.466,1,16777215,2026-02-20 12:23:26,27387101951,13,唯一能相信的只有自己,mygo,575884077
26/2/19  完结撒花，感谢陪伴。,158.871,1,16777215,2026-02-20 12:00:59,27387101951,13,唯一能相信的只有自己,mygo,575884077
感谢陪伴。,147.24,1,16777215,2026-02-20 12:00:23,27387101951,13,唯一能相信的只有自己,mygo,575884077
完结散花谢陪伴,10.87,1,16777215,2026-02-20 11:57:31,27387101951,13,唯一能相信的只有自己,mygo,575884077
FAZE CLAN,1109.916,1,15138834,2026-02-20 11:01:59,27387101951,13,唯一能相信的只有自己,mygo,575884077
2026/02/20,149.844,1,16777215,2026-02-20 05:13:22,27387101951,13,唯一能相信的只有自己,mygo,575884077
完结撒花,57.509,1,16777215,2026-02-20 04:26:26,27387101951,13,唯一能相信的只有自己,mygo,575884077
2026/2/20,146.002,1,16777215,2026-02-20 02:30:27,27387101951,13,唯一能相信的只有自己,mygo,575884077
猫猫:爽吃！,168.578,5,16777215,2026-02-20 01:03:38,27387101951,13,唯一能相信的只有自己,mygo,575884077
完结撒花！！！！,10.38,1,16777215,2026-02-20 01:00:53,27387101951,13,唯一能相信的只有自己,mygo,575884077
月之泣,398.721,1,6830715,2026-02-20 00:56:35,27387101951,13,唯一能相信的只有自己,mygo,575884077
2026/2/20,160.446,1,16777215,2026-02-20 00:53:39,27387101951,13,唯一能相信的只有自己,mygo,575884077
天啊，心疼……,1417.3,1,41194,2026-02-19 22:50:08,27387101951,13,唯一能相信的只有自己,mygo,575884077
完结撒花，感谢陪伴,1416.787,1,16777215,2026-02-19 22:48:52,27387101951,13,唯一能相信的只有自己,mygo,575884077
我去这段贝斯太帅了……,1293.224,1,41194,2026-02-19 22:46:50,27387101951,13,唯一能相信的只有自己,mygo,575884077
虽然但是前奏真的好好听好帅,1095.508,1,16777215,2026-02-19 22:39:57,27387101951,13,唯一能相信的只有自己,mygo,575884077
kksk,1094.098,1,16777215,2026-02-19 22:39:06,27387101951,13,唯一能相信的只有自己,mygo,575884077
好中二啊……,1051.305,1,16777215,2026-02-19 22:35:49,27387101951,13,唯一能相信的只有自己,mygo,575884077
这些动作真的很歌剧了,1015.304,1,16777215,2026-02-19 22:33:28,27387101951,13,唯一能相信的只有自己,mygo,575884077
别的不说，演技是真好,947.383,1,16777215,2026-02-19 22:29:30,27387101951,13,唯一能相信的只有自己,mygo,575884077
已经没有人类了？,927.036,1,16777215,2026-02-19 22:25:44,27387101951,13,唯一能相信的只有自己,mygo,575884077
26年大年初三,129.618,1,16777215,2026-02-19 22:10:11,27387101951,13,唯一能相信的只有自己,mygo,575884077
诗人？,928.883,1,16777215,2026-02-19 22:06:43,27387101951,13,唯一能相信的只有自己,mygo,575884077
这里有点evaq的感觉是咋回事（虽然有点ky,811.538,1,16777215,2026-02-19 22:04:24,27387101951,13,唯一能相信的只有自己,mygo,575884077
四了,798.912,1,16777215,2026-02-19 22:02:51,27387101951,13,唯一能相信的只有自己,mygo,575884077
这里嵌一个小祥的镜头就雕堡了,546.144,1,16777215,2026-02-19 21:58:29,27387101951,13,唯一能相信的只有自己,mygo,575884077
2026/2/19,130.22,1,16777215,2026-02-19 21:17:56,27387101951,13,唯一能相信的只有自己,mygo,575884077
鸭母鸡,805.982,1,16777215,2026-02-19 21:14:24,27387101951,13,唯一能相信的只有自己,mygo,575884077
？为什么要把这一集加进迷途之子这部番里面！,941.578,1,15138834,2026-02-19 20:56:54,27387101951,13,唯一能相信的只有自己,mygo,575884077
《少女乐队番》,885.763,1,15138834,2026-02-19 20:54:37,27387101951,13,唯一能相信的只有自己,mygo,575884077
绷不住了,834.246,1,9487136,2026-02-19 20:53:02,27387101951,13,唯一能相信的只有自己,mygo,575884077
波奇？,485.904,1,16777215,2026-02-19 19:45:42,27387101951,13,唯一能相信的只有自己,mygo,575884077
2026/2/19,148.471,1,16777215,2026-02-19 19:39:44,27387101951,13,唯一能相信的只有自己,mygo,575884077
26/2/19,190.295,1,16777215,2026-02-19 18:40:25,27387101951,13,唯一能相信的只有自己,mygo,575884077
2026 2 19,151.244,1,16777215,2026-02-19 18:08:46,27387101951,13,唯一能相信的只有自己,mygo,575884077
这也太中二了。,859.274,1,41194,2026-02-19 17:53:00,27387101951,13,唯一能相信的只有自己,mygo,575884077
祥子和初华的面具是对称的耶,842.33,1,41194,2026-02-19 17:52:21,27387101951,13,唯一能相信的只有自己,mygo,575884077
灯:我们上次也没自我介绍吧,564.804,1,16777215,2026-02-19 17:39:23,27387101951,13,唯一能相信的只有自己,mygo,575884077
我去！！！,488.753,1,14811775,2026-02-19 17:36:44,27387101951,13,唯一能相信的只有自己,mygo,575884077
歌词来了,482.349,1,16777215,2026-02-19 17:36:25,27387101951,13,唯一能相信的只有自己,mygo,575884077
按住猫头也太可爱了吧！！,166.94,1,14811775,2026-02-19 17:27:59,27387101951,13,唯一能相信的只有自己,mygo,575884077
2026/2/19,158.396,1,16777215,2026-02-19 17:04:42,27387101951,13,唯一能相信的只有自己,mygo,575884077
26/2/9,137.718,1,16777215,2026-02-19 16:56:35,27387101951,13,唯一能相信的只有自己,mygo,575884077
夏亚同款面具人,842.682,1,16777215,2026-02-19 16:20:57,27387101951,13,唯一能相信的只有自己,mygo,575884077
完结撒花,678.995,5,16777215,2026-02-19 14:11:41,27387101951,13,唯一能相信的只有自己,mygo,575884077
1  4  5  3,1272.207,5,38979,2026-02-19 12:38:35,27387101951,13,唯一能相信的只有自己,mygo,575884077
奥斯曼,1223.984,5,38979,2026-02-19 12:37:25,27387101951,13,唯一能相信的只有自己,mygo,575884077
灯皇,244.581,1,41194,2026-02-19 11:24:43,27387101951,13,唯一能相信的只有自己,mygo,575884077
26/2/19,1415.054,1,16777215,2026-02-19 10:03:44,27387101951,13,唯一能相信的只有自己,mygo,575884077
26/2/19,133.187,1,16777215,2026-02-19 09:41:55,27387101951,13,唯一能相信的只有自己,mygo,575884077
完结撒花,81.245,1,16777215,2026-02-19 09:40:54,27387101951,13,唯一能相信的只有自己,mygo,575884077
2026/2/19,137.81,1,16777215,2026-02-19 02:27:52,27387101951,13,唯一能相信的只有自己,mygo,575884077
完结撒花，感谢陪伴,1414.459,4,16777215,2026-02-19 01:25:36,27387101951,13,唯一能相信的只有自己,mygo,575884077
完结撒花，感谢陪伴,1410.565,1,16777215,2026-02-19 01:25:14,27387101951,13,唯一能相信的只有自己,mygo,575884077
saki酱●▛▙saki酱●▛▙saki酱●▛▙saki酱●▛▙saki酱●▛▙saki酱●▛▙,702.465,1,16777215,2026-02-19 00:44:04,27387101951,13,唯一能相信的只有自己,mygo,575884077
2026/2/18,130.163,1,16777215,2026-02-18 21:43:28,27387101951,13,唯一能相信的只有自己,mygo,575884077
2026/2/18,141.359,1,16777215,2026-02-18 20:18:13,27387101951,13,唯一能相信的只有自己,mygo,575884077
你也是泰勒斯威夫特,65.884,1,16777215,2026-02-18 20:17:15,27387101951,13,唯一能相信的只有自己,mygo,575884077
她没有麦怎么唱的,1148.76,1,16777215,2026-02-18 16:41:15,27387101951,13,唯一能相信的只有自己,mygo,575884077
来力！,1102.037,1,16777215,2026-02-18 15:14:01,27387101951,13,唯一能相信的只有自己,mygo,575884077
完结撒花，感谢陪伴,1410.195,1,16777215,2026-02-18 13:13:37,27387101951,13,唯一能相信的只有自己,mygo,575884077
万能的呀撒西,588.2,1,16777215,2026-02-18 12:59:54,27387101951,13,唯一能相信的只有自己,mygo,575884077
这就是金属！,1101.951,1,16777215,2026-02-18 12:51:21,27387101951,13,唯一能相信的只有自己,mygo,575884077
完结撒花,15.695,1,16777215,2026-02-18 12:30:06,27387101951,13,唯一能相信的只有自己,mygo,575884077
2026/2/18,168.296,1,16777215,2026-02-18 12:05:02,27387101951,13,唯一能相信的只有自己,mygo,575884077
26/26/2/18,154.349,1,16777215,2026-02-18 11:05:00,27387101951,13,唯一能相信的只有自己,mygo,575884077
OP一次都没跳过,104.451,1,16777215,2026-02-18 11:03:39,27387101951,13,唯一能相信的只有自己,mygo,575884077
完结撒花,15.751,1,16777215,2026-02-18 11:00:48,27387101951,13,唯一能相信的只有自己,mygo,575884077
好中二，,989.283,1,16777215,2026-02-18 09:50:46,27387101951,13,唯一能相信的只有自己,mygo,575884077
我要杀了你,427.743,5,16765698,2026-02-18 08:44:40,27387101951,13,唯一能相信的只有自己,mygo,575884077
哈？！,265.304,5,6830715,2026-02-18 03:34:44,27387101951,13,唯一能相信的只有自己,mygo,575884077
2026/2/18,150.378,1,16777215,2026-02-18 03:33:37,27387101951,13,唯一能相信的只有自己,mygo,575884077
完结撒花！,2.29,1,16777215,2026-02-18 03:30:02,27387101951,13,唯一能相信的只有自己,mygo,575884077
华灯初上！！,606.703,1,16777215,2026-02-18 02:00:51,27387101951,13,唯一能相信的只有自己,mygo,575884077
2026/2/18,144.467,1,16777215,2026-02-18 01:46:30,27387101951,13,唯一能相信的只有自己,mygo,575884077
完结撒花,1419.347,5,16777215,2026-02-18 01:31:03,27387101951,13,唯一能相信的只有自己,mygo,575884077
2026/2/17,127.94,1,16777215,2026-02-17 23:20:49,27387101951,13,唯一能相信的只有自己,mygo,575884077
2026/2/17,168.981,1,16777215,2026-02-17 17:37:01,27387101951,13,唯一能相信的只有自己,mygo,575884077
事故多发地,569.5,5,16777215,2026-02-17 16:19:11,27387101951,13,唯一能相信的只有自己,mygo,575884077
中二…,1003.042,1,16777215,2026-02-17 11:43:07,27387101951,13,唯一能相信的只有自己,mygo,575884077
26/2/17,131.166,1,16777215,2026-02-17 09:36:21,27387101951,13,唯一能相信的只有自己,mygo,575884077
这个简直就是我,333.794,1,16777215,2026-02-17 03:49:30,27387101951,13,唯一能相信的只有自己,mygo,575884077
2026/2/16,142.574,1,16777215,2026-02-16 23:13:50,27387101951,13,唯一能相信的只有自己,mygo,575884077
26年除夕夜,117.509,5,16777215,2026-02-16 22:49:39,27387101951,13,唯一能相信的只有自己,mygo,575884077
2026/2/16新年好,170.641,1,16777215,2026-02-16 22:36:57,27387101951,13,唯一能相信的只有自己,mygo,575884077
绿袖子,873.635,5,16777215,2026-02-16 22:32:40,27387101951,13,唯一能相信的只有自己,mygo,575884077
睦头一动不动的好可爱,707.984,1,16777215,2026-02-16 22:13:00,27387101951,13,唯一能相信的只有自己,mygo,575884077
开live时依旧老奶奶跳霹雳舞,534.814,1,16777215,2026-02-16 22:10:04,27387101951,13,唯一能相信的只有自己,mygo,575884077
爱灯99,526.942,1,16777215,2026-02-16 22:09:10,27387101951,13,唯一能相信的只有自己,mygo,575884077
爱灯是对的,497.06,1,16777215,2026-02-16 22:08:34,27387101951,13,唯一能相信的只有自己,mygo,575884077
soyo麻麻,346.709,1,16777215,2026-02-16 22:06:08,27387101951,13,唯一能相信的只有自己,mygo,575884077
天呐，这简直就是我,325.837,1,16777215,2026-02-16 22:04:25,27387101951,13,唯一能相信的只有自己,mygo,575884077
2026/2/16,150.67,1,16777215,2026-02-16 21:50:16,27387101951,13,唯一能相信的只有自己,mygo,575884077
26/2/16,141.801,1,16777215,2026-02-16 19:29:23,27387101951,13,唯一能相信的只有自己,mygo,575884077
完结撒花,6.62,1,16777215,2026-02-16 19:27:28,27387101951,13,唯一能相信的只有自己,mygo,575884077
补番人就此止步 不要打开下一部,1403.454,1,16777215,2026-02-16 19:24:57,27387101951,13,唯一能相信的只有自己,mygo,575884077
完结撒花，感谢陪伴,9.977,5,16777215,2026-02-16 19:24:32,27387101951,13,唯一能相信的只有自己,mygo,575884077
完结撒花，感谢陪伴,1.271,5,16777215,2026-02-16 17:16:58,27387101951,13,唯一能相信的只有自己,mygo,575884077
完结撒花 感谢陪伴！,1404.886,1,16777215,2026-02-16 17:08:09,27387101951,13,唯一能相信的只有自己,mygo,575884077
2026/2/16,146.003,1,16777215,2026-02-16 16:58:47,27387101951,13,唯一能相信的只有自己,mygo,575884077
2026/2/16,148.7,1,16777215,2026-02-16 16:05:03,27387101951,13,唯一能相信的只有自己,mygo,575884077
完结撒花,1413.749,1,16777215,2026-02-16 13:44:15,27387101951,13,唯一能相信的只有自己,mygo,575884077
完结撒花,8.599,1,16777215,2026-02-16 13:38:59,27387101951,13,唯一能相信的只有自己,mygo,575884077
爆！,421.782,1,16777215,2026-02-16 11:14:40,27387101951,13,唯一能相信的只有自己,mygo,575884077
哈？,266.881,1,16777215,2026-02-16 11:11:11,27387101951,13,唯一能相信的只有自己,mygo,575884077
猫猫可爱,171.883,1,16777215,2026-02-16 11:08:56,27387101951,13,唯一能相信的只有自己,mygo,575884077
看把猫馋的,167.19,1,16777215,2026-02-16 11:07:33,27387101951,13,唯一能相信的只有自己,mygo,575884077
2026/2/16,159.723,1,16777215,2026-02-16 11:06:44,27387101951,13,唯一能相信的只有自己,mygo,575884077
完结撒花 感谢陪伴！,5.419,1,16777215,2026-02-16 11:04:27,27387101951,13,唯一能相信的只有自己,mygo,575884077
25/2/16,148.458,4,16707842,2026-02-16 09:53:10,27387101951,13,唯一能相信的只有自己,mygo,575884077
完结撒花！！！,12.284,1,16777215,2026-02-16 03:07:51,27387101951,13,唯一能相信的只有自己,mygo,575884077
26/2/16,146.619,1,16777215,2026-02-16 01:02:10,27387101951,13,唯一能相信的只有自己,mygo,575884077
2026/2/15,140.789,1,16777215,2026-02-15 23:48:23,27387101951,13,唯一能相信的只有自己,mygo,575884077
26/2/15的这么多吗,139.286,1,16777215,2026-02-15 23:34:27,27387101951,13,唯一能相信的只有自己,mygo,575884077
完结撒花,3.764,1,16777215,2026-02-15 23:24:43,27387101951,13,唯一能相信的只有自己,mygo,575884077
26/2/15,136.157,1,16777215,2026-02-15 23:06:26,27387101951,13,唯一能相信的只有自己,mygo,575884077
银河战舰3.0,1094.366,5,16777215,2026-02-15 22:56:33,27387101951,13,唯一能相信的只有自己,mygo,575884077
帅气初华,1086.053,5,15138834,2026-02-15 22:05:38,27387101951,13,唯一能相信的只有自己,mygo,575884077
三大约会圣地，游乐园，电影院，还有…水族馆,503.632,4,41194,2026-02-15 21:57:34,27387101951,13,唯一能相信的只有自己,mygo,575884077
不当大家的“长崎素世”，而选择成为自己，对应了迷星叫的主旨“成为我自己”,358.052,5,15138834,2026-02-15 21:53:10,27387101951,13,唯一能相信的只有自己,mygo,575884077
26/2/15,122.288,5,15138834,2026-02-15 21:49:31,27387101951,13,唯一能相信的只有自己,mygo,575884077
2026/2/15,146.318,1,16777215,2026-02-15 21:44:51,27387101951,13,唯一能相信的只有自己,mygo,575884077
投祥了…太好听,1298.259,1,16777215,2026-02-15 21:28:28,27387101951,13,唯一能相信的只有自己,mygo,575884077
2026/2/15,134.073,1,16777215,2026-02-15 21:19:58,27387101951,13,唯一能相信的只有自己,mygo,575884077
？什么莫名其妙的台词,74.061,1,16777215,2026-02-15 20:47:28,27387101951,13,唯一能相信的只有自己,mygo,575884077
爱音喜欢追星啊,581.037,1,16777215,2026-02-15 20:46:42,27387101951,13,唯一能相信的只有自己,mygo,575884077
2026/2/15,147.341,1,16777215,2026-02-15 20:11:15,27387101951,13,唯一能相信的只有自己,mygo,575884077
致敬传奇耐喝王丰川清告,1414.844,1,16777215,2026-02-15 19:04:09,27387101951,13,唯一能相信的只有自己,mygo,575884077
弥撒,883.985,1,16777215,2026-02-15 18:58:00,27387101951,13,唯一能相信的只有自己,mygo,575884077
2026/2/15,154.463,5,16777215,2026-02-15 18:39:58,27387101951,13,唯一能相信的只有自己,mygo,575884077
boku是中性词哦,1005.347,1,16777215,2026-02-15 18:16:56,27387101951,13,唯一能相信的只有自己,mygo,575884077
完结撒花,1402.941,5,16777215,2026-02-15 18:14:00,27387101951,13,唯一能相信的只有自己,mygo,575884077
2026/2/15,145.003,1,16777215,2026-02-15 18:05:05,27387101951,13,唯一能相信的只有自己,mygo,575884077
2026/2/15,160.98,1,16777215,2026-02-15 17:41:30,27387101951,13,唯一能相信的只有自己,mygo,575884077
2026/2/15,138.201,1,16777215,2026-02-15 16:59:58,27387101951,13,唯一能相信的只有自己,mygo,575884077
完结撒花！！！！！,131.06,1,16777215,2026-02-15 14:22:50,27387101951,13,唯一能相信的只有自己,mygo,575884077
不死族加五,241.33,1,16777215,2026-02-15 14:13:38,27387101951,13,唯一能相信的只有自己,mygo,575884077
客服小祥,12.341,1,11890,2026-02-15 14:00:52,27387101951,13,唯一能相信的只有自己,mygo,575884077
六兆年（,1156.767,1,16777215,2026-02-15 13:51:02,27387101951,13,唯一能相信的只有自己,mygo,575884077
哇塞,90.693,1,16777215,2026-02-15 13:42:38,27387101951,13,唯一能相信的只有自己,mygo,575884077
26/2/15,138.579,1,16777215,2026-02-15 12:05:18,27387101951,13,唯一能相信的只有自己,mygo,575884077
26/2/15,127.648,1,16777215,2026-02-15 03:39:47,27387101951,13,唯一能相信的只有自己,mygo,575884077
投了,1293.284,1,16777215,2026-02-15 03:34:51,27387101951,13,唯一能相信的只有自己,mygo,575884077
更软了,71.829,1,16777215,2026-02-15 02:12:56,27387101951,13,唯一能相信的只有自己,mygo,575884077
2026/2/15,163.197,1,16777215,2026-02-15 01:34:28,27387101951,13,唯一能相信的只有自己,mygo,575884077
怎么到了这里，还有重返未来在追我,881.846,1,16777215,2026-02-15 00:47:26,27387101951,13,唯一能相信的只有自己,mygo,575884077
完结撒花,7.998,1,16777215,2026-02-15 00:46:01,27387101951,13,唯一能相信的只有自己,mygo,575884077
挟灯皇以令诸侯,192.111,5,16777215,2026-02-14 23:29:15,27387101951,13,唯一能相信的只有自己,mygo,575884077
Roland FA08,1107.312,4,15138834,2026-02-14 22:04:05,27387101951,13,唯一能相信的只有自己,mygo,575884077
急了她急了,401.92,4,16777215,2026-02-14 21:49:25,27387101951,13,唯一能相信的只有自己,mygo,575884077
幻听绝区零,1119.658,1,16777215,2026-02-14 21:41:06,27387101951,13,唯一能相信的只有自己,mygo,575884077
2026/2/14,162.639,1,16777215,2026-02-14 21:33:56,27387101951,13,唯一能相信的只有自己,mygo,575884077
26/2/14,191.298,1,16777215,2026-02-14 17:15:23,27387101951,13,唯一能相信的只有自己,mygo,575884077
2026/2/14,165.829,1,16777215,2026-02-14 16:33:33,27387101951,13,唯一能相信的只有自己,mygo,575884077
2026/2/14,155.382,1,16777215,2026-02-14 15:40:16,27387101951,13,唯一能相信的只有自己,mygo,575884077
2026/2/14,159.633,1,41194,2026-02-14 15:30:31,27387101951,13,唯一能相信的只有自己,mygo,575884077
2026/2/14完结撒花,149.668,1,16777215,2026-02-14 13:51:38,27387101951,13,唯一能相信的只有自己,mygo,575884077
26/2/14,141.081,1,16777215,2026-02-14 12:31:28,27387101951,13,唯一能相信的只有自己,mygo,575884077
26年2月14日,127.741,1,16777215,2026-02-14 11:14:32,27387101951,13,唯一能相信的只有自己,mygo,575884077
2026/2/14,183.106,1,16777215,2026-02-14 03:09:30,27387101951,13,唯一能相信的只有自己,mygo,575884077
春日影（不是）,908.77,4,16707842,2026-02-14 00:26:43,27387101951,13,唯一能相信的只有自己,mygo,575884077
动作娴熟,632.094,4,16777215,2026-02-14 00:21:07,27387101951,13,唯一能相信的只有自己,mygo,575884077
原来我回来了,383.141,4,6830715,2026-02-14 00:15:46,27387101951,13,唯一能相信的只有自己,mygo,575884077
完结撒花,77.735,1,16777215,2026-02-13 22:31:19,27387101951,13,唯一能相信的只有自己,mygo,575884077
完结撒花,3.239,1,16777215,2026-02-13 22:25:20,27387101951,13,唯一能相信的只有自己,mygo,575884077
26/2/13,138.599,1,16777215,2026-02-13 20:42:59,27387101951,13,唯一能相信的只有自己,mygo,575884077
完结撒花,7.335,1,16777215,2026-02-13 20:39:29,27387101951,13,唯一能相信的只有自己,mygo,575884077
完结撒花,104.318,1,16777215,2026-02-13 20:25:54,27387101951,13,唯一能相信的只有自己,mygo,575884077
KKSK,1140.663,1,16777215,2026-02-13 20:25:22,27387101951,13,唯一能相信的只有自己,mygo,575884077
假面舞会！？,1355.366,5,16777215,2026-02-13 20:13:02,27387101951,13,唯一能相信的只有自己,mygo,575884077
石鬼面,845.258,1,16777215,2026-02-13 19:16:43,27387101951,13,唯一能相信的只有自己,mygo,575884077
客服大祥,18.99,1,16777215,2026-02-13 19:07:52,27387101951,13,唯一能相信的只有自己,mygo,575884077
26/2/13,124.426,1,16777215,2026-02-13 18:40:10,27387101951,13,唯一能相信的只有自己,mygo,575884077
26/2/13,131.344,1,16777215,2026-02-13 18:02:09,27387101951,13,唯一能相信的只有自己,mygo,575884077
天哪，这写的简直就是我,336.303,1,16777215,2026-02-13 16:40:06,27387101951,13,唯一能相信的只有自己,mygo,575884077
2026/2/13,128.544,1,16777215,2026-02-13 16:09:29,27387101951,13,唯一能相信的只有自己,mygo,575884077
26/2/13,151.362,1,16777215,2026-02-13 14:33:18,27387101951,13,唯一能相信的只有自己,mygo,575884077
竟敢无视灯,443.617,5,16777215,2026-02-13 14:28:16,27387101951,13,唯一能相信的只有自己,mygo,575884077
26/2/13,133.934,1,16777215,2026-02-13 14:06:52,27387101951,13,唯一能相信的只有自己,mygo,575884077
2026/2/13,187.715,1,16777215,2026-02-13 12:44:46,27387101951,13,唯一能相信的只有自己,mygo,575884077
26/2/13,174.614,1,16777215,2026-02-13 09:08:48,27387101951,13,唯一能相信的只有自己,mygo,575884077
完结撒花,1414.525,1,16777215,2026-02-13 04:07:19,27387101951,13,唯一能相信的只有自己,mygo,575884077
完结撒花,12.789,1,16777215,2026-02-13 00:28:23,27387101951,13,唯一能相信的只有自己,mygo,575884077
绿袖子,867.442,1,16777215,2026-02-13 00:23:38,27387101951,13,唯一能相信的只有自己,mygo,575884077
2026/2/12,151.011,1,16777215,2026-02-12 23:12:53,27387101951,13,唯一能相信的只有自己,mygo,575884077
2026/2/26,123.844,1,16777215,2026-02-12 23:07:56,27387101951,13,唯一能相信的只有自己,mygo,575884077
26/2/12,147.786,1,16777215,2026-02-12 22:41:39,27387101951,13,唯一能相信的只有自己,mygo,575884077
爱灯99,533.591,1,16777215,2026-02-12 21:14:20,27387101951,13,唯一能相信的只有自己,mygo,575884077
2026/2/12,123.475,1,41194,2026-02-12 20:42:31,27387101951,13,唯一能相信的只有自己,mygo,575884077
2026/2/17,177.062,1,16777215,2026-02-12 20:18:01,27387101951,13,唯一能相信的只有自己,mygo,575884077
2026/2/12,177.311,1,16777215,2026-02-12 19:50:40,27387101951,13,唯一能相信的只有自己,mygo,575884077
完结撒花，感谢陪伴,1408.41,1,16777215,2026-02-12 19:23:05,27387101951,13,唯一能相信的只有自己,mygo,575884077
上面那个说奥斯曼的我绷不住了,1160.969,5,15138834,2026-02-12 18:53:37,27387101951,13,唯一能相信的只有自己,mygo,575884077
26/2/12,169.845,1,16777215,2026-02-12 18:20:21,27387101951,13,唯一能相信的只有自己,mygo,575884077
我去我弹过这首,881.776,1,16777215,2026-02-12 16:09:12,27387101951,13,唯一能相信的只有自己,mygo,575884077
2026/2/12,154.069,1,16777215,2026-02-12 14:55:01,27387101951,13,唯一能相信的只有自己,mygo,575884077
2026/2/12,167.787,1,16777215,2026-02-12 12:48:47,27387101951,13,唯一能相信的只有自己,mygo,575884077
歌剧风格,898.744,1,16777215,2026-02-12 10:21:47,27387101951,13,唯一能相信的只有自己,mygo,575884077
高级,871.36,1,16777215,2026-02-12 10:21:09,27387101951,13,唯一能相信的只有自己,mygo,575884077
26/2/12,146.681,1,16777215,2026-02-12 08:33:47,27387101951,13,唯一能相信的只有自己,mygo,575884077
26/2/11,139.601,1,16777215,2026-02-12 01:49:53,27387101951,13,唯一能相信的只有自己,mygo,575884077
完结撒花！！！！！,7.081,1,16777215,2026-02-11 21:32:19,27387101951,13,唯一能相信的只有自己,mygo,575884077
完结撒花～,7.725,1,16777215,2026-02-11 21:17:17,27387101951,13,唯一能相信的只有自己,mygo,575884077
弱           类           型,958.78,5,16777215,2026-02-11 20:40:18,27387101951,13,唯一能相信的只有自己,mygo,575884077
来，见识一下  丰川家的黑暗,1409.515,1,16777215,2026-02-11 19:24:24,27387101951,13,唯一能相信的只有自己,mygo,575884077
2026/2/11,171.539,5,16777215,2026-02-11 19:01:32,27387101951,13,唯一能相信的只有自己,mygo,575884077
2026/2/11,165.971,1,16777215,2026-02-11 19:01:08,27387101951,13,唯一能相信的只有自己,mygo,575884077
2026/2/11,165.04,1,16777215,2026-02-11 19:00:39,27387101951,13,唯一能相信的只有自己,mygo,575884077
26/2/11,129.136,1,16777215,2026-02-11 18:51:13,27387101951,13,唯一能相信的只有自己,mygo,575884077
我去 后藤一里,477.565,1,16777215,2026-02-11 16:45:04,27387101951,13,唯一能相信的只有自己,mygo,575884077
26/2/11,140.933,1,16777215,2026-02-11 14:52:53,27387101951,13,唯一能相信的只有自己,mygo,575884077
炸梦！这是我去！！！！！,155.005,5,16777215,2026-02-11 13:59:02,27387101951,13,唯一能相信的只有自己,mygo,575884077
26/2/11,145.703,1,16777215,2026-02-11 13:40:24,27387101951,13,唯一能相信的只有自己,mygo,575884077
2026/2/11,150.5,1,16777215,2026-02-11 12:47:39,27387101951,13,唯一能相信的只有自己,mygo,575884077
2026/2/11,157.901,1,16777215,2026-02-11 11:57:21,27387101951,13,唯一能相信的只有自己,mygo,575884077
糟糕的台词,430.233,1,16777215,2026-02-11 07:58:04,27387101951,13,唯一能相信的只有自己,mygo,575884077
这什么台词啊（喜）,61.41,1,16777215,2026-02-10 23:38:21,27387101951,13,唯一能相信的只有自己,mygo,575884077
没看够咋整啊,6.216,1,16777215,2026-02-10 23:21:52,27387101951,13,唯一能相信的只有自己,mygo,575884077
2026/2/10,1414.009,1,16777215,2026-02-10 21:56:08,27387101951,13,唯一能相信的只有自己,mygo,575884077
2026/2/10,0.363,1,16777215,2026-02-10 21:55:54,27387101951,13,唯一能相信的只有自己,mygo,575884077
完结撒花,1408.982,1,16777215,2026-02-10 21:55:43,27387101951,13,唯一能相信的只有自己,mygo,575884077
完结撒花,1411.765,1,16777215,2026-02-10 21:55:30,27387101951,13,唯一能相信的只有自己,mygo,575884077
2026/2/10,155.75,1,16777215,2026-02-10 21:24:16,27387101951,13,唯一能相信的只有自己,mygo,575884077
2026/2/10,144.091,1,16777215,2026-02-10 21:23:40,27387101951,13,唯一能相信的只有自己,mygo,575884077
完结撒花,13.01,1,16777215,2026-02-10 21:20:49,27387101951,13,唯一能相信的只有自己,mygo,575884077
2026、2、10,168.336,1,16777215,2026-02-10 21:01:46,27387101951,13,唯一能相信的只有自己,mygo,575884077
26/2/10,135.382,5,16777215,2026-02-10 20:22:23,27387101951,13,唯一能相信的只有自己,mygo,575884077
2026/2/10,145.87,1,16777215,2026-02-10 17:35:11,27387101951,13,唯一能相信的只有自己,mygo,575884077
2026/2/8,164.337,1,16777215,2026-02-10 16:49:36,27387101951,13,唯一能相信的只有自己,mygo,575884077
听着一股商业味,1258.505,5,16777215,2026-02-10 16:37:13,27387101951,13,唯一能相信的只有自己,mygo,575884077
26年2月,123.252,5,16777215,2026-02-10 14:08:34,27387101951,13,唯一能相信的只有自己,mygo,575884077
完结撒花感谢陪伴！,6.523,1,16777215,2026-02-10 14:04:18,27387101951,13,唯一能相信的只有自己,mygo,575884077
完结撒花，感谢陪伴,1402.393,1,16777215,2026-02-10 12:35:52,27387101951,13,唯一能相信的只有自己,mygo,575884077
社交的手腕,651.168,5,16777215,2026-02-10 11:36:40,27387101951,13,唯一能相信的只有自己,mygo,575884077
26/2/10,141.033,1,8700107,2026-02-10 09:33:24,27387101951,13,唯一能相信的只有自己,mygo,575884077
Mujica,1346.821,1,16777215,2026-02-10 08:56:16,27387101951,13,唯一能相信的只有自己,mygo,575884077
完结撒花,21.31,1,16777215,2026-02-10 06:51:36,27387101951,13,唯一能相信的只有自己,mygo,575884077
2026/2/10,166.789,1,16777215,2026-02-10 02:09:13,27387101951,13,唯一能相信的只有自己,mygo,575884077
26/2/10,196.574,1,16777215,2026-02-10 01:24:07,27387101951,13,唯一能相信的只有自己,mygo,575884077
英国维多利亚女王陛下......,875.668,5,16777215,2026-02-10 00:31:57,27387101951,13,唯一能相信的只有自己,mygo,575884077
天呢这唱的简直就是我,328.816,5,16777215,2026-02-09 23:17:54,27387101951,13,唯一能相信的只有自己,mygo,575884077
完结撒花，感谢陪伴,3.058,1,16777215,2026-02-09 22:32:46,27387101951,13,唯一能相信的只有自己,mygo,575884077
2026/2/9,167.642,1,16777215,2026-02-09 22:12:10,27387101951,13,唯一能相信的只有自己,mygo,575884077
原来客服小祥是出自这里啊,11.342,1,16777215,2026-02-09 22:10:39,27387101951,13,唯一能相信的只有自己,mygo,575884077
没绷住,447.067,1,16777215,2026-02-09 21:26:04,27387101951,13,唯一能相信的只有自己,mygo,575884077
这首歌好长啊,1229.827,1,16777215,2026-02-09 21:22:58,27387101951,13,唯一能相信的只有自己,mygo,575884077
完结撒花~,14.371,1,16777215,2026-02-09 21:11:42,27387101951,13,唯一能相信的只有自己,mygo,575884077
完结撒花,7.567,1,16777215,2026-02-09 20:28:50,27387101951,13,唯一能相信的只有自己,mygo,575884077
波奇酱,486.73,1,14811775,2026-02-09 20:06:39,27387101951,13,唯一能相信的只有自己,mygo,575884077
第二季哪里看,225.194,1,16777215,2026-02-09 19:56:53,27387101951,13,唯一能相信的只有自己,mygo,575884077
26.2.9,138.518,1,16777215,2026-02-09 18:53:55,27387101951,13,唯一能相信的只有自己,mygo,575884077
完结撒花,4.139,1,16777215,2026-02-09 18:50:22,27387101951,13,唯一能相信的只有自己,mygo,575884077
完结撒花,0.321,1,16777215,2026-02-09 18:49:57,27387101951,13,唯一能相信的只有自己,mygo,575884077
母鸡卡，启动,833.631,1,16777215,2026-02-09 18:48:16,27387101951,13,唯一能相信的只有自己,mygo,575884077
2026/2/9,144.818,1,16777215,2026-02-09 17:26:43,27387101951,13,唯一能相信的只有自己,mygo,575884077
完结撒花,7.234,5,6830715,2026-02-09 16:58:38,27387101951,13,唯一能相信的只有自己,mygo,575884077
26/2/9,131.788,5,6830715,2026-02-09 16:53:26,27387101951,13,唯一能相信的只有自己,mygo,575884077
2026/2/9,145.784,1,16777215,2026-02-09 16:00:15,27387101951,13,唯一能相信的只有自己,mygo,575884077
完结撒花,17.408,1,16777215,2026-02-09 15:59:23,27387101951,13,唯一能相信的只有自己,mygo,575884077
哇，好多企鹅。,483.286,1,16777215,2026-02-09 15:40:59,27387101951,13,唯一能相信的只有自己,mygo,575884077
这是在干嘛,1005.379,1,16777215,2026-02-09 12:19:25,27387101951,13,唯一能相信的只有自己,mygo,575884077
26 2 9,147.257,1,16777215,2026-02-09 11:29:22,27387101951,13,唯一能相信的只有自己,mygo,575884077
26/2/9,142.273,1,16777215,2026-02-09 10:33:27,27387101951,13,唯一能相信的只有自己,mygo,575884077
2026/02/09,187.174,1,16777215,2026-02-09 10:21:33,27387101951,13,唯一能相信的只有自己,mygo,575884077
2026/2/9,177.633,1,16777215,2026-02-09 10:21:09,27387101951,13,唯一能相信的只有自己,mygo,575884077
《邦多利之春》,207.679,1,16777215,2026-02-09 10:19:12,27387101951,13,唯一能相信的只有自己,mygo,575884077
2026/2/8！！！！！！,0.0,1,16777215,2026-02-09 00:54:26,27387101951,13,唯一能相信的只有自己,mygo,575884077
由理生社致敬过,880.147,1,16777215,2026-02-09 00:29:53,27387101951,13,唯一能相信的只有自己,mygo,575884077
26年2月,117.927,5,16777215,2026-02-09 00:16:17,27387101951,13,唯一能相信的只有自己,mygo,575884077
2026/02/08,142.802,1,16777215,2026-02-08 23:51:24,27387101951,13,唯一能相信的只有自己,mygo,575884077
26/2/8,142.701,1,16777215,2026-02-08 23:01:38,27387101951,13,唯一能相信的只有自己,mygo,575884077
哈？,267.496,5,6830715,2026-02-08 22:04:28,27387101951,13,唯一能相信的只有自己,mygo,575884077
2026/2/1,123.517,5,16777215,2026-02-08 22:01:47,27387101951,13,唯一能相信的只有自己,mygo,575884077
再见啦,112.85,1,16777215,2026-02-08 22:01:08,27387101951,13,唯一能相信的只有自己,mygo,575884077
完结撒花，感谢陪伴,4.733,1,8700107,2026-02-08 21:59:12,27387101951,13,唯一能相信的只有自己,mygo,575884077
！！！！！！！！！！！,1345.72,1,15138834,2026-02-08 20:30:19,27387101951,13,唯一能相信的只有自己,mygo,575884077
26/2/8,132.348,1,16777215,2026-02-08 20:28:30,27387101951,13,唯一能相信的只有自己,mygo,575884077
我投了，,1189.917,1,16777215,2026-02-08 20:26:37,27387101951,13,唯一能相信的只有自己,mygo,575884077
完结撒花,17.912,5,16777215,2026-02-08 20:11:00,27387101951,13,唯一能相信的只有自己,mygo,575884077
奥 斯 曼,976.114,5,15138834,2026-02-08 19:18:47,27387101951,13,唯一能相信的只有自己,mygo,575884077
遮住嘴不难受吗？,844.547,5,16777215,2026-02-08 17:15:40,27387101951,13,唯一能相信的只有自己,mygo,575884077
抢人了,263.206,5,16777215,2026-02-08 17:07:30,27387101951,13,唯一能相信的只有自己,mygo,575884077
我不想看到蓝毛举手小女孩,285.393,1,16777215,2026-02-08 16:38:12,27387101951,13,唯一能相信的只有自己,mygo,575884077
26/2/8,167.676,1,16777215,2026-02-08 15:28:54,27387101951,13,唯一能相信的只有自己,mygo,575884077
完结撒花未完待续,1415.386,1,16777215,2026-02-08 11:41:44,27387101951,13,唯一能相信的只有自己,mygo,575884077
咕咕嘎嘎,1324.138,1,16777215,2026-02-08 09:18:29,27387101951,13,唯一能相信的只有自己,mygo,575884077
笔记本上写了名字的,655.985,1,16777215,2026-02-08 06:00:14,27387101951,13,唯一能相信的只有自己,mygo,575884077
我跟你爆啦,418.712,1,16777215,2026-02-07 23:30:57,27387101951,13,唯一能相信的只有自己,mygo,575884077
26.2.7,139.371,1,16777215,2026-02-07 23:09:11,27387101951,13,唯一能相信的只有自己,mygo,575884077
这是啥语言？法语，德语？,1317.047,1,16777215,2026-02-07 21:54:05,27387101951,13,唯一能相信的只有自己,mygo,575884077
音乐剧的感觉,1190.991,1,16777215,2026-02-07 21:51:23,27387101951,13,唯一能相信的只有自己,mygo,575884077
快点吃阿?,216.728,1,16777215,2026-02-07 21:36:30,27387101951,13,唯一能相信的只有自己,mygo,575884077
26/2/6,142.935,1,16777215,2026-02-07 21:35:20,27387101951,13,唯一能相信的只有自己,mygo,575884077
团伙作案,850.761,1,16777215,2026-02-07 20:02:04,27387101951,13,唯一能相信的只有自己,mygo,575884077
木箱99,893.771,1,16777215,2026-02-07 17:04:07,27387101951,13,唯一能相信的只有自己,mygo,575884077
99,499.983,1,16777215,2026-02-07 16:51:21,27387101951,13,唯一能相信的只有自己,mygo,575884077
26/2/7,145.816,1,16777215,2026-02-07 16:42:32,27387101951,13,唯一能相信的只有自己,mygo,575884077
完结撒花，感谢陪伴！,1419.287,5,16777215,2026-02-07 14:18:09,27387101951,13,唯一能相信的只有自己,mygo,575884077
完结撒花,1.729,1,16777215,2026-02-07 12:41:38,27387101951,13,唯一能相信的只有自己,mygo,575884077
26 0207,163.77,1,16777215,2026-02-07 12:22:58,27387101951,13,唯一能相信的只有自己,mygo,575884077
2026/2/7,148.367,5,16777215,2026-02-07 11:14:28,27387101951,13,唯一能相信的只有自己,mygo,575884077
26/2/7,149.31,1,16777215,2026-02-07 10:37:45,27387101951,13,唯一能相信的只有自己,mygo,575884077
完结撒花,1414.221,5,16777215,2026-02-07 09:39:28,27387101951,13,唯一能相信的只有自己,mygo,575884077
正片结束,660.208,5,16777215,2026-02-07 09:36:19,27387101951,13,唯一能相信的只有自己,mygo,575884077
完结撒花,1415.392,1,16777215,2026-02-07 03:51:42,27387101951,13,唯一能相信的只有自己,mygo,575884077
同情是高高在上的悲悯,60.824,1,16777215,2026-02-07 00:06:22,27387101951,13,唯一能相信的只有自己,mygo,575884077
我，无畏契约,1083.574,1,16777215,2026-02-06 23:08:34,27387101951,13,唯一能相信的只有自己,mygo,575884077
爱灯！,500.59,5,14811775,2026-02-06 22:59:38,27387101951,13,唯一能相信的只有自己,mygo,575884077
爱灯99,480.494,5,14811775,2026-02-06 22:59:09,27387101951,13,唯一能相信的只有自己,mygo,575884077
哈？,268.743,1,16777215,2026-02-06 22:55:31,27387101951,13,唯一能相信的只有自己,mygo,575884077
26/2/6,158.108,5,16777215,2026-02-06 22:53:35,27387101951,13,唯一能相信的只有自己,mygo,575884077
26/2/6,128.166,5,16777215,2026-02-06 22:52:16,27387101951,13,唯一能相信的只有自己,mygo,575884077
最后一次op,93.396,5,16777215,2026-02-06 22:50:52,27387101951,13,唯一能相信的只有自己,mygo,575884077
现在是更软弱的我,65.065,5,41194,2026-02-06 22:50:09,27387101951,13,唯一能相信的只有自己,mygo,575884077
完结撒花，感谢陪伴,6.415,5,16777215,2026-02-06 22:48:51,27387101951,13,唯一能相信的只有自己,mygo,575884077
完结撒花,6.635,4,16777215,2026-02-06 20:30:12,27387101951,13,唯一能相信的只有自己,mygo,575884077
完结撒花感谢陪伴！,3.922,1,6830715,2026-02-06 19:14:09,27387101951,13,唯一能相信的只有自己,mygo,575884077
不是队友你们有啥用啊，人不杀点不进,6.118,5,16777215,2026-02-06 11:07:57,27387101951,13,唯一能相信的只有自己,mygo,575884077
26/2/6！！！,151.071,5,16777215,2026-02-06 02:21:25,27387101951,13,唯一能相信的只有自己,mygo,575884077
安全区,74.638,1,16777215,2026-02-06 00:22:32,27387101951,13,唯一能相信的只有自己,mygo,575884077
完结撒花,1416.063,4,16777215,2026-02-06 00:06:32,27387101951,13,唯一能相信的只有自己,mygo,575884077
完结撒花,1414.999,4,16777215,2026-02-06 00:06:16,27387101951,13,唯一能相信的只有自己,mygo,575884077
完结撒花,1413.546,1,16777215,2026-02-06 00:06:09,27387101951,13,唯一能相信的只有自己,mygo,575884077
啊？,1415.443,1,16777215,2026-02-05 23:54:56,27387101951,13,唯一能相信的只有自己,mygo,575884077
完结撒花，感谢陪伴！！！！！,1417.7,1,16777215,2026-02-05 23:51:55,27387101951,13,唯一能相信的只有自己,mygo,575884077
完结撒花,1410.274,1,16777215,2026-02-05 23:51:35,27387101951,13,唯一能相信的只有自己,mygo,575884077
完结撒花,1408.056,5,16777215,2026-02-05 23:51:22,27387101951,13,唯一能相信的只有自己,mygo,575884077
完结撒花,1405.594,1,16777215,2026-02-05 23:51:11,27387101951,13,唯一能相信的只有自己,mygo,575884077
完结撒花,1409.609,1,16777215,2026-02-05 23:50:22,27387101951,13,唯一能相信的只有自己,mygo,575884077
26/2/5,149.183,1,16777215,2026-02-05 23:39:45,27387101951,13,唯一能相信的只有自己,mygo,575884077
完结撒花,27.733,1,16777215,2026-02-05 23:37:42,27387101951,13,唯一能相信的只有自己,mygo,575884077
2026年2月5日,121.936,1,16777215,2026-02-05 22:53:09,27387101951,13,唯一能相信的只有自己,mygo,575884077
完结撒花，感谢陪伴！！！！！,1.311,1,16777215,2026-02-05 22:48:44,27387101951,13,唯一能相信的只有自己,mygo,575884077
完结撒花,115.33,1,16777215,2026-02-05 22:44:43,27387101951,13,唯一能相信的只有自己,mygo,575884077
完结撒花，感谢陪伴,11.12,1,16777215,2026-02-05 20:49:57,27387101951,13,唯一能相信的只有自己,mygo,575884077
2026/2/5,147.706,1,16777215,2026-02-05 19:35:51,27387101951,13,唯一能相信的只有自己,mygo,575884077
爱灯好吃,480.042,1,16777215,2026-02-05 14:57:55,27387101951,13,唯一能相信的只有自己,mygo,575884077
2026/2/5,145.114,1,16777215,2026-02-05 14:30:40,27387101951,13,唯一能相信的只有自己,mygo,575884077
2026/2/5,157.57,1,16777215,2026-02-05 09:39:18,27387101951,13,唯一能相信的只有自己,mygo,575884077
26年2月5日,124.395,1,16777215,2026-02-05 04:22:38,27387101951,13,唯一能相信的只有自己,mygo,575884077
完结散花，感谢陪伴！,7.023,1,16777215,2026-02-05 04:19:55,27387101951,13,唯一能相信的只有自己,mygo,575884077
2026/2/5,138.424,1,16777215,2026-02-05 02:50:53,27387101951,13,唯一能相信的只有自己,mygo,575884077
拐个弯就到了,682.98,1,16777215,2026-02-04 21:36:26,27387101951,13,唯一能相信的只有自己,mygo,575884077
这里特别SH,1165.638,1,16777215,2026-02-04 21:14:48,27387101951,13,唯一能相信的只有自己,mygo,575884077
26.2.4！,125.593,5,15138834,2026-02-04 19:20:56,27387101951,13,唯一能相信的只有自己,mygo,575884077
26/2/4,137.759,1,16777215,2026-02-04 16:27:39,27387101951,13,唯一能相信的只有自己,mygo,575884077
太强了，太强了，这个词和曲,1146.253,1,16777215,2026-02-04 12:24:21,27387101951,13,唯一能相信的只有自己,mygo,575884077
这真的很强啊！,865.054,1,16777215,2026-02-04 12:15:30,27387101951,13,唯一能相信的只有自己,mygo,575884077
哈哈,806.084,1,16777215,2026-02-04 12:14:18,27387101951,13,唯一能相信的只有自己,mygo,575884077
初华真的太漂亮了,790.35,1,16777215,2026-02-04 12:13:56,27387101951,13,唯一能相信的只有自己,mygo,575884077
好好看啊！,715.103,1,16777215,2026-02-04 12:12:11,27387101951,13,唯一能相信的只有自己,mygo,575884077
太好看了,637.567,1,16777215,2026-02-04 12:10:25,27387101951,13,唯一能相信的只有自己,mygo,575884077
完结撒花,1348.9,1,16777215,2026-02-04 11:53:41,27387101951,13,唯一能相信的只有自己,mygo,575884077
初华大人帅啊,1085.031,1,16777215,2026-02-04 08:04:53,27387101951,13,唯一能相信的只有自己,mygo,575884077
彼时的人们还不知道之后初华会在这里做什么,638.077,1,16777215,2026-02-04 06:52:47,27387101951,13,唯一能相信的只有自己,mygo,575884077
完结撒花,0.98,1,16777215,2026-02-04 01:55:03,27387101951,13,唯一能相信的只有自己,mygo,575884077
2026/2/4,163.647,1,16777215,2026-02-04 00:15:08,27387101951,13,唯一能相信的只有自己,mygo,575884077
2026/2/3,164.767,1,16777215,2026-02-03 21:40:31,27387101951,13,唯一能相信的只有自己,mygo,575884077
2026  2  3,158.525,1,16777215,2026-02-03 19:41:51,27387101951,13,唯一能相信的只有自己,mygo,575884077
2026/2/3,157.075,1,16777215,2026-02-03 17:03:09,27387101951,13,唯一能相信的只有自己,mygo,575884077
26/2/3,153.343,1,16777215,2026-02-03 16:57:43,27387101951,13,唯一能相信的只有自己,mygo,575884077
2026/2/3,160.57,1,16777215,2026-02-03 16:19:55,27387101951,13,唯一能相信的只有自己,mygo,575884077
完结撒花！,8.02,1,16777215,2026-02-03 15:13:14,27387101951,13,唯一能相信的只有自己,mygo,575884077
26年2月3日,126.817,1,16777215,2026-02-03 14:52:24,27387101951,13,唯一能相信的只有自己,mygo,575884077
初华好帅啊啊啊,1201.219,1,16777215,2026-02-03 12:45:43,27387101951,13,唯一能相信的只有自己,mygo,575884077
天呐，初华大人,1118.975,1,16777215,2026-02-03 12:44:03,27387101951,13,唯一能相信的只有自己,mygo,575884077
好中二啊…,847.534,1,16777215,2026-02-03 12:38:50,27387101951,13,唯一能相信的只有自己,mygo,575884077
2026/2/3,154.962,1,16777215,2026-02-03 12:35:15,27387101951,13,唯一能相信的只有自己,mygo,575884077
初华好帅…,664.179,1,16777215,2026-02-03 12:35:03,27387101951,13,唯一能相信的只有自己,mygo,575884077
初华好漂亮…,603.811,1,16777215,2026-02-03 12:33:50,27387101951,13,唯一能相信的只有自己,mygo,575884077
这个半摘墨镜的初华好帅好美…,568.337,1,16777215,2026-02-03 12:32:50,27387101951,13,唯一能相信的只有自己,mygo,575884077
好爽,32.555,1,16777215,2026-02-03 12:25:04,27387101951,13,唯一能相信的只有自己,mygo,575884077
2026 2 1,160.339,1,16777215,2026-02-03 11:28:18,27387101951,13,唯一能相信的只有自己,mygo,575884077
面朝大海，春暖花开,807.66,1,16777215,2026-02-03 11:02:17,27387101951,13,唯一能相信的只有自己,mygo,575884077
中二小祥,757.163,1,16777215,2026-02-03 11:01:24,27387101951,13,唯一能相信的只有自己,mygo,575884077
主唱是星星（无端联想）,689.066,1,16777215,2026-02-03 11:00:10,27387101951,13,唯一能相信的只有自己,mygo,575884077
常看常新,588.825,1,16777215,2026-02-03 10:57:40,27387101951,13,唯一能相信的只有自己,mygo,575884077
高松灯重力微积分の伟大实践,523.188,1,16777215,2026-02-03 10:55:52,27387101951,13,唯一能相信的只有自己,mygo,575884077
太甜了太甜了太甜了太甜了太甜了太甜了太甜了太甜了太甜了太甜了太甜了太甜了太甜了太甜了太甜了太甜了,507.772,1,16777215,2026-02-03 10:55:15,27387101951,13,唯一能相信的只有自己,mygo,575884077
圣！！爱！！音！！！（破音）,486.137,1,16777215,2026-02-03 10:54:32,27387101951,13,唯一能相信的只有自己,mygo,575884077
伪装成创口贴的戒指,476.063,1,16777215,2026-02-03 10:54:17,27387101951,13,唯一能相信的只有自己,mygo,575884077
这里看成空之箱的这辈子有了,460.224,1,16777215,2026-02-03 10:53:44,27387101951,13,唯一能相信的只有自己,mygo,575884077
卡兹：哎好巧！,350.72,1,9599289,2026-02-03 10:50:48,27387101951,13,唯一能相信的只有自己,mygo,575884077
《哈？》,273.278,1,16777215,2026-02-03 10:48:55,27387101951,13,唯一能相信的只有自己,mygo,575884077
rikki：那我呢？,264.297,1,16777215,2026-02-03 10:48:33,27387101951,13,唯一能相信的只有自己,mygo,575884077
live之夜虽短，当这份闪耀是长久的，这份闪耀，我高松灯不会独享,203.246,1,16777215,2026-02-03 10:46:15,27387101951,13,唯一能相信的只有自己,mygo,575884077
嗯，今天最开心了！,201.411,1,16777215,2026-02-03 10:46:07,27387101951,13,唯一能相信的只有自己,mygo,575884077
jo哇，啊jojo哇,190.505,1,16777215,2026-02-03 10:45:22,27387101951,13,唯一能相信的只有自己,mygo,575884077
健康常胜！！！！！,186.937,1,16777215,2026-02-03 10:44:54,27387101951,13,唯一能相信的只有自己,mygo,575884077
好难绷,840.7,1,16777215,2026-02-03 09:55:18,27387101951,13,唯一能相信的只有自己,mygo,575884077
咕咕嘎嘎,473.749,1,16777215,2026-02-03 01:15:13,27387101951,13,唯一能相信的只有自己,mygo,575884077
顶级,1196.031,1,16777215,2026-02-03 01:12:15,27387101951,13,唯一能相信的只有自己,mygo,575884077
好听,883.834,1,16777215,2026-02-03 01:06:05,27387101951,13,唯一能相信的只有自己,mygo,575884077
团长还要回去打工,1374.74,1,16777215,2026-02-03 00:40:41,27387101951,13,唯一能相信的只有自己,mygo,575884077
2020/2/3,180.694,1,16777215,2026-02-03 00:26:37,27387101951,13,唯一能相信的只有自己,mygo,575884077
26/2/2,141.535,1,16777215,2026-02-02 21:35:35,27387101951,13,唯一能相信的只有自己,mygo,575884077
26/2/2,142.687,1,16777215,2026-02-02 19:31:36,27387101951,13,唯一能相信的只有自己,mygo,575884077
26/2/2,131.464,1,16777215,2026-02-02 18:42:52,27387101951,13,唯一能相信的只有自己,mygo,575884077
26/2/2,132.056,1,16777215,2026-02-02 16:43:34,27387101951,13,唯一能相信的只有自己,mygo,575884077
26/2/2,159.394,1,16777215,2026-02-02 16:35:21,27387101951,13,唯一能相信的只有自己,mygo,575884077
8888,150.094,1,16777215,2026-02-02 08:06:58,27387101951,13,唯一能相信的只有自己,mygo,575884077
26/2/1,132.507,1,16777215,2026-02-01 21:42:58,27387101951,13,唯一能相信的只有自己,mygo,575884077
四谎,410.124,1,16777215,2026-02-01 20:48:23,27387101951,13,唯一能相信的只有自己,mygo,575884077
这是乐队番吗,852.237,1,16777215,2026-02-01 20:01:40,27387101951,13,唯一能相信的只有自己,mygo,575884077
26年2月1日,131.73,1,16777215,2026-02-01 19:56:29,27387101951,13,唯一能相信的只有自己,mygo,575884077
完结撒花！,7.592,1,16777215,2026-02-01 19:10:06,27387101951,13,唯一能相信的只有自己,mygo,575884077
999999999,541.404,1,16777215,2026-02-01 19:00:00,27387101951,13,唯一能相信的只有自己,mygo,575884077
2026/02/01,146.141,5,41194,2026-02-01 17:57:07,27387101951,13,唯一能相信的只有自己,mygo,575884077
2026/2/1,162.673,1,16777215,2026-02-01 13:24:37,27387101951,13,唯一能相信的只有自己,mygo,575884077
2026/2/1,161.445,1,16777215,2026-02-01 13:24:21,27387101951,13,唯一能相信的只有自己,mygo,575884077
爱灯是对的,516.936,5,16777215,2026-02-01 12:57:14,27387101951,13,唯一能相信的只有自己,mygo,575884077
26/2/1,162.679,1,16777215,2026-02-01 12:49:28,27387101951,13,唯一能相信的只有自己,mygo,575884077
2026/2/1,164.03,1,16777215,2026-02-01 12:25:13,27387101951,13,唯一能相信的只有自己,mygo,575884077
26/2/1,132.408,5,16777215,2026-02-01 11:26:38,27387101951,13,唯一能相信的只有自己,mygo,575884077
2026/2/1,155.709,1,16777215,2026-02-01 10:35:12,27387101951,13,唯一能相信的只有自己,mygo,575884077
26/2/1,151.747,1,16777215,2026-02-01 01:21:57,27387101951,13,唯一能相信的只有自己,mygo,575884077
抹茶好吃啊，再多也好吃,247.165,1,16777215,2026-01-31 22:53:31,27387101951,13,唯一能相信的只有自己,mygo,575884077
2026/1/31,140.562,1,16777215,2026-01-31 21:21:42,27387101951,13,唯一能相信的只有自己,mygo,575884077
北原春希：我大概一辈子都忘不掉冬马和纱了,365.655,1,16777215,2026-01-31 18:12:27,27387101951,13,唯一能相信的只有自己,mygo,575884077
完结撒花感谢陪伴,6.829,1,16777215,2026-01-31 17:51:25,27387101951,13,唯一能相信的只有自己,mygo,575884077
2026/1/31,154.562,5,41194,2026-01-31 14:50:15,27387101951,13,唯一能相信的只有自己,mygo,575884077
假面骑士丰骑,832.433,1,16707842,2026-01-31 06:40:53,27387101951,13,唯一能相信的只有自己,mygo,575884077
健康常胜！,237.723,1,16707842,2026-01-31 06:26:14,27387101951,13,唯一能相信的只有自己,mygo,575884077
2026/1/31,157.464,1,16707842,2026-01-31 06:23:44,27387101951,13,唯一能相信的只有自己,mygo,575884077
完结撒花！,7.298,1,16707842,2026-01-31 06:19:07,27387101951,13,唯一能相信的只有自己,mygo,575884077
这是我的决斗！！,421.946,1,16777215,2026-01-31 02:30:01,27387101951,13,唯一能相信的只有自己,mygo,575884077
好伟大的脸,1310.178,1,16777215,2026-01-31 00:18:43,27387101951,13,唯一能相信的只有自己,mygo,575884077
26/1/31,133.632,1,9487136,2026-01-31 00:04:07,27387101951,13,唯一能相信的只有自己,mygo,575884077
嗨嗨嗨,830.588,1,16777215,2026-01-31 00:00:19,27387101951,13,唯一能相信的只有自己,mygo,575884077
2026/1/30,142.277,1,16777215,2026-01-30 23:48:42,27387101951,13,唯一能相信的只有自己,mygo,575884077
骆驼祥子,12.37,1,16777215,2026-01-30 22:47:30,27387101951,13,唯一能相信的只有自己,mygo,575884077
那么后面谁完全不是人呢,931.749,1,16777215,2026-01-30 18:32:46,27387101951,13,唯一能相信的只有自己,mygo,575884077
李神,882.688,1,16777215,2026-01-30 18:31:41,27387101951,13,唯一能相信的只有自己,mygo,575884077
乐队补完计划,349.075,1,16777215,2026-01-30 18:29:23,27387101951,13,唯一能相信的只有自己,mygo,575884077
26年1/30,133.639,1,16777215,2026-01-30 18:27:15,27387101951,13,唯一能相信的只有自己,mygo,575884077
2026/1/30,160.693,1,16777215,2026-01-30 16:30:03,27387101951,13,唯一能相信的只有自己,mygo,575884077
完结撒花，感谢陪伴,7.811,1,11890,2026-01-30 15:36:14,27387101951,13,唯一能相信的只有自己,mygo,575884077
2026．1．30,128.955,1,38979,2026-01-30 12:57:09,27387101951,13,唯一能相信的只有自己,mygo,575884077
怕不是有啥大病,434.893,1,16777215,2026-01-30 12:41:13,27387101951,13,唯一能相信的只有自己,mygo,575884077
离谱，为啥不忘记,374.208,1,16777215,2026-01-30 12:40:01,27387101951,13,唯一能相信的只有自己,mygo,575884077
2026/1/30,156.396,1,16707842,2026-01-30 12:32:40,27387101951,13,唯一能相信的只有自己,mygo,575884077
26/1/30,150.312,5,16777215,2026-01-30 11:41:31,27387101951,13,唯一能相信的只有自己,mygo,575884077
这谁写的雷霆剧本,949.693,1,16777215,2026-01-29 21:45:50,27387101951,13,唯一能相信的只有自己,mygo,575884077
2026/01/29,154.981,1,16777215,2026-01-29 21:08:34,27387101951,13,唯一能相信的只有自己,mygo,575884077
2026/1/29,158.646,1,16777215,2026-01-29 20:44:43,27387101951,13,唯一能相信的只有自己,mygo,575884077
很像祥子耶,603.756,1,16777215,2026-01-29 19:31:02,27387101951,13,唯一能相信的只有自己,mygo,575884077
Soyo：祝高松灯司令官，健康常胜,231.402,1,16777215,2026-01-29 19:20:19,27387101951,13,唯一能相信的只有自己,mygo,575884077
哈气了,62.291,5,15138834,2026-01-29 18:52:48,27387101951,13,唯一能相信的只有自己,mygo,575884077
这是啥,979.17,1,16777215,2026-01-29 14:49:51,27387101951,13,唯一能相信的只有自己,mygo,575884077
2026/1/29,163.03,1,16777215,2026-01-29 14:14:25,27387101951,13,唯一能相信的只有自己,mygo,575884077
完结撒花,1415.314,1,16777215,2026-01-29 14:08:10,27387101951,13,唯一能相信的只有自己,mygo,575884077
26/1/29,145.019,1,16777215,2026-01-29 13:48:07,27387101951,13,唯一能相信的只有自己,mygo,575884077
祥儿心疼你,25.151,1,16777215,2026-01-29 13:41:23,27387101951,13,唯一能相信的只有自己,mygo,575884077
无关联想宫城志绪理,464.043,1,16777215,2026-01-29 13:29:31,27387101951,13,唯一能相信的只有自己,mygo,575884077
我，啊米诺斯,1073.138,1,16777215,2026-01-29 13:03:11,27387101951,13,唯一能相信的只有自己,mygo,575884077
aminos,1070.615,1,16777215,2026-01-29 13:03:01,27387101951,13,唯一能相信的只有自己,mygo,575884077
sakiko：？,803.965,1,16777215,2026-01-29 12:58:19,27387101951,13,唯一能相信的只有自己,mygo,575884077
26 1 17,160.709,5,16777215,2026-01-29 12:33:23,27387101951,13,唯一能相信的只有自己,mygo,575884077
26 1 18,125.882,1,16777215,2026-01-29 12:32:41,27387101951,13,唯一能相信的只有自己,mygo,575884077
2026/1/29,163.559,1,16777215,2026-01-29 10:42:24,27387101951,13,唯一能相信的只有自己,mygo,575884077
爱灯甜甜甜,481.524,1,14811775,2026-01-28 23:24:43,27387101951,13,唯一能相信的只有自己,mygo,575884077
这个半摘眼镜的镜头好美。。,567.65,1,16777215,2026-01-28 22:32:03,27387101951,13,唯一能相信的只有自己,mygo,575884077
完结撒花2026 1月28日,25.613,5,16777215,2026-01-28 19:40:28,27387101951,13,唯一能相信的只有自己,mygo,575884077
完结撒花，感谢陪伴,1411.861,1,16777215,2026-01-28 17:57:34,27387101951,13,唯一能相信的只有自己,mygo,575884077
26/1/28,178.769,1,16777215,2026-01-28 17:40:02,27387101951,13,唯一能相信的只有自己,mygo,575884077
2026/1/28,143.698,1,16777215,2026-01-28 17:38:13,27387101951,13,唯一能相信的只有自己,mygo,575884077
26/1/28,138.539,1,16777215,2026-01-28 15:57:41,27387101951,13,唯一能相信的只有自己,mygo,575884077
26/1/28,141.886,1,16777215,2026-01-28 15:38:48,27387101951,13,唯一能相信的只有自己,mygo,575884077
2026/1/28,166.038,1,16777215,2026-01-28 12:54:25,27387101951,13,唯一能相信的只有自己,mygo,575884077
初华的揉弦，初华是主音加主唱，太恐怖了,1223.039,1,16777215,2026-01-28 04:52:00,27387101951,13,唯一能相信的只有自己,mygo,575884077
26/1/28,142.1,5,16777215,2026-01-28 02:48:09,27387101951,13,唯一能相信的只有自己,mygo,575884077
爱灯是对的,488.481,1,16777215,2026-01-28 00:30:42,27387101951,13,唯一能相信的只有自己,mygo,575884077
、、,1221.41,1,16777215,2026-01-27 21:03:44,27387101951,13,唯一能相信的只有自己,mygo,575884077
26/1/27,145.477,1,16777215,2026-01-27 20:18:16,27387101951,13,唯一能相信的只有自己,mygo,575884077
流浪狗乐队,1008.423,1,16777215,2026-01-27 18:53:37,27387101951,13,唯一能相信的只有自己,mygo,575884077
2026/1/27,132.998,1,16777215,2026-01-27 18:33:09,27387101951,13,唯一能相信的只有自己,mygo,575884077
完结撒花,7.08,1,16777215,2026-01-27 18:30:31,27387101951,13,唯一能相信的只有自己,mygo,575884077
26/1/27,165.138,1,16777215,2026-01-27 15:04:26,27387101951,13,唯一能相信的只有自己,mygo,575884077
2026/01/27,147.277,1,16777215,2026-01-27 14:28:33,27387101951,13,唯一能相信的只有自己,mygo,575884077
圣爱音,454.057,1,16777215,2026-01-27 14:28:19,27387101951,13,唯一能相信的只有自己,mygo,575884077
祥子●▛▙祥子●▛▙祥子●▛▙祥子●▛▙祥子●▛▙祥子●▛▙,849.311,1,16777215,2026-01-27 14:25:33,27387101951,13,唯一能相信的只有自己,mygo,575884077
带上专武了,847.819,1,16777215,2026-01-27 14:25:27,27387101951,13,唯一能相信的只有自己,mygo,575884077
一家一只猫,774.573,1,16777215,2026-01-27 14:18:22,27387101951,13,唯一能相信的只有自己,mygo,575884077
kksk,1194.215,1,16777215,2026-01-27 14:03:37,27387101951,13,唯一能相信的只有自己,mygo,575884077
完结撒花,4.903,1,16777215,2026-01-27 14:03:26,27387101951,13,唯一能相信的只有自己,mygo,575884077
老灯hhh,385.509,5,16777215,2026-01-27 11:45:58,27387101951,13,唯一能相信的只有自己,mygo,575884077
2026/1/27,161.054,1,16777215,2026-01-27 08:40:56,27387101951,13,唯一能相信的只有自己,mygo,575884077
大祥不是蝶团粉丝吗,1198.82,1,16777215,2026-01-27 08:34:15,27387101951,13,唯一能相信的只有自己,mygo,575884077
有点儿没看懂,1048.212,1,16777215,2026-01-27 03:30:47,27387101951,13,唯一能相信的只有自己,mygo,575884077
水族馆吗,459.433,1,16777215,2026-01-27 01:28:12,27387101951,13,唯一能相信的只有自己,mygo,575884077
完结撒花，感谢陪伴！,662.82,1,16777215,2026-01-27 00:51:02,27387101951,13,唯一能相信的只有自己,mygo,575884077
坏猫,787.198,1,16777215,2026-01-26 23:55:22,27387101951,13,唯一能相信的只有自己,mygo,575884077
2026/1/26,122.924,5,16777215,2026-01-26 18:12:25,27387101951,13,唯一能相信的只有自己,mygo,575884077
完结散花，感谢陪伴！,3.747,5,16777215,2026-01-26 18:08:43,27387101951,13,唯一能相信的只有自己,mygo,575884077
后面你就不觉得了,590.27,1,16777215,2026-01-26 17:25:05,27387101951,13,唯一能相信的只有自己,mygo,575884077
不要把灯从我身边抢走,260.784,1,16777215,2026-01-26 17:17:49,27387101951,13,唯一能相信的只有自己,mygo,575884077
26年1月26日,123.688,4,16777215,2026-01-26 15:47:36,27387101951,13,唯一能相信的只有自己,mygo,575884077
完结撒花,106.894,4,16777215,2026-01-26 15:46:55,27387101951,13,唯一能相信的只有自己,mygo,575884077
2026126,162.727,1,14811775,2026-01-26 14:07:22,27387101951,13,唯一能相信的只有自己,mygo,575884077
完结撒花,2.505,1,16777215,2026-01-26 09:42:00,27387101951,13,唯一能相信的只有自己,mygo,575884077
何意味,903.254,1,16777215,2026-01-26 02:57:08,27387101951,13,唯一能相信的只有自己,mygo,575884077
26/1/26,147.176,1,16777215,2026-01-26 02:56:59,27387101951,13,唯一能相信的只有自己,mygo,575884077
你谁啊,570.897,1,16777215,2026-01-26 02:50:38,27387101951,13,唯一能相信的只有自己,mygo,575884077
完结撒花,1417.172,1,16777215,2026-01-26 02:37:33,27387101951,13,唯一能相信的只有自己,mygo,575884077
打工去了,1386.024,1,16777215,2026-01-26 00:05:10,27387101951,13,唯一能相信的只有自己,mygo,575884077
saki酱，海带～,878.392,5,16777215,2026-01-25 22:53:46,27387101951,13,唯一能相信的只有自己,mygo,575884077
26/1/25,132.199,1,16777215,2026-01-25 21:07:13,27387101951,13,唯一能相信的只有自己,mygo,575884077
2026,189.719,1,16777215,2026-01-25 20:51:54,27387101951,13,唯一能相信的只有自己,mygo,575884077
恶梦开端……,701.131,1,16777215,2026-01-25 19:19:23,27387101951,13,唯一能相信的只有自己,mygo,575884077
2026/1/25,158.584,1,16777215,2026-01-25 17:39:07,27387101951,13,唯一能相信的只有自己,mygo,575884077
26/1/25,142.747,1,16777215,2026-01-25 13:08:23,27387101951,13,唯一能相信的只有自己,mygo,575884077
又是上松范康！,1400.345,5,16777215,2026-01-25 05:13:54,27387101951,13,唯一能相信的只有自己,mygo,575884077
祥子成败犬了,547.079,1,16777215,2026-01-25 04:58:09,27387101951,13,唯一能相信的只有自己,mygo,575884077
又是水族馆，女童雷达启动,469.712,1,16777215,2026-01-25 04:56:05,27387101951,13,唯一能相信的只有自己,mygo,575884077
前任，白月光,433.346,5,16777215,2026-01-25 04:54:55,27387101951,13,唯一能相信的只有自己,mygo,575884077
有牛不看！,268.589,5,38979,2026-01-25 04:46:39,27387101951,13,唯一能相信的只有自己,mygo,575884077
这个表情怎么这么凝重,244.254,5,16777215,2026-01-25 04:45:53,27387101951,13,唯一能相信的只有自己,mygo,575884077
2026/1/25,145.61,1,16777215,2026-01-25 02:37:58,27387101951,13,唯一能相信的只有自己,mygo,575884077
2026/1/25,135.544,1,16777215,2026-01-25 01:52:12,27387101951,13,唯一能相信的只有自己,mygo,575884077
2026/1/24,129.798,1,16777215,2026-01-24 23:27:05,27387101951,13,唯一能相信的只有自己,mygo,575884077
完结撒花,1405.456,5,16777215,2026-01-24 23:00:11,27387101951,13,唯一能相信的只有自己,mygo,575884077
暗黑系的欣赏不来,1342.737,5,16777215,2026-01-24 22:58:58,27387101951,13,唯一能相信的只有自己,mygo,575884077
666,432.26,5,16777215,2026-01-24 22:42:04,27387101951,13,唯一能相信的只有自己,mygo,575884077
好特码中二啊,851.852,1,16777215,2026-01-24 22:36:14,27387101951,13,唯一能相信的只有自己,mygo,575884077
26/1/23,160.85,1,16777215,2026-01-24 21:24:04,27387101951,13,唯一能相信的只有自己,mygo,575884077
省流：没有又看一集的小曲,0.0,5,16777215,2026-01-24 20:46:21,27387101951,13,唯一能相信的只有自己,mygo,575884077
痛痛痛痛痛痛痛痛痛痛痛痛痛痛痛痛痛痛痛痛痛痛痛痛痛痛痛痛痛痛痛痛痛痛痛痛痛痛痛痛痛痛痛痛痛痛痛痛痛痛痛痛痛痛痛痛痛痛痛痛痛痛痛痛痛痛痛痛痛痛痛痛痛痛痛痛痛痛痛痛痛痛痛痛,426.96,1,15138834,2026-01-24 20:42:22,27387101951,13,唯一能相信的只有自己,mygo,575884077
完结撒花,1417.168,1,11890,2026-01-24 20:41:29,27387101951,13,唯一能相信的只有自己,mygo,575884077
沈默の弦杀と死湖に咲く白蔷薇！若叶睦です,1349.521,1,16777215,2026-01-24 20:39:29,27387101951,13,唯一能相信的只有自己,mygo,575884077
哈？,285.576,1,6830715,2026-01-24 20:39:28,27387101951,13,唯一能相信的只有自己,mygo,575884077
可爱,176.974,1,15138834,2026-01-24 20:37:12,27387101951,13,唯一能相信的只有自己,mygo,575884077
2026/1/24,167.215,1,16777215,2026-01-24 20:36:38,27387101951,13,唯一能相信的只有自己,mygo,575884077
完结撒花,11.677,1,16777215,2026-01-24 17:50:16,27387101951,13,唯一能相信的只有自己,mygo,575884077
阿妈推拉斯！,566.792,1,16777215,2026-01-24 13:58:18,27387101951,13,唯一能相信的只有自己,mygo,575884077
唯有那份炫目未曾忘却,205.751,1,16777215,2026-01-24 13:41:16,27387101951,13,唯一能相信的只有自己,mygo,575884077
完结撒花！,8.6,1,16777215,2026-01-24 13:34:26,27387101951,13,唯一能相信的只有自己,mygo,575884077
这什么前女友现女友剧情,439.23,1,16777215,2026-01-24 12:30:10,27387101951,13,唯一能相信的只有自己,mygo,575884077
2026/01/24,141.48,1,15138834,2026-01-24 09:16:54,27387101951,13,唯一能相信的只有自己,mygo,575884077
成人桥,307.856,1,16777215,2026-01-24 04:43:47,27387101951,13,唯一能相信的只有自己,mygo,575884077
2626/1/24,141.792,1,16777215,2026-01-24 01:01:08,27387101951,13,唯一能相信的只有自己,mygo,575884077
这档次也太高了吧,1236.081,1,16777215,2026-01-23 23:29:56,27387101951,13,唯一能相信的只有自己,mygo,575884077
哈？,275.406,4,16777215,2026-01-23 23:15:49,27387101951,13,唯一能相信的只有自己,mygo,575884077
我恨你们这些诋毁拼好饭的人,72.862,1,9487136,2026-01-23 23:12:52,27387101951,13,唯一能相信的只有自己,mygo,575884077
爱灯99,548.175,1,16777215,2026-01-23 22:10:16,27387101951,13,唯一能相信的只有自己,mygo,575884077
12026 1 23,153.51,1,16777215,2026-01-23 22:02:27,27387101951,13,唯一能相信的只有自己,mygo,575884077
完结撒花，一期一会,8.123,1,16777215,2026-01-23 13:43:00,27387101951,13,唯一能相信的只有自己,mygo,575884077
这是对CRYCHIC有执念啊，算什么放下！,368.801,1,16777215,2026-01-23 04:50:58,27387101951,13,唯一能相信的只有自己,mygo,575884077
这还是人类吗？,955.456,1,16777215,2026-01-23 03:19:00,27387101951,13,唯一能相信的只有自己,mygo,575884077
完结散花,1413.722,1,16777215,2026-01-23 02:38:50,27387101951,13,唯一能相信的只有自己,mygo,575884077
2026/1/23,160.478,1,16777215,2026-01-23 02:13:04,27387101951,13,唯一能相信的只有自己,mygo,575884077
完结撒花！！感谢陪伴,7.82,1,16777215,2026-01-23 02:11:23,27387101951,13,唯一能相信的只有自己,mygo,575884077
yniu,264.545,1,16777215,2026-01-23 00:34:27,27387101951,13,唯一能相信的只有自己,mygo,575884077
咕咕嘎嘎,210.817,1,16777215,2026-01-23 00:32:53,27387101951,13,唯一能相信的只有自己,mygo,575884077
完结撒花，感谢陪伴,3.174,1,16777215,2026-01-22 23:49:42,27387101951,13,唯一能相信的只有自己,mygo,575884077
P5味出来了,1121.576,5,16707842,2026-01-22 20:59:51,27387101951,13,唯一能相信的只有自己,mygo,575884077
来 咱俩恋恋,850.398,5,16707842,2026-01-22 20:55:13,27387101951,13,唯一能相信的只有自己,mygo,575884077
122,157.051,1,16777215,2026-01-22 19:05:36,27387101951,13,唯一能相信的只有自己,mygo,575884077
26/1/22,132.608,1,16777215,2026-01-22 03:10:37,27387101951,13,唯一能相信的只有自己,mygo,575884077
这个面具明明什么都挡不住，大家却认不出来,856.358,1,16777215,2026-01-22 02:35:38,27387101951,13,唯一能相信的只有自己,mygo,575884077
你们都是谁啊,72.77,5,16777215,2026-01-22 02:23:18,27387101951,13,唯一能相信的只有自己,mygo,575884077
灯神，带我们再冲一次吧！！！,86.151,5,16777215,2026-01-22 01:44:08,27387101951,13,唯一能相信的只有自己,mygo,575884077
完结撒花，感谢陪伴！！！,0.735,5,16777215,2026-01-22 01:42:05,27387101951,13,唯一能相信的只有自己,mygo,575884077
不是，这也有罗？,1163.598,5,16777215,2026-01-22 01:05:08,27387101951,13,唯一能相信的只有自己,mygo,575884077
艾路基尔点了个赞,213.441,1,16777215,2026-01-21 20:10:36,27387101951,13,唯一能相信的只有自己,mygo,575884077
2026/1/21,145.208,1,16777215,2026-01-21 18:55:23,27387101951,13,唯一能相信的只有自己,mygo,575884077
不求同年同月同日生。。。,233.972,1,16777215,2026-01-21 17:01:48,27387101951,13,唯一能相信的只有自己,mygo,575884077
完结撒花,6.398,1,16777215,2026-01-21 16:29:06,27387101951,13,唯一能相信的只有自己,mygo,575884077
完结撒花,6.909,1,16777215,2026-01-21 13:16:19,27387101951,13,唯一能相信的只有自己,mygo,575884077
超大一只,764.475,5,16777215,2026-01-21 09:26:34,27387101951,13,唯一能相信的只有自己,mygo,575884077
完结撒花2026/1/20,1411.889,1,16777215,2026-01-20 23:56:40,27387101951,13,唯一能相信的只有自己,mygo,575884077
豪庭,153.849,1,16777215,2026-01-20 23:34:58,27387101951,13,唯一能相信的只有自己,mygo,575884077
对邦！！！,433.039,1,16777215,2026-01-20 21:06:33,27387101951,13,唯一能相信的只有自己,mygo,575884077
~真把一辈子纳入考虑 才要抓细节呀,226.625,1,16777215,2026-01-20 21:02:31,27387101951,13,唯一能相信的只有自己,mygo,575884077
最后一集op 不准跳,70.187,1,16777215,2026-01-20 20:59:19,27387101951,13,唯一能相信的只有自己,mygo,575884077
唉……,43.243,1,16777215,2026-01-20 20:58:18,27387101951,13,唯一能相信的只有自己,mygo,575884077
赤羽駅 ,1396.874,1,16777215,2026-01-20 19:58:33,27387101951,13,唯一能相信的只有自己,mygo,575884077
卡威！,851.471,1,38979,2026-01-20 18:24:16,27387101951,13,唯一能相信的只有自己,mygo,575884077
26/1/20,134.1,1,16777215,2026-01-20 17:17:39,27387101951,13,唯一能相信的只有自己,mygo,575884077
2026/1/20,154.156,1,16777215,2026-01-20 16:02:25,27387101951,13,唯一能相信的只有自己,mygo,575884077
完结撒花,1414.591,1,16777215,2026-01-20 14:58:44,27387101951,13,唯一能相信的只有自己,mygo,575884077
2026/1/20,156.321,1,16777215,2026-01-20 14:37:58,27387101951,13,唯一能相信的只有自己,mygo,575884077
完结撒花,20.001,1,16777215,2026-01-20 14:36:41,27387101951,13,唯一能相信的只有自己,mygo,575884077
魔法少女小祥,1025.341,5,16646914,2026-01-20 11:43:59,27387101951,13,唯一能相信的只有自己,mygo,575884077
立希：呜呜呜呜呜,564.079,5,16755202,2026-01-20 11:03:08,27387101951,13,唯一能相信的只有自己,mygo,575884077
完结撒花，感谢陪伴,7.027,1,16777215,2026-01-20 05:02:49,27387101951,13,唯一能相信的只有自己,mygo,575884077
2026/1/20,2.813,1,16777215,2026-01-20 03:58:21,27387101951,13,唯一能相信的只有自己,mygo,575884077
好听,1276.102,1,16777215,2026-01-20 01:31:10,27387101951,13,唯一能相信的只有自己,mygo,575884077
2026/1/19,166.31,5,16777215,2026-01-19 23:13:33,27387101951,13,唯一能相信的只有自己,mygo,575884077
26/1/19,133.225,1,16777215,2026-01-19 21:09:38,27387101951,13,唯一能相信的只有自己,mygo,575884077
成人桥,276.868,4,16777215,2026-01-19 19:18:39,27387101951,13,唯一能相信的只有自己,mygo,575884077
2026,140.125,1,16777215,2026-01-19 16:18:53,27387101951,13,唯一能相信的只有自己,mygo,575884077
太华丽了,1348.21,1,16777215,2026-01-19 15:15:42,27387101951,13,唯一能相信的只有自己,mygo,575884077
好好听,1200.709,1,16777215,2026-01-19 15:13:15,27387101951,13,唯一能相信的只有自己,mygo,575884077
26/1/19,142.863,1,16777215,2026-01-19 11:22:31,27387101951,13,唯一能相信的只有自己,mygo,575884077
完结撒花,10.38,1,16777215,2026-01-19 06:48:30,27387101951,13,唯一能相信的只有自己,mygo,575884077
完结撒花！感谢陪伴！,1411.287,1,16777215,2026-01-19 04:29:02,27387101951,13,唯一能相信的只有自己,mygo,575884077
完结撒花！感谢陪伴！,4.1,1,16777215,2026-01-19 04:02:08,27387101951,13,唯一能相信的只有自己,mygo,575884077
咕咕嘎嘎,468.136,1,16777215,2026-01-19 02:04:28,27387101951,13,唯一能相信的只有自己,mygo,575884077
26/1/19,145.305,1,16777215,2026-01-19 00:13:56,27387101951,13,唯一能相信的只有自己,mygo,575884077
她好像动物,166.655,1,16777215,2026-01-19 00:09:32,27387101951,13,唯一能相信的只有自己,mygo,575884077
什么魔法少女小圆的标题,5.992,1,16777215,2026-01-19 00:08:54,27387101951,13,唯一能相信的只有自己,mygo,575884077
开fever了,1303.867,1,16777215,2026-01-19 00:06:01,27387101951,13,唯一能相信的只有自己,mygo,575884077
2026/1/18,156.86,1,16777215,2026-01-18 23:40:33,27387101951,13,唯一能相信的只有自己,mygo,575884077
细节在哪？,632.487,1,16777215,2026-01-18 23:21:26,27387101951,13,唯一能相信的只有自己,mygo,575884077
26/1/18,154.574,1,16777215,2026-01-18 22:05:00,27387101951,13,唯一能相信的只有自己,mygo,575884077
26/1/18,138.038,5,8700107,2026-01-18 17:20:48,27387101951,13,唯一能相信的只有自己,mygo,575884077
还有蔷薇少女的事,993.243,1,16777215,2026-01-18 16:56:24,27387101951,13,唯一能相信的只有自己,mygo,575884077
26 1 18,147.479,1,16777215,2026-01-18 16:50:23,27387101951,13,唯一能相信的只有自己,mygo,575884077
睦头：睡觉,1363.112,1,9487136,2026-01-18 14:32:39,27387101951,13,唯一能相信的只有自己,mygo,575884077
雷霆运镜,1024.383,1,16777215,2026-01-18 14:28:39,27387101951,13,唯一能相信的只有自己,mygo,575884077
睦头是人机,974.516,1,16777215,2026-01-18 14:28:09,27387101951,13,唯一能相信的只有自己,mygo,575884077
喵酱最权威的母亲。,790.665,1,16777215,2026-01-18 12:01:00,27387101951,13,唯一能相信的只有自己,mygo,575884077
完结撒花,2.765,1,16777215,2026-01-18 11:58:40,27387101951,13,唯一能相信的只有自己,mygo,575884077
完结撒花,16.145,1,16777215,2026-01-18 11:47:50,27387101951,13,唯一能相信的只有自己,mygo,575884077
2026/1/18,141.974,1,16777215,2026-01-18 08:42:55,27387101951,13,唯一能相信的只有自己,mygo,575884077
2026/1/17,119.697,1,16777215,2026-01-18 03:23:33,27387101951,13,唯一能相信的只有自己,mygo,575884077
天呐 这简直就是我,327.231,1,16777215,2026-01-18 00:19:49,27387101951,13,唯一能相信的只有自己,mygo,575884077
26年1月18日！,119.785,5,16777215,2026-01-18 00:14:43,27387101951,13,唯一能相信的只有自己,mygo,575884077
完结散花,17.324,1,16777215,2026-01-18 00:01:20,27387101951,13,唯一能相信的只有自己,mygo,575884077
26年1月17,131.32,1,16777215,2026-01-17 23:38:10,27387101951,13,唯一能相信的只有自己,mygo,575884077
银纹,1090.963,1,16777215,2026-01-17 23:18:42,27387101951,13,唯一能相信的只有自己,mygo,575884077
2026/1/17,156.669,5,16777215,2026-01-17 22:46:45,27387101951,13,唯一能相信的只有自己,mygo,575884077
现在是更软弱的我,66.908,1,16777215,2026-01-17 20:43:54,27387101951,13,唯一能相信的只有自己,mygo,575884077
这句没绷住,1377.628,1,16777215,2026-01-17 20:33:35,27387101951,13,唯一能相信的只有自己,mygo,575884077
还是full,1248.85,1,16777215,2026-01-17 20:29:53,27387101951,13,唯一能相信的只有自己,mygo,575884077
sakikoko,798.64,1,16777215,2026-01-17 20:20:30,27387101951,13,唯一能相信的只有自己,mygo,575884077
上来就没绷住,7.439,1,16777215,2026-01-17 19:57:55,27387101951,13,唯一能相信的只有自己,mygo,575884077
爱灯99,550.346,1,13369971,2026-01-17 16:01:15,27387101951,13,唯一能相信的只有自己,mygo,575884077
顶级情话,515.255,1,16755202,2026-01-17 16:00:40,27387101951,13,唯一能相信的只有自己,mygo,575884077
哈？,273.542,1,16777215,2026-01-17 15:56:38,27387101951,13,唯一能相信的只有自己,mygo,575884077
26/1/17,137.206,1,16777215,2026-01-17 11:08:09,27387101951,13,唯一能相信的只有自己,mygo,575884077
26/1/17,136.098,1,16777215,2026-01-17 11:07:41,27387101951,13,唯一能相信的只有自己,mygo,575884077
？？,58.485,1,16777215,2026-01-17 10:25:10,27387101951,13,唯一能相信的只有自己,mygo,575884077
主唱是星星！,202.654,1,16777215,2026-01-17 01:21:57,27387101951,13,唯一能相信的只有自己,mygo,575884077
完结撒花,3.82,1,16777215,2026-01-17 00:12:05,27387101951,13,唯一能相信的只有自己,mygo,575884077
2026/1/16,156.743,1,16777215,2026-01-16 22:51:18,27387101951,13,唯一能相信的只有自己,mygo,575884077
完结撒花,19.208,1,16777215,2026-01-16 22:49:41,27387101951,13,唯一能相信的只有自己,mygo,575884077
好吃,313.884,1,16777215,2026-01-16 20:46:12,27387101951,13,唯一能相信的只有自己,mygo,575884077
25/12/4,131.333,1,16777215,2026-01-16 20:42:27,27387101951,13,唯一能相信的只有自己,mygo,575884077
这种纯利益组成的乐队啊,857.885,1,16777215,2026-01-16 20:33:34,27387101951,13,唯一能相信的只有自己,mygo,575884077
2026/1/16,165.864,1,16777215,2026-01-16 03:53:39,27387101951,13,唯一能相信的只有自己,mygo,575884077
女团不卖姬，早晚没人理,940.319,5,16777215,2026-01-16 02:41:20,27387101951,13,唯一能相信的只有自己,mygo,575884077
完结撒花，感谢陪伴！,1415.338,1,16777215,2026-01-16 00:18:39,27387101951,13,唯一能相信的只有自己,mygo,575884077
你知道的，我一直是母鸡卡的粉丝,1157.856,1,16777215,2026-01-15 23:15:02,27387101951,13,唯一能相信的只有自己,mygo,575884077
26/1/15,126.868,1,16777215,2026-01-15 20:28:53,27387101951,13,唯一能相信的只有自己,mygo,575884077
26/1/15,132.124,1,16777215,2026-01-15 12:31:04,27387101951,13,唯一能相信的只有自己,mygo,575884077
26/1/15,132.092,5,15138834,2026-01-15 11:43:48,27387101951,13,唯一能相信的只有自己,mygo,575884077
完结撒花，感谢陪伴,8.178,1,6830715,2026-01-15 02:51:10,27387101951,13,唯一能相信的只有自己,mygo,575884077
焚音打,403.849,1,16777215,2026-01-15 00:12:29,27387101951,13,唯一能相信的只有自己,mygo,575884077
2026/01/14,150.482,1,16777215,2026-01-14 21:04:47,27387101951,13,唯一能相信的只有自己,mygo,575884077
26、1、14,141.745,4,16777215,2026-01-14 18:44:35,27387101951,13,唯一能相信的只有自己,mygo,575884077
25/8/16,136.458,1,16777215,2026-01-14 18:29:29,27387101951,13,唯一能相信的只有自己,mygo,575884077
完结撒花,1419.336,5,16777215,2026-01-14 12:43:40,27387101951,13,唯一能相信的只有自己,mygo,575884077
完结撒花,1419.336,5,16777215,2026-01-14 12:43:34,27387101951,13,唯一能相信的只有自己,mygo,575884077
完结撒花,1417.538,5,16777215,2026-01-14 12:43:19,27387101951,13,唯一能相信的只有自己,mygo,575884077
猫猫瞪爱音,186.075,1,16777215,2026-01-14 12:18:29,27387101951,13,唯一能相信的只有自己,mygo,575884077
我的天呐！李子大人！,880.789,1,16777215,2026-01-14 01:56:51,27387101951,13,唯一能相信的只有自己,mygo,575884077
撒花,10.05,1,16777215,2026-01-14 00:59:38,27387101951,13,唯一能相信的只有自己,mygo,575884077
我，无畏契约！,1093.114,1,16777215,2026-01-14 00:56:02,27387101951,13,唯一能相信的只有自己,mygo,575884077
2026/1/14,153.341,1,16777215,2026-01-14 00:50:18,27387101951,13,唯一能相信的只有自己,mygo,575884077
完结撒花,14.796,1,16777215,2026-01-14 00:41:19,27387101951,13,唯一能相信的只有自己,mygo,575884077
这句话mujica要考,926.098,5,16777215,2026-01-13 22:09:58,27387101951,13,唯一能相信的只有自己,mygo,575884077
完结撒花,1412.404,1,16777215,2026-01-13 03:13:28,27387101951,13,唯一能相信的只有自己,mygo,575884077
完结撒花,8.754,1,16777215,2026-01-13 02:48:20,27387101951,13,唯一能相信的只有自己,mygo,575884077
完结撒花！,8.754,1,16777215,2026-01-13 02:48:12,27387101951,13,唯一能相信的只有自己,mygo,575884077
2026/01/13,160.649,1,16777215,2026-01-13 01:43:53,27387101951,13,唯一能相信的只有自己,mygo,575884077
完结撒花,155.606,1,16777215,2026-01-13 01:43:22,27387101951,13,唯一能相信的只有自己,mygo,575884077
完结撒花,6.775,1,16777215,2026-01-13 01:42:25,27387101951,13,唯一能相信的只有自己,mygo,575884077
2026/1/12,169.442,1,16777215,2026-01-13 00:57:56,27387101951,13,唯一能相信的只有自己,mygo,575884077
1453,1336.784,1,16777215,2026-01-12 23:35:03,27387101951,13,唯一能相信的只有自己,mygo,575884077
2026/1/12,147.183,1,16777215,2026-01-12 22:55:50,27387101951,13,唯一能相信的只有自己,mygo,575884077
背景什么奥斯曼新月,1226.607,1,16777215,2026-01-12 20:40:36,27387101951,13,唯一能相信的只有自己,mygo,575884077
完结撒花，感谢陪伴！,0.879,5,16777215,2026-01-12 19:31:11,27387101951,13,唯一能相信的只有自己,mygo,575884077
精罗落泪,1336.351,1,16777215,2026-01-12 19:23:51,27387101951,13,唯一能相信的只有自己,mygo,575884077
26年一月,120.763,1,16777215,2026-01-12 13:53:11,27387101951,13,唯一能相信的只有自己,mygo,575884077
完结撒花，感谢陪伴,6.808,1,16777215,2026-01-12 11:39:11,27387101951,13,唯一能相信的只有自己,mygo,575884077
老八,832.419,5,15138834,2026-01-12 04:10:01,27387101951,13,唯一能相信的只有自己,mygo,575884077
完结撒花，感谢陪伴,121.843,5,15138834,2026-01-12 03:57:16,27387101951,13,唯一能相信的只有自己,mygo,575884077
朝日啤酒,1408.02,1,16777215,2026-01-11 23:05:47,27387101951,13,唯一能相信的只有自己,mygo,575884077
难蚌の假面,832.62,1,16777215,2026-01-11 22:55:27,27387101951,13,唯一能相信的只有自己,mygo,575884077
完结撒花，感谢陪伴！,0.98,1,16777215,2026-01-11 22:40:54,27387101951,13,唯一能相信的只有自己,mygo,575884077
2026/1/11,133.679,1,16777215,2026-01-11 21:26:50,27387101951,13,唯一能相信的只有自己,mygo,575884077
26/1/11,152.637,5,16777215,2026-01-11 20:54:33,27387101951,13,唯一能相信的只有自己,mygo,575884077
26/1/11,92.819,5,16777215,2026-01-11 20:53:33,27387101951,13,唯一能相信的只有自己,mygo,575884077
2026/1/11,180.9,1,16777215,2026-01-11 20:13:01,27387101951,13,唯一能相信的只有自己,mygo,575884077
太中二了这也,856.083,1,16777215,2026-01-11 19:08:11,27387101951,13,唯一能相信的只有自己,mygo,575884077
完结撒花，感谢陪伴,4.422,1,16777215,2026-01-11 18:54:00,27387101951,13,唯一能相信的只有自己,mygo,575884077
2026/1/11,146.42,1,16777215,2026-01-11 17:26:59,27387101951,13,唯一能相信的只有自己,mygo,575884077
盖亚ed2：你深信不疑的东西一定不会错,546.959,1,16777215,2026-01-11 17:18:49,27387101951,13,唯一能相信的只有自己,mygo,575884077
有牛啊！,271.431,5,38979,2026-01-11 15:39:21,27387101951,13,唯一能相信的只有自己,mygo,575884077
完结撒花感谢陪伴,1417.286,5,16777215,2026-01-11 14:13:45,27387101951,13,唯一能相信的只有自己,mygo,575884077
这段感觉好适合采样孟菲斯,871.492,5,16777215,2026-01-11 14:06:23,27387101951,13,唯一能相信的只有自己,mygo,575884077
完结撒花,7.632,5,16777215,2026-01-11 13:50:26,27387101951,13,唯一能相信的只有自己,mygo,575884077
26/1/11,131.831,1,16777215,2026-01-11 12:01:09,27387101951,13,唯一能相信的只有自己,mygo,575884077
2026/1/11,149.004,1,16777215,2026-01-11 01:07:47,27387101951,13,唯一能相信的只有自己,mygo,575884077
完结撒花，感谢陪伴,1412.173,1,16777215,2026-01-11 00:55:25,27387101951,13,唯一能相信的只有自己,mygo,575884077
2026/1/11,131.429,1,16777215,2026-01-11 00:34:00,27387101951,13,唯一能相信的只有自己,mygo,575884077
26/1/10,139.011,1,16777215,2026-01-10 22:56:04,27387101951,13,唯一能相信的只有自己,mygo,575884077
2026/1/6,174.403,1,16777215,2026-01-10 22:07:40,27387101951,13,唯一能相信的只有自己,mygo,575884077
完结撒花,662.277,1,41194,2026-01-10 21:50:33,27387101951,13,唯一能相信的只有自己,mygo,575884077
26/1/9,168.879,1,16777215,2026-01-10 21:33:21,27387101951,13,唯一能相信的只有自己,mygo,575884077
完结撒花,4.468,1,16777215,2026-01-10 21:21:31,27387101951,13,唯一能相信的只有自己,mygo,575884077
26 1 10,136.064,1,16777215,2026-01-10 18:54:25,27387101951,13,唯一能相信的只有自己,mygo,575884077
完结撒花！,11.757,1,16777215,2026-01-10 18:52:08,27387101951,13,唯一能相信的只有自己,mygo,575884077
完结撒花,1409.606,1,16777215,2026-01-10 16:21:22,27387101951,13,唯一能相信的只有自己,mygo,575884077
2026/1/10,0.765,1,16777215,2026-01-10 05:09:24,27387101951,13,唯一能相信的只有自己,mygo,575884077
阿玛特拉斯,837.725,1,15138834,2026-01-10 00:19:30,27387101951,13,唯一能相信的只有自己,mygo,575884077
完结撒花,15.24,1,16777215,2026-01-09 23:23:09,27387101951,13,唯一能相信的只有自己,mygo,575884077
完结撒花,17.239,5,16777215,2026-01-09 22:28:43,27387101951,13,唯一能相信的只有自己,mygo,575884077
输麻了,279.043,1,16777215,2026-01-09 21:36:48,27387101951,13,唯一能相信的只有自己,mygo,575884077
这是什么？！你告诉我这是什么？！,848.545,5,15138835,2026-01-09 19:35:55,27387101951,13,唯一能相信的只有自己,mygo,575884077
26/1/9,140.035,5,16777215,2026-01-09 19:21:45,27387101951,13,唯一能相信的只有自己,mygo,575884077
哈？,271.206,1,16777215,2026-01-09 13:28:55,27387101951,13,唯一能相信的只有自己,mygo,575884077
完结撒花，感谢陪伴,1.456,1,16777215,2026-01-09 13:24:17,27387101951,13,唯一能相信的只有自己,mygo,575884077
祥子还是有点实力的,1097.08,5,16777215,2026-01-09 03:58:28,27387101951,13,唯一能相信的只有自己,mygo,575884077
补耗,726.848,5,16777215,2026-01-09 03:51:59,27387101951,13,唯一能相信的只有自己,mygo,575884077
完结撒花,4.146,5,16777215,2026-01-09 03:19:14,27387101951,13,唯一能相信的只有自己,mygo,575884077
2026/1/9,133.709,1,16777215,2026-01-09 02:02:00,27387101951,13,唯一能相信的只有自己,mygo,575884077
26/1/8,173.569,1,16777215,2026-01-09 00:59:34,27387101951,13,唯一能相信的只有自己,mygo,575884077
神奇の岛市面具,844.812,5,16777215,2026-01-08 23:02:42,27387101951,13,唯一能相信的只有自己,mygo,575884077
2026/01/08,146.899,1,16777215,2026-01-08 21:48:16,27387101951,13,唯一能相信的只有自己,mygo,575884077
俺也一样,373.89,5,41194,2026-01-08 20:23:16,27387101951,13,唯一能相信的只有自己,mygo,575884077
kksk,1259.335,1,16777215,2026-01-08 19:01:28,27387101951,13,唯一能相信的只有自己,mygo,575884077
客服祥子,7.428,1,16777215,2026-01-08 16:59:21,27387101951,13,唯一能相信的只有自己,mygo,575884077
在迷失中前进,532.312,5,16777215,2026-01-08 15:50:19,27387101951,13,唯一能相信的只有自己,mygo,575884077
2026/1/8,157.833,1,16777215,2026-01-08 14:00:08,27387101951,13,唯一能相信的只有自己,mygo,575884077
哈！,55.357,1,16777215,2026-01-08 12:17:54,27387101951,13,唯一能相信的只有自己,mygo,575884077
26/1/8,131.482,1,16777215,2026-01-08 10:42:04,27387101951,13,唯一能相信的只有自己,mygo,575884077
完结撒花,3.818,1,16777215,2026-01-08 10:40:17,27387101951,13,唯一能相信的只有自己,mygo,575884077
祥和华的面具可以拼上，海和喵的可以拼上但睦的没有可以拼的。。,856.885,1,16777215,2026-01-08 03:15:20,27387101951,13,唯一能相信的只有自己,mygo,575884077
完结撒花owo,3.466,1,16777215,2026-01-08 02:15:37,27387101951,13,唯一能相信的只有自己,mygo,575884077
2026/1/7,1418.174,1,16777215,2026-01-08 00:42:46,27387101951,13,唯一能相信的只有自己,mygo,575884077
玩具总动员说是,1020.013,1,16777215,2026-01-07 23:44:35,27387101951,13,唯一能相信的只有自己,mygo,575884077
精准踩雷,783.445,1,16777215,2026-01-07 23:18:01,27387101951,13,唯一能相信的只有自己,mygo,575884077
26/1/7,147.575,1,16777215,2026-01-07 23:15:16,27387101951,13,唯一能相信的只有自己,mygo,575884077
太帅了吧我靠,1112.157,1,14811775,2026-01-07 22:22:06,27387101951,13,唯一能相信的只有自己,mygo,575884077
哈哈哈,432.828,1,16777215,2026-01-07 12:27:59,27387101951,13,唯一能相信的只有自己,mygo,575884077
天啊！这唱的简直就是我,327.28,1,16777215,2026-01-07 02:20:36,27387101951,13,唯一能相信的只有自己,mygo,575884077
人类在哪,951.009,1,16777215,2026-01-07 02:03:10,27387101951,13,唯一能相信的只有自己,mygo,575884077
完结撒花！,6.513,1,16777215,2026-01-06 23:43:12,27387101951,13,唯一能相信的只有自己,mygo,575884077
99,484.353,1,16777215,2026-01-06 23:13:47,27387101951,13,唯一能相信的只有自己,mygo,575884077
祥子一个人玩两架钢琴,1134.426,1,16777215,2026-01-06 22:18:36,27387101951,13,唯一能相信的只有自己,mygo,575884077
26/1/6,150.971,1,16777215,2026-01-06 21:51:28,27387101951,13,唯一能相信的只有自己,mygo,575884077
2026/1/6,182.69,1,16777215,2026-01-06 20:32:43,27387101951,13,唯一能相信的只有自己,mygo,575884077
居然不是完全的日式英语,869.996,1,16777215,2026-01-06 19:55:24,27387101951,13,唯一能相信的只有自己,mygo,575884077
现在看不到豪猫了，只有坏猫了,730.401,1,16777215,2026-01-06 17:44:20,27387101951,13,唯一能相信的只有自己,mygo,575884077
完结散花,1415.165,1,16777215,2026-01-06 14:36:56,27387101951,13,唯一能相信的只有自己,mygo,575884077
2026/1/6,160.743,1,16777215,2026-01-06 11:44:13,27387101951,13,唯一能相信的只有自己,mygo,575884077
26/1/6,141.132,1,16777215,2026-01-06 01:48:37,27387101951,13,唯一能相信的只有自己,mygo,575884077
电话打爆,9.991,1,16777215,2026-01-06 01:04:04,27387101951,13,唯一能相信的只有自己,mygo,575884077
2026/1/6,159.203,1,16777215,2026-01-06 00:44:12,27387101951,13,唯一能相信的只有自己,mygo,575884077
这下听懂了,1192.28,1,16777215,2026-01-05 23:41:38,27387101951,13,唯一能相信的只有自己,mygo,575884077
完结撒花，感谢陪伴！,2.195,1,16777215,2026-01-05 23:11:49,27387101951,13,唯一能相信的只有自己,mygo,575884077
呜呜呜，不许凶睦子米,65.205,1,16707842,2026-01-05 23:07:59,27387101951,13,唯一能相信的只有自己,mygo,575884077
哈？,282.834,1,16777215,2026-01-05 21:02:09,27387101951,13,唯一能相信的只有自己,mygo,575884077
2026/1/5,175.607,1,16777215,2026-01-05 20:59:23,27387101951,13,唯一能相信的只有自己,mygo,575884077
宝贝吃冰啦,1111.471,1,15138834,2026-01-05 18:39:33,27387101951,13,唯一能相信的只有自己,mygo,575884077
ob一串字母,764.06,1,16777215,2026-01-05 13:15:51,27387101951,13,唯一能相信的只有自己,mygo,575884077
劲劲,1105.319,1,16777215,2026-01-05 13:08:26,27387101951,13,唯一能相信的只有自己,mygo,575884077
哈？,273.149,1,16777215,2026-01-05 13:07:31,27387101951,13,唯一能相信的只有自己,mygo,575884077
超级中二的一集,998.207,1,16777215,2026-01-05 13:06:38,27387101951,13,唯一能相信的只有自己,mygo,575884077
客服小样,10.328,1,16777215,2026-01-05 13:04:05,27387101951,13,唯一能相信的只有自己,mygo,575884077
2026/1/5,162.905,1,16777215,2026-01-05 12:22:13,27387101951,13,唯一能相信的只有自己,mygo,575884077
裤衩套头？,896.311,1,16777215,2026-01-05 12:19:36,27387101951,13,唯一能相信的只有自己,mygo,575884077
哈哈哈哈哈哈哈哈哈,893.078,1,16777215,2026-01-05 12:19:20,27387101951,13,唯一能相信的只有自己,mygo,575884077
嘉豪乐队,857.632,1,16777215,2026-01-05 12:18:36,27387101951,13,唯一能相信的只有自己,mygo,575884077
完结撒花,7.871,1,16777215,2026-01-05 09:59:40,27387101951,13,唯一能相信的只有自己,mygo,575884077
银河战舰恐怖如斯……,1349.322,1,16777215,2026-01-05 04:39:13,27387101951,13,唯一能相信的只有自己,mygo,575884077
初华怎么这么美啊？,1307.728,1,16777215,2026-01-05 01:46:59,27387101951,13,唯一能相信的只有自己,mygo,575884077
完结撒花,122.111,1,16777215,2026-01-05 01:19:29,27387101951,13,唯一能相信的只有自己,mygo,575884077
2026/1/5,170.216,1,16777215,2026-01-05 01:16:14,27387101951,13,唯一能相信的只有自己,mygo,575884077
2026/1/4/2352,154.841,5,16777215,2026-01-04 23:52:01,27387101951,13,唯一能相信的只有自己,mygo,575884077
2026/1/4,159.499,1,16777215,2026-01-04 22:55:17,27387101951,13,唯一能相信的只有自己,mygo,575884077
大的来了,816.835,1,16777215,2026-01-04 22:38:46,27387101951,13,唯一能相信的只有自己,mygo,575884077
逐渐忘记番名,1280.519,1,16777215,2026-01-04 20:22:38,27387101951,13,唯一能相信的只有自己,mygo,575884077
完结撒花！！！！！,6.649,1,16777215,2026-01-04 20:00:50,27387101951,13,唯一能相信的只有自己,mygo,575884077
26/1/4,138.806,1,16777215,2026-01-04 18:45:27,27387101951,13,唯一能相信的只有自己,mygo,575884077
我受不了了,965.723,1,16777215,2026-01-04 18:39:06,27387101951,13,唯一能相信的只有自己,mygo,575884077
完结撒花，感谢陪伴,11.529,1,16777215,2026-01-04 18:36:55,27387101951,13,唯一能相信的只有自己,mygo,575884077
2026/1/4,157.538,1,16777215,2026-01-04 16:01:12,27387101951,13,唯一能相信的只有自己,mygo,575884077
好可爱的soyo,288.206,5,16777215,2026-01-04 14:57:29,27387101951,13,唯一能相信的只有自己,mygo,575884077
26/1,136.615,5,16777215,2026-01-04 13:37:19,27387101951,13,唯一能相信的只有自己,mygo,575884077
saki酱orzsaki酱orzsaki酱orzsaki酱orzsaki酱orzsaki酱orzsaki酱orz,587.227,1,16777215,2026-01-04 13:22:32,27387101951,13,唯一能相信的只有自己,mygo,575884077
不要看mujica答应我,796.975,1,16777215,2026-01-04 12:54:44,27387101951,13,唯一能相信的只有自己,mygo,575884077
爱音伟大,504.161,1,16777215,2026-01-04 12:49:52,27387101951,13,唯一能相信的只有自己,mygo,575884077
2026.1/4,124.886,1,16777215,2026-01-04 01:11:49,27387101951,13,唯一能相信的只有自己,mygo,575884077
2026.1/4,123.38,1,16777215,2026-01-04 01:11:38,27387101951,13,唯一能相信的只有自己,mygo,575884077
2026/1/4,159.661,1,16777215,2026-01-04 00:39:01,27387101951,13,唯一能相信的只有自己,mygo,575884077
26年1月,124.606,1,16777215,2026-01-03 22:40:59,27387101951,13,唯一能相信的只有自己,mygo,575884077
2026/1/3,148.725,1,16777215,2026-01-03 22:05:03,27387101951,13,唯一能相信的只有自己,mygo,575884077
2026/1/3,153.146,5,16777215,2026-01-03 20:39:49,27387101951,13,唯一能相信的只有自己,mygo,575884077
特异人士,558.537,1,15138834,2026-01-03 19:28:01,27387101951,13,唯一能相信的只有自己,mygo,575884077
早晚喝死他,1417.729,1,16777215,2026-01-03 17:57:50,27387101951,13,唯一能相信的只有自己,mygo,575884077
2026/1/3,144.025,1,16777215,2026-01-03 17:33:36,27387101951,13,唯一能相信的只有自己,mygo,575884077
2026年1月3日,212.774,1,16777215,2026-01-03 17:13:49,27387101951,13,唯一能相信的只有自己,mygo,575884077
完结撒花,1411.487,1,14811775,2026-01-03 16:04:56,27387101951,13,唯一能相信的只有自己,mygo,575884077
哈？,269.279,1,14811775,2026-01-03 15:55:36,27387101951,13,唯一能相信的只有自己,mygo,575884077
完结撒花 感谢陪伴,5.307,1,14811775,2026-01-03 15:53:42,27387101951,13,唯一能相信的只有自己,mygo,575884077
有点意思,1089.393,1,15138834,2026-01-03 14:21:10,27387101951,13,唯一能相信的只有自己,mygo,575884077
完结撒花,9.199,1,16777215,2026-01-03 14:20:12,27387101951,13,唯一能相信的只有自己,mygo,575884077
初见端倪,946.448,1,16777215,2026-01-03 14:17:49,27387101951,13,唯一能相信的只有自己,mygo,575884077
26/1/3,131.02,1,16777215,2026-01-03 11:44:17,27387101951,13,唯一能相信的只有自己,mygo,575884077
无畏契约的来了,1089.145,1,16777215,2026-01-03 10:46:23,27387101951,13,唯一能相信的只有自己,mygo,575884077
好中二啊啊啊啊啊啊啊啊！,930.942,1,16777215,2026-01-03 06:11:00,27387101951,13,唯一能相信的只有自己,mygo,575884077
这样我就能实现父亲吉翁的遗愿了,1051.612,1,16777215,2026-01-03 02:25:39,27387101951,13,唯一能相信的只有自己,mygo,575884077
请大家把力量借给我,1051.612,1,16777215,2026-01-03 02:25:16,27387101951,13,唯一能相信的只有自己,mygo,575884077
完结撒花,3.402,1,16777215,2026-01-03 00:54:47,27387101951,13,唯一能相信的只有自己,mygo,575884077
26年1月2日,136.656,1,16777215,2026-01-02 23:11:46,27387101951,13,唯一能相信的只有自己,mygo,575884077
26年1月2日,121.525,1,16777215,2026-01-02 22:44:27,27387101951,13,唯一能相信的只有自己,mygo,575884077
25年4月,121.525,1,16777215,2026-01-02 22:44:13,27387101951,13,唯一能相信的只有自己,mygo,575884077
乘员就位！驾驶员好～,1057.929,1,16777215,2026-01-02 18:00:59,27387101951,13,唯一能相信的只有自己,mygo,575884077
2026/1.2,137.029,1,16777215,2026-01-02 16:36:45,27387101951,13,唯一能相信的只有自己,mygo,575884077
世界計劃,1122.879,1,16777215,2026-01-02 16:33:55,27387101951,13,唯一能相信的只有自己,mygo,575884077
完结撒花,6.131,1,16777215,2026-01-02 16:06:04,27387101951,13,唯一能相信的只有自己,mygo,575884077
2026/1/2,151.707,4,16777215,2026-01-02 14:47:29,27387101951,13,唯一能相信的只有自己,mygo,575884077
2026/1/2,148.707,1,16777215,2026-01-02 14:47:10,27387101951,13,唯一能相信的只有自己,mygo,575884077
太帅了,1101.221,1,16777215,2026-01-02 14:10:51,27387101951,13,唯一能相信的只有自己,mygo,575884077
爆！,411.089,1,16777215,2026-01-02 13:58:07,27387101951,13,唯一能相信的只有自己,mygo,575884077
天哪，那简直就是我,320.545,1,16777215,2026-01-02 13:56:30,27387101951,13,唯一能相信的只有自己,mygo,575884077
26年1月,131.757,1,16777215,2026-01-02 13:52:45,27387101951,13,唯一能相信的只有自己,mygo,575884077
26/1/2,131.027,1,16777215,2026-01-02 11:57:43,27387101951,13,唯一能相信的只有自己,mygo,575884077
2026/1/2,181.345,1,16777215,2026-01-02 09:58:13,27387101951,13,唯一能相信的只有自己,mygo,575884077
劲 爆 尾 杀,1411.554,5,16646914,2026-01-02 09:20:41,27387101951,13,唯一能相信的只有自己,mygo,575884077
精 罗 狂 喜,1337.65,5,52480,2026-01-02 09:18:49,27387101951,13,唯一能相信的只有自己,mygo,575884077
旱 地 行 舟,1337.65,5,52480,2026-01-02 09:18:38,27387101951,13,唯一能相信的只有自己,mygo,575884077
我喵喵喵,1258.615,1,16777215,2026-01-02 05:00:35,27387101951,13,唯一能相信的只有自己,mygo,575884077
anon酱？！,254.906,1,16777215,2026-01-02 04:15:29,27387101951,13,唯一能相信的只有自己,mygo,575884077
anon酱？！,252.949,1,16777215,2026-01-02 04:15:23,27387101951,13,唯一能相信的只有自己,mygo,575884077
完结撒花,13.435,1,16777215,2026-01-02 04:11:35,27387101951,13,唯一能相信的只有自己,mygo,575884077
战斗曲,411.191,5,15138834,2026-01-02 02:53:44,27387101951,13,唯一能相信的只有自己,mygo,575884077
铠甲合体,838.45,1,16777215,2026-01-02 00:23:05,27387101951,13,唯一能相信的只有自己,mygo,575884077
saki:祝你幸福,547.556,1,16777215,2026-01-01 22:57:00,27387101951,13,唯一能相信的只有自己,mygo,575884077
满昏答案,372.237,1,16777215,2026-01-01 22:53:55,27387101951,13,唯一能相信的只有自己,mygo,575884077
还有身边这位ob一串字母女士,756.289,1,16777215,2026-01-01 21:46:23,27387101951,13,唯一能相信的只有自己,mygo,575884077
！！！,416.371,1,16777215,2026-01-01 20:39:39,27387101951,13,唯一能相信的只有自己,mygo,575884077
哈？,271.021,1,16777215,2026-01-01 20:36:52,27387101951,13,唯一能相信的只有自己,mygo,575884077
完结撒花，感谢陪伴,15.662,1,16777215,2026-01-01 19:59:32,27387101951,13,唯一能相信的只有自己,mygo,575884077
9.9 高分我不行了,1191.68,5,16777215,2026-01-01 18:13:33,27387101951,13,唯一能相信的只有自己,mygo,575884077
天呐，初华大人,1082.329,5,16777215,2026-01-01 18:10:45,27387101951,13,唯一能相信的只有自己,mygo,575884077
难绷,827.424,5,16777215,2026-01-01 18:05:58,27387101951,13,唯一能相信的只有自己,mygo,575884077
说海玲帅的，信任呢？,810.987,1,16777215,2026-01-01 18:05:35,27387101951,13,唯一能相信的只有自己,mygo,575884077
好好，喵母鸡,804.604,5,16777215,2026-01-01 18:05:06,27387101951,13,唯一能相信的只有自己,mygo,575884077
完结撒花,1418.178,5,16777215,2026-01-01 17:06:42,27387101951,13,唯一能相信的只有自己,mygo,575884077
完结撒花,1.861,5,16777215,2026-01-01 16:24:19,27387101951,13,唯一能相信的只有自己,mygo,575884077
2026/1/1,174.31,1,16777215,2026-01-01 15:31:34,27387101951,13,唯一能相信的只有自己,mygo,575884077
26年,122.547,5,16777215,2026-01-01 14:39:24,27387101951,13,唯一能相信的只有自己,mygo,575884077
完结撒花 26/1/1,1409.729,1,16777215,2026-01-01 14:31:55,27387101951,13,唯一能相信的只有自己,mygo,575884077
2026/1/1,139.44,1,41194,2026-01-01 14:05:42,27387101951,13,唯一能相信的只有自己,mygo,575884077
26/1/1,145.627,1,16777215,2026-01-01 12:08:58,27387101951,13,唯一能相信的只有自己,mygo,575884077
26/1/1！,148.429,5,41194,2026-01-01 10:05:22,27387101951,13,唯一能相信的只有自己,mygo,575884077
小苹果，投祥喵,1307.862,1,16777215,2025-12-31 23:30:07,27387101951,13,唯一能相信的只有自己,mygo,575884077
persona!!,1129.1,1,16777215,2025-12-31 23:27:08,27387101951,13,唯一能相信的只有自己,mygo,575884077
海猫神！,1089.491,1,16777215,2025-12-31 23:26:25,27387101951,13,唯一能相信的只有自己,mygo,575884077
persona！,872.041,1,16777215,2025-12-31 23:22:31,27387101951,13,唯一能相信的只有自己,mygo,575884077
完结撒花感谢陪伴,4.711,1,16777215,2025-12-31 06:48:39,27387101951,13,唯一能相信的只有自己,mygo,575884077
25/12/31,163.87,1,16777215,2025-12-31 02:30:24,27387101951,13,唯一能相信的只有自己,mygo,575884077
2026/1/1,168.573,1,9487136,2025-12-30 22:29:26,27387101951,13,唯一能相信的只有自己,mygo,575884077
2026/1/1,168.573,1,16777215,2025-12-30 22:29:05,27387101951,13,唯一能相信的只有自己,mygo,575884077
大彻大悟,833.001,5,16777215,2025-12-30 21:29:37,27387101951,13,唯一能相信的只有自己,mygo,575884077
渐入佳境,780.86,5,16777215,2025-12-30 21:28:37,27387101951,13,唯一能相信的只有自己,mygo,575884077
《祝你幸福》,659.432,5,16777215,2025-12-30 21:26:29,27387101951,13,唯一能相信的只有自己,mygo,575884077
我也,374.282,5,16777215,2025-12-30 21:20:19,27387101951,13,唯一能相信的只有自己,mygo,575884077
现在是更加软糯的小祥,72.217,1,16777215,2025-12-30 21:18:55,27387101951,13,唯一能相信的只有自己,mygo,575884077
小馋猫,185.427,5,16777215,2025-12-30 21:17:05,27387101951,13,唯一能相信的只有自己,mygo,575884077
!!!!!,158.295,5,16777215,2025-12-30 21:16:32,27387101951,13,唯一能相信的只有自己,mygo,575884077
2025年12月30日,141.354,1,16777215,2025-12-30 18:21:50,27387101951,13,唯一能相信的只有自己,mygo,575884077
成人桥,275.441,1,16777215,2025-12-30 17:37:57,27387101951,13,唯一能相信的只有自己,mygo,575884077
高松积分,220.331,1,16777215,2025-12-30 17:36:36,27387101951,13,唯一能相信的只有自己,mygo,575884077
2025/12/30,159.601,1,16777215,2025-12-30 17:35:11,27387101951,13,唯一能相信的只有自己,mygo,575884077
关于我在go团里面看米吉卡这事。,1270.13,1,16777215,2025-12-30 16:45:20,27387101951,13,唯一能相信的只有自己,mygo,575884077
《我在麦购里面看母鸡卡》.,1267.25,1,16777215,2025-12-30 16:45:03,27387101951,13,唯一能相信的只有自己,mygo,575884077
为什么初华没有话筒,1264.888,1,16777215,2025-12-30 16:21:57,27387101951,13,唯一能相信的只有自己,mygo,575884077
完结撒花,9.003,1,16777215,2025-12-30 15:07:46,27387101951,13,唯一能相信的只有自己,mygo,575884077
完结撒花25年12月30日,1414.159,1,16777215,2025-12-30 13:09:11,27387101951,13,唯一能相信的只有自己,mygo,575884077
我忍不住了，我想去看母鸡卡,1342.619,1,16777215,2025-12-30 13:07:29,27387101951,13,唯一能相信的只有自己,mygo,575884077
进入正片,1160.319,1,16777215,2025-12-30 13:04:18,27387101951,13,唯一能相信的只有自己,mygo,575884077
2025/12/30,153.779,1,16777215,2025-12-30 12:48:20,27387101951,13,唯一能相信的只有自己,mygo,575884077
25/12/30,154.65,1,16777215,2025-12-30 08:38:55,27387101951,13,唯一能相信的只有自己,mygo,575884077
感谢陪伴,15.647,5,16777215,2025-12-30 06:34:19,27387101951,13,唯一能相信的只有自己,mygo,575884077
是母鸡卡，孩子们快跑!!!!!,733.832,5,16777215,2025-12-30 05:59:45,27387101951,13,唯一能相信的只有自己,mygo,575884077
2025/12/30,149.697,1,16777215,2025-12-30 05:49:14,27387101951,13,唯一能相信的只有自己,mygo,575884077
2025/12/29,142.363,1,8700107,2025-12-30 05:48:53,27387101951,13,唯一能相信的只有自己,mygo,575884077
完结撒花,151.947,1,16777215,2025-12-30 02:33:20,27387101951,13,唯一能相信的只有自己,mygo,575884077
25年12月29日,131.252,1,16777215,2025-12-29 23:13:15,27387101951,13,唯一能相信的只有自己,mygo,575884077
完结撒花感谢陪伴！,1418.536,1,16777215,2025-12-29 22:59:14,27387101951,13,唯一能相信的只有自己,mygo,575884077
啊？,1418.045,1,16777215,2025-12-29 22:58:04,27387101951,13,唯一能相信的只有自己,mygo,575884077
曲子绝对炫酷！,1347.581,1,16777215,2025-12-29 22:50:05,27387101951,13,唯一能相信的只有自己,mygo,575884077
完结撒花，感谢陪伴,14.686,1,16777215,2025-12-29 22:49:37,27387101951,13,唯一能相信的只有自己,mygo,575884077
一个前摇超长的开场白,1038.781,1,16777215,2025-12-29 22:45:33,27387101951,13,唯一能相信的只有自己,mygo,575884077
等一下真奈不是就一个人了？,726.44,1,15138834,2025-12-29 22:31:04,27387101951,13,唯一能相信的只有自己,mygo,575884077
母鸡卡要来力,706.728,1,15138834,2025-12-29 22:28:36,27387101951,13,唯一能相信的只有自己,mygo,575884077
所以才叫三角初华,598.654,1,16777215,2025-12-29 22:24:00,27387101951,13,唯一能相信的只有自己,mygo,575884077
爱灯,540.925,1,16777215,2025-12-29 22:22:27,27387101951,13,唯一能相信的只有自己,mygo,575884077
波奇,484.095,1,16777215,2025-12-29 22:18:10,27387101951,13,唯一能相信的只有自己,mygo,575884077
教えて教えて僕の中に誰かに,433.341,1,16777215,2025-12-29 22:15:31,27387101951,13,唯一能相信的只有自己,mygo,575884077
拿得起放不下！,378.152,1,16777215,2025-12-29 22:12:45,27387101951,13,唯一能相信的只有自己,mygo,575884077
难绷,270.376,1,16777215,2025-12-29 22:09:12,27387101951,13,唯一能相信的只有自己,mygo,575884077
哈？,269.693,1,16777215,2025-12-29 22:09:04,27387101951,13,唯一能相信的只有自己,mygo,575884077
开口即歌词,212.562,1,16777215,2025-12-29 22:06:14,27387101951,13,唯一能相信的只有自己,mygo,575884077
灯的神颜,152.253,1,16777215,2025-12-29 22:00:01,27387101951,13,唯一能相信的只有自己,mygo,575884077
从来不跳,104.147,1,16777215,2025-12-29 21:58:15,27387101951,13,唯一能相信的只有自己,mygo,575884077
动则雷霆嘎巴,64.936,1,16777215,2025-12-29 21:56:44,27387101951,13,唯一能相信的只有自己,mygo,575884077
我真的绷不住了,59.667,1,16777215,2025-12-29 21:54:54,27387101951,13,唯一能相信的只有自己,mygo,575884077
完结撒花感谢陪伴！,7.079,1,16777215,2025-12-29 21:51:55,27387101951,13,唯一能相信的只有自己,mygo,575884077
现在已经不是人了,69.417,1,16777215,2025-12-29 12:14:36,27387101951,13,唯一能相信的只有自己,mygo,575884077
2025/12/29,142.883,1,16777215,2025-12-29 09:40:01,27387101951,13,唯一能相信的只有自己,mygo,575884077
2025/12/29,154.059,1,41194,2025-12-29 03:26:10,27387101951,13,唯一能相信的只有自己,mygo,575884077
其实真正的初华只有小祥认识,658.909,1,16777215,2025-12-29 02:57:51,27387101951,13,唯一能相信的只有自己,mygo,575884077
不好好相处，没啥羁绊啊,1392.44,1,16777215,2025-12-29 01:37:52,27387101951,13,唯一能相信的只有自己,mygo,575884077
阿弥诺斯,1072.19,1,16777215,2025-12-29 01:32:02,27387101951,13,唯一能相信的只有自己,mygo,575884077
牵手成功,544.458,1,16777215,2025-12-29 01:21:42,27387101951,13,唯一能相信的只有自己,mygo,575884077
这家伙，竟敢无视灯,430.808,1,16777215,2025-12-29 01:19:47,27387101951,13,唯一能相信的只有自己,mygo,575884077
2025/12/29,154.697,1,16777215,2025-12-29 00:04:49,27387101951,13,唯一能相信的只有自己,mygo,575884077
25/12/28,131.73,1,16777215,2025-12-28 22:47:58,27387101951,13,唯一能相信的只有自己,mygo,575884077
并非爱音运营,644.562,1,41194,2025-12-28 21:33:28,27387101951,13,唯一能相信的只有自己,mygo,575884077
25/12/28,136.067,1,16777215,2025-12-28 21:08:22,27387101951,13,唯一能相信的只有自己,mygo,575884077
25/12/28,71.915,1,16777215,2025-12-28 18:23:58,27387101951,13,唯一能相信的只有自己,mygo,575884077
25年12月28日,128.406,1,16777215,2025-12-28 14:57:33,27387101951,13,唯一能相信的只有自己,mygo,575884077
25年12月,113.376,1,16777215,2025-12-28 14:57:07,27387101951,13,唯一能相信的只有自己,mygo,575884077
客服小祥,10.732,1,16777215,2025-12-28 14:52:55,27387101951,13,唯一能相信的只有自己,mygo,575884077
完结撒花！,109.012,1,6830715,2025-12-28 13:10:56,27387101951,13,唯一能相信的只有自己,mygo,575884077
25/12/26,147.813,1,16777215,2025-12-28 12:27:24,27387101951,13,唯一能相信的只有自己,mygo,575884077
25年12月28,134.101,5,16777215,2025-12-28 10:14:00,27387101951,13,唯一能相信的只有自己,mygo,575884077
完结撒花，感谢陪伴！！！！！,6.478,5,16777215,2025-12-28 10:09:55,27387101951,13,唯一能相信的只有自己,mygo,575884077
韭壹面具,832.705,5,16777215,2025-12-28 08:06:32,27387101951,13,唯一能相信的只有自己,mygo,575884077
25/12/29,131.655,1,16777215,2025-12-28 04:26:30,27387101951,13,唯一能相信的只有自己,mygo,575884077
完结撒花，感谢陪伴！！！！！,5.596,1,16777215,2025-12-28 02:11:41,27387101951,13,唯一能相信的只有自己,mygo,575884077
颂“月”人偶,978.321,1,16777215,2025-12-28 00:56:33,27387101951,13,唯一能相信的只有自己,mygo,575884077
错音了哈哈哈哈,419.415,1,16777215,2025-12-28 00:43:53,27387101951,13,唯一能相信的只有自己,mygo,575884077
额啊这段杀我,399.338,1,16777215,2025-12-28 00:43:19,27387101951,13,唯一能相信的只有自己,mygo,575884077
跟瓦雷莎的面具没啥区别，总之是个人都能看得出来是谁,845.724,1,15138834,2025-12-28 00:32:59,27387101951,13,唯一能相信的只有自己,mygo,575884077
2025/12/28,161.003,1,15138834,2025-12-28 00:02:34,27387101951,13,唯一能相信的只有自己,mygo,575884077
25/12/24,140.029,1,16777215,2025-12-27 18:28:28,27387101951,13,唯一能相信的只有自己,mygo,575884077
素世：建议大家长期素食,237.33,1,16777215,2025-12-27 18:05:03,27387101951,13,唯一能相信的只有自己,mygo,575884077
手机先吃,167.357,1,16777215,2025-12-27 18:03:42,27387101951,13,唯一能相信的只有自己,mygo,575884077
25/12/27,143.244,1,16777215,2025-12-27 14:09:52,27387101951,13,唯一能相信的只有自己,mygo,575884077
奥斯曼,1338.429,1,52480,2025-12-27 13:44:33,27387101951,13,唯一能相信的只有自己,mygo,575884077
完结撒花！！,1416.673,1,16777215,2025-12-27 13:35:20,27387101951,13,唯一能相信的只有自己,mygo,575884077
2025/12/27,148.7,1,16777215,2025-12-27 13:11:27,27387101951,13,唯一能相信的只有自己,mygo,575884077
你是初华吗？我觉得我是,580.957,1,16777215,2025-12-27 12:49:11,27387101951,13,唯一能相信的只有自己,mygo,575884077
99,524.263,1,16777215,2025-12-27 12:42:42,27387101951,13,唯一能相信的只有自己,mygo,575884077
与此同时，另外一边,69.082,1,16777215,2025-12-27 11:15:40,27387101951,13,唯一能相信的只有自己,mygo,575884077
完结撒花，感谢陪伴！,9.203,1,16777215,2025-12-27 10:09:27,27387101951,13,唯一能相信的只有自己,mygo,575884077
25/12/27,131.626,1,16777215,2025-12-27 03:52:25,27387101951,13,唯一能相信的只有自己,mygo,575884077
完结撒花感谢陪伴,4.307,1,16777215,2025-12-27 01:07:45,27387101951,13,唯一能相信的只有自己,mygo,575884077
2025/12/26,146.742,1,16777215,2025-12-26 23:41:34,27387101951,13,唯一能相信的只有自己,mygo,575884077
完结撒花,8.488,1,16777215,2025-12-26 23:40:29,27387101951,13,唯一能相信的只有自己,mygo,575884077
完结撒花,4.136,1,16777215,2025-12-26 23:40:17,27387101951,13,唯一能相信的只有自己,mygo,575884077
完结撒花,9.695,1,16777215,2025-12-26 22:17:21,27387101951,13,唯一能相信的只有自己,mygo,575884077
完结撒花,23.936,1,16777215,2025-12-26 20:17:21,27387101951,13,唯一能相信的只有自己,mygo,575884077
666,944.638,1,16777215,2025-12-26 20:09:28,27387101951,13,唯一能相信的只有自己,mygo,575884077
有点拟人,893.503,1,16777215,2025-12-26 20:08:25,27387101951,13,唯一能相信的只有自己,mygo,575884077
哈？,273.156,1,16777215,2025-12-26 13:03:22,27387101951,13,唯一能相信的只有自己,mygo,575884077
完结散花,1410.782,1,16777215,2025-12-25 22:27:04,27387101951,13,唯一能相信的只有自己,mygo,575884077
珍惜现在这个人类初华,557.603,1,16777215,2025-12-25 19:30:57,27387101951,13,唯一能相信的只有自己,mygo,575884077
完结撒花 感谢陪伴,1414.612,1,16777215,2025-12-25 17:59:04,27387101951,13,唯一能相信的只有自己,mygo,575884077
25/12/25,136.554,1,16777215,2025-12-25 15:05:19,27387101951,13,唯一能相信的只有自己,mygo,575884077
天呐，这唱的简直就是我,332.052,1,16777215,2025-12-25 13:10:57,27387101951,13,唯一能相信的只有自己,mygo,575884077
25年12月25号,121.439,1,16777215,2025-12-25 13:07:53,27387101951,13,唯一能相信的只有自己,mygo,575884077
帅死我了,1354.27,1,16777215,2025-12-25 11:35:22,27387101951,13,唯一能相信的只有自己,mygo,575884077
好帅,1317.314,1,16777215,2025-12-25 11:34:45,27387101951,13,唯一能相信的只有自己,mygo,575884077
完结撒花,8.36,1,16777215,2025-12-25 09:29:19,27387101951,13,唯一能相信的只有自己,mygo,575884077
金睦,847.207,1,14811775,2025-12-25 08:46:30,27387101951,13,唯一能相信的只有自己,mygo,575884077
25/12/25,136.673,1,16777215,2025-12-25 05:17:57,27387101951,13,唯一能相信的只有自己,mygo,575884077
完结撒花,1396.783,1,16777215,2025-12-25 03:39:48,27387101951,13,唯一能相信的只有自己,mygo,575884077
回过头来看真是唯一似人的,927.401,1,16777215,2025-12-25 02:18:48,27387101951,13,唯一能相信的只有自己,mygo,575884077
666,938.818,1,16777215,2025-12-24 22:06:24,27387101951,13,唯一能相信的只有自己,mygo,575884077
母鸡卡第一次演出来了,829.28,1,16777215,2025-12-24 22:05:37,27387101951,13,唯一能相信的只有自己,mygo,575884077
母鸡卡马上要来了,708.146,1,16777215,2025-12-24 22:04:42,27387101951,13,唯一能相信的只有自己,mygo,575884077
一休尼,229.995,1,16777215,2025-12-24 21:48:50,27387101951,13,唯一能相信的只有自己,mygo,575884077
太专业了,1341.188,1,16777215,2025-12-24 20:51:20,27387101951,13,唯一能相信的只有自己,mygo,575884077
天啊 这唱的简直就是我,323.4,1,16777215,2025-12-24 20:31:59,27387101951,13,唯一能相信的只有自己,mygo,575884077
还在一辈子还在一辈子,216.065,1,16777215,2025-12-24 20:29:50,27387101951,13,唯一能相信的只有自己,mygo,575884077
2025/12/24,155.089,1,16777215,2025-12-24 17:20:03,27387101951,13,唯一能相信的只有自己,mygo,575884077
完结撒花,183.237,1,16777215,2025-12-24 12:04:36,27387101951,13,唯一能相信的只有自己,mygo,575884077
25/12/24,151.473,1,16777215,2025-12-24 12:04:04,27387101951,13,唯一能相信的只有自己,mygo,575884077
这番不错 好温馨 我追了,280.221,1,16777215,2025-12-24 00:44:16,27387101951,13,唯一能相信的只有自己,mygo,575884077
2025/12/23,153.547,1,14811775,2025-12-23 22:57:56,27387101951,13,唯一能相信的只有自己,mygo,575884077
完结撒花,7.488,1,16777215,2025-12-23 22:15:45,27387101951,13,唯一能相信的只有自己,mygo,575884077
25/12/23,130.632,1,16777215,2025-12-23 20:05:58,27387101951,13,唯一能相信的只有自己,mygo,575884077
完结撒花,4.738,1,16777215,2025-12-23 20:04:30,27387101951,13,唯一能相信的只有自己,mygo,575884077
不是乐队吗,911.873,1,16777215,2025-12-23 18:57:43,27387101951,13,唯一能相信的只有自己,mygo,575884077
不想演的,1027.723,1,16777215,2025-12-23 07:29:59,27387101951,13,唯一能相信的只有自己,mygo,575884077
完结撒花,1415.388,1,16777215,2025-12-23 06:45:49,27387101951,13,唯一能相信的只有自己,mygo,575884077
地狱人偶之馆（,954.227,1,16777215,2025-12-23 02:49:50,27387101951,13,唯一能相信的只有自己,mygo,575884077
怎么五学家这么多,178.805,1,16777215,2025-12-22 22:57:45,27387101951,13,唯一能相信的只有自己,mygo,575884077
251222,148.509,1,16777215,2025-12-22 21:12:03,27387101951,13,唯一能相信的只有自己,mygo,575884077
25/12/22,131.447,1,16777215,2025-12-22 21:11:46,27387101951,13,唯一能相信的只有自己,mygo,575884077
完结撒花,15.345,1,16777215,2025-12-22 20:08:16,27387101951,13,唯一能相信的只有自己,mygo,575884077
哈？,267.544,1,16777215,2025-12-22 06:26:36,27387101951,13,唯一能相信的只有自己,mygo,575884077
客服小祥,7.047,1,41194,2025-12-22 05:29:09,27387101951,13,唯一能相信的只有自己,mygo,575884077
虚拟感我的虚拟感,754.587,1,16777215,2025-12-22 04:23:23,27387101951,13,唯一能相信的只有自己,mygo,575884077
但畏惧信任（Doge）,1069.059,5,16777215,2025-12-22 00:36:31,27387101951,13,唯一能相信的只有自己,mygo,575884077
2025/12/22,139.045,1,16777215,2025-12-22 00:35:14,27387101951,13,唯一能相信的只有自己,mygo,575884077
饿猫扑食,162.245,5,16777215,2025-12-22 00:14:51,27387101951,13,唯一能相信的只有自己,mygo,575884077
251221,134.134,1,16777215,2025-12-21 23:02:43,27387101951,13,唯一能相信的只有自己,mygo,575884077
爱灯好啊,484.765,1,16777215,2025-12-21 22:16:59,27387101951,13,唯一能相信的只有自己,mygo,575884077
完结撒花 25/12/21,1408.908,1,16777215,2025-12-21 20:17:24,27387101951,13,唯一能相信的只有自己,mygo,575884077
记住这一部的初华是什么样子,593.661,1,16777215,2025-12-21 16:57:49,27387101951,13,唯一能相信的只有自己,mygo,575884077
《萝马雅乐》,1347.474,5,16777215,2025-12-21 15:22:31,27387101951,13,唯一能相信的只有自己,mygo,575884077
好二,68.848,1,16777215,2025-12-21 14:03:23,27387101951,13,唯一能相信的只有自己,mygo,575884077
甜甜甜,497.652,1,41194,2025-12-21 12:05:43,27387101951,13,唯一能相信的只有自己,mygo,575884077
25/12/21,134.912,1,16777215,2025-12-21 10:30:12,27387101951,13,唯一能相信的只有自己,mygo,575884077
25/12/21,165.114,1,16777215,2025-12-21 09:41:51,27387101951,13,唯一能相信的只有自己,mygo,575884077
我看未必,931.835,1,16777215,2025-12-21 02:29:20,27387101951,13,唯一能相信的只有自己,mygo,575884077
2025/12/21,165.744,1,16777215,2025-12-21 01:57:18,27387101951,13,唯一能相信的只有自己,mygo,575884077
现在是更软弱的我,65.237,1,16777215,2025-12-21 00:35:32,27387101951,13,唯一能相信的只有自己,mygo,575884077
25/12/20,130.216,1,41194,2025-12-20 19:19:49,27387101951,13,唯一能相信的只有自己,mygo,575884077
叶罗丽精灵梦,992.447,1,16777215,2025-12-20 16:02:38,27387101951,13,唯一能相信的只有自己,mygo,575884077
祥祥祥祥祥祥祥祥祥祥祥祥祥祥祥祥祥祥祥祥祥祥祥祥祥祥祥祥祥祥祥祥祥祥祥祥祥祥祥祥祥祥祥祥祥祥祥祥祥祥祥祥祥祥祥祥祥祥祥祥祥祥,1289.644,1,16777215,2025-12-20 14:44:32,27387101951,13,唯一能相信的只有自己,mygo,575884077
25/12/20,132.48,1,16777215,2025-12-20 11:05:38,27387101951,13,唯一能相信的只有自己,mygo,575884077
还在一休泥,227.719,1,16777215,2025-12-20 00:20:40,27387101951,13,唯一能相信的只有自己,mygo,575884077
完结撒花，感谢陪伴,1413.861,1,16777215,2025-12-19 22:41:35,27387101951,13,唯一能相信的只有自己,mygo,575884077
这边感觉是冲着职业赛去的,1135.842,1,16777215,2025-12-19 22:28:11,27387101951,13,唯一能相信的只有自己,mygo,575884077
2025/12/19,143.469,1,16777215,2025-12-19 22:24:22,27387101951,13,唯一能相信的只有自己,mygo,575884077
完结撒花,20.92,1,16777215,2025-12-19 22:21:46,27387101951,13,唯一能相信的只有自己,mygo,575884077
完结撒花,9.25,1,16777215,2025-12-19 19:49:04,27387101951,13,唯一能相信的只有自己,mygo,575884077
还有剧情,913.137,1,16777215,2025-12-19 14:09:29,27387101951,13,唯一能相信的只有自己,mygo,575884077
anon酱？！,255.562,1,16777215,2025-12-19 10:32:01,27387101951,13,唯一能相信的只有自己,mygo,575884077
完结撒花 感谢陪伴,5.541,1,16777215,2025-12-19 10:25:52,27387101951,13,唯一能相信的只有自己,mygo,575884077
灯的代餐,767.145,1,16777215,2025-12-19 06:50:47,27387101951,13,唯一能相信的只有自己,mygo,575884077
完结撒花,10.483,1,15138834,2025-12-19 00:06:42,27387101951,13,唯一能相信的只有自己,mygo,575884077
25/12/18,160.073,1,16777215,2025-12-18 23:31:05,27387101951,13,唯一能相信的只有自己,mygo,575884077
25/12/18,130.293,1,16777215,2025-12-18 22:49:46,27387101951,13,唯一能相信的只有自己,mygo,575884077
哈喽,9.129,1,16777215,2025-12-18 22:21:22,27387101951,13,唯一能相信的只有自己,mygo,575884077
天哪，这写的简直就是我,327.932,1,16777215,2025-12-18 21:58:49,27387101951,13,唯一能相信的只有自己,mygo,575884077
王道爱灯,498.588,1,16777215,2025-12-18 20:10:18,27387101951,13,唯一能相信的只有自己,mygo,575884077
完结撒花！,2.979,1,16777215,2025-12-18 00:15:59,27387101951,13,唯一能相信的只有自己,mygo,575884077
竟敢无视灯,439.287,1,16777215,2025-12-18 00:12:56,27387101951,13,唯一能相信的只有自己,mygo,575884077
251217,167.888,1,16777215,2025-12-17 23:58:31,27387101951,13,唯一能相信的只有自己,mygo,575884077
完结散花 感谢陪伴!!!!!,0.961,1,16777215,2025-12-17 21:55:02,27387101951,13,唯一能相信的只有自己,mygo,575884077
2025/12/17,133.385,1,16777215,2025-12-17 21:04:54,27387101951,13,唯一能相信的只有自己,mygo,575884077
初音太帅了,1091.626,5,16777215,2025-12-17 13:49:02,27387101951,13,唯一能相信的只有自己,mygo,575884077
这里运镜好,1017.514,5,16777215,2025-12-17 13:47:38,27387101951,13,唯一能相信的只有自己,mygo,575884077
pro在哪,638.729,1,16777215,2025-12-17 03:32:53,27387101951,13,唯一能相信的只有自己,mygo,575884077
2025/12/16,146.066,1,14811775,2025-12-16 23:56:21,27387101951,13,唯一能相信的只有自己,mygo,575884077
25/12/16,154.817,1,38979,2025-12-16 21:59:35,27387101951,13,唯一能相信的只有自己,mygo,575884077
对小睦好点啊！！！,57.258,1,38979,2025-12-16 21:57:43,27387101951,13,唯一能相信的只有自己,mygo,575884077
细节辅音吉他爱音写在主音吉他乐奈前面,625.674,1,16777215,2025-12-16 17:18:22,27387101951,13,唯一能相信的只有自己,mygo,575884077
立希都杀青了怎么还在输啊,479.152,1,16777215,2025-12-16 17:14:09,27387101951,13,唯一能相信的只有自己,mygo,575884077
你小子现在不看，回头直接成歌拍给你,430.051,1,16777215,2025-12-16 17:12:52,27387101951,13,唯一能相信的只有自己,mygo,575884077
她终于认真考虑了，是糖啊,225.809,1,16777215,2025-12-16 17:09:02,27387101951,13,唯一能相信的只有自己,mygo,575884077
蔷薇少女实锤,1006.533,1,16777215,2025-12-16 16:57:57,27387101951,13,唯一能相信的只有自己,mygo,575884077
我，无畏去约！,1083.808,5,16777215,2025-12-16 16:16:28,27387101951,13,唯一能相信的只有自己,mygo,575884077
2025/12/16,126.176,1,16777215,2025-12-16 15:02:24,27387101951,13,唯一能相信的只有自己,mygo,575884077
炸梦，这是我去！！！！！,155.146,5,16777215,2025-12-16 13:32:37,27387101951,13,唯一能相信的只有自己,mygo,575884077
25/12/16,144.11,1,16777215,2025-12-16 13:03:38,27387101951,13,唯一能相信的只有自己,mygo,575884077
哇，金属,1102.126,1,16777215,2025-12-16 12:45:28,27387101951,13,唯一能相信的只有自己,mygo,575884077
特异人士,562.378,1,16777215,2025-12-16 12:36:08,27387101951,13,唯一能相信的只有自己,mygo,575884077
woc我一直以为是P的表情包,6.737,1,16777215,2025-12-16 11:11:34,27387101951,13,唯一能相信的只有自己,mygo,575884077
2025/12/16,142.567,1,16777215,2025-12-16 09:49:37,27387101951,13,唯一能相信的只有自己,mygo,575884077
25/12/15,136.718,1,16777215,2025-12-15 23:25:31,27387101951,13,唯一能相信的只有自己,mygo,575884077
两个乐队都有猫哈哈,1389.696,1,16777215,2025-12-15 12:05:57,27387101951,13,唯一能相信的只有自己,mygo,575884077
初华是因为好奇saki为什么要组这个乐队才关注灯的吗,1358.885,1,16777215,2025-12-15 12:05:26,27387101951,13,唯一能相信的只有自己,mygo,575884077
好超模的band,1183.628,1,16777215,2025-12-15 12:02:31,27387101951,13,唯一能相信的只有自己,mygo,575884077
今天的邦邦就看到这最后一场live吧,1115.481,1,16777215,2025-12-15 12:01:23,27387101951,13,唯一能相信的只有自己,mygo,575884077
saki居然是这么想的吗，自己没能和灯一起成为人类，转眼间自己已经被抛弃了,989.059,1,16777215,2025-12-15 11:59:16,27387101951,13,唯一能相信的只有自己,mygo,575884077
对我也觉得12最后的live,712.548,1,16777215,2025-12-15 11:54:40,27387101951,13,唯一能相信的只有自己,mygo,575884077
这个月光太神了,411.142,1,16777215,2025-12-15 11:49:38,27387101951,13,唯一能相信的只有自己,mygo,575884077
每日一嗯,392.794,1,16777215,2025-12-15 11:49:20,27387101951,13,唯一能相信的只有自己,mygo,575884077
我靠怎么都刀木木,73.802,1,16777215,2025-12-15 11:45:04,27387101951,13,唯一能相信的只有自己,mygo,575884077
原来是这个梗我不行了,26.027,1,16777215,2025-12-15 11:44:16,27387101951,13,唯一能相信的只有自己,mygo,575884077
希望大家永远不死,198.145,1,16777215,2025-12-15 00:19:21,27387101951,13,唯一能相信的只有自己,mygo,575884077
母鸡卡见,3.619,1,16777215,2025-12-14 23:48:24,27387101951,13,唯一能相信的只有自己,mygo,575884077
完结撒花,11.544,1,16777215,2025-12-14 22:07:12,27387101951,13,唯一能相信的只有自己,mygo,575884077
完结撒花,1419.613,1,16777215,2025-12-14 21:56:38,27387101951,13,唯一能相信的只有自己,mygo,575884077
突然正经笑死,235.964,1,16777215,2025-12-14 20:08:22,27387101951,13,唯一能相信的只有自己,mygo,575884077
完结撒花,16.63,1,16777215,2025-12-14 19:17:53,27387101951,13,唯一能相信的只有自己,mygo,575884077
完结散花，感谢陪伴！,2.387,5,16777215,2025-12-14 17:39:25,27387101951,13,唯一能相信的只有自己,mygo,575884077
完结撒花,145.923,5,16765698,2025-12-14 15:35:22,27387101951,13,唯一能相信的只有自己,mygo,575884077
25/12/14,128.091,1,16777215,2025-12-14 14:51:15,27387101951,13,唯一能相信的只有自己,mygo,575884077
kksk,1179.517,1,16777215,2025-12-14 08:39:06,27387101951,13,唯一能相信的只有自己,mygo,575884077
妈妈,1087.079,1,16777215,2025-12-14 08:36:22,27387101951,13,唯一能相信的只有自己,mygo,575884077
2025/12/14,124.816,5,16777215,2025-12-14 07:15:03,27387101951,13,唯一能相信的只有自己,mygo,575884077
这个划弦的声音都有啊，可以说非常细节了,36.01,1,16777215,2025-12-14 03:41:43,27387101951,13,唯一能相信的只有自己,mygo,575884077
我，无卫泣曰,1084.654,5,16777215,2025-12-14 00:16:13,27387101951,13,唯一能相信的只有自己,mygo,575884077
豪汀,1147.601,1,16777215,2025-12-13 23:39:51,27387101951,13,唯一能相信的只有自己,mygo,575884077
爱灯99,507.083,1,14811775,2025-12-13 22:21:00,27387101951,13,唯一能相信的只有自己,mygo,575884077
完结撒花,7.207,1,16777215,2025-12-13 22:13:05,27387101951,13,唯一能相信的只有自己,mygo,575884077
何以为,958.587,1,16777215,2025-12-13 21:13:33,27387101951,13,唯一能相信的只有自己,mygo,575884077
好厉害,1276.484,1,16777215,2025-12-13 20:39:18,27387101951,13,唯一能相信的只有自己,mygo,575884077
这个架子鼓好厉害,1229.727,1,16777215,2025-12-13 20:38:28,27387101951,13,唯一能相信的只有自己,mygo,575884077
前摇好长,1069.579,1,16777215,2025-12-13 20:35:04,27387101951,13,唯一能相信的只有自己,mygo,575884077
25/12/13,151.377,1,16777215,2025-12-13 18:19:32,27387101951,13,唯一能相信的只有自己,mygo,575884077
怎么感觉有点像钻石星尘和有刺无刺（,1399.459,5,16777215,2025-12-13 16:12:49,27387101951,13,唯一能相信的只有自己,mygo,575884077
明明是两个不同的乐队，怎么都喜欢搞这么极限,687.457,5,16777215,2025-12-13 15:54:48,27387101951,13,唯一能相信的只有自己,mygo,575884077
2025|12|13,146.618,1,16777215,2025-12-13 15:42:37,27387101951,13,唯一能相信的只有自己,mygo,575884077
她不是性格好 只是为了自己的利益这样说 但是这次可能是真心话,307.697,1,16777215,2025-12-13 01:46:36,27387101951,13,唯一能相信的只有自己,mygo,575884077
爱门,532.728,1,16777215,2025-12-13 01:40:06,27387101951,13,唯一能相信的只有自己,mygo,575884077
2025/12/12,139.716,1,16777215,2025-12-12 21:16:25,27387101951,13,唯一能相信的只有自己,mygo,575884077
完结撒花！！！,1404.695,5,16777215,2025-12-12 19:48:42,27387101951,13,唯一能相信的只有自己,mygo,575884077
25/12/12,130.474,1,16777215,2025-12-12 16:32:13,27387101951,13,唯一能相信的只有自己,mygo,575884077
我 无畏契约,1067.807,1,16777215,2025-12-12 02:49:50,27387101951,13,唯一能相信的只有自己,mygo,575884077
真正的人偶,963.858,1,16777215,2025-12-12 02:47:34,27387101951,13,唯一能相信的只有自己,mygo,575884077
睦头都不带演的,1036.031,5,16777215,2025-12-12 01:04:07,27387101951,13,唯一能相信的只有自己,mygo,575884077
猫：不管了,225.711,1,16777215,2025-12-12 00:45:24,27387101951,13,唯一能相信的只有自己,mygo,575884077
2025/12/12,149.911,1,16777215,2025-12-12 00:43:51,27387101951,13,唯一能相信的只有自己,mygo,575884077
25年12月,115.851,1,16777215,2025-12-12 00:42:56,27387101951,13,唯一能相信的只有自己,mygo,575884077
撒花,18.199,1,16777215,2025-12-11 22:52:06,27387101951,13,唯一能相信的只有自己,mygo,575884077
Amoris：我不怕爱猫，越爱猫我越高兴,1072.88,1,16777215,2025-12-11 21:00:42,27387101951,13,唯一能相信的只有自己,mygo,575884077
25/12/11,162.48,1,16777215,2025-12-11 19:47:12,27387101951,13,唯一能相信的只有自己,mygo,575884077
祝99,542.887,1,14811775,2025-12-11 13:22:21,27387101951,13,唯一能相信的只有自己,mygo,575884077
完结撒花,663.784,1,41194,2025-12-11 06:12:02,27387101951,13,唯一能相信的只有自己,mygo,575884077
再见了,1402.771,1,16777215,2025-12-11 06:10:28,27387101951,13,唯一能相信的只有自己,mygo,575884077
"""假 面 骑 士""",840.762,1,16777215,2025-12-11 05:27:27,27387101951,13,唯一能相信的只有自己,mygo,575884077
完结撒花,10.628,1,16777215,2025-12-11 02:42:34,27387101951,13,唯一能相信的只有自己,mygo,575884077
25/12/10,139.562,1,41194,2025-12-10 22:45:46,27387101951,13,唯一能相信的只有自己,mygo,575884077
IP层尽力而为,525.676,1,16777215,2025-12-10 21:48:09,27387101951,13,唯一能相信的只有自己,mygo,575884077
月光返场,397.946,1,16777215,2025-12-10 21:43:12,27387101951,13,唯一能相信的只有自己,mygo,575884077
凛凛子可爱捏,174.15,1,16777215,2025-12-10 19:49:02,27387101951,13,唯一能相信的只有自己,mygo,575884077
这是作词,211.826,5,16646914,2025-12-10 13:51:00,27387101951,13,唯一能相信的只有自己,mygo,575884077
哈曼，何时来的,64.528,5,16646914,2025-12-10 13:48:23,27387101951,13,唯一能相信的只有自己,mygo,575884077
完结撒花,4.5,5,16777215,2025-12-10 00:15:46,27387101951,13,唯一能相信的只有自己,mygo,575884077
2025/12/9,131.461,1,16777215,2025-12-09 20:27:50,27387101951,13,唯一能相信的只有自己,mygo,575884077
右边有个黑影是睦妈,1039.371,1,16777215,2025-12-09 20:17:20,27387101951,13,唯一能相信的只有自己,mygo,575884077
其实小初这孩子确实是亚撒西的…,593.551,1,16777215,2025-12-09 20:08:57,27387101951,13,唯一能相信的只有自己,mygo,575884077
囍囍囍囍囍,536.963,5,15138834,2025-12-09 20:07:40,27387101951,13,唯一能相信的只有自己,mygo,575884077
完结撒花，感谢陪伴,10.977,1,16777215,2025-12-09 17:41:59,27387101951,13,唯一能相信的只有自己,mygo,575884077
奥斯曼帝国,1338.229,5,16707842,2025-12-09 12:25:30,27387101951,13,唯一能相信的只有自己,mygo,575884077
2025/12/9,155.345,1,16777215,2025-12-09 02:47:54,27387101951,13,唯一能相信的只有自己,mygo,575884077
完结撒花！！,17.578,1,16777215,2025-12-09 02:46:51,27387101951,13,唯一能相信的只有自己,mygo,575884077
冈崎朋也家（）,1417.047,5,16777215,2025-12-09 00:35:15,27387101951,13,唯一能相信的只有自己,mygo,575884077
我现在就很幸福,434.715,1,16777215,2025-12-09 00:26:44,27387101951,13,唯一能相信的只有自己,mygo,575884077
完结撒花，感谢陪伴,156.85,5,16777215,2025-12-08 23:29:14,27387101951,13,唯一能相信的只有自己,mygo,575884077
2025/12/8,139.601,1,16777215,2025-12-08 22:56:31,27387101951,13,唯一能相信的只有自己,mygo,575884077
完结撒花,1.779,1,16777215,2025-12-08 22:53:29,27387101951,13,唯一能相信的只有自己,mygo,575884077
无能的立希,546.407,1,16777215,2025-12-07 23:08:49,27387101951,13,唯一能相信的只有自己,mygo,575884077
25/12/7,165.458,1,16777215,2025-12-07 21:00:01,27387101951,13,唯一能相信的只有自己,mygo,575884077
这一队职业选手来炸鱼的,1345.45,1,16777215,2025-12-07 19:47:53,27387101951,13,唯一能相信的只有自己,mygo,575884077
你别说这实力真的没的说,1163.321,1,16777215,2025-12-07 19:43:48,27387101951,13,唯一能相信的只有自己,mygo,575884077
这是真的没有人类了,963.732,1,16777215,2025-12-07 19:38:14,27387101951,13,唯一能相信的只有自己,mygo,575884077
细节没有人类,939.61,1,16777215,2025-12-07 19:37:50,27387101951,13,唯一能相信的只有自己,mygo,575884077
母鸡卡看了纯难受的,709.91,1,16777215,2025-12-07 19:32:32,27387101951,13,唯一能相信的只有自己,mygo,575884077
这上面是不是7个关注26粉丝的意思啊？,622.242,1,16777215,2025-12-07 17:13:26,27387101951,13,唯一能相信的只有自己,mygo,575884077
2025/12/4,139.092,1,16777215,2025-12-07 10:33:30,27387101951,13,唯一能相信的只有自己,mygo,575884077
2025/12/7,132.484,5,16777215,2025-12-07 10:15:16,27387101951,13,唯一能相信的只有自己,mygo,575884077
25年12月,123.842,5,16777215,2025-12-07 10:14:54,27387101951,13,唯一能相信的只有自己,mygo,575884077
波奇？,486.454,1,16777215,2025-12-07 03:10:49,27387101951,13,唯一能相信的只有自己,mygo,575884077
完结撒花！感谢陪伴,10.247,1,16777215,2025-12-07 02:57:08,27387101951,13,唯一能相信的只有自己,mygo,575884077
2025/12/7,161.717,1,16777215,2025-12-07 02:42:56,27387101951,13,唯一能相信的只有自己,mygo,575884077
完结撒花，感谢陪伴,5.168,1,16777215,2025-12-07 01:31:53,27387101951,13,唯一能相信的只有自己,mygo,575884077
完结撒花，感谢陪伴！！！！！,4.365,4,16777215,2025-12-06 22:45:20,27387101951,13,唯一能相信的只有自己,mygo,575884077
25年12月,134.592,1,16777215,2025-12-06 22:33:02,27387101951,13,唯一能相信的只有自己,mygo,575884077
空の箱,457.238,1,16777215,2025-12-06 22:08:51,27387101951,13,唯一能相信的只有自己,mygo,575884077
这就是音乐！,1263.036,1,14811775,2025-12-06 19:42:47,27387101951,13,唯一能相信的只有自己,mygo,575884077
银河战舰,1205.764,1,14811775,2025-12-06 19:42:06,27387101951,13,唯一能相信的只有自己,mygo,575884077
音乐剧是乐队？,892.139,1,14811775,2025-12-06 19:35:34,27387101951,13,唯一能相信的只有自己,mygo,575884077
saki！移动…,438.322,1,16777215,2025-12-06 19:23:34,27387101951,13,唯一能相信的只有自己,mygo,575884077
复仇者联盟,834.978,1,16777215,2025-12-06 18:55:43,27387101951,13,唯一能相信的只有自己,mygo,575884077
2025/12/6,160.958,1,16777215,2025-12-06 14:11:35,27387101951,13,唯一能相信的只有自己,mygo,575884077
喵姆起外号和我一个习惯？！！,798.984,1,16777215,2025-12-06 13:29:03,27387101951,13,唯一能相信的只有自己,mygo,575884077
25/12/06,158.91,5,16777215,2025-12-06 12:14:46,27387101951,13,唯一能相信的只有自己,mygo,575884077
完结撒花，感谢陪伴！！！！！,2.836,5,16777215,2025-12-06 12:10:16,27387101951,13,唯一能相信的只有自己,mygo,575884077
2025/12/6,158.936,1,16777215,2025-12-06 12:08:43,27387101951,13,唯一能相信的只有自己,mygo,575884077
绷不住了,858.641,1,16777215,2025-12-06 10:41:05,27387101951,13,唯一能相信的只有自己,mygo,575884077
出勤十六个小时吗？,17.004,1,16777215,2025-12-06 10:22:19,27387101951,13,唯一能相信的只有自己,mygo,575884077
25/12/6,134.91,1,16777215,2025-12-06 08:20:07,27387101951,13,唯一能相信的只有自己,mygo,575884077
25/12/6,138.542,1,16777215,2025-12-06 00:32:57,27387101951,13,唯一能相信的只有自己,mygo,575884077
25/12/05,136.071,1,16777215,2025-12-05 22:35:12,27387101951,13,唯一能相信的只有自己,mygo,575884077
完结撒花,9.071,1,16777215,2025-12-05 22:32:38,27387101951,13,唯一能相信的只有自己,mygo,575884077
peasona！,836.401,1,16777215,2025-12-05 14:59:04,27387101951,13,唯一能相信的只有自己,mygo,575884077
完结撒花,5.334,1,16777215,2025-12-05 14:51:06,27387101951,13,唯一能相信的只有自己,mygo,575884077
完结撒花,1415.57,1,16777215,2025-12-05 03:25:09,27387101951,13,唯一能相信的只有自己,mygo,575884077
25/12/5,163.165,1,16777215,2025-12-05 02:24:41,27387101951,13,唯一能相信的只有自己,mygo,575884077
愿今夜永不结束！,208.065,1,16777215,2025-12-04 23:52:44,27387101951,13,唯一能相信的只有自己,mygo,575884077
完结撒花,11.754,1,16777215,2025-12-04 23:29:53,27387101951,13,唯一能相信的只有自己,mygo,575884077
大祥已经搬家了,1398.31,1,16777215,2025-12-04 23:13:03,27387101951,13,唯一能相信的只有自己,mygo,575884077
看到就想笑了,836.404,1,16777215,2025-12-04 22:55:20,27387101951,13,唯一能相信的只有自己,mygo,575884077
傲娇大小姐,690.185,1,16777215,2025-12-04 22:52:09,27387101951,13,唯一能相信的只有自己,mygo,575884077
完结撒花，感谢陪伴,11.581,1,16777215,2025-12-04 21:51:03,27387101951,13,唯一能相信的只有自己,mygo,575884077
空降成功,1086.931,5,13369971,2025-12-04 20:57:56,27387101951,13,唯一能相信的只有自己,mygo,575884077
是什么黑社会组织吗？,48.963,1,16777215,2025-12-04 20:31:20,27387101951,13,唯一能相信的只有自己,mygo,575884077
客服小祥上线,4.994,1,16777215,2025-12-04 20:30:17,27387101951,13,唯一能相信的只有自己,mygo,575884077
完结撒花，感谢陪伴,5.908,5,15138835,2025-12-04 19:31:45,27387101951,13,唯一能相信的只有自己,mygo,575884077
完结撒花,4.048,1,16777215,2025-12-04 19:31:19,27387101951,13,唯一能相信的只有自己,mygo,575884077
完结撒花,6.938,1,16777215,2025-12-04 17:39:58,27387101951,13,唯一能相信的只有自己,mygo,575884077
99！,535.996,1,16777215,2025-12-04 15:17:47,27387101951,13,唯一能相信的只有自己,mygo,575884077
告诉我这谜底有解吗,121.797,1,16777215,2025-12-04 03:29:57,27387101951,13,唯一能相信的只有自己,mygo,575884077
完结撒花,12.48,1,16777215,2025-12-04 02:18:42,27387101951,13,唯一能相信的只有自己,mygo,575884077
完结撒花 感谢陪伴,3.085,1,16777215,2025-12-04 00:09:31,27387101951,13,唯一能相信的只有自己,mygo,575884077
25年12月3日！,125.757,1,16777215,2025-12-03 23:56:44,27387101951,13,唯一能相信的只有自己,mygo,575884077
henshin！！,835.593,1,16777215,2025-12-03 18:35:51,27387101951,13,唯一能相信的只有自己,mygo,575884077
睦的嘴都挡住了,893.327,1,16777215,2025-12-03 17:20:21,27387101951,13,唯一能相信的只有自己,mygo,575884077
绿袖子,868.399,1,16777215,2025-12-03 17:19:31,27387101951,13,唯一能相信的只有自己,mygo,575884077
初华大人,1150.376,1,16777215,2025-12-03 16:22:43,27387101951,13,唯一能相信的只有自己,mygo,575884077
冰！,1097.888,1,16777215,2025-12-03 16:21:48,27387101951,13,唯一能相信的只有自己,mygo,575884077
还真是高高在上啊,50.641,1,16777215,2025-12-03 12:20:04,27387101951,13,唯一能相信的只有自己,mygo,575884077
老霸道了,1105.177,1,16777215,2025-12-03 03:22:05,27387101951,13,唯一能相信的只有自己,mygo,575884077
6657,6.353,1,16777215,2025-12-03 03:08:35,27387101951,13,唯一能相信的只有自己,mygo,575884077
你也觉得钢琴是打击乐吗？,416.085,1,16707842,2025-12-03 00:45:44,27387101951,13,唯一能相信的只有自己,mygo,575884077
！！！,1416.188,1,16777215,2025-12-02 23:46:05,27387101951,13,唯一能相信的只有自己,mygo,575884077
吓哭了,821.871,1,16777215,2025-12-02 22:54:08,27387101951,13,唯一能相信的只有自己,mygo,575884077
25/12/2,136.558,1,16777215,2025-12-02 15:03:42,27387101951,13,唯一能相信的只有自己,mygo,575884077
东京湾上潮上来，今日方知我是我,345.622,5,16777215,2025-12-02 13:34:03,27387101951,13,唯一能相信的只有自己,mygo,575884077
哎哟我魅魔灯还在发力,263.68,5,16777215,2025-12-02 13:32:26,27387101951,13,唯一能相信的只有自己,mygo,575884077
高木公卡卡：这份荣光我不会独享！,197.043,5,16777215,2025-12-02 13:31:04,27387101951,13,唯一能相信的只有自己,mygo,575884077
2025/12/2,153.602,1,16777215,2025-12-02 03:24:37,27387101951,13,唯一能相信的只有自己,mygo,575884077
完结撒花,1416.483,1,16777215,2025-12-02 00:39:06,27387101951,13,唯一能相信的只有自己,mygo,575884077
完结撒花,3.333,1,16777215,2025-12-02 00:07:20,27387101951,13,唯一能相信的只有自己,mygo,575884077
爆爆爆爆爆爆爆爆爆爆爆爆,434.734,1,16777215,2025-12-01 23:48:30,27387101951,13,唯一能相信的只有自己,mygo,575884077
现在是正在进行时,68.547,1,16777215,2025-12-01 19:29:04,27387101951,13,唯一能相信的只有自己,mygo,575884077
天啊，这唱的简直就是我,328.32,1,16777215,2025-12-01 12:09:59,27387101951,13,唯一能相信的只有自己,mygo,575884077
完结撒花,107.057,1,16777215,2025-12-01 01:36:00,27387101951,13,唯一能相信的只有自己,mygo,575884077
有钱人的象征,1124.785,1,16777215,2025-12-01 00:14:38,27387101951,13,唯一能相信的只有自己,mygo,575884077
为什么场地里要飞无人机啊，不是有摇臂吗。听音乐的观众：请输入文本,813.965,1,16777215,2025-11-30 23:28:59,27387101951,13,唯一能相信的只有自己,mygo,575884077
2025/11/30,156.11,1,16777215,2025-11-30 22:29:54,27387101951,13,唯一能相信的只有自己,mygo,575884077
2025/11/30,145.737,1,14811775,2025-11-30 22:27:28,27387101951,13,唯一能相信的只有自己,mygo,575884077
"jua,ajujua",184.226,1,16777215,2025-11-30 21:56:18,27387101951,13,唯一能相信的只有自己,mygo,575884077
2025/11/30,159.598,1,16777215,2025-11-30 14:06:08,27387101951,13,唯一能相信的只有自己,mygo,575884077
2025/11/30,137.168,4,16777215,2025-11-30 12:33:16,27387101951,13,唯一能相信的只有自己,mygo,575884077
聆听战舰轰鸣,2.198,1,16777215,2025-11-30 02:49:53,27387101951,13,唯一能相信的只有自己,mygo,575884077
特 异 人 士,558.103,5,52480,2025-11-29 22:54:23,27387101951,13,唯一能相信的只有自己,mygo,575884077
哈？！,277.268,1,16777215,2025-11-29 18:36:28,27387101951,13,唯一能相信的只有自己,mygo,575884077
van站姿,827.356,1,16777215,2025-11-29 00:57:41,27387101951,13,唯一能相信的只有自己,mygo,575884077
2025/11/28,145.255,1,16777215,2025-11-28 20:21:00,27387101951,13,唯一能相信的只有自己,mygo,575884077
这个团给我锁死！！！,1336.628,1,16777215,2025-11-28 13:26:24,27387101951,13,唯一能相信的只有自己,mygo,575884077
完结撒花,2.806,1,16777215,2025-11-28 12:36:21,27387101951,13,唯一能相信的只有自己,mygo,575884077
2025/11/27,1354.707,1,16777215,2025-11-28 11:55:29,27387101951,13,唯一能相信的只有自己,mygo,575884077
只打真伤,58.692,1,16777215,2025-11-28 09:16:17,27387101951,13,唯一能相信的只有自己,mygo,575884077
人呢,982.637,1,16777215,2025-11-28 00:55:26,27387101951,13,唯一能相信的只有自己,mygo,575884077
今天最高兴了！,183.686,1,16777215,2025-11-27 22:14:15,27387101951,13,唯一能相信的只有自己,mygo,575884077
爱音嫉妒的英语,883.055,5,15138834,2025-11-27 20:53:10,27387101951,13,唯一能相信的只有自己,mygo,575884077
 8 0 ,718.617,1,16777215,2025-11-27 19:18:10,27387101951,13,唯一能相信的只有自己,mygo,575884077
2025/11/27,140.393,1,16777215,2025-11-27 16:28:04,27387101951,13,唯一能相信的只有自己,mygo,575884077
完结撒花,14.415,1,16777215,2025-11-27 00:47:09,27387101951,13,唯一能相信的只有自己,mygo,575884077
她是毕业了还是辍学了？,1403.64,5,16777215,2025-11-26 21:24:00,27387101951,13,唯一能相信的只有自己,mygo,575884077
2025/11/26,155.645,1,16777215,2025-11-26 02:23:26,27387101951,13,唯一能相信的只有自己,mygo,575884077
丰川宙活和千早多兰,437.443,1,16777215,2025-11-26 00:39:24,27387101951,13,唯一能相信的只有自己,mygo,575884077
2025/11/26,197.378,1,16777215,2025-11-26 00:36:30,27387101951,13,唯一能相信的只有自己,mygo,575884077
银河战舰,1101.334,1,16777215,2025-11-25 23:49:32,27387101951,13,唯一能相信的只有自己,mygo,575884077
25年11月25日,128.47,1,16777215,2025-11-25 19:29:55,27387101951,13,唯一能相信的只有自己,mygo,575884077
还有特异人士,561.386,1,16777215,2025-11-25 18:41:41,27387101951,13,唯一能相信的只有自己,mygo,575884077
终于看见个男人了,379.81,1,16777215,2025-11-25 15:03:39,27387101951,13,唯一能相信的只有自己,mygo,575884077
并非冷却,1376.628,1,16777215,2025-11-25 13:18:59,27387101951,13,唯一能相信的只有自己,mygo,575884077
25/11/25,1408.072,1,16777215,2025-11-25 10:11:20,27387101951,13,唯一能相信的只有自己,mygo,575884077
我们只谈工作,853.07,1,16777215,2025-11-25 03:11:46,27387101951,13,唯一能相信的只有自己,mygo,575884077
大喵是真的无畏契约,1079.417,1,16777215,2025-11-25 00:08:35,27387101951,13,唯一能相信的只有自己,mygo,575884077
完结撒花,4.986,1,16777215,2025-11-24 21:24:19,27387101951,13,唯一能相信的只有自己,mygo,575884077
痛苦面具,833.52,1,16777215,2025-11-24 14:18:32,27387101951,13,唯一能相信的只有自己,mygo,575884077
2025/11/24,143.899,1,16777215,2025-11-24 13:11:51,27387101951,13,唯一能相信的只有自己,mygo,575884077
完结撒花(≧▽≦),9.108,1,16777215,2025-11-24 01:51:58,27387101951,13,唯一能相信的只有自己,mygo,575884077
心之怪盗团,486.777,5,16646914,2025-11-23 16:47:51,27387101951,13,唯一能相信的只有自己,mygo,575884077
。？,438.847,1,16777215,2025-11-23 10:57:31,27387101951,13,唯一能相信的只有自己,mygo,575884077
哈？,271.105,1,16777215,2025-11-23 10:52:08,27387101951,13,唯一能相信的只有自己,mygo,575884077
25/11/23,122.672,1,41194,2025-11-23 10:22:51,27387101951,13,唯一能相信的只有自己,mygo,575884077
完结撒花，感谢陪伴！！！！！,34.985,1,14811775,2025-11-23 08:38:43,27387101951,13,唯一能相信的只有自己,mygo,575884077
2025/11/23,138.752,1,16777215,2025-11-23 01:05:59,27387101951,13,唯一能相信的只有自己,mygo,575884077
2025/11/7,174.351,1,16777215,2025-11-22 22:45:13,27387101951,13,唯一能相信的只有自己,mygo,575884077
哈哈哈哈哈哈哈,829.122,1,16777215,2025-11-22 21:56:46,27387101951,13,唯一能相信的只有自己,mygo,575884077
完结撒花,12.028,1,16777215,2025-11-22 20:08:38,27387101951,13,唯一能相信的只有自己,mygo,575884077
爱灯！,547.749,1,16777215,2025-11-22 15:31:34,27387101951,13,唯一能相信的只有自己,mygo,575884077
25/11/22,144.647,1,16777215,2025-11-22 15:11:54,27387101951,13,唯一能相信的只有自己,mygo,575884077
哈哈哈哈哈哈哈,266.101,1,16777215,2025-11-22 11:49:05,27387101951,13,唯一能相信的只有自己,mygo,575884077
甜甜甜,501.47,1,16777215,2025-11-22 00:52:30,27387101951,13,唯一能相信的只有自己,mygo,575884077
251121,183.464,1,16777215,2025-11-21 22:26:54,27387101951,13,唯一能相信的只有自己,mygo,575884077
25/11/21,133.38,1,16777215,2025-11-21 22:19:31,27387101951,13,唯一能相信的只有自己,mygo,575884077
2025/11/21,135.788,5,16777215,2025-11-21 19:20:50,27387101951,13,唯一能相信的只有自己,mygo,575884077
25年11/21,131.176,1,16777215,2025-11-21 19:10:26,27387101951,13,唯一能相信的只有自己,mygo,575884077
2025/11/21,164.857,1,16777215,2025-11-21 15:21:12,27387101951,13,唯一能相信的只有自己,mygo,575884077
诗人我吃,430.002,5,16707842,2025-11-21 14:42:38,27387101951,13,唯一能相信的只有自己,mygo,575884077
完结撒花感谢陪伴,1407.434,1,16777215,2025-11-21 08:35:38,27387101951,13,唯一能相信的只有自己,mygo,575884077
完结散花，感谢陪伴！,1412.278,1,16777215,2025-11-21 01:38:05,27387101951,13,唯一能相信的只有自己,mygo,575884077
完结散花，感谢陪伴！,1.7,1,16777215,2025-11-21 00:10:29,27387101951,13,唯一能相信的只有自己,mygo,575884077
这么帅？,1101.181,1,16777215,2025-11-20 20:14:15,27387101951,13,唯一能相信的只有自己,mygo,575884077
何意味,1028.654,1,16777215,2025-11-20 20:13:31,27387101951,13,唯一能相信的只有自己,mygo,575884077
没有人类了,946.731,1,16777215,2025-11-20 20:12:49,27387101951,13,唯一能相信的只有自己,mygo,575884077
些许人类,932.561,1,16777215,2025-11-20 20:12:30,27387101951,13,唯一能相信的只有自己,mygo,575884077
又要跑了,422.695,1,16777215,2025-11-20 20:06:30,27387101951,13,唯一能相信的只有自己,mygo,575884077
暴击了,51.922,1,16777215,2025-11-20 20:01:34,27387101951,13,唯一能相信的只有自己,mygo,575884077
2025/11/20,156.995,5,41194,2025-11-20 18:55:44,27387101951,13,唯一能相信的只有自己,mygo,575884077
25/11/20,131.069,1,16777215,2025-11-20 01:30:41,27387101951,13,唯一能相信的只有自己,mygo,575884077
完结撒花，感谢陪伴,6.433,1,16777215,2025-11-20 00:27:03,27387101951,13,唯一能相信的只有自己,mygo,575884077
笑死我了,22.801,1,16777215,2025-11-19 22:43:57,27387101951,13,唯一能相信的只有自己,mygo,575884077
25/11/19,144.306,1,16777215,2025-11-19 22:08:55,27387101951,13,唯一能相信的只有自己,mygo,575884077
完结撒花,4.834,1,16777215,2025-11-19 22:07:19,27387101951,13,唯一能相信的只有自己,mygo,575884077
完结撒花,7.247,1,16777215,2025-11-19 16:41:52,27387101951,13,唯一能相信的只有自己,mygo,575884077
666，我不知道说啥好了,987.511,1,16777215,2025-11-19 11:08:27,27387101951,13,唯一能相信的只有自己,mygo,575884077
完结撒花,0.27,5,16777215,2025-11-19 07:18:22,27387101951,13,唯一能相信的只有自己,mygo,575884077
我们终于又见面了,569.909,1,16777215,2025-11-19 07:02:40,27387101951,13,唯一能相信的只有自己,mygo,575884077
看不懂根本看不懂,1166.492,1,16777215,2025-11-19 03:14:39,27387101951,13,唯一能相信的只有自己,mygo,575884077
2025/11/18,145.381,1,16777215,2025-11-18 18:59:28,27387101951,13,唯一能相信的只有自己,mygo,575884077
完结撒花感谢陪伴,1396.388,1,16777215,2025-11-18 18:13:44,27387101951,13,唯一能相信的只有自己,mygo,575884077
范家发,1418.328,1,16777215,2025-11-18 18:05:11,27387101951,13,唯一能相信的只有自己,mygo,575884077
中二小剧场,900.145,1,16777215,2025-11-18 08:52:34,27387101951,13,唯一能相信的只有自己,mygo,575884077
挑战失败,65.672,1,16777215,2025-11-18 08:36:40,27387101951,13,唯一能相信的只有自己,mygo,575884077
2025/11/18,146.225,1,16777215,2025-11-18 02:13:24,27387101951,13,唯一能相信的只有自己,mygo,575884077
完结撒花感谢陪伴！,1391.993,1,16777215,2025-11-18 01:51:15,27387101951,13,唯一能相信的只有自己,mygo,575884077
完结撒花,5.514,1,16777215,2025-11-17 23:47:59,27387101951,13,唯一能相信的只有自己,mygo,575884077
完结撒花,98.352,1,16777215,2025-11-17 22:45:44,27387101951,13,唯一能相信的只有自己,mygo,575884077
新年好啊,435.559,1,16777215,2025-11-17 22:25:37,27387101951,13,唯一能相信的只有自己,mygo,575884077
25/11/17,133.229,1,16777215,2025-11-17 21:30:50,27387101951,13,唯一能相信的只有自己,mygo,575884077
25/11/17,138.348,1,16777215,2025-11-17 20:47:28,27387101951,13,唯一能相信的只有自己,mygo,575884077
爱灯99！！,530.66,1,16777215,2025-11-17 20:40:36,27387101951,13,唯一能相信的只有自己,mygo,575884077
哇嘞，阿妈特拉斯,1085.679,5,15138834,2025-11-17 20:31:19,27387101951,13,唯一能相信的只有自己,mygo,575884077
哈？,269.591,1,6830715,2025-11-17 20:12:59,27387101951,13,唯一能相信的只有自己,mygo,575884077
第五人格？,984.524,1,16777215,2025-11-17 18:39:54,27387101951,13,唯一能相信的只有自己,mygo,575884077
天哪，初华大人,551.936,5,16777215,2025-11-17 18:12:26,27387101951,13,唯一能相信的只有自己,mygo,575884077
完结撒花！！！！！,15.155,1,16777215,2025-11-17 16:24:00,27387101951,13,唯一能相信的只有自己,mygo,575884077
不好听,1207.165,1,16777215,2025-11-17 14:15:57,27387101951,13,唯一能相信的只有自己,mygo,575884077
客服小祥,12.349,1,41194,2025-11-17 09:02:25,27387101951,13,唯一能相信的只有自己,mygo,575884077
少女乐队的呐喊,333.628,1,16777215,2025-11-17 06:33:05,27387101951,13,唯一能相信的只有自己,mygo,575884077
25/11,129.566,1,16777215,2025-11-16 22:41:27,27387101951,13,唯一能相信的只有自己,mygo,575884077
25年11月,127.959,5,16777215,2025-11-16 22:09:48,27387101951,13,唯一能相信的只有自己,mygo,575884077
2025/11/16,127.033,1,16777215,2025-11-16 21:40:52,27387101951,13,唯一能相信的只有自己,mygo,575884077
完结撒花,8.919,1,16777215,2025-11-16 21:39:22,27387101951,13,唯一能相信的只有自己,mygo,575884077
完结撒花 感谢陪伴！,1410.663,1,16777215,2025-11-16 17:00:59,27387101951,13,唯一能相信的只有自己,mygo,575884077
《积分》,220.438,1,16777215,2025-11-16 16:48:13,27387101951,13,唯一能相信的只有自己,mygo,575884077
猫猫萌萌萌！,170.425,1,16777215,2025-11-16 16:47:36,27387101951,13,唯一能相信的只有自己,mygo,575884077
完结撒花 感谢陪伴！,8.823,1,16777215,2025-11-16 16:45:09,27387101951,13,唯一能相信的只有自己,mygo,575884077
你也住赤羽？,1397.096,1,16777215,2025-11-16 15:53:30,27387101951,13,唯一能相信的只有自己,mygo,575884077
你也住赤羽？,1389.14,1,16777215,2025-11-16 15:53:12,27387101951,13,唯一能相信的只有自己,mygo,575884077
完结撒花,3.453,1,16777215,2025-11-16 03:11:25,27387101951,13,唯一能相信的只有自己,mygo,575884077
现在是更软弱的我（）,65.221,5,8700107,2025-11-16 01:54:02,27387101951,13,唯一能相信的只有自己,mygo,575884077
完结撒花,10.86,1,16777215,2025-11-16 00:06:12,27387101951,13,唯一能相信的只有自己,mygo,575884077
2025/11/15,136.494,1,14811775,2025-11-15 23:39:02,27387101951,13,唯一能相信的只有自己,mygo,575884077
完结撒花,22.077,1,16777215,2025-11-15 22:56:46,27387101951,13,唯一能相信的只有自己,mygo,575884077
完结撒花,13.35,1,16777215,2025-11-15 22:36:42,27387101951,13,唯一能相信的只有自己,mygo,575884077
25/11/15,172.522,1,16777215,2025-11-15 19:58:51,27387101951,13,唯一能相信的只有自己,mygo,575884077
爽！,1120.769,1,16777215,2025-11-15 19:42:27,27387101951,13,唯一能相信的只有自己,mygo,575884077
老八面具,838.139,1,16777215,2025-11-15 11:14:43,27387101951,13,唯一能相信的只有自己,mygo,575884077
完结撒花 感谢陪伴,0.786,1,16777215,2025-11-15 09:20:27,27387101951,13,唯一能相信的只有自己,mygo,575884077
25/11/15,130.44,5,16777215,2025-11-15 05:40:09,27387101951,13,唯一能相信的只有自己,mygo,575884077
哈？,282.624,1,16777215,2025-11-14 22:39:39,27387101951,13,唯一能相信的只有自己,mygo,575884077
颜！,1110.454,1,16777215,2025-11-14 21:06:12,27387101951,13,唯一能相信的只有自己,mygo,575884077
《乐队》,954.145,1,16777215,2025-11-14 21:03:33,27387101951,13,唯一能相信的只有自己,mygo,575884077
完结撒花,3.616,1,16777215,2025-11-14 20:28:31,27387101951,13,唯一能相信的只有自己,mygo,575884077
soyorin,355.297,1,16777215,2025-11-14 19:03:53,27387101951,13,唯一能相信的只有自己,mygo,575884077
重力养生,266.69,1,16777215,2025-11-14 12:02:18,27387101951,13,唯一能相信的只有自己,mygo,575884077
此为母鸡卡第0集,84.82,1,16777215,2025-11-14 12:00:04,27387101951,13,唯一能相信的只有自己,mygo,575884077
25/11/13,149.752,5,16777215,2025-11-13 22:11:13,27387101951,13,唯一能相信的只有自己,mygo,575884077
25年11月,117.927,5,16777215,2025-11-13 21:45:17,27387101951,13,唯一能相信的只有自己,mygo,575884077
完结撒花,2.793,5,16777215,2025-11-13 21:43:28,27387101951,13,唯一能相信的只有自己,mygo,575884077
666,351.498,1,16777215,2025-11-13 20:59:14,27387101951,13,唯一能相信的只有自己,mygo,575884077
爱音侦探脑上线,653.076,1,16777215,2025-11-13 13:28:57,27387101951,13,唯一能相信的只有自己,mygo,575884077
互相下头,436.37,1,16777215,2025-11-13 13:23:50,27387101951,13,唯一能相信的只有自己,mygo,575884077
人已经重组乐队了,430.846,1,16777215,2025-11-13 13:23:24,27387101951,13,唯一能相信的只有自己,mygo,575884077
素灯99,355.772,1,16777215,2025-11-13 13:21:54,27387101951,13,唯一能相信的只有自己,mygo,575884077
这是正常人能设计出来的？,842.071,5,16777215,2025-11-13 13:19:51,27387101951,13,唯一能相信的只有自己,mygo,575884077
伟大！,497.845,1,16777215,2025-11-13 13:06:02,27387101951,13,唯一能相信的只有自己,mygo,575884077
25年11月13日,129.652,1,16777215,2025-11-13 13:01:03,27387101951,13,唯一能相信的只有自己,mygo,575884077
皆杀的soyo,433.961,1,16777215,2025-11-13 10:44:08,27387101951,13,唯一能相信的只有自己,mygo,575884077
什么鬼啊这个小睦？东京喰种,893.012,1,10546688,2025-11-12 22:56:05,27387101951,13,唯一能相信的只有自己,mygo,575884077
睦子米可爱！,714.41,1,10546688,2025-11-12 22:51:59,27387101951,13,唯一能相信的只有自己,mygo,575884077
睦子米好可爱！,705.826,1,10546688,2025-11-12 22:51:50,27387101951,13,唯一能相信的只有自己,mygo,575884077
完结撒花 感谢陪伴,4.651,1,16777215,2025-11-12 22:29:55,27387101951,13,唯一能相信的只有自己,mygo,575884077
完结撒花！！,15.757,1,16777215,2025-11-12 21:45:03,27387101951,13,唯一能相信的只有自己,mygo,575884077
完结撒花1！！,7.311,1,16777215,2025-11-12 21:44:58,27387101951,13,唯一能相信的只有自己,mygo,575884077
2025/11/12,162.274,1,16777215,2025-11-12 19:54:35,27387101951,13,唯一能相信的只有自己,mygo,575884077
雨中祈晴,334.693,1,16777215,2025-11-12 19:02:31,27387101951,13,唯一能相信的只有自己,mygo,575884077
后藤孤,473.413,1,16777215,2025-11-12 14:13:11,27387101951,13,唯一能相信的只有自己,mygo,575884077
2025/11/12,153.259,1,16777215,2025-11-12 12:26:22,27387101951,13,唯一能相信的只有自己,mygo,575884077
怎么老是被忽视,396.442,1,16777215,2025-11-12 04:12:09,27387101951,13,唯一能相信的只有自己,mygo,575884077
完结撒花～,123.371,1,16777215,2025-11-12 03:24:15,27387101951,13,唯一能相信的只有自己,mygo,575884077
完结撒花！,1409.461,1,16777215,2025-11-11 22:12:20,27387101951,13,唯一能相信的只有自己,mygo,575884077
jo哇，啊jojo哇！,200.168,5,16777215,2025-11-11 07:15:21,27387101951,13,唯一能相信的只有自己,mygo,575884077
西 尔 尔 克,1024.34,1,16777215,2025-11-11 03:48:18,27387101951,13,唯一能相信的只有自己,mygo,575884077
2025/11/11,144.448,1,16777215,2025-11-11 02:25:32,27387101951,13,唯一能相信的只有自己,mygo,575884077
绿罗雅乐,1342.099,1,38979,2025-11-11 02:21:15,27387101951,13,唯一能相信的只有自己,mygo,575884077
绿罗人偶,1170.324,1,38979,2025-11-11 02:17:56,27387101951,13,唯一能相信的只有自己,mygo,575884077
双重积分,525.333,1,14811775,2025-11-11 02:02:02,27387101951,13,唯一能相信的只有自己,mygo,575884077
双重积分,218.658,1,41194,2025-11-11 01:54:17,27387101951,13,唯一能相信的只有自己,mygo,575884077
阿弥诺斯！,1081.748,1,16777215,2025-11-10 23:03:10,27387101951,13,唯一能相信的只有自己,mygo,575884077
25/11/10,153.278,1,16777215,2025-11-10 19:49:29,27387101951,13,唯一能相信的只有自己,mygo,575884077
老八的伪装（bushi）,832.789,1,16777215,2025-11-10 18:16:25,27387101951,13,唯一能相信的只有自己,mygo,575884077
你们组个乐队怎么跟谈恋爱一样啊,445.283,1,16777215,2025-11-10 15:44:52,27387101951,13,唯一能相信的只有自己,mygo,575884077
好多25年看的哈哈,161.038,1,16777215,2025-11-10 15:03:28,27387101951,13,唯一能相信的只有自己,mygo,575884077
完结撒花~,114.824,1,16777215,2025-11-10 13:21:43,27387101951,13,唯一能相信的只有自己,mygo,575884077
完结撒花,7.817,5,16777215,2025-11-10 12:22:07,27387101951,13,唯一能相信的只有自己,mygo,575884077
卡拉赞宴会厅,991.369,1,16777215,2025-11-10 12:20:21,27387101951,13,唯一能相信的只有自己,mygo,575884077
飒爽退勤,12.826,1,16777215,2025-11-10 00:48:31,27387101951,13,唯一能相信的只有自己,mygo,575884077
月光光，照地堂，虾仔你快快目吩落床,943.126,1,16777215,2025-11-09 21:21:01,27387101951,13,唯一能相信的只有自己,mygo,575884077
这么早下班啊,14.439,1,16777215,2025-11-09 19:52:20,27387101951,13,唯一能相信的只有自己,mygo,575884077
灯の微积分,214.901,1,16777215,2025-11-09 19:51:46,27387101951,13,唯一能相信的只有自己,mygo,575884077
25年11月9日,125.525,1,16777215,2025-11-09 19:47:12,27387101951,13,唯一能相信的只有自己,mygo,575884077
25/11/9,155.023,1,16777215,2025-11-09 19:21:50,27387101951,13,唯一能相信的只有自己,mygo,575884077
完结撒花,1415.302,1,16777215,2025-11-09 17:03:44,27387101951,13,唯一能相信的只有自己,mygo,575884077
阿莫古斯,757.203,5,13369971,2025-11-09 16:50:34,27387101951,13,唯一能相信的只有自己,mygo,575884077
俩fish,547.665,5,13369971,2025-11-09 16:39:09,27387101951,13,唯一能相信的只有自己,mygo,575884077
我喜欢你，你喜欢我,516.426,5,13369971,2025-11-09 16:38:32,27387101951,13,唯一能相信的只有自己,mygo,575884077
b波奇酱,486.906,1,16777215,2025-11-09 16:37:53,27387101951,13,唯一能相信的只有自己,mygo,575884077
all fish,459.299,1,16777215,2025-11-09 16:37:12,27387101951,13,唯一能相信的只有自己,mygo,575884077
两个人的意思呢，是我喜欢你，你喜欢我,358.768,1,16777215,2025-11-09 16:35:07,27387101951,13,唯一能相信的只有自己,mygo,575884077
天呀，这简直就是我,322.519,1,16777215,2025-11-09 16:34:20,27387101951,13,唯一能相信的只有自己,mygo,575884077
哈？,266.474,1,16777215,2025-11-09 16:28:52,27387101951,13,唯一能相信的只有自己,mygo,575884077
ano酱？！,250.538,1,16777215,2025-11-09 16:28:32,27387101951,13,唯一能相信的只有自己,mygo,575884077
猫猫可爱,174.558,1,16777215,2025-11-09 16:26:58,27387101951,13,唯一能相信的只有自己,mygo,575884077
客服小祥，上线,6.703,5,9033215,2025-11-09 16:20:55,27387101951,13,唯一能相信的只有自己,mygo,575884077
完结撒花，感谢陪伴,3.658,1,16777215,2025-11-09 16:20:35,27387101951,13,唯一能相信的只有自己,mygo,575884077
25年11月9日,128.693,1,16777215,2025-11-09 14:51:46,27387101951,13,唯一能相信的只有自己,mygo,575884077
25年11月9日,124.482,1,16777215,2025-11-09 14:51:27,27387101951,13,唯一能相信的只有自己,mygo,575884077
完结撒花,23.309,1,16777215,2025-11-09 14:03:53,27387101951,13,唯一能相信的只有自己,mygo,575884077
少女乐队的呐喊,321.895,5,16777215,2025-11-09 13:30:06,27387101951,13,唯一能相信的只有自己,mygo,575884077
波奇向小鸟游六花表白（bushi）,488.598,1,16777215,2025-11-09 13:27:53,27387101951,13,唯一能相信的只有自己,mygo,575884077
哈？！,536.917,1,16777215,2025-11-09 09:35:12,27387101951,13,唯一能相信的只有自己,mygo,575884077
哈？,268.496,1,16777215,2025-11-09 03:08:12,27387101951,13,唯一能相信的只有自己,mygo,575884077
完结撒花,10.794,1,16777215,2025-11-09 03:02:24,27387101951,13,唯一能相信的只有自己,mygo,575884077
完结撒花,8.238,1,16777215,2025-11-09 02:57:19,27387101951,13,唯一能相信的只有自己,mygo,575884077
完结撒花，感谢陪伴,2.748,5,16777215,2025-11-08 22:59:17,27387101951,13,唯一能相信的只有自己,mygo,575884077
好娇...,292.669,1,16777215,2025-11-08 19:26:56,27387101951,13,唯一能相信的只有自己,mygo,575884077
所有人保持嘴角平稳,62.069,1,16777215,2025-11-08 17:27:23,27387101951,13,唯一能相信的只有自己,mygo,575884077
完结撒花,8.551,1,16777215,2025-11-08 16:39:15,27387101951,13,唯一能相信的只有自己,mygo,575884077
英语比爱音好,880.586,1,16777215,2025-11-08 16:22:51,27387101951,13,唯一能相信的只有自己,mygo,575884077
可爱捏,327.294,1,16777215,2025-11-08 14:29:27,27387101951,13,唯一能相信的只有自己,mygo,575884077
完结撒花,3.985,1,16777215,2025-11-08 02:18:49,27387101951,13,唯一能相信的只有自己,mygo,575884077
2025/11/7,171.047,1,16777215,2025-11-07 22:29:22,27387101951,13,唯一能相信的只有自己,mygo,575884077
欧内的手，好汉,462.791,5,16777215,2025-11-07 21:33:15,27387101951,13,唯一能相信的只有自己,mygo,575884077
俩fish,462.279,5,16777215,2025-11-07 21:33:07,27387101951,13,唯一能相信的只有自己,mygo,575884077
感谢陪伴！,7.22,1,16777215,2025-11-07 19:12:57,27387101951,13,唯一能相信的只有自己,mygo,575884077
完结撒花,17.114,1,16777215,2025-11-06 23:07:21,27387101951,13,唯一能相信的只有自己,mygo,575884077
诶呦喂，母鸡卡(),871.494,1,16707842,2025-11-06 17:14:32,27387101951,13,唯一能相信的只有自己,mygo,575884077
完结撒花,1.392,1,16777215,2025-11-05 12:49:17,27387101951,13,唯一能相信的只有自己,mygo,575884077
老八面具,841.849,5,16777215,2025-11-05 04:51:10,27387101951,13,唯一能相信的只有自己,mygo,575884077
我最喜欢的月光奏鸣曲！！！,404.022,5,16777215,2025-11-05 04:44:15,27387101951,13,唯一能相信的只有自己,mygo,575884077
开始涩话时间,206.667,5,16777215,2025-11-05 04:41:06,27387101951,13,唯一能相信的只有自己,mygo,575884077
下季给你表演大狗狗,590.658,1,16777215,2025-11-05 03:04:06,27387101951,13,唯一能相信的只有自己,mygo,575884077
祥出,61.065,1,16777215,2025-11-04 22:36:47,27387101951,13,唯一能相信的只有自己,mygo,575884077
25/11,129.83,1,16777215,2025-11-04 17:33:16,27387101951,13,唯一能相信的只有自己,mygo,575884077
2025/11/4,131.134,4,16777215,2025-11-04 02:59:04,27387101951,13,唯一能相信的只有自己,mygo,575884077
我想笑啊,1382.259,1,16777215,2025-11-04 02:25:43,27387101951,13,唯一能相信的只有自己,mygo,575884077
这是在干嘛啊,955.858,1,16777215,2025-11-04 02:18:33,27387101951,13,唯一能相信的只有自己,mygo,575884077
太中二了,863.788,1,16777215,2025-11-04 02:17:00,27387101951,13,唯一能相信的只有自己,mygo,575884077
我想笑怎么办,835.567,1,16777215,2025-11-04 02:16:29,27387101951,13,唯一能相信的只有自己,mygo,575884077
想笑哈哈,753.127,1,16777215,2025-11-04 02:15:02,27387101951,13,唯一能相信的只有自己,mygo,575884077
伟大无需多言,478.282,1,16777215,2025-11-04 02:09:21,27387101951,13,唯一能相信的只有自己,mygo,575884077
羡慕,19.012,1,16777215,2025-11-04 02:01:22,27387101951,13,唯一能相信的只有自己,mygo,575884077
saki酱坏掉了！！！！！,423.719,5,16707842,2025-11-03 22:42:11,27387101951,13,唯一能相信的只有自己,mygo,575884077
25/11/3,136.146,1,16777215,2025-11-03 22:36:53,27387101951,13,唯一能相信的只有自己,mygo,575884077
完结撒花,1413.558,1,16777215,2025-11-03 22:14:46,27387101951,13,唯一能相信的只有自己,mygo,575884077
回光返照,1049.519,1,16777215,2025-11-03 22:07:06,27387101951,13,唯一能相信的只有自己,mygo,575884077
哈？,269.447,1,16777215,2025-11-03 21:50:28,27387101951,13,唯一能相信的只有自己,mygo,575884077
完结撒花,7.536,1,16777215,2025-11-03 21:45:50,27387101951,13,唯一能相信的只有自己,mygo,575884077
25年11月3号,130.56,1,16777215,2025-11-03 21:44:53,27387101951,13,唯一能相信的只有自己,mygo,575884077
爱门,482.261,1,16777215,2025-11-03 12:16:09,27387101951,13,唯一能相信的只有自己,mygo,575884077
完结撒花,1407.52,1,16777215,2025-11-03 10:25:59,27387101951,13,唯一能相信的只有自己,mygo,575884077
完结撒花,1419.576,1,16777215,2025-11-03 10:25:16,27387101951,13,唯一能相信的只有自己,mygo,575884077
完结撒花,1410.681,1,16777215,2025-11-03 01:35:57,27387101951,13,唯一能相信的只有自己,mygo,575884077
海喵99,804.232,1,16777215,2025-11-02 22:04:08,27387101951,13,唯一能相信的只有自己,mygo,575884077
我 无畏契约,1063.162,1,16777215,2025-11-02 21:39:31,27387101951,13,唯一能相信的只有自己,mygo,575884077
哈哈哈哈哈哈哈哈,801.083,1,16777215,2025-11-02 20:40:28,27387101951,13,唯一能相信的只有自己,mygo,575884077
Octopus！,1074.292,5,16777215,2025-11-02 17:34:24,27387101951,13,唯一能相信的只有自己,mygo,575884077
完结撒花,6.084,1,16777215,2025-11-02 17:12:03,27387101951,13,唯一能相信的只有自己,mygo,575884077
完结撒花！,12.9,1,16777215,2025-11-02 14:07:21,27387101951,13,唯一能相信的只有自己,mygo,575884077
客服大祥,9.416,1,16777215,2025-11-02 12:18:47,27387101951,13,唯一能相信的只有自己,mygo,575884077
25年11月2日,128.92,5,16777215,2025-11-02 11:45:58,27387101951,13,唯一能相信的只有自己,mygo,575884077
完结撒花！感谢陪伴！,5.96,5,16777215,2025-11-02 11:41:45,27387101951,13,唯一能相信的只有自己,mygo,575884077
春日影：叽里咕噜的说什么呢,1034.574,1,16777215,2025-11-02 10:23:32,27387101951,13,唯一能相信的只有自己,mygo,575884077
25/11/2,131.908,1,16777215,2025-11-02 08:03:21,27387101951,13,唯一能相信的只有自己,mygo,575884077
客服小祥,6.373,1,41194,2025-11-02 08:03:21,27387101951,13,唯一能相信的只有自己,mygo,575884077
劲啊,1097.701,1,16777215,2025-11-02 03:29:00,27387101951,13,唯一能相信的只有自己,mygo,575884077
desuwa,985.618,1,16777215,2025-11-02 00:23:05,27387101951,13,唯一能相信的只有自己,mygo,575884077
已经在笑了,753.746,1,16777215,2025-11-02 00:18:56,27387101951,13,唯一能相信的只有自己,mygo,575884077
大祥要坏掉了,440.658,1,16777215,2025-11-02 00:13:34,27387101951,13,唯一能相信的只有自己,mygo,575884077
完结撒花,5.077,1,16777215,2025-11-01 23:53:20,27387101951,13,唯一能相信的只有自己,mygo,575884077
波奇酱,482.929,1,16777215,2025-11-01 19:22:12,27387101951,13,唯一能相信的只有自己,mygo,575884077
完结撒花,1410.366,1,16777215,2025-11-01 18:49:52,27387101951,13,唯一能相信的只有自己,mygo,575884077
懒孑,808.82,1,16777215,2025-11-01 17:57:28,27387101951,13,唯一能相信的只有自己,mygo,575884077
2025/11/1,152.005,1,16777215,2025-11-01 15:18:23,27387101951,13,唯一能相信的只有自己,mygo,575884077
完结撒花,1416.094,1,16777215,2025-11-01 12:21:20,27387101951,13,唯一能相信的只有自己,mygo,575884077
完结撒花，感谢陪伴！,2.565,1,16777215,2025-11-01 11:54:49,27387101951,13,唯一能相信的只有自己,mygo,575884077
完结撒灯的石头，感谢陪伴,5.886,5,16777215,2025-11-01 07:29:26,27387101951,13,唯一能相信的只有自己,mygo,575884077
2025/11/1,137.95,1,41194,2025-11-01 02:08:23,27387101951,13,唯一能相信的只有自己,mygo,575884077
直面boss,416.14,1,16777215,2025-10-31 23:55:26,27387101951,13,唯一能相信的只有自己,mygo,575884077
软糯小祥已经四了,64.971,1,16777215,2025-10-30 21:53:44,27387101951,13,唯一能相信的只有自己,mygo,575884077
完结撒花，感谢陪伴,19.677,1,16777215,2025-10-30 21:52:11,27387101951,13,唯一能相信的只有自己,mygo,575884077
完结撒花,1406.475,1,16777215,2025-10-30 15:41:55,27387101951,13,唯一能相信的只有自己,mygo,575884077
完结撒花2025年10月30,10.685,5,16777215,2025-10-30 12:23:40,27387101951,13,唯一能相信的只有自己,mygo,575884077
完结撒花，感谢陪伴,2.951,5,16777215,2025-10-30 12:22:59,27387101951,13,唯一能相信的只有自己,mygo,575884077
完结撒花,1400.925,4,16777215,2025-10-30 12:22:24,27387101951,13,唯一能相信的只有自己,mygo,575884077
天啊 这唱的简直就是我,329.901,1,16777215,2025-10-30 01:26:34,27387101951,13,唯一能相信的只有自己,mygo,575884077
2025/10/30,135.638,1,16777215,2025-10-30 01:23:31,27387101951,13,唯一能相信的只有自己,mygo,575884077
完结撒花,19.379,1,16777215,2025-10-29 23:19:20,27387101951,13,唯一能相信的只有自己,mygo,575884077
完结撒花,1408.734,1,16777215,2025-10-29 22:37:00,27387101951,13,唯一能相信的只有自己,mygo,575884077
wc，这么强,1342.742,1,16777215,2025-10-29 20:19:58,27387101951,13,唯一能相信的只有自己,mygo,575884077
初华，那叫华子吧,802.401,5,16707842,2025-10-29 18:45:34,27387101951,13,唯一能相信的只有自己,mygo,575884077
绝不投降,1290.089,1,16777215,2025-10-29 17:28:07,27387101951,13,唯一能相信的只有自己,mygo,575884077
运子,803.017,1,16777215,2025-10-29 17:11:49,27387101951,13,唯一能相信的只有自己,mygo,575884077
爱音太会撩了,493.39,1,16777215,2025-10-29 16:42:46,27387101951,13,唯一能相信的只有自己,mygo,575884077
爱灯！,529.085,1,16777215,2025-10-29 16:27:09,27387101951,13,唯一能相信的只有自己,mygo,575884077
2025/10/29,158.565,1,16777215,2025-10-29 11:46:03,27387101951,13,唯一能相信的只有自己,mygo,575884077
过去软弱的我已经死了,73.69,1,16777215,2025-10-29 10:39:49,27387101951,13,唯一能相信的只有自己,mygo,575884077
波奇酱,484.634,1,16777215,2025-10-29 09:08:34,27387101951,13,唯一能相信的只有自己,mygo,575884077
完结撒花,12.059,1,16777215,2025-10-29 09:04:03,27387101951,13,唯一能相信的只有自己,mygo,575884077
嘉豪,733.753,1,16777215,2025-10-29 03:34:56,27387101951,13,唯一能相信的只有自己,mygo,575884077
25/10/29,159.048,1,16777215,2025-10-29 01:55:46,27387101951,13,唯一能相信的只有自己,mygo,575884077
睦纯纯的祥子走到哪就跟到哪,59.338,1,16777215,2025-10-29 01:20:27,27387101951,13,唯一能相信的只有自己,mygo,575884077
25/10/28,123.132,1,16777215,2025-10-28 23:08:57,27387101951,13,唯一能相信的只有自己,mygo,575884077
天呐，这唱的简直就是我,333.852,1,16777215,2025-10-28 18:17:55,27387101951,13,唯一能相信的只有自己,mygo,575884077
我的天呐，初华大人！,1115.918,5,16765698,2025-10-27 23:40:40,27387101951,13,唯一能相信的只有自己,mygo,575884077
25/10/27,138.525,1,16777215,2025-10-27 23:28:33,27387101951,13,唯一能相信的只有自己,mygo,575884077
完结撒花,1411.326,1,16777215,2025-10-27 22:51:19,27387101951,13,唯一能相信的只有自己,mygo,575884077
孩子们我真看不懂了,115.27,1,16777215,2025-10-27 22:30:32,27387101951,13,唯一能相信的只有自己,mygo,575884077
这面具难绷,894.272,1,16777215,2025-10-27 22:06:17,27387101951,13,唯一能相信的只有自己,mygo,575884077
完结撒花,12.829,1,16777215,2025-10-27 22:05:40,27387101951,13,唯一能相信的只有自己,mygo,575884077
标准答案啊,373.531,1,16777215,2025-10-27 21:54:12,27387101951,13,唯一能相信的只有自己,mygo,575884077
2025/10/27,143.22,1,16777215,2025-10-27 20:42:40,27387101951,13,唯一能相信的只有自己,mygo,575884077
完结撒花，感谢陪伴,4.349,1,16777215,2025-10-27 18:52:20,27387101951,13,唯一能相信的只有自己,mygo,575884077
2025/10/27,139.849,1,16777215,2025-10-27 18:41:21,27387101951,13,唯一能相信的只有自己,mygo,575884077
哇，特异人士,558.405,1,16777215,2025-10-27 14:57:51,27387101951,13,唯一能相信的只有自己,mygo,575884077
老八,849.731,1,16777215,2025-10-27 12:16:09,27387101951,13,唯一能相信的只有自己,mygo,575884077
竟敢无视灯！！,441.642,1,16777215,2025-10-27 12:13:11,27387101951,13,唯一能相信的只有自己,mygo,575884077
罗大佑,589.709,1,16777215,2025-10-27 12:11:17,27387101951,13,唯一能相信的只有自己,mygo,575884077
25年10月、,141.271,1,16777215,2025-10-27 12:01:08,27387101951,13,唯一能相信的只有自己,mygo,575884077
25/10/27,144.886,1,16777215,2025-10-27 11:46:24,27387101951,13,唯一能相信的只有自己,mygo,575884077
完结撒花，感谢陪伴,4.792,1,16777215,2025-10-27 11:28:01,27387101951,13,唯一能相信的只有自己,mygo,575884077
她俩关系最好了,508.586,1,14811775,2025-10-26 22:51:20,27387101951,13,唯一能相信的只有自己,mygo,575884077
完结撒花,1.41,1,16777215,2025-10-26 21:39:45,27387101951,13,唯一能相信的只有自己,mygo,575884077
完结撒花,1417.145,1,16777215,2025-10-26 15:10:46,27387101951,13,唯一能相信的只有自己,mygo,575884077
记住这个莫提斯。,1064.561,1,16777215,2025-10-26 14:17:08,27387101951,13,唯一能相信的只有自己,mygo,575884077
完结撒花，感谢陪伴,125.394,4,16777215,2025-10-26 13:16:58,27387101951,13,唯一能相信的只有自己,mygo,575884077
幻视血宴,1227.691,1,16777215,2025-10-26 03:55:11,27387101951,13,唯一能相信的只有自己,mygo,575884077
《世界线收束后技术超好的粉毛》,133.365,1,16777215,2025-10-25 23:18:56,27387101951,13,唯一能相信的只有自己,mygo,575884077
有牛啊,264.357,1,16777215,2025-10-25 23:10:10,27387101951,13,唯一能相信的只有自己,mygo,575884077
完结撒花,6.591,1,16777215,2025-10-25 20:30:54,27387101951,13,唯一能相信的只有自己,mygo,575884077
键帽,757.339,1,16777215,2025-10-25 20:27:55,27387101951,13,唯一能相信的只有自己,mygo,575884077
键帽,744.221,1,16777215,2025-10-25 20:27:42,27387101951,13,唯一能相信的只有自己,mygo,575884077
要变成人类了,284.9,1,16777215,2025-10-25 20:18:03,27387101951,13,唯一能相信的只有自己,mygo,575884077
完结撒花,13.518,1,16777215,2025-10-25 19:39:49,27387101951,13,唯一能相信的只有自己,mygo,575884077
25/10/25,168.816,1,16777215,2025-10-25 14:01:35,27387101951,13,唯一能相信的只有自己,mygo,575884077
完结撒花,1412.239,1,16777215,2025-10-25 11:34:58,27387101951,13,唯一能相信的只有自己,mygo,575884077
一瞬千击,223.433,1,16777215,2025-10-25 11:21:34,27387101951,13,唯一能相信的只有自己,mygo,575884077
25/10/25,140.475,1,16777215,2025-10-25 11:15:45,27387101951,13,唯一能相信的只有自己,mygo,575884077
完结，撒花,5.861,1,16777215,2025-10-25 11:12:38,27387101951,13,唯一能相信的只有自己,mygo,575884077
完结撒花!！,1415.576,5,16777215,2025-10-25 03:47:37,27387101951,13,唯一能相信的只有自己,mygo,575884077
25/10/25,182.019,5,16777215,2025-10-25 03:27:51,27387101951,13,唯一能相信的只有自己,mygo,575884077
我得了一种看见银河战舰就想笑的病,1105.974,1,16777215,2025-10-25 02:41:33,27387101951,13,唯一能相信的只有自己,mygo,575884077
25/10/25,154.52,1,16777215,2025-10-25 01:20:48,27387101951,13,唯一能相信的只有自己,mygo,575884077
哦吼,667.045,1,16777215,2025-10-24 23:28:25,27387101951,13,唯一能相信的只有自己,mygo,575884077
其实歌剧魅影,698.602,1,16777215,2025-10-24 19:41:16,27387101951,13,唯一能相信的只有自己,mygo,575884077
完结撒花！！10月24日,138.677,1,16777215,2025-10-24 19:27:51,27387101951,13,唯一能相信的只有自己,mygo,575884077
灯神看小地图呢没时间对线,399.954,1,16777215,2025-10-24 17:35:30,27387101951,13,唯一能相信的只有自己,mygo,575884077
完结撒花,13.869,1,16777215,2025-10-24 13:55:40,27387101951,13,唯一能相信的只有自己,mygo,575884077
一整个剧看下来没有一个诗人,976.466,1,16777215,2025-10-24 03:21:28,27387101951,13,唯一能相信的只有自己,mygo,575884077
25年10月24号,138.408,1,16777215,2025-10-24 03:07:23,27387101951,13,唯一能相信的只有自己,mygo,575884077
那我劝你少吃草莓,231.517,1,16777215,2025-10-23 23:43:56,27387101951,13,唯一能相信的只有自己,mygo,575884077
爱灯是对的,515.388,1,16777215,2025-10-23 22:53:53,27387101951,13,唯一能相信的只有自己,mygo,575884077
25/10/23,154.787,1,16777215,2025-10-23 19:43:58,27387101951,13,唯一能相信的只有自己,mygo,575884077
完结撒花，感谢陪伴！,16.379,5,16777215,2025-10-23 11:59:39,27387101951,13,唯一能相信的只有自己,mygo,575884077
完结撒花，感谢陪伴,36.615,1,16777215,2025-10-23 11:32:11,27387101951,13,唯一能相信的只有自己,mygo,575884077
完结撒花，感谢陪伴,11.372,1,16777215,2025-10-23 11:31:46,27387101951,13,唯一能相信的只有自己,mygo,575884077
2025/10/23,176.109,1,16777215,2025-10-23 11:20:48,27387101951,13,唯一能相信的只有自己,mygo,575884077
轮着送孩子,266.391,1,16777215,2025-10-23 01:00:25,27387101951,13,唯一能相信的只有自己,mygo,575884077
kksk,1341.18,1,16777215,2025-10-22 22:22:42,27387101951,13,唯一能相信的只有自己,mygo,575884077
25/10/22,137.876,1,16777215,2025-10-22 18:55:58,27387101951,13,唯一能相信的只有自己,mygo,575884077
完结撒花！,11.351,1,16777215,2025-10-22 18:41:33,27387101951,13,唯一能相信的只有自己,mygo,575884077
2025/10/22,138.859,5,16777215,2025-10-22 17:34:48,27387101951,13,唯一能相信的只有自己,mygo,575884077
"2025,10,22我来，我见，我征服",155.647,1,16777215,2025-10-22 14:24:21,27387101951,13,唯一能相信的只有自己,mygo,575884077
25/10/22,147.3,1,16777215,2025-10-22 11:30:15,27387101951,13,唯一能相信的只有自己,mygo,575884077
温馨提示mujica后面暴虐,1196.017,1,16777215,2025-10-22 09:00:09,27387101951,13,唯一能相信的只有自己,mygo,575884077
无他唯手熟尔,157.555,1,16777215,2025-10-22 08:47:23,27387101951,13,唯一能相信的只有自己,mygo,575884077
感觉猫早晚会毁了乐团，太不当回事了,861.026,1,16777215,2025-10-22 04:20:39,27387101951,13,唯一能相信的只有自己,mygo,575884077
2025，10月21日,157.417,1,16777215,2025-10-21 23:54:24,27387101951,13,唯一能相信的只有自己,mygo,575884077
这也有我们术术人,978.187,1,16777215,2025-10-21 23:47:01,27387101951,13,唯一能相信的只有自己,mygo,575884077
25/10/21,155.338,1,16777215,2025-10-21 23:30:51,27387101951,13,唯一能相信的只有自己,mygo,575884077
啊？,1414.18,1,16777215,2025-10-21 23:19:18,27387101951,13,唯一能相信的只有自己,mygo,575884077
我的天！！！！,1211.32,1,16777215,2025-10-21 23:14:37,27387101951,13,唯一能相信的只有自己,mygo,575884077
2025/10/21,166.53,1,16777215,2025-10-21 23:09:08,27387101951,13,唯一能相信的只有自己,mygo,575884077
啊啊啊啊啊啊啊啊啊啊啊啊啊啊啊啊啊啊啊！！！！！！！！！！！！！！！！！！！！,524.788,1,16777215,2025-10-21 23:02:34,27387101951,13,唯一能相信的只有自己,mygo,575884077
太美啦爽世,371.034,1,16777215,2025-10-21 22:59:51,27387101951,13,唯一能相信的只有自己,mygo,575884077
气氛组千早,209.962,1,16777215,2025-10-21 22:55:37,27387101951,13,唯一能相信的只有自己,mygo,575884077
好员工啊,186.22,1,16777215,2025-10-21 22:54:51,27387101951,13,唯一能相信的只有自己,mygo,575884077
25/10/21,126.298,1,16777215,2025-10-21 14:49:11,27387101951,13,唯一能相信的只有自己,mygo,575884077
孔子,811.709,1,16777215,2025-10-21 09:55:14,27387101951,13,唯一能相信的只有自己,mygo,575884077
太富了，直接打车,665.959,1,16777215,2025-10-21 09:52:36,27387101951,13,唯一能相信的只有自己,mygo,575884077
2025/10/21,133.58,1,16777215,2025-10-21 00:33:55,27387101951,13,唯一能相信的只有自己,mygo,575884077
完结撒花 感谢陪伴,1403.818,1,16777215,2025-10-20 22:16:22,27387101951,13,唯一能相信的只有自己,mygo,575884077
我喜欢你，你喜欢我,526.87,1,16777215,2025-10-20 17:44:33,27387101951,13,唯一能相信的只有自己,mygo,575884077
嘉欣乐队,885.052,1,16777215,2025-10-20 15:35:11,27387101951,13,唯一能相信的只有自己,mygo,575884077
完结撒花,1.103,1,16777215,2025-10-20 11:05:08,27387101951,13,唯一能相信的只有自己,mygo,575884077
重立感传达,615.57,1,16777215,2025-10-20 01:42:35,27387101951,13,唯一能相信的只有自己,mygo,575884077
25/10/20,145.596,1,16777215,2025-10-20 00:15:52,27387101951,13,唯一能相信的只有自己,mygo,575884077
里面的人类大概就海玲一个吧,1245.636,1,16777215,2025-10-19 23:35:21,27387101951,13,唯一能相信的只有自己,mygo,575884077
你毋须畏惧黑暗，大啖食粮之刻已至,1073.523,1,16777215,2025-10-19 20:53:39,27387101951,13,唯一能相信的只有自己,mygo,575884077
精萝狂喜,1274.767,5,38979,2025-10-19 18:03:16,27387101951,13,唯一能相信的只有自己,mygo,575884077
25年10月19日,130.584,1,16777215,2025-10-19 16:54:34,27387101951,13,唯一能相信的只有自己,mygo,575884077
完结撒花,1409.545,1,16777215,2025-10-19 16:48:56,27387101951,13,唯一能相信的只有自己,mygo,575884077
哇还有凹凸曼,908.332,5,6830715,2025-10-19 15:29:48,27387101951,13,唯一能相信的只有自己,mygo,575884077
2025/10/19,138.113,1,16777215,2025-10-19 14:34:23,27387101951,13,唯一能相信的只有自己,mygo,575884077
太讷了,1349.181,1,16777215,2025-10-19 12:51:28,27387101951,13,唯一能相信的只有自己,mygo,575884077
难道她真的是赋能哥？,1127.229,1,16777215,2025-10-19 12:47:16,27387101951,13,唯一能相信的只有自己,mygo,575884077
泷：这我熟,1395.013,5,16707842,2025-10-19 11:22:59,27387101951,13,唯一能相信的只有自己,mygo,575884077
