content,time,mode,color,send_time,cid,episode,episode_title,anime_title,aid
怎么他好像每次都从下水道出来hhhhh,1331.645,5,15138834,2021-01-24 01:31:28,286091033,3,登革热/痤疮,工作细胞 第二季,886319522
白细胞：是的，我有了个孩子。,1387.854,1,16777215,2021-01-24 09:28:21,286091033,3,登革热/痤疮,工作细胞 第二季,886319522
失去的细胞估计粘墙上了-.-,623.37,5,15138834,2021-01-24 20:17:18,286091033,3,登革热/痤疮,工作细胞 第二季,886319522
前线打的爽，后勤直骂娘（滑稽）,1375.734,5,15138834,2021-01-24 00:23:27,286091033,3,登革热/痤疮,工作细胞 第二季,886319522
俗称：看门儿大爷,276.002,5,38979,2021-01-24 01:10:23,286091033,3,登革热/痤疮,工作细胞 第二季,886319522
反派盗用国际歌词是要付出生命代价的,892.723,5,16777215,2021-01-24 00:21:17,286091033,3,登革热/痤疮,工作细胞 第二季,886319522
苦差事：指旋转一下按钮,171.557,5,16777215,2021-01-24 21:47:43,286091033,3,登革热/痤疮,工作细胞 第二季,886319522
博人传还没一根毛燃，泪目,1203.905,5,16707842,2021-01-27 02:33:26,286091033,3,登革热/痤疮,工作细胞 第二季,886319522
我一度以为自己走错了片场,962.793,5,16777215,2021-01-24 12:39:58,286091033,3,登革热/痤疮,工作细胞 第二季,886319522
地 利 不 如 人 和（二度,1241.848,5,16765698,2021-01-25 09:55:13,286091033,3,登革热/痤疮,工作细胞 第二季,886319522
肯德基细胞,256.445,5,16707842,2021-01-24 00:04:28,286091033,3,登革热/痤疮,工作细胞 第二季,886319522
好想让白细胞小姐姐来这里体验一下啊,166.092,5,9487136,2021-01-24 12:23:13,286091033,3,登革热/痤疮,工作细胞 第二季,886319522
戴上这个面具，等一个叫灶门炭治郎的年轻人,365.423,5,15138834,2021-01-24 12:19:21,286091033,3,登革热/痤疮,工作细胞 第二季,886319522
好家伙，之前那些白细胞都是累死的,1140.643,5,16777215,2021-01-30 16:56:12,286091033,3,登革热/痤疮,工作细胞 第二季,886319522
人话：快放组织胺...,494.352,5,16777215,2021-01-28 20:32:45,286091033,3,登革热/痤疮,工作细胞 第二季,886319522
白血球 试图在岩浆里游泳,1311.615,5,16777215,2021-01-31 19:45:41,286091033,3,登革热/痤疮,工作细胞 第二季,886319522
你好中二细胞，又见面了,465.341,5,16707842,2021-01-31 08:01:05,286091033,3,登革热/痤疮,工作细胞 第二季,886319522
好！我体内需要的就是这样的细胞,1187.44,5,16777215,2021-01-26 13:15:22,286091033,3,登革热/痤疮,工作细胞 第二季,886319522
巨姐姐今天依然笑得那么开心,570.298,5,16646914,2021-01-29 23:58:32,286091033,3,登革热/痤疮,工作细胞 第二季,886319522
刚才那战斗力都可以直接去当免疫细胞了,248.679,1,16707842,2021-02-02 19:47:20,286091033,3,登革热/痤疮,工作细胞 第二季,886319522
是的，我是有了一个孩子,1396.518,5,16707842,2021-01-25 13:38:11,286091033,3,登革热/痤疮,工作细胞 第二季,886319522
真 自胞自弃,441.773,5,16707842,2021-01-26 14:44:18,286091033,3,登革热/痤疮,工作细胞 第二季,886319522
红细胞果然是行走的表情包（doge）,355.487,5,16646914,2021-01-26 08:34:25,286091033,3,登革热/痤疮,工作细胞 第二季,886319522
等一下，原来普通细胞可以像红细胞那样在身体里窜来窜去吗？,199.397,5,16646914,2021-01-31 12:55:57,286091033,3,登革热/痤疮,工作细胞 第二季,886319522
一根头发，人类一小步，白细胞一大步,1363.846,5,16776960,2021-01-29 08:19:21,286091033,3,登革热/痤疮,工作细胞 第二季,886319522
注意红细胞的胳膊，她已经有能保护别人的意识了,527.761,5,15138834,2021-01-31 06:48:01,286091033,3,登革热/痤疮,工作细胞 第二季,886319522
我以为头上戴的内裤…对不起,25.165,5,41194,2021-02-07 14:43:51,286091033,3,登革热/痤疮,工作细胞 第二季,886319522
白哥暴起，以刀劈菌首，又数刀毙之,1296.156,5,16646914,2021-01-31 20:25:21,286091033,3,登革热/痤疮,工作细胞 第二季,886319522
红姐 夫危 速归,902.374,5,15138834,2021-02-01 23:17:52,286091033,3,登革热/痤疮,工作细胞 第二季,886319522
前辈の教育方法,657.847,5,15138834,2021-01-31 01:27:14,286091033,3,登革热/痤疮,工作细胞 第二季,886319522
叮 您有一份＂杀了吗＂订单 请及时处理～,726.792,1,15138834,2021-01-29 10:18:52,286091033,3,登革热/痤疮,工作细胞 第二季,886319522
肥大细胞:指身材优美、会害羞、讨人喜爱的细胞。,648.56,5,16777215,2021-02-01 03:36:11,286091033,3,登革热/痤疮,工作细胞 第二季,886319522
肯德基细胞---再起不能,608.39,5,15138834,2021-01-24 01:08:12,286091033,3,登革热/痤疮,工作细胞 第二季,886319522
嗜碱性细胞:你偷袭，不讲武德。,514.292,5,38979,2021-01-31 12:54:02,286091033,3,登革热/痤疮,工作细胞 第二季,886319522
细胞：有关系啊，快救老子,446.879,5,15138834,2021-02-02 21:56:04,286091033,3,登革热/痤疮,工作细胞 第二季,886319522
白细胞 试图在皮脂游泳,1320.49,5,16777215,2021-02-02 18:43:50,286091033,3,登革热/痤疮,工作细胞 第二季,886319522
白哥:不好被媳妇看到了,1386.649,5,16707842,2021-01-24 09:58:48,286091033,3,登革热/痤疮,工作细胞 第二季,886319522
怎么就你不穿衣服,1255.825,5,15138834,2021-01-31 11:25:28,286091033,3,登革热/痤疮,工作细胞 第二季,886319522
肯德基细胞,254.589,5,16707842,2021-01-24 22:09:41,286091033,3,登革热/痤疮,工作细胞 第二季,886319522
每集白哥都在致力于做鸳鸯锅,910.576,1,16777215,2021-02-10 18:14:13,286091033,3,登革热/痤疮,工作细胞 第二季,886319522
去找白姐借把刀，别用匕首了,1110.356,1,16777215,2021-01-25 00:22:55,286091033,3,登革热/痤疮,工作细胞 第二季,886319522
这孩子阅读理解一直可以的,711.583,5,15138834,2021-01-29 15:38:53,286091033,3,登革热/痤疮,工作细胞 第二季,886319522
白哥:我开动了！,619.063,5,15138834,2021-01-26 22:46:24,286091033,3,登革热/痤疮,工作细胞 第二季,886319522
白哥操心的队友们hhhhh,1375.481,5,16707842,2021-01-26 21:46:36,286091033,3,登革热/痤疮,工作细胞 第二季,886319522
退一步越想越气,687.986,5,15138834,2021-02-13 11:36:31,286091033,3,登革热/痤疮,工作细胞 第二季,886319522
那一天，细菌终于回想起了被细胞支配的恐惧,1292.518,5,9033215,2021-02-05 14:54:41,286091033,3,登革热/痤疮,工作细胞 第二季,886319522
红姐被前辈骂，白哥被队友骂，不愧是cp,1380.679,5,41194,2021-01-31 05:45:25,286091033,3,登革热/痤疮,工作细胞 第二季,886319522
苦差事：只旋转按钮释放出逝量组织胺,177.732,5,15138834,2021-02-17 09:42:26,286091033,3,登革热/痤疮,工作细胞 第二季,886319522
白血球 试图在皮质里游泳,1319.765,5,16646914,2021-02-07 22:11:14,286091033,3,登革热/痤疮,工作细胞 第二季,886319522
我 命 油 我 不 油 天,1000.368,5,16776960,2021-02-22 10:53:33,286091033,3,登革热/痤疮,工作细胞 第二季,886319522
益达，孝出强大！,1171.079,5,16707842,2021-01-31 01:35:52,286091033,3,登革热/痤疮,工作细胞 第二季,886319522
人话：快干活,501.276,5,16707842,2021-01-31 08:57:04,286091033,3,登革热/痤疮,工作细胞 第二季,886319522
死因：不会游泳,1300.811,5,16777215,2021-01-31 11:41:00,286091033,3,登革热/痤疮,工作细胞 第二季,886319522
起初只是一场山火，一次地震，一个城市的消失……,919.045,5,16707842,2021-02-15 14:20:30,286091033,3,登革热/痤疮,工作细胞 第二季,886319522
白哥，你又收儿子了吗doge,1355.675,5,16776960,2021-01-24 20:33:38,286091033,3,登革热/痤疮,工作细胞 第二季,886319522
一对百合两对基，还有一对是夫妻,590.655,5,16777215,2021-01-24 13:07:13,286091033,3,登革热/痤疮,工作细胞 第二季,886319522
巨噬细胞还是那么的核善,570.341,5,15138834,2021-01-26 18:59:00,286091033,3,登革热/痤疮,工作细胞 第二季,886319522
深  海  少  胞,1308.243,5,41194,2021-01-28 15:11:27,286091033,3,登革热/痤疮,工作细胞 第二季,886319522
black是战亡的白血球画得不够多，其实数量差不多的,989.191,1,16707842,2021-01-25 18:29:43,286091033,3,登革热/痤疮,工作细胞 第二季,886319522
啊？原来用油脂打败油脂？,1268.925,5,16707842,2021-02-04 23:17:54,286091033,3,登革热/痤疮,工作细胞 第二季,886319522
长老：我爸爸都没打过我,1177.852,1,16777215,2021-03-17 20:17:55,286091033,3,登革热/痤疮,工作细胞 第二季,886319522
乔斯达家的血真是太合适了~~~,1123.492,5,16755202,2021-02-08 12:05:54,286091033,3,登革热/痤疮,工作细胞 第二季,886319522
肥大细胞：关键时候是该掉链子了，不然就没存在感了，别啊姐姐~,449.51,5,16707842,2021-02-01 22:30:22,286091033,3,登革热/痤疮,工作细胞 第二季,886319522
打 末 影 龙 不 拆 水 晶,1130.343,1,6830715,2021-01-25 17:50:15,286091033,3,登革热/痤疮,工作细胞 第二季,886319522
红姐 夫危 快来,1229.117,5,41194,2021-02-04 13:32:14,286091033,3,登革热/痤疮,工作细胞 第二季,886319522
肯德基细胞,255.996,5,15138834,2021-01-26 22:30:09,286091033,3,登革热/痤疮,工作细胞 第二季,886319522
白血球  试图在皮脂里游泳,1298.786,5,15138834,2021-02-07 13:54:17,286091033,3,登革热/痤疮,工作细胞 第二季,886319522
贝爷：去掉头就能吃，蛋白质是牛肉的5倍,858.893,5,38979,2022-02-04 16:15:18,286091033,3,登革热/痤疮,工作细胞 第二季,886319522
细 胞 分 化,1385.58,5,15138834,2021-01-26 11:36:36,286091033,3,登革热/痤疮,工作细胞 第二季,886319522
亲   子   装,1400.788,5,16777215,2021-01-31 11:01:04,286091033,3,登革热/痤疮,工作细胞 第二季,886319522
白哥脸红了！他好可爱！！！,1391.576,5,16777215,2021-02-01 23:06:09,286091033,3,登革热/痤疮,工作细胞 第二季,886319522
“别人” 指红细胞,1376.58,5,15138834,2021-01-26 21:11:47,286091033,3,登革热/痤疮,工作细胞 第二季,886319522
对不起但这个画面真的好好笑啊,1215.124,1,16777215,2021-02-01 16:15:32,286091033,3,登革热/痤疮,工作细胞 第二季,886319522
全世界的细胞们联合起来！,897.439,5,15138834,2021-01-27 04:11:04,286091033,3,登革热/痤疮,工作细胞 第二季,886319522
苏/联！苏/联！（幻听,1246.116,5,15138834,2021-01-24 00:26:30,286091033,3,登革热/痤疮,工作细胞 第二季,886319522
您有新的外卖订单，请及时处理（手动狗头）,726.727,5,15138834,2021-02-06 23:31:23,286091033,3,登革热/痤疮,工作细胞 第二季,886319522
失去的红细胞估计在我手上,624.236,5,15138834,2021-02-05 15:45:56,286091033,3,登革热/痤疮,工作细胞 第二季,886319522
真·为爱发电,69.469,5,16707842,2021-02-08 19:11:41,286091033,3,登革热/痤疮,工作细胞 第二季,886319522
血小板：这个大哥哥好奇怪,703.37,5,16707842,2021-02-12 20:40:35,286091033,3,登革热/痤疮,工作细胞 第二季,886319522
白姐：“我顶上！终于能换个好身体了！”,1319.207,1,14811775,2021-01-24 17:23:14,286091033,3,登革热/痤疮,工作细胞 第二季,886319522
乔斯达的血真是太合适了，塞口泥嗨铁鸭子哒,1126.9,5,9033215,2021-02-01 01:35:45,286091033,3,登革热/痤疮,工作细胞 第二季,886319522
人话：快放组织胺，不然我们全得玩完,495.037,1,16777215,2021-02-14 20:43:25,286091033,3,登革热/痤疮,工作细胞 第二季,886319522
奇怪的异世界老头增加了！！,405.644,5,15772458,2021-01-28 15:25:25,286091033,3,登革热/痤疮,工作细胞 第二季,886319522
不靠谱的前辈怎么这么顽强.gif,657.919,5,16776960,2021-01-31 12:35:57,286091033,3,登革热/痤疮,工作细胞 第二季,886319522
不要在单身狗身体里搞气氛啊喂,677.752,5,16707842,2021-01-28 18:29:57,286091033,3,登革热/痤疮,工作细胞 第二季,886319522
原来我会生病是因为细胞内讧了,451.167,1,16777215,2021-02-11 17:43:19,286091033,3,登革热/痤疮,工作细胞 第二季,886319522
动作指导哈利波特,1080.983,5,16777215,2021-01-24 00:49:06,286091033,3,登革热/痤疮,工作细胞 第二季,886319522
记仇细胞,438.63,5,16707842,2021-02-07 23:16:08,286091033,3,登革热/痤疮,工作细胞 第二季,886319522
细胞的全能性,1386.385,5,16777215,2021-01-31 01:50:49,286091033,3,登革热/痤疮,工作细胞 第二季,886319522
巨噬姐姐：宰了你噢～(￣▽￣～)~,578.015,5,14811775,2021-02-03 12:11:58,286091033,3,登革热/痤疮,工作细胞 第二季,886319522
对触电者的错误示范,68.912,5,15138834,2021-01-31 00:09:35,286091033,3,登革热/痤疮,工作细胞 第二季,886319522
失去的细胞在我手上,624.854,5,15138834,2021-02-01 00:49:51,286091033,3,登革热/痤疮,工作细胞 第二季,886319522
简称：没洗脸,926.051,5,16776960,2022-02-02 10:45:58,286091033,3,登革热/痤疮,工作细胞 第二季,886319522
即将释放祖安，哈哈哈,41.132,5,15138834,2021-02-04 21:14:10,286091033,3,登革热/痤疮,工作细胞 第二季,886319522
脓水是死亡白血球，细菌，脂肪的混合物。,963.747,1,16777215,2021-02-01 17:53:10,286091033,3,登革热/痤疮,工作细胞 第二季,886319522
细  胞  分  化,1390.055,5,16777215,2021-01-31 01:26:48,286091033,3,登革热/痤疮,工作细胞 第二季,886319522
要不是熟悉的白哥，我都以为走到black去了,971.18,5,15138834,2021-01-28 12:40:20,286091033,3,登革热/痤疮,工作细胞 第二季,886319522
孝出强大，易打,1171.199,5,15138834,2021-01-30 18:56:20,286091033,3,登革热/痤疮,工作细胞 第二季,886319522
接下来你就会知道和男主角战斗是多么的可怕,1108.074,5,16777215,2021-03-03 21:11:14,286091033,3,登革热/痤疮,工作细胞 第二季,886319522
孝出强大，亿打,1170.013,5,15138834,2021-02-05 12:54:52,286091033,3,登革热/痤疮,工作细胞 第二季,886319522
艾丽娜对抗石鬼面（bu,556.935,5,15138834,2021-01-24 00:19:16,286091033,3,登革热/痤疮,工作细胞 第二季,886319522
此时的毛毛虫还没意识到事情的严重性,1113.101,5,8700107,2021-02-03 18:08:57,286091033,3,登革热/痤疮,工作细胞 第二季,886319522
看，她杀的多开心啊,579.408,5,16646914,2021-01-26 08:43:02,286091033,3,登革热/痤疮,工作细胞 第二季,886319522
红姐 夫危 速回,905.598,5,15138834,2021-02-08 19:28:07,286091033,3,登革热/痤疮,工作细胞 第二季,886319522
接下来你就会知道作为主角的可怕,1111.282,5,16777215,2021-02-20 10:28:23,286091033,3,登革热/痤疮,工作细胞 第二季,886319522
女主背后的两个红血球好像在憋笑,1388.733,1,16777215,2021-02-16 15:00:46,286091033,3,登革热/痤疮,工作细胞 第二季,886319522
世   界   公   敌,314.129,5,16758015,2021-02-07 20:07:37,286091033,3,登革热/痤疮,工作细胞 第二季,886319522
动作指导：天线宝宝,1214.592,5,15138834,2021-02-13 19:41:28,286091033,3,登革热/痤疮,工作细胞 第二季,886319522
白哥：油死我了,1305.043,5,16777215,2022-02-09 14:28:10,286091033,3,登革热/痤疮,工作细胞 第二季,886319522
喂，你一个细胞怎么不会游泳啊,1302.767,5,38979,2021-02-06 16:30:51,286091033,3,登革热/痤疮,工作细胞 第二季,886319522
闰土和鲁迅（doge,489.777,5,16707842,2021-08-17 17:57:22,286091033,3,登革热/痤疮,工作细胞 第二季,886319522
白哥 妻危 速来,340.062,5,15138834,2021-01-24 23:38:38,286091033,3,登革热/痤疮,工作细胞 第二季,886319522
就是因为你这种细胞所以才会秃头【doge】,1154.202,5,16646914,2021-02-26 21:27:29,286091033,3,登革热/痤疮,工作细胞 第二季,886319522
人话：快放组织胺！,491.49,5,15138834,2021-02-23 20:27:08,286091033,3,登革热/痤疮,工作细胞 第二季,886319522
完结撒花 感谢陪伴,1309.171,5,16777215,2021-01-24 13:29:43,286091033,3,登革热/痤疮,工作细胞 第二季,886319522
你得支棱起来啊,1213.468,5,16707842,2021-02-14 00:46:58,286091033,3,登革热/痤疮,工作细胞 第二季,886319522
哈哈哈巨噬细胞正在提裙赶来,570.575,5,15772458,2021-02-10 08:58:47,286091033,3,登革热/痤疮,工作细胞 第二季,886319522
白哥，妻危，速来,417.573,5,8700107,2021-01-24 10:33:39,286091033,3,登革热/痤疮,工作细胞 第二季,886319522
这姐姐真不错,187.945,1,16777215,2022-03-08 13:53:29,286091033,3,登革热/痤疮,工作细胞 第二季,886319522
我咋感觉细胞总是抱怨呢,194.247,5,16777215,2021-01-29 18:52:35,286091033,3,登革热/痤疮,工作细胞 第二季,886319522
动作指导：福克斯; 哈利波特,1084.691,5,41194,2021-01-24 18:25:57,286091033,3,登革热/痤疮,工作细胞 第二季,886319522
白哥，妻危，速来,411.189,5,9033215,2021-01-24 09:47:54,286091033,3,登革热/痤疮,工作细胞 第二季,886319522
事实上只有放了组胺才会起包并且痒……,438.778,5,15138834,2022-08-18 00:50:34,286091033,3,登革热/痤疮,工作细胞 第二季,886319522
我：我谢谢你 恭喜你被解雇了 换一个新的上来吧,461.072,1,16777215,2021-01-31 01:11:11,286091033,3,登革热/痤疮,工作细胞 第二季,886319522
哈利波特：这招我熟,1084.589,5,14811775,2021-02-25 20:07:19,286091033,3,登革热/痤疮,工作细胞 第二季,886319522
红  血  埋,355.302,5,15138834,2021-01-24 09:46:31,286091033,3,登革热/痤疮,工作细胞 第二季,886319522
川 剧 变 脸,685.587,5,38979,2021-03-07 15:30:42,286091033,3,登革热/痤疮,工作细胞 第二季,886319522
科普：WBS为白细胞的学名,1379.761,5,16646914,2021-01-24 17:16:31,286091033,3,登革热/痤疮,工作细胞 第二季,886319522
我怀疑这个站在阳台上吃东西的细胞要倒霉了,45.158,1,16777215,2021-01-24 00:12:16,286091033,3,登革热/痤疮,工作细胞 第二季,886319522
懂了，这就用酒精洗头,959.909,5,16777215,2021-08-25 13:56:20,286091033,3,登革热/痤疮,工作细胞 第二季,886319522
正派死于话多（bushi）,516.199,5,15138834,2021-08-23 14:07:53,286091033,3,登革热/痤疮,工作细胞 第二季,886319522
这次白哥身上的是自己的血,908.593,5,16707842,2022-07-08 21:18:29,286091033,3,登革热/痤疮,工作细胞 第二季,886319522
真·靠爱发电,71.266,1,16777215,2021-03-23 12:14:31,286091033,3,登革热/痤疮,工作细胞 第二季,886319522
珍爱生命远离熊孩子,914.293,5,16776960,2021-01-29 13:17:28,286091033,3,登革热/痤疮,工作细胞 第二季,886319522
呆毛要发动她的碎颅击了！快跑,225.668,5,16707842,2021-01-25 12:53:35,286091033,3,登革热/痤疮,工作细胞 第二季,886319522
主角特有技能:捏鼻子,329.159,5,16646914,2022-11-07 18:57:06,286091033,3,登革热/痤疮,工作细胞 第二季,886319522
眼神犀利了起来！,517.786,5,15138834,2021-08-15 08:24:59,286091033,3,登革热/痤疮,工作细胞 第二季,886319522
太真实了，救命的东西还嫌弃，这些个二货,549.3,1,16777215,2021-02-21 21:29:33,286091033,3,登革热/痤疮,工作细胞 第二季,886319522
注意：ヘスタミン是组织胺，和歇斯底里的读音有些许相似,218.855,5,15138834,2022-11-18 23:47:08,286091033,3,登革热/痤疮,工作细胞 第二季,886319522
细节，红细胞虽然很害怕但是还是在伸手保护其他细胞……果然是免疫细胞的料吗,528.018,5,41194,2021-09-26 02:54:39,286091033,3,登革热/痤疮,工作细胞 第二季,886319522
细胞本身是很容易过敏的，你可以理解为情绪易动的人,206.929,5,16777215,2024-05-23 07:42:03,286091033,3,登革热/痤疮,工作细胞 第二季,886319522
他甚至还没来得及说出那个“す”（doge,37.852,5,15138834,2022-12-24 19:28:08,286091033,3,登革热/痤疮,工作细胞 第二季,886319522
互换周边,1399.924,1,16777215,2022-01-15 18:41:49,286091033,3,登革热/痤疮,工作细胞 第二季,886319522
控制在了最小范围内:指保住了你一个红血球,628.604,5,15138834,2021-08-15 08:27:55,286091033,3,登革热/痤疮,工作细胞 第二季,886319522
要爱护身边的每一个动物，除了蚊子,317.712,1,15138834,2021-08-23 22:01:16,286091033,3,登革热/痤疮,工作细胞 第二季,886319522
注：肥大细胞与嗜碱性粒细胞共同参与过敏反应,468.448,5,16777215,2024-05-28 00:06:47,286091033,3,登革热/痤疮,工作细胞 第二季,886319522
这是王维诗里的毛孔（doge）,825.06,1,16777215,2022-08-05 09:32:39,286091033,3,登革热/痤疮,工作细胞 第二季,886319522
巨噬姐姐做什么都笑着,577.383,1,16777215,2022-02-12 18:04:40,286091033,3,登革热/痤疮,工作细胞 第二季,886319522
白哥这季天天带孩子,1357.823,1,16707842,2022-01-16 09:26:25,286091033,3,登革热/痤疮,工作细胞 第二季,886319522
似曾相识燕归来,45.67,5,38979,2023-01-02 12:56:20,286091033,3,登革热/痤疮,工作细胞 第二季,886319522
踏仙君：嗯？本座？|核善微笑.jpg,1108.681,1,52480,2022-06-10 13:58:46,286091033,3,登革热/痤疮,工作细胞 第二季,886319522
伞是这么补的吗,702.014,1,16707842,2022-02-28 04:16:06,286091033,3,登革热/痤疮,工作细胞 第二季,886319522
从来没有救世主，只有甲硝唑凝胶,900.759,5,16777215,2022-01-27 09:34:54,286091033,3,登革热/痤疮,工作细胞 第二季,886319522
这一刀，保住了发际线,794.385,1,16777215,2021-09-22 01:01:22,286091033,3,登革热/痤疮,工作细胞 第二季,886319522
一对百合两对基，还有一对是夫妻,595.844,5,16777215,2022-12-25 21:35:51,286091033,3,登革热/痤疮,工作细胞 第二季,886319522
姐姐好帅！,552.379,5,15138834,2022-08-17 14:13:40,286091033,3,登革热/痤疮,工作细胞 第二季,886319522
白哥威武！！！,793.058,5,15138834,2022-02-04 19:06:08,286091033,3,登革热/痤疮,工作细胞 第二季,886319522
等等你冷静一下，换一个揍！我指望他长头发呢！！！！！！,775.789,1,16777215,2021-08-13 12:26:35,286091033,3,登革热/痤疮,工作细胞 第二季,886319522
错了，他释放的是抗凝血物质,326.656,5,15138834,2023-02-02 01:14:39,286091033,3,登革热/痤疮,工作细胞 第二季,886319522
到底谁才是免疫细胞,241.021,1,16777215,2022-09-11 19:36:08,286091033,3,登革热/痤疮,工作细胞 第二季,886319522
优雅，太优雅了,268.836,5,16707842,2022-09-01 19:44:35,286091033,3,登革热/痤疮,工作细胞 第二季,886319522
白细胞变成红细胞了,1181.049,5,16646914,2022-07-09 16:03:48,286091033,3,登革热/痤疮,工作细胞 第二季,886319522
各位一定要勤洗头啊QAQ,971.879,5,16777215,2022-02-10 23:15:02,286091033,3,登革热/痤疮,工作细胞 第二季,886319522
目暮警官:为什么每次案件都有柯南和毛利,663.442,5,16707842,2022-07-02 21:14:58,286091033,3,登革热/痤疮,工作细胞 第二季,886319522
四舍五入牵手了,66.363,1,16777215,2022-01-30 23:12:13,286091033,3,登革热/痤疮,工作细胞 第二季,886319522
不是区区毛发！！！！每一根Tony都很重要！！！！,1160.688,1,16777215,2021-09-29 22:22:43,286091033,3,登革热/痤疮,工作细胞 第二季,886319522
上线就送100抽,758.597,5,15772458,2025-04-05 22:19:58,286091033,3,登革热/痤疮,工作细胞 第二季,886319522
哇里哇里哇,493.193,5,16755202,2023-05-02 16:58:02,286091033,3,登革热/痤疮,工作细胞 第二季,886319522
人话：赶紧释放组织胺,506.615,1,15138834,2022-07-28 08:27:12,286091033,3,登革热/痤疮,工作细胞 第二季,886319522
今 天 天 气 还 不 错,53.767,5,16646914,2022-02-26 20:28:38,286091033,3,登革热/痤疮,工作细胞 第二季,886319522
白哥：毕竟我有主角光环死不了（doge）,1027.981,5,15138834,2022-01-31 09:52:29,286091033,3,登革热/痤疮,工作细胞 第二季,886319522
白哥：走反派的路让反派无路可走,1338.771,1,16777215,2022-01-26 22:03:32,286091033,3,登革热/痤疮,工作细胞 第二季,886319522
白哥！战损白哥！,903.69,1,16777215,2022-01-24 19:43:29,286091033,3,登革热/痤疮,工作细胞 第二季,886319522
盲猜天空会出现一个十字,636.95,1,16777215,2022-06-22 13:01:46,286091033,3,登革热/痤疮,工作细胞 第二季,886319522
白哥妻危速来,415.079,1,16707842,2021-10-06 18:13:54,286091033,3,登革热/痤疮,工作细胞 第二季,886319522
组胺狂人,43.719,1,16707842,2021-09-20 21:52:29,286091033,3,登革热/痤疮,工作细胞 第二季,886319522
这红细胞是柯南无疑了,667.019,5,15138834,2021-08-29 15:31:27,286091033,3,登革热/痤疮,工作细胞 第二季,886319522
这这这，上弦之四,407.129,5,15138834,2023-08-19 10:20:15,286091033,3,登革热/痤疮,工作细胞 第二季,886319522
可以，这次终于不是瀑布了（）,542.79,5,16777215,2022-12-19 05:59:06,286091033,3,登革热/痤疮,工作细胞 第二季,886319522
白哥真的好能打，血厚战斗力还高,1287.206,1,16777215,2022-10-03 20:47:44,286091033,3,登革热/痤疮,工作细胞 第二季,886319522
这是口水……防止血液凝固用的……,322.858,5,16777215,2022-07-12 11:30:46,286091033,3,登革热/痤疮,工作细胞 第二季,886319522
哀家长头发啦～,1230.377,1,16777215,2022-03-31 18:11:15,286091033,3,登革热/痤疮,工作细胞 第二季,886319522
白哥马上就能运氧气了,1225.977,5,15138834,2022-03-20 19:50:54,286091033,3,登革热/痤疮,工作细胞 第二季,886319522
好久没看到前辈了,656.874,1,16777215,2021-12-01 20:08:19,286091033,3,登革热/痤疮,工作细胞 第二季,886319522
阿里嘎多，我少掉的一根头发,1378.136,1,16777215,2021-11-28 13:02:32,286091033,3,登革热/痤疮,工作细胞 第二季,886319522
铁  扇  爷  爷,396.802,5,15138834,2021-08-23 19:35:05,286091033,3,登革热/痤疮,工作细胞 第二季,886319522
长老：孝死我了,1169.98,1,16777215,2024-11-12 22:28:04,286091033,3,登革热/痤疮,工作细胞 第二季,886319522
白～～～～～～～～～～～～～～～～～～哥～～～～～～～～～～～～～～～,884.146,1,16777215,2024-08-21 01:50:36,286091033,3,登革热/痤疮,工作细胞 第二季,886319522
眼前一黑,313.432,5,15138834,2024-05-03 21:40:27,286091033,3,登革热/痤疮,工作细胞 第二季,886319522
看屏幕上的细菌笑的多开心啊,1264.956,5,16777215,2024-01-13 10:01:40,286091033,3,登革热/痤疮,工作细胞 第二季,886319522
光头强：你知道这根头发对劳资多重要吗,1207.682,1,16777215,2022-12-25 12:14:37,286091033,3,登革热/痤疮,工作细胞 第二季,886319522
谢谢白哥救下我的头发！！！！,805.004,1,16777215,2022-12-03 18:22:03,286091033,3,登革热/痤疮,工作细胞 第二季,886319522
等等，他的眼睛突然好了,1131.621,1,16777215,2022-10-23 21:49:31,286091033,3,登革热/痤疮,工作细胞 第二季,886319522
已经打好雨伞了哈哈哈哈,512.203,1,16777215,2022-08-17 16:15:22,286091033,3,登革热/痤疮,工作细胞 第二季,886319522
超级猎手出现,562.727,1,16777215,2022-04-24 18:28:17,286091033,3,登革热/痤疮,工作细胞 第二季,886319522
无限回血是吗,1124.865,1,16777215,2022-03-20 21:48:21,286091033,3,登革热/痤疮,工作细胞 第二季,886319522
白——哥——们——,987.372,1,16777215,2022-02-26 16:54:33,286091033,3,登革热/痤疮,工作细胞 第二季,886319522
原来我挤出的脓水都是白哥,980.619,1,38979,2021-11-29 13:26:43,286091033,3,登革热/痤疮,工作细胞 第二季,886319522
看好了 这帽子是9696号 ,1363.519,5,15138834,2021-10-04 23:04:23,286091033,3,登革热/痤疮,工作细胞 第二季,886319522
你脸红个泡泡茶壶,673.902,1,16777215,2021-09-21 18:38:26,286091033,3,登革热/痤疮,工作细胞 第二季,886319522
石 鬼 面,381.667,1,15138834,2021-09-03 11:12:20,286091033,3,登革热/痤疮,工作细胞 第二季,886319522
少时不能见太惊艳的人,806.134,1,16777215,2021-08-30 18:34:11,286091033,3,登革热/痤疮,工作细胞 第二季,886319522
脸上前胸后背都有，呜呜呜,852.72,1,15138834,2021-08-27 16:12:20,286091033,3,登革热/痤疮,工作细胞 第二季,886319522
白哥的护妻日常,679.637,1,16777215,2025-02-14 16:04:40,286091033,3,登革热/痤疮,工作细胞 第二季,886319522
红姐，夫危，速归,919.38,1,16777215,2024-08-12 19:56:45,286091033,3,登革热/痤疮,工作细胞 第二季,886319522
优雅！简直优雅！优雅至极！！！,386.385,5,16777215,2024-06-29 11:14:23,286091033,3,登革热/痤疮,工作细胞 第二季,886319522
白细胞保护了我的头发,1074.993,1,16777215,2024-05-06 21:32:34,286091033,3,登革热/痤疮,工作细胞 第二季,886319522
花 园 口 战  神,562.453,5,16707842,2024-04-15 19:57:29,286091033,3,登革热/痤疮,工作细胞 第二季,886319522
白哥好可爱,1380.988,1,16777215,2024-03-09 22:27:20,286091033,3,登革热/痤疮,工作细胞 第二季,886319522
叶 公 细 菌,1270.972,5,41194,2024-01-07 14:15:51,286091033,3,登革热/痤疮,工作细胞 第二季,886319522
每一根头发都很珍贵,1169.483,1,16777215,2023-04-05 23:10:08,286091033,3,登革热/痤疮,工作细胞 第二季,886319522
简称：长痘,843.096,5,15138834,2023-03-25 17:38:27,286091033,3,登革热/痤疮,工作细胞 第二季,886319522
所以还以为有多高深，居然是这个意思吗！！！！,712.319,5,9033215,2022-11-16 16:01:33,286091033,3,登革热/痤疮,工作细胞 第二季,886319522
爱情的触电,84.923,1,16777215,2022-09-17 10:12:14,286091033,3,登革热/痤疮,工作细胞 第二季,886319522
你俩还对视……,592.166,5,16707842,2022-08-17 14:15:20,286091033,3,登革热/痤疮,工作细胞 第二季,886319522
白哥：但是我有主角光环,987.152,5,15138834,2022-07-30 13:12:43,286091033,3,登革热/痤疮,工作细胞 第二季,886319522
优雅，实在是太优雅了,261.484,1,16777215,2022-07-11 21:20:09,286091033,3,登革热/痤疮,工作细胞 第二季,886319522
好基友都吓到了哈哈哈哈哈,1341.31,1,16777215,2022-06-24 02:29:58,286091033,3,登革热/痤疮,工作细胞 第二季,886319522
白哥给他的是去世的同伴的帽子啊你们能不能认真看,1034.262,5,16707842,2022-04-28 13:55:57,286091033,3,登革热/痤疮,工作细胞 第二季,886319522
？？我一直以为是痔疮,835.817,1,16777215,2022-04-09 08:06:48,286091033,3,登革热/痤疮,工作细胞 第二季,886319522
我打一眼看成中指了,367.321,1,16777215,2022-02-22 21:24:59,286091033,3,登革热/痤疮,工作细胞 第二季,886319522
就是放组织胺才会起包啊喂,461.526,5,15138834,2022-02-03 16:33:27,286091033,3,登革热/痤疮,工作细胞 第二季,886319522
至臻——白哥,1329.728,5,41194,2022-01-19 12:20:39,286091033,3,登革热/痤疮,工作细胞 第二季,886319522
她竟然懂了，呃呃呃呃。。。。。,708.682,5,5996543,2022-01-13 11:50:39,286091033,3,登革热/痤疮,工作细胞 第二季,886319522
原来发炎的都是白细胞的尸体,994.214,1,16777215,2021-12-03 11:43:57,286091033,3,登革热/痤疮,工作细胞 第二季,886319522
伞破了，,698.347,5,15138834,2021-10-26 10:26:00,286091033,3,登革热/痤疮,工作细胞 第二季,886319522
我没洗头，我有罪,986.517,1,16777215,2021-10-21 18:59:50,286091033,3,登革热/痤疮,工作细胞 第二季,886319522
从来就没有什么救世主～,892.847,5,15138834,2025-12-11 20:55:32,286091033,3,登革热/痤疮,工作细胞 第二季,886319522
红细胞，免疫细胞的能力真的是太有极限了,370.434,5,15138834,2025-11-11 20:40:34,286091033,3,登革热/痤疮,工作细胞 第二季,886319522
把爷的血小板放下！！！！！,342.23,5,15138834,2025-10-05 21:03:22,286091033,3,登革热/痤疮,工作细胞 第二季,886319522
肯德基爷爷驾到,256.235,1,38979,2025-09-24 19:01:23,286091033,3,登革热/痤疮,工作细胞 第二季,886319522
这个戴在小男孩头上的是9696号的帽子，白哥一开始捡的那顶,1023.962,1,16777215,2025-07-04 10:58:54,286091033,3,登革热/痤疮,工作细胞 第二季,886319522
头怎么尖尖的,1242.696,1,16777215,2025-03-08 03:33:59,286091033,3,登革热/痤疮,工作细胞 第二季,886319522
冷知识：脓水就是死掉的白细胞遗体,963.122,5,16777215,2025-01-29 16:16:15,286091033,3,登革热/痤疮,工作细胞 第二季,886319522
细胞头顶怎么尖尖的,1216.309,5,16777215,2025-01-27 11:28:46,286091033,3,登革热/痤疮,工作细胞 第二季,886319522
小杰细胞,1220.601,1,38979,2025-01-09 18:40:00,286091033,3,登革热/痤疮,工作细胞 第二季,886319522
得了这个要去医院皮肤科，千万不要自己弄,870.692,5,16777215,2025-01-07 14:51:50,286091033,3,登革热/痤疮,工作细胞 第二季,886319522
造型指导：明智吾郎,394.165,5,16707842,2024-12-18 20:52:59,286091033,3,登革热/痤疮,工作细胞 第二季,886319522
多少人看成痔疮了,847.551,5,16777215,2024-11-09 14:05:33,286091033,3,登革热/痤疮,工作细胞 第二季,886319522
我勒个跟哈利波特一摸一样,1111.283,1,16777215,2024-10-27 19:24:54,286091033,3,登革热/痤疮,工作细胞 第二季,886319522
动作指导：狩魔冥,790.627,1,16777215,2024-08-24 13:16:58,286091033,3,登革热/痤疮,工作细胞 第二季,886319522
白————哥————,879.645,1,41194,2024-06-18 12:34:45,286091033,3,登革热/痤疮,工作细胞 第二季,886319522
动作来源：沙丘,1073.179,1,16777215,2024-04-20 11:03:20,286091033,3,登革热/痤疮,工作细胞 第二季,886319522
要是白姐能来这就好了,176.533,5,16777215,2024-04-17 12:03:10,286091033,3,登革热/痤疮,工作细胞 第二季,886319522
真不巧，今天晴转中雨,25.039,5,15138834,2024-04-16 21:27:31,286091033,3,登革热/痤疮,工作细胞 第二季,886319522
白哥劝架护妻哈哈哈,687.539,1,16777215,2024-02-24 22:20:05,286091033,3,登革热/痤疮,工作细胞 第二季,886319522
白哥我错了我这就去洗头！,1299.601,5,16777215,2023-06-02 19:25:45,286091033,3,登革热/痤疮,工作细胞 第二季,886319522
'KFC细胞,260.61,5,16707842,2023-04-29 19:56:13,286091033,3,登革热/痤疮,工作细胞 第二季,886319522
这要让杀手T看见哈哈哈 又是一顿胖揍,1383.684,1,16777215,2023-03-31 08:05:17,286091033,3,登革热/痤疮,工作细胞 第二季,886319522
对不起！！！现在就去洗！！！,945.659,5,15138834,2023-01-09 14:21:36,286091033,3,登革热/痤疮,工作细胞 第二季,886319522
全——剧——终——,890.799,1,16777215,2022-09-04 19:17:26,286091033,3,登革热/痤疮,工作细胞 第二季,886319522
这毛发什么玩意？能不能不要送人头呜呜呜，心疼白哥,896.251,1,14811775,2022-08-27 23:17:37,286091033,3,登革热/痤疮,工作细胞 第二季,886319522
你让我怎么荔枝！,219.519,5,15138834,2022-08-06 09:23:11,286091033,3,登革热/痤疮,工作细胞 第二季,886319522
是你 中二细胞,470.944,5,16646914,2022-08-04 00:23:44,286091033,3,登革热/痤疮,工作细胞 第二季,886319522
光太郎：ころす！ぶっころす！こうげんはっけん！！！！！,567.805,5,16777215,2022-07-31 19:47:15,286091033,3,登革热/痤疮,工作细胞 第二季,886319522
白哥变成了光！,1347.536,1,16707842,2022-07-20 09:22:12,286091033,3,登革热/痤疮,工作细胞 第二季,886319522
头发是底线！！！,823.146,1,16777215,2022-07-15 20:03:27,286091033,3,登革热/痤疮,工作细胞 第二季,886319522
求你别送了！！！！,878.354,1,16777215,2022-07-07 18:04:15,286091033,3,登革热/痤疮,工作细胞 第二季,886319522
呼叫海飞丝！呼叫海飞丝！,952.028,1,16777215,2022-07-05 14:28:26,286091033,3,登革热/痤疮,工作细胞 第二季,886319522
当肯爷爷们遇上番茄酱,534.42,1,104601,2022-06-04 14:26:33,286091033,3,登革热/痤疮,工作细胞 第二季,886319522
小手一抖，op没有,162.095,5,15138834,2022-05-30 18:04:57,286091033,3,登革热/痤疮,工作细胞 第二季,886319522
别哭！我马上洗头！,1006.202,1,13369971,2022-04-24 09:11:10,286091033,3,登革热/痤疮,工作细胞 第二季,886319522
白哥————不！！！,236.923,1,16777215,2022-04-01 09:31:23,286091033,3,登革热/痤疮,工作细胞 第二季,886319522
白哥!!!你不能无阿!!!,899.881,1,16777215,2022-02-22 14:09:04,286091033,3,登革热/痤疮,工作细胞 第二季,886319522
准备好盐等手熟,163.489,1,15138834,2022-02-10 10:54:52,286091033,3,登革热/痤疮,工作细胞 第二季,886319522
白——哥——,896.218,1,16777215,2022-02-06 15:12:24,286091033,3,登革热/痤疮,工作细胞 第二季,886319522
新的风暴已经出现，然而奥特曼还在家煲汤,412.79,5,16777215,2022-01-07 12:23:10,286091033,3,登革热/痤疮,工作细胞 第二季,886319522
中二细胞来话疗了,471.121,1,16777215,2021-12-21 00:00:58,286091033,3,登革热/痤疮,工作细胞 第二季,886319522
这身体的主人还没死真是个奇迹,640.598,5,16646914,2021-11-24 22:25:18,286091033,3,登革热/痤疮,工作细胞 第二季,886319522
人类高质量白细胞,1351.108,1,16777215,2021-10-13 23:49:31,286091033,3,登革热/痤疮,工作细胞 第二季,886319522
我的血小板,611.654,1,16777215,2021-10-08 12:52:15,286091033,3,登革热/痤疮,工作细胞 第二季,886319522
石鬼面！,385.652,1,16777215,2021-09-22 23:25:28,286091033,3,登革热/痤疮,工作细胞 第二季,886319522
我不做细胞啦，红红！,603.488,5,15138834,2021-08-28 20:28:17,286091033,3,登革热/痤疮,工作细胞 第二季,886319522
战损白哥！！！,1194.105,1,16777215,2021-08-25 22:55:36,286091033,3,登革热/痤疮,工作细胞 第二季,886319522
上线就送100抽,763.437,5,15138834,2026-02-11 23:43:39,286091033,3,登革热/痤疮,工作细胞 第二季,886319522
肥大细胞和闰土细胞可以组个姐妹了…一样的误会…一样的结果…,668.818,5,16777215,2026-02-04 12:27:57,286091033,3,登革热/痤疮,工作细胞 第二季,886319522
确实都怪你,911.441,1,16777215,2026-01-17 13:07:13,286091033,3,登革热/痤疮,工作细胞 第二季,886319522
该死的蚊子,319.276,1,16777215,2026-01-17 13:02:02,286091033,3,登革热/痤疮,工作细胞 第二季,886319522
别搞我的毛孔。,841.529,5,16777215,2026-01-10 16:35:25,286091033,3,登革热/痤疮,工作细胞 第二季,886319522
你惹错细胞了，这可是主角。,1065.072,1,16777215,2026-01-09 20:14:05,286091033,3,登革热/痤疮,工作细胞 第二季,886319522
我靠，我一直把那个痤疮看成痔疮 我还在想痔疮为什么会长在脸上,850.622,1,16777215,2025-11-30 02:22:37,286091033,3,登革热/痤疮,工作细胞 第二季,886319522
亿万火种之怒。燃尽此生,898.381,1,16707842,2025-11-09 18:51:23,286091033,3,登革热/痤疮,工作细胞 第二季,886319522
到现在才看到是痤疮，一直看的痔疮…,825.238,1,16777215,2025-10-02 01:59:05,286091033,3,登革热/痤疮,工作细胞 第二季,886319522
抱歉，宝子们，我天生不长痘，无黑头，不能理解你们的苦，为此我深表遗憾,875.282,1,16777215,2025-09-11 15:51:28,286091033,3,登革热/痤疮,工作细胞 第二季,886319522
去鼠，可恶的杂菌，还我头发,800.209,1,16777215,2025-09-11 15:34:26,286091033,3,登革热/痤疮,工作细胞 第二季,886319522
金身hhhhh,1341.543,1,16777215,2025-09-01 17:55:55,286091033,3,登革热/痤疮,工作细胞 第二季,886319522
我还挺喜欢中二细胞的,706.922,5,16777215,2025-08-30 22:45:08,286091033,3,登革热/痤疮,工作细胞 第二季,886319522
啛啛喳喳    买买买,725.596,1,16777215,2025-08-23 22:16:16,286091033,3,登革热/痤疮,工作细胞 第二季,886319522
persona,371.625,1,16777215,2025-08-21 15:37:08,286091033,3,登革热/痤疮,工作细胞 第二季,886319522
头怎么尖尖的,1398.04,1,16777215,2025-08-19 08:17:25,286091033,3,登革热/痤疮,工作细胞 第二季,886319522
"他“す""都还没说出来",37.461,1,16777215,2025-08-12 21:05:31,286091033,3,登革热/痤疮,工作细胞 第二季,886319522
毛毛虫,875.08,1,16777215,2025-08-09 22:42:36,286091033,3,登革热/痤疮,工作细胞 第二季,886319522
《我要没收你帽子了》,679.429,1,16777215,2025-08-03 22:46:19,286091033,3,登革热/痤疮,工作细胞 第二季,886319522
你脸红个泡泡茶壶啊,635.655,5,15138834,2025-08-02 17:04:47,286091033,3,登革热/痤疮,工作细胞 第二季,886319522
我胳膊上长了几个痘，我青春期，不知道是痤疮还是青春痘。,949.68,5,16777215,2025-07-31 09:18:06,286091033,3,登革热/痤疮,工作细胞 第二季,886319522
小黑叫白给细胞吧,918.886,1,16777215,2025-07-29 17:30:51,286091033,3,登革热/痤疮,工作细胞 第二季,886319522
可乐同事来了,398.671,1,16777215,2025-07-27 18:21:19,286091033,3,登革热/痤疮,工作细胞 第二季,886319522
我不做,382.616,1,16777215,2025-07-18 17:23:03,286091033,3,登革热/痤疮,工作细胞 第二季,886319522
怎么肥事,1092.676,5,16776960,2025-06-23 11:17:17,286091033,3,登革热/痤疮,工作细胞 第二季,886319522
我不行了，那踢一脚差点没给我笑死,588.738,1,16777215,2025-06-11 21:08:27,286091033,3,登革热/痤疮,工作细胞 第二季,886319522
一会儿白鸽要变成油汤,1240.599,1,8700107,2025-05-24 08:52:07,286091033,3,登革热/痤疮,工作细胞 第二季,886319522
上线就送100抽,1039.369,5,15138834,2025-05-17 19:51:14,286091033,3,登革热/痤疮,工作细胞 第二季,886319522
干过类似行政工作的都哭了,241.418,5,16777215,2025-05-15 18:19:56,286091033,3,登革热/痤疮,工作细胞 第二季,886319522
混蛋，我本就不多的头发，我不允许你伤害它们,765.319,1,14811775,2025-05-08 23:09:06,286091033,3,登革热/痤疮,工作细胞 第二季,886319522
唔 我在洗头,841.191,5,16777215,2025-04-27 22:55:11,286091033,3,登革热/痤疮,工作细胞 第二季,886319522
脂溢性皮炎看到这里泪目了,1273.079,5,16777215,2025-04-24 21:02:07,286091033,3,登革热/痤疮,工作细胞 第二季,886319522
车巨是你吗车巨,225.751,1,16777215,2025-04-22 15:05:32,286091033,3,登革热/痤疮,工作细胞 第二季,886319522
进击的细胞,1112.225,1,16777215,2025-04-20 19:31:14,286091033,3,登革热/痤疮,工作细胞 第二季,886319522
全场mvp中二细胞,638.519,1,16777215,2025-04-18 22:08:27,286091033,3,登革热/痤疮,工作细胞 第二季,886319522
不是的，呜呜呜，我的每一根头发都很珍贵，都有在好好保护,1151.77,1,16777215,2025-04-08 12:24:17,286091033,3,登革热/痤疮,工作细胞 第二季,886319522
最好的姐姐,435.48,1,16777215,2025-04-05 20:50:42,286091033,3,登革热/痤疮,工作细胞 第二季,886319522
好帅啊啊啊啊啊！！！,1044.391,5,16777215,2025-04-02 00:26:37,286091033,3,登革热/痤疮,工作细胞 第二季,886319522
小杰细胞23333,1218.344,1,16777215,2025-01-21 18:17:37,286091033,3,登革热/痤疮,工作细胞 第二季,886319522
意思为：不要因为别人的话影响自己,483.388,1,15138834,2025-01-19 16:45:56,286091033,3,登革热/痤疮,工作细胞 第二季,886319522
哦尼酱！,1350.234,1,16777215,2025-01-17 18:28:59,286091033,3,登革热/痤疮,工作细胞 第二季,886319522
是金属过敏吗,206.62,5,16646914,2024-12-24 19:36:52,286091033,3,登革热/痤疮,工作细胞 第二季,886319522
屠暴起以刀劈狼首,1286.34,1,16777215,2024-11-09 19:31:56,286091033,3,登革热/痤疮,工作细胞 第二季,886319522
这是女生的身体吧,181.682,5,16777215,2024-11-09 13:54:08,286091033,3,登革热/痤疮,工作细胞 第二季,886319522
你太低估白哥的实力了,1139.151,1,16777215,2024-10-13 15:43:59,286091033,3,登革热/痤疮,工作细胞 第二季,886319522
最恨的一集,311.4,5,16777215,2024-09-14 00:19:19,286091033,3,登革热/痤疮,工作细胞 第二季,886319522
不洗头的后果,1138.023,1,16777215,2024-09-08 12:45:20,286091033,3,登革热/痤疮,工作细胞 第二季,886319522
白哥——,1187.182,1,15138834,2024-08-25 22:43:46,286091033,3,登革热/痤疮,工作细胞 第二季,886319522
白细胞快要变成红细胞了！,1179.447,1,16777215,2024-08-16 10:33:24,286091033,3,登革热/痤疮,工作细胞 第二季,886319522
白细胞9696,1006.105,1,16777215,2024-08-13 14:56:12,286091033,3,登革热/痤疮,工作细胞 第二季,886319522
在这么下去白哥都要变红哥了,1185.415,1,16777215,2024-08-09 00:26:17,286091033,3,登革热/痤疮,工作细胞 第二季,886319522
白哥永远没有在怕的，帅飞了,874.921,1,10546688,2024-08-04 14:49:27,286091033,3,登革热/痤疮,工作细胞 第二季,886319522
分镜好好看的好爽,1185.191,5,8700107,2024-08-03 01:08:15,286091033,3,登革热/痤疮,工作细胞 第二季,886319522
痤疮看成痔疮了，谁懂，哈哈哈哈哈,2.259,5,16777215,2024-07-16 23:15:20,286091033,3,登革热/痤疮,工作细胞 第二季,886319522
这个身体的主人怕不是柯南，每天都有各种各样的病(不是),32.498,1,16777215,2024-07-03 20:00:59,286091033,3,登革热/痤疮,工作细胞 第二季,886319522
帅死我啦!,1285.567,5,15138834,2024-04-17 19:57:05,286091033,3,登革热/痤疮,工作细胞 第二季,886319522
熊孩子发动技能,908.648,1,16777215,2024-04-17 13:05:20,286091033,3,登革热/痤疮,工作细胞 第二季,886319522
今天晴转中雨,63.399,5,15138834,2024-04-16 21:28:25,286091033,3,登革热/痤疮,工作细胞 第二季,886319522
你好,612.541,1,16777215,2024-03-30 14:27:21,286091033,3,登革热/痤疮,工作细胞 第二季,886319522
万能的组织胺,566.607,1,16777215,2024-03-06 18:14:51,286091033,3,登革热/痤疮,工作细胞 第二季,886319522
长老————————————————————,1165.253,1,16777215,2024-02-03 02:23:09,286091033,3,登革热/痤疮,工作细胞 第二季,886319522
痤疮可以使用甲硝唑凝胶，闭口用阿达帕凝胶，具体遵医嘱,976.447,5,16740868,2024-01-24 20:34:35,286091033,3,登革热/痤疮,工作细胞 第二季,886319522
这是在头皮吗,1109.372,1,16777215,2024-01-24 14:53:55,286091033,3,登革热/痤疮,工作细胞 第二季,886319522
这个我熟,841.298,1,16777215,2024-01-21 21:39:52,286091033,3,登革热/痤疮,工作细胞 第二季,886319522
白细胞：哀家长头发了,1406.192,5,16777215,2024-01-19 18:01:25,286091033,3,登革热/痤疮,工作细胞 第二季,886319522
谜语人出没,494.036,1,16777215,2023-12-09 16:01:46,286091033,3,登革热/痤疮,工作细胞 第二季,886319522
快用海飞丝！doge,770.97,1,16777215,2023-11-19 23:57:25,286091033,3,登革热/痤疮,工作细胞 第二季,886319522
不内耗细胞,694.653,1,16777215,2023-10-29 19:29:59,286091033,3,登革热/痤疮,工作细胞 第二季,886319522
中二细胞！！,477.998,1,16777215,2023-10-23 21:18:33,286091033,3,登革热/痤疮,工作细胞 第二季,886319522
嗜碱性细胞其实是参与变态反应的，所以有“诱导”的作用,490.71,1,16777215,2023-10-17 22:25:07,286091033,3,登革热/痤疮,工作细胞 第二季,886319522
朗格汉斯细胞：我不做细胞啦！红细胞！,375.253,5,16777215,2023-10-14 21:20:13,286091033,3,登革热/痤疮,工作细胞 第二季,886319522
好可爱！！,1404.304,1,16777215,2023-10-04 19:40:04,286091033,3,登革热/痤疮,工作细胞 第二季,886319522
单细胞单挑痤疮，我愿称为天神,1296.774,5,16777215,2023-08-25 19:36:35,286091033,3,登革热/痤疮,工作细胞 第二季,886319522
小可爱,754.088,1,16777215,2023-08-12 12:19:10,286091033,3,登革热/痤疮,工作细胞 第二季,886319522
蚊子在生物界中无任何意义,652.901,1,9487136,2023-07-25 17:42:01,286091033,3,登革热/痤疮,工作细胞 第二季,886319522
中二细胞,499.459,1,16777215,2023-07-10 20:53:22,286091033,3,登革热/痤疮,工作细胞 第二季,886319522
哇嘞哇嘞哇hhhc,493.524,5,9033215,2023-07-08 17:45:13,286091033,3,登革热/痤疮,工作细胞 第二季,886319522
老头                                                                                                 危,365.8,1,41194,2023-07-08 13:52:21,286091033,3,登革热/痤疮,工作细胞 第二季,886319522
这个细胞长的很像我家邻居，一个中二老头,283.92,1,38979,2023-07-08 13:50:23,286091033,3,登革热/痤疮,工作细胞 第二季,886319522
撞到了！,251.18,1,6830715,2023-07-08 13:49:20,286091033,3,登革热/痤疮,工作细胞 第二季,886319522
哔嘴！你个消极老头,1155.31,1,16777215,2023-07-07 08:46:16,286091033,3,登革热/痤疮,工作细胞 第二季,886319522
谢谢你白哥 我头发真的很少,1362.3,1,16777215,2023-06-26 00:56:27,286091033,3,登革热/痤疮,工作细胞 第二季,886319522
混蛋，你还我血小板。,625.272,1,16777215,2023-06-03 21:37:20,286091033,3,登革热/痤疮,工作细胞 第二季,886319522
你别勇敢了，不是因为你都不会受伤,1002.385,1,16777215,2023-06-03 21:21:20,286091033,3,登革热/痤疮,工作细胞 第二季,886319522
这位细胞，你还不能开动哦～,52.723,1,41194,2023-05-12 20:22:28,286091033,3,登革热/痤疮,工作细胞 第二季,886319522
完了我要变水仙了哈哈哈哈,1400.24,1,16777215,2023-05-08 13:16:56,286091033,3,登革热/痤疮,工作细胞 第二季,886319522
其实是被蚊子咬了吧hhhh,211.979,1,16777215,2023-03-02 13:11:47,286091033,3,登革热/痤疮,工作细胞 第二季,886319522
无他，唯自动挡尔~,160.74,5,15138834,2023-02-23 13:27:39,286091033,3,登革热/痤疮,工作细胞 第二季,886319522
省流：被蚊子咬了,1.682,5,6830715,2023-01-23 23:45:19,286091033,3,登革热/痤疮,工作细胞 第二季,886319522
主角自带不死光环,1359.539,1,15138834,2023-01-17 13:49:26,286091033,3,登革热/痤疮,工作细胞 第二季,886319522
石鬼面,366.793,1,16777215,2023-01-09 11:29:58,286091033,3,登革热/痤疮,工作细胞 第二季,886319522
从出生起免疫系统就没输过,1161.144,1,16777215,2023-01-01 21:56:39,286091033,3,登革热/痤疮,工作细胞 第二季,886319522
蚊子：今天身体和我必须有一个死,653.659,1,16777215,2022-12-31 16:06:18,286091033,3,登革热/痤疮,工作细胞 第二季,886319522
不要！！！！！！！！,897.42,1,16777215,2022-12-26 13:25:25,286091033,3,登革热/痤疮,工作细胞 第二季,886319522
大师！我悟了！,468.725,5,4351678,2022-12-25 10:47:36,286091033,3,登革热/痤疮,工作细胞 第二季,886319522
洼里洼里哇,493.421,1,16777215,2022-12-19 19:48:22,286091033,3,登革热/痤疮,工作细胞 第二季,886319522
怪不得我头发不到两天就出油，md,1266.077,1,16777215,2022-12-17 21:57:23,286091033,3,登革热/痤疮,工作细胞 第二季,886319522
儿女双全，女儿血小板，儿子毛母细胞,2.215,1,16777215,2022-12-10 21:45:29,286091033,3,登革热/痤疮,工作细胞 第二季,886319522
白哥 妻危,359.009,1,16777215,2022-12-10 16:54:44,286091033,3,登革热/痤疮,工作细胞 第二季,886319522
他好油啊（doge）,1347.818,5,15138834,2022-12-07 16:26:46,286091033,3,登革热/痤疮,工作细胞 第二季,886319522
让巨噬姐姐把他们全嗦了,960.342,1,16646914,2022-12-04 15:52:51,286091033,3,登革热/痤疮,工作细胞 第二季,886319522
啊不!,969.467,1,16777215,2022-12-01 02:09:04,286091033,3,登革热/痤疮,工作细胞 第二季,886319522
西内！！！！,1042.421,1,14811775,2022-11-15 14:53:18,286091033,3,登革热/痤疮,工作细胞 第二季,886319522
我也看成痔疮了哈哈哈,12.096,1,16777215,2022-10-23 19:46:02,286091033,3,登革热/痤疮,工作细胞 第二季,886319522
哇，肯德基老爷爷,265.384,1,14811775,2022-10-19 20:53:01,286091033,3,登革热/痤疮,工作细胞 第二季,886319522
益生菌,138.408,1,14811775,2022-10-19 20:47:27,286091033,3,登革热/痤疮,工作细胞 第二季,886319522
树——突——状——细——胞——,585.788,5,15138834,2022-10-16 04:16:31,286091033,3,登革热/痤疮,工作细胞 第二季,886319522
好可怜,966.55,1,16777215,2022-10-05 08:56:53,286091033,3,登革热/痤疮,工作细胞 第二季,886319522
白哥！！！,1326.33,1,16777215,2022-09-20 22:59:12,286091033,3,登革热/痤疮,工作细胞 第二季,886319522
这也妹走错啊,964.667,5,16707842,2022-09-17 21:14:15,286091033,3,登革热/痤疮,工作细胞 第二季,886319522
白哥呢,529.616,1,16777215,2022-09-17 10:22:03,286091033,3,登革热/痤疮,工作细胞 第二季,886319522
黑化的肯德基爷爷,424.635,1,16777215,2022-09-17 10:19:42,286091033,3,登革热/痤疮,工作细胞 第二季,886319522
王招菌,665.703,1,16777215,2022-08-29 04:51:17,286091033,3,登革热/痤疮,工作细胞 第二季,886319522
红姐 夫危 速来,1320.639,1,8700107,2022-08-21 16:43:48,286091033,3,登革热/痤疮,工作细胞 第二季,886319522
原来我长痘就是因为这家伙,852.347,5,38979,2022-08-16 08:33:35,286091033,3,登革热/痤疮,工作细胞 第二季,886319522
木大木大木大木大,418.647,5,15138834,2022-08-13 00:27:41,286091033,3,登革热/痤疮,工作细胞 第二季,886319522
我看成痔疮了。。。。。。,830.445,1,16777215,2022-08-12 17:33:48,286091033,3,登革热/痤疮,工作细胞 第二季,886319522
我的头发得救了,831.823,1,16777215,2022-08-09 18:43:09,286091033,3,登革热/痤疮,工作细胞 第二季,886319522
这个老爷子好悲观啊，啧,1157.643,1,16777215,2022-08-08 21:13:34,286091033,3,登革热/痤疮,工作细胞 第二季,886319522
白哥啊,1193.512,1,16777215,2022-08-04 17:58:07,286091033,3,登革热/痤疮,工作细胞 第二季,886319522
不会打完了，那些支援的细胞才来吧,1288.347,5,16776960,2022-08-02 10:00:52,286091033,3,登革热/痤疮,工作细胞 第二季,886319522
天呐体内的白细胞我对不起你（大哭）！！！？,976.964,5,15138834,2022-07-30 22:35:53,286091033,3,登革热/痤疮,工作细胞 第二季,886319522
被蚊子咬这么恐怖吗，那就更不能放过它了,333.848,1,16777215,2022-07-30 13:47:50,286091033,3,登革热/痤疮,工作细胞 第二季,886319522
蚊子唯一的意义就是被研究，然后制作出消灭蚊子的东西。,643.423,5,15138834,2022-07-23 02:23:44,286091033,3,登革热/痤疮,工作细胞 第二季,886319522
这不就是螨虫吗，，，,868.401,1,16777215,2022-07-19 12:23:41,286091033,3,登革热/痤疮,工作细胞 第二季,886319522
语言指导：油女志乃,498.624,1,16777215,2022-07-16 09:58:28,286091033,3,登革热/痤疮,工作细胞 第二季,886319522
录音棚里欢乐多,106.96,1,16777215,2022-07-13 12:30:19,286091033,3,登革热/痤疮,工作细胞 第二季,886319522
妖魔鬼怪快离开,392.103,1,15138834,2022-07-10 20:37:26,286091033,3,登革热/痤疮,工作细胞 第二季,886319522
没有对角线搬箱,285.699,1,16777215,2022-06-25 01:58:22,286091033,3,登革热/痤疮,工作细胞 第二季,886319522
薅  你  毛  细  胞,270.388,5,16707842,2022-06-23 17:38:34,286091033,3,登革热/痤疮,工作细胞 第二季,886319522
痤疮  危,2.859,5,15138834,2022-06-03 22:20:25,286091033,3,登革热/痤疮,工作细胞 第二季,886319522
白—哥—,891.698,5,15138834,2022-05-30 18:17:58,286091033,3,登革热/痤疮,工作细胞 第二季,886319522
有红姐在你慌什么啊,534.568,1,16777215,2022-05-27 17:52:20,286091033,3,登革热/痤疮,工作细胞 第二季,886319522
面具已经插进脸了 摘不掉了好嘛,582.404,1,16777215,2022-05-07 20:49:13,286091033,3,登革热/痤疮,工作细胞 第二季,886319522
仙贝の教育,659.722,5,16755202,2022-04-28 22:26:49,286091033,3,登革热/痤疮,工作细胞 第二季,886319522
这力气，不当T细胞太可惜了（doge,238.977,5,16740868,2022-04-28 22:08:35,286091033,3,登革热/痤疮,工作细胞 第二季,886319522
谢谢，但千万别脱发,1372.152,5,16707842,2022-04-27 19:25:57,286091033,3,登革热/痤疮,工作细胞 第二季,886319522
脓包你挤了是会有个坑呢,985.86,1,16777215,2022-04-03 21:25:45,286091033,3,登革热/痤疮,工作细胞 第二季,886319522
鹅鹅鹅鹅鹅鹅鹅鹅鹅鹅,165.904,5,16776960,2022-04-01 22:01:51,286091033,3,登革热/痤疮,工作细胞 第二季,886319522
蚊子快点灭绝啊,318.001,1,16777215,2022-03-30 15:09:26,286091033,3,登革热/痤疮,工作细胞 第二季,886319522
为什么就我的白哥哥沾上了血？,606.26,1,16777215,2022-03-22 12:14:25,286091033,3,登革热/痤疮,工作细胞 第二季,886319522
看成痔疮了。。。,19.922,1,16777215,2022-03-20 21:27:39,286091033,3,登革热/痤疮,工作细胞 第二季,886319522
白哥，妻危，速来,485.77,1,16777215,2022-03-06 13:11:29,286091033,3,登革热/痤疮,工作细胞 第二季,886319522
白细胞变红细胞,1180.107,5,16777215,2022-02-27 19:04:39,286091033,3,登革热/痤疮,工作细胞 第二季,886319522
那你倒是跑啊王招菌,327.199,5,41194,2022-02-17 10:44:53,286091033,3,登革热/痤疮,工作细胞 第二季,886319522
白哥：我要拯救苍生！,1212.593,1,41194,2022-02-09 00:13:53,286091033,3,登革热/痤疮,工作细胞 第二季,886319522
一袋米要扛几楼,505.939,5,15138834,2022-02-09 00:06:08,286091033,3,登革热/痤疮,工作细胞 第二季,886319522
古代朴素唯物主义？,474.431,5,15138834,2022-02-05 17:24:35,286091033,3,登革热/痤疮,工作细胞 第二季,886319522
心肺骤停,308.984,1,16777215,2022-02-04 13:28:50,286091033,3,登革热/痤疮,工作细胞 第二季,886319522
有故事,1206.549,1,16777215,2022-01-31 21:03:10,286091033,3,登革热/痤疮,工作细胞 第二季,886319522
为啥我听到了卡卡西森塞？,484.884,5,11890,2022-01-27 11:09:53,286091033,3,登革热/痤疮,工作细胞 第二季,886319522
飞刀呀,1156.727,1,16777215,2022-01-24 15:02:38,286091033,3,登革热/痤疮,工作细胞 第二季,886319522
外卖,15.159,1,15138834,2022-01-23 12:21:25,286091033,3,登革热/痤疮,工作细胞 第二季,886319522
哭着哭着就笑了,1235.139,1,16777215,2022-01-19 11:30:09,286091033,3,登革热/痤疮,工作细胞 第二季,886319522
这可是白细胞的白细胞,1094.651,1,16777215,2021-12-25 15:40:54,286091033,3,登革热/痤疮,工作细胞 第二季,886319522
录音棚里欢乐多,55.186,1,16777215,2021-12-19 13:34:46,286091033,3,登革热/痤疮,工作细胞 第二季,886319522
夫妻双双把家还,71.987,1,16777215,2021-12-02 22:25:56,286091033,3,登革热/痤疮,工作细胞 第二季,886319522
白哥好帅（痴）,1094.3,5,16777215,2021-11-30 19:09:25,286091033,3,登革热/痤疮,工作细胞 第二季,886319522
要是我的细胞有这么团结就好了,1314.575,5,16776960,2021-11-27 12:36:11,286091033,3,登革热/痤疮,工作细胞 第二季,886319522
登革热的靶细胞,426.031,5,16777215,2021-10-25 10:14:26,286091033,3,登革热/痤疮,工作细胞 第二季,886319522
柯南竟在我体内,663.146,5,14811775,2021-10-17 03:02:18,286091033,3,登革热/痤疮,工作细胞 第二季,886319522
……,3.701,1,16777215,2021-10-11 11:30:58,286091033,3,登革热/痤疮,工作细胞 第二季,886319522
自带主角光环,1346.775,5,15138834,2021-10-06 15:35:08,286091033,3,登革热/痤疮,工作细胞 第二季,886319522
我今天打死了仨蚊子,653.543,1,16777215,2021-10-04 15:08:40,286091033,3,登革热/痤疮,工作细胞 第二季,886319522
这个敲门声让我想起了FBI,178.729,1,16777215,2021-10-03 16:29:18,286091033,3,登革热/痤疮,工作细胞 第二季,886319522
我去，大型蚊子,312.223,1,16777215,2021-10-01 16:09:30,286091033,3,登革热/痤疮,工作细胞 第二季,886319522
油光铮亮,1348.57,1,15138834,2021-09-28 12:59:26,286091033,3,登革热/痤疮,工作细胞 第二季,886319522
只是形象化各种症状，其实我们身体里面都有出现的。,452.006,1,16777215,2021-09-18 09:10:39,286091033,3,登革热/痤疮,工作细胞 第二季,886319522
这个侧脸也太帅了吧，攻气十足,875.994,5,14811775,2026-04-13 20:22:03,286091033,3,登革热/痤疮,工作细胞 第二季,886319522
护妻好可爱,681.06,5,15138834,2026-04-13 20:19:36,286091033,3,登革热/痤疮,工作细胞 第二季,886319522
身高差好可,626.281,5,15138834,2026-04-13 20:18:47,286091033,3,登革热/痤疮,工作细胞 第二季,886319522
好可爱啊！,355.586,1,15138834,2026-04-13 20:14:23,286091033,3,登革热/痤疮,工作细胞 第二季,886319522
小两口劝架好可爱,207.818,1,15138834,2026-04-13 20:12:05,286091033,3,登革热/痤疮,工作细胞 第二季,886319522
恋爱触电哈哈哈,71.34,1,15138834,2026-04-13 20:11:00,286091033,3,登革热/痤疮,工作细胞 第二季,886319522
这就是放电般的恋爱吗？,70.58,5,15138834,2026-04-13 20:10:46,286091033,3,登革热/痤疮,工作细胞 第二季,886319522
我不做细胞了！,382.262,1,16777215,2026-04-13 02:06:13,286091033,3,登革热/痤疮,工作细胞 第二季,886319522
保安大爷,286.058,1,16777215,2026-04-12 23:44:13,286091033,3,登革热/痤疮,工作细胞 第二季,886319522
同一天她她她她她她·】,1401.425,1,16777215,2026-04-12 13:14:20,286091033,3,登革热/痤疮,工作细胞 第二季,886319522
细胞控,1381.352,1,16777215,2026-04-12 13:13:52,286091033,3,登革热/痤疮,工作细胞 第二季,886319522
爱因斯坦,290.266,1,9599289,2026-04-12 10:58:44,286091033,3,登革热/痤疮,工作细胞 第二季,886319522
你打老人,1176.423,1,16777215,2026-04-10 11:08:50,286091033,3,登革热/痤疮,工作细胞 第二季,886319522
水杨酸越用越烂脸,889.708,1,16777215,2026-04-08 15:45:33,286091033,3,登革热/痤疮,工作细胞 第二季,886319522
我不做工作细胞啦！红细胞！！！,438.807,5,16707842,2026-04-06 12:09:07,286091033,3,登革热/痤疮,工作细胞 第二季,886319522
鳞泷师傅的石鬼面？,402.54,5,15138834,2026-04-06 12:08:03,286091033,3,登革热/痤疮,工作细胞 第二季,886319522
满屏中二气息,478.318,1,16777215,2026-04-03 13:09:10,286091033,3,登革热/痤疮,工作细胞 第二季,886319522
笑死我了,1391.261,1,16777215,2026-03-31 12:18:28,286091033,3,登革热/痤疮,工作细胞 第二季,886319522
我要全是这种白细胞，我还能的得痤疮吗？,1088.443,5,16777215,2026-03-29 09:40:53,286091033,3,登革热/痤疮,工作细胞 第二季,886319522
痤疮那个白色的好像就是白血球的尸体。,739.977,5,16777215,2026-03-29 09:37:54,286091033,3,登革热/痤疮,工作细胞 第二季,886319522
flag,287.316,1,16777215,2026-03-29 01:07:12,286091033,3,登革热/痤疮,工作细胞 第二季,886319522
你已经死了,784.491,1,16777215,2026-03-28 10:34:16,286091033,3,登革热/痤疮,工作细胞 第二季,886319522
就你害我一脸痘。,857.813,1,16777215,2026-03-27 19:38:43,286091033,3,登革热/痤疮,工作细胞 第二季,886319522
为啥前面会有个带血破损的帽子哇不会是牺牲的白细胞吧,804.33,1,16777215,2026-03-23 16:45:03,286091033,3,登革热/痤疮,工作细胞 第二季,886319522
秒开仙人,229.08,1,16777215,2026-03-16 00:10:21,286091033,3,登革热/痤疮,工作细胞 第二季,886319522
rtyuiop[]\sdfghjkl;',1015.37,1,16777215,2026-03-14 23:38:55,286091033,3,登革热/痤疮,工作细胞 第二季,886319522
Nooo都怪我这个大油皮！,944.092,1,16777215,2026-03-14 10:00:39,286091033,3,登革热/痤疮,工作细胞 第二季,886319522
我与蚊子不共戴天,331.792,1,16777215,2026-03-13 22:37:07,286091033,3,登革热/痤疮,工作细胞 第二季,886319522
坏了我咋想到枭了,264.914,1,16777215,2026-03-08 17:12:22,286091033,3,登革热/痤疮,工作细胞 第二季,886319522
李圣海,1.011,5,16777215,2026-03-07 22:24:51,286091033,3,登革热/痤疮,工作细胞 第二季,886319522
saber声线出来了,550.099,1,16777215,2026-03-07 12:45:22,286091033,3,登革热/痤疮,工作细胞 第二季,886319522
ごめん,673.56,1,16777215,2026-03-06 10:00:53,286091033,3,登革热/痤疮,工作细胞 第二季,886319522
感染疟疾了吗？,532.034,1,16777215,2026-03-06 09:41:14,286091033,3,登革热/痤疮,工作细胞 第二季,886319522
哦，蚊子吸血,365.641,1,16777215,2026-03-06 01:06:29,286091033,3,登革热/痤疮,工作细胞 第二季,886319522
我去，头皮发麻的声音,309.192,1,16777215,2026-03-06 01:05:27,286091033,3,登革热/痤疮,工作细胞 第二季,886319522
喝菌汤去了doge,1327.015,1,16777215,2026-03-02 21:15:36,286091033,3,登革热/痤疮,工作细胞 第二季,886319522
喝菌汤了？doge,1318.431,1,16777215,2026-03-02 21:15:05,286091033,3,登革热/痤疮,工作细胞 第二季,886319522
]\,1032.301,1,16777215,2026-03-02 19:56:50,286091033,3,登革热/痤疮,工作细胞 第二季,886319522
谁都不许动它，白哥快上！,772.521,1,16777215,2026-03-02 14:38:21,286091033,3,登革热/痤疮,工作细胞 第二季,886319522
干的漂亮,802.814,1,16777215,2026-03-01 16:24:22,286091033,3,登革热/痤疮,工作细胞 第二季,886319522
出现了，中二细胞！,478.779,1,41194,2026-02-28 00:05:23,286091033,3,登革热/痤疮,工作细胞 第二季,886319522
毛孔又不一定是头发,1283.542,1,16777215,2026-02-25 23:51:07,286091033,3,登革热/痤疮,工作细胞 第二季,886319522
不～～每一根头发都很宝贵,1180.943,1,16777215,2026-02-25 20:32:23,286091033,3,登革热/痤疮,工作细胞 第二季,886319522
表皮管家,287.626,1,16777215,2026-02-23 15:32:20,286091033,3,登革热/痤疮,工作细胞 第二季,886319522
上线就送100连抽（bushi（不要动我的头发！！！,789.479,1,16777215,2026-02-23 14:12:49,286091033,3,登革热/痤疮,工作细胞 第二季,886319522
有光环就是好,999.82,1,16777215,2026-02-22 23:04:49,286091033,3,登革热/痤疮,工作细胞 第二季,886319522
开局就送十连抽,750.764,1,16777215,2026-02-22 19:35:06,286091033,3,登革热/痤疮,工作细胞 第二季,886319522
天气不错呢～,57.202,1,16777215,2026-02-22 16:06:49,286091033,3,登革热/痤疮,工作细胞 第二季,886319522
《借过一下》,1214.647,1,16777215,2026-02-22 14:40:15,286091033,3,登革热/痤疮,工作细胞 第二季,886319522
男，男大？,300.807,1,16777215,2026-02-22 14:26:33,286091033,3,登革热/痤疮,工作细胞 第二季,886319522
我不行了，你要的是这位金白哥还是这位白白哥,1339.537,1,16777215,2026-02-21 16:13:12,286091033,3,登革热/痤疮,工作细胞 第二季,886319522
我不行了有点好笑,1220.982,1,16777215,2026-02-18 19:37:17,286091033,3,登革热/痤疮,工作细胞 第二季,886319522
不要蚊子啊啊啊啊啊啊啊啊啊啊啊啊啊啊啊啊啊啊啊啊,305.751,1,16777215,2026-02-18 19:24:02,286091033,3,登革热/痤疮,工作细胞 第二季,886319522
Black太恐怖了，回来缓缓,0.715,1,16777215,2026-02-18 19:18:13,286091033,3,登革热/痤疮,工作细胞 第二季,886319522
细胞的能力是有限的啊，所以，我不做细胞了，红细胞！！！,383.888,1,16777215,2026-02-18 17:33:14,286091033,3,登革热/痤疮,工作细胞 第二季,886319522
我错了我这就去洗脸。。。。,1071.419,1,16777215,2026-02-18 13:49:13,286091033,3,登革热/痤疮,工作细胞 第二季,886319522
不会是痘痘吧。。。我每次痘痘清出来都带汗毛,847.291,1,16777215,2026-02-18 13:46:32,286091033,3,登革热/痤疮,工作细胞 第二季,886319522
脸红了啊撒啊啊啊啊,1395.259,5,16777215,2026-02-17 23:22:42,286091033,3,登革热/痤疮,工作细胞 第二季,886319522
主角光环。,1351.634,5,16777215,2026-02-17 23:21:57,286091033,3,登革热/痤疮,工作细胞 第二季,886319522
哇塞，帽子不会掉吗。猫子你好厉害。,1099.383,5,16777215,2026-02-17 23:20:12,286091033,3,登革热/痤疮,工作细胞 第二季,886319522
不好意思，看成痔疮了。,839.396,5,16777215,2026-02-17 23:18:14,286091033,3,登革热/痤疮,工作细胞 第二季,886319522
嘉豪,710.716,1,16777215,2026-02-16 20:29:21,286091033,3,登革热/痤疮,工作细胞 第二季,886319522
奇怪的联动增加了,383.719,1,16777215,2026-02-15 19:07:02,286091033,3,登革热/痤疮,工作细胞 第二季,886319522
你不是爱吃吗，那就多吃点,1280.587,1,15138834,2026-02-15 12:44:54,286091033,3,登革热/痤疮,工作细胞 第二季,886319522
说人话说人话！！！！！！！！！！！！！！！！！！！！！！！！！！！！,489.596,1,16777215,2026-02-15 12:30:17,286091033,3,登革热/痤疮,工作细胞 第二季,886319522
最感谢白细胞的一次,798.429,1,16777215,2026-02-13 22:13:54,286091033,3,登革热/痤疮,工作细胞 第二季,886319522
好萌好萌好萌好萌,357.381,1,16777215,2026-02-13 21:09:36,286091033,3,登革热/痤疮,工作细胞 第二季,886319522
(✪ω✪),3.671,1,16777215,2026-02-13 16:49:27,286091033,3,登革热/痤疮,工作细胞 第二季,886319522
白哥,684.059,1,16777215,2026-02-12 18:38:33,286091033,3,登革热/痤疮,工作细胞 第二季,886319522
ding～ding～,546.239,1,16777215,2026-02-12 18:34:46,286091033,3,登革热/痤疮,工作细胞 第二季,886319522
快点打，我打!,326.376,1,16777215,2026-02-12 18:29:18,286091033,3,登革热/痤疮,工作细胞 第二季,886319522
他就是一个老头管家,274.537,1,16777215,2026-02-12 18:28:06,286091033,3,登革热/痤疮,工作细胞 第二季,886319522
我感觉白哥很呆,241.239,1,16777215,2026-02-12 18:26:34,286091033,3,登革热/痤疮,工作细胞 第二季,886319522
我喜欢你cp,202.356,1,16777215,2026-02-12 18:22:51,286091033,3,登革热/痤疮,工作细胞 第二季,886319522
煮饭时间到,164.5,1,16777215,2026-02-12 18:21:17,286091033,3,登革热/痤疮,工作细胞 第二季,886319522
黑眼睛,57.28,1,16777215,2026-02-12 18:20:33,286091033,3,登革热/痤疮,工作细胞 第二季,886319522
《大洪水触发》,46.111,1,16777215,2026-02-12 18:20:14,286091033,3,登革热/痤疮,工作细胞 第二季,886319522
动作指导：可乐,402.08,1,16777215,2026-02-11 15:19:29,286091033,3,登革热/痤疮,工作细胞 第二季,886319522
原来是痤疮，不是痔疮吗,840.601,1,16777215,2026-02-10 12:26:17,286091033,3,登革热/痤疮,工作细胞 第二季,886319522
  这是白哥刚才路上捡的，看编号 9696,1026.189,5,16777215,2026-02-09 15:29:13,286091033,3,登革热/痤疮,工作细胞 第二季,886319522
老可爱，叮叮。,521.82,1,16777215,2026-02-09 11:52:39,286091033,3,登革热/痤疮,工作细胞 第二季,886319522
随风奔跑自由是方向,432.969,5,15138834,2026-02-08 08:21:02,286091033,3,登革热/痤疮,工作细胞 第二季,886319522
我在吃榴莲…,937.858,1,15138834,2026-02-07 21:09:57,286091033,3,登革热/痤疮,工作细胞 第二季,886319522
说红细胞的衣服以前是白色的。,626.133,1,16777215,2026-02-06 20:54:19,286091033,3,登革热/痤疮,工作细胞 第二季,886319522
像奶龙,856.618,1,16777215,2026-02-06 16:45:35,286091033,3,登革热/痤疮,工作细胞 第二季,886319522
癌细胞要来了,1412.439,1,16777215,2026-02-05 11:21:53,286091033,3,登革热/痤疮,工作细胞 第二季,886319522
什么是痤疮啊,724.376,1,16777215,2026-02-05 10:52:00,286091033,3,登革热/痤疮,工作细胞 第二季,886319522
登革热,392.387,1,16777215,2026-02-05 10:47:34,286091033,3,登革热/痤疮,工作细胞 第二季,886319522
我的饭啊,54.499,1,16777215,2026-02-05 10:43:18,286091033,3,登革热/痤疮,工作细胞 第二季,886319522
可爱捏,359.334,1,16777215,2026-02-04 15:32:54,286091033,3,登革热/痤疮,工作细胞 第二季,886319522
哈哈哈哈哈哈哈哈可爱捏,239.908,1,16777215,2026-02-04 15:30:50,286091033,3,登革热/痤疮,工作细胞 第二季,886319522
儿女双全了！,1368.816,1,16777215,2026-02-04 13:51:51,286091033,3,登革热/痤疮,工作细胞 第二季,886319522
工作细胞和鬼灭之刃刀匠村联动了？不愧是两大影视……,423.056,5,16777215,2026-02-04 12:22:52,286091033,3,登革热/痤疮,工作细胞 第二季,886319522
跟闰土细胞一样的经历（没看过去第一季补）,237.548,5,16777215,2026-02-04 12:18:32,286091033,3,登革热/痤疮,工作细胞 第二季,886319522
谁能想到我体内的细胞每天都过着这么热血的生活,1196.878,1,16777215,2026-02-02 10:25:56,286091033,3,登革热/痤疮,工作细胞 第二季,886319522
涂阿达帕林凝胶,969.874,1,16777215,2026-02-01 16:24:56,286091033,3,登革热/痤疮,工作细胞 第二季,886319522
六个普通细胞,193.152,1,16777215,2026-01-31 21:01:06,286091033,3,登革热/痤疮,工作细胞 第二季,886319522
有种看鬼灭之刃的感觉，,431.806,1,16777215,2026-01-31 13:03:19,286091033,3,登革热/痤疮,工作细胞 第二季,886319522
本人现状,848.829,5,6830715,2026-01-31 00:41:41,286091033,3,登革热/痤疮,工作细胞 第二季,886319522
哈哈哈哈,697.426,1,16777215,2026-01-25 15:27:07,286091033,3,登革热/痤疮,工作细胞 第二季,886319522
三个咯吱咯吱哥哥,672.509,1,16777215,2026-01-25 15:26:39,286091033,3,登革热/痤疮,工作细胞 第二季,886319522
花光钱不值,639.762,1,38979,2026-01-25 15:21:59,286091033,3,登革热/痤疮,工作细胞 第二季,886319522
英语,580.797,1,38979,2026-01-25 15:20:56,286091033,3,登革热/痤疮,工作细胞 第二季,886319522
开宿舍也呢,571.325,1,16777215,2026-01-25 15:20:40,286091033,3,登革热/痤疮,工作细胞 第二季,886319522
我不做细胞的红细胞,391.613,1,16777215,2026-01-25 15:16:37,286091033,3,登革热/痤疮,工作细胞 第二季,886319522
发发发感觉有舅舅给不给姑姑恍恍惚惚护肤成分反反复复反反复复反反复复反反复复反反复复反反复复反反复复方法,272.487,1,16777215,2026-01-25 15:14:25,286091033,3,登革热/痤疮,工作细胞 第二季,886319522
喃喃呐呐nnnh,261.906,1,16777215,2026-01-25 15:13:56,286091033,3,登革热/痤疮,工作细胞 第二季,886319522
m m m k k k k kk,16.979,1,16777215,2026-01-25 15:10:49,286091033,3,登革热/痤疮,工作细胞 第二季,886319522
嘉豪细胞,467.452,1,16777215,2026-01-24 10:51:07,286091033,3,登革热/痤疮,工作细胞 第二季,886319522
前面黑执事的别走！,536.512,1,16777215,2026-01-24 00:00:58,286091033,3,登革热/痤疮,工作细胞 第二季,886319522
然后我手滑薅了一根头发,1368.899,1,16777215,2026-01-23 21:51:50,286091033,3,登革热/痤疮,工作细胞 第二季,886319522
昨天才洗过的头啊,960.755,1,16777215,2026-01-23 21:47:41,286091033,3,登革热/痤疮,工作细胞 第二季,886319522
白——哥——,884.661,1,16777215,2026-01-23 21:46:44,286091033,3,登革热/痤疮,工作细胞 第二季,886319522
油光可鉴,1351.624,1,16777215,2026-01-23 17:36:33,286091033,3,登革热/痤疮,工作细胞 第二季,886319522
愚公移山,1222.792,1,16777215,2026-01-23 17:35:34,286091033,3,登革热/痤疮,工作细胞 第二季,886319522
西内！！！,1040.418,1,16777215,2026-01-23 16:40:14,286091033,3,登革热/痤疮,工作细胞 第二季,886319522
少女好颜艺,225.006,1,16777215,2026-01-22 22:31:33,286091033,3,登革热/痤疮,工作细胞 第二季,886319522
白头？,973.288,1,16777215,2026-01-22 20:04:03,286091033,3,登革热/痤疮,工作细胞 第二季,886319522
看成痔疮了。。,37.792,1,16777215,2026-01-22 18:41:39,286091033,3,登革热/痤疮,工作细胞 第二季,886319522
我的白细胞！！！,894.128,1,16777215,2026-01-22 16:29:58,286091033,3,登革热/痤疮,工作细胞 第二季,886319522
玫瑰痤疮必须看一下,739.624,1,16777215,2026-01-19 00:35:40,286091033,3,登革热/痤疮,工作细胞 第二季,886319522
呼叫利威尔,229.112,1,16777215,2026-01-18 18:39:48,286091033,3,登革热/痤疮,工作细胞 第二季,886319522
爷爷———————————,581.516,1,41194,2026-01-18 18:26:05,286091033,3,登革热/痤疮,工作细胞 第二季,886319522
辛苦了好好笑哈哈哈哈哈哈哈哈哈哈,81.971,1,16777215,2026-01-17 23:48:08,286091033,3,登革热/痤疮,工作细胞 第二季,886319522
我已经努力治疗痤疮了，可是就是一直不好，哎,818.322,1,16777215,2026-01-17 21:45:41,286091033,3,登革热/痤疮,工作细胞 第二季,886319522
血小板管灾后重建吗,626.232,1,16777215,2026-01-17 13:15:51,286091033,3,登革热/痤疮,工作细胞 第二季,886319522
下着那个细那的病变细胞来了，救命。,501.778,1,16777215,2026-01-16 22:04:58,286091033,3,登革热/痤疮,工作细胞 第二季,886319522
这就是蚊子来叮咬我们的，植物，白细胞必须把你干死。,313.157,1,16777215,2026-01-16 22:01:41,286091033,3,登革热/痤疮,工作细胞 第二季,886319522
太好笑了。呵呵呵。,75.01,1,16777215,2026-01-16 21:59:03,286091033,3,登革热/痤疮,工作细胞 第二季,886319522
后面就是蚊子来叮咬我们了啊哟呀，所有血细胞都被吸取1%那个白细胞和 B淋巴细胞肥大细胞都忙不得辣，救命啊,9.182,1,16777215,2026-01-16 21:57:45,286091033,3,登革热/痤疮,工作细胞 第二季,886319522
脸红个泡泡茶壶啊,675.715,1,16777215,2026-01-12 10:22:26,286091033,3,登革热/痤疮,工作细胞 第二季,886319522
出现了！少女闰土,485.509,1,16777215,2026-01-12 10:18:59,286091033,3,登革热/痤疮,工作细胞 第二季,886319522
++++++,1124.768,1,16777215,2026-01-11 21:56:18,286091033,3,登革热/痤疮,工作细胞 第二季,886319522
细胞的能力是有限的…所以我不做细胞了！红细胞！,371.945,5,16777215,2026-01-11 14:06:50,286091033,3,登革热/痤疮,工作细胞 第二季,886319522
乘风破浪,1287.114,1,16777215,2026-01-11 13:09:23,286091033,3,登革热/痤疮,工作细胞 第二季,886319522
怎么没有弹幕了？,1131.756,1,16777215,2026-01-11 13:06:35,286091033,3,登革热/痤疮,工作细胞 第二季,886319522
？别搞,966.65,5,16777215,2026-01-10 16:37:04,286091033,3,登革热/痤疮,工作细胞 第二季,886319522
一个怪物都有眼睛呀,1090.301,1,16777215,2026-01-10 13:39:06,286091033,3,登革热/痤疮,工作细胞 第二季,886319522
巨核细胞还可以继续分裂,648.534,1,16777215,2026-01-09 22:39:50,286091033,3,登革热/痤疮,工作细胞 第二季,886319522
明明很想哭但是看到弹幕就想笑,1315.57,5,16777215,2026-01-09 20:41:40,286091033,3,登革热/痤疮,工作细胞 第二季,886319522
语言动作指导：工作细胞black,761.317,5,16777215,2026-01-09 20:32:59,286091033,3,登革热/痤疮,工作细胞 第二季,886319522
我服了谁说的看门大爷的,283.309,5,16777215,2026-01-09 20:24:47,286091033,3,登革热/痤疮,工作细胞 第二季,886319522
白哥永远的神。,1032.291,1,16777215,2026-01-09 20:13:17,286091033,3,登革热/痤疮,工作细胞 第二季,886319522
啊达,356.983,1,16777215,2026-01-09 07:49:23,286091033,3,登革热/痤疮,工作细胞 第二季,886319522
布巴,70.454,1,16777215,2026-01-09 07:45:05,286091033,3,登革热/痤疮,工作细胞 第二季,886319522
可恶的痤疮啊啊啊啊,724.213,1,16777215,2026-01-09 00:46:23,286091033,3,登革热/痤疮,工作细胞 第二季,886319522
动作指导：小智,62.05,5,16777215,2026-01-08 18:11:59,286091033,3,登革热/痤疮,工作细胞 第二季,886319522
动作指导：小智,62.05,1,16777215,2026-01-08 18:11:38,286091033,3,登革热/痤疮,工作细胞 第二季,886319522
你给优雅美没走,378.87,1,16777215,2026-01-06 22:35:45,286091033,3,登革热/痤疮,工作细胞 第二季,886319522
石鬼面！,368.728,1,16777215,2026-01-06 22:34:15,286091033,3,登革热/痤疮,工作细胞 第二季,886319522
风神细胞,400.107,5,38979,2026-01-04 21:30:41,286091033,3,登革热/痤疮,工作细胞 第二季,886319522
我不做细胞啦！,383.709,1,16777215,2026-01-03 13:29:39,286091033,3,登革热/痤疮,工作细胞 第二季,886319522
这还有开拓者,922.349,1,16777215,2026-01-01 16:34:44,286091033,3,登革热/痤疮,工作细胞 第二季,886319522
弹幕里看成痔疮的哈哈哈笑死我了,842.714,1,11163135,2025-12-30 22:54:12,286091033,3,登革热/痤疮,工作细胞 第二季,886319522
刚查了一下，痤疮好像就是青春痘,744.088,1,11163135,2025-12-30 22:52:25,286091033,3,登革热/痤疮,工作细胞 第二季,886319522
ゴゴゴゴゴゴゴ,376.488,1,11163135,2025-12-30 22:46:03,286091033,3,登革热/痤疮,工作细胞 第二季,886319522
bilibili干杯,77.296,1,16777215,2025-12-30 22:41:06,286091033,3,登革热/痤疮,工作细胞 第二季,886319522
雨神,37.095,1,16777215,2025-12-30 22:40:20,286091033,3,登革热/痤疮,工作细胞 第二季,886319522
完全一致！！,382.93,5,14811775,2025-12-27 15:19:21,286091033,3,登革热/痤疮,工作细胞 第二季,886319522
完结撒花，感谢陪伴（）,1314.631,1,38979,2025-12-24 20:32:05,286091033,3,登革热/痤疮,工作细胞 第二季,886319522
刚洗完头吓哭了,940.444,1,38979,2025-12-24 20:26:38,286091033,3,登革热/痤疮,工作细胞 第二季,886319522
中———二———细———胞———,522.524,1,38979,2025-12-24 20:21:35,286091033,3,登革热/痤疮,工作细胞 第二季,886319522
快请老爹，而且要准备好大蒜,415.148,5,16777215,2025-12-21 21:20:16,286091033,3,登革热/痤疮,工作细胞 第二季,886319522
肯德基没了,582.43,5,16777215,2025-12-21 19:01:40,286091033,3,登革热/痤疮,工作细胞 第二季,886319522
还换上你的超大火箭推进气喷口,524.436,5,16707842,2025-12-21 19:00:34,286091033,3,登革热/痤疮,工作细胞 第二季,886319522
后面还有个护妻狂魔,684.991,1,16777215,2025-12-21 16:06:17,286091033,3,登革热/痤疮,工作细胞 第二季,886319522
我先去洗个脸,1019.793,1,16777215,2025-12-19 21:48:55,286091033,3,登革热/痤疮,工作细胞 第二季,886319522
不要伤害我的头发！！！！,765.336,1,16777215,2025-12-19 21:44:03,286091033,3,登革热/痤疮,工作细胞 第二季,886319522
长痘痘了,742.837,1,16777215,2025-12-19 21:43:28,286091033,3,登革热/痤疮,工作细胞 第二季,886319522
夫唱妇和,209.791,1,16777215,2025-12-19 01:12:42,286091033,3,登革热/痤疮,工作细胞 第二季,886319522
上线就送一百连抽,762.667,1,16777215,2025-12-14 16:30:20,286091033,3,登革热/痤疮,工作细胞 第二季,886319522
爱你老己,647.96,1,16777215,2025-12-12 12:35:08,286091033,3,登革热/痤疮,工作细胞 第二季,886319522
草 我现在就去洗头,973.798,5,15138834,2025-12-11 20:57:06,286091033,3,登革热/痤疮,工作细胞 第二季,886319522
我刚刚洗完头,1208.716,1,16777215,2025-12-07 14:13:18,286091033,3,登革热/痤疮,工作细胞 第二季,886319522
妖魔鬼怪快离开！,398.823,1,16777215,2025-12-06 00:00:46,286091033,3,登革热/痤疮,工作细胞 第二季,886319522
快叫老爹！,397.031,1,16777215,2025-12-06 00:00:38,286091033,3,登革热/痤疮,工作细胞 第二季,886319522
上线就送100连抽,768.949,1,16777215,2025-12-02 21:57:54,286091033,3,登革热/痤疮,工作细胞 第二季,886319522
不允许！！！,781.28,5,16777215,2025-12-01 21:38:15,286091033,3,登革热/痤疮,工作细胞 第二季,886319522
我这就去擦药,978.057,1,16777215,2025-12-01 13:09:09,286091033,3,登革热/痤疮,工作细胞 第二季,886319522
我去吧我也得了，烦死了,845.174,1,16777215,2025-12-01 13:07:33,286091033,3,登革热/痤疮,工作细胞 第二季,886319522
凑蚊子！！！,340.9,1,16777215,2025-12-01 13:01:27,286091033,3,登革热/痤疮,工作细胞 第二季,886319522
在我右耳一直在吵架。,709.042,1,16777215,2025-11-30 22:15:28,286091033,3,登革热/痤疮,工作细胞 第二季,886319522
该死的痤疮,857.286,1,16777215,2025-11-30 20:01:42,286091033,3,登革热/痤疮,工作细胞 第二季,886319522
说的对！每根头发都很重要！,1189.21,1,16777215,2025-11-29 12:55:33,286091033,3,登革热/痤疮,工作细胞 第二季,886319522
混蛋！！！！,1059.162,1,16777215,2025-11-29 12:54:10,286091033,3,登革热/痤疮,工作细胞 第二季,886319522
不许伤害我的头发！！！！！,783.621,1,16777215,2025-11-29 12:51:15,286091033,3,登革热/痤疮,工作细胞 第二季,886319522
不小心看成痔疮了,731.075,1,16777215,2025-11-28 18:17:23,286091033,3,登革热/痤疮,工作细胞 第二季,886319522
刚被叮了一个包……,325.776,1,16777215,2025-11-24 16:35:02,286091033,3,登革热/痤疮,工作细胞 第二季,886319522
其实更喜欢black那边的布景,743.307,5,16777215,2025-11-23 22:14:17,286091033,3,登革热/痤疮,工作细胞 第二季,886319522
从BLACK回来，这边真是阳光明媚啊！,25.682,5,16777215,2025-11-23 21:58:42,286091033,3,登革热/痤疮,工作细胞 第二季,886319522
肯德基表示版权费交一下,261.681,1,16777215,2025-11-22 22:53:53,286091033,3,登革热/痤疮,工作细胞 第二季,886319522
我心疼白细胞杀伤性t细胞人呢？,992.168,1,16777215,2025-11-22 18:58:10,286091033,3,登革热/痤疮,工作细胞 第二季,886319522
射命丸细胞,423.95,5,16777215,2025-11-22 11:22:43,286091033,3,登革热/痤疮,工作细胞 第二季,886319522
你相信光吗,1375.39,1,16777215,2025-11-18 09:44:23,286091033,3,登革热/痤疮,工作细胞 第二季,886319522
依旧听不懂,479.717,1,16777215,2025-11-18 01:10:43,286091033,3,登革热/痤疮,工作细胞 第二季,886319522
柯南体质,662.957,5,16777215,2025-11-17 23:28:18,286091033,3,登革热/痤疮,工作细胞 第二季,886319522
我不做细胞了！红血球！,372.21,5,16777215,2025-11-17 23:22:26,286091033,3,登革热/痤疮,工作细胞 第二季,886319522
肯德基细胞,256.919,5,16777215,2025-11-17 23:20:10,286091033,3,登革热/痤疮,工作细胞 第二季,886319522
配音室里欢乐多,72.565,5,16777215,2025-11-17 23:17:50,286091033,3,登革热/痤疮,工作细胞 第二季,886319522
白细胞使用了兴奋,1336.187,1,16777215,2025-11-17 20:09:12,286091033,3,登革热/痤疮,工作细胞 第二季,886319522
优雅！！！,280.153,5,16777215,2025-11-16 18:12:44,286091033,3,登革热/痤疮,工作细胞 第二季,886319522
大家不要忘了痤疮,613.143,5,16777215,2025-11-15 14:09:27,286091033,3,登革热/痤疮,工作细胞 第二季,886319522
毕竟都是大卫视的作品,369.54,1,16777215,2025-11-13 21:11:47,286091033,3,登革热/痤疮,工作细胞 第二季,886319522
我不做细胞了，红细胞！！,382.561,5,15138834,2025-11-11 20:42:36,286091033,3,登革热/痤疮,工作细胞 第二季,886319522
必须要有超越细胞的能力呀,375.909,5,15138834,2025-11-11 20:41:57,286091033,3,登革热/痤疮,工作细胞 第二季,886319522
我在这漫长生命中体会到了，细胞越是努力工作，越会陷入不可想象的处境中,373.692,5,15138834,2025-11-11 20:41:47,286091033,3,登革热/痤疮,工作细胞 第二季,886319522
毛母细胞：我长大了也要当白细胞！,813.561,5,15138834,2025-11-10 21:17:34,286091033,3,登革热/痤疮,工作细胞 第二季,886319522
千万不要在门外进食,41.686,1,16777215,2025-11-10 21:05:07,286091033,3,登革热/痤疮,工作细胞 第二季,886319522
black看到这里过来避难的orz,742.933,1,16777215,2025-11-09 20:04:00,286091033,3,登革热/痤疮,工作细胞 第二季,886319522
不敢长痘了,862.362,1,16777215,2025-11-09 08:39:57,286091033,3,登革热/痤疮,工作细胞 第二季,886319522
黑化了,393.255,5,41194,2025-11-07 00:47:39,286091033,3,登革热/痤疮,工作细胞 第二季,886319522
对不起对不起我一定好好洗脸。。,1000.618,1,16777215,2025-11-05 19:37:59,286091033,3,登革热/痤疮,工作细胞 第二季,886319522
阿达帕林凝胶启动,903.131,1,16646914,2025-11-05 19:02:12,286091033,3,登革热/痤疮,工作细胞 第二季,886319522
那我们就给他释放氧气，大炮就用红细胞来制作弹药,867.306,1,16777215,2025-11-04 19:49:40,286091033,3,登革热/痤疮,工作细胞 第二季,886319522
不要嗜碱性细胞嘎了,523.698,1,16777215,2025-11-04 19:46:10,286091033,3,登革热/痤疮,工作细胞 第二季,886319522
哦，原来是一群啊，不要啊,409.328,1,16777215,2025-11-04 19:45:23,286091033,3,登革热/痤疮,工作细胞 第二季,886319522
怎么又吸回去了？没开二度,404.888,1,16777215,2025-11-04 19:45:17,286091033,3,登革热/痤疮,工作细胞 第二季,886319522
不要啊,371.09,1,16777215,2025-11-04 19:44:33,286091033,3,登革热/痤疮,工作细胞 第二季,886319522
这玩意儿会麻醉你的细胞，然后就液化了,342.716,1,16777215,2025-11-04 19:44:20,286091033,3,登革热/痤疮,工作细胞 第二季,886319522
这就是恋爱的味道吗,680.421,5,16777215,2025-11-03 13:05:59,286091033,3,登革热/痤疮,工作细胞 第二季,886319522
啊啊啊好萌,1396.387,1,16777215,2025-11-02 23:28:52,286091033,3,登革热/痤疮,工作细胞 第二季,886319522
呜呜呜咋这样,1004.33,1,16777215,2025-11-02 23:22:53,286091033,3,登革热/痤疮,工作细胞 第二季,886319522
不……,732.189,1,16777215,2025-11-02 23:18:46,286091033,3,登革热/痤疮,工作细胞 第二季,886319522
细节是黑色的,762.626,5,16777215,2025-11-02 19:26:09,286091033,3,登革热/痤疮,工作细胞 第二季,886319522
白细胞太幸苦了,946.0,1,16777215,2025-11-01 22:32:44,286091033,3,登革热/痤疮,工作细胞 第二季,886319522
我不熬夜了 头发别离我而去,1371.815,1,16777215,2025-10-29 14:40:33,286091033,3,登革热/痤疮,工作细胞 第二季,886319522
头发不要离开我 求求你了,789.436,1,16777215,2025-10-29 14:29:46,286091033,3,登革热/痤疮,工作细胞 第二季,886319522
卧槽，我今天才挤过一个脓包,975.213,1,16777215,2025-10-29 13:02:01,286091033,3,登革热/痤疮,工作细胞 第二季,886319522
中二细胞，你来啦！,475.814,1,16777215,2025-10-27 23:26:03,286091033,3,登革热/痤疮,工作细胞 第二季,886319522
有点像奶龙,1108.671,1,16777215,2025-10-26 19:45:29,286091033,3,登革热/痤疮,工作细胞 第二季,886319522
嘉豪细胞,710.759,5,6830715,2025-10-25 17:44:05,286091033,3,登革热/痤疮,工作细胞 第二季,886319522
你很勇敢了，你只是不够强大,1002.956,1,16777215,2025-10-25 11:03:36,286091033,3,登革热/痤疮,工作细胞 第二季,886319522
我去了，原来是你,846.105,1,16777215,2025-10-25 10:59:18,286091033,3,登革热/痤疮,工作细胞 第二季,886319522
。？别超度了哥,620.735,1,16777215,2025-10-25 10:54:17,286091033,3,登革热/痤疮,工作细胞 第二季,886319522
语言指导：鲁迅,483.411,5,16740868,2025-10-19 16:48:25,286091033,3,登革热/痤疮,工作细胞 第二季,886319522
组织胺超人,430.076,5,16740868,2025-10-19 16:47:09,286091033,3,登革热/痤疮,工作细胞 第二季,886319522
前方高能！！,1165.777,1,16777215,2025-10-18 15:43:15,286091033,3,登革热/痤疮,工作细胞 第二季,886319522
笑死我了。这个细胞。,498.457,1,16777215,2025-10-17 19:24:08,286091033,3,登革热/痤疮,工作细胞 第二季,886319522
跟柯南一样老是卷入事件,660.904,1,38979,2025-10-16 10:25:13,286091033,3,登革热/痤疮,工作细胞 第二季,886319522
脸上的泡还没有消完呢,323.501,1,16777215,2025-10-14 17:06:28,286091033,3,登革热/痤疮,工作细胞 第二季,886319522
天天洗头也改不了它油油的,1143.766,1,16777215,2025-10-14 10:01:09,286091033,3,登革热/痤疮,工作细胞 第二季,886319522
嗜碱性粒细胞,475.623,1,16777215,2025-10-12 00:19:40,286091033,3,登革热/痤疮,工作细胞 第二季,886319522
太优雅了,595.962,5,16646914,2025-10-09 20:13:56,286091033,3,登革热/痤疮,工作细胞 第二季,886319522
no别动我头发啊啊啊啊,800.455,1,16777215,2025-10-09 01:13:42,286091033,3,登革热/痤疮,工作细胞 第二季,886319522
吃了没文化的亏,656.058,5,15138834,2025-10-07 14:35:54,286091033,3,登革热/痤疮,工作细胞 第二季,886319522
最可爱的一集,1417.046,1,16777215,2025-10-06 21:33:50,286091033,3,登革热/痤疮,工作细胞 第二季,886319522
盖提亚,510.825,1,16707842,2025-10-06 16:58:38,286091033,3,登革热/痤疮,工作细胞 第二季,886319522
白哥真的好会哄孩子,1366.587,5,15138834,2025-10-05 21:29:04,286091033,3,登革热/痤疮,工作细胞 第二季,886319522
把你秒了不行吗？,1148.23,5,15138834,2025-10-05 21:25:16,286091033,3,登革热/痤疮,工作细胞 第二季,886319522
爷，咱能出去把事解决完了再说吗？,929.054,5,15138834,2025-10-05 21:16:39,286091033,3,登革热/痤疮,工作细胞 第二季,886319522
哲学老师咱说个事，就是能不能不要在血小板面前说这种中二的台词？,706.261,5,14811775,2025-10-05 21:12:40,286091033,3,登革热/痤疮,工作细胞 第二季,886319522
bilibili译制,528.394,5,14811775,2025-10-05 21:08:39,286091033,3,登革热/痤疮,工作细胞 第二季,886319522
中二细胞+作者细胞,472.22,5,15138834,2025-10-05 21:06:11,286091033,3,登革热/痤疮,工作细胞 第二季,886319522
薅你毛细胞,263.414,5,15138834,2025-10-05 21:01:33,286091033,3,登革热/痤疮,工作细胞 第二季,886319522
我要血小板手办啊啊啊啊啊！！！,131.894,5,41194,2025-10-05 20:59:05,286091033,3,登革热/痤疮,工作细胞 第二季,886319522
喂！你不是刚刚肩膀都被咬穿了吗？！,1047.079,5,16777215,2025-10-03 21:34:08,286091033,3,登革热/痤疮,工作细胞 第二季,886319522
看成痔疮了，我还有救吗？,2.386,5,16777215,2025-10-03 21:27:08,286091033,3,登革热/痤疮,工作细胞 第二季,886319522
这是两集合在一集讲嘛？,729.424,5,16777215,2025-10-03 20:53:50,286091033,3,登革热/痤疮,工作细胞 第二季,886319522
太棒了我白哥生命力顽强,1339.852,1,16777215,2025-10-03 19:42:22,286091033,3,登革热/痤疮,工作细胞 第二季,886319522
夜    魂     附     体,1347.847,1,9487136,2025-10-03 17:22:49,286091033,3,登革热/痤疮,工作细胞 第二季,886319522
我不做细胞了，红细胞！,379.327,1,16777215,2025-10-03 12:17:34,286091033,3,登革热/痤疮,工作细胞 第二季,886319522
细胞的力量是有限的啊,376.66,1,16777215,2025-10-03 12:17:19,286091033,3,登革热/痤疮,工作细胞 第二季,886319522
人话:组织胺呢救一下啊,509.867,1,16777215,2025-10-03 10:59:48,286091033,3,登革热/痤疮,工作细胞 第二季,886319522
我的头发！支棱起来啊！,1214.034,5,16777215,2025-10-03 04:12:11,286091033,3,登革热/痤疮,工作细胞 第二季,886319522
因为她是王招菌,670.281,1,16777215,2025-10-02 23:48:12,286091033,3,登革热/痤疮,工作细胞 第二季,886319522
嘉豪细胞,502.503,1,16777215,2025-10-02 23:45:45,286091033,3,登革热/痤疮,工作细胞 第二季,886319522
对我的头发善良点！,783.8,1,16777215,2025-09-29 10:17:07,286091033,3,登革热/痤疮,工作细胞 第二季,886319522
刚洗完头发的我,784.109,1,16777215,2025-09-27 22:19:08,286091033,3,登革热/痤疮,工作细胞 第二季,886319522
保护我方头发,779.871,1,16777215,2025-09-26 20:55:31,286091033,3,登革热/痤疮,工作细胞 第二季,886319522
发囊,770.944,1,16777215,2025-09-26 20:55:17,286091033,3,登革热/痤疮,工作细胞 第二季,886319522
卧遭卧遭，白哥好可爱！！！,1392.584,1,14811775,2025-09-24 19:30:48,286091033,3,登革热/痤疮,工作细胞 第二季,886319522
优雅，实在是太优雅了,263.739,1,41194,2025-09-24 19:02:23,286091033,3,登革热/痤疮,工作细胞 第二季,886319522
哈哈哈,1393.045,1,16777215,2025-09-20 23:39:16,286091033,3,登革热/痤疮,工作细胞 第二季,886319522
脸刚好 过来看这一集,85.586,1,16707842,2025-09-19 18:11:22,286091033,3,登革热/痤疮,工作细胞 第二季,886319522
突然发现白哥腿环好涩,1026.3,1,16777215,2025-09-16 22:45:21,286091033,3,登革热/痤疮,工作细胞 第二季,886319522
白哥太帅了,801.286,1,16777215,2025-09-15 16:14:51,286091033,3,登革热/痤疮,工作细胞 第二季,886319522
好油腻,1347.551,1,16777215,2025-09-15 08:44:46,286091033,3,登革热/痤疮,工作细胞 第二季,886319522
中二细胞,466.021,1,16777215,2025-09-15 08:29:03,286091033,3,登革热/痤疮,工作细胞 第二季,886319522
进化了,391.252,1,16777215,2025-09-15 08:27:35,286091033,3,登革热/痤疮,工作细胞 第二季,886319522
一生之敌啊,317.197,1,16777215,2025-09-15 08:25:59,286091033,3,登革热/痤疮,工作细胞 第二季,886319522
抗凝血，血小板们遭殃了,324.249,1,16777215,2025-09-14 17:21:07,286091033,3,登革热/痤疮,工作细胞 第二季,886319522
MC玩家:中光灵箭了！,1346.521,1,16777215,2025-09-06 14:31:36,286091033,3,登革热/痤疮,工作细胞 第二季,886319522
擦夫西地酸乳膏或者克林霉素凝胶,895.165,1,16777215,2025-09-04 12:26:03,286091033,3,登革热/痤疮,工作细胞 第二季,886319522
快去洗头洗脸啊！,1148.796,1,16777215,2025-08-31 03:45:56,286091033,3,登革热/痤疮,工作细胞 第二季,886319522
我不做细胞拉！,391.965,1,16777215,2025-08-30 01:12:43,286091033,3,登革热/痤疮,工作细胞 第二季,886319522
原来不是痔疮吗……,836.255,5,16777215,2025-08-28 11:31:34,286091033,3,登革热/痤疮,工作细胞 第二季,886319522
我不做细胞了，红血球！,372.2,5,16777215,2025-08-27 23:43:01,286091033,3,登革热/痤疮,工作细胞 第二季,886319522
攻城战了可以说是，攻城战往往伴随着超级巨大的伤亡，只有不断的消耗,1144.312,1,16777215,2025-08-27 20:15:15,286091033,3,登革热/痤疮,工作细胞 第二季,886319522
该死的蚊子！我和蚊子不共戴天,634.74,1,16777215,2025-08-27 20:10:56,286091033,3,登革热/痤疮,工作细胞 第二季,886319522
这一集总结宁可错杀千人，也不放过一丝可能。,5.676,1,16777215,2025-08-27 20:05:11,286091033,3,登革热/痤疮,工作细胞 第二季,886319522
自我介绍,805.986,1,16777215,2025-08-26 21:50:51,286091033,3,登革热/痤疮,工作细胞 第二季,886319522
好看,15.62,1,16777215,2025-08-26 21:40:55,286091033,3,登革热/痤疮,工作细胞 第二季,886319522
666这孩子,909.384,1,16777215,2025-08-25 09:41:12,286091033,3,登革热/痤疮,工作细胞 第二季,886319522
[前方高能],955.866,1,16777215,2025-08-24 21:34:44,286091033,3,登革热/痤疮,工作细胞 第二季,886319522
你你你你你你你你你那那那那那那那那那那那那那那那那那那那                你你你,771.226,1,16777215,2025-08-23 22:17:05,286091033,3,登革热/痤疮,工作细胞 第二季,886319522
国服农场主,759.5,5,16777215,2025-08-23 12:37:22,286091033,3,登革热/痤疮,工作细胞 第二季,886319522
室外活动注意防范短时强降雨,53.828,1,16777215,2025-08-21 22:35:24,286091033,3,登革热/痤疮,工作细胞 第二季,886319522
这小哥老演员了,14.236,5,16707842,2025-08-21 01:26:29,286091033,3,登革热/痤疮,工作细胞 第二季,886319522
谢谢白哥救了我一根头发,1362.94,1,16777215,2025-08-18 23:43:00,286091033,3,登革热/痤疮,工作细胞 第二季,886319522
这个故事告诉我们要少吃，不然临死时都跑不动,1276.3,1,16777215,2025-08-18 23:41:18,286091033,3,登革热/痤疮,工作细胞 第二季,886319522
一根也很重要啊！马上要掉没了！,1149.26,1,16777215,2025-08-18 23:38:40,286091033,3,登革热/痤疮,工作细胞 第二季,886319522
一生之敌：蚊子,300.579,1,16777215,2025-08-18 23:23:42,286091033,3,登革热/痤疮,工作细胞 第二季,886319522
白细胞现在需要伟哥（bushi）,1392.213,1,16777215,2025-08-15 20:19:19,286091033,3,登革热/痤疮,工作细胞 第二季,886319522
农场主,758.364,1,16777215,2025-08-15 19:45:13,286091033,3,登革热/痤疮,工作细胞 第二季,886319522
中二细胞,707.936,1,16777215,2025-08-15 19:44:15,286091033,3,登革热/痤疮,工作细胞 第二季,886319522
好热血,1210.534,1,16777215,2025-08-15 19:23:01,286091033,3,登革热/痤疮,工作细胞 第二季,886319522
前方小高能,499.292,5,16707842,2025-08-14 17:54:59,286091033,3,登革热/痤疮,工作细胞 第二季,886319522
1——————1——————4——————6——————,1323.145,1,16777215,2025-08-13 20:58:42,286091033,3,登革热/痤疮,工作细胞 第二季,886319522
白———————————————————————哥——————————————————,907.735,1,16777215,2025-08-13 20:51:26,286091033,3,登革热/痤疮,工作细胞 第二季,886319522
太久没洗头啦,843.314,1,16777215,2025-08-12 19:04:39,286091033,3,登革热/痤疮,工作细胞 第二季,886319522
白细胞有时候会变成红细胞,597.805,1,16777215,2025-08-12 15:20:23,286091033,3,登革热/痤疮,工作细胞 第二季,886319522
CP好,684.787,1,16777215,2025-08-11 20:46:18,286091033,3,登革热/痤疮,工作细胞 第二季,886319522
出生啊！,312.808,1,16777215,2025-08-10 16:46:35,286091033,3,登革热/痤疮,工作细胞 第二季,886319522
好燃啊好燃啊,1220.853,1,16777215,2025-08-10 12:37:42,286091033,3,登革热/痤疮,工作细胞 第二季,886319522
金身,1343.893,1,16777215,2025-08-09 22:47:49,286091033,3,登革热/痤疮,工作细胞 第二季,886319522
一大群可乐,544.626,1,38979,2025-08-07 20:46:38,286091033,3,登革热/痤疮,工作细胞 第二季,886319522
可……可乐？,404.165,1,38979,2025-08-07 20:43:52,286091033,3,登革热/痤疮,工作细胞 第二季,886319522
我一定会回来的········,605.381,1,16777215,2025-08-07 19:56:07,286091033,3,登革热/痤疮,工作细胞 第二季,886319522
我要哭了呜呜呜,1052.426,1,16777215,2025-08-07 13:17:15,286091033,3,登革热/痤疮,工作细胞 第二季,886319522
好看111,935.024,1,16777215,2025-08-07 13:15:17,286091033,3,登革热/痤疮,工作细胞 第二季,886319522
啊///////////////////////,877.577,1,16777215,2025-08-07 13:14:20,286091033,3,登革热/痤疮,工作细胞 第二季,886319522
谁懂我是2025年来的！！！,318.466,1,16777215,2025-08-07 09:44:00,286091033,3,登革热/痤疮,工作细胞 第二季,886319522
干得漂亮,797.577,1,16777215,2025-08-06 19:45:11,286091033,3,登革热/痤疮,工作细胞 第二季,886319522
就你这个东西让我脸上长痘是吧？,854.172,1,16777215,2025-08-06 15:05:29,286091033,3,登革热/痤疮,工作细胞 第二季,886319522
所以嗜碱性粒细胞你就不能说人话吗,500.301,1,16777215,2025-08-06 14:04:29,286091033,3,登革热/痤疮,工作细胞 第二季,886319522
还在吟唱啦,499.264,1,16777215,2025-08-05 16:06:38,286091033,3,登革热/痤疮,工作细胞 第二季,886319522
出现了！人生导师细胞,468.089,1,16777215,2025-08-05 16:06:06,286091033,3,登革热/痤疮,工作细胞 第二季,886319522
万物有灵，除了蚊子,335.594,1,16777215,2025-08-05 16:03:26,286091033,3,登革热/痤疮,工作细胞 第二季,886319522
又来了，过敏反应,52.4,1,16777215,2025-08-05 16:00:28,286091033,3,登革热/痤疮,工作细胞 第二季,886319522
我靠,963.453,1,16777215,2025-08-04 20:48:54,286091033,3,登革热/痤疮,工作细胞 第二季,886319522
细胞的头怎么尖尖的,1212.839,5,15138834,2025-08-04 17:38:24,286091033,3,登革热/痤疮,工作细胞 第二季,886319522
死不了,1309.726,1,16777215,2025-08-03 08:36:34,286091033,3,登革热/痤疮,工作细胞 第二季,886319522
 白哥：上次我掉那个输液的水里面我也没淹死啊，这次干嘛我要溺水呀。,1301.749,1,16777215,2025-08-03 08:36:17,286091033,3,登革热/痤疮,工作细胞 第二季,886319522
小白：又掉一次,1230.872,1,16777215,2025-08-03 08:34:54,286091033,3,登革热/痤疮,工作细胞 第二季,886319522
多看空我,1349.476,1,16777215,2025-08-03 04:57:37,286091033,3,登革热/痤疮,工作细胞 第二季,886319522
我是在看黑篇还是白篇,965.728,1,16777215,2025-08-02 22:13:43,286091033,3,登革热/痤疮,工作细胞 第二季,886319522
川剧变脸,687.65,1,16777215,2025-08-02 22:08:23,286091033,3,登革热/痤疮,工作细胞 第二季,886319522
我被咬了N个包，我的一生之敌,319.569,5,16777215,2025-07-31 09:03:55,286091033,3,登革热/痤疮,工作细胞 第二季,886319522
录音棚里欢乐多,81.971,1,16777215,2025-07-31 08:57:53,286091033,3,登革热/痤疮,工作细胞 第二季,886319522
中二细胞又来了,489.158,1,16777215,2025-07-30 19:55:42,286091033,3,登革热/痤疮,工作细胞 第二季,886319522
后面三人损氛围,676.987,1,16777215,2025-07-30 15:46:14,286091033,3,登革热/痤疮,工作细胞 第二季,886319522
好可爱,357.356,1,16777215,2025-07-29 19:03:52,286091033,3,登革热/痤疮,工作细胞 第二季,886319522
好家伙，原来是你啊！,857.57,1,16777215,2025-07-27 17:00:24,286091033,3,登革热/痤疮,工作细胞 第二季,886319522
联动black了,737.168,1,16777215,2025-07-27 16:58:11,286091033,3,登革热/痤疮,工作细胞 第二季,886319522
中二细胞，你好,472.928,1,16777215,2025-07-27 16:53:21,286091033,3,登革热/痤疮,工作细胞 第二季,886319522
还是个厌氧菌,864.037,1,16777215,2025-07-27 09:07:53,286091033,3,登革热/痤疮,工作细胞 第二季,886319522
这洗三遍澡都洗不干净吧？,1361.372,1,16777215,2025-07-26 12:43:41,286091033,3,登革热/痤疮,工作细胞 第二季,886319522
动作指导：二乔,1287.443,5,16777215,2025-07-25 23:32:47,286091033,3,登革热/痤疮,工作细胞 第二季,886319522
黑精和白精（幻视,1264.033,5,16777215,2025-07-25 23:31:56,286091033,3,登革热/痤疮,工作细胞 第二季,886319522
红细胞里面是不是还有红细胞？（bushi）,900.697,1,16777215,2025-07-25 14:51:44,286091033,3,登革热/痤疮,工作细胞 第二季,886319522
毛骨悚然了各位,972.321,1,16777215,2025-07-24 15:40:15,286091033,3,登革热/痤疮,工作细胞 第二季,886319522
居然是你,867.157,1,16777215,2025-07-24 15:37:24,286091033,3,登革热/痤疮,工作细胞 第二季,886319522
没人么,36.605,1,16777215,2025-07-24 09:30:38,286091033,3,登革热/痤疮,工作细胞 第二季,886319522
酸碱细胞,497.021,5,16777215,2025-07-23 12:52:48,286091033,3,登革热/痤疮,工作细胞 第二季,886319522
白哥太帅了！！！！！,1285.96,1,38979,2025-07-22 20:37:03,286091033,3,登革热/痤疮,工作细胞 第二季,886319522
白哥！！！！！,1197.491,1,38979,2025-07-22 20:35:28,286091033,3,登革热/痤疮,工作细胞 第二季,886319522
红姐  夫危  速归,911.569,1,38979,2025-07-22 20:30:07,286091033,3,登革热/痤疮,工作细胞 第二季,886319522
梦幻联动,754.242,1,38979,2025-07-22 20:27:20,286091033,3,登革热/痤疮,工作细胞 第二季,886319522
不愧是前野智昭,1407.652,1,16777215,2025-07-22 19:38:01,286091033,3,登革热/痤疮,工作细胞 第二季,886319522
欧尼酱,1275.219,1,16777215,2025-07-22 19:35:15,286091033,3,登革热/痤疮,工作细胞 第二季,886319522
又要变红细胞了,1187.51,1,16777215,2025-07-22 19:32:26,286091033,3,登革热/痤疮,工作细胞 第二季,886319522
符合人设（,238.182,1,16777215,2025-07-22 16:41:36,286091033,3,登革热/痤疮,工作细胞 第二季,886319522
开金身了,1346.814,5,15138834,2025-07-22 14:24:39,286091033,3,登革热/痤疮,工作细胞 第二季,886319522
深海少女,1312.828,5,16777215,2025-07-22 14:23:44,286091033,3,登革热/痤疮,工作细胞 第二季,886319522
可不！,1181.044,1,16777215,2025-07-22 14:21:15,286091033,3,登革热/痤疮,工作细胞 第二季,886319522
我推,1048.805,1,16777215,2025-07-22 13:24:10,286091033,3,登革热/痤疮,工作细胞 第二季,886319522
哈哈哈哈哈,1398.41,1,16777215,2025-07-21 18:59:31,286091033,3,登革热/痤疮,工作细胞 第二季,886319522
……他们每次都这么洗吗？,1378.996,1,16777215,2025-07-21 18:59:08,286091033,3,登革热/痤疮,工作细胞 第二季,886319522
这不香吗？,19.41,1,16777215,2025-07-21 15:16:09,286091033,3,登革热/痤疮,工作细胞 第二季,886319522
星星之火，可以燎原,1027.423,1,16777215,2025-07-21 10:25:00,286091033,3,登革热/痤疮,工作细胞 第二季,886319522
白————细————胞——,967.372,1,16777215,2025-07-21 10:23:54,286091033,3,登革热/痤疮,工作细胞 第二季,886319522
白——————哥——————————,886.56,1,16777215,2025-07-21 10:22:19,286091033,3,登革热/痤疮,工作细胞 第二季,886319522
这是训虫高手,1083.712,1,16777215,2025-07-20 14:15:06,286091033,3,登革热/痤疮,工作细胞 第二季,886319522
还我老爷爷！不然我就没肯德基吃了！！！,629.0,1,16777215,2025-07-20 13:11:45,286091033,3,登革热/痤疮,工作细胞 第二季,886319522
我的话，,379.106,1,16777215,2025-07-20 11:50:38,286091033,3,登革热/痤疮,工作细胞 第二季,886319522
我不做人啦！红细胞！,381.803,5,16646914,2025-07-19 19:47:05,286091033,3,登革热/痤疮,工作细胞 第二季,886319522
细胞的能力是有限的,377.909,5,16740868,2025-07-19 19:45:51,286091033,3,登革热/痤疮,工作细胞 第二季,886319522
铁扇公主细胞,442.279,1,41194,2025-07-19 19:12:08,286091033,3,登革热/痤疮,工作细胞 第二季,886319522
《人民的名义》,198.343,1,41194,2025-07-19 19:05:38,286091033,3,登革热/痤疮,工作细胞 第二季,886319522
异形？！,386.712,1,16777215,2025-07-19 16:48:48,286091033,3,登革热/痤疮,工作细胞 第二季,886319522
想起来black的母毛细胞,771.365,1,16777215,2025-07-19 13:51:26,286091033,3,登革热/痤疮,工作细胞 第二季,886319522
其实白头发不要也罢。,1172.759,1,15138834,2025-07-19 02:13:57,286091033,3,登革热/痤疮,工作细胞 第二季,886319522
好绝望的东西。,722.335,1,15138834,2025-07-19 02:03:18,286091033,3,登革热/痤疮,工作细胞 第二季,886319522
history细胞，？,225.853,1,15138834,2025-07-19 01:53:31,286091033,3,登革热/痤疮,工作细胞 第二季,886319522
动作指导：灰太狼,591.479,5,16646914,2025-07-18 18:17:25,286091033,3,登革热/痤疮,工作细胞 第二季,886319522
中二细胞,491.46,5,16646914,2025-07-18 18:09:45,286091033,3,登革热/痤疮,工作细胞 第二季,886319522
吃进去啊你们,639.103,1,16777215,2025-07-18 17:27:36,286091033,3,登革热/痤疮,工作细胞 第二季,886319522
我不做细胞了,382.616,1,16777215,2025-07-18 17:23:16,286091033,3,登革热/痤疮,工作细胞 第二季,886319522
蚊子：关我屁事,612.063,1,16777215,2025-07-18 17:05:06,286091033,3,登革热/痤疮,工作细胞 第二季,886319522
刀我？,974.427,1,11890,2025-07-18 09:30:35,286091033,3,登革热/痤疮,工作细胞 第二季,886319522
叭叭叭叭叭叭叭叭叭叭叭叭叭叭叭,72.228,1,15138834,2025-07-18 08:51:33,286091033,3,登革热/痤疮,工作细胞 第二季,886319522
bilibili译制,778.535,5,16707842,2025-07-17 17:46:17,286091033,3,登革热/痤疮,工作细胞 第二季,886319522
欧拉欧拉！,744.402,5,16707842,2025-07-17 17:45:20,286091033,3,登革热/痤疮,工作细胞 第二季,886319522
好像阿帕基,508.625,5,16707842,2025-07-17 17:42:01,286091033,3,登革热/痤疮,工作细胞 第二季,886319522
[前方高能],439.079,5,16707842,2025-07-17 17:40:45,286091033,3,登革热/痤疮,工作细胞 第二季,886319522
白鸽换工作，那个小毛孔也换工作，白哥，给那个小毛发带那个小毛发给白哥戴，真的是佩服,1020.076,1,16777215,2025-07-17 12:59:43,286091033,3,登革热/痤疮,工作细胞 第二季,886319522
我就说不能带吧，可是你现在已经带了，,388.47,1,16777215,2025-07-17 12:48:41,286091033,3,登革热/痤疮,工作细胞 第二季,886319522
别带，千万别带，就是危险，这东西你别带，千万别带，玩的你已经带了,372.18,1,16777215,2025-07-17 12:48:09,286091033,3,登革热/痤疮,工作细胞 第二季,886319522
内个？,750.456,1,16777215,2025-07-16 22:57:30,286091033,3,登革热/痤疮,工作细胞 第二季,886319522
白————哥——————,1221.06,1,16777215,2025-07-16 17:51:20,286091033,3,登革热/痤疮,工作细胞 第二季,886319522
青春痘好像就是痤疮得好好看,2.684,1,16777215,2025-07-16 16:44:52,286091033,3,登革热/痤疮,工作细胞 第二季,886319522
这杆菌是不是支气管炎，没气了,1170.815,1,16777215,2025-07-16 15:35:21,286091033,3,登革热/痤疮,工作细胞 第二季,886319522
好肥,1056.845,1,16777215,2025-07-15 23:09:04,286091033,3,登革热/痤疮,工作细胞 第二季,886319522
不准对我的头发动手！！！,792.861,1,16777215,2025-07-15 20:30:33,286091033,3,登革热/痤疮,工作细胞 第二季,886319522
嗜碱性粒细胞和肥大细胞考试基本在一起出，所以可以嗑,513.059,1,16777215,2025-07-15 20:26:16,286091033,3,登革热/痤疮,工作细胞 第二季,886319522
吓死了,1341.834,1,16777215,2025-07-14 20:39:59,286091033,3,登革热/痤疮,工作细胞 第二季,886319522
我今天刚被咬一个大包，痒死了,650.611,1,16777215,2025-07-14 20:25:33,286091033,3,登革热/痤疮,工作细胞 第二季,886319522
我以为是中指,369.724,1,16777215,2025-07-14 20:19:44,286091033,3,登革热/痤疮,工作细胞 第二季,886319522
可爱捏,356.844,1,16777215,2025-07-14 20:18:56,286091033,3,登革热/痤疮,工作细胞 第二季,886319522
我的血小板,344.532,1,16777215,2025-07-14 20:18:21,286091033,3,登革热/痤疮,工作细胞 第二季,886319522
血小板,345.123,1,16777215,2025-07-14 20:17:53,286091033,3,登革热/痤疮,工作细胞 第二季,886319522
毛鳞片还原好评,1102.562,1,16777215,2025-07-14 03:47:40,286091033,3,登革热/痤疮,工作细胞 第二季,886319522
我不做细胞了！红细胞！,378.811,1,16777215,2025-07-13 22:30:42,286091033,3,登革热/痤疮,工作细胞 第二季,886319522
那我先去洗头洗澡。,957.034,1,16777215,2025-07-13 21:29:33,286091033,3,登革热/痤疮,工作细胞 第二季,886319522
赛口泥嗨铁亚子哒,1128.83,5,16776960,2025-07-13 20:25:23,286091033,3,登革热/痤疮,工作细胞 第二季,886319522
算了 大卫社你开心就好,395.404,5,16776960,2025-07-13 20:08:50,286091033,3,登革热/痤疮,工作细胞 第二季,886319522
细胞的力量是有限的 我不做细胞啦！红血球！,377.202,5,16776960,2025-07-13 20:07:16,286091033,3,登革热/痤疮,工作细胞 第二季,886319522
命好苦啊！刚出现就死了,582.24,1,16777215,2025-07-13 04:43:45,286091033,3,登革热/痤疮,工作细胞 第二季,886319522
你们好啊我是街舞少年臻臻,33.318,1,16777215,2025-07-12 18:48:47,286091033,3,登革热/痤疮,工作细胞 第二季,886319522
我也看成痔疮了[哭],841.811,1,16777215,2025-07-12 12:27:19,286091033,3,登革热/痤疮,工作细胞 第二季,886319522
嗜碱性粒细胞和肥大细胞一起介导I型超敏反应,521.197,1,16777215,2025-07-11 20:19:16,286091033,3,登革热/痤疮,工作细胞 第二季,886319522
那个帽子是刚刚白哥在毛孔门口捡的啦,1013.145,5,16777215,2025-07-11 17:36:56,286091033,3,登革热/痤疮,工作细胞 第二季,886319522
本身白细胞增生就是意味有炎症出现，脓水也是由白细胞化成的。。。,972.268,1,16777215,2025-07-11 17:35:19,286091033,3,登革热/痤疮,工作细胞 第二季,886319522
Go  work！,742.937,5,16777215,2025-07-11 17:32:44,286091033,3,登革热/痤疮,工作细胞 第二季,886319522
你们不确定的说一下，这应该是做出来的，不是人演的,1136.738,1,16777215,2025-07-11 12:14:52,286091033,3,登革热/痤疮,工作细胞 第二季,886319522
巨噬细胞快来呀，巨噬细胞快来呀,1046.469,1,16777215,2025-07-11 12:13:08,286091033,3,登革热/痤疮,工作细胞 第二季,886319522
不好意思，打字打错了,946.385,1,16777215,2025-07-11 12:11:07,286091033,3,登革热/痤疮,工作细胞 第二季,886319522
是悠悠46号不是幺不146号,944.518,1,16777215,2025-07-11 12:10:56,286091033,3,登革热/痤疮,工作细胞 第二季,886319522
笑一笑很正常的嘛，不用那么客气嘛,527.016,1,16777215,2025-07-11 12:03:39,286091033,3,登革热/痤疮,工作细胞 第二季,886319522
大细胞不要不要，你挺棒的呀,470.484,1,16777215,2025-07-11 12:02:34,286091033,3,登革热/痤疮,工作细胞 第二季,886319522
变身了！,399.473,1,15138834,2025-07-09 21:06:39,286091033,3,登革热/痤疮,工作细胞 第二季,886319522
应该去Black体验生活,211.291,1,16777215,2025-07-09 10:05:24,286091033,3,登革热/痤疮,工作细胞 第二季,886319522
孝出强大,1174.844,1,16777215,2025-07-09 10:01:43,286091033,3,登革热/痤疮,工作细胞 第二季,886319522
san值狂掉,1339.836,5,16777215,2025-07-09 00:05:56,286091033,3,登革热/痤疮,工作细胞 第二季,886319522
血  小  板,1012.413,5,16777215,2025-07-08 23:57:38,286091033,3,登革热/痤疮,工作细胞 第二季,886319522
我嘞哇，凝给路亚嘞萨,371.318,5,16777215,2025-07-08 23:34:53,286091033,3,登革热/痤疮,工作细胞 第二季,886319522
看到这赶紧去洗了个澡,959.504,1,16777215,2025-07-08 22:26:39,286091033,3,登革热/痤疮,工作细胞 第二季,886319522
嘉豪细胞,465.842,5,16777215,2025-07-08 20:44:16,286091033,3,登革热/痤疮,工作细胞 第二季,886319522
原来是你,855.988,1,16777215,2025-07-08 13:36:05,286091033,3,登革热/痤疮,工作细胞 第二季,886319522
为什么这里毛母细胞这么年轻,766.779,1,16777215,2025-07-08 13:34:31,286091033,3,登革热/痤疮,工作细胞 第二季,886319522
从Black回来治愈,38.509,1,16777215,2025-07-08 13:22:49,286091033,3,登革热/痤疮,工作细胞 第二季,886319522
监管者携带兴奋,1351.056,1,16777215,2025-07-08 12:57:13,286091033,3,登革热/痤疮,工作细胞 第二季,886319522
白哥！！！,892.127,1,16777215,2025-07-06 11:04:50,286091033,3,登革热/痤疮,工作细胞 第二季,886319522
对不起,964.827,1,16777215,2025-07-05 18:33:28,286091033,3,登革热/痤疮,工作细胞 第二季,886319522
对不起,980.636,1,16777215,2025-07-05 18:32:51,286091033,3,登革热/痤疮,工作细胞 第二季,886319522
蚊子真该死啊,612.189,1,16777215,2025-07-05 14:31:32,286091033,3,登革热/痤疮,工作细胞 第二季,886319522
可是ta是主角啊喂,1145.853,1,16777215,2025-07-05 12:46:48,286091033,3,登革热/痤疮,工作细胞 第二季,886319522
我不是刚从black回来么，怎么肥四,966.317,1,16777215,2025-07-05 12:41:52,286091033,3,登革热/痤疮,工作细胞 第二季,886319522
呼叫白哥,419.934,1,16777215,2025-07-05 12:28:36,286091033,3,登革热/痤疮,工作细胞 第二季,886319522
白哥被电了哈哈哈,66.671,1,16777215,2025-07-05 12:22:30,286091033,3,登革热/痤疮,工作细胞 第二季,886319522
身高:18毫米 战力:3000 防御:2500 闪耀形态,1337.593,1,16777215,2025-07-03 14:46:43,286091033,3,登革热/痤疮,工作细胞 第二季,886319522
他们吃,461.802,1,16777215,2025-07-03 14:40:42,286091033,3,登革热/痤疮,工作细胞 第二季,886319522
洗干净了再碰红细胞,1345.564,5,15138834,2025-07-03 01:34:45,286091033,3,登革热/痤疮,工作细胞 第二季,886319522
白————————哥——————————,1310.77,5,15138834,2025-07-03 01:33:42,286091033,3,登革热/痤疮,工作细胞 第二季,886319522
白——哥———,1302.596,5,15138834,2025-07-03 01:33:30,286091033,3,登革热/痤疮,工作细胞 第二季,886319522
白哥——————,1231.007,5,15138834,2025-07-03 01:31:29,286091033,3,登革热/痤疮,工作细胞 第二季,886319522
白哥——————,1193.668,5,15138834,2025-07-03 01:30:36,286091033,3,登革热/痤疮,工作细胞 第二季,886319522
白哥太帅了,1045.327,5,15138834,2025-07-02 18:19:57,286091033,3,登革热/痤疮,工作细胞 第二季,886319522
白哥！永远的神！,1031.383,5,15138834,2025-07-02 18:19:30,286091033,3,登革热/痤疮,工作细胞 第二季,886319522
白——————————哥——————————,887.259,5,15138834,2025-07-02 18:17:15,286091033,3,登革热/痤疮,工作细胞 第二季,886319522
白哥爱你~,796.727,5,15138834,2025-07-02 18:15:43,286091033,3,登革热/痤疮,工作细胞 第二季,886319522
无他为自动挡,165.905,5,41194,2025-07-02 17:41:00,286091033,3,登革热/痤疮,工作细胞 第二季,886319522
主要针对血小板吧？,328.658,1,16777215,2025-07-01 22:15:22,286091033,3,登革热/痤疮,工作细胞 第二季,886319522
上线就送100抽,762.488,1,16777215,2025-06-30 23:53:07,286091033,3,登革热/痤疮,工作细胞 第二季,886319522
洗好头了,952.53,1,16777215,2025-06-30 07:50:38,286091033,3,登革热/痤疮,工作细胞 第二季,886319522
从这一刻我知道了主角光环的力量。,1347.901,1,16777215,2025-06-29 21:09:25,286091033,3,登革热/痤疮,工作细胞 第二季,886319522
主角已逝，完结散花。,1311.043,1,16777215,2025-06-29 21:08:38,286091033,3,登革热/痤疮,工作细胞 第二季,886319522
突然感觉有点想笑。,1237.839,1,16777215,2025-06-29 21:06:45,286091033,3,登革热/痤疮,工作细胞 第二季,886319522
《红细胞》,1192.7,1,16777215,2025-06-29 21:05:51,286091033,3,登革热/痤疮,工作细胞 第二季,886319522
再这样下去，我头要秃了,1142.423,1,16777215,2025-06-29 21:04:36,286091033,3,登革热/痤疮,工作细胞 第二季,886319522
真的废话太多了。,1116.135,1,16777215,2025-06-29 21:03:52,286091033,3,登革热/痤疮,工作细胞 第二季,886319522
再厉害的人也不要去惹一个拥有主角光环的人。,1084.316,1,16777215,2025-06-29 21:03:11,286091033,3,登革热/痤疮,工作细胞 第二季,886319522
这人有好多个主角光环,1022.873,1,16777215,2025-06-29 21:01:38,286091033,3,登革热/痤疮,工作细胞 第二季,886319522
这人头发就一根啊啊！,991.522,1,16777215,2025-06-29 21:00:36,286091033,3,登革热/痤疮,工作细胞 第二季,886319522
丧尸大军？,967.358,1,16777215,2025-06-29 20:59:44,286091033,3,登革热/痤疮,工作细胞 第二季,886319522
梦幻联动,745.238,1,16777215,2025-06-29 12:34:23,286091033,3,登革热/痤疮,工作细胞 第二季,886319522
支棱起来了啊,1220.432,1,16777215,2025-06-29 11:05:47,286091033,3,登革热/痤疮,工作细胞 第二季,886319522
白哥好帅,1207.181,1,16777215,2025-06-28 18:11:34,286091033,3,登革热/痤疮,工作细胞 第二季,886319522
这就对了，螨虫比白细胞大得多得多。。,1056.826,1,16777215,2025-06-28 13:00:19,286091033,3,登革热/痤疮,工作细胞 第二季,886319522
9696号,1011.413,1,16777215,2025-06-28 12:58:35,286091033,3,登革热/痤疮,工作细胞 第二季,886319522
八寻细胞,666.591,1,16777215,2025-06-27 20:29:16,286091033,3,登革热/痤疮,工作细胞 第二季,886319522
说来肥大和嗜碱细胞貌似功能非常相近，不过分布不一样呢,461.588,1,9033215,2025-06-27 14:24:19,286091033,3,登革热/痤疮,工作细胞 第二季,886319522
毛孔堵塞,1012.89,1,16777215,2025-06-26 19:13:11,286091033,3,登革热/痤疮,工作细胞 第二季,886319522
风柱不死川实弥,419.762,1,16777215,2025-06-26 17:12:00,286091033,3,登革热/痤疮,工作细胞 第二季,886319522
马上去洗澡,1003.192,1,16777215,2025-06-25 19:11:47,286091033,3,登革热/痤疮,工作细胞 第二季,886319522
简称痘痘,836.102,1,16777215,2025-06-24 18:41:05,286091033,3,登革热/痤疮,工作细胞 第二季,886319522
white哥,987.64,1,16777215,2025-06-23 21:01:20,286091033,3,登革热/痤疮,工作细胞 第二季,886319522
脱分化那个真的笑死人了哈哈哈哈,1200.674,5,16776960,2025-06-23 11:24:54,286091033,3,登革热/痤疮,工作细胞 第二季,886319522
啊对啊 之前那些白细胞都是累死的啊,1144.672,1,16777215,2025-06-23 11:23:39,286091033,3,登革热/痤疮,工作细胞 第二季,886319522
别啊啊啊啊啊快工作啊姐姐！！！,455.449,5,16776960,2025-06-23 11:05:09,286091033,3,登革热/痤疮,工作细胞 第二季,886319522
肯爷爷,269.031,1,16777215,2025-06-22 17:54:21,286091033,3,登革热/痤疮,工作细胞 第二季,886319522
石鬼面,427.648,5,15138834,2025-06-22 14:50:32,286091033,3,登革热/痤疮,工作细胞 第二季,886319522
白哥脸上有四角星,1020.385,1,16777215,2025-06-22 02:49:23,286091033,3,登革热/痤疮,工作细胞 第二季,886319522
我不做细胞啦,386.54,1,16777215,2025-06-21 17:19:06,286091033,3,登革热/痤疮,工作细胞 第二季,886319522
原来是你小子害的,864.24,1,16777215,2025-06-21 00:43:04,286091033,3,登革热/痤疮,工作细胞 第二季,886319522
不要啊！！！,311.278,1,16777215,2025-06-20 21:37:43,286091033,3,登革热/痤疮,工作细胞 第二季,886319522
啊巴巴巴巴巴巴巴巴巴巴巴巴巴巴,71.279,1,16777215,2025-06-20 21:33:31,286091033,3,登革热/痤疮,工作细胞 第二季,886319522
一袋米要扛几楼。,510.725,1,16777215,2025-06-19 18:02:01,286091033,3,登革热/痤疮,工作细胞 第二季,886319522
中二细胞,469.425,1,6830715,2025-06-19 17:00:29,286091033,3,登革热/痤疮,工作细胞 第二季,886319522
石鬼面,382.095,1,16777215,2025-06-19 02:28:51,286091033,3,登革热/痤疮,工作细胞 第二季,886319522
姐姐救命！！！,454.197,1,16777215,2025-06-18 21:27:10,286091033,3,登革热/痤疮,工作细胞 第二季,886319522
哈哈哈哈有倒霉蛋要遭殃了,38.554,1,16777215,2025-06-18 21:06:27,286091033,3,登革热/痤疮,工作细胞 第二季,886319522
肯德基爷爷,271.08,1,16777215,2025-06-18 20:47:15,286091033,3,登革热/痤疮,工作细胞 第二季,886319522
金光闪闪,1360.083,1,16777215,2025-06-18 15:16:52,286091033,3,登革热/痤疮,工作细胞 第二季,886319522
对不起实在太好笑了。。。,1236.925,1,16777215,2025-06-18 15:14:49,286091033,3,登革热/痤疮,工作细胞 第二季,886319522
反派死于话多,1172.001,1,16777215,2025-06-18 15:13:44,286091033,3,登革热/痤疮,工作细胞 第二季,886319522
动作指导 哈利波特,1102.298,1,16646914,2025-06-18 15:12:34,286091033,3,登革热/痤疮,工作细胞 第二季,886319522
我今天就去洗头,1039.585,1,16777215,2025-06-18 15:11:32,286091033,3,登革热/痤疮,工作细胞 第二季,886319522
登革热！登革不要太热！,4.896,1,16707842,2025-06-18 01:09:27,286091033,3,登革热/痤疮,工作细胞 第二季,886319522
睡眠大敌,316.652,1,16777215,2025-06-16 14:48:12,286091033,3,登革热/痤疮,工作细胞 第二季,886319522
我不做细胞了，红红!,385.464,1,16646914,2025-06-15 19:12:50,286091033,3,登革热/痤疮,工作细胞 第二季,886319522
中二细胞,470.597,1,15772458,2025-06-15 16:13:06,286091033,3,登革热/痤疮,工作细胞 第二季,886319522
此时我已经默默洗了个头出来了,983.229,1,16777215,2025-06-15 14:58:45,286091033,3,登革热/痤疮,工作细胞 第二季,886319522
这个身体的主人应该还比较年轻，血管没堵头发也年轻,772.466,1,16777215,2025-06-15 14:56:15,286091033,3,登革热/痤疮,工作细胞 第二季,886319522
完结撒花，感谢陪伴,1306.806,1,16777215,2025-06-15 14:33:18,286091033,3,登革热/痤疮,工作细胞 第二季,886319522
这就是热血番吗？好燃,1222.401,1,16777215,2025-06-15 14:30:28,286091033,3,登革热/痤疮,工作细胞 第二季,886319522
好帅，好燃，这就是热血番吗？,1031.098,1,16777215,2025-06-15 14:26:59,286091033,3,登革热/痤疮,工作细胞 第二季,886319522
妈呀，白哥要死了就全剧终了,911.043,1,16777215,2025-06-15 14:23:44,286091033,3,登革热/痤疮,工作细胞 第二季,886319522
这个身体的主人还不错其实，毕竟被蚊子咬谁能想得到呢,622.066,1,16777215,2025-06-15 14:03:00,286091033,3,登革热/痤疮,工作细胞 第二季,886319522
石鬼面23333333,390.378,1,16777215,2025-06-13 19:36:53,286091033,3,登革热/痤疮,工作细胞 第二季,886319522
前面用眼睛换不死之身的是伊邪那岐吗,1059.317,1,16777215,2025-06-11 22:44:38,286091033,3,登革热/痤疮,工作细胞 第二季,886319522
说人话，谢谢,490.229,1,16777215,2025-06-11 22:33:37,286091033,3,登革热/痤疮,工作细胞 第二季,886319522
太好了，是蚊子，我们没救了,322.805,1,16777215,2025-06-11 22:30:44,286091033,3,登革热/痤疮,工作细胞 第二季,886319522
大东北是我的家乡,1135.775,1,16777215,2025-06-11 21:24:53,286091033,3,登革热/痤疮,工作细胞 第二季,886319522
哦不。。。。,580.12,1,16777215,2025-06-10 17:12:41,286091033,3,登革热/痤疮,工作细胞 第二季,886319522
真的是蚊子啊？！,317.721,1,16777215,2025-06-10 17:08:15,286091033,3,登革热/痤疮,工作细胞 第二季,886319522
蚊子入侵了啦！！！！！！！（不,304.701,1,16777215,2025-06-10 17:07:51,286091033,3,登革热/痤疮,工作细胞 第二季,886319522
白哥权威,808.183,1,15772458,2025-06-09 00:05:10,286091033,3,登革热/痤疮,工作细胞 第二季,886319522
声音指导：光遇,74.312,1,16777215,2025-06-08 23:56:03,286091033,3,登革热/痤疮,工作细胞 第二季,886319522
可恶小孩,911.374,1,16777215,2025-06-08 18:57:40,286091033,3,登革热/痤疮,工作细胞 第二季,886319522
哈哈哈，还是宝儿姐好,557.92,1,16777215,2025-06-08 13:34:28,286091033,3,登革热/痤疮,工作细胞 第二季,886319522
眼疾咒,1296.093,5,16646914,2025-06-08 11:45:03,286091033,3,登革热/痤疮,工作细胞 第二季,886319522
夫妻双双把家还,71.705,5,16777215,2025-06-07 19:43:48,286091033,3,登革热/痤疮,工作细胞 第二季,886319522
致死量,55.481,1,16777215,2025-06-07 16:55:01,286091033,3,登革热/痤疮,工作细胞 第二季,886319522
有痘不要挤拿药膏涂或者一些无害护肤品涂,1051.752,1,16777215,2025-06-06 00:37:59,286091033,3,登革热/痤疮,工作细胞 第二季,886319522
白哥！,1034.94,1,16777215,2025-06-06 00:37:00,286091033,3,登革热/痤疮,工作细胞 第二季,886319522
black到底是什么啊？求解释,9.284,1,15138834,2025-06-04 23:37:38,286091033,3,登革热/痤疮,工作细胞 第二季,886319522
监管者使用金身,1334.736,1,16777215,2025-06-04 18:58:14,286091033,3,登革热/痤疮,工作细胞 第二季,886319522
前辈你还活着啊呜呜呜呜,660.952,1,16777215,2025-06-04 18:33:28,286091033,3,登革热/痤疮,工作细胞 第二季,886319522
昨天被蚊子咬了好几个大包啊啊啊啊啊,635.792,1,16777215,2025-06-04 12:39:47,286091033,3,登革热/痤疮,工作细胞 第二季,886319522
青春痘？,844.869,1,16777215,2025-06-03 18:18:15,286091033,3,登革热/痤疮,工作细胞 第二季,886319522
go work!,745.506,1,16777215,2025-06-03 18:16:10,286091033,3,登革热/痤疮,工作细胞 第二季,886319522
琦玉老师就没有这种烦恼了,1181.322,1,16777215,2025-06-01 20:02:57,286091033,3,登革热/痤疮,工作细胞 第二季,886319522
不行，这集看得我好难受，因为我是真秃啊！,1187.838,1,16777215,2025-06-01 15:18:33,286091033,3,登革热/痤疮,工作细胞 第二季,886319522
别啊！！！往大的拧啊！！！,453.041,5,16777215,2025-06-01 12:55:28,286091033,3,登革热/痤疮,工作细胞 第二季,886319522
跳伞 56,635.785,1,16777215,2025-05-31 10:28:43,286091033,3,登革热/痤疮,工作细胞 第二季,886319522
都会游走了怎么都不会游泳,1313.54,1,16777215,2025-05-30 19:57:48,286091033,3,登革热/痤疮,工作细胞 第二季,886319522
神器？666,411.187,1,16777215,2025-05-28 18:23:09,286091033,3,登革热/痤疮,工作细胞 第二季,886319522
看到这火速洗了个头,946.604,1,16777215,2025-05-28 09:41:46,286091033,3,登革热/痤疮,工作细胞 第二季,886319522
来个每日吐血,1195.765,1,16777215,2025-05-27 12:24:26,286091033,3,登革热/痤疮,工作细胞 第二季,886319522
白鸽!不要,895.017,1,16777215,2025-05-27 12:17:26,286091033,3,登革热/痤疮,工作细胞 第二季,886319522
白鸽!不知道,889.017,1,16777215,2025-05-27 12:16:08,286091033,3,登革热/痤疮,工作细胞 第二季,886319522
后面的白鸽好搞笑,837.897,1,16777215,2025-05-27 12:15:03,286091033,3,登革热/痤疮,工作细胞 第二季,886319522
不是，这俩不是在胃吗？都打到胃里了？,515.631,5,15138834,2025-05-25 11:09:40,286091033,3,登革热/痤疮,工作细胞 第二季,886319522
为什么我身体里还有大麻？,396.536,5,15138834,2025-05-25 11:08:05,286091033,3,登革热/痤疮,工作细胞 第二季,886319522
看成痔疮,0.02,1,16777215,2025-05-25 10:47:00,286091033,3,登革热/痤疮,工作细胞 第二季,886319522
说实话，有点吓我一跳。。,484.925,1,16777215,2025-05-24 15:46:49,286091033,3,登革热/痤疮,工作细胞 第二季,886319522
一会儿要变僵尸,1317.939,1,16777215,2025-05-24 08:53:37,286091033,3,登革热/痤疮,工作细胞 第二季,886319522
别急，一会儿就不帅了,1290.459,1,16777215,2025-05-24 08:53:04,286091033,3,登革热/痤疮,工作细胞 第二季,886319522
哥，你刚刚咋了？你成卡拉,1178.979,1,16777215,2025-05-24 08:50:58,286091033,3,登革热/痤疮,工作细胞 第二季,886319522
主角永远不会死,1004.052,1,16777215,2025-05-24 08:45:41,286091033,3,登革热/痤疮,工作细胞 第二季,886319522
||46号,928.032,1,16777215,2025-05-24 08:44:19,286091033,3,登革热/痤疮,工作细胞 第二季,886319522
你还我血小板,368.6,1,16777215,2025-05-24 00:29:44,286091033,3,登革热/痤疮,工作细胞 第二季,886319522
不！我的头发啊啊啊啊啊！,1149.765,1,16707842,2025-05-22 20:19:51,286091033,3,登革热/痤疮,工作细胞 第二季,886319522
天哪我承认你很帅中二细胞,495.2,1,16777215,2025-05-22 19:11:00,286091033,3,登革热/痤疮,工作细胞 第二季,886319522
我不做细胞了，红血球,382.716,1,16777215,2025-05-22 17:40:36,286091033,3,登革热/痤疮,工作细胞 第二季,886319522
为什么她的编号是3803而不是4869（夏洛克） ,676.154,1,16777215,2025-05-18 22:09:11,286091033,3,登革热/痤疮,工作细胞 第二季,886319522
Smimase,267.748,1,16777215,2025-05-18 22:01:53,286091033,3,登革热/痤疮,工作细胞 第二季,886319522
好中二的细胞,474.961,1,16777215,2025-05-18 17:49:04,286091033,3,登革热/痤疮,工作细胞 第二季,886319522
我的头发,782.346,1,16777215,2025-05-17 21:35:53,286091033,3,登革热/痤疮,工作细胞 第二季,886319522
白   哥,1317.729,1,16777215,2025-05-17 18:52:53,286091033,3,登革热/痤疮,工作细胞 第二季,886319522
有人吗？,422.424,1,16777215,2025-05-16 21:34:02,286091033,3,登革热/痤疮,工作细胞 第二季,886319522
我不做细胞了，红血球,381.673,1,16777215,2025-05-16 20:42:31,286091033,3,登革热/痤疮,工作细胞 第二季,886319522
石鬼面,366.791,1,16777215,2025-05-16 20:41:50,286091033,3,登革热/痤疮,工作细胞 第二季,886319522
榨头油,1273.917,1,16777215,2025-05-15 01:03:34,286091033,3,登革热/痤疮,工作细胞 第二季,886319522
蚊子，你倒是给它吸走呀，我禁止细胞在我身体里谈恋爱,366.033,1,16777215,2025-05-12 19:50:25,286091033,3,登革热/痤疮,工作细胞 第二季,886319522
红姐速归,1232.837,1,16777215,2025-05-11 21:17:35,286091033,3,登革热/痤疮,工作细胞 第二季,886319522
可恶！就是你害我脱发是吧？！,778.157,1,16777215,2025-05-08 19:32:29,286091033,3,登革热/痤疮,工作细胞 第二季,886319522
下次搞个荨麻疹,638.589,1,16777215,2025-05-08 12:42:28,286091033,3,登革热/痤疮,工作细胞 第二季,886319522
开吃开吃,574.312,1,16777215,2025-05-08 12:41:09,286091033,3,登革热/痤疮,工作细胞 第二季,886319522
扣  扣  酱,1257.92,5,16707842,2025-05-07 09:16:00,286091033,3,登革热/痤疮,工作细胞 第二季,886319522
嗜碱性粒细胞也会产生组织胺，但是没有MAST细胞的重要,471.172,5,16777215,2025-05-06 00:21:15,286091033,3,登革热/痤疮,工作细胞 第二季,886319522
小乔，要努力变强！,418.361,1,16777215,2025-05-04 17:04:49,286091033,3,登革热/痤疮,工作细胞 第二季,886319522
黄金卿,405.757,1,16777215,2025-05-03 23:41:09,286091033,3,登革热/痤疮,工作细胞 第二季,886319522
石鬼面,368.816,1,16777215,2025-05-03 13:04:19,286091033,3,登革热/痤疮,工作细胞 第二季,886319522
武器指导：空喜,401.088,1,16777215,2025-05-03 11:40:12,286091033,3,登革热/痤疮,工作细胞 第二季,886319522
我也想吃,37.076,1,16777215,2025-05-02 20:06:18,286091033,3,登革热/痤疮,工作细胞 第二季,886319522
他叫哥，血小板叫叔，所以白的年龄是个问题,1201.847,1,16777215,2025-05-02 11:54:22,286091033,3,登革热/痤疮,工作细胞 第二季,886319522
转行血小板吧,1033.662,1,16777215,2025-05-02 11:50:51,286091033,3,登革热/痤疮,工作细胞 第二季,886319522
木大木大木大木大!！！！,414.413,1,16777215,2025-05-02 09:53:27,286091033,3,登革热/痤疮,工作细胞 第二季,886319522
我不做细胞了！红细胞！,382.725,1,16777215,2025-05-02 09:52:18,286091033,3,登革热/痤疮,工作细胞 第二季,886319522
？到底在燃什么…,1208.408,1,16777215,2025-05-01 17:24:01,286091033,3,登革热/痤疮,工作细胞 第二季,886319522
哈利路大旋风！,411.496,1,16777215,2025-04-29 10:47:09,286091033,3,登革热/痤疮,工作细胞 第二季,886319522
kill    达卜kill   拽卜kill  蓝鲸的胃！！！！！,229.357,5,16777215,2025-04-27 21:30:28,286091033,3,登革热/痤疮,工作细胞 第二季,886319522
白哥超帅,1303.272,5,16777215,2025-04-27 12:52:31,286091033,3,登革热/痤疮,工作细胞 第二季,886319522
夫妻档,72.445,5,16777215,2025-04-27 01:09:56,286091033,3,登革热/痤疮,工作细胞 第二季,886319522
痒起来了,65.704,5,16777215,2025-04-27 01:09:40,286091033,3,登革热/痤疮,工作细胞 第二季,886319522
能不能搞中文？,12.42,1,16777215,2025-04-25 22:09:17,286091033,3,登革热/痤疮,工作细胞 第二季,886319522
郎格汉斯细胞其实是一种不成熟的树突状细胞,298.417,5,16777215,2025-04-22 18:04:16,286091033,3,登革热/痤疮,工作细胞 第二季,886319522
欧不。。白血球,740.856,5,16777215,2025-04-22 15:11:07,286091033,3,登革热/痤疮,工作细胞 第二季,886319522
他的沉默震耳欲聋,54.734,5,15138834,2025-04-21 19:44:19,286091033,3,登革热/痤疮,工作细胞 第二季,886319522
black,736.355,1,16777215,2025-04-21 12:25:57,286091033,3,登革热/痤疮,工作细胞 第二季,886319522
肥大打出饰拳,184.214,1,16777215,2025-04-20 23:25:40,286091033,3,登革热/痤疮,工作细胞 第二季,886319522
帽子咋来的,1345.688,1,16777215,2025-04-20 17:45:26,286091033,3,登革热/痤疮,工作细胞 第二季,886319522
啊啊啊啊啊！——（尖锐爆鸣）走开啊！——,311.327,1,16777215,2025-04-19 20:37:48,286091033,3,登革热/痤疮,工作细胞 第二季,886319522
敏感体质表示太能理解了……,255.94,1,16777215,2025-04-19 20:36:46,286091033,3,登革热/痤疮,工作细胞 第二季,886319522
(≧∇≦)/,668.676,1,16777215,2025-04-19 17:15:12,286091033,3,登革热/痤疮,工作细胞 第二季,886319522
只有嗜酸性粒细胞听得懂啊啊啊,507.047,1,16707842,2025-04-19 00:07:48,286091033,3,登革热/痤疮,工作细胞 第二季,886319522
哎呀,646.098,1,16777215,2025-04-18 22:08:47,286091033,3,登革热/痤疮,工作细胞 第二季,886319522
白哥:阿弥陀佛。。,619.347,1,16777215,2025-04-18 22:05:15,286091033,3,登革热/痤疮,工作细胞 第二季,886319522
让我留疤的痤疮,836.004,1,16777215,2025-04-18 14:21:37,286091033,3,登革热/痤疮,工作细胞 第二季,886319522
不要脱发！,1156.015,1,16777215,2025-04-18 10:54:50,286091033,3,登革热/痤疮,工作细胞 第二季,886319522
哈哈哈哈哈哈哈哈哈哈哈哈哈哈哈哈哈哈哈哈哈哈哈哈哈哈哈哈哈哈哈哈哈哈哈哈哈哈哈哈哈哈哈哈,1404.281,1,16777215,2025-04-17 23:24:58,286091033,3,登革热/痤疮,工作细胞 第二季,886319522
解锁金皮了,1348.193,1,16777215,2025-04-15 22:55:46,286091033,3,登革热/痤疮,工作细胞 第二季,886319522
我靠好心痛,971.83,1,16777215,2025-04-15 19:32:18,286091033,3,登革热/痤疮,工作细胞 第二季,886319522
啊，我的白血球！,999.465,1,16777215,2025-04-15 11:04:45,286091033,3,登革热/痤疮,工作细胞 第二季,886319522
】、、,1043.551,1,16777215,2025-04-14 11:36:26,286091033,3,登革热/痤疮,工作细胞 第二季,886319522
哀家长头发了！,1224.039,1,16777215,2025-04-14 02:33:20,286091033,3,登革热/痤疮,工作细胞 第二季,886319522
这个应该是起脓包了，正常情况不会这么严重应该,1167.06,1,16777215,2025-04-13 06:51:35,286091033,3,登革热/痤疮,工作细胞 第二季,886319522
儿女双全,1374.61,1,16777215,2025-04-11 16:22:06,286091033,3,登革热/痤疮,工作细胞 第二季,886319522
死蚊子,298.404,5,16777215,2025-04-10 15:06:42,286091033,3,登革热/痤疮,工作细胞 第二季,886319522
组胺会起疹子的,52.255,1,16777215,2025-04-09 15:55:25,286091033,3,登革热/痤疮,工作细胞 第二季,886319522
用硫磺皂就老实了，这孩子,1133.588,1,16777215,2025-04-09 12:13:29,286091033,3,登革热/痤疮,工作细胞 第二季,886319522
啊啊啊，这细胞的声音好耳熟,18.711,1,16777215,2025-04-08 12:10:40,286091033,3,登革热/痤疮,工作细胞 第二季,886319522
空喜？,403.798,1,16777215,2025-04-07 19:46:06,286091033,3,登革热/痤疮,工作细胞 第二季,886319522
哥们儿呢你咋黑进系统了（,474.372,1,16777215,2025-04-07 19:17:54,286091033,3,登革热/痤疮,工作细胞 第二季,886319522
别想了，细胞增殖都是靠分裂的，恋爱脑死一边去,684.847,1,16777215,2025-04-06 16:35:52,286091033,3,登革热/痤疮,工作细胞 第二季,886319522
大师，我悟了,502.087,1,16777215,2025-04-06 16:32:14,286091033,3,登革热/痤疮,工作细胞 第二季,886319522
嘟嘟嘴,39.273,1,8700107,2025-04-06 16:30:13,286091033,3,登革热/痤疮,工作细胞 第二季,886319522
姐你最好了！别不放啊！！,450.93,5,16777215,2025-04-06 11:55:46,286091033,3,登革热/痤疮,工作细胞 第二季,886319522
I型超敏反应,642.951,1,16777215,2025-04-05 23:19:03,286091033,3,登革热/痤疮,工作细胞 第二季,886319522
救命救命救命,461.364,1,16777215,2025-04-05 22:08:36,286091033,3,登革热/痤疮,工作细胞 第二季,886319522
补药啊！！,464.546,1,16777215,2025-04-05 21:16:54,286091033,3,登革热/痤疮,工作细胞 第二季,886319522
一生之敌,343.897,1,16777215,2025-04-05 21:14:53,286091033,3,登革热/痤疮,工作细胞 第二季,886319522
为什么没人⊙_⊙,777.333,1,16777215,2025-04-05 20:56:40,286091033,3,登革热/痤疮,工作细胞 第二季,886319522
白赤好磕,605.011,1,16777215,2025-04-05 20:53:17,286091033,3,登革热/痤疮,工作细胞 第二季,886319522
感觉白的这里还没有black好,753.794,1,16777215,2025-04-05 18:41:32,286091033,3,登革热/痤疮,工作细胞 第二季,886319522
上线就送100连抽,760.241,5,15138834,2025-04-05 18:14:07,286091033,3,登革热/痤疮,工作细胞 第二季,886319522
T细胞∶？？,382.84,1,16777215,2025-04-04 12:02:05,286091033,3,登革热/痤疮,工作细胞 第二季,886319522
被骂了，好小一只白哥哈哈哈哈哈,1378.342,5,16777215,2025-04-02 00:34:31,286091033,3,登革热/痤疮,工作细胞 第二季,886319522
这就是我们拿高薪干的活（有端联想）,209.984,1,16777215,2025-03-31 00:06:55,286091033,3,登革热/痤疮,工作细胞 第二季,886319522
老~~~爷~~~爷~~~,614.637,1,16777215,2025-03-30 23:38:46,286091033,3,登革热/痤疮,工作细胞 第二季,886319522
缺少组织胺导致免疫细胞游走慢,528.061,1,16777215,2025-03-30 18:40:22,286091033,3,登革热/痤疮,工作细胞 第二季,886319522
这两有啥好嗑的,631.057,1,16777215,2025-03-30 09:15:44,286091033,3,登革热/痤疮,工作细胞 第二季,886319522
你这细胞脑袋怎么尖尖的？,1219.586,1,16777215,2025-03-30 00:58:12,286091033,3,登革热/痤疮,工作细胞 第二季,886319522
我服了，还我气氛,1215.995,1,16777215,2025-03-28 21:07:43,286091033,3,登革热/痤疮,工作细胞 第二季,886319522
阿玛特拉斯,1121.89,1,16777215,2025-03-28 21:05:54,286091033,3,登革热/痤疮,工作细胞 第二季,886319522
好机会我嬷,889.071,1,16777215,2025-03-28 21:01:54,286091033,3,登革热/痤疮,工作细胞 第二季,886319522
痤疮就是痘痘啦,759.519,1,16777215,2025-03-27 21:40:59,286091033,3,登革热/痤疮,工作细胞 第二季,886319522
朋友们，痤疮就是痘痘啦,14.711,1,16777215,2025-03-27 12:53:01,286091033,3,登革热/痤疮,工作细胞 第二季,886319522
谢谢细胞们,1377.285,1,16777215,2025-03-26 14:14:00,286091033,3,登革热/痤疮,工作细胞 第二季,886319522
真正的战士,1340.347,1,16777215,2025-03-26 14:13:18,286091033,3,登革热/痤疮,工作细胞 第二季,886319522
哭了姐妹们,1028.477,1,16777215,2025-03-26 14:08:00,286091033,3,登革热/痤疮,工作细胞 第二季,886319522
痘坑,834.705,1,16777215,2025-03-25 20:04:16,286091033,3,登革热/痤疮,工作细胞 第二季,886319522
肯德基老爷爷细胞,271.864,1,16777215,2025-03-23 17:50:44,286091033,3,登革热/痤疮,工作细胞 第二季,886319522
白哥哥,804.07,1,16777215,2025-03-23 13:25:14,286091033,3,登革热/痤疮,工作细胞 第二季,886319522
《闰土和鲁迅》,497.302,1,16777215,2025-03-19 22:32:59,286091033,3,登革热/痤疮,工作细胞 第二季,886319522
可爱ai,357.328,1,14811775,2025-03-19 21:42:30,286091033,3,登革热/痤疮,工作细胞 第二季,886319522
中二细胞！,468.679,1,16777215,2025-03-17 23:24:03,286091033,3,登革热/痤疮,工作细胞 第二季,886319522
一生之敌！,315.318,5,15138834,2025-03-17 23:19:02,286091033,3,登革热/痤疮,工作细胞 第二季,886319522
欧尼酱！！～,1351.742,1,15138834,2025-03-16 21:11:30,286091033,3,登革热/痤疮,工作细胞 第二季,886319522
铁扇公主）,416.081,1,15138834,2025-03-16 21:04:34,286091033,3,登革热/痤疮,工作细胞 第二季,886319522
++,977.677,1,16777215,2025-03-16 20:16:40,286091033,3,登革热/痤疮,工作细胞 第二季,886319522
痔疮,6.637,1,16777215,2025-03-15 23:56:05,286091033,3,登革热/痤疮,工作细胞 第二季,886319522
登革热就是自限性疾病,620.69,1,16777215,2025-03-15 17:38:57,286091033,3,登革热/痤疮,工作细胞 第二季,886319522
狗天大怎么跑这来了,408.265,1,16777215,2025-03-14 12:14:46,286091033,3,登革热/痤疮,工作细胞 第二季,886319522
别动我的头发！！！！！,783.228,1,16777215,2025-03-13 13:19:30,286091033,3,登革热/痤疮,工作细胞 第二季,886319522
加油啊！我体内的白哥哥！,1081.497,5,15138834,2025-03-10 22:26:34,286091033,3,登革热/痤疮,工作细胞 第二季,886319522
爷————爷————,383.095,1,16777215,2025-03-10 22:20:33,286091033,3,登革热/痤疮,工作细胞 第二季,886319522
你也不当人了？,390.755,1,16777215,2025-03-10 16:18:39,286091033,3,登革热/痤疮,工作细胞 第二季,886319522
所以我脸上痘痘上面的白色脓点里面全是死去的白细胞吗T﹏T,963.661,1,16777215,2025-03-10 14:47:00,286091033,3,登革热/痤疮,工作细胞 第二季,886319522
这边还很茂密啊,781.032,1,16777215,2025-03-09 22:22:20,286091033,3,登革热/痤疮,工作细胞 第二季,886319522
一生之敌,323.271,1,16777215,2025-03-09 21:54:56,286091033,3,登革热/痤疮,工作细胞 第二季,886319522
不是白哥的，编号9696，仔细看在帽子上有写哦,1036.115,1,16777215,2025-03-09 13:38:25,286091033,3,登革热/痤疮,工作细胞 第二季,886319522
脑袋尖尖,1216.253,1,16777215,2025-03-08 16:52:37,286091033,3,登革热/痤疮,工作细胞 第二季,886319522
这么喜欢100抽啊,1040.465,1,16777215,2025-03-08 16:49:28,286091033,3,登革热/痤疮,工作细胞 第二季,886319522
从来都没有什么救世主,897.296,1,16777215,2025-03-08 01:27:25,286091033,3,登革热/痤疮,工作细胞 第二季,886319522
讨厌的东西,863.097,1,16777215,2025-03-08 01:26:37,286091033,3,登革热/痤疮,工作细胞 第二季,886319522
下饭,1348.312,1,16777215,2025-03-05 15:18:09,286091033,3,登革热/痤疮,工作细胞 第二季,886319522
我就知道有人发痔疮23333,717.21,1,16777215,2025-03-04 07:49:21,286091033,3,登革热/痤疮,工作细胞 第二季,886319522
长老不是白发！！他们生活在一个毛孔中，他们是为那个毛发服务的细胞，不是毛发本身,1197.268,1,16777215,2025-03-04 00:03:49,286091033,3,登革热/痤疮,工作细胞 第二季,886319522
前方高能！,1332.037,1,16777215,2025-03-01 16:06:45,286091033,3,登革热/痤疮,工作细胞 第二季,886319522
这一脚无敌了,584.603,1,16777215,2025-03-01 15:42:53,286091033,3,登革热/痤疮,工作细胞 第二季,886319522
白----细----胞----,1318.575,1,2236962,2025-03-01 14:36:58,286091033,3,登革热/痤疮,工作细胞 第二季,886319522
痘痘?,837.572,1,16777215,2025-03-01 12:32:53,286091033,3,登革热/痤疮,工作细胞 第二季,886319522
我的头发细胞,772.034,1,16777215,2025-02-28 18:58:30,286091033,3,登革热/痤疮,工作细胞 第二季,886319522
我是祉杏,1196.802,1,16777215,2025-02-27 19:21:27,286091033,3,登革热/痤疮,工作细胞 第二季,886319522
我是祉杏,739.951,1,16777215,2025-02-27 19:09:36,286091033,3,登革热/痤疮,工作细胞 第二季,886319522
我是祉杏,708.765,1,16777215,2025-02-27 19:09:12,286091033,3,登革热/痤疮,工作细胞 第二季,886319522
我是祉杏,506.851,1,16777215,2025-02-27 19:06:55,286091033,3,登革热/痤疮,工作细胞 第二季,886319522
我是祉杏,471.639,1,16777215,2025-02-27 19:06:33,286091033,3,登革热/痤疮,工作细胞 第二季,886319522
我是祉杏,185.076,1,16777215,2025-02-27 19:03:05,286091033,3,登革热/痤疮,工作细胞 第二季,886319522
我是祉杏,166.592,1,16777215,2025-02-27 19:02:39,286091033,3,登革热/痤疮,工作细胞 第二季,886319522
我是祉杏,166.592,1,16777215,2025-02-27 19:02:34,286091033,3,登革热/痤疮,工作细胞 第二季,886319522
我是祉杏,4.01,1,16777215,2025-02-27 18:59:56,286091033,3,登革热/痤疮,工作细胞 第二季,886319522
别搞啊，我在吃饭,984.378,1,16777215,2025-02-25 18:51:30,286091033,3,登革热/痤疮,工作细胞 第二季,886319522
被次见到他就没好事,172.027,1,16777215,2025-02-24 22:11:44,286091033,3,登革热/痤疮,工作细胞 第二季,886319522
拔剑四顾心茫然,194.601,1,16777215,2025-02-21 23:03:16,286091033,3,登革热/痤疮,工作细胞 第二季,886319522
看动画片还骂角色的，吃盐吃多了？,937.111,5,16777215,2025-02-20 21:33:45,286091033,3,登革热/痤疮,工作细胞 第二季,886319522
禁止虐待老人,1178.399,1,16777215,2025-02-18 22:22:24,286091033,3,登革热/痤疮,工作细胞 第二季,886319522
中二哥:一袋米扛一楼,706.154,1,16777215,2025-02-18 16:55:30,286091033,3,登革热/痤疮,工作细胞 第二季,886319522
中二哥:一袋米扛几楼,479.613,1,16777215,2025-02-18 16:53:06,286091033,3,登革热/痤疮,工作细胞 第二季,886319522
风遁.大瀑布术dog,402.135,1,41194,2025-02-18 16:51:53,286091033,3,登革热/痤疮,工作细胞 第二季,886319522
就是你脸上的痘痘,837.343,1,16777215,2025-02-17 23:28:04,286091033,3,登革热/痤疮,工作细胞 第二季,886319522
不要动它！,787.734,1,16777215,2025-02-17 14:14:29,286091033,3,登革热/痤疮,工作细胞 第二季,886319522
+++++++++,710.122,1,16777215,2025-02-16 19:19:42,286091033,3,登革热/痤疮,工作细胞 第二季,886319522
这个身体真是多灾多难啊,62.925,1,16777215,2025-02-15 21:19:31,286091033,3,登革热/痤疮,工作细胞 第二季,886319522
人体蠕形螨，毛囊炎,748.508,1,16777215,2025-02-14 20:56:39,286091033,3,登革热/痤疮,工作细胞 第二季,886319522
白哥！速来！,530.345,1,16777215,2025-02-14 16:01:24,286091033,3,登革热/痤疮,工作细胞 第二季,886319522
前方高帅,870.855,1,16777215,2025-02-12 16:30:35,286091033,3,登革热/痤疮,工作细胞 第二季,886319522
wryyyyy（幻听,408.0,1,16777215,2025-02-11 12:11:43,286091033,3,登革热/痤疮,工作细胞 第二季,886319522
这面具咋一股石鬼面的味儿呢,383.038,1,16777215,2025-02-11 07:37:40,286091033,3,登革热/痤疮,工作细胞 第二季,886319522
我不做细胞了,379.796,1,16777215,2025-02-11 07:37:31,286091033,3,登革热/痤疮,工作细胞 第二季,886319522
我的脸！是这些杂菌啊啊啊啊,1030.089,1,16777215,2025-02-11 00:57:54,286091033,3,登革热/痤疮,工作细胞 第二季,886319522
这个人挺年轻啊，只有一根白头发,1183.41,1,16777215,2025-02-10 20:21:03,286091033,3,登革热/痤疮,工作细胞 第二季,886319522
头发，我的头发,896.59,1,16777215,2025-02-10 20:15:47,286091033,3,登革热/痤疮,工作细胞 第二季,886319522
啊！是不是常说的火疖子？,849.261,1,16777215,2025-02-10 15:59:41,286091033,3,登革热/痤疮,工作细胞 第二季,886319522
wry~~~~~,390.703,1,16777215,2025-02-10 00:25:23,286091033,3,登革热/痤疮,工作细胞 第二季,886319522
隔着屏幕都想把他们干了……,865.821,1,16777215,2025-02-08 20:38:02,286091033,3,登革热/痤疮,工作细胞 第二季,886319522
红——————,350.481,1,16777215,2025-02-08 20:29:16,286091033,3,登革热/痤疮,工作细胞 第二季,886319522
黑的？,779.358,1,16777215,2025-02-08 19:12:52,286091033,3,登革热/痤疮,工作细胞 第二季,886319522
白哥头怎么尖尖的？,1396.502,1,16777215,2025-02-08 18:36:00,286091033,3,登革热/痤疮,工作细胞 第二季,886319522
这座身体的主人天天生病也够惨的了。。一天刷完的人主人就要死了,1386.56,1,16777215,2025-02-08 10:06:44,286091033,3,登革热/痤疮,工作细胞 第二季,886319522
黑人服务器，上线就送100连“抽”,771.654,1,15138834,2025-02-07 23:36:28,286091033,3,登革热/痤疮,工作细胞 第二季,886319522
头发好痒,859.765,1,9033215,2025-02-07 23:12:09,286091033,3,登革热/痤疮,工作细胞 第二季,886319522
人话：你还在,630.568,1,9033215,2025-02-07 23:07:54,286091033,3,登革热/痤疮,工作细胞 第二季,886319522
完球了233,528.383,1,9033215,2025-02-07 23:05:47,286091033,3,登革热/痤疮,工作细胞 第二季,886319522
人    类    唯    一    天    敌,318.216,1,9033215,2025-02-07 23:01:56,286091033,3,登革热/痤疮,工作细胞 第二季,886319522
丸辣！,301.626,1,9033215,2025-02-07 23:01:18,286091033,3,登革热/痤疮,工作细胞 第二季,886319522
新角色解锁,266.722,1,16777215,2025-02-07 23:00:07,286091033,3,登革热/痤疮,工作细胞 第二季,886319522
中二细胞！,474.269,1,15138834,2025-02-07 17:47:39,286091033,3,登革热/痤疮,工作细胞 第二季,886319522
毛毛虫,1073.765,1,16777215,2025-02-07 14:52:35,286091033,3,登革热/痤疮,工作细胞 第二季,886319522
望祖詹的下一步就是你长疙瘩开始挠痒痒,542.373,1,16777215,2025-02-07 13:52:49,286091033,3,登革热/痤疮,工作细胞 第二季,886319522
太棒了，刚刚洗完头,1363.045,1,16777215,2025-02-06 13:49:41,286091033,3,登革热/痤疮,工作细胞 第二季,886319522
无形中我又把痤疮扣破了……,1034.779,5,15138834,2025-02-05 20:10:29,286091033,3,登革热/痤疮,工作细胞 第二季,886319522
希斯特利亚表示：孩子 你很有潜力,1175.782,1,16777215,2025-02-05 19:14:51,286091033,3,登革热/痤疮,工作细胞 第二季,886319522
都快去洗头,944.619,1,16777215,2025-02-05 19:10:41,286091033,3,登革热/痤疮,工作细胞 第二季,886319522
白哥你太温柔了,915.102,1,16777215,2025-02-05 19:10:03,286091033,3,登革热/痤疮,工作细胞 第二季,886319522
不！！！！！！！白哥！！！！！！！！！！！！！！！！！！！！！！！！！不！！！！！！！！！！！！！！！！！！！！！！！！！！！！！,890.011,1,16777215,2025-02-05 19:09:23,286091033,3,登革热/痤疮,工作细胞 第二季,886319522
白哥！！！！！！！！！！！！！！！！！！！！,883.516,1,16777215,2025-02-05 19:08:57,286091033,3,登革热/痤疮,工作细胞 第二季,886319522
别打孩子,783.097,1,16777215,2025-02-05 19:07:04,286091033,3,登革热/痤疮,工作细胞 第二季,886319522
你们都脸红个毛啊,673.773,1,16777215,2025-02-05 19:05:09,286091033,3,登革热/痤疮,工作细胞 第二季,886319522
小别致长的真东西,872.458,1,16777215,2025-02-05 18:34:40,286091033,3,登革热/痤疮,工作细胞 第二季,886319522
白哥！！！妻危！！！速来！！！！,341.617,1,16777215,2025-02-04 22:09:25,286091033,3,登革热/痤疮,工作细胞 第二季,886319522
我巨讨厌你！！！！！,311.067,1,16777215,2025-02-04 22:08:36,286091033,3,登革热/痤疮,工作细胞 第二季,886319522
女王  是你吗！！希斯特利亚！,230.94,1,16777215,2025-02-04 22:07:03,286091033,3,登革热/痤疮,工作细胞 第二季,886319522
好可爱啊撅嘴,214.129,1,16777215,2025-02-04 22:06:18,286091033,3,登革热/痤疮,工作细胞 第二季,886319522
go  work,749.101,1,16777215,2025-02-04 22:06:16,286091033,3,登革热/痤疮,工作细胞 第二季,886319522
上线就送100连抽,765.934,1,16777215,2025-02-04 18:02:30,286091033,3,登革热/痤疮,工作细胞 第二季,886319522
痘痘里的白色液体其实都是白细胞哦...,971.583,5,16777215,2025-02-04 13:29:36,286091033,3,登革热/痤疮,工作细胞 第二季,886319522
美团外卖。,25.999,1,16777215,2025-02-03 23:37:35,286091033,3,登革热/痤疮,工作细胞 第二季,886319522
我在吃东西，为什么要讲痔疮,11.593,1,16777215,2025-02-03 17:01:19,286091033,3,登革热/痤疮,工作细胞 第二季,886319522
组织胺会吸引白血球过去的吧？,527.819,1,16777215,2025-02-03 15:50:41,286091033,3,登革热/痤疮,工作细胞 第二季,886319522
上线就送一百抽,751.852,1,16777215,2025-02-02 22:46:31,286091033,3,登革热/痤疮,工作细胞 第二季,886319522
你打下一句话是,1292.221,1,16777215,2025-02-02 21:16:43,286091033,3,登革热/痤疮,工作细胞 第二季,886319522
你的下一句话是,1292.221,1,16777215,2025-02-02 21:16:31,286091033,3,登革热/痤疮,工作细胞 第二季,886319522
你的下一句话是,1292.221,1,16777215,2025-02-02 21:16:26,286091033,3,登革热/痤疮,工作细胞 第二季,886319522
演讲家又又又出现了,470.562,1,16777215,2025-02-02 20:52:25,286091033,3,登革热/痤疮,工作细胞 第二季,886319522
我以为是黑头,780.062,1,16777215,2025-02-02 19:40:32,286091033,3,登革热/痤疮,工作细胞 第二季,886319522
能发了吗,26.682,1,16777215,2025-02-02 15:07:52,286091033,3,登革热/痤疮,工作细胞 第二季,886319522
动作指导：金 凯瑞,373.189,1,16777215,2025-02-01 21:26:55,286091033,3,登革热/痤疮,工作细胞 第二季,886319522
我的头发！！！！！！！！！,1139.682,1,16777215,2025-02-01 20:24:27,286091033,3,登革热/痤疮,工作细胞 第二季,886319522
细胞也要当怪盗,380.508,5,15138834,2025-02-01 19:19:38,286091033,3,登革热/痤疮,工作细胞 第二季,886319522
啊啊啊啊还我头发！！！！,780.915,1,38979,2025-02-01 18:19:53,286091033,3,登革热/痤疮,工作细胞 第二季,886319522
你也是树突状细胞？啊？,275.112,1,38979,2025-02-01 18:10:10,286091033,3,登革热/痤疮,工作细胞 第二季,886319522
闪耀型白细胞,1339.011,1,16777215,2025-01-31 15:09:35,286091033,3,登革热/痤疮,工作细胞 第二季,886319522
人话：不要开摆,512.902,1,16777215,2025-01-31 14:55:04,286091033,3,登革热/痤疮,工作细胞 第二季,886319522
头皮好痒,793.659,5,16707842,2025-01-31 10:23:56,286091033,3,登革热/痤疮,工作细胞 第二季,886319522
坚定自己,524.068,1,16777215,2025-01-31 09:27:09,286091033,3,登革热/痤疮,工作细胞 第二季,886319522
哲学大师哈哈哈,490.748,1,16777215,2025-01-31 09:26:09,286091033,3,登革热/痤疮,工作细胞 第二季,886319522
好优雅,274.048,1,16777215,2025-01-31 09:22:12,286091033,3,登革热/痤疮,工作细胞 第二季,886319522
哈哈哈好可爱,62.712,1,16777215,2025-01-30 15:24:09,286091033,3,登革热/痤疮,工作细胞 第二季,886319522
白哥好帅,1052.497,1,16777215,2025-01-29 20:34:49,286091033,3,登革热/痤疮,工作细胞 第二季,886319522
细节窗户贴米字,426.34,1,16777215,2025-01-29 17:54:34,286091033,3,登革热/痤疮,工作细胞 第二季,886319522
红姐看到得心疼死,1354.993,1,15138834,2025-01-29 16:00:57,286091033,3,登革热/痤疮,工作细胞 第二季,886319522
孝出强大,1174.394,1,16777215,2025-01-28 20:18:14,286091033,3,登革热/痤疮,工作细胞 第二季,886319522
极品老头衫,276.632,1,16777215,2025-01-28 13:53:17,286091033,3,登革热/痤疮,工作细胞 第二季,886319522
热血老登,539.601,1,16777215,2025-01-26 23:26:20,286091033,3,登革热/痤疮,工作细胞 第二季,886319522
应应该是被烫伤了吧？,215.819,1,16777215,2025-01-26 09:38:05,286091033,3,登革热/痤疮,工作细胞 第二季,886319522
他身上油的很哬啊啊啊啊啊啊啊,1353.783,1,16777215,2025-01-25 22:26:23,286091033,3,登革热/痤疮,工作细胞 第二季,886319522
白哥帅！,1049.973,1,16777215,2025-01-25 22:20:52,286091033,3,登革热/痤疮,工作细胞 第二季,886319522
左边伊斯兰细胞,828.362,5,16777215,2025-01-25 11:08:52,286091033,3,登革热/痤疮,工作细胞 第二季,886319522
那我问你,1212.705,1,16777215,2025-01-22 19:15:06,286091033,3,登革热/痤疮,工作细胞 第二季,886319522
这顶白细胞帽子没有感应器诶,1016.202,1,16777215,2025-01-22 15:11:17,286091033,3,登革热/痤疮,工作细胞 第二季,886319522
还我血小板！！！,339.362,1,16777215,2025-01-22 01:29:43,286091033,3,登革热/痤疮,工作细胞 第二季,886319522
MAYA是你吗，上次见你还是在英语考卷上,749.436,5,16777215,2025-01-21 21:02:12,286091033,3,登革热/痤疮,工作细胞 第二季,886319522
MAYA是你吗，上次见你还是在英语考卷上,742.426,1,16777215,2025-01-21 20:53:31,286091033,3,登革热/痤疮,工作细胞 第二季,886319522
哈哈哈，上线就送100抽,765.011,1,16777215,2025-01-20 16:31:59,286091033,3,登革热/痤疮,工作细胞 第二季,886319522
少年好颜艺,576.531,1,16777215,2025-01-20 11:52:21,286091033,3,登革热/痤疮,工作细胞 第二季,886319522
求衣服链接,1386.804,1,16777215,2025-01-17 18:29:42,286091033,3,登革热/痤疮,工作细胞 第二季,886319522
金身,1342.329,1,16777215,2025-01-17 18:28:41,286091033,3,登革热/痤疮,工作细胞 第二季,886319522
白哥————————————————————————,1319.021,1,16777215,2025-01-17 18:28:15,286091033,3,登革热/痤疮,工作细胞 第二季,886319522
白————————哥——————————,1304.227,1,16777215,2025-01-17 18:27:54,286091033,3,登革热/痤疮,工作细胞 第二季,886319522
撑死了？,1275.097,1,16777215,2025-01-17 18:27:12,286091033,3,登革热/痤疮,工作细胞 第二季,886319522
白————————哥————————,1228.511,1,16777215,2025-01-17 18:26:20,286091033,3,登革热/痤疮,工作细胞 第二季,886319522
白哥————————,1185.886,1,16777215,2025-01-17 18:25:11,286091033,3,登革热/痤疮,工作细胞 第二季,886319522
11————46哥——————,894.132,1,16777215,2025-01-17 18:18:13,286091033,3,登革热/痤疮,工作细胞 第二季,886319522
配音棚里欢乐多,784.006,1,16777215,2025-01-17 18:01:57,286091033,3,登革热/痤疮,工作细胞 第二季,886319522
补药打我的头发啊……,785.234,1,16777215,2025-01-17 10:48:28,286091033,3,登革热/痤疮,工作细胞 第二季,886319522
[前方高能],510.211,1,16777215,2025-01-16 15:23:58,286091033,3,登革热/痤疮,工作细胞 第二季,886319522
小小的也很可爱,1398.597,1,16777215,2025-01-16 14:12:27,286091033,3,登革热/痤疮,工作细胞 第二季,886319522
这小东西挺狂啊,860.948,1,16777215,2025-01-15 21:13:46,286091033,3,登革热/痤疮,工作细胞 第二季,886319522
虱子吗,771.943,1,16777215,2025-01-13 23:32:18,286091033,3,登革热/痤疮,工作细胞 第二季,886319522
出现了！中二细胞！,471.692,1,41194,2025-01-13 22:32:21,286091033,3,登革热/痤疮,工作细胞 第二季,886319522
注意皮肤清洁啊,1208.063,5,9033215,2025-01-13 06:47:28,286091033,3,登革热/痤疮,工作细胞 第二季,886319522
佛之青椒,1222.278,1,16777215,2025-01-12 16:40:21,286091033,3,登革热/痤疮,工作细胞 第二季,886319522
对不起！我马上吃异维A治痘,868.561,1,16777215,2025-01-12 12:57:20,286091033,3,登革热/痤疮,工作细胞 第二季,886319522
肚中肚兮肚中肚,13.697,1,16777215,2025-01-09 00:13:55,286091033,3,登革热/痤疮,工作细胞 第二季,886319522
易维A酸救一下,843.402,1,16777215,2025-01-08 20:28:46,286091033,3,登革热/痤疮,工作细胞 第二季,886319522
组织胺会痒痒的好像，蚊子包痒痒的就是这个事,221.207,1,16777215,2025-01-08 10:48:37,286091033,3,登革热/痤疮,工作细胞 第二季,886319522
幽灵线东京,485.239,1,16777215,2025-01-08 00:07:35,286091033,3,登革热/痤疮,工作细胞 第二季,886319522
白哥有主角光环，不会死！,1148.165,1,16777215,2025-01-05 20:43:25,286091033,3,登革热/痤疮,工作细胞 第二季,886319522
瞬间 天堂变地狱了！,50.232,1,16777215,2025-01-05 11:52:47,286091033,3,登革热/痤疮,工作细胞 第二季,886319522
你脸红个泡泡茶壶、,673.832,1,16777215,2025-01-04 21:35:35,286091033,3,登革热/痤疮,工作细胞 第二季,886319522
就是你小子害我满脸痘的,1060.275,1,16777215,2025-01-03 18:52:47,286091033,3,登革热/痤疮,工作细胞 第二季,886319522
wc沙丘,1075.144,1,16777215,2025-01-03 16:22:01,286091033,3,登革热/痤疮,工作细胞 第二季,886319522
在痤疮的地方开个小口子然后双氧水就好了QwQ,1029.924,1,16777215,2025-01-02 20:04:43,286091033,3,登革热/痤疮,工作细胞 第二季,886319522
BOSS战,1081.723,1,16777215,2025-01-02 18:36:13,286091033,3,登革热/痤疮,工作细胞 第二季,886319522
背上长了好多,990.909,1,16777215,2024-12-31 20:40:18,286091033,3,登革热/痤疮,工作细胞 第二季,886319522
可以，不要痤疮,855.713,1,16777215,2024-12-31 19:03:36,286091033,3,登革热/痤疮,工作细胞 第二季,886319522
补药动我的头发啊,783.616,1,16777215,2024-12-31 19:03:00,286091033,3,登革热/痤疮,工作细胞 第二季,886319522
对不起 我一定按时清理皮肤 按时洗头呜呜呜,993.492,1,16777215,2024-12-30 23:19:40,286091033,3,登革热/痤疮,工作细胞 第二季,886319522
痛，太痛了,723.56,1,16777215,2024-12-30 22:41:40,286091033,3,登革热/痤疮,工作细胞 第二季,886319522
黑黑黑奴？,765.209,1,16777215,2024-12-30 21:55:32,286091033,3,登革热/痤疮,工作细胞 第二季,886319522
Go work ？,753.542,1,16777215,2024-12-30 21:55:21,286091033,3,登革热/痤疮,工作细胞 第二季,886319522
no,1329.119,1,16777215,2024-12-30 18:27:49,286091033,3,登革热/痤疮,工作细胞 第二季,886319522
9——6——9——6——,723.714,5,14811775,2024-12-30 13:15:32,286091033,3,登革热/痤疮,工作细胞 第二季,886319522
西八！吃我一掌！,317.527,1,16777215,2024-12-30 11:40:56,286091033,3,登革热/痤疮,工作细胞 第二季,886319522
上线就送100连抽,781.033,1,16777215,2024-12-29 12:41:22,286091033,3,登革热/痤疮,工作细胞 第二季,886319522
头怎么尖尖的,1215.58,5,16777215,2024-12-28 11:47:27,286091033,3,登革热/痤疮,工作细胞 第二季,886319522
想起了银魂的长——老——（。,1170.833,1,16777215,2024-12-27 09:22:02,286091033,3,登革热/痤疮,工作细胞 第二季,886319522
肯德基疯狂星期四豪华套餐,536.504,1,15138834,2024-12-26 05:44:24,286091033,3,登革热/痤疮,工作细胞 第二季,886319522
细菌内毒素出来了,1309.612,5,15138834,2024-12-23 23:23:00,286091033,3,登革热/痤疮,工作细胞 第二季,886319522
上条当麻！,1214.681,5,15138834,2024-12-22 18:25:28,286091033,3,登革热/痤疮,工作细胞 第二季,886319522
原来你会说话啊,714.063,5,16707842,2024-12-22 18:17:32,286091033,3,登革热/痤疮,工作细胞 第二季,886319522
少女你应该去当白细胞……,239.059,1,16777215,2024-12-21 22:38:48,286091033,3,登革热/痤疮,工作细胞 第二季,886319522
快把灭蚊器拿来啊,303.512,1,15138834,2024-12-21 22:32:36,286091033,3,登革热/痤疮,工作细胞 第二季,886319522
如果晴天突然下起大雨,47.911,1,16777215,2024-12-21 22:29:28,286091033,3,登革热/痤疮,工作细胞 第二季,886319522
天气蒸不错,30.853,1,16777215,2024-12-21 22:28:37,286091033,3,登革热/痤疮,工作细胞 第二季,886319522
出现了，中二细胞,478.249,1,16777215,2024-12-21 19:31:49,286091033,3,登革热/痤疮,工作细胞 第二季,886319522
《内战》,239.986,1,16777215,2024-12-21 07:46:25,286091033,3,登革热/痤疮,工作细胞 第二季,886319522
丸辣,456.619,1,16777215,2024-12-20 22:12:14,286091033,3,登革热/痤疮,工作细胞 第二季,886319522
丸辣!,318.72,1,16777215,2024-12-20 22:09:58,286091033,3,登革热/痤疮,工作细胞 第二季,886319522
觉醒吧persona！,384.444,5,16777215,2024-12-18 20:52:05,286091033,3,登革热/痤疮,工作细胞 第二季,886319522
居然是以这种方式来介绍蚊子的吗？,328.35,1,16777215,2024-12-18 17:39:00,286091033,3,登革热/痤疮,工作细胞 第二季,886319522
银桑细胞,500.686,5,16777215,2024-12-16 21:22:45,286091033,3,登革热/痤疮,工作细胞 第二季,886319522
肥大&愤怒,222.706,1,16777215,2024-12-15 19:53:35,286091033,3,登革热/痤疮,工作细胞 第二季,886319522
wryyyyyy,422.012,1,16777215,2024-12-15 16:45:24,286091033,3,登革热/痤疮,工作细胞 第二季,886319522
上线就送一百连抽,754.859,1,16777215,2024-12-15 01:06:16,286091033,3,登革热/痤疮,工作细胞 第二季,886319522
难办，我c就别办了,221.979,1,16777215,2024-12-15 00:56:27,286091033,3,登革热/痤疮,工作细胞 第二季,886319522
啊，不会是嗜碱吧,475.034,1,16777215,2024-12-14 15:29:30,286091033,3,登革热/痤疮,工作细胞 第二季,886319522
到底是谁在说完结撒花！,1321.451,1,16777215,2024-12-13 20:45:50,286091033,3,登革热/痤疮,工作细胞 第二季,886319522
中二细胞好帅啊,711.536,1,16777215,2024-12-12 12:14:36,286091033,3,登革热/痤疮,工作细胞 第二季,886319522
白哥！,890.706,1,16777215,2024-12-11 19:42:03,286091033,3,登革热/痤疮,工作细胞 第二季,886319522
你们可要好好的保护我的头发啊,1370.976,1,16777215,2024-12-11 12:44:25,286091033,3,登革热/痤疮,工作细胞 第二季,886319522
那为什么我天天还脱这么多发,1199.167,1,16777215,2024-12-11 12:41:04,286091033,3,登革热/痤疮,工作细胞 第二季,886319522
老绅士细胞,267.217,1,15138834,2024-12-11 08:59:57,286091033,3,登革热/痤疮,工作细胞 第二季,886319522
情头,74.107,1,15138834,2024-12-11 08:56:29,286091033,3,登革热/痤疮,工作细胞 第二季,886319522
动作指导；漩涡玖良奈,690.649,1,16777215,2024-12-11 00:23:22,286091033,3,登革热/痤疮,工作细胞 第二季,886319522
南方冬天也有蚊子，啊啊啊服了,363.699,1,16777215,2024-12-11 00:13:55,286091033,3,登革热/痤疮,工作细胞 第二季,886319522
中二细胞,708.274,1,16777215,2024-12-07 11:58:45,286091033,3,登革热/痤疮,工作细胞 第二季,886319522
WRY～～！！,392.266,5,15138834,2024-12-07 07:49:20,286091033,3,登革热/痤疮,工作细胞 第二季,886319522
白———————哥————————————,1317.142,1,16777215,2024-12-04 07:38:11,286091033,3,登革热/痤疮,工作细胞 第二季,886319522
小鸟游细胞,502.919,1,16777215,2024-12-03 22:06:04,286091033,3,登革热/痤疮,工作细胞 第二季,886319522
这个细菌好难根除的,905.682,1,16777215,2024-12-03 17:46:25,286091033,3,登革热/痤疮,工作细胞 第二季,886319522
就是这个细菌 害我长痘十几年。。。,870.012,1,16777215,2024-12-03 17:45:36,286091033,3,登革热/痤疮,工作细胞 第二季,886319522
细胞可以杂交,675.042,1,16646914,2024-11-30 21:45:45,286091033,3,登革热/痤疮,工作细胞 第二季,886319522
中二细胞。,476.501,1,16777215,2024-11-27 18:29:08,286091033,3,登革热/痤疮,工作细胞 第二季,886319522
完结,1317.391,5,16777215,2024-11-27 18:24:53,286091033,3,登革热/痤疮,工作细胞 第二季,886319522
洪荒之力。,225.007,1,16777215,2024-11-27 18:24:28,286091033,3,登革热/痤疮,工作细胞 第二季,886319522
一开二度。,199.502,1,16777215,2024-11-27 18:23:56,286091033,3,登革热/痤疮,工作细胞 第二季,886319522
啊，我丢，白哥,1187.355,5,16777215,2024-11-27 18:22:31,286091033,3,登革热/痤疮,工作细胞 第二季,886319522
看着我手里的辣条,939.879,1,16777215,2024-11-27 18:15:31,286091033,3,登革热/痤疮,工作细胞 第二季,886319522
痔疮,721.584,1,16777215,2024-11-26 18:04:00,286091033,3,登革热/痤疮,工作细胞 第二季,886319522
肯德基老爷爷细胞,271.248,1,16777215,2024-11-26 17:55:59,286091033,3,登革热/痤疮,工作细胞 第二季,886319522
这么优雅的老爷爷，常见于梅毒，结核和麻风啊,269.527,1,16777215,2024-11-26 09:24:55,286091033,3,登革热/痤疮,工作细胞 第二季,886319522
主人细胞,655.359,1,16777215,2024-11-23 15:13:03,286091033,3,登革热/痤疮,工作细胞 第二季,886319522
[前方高能],386.702,5,16777215,2024-11-22 23:16:44,286091033,3,登革热/痤疮,工作细胞 第二季,886319522
垂死病中惊坐起，阎王夸我好身体,2.339,5,16777215,2024-11-22 23:10:37,286091033,3,登革热/痤疮,工作细胞 第二季,886319522
这个小孩长大之后的名字叫做鲁迅,1189.542,1,16777215,2024-11-22 20:35:41,286091033,3,登革热/痤疮,工作细胞 第二季,886319522
这肯德基细胞,287.398,1,16777215,2024-11-22 19:21:25,286091033,3,登革热/痤疮,工作细胞 第二季,886319522
我才知道,271.637,1,16777215,2024-11-22 19:20:39,286091033,3,登革热/痤疮,工作细胞 第二季,886319522
哇塞,250.738,1,16777215,2024-11-22 19:19:52,286091033,3,登革热/痤疮,工作细胞 第二季,886319522
痤疮不是痔疮，一群人不识字吗,736.492,1,16777215,2024-11-20 11:41:00,286091033,3,登革热/痤疮,工作细胞 第二季,886319522
该放时候你又不放了,453.104,1,16777215,2024-11-17 17:50:52,286091033,3,登革热/痤疮,工作细胞 第二季,886319522
白细胞都被吓死了hhhhhhh,1341.193,1,16777215,2024-11-16 15:08:28,286091033,3,登革热/痤疮,工作细胞 第二季,886319522
】、,0.0,1,16777215,2024-11-15 21:12:49,286091033,3,登革热/痤疮,工作细胞 第二季,886319522
你不反应我就完蛋了,178.756,1,16777215,2024-11-14 22:00:37,286091033,3,登革热/痤疮,工作细胞 第二季,886319522
石鬼面,404.138,1,16777215,2024-11-14 19:30:33,286091033,3,登革热/痤疮,工作细胞 第二季,886319522
不是 你怎么有这里的视频权限的,469.452,1,16777215,2024-11-11 22:15:40,286091033,3,登革热/痤疮,工作细胞 第二季,886319522
看来是打死了呢。。。,358.099,1,16777215,2024-11-11 22:14:32,286091033,3,登革热/痤疮,工作细胞 第二季,886319522
文言文老灯,710.659,1,16777215,2024-11-11 17:22:08,286091033,3,登革热/痤疮,工作细胞 第二季,886319522
生理学 免疫学,655.645,1,16777215,2024-11-09 19:33:53,286091033,3,登革热/痤疮,工作细胞 第二季,886319522
cosplay,1390.479,1,16777215,2024-11-09 19:33:51,286091033,3,登革热/痤疮,工作细胞 第二季,886319522
要变成红细胞了,1188.869,1,16777215,2024-11-09 19:29:02,286091033,3,登革热/痤疮,工作细胞 第二季,886319522
组织胺，白三烯，白介：嗨害嗨来了奥,43.847,1,16777215,2024-11-09 19:25:44,286091033,3,登革热/痤疮,工作细胞 第二季,886319522
肯德基老爷爷是吧,264.582,1,16777215,2024-11-09 18:38:16,286091033,3,登革热/痤疮,工作细胞 第二季,886319522
不要腿毛谢谢,1366.605,1,16777215,2024-11-09 18:04:18,286091033,3,登革热/痤疮,工作细胞 第二季,886319522
茅…茅坑？,742.328,5,16777215,2024-11-09 14:03:24,286091033,3,登革热/痤疮,工作细胞 第二季,886319522
前面不要乱说，人体内有多个肥大细胞,250.38,1,15138834,2024-11-07 23:06:43,286091033,3,登革热/痤疮,工作细胞 第二季,886319522
我恨你,859.264,1,16777215,2024-11-07 17:28:37,286091033,3,登革热/痤疮,工作细胞 第二季,886319522
皮脂不能吃多,1142.033,1,16777215,2024-11-05 20:23:31,286091033,3,登革热/痤疮,工作细胞 第二季,886319522
中二细胞,472.529,1,16777215,2024-11-05 20:12:38,286091033,3,登革热/痤疮,工作细胞 第二季,886319522
对啊，就怪你,911.919,1,16777215,2024-11-05 01:42:54,286091033,3,登革热/痤疮,工作细胞 第二季,886319522
好家伙原来是你们啊,856.653,1,16777215,2024-11-05 01:42:02,286091033,3,登革热/痤疮,工作细胞 第二季,886319522
一包挤出帅哥,1086.892,1,16777215,2024-11-03 11:39:47,286091033,3,登革热/痤疮,工作细胞 第二季,886319522
我身体里居然有这种黑心工厂？,754.188,1,16777215,2024-11-03 09:00:22,286091033,3,登革热/痤疮,工作细胞 第二季,886319522
过敏反应,36.816,1,16777215,2024-11-02 18:50:02,286091033,3,登革热/痤疮,工作细胞 第二季,886319522
金身（）,1344.336,1,16777215,2024-11-02 11:40:37,286091033,3,登革热/痤疮,工作细胞 第二季,886319522
老爹在哪,422.067,1,15138834,2024-10-30 08:21:36,286091033,3,登革热/痤疮,工作细胞 第二季,886319522
我不做人了，红细胞！！,400.234,1,16777215,2024-10-28 16:21:10,286091033,3,登革热/痤疮,工作细胞 第二季,886319522
帽子是白哥从地上捡的，前面的没看吗？,1359.194,1,16777215,2024-10-26 11:10:24,286091033,3,登革热/痤疮,工作细胞 第二季,886319522
这已经不是一般的毛孔了，必须要出重拳！,826.365,1,16777215,2024-10-25 23:56:16,286091033,3,登革热/痤疮,工作细胞 第二季,886319522
好痒啊！,603.612,1,16777215,2024-10-25 23:22:22,286091033,3,登革热/痤疮,工作细胞 第二季,886319522
歇斯底里就没必要解释了吧前面的哈哈,234.439,1,16777215,2024-10-22 20:31:29,286091033,3,登革热/痤疮,工作细胞 第二季,886319522
对不起，我这就去洗头,777.127,1,16777215,2024-10-21 13:17:29,286091033,3,登革热/痤疮,工作细胞 第二季,886319522
还能淹死。。？,1279.355,1,16777215,2024-10-20 18:49:07,286091033,3,登革热/痤疮,工作细胞 第二季,886319522
这一集真是糖里包刀子呀！,23.839,1,16777215,2024-10-18 20:56:44,286091033,3,登革热/痤疮,工作细胞 第二季,886319522
这就去做清洁,1003.085,1,16777215,2024-10-16 18:57:44,286091033,3,登革热/痤疮,工作细胞 第二季,886319522
民族意识觉醒,1272.906,1,16777215,2024-10-12 12:25:47,286091033,3,登革热/痤疮,工作细胞 第二季,886319522
幸好叫支援了哈,1181.387,1,16777215,2024-10-10 15:58:37,286091033,3,登革热/痤疮,工作细胞 第二季,886319522
不要啊！,374.843,1,16777215,2024-10-08 16:25:12,286091033,3,登革热/痤疮,工作细胞 第二季,886319522
西内！,321.816,1,16777215,2024-10-08 16:24:05,286091033,3,登革热/痤疮,工作细胞 第二季,886319522
哦不——老白！,893.478,1,16777215,2024-10-08 08:14:53,286091033,3,登革热/痤疮,工作细胞 第二季,886319522
KFC细胞,261.391,1,16777215,2024-10-07 22:58:53,286091033,3,登革热/痤疮,工作细胞 第二季,886319522
心疼白哥,1190.878,1,16777215,2024-10-05 21:36:45,286091033,3,登革热/痤疮,工作细胞 第二季,886319522
我的天。。这么多,994.75,1,16777215,2024-10-04 16:16:59,286091033,3,登革热/痤疮,工作细胞 第二季,886319522
(^_^;),144.0,1,16777215,2024-10-03 23:59:59,286091033,3,登革热/痤疮,工作细胞 第二季,886319522
我草我去洗头洗脸,973.966,1,16777215,2024-10-03 13:16:58,286091033,3,登革热/痤疮,工作细胞 第二季,886319522
官方吐槽,666.35,1,15138834,2024-10-02 23:08:40,286091033,3,登革热/痤疮,工作细胞 第二季,886319522
啊现在就去洗头,936.519,1,16777215,2024-09-30 16:03:49,286091033,3,登革热/痤疮,工作细胞 第二季,886319522
都搞忘记中二细胞的原名叫啥了,475.824,1,16777215,2024-09-29 20:55:13,286091033,3,登革热/痤疮,工作细胞 第二季,886319522
解释:赶紧放组织胺,484.962,1,16777215,2024-09-28 19:38:54,286091033,3,登革热/痤疮,工作细胞 第二季,886319522
你俩一对的吧,496.657,1,16777215,2024-09-28 19:37:44,286091033,3,登革热/痤疮,工作细胞 第二季,886319522
哈哈哈哈记忆,130.791,5,41194,2024-09-28 02:45:18,286091033,3,登革热/痤疮,工作细胞 第二季,886319522
只是勇敢有屁用啊,1007.527,1,16777215,2024-09-27 09:25:09,286091033,3,登革热/痤疮,工作细胞 第二季,886319522
对不起白哥，我去洗脸了呜呜呜,985.149,1,16777215,2024-09-26 14:48:22,286091033,3,登革热/痤疮,工作细胞 第二季,886319522
我嘞个上线就送100抽啊,764.518,1,16777215,2024-09-26 07:37:45,286091033,3,登革热/痤疮,工作细胞 第二季,886319522
喜欢吃是吧 给你吃个够 ,1272.059,1,16777215,2024-09-25 18:23:20,286091033,3,登革热/痤疮,工作细胞 第二季,886319522
上线就送100连抽,763.023,1,16777215,2024-09-25 13:17:17,286091033,3,登革热/痤疮,工作细胞 第二季,886319522
开闸泄洪,49.519,1,16777215,2024-09-23 23:02:41,286091033,3,登革热/痤疮,工作细胞 第二季,886319522
原来就你小子在我脸上长一大片,870.991,1,16777215,2024-09-23 00:32:20,286091033,3,登革热/痤疮,工作细胞 第二季,886319522
背后原因竟让身体高烧,652.451,5,15138834,2024-09-22 12:36:28,286091033,3,登革热/痤疮,工作细胞 第二季,886319522
血小板:你在说什么,706.358,1,16777215,2024-09-19 22:04:24,286091033,3,登革热/痤疮,工作细胞 第二季,886319522
水杨酸也有用，克林霉素还有甲硝唑也有用,939.048,1,16777215,2024-09-18 23:03:48,286091033,3,登革热/痤疮,工作细胞 第二季,886319522
看到大家也有突然就没那么难受了,749.871,1,16777215,2024-09-18 22:56:35,286091033,3,登革热/痤疮,工作细胞 第二季,886319522
'['['['['[,41.919,1,16777215,2024-09-18 11:06:04,286091033,3,登革热/痤疮,工作细胞 第二季,886319522
冷知识，你流的鼻涕里就有成千上万个白细胞了。,972.598,1,16777215,2024-09-17 05:21:46,286091033,3,登革热/痤疮,工作细胞 第二季,886319522
又是最恨的一集,862.62,5,16777215,2024-09-14 00:28:49,286091033,3,登革热/痤疮,工作细胞 第二季,886319522
坏了,435.74,5,16777215,2024-09-14 00:21:26,286091033,3,登革热/痤疮,工作细胞 第二季,886319522
害羞个集贸 让这两拱远点,673.01,1,16777215,2024-09-09 21:10:55,286091033,3,登革热/痤疮,工作细胞 第二季,886319522
野辅联动~,907.068,1,16777215,2024-09-09 08:15:59,286091033,3,登革热/痤疮,工作细胞 第二季,886319522
让我来,784.725,1,16777215,2024-09-08 19:28:19,286091033,3,登革热/痤疮,工作细胞 第二季,886319522
中二之伞,717.619,1,16777215,2024-09-06 14:45:05,286091033,3,登革热/痤疮,工作细胞 第二季,886319522
哲学细胞,510.974,1,16777215,2024-09-06 14:41:38,286091033,3,登革热/痤疮,工作细胞 第二季,886319522
中二细胞,474.825,1,16777215,2024-09-06 14:41:02,286091033,3,登革热/痤疮,工作细胞 第二季,886319522
宝贝，我特别需要你，赖我头上,775.655,1,16777215,2024-09-03 02:41:05,286091033,3,登革热/痤疮,工作细胞 第二季,886319522
龙卷风摧毁停车场,423.144,1,16777215,2024-09-01 23:02:12,286091033,3,登革热/痤疮,工作细胞 第二季,886319522
快龙细胞,187.879,1,16777215,2024-09-01 13:19:42,286091033,3,登革热/痤疮,工作细胞 第二季,886319522
主角光环,1357.821,1,16777215,2024-08-31 16:26:46,286091033,3,登革热/痤疮,工作细胞 第二季,886319522
所以，痤疮该怎么办、,1092.438,1,16777215,2024-08-31 16:23:33,286091033,3,登革热/痤疮,工作细胞 第二季,886319522
好小子，原来是你,871.769,1,16777215,2024-08-31 16:20:35,286091033,3,登革热/痤疮,工作细胞 第二季,886319522
请放过我的脸,796.343,1,16777215,2024-08-31 16:19:20,286091033,3,登革热/痤疮,工作细胞 第二季,886319522
好家伙，原来是你,772.873,1,16777215,2024-08-31 16:18:56,286091033,3,登革热/痤疮,工作细胞 第二季,886319522
开局100连抽,766.643,1,16777215,2024-08-31 11:36:01,286091033,3,登革热/痤疮,工作细胞 第二季,886319522
哀家长头发了呜呜呜,1221.085,1,16777215,2024-08-29 14:46:13,286091033,3,登革热/痤疮,工作细胞 第二季,886319522
长的像海豚,1055.365,1,16777215,2024-08-29 14:43:12,286091033,3,登革热/痤疮,工作细胞 第二季,886319522
贝爷：去头可食,857.606,1,16777215,2024-08-29 14:22:22,286091033,3,登革热/痤疮,工作细胞 第二季,886319522
一楼就是方便哈，直接递过去就行了,19.62,1,16777215,2024-08-29 09:41:42,286091033,3,登革热/痤疮,工作细胞 第二季,886319522
纯油战士,1361.743,1,16777215,2024-08-28 21:40:08,286091033,3,登革热/痤疮,工作细胞 第二季,886319522
杀！让你们害我痤疮，死吧！,1054.071,1,16777215,2024-08-28 18:46:36,286091033,3,登革热/痤疮,工作细胞 第二季,886319522
p5返场了,397.879,1,16777215,2024-08-28 11:30:36,286091033,3,登革热/痤疮,工作细胞 第二季,886319522
打得好,1192.948,1,16777215,2024-08-27 13:33:21,286091033,3,登革热/痤疮,工作细胞 第二季,886319522
打的还,1179.857,1,16777215,2024-08-27 13:33:08,286091033,3,登革热/痤疮,工作细胞 第二季,886319522
超进化。,383.483,5,16777215,2024-08-27 12:18:13,286091033,3,登革热/痤疮,工作细胞 第二季,886319522
肯爷爷来救你啦,344.336,5,16777215,2024-08-27 12:17:26,286091033,3,登革热/痤疮,工作细胞 第二季,886319522
痔疮好哇暴击了,11.479,1,16777215,2024-08-27 02:17:28,286091033,3,登革热/痤疮,工作细胞 第二季,886319522
白哥————救救我的头发———————,938.239,1,16777215,2024-08-26 23:54:51,286091033,3,登革热/痤疮,工作细胞 第二季,886319522
不行啊，痤疮很疼的,999.635,1,16777215,2024-08-26 22:11:22,286091033,3,登革热/痤疮,工作细胞 第二季,886319522
我要看巨噬姐姐,1130.987,1,16777215,2024-08-26 21:30:22,286091033,3,登革热/痤疮,工作细胞 第二季,886319522
红姐该去报丧了……,1320.61,1,15138834,2024-08-25 22:47:51,286091033,3,登革热/痤疮,工作细胞 第二季,886319522
白哥——,1222.365,1,15138834,2024-08-25 22:44:50,286091033,3,登革热/痤疮,工作细胞 第二季,886319522
殖…民地？,1204.743,1,15138834,2024-08-25 22:44:19,286091033,3,登革热/痤疮,工作细胞 第二季,886319522
9…6…9…6……,1013.267,1,16777215,2024-08-25 22:40:10,286091033,3,登革热/痤疮,工作细胞 第二季,886319522
白——细——胞——,964.04,1,16777215,2024-08-25 22:38:26,286091033,3,登革热/痤疮,工作细胞 第二季,886319522
红姐看见了怕是要哭死自己的夫君…,912.975,1,16777215,2024-08-25 22:37:13,286091033,3,登革热/痤疮,工作细胞 第二季,886319522
白哥！【哭】,884.263,1,16777215,2024-08-25 22:36:12,286091033,3,登革热/痤疮,工作细胞 第二季,886319522
我的U9696——,743.601,1,16777215,2024-08-25 22:32:21,286091033,3,登革热/痤疮,工作细胞 第二季,886319522
？？…,701.082,1,16777215,2024-08-25 22:30:35,286091033,3,登革热/痤疮,工作细胞 第二季,886319522
我嘞个农场主,749.091,1,16777215,2024-08-25 17:46:02,286091033,3,登革热/痤疮,工作细胞 第二季,886319522
b细胞快来,667.876,1,16777215,2024-08-25 17:44:00,286091033,3,登革热/痤疮,工作细胞 第二季,886319522
一个电蚊拍就老实了,310.645,1,16777215,2024-08-25 17:36:03,286091033,3,登革热/痤疮,工作细胞 第二季,886319522
上线就送100抽,758.564,1,16777215,2024-08-23 09:34:22,286091033,3,登革热/痤疮,工作细胞 第二季,886319522
嗜碱粒细胞啦，哈哈哈不要乱说,707.946,1,15138834,2024-08-23 00:08:24,286091033,3,登革热/痤疮,工作细胞 第二季,886319522
上弦之四,400.135,5,16777215,2024-08-22 10:58:46,286091033,3,登革热/痤疮,工作细胞 第二季,886319522
立正了,1215.66,5,15138834,2024-08-21 19:25:35,286091033,3,登革热/痤疮,工作细胞 第二季,886319522
拍死,352.556,1,16777215,2024-08-21 09:11:09,286091033,3,登革热/痤疮,工作细胞 第二季,886319522
有点红温泉~,1363.999,1,16777215,2024-08-21 02:00:19,286091033,3,登革热/痤疮,工作细胞 第二季,886319522
啊！染发了,836.287,1,16777215,2024-08-21 01:48:59,286091033,3,登革热/痤疮,工作细胞 第二季,886319522
白哥又红了,593.911,1,16777215,2024-08-21 01:45:19,286091033,3,登革热/痤疮,工作细胞 第二季,886319522
白哥！快来啊！,527.856,1,16777215,2024-08-21 01:43:43,286091033,3,登革热/痤疮,工作细胞 第二季,886319522
我一定去洗头，！,942.815,1,16777215,2024-08-20 19:11:19,286091033,3,登革热/痤疮,工作细胞 第二季,886319522
白哥！你一定要没逝啊！,908.735,1,16777215,2024-08-20 19:10:31,286091033,3,登革热/痤疮,工作细胞 第二季,886319522
听之前大大方方的挤现在小心翼翼了,971.434,5,16777215,2024-08-19 11:37:09,286091033,3,登革热/痤疮,工作细胞 第二季,886319522
棉花增产器（幻视）,761.677,5,16777215,2024-08-19 11:33:07,286091033,3,登革热/痤疮,工作细胞 第二季,886319522
毛姆细胞,769.943,5,16777215,2024-08-17 18:11:00,286091033,3,登革热/痤疮,工作细胞 第二季,886319522
血小板好可爱,106.194,1,16777215,2024-08-17 14:10:09,286091033,3,登革热/痤疮,工作细胞 第二季,886319522
爱情的火花,73.694,1,16777215,2024-08-17 11:17:05,286091033,3,登革热/痤疮,工作细胞 第二季,886319522
他竟然真的戴上了他真的我哭死,1395.39,1,16777215,2024-08-17 07:46:08,286091033,3,登革热/痤疮,工作细胞 第二季,886319522
什么是。,16.959,1,16777215,2024-08-16 22:06:37,286091033,3,登革热/痤疮,工作细胞 第二季,886319522
招菌体质发动,296.272,1,15138834,2024-08-16 21:54:12,286091033,3,登革热/痤疮,工作细胞 第二季,886319522
塔塔开！,1199.039,1,16777215,2024-08-16 18:06:45,286091033,3,登革热/痤疮,工作细胞 第二季,886319522
提醒：进度条还未过半,666.303,1,16646914,2024-08-16 17:48:44,286091033,3,登革热/痤疮,工作细胞 第二季,886319522
两百斤杆菌学长,1057.56,1,16707842,2024-08-15 22:14:26,286091033,3,登革热/痤疮,工作细胞 第二季,886319522
哒哒哒哒哒哒哒哒,74.608,1,16777215,2024-08-15 22:06:52,286091033,3,登革热/痤疮,工作细胞 第二季,886319522
我的毛毛！,782.956,1,15138834,2024-08-15 19:21:47,286091033,3,登革热/痤疮,工作细胞 第二季,886319522
优雅 实在是优雅,275.346,1,16777215,2024-08-14 22:32:30,286091033,3,登革热/痤疮,工作细胞 第二季,886319522
上线就送100抽,753.388,1,16777215,2024-08-14 21:29:06,286091033,3,登革热/痤疮,工作细胞 第二季,886319522
可爱,354.643,1,16777215,2024-08-14 18:39:42,286091033,3,登革热/痤疮,工作细胞 第二季,886319522
每根头发都超级重要！！！,1154.95,1,16777215,2024-08-14 13:26:16,286091033,3,登革热/痤疮,工作细胞 第二季,886319522
洗完脸了，嘿嘿,947.679,1,16777215,2024-08-14 13:22:58,286091033,3,登革热/痤疮,工作细胞 第二季,886319522
求你了，不要动我的头发,784.736,1,16777215,2024-08-14 13:13:17,286091033,3,登革热/痤疮,工作细胞 第二季,886319522
一生之敌,315.946,1,16777215,2024-08-14 13:07:43,286091033,3,登革热/痤疮,工作细胞 第二季,886319522
知错就改还是好细胞doge,647.751,1,16777215,2024-08-13 15:28:51,286091033,3,登革热/痤疮,工作细胞 第二季,886319522
白——哥——,1313.902,1,16777215,2024-08-13 11:45:17,286091033,3,登革热/痤疮,工作细胞 第二季,886319522
我勒个铁扇老头啊,404.222,1,16777215,2024-08-13 11:29:47,286091033,3,登革热/痤疮,工作细胞 第二季,886319522
《什么都不做》轻轻松松制造人命,239.187,1,16777215,2024-08-13 00:59:08,286091033,3,登革热/痤疮,工作细胞 第二季,886319522
Go work!,765.353,1,16777215,2024-08-12 21:22:29,286091033,3,登革热/痤疮,工作细胞 第二季,886319522
人类高质量白细胞,1343.527,5,16777215,2024-08-12 08:37:37,286091033,3,登革热/痤疮,工作细胞 第二季,886319522
蠕形螨,785.126,1,16777215,2024-08-11 01:15:57,286091033,3,登革热/痤疮,工作细胞 第二季,886319522
黑奴,753.98,1,16777215,2024-08-10 02:46:25,286091033,3,登革热/痤疮,工作细胞 第二季,886319522
鬼灭之刃,394.086,1,16777215,2024-08-09 23:08:57,286091033,3,登革热/痤疮,工作细胞 第二季,886319522
刚洗完头！爽了！,961.06,5,11890,2024-08-09 22:46:05,286091033,3,登革热/痤疮,工作细胞 第二季,886319522
刚洗完头！爽了！,961.06,5,11890,2024-08-09 22:45:45,286091033,3,登革热/痤疮,工作细胞 第二季,886319522
!!!!!!!!!!!!!!!!!!!!!!!!!!,314.795,1,16777215,2024-08-09 14:53:52,286091033,3,登革热/痤疮,工作细胞 第二季,886319522
独立的十一人细胞,523.464,1,16777215,2024-08-09 10:16:31,286091033,3,登革热/痤疮,工作细胞 第二季,886319522
我嘞个铁扇公主啊,398.98,1,16777215,2024-08-08 20:51:01,286091033,3,登革热/痤疮,工作细胞 第二季,886319522
前辈真的好可爱啊哈哈哈哈,662.667,1,16777215,2024-08-08 12:24:43,286091033,3,登革热/痤疮,工作细胞 第二季,886319522
阿祖，收手吧,395.495,1,16777215,2024-08-08 12:20:18,286091033,3,登革热/痤疮,工作细胞 第二季,886319522
反派使用國際歌歌詞是要付出代價的！,899.77,5,16777215,2024-08-08 00:31:47,286091033,3,登革热/痤疮,工作细胞 第二季,886319522
（KFC细胞）,259.38,1,16777215,2024-08-07 21:18:10,286091033,3,登革热/痤疮,工作细胞 第二季,886319522
莫匹罗星,1002.493,1,16777215,2024-08-07 19:23:58,286091033,3,登革热/痤疮,工作细胞 第二季,886319522
玉壶行为,1060.822,1,16777215,2024-08-06 15:59:13,286091033,3,登革热/痤疮,工作细胞 第二季,886319522
懂了为什么脓是白的了,989.126,1,16777215,2024-08-06 15:57:45,286091033,3,登革热/痤疮,工作细胞 第二季,886319522
忍道,1029.287,1,16777215,2024-08-05 19:31:39,286091033,3,登革热/痤疮,工作细胞 第二季,886319522
55555，这么多白细胞,965.998,1,10546688,2024-08-04 14:51:14,286091033,3,登革热/痤疮,工作细胞 第二季,886319522
好家伙我身体里还有血汗工厂,753.433,1,10546688,2024-08-04 14:47:14,286091033,3,登革热/痤疮,工作细胞 第二季,886319522
嗜碱性粒细胞是干嘛的了,708.23,1,10546688,2024-08-04 14:46:16,286091033,3,登革热/痤疮,工作细胞 第二季,886319522
巨噬细胞姐姐永远优雅。,596.281,1,10546688,2024-08-04 14:43:18,286091033,3,登革热/痤疮,工作细胞 第二季,886319522
我就想知道免疫细胞都去哪里了。,570.587,1,10546688,2024-08-04 14:42:52,286091033,3,登革热/痤疮,工作细胞 第二季,886319522
我的天，他说话太抽象了。,526.616,1,10546688,2024-08-04 14:42:09,286091033,3,登革热/痤疮,工作细胞 第二季,886319522
笑死了，中二细胞又开始施法了,481.267,1,10546688,2024-08-04 14:41:24,286091033,3,登革热/痤疮,工作细胞 第二季,886319522
蚊子对你们来说这么大的吗,323.816,1,10546688,2024-08-04 14:23:56,286091033,3,登革热/痤疮,工作细胞 第二季,886319522
记不住，就叫你爷爷细胞,296.285,1,10546688,2024-08-04 14:23:28,286091033,3,登革热/痤疮,工作细胞 第二季,886319522
为什么树突细胞都这么天龙人的感觉。,277.689,1,10546688,2024-08-04 14:23:10,286091033,3,登革热/痤疮,工作细胞 第二季,886319522
无法想象录音棚里是什么场景哈哈哈哈哈,176.773,1,10546688,2024-08-04 14:21:30,286091033,3,登革热/痤疮,工作细胞 第二季,886319522
语言指导:漩涡鸣人,1037.406,1,16707842,2024-08-03 22:19:04,286091033,3,登革热/痤疮,工作细胞 第二季,886319522
白哥喝头油,1318.889,1,16777215,2024-08-03 19:03:40,286091033,3,登革热/痤疮,工作细胞 第二季,886319522
粒了,1216.212,1,16777215,2024-08-03 13:13:29,286091033,3,登革热/痤疮,工作细胞 第二季,886319522
鬼灭上弦四？,402.425,1,16777215,2024-08-03 13:04:16,286091033,3,登革热/痤疮,工作细胞 第二季,886319522
啊啊啊,1003.279,1,16777215,2024-08-03 09:58:21,286091033,3,登革热/痤疮,工作细胞 第二季,886319522
毛姆变成免疫了,880.711,5,16777215,2024-08-03 09:33:03,286091033,3,登革热/痤疮,工作细胞 第二季,886319522
系内,799.946,1,16777215,2024-08-02 23:12:03,286091033,3,登革热/痤疮,工作细胞 第二季,886319522
是你，中二细胞！,475.828,1,16777215,2024-08-02 23:02:42,286091033,3,登革热/痤疮,工作细胞 第二季,886319522
黑头，是你！！,1290.722,1,16777215,2024-08-02 14:31:03,286091033,3,登革热/痤疮,工作细胞 第二季,886319522
啊我在长头发,1230.982,1,16777215,2024-08-01 13:51:03,286091033,3,登革热/痤疮,工作细胞 第二季,886319522
那么多白细胞,1190.05,1,16777215,2024-08-01 13:50:22,286091033,3,登革热/痤疮,工作细胞 第二季,886319522
你知道一根头发对我来说有多重要吗,1189.902,1,16777215,2024-08-01 13:49:51,286091033,3,登革热/痤疮,工作细胞 第二季,886319522
我的头发,1156.026,1,16777215,2024-08-01 13:49:18,286091033,3,登革热/痤疮,工作细胞 第二季,886319522
农场主细胞（doge）,780.444,5,16777215,2024-08-01 09:12:39,286091033,3,登革热/痤疮,工作细胞 第二季,886319522
都还是会挤出去,973.692,1,16777215,2024-07-31 09:51:32,286091033,3,登革热/痤疮,工作细胞 第二季,886319522
这是过敏了吧,194.786,1,16777215,2024-07-30 19:38:34,286091033,3,登革热/痤疮,工作细胞 第二季,886319522
开局送送100抽,749.05,1,16777215,2024-07-29 23:41:47,286091033,3,登革热/痤疮,工作细胞 第二季,886319522
不准动他！！！！！,789.586,1,16777215,2024-07-29 22:03:04,286091033,3,登革热/痤疮,工作细胞 第二季,886319522
我就说嗡嗡的声音怎么一直响不停，原来是我耳边真的有只蚊子（怒,308.542,5,16777215,2024-07-29 20:47:40,286091033,3,登革热/痤疮,工作细胞 第二季,886319522
马上去洗脸,1041.433,1,16777215,2024-07-29 12:58:53,286091033,3,登革热/痤疮,工作细胞 第二季,886319522
辣手摧蚊时间到,315.274,1,16777215,2024-07-29 10:04:02,286091033,3,登革热/痤疮,工作细胞 第二季,886319522
一定好好洗脸,935.976,1,16777215,2024-07-28 22:01:45,286091033,3,登革热/痤疮,工作细胞 第二季,886319522
好家伙，我正在敷面膜,1139.137,1,16777215,2024-07-27 21:33:51,286091033,3,登革热/痤疮,工作细胞 第二季,886319522
开局就送100抽,779.159,1,16777215,2024-07-27 14:30:33,286091033,3,登革热/痤疮,工作细胞 第二季,886319522
喂喂喂,367.621,1,16777215,2024-07-26 14:14:15,286091033,3,登革热/痤疮,工作细胞 第二季,886319522
白细胞------无暇,1359.705,1,16777215,2024-07-26 09:52:51,286091033,3,登革热/痤疮,工作细胞 第二季,886319522
谢谢你，中二哥,623.673,1,16777215,2024-07-25 12:22:51,286091033,3,登革热/痤疮,工作细胞 第二季,886319522
万物有灵，蚊子除外,311.275,1,16777215,2024-07-24 12:29:05,286091033,3,登革热/痤疮,工作细胞 第二季,886319522
白细胞京观,964.112,5,15138834,2024-07-23 20:58:56,286091033,3,登革热/痤疮,工作细胞 第二季,886319522
萨鲁曼细胞,752.239,5,15138834,2024-07-23 20:54:35,286091033,3,登革热/痤疮,工作细胞 第二季,886319522
那一天细胞想起了被支配的恐怖,229.196,1,6830715,2024-07-23 20:49:52,286091033,3,登革热/痤疮,工作细胞 第二季,886319522
好家伙，赶紧洗头！！！！,990.147,1,16777215,2024-07-23 19:50:45,286091033,3,登革热/痤疮,工作细胞 第二季,886319522
大每次都能从角落里跑出来！,1334.028,1,16777215,2024-07-23 18:50:18,286091033,3,登革热/痤疮,工作细胞 第二季,886319522
好！,1176.021,1,16777215,2024-07-23 10:37:06,286091033,3,登革热/痤疮,工作细胞 第二季,886319522
我今天刚长了一个痘…,743.526,1,16777215,2024-07-21 00:27:41,286091033,3,登革热/痤疮,工作细胞 第二季,886319522
有多少人看成了痔疮哈哈哈,717.674,1,16777215,2024-07-20 13:02:47,286091033,3,登革热/痤疮,工作细胞 第二季,886319522
优雅,277.082,1,16777215,2024-07-19 19:35:14,286091033,3,登革热/痤疮,工作细胞 第二季,886319522
指导：上五,1060.158,1,16777215,2024-07-19 13:33:46,286091033,3,登革热/痤疮,工作细胞 第二季,886319522
靖妖魔舞！,378.842,5,38979,2024-07-19 11:10:34,286091033,3,登革热/痤疮,工作细胞 第二季,886319522
红霉素软膏:你好,1002.573,1,16777215,2024-07-18 14:35:32,286091033,3,登革热/痤疮,工作细胞 第二季,886319522
农场主,756.244,1,16777215,2024-07-18 13:49:48,286091033,3,登革热/痤疮,工作细胞 第二季,886319522
9——6——9——6——,725.159,1,15138834,2024-07-17 15:35:02,286091033,3,登革热/痤疮,工作细胞 第二季,886319522
白哥真帅,802.768,1,16777215,2024-07-16 10:02:28,286091033,3,登革热/痤疮,工作细胞 第二季,886319522
“游走”出去了吧（流汗）,1324.873,1,15772458,2024-07-15 23:58:57,286091033,3,登革热/痤疮,工作细胞 第二季,886319522
头发出油了（流汗）,1268.652,1,16777215,2024-07-15 23:57:33,286091033,3,登革热/痤疮,工作细胞 第二季,886319522
原来是你小子,877.793,1,16777215,2024-07-15 23:43:07,286091033,3,登革热/痤疮,工作细胞 第二季,886319522
辛辣天森！,510.844,5,15138834,2024-07-15 22:18:33,286091033,3,登革热/痤疮,工作细胞 第二季,886319522
阿Q现状,1209.389,5,16707842,2024-07-15 19:35:39,286091033,3,登革热/痤疮,工作细胞 第二季,886319522
Wryyyyyyy….,394.333,1,6830715,2024-07-15 19:25:48,286091033,3,登革热/痤疮,工作细胞 第二季,886319522
哦!No!我马上去洗头,940.706,1,16777215,2024-07-15 15:38:42,286091033,3,登革热/痤疮,工作细胞 第二季,886319522
中国人民真争气,704.695,5,16646914,2024-07-15 14:51:48,286091033,3,登革热/痤疮,工作细胞 第二季,886319522
我嘞个毛啊,1399.826,1,16777215,2024-07-14 23:16:10,286091033,3,登革热/痤疮,工作细胞 第二季,886319522
完结,1323.107,1,16777215,2024-07-14 23:14:35,286091033,3,登革热/痤疮,工作细胞 第二季,886319522
白哥打我,1287.307,1,16777215,2024-07-14 23:13:54,286091033,3,登革热/痤疮,工作细胞 第二季,886319522
互相西内,1225.466,1,16777215,2024-07-14 23:12:45,286091033,3,登革热/痤疮,工作细胞 第二季,886319522
啊？这就是支棱起来吗？原来是这样啊,1220.943,1,16777215,2024-07-14 23:11:34,286091033,3,登革热/痤疮,工作细胞 第二季,886319522
笑出强大,1178.223,1,16777215,2024-07-14 23:10:28,286091033,3,登革热/痤疮,工作细胞 第二季,886319522
白哥…你不能逝啊,906.517,1,16777215,2024-07-14 23:05:11,286091033,3,登革热/痤疮,工作细胞 第二季,886319522
你小子出去，出去出去！,854.597,1,16777215,2024-07-14 23:03:57,286091033,3,登革热/痤疮,工作细胞 第二季,886319522
昂热老流氓,283.595,1,16777215,2024-07-10 14:32:08,286091033,3,登革热/痤疮,工作细胞 第二季,886319522
光辉赛罗（doge,1354.443,1,15138834,2024-07-09 21:27:02,286091033,3,登革热/痤疮,工作细胞 第二季,886319522
所以戳破让它们接触氧气就好了,878.304,1,15138834,2024-07-09 21:20:51,286091033,3,登革热/痤疮,工作细胞 第二季,886319522
终于死白血球啦！,744.743,1,15138834,2024-07-09 21:19:00,286091033,3,登革热/痤疮,工作细胞 第二季,886319522
啊？我一直以为是痔疮,845.182,1,16777215,2024-07-09 15:51:07,286091033,3,登革热/痤疮,工作细胞 第二季,886319522
辅导员v好,854.372,1,16777215,2024-07-09 11:48:19,286091033,3,登革热/痤疮,工作细胞 第二季,886319522
中二细胞哥怎么样了？,680.039,1,16777215,2024-07-09 08:44:07,286091033,3,登革热/痤疮,工作细胞 第二季,886319522
这身体没白哥活不过一天,252.379,1,16777215,2024-07-09 08:36:44,286091033,3,登革热/痤疮,工作细胞 第二季,886319522
S属性大曝发,780.748,1,16777215,2024-07-08 17:36:13,286091033,3,登革热/痤疮,工作细胞 第二季,886319522
这死孩子,913.788,1,16777215,2024-07-08 14:16:58,286091033,3,登革热/痤疮,工作细胞 第二季,886319522
好美的薄唇,200.944,1,16777215,2024-07-07 17:13:37,286091033,3,登革热/痤疮,工作细胞 第二季,886319522
好治愈，不是致郁,48.28,1,16777215,2024-07-07 17:10:46,286091033,3,登革热/痤疮,工作细胞 第二季,886319522
嗜碱性粒细胞也能释放组织胺的,506.843,5,4351678,2024-07-07 16:12:28,286091033,3,登革热/痤疮,工作细胞 第二季,886319522
再也不挤痘了,1015.038,1,9487136,2024-07-07 11:24:48,286091033,3,登革热/痤疮,工作细胞 第二季,886319522
原来是你让我长痘。,859.001,1,8700107,2024-07-07 11:22:06,286091033,3,登革热/痤疮,工作细胞 第二季,886319522
是你！中二细胞！,467.346,1,16777215,2024-07-06 22:10:31,286091033,3,登革热/痤疮,工作细胞 第二季,886319522
我马上去洗头行了吧,785.446,5,16777215,2024-07-06 15:03:03,286091033,3,登革热/痤疮,工作细胞 第二季,886319522
一会单核细胞到了看你还嚣不嚣张,898.342,1,16777215,2024-07-04 22:43:15,286091033,3,登革热/痤疮,工作细胞 第二季,886319522
组胺可以增大毛细血管通透性，有利于免疫细胞的游走,576.52,1,16777215,2024-07-04 18:35:48,286091033,3,登革热/痤疮,工作细胞 第二季,886319522
嗜碱性粒细胞，也参与过敏反应，释放组胺,475.749,1,16777215,2024-07-04 18:32:47,286091033,3,登革热/痤疮,工作细胞 第二季,886319522
死孩子，别影响我消痘,897.269,1,16777215,2024-07-03 12:54:29,286091033,3,登革热/痤疮,工作细胞 第二季,886319522
小 杰 细 胞,1220.64,5,16777215,2024-07-02 22:58:43,286091033,3,登革热/痤疮,工作细胞 第二季,886319522
是你！少年闰土（,489.339,5,16777215,2024-07-02 17:16:11,286091033,3,登革热/痤疮,工作细胞 第二季,886319522
我不当细胞了，红细胞！,379.879,5,16777215,2024-07-02 17:14:09,286091033,3,登革热/痤疮,工作细胞 第二季,886319522
田中眼蛇梦,520.745,1,16777215,2024-07-01 18:47:03,286091033,3,登革热/痤疮,工作细胞 第二季,886319522
哀家的头发！！！,1166.573,1,16777215,2024-07-01 08:57:51,286091033,3,登革热/痤疮,工作细胞 第二季,886319522
一根头发也是头发啊啊啊,1163.859,1,16777215,2024-07-01 08:57:29,286091033,3,登革热/痤疮,工作细胞 第二季,886319522
在洗了在洗了,1145.34,1,16777215,2024-06-30 18:05:54,286091033,3,登革热/痤疮,工作细胞 第二季,886319522
哈哈哈石鬼面,385.685,1,16777215,2024-06-30 00:09:09,286091033,3,登革热/痤疮,工作细胞 第二季,886319522
我不做人了jiojio,387.876,1,16777215,2024-06-29 09:47:10,286091033,3,登革热/痤疮,工作细胞 第二季,886319522
你那,798.239,1,16777215,2024-06-28 20:20:09,286091033,3,登革热/痤疮,工作细胞 第二季,886319522
深海少胞的笑死我了,1313.319,1,16777215,2024-06-28 19:02:58,286091033,3,登革热/痤疮,工作细胞 第二季,886319522
哭笑不得哈哈哈,1222.524,1,16777215,2024-06-28 19:01:11,286091033,3,登革热/痤疮,工作细胞 第二季,886319522
满脸痘 对不起我的白细胞们！,984.274,1,16777215,2024-06-28 18:57:05,286091033,3,登革热/痤疮,工作细胞 第二季,886319522
我不做细胞了，红血球！,385.148,5,15138834,2024-06-28 11:52:28,286091033,3,登革热/痤疮,工作细胞 第二季,886319522
成龙竟在我体内,393.773,1,9487136,2024-06-28 10:10:44,286091033,3,登革热/痤疮,工作细胞 第二季,886319522
登革不要太热,1.699,1,16777215,2024-06-27 14:17:02,286091033,3,登革热/痤疮,工作细胞 第二季,886319522
cosplay是吧,1404.353,1,16777215,2024-06-27 03:09:05,286091033,3,登革热/痤疮,工作细胞 第二季,886319522
阿尔卑斯,1255.251,1,16777215,2024-06-26 18:18:09,286091033,3,登革热/痤疮,工作细胞 第二季,886319522
眼睛好了？,1234.43,1,16777215,2024-06-26 18:17:39,286091033,3,登革热/痤疮,工作细胞 第二季,886319522
啊巴啊巴,1136.382,1,16777215,2024-06-26 18:15:36,286091033,3,登革热/痤疮,工作细胞 第二季,886319522
毛毛虫,746.109,1,16777215,2024-06-26 18:07:33,286091033,3,登革热/痤疮,工作细胞 第二季,886319522
哲理,709.788,1,16777215,2024-06-26 18:06:46,286091033,3,登革热/痤疮,工作细胞 第二季,886319522
保安大叔,295.677,1,16777215,2024-06-26 17:59:41,286091033,3,登革热/痤疮,工作细胞 第二季,886319522
是的，但是一个毛孔会带到相连的,1150.327,1,16777215,2024-06-25 20:03:57,286091033,3,登革热/痤疮,工作细胞 第二季,886319522
所以对于现代人来说汗毛不能进化掉吗？油皮真的很痛苦啊,776.967,1,16777215,2024-06-25 19:56:19,286091033,3,登革热/痤疮,工作细胞 第二季,886319522
肥大细胞也是免疫细胞,247.37,1,16777215,2024-06-24 22:28:40,286091033,3,登革热/痤疮,工作细胞 第二季,886319522
白哥太帅了,1051.833,1,16777215,2024-06-24 12:31:55,286091033,3,登革热/痤疮,工作细胞 第二季,886319522
我不做细胞了，红细胞！,380.684,5,15138834,2024-06-23 16:01:56,286091033,3,登革热/痤疮,工作细胞 第二季,886319522
过敏？,52.594,1,16777215,2024-06-22 23:34:19,286091033,3,登革热/痤疮,工作细胞 第二季,886319522
红细胞的奇妙冒险,385.937,1,16777215,2024-06-22 22:30:25,286091033,3,登革热/痤疮,工作细胞 第二季,886319522
嗜碱好衰,486.939,1,16777215,2024-06-22 11:24:08,286091033,3,登革热/痤疮,工作细胞 第二季,886319522
中二细胞,478.339,1,16777215,2024-06-22 11:22:57,286091033,3,登革热/痤疮,工作细胞 第二季,886319522
看来免疫细胞里就只有b细胞会嘲讽她组织胺了,487.588,5,15138834,2024-06-21 18:39:51,286091033,3,登革热/痤疮,工作细胞 第二季,886319522
白哥和王招菌根本不是同一个体型,626.499,1,16777215,2024-06-21 18:16:19,286091033,3,登革热/痤疮,工作细胞 第二季,886319522
白纹伊蚊！,317.714,1,16777215,2024-06-21 15:45:31,286091033,3,登革热/痤疮,工作细胞 第二季,886319522
；】,17.218,1,16777215,2024-06-20 10:43:34,286091033,3,登革热/痤疮,工作细胞 第二季,886319522
救救我的头发,779.899,1,16777215,2024-06-19 16:07:58,286091033,3,登革热/痤疮,工作细胞 第二季,886319522
吟游诗人,479.211,1,16777215,2024-06-18 14:02:24,286091033,3,登革热/痤疮,工作细胞 第二季,886319522
wc，白哥变成“红”细胞了,1177.374,1,16777215,2024-06-18 13:09:23,286091033,3,登革热/痤疮,工作细胞 第二季,886319522
真·泉水打架,1136.534,1,16777215,2024-06-18 13:07:49,286091033,3,登革热/痤疮,工作细胞 第二季,886319522
白哥好帅,1034.82,1,16777215,2024-06-18 13:05:46,286091033,3,登革热/痤疮,工作细胞 第二季,886319522
白哥好帅,1034.82,1,16777215,2024-06-18 13:05:23,286091033,3,登革热/痤疮,工作细胞 第二季,886319522
白哥好帅,1034.399,1,41194,2024-06-18 13:04:56,286091033,3,登革热/痤疮,工作细胞 第二季,886319522
益达笑出强大 ,415.819,1,16777215,2024-06-16 21:02:26,286091033,3,登革热/痤疮,工作细胞 第二季,886319522
叮叮,272.414,1,16777215,2024-06-16 12:18:28,286091033,3,登革热/痤疮,工作细胞 第二季,886319522
那些血细胞正在我手上，要我再吃回去吗,632.478,1,16777215,2024-06-15 23:04:25,286091033,3,登革热/痤疮,工作细胞 第二季,886319522
転職したんですか¿,1390.882,1,16777215,2024-06-15 11:57:56,286091033,3,登革热/痤疮,工作细胞 第二季,886319522
要打换个身体啊喂,239.1,1,16777215,2024-06-15 02:02:49,286091033,3,登革热/痤疮,工作细胞 第二季,886319522
激烈的打则现场,578.172,5,41194,2024-06-13 18:51:12,286091033,3,登革热/痤疮,工作细胞 第二季,886319522
我需要这个细胞,771.086,1,16777215,2024-06-11 20:03:01,286091033,3,登革热/痤疮,工作细胞 第二季,886319522
英雄级白细胞,1036.708,1,16777215,2024-06-11 17:31:33,286091033,3,登革热/痤疮,工作细胞 第二季,886319522
白哥你媳妇要跟别人牵手了,346.791,1,16777215,2024-06-10 11:42:15,286091033,3,登革热/痤疮,工作细胞 第二季,886319522
农场主杆菌（,744.733,5,16777215,2024-06-09 19:00:13,286091033,3,登革热/痤疮,工作细胞 第二季,886319522
石鬼面（）,369.706,1,16777215,2024-06-09 18:46:02,286091033,3,登革热/痤疮,工作细胞 第二季,886319522
】、】、】、】、】、】、】、】、】、】、】、】、】、】、】、】、,0.0,1,16777215,2024-06-09 08:52:21,286091033,3,登革热/痤疮,工作细胞 第二季,886319522
毛囊炎开始疼了。,768.638,5,15138834,2024-06-08 23:43:03,286091033,3,登革热/痤疮,工作细胞 第二季,886319522
沙丘即视感,833.318,1,16777215,2024-06-08 20:50:24,286091033,3,登革热/痤疮,工作细胞 第二季,886319522
【红蝶】已加入战场,394.995,1,16777215,2024-06-07 07:27:41,286091033,3,登革热/痤疮,工作细胞 第二季,886319522
白哥————————————!,893.093,1,16777215,2024-06-06 22:10:06,286091033,3,登革热/痤疮,工作细胞 第二季,886319522
柯南细胞,670.949,1,16777215,2024-06-06 22:06:21,286091033,3,登革热/痤疮,工作细胞 第二季,886319522
老～爷～爷,586.256,1,16777215,2024-06-06 22:04:54,286091033,3,登革热/痤疮,工作细胞 第二季,886319522
出现了！中二细胞！,475.302,1,16777215,2024-06-06 22:03:01,286091033,3,登革热/痤疮,工作细胞 第二季,886319522
虽千万人吾往矣,1034.217,1,16777215,2024-06-05 23:40:28,286091033,3,登革热/痤疮,工作细胞 第二季,886319522
神风？啊？,1012.702,1,16777215,2024-06-04 13:36:44,286091033,3,登革热/痤疮,工作细胞 第二季,886319522
皮下神经细胞吗,300.52,1,16777215,2024-06-03 17:41:56,286091033,3,登革热/痤疮,工作细胞 第二季,886319522
有点抽象是怎么回事？,1216.136,1,16777215,2024-06-03 10:38:22,286091033,3,登革热/痤疮,工作细胞 第二季,886319522
我会好好洗头的！,951.779,1,16777215,2024-06-03 10:36:27,286091033,3,登革热/痤疮,工作细胞 第二季,886319522
肯德基老爷爷表变异了,421.662,1,15138834,2024-06-02 19:38:55,286091033,3,登革热/痤疮,工作细胞 第二季,886319522
白血球又沾上了雷元素，与自身已有的水元素发生感电反应,66.364,5,6830715,2024-06-02 19:29:42,286091033,3,登革热/痤疮,工作细胞 第二季,886319522
白血球沾上了水元素,64.144,5,41194,2024-06-02 19:28:33,286091033,3,登革热/痤疮,工作细胞 第二季,886319522
我，想要一阵狂风！,406.23,1,16777215,2024-06-02 17:28:35,286091033,3,登革热/痤疮,工作细胞 第二季,886319522
都          不             做             人             啦,409.618,5,15138834,2024-05-31 22:37:20,286091033,3,登革热/痤疮,工作细胞 第二季,886319522
狂风大作,434.172,1,15138834,2024-05-30 17:51:58,286091033,3,登革热/痤疮,工作细胞 第二季,886319522
鬼灭之刃的,378.235,1,15138834,2024-05-30 17:49:48,286091033,3,登革热/痤疮,工作细胞 第二季,886319522
白———哥———,896.449,1,15138834,2024-05-24 13:02:42,286091033,3,登革热/痤疮,工作细胞 第二季,886319522
这就是主角,1338.598,5,16777215,2024-05-23 08:00:56,286091033,3,登革热/痤疮,工作细胞 第二季,886319522
就是吃了没有皮脂就能增值,1137.04,5,16777215,2024-05-23 07:58:50,286091033,3,登革热/痤疮,工作细胞 第二季,886319522
这玩意其实没多大的,1084.667,5,16777215,2024-05-23 07:57:56,286091033,3,登革热/痤疮,工作细胞 第二季,886319522
可惜啊，我们是不会在意的,1029.968,5,16777215,2024-05-23 07:56:36,286091033,3,登革热/痤疮,工作细胞 第二季,886319522
就是战死啊，吞噬太多然后带出体内,1009.489,5,16777215,2024-05-23 07:56:06,286091033,3,登革热/痤疮,工作细胞 第二季,886319522
这是常见病，没法根治的,971.003,5,16777215,2024-05-23 07:55:03,286091033,3,登革热/痤疮,工作细胞 第二季,886319522
常见病了，没法根治的,850.086,5,16777215,2024-05-23 07:52:32,286091033,3,登革热/痤疮,工作细胞 第二季,886319522
中二细胞出现,474.641,5,16777215,2024-05-23 07:45:55,286091033,3,登革热/痤疮,工作细胞 第二季,886319522
万物有灵，蚊子除外,312.336,5,16777215,2024-05-23 07:43:51,286091033,3,登革热/痤疮,工作细胞 第二季,886319522
肯德基老爷爷,260.304,5,16777215,2024-05-23 07:42:51,286091033,3,登革热/痤疮,工作细胞 第二季,886319522
细胞是很容易过敏的,200.955,1,16777215,2024-05-23 07:41:17,286091033,3,登革热/痤疮,工作细胞 第二季,886319522
好讨厌这种自以为是的人。。,911.466,1,16777215,2024-05-21 12:32:08,286091033,3,登革热/痤疮,工作细胞 第二季,886319522
梦幻联动,382.071,1,6830715,2024-05-20 19:10:27,286091033,3,登革热/痤疮,工作细胞 第二季,886319522
﹖﹖﹖,389.968,1,16777215,2024-05-19 22:30:26,286091033,3,登革热/痤疮,工作细胞 第二季,886319522
白哥你好帅,1283.708,1,16777215,2024-05-18 22:26:16,286091033,3,登革热/痤疮,工作细胞 第二季,886319522
黑长直,1219.429,1,16777215,2024-05-18 22:25:30,286091033,3,登革热/痤疮,工作细胞 第二季,886319522
你果然还是魔人布欧啊,1141.752,1,16777215,2024-05-18 22:24:26,286091033,3,登革热/痤疮,工作细胞 第二季,886319522
你属魔人布欧的吗,1139.152,1,16777215,2024-05-18 22:24:20,286091033,3,登革热/痤疮,工作细胞 第二季,886319522
梦幻联动,966.742,1,16777215,2024-05-18 22:22:03,286091033,3,登革热/痤疮,工作细胞 第二季,886319522
原来是你,851.557,1,16777215,2024-05-18 22:20:26,286091033,3,登革热/痤疮,工作细胞 第二季,886319522
好家伙，原来是你,845.877,1,16777215,2024-05-18 22:20:18,286091033,3,登革热/痤疮,工作细胞 第二季,886319522
这不就是长痘吗,841.597,1,16777215,2024-05-18 22:20:08,286091033,3,登革热/痤疮,工作细胞 第二季,886319522
一家四口,826.923,1,16777215,2024-05-18 22:19:49,286091033,3,登革热/痤疮,工作细胞 第二季,886319522
白哥帅,797.517,1,16777215,2024-05-18 22:19:13,286091033,3,登革热/痤疮,工作细胞 第二季,886319522
梦幻联动,747.78,1,16777215,2024-05-18 22:18:23,286091033,3,登革热/痤疮,工作细胞 第二季,886319522
梦幻联动,738.94,1,16777215,2024-05-18 22:18:13,286091033,3,登革热/痤疮,工作细胞 第二季,886319522
血小板听懂了,709.511,1,16777215,2024-05-18 22:17:44,286091033,3,登革热/痤疮,工作细胞 第二季,886319522
吾王老傲娇,697.496,1,16777215,2024-05-18 22:17:20,286091033,3,登革热/痤疮,工作细胞 第二季,886319522
一家三口,681.576,1,16777215,2024-05-18 22:16:59,286091033,3,登革热/痤疮,工作细胞 第二季,886319522
柯南体质,661.873,1,16777215,2024-05-18 22:16:42,286091033,3,登革热/痤疮,工作细胞 第二季,886319522
动作指导：毛利小五郎和小新妈妈,662.505,1,16777215,2024-05-18 22:16:22,286091033,3,登革热/痤疮,工作细胞 第二季,886319522
血小板可爱捏,618.704,1,16777215,2024-05-18 22:15:26,286091033,3,登革热/痤疮,工作细胞 第二季,886319522
灰太狼点了个赞,587.876,1,16777215,2024-05-18 22:14:56,286091033,3,登革热/痤疮,工作细胞 第二季,886319522
巨噬小姐姐优雅,579.695,1,16777215,2024-05-18 22:14:39,286091033,3,登革热/痤疮,工作细胞 第二季,886319522
白哥好颜艺,573.815,1,16777215,2024-05-18 22:14:28,286091033,3,登革热/痤疮,工作细胞 第二季,886319522
参见吾王,553.693,1,16777215,2024-05-18 22:14:07,286091033,3,登革热/痤疮,工作细胞 第二季,886319522
吾王声线,553.867,1,16777215,2024-05-18 22:13:47,286091033,3,登革热/痤疮,工作细胞 第二季,886319522
吾王,551.707,1,16777215,2024-05-18 22:13:43,286091033,3,登革热/痤疮,工作细胞 第二季,886319522
话疗,507.013,1,16777215,2024-05-18 22:12:57,286091033,3,登革热/痤疮,工作细胞 第二季,886319522
出现了，中二细胞,471.525,1,16777215,2024-05-18 22:12:19,286091033,3,登革热/痤疮,工作细胞 第二季,886319522
出现了，中二细胞,465.565,1,16777215,2024-05-18 22:11:51,286091033,3,登革热/痤疮,工作细胞 第二季,886319522
铁扇公主直呼内行,401.601,1,16777215,2024-05-18 22:10:42,286091033,3,登革热/痤疮,工作细胞 第二季,886319522
成龙历险记,387.069,1,16777215,2024-05-18 22:10:25,286091033,3,登革热/痤疮,工作细胞 第二季,886319522
成龙历险记,382.909,1,16777215,2024-05-18 22:10:18,286091033,3,登革热/痤疮,工作细胞 第二季,886319522
成龙历险记,386.306,1,16777215,2024-05-18 22:10:12,286091033,3,登革热/痤疮,工作细胞 第二季,886319522
石鬼面,377.266,1,16777215,2024-05-18 22:10:01,286091033,3,登革热/痤疮,工作细胞 第二季,886319522
石鬼面,371.026,1,16777215,2024-05-18 22:09:53,286091033,3,登革热/痤疮,工作细胞 第二季,886319522
已经开始拍蚊子了,366.386,1,16777215,2024-05-18 22:09:46,286091033,3,登革热/痤疮,工作细胞 第二季,886319522
可爱捏,355.306,1,16777215,2024-05-18 22:09:29,286091033,3,登革热/痤疮,工作细胞 第二季,886319522
已经开始痒了,314.852,1,16777215,2024-05-18 22:08:47,286091033,3,登革热/痤疮,工作细胞 第二季,886319522
刻在DNA里的声音,305.532,1,16777215,2024-05-18 22:08:28,286091033,3,登革热/痤疮,工作细胞 第二季,886319522
刻在DNA里的声音,301.332,1,16777215,2024-05-18 22:08:18,286091033,3,登革热/痤疮,工作细胞 第二季,886319522
肯德基细胞,263.595,1,16777215,2024-05-18 22:06:10,286091033,3,登革热/痤疮,工作细胞 第二季,886319522
肯德基细胞,259.274,1,16777215,2024-05-18 22:06:03,286091033,3,登革热/痤疮,工作细胞 第二季,886319522
肯德基老爷爷,255.955,1,16777215,2024-05-18 22:05:55,286091033,3,登革热/痤疮,工作细胞 第二季,886319522
少女好颜艺,227.57,1,16777215,2024-05-18 22:05:24,286091033,3,登革热/痤疮,工作细胞 第二季,886319522
saber细胞,200.69,1,16777215,2024-05-18 22:04:52,286091033,3,登革热/痤疮,工作细胞 第二季,886319522
梅开二度,195.65,1,16777215,2024-05-18 22:04:44,286091033,3,登革热/痤疮,工作细胞 第二季,886319522
saber细胞,172.21,1,16777215,2024-05-18 22:03:16,286091033,3,登革热/痤疮,工作细胞 第二季,886319522
录音棚里欢乐多,72.221,1,16777215,2024-05-18 22:02:53,286091033,3,登革热/痤疮,工作细胞 第二季,886319522
寺诚相识,55.021,1,16777215,2024-05-18 22:02:31,286091033,3,登革热/痤疮,工作细胞 第二季,886319522
saber细胞,27.159,1,16777215,2024-05-18 22:01:41,286091033,3,登革热/痤疮,工作细胞 第二季,886319522
搞了半天就是你们害我长的痤疮,855.489,1,16777215,2024-05-18 13:37:57,286091033,3,登革热/痤疮,工作细胞 第二季,886319522
对不起 我看成了痔疮,829.673,1,16777215,2024-05-18 13:21:12,286091033,3,登革热/痤疮,工作细胞 第二季,886319522
我要痒死了,473.341,1,16777215,2024-05-18 11:00:37,286091033,3,登革热/痤疮,工作细胞 第二季,886319522
上弦四,428.814,1,16777215,2024-05-17 17:41:25,286091033,3,登革热/痤疮,工作细胞 第二季,886319522
我得过朗格汉斯细胞组织细胞增生症,270.927,1,16777215,2024-05-14 20:06:02,286091033,3,登革热/痤疮,工作细胞 第二季,886319522
这就去洗头,934.609,1,16777215,2024-05-12 19:18:27,286091033,3,登革热/痤疮,工作细胞 第二季,886319522
一生之敌嗒嗒开,340.927,1,16777215,2024-05-12 13:32:49,286091033,3,登革热/痤疮,工作细胞 第二季,886319522
你说谁肥头大耳！！,227.506,1,16777215,2024-05-12 12:54:39,286091033,3,登革热/痤疮,工作细胞 第二季,886319522
开始发动技能：游走,1324.818,1,16777215,2024-05-11 19:26:25,286091033,3,登革热/痤疮,工作细胞 第二季,886319522
原来如此,208.639,1,16777215,2024-05-11 18:22:49,286091033,3,登革热/痤疮,工作细胞 第二季,886319522
胞风传奇,1082.454,1,16777215,2024-05-10 19:14:00,286091033,3,登革热/痤疮,工作细胞 第二季,886319522
嗜碱性粒细胞不是会释放组织胺吗,474.343,1,16777215,2024-05-09 21:41:42,286091033,3,登革热/痤疮,工作细胞 第二季,886319522
万物有灵，蚊子除外,317.002,1,16777215,2024-05-07 21:43:34,286091033,3,登革热/痤疮,工作细胞 第二季,886319522
好好笑啊，但看到这堆油，我好难受,1358.873,1,16777215,2024-05-06 21:37:44,286091033,3,登革热/痤疮,工作细胞 第二季,886319522
主角光环在没那么容易死的,1313.353,1,16777215,2024-05-06 21:36:53,286091033,3,登革热/痤疮,工作细胞 第二季,886319522
主角光环启动,1140.593,1,16777215,2024-05-06 21:33:56,286091033,3,登革热/痤疮,工作细胞 第二季,886319522
主角已死，剧情已完，完结撒花，谢谢陪伴,896.513,1,16777215,2024-05-06 21:28:59,286091033,3,登革热/痤疮,工作细胞 第二季,886319522
梦幻联动,740.841,1,16777215,2024-05-05 21:14:47,286091033,3,登革热/痤疮,工作细胞 第二季,886319522
只白：影逝二度,1088.153,1,16777215,2024-05-05 21:02:27,286091033,3,登革热/痤疮,工作细胞 第二季,886319522
哈哈哈哈,72.252,1,16777215,2024-05-02 15:38:23,286091033,3,登革热/痤疮,工作细胞 第二季,886319522
小杰细胞233,1221.625,1,16777215,2024-05-02 02:34:14,286091033,3,登革热/痤疮,工作细胞 第二季,886319522
开金身了的感觉,1347.743,1,16777215,2024-05-01 16:44:22,286091033,3,登革热/痤疮,工作细胞 第二季,886319522
等等 女生化妆了?,820.983,1,16777215,2024-05-01 12:36:11,286091033,3,登革热/痤疮,工作细胞 第二季,886319522
叮叮～,392.914,1,16777215,2024-05-01 10:34:43,286091033,3,登革热/痤疮,工作细胞 第二季,886319522
！女。,1018.465,1,16777215,2024-04-30 23:02:25,286091033,3,登革热/痤疮,工作细胞 第二季,886319522
帽子是地上捡的！认真看啊喂,1036.752,1,16777215,2024-04-30 12:16:06,286091033,3,登革热/痤疮,工作细胞 第二季,886319522
这辈子一定要保护好这种小可爱，没有他我会死的，没有头发怎么见人啊,774.06,1,16777215,2024-04-29 22:17:31,286091033,3,登革热/痤疮,工作细胞 第二季,886319522
就是你是吧，放开我的毛囊,837.968,1,16777215,2024-04-27 20:45:56,286091033,3,登革热/痤疮,工作细胞 第二季,886319522
不要招惹社畜。,242.256,1,16777215,2024-04-27 10:35:18,286091033,3,登革热/痤疮,工作细胞 第二季,886319522
是雪糕贩售机,47.655,1,16777215,2024-04-26 19:07:31,286091033,3,登革热/痤疮,工作细胞 第二季,886319522
白哥： 我打仗打累了，先睡会儿,1311.613,1,16777215,2024-04-23 16:51:29,286091033,3,登革热/痤疮,工作细胞 第二季,886319522
好的。。对不起,863.34,1,16777215,2024-04-23 16:23:35,286091033,3,登革热/痤疮,工作细胞 第二季,886319522
对不起，，我的脸，，我一定好好擦药,727.481,1,16777215,2024-04-23 16:21:17,286091033,3,登革热/痤疮,工作细胞 第二季,886319522
。。。。。。。,1077.022,1,16777215,2024-04-23 16:09:28,286091033,3,登革热/痤疮,工作细胞 第二季,886319522
爷的头发！！！,977.649,1,16777215,2024-04-23 15:45:55,286091033,3,登革热/痤疮,工作细胞 第二季,886319522
世界是一团永恒的活火,497.989,1,16777215,2024-04-21 16:17:15,286091033,3,登革热/痤疮,工作细胞 第二季,886319522
主人在挤痘吗,1285.31,1,16777215,2024-04-21 11:09:05,286091033,3,登革热/痤疮,工作细胞 第二季,886319522
动作指导：农场主,761.137,5,15138834,2024-04-20 00:17:01,286091033,3,登革热/痤疮,工作细胞 第二季,886319522
我要没收你的帽子！！！,679.474,5,15138834,2024-04-20 00:15:26,286091033,3,登革热/痤疮,工作细胞 第二季,886319522
这要是挤掉这个，白哥是不是无了,1353.658,5,15138834,2024-04-19 20:43:09,286091033,3,登革热/痤疮,工作细胞 第二季,886319522
你别说长的真形象,860.617,5,15138834,2024-04-19 20:34:26,286091033,3,登革热/痤疮,工作细胞 第二季,886319522
正在吃eva 哭,841.329,5,15138834,2024-04-19 20:33:40,286091033,3,登革热/痤疮,工作细胞 第二季,886319522
像我一样在知识的海洋中绝望的溺死。,1310.77,1,16777215,2024-04-18 22:14:42,286091033,3,登革热/痤疮,工作细胞 第二季,886319522
今天就洗头！,938.343,1,16777215,2024-04-18 18:08:41,286091033,3,登革热/痤疮,工作细胞 第二季,886319522
脸红了!!!!,1393.335,5,15138834,2024-04-17 19:58:26,286091033,3,登革热/痤疮,工作细胞 第二季,886319522
多        吃           点,1266.887,5,15138834,2024-04-17 19:56:37,286091033,3,登革热/痤疮,工作细胞 第二季,886319522
太燃辣!!!!,1191.647,5,15138834,2024-04-17 19:54:54,286091033,3,登革热/痤疮,工作细胞 第二季,886319522
泪目了,974.167,5,15138834,2024-04-17 19:50:46,286091033,3,登革热/痤疮,工作细胞 第二季,886319522
白——哥——,884.167,5,15138834,2024-04-17 19:49:01,286091033,3,登革热/痤疮,工作细胞 第二季,886319522
这种送死行为不可取啊!,881.447,5,15138834,2024-04-17 19:48:46,286091033,3,登革热/痤疮,工作细胞 第二季,886319522
你看他笑的多开心呐,864.407,5,15138834,2024-04-17 19:48:20,286091033,3,登革热/痤疮,工作细胞 第二季,886319522
真就完球了,530.44,5,15138834,2024-04-17 19:44:13,286091033,3,登革热/痤疮,工作细胞 第二季,886319522
龙卷风摧毁停车场!,420.711,5,15138834,2024-04-17 19:41:35,286091033,3,登革热/痤疮,工作细胞 第二季,886319522
血——小——板——,337.479,5,41194,2024-04-17 19:40:15,286091033,3,登革热/痤疮,工作细胞 第二季,886319522
蚊子来给你们送大红包了,305.159,5,15138834,2024-04-17 19:38:58,286091033,3,登革热/痤疮,工作细胞 第二季,886319522
太优雅了,271.119,5,15138834,2024-04-17 19:38:02,286091033,3,登革热/痤疮,工作细胞 第二季,886319522
力大如牛啊。。。。,239.279,1,16777215,2024-04-17 19:37:14,286091033,3,登革热/痤疮,工作细胞 第二季,886319522
一看就是没学过触电的常识,69.038,5,15138834,2024-04-16 21:28:49,286091033,3,登革热/痤疮,工作细胞 第二季,886319522
极品老头,274.378,1,16777215,2024-04-15 17:04:02,286091033,3,登革热/痤疮,工作细胞 第二季,886319522
我爱嗜碱性粒细胞,487.484,1,16777215,2024-04-15 16:31:32,286091033,3,登革热/痤疮,工作细胞 第二季,886319522
我马上洗,1007.108,1,16777215,2024-04-14 08:31:13,286091033,3,登革热/痤疮,工作细胞 第二季,886319522
毛囊炎。。。,841.278,1,16777215,2024-04-13 18:36:19,286091033,3,登革热/痤疮,工作细胞 第二季,886319522
]',604.631,1,16777215,2024-04-13 18:30:44,286091033,3,登革热/痤疮,工作细胞 第二季,886319522
我白哥还是这么丝滑,586.448,5,38979,2024-04-13 12:18:48,286091033,3,登革热/痤疮,工作细胞 第二季,886319522
川澄绫子声线真的多,243.985,1,16777215,2024-04-11 13:17:36,286091033,3,登革热/痤疮,工作细胞 第二季,886319522
那一天，人们想起了被…,226.262,1,16777215,2024-04-11 13:16:49,286091033,3,登革热/痤疮,工作细胞 第二季,886319522
肯——德——基——细——胞,584.638,1,16777215,2024-04-07 19:03:58,286091033,3,登革热/痤疮,工作细胞 第二季,886319522
上一个桌面清理大师还是萨瓦酱,237.479,5,11890,2024-04-06 15:30:19,286091033,3,登革热/痤疮,工作细胞 第二季,886319522
额原来素你们额,850.941,1,16777215,2024-04-06 15:15:47,286091033,3,登革热/痤疮,工作细胞 第二季,886319522
血小板：您？,708.201,1,16777215,2024-04-06 11:35:08,286091033,3,登革热/痤疮,工作细胞 第二季,886319522
打完了你们才来,1317.275,1,14811775,2024-04-05 18:27:04,286091033,3,登革热/痤疮,工作细胞 第二季,886319522
蚊子哈哈哈,304.923,1,14811775,2024-04-05 18:10:06,286091033,3,登革热/痤疮,工作细胞 第二季,886319522
我不做细胞了!!!!,386.7,1,16777215,2024-04-05 15:45:11,286091033,3,登革热/痤疮,工作细胞 第二季,886319522
优雅细胞！,276.87,1,16777215,2024-04-05 14:32:39,286091033,3,登革热/痤疮,工作细胞 第二季,886319522
油光,1359.651,1,16777215,2024-04-04 02:42:29,286091033,3,登革热/痤疮,工作细胞 第二季,886319522
你怎么不嚣张呢？你们仔细听,161.57,1,16777215,2024-04-03 20:43:53,286091033,3,登革热/痤疮,工作细胞 第二季,886319522
刺客细胞,474.204,1,16777215,2024-04-03 16:17:05,286091033,3,登革热/痤疮,工作细胞 第二季,886319522
解锁细胞（bushi）,229.031,1,16777215,2024-04-03 15:41:52,286091033,3,登革热/痤疮,工作细胞 第二季,886319522
动作指导：小兰,1213.475,1,16777215,2024-04-02 22:44:14,286091033,3,登革热/痤疮,工作细胞 第二季,886319522
少女闰土，哈哈哈哈,495.564,1,16777215,2024-04-02 22:31:08,286091033,3,登革热/痤疮,工作细胞 第二季,886319522
新概念情头,74.559,1,16777215,2024-04-01 23:45:53,286091033,3,登革热/痤疮,工作细胞 第二季,886319522
動作指导：可乐,422.271,1,16777215,2024-04-01 13:37:24,286091033,3,登革热/痤疮,工作细胞 第二季,886319522
面具指导：石鬼面,384.039,1,16777215,2024-03-31 10:03:02,286091033,3,登革热/痤疮,工作细胞 第二季,886319522
你不是最爱油脂吗,1282.815,5,16777215,2024-03-29 13:08:20,286091033,3,登革热/痤疮,工作细胞 第二季,886319522
钢针,1216.215,5,16777215,2024-03-29 13:07:04,286091033,3,登革热/痤疮,工作细胞 第二季,886319522
空气？,1118.746,5,16777215,2024-03-29 13:05:14,286091033,3,登革热/痤疮,工作细胞 第二季,886319522
石油是吧，阿拉伯细胞就很应景,956.786,5,16777215,2024-03-29 13:01:53,286091033,3,登革热/痤疮,工作细胞 第二季,886319522
石油是吧,944.186,5,16777215,2024-03-29 13:01:28,286091033,3,登革热/痤疮,工作细胞 第二季,886319522
阿拉伯细胞,816.546,5,16777215,2024-03-29 12:59:16,286091033,3,登革热/痤疮,工作细胞 第二季,886319522
王招菌,661.745,5,16777215,2024-03-29 12:56:32,286091033,3,登革热/痤疮,工作细胞 第二季,886319522
吟游诗人,468.186,5,16777215,2024-03-29 12:53:14,286091033,3,登革热/痤疮,工作细胞 第二季,886319522
芭蕉扇,403.305,5,16777215,2024-03-29 12:51:59,286091033,3,登革热/痤疮,工作细胞 第二季,886319522
好家伙，黑白花文字,311.426,5,16777215,2024-03-29 12:50:23,286091033,3,登革热/痤疮,工作细胞 第二季,886319522
管家细胞,292.426,5,16777215,2024-03-29 12:49:56,286091033,3,登革热/痤疮,工作细胞 第二季,886319522
肥满细胞,187.025,5,16777215,2024-03-29 12:48:03,286091033,3,登革热/痤疮,工作细胞 第二季,886319522
香菜你开心就好,76.199,5,16777215,2024-03-29 12:47:25,286091033,3,登革热/痤疮,工作细胞 第二季,886319522
双人霹雳舞,72.879,5,16777215,2024-03-29 12:47:15,286091033,3,登革热/痤疮,工作细胞 第二季,886319522
中二细胞立大功！！,547.344,1,16777215,2024-03-28 00:20:38,286091033,3,登革热/痤疮,工作细胞 第二季,886319522
刚被蚊子叮了一下,347.5,1,16777215,2024-03-27 17:59:15,286091033,3,登革热/痤疮,工作细胞 第二季,886319522
银时你在干什么，啊喂,496.034,1,16777215,2024-03-26 19:45:42,286091033,3,登革热/痤疮,工作细胞 第二季,886319522
如果是嘴巴上的唇毛 不保护也罢,1368.189,1,16777215,2024-03-26 07:40:56,286091033,3,登革热/痤疮,工作细胞 第二季,886319522
上线就送一百抽,763.491,1,16777215,2024-03-25 15:39:17,286091033,3,登革热/痤疮,工作细胞 第二季,886319522
肯德基细胞,262.115,1,16777215,2024-03-23 21:12:33,286091033,3,登革热/痤疮,工作细胞 第二季,886319522
痤疮杆菌吗,767.464,1,16777215,2024-03-23 05:32:55,286091033,3,登革热/痤疮,工作细胞 第二季,886319522
登革热这么容易好的吗,596.548,1,16777215,2024-03-23 05:29:35,286091033,3,登革热/痤疮,工作细胞 第二季,886319522
原来不止我一个人觉得他是中二细胞,474.128,1,8700107,2024-03-22 22:34:39,286091033,3,登革热/痤疮,工作细胞 第二季,886319522
发型指导：小杰,72.937,1,38979,2024-03-22 20:35:58,286091033,3,登革热/痤疮,工作细胞 第二季,886319522
上线就送一百抽,762.764,1,16777215,2024-03-21 18:39:39,286091033,3,登革热/痤疮,工作细胞 第二季,886319522
向我身体里的所有白哥致敬,1024.796,1,16777215,2024-03-20 12:52:30,286091033,3,登革热/痤疮,工作细胞 第二季,886319522
为什么现在一集等于两集,32.322,1,16777215,2024-03-20 00:25:25,286091033,3,登革热/痤疮,工作细胞 第二季,886319522
高能预警,6.857,1,16777215,2024-03-20 00:25:00,286091033,3,登革热/痤疮,工作细胞 第二季,886319522
哥对不起我一定好好洗头护肤。。,1019.004,1,16777215,2024-03-18 21:02:36,286091033,3,登革热/痤疮,工作细胞 第二季,886319522
白哥好帅,922.364,1,16777215,2024-03-17 18:10:23,286091033,3,登革热/痤疮,工作细胞 第二季,886319522
救命！放过我的头发,822.972,1,16777215,2024-03-17 15:18:56,286091033,3,登革热/痤疮,工作细胞 第二季,886319522
每天沉迷于肥大细胞,522.919,1,41194,2024-03-16 23:10:39,286091033,3,登革热/痤疮,工作细胞 第二季,886319522
肯德基细胞,258.637,1,16707842,2024-03-16 19:09:26,286091033,3,登革热/痤疮,工作细胞 第二季,886319522
行为指导：玉壶,1055.848,1,16777215,2024-03-16 14:48:25,286091033,3,登革热/痤疮,工作细胞 第二季,886319522
指导老师不会是成龙历险记吧,400.055,1,16777215,2024-03-12 22:32:40,286091033,3,登革热/痤疮,工作细胞 第二季,886319522
绅士，太绅士了,275.895,1,16777215,2024-03-09 22:08:47,286091033,3,登革热/痤疮,工作细胞 第二季,886319522
什么奇怪的叫声（？,164.0,1,16777215,2024-03-09 22:06:43,286091033,3,登革热/痤疮,工作细胞 第二季,886319522
b……lack？,976.564,1,16777215,2024-03-09 20:33:54,286091033,3,登革热/痤疮,工作细胞 第二季,886319522
奥德修斯行径,1086.567,5,16707842,2024-03-08 05:53:15,286091033,3,登革热/痤疮,工作细胞 第二季,886319522
杨过,912.242,5,16707842,2024-03-08 05:49:59,286091033,3,登革热/痤疮,工作细胞 第二季,886319522
肯德基细胞,261.877,1,16777215,2024-03-07 12:28:15,286091033,3,登革热/痤疮,工作细胞 第二季,886319522
杂菌下地狱吧！！！,1114.959,1,16777215,2024-03-06 22:46:57,286091033,3,登革热/痤疮,工作细胞 第二季,886319522
中二病也要当细胞,481.503,1,15138834,2024-03-06 18:13:26,286091033,3,登革热/痤疮,工作细胞 第二季,886319522
哈哈哈哈,1221.44,1,16777215,2024-03-04 23:36:23,286091033,3,登革热/痤疮,工作细胞 第二季,886319522
刚看到的NYU的学生表示疑惑,1407.557,1,16777215,2024-03-04 13:21:11,286091033,3,登革热/痤疮,工作细胞 第二季,886319522
呆维附体,665.443,1,16777215,2024-03-04 07:00:56,286091033,3,登革热/痤疮,工作细胞 第二季,886319522
唾液,328.137,1,16777215,2024-03-02 18:23:48,286091033,3,登革热/痤疮,工作细胞 第二季,886319522
勤洗澡勤洗头爱干净,849.38,1,16777215,2024-03-02 17:32:47,286091033,3,登革热/痤疮,工作细胞 第二季,886319522
勤洗澡,849.38,1,16777215,2024-03-02 17:32:37,286091033,3,登革热/痤疮,工作细胞 第二季,886319522
本来就没几根头发…,782.44,1,16777215,2024-03-02 17:31:25,286091033,3,登革热/痤疮,工作细胞 第二季,886319522
发母小伙立正了,1215.456,5,16777215,2024-02-28 21:11:00,286091033,3,登革热/痤疮,工作细胞 第二季,886319522
无他，自动挡尔,161.938,5,16777215,2024-02-27 22:37:06,286091033,3,登革热/痤疮,工作细胞 第二季,886319522
蚊子老咬我是因为我的红细胞口感特别好吗？,618.308,1,16777215,2024-02-27 22:07:50,286091033,3,登革热/痤疮,工作细胞 第二季,886319522
红骑士为您服务,17.065,1,16777215,2024-02-27 22:00:23,286091033,3,登革热/痤疮,工作细胞 第二季,886319522
啊！白哥！,885.778,5,16707842,2024-02-26 20:52:47,286091033,3,登革热/痤疮,工作细胞 第二季,886319522
扯旗了！！！,1211.835,1,16777215,2024-02-25 23:47:33,286091033,3,登革热/痤疮,工作细胞 第二季,886319522
石鬼面是吧（,387.558,1,16777215,2024-02-24 16:07:43,286091033,3,登革热/痤疮,工作细胞 第二季,886319522
一生之敌,322.985,1,16777215,2024-02-22 21:18:56,286091033,3,登革热/痤疮,工作细胞 第二季,886319522
天地玄宗 万炁本根 广修浩劫 证吾神通 体有金光 覆应吾身,1351.113,1,16777215,2024-02-22 18:06:54,286091033,3,登革热/痤疮,工作细胞 第二季,886319522
好家伙，这么说我脸上有成千上万被奴役的毛姆细胞，我有罪,844.06,1,16777215,2024-02-22 14:43:26,286091033,3,登革热/痤疮,工作细胞 第二季,886319522
语言指导：墨微雨,1107.133,1,16777215,2024-02-21 23:04:52,286091033,3,登革热/痤疮,工作细胞 第二季,886319522
西内！！！！！！！！！！,1044.858,1,15138834,2024-02-21 18:25:59,286091033,3,登革热/痤疮,工作细胞 第二季,886319522
我白哥就是帅,917.542,1,15138834,2024-02-21 18:23:50,286091033,3,登革热/痤疮,工作细胞 第二季,886319522
哈哈哈肯德基爷爷,272.294,1,16777215,2024-02-21 18:12:47,286091033,3,登革热/痤疮,工作细胞 第二季,886319522
现在就长着呢，长了好几年了QAQ,839.665,1,16777215,2024-02-21 00:14:46,286091033,3,登革热/痤疮,工作细胞 第二季,886319522
你需要打掉末影水晶,1169.148,1,16777215,2024-02-20 21:50:14,286091033,3,登革热/痤疮,工作细胞 第二季,886319522
那个帽子上的编号之前出现过,1051.551,1,16777215,2024-02-19 13:37:50,286091033,3,登革热/痤疮,工作细胞 第二季,886319522
我的妈，9696，之前有过这个编号，出现过,1010.484,1,16777215,2024-02-19 13:36:26,286091033,3,登革热/痤疮,工作细胞 第二季,886319522
我不做人啦,380.9,1,16777215,2024-02-17 19:55:55,286091033,3,登革热/痤疮,工作细胞 第二季,886319522
嗨丝细胞,215.611,1,16777215,2024-02-17 19:52:42,286091033,3,登革热/痤疮,工作细胞 第二季,886319522
超喜欢这鱼叉细胞 ,484.518,5,38979,2024-02-17 19:01:58,286091033,3,登革热/痤疮,工作细胞 第二季,886319522
我要超越细胞 ,383.355,5,38979,2024-02-17 18:57:47,286091033,3,登革热/痤疮,工作细胞 第二季,886319522
脓包都是白细胞吗,1021.634,1,16777215,2024-02-16 23:48:04,286091033,3,登革热/痤疮,工作细胞 第二季,886319522
说兰陵王的笑死我了,1066.0,1,16777215,2024-02-16 23:13:35,286091033,3,登革热/痤疮,工作细胞 第二季,886319522
农场主,764.919,1,16777215,2024-02-16 13:25:05,286091033,3,登革热/痤疮,工作细胞 第二季,886319522
抓住(预判),792.364,5,16777215,2024-02-16 11:37:02,286091033,3,登革热/痤疮,工作细胞 第二季,886319522
我又又听懂了,486.655,5,16777215,2024-02-16 11:26:20,286091033,3,登革热/痤疮,工作细胞 第二季,886319522
放飞自我的录音棚,230.314,1,16777215,2024-02-16 11:15:20,286091033,3,登革热/痤疮,工作细胞 第二季,886319522
剧痛这个玩意,986.063,1,16777215,2024-02-16 00:33:33,286091033,3,登革热/痤疮,工作细胞 第二季,886319522
哔哩哔哩译制,531.448,1,16777215,2024-02-15 19:26:04,286091033,3,登革热/痤疮,工作细胞 第二季,886319522
恭喜白哥&红细胞喜提二胎,1397.906,1,38979,2024-02-15 19:11:40,286091033,3,登革热/痤疮,工作细胞 第二季,886319522
发型指导：小杰,74.431,1,38979,2024-02-15 18:54:42,286091033,3,登革热/痤疮,工作细胞 第二季,886319522
这可是年轻人宝贵的头发！,1169.787,1,16777215,2024-02-14 13:18:36,286091033,3,登革热/痤疮,工作细胞 第二季,886319522
动作指导：小埋,362.172,1,16777215,2024-02-14 07:26:22,286091033,3,登革热/痤疮,工作细胞 第二季,886319522
寸土不让！,1193.296,1,16777215,2024-02-14 01:53:03,286091033,3,登革热/痤疮,工作细胞 第二季,886319522
中二细胞,703.913,5,16777215,2024-02-13 23:49:33,286091033,3,登革热/痤疮,工作细胞 第二季,886319522
白哥视角,600.277,5,16777215,2024-02-13 23:47:26,286091033,3,登革热/痤疮,工作细胞 第二季,886319522
动作指导：灰太狼,590.559,1,16777215,2024-02-13 23:47:00,286091033,3,登革热/痤疮,工作细胞 第二季,886319522
明天就洗头！！！呜呜呜呜,1199.913,5,15138834,2024-02-13 23:45:56,286091033,3,登革热/痤疮,工作细胞 第二季,886319522
做阅读理解时的你,504.135,5,16777215,2024-02-13 23:45:15,286091033,3,登革热/痤疮,工作细胞 第二季,886319522
中二细胞,478.469,5,16777215,2024-02-13 23:44:10,286091033,3,登革热/痤疮,工作细胞 第二季,886319522
优雅，实在是太优雅了,276.05,5,16777215,2024-02-13 23:40:34,286091033,3,登革热/痤疮,工作细胞 第二季,886319522
肯德基细胞,263.258,1,16777215,2024-02-13 23:39:51,286091033,3,登革热/痤疮,工作细胞 第二季,886319522
恋爱的感觉,73.439,5,16777215,2024-02-13 23:37:49,286091033,3,登革热/痤疮,工作细胞 第二季,886319522
编号不一样，这是从别的白细胞身上捡的,1008.466,5,41194,2024-02-13 22:54:49,286091033,3,登革热/痤疮,工作细胞 第二季,886319522
白哥，感谢你保护我的头发。,1373.529,1,16777215,2024-02-13 19:43:29,286091033,3,登革热/痤疮,工作细胞 第二季,886319522
谢谢你，保护了我的头发,800.895,1,16777215,2024-02-13 17:46:35,286091033,3,登革热/痤疮,工作细胞 第二季,886319522
助手！不要伤害我的头发！,792.554,1,16777215,2024-02-13 17:46:15,286091033,3,登革热/痤疮,工作细胞 第二季,886319522
立了！！！！！,1216.528,1,15138834,2024-02-13 16:18:13,286091033,3,登革热/痤疮,工作细胞 第二季,886319522
啊！头发对不起，细胞们对不起我错了我这就去洗头，,992.908,1,15138834,2024-02-13 16:14:00,286091033,3,登革热/痤疮,工作细胞 第二季,886319522
你身上也有很多红细胞哦。,634.43,1,15138834,2024-02-13 16:08:00,286091033,3,登革热/痤疮,工作细胞 第二季,886319522
忍者细胞。,502.989,1,15138834,2024-02-13 16:05:40,286091033,3,登革热/痤疮,工作细胞 第二季,886319522
老爷爷：我马上要带上面具了，红细胞你做好准备了吗？,259.874,1,15138834,2024-02-13 16:02:17,286091033,3,登革热/痤疮,工作细胞 第二季,886319522
好可爱的红细胞,660.816,1,16777215,2024-02-13 15:48:57,286091033,3,登革热/痤疮,工作细胞 第二季,886319522
红细胞活下来真的好不容易,598.843,1,16777215,2024-02-13 15:47:50,286091033,3,登革热/痤疮,工作细胞 第二季,886319522
白细胞好帅,571.237,1,16777215,2024-02-13 15:47:16,286091033,3,登革热/痤疮,工作细胞 第二季,886319522
葫芦爷救娃娃一一一个一个送,966.768,1,16777215,2024-02-12 16:49:18,286091033,3,登革热/痤疮,工作细胞 第二季,886319522
剑鬼,1069.584,1,41194,2024-02-12 13:25:22,286091033,3,登革热/痤疮,工作细胞 第二季,886319522
发型指导：小杰,72.195,1,16777215,2024-02-12 10:51:55,286091033,3,登革热/痤疮,工作细胞 第二季,886319522
建模指导：伏地魔,555.949,1,16777215,2024-02-11 22:24:56,286091033,3,登革热/痤疮,工作细胞 第二季,886319522
++,551.208,1,16777215,2024-02-11 22:24:43,286091033,3,登革热/痤疮,工作细胞 第二季,886319522
地利不如人和,1145.25,1,16777215,2024-02-11 21:32:01,286091033,3,登革热/痤疮,工作细胞 第二季,886319522
团聚,7.547,1,16777215,2024-02-11 13:43:23,286091033,3,登革热/痤疮,工作细胞 第二季,886319522
赛巴斯细胞我真的哭死,346.543,1,16777215,2024-02-10 17:25:22,286091033,3,登革热/痤疮,工作细胞 第二季,886319522
动作指导：琦玉,1293.028,1,16777215,2024-02-09 23:01:21,286091033,3,登革热/痤疮,工作细胞 第二季,886319522
俩白细胞在给白哥洗澡？,1371.154,1,16777215,2024-02-09 20:15:17,286091033,3,登革热/痤疮,工作细胞 第二季,886319522
动作指导：李,1349.932,1,16777215,2024-02-09 18:06:08,286091033,3,登革热/痤疮,工作细胞 第二季,886319522
动作指导：李,1338.859,1,16777215,2024-02-09 18:05:31,286091033,3,登革热/痤疮,工作细胞 第二季,886319522
看哭了天,1213.674,1,16777215,2024-02-09 14:32:42,286091033,3,登革热/痤疮,工作细胞 第二季,886319522
哭了,838.531,1,16777215,2024-02-08 20:11:59,286091033,3,登革热/痤疮,工作细胞 第二季,886319522
肯德基爷爷友情串客,268.841,1,16646914,2024-02-07 01:13:59,286091033,3,登革热/痤疮,工作细胞 第二季,886319522
石鬼面,384.188,5,16777215,2024-02-06 16:22:09,286091033,3,登革热/痤疮,工作细胞 第二季,886319522
谢谢你保护了我唯一的一根毛,1365.125,5,15138834,2024-02-06 13:19:11,286091033,3,登革热/痤疮,工作细胞 第二季,886319522
完结撒花，感谢陪伴,1316.973,1,15138834,2024-02-06 13:18:25,286091033,3,登革热/痤疮,工作细胞 第二季,886319522
对不起，现在就去洗头,957.246,1,16777215,2024-02-06 13:05:15,286091033,3,登革热/痤疮,工作细胞 第二季,886319522
完结撒花,1324.914,1,16777215,2024-02-05 08:56:22,286091033,3,登革热/痤疮,工作细胞 第二季,886319522
没事的时候找事，有事的时候他不动。,433.08,1,16777215,2024-02-05 08:14:16,286091033,3,登革热/痤疮,工作细胞 第二季,886319522
说人话：长痘,746.288,1,16777215,2024-02-05 00:07:37,286091033,3,登革热/痤疮,工作细胞 第二季,886319522
完结撒花,1323.66,5,16777215,2024-02-04 23:07:53,286091033,3,登革热/痤疮,工作细胞 第二季,886319522
过敏了喔,186.932,1,16777215,2024-02-04 19:39:03,286091033,3,登革热/痤疮,工作细胞 第二季,886319522
感觉红细胞和白细胞好好磕啊,2.643,1,16777215,2024-02-04 13:01:13,286091033,3,登革热/痤疮,工作细胞 第二季,886319522
全剧终。,338.311,1,16777215,2024-02-03 16:14:19,286091033,3,登革热/痤疮,工作细胞 第二季,886319522
心疼坏了,1191.733,1,16777215,2024-02-03 14:52:48,286091033,3,登革热/痤疮,工作细胞 第二季,886319522
中二细胞,475.258,1,16777215,2024-02-03 14:07:41,286091033,3,登革热/痤疮,工作细胞 第二季,886319522
不要毛囊炎啊，我岌岌可危的头发,734.961,1,16777215,2024-02-01 20:00:01,286091033,3,登革热/痤疮,工作细胞 第二季,886319522
这个声音,1354.821,1,16777215,2024-02-01 13:36:42,286091033,3,登革热/痤疮,工作细胞 第二季,886319522
白哥太帅了,1182.488,1,16777215,2024-02-01 13:34:02,286091033,3,登革热/痤疮,工作细胞 第二季,886319522
不可能,1151.695,1,16777215,2024-02-01 13:33:24,286091033,3,登革热/痤疮,工作细胞 第二季,886319522
然而不胜，是天时不如地利也,1135.807,1,16777215,2024-02-01 12:57:02,286091033,3,登革热/痤疮,工作细胞 第二季,886319522
所以每次被蚊子咬了都会这样吗,619.524,1,16777215,2024-02-01 12:14:42,286091033,3,登革热/痤疮,工作细胞 第二季,886319522
细胞的力量是有限的啊,396.026,1,16777215,2024-02-01 04:05:47,286091033,3,登革热/痤疮,工作细胞 第二季,886319522
我不做人啦,379.719,1,16777215,2024-01-30 23:10:56,286091033,3,登革热/痤疮,工作细胞 第二季,886319522
友情客串,269.522,1,16777215,2024-01-30 21:51:26,286091033,3,登革热/痤疮,工作细胞 第二季,886319522
石鬼面？,382.758,1,16777215,2024-01-30 21:00:56,286091033,3,登革热/痤疮,工作细胞 第二季,886319522
好美。。,665.508,1,16777215,2024-01-30 20:34:44,286091033,3,登革热/痤疮,工作细胞 第二季,886319522
解锁成就：包浆,1346.131,1,16777215,2024-01-29 17:31:49,286091033,3,登革热/痤疮,工作细胞 第二季,886319522
地利不如人和,1137.69,5,16777215,2024-01-28 14:35:06,286091033,3,登革热/痤疮,工作细胞 第二季,886319522
头皮发麻,1073.41,1,16777215,2024-01-28 14:33:45,286091033,3,登革热/痤疮,工作细胞 第二季,886319522
这不是好哥们的帽子吗！,1014.162,1,16777215,2024-01-27 22:16:25,286091033,3,登革热/痤疮,工作细胞 第二季,886319522
脱了很多次毛的我说声抱歉，但还是要脱,1376.649,1,16777215,2024-01-27 12:57:54,286091033,3,登革热/痤疮,工作细胞 第二季,886319522
怎么有点像玉壶（bushi）,786.876,5,16777215,2024-01-26 15:03:05,286091033,3,登革热/痤疮,工作细胞 第二季,886319522
辉夜的旁白君（doge）,705.213,5,16777215,2024-01-26 15:01:57,286091033,3,登革热/痤疮,工作细胞 第二季,886319522
动作指导：悲鸣屿行冥,629.18,5,16777215,2024-01-26 15:00:49,286091033,3,登革热/痤疮,工作细胞 第二季,886319522
语音指导：灶门炭治郎,629.18,5,16777215,2024-01-26 15:00:32,286091033,3,登革热/痤疮,工作细胞 第二季,886319522
放开我白哥,1363.601,1,16777215,2024-01-25 19:13:02,286091033,3,登革热/痤疮,工作细胞 第二季,886319522
五彩斑斓的黑,1222.594,1,16777215,2024-01-25 19:10:41,286091033,3,登革热/痤疮,工作细胞 第二季,886319522
谢谢解气了,1182.275,1,16777215,2024-01-25 19:10:01,286091033,3,登革热/痤疮,工作细胞 第二季,886319522
好想弄死那个老头。。,1162.675,1,16777215,2024-01-25 19:09:41,286091033,3,登革热/痤疮,工作细胞 第二季,886319522
洗头太频繁也会损伤毛囊哦,950.992,5,16740868,2024-01-24 20:32:26,286091033,3,登革热/痤疮,工作细胞 第二季,886319522
哇，金闪闪,1335.164,1,16777215,2024-01-24 14:57:53,286091033,3,登革热/痤疮,工作细胞 第二季,886319522
我刚洗完头,1271.762,1,16777215,2024-01-24 14:56:41,286091033,3,登革热/痤疮,工作细胞 第二季,886319522
已经开始为蚊子鼓掌了,317.123,1,16777215,2024-01-23 21:52:50,286091033,3,登革热/痤疮,工作细胞 第二季,886319522
油腻大叔,1339.004,1,16777215,2024-01-22 17:11:59,286091033,3,登革热/痤疮,工作细胞 第二季,886319522
谛听（幻听,513.489,1,16777215,2024-01-22 17:01:47,286091033,3,登革热/痤疮,工作细胞 第二季,886319522
泪目,676.805,1,16777215,2024-01-20 15:22:06,286091033,3,登革热/痤疮,工作细胞 第二季,886319522
也没有神仙皇帝～,901.842,5,16707842,2024-01-20 00:33:57,286091033,3,登革热/痤疮,工作细胞 第二季,886319522
看热闹细胞,504.258,1,16777215,2024-01-19 00:15:09,286091033,3,登革热/痤疮,工作细胞 第二季,886319522
对不起我看标题还以为是痔疮……,3.599,1,16777215,2024-01-18 23:29:53,286091033,3,登革热/痤疮,工作细胞 第二季,886319522
肥大和噬喊都是引起过敏反应,503.267,1,16777215,2024-01-18 18:04:40,286091033,3,登革热/痤疮,工作细胞 第二季,886319522
这哥们开金身了,1349.79,1,16777215,2024-01-18 10:43:50,286091033,3,登革热/痤疮,工作细胞 第二季,886319522
银酱,472.999,1,16777215,2024-01-17 16:43:17,286091033,3,登革热/痤疮,工作细胞 第二季,886319522
好优雅,278.417,1,16777215,2024-01-17 12:51:08,286091033,3,登革热/痤疮,工作细胞 第二季,886319522
别送啊呜呜呜 ,883.683,1,16777215,2024-01-17 12:47:11,286091033,3,登革热/痤疮,工作细胞 第二季,886319522
不许对头发动手！！！,794.77,1,16777215,2024-01-17 12:45:31,286091033,3,登革热/痤疮,工作细胞 第二季,886319522
白人细胞拷打内格,792.444,1,16777215,2024-01-17 10:30:26,286091033,3,登革热/痤疮,工作细胞 第二季,886319522
这集去亚马逊了,14.479,1,16777215,2024-01-14 16:30:27,286091033,3,登革热/痤疮,工作细胞 第二季,886319522
十几年了！！就是你们啊！！,853.906,1,16777215,2024-01-14 14:14:05,286091033,3,登革热/痤疮,工作细胞 第二季,886319522
中指？,366.358,5,15138834,2024-01-13 15:55:55,286091033,3,登革热/痤疮,工作细胞 第二季,886319522
细菌，你不是喜欢皮脂吗？那这么多皮脂给你，你现在开心了吧？,1263.399,5,16777215,2024-01-13 01:05:31,286091033,3,登革热/痤疮,工作细胞 第二季,886319522
毛发细胞们，負けないで！,1254.289,5,16777215,2024-01-11 18:45:32,286091033,3,登革热/痤疮,工作细胞 第二季,886319522
負けないで！,1198.481,5,16777215,2024-01-11 18:44:09,286091033,3,登革热/痤疮,工作细胞 第二季,886319522
登录就送100抽,755.404,1,16777215,2024-01-10 11:18:26,286091033,3,登革热/痤疮,工作细胞 第二季,886319522
细胞：吃了个寂寞…,55.932,5,15138834,2024-01-09 21:59:41,286091033,3,登革热/痤疮,工作细胞 第二季,886319522
啊哒哒哒哒哒哒哒哒哒哒哔哔哔哔哔哔哔哔哔哔哔哔哔哔哔哔,71.202,1,16777215,2024-01-07 19:38:02,286091033,3,登革热/痤疮,工作细胞 第二季,886319522
金红细胞,1354.049,1,16777215,2024-01-07 17:14:38,286091033,3,登革热/痤疮,工作细胞 第二季,886319522
因为只剩了这一根吧,1214.56,1,16777215,2024-01-07 17:02:00,286091033,3,登革热/痤疮,工作细胞 第二季,886319522
因为有下一集所以白哥不会死,1185.817,1,16777215,2024-01-07 17:01:31,286091033,3,登革热/痤疮,工作细胞 第二季,886319522
我现在就去洗头,1145.26,1,16777215,2024-01-07 17:00:51,286091033,3,登革热/痤疮,工作细胞 第二季,886319522
負けないで もう少し,1210.151,5,16777215,2024-01-07 14:19:11,286091033,3,登革热/痤疮,工作细胞 第二季,886319522
吓得我赶紧去洗个脸,856.363,1,16777215,2024-01-06 20:44:47,286091033,3,登革热/痤疮,工作细胞 第二季,886319522
好的已经洗完头了……,844.242,1,16777215,2024-01-06 12:54:06,286091033,3,登革热/痤疮,工作细胞 第二季,886319522
红细胞的奇妙冒险,377.839,1,16777215,2024-01-05 22:01:31,286091033,3,登革热/痤疮,工作细胞 第二季,886319522
肯德基细胞,255.598,1,16777215,2024-01-05 21:58:51,286091033,3,登革热/痤疮,工作细胞 第二季,886319522
肥大细胞,30.29,1,16777215,2024-01-05 16:42:26,286091033,3,登革热/痤疮,工作细胞 第二季,886319522
好像saber,219.327,1,15772458,2024-01-05 00:57:30,286091033,3,登革热/痤疮,工作细胞 第二季,886319522
吾王,177.811,1,15772458,2024-01-05 00:56:25,286091033,3,登革热/痤疮,工作细胞 第二季,886319522
saber,29.032,1,15772458,2024-01-05 00:55:04,286091033,3,登革热/痤疮,工作细胞 第二季,886319522
开头看见细胞是以兆为单位，这么多细胞，认不完挺正常的,828.589,1,16777215,2024-01-04 20:59:35,286091033,3,登革热/痤疮,工作细胞 第二季,886319522
脂溢性皮炎吗,748.13,1,16777215,2024-01-03 13:55:49,286091033,3,登革热/痤疮,工作细胞 第二季,886319522
不做人啦！,380.861,1,16777215,2024-01-03 13:47:15,286091033,3,登革热/痤疮,工作细胞 第二季,886319522
这神经是根接触网吧,69.457,5,15138834,2024-01-02 17:51:14,286091033,3,登革热/痤疮,工作细胞 第二季,886319522
仙贝：我要炒你啦,678.396,5,15138834,2024-01-01 19:03:21,286091033,3,登革热/痤疮,工作细胞 第二季,886319522
开除路籍是吧,678.993,5,15138834,2024-01-01 18:46:46,286091033,3,登革热/痤疮,工作细胞 第二季,886319522
爆痘了hhhh,1279.112,1,16777215,2024-01-01 10:19:06,286091033,3,登革热/痤疮,工作细胞 第二季,886319522
老登,426.678,1,16777215,2023-12-31 19:19:37,286091033,3,登革热/痤疮,工作细胞 第二季,886319522
白哥最帅了！,795.474,1,16777215,2023-12-29 18:47:42,286091033,3,登革热/痤疮,工作细胞 第二季,886319522
可爱……,772.945,1,16777215,2023-12-29 18:47:24,286091033,3,登革热/痤疮,工作细胞 第二季,886319522
哈哈哈肥大细胞好可爱,690.599,1,16777215,2023-12-29 18:46:09,286091033,3,登革热/痤疮,工作细胞 第二季,886319522
可爱,660.476,1,16777215,2023-12-29 18:45:33,286091033,3,登革热/痤疮,工作细胞 第二季,886319522
巨噬姐姐美晕了,575.57,1,16777215,2023-12-29 18:44:37,286091033,3,登革热/痤疮,工作细胞 第二季,886319522
白哥好帅！,575.058,1,16777215,2023-12-29 18:44:13,286091033,3,登革热/痤疮,工作细胞 第二季,886319522
阿阿阿嗜酸性粒细胞小婕姐！,492.326,1,16777215,2023-12-29 18:43:45,286091033,3,登革热/痤疮,工作细胞 第二季,886319522
是你!银桑!,489.49,1,16777215,2023-12-28 00:38:54,286091033,3,登革热/痤疮,工作细胞 第二季,886319522
肥大细胞其实是猪又同学,235.802,1,16777215,2023-12-24 21:06:54,286091033,3,登革热/痤疮,工作细胞 第二季,886319522
他谁来着,483.473,1,16777215,2023-12-24 17:45:43,286091033,3,登革热/痤疮,工作细胞 第二季,886319522
过敏了,202.508,1,16777215,2023-12-22 18:59:30,286091033,3,登革热/痤疮,工作细胞 第二季,886319522
这个人怎么会的登革热。。。 这不都是古老疾病了吗！！！ 他不止身体差还很爱乱跑吗？,29.863,1,16777215,2023-12-22 18:57:31,286091033,3,登革热/痤疮,工作细胞 第二季,886319522
话说这个身体的主人还真是多灾多难啊,688.137,1,16777215,2023-12-20 21:50:28,286091033,3,登革热/痤疮,工作细胞 第二季,886319522
虽然但是，我想看红细胞女主戴上这个面具,389.222,5,16777215,2023-12-19 00:00:00,286091033,3,登革热/痤疮,工作细胞 第二季,886319522
阿阿阿对不起姐姐虽然我什么都没做错,228.177,1,16777215,2023-12-15 18:11:37,286091033,3,登革热/痤疮,工作细胞 第二季,886319522
细胞气氛组哈哈哈,194.983,1,16777215,2023-12-15 18:10:50,286091033,3,登革热/痤疮,工作细胞 第二季,886319522
白哥保护好我的每一根头发！,1024.914,1,16777215,2023-12-14 20:13:27,286091033,3,登革热/痤疮,工作细胞 第二季,886319522
我以为我手机上有头发,553.622,1,16777215,2023-12-14 19:51:57,286091033,3,登革热/痤疮,工作细胞 第二季,886319522
。。。。。,775.103,1,16777215,2023-12-13 16:30:42,286091033,3,登革热/痤疮,工作细胞 第二季,886319522
瘫痪的细胞。。。,620.933,1,16777215,2023-12-13 16:28:08,286091033,3,登革热/痤疮,工作细胞 第二季,886319522
那不是刚才他捡的帽子吗，看不见是吧,1019.473,1,16777215,2023-12-12 23:47:43,286091033,3,登革热/痤疮,工作细胞 第二季,886319522
登革热——伊蚊,316.724,1,16777215,2023-12-10 18:43:33,286091033,3,登革热/痤疮,工作细胞 第二季,886319522
我不做细胞啦！,399.973,1,16777215,2023-12-10 09:45:10,286091033,3,登革热/痤疮,工作细胞 第二季,886319522
感觉他有点中二,501.851,1,16777215,2023-12-09 11:16:05,286091033,3,登革热/痤疮,工作细胞 第二季,886319522
发动技能：王昭菌！,306.71,1,11890,2023-12-08 22:02:51,286091033,3,登革热/痤疮,工作细胞 第二季,886319522
二乔找妈妈,498.087,1,16777215,2023-12-06 21:21:26,286091033,3,登革热/痤疮,工作细胞 第二季,886319522
可爱！！！！！！！！！！！！！！,1389.756,1,16777215,2023-12-05 22:29:31,286091033,3,登革热/痤疮,工作细胞 第二季,886319522
可爱……,1343.592,1,16777215,2023-12-05 22:29:04,286091033,3,登革热/痤疮,工作细胞 第二季,886319522
啊嘞,1327.719,1,16777215,2023-12-05 22:28:46,286091033,3,登革热/痤疮,工作细胞 第二季,886319522
好帅！,1294.865,1,16777215,2023-12-05 22:28:11,286091033,3,登革热/痤疮,工作细胞 第二季,886319522
我去接他！,1229.757,1,16777215,2023-12-05 22:25:01,286091033,3,登革热/痤疮,工作细胞 第二季,886319522
我哭,1223.271,1,16777215,2023-12-05 22:24:49,286091033,3,登革热/痤疮,工作细胞 第二季,886319522
心疼死了我天呢,1187.687,1,16777215,2023-12-05 22:24:28,286091033,3,登革热/痤疮,工作细胞 第二季,886319522
啊嘞…？,1173.18,1,16777215,2023-12-05 22:24:07,286091033,3,登革热/痤疮,工作细胞 第二季,886319522
白哥好帅！爱了爱了！,999.997,1,16777215,2023-12-05 12:36:54,286091033,3,登革热/痤疮,工作细胞 第二季,886319522
这人居然还活着,29.159,1,16777215,2023-12-05 12:21:40,286091033,3,登革热/痤疮,工作细胞 第二季,886319522
失去的细胞都变成粑粑了,628.742,1,16777215,2023-12-04 21:20:15,286091033,3,登革热/痤疮,工作细胞 第二季,886319522
我哭,1011.73,1,16777215,2023-12-04 21:03:15,286091033,3,登革热/痤疮,工作细胞 第二季,886319522
啊我天呢 再洗一遍,965.735,1,16777215,2023-12-04 21:02:18,286091033,3,登革热/痤疮,工作细胞 第二季,886319522
啊？！,885.01,1,16777215,2023-12-04 21:00:48,286091033,3,登革热/痤疮,工作细胞 第二季,886319522
就你小子啊,844.903,1,16777215,2023-12-04 21:00:09,286091033,3,登革热/痤疮,工作细胞 第二季,886319522
啊嘞…？,779.281,1,16777215,2023-12-04 20:59:29,286091033,3,登革热/痤疮,工作细胞 第二季,886319522
哈哈哈哈哈,682.429,1,16777215,2023-12-04 20:58:33,286091033,3,登革热/痤疮,工作细胞 第二季,886319522
呜呜,639.164,1,16777215,2023-12-04 20:58:12,286091033,3,登革热/痤疮,工作细胞 第二季,886319522
噗嗤,388.967,1,16777215,2023-12-04 20:56:18,286091033,3,登革热/痤疮,工作细胞 第二季,886319522
好的 更讨厌蚊子了,339.815,1,16777215,2023-12-04 20:55:53,286091033,3,登革热/痤疮,工作细胞 第二季,886319522
白细胞好无奈哈哈哈哈哈,245.351,1,16777215,2023-12-04 20:54:52,286091033,3,登革热/痤疮,工作细胞 第二季,886319522
录音棚……,71.421,1,16777215,2023-12-04 20:54:10,286091033,3,登革热/痤疮,工作细胞 第二季,886319522
哈哈哈哈哈,69.116,1,16777215,2023-12-04 20:54:00,286091033,3,登革热/痤疮,工作细胞 第二季,886319522
这个帽子是开头白哥捡的他同伴的帽子，帽子上面的编号是9696,1028.468,1,16777215,2023-12-03 22:56:55,286091033,3,登革热/痤疮,工作细胞 第二季,886319522
细菌一般比细胞小啊？,1094.905,1,16777215,2023-12-03 22:20:51,286091033,3,登革热/痤疮,工作细胞 第二季,886319522
原来是你,857.815,1,16777215,2023-12-03 00:02:59,286091033,3,登革热/痤疮,工作细胞 第二季,886319522
毕竟红细胞有王招菌体质,663.374,1,16777215,2023-12-02 14:05:27,286091033,3,登革热/痤疮,工作细胞 第二季,886319522
吟唱中，勿Q,503.653,1,16777215,2023-11-28 11:58:18,286091033,3,登革热/痤疮,工作细胞 第二季,886319522
放心，我已经把它拍死为你们报仇了,622.343,1,16777215,2023-11-27 17:42:10,286091033,3,登革热/痤疮,工作细胞 第二季,886319522
小毛毛好可爱哈哈哈,1364.733,1,16777215,2023-11-27 12:02:23,286091033,3,登革热/痤疮,工作细胞 第二季,886319522
小毛毛哈哈哈,918.44,1,16777215,2023-11-27 11:53:57,286091033,3,登革热/痤疮,工作细胞 第二季,886319522
像个…管家？,281.105,1,16777215,2023-11-26 20:17:10,286091033,3,登革热/痤疮,工作细胞 第二季,886319522
阿达帕林凝胶启动,1149.545,1,6830715,2023-11-26 16:32:20,286091033,3,登革热/痤疮,工作细胞 第二季,886319522
射命丸文：这我熟！无双风神！,414.161,1,16777215,2023-11-26 14:37:08,286091033,3,登革热/痤疮,工作细胞 第二季,886319522
'?],1326.679,1,16777215,2023-11-25 19:10:56,286091033,3,登革热/痤疮,工作细胞 第二季,886319522
头发——————不要啊————,783.028,5,15138834,2023-11-25 13:19:26,286091033,3,登革热/痤疮,工作细胞 第二季,886319522
金光闪闪,388.913,1,16777215,2023-11-24 21:27:35,286091033,3,登革热/痤疮,工作细胞 第二季,886319522
进化中,384.953,1,16777215,2023-11-24 21:27:24,286091033,3,登革热/痤疮,工作细胞 第二季,886319522
稀世珍宝,374.193,1,16777215,2023-11-24 21:26:40,286091033,3,登革热/痤疮,工作细胞 第二季,886319522
不能掂量一下自己再去送吗。。。。。。。,929.351,1,16777215,2023-11-23 13:00:03,286091033,3,登革热/痤疮,工作细胞 第二季,886319522
脂溢性皮炎？,930.0,1,16777215,2023-11-23 00:33:47,286091033,3,登革热/痤疮,工作细胞 第二季,886319522
++++++,738.434,1,16777215,2023-11-22 11:43:01,286091033,3,登革热/痤疮,工作细胞 第二季,886319522
目标一：存活至周遭地区中性粒细胞增援部队抵达,1065.574,5,16777215,2023-11-21 17:50:30,286091033,3,登革热/痤疮,工作细胞 第二季,886319522
全剧终,1311.674,5,15138834,2023-11-21 10:44:36,286091033,3,登革热/痤疮,工作细胞 第二季,886319522
这个人是不是医院的标本啊？唐僧体质,4.759,5,16777215,2023-11-21 10:23:44,286091033,3,登革热/痤疮,工作细胞 第二季,886319522
生而为人｜我很抱歉！,59.398,1,16777215,2023-11-21 09:06:22,286091033,3,登革热/痤疮,工作细胞 第二季,886319522
刺激啊。。。,1340.023,1,16777215,2023-11-21 07:02:48,286091033,3,登革热/痤疮,工作细胞 第二季,886319522
。。。。,1266.495,1,16777215,2023-11-21 07:01:13,286091033,3,登革热/痤疮,工作细胞 第二季,886319522
怪不得肚子饿，又不能去医院。。。惨啊,1224.407,1,16777215,2023-11-21 06:59:28,286091033,3,登革热/痤疮,工作细胞 第二季,886319522
。。。,1184.948,1,16777215,2023-11-21 06:58:31,286091033,3,登革热/痤疮,工作细胞 第二季,886319522
超拖者。,1084.837,1,16777215,2023-11-21 06:56:40,286091033,3,登革热/痤疮,工作细胞 第二季,886319522
牛。。？,878.903,1,16777215,2023-11-21 06:51:04,286091033,3,登革热/痤疮,工作细胞 第二季,886319522
唉。,790.223,1,16777215,2023-11-21 06:49:28,286091033,3,登革热/痤疮,工作细胞 第二季,886319522
神级战争。,777.674,1,16777215,2023-11-21 06:48:06,286091033,3,登革热/痤疮,工作细胞 第二季,886319522
科技与狠活。。。,777.674,1,16777215,2023-11-21 06:47:27,286091033,3,登革热/痤疮,工作细胞 第二季,886319522
还有监管者吗？,777.674,1,16777215,2023-11-21 06:47:09,286091033,3,登革热/痤疮,工作细胞 第二季,886319522
监管者是什么？不知道。。。,722.676,1,16777215,2023-11-21 06:45:00,286091033,3,登革热/痤疮,工作细胞 第二季,886319522
检查管理，不知道。。。,716.765,1,16777215,2023-11-21 06:44:37,286091033,3,登革热/痤疮,工作细胞 第二季,886319522
时空线不同。？？,589.093,1,16777215,2023-11-21 06:42:06,286091033,3,登革热/痤疮,工作细胞 第二季,886319522
科技与狠活。。。,295.252,1,16777215,2023-11-21 06:37:01,286091033,3,登革热/痤疮,工作细胞 第二季,886319522
完球了太接地气了吧,530.165,1,16777215,2023-11-20 15:47:01,286091033,3,登革热/痤疮,工作细胞 第二季,886319522
肯德基老爷爷——,579.234,1,16777215,2023-11-20 11:52:25,286091033,3,登革热/痤疮,工作细胞 第二季,886319522
宝儿姐幻视,553.271,1,16777215,2023-11-19 23:52:57,286091033,3,登革热/痤疮,工作细胞 第二季,886319522
优雅，太优雅了,267.838,1,16777215,2023-11-19 23:01:53,286091033,3,登革热/痤疮,工作细胞 第二季,886319522
好萌！,356.946,1,16777215,2023-11-19 13:05:11,286091033,3,登革热/痤疮,工作细胞 第二季,886319522
我脸上的痤疮还没好呢,843.635,1,16777215,2023-11-19 12:00:44,286091033,3,登革热/痤疮,工作细胞 第二季,886319522
鲸鲨王，呜呜超兽,781.386,1,16777215,2023-11-18 23:17:58,286091033,3,登革热/痤疮,工作细胞 第二季,886319522
我长头发啦,1227.768,1,16777215,2023-11-18 22:29:15,286091033,3,登革热/痤疮,工作细胞 第二季,886319522
香菜你开心就好,76.0,1,16777215,2023-11-18 11:38:58,286091033,3,登革热/痤疮,工作细胞 第二季,886319522
怎么有股森鸥外的味,300.59,1,16777215,2023-11-15 14:09:05,286091033,3,登革热/痤疮,工作细胞 第二季,886319522
我家白哥！,896.0,1,16777215,2023-11-13 19:17:49,286091033,3,登革热/痤疮,工作细胞 第二季,886319522
tatakai ！！！,1189.138,1,16777215,2023-11-12 22:16:06,286091033,3,登革热/痤疮,工作细胞 第二季,886319522
对不起，马上洗头,830.204,1,16777215,2023-11-11 22:48:45,286091033,3,登革热/痤疮,工作细胞 第二季,886319522
有技能不用我不成白板啦？,210.353,5,16646914,2023-11-11 20:57:40,286091033,3,登革热/痤疮,工作细胞 第二季,886319522
虽然但是有被笑,1181.845,1,16777215,2023-11-10 23:56:14,286091033,3,登革热/痤疮,工作细胞 第二季,886319522
这就是我贯彻一生的忍道啊,1034.291,1,16777215,2023-11-10 23:55:08,286091033,3,登革热/痤疮,工作细胞 第二季,886319522
我不做人了，红细胞上,389.263,1,16777215,2023-11-10 23:50:18,286091033,3,登革热/痤疮,工作细胞 第二季,886319522
这个是哈哈哈,935.405,1,16777215,2023-11-09 19:29:10,286091033,3,登革热/痤疮,工作细胞 第二季,886319522
12qqqq  ,931.185,1,16707842,2023-11-09 19:28:49,286091033,3,登革热/痤疮,工作细胞 第二季,886319522
所以说他们嘴欠就是该,434.095,1,16777215,2023-11-09 18:35:00,286091033,3,登革热/痤疮,工作细胞 第二季,886319522
卯之花烈,249.588,1,16777215,2023-11-08 19:08:40,286091033,3,登革热/痤疮,工作细胞 第二季,886319522
肯德基细胞,261.0,1,16777215,2023-11-08 14:08:05,286091033,3,登革热/痤疮,工作细胞 第二季,886319522
每天洗头也不行吧，懵了,944.274,1,16777215,2023-11-08 12:39:27,286091033,3,登革热/痤疮,工作细胞 第二季,886319522
化脓啊,970.33,1,16777215,2023-11-07 00:19:51,286091033,3,登革热/痤疮,工作细胞 第二季,886319522
白细胞被描边了,1356.292,1,16777215,2023-11-06 19:34:48,286091033,3,登革热/痤疮,工作细胞 第二季,886319522
肯德基爷爷——,583.207,1,16777215,2023-11-06 19:05:30,286091033,3,登革热/痤疮,工作细胞 第二季,886319522
动作指导阿鲁,42.0,1,16777215,2023-11-05 21:29:14,286091033,3,登革热/痤疮,工作细胞 第二季,886319522
动作知道阿陆,42.0,1,16777215,2023-11-05 21:28:28,286091033,3,登革热/痤疮,工作细胞 第二季,886319522
红多尼私密马赛,649.617,1,16777215,2023-11-05 13:59:40,286091033,3,登革热/痤疮,工作细胞 第二季,886319522
血小板：蹭镜头,617.703,1,16777215,2023-11-05 13:39:04,286091033,3,登革热/痤疮,工作细胞 第二季,886319522
强风大背头细胞限定版,411.152,1,16777215,2023-11-04 20:56:45,286091033,3,登革热/痤疮,工作细胞 第二季,886319522
白细胞镇魂曲,1343.794,1,16777215,2023-11-04 00:52:58,286091033,3,登革热/痤疮,工作细胞 第二季,886319522
喜欢拔头发的我好罪恶,986.028,1,16777215,2023-11-04 00:01:29,286091033,3,登革热/痤疮,工作细胞 第二季,886319522
点出科技“密集型工业一”,1267.358,1,16777215,2023-11-02 21:50:31,286091033,3,登革热/痤疮,工作细胞 第二季,886319522
怎么没有痔疮？,6.0,1,16777215,2023-10-29 12:22:08,286091033,3,登革热/痤疮,工作细胞 第二季,886319522
阿祖细胞？,388.787,1,16777215,2023-10-28 22:44:20,286091033,3,登革热/痤疮,工作细胞 第二季,886319522
肯德基细胞？,261.364,1,16777215,2023-10-28 22:43:01,286091033,3,登革热/痤疮,工作细胞 第二季,886319522
白血球 完成了进度[超越生死],1329.045,1,16777215,2023-10-28 19:21:25,286091033,3,登革热/痤疮,工作细胞 第二季,886319522
怪不得我想吃肯德基,315.676,1,16777215,2023-10-23 21:15:50,286091033,3,登革热/痤疮,工作细胞 第二季,886319522
肯德基爷爷细胞,277.067,1,16777215,2023-10-23 21:15:12,286091033,3,登革热/痤疮,工作细胞 第二季,886319522
毕竟是肥大细胞的补充,500.511,1,16777215,2023-10-23 17:34:34,286091033,3,登革热/痤疮,工作细胞 第二季,886319522
马上涂酒精,991.689,1,38979,2023-10-21 20:09:57,286091033,3,登革热/痤疮,工作细胞 第二季,886319522
痔疮,723.044,1,38979,2023-10-21 20:05:22,286091033,3,登革热/痤疮,工作细胞 第二季,886319522
既然是树突，为什么不带帽子？,274.457,1,38979,2023-10-21 19:57:04,286091033,3,登革热/痤疮,工作细胞 第二季,886319522
嗜酸性粒细胞和嗜碱性粒细胞,481.896,1,16777215,2023-10-21 17:03:05,286091033,3,登革热/痤疮,工作细胞 第二季,886319522
五彩斑斓白细胞,1340.255,1,15138834,2023-10-19 07:16:15,286091033,3,登革热/痤疮,工作细胞 第二季,886319522
(≧∇≦)/好帅呀,803.695,1,16777215,2023-10-18 21:50:37,286091033,3,登革热/痤疮,工作细胞 第二季,886319522
QAQ,781.935,1,16777215,2023-10-18 21:49:39,286091033,3,登革热/痤疮,工作细胞 第二季,886319522
正义的伙伴是吧,1377.447,1,16777215,2023-10-18 09:57:05,286091033,3,登革热/痤疮,工作细胞 第二季,886319522
芭蕉扇细胞,436.104,5,16777215,2023-10-17 20:21:03,286091033,3,登革热/痤疮,工作细胞 第二季,886319522
看清楚了是痤疮不是痔疮,719.084,1,16777215,2023-10-17 12:59:25,286091033,3,登革热/痤疮,工作细胞 第二季,886319522
看到你这么说我就放心了,1145.181,1,15138834,2023-10-16 18:32:26,286091033,3,登革热/痤疮,工作细胞 第二季,886319522
石鬼面,381.534,1,16777215,2023-10-14 21:18:56,286091033,3,登革热/痤疮,工作细胞 第二季,886319522
动作指导：手鞠,398.917,5,15138834,2023-10-13 09:05:52,286091033,3,登革热/痤疮,工作细胞 第二季,886319522
石鬼面！,381.662,1,16777215,2023-10-12 21:23:33,286091033,3,登革热/痤疮,工作细胞 第二季,886319522
太优雅了,266.47,1,16707842,2023-10-12 19:07:55,286091033,3,登革热/痤疮,工作细胞 第二季,886319522
虽然但是 她拿的好像核心考案,35.004,1,16707842,2023-10-12 19:04:12,286091033,3,登革热/痤疮,工作细胞 第二季,886319522
蚊子可以给它们的天敌提供大量的食物来源（指蚊子自己），好让它们（蚊子的天敌们）大量繁殖（？）,634.614,1,16707842,2023-10-07 21:47:41,286091033,3,登革热/痤疮,工作细胞 第二季,886319522
西内!!!!,1086.423,1,16777215,2023-10-07 18:29:05,286091033,3,登革热/痤疮,工作细胞 第二季,886319522
感谢白哥,805.633,1,16777215,2023-10-07 18:04:33,286091033,3,登革热/痤疮,工作细胞 第二季,886319522
实在是太优雅了！,278.925,1,16777215,2023-10-07 11:05:26,286091033,3,登革热/痤疮,工作细胞 第二季,886319522
我的头发！！！,1143.547,1,16777215,2023-10-05 10:17:33,286091033,3,登革热/痤疮,工作细胞 第二季,886319522
感觉好疼…,885.264,1,16777215,2023-10-04 19:30:49,286091033,3,登革热/痤疮,工作细胞 第二季,886319522
白哥好可爱,679.782,1,16777215,2023-10-04 19:26:35,286091033,3,登革热/痤疮,工作细胞 第二季,886319522
她好可爱！！啊啊啊,359.824,1,16777215,2023-10-04 19:20:22,286091033,3,登革热/痤疮,工作细胞 第二季,886319522
承包女主,252.945,1,16777215,2023-10-04 19:18:14,286091033,3,登革热/痤疮,工作细胞 第二季,886319522
小樱？,445.479,1,16777215,2023-10-04 14:57:20,286091033,3,登革热/痤疮,工作细胞 第二季,886319522
痛击我族长老（不是,1169.247,1,16777215,2023-10-04 12:27:40,286091033,3,登革热/痤疮,工作细胞 第二季,886319522
石鬼面是吧,381.95,5,16777215,2023-10-04 11:40:29,286091033,3,登革热/痤疮,工作细胞 第二季,886319522
白哥身上的血总算有一次是自己的了,907.797,1,16777215,2023-10-03 10:25:39,286091033,3,登革热/痤疮,工作细胞 第二季,886319522
可是我头上全是包啊,811.733,1,16777215,2023-10-03 10:24:26,286091033,3,登革热/痤疮,工作细胞 第二季,886319522
帮帮我，肯德基爷爷！,350.346,1,16777215,2023-10-03 10:19:50,286091033,3,登革热/痤疮,工作细胞 第二季,886319522
像海豚,765.0,1,16777215,2023-10-03 01:02:45,286091033,3,登革热/痤疮,工作细胞 第二季,886319522
头顶的ae和aa有啥特殊含义嘛,658.0,1,16777215,2023-10-01 15:51:47,286091033,3,登革热/痤疮,工作细胞 第二季,886319522
你敢动他,772.986,1,16777215,2023-10-01 14:37:36,286091033,3,登革热/痤疮,工作细胞 第二季,886319522
毛母细胞,754.506,1,16777215,2023-10-01 14:37:12,286091033,3,登革热/痤疮,工作细胞 第二季,886319522
痤疮要涂红霉素,741.446,1,16777215,2023-10-01 14:36:55,286091033,3,登革热/痤疮,工作细胞 第二季,886319522
抗凝血因子和马鼻液,325.142,1,16777215,2023-10-01 14:31:24,286091033,3,登革热/痤疮,工作细胞 第二季,886319522
快拍死啊,313.242,1,16777215,2023-10-01 14:30:48,286091033,3,登革热/痤疮,工作细胞 第二季,886319522
别惹肥大细胞，不然会过敏,246.822,1,16777215,2023-10-01 14:29:43,286091033,3,登革热/痤疮,工作细胞 第二季,886319522
蚊子包,72.438,1,16777215,2023-10-01 14:28:21,286091033,3,登革热/痤疮,工作细胞 第二季,886319522
我不做细胞了！3803！,381.677,1,16777215,2023-09-29 22:45:49,286091033,3,登革热/痤疮,工作细胞 第二季,886319522
蹲着好乖,1377.921,1,16777215,2023-09-29 21:59:43,286091033,3,登革热/痤疮,工作细胞 第二季,886319522
估计还没吃就淋透了哈哈哈哈哈,43.41,1,16777215,2023-09-29 18:33:55,286091033,3,登革热/痤疮,工作细胞 第二季,886319522
感觉坏事了,30.973,1,16777215,2023-09-29 18:32:23,286091033,3,登革热/痤疮,工作细胞 第二季,886319522
背锅细胞,177.981,1,16777215,2023-09-28 23:13:29,286091033,3,登革热/痤疮,工作细胞 第二季,886319522
太绅士了,275.916,1,16777215,2023-09-28 19:07:39,286091033,3,登革热/痤疮,工作细胞 第二季,886319522
这个身体有点太惨了吧,12.823,1,16777215,2023-09-26 20:56:27,286091033,3,登革热/痤疮,工作细胞 第二季,886319522
来瓶洗发水应该有用吧,940.457,1,16777215,2023-09-26 14:20:48,286091033,3,登革热/痤疮,工作细胞 第二季,886319522
血细胞里的柯南,661.959,1,16777215,2023-09-26 12:14:27,286091033,3,登革热/痤疮,工作细胞 第二季,886319522
我表示，你们让别理的，那我就不理了，等你们不在了我看心情,465.027,1,16777215,2023-09-26 01:39:01,286091033,3,登革热/痤疮,工作细胞 第二季,886319522
熟悉的变身方式,382.223,5,15138834,2023-09-25 21:30:23,286091033,3,登革热/痤疮,工作细胞 第二季,886319522
我不做人啦,375.068,1,16777215,2023-09-21 23:11:59,286091033,3,登革热/痤疮,工作细胞 第二季,886319522
我艹,314.423,5,38979,2023-09-19 07:43:53,286091033,3,登革热/痤疮,工作细胞 第二季,886319522
我的天白细胞那么强的,983.233,1,16777215,2023-09-18 12:51:31,286091033,3,登革热/痤疮,工作细胞 第二季,886319522
我真的听困了,503.421,1,16777215,2023-09-17 13:27:19,286091033,3,登革热/痤疮,工作细胞 第二季,886319522
做好清洁啊,995.951,1,16777215,2023-09-17 10:39:18,286091033,3,登革热/痤疮,工作细胞 第二季,886319522
说明了我们要清洁面部了,863.419,1,16777215,2023-09-17 10:36:17,286091033,3,登革热/痤疮,工作细胞 第二季,886319522
直接粗鲁的铁扇公主,397.34,1,15138834,2023-09-16 22:50:18,286091033,3,登革热/痤疮,工作细胞 第二季,886319522
铁扇公主,378.983,5,15138834,2023-09-16 22:49:47,286091033,3,登革热/痤疮,工作细胞 第二季,886319522
hso,1300.561,1,16707842,2023-09-15 13:12:19,286091033,3,登革热/痤疮,工作细胞 第二季,886319522
好巧，我是重度痤疮。,744.573,1,16777215,2023-09-15 12:26:11,286091033,3,登革热/痤疮,工作细胞 第二季,886319522
对不起，刚长了一个痘,1000.024,1,16777215,2023-09-14 20:07:27,286091033,3,登革热/痤疮,工作细胞 第二季,886319522
警车掀桌,226.356,5,16777215,2023-09-14 19:55:48,286091033,3,登革热/痤疮,工作细胞 第二季,886319522
全剧终,1310.828,1,16777215,2023-09-14 14:09:29,286091033,3,登革热/痤疮,工作细胞 第二季,886319522
送了,892.66,1,16777215,2023-09-14 07:55:30,286091033,3,登革热/痤疮,工作细胞 第二季,886319522
痤疮不是一般在脸上？,743.682,1,16777215,2023-09-10 21:53:38,286091033,3,登革热/痤疮,工作细胞 第二季,886319522
原来打的是持久战,1145.882,1,16777215,2023-09-09 20:53:54,286091033,3,登革热/痤疮,工作细胞 第二季,886319522
为什么我想到了芭蕉公主,414.101,1,16777215,2023-09-09 20:41:32,286091033,3,登革热/痤疮,工作细胞 第二季,886319522
官方吐槽，最为致命,659.098,5,16777215,2023-09-09 17:39:39,286091033,3,登革热/痤疮,工作细胞 第二季,886319522
蚕…宝…宝……,867.571,1,16777215,2023-09-09 17:11:26,286091033,3,登革热/痤疮,工作细胞 第二季,886319522
我一定好好洗脸，不吃油炸,1032.018,1,16777215,2023-09-08 22:01:13,286091033,3,登革热/痤疮,工作细胞 第二季,886319522
克洛格的扇团（,413.389,1,16777215,2023-09-08 21:10:06,286091033,3,登革热/痤疮,工作细胞 第二季,886319522
音乐家？？,273.187,1,16777215,2023-09-08 21:07:42,286091033,3,登革热/痤疮,工作细胞 第二季,886319522
赛抠尼嗨铁鸭子哒,384.54,1,16707842,2023-09-07 21:45:21,286091033,3,登革热/痤疮,工作细胞 第二季,886319522
好优雅的细胞,272.433,1,16777215,2023-09-04 20:24:23,286091033,3,登革热/痤疮,工作细胞 第二季,886319522
我还记得红细胞倒霉的时候，想问个路，差点问到天堂,128.868,1,16777215,2023-09-03 19:39:52,286091033,3,登革热/痤疮,工作细胞 第二季,886319522
红细胞是认真的吗？,116.33,1,16777215,2023-09-03 19:39:25,286091033,3,登革热/痤疮,工作细胞 第二季,886319522
跨步电压形成,107.043,1,16777215,2023-09-03 19:39:03,286091033,3,登革热/痤疮,工作细胞 第二季,886319522
原来白哥随身带两个帽子,1085.876,5,16777215,2023-09-03 17:35:10,286091033,3,登革热/痤疮,工作细胞 第二季,886319522
敌人的真实面貌是石鬼面,604.264,1,16777215,2023-09-02 20:01:11,286091033,3,登革热/痤疮,工作细胞 第二季,886319522
我不做细胞了,378.399,1,16777215,2023-09-02 19:58:17,286091033,3,登革热/痤疮,工作细胞 第二季,886319522
无他，唯自动档尔,164.0,1,16777215,2023-09-02 00:31:35,286091033,3,登革热/痤疮,工作细胞 第二季,886319522
魔幻联动,381.456,1,16777215,2023-09-01 13:51:48,286091033,3,登革热/痤疮,工作细胞 第二季,886319522
螨虫吗,857.341,1,16777215,2023-08-31 20:04:49,286091033,3,登革热/痤疮,工作细胞 第二季,886319522
巨噬细胞永远优雅,581.932,1,16777215,2023-08-31 12:37:47,286091033,3,登革热/痤疮,工作细胞 第二季,886319522
等一下，，，几位大叔有点帅,407.257,1,16777215,2023-08-30 13:24:24,286091033,3,登革热/痤疮,工作细胞 第二季,886319522
哀家的头发！！！！,1221.62,1,16777215,2023-08-30 13:12:25,286091033,3,登革热/痤疮,工作细胞 第二季,886319522
哈哈哈哈,70.77,1,16777215,2023-08-29 16:23:48,286091033,3,登革热/痤疮,工作细胞 第二季,886319522
害人精,889.482,1,16777215,2023-08-26 18:30:25,286091033,3,登革热/痤疮,工作细胞 第二季,886319522
蚊子一生之敌！,323.244,1,16777215,2023-08-26 16:42:14,286091033,3,登革热/痤疮,工作细胞 第二季,886319522
djf,730.962,1,16777215,2023-08-25 22:42:26,286091033,3,登革热/痤疮,工作细胞 第二季,886319522
其他人都还可以，这个男细胞像丝袜套头,806.171,1,16777215,2023-08-25 19:31:37,286091033,3,登革热/痤疮,工作细胞 第二季,886319522
嗯哼大王叫我,713.873,1,16777215,2023-08-25 11:20:40,286091033,3,登革热/痤疮,工作细胞 第二季,886319522
人生导师！,470.604,1,16777215,2023-08-24 20:33:39,286091033,3,登革热/痤疮,工作细胞 第二季,886319522
老爹说过，要用魔法打败魔法,396.865,1,16777215,2023-08-24 20:30:00,286091033,3,登革热/痤疮,工作细胞 第二季,886319522
nnd，死蚊子,313.204,1,16777215,2023-08-24 20:26:13,286091033,3,登革热/痤疮,工作细胞 第二季,886319522
好问题。这个身体的主人到底经历了什么,4.979,1,16777215,2023-08-24 19:06:56,286091033,3,登革热/痤疮,工作细胞 第二季,886319522
小子你是会送的,891.676,1,16777215,2023-08-24 13:32:16,286091033,3,登革热/痤疮,工作细胞 第二季,886319522
我偏要勉强,1140.091,1,16777215,2023-08-23 12:47:02,286091033,3,登革热/痤疮,工作细胞 第二季,886319522
我偏要勉强,1137.48,1,16777215,2023-08-23 12:46:49,286091033,3,登革热/痤疮,工作细胞 第二季,886319522
鲸鲨王那段,777.603,1,16777215,2023-08-23 12:40:39,286091033,3,登革热/痤疮,工作细胞 第二季,886319522
Ri..rick & morty??,383.486,1,16777215,2023-08-23 06:23:21,286091033,3,登革热/痤疮,工作细胞 第二季,886319522
幻想御手,858.151,5,15138834,2023-08-22 12:29:39,286091033,3,登革热/痤疮,工作细胞 第二季,886319522
persona,402.705,5,15138834,2023-08-22 12:25:41,286091033,3,登革热/痤疮,工作细胞 第二季,886319522
人格面具,392.295,5,15138834,2023-08-22 12:25:06,286091033,3,登革热/痤疮,工作细胞 第二季,886319522
细胞的能力是有限的！所以说我不做细胞了！！！,382.431,1,16777215,2023-08-22 05:39:20,286091033,3,登革热/痤疮,工作细胞 第二季,886319522
马上点蚊香,625.496,5,16777215,2023-08-21 19:44:00,286091033,3,登革热/痤疮,工作细胞 第二季,886319522
真是太讨厌这个东西了,863.144,1,16707842,2023-08-20 22:03:00,286091033,3,登革热/痤疮,工作细胞 第二季,886319522
动物细胞只有核有全能性,1012.312,1,16777215,2023-08-19 22:22:59,286091033,3,登革热/痤疮,工作细胞 第二季,886319522
困扰了我近5年的痤疮，依然进行着,722.66,5,15138834,2023-08-19 10:26:10,286091033,3,登革热/痤疮,工作细胞 第二季,886319522
因为长痘特意来看的,855.548,1,16777215,2023-08-18 23:11:57,286091033,3,登革热/痤疮,工作细胞 第二季,886319522
干饭人，干饭魂，干饭人有干饭神,1263.013,1,16777215,2023-08-17 21:39:07,286091033,3,登革热/痤疮,工作细胞 第二季,886319522
花撒结完,1346.178,1,16777215,2023-08-17 15:48:17,286091033,3,登革热/痤疮,工作细胞 第二季,886319522
这哥们好像每集都出现了,18.767,1,16777215,2023-08-17 15:46:56,286091033,3,登革热/痤疮,工作细胞 第二季,886319522
这哥们儿，他真的好惨呐。,6.864,1,16777215,2023-08-17 11:02:28,286091033,3,登革热/痤疮,工作细胞 第二季,886319522
呜呜，我的头发保住了,1362.511,1,16777215,2023-08-16 23:11:23,286091033,3,登革热/痤疮,工作细胞 第二季,886319522
啥牌子的洗发水,1272.871,1,16777215,2023-08-16 23:09:42,286091033,3,登革热/痤疮,工作细胞 第二季,886319522
洗发水的作用,1268.772,1,16777215,2023-08-16 23:09:31,286091033,3,登革热/痤疮,工作细胞 第二季,886319522
不每根头发都很重要，所有头发在我这里都一样的,1156.69,1,16777215,2023-08-16 23:07:21,286091033,3,登革热/痤疮,工作细胞 第二季,886319522
麻蛋，这就去洗脸等着杂菌,1114.151,1,16777215,2023-08-16 23:06:09,286091033,3,登革热/痤疮,工作细胞 第二季,886319522
水杨酸面膜也不错，洗完脸涂上，几天痘就下去了,999.93,1,16777215,2023-08-16 23:04:00,286091033,3,登革热/痤疮,工作细胞 第二季,886319522
水杨酸,917.543,1,16777215,2023-08-16 23:01:13,286091033,3,登革热/痤疮,工作细胞 第二季,886319522
有炎症的时候红霉素软膏可以,907.983,1,16777215,2023-08-16 23:00:58,286091033,3,登革热/痤疮,工作细胞 第二季,886319522
放过我的头发,851.023,1,16777215,2023-08-16 22:59:36,286091033,3,登革热/痤疮,工作细胞 第二季,886319522
好好祛痘，按时洗头讲卫生,831.993,1,16777215,2023-08-16 22:59:11,286091033,3,登革热/痤疮,工作细胞 第二季,886319522
这孩子要保护好啊，不然我的黑发不保,776.657,1,16777215,2023-08-16 22:57:45,286091033,3,登革热/痤疮,工作细胞 第二季,886319522
我错了这就去洗头,762.063,1,16777215,2023-08-16 22:57:05,286091033,3,登革热/痤疮,工作细胞 第二季,886319522
痤疮,744.188,1,16777215,2023-08-16 22:56:31,286091033,3,登革热/痤疮,工作细胞 第二季,886319522
痔疮,732.327,1,16777215,2023-08-16 22:56:10,286091033,3,登革热/痤疮,工作细胞 第二季,886319522
长痔疮了,2.255,1,16777215,2023-08-16 22:41:20,286091033,3,登革热/痤疮,工作细胞 第二季,886319522
这个细胞真的好茂茂将军,814.344,5,16777215,2023-08-16 20:35:51,286091033,3,登革热/痤疮,工作细胞 第二季,886319522
茂茂将军？,806.491,5,16777215,2023-08-16 20:35:09,286091033,3,登革热/痤疮,工作细胞 第二季,886319522
我不做人了，红细胞,375.604,1,16777215,2023-08-16 09:56:07,286091033,3,登革热/痤疮,工作细胞 第二季,886319522
白哥！,1323.053,1,16777215,2023-08-15 13:58:50,286091033,3,登革热/痤疮,工作细胞 第二季,886319522
必须出重拳,829.841,1,16777215,2023-08-15 13:16:38,286091033,3,登革热/痤疮,工作细胞 第二季,886319522
迪奥：这个我熟,383.169,1,16777215,2023-08-14 19:01:41,286091033,3,登革热/痤疮,工作细胞 第二季,886319522
优雅太优雅了,280.677,5,16777215,2023-08-14 13:00:51,286091033,3,登革热/痤疮,工作细胞 第二季,886319522
我那可怜的头发一掉一大把,1168.812,1,16777215,2023-08-13 23:03:34,286091033,3,登革热/痤疮,工作细胞 第二季,886319522
我的饭啊！！！,50.019,1,16777215,2023-08-13 22:02:18,286091033,3,登革热/痤疮,工作细胞 第二季,886319522
我讨厌你！！！让我长痘,868.137,1,16777215,2023-08-13 21:20:18,286091033,3,登革热/痤疮,工作细胞 第二季,886319522
OS!OS!,1244.461,5,16646914,2023-08-13 19:47:12,286091033,3,登革热/痤疮,工作细胞 第二季,886319522
这个毛母细胞好可爱啊,760.315,1,15138834,2023-08-13 16:35:47,286091033,3,登革热/痤疮,工作细胞 第二季,886319522
感谢你们保护了我的一根头发,1367.61,1,16777215,2023-08-13 10:14:16,286091033,3,登革热/痤疮,工作细胞 第二季,886319522
小红走到那，哪里有灾难。,695.335,1,16777215,2023-08-13 02:19:16,286091033,3,登革热/痤疮,工作细胞 第二季,886319522
美丽人生里的经典镜头,966.342,1,16777215,2023-08-13 01:05:28,286091033,3,登革热/痤疮,工作细胞 第二季,886319522
有谁知道歇斯底里是什么意思的？,671.654,1,16777215,2023-08-12 14:06:08,286091033,3,登革热/痤疮,工作细胞 第二季,886319522
一只蚊子咬就成这样了，那我现在是不是要完了？,553.459,1,16777215,2023-08-12 13:13:27,286091033,3,登革热/痤疮,工作细胞 第二季,886319522
香菜你高兴就好,74.364,1,15138834,2023-08-12 03:05:58,286091033,3,登革热/痤疮,工作细胞 第二季,886319522
面具老头,426.614,5,15138834,2023-08-11 23:27:20,286091033,3,登革热/痤疮,工作细胞 第二季,886319522
突然摸了摸我稀疏的头发,1184.458,1,16777215,2023-08-11 16:01:21,286091033,3,登革热/痤疮,工作细胞 第二季,886319522
没事，我干皮，我头发干的要死根本没有油脂。。。,957.086,1,16777215,2023-08-10 13:01:25,286091033,3,登革热/痤疮,工作细胞 第二季,886319522
我恨,314.026,1,16777215,2023-08-10 12:51:50,286091033,3,登革热/痤疮,工作细胞 第二季,886319522
等等，你真戴啊,383.618,1,16777215,2023-08-10 12:36:42,286091033,3,登革热/痤疮,工作细胞 第二季,886319522
刚洗完头，真好,943.964,1,16777215,2023-08-09 23:41:01,286091033,3,登革热/痤疮,工作细胞 第二季,886319522
嗜碱性粒细胞和肥大细胞一样也能释放组织胺的,481.575,5,11890,2023-08-09 21:03:42,286091033,3,登革热/痤疮,工作细胞 第二季,886319522
不能吃掉吗,1073.5,5,16777215,2023-08-09 18:13:46,286091033,3,登革热/痤疮,工作细胞 第二季,886319522
完结撒花,1323.63,1,16777215,2023-08-09 02:46:44,286091033,3,登革热/痤疮,工作细胞 第二季,886319522
不都是每天洗头的吗,1006.43,1,16777215,2023-08-09 02:41:22,286091033,3,登革热/痤疮,工作细胞 第二季,886319522
上 弦 之 四,397.985,5,16777215,2023-08-08 14:30:31,286091033,3,登革热/痤疮,工作细胞 第二季,886319522
石鬼面？？,381.513,1,16777215,2023-08-08 14:29:25,286091033,3,登革热/痤疮,工作细胞 第二季,886319522
你咋这时候这么听话呢,434.289,1,15138834,2023-08-08 12:52:58,286091033,3,登革热/痤疮,工作细胞 第二季,886319522
我们新中国！没有奴隶！,897.878,1,16777215,2023-08-06 17:07:29,286091033,3,登革热/痤疮,工作细胞 第二季,886319522
意料之中，日常一个累赘,891.899,1,16777215,2023-08-06 11:27:25,286091033,3,登革热/痤疮,工作细胞 第二季,886319522
细胞是有极限的，所以，我不做细胞啦！,395.259,5,16777215,2023-08-05 19:53:49,286091033,3,登革热/痤疮,工作细胞 第二季,886319522
不，我每一根头发都是珍贵的,1152.749,1,16777215,2023-08-05 17:48:44,286091033,3,登革热/痤疮,工作细胞 第二季,886319522
咱就是说，能不能别用匕首，找白姐借把长刀咋样,1139.096,1,16777215,2023-08-04 12:49:22,286091033,3,登革热/痤疮,工作细胞 第二季,886319522
为啥要一个一个来，全都一起来，不是直接横推过去了！,960.341,1,16777215,2023-08-04 12:46:58,286091033,3,登革热/痤疮,工作细胞 第二季,886319522
我不做人啦,387.37,1,16777215,2023-08-01 21:41:03,286091033,3,登革热/痤疮,工作细胞 第二季,886319522
相似相溶,1279.35,1,16777215,2023-08-01 19:34:47,286091033,3,登革热/痤疮,工作细胞 第二季,886319522
哀家长头发啦～～,1229.437,1,16777215,2023-08-01 16:03:48,286091033,3,登革热/痤疮,工作细胞 第二季,886319522
正在得！！,832.684,1,16777215,2023-08-01 11:37:39,286091033,3,登革热/痤疮,工作细胞 第二季,886319522
主角光环好吧,1049.824,1,16777215,2023-07-31 14:26:38,286091033,3,登革热/痤疮,工作细胞 第二季,886319522
看习惯了biack的我：怎么还不吃药啊，笑死,854.191,1,16777215,2023-07-31 14:22:32,286091033,3,登革热/痤疮,工作细胞 第二季,886319522
优雅！实在是太优雅了！！,264.855,1,16777215,2023-07-29 22:43:59,286091033,3,登革热/痤疮,工作细胞 第二季,886319522
肥大细胞好委屈啊,459.664,1,16777215,2023-07-28 21:55:47,286091033,3,登革热/痤疮,工作细胞 第二季,886319522
哈塞给！,408.616,1,16777215,2023-07-28 20:38:06,286091033,3,登革热/痤疮,工作细胞 第二季,886319522
中二细胞,473.289,1,16777215,2023-07-28 16:58:39,286091033,3,登革热/痤疮,工作细胞 第二季,886319522
爷的头发保住了！谢谢你！,1364.37,5,16777215,2023-07-28 13:22:43,286091033,3,登革热/痤疮,工作细胞 第二季,886319522
好可爱,1395.105,1,16777215,2023-07-28 13:19:51,286091033,3,登革热/痤疮,工作细胞 第二季,886319522
柯南细胞,667.405,1,16777215,2023-07-28 13:09:56,286091033,3,登革热/痤疮,工作细胞 第二季,886319522
毛母细胞真的在哪都好可爱啊,755.709,5,16777215,2023-07-28 13:09:41,286091033,3,登革热/痤疮,工作细胞 第二季,886319522
成龙历险记,388.599,1,16777215,2023-07-28 12:54:05,286091033,3,登革热/痤疮,工作细胞 第二季,886319522
我去石鬼面！！！,380.562,5,16777215,2023-07-28 12:38:57,286091033,3,登革热/痤疮,工作细胞 第二季,886319522
应该大部分人都得过,851.085,1,16777215,2023-07-28 00:31:14,286091033,3,登革热/痤疮,工作细胞 第二季,886319522
官方玩梗,382.266,1,16777215,2023-07-27 23:40:16,286091033,3,登革热/痤疮,工作细胞 第二季,886319522
本座，是认真的吗,1109.916,1,16777215,2023-07-27 23:01:08,286091033,3,登革热/痤疮,工作细胞 第二季,886319522
我的白哥……,908.72,1,16777215,2023-07-27 22:36:33,286091033,3,登革热/痤疮,工作细胞 第二季,886319522
原来是你一天天害我长痘！,866.679,1,16777215,2023-07-27 14:39:57,286091033,3,登革热/痤疮,工作细胞 第二季,886319522
对不起我一开始看成了痔疮……,822.41,1,16777215,2023-07-27 14:36:21,286091033,3,登革热/痤疮,工作细胞 第二季,886319522
上弦之四……,411.437,1,16777215,2023-07-27 14:32:47,286091033,3,登革热/痤疮,工作细胞 第二季,886319522
人话：看门儿老大爷。,282.975,1,16777215,2023-07-27 14:30:47,286091033,3,登革热/痤疮,工作细胞 第二季,886319522
阿达帕林和异维a酸何在,917.941,1,16777215,2023-07-26 22:06:53,286091033,3,登革热/痤疮,工作细胞 第二季,886319522
羡慕，我头发也得像白哥学习,1365.551,1,16777215,2023-07-26 20:52:55,286091033,3,登革热/痤疮,工作细胞 第二季,886319522
瓦隆直呼好评，成龙直呼好评,388.482,1,16777215,2023-07-26 20:29:22,286091033,3,登革热/痤疮,工作细胞 第二季,886319522
主角光环啊哈哈哈,1092.305,1,16777215,2023-07-26 19:11:15,286091033,3,登革热/痤疮,工作细胞 第二季,886319522
这个老头子说什么呢，我不爱听，那可是一根头发阿欸！！！,1157.801,1,16777215,2023-07-25 20:02:42,286091033,3,登革热/痤疮,工作细胞 第二季,886319522
孙子上线,465.735,1,16707842,2023-07-24 22:47:46,286091033,3,登革热/痤疮,工作细胞 第二季,886319522
我不做细胞了！,382.548,1,16707842,2023-07-24 22:46:19,286091033,3,登革热/痤疮,工作细胞 第二季,886319522
语言指导：铁龙,399.16,1,16777215,2023-07-23 12:25:43,286091033,3,登革热/痤疮,工作细胞 第二季,886319522
闪击？,412.636,1,16777215,2023-07-21 20:51:24,286091033,3,登革热/痤疮,工作细胞 第二季,886319522
汉斯，准备好闪击了吗？,267.442,1,16777215,2023-07-21 20:48:49,286091033,3,登革热/痤疮,工作细胞 第二季,886319522
说人话，快点释放,502.231,1,16777215,2023-07-21 15:57:24,286091033,3,登革热/痤疮,工作细胞 第二季,886319522
hso,1186.304,1,16777215,2023-07-21 15:24:35,286091033,3,登革热/痤疮,工作细胞 第二季,886319522
这样的话，我都不忍心刮我的腿毛了,1221.849,1,16777215,2023-07-21 14:51:38,286091033,3,登革热/痤疮,工作细胞 第二季,886319522
这个身体的主人为什么不洗头啊,1012.508,1,16777215,2023-07-21 14:44:15,286091033,3,登革热/痤疮,工作细胞 第二季,886319522
原来头油了，就会产生这些鬼东西,982.208,1,16777215,2023-07-21 14:43:30,286091033,3,登革热/痤疮,工作细胞 第二季,886319522
抽我,791.895,1,15138834,2023-07-21 14:34:07,286091033,3,登革热/痤疮,工作细胞 第二季,886319522
肯德基,276.196,1,16777215,2023-07-21 13:59:18,286091033,3,登革热/痤疮,工作细胞 第二季,886319522
肯———德———基———老———爷———爷———,579.278,1,16777215,2023-07-21 09:29:17,286091033,3,登革热/痤疮,工作细胞 第二季,886319522
就是你害我长腿毛,775.424,1,16777215,2023-07-20 15:58:36,286091033,3,登革热/痤疮,工作细胞 第二季,886319522
立了！（bushi）,1213.061,5,16707842,2023-07-19 20:51:48,286091033,3,登革热/痤疮,工作细胞 第二季,886319522
感觉我像个黑心老板，我对不起我体内的细胞,991.579,1,16777215,2023-07-19 20:33:25,286091033,3,登革热/痤疮,工作细胞 第二季,886319522
"wc,上弦之四",402.728,1,41194,2023-07-19 19:26:54,286091033,3,登革热/痤疮,工作细胞 第二季,886319522
五代细胞,1350.818,5,16777215,2023-07-18 15:15:36,286091033,3,登革热/痤疮,工作细胞 第二季,886319522
包贝尔：我尝尝。。。嗯！一股大杂烩味,856.295,5,16777215,2023-07-18 13:47:15,286091033,3,登革热/痤疮,工作细胞 第二季,886319522
动画指导：失败的man（烁灭）,608.185,5,16777215,2023-07-18 13:41:49,286091033,3,登革热/痤疮,工作细胞 第二季,886319522
沙虫！沙虫！,1072.663,1,16777215,2023-07-18 12:20:47,286091033,3,登革热/痤疮,工作细胞 第二季,886319522
ttk,1193.834,1,16777215,2023-07-18 11:41:11,286091033,3,登革热/痤疮,工作细胞 第二季,886319522
石鬼面？！,388.672,1,16777215,2023-07-16 17:45:46,286091033,3,登革热/痤疮,工作细胞 第二季,886319522
石鬼面,424.259,1,15138834,2023-07-16 12:09:06,286091033,3,登革热/痤疮,工作细胞 第二季,886319522
那我就不洗了，靠你了白细胞,868.095,1,16777215,2023-07-15 14:11:55,286091033,3,登革热/痤疮,工作细胞 第二季,886319522
调节作用啊,505.221,1,16777215,2023-07-15 09:52:17,286091033,3,登革热/痤疮,工作细胞 第二季,886319522
白哥！好帅！,1046.93,1,16777215,2023-07-14 22:29:31,286091033,3,登革热/痤疮,工作细胞 第二季,886319522
从来就没有什么救世主，也不靠神仙皇帝,896.295,1,15138834,2023-07-14 14:10:36,286091033,3,登革热/痤疮,工作细胞 第二季,886319522
kksk,118.034,1,15138834,2023-07-14 12:56:08,286091033,3,登革热/痤疮,工作细胞 第二季,886319522
硫磺皂出动,937.168,1,16777215,2023-07-14 10:47:18,286091033,3,登革热/痤疮,工作细胞 第二季,886319522
动作指导:火箭队,591.312,1,16777215,2023-07-13 21:26:52,286091033,3,登革热/痤疮,工作细胞 第二季,886319522
为什么就白哥身上有血,594.468,1,16777215,2023-07-13 20:57:00,286091033,3,登革热/痤疮,工作细胞 第二季,886319522
跟大脑扯上关系的感觉都好优雅啊。,279.189,1,16777215,2023-07-13 16:13:14,286091033,3,登革热/痤疮,工作细胞 第二季,886319522
v50细胞,283.154,1,16777215,2023-07-13 12:06:49,286091033,3,登革热/痤疮,工作细胞 第二季,886319522
上5，乐！,419.683,1,16777215,2023-07-13 07:13:59,286091033,3,登革热/痤疮,工作细胞 第二季,886319522
优雅，实在是太优雅了！,277.373,1,16777215,2023-07-12 22:23:38,286091033,3,登革热/痤疮,工作细胞 第二季,886319522
街角魔族？,70.235,1,16777215,2023-07-12 17:05:13,286091033,3,登革热/痤疮,工作细胞 第二季,886319522
像一只耳机,605.984,5,16777215,2023-07-12 11:09:22,286091033,3,登革热/痤疮,工作细胞 第二季,886319522
还好我天天洗头,838.557,1,16777215,2023-07-11 17:49:08,286091033,3,登革热/痤疮,工作细胞 第二季,886319522
白哥:いただきます我开动了,618.555,1,16777215,2023-07-11 09:32:30,286091033,3,登革热/痤疮,工作细胞 第二季,886319522
他在wink（,1106.329,1,16776960,2023-07-10 13:37:39,286091033,3,登革热/痤疮,工作细胞 第二季,886319522
杀手t专业对口,389.17,5,104601,2023-07-10 12:40:19,286091033,3,登革热/痤疮,工作细胞 第二季,886319522
痔疮可还行,731.376,1,16777215,2023-07-09 22:58:04,286091033,3,登革热/痤疮,工作细胞 第二季,886319522
果然持久战啊 好难,1140.462,1,15772458,2023-07-09 16:31:21,286091033,3,登革热/痤疮,工作细胞 第二季,886319522
谢谢 这就去洗头,864.475,1,16777215,2023-07-09 14:13:43,286091033,3,登革热/痤疮,工作细胞 第二季,886319522
火影乱入,480.486,1,6830715,2023-07-08 22:24:36,286091033,3,登革热/痤疮,工作细胞 第二季,886319522
盖亚,901.155,1,16777215,2023-07-08 21:41:10,286091033,3,登革热/痤疮,工作细胞 第二季,886319522
我要笑,1221.329,1,16776960,2023-07-08 18:14:49,286091033,3,登革热/痤疮,工作细胞 第二季,886319522
红血球の奇妙冒险,389.265,5,16777215,2023-07-08 16:28:38,286091033,3,登革热/痤疮,工作细胞 第二季,886319522
哈哈,741.783,1,16707842,2023-07-08 14:00:07,286091033,3,登革热/痤疮,工作细胞 第二季,886319522
表情指导：白细胞全体成员,238.62,1,6830715,2023-07-08 13:49:02,286091033,3,登革热/痤疮,工作细胞 第二季,886319522
问：肥大细胞的CP是谁？官方回答：B细胞    我搜过真的！,197.409,1,8700107,2023-07-08 13:48:06,286091033,3,登革热/痤疮,工作细胞 第二季,886319522
每一滴脓水 都是为你战死的白细胞,1002.877,1,16777215,2023-07-08 13:03:50,286091033,3,登革热/痤疮,工作细胞 第二季,886319522
挤痘要杀好毒,998.266,1,16777215,2023-07-07 18:58:31,286091033,3,登革热/痤疮,工作细胞 第二季,886319522
哦呀呀呀呀呀呀,77.163,1,16777215,2023-07-07 13:50:16,286091033,3,登革热/痤疮,工作细胞 第二季,886319522
流浪地球的那些你们够了啊（doge）,931.602,1,16777215,2023-07-06 19:36:45,286091033,3,登革热/痤疮,工作细胞 第二季,886319522
长老我恨你ಠ╭╮ಠ ,1316.873,1,16777215,2023-07-06 19:11:43,286091033,3,登革热/痤疮,工作细胞 第二季,886319522
不就痔疮大王吗,1054.835,1,16777215,2023-07-06 19:05:38,286091033,3,登革热/痤疮,工作细胞 第二季,886319522
这白的不会是我们的白头发吧,754.936,1,16777215,2023-07-06 18:59:39,286091033,3,登革热/痤疮,工作细胞 第二季,886319522
白哥救救我的头发,917.187,1,16777215,2023-07-06 15:58:51,286091033,3,登革热/痤疮,工作细胞 第二季,886319522
突然感觉我头好油啊,775.866,1,16777215,2023-07-06 15:56:05,286091033,3,登革热/痤疮,工作细胞 第二季,886319522
我去这个痤疮杆菌好大,1071.186,1,16777215,2023-07-06 11:56:10,286091033,3,登革热/痤疮,工作细胞 第二季,886319522
啊啊啊痤疮,831.802,1,16777215,2023-07-06 11:51:33,286091033,3,登革热/痤疮,工作细胞 第二季,886319522
哈哈哈哈,586.49,1,16777215,2023-07-06 11:46:16,286091033,3,登革热/痤疮,工作细胞 第二季,886319522
优雅,272.879,1,16777215,2023-07-06 11:40:09,286091033,3,登革热/痤疮,工作细胞 第二季,886319522
这部番的周边根本不需要买,166.479,1,16777215,2023-07-06 11:38:20,286091033,3,登革热/痤疮,工作细胞 第二季,886319522
优雅,263.642,1,16777215,2023-07-05 23:54:40,286091033,3,登革热/痤疮,工作细胞 第二季,886319522
看起来好绅士啊嘞嘞,266.489,5,16777215,2023-07-05 22:24:29,286091033,3,登革热/痤疮,工作细胞 第二季,886319522
白哥是个旱鸭子？,1317.495,1,15138834,2023-07-05 15:23:15,286091033,3,登革热/痤疮,工作细胞 第二季,886319522
红姐，夫危，速来,1242.515,1,15138834,2023-07-05 15:21:32,286091033,3,登革热/痤疮,工作细胞 第二季,886319522
白哥向，白姐借个火箭炮用用,1130.456,1,16777215,2023-07-05 15:16:40,286091033,3,登革热/痤疮,工作细胞 第二季,886319522
这个小孩是个拖油瓶,920.877,1,16707842,2023-07-05 15:10:44,286091033,3,登革热/痤疮,工作细胞 第二季,886319522
出现了中二细胞,524.88,1,16777215,2023-07-04 21:24:06,286091033,3,登革热/痤疮,工作细胞 第二季,886319522
白姐乱杀,878.192,1,16777215,2023-07-04 13:49:25,286091033,3,登革热/痤疮,工作细胞 第二季,886319522
幸好刚洗了头,950.399,1,16777215,2023-07-03 20:18:39,286091033,3,登革热/痤疮,工作细胞 第二季,886319522
白哥，保护我的头发,804.042,1,41194,2023-07-03 13:54:58,286091033,3,登革热/痤疮,工作细胞 第二季,886319522
下一秒直接不当人,272.0,1,41194,2023-07-03 13:46:01,286091033,3,登革热/痤疮,工作细胞 第二季,886319522
这红细胞有点白 ,1224.172,5,16777215,2023-07-03 10:50:21,286091033,3,登革热/痤疮,工作细胞 第二季,886319522
如来,1409.959,1,16777215,2023-07-03 09:12:39,286091033,3,登革热/痤疮,工作细胞 第二季,886319522
白哥！！！！！！！！！！！！！,1189.384,1,16777215,2023-07-02 23:50:18,286091033,3,登革热/痤疮,工作细胞 第二季,886319522
痔    疮,716.795,5,16777215,2023-07-02 14:47:32,286091033,3,登革热/痤疮,工作细胞 第二季,886319522
我也看成痔疮了哈哈哈哈哈,8.016,5,16777215,2023-07-02 14:36:01,286091033,3,登革热/痤疮,工作细胞 第二季,886319522
芭蕉扇,416.915,1,16777215,2023-07-02 13:22:15,286091033,3,登革热/痤疮,工作细胞 第二季,886319522
迪奥的石鬼面,605.319,1,16777215,2023-07-01 13:05:22,286091033,3,登革热/痤疮,工作细胞 第二季,886319522
肯德基老爷爷,261.096,1,16777215,2023-07-01 13:01:05,286091033,3,登革热/痤疮,工作细胞 第二季,886319522
原来是你 感觉脸上的痤疮已经有些发痒了,878.62,1,16777215,2023-06-30 08:59:07,286091033,3,登革热/痤疮,工作细胞 第二季,886319522
呜呜我的白哥,954.919,1,16777215,2023-06-29 14:58:08,286091033,3,登革热/痤疮,工作细胞 第二季,886319522
黑化老头,413.059,1,16777215,2023-06-29 14:48:52,286091033,3,登革热/痤疮,工作细胞 第二季,886319522
呼叫药物战术核弹,974.976,1,16777215,2023-06-29 03:00:53,286091033,3,登革热/痤疮,工作细胞 第二季,886319522
好的 站着看,747.684,1,16777215,2023-06-28 19:09:29,286091033,3,登革热/痤疮,工作细胞 第二季,886319522
痔疮？,86.418,1,16777215,2023-06-28 15:08:14,286091033,3,登革热/痤疮,工作细胞 第二季,886319522
语言指导：漩涡鸣人,1037.223,1,16777215,2023-06-28 12:57:23,286091033,3,登革热/痤疮,工作细胞 第二季,886319522
这帽子没圈,1034.727,1,16777215,2023-06-28 12:34:43,286091033,3,登革热/痤疮,工作细胞 第二季,886319522
要洗头了,1363.785,1,16777215,2023-06-28 11:46:15,286091033,3,登革热/痤疮,工作细胞 第二季,886319522
长痘,846.149,1,16777215,2023-06-28 11:38:15,286091033,3,登革热/痤疮,工作细胞 第二季,886319522
完了，DNA动了，该我电蚊拍出场了,302.5,1,16777215,2023-06-28 11:28:53,286091033,3,登革热/痤疮,工作细胞 第二季,886319522
不行啊！！一根也是头发！,1152.966,1,16777215,2023-06-28 01:28:42,286091033,3,登革热/痤疮,工作细胞 第二季,886319522
果然和大姐姐一样优雅……,292.663,1,9599289,2023-06-27 23:18:15,286091033,3,登革热/痤疮,工作细胞 第二季,886319522
十级理解,709.884,1,16777215,2023-06-27 23:15:34,286091033,3,登革热/痤疮,工作细胞 第二季,886319522
被咬了,306.896,1,16777215,2023-06-27 23:10:18,286091033,3,登革热/痤疮,工作细胞 第二季,886319522
蚊子,300.67,1,16777215,2023-06-27 23:09:18,286091033,3,登革热/痤疮,工作细胞 第二季,886319522
等你寻麻疹了就不觉得它可爱了,212.965,1,16777215,2023-06-27 23:07:47,286091033,3,登革热/痤疮,工作细胞 第二季,886319522
你就不能不过敏吗！,173.883,1,16777215,2023-06-27 23:06:53,286091033,3,登革热/痤疮,工作细胞 第二季,886319522
完了又过敏了,46.202,1,16777215,2023-06-27 23:05:53,286091033,3,登革热/痤疮,工作细胞 第二季,886319522
又要过敏了吗？,31.013,1,16777215,2023-06-27 23:05:29,286091033,3,登革热/痤疮,工作细胞 第二季,886319522
不！！许！！放！！组！！胺！！,33.025,1,16777215,2023-06-26 18:57:29,286091033,3,登革热/痤疮,工作细胞 第二季,886319522
组胺市民,53.33,5,16777215,2023-06-25 15:32:19,286091033,3,登革热/痤疮,工作细胞 第二季,886319522
组胺狂人,41.295,5,16777215,2023-06-25 15:28:15,286091033,3,登革热/痤疮,工作细胞 第二季,886319522
哀家长头发辣,1214.382,1,16777215,2023-06-25 02:24:45,286091033,3,登革热/痤疮,工作细胞 第二季,886319522
？？哥这是痤疮啊,812.006,1,16777215,2023-06-24 11:26:26,286091033,3,登革热/痤疮,工作细胞 第二季,886319522
快去洗头洗脸！,1007.183,1,16777215,2023-06-23 19:43:01,286091033,3,登革热/痤疮,工作细胞 第二季,886319522
啊巧了我也有痤疮,735.868,1,16777215,2023-06-23 12:50:49,286091033,3,登革热/痤疮,工作细胞 第二季,886319522
你这种消极怠工的细胞能不能赶紧死啊。。。,1154.854,1,16777215,2023-06-23 12:31:55,286091033,3,登革热/痤疮,工作细胞 第二季,886319522
灰太狼：这段我熟,584.382,1,16777215,2023-06-23 10:06:54,286091033,3,登革热/痤疮,工作细胞 第二季,886319522
谁教你这么补伞的,705.905,1,16777215,2023-06-21 13:54:41,286091033,3,登革热/痤疮,工作细胞 第二季,886319522
萌王脸红分外离谱,637.505,1,16777215,2023-06-21 13:52:59,286091033,3,登革热/痤疮,工作细胞 第二季,886319522
t细胞：DNA动了,424.087,1,16777215,2023-06-21 13:47:27,286091033,3,登革热/痤疮,工作细胞 第二季,886319522
我不做细胞了！红细胞！,385.247,1,16777215,2023-06-21 13:46:02,286091033,3,登革热/痤疮,工作细胞 第二季,886319522
钢铁冢：？,373.127,1,16777215,2023-06-21 13:45:36,286091033,3,登革热/痤疮,工作细胞 第二季,886319522
因为蚊子被拍死了,368.287,1,16777215,2023-06-21 13:45:17,286091033,3,登革热/痤疮,工作细胞 第二季,886319522
看把好基友吓得,1339.245,1,16777215,2023-06-20 23:41:47,286091033,3,登革热/痤疮,工作细胞 第二季,886319522
过敏体质真的很恨她,230.301,1,16777215,2023-06-20 14:31:16,286091033,3,登革热/痤疮,工作细胞 第二季,886319522
就是啊！！,195.668,1,16777215,2023-06-20 14:30:41,286091033,3,登革热/痤疮,工作细胞 第二季,886319522
红姐是有战斗经验的,332.113,1,16777215,2023-06-20 12:06:19,286091033,3,登革热/痤疮,工作细胞 第二季,886319522
对不起！马上去洗头！,955.876,1,16777215,2023-06-17 08:19:32,286091033,3,登革热/痤疮,工作细胞 第二季,886319522
登革热是这么容易得事情？,0.594,1,13839654,2023-06-16 19:25:21,286091033,3,登革热/痤疮,工作细胞 第二季,886319522
恋爱flops：这我熟,370.512,1,16777215,2023-06-15 18:05:46,286091033,3,登革热/痤疮,工作细胞 第二季,886319522
细胞干啥啥不行，老抱怨，但是又不能缺少,200.447,5,16777215,2023-06-14 23:05:15,286091033,3,登革热/痤疮,工作细胞 第二季,886319522
动静真大,635.474,1,16777215,2023-06-14 19:38:29,286091033,3,登革热/痤疮,工作细胞 第二季,886319522
一只细胞失去了梦想,53.806,5,15138834,2023-06-12 08:59:58,286091033,3,登革热/痤疮,工作细胞 第二季,886319522
你很会游走吗，你会游走有个屁用啊,1336.295,1,16777215,2023-06-11 21:36:44,286091033,3,登革热/痤疮,工作细胞 第二季,886319522
巨噬细胞去哪了T细胞去哪了都到这种程度了，还不出来？,974.674,1,16777215,2023-06-11 21:30:33,286091033,3,登革热/痤疮,工作细胞 第二季,886319522
这不是普通的毛孔，这是王维斯里面的毛孔,828.884,1,16777215,2023-06-11 21:27:43,286091033,3,登革热/痤疮,工作细胞 第二季,886319522
出现了，出现了身体里面的中二细胞,467.29,1,16777215,2023-06-11 21:21:10,286091033,3,登革热/痤疮,工作细胞 第二季,886319522
管家,350.25,1,16777215,2023-06-11 21:18:59,286091033,3,登革热/痤疮,工作细胞 第二季,886319522
少爷,349.53,1,16777215,2023-06-11 21:18:50,286091033,3,登革热/痤疮,工作细胞 第二季,886319522
没洗澡,937.307,1,16777215,2023-06-11 19:50:02,286091033,3,登革热/痤疮,工作细胞 第二季,886319522
真的很恨之前额头上全是这个,842.396,1,16777215,2023-06-11 11:41:05,286091033,3,登革热/痤疮,工作细胞 第二季,886319522
好家伙 原来是你,849.405,1,16777215,2023-06-11 10:19:18,286091033,3,登革热/痤疮,工作细胞 第二季,886319522
所以树是汗毛吗,294.599,1,16777215,2023-06-10 22:39:06,286091033,3,登革热/痤疮,工作细胞 第二季,886319522
注意这里的红细胞是3D的！！！,1.308,5,16646914,2023-06-10 20:21:11,286091033,3,登革热/痤疮,工作细胞 第二季,886319522
笑死我了,1219.858,1,16777215,2023-06-08 18:37:50,286091033,3,登革热/痤疮,工作细胞 第二季,886319522
事实上白细胞还是吞噬不了毛囊炎，还是得注意卫生,1190.738,1,16777215,2023-06-08 01:27:49,286091033,3,登革热/痤疮,工作细胞 第二季,886319522
前面的这是他在外面捡到的帽子。,1015.719,1,16777215,2023-06-07 19:40:14,286091033,3,登革热/痤疮,工作细胞 第二季,886319522
这种地方一般是腿毛手毛，头发坚挺多了,1162.247,1,16777215,2023-06-04 12:23:35,286091033,3,登革热/痤疮,工作细胞 第二季,886319522
心痛白细胞,977.023,1,16777215,2023-06-04 10:17:48,286091033,3,登革热/痤疮,工作细胞 第二季,886319522
总座高见,1112.388,1,16777215,2023-06-04 00:17:22,286091033,3,登革热/痤疮,工作细胞 第二季,886319522
不！开门大爷！,396.023,1,16777215,2023-06-03 21:32:33,286091033,3,登革热/痤疮,工作细胞 第二季,886319522
如果这是一根腿毛……,1221.65,1,16777215,2023-06-03 21:25:29,286091033,3,登革热/痤疮,工作细胞 第二季,886319522
软糖！,861.913,1,16777215,2023-06-03 21:19:02,286091033,3,登革热/痤疮,工作细胞 第二季,886319522
飘柔洗发液，小杰用了都说好！,1217.035,5,16777215,2023-06-03 18:36:12,286091033,3,登革热/痤疮,工作细胞 第二季,886319522
这是……只因汤？！,546.919,5,16777215,2023-06-03 18:33:45,286091033,3,登革热/痤疮,工作细胞 第二季,886319522
怎么办？被蚊子咬了,427.699,5,16777215,2023-06-03 18:30:07,286091033,3,登革热/痤疮,工作细胞 第二季,886319522
力了,1214.982,5,16777215,2023-06-03 17:07:44,286091033,3,登革热/痤疮,工作细胞 第二季,886319522
得，又脸红一个,799.397,1,16777215,2023-06-03 14:24:38,286091033,3,登革热/痤疮,工作细胞 第二季,886319522
得，又脸红一个,798.353,1,16777215,2023-06-03 14:24:29,286091033,3,登革热/痤疮,工作细胞 第二季,886319522
我脸上全是，，,834.953,1,16777215,2023-06-03 06:52:32,286091033,3,登革热/痤疮,工作细胞 第二季,886319522
洗脸啊不是洗头！！！！,952.036,1,16777215,2023-06-03 01:33:25,286091033,3,登革热/痤疮,工作细胞 第二季,886319522
我的白哥！,1185.486,1,16777215,2023-06-02 19:24:12,286091033,3,登革热/痤疮,工作细胞 第二季,886319522
变黑呆了dgoe,228.765,1,15138834,2023-06-02 15:59:04,286091033,3,登革热/痤疮,工作细胞 第二季,886319522
吾王说的对！,202.126,1,15138834,2023-06-02 15:58:13,286091033,3,登革热/痤疮,工作细胞 第二季,886319522
对不起！我有罪！我这就去洗脸！,988.988,1,16777215,2023-06-02 08:27:47,286091033,3,登革热/痤疮,工作细胞 第二季,886319522
身上被蚊子咬了五个包,345.881,1,16777215,2023-06-01 12:48:38,286091033,3,登革热/痤疮,工作细胞 第二季,886319522
因为他的另一半是红细胞（doge,911.57,1,16777215,2023-05-30 23:39:51,286091033,3,登革热/痤疮,工作细胞 第二季,886319522
在我的身体里还有着虚无主义和存在主义的竞争，文科生狂怒,1187.492,5,15138834,2023-05-29 09:39:02,286091033,3,登革热/痤疮,工作细胞 第二季,886319522
嗜碱性粒细胞和肥大细胞的部分功能是相近的,471.074,1,16777215,2023-05-29 06:06:42,286091033,3,登革热/痤疮,工作细胞 第二季,886319522
白哥又有孩子了,1407.656,1,16777215,2023-05-27 23:51:37,286091033,3,登革热/痤疮,工作细胞 第二季,886319522
“毛毛虫”惊慌,1291.346,1,16777215,2023-05-27 23:49:25,286091033,3,登革热/痤疮,工作细胞 第二季,886319522
灰蛇,479.655,1,16777215,2023-05-25 22:52:26,286091033,3,登革热/痤疮,工作细胞 第二季,886319522
这都是油啊白哥,1303.852,1,16777215,2023-05-25 21:41:04,286091033,3,登革热/痤疮,工作细胞 第二季,886319522
全世界的头发联合起来！,1272.693,1,16777215,2023-05-25 18:50:22,286091033,3,登革热/痤疮,工作细胞 第二季,886319522
你个杂菌！,877.193,1,16777215,2023-05-25 18:43:46,286091033,3,登革热/痤疮,工作细胞 第二季,886319522
需要二刀流吗,1097.244,1,16777215,2023-05-25 12:40:01,286091033,3,登革热/痤疮,工作细胞 第二季,886319522
这根毛发在乎！,1187.28,5,14811775,2023-05-24 12:17:02,286091033,3,登革热/痤疮,工作细胞 第二季,886319522
这根毛发在乎！,1151.51,1,16777215,2023-05-24 12:16:03,286091033,3,登革热/痤疮,工作细胞 第二季,886319522
动作指导：成红血球的帽子,1085.177,1,16777215,2023-05-23 19:39:50,286091033,3,登革热/痤疮,工作细胞 第二季,886319522
驯龙高手,1088.617,1,16777215,2023-05-23 15:49:02,286091033,3,登革热/痤疮,工作细胞 第二季,886319522
bilibili～,73.831,1,16777215,2023-05-22 12:52:34,286091033,3,登革热/痤疮,工作细胞 第二季,886319522
这里太好笑了哈哈哈,1211.479,1,16777215,2023-05-22 12:47:25,286091033,3,登革热/痤疮,工作细胞 第二季,886319522
你衣服是钉在身上了吗,1386.568,1,16777215,2023-05-21 15:46:06,286091033,3,登革热/痤疮,工作细胞 第二季,886319522
突然想起来某一年夏天和十几只蚊子斗智斗勇，心疼我腿上的细胞一秒,624.935,1,16777215,2023-05-21 13:11:58,286091033,3,登革热/痤疮,工作细胞 第二季,886319522
中二细胞即将出场,461.235,1,16777215,2023-05-21 12:15:56,286091033,3,登革热/痤疮,工作细胞 第二季,886319522
就你这个杂菌 让我长痘是吧？,861.839,1,16777215,2023-05-19 23:58:47,286091033,3,登革热/痤疮,工作细胞 第二季,886319522
用魔法打败魔法老爹直呼内行,1276.383,1,16777215,2023-05-17 22:34:41,286091033,3,登革热/痤疮,工作细胞 第二季,886319522
哈哈哈一脚三杀,579.038,1,16777215,2023-05-17 22:30:50,286091033,3,登革热/痤疮,工作细胞 第二季,886319522
老爹：嘿呀！要用魔法打败魔法！,423.907,1,16777215,2023-05-17 22:27:50,286091033,3,登革热/痤疮,工作细胞 第二季,886319522
铁扇公主直呼内行,419.716,1,16777215,2023-05-17 22:27:24,286091033,3,登革热/痤疮,工作细胞 第二季,886319522
动作指导：老爹,412.63,1,16777215,2023-05-17 22:27:01,286091033,3,登革热/痤疮,工作细胞 第二季,886319522
这一天这个忙,27.533,1,16777215,2023-05-16 13:04:53,286091033,3,登革热/痤疮,工作细胞 第二季,886319522
我才发现帽子上有编号,1350.162,1,16777215,2023-05-15 20:48:01,286091033,3,登革热/痤疮,工作细胞 第二季,886319522
玩球了，哈哈哈,530.187,5,15138834,2023-05-15 20:15:14,286091033,3,登革热/痤疮,工作细胞 第二季,886319522
白哥揍他！就是这混蛋害我脸长痘！！！,859.329,1,16777215,2023-05-13 18:05:37,286091033,3,登革热/痤疮,工作细胞 第二季,886319522
居然是刻在DNA里面的家伙？,306.803,1,16777215,2023-05-12 18:37:36,286091033,3,登革热/痤疮,工作细胞 第二季,886319522
是他刻在DNA里面的这家伙,304.003,1,16777215,2023-05-12 18:37:27,286091033,3,登革热/痤疮,工作细胞 第二季,886319522
谁洗澡穿衣服,1383.273,1,16777215,2023-05-12 08:58:55,286091033,3,登革热/痤疮,工作细胞 第二季,886319522
一根头发也是头发啊！！,1164.326,1,16777215,2023-05-11 14:20:07,286091033,3,登革热/痤疮,工作细胞 第二季,886319522
话疗,515.928,1,16777215,2023-05-10 15:42:30,286091033,3,登革热/痤疮,工作细胞 第二季,886319522
把前面那个卖油翁插出去,178.63,1,16777215,2023-05-10 14:53:54,286091033,3,登革热/痤疮,工作细胞 第二季,886319522
这只小虫虫好可爱！,1048.954,1,15138834,2023-05-10 10:42:45,286091033,3,登革热/痤疮,工作细胞 第二季,886319522
前————辈————,661.739,1,16777215,2023-05-09 22:44:45,286091033,3,登革热/痤疮,工作细胞 第二季,886319522
6的嘞,1390.78,5,11890,2023-05-07 14:43:40,286091033,3,登革热/痤疮,工作细胞 第二季,886319522
石鬼面！！！！,380.83,1,15138834,2023-05-06 18:04:51,286091033,3,登革热/痤疮,工作细胞 第二季,886319522
毛 毛 虫,944.615,1,16777215,2023-05-05 16:56:30,286091033,3,登革热/痤疮,工作细胞 第二季,886319522
这么优雅的是校长细胞吗,266.792,1,16777215,2023-05-03 19:45:55,286091033,3,登革热/痤疮,工作细胞 第二季,886319522
白哥 替我好好教训这些痤疮,839.693,1,16777215,2023-05-03 18:25:39,286091033,3,登革热/痤疮,工作细胞 第二季,886319522
白——————哥——————,1320.699,1,16777215,2023-05-02 18:51:21,286091033,3,登革热/痤疮,工作细胞 第二季,886319522
药物会出手,1012.89,1,15138834,2023-05-02 12:32:21,286091033,3,登革热/痤疮,工作细胞 第二季,886319522
中二细胞,478.716,1,16777215,2023-05-01 22:20:58,286091033,3,登革热/痤疮,工作细胞 第二季,886319522
出现了，男友滤镜,597.815,1,16777215,2023-05-01 12:49:34,286091033,3,登革热/痤疮,工作细胞 第二季,886319522
悲鸣屿行冥,620.859,1,16777215,2023-05-01 10:18:55,286091033,3,登革热/痤疮,工作细胞 第二季,886319522
白哥就没一天是白的hhhh,593.852,5,16777215,2023-05-01 09:57:47,286091033,3,登革热/痤疮,工作细胞 第二季,886319522
白哥我的头发靠你了,870.13,1,16777215,2023-04-30 20:22:56,286091033,3,登革热/痤疮,工作细胞 第二季,886319522
快来个人保护他,774.785,1,16777215,2023-04-30 20:20:40,286091033,3,登革热/痤疮,工作细胞 第二季,886319522
干掉你！！！,859.985,5,16707842,2023-04-29 20:08:03,286091033,3,登革热/痤疮,工作细胞 第二季,886319522
阿巴阿巴,802.065,5,16707842,2023-04-29 20:06:41,286091033,3,登革热/痤疮,工作细胞 第二季,886319522
拜拜啦,587.93,5,16707842,2023-04-29 20:03:05,286091033,3,登革热/痤疮,工作细胞 第二季,886319522
铁扇看门大爷,412.01,5,16707842,2023-04-29 19:59:56,286091033,3,登革热/痤疮,工作细胞 第二季,886319522
看门大爷,299.41,5,16707842,2023-04-29 19:57:33,286091033,3,登革热/痤疮,工作细胞 第二季,886319522
动作指导悲鸣屿行冥,623.26,1,16777215,2023-04-28 18:20:45,286091033,3,登革热/痤疮,工作细胞 第二季,886319522
枪在手，跟我走！,1225.126,1,16777215,2023-04-28 10:00:45,286091033,3,登革热/痤疮,工作细胞 第二季,886319522
是痤疮，谁说的痔疮！！！！,19.713,1,16777215,2023-04-27 11:14:29,286091033,3,登革热/痤疮,工作细胞 第二季,886319522
就是你疯狂分裂让我变成猕猴桃的吧,776.88,1,15138834,2023-04-25 22:25:47,286091033,3,登革热/痤疮,工作细胞 第二季,886319522
掉毛,1269.797,1,16777215,2023-04-25 18:52:29,286091033,3,登革热/痤疮,工作细胞 第二季,886319522
发现抗原,785.087,1,16777215,2023-04-25 18:44:24,286091033,3,登革热/痤疮,工作细胞 第二季,886319522
红细胞前辈：你是柯南体质吗？,670.198,1,16777215,2023-04-24 22:47:05,286091033,3,登革热/痤疮,工作细胞 第二季,886319522
梅母细胞（doge）,767.179,5,15138834,2023-04-24 05:45:34,286091033,3,登革热/痤疮,工作细胞 第二季,886319522
主人：“我氧气（tu di）呢？”,299.221,5,16646914,2023-04-22 21:43:04,286091033,3,登革热/痤疮,工作细胞 第二季,886319522
着了，我全身开始痒了,329.7,1,16777215,2023-04-21 20:58:26,286091033,3,登革热/痤疮,工作细胞 第二季,886319522
斯，手开始痒了,291.341,1,16777215,2023-04-21 20:57:34,286091033,3,登革热/痤疮,工作细胞 第二季,886319522
编号重启,1026.004,1,16777215,2023-04-20 23:28:34,286091033,3,登革热/痤疮,工作细胞 第二季,886319522
小心 地沟油,1353.211,1,16777215,2023-04-20 11:51:39,286091033,3,登革热/痤疮,工作细胞 第二季,886319522
想看配音棚实况,111.63,1,16777215,2023-04-19 23:34:03,286091033,3,登革热/痤疮,工作细胞 第二季,886319522
洗内！！！！！！！！,864.103,1,16777215,2023-04-17 05:20:27,286091033,3,登革热/痤疮,工作细胞 第二季,886319522
请不要再我身体里那么暧昧,681.866,1,16777215,2023-04-16 09:25:43,286091033,3,登革热/痤疮,工作细胞 第二季,886319522
呀美罗,792.212,1,16777215,2023-04-15 21:33:24,286091033,3,登革热/痤疮,工作细胞 第二季,886319522
好家伙，原来是你,753.292,1,16777215,2023-04-15 21:32:37,286091033,3,登革热/痤疮,工作细胞 第二季,886319522
看门大爷细胞,302.06,1,16777215,2023-04-14 23:22:15,286091033,3,登革热/痤疮,工作细胞 第二季,886319522
身体还好吗,625.468,1,16777215,2023-04-14 17:29:11,286091033,3,登革热/痤疮,工作细胞 第二季,886319522
这句西内就很灵性,795.516,1,16777215,2023-04-13 16:39:22,286091033,3,登革热/痤疮,工作细胞 第二季,886319522
香菜你开心就好,355.26,1,16777215,2023-04-13 16:30:00,286091033,3,登革热/痤疮,工作细胞 第二季,886319522
这帽子不是白哥刚开始捡的吗,1021.349,5,15772458,2023-04-12 21:33:03,286091033,3,登革热/痤疮,工作细胞 第二季,886319522
别说了 我现在马上去洗头,991.472,1,16777215,2023-04-12 13:03:32,286091033,3,登革热/痤疮,工作细胞 第二季,886319522
白哥好帅！,796.888,1,16777215,2023-04-09 12:50:54,286091033,3,登革热/痤疮,工作细胞 第二季,886319522
白纹伊蚊,308.474,1,16777215,2023-04-08 19:53:34,286091033,3,登革热/痤疮,工作细胞 第二季,886319522
聚集的力量，连时光都能超越！！,1210.99,1,16707842,2023-04-07 00:49:56,286091033,3,登革热/痤疮,工作细胞 第二季,886319522
v我50,274.466,1,16777215,2023-04-06 23:14:41,286091033,3,登革热/痤疮,工作细胞 第二季,886319522
好像志乃（bushi,448.464,1,16777215,2023-04-06 22:00:06,286091033,3,登革热/痤疮,工作细胞 第二季,886319522
头发是我的命！！！,1156.989,1,16777215,2023-04-06 20:07:01,286091033,3,登革热/痤疮,工作细胞 第二季,886319522
油头一定一定要勤洗头！,953.298,1,16777215,2023-04-06 19:55:29,286091033,3,登革热/痤疮,工作细胞 第二季,886319522
我就说怎么突然得登革热，原来如此,429.93,1,16777215,2023-04-06 13:01:43,286091033,3,登革热/痤疮,工作细胞 第二季,886319522
干嘛呢你俩，肥大细胞是B细胞的！,673.682,1,16777215,2023-04-06 12:28:02,286091033,3,登革热/痤疮,工作细胞 第二季,886319522
还我老爷爷,612.072,1,16777215,2023-04-06 12:24:56,286091033,3,登革热/痤疮,工作细胞 第二季,886319522
太可爱啦！,1396.917,1,16777215,2023-04-06 12:11:22,286091033,3,登革热/痤疮,工作细胞 第二季,886319522
这是女生的身体，作者根据自己身体画的,178.407,5,16707842,2023-04-06 09:27:39,286091033,3,登革热/痤疮,工作细胞 第二季,886319522
好家伙，原来是你小子,870.731,1,16777215,2023-04-05 13:46:47,286091033,3,登革热/痤疮,工作细胞 第二季,886319522
讨厌氧气？厌氧菌？,863.865,1,16777215,2023-04-05 00:06:40,286091033,3,登革热/痤疮,工作细胞 第二季,886319522
原来是你小子害得我头痒,890.198,1,13369971,2023-04-04 19:29:37,286091033,3,登革热/痤疮,工作细胞 第二季,886319522
所以这老头就是我总是偶尔在身上能发现的一根白毛是么,777.046,1,16777215,2023-04-03 19:50:23,286091033,3,登革热/痤疮,工作细胞 第二季,886319522
红姐，夫危，速归,911.469,1,15138834,2023-04-02 18:03:51,286091033,3,登革热/痤疮,工作细胞 第二季,886319522
我天 我的白细胞,990.782,1,16777215,2023-04-02 17:07:15,286091033,3,登革热/痤疮,工作细胞 第二季,886319522
白哥呜呜呜呜呜,1043.787,1,16777215,2023-04-02 12:37:13,286091033,3,登革热/痤疮,工作细胞 第二季,886319522
转职重生,1012.113,1,16777215,2023-04-01 17:17:31,286091033,3,登革热/痤疮,工作细胞 第二季,886319522
所以这是中二细胞的功劳,686.568,1,16777215,2023-04-01 17:03:00,286091033,3,登革热/痤疮,工作细胞 第二季,886319522
包浆了哈哈哈哈哈,1339.461,5,15138834,2023-03-31 16:01:17,286091033,3,登革热/痤疮,工作细胞 第二季,886319522
无他，但手熟尔,166.993,1,16777215,2023-03-29 22:10:44,286091033,3,登革热/痤疮,工作细胞 第二季,886319522
石鬼面哈哈哈哈,385.914,1,16777215,2023-03-26 15:34:24,286091033,3,登革热/痤疮,工作细胞 第二季,886319522
看错了，是9696,1161.225,1,16777215,2023-03-26 12:05:07,286091033,3,登革热/痤疮,工作细胞 第二季,886319522
谁敢动我的毛母细胞！！！！！,776.679,1,16777215,2023-03-25 22:10:30,286091033,3,登革热/痤疮,工作细胞 第二季,886319522
？你到底有几个帽子,1355.057,5,14811775,2023-03-25 20:54:56,286091033,3,登革热/痤疮,工作细胞 第二季,886319522
痤疮在脸上和背上，前面那位,1242.64,1,16777215,2023-03-25 12:49:41,286091033,3,登革热/痤疮,工作细胞 第二季,886319522
是我本人了，哭死,726.079,1,16777215,2023-03-24 18:58:26,286091033,3,登革热/痤疮,工作细胞 第二季,886319522
这个村子被魔物支配，少年站了出来（不是,767.681,1,16777215,2023-03-23 22:52:35,286091033,3,登革热/痤疮,工作细胞 第二季,886319522
不是寄生虫，退下吧那个谁细胞,487.794,1,16777215,2023-03-23 22:47:18,286091033,3,登革热/痤疮,工作细胞 第二季,886319522
肥大细胞和嗜碱性粒细胞结构相似,474.772,1,16777215,2023-03-22 20:37:25,286091033,3,登革热/痤疮,工作细胞 第二季,886319522
过敏反应,44.277,1,16777215,2023-03-22 20:34:05,286091033,3,登革热/痤疮,工作细胞 第二季,886319522
对不起明天就洗头,945.047,1,16777215,2023-03-20 04:27:02,286091033,3,登革热/痤疮,工作细胞 第二季,886319522
脓P,500.823,1,16707842,2023-03-17 20:49:44,286091033,3,登革热/痤疮,工作细胞 第二季,886319522
盖提亚和呆毛王,476.502,1,16707842,2023-03-17 20:49:21,286091033,3,登革热/痤疮,工作细胞 第二季,886319522
他刚才捡了一个帽子啊,1024.807,1,16777215,2023-03-16 19:49:39,286091033,3,登革热/痤疮,工作细胞 第二季,886319522
什么痔疮,8.442,1,16777215,2023-03-15 20:41:38,286091033,3,登革热/痤疮,工作细胞 第二季,886319522
我不做细胞了！红细胞！,384.691,1,9487136,2023-03-14 20:50:25,286091033,3,登革热/痤疮,工作细胞 第二季,886319522
优雅～实在是太优雅了～,274.231,1,9487136,2023-03-14 20:48:16,286091033,3,登革热/痤疮,工作细胞 第二季,886319522
优雅～优雅至极～,272.271,1,9487136,2023-03-14 20:48:02,286091033,3,登革热/痤疮,工作细胞 第二季,886319522
优雅～,268.491,1,16777215,2023-03-14 20:47:43,286091033,3,登革热/痤疮,工作细胞 第二季,886319522
蚊子必须死,663.104,1,16777215,2023-03-14 20:12:15,286091033,3,登革热/痤疮,工作细胞 第二季,886319522
心疼白哥们,970.695,1,15138834,2023-03-13 21:36:52,286091033,3,登革热/痤疮,工作细胞 第二季,886319522
不要杀我的肯德基细胞,576.37,1,15138834,2023-03-13 21:29:25,286091033,3,登革热/痤疮,工作细胞 第二季,886319522
出现了中二细胞,466.885,1,16777215,2023-03-13 21:26:12,286091033,3,登革热/痤疮,工作细胞 第二季,886319522
就你小子害得我长痘是吧,857.872,1,16707842,2023-03-13 13:11:41,286091033,3,登革热/痤疮,工作细胞 第二季,886319522
elegant,278.676,1,16777215,2023-03-12 21:34:01,286091033,3,登革热/痤疮,工作细胞 第二季,886319522
就是你让我头油的吗？,749.637,5,16777215,2023-03-12 14:04:28,286091033,3,登革热/痤疮,工作细胞 第二季,886319522
这不是单核细胞的手势吗（雾,1350.488,5,15138834,2023-03-11 18:27:54,286091033,3,登革热/痤疮,工作细胞 第二季,886319522
白哥，上,855.385,1,16777215,2023-03-11 18:15:04,286091033,3,登革热/痤疮,工作细胞 第二季,886319522
吓得我立马洗了个头回来继续看,873.024,1,16777215,2023-03-11 16:08:19,286091033,3,登革热/痤疮,工作细胞 第二季,886319522
我也想抱白哥,1361.638,1,15138834,2023-03-09 15:52:54,286091033,3,登革热/痤疮,工作细胞 第二季,886319522
对不起我现在九去洗脸呜呜呜呜呜呜,1002.311,1,16777215,2023-03-07 22:03:55,286091033,3,登革热/痤疮,工作细胞 第二季,886319522
白—————哥——————,892.25,1,16777215,2023-03-07 22:02:21,286091033,3,登革热/痤疮,工作细胞 第二季,886319522
白哥：略感疲惫,882.842,5,16777215,2023-03-07 21:03:23,286091033,3,登革热/痤疮,工作细胞 第二季,886319522
wryyyyy,391.969,5,16776960,2023-03-07 20:54:06,286091033,3,登革热/痤疮,工作细胞 第二季,886319522
额头上是啥？,182.124,1,16777215,2023-03-07 19:00:01,286091033,3,登革热/痤疮,工作细胞 第二季,886319522
啊啊啊,430.034,1,16777215,2023-03-07 02:47:30,286091033,3,登革热/痤疮,工作细胞 第二季,886319522
精神啊，哈哈哈(●°u°●)​ 」,1357.678,1,6830715,2023-03-06 21:00:39,286091033,3,登革热/痤疮,工作细胞 第二季,886319522
红姐夫微速来,1267.318,1,6830715,2023-03-06 20:58:46,286091033,3,登革热/痤疮,工作细胞 第二季,886319522
我已经忘了这剧叫啥了(=_=(=_=(=_=),978.437,1,6830715,2023-03-06 20:52:50,286091033,3,登革热/痤疮,工作细胞 第二季,886319522
第N次组胺大战即将开始,198.21,1,16777215,2023-03-06 19:45:37,286091033,3,登革热/痤疮,工作细胞 第二季,886319522
看到了脸上一个白包…,983.295,1,16777215,2023-03-06 18:30:33,286091033,3,登革热/痤疮,工作细胞 第二季,886319522
拿我的痤疮膏来！,859.455,1,16777215,2023-03-06 18:28:11,286091033,3,登革热/痤疮,工作细胞 第二季,886319522
支棱起来啊我的头发！,1218.783,1,16777215,2023-03-05 22:53:52,286091033,3,登革热/痤疮,工作细胞 第二季,886319522
我今天刚被叮过......,352.0,1,11890,2023-03-05 19:38:52,286091033,3,登革热/痤疮,工作细胞 第二季,886319522
组长细胞,469.988,1,16777215,2023-03-05 08:28:14,286091033,3,登革热/痤疮,工作细胞 第二季,886319522
画面指导：沙丘,1072.249,5,16777215,2023-03-04 20:15:00,286091033,3,登革热/痤疮,工作细胞 第二季,886319522
这具身体真是多灾多难,617.767,1,16777215,2023-03-04 19:21:02,286091033,3,登革热/痤疮,工作细胞 第二季,886319522
银酱,491.511,1,16777215,2023-03-03 20:22:36,286091033,3,登革热/痤疮,工作细胞 第二季,886319522
30多个包那个你是打算把蚊子撑死？,631.353,1,16777215,2023-03-01 10:13:32,286091033,3,登革热/痤疮,工作细胞 第二季,886319522
这个帽子是他路上捡的,1006.635,1,16777215,2023-02-28 09:44:07,286091033,3,登革热/痤疮,工作细胞 第二季,886319522
没事你还会分化出新的老爷爷细胞的,581.522,1,16777215,2023-02-27 09:15:21,286091033,3,登革热/痤疮,工作细胞 第二季,886319522
白细胞增多啊，组织案呢？,765.427,1,16777215,2023-02-26 20:30:39,286091033,3,登革热/痤疮,工作细胞 第二季,886319522
我不做细胞了！红血球！,379.354,5,15138834,2023-02-25 10:45:05,286091033,3,登革热/痤疮,工作细胞 第二季,886319522
我的毛囊太有活力了？头发太多了,860.093,5,15772458,2023-02-25 09:42:56,286091033,3,登革热/痤疮,工作细胞 第二季,886319522
痔疮？！,723.828,5,15138834,2023-02-25 09:37:35,286091033,3,登革热/痤疮,工作细胞 第二季,886319522
黑暗路基艾尔是吧,498.609,1,16777215,2023-02-23 07:09:19,286091033,3,登革热/痤疮,工作细胞 第二季,886319522
盖提亚细胞,478.01,1,16777215,2023-02-23 07:08:48,286091033,3,登革热/痤疮,工作细胞 第二季,886319522
红血球！我不做细胞了！,383.062,1,16777215,2023-02-21 18:46:09,286091033,3,登革热/痤疮,工作细胞 第二季,886319522
前方高虐,957.196,5,41194,2023-02-21 15:44:51,286091033,3,登革热/痤疮,工作细胞 第二季,886319522
我亦无他，唯自动挡熟尔,161.959,5,15138834,2023-02-20 19:29:52,286091033,3,登革热/痤疮,工作细胞 第二季,886319522
baka，叫你不洗头,1326.232,1,16777215,2023-02-20 11:31:43,286091033,3,登革热/痤疮,工作细胞 第二季,886319522
哈哈,167.868,5,16707842,2023-02-19 00:59:05,286091033,3,登革热/痤疮,工作细胞 第二季,886319522
血——小——板,619.589,1,15138834,2023-02-18 19:22:20,286091033,3,登革热/痤疮,工作细胞 第二季,886319522
战损白哥,597.119,1,16777215,2023-02-18 15:45:10,286091033,3,登革热/痤疮,工作细胞 第二季,886319522
然后你的头就油了,1297.747,1,16777215,2023-02-18 14:43:13,286091033,3,登革热/痤疮,工作细胞 第二季,886319522
甲硝唑已到位,911.263,1,16777215,2023-02-18 12:50:52,286091033,3,登革热/痤疮,工作细胞 第二季,886319522
六魂碎片,1108.585,5,16777215,2023-02-17 14:15:40,286091033,3,登革热/痤疮,工作细胞 第二季,886319522
是哪个犬夜叉细胞在喊啊,716.414,5,16777215,2023-02-17 14:04:30,286091033,3,登革热/痤疮,工作细胞 第二季,886319522
可恶,865.979,1,16777215,2023-02-16 17:50:45,286091033,3,登革热/痤疮,工作细胞 第二季,886319522
我猜对了doge,675.423,5,16777215,2023-02-15 21:51:39,286091033,3,登革热/痤疮,工作细胞 第二季,886319522
《及时》doge,641.073,5,16777215,2023-02-15 21:50:44,286091033,3,登革热/痤疮,工作细胞 第二季,886319522
巨噬姐姐的笑声从右边到左边诶,584.252,1,16777215,2023-02-13 19:57:21,286091033,3,登革热/痤疮,工作细胞 第二季,886319522
前面问蚊子存在意义的，人类又有什么存在意义,644.408,1,16777215,2023-02-12 14:55:43,286091033,3,登革热/痤疮,工作细胞 第二季,886319522
おれは人间をやめるぞ！ジョジョ―――ッ！！,381.447,5,16777215,2023-02-11 22:52:21,286091033,3,登革热/痤疮,工作细胞 第二季,886319522
白哥真的强,1095.264,1,16777215,2023-02-11 18:41:34,286091033,3,登革热/痤疮,工作细胞 第二季,886319522
有点像 哆啦A梦日本诞生 里的情节？,753.552,1,16777215,2023-02-08 20:46:58,286091033,3,登革热/痤疮,工作细胞 第二季,886319522
宝贝——,1334.887,1,16777215,2023-02-08 19:23:50,286091033,3,登革热/痤疮,工作细胞 第二季,886319522
他们的嘴巴好像海豚的嘴巴,852.239,1,16777215,2023-02-08 19:13:06,286091033,3,登革热/痤疮,工作细胞 第二季,886319522
master赛啵好可爱,670.989,1,16777215,2023-02-08 19:08:57,286091033,3,登革热/痤疮,工作细胞 第二季,886319522
笑死我了,77.379,1,16777215,2023-02-08 15:15:47,286091033,3,登革热/痤疮,工作细胞 第二季,886319522
哈哈哈,378.085,1,16777215,2023-02-08 14:22:44,286091033,3,登革热/痤疮,工作细胞 第二季,886319522
蚊子的口器,314.519,1,16777215,2023-02-07 19:08:58,286091033,3,登革热/痤疮,工作细胞 第二季,886319522
这个有点喜欢哦,765.051,1,16777215,2023-02-07 13:44:39,286091033,3,登革热/痤疮,工作细胞 第二季,886319522
这个有点喜欢哦,765.051,1,16777215,2023-02-07 13:44:28,286091033,3,登革热/痤疮,工作细胞 第二季,886319522
嘴遁之术！,1216.043,1,16777215,2023-02-07 00:26:27,286091033,3,登革热/痤疮,工作细胞 第二季,886319522
我以为这集是痔疮,990.471,1,16777215,2023-02-06 20:46:47,286091033,3,登革热/痤疮,工作细胞 第二季,886319522
这是下面的,809.231,1,16777215,2023-02-06 20:43:24,286091033,3,登革热/痤疮,工作细胞 第二季,886319522
他是一只电锯蚊子,347.333,1,16777215,2023-02-05 13:58:53,286091033,3,登革热/痤疮,工作细胞 第二季,886319522
话说有电锯人，他应该是电锯人,347.333,1,16777215,2023-02-05 13:58:46,286091033,3,登革热/痤疮,工作细胞 第二季,886319522
看到他家天花板了,359.721,5,16707842,2023-02-05 12:11:29,286091033,3,登革热/痤疮,工作细胞 第二季,886319522
白哥：因为我是主角，所以你必没,1105.229,1,41194,2023-02-04 13:11:24,286091033,3,登革热/痤疮,工作细胞 第二季,886319522
遇事不决，先放组织胺,430.892,1,41194,2023-02-04 12:59:10,286091033,3,登革热/痤疮,工作细胞 第二季,886319522
肯德基爷爷,330.139,1,16777215,2023-02-03 21:52:52,286091033,3,登革热/痤疮,工作细胞 第二季,886319522
对不起就在我脸上呜呜呜,730.359,1,16777215,2023-02-03 21:38:12,286091033,3,登革热/痤疮,工作细胞 第二季,886319522
救救我的头发,1363.087,5,16707842,2023-02-02 20:04:18,286091033,3,登革热/痤疮,工作细胞 第二季,886319522
不行啊哪怕是一根头发也很重要,994.236,5,16707842,2023-02-02 19:57:00,286091033,3,登革热/痤疮,工作细胞 第二季,886319522
就你小子是吧,859.228,1,16777215,2023-02-02 18:37:15,286091033,3,登革热/痤疮,工作细胞 第二季,886319522
中二省流：快放组织胺,469.938,1,16777215,2023-02-02 18:36:54,286091033,3,登革热/痤疮,工作细胞 第二季,886319522
我不做细胞啦！,385.618,1,16777215,2023-02-02 18:31:50,286091033,3,登革热/痤疮,工作细胞 第二季,886319522
惬意,228.66,1,41194,2023-02-02 16:52:50,286091033,3,登革热/痤疮,工作细胞 第二季,886319522
莎莎莎莎莎,863.477,1,16777215,2023-02-02 16:14:15,286091033,3,登革热/痤疮,工作细胞 第二季,886319522
完了我天天掉头发,1369.661,1,16777215,2023-02-02 14:42:10,286091033,3,登革热/痤疮,工作细胞 第二季,886319522
银时你在干什么，银时你要振作,473.3,1,16777215,2023-02-02 12:33:04,286091033,3,登革热/痤疮,工作细胞 第二季,886319522
今日失一根，明日失十根， 然后得一夕安寝,1256.149,1,16777215,2023-02-02 09:02:46,286091033,3,登革热/痤疮,工作细胞 第二季,886319522
我很好奇如果使用3D环绕音耳机党会怎样,298.059,5,15138834,2023-02-02 07:49:27,286091033,3,登革热/痤疮,工作细胞 第二季,886319522
我的脸因为真菌感染，毛囊炎扩散的整个脸都是,767.707,5,15138834,2023-02-02 01:24:17,286091033,3,登革热/痤疮,工作细胞 第二季,886319522
毛囊炎，我现在整个脸都是这样子的,766.347,5,15138834,2023-02-02 01:24:01,286091033,3,登革热/痤疮,工作细胞 第二季,886319522
错了，他释放的是抗凝血物质,332.259,5,15138834,2023-02-02 01:14:28,286091033,3,登革热/痤疮,工作细胞 第二季,886319522
这里不对，蚊子的口器并没有那么坚硬，都是通过毛孔刺入毛细血管的,308.899,5,15138834,2023-02-02 01:13:54,286091033,3,登革热/痤疮,工作细胞 第二季,886319522
你小子就你害我，亖啊！！,856.855,1,16777215,2023-02-01 19:52:21,286091033,3,登革热/痤疮,工作细胞 第二季,886319522
这个人的身体怎么天天病啊！（恼）,736.135,1,16777215,2023-02-01 19:50:01,286091033,3,登革热/痤疮,工作细胞 第二季,886319522
完蛋啦，新品种细胞出现了,1015.609,1,16777215,2023-02-01 14:57:27,286091033,3,登革热/痤疮,工作细胞 第二季,886319522
好敏感果然,237.551,1,16777215,2023-02-01 14:44:05,286091033,3,登革热/痤疮,工作细胞 第二季,886319522
管家,275.411,1,16777215,2023-02-01 11:05:58,286091033,3,登革热/痤疮,工作细胞 第二季,886319522
坑德基,265.829,1,16777215,2023-02-01 11:05:29,286091033,3,登革热/痤疮,工作细胞 第二季,886319522
-------------赛文-------------,378.322,5,15138834,2023-02-01 09:34:36,286091033,3,登革热/痤疮,工作细胞 第二季,886319522
就要多洗头,845.649,1,16777215,2023-02-01 08:33:27,286091033,3,登革热/痤疮,工作细胞 第二季,886319522
白哥,1322.866,1,11890,2023-01-31 23:37:20,286091033,3,登革热/痤疮,工作细胞 第二季,886319522
白哥 妻危 速来！！！！！,421.397,1,16776960,2023-01-31 20:25:45,286091033,3,登革热/痤疮,工作细胞 第二季,886319522
蚊子不死我不睡！,313.849,1,16777215,2023-01-31 14:30:53,286091033,3,登革热/痤疮,工作细胞 第二季,886319522
白哥天天收孩子,1402.67,1,16777215,2023-01-31 01:04:44,286091033,3,登革热/痤疮,工作细胞 第二季,886319522
下床洗脸，抹药,974.328,1,16777215,2023-01-31 00:54:52,286091033,3,登革热/痤疮,工作细胞 第二季,886319522
我承太郎细胞呢,414.97,1,16777215,2023-01-31 00:44:27,286091033,3,登革热/痤疮,工作细胞 第二季,886319522
行为指导：乌鸦,226.329,1,15138834,2023-01-30 20:42:05,286091033,3,登革热/痤疮,工作细胞 第二季,886319522
行为指导：乌鸦,226.329,1,15138834,2023-01-30 20:41:49,286091033,3,登革热/痤疮,工作细胞 第二季,886319522
要爆痘啦！,1267.746,1,16777215,2023-01-30 20:24:31,286091033,3,登革热/痤疮,工作细胞 第二季,886319522
我这就去洗脸，斯密马赛！！！,954.207,1,16777215,2023-01-30 19:23:50,286091033,3,登革热/痤疮,工作细胞 第二季,886319522
我最讨厌你了！！！！！！！！！！！！！！！！！！！！！！！！！！！！！！！！,35.064,1,16777215,2023-01-29 11:59:04,286091033,3,登革热/痤疮,工作细胞 第二季,886319522
YES,21.634,1,16777215,2023-01-29 11:58:25,286091033,3,登革热/痤疮,工作细胞 第二季,886319522
解放细胞！,1048.483,1,16777215,2023-01-28 14:02:25,286091033,3,登革热/痤疮,工作细胞 第二季,886319522
起来.......~！,958.073,1,16777215,2023-01-28 14:00:48,286091033,3,登革热/痤疮,工作细胞 第二季,886319522
这是海豚细菌吗,790.026,1,16777215,2023-01-28 13:57:23,286091033,3,登革热/痤疮,工作细胞 第二季,886319522
真的啊，长头发不容易啊,1220.244,1,16777215,2023-01-28 12:33:51,286091033,3,登革热/痤疮,工作细胞 第二季,886319522
超，好气！,981.907,1,16777215,2023-01-28 12:31:58,286091033,3,登革热/痤疮,工作细胞 第二季,886319522
啊！一生之敌！,324.097,1,16777215,2023-01-28 12:24:46,286091033,3,登革热/痤疮,工作细胞 第二季,886319522
痔疮,717.803,1,16777215,2023-01-27 19:52:29,286091033,3,登革热/痤疮,工作细胞 第二季,886319522
博人传那个笑死我,1231.344,1,16777215,2023-01-27 17:17:25,286091033,3,登革热/痤疮,工作细胞 第二季,886319522
我立了,1211.644,1,16777215,2023-01-26 22:17:40,286091033,3,登革热/痤疮,工作细胞 第二季,886319522
原来不是痔疮,844.009,1,16777215,2023-01-26 19:03:43,286091033,3,登革热/痤疮,工作细胞 第二季,886319522
你看他们笑的多开心啊,227.063,5,16707842,2023-01-26 18:11:02,286091033,3,登革热/痤疮,工作细胞 第二季,886319522
一开口就是老傲娇了,706.816,1,16777215,2023-01-26 10:18:06,286091033,3,登革热/痤疮,工作细胞 第二季,886319522
好害怕他突然来一句神罗天正啊,500.823,1,16777215,2023-01-25 23:57:04,286091033,3,登革热/痤疮,工作细胞 第二季,886319522
长老一脸······o_o ....,1180.306,1,13369971,2023-01-25 20:44:54,286091033,3,登革热/痤疮,工作细胞 第二季,886319522
系内,1040.944,1,16777215,2023-01-25 20:41:41,286091033,3,登革热/痤疮,工作细胞 第二季,886319522
沙虫,1072.765,1,16777215,2023-01-25 16:46:19,286091033,3,登革热/痤疮,工作细胞 第二季,886319522
也不靠神仙皇帝,867.482,1,15138834,2023-01-25 13:50:45,286091033,3,登革热/痤疮,工作细胞 第二季,886319522
正片开始,724.51,1,15138834,2023-01-25 13:08:47,286091033,3,登革热/痤疮,工作细胞 第二季,886319522
主角光环,976.151,1,8700107,2023-01-25 12:35:38,286091033,3,登革热/痤疮,工作细胞 第二季,886319522
谢谢你，照顾我的头发，每一根头发都对我至关重要啊！！,1364.162,1,16777215,2023-01-25 11:50:33,286091033,3,登革热/痤疮,工作细胞 第二季,886319522
过敏反应的组胺就免了吧，痒死,648.06,1,16777215,2023-01-25 01:02:12,286091033,3,登革热/痤疮,工作细胞 第二季,886319522
调调电波啊嗜酸。。,705.767,1,16777215,2023-01-25 00:43:43,286091033,3,登革热/痤疮,工作细胞 第二季,886319522
注意！进度过半,637.314,1,15138834,2023-01-24 22:30:40,286091033,3,登革热/痤疮,工作细胞 第二季,886319522
这就是我们被蚊子咬了起包还痒的原因,605.532,1,16777215,2023-01-24 21:56:53,286091033,3,登革热/痤疮,工作细胞 第二季,886319522
干得好！,1173.993,1,16777215,2023-01-24 21:03:19,286091033,3,登革热/痤疮,工作细胞 第二季,886319522
耳机党,682.732,1,16777215,2023-01-24 05:45:43,286091033,3,登革热/痤疮,工作细胞 第二季,886319522
肯德基细胞,256.689,5,6830715,2023-01-23 23:47:19,286091033,3,登革热/痤疮,工作细胞 第二季,886319522
是不是我拔根毛，他们集体失业？,1205.504,1,16777215,2023-01-23 20:00:06,286091033,3,登革热/痤疮,工作细胞 第二季,886319522
别说了我明天就洗头,939.003,1,16777215,2023-01-23 16:28:38,286091033,3,登革热/痤疮,工作细胞 第二季,886319522
双氧水怼它！！！,866.39,5,16707842,2023-01-23 08:13:11,286091033,3,登革热/痤疮,工作细胞 第二季,886319522
我的怕不是都是老爷爷,774.978,1,16777215,2023-01-22 14:45:13,286091033,3,登革热/痤疮,工作细胞 第二季,886319522
把他嘴给封住！！,1150.722,1,15138834,2023-01-21 19:19:11,286091033,3,登革热/痤疮,工作细胞 第二季,886319522
我的头发保住了呜呜呜,1369.0,1,16777215,2023-01-21 14:32:23,286091033,3,登革热/痤疮,工作细胞 第二季,886319522
他不会是螨虫吧？,863.226,1,16777215,2023-01-20 13:52:04,286091033,3,登革热/痤疮,工作细胞 第二季,886319522
看成了中指哈哈哈,362.883,1,16777215,2023-01-19 20:15:20,286091033,3,登革热/痤疮,工作细胞 第二季,886319522
长老：？,1184.231,1,16777215,2023-01-19 19:25:12,286091033,3,登革热/痤疮,工作细胞 第二季,886319522
老——头——,578.632,1,16777215,2023-01-19 19:13:47,286091033,3,登革热/痤疮,工作细胞 第二季,886319522
上高地了,1143.133,1,16777215,2023-01-19 16:57:41,286091033,3,登革热/痤疮,工作细胞 第二季,886319522
好家伙，,968.166,1,16777215,2023-01-19 10:23:42,286091033,3,登革热/痤疮,工作细胞 第二季,886319522
无产细胞联合起来,956.411,1,16777215,2023-01-19 10:22:50,286091033,3,登革热/痤疮,工作细胞 第二季,886319522
全靠我们自己,896.101,1,16777215,2023-01-19 10:21:15,286091033,3,登革热/痤疮,工作细胞 第二季,886319522
我真的要哭了,1033.222,1,16777215,2023-01-19 00:06:54,286091033,3,登革热/痤疮,工作细胞 第二季,886319522
来点异维a 酸治死你,1076.646,1,15138834,2023-01-18 20:25:33,286091033,3,登革热/痤疮,工作细胞 第二季,886319522
收手吧阿祖,385.425,1,16777215,2023-01-18 13:45:32,286091033,3,登革热/痤疮,工作细胞 第二季,886319522
红细胞的奇妙冒险,386.799,1,16777215,2023-01-17 23:26:37,286091033,3,登革热/痤疮,工作细胞 第二季,886319522
我不做人啦红细胞,380.219,1,16777215,2023-01-17 23:26:22,286091033,3,登革热/痤疮,工作细胞 第二季,886319522
油头,1274.026,1,16777215,2023-01-17 13:13:27,286091033,3,登革热/痤疮,工作细胞 第二季,886319522
觉醒吧，少年！！！！！,1206.269,1,16777215,2023-01-16 21:40:12,286091033,3,登革热/痤疮,工作细胞 第二季,886319522
毛毛虫大军（Doge,944.125,1,16777215,2023-01-16 21:35:37,286091033,3,登革热/痤疮,工作细胞 第二季,886319522
哦摩西罗伊！,1051.935,5,16777215,2023-01-16 20:46:37,286091033,3,登革热/痤疮,工作细胞 第二季,886319522
忍道！（即答,1028.649,5,16777215,2023-01-16 20:45:38,286091033,3,登革热/痤疮,工作细胞 第二季,886319522
你倒是快跑啊！！！,325.382,5,16777215,2023-01-16 20:23:26,286091033,3,登革热/痤疮,工作细胞 第二季,886319522
我的白细胞,903.347,1,16777215,2023-01-16 18:31:50,286091033,3,登革热/痤疮,工作细胞 第二季,886319522
赛文！赛文！！赛文！,378.767,1,16777215,2023-01-16 13:16:19,286091033,3,登革热/痤疮,工作细胞 第二季,886319522
动作指导：哈利波特,1126.333,1,16777215,2023-01-16 11:58:03,286091033,3,登革热/痤疮,工作细胞 第二季,886319522
就是你在我头皮长痘！,751.428,1,16777215,2023-01-16 01:23:07,286091033,3,登革热/痤疮,工作细胞 第二季,886319522
我的脸呜呜呜呜,861.907,1,16777215,2023-01-15 20:54:35,286091033,3,登革热/痤疮,工作细胞 第二季,886319522
被蚊子叮了就不能吃肯德基了,682.428,1,6830715,2023-01-15 19:53:37,286091033,3,登革热/痤疮,工作细胞 第二季,886319522
我是湖畔,290.151,1,6830715,2023-01-15 19:45:06,286091033,3,登革热/痤疮,工作细胞 第二季,886319522
本集官方玩梗,6.729,1,16777215,2023-01-15 17:00:15,286091033,3,登革热/痤疮,工作细胞 第二季,886319522
驯虫高手,1070.228,1,8700107,2023-01-15 14:16:58,286091033,3,登革热/痤疮,工作细胞 第二季,886319522
驯虫高手,1064.527,1,38979,2023-01-15 14:16:08,286091033,3,登革热/痤疮,工作细胞 第二季,886319522
琪亚娜（幻听,838.019,1,16777215,2023-01-15 14:11:16,286091033,3,登革热/痤疮,工作细胞 第二季,886319522
我一个毛孔有3，4根头发的,1169.946,1,16777215,2023-01-14 23:29:56,286091033,3,登革热/痤疮,工作细胞 第二季,886319522
是痤疮，不是痔疮,833.207,1,16777215,2023-01-14 23:23:41,286091033,3,登革热/痤疮,工作细胞 第二季,886319522
这里面不少病都没得过，除了感冒，中暑和擦伤,158.047,1,16777215,2023-01-14 23:11:07,286091033,3,登革热/痤疮,工作细胞 第二季,886319522
我记得,637.079,1,16777215,2023-01-14 22:57:24,286091033,3,登革热/痤疮,工作细胞 第二季,886319522
？你怎么知道我正在挠蚊子包,313.006,1,16777215,2023-01-14 20:54:27,286091033,3,登革热/痤疮,工作细胞 第二季,886319522
什么⊙∀⊙？居然不是痔疮吗？,10.406,1,16777215,2023-01-14 17:11:40,286091033,3,登革热/痤疮,工作细胞 第二季,886319522
建议去当白细胞,231.286,1,16777215,2023-01-14 00:31:59,286091033,3,登革热/痤疮,工作细胞 第二季,886319522
白哥,701.818,1,16777215,2023-01-13 20:31:05,286091033,3,登革热/痤疮,工作细胞 第二季,886319522
红细胞失宠了,1357.337,1,16777215,2023-01-13 17:33:12,286091033,3,登革热/痤疮,工作细胞 第二季,886319522
哦～薅你毛～,258.943,5,38979,2023-01-13 12:52:48,286091033,3,登革热/痤疮,工作细胞 第二季,886319522
别动我头发！,844.468,1,16777215,2023-01-13 12:25:06,286091033,3,登革热/痤疮,工作细胞 第二季,886319522
众所周知：蚊子可以传播石鬼面,604.78,5,16740868,2023-01-13 12:20:36,286091033,3,登革热/痤疮,工作细胞 第二季,886319522
土间埋的太生草了,357.735,5,16740868,2023-01-13 12:14:32,286091033,3,登革热/痤疮,工作细胞 第二季,886319522
八块,837.778,1,16777215,2023-01-13 09:13:35,286091033,3,登革热/痤疮,工作细胞 第二季,886319522
左边这两个红细胞是不是突然3d了！,1.146,1,16777215,2023-01-12 23:24:30,286091033,3,登革热/痤疮,工作细胞 第二季,886319522
好家伙标题我直接看成了痔疮,3.059,1,16777215,2023-01-12 19:02:55,286091033,3,登革热/痤疮,工作细胞 第二季,886319522
=、,0.0,1,16777215,2023-01-12 18:09:41,286091033,3,登革热/痤疮,工作细胞 第二季,886319522
77】,0.0,1,16777215,2023-01-12 18:09:33,286091033,3,登革热/痤疮,工作细胞 第二季,886319522
哒咩啊！我的头发！！！,888.2,1,16777215,2023-01-12 12:18:50,286091033,3,登革热/痤疮,工作细胞 第二季,886319522
可恶！我的头发！！,793.815,1,16777215,2023-01-12 12:14:18,286091033,3,登革热/痤疮,工作细胞 第二季,886319522
请把我身上的腿毛和手臂毛打死谢谢,807.376,1,16777215,2023-01-12 08:05:11,286091033,3,登革热/痤疮,工作细胞 第二季,886319522
中二细胞！,482.542,1,16646914,2023-01-11 20:30:06,286091033,3,登革热/痤疮,工作细胞 第二季,886319522
我不做细胞了，红血球！,380.03,1,16646914,2023-01-11 20:28:23,286091033,3,登革热/痤疮,工作细胞 第二季,886319522
肯德  基老  爷爷,285.388,1,16777215,2023-01-11 20:26:49,286091033,3,登革热/痤疮,工作细胞 第二季,886319522
优雅细胞,265.979,1,16777215,2023-01-11 14:46:53,286091033,3,登革热/痤疮,工作细胞 第二季,886319522
吓得我赶紧洗了把脸,938.412,1,16777215,2023-01-11 12:47:38,286091033,3,登革热/痤疮,工作细胞 第二季,886319522
多能干细胞,1395.687,1,16777215,2023-01-11 12:06:33,286091033,3,登革热/痤疮,工作细胞 第二季,886319522
抗凝血酶,321.384,1,16777215,2023-01-10 19:14:05,286091033,3,登革热/痤疮,工作细胞 第二季,886319522
化脓了,981.249,1,16777215,2023-01-10 18:01:54,286091033,3,登革热/痤疮,工作细胞 第二季,886319522
草 正在长痘,858.819,1,16777215,2023-01-10 11:16:22,286091033,3,登革热/痤疮,工作细胞 第二季,886319522
白细胞流血头发总是不会被血染红,950.04,1,16777215,2023-01-09 22:29:53,286091033,3,登革热/痤疮,工作细胞 第二季,886319522
我靠被逗笑了,1218.416,1,16777215,2023-01-09 22:27:24,286091033,3,登革热/痤疮,工作细胞 第二季,886319522
呜呜呜呜呜额呜呜呜呜呜,973.419,1,16777215,2023-01-09 22:24:06,286091033,3,登革热/痤疮,工作细胞 第二季,886319522
我买有药，放心、,894.141,1,16777215,2023-01-09 22:07:08,286091033,3,登革热/痤疮,工作细胞 第二季,886319522
看着都疼,1088.387,1,16777215,2023-01-09 19:12:31,286091033,3,登革热/痤疮,工作细胞 第二季,886319522
中二细胞,474.726,1,16777215,2023-01-09 19:03:29,286091033,3,登革热/痤疮,工作细胞 第二季,886319522
洗脑心控恶堕同化，buff叠满,408.785,5,14811775,2023-01-09 18:14:58,286091033,3,登革热/痤疮,工作细胞 第二季,886319522
动作指导：猗窝座（doge）,225.073,1,52480,2023-01-09 16:49:05,286091033,3,登革热/痤疮,工作细胞 第二季,886319522
中二细胞！是你啊！！,483.956,1,16777215,2023-01-09 13:05:59,286091033,3,登革热/痤疮,工作细胞 第二季,886319522
白哥，妻危，速来,406.385,1,16777215,2023-01-09 13:04:39,286091033,3,登革热/痤疮,工作细胞 第二季,886319522
哇里哇里哇,487.06,1,16777215,2023-01-09 12:15:50,286091033,3,登革热/痤疮,工作细胞 第二季,886319522
哈哈哈哈哈,1393.515,1,16777215,2023-01-09 11:35:24,286091033,3,登革热/痤疮,工作细胞 第二季,886319522
毛发,1307.437,1,16777215,2023-01-09 11:34:47,286091033,3,登革热/痤疮,工作细胞 第二季,886319522
我不做细胞了,381.712,1,16777215,2023-01-09 11:30:23,286091033,3,登革热/痤疮,工作细胞 第二季,886319522
埋化了,359.297,1,16777215,2023-01-09 11:29:37,286091033,3,登革热/痤疮,工作细胞 第二季,886319522
登革热,8.005,1,16777215,2023-01-09 11:28:51,286091033,3,登革热/痤疮,工作细胞 第二季,886319522
毛囊炎也是痤疮 头上也会,804.735,1,16777215,2023-01-09 00:40:04,286091033,3,登革热/痤疮,工作细胞 第二季,886319522
QAQ,1202.511,1,16777215,2023-01-08 21:16:09,286091033,3,登革热/痤疮,工作细胞 第二季,886319522
猪队友,913.353,1,16777215,2023-01-08 20:34:05,286091033,3,登革热/痤疮,工作细胞 第二季,886319522
掉发吗哭哭,794.005,1,16777215,2023-01-08 19:39:14,286091033,3,登革热/痤疮,工作细胞 第二季,886319522
我阳了，到底洗不洗头啊（,959.357,1,16777215,2023-01-08 18:53:28,286091033,3,登革热/痤疮,工作细胞 第二季,886319522
别啊 我的秀发啊,1154.831,1,16777215,2023-01-08 18:41:28,286091033,3,登革热/痤疮,工作细胞 第二季,886319522
赛文！变身！,370.62,1,15138834,2023-01-08 18:11:52,286091033,3,登革热/痤疮,工作细胞 第二季,886319522
互换周边的笑死我了哈哈哈哈哈,1408.239,1,16707842,2023-01-08 17:46:08,286091033,3,登革热/痤疮,工作细胞 第二季,886319522
阿阿阿啊，身上的皮脂看着真的好油,1354.083,1,16777215,2023-01-08 16:22:31,286091033,3,登革热/痤疮,工作细胞 第二季,886319522
帽子是以前那些战斗白细胞的吧,1031.58,1,16777215,2023-01-08 13:40:55,286091033,3,登革热/痤疮,工作细胞 第二季,886319522
真的很顽强~~~你怎么有两顶帽子？？,1364.435,1,16777215,2023-01-08 11:54:23,286091033,3,登革热/痤疮,工作细胞 第二季,886319522
白哥挺住啊,1190.886,1,16777215,2023-01-07 20:06:44,286091033,3,登革热/痤疮,工作细胞 第二季,886319522
头油就是这样产生的,1285.905,1,16777215,2023-01-07 19:20:16,286091033,3,登革热/痤疮,工作细胞 第二季,886319522
主角光环，你值得拥有,1320.782,1,16777215,2023-01-07 18:13:55,286091033,3,登革热/痤疮,工作细胞 第二季,886319522
全世界被压迫的细胞联合起来！,977.918,1,16777215,2023-01-07 18:07:12,286091033,3,登革热/痤疮,工作细胞 第二季,886319522
我还没我体内细胞过的优雅,287.394,1,16777215,2023-01-06 22:23:29,286091033,3,登革热/痤疮,工作细胞 第二季,886319522
蚊子能不能灭绝呀 ,318.696,1,16777215,2023-01-06 22:18:12,286091033,3,登革热/痤疮,工作细胞 第二季,886319522
幸亏有同声传译,506.136,1,16777215,2023-01-06 21:17:33,286091033,3,登革热/痤疮,工作细胞 第二季,886319522
知道上一个白细胞怎么没的了,884.556,1,16777215,2023-01-06 20:18:37,286091033,3,登革热/痤疮,工作细胞 第二季,886319522
对不起痔疮,822.402,1,15138834,2023-01-06 17:16:20,286091033,3,登革热/痤疮,工作细胞 第二季,886319522
白——哥——哥——们——,973.224,1,16777215,2023-01-06 14:43:23,286091033,3,登革热/痤疮,工作细胞 第二季,886319522
谁敢动我的毛母！,772.349,1,16777215,2023-01-06 14:38:40,286091033,3,登革热/痤疮,工作细胞 第二季,886319522
白哥，妻危，速来,425.446,1,16777215,2023-01-06 13:12:32,286091033,3,登革热/痤疮,工作细胞 第二季,886319522
薅你毛细胞危,256.89,1,16777215,2023-01-06 13:02:53,286091033,3,登革热/痤疮,工作细胞 第二季,886319522
告状三人组,198.695,1,16777215,2023-01-05 23:03:12,286091033,3,登革热/痤疮,工作细胞 第二季,886319522
这个细胞，我还以为要转场了,194.094,1,16777215,2023-01-05 22:58:41,286091033,3,登革热/痤疮,工作细胞 第二季,886319522
淦我也是,31.359,1,16777215,2023-01-05 22:56:42,286091033,3,登革热/痤疮,工作细胞 第二季,886319522
桌面清理大师,235.888,1,16707842,2023-01-05 22:36:12,286091033,3,登革热/痤疮,工作细胞 第二季,886319522
闰土和鲁迅,491.913,1,16777215,2023-01-05 21:03:08,286091033,3,登革热/痤疮,工作细胞 第二季,886319522
白﹌哥﹌,1325.516,1,16777215,2023-01-05 20:38:45,286091033,3,登革热/痤疮,工作细胞 第二季,886319522
老内鬼,894.189,1,16777215,2023-01-05 20:35:25,286091033,3,登革热/痤疮,工作细胞 第二季,886319522
典韦,229.031,1,16777215,2023-01-05 14:44:33,286091033,3,登革热/痤疮,工作细胞 第二季,886319522
我不做细胞啦！红血球！,381.091,5,15138834,2023-01-05 12:32:30,286091033,3,登革热/痤疮,工作细胞 第二季,886319522
肯德基细胞,268.271,1,16777215,2023-01-05 08:50:38,286091033,3,登革热/痤疮,工作细胞 第二季,886319522
原来就是你害我长痘,851.303,1,16777215,2023-01-04 23:30:12,286091033,3,登革热/痤疮,工作细胞 第二季,886319522
好家伙 我直接去洗了头,764.393,5,16707842,2023-01-04 18:23:54,286091033,3,登革热/痤疮,工作细胞 第二季,886319522
玩“球”？,550.981,1,16777215,2023-01-04 18:17:27,286091033,3,登革热/痤疮,工作细胞 第二季,886319522
那为啥你还从我的头上消失？,1203.7,1,15138834,2023-01-04 15:48:37,286091033,3,登革热/痤疮,工作细胞 第二季,886319522
嗜碱性粒细胞太怪了,485.806,1,38979,2023-01-04 15:24:23,286091033,3,登革热/痤疮,工作细胞 第二季,886319522
这个老爷爷是什么细胞？,401.574,1,16777215,2023-01-04 14:22:55,286091033,3,登革热/痤疮,工作细胞 第二季,886319522
把它们剁碎！斩尽杀绝！,876.369,1,16777215,2023-01-04 02:38:12,286091033,3,登革热/痤疮,工作细胞 第二季,886319522
肯爷爷是吧哈哈哈哈哈,285.53,1,16777215,2023-01-04 00:41:18,286091033,3,登革热/痤疮,工作细胞 第二季,886319522
造型指导：照桥心美,1341.363,5,41194,2023-01-03 23:48:45,286091033,3,登革热/痤疮,工作细胞 第二季,886319522
 每一根头发对我来说都很重要！！！！,1181.664,1,16777215,2023-01-03 22:40:52,286091033,3,登革热/痤疮,工作细胞 第二季,886319522
蚊子叮一下这么严重？！,653.607,1,16777215,2023-01-03 22:16:34,286091033,3,登革热/痤疮,工作细胞 第二季,886319522
不要吓坏小孩子啊喂,705.617,1,16777215,2023-01-03 22:14:56,286091033,3,登革热/痤疮,工作细胞 第二季,886319522
抱歉，这里已经满员了，你逃不掉的,1338.694,1,16777215,2023-01-03 20:10:50,286091033,3,登革热/痤疮,工作细胞 第二季,886319522
主要是专业不对口,916.955,1,16777215,2023-01-03 17:54:13,286091033,3,登革热/痤疮,工作细胞 第二季,886319522
座疮和痔疮不是一个东西吧……,741.969,1,16777215,2023-01-03 17:51:09,286091033,3,登革热/痤疮,工作细胞 第二季,886319522
优雅，太优雅了,297.176,1,16777215,2023-01-03 14:41:07,286091033,3,登革热/痤疮,工作细胞 第二季,886319522
这个帽子不是刚才在路边捡的吗,1023.972,1,16777215,2023-01-03 14:08:08,286091033,3,登革热/痤疮,工作细胞 第二季,886319522
啊我痤疮都几年了，这死多少啊,973.08,1,16777215,2023-01-03 13:34:07,286091033,3,登革热/痤疮,工作细胞 第二季,886319522
王招菌,668.176,1,16777215,2023-01-03 12:52:24,286091033,3,登革热/痤疮,工作细胞 第二季,886319522
修女？,828.448,1,16707842,2023-01-03 12:37:21,286091033,3,登革热/痤疮,工作细胞 第二季,886319522
喂，你！不要教坏小孩子啊,705.062,1,16707842,2023-01-03 12:35:51,286091033,3,登革热/痤疮,工作细胞 第二季,886319522
白细胞：阿弥陀佛，罪过罪过……,621.542,1,16707842,2023-01-03 12:33:36,286091033,3,登革热/痤疮,工作细胞 第二季,886319522
已经准备好下大雨了,512.881,1,16707842,2023-01-03 12:31:47,286091033,3,登革热/痤疮,工作细胞 第二季,886319522
要变身了！！！,377.896,1,16707842,2023-01-03 12:29:49,286091033,3,登革热/痤疮,工作细胞 第二季,886319522
白哥！,1339.033,1,16777215,2023-01-03 12:24:06,286091033,3,登革热/痤疮,工作细胞 第二季,886319522
血小板补天记,364.306,1,16777215,2023-01-03 10:16:44,286091033,3,登革热/痤疮,工作细胞 第二季,886319522
毛细血管舒张，血管壁通透性增加，腺体分泌增加,61.913,1,16777215,2023-01-03 01:21:58,286091033,3,登革热/痤疮,工作细胞 第二季,886319522
主角光环不是盖的,377.656,1,16777215,2023-01-02 22:54:59,286091033,3,登革热/痤疮,工作细胞 第二季,886319522
白哥太帅了！,1050.361,1,16777215,2023-01-02 18:10:54,286091033,3,登革热/痤疮,工作细胞 第二季,886319522
中二病细胞,475.728,5,16777215,2023-01-02 16:01:05,286091033,3,登革热/痤疮,工作细胞 第二季,886319522
妻危，速来,538.964,1,16777215,2023-01-02 13:20:35,286091033,3,登革热/痤疮,工作细胞 第二季,886319522
心疼白哥,947.824,1,16777215,2023-01-02 10:03:06,286091033,3,登革热/痤疮,工作细胞 第二季,886319522
柯南体质,663.551,1,16777215,2023-01-01 19:02:59,286091033,3,登革热/痤疮,工作细胞 第二季,886319522
好家伙能戏面具,369.464,1,16777215,2023-01-01 18:57:58,286091033,3,登革热/痤疮,工作细胞 第二季,886319522
登革热 乙类传染病,11.151,1,16777215,2023-01-01 18:52:55,286091033,3,登革热/痤疮,工作细胞 第二季,886319522
脓液就是死去的白细胞和被破坏的组织形成的啊,972.221,5,15138834,2023-01-01 18:14:03,286091033,3,登革热/痤疮,工作细胞 第二季,886319522
优雅细胞,275.619,5,15138834,2023-01-01 14:50:04,286091033,3,登革热/痤疮,工作细胞 第二季,886319522
我今天开始就好好的抹药+喝药,1069.132,1,16777215,2023-01-01 11:08:14,286091033,3,登革热/痤疮,工作细胞 第二季,886319522
在抹药了在抹药了,1053.797,1,16777215,2023-01-01 11:07:59,286091033,3,登革热/痤疮,工作细胞 第二季,886319522
为了我的头发,1230.764,1,16777215,2022-12-31 21:32:36,286091033,3,登革热/痤疮,工作细胞 第二季,886319522
四害都不是好东西,363.039,1,16777215,2022-12-31 21:07:24,286091033,3,登革热/痤疮,工作细胞 第二季,886319522
白细胞秒变红细胞,1234.893,1,16777215,2022-12-31 19:39:33,286091033,3,登革热/痤疮,工作细胞 第二季,886319522
组织胺是催化剂，如果没有，免疫系统可能来不及,460.815,5,14811775,2022-12-31 19:07:10,286091033,3,登革热/痤疮,工作细胞 第二季,886319522
不要啊，我的肯德基～～,578.692,1,16777215,2022-12-31 17:28:10,286091033,3,登革热/痤疮,工作细胞 第二季,886319522
痔疮,724.897,1,16777215,2022-12-31 16:07:33,286091033,3,登革热/痤疮,工作细胞 第二季,886319522
想起自己有毛囊炎，真的非常愤怒,843.763,1,16777215,2022-12-31 16:06:32,286091033,3,登革热/痤疮,工作细胞 第二季,886319522
交换头套,1398.13,1,16777215,2022-12-31 15:33:00,286091033,3,登革热/痤疮,工作细胞 第二季,886319522
我，不做细胞啦！红血球！,394.841,1,16777215,2022-12-31 14:03:35,286091033,3,登革热/痤疮,工作细胞 第二季,886319522
对不起我现在就去洗头,1126.035,1,16777215,2022-12-31 14:01:28,286091033,3,登革热/痤疮,工作细胞 第二季,886319522
冒烟了,1161.593,1,16777215,2022-12-31 13:34:18,286091033,3,登革热/痤疮,工作细胞 第二季,886319522
这可是我为数不多的头发！！怎么能用区区一词！！！,1151.74,1,16777215,2022-12-31 12:05:13,286091033,3,登革热/痤疮,工作细胞 第二季,886319522
这叫盖帽,1017.617,1,16777215,2022-12-31 11:27:09,286091033,3,登革热/痤疮,工作细胞 第二季,886319522
可恶可恶可恶，我恨蚊子,313.599,1,16777215,2022-12-30 23:47:44,286091033,3,登革热/痤疮,工作细胞 第二季,886319522
唔我再也不长痘了,998.666,1,16777215,2022-12-30 15:04:27,286091033,3,登革热/痤疮,工作细胞 第二季,886319522
别死别死,1005.713,1,16777215,2022-12-30 14:18:53,286091033,3,登革热/痤疮,工作细胞 第二季,886319522
头发你快退下,882.662,1,16777215,2022-12-30 14:16:16,286091033,3,登革热/痤疮,工作细胞 第二季,886319522
好家伙，容我先去洗个头,1170.235,1,16777215,2022-12-30 13:46:46,286091033,3,登革热/痤疮,工作细胞 第二季,886319522
吓得我立马去洗头,778.181,1,16777215,2022-12-30 12:32:58,286091033,3,登革热/痤疮,工作细胞 第二季,886319522
长老不会是我唯一的一根白头发吧！！！,1224.159,1,15772458,2022-12-30 11:56:16,286091033,3,登革热/痤疮,工作细胞 第二季,886319522
过敏,204.008,1,16777215,2022-12-30 01:22:57,286091033,3,登革热/痤疮,工作细胞 第二季,886319522
淦！！！,788.989,1,16777215,2022-12-29 19:46:36,286091033,3,登革热/痤疮,工作细胞 第二季,886319522
还是血小板可爱,731.802,1,16777215,2022-12-29 19:37:31,286091033,3,登革热/痤疮,工作细胞 第二季,886319522
宝可梦（误）,745.21,1,16777215,2022-12-29 18:30:57,286091033,3,登革热/痤疮,工作细胞 第二季,886319522
阳了来应应景,55.997,1,16777215,2022-12-29 17:14:23,286091033,3,登革热/痤疮,工作细胞 第二季,886319522
白头发？,818.973,1,16777215,2022-12-29 10:49:55,286091033,3,登革热/痤疮,工作细胞 第二季,886319522
肯德基！！！！！！！！！！！,274.423,1,16777215,2022-12-28 21:31:32,286091033,3,登革热/痤疮,工作细胞 第二季,886319522
天啊那些白细胞就是脓吗,972.898,1,16777215,2022-12-28 21:24:57,286091033,3,登革热/痤疮,工作细胞 第二季,886319522
所以产生这些的是因为这个身体不洗头吗,871.858,1,16777215,2022-12-28 21:22:39,286091033,3,登革热/痤疮,工作细胞 第二季,886319522
动作指导：路飞,1014.482,1,16777215,2022-12-28 19:57:15,286091033,3,登革热/痤疮,工作细胞 第二季,886319522
所以就是你害我长痘掉头发的！！！,792.287,1,16777215,2022-12-28 19:24:27,286091033,3,登革热/痤疮,工作细胞 第二季,886319522
出现了石鬼面具！,372.519,1,16777215,2022-12-28 18:11:42,286091033,3,登革热/痤疮,工作细胞 第二季,886319522
丑虫子，放开我头发！！！,775.599,1,15138834,2022-12-28 17:51:29,286091033,3,登革热/痤疮,工作细胞 第二季,886319522
优雅，实在太优雅了,296.199,1,16777215,2022-12-28 16:41:57,286091033,3,登革热/痤疮,工作细胞 第二季,886319522
消化细胞,43.346,1,38979,2022-12-28 12:40:12,286091033,3,登革热/痤疮,工作细胞 第二季,886319522
上水杨酸！！！,1113.49,1,16777215,2022-12-28 02:57:42,286091033,3,登革热/痤疮,工作细胞 第二季,886319522
上酒精？,863.357,1,16777215,2022-12-28 02:53:18,286091033,3,登革热/痤疮,工作细胞 第二季,886319522
原来是你小子害我长痘,861.186,1,16777215,2022-12-27 22:05:47,286091033,3,登革热/痤疮,工作细胞 第二季,886319522
原来可以动的吗,1228.309,1,16777215,2022-12-27 21:48:30,286091033,3,登革热/痤疮,工作细胞 第二季,886319522
那个是在地上捡的,1022.61,1,16777215,2022-12-27 20:15:07,286091033,3,登革热/痤疮,工作细胞 第二季,886319522
快去叫人来啊,900.829,1,16777215,2022-12-27 19:40:19,286091033,3,登革热/痤疮,工作细胞 第二季,886319522
果然，小孩子才能懂中二的真谛,706.358,1,16777215,2022-12-27 19:21:25,286091033,3,登革热/痤疮,工作细胞 第二季,886319522
啊迪奥,387.93,1,16777215,2022-12-27 19:12:37,286091033,3,登革热/痤疮,工作细胞 第二季,886319522
管家,265.618,1,16777215,2022-12-27 19:02:24,286091033,3,登革热/痤疮,工作细胞 第二季,886319522
少侠好臂力,240.454,1,16777215,2022-12-27 18:06:56,286091033,3,登革热/痤疮,工作细胞 第二季,886319522
坂崎良他爹,409.952,1,16777215,2022-12-27 17:40:13,286091033,3,登革热/痤疮,工作细胞 第二季,886319522
前方坂崎良他爹登场,373.829,1,16777215,2022-12-27 17:39:27,286091033,3,登革热/痤疮,工作细胞 第二季,886319522
他怎么有两顶帽子,1351.931,1,16777215,2022-12-27 15:48:17,286091033,3,登革热/痤疮,工作细胞 第二季,886319522
可爱太多了哈哈哈,71.879,1,16777215,2022-12-27 14:42:17,286091033,3,登革热/痤疮,工作细胞 第二季,886319522
气死了哈哈哈,55.059,1,16777215,2022-12-27 14:41:52,286091033,3,登革热/痤疮,工作细胞 第二季,886319522
等晴天了我就去洗头，最近太冷了,947.508,1,16777215,2022-12-27 13:23:42,286091033,3,登革热/痤疮,工作细胞 第二季,886319522
对不起对不起我再也不到处乱扣了,1039.413,1,16777215,2022-12-27 12:08:44,286091033,3,登革热/痤疮,工作细胞 第二季,886319522
对不起我现在就去洗头,934.853,1,16777215,2022-12-27 12:06:20,286091033,3,登革热/痤疮,工作细胞 第二季,886319522
巴巴托斯，细胞,426.427,1,16777215,2022-12-27 11:49:36,286091033,3,登革热/痤疮,工作细胞 第二季,886319522
好家伙，原来是痤疮，我看成了痔疮,859.112,1,16777215,2022-12-27 00:17:56,286091033,3,登革热/痤疮,工作细胞 第二季,886319522
去找白姐接突突突,1114.758,1,16777215,2022-12-26 23:45:15,286091033,3,登革热/痤疮,工作细胞 第二季,886319522
优雅太优雅了,276.135,1,16777215,2022-12-26 19:07:33,286091033,3,登革热/痤疮,工作细胞 第二季,886319522
白哥：没事，我有主角光环,1037.733,1,16777215,2022-12-26 18:25:09,286091033,3,登革热/痤疮,工作细胞 第二季,886319522
是的，就怪你,902.997,1,16777215,2022-12-26 18:18:23,286091033,3,登革热/痤疮,工作细胞 第二季,886319522
做毛不易,1207.249,1,16777215,2022-12-26 17:09:13,286091033,3,登革热/痤疮,工作细胞 第二季,886319522
纳尼！？,393.632,5,16707842,2022-12-26 16:41:51,286091033,3,登革热/痤疮,工作细胞 第二季,886319522
很好！哥的头上就需要你这样的细胞！！,1372.301,1,16776960,2022-12-26 15:37:52,286091033,3,登革热/痤疮,工作细胞 第二季,886319522
nononono我的苏珊！！！！,1151.073,1,16776960,2022-12-26 15:34:30,286091033,3,登革热/痤疮,工作细胞 第二季,886319522
还好我刚洗完头,995.734,1,16776960,2022-12-26 15:31:41,286091033,3,登革热/痤疮,工作细胞 第二季,886319522
就是你是吧！！老娘额头的痘要痛死了,870.683,1,16776960,2022-12-26 15:29:35,286091033,3,登革热/痤疮,工作细胞 第二季,886319522
拍死你！！拍死你！！！,318.242,1,16777215,2022-12-26 15:20:06,286091033,3,登革热/痤疮,工作细胞 第二季,886319522
红细胞脸蛋好软~~~~~,658.663,5,10546688,2022-12-26 14:36:01,286091033,3,登革热/痤疮,工作细胞 第二季,886319522
这主人是不是不洗澡？,925.288,1,16777215,2022-12-26 12:43:48,286091033,3,登革热/痤疮,工作细胞 第二季,886319522
我不做细胞了！红细胞！,382.278,1,16777215,2022-12-26 12:28:37,286091033,3,登革热/痤疮,工作细胞 第二季,886319522
别！全油啊！！！,1355.779,1,16777215,2022-12-26 12:02:25,286091033,3,登革热/痤疮,工作细胞 第二季,886319522
对啊，你有媳妇儿了,1375.712,1,16777215,2022-12-26 11:25:29,286091033,3,登革热/痤疮,工作细胞 第二季,886319522
是女孩子身体,170.706,1,16777215,2022-12-26 09:55:45,286091033,3,登革热/痤疮,工作细胞 第二季,886319522
不不不不不不不不不！白哥！！！！！！！！不————————————,1320.692,1,16777215,2022-12-25 20:31:26,286091033,3,登革热/痤疮,工作细胞 第二季,886319522
心疼我白哥⊙﹏⊙！！！,911.586,1,16777215,2022-12-25 20:11:23,286091033,3,登革热/痤疮,工作细胞 第二季,886319522
呆毛！（大雾）,1015.399,1,9599289,2022-12-25 19:44:08,286091033,3,登革热/痤疮,工作细胞 第二季,886319522
内鬼啊,1379.448,1,16777215,2022-12-25 19:38:47,286091033,3,登革热/痤疮,工作细胞 第二季,886319522
内鬼啊,1348.222,1,16777215,2022-12-25 19:38:15,286091033,3,登革热/痤疮,工作细胞 第二季,886319522
完结撒花 感谢陪伴,1322.242,1,16777215,2022-12-25 18:30:38,286091033,3,登革热/痤疮,工作细胞 第二季,886319522
咖喱棒,227.615,1,16777215,2022-12-25 18:22:14,286091033,3,登革热/痤疮,工作细胞 第二季,886319522
这个是阿尔托莉雅细胞,35.039,1,16777215,2022-12-25 18:19:15,286091033,3,登革热/痤疮,工作细胞 第二季,886319522
白细胞怎么跑体外了,800.285,1,16777215,2022-12-25 17:43:11,286091033,3,登革热/痤疮,工作细胞 第二季,886319522
虽然但是，真的好好笑啊这个画面,1217.685,1,16777215,2022-12-25 17:22:42,286091033,3,登革热/痤疮,工作细胞 第二季,886319522
啊啊啊原来是你害我长痘！！！,865.289,1,16777215,2022-12-25 17:12:56,286091033,3,登革热/痤疮,工作细胞 第二季,886319522
这场面怎么感觉在哪见过,207.724,1,16777215,2022-12-25 16:52:25,286091033,3,登革热/痤疮,工作细胞 第二季,886319522
巨噬姐姐呢？,1246.221,5,16765698,2022-12-25 16:08:55,286091033,3,登革热/痤疮,工作细胞 第二季,886319522
杀手T呢？,1173.68,5,16765698,2022-12-25 16:07:43,286091033,3,登革热/痤疮,工作细胞 第二季,886319522
远程呼叫老爹,433.801,5,16765698,2022-12-25 15:55:23,286091033,3,登革热/痤疮,工作细胞 第二季,886319522
触电,180.05,5,16765698,2022-12-25 15:51:09,286091033,3,登革热/痤疮,工作细胞 第二季,886319522
出点,164.0,5,16765698,2022-12-25 15:50:53,286091033,3,登革热/痤疮,工作细胞 第二季,886319522
又来,46.371,5,16765698,2022-12-25 15:50:22,286091033,3,登革热/痤疮,工作细胞 第二季,886319522
开始吟唱,498.368,1,4351678,2022-12-25 15:33:44,286091033,3,登革热/痤疮,工作细胞 第二季,886319522
金身hhhhhhh,1340.458,1,16777215,2022-12-25 12:17:01,286091033,3,登革热/痤疮,工作细胞 第二季,886319522
白姐又好看又温柔实力还强,1323.607,1,16777215,2022-12-25 01:41:21,286091033,3,登革热/痤疮,工作细胞 第二季,886319522
这种细菌是长条形状的，所以画成虫子,1098.436,1,16777215,2022-12-25 00:06:39,286091033,3,登革热/痤疮,工作细胞 第二季,886319522
头发很重要啊,1209.789,1,16777215,2022-12-24 22:38:04,286091033,3,登革热/痤疮,工作细胞 第二季,886319522
会越洗越油呀,951.474,1,16777215,2022-12-24 22:23:54,286091033,3,登革热/痤疮,工作细胞 第二季,886319522
捏吗，，过敏啦！,41.528,1,16777215,2022-12-24 22:13:30,286091033,3,登革热/痤疮,工作细胞 第二季,886319522
没太明白组织胺是什么作用,646.162,1,16777215,2022-12-24 21:00:48,286091033,3,登革热/痤疮,工作细胞 第二季,886319522
可爱捏,1130.963,1,16777215,2022-12-24 20:12:12,286091033,3,登革热/痤疮,工作细胞 第二季,886319522
蚊子能灭绝吗,629.661,1,16777215,2022-12-24 16:47:14,286091033,3,登革热/痤疮,工作细胞 第二季,886319522
菌主,1075.401,1,16777215,2022-12-24 15:57:28,286091033,3,登革热/痤疮,工作细胞 第二季,886319522
白头发,1174.24,1,16777215,2022-12-24 14:24:10,286091033,3,登革热/痤疮,工作细胞 第二季,886319522
好家伙还是个投共的细菌,893.275,1,16777215,2022-12-24 14:16:47,286091033,3,登革热/痤疮,工作细胞 第二季,886319522
脂溢性皮炎,764.76,1,16777215,2022-12-24 14:10:24,286091033,3,登革热/痤疮,工作细胞 第二季,886319522
是有用，比如每次过敏的大晚上都痒的睡不着,205.851,1,16777215,2022-12-24 13:34:59,286091033,3,登革热/痤疮,工作细胞 第二季,886319522
已经开始痒了,193.691,1,16777215,2022-12-24 13:34:27,286091033,3,登革热/痤疮,工作细胞 第二季,886319522
组织胺，过敏的奇痒无比和水肿就是这玩意导致的,70.115,1,16777215,2022-12-24 13:33:08,286091033,3,登革热/痤疮,工作细胞 第二季,886319522
上点水杨酸,1208.828,1,16777215,2022-12-24 01:21:42,286091033,3,登革热/痤疮,工作细胞 第二季,886319522
这就是为什么我们会有莫名其妙的过敏症状出现,207.698,1,16777215,2022-12-24 01:04:37,286091033,3,登革热/痤疮,工作细胞 第二季,886319522
一根頭髮也是頭髮！,1152.166,1,16777215,2022-12-24 00:13:04,286091033,3,登革热/痤疮,工作细胞 第二季,886319522
这是肝细胞？,1379.294,1,16777215,2022-12-23 23:12:25,286091033,3,登革热/痤疮,工作细胞 第二季,886319522
蚊子还是赶快灭绝吧,643.857,1,16777215,2022-12-23 20:59:57,286091033,3,登革热/痤疮,工作细胞 第二季,886319522
白哥真的要变成红细胞了,1179.875,1,16776960,2022-12-23 20:24:19,286091033,3,登革热/痤疮,工作细胞 第二季,886319522
再打下去白哥就要变成红细胞了了,1096.294,1,16776960,2022-12-23 20:20:43,286091033,3,登革热/痤疮,工作细胞 第二季,886319522
跃空锤，碎颅击！,226.513,5,15772458,2022-12-23 19:29:40,286091033,3,登革热/痤疮,工作细胞 第二季,886319522
表情指导：女巨,225.473,1,16707842,2022-12-23 17:11:00,286091033,3,登革热/痤疮,工作细胞 第二季,886319522
白细胞试图在岩浆里游泳,1307.015,1,16777215,2022-12-23 16:41:26,286091033,3,登革热/痤疮,工作细胞 第二季,886319522
白细胞：爷不怕，没有主角光环随便浪！,1235.015,1,16777215,2022-12-23 16:39:59,286091033,3,登革热/痤疮,工作细胞 第二季,886319522
就你小子呀！看我不两鞭子抽死你,865.914,1,16777215,2022-12-23 16:36:21,286091033,3,登革热/痤疮,工作细胞 第二季,886319522
面具指导:鬼灭之刃,370.562,1,16777215,2022-12-23 16:23:11,286091033,3,登革热/痤疮,工作细胞 第二季,886319522
不出去搬救兵在这里看,1152.098,1,16777215,2022-12-23 15:45:12,286091033,3,登革热/痤疮,工作细胞 第二季,886319522
 终于知道为什么是身体会突然痒了。,52.499,1,16777215,2022-12-23 15:22:51,286091033,3,登革热/痤疮,工作细胞 第二季,886319522
川澄细胞,26.9,1,16777215,2022-12-23 13:56:05,286091033,3,登革热/痤疮,工作细胞 第二季,886319522
嘲讽,1098.429,1,16777215,2022-12-23 11:40:04,286091033,3,登革热/痤疮,工作细胞 第二季,886319522
我宁愿什么也不做，也不愿犯错,455.284,1,16777215,2022-12-23 11:21:24,286091033,3,登革热/痤疮,工作细胞 第二季,886319522
这人还活着吗,77.679,1,16777215,2022-12-23 02:27:59,286091033,3,登革热/痤疮,工作细胞 第二季,886319522
这也算螨虫了,887.062,1,16777215,2022-12-23 00:39:55,286091033,3,登革热/痤疮,工作细胞 第二季,886319522
这不只是区区一根头发啊，我宝贵的头发啊啊啊,1188.86,1,16777215,2022-12-23 00:06:37,286091033,3,登革热/痤疮,工作细胞 第二季,886319522
包浆了,1343.312,1,16777215,2022-12-22 22:43:59,286091033,3,登革热/痤疮,工作细胞 第二季,886319522
好心疼白哥啊,1193.012,1,16777215,2022-12-22 22:20:39,286091033,3,登革热/痤疮,工作细胞 第二季,886319522
动作指导:单核细胞,1351.385,1,16777215,2022-12-22 19:39:37,286091033,3,登革热/痤疮,工作细胞 第二季,886319522
我不当....算了,386.056,1,16777215,2022-12-22 18:05:04,286091033,3,登革热/痤疮,工作细胞 第二季,886319522
你俩，能别搁毛上打吗,1142.939,1,16777215,2022-12-22 17:51:54,286091033,3,登革热/痤疮,工作细胞 第二季,886319522
我不做朗格汉斯细胞了，红细胞！,373.445,1,16777215,2022-12-22 16:42:14,286091033,3,登革热/痤疮,工作细胞 第二季,886319522
巨噬姐姐的笑声让我怕怕的,582.219,1,16777215,2022-12-22 14:35:00,286091033,3,登革热/痤疮,工作细胞 第二季,886319522
铁扇老爷爷,421.928,1,16777215,2022-12-22 13:05:22,286091033,3,登革热/痤疮,工作细胞 第二季,886319522
头发都要没了，一根也很重要……,1181.432,1,16777215,2022-12-22 13:03:08,286091033,3,登革热/痤疮,工作细胞 第二季,886319522
化脓都是死掉的白细胞,1077.33,1,16777215,2022-12-22 12:32:30,286091033,3,登革热/痤疮,工作细胞 第二季,886319522
毛发又不是头发，说不定这里是脸呢,1191.229,1,16777215,2022-12-22 11:12:13,286091033,3,登革热/痤疮,工作细胞 第二季,886319522
石鬼面,412.331,5,15138834,2022-12-22 10:46:07,286091033,3,登革热/痤疮,工作细胞 第二季,886319522
已经打好伞了,518.457,1,16777215,2022-12-21 22:20:30,286091033,3,登革热/痤疮,工作细胞 第二季,886319522
失去的血细胞，在墙上,629.93,1,16777215,2022-12-21 22:17:10,286091033,3,登革热/痤疮,工作细胞 第二季,886319522
格局大了,442.483,1,16777215,2022-12-21 21:31:59,286091033,3,登革热/痤疮,工作细胞 第二季,886319522
我不做人了,382.838,1,16777215,2022-12-21 20:55:45,286091033,3,登革热/痤疮,工作细胞 第二季,886319522
肯德基细胞,272.609,1,16777215,2022-12-21 20:54:57,286091033,3,登革热/痤疮,工作细胞 第二季,886319522
不行啊，我的头发不多了，每一根都重要！,1159.268,1,16777215,2022-12-21 19:40:09,286091033,3,登革热/痤疮,工作细胞 第二季,886319522
这个音效哈哈哈哈好油！,1354.511,1,16777215,2022-12-21 19:30:16,286091033,3,登革热/痤疮,工作细胞 第二季,886319522
所以为啥干掉了一只别的就都被干掉了？,1321.455,1,16777215,2022-12-21 19:28:41,286091033,3,登革热/痤疮,工作细胞 第二季,886319522
也不靠神仙皇帝,894.564,1,16777215,2022-12-21 19:27:03,286091033,3,登革热/痤疮,工作细胞 第二季,886319522
死虫子,781.667,1,16777215,2022-12-21 19:25:28,286091033,3,登革热/痤疮,工作细胞 第二季,886319522
  白细胞是在洗澡吗？,1398.829,1,16777215,2022-12-21 17:14:46,286091033,3,登革热/痤疮,工作细胞 第二季,886319522
朗基努斯细胞,267.333,1,16777215,2022-12-21 17:12:31,286091033,3,登革热/痤疮,工作细胞 第二季,886319522
这是白细胞的文墓吗？？,977.602,1,16777215,2022-12-21 17:07:16,286091033,3,登革热/痤疮,工作细胞 第二季,886319522
好二,498.898,1,16777215,2022-12-21 16:54:08,286091033,3,登革热/痤疮,工作细胞 第二季,886319522
为了头发！！！！！！！！,1188.732,5,16777215,2022-12-21 16:10:07,286091033,3,登革热/痤疮,工作细胞 第二季,886319522
出现了！主角光环出现了！,901.943,1,16777215,2022-12-21 15:06:51,286091033,3,登革热/痤疮,工作细胞 第二季,886319522
这片大地！(雾）,475.659,1,16777215,2022-12-21 14:41:23,286091033,3,登革热/痤疮,工作细胞 第二季,886319522
蚊子的口味怎么变成气体了？,327.127,1,16777215,2022-12-21 14:27:17,286091033,3,登革热/痤疮,工作细胞 第二季,886319522
等等别 ，我头发还没洗 ,1355.067,1,16777215,2022-12-21 13:32:52,286091033,3,登革热/痤疮,工作细胞 第二季,886319522
反手就把白头发给摘了 ,1193.232,1,16777215,2022-12-21 13:29:55,286091033,3,登革热/痤疮,工作细胞 第二季,886319522
谜语人细胞,471.812,1,16777215,2022-12-21 12:39:09,286091033,3,登革热/痤疮,工作细胞 第二季,886319522
我以为这个是黑头白头，哈哈哈,784.57,1,16777215,2022-12-21 12:23:59,286091033,3,登革热/痤疮,工作细胞 第二季,886319522
脱发患者表示痛心！,1156.979,1,16777215,2022-12-21 11:08:49,286091033,3,登革热/痤疮,工作细胞 第二季,886319522
细胞是有极限哒，所以我不做细胞啦！红细胞！！！！！,380.163,1,16777215,2022-12-21 10:02:28,286091033,3,登革热/痤疮,工作细胞 第二季,886319522
然后我们再用指甲在包上掐十字………,623.193,5,15138834,2022-12-21 07:35:04,286091033,3,登革热/痤疮,工作细胞 第二季,886319522
痤疮，一生之敌,7.036,5,15138834,2022-12-20 23:12:25,286091033,3,登革热/痤疮,工作细胞 第二季,886319522
这个时候我们要做什么呢，先喊姐姐别啊救我然后狠狠把那些挑事细胞揍一顿…,453.999,1,16777215,2022-12-20 21:05:01,286091033,3,登革热/痤疮,工作细胞 第二季,886319522
洗头啊,0.943,5,13839654,2022-12-20 21:04:14,286091033,3,登革热/痤疮,工作细胞 第二季,886319522
谢谢，这个就不用解释了，体会的够多了,313.339,1,16777215,2022-12-20 21:02:06,286091033,3,登革热/痤疮,工作细胞 第二季,886319522
我不做细胞了！红血球！,383.244,5,16777215,2022-12-20 20:54:19,286091033,3,登革热/痤疮,工作细胞 第二季,886319522
……我好像从上网可到现在都没有洗过脸了（被自己震惊到了,939.324,1,16777215,2022-12-20 19:03:42,286091033,3,登革热/痤疮,工作细胞 第二季,886319522
毛母细胞：不，我是自由的！,996.745,5,16777215,2022-12-20 18:04:52,286091033,3,登革热/痤疮,工作细胞 第二季,886319522
SSK.j.\,151.172,1,16777215,2022-12-20 17:23:38,286091033,3,登革热/痤疮,工作细胞 第二季,886319522
无产细胞，哈哈哈哈,923.459,1,16777215,2022-12-20 16:52:56,286091033,3,登革热/痤疮,工作细胞 第二季,886319522
朗格汉斯细胞,296.804,1,16777215,2022-12-20 16:43:13,286091033,3,登革热/痤疮,工作细胞 第二季,886319522
优雅，太优雅了,265.319,5,16707842,2022-12-20 16:41:12,286091033,3,登革热/痤疮,工作细胞 第二季,886319522
朗大叔,295.163,1,16777215,2022-12-20 13:48:31,286091033,3,登革热/痤疮,工作细胞 第二季,886319522
哇！是触电的感觉~,80.079,1,16777215,2022-12-20 10:03:15,286091033,3,登革热/痤疮,工作细胞 第二季,886319522
脂溢性皮炎,1281.083,1,16777215,2022-12-19 20:41:23,286091033,3,登革热/痤疮,工作细胞 第二季,886319522
嗜碱性粒细胞是介导过敏反应的白细胞,481.51,1,16777215,2022-12-19 20:27:05,286091033,3,登革热/痤疮,工作细胞 第二季,886319522
对不住了，马上去洗脸,955.986,1,16777215,2022-12-19 17:56:30,286091033,3,登革热/痤疮,工作细胞 第二季,886319522
言出法随,287.642,1,8700107,2022-12-19 16:40:31,286091033,3,登革热/痤疮,工作细胞 第二季,886319522
为什么我体内的白细胞就放任不管了！！！,1026.422,1,16777215,2022-12-19 16:22:00,286091033,3,登革热/痤疮,工作细胞 第二季,886319522
白哥每次都好拼命啊 又是一身红,593.724,1,16777215,2022-12-19 15:27:24,286091033,3,登革热/痤疮,工作细胞 第二季,886319522
这帽子是开头捡的,1021.906,1,14811775,2022-12-19 15:18:13,286091033,3,登革热/痤疮,工作细胞 第二季,886319522
hso……,1186.698,5,16707842,2022-12-19 13:57:55,286091033,3,登革热/痤疮,工作细胞 第二季,886319522
什么朋克蚊子,323.25,1,16777215,2022-12-19 13:09:08,286091033,3,登革热/痤疮,工作细胞 第二季,886319522
我体内还有这么洋气的细胞,280.468,1,16777215,2022-12-19 12:25:26,286091033,3,登革热/痤疮,工作细胞 第二季,886319522
对不起我笑了,1218.283,1,16777215,2022-12-19 10:59:08,286091033,3,登革热/痤疮,工作细胞 第二季,886319522
别碰我头发啊！！！！！！,798.219,1,16777215,2022-12-19 10:45:58,286091033,3,登革热/痤疮,工作细胞 第二季,886319522
请这位身体的主人现在立刻去洗头！！,1135.959,1,16777215,2022-12-19 07:25:19,286091033,3,登革热/痤疮,工作细胞 第二季,886319522
噢~不爱干净的后果,942.199,1,16777215,2022-12-19 07:21:29,286091033,3,登革热/痤疮,工作细胞 第二季,886319522
就你让我掉头发是吧，就你是吧！！！！,773.119,1,16777215,2022-12-19 07:17:40,286091033,3,登革热/痤疮,工作细胞 第二季,886319522
我差点看成痔疮,839.632,1,16777215,2022-12-18 23:51:59,286091033,3,登革热/痤疮,工作细胞 第二季,886319522
快点去打激光啊快去！！！超皮秒或者飞梭！！！！,972.391,1,16777215,2022-12-18 22:15:12,286091033,3,登革热/痤疮,工作细胞 第二季,886319522
血小板贴贴,726.929,1,16777215,2022-12-18 19:38:34,286091033,3,登革热/痤疮,工作细胞 第二季,886319522
白哥！！！！,1313.319,1,16777215,2022-12-18 18:20:58,286091033,3,登革热/痤疮,工作细胞 第二季,886319522
这是火影忍者的天道配音吗？,465.32,1,16777215,2022-12-18 16:46:38,286091033,3,登革热/痤疮,工作细胞 第二季,886319522
我现在就去洗头,981.441,1,16777215,2022-12-18 15:32:24,286091033,3,登革热/痤疮,工作细胞 第二季,886319522
呜呜呜感谢保护了我的宝贝头发,911.444,1,16777215,2022-12-18 15:30:52,286091033,3,登革热/痤疮,工作细胞 第二季,886319522
头已经开始痒了,874.144,1,16777215,2022-12-18 15:29:20,286091033,3,登革热/痤疮,工作细胞 第二季,886319522
他都把伞打好了，快释放啊哈哈,513.681,1,16777215,2022-12-18 12:43:18,286091033,3,登革热/痤疮,工作细胞 第二季,886319522
官方说是个女孩子的身体,23.932,1,16777215,2022-12-18 11:14:38,286091033,3,登革热/痤疮,工作细胞 第二季,886319522
一根头发我不要了，别死啊,1171.165,1,16777215,2022-12-17 22:02:44,286091033,3,登革热/痤疮,工作细胞 第二季,886319522
好家伙，我的脸每天都是这样的吗,747.272,1,16777215,2022-12-17 21:59:00,286091033,3,登革热/痤疮,工作细胞 第二季,886319522
腿毛和腋毛不用保护的，我不需要,1365.121,1,16777215,2022-12-17 20:42:29,286091033,3,登革热/痤疮,工作细胞 第二季,886319522
是时候战争动员了白细胞们！乌拉！,1002.845,5,15138834,2022-12-17 20:35:08,286091033,3,登革热/痤疮,工作细胞 第二季,886319522
是你啊（核善）,844.657,1,16777215,2022-12-17 20:21:29,286091033,3,登革热/痤疮,工作细胞 第二季,886319522
不许扯我头发！！！！,1136.487,1,16777215,2022-12-17 19:51:38,286091033,3,登革热/痤疮,工作细胞 第二季,886319522
一個羽刃暴風卷死你,1078.152,1,16777215,2022-12-17 19:47:29,286091033,3,登革热/痤疮,工作细胞 第二季,886319522
上药，马上上药，我要给帅哥们增加外援,1084.172,1,16777215,2022-12-17 18:22:41,286091033,3,登革热/痤疮,工作细胞 第二季,886319522
这边注意他有主角光环。,892.327,1,16777215,2022-12-17 17:51:19,286091033,3,登革热/痤疮,工作细胞 第二季,886319522
一生之敌,319.353,1,16777215,2022-12-17 17:25:26,286091033,3,登革热/痤疮,工作细胞 第二季,886319522
神仙肯德基细胞23333,263.165,1,16777215,2022-12-17 16:44:35,286091033,3,登革热/痤疮,工作细胞 第二季,886319522
女主都没的,682.455,1,16646914,2022-12-17 15:56:59,286091033,3,登革热/痤疮,工作细胞 第二季,886319522
最恨你小子！,856.463,1,16777215,2022-12-17 13:42:12,286091033,3,登革热/痤疮,工作细胞 第二季,886319522
必出事！！！！,28.67,1,16777215,2022-12-17 13:06:37,286091033,3,登革热/痤疮,工作细胞 第二季,886319522
痔疮？！,5.606,1,16777215,2022-12-17 13:06:14,286091033,3,登革热/痤疮,工作细胞 第二季,886319522
emmm激光脱毛了,772.669,1,16777215,2022-12-17 12:52:07,286091033,3,登革热/痤疮,工作细胞 第二季,886319522
明天就去洗头呜呜呜,946.522,5,41194,2022-12-16 20:48:44,286091033,3,登革热/痤疮,工作细胞 第二季,886319522
不是哥们儿你路走窄了，这可是主角,980.925,1,16777215,2022-12-16 20:14:18,286091033,3,登革热/痤疮,工作细胞 第二季,886319522
寻麻疹……,49.576,1,16777215,2022-12-16 18:28:09,286091033,3,登革热/痤疮,工作细胞 第二季,886319522
香菜姐姐是谁,631.332,1,16777215,2022-12-16 14:11:02,286091033,3,登革热/痤疮,工作细胞 第二季,886319522
生动形象,11.433,1,16777215,2022-12-16 09:08:30,286091033,3,登革热/痤疮,工作细胞 第二季,886319522
所以大油田是因为你,775.068,1,16777215,2022-12-16 06:12:01,286091033,3,登革热/痤疮,工作细胞 第二季,886319522
快洗头！！！,1009.031,1,16777215,2022-12-16 00:13:55,286091033,3,登革热/痤疮,工作细胞 第二季,886319522
老爷子好帅！,289.084,1,16777215,2022-12-15 23:48:07,286091033,3,登革热/痤疮,工作细胞 第二季,886319522
发脓了不是就可以挤掉了吗,1163.12,5,16777215,2022-12-15 20:47:22,286091033,3,登革热/痤疮,工作细胞 第二季,886319522
我恨,860.042,1,14811775,2022-12-15 18:22:18,286091033,3,登革热/痤疮,工作细胞 第二季,886319522
肯德基细胞,265.259,1,16777215,2022-12-15 17:44:48,286091033,3,登革热/痤疮,工作细胞 第二季,886319522
半根都不能掉，每根毛发都是我的心尖肉,1155.389,1,16777215,2022-12-15 16:30:06,286091033,3,登革热/痤疮,工作细胞 第二季,886319522
这是？黑精！,1404.73,1,16777215,2022-12-14 23:27:08,286091033,3,登革热/痤疮,工作细胞 第二季,886319522
过敏咯,199.316,1,16777215,2022-12-14 23:06:42,286091033,3,登革热/痤疮,工作细胞 第二季,886319522
我也看错了,60.157,1,16777215,2022-12-14 22:39:42,286091033,3,登革热/痤疮,工作细胞 第二季,886319522
长老——,759.912,1,16777215,2022-12-14 20:43:37,286091033,3,登革热/痤疮,工作细胞 第二季,886319522
7、、,543.862,1,16777215,2022-12-12 23:25:32,286091033,3,登革热/痤疮,工作细胞 第二季,886319522
恒 温 动 物 公 敌,319.933,1,16777215,2022-12-12 22:12:32,286091033,3,登革热/痤疮,工作细胞 第二季,886319522
镀  金  阶  段  白  哥,1345.02,1,16777215,2022-12-12 09:19:47,286091033,3,登革热/痤疮,工作细胞 第二季,886319522
我帮你从外面给他扎了，嚣张！！！,1038.162,1,16777215,2022-12-12 02:15:30,286091033,3,登革热/痤疮,工作细胞 第二季,886319522
雷霆塔,1108.58,5,16646914,2022-12-11 16:20:58,286091033,3,登革热/痤疮,工作细胞 第二季,886319522
不！一根也不能少！！！,1005.077,1,16777215,2022-12-11 15:17:29,286091033,3,登革热/痤疮,工作细胞 第二季,886319522
哈哈哈哈楼上的笑死了,594.01,1,6830715,2022-12-11 14:17:05,286091033,3,登革热/痤疮,工作细胞 第二季,886319522
好可爱的白哥！,1393.661,1,16777215,2022-12-10 21:47:16,286091033,3,登革热/痤疮,工作细胞 第二季,886319522
儿女双全，女儿血小板，儿子毛母细胞,1379.325,1,16777215,2022-12-10 21:46:36,286091033,3,登革热/痤疮,工作细胞 第二季,886319522
玩球了，这很官方,535.257,1,16777215,2022-12-10 18:31:56,286091033,3,登革热/痤疮,工作细胞 第二季,886319522
中二细胞,470.485,1,16777215,2022-12-10 18:30:31,286091033,3,登革热/痤疮,工作细胞 第二季,886319522
啊吧,75.226,1,16777215,2022-12-10 17:55:35,286091033,3,登革热/痤疮,工作细胞 第二季,886319522
中二细胞,493.124,1,16777215,2022-12-10 16:56:59,286091033,3,登革热/痤疮,工作细胞 第二季,886319522
红姐：夫危     速来,1056.75,1,16777215,2022-12-10 09:53:09,286091033,3,登革热/痤疮,工作细胞 第二季,886319522
出现了田中眼蛇梦细胞！,472.57,1,16777215,2022-12-09 15:00:44,286091033,3,登革热/痤疮,工作细胞 第二季,886319522
细节：已经撑伞了,510.526,1,16777215,2022-12-09 12:59:22,286091033,3,登革热/痤疮,工作细胞 第二季,886319522
心理治疗师,490.276,1,16777215,2022-12-08 20:05:01,286091033,3,登革热/痤疮,工作细胞 第二季,886319522
变身？,397.389,1,16777215,2022-12-08 20:03:28,286091033,3,登革热/痤疮,工作细胞 第二季,886319522
痔   疮   杆   菌,852.116,5,15138834,2022-12-07 16:19:41,286091033,3,登革热/痤疮,工作细胞 第二季,886319522
痔     疮,726.094,5,41194,2022-12-07 16:17:26,286091033,3,登革热/痤疮,工作细胞 第二季,886319522
原来是痤疮，我还以为是痔疮,750.555,1,16777215,2022-12-07 14:24:06,286091033,3,登革热/痤疮,工作细胞 第二季,886319522
血小板：6,321.303,1,16777215,2022-12-07 14:11:45,286091033,3,登革热/痤疮,工作细胞 第二季,886319522
天时不如地利地利不如人和,1249.008,1,16777215,2022-12-07 12:11:22,286091033,3,登革热/痤疮,工作细胞 第二季,886319522
优雅    非常优雅,265.096,1,16777215,2022-12-07 11:52:48,286091033,3,登革热/痤疮,工作细胞 第二季,886319522
草，已经开始打蚊子了,305.98,1,16777215,2022-12-06 23:32:24,286091033,3,登革热/痤疮,工作细胞 第二季,886319522
游龙当归海，海不迎我自来也,1308.363,1,16777215,2022-12-05 22:36:00,286091033,3,登革热/痤疮,工作细胞 第二季,886319522
阿巴巴巴。。。。。。,294.248,1,6830715,2022-12-05 21:29:32,286091033,3,登革热/痤疮,工作细胞 第二季,886319522
爷的血小板啊,640.441,5,41194,2022-12-05 16:03:17,286091033,3,登革热/痤疮,工作细胞 第二季,886319522
铁    扇    王    子,415.015,5,38979,2022-12-05 08:13:27,286091033,3,登革热/痤疮,工作细胞 第二季,886319522
冬月老师！,286.771,1,16777215,2022-12-05 01:24:48,286091033,3,登革热/痤疮,工作细胞 第二季,886319522
踏仙君:本座也是你能说的？（核善）,1116.705,1,16777215,2022-12-04 00:51:46,286091033,3,登革热/痤疮,工作细胞 第二季,886319522
原来就是你小子,861.379,1,16777215,2022-12-04 00:46:19,286091033,3,登革热/痤疮,工作细胞 第二季,886319522
中二细胞:为什么会出现你先别管，先听我说,481.839,1,16777215,2022-12-04 00:39:29,286091033,3,登革热/痤疮,工作细胞 第二季,886319522
面具指导:钟馗,393.124,1,16777215,2022-12-04 00:37:43,286091033,3,登革热/痤疮,工作细胞 第二季,886319522
又又又又又又,202.384,1,16777215,2022-12-04 00:34:16,286091033,3,登革热/痤疮,工作细胞 第二季,886319522
白哥快替天行道！！！！,1290.685,1,16777215,2022-12-04 00:27:53,286091033,3,登革热/痤疮,工作细胞 第二季,886319522
这是某个人要用酒精洗脸······,1160.487,1,16777215,2022-12-03 20:08:01,286091033,3,登革热/痤疮,工作细胞 第二季,886319522
不要搞爷的头发！！！！！！！！！！！（本来就不多了）,785.524,1,16777215,2022-12-03 18:21:11,286091033,3,登革热/痤疮,工作细胞 第二季,886319522
速归速归白哥！妻危！,340.962,1,16777215,2022-12-03 13:17:28,286091033,3,登革热/痤疮,工作细胞 第二季,886319522
香菜你开心就好,177.604,1,16777215,2022-12-03 12:53:59,286091033,3,登革热/痤疮,工作细胞 第二季,886319522
就用你的血吧！红血球！！,385.028,5,15138834,2022-12-03 10:54:54,286091033,3,登革热/痤疮,工作细胞 第二季,886319522
我不做细胞了！！白血球！！！,381.088,1,16777215,2022-12-03 10:54:17,286091033,3,登革热/痤疮,工作细胞 第二季,886319522
墨燃：嗯？！,1118.062,1,16777215,2022-12-02 20:18:46,286091033,3,登革热/痤疮,工作细胞 第二季,886319522
感谢白哥，保住了我的头发！,810.275,1,16777215,2022-12-02 19:48:12,286091033,3,登革热/痤疮,工作细胞 第二季,886319522
于是，长老成了新的霸王,1267.427,1,16765698,2022-12-02 15:29:09,286091033,3,登革热/痤疮,工作细胞 第二季,886319522
所以刚才被吹飞那个寸头小哥没了是吗,656.25,1,16765698,2022-12-02 15:18:30,286091033,3,登革热/痤疮,工作细胞 第二季,886319522
行为指导：石鬼面,382.309,1,16777215,2022-12-02 15:13:21,286091033,3,登革热/痤疮,工作细胞 第二季,886319522
歇斯底里saber,219.988,5,14811775,2022-12-02 12:51:00,286091033,3,登革热/痤疮,工作细胞 第二季,886319522
默默拿起药膏,1071.123,1,16777215,2022-12-01 17:25:13,286091033,3,登革热/痤疮,工作细胞 第二季,886319522
我靠，马上去洗脸,939.174,1,16777215,2022-12-01 02:08:29,286091033,3,登革热/痤疮,工作细胞 第二季,886319522
不准伤害我的头发!,774.182,1,16777215,2022-12-01 02:05:35,286091033,3,登革热/痤疮,工作细胞 第二季,886319522
咋就你一个红细胞逃过一劫,360.4,1,16777215,2022-12-01 01:58:22,286091033,3,登革热/痤疮,工作细胞 第二季,886319522
我也以为是痔疮……,11.323,1,16777215,2022-12-01 01:53:37,286091033,3,登革热/痤疮,工作细胞 第二季,886319522
看来它不识数，你倒是抽100下啊,1039.513,1,16777215,2022-11-29 21:30:17,286091033,3,登革热/痤疮,工作细胞 第二季,886319522
嗜酸性妹妹真的很可爱啊,493.352,1,16777215,2022-11-29 21:21:37,286091033,3,登革热/痤疮,工作细胞 第二季,886319522
那个把狼带进去的，过分了啊，白哥怎么可以和屠户相提并论呢……,1299.564,5,16777215,2022-11-29 17:08:53,286091033,3,登革热/痤疮,工作细胞 第二季,886319522
外卖员可还行,30.338,1,16777215,2022-11-29 17:00:13,286091033,3,登革热/痤疮,工作细胞 第二季,886319522
克 洛 格 的 团 扇,399.774,5,38979,2022-11-27 12:37:49,286091033,3,登革热/痤疮,工作细胞 第二季,886319522
心     肺     骤     停,313.988,5,15138834,2022-11-27 12:30:58,286091033,3,登革热/痤疮,工作细胞 第二季,886319522
想打了,323.505,1,16777215,2022-11-26 22:09:08,286091033,3,登革热/痤疮,工作细胞 第二季,886319522
不不不，长老请不要这样说一根头发对于我们来讲也是很珍贵的。,1170.663,1,16777215,2022-11-26 22:00:51,286091033,3,登革热/痤疮,工作细胞 第二季,886319522
麻       婆,474.684,1,16777215,2022-11-26 19:50:11,286091033,3,登革热/痤疮,工作细胞 第二季,886319522
毛囊炎 ,737.045,5,16777215,2022-11-26 15:01:24,286091033,3,登革热/痤疮,工作细胞 第二季,886319522
蚊子害得我得了脚气,643.061,5,16777215,2022-11-26 15:00:25,286091033,3,登革热/痤疮,工作细胞 第二季,886319522
v50细胞,271.831,1,16777215,2022-11-26 14:20:00,286091033,3,登革热/痤疮,工作细胞 第二季,886319522
我不做细胞了！人类,385.221,1,16777215,2022-11-25 23:17:31,286091033,3,登革热/痤疮,工作细胞 第二季,886319522
zhi,629.161,1,16777215,2022-11-25 20:39:57,286091033,3,登革热/痤疮,工作细胞 第二季,886319522
好家伙，原来是你小子害我长痘,865.042,1,16777215,2022-11-24 23:23:00,286091033,3,登革热/痤疮,工作细胞 第二季,886319522
呼叫夫西地酸，阿帕达林。过氧苯甲酰。,862.464,5,15138834,2022-11-24 09:30:02,286091033,3,登革热/痤疮,工作细胞 第二季,886319522
不可能的哈哈哈哈,1148.438,1,9487136,2022-11-24 00:10:44,286091033,3,登革热/痤疮,工作细胞 第二季,886319522
肯——德——基——老——爷——爷——,578.855,1,16777215,2022-11-22 23:51:46,286091033,3,登革热/痤疮,工作细胞 第二季,886319522
求求了别长痘了,774.301,1,16777215,2022-11-22 13:49:11,286091033,3,登革热/痤疮,工作细胞 第二季,886319522
为什么非要把血小板说成男的,1363.559,1,16777215,2022-11-22 11:39:27,286091033,3,登革热/痤疮,工作细胞 第二季,886319522
大女儿血小板,1361.38,1,16777215,2022-11-22 11:39:06,286091033,3,登革热/痤疮,工作细胞 第二季,886319522
这些细胞和前几集被感染的细胞都很无辜啊,416.548,1,16777215,2022-11-22 11:04:03,286091033,3,登革热/痤疮,工作细胞 第二季,886319522
中二细胞是你,466.172,1,16777215,2022-11-21 09:44:32,286091033,3,登革热/痤疮,工作细胞 第二季,886319522
阿祖收手吧,424.593,1,16777215,2022-11-21 09:43:44,286091033,3,登革热/痤疮,工作细胞 第二季,886319522
vivo50,258.963,1,16777215,2022-11-21 09:40:27,286091033,3,登革热/痤疮,工作细胞 第二季,886319522
对不起,955.561,1,16777215,2022-11-20 19:09:58,286091033,3,登革热/痤疮,工作细胞 第二季,886319522
白——哥——,894.629,1,16777215,2022-11-20 13:53:12,286091033,3,登革热/痤疮,工作细胞 第二季,886319522
优雅，实在是太优雅了,275.237,1,16777215,2022-11-20 11:46:05,286091033,3,登革热/痤疮,工作细胞 第二季,886319522
树突状细胞的能力是有限的，所以，我不当树突状细胞了，血细胞!!!,382.883,1,15138834,2022-11-20 00:11:12,286091033,3,登革热/痤疮,工作细胞 第二季,886319522
脂溢性脱发跟毛囊炎,755.6,1,16777215,2022-11-19 14:57:05,286091033,3,登革热/痤疮,工作细胞 第二季,886319522
还以为要拿刺把菌扎死（乐,1247.692,5,15138834,2022-11-19 07:16:07,286091033,3,登革热/痤疮,工作细胞 第二季,886319522
白细胞再流红细胞！！！,1003.898,1,16777215,2022-11-19 07:11:05,286091033,3,登革热/痤疮,工作细胞 第二季,886319522
香菜辛苦了,164.517,1,16777215,2022-11-19 02:46:49,286091033,3,登革热/痤疮,工作细胞 第二季,886319522
别动老娘的头发,786.166,1,16777215,2022-11-18 15:03:09,286091033,3,登革热/痤疮,工作细胞 第二季,886319522
红红我不做细胞了,384.616,1,16777215,2022-11-17 19:35:08,286091033,3,登革热/痤疮,工作细胞 第二季,886319522
白哥！,1199.892,1,16777215,2022-11-16 15:26:48,286091033,3,登革热/痤疮,工作细胞 第二季,886319522
好帅，白,1.046,1,13839654,2022-11-16 09:05:05,286091033,3,登革热/痤疮,工作细胞 第二季,886319522
说人话,0.725,1,13839654,2022-11-16 09:00:48,286091033,3,登革热/痤疮,工作细胞 第二季,886319522
快点吧，我快完蛋了,0.491,1,13839654,2022-11-16 08:55:22,286091033,3,登革热/痤疮,工作细胞 第二季,886319522
完了不敢拔头发了,773.798,1,16777215,2022-11-15 23:18:21,286091033,3,登革热/痤疮,工作细胞 第二季,886319522
这是光月之桃之助爷爷，光月寿喜烧的面具,372.398,1,16777215,2022-11-15 20:10:30,286091033,3,登革热/痤疮,工作细胞 第二季,886319522
还我头发!,776.893,1,16777215,2022-11-15 19:06:43,286091033,3,登革热/痤疮,工作细胞 第二季,886319522
就是你是吧让我没头发,782.055,1,16777215,2022-11-15 10:52:43,286091033,3,登革热/痤疮,工作细胞 第二季,886319522
白细胞,1238.452,1,16777215,2022-11-14 20:41:35,286091033,3,登革热/痤疮,工作细胞 第二季,886319522
白哥,354.344,1,16777215,2022-11-14 11:29:57,286091033,3,登革热/痤疮,工作细胞 第二季,886319522
迪奥行为,380.391,1,16777215,2022-11-14 06:50:02,286091033,3,登革热/痤疮,工作细胞 第二季,886319522
这才听出一期声线,655.986,1,16777215,2022-11-13 19:33:43,286091033,3,登革热/痤疮,工作细胞 第二季,886319522
我去，一期哥也客串了！？,1332.053,1,16777215,2022-11-13 19:27:26,286091033,3,登革热/痤疮,工作细胞 第二季,886319522
这是白血球开头捡到的去世的白细胞遗留的帽子呀,1020.038,1,16707842,2022-11-13 12:44:55,286091033,3,登革热/痤疮,工作细胞 第二季,886319522
大概是螨虫,746.786,1,16777215,2022-11-13 06:02:30,286091033,3,登革热/痤疮,工作细胞 第二季,886319522
俗称：长痘,847.23,1,16777215,2022-11-12 22:01:49,286091033,3,登革热/痤疮,工作细胞 第二季,886319522
说人话：快放组织胺,518.318,5,16707842,2022-11-12 17:37:07,286091033,3,登革热/痤疮,工作细胞 第二季,886319522
可爱,1393.704,1,16777215,2022-11-12 15:50:41,286091033,3,登革热/痤疮,工作细胞 第二季,886319522
惨哦,55.638,1,16777215,2022-11-12 15:35:42,286091033,3,登革热/痤疮,工作细胞 第二季,886319522
没事，我这就用红霉素软膏,1026.669,1,16777215,2022-11-12 14:06:50,286091033,3,登革热/痤疮,工作细胞 第二季,886319522
看成了痔疮哈哈哈哈哈,748.744,1,16777215,2022-11-10 14:39:32,286091033,3,登革热/痤疮,工作细胞 第二季,886319522
朗格汉斯细胞,298.416,1,16777215,2022-11-10 12:52:16,286091033,3,登革热/痤疮,工作细胞 第二季,886319522
你脸红个什么劲,675.746,1,16777215,2022-11-09 23:31:31,286091033,3,登革热/痤疮,工作细胞 第二季,886319522
白哥,914.093,1,13369971,2022-11-09 18:31:24,286091033,3,登革热/痤疮,工作细胞 第二季,886319522
益达，笑出强大,598.397,5,13369971,2022-11-09 18:26:07,286091033,3,登革热/痤疮,工作细胞 第二季,886319522
标题看成痔疮,1.434,5,13369971,2022-11-09 18:15:36,286091033,3,登革热/痤疮,工作细胞 第二季,886319522
可恶的蚊子,46.368,1,16777215,2022-11-09 16:28:51,286091033,3,登革热/痤疮,工作细胞 第二季,886319522
这两个都不是一个级别的呀,28.647,1,16777215,2022-11-09 16:28:24,286091033,3,登革热/痤疮,工作细胞 第二季,886319522
哈哈哈哈哈,383.459,1,16777215,2022-11-09 00:24:16,286091033,3,登革热/痤疮,工作细胞 第二季,886319522
看成了痔疮是不是没救了,5.119,1,16777215,2022-11-09 00:20:28,286091033,3,登革热/痤疮,工作细胞 第二季,886319522
突然惨烈,981.586,1,16777215,2022-11-08 17:09:14,286091033,3,登革热/痤疮,工作细胞 第二季,886319522
这哥还能不能活,3.919,1,16777215,2022-11-07 23:04:49,286091033,3,登革热/痤疮,工作细胞 第二季,886319522
原来是你小子（子弹上膛）,856.341,1,16776960,2022-11-07 10:49:43,286091033,3,登革热/痤疮,工作细胞 第二季,886319522
好家伙，爷一直以为是痔疮,841.37,1,16646914,2022-11-06 20:43:19,286091033,3,登革热/痤疮,工作细胞 第二季,886319522
吓的我感觉洗了个脸,985.658,1,16777215,2022-11-05 19:51:32,286091033,3,登革热/痤疮,工作细胞 第二季,886319522
U—5399号收到！,1019.119,5,15138834,2022-11-04 15:42:40,286091033,3,登革热/痤疮,工作细胞 第二季,886319522
痤疮,730.279,5,15138834,2022-11-04 15:34:38,286091033,3,登革热/痤疮,工作细胞 第二季,886319522
就是你害得劳资长痘？！,849.893,5,16777215,2022-11-04 13:28:10,286091033,3,登革热/痤疮,工作细胞 第二季,886319522
白哥日常扛刀,910.29,1,16777215,2022-11-04 12:01:56,286091033,3,登革热/痤疮,工作细胞 第二季,886319522
不，这是珍贵的东西,1158.232,1,16777215,2022-11-04 10:41:52,286091033,3,登革热/痤疮,工作细胞 第二季,886319522
记忆细胞：“世界要毁灭了！”,423.99,1,16777215,2022-11-04 10:11:10,286091033,3,登革热/痤疮,工作细胞 第二季,886319522
这身体到底得过多少大病！,169.633,1,16777215,2022-11-04 09:49:22,286091033,3,登革热/痤疮,工作细胞 第二季,886319522
怪不得有时候会这么大,453.234,1,16777215,2022-11-04 01:15:26,286091033,3,登革热/痤疮,工作细胞 第二季,886319522
挤了就完事,910.737,1,16777215,2022-11-03 20:04:19,286091033,3,登革热/痤疮,工作细胞 第二季,886319522
白哥你舅宠着她吧,684.003,5,15138834,2022-11-02 15:55:08,286091033,3,登革热/痤疮,工作细胞 第二季,886319522
为啥就感染这种细胞啊？,404.45,1,16777215,2022-11-01 22:10:16,286091033,3,登革热/痤疮,工作细胞 第二季,886319522
这得多久不洗呐……,1007.527,1,16777215,2022-10-31 22:56:35,286091033,3,登革热/痤疮,工作细胞 第二季,886319522
哈哈哈哈哈,1.287,5,4429133,2022-10-31 12:35:18,286091033,3,登革热/痤疮,工作细胞 第二季,886319522
一根头发也是头发呜呜呜,1165.187,1,16777215,2022-10-30 15:35:34,286091033,3,登革热/痤疮,工作细胞 第二季,886319522
谢谢你嗜碱性粒细胞。。。。,472.927,1,16777215,2022-10-30 15:23:55,286091033,3,登革热/痤疮,工作细胞 第二季,886319522
这不就挤出来,1271.236,1,16777215,2022-10-30 04:01:41,286091033,3,登革热/痤疮,工作细胞 第二季,886319522
愉悦吧，少年,704.498,1,16777215,2022-10-29 19:29:23,286091033,3,登革热/痤疮,工作细胞 第二季,886319522
过敏？要抗组胺了？？,36.998,5,16646914,2022-10-29 19:21:30,286091033,3,登革热/痤疮,工作细胞 第二季,886319522
这种精神的细胞头上多来点 腿上不要来,1208.699,1,16777215,2022-10-29 15:13:45,286091033,3,登革热/痤疮,工作细胞 第二季,886319522
小男孩细胞（）,754.961,1,16777215,2022-10-29 15:07:30,286091033,3,登革热/痤疮,工作细胞 第二季,886319522
电锯人,322.455,5,15138834,2022-10-28 22:19:58,286091033,3,登革热/痤疮,工作细胞 第二季,886319522
电锯人,318.782,5,15138834,2022-10-28 22:19:41,286091033,3,登革热/痤疮,工作细胞 第二季,886319522
反派死于话太多。,789.349,1,16777215,2022-10-28 12:26:17,286091033,3,登革热/痤疮,工作细胞 第二季,886319522
你可能离开除不远了。,460.368,1,16777215,2022-10-28 12:20:18,286091033,3,登革热/痤疮,工作细胞 第二季,886319522
这就去洗头！！！！,952.404,5,15138834,2022-10-27 21:57:09,286091033,3,登革热/痤疮,工作细胞 第二季,886319522
两个帽子？,1354.24,1,16777215,2022-10-27 21:04:05,286091033,3,登革热/痤疮,工作细胞 第二季,886319522
托雷基亚,382.078,5,16776960,2022-10-27 10:25:22,286091033,3,登革热/痤疮,工作细胞 第二季,886319522
以    帽    取    人,1391.333,5,15138834,2022-10-25 11:24:47,286091033,3,登革热/痤疮,工作细胞 第二季,886319522
这辈子只能坐一次的过山车,1072.921,1,16777215,2022-10-23 21:48:25,286091033,3,登革热/痤疮,工作细胞 第二季,886319522
要么你还是走吧，毕竟他是带着主角光环的人,1047.721,1,16777215,2022-10-23 21:47:52,286091033,3,登革热/痤疮,工作细胞 第二季,886319522
这可不是普通的毛孔，这是王维诗里面的毛孔,831.14,1,16777215,2022-10-23 21:43:42,286091033,3,登革热/痤疮,工作细胞 第二季,886319522
！！！！,1212.689,1,16777215,2022-10-22 14:20:43,286091033,3,登革热/痤疮,工作细胞 第二季,886319522
哀家长头发啦！,1226.282,1,16707842,2022-10-22 12:41:45,286091033,3,登革热/痤疮,工作细胞 第二季,886319522
动作指导：沙丘,1074.94,1,16777215,2022-10-21 22:38:23,286091033,3,登革热/痤疮,工作细胞 第二季,886319522
谢谢刚洗完头回来,984.158,1,16777215,2022-10-21 18:52:49,286091033,3,登革热/痤疮,工作细胞 第二季,886319522
看戏三人组,581.586,1,16777215,2022-10-21 17:06:28,286091033,3,登革热/痤疮,工作细胞 第二季,886319522
细胞王我当定了！,1005.575,1,15138834,2022-10-21 16:48:35,286091033,3,登革热/痤疮,工作细胞 第二季,886319522
我不做细胞啦！身体！,377.683,1,16777215,2022-10-21 13:50:02,286091033,3,登革热/痤疮,工作细胞 第二季,886319522
那为什么感染的时候我不知道,279.364,1,16777215,2022-10-21 04:49:54,286091033,3,登革热/痤疮,工作细胞 第二季,886319522
登革热能自愈吗？,3.339,1,16777215,2022-10-21 04:45:50,286091033,3,登革热/痤疮,工作细胞 第二季,886319522
帅哥你谁！！！！,475.025,1,16777215,2022-10-21 00:55:28,286091033,3,登革热/痤疮,工作细胞 第二季,886319522
盖提亚和谜之女主角X,472.346,5,52480,2022-10-20 23:19:02,286091033,3,登革热/痤疮,工作细胞 第二季,886319522
狮吼功,226.98,1,16777215,2022-10-20 12:35:13,286091033,3,登革热/痤疮,工作细胞 第二季,886319522
白——哥——们——,984.116,1,16777215,2022-10-20 11:08:53,286091033,3,登革热/痤疮,工作细胞 第二季,886319522
啊叭叭叭叭叭叭叭叭叭叭叭叭叭叭叭,67.045,1,16777215,2022-10-19 23:54:01,286091033,3,登革热/痤疮,工作细胞 第二季,886319522
啊笑死我了,70.95,1,16777215,2022-10-19 23:52:46,286091033,3,登革热/痤疮,工作细胞 第二季,886319522
啊哒哒哒哒哒哒哒哒,68.882,1,16777215,2022-10-19 23:50:16,286091033,3,登革热/痤疮,工作细胞 第二季,886319522
真·电音,67.001,1,16777215,2022-10-19 23:48:48,286091033,3,登革热/痤疮,工作细胞 第二季,886319522
中毒了,67.001,1,16777215,2022-10-19 23:48:17,286091033,3,登革热/痤疮,工作细胞 第二季,886319522
奇妙变身梦想成真,383.656,1,14811775,2022-10-19 20:56:27,286091033,3,登革热/痤疮,工作细胞 第二季,886319522
文立,303.955,1,14811775,2022-10-19 20:54:27,286091033,3,登革热/痤疮,工作细胞 第二季,886319522
ほい,295.933,1,14811775,2022-10-19 20:54:11,286091033,3,登革热/痤疮,工作细胞 第二季,886319522
肯德基爷爷真优雅,279.805,1,14811775,2022-10-19 20:53:46,286091033,3,登革热/痤疮,工作细胞 第二季,886319522
角まして,258.387,1,14811775,2022-10-19 20:52:45,286091033,3,登革热/痤疮,工作细胞 第二季,886319522
细胞说因为我没有吃到露天餐厅的空气,218.45,1,14811775,2022-10-19 20:51:07,286091033,3,登革热/痤疮,工作细胞 第二季,886319522
暴力的锯齿细胞,106.322,1,14811775,2022-10-19 20:46:50,286091033,3,登革热/痤疮,工作细胞 第二季,886319522
又是可爱的血桥板,93.864,1,14811775,2022-10-19 20:46:27,286091033,3,登革热/痤疮,工作细胞 第二季,886319522
祖传开头,89.597,1,14811775,2022-10-19 20:46:12,286091033,3,登革热/痤疮,工作细胞 第二季,886319522
wc,75.005,1,14811775,2022-10-19 20:45:49,286091033,3,登革热/痤疮,工作细胞 第二季,886319522
触电三件套,64.509,1,14811775,2022-10-19 20:45:25,286091033,3,登革热/痤疮,工作细胞 第二季,886319522
祖传开头,0.765,1,14811775,2022-10-19 20:43:48,286091033,3,登革热/痤疮,工作细胞 第二季,886319522
草，敌人泉水打架,1139.794,1,16777215,2022-10-19 11:59:08,286091033,3,登革热/痤疮,工作细胞 第二季,886319522
前面说了是在头顶，不是头发难道是鼻毛吗？,1283.365,1,16777215,2022-10-18 03:32:58,286091033,3,登革热/痤疮,工作细胞 第二季,886319522
大家该吃药还是要吃药，异维a酸控油可太好了,1053.9,1,16777215,2022-10-17 12:41:11,286091033,3,登革热/痤疮,工作细胞 第二季,886319522
痤疮真的主要原因就是油。异维a酸为一线药物,748.332,1,16777215,2022-10-17 12:36:16,286091033,3,登革热/痤疮,工作细胞 第二季,886319522
请你好好的长在我的头上，谢谢你,1362.79,1,8700107,2022-10-16 17:09:14,286091033,3,登革热/痤疮,工作细胞 第二季,886319522
天时不如地利，地利不如人和,1142.977,1,9487136,2022-10-16 17:00:11,286091033,3,登革热/痤疮,工作细胞 第二季,886319522
白哥！！！！！！,893.87,1,16777215,2022-10-16 16:50:53,286091033,3,登革热/痤疮,工作细胞 第二季,886319522
录音棚里欢乐多,92.65,1,16777215,2022-10-16 16:12:48,286091033,3,登革热/痤疮,工作细胞 第二季,886319522
风遁。大于破,424.429,1,16777215,2022-10-16 15:48:50,286091033,3,登革热/痤疮,工作细胞 第二季,886319522
发生甚么事啦？,62.561,1,16777215,2022-10-16 14:51:40,286091033,3,登革热/痤疮,工作细胞 第二季,886319522
我想笑,1353.041,1,16777215,2022-10-16 11:34:37,286091033,3,登革热/痤疮,工作细胞 第二季,886319522
王招菌,675.999,1,16777215,2022-10-15 11:04:29,286091033,3,登革热/痤疮,工作细胞 第二季,886319522
石鬼面,382.574,1,16777215,2022-10-14 21:44:24,286091033,3,登革热/痤疮,工作细胞 第二季,886319522
鳞隆：我面具呢,378.819,1,16777215,2022-10-14 21:44:15,286091033,3,登革热/痤疮,工作细胞 第二季,886319522
你小子，原来是你,870.002,1,16777215,2022-10-14 16:56:25,286091033,3,登革热/痤疮,工作细胞 第二季,886319522
感谢白哥救我头发,835.61,1,16777215,2022-10-14 16:55:31,286091033,3,登革热/痤疮,工作细胞 第二季,886319522
这具身体怎么老生病,725.568,1,16777215,2022-10-13 22:52:50,286091033,3,登革热/痤疮,工作细胞 第二季,886319522
动作指导：抱脸虫,380.029,1,16777215,2022-10-12 19:31:27,286091033,3,登革热/痤疮,工作细胞 第二季,886319522
阿祖？,393.006,1,16777215,2022-10-12 12:37:35,286091033,3,登革热/痤疮,工作细胞 第二季,886319522
花泽香菜,18.39,1,16777215,2022-10-12 12:33:24,286091033,3,登革热/痤疮,工作细胞 第二季,886319522
动作指导：卡兹,383.381,1,6830715,2022-10-11 19:45:59,286091033,3,登革热/痤疮,工作细胞 第二季,886319522
石鬼面,384.756,1,16777215,2022-10-11 12:45:44,286091033,3,登革热/痤疮,工作细胞 第二季,886319522
完结撒花,1327.999,1,15138834,2022-10-10 22:59:28,286091033,3,登革热/痤疮,工作细胞 第二季,886319522
倒是不会现在就化成脓水,1167.748,1,16777215,2022-10-09 22:13:26,286091033,3,登革热/痤疮,工作细胞 第二季,886319522
他可是男主,1160.123,1,16777215,2022-10-09 22:12:41,286091033,3,登革热/痤疮,工作细胞 第二季,886319522
感觉到他说的话好像只有嗜酸性细胞听得懂,583.244,1,16777215,2022-10-08 23:40:37,286091033,3,登革热/痤疮,工作细胞 第二季,886319522
白哥油乎乎的了,1336.753,1,16777215,2022-10-08 20:28:52,286091033,3,登革热/痤疮,工作细胞 第二季,886319522
伞坏了,704.456,1,16777215,2022-10-08 20:17:22,286091033,3,登革热/痤疮,工作细胞 第二季,886319522
蚊子啊,304.66,1,16777215,2022-10-08 20:10:16,286091033,3,登革热/痤疮,工作细胞 第二季,886319522
转职,1031.734,1,16777215,2022-10-08 18:08:29,286091033,3,登革热/痤疮,工作细胞 第二季,886319522
智者形象,259.584,1,16777215,2022-10-08 01:47:02,286091033,3,登革热/痤疮,工作细胞 第二季,886319522
田丸？,23.026,1,16777215,2022-10-08 01:41:38,286091033,3,登革热/痤疮,工作细胞 第二季,886319522
萎了,1394.619,5,6830715,2022-10-08 01:26:09,286091033,3,登革热/痤疮,工作细胞 第二季,886319522
原来就是你让我长痘！,850.364,5,16777215,2022-10-07 20:35:25,286091033,3,登革热/痤疮,工作细胞 第二季,886319522
痤疮 前两个月我也长了 吃了好久的药,721.682,1,16777215,2022-10-07 20:32:46,286091033,3,登革热/痤疮,工作细胞 第二季,886319522
我已迷上村口的老头,0.284,5,16511312,2022-10-07 19:19:57,286091033,3,登革热/痤疮,工作细胞 第二季,886319522
西内,1046.075,1,16777215,2022-10-06 22:53:40,286091033,3,登革热/痤疮,工作细胞 第二季,886319522
志乃,480.243,1,16777215,2022-10-06 15:59:07,286091033,3,登革热/痤疮,工作细胞 第二季,886319522
白——————哥——————————,878.891,5,16777215,2022-10-06 15:08:12,286091033,3,登革热/痤疮,工作细胞 第二季,886319522
白哥好暖啊,1015.639,1,16777215,2022-10-06 11:45:10,286091033,3,登革热/痤疮,工作细胞 第二季,886319522
热知识：肥大细胞就是白细胞的一种,262.757,1,16777215,2022-10-05 22:43:04,286091033,3,登革热/痤疮,工作细胞 第二季,886319522
啊啊啊弄死他们,883.252,1,16777215,2022-10-05 20:31:24,286091033,3,登革热/痤疮,工作细胞 第二季,886319522
是心动呀,812.536,1,16777215,2022-10-05 14:53:15,286091033,3,登革热/痤疮,工作细胞 第二季,886319522
白哥越来越红,1095.43,1,16777215,2022-10-05 08:59:14,286091033,3,登革热/痤疮,工作细胞 第二季,886319522
白哥帅啊啊啊我,882.191,1,16777215,2022-10-05 08:55:22,286091033,3,登革热/痤疮,工作细胞 第二季,886319522
我愿称他为花洒细胞,555.947,1,16777215,2022-10-04 21:47:34,286091033,3,登革热/痤疮,工作细胞 第二季,886319522
爱河导电）,71.999,1,41194,2022-10-04 21:41:16,286091033,3,登革热/痤疮,工作细胞 第二季,886319522
对不起 我现在就洗脸洗头去,942.396,1,16777215,2022-10-04 10:53:45,286091033,3,登革热/痤疮,工作细胞 第二季,886319522
我怎么感觉哪吒里的雷震子也有这一幕啊哈哈哈哈,758.69,1,16777215,2022-10-03 20:35:59,286091033,3,登革热/痤疮,工作细胞 第二季,886319522
乍一看老成痔疮,724.106,1,16777215,2022-10-03 20:34:57,286091033,3,登革热/痤疮,工作细胞 第二季,886319522
哦 然后就脂溢性脱发了对么,994.937,1,13369971,2022-10-03 15:23:27,286091033,3,登革热/痤疮,工作细胞 第二季,886319522
摸头杀,1050.647,5,15138834,2022-10-03 13:50:30,286091033,3,登革热/痤疮,工作细胞 第二季,886319522
前辈原来没走啊,662.421,1,16777215,2022-10-03 12:37:10,286091033,3,登革热/痤疮,工作细胞 第二季,886319522
所以是会自愈吗,1299.661,1,16777215,2022-10-02 14:02:00,286091033,3,登革热/痤疮,工作细胞 第二季,886319522
x咖喱棒,563.075,1,16777215,2022-10-02 13:28:25,286091033,3,登革热/痤疮,工作细胞 第二季,886319522
石鬼面,371.557,1,16777215,2022-10-02 13:24:56,286091033,3,登革热/痤疮,工作细胞 第二季,886319522
已经不是普通的毛孔了，必须要出重拳,828.5,1,16777215,2022-10-02 00:55:59,286091033,3,登革热/痤疮,工作细胞 第二季,886319522
好帅,1040.231,1,16777215,2022-09-30 23:03:17,286091033,3,登革热/痤疮,工作细胞 第二季,886319522
刚才走过去的是后辈吗,688.906,1,16777215,2022-09-30 03:58:56,286091033,3,登革热/痤疮,工作细胞 第二季,886319522
为啥每次都是前辈没事啊,663.866,1,16777215,2022-09-30 03:58:15,286091033,3,登革热/痤疮,工作细胞 第二季,886319522
叮叮咚,397.434,1,16777215,2022-09-28 19:39:32,286091033,3,登革热/痤疮,工作细胞 第二季,886319522
果然是石鬼面！！！,391.354,1,16777215,2022-09-28 11:44:03,286091033,3,登革热/痤疮,工作细胞 第二季,886319522
我天天掉头发，恐慌,1004.668,1,16777215,2022-09-27 22:46:18,286091033,3,登革热/痤疮,工作细胞 第二季,886319522
这个时候emo？？！,448.089,5,15138834,2022-09-27 13:03:43,286091033,3,登革热/痤疮,工作细胞 第二季,886319522
哈哈哈哈这是石鬼面么哈哈哈,382.689,5,15138834,2022-09-27 13:02:25,286091033,3,登革热/痤疮,工作细胞 第二季,886319522
优雅,272.125,1,16777215,2022-09-27 09:11:18,286091033,3,登革热/痤疮,工作细胞 第二季,886319522
还以为是黑头,778.399,1,16777215,2022-09-26 22:49:22,286091033,3,登革热/痤疮,工作细胞 第二季,886319522
Saber (细胞幻听）,218.812,5,16777215,2022-09-26 20:47:53,286091033,3,登革热/痤疮,工作细胞 第二季,886319522
就是你小子，西内杂菌,863.099,1,16777215,2022-09-25 21:02:48,286091033,3,登革热/痤疮,工作细胞 第二季,886319522
本来是来学生物的，没想到连语文一起学了,1142.807,1,15138834,2022-09-25 11:42:30,286091033,3,登革热/痤疮,工作细胞 第二季,886319522
这时候你就别哲理了,487.243,1,11890,2022-09-24 16:20:54,286091033,3,登革热/痤疮,工作细胞 第二季,886319522
我是风之恶魔,403.074,1,11890,2022-09-24 16:19:25,286091033,3,登革热/痤疮,工作细胞 第二季,886319522
看标题，我已经在上班会课了,3.739,1,16777215,2022-09-24 16:15:25,286091033,3,登革热/痤疮,工作细胞 第二季,886319522
所以讨厌小孩,917.157,1,16777215,2022-09-24 10:37:37,286091033,3,登革热/痤疮,工作细胞 第二季,886319522
阿这，我现在就在洗头,957.407,1,16777215,2022-09-23 22:48:29,286091033,3,登革热/痤疮,工作细胞 第二季,886319522
凭空长出帽子,1354.769,1,16777215,2022-09-23 19:54:48,286091033,3,登革热/痤疮,工作细胞 第二季,886319522
白纹伊蚊,315.708,1,16777215,2022-09-22 21:05:25,286091033,3,登革热/痤疮,工作细胞 第二季,886319522
这是熊孩子的身体，没有什么黑暗，就是老受外伤,21.643,1,16777215,2022-09-22 01:25:18,286091033,3,登革热/痤疮,工作细胞 第二季,886319522
盖提亚安慰阿尔托莉雅,468.122,1,16777215,2022-09-21 23:40:30,286091033,3,登革热/痤疮,工作细胞 第二季,886319522
每一根都很重要！发际线绝不后退！,1188.1,1,16777215,2022-09-21 18:29:44,286091033,3,登革热/痤疮,工作细胞 第二季,886319522
原来就是你小子,857.262,1,16777215,2022-09-21 12:30:54,286091033,3,登革热/痤疮,工作细胞 第二季,886319522
瓦龙面具,401.072,1,41194,2022-09-20 09:21:59,286091033,3,登革热/痤疮,工作细胞 第二季,886319522
瓦龙面具,401.072,1,16777215,2022-09-20 09:21:43,286091033,3,登革热/痤疮,工作细胞 第二季,886319522
瓦龙面具,373.563,1,16777215,2022-09-20 09:21:20,286091033,3,登革热/痤疮,工作细胞 第二季,886319522
我从小湿疹每天都流脓水,980.767,1,16777215,2022-09-19 20:46:07,286091033,3,登革热/痤疮,工作细胞 第二季,886319522
此时的我正在挠胳膊上的大蚊子包…,312.14,1,16777215,2022-09-19 20:35:31,286091033,3,登革热/痤疮,工作细胞 第二季,886319522
贝爷：今晚加餐,951.22,5,16777215,2022-09-19 16:23:12,286091033,3,登革热/痤疮,工作细胞 第二季,886319522
贝爷：今天有加餐了,900.673,5,16646914,2022-09-19 16:22:21,286091033,3,登革热/痤疮,工作细胞 第二季,886319522
毁灭吧！,248.127,5,16646914,2022-09-19 16:11:43,286091033,3,登革热/痤疮,工作细胞 第二季,886319522
还看啥，快去抹药,1095.719,1,16777215,2022-09-18 13:28:42,286091033,3,登革热/痤疮,工作细胞 第二季,886319522
这个神棍细胞有什么作用来着,714.038,1,16777215,2022-09-18 13:22:11,286091033,3,登革热/痤疮,工作细胞 第二季,886319522
润土？,487.345,1,16777215,2022-09-18 13:18:12,286091033,3,登革热/痤疮,工作细胞 第二季,886319522
和主角打架就是作死,1090.201,1,16777215,2022-09-18 11:22:41,286091033,3,登革热/痤疮,工作细胞 第二季,886319522
DNA混乱,381.35,5,16707842,2022-09-17 21:07:26,286091033,3,登革热/痤疮,工作细胞 第二季,886319522
我的头发！不要离开我！！！,792.621,1,16777215,2022-09-17 16:13:05,286091033,3,登革热/痤疮,工作细胞 第二季,886319522
眼睛好?了,1136.955,1,16777215,2022-09-17 10:36:35,286091033,3,登革热/痤疮,工作细胞 第二季,886319522
西内!,1043.43,1,16777215,2022-09-17 10:34:09,286091033,3,登革热/痤疮,工作细胞 第二季,886319522
西内!,801.083,1,16777215,2022-09-17 10:28:54,286091033,3,登革热/痤疮,工作细胞 第二季,886319522
田中细胞的作用,643.28,1,16777215,2022-09-17 10:24:54,286091033,3,登革热/痤疮,工作细胞 第二季,886319522
!白哥驾到!,578.321,1,16777215,2022-09-17 10:23:43,286091033,3,登革热/痤疮,工作细胞 第二季,886319522
完了芭比q了完了完了,451.493,1,16777215,2022-09-17 10:20:18,286091033,3,登革热/痤疮,工作细胞 第二季,886319522
 优雅!实在太优雅了!!,363.003,1,16777215,2022-09-17 10:18:24,286091033,3,登革热/痤疮,工作细胞 第二季,886319522
[前方高能],253.777,1,16777215,2022-09-17 10:15:10,286091033,3,登革热/痤疮,工作细胞 第二季,886319522
爱情的初恋触电,82.726,1,16777215,2022-09-17 10:12:02,286091033,3,登革热/痤疮,工作细胞 第二季,886319522
香克斯,895.328,1,16777215,2022-09-17 03:29:17,286091033,3,登革热/痤疮,工作细胞 第二季,886319522
bIack讲的什么,133.759,1,16777215,2022-09-15 19:58:52,286091033,3,登革热/痤疮,工作细胞 第二季,886319522
对不起，我现在就去洗头,951.444,5,15138834,2022-09-15 19:07:49,286091033,3,登革热/痤疮,工作细胞 第二季,886319522
好油,1355.354,5,16707842,2022-09-14 10:27:24,286091033,3,登革热/痤疮,工作细胞 第二季,886319522
os,1250.554,5,16707842,2022-09-14 10:25:33,286091033,3,登革热/痤疮,工作细胞 第二季,886319522
跳槽了,1387.589,5,15138834,2022-09-13 23:08:31,286091033,3,登革热/痤疮,工作细胞 第二季,886319522
这个场景，好像在银魂里似曾相识是怎么回事哈哈哈,1157.09,1,16777215,2022-09-13 22:51:33,286091033,3,登革热/痤疮,工作细胞 第二季,886319522
长痘了，问题不大,827.554,1,16777215,2022-09-12 19:45:40,286091033,3,登革热/痤疮,工作细胞 第二季,886319522
我还以为这个不知道是什么的东西拿着女主的呆毛在打,740.798,5,16707842,2022-09-12 12:19:01,286091033,3,登革热/痤疮,工作细胞 第二季,886319522
2626号的腿劈得比我还长,574.732,1,16777215,2022-09-11 04:58:45,286091033,3,登革热/痤疮,工作细胞 第二季,886319522
这虫子有点像贪吃蛇大作战,1077.372,1,16777215,2022-09-11 00:04:22,286091033,3,登革热/痤疮,工作细胞 第二季,886319522
中二,478.136,1,16777215,2022-09-10 22:15:51,286091033,3,登革热/痤疮,工作细胞 第二季,886319522
我不做人啦！,373.745,1,16777215,2022-09-10 22:14:06,286091033,3,登革热/痤疮,工作细胞 第二季,886319522
c去洗头洗澡了,1000.475,5,16777215,2022-09-10 21:29:13,286091033,3,登革热/痤疮,工作细胞 第二季,886319522
我不做人了，红红,381.981,1,16777215,2022-09-10 17:21:07,286091033,3,登革热/痤疮,工作细胞 第二季,886319522
赛罗来串场了,1083.237,1,16777215,2022-09-10 16:17:22,286091033,3,登革热/痤疮,工作细胞 第二季,886319522
懂，今晚洗100次头,935.511,1,16777215,2022-09-10 16:11:54,286091033,3,登革热/痤疮,工作细胞 第二季,886319522
好家伙原来是你害我,854.776,1,16777215,2022-09-10 16:09:15,286091033,3,登革热/痤疮,工作细胞 第二季,886319522
我记着这一季结尾的时候打癌细胞的时候好像这一季也有个白姐,1098.411,1,16777215,2022-09-10 16:05:01,286091033,3,登革热/痤疮,工作细胞 第二季,886319522
啊啊 我的头发,896.607,1,16777215,2022-09-09 00:50:43,286091033,3,登革热/痤疮,工作细胞 第二季,886319522
少年好颜艺,229.945,1,16707842,2022-09-08 18:08:35,286091033,3,登革热/痤疮,工作细胞 第二季,886319522
无他,163.826,1,16777215,2022-09-08 18:07:16,286091033,3,登革热/痤疮,工作细胞 第二季,886319522
没好好洗脸,927.175,1,16777215,2022-09-07 22:31:06,286091033,3,登革热/痤疮,工作细胞 第二季,886319522
痤疮膏,902.995,1,16777215,2022-09-07 22:30:37,286091033,3,登革热/痤疮,工作细胞 第二季,886319522
蚁酸,322.725,1,16777215,2022-09-07 22:21:27,286091033,3,登革热/痤疮,工作细胞 第二季,886319522
蚊子,302.346,1,16777215,2022-09-07 22:20:55,286091033,3,登革热/痤疮,工作细胞 第二季,886319522
白哥闪耀型,1351.007,1,14811775,2022-09-06 21:14:17,286091033,3,登革热/痤疮,工作细胞 第二季,886319522
不不不，这个影响是最大的,1027.179,1,16777215,2022-09-06 01:20:31,286091033,3,登革热/痤疮,工作细胞 第二季,886319522
原来是你小子,877.544,1,16777215,2022-09-05 23:16:14,286091033,3,登革热/痤疮,工作细胞 第二季,886319522
我！辞！职！不！干！了！,458.616,1,16777215,2022-09-05 23:09:03,286091033,3,登革热/痤疮,工作细胞 第二季,886319522
我是医生，白哥过来,908.719,1,16777215,2022-09-05 20:11:04,286091033,3,登革热/痤疮,工作细胞 第二季,886319522
你们谁见我柴刀了，我要宰了细菌,810.447,1,16777215,2022-09-05 20:08:23,286091033,3,登革热/痤疮,工作细胞 第二季,886319522
修女（啊不是）,1182.593,1,16777215,2022-09-05 19:53:42,286091033,3,登革热/痤疮,工作细胞 第二季,886319522
可爱,1129.754,1,9487136,2022-09-05 19:52:35,286091033,3,登革热/痤疮,工作细胞 第二季,886319522
死了啦，都是你害的,958.111,1,9487136,2022-09-05 19:46:37,286091033,3,登革热/痤疮,工作细胞 第二季,886319522
但是死了,951.631,1,16707842,2022-09-05 19:46:21,286091033,3,登革热/痤疮,工作细胞 第二季,886319522
也不靠神仙皇帝,894.631,1,41194,2022-09-05 19:45:03,286091033,3,登革热/痤疮,工作细胞 第二季,886319522
可爱的捏,855.711,1,41194,2022-09-05 19:44:12,286091033,3,登革热/痤疮,工作细胞 第二季,886319522
起包了,435.181,1,16777215,2022-09-05 16:56:30,286091033,3,登革热/痤疮,工作细胞 第二季,886319522
赶紧洗个头,1377.011,1,16777215,2022-09-04 20:42:08,286091033,3,登革热/痤疮,工作细胞 第二季,886319522
刚洗了头的我……,938.492,1,16777215,2022-09-04 19:41:26,286091033,3,登革热/痤疮,工作细胞 第二季,886319522
爷笑了,1222.159,1,16777215,2022-09-04 19:23:14,286091033,3,登革热/痤疮,工作细胞 第二季,886319522
啊哒哒哒，小鲁班的既视感,78.319,1,16777215,2022-09-04 19:03:26,286091033,3,登革热/痤疮,工作细胞 第二季,886319522
MC末影龙,1139.465,1,16777215,2022-09-04 10:21:43,286091033,3,登革热/痤疮,工作细胞 第二季,886319522
谢谢谢谢，能留一根是一根啊,1363.135,1,16777215,2022-09-04 09:43:53,286091033,3,登革热/痤疮,工作细胞 第二季,886319522
所以我才满头油,1294.185,1,16777215,2022-09-03 16:25:43,286091033,3,登革热/痤疮,工作细胞 第二季,886319522
呆毛味太重了,549.911,1,16777215,2022-09-03 15:01:14,286091033,3,登革热/痤疮,工作细胞 第二季,886319522
白哥！！！当场晕倒,880.183,1,16777215,2022-09-03 13:38:06,286091033,3,登革热/痤疮,工作细胞 第二季,886319522
萎了,592.383,1,16777215,2022-09-02 21:25:01,286091033,3,登革热/痤疮,工作细胞 第二季,886319522
麻叶（幻视）,398.263,1,38979,2022-09-02 21:20:46,286091033,3,登革热/痤疮,工作细胞 第二季,886319522
不要啊,64.668,1,14811775,2022-09-02 21:14:45,286091033,3,登革热/痤疮,工作细胞 第二季,886319522
快去洗头发,844.114,1,16777215,2022-09-02 13:44:38,286091033,3,登革热/痤疮,工作细胞 第二季,886319522
从来就没有救世主，只有甲硝唑凝胶,902.353,1,16777215,2022-09-02 11:43:36,286091033,3,登革热/痤疮,工作细胞 第二季,886319522
这人好像火影里那个玩虫子的人,497.905,1,16777215,2022-09-02 00:17:06,286091033,3,登革热/痤疮,工作细胞 第二季,886319522
没事，它被主人拍死了，算是报仇了,630.769,1,16777215,2022-09-01 22:10:44,286091033,3,登革热/痤疮,工作细胞 第二季,886319522
我不做细胞了！,384.285,5,16755202,2022-09-01 22:04:03,286091033,3,登革热/痤疮,工作细胞 第二季,886319522
中二细胞,497.692,1,16777215,2022-09-01 18:45:45,286091033,3,登革热/痤疮,工作细胞 第二季,886319522
我看成了中指,391.582,1,16777215,2022-09-01 18:44:20,286091033,3,登革热/痤疮,工作细胞 第二季,886319522
万物有灵，蚊子除外,362.535,1,16777215,2022-09-01 18:43:57,286091033,3,登革热/痤疮,工作细胞 第二季,886319522
门口老头,300.722,1,16777215,2022-09-01 18:43:07,286091033,3,登革热/痤疮,工作细胞 第二季,886319522
肯德基,280.446,1,16777215,2022-09-01 18:42:51,286091033,3,登革热/痤疮,工作细胞 第二季,886319522
哈哈哈哈哈,1401.966,1,9487136,2022-09-01 13:06:40,286091033,3,登革热/痤疮,工作细胞 第二季,886319522
油到发光,1333.886,1,9487136,2022-09-01 13:05:29,286091033,3,登革热/痤疮,工作细胞 第二季,886319522
QwQ所以…要完结了吗？,1318.206,1,9487136,2022-09-01 13:05:04,286091033,3,登革热/痤疮,工作细胞 第二季,886319522
惨帅,1287.026,1,9487136,2022-09-01 13:04:16,286091033,3,登革热/痤疮,工作细胞 第二季,886319522
白哥呀，每天都在卡我的泪点,1188.906,1,16777215,2022-09-01 13:02:04,286091033,3,登革热/痤疮,工作细胞 第二季,886319522
又是你，组织胺,50.162,1,16777215,2022-09-01 12:51:00,286091033,3,登革热/痤疮,工作细胞 第二季,886319522
万物皆有灵，蚊子除外,308.388,5,15138834,2022-08-31 22:08:06,286091033,3,登革热/痤疮,工作细胞 第二季,886319522
收手吧阿祖，外面全是警察,422.057,1,16777215,2022-08-31 21:39:41,286091033,3,登革热/痤疮,工作细胞 第二季,886319522
白哥 镀金限定,1339.519,5,16646914,2022-08-31 15:50:29,286091033,3,登革热/痤疮,工作细胞 第二季,886319522
都打伞了，这么明显的暗示......,512.274,1,16777215,2022-08-31 14:20:42,286091033,3,登革热/痤疮,工作细胞 第二季,886319522
前面那个老押韵了,594.023,1,16777215,2022-08-31 14:16:43,286091033,3,登革热/痤疮,工作细胞 第二季,886319522
你没事吧？,912.914,1,15138834,2022-08-31 09:29:59,286091033,3,登革热/痤疮,工作细胞 第二季,886319522
我刚掉了34根头发,1002.077,5,15772458,2022-08-31 00:19:33,286091033,3,登革热/痤疮,工作细胞 第二季,886319522
我说怎么会痒（恼）,553.922,5,16646914,2022-08-30 20:43:10,286091033,3,登革热/痤疮,工作细胞 第二季,886319522
全人类的公敌（恼）,310.802,5,16646914,2022-08-30 20:38:48,286091033,3,登革热/痤疮,工作细胞 第二季,886319522
有痔疮那爷就放心了（）,35.951,1,16777215,2022-08-30 20:34:40,286091033,3,登革热/痤疮,工作细胞 第二季,886319522
我也看成痔疮了,727.421,1,16777215,2022-08-30 18:12:34,286091033,3,登革热/痤疮,工作细胞 第二季,886319522
傲娇细胞,694.524,1,16777215,2022-08-30 18:08:34,286091033,3,登革热/痤疮,工作细胞 第二季,886319522
就是你害的老娘脸上长痘？！,866.681,1,16777215,2022-08-30 17:14:25,286091033,3,登革热/痤疮,工作细胞 第二季,886319522
奥特之父,292.688,1,16777215,2022-08-30 12:10:08,286091033,3,登革热/痤疮,工作细胞 第二季,886319522
三毛：你说什么？,995.048,5,41194,2022-08-30 01:58:25,286091033,3,登革热/痤疮,工作细胞 第二季,886319522
开始荔枝了,1208.336,1,11890,2022-08-29 23:23:01,286091033,3,登革热/痤疮,工作细胞 第二季,886319522
动作指导：超神武装奔雷,768.593,1,16777215,2022-08-29 23:12:19,286091033,3,登革热/痤疮,工作细胞 第二季,886319522
动作指导，迪奥桑,402.192,1,16777215,2022-08-29 23:05:30,286091033,3,登革热/痤疮,工作细胞 第二季,886319522
快拍死它啊！,334.927,1,16777215,2022-08-29 22:46:38,286091033,3,登革热/痤疮,工作细胞 第二季,886319522
夜兰姐！,658.151,5,16777215,2022-08-29 22:41:19,286091033,3,登革热/痤疮,工作细胞 第二季,886319522
石鬼面,384.21,1,16777215,2022-08-29 19:42:26,286091033,3,登革热/痤疮,工作细胞 第二季,886319522
我竟然看哭了，一会儿就去洗脸,1009.722,1,16777215,2022-08-29 19:32:30,286091033,3,登革热/痤疮,工作细胞 第二季,886319522
世界吞噬者,1139.905,1,16777215,2022-08-29 12:12:05,286091033,3,登革热/痤疮,工作细胞 第二季,886319522
中二细胞,468.604,1,41194,2022-08-29 07:54:11,286091033,3,登革热/痤疮,工作细胞 第二季,886319522
麻德，我要拍死蚊子,318.244,1,41194,2022-08-29 07:51:29,286091033,3,登革热/痤疮,工作细胞 第二季,886319522
优雅哥！,268.199,1,41194,2022-08-29 07:50:14,286091033,3,登革热/痤疮,工作细胞 第二季,886319522
铁扇公主:这个我熟,405.991,1,16777215,2022-08-28 17:55:11,286091033,3,登革热/痤疮,工作细胞 第二季,886319522
这哪是登革热！这是登革不要太热！（++串台了）,17.12,1,16777215,2022-08-28 13:02:06,286091033,3,登革热/痤疮,工作细胞 第二季,886319522
螨虫,772.028,1,16777215,2022-08-28 01:35:03,286091033,3,登革热/痤疮,工作细胞 第二季,886319522
中二细胞能引导免疫，而我们目前不知道其具体作用，所以就显得中二,470.182,1,16777215,2022-08-27 23:23:55,286091033,3,登革热/痤疮,工作细胞 第二季,886319522
抗凝血剂,321.808,1,16777215,2022-08-27 23:20:31,286091033,3,登革热/痤疮,工作细胞 第二季,886319522
白哥！,889.211,1,14811775,2022-08-27 23:17:05,286091033,3,登革热/痤疮,工作细胞 第二季,886319522
这人的免疫有点太强了，一整就过敏,51.237,1,16777215,2022-08-27 23:17:01,286091033,3,登革热/痤疮,工作细胞 第二季,886319522
马上去洗头支援白哥,1140.238,1,16777215,2022-08-27 22:56:45,286091033,3,登革热/痤疮,工作细胞 第二季,886319522
等着我这去洗脸,1134.951,1,16777215,2022-08-27 22:56:28,286091033,3,登革热/痤疮,工作细胞 第二季,886319522
别哭了我这就去洗头，水杨酸用起,996.753,1,16777215,2022-08-27 22:52:54,286091033,3,登革热/痤疮,工作细胞 第二季,886319522
我现在就去洗头,936.932,1,16777215,2022-08-27 22:51:34,286091033,3,登革热/痤疮,工作细胞 第二季,886319522
就是你害我爆痘,900.153,1,16777215,2022-08-27 22:50:48,286091033,3,登革热/痤疮,工作细胞 第二季,886319522
小家伙我的头发全靠你了,784.954,1,16777215,2022-08-27 22:48:23,286091033,3,登革热/痤疮,工作细胞 第二季,886319522
优雅,271.697,1,16777215,2022-08-27 18:57:15,286091033,3,登革热/痤疮,工作细胞 第二季,886319522
哲学大师,479.281,1,16777215,2022-08-27 17:58:28,286091033,3,登革热/痤疮,工作细胞 第二季,886319522
蚊子包,617.148,1,16777215,2022-08-27 15:36:05,286091033,3,登革热/痤疮,工作细胞 第二季,886319522
十人九痔,4.943,1,16777215,2022-08-27 15:27:17,286091033,3,登革热/痤疮,工作细胞 第二季,886319522
白哥啊——白哥啊——,1310.94,5,16777215,2022-08-27 14:29:35,286091033,3,登革热/痤疮,工作细胞 第二季,886319522
就白哥每次都一身血,590.042,5,16777215,2022-08-27 14:16:38,286091033,3,登革热/痤疮,工作细胞 第二季,886319522
姐姐快放！不要理他们,447.559,1,16777215,2022-08-27 14:12:46,286091033,3,登革热/痤疮,工作细胞 第二季,886319522
我真去洗头了，等会回来,1017.274,1,16777215,2022-08-27 13:20:36,286091033,3,登革热/痤疮,工作细胞 第二季,886319522
难道不是白细胞的功劳妈,676.904,1,16777215,2022-08-27 12:57:52,286091033,3,登革热/痤疮,工作细胞 第二季,886319522
没 有 抗 原 只 是 组 织 胺 放 多 了,66.219,1,16777215,2022-08-26 22:39:17,286091033,3,登革热/痤疮,工作细胞 第二季,886319522
其他白细胞怎么还没来,1231.611,1,16777215,2022-08-26 19:03:14,286091033,3,登革热/痤疮,工作细胞 第二季,886319522
闪耀白哥,1352.742,5,16765698,2022-08-26 18:27:06,286091033,3,登革热/痤疮,工作细胞 第二季,886319522
SEVEN!!!,57.078,1,16765698,2022-08-26 18:05:17,286091033,3,登革热/痤疮,工作细胞 第二季,886319522
你说是不是缺点路灯,897.583,1,16777215,2022-08-26 11:48:47,286091033,3,登革热/痤疮,工作细胞 第二季,886319522
异维A酸胶囊走起,1070.039,1,16777215,2022-08-26 10:44:59,286091033,3,登革热/痤疮,工作细胞 第二季,886319522
我头发就是这么没的啊，呜呜呜,1366.127,1,16777215,2022-08-26 07:24:23,286091033,3,登革热/痤疮,工作细胞 第二季,886319522
好家伙，看成痔疮了,18.259,1,16777215,2022-08-25 19:22:28,286091033,3,登革热/痤疮,工作细胞 第二季,886319522
也没有神仙皇帝,905.241,1,16777215,2022-08-25 16:31:15,286091033,3,登革热/痤疮,工作细胞 第二季,886319522
一生之敌,314.364,1,16777215,2022-08-25 16:10:15,286091033,3,登革热/痤疮,工作细胞 第二季,886319522
听我说谢谢你,1401.758,1,16777215,2022-08-24 15:11:43,286091033,3,登革热/痤疮,工作细胞 第二季,886319522
打的好！谢谢你！,1174.639,1,16777215,2022-08-24 15:07:29,286091033,3,登革热/痤疮,工作细胞 第二季,886319522
说人话求求你了中二细胞！,704.602,1,16777215,2022-08-24 14:58:24,286091033,3,登革热/痤疮,工作细胞 第二季,886319522
中二细胞吗？,471.142,1,16777215,2022-08-24 14:54:09,286091033,3,登革热/痤疮,工作细胞 第二季,886319522
本座,1149.181,1,16777215,2022-08-23 22:38:12,286091033,3,登革热/痤疮,工作细胞 第二季,886319522
我不做细胞了,380.411,5,15138834,2022-08-23 20:54:35,286091033,3,登革热/痤疮,工作细胞 第二季,886319522
感谢白哥保住我一根头发,1364.453,1,16777215,2022-08-23 13:12:23,286091033,3,登革热/痤疮,工作细胞 第二季,886319522
你个老头子 把我白哥还回来 ！！！,1321.223,1,15138834,2022-08-21 22:33:41,286091033,3,登革热/痤疮,工作细胞 第二季,886319522
我擦白哥帅飞,1287.892,1,16777215,2022-08-21 19:40:04,286091033,3,登革热/痤疮,工作细胞 第二季,886319522
咱白哥yyds,1156.914,1,16777215,2022-08-21 19:38:02,286091033,3,登革热/痤疮,工作细胞 第二季,886319522
白哥好帅！！！！！,1037.042,1,16777215,2022-08-21 19:36:03,286091033,3,登革热/痤疮,工作细胞 第二季,886319522
好可爱,1018.723,1,16777215,2022-08-21 19:35:44,286091033,3,登革热/痤疮,工作细胞 第二季,886319522
莫名的中二,387.266,1,38979,2022-08-20 22:52:05,286091033,3,登革热/痤疮,工作细胞 第二季,886319522
变相怪杰？,390.002,1,16777215,2022-08-20 21:48:35,286091033,3,登革热/痤疮,工作细胞 第二季,886319522
嗜酸性粒细胞日常护夫中,481.135,5,14811775,2022-08-20 16:17:37,286091033,3,登革热/痤疮,工作细胞 第二季,886319522
我不做人啦,392.023,1,16777215,2022-08-20 15:56:02,286091033,3,登革热/痤疮,工作细胞 第二季,886319522
吓得我马上去洗头,781.485,1,16777215,2022-08-20 14:42:38,286091033,3,登革热/痤疮,工作细胞 第二季,886319522
终于拍着了,352.26,1,16777215,2022-08-20 14:34:20,286091033,3,登革热/痤疮,工作细胞 第二季,886319522
白―――哥―――――,1191.962,1,16777215,2022-08-20 13:30:29,286091033,3,登革热/痤疮,工作细胞 第二季,886319522
动作指导：成龙历险记圣主、波刚等,748.816,1,16777215,2022-08-20 09:41:24,286091033,3,登革热/痤疮,工作细胞 第二季,886319522
组队送人头,1027.886,1,16777215,2022-08-19 10:07:26,286091033,3,登革热/痤疮,工作细胞 第二季,886319522
[ohhh],305.991,1,16777215,2022-08-18 21:02:11,286091033,3,登革热/痤疮,工作细胞 第二季,886319522
动作指导：单核细胞,1353.968,1,16777215,2022-08-18 19:24:48,286091033,3,登革热/痤疮,工作细胞 第二季,886319522
配音棚里欢乐多,81.56,1,16777215,2022-08-18 15:53:22,286091033,3,登革热/痤疮,工作细胞 第二季,886319522
死蚊子，还我血小板啊，呜呜呜~,338.617,1,16777215,2022-08-18 15:15:48,286091033,3,登革热/痤疮,工作细胞 第二季,886319522
现在一集要讲两个故事了嘛？,732.658,1,16777215,2022-08-18 14:52:44,286091033,3,登革热/痤疮,工作细胞 第二季,886319522
巨噬姐姐扛刀都优雅，哈哈哈,568.002,1,16777215,2022-08-18 14:49:36,286091033,3,登革热/痤疮,工作细胞 第二季,886319522
开始传教,498.543,1,16777215,2022-08-18 14:48:00,286091033,3,登革热/痤疮,工作细胞 第二季,886319522
这时候应该白哥上啊！！！！！,342.325,1,16777215,2022-08-18 14:45:09,286091033,3,登革热/痤疮,工作细胞 第二季,886319522
塞巴斯hhh,291.176,1,16777215,2022-08-18 14:15:31,286091033,3,登革热/痤疮,工作细胞 第二季,886319522
红细胞！！我不做人啦！！！！,382.845,5,16777215,2022-08-18 12:27:02,286091033,3,登革热/痤疮,工作细胞 第二季,886319522
照桥心美,1346.621,1,16777215,2022-08-17 13:29:30,286091033,3,登革热/痤疮,工作细胞 第二季,886319522
动作指导：单核细胞,1352.721,5,16777215,2022-08-17 12:17:27,286091033,3,登革热/痤疮,工作细胞 第二季,886319522
我恋爱了，兄弟们,676.955,1,16777215,2022-08-17 11:58:05,286091033,3,登革热/痤疮,工作细胞 第二季,886319522
白哥    妻危     速来,344.061,1,15138834,2022-08-16 22:33:02,286091033,3,登革热/痤疮,工作细胞 第二季,886319522
9696是哪一位白细胞？,724.56,5,15138834,2022-08-16 22:04:32,286091033,3,登革热/痤疮,工作细胞 第二季,886319522
我以为是毛囊炎， 一看题目，才发是火疖子,740.374,1,16777215,2022-08-16 22:03:54,286091033,3,登革热/痤疮,工作细胞 第二季,886319522
说的是毛发阿，不一定是头发,1368.929,1,16777215,2022-08-16 15:25:23,286091033,3,登革热/痤疮,工作细胞 第二季,886319522
感觉好奇怪,1212.647,1,16777215,2022-08-16 13:20:29,286091033,3,登革热/痤疮,工作细胞 第二季,886319522
。。。谁说是头发了。。未必你脸上没有汗毛阿,984.289,1,16777215,2022-08-16 10:57:34,286091033,3,登革热/痤疮,工作细胞 第二季,886319522
快图甲硝锉凝胶,924.282,1,16777215,2022-08-16 10:06:03,286091033,3,登革热/痤疮,工作细胞 第二季,886319522
小蚊子！你还我那么多学习抱歉！！,629.927,1,16777215,2022-08-16 09:00:27,286091033,3,登革热/痤疮,工作细胞 第二季,886319522
问白姐借把刀去啊！！！！！,1067.364,5,38979,2022-08-16 08:37:05,286091033,3,登革热/痤疮,工作细胞 第二季,886319522
好家伙脓包原来是这么形成的,961.712,5,38979,2022-08-16 08:35:12,286091033,3,登革热/痤疮,工作细胞 第二季,886319522
好的，这就去洗脸,946.299,5,38979,2022-08-16 08:34:28,286091033,3,登革热/痤疮,工作细胞 第二季,886319522
油物,1353.715,1,16707842,2022-08-15 21:03:12,286091033,3,登革热/痤疮,工作细胞 第二季,886319522
白哥连这都管吗,848.115,1,16777215,2022-08-15 20:45:46,286091033,3,登革热/痤疮,工作细胞 第二季,886319522
草啊啊啊白哥没事吧,896.743,1,16777215,2022-08-15 20:07:00,286091033,3,登革热/痤疮,工作细胞 第二季,886319522
牛牛？,1415.835,1,16777215,2022-08-15 14:59:31,286091033,3,登革热/痤疮,工作细胞 第二季,886319522
嗨嗨嗨,113.083,1,16777215,2022-08-15 14:07:45,286091033,3,登革热/痤疮,工作细胞 第二季,886319522
