content,rate,rate_label,time,user_name,subject_id,anime_title
486可爱捏,7,推荐,36m ago,樱,431767,girls band cry
动画做的很好，小智可爱捏，仁菜的声线说实话有些撑不起来乐曲的感觉。,8,力荐,17h 1m  ago,KNWking,431767,girls band cry
制作非常好，我还挺喜欢仁菜的这种性格,8,力荐,17h 23m  ago,大老师,431767,girls band cry
补标,7,推荐,22h 13m  ago,NGyukien,431767,girls band cry
爽就完了,8,力荐,1d 18h ago,懒馒头片,431767,girls band cry
好看,7,推荐,2d 8h ago,loveanime,431767,girls band cry
看完Mygo，Mujica再看的这个。虽然屎已经咽下去了，但是多多来点薄荷冰爽漱口水总是好的很。,9,神作,2d 18h ago,狗头鸵鸟,431767,girls band cry
歌超好听，情感和画面都很细腻，人物的成长也不突兀，整体观感非常好，最后的live结尾也非常不错，期待续作表现吧,9,神作,2026-5-2 11:24,npk,431767,girls band cry
不错的乐队番，可惜梗小鬼太多污染环境，个人认为只是看个乐呵的话可能比mygo强一点，可惜我更喜欢mygo,7,推荐,2026-5-2 10:53,B小町大队长,431767,girls band cry
5/8：相比众多偶像音乐企划写rock和地下系故事在安全区转圈，花田这次地下系真实案例既视感过强了。看到了很多P主还是小屁孩时候（笑）的影子。,8,力荐,2026-5-1 12:33,SeikE_AnuL,431767,girls band cry
女主各种表情挺好玩的／／总感觉自己年纪大了，对女主这种跳脱的性格有点接受不能，新时代的小登太皮了／／一如既往可以猜到的欲扬先抑的剧情,8,力荐,2026-4-30 17:34,久远摆动的纪元,431767,girls band cry
【刚来东京的仁菜有股纯真的美呀，直白点说就是傻白甜】【这灯质量挺好呀】【仁菜是个倔犟的小孩，句句诛桃香的心呀】【怎么感觉乐队五个人凑不出一张高中毕业z】【昂真的是团队天使，黑长直赛高】【怪不得仁菜被叫小孩姐，她的行为和思考都有种理想主义的美，还有那语言与行动上的执拗，让我不禁感慨，刻画的小孩姐形象真的很立体】【小孩姐和父母和解这一段感情戏目前给我的观感最好了，误会解除，家庭和睦，可喜可贺，最后俩次睡过，前一次是对生活的迷茫，后一次是对未来的憧憬】【最后拿着吉他一顿乱弹，莫名有点搞笑，结尾确实有点仓促，感觉莫名其妙的就把饺子包起来了】,7,推荐,2026-4-30 14:50,林遇夕,431767,girls band cry
堪称恐怖的3d制作水平加上明显是用心打磨过的剧本，在人才辈出的少女乐队题材作品中也是相当优秀的，角色和歌曲我个人也非常喜欢，可惜热度平平,9,神作,2026-4-29 18:44,konoDIOdadada,431767,girls band cry
是的，我超喜欢你,8,力荐,2026-4-29 08:28,超高校级的草履虫,431767,girls band cry
6.5-7.0,6,还行,2026-4-28 11:19,紅莉栖,431767,girls band cry
呐喊吧！,9,神作,2026-4-27 23:08,恶魔の子,431767,girls band cry
花田的魔法最滥用的一集,7,推荐,2026-4-27 21:17,sagume,431767,girls band cry
吵架有点难蚌，结尾太仓促的感觉，但是总体来说观感很不错，演出也很惊艳,10,超神作,2026-4-27 14:57,RE.雨宫,431767,girls band cry
最喜欢第九集,8,力荐,2026-4-27 14:13,凌壹,431767,girls band cry
不赖,8,力荐,2026-4-26 21:57,鱼鱼鱼,431767,girls band cry
让人看到了日式3D动画更多的可能性，角色灵活的表情、动作、场景交互都观感很好。结尾仓促得令人惋惜。op和空箱都挺好听。,7,推荐,2026-4-26 19:26,库莉库拉,431767,girls band cry
由于噱头进的收藏，现已经搁置,0,未评分,2026-4-25 23:30,ホロ,431767,girls band cry
前半段还觉得有点尬有点无聊，看到后面觉得还不错，越来越好看的感觉。不过最后一集不和钻尘对邦而是退社，从现实中的角度来看也太扯了，刺团其他人就因为听完nina的悲惨霸凌经历之后决定和nina组一辈子乐队？rupa和tomo的职业梦就因为nina的任性而不追了？武道馆演出的目标就这么放弃了？,7,推荐,2026-4-25 21:37,DoHowie,431767,girls band cry
kyky,8,力荐,2026-4-25 17:39,Megumin,431767,girls band cry
3d风格很戳我,7,推荐,2026-4-25 16:16,一只大植物,431767,girls band cry
486daze,7,推荐,2026-4-25 12:28,洞爷湖,431767,girls band cry
不错,7,推荐,2026-4-25 05:08,千代田 桃,431767,girls band cry
斯巴鲁desu！～,9,神作,2026-4-23 09:08,Yukino,431767,girls band cry
断断续续看到ep5，本来看番体验挺好的，突然小孩姐蹦出一句“因为我们明明没有错！”直接激起了我的恐高ptsd（“更何况，泷老师他…又没做错任何事！”）。我就问有没有可能，gbc剧情看起来还行，不是因为花田懂摇滚，而只是因为花田三板斧惯用的“正论怪物”刚好能套上摇滚精神的皮呢？,7,推荐,2026-4-22 23:07,Multidimensional,431767,girls band cry
追到一半就忘了这番，时隔一年我终于看完了。没错，我就是来看女人吵架的。补完发现比看mygo还要欢快，都是高手如云的番，mygo更戏剧性，这部则更有情绪。个人观感而言，这部虽然整的活没mygo那么多，但看得更有趣，让我笑得更欢，人物面部表情是加分项啊,8,力荐,2026-4-22 19:59,BGMを持参する,431767,girls band cry
7.5,8,力荐,2026-4-22 13:46,雷闪,431767,girls band cry
没有人类了，还得是昂昂昂昂昂昂昂昂昂昂昂昂昂昂昂昂昂昂,6,还行,2026-4-19 22:51,ひいらぎ京介,431767,girls band cry
"其实是只有7分的，但是由于个人情感因素可以给8分（已严肃因为剧场版跟13集和解）
gbc对我就是那种不是最好的但是是印象最深刻的，或许我永远都忘不了在出租车上迎着夕阳看到11集live的那个下午了",8,力荐,2026-4-19 18:39,1232,431767,girls band cry
留下抓痕,8,力荐,2026-4-19 14:00,include_c,431767,girls band cry
Live太平淡了,6,还行,2026-4-18 16:45,鲸落冬至,431767,girls band cry
其实并不摇滚，小孩姐被导演附身以后人设割裂，对于家庭问题也只是包饺子，这哪摇滚了，软化反抗精神不可取（编剧还是得给其他staff磕一个）,7,推荐,2026-4-18 03:33,量产型_Lilin,431767,girls band cry
个人认为是近些年3D动画的代表作，之前一直对3渲2有刻板印象，但是看了GBC以后，才发现3D动画的制作也能如此精良,7,推荐,2026-4-17 23:08,是瓜子酱,431767,girls band cry
这个才是好看的少女乐队，那俩都是什么CJB玩意儿，，。,8,力荐,2026-4-17 22:53,在水上涂油漆,431767,girls band cry
第3集live放完该多好，ed更是厨力拉满了,8,力荐,2026-4-17 00:05,jwajzh,431767,girls band cry
"超级Q弹动态的3D表现技术力，以及和去年Mygo完全不同的正经现实向主线，如果说Mygo在疯狂之后留下的是bt的狂欢，那么GBC则有爱马仕的王道之路影子。
nina声线的歌也很带感，那种锐利中带点小孩的感觉很不错，这位真的希望有续作，而不是某A队那样烂爆（）",8,力荐,2026-4-16 18:49,YouYi幽依,431767,girls band cry
有第二季就是9分，没第二季就是7分，不上不下先给个8分把，目前来看第二季遥遥无期,8,力荐,2026-4-15 20:56,Voyager星辰,431767,girls band cry
看过就忘,6,还行,2026-4-15 19:36,黑田空辰,431767,girls band cry
很明显的感情推着剧情走而非剧情衍生感情，重感情的作品，极挑受众,8,力荐,2026-4-13 00:21,Duan,431767,girls band cry
不太懂搞音乐的,6,还行,2026-4-12 20:28,夏凪,431767,girls band cry
不！登！校！,7,推荐,2026-4-12 13:13,木目,431767,girls band cry
"这是我目前为止看过最生动精良的3D动画了，奇怪的是作为乐队番，日常氛围曲比几首剧里的演唱曲更让我喜欢，这几首歌倒不是不好听只不过不是我喜欢的风格。
非要挑点骨头的话，几次演唱前的发言个人感觉有点长且拖沓了，就感觉剧情已经烘托到位了，小孩姐上台说：我知道你很急，但你先别急，你先听我说！！
前几集节奏很好，后面基本就是平稳落地。但作为近几年动不动就整烂活的日本动画，这部番已经赢太多，值得一看！",7,推荐,2026-4-11 20:59,Treiy,431767,girls band cry
不管是中指还是小指，我都不想认输,9,神作,2026-4-11 05:04,Tearalament,431767,girls band cry
香草486,8,力荐,2026-4-10 10:43,Mashiro,431767,girls band cry
收的一坨,5,不过不失,2026-4-10 06:14,AKNO,431767,girls band cry
台长的批判是对的,6,还行,2026-4-10 05:34,此用户已删除LMUR,431767,girls band cry
最后几集的观感真拉了，最后索然无味,6,还行,2026-4-10 03:13,绮罗星Kira,431767,girls band cry
曲子都好好听啊,8,力荐,2026-4-10 02:35,发芽的土豆,431767,girls band cry
东映一出手就是顶级的制作，剧情有点虎头蛇尾了,8,力荐,2026-4-9 22:21,Mai,431767,girls band cry
作画太强了,9,神作,2026-4-9 16:22,allende,431767,girls band cry
少女乐队，神奇吧,8,力荐,2026-4-8 23:37,鳄鱼代购,431767,girls band cry
突然就结尾了，太仓促了，3D的表现形式确实亮眼。,8,力荐,2026-4-8 17:40,江上客,431767,girls band cry
补，花田的魔法，东大妈的业界顶级3D，超洗脑摇滚的音乐，青春叛逆感拉爆的剧情，许多小细节铺垫27和hina的支线，最后和解也是显得意料之中，这才是真正的少女乐队,8,力荐,2026-4-8 17:23,出租的抚子,431767,girls band cry
很优秀的3d,8,力荐,2026-4-8 11:11,Sakurumi,431767,girls band cry
牢花，高开低走是这样写的，到最后也只是一部制作良好的音乐番,7,推荐,2026-4-8 08:15,Asteroid,431767,girls band cry
前几集还在无理取闹生闷气的小孩姐到了后面突然通情达理了（？）小孩姐和桃香在剧情里占的比重较多，导致486的问题直接被搁置了，后入团的俩直接当工具人使一笔带过。还有校园霸凌父母不理解这种现实问题只要BGM一响起来问题就迎刃而解了？实在对不上电波，理解不能，不过这最后两集绝对是发病了,6,还行,2026-4-8 03:47,Eutopia,431767,girls band cry
GBC你什么时候出第二季。我要听GBC的小曲。,7,推荐,2026-4-7 23:28,Okuma,431767,girls band cry
补标，值得一看，但如果结束在ep8评价会更好，收尾明显是草率了，小孩姐也难以共情,7,推荐,2026-4-7 16:58,mitsuha,431767,girls band cry
个人感觉在8分左右,8,力荐,2026-4-7 11:36,不跟风,431767,girls band cry
讲了一个老旧的故事。讲得一般。,8,力荐,2026-4-6 03:40,233fxr,431767,girls band cry
制作音乐剧情都可以,8,力荐,2026-4-5 11:47,madokami,431767,girls band cry
我恨你花田。前7集绝对是历史to50的水平，最后两集我觉得可以是2000名开外的水平行吗，我想不通为什么要讲加入公司再退出，还有你那个二百多粉丝的桥段究竟意味何，感觉你相当对不起我每周六放学回来看一遍原片看一遍泛式直播周日再看一遍切片啊，傻卵,9,神作,2026-4-4 00:23,秋笙声,431767,girls band cry
制作和歌曲还可以，但是不理解乐队的剧情，一般,6,还行,2026-4-3 11:25,英梨梨不会败北,431767,girls band cry
"274 4759
2024.4.6-2024.7.29",5,不过不失,2026-4-3 02:13,平泽唯唯,431767,girls band cry
正论怪兽,7,推荐,2026-4-3 01:19,xung,431767,girls band cry
自mygo后又一重力少女乐队佳作,8,力荐,2026-4-2 23:46,雨下花海,431767,girls band cry
补标，11集完结1213放第二季预告就好了,7,推荐,2026-4-2 22:34,葵Conyza,431767,girls band cry
摇滚之真谛，即为呐喊！,9,神作,2026-4-1 23:37,阿炜.jpg,431767,girls band cry
比我想象中的有趣太多了,8,力荐,2026-4-1 23:08,露琪亚,431767,girls band cry
歌好听,8,力荐,2026-4-1 21:09,qi77714,431767,girls band cry
【7】，前面不错，结尾差了点,7,推荐,2026-3-31 11:13,樱姬花吹雪,431767,girls band cry
动画演出效果很好，我也很喜欢这部的人设。但感觉乐队有点太过顺了,8,力荐,2026-3-28 15:50,动画爱好者,431767,girls band cry
制作确实好，东大妈牛逼,7,推荐,2026-3-28 14:42,今天的世界也很和平 ...,431767,girls band cry
情感细腻，节奏顺畅，故事完整，乐队题材佳作。外耗型性格确实有趣，看着一点不费劲。总的来看剧情结构太像花田的lovelive了，依旧开局组个小团体，然后扩充成员，临近结局时再戏剧冲突一下，甚至对手团起的作用都很像，不过明显gbc处理的更好，剧情线索回收的更有水平，最后的转折一点不显得生硬。除了剧情我还挺关注本作的3d，处理motion capture dataset处理的已经对这种东西有ptsd了，手部动作不如2d动作精细也符合我的认知。,7,推荐,2026-3-28 01:24,SkyRainWind,431767,girls band cry
在和孤独摇滚，mygo里面现实元素最强的一部。不过比较深入讲的只有主角被霸凌辍学后的成长。其他部分正常走辍学组乐队流程。路帕和昴比较招人喜欢。高技术力2.5d非常提高角色的可爱程度和演出花哨程度。,8,力荐,2026-3-27 23:40,卡面,431767,girls band cry
"我真的受够了少女婊子乐队了
搞几个不上学的婊子凑在一起大吵大闹就他妈能大获成功，可去你的吧",1,不忍直视,2026-3-27 01:25,秋山秋山澪,431767,girls band cry
"小曲上头捏，喜欢；
二编，主角怎么是个疯子啊woc;
三编，令人胃痛的爱情故事",7,推荐,2026-3-26 19:40,芝世咚,431767,girls band cry
比mygo那群精神病好多了，剧情生草,8,力荐,2026-3-24 21:05,南蛮,431767,girls band cry
光看live也够爽，剧情没什么好评价的,7,推荐,2026-3-24 15:21,叶樱雫,431767,girls band cry
比较经典的少女乐队剧情了 不过音乐番 歌好听是最重要的,7,推荐,2026-3-24 13:32,再次追逐夏天.,431767,girls band cry
写的非常不错，少女乐队成员各有成长（除了本身就很成熟的卢帕）， 最终带来了非常摇滚的少女乐队演出，让我听歌体会溜冰的感觉。,8,力荐,2026-3-23 02:47,loglook,431767,girls band cry
不得不说2024年4月新番是有水平的，三个百合原创烂尾了两个，但隔壁夜水母似乎要风评差很多（?）,6,还行,2026-3-22 23:07,irohard,431767,girls band cry
一般般,6,还行,2026-3-21 16:13,宁子,431767,girls band cry
第一集的空之箱，第五集的视界一隅，腐朽之声，第十二集的命运之花，mmk和27的相互拯救，可爱的486与精彩的单人回，27与父亲和阳菜与钻尘的和解，27与mmk的坚持。gbc有如此多的优点，也存在虎头蛇尾，种种的缺点，但就像冰菓和古利特里所说，处于节能处于无聊的人，总是希望会有一个人，一个东西可以将他们从“无聊”中拯救。在24年已经对动画有些懈怠的我，在那个4月，gbc只用第一集就拯救了我，或许在冷静下来我可以说出它太多太多的缺点，但动画对一个人的意义所在，就在于那几个瞬间，所以在我这里gbc是永远的9分。,9,神作,2026-3-21 11:02,saberll14,431767,girls band cry
"总体推荐一看
先说优点：得益于3d制作带来的极其灵动的表情动作，以及live下的大动态运镜让人看的很舒服
除此之外我能看到的全都有点小问题：相比较之下的2d动画太差，看了流畅的3d，下一秒镜头一切，给到一个卡顿的2d动画的割裂感太强，十次有九次得出戏。
剧情方面只能认为是标准的主角带着大家一起走的感觉，只有个别集处理了成员间的矛盾，其余几乎全是无脑跟着队长走，而且在队伍里有阅历明显更深的两个大朋友在的情况下，我只能认为这是为剧情所做的妥协
在故事所想表达的方面，我感觉制作组想触碰的问题太多，太深，以至于短短的13集根本表达不清，结果是草草收尾，实在可惜。",7,推荐,2026-3-21 00:23,平泽祈,431767,girls band cry
我喜欢他们经历了世界的黑暗也要坚持下去的精神,8,力荐,2026-3-20 23:21,林恩,431767,girls band cry
看的最舒服的一个乐队番 必须力推 观感很舒服,9,神作,2026-3-20 03:10,椎名真昼,431767,girls band cry
收尾方式可以说草率到比mujica还恶劣，完全无法接受。音乐节后剧情的内容跟节奏跟前几集完全脱节。而在文无第一，并且没有给出一个让人信服的标准的情况下评判音乐高低，本身就是一件很难绷的事情。,6,还行,2026-3-20 01:08,Orange_JAMGO,431767,girls band cry
bang系列看的第二部，剧情是不无聊的，一直希望看下一集会发生啥。但感觉剧情推进挺慢的，到最后感觉很多东西都没讲就完结了，角色有成长空间但没有写，好在后面还有续作。,7,推荐,2026-3-19 17:02,抱茜赤音是我7,431767,girls band cry
原来我都这么大年纪了,10,超神作,2026-3-18 21:54,massacrePoshlust,431767,girls band cry
原来乳了，这下更好看了//顺手二刷//总的来说前11话的节奏我确实非常喜欢，无论是日常、矛盾冲突还是歌曲，但是后两集确实充斥着强行剧情杀、包饺子等等问题，有狗尾续貂的嫌疑。要我说最好的处理方式就是第11话后接续作制作决定，不过考虑到经费和工期有点不可能（笑）,9,神作,2026-3-18 03:03,Shiina_Mahiru,431767,girls band cry
比mygo好,7,推荐,2026-3-17 22:49,御神衔一,431767,girls band cry
史上最摇滚的乐队番！最喜欢花田的魔法了.jpg,6,还行,2026-3-17 02:21,洛塞塔冻鱼,431767,girls band cry
这期神了，前面还有一点文戏讲一讲这个现实逻辑，讲一讲这个过往什么的2，后面逐渐猎奇向脱离实际，而且很明显的为了爆而爆全是女女关系性全是爆，开始小头控制大头开始瞎几把写圆不回来了，让后==然后依旧经典公式化打法开个live屁事没发生，花田你真他吗傻逼啊又搞伏笔又不出2。不过很有青春感是真的，中专能没青春感不。,7,推荐,2026-3-16 15:09,穗娜,431767,girls band cry
歌好听，可惜nina没什么剧情,8,力荐,2026-3-15 21:17,天成,431767,girls band cry
剧情老套，给我看睡着了，奇怪的氛围特效比较出戏，明明5个人的乐队，却基本只围绕着nina和mmk与隔壁钻石星尘的爱恨情仇写，486就负责给她俩不分场合不看氛围地爆来爆去打圆场，剩下俩纯工具人。live片段太少，镜头晃得我难受，很多细节逻辑上也很奇怪，结尾非常仓促。看下来唯一的记忆点是写亲情那一集，以及nina的cv表现不错,3,差,2026-3-15 20:16,洛汀,431767,girls band cry
【9】青春的呐喊，本作的音乐是真劲，虽然后续剧集稍显乏力，冲着冰op和小孩姐的成长给个好评,9,神作,2026-3-15 16:46,PlumTT,431767,girls band cry
最后一集有点仓促，一开始是真的没太懂为啥要退社，现在感觉可能是她们的歌带来不了收益，桃花的歌也不需要做出改变的想法吧,7,推荐,2026-3-15 14:29,幽梦,431767,girls band cry
结尾包饺子没绷住,7,推荐,2026-3-15 02:32,Aphiria,431767,girls band cry
3D质量非常好，东映做的还算不错。剧情还算可以，青春感太强烈了，大家性格都好扭曲。音乐质量也都不错，但是每次的live都看不过瘾就没了，音监在干嘛呢。结局感觉好草率，完全没意识到是最后一集，纯纯过渡回的感觉，然后就结束了，看着好不爽。看在原创份上，也还算可以了。,7,推荐,2026-3-15 00:13,白水可可,431767,girls band cry
少女乐队题材的剧情还是那么老套。人设和3D技术倒是挺不错,6,还行,2026-3-14 23:22,N姓家奴,431767,girls band cry
不过不失，结尾仓促了，东映你还能搞出第二季吗,7,推荐,2026-3-14 23:06,CannedPotatoes,431767,girls band cry
看不懂最后一集，说实话不如mygo,7,推荐,2026-3-14 19:34,阿苏ka,431767,girls band cry
3D的质量非常高,7,推荐,2026-3-14 18:13,昼唯,431767,girls band cry
喜欢tomo,7,推荐,2026-3-14 09:49,莉可雨咲☆,431767,girls band cry
2025,0,未评分,2026-3-13 17:18,Kekezero,431767,girls band cry
结尾有股虎头蛇尾的感觉,8,力荐,2026-3-13 03:17,江湖,431767,girls band cry
还不错，最后结束得有点仓促。动画制作做得很棒。,7,推荐,2026-3-12 22:18,SlayerYJC,431767,girls band cry
"去你的读空气，去你的人情世故，有事直接爆，这可太摇滚了好吧。
演出拉满，角色塑造大成功，主线差点意思，让人眼前一亮的好动画。",8,力荐,2026-3-12 21:25,NeverMOrE,431767,girls band cry
说实话，高了，结尾影响还是很大的,6,还行,2026-3-12 11:38,格拉,431767,girls band cry
这部乐队作品真的在讲音乐。这是我看了这么多乐队作品里唯一真的提到音乐的。所有的乐队番都是围着人在做文章：人有矛盾了，人闹情绪了，人在搞笑了，人要在舞台上闪闪发光。可是gbc让观众知道，现代人做一首歌是分几步骤，有先后，要宣发的。梦想不能当饭吃，但是把米放进锅里的这一步可以,9,神作,2026-3-12 05:23,osososo,431767,girls band cry
情绪旋风，席卷四月。当隔壁夜晚水母不会游泳中道崩殂之后，GBC扛起了原创动画的大旗，基本圆满地延续到了最后。 监督酒井和男与脚本花田十辉的表现亮眼，在美少女X乐队的框架内，加入了一点点摇滚的香辛料，以及各个成员之间那股执拗的青春感，虽有些地方用力过猛，但作为一出故事而言恰到好处。虽第一季故事显然没讲完，但总体没太大问题。 以及最后，技术在强到某种程度的时候，则足以成为内容，同时又反哺于内容，本作的超精良3D就隶属此类。东映再一次向业界展示了哪怕是TV，3D都可以做到如此恐怖的水平，制作单独再加一分 [24.6.30; 25.1.2 二周目; 26.3.12 三周目],8,力荐,2026-3-12 01:08,Rika,431767,girls band cry
弹幕真一群弱智，什么对错什么审美就在这叽叽喳喳的//////3d的上限真的非常高，缺陷多但是演出，神态表演刷新了我的认知，这几位小孩姐的动作和面部表情真的可爱，看的出来废了很大劲做出如此精彩生动的动画，，推荐大家都可以看看/////群友说的也没错，歌曲是很好听，但歌曲仅停留在现代流行的层面，水准高但重复过多，风格单一，这也是桃香的劣势或者说是制作组的劣势，，希望第二季赶紧出来////再说一遍正论不代表就是不对，况且仁菜的这次正论完全没有毛病，否认的人是因为什么？社会的正论吗，你看现在世界都变了一番，那有那么那么多正确和错误，按照最舒心最合情谊的做法去做错也不会后悔！这也是最后小孩姐的话！期待第二季！！,8,力荐,2026-3-11 23:20,凉宫春日的野望,431767,girls band cry
mmk daisuki❤️,8,力荐,2026-3-10 23:57,自行八卦炮,431767,girls band cry
在我心中它不是最好的动漫，但是是我最喜欢的动漫,9,神作,2026-3-10 21:03,鸢尾,431767,girls band cry
来当非国民了,0,未评分,2026-3-10 21:01,见到老女人我就想死,431767,girls band cry
剧情不评价，歌爆杀网红队_(:з」∠)_,7,推荐,2026-3-10 06:30,二少-decade,431767,girls band cry
后面有些仓促，但前面确实好，乳+1,9,神作,2026-3-10 04:15,姬坂乃爱,431767,girls band cry
过载燃烧，没撑到最后，但前面实在是太灿烂了,0,未评分,2026-3-10 02:33,克劳德块,431767,girls band cry
近几年难得感觉不错的乐队番,7,推荐,2026-3-10 01:57,Yuuikic,431767,girls band cry
讨厌ep10，13,5,不过不失,2026-3-10 01:24,绳梦,431767,girls band cry
最后live不放完你是人吗？还有你们五个人还能线下开live不？（另外三人还能复活吗？2026.3.9）,7,推荐,2026-3-9 22:09,花川芽衣子,431767,girls band cry
前半很好看，最后一集稍显仓促,8,力荐,2026-3-9 15:37,adsert,431767,girls band cry
校园霸凌扫码了,6,还行,2026-3-9 11:29,Altair yyds,431767,girls band cry
音乐很好听，制作精良（这就是钞能力吗，之前没适应3D的可以由此入手），剧情只能说及格。相关二创氛围较浓厚,7,推荐,2026-3-9 09:43,狸花代雨,431767,girls band cry
所有人都成長了，除了妮那只會喊我沒有錯，你是挖他妹嗎?,8,力荐,2026-3-8 22:20,両儀アキ,431767,girls band cry
个人最爱的音乐番,9,神作,2026-3-8 16:26,若为弘柒,431767,girls band cry
支持波多黎各独立，是反美反帝动画！这下不能不多给颗星星展现支持了！,9,神作,2026-3-8 15:25,laza,431767,girls band cry
7.2 原来东映也要吃大少女乐队时代的宏利吗，我说年轻人看的第一部东映动画（。确实是有点为了摇滚而摇滚了，本质少女偶像乐队。不过歌好听。东映的3d确实有点烧钱了。,7,推荐,2026-3-8 06:53,gachi,431767,girls band cry
乳+1 车软-1 不变,8,力荐,2026-3-7 23:10,无核乞灵,431767,girls band cry
辱了加一分。,8,力荐,2026-3-7 17:40,John史密斯,431767,girls band cry
动画本身就没问题你打低分就很无脑，话又说回来了，闹乌龙事件本身非蠢即坏，这么不严谨，你还玩啥啊，基本道歉一套就能平息一般怒火，故意装死?,0,未评分,2026-3-7 01:07,SAI,431767,girls band cry
打低分的原因应该都清楚，不管是故意的还是运营失误，这都是毋庸置疑的事实。,1,不忍直视,2026-3-6 19:36,凉森白,431767,girls band cry
刚开始听说是3d本来没想看的，结果质量高到这种程度么，qwq,9,神作,2026-3-6 12:03,狼鸟,431767,girls band cry
"7.5/10 
几部热门少女乐队番里，GBC那后硬核、EMO曲风是我偏爱的，写得也确实好；可令我惋惜的是，GBC剧作完成度偏弱。
开篇把舞台放到了更广阔的世界，承载更多话题：独居、生存与梦想、独立与主流对抗、对风格的坚持或妥协…无不带有现实色彩、可展现角色做选择的能动性。可惜剧作似乎害怕把冲突写得出格，始终束手束脚，后五集尤其最后两集非常乏力，乐队事业、人际矛盾和解都进程仓促。仁菜出走后家人妥协、乐队演出反响好而新歌数据惨淡、反目的旧友想帮自己…这些困难像障碍赛关卡，给角色提供奋进、努力的理由，却未曾真正让角色陷入危机。而冲突的解决，经常是仁菜爆发宣泄，哪怕这番标题有“呐喊”，这喊口号的作用也太强了…Hina角色线失败，本应与仁菜相对照，但其描写缺失，沦为行为突兀的工具人。
不过因为对仁菜某些经历有共鸣，再加上视听体验好，追番过程还算享受。",7,推荐,2026-3-5 20:29,雪岭Snowii1999,431767,girls band cry
"叙事: 剧情85 节奏93-5
画面: 演出93 精度95
音乐:85
人物: 塑造85 配音100-5
总计:7.3
简单来说，此番最大的优点是——爽。这是一种压抑已久的情感瞬间迸发时的爽，搭配上音乐，能很好地调动观众的情緒，使人沉浸在当下的酣畅淋漓中。当然这同样离不开剧情的铺垫，正是由于前文不断地为高潮添柴加薪，才能够在高潮时一口气点燃观众的情緒。
当然缺点也有，首先纵观整个番剧，基本上只写了仁菜和桃香，486的故事说难听点叫烂尾，其他两个人更是一笔带过。而且最关键的是花费大量笔墨描写的仁菜和粉毛的矛盾，仍然写不明白，讲不清楚。其次是结尾两集叙事节奏明显加快，最难绷的是两集以内人物反悔了三次！令人忍俊不禁。
尽管结尾的剧情处理得不是很理想，但是好歹没有什么逻辑硬伤三观崩坏，而且前面第八集和第十集的优秀同样不可忽视。
总评:瑕不掩瑜。",7,推荐,2026-3-5 16:34,黄昏逐光,431767,girls band cry
流畅的3D人物动作，完全没必要搞成24帧，剧情目前还没崩，可以了,8,力荐,2026-3-3 22:43,打磨仙人,431767,girls band cry
歌很好听,8,力荐,2026-3-3 16:14,Lightice,431767,girls band cry
永远爱nina,10,超神作,2026-3-3 14:14,喀巴拉契,431767,girls band cry
雖然製作不錯 但劇情差點意思,6,还行,2026-3-2 15:23,歐洲豪傑,431767,girls band cry
3d画风不对我胃口 第一集云里雾里劝退,3,差,2026-3-2 02:44,睦月在逃男友,431767,girls band cry
这谁家小孩 怎么还竖中指呢,7,推荐,2026-3-1 10:16,马鹿野狼,431767,girls band cry
原创的神，mmk我是您的狗，乐队番前2，求出第二季,8,力荐,2026-3-1 07:30,早见,431767,girls band cry
ep10神回，单集可以给满分，算上之前的综合9分，可惜最后一集拉了，小孩姐性格还是有点欣赏不来，单论对于该不该帮被霸凌的那件事我还是站Hina那边，小孩姐这不纯引火上身了，看的头疼，但是动画制作确实精良，最终在7分和8分中选了8分，感觉给7太低了，8分偏高但是四舍五入可以给到8，至少比隔壁卖狗和母鸡卡那帮老娘们逼逼赖赖你推我搡强太多了,8,力荐,2026-3-1 01:24,日傘星雨,431767,girls band cry
技术力没话说，结尾太仓促,6,还行,2026-2-28 21:36,Roxy1314,431767,girls band cry
（补档2024.12）作为一部日式少女乐队番，歌很好听，live的3d也很灵动，但是对于后来的两人组的安排不太友好，一直在解决的“做自己喜欢的音乐”其实并没有完全实现，回到了一开始的窘迫境地，希望有剧场版能够给出答复,7,推荐,2026-2-28 16:17,ANR,431767,girls band cry
GBC在画面表现这一块确实没的说，但剧情上的缺点也无法避之不谈，叙事的编排不太合理和13集TV动画的剧情容量导致结尾有些匆忙，甚至可以说是比较烂 然后是hina的人设从最后一话才开始立，明明是贯穿小孩姐一整个心理活动的重要人物，结果看下来似乎有没有都一样,6,还行,2026-2-28 13:11,🐷🦌🦊🦈🥥,431767,girls band cry
第一集观感很差，主观评分5分。宣传插画有多好看就衬得3D正片有多寒碜。从第一支单曲发布开始关注，到正片开播感到很失望，正片质量不如单曲PV，模型动作粗糙，表情总是过于夸张不够细腻，剧情发展生硬，讨论度全靠刻意meme化的镜头带起来，令人反感。希望后期角色全部正式出场开始铺陈之后能补足吧。第二集观感比第一集好很多。,6,还行,2026-2-28 04:54,ココアちゃん,431767,girls band cry
3d很优秀啊 演出 音乐什么的也很优秀 剧情前期挺精彩就是有点虎头蛇尾啊 还不错吧,7,推荐,2026-2-27 23:28,Kekdj,431767,girls band cry
求求东映再砸点钱出第二季吧,9,神作,2026-2-27 21:03,虹夏妈妈,431767,girls band cry
空の箱还得是mmk来唱，充满经历的大姐姐声音，温柔中有着一丝疲惫但又坚强的感觉。3d演出效果也特别好，就是帕鲁都累死了。,9,神作,2026-2-27 19:48,超级仓鼠王,431767,girls band cry
仁菜这个角色塑造得非常成功，小孩和大人的吵架写得也十分工整，整部作品却没有一个足够rock的结尾来应承前面的精彩，还是蛮可惜的。//我…我…我想起来了！?☝我才不是什么买够母鸡卡、什么纽带乐队、什么滑滑蛋、什么JELEE、什么芙兰秀秀的粉丝，我是有刺无刺的粉丝！（竖小拇指）,6,还行,2026-2-27 14:24,Melody,431767,girls band cry
乐队番就是要搞音乐啊,9,神作,2026-2-26 10:36,黑月,431767,girls band cry
很优秀的动画，这3d看的很舒服。,7,推荐,2026-2-26 10:13,TULUO,431767,girls band cry
"制作无可挑剔，精致的3D给观众带来了视觉盛宴，唯一不好受的可能是3D动画师们吧
不过整体来看并非十全十美，每一集都靠“爆”来解决问题，使动画变成了情绪主导而非剧情主导，完结之际再来细想剧情，其实就是4位低学历女士被1位大姐大带着不计后果的玩独立乐队，客观的讲，若这样的事情不是发生在动画中而是三次元中，或许我们也会嘲笑他们吧",7,推荐,2026-2-25 23:56,Aronnax,431767,girls band cry
动画7分，优秀3d+2分，gbc的3d太好看了,9,神作,2026-2-25 17:30,Miku,431767,girls band cry
万代，你简直就是我的神！,8,力荐,2026-2-25 01:06,Xrive221,431767,girls band cry
"这或许会成为我接受3d动画的转机/
/这动画做到这份上我觉得确实是相当牛逼了，很难想象花田同期还有个京吹，两边都不让主人公好过是吧？能不能让那所谓的抱憾美学一边凉快去？话是这么说，gbc的剧本我看着还是比较满意的，毕竟有刺无刺结束时是真的才刚刚开始，她们最后要真赢了钻团我才会觉得逻辑上有点说不过去（虽然会很爽）。最后感慨一下，小孩姐是真小孩，mmk也是真扭曲，两个傲娇凑一块，乐子遍地开。然后，rupa，tomo，486真可爱。歌也很好听，某些单集有花田魔法。",8,力荐,2026-2-24 23:43,guliwy111,431767,girls band cry
看之前已经通过各种二创云完了所有剧情，所以没啥新鲜感。故事没啥突出之处，制作倒确实很好，不过我其实不太喜欢这种画风。跟mygo一样二创比原作有趣。,6,还行,2026-2-24 20:00,Schiff,431767,girls band cry
没有羊，考虑一下,0,未评分,2026-2-24 16:40,久岛 理ღ,431767,girls band cry
不错的音乐番,8,力荐,2026-2-24 15:13,Reze_daisuki,431767,girls band cry
作为动画，3D演出效果是一流的，但是剧情上的节奏非常快，其实看下来是有一定疲劳感的。不过歌是真好听XD,7,推荐,2026-2-24 10:09,DJR是什麼,431767,girls band cry
差不多算是非校园题材青春动画吧,8,力荐,2026-2-23 23:53,霓原,431767,girls band cry
没有第二季吗？,8,力荐,2026-2-23 18:00,shishishiwos,431767,girls band cry
说实话真的挺不错的，动作也很灵动，剧情也可以，虽然也有缺点但优点很多。综合来看已经很好了,7,推荐,2026-2-23 14:24,圣园三力,431767,girls band cry
看的第一部美少女樂隊番，從一開始的能看降低預期，到後期可以相信再相信，每場live演出都是令人驚喜，抱歉鑽石星塵，刺團才是王道了,9,神作,2026-2-23 14:16,Itdaitsuyo,431767,girls band cry
音乐：冰;反抗;摇滚与少女乐队的优秀结合;后期剧情略有瑕疵，期待第二季剧情,8,力荐,2026-2-23 13:45,姚乐山,431767,girls band cry
太摇滚了,10,超神作,2026-2-23 13:07,Schwarzer_Regen,431767,girls band cry
如果没有第二季的话只能给6分，对于80的解密和结尾实在是过于神秘难以理解以至于出脑,6,还行,2026-2-22 18:48,简易拼装,431767,girls band cry
很明显是你的错，但我就是被这样的你吸引,8,力荐,2026-2-21 11:01,红炉点雪,431767,girls band cry
3d十分灵动，音乐夯（有冰），情感在ep8达到巅峰。后期给剧情减速（备战第二季？），结尾略微有些刻意，但整体完全对得起三个月的追番体验,8,力荐,2026-2-20 23:40,蜡屐丶,431767,girls band cry
"夯爆了！顶级MV！每一集都可以是神回，故事越看到后面越令人感动、泪目。
nina，因帮助被霸凌同学导致自己被霸凌至退学，她的成长与任性，正论怪就是这个年纪该有的年轻气盛的样子，虽然经常吵架，但正是她坚持没有错这一点才吸引到了更多人。
昴，队伍中的调和剂，高中生人设，不想和奶奶一样当演员，想组乐队，在音乐中宣泄。
桃香因为坚持自己的风格退出乐队，现在重组乐队遇到了一群同样目标的队友，在nina身上看到了曾经的自己。
小智也是辍学组乐队，但因为太坚持自己的想法，表达直白导致解散。现在的她和rupa一起遇到了能接受自己想法的人。
rupa，最知心最年长的大姐姐，经历了家人离世，陪伴小智度过了最艰难的时刻。
正是这样的五个人组成的乐队，才有着没有退路，不得不走下去信念。
太喜欢这样的歌词了，这些词发出的摇滚宣泄，就像刺一样击中人心。",8,力荐,2026-2-20 21:50,思详者,431767,girls band cry
2024.04.06-2024.06.30,8,力荐,2026-2-20 21:13,DKIIEX,431767,girls band cry
对世界竖起中指吧！,0,未评分,2026-2-20 20:44,青衣晓,431767,girls band cry
最好的3D动漫目前没有之一，在看之前我这辈子都想不到能有这么灵巧的3D化，演出效果不错，可惜结尾小坠机，女女关系很有意思，剧情无雷点。,8,力荐,2026-2-20 20:23,妖艳的猛男,431767,girls band cry
相对工业化的作品，也算是一种转型之作，相比之前大量的工业糖精这部作品已经进化成了一部三氯蔗糖水准的轻百作品了,7,推荐,2026-2-20 12:20,猫条,431767,girls band cry
"2024.7.23
486可爱捏",7,推荐,2026-2-20 00:48,硫酸盐,431767,girls band cry
大份,2,很差,2026-2-19 22:24,yume,431767,girls band cry
"追番/
抽离出现实，为极致的纯粹的执念震动、如梦入世。
20260118:对于我来说，动画贯彻的偏执与顽固实是难能可贵。很多时候并非不知道自己可能是错误的，想来总感觉长大后所谓“更城府世俗”的自己会后悔，但那或许并不重要，我们体验的是现在进行时的每一次心跳，我们保留青春感情的权利，不必装作“成熟”，至少在当下我们不用抑制自我，不用勉强和解向现实妥协，如此珍藏这样的宝贵的少数时光。",10,超神作,2026-2-19 20:57,リーガルリリー,431767,girls band cry
音乐和LIVE做得很出色，制作也太顶了，如果在11集结束这一季的话真的是很不错的一部作品；结果最后两集智能让我想起Princess Principal：主打一个跳跃和唐突，剧情快如火箭，人物的不少行为逻辑根本根本说服不了观众。以及DD的蓝毛和黑毛真可爱啊……,7,推荐,2026-2-19 20:57,Rye,431767,girls band cry
花田：孩子们，这并不好笑,0,未评分,2026-2-19 11:23,zing,431767,girls band cry
前中期有丰富的角色交流和冲突，情感宣泄的演出很直白，比较直击人心。草草收场是一点小问题，但是可以说次世代级别的制作能弥补，总体还是值得高分,8,力荐,2026-2-19 06:04,gdyger,431767,girls band cry
顶级制作。op很好听。剧情的话，相对于对摇滚的讨论，仁菜追梦成功更能打动我。后两集有点没必要了，吊胃口也不是你这么干的,8,力荐,2026-2-18 22:26,unhappy马希洛,431767,girls band cry
"很想吐槽不能打7.5分。
播出的时候我无限看好它吊打同期的水母，前半一路爬升的观感也给了我相当大满足感。可惜后续肉眼可见的急转直下与仓促结尾实在很难让我心悦诚服的给个8。不过也算是给近年来看动画很少的我留下了一点痕迹的片子。",7,推荐,2026-2-18 02:42,nxkmb,431767,girls band cry
486可爱捏,8,力荐,2026-2-16 22:06,驳客,431767,girls band cry
我擦我不好说,6,还行,2026-2-16 19:59,刃下心神了,431767,girls band cry
除了最后的播放量这种机械降鬼之外，只能说，神作！反正它是很深的触动到我了。立体的人物形象，不屈且反抗的内核，再佐以超强的演出，woc，最爱动画之一了好吧b（￣▽￣）d,10,超神作,2026-2-15 23:51,阴凉之地,431767,girls band cry
9-。文戏优秀。仁菜性格独特但又不招致观众反感，在剧情中还有成长弧光。Live的演出特效很有趣。昴奶奶没有被塑造成单纯的执拗家长好评。| ep.8 神回无须多言。| ep.9 仁奈的成长很棒，矛盾解决的过程很棒，但tomo的话与其说是建议不如说只是单纯的人身攻击吧.. | ep.10 又一个神回，不太感冒家庭戏但还是被感动到了 | ep.11 live太好看了 | 结尾真就是高高举起轻轻放下，live也只有半首歌，没有情绪爆点。,9,神作,2026-2-15 19:05,koala,431767,girls band cry
"三渲二做的很好，剧情过度也不错，就算是只听一听歌也是不错的
PS：我喜欢486和RUPA",10,超神作,2026-2-15 10:04,棠の祈,431767,girls band cry
【6.5+/10】仁菜那股子冲动鲁莽却又激情万丈的精神成为了全篇的最大内核，能否认同并欣赏仁菜对各种现实问题与矫揉造作进行横冲直闯是观看这部作品的一个门槛，从这点上看本作偏向理想与浪漫主义，如果对现实过分在意就会陷入无法进入心流的状态，我初看是也是如此，但在二刷后我坦然地进入了仁菜的节奏，跟着她一起闷头向前，此时的观看体验非常出彩，不仅仅是耗费心血的3d制作在视觉上与演出一同呈现了视觉盛宴，live歌曲更是在悦耳的基础上充分调动起了我渴望观看下去的欲望，但我实在是没想到这个结尾竟然如此糟糕以至于毁了我前面的所累积下来的激情，一方面是这个结局过分潦草轻率，粗暴把坑全填了之后留下第二季的预告这是很搞人心态的，而这结局的内核一反浪漫主义的美好，用现实迎头重击了主角团，后续的回旋让我看到精神全无，说到底gbc也算不上纯正的摇滚动画，但摇滚味被这结局一扫而空了,6,还行,2026-2-14 19:05,岚瑟,431767,girls band cry
优缺点明显的优作,7,推荐,2026-2-14 18:39,Ortiz,431767,girls band cry
人生没有正确答案,8,力荐,2026-2-14 14:57,暮暗骑士,431767,girls band cry
やり残した鼓動がこの夜を覆って,9,神作,2026-2-14 10:49,xgRuize,431767,girls band cry
冰,9,神作,2026-2-13 12:36,小猪权君,431767,girls band cry
结尾收的太草率了 歌不错,7,推荐,2026-2-13 08:17,你好沙耶亲-,431767,girls band cry
喜欢少女乐队的必吃,8,力荐,2026-2-12 22:33,唯野,431767,girls band cry
神，我是河源木桃香的狗狗,10,超神作,2026-2-12 22:00,GRXuan,431767,girls band cry
笑麻了，有种当年追mygo的感觉总之非常爽。集集都有文戏+live演出/大小唱，配乐在渲染情感上做的很到位，节奏缜密观感十分舒适。3d模型的面部微表情处理也很出色（2d作画倒是很廉价），可惜结尾太仓促不是很满意，期待续篇,8,力荐,2026-2-12 13:17,ifo,431767,girls band cry
前面忘了后面忘了总之就是开始溜冰,7,推荐,2026-2-12 08:52,不愉快,431767,girls band cry
果然我对少女乐队这个题材就享受不来,0,未评分,2026-2-12 07:20,比企谷家的吉他,431767,girls band cry
期待第二季,8,力荐,2026-2-11 05:25,媒幽攘,431767,girls band cry
飞起来,5,不过不失,2026-2-11 02:13,空白SG,431767,girls band cry
还是很好的 3d很舒服 表情很到位 少些日常拉扯 挺好的,8,力荐,2026-2-11 02:08,たんぽぽ,431767,girls band cry
要以环境之镜来反映人之镜，而不是将内心当成本我自我审视，否则人永远也不会成长，就像这部作品,6,还行,2026-2-8 19:06,某人,431767,girls band cry
过期食品,0,未评分,2026-2-8 14:15,persty,431767,girls band cry
3d制作很惊艳 对live的表现力提升很大 矛盾的塑造确实摇滚 最后的结尾也确实虎头蛇尾 期待后续,8,力荐,2026-2-8 11:36,AY,431767,girls band cry
能够引起很深的共鸣，每次都会感觉人生能感受到、体会到这些我虽然不曾经历但是深刻认可的信念在动漫里被确定的感觉真是太好了,8,力荐,2026-2-8 03:27,闪光的舞姬,431767,girls band cry
看得很爽，听得很爽，二创溜得很爽。但没有续集这一点实在是非常严重的缺陷,8,力荐,2026-2-7 23:41,soyo,431767,girls band cry
伟大，无需多言,8,力荐,2026-2-7 23:05,好姐妹王决心,431767,girls band cry
二创才是本体，绝无仅有的追番体验,8,力荐,2026-2-7 21:48,mxy,431767,girls band cry
你的3D制作很丝滑，你的粒子特效很神秘。前十一集的剧情中规中矩，稳中带点创新，后两集则不尽人意。同样是近几年有热度的少女乐队动画，演出比mygo强，人物塑造与关系处理不如mygo，真希望这俩的优势能够结合。几首live写的还不错。而且我发现似乎这类番的故事推进只能靠冲突和爆点了，孤独摇滚的那种完全依托于人物欲望的动机线推进几乎很难再见到。,6,还行,2026-2-7 10:59,平丘寻冬,431767,girls band cry
13集结尾太仓促,9,神作,2026-2-6 21:13,jerryzrf,431767,girls band cry
太好看了，百看不厌啊，除了纠葛的剧情，角色讨喜，音乐好听，画面好看，制作组技术力无敌,9,神作,2026-2-6 19:36,setosan,431767,girls band cry
感谢nina带给我的勇气！不放弃就不会输！,10,超神作,2026-2-6 12:15,残梦,431767,girls band cry
幼稚，无聊，不够朋克，而且歌的混音我不爱听,6,还行,2026-2-5 18:31,草莓十字架,431767,girls band cry
"第八集神回確實很頂,其他無感,歌有一直在聽哦",6,还行,2026-2-5 14:53,pinkmad104,431767,girls band cry
无槽点,9,神作,2026-2-5 03:57,Clementine,431767,girls band cry
6.8,7,推荐,2026-2-4 23:35,江表之力牧,431767,girls band cry
少女乐队四大名著之不得不品的一环,7,推荐,2026-2-4 20:05,cpl,431767,girls band cry
竖起中指吧,8,力荐,2026-2-4 19:34,赤夜,431767,girls band cry
由于最近少女乐队这个风评属实抽象，所以我一开始还以为这会是个什么比较抽象的剧情，结果看完感觉还挺不错的，剧情节奏虽然比较快但是总体来讲观感还算是很舒适的，就是结尾那里感觉断的时机让人虽然知道这是最后一集但总感觉还有下一集,7,推荐,2026-2-4 14:02,长青,431767,girls band cry
二刷，没有一周目那么让人感觉莫名其妙，插曲风格也更听得来了，3d制作确实顶，许多抓马剧情乐子适中，不过还是也没很喜欢的感觉，剧情现实但略显平淡，某些桥段挺尴尬的，团员间的羁绊没有太彰显出来，只能说希望第二季还能更好吧（如果还有的话）,8,力荐,2026-2-4 11:49,nocedjames,431767,girls band cry
"再见了,所有婆罗门",8,力荐,2026-2-3 17:40,二阶堂希罗,431767,girls band cry
哦刚发现一直忘了评了。很个人的评价，音乐之外有点庸俗的作品。女女关系性的刻画描写有点一般了，也没有足够出色带动渲染情绪的能力（起码对我而言）。脚本构造贫瘠，小孩姐家庭的故事会算平行比较下突出的一点。如果没第二季的话这种结尾未免太过草率，唉花田。,6,还行,2026-2-3 17:18,月中谪仙风荡,431767,girls band cry
很乐队番的乐队番,8,力荐,2026-2-3 00:16,洛沐,431767,girls band cry
那我缺的第二季谁给我补啊,7,推荐,2026-2-3 00:12,air,431767,girls band cry
中专的吻痕,7,推荐,2026-2-3 00:09,猪颜辞镜花辞树,431767,girls band cry
烂尾，出第二季再说,5,不过不失,2026-2-2 23:13,辇道增七,431767,girls band cry
好看,8,力荐,2026-2-2 20:48,嘘月,431767,girls band cry
虽然有很多问题，但情绪推动力拉满了，第八集算是个人年度最喜欢的一集，由于我从来没不喜欢过小孩姐，所以观感和评价都很好。一次难忘的追番体验,8,力荐,2026-2-2 19:35,Simple_Cry,431767,girls band cry
想看第二季啊,8,力荐,2026-2-2 17:14,德图想算,431767,girls band cry
有点像新旧各生代文化集结的杀人书【犯罪片里经常有的，犯人为了掩饰，用的剪纸信】,0,未评分,2026-2-2 14:33,隽杰,431767,girls band cry
3D技术做的太丝滑了，不过感觉rupa和tomo的塑造感觉有点少了，蹲第二季,8,力荐,2026-2-2 14:31,MLPK,431767,girls band cry
我大概这辈子都不会忘记GBC了吧,10,超神作,2026-2-2 12:51,想吃丸子面,431767,girls band cry
"这结尾太难受了吧，不知道何日能等到第二季。除了27和mmk其他队友塑造不算多，比较可惜。
我还是挺吃花田这一套的，情感上到位了。虽然有些情节确实不能细想（）
这种3d做的好可爱。
音乐意外的没怎么对上电波，再听一会。",7,推荐,2026-2-2 09:39,Wikn,431767,girls band cry
歌好听，3d技术力高，剧情有点神人（或者说摇滚）了,7,推荐,2026-2-2 03:21,huoyu,431767,girls band cry
歌质量很高，剧情感觉一般,7,推荐,2026-2-1 22:45,swyQAQ,431767,girls band cry
"感情的宣泄很真诚很直接 没有那么多拐着弯的别扭劲
这样的rock 我认可了！",9,神作,2026-2-1 02:17,清炒虾仁,431767,girls band cry
"演出无敌
画质感人
3D质量神中神
确实很摇滚啊
后期剧情有点收不住",8,力荐,2026-1-31 22:50,bxta,431767,girls band cry
7.5,7,推荐,2026-1-31 14:13,Liickw,431767,girls band cry
"能让我坚持看完的是超绝工业水平,剧本反而是让我观看烦躁的来源,最后选择放弃思考享受东大妈的技术力",7,推荐,2026-1-31 13:48,Rindd,431767,girls band cry
"平稳落地，瑕不掩瑜
还可以吧希望有下一季",8,力荐,2026-1-31 13:38,MarisaATF,431767,girls band cry
"2024新作 我心中的top1
结尾的处理有点拉了，这个8分给得很别扭，心中7.7-7.8分左右的作品",8,力荐,2026-1-31 12:29,61117_s-s,431767,girls band cry
"本身不是很喜欢这种题材，但是看完感觉很好，插曲很好听，特别的作画也使角色非常可爱
momoka这个角色给我的感觉很奇怪，故事里拉着高中同学破釜沉舟搞乐队，最后不乐意直接跳车了，还好动画里过的比较惨要不然她的观感真的会差很多，就这样还被主角硬推着跟老队友对决，这样想想主角其实是不讨喜的，把自己的意愿强加在其他人身上，作者为什么要为读者负责，你听了她的歌被解救了，也许只是别人的随手一曲，一千个观众有一千个哈姆雷特，拜托你不要擅自期待、擅自破防啊，hhh
13集想讲好一个贴近现实的成长故事太仓促了，还是比较可惜的",8,力荐,2026-1-31 01:31,Hikaren,431767,girls band cry
翻译也改的很及时啊，前面还好，后面又加公司，这到底是乐队番还是偶像番,8,力荐,2026-1-30 22:39,再睡一夏,431767,girls band cry
本来觉得3D挺看不进去的  啊啊啊486可爱腻  mmk这个美啊 一开始觉得nina这个b性格挺烦的 但是他就是那种不服输的性格啊   老子就是喜欢这种直击心灵的番 终于可以看到不同风格的乐队番了 不再是人物类似 也不是剧情类似 nina篇还是挺感动挺戳我的  第十集真夯爆了 成长与青春共鸣 冰！！！！！！！,8,力荐,2026-1-30 22:25,喜之郎,431767,girls band cry
"小孩姐我还挺喜欢的，其中印象深刻的与父亲和解、很多女女关系的吵架和解都很不错。
但是故事完整性欠缺，同时人物塑造没有mygo的出色，gbc当中后期加入的两个角色在前期的画面太少，以至于到后期这俩角色与整个团体的互动性，给我观感一般。
最严重的问题是，我怎么总感觉这故事都不是马上下个阶段了，是在进入第一个阶段结尾的时候把结尾砍掉了，这给我极大的割裂感7.5-8分左右，没有mygo那么优秀，但也算值得一看的少女乐队题材作品，小孩姐刻画极其优秀。
不赞同小孩姐的价值观，但是欣赏她这种精神，可能也随之年龄越来越大，不再是希望成为而变成单纯的欣赏这类人了，我对小智的观感很一般，远没有在看mygo与母鸡卡对祥子的喜爱和乐趣，整个剧情当中桃香的之前的钻石星辰基本上就是纯背景板，她的那仨队友跟路人没啥区别，对粉毛刻画态度好，最后一集草草结束，有感动也有乐趣，但",7,推荐,2026-1-30 16:31,码头上没薯条,431767,girls band cry
ここ十年最強なバンドアニメ,10,超神作,2026-1-30 14:25,orikiyui,431767,girls band cry
11分，扣0.99分没有第二季，扣0.01分结尾曲没播完，扣零分结局没有赢,10,超神作,2026-1-30 13:38,gretino,431767,girls band cry
熙熙攘攘我们的青春,0,未评分,2026-1-30 12:32,yiyi,431767,girls band cry
歌好聽,8,力荐,2026-1-30 02:05,45LP,431767,girls band cry
你给我摇滚出去,7,推荐,2026-1-30 00:16,千里常有，而马不常有,431767,girls band cry
前面神，最后两集有点拉了,9,神作,2026-1-29 23:52,Null,431767,girls band cry
live演出很惊艳，全程3d毫无违和动作流畅得令人印象深刻，大部分曲子都很有jpop味，仁菜cv理名稚嫩但具有爆发力的声线也非常适合摇滚，美中不足的是对键盘手贝斯角色的塑造太少了，后半段剧情也略有赶工，感觉结束的较为突兀，是一部高开平走较为遗憾的作品,9,神作,2026-1-29 22:34,一根烤韭菜,431767,girls band cry
?,8,力荐,2026-1-29 21:47,clesa,431767,girls band cry
"...故事方面我认可了。
...但是除了空之箱以外的其他歌我自己真觉得听不下去。
唱太快了...风格不喜欢，
导致我在大量skip。
由于接受不了是我的问题，所以就不给6分了，给7分吧。算补偿一分。
但我不想看第二遍了。",7,推荐,2026-1-29 15:49,末永唯,431767,girls band cry
（1）,8,力荐,2026-1-29 08:43,Hong-2,431767,girls band cry
又是百合(？)，别急，我细细品尝,5,不过不失,2026-1-28 22:31,Mad,431767,girls band cry
主要割裂感来自戏外，二偶企划说不要资本有点奇异搞笑了。剧内最后几集有点左右脑互博，但动作流畅live好看能加不少分,7,推荐,2026-1-28 21:26,TrAveller7150,431767,girls band cry
制作很棒。但有雷点。,6,还行,2026-1-28 14:21,by63x66,431767,girls band cry
"音乐的角度我打10分，太爽了这个有刺无刺！当时是看了PV，好厉害的3D作画，还是原创番，我倒要看看是什么样的。

原创番……标准结局……不能说低走吧，很戛然而止的感觉？

动画剧情的处理上，人物故事线来说很喜欢第十集仁菜回家的这段情节。",8,力荐,2026-1-27 23:38,予禾,431767,girls band cry
小孩姐可爱捏。歌曲也不错。,8,力荐,2026-1-27 13:40,lennox,431767,girls band cry
"大量精细3d的运用，带来了出色的画面表现以及生动的角色表情动作，几个角色的配音贴合形象，歌也好听。但剧情上，正论怪物巨大冲击gbc（？
从人物行为来说，其他角色的成长都遵循“组乐队-乐队与雷点冲突-解决心结”的模式，传统好用。但作为叙事中心，剧情中反复强调与自己、与家庭、与队友、与钻团的冲突，会让我感受到一种“小孩姐为什么又在找事”的荒谬感。
从剧情层面看，乐队的所有重大转折，无论是成为职业乐队、还是与钻团的纠葛、抑或是出道后又光速退社，起因或导火索总可以归结到小孩姐。小孩姐做这些是为了证明自己？替mmk正名？反抗在学校遭受的不公？还是单纯的想做一个天天辩论的正论怪兽？这一系列事件的爆发是否考虑过队友？或者说，13集结束，我们看到的是成长的小孩姐，还是认为自己不需要成长的小孩姐？
而最后以退社结尾，都只能算是情绪低谷剧情平稳落地的小遗憾了。",7,推荐,2026-1-27 07:11,vapourbun,431767,girls band cry
非常好三弟动画,1,不忍直视,2026-1-27 00:03,吉成曜的弟弟吉成灶,431767,girls band cry
制作太强了，这3d水平甚至可以说是我在日本动画里见过最强的没有之一，人物的表情和动作演出做得非常出色。剧本前面都还不错，但最后两话过于糟糕且烂尾了。看到本片中最讨厌的粉毛都能被洗白，我还能说什么呢,7,推荐,2026-1-27 00:01,N,431767,girls band cry
2026-01-26 | 新时代少女乐队典范,8,力荐,2026-1-26 22:49,Rei,431767,girls band cry
最后一集很一般……感觉太快了。光速出道光速辞职,7,推荐,2026-1-26 10:49,汐璃,431767,girls band cry
重新看了遍，其实是可以给十分的，节奏和动画都是给后来人的新范式,10,超神作,2026-1-26 03:16,魏学沂,431767,girls band cry
剧情是乐队天花板,8,力荐,2026-1-25 11:02,缩暴帅,431767,girls band cry
很好，但是无聊,6,还行,2026-1-24 17:25,我要吃小豌豆,431767,girls band cry
7分但是歌+1分,8,力荐,2026-1-24 13:22,永遠花,431767,girls band cry
就还好！,6,还行,2026-1-24 09:08,为一时不知如何取名而悲伤,431767,girls band cry
二刷，虽然我不懂摇滚，但我感觉正论怪物很摇滚，结果路边一条很现实也很摇滚。从小时候被家长强迫为自己没做错的事道歉成为一辈子忘不掉的心理阴影，但不知什么时候开始一有人指出错误就唯唯诺诺地低头认错，心里再不爽但我只能安慰自己从经验来看这是最省事、最轻松的方法。就在前几天我骑车拐弯被路口冲出来的车撞了，那人刚爬起来就一口咬定我全责赔钱，看了看手表还有 5 分钟迟到，我再想理论也只能对对对然后赔钱走人，还要看他指高气昂地教训我以后拐弯记得长眼睛看路。至少对我这个被现实拷打而冷漠的灵魂来说，小孩姐这种我没有错的意志还是很感动的，在内心深处我也好想无视现实各种枷锁和这些咄咄逼人的家伙战斗到底啊(bgm38)。,0,未评分,2026-1-24 01:04,~翻~车~鱼~,431767,girls band cry
前半表现力十足很打动我，后半拉胯了,7,推荐,2026-1-24 00:39,末散,431767,girls band cry
你知道的，我一直都是刺团的粉丝,8,力荐,2026-1-23 22:58,水野じゅんこ,431767,girls band cry
美味的女乐，使我的大脑旋转。虽然是3d但是演出观感不差，矛盾1集内解决，比隔壁那个很多字母的好多了o(´^｀)o,8,力荐,2026-1-23 22:44,ウゲツ,431767,girls band cry
观感舒服 难得的3d了。配得上音乐番这个称呼。她们真的是在好好搞乐队搞信仰搞音乐啊！,8,力荐,2026-1-23 19:43,暑雨,431767,girls band cry
小孩姐有闹麻了，感觉不如mygo,7,推荐,2026-1-22 18:10,Kanomi,431767,girls band cry
觀感還不錯啊，尤其是後面。第八集最後嚇到我了，竟然真的這樣說了。第十集神回啊，我說過別拿親情刀我。看完了，可能找到評分低的其中一個理由？現實主義者向理想主義者致敬，雖說大多數人，包括我，在經過摧殘、挫折後，無可奈何向現實低頭，不過我很喜歡這動畫。「我沒有錯」，很喜歡仁菜的這句。的確呢，這世界可有問題了，如魯迅所說：「從來如此，便是對嗎？」別看不起理想主義者，也別笑被現實打敗的他們，因為我們也是。,8,力荐,2026-1-21 23:33,3QBomb,431767,girls band cry
3D制作丝滑灵动，名场面也比较多，然而断章的太突兀，剧情里呈现的很多矛盾雷声大雨点小。,7,推荐,2026-1-21 21:58,卧波云龙,431767,girls band cry
最喜欢的乐队番（之一？）,9,神作,2026-1-21 18:07,Ahat,431767,girls band cry
非常好的音乐番，令人眼前一亮的3D风格，活泼生动的剧情演绎，必定在音乐番史上留名，我唯一想吐槽的就是，为啥每次主角团开唱时，感觉音源就被换了，声音被压下去很多，不够爽,8,力荐,2026-1-21 00:01,AokeedeA,431767,girls band cry
live 真不赖，人设除了小孩都不错，但是小孩唱的歌真不赖吧。情节抛开 ep9~13 不谈也可以吧，ep12/13 像（x）就是大奋。还是期待一手第二季吧。能有这个分纯粹是歌不赖。7.7(+0.8),8,力荐,2026-1-20 21:30,bot,431767,girls band cry
五集弃，这部也算属于带着期待慕名而来的 前几集还挺好有意思有梗 但看着看着不想看了… 每集怎么都要老套的吵架争执下 剧情不够抓 老套的甚至看着没有很期待后面两人的加入 所以还是决定弃了，两星多一点吧多出来的给486 昂是很好很完美的，总结观感是不如孤独摇滚,4,较差,2026-1-20 16:34,小面汤,431767,girls band cry
后面写的不如前面，小孩姐的烦恼也感觉就那样，mmk开大车哭的那段算是全季最好的部分，以及声优到底打赢复活赛没有,8,力荐,2026-1-20 01:41,faronar,431767,girls band cry
"两段超级live，超级没尾剧情。
本身可以有6.5的样子，但是如果你的不甘心都是假的，现实里没办法回到五人团。小孩姐是动画里面的自己想要对抗的样子。很难过。
超级回旋，团队集齐，一起爽快live ，除了最后结尾没做好，别的都给我反抗的力量。是最好的少女乐队之作！最强少女乐队！",8,力荐,2026-1-19 12:05,05mengmeizi,431767,girls band cry
还行，特别是接住了mygo之后avemujica之前的时间。,6,还行,2026-1-19 08:11,许谎,431767,girls band cry
偏现实，偏励志，最大的缺点是没有第二季,7,推荐,2026-1-19 02:46,Rikka,431767,girls band cry
制作精良，理名演唱给力，东映前所未有的制作方式为角色精细度和观感加分不少，剧情方面只能说无功无过，除了仁菜意外没有看到其他角色太多的特色，更多的笔墨还是着在了仁菜内心的成长上了，但只能说我不大感冒。,8,力荐,2026-1-18 23:17,声优编集者,431767,girls band cry
我最喜欢花田的魔法了,9,神作,2026-1-18 22:49,生鱼,431767,girls band cry
剧情没有槽点；第八话是神回（主要是“老DD永不解散”，“老DD坚持原创”和“害怕新刺团重蹈覆辙”的矛盾），对MMK的心理描写很强大；486很好看，NINA很好看。,8,力荐,2026-1-18 09:56,1s77k,431767,girls band cry
神中神，夯中夯,10,超神作,2026-1-18 06:10,fxyll,431767,girls band cry
"无论是愤怒、喜悦还是悲伤，全都倾注其中。

作画，爽！音乐，爽！演出，爽！
剧情除了最后两集叙事节奏有明显问题之外整体是非常不错的。
也算是日摇启蒙（?）",9,神作,2026-1-17 12:26,Jason,431767,girls band cry
我需要第二季,8,力荐,2026-1-17 00:41,温庭筠,431767,girls band cry
高开低走了,7,推荐,2026-1-16 23:56,鸢一千纸鹤,431767,girls band cry
最后一集像是腰斩了，如果没有第二季的话其实是一个不太令人满意的结局。整体还行,8,力荐,2026-1-16 01:52,kairt,431767,girls band cry
补评论：少数我看着不难受到3D，优秀的音乐，有些瑕疵但无伤大雅的剧情，但我还是希望乐队其他角色也能有更多塑造……如果剧情停在空白与宣泄那首歌的那一集我可能会给更高分吧,8,力荐,2026-1-15 22:07,翎羽,431767,girls band cry
歌很好听 486酱很可爱 但是剧情不够完整 衔接有点生硬，总的来说不是一次失败的尝试,7,推荐,2026-1-15 17:36,冷月滴泪,431767,girls band cry
"歌好听 剧情也还不错 就是收尾有点略感仓促
。。。三次元企划能不能活过来啊东映？",7,推荐,2026-1-15 17:23,cc慢慢龟,431767,girls band cry
"高超的3d技术力背后是staff们的努力。
前面两集非常惊艳，后面关于青春成长的叙事我不喜欢。",6,还行,2026-1-15 15:04,mikoto334,431767,girls band cry
在本心方面，以愤怒为底色，把对不公和从众的抗争贯彻到底，仁菜是对的。在搞乐队方面，相比商业上迎合受众大卖的乐队，有个性和独立主题的乐队在立意上更高远，仁菜又对了。我不是不能输，但我不能违背我的本心，以及内心中燃烧的愤怒——我要尽我所有的力量，即使不能把一切打碎，也要用全身的刺给你们留下伤痕。对我而言，トゲナシトゲアリ的灵魂，这位不讨喜的正論モンスター，无疑是摇滚精神的绝佳体现。//很喜欢本作的仁菜part（ep1，ep10，ep13等），配上优秀的画面和曲目，情感演出非常精彩。乐队题材是适合写群像剧的，本作的人设也非常好，然而另几位主角有点可惜，除了桃香刻画稍多，看得出还有很多内容没有展开（展开好不好另说了）。//还是仁菜，一边大喊大叫，宣泄情绪，竖起小指；一边到处用佛像周边（？），在群聊里发佛像感谢表情包，这怎么能不算是另一种霹雳手段，菩萨心肠？,8,力荐,2026-1-15 00:26,香饵,431767,girls band cry
主线剧情我其实不想讨论什么，但是情节设计和表现力非常棒，如果不是结尾比较仓促，我要给出10分！剩下的都是k帧帕鲁的功劳，这个3d风格我真的非常喜欢，不知道这辈子还有没有下一次,8,力荐,2026-1-14 05:19,成神之日,431767,girls band cry
看不下去，算了感觉就不适合看这种乐队之类的番,0,未评分,2026-1-13 16:22,浇汁鲨鱼,431767,girls band cry
这番的看点首先就是3D了 算是我看过的3D表达的最完美的动画之一 角色表情 动作 舞台展示 都很灵动 和2D的优势比起来就是展示的更加完整。另外和其他的mygo mujica比起来 这番的重力实际上是关乎角色自身的成长 所以其实相对来说也不怎么重力。再加上角色的塑造其实也挺完善的 所以我认为算是很优秀的作品 缺点当然也有 也就是后期的剧情稍稍显得有些赶 算是个不大不小的遗憾吧。,8,力荐,2026-1-13 00:55,最喜欢老仓,431767,girls band cry
喜欢，就喜欢看这种的,8,力荐,2026-1-12 20:22,Hoshiro,431767,girls band cry
补标 25.9.13,7,推荐,2026-1-12 19:06,壹贰叁肆,431767,girls band cry
结尾收的有点粗糙 个人回没安排到位 3D很灵动完全是超一流水平  角色塑造挺有趣,0,未评分,2026-1-12 18:36,随便怎样吧,431767,girls band cry
可能我过了看正论怪物肆意任性的年纪了，看着27想出道出道，想对邦对邦，想退社退社只能感觉到队友为其擦屁股的无力感。剧情上最后三集的完成度堪称灾难，演出方面虽然是3d但微表情和肢体都相当令人眼前一亮，只是这样的高强度压榨也注定了其后期的乏力。,7,推荐,2026-1-12 18:15,白之島與貓,431767,girls band cry
看的时候有一种感觉：原来这就是真正的摇滚！摇滚的音乐，摇滚的剧情，摇滚的小孩姐,8,力荐,2026-1-12 00:15,xxf,431767,girls band cry
花田的魔法，高考前每次回家都爽看三集，高考的时候跟好哥们穿着她们三个live的衣服考的，我大概这辈子都不会忘记那个六月了吧,10,超神作,2026-1-11 21:53,椎名真物,431767,girls band cry
歌可以啊。,8,力荐,2026-1-11 21:27,Akira,431767,girls band cry
竖起小指吧！！,9,神作,2026-1-11 15:15,芙芙可爱,431767,girls band cry
"主唱唱功没的说，歌曲质量还算高
其实我对三渲二不是很感冒，但能感觉到用了心了
后半进度实在太赶，观感还算可以
总结:差点意思 给六分有歌的加成",6,还行,2026-1-11 01:46,砂糖橘ovo,431767,girls band cry
"每個玩樂團的人都有自己的理由，而本作的主角們正是因抱持著""我沒有錯""、""想反抗""、""想證明自己""的想法才聚集在了一起，這樣的情感宣洩，比孤獨搖滾來的猛烈，比mygo來的現實，將世間的不公與理念的不合全部釋放到音樂與歌聲中，這就是搖滾啊。而此類的題材正是花田的舒適圈，快速的劇情節奏讓觀眾不用在意劇情的細節只需隨著體會那豪放不羈的情緒流即可。本作的3D是另一個值得誇讚的點，絲滑順暢又Q彈的動作表現力不輸2D，頭一次覺得有這品質的3D那不用2D也行的動畫，而這背後是東映的帕魯們對著分鏡一幀幀K了三四年的心血。歌曲部分初聽沒特別喜歡，但意外地耐聽，現在刺團反而是最常聽的。結尾倉促的斷章算是本作唯一的遺憾，加上動畫完結後無後續企畫的消息便顯得有些不負責任。繼孤獨搖滾與mygo之後GBC也成功走出了屬於自己的路，不過照這製作進度就算有二期2028能出已經很樂觀了",8,力荐,2026-1-10 20:45,芒果咖啡,431767,girls band cry
结尾太仓促了,5,不过不失,2026-1-10 03:33,remelll,431767,girls band cry
"非常有创意且舒适的画面的画面风格

剧情的话也挺不错的，非常有趣，成不成熟占且不提",9,神作,2026-1-10 02:42,散礼,431767,girls band cry
"2024-06-29 看完
歌不如孤独摇滚，二创不如mygo，但是3D制作水平太强了",6,还行,2026-1-9 23:48,躁动的U型锁,431767,girls band cry
近些年真的很少看到这种只看第一集就想要追番的作品了；本作的3D作画水平相当出色，前期观感无敌，后面剧情质量有点下滑,7,推荐,2026-1-9 14:16,gokumonnadeshiko,431767,girls band cry
歌好听，模型好看,7,推荐,2026-1-8 21:13,白川遥,431767,girls band cry
很好的作品，但感觉还是差点意思,7,推荐,2026-1-8 17:25,TorrentTamer,431767,girls band cry
乐队！乐队！乐队！花田进场啦！花田进场啦！不要给星三任何机会！伟大的轻百合系构！在这一刻，他继承了昔日自己的光荣传统，小南极，京吹在这一刻灵魂附体，花田十辉，他代表了日本动画界写百合十倍出力的悠久传统！在这一刻，他不是一个人在战斗，他不是一个人！,8,力荐,2026-1-8 16:56,扶她进来,431767,girls band cry
每一个勇敢追梦的人都是最棒的！,7,推荐,2026-1-8 13:39,Mortis爱吃苦瓜,431767,girls band cry
剧情9/10分，音乐9/10分，但GBC的セルルック效果是我目前看过的所有番里面最鹤立鸡群的存在。最初也是因为看到了竖中指谢谢的切片，然后被セルルック的质量狠狠惊艳到了才去追的（很久之前被LoveLive! Sunshine!!粗制滥造的3DCG演出吓晕过，吃过的最好的3D细糠也不过是希德尼亚的骑士这种水平的，东映则是直接改变了我对CG动画的认知——妈的只要肯砸钱就能做出无敌的セルルック动画，穿插2D手绘是为了省经费说是）。但我并不是因为这个100/10分的制作才打的10分，打10分是因为我喜欢理名！！！,10,超神作,2026-1-8 06:12,Moroshima,431767,girls band cry
适合小市民的摇滚精神，祝愿每个486不必成为nina就能收获幸福,8,力荐,2026-1-8 03:46,存在主义爱丽丝,431767,girls band cry
nina是小孩,10,超神作,2026-1-7 13:45,dusk,431767,girls band cry
"前面忘了后面忘了，总之竖起中指
Ps：rupa的大雕同人真的很好看你知道吗",5,不过不失,2026-1-7 02:31,hbgodseeker,431767,girls band cry
這不比隔壁好嗎（。,7,推荐,2026-1-7 01:58,微恩,431767,girls band cry
"没看之前就被出圈的表情包刷爆过，近景手绘表情是真的精致，这种建模应该是我目前看过最精致的3D
不过远景依旧3D塑料感和Mygo一个通病
，剧情节奏上很流畅不会出现莫名其妙的小插曲（都有对应的伏笔），影响整条故事走向，一直低谷（详见Mujica），结尾略低于预期但也不算差
486是好女人...",9,神作,2026-1-6 23:39,olafbruce,431767,girls band cry
音乐无敌啊,8,力荐,2026-1-6 14:08,淏,431767,girls band cry
"制作和音乐是真的顶，小孩姐太牛了，就是不懂为什么live用录音室音源，临场感太差了，都不愿意改改混音，做成偶像番了
486一开始棒读也很出戏，到后面进步明显，可爱捏
剧情纯纯王道走向，结尾有点小孩过家家了...",8,力荐,2026-1-6 09:50,rr0r,431767,girls band cry
太爆了,8,力荐,2026-1-5 17:16,七月初七,431767,girls band cry
或许是近几年最喜欢的作品，集集有爆点，演出更是无需多言；确实存在很多问题，但看得很开心,8,力荐,2026-1-4 21:44,橘,431767,girls band cry
个人喜好加分，部分剧情处理不太满意,9,神作,2026-1-4 21:32,天幕,431767,girls band cry
7.6,7,推荐,2026-1-4 17:14,Ryooo,431767,girls band cry
不算好，但是好看。剧情上没有什么有深度的东西，女主相当神人，一些爆点甚至把我看笑了。有种商业化作品的感觉。不过换一种角度来说追番体验相当轻松愉悦。,7,推荐,2026-1-4 15:41,细小,431767,girls band cry
正如很多真正的乐队人所评价的那样，刺团的一切都太顺利了，显得有些失真，不过轻松一些的乐队番也没什么不好。东映的美术制作过于有能，顶尖的3d动画水准。,8,力荐,2026-1-4 15:04,H1yajo_Mah0,431767,girls band cry
快出第二季,7,推荐,2026-1-4 13:27,渚汐,431767,girls band cry
优秀的3d略带争议的剧情，疑似有点rock了,7,推荐,2026-1-3 17:47,lafea,431767,girls band cry
无感，不是花田的问题，是我的问题,6,还行,2026-1-3 13:42,Nanoha,431767,girls band cry
2025.1.14,7,推荐,2026-1-3 02:03,井上泷奈,431767,girls band cry
人物性格塑造出色，人物形象鲜明,8,力荐,2026-1-2 20:46,闪狐,431767,girls band cry
"有部分很割裂，整体不及预期
角色个性算是塑造出来了，矛盾很到位，乐队里形象各个都挺立体的，虽然是3d但是做的非常不错（看得出来很烧钱，脸部造型跟光影很用心
歌曲水平不算稳，就op跟番内其中两首比较好听。",8,力荐,2026-1-2 11:29,Ikeni,431767,girls band cry
前期很好，少见的好看3D，个性的人物塑造，不错的歌。但是后面几集的剧情有种完全可以没有的感觉,6,还行,2026-1-2 04:18,BGM饼干酸奶,431767,girls band cry
7.7分，好看的少女乐队番，需要第二季多来点live,8,力荐,2026-1-2 01:44,Mortis,431767,girls band cry
【7】这个3d制作真好，画风独特，故事主线很清晰，人物形象慢慢饱满让人印象深刻，人物的坚持都刻画的很清晰合理，但是本剧从头到尾一直强调女主一直都是正确的，真的有认真刻画出女主的成长吗？不过音乐对人物关系的和解和拉进起这净化心灵的关键作用，但第一季在结尾之前其实一直都还在处理乐队之外的困难，一直到最后一话真正在做好了一切努力之后仍遇到因为要坚持自己而出现的叫好不叫座的困难，同时最后一集也很好地诠释了妮娜的坚持，希望能有第二季，想看她们后面如何克服乐队叫好不叫座的困难，以及人物后续的成长,7,推荐,2026-1-1 23:45,czyhz,431767,girls band cry
这部是一直想看但放着没看的，因为评论老是刷到只有一个正常人，但是看了还好，第一季其实展开讲了2个人的故事没有想象中的负担，反而全程节奏舒适，每几集就会有小高潮，低谷不会一次性很久。然后是这个3D，让我开眼了。我很喜欢live时成员的表情，比如k一on，后面看Mygo感觉表情不够生动还有点遗憾，没想到同为3D的GBC做得那么好,9,神作,2026-1-1 19:41,枫笺集思,431767,girls band cry
音乐太好听了,10,超神作,2026-1-1 19:04,冬天会开花,431767,girls band cry
不赖,8,力荐,2026-1-1 01:46,尤莉,431767,girls band cry
"歌好听，就是后面几集有点急感觉，退事务所有点突然？希望有第二季，
2026元旦补，之前给低了，这绝对是对我意义非凡的一部番，有资格在我这拿到最高分",10,超神作,2026-1-1 00:52,LightningYu,431767,girls band cry
女同很美很萌很好吃,8,力荐,2025-12-31 13:00,aleeeee,431767,girls band cry
就是能笑着看，喜欢。,9,神作,2025-12-30 23:50,欧点奥,431767,girls band cry
歌好听人好看，剧情不错，有笑点有泪点，结尾仓促，不妨碍是一部制作很不错的少女乐队番,9,神作,2025-12-30 13:56,冬水泛滥,431767,girls band cry
好看，组乐队是对的,8,力荐,2025-12-29 20:06,just-luv,431767,girls band cry
小孩姐的人物塑造得很好，这就是ROCK。3D制作意外地很不错。,7,推荐,2025-12-28 15:04,rikka0612,431767,girls band cry
顶级3D制作,8,力荐,2025-12-27 12:19,🗿,431767,girls band cry
麻烦鬼！,7,推荐,2025-12-27 11:31,柠檬饼干,431767,girls band cry
大少女乐队时代的t1优秀作品，人物塑造立体，剧情扣人心弦，刺激点很多，看得贼爽。期待第二季。,9,神作,2025-12-27 10:39,loki,431767,girls band cry
（7-）该作对于自己的定位可以说非常不清晰，明明引入了如此真实的现实困境，解决方式却是又草率又儿戏，既不能让观众完全抛开现实体验演出的爽感，又不能在矛盾和困境面前给予一个令人信服的解决过程。不可否认短短13集就想驾驭五个人及其衍生出来的复杂关系网确实有些困难，大部分时间都只是浅尝辄止一笔带过，但为什么连最主要的仁菜的矛盾都能处理的如此崩坏，直接不管角色的行为逻辑以及心境变化开始强行包饺子。还有诸如演出像录音棚，音乐不出彩，结局仓促赶工等问题就不展开细讲了，只能说这番的槽点非常多但也不至于太过影响观看体验，估计是靠着丝滑成熟的三渲二技术以及浮于表面的情绪流演出支撑的,7,推荐,2025-12-26 23:49,健康芦苇,431767,girls band cry
歌好听，剧情比较典,7,推荐,2025-12-26 19:27,kino、,431767,girls band cry
（7.5/10）剧情推动全靠冲突对立是吧，但角色塑造这块还是很喜欢的,7,推荐,2025-12-26 19:07,Continental,431767,girls band cry
3d制作和音乐都是前所未有的优秀，作为东映的实验品来说是绝对合格的，人物塑造皆有特色，但总体剧情在整条时间线上是混乱的，缺乏条理性，单集拿出来看是不错的。但就这种超优秀的动画制作就足以被冠以神作之名。,9,神作,2025-12-26 16:11,hipon,431767,girls band cry
我的印象只停留在仁菜扇摸摸卡那一巴掌了，后面的剧情实在是有点水,6,还行,2025-12-26 09:28,sukinishiro,431767,girls band cry
个人认为我心目中所有乐队番中看得最开心的一部作品 3D制作优秀 音乐好听 人物形象鲜明其剧情调度非常优秀 最后一集居然能做到把这么多件事和在一起但节奏依旧舒服 其父女回表白回更是神回 剧情中充满了现实中真实的困境 但在最后却还是用一场童话般的结局结束 个人认为剧情有点不太完整,8,力荐,2025-12-25 22:29,Aether,431767,girls band cry
女主带刺，不让人接近，却渴望被关心，刺是自己的保护体，向谁绽放，又向谁收起，性格麻烦，却又异常懂事，释放自己的正义，却不被理解，因为那是对的事，所以说不管结果如何，我很开心，因为那就是我！和她们相遇之后，就好像花儿见到了阳光，开始绽放！不管是开心，哭泣！从此以后有我们陪着你,10,超神作,2025-12-25 19:37,higudexianshen,431767,girls band cry
优秀的前十集和谜一样的后两集,7,推荐,2025-12-25 10:55,浅轩陌月,431767,girls band cry
爽看,10,超神作,2025-12-24 13:38,milky0217,431767,girls band cry
五人团的四人都有完整的弧光，剧情整体来说并不差，考虑到动画精致程度可以说的上是相当好。但是在符合现实和童话般地解决问题里花田他们选择了两个都要，所以多少有一种差着一口气的感觉，但是似乎也没有更好的选择。,8,力荐,2025-12-24 00:14,香芋,431767,girls band cry
"很直接的精彩的故事，意外的好看?
tomo酱非常萌",9,神作,2025-12-23 18:10,BlueberryChoco,431767,girls band cry
结尾就不摇滚,6,还行,2025-12-23 17:06,nobrainmoyuren,431767,girls band cry
音乐番就是要唱啊！这种摇滚味儿太正了。,9,神作,2025-12-23 15:46,Asan-Acg=Life,431767,girls band cry
7分，作为音乐企划是成功的，作为番剧是失败的，动画人不要命肝出来的划时代3D动画配上个乱七八糟的剧本也是可怜。人设本身没大问题，486可爱捏，但每个人的个人回就很牵强，自身问题都没有解决只是直接被抛弃，后面加入的2位更是一笔带过，重重拿起轻轻放下，剧情很割裂。卖歌方面，天赋主唱炫技，但说实话不太顺耳，还是说这个风格本身就很吵闹，不过能大卖估计是我落伍了，还有这个团名，嗯，真的就这样，还火了？行吧。,7,推荐,2025-12-23 03:41,憨居小朋友,431767,girls band cry
唯二的遗憾就是预制live和没有第二季,8,力荐,2025-12-22 19:24,luzy,431767,girls band cry
歌不赖,7,推荐,2025-12-21 12:22,一夜纸鱼,431767,girls band cry
第8集达到情绪最高点，后续不能说不好看，但是总感觉差一口气；第9集tomo回，感觉就是小孩子不会说话，情商低了；第10集跟父亲和解，情感表达感觉太含蓄了，对我没太大触动；11音乐回，歌感觉一般，没mv画面好看；第12集给13集垫了，希望能来个大的,8,力荐,2025-12-21 03:27,无奈浮竹,431767,girls band cry
"同学推荐。看了前四集，感觉不错，对于同为3渲2的《mygo》来说，剧情变的更精彩，那些放弃乐队的理由也更有逻辑（这里不是说《mygo》不好看，而是一个好，另一个更好），同时也反映了想组乐队出道的梦想在当今社会还是难以实现。
现在看完了",10,超神作,2025-12-20 23:14,尤子然,431767,girls band cry
8.7 后面还是有点仓促,8,力荐,2025-12-19 19:10,にじか,431767,girls band cry
只能说这部作品在我心里没有特殊的位置，但还是非常值得一看,7,推荐,2025-12-19 04:29,skywalker,431767,girls band cry
强有力的3D表现形式，剧情紧凑，音乐也还不错。更多的篇幅集中在了仁菜的成长历程，其他几人的情节比较少；至于乐队整体成长则是在后面结尾的篇幅，结尾太仓促了，以至于显得有些平淡，乐队整体成长不是那么明显突出。,8,力荐,2025-12-18 17:51,Genix,431767,girls band cry
纯偏爱，这真拯救了我，表白无声鱼,10,超神作,2025-12-18 13:41,裴,431767,girls band cry
有第二季就是8分,7,推荐,2025-12-17 11:25,痕太白,431767,girls band cry
强大的三弟演出无人能打。没有第二季的话剧情确实难说，动画表现的再怎么叛逆也是永远在现实因素的范围与预料之内，没办法也不会越过那条线的。这也让其的现实因素到最后也只是比起同类型的作品看起来像是反抗很激烈的样子。,7,推荐,2025-12-17 02:32,王八蛋四号,431767,girls band cry
只有前八集在个人心中无疑是神作级的，特别是第八集的演出，还有原来3d的演出原来可以这么昂贵吗。可惜后面有点没活硬整了，为了矛盾而矛盾，我还以为是因为半夜发歌没推流才没播放量的，结果还真是没人听吗，那前面的live演出算什么？理名那么好听的歌声算什么？不如给个会有第二季的结尾还好点，毕竟小智和rupa你都没怎么讲。可惜没如果，只剩下结果~,7,推荐,2025-12-17 01:28,枝尾生雨雀,431767,girls band cry
"正解は無いんだ　負けなんて無いんだ，
あたしは生涯　あたしであってそれだけだろう，
これ以上かき乱しても明日はない。",8,力荐,2025-12-16 14:43,とかくくん,431767,girls band cry
?？,0,未评分,2025-12-16 00:52,AL-1S,431767,girls band cry
稳定发挥，平淡结束，最后的一集太平淡了，歌曲除了少数几首不是很好听,8,力荐,2025-12-15 21:24,Laplace_me,431767,girls band cry
3D制作是动画的一大亮点，最终呈现的效果很好，尤其是Live片段里炫技的运镜。这部番剧本的问题还是花田十辉那一套，很擅长设计极具爆发力的戏剧性场景和台词来调动观众情绪，当情绪成为主要驱动力时，角色的行为动机和情节的逻辑自洽可能被削弱从而掩盖了一些叙事上的逻辑。整个故事近乎Nina的“大女主传”，其他成员如rupa、昴等的背景故事浅尝辄止，更像推动主角成长的功能性角色。最后一集更像是赶进度，多条线未充分展开，结局铺垫不足，有仓促与“烂尾”感。Live方面更像是偶像番那种“情绪的终点”与“成果的展示，而不是像Mygo那样，把春日影、诗超绊融入到剧情中，发挥作用，从而令人印象深刻。而且音乐监制存在很大问题，Live缺乏临场混响，音质像CD。第八集和第十集的情绪流做得确实好，如果你喜欢独特的视觉体验、强烈的情感冲击，并能容忍部分剧情上的“任性”，那推荐观看。,7,推荐,2025-12-15 00:50,MOMOKA,431767,girls band cry
第一部看完的少女乐队番，希望还能有第二季。,7,推荐,2025-12-14 21:18,大道寺知世,431767,girls band cry
求第二季,9,神作,2025-12-13 23:19,Nina,431767,girls band cry
美少女确实让人心旷神怡，制作质量很高。//确实是做的很让人爽的片子，矛盾很顺利解决，演出也很顺利，剧情也一气呵成，在如今这个时代这种片子成功也是必然，不需要过多思考。风格而言就是对标赛博朋克边缘行者。唉，流媒体时代。//高开低走，一开始人设和演出都挺亮眼的，后面走向包饺子，没啥意思。,7,推荐,2025-12-13 22:21,林海,431767,girls band cry
超绝k帧工期爆炸没有第二季，歌有特点但没有特别喜欢，大概再过几年就会被遗忘了吧,7,推荐,2025-12-13 21:25,氨氯,431767,girls band cry
很有表现张力的原创  似乎平稳落地  花田魔法起效了一点点  小孩姐贡献无数表情包,7,推荐,2025-12-13 01:27,tearxiaorain,431767,girls band cry
struggle很真实，人设也很好，就是缺少了一些戏剧性，不知道是不是为第二季铺垫，但是有种没结束的感觉,8,力荐,2025-12-12 18:25,oiiaioiiiai,431767,girls band cry
都去年年底补的番了，补个标吧,8,力荐,2025-12-11 16:50,天天,431767,girls band cry
有点虎头蛇尾了，最后的结尾就是有些幽默了，虽然确实不错但够不上8分,7,推荐,2025-12-11 10:25,勒鲁瓦不高兴妈宝男萨内,431767,girls band cry
一部不错的乐队番虽然感觉后面叙事的速度有点快了但还是蛮不错的以及第二季什么时候出啊,8,力荐,2025-12-10 22:26,GUHONG,431767,girls band cry
开播追着看完然后光速二刷，很真挚的少女青春剧情，期待剧场版和第二季，桃仁大好！,8,力荐,2025-12-10 17:02,崩教教主,431767,girls band cry
"之前看到一半没看完
喜欢大家，能被音乐连结起来太好了",8,力荐,2025-12-10 11:55,qfwfq,431767,girls band cry
ep10给我一种“和老妈吵架之后把自己锁在房间里，然后她终于喊我出门吃饭”的感觉//ep11演出目的明确到让人头皮发麻，太爽了,9,神作,2025-12-10 10:37,nolice,431767,girls band cry
mmk你带我走吧,8,力荐,2025-12-10 03:33,网友百特曼,431767,girls band cry
感觉挺不错的，歌也挺好听的，486可爱捏,8,力荐,2025-12-10 00:51,风住了风,431767,girls band cry
3dlive神中神，可惜最后花田憋了坨大的，要是第二季圆回来了再回来加一分,8,力荐,2025-12-10 00:00,Dreemurr,431767,girls band cry
13集太赶了，拉低了整体体验，但依然算是佳作，快快出新作把后续讲清楚口牙！,7,推荐,2025-12-9 19:08,benshuaizi,431767,girls band cry
整部剧就是空箱和ed的歌词,10,超神作,2025-12-9 10:48,wanguchangd,431767,girls band cry
好看好看,9,神作,2025-12-9 10:44,繁华Luvs,431767,girls band cry
期待第二季,8,力荐,2025-12-9 00:50,溟夕夕,431767,girls band cry
我是觉得非常非常可惜的，很希望她们的故事能够完整,8,力荐,2025-12-8 21:48,虚伪的幻影简称虚幻,431767,girls band cry
前半部分让我看得非常爽，一度让我认为是近几年少有的具有摇滚精神的乐队番，但可惜后面闹麻了，鬼子就这么喜欢这种无缘无故突然原谅的剧情吗？小孩姐跟hina的矛盾刻画完全就是笑话，没有摇滚精神的东西，呸！,7,推荐,2025-12-8 17:29,水屋口悟,431767,girls band cry
音乐我很喜欢，可以精神共鸣，不过剧情还是有点偏理想化？小孩姐还是被他人照顾的比较多,7,推荐,2025-12-8 12:00,栗悟饭与龟波功,431767,girls band cry
和解了,0,未评分,2025-12-8 10:09,饿弄外道,431767,girls band cry
［7.9］节奏很舒服，有完整的推进过程，gbc的角色塑造跟其他少女乐队番的切入点不太一样，在音乐制作的同时对角色进行塑造，是我喜欢的风格，期待下一季(=^▽^=)(mmk是真酷啊),8,力荐,2025-12-7 23:40,纸鸢逐风,431767,girls band cry
"8-0.4（剧情）。
由两根火爆辣椒、一株傲娇小喷菇、两个棒读乐子人组成的吵架乐队。
剧情一般般，但画面音乐真的很对胃口。",7,推荐,2025-12-7 22:34,Misaka Worst,431767,girls band cry
该说不说，本作对我的第一印象其实是堪称业界最先进的3d画面，其次是人物塑造方面也堪称优秀，个人认为桃香的塑造最佳，小孩姐塑造虽然次之，但却是最能打动我的，与父亲的矛盾、对现实的愤恨刻画出了一个外表带刺，内心娇柔的女孩形象。虽然剧情上面，后期的突然转变破坏了一部分观感，但并未造成不可挽回的影响（点名京吹3）。最后不得不提的是，作为一部乐队题材动漫，歌曲的重要性不言而喻，个人认为，不同版本的空之箱代表了不同人在不同时期的处境以及内心想法，细究歌词又能指代角色，对部分人的现实来说也能产生绝无仅有的共鸣，可以说这部动漫成功的1/3都归功于这首空之箱。期待后续！,8,力荐,2025-12-6 20:06,Uchiha Tobi,431767,girls band cry
"补标//当时是追着看的。成长救赎类的乐队番 只不过前期一直吵架，给屏幕外的我都看得有点心烦意乱，有些时候甚至想加入她们一起吵哈哈
歌特别好听！好评好评",7,推荐,2025-12-6 19:17,十夏开火箭,431767,girls band cry
超爱小孩姐~~,0,未评分,2025-12-6 14:40,Yukiii7__,431767,girls band cry
除了结尾比较突兀之外，整体的观感还是比较优秀的，并且有着能让人看完本作后仍然流连忘返的二创圈。,7,推荐,2025-12-5 18:49,shihui,431767,girls band cry
在看不到第二季的话，瓦塔西o(TヘTo),8,力荐,2025-12-5 07:31,鲜榨鲜葱,431767,girls band cry
很好看，不仅仅是精致的3Dlive，上头的歌曲尤其是op，我更喜欢主角仁菜的塑造，作为未成年的这种不成熟行为和叛逆感是好多所谓高中生题材作品里感受不到的，甚至我自己也有过类似和家人同学赌气争吵的经历因此很是感同身受，她在动画里的慢慢成长也让我很是欣慰。其他角色虽然也不是很完美但都十分讨喜，能真切的感受到有刺无刺乐队的活人感。可惜最后一集剧情还是太赶了，而且卢帕明明有着最悲惨的经历却是本片最亚撒西的角色，连个人回都没有很是可惜，总之希望能有个续集，想看他们在动画里登上武道馆\^O^/,8,力荐,2025-12-4 20:36,Deathstroke_Wilson,431767,girls band cry
人设歌曲出彩过剧情,7,推荐,2025-12-4 01:40,哲克CAT,431767,girls band cry
没有完全对上电波。nina的性格让我开始的观感比较糟糕，不过我能理解作品里的叛逆，也能为之感动。但是一些矛盾并未解决或者说解决得并不能令我服气，以及角色之间的羁绊感觉还不够深,6,还行,2025-12-4 00:49,挖洞的科科,431767,girls band cry
会动的表情包,8,力荐,2025-12-3 11:05,逆天的夏亚,431767,girls band cry
3d技术这一块还行，但这个3d做出来的无毛猫看着也有点恶心……剧情安排前面太松导致后面太紧，中间还可以，没有太多值得讨论的点。,6,还行,2025-12-3 07:09,BOREDGAME,431767,girls band cry
制作很好，但是剧情有点老套,7,推荐,2025-12-2 21:05,horn xgw,431767,girls band cry
不一样的手K 3d  不一样的帕鲁 不登校,7,推荐,2025-12-2 13:13,kinoco,431767,girls band cry
王道脚本家写的王道乐队最符合我的王道世界观,8,力荐,2025-12-2 12:01,大夜宵,431767,girls band cry
制作真的很好，角色性格真的很糟糕，高速神言真的听不下去。小孩姐给我看的生理性厌恶，486又是媚宅人设+制作堆叠，一个故意做的讨人厌，一个故意做的引人喜欢。最喜欢的角色名字像隔壁主角来客串的,5,不过不失,2025-12-1 18:52,point.,431767,girls band cry
唉，少女乐队,0,未评分,2025-12-1 01:59,一般EDM爱好者,431767,girls band cry
年轻人的第四次少女乐队,6,还行,2025-12-1 00:22,Kitsune,431767,girls band cry
gbc在音乐性上是热门乐队番里毫无争议的第一，非常正统的日系摇滚，歌曲相当丰富且耐听。动画本身制作不错，但是剧情实在难以恭维。几乎没有任何具备深度的情节设计，人物矛盾全靠超雄小孩姐单兵作战。,0,未评分,2025-11-30 20:07,皆非,431767,girls band cry
剧情普通，比较喜欢op，感觉制作真的可以，鼓励一下东映多出续作，感觉这么好的制作多看一点总没什么错,8,力荐,2025-11-29 22:18,纸木,431767,girls band cry
3d效果不错，人物动作以及表情都很自然生动。角色都个性独特，有成长有正能量，整体叙事节奏很舒服,8,力荐,2025-11-29 19:57,柏崎星奈,431767,girls band cry
结尾真的非常一般，令人摸不着头脑,6,还行,2025-11-29 11:28,Shinori,431767,girls band cry
"其实还是挺好看的（
亮点还是在制作吧，讲真我觉得剧本挺平庸的，属于是想整点大活又卡在边上不敢使劲整开，引出了80等等现实问题最后却无一例外全都轻轻放下了。然后其他的观感很大程度上取决于你对仁菜这个角色的接受程度，我觉得写得挺不错，但我个人无感。
尾收的很一般。",7,推荐,2025-11-28 11:18,箱中魔物,431767,girls band cry
最好的乐队动画，超一流的制作，激流勇进的剧情展开，优秀的人物塑造，酣畅淋漓的情感碰撞在音乐中绽放，叛逆而激昂的风格完美符合我心中的rock。结尾小有争议，可以说是没有把那种风格贯彻到底的感觉，但总体观感还是很爽快，希望来个剧场版补充一下【8+】,8,力荐,2025-11-27 20:02,爱城★华恋,431767,girls band cry
记得是高考刚结束看的 一开始因为是3d有些反感 后面越看越喜欢w 技术力太强了东映！人设很不错 声优的表演更是惊艳..小孩姐tql。期待剧场版！能不能有第二季啊TT,8,力荐,2025-11-27 18:40,illu,431767,girls band cry
旋律里的破碎与滚烫，让我看见成长最真实的模样。,7,推荐,2025-11-27 12:08,月樱梦,431767,girls band cry
8.8,8,力荐,2025-11-27 09:40,洋紅色的血淚,431767,girls band cry
"是小孩姐要搞职业化 又是小孩姐退出
高开低走 只能说还行",6,还行,2025-11-27 01:01,摸鱼人,431767,girls band cry
搞乐队的番出神作蛮多的，可惜最后一集没有高潮，演出时间太短，舞台表现还不如音乐节的时候的表现，感觉被寸止了。,9,神作,2025-11-26 21:15,mio,431767,girls band cry
结束的太突然,7,推荐,2025-11-26 19:06,02peng,431767,girls band cry
这3D质量很NB了，人物情感控制上也不错，期待下一季,8,力荐,2025-11-26 10:53,绫岛京白,431767,girls band cry
强,9,神作,2025-11-26 07:13,瑟尹K7impRED,431767,girls band cry
唉大女主，唉关系性，唉soulmate,8,力荐,2025-11-26 06:22,Aira,431767,girls band cry
绝不投降,9,神作,2025-11-25 06:54,Sundae,431767,girls band cry
希望第二季不会难产吧。,8,力荐,2025-11-25 01:23,阿尔TvT,431767,girls band cry
"哭过。爱人先爱己，坦诚面对心中想法，不能欺骗自己
希望有一天你也能说出那句我才是对的",10,超神作,2025-11-24 19:44,我才不要成为现充,431767,girls band cry
3D模型的质量相当惊艳，演出与音乐水平也同样非常出色，剧情方面，仁菜与桃香之间互相救赎的故事也让人感动，但最后过于突兀的结尾以及迟迟没有消息的第二季，严重影响了我对这部动漫的评价。,8,力荐,2025-11-24 15:11,Roxy,431767,girls band cry
"剧情比较有深度，对社会和人性描写的部分我比较喜欢。每个人心中都住着一个nina
可惜最后没写完，对于486，小智，露帕的剧情有些一笔带过，完成度稍差一些
制作没得说，砸了钱是真的能出好作品的",9,神作,2025-11-24 01:47,春待,431767,girls band cry
竖起中指吧,9,神作,2025-11-23 20:43,Minami,431767,girls band cry
看完发现截了一百多张图哈哈哈哈,9,神作,2025-11-23 20:32,戒,431767,girls band cry
真不错，就是结束的好仓促啊，没看够，有没有第二季啊，我什么都会做的,8,力荐,2025-11-23 20:01,Scarlet,431767,girls band cry
也许这种作画形式的有点就是能在短时间内塞入许多动作。然而性格使然，我难以共情大部分角色,8,力荐,2025-11-23 13:32,冰凉的开水,431767,girls band cry
斯巴鲁赛高！！！,8,力荐,2025-11-23 11:56,暗月西楼,431767,girls band cry
3d做的太牛逼了，所有角色都很可爱，剧情觉得比mygo舒服多了，队员之间的羁绊情感非常动人，矛盾的展开也很好，不像mygo那么恶心人，第十集看泪目了，亲情的刻画很感人，少女乐队就应该这样，把人性中最美好最珍贵的东西展现出来，而不是搞什么黑深残，什么跪在地上爬之类的活。缺点是结局太突然了，期待续作,9,神作,2025-11-22 11:23,迷宫饭,431767,girls band cry
486可爱捏,9,神作,2025-11-21 13:00,千崎宇治,431767,girls band cry
本作的“好看”回归到好看最本真的一面，完全的就是表面的优秀，支撑我看下来的不是剧情的如何，单纯就是我想看看这几个人，做的是真灵动，真有生气,3,差,2025-11-21 10:34,芝士和我,431767,girls band cry
超雄小孩有些烦，剧情也一般，但制作不错，演出也挺燃,6,还行,2025-11-17 14:49,Eleana,431767,girls band cry
486486486486老婆老婆老婆老婆,8,力荐,2025-11-16 15:37,meowwwwwwww,431767,girls band cry
最后几集的节奏太诡异了,7,推荐,2025-11-16 00:01,tymal,431767,girls band cry
单从音乐来说，剧中的音乐大部分都一般 最好听的是op（虽然很洗脑）但是3渲2做的非常非常好 像我这种不喜欢3d的都很爱看 里面的人物互动都很搞笑很可爱 每一帧都能当表情包,8,力荐,2025-11-15 23:44,s0fumy,431767,girls band cry
这叫结局？？？,6,还行,2025-11-15 21:00,カイ,431767,girls band cry
好看，爱看，看到仁菜回家和父亲和解的时候哭的稀里哗啦的。赶紧出第二季啊,9,神作,2025-11-15 15:34,十方秋寒,431767,girls band cry
前面8，神回9，最后一集5,7,推荐,2025-11-15 14:53,the fool,431767,girls band cry
花田再一次向我们展示他的可能性 描写感情非常不错 可惜篇幅太少 如果是24集更加好,8,力荐,2025-11-15 12:19,aqours大船长,431767,girls band cry
2025.11.13完成,6,还行,2025-11-14 12:50,MJUNM,431767,girls band cry
做自己！//3D也能做出来这么可爱流畅的人物神态//7.5//240822二刷//251113三刷,8,力荐,2025-11-14 04:56,aerbioer,431767,girls band cry
去年看第一集感觉整个都很扯，但毕竟二次元了，时隔一年多重新捡起第八话生草，第九集之后来感觉了，但最后又有点草草结束的感觉，七分罢、,7,推荐,2025-11-13 22:36,Karl.Doenitz,431767,girls band cry
仅次于mygo，如果能再扩充一下小智和露帕的剧情就更好了，还有就是最后一集有点赶。,9,神作,2025-11-12 15:42,芒果魔爪特,431767,girls band cry
7.5,7,推荐,2025-11-12 14:24,DIEBEISOXLENSUZSJALLWSMKS,431767,girls band cry
7.5-9/客观还是到不了9，但意外地挺对胃口主观加分/比预想的好，剧情节奏很舒服，很多很有想法的分镜，女主性格意外地很能get到/优秀ep3，ep4，ep10，ep8小神回/ep9后其实剧情还是挺完整，但节奏确实太赶了，感觉如果多两集会更好/叙事分镜是真成熟/其实3d算作的很好了，做的很好的片段不少，尤其擅长加可爱的小动作，不过不自然的地方也还是很多，音乐“领域”的表现方式还是不然2d/第一集结尾还是略尬，后面还好，不过可惜可惜歌不是很合胃口（虽然风格可能很切呐喊的题），所以片里经常的结尾放live的手法我观感一般（这么一看才意识到btr的编曲风格真是在我这真是加分很多了），bgm的使用倒是加分的/486这个与其说是骗子不如说是三次元正常人/,9,神作,2025-11-11 16:49,gogogogoday,431767,girls band cry
东映，第二季呢？你别就整个游戏然后把第二季给鸽了啊,7,推荐,2025-11-10 23:02,Gejoghsey,431767,girls band cry
对乐队题材其实并不感冒，奈何制作太好了，纯纯享受,7,推荐,2025-11-10 07:56,密涅瓦的猫头鹰,431767,girls band cry
好看,0,未评分,2025-11-9 21:55,Windbroker,431767,girls band cry
; 开始时间: 2024-09-28; 结束时间: 2024-10-02; 用时:,6,还行,2025-11-9 20:47,セドルイー,431767,girls band cry
乐队番，3D确实没2D顺眼，而且怎么这么多搞乐队的，再这样下去题材都变烂了，和异世界坐一桌去吧,7,推荐,2025-11-9 13:54,相时,431767,girls band cry
画面有点扣分了，希望能用好3D//ep1：王道的展开和有些刻意的现实要素混在一起让人物形象过分工具化，动作细节有待提升，保持这个水平到结局可能只有6到7分//总体低开高走再回落，少女乐队番最重要的情感细节略欠打磨，结局没有击中我呀，不然该有七分的,6,还行,2025-11-9 12:27,黑之钥,431767,girls band cry
制作优秀、剧情与价值观也很正，值得一看的音乐番。,8,力荐,2025-11-8 01:11,映射蓝,431767,girls band cry
小孩姐真闹麻了,6,还行,2025-11-8 01:00,bangumi吉他主唱,431767,girls band cry
感觉二刷的时候找不到第一次看的时候的感觉了,8,力荐,2025-11-7 22:58,户山香澄,431767,girls band cry
haokan,9,神作,2025-11-7 21:37,R柱子,431767,girls band cry
无刺有刺,9,神作,2025-11-6 19:16,ayanami,431767,girls band cry
//ep01 想着晚一点来看的，没想到居然拖了一年半。//ep02 才感觉有点过敏，想到17。嘛 完全成了老东西了啊我，时间好快,0,未评分,2025-11-6 18:53,天窗dd,431767,girls band cry
7.5分。表情和动作真不错，我曾以为我接受不了3D的。,8,力荐,2025-11-4 23:24,Ppeac,431767,girls band cry
稳住第八话的气势的话冲我这的神作没有问题，可惜并没有,8,力荐,2025-11-4 23:07,闪光のkira桑,431767,girls band cry
建模顶级，细节满分，运用bgm和插入曲对情绪的宣泄很到位。剧情围绕着大家在不同时期的拧巴展开，但看完这么多天记忆最深刻的一幕是仁菜离家时父亲默默修剪了的树枝。只是最后结束的有点仓促，遗憾。,8,力荐,2025-11-4 16:27,醉鳗,431767,girls band cry
(2025.11 已看过补评分),7,推荐,2025-11-4 15:45,迟远,431767,girls band cry
演出不错，但最后几话的走向太难评了,7,推荐,2025-11-3 21:03,kt,431767,girls band cry
问题少女齐聚的乐队，想要遵循初衷本就是一件不易的事,8,力荐,2025-11-2 17:48,波奇の真琴,431767,girls band cry
不赖,8,力荐,2025-11-2 15:05,长期素食,431767,girls band cry
补分 花田片 感谢碰到刺团 两夜补完听歌听爽了 tomo可爱,8,力荐,2025-11-2 13:50,白,431767,girls band cry
一直觉得要是能在11集结束就挺完美的，最后匆匆而过的两集实在是太不尽人意了，无论是制作上和情绪调动上都随着低迷的氛围走低外，剧情配比也稍稍失衡了。不过这部动画依旧给了我不少的惊喜，以及在我心里留下了爪痕。,9,神作,2025-11-2 11:28,与你共享黎明的咖啡 ...,431767,girls band cry
神神神神神神神,10,超神作,2025-11-2 00:12,菜J1号,431767,girls band cry
时隔1年半的补完，还是很明显地能感觉到因为各方面的原因，本作最后两集的故事内容很迅速地一笔带过了，多少有点可惜，不过续作剧场版也确定了，也算是好事吧！说回本作，首先对我来说最吸睛的莫过于本作剧场版级别的3DCG，可能是因为我看的少吧，这种类型的3DCG真的非常亮眼，不同于一般的CG，本作在表情动作上的形变可谓是相当疯狂，live部分更是极高质量，这种级别的CG真的大大提升了本作观赏性，也为本作故事提供了非常好的载体，ep1便是集大成之作，其他还有ep8、ep11等；其次便是“无刺有刺”主角团的人物塑造了，每个人的性格真的鲜明又鲜活，尤其主角nina，倔强冲动却又胆小脆弱，真的意外的讨喜（至少对我来说），也正是刺团五个人相互之间的化学反应才能让故事变得如此精彩！总之还是相当推荐的，一口气补完非常爽，期待后续剧场版了,8,力荐,2025-11-1 23:43,naralee77,431767,girls band cry
乐队好哇,9,神作,2025-11-1 16:33,小山又想看动画片カ,431767,girls band cry
看了一堆各省少女二创,0,未评分,2025-11-1 01:46,L40Tag1V,431767,girls band cry
歌不错,10,超神作,2025-11-1 01:42,绫地,431767,girls band cry
"2025年10月31日
今天看完了最后3集。
断断续续看了好久才把全部看完哈哈。(时间跨度在半年+)",0,未评分,2025-10-31 13:50,mua,431767,girls band cry
音乐不错。以及剧情走向总体上是非常向上让人看完非常受触动的。比传统女同乐队样板戏多了一些东西但是仅仅只是多了一些东西，根本上还是那一套东西，但是我算是挺吃这一套的吧,7,推荐,2025-10-31 12:18,黎,431767,girls band cry
"it's better to burn out than to fade away 
与其苟延残喘 不如从容燃烧",7,推荐,2025-10-30 21:43,はるゆき,431767,girls band cry
夯爆了,10,超神作,2025-10-30 03:24,井芹仁菜,431767,girls band cry
8.2/10,8,力荐,2025-10-28 19:35,S_Ga_Zn,431767,girls band cry
后面的几首歌我都不太喜欢听，后面经纪公司签了又退感觉节奏也怪怪的，还是喜欢前面东漂的剧情，挺有代入感的,8,力荐,2025-10-28 08:48,桢祺怪,431767,girls band cry
回过头来看gbc其实也算是一部不错的动画，当然里面也有没处理完的矛盾（比如nina和hina之间）结尾也是草草收束，以至于会有人说烂尾（毕竟续作到现在（26.2）都没消息），但个人觉得当nina回家与家人和解，回到东京队友全部来接那一段就已经把完成了这部番的叙事任务（当然如果停在这我就给8分了，那一段是真的很棒），后面的反而当附加的ova看或许会更能接受一些？（当然还是希望续作能出，花田应该也不至于搞成母鸡卡那种玩意儿吧）,7,推荐,2025-10-27 23:08,WPZRHD,431767,girls band cry
制作不错,7,推荐,2025-10-27 16:26,slayerX,431767,girls band cry
剧情普普通通，但是人设好，数值也高，有钱就是好啊,8,力荐,2025-10-27 15:29,看刀说话,431767,girls band cry
"节奏很慢, 不适合现在的我",6,还行,2025-10-27 04:44,xzascc,431767,girls band cry
拯救了我的一部动画。,10,超神作,2025-10-26 20:24,纯白协议,431767,girls band cry
情绪饱满，有劲！,9,神作,2025-10-26 17:15,Zonghuang,431767,girls band cry
还有比这更摇滚的么？,9,神作,2025-10-26 15:11,彭格列十代目,431767,girls band cry
超级好看,9,神作,2025-10-25 05:07,qq153,431767,girls band cry
看完最后一集，总觉得缺了点什么，想了想发现是缺第二季呀凸(^v^)凸,8,力荐,2025-10-25 04:53,小鸟游音,431767,girls band cry
感觉就像是一部半年番被硬生生砍成了季番一样，最后一集太莫名其妙了。不过除此以外的剧情都不错，我尤其喜欢三人团时期也就是二三四五集的氛围和节奏。live表现力很强，仁菜声优的配音水平也很好。,8,力荐,2025-10-24 21:28,鎧塚希美,431767,girls band cry
多段绝佳的背景音乐，但是live的音乐不抓耳也不耐听。剧情发展比较一般，短发小辫女主行。插曲质量全部较低,6,还行,2025-10-24 04:30,hanzi7000,431767,girls band cry
歌挺好听的，而且该说不说里面也有比较真实的部分：乐队成员吵架解散，被职业事务所相中的道路。但是绝大部分时间都是无聊的戏码老套的桥段在一次又一次上演，有些时候拍得像韩剧，有些时候只是单纯地让人厌烦。随你去传递你的感情吧，只是这不适合我。,4,较差,2025-10-23 21:45,Two-Headed Boy,431767,girls band cry
见到很多诸如“五个人凑不出一张高中毕业证”的吐槽。但在我看来这不是问题，认认真真想搞乐队出道的人那就必然不会是十几年寒窗苦读为一纸学历的平凡的你我。前11话还挺喜欢的，倒是最后仓促跟事务所解约实在不能接受，以至于我觉得有些烂尾：就是要节约也得等对邦结束吧？“签约事务所”跟“演奏自己的音乐”好像是可以兼容的吧？,7,推荐,2025-10-23 02:34,我一口盐汽水,431767,girls band cry
夯,10,超神作,2025-10-23 01:02,nina486,431767,girls band cry
是冰！,9,神作,2025-10-22 22:23,Lynne,431767,girls band cry
"乐
但动起脑来就会讨厌女主
还是差了前辈一截",0,未评分,2025-10-22 02:35,Uncrowned,431767,girls band cry
小孩仁菜,8,力荐,2025-10-21 15:07,二甲苯,431767,girls band cry
瑕疵还是挺明显的，不过我很喜欢,8,力荐,2025-10-21 10:41,deoper,431767,girls band cry
和mygo同期看更凸现其“呐喊”——很难拒绝的热血。nina塑造得太有意思了，幼稚里一丝沉重和十分的冲劲。回望自己的高中年代，正是像nina这样为了学校里正义的小事而呐喊着，更能理解为何那是“重要的事情”。整体节奏没什么问题，音乐加大分，作为一个前音游人我果然还是热衷于复杂的音乐编排。另：486我老婆,9,神作,2025-10-21 01:42,花阔,431767,girls band cry
好作品，比起mygo来说更擅长用动作来表达人物思想，花田魔法确实是存在的，空之箱是遍体鳞伤的少女拼尽全力的嘶吼，空白与宣泄是少女们齐心协力向世界释放出的呐喊，cry从不是哭泣之意，而是呐喊之意，不想多说，也无需多说了,8,力荐,2025-10-19 23:48,ArisuS,431767,girls band cry
3d不赖,5,不过不失,2025-10-19 18:58,暙黡DLsmaI,431767,girls band cry
"看到了少女乐队番制作该有的诚意。
好人配好歌，好事要多磨，希望能看见第二季。",8,力荐,2025-10-19 18:56,溺死时光海,431767,girls band cry
b站删减太难绷了。非常喜欢小孩姐。虽然说难听点叫犟，但在这个时代，保持初心难得可贵。,8,力荐,2025-10-18 23:51,Da  Capo,431767,girls band cry
虎头，蛇尾，蛇尾比虎头怎么小这么多啊？,8,力荐,2025-10-18 22:24,little_T,431767,girls band cry
虽然是断章但是确实劲够猛,8,力荐,2025-10-18 20:13,刷卡233,431767,girls band cry
TV动画中单论3D质量难以逾越的高峰。拦卡车在我看来神回。tomo超可爱真迷死我了。,7,推荐,2025-10-18 17:07,草本灌 荷马,431767,girls band cry
7.8 /// 结尾的两集还是拉了点，陷入了自己挖的坑去了，稍微有点左右脑互博，总体观感还是不错的，情感爆发的点也很有力量，歌也挺好听。,8,力荐,2025-10-18 16:02,nameless,431767,girls band cry
最流畅的3D表现力也强 而且太尊了,9,神作,2025-10-18 09:29,阿负,431767,girls band cry
歌对比其他乐队番差了一些，其次个人实在看不惯小孩姐和小智的性格,5,不过不失,2025-10-17 23:12,anx985,431767,girls band cry
最后收尾比较平淡包饺子，总体还是不错的,8,力荐,2025-10-17 19:27,糊糊,431767,girls band cry
最后两集真不行，从神作拉到佳作了,8,力荐,2025-10-16 16:53,skd boki,431767,girls band cry
制作精良，剧情上佳，人物塑造上佳，音乐上佳。,9,神作,2025-10-15 10:09,山西小米醋,431767,girls band cry
包寿司,0,未评分,2025-10-15 05:11,MiracleMilk,431767,girls band cry
这真的是3D吗,7,推荐,2025-10-14 20:21,利口马口铁,431767,girls band cry
纯纯的冰,9,神作,2025-10-14 01:06,itan34,431767,girls band cry
又是一个剧情很现实又扭曲又百合的乐队番 好看,9,神作,2025-10-13 21:50,Takatsuki225,431767,girls band cry
"都说花田魔法，其实感觉大花老师没怎么发挥好，讲来将去都会拐回梦想之类的大词，导致后面几集都不想听角色说话。
另外打从一开始就铺垫小孩姐“有段不堪回首的过去”，导致最后解决问题的时候着实虎头蛇尾了。虽然要是现实中在吉野家碰到一个小孩姐跟你说我有不堪回首的过去，不说觉得闹麻了，至少也能猜到大概没啥不能解决的事，但这毕竟是动画，还是该给好看服务的，要是真没啥无法解决的大事就应该一开始在剧本上做处理，稍微少让小孩姐应激几次说不定能不这么虎头蛇尾。",7,推荐,2025-10-12 22:46,启动！！！,431767,girls band cry
比go好,8,力荐,2025-10-12 21:21,世z,431767,girls band cry
乐队番四大名著之一，虽然剧情最后有点为了第二季而拖沓，但整体流畅性，女女关系性都刻画的非常美味（大喜）,8,力荐,2025-10-12 17:36,Cheems,431767,girls band cry
很多人说nina太过任性，但是我想，稚嫩地，却全力以赴地将自己的心贴近自己的热情，去跳动下去，这就是这部动画最大的感人之处吧。,10,超神作,2025-10-12 14:39,李情道,431767,girls band cry
中途半端,6,还行,2025-10-12 14:22,funnle,431767,girls band cry
中专少女乐队,8,力荐,2025-10-11 18:43,Setsumi,431767,girls band cry
7.5。首先加一分（bgm为什么没有0.5分）给东映的帕鲁们，让我看到了如此恐怖质量的3D动画（鉴定为手摇发电机），就是该死的音监拉大跨。gbc给我最大的感觉就是单拿一集跟着情绪流还不错，但串起来却没有很大的让人追着看完的动力，我断断续续试了四次才勉强看完，每集都是重复的爆了包了看着很累，猜都能猜到下集谁又要开始了。gbc虽然标榜摇滚离经叛道，但其实本质还是成长的故事，与其说是群像不如说是nina传，作为受到外力最多的人人物弧光也是最完整的（养女儿咯）；mmk只是自我拉扯（真闹麻了），486能解决自己的问题（靠谱小孩，可爱捏），tomo和lupa压根没怎么展开（tomo是对于音乐过于纯粹的小孩，lupa则是经历太多的的成熟体），这是gbc剧本的一大不足之处。某些编剧也是缺乏职业素养，结局给一部尚未可知能否出续作的动画整大的，生怕日子过好了观众不适应是,8,力荐,2025-10-11 15:35,乂之,431767,girls band cry
寓意倒是挺好的，不过辍学组乐队还是太大胆了些，抛开这个不提如果对上电波还是看的比较起劲的，虽然也不知道是不是自己的年龄过了，最后两集看的观感一般，反倒是第十集处理家庭关系上让我抹了把泪，不过该谈不谈，质量还是出色的，只是live直接用CD有点不爽，缺少真实感还是不行，就导致虽然每次特地放在片尾的演出却搞的和过ED一样空淡，我觉得这个是得扣分的，最后插个题外话（能不能把竖小拇指改改，每次一看一堆人在舞台上竖个小指头就好尬）,7,推荐,2025-10-11 03:46,七教,431767,girls band cry
确实是同类型的动画里最“摇滚”的。 B // 安和昴,7,推荐,2025-10-10 00:40,枣铃,431767,girls band cry
小孩姐最后的倔强,0,未评分,2025-10-9 21:37,百合骑士欧文,431767,girls band cry
可以看看,7,推荐,2025-10-9 18:37,lemon与冷萌,431767,girls band cry
虽是3D，但爽就完事了，整体质量上乘,8,力荐,2025-10-9 00:00,ZZW,431767,girls band cry
目前为止最喜欢的少女乐队作品。太适合现在的我的状态了，我也像nina在街头猛然被空の箱击中一样被这部作品击中了。正解は無いんだ、負けなんて無いんだ。あたしは生涯、あたしであってそれだけだろう。,8,力荐,2025-10-8 19:56,灯丝内六角,431767,girls band cry
神，24年的我已经很久很久没有追番了，但是GBC的出现又让我重新拥有了当初追番的感觉，每周都在期待更新。剧情以及演出方面也很好看，特别是第11集的演出，神回中的神回。,10,超神作,2025-10-8 17:48,YYMYDAZE,431767,girls band cry
令人感动的角色成长，音乐满分，只是结局略显仓促不明,8,力荐,2025-10-8 14:08,V1oKasat,431767,girls band cry
剧情跟演出音乐其实对我来说中规中矩，不过这份3d足以给我带来惊喜,7,推荐,2025-10-8 06:07,Monfre,431767,girls band cry
"大少女乐队时代的优秀作品，划时代的60fps手动K帧，爆爆爆的剧情爽感（存疑）
剧情方面最后几集还是有点差强人意吧，也不知道第二季能不能填上坑，花田第二季的诅咒不要延续了。
替东映K帧牛马们点个好虐",7,推荐,2025-10-8 01:12,KochiyaTeioKKK,431767,girls band cry
结尾略显可惜，中间不管是mmk还是仁菜的成长都很感动呢,8,力荐,2025-10-7 21:12,黎恩舒华泽,431767,girls band cry
一群苦命人为了生活造很纯很纯的冰的故事，不仅要和制冰同行竞争，主角团还有人动不动就要退出，最后主角去了某企业开的制冰厂制冰，但是理念不合分道扬镳，这个动画一定叫绝命毒师吧(PS:如果要重温我一定不会再看一遍最后一集，拉低整体水平),7,推荐,2025-10-7 18:35,八戒眷属,431767,girls band cry
是川崎的风太大，还是你听不见我小孩姐说的话？还年轻，心理那股热血确实被很好的引导出来了。但你再以理性角度思考片刻也发现本作后期意图营造的现实氛围不够恰当，总体而言是不错的作品呢。,7,推荐,2025-10-7 17:18,正宗静流,431767,girls band cry
好看诶,8,力荐,2025-10-7 15:12,不加冰番茄汁,431767,girls band cry
不许有人忤逆gbc,8,力荐,2025-10-7 15:09,锋利哥今天锋利了吗 ...,431767,girls band cry
"超爱！表白小智…
歌都很好听！",8,力荐,2025-10-7 13:26,流民罗,431767,girls band cry
非常非常好看的3D动漫，虽然有些美中不足，但是可以看第二季哦，爽极了，看完之后知道有第二季的官宣必须看第二季,8,力荐,2025-10-7 00:00,是家焯不是虾焯,431767,girls band cry
抛开最后一集，是合格的青春成长番,6,还行,2025-10-6 23:28,清夜,431767,girls band cry
制作不错,6,还行,2025-10-6 21:48,xcai,431767,girls band cry
3D动画部分做得很好，角色刻画和成长也不错，就是结尾感觉有点可惜,9,神作,2025-10-5 21:47,Ray,431767,girls band cry
家庭重拿轻放扣一分,9,神作,2025-10-5 20:38,meimohhh,431767,girls band cry
主要是歌做得真好听，但是作为动画来说剧情交待得太仓促了,8,力荐,2025-10-5 01:24,Adaption,431767,girls band cry
有第二季消息再加分，没帕鲁k帧后面确实泯了，结尾几集观感都很一般//场外被恶心了//和解尊重祝福//加，加吗？,6,还行,2025-10-4 23:42,损碓,431767,girls band cry
小孩姐有时过于情绪化，不是很能对的上电波；歌很好听，3d的live演出效果非常不错；剧情结束的有些仓促但勉强在合理范围内，感觉没有很好的承接住前面高潮回带来的体验。,8,力荐,2025-10-4 22:37,mreny427,431767,girls band cry
7.5。这种比较激进的人设，能把故事完整的顺畅讲完，不让人感到奇怪，已经是很不错了。更不要说这个3D真的很强，贡献了很多2D比较少见的演出,7,推荐,2025-10-4 15:45,小可,431767,girls band cry
最丝滑的番剧配乐，剧情有点难对上电波,7,推荐,2025-10-4 02:40,夕嵐shiki,431767,girls band cry
当季甚至2024年最喜欢的番，虽然2025年的现在已经无力再关注各路少女乐队的消息了，但gbc肯定会在我的记忆一角长久地留存下去。,9,神作,2025-10-2 20:16,Hottoite,431767,girls band cry
说实话我觉得一般般，故事上没什么特别吸引我的地方，看的时候我更多是在感叹这3D做的真不错,6,还行,2025-10-2 20:11,木华ilnnn,431767,girls band cry
神,10,超神作,2025-10-2 18:45,kkeegg,431767,girls band cry
制作很精美，剧情一般般,7,推荐,2025-10-2 13:30,retrhelo,431767,girls band cry
op很好听，音乐做的不赖，东映动画做的也让人印象深刻，gbc这一两年出的各种事情以及动画音乐nsy都让人看出了想做个长线企划的希望。而我眼中gbc这个企划唯一的雷点可能就是花田了，花田可能对这部是有贡献的，但对于后续是剧情动画呢？我不好说，后面给你第二季做成星二你胳膊刺从此就是路边的季度女同番……,6,还行,2025-10-1 22:30,某科学的理所当然,431767,girls band cry
情绪流动画，但是剧情逻辑无法支撑起情绪的宣泄，所以第一次看完觉得很感动但是再细看就会发现很多细节漏洞,7,推荐,2025-10-1 18:53,恶魔焰酱ra,431767,girls band cry
人生第一部少女乐队番，主角太纯粹了或许要见仁见智看待，但我永远不会忘记第一集的空之箱,8,力荐,2025-10-1 18:05,张茬dirtea,431767,girls band cry
还不错，结尾有点小问题，比较期待第二季,8,力荐,2025-10-1 15:12,梅开不谢,431767,girls band cry
"我认为GBC与其它乐队番完全不同的是它的主题——反抗。就拿第一集来说，竖中指嘲讽抢摊位的凤凰传奇的mmk真是超帅好嘛。当然也是造就了一些名场面就是了（笑）。接着是典中典mmk要放弃音乐，仁菜整理行李时，发现了mmk留给她的吉他，“竖起中指吧”这一段看得那叫个心潮澎湃啊——少女青春时的梦想被现实磨灭，只好竖起倔强的中指来嘲讽无能的自己与残酷的现实，没错，这就是这部番的最大特点——反抗。
说完主题就回到制作，制作组可以说是技术力爆表了。首先动作的流畅度没得说，每场live都是真人动捕的含金量无需多言，特别是第11集的神级live，新人cv富有穿透力的声音，热血沸腾的旋律，渲染拉满的灯光场景，3D才能做到的超强运镜，",8,力荐,2025-10-1 14:55,C137_Rained,431767,girls band cry
高开平走,7,推荐,2025-9-30 09:26,川泽,431767,girls band cry
作画声音和歌都很惊艳，不过结局没处理好真的可惜,8,力荐,2025-9-29 18:22,little john,431767,girls band cry
让我重新燃起追番热情的动画（上一次估计还在18年 我说不上他的剧情有多好 人设有多好 褪去追番色彩的话 只是一部普通的作品 但在追番的时候 他带给我的感动与泪水是真实 我可能再也找不到那三个月看gbc的感觉 但就为了我那短短三个月的感动 我愿意打出这个分数,9,神作,2025-9-29 12:20,丶cano丶,431767,girls band cry
制作精良,7,推荐,2025-9-28 21:17,MomiSama,431767,girls band cry
结尾完成度实在有点微妙，冲淡了不少高潮桥段给我的体验，可惜,7,推荐,2025-9-28 20:01,多米诺的指尖,431767,girls band cry
好看，这3D风挺喜感的，整体剧情挺有意思，就是矛盾冲突发展的节奏个人感觉不是太好。歌曲给到神中神。,7,推荐,2025-9-28 19:12,Yana-Chan,431767,girls band cry
这3D看的太爽了，作为3D区爱好者，恋活动画和各种二游角色的mmd真的看吐了。这种二次元风格的顶级3D动画真tm看一集少一集,9,神作,2025-9-28 15:57,ER1R1,431767,girls band cry
很少看3d制作的动画，只讲动画，剧情上感觉草草结尾，仓促又勉强合理，还有着包饺子剧情，产生矛盾，解决矛盾，可以反过来强化加深人物间的关系，但矛盾的起源感觉就是在没事找事，想整点起伏又随便想了个理由,7,推荐,2025-9-28 00:10,tsoxns,431767,girls band cry
爆得很刻意,6,还行,2025-9-27 20:54,飞翔的帅仔,431767,girls band cry
7.5，三位主角塑造得相当不错，桃香真是罕有地让我觉得如果现实中有这样的女性就好了的角色，不过这种又菜又爱喝的毛病倒是相当令人担忧她的肝脏与心脑血管。整部番如果是再少1-2集的话感觉观感会好很多，剧情像刚开始就草草结束了，最后几集尤甚，不如停在音乐会结束的时间点，把剩下的剧情留给续作。这个制作成本的动画在剧本上出问题有点可惜，希望续作能更好吧。,7,推荐,2025-9-27 09:26,不热心宇宙公民王某,431767,girls band cry
非常独特的3D少女乐队2.5次元企划，今天把最后三话补上了。怎么说呢，是一部情绪宣泄占主导的动画，而且最后几话有点赶火车跟不上节奏，不过也有一些情节、人物关系的设计是比较精彩的，歌也不错。正常说是推荐，为什么最后还是给了力荐呢，因为这是少有的3D占了极大比例的制作非常精良的动画，看了绝对能改变对3D的刻板印象（但是突然想起来说这个好像很压榨员工啊）。乐队live果然和3D是非常契合的。,8,力荐,2025-9-26 09:57,风居住的街道,431767,girls band cry
2025年9月25日补标。,6,还行,2025-9-25 22:18,anon,431767,girls band cry
看这个的像融资,2,很差,2025-9-25 19:03,YOI7,431767,girls band cry
剧情不够丰富，镜头过分华丽，但角色塑造很好地展现了青春的那份青涩、任性、冲动与幼稚。最重要的是这3D动画做得实在是不错，确实是一种二维表情上3D脸的全新观感。另外，希望业界能善待动画人吧，听说这波又是大厂压榨员工。,8,力荐,2025-9-25 17:42,吉木Ba,431767,girls band cry
看过3d里最精致的,7,推荐,2025-9-24 21:33,Senshui,431767,girls band cry
我超冰,8,力荐,2025-9-24 20:13,ORisKiki,431767,girls band cry
唉乐队，泛滥的主题，合格的呈现，幽默的剧情,5,不过不失,2025-9-24 16:42,克里米亚封邑骑士,431767,girls band cry
没对上电波，但可以看,6,还行,2025-9-24 04:59,请教艾莉丝魔法喵,431767,girls band cry
有点烂尾，中间是真好看，3d做的也很好，歌算是所有乐队番我最喜欢的，op神中神,8,力荐,2025-9-24 03:07,Miceking,431767,girls band cry
制作没得说，就是我第二季呢,8,力荐,2025-9-24 00:54,Kyon,431767,girls band cry
3D很不错，舞台演出也不错，就是歌一般般,8,力荐,2025-9-24 00:24,路人假丶,431767,girls band cry
听说第二季新建文件夹了，来改个评分,8,力荐,2025-9-23 20:31,ryougi,431767,girls band cry
豪堪,10,超神作,2025-9-23 17:43,asdad5,431767,girls band cry
无需多言,9,神作,2025-9-22 15:30,Descarter,431767,girls band cry
当时原创三大头播了几集之后，基本上gbc就是老大了，剧情也确实有趣，前期小孩哥咔咔战斗什么的，大家的人设也都很棒，486很可爱，还有那个妈妈桑一样的lupa 最后的结局，我感觉还算可以吧，说得过去，并没有感到很拉胯，而且自己对live这一块一直都没什么兴趣，看了那么多乐队动画，并没有什么喜欢的live什么的 因为都不是很感兴趣，这个也不例外，op很好听，确实很好听，很抓耳，看pv就感觉到了,7,推荐,2025-9-22 08:54,kaleikiu,431767,girls band cry
主推momoka，但是后期力度不足,7,推荐,2025-9-22 02:57,御坂白雪,431767,girls band cry
一口气看完，好看,8,力荐,2025-9-21 19:41,希美你脖子怎么这么长 ...,431767,girls band cry
3D划时代技术，制作真好，后面剧情尬了，还是值得一看的,8,力荐,2025-9-20 09:57,BlackCatBon,431767,girls band cry
"剧情：2/3
人物：2/3
世界观：1/3
个人偏好：0/1",5,不过不失,2025-9-19 22:16,Eihwaz,431767,girls band cry
这个3D做出来的表情真的活灵活现十分生动，原创的彩票性质带来了相当令人满足的追番体验,8,力荐,2025-9-19 20:26,newsky,431767,girls band cry
快讓我看續集我求你了,9,神作,2025-9-19 19:13,神崎直直直,431767,girls band cry
喜欢小孩姐！！！！！歌也非常好听啊！只要你能习惯3D这部番一定是一个不错的选择！！,8,力荐,2025-9-19 10:34,小冉冉冉冉冉,431767,girls band cry
结局过于仓促了，一个还没出新曲就被邀请对决……就算加上签约之前的，一场演出就那几首歌？小型的起码10首起步吧，再者对决会是小型的？结尾哪怕少量描写她们在爆肝增加曲目我都能接受。,8,力荐,2025-9-19 01:19,铁血纵横,431767,girls band cry
前几集的第一感觉就是进度太快，信息量很大但看了好像啥都没看。但中间有几集是真神回，制作水平极高，但也使得结局更一言难尽了。明明是有做好一部动画，讲好故事的能力的，却非要包生硬的饺子。整部作品凸显了浓厚的商业化气息，却和它的主旨背道而驰，前面的制作越优良越显得滑稽。我所喜欢的人物的塑造和感动还是被现实逻辑打碎了吧。,5,不过不失,2025-9-18 13:20,Monad,431767,girls band cry
什么时候出第二季，急！,9,神作,2025-9-18 09:23,小太阳丶,431767,girls band cry
真的非常好看，看了这部之后我就彻底的迷上了乐队音乐番！！,10,超神作,2025-9-17 22:48,黑铁一辉,431767,girls band cry
画面是非常好看的 音乐也很好听 角色也很萌 剧情就那样吧不太戳我 尤其nina的人设不太对我胃口 很萌吗？,7,推荐,2025-9-17 14:30,布鲁白梨。。。,431767,girls band cry
开头挺好看的，女主和情节都挺特别的。画面特别棒。只不过就是看到最后我不知道看了个啥,0,未评分,2025-9-17 08:29,老大,431767,girls band cry
花田，请你把你笔下的角色当人看吧。铺垫这么高的创伤设定居然可以这么随意糊弄的吗。还是喜欢486和nina某些时刻的率真和勇敢，但这样的收尾实在太差劲了,6,还行,2025-9-17 01:04,远子,431767,girls band cry
哭批闹麻了,6,还行,2025-9-16 17:23,刷； ；牙,431767,girls band cry
"全篇最遗憾的一点就是13集的叙事量不足以支撑起由人物叙事到团队情感叙事的突变。
双菜也就是贯穿全文的纠葛以一个nina突然成长大彻大悟想通了还是有些变态，只怪大家似乎都太亚撒西没有能发泄的对象了，理性来说，我认为这条线算是小烂尾了。似乎还是更想看羁绊最深的mmk和钻尘的对手戏，或者小智lupa的过去经历，互动桥段等等，只能期待似乎根本就没有考量过的第二季了，最后断章还保留在钻尘伟大，甚至无法预测刺团下一步发展的位置还是有些微妙的。
该说3D效果也太流畅了，业界顶级水准了，配合8集这样的神回和耐听好听歌词还有深意的OP、ED和插曲，唯一可惜的就是最后一集的一半Live了…。非常感激能有这样一部少女乐队番，不单单为了吸引眼球来选择爆点，只是做好应该做的内容，这样就是单纯的确幸和美好了。
OS：OP最后那段打歌服怎么不上正片T T，纯白小智太可爱了…。",6,还行,2025-9-16 00:05,Kistar.,431767,girls band cry
好看的,9,神作,2025-9-14 06:37,咩咩321,431767,girls band cry
正能量青春奋斗片,0,未评分,2025-9-13 21:52,mjj0727,431767,girls band cry
看爽了,8,力荐,2025-9-13 20:34,黑橙とうこ,431767,girls band cry
奇怪的3D制作，追求人物写实？我反倒是看着奇怪，小孩姐也是逆天和扭曲，一直在乐队和吵架中反复折腾，得亏是遇到了能包容的队友，理解不来这番好在哪里，背靠东映？看多了只是觉得戾气变重了,5,不过不失,2025-9-12 23:20,元青花,431767,girls band cry
少女乐队番入坑番，最喜欢的少女乐队番。,9,神作,2025-9-12 21:59,Aloner,431767,girls band cry
十七岁的小孩姐，带着乡下人的拘谨、年轻人的鲁莽、音乐天赋和尴尬的2.5D造型只身来到东京闯荡，前两集展开了一幅多么值得期待的图景。可后来发现她只是个表演型人格，用夸张的肢体语言模拟背后老头编剧的虚无幻想。 第九话钢琴姐时而说吉他不行，时而指责编曲，但从来没发表过一点建议，甚至从未指出过问题具体在哪（在她自己的回忆中同样如此）。这一定程度上反映了整部虚浮作品的缺陷，对自己批判的事物、理念丝毫不了解，想表现的只有态度，其种种叛逆争吵都属于网易云播客小团体对职业音乐人的意淫。 我认为不登校对女主最大的影响就是让她素质极低，或许编剧觉得与人交往中的礼貌、尊重、体贴有辱角色个性，可上述品德恰恰是个人十分看重的。我比较欣赏鼓手的性格。 要给mygo道歉，不该批评那部动画，真和解了。,7,推荐,2025-9-12 16:37,slothism,431767,girls band cry
很不赖，二创很多，虽然最后一集有点瑕疵，但前面确实不错,8,力荐,2025-9-11 23:47,渡边彻,431767,girls band cry
最后一集结束的有点突然，除此之外挺好，可以开始循环起小孩姐的CD了,7,推荐,2025-9-11 22:33,CCLing,431767,girls band cry
冰！！！太摇滚了，Live演出也相当的不错，和赛马娘游戏的胜者演出有的一拼。除去后期人均都想要退队一次，虽然说这么写也没什么问题，不过短短几集内就连续爆点观感稍微差了那么 一些（因人而异），我个人觉的有点类似于东墙刚补完西墙又漏的感觉，如果能做更多集数慢慢去处理就好了，这样子那种感觉就会弱很多,8,力荐,2025-9-9 22:06,春秋分,431767,girls band cry
清流,8,力荐,2025-9-9 02:21,缘肥灭宅,431767,girls band cry
作为音乐番，歌太难听,4,较差,2025-9-7 13:22,Doffin_azure,431767,girls band cry
从没有见过如此灵动的3D呀。,8,力荐,2025-9-7 04:44,快乐～红调,431767,girls band cry
试试3D乐队；有点烦小孩姐，先搁置吧；,7,推荐,2025-9-6 16:19,c3c3c3,431767,girls band cry
7.6 说实话到11话为止都还可以，前期非常惊艳但是高开低走，NINA真的从头倔到位把周围所有人拉下水，也能说是一种特色吧尽管观感不是很好，后面几场的LIVE真的不太行，音乐配不上画面那么激昂，最大的问题还是NINA每次的矛盾真的很鸡毛蒜皮，属于是硬要叛逆的那种,7,推荐,2025-9-6 11:16,影子越看越像她,431767,girls band cry
無敵的製作配上前幾集的佳回還是有被感動到，但最後的情緒流沒跟上，太平淡了，結束的如此突然令人惋惜，如果有第二季就和解,7,推荐,2025-9-6 09:52,鹿戮鹿,431767,girls band cry
做乐队番很容易卖吗,0,未评分,2025-9-6 08:22,meowsd,431767,girls band cry
标准爽文，歌曲好听演出在线。只是内涵不够，仁菜作为主角塑造得还是太平了，只有正论和冲劲是不够的，人物要有实质性的成长我才能给出再高一些的评价,7,推荐,2025-9-5 23:10,雅音宮羽,431767,girls band cry
观感8分，但是我太喜欢了9分！主角是我这几年见过最个性分明的角色，而且不会让人反感，3D的效果也是出奇的好，这简直就是我心目中未来二次元3d的样子,9,神作,2025-9-5 00:12,yeah peace peace,431767,girls band cry
ep1:7.5 ep2:8 ep3:7,0,未评分,2025-9-4 17:54,Whyyy,431767,girls band cry
live精彩，安和昴很可爱，结局有点意犹未尽。,10,超神作,2025-9-4 15:17,文科,431767,girls band cry
3d上大分,7,推荐,2025-9-4 14:50,lordwhoreX,431767,girls band cry
当理想最终向现实屈服,0,未评分,2025-9-4 01:52,DaisySan,431767,girls band cry
回过头才发现，我好像染上gbc了,9,神作,2025-9-4 01:23,Elur motsuc,431767,girls band cry
2分全扣在过于潦草的结尾上,8,力荐,2025-9-3 08:13,fthacknet,431767,girls band cry
这么流畅的3d真是惊艳到了，中期高潮足够吸引人，但最后突然拉出来草率和解的结局也让人觉得前面小孩姐的黑线表现是否太过夸张，最后两集的空间里还要突然加入现实元素，在沉重氛围中草草结束对我来说不是什么好的体验，总体推荐。,7,推荐,2025-9-2 22:47,Dylan,431767,girls band cry
神中神这一块,10,超神作,2025-9-2 20:47,磊磊子,431767,girls band cry
战吼起手 作业不写了,7,推荐,2025-9-2 15:30,星,431767,girls band cry
说实话，十一集直接结尾的话，除了短，真的没有多少缺点，3d质量高，音乐量大管饱，也有很多有意思的片段，就是围绕nina来写，让小智和RUPA没什么塑造。最后两集真的没必要，12集决定乐队未来，13集写nina和hina的冲突和和解，没什么看头，既不哭泣，也不呐喊，不在故事最高潮结尾，不懂花田怎么想的,7,推荐,2025-9-1 22:12,煮波是鱼,431767,girls band cry
"我羡慕啊，我羡慕，我羡慕她们的叛逆，羡慕她们的成长，羡慕她们拥有梦想，更羡慕她们能够追求梦想啊(""▔□▔)",8,力荐,2025-9-1 22:12,灵末3y,431767,girls band cry
3D动画制作很精细，但是剧情上最后几集太赶了，结局也有点强行包饺子的感觉。,7,推荐,2025-8-31 19:54,ssghlou,431767,girls band cry
客观上不值这个分，也知道它有很多瑕疵，但它真的真的打动我了，是近几年最喜欢的动画,10,超神作,2025-8-31 17:46,エリカ,431767,girls band cry
"在东京生活了几个月了，第一集看哭了，很多感同身受的地方

没想到过了一年半才看完最后三集",10,超神作,2025-8-31 12:13,长风酣高楼,431767,girls band cry
结尾闹麻了,4,较差,2025-8-31 00:31,小一,431767,girls band cry
"本作品可以说是神作了。
有惊心动魄的情节，也有很好的主旨。很多差评指责在突然退学去东京的清洁，但是却忽视了作为番剧这样的作品是可以恰当虚构的。

对现实生活的人，在黑暗中追求光明的指引，大概是这部番的意义。

本人认为：除了科幻、玄幻的内容以外，日常生活番如果有这样的情节也是可以支持的。",9,神作,2025-8-30 22:49,ds7幻拟,431767,girls band cry
"9.6二刷重评。简单说一下其较大的争议点，及不影响其满分的原因：1、小孩姐的性格方面：我对仁仁菜的评价为“生活中正直怀有理想主义的小孩，乐队中任性不计后果的团宠”。说实话我对小孩姐的人设并不感冒，甚至有种hina 所说“释放正义的尖刺，伤害所有人”的感觉，但我不否认其立体的性格以及对梦想的追求。在我看来，仁仁菜是一个成长型角色，成为曾经追逐的自己（包括果断放弃学业、练习吉他等方面），总是能在不经意间打动我，可以算优秀的角色塑造。
2、第十三集的仓促结局：我认为正如小孩姐不计后果的任性一样，这场live自然没有结果。gbc的故事线以小孩姐为轴，故一个理想化的、浪漫化的符合其人设的结局很有必要（虽然可能还有第二季）反驳说结尾是包饺子的：这只是留有一场精彩live的全面败北。巨额粉丝量差、资金及后台的欠缺必然导致失败，而花田的裁剪保证了形式上的得偿所愿。",10,超神作,2025-8-30 13:15,汪牛逼,431767,girls band cry
mmk，女人中的女人???,9,神作,2025-8-30 12:55,beihe_h,431767,girls band cry
3d乐队动画原创番里最高的山最长的河,9,神作,2025-8-30 12:53,Pluto,431767,girls band cry
"高开低走，可是后来看最后一集的live感觉也不是不可接受
就是小孩姐最后自不量力的操作让人红温",8,力荐,2025-8-30 05:16,Chancy,431767,girls band cry
一部很理想很理想与很现实很现实的番,8,力荐,2025-8-30 04:33,bb3225,431767,girls band cry
"好吧，打得有点虚高了
起初我是冲着主题曲来的，毕竟确实好听
随后便是层层递进的剧情与逐渐丰富的人物形象吸引了我
你可以说剧情有很多瑕疵，但你可以明显看到坑的补足
...
好吧，其实是486太可爱了导致打虚高了（）",10,超神作,2025-8-30 03:57,libie34,431767,girls band cry
结尾太赶了,7,推荐,2025-8-30 00:43,烟雨坦然,431767,girls band cry
不错，就是结尾有点仓促,7,推荐,2025-8-29 11:04,wjjzzd,431767,girls band cry
非常好的乐队番，很符合年轻冲动的叛逆摇滚风格，情绪的宣泄爆发非常爽快，音乐也很好听。,8,力荐,2025-8-29 09:40,hua~hua,431767,girls band cry
应该是三个母鸡卡吧,8,力荐,2025-8-29 08:20,333,431767,girls band cry
有些歌好听，角色们可爱，经费在燃烧，但是剧情从头到尾跟没推进差不多,0,未评分,2025-8-28 20:51,记录在案娜娜米,431767,girls band cry
看的第一部少女乐队诶~,8,力荐,2025-8-28 18:58,Fld_d495,431767,girls band cry
别扭但仍然值得一看的作品。该作品中每个角色都会有种“别扭”感，都在和自己较劲，但是就是这样的一群人聚在一起确实能碰撞出精彩的火花，能够大声唱出对现实的呐喊。出色的人物塑造和情绪推进在第8集达到高潮，但是后续收尾明显没有做好，一些矛盾的解决稍显草率，卢帕的个人回也鸽了，高开平走平收，优缺点都很明显，还是推荐一看,8,力荐,2025-8-28 18:43,煌海,431767,girls band cry
歌还行，其他就emmmm,4,较差,2025-8-28 17:37,Moiovo,431767,girls band cry
后期比前期好,6,还行,2025-8-28 13:04,hikiko,431767,girls band cry
在这部番找到了共鸣，我也喜欢像仁菜那样对于不公平的事情说不，即使不是自己的问题却依然接受不了处理结果，最终只能不断精神内耗，虽然情况没仁菜这样严重，但看完后倒是坚定了我的决心：永远不屈服于不公平的事，倘若自己无错，那就不必在乎他人目光，大声喊出“我没有错”吧//总体而言个人观感剧情8/10，live加上动画制作可以给到9分，很不错的一部作品，分虽虚高但对我而言确实产生了特殊意义,9,神作,2025-8-27 05:30,mikufans1883,431767,girls band cry
战斗爽，后期剧情下滑,9,神作,2025-8-26 16:56,塞西莉亚,431767,girls band cry
展示了东映强大的3D和高开低走的剧本,7,推荐,2025-8-26 00:12,夕夕,431767,girls band cry
"所谓的“平稳落地”、“高开低走”大抵就是如此，hina与nina的故事以及解法还算自然，可仍旧让人看完怅然若失，好像少了些什么。最后两集的剧情与之前并不连贯，退所一事也显得有些突兀，lupa与tomo的故事几乎没讲显然还留了不少坑，486与奶奶的故事也略显潦草。故事的后期走向有种“反正只要美少女们在舞台上展露笑容开始歌唱，观众们就会买单”的既视感。这显然算不上一个优秀的结局，观众们包括我在内会感到不满是理所应当的。
可当我刚刚开始敲打评论，ed的旋律透过耳机，一种说不上来的不舍随着nina拖长的歌声涌了上来。理性的见解仿佛一下受到旋律的冲击，逐渐将我的苛刻与挑剔瓦解。我想我喜欢这部作品，我喜欢这些角色，喜欢她想要传达的故事。对于一个爱钻牛角尖的人来说，这是一部能如此感受到共鸣的作品，这就够了吧。期待第二季。",8,力荐,2025-8-25 23:34,kiohuh,431767,girls band cry
补标,8,力荐,2025-8-25 18:43,ヤマ,431767,girls band cry
7.5  去年完结后看的，剧情结尾太草率 + hina的人设太别扭，无法认同，看得眉头紧皱。制作很好，3d很灵动，歌好听,7,推荐,2025-8-24 21:10,アルミン,431767,girls band cry
容易被花田魔法忽悠情绪上头而过誉，也容易因为场外神人和尬吹而低估。冷静下来再看，总之这是一部优点和缺点都十分突出的动画。,7,推荐,2025-8-24 01:12,百折不挠,431767,girls band cry
横冲直撞小孩姐~一部非常优质的音乐番，除了结尾有点不算痛快~,7,推荐,2025-8-23 19:37,空白,431767,girls band cry
嘎嘣脆,8,力荐,2025-8-23 16:44,副长在天堂233,431767,girls band cry
非常喜欢这部番剧的背景音乐，和里面的角色行为配上感觉非常带感。,8,力荐,2025-8-23 10:52,伍斯特饿,431767,girls band cry
编剧神力,8,力荐,2025-8-23 05:21,瑠璃鸟,431767,girls band cry
ep13的狗尾续貂令人无语。,6,还行,2025-8-22 22:56,Sevenana7,431767,girls band cry
第一集来看3D太爽了，流程丝滑动作神态丰富，角色们可爱捏。场景打光也讲究。就是夸张/氛围特效演出用的太多了，有点俗,7,推荐,2025-8-22 09:01,Hieda no Akyuu,431767,girls band cry
小孩姐还是太权威了,7,推荐,2025-8-21 08:45,相乐七七,431767,girls band cry
熙熙攘攘,7,推荐,2025-8-20 18:02,泠魚非ツン,431767,girls band cry
除了结尾包寿司以外没有大槽点,8,力荐,2025-8-20 14:21,netherian,431767,girls band cry
very good,10,超神作,2025-8-20 02:32,Lkxkek,431767,girls band cry
制作水平神级，486可爱捏,10,超神作,2025-8-20 00:25,墨染白练,431767,girls band cry
补标，3D好丝滑，486可爱捏，歌也不错喵,7,推荐,2025-8-19 20:01,chino,431767,girls band cry
昴 好,8,力荐,2025-8-19 15:28,闪电泡芙,431767,girls band cry
7.5，以3D演出为主和主角团全部采用乐手而不是专业cv是一次很大胆的尝试，在音乐质量方面在乐队番里是独一档的，因为高质量的3D也使得音乐演出效果发挥到了近乎极致，优点非常明显，但是也因此产生了一些明显的缺点，比如主角团除了桃香和nina以外的cv表现感觉真是一言难尽，除此之外还有一些剧情节奏问题。总的来说是一部缺点和优点都很大的番，如果你喜欢摇滚的话这部番将会给你很好的体验，反之则不然，另外提一句，第11集最后一段演出真是神中神,7,推荐,2025-8-19 02:27,noobmaster233,431767,girls band cry
整个篇幅太短了，人物塑造不够，如果有第二季希望把塑造补上，除此之外没啥毛病了，看的我很舒服,9,神作,2025-8-18 23:06,千早爱音,431767,girls band cry
3d效果出奇的好，有独特的画风，歌曲很容易溜起来，到动画本身，第十集和父亲的和解以及追回mmk让人感动，但结尾有点水，期待第二季,8,力荐,2025-8-18 22:50,ssxgsmywife,431767,girls band cry
woc！冰！,0,未评分,2025-8-18 21:46,御坂美琴重度依赖,431767,girls band cry
不喜欢搞锐评，唯独一点就是觉得这个守旧派当不得。之前因为是 3D 一直没看才补，没想到表现力和效果都这么好。,8,力荐,2025-8-18 21:26,半分星,431767,girls band cry
制作精良，人设优秀塑造的也还挺好，剧情中规中矩，在同题材中属于上乘水平。,8,力荐,2025-8-18 16:35,马赫啡速,431767,girls band cry
之前听说结尾差评，看着还好，制作肝出来的质量确实行云流水，各种动作细节非常丰富，但是分镜水平明显平庸，歌一般，主唱CV挺强。故事内核很好，是近期所谓乐队四大名著里最摇滚的——不，是唯一摇滚的。细想一下脚本可能是被分镜和演出拖累了，总之不太抓人,8,力荐,2025-8-17 21:11,无法如意的蓝鸟,431767,girls band cry
"受安利而看。完全不在好球区上，但也不算雷。
//不雷个毛线，好tm麻烦的&quot;女女关系性&quot;，从哪个天杀的起，轻百+音乐变成了这个样子",6,还行,2025-8-17 06:10,Lookstona Fooledrunner,431767,girls band cry
神会喜欢坚持的人吗,8,力荐,2025-8-17 00:05,德文alter祈祷中,431767,girls band cry
小孩姐前几集塑造不太好，感觉塑造成过于情绪化和敏感的人了，但总体观感很好，非常详尽的表达了一个青春少女乐队所坚持的理想，人物塑造丰满，历程坎坷。乐队氛围很好，有问题直接解决，从不隐瞒。青春的伤感与激情十足，情感表达非常到位。但最后几集收的太快，最后的表演没有描写到一个很好的层次，虽然说也不算烂尾，但最后几回没有前几个神回那么好看,9,神作,2025-8-16 21:06,347439,431767,girls band cry
画风不太适应，小孩姐有点太幼稚了，代入性不强，不过整体不错，有真人乐队歌很好听,6,还行,2025-8-16 17:55,ukinami,431767,girls band cry
画风不错，本来以为自己看不惯这种偏3d的，但是剧情对乐队这种无感,7,推荐,2025-8-16 15:13,久经考验的忠诚的纯爱战士,431767,girls band cry
"gbc是一个优秀的少女乐队企划，3D的技术很成熟，细节打磨出色，同时音乐大加分。
不过后期剧情处理没有那么出色，虽然相较其他空气系乐队番这部明显有更强烈的戏剧冲突但也受制于作品性质在部分场景的刻画没有令人那么满意，总体算是优秀。",7,推荐,2025-8-15 19:01,水马才夕,431767,girls band cry
四大名著的最后一部，还不错的其实，这种乐队番能吸粉大多数还是因为音乐吧，剧情也不错就是后面有点不太行，不过3d也是让我看爽了，小智可爱捏,9,神作,2025-8-15 13:47,EdmunDLing,431767,girls band cry
歌好听,6,还行,2025-8-15 12:42,。。,431767,girls band cry
3D技术非常震惊，彻底扫清了我对3D动画的偏见//原本对nina的成长颇有微词，但转念一想青春可能就是这样，自己也未必能做得更好,7,推荐,2025-8-15 01:10,Aeieop,431767,girls band cry
喜欢小孩姐和斯巴鲁可爱捏，有许多有意思的梗但不突兀，有一些冲突，但很快就能得到合理的解决，看起来不会显得压抑，总体较为轻松，live很爽，歌很好听，不愧是东映3d业界顶尖,8,力荐,2025-8-14 23:32,花漫惊梦人,431767,girls band cry
和家人和解那段大败笔了 可惜 不然妥妥9~10,8,力荐,2025-8-14 21:45,三上,431767,girls band cry
后面几集收的有点急，整体不赖，歌好听,7,推荐,2025-8-14 11:34,谷神星,431767,girls band cry
未完待续，等第二季看看她们的摇滚乐是不是真的永不止步,7,推荐,2025-8-14 03:17,xyloko,431767,girls band cry
gbc也是24年暑假看的，尽管很多人说结尾不好，我仍然觉得gbc值得八分，有木柜子摇滚的加成,8,力荐,2025-8-14 02:10,完全形态,431767,girls band cry
我不怕千万人阻挡，只怕自己投降！,8,力荐,2025-8-14 01:04,JAY小雨,431767,girls band cry
最开始纯奔着音乐去看的，op太好听了。看到仁菜和家人和解那段，哭得我停不下来，和仁菜的性格无法共鸣，但和仁菜对家人的情感共鸣了,0,未评分,2025-8-13 23:38,富贵花,431767,girls band cry
追番体验无敌，最后一集没那么差,8,力荐,2025-8-13 18:33,如是先生,431767,girls band cry
"2025.8.13看完
mygo时代补到第三集没再看下去，这两天捡起来简直一发不可收拾。实话实说全程下来我最享受的是所有美少女的服装和表情，真是设计的太好了。小孩姐和486也都可可爱爱，看完陷入了一种空虚。",8,力荐,2025-8-13 17:41,Akari,431767,girls band cry
情感处理得不怎么好啊，虎头蛇尾的，看续作怎么讲吧，还有搞头,6,还行,2025-8-13 17:07,monokuma,431767,girls band cry
二创赛博永生了属于是,0,未评分,2025-8-13 16:40,WzXXZ,431767,girls band cry
gbc神，优秀的三渲二画面表现，性格鲜明的五位主角，完美的 live 演出，nina 无疑是最摇滚的，参团率百分百，这几个人真的很完美，性格互补,8,力荐,2025-8-13 15:26,beihai233,431767,girls band cry
在当时以为少女乐队已经没活的情况下，杀出来了,7,推荐,2025-8-13 09:41,朵鲁坦带我走吧,431767,girls band cry
[中指][鬼脸][中指],8,力荐,2025-8-12 22:44,tangenty,431767,girls band cry
nina就是摇滚本身虽然大家吐槽他是正论怪物但是她不服输的冲劲正是摇滚精神，mmk就像是大学生毕业几年被社会毒打过变得更现实了的人，遇到nina之后才想起来自己的梦想是什么。建议如果是学生的话等进社会一两年之后再回过来看这部番,9,神作,2025-8-12 21:08,Linus10,431767,girls band cry
我喜欢你,9,神作,2025-8-12 09:59,Pale_Blue,431767,girls band cry
好丝滑的3d啊,9,神作,2025-8-11 00:49,银河猫喵喵,431767,girls band cry
小孩姐可爱捏,8,力荐,2025-8-10 23:52,超级喜欢纱雾,431767,girls band cry
"回熊本那段看类目了, 制作很好但并不能让我流连忘返, 距离我的神剧队一步之遥",8,力荐,2025-8-10 23:01,Weidows,431767,girls band cry
高开低走,7,推荐,2025-8-10 13:20,Gojeonpa,431767,girls band cry
我要玩旮娄给木.jpg 被二创给害了啊班友们/6+1，给社区二创,7,推荐,2025-8-10 00:28,L'AN,431767,girls band cry
还行吧,8,力荐,2025-8-9 00:07,ccc,431767,girls band cry
说实话就是闹麻青春伤痛跟自己和解典中典组乐队，歌不错画风不错但是剧情很公式化再加上搞了点浅显小道理，捧的很麻,5,不过不失,2025-8-8 22:25,黄昏のメロディ,431767,girls band cry
安和昂好可爱,0,未评分,2025-8-8 19:35,番茄炒蛋白质,431767,girls band cry
好看，对我也有影响,10,超神作,2025-8-8 18:17,Anon,431767,girls band cry
神中神，这个少女乐队他就是得有乐队啊，乐队里面就是得有人类啊。虽然天天爆爆爆，但是没有神人爆一爆反而解决问题,10,超神作,2025-8-8 00:52,Raven3199,431767,girls band cry
音乐和人设太加分了，但看剧情给个7.5音乐加一份个人喜好再加0.5,9,神作,2025-8-7 18:13,咕辰,431767,girls band cry
人物立体,9,神作,2025-8-7 07:54,callio,431767,girls band cry
8+1，3d能看的话制作完全挑不出任何毛病，音乐番的音乐好听live好看，剧情方面我认为至少算平稳落地，动画角度7.8乐队番角度8.0，合个人胃口更是神加一分9.0,9,神作,2025-8-7 03:30,高坂穗乃果,431767,girls band cry
7.7,7,推荐,2025-8-7 02:09,Charles,431767,girls band cry
我勒个四大名著,0,未评分,2025-8-7 00:27,鼬神的三色丸子,431767,girls band cry
国内做了这么久的3d直接被一脚踢飞了,8,力荐,2025-8-6 17:11,迪克帕瓦,431767,girls band cry
你知道的我一直是钻石星尘的粉丝,8,力荐,2025-8-6 15:51,棋间重,431767,girls band cry
二刷了,9,神作,2025-8-6 14:16,zyc,431767,girls band cry
音乐好听，两个女主的人设有点意思，但剧情没什么特别的。过往和矛盾没有多少火花，然后就小爆一下，挺没有激情的。,7,推荐,2025-8-6 07:33,果壳夹子,431767,girls band cry
质量上乘的流量大作，但剧情与内核都有硬伤。1优秀的3d作画。这部片的3d很活，甚至于说有点多动症，表情夸张丰富，难得在3d作品看到如此流畅的动作；2剧情与内核的硬伤，高中辍学开live，故事里反偶像乐队而自身又是个偶像企划。在注重摇滚元素和注重音乐元素之间选择了注重流量，一系列闹嘛了的疑似炒作的桥段也足以看出一丝创作者博流量的小心思。,6,还行,2025-8-6 01:55,cc旋风,431767,girls band cry
"目前看到第八集，nina这个人设好像真有些问题，而且随之而来地，围绕她与独属于她的想法的某些情节太过追求情绪爆点也出现了不足之处，但还是值得一看的。
补:第十一集之后的情节重新开始科幻起来，很难认可。",5,不过不失,2025-8-5 23:23,Duckspeaker,431767,girls band cry
3D效果相当惊艳，人物性格生动但略显刻板，总体观感很不错,8,力荐,2025-8-5 22:13,汤浅正萌,431767,girls band cry
最后收尾没这么急的话，能再加一分,8,力荐,2025-8-5 19:27,jrs,431767,girls band cry
也许我其实并没有翅膀，只是一厢情愿地以为自己在飞翔//等出第二季再看后面两集,8,力荐,2025-8-5 17:47,Qb12138,431767,girls band cry
还挺摇滚的，不过可能我对这样的生活实在没有什么共情能力……,7,推荐,2025-8-5 15:46,ζ*'ヮ')ζ 讀者諸孃へ,431767,girls band cry
音乐极致的爽感，我就是来听歌的我就是来听歌的我就是来听歌的我就是来听歌的我就是来听歌的,7,推荐,2025-8-5 15:23,Nijiko,431767,girls band cry
神作,10,超神作,2025-8-5 12:08,影子,431767,girls band cry
我真的很喜歡啊啊啊,10,超神作,2025-8-5 03:34,方楠,431767,girls band cry
剧情稍微有点为了爆而爆的嫌疑，不过也算是符合“摇滚”的刻板印象了。然而越往后看越意义不明，13集至少在第二季宣发之前都是大大的减分项。想打六分，加一分给音乐。,7,推荐,2025-8-5 02:18,黑土与音,431767,girls band cry
仁菜是對的，我錯怪她了，她任性的好啊，任性的妙啊，她是對的，只要她唱歌唱的好聽她幹什麼都是對的,10,超神作,2025-8-5 01:09,kanade,431767,girls band cry
"理想主义者的一剂良药
扣一分是因为12 13话意义不明",9,神作,2025-8-5 00:43,一只狸子,431767,girls band cry
女主人设对不上电波,7,推荐,2025-8-4 23:58,Miiakoo,431767,girls band cry
需要续作,9,神作,2025-8-4 22:57,织田香抱过我,431767,girls band cry
最喜欢的,10,超神作,2025-8-4 17:42,裴冬柚,431767,girls band cry
补标,10,超神作,2025-8-4 13:35,夜雪,431767,girls band cry
"这是3d动画可以做得到的吗。有点太神了。不愧是东映，老资历的余裕（
但是结尾部分剧情和演出似乎有点力度不一产生脱节，对于共情力不够强的观众可能有闹麻之感。花田魔法呢救一下吧。",8,力荐,2025-8-4 03:35,resbused,431767,girls band cry
小孩姐别人肉拦卡车了,2,很差,2025-8-3 18:28,亞城木夢葉,431767,girls band cry
个人很喜欢，就足够了,9,神作,2025-8-3 18:09,婪毒心,431767,girls band cry
就喜欢nina这种大女主，歌好听,8,力荐,2025-8-3 16:24,亜城木梦叶,431767,girls band cry
找不到对我的点；重看，好乐；感觉还可以展开点讲,7,推荐,2025-8-3 15:11,内含子Sanko,431767,girls band cry
"9分。制作简直是炫技。剧情也很棒。（虽然最后两集太过于平庸了）。真的很棒很值得补。甚至遗憾现在才补。
私心上打10分了。年纪大了，自己做不到的事情看到这群小女主努力奋斗的样子还是感动。",10,超神作,2025-8-3 02:43,千寿夏世,431767,girls band cry
想了很多理由阻止自己打这么高，最终还是没能说服自己。和mujica一样，先是听了很久她们的歌，然后才开始补番，可以说在一开始就把期待拉得很高。不同的是，mujica完美地搞砸了，而gbc完美地超越了我的期待。通过剧透知道了剧情里包含了校园霸凌，包含了理念之争，但没想到另外还说了这么多现实的事情，以及对人生态度的较为深入的探讨，非常有共鸣。现实生活中我是hina，追求稳定，厌恶风险，但内心深处又住着个nina，正论怪物，犟驴不服输；只是我没有nina的勇气豁出一切去拼搏，也无法放下正论明哲保身到底。这部少女乐队番从各种意义上都非常对我胃口，因此打下了这个显著偏高的分，就当是对自己补番体验的一个记录吧。,9,神作,2025-8-3 00:18,Jeffrey-TNT,431767,girls band cry
第486部看过的动漫，“486”这个二次元中神奇的数字，当然要留给安和昴です！3D人物效果很灵动，每首歌都很好听，是少女乐队四大名著中最注重讨论“音乐”与“梦想”的一部，第11话live的运镜和回忆杀配上歌曲真是爽飞了！同时人物关系性和互动都很别出心裁，小孩姐仁菜有一种独特的魅力，剧本也是明显偏向她来写，其他角色如Rupa着墨不多有点可惜。脚本花田十辉对于一些小细节的巧思是很独到的，比较有印象的就是第八话仁菜和mmk争执中回忆的穿插以及mmk用车载音响盖住哭声，同时分镜的很多设计也为演绎增色不少。不过我认为第11话是最该结束的时间点，不然就会出现像第13话这样“明明只剩一话了但要解决的问题却讲不完”的窘迫情况，结尾也有点戛然而止，说好的对邦却根本没有任何结果，只是在大伙你看看我，我看看你的谜之氛围中结束了。不过我也看到第二季制作决定了，还是很期待的。,8,力荐,2025-8-2 23:17,幻琛2333,431767,girls band cry
感谢gbc让我知道原来近藤玲奈能用少女声线唱歌。,5,不过不失,2025-8-2 20:53,nitebaka,431767,girls band cry
大快朵颐一顿名为“哭泣少女乐队”的鲜活生命，向不顺心意的糟糕现实举起叛逆反旗，将永不服输的精神贯彻到底！GBC就是后MYGO时代中典型的少女乐队番代表，剧情更多的是负责提供话题讨论度，对其中现实议题最合适的处理方式就是轻描淡写地一笔带过，打擦边球浅尝辄止就好，不然详尽陈述下来会显得太过沉重，也难以把握，与题材和受众本身背道而驰，核心卖点永远是女女关系人设和舞台演出效果。虽然没有跳脱出“组乐队→闹矛盾→开live”这一套定式框架，但胜在叙事节奏很舒服，进展神速。伴随日常叙事的抒情bgm与舞台live感染力并重。拧巴又直率的小孩姐、飒爽又脆弱的MMK（简直不要太帅，请立刻停止散发你那该死的无处安放的魅力好吗，为了你，我要cos成你的模样！）、包容的486……面部表情和肢体动作丰富且栩栩如生，比我在现实中和人面对面交流还要更有活人气息。,7,推荐,2025-8-2 19:00,MISAKI鸣,431767,girls band cry
一首熙熙攘攘我们的城市是多少人的一辈子,8,力荐,2025-8-2 02:52,什么洛澧,431767,girls band cry
补标7.5，歌好听，人设好看，技术力强，故事性稍弱，已收藏专辑,8,力荐,2025-8-1 19:34,马孔多还在下雨,431767,girls band cry
呐喊吧,10,超神作,2025-7-31 15:50,夜夜德奈,431767,girls band cry
"比较不错的开头，引人注意的中期，平平淡淡的结束
无功无过吧，经典的情绪流这一块确实还行
结尾倒也还好，差强人意吧。
虽然小智，卢帕的塑造确实一般，校园霸凌这一块也只是带过去，什么商业乐队不商业的也只是以一种理想化的形式带过。
但追番过程很开心，从7给到8吧",8,力荐,2025-7-31 11:02,togex2,431767,girls band cry
史上最搖滾的動畫,9,神作,2025-7-30 21:13,波奇大,431767,girls band cry
以“我没有错”立意，故仁菜的行事风格始终如一是一件符合剧本逻辑的事情，她就是不该“成长”，可抛开她到底有没有错的价值判断不谈，贯彻自身的意志显而易见地依赖周围几无条件的包容——坚持“正确”的代价如此昂贵，这多少是对立意的反讽。许多矛盾的轻拿轻放也正是源于此困境——若将一切都毫无遮掩地摆到台面上，只会寸步难行。但我非常激赏仁菜表达的姿态——随心所欲地对包括自己在内的全部竖起小指，这真的太摇滚了不是吗？,7,推荐,2025-7-30 17:32,笙歌看水,431767,girls band cry
因为我本人也是搞乐队的，这个还真是我看过的观感最好的少女乐队番，具体原因可能还是”摇滚“的态度和音乐的质量吧，不说别的，gbc基本每首歌都能给我溜冰的感觉，其他少女乐队番真没有给我这么深刻的印象，给九分是个人私心，因为我是真的喜欢，也希望能出续集，因为结尾实在太草率了......,9,神作,2025-7-30 14:48,荒渡夜影,431767,girls band cry
4月看的剩7集鸽到现在补完了，看到的表情包一个个打卡的感觉真奇妙啊。东映的这个3D技术能做到这么精细实在打破我的认知了，对比隔壁片场真是全方位吊打，经费足就是好啊。雑踏、僕らの街，空の箱我加起来听了几百遍了，雨夜车站即兴演出，小孩姐唱空箱那个live演出真给我看的鸡皮疙瘩都起来了，太有情感爆发力了，gbc乐队成员都很有个性，志同道合，相互依靠救赎。有着前面剧情发展都很紧凑，就是后面收尾太潦草了，回归到了最传统的套路上去了，但我真挺喜欢花田想表达出来的东西：理想与现实的碰撞，校园霸凌、家庭矛盾，追梦的经济压力....就算它没把主题深化到最好，也没啥分支，部分角色的塑造也很单薄，nina幼稚叛逆喜欢大喊大叫，但她这份遵从内心想法不认输的精神是真的很摇滚吧，让我重新审视了一下自己的一些想法TOGENASHI TOGEARI确实在我心里留下爪痕了。,8,力荐,2025-7-30 01:54,青江风,431767,girls band cry
结尾说实话不是很满意，但是整体还是不错的,7,推荐,2025-7-29 22:17,片儿川,431767,girls band cry
看得心累,7,推荐,2025-7-29 19:22,白鳞小鱼,431767,girls band cry
东大妈技术的象征,7,推荐,2025-7-29 16:57,昼梨,431767,girls band cry
经费溢出,8,力荐,2025-7-29 15:24,HCZGDWLTZ,431767,girls band cry
"补2024.8.4
第一次看3d做的很不错，应该说是三渲二吗？然后就是歌：卧槽，冰！。",7,推荐,2025-7-29 01:40,PP,431767,girls band cry
这个3D太强了,8,力荐,2025-7-28 16:11,慕名而来,431767,girls band cry
"不是很喜欢小孩不太坦率的性格，结尾也有些仓促了...但是486酱真的好可爱www
三次元来说理名的状态还是有的，声线很抓耳（我觉得ed比op好听
我宣布这是今年看过观感最好的番",10,超神作,2025-7-28 12:31,安和と昴すばる,431767,girls band cry
第一次看3d类的少女乐队番，我一直以为少女乐队都是轻音/孤独摇滚那种2d的。前几天刷到mygo原来邦邦也是3d的。好了说回来，这部基调蛮轻松的，虽然都打趣说是少女中专乐队，剧情还是很套路的原生家庭不好，通过乐队鼓舞了自己。音乐挺好听的，片头曲0帧起手真的很洗脑，里面最喜欢mmk～,6,还行,2025-7-28 11:47,Natut,431767,girls band cry
2_,0,未评分,2025-7-27 00:34,yuki,431767,girls band cry
令人眼前一亮的作品，它优秀的演出分镜能让人无视掉其他缺陷，快出第二季吧，求求了,8,力荐,2025-7-26 19:02,yh呵呵,431767,girls band cry
作画王朝了,7,推荐,2025-7-26 17:07,obscurepoet,431767,girls band cry
很好的接棒了少女乐队的王朝延续,10,超神作,2025-7-26 10:52,爱与泪的摸鱼战士,431767,girls band cry
"即使贯彻自我意味着自己的刺总有一天会刺伤别人刺伤自己，那又如何？我仍然要沿着自己的道路走下去。
动画从始至终贯穿的“我没有错”,去做自己，不向这世俗间任何事物低头的反叛精神让人感动。很喜欢仁菜那种不服输，始终坚持自我的性格，她简直就是这部动画反叛精神的完美化身，也是无刺有刺之魂，动画的音画表现极其出色，几场live的表现更是惊艳，期待第二季的表现。",8,力荐,2025-7-26 01:11,万策尽,431767,girls band cry
好看，粉上刺团了,8,力荐,2025-7-25 17:32,阳,431767,girls band cry
花田最差的作品，没有之一，一群小屁孩不上学又哭又闹，真的闹麻了，唯一的价值就是给短视频提供段子。声优唱歌一般而且真的很丑好吗，我不懂为啥那么多人粉。,1,不忍直视,2025-7-25 13:24,看片快乐~,431767,girls band cry
前期趣味十足，3d制作行业顶尖，音乐洗脑（冰！），可惜中后期剧情乏力，太过理想化了，节奏太快跟不上小孩姐的脑回路，还整出了不登校乐队这个梗，成在人设败也在人设,7,推荐,2025-7-25 03:08,貓旋風コチ,431767,girls band cry
输在结尾,8,力荐,2025-7-25 02:56,虚晔,431767,girls band cry
后半段乏力，歌好听，去过现场小孩姐稳的,7,推荐,2025-7-25 02:08,梦二,431767,girls band cry
实际上光是3d的制作水平就值得一看了，不过作为乐队番来说又是比较挑受众和对电波的，对我来说瑕疵更多的是在结尾，给人一种欲言又止的感觉 ，反而可能让人搞不清剧本想表现的核心思想。看得出来后期手底下做3d的牛马已经被压榨走不少了（,8,力荐,2025-7-25 01:52,羽漓,431767,girls band cry
前十集能拿9分，但最后几集观感明显下降，出现了很多在前十集不会有的问题：ep12/13突然就不会刻画群像之间的关系了，最后几集nina之外的刺团就好像是一个模子多刻了几个人；叙事太仓促了，完全没有把nina和hina的故事塑造好；商业相关的内容刻画得过于儿戏。期待第二季。,8,力荐,2025-7-24 23:34,竹田千爱,431767,girls band cry
补标6.5,6,还行,2025-7-24 18:18,vesper,431767,girls band cry
看过演出最华丽的偶像番了，虽然是三渲二但是看着不输其他精美的作画，剧情也是平铺的很自然，没有那种恶心人的桥段，就是配音还是显得有点棒读,7,推荐,2025-7-24 10:08,aliezeros,431767,girls band cry
"很棒的3d技术，不仅是各种细致的小动作，而且人物表情很可爱，有种手办水贴的质感。还有丝袜，我很喜欢这种质感。
看完后补充：反叛的摇滚精神（？）没能作为骨架撑起故事利益，反而影响了少女形象的味道，感觉有点拘束于商业企划和不登校美少女了（）。而且在知道动画是帕鲁干的后感觉有点伤心",7,推荐,2025-7-24 00:37,潮汐月色,431767,girls band cry
你问我观感如何，我会推荐给其他人，你问我喜不喜欢，我不喜欢,7,推荐,2025-7-23 18:31,吃uuz的麻薯,431767,girls band cry
"2025.7.14——2025.7.23补番
3D制作确实给乐队动画注入了不一样的血液，流畅地环绕live真的很爽，感谢东映相关的制作人，给我们呈现出如此精美的画面。
追完之后感觉，前面十集的完成度远高于最后两集，可以看出花田后期控不住了。如果在第十一集live之后就结束了，将会是一部非常好的作品，而不是在荒谬的两集签约完又退社，最后的live还没有完整版。但无论如何，追番的体验是很愉快的，希望能有第二季。
但还是很感谢帕鲁们的辛勤付出，听说他们有很多都累到辞职了，希望他们前程似锦。",8,力荐,2025-7-23 15:55,飞文,431767,girls band cry
3d人物做的好啊，但是猫猫和路人的质感差点，原创剧情没完结就有点减分,7,推荐,2025-7-23 15:10,Efabs,431767,girls band cry
[8.3],8,力荐,2025-7-23 02:20,sawaing,431767,girls band cry
动画可爱,7,推荐,2025-7-22 21:52,iahaa,431767,girls band cry
如果再来个剧场版，或许评价会高不少,7,推荐,2025-7-22 16:37,磷灰石,431767,girls band cry
堪称顶级的追番体验，可以这么说，从2019年开始看番，我第一次在B站追完一部番，然而东映整个大活，在我心中的地位接近游戏人生，因为游戏人生是我在B站看的第一部番，入宅作是未来日记，总感觉有些悲惨呢,9,神作,2025-7-22 12:34,哈茈乜弥苦,431767,girls band cry
平稳落地吧只能说是,6,还行,2025-7-22 08:25,2333,431767,girls band cry
第一集太有劲了，当时把周围看动漫的全拎着观赏过第一集，因此单单第一集我就看了四五遍，，卢帕和海老冢智（不是你俩谁？）塑造太平面了，就像在高速公路飙车突然莫名其妙甩进车里的两个人。还有前期感觉非常压抑和严重的80以及家庭氛围，在后面一个不了了之，另一个不是就这？逗我玩呢？高开低走，重拿轻放，失望至极。有缺点但美术顶级，live除了空之箱和oped没有印象深刻的地方。个人不是特别喜欢。7.7分,7,推荐,2025-7-21 22:50,index,431767,girls band cry
"2025.7.15开始
今天结束",8,力荐,2025-7-21 00:29,日常小迷糊,431767,girls band cry
强大的3D技术力让人感到惊艳，剧情给人一种大开大合的爽文感，12、13话略显仓促。//溜gbc的歌蛮爽的,8,力荐,2025-7-20 22:58,正在祈祷的脑洞比熊,431767,girls band cry
找回了追番乐趣的一部，虽然最后有点遗憾，但还是很喜欢,9,神作,2025-7-20 17:47,zzzXwX,431767,girls band cry
这部的小动作处理的是真好，这里戳一下那里打一下，可爱到爆炸，然后一唱歌全部打回原形，做着摇滚的事情，然后歌声响起全是平庸的味道，和这五个人身后的故事联系不到一起，太可惜了,7,推荐,2025-7-20 17:14,十六夜咲夜,431767,girls band cry
live数很多质量也很高，看爽了。小孩姐性格可能不太讨喜，有些情感表达用力过猛，但瑕不掩瑜。小孩姐家里亲情的刻画还不错。有一点出戏的就是队伍里其他人初见对小孩姐无理由的好（真实社会真会有这么温暖吗）,7,推荐,2025-7-20 16:35,傲娇软糯腹黑萌二,431767,girls band cry
第10集还不错，OP好听。仁菜坚持对邦是真有勇气啊，基本是必输的局面啊，最后让队友和事务所一同承担错误，有什么意义。仁菜还是太倔强太理想化了，从头到尾没什么成长啊。最后结尾跟断章一样，结果呢？,6,还行,2025-7-19 22:09,西谷,431767,girls band cry
该说不说摇滚歌曲还是太一般了，即使有很好的演出也撑不起气氛，人物虽然都是神人但塑造的还不错，期待第二季吧,5,不过不失,2025-7-18 22:43,事変,431767,girls band cry
意义不明，小孩姐这三个字就能完全概况女主了。东映的3D技术力和小表情做的太强了,5,不过不失,2025-7-18 22:24,CXY,431767,girls band cry
太带感了，东映是真有钱,9,神作,2025-7-18 21:43,焰,431767,girls band cry
gbc在日常上真是让我感觉极好,7,推荐,2025-7-18 20:06,冷泉铭绪,431767,girls band cry
爽,9,神作,2025-7-18 11:06,asky,431767,girls band cry
感觉还是日本人制作的3D得劲啊，没有那种油腻师姐的味。剧情方面最后两集有点仓促，且反而变得稍显无趣，拉低评价了，前面那些还挺好的,8,力荐,2025-7-17 20:53,Revive,431767,girls band cry
还行吧，就是结尾真的太仓促了，最后一集演唱会才唱一首就全员冲过来说谢谢的可太少见了，期待第二季吧,8,力荐,2025-7-16 23:19,雨宫莲,431767,girls band cry
剧情过于老套生硬，一直搁那塑造小孩姐最后也没见有特别大的成长,6,还行,2025-7-16 21:50,可爱小彩羽,431767,girls band cry
"就这么没了？
歌也确实好听",5,不过不失,2025-7-16 21:06,未留叶,431767,girls band cry
这部番实在是太完美了！！！讲真，我想了半天愣是想不出这部番中的一个缺点，五个要点都表现得完美无瑕，同时也是因为这部番让我有了第一次发表日志的动力。想要说的点也全都在日志里了。,10,超神作,2025-7-16 03:35,子凉.,431767,girls band cry
食之无味，弃之可惜。不过确实高技术力,7,推荐,2025-7-16 01:04,月见团子,431767,girls band cry
"一路追过来的，每周五晚11点半开始在直播间找生肉看，看完生肉b站会有人传机翻再看，第二天早上陆续会有熟肉再看，周六晚上再看泛式的全切直播以及切片，基本每集我都要看五遍以上。追番过程中我基本把pv，访谈，官号发的视频以及23年就出过的歌都翻个遍。我与等番完结再一次看完的人感受自然是不同的，所以，对我们来说，即便是定义相同的东西，意义也一定是不同的。尽管GBC在国内的热度很高，我也不觉得自己能找到几个真正志同道合的理解者，但我会给 GBC 9分。
说回动画，我很欣赏nina，与其说我想成为nina不如说我想有一个nina这样的同伴，说到这我必须再借用一次XPJbox老师的话——书中的主角是读者在家阅读而一起去世界探险的伙伴，所以主角要个性鲜明。",9,神作,2025-7-15 18:33,Air Chika,431767,girls band cry
第一集太美好了，花田最古典的那款子,6,还行,2025-7-15 13:16,两仪命理,431767,girls band cry
贡献了世界名作之竖中指的小曲,10,超神作,2025-7-15 11:07,L4A1onE,431767,girls band cry
冰！,8,力荐,2025-7-15 03:47,arelitos,431767,girls band cry
上来的几首歌包括演出我都挺喜欢的，但是有一说一这个剧情是不是太刻板生硬了啊，有些过于轻浮在表面的爆发，给人一种很急躁的感觉。先给一个观望的评分吧,6,还行,2025-7-15 00:13,稻酱,431767,girls band cry
第一集的空之箱太神了，什么时候出momoka的完整版求求了,7,推荐,2025-7-15 00:04,泫翎若天,431767,girls band cry
真的很喜欢群像呀TvT 太好了,7,推荐,2025-7-14 17:13,江南初雪迟迟,431767,girls band cry
如果没有第二季这就是单纯的高开低走，最后两集还爆爆爆完全没考虑塑造其他成员，这是有刺无刺乐队不是仁菜和桃香的扣扣空间,7,推荐,2025-7-14 08:36,狂炫小鱼干,431767,girls band cry
真的非常活灵活现，是一部相当注重感官体验的动画，感谢！另外一点私心，难得有这么年轻和干净的声音，真心希望歌手能多维持几年。,8,力荐,2025-7-14 03:13,Lain Z,431767,girls band cry
现在有一个弱智宅男队友每天都很突兀的乱叫这op的第一句，让我连带这动画的评论也降低了,7,推荐,2025-7-13 15:00,外甥的外甥,431767,girls band cry
要是最后能保持前面的水平就好了,7,推荐,2025-7-13 11:22,断音,431767,girls band cry
不愧是小孩姐，一点就炸呀OvO,9,神作,2025-7-12 22:06,gmdq,431767,girls band cry
"剧情真是给花田包上饺子了，铺垫那么久的父亲一回来马上就开窍，结局没有选择商业，然后也没了下文
 
关于前几集摇滚的太刻意了，但gbc里大部分都是正常人，只有小孩姐个性是真小孩，貌似完结了也没看到有啥成长
无奈画面太无敌，演出和节奏也还凑合",7,推荐,2025-7-12 19:50,抹布洗,431767,girls band cry
制作优良，live和人物的小表情很抓我,9,神作,2025-7-12 17:19,时间嗖嗖嗖来了,431767,girls band cry
总体还是好看的，小槽点还是有一些比如抱着吉他在雨里跑还摔了看的人血压飙升，结尾稍显仓促但也是不错的少女乐队题材番。,7,推荐,2025-7-12 01:30,9029,431767,girls band cry
套着现实主义外壳的理想主义乐队番，涉及了校园霸凌、原生家庭和商业化等话题，演出出色，剧情还行，结尾仓促。//仁菜与家人和解的情节初看还是挺感动的，亲情果然是必杀技。不过仁菜塑造感觉用力过猛了，难以共鸣，倒是挺喜欢486的。,7,推荐,2025-7-11 17:45,YuChein,431767,girls band cry
起码高开了,6,还行,2025-7-11 16:21,是猫猫不是毛毛,431767,girls band cry
中专小妹闹麻了,5,不过不失,2025-7-11 05:01,树桩,431767,girls band cry
少女乐队都是神,10,超神作,2025-7-10 18:56,瓶子君304,431767,girls band cry
垃圾剧情，精神小妹爽片,4,较差,2025-7-10 13:45,姫野星奏,431767,girls band cry
制作水平挺好，但是还是乐队番的老几样，家庭矛盾、队内矛盾，最后逐一解决,6,还行,2025-7-9 18:51,Chtholly,431767,girls band cry
"不是很喜欢花田的作品。感觉花田十辉总是痴迷于制造噱头、制造Drama。

宣发里“最大胆”“竖中指”，结果第二集就告诉你这是个噱头，甚至因为竖中指有点激进，改成了竖小拇指，变回了JK样板戏……

关于情感的部分也是一样，成员的成长、内心问题，根本就没打算回答，一切都用喜剧、扯头发搪塞过去，就像仁菜背后的“黑风”一样，需要的时候拿出来，不需要的时候就不见了。

不过虽然是样板戏吧，但也是很好的样板戏啦。",7,推荐,2025-7-8 13:49,……,431767,girls band cry
一开始是冲着顶级3d去看的（pv就很炸裂了居然没人提也是离谱），然后直接“woc，冰！”上一部还是马三角，直接成我四月周指活了，呜呜呜我要第二季。,8,力荐,2025-7-8 11:50,Oldtype,431767,girls band cry
低了，7.8，7.9绝对可以，或许是结尾一般导致有人不喜欢？,10,超神作,2025-7-8 01:11,KawaragiMomoka,431767,girls band cry
第一次看见如此鲜活的3d人物，表情和动作都很生动。推动故事前进的矛盾产生和解决主要来自各个人物各自的心结。486超可爱！！,8,力荐,2025-7-7 15:00,Klidopic,431767,girls band cry
番还行，就是不少刺小鬼逻辑很清奇：我比mujica好等于我是神作，应该值得你们珍惜和膜拜。那除了兽娘2京吹3星团2那些烂作之外大家都可以互相封神了，那业界不用用心写剧本了，都老老实实当打工人等同行烂光自动封神好了，希望这种思想能早日传到东瀛去那我们果漫崛起有望了,2,很差,2025-7-7 13:50,向荒诞世界奔去,431767,girls band cry
孩子们，我比母鸡卡好看吧,8,力荐,2025-7-7 09:25,nolefanmazao,431767,girls band cry
"怎么说呢
虽然小孩姐确实很幼稚，是一个爱说大道理的正论小孩
但坚持下来了嘛，至少真的吸引到了一帮伙伴

而且我在看之前真的没想到3d能如此灵动，大家都超级萌啊

「每次live的画面都感觉很短，戛然而止的感觉」",8,力荐,2025-7-7 08:18,墨陌漠,431767,girls band cry
流畅的作画，特别是live表现得很有张力 ，可惜结尾略显仓促但瑕不掩瑜,10,超神作,2025-7-7 00:07,Atlanpop,431767,girls band cry
20250706,0,未评分,2025-7-6 14:20,余水,431767,girls band cry
[无刺有刺]这招太狠了,8,力荐,2025-7-6 02:42,GRSEVEN,431767,girls band cry
这个世界上，只做自己想做的事就脱颖而出的只有一小撮人，但是我们依然有我们有对世界呐喊的权利，我们没做错任何事情，因此，我渴望证明自己是对的，不输给这个世界。呐喊不仅代表着痛苦，也代表着希望。,8,力荐,2025-7-5 22:31,雪漫,431767,girls band cry
动作表情灵动细腻，live动效炫酷吊炸天，虽然剧情还是老一套但总归还是燃泪到位，以及还有疑似真百合（？）,8,力荐,2025-7-5 18:40,梦梦来院,431767,girls band cry
这是一部动作表情细腻，质量拉满的作品，同时也是感性大于理性，nina这个人物性格很特别，叛逆、正义、不服输的韧劲。最后一集还是太赶了，狗尾续貂的感觉，赶紧出第二季吧,8,力荐,2025-7-5 16:50,忍野忍,431767,girls band cry
蛇尾了，希望有第二季吧。我好喜欢大家，好喜欢大家，大家，最喜欢了！,9,神作,2025-7-5 15:56,安芸空秋,431767,girls band cry
7.5,7,推荐,2025-7-5 15:32,三文鱼叉烧酱,431767,girls band cry
"可惜音监的live演唱没有演出的感觉
当初是全追下来的，只能说情绪的感受大于剧情的思考",6,还行,2025-7-5 13:59,木方青,431767,girls band cry
河原木桃香——女人中的女人,8,力荐,2025-7-5 10:15,渚岸观铃,431767,girls band cry
剧本不如mygo，女主nina小仙女一开始的人设非常垃圾，印象最深的就是拿个灯螺旋桨打无辜路人，而我翻遍全网也找不到骂女主的视频，真是可怜我的十八岁的菜月昴了。后面的剧情也是，不够狠，非常普通，都是点到为止，最后再来点花田魔法包饺子。作为被吹到八分的作品，我只能打4分,4,较差,2025-7-5 08:35,不孝子菜月昴,431767,girls band cry
众所周知，所谓少女乐队，卖人设是不得不品的一环，而我们的gbc很显然这一环就很粗，但是粗过了有点过于依赖这一环了，全片相当一部分的剧情集中在了小孩姐的爆爆爆，事实上对于其他角色的剧情刻画是虽然有但是并不足够的，甚至于小孩姐的剧情都爆的不彻底，有点急于包寿司了www，但不得不承认在前期的爆爆爆环节，制作组的演出还是非常有东西的，尤其是小孩姐和mmk的故事线与人物塑造的双重结合，直接将爆爆爆环节的好看程度叠了一个平方。但是归根结底，这个结局和后续收尾我还是不够满意的，留白太多有一种要出第二季再说的感觉（但是东映懂得都懂哈哈哈…）,7,推荐,2025-7-5 05:47,JOYHUM,431767,girls band cry
"有趣的人设+前期扎实的脚本（nina和mmk和解后节奏就怪得很，还有对校园暴力的重拿轻放令人不适
但总体来看不愧为少女乐队四大名著",7,推荐,2025-7-5 01:42,starry_sky,431767,girls band cry
剧情方面，很开心看到仁菜的成长，各个人物都有血有肉，但是结局太仓促。动画制作方面，打工人手动K帧，动画质量真的很好，打破了我对于3D动画的偏见。最后，486天下第一！,8,力荐,2025-7-4 23:54,见笑见笑,431767,girls band cry
理想打破现实，这种基调的番我太喜欢了，第一集开局就相当优秀，第八回更是神回，细腻的情感塑造和不错的音乐相辅相成，第十集亲情回也令人动容，可惜最后两集明显是有第二季的，本身这是个不完整的故事，没有第二季的话说实话算烂尾,8,力荐,2025-7-4 23:54,爱西路,431767,girls band cry
无敌,10,超神作,2025-7-4 19:29,zuye233,431767,girls band cry
日本3D技术也不错嘛,7,推荐,2025-7-4 16:49,天空之城official,431767,girls band cry
好看捏,7,推荐,2025-7-3 22:33,asen_angel,431767,girls band cry
"没有别的意思,nina性格很像我,但比我勇敢",7,推荐,2025-7-3 03:12,风间苍也,431767,girls band cry
音乐和3d都非常好，但是情节确实比较难以接受,0,未评分,2025-7-3 00:26,青花三角龙,431767,girls band cry
我家小孩！,10,超神作,2025-7-2 21:30,神威和乌龙,431767,girls band cry
剧本真的很可以。之前云剧情的时候觉得女主烦，但真来看了还是多少能理解。而且486的情境个人还算挺感同身受的。也总算开始理解何谓“摇滚”。,7,推荐,2025-7-2 19:59,ZTZ96A,431767,girls band cry
按剧情只有6分往下，但音乐补足了这一点。,7,推荐,2025-7-2 17:23,アクマ,431767,girls band cry
我还挺喜欢这种情感戏的,8,力荐,2025-7-2 12:29,草菇,431767,girls band cry
情绪流搞得不错，但是有的时候有点用力过猛，仁菜人设塑造有点问题，rupa塑造则太单薄，比较喜欢486的个人故事，另外结局收的也不是很好，整体来讲也算是好作品，希望有下一部,7,推荐,2025-7-2 04:07,Saku木口,431767,girls band cry
挺好的，可以成为这个时代的代表作之一,7,推荐,2025-7-1 10:52,章丹舞勺,431767,girls band cry
很精良的制作，核心人物有塑造的，但是篇幅还差一点，能再给队里其他人多一点空间去塑造就好了。,8,力荐,2025-7-1 00:15,鬼畜眼镜男shiki,431767,girls band cry
各项指标一流，只可惜最后几集剧情感觉有些赶,8,力荐,2025-6-30 17:43,空明 Kuumei​,431767,girls band cry
每周六睡醒后的精神慰藉，为我开启一个充实的周末,7,推荐,2025-6-30 15:28,Omagari_hare,431767,girls band cry
最好的少女乐队番,8,力荐,2025-6-28 22:54,44,431767,girls band cry
"7.5
我喜欢你的音乐和前11集。",8,力荐,2025-6-28 20:36,ameri_sarah,431767,girls band cry
主唱太拼命了,7,推荐,2025-6-28 18:50,rolangela,431767,girls band cry
第10集之后我开始跟不上这部番的情绪流了，主角仁菜的叛逆也没有前面集数带给我的共鸣，歌还是不错的，可惜live混响依托,7,推荐,2025-6-28 02:21,洋飞,431767,girls band cry
怎么你们少女乐队的信条都是谁live赢了谁就能像辣鸡小游戏一样抢走对方所有的粉尸并狠狠的羞辱，tm隔壁班嘉豪都不一定做的到你做到了,8,力荐,2025-6-27 23:35,助手,431767,girls band cry
我觉得到十二集以前的剧情都非常不错，虽然十二十三集剧情差了一点但是瑕不掩瑜。仍然是近几年最摇滚的少女乐队作品，而且gbc的3D制作对3D动漫有了改观，没想到3D动画可以这么灵动。,10,超神作,2025-6-27 22:08,Envy_,431767,girls band cry
"2/13，为什么评分这么高……歌还不错。
感觉人物塑造很奇怪，关系的进展让我完全无法理解。突然冲突了，突然又和好了。很嘈杂。",5,不过不失,2025-6-27 20:41,Daiz,431767,girls band cry
他妈全是女同宣扬错误价值观,3,差,2025-6-27 18:34,sleeplessdayszzz,431767,girls band cry
我的第一部少女乐队动漫,8,力荐,2025-6-27 16:49,ストロベリー掘削機,431767,girls band cry
"《哭泣少女乐队》 无刺有刺

那种青春的刺痛感渲染的是很好的，nina赋予了我特别多的感受，
有种彻头彻尾的坚韧的感觉，不服输的感觉，不后悔的感觉，
让我羡慕的感觉，我没能做到的悔恨，
真的是正说大魔王呢，nina真的做到了很多我没做到的事情

GBC就是一群被现实打倒过，但依然热爱生活的，互相鼓励，一起朝向泥泞中走去的傻瓜们，
即使出淤泥而污秽也不愿妥协，朝着梦想进发的少女们的故事

我非常庆幸能和她们共同感受苦痛，与她们走过的旅程也是最能引起我共鸣的路途
1刺 = 103",8,力荐,2025-6-27 14:55,Noah,431767,girls band cry
8分全給技術,8,力荐,2025-6-27 12:02,地獄大貓貓,431767,girls band cry
（486赛高！10分！）剧情6分，人设9分，演出8分，音乐9分。综评给7.8到7.9都是合理的（如果考虑同行衬托甚至可以上8分）,8,力荐,2025-6-27 03:42,落英,431767,girls band cry
rupa塑造少，差强人意,7,推荐,2025-6-27 03:08,瀬詩,431767,girls band cry
前期印象太好以致后期期待太高,0,未评分,2025-6-27 02:20,Tlipus,431767,girls band cry
歌很好听,8,力荐,2025-6-26 21:45,地光计,431767,girls band cry
嘎嘣脆,8,力荐,2025-6-26 21:07,桐切沙织,431767,girls band cry
跨时代的3D表现力和制冰技术,8,力荐,2025-6-26 16:33,wjj,431767,girls band cry
人物都很喜欢，就是学历不高，结尾一般,7,推荐,2025-6-26 00:17,呵呵我司,431767,girls band cry
人设做的不错，但是有些演出过于用力了，一些转折显得生硬。作为乐队番只有op一首歌能进歌单,7,推荐,2025-6-25 23:27,echo1,431767,girls band cry
主唱让我想起了24年去世的故人，十年前在街头唱歌的声音。,8,力荐,2025-6-25 19:07,奏马灯,431767,girls band cry
GBC作为一部原创动画十三集的内容虽然后面两集结尾稍显仓促但是讲完了完整的故事。可惜的是最后一话的live不是完整版。前十一集的几场live制作都极其精良尤其第三话和第十一话。文戏则是第八话和第十话发挥出色。十三话结尾也并没有选择包饺子而是以一种我们的战斗才刚刚开始结束，虽然如果没有第二季会让人很难受但是也贯彻了nina的我不想输，nina这个角色的魅力也在于对于自己认定的事情即使结果可能不敬人意但是依然不会后悔。nina和hina其实也m没有深仇大恨只是观念不同，hina虽然是结果导向者，会因为事情的结果而改变自己的行动，也正因为如此她才羡慕nina那个正论怪物吧。我们大多数人在现实中都会因为考虑结果而做出取舍，所以这才彰显nina这个角色的魅力，同时也非常的摇滚，因为妥协的摇滚不是摇滚。顺便全套蓝光BD已经支持，衷心因为能在继续见证刺刺乐队的故事,10,超神作,2025-6-25 18:49,彻底死去,431767,girls band cry
就像弗兰克尔所说“人所拥有的任何东西，都可以被剥夺，唯独人性最后的自由，也就是在任何境遇中选择一己态度和生活方式的自由不能被剥夺”。向你所不能击败的发起冲锋吧！,10,超神作,2025-6-25 16:34,流苏,431767,girls band cry
"闺泣！OP ED循环中
有点太现实了让人难受啊
第三集LIVE女主的绿裤袜我没背住
艹这没两集了还整活啊 我害怕
3D小表情是真的挺丰富的 486可爱捏

看完了，还好吧平稳落地，小孩姐讲的还是挺完整的",8,力荐,2025-6-25 07:07,rubick,431767,girls band cry
有看头，给个8分先,9,神作,2025-6-25 00:14,二少,431767,girls band cry
完全无法共情nina，所以导致观感特别差，现在看来能结上尾或许已是难得。但是钻尘几个人甚至连完整名字都不给一个是否有点。。？,5,不过不失,2025-6-25 00:02,晏小鱼,431767,girls band cry
感觉挺一般的，看下去的动力比较小,7,推荐,2025-6-24 22:07,ch太二,431767,girls band cry
结尾有点仓促唉,7,推荐,2025-6-24 00:44,NekoArc,431767,girls band cry
还可以，人设做的不错,7,推荐,2025-6-23 17:17,落叶8843,431767,girls band cry
杀不死的熊本人，总体来说是梦想战胜原生家庭与规训，羁绊飞跃过往创伤的一篇，人物和live都非常用心，在孤独摇滚之后再次感受到了玩音乐的喜悦，虽然最后两集节奏看的困惑，op里的live也没有出现。,9,神作,2025-6-22 22:57,Sylvaine,431767,girls band cry
“我终其一生，都只会活出我自己而已吧。”,9,神作,2025-6-22 17:09,bes0,431767,girls band cry
有一说一，就个人而言这部番的剧情并没有整出什么新花样，甚至哪集话大概会吵起来，吵起来后怎么解决，也大致猜到了七八成，至于深受大众好评的人物情感塑造部分我也只觉得”也就那么回事吧“。但到此，我对这部番也仅仅只是算不上喜欢。真正让我厌烦的还是第八集mmk带着人撤学搞乐队那段，本身mmk给我的印象就是那种总是带些情绪，但又不想说，于是憋着让人问也不是、不问也不是的态度。而新一集这人自说自话，先是欠了3个人毕业证，后面又自顾自的”背负不起“。到这会，她们爆了，我也想爆了，我脑子里只有”首先是吵架，然后是和解，然后是吵架，然后是和解...”有完没完啊。后面的集估摸着又要讲tomo和rupa的个人回，hina也是个定时炸弹，想想就头疼，或许乐队只是为了搞人物冲突而包的饺子？,6,还行,2025-6-22 15:01,阿昌,431767,girls band cry
曾经对我意义非凡的番。强调自我的存在，虽然结尾仓促，但live质量和花田扎实的剧情使这部番仍然值得推荐,8,力荐,2025-6-22 12:43,行墨琉金,431767,girls band cry
这就是真摇滚??,8,力荐,2025-6-21 22:58,mono,431767,girls band cry
为了486,10,超神作,2025-6-21 22:10,Oguri Subaru,431767,girls band cry
希望早点出第二季吧,9,神作,2025-6-21 02:38,lin520elaina,431767,girls band cry
就好這一口反骨，但最後一集略為倉促。,8,力荐,2025-6-21 00:24,Eccentric,431767,girls band cry
乐队番的长河,9,神作,2025-6-20 21:29,ye,431767,girls band cry
3D让人眼前一亮，很适合追番，想你了武器大师仁菜,9,神作,2025-6-20 20:29,Listener,431767,girls band cry
"优点：优秀编导，剧情使人投入，人设讨喜。歌好听。剧情节奏佳观影体验好。
缺点：仅2人的成功塑造。和常识唱反调的乐队运营细节问题。",8,力荐,2025-6-20 19:44,nana923746,431767,girls band cry
竖起中指吧,7,推荐,2025-6-20 11:54,蜂鸟与旅人,431767,girls band cry
"制作很好，表情生动动作流畅
剧情上直到11集都不错，最后两集感觉冲突有点刻意了？个人认为mmk跟nina之间的关系不至于到这种程度，更不会到逼迫nina认输。直接解约也有些儿戏了。不过玩乐队的都对自己个性的追求和表达会更执着一些吧，从这个角度倒也不是不能理解。",8,力荐,2025-6-20 11:39,Aya,431767,girls band cry
小孩姐不赖,9,神作,2025-6-20 11:27,黑镜sss,431767,girls band cry
中规中矩的少女乐队番,7,推荐,2025-6-19 19:58,光の晨曦初梦,431767,girls band cry
不赖，还真有点摇滚,8,力荐,2025-6-19 18:56,风云,431767,girls band cry
没有所谓的正确答案,9,神作,2025-6-19 12:19,我的朋友不可能看二次元,431767,girls band cry
好看吗？我只看到一个情感生物在发癫,5,不过不失,2025-6-19 10:29,beamng,431767,girls band cry
对于这部作品的评价实际上心情比较复杂，一方面篇幅被大幅压缩，节奏很快但故事没有交代完整，另一方面剧情在一个少女乐队也是真实的，内心和性格刻画超出了以往作品，歌曲质量过硬，人设没太大问题，作画这块还是别纠结了，离完美的作品有很大差距，但还是值得一个高分的评价，当然也是建立在对下一季有很高期待的基础上。,9,神作,2025-6-18 17:21,白糖不苦,431767,girls band cry
"这下真的是刻板印象了, 搞艺术的多少有点心理问题hhh. 第二话挺好的, 像是孤独感的现实性写照吗 // 第五话的ed很像live的录像, 就是镜头太晃了. 欣赏完各种泥头车二创 来看看原作, 看小孩姐这个性格估计很难平稳落地啊 // 又看了几话, 还是觉得剧情会砸, 小孩这个人设就感觉没法, 也不能追求完美人. 那抛开剧情不谈, 3d质量很高, 每个角色的小表情也很到位. 歌好听 技术很强 // 各成员的家庭问题居然就平淡解决了, 小孩姐的爸人也很好, 能理解小孩姐. 最后一话, 现实中又混杂理想化, 我开始喜欢小孩姐了. 这种执拗和天真, 真好啊. 让我想起来团长了. 理想主义也挺好的不是吗",8,力荐,2025-6-18 13:04,墨冷,431767,girls band cry
歌好听 剧情结束在11话感觉更好,8,力荐,2025-6-17 23:02,Linkenic,431767,girls band cry
感性大于理性的作品，虽然有些不切实际的情节，但是好tm爽啊,8,力荐,2025-6-17 11:02,牢宅,431767,girls band cry
最爱的“第一集”，也是少有的每集当天看两遍,8,力荐,2025-6-17 00:20,krebs,431767,girls band cry
音乐在线，演出在线，除了红生姜组合人物还不够丰满以及结尾有些仓促外没什么大问题，很喜欢togetoge的音乐，空白与净化神回 8.5,8,力荐,2025-6-16 23:22,Arcen,431767,girls band cry
"制作优良，经费充足，但是情节展开逆天，内核表达不知所云，主角完全配不上这个经费和乐队其他角色的塑造功底。
相比完整塑造的桃香和486，整个番中完全没有见到小孩姐的成长。刚来东京时什么样最后还是什么样，甚至变本加厉，擅自把自己的期待强加在别人身上并以此为动力强行PUA，在团队中又毫无担当和责任，live上一而再再而三地任性乱说话，其他队友完全没有义务这么照顾你的感受，还让队友一直承担着你的经济、情绪压力，这又是为什么呢？
再说整个情节上，桃香本人和旧队友对钻尘看得很开，也没有什么矛盾，是小孩姐硬生生把自己和nina的矛盾强插一脚到其中去，桃香当然没做错什么啊，这样让桃香以后怎么做人？和家庭的和解也是不知所云，没有表达只有相视一笑的和解，对霸凌伏笔的运用更是只有op，直接导致从相爱相杀变成了恶意避祸的形象。只能说是制作组难咎其责。",4,较差,2025-6-16 20:03,萧祁,431767,girls band cry
裹上了一层“理想的叛逆”的辣椒粉的咸口乐队番，花田十辉还时不时下点药。个人比较喜欢这个3D建模，部分与2D人物共同出现的演出（比如霸凌）确实别具一格。7.6//10.0,7,推荐,2025-6-16 17:43,昴,431767,girls band cry
个人非常喜欢的作品，人物塑造的太好了。除了结尾有点差强人意，有很多集我都非常喜欢，1 4 7 9 10。真的很打动我。包括对教育的探讨等等等等。至少在我眼里，这绝对不是一部cjb作品！,9,神作,2025-6-16 13:56,瓦米哈,431767,girls band cry
剧情节奏怪怪的，表现太夸张，没看完,5,不过不失,2025-6-16 12:34,羊宫妃那,431767,girls band cry
GBC最大的供献大概是开启了少女乐队动画学历笑话?人设好看，但配套的剧情太菜了，并没有给人物加分。,5,不过不失,2025-6-16 03:40,落花洛水,431767,girls band cry
对我来说影响很大的一部作品......虽然说后面两集有点过于仓促了，但我还是觉得是我24年最爱的番,10,超神作,2025-6-16 00:08,断刃新硎,431767,girls band cry
我只看到了几个疯婆娘天天搁那吵搁那闹。。,3,差,2025-6-15 11:54,伦理大魔王,431767,girls band cry
"3D动画演出效果极佳，东映疯狂压榨牛马动画师亲手K帧造就了这么一部电影级别的番剧，人物表情和动作真的丰富。

全篇围绕nina和家庭、和学校霸凌者的抗争，但后面和hina的合好又显得nina像小丑了，不过倒是也有解释的方法，比如nina就是小孩、她成长了之类。但无论如何，nina的抗争精使得她成为了无刺有刺的队魂，然后把所有人拧成了一股绳。

虽然后面收尾略显仓促，但是还是给到九分，因为动画演出的效果太赞了，再加上这部也给我提供了很多有意思的二创。CV的演出也很到位，很喜欢mmk，但我也到了和姐系人物一个年龄的时候了，唉唉，光阴不等人，我已经是奔三的人了（误，此处自嘲，谁说20不是奔三）。

不喜欢CP党，但是也不会去跳脸，只看剧情。",9,神作,2025-6-14 23:52,CabbageLee,431767,girls band cry
很好,7,推荐,2025-6-14 17:39,akemihira,431767,girls band cry
动画只能7分多一点，但歌不错，又加一点，严格意义上还是给不到8分的。之前去了川崎巡礼，表面风平浪静的城市居然有这么多神人。人物冲突太“激情”了，企划作品还是以整个企划为主，牺牲动画的合理性换了爆点，至少在快节奏流行下，这么做效益很高,8,力荐,2025-6-14 04:01,炽叶木染,431767,girls band cry
二次元特有的救赎，我看不出来主角的人物魅力在哪里，我只看出来随时随地的耍脾气摆脸色，说话没心没肺还赖这赖那，只要靠着主角关环就有人前继后赴地来拯救自己，还有一个大小姐和一个妈一直顺着你。干啥事都要分个无意义的对错，永远都是“我是对的，你是错的”。Bro活在梦里,1,不忍直视,2025-6-13 23:26,yagami,431767,girls band cry
竖起中指吧,8,力荐,2025-6-13 19:46,猫猫雪碧人,431767,girls band cry
技术力强，情绪流，看的很带感，歌也不错,0,未评分,2025-6-13 16:17,nameless,431767,girls band cry
第八集真鸡儿爽，看爽咯，第十集有点科幻般的父女和解。。/可惜最后流脓了,8,力荐,2025-6-11 23:25,时辰不背锅,431767,girls band cry
删掉最后两集就好了,7,推荐,2025-6-11 21:46,游城十代,431767,girls band cry
这个3D质感真好啊 剧情一般般吧 小孩姐人设挺可爱的,7,推荐,2025-6-11 00:12,hentailolicon,431767,girls band cry
不是特别喜欢用黑线的表现,6,还行,2025-6-10 23:49,Fay Ash,431767,girls band cry
歌好听,10,超神作,2025-6-10 01:55,COCONUT,431767,girls band cry
我草，冰,8,力荐,2025-6-10 01:49,Yeko.,431767,girls band cry
最好的少女乐队3d,9,神作,2025-6-10 01:31,小咔咔空狐,431767,girls band cry
有个好首尾就更好了,7,推荐,2025-6-10 00:53,樱鸣神舞,431767,girls band cry
"7.5/10 完全的高开低走，后半段的逻辑崩的一塌糊涂，结果结局还是断章状态，最搞笑的是这剧本是“现实主义不现实，摇滚乐队没大学”，人家正经摇滚乐队都是大学辍学好吧，没文化别来玩摇滚。
差点忘了，这个3D动态一看就是纯手k的，以后东映还能不能做出来都难说。",7,推荐,2025-6-10 00:29,MKLL,431767,girls band cry
很有乐子，486元气少女可爱捏。,8,力荐,2025-6-9 20:07,Ukino,431767,girls band cry
3D弄得太好了，其次是搞笑一集都不带下线的，不爱讲故事肆意降神却有ep8，ep13Apart这些高能回，新钻尘团利用率爆满。音乐番只有OPED抓人也是通病了，这片起码还多个空の箱，大量live曲也不难听,9,神作,2025-6-9 19:39,ハローチープヲ,431767,girls band cry
6.5+/10,7,推荐,2025-6-9 12:07,Ciel,431767,girls band cry
二次元入坑作品！当初是因为看到b站限免才去看的，结果发现b站的被删减了。神3d制作。神live，竖起中指吧！,9,神作,2025-6-9 10:10,Cubicheng,431767,girls band cry
2024年最爱的两部番剧之一,8,力荐,2025-6-9 00:45,linemilia,431767,girls band cry
"开始的节奏还不错，特别是有些很有节奏感的bgm，确实给我听爽了
但最后没几集的时候引出个经理人，刚签约就解约，真不明所以，那你一开始就别签约啊，或者就签约做自己的音乐，让公司方那边来骂你你不听，这不是摇滚吗？？！
而且最后的那首歌，很普通，不知道调音的和经理人为什么会说是一首好曲子，这根本不摇滚啊",5,不过不失,2025-6-8 13:25,朝雾史织゛゛,431767,girls band cry
动画真的好，就是可能nina的形象还有点怪,8,力荐,2025-6-8 10:13,墨月蓝博士,431767,girls band cry
没理解仁菜的学校事情，到了后面看得稀里糊涂，然后突然就没了,6,还行,2025-6-8 02:29,ClTheDove,431767,girls band cry
多余的结局部分。想以童话的气势冲淡现实的冷峻，但已无处发力只能徒劳重复的矛盾驱动已让故事的前行茫然无措。如果这个收尾能彻底宣判该企划的终结倒也不失为一大幸事。//这样就够了吗？不够，但这样就很好了，这样就够好了。,8,力荐,2025-6-7 23:01,Abyss_NV,431767,girls band cry
不登校，我的心声嘛，有点意思,8,力荐,2025-6-7 22:41,kon,431767,girls band cry
3d很流畅,7,推荐,2025-6-7 22:38,田所李,431767,girls band cry
先说不满意的地方：最后一集不满意，太赶了，对ヒナ的处理也不太好//每集体感只有5分钟，看到倒数第二集的时候我都惊了，这么快吗，角色塑造和文戏都写的非常非常好，剧中歌感觉是在传统摇滚和网红摇滚之间找到了精妙的平衡点，听下来最喜欢的是ED//故事肯定没讲完，还有人的故事线没展开啊，第二季能不能gkd,8,力荐,2025-6-7 22:32,jzd116,431767,girls band cry
结局写的什么玩意，烂尾烂尾烂尾,5,不过不失,2025-6-7 15:19,Singing,431767,girls band cry
作为差不多时期的现象级的乐队少女作品，很自然就会把它和GO放在一起品鉴。从剧情安排，作品完成度，制作水平上说，我认为GO要好一些，GBC的结尾感觉仓促了一些。但还是GBC的故事更能打动我。不知为何GBC很能让我体会到一个人无依无靠在大城市打拼的感觉，看前几集的时候我脑海里时常想起长渕刚的とんぼ ，特别是「ざらついたにがい砂を噛むと、ねじふせられた正直さが今ごろになってやけに骨身にしみる」等歌词。这特别能打动我，让我觉得它不是几个女孩子在过家家（没有贬低某A开头乐队作品的意思），而是几个人真的想把音乐作为自己事业，真的想通过音乐让别人了解自己思想。关于不登校，我接受它成为一个梗，但我绝不认为这是GBC成员的黑点。青春少年角色，就是会做出不成熟的选择的。我就是要看他们犯错口牙！这是多么浪漫！生活已经很现实了，为什么还要那么现实地看待作品呢？,7,推荐,2025-6-7 14:47,周東みゆき,431767,girls band cry
第八集太强了！,10,超神作,2025-6-7 05:44,天野恋恋,431767,girls band cry
不错的音乐原创 OP和ED豪庭！ 顶级的3D制作 可惜结尾仓促,7,推荐,2025-6-7 05:02,秋ki,431767,girls band cry
闹麻了,6,还行,2025-6-6 23:25,状腺同志,431767,girls band cry
制作精良，可以代表日本动画TV的3D制作水平了，演出也是非常好，剧情尚可。个人评分8.1分,8,力荐,2025-6-6 21:22,二次元测评,431767,girls band cry
不赖 但是过誉了,7,推荐,2025-6-6 20:46,丢人王六六,431767,girls band cry
少女乐队一定要有学历,7,推荐,2025-6-6 20:28,奶油泡芙,431767,girls band cry
轻松 搞笑 日常 总体还不错，制作的质量很高,8,力荐,2025-6-6 16:09,xiangmei,431767,girls band cry
总而言之不是很喜欢但就是很想看下去。歌好听，没看这番之前我就听了上千遍她们的歌了，但这live混响是人我吃。花田十辉这人写的剧本总有一种强烈的公式感，感情爆发过密以至于后面让人无感。3D制作至少比mygo强，但mygo剧情更深刻些，虽然这俩结局都比较潦草。人小孩姐能这么莽是因为有个中产阶级的好家庭，有音乐天赋，有四个无条件包容她的队友，所以我感觉她所谓反抗跟大祥老师斗财阀一样，有点闹麻。我真的很喜欢无刺有刺的歌，喜欢到处乱飞的486表情包，喜欢TOMO酱，但这番让我有点失望。歌好听，还是给个7分“推荐”吧，毕竟我网易云听最多的歌手就是无刺有刺,7,推荐,2025-6-6 00:13,😋😋😋,431767,girls band cry
硬制作强到靠北，可惜烂尾了,6,还行,2025-6-5 19:11,列宁是蘑菇,431767,girls band cry
坐等第二季,8,力荐,2025-6-5 11:03,锁蛙子,431767,girls band cry
狠狠共情了，意犹未尽Q_Q,9,神作,2025-6-5 00:18,侑youii,431767,girls band cry
追番体验还是很不错的，live做的没有什么临场感，最后两集剧情有点低走,7,推荐,2025-6-4 16:47,志摩凛,431767,girls band cry
喜欢这部胜过隔壁邦多利。除了人设更对眼之外，本作离开校园却又好像没有完全进入社会，这种暧昧的处境也更加令人在意,0,未评分,2025-6-3 11:06,意象的形象,431767,girls band cry
我心中的乐队番神中神??,10,超神作,2025-6-3 02:40,mmk什么时候嫁给我,431767,girls band cry
没后续咋办,6,还行,2025-6-3 02:23,海己,431767,girls band cry
卧槽我真的很喜欢，主题比起其他几部少女乐队更加现实，但是就是要小孩姐这样不管不顾的往前冲才能让我们看到和现实不同的发展啊，不然我现实见得太多了为什么要看动画,0,未评分,2025-6-3 01:03,cc,431767,girls band cry
结局虽然不是特别出彩，但这3月的追番带来的乐趣和期待是值得的，多给一分为社区讨论加分,8,力荐,2025-6-2 23:58,此花亭,431767,girls band cry
豪庭,0,未评分,2025-6-2 22:14,yq11037,431767,girls band cry
少女乐队爽文番 缺点挺多的 但第8话神回,6,还行,2025-6-2 19:55,AAA,431767,girls band cry
后面几集看着有点乏力,7,推荐,2025-6-2 17:24,零点知音,431767,girls band cry
角色塑造实在是太棒了，小孩姐的性格是我看动画以来最喜欢的角色中最喜欢的。3D是真的强，从来没有看过表情这么灵动的3D动画，这点加大分。可惜最后结尾太仓促了，非常需要第二季动画补完。,8,力荐,2025-6-2 12:43,Alcarin,431767,girls band cry
三渲二有点特别，人设也很不错很可爱,7,推荐,2025-6-2 04:16,呆若木兔,431767,girls band cry
一阵强劲的音乐响起,8,力荐,2025-6-1 13:16,小拉狗子,431767,girls band cry
很摇滚，也很喜欢家庭关系那段的处理，但是结尾还是欠了点感觉，粉毛那边希望能有更多交代，希望有第二季,8,力荐,2025-6-1 13:13,桃子,431767,girls band cry
比较可爱的3d画风，每位女孩不同的个性与经历都深深吸引着我。美中不足的是结尾饺子没包好有点散，让人看不懂到底想干嘛。不过制冰场的称号完全属于它，期待一下部,8,力荐,2025-6-1 12:52,幻梦洛璃,431767,girls band cry
3D和live演出挺不错的，剧情感觉有点太“情绪流”了，结尾也是莫名其妙，草草结束了。,7,推荐,2025-6-1 09:35,slbiz,431767,girls band cry
3d效果好，角色可爱。木柜子粉和女同太哈人了，我做不到无视，所以看不下去了。,7,推荐,2025-6-1 04:22,米呐柚,431767,girls band cry
个人喜好可以给到8分,7,推荐,2025-6-1 00:10,夜歩空,431767,girls band cry
