content,rate,rate_label,time,user_name,subject_id,anime_title
青春神作,8,力荐,31m ago,青苑,218708,比宇宙更远的地方
每看到少女们向南极出发的步伐，感觉青春就应该这样！看完后总想出发去哪里旅行！,10,超神作,2h 3m  ago,白石真绪,218708,比宇宙更远的地方
ep8 出舱？？？艺术处理也不能这么搞吧。 // ep5 花田啊花田,0,未评分,2h 33m  ago,Delphinm,218708,比宇宙更远的地方
这个其实有点剧情忘光光了，也是我哥推荐的。但是印象中非常好看，设定很有意思。少女们的感情真的很美好,7,推荐,3h 35m  ago,日刀昭,218708,比宇宙更远的地方
一部让人想要并且有勇气走出门的作品，一部把青春里的情绪、成长和友谊描绘得令人无比憧憬的作品，一部让我感动泪目了好多次的作品。,9,神作,21h 45m  ago,集雪丶,218708,比宇宙更远的地方
伟大的青春赞歌，我想去南极......肯定有不少优秀单集，可惜太过久远，日后一定二刷,9,神作,1d 1h ago,云汐夢,218708,比宇宙更远的地方
神了，有人说强行煽情，但每集最后的插曲不是加分项吗！我太吃这一套了口牙。ep12加到1000多的邮件蕾姆了,9,神作,2026-5-1 13:46,T.E.I.O,218708,比宇宙更远的地方
这个是真不错,8,力荐,2026-4-30 21:45,都督二次元诸军事,218708,比宇宙更远的地方
再吃顿好的！,0,未评分,2026-4-29 23:07,骨猪的神判,218708,比宇宙更远的地方
我始终坚信，动画作为诸多传达理念的载体之一（书籍 影视 音乐等），海量的作品中总会有能给予我以震撼，甚至成为不可忘却的回忆的，因此我会乐此不疲地追番、补番，这是我很大的动力来源，一旦看到发掘到这类作品时，便犹如发现了宝藏一样。我想保持这种心气是非常重要的，虽然好作品终归是少数，但不断的探索总能找到属于自己的宝物。比宇宙更远的地方，是亲情，是友情，是爱情，也是那不能回去的青春，什么都不发生的一天是根本不存在的，所以尽管保持对生活的热爱吧，总会遇到值得回忆的事情:),10,超神作,2026-4-25 23:52,Arcen,218708,比宇宙更远的地方
四个高中生的一场青春的旅行，一群好朋友的一次心灵的救赎；画风不算太喜欢，最后几集才习惯；不过确实还不错啊。,7,推荐,2026-4-24 16:34,久野禾子,218708,比宇宙更远的地方
一群性格各异的少女成长的故事，高中女生去南极这也太青春了（,8,力荐,2026-4-24 13:00,ALCK,218708,比宇宙更远的地方
成长的故事、画面治愈，声优阵容太强大了，视觉听觉双享受,9,神作,2026-4-21 17:07,友人树,218708,比宇宙更远的地方
青涩美好的情感，触动人心。,9,神作,2026-4-16 15:53,注册了三遍,218708,比宇宙更远的地方
闪耀的青春与梦想，真好,9,神作,2026-4-16 06:29,羽丘跑步王,218708,比宇宙更远的地方
好番 但是不适合我,7,推荐,2026-4-15 21:02,杨,218708,比宇宙更远的地方
看了七集倒也不无聊，但是没有戳中我的点,6,还行,2026-4-15 02:53,存想,218708,比宇宙更远的地方
"8.1
感觉像真的去南极进行了一次青春洋溢的旅行。
只不过有点太正常了(
在这次旅行中你得到了什么呢？",8,力荐,2026-4-15 01:16,ameri_sarah,218708,比宇宙更远的地方
7.9 感觉对花田审美疲劳了。总体仍然是好作品。因为正好叠上了我对表哥的最后印象，让我不自觉地抱着一种疏离感去看，很遗憾不能更认真地去沉浸在情绪里,8,力荐,2026-4-13 00:03,月刊少女千惠酱,218708,比宇宙更远的地方
要好好珍惜和对待那些陪你做“傻事疯事”的人啊！,10,超神作,2026-4-11 10:31,MiSuZu DaiSuki,218708,比宇宙更远的地方
这就是青春吧～,9,神作,2026-4-10 03:39,发芽的土豆,218708,比宇宙更远的地方
虽然不是同一时间，但是同一地方，同一个地球，极光真的很美，谢谢你带我遇见南极，带我见证少女成长的瞬间，感谢每个被小南极激励的日子,9,神作,2026-4-9 14:45,asuka02suki,218708,比宇宙更远的地方
观感舒服,8,力荐,2026-4-7 23:45,skywalker,218708,比宇宙更远的地方
补录：好几年前刚入坑不久无意间翻到的番剧，当时没看评分，直接就看动画，毫无预兆地被惊艳到。从此埋下南极梦的种子,9,神作,2026-4-6 22:07,yvl,218708,比宇宙更远的地方
看完了第一集很浪漫很吸引人诶，制作看起来也很棒，非常有兴趣继续看下去,8,力荐,2026-4-6 21:30,花漫惊梦人,218708,比宇宙更远的地方
整体上看是一部题材有趣的少女成长番，人物塑造得不错，但感觉13集里调动情绪来得过于频繁了，一味地拔高反而体验有些下降。不过标题回的高潮的的确确是封神，这个伏笔回收给人带来的感动着实猛烈，对我来说可以算是为了这碟醋包了整盘饺子。,8,力荐,2026-4-6 02:44,Lipo,218708,比宇宙更远的地方
还行，但不是很喜欢,7,推荐,2026-4-5 19:05,Ilya,218708,比宇宙更远的地方
成也煽情，败也煽情。主角团南极之旅的日常和友谊我很喜欢，小渊泽母女的故事也很感动，但真的没必要每集都要和高中英语读后续写一样结尾都要塞音乐硬煽情升华，有时明明很感动但偏偏那个用烂了十几集的插曲一出来又萎了,7,推荐,2026-4-5 11:15,Mokejoegen,218708,比宇宙更远的地方
一次不期而遇的邂逅，一段说走就走，青春洋溢的旅程，可惜我也被现实绊住了双脚，浑浑噩噩之后已到了承担责任的年纪了，唉。情感线的描写真的很棒。,9,神作,2026-4-5 10:36,江上客,218708,比宇宙更远的地方
小南极是一部平和又热烈的作品，肆意的追逐梦想是一件多么美好的事情，青春百万円。我终于到了你曾到过的遥远，你不在的宇宙，让我不顾一切的怀恋，ep12看到找到妈妈电脑时候一条条发出的邮件，一遍遍大喊妈妈，这份心意能否传达到比宇宙更远的地方去呢。,9,神作,2026-4-4 23:54,Takanashi RIkka,218708,比宇宙更远的地方
南极……少数几部本人拥有bd的动画之一。,10,超神作,2026-4-4 00:12,uru_official,218708,比宇宙更远的地方
南极的风雪下埋藏着温暖的爱,9,神作,2026-4-2 23:44,xung,218708,比宇宙更远的地方
花田魔法……,10,超神作,2026-3-31 22:18,Tomas,218708,比宇宙更远的地方
爱使我们到达更远的地方,7,推荐,2026-3-31 18:23,手里拿着旺旺,218708,比宇宙更远的地方
虽然是个虚拟的故事，却能让我感受到真实感，对我来说，尤其是在校园霸凌这件事上提供了很多解答,9,神作,2026-3-30 16:29,凌月凌月,218708,比宇宙更远的地方
是一部追番比补番体验更好的动画，每集都有点小高潮对于追番来说应该看的挺舒服的，但与之相对的一口气看完多少有点就有点消耗感情，在一条主线的叙事结构上出的小高潮难免会有点同质化，以至于审美疲劳，所以偶尔上来看一集还是挺舒服的，虽说如此但我最后几集还是连着看的，短时间内哭了好多次……,8,力荐,2026-3-30 14:36,哇嘎阿ka,218708,比宇宙更远的地方
你见过南极的星空吗？とても綺麗……极富浪漫主义的标题，引发人的无限遐想。//有人为了却内心夙愿，有人为寻找友情的含义，有人为给青春抹上一笔靓丽，有人单纯是勇敢地迈出了那一步，四位女孩踏上了旅程。这是四位美少女前往南极旅行的物语，这是关于友情、梦想、亲情的物语，这是寻找属于自己真物的物语。//“乘上与平时相反的电车，为了看未曾见过的风景”。《ここから、ここから》每次响起，总能让人泪目。,8,力荐,2026-3-28 22:11,MikuruBeam,218708,比宇宙更远的地方
对于青春感这个作品里不变的命题，看惯了唯美的刻画，但在小南极里虽然是女生视角却是一种疯狂的疾驰感，作画并不在我的好球区但看得也挺舒服的/,8,力荐,2026-3-28 20:01,Otherhello,218708,比宇宙更远的地方
同龄人加成来了,0,未评分,2026-3-27 00:49,新澤西蘋果树,218708,比宇宙更远的地方
"少女们的理想化的闪耀的故事，发生在南极这片梦幻的大陆上。
花田实力的最好展现，通过出色的画面、音乐、台词安排，将一个细细想来其实很刻意的故事，讲得自然，并且令人动容。
开头因循守旧、阻挠女主离开的同学最终去了北极，仅仅一句话便将一个已经用完的龙套抬到了新的高度。",9,神作,2026-3-25 23:50,uuz吃吃吃,218708,比宇宙更远的地方
虽然有点虚幻但还是做得不错，青春和友情主题类型的正经纯粹动画，几乎没搞那些不伦不类乱七八糟的俗套，人物情感很真实比较有感染力，主角团的青春魅力和活力比较好的表现出来了，总之这么能看的同类型动画近几年里貌似没看到过了诶//角色除了女主imouto就都不太Moe有点残念ㄟ( θ﹏θ)厂///偶像结月换了听着嫩一点的CV多好，被CV毁了，差点忘了画最漂亮的2个主角没几p就被CV搞角色崩坏毁了真是＼（〇_ｏ）／,7,推荐,2026-3-21 22:21,ゆめ)就像(み)做梦(た一)样,218708,比宇宙更远的地方
//补标 几个高中少女上学上一半去南极的故事   本来是为了打发时间 发现被深深吸引住了  旅途的过程很坎坷很有趣 学到了一些奇怪的知识  很好看,8,力荐,2026-3-17 17:04,kimura,218708,比宇宙更远的地方
不是很戳我，特别是很多人觉得高潮部分的邮件那里,6,还行,2026-3-15 05:00,joint_lines,218708,比宇宙更远的地方
很早看的了有些忘了，不过记得很好看,8,力荐,2026-3-13 02:25,雨后的回忆,218708,比宇宙更远的地方
我看过剧情完整度最高的番之一 整部番几乎没有无用的剧情 每一个情节和细节都在为故事服务。青春，友情，自我，亲情。这些少女的梦想在旅行中渐渐找到方向，说走就走的勇气是青春的模样;有着共同想法并且愿意一起前行的过程中会拥有友情;敢于反击伤害自己的人是坚定自我的第一步;接受离别是亲情永恒的课题。         麻理:比宇宙更远的，是向着青春梦想出发的第一步。        日向:比宇宙更远的，是朋友之间的相互关怀和信赖。         结月:比宇宙更远的，是想拥有一个永不背叛的挚友。         报濑:比宇宙更远的，是永远传达不到的那一份思念。         一部被严重低估的动漫，我们不是宇宙霸权 我们比宇宙更远！！！,8,力荐,2026-3-12 13:44,小米,218708,比宇宙更远的地方
"我们还会再度旅行，祝你的人生旅途愉快!南极之旅中，4位女孩解开了生活中的心结，与自己和解。南极之旅虽然结束了，她们也要回归平静的日常中，但今后的人生中，她们会变得更加坚强。
ps，小理的朋友小惠，也与自己和解，前往北极，与你相反的方向上，我走着与你相同的旅行。
我们也不必羡慕四位女孩子，也不必说这是别人的青春，这是别人的16岁，我也可以创造自己的青春，可以大声的奔跑，可以呐喊。去进行一场旅行吧，无垠的大海，广袤的草原，在你的眼前，心中的麻烦与心结，会烟消云散。 便有了面对从前不愿面对的事物的勇气与态度。你会认识自己，也会收获真正朋友。
动漫是不是只属于青春？我不知道，因为天亮我就要出发。",9,神作,2026-3-10 22:16,枫糖大小姐,218708,比宇宙更远的地方
小南极，多年之后还记得最初看时的感动,10,超神作,2026-3-7 04:57,Mocaran,218708,比宇宙更远的地方
这标题，莫名想到地心游记,6,还行,2026-3-6 23:30,Mined,218708,比宇宙更远的地方
"很有生命力的一部动画，主角团都很有个性很萌！前期有些无聊，不过后期的情感很让人感动。如果篇幅再紧凑一点，观感会好很多。
ep9和ep12神回，看着邮件一封封上涨，加上恰好的配乐真的很感动T_T劲爆尾杀",7,推荐,2026-3-6 18:34,crrashh1542,218708,比宇宙更远的地方
我也想去南极,9,神作,2026-3-6 01:06,Zeshi,218708,比宇宙更远的地方
花田十辉 人时候,9,神作,2026-3-5 17:49,kwhite,218708,比宇宙更远的地方
洋溢出屏幕的青春感,9,神作,2026-3-5 09:11,雪漫,218708,比宇宙更远的地方
2021.8.23一刷——2026.3.4二刷。探索未睹的风景，抵达未至的彼岸，踏出未想的一步。这是一段为期三个月的南极之旅，也是今后人生中难以忘却的珍贵回忆。我觉得《比宇宙更远的地方》中，角色间迸发的青春感已经到了快要溢出的地步。在最美好的年纪，主角们敢想敢做的精神确实打动了我，鼓舞自己即使再微小的希望也绝不轻言放弃，迈出第一步才是最重要的。十三集的动画内容虽说并非特别简练，但核心想要传递的情绪却让人深深动容。四个角色抱着不同的想法，前往共同的目的地。在这段旅途的相处中，既有欢乐，也有悲伤，但最终她们都实现了自我成长。另外她们之间的友情也很打动我，说着令人害羞的台词，却能为彼此留点空间，这正是对友情最好的诠释。最后，抬头仰望，那极光下的璀璨，美得令人难以忘怀。,9,神作,2026-3-4 14:51,沢近愛理,218708,比宇宙更远的地方
补标。CV列表全明星阵容，当时看的时候发现怎么全是熟人？！优秀的励志番，比宇宙更远的地方到底是南极还是踌躇不前的内心和不敢面对的往事，与好友分享喜乐与泪水，迈开步子勇敢向前吧,8,力荐,2026-3-4 00:31,煮波是鱼,218708,比宇宙更远的地方
即使在荒无人烟的南极，我们的青春仍然在焕发着光彩,9,神作,2026-3-1 21:30,宫唯明,218708,比宇宙更远的地方
【8】，这就是青春,8,力荐,2026-3-1 14:11,樱姬花吹雪,218708,比宇宙更远的地方
迈出的那一步就是青春的起点,7,推荐,2026-2-26 21:29,冬日の蛍,218708,比宇宙更远的地方
虚高,7,推荐,2026-2-26 03:15,Kater33,218708,比宇宙更远的地方
"二刷小南极，发现第一次观看时遗漏了很多点，当时还是太年轻了，无法感受到片中埋藏的一些情感波动点。
这是一部阐释旅行意义的作品，四个主角在南极之行中直面内心，克服曾经想要逃避的一面，解开自己的心结。小绝克服对未知旅途的不安，在自己的高中时光中留下了“做点什么”的印记；报濑放下了在南极失事的妈妈的执念，接受了妈妈离开的事实；日向彻底抛开过去在田径部受霸凌的往事，积极开启新生活；结月终于拥有了“什么也不做”的挚友。全片更多的是在描写主角前往南极前和前往路途中面对的困难和解决困难的过程，直到第7话才正式启程前往南极，效仿日向说一句瓦达西的名言：“旅行的意义在于路上，而非终点”。
看完全片，我也和小绝一样，有一种想“乘上与平时相反的列车，为了看未曾看过的风景”的冲动。听着ed《ここから、ここから
》，有些热泪盈眶了hh。嗯，这就是这部动画带给我的心情。",9,神作,2026-2-25 09:20,anime_viewer,218708,比宇宙更远的地方
"比宇宙更遥远的地方是南极，也是逝去母亲所在的无法到达的生死彼岸
人物方面，主要角色都有完整的个人回，每个主要人物的人物形象非常丰满；剧情编排方面主角团四人的南极之旅，不拖沓，各方面都很精炼；情感是这部番的主旋律，尤其是结尾的分别，发现母亲的笔记本，上千条未成功传输的邮件，数字上涨的过程中情绪也在逐步到达高潮，观感极佳；",9,神作,2026-2-24 12:59,古月,218708,比宇宙更远的地方
期待,0,未评分,2026-2-23 00:43,watela,218708,比宇宙更远的地方
8.0+/10,8,力荐,2026-2-22 23:16,Ciel,218708,比宇宙更远的地方
"好久没有感受到这么强烈的情绪波动了，配乐也好，真好啊
感觉讲了很多主题，不过只挑选一个关键字的话，还是着重于友情上面",9,神作,2026-2-21 19:16,Wqr_,218708,比宇宙更远的地方
伟大的作品,9,神作,2026-2-18 01:40,碧蓝小新星,218708,比宇宙更远的地方
制作给力，音乐好听，人设鲜明互动有趣。很羡慕这样的友情，祝人生旅途愉快,8,力荐,2026-2-16 03:44,工藤志明,218708,比宇宙更远的地方
"剧情:17
演出:16
音画:17
人设:16
深度:16
加权评分:16.5
前五回真的是花田脚本艺术的最简概括。这个片子的光色很有感觉。这就是我想看的不可预测的命运之舞台啊",8,力荐,2026-2-15 23:36,Coron3h,218708,比宇宙更远的地方
"8.7
说实话，第一眼看过去时女主们的画风并不吸引我，甚至其实我不是特别喜欢这个画风，强忍着看了两集发现还是不怎么对上电波，直到第三集才真正引起了我的兴趣，一口气看完彻底沉浸在了其中。
动画中对友情的描写是我个人的top1，作为一个以前喜欢看轻百贴贴的河豚，我从主角团四个女孩子的关系上感受到的只有最真挚最纯粹的友情。不得不说花田对于描写青春期少女心中对朋友关系的复杂心态的把控真有说法，就像是他真经历过真想过这些一样。

假如，某一天你突然觉得自己只是按部就班碌碌无为的度过每一天，想要做些什么却什么也做不到，那不妨拿一个下午点开这13集的动画，来一场想去就去的南极冒险。",9,神作,2026-2-15 19:23,傻子望天,218708,比宇宙更远的地方
当初看完没有什么感觉，但随着年纪增加，越来越懂这种感情。某一天的心血来潮，想去某个地方，想做某件事，如果有人和我一起为之努力，再怎么辛苦也要做到。只在幻想和梦中存在的青春啊。,9,神作,2026-2-14 23:48,麓谷,218708,比宇宙更远的地方
人设和互动方式真的好轻音，不过剧情文本和每集插入的配乐真的别用风味。花田大老师你是真的对逃学情有独钟啊,8,力荐,2026-2-13 12:10,流星来临之夜,218708,比宇宙更远的地方
日本高中生的靓丽青春和女孩子之间的友情都要闪瞎我的眼了,8,力荐,2026-2-13 11:56,风浦 可符香,218708,比宇宙更远的地方
剧本已经没有改进的空间了。,8,力荐,2026-2-12 23:14,LinuxC_py,218708,比宇宙更远的地方
花田的样板戏,7,推荐,2026-2-12 11:42,做梦吃饺子,218708,比宇宙更远的地方
来看看花田魔法,0,未评分,2026-2-11 23:56,HikariEther,218708,比宇宙更远的地方
"青春就是大家一起开心地干蠢事，小南极通过呈现四位主角达成一个看似不着边际的目标的过程，诠释了这种青春感，重点并不在于她们是否抵达了南极，而在于旅途中缔结的联系，达成的自我和解。本作的内核固然温暖，制作也固然精良，但还是属于比较吃情绪流代入的作品，也就是比较需要对电波，如果在观看过程中没能成功忘掉一些情节上的槽点，就会无法体察角色的情绪而造成观看体验糟糕，所以事实上，如果你一次性看完，观看到后面会不免有些力竭：说难听点，部分情节设置和情绪表达有种刻意和突兀感，而这种刻意感没能被很好地隐藏而是表露给了观众，个人认为ep5，ep6，ep9这些单集的情绪爆发场景实在不能细想，尤其是ep9最后喊""zamamiro""那里...不过总之，本作整体剧情架构是有比较完整的起承转合的，每位角色也都达成了自己的成长，有点可惜没能被这部作品触动到/对了，ep2和ep12不错",6,还行,2026-2-11 20:35,爆魔土豆,218708,比宇宙更远的地方
"歌好听,不是很喜欢这个画风,剧情喜欢",8,力荐,2026-2-11 14:24,ShiwuhangShi,218708,比宇宙更远的地方
这真tm青春,9,神作,2026-2-11 11:51,ILXLLYY,218708,比宇宙更远的地方
无论如何都请不要忘记世界本来的样子(话说有人去南极圣地巡礼吗？ʕ´•ᴥ•`ʔ),9,神作,2026-2-11 00:37,云栗×2,218708,比宇宙更远的地方
真是青春啊。,8,力荐,2026-2-10 14:07,温顺的良夜,218708,比宇宙更远的地方
以前刚开始看是挺爱看的，不过中间有一段说“为什么我们总是被欺负呢？”后面的回答已经忘了。看到这句我果断弃了。,0,未评分,2026-2-9 10:23,凉森白,218708,比宇宙更远的地方
其实有点无聊,6,还行,2026-2-7 21:09,yyy,218708,比宇宙更远的地方
超强cv阵容加上非常优秀的制作，感动、搞笑、成长，都兼具了，也让人了解到南极探索中的不易,8,力荐,2026-2-5 09:42,洛汀,218708,比宇宙更远的地方
因为刷到一个推荐夏天看的番的视频入坑，看完被这种凉爽与青春感深深折服,8,力荐,2026-2-4 22:24,圣园三力,218708,比宇宙更远的地方
情感表达的细致入微，整部番的语言表达都很棒，金句频出，个人感觉前期铺垫太长，南极部分太简短,9,神作,2026-2-4 21:49,泡泡鱼棠,218708,比宇宙更远的地方
"A+, 原创番最后的辉煌。",9,神作,2026-2-4 15:56,Picman,218708,比宇宙更远的地方
7.2,7,推荐,2026-2-3 23:42,阿虚,218708,比宇宙更远的地方
对于情感的把握很细腻，但有点过分少女浪漫了，对于科考资金链、小偶像的节目拍摄、独自出国之类的现实问题都是架空状态。几位似乎都只有去南极一个目标，而到了南极就待基地里干后勤，以及上演哪都能上演的心理问题戏码，这观感真的很奇怪，明明是期待着能有op里一般探险的活力，但正片里完全没有体现。整体来看煽情确实有些过度了，而且演出手法相对单一,7,推荐,2026-2-3 02:14,kaniol,218708,比宇宙更远的地方
作画很不错，但是至少对我来说观感其实并不好，特别是前往南极之后。可能我希望看到的是像故事里的女高报道节目一样，科普南极探险队的日常。可现实是到了南极没怎么见到、像一般轻百一样的日常，而都是被过去的阴暗回忆缠身 -> 依靠友情的力量摆脱阴霾。这种展开并没什么不对，问题总感觉少了点什么铺垫而变得像某种老掉牙的鸡汤，好像来南极不是完成科考任务而是某种让情感爆发、让心灵开窍的地方一样。当然也可能是因为我只想看美少女贴贴而忽略了这部作品真正优秀的地方吧 (bgm38)。,0,未评分,2026-2-1 23:55,~翻~车~鱼~,218708,比宇宙更远的地方
最吸引人的是作品名,6,还行,2026-1-31 20:05,Pinksky,218708,比宇宙更远的地方
二刷，感叹当年怎么没能get到小偶像的萌！整体剧情与制作还是不错的，虽然有些情节看着有点小刻晴小尴尬，但有好几个直戳我内心的情节，去南极这个题材本身就感觉很浪漫很让人兴奋，叙事节奏也不错，插曲也很多且好听，希望还能看到第二季,9,神作,2026-1-31 15:32,nocedjames,218708,比宇宙更远的地方
冲着南极冒险题材来的，结果并不是。。。,7,推荐,2026-1-30 03:42,exkina,218708,比宇宙更远的地方
不错不错,8,力荐,2026-1-29 23:51,Null,218708,比宇宙更远的地方
和南极相关的内容疑似有些太少了，面对嘲笑之类的刻画也有些俗套，刻板，说是追求一个不一样的青春，但玩乐的感觉更甚,5,不过不失,2026-1-28 13:17,细小,218708,比宇宙更远的地方
音乐太好听了，非常暖心,10,超神作,2026-1-27 12:05,lennox,218708,比宇宙更远的地方
无论何时都能触动人心的作品，可惜就是没有很具体地描写去了南极后面临的挑战和克服的困难,9,神作,2026-1-26 00:07,adsert,218708,比宇宙更远的地方
"第七集前期铺垫＋最后插曲插入歌词
第十一集邮件",8,力荐,2026-1-25 20:47,lztls069,218708,比宇宙更远的地方
合适的喜剧情节加上优秀的剧情编排，后期的短信callback更是让整部番感情达到巅峰。40度的咆哮，50度的疯狂，60度的呐喊，总要去一次比宇宙更远的地方,9,神作,2026-1-25 11:05,我永远喜欢早坂爱,218708,比宇宙更远的地方
人生要有最朴素的生活和最遥远的梦想，即使明天天寒地冻，路遥马亡。,8,力荐,2026-1-22 22:51,水屋口悟,218708,比宇宙更远的地方
小南极真的是短篇原创旅行类的巅峰，13话讲述了一个完美且连贯的故事,9,神作,2026-1-22 15:43,Potatoes_233,218708,比宇宙更远的地方
很棒的原创，一个关于友情和亲情的故事。可惜前半部观感有点微妙（拖沓？）,7,推荐,2026-1-21 18:07,Ahat,218708,比宇宙更远的地方
石塚擅长的情绪流与显兀的时间流在青春与旅行所赋予的视野与价值中合壁，跨越半个地球的人物弧光，如极光般瞩目的剧作谱面。循环足迹的相对静止无法产出意义的答案，在迈向世界的步伐中激活生命最美丽的律动。//本来计划在高考结束后观看与我的高中生活作别，结果现实的上影节之行代替了动画的南极之行，放至现在观看又带给我新阶段的感触。,9,神作,2026-1-21 06:40,宫水十五叶,218708,比宇宙更远的地方
"刚看完，即评。可能我是一个相对注重情感体验大于剧情的观众，就挺吃花田这套的。这不仅仅是一个有关友情与成长的故事，它告诉了我要勇敢地做自己，做想做但不敢做的事。这不是什么新鲜的道理，它是我一直知道的道理，一直想做到但做不到的事情。我是一个胆小的人，面对一些不愿不敢面对的事情会畏畏缩缩，也许我一辈子也无法迈出那一步，去到做到心目中那比宇宙还遥远的地方的事情。但是，如果未来的一天真的面对抉择时。回想起小南极，她们跨越半个地球的旅程能给我带来一丝丝勇气。即便是带来一点点动力让腿就移动那么一丝一毫，那么它就是值得的。
珍惜与尊重鼓舞我们的，让我们感动的一切。我们把获取的感动藏于心中，又将心中的感动整合，重组以另一种形式传给他人。感受着，让他人感受着。这就是创作者存在的意义，也是我们存在的意义。",9,神作,2026-1-20 20:39,Ryooo,218708,比宇宙更远的地方
ED好听。说走就走的旅行南极版，一看脚本花田十辉就知道作品调性，跟着感觉走，将逻辑合理性抛至脑后，能沉浸在情绪流里就是佳作，入不了戏就是一般作。,7,推荐,2026-1-20 18:49,H、ector,218708,比宇宙更远的地方
"看完
就那样吧 中规中矩，没什么特别可圈可点的 不难看是能看下去 但看的人毫无波澜，这部总会莫名想到yy露营 但却不如，看下来治愈向上的成长并没动容感觉到 友情刻画也一般 人物人设画风到剧情更是没加分项的点 反正就全在一条淡然的及格线 总感觉差点什么吧… 就属于是没什么问题 但看的着实也是很没劲",4,较差,2026-1-20 16:35,小面汤,218708,比宇宙更远的地方
俗。感觉创作者并不太在意南极,4,较差,2026-1-20 01:49,恶意气流,218708,比宇宙更远的地方
让我对极光拥有向往,7,推荐,2026-1-20 00:06,离酱拌饭不好吃,218708,比宇宙更远的地方
最喜欢的,10,超神作,2026-1-19 12:07,aleeeee,218708,比宇宙更远的地方
最温柔的剧情写最狠的刀,10,超神作,2026-1-17 21:46,llcc,218708,比宇宙更远的地方
【B+】,7,推荐,2026-1-17 19:20,Light,218708,比宇宙更远的地方
久仰大名,0,未评分,2026-1-15 22:33,shihui,218708,比宇宙更远的地方
甜？甜就对了,8,力荐,2026-1-15 21:17,ikari,218708,比宇宙更远的地方
等一切结束以后，再一起踏上旅程吧！我们的物语永远不会结束。,9,神作,2026-1-15 20:56,ナツノヒ,218708,比宇宙更远的地方
花田力作+1。高中生去南极真是浪漫又励志，不过很多情节安排比较刻意而且过于童话化/艺术化，看的容易脚趾抓地。音乐挺不错,7,推荐,2026-1-13 23:19,Oumae Kumiko,218708,比宇宙更远的地方
最珍惜的人就在身边，花田原创的巅峰,9,神作,2026-1-13 12:15,波奇酱,218708,比宇宙更远的地方
美少女一块做事情类型片的高峰，花田十辉最好的原创？不得不提是对于校内社团矛盾处理算优秀的动画,8,力荐,2026-1-13 03:22,IB.KRB,218708,比宇宙更远的地方
完美，特别是后期的情节，算是神回，四个女孩子都很可爱，“女一”的特质没有被削弱，而且描述的整个队伍都非常好。发生在南极的集数好少，还是很有趣的。,8,力荐,2026-1-11 19:13,玉团,218708,比宇宙更远的地方
最好的制作，最豪华的声优阵容配上了花田最好的原创剧本，一部不错的展现青春与梦想的原创番。但不知道是因为我已经是个无聊的大人了（悲）还是花田三板斧品鉴太多的原因，全程看下来觉得最有意思的居然是丢护照那集,7,推荐,2026-1-10 20:15,僕と東京,218708,比宇宙更远的地方
"亲眼见到极光我会哭吗
我们总会再见，为了再见",9,神作,2026-1-9 03:37,harenojou,218708,比宇宙更远的地方
整体的制作和剧本完成度很高，对于青春和旅行的诠释深得我心，只可惜对于南极科考的描绘没有很详尽，各集遇到矛盾->激励事件->解决矛盾的结构也略显重复，不过总体上仍然是一部优秀的，有力量的描述进行中的青春的作品。//前段时间或自己一个人，或随朋友出门旅行了几次，每次都收获了宝贵的回忆，非常满足，果然有空还是要多出门走走啊,7,推荐,2026-1-8 22:36,dddkkw,218708,比宇宙更远的地方
感人的场面没有多少，但就是能打动我,9,神作,2026-1-7 23:07,小春日和,218708,比宇宙更远的地方
一部很有活力，很有青春感的作品！花田神了,8,力荐,2026-1-4 14:09,柠樗,218708,比宇宙更远的地方
抹布吸的青春，在高中给了我力量的作品,10,超神作,2026-1-3 00:18,梦初,218708,比宇宙更远的地方
关于青春，关于亲情，关于友情，关于成长！得几好友，择一目标，坚定前行。,9,神作,2026-1-2 23:00,奇妙人生,218708,比宇宙更远的地方
花田！再带我们冲一回吧！,9,神作,2026-1-2 16:10,大夜宵,218708,比宇宙更远的地方
顶级青春作品，非常地有想法，真的是一部很有活力都作品。,9,神作,2026-1-2 01:16,墨知秋,218708,比宇宙更远的地方
小南极牛逼！,10,超神作,2025-12-30 21:45,殇之星河,218708,比宇宙更远的地方
一部在日本TV动画载体下叙事近乎完美的作品，一部为原创动画设立了标杆的作品，一部将友谊、青春、奋斗、迷茫等主题充分表达的作品，一部真正经得住历史与时间检验的作品。,9,神作,2025-12-30 12:39,YUI,218708,比宇宙更远的地方
越往后越惊喜啊 伏笔一个一个都被回收之后会忍不住又倒回去看之前的剧情,8,力荐,2025-12-29 20:11,hyw,218708,比宇宙更远的地方
多维度多角度的剧情叙述 完美的剧情表达 当之无愧的青春神作,9,神作,2025-12-29 00:49,盒子超人,218708,比宇宙更远的地方
注册bgm后第一部打分的动漫~也是心中的top5～,9,神作,2025-12-29 00:21,我是雨,218708,比宇宙更远的地方
太青春了,8,力荐,2025-12-28 15:48,loveanime,218708,比宇宙更远的地方
情感线有点草率结尾，但是还是非常好的，额，类型番？,8,力荐,2025-12-27 23:13,MOSES,218708,比宇宙更远的地方
一口气看完根本停不下来,9,神作,2025-12-24 10:59,アニメだけを見る,218708,比宇宙更远的地方
结尾太好//重看中,6,还行,2025-12-24 01:13,焦虑是自由引起的眩晕,218708,比宇宙更远的地方
动画中所展现得青春实在太耀眼了，前往南极的旅行也充满了浪漫气息，旅行中的各种经历刻画得很真实，还有几乎每一集的最后都有一段不错的演出，配乐做得太好了，整体相当的治愈和感动,8,力荐,2025-12-22 23:19,天海春香,218708,比宇宙更远的地方
制作和歌不错,8,力荐,2025-12-22 22:31,崩教教主,218708,比宇宙更远的地方
青春但是不伤痛,8,力荐,2025-12-22 18:55,minner,218708,比宇宙更远的地方
叙事节奏不错，本质上是轻百，南极只是一个壳子（虽然我还是想看到更多科普性的内容）。,8,力荐,2025-12-21 14:37,ssghlou,218708,比宇宙更远的地方
王道追梦故事。作为原创作品十分优秀。,7,推荐,2025-12-20 23:40,SkyRainWind,218708,比宇宙更远的地方
花田魔法的原创巅峰之作，感情描写真的好细腻,10,超神作,2025-12-20 23:00,にじか,218708,比宇宙更远的地方
花田巅峰之一 对我来说本作最让我感动的是主角们的“关系性” 主角四人起初都带着不同的想法 目的登上了这艘船 而在这种真正的融入对方的生活中 她们有时共同欢笑 有时爆发矛盾 但在最后 四个人互相理解 成为了真正的挚友 最后ep12三人为报濑找电脑的片段 不禁使我潸然泪下 由衷的为她们那真挚的友谊而感动 ps：虽然后边看邮件哭的更狠就是了,9,神作,2025-12-20 00:02,丶cano丶,218708,比宇宙更远的地方
8.8，高中躲被窝看的，给我羡慕坏了。,9,神作,2025-12-19 12:33,裴,218708,比宇宙更远的地方
人的一生中又何尝不会这么想要冲动一次呢,8,力荐,2025-12-19 11:03,樱花落春日,218708,比宇宙更远的地方
难得不错的全女动画，还是高中生时看完也想去南极,8,力荐,2025-12-17 23:07,latalealice,218708,比宇宙更远的地方
报濑留在南极的“宝藏”等待其他旅客来发掘，而这部作品同样可以称为“宝藏”，供给更多的人来发掘。,9,神作,2025-12-17 14:56,Asan-Acg=Life,218708,比宇宙更远的地方
"这是一场关于“要去做些什么”的冒险之旅，是一场展示赤裸内心的蜕变之旅，是一场歌颂友情与羁绊、梦想与勇气的青春之旅，也是一部分镜设置巧妙，情感调动充沛，伏笔回收圆满，叙事节奏顺畅的原创杰作。
与任何优秀的空气作品相同，本作的日常演出部分非常有趣可爱；与此同时，本作又极其自然地将展示四位女主性格和成长的情节插入其中。天真而善良的真理，执著而笨拙的报濑，乐观却自尊心强的日向，敏感并善解人意的结月，四位女主的形象饱满而鲜活。某种意义上，这趟南极之旅就是她们互相展露自身，并在这种对彼此认识不断加深的过程中建立深刻羁绊的故事。
本作另外一个令我深刻的点是其极高的完成度。本作近乎执著地交代了四位女主的背景并解开了所有人的心结。同时本作对于契科夫之gun的使用也极为娴熟，每一集也都有配合音乐进行情感调动的精彩演出。这种浪漫与感动交织的感觉，或许就是理想青春的模样吧。",10,超神作,2025-12-16 09:39,黑色的左下角,218708,比宇宙更远的地方
比宇宙更远的恰恰是你迟迟没有踏出的那一步,8,力荐,2025-12-16 02:18,静听那时雨,218708,比宇宙更远的地方
既然你去了南极，来我就去北极吧,10,超神作,2025-12-15 16:23,Laplace_me,218708,比宇宙更远的地方
花田十辉魔法,8,力荐,2025-12-14 22:36,呵呵,218708,比宇宙更远的地方
"ep1-4是极其出色的，那种「青春就是要做一些出格的事」的感觉相当对我电波，让我一度以为这又将是一个我可以给出9+的动画。直到ep5，虽故事上略脱离主线，但ep5脚本和演出水平都极出色。但ep5之后的观感就明显下滑了。中期脚本重心变成了套着去南极壳的jk互动。途中的困难被一带而过轻飘飘地解决，旅途中的魅力也没有下很大功夫展现，演出平平淡淡，导致过程中既无梦幻感亦无真实感。直到到南极也没感觉到南极怎么就是一个「比宇宙更遥远的地方了」。ep10-12更是进入了一个回合制发病的状态，观感麻木且难绷。但ep12依然是极为出色，它本是一个很强的情感爆发点，反而被前面长期轻飘飘的剧情拖累了，缺少了压抑好久一下爆发的情绪张力。只想ep12一集是塑造不出来这种张力的。依我看这个故事就应该做成剧场版，保留ep1-5,12-13主要内容，其他穿插带过，观感绝对好一大截。",7,推荐,2025-12-14 21:41,Expanp078,218708,比宇宙更远的地方
很值得一看的番 报濑与队长之间的关系处理的特别特别好 但是夹带政治私货很反感 看完也想去南极了,7,推荐,2025-12-14 01:55,悄然流逝,218708,比宇宙更远的地方
1月最顶级,8,力荐,2025-12-14 01:27,还在嘴硬,218708,比宇宙更远的地方
和大部分空气系片子一样，其中的【南极旅行】只是形式而非目的，是用以承载可爱少女之间的互动与生活感的载体，最想要做出来的还是那种轻松、可爱、愉快的风味，其本质还是美少女们实现自己【青春】的梦想这种王道故事。说了这么多，我还是很喜欢这部片子的，吐槽也只是表达自己内心的一丝丝不满（真的只有一点点），中期观感虽有所下滑，但开头和结尾都是很不错的，最后的小高潮挺感动的,8,力荐,2025-12-13 22:04,Shinori,218708,比宇宙更远的地方
这段旅途之所以弥足珍贵，不是因为目的地多么遥远艰难，而是因为和朋友在一起。不然南极再远，又怎能远过宇宙，一同缔结的友谊，才是真正能够超越时间空间的宝物。就像时隔三年，探险队的大家依旧愿意为了贵子的遗愿而齐聚，就像最后分别时麻理所说的“即使我们不在一起，也能够在一起”。,8,力荐,2025-12-12 14:02,青空,218708,比宇宙更远的地方
有点无聊,7,推荐,2025-12-12 00:20,吃核桃包,218708,比宇宙更远的地方
制作，演出，情感刻画都十分顶级，身为我比较无感的题材，能让我看得下去并一辈子都忘不了，伟大,9,神作,2025-12-11 16:53,神室町好街友,218708,比宇宙更远的地方
比宇宙更远的是16、17岁耀眼的青春，比宇宙更远的是与同伴一起度过难关的时光，比宇宙更远的是温暖的友情，比宇宙更远的是那一封封没有送达的思念，比宇宙更远的是我们勇敢迈出的第一步，这次是“真”花田魔法了,8,力荐,2025-12-11 15:18,我爱吃蛋挞,218708,比宇宙更远的地方
花田原创巅峰，把花田十辉的长板发挥的淋漓尽致的作品,9,神作,2025-12-9 10:55,凤凰院凶真,218708,比宇宙更远的地方
比宇宙更遥远的地方，原来是南极。当时还在想是不是去火星旅游的片子。,7,推荐,2025-12-8 17:50,虚空斗法,218708,比宇宙更远的地方
感觉不太喜欢这种萌妹子风格，《听我的电波吧》那种女主更有意思和张力,6,还行,2025-12-8 13:56,Chenxx,218708,比宇宙更远的地方
插入曲很神,7,推荐,2025-12-8 08:16,i#7“+@,218708,比宇宙更远的地方
"如果我能沉下心来，体验感是真的好。
一个季度，从八月到十二月。
到最后看到极光，回顾这段南极旅程，感动居多，占尽了心中的位置。配乐是真的好听。确实是浮躁了，当年我也希望能去南极看企鹅的啊。不过那个千里共极光确实很感动了。到最后，我到底对上了小南极的电波了吗？没关系的咯，这就是冷冻但炽热的青春啦。",7,推荐,2025-12-7 17:59,潮起潮落，空留美海 ...,218708,比宇宙更远的地方
打开笔记本收到消息的那一刻永远忘不了，实在是太感人了...珍惜家人吧...,9,神作,2025-12-6 16:36,nya焰酱nya,218708,比宇宙更远的地方
很不错的原创番，对感情的描写很不错，友情和青春的主题也写得很好，金句频发。对南极观测队的日常也写得很用心（2025.11.29-12.5）,8,力荐,2025-12-5 20:39,刑星,218708,比宇宙更远的地方
小南极无需多言,10,超神作,2025-12-2 19:51,Chihaya Anon,218708,比宇宙更远的地方
非常非常喜欢这种刮掉腐肉允许伤疤继续前进的感觉，看过很多遍，每次到12集报濑把钱摆出来数和邮件都能看哭,9,神作,2025-12-2 13:44,Masahiro,218708,比宇宙更远的地方
小神作，很治愈，一开始画风有点小劝退人，但是后续的剧情证明了作品的优秀，声优阵容也很优秀，水濑祈的主役还是很吸引人的,9,神作,2025-12-2 09:35,七月初七,218708,比宇宙更远的地方
二刷,0,未评分,2025-12-2 00:53,hotCcino,218708,比宇宙更远的地方
20.9.6,5,不过不失,2025-12-1 02:57,lacramix,218708,比宇宙更远的地方
反战败,2,很差,2025-12-1 01:31,彩云霁月,218708,比宇宙更远的地方
这就是花田魔法,7,推荐,2025-12-1 01:10,观星者,218708,比宇宙更远的地方
剧情本身不错，但是被私货恶心到了,7,推荐,2025-11-30 15:36,煌海,218708,比宇宙更远的地方
1集不到，几分钟，十几分钟？讨厌全少女，专注谈恋爱的,0,未评分,2025-11-29 21:54,ginqiang,218708,比宇宙更远的地方
Gigguk经常吹但是我自己追番追到丢护照那集就追不下去了。最近补番看完发现还是一个很稳健、有立意的好作品。所以说追不下去可能是有部分片段是女高日常描写，而我并不是很能共情罢了，无伤大雅。作品主要讲述了四名经历迥异的JK互相结识共闯南极的故事，精彩的部分是整个过程中的成长，对人生创伤和悲痛的释怀，为实现理想付诸行动这三个方面。想必观众们看这个动画的过程中都会被報瀬怎么面对她母亲的事情这一点吸引的，而花田在这条主线中讲述女主面对并跨越这种grief的着眼点则是1報瀬为了面对悲痛努力攒钱去南极2報瀬自始至终给妈妈写信证明她的思念3旅途中结识了挚友、更深层理解了母亲逐梦南极的原动力/信念并共感4能够在未来的人生中昂首挺胸前进、传承这种信念。因为南极之旅机缘加努力同时做到这些，所以女主的悲痛飒爽化解成与母亲的理解与共勉，从而能向前看。是整体完成度很高的良作。,8,力荐,2025-11-26 08:04,Escape0707,218708,比宇宙更远的地方
来看看花田老师的杰作，话说真想去南极了,0,未评分,2025-11-24 04:00,风居住的街道,218708,比宇宙更远的地方
两集日向回我很喜欢，12集情绪爆发点，很青春，南极只是一个载体，其实还是一个讲述青春和成长的故事，人设不好看不戳我但是剧情又弥补了这一点，其实13集感觉没太大必要，12集结束感觉完全可行，总体是不错,8,力荐,2025-11-23 22:48,Au,218708,比宇宙更远的地方
(*꒦ິ⌓꒦ີ),0,未评分,2025-11-23 15:27,订砾袭蓝羌,218708,比宇宙更远的地方
为了不同的理由和怀着不同的心情出发，在同一个目的地成长、亲近、回忆、释怀与宣泄。情感在后半的每集都有主题相异的爆发，故事主线支线明线暗线也相得益彰。喜剧的氛围，轻松愉快，但也显得真挚。很多细节的小设计也很有感染力，确实是写了一个极好的故事。,8,力荐,2025-11-23 01:44,Sedoocs,218708,比宇宙更远的地方
给我看哭了,9,神作,2025-11-20 16:45,Alpacaxuan_810,218708,比宇宙更远的地方
看到邮件的那一刻有些落泪了,7,推荐,2025-11-18 14:28,広瀬ナツ子,218708,比宇宙更远的地方
遗憾当时没有跟着一起看，疯人院无敌，还是原创番，更无敌了，女主们因为青春的旅行充满美好，希望自己还能记得那份热情，我的青春还在，不管结局如何至少要去感受青春啊混蛋！哪怕女主第一次不敢出发但最后还是勇敢前进去南极,9,神作,2025-11-17 19:38,ESolitude,218708,比宇宙更远的地方
小南极,7,推荐,2025-11-17 16:25,Kotone,218708,比宇宙更远的地方
结尾那里还挺会绕弯，之前一直以为邮箱是没发出去过的草稿状态，原来发了3年，把照片和电脑最后又留了下来给了队长，队长把电脑里那封发信草稿送了出去，主角把100w留在了找到电脑的地方。去到远方寻找妈妈的痕迹，呐喊声后与母亲和一路以来的自己告别，还是微缩版《情书》吧,6,还行,2025-11-16 14:53,Rena,218708,比宇宙更远的地方
无论何时何地，我都要去比宇宙更远的地方 一场对于青春最好的诠释 花田的巅峰之作,10,超神作,2025-11-15 20:21,泠子大王,218708,比宇宙更远的地方
花田最日常空气系的作品，轻松愉悦的看番体验，她们确实有一段对青春意义非凡的旅途.好工整的演出方法，每集末金句加插曲联合发力，不同的插曲都很适合当集的情境.花田式80写得最好的一次，看了大花田这么多原创动画，他擅长去写的都是美少女的某段过去，以及现在美少女之间的羁绊，其他的花田原创除了这两点之外，也就没什么可取之处了，而小南极着重描绘青春的旅途，成为花田收尾最好的原创.,7,推荐,2025-11-15 17:45,神代紀子,218708,比宇宙更远的地方
神作，真的充满青春感的动画，看了感觉年轻了十岁。相见恨晚，但又想失忆再看一遍。真的太好看了，返程的时候有种恍如隔世，大梦初醒的感觉，像是我也到了南极一样。8.3分,8,力荐,2025-11-14 23:06,淡蓝水手服,218708,比宇宙更远的地方
好看 但是不建议看轻音少女再看这个  心里会做比较,8,力荐,2025-11-12 13:05,喜之郎,218708,比宇宙更远的地方
【2025.10补/本作写的是南极旅行，但并没有特别厚的科普要素，重点反而是四位前往南极的少女在促成共同旅行的团队前，出发前，以及去往南极以后，四人直接珍贵的友情与青春，我很喜欢花田老师这种情绪流的脚本，其中各种神奇歌曲的插入又给其增色不少】赛博追番//EP01 这分镜演出那么厉害的吗 太青春了 说走就走的旅行 EP03 那一天，她真正感受到了友情为何物 EP06 没坐过飞机，没出过国，但这集对事情和情绪的表达特别好 EP08 很扯 但很浪漫很青春 EP09 顶级..... EP11 神回 就得狠狠反击啊 现在是2025.11.10 同期的千岁同学也有告别逆天同学的剧情 但是和小南极一比真是高下立判了 EP12 日复一日，年复一年的邮件... EP13 妈妈写给女儿的最后的信 坚信着她一定会再度来到这个地方 与朋友一同的经历也让自己真正爱上了南极,9,神作,2025-11-11 13:03,ようむ,218708,比宇宙更远的地方
很努力去理解为什么许多人会看得开心,6,还行,2025-11-11 04:30,冰凉的开水,218708,比宇宙更远的地方
梦的开始,8,力荐,2025-11-10 00:08,thinter,218708,比宇宙更远的地方
结局出乎意料却合理，人物刻画非常值得借鉴,9,神作,2025-11-9 18:56,nuomi630,218708,比宇宙更远的地方
"《少女终末旅行》的寒冷紧迫感+《摇曳露营》的旅行露营的舒适感。
为一件事勇敢地迈出人生的一步，全力以赴努力去南极，鼓舞了观众！
打动人心的好作品。",9,神作,2025-11-8 07:46,不聪明的亚子,218708,比宇宙更远的地方
比宇宙更远的地方是南极，比南极更远的地方是青春的理想；四个少女自己选择了被风暴和怒涛守护的冰之大陆，五个少女在最后得到了新的成长。世界很大，世界也一直在变化，不存在一成不变的事务，不存在什么都不发生的一天；那么就走下去吧，即使有点害怕，也一定能在广阔的世界发现那美好的宝藏。于是，结束了一段旅程；于是，一定会再次启程。//ep2，夜幕下少女的奔跑，是她们灿烂的青春//ep3，自此，天然呆少女，怕生黑长直，活泼开朗金毛，大小姐；不是同一部番，却似是故人来//ep7，去往那蕴含了无限可能性的宝箱，两代人的意志在此传承//ep9，猝不及防的私货，只能说，“活该”//ep10，从敬语到一个假名，是友情鲜活的证明//ep12，没有不必送达的信件，没有无需传递的思念//ep13，因为，我们已经是“我们”了；因为有着同样想法的人，立刻就会察觉到,9,神作,2025-11-6 21:18,mitsuha,218708,比宇宙更远的地方
强主线，加弱支线，更加喜欢的地方在细节的塑造吧。一个ne道尽万千情绪，一封封邮件诉尽思念。最后的极光留下了最后的回忆，可能这就是浪漫吧。,9,神作,2025-11-4 23:48,pleiadez,218708,比宇宙更远的地方
给花田磕了 在我心里已经是传说级脚本家了,8,力荐,2025-11-4 03:17,foxid,218708,比宇宙更远的地方
只有原创番才能做到的节奏把控，极其富有生命力的剧本，突破舒适区的勇气，与过去和解的仪式，友情的强大能量，几次看得热泪盈眶。虽然里面对南极科考本身是有一些浪漫化的塑造，但本番重点并不在于渲染环境的艰苦，或是严肃的科普，反而是更轻盈地切入几位少女的内心世界，刻画她们在旅程中的蜕变。剧情有很多条暗线，那些细腻的情感表达总是能被抓住，继而在关键的地方爆发。还会再回来重温的，因为“怀有同样心情的人，一定会发觉你的存在。“,9,神作,2025-11-4 00:34,山東コベニ,218708,比宇宙更远的地方
整体来说看得很舒服的一部动画。主角四人个性鲜明，感情描写到位，剧情从头到尾都很有趣，让人看完一集后就想看下一集。EP12结尾也着实令人有些感动。扣分点在于某些桥段显得有些生硬，比如日向丢护照和五人风暴中开门上甲板，以及令观感大打折扣的第九集私货。但即使有以上缺点我还是觉得这番值得打个9分，毕竟整体观感如此好的动画确实是看一部少一部,9,神作,2025-11-3 09:53,ミントソーダ,218708,比宇宙更远的地方
极力地营造一种形式感景观，证明某些“东西”的旅行。让焦点始终聚焦于『人』而非『旅行』本身。我更期待看一场情感表达更质朴，无需更多言语证明的旅行动画,6,还行,2025-11-3 00:29,远子,218708,比宇宙更远的地方
花田式青春表达，还是很好看的,8,力荐,2025-10-27 15:54,星空大漠,218708,比宇宙更远的地方
挺！做大事是无关年龄的！,8,力荐,2025-10-26 10:41,Hjcg荠,218708,比宇宙更远的地方
剧本写的烂，不然九分了,7,推荐,2025-10-26 08:38,aaayyy,218708,比宇宙更远的地方
如果是追番的话，感觉应该会更好吧，令人遗憾,8,力荐,2025-10-22 13:29,世雨么,218708,比宇宙更远的地方
青春感,9,神作,2025-10-20 11:26,吉普莉尔,218708,比宇宙更远的地方
结尾挺感人的,7,推荐,2025-10-20 10:08,春日雾语,218708,比宇宙更远的地方
喜欢名字  内容真心看不进去    5年后再评  不能当成写实看 当成科幻看还挺暖的,7,推荐,2025-10-19 13:25,roxanne,218708,比宇宙更远的地方
【7】花田的三板斧就是这么一直适用吗,7,推荐,2025-10-19 00:24,hziko,218708,比宇宙更远的地方
花田特有的爆炸式的青春爆炸魔法，青春就是要轰轰烈烈的嘛,7,推荐,2025-10-17 16:26,喵法莲华哈里发,218708,比宇宙更远的地方
是我没有的青春,9,神作,2025-10-17 12:14,Kux,218708,比宇宙更远的地方
作为原创动画，剧情不差算是比较少见的。报濑打工赚钱，只为追梦南极，其中历经困难终抵「比宇宙更远的地方」南极，花田味很浓。看完让人感到满满的励志。,8,力荐,2025-10-16 17:02,梦华朝夕,218708,比宇宙更远的地方
你始终未曾勇于踏出的那一步便是比宇宙更远的地方,8,力荐,2025-10-16 00:53,白,218708,比宇宙更远的地方
真好啊，在最青春的时候追寻大家都觉得无法成功的事，并抓住机会实现梦想。音乐真的好绝，和画面相配恰到好处。友情和亲情，青春的烦恼和欢乐，描绘的淋漓尽致了。,9,神作,2025-10-16 00:39,迁风,218708,比宇宙更远的地方
神！伟大，无需多言！,9,神作,2025-10-14 23:32,Ace,218708,比宇宙更远的地方
"每个人的心中都曾有过逃离一成不变的日常，做一件惊天动地大事的想法。但这些想法往往在看见挫折以后被我们扼杀在脑海里，又归复日复一日的安稳日常。
这是我们每个人青春曾经有过的妄想，而不同的是，主角们拿出了勇气和不放弃的坚持，像傻子一样不撞南墙不回头，硬生生面对困难闯了过去。不同于大多数的伤春悲秋，这是青春里最少见，也是最美丽的风景。
一开始，我曾以为这份勇气和执着是青春的特权，但当看到其他成年的探索队员也愿意放弃物质追寻梦想，我才意识到：
——这是我们每个人都曾向往，但未竟的旅程。
演出流畅灵动，作画清新青春，非常棒啊。番的内容呢很真实，不会不切实际，包括一路的挫折、团队相处的纠纷，真的让人感叹太真实了。即便如此，主角们却仍然闪耀着理想主义的光芒追寻梦想，真的太棒了
ps：12集找到妈妈电脑一边放歌一边收到自己十几年来发的邮件太犯规了！",9,神作,2025-10-13 23:34,水之精灵歌颂着鸟之诗 ...,218708,比宇宙更远的地方
虽然前面很无聊，有些情节不太好苟同，槽点也挺多，甚至我都算是逼着自己断断续续看完了。但是它很好的诠释了比宇宙更远的地方，让人感慨。,8,力荐,2025-10-13 19:15,Amarryllis,218708,比宇宙更远的地方
前面看睡着了,6,还行,2025-10-13 15:31,Jup1ter,218708,比宇宙更远的地方
补标。当初看觉得普通，也没有给我留下特别深刻的印象，不算我喜欢的类型,7,推荐,2025-10-11 22:36,鱼寻寻鲟鱼,218708,比宇宙更远的地方
一个关于梦想的故事，各方面都不算很出色，但却很能给人触动的动画，如果青春有颜色，那一定是南极冰原上绽放的虹光。这部动画用一场奔赴世界尽头的旅程，诠释了“行动”本身即是青春最壮丽的诗篇。四位少女的南极之行，没有超能力或奇迹加持，只有打工攒钱的汗水、面对暴风雪的颤抖、以及笨拙却坚定的步履不停。它最动人的并非“抵达”的瞬间，而是她们在破冰船上凝望冰山时眼中的星光，是在冰原上追逐企鹅时放声的笑泪，是面对过往遗憾时攥紧双手的勇气。每一个平凡的我们，都能在报濑的执念、小决的蜕变、日向的洒脱与结月的温柔中找到自己的倒影。“比宇宙更远的地方”从来不是地理坐标，而是迈出第一步的决心。真正的最远，往往是理想与行动间的距离啊。可以说，它鼓励了我为了自己的梦想踏出第一步。8.2,8,力荐,2025-10-10 00:22,路人二次元的养成方法,218708,比宇宙更远的地方
小学6年级时候看的当时没懂得其含义在高二的晚上我知道了高中不应该这么枯燥的结束,9,神作,2025-10-9 20:06,土匪,218708,比宇宙更远的地方
这尼玛什么声优阵容啊。。。太吓人了,9,神作,2025-10-8 19:38,账号已注销,218708,比宇宙更远的地方
"绝交无效 1483条邮件  私は今、北極だ
小南极给我带来了触动，当背景音乐响起时，纵使泪点高也总会不自觉的起鸡皮疙瘩。",8,力荐,2025-10-8 01:56,塑料环,218708,比宇宙更远的地方
角色刻画得是真好，各种互动和对话真的超级有那种女高中生的青春感和真实感，花田老师真的太懂了，怎么能把感情描写得这么细腻啊卧槽，每集的情感铺垫到位时结尾再配上一首神bgm，配乐与分镜完美结合，情绪满溢而出，每次都能打动我，令我不禁潸然泪下,8,力荐,2025-10-7 22:59,羽肿,218708,比宇宙更远的地方
因为这个，我愿意相信花田,8,力荐,2025-10-7 03:51,ik-room,218708,比宇宙更远的地方
花田魔法的魅力。开头是比较常规轻百的努力励志梦想，中期有些问题，但后期很好的收尾很感动,8,力荐,2025-10-6 20:26,Misaaaaaaaaaaaka,218708,比宇宙更远的地方
听人说前期有多无聊后期就有多感动来看的，实际上的体验感觉前期并不无聊，后期也没有到催泪弹的程度，但是也很感动，讲友情讲的太好了！感觉不是悲伤类型的感动，而是看到了希望的感动,8,力荐,2025-10-6 05:17,neon,218708,比宇宙更远的地方
我立刻就要開始看,0,未评分,2025-10-6 00:25,鹿戮鹿,218708,比宇宙更远的地方
欸，花田魔法,10,超神作,2025-10-5 23:06,eyang,218708,比宇宙更远的地方
疯疯颠颠几集，几个角色吵的不行又无趣-2023-09-25,2,很差,2025-10-5 22:45,tomo,218708,比宇宙更远的地方
心中最感动的作品之一，很多时候我不会因为刀子而流泪，但是小南极里面人物对于青春的迷茫与追求让我非常感动为之流泪，仅仅是很简单的理由，想要去做什么，不想在这个年纪平平淡淡，为之去尝试做什么，这也是我内心的想法，但是我没有这么大的勇气，却能在小南极中感受到这份鼓舞。到达南极后内心的呐喊，直击我的灵魂，我的人生能够看到小南极真是太好了,10,超神作,2025-10-5 16:12,莲见,218708,比宇宙更远的地方
不赖,8,力荐,2025-10-5 05:34,xch,218708,比宇宙更远的地方
看之前觉得会是美少女去南极旅游的舒服日常，真正补完才发现，感情是如此细腻。和看过的多数美少女一起做某事的番相比，最大的区别在于小南极的情感很充沛细腻，该有的萌点照有不误，又穿插了相当动人的角色成长和感情流露，使得观看时心弦被紧紧叩动。无论是决心去南极，还是不丢下任何一个人，面对曾经心痛之地等，都能明显得感觉到角色们的心情，观感上十分饱满充实。最难以忘记的片段，便是找到曾经的笔记本，打开邮件那一刻，一封封自己发出的邮件一张张传来时，日思夜想的牵绊终于化作眼泪涌了出来，十分感动。观看体验宛如陪伴四位女高中生进行了一次从零开始的南极旅行，仿佛自己的心中也有了去南极的冲动。除此之外，音乐的应用也恰到好处，插曲的响起很好得调动了气氛。,10,超神作,2025-10-4 14:40,gegeskd,218708,比宇宙更远的地方
贴合现实，很打动人心,9,神作,2025-10-3 22:37,hilou,218708,比宇宙更远的地方
叙事节奏很舒服，音乐插入恰到好处，角色塑造不错，故事高潮爆点情绪渲染极佳。特别是12集最后看到曾经的一条条讯息弹出来时，配合音乐和声优演绎，调动情绪这块太猛了。虽然部分人设比较套路且故事题材模板化，但动画真就是在有限的空间内尽力把故事讲到最好了,9,神作,2025-10-2 04:40,地理学者s,218708,比宇宙更远的地方
开头结尾和ep7写得不错，中间大部分时候很难称得上有趣，既无深刻亮眼的主旨也无有趣精彩的剧情，说是去南极但写得高不成低不就，看不出来是多难一件事（毕竟不敢真给JK上强度），倒是恰是好能满足受众群体的向往,7,推荐,2025-10-1 19:44,KTACO,218708,比宇宙更远的地方
正如剧中所言：“当你无法回头的时候，才算是一次真正的旅程。” 《比宇宙更远的地方》就是这样一次带领观众穿越心灵冰川，最终抵达生命开阔地的完美旅程。,8,力荐,2025-10-1 01:12,落秋,218708,比宇宙更远的地方
ep1-3分镜非常惊艳，值得反复看。,9,神作,2025-9-30 22:36,メイド長万歳！,218708,比宇宙更远的地方
100万！ T_T,10,超神作,2025-9-30 21:29,月见团子,218708,比宇宙更远的地方
我们还会再度旅行,8,力荐,2025-9-29 13:30,wty1145,218708,比宇宙更远的地方
8分，开电脑读信那集直接上9分,9,神作,2025-9-29 00:03,咕嚕,218708,比宇宙更远的地方
8.5 前期和后期的观感都很好，前期能看到很多花田式的处理，中间坐船的几集相对比而言稍显平庸，最后能够在讲完故事的基础上升华处理实在是原创动画难得可贵的地方。总体而言是一部值得一看的佳作。,8,力荐,2025-9-27 11:25,zzz,218708,比宇宙更远的地方
真的很好看！强烈推荐 不带一点骗的,9,神作,2025-9-27 11:19,爱溺水的皮卡丘,218708,比宇宙更远的地方
花田老贼的巅峰一战,9,神作,2025-9-25 19:32,健康芦苇,218708,比宇宙更远的地方
年纪大了泪点低,8,力荐,2025-9-25 00:11,久经考验的忠诚的纯爱战士,218708,比宇宙更远的地方
“当你无法回头的时候，才是真正的旅途”，“就算不能在一起，也还是能在一起，因为 我们已经是我们了”，这极具生命力的番简直击穿了我阴郁的人生,8,力荐,2025-9-24 22:59,Ononoki_Yotsugi,218708,比宇宙更远的地方
补标,9,神作,2025-9-24 19:18,6速自動だんご,218708,比宇宙更远的地方
给不了8.5，给8分确实有点偏低,8,力荐,2025-9-19 13:24,Kiana,218708,比宇宙更远的地方
题材很新颖，除此之外没啥印象了。,6,还行,2025-9-19 12:57,香草小八奈,218708,比宇宙更远的地方
从这里开始从这里开始超好听的,7,推荐,2025-9-19 07:32,systemXL,218708,比宇宙更远的地方
在最好的时间做一件你最想做的事情，这便是这部作品对于青春的回答,9,神作,2025-9-19 01:54,向后全速前进,218708,比宇宙更远的地方
制作和故事都很好,9,神作,2025-9-19 01:26,铁血纵横,218708,比宇宙更远的地方
制作剧情，各方面精良，我觉得无需多言,9,神作,2025-9-18 22:08,天缘,218708,比宇宙更远的地方
没想到还蛮沉重的，有些地方味太大，去南极前比后半部分有意思。,7,推荐,2025-9-16 13:34,slothism,218708,比宇宙更远的地方
去相信，去冲向比宇宙更遥远的地方！// 表现的挺好的，就是太套路了，换成偶像番感觉也没什么违和感，南极没有做出太独特的感觉。,6,还行,2025-9-15 00:02,undef_baka,218708,比宇宙更远的地方
小南极太好看了,9,神作,2025-9-14 04:59,coco,218708,比宇宙更远的地方
大部分的情景忘记了，但记得24集的追番体验很舒服，女主妈妈迟到多年短信的设定泪目了，很花田的情节,7,推荐,2025-9-9 18:26,林檎,218708,比宇宙更远的地方
个人来说，最完美的一部原创作品。,10,超神作,2025-9-9 00:15,rungeer,218708,比宇宙更远的地方
意难平，扎实的故事、美妙的友谊,10,超神作,2025-9-7 10:31,Doffin_azure,218708,比宇宙更远的地方
有种真实感，很青春，每个人的性格也很鲜明，剧情感觉跟不错，对情感的拿捏很到位，音乐和音乐的填词也恰到好处,9,神作,2025-9-4 00:32,香风智乃,218708,比宇宙更远的地方
光是前几集就已经让我眼前一亮了//满满的青春感，前面剧情稍有跳脱但毫不崩坏，后面花田的情绪流发挥地淋漓尽致，除了ep8有些用力过猛，其他优秀单集几乎无可挑剔，花田十辉封神一战,9,神作,2025-9-3 10:23,CyraZm,218708,比宇宙更远的地方
感动啊，轻百但并不废萌，人设在业界独树一帜,7,推荐,2025-8-31 14:13,传奇的故里,218708,比宇宙更远的地方
"和我想象的“去南极”差的好多，实际是心之壁失意者青春片啊。
为了同一个目标聚集在一起，在失意和共勉中前进。EP12的情感表达好强啊，第一次见到的新活。
叙事节奏好快，很多想看的细节一笔带过，包括到了南极后的篇幅全都花在了心理和解上。
不管依赖心理还是朋友的别扭情绪怎么样，高年级勒索100w那里绝对过了吧，那时候女主都没决定去南极，小惠这种是绝对的恶行，真的用力过猛。包括后面的船上危险行为也是，能理解这些剧情所表达的情绪，但是本身的行为做的太过了，导致观感下降，共鸣也少了一些。人不可能完全抛开现实理性只用感性评价，当然也有可能是这番的花田情绪流没能完全打动我，毕竟还有另一部大众评价更低但是我共鸣了的花田魔法呢。
南极篇幅太短了，真的很遗憾。",7,推荐,2025-8-29 00:25,loili赛高,218708,比宇宙更远的地方
花田你干的好啊,7,推荐,2025-8-28 22:29,Constantine,218708,比宇宙更远的地方
重要的不是踏出第一步，而是获得踏出第一步的勇气。毫无争议的一月最佳，我他妈吹爆,9,神作,2025-8-25 18:33,贝比麦格农,218708,比宇宙更远的地方
花田魔法！,9,神作,2025-8-24 16:47,冬眠盆栽,218708,比宇宙更远的地方
7.5动画名叫比宇宙更远的地方，但最后几话明显想表达去哪里不重要，我认为不妥，走少女轻百赛道也显得不够有趣，角色的情绪输出非得靠负转正，中期几乎每集都是这个套路，ep5好友的绝交桥段非常惊艳,7,推荐,2025-8-24 13:08,Lv4の白井黑子,218708,比宇宙更远的地方
听说是神作,10,超神作,2025-8-22 18:30,仁太bear,218708,比宇宙更远的地方
以南极科考为背景讲发生的友情与青春的故事，后几集的情绪处理相当出色。,7,推荐,2025-8-21 21:55,Genos,218708,比宇宙更远的地方
纯粹的治愈体验,8,力荐,2025-8-18 23:19,untitled_v3.1.0,218708,比宇宙更远的地方
高三时候看的，我也想去见识未知的风景,9,神作,2025-8-18 16:38,linganguPro,218708,比宇宙更远的地方
真好哇 企鹅 青春 勇气 纯净的世界 极光 这些东西。我也想被净化,9,神作,2025-8-17 22:33,神聖星月ちゃん,218708,比宇宙更远的地方
【8-】,7,推荐,2025-8-17 10:19,lizard666,218708,比宇宙更远的地方
对少女的情感最生动细腻的诠释,9,神作,2025-8-16 00:56,Rin0824,218708,比宇宙更远的地方
沉睡许久的破冰船将汽笛鸣响，这艘暌别已久的巨物再次开启了去往南极的旅途，在被洋流搅动的海面上划出了一层层涟漪，也画出了四位不甘平庸、固执又各怀心事的少女重新开始奔跑的青春。以为寻找迷失于南极的亲人向着南极进发的征程为骨，以四位女孩在旅途中对梦想的追寻与执念的化解为肉，小南极书写着紧凑、扎实而循序渐进的故事，出神入化，笔走龙蛇。同时，它又精妙地操纵着情绪的积淀，每次对角色过去的揭露，对动机的阐释，都是情感海洋的一点点汇流，小南极逐渐将它们堆积在观众的内心，等待着它爆发的最高潮。当小渊泽报濑第一次登录母亲的电脑，过往三年对母亲的思念不断涌入那尘封已久的邮箱，当四人踏上回乡的路途，在甲板上共享那光彩夺目的极光，骤然爆发的情感绽放成了最美丽的花火，又让人骤然意识到，南极这片皑皑银白浸润着的土地，确乎是一个书写着四人的故事，埋葬着二人的执念的，比宇宙更远的地方,9,神作,2025-8-15 20:29,qmt,218708,比宇宙更远的地方
去南极 特别特别萌,0,未评分,2025-8-15 14:35,逢凶化吉,218708,比宇宙更远的地方
台本喜欢得不得了，励志又治愈，就喜欢看这种（不过怎么又是花田）,9,神作,2025-8-14 19:12,陈栀绪升天说,218708,比宇宙更远的地方
“当你无法回头的时候，才是真正的旅途”,10,超神作,2025-8-14 12:51,清夏莜雨,218708,比宇宙更远的地方
lovelive南极ver.,6,还行,2025-8-13 12:50,ゆめをおよぐ,218708,比宇宙更远的地方
轻松有趣又活泼向上，值得一看,8,力荐,2025-8-10 18:55,ph03nix,218708,比宇宙更远的地方
一直没看但听说不错，看了下确实不错，又有趣又很能“正能量”，看得我也想出去走走了,8,力荐,2025-8-10 14:02,Akari,218708,比宇宙更远的地方
青春是无法被拘束的鸟，有些事情真的只能在青春期才能做到，即使这些事在长大后的你看来是羞耻的无意义的，但这就是青春啊，无数快乐的悲伤的羞耻的记忆构成了如今的我们，对于那些“大人”来说这可能及其不理智，但这份不理智也是青春的象征之一，不管是在动荡的古代，在国民大革命时期，还是在有着珍贵和平的今天，青春期的“孩子们”总是最先跨出所谓的“不理智”的第一步，所以，屏幕前的你，在成为无聊的大人前，努力去迈出那超脱世界的每一步吧,8,力荐,2025-8-10 12:38,YogusMoon1zero96,218708,比宇宙更远的地方
【8-】亲情与友情奏成的青春赞歌，在调动情绪这一方面做到了极致，令人确确实实感受到“我的青春在动”。迸发而出的情感满溢着热烈的青春，打破日常的勇气挥洒出人物的弧光,8,力荐,2025-8-8 02:56,仲夏夜鱼梦,218708,比宇宙更远的地方
虽然搁置了好几年，但是最近看完了，还是很不错的,9,神作,2025-8-5 08:57,kimicong121,218708,比宇宙更远的地方
补标,10,超神作,2025-8-4 14:02,夜雪,218708,比宇宙更远的地方
"如果说《终将成为你》是爱情的教科书的话，那么《比宇宙更远的地方》就是友情的教科书。
本作实际上还是非常标准的21世纪青春动画，推动剧情的不是外部的人和事，而是角色的内心情感，绝大部分矛盾也都在故事开始前就已存在了。这样的作品非常考验描写人物与心理的功力，但花田出色地做到了。不但四位主角，就是像高桥惠、藤堂吟这样的配角也都活灵活现，在有限的篇幅中展现出了丰富的情感，不禁令人赞叹。",8,力荐,2025-8-1 17:06,鎧塚希美,218708,比宇宙更远的地方
剧情忘了，观感还在,8,力荐,2025-8-1 01:30,yeah peace peace,218708,比宇宙更远的地方
情绪给的太多了，每集都有情绪高点，递进太快了，就有点上不去，难以共情。可能因为是补的吧,7,推荐,2025-7-31 11:16,togex2,218708,比宇宙更远的地方
"只需要四个半小时，就能买一张去往南极的船票。
在看前半段剧集时我的心里是有些不安的。担心节奏过快、这里那里是不是应该多加一些感情戏什么的。但现在想来，都去南极了，谁还想描写那种无聊的剧情？",10,超神作,2025-7-31 00:55,行墨琉金,218708,比宇宙更远的地方
"标准且典型的青春片，应该是最能代表花田十辉“青春烈性炸药”风格的作品，优缺点都很明显；几乎每集都释放情绪，适合追而不适合补，但是必须承认其调动情绪的能力非常顶尖//
无法结束的旅程？终点即是起点！",8,力荐,2025-7-30 18:56,Mizorika,218708,比宇宙更远的地方
7.8/10,8,力荐,2025-7-30 16:54,Z3veX_X,218708,比宇宙更远的地方
让我们将来在这里相会吧，在比宇宙更远的地方,9,神作,2025-7-29 17:30,某路过的超电磁炮,218708,比宇宙更远的地方
已经忘了讲的啥了，只记得声优很豪华,7,推荐,2025-7-27 17:48,慕名而来,218708,比宇宙更远的地方
7.5 低開高走 南極前5.5 南極後8.5 ep9開始除了個別水回以外幾乎無可挑剔,7,推荐,2025-7-26 21:51,Ciarbegla,218708,比宇宙更远的地方
音画搭配很棒，伏笔回收也很合理，女高中生贴贴这一块，成功补充百合能量，对的对的。片尾还有极光看，舒服舒服,9,神作,2025-7-26 12:57,刃下心,218708,比宇宙更远的地方
"人设并不讲求细节，简约的色彩和动感的线条就让我知道相较于硬核将“南极”更多讲的是少女的成长。南极只是一个向往的方向，一个乌托邦。
关于朋友之间的小故事讲得很得当，那种爱与厌恶无法对立的情况下，笨拙地探索，友情。",8,力荐,2025-7-24 16:36,草莓牛奶,218708,比宇宙更远的地方
看xp 对的上电波真的不错,9,神作,2025-7-24 13:20,lemon,218708,比宇宙更远的地方
看完来评，想说的很多但是不知道从何下笔，社畜多年已经很久没有认真看番和去追番了，小南极确实让我重温了以前看动画的感动，香菜纱织鱼香，看到熟悉的CV和STAFF，似乎回到了从前... 谢谢动画制作组带给我的感动,10,超神作,2025-7-23 14:23,夜は明けるんだ,218708,比宇宙更远的地方
7.5，神插曲。不知道该说什么啊，就这样了,7,推荐,2025-7-23 14:08,Clqlsx,218708,比宇宙更远的地方
【7.0】心中想的是动画版伟大的悲剧，实际上却是套壳百合作品，但是有关人与人之间的情感优于同题材的作品。首先就是前面的铺垫很显然不是朝着冒险题材去靠近的，背景铺垫的讲述略微有些冗余，却实实在在的为之后去南极的成功提供了合理的动机。出发前死党对真理的不舍而引发的嫉妒无疑是动画人物刻画的一大两点（或许也是花田的特长吧）。虽然有些情节情感让步逻辑让抒情有些出戏，但整体的节奏舒缓清新，看着不累总体还是可圈可点的,7,推荐,2025-7-21 23:38,酌情追番的宅男君,218708,比宇宙更远的地方
青春啊…//比宇宙更远的地方，不仅是南极，还有主人公们各自的成长烦恼，愿我未来也有这样向未知无畏走去的勇气吧,9,神作,2025-7-20 22:50,正在祈祷的脑洞比熊,218708,比宇宙更远的地方
《比宇宙更远的地方》的起点锋利，合点温柔，像是用青春作燃料的一次情绪轨道发射。角色动机清晰，旅途设定克制，开篇与终章都有一种难得的，“应当如此”。中段虽有情节起伏，却偶尔堕入“角色功能化”的惯性，使情感波动更像完成任务的节奏安排。幸运的是，它最终抵达了情绪最该落脚的地方。,8,力荐,2025-7-20 00:56,九字铭和泉守兼定,218708,比宇宙更远的地方
感情刻画细腻。剧情好看。不过人物没什么记忆点,7,推荐,2025-7-19 00:43,私人童话帖,218708,比宇宙更远的地方
抱着高期望来看的，差强人意吧，感觉不到什么感动的点，中间几集节奏太拖了，最喜欢第一集。,7,推荐,2025-7-17 01:21,鱼吐泡泡水,218708,比宇宙更远的地方
为什么打10分 因为南极对我来说就是最特殊的地方,10,超神作,2025-7-14 02:49,mechadrug,218708,比宇宙更远的地方
制作水平无可挑剔，声优阵容豪华，单集节奏也不错，但说实话没有想象中的那么好：Ep.6 丢护照给我看得有些红温，Ep.9 涉及历史的部分也让我很不适。前半的观感我可以打十分，但后期在南极这样充满可能性的舞台上，并没有发挥出前半的水平，朋友、校园霸凌这些主题与普通校园番并没有本质区别，对人物塑造的作用也很有限，有些空洞无味，非常可惜。看前半的时候我都开始研究南极邮轮了，看完后反而失去了去南极的兴趣。,8,力荐,2025-7-13 22:22,明日香不过你,218708,比宇宙更远的地方
2025-03-07,0,未评分,2025-7-12 19:24,Jerry,218708,比宇宙更远的地方
每个人的人生都有自己的“南极”，甚至可以是“北极”。,9,神作,2025-7-10 21:36,もんしん萌新,218708,比宇宙更远的地方
很不错的番剧，虽然相当一部分看番人对于剧情的发展能猜个十有六七，觉得套路太过于常见，缺乏新鲜感，但这不失是一个好故事，剧情连贯无雷点，人物立得住，很有生活感。,8,力荐,2025-7-9 22:09,梦禾萌光,218708,比宇宙更远的地方
其实有点失望的,5,不过不失,2025-7-7 21:39,えりり,218708,比宇宙更远的地方
"看前半的时候以为自己已经对这种“去远方”的故事祛魅了，但看到后面才发现比起“去远方”，向平庸之人证明自己做到了特别之事才是更能打动人的地方，到达南极之后对过往的同学大喊出来的那几句""活该""和“开什么玩笑”一扫前半的压抑和平淡，将全片的情绪推至了最高点，花田大老师不愧为操纵情绪流的高手",8,力荐,2025-7-7 18:22,西洋膜术师,218708,比宇宙更远的地方
花田的线性青春,8,力荐,2025-7-6 02:47,44,218708,比宇宙更远的地方
就单纯是女孩间的打闹。至于“去南极”？感觉去哪都能写出一个差不多的故事,3,差,2025-7-5 20:20,小冰瓜,218708,比宇宙更远的地方
非常好冒险,9,神作,2025-7-5 12:50,追番的孤行,218708,比宇宙更远的地方
无感,6,还行,2025-7-4 15:24,peckoooo,218708,比宇宙更远的地方
非常典型的花田式剧本，但在一众花田魔法之中，个人感觉这部原创的情感表现、人物群像、科普、女女关系性（划去）都显得有点「中庸」，整体下来没有特别突出的部分，所以给个七分,7,推荐,2025-7-4 13:11,cloud_TC,218708,比宇宙更远的地方
2018 神仙打架的一年也毫不遜色 甚至可以說是2018最佳動畫 從角色刻畫到劇情都無可挑剔 熱血同時又帶有溫暖和感動 花田十輝難得骰到6點 聲優的演出也非常令人佩服,9,神作,2025-7-3 13:24,bb21567,218708,比宇宙更远的地方
小南极 呜呜,8,力荐,2025-7-2 16:16,アクマ,218708,比宇宙更远的地方
依稀记得很不错,9,神作,2025-7-2 15:53,烙饼,218708,比宇宙更远的地方
没时间，遂先暂停补旧番环节,6,还行,2025-7-1 13:28,鈴木ゆうと,218708,比宇宙更远的地方
画风劝退,0,未评分,2025-7-1 01:59,balala,218708,比宇宙更远的地方
"这就是青春啊，看完不想旅游的也是神人了
另外12话真神回吧",10,超神作,2025-6-29 00:32,kyoma325,218708,比宇宙更远的地方
好看,8,力荐,2025-6-28 23:10,6个大老头,218708,比宇宙更远的地方
2018年度最佳动画,10,超神作,2025-6-28 15:13,秋之枫叶鱼,218708,比宇宙更远的地方
这部动漫表达了很多层次的情感，我也有很多想要说的。本来想打10分的，可是想起来某部我打了10分的同期神作，果然还是差点意思，思来想去还是打9分吧，9分也是相当高的分数了。具体的感想想起来再补吧。,9,神作,2025-6-27 17:50,薰风逐北,218708,比宇宙更远的地方
青春啊啊啊啊,8,力荐,2025-6-27 01:01,Liumour,218708,比宇宙更远的地方
不对电波,7,推荐,2025-6-26 19:32,Linkenic,218708,比宇宙更远的地方
快被我刻入DNA的剧情了，最爱的番剧可以排入前十名了，每年都想拿出来看一遍,10,超神作,2025-6-26 01:38,杏帘在望,218708,比宇宙更远的地方
很真实的情感，但是太过真实了以至于没有代入感，已经不奢望那种青春力，即使看看虚构层都会觉得撕裂X//第12集的情感爆发很不错//但是让人很不爽的点也有，你看我推荐，我看不喜欢//又蠢又坏的政治露阴癖-500,6,还行,2025-6-26 01:03,UmbraNox,218708,比宇宙更远的地方
比宇宙更远的地方就是青春啊！！,10,超神作,2025-6-25 12:30,狐狸合唱团,218708,比宇宙更远的地方
花田情绪流最强的一次，可以说是把之前写JK日常的经验全部用上了。比宇宙更遥远的地方并不是南极，而是我们每次勇敢迈出的第一步,9,神作,2025-6-24 00:12,羊麟吃星星,218708,比宇宙更远的地方
没比gbc好到哪里去,6,还行,2025-6-23 20:55,Benjamin Netanyahu,218708,比宇宙更远的地方
关于本作的观看建议：小南极需要非常沉浸地去观看的。小南极本质上不是写实向，是很看电波、很需要对电波的意识向电波流作品。制作方显然也意识到了这点，经过考量后，最终仍选择了这样的叙事内容方向。这作品我看了三次，我第一次观看的时候还一边吃饭还有看群聊，没有足够沉浸的去看作品，得到的情绪反馈和内容反馈都很差，看了三集半就弃了，后来过了好一段时间我决定尝试第二次，全身心的沉浸沉入作品里去观看，才算有了良好的观看体验。作品里有很多塑造故事思想内核、营造情绪递进、立住角色的内容，很挑观众的。所以哪怕稍微中断了都不能完整的感知到作者想传达给你的情绪与内容了，开始看了最好就不要停止，不然会“味道失真”。但如果真停了，如果是短时间内停了，就最好回倒两三分钟时长的进度再开始看。3集之后是一个分水岭，前面3集玉木展现出来的更......（因字数所限，更多内容可在日志中观看）,6,还行,2025-6-22 20:06,pipi,218708,比宇宙更远的地方
最后话真要泪目吧,9,神作,2025-6-21 22:36,sola,218708,比宇宙更远的地方
青春！,8,力荐,2025-6-21 17:25,MM52,218708,比宇宙更远的地方
萌,8,力荐,2025-6-20 15:51,四叠半和老仓育,218708,比宇宙更远的地方
亲情戏很好，其他一般,7,推荐,2025-6-18 20:51,Bottleきみ152的利刃,218708,比宇宙更远的地方
花田原创番最高峰，剧情节奏把握得很好，情绪渲染也非常真实且动人,8,力荐,2025-6-18 00:17,Rabbit,218708,比宇宙更远的地方
二集弃，让女高中生去歌舞伎町色诱成年男性，这什么情节给我看吐了,0,未评分,2025-6-17 19:28,毛星,218708,比宇宙更远的地方
原来这就是青春吗 黑长直最后接受了母亲的逝去 以及matane这首歌曲的插入特别让人回味,9,神作,2025-6-16 18:42,Hanekawa,218708,比宇宙更远的地方
好治愈~,9,神作,2025-6-15 03:13,白水可可,218708,比宇宙更远的地方
宇宙より遠くへ,8,力荐,2025-6-11 22:26,Toresuka,218708,比宇宙更远的地方
刚看第一集觉得人物画风好奇怪，后几集习惯后反而觉得不难看了，挺有特色的。剧情属于慢热型，节奏把握得很好，属于越看越精彩的那种，花田魔法名不虚传。跟第一印象不同，比起南极科考的具体工作，它其实更侧重讲述友情与信念的故事，确是公路番中不可多得的佳作，真好啊，敢想敢做的青春。,8,力荐,2025-6-11 22:19,LazFbia,218708,比宇宙更远的地方
作者意图大于角色真实，脚本跳过“认知挣扎”阶段，直接引入结果和情绪共鸣，割裂感严重,6,还行,2025-6-11 13:23,meowsd,218708,比宇宙更远的地方
谈及花田老贼不可绕过的顶级原创。,8,力荐,2025-6-7 00:29,bes0,218708,比宇宙更远的地方
花田魔法//比宇宙更远的地方不是南极而是你始终不敢迈出的那一步,9,神作,2025-6-6 20:58,Yasuhara_絵麻,218708,比宇宙更远的地方
18年度最佳原创，值得一看,8,力荐,2025-6-6 06:37,初雪,218708,比宇宙更远的地方
浪漫的南极之旅，谁能不爱呢?但自从看了这番我就再也不对南极抱有任何幻想了，稀烂的叙事节奏，各种插叙，根本没有浪漫一说，全是事故，纠葛和矛盾，可能现实就是这样残酷的，可是我就是不喜欢，看的我莫名火大，人设和画风也不喜欢。BGM好听，但仍然难以和解。,4,较差,2025-6-5 01:52,超电磁炮mygo,218708,比宇宙更远的地方
人设不行，每一集感觉都一个模板结构，前面还能感动一下，看到后面就有点腻了，ep12非常感人，没有ep12只能给6分,7,推荐,2025-6-4 15:55,志摩凛,218708,比宇宙更远的地方
南极,7,推荐,2025-6-3 03:55,梦洛星尘,218708,比宇宙更远的地方
在赤裸的地方，看赤裸的自己，不能掩盖自己。自己想做什么，自己在迷茫什么，自己在怀疑什么，不清楚的话就去旅行吧，去看这大千世界，和朋友一起。,0,未评分,2025-6-3 02:11,雪融雪降,218708,比宇宙更远的地方
这就是青春啊,8,力荐,2025-6-1 19:06,夏好没有,218708,比宇宙更远的地方
粪作：青春，女铜，冒险三个标签必吸引无数好评，但不能掩盖其本质。画面丑陋，剧情无聊，节奏差。大半篇幅都是南极之前的故事而到达南极仅有个尾巴。人物塑造糟糕，组队动机薄弱，矫情狗血可以写一出肥皂剧了。三观不正：能洗女主和她闺蜜的建议先去舔声之形的黑长直,5,不过不失,2025-5-30 21:08,心水,218708,比宇宙更远的地方
永远记得那份青春的热情,9,神作,2025-5-29 16:39,七海湊MiNaTo,218708,比宇宙更远的地方
小南极的青春，是更加明媚阳光的青春，是能够治愈一切的青春。即使有迷茫与悲伤的回忆，但少女们会告诉你，只要向前走，一切都会好起来的。,9,神作,2025-5-28 16:30,おやすみ,218708,比宇宙更远的地方
这也是花田啊。。。。,8,力荐,2025-5-28 03:12,ひだみ(1.25倍速补番中）,218708,比宇宙更远的地方
好看 剧情8分  音乐满分,9,神作,2025-5-28 00:51,不等号菌,218708,比宇宙更远的地方
7+,7,推荐,2025-5-27 23:21,Rizu,218708,比宇宙更远的地方
花田对于少女心思描写的能力炫技,9,神作,2025-5-27 22:48,千雪实秋,218708,比宇宙更远的地方
相当清新脱俗的番剧，题材也非常新颖，对于友情、羁绊的刻画都是非常棒的,8,力荐,2025-5-21 14:20,小山瑞穗,218708,比宇宙更远的地方
我忘却了所有悲剧，所见皆为奇迹。,10,超神作,2025-5-21 00:22,六十三,218708,比宇宙更远的地方
好看，花田十辉搞得不赖,8,力荐,2025-5-16 03:13,四叠半中的bocchi,218708,比宇宙更远的地方
我記得是最後幾集小渊泽报濑與她媽媽劇情的處理很不錯，眼淚快忍不住想留下來。,8,力荐,2025-5-15 21:26,Shawn学,218708,比宇宙更远的地方
打差评的可能都么有木琴,10,超神作,2025-5-14 19:41,桔梗死海,218708,比宇宙更远的地方
惊艳的作品,8,力荐,2025-5-13 10:28,上条当麻的右手,218708,比宇宙更远的地方
出发本身比目的地更重要，圣地巡礼最困难的一集,8,力荐,2025-5-12 10:58,Amun,218708,比宇宙更远的地方
就，各方面都很好，想不出缺点，感兴趣看就对了,9,神作,2025-5-9 22:53,藤野先生,218708,比宇宙更远的地方
无敌,10,超神作,2025-5-7 02:41,战场原,218708,比宇宙更远的地方
一部完美的原创，讲好一个故事，好好塑造故事中的每一个人，每一个角色都有血有肉，剧情有笑有泪，青春、梦想、友谊、亲情、感动与遗憾，剧情的每一个小高潮伴随着歌曲，情绪的宣泄恰到好处。13集完结的最后，相信她们一定会再此踏上旅途！,10,超神作,2025-5-7 00:26,靛红梦,218708,比宇宙更远的地方
看完真的想让人去南极了，温馨。,7,推荐,2025-5-6 21:21,夹心饼干,218708,比宇宙更远的地方
简单的画风却有着不简单的剧情，剧本完成度极高，很可惜的是时隔多年我才看到小南极。这部番淋淋尽致地告诉了我梦想无论何时追逐都不晚，算是在给目前比较迷茫的我一点小小的动力吧。,9,神作,2025-5-3 10:58,Lanz,218708,比宇宙更远的地方
无法理解,6,还行,2025-5-2 17:08,none,218708,比宇宙更远的地方
"「まあいいじゃん、それも旅だ」
「いいんじゃないですか、そういうのが一つくらいあっても」",0,未评分,2025-5-2 14:16,Goingo,218708,比宇宙更远的地方
好看,10,超神作,2025-5-2 08:19,better,218708,比宇宙更远的地方
9,9,神作,2025-5-1 08:30,kuro,218708,比宇宙更远的地方
非常好看的一部原创题材，虽然时隔七年才看到，但在目前的我心中无疑是一部无可替代的神作。在充满迷茫、质疑的27岁，在不敢踏出舒适区的当下，这部番让我知道要勇于踏出第一步，世界是很广阔的，不用在意他人的眼光，外面的风景非常精彩。青春不止是女高中生的特权，南极考察队的成年人每一个也都怀抱着青春与梦想，什么时候追梦都不晚,10,超神作,2025-5-1 01:32,不笑猫,218708,比宇宙更远的地方
对青春与梦想的完美诠释,8,力荐,2025-5-1 00:45,yukina,218708,比宇宙更远的地方
花田大老师那几板斧虽然总觉得有相似的构架，但只要完成度高，效果必然不会差，GBC目前追了六集，与本作一比较，发现花田的脚本确实喜欢问题当集解决，矛盾或线索留点尾巴用作串联，每一集各自独立但又能衔接起来，不得不说这种模式属实好用，前面十一集保持了很高的观赏度和情绪的起承转合，但用久了也总有套路化无功无过的感觉，反倒最后两集的收尾挺意外，情绪有爆发、有宣泄、有凝聚，总体却是轻巧地告终，在美轮美奂的景色、无言的心领神会中融化，没有突如其来的煽情，一切都收得恰到好处，当然分镜演出也非常出色，制作用心得不像是单纯“美少女做什么都有人看”的那种番（不过有时脸也会小崩）。,8,力荐,2025-4-30 10:46,GeKayuChow,218708,比宇宙更远的地方
看完了小南极，本作的剧本主线是围绕去南极，并且剧本完成度非常高，在我以为中间闺蜜绝交之后不会处理之后，还特地做了剧情处理，并且報瀬前期多次出现的没发出来的那封信，最后也给出了感人的答案，多条线同时回收，剧情上面每集内容不一样推进主线，但却又每集和单元剧不一样没有割裂感。这部番其实很像真实世界的我们，说走就走的旅行，这样的青春是现实中多少人做不到的，其中也伴随着成长，友情和亲情。人物立体感很强吧，每个塑造的都恰到好处，自己有自己的烦恼，加上剧本音乐都很优秀，主旨也非常正能量，非常值得一看。,9,神作,2025-4-28 13:30,听风汐梦,218708,比宇宙更远的地方
一部完成度极高的作品，最后两集的文戏真的顶，人物成长的弧光和立体感跃然于纸上，尤其是第十二话B part用突然连上网是电脑收到的无数短信，思念与牵挂，亲情浓溢，不禁令我潸然泪下。最后一集的收尾与升华也体现了青春，成长与友谊的立意。可以说最后两集将这部作品拔高了一个层次！,8,力荐,2025-4-27 23:44,阴雫夜,218708,比宇宙更远的地方
细腻又恰到好处的情感，真是让人羡慕的友情和青春,10,超神作,2025-4-27 14:00,不喝酸奶,218708,比宇宙更远的地方
完整立体的人物塑造，几乎每个人都能有自己闪闪发光的地方，南极看似遥远，但行将至，虽然只是短短的几天，也不会深入参与科考，但南极的意义从不只在于南极本身,7,推荐,2025-4-27 00:14,Ranghiu,218708,比宇宙更远的地方
声优豪华，剧情可圈可点，我也制作了一个mad，但是剧情不是很理想，但是这部番可以说是现在的我的向往？？？我十分羡慕能为自己梦想付出行动的人！！！,10,超神作,2025-4-26 18:05,会感伤,218708,比宇宙更远的地方
去南极这个点一开始没get到，看完后才知道这部口碑为啥这么好，确实值得。,7,推荐,2025-4-26 10:44,二少-decade,218708,比宇宙更远的地方
8+，对我来说有点过誉，有几话很好,8,力荐,2025-4-25 17:23,Shimeji,218708,比宇宙更远的地方
"比宇宙更远的地方 
记得高中时曾期待过，等高中毕业，上了大学后一定要来一场说走就走的旅行，叫上朋友或独自一人，踏上旅途，去追寻，去感受这个世界。然而生活往往充满戏剧性，疫情以来，对于我来说，比宇宙更远的地方，不是南极也不是宇宙，或许仅仅是校外而已。不过，只要心中的信念不变，就算是比宇宙还远的地方那又如何，一切都终将再次启程！",0,未评分,2025-4-25 15:39,断耳猫,218708,比宇宙更远的地方
期望看到一些独属于南极的挑战来覆盖主角团的青春期问题，可惜没有看到,8,力荐,2025-4-24 13:44,夏山鬼,218708,比宇宙更远的地方
因为这个番去了一趟南极,8,力荐,2025-4-24 13:08,scarl_wings,218708,比宇宙更远的地方
闪耀的青春 特别美好的友情！,8,力荐,2025-4-23 13:28,溜溜,218708,比宇宙更远的地方
"声優オタク尊死アニメ。
「ここから、ここから」は大好きな曲で、いつも聴いている。ストーリー面では、夢を実現するまでの努力や、人とのつながりを繊細に描写できたことは、賞賛に値する点である。それ以外の点は、特に印象に残らないが、とにかく誰にでもおすすめできるアニメだ。",9,神作,2025-4-23 01:47,因果交流のヒカリ,218708,比宇宙更远的地方
不考虑商业成绩，绝对是花田生涯最浓墨重彩的一笔，经此一役什么独角兽柿本广大久弥直树之流碰瓷不了一点，懂不懂什么叫逐梦少女的青春感啊，懂不懂什么叫这个年纪特有的冲劲和狂放恣意啊，太有青春活力了花田大老师,9,神作,2025-4-22 02:19,超高校级の扭曲怪残焰 ...,218708,比宇宙更远的地方
我心中最适合向没接触过动画的纯路人推荐的作品，不需要有任何包袱、懂任何宅文化也能轻松享受的动画，近十年最好的原创动画之一，高开高走，青春、友情、旅行、成长和感动，“坐上与平时相反的电车，去看未曾见过的风景”。,10,超神作,2025-4-21 18:01,世界第一打工妹藤田琴音,218708,比宇宙更远的地方
刚看时的期待至今还记得,7,推荐,2025-4-20 18:14,Sonnet,218708,比宇宙更远的地方
很治愈,9,神作,2025-4-20 11:43,nkanno,218708,比宇宙更远的地方
小南极！,10,超神作,2025-4-17 16:37,宇苑,218708,比宇宙更远的地方
看到最后其实我没多大感触,7,推荐,2025-4-15 22:12,peko,218708,比宇宙更远的地方
看完就像在繁杂的生活中做了一个美好的梦,9,神作,2025-4-15 14:45,善良的LTt,218708,比宇宙更远的地方
补标。这部是真的入坑番。,8,力荐,2025-4-15 12:14,半分星,218708,比宇宙更远的地方
7.5,7,推荐,2025-4-15 10:38,QuanLion,218708,比宇宙更远的地方
冲出船舱那段剧情确实抽象了，但“抛开现实不谈”这一段其实非常有表现力,8,力荐,2025-4-14 23:07,狸花猫,218708,比宇宙更远的地方
9.1,9,神作,2025-4-14 22:36,Super,218708,比宇宙更远的地方
"无法对花田十辉写的任何女女关系性共情，插曲好听
一百万不要可以给我",7,推荐,2025-4-13 16:03,江湖浪人,218708,比宇宙更远的地方
"我渴望说走就走的青春
我渴望永不褪色的友情
我渴望告别苦涩的过去
我渴望解开亲子的心结
这些都是比宇宙还遥远的地方
但我不畏惧险阻
因为天亮，我就要出发

“乘上与平时方向相反的电车，为了去看未曾见过的风景”",9,神作,2025-4-12 22:31,见习怪兽,218708,比宇宙更远的地方
好看,0,未评分,2025-4-12 02:21,序商,218708,比宇宙更远的地方
题材蛮新颖的,7,推荐,2025-4-11 21:33,qzrs,218708,比宇宙更远的地方
如何讲述一个即使结束也不感到惆怅的旅行？小南极或许是最佳答案。以南极之旅串起四名角色单元回，循序渐进补完又有条不紊地推进。正如百万日元一张又一张各有来历、发出的邮件也势必在某个时刻有所回应，所有的情感都在过分沉默的铺垫结束后一齐爆发，引来了难得的情感共鸣。片尾的告别与约定不仅仅是收尾所需更是主旨所在，在所有人都获得圆满的世界里，对屏幕外的观众同样奉献出一份关怀，只能说心理按摩做的确实舒服。,7,推荐,2025-4-11 20:07,不思議じいろ,218708,比宇宙更远的地方
这画风感觉像是给每个人都加了个超大背光,8,力荐,2025-4-10 22:18,Accelerator,218708,比宇宙更远的地方
看完了满脑子就在想，趁年轻就去做点想做的事情吧,9,神作,2025-4-10 21:21,法拉法拉法,218708,比宇宙更远的地方
在人生第一次海洋科考途中看的（很有代入感hh），虽然目的地没有比宇宙更遥远，但也真正理解了什么叫“乘上与平日方向相反的电车，为了去看未曾见过的风景”亲眼见到的广阔太平洋，比图片中、想象中的更美,10,超神作,2025-4-9 13:30,安里 凛,218708,比宇宙更远的地方
很不错的青春励志番，人们往往缺少去做自己真正想做之事的勇气。ed也很不错。缺点是剧情稍显平淡,8,力荐,2025-4-9 12:43,wszdnba,218708,比宇宙更远的地方
花田大法好,8,力荐,2025-4-9 03:40,Real Place,218708,比宇宙更远的地方
（8/10）富有青春活力，这是这部动画讨喜的原因吧,8,力荐,2025-4-9 00:13,银,218708,比宇宙更远的地方
纯洁而炽热的青春,8,力荐,2025-4-6 15:23,syunaidly,218708,比宇宙更远的地方
8.0，现在我有点知道《吹响悠风号：第三季》拍成那样的原因了，花田其实不擅长处理角色遇到的挫折，本片所呈现的角色挫折中，只有小渊泽报濑母亲去世写的比较可以，剩下几位配角的多少还是有点单薄轻描淡写，吹三中花田想改变，结果还是玩砸了。说回本片，作为一部公路（船路）片还是很优秀的，探险中所掺杂的纯洁情感实在是很吸引人,8,力荐,2025-4-4 08:21,Saber,218708,比宇宙更远的地方
声优阵容逆天,0,未评分,2025-4-4 08:19,一大瓶过期可乐,218708,比宇宙更远的地方
"伟大无需多言
8.5，考虑到四舍五入就9了XD",8,力荐,2025-4-3 20:45,Umineko_Funny,218708,比宇宙更远的地方
感觉有点一般,7,推荐,2025-4-2 22:51,苦瓜睦,218708,比宇宙更远的地方
太感动了。这种纯女生的动漫一般不是我的菜，但真的女孩子们太美好了，最后报濑酱短发的笑容真的太美了。每个姑娘去南极的理由不同，但都找到了自我的救赎。上一代的羁绊也似乎得到了完整。谁懂啊，真的是以为自己不会哭，结果在很多集的很多莫名地方，嗷嗷哭。青春的突破，对妈妈的找寻，友情的渴望，自我的突破，都太美好了，13集不够，南极日常可以看好久好久。给妈妈的1000+信件真的太好哭了，妈妈最后迟到的回信真的神来之笔。祝越冬顺利，祝姐妹四人友谊长存，祝有一天再次一起出发！,10,超神作,2025-4-2 14:43,Apudula1223,218708,比宇宙更远的地方
看完感觉整个人都充满了希望，这就是青春和理想啊，好积极向上的作品，好美好的女高中生们的羁绊,9,神作,2025-4-1 20:05,命分之命,218708,比宇宙更远的地方
剧情节奏和音乐都很牛逼,8,力荐,2025-4-1 17:11,西瓜猫,218708,比宇宙更远的地方
那一集不喷的都是神人了,7,推荐,2025-4-1 11:52,Reborn,218708,比宇宙更远的地方
入坑后追的第一部新番，现在早已忘记18看动画的心境，但ep12一封封邮件于电脑上显现给我的那份感动，未曾忘却,9,神作,2025-3-31 22:28,不吃雪菜setsuna,218708,比宇宙更远的地方
还可以,7,推荐,2025-3-30 07:51,树下胥余,218708,比宇宙更远的地方
花田的文戏真好,8,力荐,2025-3-28 12:14,山丶而AC,218708,比宇宙更远的地方
慕名而来，只能说花田写女女关系性永远是这个味道，人物时不时会莫名其妙的发癫，生哭立拔的意味太过于明显了，白石结月这个人也是和486一样的在一群闹麻了的疯子里放一个讨好普通观众的正常人。当然从主角的人设上整体的叙事上和精神内核上这部作品确实要比gbc好太多，但女孩子在面临各种问题时所做的反应还是和gbc如出一辙（当然应该是gbc和小南极如出一辙才对）。只能说我实在不能和花田十辉笔下的女孩子有丝毫共情。,3,差,2025-3-28 04:02,Shiina Ayase,218708,比宇宙更远的地方
在哪里呢？,9,神作,2025-3-27 23:43,shinanoは私の嫁です,218708,比宇宙更远的地方
还行,8,力荐,2025-3-26 22:42,keande,218708,比宇宙更远的地方
龟龟，全力花田嫩牛逼啊,10,超神作,2025-3-26 19:28,仲夏夜,218708,比宇宙更远的地方
青春百万円,8,力荐,2025-3-25 11:02,极彩,218708,比宇宙更远的地方
"还行, 制作不咋地, 剧情中规中矩. 不如摇曳露营",7,推荐,2025-3-25 09:20,yutianzf,218708,比宇宙更远的地方
神-花田,9,神作,2025-3-25 01:21,意般,218708,比宇宙更远的地方
小南极用时间证明自己为什么是小南极,9,神作,2025-3-25 00:50,xLnnnnn,218708,比宇宙更远的地方
好看，后期剧情套路有点重复，但情绪这块真的很棒,9,神作,2025-3-24 12:35,Cristina258,218708,比宇宙更远的地方
在火车上看的，哭了一路,10,超神作,2025-3-24 03:33,bwchan,218708,比宇宙更远的地方
声优全部都是大热门的啊,7,推荐,2025-3-23 20:11,彩加小天使,218708,比宇宙更远的地方
小南极是我看过的最好的原创番剧，在我这里它永远都是满分，永远都是第一,10,超神作,2025-3-23 17:26,hsf,218708,比宇宙更远的地方
"不錯，可惜之前在別的地方看到12集的雷…
這實在太難防了…",8,力荐,2025-3-23 01:30,kennyfs,218708,比宇宙更远的地方
题材不算新颖，但是编剧把剧本打磨到了极致，对我来说后半部分神回频出以至于破防，很久没有看过这么纯粹又美好的动漫了,10,超神作,2025-3-23 01:05,EpicTroll,218708,比宇宙更远的地方
十分优秀的剧本辅以非常出彩的节奏把控，配合性格鲜明的人物性格，产生了每集都非常观感舒适的佳作，花田老贼这家伙，真是给我开了眼。比宇宙更遥远的地方，表面似乎是目标南极，但是对于每个人来说，都有着不同的涵义；南极之旅，亦是成长之旅。唉，看一部少一部。,10,超神作,2025-3-23 00:58,冰音漆依玲儿,218708,比宇宙更远的地方
结局平滑收尾但效果很好 动漫里对亲情的描绘具有很大的渲染力 整体无雷点 值得一看,8,力荐,2025-3-22 14:19,小鸟游六花,218708,比宇宙更远的地方
充满感动的青春，几集一神回，神,10,超神作,2025-3-20 22:38,lololol,218708,比宇宙更远的地方
JK和南极，两个一般无法连接的词，在此得到了优秀的诠释。即便是比宇宙更遥远的地方，即便会有来自陌生人甚至身边的人的阻碍与压力，只要愿意迈出那一步，或许就仍有实现的可能。在茫茫白雪中，将四个主人公过去的心结一一解开，不由让人对青春的耀眼感叹与生羡。情绪的处理虽然有路径依赖的因素，但是确实符合逻辑，也是能够让观众共鸣的。,8,力荐,2025-3-19 02:10,Linn,218708,比宇宙更远的地方
花田魔法三倍出力,7,推荐,2025-3-19 02:00,MiaAsuka,218708,比宇宙更远的地方
花田的巅峰，结局青梅去北极那一段真的哭出来了,9,神作,2025-3-19 01:38,百合帆,218708,比宇宙更远的地方
cute girls do amazing things,10,超神作,2025-3-17 23:52,Amen Thompson,218708,比宇宙更远的地方
看过好多年了，但我还是清晰的记得这个少女们之间的友情啊，羁绊啊，青春的热血啊，很温馨，很治愈的一个动漫，看完之后也让人很有力量，很好的一部动漫。,8,力荐,2025-3-17 17:41,知更酱,218708,比宇宙更远的地方
T1  8.8分,9,神作,2025-3-16 23:39,Yushiro Yukina,218708,比宇宙更远的地方
作画配乐和节奏很棒；演出犯病的时候很出戏；人设不是很好看；人物塑造还不错，但是演出犯病的时候真的很尬；剧情中上，主要还是节奏好。,8,力荐,2025-3-15 14:19,邪恶漆黑巨兽,218708,比宇宙更远的地方
"神作8.6
七年前观看时的感动在重温后依然感动，无论是主题曲还是剧情都让我无不感慨花田的魔法，在我逐渐消极的生活里所需要的就是这一份“为青春奔跑”的感动
七年前，在我心中是神作，在现在，在七年后，依然是我心中的神作之一",9,神作,2025-3-14 18:20,指引左方,218708,比宇宙更远的地方
顶级制作、顶级剧本、bgm也给力，这部番足以吊打一众出名番,10,超神作,2025-3-14 18:06,Cons.W,218708,比宇宙更远的地方
去比宇宙更远的地方，寻找你的脚步，不管别人怎么说，我也会到达,9,神作,2025-3-13 22:39,离愁,218708,比宇宙更远的地方
8.3,8,力荐,2025-3-13 02:54,小小小薰,218708,比宇宙更远的地方
非常标准化的青春动画，每个主角都有自己的过去，面对自己的现在，最后击败过去不愿面对的一些事。就是后面几集有点过于公式化了,7,推荐,2025-3-12 12:17,suyun,218708,比宇宙更远的地方
花田老师还是牛。疯房子稳定发挥。把我看的眼眶湿润，仔细想想梦想什么的。。。很感动的作品，四个女生闪闪发光。,9,神作,2025-3-11 23:29,ACAね,218708,比宇宙更远的地方
比宇宙更遥远的是人心,9,神作,2025-3-11 15:24,蒼崎 青子,218708,比宇宙更远的地方
花田的魔法，我爱原创,7,推荐,2025-3-11 00:18,小果pro,218708,比宇宙更远的地方
好看,10,超神作,2025-3-10 20:42,Co1umbium,218708,比宇宙更远的地方
不尽的感动，独属于青春的赞歌，我要吹一辈子！,10,超神作,2025-3-10 13:21,下班几,218708,比宇宙更远的地方
“当你无法回头的时候，才是真正的旅途”,9,神作,2025-3-9 18:59,星空糍粑咩,218708,比宇宙更远的地方
可能是因为现实系吧，里面的内容我很难共情到。核心的剧情就是以主角的情感线加上很多日本系的校园日常内容。但是又离主题的南极很远很有距离，南极成为了象征意义上的精神存在。如果能更好贴近南极现实可靠去补充内容就好了。,5,不过不失,2025-3-9 08:01,seeker,218708,比宇宙更远的地方
"在这部作品，一直有俩种对立的评分想法；要不还是打8分吧？跟随主流保守派一点，要不还是打9分吧？情节与尺度把控简直不要太好，到了第十一集我开始意识到自己高一时也发生过非常相似的事，我还非常像报濑对着朋友的感情说事，插手别人的感情是否绝对得错误呢？管他呢！谁让“日向”要跟我是朋友呢；我只是不想让他继续为此苦恼着了。
  被自己打脸了呢，在最后的第二集，我不知道为什么跟那门外的三小只一样，明明搁着屏幕却也捂住嘴不敢哭出声来；....一直以来辛苦了，报濑~",10,超神作,2025-3-9 00:31,不吃香菜,218708,比宇宙更远的地方
花田有这部作品值得骄傲,9,神作,2025-3-8 23:29,kracmnty,218708,比宇宙更远的地方
现在，我大致体会到了花田魔法的强大之处。当然，madhouse的制作和这么多优秀的声优也是功不可没的。可以说，小南极这13集下来几乎每集都很精彩，都很吸引人。在贯穿全程的日常戏份中，尤其是出发前的那几集中，四个主角之间的拌嘴、之间的开玩笑和捉弄，真的是能让我感受到所谓“青春感”。她们的互动真的很有趣、很生动。而与高超的对话编排相对应的，就是极其优秀的人物形象塑造了。13集下来，四个主角人人都有自己的个人回，展现她们不同的处境与心结。花田魔法的力量就在于，长段的具有感染力的话语能充分地倾诉人物的心声、抒发人物的情感，让人不知不觉地就与之共情。情感上小南极也是极为动人的。只说其中最优秀的两处，一是12集中那一千多条信件出现的一幕，二是13集中母亲迟来的信与眼前的极光相融的一幕，都是将前面十多集的小细节陡然汇在一起的场景，只能说眼泪也是刹那间就迸发了出来。,10,超神作,2025-3-8 17:05,sxz,218708,比宇宙更远的地方
"堪称完美的剧本啊, 每一个伏笔都被回收, 这样美好的故事真的让人感动呢! 京吹3后我成功和花田和解了",9,神作,2025-3-7 21:33,kitakita,218708,比宇宙更远的地方
在发绿发霉发烂的教室等待，戈多再也不会来了，但等来了虚幻虚无虚伪的南极。,7,推荐,2025-3-5 22:48,KFLhoTAT,218708,比宇宙更远的地方
花田魔法，最喜欢的一部原创，小南极无敌,9,神作,2025-3-4 20:15,PFCZzzz,218708,比宇宙更远的地方
老实说好看归好看，但意外的没印象……,8,力荐,2025-3-4 16:30,朝江寒的猫,218708,比宇宙更远的地方
【南】极你太美,9,神作,2025-3-4 13:07,橘上下,218708,比宇宙更远的地方
go,8,力荐,2025-3-3 14:55,Kev,218708,比宇宙更远的地方
优缺点都十分明显的动画，剧本为了抒发情感牺牲了很多逻辑性和合理性（如ep8四人西风带出舱门大叫），部分演出过于夸张（如ep12三人大哭），个人感觉从ep5到ep11开始每一集都有着固定的格式（一开始犯蠢搞笑，埋几个伏笔，最后抒情，情感爆发太规律了，有一种工业化的美）。但总体瑕不掩瑜，看的我都有点想去南极了（虽然没钱去），对四位女主的塑造也是颇为完美。,7,推荐,2025-3-3 12:16,😋😋😋,218708,比宇宙更远的地方
18年最喜欢的作品，是我回不去的青春,9,神作,2025-3-2 20:00,koxia,218708,比宇宙更远的地方
6.5//个人ep12，ep13,7,推荐,2025-3-2 07:00,早起的虫儿有鸟吃,218708,比宇宙更远的地方
画风不喜欢,7,推荐,2025-3-2 00:05,Sorakadok,218708,比宇宙更远的地方
少女们的梦想,7,推荐,2025-2-28 10:40,Yoisaki,218708,比宇宙更远的地方
没有神级的剧情，没有吸睛的人设，整部番看下来的体验就是简单而舒服。但像这样简单而舒服的番在近几年是越来越少了，也就越发显得珍贵。,9,神作,2025-2-27 09:11,yamada2236,218708,比宇宙更远的地方
不同于旅程带来的线性想象，花田把各集目抽象成舞台。这场剧就是13个舞台，故事各异，结构雷同。大体前一幕嬉笑打趣，后一幕情感升华，起承转合镶嵌其间；4个JK按性格分派台词，职能分化，两两组合，主役矛盾演绎或气氛营造；多用突转和回忆填塞剧情，拉镜与特写扳拉情绪；写青春与友情的命题作文。各舞台间仅用“去南极”衔接导致单元回林立而难以有效统筹，同一舞台起承转合的架构又追求戏剧性而处处留痕，单集高完成度与青春的整体阐释失衡难以匹配，最终使所歌青春无非是工业化流水线生产的又一商品。倒不是说演绎青春无外乎靠狂气放出或者开超能力的监督和脚本水平不够，恐怕是被不再青春之徒贴上各种标签、推销给少男少女的青春根本是无稽之谈。故事脱离现实，还要让人有所触动、故事在口口相传中产生温度，恐怕只能靠似是而非的鸡汤金句和营业性拉满的JK日常。说什么去南极，直接说去异世界不是更明白？,6,还行,2025-2-27 07:44,tanimals,218708,比宇宙更远的地方
“祝你人生旅途愉快”,8,力荐,2025-2-26 23:38,Emerink,218708,比宇宙更远的地方
后来我也丢了护照,9,神作,2025-2-26 17:39,sufficientli,218708,比宇宙更远的地方
当年的神，花田巅峰期作品之一。,8,力荐,2025-2-26 07:19,mamo馅の良心君,218708,比宇宙更远的地方
看完了，很优秀的作品啊，无论是日常还是剧情，女高中生去南极这种事放现实里不可能，但是花田确实是把故事给写好了，特别是看到12集结尾的邮件，真的潸然泪下，现在回想起来眼角都泛着泪花，很感人呐，很感人啊。这部作品值得我打上九分，近期看过的最优秀的作品了，花田还是很优秀的嘛（赞赏,9,神作,2025-2-25 02:36,Yuri,218708,比宇宙更远的地方
催泪的地方很共情 很青春,9,神作,2025-2-24 23:56,古河渚的面包,218708,比宇宙更远的地方
很好的动画使我追逐梦想。,7,推荐,2025-2-24 18:44,moca,218708,比宇宙更远的地方
1101封未读邮件和时隔三年再次觅见的美丽极光,6,还行,2025-2-24 01:37,初濑伊纲,218708,比宇宙更远的地方
剧情非常好，有笑点有泪点，看着像旅行番但其实并不是。有几段剧情高潮的bgm还欠些力度，但瑕不掩瑜。,9,神作,2025-2-23 23:48,ecyxb,218708,比宇宙更远的地方
可乐,7,推荐,2025-2-23 00:21,爱与和平,218708,比宇宙更远的地方
【补标】题材新颖，制作优秀,9,神作,2025-2-22 21:33,AER,218708,比宇宙更远的地方
教科书般各方面都很流畅的动画,8,力荐,2025-2-22 21:23,mayahs,218708,比宇宙更远的地方
剧情节奏太棒了，配乐也好听,9,神作,2025-2-22 19:31,闹1闹,218708,比宇宙更远的地方
好康,8,力荐,2025-2-21 04:50,是摩多吧,218708,比宇宙更远的地方
这个题材太有意思了，动画的音乐相当好听,8,力荐,2025-2-20 19:09,九磅十五便士,218708,比宇宙更远的地方
神作 到南极的距离也是心离梦想的距离,10,超神作,2025-2-20 15:04,岛村战士,218708,比宇宙更远的地方
单单对于我来说最有意义的作品,10,超神作,2025-2-19 23:48,柒柒玖捌零,218708,比宇宙更远的地方
笑也笑了，哭了也了，好久没有看这么情绪跌宕起伏的番了，神！,9,神作,2025-2-18 23:00,Life_Memory_You,218708,比宇宙更远的地方
时隔这么多年再看，还是在报瀬打开邮箱时流下了眼泪。我太喜欢这种道具的巧思和回收了，不论是报瀬的邮件，那一百万日元，还是最后的北极。,10,超神作,2025-2-17 20:37,sworgun,218708,比宇宙更远的地方
不是很能记得住情节了，总之观感应该是好的,8,力荐,2025-2-17 18:47,Sis_com,218708,比宇宙更远的地方
超级好看✧٩(ˊωˋ*)و✧,10,超神作,2025-2-16 23:40,北吱吱吱吱,218708,比宇宙更远的地方
花田魔法,9,神作,2025-2-16 15:19,CD要打ADC,218708,比宇宙更远的地方
少女南极旅行中。。。。。。原以为是南极旅行物语，结果讲的更多的是人与人的关系。,8,力荐,2025-2-13 20:30,几几乎,218708,比宇宙更远的地方
诚然这是花田原创的巅峰，可以明显感受到脚本创作出来的特色，也就是情绪流煽情，但我自身还是不太喜欢这套流派。然后说一下缺点，角色互动和画风有点油腻，每集都要插首歌导致ep12反而没什么感动了。由于是一个极好创作的剧本——各有心事的少女们前往南极，也没有gbc的逻辑漏洞，是一部自我看来优缺点都很明显的原创吧,8,力荐,2025-2-13 09:51,小内与夕湖酱,218708,比宇宙更远的地方
一两集？,10,超神作,2025-2-12 18:25,影夜みつき,218708,比宇宙更远的地方
大学期间看完，那时候很喜欢，那种青春的感觉，为了梦想勇敢去拼一次的感觉，真好啊,9,神作,2025-2-11 18:52,子小,218708,比宇宙更远的地方
看了一半，感觉没有神作的水平，再看看~,8,力荐,2025-2-8 21:46,Wakaba-Saki,218708,比宇宙更远的地方
2025年标。,0,未评分,2025-2-6 23:23,漫不经心nico,218708,比宇宙更远的地方
花田的巅峰,8,力荐,2025-2-6 21:24,setsula,218708,比宇宙更远的地方
"一口气看完的,感觉情感上差一些",6,还行,2025-2-5 19:19,Melody,218708,比宇宙更远的地方
"8.5           人物塑造得真的很立体充实，每个人都有自己的烦恼，通过这一次南极旅行大家都找到了自我，成就更美好的自己。没有剧情大作那样的跌宕起伏满是伏笔收束的剧情，但有着足以打动我内心的青春、友情和成长，静下心去看就能体会到每一天每一集中角色一点点的改变、以及随之而来的那份感动。情感是一层一层的慢慢铺垫，在片尾的时候只需要轻轻一推，就有排山倒海的感觉

//“坐向反向的列车，去看那未曾看见的风景”，有梦想，有机会，有行动力的青春，确实很让人羡慕。",8,力荐,2025-2-5 18:27,雪夜巧梦白,218708,比宇宙更远的地方
花田老师献祭5年功力做出的作品,8,力荐,2025-2-5 17:13,ako,218708,比宇宙更远的地方
这声优阵容也太富裕了。,7,推荐,2025-2-4 17:00,lusen152,218708,比宇宙更远的地方
小南极！,10,超神作,2025-2-4 02:10,xy,218708,比宇宙更远的地方
"传说是花田十辉巅峰之作，其实不妨说是花田样板戏满汉全席。不过小南极有一个独特优势就是题材比较新颖，虽然本质还是在讲几个女孩子的爱恨情仇（雾），人物塑造也是典型的扁形人物，但是这个题材就很方便展现一些梦想、成长之类的主题。
以我对作画的了解似乎没什么值得专门称赞的地方，但整体上绝对是优秀的。演出也朴实而引人入胜，比如最后报濑将100万拿出来码放的那段，配合音乐效果十分不错。",8,力荐,2025-2-4 00:41,启动！！！,218708,比宇宙更远的地方
单纯，感动。,8,力荐,2025-2-3 21:14,zqm,218708,比宇宙更远的地方
ep1.3.5.11.12，明田川仁神了有没有懂的,7,推荐,2025-2-3 13:14,chiotto,218708,比宇宙更远的地方
我也想去南极，而且一定要去,9,神作,2025-2-1 22:40,龙猫在卑尔根喝果汁 ...,218708,比宇宙更远的地方
无可挑剔的温馨作品,8,力荐,2025-2-1 00:02,由昉316,218708,比宇宙更远的地方
今天跟朋友聊天，她说终于把我给她推荐的小南极看完了，突然想起来我在动画生涯个人喜好表上“最想安利”填的就是小南极。//一定要在高二做点什么的玉木麻理想来一场没有目的的旅行，在车站偶然捡到了100万円与被称为“南极”的「怪人」小渊泽报濑相遇。“那，要不要一起去？”乘上与平时相反方向的电车，为了去看未曾见过的风景。“当你无法回头时，才是真正的旅行”总喜欢自己编名言的三宅日向如是说。ep11「撞飞铁桶吧」，“你们就继续怀着内疚的心情活下去吧”，最好的反霸凌片段。ep12「比宇宙更远的地方」，收件箱里不停增加的数字也将情绪感染到了极点。//oped好听，花田十辉最好的原创作品。,8,力荐,2025-1-31 16:41,不吃洋葱zzz,218708,比宇宙更远的地方
画面可爱，人设鲜明讨喜。音乐感情丰富，配乐充实。叙事紧凑合理，伏笔回收良好，结局合理，冲突解决位置略偏前，但瑕不掩瑜。,9,神作,2025-1-31 08:23,yyssk,218708,比宇宙更远的地方
解压治愈，终于找到之前看摇曳露营的感觉了,8,力荐,2025-1-31 02:15,我是一个卤蛋精,218708,比宇宙更远的地方
应该是最能代表花田十辉的作品,9,神作,2025-1-30 00:20,綿帽子,218708,比宇宙更远的地方
对青春的一种相当优秀的阐释，是一部虽然有瑕疵但还是让我想打10分的番,10,超神作,2025-1-29 19:12,xxx2022,218708,比宇宙更远的地方
声优阵容+1分,10,超神作,2025-1-29 15:41,安提莫,218708,比宇宙更远的地方
南极探测，梦想，女生日常，把这些我感觉很无聊的地方做的有意思确实很有本事，而且这部我每个角色都算不上很喜欢，但他们的剧情打动了我，非常喜欢有点像奶龙娘的三宅日向那集的个人回，日本人终于做出了这种正常的东西太让我感动了，黑长直的母亲回和女主结尾的基友去北极那一幕也不错，就得是这股健康的矫情味啊,9,神作,2025-1-25 16:31,五月线冲啊,218708,比宇宙更远的地方
伟大无需多言,9,神作,2025-1-25 16:02,IEG_ykwy,218708,比宇宙更远的地方
ここから始めよう、僕は旅に出よう～　#9.7,9,神作,2025-1-25 03:25,水羽,218708,比宇宙更远的地方
当年季度追番最快乐的事就是看小南极和摇曳露营,8,力荐,2025-1-24 10:20,Euls,218708,比宇宙更远的地方
青春感很足的一部番，原以为会更多的放在南极旅程和科考之上，实则更多去刻画了出发的准备、一路心路历程、朋友间友谊关系，将重心放到了少女们的挥洒青春和成长之上，看那些身影勇往直前去向着比宇宙更远的地方奔跑。这股熟悉感，一看，哦果然b花田，细节瑕不掩瑜，作为原创也算挺不错吧。当那抹极光映入眼帘，心中的杂念也是放下——迈开双脚，在见到从未见过的风景之前，不断前进、不断跨越吧！无论去往何方，世界都很广阔！,9,神作,2025-1-23 00:25,繁星firmament,218708,比宇宙更远的地方
这简直就是我，我高中的时候也曾想买张票突然去其他地方，但是我的计划被阻止了,9,神作,2025-1-21 16:09,秦翊棐,218708,比宇宙更远的地方
为了抓住青春而迈出脚步，在终点处解开心结更好地面对新的旅程,8,力荐,2025-1-20 15:50,由缘随,218708,比宇宙更远的地方
9.0,9,神作,2025-1-20 09:22,君士坦丁堡,218708,比宇宙更远的地方
“本物はこの一万倍綺麗だよ” 花田味十足的一部原创，四位美少女前往南极的故事，单从这个设定看就蛮有吸引力了，友情、青春、梦想、亲情等几个点都完成得不错，我很喜欢,8,力荐,2025-1-19 23:44,朱古力凯,218708,比宇宙更远的地方
感觉是无可挑剔的小众原创神作，从音乐剧情作画节奏来说。主线励志，花田脚本的巅峰，只要出发就是有意义的，不要忘了一直奔赴远方。音乐方面小南极ost每首歌都好好听，每次随机循环到就会眼前一亮，那种我还在路上的感觉，一听就充满动力，每次在机场候机必听。,9,神作,2025-1-19 14:58,豌豆鸡,218708,比宇宙更远的地方
女孩子贴贴，好！,8,力荐,2025-1-19 10:28,枫楪,218708,比宇宙更远的地方
生哭立拔的勇气与梦想,8,力荐,2025-1-18 19:17,月樱🌙🌸,218708,比宇宙更远的地方
看的很舒服,9,神作,2025-1-18 18:24,惠莲,218708,比宇宙更远的地方
值得一看的原创治愈佳作。剧情流畅完整，人物塑造鲜明。对于青春的梦想以及主角团的友谊刻画感人，看完也想产生对远方的向往。一起见证巅峰期的花田魔法,9,神作,2025-1-18 17:32,传奇肘术师,218708,比宇宙更远的地方
足够精彩，足够美好，在B站追的，当时居然能在B站追。,9,神作,2025-1-17 21:28,默倚,218708,比宇宙更远的地方
12集结尾确实神，但前期相对有些无聊，考虑到毕竟是原创还是给高点好了。,7,推荐,2025-1-16 10:59,downkstrim,218708,比宇宙更远的地方
想去南极啊。。,7,推荐,2025-1-15 22:43,kaka2810,218708,比宇宙更远的地方
主观10分，非常能治愈人心、给予前进力量的一部作品。,8,力荐,2025-1-15 16:56,paretto9k,218708,比宇宙更远的地方
原来花田这么早就开始写退学少女去冒险，搞女女关系性的剧情了啊，日本女高中生都是不上学的吗。抛开一些为了情绪爆发而写的不现实和突兀的剧情，总体还是相当完整和感动的青春剧，如果我能跟得上情绪流就好了，对不上电波真是没办法的事。声优阵容也是一大看点，这么豪华的声优列表真不多见，基本都是主役啊。,8,力荐,2025-1-15 00:02,仰望星空,218708,比宇宙更远的地方
总体来看，这也算是花田原创的巅峰了，在大花的作品里少女之间的矛盾产生与和解一直是主旋律，当然这部也不意外。大家一直忌讳的从来就不是“和解”这一话题，而是通过了什么方式刻画了矛盾，又是如何和解的，怎样才不会出现因为这个小细节产生矛盾真是“闹麻了”的感觉，而恰巧的这部“和解”之所以做的好，是源于对少女情感刻画生动，将几个素不相识的女高中生联系在一起，再升华成关于“好朋友”这一讨论；其次是矛盾逐层深入，一个问题解决之后迎来的是另一个问题，同时也一直把本作最大的看点小渊泽母亲这一问题后置，随着每集的剧情深入，信息的填补完善真相也才浮出水面，而最终关于小渊泽母亲的死这一问题也保留了开放性结局，显得并非“轻拿轻放”。当然madhouse的制作还是普普通通，中间几集的演出也十分无聊流水账一般，但等到最后几集解决矛盾时观感又回升起来，每集结尾一个小高潮也是相对不错的,7,推荐,2025-1-14 22:30,hazuki_nya,218708,比宇宙更远的地方
原来是原创啊难怪，前面确实无聊了点后面还不错。,7,推荐,2025-1-9 16:15,南美森Desu！,218708,比宇宙更远的地方
为了亲近世界，为了知道他人的心意，为了寻找自我,8,力荐,2025-1-7 21:42,BDO之眼,218708,比宇宙更远的地方
看着报濑母亲笔记本里未读邮件增增上涨时，眼睛还是酸了。三年，1101封邮件，思念之情已经溢于言表,8,力荐,2025-1-7 20:49,终末之红,218708,比宇宙更远的地方
剧情连贯，人物塑造丰富，感觉没有什么地方可以挑剔的,9,神作,2025-1-7 13:54,带妙,218708,比宇宙更远的地方
青春的梦想比任何事物都更加珍贵,8,力荐,2025-1-6 01:50,海绵宝宝陌柒儿,218708,比宇宙更远的地方
这就是花田的全力吗。我也想完成一些普通人可能一辈子做不到的事情啊,8,力荐,2025-1-5 21:26,Amana,218708,比宇宙更远的地方
"ep11神回。仅一集抬高了我对整部作品的评价

感动到落泪 真的很难绷得住

前10集都是在描写四人组磕磕绊绊的相处日常 以及推动主线发展 稍显平淡

ep11后开始正式发力 四人友情刻画到位

如果不是前面太过平淡 我愿意给出10分",9,神作,2025-1-5 17:01,我是熬夜大王,218708,比宇宙更远的地方
7.9。花田的原创巅峰之作，在这部作品的女女关系性上你可以看到花田“偷了”轻音少女、京吹等一堆作品的影子，属于是集大成之作了（然后gbc和星团开始发瘟了）。故事其实很简单，金典的几个美少女凑一起啥都干系列，但给观众们带来的感动确实是货真价实的，是2018这个黑马之年最富有青春感的动画。,8,力荐,2025-1-4 16:14,乂之,218708,比宇宙更远的地方
触动不是很深，但是很励志的动漫，是个好作品。,7,推荐,2025-1-4 00:14,さいふ ぐん,218708,比宇宙更远的地方
萌豚赛高,8,力荐,2025-1-3 22:34,神秘黑皮男,218708,比宇宙更远的地方
前半段可能会有点无聊（样板戏），12集非常出彩，总的来说值得一看,8,力荐,2025-1-3 21:19,hashimoto23114,218708,比宇宙更远的地方
唉，你说你非要谈敏感问题干啥，我看的开开心心的，第九集看完后真的没法继续看下去，我是中国人，看不了日本爱国教育,1,不忍直视,2025-1-3 17:23,皮皮勒斯,218708,比宇宙更远的地方
高开低走,6,还行,2025-1-1 22:33,Solzhenitsyn,218708,比宇宙更远的地方
2024.12.30看完。大学毕业之际追的，当时没有看完，时隔多年再次拾起。青春的光辉太过耀眼，如果这部是在中学期看的，那必然会对我意义非凡，只可惜如今已无法融入那份青春的热情中。不过即使现在仅以旁观的眼光来欣赏，也是一部立意明确，制作上乘的优秀作品。,8,力荐,2024-12-30 20:12,ghostFIN,218708,比宇宙更远的地方
花田写的东西真不太能共情,7,推荐,2024-12-30 15:33,電基漁師,218708,比宇宙更远的地方
极地之旅,8,力荐,2024-12-28 22:21,かほは深い眠りの中,218708,比宇宙更远的地方
挺不错的，不过后面没啥感触,8,力荐,2024-12-27 01:00,キミの記憶,218708,比宇宙更远的地方
一个洋溢着耀眼青春底色的浪漫励志故事。平常总是调侃美少女们一起干什么都有人看，但一起去南极依然显得过于硬核与难以置信，而且另一方面这部作品的人设也并不是冲着大众最普遍接受的美少女造型去的。花田原创剧本的巅峰，多处伏笔呼应，轻松愉快的jk交互，细腻动人的情感心理，在音乐的辅助下每集都能迎来一个小高潮。不够现实既是缺点又是优点，它为这场本就如奇迹般的南极之旅增添了一份浪漫的幻想色彩。同时通过各种方式侧面展现人物情感的设置也精妙而动人。也许很多人幻想过这样说走就走的旅行，鼓起勇气抛下负担前行，讴歌这温暖中有些酸楚的青春，或许便能从这部作品中找到共鸣,8,力荐,2024-12-26 00:19,gtyh,218708,比宇宙更远的地方
南极不遥远，青春太耀眼。8.5//240720二刷,8,力荐,2024-12-25 01:32,aerbioer,218708,比宇宙更远的地方
我看过最励志的番！！！很治愈，音乐非常好听！！！！,10,超神作,2024-12-25 00:53,白痴,218708,比宇宙更远的地方
梦想与青春，满满的kira味，全力花田我还是认可的,9,神作,2024-12-24 19:18,日中凉,218708,比宇宙更远的地方
我觉得没那么神，好看是好看的,7,推荐,2024-12-24 18:23,星空懿,218708,比宇宙更远的地方
第一集ed插入简直是犯规,8,力荐,2024-12-24 15:24,活动岁岁年年,218708,比宇宙更远的地方
如同我年少时无意中做过的一个梦。然而她们实现了，所以我不觉间泪流满面,9,神作,2024-12-24 10:54,Levin-Luk,218708,比宇宙更远的地方
全力花田石灰也不过如此么,5,不过不失,2024-12-24 00:03,伊涅斯塔,218708,比宇宙更远的地方
8+青春的心结在南极的旅行中解开了,8,力荐,2024-12-22 04:34,凪,218708,比宇宙更远的地方
扎实的剧本，扎实的演出，恰到好处的插入曲。新奇的题材，只可惜对于南极的探险、生活部分并未做更多深入的刻画，不过关于出海、极地的部分已经相当新奇。本质还是大花田老师的女女关系性，部分单元回也摆脱不了“出现问题→本集主角退缩→其他人鼓励推动→圆满结束”的公式，虽说对于这套公式已经品鉴的够多了，但好在本作写的足够踏实。,8,力荐,2024-12-22 01:06,茧,218708,比宇宙更远的地方
没毛病,8,力荐,2024-12-22 00:08,天上的浇头,218708,比宇宙更远的地方
乘上与平时方向相反的列车，去看未曾见过的风景。在南极空阔的雪地里，女孩们踩下了人生中最叛逆，最洁白的脚印。伴随着最后插曲的连续轰击，这部动画带来的美好与治愈盈满四溢，也让人心生不舍，就像最后一集伴随着黄昏的细碎光线通过窗帘映入稀疏平常的房间，真理结束劳顿后躺在床上的怅惘和留恋。,9,神作,2024-12-21 23:18,リーガルリリー,218708,比宇宙更远的地方
补分,8,力荐,2024-12-21 12:40,Starlight,218708,比宇宙更远的地方
虽然对花田剧本的路径依赖感到有些无奈，但至少这部是真的神，完成度太高了，一辈子都忘不了。。,10,超神作,2024-12-20 23:00,乃琳女士的猫,218708,比宇宙更远的地方
第12集真是神回。。。看泪目了,9,神作,2024-12-20 00:58,irabo,218708,比宇宙更远的地方
恰到好处插入的音乐是神来之笔，情绪值拉满，节奏舒服，人设塑造，感情上都很细腻,9,神作,2024-12-19 23:19,Nijika~suki,218708,比宇宙更远的地方
少女们的友情总是让人动容，南极旅行结束后她们依然会享受青春，她们还会再度旅行,9,神作,2024-12-19 16:02,深海鱼,218708,比宇宙更远的地方
冬天看的，天很冷心很暖,8,力荐,2024-12-17 20:09,letter71,218708,比宇宙更远的地方
轻音少女之坂上之云之南极篇。,8,力荐,2024-12-16 14:32,山 前,218708,比宇宙更远的地方
"非常美好的番，这部番特别有沉浸感代入感，看完了就好像真的和她们一起，怀着对南极的憧憬，一起想来南极的办法，一起经历到南极要跨过的40 50 60 一起在南极工作，生活，体会各种各样复杂又细腻的情感，在这个比宇宙更远的地方，这个我们完全不了解的地方，经历了从陌生到熟悉。最后再次坐船回到我们熟悉的生活，最后一集主角队南极的不舍，也像我对这部番的不舍，但总归是要完结的，而且还是这么圆满的结局。很难想象这居然是一部原创番，高开高走，中间还有丝滑的过度。
人有自然属性，也有社会属性，本质还是社会属性。我也很像去经历一段完全未知的旅行，抛开一切社会关系，作为一个白纸一样的人，去旅行。",9,神作,2024-12-16 12:58,又欠忄俞,218708,比宇宙更远的地方
7.9,7,推荐,2024-12-13 00:36,阿良良木,218708,比宇宙更远的地方
圆满就是好作品,8,力荐,2024-12-12 03:29,鲨鱼踢,218708,比宇宙更远的地方
感动,8,力荐,2024-12-10 16:20,希尔学姐,218708,比宇宙更远的地方
歌挺好听,6,还行,2024-12-10 01:16,这就提桶跑路,218708,比宇宙更远的地方
小南极我是补的，很明显感受到追番体验会大于补番体验。二刷才来评分是因为我对于它的评价是很纠结的。第一次补的时候觉得情绪爆发的方式太同质化，而且前提还是在把一些羞耻的问题化成语言摆在台面上讲的做法，看的时候是有点煎熬的。但看完后很长一段时间又念念不忘，觉得在这的青春感是我在别处体会不到的。这次二刷完觉得离九分是不远的。哪怕花田的脚本在台词上的存在感还是这么抢戏（贬义），重复度、设计感很强的单集情绪流也还是一个问题。但它对于青春的出色演绎，扣人心弦的命题问答（朋友、家人、人生），还有一流的结尾（看过最优秀的几个结尾之一）。第二次看完还是觉得感慨万千。最喜欢第十集，看的时候觉得是个小神回，但十一集在情感表达上超高相似度导致第十集在回忆中的评价会下降。花田的剧本很多时候会把那些能意象化表达的东西直接说出来。虽然缺了一份意境，但在部分场景（eg：总结）有神效,8,力荐,2024-12-9 23:59,lings,218708,比宇宙更远的地方
嘤嘤嘤，是我的错，我不够精日我感动不起来。,1,不忍直视,2024-12-9 16:43,awsl2546,218708,比宇宙更远的地方
好看,9,神作,2024-12-9 10:40,爱萌妹的小怪兽,218708,比宇宙更远的地方
"想在摇晃的甲板上被海浪拍打，想抱着围栏感受风雨的冲击，想看到暴雨过后一望无际的湛蓝色地平线，想触及地平线尽头埋藏着宝物的白色岛屿。想要去往一个比宇宙更为遥远的地方，在那里和无拘无束的人欣赏什么都没有的景色。无需惧怕前方那些新奇的事物，毕竟无法回头之时，才是旅行真正的开始。//在同一片星空下，走过母亲所走的道路，看过母亲所看的景色。跨越三年的思念随着一封封邮件喷涌而出，却无法向母亲传达了。
7.7",8,力荐,2024-12-9 00:58,蕾娜,218708,比宇宙更远的地方
我也想 挥洒青春,8,力荐,2024-12-8 15:40,妖白与茶色,218708,比宇宙更远的地方
这部番关于友情的描写真的好棒啊！！！,8,力荐,2024-12-3 23:04,aisell,218708,比宇宙更远的地方
"【8/8-】样板戏用得出彩的话，样板戏也是好戏。
拍到可以去南极就够了，后面的全部删掉也挺好。",8,力荐,2024-12-1 16:10,ひかり,218708,比宇宙更远的地方
一段平凡女生们不平凡的旅程,8,力荐,2024-12-1 00:18,风祝,218708,比宇宙更远的地方
实际四平八稳的青春故事。很多老套的设计，但是“去南极”就是个很浪漫的事！另外，吟队长真的不是报濑的父亲吗（,8,力荐,2024-12-1 00:09,Billsfriend,218708,比宇宙更远的地方
因为我们的生活总是一成不变，所以也曾幻想过他人的人生，因为我们不曾看过未见到的风景，所以我们会向往作品里的青春。少女们怀着各式各样的目的前往南极，却又最终在美丽的极光下收获了旅途的意义，是面对霸凌时的拒绝，是小小愿望的发芽结果，是朋友的走出与释然，也是那一千多封邮件未传达到的思念，有过遗憾，也怀过苦涩，但在这片比宇宙更远的地方中所孕育的，是对于生活所抱有的热爱与期待。花田十辉在本作中将他对少女的理解与情绪戏发挥到生涯的极致，贡献了一场场精彩的爆发桥段。尽管也存在些为了情绪刻意丢掉逻辑的瑕疵，但这并不妨碍本作成为一部优秀的青春励志番。只可惜从本作衍生出的大女主创作思路严重影响了花田十辉后续的创作观念，剧中的少女最后返回了文明社会，但他的思路却与同行者一起进入了南极的极夜，等待着下一个日出的到来。,8,力荐,2024-11-30 18:47,medium,218708,比宇宙更远的地方
非日常中的日常才格外动人,9,神作,2024-11-30 00:01,Visoutu,218708,比宇宙更远的地方
”去南极吧！”这个比天空还要远的地方，是我们可能一辈子也到达不了的地方吧，现实中有没有高中生就去过南极呢~但是我能肯定这部动画想要传达的青春的追求，对不一样的生活的追求，对心中那份执念与思念的诉求。无论是什么样的原因，她们踏上了旅程，向着那个遥远的地方，直面自己，变得更坚强了，这是令人动容的。我们大部分人都生活在平常中，可能没有动画中主角们的机遇，但是正是如此才更要有追求的勇气，与过去的自己告别，向着比宇宙更远的未来，手握还残存的“青春”，勇敢地踏上旅程吧。,10,超神作,2024-11-29 16:11,肉松的肉松,218708,比宇宙更远的地方
人设是真丑啊啊啊啊,6,还行,2024-11-28 18:49,桐州栖影,218708,比宇宙更远的地方
总体还不错，但是感觉剧集分配不太合理，上南极大陆都已经第十集了，想多看点关于南极的硬核科普内容结果95%的篇幅其实不是南极这个题材也能写，挺可惜,7,推荐,2024-11-28 11:42,Philosophyz,218708,比宇宙更远的地方
好看,8,力荐,2024-11-27 23:54,等待并心怀希望,218708,比宇宙更远的地方
好微妙,6,还行,2024-11-27 14:09,言若言,218708,比宇宙更远的地方
叙事节奏主打一个渐入佳境，看完立刻定机票去新加坡巡礼了。找机会去南极体验一下！,9,神作,2024-11-27 14:07,甜食伯爵,218708,比宇宙更远的地方
非常非常好看！这番属于集数越往后越好看的类型，真正好看的开始就是主角团正式从日本出发去南极开始。旅行中的困境和经历十分具有代入感，看了会想和朋友一起去旅行！本篇对友情和亲情的刻画非常好，编剧想表达的理念和情感表现得触人心弦。尾声对细节的处理也非常到位，剧本完成度可见一斑。花田的原创巅峰我认可了！（ps：京吹三依然不能原谅）,8,力荐,2024-11-26 19:11,killiy,218708,比宇宙更远的地方
観終わった後の充足感、高揚感は半端ないものがありました,9,神作,2024-11-26 09:12,rikuri,218708,比宇宙更远的地方
get不到，只觉得平平无奇,5,不过不失,2024-11-26 01:06,mio,218708,比宇宙更远的地方
我的青春或许也还没有结束,9,神作,2024-11-25 23:46,唐边叶介,218708,比宇宙更远的地方
"真的太美好了，画质也很棒
但有点不对我的电波",9,神作,2024-11-25 12:58,樟脑大丸子,218708,比宇宙更远的地方
2024-07-19,8,力荐,2024-11-24 13:05,Guitarweeps,218708,比宇宙更远的地方
合理性不能细究，其他无论是剧情，角色塑造，主旨以及bgm等等都神,9,神作,2024-11-23 01:38,玖路雪,218708,比宇宙更远的地方
“当你无法回头的时候，才算是一次真正的旅程”。花田十辉原创脚本的巅峰，温暖的旅程中包含着细腻且真挚的情感，唯美的故事里蕴藏着纯粹而动人的青春。作品虽以“励志”为旗，真正动人的却是对“友情”“成长”与“亲情”的细腻刻画。四位主角的拌嘴与玩笑洋溢着真实的青春感，而每人专属的回目又层层揭开她们的心结与成长。尤其那1483封邮件涌来的瞬间——昔日牵挂化作决堤泪水，堪称全剧最动人的高潮。“在最美的年华，与志同道合的伙伴共赴南极，完成一生难忘的旅程”，这不仅是青春独有的勇气，更是每个人都曾向往却未必踏足的旅程。“小南极”之所以特别，正因为它让这份未竟的梦想在影像中闪闪发光。,7,推荐,2024-11-20 15:34,稻香蠘歌,218708,比宇宙更远的地方
对青春追梦的旅程的塑造非常好,8,力荐,2024-11-20 00:42,羽织,218708,比宇宙更远的地方
9 罕见的让我认可的短番,9,神作,2024-11-19 19:43,chen,218708,比宇宙更远的地方
青春最好的代名词,10,超神作,2024-11-19 01:31,春日,218708,比宇宙更远的地方
小南极还是很经典的,7,推荐,2024-11-18 23:11,jacassi,218708,比宇宙更远的地方
追逐梦想，追逐那片天空的感觉总是让人心潮澎湃！,9,神作,2024-11-16 13:20,红绫惠颜,218708,比宇宙更远的地方
2021.12.19看了能帮助人走出迷茫的作品,9,神作,2024-11-16 04:29,naimo,218708,比宇宙更远的地方
花田式演讲听多了确实像是说教,7,推荐,2024-11-12 23:53,带带小青叶,218708,比宇宙更远的地方
青春煽情戏，闹腾的氛围和抒情戏份抽离影响感染力，对泪点部分难以共情，但收尾我非常喜欢,8,力荐,2024-11-12 17:18,若归尘埃,218708,比宇宙更远的地方
相信花田,10,超神作,2024-11-12 11:53,万年老梅,218708,比宇宙更远的地方
小南极很好看，宛若青空般悠扬.,8,力荐,2024-11-11 23:43,K,218708,比宇宙更远的地方
朝着回家相反的方向前进这就是青春，说走就走的旅行。,9,神作,2024-11-10 00:34,梦风幻影,218708,比宇宙更远的地方
轻百入坑作,9,神作,2024-11-7 16:33,X_galaxy,218708,比宇宙更远的地方
感人是感人，但是过于样板戏了,6,还行,2024-11-7 02:35,OPENblinds,218708,比宇宙更远的地方
一部高质量的原创作品，将少女们去往南极旅行过程中的青春感与友情感描绘的淋漓尽致。在人生有限的时间内去挥洒青春，去看看世界，去结交亲朋好友，她们做到了。真挚的友谊、热烈的情感，就算是再多的困难与流言蜚语也阻挡不了她们的脚步。在其中，为了自己的母亲，一心向往南极的报濑则担当了整部番主要的感情叙事，而追求青春的真理这给这份感情基调增加了青春色彩，配合着日向和结月，使整部番更加的突出了青春感与友情感，不至于使整部番的感情太沉重，这点处理的很好。人物之间各自的矛盾的冲突与处理，所展现出来的是细腻的情感与深厚的友情。是一部优秀的动画,8,力荐,2024-11-6 17:52,Mauxir's mom,218708,比宇宙更远的地方
日常但故事完全没有无聊单调 仅靠人物互动和台词,9,神作,2024-10-29 06:10,sheng,218708,比宇宙更远的地方
无敌原创，故事人物声优都很完美，还励志，青春，喜欢爱看就完事了，看了老多遍了,10,超神作,2024-10-26 11:11,josedraw,218708,比宇宙更远的地方
小品动画,7,推荐,2024-10-25 20:04,なんや,218708,比宇宙更远的地方
一场名为青春的旅行，看得非常舒服，能够感受到JK青春的美好但是又不像其他校园番里描述的那么遥不可及,8,力荐,2024-10-24 16:58,Rediofm,218708,比宇宙更远的地方
還是花田那一套的東西，邏輯也算是相對沒那麼多漏洞的了，第十二集就做到用感情掩蓋邏輯。十三集的樣板戲實在難免審美疲勞了，唯一有感觸的只有第一和十二集。而且也沒能很好的扣住南極這個題，南極更像一個背景。角色經常鬼哭狼嚎一驚一乍到最後開始文青感歎人生，這點也很影響觀感。旅行這個元素切入的很好，同樣被拿來探討人生的釣魚，人可能一輩子都不會釣魚但人一生怎麼也會旅行。旅途中的所見所聞都會化作感悟成為少女們成長的肥料，在這趟旅程中少女們告別了稚氣，完成了蛻變，開啟了新生。讓我想起了一首老歌 發現號。我會稱小南極為一場青春革命，少女們打破了世俗的成見，在南極中這個赤裸的地方為自己的內心開闢出新天地，而維持著她們夢想的只有一片赤子之心。或許這就是獨屬於青春的難涼熱血吧,5,不过不失,2024-10-23 02:09,界FFLLOW,218708,比宇宙更远的地方
"一边睡一边看，好像是一个很难去但是都去了南极的番， 互动没有很打动我 虽然到南极哭了的时候。。成千条消息发送到那谁的电脑。很悲。
去南极居然要100万，而且还带了一堆人一起去。了不起！",6,还行,2024-10-21 08:00,bald,218708,比宇宙更远的地方
最难去圣地巡礼的番,8,力荐,2024-10-20 13:10,玖驻零时,218708,比宇宙更远的地方
小南极好看捏,8,力荐,2024-10-19 20:38,kaorukodesu,218708,比宇宙更远的地方
13个OP ED全勤(∩_∩),8,力荐,2024-10-19 18:43,黄瓜拌菜花,218708,比宇宙更远的地方
虽然一口气补完有点审美疲劳，但是优秀的台本依旧能感动到我。青春的肆意挥洒展现的淋漓尽致，四个jk给我带来了及其美好而独特的旅行，满足了曾经16、7岁的我对青春的美好幻想。,7,推荐,2024-10-18 16:03,史上最强咸鱼,218708,比宇宙更远的地方
敢想，敢做，已经胜过很多很多人了,8,力荐,2024-10-17 19:10,参宿四,218708,比宇宙更远的地方
有意思的标题加精良的制作，以及最重要的，给了我一生的梦想—去南极,9,神作,2024-10-15 03:11,birdmito,218708,比宇宙更远的地方
"前期好看
到了南极后有些无聊了",8,力荐,2024-10-14 12:13,11ll11ll1lIIll,218708,比宇宙更远的地方
算是相当感动的一部作品，印象最深的一个原创，有种看到星辰大海人都变得渺小的感觉,9,神作,2024-10-14 10:51,noisy,218708,比宇宙更远的地方
看完想去南极了,9,神作,2024-10-12 05:16,學不會,218708,比宇宙更远的地方
谁不想去一次比宇宙更远的地方，只是我们是否有勇气，有勇气时是否还记得这件事,9,神作,2024-10-11 23:32,ilian,218708,比宇宙更远的地方
搭上与平常相反的列车，去见证从未看过的风景,9,神作,2024-10-11 22:15,ZaireEmery,218708,比宇宙更远的地方
好元气的女孩子们……看得我死人微活……,7,推荐,2024-10-11 22:02,nyanya,218708,比宇宙更远的地方
乘上与平时相反的电车，为了去看未曾见过的风景，我想这就是这部番最让我触动的地方。尽管在剧情上存在一些不合理性以及ep9的政治私货，我还是私心愿意为它打上10分。不为别的，就是为了它让我想起那个曾经像动画里四名少女一样为了摆脱自己所处的困境而离开舒适圈的自己。,9,神作,2024-10-10 18:16,Anonymous,218708,比宇宙更远的地方
看完很是感动，感动之余又是感叹自己的青春唉...,10,超神作,2024-10-9 12:44,Atri,218708,比宇宙更远的地方
故事完整，喜欢花田对霸凌的诠释,9,神作,2024-10-8 21:29,夏目咪咪,218708,比宇宙更远的地方
期望的远方，世界的尽头，我看见一片花田,9,神作,2024-10-6 22:18,风懿麓.ver,218708,比宇宙更远的地方
7.5 个人的追番体验其实一般，有些观看疲劳，但平心而论，不能低于7.5。,8,力荐,2024-10-6 16:43,不具名者,218708,比宇宙更远的地方
一个任性的决定，一次追忆的旅途，一群少女的十六岁。能和志同道合的朋友一起旅行探索真的很美好，令人感动。剧本完成度很高，发出去的东西能收的回来，人物形象很鲜明，情感调度也很舒服。花田大老师发力了，小南极确实配得上这个分数。,8,力荐,2024-10-6 15:41,May5th,218708,比宇宙更远的地方
比宇宙更远的地方！！！,10,超神作,2024-10-6 13:17,SHICH,218708,比宇宙更远的地方
LittleBakas!,0,未评分,2024-10-6 01:50,像这样我听见,218708,比宇宙更远的地方
南极，没去过，我大概一辈子也不会去那里，因为不知道为什么要去，不过真准备去的话题，准备的过程中大概会有些兴奋或期待，这一点和22岁前很多事一样。,7,推荐,2024-10-5 10:35,miu ofa,218708,比宇宙更远的地方
"总评8.5/10
开局超神，中期略平淡，而且09政治部分观感真的不好。ep12情感表现很强，邮件这个铺垫很用心，ep13收尾也很圆满，一天一集看了半个月，最后那一段也产生了旅程结束的不舍感，bgm插入也很神。
但是从总体来看，这是一部以人物情绪爆发为核心的作品——正是花田的风格，但我更期待看到的其实是对于南极的探索、对人类智慧与理性光辉的展现。青春少女的南极物语固然也很好看，但我觉得只注重展现感性的情绪会让作品失去一些崇高的东西。",8,力荐,2024-10-5 01:07,wzh,218708,比宇宙更远的地方
美少女的南极旅行，每个主角的个人故事都挺励志，用扎实的叙事诠释了青春与梦想，情绪的爆发非常有感染力,8,力荐,2024-10-4 03:35,A$$tomach,218708,比宇宙更远的地方
佳作，但我已经忘了剧情了就不打分了,0,未评分,2024-10-2 14:08,依旧ing,218708,比宇宙更远的地方
有一说一，脚本味道很大，但是大手压了回来，要是放任只会暴走，制作不算出色，而且故事也比较美少女日常样板戏，搭配上这个背景显得很违和，角色的复读也导致观感不算很好，配乐也显得有些贫瘠，把人设固定下来然后等个人回像新手选择的做法，叙事割裂，没有把角色的成长弧线藏在日常叙事里，让观感圆润，这些问题如果建立在一个一开始就很成熟讨喜的人设上是没什么问题的，但是除了真理之外的人人设是明显欠缺的，解决矛盾和矛盾本身都太儿戏，而且矛盾本身就经不起推敲，过激的举动让人的观感落差很大，而且成人那方工具化明显，纯剧情推动机器，本作的演出也是无味，诚然，还是有几个单元能令我感动，但是在感动过后立刻陷入聒噪，那确实太割裂了，小孩子过家家的生气执着让人连情绪价值都很难获取，gbc起码情绪提供的很足，那南极有什么呢？幼稚的剧情矛盾和不出色的制作吗，看出脚本的幼稚高傲，食之无味,6,还行,2024-9-30 19:54,过激威廉,218708,比宇宙更远的地方
ここから始めよう 世界を見にゆこう,10,超神作,2024-9-29 23:25,アッカリ~ン,218708,比宇宙更远的地方
emmm，没对上电波，感觉集集都是看开头知道结尾的样板戏,5,不过不失,2024-9-29 20:52,万事屋シンパチ,218708,比宇宙更远的地方
"令人记不住名字的平庸人设从开篇贯彻到结尾，让这样的角色念出金句，就像把成色不佳的餐品装进精美的碗碟，并不能打开食客的胃口。
好在“去南极”是个少见的命题，能帮人压下对某些细节追根究底的想法。中间偶有灵光一现的演出，也盖过了个别逻辑打结的硬伤。回顾全片剧情结构，竟挑不出太大毛病，作为原创，无过便是有功。
另，“不登校”的既视感过于强烈。",6,还行,2024-9-27 22:40,守夜人,218708,比宇宙更远的地方
乘上与平时相反方向的电车，去看未曾见过的风景,8,力荐,2024-9-27 11:42,Azurin,218708,比宇宙更远的地方
补番～相比于2024年的花田，更喜欢这部的剧情。诚如经验人士所言细节经不起推敲。但最后两集的处理与设计让本部番在个人心中的评价再次升高。四个人的相处磨合，还有探测队的人情冷暖，让我再次感受到动画想要展现的是一个充满温情的世界。可能在她们眼中“比宇宙更远的地方”是南极。可其他地方也可以成为我们的“比宇宙更远的地方”。这可能是一次旅行，也有可能是一次对自己人生影响巨大的决定。不管怎样，能在某种程度上与珍视的人重逢，然后勇敢地迈向全新的生活，那就再好不过了。提供的感动可以跨过缺点，成为观众心中的那一片温暖之地。,7,推荐,2024-9-25 12:59,qwqsl0,218708,比宇宙更远的地方
当年还是看小宇宙很舒服的,7,推荐,2024-9-25 00:33,czjun,218708,比宇宙更远的地方
个性鲜明的女主，虽然我明白现实无法像演出一般具有戏剧性，那么顺利，但看完以后依旧五味杂陈，短短13话，里面的每一人，每一物都是那么的温柔，每一幕都是那么的温情,9,神作,2024-9-23 18:00,sourcepoint,218708,比宇宙更远的地方
"最喜欢的日常。
音乐非常好听。",9,神作,2024-9-23 00:09,芙兰飞了起来,218708,比宇宙更远的地方
真好啊真好啊，我也想去比宇宙更遥远的地方了,8,力荐,2024-9-22 22:33,bangumi吉他主唱,218708,比宇宙更远的地方
青春啊！音乐还蛮戳我的。,9,神作,2024-9-22 18:10,Remon,218708,比宇宙更远的地方
真正诠释了什么叫“生活不止眼前的苟且，还有诗和远方”,9,神作,2024-9-22 18:01,孤独恶魔波奇酱,218708,比宇宙更远的地方
太青春了（DHR動研字幕組&茉語星夢）,8,力荐,2024-9-21 18:28,nanyaep,218708,比宇宙更远的地方
致不灭的梦想、友情与亲情,8,力荐,2024-9-21 09:46,CTRL CV is all you need,218708,比宇宙更远的地方
"好爽的青春剧，看完之后真的也好想什么都不顾地跑到很远的地方去旅行啊qwq
就是从补番的视角来看，花田的剧本某些地方感情爆发的略有点不自然",8,力荐,2024-9-20 22:43,纸一重,218708,比宇宙更远的地方
"这部番给我印象最深的曲子不是它的ed,反而是它的那首插入曲「ハルカトオク」：想要实现更大的愿望，这种感觉配上剧情足以打动人心——我们天天过着一成不变的生活，心中怀有远大的梦想，这梦想看似在远方遥不可及，但主角们却克服客观困难外人偏见去到了那个「比宇宙更远的地方」",9,神作,2024-9-17 23:25,LaKuaPOWER,218708,比宇宙更远的地方
为了写老师布置的诗歌而二刷，并没有找到自己的青春是什么，但多少有点感受，希望能写出点东西吧,7,推荐,2024-9-17 19:26,孤独的道馆,218708,比宇宙更远的地方
比起后面我还是更喜欢前面几集的感觉，不过后面邮件那里真不错,7,推荐,2024-9-17 00:56,寒枝,218708,比宇宙更远的地方
充斥着几乎是非日常系轻百动画标配的闹麻、玩尬桥段，剧本新意不多//不加克制的情感宣泄，恰到好处的感人桥段屈指可数,7,推荐,2024-9-16 04:10,bastle,218708,比宇宙更远的地方
有些桥段很乐,8,力荐,2024-9-14 20:43,Xughult,218708,比宇宙更远的地方
比宇宙更远的地方,8,力荐,2024-9-14 11:25,花开富贵呢,218708,比宇宙更远的地方
怪事，感觉看过但是好像又没看过。,0,未评分,2024-9-11 19:38,kivain,218708,比宇宙更远的地方
神奇的花田魔法，让我一度有了结伴去远方旅游的想法。,8,力荐,2024-9-9 02:37,qwcxzs,218708,比宇宙更远的地方
不是很对胃口，但是整体很不错,7,推荐,2024-9-7 19:23,凛雨,218708,比宇宙更远的地方
太青春了，部分台词的设计真的很棒。最喜欢对霸凌者的回应以及绝交无效。,9,神作,2024-9-7 13:53,萌物求帅,218708,比宇宙更远的地方
青春 结构工整,8,力荐,2024-9-6 21:24,宮崎のどか,218708,比宇宙更远的地方
一种工业产品强加到宏大主题上的感觉,6,还行,2024-9-6 01:15,纵火女青年,218708,比宇宙更远的地方
仍然认为是佳作。虽然不是可供反复玩味的、细节处也很难挑剔的神作，但无论是青春的氛围还是少女之间微妙但不滞黏的情绪都很对我的胃口。“沟通”和“对话”在本作中的极大占比让人非常愉快。,7,推荐,2024-9-5 16:06,蓝灰色,218708,比宇宙更远的地方
神,9,神作,2024-9-4 14:27,ch1no,218708,比宇宙更远的地方
"花田, 在带大家飞一次吧.jpg. 人物的表情和心理刻画非常细致, 除此之外对南极探险的科普也很多, 我也想去看企鹅",8,力荐,2024-9-4 10:19,waynewhbaaa,218708,比宇宙更远的地方
只有在这里可以喊一句，花田大老师是神！应该就是小南极这部明快青春的片子这种流畅的叙事和演出让我误信了花田大老师的上限，在GBC和京吹三开播第一天发了一季度免喷卡把自己憋到红温破防。,8,力荐,2024-9-4 05:44,佐仓纱希,218708,比宇宙更远的地方
咕咕嘎嘎,7,推荐,2024-9-3 22:18,海噜依丝,218708,比宇宙更远的地方
友情爱情亲情恩情，复合的女女关系性。旅行的意义，前进的意义，陪伴的意义，出走的意义，科技与人文，不满与遗憾，救赎与原谅，羁绊与友爱，少女们跃动的身姿与天空中闪耀的极光。用高高在上的题材写低低在下以人为本的故事，真正的南极在人们心里，真正的回归日常才是比宇宙更遥远的地方。,10,超神作,2024-9-3 01:35,前往重逢的宇宙,218708,比宇宙更远的地方
青春啊，回想起来，我的高中似乎并不是那么平淡、如一日呢,8,力荐,2024-9-1 14:23,清雪榛子,218708,比宇宙更远的地方
在随波逐流的生活中找到了自己想做的事，这就是青春。真的很喜欢主角在登船前从漫无目的到找到目标的过程，花田很了解且擅长写这种青春期少年少女的烦恼。登船后也主要围绕着这些青春期的问题来写，情绪渲染不错，但观感还要取决于这份青春的呓语有没有戳到你的点。,4,较差,2024-9-1 13:07,Labrychan,218708,比宇宙更远的地方
多次插入音乐的感觉很舒服。最喜欢12集那般跨越时间，跨越宇宙的邮箱，最终还是届到了。,8,力荐,2024-8-31 19:58,菜菜001,218708,比宇宙更远的地方
"单纯明快的风格，细腻的感情和个性突出的角色，独特的题材，良作。声优全明星。
不都合主义，赞",8,力荐,2024-8-31 15:44,某正直绅士,218708,比宇宙更远的地方
8.2(+0.1),8,力荐,2024-8-31 10:53,阿蓝小鹦鹉,218708,比宇宙更远的地方
经典的前面高中生，后面解心结的结构。但这科普性很强，仍旧值得一看,8,力荐,2024-8-31 00:34,假泡菜,218708,比宇宙更远的地方
当年追下来的 被感动过（应该,8,力荐,2024-8-30 11:36,ArthasXu,218708,比宇宙更远的地方
“我认为在高中时代一定要做点什么才行”然而我现在已经高中毕业了。（笑）如果早点看完这部番的话，可能我的人生轨迹也会有些许不一样，其实也没那么夸张；青春，友情，旅行，冒险，成长，这部番将这些主题表现得近乎完美，观感很清新自然，音乐也十分出色，多次出现的带人声的bgm营造出了极佳的氛围，配合剧情达到了相当出彩的效果；第九集实在喂了坨大的，是一想到就会恶心的程度，但这种问题也没什么好说的，第十二集的设计很棒，结尾小小落泪了；看这部番给我一种和轻音少女伦敦篇相似的体验，尽管这部的画风感觉真不如轻音（有点可惜呢）想起两年前看了轻音后，我决心也要来这么一次毕业旅行，而现在，我就正和同学们在一次旅途之中，也算是趁着最后机会“做了点什么”。大家都很轻松，不去烦恼生活作息，也不是特种兵式的打卡旅游，而只是享受着和朋友们在一起的旅行本身。朋友真的会给旅行赋予极大的意义呢,9,神作,2024-8-29 21:19,Candeleros,218708,比宇宙更远的地方
很喜欢的作品啊，虽然很想把南极的内容割裂开，但观看时确实难以不去感受这种不现实的荒谬感，但对人物的塑造还是相当舒适的,9,神作,2024-8-27 18:38,不士,218708,比宇宙更远的地方
有生之年希望有空会去看吧，错误的岁月错过了就错过了,0,未评分,2024-8-27 14:31,尔康骑士,218708,比宇宙更远的地方
"/刚好是在暑假结束时看完的（很有原片离别的代入感），看着她们带着崭新的心情，和新的朋友回家，但青春却已经结束了，祝她们各自安好。
/个人认为剧中插曲最满意的一部",9,神作,2024-8-27 11:14,SKOAL,218708,比宇宙更远的地方
小南极，沿途的风景和朋友间的关系性都令人神往，ep12泪目,9,神作,2024-8-26 22:32,七波白音,218708,比宇宙更远的地方
二刷。「激情与冲动的青春感」满溢而出。唯一一部每集都能令我热泪盈眶的动画，最喜欢的青春番,10,超神作,2024-8-25 23:58,夏沫メ烟雨,218708,比宇宙更远的地方
作画优秀，剧情单薄,6,还行,2024-8-23 11:47,喵子,218708,比宇宙更远的地方
"比宇宙更远的地方不仅仅是南极，更是向成长迈出的“一步”。
南极只是一个意象，标题没有出现南极也是神来一笔的一部分。
谢谢，我也要向我的人生迈出“一步”了",10,超神作,2024-8-22 14:15,f10w,218708,比宇宙更远的地方
不够有趣,6,还行,2024-8-22 13:50,luoever,218708,比宇宙更远的地方
感情流神作,9,神作,2024-8-21 20:36,小起,218708,比宇宙更远的地方
声优阵容很豪华，作画也比较精细，画风初看不太习惯，看多了就觉得还挺不错的，女孩子们真的好可爱,9,神作,2024-8-21 00:04,闪光的彩笔,218708,比宇宙更远的地方
花田曾经能写出这样的作品,8,力荐,2024-8-18 11:24,日了g秋山澪,218708,比宇宙更远的地方
久仰大名了 很完整的感人的故事 尤其最后两话邮件的演出太棒了,9,神作,2024-8-17 23:10,牧羊犬只能在乌托邦生气,218708,比宇宙更远的地方
8-//在看到陌生的景色之前一直走下去。,8,力荐,2024-8-16 16:52,Chiya,218708,比宇宙更远的地方
花田原创会写，不过水平到此为止,6,还行,2024-8-14 05:17,Momona,218708,比宇宙更远的地方
不得不看的励志番，安利给人的第一选择，全方面无死角的佳作。,8,力荐,2024-8-14 00:37,白蓝色,218708,比宇宙更远的地方
花田十辉的神鬼二相性,8,力荐,2024-8-13 19:44,未完成の乌托邦,218708,比宇宙更远的地方
青春啊！！,8,力荐,2024-8-13 11:12,BGM.main.hua,218708,比宇宙更远的地方
比起一群女孩一起努力去了南极，惠在清晨向真理吐露内心的阴暗可真梦幻啊,8,力荐,2024-8-12 23:18,养生人,218708,比宇宙更远的地方
最难的圣地巡礼233,8,力荐,2024-8-11 00:06,Pylzowi,218708,比宇宙更远的地方
鉴定为花田十辉的最后1！5！,8,力荐,2024-8-10 23:55,叶某152,218708,比宇宙更远的地方
四条交织的角色线，涵盖青春，成长，亲情，友情和梦想，邮件回直接泪崩了(bgm74)。,9,神作,2024-8-9 20:12,哈哈大笑HHDX,218708,比宇宙更远的地方
补标,0,未评分,2024-8-9 19:04,不知道,218708,比宇宙更远的地方
7.5。确实青春。op有点难听,7,推荐,2024-8-7 23:35,ティアース,218708,比宇宙更远的地方
极致的感动与浪漫,9,神作,2024-8-5 15:54,Hyakuri,218708,比宇宙更远的地方
9.3,9,神作,2024-8-5 14:40,汪牛逼,218708,比宇宙更远的地方
世界真大呀，大到一辈子也走不完，梦想又好渺小，现实的自己被困在小小的城市又举步维艰，可是在最青春的年纪我也做过同样美好的梦。//伴着片尾曲的温馨画面，通篇带着羡慕的情绪看完了这部完成度极高的作品，这是一部非常适合‘追番’节奏来观看的作品，无法想象当时每周都在追番的观众有多幸福，EP.2、6、11、12、13都在后半段给我带来很深的印象，有成长，有感动，有泪水…无论是对于同龄人之间的矛盾冲突、友情的定义还是与现实的对照、亲情的描绘都刻画的十分细腻，不得不说制作组在对于四位女高中生内心想法与成长也是相当到位的，没有任何突兀的点，每位都很讨喜可爱。报濑与日向的个人回更是在这点上到了满分的程度…//最后，依然是觉得，能看到这么美好的作品是一件很“幸福”的事情，此刻…不是小南极，而是耀眼的青春。,9,神作,2024-8-5 14:14,Y1CE,218708,比宇宙更远的地方
"比宇宙更远的地方是南极，也不止是南极。少女们青春的悲痛与梦想贯穿了整个故事。每个人都有着不同的目的，却前往了同一个地方。少女们灵魂的碰撞与内心的呐喊交织，审视着自己，斗争着自己，最终达成自己的理解，互相的理解，从而往观众胸口打上一拳，轻柔而有力，回味无穷。//
其他的，例如音乐完美的插入时机，以及完美的叙事节奏，还有优秀的剧情架构与人物塑造，无需过多的夸赞来凸显其光芒，因为其本身就在发光。",9,神作,2024-8-5 01:31,静鳥_奏,218708,比宇宙更远的地方
顶级的制作，顶级的配乐，顶级的演出。毋庸置疑的神作!有生之年一定要去一次南极!,8,力荐,2024-8-4 15:22,Nanami,218708,比宇宙更远的地方
花田巅峰,0,未评分,2024-8-2 00:14,にゃ崽,218708,比宇宙更远的地方
将少女之间情感的纠葛，对过去的救赎，对未来的展望淋漓尽致地表现出来。,9,神作,2024-8-1 22:03,路人A,218708,比宇宙更远的地方
真正意义上的神回动画，每集节奏把握基本都很好，虽然有单元剧的嫌疑但是观感并不割裂，人际之间的细节情感处理得很不错，既不矫揉造作又不失情感诉求的爽快，很多细节设计处理让人会心一笑，最后的童年的纸飞机（邮件）飞回到我手里更是我看番史上少见的神来之笔，绝大多数角色不缺乏塑造成长，同时也有现实行动撑起成长的改变与自我的突破，心理成长与现实行动的改变相辅相成，促成了完美的观看体验。bgm更是多次神插入，op画面相当用心极富青春味道，不舍得跳过。总体相当治愈，青春与梦想让我想起了孤独摇滚，小南极更是多了一种摆脱他人偏见的自由与平静，全篇看下来几乎无槽点，对友情，亲情的描写也是上佳且和角色个人成长紧密连接交织成一部伟大的原创作品,9,神作,2024-7-31 10:25,一个失败主义谋士,218708,比宇宙更远的地方
花田巅峰，最励志的原创番。,9,神作,2024-7-31 09:39,有馬後世,218708,比宇宙更远的地方
虽然部分剧情略显俗套但是瑕不掩瑜，画面演出叙事立意音乐都在线的一部动画。,9,神作,2024-7-31 03:28,ねぇねぇねぇ,218708,比宇宙更远的地方
把女女关系性处理的最好的作品，他们不是百合，不是女同，只是一群竭尽全力朝着目标努力的同志，斯巴拉西,8,力荐,2024-7-30 14:40,虚子(｡ゝω・｡)ﾉ,218708,比宇宙更远的地方
"9.5，我其实很想给10但感觉还是不至于
虽然说即使到了南极却主要还是在写老家的事显得略有小气，但叙事能力和情绪感染能力以及bgm插入真的一绝，以至于这几天我每次听到遥远这首歌都会哭?",9,神作,2024-7-28 17:14,米库今天吃什么,218708,比宇宙更远的地方
？轻音和京吹的即视感也太强了。从第十一话撞飞铁桶开始便是神回，花田对朋友概念的剖析以人际间的轻型关系在南极“什么都没有”的背景下扭转深入，并以朋友就是朋友结束，真正让故事走到了比宇宙更远的地方,8,力荐,2024-7-28 00:56,ElainaKawaii,218708,比宇宙更远的地方
花田目前最强原创番，很难想象一个写出不接受霸凌者的道歉的脚本家现在依旧在动漫里的霸凌问题犯难，抛开这些本作的许多角色描写依旧非常细致，在10几集的故事里都有不同的收获和成长,9,神作,2024-7-28 00:51,氵3,218708,比宇宙更远的地方
8.5,8,力荐,2024-7-27 23:17,Jin,218708,比宇宙更远的地方
青春，还挺合胃口的,7,推荐,2024-7-27 22:44,阿夜,218708,比宇宙更远的地方
淡淡的好看，有些地方有点套路所以本来想给7但是第十二集邮件给我干破防了，时间流逝的具象化TT，收尾也收的很好看。,8,力荐,2024-7-26 11:46,Ven._Nullptr,218708,比宇宙更远的地方
人设不够moe // 情节这么一气贯通，主题鲜明，逻辑清晰的动画太过难得 // 我也想去南极看看了,9,神作,2024-7-25 09:11,NineMeow,218708,比宇宙更远的地方
无敌，好看，有表达，喜欢,8,力荐,2024-7-23 23:59,forElysia,218708,比宇宙更远的地方
嗯，动画做的挺精致的，但不是我的菜,7,推荐,2024-7-23 21:40,stay_hungry,218708,比宇宙更远的地方
8.0,8,力荐,2024-7-22 00:33,本哈儿,218708,比宇宙更远的地方
全力花田，决意花田！,8,力荐,2024-7-21 21:32,RJS800,218708,比宇宙更远的地方
人设很不错，看着挺舒服，制作的话也在线。剧情方面槽点满满，友情讲的太多了，日向朋友的剧情以及小惠的剧情就应该整个剔除，主题有些怪怪的不说，和南极有任何关系吗？花田对这番的定位难道是友情番？我一直以为是青春励志南极探险故事来着。在前几集这种定位落差尤其明显，小惠这个人物从一开始我就没想过竟然还能有戏份的，在我眼里她唯一的作用就应该只是鼓励一下小决去南极，仅此而已。报濑的主线剧情倒是讲的很好，收邮件那段很能打动人心。,7,推荐,2024-7-21 06:00,SXBS,218708,比宇宙更远的地方
"ep12神回，但是我没啥太大情绪波动
看这番给我一种玩寸止挑战的感觉",8,力荐,2024-7-20 14:03,大室唱,218708,比宇宙更远的地方
7.4,7,推荐,2024-7-20 00:33,SerikaJin,218708,比宇宙更远的地方
情绪渲染很好，BGM也很加分，特别是：ハルカトオク；开局虽然很平，但后续直到结尾确实一直给人惊喜，可惜不是当年追着看的,0,未评分,2024-7-19 18:14,漠泠,218708,比宇宙更远的地方
高中时候看的，就看了一遍，想去南极的念头被刻在心中至今已有六年了，真的神作。现在坐公交车或者地铁的时候，总是时不时想着要不要往目的地相反的方向随便坐几站，虽然剧情忘了差不多了，但留给我的感动却一直都在,10,超神作,2024-7-19 05:16,我是超级大妹控,218708,比宇宙更远的地方
"到南极之前还不错，到了南极之后有一种怅然若失的感觉。
突然想起，多年前看麦兜吃火鸡，有一句话很符合此时的心境：
火鸡的美味，在将要吃和吃第一口之间，已经到达顶峰了。此后不过是既然吃着，就把它吃完罢了。
本以为会借母亲的葬身之地书写一个向死而生的故事，到头来还是以心照不宣为借口轻拿轻放，重复举起友情的大旗。
嘛，也挺好。",9,神作,2024-7-19 03:26,HarryCurious,218708,比宇宙更远的地方
前八集以一段闪耀的青春令我频频落泪，后面却乏善可陈，除了接收邮件那段近乎神来之笔，其他集数都围绕个人的矛盾，每个角色都在自己的“舒适圈”，并没有出人意料的突破，导致节奏也没有之前好了。,8,力荐,2024-7-18 17:24,天韵霄,218708,比宇宙更远的地方
坐上反方向的电车，唱着青春友谊的歌,9,神作,2024-7-17 22:08,塞渊,218708,比宇宙更远的地方
我忘了。我只记得邮件的事,8,力荐,2024-7-17 16:44,狂风暴雨,218708,比宇宙更远的地方
不禁感叹到真是青春呢!又是花田十辉的魅力时刻 制作精良演出封神 豪华的声优阵容剧情毫不拖沓 新颖的题材16岁的几位少女踏上南极的旅途 怀揣着梦想与对家人的守望 非常励志有活力还有几处的音乐神插入和最后看着邮件送达令人感动泪目洋溢青春着的温馨故事主角团为梦想前进着打破挫折 !,8,力荐,2024-7-17 11:19,读子Aria,218708,比宇宙更远的地方
怀揣梦想与对家人的守望，16岁的少女踏上未知的旅程,8,力荐,2024-7-15 12:52,浪花LL,218708,比宇宙更远的地方
伟大，朋友就该是这样。到南极之前，每一集的结尾都挺好，到南极之后没有前面的节奏好了，但是最后还是满足了一下,9,神作,2024-7-14 23:29,不飞之鸟,218708,比宇宙更远的地方
"我属于是对旅游无感的人，说实话对小南极的感受没有其它人那么深~
不过小南极依然是优秀的作品，明明才13集，但我老是会下意识的觉得是24集往上的作品，足以见得内容的丰富度和优秀性。",8,力荐,2024-7-14 18:19,りゅいヰ,218708,比宇宙更远的地方
这真青春,9,神作,2024-7-14 09:24,Akko,218708,比宇宙更远的地方
无论何时看都能爆发出一股激情，一部暂时找不到缺点的作品，用教科书般的方式向大家展示“原创”究竟何称之为原创。顺便一提稍微和花田和解了，今后无论再整什么大活儿我也会默念“还有小南极呢”。,8,力荐,2024-7-14 00:20,王司徒,218708,比宇宙更远的地方
花田十辉魅力时刻,8,力荐,2024-7-13 23:33,文木山,218708,比宇宙更远的地方
很励志很治愈的动画，很喜欢那种和过去的自己和解的感觉,9,神作,2024-7-13 09:53,Mertry,218708,比宇宙更远的地方
【强力推荐】看完这番自己的感受是，现在就想去南极，甚至已经和朋友开始筹划，就是这么一部能让人做出如此大决定的番，虽然不是日常却顶级的日常。能够带动南极旅游产业级别的番。,7,推荐,2024-7-12 23:29,max,218708,比宇宙更远的地方
"非常好的原创作品，人物形象饱满，人物关系处理的很好，剧情完整优秀，画面制作没什么瑕疵。
非常励志，有活力，又有温馨和爱，有不少感人的泪点，这就是青春吗！",9,神作,2024-7-12 21:47,心不甘心,218708,比宇宙更远的地方
神作,10,超神作,2024-7-11 23:49,decade---1,218708,比宇宙更远的地方
呜呜呜。看哭了。好励志,10,超神作,2024-7-11 23:04,未萌,218708,比宇宙更远的地方
说走就走的旅行，看的我都想去南极了...,8,力荐,2024-7-9 11:19,Qiushui23,218708,比宇宙更远的地方
每次想到小南极，貌似就能和花田和解了（稍微）哈哈,8,力荐,2024-7-9 01:02,m2O0,218708,比宇宙更远的地方
听说是花田巅峰,0,未评分,2024-7-8 23:41,TKTO,218708,比宇宙更远的地方
超高质量的单集素质，甚至感觉不到过渡回的存在，人物的行为都是内在性格的流淌，花田的余辉,10,超神作,2024-7-8 20:44,难以冀求,218708,比宇宙更远的地方
"就像是一场梦，醒了还是很感动
很多事情没有答案，人生就是这样，别那么在意别人的目光认真去做吧",9,神作,2024-7-8 17:15,蓝天的岚,218708,比宇宙更远的地方
后面煽情过多有点腻...本来观感很不错可以给高分的，夹带私货观感就挺不适了,6,还行,2024-7-8 17:04,sakura,218708,比宇宙更远的地方
题材新颖，南极的环境作画也是极好的，整体逻辑自洽，故事完满，各个单元回也十分有趣，从丢护照到晕船等等处理得都不错，12话真是神回，看着邮寄送达真是泪目，结构上也能呼应发邮件。本作不是最戳我xp的类型，但还是很棒的作品！,8,力荐,2024-7-8 12:01,Whoami,218708,比宇宙更远的地方
开场就惊艳到了，这番真的不够看，三集看完觉得好少。以为才过了一集的时间。真的太棒了。,7,推荐,2024-7-8 01:27,NozomiGild,218708,比宇宙更远的地方
神中神，花田最强的一集，情感描绘细腻，剧情逻辑强，正是因为看过小南极才会对gbc有很高期待,10,超神作,2024-7-7 22:06,水星XD,218708,比宇宙更远的地方
"3+4
比较感性、浪漫的作品。原以为会有很多南极相关的知识，实际还是聚焦在人际、情感方面，实际做得也很不错，伏笔收得很好。",8,力荐,2024-7-7 17:53,生命是牙齿,218708,比宇宙更远的地方
這題材已經嬴了，加上極好的節奏和演出，那種踏上南極雪地帶來的感動讓人身同感受，主角們的成長和友誼更是難能可貴,8,力荐,2024-7-7 14:52,hyogaio,218708,比宇宙更远的地方
是的，我推荐,8,力荐,2024-7-7 09:14,Freenyan,218708,比宇宙更远的地方
毫无疑问的花田原创巅峰作,9,神作,2024-7-7 02:27,皓月下的海燕,218708,比宇宙更远的地方
在我心中与凉宫并肩,10,超神作,2024-7-6 22:28,鈊异,218708,比宇宙更远的地方
补标↓ 止于2023.4之前,0,未评分,2024-7-6 17:24,Cerit,218708,比宇宙更远的地方
标准的花田样板戏,8,力荐,2024-7-6 14:13,棱镜之光,218708,比宇宙更远的地方
看影视作品的一大泪点就是看剧中人活成自己想要活成却无法活成的样子  坐上与平日相反方向的列车，去看不一样的风景，好美的青春啊,9,神作,2024-7-6 13:30,kuhaha,218708,比宇宙更远的地方
作为核心卖点的南极探索元素不够充实，尤其是在抵达南极后，剧情内容没有对南极的考察生活、寻母之旅进行展开，反而是重复上演了10、11集这样严重影响节奏的个人闹剧，以至于到了12集真正要去揭开秘密、回收伏笔的时候内容缺乏说服力。你可以辩解说这部动画的主题是包含友情和亲情的人际关系，但若是拿掉报濑的亲情线之后，不难发现其他三人的故事都相当平庸，只是靠着廉价的情感宣泄在维持而已。,6,还行,2024-7-6 11:03,2222mm,218708,比宇宙更远的地方
花田以以后原创都是一坨结下束缚，造就他生涯的巅峰原创，单元剧形式，每一话都有起承转合，剧情之间张驰有度，对矛盾的处理自然而不显刻意，关于青春一切融入这13话中，细腻复杂的感情，去往远方的理想抱负，温暖又带着伤感的亲情，开头有些超级系的浮于空中但剧情又意外的立足于现实，可能再年轻几岁高中的时候看就是10分的作品，现在看高中生肆意的挥洒青春还是有点太过耀眼了,9,神作,2024-7-5 12:05,Argus,218708,比宇宙更远的地方
最开始追的几部番之一，追番体验极佳,9,神作,2024-7-5 00:44,Zephyr,218708,比宇宙更远的地方
对母亲的思念，是这场旅行的动力，也是找到友情的推动力。,10,超神作,2024-7-4 17:02,我跳起来锤,218708,比宇宙更远的地方
整体氛围很清爽，女女关系刻画的恰到好处，打破平凡无趣生活的桎梏这一主旨也有一定探讨价值，作为轻百合动画可以说是相当难得了,8,力荐,2024-7-3 17:48,Kaib,218708,比宇宙更远的地方
被12话结尾震惊,8,力荐,2024-7-3 12:43,zicu,218708,比宇宙更远的地方
"观看体验极佳，集集都能展现一个青春洋溢的温馨故事，看着主角们为梦想前进，打破挫折真的很感动。这部番对于友情与亲情的刻画也是很好的。说是最具青春气息的番剧之一也不为过！
叙事节奏十分好，几乎每集都有令人动容的地方，制作也挺精良的。最后几集真的为之落泪。",9,神作,2024-7-3 12:32,kumikonnn,218708,比宇宙更远的地方
花田的原创天花板也就到这了，鉴于gbc我都给7了这个给8不过分,8,力荐,2024-7-3 10:17,Oliverdddddddd,218708,比宇宙更远的地方
只觉得很感动。//很喜欢op里面翻身的镜头。,9,神作,2024-7-2 22:50,songzi,218708,比宇宙更远的地方
本作不仅仅是一流的青春励志作品。通过用心的取材考察，浪漫主义笔调被赋予了真实，情绪便可藉由坚实的根基更为强烈地迸发。愿我们都能有抛开日常见证本物的勇气。,9,神作,2024-7-2 17:09,刻疏,218708,比宇宙更远的地方
一段动人的友情。,9,神作,2024-7-2 16:14,McGanter,218708,比宇宙更远的地方
对不上电波，感觉略微有点无聊，加上我也不想去南极,6,还行,2024-7-2 13:10,幻,218708,比宇宙更远的地方
比宇宙更远，并不意味着无法抵达,9,神作,2024-7-2 11:12,旅今,218708,比宇宙更远的地方
很浪漫的番名，看完之后有一种怅然若失的感觉，真好啊。,9,神作,2024-7-2 01:00,Raiden小姐的汪酱,218708,比宇宙更远的地方
最打动我的是第一集追梦的不登校少女，bgm一响，来一场说走就走的旅行，还有什么比这更浪漫的事情吗,8,力荐,2024-7-1 19:29,Badeline,218708,比宇宙更远的地方
满昏,10,超神作,2024-7-1 14:52,宇芥,218708,比宇宙更远的地方
太好看了，花田太强了。,8,力荐,2024-7-1 00:32,Lonely汀,218708,比宇宙更远的地方
结尾还是有点逻辑问题,8,力荐,2024-6-30 23:12,AltriaPendragon,218708,比宇宙更远的地方
无需多言,9,神作,2024-6-30 21:20,222,218708,比宇宙更远的地方
神作，伏笔揭开的瞬间我爆哭，这个时候的花田大概回不来了吧，现在只能做些噱头作然后乞讨观众打钱让他做第二季，有够悲哀。,10,超神作,2024-6-30 20:18,Spectrum,218708,比宇宙更远的地方
个人非常喜欢的励志番，个人觉得是最好看的励志番,8,力荐,2024-6-30 07:56,追寻繁星的梦,218708,比宇宙更远的地方
坚定了出去旅行的想法，去看看未曾见过的风景,9,神作,2024-6-30 00:44,StellarDragon,218708,比宇宙更远的地方
整体很不错但感觉缺了一些记忆点,7,推荐,2024-6-29 21:40,英梨梨一生推,218708,比宇宙更远的地方
我心目中校园分区的最佳原创，青春，友情，亲情，理想都完美的融进了这短短13话，最后看着发送给母亲的邮件一个个弹出真的有种母亲以另一种形式陪伴着孩子成长的感觉,9,神作,2024-6-29 16:19,梨卡,218708,比宇宙更远的地方
花田的原创最高峰，后续全在路径依赖很可惜，而且也做不出小南极这个等级的剧本打磨了。,9,神作,2024-6-29 13:59,小狗波奇,218708,比宇宙更远的地方
开局女主夜晚追赶那段，包括自己想做点与众不同的事之类的想法，都很触动人心/待重看,7,推荐,2024-6-28 15:39,eminuso,218708,比宇宙更远的地方
剧情编排，情感调动，人物塑造和分镜演出都处在很高的级别，花田最后的巅峰,9,神作,2024-6-28 15:13,会读心的盲猫,218708,比宇宙更远的地方
看之前没想到是泣系,8,力荐,2024-6-28 01:23,凛,218708,比宇宙更远的地方
好看就是好看,9,神作,2024-6-27 23:33,吃串串香,218708,比宇宙更远的地方
与京吹并列我最喜欢的动画第一 太美好了,10,超神作,2024-6-27 22:59,あfろ,218708,比宇宙更远的地方
"青春 真好
勇气真是最宝贵的东西",9,神作,2024-6-27 18:05,Sakamo,218708,比宇宙更远的地方
这画风月色真美？,8,力荐,2024-6-27 16:00,十月十日祭,218708,比宇宙更远的地方
好看，最近补了,8,力荐,2024-6-27 00:43,我不看本子,218708,比宇宙更远的地方
小南极，一部近乎完美的作品，有人说它是一碗鸡汤，但我觉得它并没有向我们灌输什么大道理，它的主线很简单，就是几个女孩子一场去南极的旅行，在一路上尽情讴歌友情、亲情、梦想和青春，就是这么一个简单的故事，但讲的非常精彩，前期一直埋的邮件伏笔，到最后的神来之笔。在我看来，小南极最强的地方在于它的演出，它的演出总是令人捉摸不透，最典型的就是第二集的跑步演出，你甚至会觉得这个演出有点莫名奇妙，但就是这种带有一点不可预见性的演出才让人有惊喜感，更能打动人。并且，小南极的节奏把控也是一绝，一集中轻松叙事和严肃叙事之间的度和转换真正做到了张弛有度，既不会有长时间的轻松叙事让人感觉在水，也不会大段的严肃叙事让人看得太累，就拿第一集来说，可以说几乎做到完美，台词非常精炼，几乎没有无效对话。看了这么多年动画，确实算得上同类型题材的天花板级别的存在。,10,超神作,2024-6-26 17:46,TekuG,218708,比宇宙更远的地方
好看,8,力荐,2024-6-26 14:22,MIRRORCITY,218708,比宇宙更远的地方
https://bgm.tv/blog/354372,10,超神作,2024-6-26 10:25,舒条乐,218708,比宇宙更远的地方
说走就走让他们全部闭嘴！,8,力荐,2024-6-26 02:33,kiri,218708,比宇宙更远的地方
最难圣地巡礼的一集,8,力荐,2024-6-26 00:42,无脑吹wunaoHe1,218708,比宇宙更远的地方
虽然花田在京吹三变成了出生，但这不影响他写出了小南极这一部伟大的作品,9,神作,2024-6-24 20:14,永远亭医药,218708,比宇宙更远的地方
忘的差不多了，开始二刷，ep1 9//ep2 8.5//ep3 8.3 水母真该找花田作脚本，相同的一集拉一人入伙的套路，怎么差距这么大呢//ep4 8.2//ep5 9//ep6 以为是过度回，没想到一集内完成起承转合，还留了不少时间给观光。同样是一集一个问题的模版，59您还是好好学学花田吧 9,0,未评分,2024-6-23 21:15,CFYJZ,218708,比宇宙更远的地方
回来了，生命力在不断的涌现！,10,超神作,2024-6-23 19:10,铁腕帝落,218708,比宇宙更远的地方
神中神，世界第一南极番,10,超神作,2024-6-23 15:51,芄兰之叶,218708,比宇宙更远的地方
纯啊,10,超神作,2024-6-23 10:24,休比多拉,218708,比宇宙更远的地方
歌颂青春，青春的迷茫、冲动、成长就在于此。扎实的脚本无疑是前提，有着花田巅峰之称自然不必多说，其优秀配乐营造出的感染力深刻烙印在我心中，内容上各有其事的4名女高汇集一起前赴南极；想做出改变、家庭上、完成一件事、被感染。一些情节值得重点说的，有关80，现在来看在诸多作品中过于标签，动机行为只要牵扯上这个东西就顺理成章，行成路径依赖，如何解决更深一步探讨也只是敷衍了事，本作难说处理就结果还可以,8,力荐,2024-6-23 01:42,冷之,218708,比宇宙更远的地方
无趣至极。毫无亮点又无法代入。,5,不过不失,2024-6-22 17:33,Terminal_0,218708,比宇宙更远的地方
有两集看不懂。主角和朋友分别和结尾的朋友去北？极。,7,推荐,2024-6-22 13:49,青梦文雪,218708,比宇宙更远的地方
题材比较喜欢，观感不错。去南极并不是体现个性而是抹除个性。短板的话，感觉看了一堆车轱辘话，从中期会慢慢发现信息密度被别人拉开差距了。剧情之间的转场比较拖沓吧。总体来说观感在同分段是靠前的。//仔细想了下，八分似乎高了点,7,推荐,2024-6-22 11:18,Owl Hotaru,218708,比宇宙更远的地方
最近补完了，真的好看,9,神作,2024-6-20 16:04,Railya,218708,比宇宙更远的地方
8.5。标准而不平庸的起承转合，一板一眼而又有柳暗花明之处，堪称公式作品的标杆级，虽仍有匠气却不掩盖亮点，值得每一个入门编剧和脚本家学习。从作品本身的角度而言也是完成度很高的青春励志群像剧,8,力荐,2024-6-19 21:40,Edelweiss,218708,比宇宙更远的地方
每集固定时段放歌的样板戏和后期再次出现的个人回属实令人有点审美疲劳，最后一集直接插曲大放送更是难绷。瞒着朋友准备生日和帮朋友出头这种故事并没有体现少女与南极的关联性，有点失望。最后一集让后期存在感较低的友人作结也有点尴尬。但总体仍是瑕不掩瑜，流畅的叙事搭配上声优出色的演技，观感十分出色。ep12的收尾也确实做到了意料之外、情理之中，相当优秀的伏笔回收，感人至深。,8,力荐,2024-6-19 19:42,Navi,218708,比宇宙更远的地方
真好呀，真青春呀~真的是用动画的方式完美的演绎了我想象中的青春的美好，感觉基本无可挑剔了，各方面来说，画面从没拉下过，演出更是神中神，表情的细节很好的诠释了女孩的内心，配乐响起总是很及时，节奏一点不拖沓，剧情更是全力花田。如果说前10集是中上的好，那最后三集则是神中神，報瀬替日向讲出的无法原谅，以及三人携手報瀬一起走出迷茫，真的让我赞不绝口。如果说前几集的泪水无法带动我，那当報瀬拿到电脑，看到自己多年来一直发送的邮件涌现时，我就再也控制不了泪水的决堤。最后夸一下声优，这声优阵容是真豪华吧，不过还是最喜欢纱织的声音了，温柔而细腻。,9,神作,2024-6-18 22:15,yzlmw,218708,比宇宙更远的地方
南极收到邮件时泪目了，好多年没有因为动画而感动过了,8,力荐,2024-6-18 18:24,时零研三,218708,比宇宙更远的地方
这部里面的新加坡还原的不错，我第一次见到日漫里画海外不是刻板印象拉满的,7,推荐,2024-6-18 14:33,ZJLalala,218708,比宇宙更远的地方
青春，观感很舒服的日常番，歌也很好听,0,未评分,2024-6-18 12:49,kono凤凰院凶真哒,218708,比宇宙更远的地方
青春！,8,力荐,2024-6-18 00:24,米色棉花糖,218708,比宇宙更远的地方
比音乐番好听的配乐,8,力荐,2024-6-17 23:10,easyfun,218708,比宇宙更远的地方
舒服，超神，爱了爱了,10,超神作,2024-6-17 02:40,Elijah,218708,比宇宙更远的地方
"优秀的疯房子，顶级的花田十辉，伟大的藤泽庆昌，神圣的一部作品，每当「ハルカトオク 」与「またね」前奏响起，总会知道，该哭了。
在比天空更遥远的地方，仰望宇宙尽头的极光，那巨大的梦想，那强烈的友情，那纯白的世界——“我感觉我的青春在动”
从最初ep1的惊艳到ep13的慢慢共情，经历ep2的奔跑，ep4的日出，ep5的送别，ep9的活该，ep10的友情，ep11的呐喊，ep12的千条短信……演出、分镜、脚本、配乐的完美结合，展现了青春、旅途、友情、梦想的全部答案，极致的细腻与真实，感动与共情，一部纯粹的享受，一份纯粹的美好。
真正看过大海，真正攀上山顶，身处真正的广袤无垠，才会知道自己真正的渺小。南极，好想去啊。",9,神作,2024-6-16 03:57,Kryut,218708,比宇宙更远的地方
太青春了，感觉就算到了八十岁再看这部片也还是会被青春气息感染。讨论的问题也都很青春，我如果是在高中时看这部片给得评价可能会更高一些。不过还是很好的作品，很多地方的处理都给我留下了很深的印象，结尾插入歌曲收束情感的手法在不少集数也是相当惊艳（强烈吐槽b站的翻译，插入曲的歌词完全不带翻的，如果就这么看的话情绪会丢失好多）；很多文戏也是又美又有深度，就像是日向会写的台词一样（笑）。,8,力荐,2024-6-16 03:24,绿夜,218708,比宇宙更远的地方
某种意义上推动了个人人生的进展，没有转向但是提供了一种向前走的勇气,9,神作,2024-6-14 20:01,DTSKYER,218708,比宇宙更远的地方
真真正正的花田魔法呀（女孩子之间的友谊真好呀）,9,神作,2024-6-14 00:28,掌中萌虎,218708,比宇宙更远的地方
偶然开篇到意外结局，这部番总能给我带来惊喜。邂逅花田的魔法，见证南极的征程，我因她们青春的舞动、友情的炽热而感动。,8,力荐,2024-6-12 13:09,光明の部长,218708,比宇宙更远的地方
纯纯的cjb，除了报濑其他人都是挂羊头卖狗肉去南极旅游了一趟，你要笑死我吗？,1,不忍直视,2024-6-12 11:23,雨水之城,218708,比宇宙更远的地方
整部剧看下来太青春了，虽然我刚开始看的时候觉得人物画风不好看，但是坚持看下来觉得还是非常好看的。,8,力荐,2024-6-11 21:54,虹夏单推人,218708,比宇宙更远的地方
到后半才刚到南极，让我大失所望，但还是不错的,8,力荐,2024-6-10 23:53,freetlb,218708,比宇宙更远的地方
真青春啊,9,神作,2024-6-10 16:45,Lexonless,218708,比宇宙更远的地方
"真的非常励志，让人看的热泪盈眶，趴在课桌上，无数次思索着那远方的大陆，拿上一万元，第一次前往新宿，越过重重挑战，最后跨越西风与海潮来到那片南方大陆，让人无比享受与心情澎湃，满足了青春时期，我的不少远大却又无法实现的想法。
ここから、始めよう、僕は旅に行こう~
如今，也到了我登上以往相反方向的列车，实现自己的小南极的时候了",10,超神作,2024-6-10 00:51,天天天,218708,比宇宙更远的地方
（整体）标准、（制作）扎实、（脉络）简单的青春伙伴追梦番，没有太多深层的挫折，更多的是类型化的跨越or“成长”之后的享受，但胜在对那些展现人物性格的小问题、小冲突表达清晰、演出可圈可点。我是羡慕故事中呈现出的生活的，我不会在当下赞美or推崇这样的生活，但我仍祈愿在终有一日的未来这些能够抵达人们。,9,神作,2024-6-9 21:14,anchor point,218708,比宇宙更远的地方
"前四集挺无聊的
ep11好评，ep12大好评",8,力荐,2024-6-9 15:50,寻临,218708,比宇宙更远的地方
很青春，很阳光，可惜第九集看着不太舒服,8,力荐,2024-6-9 14:32,NotChristina,218708,比宇宙更远的地方
只能说远不如预期吧，虽然演出作画音乐都非常好。但过多的鸡汤和精神输出，看得很乏味。而南极这么难得的故事背景，只是充当了人物情绪的背景，没有更广阔的视野和格局。叙事也显得有些磕绊，个人认为你在现实生活的难题，并不需要去一趟南极才能获得解决的勇气。,7,推荐,2024-6-7 23:47,wiwi,218708,比宇宙更远的地方
唯一的缺点 有点平,9,神作,2024-6-6 03:55,1mSisyphus,218708,比宇宙更远的地方
花田魔法，最强的小南极，最美的青春,10,超神作,2024-6-5 12:14,是外星人不是汪星人 ...,218708,比宇宙更远的地方
57 5集和11集很有趣 其余说真的，蛮无聊的 看着很折磨,6,还行,2024-6-5 05:56,小延,218708,比宇宙更远的地方
打动不了人，那还能咋办,6,还行,2024-6-4 00:09,没取名啊,218708,比宇宙更远的地方
通过给母亲写信这一伏笔，到最后3年间累计1000多封未读邮件的情绪爆发，抱着母亲还在南极的某处活着这种不切实际的希望而一直停滞的时间终于开始流动了。小渊泽的故事作为本部番的主线确实很有感染力，也很有新意，我觉得这是这部番最大的亮点，但我对这部番的赞誉也仅此而已了（另外插入歌也很棒）。作为主角团四人组，小渊泽的故事除去伏笔只占用了2～3集的内容，掐头去尾其他人的故事将近用了9集，可其他人的故事在讲什么呢？绝大部分篇幅都被拿去讲她们是如何弥补青春所缺失的遗憾的，仿佛宇宙的尽头就只剩青春了，而且关键的是这些故事并不见得有多精彩。用宏大的背景讲小家子气的故事，格局小了。,6,还行,2024-6-3 23:28,遠天,218708,比宇宙更远的地方
青春百万円,9,神作,2024-6-3 22:01,宣觉,218708,比宇宙更远的地方
到头来你们就是去南极旅了个游？就报濑自己干了点实事找到了妈妈的遗物，其他人去干啥了？！旅游吗？,6,还行,2024-6-2 19:57,怪人自有怪人磨,218708,比宇宙更远的地方
少女们追逐目标的故事。,7,推荐,2024-6-2 17:30,隐隐约约一样,218708,比宇宙更远的地方
未来加油啊,8,力荐,2024-6-2 12:16,D5HR,218708,比宇宙更远的地方
太青春了，撞飞铁桶吧！,9,神作,2024-6-1 22:36,GrumpyMonkaa,218708,比宇宙更远的地方
都给我看小南极我跪下来求你们了。,9,神作,2024-6-1 13:52,kaleidoscope,218708,比宇宙更远的地方
这就是朋友,8,力荐,2024-5-30 19:22,拾光,218708,比宇宙更远的地方
神,9,神作,2024-5-30 17:48,HUMANOID111,218708,比宇宙更远的地方
ep11.京吹也有相似的情节//ep12.单集讨论里的147楼“数钱和未读邮件这两个镜头简直封神，两个镜头就能写出一个经历过丧母又保持信念坚持自我的jk的三年的痛苦与孤独。一切的感情都在这之间宣泄了出来。”ep13.短发的胜利！,0,未评分,2024-5-30 13:09,赵滴滴滴,218708,比宇宙更远的地方
呜呜呜 是我的错 我还不够精日,1,不忍直视,2024-5-29 05:40,踏踏,218708,比宇宙更远的地方
啊，想要来一场说走就走的旅行去不一样的地方啊，好青春啊（棒读）。gbc连载时期前来观摩。花田的脚本挑人，一集一个小高潮的写法补起来很容易腻。初看明亮而不艳丽的上色与ep1中近乎照片的厕所，以为会是写实系，结果和拉拉那种魔幻励志轻喜剧真的有什么很大区别吗？甚至挖掘空间还不如水水，蚌埠住了。本作制作水平完成度片尾的音乐插入与ep12神来一笔确实强大，但总体上并没有带给我良好的体验。,6,还行,2024-5-27 20:13,東堂灯子,218708,比宇宙更远的地方
所以你们去南极到底是干什么了，中间各种剧情导致最后两集的情感爆发非常的突兀，没有任何铺垫和情绪积累。人物的历史矛盾和亲情线真的写的不行，真正意义上到南极后各种问题都一集解决太赶了。,5,不过不失,2024-5-26 19:15,Enrique,218708,比宇宙更远的地方
"情感描写在部分集数有些僵硬 但它总是真诚实在 从不高高在上 借助宽大的背景 长线的叙事来体现少女丝缕的心绪 异样的表现力令人折服感动

我们从常变的昏黄出发 向着永恒的洁净前行
在颠倒涡旋的天空下 在冰灵翠色的极光里
在赭色忠厚的长石间 在澈然透然的静水上
我们拥抱神圣宏大 亘古不变
我们絮说普通微小 飘飞腾转
我们在比宇宙更远的地方
我们在我们自己的灵台心房

真好 真好
我会给我未来的女儿看的
比宇宙更远的地方是极 比极更远的地方是心",8,力荐,2024-5-26 01:23,UdYzt,218708,比宇宙更远的地方
高开低走，前6集明明不错，到了后面越来越无趣，也就倒数第二集还行,7,推荐,2024-5-26 01:11,zshzyydi,218708,比宇宙更远的地方
这就是青春啊,9,神作,2024-5-24 21:45,凤凰苑胸针,218708,比宇宙更远的地方
太有青春感了！,9,神作,2024-5-23 16:53,雑魚,218708,比宇宙更远的地方
"真不错啊
青春 友情 探索未知世界 在此过程中补完自己
南极冰川白雪来 今日方知我是我!",9,神作,2024-5-22 17:57,CallMeZhouZhou,218708,比宇宙更远的地方
纯纯样板戏，1-6集整体挺好看的，上了南极船故事真是越来越逆天，花田最佳原创也不过如此，完全没摆脱样板戏的作品，高开低走，前六集噱头拉满，结果到最后一群人去南极旅了个游，就报濑找了妈妈的遗物这个还算有点意义，其他人去南极到底干了啥啊！,6,还行,2024-5-21 23:45,二次元亚波人,218708,比宇宙更远的地方
后悔这么晚才看小南极,9,神作,2024-5-17 13:14,Official绿苹果dism,218708,比宇宙更远的地方
浪漫,0,未评分,2024-5-16 02:12,mikqoud,218708,比宇宙更远的地方
6.5. 制作の資源が豊かだけど、ストーリーは今一ね、演出や物語のサプライズが足りないし、jk四人で騒がしくて。にもかかわらず、毎回も矛盾がちゃんとでるので、そのままずっと見続いても退屈が感じれない。直観が快適なもんね。,6,还行,2024-5-14 00:03,伝説の少女A,218708,比宇宙更远的地方
收藏一下，权作期待,0,未评分,2024-5-13 00:30,狄澜1024,218708,比宇宙更远的地方
"有些事，通过旅行我才第一次知晓
这幕景色是无可替代的
就算自己没有在看，人和世界也都一直再发生变化
什么都不发生的一天是根本不存在的
自己的家是有味道的
迈出脚步，去了解这些吧，在看到陌生的景色之前，一直走下去吧
因为无论走到那里，世界都很广阔，一定能发现一些新的事物
虽然有点害怕，但一定能做到
因为有着同样想法的人，立刻就会察觉到",8,力荐,2024-5-12 23:11,LUCKYCHANNEL,218708,比宇宙更远的地方
乘上与平时相反的电车，为了去看未曾见过的风景,9,神作,2024-5-12 21:43,holmes596,218708,比宇宙更远的地方
感觉画风和月色真美好像，还有中间闺蜜的哭戏演出真的好爆了！,8,力荐,2024-5-12 12:51,被淹死の咸鱼王,218708,比宇宙更远的地方
坐绿皮进西藏发小红书 但是日本jk//ep12的点子有点意思 但演出太拖后腿 整部片实在是乏善可陈//感觉是绕着发邮件收邮件这个点子造出了这部片,6,还行,2024-5-10 23:17,无证madam,218708,比宇宙更远的地方
9-,9,神作,2024-5-10 13:31,风畔鹤,218708,比宇宙更远的地方
美少女的追梦故事，让我更想去南极看看了。可惜现实中很难遇到这样的机遇吧。,8,力荐,2024-5-10 12:53,空門林,218708,比宇宙更远的地方
相当优秀的作品，在单元剧的形式下既保持了每集的起承转合又兼顾了故事的主要脉络发展，最后对于每个角色的成长和主题的阐释都相当的到位和合理。可以说，本作的制作团队在处理整体和细节的能力来到了一个完成度相当高的水准，在近几年的原创动画中都是属于上品的优秀作品。,9,神作,2024-5-9 11:24,诚实可靠维安鸽,218708,比宇宙更远的地方
确实好看，但是把TW在地图上单列一个国家确实很恶心,7,推荐,2024-5-9 11:08,梦太假,218708,比宇宙更远的地方
花田的脚本还是很不错的，节奏把握的很舒服,9,神作,2024-5-8 20:32,sakiko,218708,比宇宙更远的地方
我也想去南极?,8,力荐,2024-5-8 17:20,Yuriet,218708,比宇宙更远的地方
奋力的追随青春的梦想,8,力荐,2024-5-6 23:34,若星辰,218708,比宇宙更远的地方
这是一场由外到内再到外的冒险，去比宇宙更远的地方吧，不一定是南极，哪里都是都是冒险。不过最让我记忆深刻的还是那不断增加的邮件，像《紫罗兰永恒花园》的第10集一样，是爱的证明。,8,力荐,2024-5-6 02:49,剑落无声,218708,比宇宙更远的地方
很暖心的作品，故事结束依然意犹未尽。真正的生活可能就是接受现实并且重拾对生活的勇气，即使分别也相信会和朋友在下一个路口相见,9,神作,2024-5-5 23:12,激の第十八章,218708,比宇宙更远的地方
初中时候看的，最青春的年纪遇到了最青春的动画，神作,10,超神作,2024-5-5 14:30,献予星星的爱之花,218708,比宇宙更远的地方
小南极！！！当年B站连载时还在首页推过啊！好怀念！,0,未评分,2024-5-5 13:27,艾文Avin,218708,比宇宙更远的地方
我不想说这是花田十辉原创的上限，但这就是事实；感觉花田这几年不进反退了？站在这个时间点，我想问的是，gbc能再带我们冲一次吗,7,推荐,2024-5-2 17:30,听牌小堇,218708,比宇宙更远的地方
"11集神回                                                                                                                             
24小时内看完的，在此之前不少内容感觉无聊                                               
个人评分7.7                                                       
故事简单，人物塑造还不错   “小決是价值核心，报濑是事件核心，结月是维度核心”，我同样认为三宅日向是队伍的引领者和故事的推进者",8,力荐,2024-5-2 01:55,henry,218708,比宇宙更远的地方
感动。,8,力荐,2024-5-1 15:07,马鹿野狼,218708,比宇宙更远的地方
後期的呈現手法讓我大破防,9,神作,2024-4-29 01:00,miyu22,218708,比宇宙更远的地方
看了三集，实在不感兴趣,0,未评分,2024-4-28 20:56,云仔whale,218708,比宇宙更远的地方
人物塑造和剧情都很喜欢。一次次给我惊喜，承载的东西比我想的要多得多,10,超神作,2024-4-28 13:09,Akane,218708,比宇宙更远的地方
少女们的旅行物语，满溢的青春感，极致的情绪流，完美的花田魔法。以南极为目的地，发起一场说走就走的旅行，本身就充满了浪漫底色，但富有生活感的氛围又增添了一分真实感。剧情结构简单扎实，侧重点不在极地探险，而是以旅行为引子，描摹青春、友情和成长。充满波折的旅途成为了情绪的催化剂，少女们因各自的内心伤痛和迷茫而陷入挣扎，但在彼此的帮助和环境的感染下，一步步解开心结，最终直面自己的内心，在这场浪漫的南极之旅中建立起深厚的羁绊，实现内心的成长，从而迈向各自的未来。作品对青春的诠释或许有些刻意煽情，但偏偏就是能触动我的内心。,10,超神作,2024-4-27 20:03,神秘的宗师,218708,比宇宙更远的地方
每集一个感人小故事（贬义，可以说是扎实的演出和稳定的作画维持了相当不错的观感吧，其实我也蛮喜欢贯穿始终的这种青春感的,8,力荐,2024-4-27 10:31,14_4N,218708,比宇宙更远的地方
令人感动的作品,9,神作,2024-4-25 22:50,春日影,218708,比宇宙更远的地方
7.5 前期有点刻意煽情了，中后期节奏变慢后观感一下上去了，有趣的日常，立体饱满的人物塑造，细腻的情感。回头看或许真是花田的巅峰脚本了,7,推荐,2024-4-23 12:43,lzfrwb,218708,比宇宙更远的地方
小南极透过事件关联性的多元多环，来证明这部萌豚并不简白而单薄。由意欲传达的冲破的心，发散矛盾破灭的十足魄力。美中不足的是局部的落入俗套，迟来的表现欲使得南极有点大器晚成。但真切地，我认为这部动画冲破了处境的枷锁。,8,力荐,2024-4-23 02:39,Dt迅雷,218708,比宇宙更远的地方
开始和结尾还不错,7,推荐,2024-4-22 22:37,瞎说之周树人,218708,比宇宙更远的地方
闪闪发光的群像剧,8,力荐,2024-4-22 19:55,Mer,218708,比宇宙更远的地方
就喜欢全解决，任何翻涌着的积蓄着的都该有个答案,9,神作,2024-4-21 23:37,yysfibbi,218708,比宇宙更远的地方
还有什么比青春和梦想更珍贵,9,神作,2024-4-21 16:08,圈子,218708,比宇宙更远的地方
"剧情节奏毫不拖沓，对涉及探索南极的每一步环节得到了很好的体现，尤其是其中四位少女晕船，尽管身陷其中的四位少女显得十分痛苦，但看的过程中我在想能在一个封闭空间被晃来晃去会很舒服，就像儿时的摇篮之类的？不过后面四人去看海显得很抽象，我以为下集四位要感冒治病，进而推进其中某位角色的成长，然而，然而就是被海水拍了下，难绷。再来是小决与小惠二人回时总给我反转，在我以为要爆了的时候被日向和报濑压住，当我以为小决和家人进行温馨的告别后，小惠是来和她哭哭告别的，结果竟然说绝交，的确给我带来了意想不到的趣味
对四位少女个人的治“心病”，以及所谓“朋友”关系的探讨同主线探索南极相互促进，观感很棒",8,力荐,2024-4-20 22:05,冰炽捏,218708,比宇宙更远的地方
原创上限花田的实力,9,神作,2024-4-20 09:03,wuyiwei9,218708,比宇宙更远的地方
花田魔法最成功的一次,8,力荐,2024-4-19 18:33,tachibanana,218708,比宇宙更远的地方
MADHOUSE is GOD!!!Hanada Jukki is GOD!!! 2018Bestアニメ確定！,8,力荐,2024-4-17 17:58,PE,218708,比宇宙更远的地方
75分,8,力荐,2024-4-17 12:44,無核見習生,218708,比宇宙更远的地方
"观感超棒，想在学生时代完成某些事的心情大概大家都有过，不过真正做到才能叫挥洒青春啊。想完成某事的愿望；想获得真正的友谊；被伤害后独自一人的努力；以及一千多封信传达的思念。这些执念和想法，串联起了本不相连的四人的青春物语
「ここから」始めよう　僕は旅に出よう！
PS：第六集的新加坡之旅我去打卡了，拍了同款照片，玩得很开心",8,力荐,2024-4-16 10:11,恋時雨,218708,比宇宙更远的地方
太耀眼了，几年后的老登重温被闪耀到无法直视,9,神作,2024-4-16 06:54,阿尔托莉雅钢笔龙,218708,比宇宙更远的地方
简简单单的少女追梦故事，很普通，但也很感动，我总是会为其他人奋力追求并实现梦想而动容。当然也不仅仅只是这样的一个故事，少女们在为同一个目标而努力时逐渐升温的羁绊，互相着想时的包容和体谅，为了追寻亲人的脚步而毅然迈上征途……对于南极科考也有些许介绍，不是很深入但是作为科普类来看也足够了。我认为本片最优秀的点在于人物的塑造和情感的渲染，每到片尾、剧情来到高潮进ed之前的轻声哼唱的曲子我也蛮喜欢的，很能体现这部番直击心灵柔软处的气质。（而且几乎每一集都能看见美少女哭哭啊！！）,8,力荐,2024-4-16 00:21,景笙,218708,比宇宙更远的地方
花田偶尔是可以相信的,8,力荐,2024-4-15 20:57,misaki,218708,比宇宙更远的地方
mark,0,未评分,2024-4-15 02:05,PolarisAlbert,218708,比宇宙更远的地方
南极相关内容只是浮于表面，不过情感戏还行7.4,7,推荐,2024-4-14 14:17,wingwing,218708,比宇宙更远的地方
情绪调动很棒，可惜的是牺牲了一部分剧情合理性。歌曲很nice。主人公里塑造的比较好的是报濑，另外3位的剧情参与度稍微低了些。破冰船那集里关于战败国的描述和真实历史对照起来真的挺尬的，再结合后面日向回对霸凌者的批判，确实让人感慨制作组历史观的歪曲。不过整体上还是瑕不掩瑜吧，批判性看待就好。,8,力荐,2024-4-14 11:25,alex,218708,比宇宙更远的地方
没看前还以为是寓教于乐的萌片。其实是四个女孩子为了追寻心中之物共同踏上南极之旅的故事，有笑有泪，很棒的治愈片,0,未评分,2024-4-13 11:57,2^4,218708,比宇宙更远的地方
励志推荐,8,力荐,2024-4-13 00:43,c3c3c3,218708,比宇宙更远的地方
不错的日常番，情感细节上其实叙述的很棒，但主题的深度不够，对南极这个题材也没有过多的挖掘，剧情基本为情感抒发服务，后期每一集感觉都在重复煽情，从而很容易审美疲劳，南极的内容很少略显遗憾，不过部分集是相当优秀的。,7,推荐,2024-4-11 22:31,簌簌辞柯,218708,比宇宙更远的地方
最后竟然有点泪目,9,神作,2024-4-11 22:02,蓬梦芽,218708,比宇宙更远的地方
追番时对这部并没有什么特别的印象，有空再看一遍,7,推荐,2024-4-11 15:37,永燃之空,218708,比宇宙更远的地方
回顾小南极提振一下对花田大老师的信心。,8,力荐,2024-4-9 18:53,氷川老板大胜利,218708,比宇宙更远的地方
好,8,力荐,2024-4-7 14:43,渣渣太,218708,比宇宙更远的地方
"一场对往事的，不留余地的复仇//没想到你们能在南极做那么多科考任务，我忏悔，不该把你们和在魏军七进七出的刘禅等价的//ep5, 11, 12",7,推荐,2024-4-6 21:38,靜水秋風,218708,比宇宙更远的地方
对于我来说，这就是我对于青春理想的样子，整片给我的感觉是非常舒适的，特别是日向的活泼，青春真是美好啊，有机会也想去南极看看呢,9,神作,2024-4-6 12:35,永远喜欢星野爱,218708,比宇宙更远的地方
一分扣在结尾，或许安排的很好，但对于我来说太过于平淡了，小绝的心结通过这样的方式解开我不能接受，不过仅凭12集结尾一千多条消息跳出来的镜头加上神之配乐以及香菜的顶级发挥，就足够让我的评价从8分升到9分了,9,神作,2024-4-5 01:36,默言,218708,比宇宙更远的地方
绝对会看的,9,神作,2024-4-3 00:11,kyo ichi,218708,比宇宙更远的地方
哭惨了！！！,9,神作,2024-4-1 18:03,爽爽爽爽子,218708,比宇宙更远的地方
自己追的第一部，也是最喜欢的MADHOUSE片,10,超神作,2024-4-1 17:54,ASUKA,218708,比宇宙更远的地方
这份青春太幻想太不现实太抹布吸了，闪瞎了我的狗眼。,7,推荐,2024-4-1 16:12,ShikiRika,218708,比宇宙更远的地方
花田大抵是拍不出这种了,10,超神作,2024-4-1 13:47,高咲刻歌,218708,比宇宙更远的地方
可能是篇幅的原因，感觉有点不太够，就是一切都淡淡的……可能题材比较新奇吧，但是传达出的情感真的很寡淡。,6,还行,2024-4-1 07:53,大份炸醋肉,218708,比宇宙更远的地方
作为一个地理生给出的高评价，充实而又浪漫,9,神作,2024-3-31 20:25,未也,218708,比宇宙更远的地方
能看完就已经是神人了,7,推荐,2024-3-31 15:41,八奈见,218708,比宇宙更远的地方
很好了，不过角色线+南极太多东西要讲了两方面都讲得不够，没有很体会到‘南极是一切都赤裸裸的地方（全てがむき出しの場所）‘，最多只适用于日向跟报濑，另外两个都是去南极前就讲好大部分心理了，这句作为总括效果不够好吧，其余要去旅行体验新事物等等的就很没有意思了，不过也许青春成长就是这样各有各的原因，主要还是篇幅太小我没能很有共鸣。。不过个别回演出有点想法的,7,推荐,2024-3-31 06:57,な,218708,比宇宙更远的地方
2020.8.18：实在对这个画风喜欢不起来，好在故事本身能让我坚持看完并收获了一丝感动,7,推荐,2024-3-27 17:01,Mumpa,218708,比宇宙更远的地方
除了认不清人，一切都挺好，尤其是结尾更是绝活。,8,力荐,2024-3-25 14:14,不好说啊,218708,比宇宙更远的地方
数钱和收邮件两处演出太惊艳了。喜欢题材且久闻大名，所以带着滤镜去看的，仍然感觉远超期待,9,神作,2024-3-23 16:37,Meteor,218708,比宇宙更远的地方
人人都有过的想法，但是又有几个人能真正踏上那段属于自己的旅程呢,9,神作,2024-3-21 19:41,caijia,218708,比宇宙更远的地方
好看是好看，但是每次看到抱怨日本被别国排挤那段就难绷，你个战败国说别人活该真是招笑,8,力荐,2024-3-19 10:20,休人负我,218708,比宇宙更远的地方
主角团的头发太光污染了,0,未评分,2024-3-14 10:43,エルナス,218708,比宇宙更远的地方
少女们追踪梦想的故事，好像还有2集没看完，有时间补了。小南极无疑是当季度的一匹黑马，而且和摇曳露营是好姐妹，销量基本持平，都是1w+，评分也都很高,7,推荐,2024-3-10 23:53,Phenex,218708,比宇宙更远的地方
我20多年白活了啊，，，,9,神作,2024-3-8 13:53,爱因斯坦本坦,218708,比宇宙更远的地方
少女们为逐梦南极行而一股脑投入到旅程中的感受，姑且还可以,7,推荐,2024-3-6 22:09,TonyLafis,218708,比宇宙更远的地方
❀没有想象般的无聊，制作非常用心，人物塑造的非常鲜明，四个人的互相救赎互相支持，解开心结成为了要好的朋友，一起的旅行完成了每个人的愿望✔❀,8,力荐,2024-3-5 22:47,千久星子,218708,比宇宙更远的地方
美妙的关系性描写与对逝去之人的感情的真实而真挚的写照，同时南极作为一个能勾起煽情的意象的运用十分巧妙。,9,神作,2024-3-5 20:20,polaris,218708,比宇宙更远的地方
早期看不惯画风，后面越看越上头，感染了太强了,9,神作,2024-3-5 19:20,ChenL,218708,比宇宙更远的地方
很少能看得进去的轻百合,9,神作,2024-3-4 17:47,塵,218708,比宇宙更远的地方
中期一般，尾段很好。其实并没有非常侧重青春/友情/成长之类主题中的任何一个，而是以旅游为线，将四名女主不成熟的部分串联，在南极这个会暴露自己所有的地方将其一一呈现。麻理找到了迈出第一步的勇气，报濑从过去的阴影中走出，日向和结月分别找到了真正属于自己的友情。南极之旅本身是主角成长历程的一次投射，踏入不为人所知大陆的历程，也是探索自我的过程。最末极光下报濑收到母亲的来信，真正体验到与照片不同的南极之美，以此向母亲与止步不前的自己作别。意象和思念交融，此刻角色们完成了自己南极的旅途，青春的旅途。而未来远未结束，或许前方仍有极光，我们的船仍在驶向比宇宙更远的地方。,7,推荐,2024-3-4 16:01,航迹云,218708,比宇宙更远的地方
好早以前看的，感觉被吹过了,0,未评分,2024-3-2 22:07,tsubang,218708,比宇宙更远的地方
很喜欢四个人的人设和第十二集的处理,9,神作,2024-3-2 14:41,绫波丽丽子,218708,比宇宙更远的地方
"青春友情题材，治愈系佳作 8/10。角色成长刻画做得十分出色，4位主角都有自己的大问题，又互相能解决彼此的问题。往后看才发现真正的主线是4位主角的友情。真正的 美好的青春友情。
演出与进行非常细腻，节奏把握得很舒服。另外音乐方面，虽然刚刚开始的时候觉得OP/ED并不出彩，但后续每话插入曲的配置，以及插入曲/ED的神插入十分惊艳。",8,力荐,2024-3-2 07:38,茶栗chariri,218708,比宇宙更远的地方
精巧的演出、适当的音乐，同时在南极与角色成长之间达成了不错的平衡。角色目的明确、性格十分丰满，每个人的性格和经历所导致的问题贯穿始终、又一一解决，南极，没有留下任何遗憾。,9,神作,2024-2-29 17:52,Phantom,218708,比宇宙更远的地方
牛逼,9,神作,2024-2-28 14:25,七月,218708,比宇宙更远的地方
母亲电脑邮箱不停响的时候差点哭了，太神了，虽然因为星团二（也许以后还有三也要骂）还有京吹三让花田风评最近波动极大，但是出新作如果是花田系构我觉得还是该相信的该相信，不然难道要我去相信大知庆一郎这种货色吗,8,力荐,2024-2-27 21:56,koi,218708,比宇宙更远的地方
总体不错，其中12集情感表现得是真的棒，好久没有这样了，高质量的一部番,8,力荐,2024-2-27 19:25,zyhllggg,218708,比宇宙更远的地方
ep5和ep11堪称精彩绝伦的神回，与轻百或重百不同的是这片捍卫了友情之光,9,神作,2024-2-26 20:31,小光,218708,比宇宙更远的地方
小南极赛高！,9,神作,2024-2-25 10:44,JerryH,218708,比宇宙更远的地方
花田这不是能讲好剧情嘛！差点把我看哭了都，怎么水团动画剧情就一坨,8,力荐,2024-2-24 18:48,Tirelent,218708,比宇宙更远的地方
好治愈,9,神作,2024-2-23 00:00,肌笆,218708,比宇宙更远的地方
ep1演出非常优秀的一集 光的变化在人物的身上表现得异常明显 而其体现在背景上是仅是存在于那里 散发出光晕 因此当人物置于场景中时便有着一种强烈的异质感 他们区别于彼此的同时也有机地结合起来 运用在演出之中 像是背景中的文字成了表现人物行为的注解 亦或是出行前的大雨预示着因无法克服内心而返回 或是讨论南极时真理与惠被超市所分割分居与暗处于明处表现观点的不同 许多充满内涵的物件得到了充分的运用 诸如困在将要决堤的池洼中的纸船 在看完妈妈发いつものできた的消息后经过的车站闸门 这一切的一切注定了在车站的繁杂的人流中真理踏出前往约定之处的坚定的脚步 坐上与往常相反的电车 见到未曾见过的风景 最后两人在波光粼粼的海面前奋力奔跑时显得如此浪漫 那么就像这样一路奔跑下去 冲破海上的坚冰 到达世界的最南端吧 这才是你们该有的青春啊//ep2跑/ep5/泪ep10,8,力荐,2024-2-22 21:40,n1od,218708,比宇宙更远的地方
神作，剧情真的好，很真实也很感动,9,神作,2024-2-20 14:12,ふるで.リーシ,218708,比宇宙更远的地方
很好的关于青春、友情的番,8,力荐,2024-2-19 20:58,枫糖,218708,比宇宙更远的地方
脚本堪称无懈可击，配音与画面演出也都质量上乘，顶级的治愈系作品,8,力荐,2024-2-18 22:11,licey,218708,比宇宙更远的地方
7.6 花田十辉的大病在此片初现端倪，旅行前和闺蜜吵架的剧情堪称全片败笔,7,推荐,2024-2-18 17:38,梦华,218708,比宇宙更远的地方
好看，但不惊艳。我应该5年前看的。,8,力荐,2024-2-18 09:00,CMT,218708,比宇宙更远的地方
青春,8,力荐,2024-2-15 18:20,fork in the road,218708,比宇宙更远的地方
音乐好，声优好，剧情青春,7,推荐,2024-2-15 17:21,kumiko,218708,比宇宙更远的地方
美少女旅游动画，虽然去的是南极，但是感觉相当日常的作品。花田十辉系构+脚本，带来了这几乎一整部动画极佳的观感，每一集都能点出爆点和主旨，还有很多出色的细节，虽然细想本作好像是个命题作文合集……不过最让我感动的还是第一话的，“搭上相反的电车，来上一场说走就走的旅行”这种感觉吧。这部动画最核心的，果然还是旅行的意义吧，无所谓成长，就在旅行本身发生的点点滴滴吧。小南极就是一部在南极这个荒芜的舞台上展现jk最纯粹感情的动画啊。（突然想到，小南极这表现出来的不是跟团游吗……）,8,力荐,2024-2-15 14:59,high手,218708,比宇宙更远的地方
展现的是青春，佳作，大力支持喵,9,神作,2024-2-15 12:59,彗星的星屑,218708,比宇宙更远的地方
"包含了青春的意义（玉木真理），旅途的意义（三宅日向），友情的意义（白石结月），为寻找答案不顾一切的意义（小渊泽报濑）。

lz是很容易被人物形象吸引的那种，其中报濑的性格最为丰满鲜明:围绕倔强

①去南极之前的一心一意要去南极的倔强:报濑在母亲下落不明后依然过着与之前一样的生活，忍受同学的嘲笑，放弃人际的交往打工攒钱前往南极，这段时间里报濑的性格很冷，对别人的看法不以理睬。

②踏上旅途之后报濑对待同伴的倔强:无论是三宅日向丢失护照事件（大方甩出100万日元），还是直播时替三宅日向出头事件（报濑很不适应镜头有大量描写）。

③到达南极之后一定要找到答案的倔强:母亲为什么冒着危险丢下家人也要去南极？这片大陆到底有什么让人着迷？我想报濑一定是怀着这种心情来到这里的。然而到达南极之后随着到达越来越多母亲曾到达的地方而感到不安。『如果我已经踩过了母亲踏过的所",10,超神作,2024-2-14 00:45,SUKI,218708,比宇宙更远的地方
极少数能讲清楚最终目的的萌豚番，并不能称为日常，但是全程无压力，只是享受努力的过程，可惜只看了一遍，有时间再去补。另一部最喜欢的萌豚番是悠哉日常大王，真的好，有空两部都要重看。,10,超神作,2024-2-13 22:55,钢炼我吹爆啊,218708,比宇宙更远的地方
没有破冰那段9分，有破冰那段扣1分,8,力荐,2024-2-12 23:58,VnYzm,218708,比宇宙更远的地方
虚无缥缈的梦想，看似可笑的梦想，分不清自己几斤几两的少女矫情要死的性格，可能这就是青春吧,8,力荐,2024-2-12 23:27,侑哥哥,218708,比宇宙更远的地方
想要改变这种生活 我就得出发 去那片 比宇宙更遥远的地方,7,推荐,2024-2-11 01:41,晚安上月由良,218708,比宇宙更远的地方
补,8,力荐,2024-2-9 17:55,临风三嗅满薰香,218708,比宇宙更远的地方
一部让我感动时让我掉小珍珠又笑的作品，我看过最美好的友情，一群人对同一个目标的努力与执着。,6,还行,2024-2-8 12:17,Edward 9rvV7,218708,比宇宙更远的地方
一部去南极的番，大半的时间并没有着重于南极，而是去南极的路上，四个少女各自怀着不同的心情与想要寻找的答案前往南极，每个人的内心在最后几话到达南极之后都一一打开，而在这去往南极的路上就是寻找自己内心答案的过程 85,9,神作,2024-2-5 23:31,tsu i,218708,比宇宙更远的地方
有点无聊,6,还行,2024-2-4 21:04,JIAOAOAO,218708,比宇宙更远的地方
"我喜欢  积满的水一下子流走的样子  决口  释放  开始奔流  在沉静中积蓄的能量瞬间炸开  一切  都开始流动  一切  都开始运作
热爱这个没有任何干扰  只能和伙伴们一起去克服的空间",6,还行,2024-2-3 22:24,可可爱ココア,218708,比宇宙更远的地方
青春成长片，个人个人无功无过,6,还行,2024-2-1 17:02,llliu,218708,比宇宙更远的地方
花田免死金牌·其一,9,神作,2024-1-31 15:47,YazawaSunrise,218708,比宇宙更远的地方
作为原创番，剧情很连贯，尤其第12集最后报濑看收件箱的时候直接哭死,10,超神作,2024-1-31 08:02,maomaopig,218708,比宇宙更远的地方
神作称不上，只是因为一部分人的说法让我不爽。很多人都想要一段说走就走的旅行，而你们在吐槽“你们根本不是想去南极，只是想旅行而已”“你们旅行为啥跟过家家似的连个困难都没有？”“你们旅行为啥都不努力的？”我不知道你们把这个当成什么番看，这个番本来就不是谈梦想的，更谈不上困难，只是想四人一起乘上与学校相反的电车，去看未曾见过的世界而已。她们迈出的最困难的一步，只是踏上无法回头的南极之旅的第一步而已。她们,0,未评分,2024-1-30 12:28,起名困难喵,218708,比宇宙更远的地方
8.5，认真考虑过有没有去南极的可能后选择了放弃。,8,力荐,2024-1-28 23:40,红酒红酒呀,218708,比宇宙更远的地方
如果存在神作，那一定是它。完美即是我对其的歌颂，看完一遍，热血沸腾，看完两遍，开始细品，看完三遍，终被治愈。现在这种快节奏的世界，能出现这一缕阳光照耀着，我非常感谢。加油，希望花妈()。,10,超神作,2024-1-25 08:01,看世,218708,比宇宙更远的地方
【9】,8,力荐,2024-1-24 14:56,acgfanjl,218708,比宇宙更远的地方
可以名留青史的番。制作尚可，剧情极佳。,10,超神作,2024-1-22 14:50,屠龙破骨,218708,比宇宙更远的地方
神作！！无论是画面还是剧情，最后的感情升华都非常棒,9,神作,2024-1-22 12:10,冻结,218708,比宇宙更远的地方
剧情很好，但没有那么打动我，也不知为何。,7,推荐,2024-1-21 06:47,阪本今天吃博士,218708,比宇宙更远的地方
充满了青春与浪漫,8,力荐,2024-1-20 23:06,无知的吃货,218708,比宇宙更远的地方
"“我也想来一场说走就走的旅行”
就是我所有的感想了

为了寻找母亲打工赚钱的少女，抱着探索的心情出发的少女，辍学的少女，身为偶像寻找自我的少女构成了这个故事的全部，简单的日常，有趣的科普，op当年的几个镜头现在还记忆犹新，想起来了当时还看麦子（b站一个柯南向的up主）推荐过这部作品才看的。。
还有最后女主的朋友那个错开的桥段其实蛮好笑的
南极只是一个引子，更多的乐趣与道理只有真正观看过这部作品才能领略到的",8,力荐,2024-1-20 19:23,mgceker,218708,比宇宙更远的地方
大花老师的含金量总是经不起推敲,5,不过不失,2024-1-20 10:17,明天更漫长,218708,比宇宙更远的地方
太短了呀 /(ㄒoㄒ)/~~,8,力荐,2024-1-19 23:36,甜酱,218708,比宇宙更远的地方
细腻,8,力荐,2024-1-19 20:49,VeKToRius,218708,比宇宙更远的地方
情感细腻，催泪。,9,神作,2024-1-19 11:37,马里诺,218708,比宇宙更远的地方
伏笔收的不错。,9,神作,2024-1-18 09:54,Bell8004,218708,比宇宙更远的地方
最爱的青春热血番，给了我一次最完美的追番体验。说实话刚开始看的时候我以为去南极只是一个噱头，少女们打打闹闹建立个南极部幻想一下也挺可爱的，但她们真的去了。很难想象一部原创番居然能如此稳健，如此特殊的题材居然这么有趣，追到最后都能不断获得惊喜。,10,超神作,2024-1-17 02:10,Elysia,218708,比宇宙更远的地方
应该是二刷。稀有的原速品味的作品，并没有突然转折或震撼的剧情，但通过一流CV们（松岡没后宫的作品www）、良好的画工以及耳朵怀孕的音乐，啊Anime以与文字不同次元的形式映画着让人积极向前的物语。虽是青春，却是陈酿，过几年再听听CV也是极好的。（顺带推一句写实版的老剧《南极大陆》）,9,神作,2024-1-15 22:24,zhangsan,218708,比宇宙更远的地方
小南极我的小南极，花田大老师，我的花田大老师,8,力荐,2024-1-14 11:55,君酌juzy,218708,比宇宙更远的地方
刚开始看打7分，看到一半打8分，看到第9话往后可以到9分！无论是真实、细腻、有血有肉的友情，还是治愈的青春旅行，都很神,9,神作,2024-1-12 20:09,grey,218708,比宇宙更远的地方
"不会达到的青春，高歌青春的青春，一部不像青春的顶级青春番，把青春中最为美好的情感，将友情、亲情、梦想等元素通过南极这样一个对青春来说梦幻的地方来凝结起来，花田，你好伟大。结尾更是完满。
-------------------------------------------------------------------------------------------
补加：花田，你有时候好伟大",9,神作,2024-1-12 15:43,pop雾凇,218708,比宇宙更远的地方
到新世界去！,9,神作,2024-1-12 12:30,阿2托莉雅,218708,比宇宙更远的地方
总体挺一般，但剧情与节奏不错的，为第五集的哀伤与第十二集的眼泪给好评,7,推荐,2024-1-12 10:31,Ja1bea,218708,比宇宙更远的地方
我也哭的稀里哗啦……,9,神作,2024-1-12 03:06,icehe,218708,比宇宙更远的地方
2024年，第一部能让我看到眼里包泪的动画。也是我动画生涯里，为数不多能让我感动的动画。感谢相遇，感谢陪伴。只是看了之后，忽然察觉自己的高中生活，烂得像腐败的橘子……,8,力荐,2024-1-12 00:01,谷泽药师,218708,比宇宙更远的地方
