content,time,mode,color,send_time,cid,episode,episode_title,anime_title,aid,clean_content,segmented
Please don't say you are lazy！,135.476,5,15138834,2020-04-24 20:38:17,29238193,1,青春百万円,比宇宙更远的地方,17904979,Please dont say you are lazy,Please dont say you are lazy
BGM:ハルカトオク,1071.635,5,16646914,2020-04-18 22:45:25,29238193,1,青春百万円,比宇宙更远的地方,17904979,BGM,BGM
这CV阵容过分了吧,1.93,5,16776960,2021-01-30 21:10:12,29238193,1,青春百万円,比宇宙更远的地方,17904979,CV,CV
please don't say…诶？,135.015,5,16777215,2020-08-21 13:30:27,29238193,1,青春百万円,比宇宙更远的地方,17904979,please dont say,please dont say
bgm：雨滴之歌,350.102,5,41194,2021-09-18 20:31:34,29238193,1,青春百万円,比宇宙更远的地方,17904979,bgm,bgm
好喜欢这个ed,1177.107,5,16707842,2020-07-31 19:12:55,29238193,1,青春百万円,比宇宙更远的地方,17904979,ed,ed
on you left,523.077,5,15138834,2020-05-20 22:46:59,29238193,1,青春百万円,比宇宙更远的地方,17904979,on you left,on you left
一百万也是日元啊，和rmb的100w不是一个概念,817.769,5,16777215,2024-09-01 19:21:58,29238193,1,青春百万円,比宇宙更远的地方,17904979,rmb100w,rmb100w
cv超级赛亚人,1233.678,1,16777215,2020-05-29 22:20:32,29238193,1,青春百万円,比宇宙更远的地方,17904979,cv,cv
Lalisa！,1340.143,5,38979,2022-12-22 21:42:44,29238193,1,青春百万円,比宇宙更远的地方,17904979,Lalisa,Lalisa
撒，game哈西美哟,842.366,1,16777215,2021-08-28 16:18:12,29238193,1,青春百万円,比宇宙更远的地方,17904979,game,game
k_on,119.622,5,15138834,2020-05-28 14:53:45,29238193,1,青春百万円,比宇宙更远的地方,17904979,kon,kon
快7w人民币了,614.155,1,16777215,2020-05-17 08:12:49,29238193,1,青春百万円,比宇宙更远的地方,17904979,7w,7w
大约20w一个人 比较差的团 豪的无上限,795.813,1,16777215,2026-03-03 00:44:10,29238193,1,青春百万円,比宇宙更远的地方,17904979,20w,20w
你的青春意外的少啊（dog）,119.839,1,16777215,2026-01-31 14:15:13,29238193,1,青春百万円,比宇宙更远的地方,17904979,dog,dog
cute！,296.353,1,16777215,2025-12-12 20:45:07,29238193,1,青春百万円,比宇宙更远的地方,17904979,cute,cute
ber？ ,421.874,1,16777215,2025-10-26 20:44:56,29238193,1,青春百万円,比宇宙更远的地方,17904979,ber,ber
wow,7.846,1,16777215,2025-10-19 17:05:52,29238193,1,青春百万円,比宇宙更远的地方,17904979,wow,wow
gogogo,1072.967,1,16777215,2025-10-11 23:00:06,29238193,1,青春百万円,比宇宙更远的地方,17904979,gogogo,gogogo
intp,478.666,1,16777215,2025-06-12 20:13:49,29238193,1,青春百万円,比宇宙更远的地方,17904979,intp,intp
去南极大概10wRMB左右就行,811.659,1,16777215,2025-06-02 03:02:00,29238193,1,青春百万円,比宇宙更远的地方,17904979,10wRMB,10wRMB
换算人民币大概4W9，对于中学生也算相当大的数字了,703.518,1,16777215,2025-04-30 20:55:51,29238193,1,青春百万円,比宇宙更远的地方,17904979,4W9,4W9
单程1000，往返2000rmb，弹幕这都什么数学水平……,1289.905,1,16777215,2025-04-08 14:29:35,29238193,1,青春百万円,比宇宙更远的地方,17904979,10002000rmb,10002000rmb
"去南极一个人就得10w,这点还是太少了",602.361,1,16777215,2025-03-30 23:34:15,29238193,1,青春百万円,比宇宙更远的地方,17904979,10w,10w
soiya卡怎么也是小企鹅,505.457,5,16777215,2025-02-24 16:40:38,29238193,1,青春百万円,比宇宙更远的地方,17904979,soiya,soiya
Singapore,262.699,5,16777215,2025-02-24 16:34:59,29238193,1,青春百万円,比宇宙更远的地方,17904979,Singapore,Singapore
滔搏青训【Doge],100.737,1,16777215,2025-02-06 09:10:01,29238193,1,青春百万円,比宇宙更远的地方,17904979,Doge,Doge
搞hs的叉出去杖毙,831.246,1,16777215,2025-01-31 23:42:34,29238193,1,青春百万円,比宇宙更远的地方,17904979,hs,hs
是mio,627.05,1,41194,2025-01-16 22:52:29,29238193,1,青春百万円,比宇宙更远的地方,17904979,mio,mio
saki,887.305,5,16777215,2025-01-06 01:02:53,29238193,1,青春百万円,比宇宙更远的地方,17904979,saki,saki
Nagasaki,1130.371,1,16777215,2024-12-24 21:45:51,29238193,1,青春百万円,比宇宙更远的地方,17904979,Nagasaki,Nagasaki
坠机？man！,438.096,5,16646914,2024-12-16 01:09:14,29238193,1,青春百万円,比宇宙更远的地方,17904979,man,man
K-O!,115.374,1,16777215,2024-10-07 19:34:19,29238193,1,青春百万円,比宇宙更远的地方,17904979,KO,KO
INFP实锤,465.684,1,16777215,2024-09-11 12:34:22,29238193,1,青春百万円,比宇宙更远的地方,17904979,INFP,INFP
骑cub去吧,884.693,1,16777215,2024-08-09 20:07:43,29238193,1,青春百万円,比宇宙更远的地方,17904979,cub,cub
qwq,10.728,1,16777215,2024-07-27 17:24:34,29238193,1,青春百万円,比宇宙更远的地方,17904979,qwq,qwq
oaksk,44.82,1,16777215,2024-07-18 07:52:13,29238193,1,青春百万円,比宇宙更远的地方,17904979,oaksk,oaksk
CIA,47.051,1,16777215,2024-06-04 17:46:33,29238193,1,青春百万円,比宇宙更远的地方,17904979,CIA,CIA
去南极旅游一圈船票大概是人民币6W元,871.996,5,16777215,2024-05-31 13:24:45,29238193,1,青春百万円,比宇宙更远的地方,17904979,6W,6W
QAQ画质感人,1122.607,1,16777215,2024-05-04 09:44:44,29238193,1,青春百万円,比宇宙更远的地方,17904979,QAQ,QAQ
速速加入SOS团（雾,236.032,5,16646914,2024-02-04 21:23:20,29238193,1,青春百万円,比宇宙更远的地方,17904979,SOS,SOS
2p,828.303,1,16777215,2023-11-19 07:40:53,29238193,1,青春百万円,比宇宙更远的地方,17904979,2p,2p
Salute！,289.56,1,16777215,2023-09-19 20:48:24,29238193,1,青春百万円,比宇宙更远的地方,17904979,Salute,Salute
wow  zero,839.853,1,16777215,2023-09-07 02:41:47,29238193,1,青春百万円,比宇宙更远的地方,17904979,wow  zero,wow zero
我听半天才听出来土里婆是trip,267.26,5,15138834,2023-08-12 21:46:14,29238193,1,青春百万円,比宇宙更远的地方,17904979,trip,trip
汇率不是一百多吗，应该还不到1w吧,864.235,1,16777215,2023-08-08 22:32:31,29238193,1,青春百万円,比宇宙更远的地方,17904979,1w,1w
gap day?,398.561,1,16777215,2023-07-31 18:30:42,29238193,1,青春百万円,比宇宙更远的地方,17904979,gap day,gap day
没有目标的旅行？AIR男主？,117.972,1,16777215,2023-07-14 12:54:18,29238193,1,青春百万円,比宇宙更远的地方,17904979,AIR,AIR
yan不是元,30.933,1,16777215,2023-07-02 10:46:29,29238193,1,青春百万円,比宇宙更远的地方,17904979,yan,yan
one peace,1410.77,1,16777215,2023-06-27 18:54:38,29238193,1,青春百万円,比宇宙更远的地方,17904979,one peace,one peace
e--------shop,661.806,5,16646914,2023-05-02 10:26:03,29238193,1,青春百万円,比宇宙更远的地方,17904979,eshop,eshop
yeeeeee,662.025,5,52480,2023-05-02 10:25:30,29238193,1,青春百万円,比宇宙更远的地方,17904979,yeeeeee,yeeeeee
可以买十部iPhoxx,619.772,1,16777215,2023-04-06 17:27:50,29238193,1,青春百万円,比宇宙更远的地方,17904979,iPhoxx,iPhoxx
IOS7？,1324.927,1,16777215,2023-04-02 00:44:08,29238193,1,青春百万円,比宇宙更远的地方,17904979,IOS7,IOS7
对她们使用gease吧,1009.539,1,16777215,2023-03-26 17:46:42,29238193,1,青春百万円,比宇宙更远的地方,17904979,gease,gease
wc，痴女,717.472,1,16777215,2023-03-19 19:16:11,29238193,1,青春百万円,比宇宙更远的地方,17904979,wc,wc
JR东海 新干线N700系高速动车组,1226.067,5,15772458,2023-03-19 00:27:07,29238193,1,青春百万円,比宇宙更远的地方,17904979,JR N700,JR N700
"no game, no life!",840.108,1,16777215,2023-03-12 01:03:27,29238193,1,青春百万円,比宇宙更远的地方,17904979,no game no life,no game no life
Pen pen,65.346,1,16777215,2023-02-09 20:43:27,29238193,1,青春百万円,比宇宙更远的地方,17904979,Pen pen,Pen pen
10多万RMB才够,866.19,1,16777215,2023-01-23 22:50:05,29238193,1,青春百万円,比宇宙更远的地方,17904979,10RMB,10RMB
6WRMB真的够吗，估计要省着花,808.67,1,16777215,2023-01-23 21:56:35,29238193,1,青春百万円,比宇宙更远的地方,17904979,6WRMB,6WRMB
我爷爷捡过100万RMB的支票,691.041,1,16777215,2023-01-23 21:54:03,29238193,1,青春百万円,比宇宙更远的地方,17904979,100RMB,100RMB
剃须，在东京捡到野生jk,315.71,1,16777215,2023-01-05 10:10:05,29238193,1,青春百万円,比宇宙更远的地方,17904979,jk,jk
好大的一只QQ,57.905,1,16777215,2022-12-29 00:44:40,29238193,1,青春百万円,比宇宙更远的地方,17904979,QQ,QQ
"Md,只在Clannad和这里哭过，c",1156.189,1,16777215,2022-12-27 20:34:33,29238193,1,青春百万円,比宇宙更远的地方,17904979,MdClannadc,MdClannadc
16wrmb左右,796.674,1,16777215,2022-11-14 00:06:40,29238193,1,青春百万円,比宇宙更远的地方,17904979,16wrmb,16wrmb
RMB66000,807.719,1,16777215,2022-10-22 22:09:41,29238193,1,青春百万円,比宇宙更远的地方,17904979,RMB66000,RMB66000
chebg,1243.679,1,8700107,2022-10-04 23:38:09,29238193,1,青春百万円,比宇宙更远的地方,17904979,chebg,chebg
老规矩，op只听一遍,146.012,1,16777215,2022-10-01 00:10:31,29238193,1,青春百万円,比宇宙更远的地方,17904979,op,op
好卡、ea、、,1052.618,1,16777215,2022-09-20 12:09:09,29238193,1,青春百万円,比宇宙更远的地方,17904979,ea,ea
100W也不够啊。。。,801.276,1,16777215,2022-09-14 18:14:51,29238193,1,青春百万円,比宇宙更远的地方,17904979,100W,100W
op414,1397.452,5,15138834,2022-09-11 15:33:34,29238193,1,青春百万円,比宇宙更远的地方,17904979,op414,op414
Sakana~,1286.1,5,9033215,2022-09-06 15:58:52,29238193,1,青春百万円,比宇宙更远的地方,17904979,Sakana,Sakana
五万RMB,606.647,1,16777215,2022-09-04 20:37:11,29238193,1,青春百万円,比宇宙更远的地方,17904979,RMB,RMB
闻香识女人（bushi）,649.346,5,41194,2022-09-02 00:23:18,29238193,1,青春百万円,比宇宙更远的地方,17904979,bushi,bushi
100w刀乐都不太行,1141.543,1,16777215,2022-08-26 01:11:31,29238193,1,青春百万円,比宇宙更远的地方,17904979,100w,100w
uyujhhjhj,241.246,1,16777215,2022-08-24 16:38:01,29238193,1,青春百万円,比宇宙更远的地方,17904979,uyujhhjhj,uyujhhjhj
g f f f,494.954,1,16777215,2022-08-22 21:06:21,29238193,1,青春百万円,比宇宙更远的地方,17904979,g f f f,g f f f
iPhone 6,457.962,1,16777215,2022-08-10 23:04:11,29238193,1,青春百万円,比宇宙更远的地方,17904979,iPhone 6,iPhone 6
bilibili无限矿业集团,0.62,5,38979,2022-07-19 15:32:52,29238193,1,青春百万円,比宇宙更远的地方,17904979,bilibili,bilibili
1000多rmb的票,1279.746,1,16777215,2022-07-16 20:03:55,29238193,1,青春百万円,比宇宙更远的地方,17904979,1000rmb,1000rmb
主线任务get,774.421,1,14811775,2022-06-23 22:38:54,29238193,1,青春百万円,比宇宙更远的地方,17904979,get,get
逃过 emm 被老师叫走的 也不是逃 反正就是舞蹈课,396.091,1,16777215,2022-06-04 10:15:32,29238193,1,青春百万円,比宇宙更远的地方,17904979,emm,emm
跟我一样，呜呜X﹏X,482.028,1,16777215,2022-04-29 17:53:03,29238193,1,青春百万円,比宇宙更远的地方,17904979,XX,XX
不穿校服怎么骗过老妈出门啊Kora！,354.079,1,16777215,2022-03-15 23:27:50,29238193,1,青春百万円,比宇宙更远的地方,17904979,Kora,Kora
YAMAL号,1158.116,1,16777215,2022-01-27 17:01:56,29238193,1,青春百万円,比宇宙更远的地方,17904979,YAMAL,YAMAL
mini腌萝卜,84.382,1,9599289,2022-01-24 12:28:55,29238193,1,青春百万円,比宇宙更远的地方,17904979,mini,mini
这个不是ED，这个是插曲（,1151.218,1,16777215,2021-12-15 19:20:54,29238193,1,青春百万円,比宇宙更远的地方,17904979,ED,ED
你需要一个QB,453.375,5,15138834,2021-11-06 14:13:53,29238193,1,青春百万円,比宇宙更远的地方,17904979,QB,QB
不进行训练，派遣sirzj,829.807,1,16777215,2021-11-02 22:03:17,29238193,1,青春百万円,比宇宙更远的地方,17904979,sirzj,sirzj
kkkkon？,140.465,1,16777215,2021-10-19 01:07:39,29238193,1,青春百万円,比宇宙更远的地方,17904979,kkkkon,kkkkon
寒鸦号n b,1177.578,1,16777215,2021-09-21 23:19:13,29238193,1,青春百万円,比宇宙更远的地方,17904979,n b,n b
3Q了张大夫，真实妙手回春那,735.752,5,41194,2021-08-31 20:42:00,29238193,1,青春百万円,比宇宙更远的地方,17904979,3Q,3Q
南极有机场，但没有4f这种大机场，只有雪跑道,1124.848,5,15138834,2021-08-29 02:27:06,29238193,1,青春百万円,比宇宙更远的地方,17904979,4f,4f
cia直呼内行,46.327,1,16777215,2021-08-28 18:07:43,29238193,1,青春百万円,比宇宙更远的地方,17904979,cia,cia
oh…year,754.623,1,16777215,2021-08-23 20:50:46,29238193,1,青春百万円,比宇宙更远的地方,17904979,ohyear,ohyear
我先去M78星云，可以吗？,274.242,1,16777215,2021-08-22 19:08:41,29238193,1,青春百万円,比宇宙更远的地方,17904979,M78,M78
我也是啊www,474.747,5,41194,2021-08-19 18:41:06,29238193,1,青春百万円,比宇宙更远的地方,17904979,www,www
船票加机票最低8W,840.17,1,16777215,2021-07-25 03:54:01,29238193,1,青春百万円,比宇宙更远的地方,17904979,8W,8W
你们qiue,1080.151,1,16777215,2021-07-21 17:28:39,29238193,1,青春百万円,比宇宙更远的地方,17904979,qiue,qiue
这个TRUE也算是暗示吧…,737.745,1,16777215,2021-07-18 00:03:17,29238193,1,青春百万円,比宇宙更远的地方,17904979,TRUE,TRUE
biang,1127.131,1,16777215,2021-07-07 22:20:02,29238193,1,青春百万円,比宇宙更远的地方,17904979,biang,biang
CR好好学学,1264.608,1,16777215,2021-07-07 14:36:57,29238193,1,青春百万円,比宇宙更远的地方,17904979,CR,CR
諭吉先生X100,571.47,5,104601,2021-06-21 19:47:53,29238193,1,青春百万円,比宇宙更远的地方,17904979,X100,X100
6wRMB,762.676,1,16777215,2021-06-18 15:23:43,29238193,1,青春百万円,比宇宙更远的地方,17904979,6wRMB,6wRMB
是霸王他用了Duang,526.898,1,16777215,2021-05-30 22:36:06,29238193,1,青春百万円,比宇宙更远的地方,17904979,Duang,Duang
好好的女生长了张嘴hhhhhhh,749.2,1,16777215,2021-05-28 15:58:52,29238193,1,青春百万円,比宇宙更远的地方,17904979,hhhhhhh,hhhhhhh
这个不是ED，ED也很好听,1079.088,5,16740868,2021-05-18 23:18:59,29238193,1,青春百万円,比宇宙更远的地方,17904979,EDED,EDED
一上来就是水子姐，i了i了,14.499,1,16777215,2021-05-10 01:20:57,29238193,1,青春百万円,比宇宙更远的地方,17904979,ii,ii
花田就是JK的神！！！,163.737,1,16777215,2021-04-18 21:18:54,29238193,1,青春百万円,比宇宙更远的地方,17904979,JK,JK
老cl了,681.626,1,16777215,2021-04-11 08:41:09,29238193,1,青春百万円,比宇宙更远的地方,17904979,cl,cl
一花 VS 五月,711.568,5,16646914,2021-04-10 18:44:02,29238193,1,青春百万円,比宇宙更远的地方,17904979,VS,VS
小南极，en,26.094,1,16777215,2021-04-03 08:32:57,29238193,1,青春百万円,比宇宙更远的地方,17904979,en,en
这票价比12h的高铁二等座都贵,1306.182,1,16777215,2021-03-26 22:25:02,29238193,1,青春百万円,比宇宙更远的地方,17904979,12h,12h
CRH2A原型车？,1245.242,1,16777215,2021-03-26 22:24:01,29238193,1,青春百万円,比宇宙更远的地方,17904979,CRH2A,CRH2A
亲爱的母亲：（内容未填）发送自我的phone,1321.87,1,16777215,2021-03-21 18:21:13,29238193,1,青春百万円,比宇宙更远的地方,17904979,phone,phone
wkwk,320.142,1,16777215,2021-03-01 12:38:54,29238193,1,青春百万円,比宇宙更远的地方,17904979,wkwk,wkwk
hhhhhh像狗狗,983.276,1,41194,2021-02-26 13:04:16,29238193,1,青春百万円,比宇宙更远的地方,17904979,hhhhhh,hhhhhh
hhhhhh对不起，我捡到的时候只剩这个信封了ohh,759.937,1,41194,2021-02-26 12:58:37,29238193,1,青春百万円,比宇宙更远的地方,17904979,hhhhhhohh,hhhhhhohh
hhhhh,1394.831,1,16777215,2021-02-24 01:56:56,29238193,1,青春百万円,比宇宙更远的地方,17904979,hhhhh,hhhhh
好一个taoue,393.136,5,15138834,2021-02-23 21:22:09,29238193,1,青春百万円,比宇宙更远的地方,17904979,taoue,taoue
宋zaza到此一游,1156.498,1,15138834,2021-02-17 19:32:56,29238193,1,青春百万円,比宇宙更远的地方,17904979,zaza,zaza
这已经远超tv动画的水准了吧。。,182.889,5,41194,2021-02-15 23:10:07,29238193,1,青春百万円,比宇宙更远的地方,17904979,tv,tv
纱织姐姐乖巧.jpg,1332.019,5,15138834,2020-07-21 12:47:36,27155695462,2,歌舞伎町弗里曼特尔,比宇宙更远的地方,18137167,jpg,jpg
普通人能接触到的南极的旅行费用大概在14w左右,1253.043,1,16777215,2022-06-10 15:21:21,27155695462,2,歌舞伎町弗里曼特尔,比宇宙更远的地方,18137167,14w,14w
K-ON!的脚本花田老贼在，小南极像轻音很正常,733.162,1,16777215,2019-09-07 01:42:06,27155695462,2,歌舞伎町弗里曼特尔,比宇宙更远的地方,18137167,KON,KON
NO GAME NO LIFE！！！伊纲吼吼吼吼吼\^O^/,335.518,5,15138834,2020-08-05 22:34:28,27155695462,2,歌舞伎町弗里曼特尔,比宇宙更远的地方,18137167,NO GAME NO LIFEO,NO GAME NO LIFEO
柯南里群马县的zz警官hhhhh,862.113,5,16777215,2020-03-08 00:47:54,27155695462,2,歌舞伎町弗里曼特尔,比宇宙更远的地方,18137167,zzhhhhh,zzhhhhh
想起了呆唯MAX级别的外交术,949.755,1,16777215,2021-09-15 18:54:52,27155695462,2,歌舞伎町弗里曼特尔,比宇宙更远的地方,18137167,MAX,MAX
don't say lazy,119.652,1,16777215,2019-12-17 04:56:45,27155695462,2,歌舞伎町弗里曼特尔,比宇宙更远的地方,18137167,dont say lazy,dont say lazy
op开头总让我想起don't say lazy。,125.836,1,16777215,2019-08-16 12:56:17,27155695462,2,歌舞伎町弗里曼特尔,比宇宙更远的地方,18137167,opdont say lazy,opdont say lazy
好像MIO的性格,969.905,5,16776960,2021-01-31 13:33:50,27155695462,2,歌舞伎町弗里曼特尔,比宇宙更远的地方,18137167,MIO,MIO
瓦鲁姆 卡兹 acdc,1165.524,5,15138834,2020-07-28 13:06:26,27155695462,2,歌舞伎町弗里曼特尔,比宇宙更远的地方,18137167,acdc,acdc
krkrdkdk,858.662,5,15772458,2023-06-25 11:40:29,27155695462,2,歌舞伎町弗里曼特尔,比宇宙更远的地方,18137167,krkrdkdk,krkrdkdk
忧郁hhhhhhhh,326.912,1,16777215,2020-02-06 04:01:43,27155695462,2,歌舞伎町弗里曼特尔,比宇宙更远的地方,18137167,hhhhhhhh,hhhhhhhh
bad women你够了，是bad girl好吗,1178.222,5,16777215,2020-02-03 19:18:06,27155695462,2,歌舞伎町弗里曼特尔,比宇宙更远的地方,18137167,bad womenbad girl,bad womenbad girl
SO嘎,342.185,1,16777215,2019-02-08 09:14:43,27155695462,2,歌舞伎町弗里曼特尔,比宇宙更远的地方,18137167,SO,SO
倒不是我说，但连六万rmb都掏不出的考察队也太........,1218.813,1,16777215,2021-04-21 20:26:46,27155695462,2,歌舞伎町弗里曼特尔,比宇宙更远的地方,18137167,rmb,rmb
最开始真的和god knows一样,118.638,1,16777215,2021-05-05 16:44:48,27155695462,2,歌舞伎町弗里曼特尔,比宇宙更远的地方,18137167,god knows,god knows
Comrade!,597.304,5,15138834,2020-06-08 20:45:17,27155695462,2,歌舞伎町弗里曼特尔,比宇宙更远的地方,18137167,Comrade,Comrade
hhhhhhhc,622.014,1,16777215,2023-08-09 02:08:50,27155695462,2,歌舞伎町弗里曼特尔,比宇宙更远的地方,18137167,hhhhhhhc,hhhhhhhc
Sodayo,970.507,5,15138834,2023-08-22 13:30:01,27155695462,2,歌舞伎町弗里曼特尔,比宇宙更远的地方,18137167,Sodayo,Sodayo
"tips""日向是田径队的",1025.429,5,10546688,2023-04-20 01:13:49,27155695462,2,歌舞伎町弗里曼特尔,比宇宙更远的地方,18137167,tips,tips
N1听力开始,263.318,1,15138834,2022-08-31 00:26:02,27155695462,2,歌舞伎町弗里曼特尔,比宇宙更远的地方,18137167,N1,N1
rewrite,322.635,1,16777215,2021-10-14 00:34:55,27155695462,2,歌舞伎町弗里曼特尔,比宇宙更远的地方,18137167,rewrite,rewrite
tamaki，宁也是环子哥？,558.214,1,16646914,2022-07-01 13:12:38,27155695462,2,歌舞伎町弗里曼特尔,比宇宙更远的地方,18137167,tamaki,tamaki
歌舞伎町拉拉和gay很多啊,1083.799,1,16777215,2020-01-11 22:31:17,27155695462,2,歌舞伎町弗里曼特尔,比宇宙更远的地方,18137167,gay,gay
index。。。是你了没错,611.374,1,16777215,2020-02-17 19:47:05,27155695462,2,歌舞伎町弗里曼特尔,比宇宙更远的地方,18137167,index,index
font-size,399.132,1,16777215,2019-12-07 20:36:07,27155695462,2,歌舞伎町弗里曼特尔,比宇宙更远的地方,18137167,fontsize,fontsize
madhouse好,364.603,5,16777215,2019-07-26 16:37:55,27155695462,2,歌舞伎町弗里曼特尔,比宇宙更远的地方,18137167,madhouse,madhouse
心动的感jio.,76.41,1,16777215,2019-07-25 21:59:58,27155695462,2,歌舞伎町弗里曼特尔,比宇宙更远的地方,18137167,jio,jio
kolacoca可还行。,599.483,5,16777215,2019-08-16 13:17:28,27155695462,2,歌舞伎町弗里曼特尔,比宇宙更远的地方,18137167,kolacoca,kolacoca
wooo,518.9,1,16777215,2019-04-25 19:21:23,27155695462,2,歌舞伎町弗里曼特尔,比宇宙更远的地方,18137167,wooo,wooo
bgm吓得我以为家里来蟑螂了qwq,597.314,1,16777215,2019-03-09 17:32:58,27155695462,2,歌舞伎町弗里曼特尔,比宇宙更远的地方,18137167,bgmqwq,bgmqwq
哈aa,377.726,1,16777215,2019-06-15 11:51:10,27155695462,2,歌舞伎町弗里曼特尔,比宇宙更远的地方,18137167,aa,aa
Hawaii,380.4,1,16777215,2019-05-23 23:23:44,27155695462,2,歌舞伎町弗里曼特尔,比宇宙更远的地方,18137167,Hawaii,Hawaii
来首白金disc给大家助助兴,576.465,1,16777215,2019-05-07 20:08:45,27155695462,2,歌舞伎町弗里曼特尔,比宇宙更远的地方,18137167,disc,disc
ACE,1135.203,1,16777215,2019-01-26 13:25:52,27155695462,2,歌舞伎町弗里曼特尔,比宇宙更远的地方,18137167,ACE,ACE
跑步真TM开心,1024.163,1,16777215,2019-01-28 10:04:14,27155695462,2,歌舞伎町弗里曼特尔,比宇宙更远的地方,18137167,TM,TM
轮到我当hinata了,566.503,1,16777215,2021-01-27 20:48:47,27155695462,2,歌舞伎町弗里曼特尔,比宇宙更远的地方,18137167,hinata,hinata
AOE的打工路,564.745,5,16765698,2021-01-19 16:09:37,27155695462,2,歌舞伎町弗里曼特尔,比宇宙更远的地方,18137167,AOE,AOE
BGM轻音（doge）,112.932,1,16707842,2020-08-28 09:08:03,27155695462,2,歌舞伎町弗里曼特尔,比宇宙更远的地方,18137167,BGMdoge,BGMdoge
 日向np！,1123.496,1,16707842,2020-08-18 03:08:05,27155695462,2,歌舞伎町弗里曼特尔,比宇宙更远的地方,18137167,np,np
NO GAKE NO LIFE！！！伊纲吼吼吼吼吼\^O^/,342.277,5,15138834,2020-08-05 22:33:37,27155695462,2,歌舞伎町弗里曼特尔,比宇宙更远的地方,18137167,NO GAKE NO LIFEO,NO GAKE NO LIFEO
组队3/4hhhhh,604.381,5,41194,2020-05-15 22:20:31,27155695462,2,歌舞伎町弗里曼特尔,比宇宙更远的地方,18137167,34hhhhh,34hhhhh
滑稽。png,84.813,1,16777215,2020-04-16 18:28:27,27155695462,2,歌舞伎町弗里曼特尔,比宇宙更远的地方,18137167,png,png
Welcome to Jumanji!,847.505,1,16777215,2020-04-13 19:58:43,27155695462,2,歌舞伎町弗里曼特尔,比宇宙更远的地方,18137167,Welcome to Jumanji,Welcome to Jumanji
no。。。。。。,399.166,1,16777215,2020-03-10 12:28:44,27155695462,2,歌舞伎町弗里曼特尔,比宇宙更远的地方,18137167,no,no
开头想到godknows,109.949,1,16777215,2020-03-06 00:26:32,27155695462,2,歌舞伎町弗里曼特尔,比宇宙更远的地方,18137167,godknows,godknows
haoda,581.829,1,16777215,2020-03-01 18:44:56,27155695462,2,歌舞伎町弗里曼特尔,比宇宙更远的地方,18137167,haoda,haoda
3D2Y的你们够了,1041.486,5,16777215,2025-09-17 19:47:00,27155695462,2,歌舞伎町弗里曼特尔,比宇宙更远的地方,18137167,3D2Y,3D2Y
T_T,666.357,1,16777215,2025-05-25 09:15:05,27155695462,2,歌舞伎町弗里曼特尔,比宇宙更远的地方,18137167,TT,TT
aoi,570.896,1,16777215,2025-02-15 23:09:07,27155695462,2,歌舞伎町弗里曼特尔,比宇宙更远的地方,18137167,aoi,aoi
wwwwwwwww,900.638,1,16777215,2024-05-08 14:35:43,27155695462,2,歌舞伎町弗里曼特尔,比宇宙更远的地方,18137167,wwwwwwwww,wwwwwwwww
现在存了三万，准备我的gap year,48.86,1,16777215,2023-06-28 12:58:39,27155695462,2,歌舞伎町弗里曼特尔,比宇宙更远的地方,18137167,gap year,gap year
100万yen怎么够，100万刀乐差不多,1212.355,1,16777215,2024-06-02 08:28:17,27155695462,2,歌舞伎町弗里曼特尔,比宇宙更远的地方,18137167,100yen100,100yen100
nonono,409.544,1,16777215,2024-04-28 18:03:45,27155695462,2,歌舞伎町弗里曼特尔,比宇宙更远的地方,18137167,nonono,nonono
kolakoca可太行了,595.047,5,15138834,2022-12-15 16:24:15,27155695462,2,歌舞伎町弗里曼特尔,比宇宙更远的地方,18137167,kolakoca,kolakoca
强力加盟IPX,404.035,5,16776960,2022-12-07 12:47:57,27155695462,2,歌舞伎町弗里曼特尔,比宇宙更远的地方,18137167,IPX,IPX
aDB,1308.531,1,16777215,2023-11-09 22:30:37,27155695462,2,歌舞伎町弗里曼特尔,比宇宙更远的地方,18137167,aDB,aDB
rap是吧,1302.12,1,16777215,2022-10-07 20:34:16,27155695462,2,歌舞伎町弗里曼特尔,比宇宙更远的地方,18137167,rap,rap
nice,197.317,1,16777215,2023-10-02 13:41:34,27155695462,2,歌舞伎町弗里曼特尔,比宇宙更远的地方,18137167,nice,nice
T.T 衣服233,629.838,1,16777215,2024-02-28 02:15:58,27155695462,2,歌舞伎町弗里曼特尔,比宇宙更远的地方,18137167,TT 233,TT
cy,1072.291,1,16777215,2024-08-14 17:44:52,27155695462,2,歌舞伎町弗里曼特尔,比宇宙更远的地方,18137167,cy,cy
Mio,959.202,1,16777215,2023-10-02 13:55:34,27155695462,2,歌舞伎町弗里曼特尔,比宇宙更远的地方,18137167,Mio,Mio
左上方有异端，fff团安在？,215.073,1,16777215,2022-11-08 10:37:22,27155695462,2,歌舞伎町弗里曼特尔,比宇宙更远的地方,18137167,fff,fff
JK散步www,229.347,1,16777215,2024-05-08 13:48:31,27155695462,2,歌舞伎町弗里曼特尔,比宇宙更远的地方,18137167,JKwww,JKwww
4花Q,1416.822,1,16777215,2022-09-29 16:12:55,27155695462,2,歌舞伎町弗里曼特尔,比宇宙更远的地方,18137167,4Q,4Q
p人和j人,387.646,1,16777215,2023-07-26 12:41:55,27155695462,2,歌舞伎町弗里曼特尔,比宇宙更远的地方,18137167,pj,pj
yxllove,739.097,1,14811775,2023-01-31 20:58:58,27155695462,2,歌舞伎町弗里曼特尔,比宇宙更远的地方,18137167,yxllove,yxllove
简称kmr,559.415,5,9033215,2022-01-29 15:10:24,27155695462,2,歌舞伎町弗里曼特尔,比宇宙更远的地方,18137167,kmr,kmr
one piece,39.568,1,16777215,2022-10-17 19:15:38,27155695462,2,歌舞伎町弗里曼特尔,比宇宙更远的地方,18137167,one piece,one piece
kuo,543.125,1,16777215,2022-09-04 21:00:31,27155695462,2,歌舞伎町弗里曼特尔,比宇宙更远的地方,18137167,kuo,kuo
klnlnnn,47.425,1,16777215,2022-08-06 18:22:13,27155695462,2,歌舞伎町弗里曼特尔,比宇宙更远的地方,18137167,klnlnnn,klnlnnn
去南极伊拉克，没ak我给你发,357.259,1,16777215,2022-08-23 13:33:05,27155695462,2,歌舞伎町弗里曼特尔,比宇宙更远的地方,18137167,ak,ak
传说中的baba活,231.407,1,16777215,2022-08-21 01:01:40,27155695462,2,歌舞伎町弗里曼特尔,比宇宙更远的地方,18137167,baba,baba
tangoz,641.938,1,16777215,2022-08-14 16:51:03,27155695462,2,歌舞伎町弗里曼特尔,比宇宙更远的地方,18137167,tangoz,tangoz
pa,85.259,1,16777215,2022-08-09 12:25:06,27155695462,2,歌舞伎町弗里曼特尔,比宇宙更远的地方,18137167,pa,pa
NA NO DA！,764.414,5,14811775,2022-06-04 09:28:19,27155695462,2,歌舞伎町弗里曼特尔,比宇宙更远的地方,18137167,NA NO DA,NA NO DA
这个我熟悉，有 一篇讲shirase这个人的文章。,39.865,1,16777215,2022-05-31 10:39:20,27155695462,2,歌舞伎町弗里曼特尔,比宇宙更远的地方,18137167,shirase,shirase
6b,406.37,1,16777215,2022-05-15 17:05:32,27155695462,2,歌舞伎町弗里曼特尔,比宇宙更远的地方,18137167,6b,6b
flag,255.572,1,16777215,2019-11-03 12:56:51,27155695462,2,歌舞伎町弗里曼特尔,比宇宙更远的地方,18137167,flag,flag
aoe!,552.268,1,16777215,2021-10-10 23:37:38,27155695462,2,歌舞伎町弗里曼特尔,比宇宙更远的地方,18137167,aoe,aoe
xyz,871.408,1,16777215,2019-10-01 17:02:40,27155695462,2,歌舞伎町弗里曼特尔,比宇宙更远的地方,18137167,xyz,xyz
sao,326.649,1,16777215,2020-01-21 19:31:16,27155695462,2,歌舞伎町弗里曼特尔,比宇宙更远的地方,18137167,sao,sao
op里的小姐姐加1,552.861,1,16777215,2021-08-11 21:10:41,27155695462,2,歌舞伎町弗里曼特尔,比宇宙更远的地方,18137167,op1,op1
What,928.608,1,16777215,2020-02-23 21:17:23,27155695462,2,歌舞伎町弗里曼特尔,比宇宙更远的地方,18137167,What,What
AWSL,632.912,1,16777215,2019-08-28 23:13:07,27155695462,2,歌舞伎町弗里曼特尔,比宇宙更远的地方,18137167,AWSL,AWSL
magicbook,532.939,1,16777215,2019-12-07 20:38:21,27155695462,2,歌舞伎町弗里曼特尔,比宇宙更远的地方,18137167,magicbook,magicbook
Line Rine,430.603,1,16777215,2019-11-21 21:27:02,27155695462,2,歌舞伎町弗里曼特尔,比宇宙更远的地方,18137167,Line Rine,Line Rine
这狗地方，max小蛋糕？！,1073.601,1,16777215,2019-11-08 01:34:00,27155695462,2,歌舞伎町弗里曼特尔,比宇宙更远的地方,18137167,max,max
讲到新宿，这个时候不是i应该喊声XYZ嘛…,1057.094,1,16777215,2019-08-12 06:12:18,27155695462,2,歌舞伎町弗里曼特尔,比宇宙更远的地方,18137167,iXYZ,iXYZ
is,1138.325,1,16777215,2019-08-12 00:02:52,27155695462,2,歌舞伎町弗里曼特尔,比宇宙更远的地方,18137167,is,is
ASD？,821.59,1,16777215,2019-10-08 17:42:48,27155695462,2,歌舞伎町弗里曼特尔,比宇宙更远的地方,18137167,ASD,ASD
emmmmmm,980.705,1,16777215,2019-08-07 15:41:19,27155695462,2,歌舞伎町弗里曼特尔,比宇宙更远的地方,18137167,emmmmmm,emmmmmm
width,406.806,1,16777215,2019-12-07 20:36:15,27155695462,2,歌舞伎町弗里曼特尔,比宇宙更远的地方,18137167,width,width
emmmmmmm……,407.614,1,16777215,2019-09-01 00:48:03,27155695462,2,歌舞伎町弗里曼特尔,比宇宙更远的地方,18137167,emmmmmmm,emmmmmmm
HOLUP,230.135,1,16777215,2019-11-07 13:38:45,27155695462,2,歌舞伎町弗里曼特尔,比宇宙更远的地方,18137167,HOLUP,HOLUP
google,704.737,1,16777215,2019-12-07 20:41:13,27155695462,2,歌舞伎町弗里曼特尔,比宇宙更远的地方,18137167,google,google
wryyyy,1005.96,5,16777215,2019-11-10 12:51:37,27155695462,2,歌舞伎町弗里曼特尔,比宇宙更远的地方,18137167,wryyyy,wryyyy
ace,1132.501,1,16777215,2019-09-12 23:51:26,27155695462,2,歌舞伎町弗里曼特尔,比宇宙更远的地方,18137167,ace,ace
ABC  哈哈哈哈哈。。。,1313.411,1,16777215,2019-10-24 20:17:14,27155695462,2,歌舞伎町弗里曼特尔,比宇宙更远的地方,18137167,ABC,ABC
少女，请suan思,240.625,1,16777215,2019-09-30 21:27:10,27155695462,2,歌舞伎町弗里曼特尔,比宇宙更远的地方,18137167,suan,suan
群马的Project.D,864.632,1,16777215,2019-08-05 01:58:26,27155695462,2,歌舞伎町弗里曼特尔,比宇宙更远的地方,18137167,ProjectD,ProjectD
名言poi,765.429,1,16777215,2019-03-17 18:48:17,27155695462,2,歌舞伎町弗里曼特尔,比宇宙更远的地方,18137167,poi,poi
OMG,407.389,1,16777215,2019-03-15 20:26:08,27155695462,2,歌舞伎町弗里曼特尔,比宇宙更远的地方,18137167,OMG,OMG
这都在你的算计之中吗，jojo？,1137.813,1,16777215,2019-03-15 00:39:02,27155695462,2,歌舞伎町弗里曼特尔,比宇宙更远的地方,18137167,jojo,jojo
jog！jog！jog！,1013.897,1,16777215,2019-08-02 20:50:54,27155695462,2,歌舞伎町弗里曼特尔,比宇宙更远的地方,18137167,jogjogjog,jogjogjog
des,337.887,1,16777215,2019-08-10 10:59:39,27155695462,2,歌舞伎町弗里曼特尔,比宇宙更远的地方,18137167,des,des
JR东Suica企鹅,761.165,1,16777215,2019-07-17 15:31:15,27155695462,2,歌舞伎町弗里曼特尔,比宇宙更远的地方,18137167,JRSuica,JRSuica
working,588.608,1,16777215,2019-07-31 11:13:53,27155695462,2,歌舞伎町弗里曼特尔,比宇宙更远的地方,18137167,working,working
yui，mio和律,145.32,5,16777215,2021-01-04 01:19:25,29993893,3,回粉停不下来,比宇宙更远的地方,18375600,yuimio,yuimio
这是JO立啊！为什么你会！,138.775,1,16777215,2019-11-13 20:45:17,29993893,3,回粉停不下来,比宇宙更远的地方,18375600,JO,JO
mio，yui，律队的既视感,147.153,1,16707842,2022-09-03 11:01:56,29993893,3,回粉停不下来,比宇宙更远的地方,18375600,mioyui,mioyui
『The World』！时间停住！,286.899,5,16776960,2022-11-14 08:58:22,29993893,3,回粉停不下来,比宇宙更远的地方,18375600,The World,The World
去吹奏部当部长然后上低音萨克斯solo,791.203,1,16777215,2023-08-16 17:48:02,29993893,3,回粉停不下来,比宇宙更远的地方,18375600,solo,solo
mugi,197.176,1,16777215,2019-07-19 21:29:59,29993893,3,回粉停不下来,比宇宙更远的地方,18375600,mugi,mugi
"C,A,D,B",1288.096,5,16707842,2023-04-15 19:52:15,29993893,3,回粉停不下来,比宇宙更远的地方,18375600,CADB,CADB
ray  一起走吧,997.73,5,16646914,2020-09-15 21:54:21,29993893,3,回粉停不下来,比宇宙更远的地方,18375600,ray,ray
cdd行为,837.426,1,16777215,2020-09-03 23:17:06,29993893,3,回粉停不下来,比宇宙更远的地方,18375600,cdd,cdd
o-rora,359.555,1,16777215,2020-07-13 21:33:16,29993893,3,回粉停不下来,比宇宙更远的地方,18375600,orora,orora
K ON,1017.868,1,16777215,2026-02-22 16:29:21,29993893,3,回粉停不下来,比宇宙更远的地方,18375600,K ON,K ON
喜欢黑发line好配,715.39,1,16777215,2026-01-30 14:14:26,29993893,3,回粉停不下来,比宇宙更远的地方,18375600,line,line
BGM好听！！这部的BGM很棒！！,1123.878,1,15772458,2025-11-05 11:52:35,29993893,3,回粉停不下来,比宇宙更远的地方,18375600,BGMBGM,BGMBGM
yosoro！,1252.886,1,9033215,2025-06-21 20:53:53,29993893,3,回粉停不下来,比宇宙更远的地方,18375600,yosoro,yosoro
gugugaga,1228.264,1,16777215,2025-03-26 00:34:11,29993893,3,回粉停不下来,比宇宙更远的地方,18375600,gugugaga,gugugaga
Yosoro ,1263.947,1,8700107,2024-09-10 20:14:56,29993893,3,回粉停不下来,比宇宙更远的地方,18375600,Yosoro,Yosoro
yeah~,241.905,1,16777215,2024-08-26 22:59:20,29993893,3,回粉停不下来,比宇宙更远的地方,18375600,yeah,yeah
YOSORO!,1253.84,1,41194,2024-08-01 23:11:14,29993893,3,回粉停不下来,比宇宙更远的地方,18375600,YOSORO,YOSORO
The shy,208.595,1,16777215,2024-07-16 13:46:24,29993893,3,回粉停不下来,比宇宙更远的地方,18375600,The shy,The shy
T1000,250.882,1,16777215,2024-06-04 19:05:34,29993893,3,回粉停不下来,比宇宙更远的地方,18375600,T1000,T1000
有bug啊，从她参加聚会，私自去找主角团以及现在都没看出来任何的忙碌。。。,776.226,1,16777215,2024-05-20 12:29:58,29993893,3,回粉停不下来,比宇宙更远的地方,18375600,bug,bug
前方耳机党福音X2,333.579,5,16707842,2024-05-04 15:57:26,29993893,3,回粉停不下来,比宇宙更远的地方,18375600,X2,X2
yousoro,1266.646,1,16777215,2024-03-08 20:12:04,29993893,3,回粉停不下来,比宇宙更远的地方,18375600,yousoro,yousoro
Hyūga Hinata,601.65,1,16777215,2024-03-08 19:48:22,29993893,3,回粉停不下来,比宇宙更远的地方,18375600,Hyga Hinata,Hyga Hinata
哈哈哈 水濑祈这 nei 太可爱了,872.551,1,38979,2024-01-14 13:13:59,29993893,3,回粉停不下来,比宇宙更远的地方,18375600,nei,nei
Bengi（幻听,1227.794,5,15138834,2024-01-12 18:01:16,29993893,3,回粉停不下来,比宇宙更远的地方,18375600,Bengi,Bengi
cpu烧了,926.12,1,16777215,2023-10-05 00:39:47,29993893,3,回粉停不下来,比宇宙更远的地方,18375600,cpu,cpu
一死三重伤。end。。。,1046.905,5,15138834,2023-07-02 11:45:48,29993893,3,回粉停不下来,比宇宙更远的地方,18375600,end,end
那是枕头，a ho,956.328,1,16777215,2023-06-06 15:32:54,29993893,3,回粉停不下来,比宇宙更远的地方,18375600,a ho,a ho
PUA要烧了,921.74,1,16777215,2023-05-28 08:46:02,29993893,3,回粉停不下来,比宇宙更远的地方,18375600,PUA,PUA
Aurora,1306.789,5,14811775,2023-05-12 21:05:13,29993893,3,回粉停不下来,比宇宙更远的地方,18375600,Aurora,Aurora
MVP,1014.547,1,16777215,2023-04-29 11:17:12,29993893,3,回粉停不下来,比宇宙更远的地方,18375600,MVP,MVP
官宣cp,1004.133,1,16777215,2023-04-26 23:21:44,29993893,3,回粉停不下来,比宇宙更远的地方,18375600,cp,cp
好唉！f4,989.159,1,16707842,2023-04-05 22:18:34,29993893,3,回粉停不下来,比宇宙更远的地方,18375600,f4,f4
RINE,1077.226,5,52480,2023-04-05 14:30:07,29993893,3,回粉停不下来,比宇宙更远的地方,18375600,RINE,RINE
莫西莫西 代xo步,775.829,1,16777215,2023-01-15 09:42:46,29993893,3,回粉停不下来,比宇宙更远的地方,18375600,xo,xo
原来这句是口头禅嘛ww,275.346,1,16777215,2022-12-26 05:39:34,29993893,3,回粉停不下来,比宇宙更远的地方,18375600,ww,ww
AT力场开始被中和了？,1085.385,1,15138834,2022-12-04 22:19:07,29993893,3,回粉停不下来,比宇宙更远的地方,18375600,AT,AT
jij和,715.666,1,16777215,2022-11-30 15:25:40,29993893,3,回粉停不下来,比宇宙更远的地方,18375600,jij,jij
Face  poke,1077.448,1,16707842,2022-11-15 12:27:24,29993893,3,回粉停不下来,比宇宙更远的地方,18375600,Face  poke,Face poke
Research拼错了,1185.85,1,16777215,2022-11-04 23:34:34,29993893,3,回粉停不下来,比宇宙更远的地方,18375600,Research,Research
watashimo,496.093,1,16777215,2022-10-03 15:53:10,29993893,3,回粉停不下来,比宇宙更远的地方,18375600,watashimo,watashimo
xsm,424.787,1,16777215,2022-09-04 21:20:34,29993893,3,回粉停不下来,比宇宙更远的地方,18375600,xsm,xsm
nie~~~~,871.019,1,9033215,2022-08-14 14:25:12,29993893,3,回粉停不下来,比宇宙更远的地方,18375600,nie,nie
cu,851.228,1,16777215,2022-08-13 21:30:42,29993893,3,回粉停不下来,比宇宙更远的地方,18375600,cu,cu
DNA動了的聲音,633.076,1,16777215,2022-07-17 13:55:44,29993893,3,回粉停不下来,比宇宙更远的地方,18375600,DNA,DNA
op出賣膩了23333,329.857,1,16777215,2022-07-04 04:56:56,29993893,3,回粉停不下来,比宇宙更远的地方,18375600,op23333,op23333
boing！！！,939.83,1,16777215,2022-06-25 17:18:42,29993893,3,回粉停不下来,比宇宙更远的地方,18375600,boing,boing
这种友情真的太美好了TAT,1172.721,5,15138834,2022-06-24 13:13:19,29993893,3,回粉停不下来,比宇宙更远的地方,18375600,TAT,TAT
经典OP卖人,336.769,5,16646914,2022-06-08 22:21:20,29993893,3,回粉停不下来,比宇宙更远的地方,18375600,OP,OP
ffffff,1027.789,1,16777215,2022-05-15 17:38:14,29993893,3,回粉停不下来,比宇宙更远的地方,18375600,ffffff,ffffff
可是只有一个人ye,439.68,1,16777215,2022-02-27 14:51:27,29993893,3,回粉停不下来,比宇宙更远的地方,18375600,ye,ye
fuze：咚咚咚安好了，启动,990.257,1,16777215,2022-02-18 23:18:22,29993893,3,回粉停不下来,比宇宙更远的地方,18375600,fuze,fuze
看成了YOASOBI,1254.153,1,8700107,2022-02-03 23:39:10,29993893,3,回粉停不下来,比宇宙更远的地方,18375600,YOASOBI,YOASOBI
wtube,1075.985,1,16777215,2022-01-19 12:20:51,29993893,3,回粉停不下来,比宇宙更远的地方,18375600,wtube,wtube
panzer vor！,1253.212,1,16777215,2022-01-11 18:28:23,29993893,3,回粉停不下来,比宇宙更远的地方,18375600,panzer vor,panzer vor
ne,877.33,1,16777215,2021-09-18 10:37:16,29993893,3,回粉停不下来,比宇宙更远的地方,18375600,ne,ne
Mie~,868.907,5,16777215,2021-09-12 13:31:49,29993893,3,回粉停不下来,比宇宙更远的地方,18375600,Mie,Mie
在我看来，这种童星出道和qjyn一样,497.594,1,16777215,2021-08-07 17:47:54,29993893,3,回粉停不下来,比宇宙更远的地方,18375600,qjyn,qjyn
泪目了qaq,1163.514,1,16777215,2021-07-02 00:17:59,29993893,3,回粉停不下来,比宇宙更远的地方,18375600,qaq,qaq
谢谢GGX,482.856,1,16777215,2021-06-11 16:31:00,29993893,3,回粉停不下来,比宇宙更远的地方,18375600,GGX,GGX
wwww抱抱啦,1157.582,5,16777215,2021-05-29 23:02:39,29993893,3,回粉停不下来,比宇宙更远的地方,18375600,wwww,wwww
这是愚物语的第三章，月火undo吗？,238.962,1,16777215,2021-05-22 19:55:15,29993893,3,回粉停不下来,比宇宙更远的地方,18375600,undo,undo
三飞的yosolo,1261.392,1,16777215,2021-05-03 04:22:52,29993893,3,回粉停不下来,比宇宙更远的地方,18375600,yosolo,yosolo
Nokia,1021.656,5,41194,2021-05-01 08:08:43,29993893,3,回粉停不下来,比宇宙更远的地方,18375600,Nokia,Nokia
NOKIA,1019.664,1,41194,2021-05-01 08:08:23,29993893,3,回粉停不下来,比宇宙更远的地方,18375600,NOKIA,NOKIA
毫不ooc,1053.861,1,16777215,2021-04-18 09:44:34,29993893,3,回粉停不下来,比宇宙更远的地方,18375600,ooc,ooc
BGM真的绝了QAQ,1180.328,1,16777215,2021-04-04 16:06:22,29993893,3,回粉停不下来,比宇宙更远的地方,18375600,BGMQAQ,BGMQAQ
妈当经纪人，童星出道，沙织姐姐？dna川西了,384.795,1,16777215,2021-03-18 00:03:42,29993893,3,回粉停不下来,比宇宙更远的地方,18375600,dna,dna
天哪baker和emon！！术术人狂喜,1370.491,1,41194,2021-03-13 13:47:16,29993893,3,回粉停不下来,比宇宙更远的地方,18375600,bakeremon,bakeremon
这很lovelive啊,1011.304,1,16777215,2021-03-04 20:47:05,29993893,3,回粉停不下来,比宇宙更远的地方,18375600,lovelive,lovelive
BIKO,667.442,1,16777215,2021-02-18 01:26:50,29993893,3,回粉停不下来,比宇宙更远的地方,18375600,BIKO,BIKO
老Loveliver了,1255.207,5,4351678,2021-02-12 21:40:32,29993893,3,回粉停不下来,比宇宙更远的地方,18375600,Loveliver,Loveliver
这妹子我喜欢的类型oh,10.927,5,13369971,2021-01-29 13:50:09,29993893,3,回粉停不下来,比宇宙更远的地方,18375600,oh,oh
熟悉的iOS拍照音效,1279.848,1,16777215,2021-01-25 09:31:20,29993893,3,回粉停不下来,比宇宙更远的地方,18375600,iOS,iOS
IOS,1085.432,1,16777215,2021-01-25 09:28:43,29993893,3,回粉停不下来,比宇宙更远的地方,18375600,IOS,IOS
YES!,1223.276,1,16777215,2020-11-16 22:30:40,29993893,3,回粉停不下来,比宇宙更远的地方,18375600,YES,YES
ykn,1228.238,1,16777215,2020-11-07 00:49:05,29993893,3,回粉停不下来,比宇宙更远的地方,18375600,ykn,ykn
都是LSP了,894.369,1,16777215,2020-10-20 23:43:02,29993893,3,回粉停不下来,比宇宙更远的地方,18375600,LSP,LSP
pingu,1419.764,1,16777215,2020-10-17 16:19:31,29993893,3,回粉停不下来,比宇宙更远的地方,18375600,pingu,pingu
ハルカトオクSAYA,1168.512,1,16777215,2020-10-15 21:50:51,29993893,3,回粉停不下来,比宇宙更远的地方,18375600,SAYA,SAYA
我终于知道yosoru的意思了,1254.995,1,16777215,2020-10-07 14:40:51,29993893,3,回粉停不下来,比宇宙更远的地方,18375600,yosoru,yosoru
shui？哪个shui（诶嘿嘿,983.988,1,16777215,2020-10-05 18:44:11,29993893,3,回粉停不下来,比宇宙更远的地方,18375600,shuishui,shuishui
BGM:ハルカトオクSAYA,1184.851,1,16777215,2020-09-21 22:21:36,29993893,3,回粉停不下来,比宇宙更远的地方,18375600,BGMSAYA,BGMSAYA
这npzimuzu,1333.842,1,16777215,2020-09-09 22:12:59,29993893,3,回粉停不下来,比宇宙更远的地方,18375600,npzimuzu,npzimuzu
rine,1081.876,1,16777215,2020-09-04 15:03:03,29993893,3,回粉停不下来,比宇宙更远的地方,18375600,rine,rine
i83,1231.765,1,16777215,2020-09-03 23:25:05,29993893,3,回粉停不下来,比宇宙更远的地方,18375600,i83,i83
"Please don't say you are lazy,たで本当わcrazy~",17.726,1,16777215,2020-08-30 21:22:13,29993893,3,回粉停不下来,比宇宙更远的地方,18375600,Please dont say you are lazycrazy,Please dont say you are lazycrazy
Linux,1223.603,5,15138834,2020-08-29 15:32:39,29993893,3,回粉停不下来,比宇宙更远的地方,18375600,Linux,Linux
ins?,110.835,5,16777215,2020-08-19 08:33:57,29993893,3,回粉停不下来,比宇宙更远的地方,18375600,ins,ins
皮套vtuber出道就不用在乎颜值了,439.374,1,16777215,2020-08-16 20:25:56,29993893,3,回粉停不下来,比宇宙更远的地方,18375600,vtuber,vtuber
UNO大军,1369.131,1,16777215,2020-08-16 04:01:25,29993893,3,回粉停不下来,比宇宙更远的地方,18375600,UNO,UNO
Op出卖了你。,494.199,1,15138834,2020-08-11 11:17:40,29993893,3,回粉停不下来,比宇宙更远的地方,18375600,Op,Op
WTF,1041.636,1,16777215,2020-08-10 20:14:12,29993893,3,回粉停不下来,比宇宙更远的地方,18375600,WTF,WTF
yosaro！！！,1255.664,1,16777215,2020-08-04 11:48:31,29993893,3,回粉停不下来,比宇宙更远的地方,18375600,yosaro,yosaro
啊啊啊你是怎么做到一脸平静地说出这话的啊TVT,754.483,5,8700107,2020-08-04 00:32:56,29993893,3,回粉停不下来,比宇宙更远的地方,18375600,TVT,TVT
RIME？,1076.512,1,38979,2020-08-03 12:55:18,29993893,3,回粉停不下来,比宇宙更远的地方,18375600,RIME,RIME
白夜凛音也可以啊hxd们,932.732,1,16777215,2020-08-02 20:37:31,29993893,3,回粉停不下来,比宇宙更远的地方,18375600,hxd,hxd
money money money~~~,871.294,1,4351678,2020-07-31 00:16:03,29993893,3,回粉停不下来,比宇宙更远的地方,18375600,money money money,money money money
Mea,871.294,1,4351678,2020-07-31 00:15:48,29993893,3,回粉停不下来,比宇宙更远的地方,18375600,Mea,Mea
popo子声线,350.398,1,16777215,2020-07-28 00:01:49,29993893,3,回粉停不下来,比宇宙更远的地方,18375600,popo,popo
a hjhhh,673.706,1,16777215,2020-07-27 12:57:04,29993893,3,回粉停不下来,比宇宙更远的地方,18375600,a hjhhh,a hjhhh
vvvv,1046.243,1,16777215,2020-07-25 19:00:50,29993893,3,回粉停不下来,比宇宙更远的地方,18375600,vvvv,vvvv
suki,11.322,1,16777215,2020-07-25 08:17:58,29993893,3,回粉停不下来,比宇宙更远的地方,18375600,suki,suki
这三还真有可能这样玩ヾ(￣▽￣)Bye~Bye~,1059.375,1,16777215,2020-07-14 09:17:23,29993893,3,回粉停不下来,比宇宙更远的地方,18375600,ByeBye,ByeBye
是因为friend吧,572.952,5,14811775,2020-07-10 17:32:30,29993893,3,回粉停不下来,比宇宙更远的地方,18375600,friend,friend
co co,653.182,1,16777215,2020-06-30 23:09:09,29993893,3,回粉停不下来,比宇宙更远的地方,18375600,co co,co co
r6,1108.245,1,16777215,2020-06-30 15:53:55,29993893,3,回粉停不下来,比宇宙更远的地方,18375600,r6,r6
想起了taritari,399.706,1,16777215,2020-06-25 03:09:38,29993893,3,回粉停不下来,比宇宙更远的地方,18375600,taritari,taritari
考哥JPG,241.455,1,16777215,2020-06-04 08:55:48,29993893,3,回粉停不下来,比宇宙更远的地方,18375600,JPG,JPG
Bgm一出直接泪目,1110.324,5,15138834,2020-05-31 22:56:38,29993893,3,回粉停不下来,比宇宙更远的地方,18375600,Bgm,Bgm
stm总部守卫'hhhh,478.788,1,16777215,2020-05-27 00:29:00,29993893,3,回粉停不下来,比宇宙更远的地方,18375600,stmhhhh,stmhhhh
FBI OPEN THE DOOR！,992.17,5,15138834,2020-05-26 00:23:33,29993893,3,回粉停不下来,比宇宙更远的地方,18375600,FBI OPEN THE DOOR,FBI OPEN THE DOOR
fbk,755.51,1,16777215,2020-05-20 08:42:32,29993893,3,回粉停不下来,比宇宙更远的地方,18375600,fbk,fbk
南极vlog,171.811,1,16777215,2020-05-12 22:20:32,29993893,3,回粉停不下来,比宇宙更远的地方,18375600,vlog,vlog
awslawsl,624.477,1,16777215,2020-05-10 20:21:55,29993893,3,回粉停不下来,比宇宙更远的地方,18375600,awslawsl,awslawsl
来源是英语byebye吧,900.132,1,16777215,2020-04-25 22:41:51,29993893,3,回粉停不下来,比宇宙更远的地方,18375600,byebye,byebye
女孩子最可爱了T T,1177.476,1,16777215,2020-04-23 22:42:06,29993893,3,回粉停不下来,比宇宙更远的地方,18375600,T T,T T
mirage,4.836,1,16777215,2020-04-21 21:00:32,29993893,3,回粉停不下来,比宇宙更远的地方,18375600,mirage,mirage
ji.....,713.318,1,16777215,2020-04-19 15:49:53,29993893,3,回粉停不下来,比宇宙更远的地方,18375600,ji,ji
 planC如何？,542.483,5,16777215,2020-04-13 16:07:59,29993893,3,回粉停不下来,比宇宙更远的地方,18375600,planC,planC
face on,1075.784,5,16740868,2020-04-06 23:42:25,29993893,3,回粉停不下来,比宇宙更远的地方,18375600,face on,face on
WD？,1038.539,5,16740868,2020-04-06 23:25:35,29993893,3,回粉停不下来,比宇宙更远的地方,18375600,WD,WD
ff,1031.349,1,16777215,2020-03-30 16:46:37,29993893,3,回粉停不下来,比宇宙更远的地方,18375600,ff,ff
wsdあぃ,1244.249,1,16777215,2020-03-29 21:11:31,29993893,3,回粉停不下来,比宇宙更远的地方,18375600,wsd,wsd
ailail,894.705,1,16777215,2020-03-29 19:02:09,29993893,3,回粉停不下来,比宇宙更远的地方,18375600,ailail,ailail
这不是aiai吗,1227.56,1,16777215,2020-03-28 20:56:16,29993893,3,回粉停不下来,比宇宙更远的地方,18375600,aiai,aiai
LINE,1092.022,1,16777215,2020-03-27 20:18:55,29993893,3,回粉停不下来,比宇宙更远的地方,18375600,LINE,LINE
WIFI阵型,1115.297,1,16777215,2020-03-26 13:57:54,29993893,3,回粉停不下来,比宇宙更远的地方,18375600,WIFI,WIFI
是shuo服shuo服shuo服，shui服的去翻汉语大词典,959.901,1,16777215,2020-03-23 23:16:54,29993893,3,回粉停不下来,比宇宙更远的地方,18375600,shuoshuoshuoshui,shuoshuoshuoshui
you jump I jump,69.08,1,16777215,2020-03-23 13:27:41,29993893,3,回粉停不下来,比宇宙更远的地方,18375600,you jump I jump,you jump I jump
aqours sunshine!,1025.349,1,16777215,2020-03-22 19:05:33,29993893,3,回粉停不下来,比宇宙更远的地方,18375600,aqours sunshine,aqours sunshine
OP知剧情的，学园孤岛1话看过？,396.36,5,16777215,2018-04-23 21:21:45,30406285,4,四只毛毛虫,比宇宙更远的地方,18638911,OP1,OP1
老版人民币人头排列方式hhhhhhhhh,613.181,1,16777215,2018-04-09 12:13:06,30406285,4,四只毛毛虫,比宇宙更远的地方,18638911,hhhhhhhhh,hhhhhhhhh
D-MAIL发送，，，,1137.371,1,16777215,2018-07-22 20:23:53,30406285,4,四只毛毛虫,比宇宙更远的地方,18638911,DMAIL,DMAIL
按SHIFT+SPACE+W信仰之跃,1289.245,5,16777215,2018-08-08 16:02:45,30406285,4,四只毛毛虫,比宇宙更远的地方,18638911,SHIFTSPACEW,SHIFTSPACEW
A 安常处顺之事 B 秉心专注而行  C 持守正道而为 ——译自Deepseek,624.999,5,16777215,2025-02-24 18:53:40,30406285,4,四只毛毛虫,比宇宙更远的地方,18638911,A  B   C  Deepseek,A B C Deepseek
rin？,168.955,1,16750848,2018-08-20 12:30:32,30406285,4,四只毛毛虫,比宇宙更远的地方,18638911,rin,rin
好有壓迫感的背影... -.-ll,228.856,1,16777215,2018-05-22 00:58:49,30406285,4,四只毛毛虫,比宇宙更远的地方,18638911,ll,ll
比如在logo设计上就特别省对吧,503.036,1,16777215,2019-01-06 20:45:40,30406285,4,四只毛毛虫,比宇宙更远的地方,18638911,logo,logo
D mail的泥垢了 忍你几部番了,1143.219,1,16777215,2018-09-04 23:43:14,30406285,4,四只毛毛虫,比宇宙更远的地方,18638911,D mail,D mail
扎Zn了老Fe,391.31,5,41194,2018-04-21 15:37:47,30406285,4,四只毛毛虫,比宇宙更远的地方,18638911,ZnFe,ZnFe
现在，用BDS,738.246,5,16707842,2022-04-28 22:46:34,30406285,4,四只毛毛虫,比宇宙更远的地方,18638911,BDS,BDS
Compasser~,917.432,1,16777215,2019-08-16 22:56:52,30406285,4,四只毛毛虫,比宇宙更远的地方,18638911,Compasser,Compasser
CRT+w,1218.689,1,16777215,2018-11-12 20:07:27,30406285,4,四只毛毛虫,比宇宙更远的地方,18638911,CRTw,CRTw
cocodayo～,758.889,1,15772458,2021-05-01 08:40:13,30406285,4,四只毛毛虫,比宇宙更远的地方,18638911,cocodayo,cocodayo
lumina和isetan？,419.422,1,16777215,2020-08-13 22:06:14,30406285,4,四只毛毛虫,比宇宙更远的地方,18638911,luminaisetan,luminaisetan
Ubisoft 巨献,1299.447,5,8700107,2020-06-21 01:09:42,30406285,4,四只毛毛虫,比宇宙更远的地方,18638911,Ubisoft,Ubisoft
"fbk,fbk!嘶哈嘶哈!",740.023,1,16777215,2019-02-15 20:59:28,30406285,4,四只毛毛虫,比宇宙更远的地方,18638911,fbkfbk,fbkfbk
花田LL和轻音都在这之前写的，像很正常,324.406,1,16777215,2026-02-05 20:21:05,30406285,4,四只毛毛虫,比宇宙更远的地方,18638911,LL,LL
JR立川站,416.935,1,16777215,2025-12-07 21:54:58,30406285,4,四只毛毛虫,比宇宙更远的地方,18638911,JR,JR
“”？o'L?《》,1302.621,1,16777215,2025-05-11 19:39:46,30406285,4,四只毛毛虫,比宇宙更远的地方,18638911,“”oL,“ ” oL
我的type,651.66,1,16777215,2025-04-15 19:28:40,30406285,4,四只毛毛虫,比宇宙更远的地方,18638911,type,type
mmk（,39.402,1,41194,2025-01-21 09:42:46,30406285,4,四只毛毛虫,比宇宙更远的地方,18638911,mmk,mmk
南极都没信号，怎么用rtk?,895.374,1,16777215,2024-12-01 02:50:02,30406285,4,四只毛毛虫,比宇宙更远的地方,18638911,rtk,rtk
握草，gbc也有这句台词,374.686,1,16777215,2024-10-12 19:10:45,30406285,4,四只毛毛虫,比宇宙更远的地方,18638911,gbc,gbc
AZSX的成分v搞不好你家门口，l,0.0,1,16777215,2024-10-04 19:38:59,30406285,4,四只毛毛虫,比宇宙更远的地方,18638911,AZSXvl,AZSXvl
wo zan,1205.567,1,16777215,2024-09-20 20:35:07,30406285,4,四只毛毛虫,比宇宙更远的地方,18638911,wo zan,wo zan
omakase~~~（不是）,429.175,5,16777215,2024-08-18 20:38:07,30406285,4,四只毛毛虫,比宇宙更远的地方,18638911,omakase,omakase
ko~ko~da~yo~,799.273,1,16777215,2024-06-28 16:16:16,30406285,4,四只毛毛虫,比宇宙更远的地方,18638911,kokodayo,kokodayo
先输入坐标然后跟着gps走就行了，gps会显示你的坐标，方位还有里目标坐标的距离,785.822,1,16777215,2023-12-01 23:09:49,30406285,4,四只毛毛虫,比宇宙更远的地方,18638911,gpsgps,gpsgps
labmem,516.28,1,16777215,2023-10-09 23:07:22,30406285,4,四只毛毛虫,比宇宙更远的地方,18638911,labmem,labmem
你就是我的master嘛,1176.293,5,16707842,2023-04-22 21:50:22,30406285,4,四只毛毛虫,比宇宙更远的地方,18638911,master,master
kksk,896.094,1,16777215,2023-04-06 20:04:25,30406285,4,四只毛毛虫,比宇宙更远的地方,18638911,kksk,kksk
Preistess,277.0,1,16777215,2023-03-26 11:29:24,30406285,4,四只毛毛虫,比宇宙更远的地方,18638911,Preistess,Preistess
AB希,633.189,1,16777215,2023-02-19 22:30:37,30406285,4,四只毛毛虫,比宇宙更远的地方,18638911,AB,AB
ko ok da yo~,804.277,1,16777215,2023-02-07 10:49:50,30406285,4,四只毛毛虫,比宇宙更远的地方,18638911,ko ok da yo,ko da yo
だって本当はcrazy,52.969,1,16777215,2023-01-25 14:46:46,30406285,4,四只毛毛虫,比宇宙更远的地方,18638911,crazy,crazy
Bilibili无权为我掉过片头,51.853,1,16707842,2023-01-14 00:27:46,30406285,4,四只毛毛虫,比宇宙更远的地方,18638911,Bilibili,Bilibili
合照要充Q币的2333,1309.855,1,16777215,2022-12-28 20:07:36,30406285,4,四只毛毛虫,比宇宙更远的地方,18638911,Q2333,Q2333
柱子，你tnd打歪啦！,810.301,1,16777215,2022-12-09 15:37:49,30406285,4,四只毛毛虫,比宇宙更远的地方,18638911,tnd,tnd
孤勇者x4,138.896,1,15138834,2022-10-30 02:55:05,30406285,4,四只毛毛虫,比宇宙更远的地方,18638911,x4,x4
遠い場所目指し Let's go,93.735,5,41194,2022-10-07 12:12:29,30406285,4,四只毛毛虫,比宇宙更远的地方,18638911,Lets go,Lets go
ksd,579.711,1,16777215,2022-09-04 21:46:55,30406285,4,四只毛毛虫,比宇宙更远的地方,18638911,ksd,ksd
按F推下悬崖（doge,1196.972,1,16777215,2022-08-29 23:55:41,30406285,4,四只毛毛虫,比宇宙更远的地方,18638911,Fdoge,Fdoge
有点flcl的感觉,1267.389,1,16777215,2022-08-27 17:24:15,30406285,4,四只毛毛虫,比宇宙更远的地方,18638911,flcl,flcl
Imagine ,454.378,5,16777215,2022-08-07 23:43:19,30406285,4,四只毛毛虫,比宇宙更远的地方,18638911,Imagine,Imagine
iko,1058.662,1,16777215,2022-07-27 17:18:15,30406285,4,四只毛毛虫,比宇宙更远的地方,18638911,iko,iko
真是一家老六，小决难受得1p,287.307,5,16707842,2022-06-05 18:34:56,30406285,4,四只毛毛虫,比宇宙更远的地方,18638911,1p,1p
Kakadayo ~,799.934,1,16777215,2022-05-29 01:08:30,30406285,4,四只毛毛虫,比宇宙更远的地方,18638911,Kakadayo,Kakadayo
win7,164.701,1,16777215,2022-05-06 07:43:18,30406285,4,四只毛毛虫,比宇宙更远的地方,18638911,win7,win7
Babyダヴィンチと呼ばないで,1030.134,1,16777215,2022-04-13 12:59:41,30406285,4,四只毛毛虫,比宇宙更远的地方,18638911,Baby,Baby
母鸡.mp3,760.15,5,16707842,2022-02-05 05:51:06,30406285,4,四只毛毛虫,比宇宙更远的地方,18638911,mp3,mp3
left 4 dead,1291.06,1,16777215,2022-01-18 01:22:17,30406285,4,四只毛毛虫,比宇宙更远的地方,18638911,left 4 dead,left 4 dead
番茄红素的老kon了233,956.888,1,16777215,2021-10-26 00:22:35,30406285,4,四只毛毛虫,比宇宙更远的地方,18638911,kon233,kon233
STEEP,1307.602,5,4351678,2021-10-17 18:48:09,30406285,4,四只毛毛虫,比宇宙更远的地方,18638911,STEEP,STEEP
u∩u,978.248,1,16777215,2021-08-25 15:23:33,30406285,4,四只毛毛虫,比宇宙更远的地方,18638911,uu,uu
绝对方位感，md完完全全是轻音的配置啊kora,919.961,1,16777215,2021-08-25 00:34:42,30406285,4,四只毛毛虫,比宇宙更远的地方,18638911,mdkora,mdkora
Kokodayo,800.547,1,16777215,2021-08-12 13:48:02,30406285,4,四只毛毛虫,比宇宙更远的地方,18638911,Kokodayo,Kokodayo
piss,1164.101,1,16777215,2021-08-12 12:26:46,30406285,4,四只毛毛虫,比宇宙更远的地方,18638911,piss,piss
233333我也喜欢卡哇伊i23,412.932,1,16777215,2021-08-12 12:12:16,30406285,4,四只毛毛虫,比宇宙更远的地方,18638911,233333i23,233333i23
富坚要休刊1000天了。。。qq,922.637,5,38979,2021-08-10 13:47:06,30406285,4,四只毛毛虫,比宇宙更远的地方,18638911,1000qq,1000qq
、70>H|n\,224.974,1,16777215,2021-08-07 09:52:53,30406285,4,四只毛毛虫,比宇宙更远的地方,18638911,70Hn,70Hn
ko ko da yo~~~~~,800.53,1,16777215,2021-07-18 21:23:20,30406285,4,四只毛毛虫,比宇宙更远的地方,18638911,ko ko da yo,ko ko da yo
win10桌面娘化,1285.321,1,16777215,2021-06-13 00:57:50,30406285,4,四只毛毛虫,比宇宙更远的地方,18638911,win10,win10
mio！ritsu！,970.618,1,16777215,2021-06-09 22:54:06,30406285,4,四只毛毛虫,比宇宙更远的地方,18638911,mioritsu,mioritsu
たって本当はCRAZY,51.739,5,16777215,2021-06-04 02:51:12,30406285,4,四只毛毛虫,比宇宙更远的地方,18638911,CRAZY,CRAZY
twi的网名吧,148.211,1,16777215,2021-05-29 11:02:07,30406285,4,四只毛毛虫,比宇宙更远的地方,18638911,twi,twi
kakadayo,801.941,1,16777215,2021-05-16 19:42:21,30406285,4,四只毛毛虫,比宇宙更远的地方,18638911,kakadayo,kakadayo
K-on!,60.595,1,16777215,2021-05-14 23:44:28,30406285,4,四只毛毛虫,比宇宙更远的地方,18638911,Kon,Kon
biema,395.522,1,16777215,2021-05-06 22:07:11,30406285,4,四只毛毛虫,比宇宙更远的地方,18638911,biema,biema
。mnk,389.609,1,16777215,2021-04-30 14:02:17,30406285,4,四只毛毛虫,比宇宙更远的地方,18638911,mnk,mnk
a no ne,1186.278,1,16777215,2021-04-15 11:14:09,30406285,4,四只毛毛虫,比宇宙更远的地方,18638911,a no ne,a no ne
MH370失踪你想想看,1173.886,1,16777215,2021-04-09 22:11:41,30406285,4,四只毛毛虫,比宇宙更远的地方,18638911,MH370,MH370
KOKODAYO～～～,799.912,1,16777215,2021-04-09 15:56:24,30406285,4,四只毛毛虫,比宇宙更远的地方,18638911,KOKODAYO,KOKODAYO
space信仰之跃,1202.637,1,16777215,2021-03-30 22:34:15,30406285,4,四只毛毛虫,比宇宙更远的地方,18638911,space,space
compass,912.636,1,16777215,2021-03-09 21:45:19,30406285,4,四只毛毛虫,比宇宙更远的地方,18638911,compass,compass
南极F4,1303.165,1,15772458,2021-01-28 11:58:36,30406285,4,四只毛毛虫,比宇宙更远的地方,18638911,F4,F4
NASA后期？,1089.065,5,15138834,2021-01-18 09:13:44,30406285,4,四只毛毛虫,比宇宙更远的地方,18638911,NASA,NASA
Lumine东口那里吧,424.783,1,16777215,2021-01-11 14:22:58,30406285,4,四只毛毛虫,比宇宙更远的地方,18638911,Lumine,Lumine
按Alt+F4同步,1205.466,1,16777215,2020-12-27 21:09:34,30406285,4,四只毛毛虫,比宇宙更远的地方,18638911,AltF4,AltF4
亲妹关门and亲爹关门,291.35,1,16777215,2020-12-20 16:43:22,30406285,4,四只毛毛虫,比宇宙更远的地方,18638911,and,and
nano～,922.843,5,15138834,2020-12-08 00:16:56,30406285,4,四只毛毛虫,比宇宙更远的地方,18638911,nano,nano
TCP是全双工的吧？,1138.636,1,16777215,2020-11-23 00:16:50,30406285,4,四只毛毛虫,比宇宙更远的地方,18638911,TCP,TCP
China,577.747,1,16777215,2020-11-18 14:40:17,30406285,4,四只毛毛虫,比宇宙更远的地方,18638911,China,China
按“F”跳下悬崖,1199.638,1,16777215,2020-10-31 17:25:46,30406285,4,四只毛毛虫,比宇宙更远的地方,18638911,“F”,“ F ”
manden=满天 恭喜中文十级,1071.778,1,16777215,2020-10-23 16:34:34,30406285,4,四只毛毛虫,比宇宙更远的地方,18638911,manden,manden
还好我不是这样的loser，人要有梦想才有前途,31.624,1,16777215,2020-10-09 21:35:42,30406285,4,四只毛毛虫,比宇宙更远的地方,18638911,loser,loser
bgm   nice,1247.693,1,16777215,2020-08-29 15:43:56,30406285,4,四只毛毛虫,比宇宙更远的地方,18638911,bgm   nice,bgm nice
按win＋L同步,1213.995,1,16777215,2020-08-26 16:43:00,30406285,4,四只毛毛虫,比宇宙更远的地方,18638911,winL,winL
Every man and woman is a star,1094.482,1,16777215,2020-08-23 20:22:35,30406285,4,四只毛毛虫,比宇宙更远的地方,18638911,Every man and woman is a star,Every man and woman is a star
"窝法的planABC:Plan abandon, plan blast,plan crash",628.536,1,16777215,2020-08-23 20:13:07,30406285,4,四只毛毛虫,比宇宙更远的地方,18638911,planABCPlan abandon plan blastplan crash,planABCPlan abandon plan blastplan crash
这是群马的那辆最速上山FD吗？,511.096,1,16707842,2020-08-23 20:10:19,30406285,4,四只毛毛虫,比宇宙更远的地方,18638911,FD,FD
Activity based costing,627.484,1,16777215,2020-08-23 19:59:44,30406285,4,四只毛毛虫,比宇宙更远的地方,18638911,Activity based costing,Activity based costing
mio！就是mio！仔细听听,521.297,5,16707842,2020-08-19 00:50:48,30406285,4,四只毛毛虫,比宇宙更远的地方,18638911,miomio,miomio
m....mio？,202.33,1,16777215,2020-08-16 07:57:50,30406285,4,四只毛毛虫,比宇宙更远的地方,18638911,mmio,mmio
WOC好帅，我喜欢，御姐范儿,607.026,1,16777215,2020-08-12 19:19:43,30406285,4,四只毛毛虫,比宇宙更远的地方,18638911,WOC,WOC
按E同步，按f信仰之跃,1197.744,1,11890,2020-08-10 21:43:37,30406285,4,四只毛毛虫,比宇宙更远的地方,18638911,Ef,Ef
水濑沂（yi）,1175.961,1,41194,2020-08-02 12:46:39,30406285,4,四只毛毛虫,比宇宙更远的地方,18638911,yi,yi
幽灵行动 荒野 ub巨献,1320.824,1,16777215,2020-08-01 20:44:44,30406285,4,四只毛毛虫,比宇宙更远的地方,18638911,ub,ub
ko ko da you,805.73,1,16777215,2020-07-21 20:37:00,30406285,4,四只毛毛虫,比宇宙更远的地方,18638911,ko ko da you,ko ko da you
cba,627.646,1,16777215,2020-07-06 23:19:25,30406285,4,四只毛毛虫,比宇宙更远的地方,18638911,cba,cba
按wa空中换wd空格蹲完成旋转跳,1235.299,5,16777215,2020-06-28 16:30:35,30406285,4,四只毛毛虫,比宇宙更远的地方,18638911,wawd,wawd
不像Lisa好不，不过真的很美,612.953,1,16777215,2020-06-25 15:19:46,30406285,4,四只毛毛虫,比宇宙更远的地方,18638911,Lisa,Lisa
完了高尔夫球棍ptsd了,276.093,1,16777215,2020-06-24 12:43:20,30406285,4,四只毛毛虫,比宇宙更远的地方,18638911,ptsd,ptsd
Coco哒哟,801.236,1,16777215,2020-06-22 00:22:14,30406285,4,四只毛毛虫,比宇宙更远的地方,18638911,Coco,Coco
海狮货Van,431.434,1,16777215,2020-06-21 22:47:35,30406285,4,四只毛毛虫,比宇宙更远的地方,18638911,Van,Van
please dont say you arelaze,47.624,5,16777215,2020-05-20 15:59:28,30406285,4,四只毛毛虫,比宇宙更远的地方,18638911,please dont say you arelaze,please dont say you arelaze
UBISOFT PRESENT,1296.661,5,16646914,2020-05-14 07:02:58,30406285,4,四只毛毛虫,比宇宙更远的地方,18638911,UBISOFT PRESENT,UBISOFT PRESENT
Rin酱可还行？铃酱赛高！,171.987,1,16755202,2020-05-12 09:50:02,30406285,4,四只毛毛虫,比宇宙更远的地方,18638911,Rin,Rin
8a级景区？,1292.445,1,16777215,2020-05-06 19:49:50,30406285,4,四只毛毛虫,比宇宙更远的地方,18638911,8a,8a
Tai bun la,1372.325,1,15138834,2020-05-02 15:33:06,30406285,4,四只毛毛虫,比宇宙更远的地方,18638911,Tai bun la,Tai bun la
L4D2,1295.554,1,15138834,2020-04-28 18:39:28,30406285,4,四只毛毛虫,比宇宙更远的地方,18638911,L4D2,L4D2
日常啊啊啊 Nano~Nanoooo~,920.523,1,16777215,2020-04-25 04:43:42,30406285,4,四只毛毛虫,比宇宙更远的地方,18638911,NanoNanoooo,NanoNanoooo
hhj,931.726,1,16777215,2020-04-22 18:56:10,30406285,4,四只毛毛虫,比宇宙更远的地方,18638911,hhj,hhj
",nj",931.726,1,16777215,2020-04-22 18:56:05,30406285,4,四只毛毛虫,比宇宙更远的地方,18638911,nj,nj
GHHGJHG,931.726,1,16777215,2020-04-22 18:55:52,30406285,4,四只毛毛虫,比宇宙更远的地方,18638911,GHHGJHG,GHHGJHG
cqcq,1133.18,1,16777215,2020-04-16 01:29:06,30406285,4,四只毛毛虫,比宇宙更远的地方,18638911,cqcq,cqcq
已经和TEKELI-LI融为一体了,1059.777,1,16777215,2020-04-14 21:58:53,30406285,4,四只毛毛虫,比宇宙更远的地方,18638911,TEKELILI,TEKELILI
直感ex,915.77,1,16777215,2020-04-02 21:44:09,30406285,4,四只毛毛虫,比宇宙更远的地方,18638911,ex,ex
fubuki？,740.82,1,16777215,2020-03-24 10:00:08,30406285,4,四只毛毛虫,比宇宙更远的地方,18638911,fubuki,fubuki
free?,414.972,1,16777215,2020-03-18 02:06:25,30406285,4,四只毛毛虫,比宇宙更远的地方,18638911,free,free
以上画面由nas友情提供,1091.278,1,16777215,2020-03-15 15:41:03,30406285,4,四只毛毛虫,比宇宙更远的地方,18638911,nas,nas
sx我爱你,1248.064,1,16777215,2020-03-15 13:15:08,30406285,4,四只毛毛虫,比宇宙更远的地方,18638911,sx,sx
说的我都想去了，可是这个money不好挣呀。,1310.292,1,16777215,2020-03-14 03:47:42,30406285,4,四只毛毛虫,比宇宙更远的地方,18638911,money,money
ko i zi,214.291,1,16777215,2020-03-10 13:24:49,30406285,4,四只毛毛虫,比宇宙更远的地方,18638911,ko i zi,ko i zi
plan  c,630.8,1,16777215,2020-03-08 21:04:26,30406285,4,四只毛毛虫,比宇宙更远的地方,18638911,plan  c,plan c
kiakia  dokdok,1073.777,1,16777215,2020-03-03 00:13:16,30406285,4,四只毛毛虫,比宇宙更远的地方,18638911,kiakia  dokdok,kiakia dokdok
bgm太p了,232.597,5,16777215,2020-03-02 12:52:13,30406285,4,四只毛毛虫,比宇宙更远的地方,18638911,bgmp,bgmp
前进+shift,1324.308,1,16777215,2020-03-01 20:02:01,30406285,4,四只毛毛虫,比宇宙更远的地方,18638911,shift,shift
kokokdayo,813.317,1,16777215,2020-02-28 18:59:43,30406285,4,四只毛毛虫,比宇宙更远的地方,18638911,kokokdayo,kokokdayo
mio！mio！mio！,458.752,1,16777215,2020-02-27 01:32:44,30406285,4,四只毛毛虫,比宇宙更远的地方,18638911,miomiomio,miomiomio
wahtwhat,1199.072,1,16777215,2020-02-26 02:38:42,30406285,4,四只毛毛虫,比宇宙更远的地方,18638911,wahtwhat,wahtwhat
ed分cp,1349.866,1,16777215,2020-02-24 20:34:11,30406285,4,四只毛毛虫,比宇宙更远的地方,18638911,edcp,edcp
企鹅：你看喵啊！充Q币不(;｀O´)o？,1313.345,1,16777215,2020-02-24 20:27:45,30406285,4,四只毛毛虫,比宇宙更远的地方,18638911,QOo,QOo
非南极book,1270.915,1,16777215,2020-02-20 19:30:31,30406285,4,四只毛毛虫,比宇宙更远的地方,18638911,book,book
kwy,385.843,1,16777215,2020-02-20 00:35:51,30406285,4,四只毛毛虫,比宇宙更远的地方,18638911,kwy,kwy
南极室外撒的出niao么？,954.144,1,16777215,2020-02-06 01:10:57,30406285,4,四只毛毛虫,比宇宙更远的地方,18638911,niao,niao
按f全部跳下去，按q拿弓和箭射太阳,1297.461,1,16777215,2020-02-04 01:08:10,30406285,4,四只毛毛虫,比宇宙更远的地方,18638911,fq,fq
Windows XP,124.613,1,16777215,2020-02-01 19:21:39,30406285,4,四只毛毛虫,比宇宙更远的地方,18638911,Windows XP,Windows XP
WWWWWW超可爱！,139.484,1,16777215,2020-01-14 19:53:59,30406285,4,四只毛毛虫,比宇宙更远的地方,18638911,WWWWWW,WWWWWW
yysy，的确有点像,1256.723,5,16777215,2020-01-08 01:12:44,30406285,4,四只毛毛虫,比宇宙更远的地方,18638911,yysy,yysy
yygq,340.786,1,16777215,2020-01-04 21:12:20,30406285,4,四只毛毛虫,比宇宙更远的地方,18638911,yygq,yygq
扎Fe了老Zn,392.201,5,16777215,2019-12-29 17:20:54,30406285,4,四只毛毛虫,比宇宙更远的地方,18638911,FeZn,FeZn
pdlt'q,62.549,1,16777215,2019-12-21 20:59:04,30406285,4,四只毛毛虫,比宇宙更远的地方,18638911,pdltq,pdltq
fubuki就是吹雪，即为中文的“暴风雪”的意思,747.793,1,16777215,2019-12-10 11:43:58,30406285,4,四只毛毛虫,比宇宙更远的地方,18638911,fubuki“”,fubuki “ ”
啊，zhesgyan,1307.91,1,16777215,2019-11-30 12:37:48,30406285,4,四只毛毛虫,比宇宙更远的地方,18638911,zhesgyan,zhesgyan
so da,669.605,1,16777215,2019-11-10 13:48:45,30406285,4,四只毛毛虫,比宇宙更远的地方,18638911,so da,so da
神tm吃刨冰,1303.07,1,16777215,2019-10-12 15:43:46,30406285,4,四只毛毛虫,比宇宙更远的地方,18638911,tm,tm
co  co  cocodayo,783.305,1,16777215,2019-08-31 01:48:52,30406285,4,四只毛毛虫,比宇宙更远的地方,18638911,co  co  cocodayo,co co cocodayo
掉下去，the end,1218.999,1,16777215,2019-08-30 22:56:01,30406285,4,四只毛毛虫,比宇宙更远的地方,18638911,the end,the end
充qb吗几位？,1320.533,1,16777215,2019-08-28 00:52:24,30406285,4,四只毛毛虫,比宇宙更远的地方,18638911,qb,qb
ASSASSIN'S CREED by Ubisoft,1323.372,1,16777215,2019-08-26 21:15:52,30406285,4,四只毛毛虫,比宇宙更远的地方,18638911,ASSASSINS CREED by Ubisoft,ASSASSINS CREED by Ubisoft
南极有人登录steam,577.278,1,16777215,2019-08-12 13:55:49,30406285,4,四只毛毛虫,比宇宙更远的地方,18638911,steam,steam
你在想peach,739.416,1,16777215,2019-08-08 19:32:41,30406285,4,四只毛毛虫,比宇宙更远的地方,18638911,peach,peach
are you sure,370.569,1,16777215,2019-08-04 14:19:59,30406285,4,四只毛毛虫,比宇宙更远的地方,18638911,are you sure,are you sure
hold住hold住。,40.162,1,16777215,2019-07-10 13:27:54,30406285,4,四只毛毛虫,比宇宙更远的地方,18638911,holdhold,holdhold
Break down!break down!,49.76,1,16777215,2019-07-08 14:37:44,30406285,4,四只毛毛虫,比宇宙更远的地方,18638911,Break downbreak down,Break downbreak down
kokodayou~,798.407,1,16777215,2019-07-07 01:03:42,30406285,4,四只毛毛虫,比宇宙更远的地方,18638911,kokodayou,kokodayou
砸瓦鲁多！wryyyyy,34.994,1,16777215,2019-06-23 15:41:33,30406285,4,四只毛毛虫,比宇宙更远的地方,18638911,wryyyyy,wryyyyy
营业模式on ,188.974,1,16777215,2020-12-20 10:45:23,30870534,5,我亲爱的朋友,比宇宙更远的地方,18926912,on,on
( ゜- ゜)つロ乾杯~ - bilibi,796.764,1,16777215,2020-06-08 15:58:17,30870534,5,我亲爱的朋友,比宇宙更远的地方,18926912,bilibi,bilibi
前方我心中所有番里的告别场景top one,1004.592,5,15138834,2024-03-24 11:50:24,30870534,5,我亲爱的朋友,比宇宙更远的地方,18926912,top one,top one
SAWA酱？,882.457,1,16777215,2023-09-14 11:03:42,30870534,5,我亲爱的朋友,比宇宙更远的地方,18926912,SAWA,SAWA
U&I,1067.486,5,14811775,2021-07-12 14:53:05,30870534,5,我亲爱的朋友,比宇宙更远的地方,18926912,UI,UI
ciallo~,795.979,1,16777215,2026-03-28 23:31:25,30870534,5,我亲爱的朋友,比宇宙更远的地方,18926912,ciallo,ciallo
为啥呀？嫉妒？还是pua,1119.313,1,16777215,2026-03-22 13:19:14,30870534,5,我亲爱的朋友,比宇宙更远的地方,18926912,pua,pua
shenhui,1414.916,1,16777215,2026-02-24 22:19:02,30870534,5,我亲爱的朋友,比宇宙更远的地方,18926912,shenhui,shenhui
这是行李的体重啊，怎么会有觉得是女主70kg的,344.461,1,16777215,2025-06-04 23:42:52,30870534,5,我亲爱的朋友,比宇宙更远的地方,18926912,70kg,70kg
少女JUMP！,193.871,5,16777215,2025-06-02 14:13:10,30870534,5,我亲爱的朋友,比宇宙更远的地方,18926912,JUMP,JUMP
\POL\,429.394,1,16777215,2025-04-20 14:15:20,30870534,5,我亲爱的朋友,比宇宙更远的地方,18926912,POL,POL
这是ps1，ps2是黑色方型设计，ps3是椭圆形，ps4层梯形,466.562,1,16777215,2025-02-03 00:57:33,30870534,5,我亲爱的朋友,比宇宙更远的地方,18926912,ps1ps2ps3ps4,ps1ps2ps3ps4
好像月色真美的画面hhhh akane酱,1273.069,1,16777215,2025-01-22 20:27:52,30870534,5,我亲爱的朋友,比宇宙更远的地方,18926912,hhhh akane,akane
sodayo,956.777,5,16777215,2025-01-07 01:17:18,30870534,5,我亲爱的朋友,比宇宙更远的地方,18926912,sodayo,sodayo
好像intj和enfp,945.079,1,16777215,2024-12-11 23:15:16,30870534,5,我亲爱的朋友,比宇宙更远的地方,18926912,intjenfp,intjenfp
md完全没猜到,1120.808,1,16777215,2024-08-07 14:20:47,30870534,5,我亲爱的朋友,比宇宙更远的地方,18926912,md,md
why?,1106.823,1,16777215,2024-07-26 12:04:44,30870534,5,我亲爱的朋友,比宇宙更远的地方,18926912,why,why
写诺，sabi,192.713,1,16777215,2024-04-24 22:37:09,30870534,5,我亲爱的朋友,比宇宙更远的地方,18926912,sabi,sabi
我靠ps1啊，以前也有一台但坏了淦,421.253,1,16777215,2024-03-14 23:49:00,30870534,5,我亲爱的朋友,比宇宙更远的地方,18926912,ps1,ps1
动作指导：MiSaDo,794.0,1,16777215,2023-11-01 22:11:55,30870534,5,我亲爱的朋友,比宇宙更远的地方,18926912,MiSaDo,MiSaDo
前段时间是38kg，不知道现在有没有长肉,327.259,1,16777215,2023-10-16 20:56:02,30870534,5,我亲爱的朋友,比宇宙更远的地方,18926912,38kg,38kg
byd哲学大师是吧，i了,780.692,1,16777215,2023-07-26 22:05:03,30870534,5,我亲爱的朋友,比宇宙更远的地方,18926912,bydi,bydi
byd故意的是吧,542.533,1,16777215,2023-07-26 21:57:49,30870534,5,我亲爱的朋友,比宇宙更远的地方,18926912,byd,byd
这PS几,415.231,1,16777215,2023-07-20 18:17:49,30870534,5,我亲爱的朋友,比宇宙更远的地方,18926912,PS,PS
太rock了,886.46,5,41194,2023-05-11 13:40:10,30870534,5,我亲爱的朋友,比宇宙更远的地方,18926912,rock,rock
快！孩子ufo,229.177,1,16777215,2023-01-11 18:40:56,30870534,5,我亲爱的朋友,比宇宙更远的地方,18926912,ufo,ufo
okk～,198.377,1,16777215,2022-12-09 13:24:28,30870534,5,我亲爱的朋友,比宇宙更远的地方,18926912,okk,okk
我只能带34kg的...,283.602,1,16777215,2022-10-07 12:43:39,30870534,5,我亲爱的朋友,比宇宙更远的地方,18926912,34kg,34kg
xs,219.475,1,16777215,2022-09-04 22:08:22,30870534,5,我亲爱的朋友,比宇宙更远的地方,18926912,xs,xs
Crap!,1027.965,1,16777215,2022-08-31 23:04:59,30870534,5,我亲爱的朋友,比宇宙更远的地方,18926912,Crap,Crap
你喜欢什么样的女人？my friend,862.538,5,15772458,2022-08-17 14:51:58,30870534,5,我亲爱的朋友,比宇宙更远的地方,18926912,my friend,my friend
"\.,DE\",2.159,1,16777215,2022-06-29 20:32:22,30870534,5,我亲爱的朋友,比宇宙更远的地方,18926912,DE,DE
去KTV只有零次和无数次,906.734,1,16777215,2022-06-15 22:29:57,30870534,5,我亲爱的朋友,比宇宙更远的地方,18926912,KTV,KTV
我能拿48KG,322.793,1,16777215,2022-05-15 11:43:43,30870534,5,我亲爱的朋友,比宇宙更远的地方,18926912,48KG,48KG
se no,857.579,1,16777215,2022-04-16 22:54:00,30870534,5,我亲爱的朋友,比宇宙更远的地方,18926912,se no,se no
好像呆唯的gita,981.178,5,15138834,2022-04-08 09:08:13,30870534,5,我亲爱的朋友,比宇宙更远的地方,18926912,gita,gita
69KG..,337.53,1,16777215,2022-01-31 07:34:06,30870534,5,我亲爱的朋友,比宇宙更远的地方,18926912,69KG,69KG
pony,416.68,5,16707842,2022-01-25 14:30:41,30870534,5,我亲爱的朋友,比宇宙更远的地方,18926912,pony,pony
tnnd跟我玩阴的是吧,547.585,1,16777215,2022-01-19 12:45:01,30870534,5,我亲爱的朋友,比宇宙更远的地方,18926912,tnnd,tnnd
e没错，和我（doge）,758.332,1,16777215,2022-01-11 18:47:52,30870534,5,我亲爱的朋友,比宇宙更远的地方,18926912,edoge,edoge
明星不站c位，而且偏偏是比较内向的站c位……,187.005,1,16777215,2021-12-21 03:53:42,30870534,5,我亲爱的朋友,比宇宙更远的地方,18926912,cc,cc
i ma i na i,1040.337,1,16777215,2021-10-01 14:44:36,30870534,5,我亲爱的朋友,比宇宙更远的地方,18926912,i ma i na i,i ma i na i
按下F暗杀，按下G勒晕,1288.168,1,15138834,2021-08-06 21:17:49,30870534,5,我亲爱的朋友,比宇宙更远的地方,18926912,FG,FG
唱一首U&I (bushi,944.911,1,16777215,2021-07-07 20:12:33,30870534,5,我亲爱的朋友,比宇宙更远的地方,18926912,UI bushi,UI bushi
puyopuyo,443.642,5,104601,2021-06-24 18:19:29,30870534,5,我亲爱的朋友,比宇宙更远的地方,18926912,puyopuyo,puyopuyo
好家伙，比我轻10kg,343.852,1,16777215,2021-05-25 17:18:51,30870534,5,我亲爱的朋友,比宇宙更远的地方,18926912,10kg,10kg
这反差萌wo爱了,191.815,1,16777215,2021-05-16 19:55:20,30870534,5,我亲爱的朋友,比宇宙更远的地方,18926912,wo,wo
DIAMOND,362.705,1,41194,2021-05-03 16:48:04,30870534,5,我亲爱的朋友,比宇宙更远的地方,18926912,DIAMOND,DIAMOND
真的有UFO,623.135,1,16777215,2021-04-20 19:03:42,30870534,5,我亲爱的朋友,比宇宙更远的地方,18926912,UFO,UFO
说小霸王的  你们是在搞笑吗？这明显是ps主机,454.525,1,16777215,2021-04-01 10:58:32,30870534,5,我亲爱的朋友,比宇宙更远的地方,18926912,ps,ps
轻音永远的shen,125.337,1,16777215,2021-03-09 20:35:59,30870534,5,我亲爱的朋友,比宇宙更远的地方,18926912,shen,shen
流lui了,1076.858,1,16777215,2021-03-01 10:14:27,30870534,5,我亲爱的朋友,比宇宙更远的地方,18926912,lui,lui
Pony,415.256,1,16777215,2021-02-28 15:20:35,30870534,5,我亲爱的朋友,比宇宙更远的地方,18926912,Pony,Pony
yo,462.101,1,16777215,2021-02-12 23:53:54,30870534,5,我亲爱的朋友,比宇宙更远的地方,18926912,yo,yo
pso ne,418.109,1,16777215,2021-02-10 17:57:19,30870534,5,我亲爱的朋友,比宇宙更远的地方,18926912,pso ne,pso ne
eva乱入了,804.372,1,16777215,2021-02-02 19:57:05,30870534,5,我亲爱的朋友,比宇宙更远的地方,18926912,eva,eva
只能拿16kg,350.078,1,16777215,2021-01-31 20:18:29,30870534,5,我亲爱的朋友,比宇宙更远的地方,18926912,16kg,16kg
iPad2 广告,791.687,1,16777215,2021-01-31 18:40:39,30870534,5,我亲爱的朋友,比宇宙更远的地方,18926912,iPad2,iPad2
PS1还行,414.975,1,16776960,2021-01-31 16:34:57,30870534,5,我亲爱的朋友,比宇宙更远的地方,18926912,PS1,PS1
yes！madhouse！,1399.204,1,16777215,2020-12-20 20:11:46,30870534,5,我亲爱的朋友,比宇宙更远的地方,18926912,yesmadhouse,yesmadhouse
dd,512.161,1,16777215,2020-11-25 12:53:38,30870534,5,我亲爱的朋友,比宇宙更远的地方,18926912,dd,dd
Titanic ,196.796,1,16777215,2020-11-24 18:44:55,30870534,5,我亲爱的朋友,比宇宙更远的地方,18926912,Titanic,Titanic
onone tanuki！,853.608,1,16777215,2020-09-15 00:23:49,30870534,5,我亲爱的朋友,比宇宙更远的地方,18926912,onone tanuki,onone tanuki
wwwww好可爱,890.785,1,104601,2020-08-31 19:22:45,30870534,5,我亲爱的朋友,比宇宙更远的地方,18926912,wwwww,wwwww
Wtf,1112.852,1,16777215,2020-08-26 01:44:26,30870534,5,我亲爱的朋友,比宇宙更远的地方,18926912,Wtf,Wtf
Sakuzyo,579.318,5,16765698,2020-08-25 19:49:43,30870534,5,我亲爱的朋友,比宇宙更远的地方,18926912,Sakuzyo,Sakuzyo
"M.A.D.M.A.N准备就绪,我已经看到心灵终结仪的塔尖了,别了指挥官!",652.559,1,38979,2020-08-17 11:40:57,30870534,5,我亲爱的朋友,比宇宙更远的地方,18926912,MADMAN,MADMAN
Tekeli-li! Tekeli-li！,643.78,1,16777215,2020-08-07 12:28:55,30870534,5,我亲爱的朋友,比宇宙更远的地方,18926912,Tekelili Tekelili,Tekelili Tekelili
Paradise？,987.373,1,16777215,2020-08-04 13:44:19,30870534,5,我亲爱的朋友,比宇宙更远的地方,18926912,Paradise,Paradise
狗咬人可以用M82A1反器材狙击步枪,792.906,5,38979,2020-07-28 17:10:50,30870534,5,我亲爱的朋友,比宇宙更远的地方,18926912,M82A1,M82A1
ngbssjw,556.8,1,16777215,2020-07-20 14:11:26,30870534,5,我亲爱的朋友,比宇宙更远的地方,18926912,ngbssjw,ngbssjw
孩儿她爹伤心bei了,1067.203,1,16777215,2020-07-20 12:42:03,30870534,5,我亲爱的朋友,比宇宙更远的地方,18926912,bei,bei
XIAOHUI HAOKELIAN,1269.71,1,16777215,2020-06-13 20:03:48,30870534,5,我亲爱的朋友,比宇宙更远的地方,18926912,XIAOHUI HAOKELIAN,XIAOHUI HAOKELIAN
peace peace,196.257,1,16777215,2020-06-10 19:32:53,30870534,5,我亲爱的朋友,比宇宙更远的地方,18926912,peace peace,peace peace
tsugu,61.352,1,16777215,2020-06-05 16:13:38,30870534,5,我亲爱的朋友,比宇宙更远的地方,18926912,tsugu,tsugu
在下90kg,334.485,1,16777215,2020-05-26 21:21:57,30870534,5,我亲爱的朋友,比宇宙更远的地方,18926912,90kg,90kg
close to you,1030.133,1,16777215,2020-05-22 22:52:57,30870534,5,我亲爱的朋友,比宇宙更远的地方,18926912,close to you,close to you
dei mo so na jia da mei,193.256,1,16777215,2020-05-22 15:16:58,30870534,5,我亲爱的朋友,比宇宙更远的地方,18926912,dei mo so na jia da mei,dei mo so na jia da mei
Pony Express,412.046,5,16646914,2020-05-02 20:00:56,30870534,5,我亲爱的朋友,比宇宙更远的地方,18926912,Pony Express,Pony Express
画面分割，而且右边的还有3D感,672.473,1,16777215,2020-05-01 16:34:03,30870534,5,我亲爱的朋友,比宇宙更远的地方,18926912,3D,3D
tamago paradise 2333,988.458,1,16777215,2020-04-27 00:16:31,30870534,5,我亲爱的朋友,比宇宙更远的地方,18926912,tamago paradise 2333,tamago paradise
zombie?,202.221,1,16777215,2020-04-22 18:08:27,30870534,5,我亲爱的朋友,比宇宙更远的地方,18926912,zombie,zombie
ps2  把,445.52,1,16777215,2020-04-11 20:30:48,30870534,5,我亲爱的朋友,比宇宙更远的地方,18926912,ps2,ps2
南极有dogma,664.568,1,16777215,2020-03-31 18:42:25,30870534,5,我亲爱的朋友,比宇宙更远的地方,18926912,dogma,dogma
竹马vs天降,66.902,1,16777215,2020-03-23 13:00:18,30870534,5,我亲爱的朋友,比宇宙更远的地方,18926912,vs,vs
老虚wrng,1101.931,1,16777215,2020-03-18 13:37:15,30870534,5,我亲爱的朋友,比宇宙更远的地方,18926912,wrng,wrng
ponystation还行,415.475,1,16777215,2020-03-15 15:03:15,30870534,5,我亲爱的朋友,比宇宙更远的地方,18926912,ponystation,ponystation
labi打钱,432.768,1,16777215,2020-03-14 15:11:10,30870534,5,我亲爱的朋友,比宇宙更远的地方,18926912,labi,labi
woyuchengfengguiqu,619.507,1,16777215,2020-03-07 15:20:58,30870534,5,我亲爱的朋友,比宇宙更远的地方,18926912,woyuchengfengguiqu,woyuchengfengguiqu
four帕森,1128.423,1,16777215,2024-08-06 01:32:01,31349998,6,欢迎观赏榴莲秀,比宇宙更远的地方,19222958,four,four
A1高散来一个好吗，秋梨膏,358.504,5,16777215,2021-05-14 00:04:50,31349998,6,欢迎观赏榴莲秀,比宇宙更远的地方,19222958,A1,A1
mg=F升,167.166,5,16777215,2019-02-20 00:10:05,31349998,6,欢迎观赏榴莲秀,比宇宙更远的地方,19222958,mgF,mgF
忍不住了....HHHHHHH,1258.438,1,10027008,2019-01-06 09:41:41,31349998,6,欢迎观赏榴莲秀,比宇宙更远的地方,19222958,HHHHHHH,HHHHHHH
V1抬,45.663,1,16777215,2026-01-11 21:13:18,31349998,6,欢迎观赏榴莲秀,比宇宙更远的地方,19222958,V1,V1
哈哈哈哈Cheers,668.866,1,16777215,2025-12-25 01:01:16,31349998,6,欢迎观赏榴莲秀,比宇宙更远的地方,19222958,Cheers,Cheers
ANA,227.203,1,16777215,2025-10-23 01:15:18,31349998,6,欢迎观赏榴莲秀,比宇宙更远的地方,19222958,ANA,ANA
柜员：我也是你们play的一环吗,1159.428,1,16777215,2025-07-25 21:49:29,31349998,6,欢迎观赏榴莲秀,比宇宙更远的地方,19222958,play,play
新航的A380？,27.853,5,16777215,2025-02-25 02:51:02,31349998,6,欢迎观赏榴莲秀,比宇宙更远的地方,19222958,A380,A380
代吃费用100万✧>ᴗo⸝⸝,1299.988,1,16777215,2025-01-16 23:59:13,31349998,6,欢迎观赏榴莲秀,比宇宙更远的地方,19222958,100o,100o
乌节路的ion商场,246.493,1,16777215,2024-09-20 23:58:50,31349998,6,欢迎观赏榴莲秀,比宇宙更远的地方,19222958,ion,ion
一种看GBC的感觉,1127.495,1,16777215,2024-09-09 22:30:34,31349998,6,欢迎观赏榴莲秀,比宇宙更远的地方,19222958,GBC,GBC
evin矿泉水,892.664,1,16777215,2024-03-06 01:05:18,31349998,6,欢迎观赏榴莲秀,比宇宙更远的地方,19222958,evin,evin
lalala,301.112,1,9033215,2023-11-08 23:34:16,31349998,6,欢迎观赏榴莲秀,比宇宙更远的地方,19222958,lalala,lalala
哈哈哈也是你这个npc,1260.96,1,16777215,2023-11-08 00:27:38,31349998,6,欢迎观赏榴莲秀,比宇宙更远的地方,19222958,npc,npc
oi！,335.0,1,16777215,2023-10-30 21:00:48,31349998,6,欢迎观赏榴莲秀,比宇宙更远的地方,19222958,oi,oi
MBS,368.31,1,16777215,2023-10-20 00:21:27,31349998,6,欢迎观赏榴莲秀,比宇宙更远的地方,19222958,MBS,MBS
我家在碧桂园……抱歉有被cue到,556.414,1,16777215,2023-08-23 05:48:51,31349998,6,欢迎观赏榴莲秀,比宇宙更远的地方,19222958,cue,cue
ku了,1140.021,5,16777215,2023-08-11 21:39:28,31349998,6,欢迎观赏榴莲秀,比宇宙更远的地方,19222958,ku,ku
hhhc,1213.093,1,16777215,2023-08-11 01:03:37,31349998,6,欢迎观赏榴莲秀,比宇宙更远的地方,19222958,hhhc,hhhc
100w!!!!(doge),1220.621,1,16777215,2022-12-29 11:39:12,31349998,6,欢迎观赏榴莲秀,比宇宙更远的地方,19222958,100wdoge,100wdoge
弄个pose,406.457,1,16777215,2022-09-07 19:15:49,31349998,6,欢迎观赏榴莲秀,比宇宙更远的地方,19222958,pose,pose
好像汉莎的a380,32.44,1,16777215,2022-08-06 20:33:49,31349998,6,欢迎观赏榴莲秀,比宇宙更远的地方,19222958,a380,a380
黑长直是infj吧,853.878,1,16777215,2022-06-29 23:07:48,31349998,6,欢迎观赏榴莲秀,比宇宙更远的地方,19222958,infj,infj
100w啊100w,1227.34,1,16777215,2022-04-07 15:29:01,31349998,6,欢迎观赏榴莲秀,比宇宙更远的地方,19222958,100w100w,100w100w
6万多RMB从新加坡到澳大利亚不够一张票？,1153.594,1,16777215,2022-04-01 02:14:55,31349998,6,欢迎观赏榴莲秀,比宇宙更远的地方,19222958,6RMB,6RMB
老娘滴100w芭比q了！,1219.142,5,16777215,2022-03-28 03:19:29,31349998,6,欢迎观赏榴莲秀,比宇宙更远的地方,19222958,100wq,100wq
（公务员ahhhhhhh）,735.931,1,16777215,2022-03-03 12:22:24,31349998,6,欢迎观赏榴莲秀,比宇宙更远的地方,19222958,ahhhhhhh,ahhhhhhh
ling不是leng,643.05,1,16777215,2022-02-20 15:19:10,31349998,6,欢迎观赏榴莲秀,比宇宙更远的地方,19222958,lingleng,lingleng
真就一个stf都没,244.581,1,16777215,2022-02-17 09:03:03,31349998,6,欢迎观赏榴莲秀,比宇宙更远的地方,19222958,stf,stf
大榴莲！esplanade剧院！,369.64,1,16777215,2022-02-01 23:03:15,31349998,6,欢迎观赏榴莲秀,比宇宙更远的地方,19222958,esplanade,esplanade
来个poss?,405.348,1,16777215,2021-12-10 02:11:33,31349998,6,欢迎观赏榴莲秀,比宇宙更远的地方,19222958,poss,poss
IFES,174.918,1,16777215,2021-10-12 17:40:16,31349998,6,欢迎观赏榴莲秀,比宇宙更远的地方,19222958,IFES,IFES
lll,1004.987,1,16777215,2021-10-11 20:14:22,31349998,6,欢迎观赏榴莲秀,比宇宙更远的地方,19222958,lll,lll
kenan,383.866,1,16777215,2021-09-06 21:26:41,31349998,6,欢迎观赏榴莲秀,比宇宙更远的地方,19222958,kenan,kenan
GG GP,664.26,5,8700107,2021-08-06 20:01:15,31349998,6,欢迎观赏榴莲秀,比宇宙更远的地方,19222958,GG GP,GP
弄个pose 弄个pose,401.727,1,16777215,2021-07-25 17:52:43,31349998,6,欢迎观赏榴莲秀,比宇宙更远的地方,19222958,pose pose,pose pose
这个69kg的人,461.501,1,16777215,2021-07-13 10:11:30,31349998,6,欢迎观赏榴莲秀,比宇宙更远的地方,19222958,69kg,69kg
笑yue了,1291.339,1,16777215,2021-07-04 12:49:03,31349998,6,欢迎观赏榴莲秀,比宇宙更远的地方,19222958,yue,yue
win～win～win～,155.917,5,16707842,2021-06-26 10:54:54,31349998,6,欢迎观赏榴莲秀,比宇宙更远的地方,19222958,winwinwin,winwinwin
damedane,941.511,1,16777215,2021-05-15 23:23:42,31349998,6,欢迎观赏榴莲秀,比宇宙更远的地方,19222958,damedane,damedane
sodayou,1285.001,5,16777215,2021-02-18 00:27:11,31349998,6,欢迎观赏榴莲秀,比宇宙更远的地方,19222958,sodayou,sodayou
Marina Bay！,364.306,1,16777215,2020-11-03 23:04:07,31349998,6,欢迎观赏榴莲秀,比宇宙更远的地方,19222958,Marina Bay,Marina Bay
翻身农奴和农奴翻身的那几个你们把头伸过来我给加个buff,65.339,1,16777215,2020-10-16 03:06:20,31349998,6,欢迎观赏榴莲秀,比宇宙更远的地方,19222958,buff,buff
asd,57.12,1,16777215,2020-10-13 07:47:51,31349998,6,欢迎观赏榴莲秀,比宇宙更远的地方,19222958,asd,asd
ONE PIECE,555.439,1,16777215,2020-10-09 09:50:02,31349998,6,欢迎观赏榴莲秀,比宇宙更远的地方,19222958,ONE PIECE,ONE PIECE
just do it,1199.122,1,16777215,2020-10-08 01:03:17,31349998,6,欢迎观赏榴莲秀,比宇宙更远的地方,19222958,just do it,just do it
ana233,232.193,1,16777215,2020-10-05 19:57:25,31349998,6,欢迎观赏榴莲秀,比宇宙更远的地方,19222958,ana233,ana233
4 person是ok的,1114.685,1,16777215,2020-10-02 20:49:29,31349998,6,欢迎观赏榴莲秀,比宇宙更远的地方,19222958,4 personok,4 personok
100W啊100W,1219.615,1,16777215,2020-09-06 22:46:40,31349998,6,欢迎观赏榴莲秀,比宇宙更远的地方,19222958,100W100W,100W100W
果然官配CP,1165.162,1,16777215,2020-08-27 09:15:16,31349998,6,欢迎观赏榴莲秀,比宇宙更远的地方,19222958,CP,CP
pull up,56.46,1,16777215,2020-08-26 22:07:14,31349998,6,欢迎观赏榴莲秀,比宇宙更远的地方,19222958,pull up,pull
beef or fish！,170.321,1,16777215,2020-08-23 21:33:59,31349998,6,欢迎观赏榴莲秀,比宇宙更远的地方,19222958,beef or fish,beef or fish
阿梓喵～Moving！！！,46.355,5,15138834,2020-08-19 10:47:23,31349998,6,欢迎观赏榴莲秀,比宇宙更远的地方,19222958,Moving,Moving
来个pose来个pose,407.488,1,16707842,2020-08-08 00:14:04,31349998,6,欢迎观赏榴莲秀,比宇宙更远的地方,19222958,posepose,posepose
four person,1119.871,1,16777215,2020-08-02 13:08:41,31349998,6,欢迎观赏榴莲秀,比宇宙更远的地方,19222958,four person,four person
下面是Gardens by the Bay!!,546.817,1,16777215,2020-07-26 12:46:20,31349998,6,欢迎观赏榴莲秀,比宇宙更远的地方,19222958,Gardens by the Bay,Gardens by the Bay
tangs,264.94,1,16777215,2020-07-21 19:53:10,31349998,6,欢迎观赏榴莲秀,比宇宙更远的地方,19222958,tangs,tangs
plan c,818.02,1,16777215,2020-07-20 17:00:58,31349998,6,欢迎观赏榴莲秀,比宇宙更远的地方,19222958,plan c,plan c
please don't say you are lazy,51.782,1,16777215,2020-07-13 21:09:02,31349998,6,欢迎观赏榴莲秀,比宇宙更远的地方,19222958,please dont say you are lazy,please dont say you are lazy
灵魂拷问EX＋,1260.584,5,16776960,2020-07-11 22:09:34,31349998,6,欢迎观赏榴莲秀,比宇宙更远的地方,19222958,EX,EX
如果是新加坡航的话  是RR,157.89,1,16777215,2020-07-10 15:34:48,31349998,6,欢迎观赏榴莲秀,比宇宙更远的地方,19222958,RR,RR
OP的眼鏡www,288.81,1,16755202,2020-07-09 19:58:51,31349998,6,欢迎观赏榴莲秀,比宇宙更远的地方,19222958,OPwww,OPwww
SQ啊,45.046,1,16777215,2020-07-09 18:20:22,31349998,6,欢迎观赏榴莲秀,比宇宙更远的地方,19222958,SQ,SQ
woyeshi,946.788,1,16777215,2020-07-06 12:43:49,31349998,6,欢迎观赏榴莲秀,比宇宙更远的地方,19222958,woyeshi,woyeshi
6p,1144.578,1,16777215,2020-06-29 23:56:05,31349998,6,欢迎观赏榴莲秀,比宇宙更远的地方,19222958,6p,6p
让她自己先去，你还看个jer的番,780.153,1,16777215,2020-06-29 17:14:23,31349998,6,欢迎观赏榴莲秀,比宇宙更远的地方,19222958,jer,jer
应该是four people 不是four persons啦,1116.45,1,16777215,2020-06-25 18:39:26,31349998,6,欢迎观赏榴莲秀,比宇宙更远的地方,19222958,four people four persons,four people four persons
Shutup and take my money！,1105.613,1,16777215,2020-06-24 13:31:23,31349998,6,欢迎观赏榴莲秀,比宇宙更远的地方,19222958,Shutup and take my money,Shutup and take my money
看成NTR,242.927,1,52480,2020-06-15 09:47:08,31349998,6,欢迎观赏榴莲秀,比宇宙更远的地方,19222958,NTR,NTR
你需要一只呆毛很长的saber,449.564,1,16777215,2020-06-05 08:56:40,31349998,6,欢迎观赏榴莲秀,比宇宙更远的地方,19222958,saber,saber
啊弄个poss弄个poss,402.438,1,16777215,2020-05-30 19:15:16,31349998,6,欢迎观赏榴莲秀,比宇宙更远的地方,19222958,possposs,possposs
不是阿sir宫老哥,250.145,1,16777215,2020-05-24 01:01:00,31349998,6,欢迎观赏榴莲秀,比宇宙更远的地方,19222958,sir,sir
Unlimited RuleBook,811.062,1,16777215,2020-05-21 02:06:19,31349998,6,欢迎观赏榴莲秀,比宇宙更远的地方,19222958,Unlimited RuleBook,Unlimited RuleBook
完了，passport,343.614,1,16777215,2020-05-20 20:35:48,31349998,6,欢迎观赏榴莲秀,比宇宙更远的地方,19222958,passport,passport
xsw,47.831,1,16777215,2020-05-07 16:12:28,31349998,6,欢迎观赏榴莲秀,比宇宙更远的地方,19222958,xsw,xsw
bgm的前两句有点像千与千寻的一个bgm,926.686,1,16777215,2020-04-17 15:17:45,31349998,6,欢迎观赏榴莲秀,比宇宙更远的地方,19222958,bgmbgm,bgmbgm
看成ntr的还有救嘛,243.137,1,16777215,2020-04-06 14:32:06,31349998,6,欢迎观赏榴莲秀,比宇宙更远的地方,19222958,ntr,ntr
faye？,389.091,1,16777215,2020-03-26 23:19:55,31349998,6,欢迎观赏榴莲秀,比宇宙更远的地方,19222958,faye,faye
seven本来就是不休息的,736.197,1,16777215,2020-03-25 11:13:30,31349998,6,欢迎观赏榴莲秀,比宇宙更远的地方,19222958,seven,seven
kkdy,1049.433,1,16777215,2020-03-24 17:10:10,31349998,6,欢迎观赏榴莲秀,比宇宙更远的地方,19222958,kkdy,kkdy
zz,1111.379,1,16777215,2020-03-17 13:41:37,31349998,6,欢迎观赏榴莲秀,比宇宙更远的地方,19222958,zz,zz
double bed？？？,299.956,1,16777215,2020-03-16 22:58:04,31349998,6,欢迎观赏榴莲秀,比宇宙更远的地方,19222958,double bed,double bed
dfbmj,1154.929,1,16777215,2020-03-16 17:52:11,31349998,6,欢迎观赏榴莲秀,比宇宙更远的地方,19222958,dfbmj,dfbmj
Realy dance的魔鬼,1070.401,1,16777215,2020-03-08 20:35:21,31349998,6,欢迎观赏榴莲秀,比宇宙更远的地方,19222958,Realy dance,Realy dance
wok真实啊,817.323,1,16777215,2020-03-01 18:23:39,31349998,6,欢迎观赏榴莲秀,比宇宙更远的地方,19222958,wok,wok
drop it,585.714,1,16777215,2020-02-26 13:14:12,31349998,6,欢迎观赏榴莲秀,比宇宙更远的地方,19222958,drop it,drop it
红tea,194.338,1,16777215,2020-02-24 15:04:20,31349998,6,欢迎观赏榴莲秀,比宇宙更远的地方,19222958,tea,tea
death?,295.499,1,16777215,2020-02-23 01:48:58,31349998,6,欢迎观赏榴莲秀,比宇宙更远的地方,19222958,death,death
这里是队长的回忆，这个捏脸的是baolai的妈妈,31.373,5,15138834,2018-04-05 23:59:58,31882388,7,看宇宙的船,比宇宙更远的地方,19542982,baolai,baolai
sola,677.096,1,16777215,2018-04-03 13:26:12,31882388,7,看宇宙的船,比宇宙更远的地方,19542982,sola,sola
spaceX是nasa养的不代表spaceX手头没货,1078.602,5,16707842,2018-03-22 17:03:33,31882388,7,看宇宙的船,比宇宙更远的地方,19542982,spaceXnasaspaceX,spaceXnasaspaceX
总觉得这个音乐像windoes开机,882.676,1,16755202,2026-03-26 13:06:47,31882388,7,看宇宙的船,比宇宙更远的地方,19542982,windoes,windoes
df,1417.111,1,16777215,2026-03-14 22:36:25,31882388,7,看宇宙的船,比宇宙更远的地方,19542982,df,df
想起当初希帮录pv，录到花阳的时候果皇、小鸟搞怪了2333,40.82,1,16777215,2026-02-05 21:56:27,31882388,7,看宇宙的船,比宇宙更远的地方,19542982,pv2333,pv2333
aieeeeeee！忍者？忍者为何？！,719.805,1,16777215,2025-04-05 01:33:07,31882388,7,看宇宙的船,比宇宙更远的地方,19542982,aieeeeeee,aieeeeeee
twitch,718.501,1,16777215,2024-08-26 17:01:01,31882388,7,看宇宙的船,比宇宙更远的地方,19542982,twitch,twitch
这是欧直EH101，不是海上种马,609.729,1,16777215,2024-07-08 14:51:32,31882388,7,看宇宙的船,比宇宙更远的地方,19542982,EH101,EH101
Fremantle港,480.372,1,16777215,2024-04-14 02:24:24,31882388,7,看宇宙的船,比宇宙更远的地方,19542982,Fremantle,Fremantle
我真的好怕到南极基地时，队长撤下幕布，这就是你们口中的EVA？,850.523,5,16777215,2024-02-06 13:06:57,31882388,7,看宇宙的船,比宇宙更远的地方,19542982,EVA,EVA
QASDEW,153.022,1,16777215,2024-02-01 21:51:07,31882388,7,看宇宙的船,比宇宙更远的地方,19542982,QASDEW,QASDEW
弓子是Lynn配的吧,467.246,5,13369971,2023-08-14 19:23:21,31882388,7,看宇宙的船,比宇宙更远的地方,19542982,Lynn,Lynn
这段bgm甚至都很像sola里的。。,684.585,1,16777215,2023-03-16 14:57:01,31882388,7,看宇宙的船,比宇宙更远的地方,19542982,bgmsola,bgmsola
登dua郎,285.064,1,16777215,2022-12-30 23:11:07,31882388,7,看宇宙的船,比宇宙更远的地方,19542982,dua,dua
妈妈：万匹si我放在南极了，相当我女婿的就去找到它吧！,1298.494,5,16646914,2022-12-30 21:51:32,31882388,7,看宇宙的船,比宇宙更远的地方,19542982,si,si
寻找teki～ili,861.913,1,16777215,2022-11-19 13:30:58,31882388,7,看宇宙的船,比宇宙更远的地方,19542982,tekiili,tekiili
CS：GO南极限定,718.647,1,16777215,2022-09-11 14:14:57,31882388,7,看宇宙的船,比宇宙更远的地方,19542982,CSGO,CSGO
南极4F,728.059,1,14811775,2022-08-28 23:22:54,31882388,7,看宇宙的船,比宇宙更远的地方,19542982,4F,4F
toma!我内个很大！,1255.976,1,16777215,2022-08-23 18:22:57,31882388,7,看宇宙的船,比宇宙更远的地方,19542982,toma,toma
这个前奏搞得我老以为要唱Don't lazy,49.852,5,15138834,2022-06-25 18:38:11,31882388,7,看宇宙的船,比宇宙更远的地方,19542982,Dont lazy,Dont lazy
3d2y,1133.781,1,16777215,2022-05-08 19:27:34,31882388,7,看宇宙的船,比宇宙更远的地方,19542982,3d2y,3d2y
宇 宇宙葬？！（OPUS乱入）,705.523,5,41194,2022-03-28 00:46:48,31882388,7,看宇宙的船,比宇宙更远的地方,19542982,OPUS,OPUS
结衣，好像One  room里面的女主。真的好像,1096.427,1,16777215,2022-03-24 21:05:11,31882388,7,看宇宙的船,比宇宙更远的地方,19542982,One  room,One room
怎么标英文了都，是so ra吧,688.861,1,16777215,2022-02-23 20:27:24,31882388,7,看宇宙的船,比宇宙更远的地方,19542982,so ra,so ra
这就体现了ns的的重要性,677.264,1,16777215,2022-01-23 14:33:30,31882388,7,看宇宙的船,比宇宙更远的地方,19542982,ns,ns
PLEASE DON\,48.4,1,16777215,2022-01-10 17:56:29,31882388,7,看宇宙的船,比宇宙更远的地方,19542982,PLEASE DON,PLEASE DON
abyss,651.025,1,16777215,2021-12-16 22:47:56,31882388,7,看宇宙的船,比宇宙更远的地方,19542982,abyss,abyss
我记得以前都是存sim的,550.803,1,16777215,2021-10-06 00:53:12,31882388,7,看宇宙的船,比宇宙更远的地方,19542982,sim,sim
pro啊,427.94,1,16777215,2021-08-18 13:46:45,31882388,7,看宇宙的船,比宇宙更远的地方,19542982,pro,pro
im 阳子日常迫害松冈,1175.977,5,16777215,2021-07-30 00:16:14,31882388,7,看宇宙的船,比宇宙更远的地方,19542982,im,im
Windows7,988.885,1,16777215,2021-07-27 10:31:38,31882388,7,看宇宙的船,比宇宙更远的地方,19542982,Windows7,Windows7
KGB,723.964,1,16777215,2021-07-27 10:26:47,31882388,7,看宇宙的船,比宇宙更远的地方,19542982,KGB,KGB
松岗buiz,1175.871,1,16777215,2021-07-02 20:50:35,31882388,7,看宇宙的船,比宇宙更远的地方,19542982,buiz,buiz
solar？,677.968,1,16777215,2021-05-31 15:18:57,31882388,7,看宇宙的船,比宇宙更远的地方,19542982,solar,solar
JK! JK! JK!,1154.975,1,16777215,2021-05-24 09:25:57,31882388,7,看宇宙的船,比宇宙更远的地方,19542982,JK JK JK,JK JK JK
当duanang～,932.925,1,16777215,2021-04-21 20:46:53,31882388,7,看宇宙的船,比宇宙更远的地方,19542982,duanang,duanang
Perth也有很多华人的好吧,517.893,1,16777215,2021-03-03 22:33:20,31882388,7,看宇宙的船,比宇宙更远的地方,19542982,Perth,Perth
哇，熟悉的fremantle,484.963,1,16777215,2021-03-03 22:32:24,31882388,7,看宇宙的船,比宇宙更远的地方,19542982,fremantle,fremantle
kibagou！,733.854,1,15138834,2021-03-01 00:21:23,31882388,7,看宇宙的船,比宇宙更远的地方,19542982,kibagou,kibagou
lulusu,779.223,1,16707842,2021-02-24 00:01:58,31882388,7,看宇宙的船,比宇宙更远的地方,19542982,lulusu,lulusu
xueji,619.517,1,16777215,2021-02-15 00:55:48,31882388,7,看宇宙的船,比宇宙更远的地方,19542982,xueji,xueji
优秀优秀？yu xu yu xu～,567.6,1,15138834,2021-02-08 16:53:26,31882388,7,看宇宙的船,比宇宙更远的地方,19542982,yu xu yu xu,yu xu yu xu
One piece！,925.652,1,15138834,2021-01-26 13:26:18,31882388,7,看宇宙的船,比宇宙更远的地方,19542982,One piece,One piece
Vixen,1039.867,1,16777215,2021-01-14 11:43:04,31882388,7,看宇宙的船,比宇宙更远的地方,19542982,Vixen,Vixen
Aoi sora,680.466,1,16777215,2021-01-14 11:33:35,31882388,7,看宇宙的船,比宇宙更远的地方,19542982,Aoi sora,Aoi sora
NS就显得尤为重要了。,658.442,1,16777215,2021-01-10 22:30:02,31882388,7,看宇宙的船,比宇宙更远的地方,19542982,NS,NS
cosplay,725.586,1,16777215,2021-01-01 13:27:50,31882388,7,看宇宙的船,比宇宙更远的地方,19542982,cosplay,cosplay
i‘m传统艺能,1179.858,1,16777215,2020-12-30 19:34:38,31882388,7,看宇宙的船,比宇宙更远的地方,19542982,i‘m,i ‘ m
rush b！,718.533,1,16777215,2020-12-29 04:32:04,31882388,7,看宇宙的船,比宇宙更远的地方,19542982,rush b,rush b
ohhhhh,1167.854,1,16777215,2020-12-16 16:41:15,31882388,7,看宇宙的船,比宇宙更远的地方,19542982,ohhhhh,ohhhhh
five,394.792,5,41194,2020-11-22 01:42:40,31882388,7,看宇宙的船,比宇宙更远的地方,19542982,five,five
GO,1309.596,1,16777215,2020-11-18 21:12:16,31882388,7,看宇宙的船,比宇宙更远的地方,19542982,GO,GO
c(2，4)+c(3，4)+c(4，4)=11,254.099,1,16777215,2020-11-16 00:34:49,31882388,7,看宇宙的船,比宇宙更远的地方,19542982,c24c34c4411,c24c34c4411
nasa配乐,686.286,1,16777215,2020-11-04 18:05:38,31882388,7,看宇宙的船,比宇宙更远的地方,19542982,nasa,nasa
ohhhhhhh,1306.157,1,16777215,2020-10-28 02:03:15,31882388,7,看宇宙的船,比宇宙更远的地方,19542982,ohhhhhhh,ohhhhhhh
RUSH N,769.704,1,16777215,2020-10-14 01:20:24,31882388,7,看宇宙的船,比宇宙更远的地方,19542982,RUSH N,RUSH N
轮机员To,1113.714,1,16777215,2020-10-03 02:00:57,31882388,7,看宇宙的船,比宇宙更远的地方,19542982,To,To
sora,694.713,1,16777215,2020-09-19 19:32:35,31882388,7,看宇宙的船,比宇宙更远的地方,19542982,sora,sora
Hi,1355.999,1,16777215,2020-08-31 16:55:46,31882388,7,看宇宙的船,比宇宙更远的地方,19542982,Hi,Hi
-random,119.386,1,16777215,2020-08-27 19:27:08,31882388,7,看宇宙的船,比宇宙更远的地方,19542982,random,random
全起P90跟我一起，RashB！！！,714.475,1,16777215,2020-08-10 13:04:41,31882388,7,看宇宙的船,比宇宙更远的地方,19542982,P90RashB,P90RashB
AI,643.457,1,16777215,2020-08-04 16:45:03,31882388,7,看宇宙的船,比宇宙更远的地方,19542982,AI,AI
rush B！！！,722.799,1,16777215,2020-08-03 20:40:58,31882388,7,看宇宙的船,比宇宙更远的地方,19542982,rush B,rush B
onepiece在南极！海贼王路飞说的,1331.552,1,16777215,2020-07-22 14:32:00,31882388,7,看宇宙的船,比宇宙更远的地方,19542982,onepiece,onepiece
“Tekeli—Li！Tekeli—Li！”,847.907,1,16777215,2020-07-21 14:59:38,31882388,7,看宇宙的船,比宇宙更远的地方,19542982,“TekeliLiTekeliLi”,“ TekeliLiTekeliLi ”
Yeah buddy,611.189,5,15138834,2020-07-21 03:04:35,31882388,7,看宇宙的船,比宇宙更远的地方,19542982,Yeah buddy,Yeah buddy
UMA那個南極人類www,847.3,1,16755202,2020-07-09 22:15:16,31882388,7,看宇宙的船,比宇宙更远的地方,19542982,UMAwww,UMAwww
she,923.606,1,16777215,2020-07-07 20:26:24,31882388,7,看宇宙的船,比宇宙更远的地方,19542982,she,she
不是sola是sora,682.654,1,16777215,2020-07-02 07:25:26,31882388,7,看宇宙的船,比宇宙更远的地方,19542982,solasora,solasora
RUSH B笑死,719.107,1,16777215,2020-06-24 13:59:18,31882388,7,看宇宙的船,比宇宙更远的地方,19542982,RUSH B,RUSH B
上下左右，BABA,300.596,1,16777215,2020-06-24 11:51:19,31882388,7,看宇宙的船,比宇宙更远的地方,19542982,BABA,BABA
lover,738.127,1,16777215,2020-06-23 16:47:38,31882388,7,看宇宙的船,比宇宙更远的地方,19542982,lover,lover
你个2B,846.487,1,16777215,2020-06-19 20:46:03,31882388,7,看宇宙的船,比宇宙更远的地方,19542982,2B,2B
FBI,1177.081,1,16777215,2020-06-19 04:00:18,31882388,7,看宇宙的船,比宇宙更远的地方,19542982,FBI,FBI
这是mio的cv吗,13.95,1,16777215,2020-06-15 01:10:06,31882388,7,看宇宙的船,比宇宙更远的地方,19542982,miocv,miocv
Oen piece是真实存在的！,925.308,5,16646914,2020-06-07 23:36:26,31882388,7,看宇宙的船,比宇宙更远的地方,19542982,Oen piece,Oen piece
PRO,425.66,1,16777215,2020-05-21 13:57:36,31882388,7,看宇宙的船,比宇宙更远的地方,19542982,PRO,PRO
南极可以从新西兰的美军基地坐LC-130直达,650.812,1,16777215,2020-05-07 21:05:46,31882388,7,看宇宙的船,比宇宙更远的地方,19542982,LC130,LC130
走，rushb,714.254,1,15138834,2020-04-21 23:17:07,31882388,7,看宇宙的船,比宇宙更远的地方,19542982,rushb,rushb
世界上最孤独的STEAM玩家,668.606,1,65535,2020-04-19 12:46:39,31882388,7,看宇宙的船,比宇宙更远的地方,19542982,STEAM,STEAM
bgn,1250.849,1,16777215,2020-04-03 19:46:43,31882388,7,看宇宙的船,比宇宙更远的地方,19542982,bgn,bgn
duen dua nan,276.671,1,16777215,2020-03-22 12:43:51,31882388,7,看宇宙的船,比宇宙更远的地方,19542982,duen dua nan,duen dua nan
SIM也是有存储容量的,550.063,1,16777215,2020-03-19 14:36:24,31882388,7,看宇宙的船,比宇宙更远的地方,19542982,SIM,SIM
tamako,485.806,1,16777215,2020-03-17 23:43:57,31882388,7,看宇宙的船,比宇宙更远的地方,19542982,tamako,tamako
FGO迪加底可还行,1010.769,1,16777215,2020-03-14 19:27:27,31882388,7,看宇宙的船,比宇宙更远的地方,19542982,FGO,FGO
想起了monstrum,316.078,1,16777215,2020-03-11 18:31:45,31882388,7,看宇宙的船,比宇宙更远的地方,19542982,monstrum,monstrum
steam那个xsw,678.099,1,16777215,2020-03-08 00:54:36,31882388,7,看宇宙的船,比宇宙更远的地方,19542982,steamxsw,steamxsw
 niconiconi❤️,1262.782,1,16777215,2020-03-07 23:36:01,31882388,7,看宇宙的船,比宇宙更远的地方,19542982,niconiconi,niconiconi
j ju,380.923,1,16777215,2020-03-07 02:07:45,31882388,7,看宇宙的船,比宇宙更远的地方,19542982,j ju,j ju
迷hotel,464.648,5,16777215,2020-03-04 22:39:40,31882388,7,看宇宙的船,比宇宙更远的地方,19542982,hotel,hotel
haoshuang,230.24,1,16777215,2020-03-03 10:32:22,31882388,7,看宇宙的船,比宇宙更远的地方,19542982,haoshuang,haoshuang
FF,703.246,1,16777215,2020-03-01 22:52:24,31882388,7,看宇宙的船,比宇宙更远的地方,19542982,FF,FF
WOZHDAOLE,688.714,1,16777215,2020-03-01 22:52:09,31882388,7,看宇宙的船,比宇宙更远的地方,19542982,WOZHDAOLE,WOZHDAOLE
taro？？,688.472,1,16777215,2020-02-09 05:05:15,31882388,7,看宇宙的船,比宇宙更远的地方,19542982,taro,taro
Awsl,719.735,1,16777215,2020-01-20 23:18:59,31882388,7,看宇宙的船,比宇宙更远的地方,19542982,Awsl,Awsl
SAIDO CHESTO!!!!!,1076.308,1,16777215,2020-01-16 02:03:38,31882388,7,看宇宙的船,比宇宙更远的地方,19542982,SAIDO CHESTO,SAIDO CHESTO
缺少娱乐，所以南北极自动贩卖机的DLS销量很好,654.578,1,16777215,2020-01-04 21:33:41,31882388,7,看宇宙的船,比宇宙更远的地方,19542982,DLS,DLS
shiro bako,927.618,1,16777215,2019-12-16 00:24:50,31882388,7,看宇宙的船,比宇宙更远的地方,19542982,shiro bako,shiro bako
rush b rush b  go go go,725.145,1,16777215,2019-11-30 22:37:28,31882388,7,看宇宙的船,比宇宙更远的地方,19542982,rush b rush b  go go go,rush b rush b go go go
下下左上右  ABAB,301.739,1,16777215,2019-10-18 12:42:29,31882388,7,看宇宙的船,比宇宙更远的地方,19542982,ABAB,ABAB
soul,697.024,1,16777215,2019-10-16 15:03:21,31882388,7,看宇宙的船,比宇宙更远的地方,19542982,soul,soul
找亚当！做EVA！人类补完gogogo！,848.34,1,16777215,2019-09-12 07:36:19,31882388,7,看宇宙的船,比宇宙更远的地方,19542982,EVAgogogo,EVAgogogo
swag,77.414,1,16777215,2019-09-06 21:54:23,31882388,7,看宇宙的船,比宇宙更远的地方,19542982,swag,swag
OP和ED都好美啊,79.55,1,16777215,2019-08-24 13:29:28,31882388,7,看宇宙的船,比宇宙更远的地方,19542982,OPED,OPED
naidesu（即答）,487.478,1,16777215,2019-08-22 08:00:51,31882388,7,看宇宙的船,比宇宙更远的地方,19542982,naidesu,naidesu
Vodafone AU,539.797,1,16777215,2019-08-19 04:16:55,31882388,7,看宇宙的船,比宇宙更远的地方,19542982,Vodafone AU,Vodafone AU
如果是APO应当很贵吧,937.757,1,16777215,2019-08-17 15:04:16,31882388,7,看宇宙的船,比宇宙更远的地方,19542982,APO,APO
cut！ cut！,176.368,1,16777215,2019-08-10 13:24:03,31882388,7,看宇宙的船,比宇宙更远的地方,19542982,cut cut,cut cut
sol,684.723,1,16777215,2019-08-03 23:30:04,31882388,7,看宇宙的船,比宇宙更远的地方,19542982,sol,sol
SIM卡不是电话卡吗？内存卡不是SD卡吗？,541.62,1,16777215,2019-07-31 02:16:45,31882388,7,看宇宙的船,比宇宙更远的地方,19542982,SIMSD,SIMSD
担忧ing,532.915,1,16777215,2019-07-17 15:16:43,31882388,7,看宇宙的船,比宇宙更远的地方,19542982,ing,ing
才听出来是mlo的声音,679.771,1,16777215,2019-06-19 14:01:49,31882388,7,看宇宙的船,比宇宙更远的地方,19542982,mlo,mlo
想起那张steam玩家分部图hhh,661.487,1,16777215,2019-06-16 23:54:25,31882388,7,看宇宙的船,比宇宙更远的地方,19542982,steamhhh,steamhhh
少女，你有练poppin的潜质,191.675,1,16777215,2019-05-12 22:40:32,31882388,7,看宇宙的船,比宇宙更远的地方,19542982,poppin,poppin
uqqq,1302.362,1,16777215,2019-05-11 12:28:57,31882388,7,看宇宙的船,比宇宙更远的地方,19542982,uqqq,uqqq
NYN草生,487.199,1,16777215,2019-05-10 13:34:20,31882388,7,看宇宙的船,比宇宙更远的地方,19542982,NYN,NYN
minus,653.05,1,16777215,2019-05-02 11:53:23,31882388,7,看宇宙的船,比宇宙更远的地方,19542982,minus,minus
jk，是jk没跑了,1160.312,1,16777215,2019-03-28 21:09:34,31882388,7,看宇宙的船,比宇宙更远的地方,19542982,jkjk,jkjk
这cv表，awsl,1331.782,5,16777215,2019-02-22 02:46:05,31882388,7,看宇宙的船,比宇宙更远的地方,19542982,cvawsl,cvawsl
csgo,724.41,1,16777215,2019-02-21 13:55:15,31882388,7,看宇宙的船,比宇宙更远的地方,19542982,csgo,csgo
个头aixuao,1263.563,1,16777215,2019-02-15 00:03:21,31882388,7,看宇宙的船,比宇宙更远的地方,19542982,aixuao,aixuao
RiderTime,51.36,5,16777215,2019-02-02 20:23:23,31882388,7,看宇宙的船,比宇宙更远的地方,19542982,RiderTime,RiderTime
duang,500.265,1,16777215,2019-01-26 13:54:30,31882388,7,看宇宙的船,比宇宙更远的地方,19542982,duang,duang
faq,864.845,1,16777215,2019-01-14 06:27:21,31882388,7,看宇宙的船,比宇宙更远的地方,19542982,faq,faq
yoiqi,1334.182,1,16777215,2019-01-12 21:04:36,31882388,7,看宇宙的船,比宇宙更远的地方,19542982,yoiqi,yoiqi
yamml号,6.143,1,16777215,2019-01-11 23:47:31,31882388,7,看宇宙的船,比宇宙更远的地方,19542982,yamml,yamml
Five,398.015,1,16777215,2019-01-11 23:11:52,31882388,7,看宇宙的船,比宇宙更远的地方,19542982,Five,Five
Gba模拟器可以为所欲为,665.25,1,16777215,2019-01-11 05:36:03,31882388,7,看宇宙的船,比宇宙更远的地方,19542982,Gba,Gba
自己去看cv表，这部番cv爆炸,802.608,1,16777215,2019-01-11 01:05:41,31882388,7,看宇宙的船,比宇宙更远的地方,19542982,cvcv,cvcv
HHHHH,1179.696,1,16777215,2019-01-01 15:13:17,31882388,7,看宇宙的船,比宇宙更远的地方,19542982,HHHHH,HHHHH
那边有观测队员带了Switch过去玩,669.916,1,16777215,2018-12-30 12:35:38,31882388,7,看宇宙的船,比宇宙更远的地方,19542982,Switch,Switch
yosuka,686.91,1,16777215,2018-12-24 23:56:24,31882388,7,看宇宙的船,比宇宙更远的地方,19542982,yosuka,yosuka
overlord抱妹杀，太像了,1125.068,1,16777215,2019-08-22 20:24:43,32326690,8,咆哮 疯狂 尖叫,比宇宙更远的地方,19822508,overlord,overlord
3、但如果说“金元寿子是cv”这就属误用，应说“金元寿子是乌贼娘的cv/声优”。,1415.772,5,9487136,2020-12-20 22:39:19,32326690,8,咆哮 疯狂 尖叫,比宇宙更远的地方,19822508,3“cv”“cv”,3 “ cv ” “ cv ”
那是――ALL BULE!,1280.38,5,41194,2018-08-02 20:25:13,32326690,8,咆哮 疯狂 尖叫,比宇宙更远的地方,19822508,ALL BULE,ALL BULE
我竟然晕了。。。我出去缓缓OTZ,773.728,1,16777215,2018-06-19 21:52:51,32326690,8,咆哮 疯狂 尖叫,比宇宙更远的地方,19822508,OTZ,OTZ
warframe超休闲的,1146.127,1,16777215,2020-05-31 17:54:09,32326690,8,咆哮 疯狂 尖叫,比宇宙更远的地方,19822508,warframe,warframe
ty服务器原来在这,328.235,1,16777215,2018-06-17 18:59:20,32326690,8,咆哮 疯狂 尖叫,比宇宙更远的地方,19822508,ty,ty
bgm:one step,1266.234,1,16707842,2026-03-12 20:35:58,32326690,8,咆哮 疯狂 尖叫,比宇宙更远的地方,19822508,bgmone step,bgmone step
Amazon！,514.105,1,16777215,2025-11-05 13:08:23,32326690,8,咆哮 疯狂 尖叫,比宇宙更远的地方,19822508,Amazon,Amazon
Toilet~~,1103.273,1,16755202,2025-05-30 13:29:17,32326690,8,咆哮 疯狂 尖叫,比宇宙更远的地方,19822508,Toilet,Toilet
DC神奇女侠,514.753,1,16777215,2025-03-07 22:18:32,32326690,8,咆哮 疯狂 尖叫,比宇宙更远的地方,19822508,DC,DC
yikeyou 哪里有人在喊喜多喜多？,503.927,1,16777215,2024-12-24 22:40:31,32326690,8,咆哮 疯狂 尖叫,比宇宙更远的地方,19822508,yikeyou,yikeyou
厨邦酱油美味鲜，晒足180天，你看就在这里晒，有图有真相（bushi）,11.84,1,15138834,2024-10-10 01:32:33,32326690,8,咆哮 疯狂 尖叫,比宇宙更远的地方,19822508,180bushi,180bushi
我看到了gj部,341.788,1,16777215,2024-08-11 10:36:22,32326690,8,咆哮 疯狂 尖叫,比宇宙更远的地方,19822508,gj,gj
Vi Da!,77.966,1,16777215,2024-06-10 23:09:33,32326690,8,咆哮 疯狂 尖叫,比宇宙更远的地方,19822508,Vi Da,Vi Da
ui,811.922,1,16777215,2024-01-27 19:50:42,32326690,8,咆哮 疯狂 尖叫,比宇宙更远的地方,19822508,ui,ui
下一集：D day,1321.992,1,16777215,2023-10-23 22:49:38,32326690,8,咆哮 疯狂 尖叫,比宇宙更远的地方,19822508,D day,D day
这显然是个2不是Z啊要不然为什么上面弯回来,92.571,1,16777215,2023-08-17 18:14:53,32326690,8,咆哮 疯狂 尖叫,比宇宙更远的地方,19822508,2Z,2Z
sealook,210.517,1,16777215,2023-06-10 23:45:59,32326690,8,咆哮 疯狂 尖叫,比宇宙更远的地方,19822508,sealook,sealook
sl,70.757,1,16777215,2023-05-12 06:50:34,32326690,8,咆哮 疯狂 尖叫,比宇宙更远的地方,19822508,sl,sl
习惯了船上回大地上还会再晕一次doye,704.979,1,16777215,2023-02-21 03:08:31,32326690,8,咆哮 疯狂 尖叫,比宇宙更远的地方,19822508,doye,doye
ttk,1073.542,1,16777215,2022-11-04 13:03:08,32326690,8,咆哮 疯狂 尖叫,比宇宙更远的地方,19822508,ttk,ttk
yosuro,55.4,1,41194,2022-09-30 02:19:49,32326690,8,咆哮 疯狂 尖叫,比宇宙更远的地方,19822508,yosuro,yosuro
w，，，wd，，，f,1179.36,1,16777215,2022-09-08 15:18:58,32326690,8,咆哮 疯狂 尖叫,比宇宙更远的地方,19822508,wwdf,wwdf
从小到大没晕过Dog,1037.581,1,16777215,2022-08-03 15:08:59,32326690,8,咆哮 疯狂 尖叫,比宇宙更远的地方,19822508,Dog,Dog
小决是isfp吧,329.469,1,16777215,2022-06-30 21:23:20,32326690,8,咆哮 疯狂 尖叫,比宇宙更远的地方,19822508,isfp,isfp
好像强风吹拂的king,405.18,1,16777215,2022-06-02 21:56:40,32326690,8,咆哮 疯狂 尖叫,比宇宙更远的地方,19822508,king,king
yuusyoku夕食听起来像晚餐的意思啊,584.953,1,16777215,2022-03-07 21:01:43,32326690,8,咆哮 疯狂 尖叫,比宇宙更远的地方,19822508,yuusyoku,yuusyoku
one step!!!!,1148.746,1,16646914,2022-02-23 18:29:52,32326690,8,咆哮 疯狂 尖叫,比宇宙更远的地方,19822508,one step,one step
A   ma    zon！！！,515.289,1,15138834,2021-12-02 17:11:57,32326690,8,咆哮 疯狂 尖叫,比宇宙更远的地方,19822508,A   ma    zon,A ma zon
这个 qizi 我想起了少女终末旅行,93.809,1,16777215,2021-10-21 01:56:17,32326690,8,咆哮 疯狂 尖叫,比宇宙更远的地方,19822508,qizi,qizi
java,628.165,1,16777215,2021-09-20 12:11:12,32326690,8,咆哮 疯狂 尖叫,比宇宙更远的地方,19822508,java,java
DD:驱逐,1419.003,1,16777215,2021-04-27 18:09:53,32326690,8,咆哮 疯狂 尖叫,比宇宙更远的地方,19822508,DD,DD
otoko土豆哈哈,335.21,1,16777215,2021-02-28 00:16:04,32326690,8,咆哮 疯狂 尖叫,比宇宙更远的地方,19822508,otoko,otoko
ZT,92.344,1,16777215,2021-02-01 12:49:43,32326690,8,咆哮 疯狂 尖叫,比宇宙更远的地方,19822508,ZT,ZT
All blue！,1263.102,5,15138834,2021-01-08 15:35:06,32326690,8,咆哮 疯狂 尖叫,比宇宙更远的地方,19822508,All blue,All blue
2、我们可以说“乌贼娘的cv/声优是金元寿子”，也可以说“金元寿子是声优”。,1415.012,5,9487136,2020-12-20 22:38:07,32326690,8,咆哮 疯狂 尖叫,比宇宙更远的地方,19822508,2“cv”“”,2 “ cv ” “ ”
1、通常cv就是指声优，但声优和cv并不是完全等同。,1414.172,5,9487136,2020-12-20 22:37:06,32326690,8,咆哮 疯狂 尖叫,比宇宙更远的地方,19822508,1cvcv,1cvcv
one peach！海鲜王，我当定了！,1252.132,5,16707842,2020-12-20 22:23:06,32326690,8,咆哮 疯狂 尖叫,比宇宙更远的地方,19822508,one peach,one peach
咆哮西风带 cool,903.743,1,16777215,2020-10-22 21:03:48,32326690,8,咆哮 疯狂 尖叫,比宇宙更远的地方,19822508,cool,cool
ubisoft,345.593,1,16777215,2020-10-13 22:28:10,32326690,8,咆哮 疯狂 尖叫,比宇宙更远的地方,19822508,ubisoft,ubisoft
配乐好像cb,698.44,1,16707842,2020-09-16 00:59:28,32326690,8,咆哮 疯狂 尖叫,比宇宙更远的地方,19822508,cb,cb
ni,359.155,5,16776960,2020-09-14 18:09:29,32326690,8,咆哮 疯狂 尖叫,比宇宙更远的地方,19822508,ni,ni
Torpedo in the water!,1168.513,1,15138834,2020-09-11 21:26:38,32326690,8,咆哮 疯狂 尖叫,比宇宙更远的地方,19822508,Torpedo in the water,Torpedo in the water
up is down,914.007,1,16777215,2020-09-02 23:42:17,32326690,8,咆哮 疯狂 尖叫,比宇宙更远的地方,19822508,up is down,is down
BGM，one step,1189.249,1,16777215,2020-08-19 10:42:20,32326690,8,咆哮 疯狂 尖叫,比宇宙更远的地方,19822508,BGMone step,BGMone step
az,771.212,1,15772458,2020-08-08 01:08:45,32326690,8,咆哮 疯狂 尖叫,比宇宙更远的地方,19822508,az,az
CV指的是角色配音这个行为，你不能说某个人是CV，必须说是某个角色的CV。,1424.866,1,16777215,2020-08-01 20:21:19,32326690,8,咆哮 疯狂 尖叫,比宇宙更远的地方,19822508,CVCVCV,CVCVCV
GIO  GIO  GIO!!,804.206,1,16755202,2020-07-27 17:18:28,32326690,8,咆哮 疯狂 尖叫,比宇宙更远的地方,19822508,GIO  GIO  GIO,GIO GIO GIO
少年pi的奇幻漂流,1182.286,1,16777215,2020-06-06 17:29:08,32326690,8,咆哮 疯狂 尖叫,比宇宙更远的地方,19822508,pi,pi
oki才是你们想要的大,484.052,5,16707842,2020-06-03 12:40:32,32326690,8,咆哮 疯狂 尖叫,比宇宙更远的地方,19822508,oki,oki
sans号,63.893,5,41194,2020-05-23 21:02:28,32326690,8,咆哮 疯狂 尖叫,比宇宙更远的地方,19822508,sans,sans
bgm     one step,1212.833,5,41194,2020-05-02 09:09:21,32326690,8,咆哮 疯狂 尖叫,比宇宙更远的地方,19822508,bgm     one step,bgm one step
cheese,114.615,1,6830715,2020-05-02 00:09:57,32326690,8,咆哮 疯狂 尖叫,比宇宙更远的地方,19822508,cheese,cheese
Antarctic！！！,1294.779,1,16777215,2020-04-25 04:14:21,32326690,8,咆哮 疯狂 尖叫,比宇宙更远的地方,19822508,Antarctic,Antarctic
COD4开局,1168.148,1,41194,2020-04-10 21:24:39,32326690,8,咆哮 疯狂 尖叫,比宇宙更远的地方,19822508,COD4,COD4
yaludaze,32.1,1,16777215,2020-04-10 16:06:08,32326690,8,咆哮 疯狂 尖叫,比宇宙更远的地方,19822508,yaludaze,yaludaze
noooooooo,563.537,5,16777215,2020-03-18 07:43:09,32326690,8,咆哮 疯狂 尖叫,比宇宙更远的地方,19822508,noooooooo,noooooooo
blhx 碧蓝航线 碧蓝航线 本来还想,1248.833,1,16777215,2020-03-17 12:13:19,32326690,8,咆哮 疯狂 尖叫,比宇宙更远的地方,19822508,blhx,blhx
wwcwcwc,525.386,1,16777215,2020-03-14 11:34:39,32326690,8,咆哮 疯狂 尖叫,比宇宙更远的地方,19822508,wwcwcwc,wwcwcwc
America～,1286.237,1,16777215,2020-01-29 21:10:20,32326690,8,咆哮 疯狂 尖叫,比宇宙更远的地方,19822508,America,America
ACC绕极流,889.937,1,16777215,2020-01-27 11:36:17,32326690,8,咆哮 疯狂 尖叫,比宇宙更远的地方,19822508,ACC,ACC
目标all blue,54.311,1,16777215,2020-01-17 11:25:40,32326690,8,咆哮 疯狂 尖叫,比宇宙更远的地方,19822508,all blue,all blue
yo so ro!,32.767,1,16777215,2019-12-26 21:39:22,32326690,8,咆哮 疯狂 尖叫,比宇宙更远的地方,19822508,yo so ro,yo so ro
强风吹拂，King哥?,407.482,1,16777215,2019-09-01 14:24:40,32326690,8,咆哮 疯狂 尖叫,比宇宙更远的地方,19822508,King,King
peace?,1307.192,1,16777215,2019-08-29 15:05:28,32326690,8,咆哮 疯狂 尖叫,比宇宙更远的地方,19822508,peace,peace
PIECE,1281.61,1,16777215,2019-08-29 15:04:56,32326690,8,咆哮 疯狂 尖叫,比宇宙更远的地方,19822508,PIECE,PIECE
ONE,1280.104,1,16777215,2019-08-29 15:04:44,32326690,8,咆哮 疯狂 尖叫,比宇宙更远的地方,19822508,ONE,ONE
all Blue,1309.08,1,16777215,2019-07-17 10:51:41,32326690,8,咆哮 疯狂 尖叫,比宇宙更远的地方,19822508,all Blue,all Blue
et吗hhhhhhh,1390.298,1,16777215,2019-06-29 17:41:21,32326690,8,咆哮 疯狂 尖叫,比宇宙更远的地方,19822508,ethhhhhhh,ethhhhhhh
按住“v”爬起,1020.746,1,16777215,2019-06-26 19:45:34,32326690,8,咆哮 疯狂 尖叫,比宇宙更远的地方,19822508,“v”,“ v ”
按住“V”,1020.746,1,16777215,2019-06-26 19:45:17,32326690,8,咆哮 疯狂 尖叫,比宇宙更远的地方,19822508,“V”,“ V ”
妈妈我要去南极o(≧v≦)o,1152.411,1,16777215,2019-06-18 00:22:28,32326690,8,咆哮 疯狂 尖叫,比宇宙更远的地方,19822508,ovo,ovo
梁红好评o>_<o贼喜欢他们,735.301,1,16777215,2019-06-09 21:56:23,32326690,8,咆哮 疯狂 尖叫,比宇宙更远的地方,19822508,oo,oo
土豆炖you,597.472,1,16777215,2019-05-07 21:43:12,32326690,8,咆哮 疯狂 尖叫,比宇宙更远的地方,19822508,you,you
ceo,512.198,1,16777215,2019-03-03 09:44:49,32326690,8,咆哮 疯狂 尖叫,比宇宙更远的地方,19822508,ceo,ceo
啊！我的24K高清曲面屏,673.405,5,38979,2023-05-23 22:04:33,32876160,9,南极爱情故事（暴风雪篇）,比宇宙更远的地方,20140181,24K,24K
你火大nm呢,963.946,1,16777215,2026-03-02 22:33:01,32876160,9,南极爱情故事（暴风雪篇）,比宇宙更远的地方,20140181,nm,nm
4i,211.764,1,16777215,2025-10-02 00:15:38,32876160,9,南极爱情故事（暴风雪篇）,比宇宙更远的地方,20140181,4i,4i
如果不能去南极，就跳绳1000下（doge）,1038.105,1,16777215,2025-08-08 17:04:36,32876160,9,南极爱情故事（暴风雪篇）,比宇宙更远的地方,20140181,1000doge,1000doge
ssshh,775.32,1,16777215,2025-05-04 17:11:19,32876160,9,南极爱情故事（暴风雪篇）,比宇宙更远的地方,20140181,ssshh,ssshh
4ai？,208.81,1,16777215,2024-11-08 22:26:01,32876160,9,南极爱情故事（暴风雪篇）,比宇宙更远的地方,20140181,4ai,4ai
U boat！,847.449,1,16777215,2024-09-10 19:12:13,32876160,9,南极爱情故事（暴风雪篇）,比宇宙更远的地方,20140181,U boat,U boat
看番不谈政治（DOGE）,964.165,1,16777215,2024-08-07 10:47:41,32876160,9,南极爱情故事（暴风雪篇）,比宇宙更远的地方,20140181,DOGE,DOGE
报濑是在cos阿芙乐尔吗,1184.566,5,16777215,2023-10-04 00:26:41,32876160,9,南极爱情故事（暴风雪篇）,比宇宙更远的地方,20140181,cos,cos
此情景根据CV本人真实改编（bushi,214.423,5,15138834,2023-09-08 20:06:32,32876160,9,南极爱情故事（暴风雪篇）,比宇宙更远的地方,20140181,CVbushi,CVbushi
因为TA就在那,580.218,1,16777215,2023-08-14 15:49:18,32876160,9,南极爱情故事（暴风雪篇）,比宇宙更远的地方,20140181,TA,TA
～嘚莫so那家打没,1250.405,1,16777215,2023-01-14 22:42:31,32876160,9,南极爱情故事（暴风雪篇）,比宇宙更远的地方,20140181,so,so
ike,1027.391,1,16777215,2022-12-27 22:05:48,32876160,9,南极爱情故事（暴风雪篇）,比宇宙更远的地方,20140181,ike,ike
zhe  world！,1302.037,1,16777215,2022-10-22 18:32:15,32876160,9,南极爱情故事（暴风雪篇）,比宇宙更远的地方,20140181,zhe  world,zhe world
macOS,1418.045,1,16777215,2022-08-31 22:28:30,32876160,9,南极爱情故事（暴风雪篇）,比宇宙更远的地方,20140181,macOS,macOS
demo搜楼加哒咩,1249.31,1,16777215,2022-08-30 23:35:10,32876160,9,南极爱情故事（暴风雪篇）,比宇宙更远的地方,20140181,demo,demo
GB是吧,208.838,1,16777215,2022-08-29 22:55:07,32876160,9,南极爱情故事（暴风雪篇）,比宇宙更远的地方,20140181,GB,GB
？four i,222.453,1,16777215,2022-07-30 19:48:55,32876160,9,南极爱情故事（暴风雪篇）,比宇宙更远的地方,20140181,four i,four i
啥？吃qb？清炖还是红烧（doge,661.418,1,16777215,2022-05-27 23:01:08,32876160,9,南极爱情故事（暴风雪篇）,比宇宙更远的地方,20140181,qbdoge,qbdoge
就是要队长这种看起来很A的P,328.022,1,16777215,2022-01-05 19:45:54,32876160,9,南极爱情故事（暴风雪篇）,比宇宙更远的地方,20140181,AP,AP
frostpunk,1216.298,1,16777215,2021-12-23 12:46:45,32876160,9,南极爱情故事（暴风雪篇）,比宇宙更远的地方,20140181,frostpunk,frostpunk
ice cream,652.99,5,16707842,2021-10-07 18:38:11,32876160,9,南极爱情故事（暴风雪篇）,比宇宙更远的地方,20140181,ice cream,ice cream
歌手叫Saya？山吹沙绫？,1078.698,5,16646914,2021-07-20 15:02:35,32876160,9,南极爱情故事（暴风雪篇）,比宇宙更远的地方,20140181,Saya,Saya
z'z'z,224.843,1,16777215,2021-07-02 17:47:45,32876160,9,南极爱情故事（暴风雪篇）,比宇宙更远的地方,20140181,zzz,zzz
=GB+01-QF1,105.79,1,16777215,2021-06-07 18:38:41,32876160,9,南极爱情故事（暴风雪篇）,比宇宙更远的地方,20140181,GB01QF1,GB01QF1
the world,1324.071,1,16707842,2021-06-04 23:40:00,32876160,9,南极爱情故事（暴风雪篇）,比宇宙更远的地方,20140181,the world,the world
WWWWWWW,1108.366,1,16777215,2021-01-24 18:42:07,32876160,9,南极爱情故事（暴风雪篇）,比宇宙更远的地方,20140181,WWWWWWW,WWWWWWW
aws l,1207.742,1,16777215,2021-01-04 13:16:28,32876160,9,南极爱情故事（暴风雪篇）,比宇宙更远的地方,20140181,aws l,aws l
qe酱,652.263,1,16777215,2021-01-01 21:50:36,32876160,9,南极爱情故事（暴风雪篇）,比宇宙更远的地方,20140181,qe,qe
清个兵搞得跟datua,1016.478,1,16777215,2020-11-08 11:45:35,32876160,9,南极爱情故事（暴风雪篇）,比宇宙更远的地方,20140181,datua,datua
interview,598.132,1,16777215,2020-10-11 18:14:28,32876160,9,南极爱情故事（暴风雪篇）,比宇宙更远的地方,20140181,interview,interview
正在拿Mac看哈哈哈哈哈,1422.367,1,16777215,2020-09-19 04:10:36,32876160,9,南极爱情故事（暴风雪篇）,比宇宙更远的地方,20140181,Mac,Mac
nbnb,73.02,1,16777215,2020-08-17 22:26:15,32876160,9,南极爱情故事（暴风雪篇）,比宇宙更远的地方,20140181,nbnb,nbnb
对啊，声优关系加上剧情这是你女儿啊kora！！！,96.923,5,15138834,2020-08-13 20:08:42,32876160,9,南极爱情故事（暴风雪篇）,比宇宙更远的地方,20140181,kora,kora
然后呢？rlhl,972.012,1,16777215,2020-08-10 23:49:50,32876160,9,南极爱情故事（暴风雪篇）,比宇宙更远的地方,20140181,rlhl,rlhl
DJ打碟,875.668,1,15772458,2020-08-05 10:19:56,32876160,9,南极爱情故事（暴风雪篇）,比宇宙更远的地方,20140181,DJ,DJ
lei mu,835.989,1,16777215,2020-08-01 10:31:57,32876160,9,南极爱情故事（暴风雪篇）,比宇宙更远的地方,20140181,lei mu,lei mu
take a look at me now,1319.608,1,16777215,2020-07-29 15:01:14,32876160,9,南极爱情故事（暴风雪篇）,比宇宙更远的地方,20140181,take a look at me now,take a look at me now
camera ok desu,473.072,1,16777215,2020-07-22 23:54:08,32876160,9,南极爱情故事（暴风雪篇）,比宇宙更远的地方,20140181,camera ok desu,camera desu
report,274.693,1,16777215,2020-07-22 23:48:54,32876160,9,南极爱情故事（暴风雪篇）,比宇宙更远的地方,20140181,report,report
楼上的，应该是jintama吧！,717.705,5,4351678,2020-07-20 14:27:54,32876160,9,南极爱情故事（暴风雪篇）,比宇宙更远的地方,20140181,jintama,jintama
zddg,1303.009,1,16777215,2020-07-17 21:13:12,32876160,9,南极爱情故事（暴风雪篇）,比宇宙更远的地方,20140181,zddg,zddg
op和ed都很好听,173.156,1,16777215,2020-07-16 12:34:28,32876160,9,南极爱情故事（暴风雪篇）,比宇宙更远的地方,20140181,oped,oped
de mo son na ja da me,1321.954,5,16777215,2020-07-08 14:14:57,32876160,9,南极爱情故事（暴风雪篇）,比宇宙更远的地方,20140181,de mo son na ja da me,de mo son na ja da me
ridder的你要笑死俺,617.169,1,16777215,2020-06-10 21:40:30,32876160,9,南极爱情故事（暴风雪篇）,比宇宙更远的地方,20140181,ridder,ridder
dei mo so na ja da mie,1251.021,1,16777215,2020-06-05 18:54:35,32876160,9,南极爱情故事（暴风雪篇）,比宇宙更远的地方,20140181,dei mo so na ja da mie,dei mo so na ja da mie
keyi,821.051,1,16777215,2020-06-05 11:52:33,32876160,9,南极爱情故事（暴风雪篇）,比宇宙更远的地方,20140181,keyi,keyi
f=kx,1166.649,1,16777215,2020-06-04 21:52:52,32876160,9,南极爱情故事（暴风雪篇）,比宇宙更远的地方,20140181,fkx,fkx
哈哈哈哭脸mac,1420.308,1,16777215,2020-06-04 13:03:28,32876160,9,南极爱情故事（暴风雪篇）,比宇宙更远的地方,20140181,mac,mac
penpen哈哈,665.498,1,16777215,2020-05-29 11:05:12,32876160,9,南极爱情故事（暴风雪篇）,比宇宙更远的地方,20140181,penpen,penpen
Happy Ice cream！,649.668,1,16777215,2020-04-29 19:57:16,32876160,9,南极爱情故事（暴风雪篇）,比宇宙更远的地方,20140181,Happy Ice cream,Happy Ice cream
神tm兵长xswl哈哈哈哈,301.345,5,15138834,2020-04-23 23:44:03,32876160,9,南极爱情故事（暴风雪篇）,比宇宙更远的地方,20140181,tmxswl,tmxswl
i了il,767.539,1,16777215,2020-04-23 00:26:22,32876160,9,南极爱情故事（暴风雪篇）,比宇宙更远的地方,20140181,iil,iil
F = -kx,1162.379,1,16777215,2020-04-22 13:38:01,32876160,9,南极爱情故事（暴风雪篇）,比宇宙更远的地方,20140181,F  kx,F kx
rider大帝转行了,610.984,1,16777215,2020-04-21 11:12:32,32876160,9,南极爱情故事（暴风雪篇）,比宇宙更远的地方,20140181,rider,rider
应该是neta东京爱情故事,6.571,1,16777215,2020-04-12 23:23:20,32876160,9,南极爱情故事（暴风雪篇）,比宇宙更远的地方,20140181,neta,neta
ohhh,1134.78,5,14811775,2020-04-12 21:57:06,32876160,9,南极爱情故事（暴风雪篇）,比宇宙更远的地方,20140181,ohhh,ohhh
好ga,1305.585,1,16777215,2020-03-26 16:37:41,32876160,9,南极爱情故事（暴风雪篇）,比宇宙更远的地方,20140181,ga,ga
香肠不香ma,39.975,1,16777215,2020-03-19 12:42:10,32876160,9,南极爱情故事（暴风雪篇）,比宇宙更远的地方,20140181,ma,ma
CMS,1315.227,1,16777215,2020-03-12 11:24:25,32876160,9,南极爱情故事（暴风雪篇）,比宇宙更远的地方,20140181,CMS,CMS
EK,1018.588,5,38979,2020-03-04 22:47:49,32876160,9,南极爱情故事（暴风雪篇）,比宇宙更远的地方,20140181,EK,EK
讲道理南极那边研究人员byt的消耗还挺大的,114.434,1,16777215,2020-03-01 17:50:35,32876160,9,南极爱情故事（暴风雪篇）,比宇宙更远的地方,20140181,byt,byt
已经xin,551.982,5,15772458,2020-02-28 12:54:13,32876160,9,南极爱情故事（暴风雪篇）,比宇宙更远的地方,20140181,xin,xin
dei mo so na jia 打咩,1256.325,5,14811775,2020-02-23 01:43:29,32876160,9,南极爱情故事（暴风雪篇）,比宇宙更远的地方,20140181,dei mo so na jia,dei mo so na jia
nacl,185.944,1,9487136,2020-02-04 21:18:43,32876160,9,南极爱情故事（暴风雪篇）,比宇宙更远的地方,20140181,nacl,nacl
giao,697.488,1,2236962,2020-01-19 19:29:33,32876160,9,南极爱情故事（暴风雪篇）,比宇宙更远的地方,20140181,giao,giao
THE WORLD!,1319.764,1,52480,2020-01-19 13:36:40,32876160,9,南极爱情故事（暴风雪篇）,比宇宙更远的地方,20140181,THE WORLD,THE WORLD
to be continued,1259.413,1,16777215,2020-01-07 12:59:13,32876160,9,南极爱情故事（暴风雪篇）,比宇宙更远的地方,20140181,to be continued,to be continued
"FBI, arrest this man！",79.713,1,16777215,2019-12-23 23:50:11,32876160,9,南极爱情故事（暴风雪篇）,比宇宙更远的地方,20140181,FBI arrest this man,FBI arrest this man
罗马音r发l音,1181.666,1,16777215,2019-12-20 00:51:45,32876160,9,南极爱情故事（暴风雪篇）,比宇宙更远的地方,20140181,rl,rl
不许tekeli-li！,1085.977,1,16777215,2019-12-07 14:11:22,32876160,9,南极爱情故事（暴风雪篇）,比宇宙更远的地方,20140181,tekelili,tekelili
open the door！,73.575,5,15138834,2019-12-04 00:16:47,32876160,9,南极爱情故事（暴风雪篇）,比宇宙更远的地方,20140181,open the door,open the door
opus地球计划,1420.734,1,15138834,2019-12-02 19:09:20,32876160,9,南极爱情故事（暴风雪篇）,比宇宙更远的地方,20140181,opus,opus
兴趣是最好的老师，其次是耻辱 by鲁迅,1305.749,5,15138834,2019-10-23 00:28:08,32876160,9,南极爱情故事（暴风雪篇）,比宇宙更远的地方,20140181,by,by
不充gun,646.845,5,16777215,2019-10-21 21:49:58,32876160,9,南极爱情故事（暴风雪篇）,比宇宙更远的地方,20140181,gun,gun
jo后乱x,1142.335,1,16777215,2019-10-20 22:23:40,32876160,9,南极爱情故事（暴风雪篇）,比宇宙更远的地方,20140181,jox,jox
双摇niubility,31.927,1,16777215,2019-10-08 23:00:23,32876160,9,南极爱情故事（暴风雪篇）,比宇宙更远的地方,20140181,niubility,niubility
TAKAKO,1102.467,1,16777215,2019-09-20 05:58:27,32876160,9,南极爱情故事（暴风雪篇）,比宇宙更远的地方,20140181,TAKAKO,TAKAKO
Camera卡me啦,1184.389,1,16777215,2019-08-25 21:15:04,32876160,9,南极爱情故事（暴风雪篇）,比宇宙更远的地方,20140181,Camerame,Camerame
i ke是i ku的命令形式,1018.226,5,16777215,2019-07-28 23:03:44,32876160,9,南极爱情故事（暴风雪篇）,比宇宙更远的地方,20140181,i kei ku,i kei ku
e站也在经历这个过程233,975.624,1,16777215,2019-07-27 00:56:45,32876160,9,南极爱情故事（暴风雪篇）,比宇宙更远的地方,20140181,e233,e233
FBI open the door！！,1168.793,1,16777215,2020-08-01 17:43:26,33421974,10,部分友情,比宇宙更远的地方,20444607,FBI open the door,FBI open the door
聊天app有已读，好可怕,1116.154,1,16777215,2020-08-06 16:05:45,33421974,10,部分友情,比宇宙更远的地方,20444607,app,app
啊 kimoji 哟嘎达,961.428,1,16777215,2020-04-12 22:36:11,33421974,10,部分友情,比宇宙更远的地方,20444607,kimoji,kimoji
EL PSY CONGROO,1211.554,5,41194,2018-07-24 23:39:50,33421974,10,部分友情,比宇宙更远的地方,20444607,EL PSY CONGROO,EL PSY CONGROO
omededou,1214.768,1,16777215,2022-12-16 22:34:35,33421974,10,部分友情,比宇宙更远的地方,20444607,omededou,omededou
bgm：またね——saya,1260.681,5,16777215,2022-08-01 09:02:20,33421974,10,部分友情,比宇宙更远的地方,20444607,bgmsaya,bgmsaya
oil,1236.785,1,16777215,2026-02-04 19:07:49,33421974,10,部分友情,比宇宙更远的地方,20444607,oil,oil
好像lego,60.244,1,16777215,2025-03-17 16:37:36,33421974,10,部分友情,比宇宙更远的地方,20444607,lego,lego
nann kyoku,124.355,1,16777215,2025-02-28 20:21:28,33421974,10,部分友情,比宇宙更远的地方,20444607,nann kyoku,nann kyoku
RPG!,215.228,1,16777215,2024-06-09 20:39:52,33421974,10,部分友情,比宇宙更远的地方,20444607,RPG,RPG
原来禁止五米以内是call back啊,374.709,1,16777215,2024-04-27 23:47:31,33421974,10,部分友情,比宇宙更远的地方,20444607,call back,call back
sogasoga w,1125.528,1,16777215,2024-03-09 00:09:04,33421974,10,部分友情,比宇宙更远的地方,20444607,sogasoga w,sogasoga w
高达seed圣地巡礼,52.521,1,16777215,2024-02-27 06:16:49,33421974,10,部分友情,比宇宙更远的地方,20444607,seed,seed
可瑞斯么斯凯ki,739.991,1,16777215,2023-07-30 22:34:05,33421974,10,部分友情,比宇宙更远的地方,20444607,ki,ki
suica,381.087,5,16777215,2023-07-26 15:50:54,33421974,10,部分友情,比宇宙更远的地方,20444607,suica,suica
忽然3d,59.979,1,16777215,2023-04-29 06:27:22,33421974,10,部分友情,比宇宙更远的地方,20444607,3d,3d
SMW工法桩doge,170.793,1,16777215,2022-05-15 19:31:30,33421974,10,部分友情,比宇宙更远的地方,20444607,SMWdoge,SMWdoge
zhuy,744.289,1,16777215,2022-05-10 17:01:56,33421974,10,部分友情,比宇宙更远的地方,20444607,zhuy,zhuy
啊啊啊kwiii,366.674,1,16777215,2022-05-03 18:51:13,33421974,10,部分友情,比宇宙更远的地方,20444607,kwiii,kwiii
NE,1324.037,1,16777215,2022-05-03 13:36:55,33421974,10,部分友情,比宇宙更远的地方,20444607,NE,NE
3d建模hhh 这个轴测图,75.465,1,16777215,2022-04-09 22:01:08,33421974,10,部分友情,比宇宙更远的地方,20444607,3dhhh,3dhhh
有点像mi-8直升机,177.257,5,16707842,2022-03-22 19:47:26,33421974,10,部分友情,比宇宙更远的地方,20444607,mi8,mi8
哈哈哈哈哈pop子,546.211,1,16777215,2022-02-12 20:26:13,33421974,10,部分友情,比宇宙更远的地方,20444607,pop,pop
N4水平看懂了,815.026,1,16777215,2022-01-07 19:07:05,33421974,10,部分友情,比宇宙更远的地方,20444607,N4,N4
Eason,1305.429,1,16777215,2021-09-01 12:36:34,33421974,10,部分友情,比宇宙更远的地方,20444607,Eason,Eason
yozisoft,923.542,5,16707842,2021-08-05 00:50:00,33421974,10,部分友情,比宇宙更远的地方,20444607,yozisoft,yozisoft
ne ne ne,1323.17,1,16777215,2021-07-21 23:51:10,33421974,10,部分友情,比宇宙更远的地方,20444607,ne ne ne,ne ne ne
C4 3，4个,576.722,1,16777215,2021-06-27 19:28:22,33421974,10,部分友情,比宇宙更远的地方,20444607,C4 34,C4 34
hso,1026.282,1,16777215,2021-06-05 22:02:41,33421974,10,部分友情,比宇宙更远的地方,20444607,hso,hso
FBI !  FBI ! FBI  !,1163.449,5,15138834,2021-05-31 11:43:24,33421974,10,部分友情,比宇宙更远的地方,20444607,FBI   FBI  FBI,FBI FBI FBI
Na,1305.369,1,16777215,2021-04-30 10:23:30,33421974,10,部分友情,比宇宙更远的地方,20444607,Na,Na
ne!nene,1325.51,1,16777215,2021-04-28 13:32:36,33421974,10,部分友情,比宇宙更远的地方,20444607,nenene,nenene
这怕是gachi,1269.12,1,16777215,2021-04-27 22:33:16,33421974,10,部分友情,比宇宙更远的地方,20444607,gachi,gachi
16个T的游戏,734.242,1,16777215,2021-03-17 23:54:35,33421974,10,部分友情,比宇宙更远的地方,20444607,16T,16T
imessage已读习惯了,1130.41,1,16777215,2021-03-07 19:14:31,33421974,10,部分友情,比宇宙更远的地方,20444607,imessage,imessage
ya,306.598,1,16777215,2021-02-27 23:21:43,33421974,10,部分友情,比宇宙更远的地方,20444607,ya,ya
kiss,987.564,1,16777215,2021-02-16 22:29:07,33421974,10,部分友情,比宇宙更远的地方,20444607,kiss,kiss
vb,918.123,1,16777215,2021-01-24 17:37:19,33421974,10,部分友情,比宇宙更远的地方,20444607,vb,vb
TnT,868.799,1,16646914,2021-01-06 17:25:57,33421974,10,部分友情,比宇宙更远的地方,20444607,TnT,TnT
CWC,858.161,1,16646914,2021-01-06 17:25:46,33421974,10,部分友情,比宇宙更远的地方,20444607,CWC,CWC
hhhhc,1243.768,1,16777215,2020-12-04 20:38:48,33421974,10,部分友情,比宇宙更远的地方,20444607,hhhhc,hhhhc
ktv怎么说,554.884,1,16777215,2020-12-02 23:55:59,33421974,10,部分友情,比宇宙更远的地方,20444607,ktv,ktv
ICBC,177.257,1,16777215,2020-12-01 23:01:38,33421974,10,部分友情,比宇宙更远的地方,20444607,ICBC,ICBC
Facebook聊天就有已读,1124.372,1,16707842,2020-11-19 08:49:00,33421974,10,部分友情,比宇宙更远的地方,20444607,Facebook,Facebook
ing‘。。。,819.833,1,16777215,2020-11-14 12:09:52,33421974,10,部分友情,比宇宙更远的地方,20444607,ing‘,ing ‘
C44嘛,588.186,1,16777215,2020-10-20 22:06:20,33421974,10,部分友情,比宇宙更远的地方,20444607,C44,C44
パーシャル是Partial Freezing微凍冷藏的簡寫,874.841,1,16755202,2020-08-31 22:12:32,33421974,10,部分友情,比宇宙更远的地方,20444607,Partial Freezing,Partial Freezing
A Modal Particle ,1318.257,1,16777215,2020-08-10 21:52:26,33421974,10,部分友情,比宇宙更远的地方,20444607,A Modal Particle,A Modal Particle
AW101直升机,189.148,1,16777215,2020-08-06 21:49:43,33421974,10,部分友情,比宇宙更远的地方,20444607,AW101,AW101
Kg？,32.021,1,16777215,2020-08-05 10:59:10,33421974,10,部分友情,比宇宙更远的地方,20444607,Kg,Kg
FUZE人,435.497,5,16707842,2020-08-04 22:11:57,33421974,10,部分友情,比宇宙更远的地方,20444607,FUZE,FUZE
hhhc 奇妙的服装hh,52.175,1,16777215,2020-07-21 19:33:43,33421974,10,部分友情,比宇宙更远的地方,20444607,hhhc hh,hhhc
TARITARI,1122.474,1,16777215,2020-07-16 23:29:40,33421974,10,部分友情,比宇宙更远的地方,20444607,TARITARI,TARITARI
souka（无关心,1111.883,1,16777215,2020-07-14 15:55:31,33421974,10,部分友情,比宇宙更远的地方,20444607,souka,souka
FBI!open the door!,1162.921,1,16777215,2020-07-13 21:35:40,33421974,10,部分友情,比宇宙更远的地方,20444607,FBIopen the door,FBIopen the door
lk,1330.658,1,16777215,2020-06-05 01:50:35,33421974,10,部分友情,比宇宙更远的地方,20444607,lk,lk
a wsl,358.142,1,16777215,2020-05-31 00:15:48,33421974,10,部分友情,比宇宙更远的地方,20444607,a wsl,a wsl
意大利的AW101，军用是EH101，海自有这家伙,175.129,5,16776960,2020-05-29 01:30:41,33421974,10,部分友情,比宇宙更远的地方,20444607,AW101EH101,AW101EH101
TARI TARI,1122.251,1,16777215,2020-05-24 11:24:04,33421974,10,部分友情,比宇宙更远的地方,20444607,TARI TARI,TARI TARI
KADOKAWA,668.402,1,16777215,2020-05-20 17:42:42,33421974,10,部分友情,比宇宙更远的地方,20444607,KADOKAWA,KADOKAWA
yuzu！！,1186.776,1,16777215,2020-05-10 11:05:56,33421974,10,部分友情,比宇宙更远的地方,20444607,yuzu,yuzu
wryyyy Christmas！,745.222,1,16646914,2020-05-05 11:33:29,33421974,10,部分友情,比宇宙更远的地方,20444607,wryyyy Christmas,wryyyy Christmas
citrus的柚子cv是彩喵,956.638,1,16777215,2020-05-02 19:50:55,33421974,10,部分友情,比宇宙更远的地方,20444607,citruscv,citruscv
不是tg是line吧,1149.209,1,16777215,2020-04-29 14:25:44,33421974,10,部分友情,比宇宙更远的地方,20444607,tgline,tgline
k拉OK,509.813,1,16777215,2020-04-29 11:37:24,33421974,10,部分友情,比宇宙更远的地方,20444607,kOK,kOK
KKSK,1334.494,1,16740868,2020-04-27 01:33:42,33421974,10,部分友情,比宇宙更远的地方,20444607,KKSK,KKSK
telegram好像有,1142.316,1,16777215,2020-04-26 18:52:55,33421974,10,部分友情,比宇宙更远的地方,20444607,telegram,telegram
前方hop高能,193.79,1,16777215,2020-04-22 16:37:43,33421974,10,部分友情,比宇宙更远的地方,20444607,hop,hop
do大姨妈苏？,1312.626,5,16646914,2020-04-11 02:32:21,33421974,10,部分友情,比宇宙更远的地方,20444607,do,do
nananana,1325.31,1,16777215,2020-04-10 10:56:49,33421974,10,部分友情,比宇宙更远的地方,20444607,nananana,nananana
qq不出已读真是太棒了,1123.099,1,16777215,2020-03-27 12:42:00,33421974,10,部分友情,比宇宙更远的地方,20444607,qq,qq
psp,53.439,1,16777215,2020-03-24 21:49:02,33421974,10,部分友情,比宇宙更远的地方,20444607,psp,psp
na,1334.031,1,16777215,2020-03-14 02:16:23,33421974,10,部分友情,比宇宙更远的地方,20444607,na,na
oh my god想她,1403.793,1,16777215,2020-03-10 13:16:03,33421974,10,部分友情,比宇宙更远的地方,20444607,oh my god,oh my god
Tari Tari,1124.154,1,16777215,2020-03-09 09:48:29,33421974,10,部分友情,比宇宙更远的地方,20444607,Tari Tari,Tari Tari
极昼emmmmmmmm,1085.532,1,16777215,2020-03-08 17:41:44,33421974,10,部分友情,比宇宙更远的地方,20444607,emmmmmmmm,emmmmmmmm
na~na~,1340.441,1,16777215,2020-03-08 13:01:13,33421974,10,部分友情,比宇宙更远的地方,20444607,nana,nana
heitai？,1154.299,1,16777215,2020-03-01 21:18:55,33421974,10,部分友情,比宇宙更远的地方,20444607,heitai,heitai
约朋友打lol：？？？？？？,1336.944,1,16777215,2020-02-28 13:32:21,33421974,10,部分友情,比宇宙更远的地方,20444607,lol,lol
aria,1337.153,1,16777215,2020-02-25 17:16:58,33421974,10,部分友情,比宇宙更远的地方,20444607,aria,aria
为什么要用nà翻译ne呢……,1327.899,1,16777215,2020-02-23 20:20:32,33421974,10,部分友情,比宇宙更远的地方,20444607,nne,nne
维持san值的那个别走,730.907,1,16777215,2020-02-21 16:06:13,33421974,10,部分友情,比宇宙更远的地方,20444607,san,san
explosion,1107.222,1,16777215,2020-02-15 23:47:33,33421974,10,部分友情,比宇宙更远的地方,20444607,explosion,explosion
Seaside桑,250.806,1,16777215,2020-02-15 21:06:59,33421974,10,部分友情,比宇宙更远的地方,20444607,Seaside,Seaside
mm,908.864,1,16777215,2020-02-11 23:41:47,33421974,10,部分友情,比宇宙更远的地方,20444607,mm,mm
heroes never die Mamba,54.86,1,16777215,2020-02-10 02:53:23,33421974,10,部分友情,比宇宙更远的地方,20444607,heroes never die Mamba,heroes never die Mamba
nanana,1322.768,1,16777215,2020-02-01 19:33:20,33421974,10,部分友情,比宇宙更远的地方,20444607,nanana,nanana
yu是结吧 tsuki是月亮啊,1202.858,1,16777215,2020-01-31 00:14:24,33421974,10,部分友情,比宇宙更远的地方,20444607,yu tsuki,yu tsuki
‮mmme,92.08,1,16777215,2020-01-28 11:44:49,33421974,10,部分友情,比宇宙更远的地方,20444607,mmme,mmme
lakeside,241.14,1,16777215,2020-01-11 20:12:20,33421974,10,部分友情,比宇宙更远的地方,20444607,lakeside,lakeside
粤语的 ho?,1382.908,1,16777215,2019-12-26 18:34:43,33421974,10,部分友情,比宇宙更远的地方,20444607,ho,ho
Partiak,1365.02,1,16777215,2019-12-22 16:41:41,33421974,10,部分友情,比宇宙更远的地方,20444607,Partiak,Partiak
Hasaki,1233.042,1,16777215,2019-12-10 23:43:59,33421974,10,部分友情,比宇宙更远的地方,20444607,Hasaki,Hasaki
margin,826.217,1,16777215,2019-12-08 15:13:22,33421974,10,部分友情,比宇宙更远的地方,20444607,margin,margin
kimari太暖了,854.963,1,16777215,2019-12-07 12:58:19,33421974,10,部分友情,比宇宙更远的地方,20444607,kimari,kimari
sheldon行为,825.915,1,16777215,2019-11-27 19:38:26,33421974,10,部分友情,比宇宙更远的地方,20444607,sheldon,sheldon
ohhhhhhhh,1354.324,1,16777215,2019-10-27 16:48:22,33421974,10,部分友情,比宇宙更远的地方,20444607,ohhhhhhhh,ohhhhhhhh
kawaiiso.......,824.343,1,16777215,2019-10-16 21:32:48,33421974,10,部分友情,比宇宙更远的地方,20444607,kawaiiso,kawaiiso
yuzuki...,1221.074,1,16777215,2019-10-10 00:24:51,33421974,10,部分友情,比宇宙更远的地方,20444607,yuzuki,yuzuki
partial..,879.274,1,16777215,2019-10-10 00:09:25,33421974,10,部分友情,比宇宙更远的地方,20444607,partial,partial
yuzu-soft,1203.84,1,16777215,2019-09-15 01:36:14,33421974,10,部分友情,比宇宙更远的地方,20444607,yuzusoft,yuzusoft
yuzuki 昵称是yuzu,1192.918,1,16777215,2019-08-26 18:18:30,33421974,10,部分友情,比宇宙更远的地方,20444607,yuzuki yuzu,yuzuki yuzu
le,1339.274,1,16777215,2019-08-09 20:59:45,33421974,10,部分友情,比宇宙更远的地方,20444607,le,le
FBI！OPEN UP！！,1163.809,1,16777215,2019-07-20 23:18:55,33421974,10,部分友情,比宇宙更远的地方,20444607,FBIOPEN UP,FBIOPEN
aei,1321.621,1,16777215,2019-06-30 20:30:19,33421974,10,部分友情,比宇宙更远的地方,20444607,aei,aei
果然是JK，只要are are和ne就可以交流,1348.731,1,16777215,2019-06-25 16:31:43,33421974,10,部分友情,比宇宙更远的地方,20444607,JKare arene,JKare arene
神TMH,181.372,1,16777215,2019-06-24 22:59:28,33421974,10,部分友情,比宇宙更远的地方,20444607,TMH,TMH
唱跳Rap和篮球？,1024.7,1,16777215,2019-05-18 00:38:28,33421974,10,部分友情,比宇宙更远的地方,20444607,Rap,Rap
上面架子写了kadokawa,662.0,1,16777215,2019-05-09 20:24:00,33421974,10,部分友情,比宇宙更远的地方,20444607,kadokawa,kadokawa
明明是re,1333.025,1,16777215,2019-05-03 21:49:19,33421974,10,部分友情,比宇宙更远的地方,20444607,re,re
nai,1337.538,1,16777215,2019-04-21 01:02:21,33421974,10,部分友情,比宇宙更远的地方,20444607,nai,nai
shokuji食事，这是漢语；eventイベント这是英语,723.019,1,16777215,2019-04-20 00:19:21,33421974,10,部分友情,比宇宙更远的地方,20444607,shokujievent,shokujievent
充qb不充qb不,376.89,1,16777215,2019-02-13 03:01:21,33421974,10,部分友情,比宇宙更远的地方,20444607,qbqb,qbqb
Yui！,856.106,1,16777215,2019-02-03 13:26:30,33421974,10,部分友情,比宇宙更远的地方,20444607,Yui,Yui
经历的少自然就无知觉了ba,588.232,1,16777215,2019-01-26 23:15:38,33421974,10,部分友情,比宇宙更远的地方,20444607,ba,ba
小老弟你airdrop忘关了,225.64,1,16777215,2018-12-22 11:05:40,33937401,11,撞飞铁桶吧！,比宇宙更远的地方,20728663,airdrop,airdrop
"有些人真是nt,什么事情都要出来抬杠，就要分个谁对谁错，我也服了，请你别来看这番了",662.236,1,15772458,2020-12-01 00:05:01,33937401,11,撞飞铁桶吧！,比宇宙更远的地方,20728663,nt,nt
是mark不是make,626.755,1,16777215,2019-04-11 07:01:51,33937401,11,撞飞铁桶吧！,比宇宙更远的地方,20728663,markmake,markmake
scp？,973.388,1,16777215,2018-07-28 18:03:53,33937401,11,撞飞铁桶吧！,比宇宙更远的地方,20728663,scp,scp
一句CNM的事情,1284.093,1,16777215,2018-06-12 21:43:23,33937401,11,撞飞铁桶吧！,比宇宙更远的地方,20728663,CNM,CNM
撞出 Ed ,1325.844,1,16777215,2026-02-18 21:42:25,33937401,11,撞飞铁桶吧！,比宇宙更远的地方,20728663,Ed,Ed
yoiyoi,181.31,1,16777215,2026-02-01 08:28:31,33937401,11,撞飞铁桶吧！,比宇宙更远的地方,20728663,yoiyoi,yoiyoi
dei dei kei,554.751,1,16777215,2025-07-24 15:36:00,33937401,11,撞飞铁桶吧！,比宇宙更远的地方,20728663,dei dei kei,dei dei kei
suai帅,1257.751,5,16777215,2024-09-22 18:18:28,33937401,11,撞飞铁桶吧！,比宇宙更远的地方,20728663,suai,suai
这不是c47也不是dc3,203.114,1,16777215,2024-09-04 04:44:54,33937401,11,撞飞铁桶吧！,比宇宙更远的地方,20728663,c47dc3,c47dc3
花田老zei,754.054,1,16777215,2024-07-09 21:18:45,33937401,11,撞飞铁桶吧！,比宇宙更远的地方,20728663,zei,zei
DC3,207.078,1,16777215,2024-03-20 20:29:36,33937401,11,撞飞铁桶吧！,比宇宙更远的地方,20728663,DC3,DC3
冰川融水，里面可能有来自其它地方的DDT,887.107,1,16777215,2024-03-15 14:48:59,33937401,11,撞飞铁桶吧！,比宇宙更远的地方,20728663,DDT,DDT
DUANG,1342.238,1,16777215,2023-10-28 20:53:21,33937401,11,撞飞铁桶吧！,比宇宙更远的地方,20728663,DUANG,DUANG
swing?,980.3,1,16777215,2023-10-05 22:27:05,33937401,11,撞飞铁桶吧！,比宇宙更远的地方,20728663,swing,swing
OoO,229.819,1,16777215,2023-03-04 11:04:23,33937401,11,撞飞铁桶吧！,比宇宙更远的地方,20728663,OoO,OoO
ka ku ei,1262.11,1,16777215,2022-11-06 03:27:59,33937401,11,撞飞铁桶吧！,比宇宙更远的地方,20728663,ka ku ei,ka ku ei
the same,824.852,1,16777215,2022-07-28 22:53:15,33937401,11,撞飞铁桶吧！,比宇宙更远的地方,20728663,the same,the same
sp,1113.465,1,16777215,2022-07-11 02:36:46,33937401,11,撞飞铁桶吧！,比宇宙更远的地方,20728663,sp,sp
homo无处不在,665.94,1,16777215,2022-07-03 08:38:28,33937401,11,撞飞铁桶吧！,比宇宙更远的地方,20728663,homo,homo
日向作姓时读作ひゅうが(Hyūga)在名中读ひなた（Hinata）,385.889,5,41194,2022-07-01 19:42:03,33937401,11,撞飞铁桶吧！,比宇宙更远的地方,20728663,HygaHinata,HygaHinata
hi,1149.626,1,16777215,2022-04-15 17:02:04,33937401,11,撞飞铁桶吧！,比宇宙更远的地方,20728663,hi,hi
yimayiku,369.658,1,16777215,2022-04-07 17:11:24,33937401,11,撞飞铁桶吧！,比宇宙更远的地方,20728663,yimayiku,yimayiku
11巡能听什么大牌.jpg,567.982,5,15138834,2022-03-15 23:05:05,33937401,11,撞飞铁桶吧！,比宇宙更远的地方,20728663,11jpg,11jpg
Please don't say you're lazy,86.891,5,15138834,2021-12-19 05:51:47,33937401,11,撞飞铁桶吧！,比宇宙更远的地方,20728663,Please dont say youre lazy,Please dont say youre lazy
seno,1323.37,1,16777215,2021-10-30 18:53:48,33937401,11,撞飞铁桶吧！,比宇宙更远的地方,20728663,seno,seno
Cyka！,1315.483,1,16777215,2021-10-05 12:58:08,33937401,11,撞飞铁桶吧！,比宇宙更远的地方,20728663,Cyka,Cyka
mb,1215.891,1,16777215,2021-09-05 22:29:45,33937401,11,撞飞铁桶吧！,比宇宙更远的地方,20728663,mb,mb
aurora,483.472,1,16777215,2021-06-27 20:34:45,33937401,11,撞飞铁桶吧！,比宇宙更远的地方,20728663,aurora,aurora
GL,1104.731,1,16777215,2021-05-30 13:25:13,33937401,11,撞飞铁桶吧！,比宇宙更远的地方,20728663,GL,GL
lmq笑死,978.206,1,16777215,2021-05-12 13:35:58,33937401,11,撞飞铁桶吧！,比宇宙更远的地方,20728663,lmq,lmq
Ash：Fuze你把人质放下，咱们好好说话,15.519,5,16707842,2021-04-21 23:00:04,33937401,11,撞飞铁桶吧！,比宇宙更远的地方,20728663,AshFuze,AshFuze
o o,200.355,1,16777215,2021-02-05 01:46:59,33937401,11,撞飞铁桶吧！,比宇宙更远的地方,20728663,o o,o o
omo,308.734,1,16777215,2021-01-29 18:39:01,33937401,11,撞飞铁桶吧！,比宇宙更远的地方,20728663,omo,omo
]uer,1088.394,1,16777215,2020-11-07 12:44:02,33937401,11,撞飞铁桶吧！,比宇宙更远的地方,20728663,uer,uer
piss off !,1268.389,1,16777215,2020-11-05 16:21:26,33937401,11,撞飞铁桶吧！,比宇宙更远的地方,20728663,piss off,piss off
她A了她A了,1204.93,1,16777215,2020-10-11 23:06:28,33937401,11,撞飞铁桶吧！,比宇宙更远的地方,20728663,AA,AA
dc啊。。。。。空浩老熟人了。。。,213.866,1,16777215,2020-10-05 05:08:45,33937401,11,撞飞铁桶吧！,比宇宙更远的地方,20728663,dc,dc
Houji,698.765,1,16777215,2020-09-13 17:27:55,33937401,11,撞飞铁桶吧！,比宇宙更远的地方,20728663,Houji,Houji
der~,1341.037,5,16646914,2020-08-25 17:16:02,33937401,11,撞飞铁桶吧！,比宇宙更远的地方,20728663,der,der
晒得还没好啊WWW,354.885,5,9033215,2020-08-16 19:31:57,33937401,11,撞飞铁桶吧！,比宇宙更远的地方,20728663,WWW,WWW
pin那么低？,48.6,1,16777215,2020-08-16 19:07:03,33937401,11,撞飞铁桶吧！,比宇宙更远的地方,20728663,pin,pin
dering~~~~~~~~~~~,1322.507,1,16777215,2020-08-13 22:19:56,33937401,11,撞飞铁桶吧！,比宇宙更远的地方,20728663,dering,dering
直接daikirai,1173.908,1,16777215,2020-08-11 11:16:22,33937401,11,撞飞铁桶吧！,比宇宙更远的地方,20728663,daikirai,daikirai
how pay,1087.551,1,16777215,2020-08-06 11:46:27,33937401,11,撞飞铁桶吧！,比宇宙更远的地方,20728663,how pay,how pay
SNS,258.289,1,16777215,2020-07-29 10:30:32,33937401,11,撞飞铁桶吧！,比宇宙更远的地方,20728663,SNS,SNS
“Dry的爱衣” ——松冈祯丞,428.18,1,16777215,2020-07-28 13:54:24,33937401,11,撞飞铁桶吧！,比宇宙更远的地方,20728663,“Dry”,“ Dry ”
结月在干什么啦WW,1238.551,1,16777215,2020-07-17 02:43:32,33937401,11,撞飞铁桶吧！,比宇宙更远的地方,20728663,WW,WW
Duang加特效Duang,1331.606,1,16777215,2020-07-11 20:49:49,33937401,11,撞飞铁桶吧！,比宇宙更远的地方,20728663,DuangDuang,DuangDuang
这BGM绝了2333333,513.249,1,16777215,2020-07-08 18:34:58,33937401,11,撞飞铁桶吧！,比宇宙更远的地方,20728663,BGM2333333,BGM2333333
doctor x,562.848,1,16777215,2020-06-26 12:28:48,33937401,11,撞飞铁桶吧！,比宇宙更远的地方,20728663,doctor x,doctor x
ooo,195.14,1,16777215,2020-06-16 22:33:55,33937401,11,撞飞铁桶吧！,比宇宙更远的地方,20728663,ooo,ooo
boom,1334.593,1,16777215,2020-05-17 02:04:20,33937401,11,撞飞铁桶吧！,比宇宙更远的地方,20728663,boom,boom
the leader,1264.61,1,16777215,2020-05-15 22:06:31,33937401,11,撞飞铁桶吧！,比宇宙更远的地方,20728663,the leader,the leader
Steam打洞机,405.949,1,16777215,2020-05-15 21:39:23,33937401,11,撞飞铁桶吧！,比宇宙更远的地方,20728663,Steam,Steam
jizou,480.924,1,16777215,2020-05-08 23:22:32,33937401,11,撞飞铁桶吧！,比宇宙更远的地方,20728663,jizou,jizou
BOOm哈哈哈,1339.358,1,16777215,2020-05-03 09:02:02,33937401,11,撞飞铁桶吧！,比宇宙更远的地方,20728663,BOOm,BOOm
dong（duang）,1416.1,5,16777215,2020-04-26 18:12:56,33937401,11,撞飞铁桶吧！,比宇宙更远的地方,20728663,dongduang,dongduang
moyamoya,1248.904,1,16777215,2020-04-17 23:30:30,33937401,11,撞飞铁桶吧！,比宇宙更远的地方,20728663,moyamoya,moyamoya
O 。O,191.248,1,16777215,2020-04-01 15:17:28,33937401,11,撞飞铁桶吧！,比宇宙更远的地方,20728663,O O,O O
bang~,1328.061,1,16777215,2020-03-25 08:18:02,33937401,11,撞飞铁桶吧！,比宇宙更远的地方,20728663,bang,bang
outlook啊这是,673.606,1,16777215,2020-03-14 05:24:12,33937401,11,撞飞铁桶吧！,比宇宙更远的地方,20728663,outlook,outlook
ky这个评价有点过分了,732.56,1,16777215,2020-03-12 17:53:48,33937401,11,撞飞铁桶吧！,比宇宙更远的地方,20728663,ky,ky
hentai',299.058,1,16777215,2020-03-10 23:07:39,33937401,11,撞飞铁桶吧！,比宇宙更远的地方,20728663,hentai,hentai
lkki,1301.229,1,16777215,2020-03-09 20:01:52,33937401,11,撞飞铁桶吧！,比宇宙更远的地方,20728663,lkki,lkki
Tamaya,179.899,1,16777215,2020-03-09 10:00:48,33937401,11,撞飞铁桶吧！,比宇宙更远的地方,20728663,Tamaya,Tamaya
gand,1266.311,1,16777215,2020-03-03 22:40:01,33937401,11,撞飞铁桶吧！,比宇宙更远的地方,20728663,gand,gand
sei no,1332.465,1,16777215,2020-02-25 12:40:20,33937401,11,撞飞铁桶吧！,比宇宙更远的地方,20728663,sei no,sei no
人均玩Evenicle？,194.422,1,16777215,2020-02-23 22:06:38,33937401,11,撞飞铁桶吧！,比宇宙更远的地方,20728663,Evenicle,Evenicle
awsi,147.613,1,16777215,2020-01-21 16:33:26,33937401,11,撞飞铁桶吧！,比宇宙更远的地方,20728663,awsi,awsi
font-szie,308.272,1,16777215,2019-12-08 16:54:28,33937401,11,撞飞铁桶吧！,比宇宙更远的地方,20728663,fontszie,fontszie
社交平台。。。为啥不直译sns,259.681,1,16777215,2019-11-01 23:55:14,33937401,11,撞飞铁桶吧！,比宇宙更远的地方,20728663,sns,sns
saya？？,139.27,1,16777215,2019-10-03 08:40:19,33937401,11,撞飞铁桶吧！,比宇宙更远的地方,20728663,saya,saya
maybe I do something like thsi,1063.888,1,16777215,2019-09-22 13:02:08,33937401,11,撞飞铁桶吧！,比宇宙更远的地方,20728663,maybe I do something like thsi,maybe I do something like thsi
OH MY,1091.44,1,16777215,2019-08-31 12:20:38,33937401,11,撞飞铁桶吧！,比宇宙更远的地方,20728663,OH MY,OH MY
bjm好评,1252.831,1,16777215,2019-08-24 21:07:06,33937401,11,撞飞铁桶吧！,比宇宙更远的地方,20728663,bjm,bjm
zamamiro,1283.374,1,16777215,2019-08-19 21:44:35,33937401,11,撞飞铁桶吧！,比宇宙更远的地方,20728663,zamamiro,zamamiro
搬台BGA焊台出来，除冰绝对快,408.84,1,16777215,2019-08-15 00:07:54,33937401,11,撞飞铁桶吧！,比宇宙更远的地方,20728663,BGA,BGA
jh,1116.357,1,16777215,2019-08-02 22:46:26,33937401,11,撞飞铁桶吧！,比宇宙更远的地方,20728663,jh,jh
乎撒gian那,1273.992,1,16777215,2019-07-14 23:46:58,33937401,11,撞飞铁桶吧！,比宇宙更远的地方,20728663,gian,gian
oOo,208.175,1,16777215,2019-06-20 01:04:33,33937401,11,撞飞铁桶吧！,比宇宙更远的地方,20728663,oOo,oOo
errrrrr,773.793,1,16777215,2019-06-17 20:01:23,33937401,11,撞飞铁桶吧！,比宇宙更远的地方,20728663,errrrrr,errrrrr
mu,910.835,1,16777215,2019-05-01 03:44:47,33937401,11,撞飞铁桶吧！,比宇宙更远的地方,20728663,mu,mu
