content,time,mode,color,send_time,cid,episode,episode_title,anime_title,aid,clean_content,segmented
soyo：抱歉长官刚才没认出您,1354.546,5,16777215,2025-01-02 22:54:42,27730904912,1,秘密。（Sub rosa.）,颂乐人偶,113740078909891,soyo,soyo
妻子si了，又被骗这么多钱，祥爹是真的惨啊,813.799,5,16707842,2025-01-03 00:04:07,27730904912,1,秘密。（Sub rosa.）,颂乐人偶,113740078909891,si,si
明明灯变绿了，但是cy已经无法前进了,956.203,5,16777215,2025-01-07 21:56:40,27730904912,1,秘密。（Sub rosa.）,颂乐人偶,113740078909891,cy,cy
大喵老师还笑得出来，说明BPM还能加,247.511,5,16777215,2025-01-02 22:07:25,27730904912,1,秘密。（Sub rosa.）,颂乐人偶,113740078909891,BPM,BPM
不要破坏世界观.jpg,1039.767,5,16707842,2025-01-02 22:19:25,27730904912,1,秘密。（Sub rosa.）,颂乐人偶,113740078909891,jpg,jpg
初华：sumimi偏商务 mujica偏运动,457.448,5,8700107,2025-01-10 22:47:35,27730904912,1,秘密。（Sub rosa.）,颂乐人偶,113740078909891,sumimi mujica,sumimi mujica
这行动力 Saki对自己真狠啊,792.235,5,9033215,2025-01-10 02:59:10,27730904912,1,秘密。（Sub rosa.）,颂乐人偶,113740078909891,Saki,Saki
saki酱你真的应该位列二十四孝榜首,806.999,5,16777215,2025-01-16 23:02:37,27730904912,1,秘密。（Sub rosa.）,颂乐人偶,113740078909891,saki,saki
开EVA,98.295,1,16777215,2025-01-02 22:02:36,27730904912,1,秘密。（Sub rosa.）,颂乐人偶,113740078909891,EVA,EVA
《立希谈avemujica》,1037.696,5,16777215,2025-01-05 04:01:30,27730904912,1,秘密。（Sub rosa.）,颂乐人偶,113740078909891,avemujica,avemujica
这下终于知道mana酱为什么放不下初华了,112.384,5,16777215,2025-01-11 19:17:56,27730904912,1,秘密。（Sub rosa.）,颂乐人偶,113740078909891,mana,mana
全网最尊重mujica世界观的人,985.441,1,16777215,2025-01-10 04:48:07,27730904912,1,秘密。（Sub rosa.）,颂乐人偶,113740078909891,mujica,mujica
初华：这个（sumimi）不需要了,465.903,5,16707842,2025-01-19 19:12:59,27730904912,1,秘密。（Sub rosa.）,颂乐人偶,113740078909891,sumimi,sumimi
mortis头发每日一乱,1207.197,5,10546688,2025-07-17 00:38:42,27730904912,1,秘密。（Sub rosa.）,颂乐人偶,113740078909891,mortis,mortis
听这前奏是killkiss吧,75.605,5,16777215,2025-08-24 13:04:57,27730904912,1,秘密。（Sub rosa.）,颂乐人偶,113740078909891,killkiss,killkiss
注意这里op开始了,52.139,5,15138834,2025-07-25 00:59:53,27730904912,1,秘密。（Sub rosa.）,颂乐人偶,113740078909891,op,op
不想拖crychic后腿，不然和父亲就是一样的了，说着会加油，实际上不去练习而是酗酒,901.415,5,16740868,2025-07-28 14:38:05,27730904912,1,秘密。（Sub rosa.）,颂乐人偶,113740078909891,crychic,crychic
你们都是mujika粉丝，那灯宝我悄悄抱走了,196.861,1,16777215,2025-08-25 13:35:42,27730904912,1,秘密。（Sub rosa.）,颂乐人偶,113740078909891,mujika,mujika
咋还和mmk同款啤酒啊,1082.295,5,16777215,2025-08-18 18:28:15,27730904912,1,秘密。（Sub rosa.）,颂乐人偶,113740078909891,mmk,mmk
注意：迷途之子最后一集才是ave mujica的第一集,5.832,5,16646914,2025-07-27 22:49:24,27730904912,1,秘密。（Sub rosa.）,颂乐人偶,113740078909891,ave mujica,ave mujica
数字应该指的是bpm吧,358.243,5,16777215,2025-12-06 18:24:27,27730904912,1,秘密。（Sub rosa.）,颂乐人偶,113740078909891,bpm,bpm
so 恐龙妈妈~,236.9,5,16777215,2025-09-02 18:06:55,27730904912,1,秘密。（Sub rosa.）,颂乐人偶,113740078909891,so,so
kon,15.809,5,16777215,2025-08-24 18:19:49,27730904912,1,秘密。（Sub rosa.）,颂乐人偶,113740078909891,kon,kon
soyorin：我没说不去,1045.586,5,16777215,2025-08-19 19:36:15,27730904912,1,秘密。（Sub rosa.）,颂乐人偶,113740078909891,soyorin,soyorin
CS祥爹,918.292,5,41194,2025-08-07 18:28:46,27730904912,1,秘密。（Sub rosa.）,颂乐人偶,113740078909891,CS,CS
OP的前奏已经开始了,59.049,5,16777215,2025-07-23 14:09:53,27730904912,1,秘密。（Sub rosa.）,颂乐人偶,113740078909891,OP,OP
cs,1099.909,1,16777215,2026-02-24 20:07:18,27730904912,1,秘密。（Sub rosa.）,颂乐人偶,113740078909891,cs,cs
AVE MUJICA都似光光了！好！,979.396,5,41194,2026-02-22 23:28:23,27730904912,1,秘密。（Sub rosa.）,颂乐人偶,113740078909891,AVE MUJICA,AVE MUJICA
ba狗,57.308,1,16777215,2026-02-08 10:09:44,27730904912,1,秘密。（Sub rosa.）,颂乐人偶,113740078909891,ba,ba
去现场看live比这更燃！,92.575,1,16777215,2026-01-21 19:18:35,27730904912,1,秘密。（Sub rosa.）,颂乐人偶,113740078909891,live,live
kksk,249.049,1,16777215,2026-01-20 17:20:41,27730904912,1,秘密。（Sub rosa.）,颂乐人偶,113740078909891,kksk,kksk
我这辈子都忘不掉Ave mujica了,1.51,5,16777215,2026-01-17 10:51:41,27730904912,1,秘密。（Sub rosa.）,颂乐人偶,113740078909891,Ave mujica,Ave mujica
心疼大祥老师QAQ,942.848,5,16777215,2026-01-17 10:08:07,27730904912,1,秘密。（Sub rosa.）,颂乐人偶,113740078909891,QAQ,QAQ
timing,399.015,1,16777215,2025-12-21 23:00:31,27730904912,1,秘密。（Sub rosa.）,颂乐人偶,113740078909891,timing,timing
fever充满啦，银河战舰启动!,93.545,1,16777215,2025-12-12 17:14:42,27730904912,1,秘密。（Sub rosa.）,颂乐人偶,113740078909891,fever,fever
信息位Anon,999.13,5,14811775,2025-11-16 22:06:06,27730904912,1,秘密。（Sub rosa.）,颂乐人偶,113740078909891,Anon,Anon
ano可爱捏,978.625,1,14811775,2025-11-05 15:06:03,27730904912,1,秘密。（Sub rosa.）,颂乐人偶,113740078909891,ano,ano
SOYO：WC,1296.41,5,16777215,2025-10-08 11:40:38,27730904912,1,秘密。（Sub rosa.）,颂乐人偶,113740078909891,SOYOWC,SOYOWC
很喜欢不伪装的Soyo,1047.66,1,16777215,2025-10-07 21:50:12,27730904912,1,秘密。（Sub rosa.）,颂乐人偶,113740078909891,Soyo,Soyo
好！mujica都x光光了！,980.745,1,16777215,2025-10-03 21:16:44,27730904912,1,秘密。（Sub rosa.）,颂乐人偶,113740078909891,mujicax,mujicax
fk,1085.571,1,16777215,2025-09-28 02:57:44,27730904912,1,秘密。（Sub rosa.）,颂乐人偶,113740078909891,fk,fk
ky一次沐跪子和祥子一样,9.238,1,16777215,2025-09-21 23:33:00,27730904912,1,秘密。（Sub rosa.）,颂乐人偶,113740078909891,ky,ky
抢票的你belike：,983.264,5,16777215,2025-09-19 19:56:56,27730904912,1,秘密。（Sub rosa.）,颂乐人偶,113740078909891,belike,belike
打破ras的最速武道馆！新的银河战舰扬帆起航！,298.532,5,16777215,2025-09-19 19:43:17,27730904912,1,秘密。（Sub rosa.）,颂乐人偶,113740078909891,ras,ras
knd救一下,1104.547,1,16777215,2025-09-17 23:00:09,27730904912,1,秘密。（Sub rosa.）,颂乐人偶,113740078909891,knd,knd
"wc,盒",993.949,1,16777215,2025-09-14 22:23:58,27730904912,1,秘密。（Sub rosa.）,颂乐人偶,113740078909891,wc,wc
观众:还有DLC剧情,1271.105,1,16777215,2025-09-14 12:28:07,27730904912,1,秘密。（Sub rosa.）,颂乐人偶,113740078909891,DLC,DLC
FaZe Clan,19.422,5,16646914,2025-09-14 10:13:51,27730904912,1,秘密。（Sub rosa.）,颂乐人偶,113740078909891,FaZe Clan,FaZe Clan
saki酱～saki酱～saki酱！,438.18,1,16777215,2025-09-11 18:46:34,27730904912,1,秘密。（Sub rosa.）,颂乐人偶,113740078909891,sakisakisaki,sakisakisaki
周末的我be like：,43.53,5,16777215,2025-08-30 14:09:11,27730904912,1,秘密。（Sub rosa.）,颂乐人偶,113740078909891,be like,be like
ISW- DF,54.797,5,16777215,2025-08-29 23:26:59,27730904912,1,秘密。（Sub rosa.）,颂乐人偶,113740078909891,ISW DF,ISW DF
我家的重力为何突然变成10个G了？,687.424,5,16777215,2025-08-29 08:48:01,27730904912,1,秘密。（Sub rosa.）,颂乐人偶,113740078909891,10G,10G
desuwa,682.772,1,16777215,2025-08-28 22:10:48,27730904912,1,秘密。（Sub rosa.）,颂乐人偶,113740078909891,desuwa,desuwa
我已经在研究MSI的对手了,1035.493,1,16777215,2025-08-27 21:14:47,27730904912,1,秘密。（Sub rosa.）,颂乐人偶,113740078909891,MSI,MSI
SOYO想去直说,1049.475,1,16777215,2025-08-25 00:05:54,27730904912,1,秘密。（Sub rosa.）,颂乐人偶,113740078909891,SOYO,SOYO
太好了，是go我们有救了,974.423,5,41194,2025-08-20 15:11:09,27730904912,1,秘密。（Sub rosa.）,颂乐人偶,113740078909891,go,go
还在GO还在GO,975.632,1,16777215,2025-08-11 14:50:17,27730904912,1,秘密。（Sub rosa.）,颂乐人偶,113740078909891,GOGO,GOGO
3个月后听着天球而流泪时，go友们将会想起开播时那个紧张不安又心动不已的自己,10.423,1,16777215,2025-08-10 01:18:17,27730904912,1,秘密。（Sub rosa.）,颂乐人偶,113740078909891,3go,3go
李铁：阿兰！move！,637.094,5,16777215,2025-08-08 17:57:32,27730904912,1,秘密。（Sub rosa.）,颂乐人偶,113740078909891,move,move
CRYCHIC：那我呢？,409.088,5,38979,2025-08-04 18:51:46,27730904912,1,秘密。（Sub rosa.）,颂乐人偶,113740078909891,CRYCHIC,CRYCHIC
ww,1075.621,5,14811775,2026-05-02 11:33:51,27730904912,1,秘密。（Sub rosa.）,颂乐人偶,113740078909891,ww,ww
一股假面骑士剑OP1的感觉,73.041,1,16777215,2026-05-02 10:33:20,27730904912,1,秘密。（Sub rosa.）,颂乐人偶,113740078909891,OP1,OP1
Faze银河战舰,0.0,5,16707842,2026-04-26 03:07:10,27730904912,1,秘密。（Sub rosa.）,颂乐人偶,113740078909891,Faze,Faze
不er第一集就这么刀吗,615.829,1,16777215,2026-04-15 00:23:51,27730904912,1,秘密。（Sub rosa.）,颂乐人偶,113740078909891,er,er
hey？,707.097,1,16777215,2026-04-13 22:50:49,27730904912,1,秘密。（Sub rosa.）,颂乐人偶,113740078909891,hey,hey
你知道的，我一直是Ave Mujica粉丝，至于麦够，我祝她们好运,253.104,1,16777215,2026-04-12 19:43:38,27730904912,1,秘密。（Sub rosa.）,颂乐人偶,113740078909891,Ave Mujica,Ave Mujica
fvv老爹,1091.559,1,16777215,2026-04-08 15:22:22,27730904912,1,秘密。（Sub rosa.）,颂乐人偶,113740078909891,fvv,fvv
我永远喜欢祐天寺若麦，我永远喜欢喵梦，我永远喜欢amoris，喵梦亲天下第一！,0.105,1,6830715,2026-04-04 17:23:57,27730904912,1,秘密。（Sub rosa.）,颂乐人偶,113740078909891,amoris,amoris
Full Miss,257.081,1,16777215,2026-04-03 19:45:15,27730904912,1,秘密。（Sub rosa.）,颂乐人偶,113740078909891,Full Miss,Full Miss
KiSSKiSS,85.679,1,16777215,2026-04-02 15:05:20,27730904912,1,秘密。（Sub rosa.）,颂乐人偶,113740078909891,KiSSKiSS,KiSSKiSS
soyo：so？,417.908,1,16777215,2026-04-01 18:07:37,27730904912,1,秘密。（Sub rosa.）,颂乐人偶,113740078909891,soyoso,soyoso
saki，R,642.548,1,16777215,2026-03-24 13:34:57,27730904912,1,秘密。（Sub rosa.）,颂乐人偶,113740078909891,sakiR,sakiR
c s,1088.167,1,16777215,2026-03-23 00:40:43,27730904912,1,秘密。（Sub rosa.）,颂乐人偶,113740078909891,c s,c s
不行了不行了 晕了SOS,136.861,1,16777215,2026-03-22 18:58:43,27730904912,1,秘密。（Sub rosa.）,颂乐人偶,113740078909891,SOS,SOS
KKSK,95.74,1,16777215,2026-03-22 18:56:27,27730904912,1,秘密。（Sub rosa.）,颂乐人偶,113740078909891,KKSK,KKSK
cs“”,1101.33,1,16777215,2026-03-22 11:27:03,27730904912,1,秘密。（Sub rosa.）,颂乐人偶,113740078909891,cs“”,cs “ ”
YEBISU,810.247,1,16777215,2026-03-12 23:05:03,27730904912,1,秘密。（Sub rosa.）,颂乐人偶,113740078909891,YEBISU,YEBISU
八亿RMB,761.32,1,16777215,2026-03-12 22:55:31,27730904912,1,秘密。（Sub rosa.）,颂乐人偶,113740078909891,RMB,RMB
《rikki锐评mujica》,1046.175,1,16777215,2026-03-09 23:12:55,27730904912,1,秘密。（Sub rosa.）,颂乐人偶,113740078909891,rikkimujica,rikkimujica
hia？咕咕嘎嘎,683.691,5,16707842,2026-03-08 00:23:42,27730904912,1,秘密。（Sub rosa.）,颂乐人偶,113740078909891,hia,hia
3…3D？,941.908,1,16777215,2026-03-07 18:51:56,27730904912,1,秘密。（Sub rosa.）,颂乐人偶,113740078909891,33D,33D
大喵还问了初华的意见，祥子也摇头，都知道初华那边还有Sumimi，但她自己还是摘了啊,1369.647,1,16777215,2026-03-06 17:09:21,27730904912,1,秘密。（Sub rosa.）,颂乐人偶,113740078909891,Sumimi,Sumimi
faze,431.024,1,16777215,2026-03-04 07:34:20,27730904912,1,秘密。（Sub rosa.）,颂乐人偶,113740078909891,faze,faze
project4,590.296,1,16777215,2026-03-01 18:56:06,27730904912,1,秘密。（Sub rosa.）,颂乐人偶,113740078909891,project4,project4
假面骑士（dogs）,984.832,1,15138834,2026-02-28 09:39:11,27730904912,1,秘密。（Sub rosa.）,颂乐人偶,113740078909891,dogs,dogs
bad ending,582.895,1,16777215,2026-02-27 13:16:34,27730904912,1,秘密。（Sub rosa.）,颂乐人偶,113740078909891,bad ending,bad ending
device太心狠了。。。。。,1087.472,5,52480,2026-02-26 23:05:19,27730904912,1,秘密。（Sub rosa.）,颂乐人偶,113740078909891,device,device
madao,519.031,1,16777215,2026-02-26 20:09:00,27730904912,1,秘密。（Sub rosa.）,颂乐人偶,113740078909891,madao,madao
手机得了mvp,477.262,5,38979,2026-02-26 19:28:59,27730904912,1,秘密。（Sub rosa.）,颂乐人偶,113740078909891,mvp,mvp
时光时光慢些吧T-T,826.501,1,16777215,2026-02-26 01:05:40,27730904912,1,秘密。（Sub rosa.）,颂乐人偶,113740078909891,TT,TT
这才是真正的music,256.04,1,16707842,2026-02-24 21:06:46,27730904912,1,秘密。（Sub rosa.）,颂乐人偶,113740078909891,music,music
Nooooo,583.243,5,15138834,2026-02-24 18:29:09,27730904912,1,秘密。（Sub rosa.）,颂乐人偶,113740078909891,Nooooo,Nooooo
NOOOO,583.243,1,16777215,2026-02-24 18:28:56,27730904912,1,秘密。（Sub rosa.）,颂乐人偶,113740078909891,NOOOO,NOOOO
为什么要演奏xxx啊,707.361,1,16777215,2026-02-23 19:53:22,27730904912,1,秘密。（Sub rosa.）,颂乐人偶,113740078909891,xxx,xxx
taki酱taki酱taki酱,696.311,1,16777215,2026-02-20 12:40:49,27730904912,1,秘密。（Sub rosa.）,颂乐人偶,113740078909891,takitakitaki,takitakitaki
放kkr出ban位,1338.872,5,16707842,2026-02-17 23:14:59,27730904912,1,秘密。（Sub rosa.）,颂乐人偶,113740078909891,kkrban,kkrban
soyo：6,1356.603,1,16777215,2026-02-14 22:33:35,27730904912,1,秘密。（Sub rosa.）,颂乐人偶,113740078909891,soyo6,soyo6
gugaga,689.448,1,16777215,2026-02-13 13:08:16,27730904912,1,秘密。（Sub rosa.）,颂乐人偶,113740078909891,gugaga,gugaga
WC，盒武器,1001.527,1,16777215,2026-02-13 01:21:37,27730904912,1,秘密。（Sub rosa.）,颂乐人偶,113740078909891,WC,WC
​saki酱●▛▙saki酱●▛▙saki酱●▛▙ saki酱●▛▙saki酱●▛▙saki酱●▛▙ saki酱●▛▙saki酱●▛▙saki酱●▛▙ saki酱●▛▙saki酱●▛▙saki酱●▛▙,439.113,5,16777215,2026-02-09 21:33:40,27730904912,1,秘密。（Sub rosa.）,颂乐人偶,113740078909891,sakisakisaki sakisakisaki sakisakisaki sakisakisaki,sakisakisaki sakisakisaki sakisakisaki sakisakisaki
wow猫是卡密吧,1284.577,1,16777215,2026-02-08 17:03:07,27730904912,1,秘密。（Sub rosa.）,颂乐人偶,113740078909891,wow,wow
killliss！,147.826,1,16777215,2026-02-07 00:09:18,27730904912,1,秘密。（Sub rosa.）,颂乐人偶,113740078909891,killliss,killliss
细节anon和soyo的乐器摆在一起,968.784,5,16777215,2026-02-05 09:09:05,27730904912,1,秘密。（Sub rosa.）,颂乐人偶,113740078909891,anonsoyo,anonsoyo
Faze Clan！,93.095,1,16777215,2026-02-04 23:51:15,27730904912,1,秘密。（Sub rosa.）,颂乐人偶,113740078909891,Faze Clan,Faze Clan
慈爱cosmos,1245.999,5,41194,2026-02-01 09:10:18,27730904912,1,秘密。（Sub rosa.）,颂乐人偶,113740078909891,cosmos,cosmos
Killkiss超好听！,85.331,1,16777215,2026-01-26 18:53:33,27730904912,1,秘密。（Sub rosa.）,颂乐人偶,113740078909891,Killkiss,Killkiss
突然2d,559.701,5,16777215,2026-01-26 04:13:21,27730904912,1,秘密。（Sub rosa.）,颂乐人偶,113740078909891,2d,2d
撒ki,1120.497,5,16777215,2026-01-25 22:25:23,27730904912,1,秘密。（Sub rosa.）,颂乐人偶,113740078909891,ki,ki
Kkr!,871.297,1,16777215,2026-01-23 07:28:25,27730904912,1,秘密。（Sub rosa.）,颂乐人偶,113740078909891,Kkr,Kkr
怎么总感觉好像AI画的？,473.702,1,16777215,2026-01-20 12:51:56,27730904912,1,秘密。（Sub rosa.）,颂乐人偶,113740078909891,AI,AI
persona！,1276.535,1,13369971,2026-01-16 02:35:31,27730904912,1,秘密。（Sub rosa.）,颂乐人偶,113740078909891,persona,persona
请一定要幸福下去www甜死了,473.086,1,16777215,2026-01-10 20:42:26,27730904912,1,秘密。（Sub rosa.）,颂乐人偶,113740078909891,www,www
ob一串字母,1193.681,1,41194,2026-01-05 19:00:59,27730904912,1,秘密。（Sub rosa.）,颂乐人偶,113740078909891,ob,ob
move(&sakki);,638.848,5,16777215,2026-01-04 03:55:06,27730904912,1,秘密。（Sub rosa.）,颂乐人偶,113740078909891,movesakki,movesakki
Faze clan！,177.021,5,15138834,2026-01-03 12:03:31,27730904912,1,秘密。（Sub rosa.）,颂乐人偶,113740078909891,Faze clan,Faze clan
CoCo,800.743,1,16777215,2026-01-03 11:48:13,27730904912,1,秘密。（Sub rosa.）,颂乐人偶,113740078909891,CoCo,CoCo
原来是你写的judu 什么玩意吧,141.637,5,16777215,2026-01-01 12:22:49,27730904912,1,秘密。（Sub rosa.）,颂乐人偶,113740078909891,judu,judu
soyo:”,1297.192,1,16777215,2026-01-01 11:39:10,27730904912,1,秘密。（Sub rosa.）,颂乐人偶,113740078909891,soyo”,soyo ”
ddd,274.742,1,16777215,2025-12-31 12:26:21,27730904912,1,秘密。（Sub rosa.）,颂乐人偶,113740078909891,ddd,ddd
It is,1278.609,1,16777215,2025-12-27 13:17:14,27730904912,1,秘密。（Sub rosa.）,颂乐人偶,113740078909891,It is,It is
FAZE CLAN,208.398,1,15138835,2025-12-24 08:45:14,27730904912,1,秘密。（Sub rosa.）,颂乐人偶,113740078909891,FAZE CLAN,FAZE CLAN
Cs,1095.383,1,16777215,2025-12-24 00:19:57,27730904912,1,秘密。（Sub rosa.）,颂乐人偶,113740078909891,Cs,Cs
8亿rmb,762.757,1,16777215,2025-12-23 08:00:49,27730904912,1,秘密。（Sub rosa.）,颂乐人偶,113740078909891,8rmb,8rmb
anno和soyo好像是同款项链,1043.748,1,16777215,2025-12-17 18:16:36,27730904912,1,秘密。（Sub rosa.）,颂乐人偶,113740078909891,annosoyo,annosoyo
这世界的人都跟DC一样吗带个面具就不认识了,307.831,1,16777215,2025-12-16 22:51:46,27730904912,1,秘密。（Sub rosa.）,颂乐人偶,113740078909891,DC,DC
重温Mujica,16.4,1,16777215,2025-12-13 00:27:19,27730904912,1,秘密。（Sub rosa.）,颂乐人偶,113740078909891,Mujica,Mujica
kkr救一下,778.891,1,16777215,2025-12-10 19:04:23,27730904912,1,秘密。（Sub rosa.）,颂乐人偶,113740078909891,kkr,kkr
圣anno,1042.118,1,16777215,2025-12-08 21:55:27,27730904912,1,秘密。（Sub rosa.）,颂乐人偶,113740078909891,anno,anno
要组一辈子band哦,473.205,1,16777215,2025-12-08 21:43:56,27730904912,1,秘密。（Sub rosa.）,颂乐人偶,113740078909891,band,band
K-on!,668.427,1,16777215,2025-12-04 18:33:19,27730904912,1,秘密。（Sub rosa.）,颂乐人偶,113740078909891,Kon,Kon
ena,692.126,1,16777215,2025-12-01 20:10:43,27730904912,1,秘密。（Sub rosa.）,颂乐人偶,113740078909891,ena,ena
timming！,399.938,1,16777215,2025-11-30 01:05:23,27730904912,1,秘密。（Sub rosa.）,颂乐人偶,113740078909891,timming,timming
KKsK,167.011,1,16777215,2025-11-29 18:35:05,27730904912,1,秘密。（Sub rosa.）,颂乐人偶,113740078909891,KKsK,KKsK
厂长已经在研究T1的BP了,1039.98,1,16740868,2025-11-28 17:45:48,27730904912,1,秘密。（Sub rosa.）,颂乐人偶,113740078909891,T1BP,T1BP
HLE启动！,99.789,1,16740868,2025-11-28 17:26:35,27730904912,1,秘密。（Sub rosa.）,颂乐人偶,113740078909891,HLE,HLE
anon看见偶像了,1278.061,1,16777215,2025-11-26 02:01:08,27730904912,1,秘密。（Sub rosa.）,颂乐人偶,113740078909891,anon,anon
真的没人注意到吉他是7根弦吗？【does],96.796,1,16777215,2025-11-24 20:37:00,27730904912,1,秘密。（Sub rosa.）,颂乐人偶,113740078909891,7does,7does
旮旯game里不是这样的！,473.335,1,16777215,2025-11-22 18:30:06,27730904912,1,秘密。（Sub rosa.）,颂乐人偶,113740078909891,game,game
cd,1085.32,1,16777215,2025-11-21 02:40:19,27730904912,1,秘密。（Sub rosa.）,颂乐人偶,113740078909891,cd,cd
神父的CMoon发力了,126.729,5,38979,2025-11-19 22:34:14,27730904912,1,秘密。（Sub rosa.）,颂乐人偶,113740078909891,CMoon,CMoon
可以驾驶eva了,1154.798,1,16777215,2025-11-18 07:59:37,27730904912,1,秘密。（Sub rosa.）,颂乐人偶,113740078909891,eva,eva
这时初华摘不摘面具对mujica已经没有意义了，但祥子还是想最后保住初华 因为初华还有sumimi那边,1368.592,5,16777215,2025-11-08 21:49:42,27730904912,1,秘密。（Sub rosa.）,颂乐人偶,113740078909891,mujica sumimi,mujica sumimi
jumping,1375.403,5,16777215,2025-10-28 17:32:18,27730904912,1,秘密。（Sub rosa.）,颂乐人偶,113740078909891,jumping,jumping
哇ytz！,1291.593,5,16777215,2025-10-28 17:28:29,27730904912,1,秘密。（Sub rosa.）,颂乐人偶,113740078909891,ytz,ytz
miss,124.958,5,16777215,2025-10-27 00:48:42,27730904912,1,秘密。（Sub rosa.）,颂乐人偶,113740078909891,miss,miss
ohno,645.583,5,8700107,2025-10-20 22:22:14,27730904912,1,秘密。（Sub rosa.）,颂乐人偶,113740078909891,ohno,ohno
我在看些什么啊，这是ai剧本吗，好莫名其妙啊，我感觉少了些什么,1407.677,5,16777215,2025-10-20 22:02:41,27730904912,1,秘密。（Sub rosa.）,颂乐人偶,113740078909891,ai,ai
347w,760.209,1,16777215,2025-10-17 23:18:12,27730904912,1,秘密。（Sub rosa.）,颂乐人偶,113740078909891,347w,347w
2D祥爹,1068.951,5,16646914,2025-10-17 21:53:11,27730904912,1,秘密。（Sub rosa.）,颂乐人偶,113740078909891,2D,2D
saki.move();,643.016,1,16777215,2025-10-16 00:37:12,27730904912,1,秘密。（Sub rosa.）,颂乐人偶,113740078909891,sakimove,sakimove
不要看avemujika啊,301.093,1,16777215,2025-10-16 00:26:21,27730904912,1,秘密。（Sub rosa.）,颂乐人偶,113740078909891,avemujika,avemujika
stay！,0.138,1,16777215,2025-10-15 15:03:24,27730904912,1,秘密。（Sub rosa.）,颂乐人偶,113740078909891,stay,stay
《研究强队demo》,351.512,1,16707842,2025-02-04 08:33:17,28789704559,2,用结果说话。（Exitus Acta probat.）,颂乐人偶,113791652069874,demo,demo
tip：这里给的备注不是妈妈，而直接备注名字，暗含两人的关系没有想象中的亲密,515.066,5,9487136,2025-01-09 22:11:48,28789704559,2,用结果说话。（Exitus Acta probat.）,颂乐人偶,113791652069874,tip,tip
前期boss喵梦，中期boss若叶睦，后期boss初华,709.997,5,16777215,2025-08-27 20:22:18,28789704559,2,用结果说话。（Exitus Acta probat.）,颂乐人偶,113791652069874,bossbossboss,bossbossboss
AVE mujica这么火了的话ras不会有什么行动吗，chuchu真能坐的住啊,111.927,5,16777215,2025-08-20 00:22:20,28789704559,2,用结果说话。（Exitus Acta probat.）,颂乐人偶,113791652069874,AVE mujicaraschuchu,AVE mujicaraschuchu
我又没说你干嘛说我.JPG,29.032,5,16777215,2025-04-06 19:57:56,28789704559,2,用结果说话。（Exitus Acta probat.）,颂乐人偶,113791652069874,JPG,JPG
aono呢，救一下啊,836.748,5,16777215,2025-04-01 12:56:06,28789704559,2,用结果说话。（Exitus Acta probat.）,颂乐人偶,113791652069874,aono,aono
中期boss黑化50%,1081.227,5,16777215,2025-08-27 20:29:41,28789704559,2,用结果说话。（Exitus Acta probat.）,颂乐人偶,113791652069874,boss50,boss50
不用演就是满满的破碎感，刚好契合了乐队的theme,817.555,1,16777215,2025-04-03 20:54:03,28789704559,2,用结果说话。（Exitus Acta probat.）,颂乐人偶,113791652069874,theme,theme
睦：ber我不知道台词啊,1205.969,1,16777215,2025-09-02 12:57:27,28789704559,2,用结果说话。（Exitus Acta probat.）,颂乐人偶,113791652069874,ber,ber
一，二，boom！（维什戴尔音）,969.729,1,16777215,2025-08-28 03:18:17,28789704559,2,用结果说话。（Exitus Acta probat.）,颂乐人偶,113791652069874,boom,boom
还是Go团的猫更让人喜欢,582.239,1,16777215,2025-07-28 22:46:17,28789704559,2,用结果说话。（Exitus Acta probat.）,颂乐人偶,113791652069874,Go,Go
《Deep Seek》,463.568,5,16777215,2025-06-27 09:43:54,28789704559,2,用结果说话。（Exitus Acta probat.）,颂乐人偶,113791652069874,Deep Seek,Deep Seek
sm柿本,830.818,1,16777215,2025-06-16 20:01:39,28789704559,2,用结果说话。（Exitus Acta probat.）,颂乐人偶,113791652069874,sm,sm
CT阵营胜利,1267.673,1,16777215,2025-05-11 00:39:53,28789704559,2,用结果说话。（Exitus Acta probat.）,颂乐人偶,113791652069874,CT,CT
小睦进GO吧,1127.625,1,16777215,2025-04-22 23:51:15,28789704559,2,用结果说话。（Exitus Acta probat.）,颂乐人偶,113791652069874,GO,GO
实力没得说，其他还拿武道馆目标呢emm,97.681,1,16777215,2025-04-20 22:04:12,28789704559,2,用结果说话。（Exitus Acta probat.）,颂乐人偶,113791652069874,emm,emm
好像ksm,611.807,5,15138834,2026-03-14 13:58:38,28789704559,2,用结果说话。（Exitus Acta probat.）,颂乐人偶,113791652069874,ksm,ksm
CPU运转中,296.13,5,16707842,2026-02-09 23:52:32,28789704559,2,用结果说话。（Exitus Acta probat.）,颂乐人偶,113791652069874,CPU,CPU
这还是krkrdkdk的少女乐队吗,826.242,1,16777215,2025-12-28 11:31:45,28789704559,2,用结果说话。（Exitus Acta probat.）,颂乐人偶,113791652069874,krkrdkdk,krkrdkdk
WASTED,810.926,5,16740868,2025-12-06 23:53:41,28789704559,2,用结果说话。（Exitus Acta probat.）,颂乐人偶,113791652069874,WASTED,WASTED
gugu咕咕嘎嘎,287.058,1,16777215,2025-10-19 00:30:48,28789704559,2,用结果说话。（Exitus Acta probat.）,颂乐人偶,113791652069874,gugu,gugu
OwO,58.621,5,16777215,2025-09-14 13:57:30,28789704559,2,用结果说话。（Exitus Acta probat.）,颂乐人偶,113791652069874,OwO,OwO
W-B-X,889.58,5,38979,2025-08-30 16:55:15,28789704559,2,用结果说话。（Exitus Acta probat.）,颂乐人偶,113791652069874,WBX,WBX
C4起爆！,674.523,5,15138834,2025-08-30 01:46:52,28789704559,2,用结果说话。（Exitus Acta probat.）,颂乐人偶,113791652069874,C4,C4
支持chuchu去当母鸡卡制作人,123.948,1,16777215,2025-08-26 17:23:17,28789704559,2,用结果说话。（Exitus Acta probat.）,颂乐人偶,113791652069874,chuchu,chuchu
saki：我是实话实说desuwa,668.139,5,41194,2025-08-24 13:42:48,28789704559,2,用结果说话。（Exitus Acta probat.）,颂乐人偶,113791652069874,sakidesuwa,sakidesuwa
这样下去ave Mujica就要成搞笑艺人团体了！,685.642,5,14811775,2025-08-14 17:32:46,28789704559,2,用结果说话。（Exitus Acta probat.）,颂乐人偶,113791652069874,ave Mujica,ave Mujica
压力怪no。。,716.155,1,16777215,2025-07-14 02:04:28,28789704559,2,用结果说话。（Exitus Acta probat.）,颂乐人偶,113791652069874,no,no
2D的妈生了一个3D的女儿,521.605,1,16777215,2025-07-13 16:54:46,28789704559,2,用结果说话。（Exitus Acta probat.）,颂乐人偶,113791652069874,2D3D,2D3D
240bpm吧,477.681,5,16777215,2025-07-05 16:35:28,28789704559,2,用结果说话。（Exitus Acta probat.）,颂乐人偶,113791652069874,240bpm,240bpm
Boss来了,337.316,5,15138834,2025-05-26 00:58:52,28789704559,2,用结果说话。（Exitus Acta probat.）,颂乐人偶,113791652069874,Boss,Boss
jks是吧,86.274,1,16777215,2025-05-05 20:36:32,28789704559,2,用结果说话。（Exitus Acta probat.）,颂乐人偶,113791652069874,jks,jks
救命我心疼小睦T T,1151.72,1,16777215,2025-04-09 19:38:26,28789704559,2,用结果说话。（Exitus Acta probat.）,颂乐人偶,113791652069874,T T,T T
不许逼我的木头人w w w w w,693.01,1,16777215,2025-04-05 18:42:46,28789704559,2,用结果说话。（Exitus Acta probat.）,颂乐人偶,113791652069874,w w w w w,w w w w w
OS初祥好甜,962.061,1,16777215,2026-05-01 12:21:58,28789704559,2,用结果说话。（Exitus Acta probat.）,颂乐人偶,113791652069874,OS,OS
触发特殊cg吗,1057.668,1,16777215,2026-05-01 11:36:29,28789704559,2,用结果说话。（Exitus Acta probat.）,颂乐人偶,113791652069874,cg,cg
待会cos晴天娃娃去了,698.586,1,16777215,2026-04-27 20:18:36,28789704559,2,用结果说话。（Exitus Acta probat.）,颂乐人偶,113791652069874,cos,cos
at立场全开,832.473,1,16777215,2026-04-22 12:38:32,28789704559,2,用结果说话。（Exitus Acta probat.）,颂乐人偶,113791652069874,at,at
haiy在压力啊？,757.096,1,16777215,2026-04-20 12:07:27,28789704559,2,用结果说话。（Exitus Acta probat.）,颂乐人偶,113791652069874,haiy,haiy
不是还在压力？还要我mu大哥怎么带？！,750.099,1,16777215,2026-04-20 12:07:12,28789704559,2,用结果说话。（Exitus Acta probat.）,颂乐人偶,113791652069874,mu,mu
W A S T E D,1167.981,5,16707842,2026-04-19 20:00:07,28789704559,2,用结果说话。（Exitus Acta probat.）,颂乐人偶,113791652069874,W A S T E D,W A S T E D
变banana了,423.416,1,16777215,2026-04-19 10:35:20,28789704559,2,用结果说话。（Exitus Acta probat.）,颂乐人偶,113791652069874,banana,banana
现在喵梦就像是为了拍车祸vlog火一把，直接抢了祥子方向盘八车开墙上去了,120.376,1,16777215,2026-04-16 00:42:12,28789704559,2,用结果说话。（Exitus Acta probat.）,颂乐人偶,113791652069874,vlog,vlog
结月（睦cv）说过美奈美把睦当对手而不是女儿,561.165,1,16777215,2026-04-14 18:10:15,28789704559,2,用结果说话。（Exitus Acta probat.）,颂乐人偶,113791652069874,cv,cv
Cycle,882.833,5,38979,2026-04-13 20:37:14,28789704559,2,用结果说话。（Exitus Acta probat.）,颂乐人偶,113791652069874,Cycle,Cycle
Nikon！,784.2,1,16765698,2026-04-07 01:35:51,28789704559,2,用结果说话。（Exitus Acta probat.）,颂乐人偶,113791652069874,Nikon,Nikon
I AM NIKON！,782.286,1,16765698,2026-04-04 21:27:42,28789704559,2,用结果说话。（Exitus Acta probat.）,颂乐人偶,113791652069874,I AM NIKON,I AM NIKON
Sumimi不会解散的，只是没人了(牢大.jpg),870.775,5,16777215,2026-04-02 16:23:05,28789704559,2,用结果说话。（Exitus Acta probat.）,颂乐人偶,113791652069874,Sumimijpg,Sumimijpg
The world,271.17,1,16707842,2026-03-24 22:04:47,28789704559,2,用结果说话。（Exitus Acta probat.）,颂乐人偶,113791652069874,The world,The world
这里的人偶可以理解为现实中的bjd吧？那确实挺可爱的,1028.86,5,16777215,2026-03-24 14:07:44,28789704559,2,用结果说话。（Exitus Acta probat.）,颂乐人偶,113791652069874,bjd,bjd
和Popipa的气氛几乎相反啊喂,755.327,1,16777215,2026-03-14 19:57:33,28789704559,2,用结果说话。（Exitus Acta probat.）,颂乐人偶,113791652069874,Popipa,Popipa
顶分局pov,362.316,1,16777215,2026-02-26 16:38:28,28789704559,2,用结果说话。（Exitus Acta probat.）,颂乐人偶,113791652069874,pov,pov
.TC,1328.152,1,16777215,2026-02-26 01:37:20,28789704559,2,用结果说话。（Exitus Acta probat.）,颂乐人偶,113791652069874,TC,TC
DX点了个赞,1211.761,1,16777215,2026-02-24 17:19:50,28789704559,2,用结果说话。（Exitus Acta probat.）,颂乐人偶,113791652069874,DX,DX
bgm不妙啊,645.011,1,16777215,2026-02-21 16:21:22,28789704559,2,用结果说话。（Exitus Acta probat.）,颂乐人偶,113791652069874,bgm,bgm
碇源堂:NERV需要你这样的人才,820.0,1,16777215,2026-02-15 20:44:01,28789704559,2,用结果说话。（Exitus Acta probat.）,颂乐人偶,113791652069874,NERV,NERV
猫1v4,469.735,5,16777215,2026-02-11 14:40:02,28789704559,2,用结果说话。（Exitus Acta probat.）,颂乐人偶,113791652069874,1v4,1v4
压力x2,457.989,5,16777215,2026-02-11 14:39:19,28789704559,2,用结果说话。（Exitus Acta probat.）,颂乐人偶,113791652069874,x2,x2
主唱是星星，但Mijica全是月亮,812.77,1,16777215,2026-02-07 20:51:52,28789704559,2,用结果说话。（Exitus Acta probat.）,颂乐人偶,113791652069874,Mijica,Mijica
baobaobao!,1168.486,1,16777215,2026-02-04 22:09:33,28789704559,2,用结果说话。（Exitus Acta probat.）,颂乐人偶,113791652069874,baobaobao,baobaobao
这里的bgm有点像p5里面的,634.291,1,16777215,2026-01-28 18:41:56,28789704559,2,用结果说话。（Exitus Acta probat.）,颂乐人偶,113791652069874,bgmp5,bgmp5
雇佣兵上班ing,313.863,1,15138834,2026-01-27 15:29:03,28789704559,2,用结果说话。（Exitus Acta probat.）,颂乐人偶,113791652069874,ing,ing
数数好呆啊sakiko酱,972.799,1,41194,2026-01-21 12:14:35,28789704559,2,用结果说话。（Exitus Acta probat.）,颂乐人偶,113791652069874,sakiko,sakiko
为了保证自己的好感度不掉就出卖riki吗，anon你这家伙,288.999,1,16777215,2026-01-18 18:24:56,28789704559,2,用结果说话。（Exitus Acta probat.）,颂乐人偶,113791652069874,rikianon,rikianon
这真该改名叫eva mujica了,1172.248,1,16777215,2026-01-11 20:21:11,28789704559,2,用结果说话。（Exitus Acta probat.）,颂乐人偶,113791652069874,eva mujica,eva mujica
这也是dokidoki,228.316,1,16777215,2026-01-03 21:44:07,28789704559,2,用结果说话。（Exitus Acta probat.）,颂乐人偶,113791652069874,dokidoki,dokidoki
像极了QQ的默认男头像,598.079,1,16777215,2026-01-01 21:19:52,28789704559,2,用结果说话。（Exitus Acta probat.）,颂乐人偶,113791652069874,QQ,QQ
睦：O.o？,628.161,1,16777215,2026-01-01 11:41:03,28789704559,2,用结果说话。（Exitus Acta probat.）,颂乐人偶,113791652069874,Oo,Oo
Hahahaha,615.25,1,16777215,2025-12-30 10:37:18,28789704559,2,用结果说话。（Exitus Acta probat.）,颂乐人偶,113791652069874,Hahahaha,Hahahaha
good,205.552,1,16777215,2025-12-28 13:53:57,28789704559,2,用结果说话。（Exitus Acta probat.）,颂乐人偶,113791652069874,good,good
iPad ProM4的模型但后摄规格 布局 位置改了,480.868,5,16777215,2025-12-28 08:48:13,28789704559,2,用结果说话。（Exitus Acta probat.）,颂乐人偶,113791652069874,iPad ProM4,iPad ProM4
do！,966.312,1,16777215,2025-12-24 14:54:49,28789704559,2,用结果说话。（Exitus Acta probat.）,颂乐人偶,113791652069874,do,do
阴暗mem,464.159,1,16777215,2025-12-21 09:38:57,28789704559,2,用结果说话。（Exitus Acta probat.）,颂乐人偶,113791652069874,mem,mem
saki，dasuki,1011.512,5,16765698,2025-12-19 20:01:44,28789704559,2,用结果说话。（Exitus Acta probat.）,颂乐人偶,113791652069874,sakidasuki,sakidasuki
istj太强了,498.022,1,16777215,2025-12-08 15:59:40,28789704559,2,用结果说话。（Exitus Acta probat.）,颂乐人偶,113791652069874,istj,istj
NO——,336.497,1,16777215,2025-12-07 02:09:11,28789704559,2,用结果说话。（Exitus Acta probat.）,颂乐人偶,113791652069874,NO,NO
gegege同款待遇,1002.966,1,16777215,2025-11-28 17:00:22,28789704559,2,用结果说话。（Exitus Acta probat.）,颂乐人偶,113791652069874,gegege,gegege
好敬业的RP呀。,668.387,1,16777215,2025-11-25 17:04:46,28789704559,2,用结果说话。（Exitus Acta probat.）,颂乐人偶,113791652069874,RP,RP
ylg,117.74,1,16777215,2025-11-19 18:39:00,28789704559,2,用结果说话。（Exitus Acta probat.）,颂乐人偶,113791652069874,ylg,ylg
对祥子而言，mujica堵上了她的全部，所以压力很大很大，虽然她不知道mujica的背后实际是丰川家在帮,759.663,5,16740868,2025-11-16 09:41:00,28789704559,2,用结果说话。（Exitus Acta probat.）,颂乐人偶,113791652069874,mujicamujica,mujicamujica
睦子米...qaq,117.073,1,16777215,2025-11-11 22:30:49,28789704559,2,用结果说话。（Exitus Acta probat.）,颂乐人偶,113791652069874,qaq,qaq
kon h bu p恐怖片,167.079,1,16777215,2025-11-05 14:21:07,28789704559,2,用结果说话。（Exitus Acta probat.）,颂乐人偶,113791652069874,kon h bu p,kon h bu p
睦头人QwQ呜……,592.709,5,16777215,2025-10-28 16:47:54,28789704559,2,用结果说话。（Exitus Acta probat.）,颂乐人偶,113791652069874,QwQ,QwQ
sodayo,1116.446,5,7838156,2025-10-17 10:12:25,28789704559,2,用结果说话。（Exitus Acta probat.）,颂乐人偶,113791652069874,sodayo,sodayo
在哪都有l4d2玩家,249.214,1,16777215,2025-10-12 23:50:19,28789704559,2,用结果说话。（Exitus Acta probat.）,颂乐人偶,113791652069874,l4d2,l4d2
备注都是rikki真美绷住,43.203,1,16777215,2025-10-12 15:55:37,28789704559,2,用结果说话。（Exitus Acta probat.）,颂乐人偶,113791652069874,rikki,rikki
dps不足,453.499,1,16777215,2025-10-07 19:14:26,28789704559,2,用结果说话。（Exitus Acta probat.）,颂乐人偶,113791652069874,dps,dps
FEVER,178.577,5,16777215,2025-10-02 13:01:17,28789704559,2,用结果说话。（Exitus Acta probat.）,颂乐人偶,113791652069874,FEVER,FEVER
BGM应该换鸳鸯戏,572.922,1,16707842,2025-10-02 12:29:11,28789704559,2,用结果说话。（Exitus Acta probat.）,颂乐人偶,113791652069874,BGM,BGM
重力场，qi d启动,350.306,1,16777215,2025-09-29 00:08:55,28789704559,2,用结果说话。（Exitus Acta probat.）,颂乐人偶,113791652069874,qi d,qi d
没办法，这里相当于你前脚拒绝了组c团后脚就去鸡团了，很容易被误会成看不起soyo等人,21.841,1,16777215,2025-09-28 23:42:36,28789704559,2,用结果说话。（Exitus Acta probat.）,颂乐人偶,113791652069874,csoyo,csoyo
anon：不是，你们c团都喜欢一休尼这一块吗？,1071.048,1,16777215,2025-09-17 10:53:05,28789704559,2,用结果说话。（Exitus Acta probat.）,颂乐人偶,113791652069874,anonc,anonc
san值清零了,1156.669,1,16777215,2025-09-15 12:44:35,28789704559,2,用结果说话。（Exitus Acta probat.）,颂乐人偶,113791652069874,san,san
ave？EVA!,1230.025,1,16777215,2025-09-14 23:54:05,28789704559,2,用结果说话。（Exitus Acta probat.）,颂乐人偶,113791652069874,aveEVA,aveEVA
ykn夺舍立,1251.184,1,9487136,2025-09-13 20:08:06,28789704559,2,用结果说话。（Exitus Acta probat.）,颂乐人偶,113791652069874,ykn,ykn
感谢DeepSeek开源,474.394,1,16777215,2025-09-08 10:39:39,28789704559,2,用结果说话。（Exitus Acta probat.）,颂乐人偶,113791652069874,DeepSeek,DeepSeek
lucky,969.229,1,16777215,2025-09-08 00:00:55,28789704559,2,用结果说话。（Exitus Acta probat.）,颂乐人偶,113791652069874,lucky,lucky
ha,252.541,1,16777215,2025-09-06 22:18:21,28789704559,2,用结果说话。（Exitus Acta probat.）,颂乐人偶,113791652069874,ha,ha
Nina的感觉,631.678,1,16777215,2025-09-05 00:48:16,28789704559,2,用结果说话。（Exitus Acta probat.）,颂乐人偶,113791652069874,Nina,Nina
海玲！suki,486.9,1,16777215,2025-09-02 11:46:50,28789704559,2,用结果说话。（Exitus Acta probat.）,颂乐人偶,113791652069874,suki,suki
soyo0 你怎么了呀？,19.518,1,16777215,2025-08-30 11:45:51,28789704559,2,用结果说话。（Exitus Acta probat.）,颂乐人偶,113791652069874,soyo0,soyo0
这s猫有b吧,644.455,1,16777215,2025-08-29 12:44:40,28789704559,2,用结果说话。（Exitus Acta probat.）,颂乐人偶,113791652069874,sb,sb
可爱desu,978.81,1,16777215,2025-08-29 10:13:02,28789704559,2,用结果说话。（Exitus Acta probat.）,颂乐人偶,113791652069874,desu,desu
OAO,960.46,1,16777215,2025-08-29 10:12:43,28789704559,2,用结果说话。（Exitus Acta probat.）,颂乐人偶,113791652069874,OAO,OAO
前期boss都被吓到了,1309.535,5,16777215,2025-08-27 20:35:01,28789704559,2,用结果说话。（Exitus Acta probat.）,颂乐人偶,113791652069874,boss,boss
中期boss黑化70%,1227.723,5,16777215,2025-08-27 20:32:57,28789704559,2,用结果说话。（Exitus Acta probat.）,颂乐人偶,113791652069874,boss70,boss70
我rep有过这样,345.692,1,16777215,2025-08-25 17:52:11,28789704559,2,用结果说话。（Exitus Acta probat.）,颂乐人偶,113791652069874,rep,rep
C团为啥不能赚钱啊，祥子舍不得c团变现所以解散？,415.319,1,16777215,2025-08-24 00:58:33,28789704559,2,用结果说话。（Exitus Acta probat.）,颂乐人偶,113791652069874,Cc,Cc
我还以为p5游戏开屏,428.655,1,16777215,2025-08-23 14:17:55,28789704559,2,用结果说话。（Exitus Acta probat.）,颂乐人偶,113791652069874,p5,p5
     这里把语速加快会发现Mortis其实是在对睦说“已经没事了哦”      ,1244.33,5,41194,2025-01-17 22:36:09,28010547195,3,我该如何是好？（Quid faciam？）,颂乐人偶,113831414073409,Mortis“”,Mortis “ ”
笑点解析：msk前辈觉得鼓打得好的鼓手，祥子竟然觉得练习不够还要练习,1015.097,5,16765698,2025-01-20 22:16:55,28010547195,3,我该如何是好？（Quid faciam？）,颂乐人偶,113831414073409,msk,msk
这里也太Eva了吧,418.46,1,16777215,2025-01-17 12:42:38,28010547195,3,我该如何是好？（Quid faciam？）,颂乐人偶,113831414073409,Eva,Eva
o8s:孩子们不要怕，这就是mujica的世界观,46.359,1,16777215,2025-01-17 20:35:16,28010547195,3,我该如何是好？（Quid faciam？）,颂乐人偶,113831414073409,o8smujica,o8smujica
oi！那个小孩儿，到站了,1068.925,5,15138834,2025-01-29 03:38:29,28010547195,3,我该如何是好？（Quid faciam？）,颂乐人偶,113831414073409,oi,oi
加上c团解散给她太大的心理阴影了，自己说话会害乐队解散的ptsd非常严重,866.371,5,16777215,2025-01-23 12:01:51,28010547195,3,我该如何是好？（Quid faciam？）,颂乐人偶,113831414073409,cptsd,cptsd
一想到mo老师顶号上来，发现抱着一把不会谈的吉他，只能顺势老戏骨上身把它放下，我就想笑,1286.885,1,16777215,2025-01-28 07:38:39,28010547195,3,我该如何是好？（Quid faciam？）,颂乐人偶,113831414073409,mo,mo
因为sumimi是两人组合，所以一人退出对她而言自然意味着解散，在mujica里也不自觉这么想了吗,985.077,5,16777215,2025-01-24 13:33:36,28010547195,3,我该如何是好？（Quid faciam？）,颂乐人偶,113831414073409,sumimimujica,sumimimujica
只要练习得多，鼓棒就会打成这样...喵梦的cv米泽茜在X就分享过几次断鼓棒的经历,710.694,1,16755202,2025-03-25 12:42:06,28010547195,3,我该如何是好？（Quid faciam？）,颂乐人偶,113831414073409,cvX,cvX
nina:还叫？,913.108,1,16777215,2025-04-12 22:16:46,28010547195,3,我该如何是好？（Quid faciam？）,颂乐人偶,113831414073409,nina,nina
乐队版enana,619.27,5,16755202,2025-09-19 23:46:57,28010547195,3,我该如何是好？（Quid faciam？）,颂乐人偶,113831414073409,enana,enana
这和hhw真的是同一个世界观吗,116.782,1,16777215,2025-06-08 00:37:50,28010547195,3,我该如何是好？（Quid faciam？）,颂乐人偶,113831414073409,hhw,hhw
Labubu欠费广告,1243.953,5,38979,2025-06-21 03:30:54,28010547195,3,我该如何是好？（Quid faciam？）,颂乐人偶,113831414073409,Labubu,Labubu
bochi救一下啊,327.923,1,16777215,2025-03-29 23:53:14,28010547195,3,我该如何是好？（Quid faciam？）,颂乐人偶,113831414073409,bochi,bochi
C团的时候有soyo妈妈 mujica没有妈妈角色了 就导致小穆很难受,1101.773,1,16777215,2025-09-21 21:08:00,28010547195,3,我该如何是好？（Quid faciam？）,颂乐人偶,113831414073409,Csoyo mujica,Csoyo mujica
请注意：以下内容搭配《unravel》以获得最佳观影体验,1207.677,5,38979,2025-08-29 12:02:41,28010547195,3,我该如何是好？（Quid faciam？）,颂乐人偶,113831414073409,unravel,unravel
那我缺的qb这块谁给我补啊,267.076,5,104601,2025-07-02 22:43:08,28010547195,3,我该如何是好？（Quid faciam？）,颂乐人偶,113831414073409,qb,qb
特级咒灵——Mortis,1241.625,5,9487136,2026-03-12 23:52:29,28010547195,3,我该如何是好？（Quid faciam？）,颂乐人偶,113831414073409,Mortis,Mortis
笑点解析:BanG！ Dream,89.671,1,16777215,2026-02-25 23:25:52,28010547195,3,我该如何是好？（Quid faciam？）,颂乐人偶,113831414073409,BanG Dream,BanG Dream
啊啊啊layer,532.849,1,11890,2026-02-12 20:59:29,28010547195,3,我该如何是好？（Quid faciam？）,颂乐人偶,113831414073409,layer,layer
galgame分支选项,865.756,1,16777215,2026-01-06 13:11:42,28010547195,3,我该如何是好？（Quid faciam？）,颂乐人偶,113831414073409,galgame,galgame
ykn：李子你个B又说不恐怖！,1253.364,5,13369971,2025-12-28 20:22:11,28010547195,3,我该如何是好？（Quid faciam？）,颂乐人偶,113831414073409,yknB,yknB
这操作跟kanye差不多,76.391,1,16777215,2025-12-14 23:48:51,28010547195,3,我该如何是好？（Quid faciam？）,颂乐人偶,113831414073409,kanye,kanye
PTSD,1052.251,1,16777215,2025-10-22 15:50:05,28010547195,3,我该如何是好？（Quid faciam？）,颂乐人偶,113831414073409,PTSD,PTSD
mortis已经mortis了,27.41,5,41194,2025-10-08 20:21:43,28010547195,3,我该如何是好？（Quid faciam？）,颂乐人偶,113831414073409,mortismortis,mortismortis
fever+3,570.927,1,16777215,2025-09-09 20:50:20,28010547195,3,我该如何是好？（Quid faciam？）,颂乐人偶,113831414073409,fever3,fever3
曼波TV,254.845,5,13369971,2025-08-02 18:37:17,28010547195,3,我该如何是好？（Quid faciam？）,颂乐人偶,113831414073409,TV,TV
qb呢qb救一下啊（,1235.493,5,16646914,2025-07-02 23:02:25,28010547195,3,我该如何是好？（Quid faciam？）,颂乐人偶,113831414073409,qbqb,qbqb
这里有个细节，睦一直叫祥子saki，喵梦叫的sakiko,695.439,1,16777215,2025-06-12 12:46:00,28010547195,3,我该如何是好？（Quid faciam？）,颂乐人偶,113831414073409,sakisakiko,sakisakiko
祥子is 369，木头人is 左手,1148.541,5,15138834,2025-05-06 00:20:05,28010547195,3,我该如何是好？（Quid faciam？）,颂乐人偶,113831414073409,is 369is,is 369is
哪里都有hcm（喜,1068.266,5,15138834,2025-04-06 22:06:49,28010547195,3,我该如何是好？（Quid faciam？）,颂乐人偶,113831414073409,hcm,hcm
man～,861.701,5,6830715,2025-04-06 18:25:34,28010547195,3,我该如何是好？（Quid faciam？）,颂乐人偶,113831414073409,man,man
fire bird,754.521,1,16777215,2026-04-21 22:51:30,28010547195,3,我该如何是好？（Quid faciam？）,颂乐人偶,113831414073409,fire bird,fire bird
Cos睦头没绷住,594.034,5,16777215,2026-04-13 22:28:59,28010547195,3,我该如何是好？（Quid faciam？）,颂乐人偶,113831414073409,Cos,Cos
海玲像layer（ky致歉？,544.291,1,16777215,2026-04-05 16:44:06,28010547195,3,我该如何是好？（Quid faciam？）,颂乐人偶,113831414073409,layerky,layerky
还有masking,556.594,1,16777215,2026-04-03 02:21:25,28010547195,3,我该如何是好？（Quid faciam？）,颂乐人偶,113831414073409,masking,masking
给人家整的Ptsd都犯了,1018.156,5,15772458,2026-04-01 01:54:55,28010547195,3,我该如何是好？（Quid faciam？）,颂乐人偶,113831414073409,Ptsd,Ptsd
roselia也来辣,752.811,1,16777215,2026-03-29 16:51:52,28010547195,3,我该如何是好？（Quid faciam？）,颂乐人偶,113831414073409,roselia,roselia
真：《Fire Bird》,763.143,1,16777215,2026-03-24 11:05:16,28010547195,3,我该如何是好？（Quid faciam？）,颂乐人偶,113831414073409,Fire Bird,Fire Bird
i睦tv,1173.032,1,16777215,2026-03-17 22:17:36,28010547195,3,我该如何是好？（Quid faciam？）,颂乐人偶,113831414073409,itv,itv
噶~jiao~塞~,1242.47,1,16777215,2026-03-12 23:20:14,28010547195,3,我该如何是好？（Quid faciam？）,颂乐人偶,113831414073409,jiao,jiao
RAS,544.936,5,16777215,2026-02-28 16:39:43,28010547195,3,我该如何是好？（Quid faciam？）,颂乐人偶,113831414073409,RAS,RAS
gogogo,1162.559,1,16777215,2026-02-28 14:00:11,28010547195,3,我该如何是好？（Quid faciam？）,颂乐人偶,113831414073409,gogogo,gogogo
Eva Mujica,438.13,1,16777215,2026-02-27 22:39:28,28010547195,3,我该如何是好？（Quid faciam？）,颂乐人偶,113831414073409,Eva Mujica,Eva Mujica
ptsd犯了,1020.991,1,16777215,2026-02-27 13:30:53,28010547195,3,我该如何是好？（Quid faciam？）,颂乐人偶,113831414073409,ptsd,ptsd
TAT,1035.405,1,41194,2026-02-25 12:09:23,28010547195,3,我该如何是好？（Quid faciam？）,颂乐人偶,113831414073409,TAT,TAT
E5系！,1062.104,5,38979,2026-02-21 14:02:02,28010547195,3,我该如何是好？（Quid faciam？）,颂乐人偶,113831414073409,E5,E5
mana:666,489.902,1,16777215,2026-02-19 12:27:47,28010547195,3,我该如何是好？（Quid faciam？）,颂乐人偶,113831414073409,mana666,mana666
猫自己solo去呗,930.865,1,16777215,2026-02-18 21:13:46,28010547195,3,我该如何是好？（Quid faciam？）,颂乐人偶,113831414073409,solo,solo
惊为天人的call back,1041.784,5,16777215,2026-02-18 20:51:26,28010547195,3,我该如何是好？（Quid faciam？）,颂乐人偶,113831414073409,call back,call back
妈妈！layer!是layer！,539.769,1,16777215,2026-02-18 00:20:49,28010547195,3,我该如何是好？（Quid faciam？）,颂乐人偶,113831414073409,layerlayer,layerlayer
lay！！！,528.953,5,11890,2026-02-16 00:30:52,28010547195,3,我该如何是好？（Quid faciam？）,颂乐人偶,113831414073409,lay,lay
同意Y(^_^)Y,776.0,1,15138834,2026-02-15 21:07:09,28010547195,3,我该如何是好？（Quid faciam？）,颂乐人偶,113831414073409,YY,YY
你知道吗，这其实是一个klkldkdk的少女乐队番,1251.206,1,16777215,2026-02-10 15:21:15,28010547195,3,我该如何是好？（Quid faciam？）,颂乐人偶,113831414073409,klkldkdk,klkldkdk
喵梦1v3,1012.669,1,16777215,2026-02-10 15:15:55,28010547195,3,我该如何是好？（Quid faciam？）,颂乐人偶,113831414073409,1v3,1v3
ping：999,645.607,1,16777215,2026-02-06 22:35:22,28010547195,3,我该如何是好？（Quid faciam？）,颂乐人偶,113831414073409,ping999,ping999
麻烦大家把祥子尽力了，睦头CBA打在弹幕上,1149.244,1,16777215,2026-01-31 22:51:11,28010547195,3,我该如何是好？（Quid faciam？）,颂乐人偶,113831414073409,CBA,CBA
你只是想进步而已，她们在玩一种新的play啊,713.27,1,16777215,2026-01-27 16:55:52,28010547195,3,我该如何是好？（Quid faciam？）,颂乐人偶,113831414073409,play,play
祥子公私分明，工作上能hold住全场，一直怪罪祥子压力也是绝了，上过班吗我请问了,500.364,1,16777215,2026-01-22 11:38:25,28010547195,3,我该如何是好？（Quid faciam？）,颂乐人偶,113831414073409,hold,hold
Layer！！,528.159,5,38979,2026-01-21 15:29:55,28010547195,3,我该如何是好？（Quid faciam？）,颂乐人偶,113831414073409,Layer,Layer
hide,876.188,5,16777215,2026-01-16 03:21:47,28010547195,3,我该如何是好？（Quid faciam？）,颂乐人偶,113831414073409,hide,hide
ping：999      pl：100%,635.377,5,15138834,2026-01-07 13:42:52,28010547195,3,我该如何是好？（Quid faciam？）,颂乐人偶,113831414073409,ping999      pl100,ping999 pl100
马笔tv,257.263,1,16777215,2025-12-28 12:29:34,28010547195,3,我该如何是好？（Quid faciam？）,颂乐人偶,113831414073409,tv,tv
O N E N E S S,1218.445,5,41194,2025-12-28 10:55:39,28010547195,3,我该如何是好？（Quid faciam？）,颂乐人偶,113831414073409,O N E N E S S,O N E N E S S
CHU²：？,551.435,1,16777215,2025-12-26 23:49:32,28010547195,3,我该如何是好？（Quid faciam？）,颂乐人偶,113831414073409,CHU,CHU
monster？,1255.477,1,16777215,2025-12-24 14:33:59,28010547195,3,我该如何是好？（Quid faciam？）,颂乐人偶,113831414073409,monster,monster
AveMujica为什么执着于这个框架呢,975.024,5,16777215,2025-12-21 16:40:04,28010547195,3,我该如何是好？（Quid faciam？）,颂乐人偶,113831414073409,AveMujica,AveMujica
上行被pcdn限速力（,579.95,1,16777215,2025-12-12 12:06:45,28010547195,3,我该如何是好？（Quid faciam？）,颂乐人偶,113831414073409,pcdn,pcdn
Fire bird也来了,757.225,1,16777215,2025-12-08 16:01:39,28010547195,3,我该如何是好？（Quid faciam？）,颂乐人偶,113831414073409,Fire bird,Fire bird
这样睦子米内心更emo了,1185.673,1,16777215,2025-12-07 01:00:02,28010547195,3,我该如何是好？（Quid faciam？）,颂乐人偶,113831414073409,emo,emo
m fy,302.76,1,16777215,2025-11-25 22:33:17,28010547195,3,我该如何是好？（Quid faciam？）,颂乐人偶,113831414073409,m fy,m fy
o(>﹏<)o不要啊,1210.364,1,16777215,2025-11-18 12:34:16,28010547195,3,我该如何是好？（Quid faciam？）,颂乐人偶,113831414073409,oo,oo
《Crychic》《Sumimi》,990.471,5,16777215,2025-11-13 21:38:45,28010547195,3,我该如何是好？（Quid faciam？）,颂乐人偶,113831414073409,CrychicSumimi,CrychicSumimi
与CRYCHIC解散时的情景重合了 睦子米害怕mujica也会解散,1033.792,1,16777215,2025-11-09 14:08:33,28010547195,3,我该如何是好？（Quid faciam？）,颂乐人偶,113831414073409,CRYCHIC mujica,CRYCHIC mujica
还在mujica，还在压力，cs祥,1136.886,1,16777215,2025-11-07 03:51:33,28010547195,3,我该如何是好？（Quid faciam？）,颂乐人偶,113831414073409,mujicacs,mujicacs
sillyface,371.354,1,16777215,2025-10-16 19:04:31,28010547195,3,我该如何是好？（Quid faciam？）,颂乐人偶,113831414073409,sillyface,sillyface
hhhhhh,580.157,1,16777215,2025-10-09 18:09:44,28010547195,3,我该如何是好？（Quid faciam？）,颂乐人偶,113831414073409,hhhhhh,hhhhhh
crychuku,701.69,1,16777215,2025-10-08 05:49:07,28010547195,3,我该如何是好？（Quid faciam？）,颂乐人偶,113831414073409,crychuku,crychuku
yinakong,1227.344,1,16777215,2025-10-07 20:38:41,28010547195,3,我该如何是好？（Quid faciam？）,颂乐人偶,113831414073409,yinakong,yinakong
我有一计，为什么要演奏KILLKISS,1052.435,1,16777215,2025-10-05 19:08:33,28010547195,3,我该如何是好？（Quid faciam？）,颂乐人偶,113831414073409,KILLKISS,KILLKISS
king,552.948,5,16707842,2025-10-03 14:17:05,28010547195,3,我该如何是好？（Quid faciam？）,颂乐人偶,113831414073409,king,king
笑传之烤烤bird,779.937,1,16777215,2025-09-24 11:55:42,28010547195,3,我该如何是好？（Quid faciam？）,颂乐人偶,113831414073409,bird,bird
马萨ki马萨ki,570.24,1,16777215,2025-09-19 11:26:43,28010547195,3,我该如何是好？（Quid faciam？）,颂乐人偶,113831414073409,kiki,kiki
ras！ras！ras！,531.581,1,16777215,2025-09-18 19:59:25,28010547195,3,我该如何是好？（Quid faciam？）,颂乐人偶,113831414073409,rasrasras,rasrasras
忽然想打火鸟FULL了,766.881,1,6830715,2025-09-17 19:21:38,28010547195,3,我该如何是好？（Quid faciam？）,颂乐人偶,113831414073409,FULL,FULL
WC，cs啊,823.343,1,16777215,2025-09-14 22:48:56,28010547195,3,我该如何是好？（Quid faciam？）,颂乐人偶,113831414073409,WCcs,WCcs
这个是lv的贝壳包啊,867.086,1,16777215,2025-09-06 18:09:57,28010547195,3,我该如何是好？（Quid faciam？）,颂乐人偶,113831414073409,lv,lv
不是，这是什么revue开演了,265.304,1,16777215,2025-09-03 15:44:54,28010547195,3,我该如何是好？（Quid faciam？）,颂乐人偶,113831414073409,revue,revue
楼上说的对，这几个人去开Eva，AT力场强得使徒见了都要跑,427.94,1,16777215,2025-09-03 14:13:11,28010547195,3,我该如何是好？（Quid faciam？）,颂乐人偶,113831414073409,EvaAT,EvaAT
rela挤眼是吧,650.746,1,16777215,2025-08-31 16:04:36,28010547195,3,我该如何是好？（Quid faciam？）,颂乐人偶,113831414073409,rela,rela
"mortis, the mortal(",444.58,1,16777215,2025-08-30 21:47:42,28010547195,3,我该如何是好？（Quid faciam？）,颂乐人偶,113831414073409,mortis the mortal,mortis the mortal
HHH,182.838,1,16777215,2025-08-30 00:32:53,28010547195,3,我该如何是好？（Quid faciam？）,颂乐人偶,113831414073409,HHH,HHH
ONENESS,1236.345,1,16777215,2025-08-29 06:13:25,28010547195,3,我该如何是好？（Quid faciam？）,颂乐人偶,113831414073409,ONENESS,ONENESS
高松灯Pro,435.884,1,16777215,2025-08-25 00:25:43,28010547195,3,我该如何是好？（Quid faciam？）,颂乐人偶,113831414073409,Pro,Pro
还是win10,602.009,1,16777215,2025-08-24 20:41:59,28010547195,3,我该如何是好？（Quid faciam？）,颂乐人偶,113831414073409,win10,win10
mortise来了,319.586,1,16777215,2025-08-14 11:27:37,28010547195,3,我该如何是好？（Quid faciam？）,颂乐人偶,113831414073409,mortise,mortise
"睦没意见,m不一定awa",980.309,1,9487136,2025-08-10 15:53:02,28010547195,3,我该如何是好？（Quid faciam？）,颂乐人偶,113831414073409,mawa,mawa
2v2爆杀,1025.189,1,16777215,2025-08-10 01:41:14,28010547195,3,我该如何是好？（Quid faciam？）,颂乐人偶,113831414073409,2v2,2v2
站起来mio,629.635,1,16777215,2025-08-09 17:17:27,28010547195,3,我该如何是好？（Quid faciam？）,颂乐人偶,113831414073409,mio,mio
唯一没中催眠apo的人类belike：,157.937,5,16777215,2025-01-23 22:01:52,28012514214,4,演出已然落幕。（Acta est fabula.）,颂乐人偶,113870790198623,apobelike,apobelike
回旋镖X5,1190.695,1,16777215,2025-01-23 22:21:10,28012514214,4,演出已然落幕。（Acta est fabula.）,颂乐人偶,113870790198623,X5,X5
mortis跟装了一个mujica语音包一样,1188.713,1,16777215,2025-01-23 22:21:00,28012514214,4,演出已然落幕。（Acta est fabula.）,颂乐人偶,113870790198623,mortismujica,mortismujica
当mujica成员说话只能用对方语音包be  like,218.697,5,41194,2025-01-30 22:45:01,28012514214,4,演出已然落幕。（Acta est fabula.）,颂乐人偶,113870790198623,mujicabe  like,mujicabe like
不是大祥还没注意到睦头叫她sakiko酱而不是saki吗,784.711,5,16777215,2025-01-23 22:22:21,28012514214,4,演出已然落幕。（Acta est fabula.）,颂乐人偶,113870790198623,sakikosaki,sakikosaki
乐团少女少有的美好家庭（bushi）,658.384,5,16707842,2025-01-23 22:15:00,28012514214,4,演出已然落幕。（Acta est fabula.）,颂乐人偶,113870790198623,bushi,bushi
"EVA,EVA,EVA",1375.045,5,16777215,2025-01-23 22:43:14,28012514214,4,演出已然落幕。（Acta est fabula.）,颂乐人偶,113870790198623,EVAEVAEVA,EVAEVAEVA
ANON又来打工了,712.816,5,16777215,2025-01-23 22:14:48,28012514214,4,演出已然落幕。（Acta est fabula.）,颂乐人偶,113870790198623,ANON,ANON
猫没有ooc好吗，他是真正为木头人演技没有发挥到真正的地方而惋惜,1261.757,5,14811775,2025-08-24 18:57:35,28012514214,4,演出已然落幕。（Acta est fabula.）,颂乐人偶,113870790198623,ooc,ooc
这里说“反了”，应该是因为大家都认同mujica作为一个乐队存在，但墨提斯却只有出色的演技。所以大家想要解散就是因为墨提斯弹不了吉他让mujica无法作为乐队存在。,1227.258,1,16777215,2025-08-14 23:47:11,28012514214,4,演出已然落幕。（Acta est fabula.）,颂乐人偶,113870790198623,“”mujicamujica,“ ” mujicamujica
聪明的Timoris女士,445.756,5,15138834,2025-06-30 01:01:28,28012514214,4,演出已然落幕。（Acta est fabula.）,颂乐人偶,113870790198623,Timoris,Timoris
这是啥啊ksm救一下啊ksm快唱小星星（）,945.835,1,16777215,2026-02-20 20:18:18,28012514214,4,演出已然落幕。（Acta est fabula.）,颂乐人偶,113870790198623,ksmksm,ksmksm
补药啊，还我睦子米QWQ,942.308,5,16777215,2025-10-12 03:06:36,28012514214,4,演出已然落幕。（Acta est fabula.）,颂乐人偶,113870790198623,QWQ,QWQ
中止nima（幻听）,1031.758,5,2039347,2025-07-11 16:30:13,28012514214,4,演出已然落幕。（Acta est fabula.）,颂乐人偶,113870790198623,nima,nima
LCD屏，全黑也有光,691.983,5,16777215,2026-03-18 17:56:48,28012514214,4,演出已然落幕。（Acta est fabula.）,颂乐人偶,113870790198623,LCD,LCD
S0Y0:你哪位？,18.651,5,16777215,2026-03-14 16:48:58,28012514214,4,演出已然落幕。（Acta est fabula.）,颂乐人偶,113870790198623,S0Y0,S0Y0
这里几乎有c团5个人的影子,1177.17,5,16777215,2026-03-03 00:21:18,28012514214,4,演出已然落幕。（Acta est fabula.）,颂乐人偶,113870790198623,c5,c5
soyo前脚对木头哈完气，后面看到木头这么反常，soyo的心理活动应该很混乱了,34.132,5,16777215,2026-02-18 00:05:21,28012514214,4,演出已然落幕。（Acta est fabula.）,颂乐人偶,113870790198623,soyosoyo,soyosoyo
这是band dream了吗？,80.117,5,15138834,2026-02-16 00:27:14,28012514214,4,演出已然落幕。（Acta est fabula.）,颂乐人偶,113870790198623,band dream,band dream
东京喰ca！（大惊）,918.109,1,16777215,2025-12-27 22:14:15,28012514214,4,演出已然落幕。（Acta est fabula.）,颂乐人偶,113870790198623,ca,ca
其实和睦头很熟的只有祥子和soyo，她俩都发现了，其他人根本不知道哪个状态的睦头是“正常”的,320.918,5,16777215,2025-12-24 15:46:04,28012514214,4,演出已然落幕。（Acta est fabula.）,颂乐人偶,113870790198623,soyo“”,soyo “ ”
虽然被夺舍了，但睦别退，我把刘涛aw给你,842.645,1,16777215,2025-11-18 12:50:53,28012514214,4,演出已然落幕。（Acta est fabula.）,颂乐人偶,113870790198623,aw,aw
here is 墨提斯,989.023,1,16777215,2025-11-11 20:31:28,28012514214,4,演出已然落幕。（Acta est fabula.）,颂乐人偶,113870790198623,here is,here is
thank you，若叶睦,1111.607,5,15138834,2025-10-20 11:31:09,28012514214,4,演出已然落幕。（Acta est fabula.）,颂乐人偶,113870790198623,thank you,thank you
Demon1,381.485,5,41194,2025-10-20 11:19:29,28012514214,4,演出已然落幕。（Acta est fabula.）,颂乐人偶,113870790198623,Demon1,Demon1
我去这集好多名场面hhhhhhh,1013.801,1,16777215,2025-10-13 03:01:18,28012514214,4,演出已然落幕。（Acta est fabula.）,颂乐人偶,113870790198623,hhhhhhh,hhhhhhh
一瞬间的taki,1227.716,1,15138834,2025-10-06 22:56:49,28012514214,4,演出已然落幕。（Acta est fabula.）,颂乐人偶,113870790198623,taki,taki
方言指导：tama,627.444,1,16777215,2025-09-29 22:07:41,28012514214,4,演出已然落幕。（Acta est fabula.）,颂乐人偶,113870790198623,tama,tama
ISW-DF 别无所求,941.814,5,16777215,2025-08-31 17:15:35,28012514214,4,演出已然落幕。（Acta est fabula.）,颂乐人偶,113870790198623,ISWDF,ISWDF
再一次震撼soyo300年,14.418,5,16777215,2025-08-14 22:29:35,28012514214,4,演出已然落幕。（Acta est fabula.）,颂乐人偶,113870790198623,soyo300,soyo300
EVAmujica,912.133,1,16777215,2025-08-13 19:57:51,28012514214,4,演出已然落幕。（Acta est fabula.）,颂乐人偶,113870790198623,EVAmujica,EVAmujica
twistzz来了,1116.498,1,16777215,2025-07-31 00:34:37,28012514214,4,演出已然落幕。（Acta est fabula.）,颂乐人偶,113870790198623,twistzz,twistzz
但其实喵已经算普通人top了，一个人能做到这个程度很厉害了,621.886,1,16777215,2025-07-06 22:38:38,28012514214,4,演出已然落幕。（Acta est fabula.）,颂乐人偶,113870790198623,top,top
Re0,937.285,1,6830715,2025-06-30 16:50:43,28012514214,4,演出已然落幕。（Acta est fabula.）,颂乐人偶,113870790198623,Re0,Re0
chu：没录音你玩你冯乐队呢,1038.383,5,14811775,2026-05-02 13:33:18,28012514214,4,演出已然落幕。（Acta est fabula.）,颂乐人偶,113870790198623,chu,chu
这xx话确实是事实，但是它就不该这会对祥子说，更不该由喵梦说出来,1109.953,1,16777215,2026-04-22 04:11:48,28012514214,4,演出已然落幕。（Acta est fabula.）,颂乐人偶,113870790198623,xx,xx
huh？,640.943,1,16777215,2026-04-15 11:40:47,28012514214,4,演出已然落幕。（Acta est fabula.）,颂乐人偶,113870790198623,huh,huh
gegege：wany,246.978,5,11890,2026-04-13 21:10:24,28012514214,4,演出已然落幕。（Acta est fabula.）,颂乐人偶,113870790198623,gegegewany,gegegewany
mortis成功的让她的关系网变密集 但mortis顶号却让祥子很陌生,226.642,1,16777215,2026-04-06 18:11:50,28012514214,4,演出已然落幕。（Acta est fabula.）,颂乐人偶,113870790198623,mortis mortis,mortis mortis
paspale:这我熟,1038.693,1,16777215,2026-04-04 13:16:16,28012514214,4,演出已然落幕。（Acta est fabula.）,颂乐人偶,113870790198623,paspale,paspale
骇死我了这什么表情！小睦快回来啊qwq,933.138,1,16777215,2026-04-01 23:58:34,28012514214,4,演出已然落幕。（Acta est fabula.）,颂乐人偶,113870790198623,qwq,qwq
haixi,954.99,1,16777215,2026-03-29 23:31:11,28012514214,4,演出已然落幕。（Acta est fabula.）,颂乐人偶,113870790198623,haixi,haixi
代称从she/her变they/them了（悲）,34.173,1,9487136,2026-03-20 23:17:04,28012514214,4,演出已然落幕。（Acta est fabula.）,颂乐人偶,113870790198623,shehertheythem,shehertheythem
这个和sakj没关系啊,1098.093,1,16777215,2026-03-15 20:47:05,28012514214,4,演出已然落幕。（Acta est fabula.）,颂乐人偶,113870790198623,sakj,sakj
mortis：ooc致歉,526.79,1,9487136,2026-03-13 00:07:08,28012514214,4,演出已然落幕。（Acta est fabula.）,颂乐人偶,113870790198623,mortisooc,mortisooc
这个眼神，这种感觉，像极了高智能方程式zero里的安尼,1184.862,1,16777215,2026-03-08 02:38:12,28012514214,4,演出已然落幕。（Acta est fabula.）,颂乐人偶,113870790198623,zero,zero
这猫纯cs，正宗cs,1139.736,1,16777215,2026-03-07 16:26:19,28012514214,4,演出已然落幕。（Acta est fabula.）,颂乐人偶,113870790198623,cscs,cscs
soyo的cpu要烧了,27.098,1,16777215,2026-03-04 23:35:54,28012514214,4,演出已然落幕。（Acta est fabula.）,颂乐人偶,113870790198623,soyocpu,soyocpu
睦叫祥子是叫saki不是叫Sakik,809.65,1,16777215,2026-03-03 21:24:33,28012514214,4,演出已然落幕。（Acta est fabula.）,颂乐人偶,113870790198623,sakiSakik,sakiSakik
ezzz,400.024,1,16777215,2026-02-25 16:06:25,28012514214,4,演出已然落幕。（Acta est fabula.）,颂乐人偶,113870790198623,ezzz,ezzz
1V4,250.41,1,16777215,2026-02-22 22:14:46,28012514214,4,演出已然落幕。（Acta est fabula.）,颂乐人偶,113870790198623,1V4,1V4
《Eva mujica》,588.839,5,15138834,2026-02-15 21:07:46,28012514214,4,演出已然落幕。（Acta est fabula.）,颂乐人偶,113870790198623,Eva mujica,Eva mujica
here's mortis！！！,1003.04,5,15138834,2026-02-14 12:46:20,28012514214,4,演出已然落幕。（Acta est fabula.）,颂乐人偶,113870790198623,heres mortis,heres mortis
睦头可能得DID了,137.895,5,15138834,2026-02-13 14:52:42,28012514214,4,演出已然落幕。（Acta est fabula.）,颂乐人偶,113870790198623,DID,DID
还有TNO,801.36,1,16777215,2026-02-13 00:08:55,28012514214,4,演出已然落幕。（Acta est fabula.）,颂乐人偶,113870790198623,TNO,TNO
墨提斯不想死jpj,1161.154,1,16777215,2026-02-11 19:54:57,28012514214,4,演出已然落幕。（Acta est fabula.）,颂乐人偶,113870790198623,jpj,jpj
soya上身了,331.97,1,16777215,2026-02-11 19:48:30,28012514214,4,演出已然落幕。（Acta est fabula.）,颂乐人偶,113870790198623,soya,soya
我现在能想到的唯一办法就是让哈弗克重现，用re link就,879.713,5,16777215,2026-02-11 14:35:24,28012514214,4,演出已然落幕。（Acta est fabula.）,颂乐人偶,113870790198623,re link,re link
不是就算没喵的家人喵也会这么说啊其他人考虑过fans感受吗,1090.224,1,16777215,2026-02-08 20:10:56,28012514214,4,演出已然落幕。（Acta est fabula.）,颂乐人偶,113870790198623,fans,fans
hahaha,223.617,1,16777215,2026-02-04 19:23:56,28012514214,4,演出已然落幕。（Acta est fabula.）,颂乐人偶,113870790198623,hahaha,hahaha
那你就说她是不是带你最速武道馆了？gou叫的玩意,1144.271,1,16777215,2026-01-31 21:44:46,28012514214,4,演出已然落幕。（Acta est fabula.）,颂乐人偶,113870790198623,gou,gou
ptsd，c团解散时的雨天,1283.909,1,16777215,2026-01-29 15:40:18,28012514214,4,演出已然落幕。（Acta est fabula.）,颂乐人偶,113870790198623,ptsdc,ptsdc
soyo吃惊 soyo害怕 soyo呆滞,27.66,1,16777215,2026-01-26 14:35:10,28012514214,4,演出已然落幕。（Acta est fabula.）,颂乐人偶,113870790198623,soyo soyo soyo,soyo soyo soyo
bonfire说的对,896.464,5,15138834,2026-01-24 18:57:54,28012514214,4,演出已然落幕。（Acta est fabula.）,颂乐人偶,113870790198623,bonfire,bonfire
sos,395.528,1,16777215,2026-01-22 21:17:25,28012514214,4,演出已然落幕。（Acta est fabula.）,颂乐人偶,113870790198623,sos,sos
uikaちゃん？什么时候？,244.287,5,16777215,2026-01-21 15:53:13,28012514214,4,演出已然落幕。（Acta est fabula.）,颂乐人偶,113870790198623,uika,uika
这里的语调和ccc的祥一样的,216.499,5,41194,2026-01-21 15:51:31,28012514214,4,演出已然落幕。（Acta est fabula.）,颂乐人偶,113870790198623,ccc,ccc
saki这个c位本该是你的,506.86,1,16777215,2026-01-16 03:59:42,28012514214,4,演出已然落幕。（Acta est fabula.）,颂乐人偶,113870790198623,sakic,sakic
hdd吗,889.808,5,16777215,2026-01-10 19:31:06,28012514214,4,演出已然落幕。（Acta est fabula.）,颂乐人偶,113870790198623,hdd,hdd
“mujica的歌我不会”并非玩笑,722.508,1,16777215,2026-01-10 15:00:23,28012514214,4,演出已然落幕。（Acta est fabula.）,颂乐人偶,113870790198623,“mujica”,“ mujica ”
寂静岭pt既视感,993.103,1,16777215,2026-01-05 01:29:22,28012514214,4,演出已然落幕。（Acta est fabula.）,颂乐人偶,113870790198623,pt,pt
way,246.39,1,16777215,2025-12-30 12:54:23,28012514214,4,演出已然落幕。（Acta est fabula.）,颂乐人偶,113870790198623,way,way
等等这个位置，这个动作，这个表情。呜呜呜X﹏X可怜的木子米,506.006,1,16777215,2025-12-23 21:18:06,28012514214,4,演出已然落幕。（Acta est fabula.）,颂乐人偶,113870790198623,XX,XX
INFP被压力到影子人格ENFJ觉醒出来解决问题了,133.418,5,16646914,2025-12-08 18:21:10,28012514214,4,演出已然落幕。（Acta est fabula.）,颂乐人偶,113870790198623,INFPENFJ,INFPENFJ
可爱wwwwwww,605.597,1,16777215,2025-12-04 20:26:18,28012514214,4,演出已然落幕。（Acta est fabula.）,颂乐人偶,113870790198623,wwwwwww,wwwwwww
donk,380.559,1,16777215,2025-11-26 06:07:52,28012514214,4,演出已然落幕。（Acta est fabula.）,颂乐人偶,113870790198623,donk,donk
好温馨wwwww,674.256,1,16777215,2025-11-21 12:19:46,28012514214,4,演出已然落幕。（Acta est fabula.）,颂乐人偶,113870790198623,wwwww,wwwww
DONK,383.738,1,16777215,2025-11-19 23:31:34,28012514214,4,演出已然落幕。（Acta est fabula.）,颂乐人偶,113870790198623,DONK,DONK
sugoi,288.509,1,16777215,2025-11-19 20:45:55,28012514214,4,演出已然落幕。（Acta est fabula.）,颂乐人偶,113870790198623,sugoi,sugoi
soyo：一定是外G,29.153,1,16777215,2025-11-15 19:52:44,28012514214,4,演出已然落幕。（Acta est fabula.）,颂乐人偶,113870790198623,soyoG,soyoG
bad end,1381.181,5,15138834,2025-11-03 23:40:39,28012514214,4,演出已然落幕。（Acta est fabula.）,颂乐人偶,113870790198623,bad end,bad end
变成了y nw mally,883.822,1,16777215,2025-10-23 01:56:31,28012514214,4,演出已然落幕。（Acta est fabula.）,颂乐人偶,113870790198623,y nw mally,y nw mally
Ave Mujika,287.762,1,16777215,2025-10-22 21:57:45,28012514214,4,演出已然落幕。（Acta est fabula.）,颂乐人偶,113870790198623,Ave Mujika,Ave Mujika
out哈哈,160.633,1,16777215,2025-10-19 00:36:19,28012514214,4,演出已然落幕。（Acta est fabula.）,颂乐人偶,113870790198623,out,out
最尊重ave mujika世界观的人,204.054,1,16777215,2025-10-16 23:29:31,28012514214,4,演出已然落幕。（Acta est fabula.）,颂乐人偶,113870790198623,ave mujika,ave mujika
哇，还有vocloid,1040.624,1,16777215,2025-10-14 12:18:39,28012514214,4,演出已然落幕。（Acta est fabula.）,颂乐人偶,113870790198623,vocloid,vocloid
放gpm,1040.103,1,16777215,2025-10-10 20:03:19,28012514214,4,演出已然落幕。（Acta est fabula.）,颂乐人偶,113870790198623,gpm,gpm
Way?,246.584,1,16777215,2025-10-10 15:52:25,28012514214,4,演出已然落幕。（Acta est fabula.）,颂乐人偶,113870790198623,Way,Way
anno：我会C和弦！,744.601,1,16777215,2025-10-05 21:00:13,28012514214,4,演出已然落幕。（Acta est fabula.）,颂乐人偶,113870790198623,annoC,annoC
我是来看Kirakira的乐队番的啊喂!,999.593,5,15138834,2025-10-04 02:07:24,28012514214,4,演出已然落幕。（Acta est fabula.）,颂乐人偶,113870790198623,Kirakira,Kirakira
初华：无所谓，mujica没解散就ok,182.467,1,16777215,2025-09-30 15:59:40,28012514214,4,演出已然落幕。（Acta est fabula.）,颂乐人偶,113870790198623,mujicaok,mujicaok
可能不算kirakira，但是不dokidoki吗？吓得dokidoki,938.834,1,16777215,2025-09-29 22:17:16,28012514214,4,演出已然落幕。（Acta est fabula.）,颂乐人偶,113870790198623,kirakiradokidokidokidoki,kirakiradokidokidokidoki
是心！kkr没被ban（bushi,536.504,1,16777215,2025-01-30 22:06:12,28088928881,5,"舍既成之本，逐未竟之业。(Facta fagis, facienda petis.)",颂乐人偶,113892617356588,kkrbanbushi,kkrbanbushi
woc了这句“交给我吧”超级有安全感啊啊啊 圣爱音！！！,1089.513,5,14811775,2025-01-31 00:12:34,28088928881,5,"舍既成之本，逐未竟之业。(Facta fagis, facienda petis.)",颂乐人偶,113892617356588,woc“”,“ ”
anon tokyo(粉色闪光)-飞雷神二段：已就绪,1089.422,5,13369971,2025-01-30 22:59:40,28088928881,5,"舍既成之本，逐未竟之业。(Facta fagis, facienda petis.)",颂乐人偶,113892617356588,anon tokyo,anon tokyo
刀战选边怎么有AWP的声音,1067.676,5,16777215,2025-08-08 17:20:34,28088928881,5,"舍既成之本，逐未竟之业。(Facta fagis, facienda petis.)",颂乐人偶,113892617356588,AWP,AWP
那你dasiki,351.445,1,16777215,2025-05-02 23:04:32,28088928881,5,"舍既成之本，逐未竟之业。(Facta fagis, facienda petis.)",颂乐人偶,113892617356588,dasiki,dasiki
anon：666合计着为这事啊我天,1217.166,5,14811775,2025-10-03 22:07:55,28088928881,5,"舍既成之本，逐未竟之业。(Facta fagis, facienda petis.)",颂乐人偶,113892617356588,anon666,anon666
Ring:赎罪教堂,904.527,5,16777215,2026-03-01 01:10:34,28088928881,5,"舍既成之本，逐未竟之业。(Facta fagis, facienda petis.)",颂乐人偶,113892617356588,Ring,Ring
mujica真得go团来拯救吧,1323.13,1,16777215,2025-08-31 14:16:59,28088928881,5,"舍既成之本，逐未竟之业。(Facta fagis, facienda petis.)",颂乐人偶,113892617356588,mujicago,mujicago
OB一串字母,893.995,5,16777215,2025-08-28 23:00:50,28088928881,5,"舍既成之本，逐未竟之业。(Facta fagis, facienda petis.)",颂乐人偶,113892617356588,OB,OB
AAA客服软糯小祥,293.476,5,16777215,2025-08-28 22:42:35,28088928881,5,"舍既成之本，逐未竟之业。(Facta fagis, facienda petis.)",颂乐人偶,113892617356588,AAA,AAA
题干上x的范围应该是0到2π的闭区间,362.79,1,16777215,2025-08-10 23:06:08,28088928881,5,"舍既成之本，逐未竟之业。(Facta fagis, facienda petis.)",颂乐人偶,113892617356588,x02,x02
这里立希喝的苦咖啡和ed海铃包里的是同款,906.573,5,16777215,2025-07-10 16:37:55,28088928881,5,"舍既成之本，逐未竟之业。(Facta fagis, facienda petis.)",颂乐人偶,113892617356588,ed,ed
爱音0.o,1216.725,1,16777215,2026-01-29 13:21:18,28088928881,5,"舍既成之本，逐未竟之业。(Facta fagis, facienda petis.)",颂乐人偶,113892617356588,0o,0o
gugugaga,1135.12,5,14811775,2026-01-20 18:56:35,28088928881,5,"舍既成之本，逐未竟之业。(Facta fagis, facienda petis.)",颂乐人偶,113892617356588,gugugaga,gugugaga
wjq,907.004,1,16777215,2025-12-27 19:33:57,28088928881,5,"舍既成之本，逐未竟之业。(Facta fagis, facienda petis.)",颂乐人偶,113892617356588,wjq,wjq
crythic老队员从始至终都不知道小祥发生了啥,1219.265,5,16777215,2025-11-16 11:48:42,28088928881,5,"舍既成之本，逐未竟之业。(Facta fagis, facienda petis.)",颂乐人偶,113892617356588,crythic,crythic
玩 机 器 machine,902.819,5,16777215,2025-10-24 17:45:56,28088928881,5,"舍既成之本，逐未竟之业。(Facta fagis, facienda petis.)",颂乐人偶,113892617356588,machine,machine
TGW 咕噜咕噜~,902.739,5,10197915,2025-10-14 21:50:11,28088928881,5,"舍既成之本，逐未竟之业。(Facta fagis, facienda petis.)",颂乐人偶,113892617356588,TGW,TGW
W~J~Q~Machine~~~,900.175,1,16777215,2025-09-23 08:55:24,28088928881,5,"舍既成之本，逐未竟之业。(Facta fagis, facienda petis.)",颂乐人偶,113892617356588,WJQMachine,WJQMachine
PA骗大,943.433,1,16777215,2025-09-14 22:51:21,28088928881,5,"舍既成之本，逐未竟之业。(Facta fagis, facienda petis.)",颂乐人偶,113892617356588,PA,PA
你是说，你家唯一的继承人大小姐闹变扭出走了几个月你就不认她了是吗owo,758.192,1,16777215,2025-09-07 13:20:09,28088928881,5,"舍既成之本，逐未竟之业。(Facta fagis, facienda petis.)",颂乐人偶,113892617356588,owo,owo
20秒钟让san值回满,902.544,1,16777215,2025-08-30 04:29:45,28088928881,5,"舍既成之本，逐未竟之业。(Facta fagis, facienda petis.)",颂乐人偶,113892617356588,20san,20san
她们现在大概是高二，rana是中考完,916.091,5,16777215,2025-08-25 13:05:23,28088928881,5,"舍既成之本，逐未竟之业。(Facta fagis, facienda petis.)",颂乐人偶,113892617356588,rana,rana
天然life,289.857,1,16777215,2025-08-24 23:34:33,28088928881,5,"舍既成之本，逐未竟之业。(Facta fagis, facienda petis.)",颂乐人偶,113892617356588,life,life
迈巴赫普尔曼 1500w,599.36,1,16777215,2025-08-16 14:01:44,28088928881,5,"舍既成之本，逐未竟之业。(Facta fagis, facienda petis.)",颂乐人偶,113892617356588,1500w,1500w
\O/\O/\O/\O/\O/,604.617,5,16777215,2025-07-30 22:12:46,28088928881,5,"舍既成之本，逐未竟之业。(Facta fagis, facienda petis.)",颂乐人偶,113892617356588,OOOOO,OOOOO
哦jio撒嘛就是哦jio撒嘛啊。。,623.472,1,16777215,2025-07-04 17:07:49,28088928881,5,"舍既成之本，逐未竟之业。(Facta fagis, facienda petis.)",颂乐人偶,113892617356588,jiojio,jiojio
只是cosplay而已,298.784,1,16777215,2025-06-18 15:51:17,28088928881,5,"舍既成之本，逐未竟之业。(Facta fagis, facienda petis.)",颂乐人偶,113892617356588,cosplay,cosplay
姥爷【moneylis】：我，无惧亏损,621.711,1,16777215,2025-05-25 02:16:43,28088928881,5,"舍既成之本，逐未竟之业。(Facta fagis, facienda petis.)",颂乐人偶,113892617356588,moneylis,moneylis
白祥已经死了，你选的嘛sir,985.757,1,16777215,2025-05-24 13:19:15,28088928881,5,"舍既成之本，逐未竟之业。(Facta fagis, facienda petis.)",颂乐人偶,113892617356588,sir,sir
mujica做了sumimi的路,177.775,5,38979,2025-05-05 10:35:56,28088928881,5,"舍既成之本，逐未竟之业。(Facta fagis, facienda petis.)",颂乐人偶,113892617356588,mujicasumimi,mujicasumimi
我不行了，anin酱好可爱,906.307,1,16777215,2026-04-26 21:27:38,28088928881,5,"舍既成之本，逐未竟之业。(Facta fagis, facienda petis.)",颂乐人偶,113892617356588,anin,anin
这段gif爱音就还是狠狠踢啊！,1075.892,1,16777215,2026-04-25 04:57:40,28088928881,5,"舍既成之本，逐未竟之业。(Facta fagis, facienda petis.)",颂乐人偶,113892617356588,gif,gif
倔强made很啦,711.399,5,9599289,2026-04-18 13:08:49,28088928881,5,"舍既成之本，逐未竟之业。(Facta fagis, facienda petis.)",颂乐人偶,113892617356588,made,made
hie,942.027,5,16777215,2026-04-16 22:36:31,28088928881,5,"舍既成之本，逐未竟之业。(Facta fagis, facienda petis.)",颂乐人偶,113892617356588,hie,hie
Witch,1359.854,1,16777215,2026-04-16 13:49:37,28088928881,5,"舍既成之本，逐未竟之业。(Facta fagis, facienda petis.)",颂乐人偶,113892617356588,Witch,Witch
爱音：wdfk你在说什么？！,1219.786,1,14811775,2026-04-15 23:39:10,28088928881,5,"舍既成之本，逐未竟之业。(Facta fagis, facienda petis.)",颂乐人偶,113892617356588,wdfk,wdfk
小心闪光！（K/O音）,72.464,1,16777215,2026-04-06 18:47:32,28088928881,5,"舍既成之本，逐未竟之业。(Facta fagis, facienda petis.)",颂乐人偶,113892617356588,KO,KO
那个穿西服打肽的就是个倒插门的管家，这个穿jk的才是正经丰川家主,620.699,1,16776960,2026-03-22 09:22:02,28088928881,5,"舍既成之本，逐未竟之业。(Facta fagis, facienda petis.)",颂乐人偶,113892617356588,jk,jk
灯dua郎桥,938.179,1,16777215,2026-03-22 08:01:23,28088928881,5,"舍既成之本，逐未竟之业。(Facta fagis, facienda petis.)",颂乐人偶,113892617356588,dua,dua
这里的hgm是啥,937.597,1,16777215,2026-03-15 09:43:03,28088928881,5,"舍既成之本，逐未竟之业。(Facta fagis, facienda petis.)",颂乐人偶,113892617356588,hgm,hgm
anon酱love！,897.026,5,14811775,2026-03-14 15:43:07,28088928881,5,"舍既成之本，逐未竟之业。(Facta fagis, facienda petis.)",颂乐人偶,113892617356588,anonlove,anonlove
旋转Mor马,153.731,5,38979,2026-03-13 00:28:36,28088928881,5,"舍既成之本，逐未竟之业。(Facta fagis, facienda petis.)",颂乐人偶,113892617356588,Mor,Mor
灯连上wifi了,1159.321,1,16777215,2026-03-03 14:32:32,28088928881,5,"舍既成之本，逐未竟之业。(Facta fagis, facienda petis.)",颂乐人偶,113892617356588,wifi,wifi
还真是eva，都是呃e，v，a三个字组成，一样的（,543.895,1,16777215,2026-02-23 20:28:27,28088928881,5,"舍既成之本，逐未竟之业。(Facta fagis, facienda petis.)",颂乐人偶,113892617356588,evaeva,evaeva
追逐指导：mzk,1093.981,5,16777215,2026-02-22 04:09:54,28088928881,5,"舍既成之本，逐未竟之业。(Facta fagis, facienda petis.)",颂乐人偶,113892617356588,mzk,mzk
 我用iPhone 5s跳不了,101.534,1,16777215,2026-02-21 22:04:14,28088928881,5,"舍既成之本，逐未竟之业。(Facta fagis, facienda petis.)",颂乐人偶,113892617356588,iPhone 5s,iPhone 5s
为什列车上午有WLAN？,764.706,5,16777215,2026-02-08 23:51:05,28088928881,5,"舍既成之本，逐未竟之业。(Facta fagis, facienda petis.)",颂乐人偶,113892617356588,WLAN,WLAN
你惊动了witch,1384.917,1,16777215,2026-02-04 22:39:59,28088928881,5,"舍既成之本，逐未竟之业。(Facta fagis, facienda petis.)",颂乐人偶,113892617356588,witch,witch
tadaima~,316.824,5,15138834,2026-01-29 01:22:01,28088928881,5,"舍既成之本，逐未竟之业。(Facta fagis, facienda petis.)",颂乐人偶,113892617356588,tadaima,tadaima
你是shaboi吗，咕咕嘎嘎，我问你你是shaboi吗！,1216.884,1,16777215,2026-01-28 06:17:40,28088928881,5,"舍既成之本，逐未竟之业。(Facta fagis, facienda petis.)",颂乐人偶,113892617356588,shaboishaboi,shaboishaboi
kim,1145.406,1,16777215,2026-01-10 22:52:51,28088928881,5,"舍既成之本，逐未竟之业。(Facta fagis, facienda petis.)",颂乐人偶,113892617356588,kim,kim
HTT！,404.448,5,16777215,2026-01-10 00:19:55,28088928881,5,"舍既成之本，逐未竟之业。(Facta fagis, facienda petis.)",颂乐人偶,113892617356588,HTT,HTT
kokoro）,539.489,1,16777215,2026-01-03 18:14:23,28088928881,5,"舍既成之本，逐未竟之业。(Facta fagis, facienda petis.)",颂乐人偶,113892617356588,kokoro,kokoro
niubi,1220.439,1,16777215,2025-12-24 01:15:22,28088928881,5,"舍既成之本，逐未竟之业。(Facta fagis, facienda petis.)",颂乐人偶,113892617356588,niubi,niubi
学院派NAVI这一块,856.19,1,16777215,2025-12-21 00:51:38,28088928881,5,"舍既成之本，逐未竟之业。(Facta fagis, facienda petis.)",颂乐人偶,113892617356588,NAVI,NAVI
ropz,805.887,1,16777215,2025-12-21 00:50:47,28088928881,5,"舍既成之本，逐未竟之业。(Facta fagis, facienda petis.)",颂乐人偶,113892617356588,ropz,ropz
去NIP了,718.694,1,16777215,2025-12-21 00:49:20,28088928881,5,"舍既成之本，逐未竟之业。(Facta fagis, facienda petis.)",颂乐人偶,113892617356588,NIP,NIP
我去演SUMIMI养你~,199.687,1,16777215,2025-12-16 23:07:04,28088928881,5,"舍既成之本，逐未竟之业。(Facta fagis, facienda petis.)",颂乐人偶,113892617356588,SUMIMI,SUMIMI
re：祥,727.553,1,16777215,2025-12-14 22:22:17,28088928881,5,"舍既成之本，逐未竟之业。(Facta fagis, facienda petis.)",颂乐人偶,113892617356588,re,re
zm,787.523,1,16777215,2025-12-04 01:36:47,28088928881,5,"舍既成之本，逐未竟之业。(Facta fagis, facienda petis.)",颂乐人偶,113892617356588,zm,zm
李子：a~mi re ma su,1390.988,5,16777215,2025-11-29 11:09:39,28088928881,5,"舍既成之本，逐未竟之业。(Facta fagis, facienda petis.)",颂乐人偶,113892617356588,ami re ma su,ami re ma su
pareo？,6.311,1,16777215,2025-11-20 13:01:39,28088928881,5,"舍既成之本，逐未竟之业。(Facta fagis, facienda petis.)",颂乐人偶,113892617356588,pareo,pareo
冰岛事件和g2的语音,237.628,1,16777215,2025-11-15 00:33:41,28088928881,5,"舍既成之本，逐未竟之业。(Facta fagis, facienda petis.)",颂乐人偶,113892617356588,g2,g2
莫得感情的雇佣兵xs,64.532,1,15772458,2025-11-08 21:09:30,28088928881,5,"舍既成之本，逐未竟之业。(Facta fagis, facienda petis.)",颂乐人偶,113892617356588,xs,xs
yq,731.588,1,16777215,2025-11-07 18:22:35,28088928881,5,"舍既成之本，逐未竟之业。(Facta fagis, facienda petis.)",颂乐人偶,113892617356588,yq,yq
Googleou,767.825,5,16777215,2025-11-06 23:02:03,28088928881,5,"舍既成之本，逐未竟之业。(Facta fagis, facienda petis.)",颂乐人偶,113892617356588,Googleou,Googleou
怎不坐 JR京浜東北線,512.413,5,9033215,2025-10-31 22:55:48,28088928881,5,"舍既成之本，逐未竟之业。(Facta fagis, facienda petis.)",颂乐人偶,113892617356588,JR,JR
谁教你的5AD阵容,69.365,1,16777215,2025-10-26 23:27:06,28088928881,5,"舍既成之本，逐未竟之业。(Facta fagis, facienda petis.)",颂乐人偶,113892617356588,5AD,5AD
prpr,407.423,5,9033215,2025-10-23 21:39:07,28088928881,5,"舍既成之本，逐未竟之业。(Facta fagis, facienda petis.)",颂乐人偶,113892617356588,prpr,prpr
Qixiaole,1219.87,1,16777215,2025-10-22 23:58:49,28088928881,5,"舍既成之本，逐未竟之业。(Facta fagis, facienda petis.)",颂乐人偶,113892617356588,Qixiaole,Qixiaole
高中范围的数学三角函数部分暂且只需要考虑的2pi就足够用了,362.85,1,16777215,2025-10-18 22:49:50,28088928881,5,"舍既成之本，逐未竟之业。(Facta fagis, facienda petis.)",颂乐人偶,113892617356588,2pi,2pi
这还是kirakira吗,1368.099,1,16777215,2025-10-17 00:29:13,28088928881,5,"舍既成之本，逐未竟之业。(Facta fagis, facienda petis.)",颂乐人偶,113892617356588,kirakira,kirakira
BJD不要晒太阳……,1211.694,1,16777215,2025-10-15 02:44:48,28088928881,5,"舍既成之本，逐未竟之业。(Facta fagis, facienda petis.)",颂乐人偶,113892617356588,BJD,BJD
直奔BOSS房的素世,1312.755,1,16777215,2025-10-09 02:42:34,28088928881,5,"舍既成之本，逐未竟之业。(Facta fagis, facienda petis.)",颂乐人偶,113892617356588,BOSS,BOSS
anon太难了，灯都不理anon了,1172.905,1,16777215,2025-10-06 23:32:54,28088928881,5,"舍既成之本，逐未竟之业。(Facta fagis, facienda petis.)",颂乐人偶,113892617356588,anonanon,anonanon
trail!,1089.919,5,14811775,2025-10-03 20:12:13,28088928881,5,"舍既成之本，逐未竟之业。(Facta fagis, facienda petis.)",颂乐人偶,113892617356588,trail,trail
eye~!,899.788,5,15772458,2025-10-03 20:07:59,28088928881,5,"舍既成之本，逐未竟之业。(Facta fagis, facienda petis.)",颂乐人偶,113892617356588,eye,eye
soyo酱anon酱救我！,387.597,5,14811775,2025-10-03 18:15:16,28088928881,5,"舍既成之本，逐未竟之业。(Facta fagis, facienda petis.)",颂乐人偶,113892617356588,soyoanon,soyoanon
DDDDDD,95.811,1,16777215,2025-10-02 22:31:17,28088928881,5,"舍既成之本，逐未竟之业。(Facta fagis, facienda petis.)",颂乐人偶,113892617356588,DDDDDD,DDDDDD
\O/\O/\O/\O/\O/\O/\O/\O/,595.516,1,16777215,2025-09-28 20:23:53,28088928881,5,"舍既成之本，逐未竟之业。(Facta fagis, facienda petis.)",颂乐人偶,113892617356588,OOOOOOOO,OOOOOOOO
O几  O几  O几,1087.851,1,16777215,2025-09-27 09:46:03,28088928881,5,"舍既成之本，逐未竟之业。(Facta fagis, facienda petis.)",颂乐人偶,113892617356588,O  O  O,O O O
2sinxcosx为什么不用二倍角？,362.819,1,16777215,2025-09-21 09:52:24,28088928881,5,"舍既成之本，逐未竟之业。(Facta fagis, facienda petis.)",颂乐人偶,113892617356588,2sinxcosx,2sinxcosx
new type 灯,1197.436,1,16777215,2025-09-20 22:13:48,28088928881,5,"舍既成之本，逐未竟之业。(Facta fagis, facienda petis.)",颂乐人偶,113892617356588,new type,new type
太可爱了riki,938.637,1,16777215,2025-09-18 22:01:22,28088928881,5,"舍既成之本，逐未竟之业。(Facta fagis, facienda petis.)",颂乐人偶,113892617356588,riki,riki
2d父亲，3d女儿,337.712,1,16777215,2025-09-15 02:47:21,28088928881,5,"舍既成之本，逐未竟之业。(Facta fagis, facienda petis.)",颂乐人偶,113892617356588,2d3d,2d3d
npc老蝶,332.059,1,16777215,2025-09-10 23:58:59,28088928881,5,"舍既成之本，逐未竟之业。(Facta fagis, facienda petis.)",颂乐人偶,113892617356588,npc,npc
假面骑士Ghost,900.854,1,16777215,2025-09-10 22:18:58,28088928881,5,"舍既成之本，逐未竟之业。(Facta fagis, facienda petis.)",颂乐人偶,113892617356588,Ghost,Ghost
nie，你现在是什么心情？,1058.335,1,16777215,2025-09-10 13:18:19,28088928881,5,"舍既成之本，逐未竟之业。(Facta fagis, facienda petis.)",颂乐人偶,113892617356588,nie,nie
xujiyouna,506.347,1,16777215,2025-09-07 12:21:10,28088928881,5,"舍既成之本，逐未竟之业。(Facta fagis, facienda petis.)",颂乐人偶,113892617356588,xujiyouna,xujiyouna
cs祥d,337.742,1,16777215,2025-09-06 13:23:00,28088928881,5,"舍既成之本，逐未竟之业。(Facta fagis, facienda petis.)",颂乐人偶,113892617356588,csd,csd
saki震惊jpg.,621.618,5,9487136,2025-09-06 10:40:23,28088928881,5,"舍既成之本，逐未竟之业。(Facta fagis, facienda petis.)",颂乐人偶,113892617356588,sakijpg,sakijpg
灯酱 love~,526.938,5,9487136,2025-09-06 10:38:26,28088928881,5,"舍既成之本，逐未竟之业。(Facta fagis, facienda petis.)",颂乐人偶,113892617356588,love,love
只有soyo，直接与saki对决（）,1129.306,5,16777215,2025-02-06 22:10:41,28088928718,6,你将掌控心灵。(Animum reges. ),颂乐人偶,113892617424715,soyosaki,soyosaki
Soyo正在和boss激烈的战斗,193.075,5,16777215,2025-02-06 22:02:45,28088928718,6,你将掌控心灵。(Animum reges. ),颂乐人偶,113892617424715,Soyoboss,Soyoboss
仔细思考下这个操作，强行把小睦绑起来24小时看爱祥TV……,784.125,5,16777215,2025-02-06 22:29:10,28088928718,6,你将掌控心灵。(Animum reges. ),颂乐人偶,113892617424715,24TV,24TV
fish～,394.171,1,16777215,2025-02-06 22:04:48,28088928718,6,你将掌控心灵。(Animum reges. ),颂乐人偶,113892617424715,fish,fish
传下去，soyo被mortis关扣扣空间了,510.202,5,16777215,2025-02-06 22:09:48,28088928718,6,你将掌控心灵。(Animum reges. ),颂乐人偶,113892617424715,soyomortis,soyomortis
\o/\o/\o/\o/,590.858,5,16777215,2025-08-01 20:39:00,28088928718,6,你将掌控心灵。(Animum reges. ),颂乐人偶,113892617424715,oooo,oooo
soyo：单通BOSSing,248.499,5,9033215,2025-07-17 13:52:19,28088928718,6,你将掌控心灵。(Animum reges. ),颂乐人偶,113892617424715,soyoBOSSing,soyoBOSSing
爱音：Hello，我还在,4.796,5,14811775,2026-04-18 03:08:02,28088928718,6,你将掌控心灵。(Animum reges. ),颂乐人偶,113892617424715,Hello,Hello
何EV,844.92,5,16777215,2026-01-28 18:18:35,28088928718,6,你将掌控心灵。(Animum reges. ),颂乐人偶,113892617424715,EV,EV
爱音：你俩组乐队后mago好像多了一个人捏,28.28,1,16777215,2026-01-19 20:32:14,28088928718,6,你将掌控心灵。(Animum reges. ),颂乐人偶,113892617424715,mago,mago
soyo：boss战中，勿扰,250.808,5,16777215,2025-12-16 21:37:16,28088928718,6,你将掌控心灵。(Animum reges. ),颂乐人偶,113892617424715,soyoboss,soyoboss
soyo极限1保4,242.735,5,16777215,2025-10-26 23:52:34,28088928718,6,你将掌控心灵。(Animum reges. ),颂乐人偶,113892617424715,soyo14,soyo14
anon：q打断别人的e啊,57.751,5,16707842,2025-10-26 23:49:54,28088928718,6,你将掌控心灵。(Animum reges. ),颂乐人偶,113892617424715,anonqe,anonqe
Faver+3,862.456,1,16777215,2025-09-08 00:17:52,28088928718,6,你将掌控心灵。(Animum reges. ),颂乐人偶,113892617424715,Faver3,Faver3
祥子恩情还不完\o/\o/\o/\o/\o/\o/\o/\o/\o/,309.235,1,16777215,2025-09-05 18:36:14,28088928718,6,你将掌控心灵。(Animum reges. ),颂乐人偶,113892617424715,ooooooooo,ooooooooo
Masking的店吗,937.712,1,16777215,2025-08-23 23:49:38,28088928718,6,你将掌控心灵。(Animum reges. ),颂乐人偶,113892617424715,Masking,Masking
sis以为自己是泰勒德顿,888.06,5,16646914,2025-08-21 22:22:01,28088928718,6,你将掌控心灵。(Animum reges. ),颂乐人偶,113892617424715,sis,sis
原来你们都是newtype啊,450.524,1,16777215,2025-08-19 01:28:54,28088928718,6,你将掌控心灵。(Animum reges. ),颂乐人偶,113892617424715,newtype,newtype
p4g啊,768.178,1,16777215,2025-08-18 02:53:49,28088928718,6,你将掌控心灵。(Animum reges. ),颂乐人偶,113892617424715,p4g,p4g
寂静岭的过场CG就像：,1217.741,5,16777215,2025-08-14 20:48:21,28088928718,6,你将掌控心灵。(Animum reges. ),颂乐人偶,113892617424715,CG,CG
“bilibili译制”,964.967,5,16777215,2025-07-31 23:21:30,28088928718,6,你将掌控心灵。(Animum reges. ),颂乐人偶,113892617424715,“bilibili”,“ bilibili ”
MVP结算画面,786.159,1,16777215,2025-07-14 22:43:42,28088928718,6,你将掌控心灵。(Animum reges. ),颂乐人偶,113892617424715,MVP,MVP
niko,540.267,1,16777215,2025-07-07 14:15:26,28088928718,6,你将掌控心灵。(Animum reges. ),颂乐人偶,113892617424715,niko,niko
masking:来碗和layer一样的炒饭吗,930.405,5,16777215,2025-06-23 21:06:53,28088928718,6,你将掌控心灵。(Animum reges. ),颂乐人偶,113892617424715,maskinglayer,maskinglayer
soyo：竟敢无视crychic！,1298.475,5,16777215,2026-05-03 00:26:28,28088928718,6,你将掌控心灵。(Animum reges. ),颂乐人偶,113892617424715,soyocrychic,soyocrychic
PICO里的银河拉面！！,930.261,1,16777215,2026-04-18 23:57:49,28088928718,6,你将掌控心灵。(Animum reges. ),颂乐人偶,113892617424715,PICO,PICO
人呢？kan,1246.325,1,16777215,2026-04-08 19:23:30,28088928718,6,你将掌控心灵。(Animum reges. ),颂乐人偶,113892617424715,kan,kan
666这不是乐队番，这是鬼片吧！!n,454.646,1,16777215,2026-04-02 00:17:54,28088928718,6,你将掌控心灵。(Animum reges. ),颂乐人偶,113892617424715,666n,666n
爱音：hei,1288.741,5,16777215,2026-04-01 00:53:52,28088928718,6,你将掌控心灵。(Animum reges. ),颂乐人偶,113892617424715,hei,hei
kiin来了,668.562,1,16777215,2026-04-01 00:16:52,28088928718,6,你将掌控心灵。(Animum reges. ),颂乐人偶,113892617424715,kiin,kiin
obvinious,1110.74,1,16777215,2026-03-29 21:58:12,28088928718,6,你将掌控心灵。(Animum reges. ),颂乐人偶,113892617424715,obvinious,obvinious
REPLAY,1042.997,1,16777215,2026-03-28 15:34:29,28088928718,6,你将掌控心灵。(Animum reges. ),颂乐人偶,113892617424715,REPLAY,REPLAY
喵梦内心os：怎么追着杀,989.856,1,16777215,2026-03-17 17:10:30,28088928718,6,你将掌控心灵。(Animum reges. ),颂乐人偶,113892617424715,os,os
cbz,177.081,5,16777215,2026-03-17 00:07:10,28088928718,6,你将掌控心灵。(Animum reges. ),颂乐人偶,113892617424715,cbz,cbz
ne什么？,539.877,1,16777215,2026-03-11 13:01:32,28088928718,6,你将掌控心灵。(Animum reges. ),颂乐人偶,113892617424715,ne,ne
是nyako,551.268,1,16777215,2026-03-10 13:24:07,28088928718,6,你将掌控心灵。(Animum reges. ),颂乐人偶,113892617424715,nyako,nyako
P4,767.285,1,16777215,2026-02-28 03:40:00,28088928718,6,你将掌控心灵。(Animum reges. ),颂乐人偶,113892617424715,P4,P4
hltv年度残局,1049.032,1,16777215,2026-02-26 13:09:46,28088928718,6,你将掌控心灵。(Animum reges. ),颂乐人偶,113892617424715,hltv,hltv
AED拉面是吗，电死又电活,934.154,1,16777215,2026-02-16 07:08:32,28088928718,6,你将掌控心灵。(Animum reges. ),颂乐人偶,113892617424715,AED,AED
k'li'l,894.724,1,16777215,2026-02-15 13:44:47,28088928718,6,你将掌控心灵。(Animum reges. ),颂乐人偶,113892617424715,klil,klil
ngger,544.274,1,16777215,2026-02-15 00:10:00,28088928718,6,你将掌控心灵。(Animum reges. ),颂乐人偶,113892617424715,ngger,ngger
叠buff,1312.125,1,15772458,2026-02-13 23:57:50,28088928718,6,你将掌控心灵。(Animum reges. ),颂乐人偶,113892617424715,buff,buff
2s38（幻听,866.905,1,16777215,2026-02-08 21:48:30,28088928718,6,你将掌控心灵。(Animum reges. ),颂乐人偶,113892617424715,2s38,2s38
soyo得了MVP,1263.678,1,16777215,2026-02-08 17:43:39,28088928718,6,你将掌控心灵。(Animum reges. ),颂乐人偶,113892617424715,soyoMVP,soyoMVP
建议别说“ptsd”，这么说不好,600.208,1,16777215,2026-02-06 12:49:58,28088928718,6,你将掌控心灵。(Animum reges. ),颂乐人偶,113892617424715,“ptsd”,“ ptsd ”
TGY！,861.352,1,16777215,2026-01-31 19:26:02,28088928718,6,你将掌控心灵。(Animum reges. ),颂乐人偶,113892617424715,TGY,TGY
所以就原谅祥子了？什么shaboi逻辑。就她那些操作，还是人类能干出来的啊。,1271.826,1,16777215,2026-01-28 06:42:23,28088928718,6,你将掌控心灵。(Animum reges. ),颂乐人偶,113892617424715,shaboi,shaboi
找soyo有个g8用，找爱音还差不多。,267.752,1,16777215,2026-01-28 06:22:50,28088928718,6,你将掌控心灵。(Animum reges. ),颂乐人偶,113892617424715,soyog8,soyog8
一听到crychic是GO也不去学也不上了,292.725,1,9487136,2026-01-26 21:20:29,28088928718,6,你将掌控心灵。(Animum reges. ),颂乐人偶,113892617424715,crychicGO,crychicGO
tuo托比欧,362.488,1,16777215,2026-01-25 18:56:31,28088928718,6,你将掌控心灵。(Animum reges. ),颂乐人偶,113892617424715,tuo,tuo
New Type吗,450.271,1,16777215,2026-01-24 13:33:25,28088928718,6,你将掌控心灵。(Animum reges. ),颂乐人偶,113892617424715,New Type,New Type
suyo还是太善良了,369.125,5,16777215,2026-01-19 12:30:03,28088928718,6,你将掌控心灵。(Animum reges. ),颂乐人偶,113892617424715,suyo,suyo
少女rei,495.449,1,16777215,2026-01-19 11:59:35,28088928718,6,你将掌控心灵。(Animum reges. ),颂乐人偶,113892617424715,rei,rei
Soyorin,360.871,1,16777215,2026-01-16 04:55:39,28088928718,6,你将掌控心灵。(Animum reges. ),颂乐人偶,113892617424715,Soyorin,Soyorin
Damn,7.933,1,16777215,2026-01-16 04:49:53,28088928718,6,你将掌控心灵。(Animum reges. ),颂乐人偶,113892617424715,Damn,Damn
guga,116.818,1,16777215,2026-01-13 23:45:03,28088928718,6,你将掌控心灵。(Animum reges. ),颂乐人偶,113892617424715,guga,guga
space,530.105,1,16777215,2026-01-13 19:01:43,28088928718,6,你将掌控心灵。(Animum reges. ),颂乐人偶,113892617424715,space,space
“你这家伙满脑子都是soyorin呢”指爱音,412.784,5,15138834,2026-01-04 18:06:09,28088928718,6,你将掌控心灵。(Animum reges. ),颂乐人偶,113892617424715,“soyorin”,“ soyorin ”
前面的，我觉得Ave像是Eva的精神续作,773.749,1,16777215,2025-12-22 21:52:53,28088928718,6,你将掌控心灵。(Animum reges. ),颂乐人偶,113892617424715,AveEva,AveEva
强力型soyi,1311.215,5,16777215,2025-12-16 23:05:24,28088928718,6,你将掌控心灵。(Animum reges. ),颂乐人偶,113892617424715,soyi,soyi
LZ,1111.581,1,16777215,2025-12-07 12:53:15,28088928718,6,你将掌控心灵。(Animum reges. ),颂乐人偶,113892617424715,LZ,LZ
WTF,885.656,1,16777215,2025-12-04 18:22:00,28088928718,6,你将掌控心灵。(Animum reges. ),颂乐人偶,113892617424715,WTF,WTF
fever+6+6+6+6+6,857.213,1,16777215,2025-11-24 11:43:57,28088928718,6,你将掌控心灵。(Animum reges. ),颂乐人偶,113892617424715,fever66666,fever66666
fever+6+6+6+6+6+6+6+6,856.429,1,16777215,2025-11-24 11:43:16,28088928718,6,你将掌控心灵。(Animum reges. ),颂乐人偶,113892617424715,fever66666666,fever66666666
终于发现了，mujica没有凝聚力，目的都不像crythic那样纯粹,657.615,5,16777215,2025-11-16 12:06:07,28088928718,6,你将掌控心灵。(Animum reges. ),颂乐人偶,113892617424715,mujicacrythic,mujicacrythic
AT立场展开,39.771,1,16777215,2025-11-15 21:57:12,28088928718,6,你将掌控心灵。(Animum reges. ),颂乐人偶,113892617424715,AT,AT
老戏骨啊muzumi,897.026,1,16777215,2025-11-15 01:12:47,28088928718,6,你将掌控心灵。(Animum reges. ),颂乐人偶,113892617424715,muzumi,muzumi
SPACE！,531.344,1,16777215,2025-11-11 12:13:23,28088928718,6,你将掌控心灵。(Animum reges. ),颂乐人偶,113892617424715,SPACE,SPACE
我感觉导致mujica解散的是mortis,810.352,1,16777215,2025-11-08 05:43:11,28088928718,6,你将掌控心灵。(Animum reges. ),颂乐人偶,113892617424715,mujicamortis,mujicamortis
本局高光时刻，COD7是吧,791.392,1,16777215,2025-11-03 17:46:44,28088928718,6,你将掌控心灵。(Animum reges. ),颂乐人偶,113892617424715,COD7,COD7
香澄？！香澄Ksm！,179.78,5,16777215,2025-11-02 14:07:06,28088928718,6,你将掌控心灵。(Animum reges. ),颂乐人偶,113892617424715,Ksm,Ksm
排位玩家精彩对局，丝滑大祥vs绝活素世,1185.49,1,16777215,2025-10-27 00:11:18,28088928718,6,你将掌控心灵。(Animum reges. ),颂乐人偶,113892617424715,vs,vs
整部mujika就是祥子san值掉光，变为颂乐人偶的剧集,1021.084,1,16707842,2025-10-18 13:41:09,28088928718,6,你将掌控心灵。(Animum reges. ),颂乐人偶,113892617424715,mujikasan,mujikasan
mako,442.43,1,16777215,2025-10-15 13:59:40,28088928718,6,你将掌控心灵。(Animum reges. ),颂乐人偶,113892617424715,mako,mako
《bilibili译制》,399.55,5,16777215,2025-10-14 22:58:57,28088928718,6,你将掌控心灵。(Animum reges. ),颂乐人偶,113892617424715,bilibili,bilibili
soyo桑love！,366.262,5,16777215,2025-10-14 22:58:02,28088928718,6,你将掌控心灵。(Animum reges. ),颂乐人偶,113892617424715,soyolove,soyolove
rj,1111.716,1,16777215,2025-10-14 20:32:45,28088928718,6,你将掌控心灵。(Animum reges. ),颂乐人偶,113892617424715,rj,rj
mvp soyo,1265.111,5,16777215,2025-10-09 19:22:41,28088928718,6,你将掌控心灵。(Animum reges. ),颂乐人偶,113892617424715,mvp soyo,mvp soyo
taiki太卑微了。。,582.718,1,16777215,2025-10-08 18:55:30,28088928718,6,你将掌控心灵。(Animum reges. ),颂乐人偶,113892617424715,taiki,taiki
666还有ksm的事,178.53,1,16777215,2025-10-03 22:11:11,28088928718,6,你将掌控心灵。(Animum reges. ),颂乐人偶,113892617424715,666ksm,666ksm
不能对明天的(今天的)mutsumi置之不理,1139.657,5,9599289,2025-10-03 20:39:45,28088928718,6,你将掌控心灵。(Animum reges. ),颂乐人偶,113892617424715,mutsumi,mutsumi
umi0：酸酸酸酸酸,1307.486,5,16777215,2025-02-13 22:15:08,28333443134,7,雨过天晴。（Post nubila Phoebus.）,颂乐人偶,113984455838171,umi0,umi0
我灯皇呢 你们包CCC的饺子不带我灯皇是吧,787.03,5,16777215,2025-02-13 22:12:28,28333443134,7,雨过天晴。（Post nubila Phoebus.）,颂乐人偶,113984455838171,CCC,CCC
灵感咕力咕力wajia灵感菇灵感菇,833.526,5,16777215,2025-02-13 22:16:52,28333443134,7,雨过天晴。（Post nubila Phoebus.）,颂乐人偶,113984455838171,wajia,wajia
这场演出其实也是为了彻底了却c团遗老们的执念，象征着属于c团的人生篇章彻底结束,959.425,5,16707842,2025-02-13 22:28:17,28333443134,7,雨过天晴。（Post nubila Phoebus.）,颂乐人偶,113984455838171,cc,cc
感觉像喝醉了在KTV胡乱唱的,1006.789,1,16777215,2025-02-13 22:21:12,28333443134,7,雨过天晴。（Post nubila Phoebus.）,颂乐人偶,113984455838171,KTV,KTV
为什么不演奏《春日影》（dog）,1063.411,5,16777215,2025-10-12 04:17:19,28333443134,7,雨过天晴。（Post nubila Phoebus.）,颂乐人偶,113984455838171,dog,dog
到底什么是soyo呢？也许根本就没有soyo，又或者所有人都是soyo,455.58,5,16777215,2025-12-22 13:18:54,28333443134,7,雨过天晴。（Post nubila Phoebus.）,颂乐人偶,113984455838171,soyosoyosoyo,soyosoyosoyo
soyo是真生气了，本来她都已经觉得ccc算是好聚好散了，现在祥子又这么说,9.171,5,16777215,2025-09-21 23:22:39,28333443134,7,雨过天晴。（Post nubila Phoebus.）,颂乐人偶,113984455838171,soyoccc,soyoccc
路人：mujiaca的新表演！！,46.89,1,16777215,2026-02-10 02:20:32,28333443134,7,雨过天晴。（Post nubila Phoebus.）,颂乐人偶,113984455838171,mujiaca,mujiaca
pi，小墨比你像人好吧。,267.474,1,16777215,2026-01-28 06:44:47,28333443134,7,雨过天晴。（Post nubila Phoebus.）,颂乐人偶,113984455838171,pi,pi
精彩集锦：月之森第一信息位VS羽丘传奇炸弹人,5.0,5,15138834,2025-11-17 22:09:02,28333443134,7,雨过天晴。（Post nubila Phoebus.）,颂乐人偶,113984455838171,VS,VS
0个人想听你们c团唱歌,1023.448,1,16777215,2025-10-12 11:44:04,28333443134,7,雨过天晴。（Post nubila Phoebus.）,颂乐人偶,113984455838171,0c,0c
三句三个diesiwa,291.545,1,11890,2025-10-08 22:09:26,28333443134,7,雨过天晴。（Post nubila Phoebus.）,颂乐人偶,113984455838171,diesiwa,diesiwa
o h h h h h h h h,1165.247,1,6830715,2026-05-04 10:31:44,28333443134,7,雨过天晴。（Post nubila Phoebus.）,颂乐人偶,113984455838171,o h h h h h h h h,o h h h h h h h h
wk笑死我了,1159.417,5,16777215,2026-05-04 02:33:01,28333443134,7,雨过天晴。（Post nubila Phoebus.）,颂乐人偶,113984455838171,wk,wk
果然AI替代不了人类，AI根本写不出这种剧情,1390.203,1,16777215,2026-05-03 21:11:25,28333443134,7,雨过天晴。（Post nubila Phoebus.）,颂乐人偶,113984455838171,AIAI,AIAI
ktv口语水平,996.522,1,16646914,2026-05-02 20:11:44,28333443134,7,雨过天晴。（Post nubila Phoebus.）,颂乐人偶,113984455838171,ktv,ktv
虚假的c团死在雨天 真正的c团死在春日,1314.05,1,16777215,2026-04-19 17:17:01,28333443134,7,雨过天晴。（Post nubila Phoebus.）,颂乐人偶,113984455838171,c c,c c
《番名：AVEmujica》,906.395,1,16777215,2026-04-12 15:58:39,28333443134,7,雨过天晴。（Post nubila Phoebus.）,颂乐人偶,113984455838171,AVEmujica,AVEmujica
crychic（6/6）,933.86,5,15138834,2026-04-08 17:48:58,28333443134,7,雨过天晴。（Post nubila Phoebus.）,颂乐人偶,113984455838171,crychic66,crychic66
NICE,1136.11,1,16777215,2026-04-05 05:10:45,28333443134,7,雨过天晴。（Post nubila Phoebus.）,颂乐人偶,113984455838171,NICE,NICE
c团活了那我go呢,905.355,1,16777215,2026-04-03 21:49:28,28333443134,7,雨过天晴。（Post nubila Phoebus.）,颂乐人偶,113984455838171,cgo,cgo
我这辈子都不会忘记Crychic了,1216.812,1,16777215,2026-03-28 14:53:41,28333443134,7,雨过天晴。（Post nubila Phoebus.）,颂乐人偶,113984455838171,Crychic,Crychic
那……Mujika 呢？,1152.488,1,16777215,2026-03-18 16:22:17,28333443134,7,雨过天晴。（Post nubila Phoebus.）,颂乐人偶,113984455838171,Mujika,Mujika
时隔许久开展飞鸟山BO2,26.765,5,16777215,2026-03-17 00:32:51,28333443134,7,雨过天晴。（Post nubila Phoebus.）,颂乐人偶,113984455838171,BO2,BO2
anon0个人在意,1144.578,5,16777215,2026-03-14 16:31:48,28333443134,7,雨过天晴。（Post nubila Phoebus.）,颂乐人偶,113984455838171,anon0,anon0
想到这里剧情包寿司只是为了卖first take我就想笑,832.688,1,16777215,2026-03-12 04:12:08,28333443134,7,雨过天晴。（Post nubila Phoebus.）,颂乐人偶,113984455838171,first take,first take
mujica go！！！！！,923.878,1,16777215,2026-03-08 22:45:29,28333443134,7,雨过天晴。（Post nubila Phoebus.）,颂乐人偶,113984455838171,mujica go,mujica go
onnnn,1170.437,1,16777215,2026-03-05 13:00:36,28333443134,7,雨过天晴。（Post nubila Phoebus.）,颂乐人偶,113984455838171,onnnn,onnnn
go团和ji团干脆别搞了，你们c团重新出道吧我真求了,946.924,1,16777215,2026-03-03 23:12:42,28333443134,7,雨过天晴。（Post nubila Phoebus.）,颂乐人偶,113984455838171,gojic,gojic
i4b,926.579,1,16777215,2026-03-03 23:08:42,28333443134,7,雨过天晴。（Post nubila Phoebus.）,颂乐人偶,113984455838171,i4b,i4b
sOyo,65.156,5,15772458,2026-02-28 23:25:03,28333443134,7,雨过天晴。（Post nubila Phoebus.）,颂乐人偶,113984455838171,sOyo,sOyo
oh,1167.543,1,16777215,2026-02-28 21:38:33,28333443134,7,雨过天晴。（Post nubila Phoebus.）,颂乐人偶,113984455838171,oh,oh
不愧是soyu,58.249,1,16777215,2026-02-24 01:46:04,28333443134,7,雨过天晴。（Post nubila Phoebus.）,颂乐人偶,113984455838171,soyu,soyu
爱音和猫猫去组一个zhumimi得了,1215.889,1,16777215,2026-02-23 09:32:28,28333443134,7,雨过天晴。（Post nubila Phoebus.）,颂乐人偶,113984455838171,zhumimi,zhumimi
这才7集，后面mujica又得整啥幺蛾子,1192.758,1,16777215,2026-02-22 17:14:56,28333443134,7,雨过天晴。（Post nubila Phoebus.）,颂乐人偶,113984455838171,7mujica,7mujica
最der的一集,2.86,5,16777215,2026-02-20 13:23:45,28333443134,7,雨过天晴。（Post nubila Phoebus.）,颂乐人偶,113984455838171,der,der
哎呀，你知道的，我一直都是crychic的粉丝，她们强的不可思议，至于爱音和猫，我祝她们好运.JPG,920.895,1,16777215,2026-02-18 13:20:21,28333443134,7,雨过天晴。（Post nubila Phoebus.）,颂乐人偶,113984455838171,crychicJPG,crychicJPG
o h h h h h,1088.355,1,16777215,2026-02-15 20:59:16,28333443134,7,雨过天晴。（Post nubila Phoebus.）,颂乐人偶,113984455838171,o h h h h h,o h h h h h
anon和rana终究是外人（）,1127.914,1,16777215,2026-02-09 16:04:59,28333443134,7,雨过天晴。（Post nubila Phoebus.）,颂乐人偶,113984455838171,anonrana,anonrana
"soyolin~,这我熟",443.668,1,16777215,2026-02-04 00:58:36,28333443134,7,雨过天晴。（Post nubila Phoebus.）,颂乐人偶,113984455838171,soyolin,soyolin
此时此刻我想说star beat,894.556,1,16777215,2026-01-30 20:27:41,28333443134,7,雨过天晴。（Post nubila Phoebus.）,颂乐人偶,113984455838171,star beat,star beat
冷知识，这是GO团的live时间,888.522,1,14811775,2026-01-26 22:18:05,28333443134,7,雨过天晴。（Post nubila Phoebus.）,颂乐人偶,113984455838171,GOlive,GOlive
组建c团计划90%,1167.271,1,16707842,2026-01-25 18:15:27,28333443134,7,雨过天晴。（Post nubila Phoebus.）,颂乐人偶,113984455838171,c90,c90
"damn you, curse you",226.22,1,16777215,2026-01-25 14:26:09,28333443134,7,雨过天晴。（Post nubila Phoebus.）,颂乐人偶,113984455838171,damn you curse you,damn you curse you
能不能放过爱音 乐奈和Go团 别留恋你那C团了行不,916.892,1,14811775,2026-01-21 14:05:37,28333443134,7,雨过天晴。（Post nubila Phoebus.）,颂乐人偶,113984455838171,Go C,Go C
umr：还是初华唱的好,1007.116,1,15138834,2026-01-18 14:09:35,28333443134,7,雨过天晴。（Post nubila Phoebus.）,颂乐人偶,113984455838171,umr,umr
666riiki一键跟哭,1032.013,1,16777215,2026-01-14 10:32:04,28333443134,7,雨过天晴。（Post nubila Phoebus.）,颂乐人偶,113984455838171,666riiki,666riiki
busted,98.773,1,16707842,2026-01-11 16:26:34,28333443134,7,雨过天晴。（Post nubila Phoebus.）,颂乐人偶,113984455838171,busted,busted
不愧是dps7999的狠人,69.841,1,16777215,2026-01-10 03:52:15,28333443134,7,雨过天晴。（Post nubila Phoebus.）,颂乐人偶,113984455838171,dps7999,dps7999
大house有利于身心健康,292.389,1,16777215,2025-02-20 22:02:22,28486078146,8,你是多首的怪物。(Belua multorum es capitums.),颂乐人偶,114034552604959,house,house
入机anan,698.149,1,16777215,2025-02-20 22:02:40,28486078146,8,你是多首的怪物。(Belua multorum es capitums.),颂乐人偶,114034552604959,anan,anan
在看第七集LIVE的观众：,661.648,5,10546688,2025-02-20 23:47:54,28486078146,8,你是多首的怪物。(Belua multorum es capitums.),颂乐人偶,114034552604959,LIVE,LIVE
Deepseek？！这都有你,1221.391,5,16777215,2025-02-20 22:15:47,28486078146,8,你是多首的怪物。(Belua multorum es capitums.),颂乐人偶,114034552604959,Deepseek,Deepseek
新的S〇X素材预订,1301.186,5,16777215,2025-02-20 22:25:05,28486078146,8,你是多首的怪物。(Belua multorum es capitums.),颂乐人偶,114034552604959,SX,SX
突然发现Ave倒过来是EVA,709.254,5,16777215,2025-08-22 19:17:27,28486078146,8,你是多首的怪物。(Belua multorum es capitums.),颂乐人偶,114034552604959,AveEVA,AveEVA
怎么从五弦bass变成换4弦了？,876.146,5,16777215,2025-08-11 21:54:28,28486078146,8,你是多首的怪物。(Belua multorum es capitums.),颂乐人偶,114034552604959,bass4,bass4
写了一上午就写了个GI是吧doge,780.584,5,16777215,2026-02-11 07:02:53,28486078146,8,你是多首的怪物。(Belua multorum es capitums.),颂乐人偶,114034552604959,GIdoge,GIdoge
谁p个947上去2333,488.285,1,16777215,2026-01-20 21:11:47,28486078146,8,你是多首的怪物。(Belua multorum es capitums.),颂乐人偶,114034552604959,p9472333,p9472333
saya:抖m？,1169.787,1,16707842,2026-01-18 19:33:28,28486078146,8,你是多首的怪物。(Belua multorum es capitums.),颂乐人偶,114034552604959,sayam,sayam
莫提斯保护睦，然后又形成了一个人格保护莫提斯（bush,1268.106,5,16777215,2025-11-26 14:18:39,28486078146,8,你是多首的怪物。(Belua multorum es capitums.),颂乐人偶,114034552604959,bush,bush
可能只是想和祥子再组乐队，比起mujica 明显C团才是承载欢乐回忆的一方，所以才说C团而不是mujica ,387.07,5,15138834,2025-09-03 17:59:43,28486078146,8,你是多首的怪物。(Belua multorum es capitums.),颂乐人偶,114034552604959,mujica CCmujica,mujica CCmujica
睦的主人格应该很小的时候就睡着甚至死了，“小睦”和莫姐都是第N人格，“小睦”暂时占着主人格的位置,1304.967,5,16777215,2025-08-08 23:45:57,28486078146,8,你是多首的怪物。(Belua multorum es capitums.),颂乐人偶,114034552604959,“”N“”,“ ” N “ ”
A V E  M U J I C A  闭店之日,265.937,5,104601,2025-08-02 13:52:18,28486078146,8,你是多首的怪物。(Belua multorum es capitums.),颂乐人偶,114034552604959,A V E  M U J I C A,A V E M U J I C A
infj？,555.959,1,16777215,2026-04-23 17:30:44,28486078146,8,你是多首的怪物。(Belua multorum es capitums.),颂乐人偶,114034552604959,infj,infj
从唱K的角度来看，不唱mujica是正确的选择,375.203,1,16777215,2026-04-19 01:39:31,28486078146,8,你是多首的怪物。(Belua multorum es capitums.),颂乐人偶,114034552604959,Kmujica,Kmujica
fg,653.541,1,16777215,2026-04-12 16:22:53,28486078146,8,你是多首的怪物。(Belua multorum es capitums.),颂乐人偶,114034552604959,fg,fg
古董茶壶40w,276.354,1,16777215,2026-04-11 02:14:32,28486078146,8,你是多首的怪物。(Belua multorum es capitums.),颂乐人偶,114034552604959,40w,40w
小祥这是捏了个oc出来啊,669.293,1,16777215,2026-04-05 23:09:40,28486078146,8,你是多首的怪物。(Belua multorum es capitums.),颂乐人偶,114034552604959,oc,oc
明日莫：myN,709.82,1,16777215,2026-03-31 00:14:41,28486078146,8,你是多首的怪物。(Belua multorum es capitums.),颂乐人偶,114034552604959,myN,myN
preo:知音啊!,369.31,5,16777215,2026-03-29 15:23:00,28486078146,8,你是多首的怪物。(Belua multorum es capitums.),颂乐人偶,114034552604959,preo,preo
活在op里的mujica,89.24,5,9487136,2026-03-13 01:44:11,28486078146,8,你是多首的怪物。(Belua multorum es capitums.),颂乐人偶,114034552604959,opmujica,opmujica
这是osdd变did了吗,592.905,1,16777215,2026-03-07 23:08:05,28486078146,8,你是多首的怪物。(Belua multorum es capitums.),颂乐人偶,114034552604959,osdddid,osdddid
wdf，这是人啊？,518.707,1,16777215,2026-03-03 11:46:48,28486078146,8,你是多首的怪物。(Belua multorum es capitums.),颂乐人偶,114034552604959,wdf,wdf
nyamu：我该庆幸我是个正常人吗,606.396,5,16777215,2026-02-27 16:47:06,28486078146,8,你是多首的怪物。(Belua multorum es capitums.),颂乐人偶,114034552604959,nyamu,nyamu
top1发力了,757.121,1,16777215,2026-02-26 19:35:00,28486078146,8,你是多首的怪物。(Belua multorum es capitums.),颂乐人偶,114034552604959,top1,top1
看来是第七集让cychic的种子萌芽了,666.546,1,16777215,2026-02-20 06:17:13,28486078146,8,你是多首的怪物。(Belua multorum es capitums.),颂乐人偶,114034552604959,cychic,cychic
弹带弦的都是M吗？（有咲曾经说花园是M）,1174.55,1,16777215,2026-02-16 19:27:08,28486078146,8,你是多首的怪物。(Belua multorum es capitums.),颂乐人偶,114034552604959,MM,MM
Flash bomb,69.5,5,16765698,2026-02-15 22:48:22,28486078146,8,你是多首的怪物。(Belua multorum es capitums.),颂乐人偶,114034552604959,Flash bomb,Flash bomb
墨提斯is对的,424.028,1,16777215,2026-02-13 23:59:43,28486078146,8,你是多首的怪物。(Belua multorum es capitums.),颂乐人偶,114034552604959,is,is
《FIREBIRD》,1005.649,1,16777215,2026-02-09 02:41:49,28486078146,8,你是多首的怪物。(Belua multorum es capitums.),颂乐人偶,114034552604959,FIREBIRD,FIREBIRD
为什么iidesu是不要了的意思啊,965.0,1,16777215,2026-02-08 16:46:29,28486078146,8,你是多首的怪物。(Belua multorum es capitums.),颂乐人偶,114034552604959,iidesu,iidesu
anything,413.829,1,16777215,2026-02-07 22:03:04,28486078146,8,你是多首的怪物。(Belua multorum es capitums.),颂乐人偶,114034552604959,anything,anything
bgm一出来还以为我gt7启动了,1057.831,5,15138834,2026-01-13 17:20:50,28486078146,8,你是多首的怪物。(Belua multorum es capitums.),颂乐人偶,114034552604959,bgmgt7,bgmgt7
nfc就是好用,175.844,1,16777215,2026-01-10 01:10:15,28486078146,8,你是多首的怪物。(Belua multorum es capitums.),颂乐人偶,114034552604959,nfc,nfc
NFC？,171.519,1,16777215,2025-12-22 22:42:59,28486078146,8,你是多首的怪物。(Belua multorum es capitums.),颂乐人偶,114034552604959,NFC,NFC
EVA Mujica,706.416,5,16777215,2025-12-16 23:57:09,28486078146,8,你是多首的怪物。(Belua multorum es capitums.),颂乐人偶,114034552604959,EVA Mujica,EVA Mujica
这时候就需要凉仙贝的谜之自信了---Bass独奏启动！,1129.981,1,16777215,2025-12-10 10:59:02,28486078146,8,你是多首的怪物。(Belua multorum es capitums.),颂乐人偶,114034552604959,Bass,Bass
跟T1 oner学的,788.302,1,16777215,2025-11-26 04:25:45,28486078146,8,你是多首的怪物。(Belua multorum es capitums.),颂乐人偶,114034552604959,T1 oner,T1 oner
睦已取得Admin权限,669.552,1,16777215,2025-11-26 04:22:05,28486078146,8,你是多首的怪物。(Belua multorum es capitums.),颂乐人偶,114034552604959,Admin,Admin
I is fish,24.982,1,16777215,2025-11-26 04:03:39,28486078146,8,你是多首的怪物。(Belua multorum es capitums.),颂乐人偶,114034552604959,I is fish,I is fish
好好想想啊喵梦 回去要打236bpm的火三角 演唱会还要三首连打,1178.058,5,16646914,2025-11-25 00:09:31,28486078146,8,你是多首的怪物。(Belua multorum es capitums.),颂乐人偶,114034552604959,236bpm,236bpm
deepseek,1230.157,1,16777215,2025-11-09 01:37:42,28486078146,8,你是多首的怪物。(Belua multorum es capitums.),颂乐人偶,114034552604959,deepseek,deepseek
太Te了姐,793.813,1,16777215,2025-11-05 02:32:21,28486078146,8,你是多首的怪物。(Belua multorum es capitums.),颂乐人偶,114034552604959,Te,Te
祥睦szd,247.044,1,16777215,2025-11-03 19:00:43,28486078146,8,你是多首的怪物。(Belua multorum es capitums.),颂乐人偶,114034552604959,szd,szd
INFJ,551.506,1,16777215,2025-10-29 21:26:49,28486078146,8,你是多首的怪物。(Belua multorum es capitums.),颂乐人偶,114034552604959,INFJ,INFJ
Mujica现在的歌比Crychic还少,359.265,5,16777215,2025-10-28 22:44:41,28486078146,8,你是多首的怪物。(Belua multorum es capitums.),颂乐人偶,114034552604959,MujicaCrychic,MujicaCrychic
dom,1176.196,1,16777215,2025-10-28 06:43:08,28486078146,8,你是多首的怪物。(Belua multorum es capitums.),颂乐人偶,114034552604959,dom,dom
真开心呢睦同学（bs,36.199,1,6830715,2025-10-16 01:48:56,28486078146,8,你是多首的怪物。(Belua multorum es capitums.),颂乐人偶,114034552604959,bs,bs
不是？这就变了？CD都没有的吗？,436.181,1,16777215,2025-10-13 22:38:10,28486078146,8,你是多首的怪物。(Belua multorum es capitums.),颂乐人偶,114034552604959,CD,CD
还是迈巴赫yang r养人,255.995,1,16777215,2025-10-09 23:17:14,28486078146,8,你是多首的怪物。(Belua multorum es capitums.),颂乐人偶,114034552604959,yang r,yang r
还有炫gu,1332.138,1,16777215,2025-10-04 00:14:59,28486078146,8,你是多首的怪物。(Belua multorum es capitums.),颂乐人偶,114034552604959,gu,gu
到Gboy的地盘了,304.819,1,16777215,2025-10-02 21:56:06,28486078146,8,你是多首的怪物。(Belua multorum es capitums.),颂乐人偶,114034552604959,Gboy,Gboy
666抖M,1166.049,1,16777215,2025-10-02 20:08:32,28486078146,8,你是多首的怪物。(Belua multorum es capitums.),颂乐人偶,114034552604959,666M,666M
爱音：我不是crychic的为什么全世界都在问我crychic,457.551,5,14811775,2025-02-27 22:08:00,28598864873,9,君若离去，我不独生。(Ne vivam si abis. ),颂乐人偶,114074180388181,crychiccrychic,crychiccrychic
"莫提斯正在复盘MVP时刻,JPG",151.735,5,16776960,2025-02-27 22:01:13,28598864873,9,君若离去，我不独生。(Ne vivam si abis. ),颂乐人偶,114074180388181,MVPJPG,MVPJPG
在第四集/第七集退坑mujica的观众be like：,790.755,5,10546688,2025-02-27 22:15:45,28598864873,9,君若离去，我不独生。(Ne vivam si abis. ),颂乐人偶,114074180388181,mujicabe like,mujicabe like
致敬传奇CP爱初的私下会面,436.966,1,16777215,2025-02-27 22:07:19,28598864873,9,君若离去，我不独生。(Ne vivam si abis. ),颂乐人偶,114074180388181,CP,CP
我觉得anno加入sumimi挺好的,428.023,5,16777215,2025-02-27 23:13:03,28598864873,9,君若离去，我不独生。(Ne vivam si abis. ),颂乐人偶,114074180388181,annosumimi,annosumimi
爱音找甜甜圈组个aumimi吧让这些人自己玩去吧（）,440.814,5,16755202,2025-09-16 12:46:31,28598864873,9,君若离去，我不独生。(Ne vivam si abis. ),颂乐人偶,114074180388181,aumimi,aumimi
睦Fever +3 +3 +3，初华Fever +5,1030.117,5,16777215,2025-09-05 17:42:36,28598864873,9,君若离去，我不独生。(Ne vivam si abis. ),颂乐人偶,114074180388181,Fever 3 3 3Fever 5,Fever 3 3 3Fever 5
mzk5箱（）,488.868,1,16777215,2026-01-19 19:30:31,28598864873,9,君若离去，我不独生。(Ne vivam si abis. ),颂乐人偶,114074180388181,mzk5,mzk5
她俩全是为了对方组ccc 但是怎么忘了为什么要退出ccc 为什么会不幸福 不幸福是因为欠债啊 不是因为c结束了 睦的逻辑比祥更有问题,246.479,1,16777215,2026-02-07 15:59:57,28598864873,9,君若离去，我不独生。(Ne vivam si abis. ),颂乐人偶,114074180388181,ccc ccc   c,ccc ccc c
30x黑刀之夜,1262.001,5,16777215,2026-02-06 21:56:21,28598864873,9,君若离去，我不独生。(Ne vivam si abis. ),颂乐人偶,114074180388181,30x,30x
祥组ccc是为了睦，睦组ccc是为了祥，那其他人呢？就没考虑过别人是吧？,1141.905,1,16777215,2026-02-04 10:54:39,28598864873,9,君若离去，我不独生。(Ne vivam si abis. ),颂乐人偶,114074180388181,cccccc,cccccc
fever+3+3+3+3+3+3,1031.394,5,38979,2025-12-25 19:28:02,28598864873,9,君若离去，我不独生。(Ne vivam si abis. ),颂乐人偶,114074180388181,fever333333,fever333333
fever+3+3,1030.336,1,16777215,2025-12-25 19:27:32,28598864873,9,君若离去，我不独生。(Ne vivam si abis. ),颂乐人偶,114074180388181,fever33,fever33
c团go团ji团三大代表是吧,916.577,1,16777215,2025-12-06 20:17:58,28598864873,9,君若离去，我不独生。(Ne vivam si abis. ),颂乐人偶,114074180388181,cgoji,cgoji
Gibson这里已经断头了,1068.23,1,16777215,2025-11-07 01:54:38,28598864873,9,君若离去，我不独生。(Ne vivam si abis. ),颂乐人偶,114074180388181,Gibson,Gibson
BYD黄镇是吧,1040.633,1,16777215,2025-10-22 00:10:25,28598864873,9,君若离去，我不独生。(Ne vivam si abis. ),颂乐人偶,114074180388181,BYD,BYD
ct阵营胜利,1096.579,1,16777215,2025-09-17 12:26:07,28598864873,9,君若离去，我不独生。(Ne vivam si abis. ),颂乐人偶,114074180388181,ct,ct
eee,954.975,1,16777215,2025-09-03 08:48:23,28598864873,9,君若离去，我不独生。(Ne vivam si abis. ),颂乐人偶,114074180388181,eee,eee
监测到relic故障,1056.381,1,41194,2025-08-20 14:20:04,28598864873,9,君若离去，我不独生。(Ne vivam si abis. ),颂乐人偶,114074180388181,relic,relic
有点心疼MANA啊,45.367,1,16777215,2026-05-02 13:37:45,28598864873,9,君若离去，我不独生。(Ne vivam si abis. ),颂乐人偶,114074180388181,MANA,MANA
tgw,641.016,1,16777215,2026-04-15 03:58:46,28598864873,9,君若离去，我不独生。(Ne vivam si abis. ),颂乐人偶,114074180388181,tgw,tgw
saya！,7.328,1,16777215,2026-04-15 03:49:02,28598864873,9,君若离去，我不独生。(Ne vivam si abis. ),颂乐人偶,114074180388181,saya,saya
笑到我了初华可以去演怪花mv,488.452,5,14811775,2026-04-05 23:24:18,28598864873,9,君若离去，我不独生。(Ne vivam si abis. ),颂乐人偶,114074180388181,mv,mv
NIKON！,759.024,1,16777215,2026-04-05 12:23:17,28598864873,9,君若离去，我不独生。(Ne vivam si abis. ),颂乐人偶,114074180388181,NIKON,NIKON
谁拉le,358.493,1,16777215,2026-04-01 18:56:18,28598864873,9,君若离去，我不独生。(Ne vivam si abis. ),颂乐人偶,114074180388181,le,le
爱音：你们wanwa,317.095,1,16777215,2026-03-31 00:32:11,28598864873,9,君若离去，我不独生。(Ne vivam si abis. ),颂乐人偶,114074180388181,wanwa,wanwa
L5说是,1042.408,1,16777215,2026-03-30 20:10:56,28598864873,9,君若离去，我不独生。(Ne vivam si abis. ),颂乐人偶,114074180388181,L5,L5
得了也别组你那crychlc了，干脆你们10个人一起组个CSgo,988.365,1,16777215,2026-03-26 08:54:57,28598864873,9,君若离去，我不独生。(Ne vivam si abis. ),颂乐人偶,114074180388181,crychlc10CSgo,crychlc10CSgo
莫姐表演能力SSS+,160.016,1,16777215,2026-03-23 01:54:17,28598864873,9,君若离去，我不独生。(Ne vivam si abis. ),颂乐人偶,114074180388181,SSS,SSS
一个搞 Ave Mujika 一个搞 Crychic 不行吗？,177.849,1,16777215,2026-03-18 16:50:02,28598864873,9,君若离去，我不独生。(Ne vivam si abis. ),颂乐人偶,114074180388181,Ave Mujika  Crychic,Ave Mujika Crychic
anon：6,316.625,5,14811775,2026-03-14 20:58:27,28598864873,9,君若离去，我不独生。(Ne vivam si abis. ),颂乐人偶,114074180388181,anon6,anon6
为了鸡团非常努力的贝斯手.png,1265.122,1,16777215,2026-03-07 11:24:22,28598864873,9,君若离去，我不独生。(Ne vivam si abis. ),颂乐人偶,114074180388181,png,png
No！！！,313.917,1,16777215,2026-03-05 07:58:09,28598864873,9,君若离去，我不独生。(Ne vivam si abis. ),颂乐人偶,114074180388181,No,No
saaya！,7.722,1,16777215,2026-03-01 19:24:21,28598864873,9,君若离去，我不独生。(Ne vivam si abis. ),颂乐人偶,114074180388181,saaya,saaya
Saaya!!!,8.871,5,16777215,2026-02-28 12:19:22,28598864873,9,君若离去，我不独生。(Ne vivam si abis. ),颂乐人偶,114074180388181,Saaya,Saaya
爱音:hell rise,336.882,1,15138834,2026-02-26 10:26:46,28598864873,9,君若离去，我不独生。(Ne vivam si abis. ),颂乐人偶,114074180388181,hell rise,hell rise
SK争夺战,1026.894,1,16777215,2026-02-20 23:17:33,28598864873,9,君若离去，我不独生。(Ne vivam si abis. ),颂乐人偶,114074180388181,SK,SK
爱音：要不我还是去找乐奈组if吧,365.023,1,16777215,2026-02-18 20:34:03,28598864873,9,君若离去，我不独生。(Ne vivam si abis. ),颂乐人偶,114074180388181,if,if
sora2,1067.284,1,16777215,2026-02-15 12:38:52,28598864873,9,君若离去，我不独生。(Ne vivam si abis. ),颂乐人偶,114074180388181,sora2,sora2
超绝TJ-A,744.352,1,16777215,2026-02-01 07:52:07,28598864873,9,君若离去，我不独生。(Ne vivam si abis. ),颂乐人偶,114074180388181,TJA,TJA
祥子重组C团结果发现睦不来，wc好想笑,553.51,1,16777215,2026-01-27 16:14:08,28598864873,9,君若离去，我不独生。(Ne vivam si abis. ),颂乐人偶,114074180388181,Cwc,Cwc
FE!N FE!N FE!N FE!N FE!N FE!N FE!N FE!N ,1225.929,5,16777215,2026-01-25 01:20:46,28598864873,9,君若离去，我不独生。(Ne vivam si abis. ),颂乐人偶,114074180388181,FEN FEN FEN FEN FEN FEN FEN FEN,FEN FEN FEN FEN FEN FEN FEN FEN
D团belike,1266.455,1,16777215,2026-01-15 19:34:18,28598864873,9,君若离去，我不独生。(Ne vivam si abis. ),颂乐人偶,114074180388181,Dbelike,Dbelike
miao mu~,497.236,1,16777215,2026-01-05 19:55:31,28598864873,9,君若离去，我不独生。(Ne vivam si abis. ),颂乐人偶,114074180388181,miao mu,miao mu
太OOC了,1261.456,1,16777215,2026-01-03 22:35:45,28598864873,9,君若离去，我不独生。(Ne vivam si abis. ),颂乐人偶,114074180388181,OOC,OOC
dw,1041.235,1,16777215,2026-01-03 19:06:11,28598864873,9,君若离去，我不独生。(Ne vivam si abis. ),颂乐人偶,114074180388181,dw,dw
太bt了，大祥老师,345.833,1,16777215,2026-01-03 15:28:59,28598864873,9,君若离去，我不独生。(Ne vivam si abis. ),颂乐人偶,114074180388181,bt,bt
manzone,1042.462,5,13369971,2025-12-29 21:04:52,28598864873,9,君若离去，我不独生。(Ne vivam si abis. ),颂乐人偶,114074180388181,manzone,manzone
ano：我也是你们play中的一环吗？,354.861,1,13369971,2025-12-19 03:29:26,28598864873,9,君若离去，我不独生。(Ne vivam si abis. ),颂乐人偶,114074180388181,anoplay,anoplay
学akl真伤kda双修出道说是,357.347,1,16777215,2025-12-15 23:33:44,28598864873,9,君若离去，我不独生。(Ne vivam si abis. ),颂乐人偶,114074180388181,aklkda,aklkda
i音T V,351.1,1,16777215,2025-12-15 22:30:40,28598864873,9,君若离去，我不独生。(Ne vivam si abis. ),颂乐人偶,114074180388181,iT V,iT V
mutu木头这段看不懂，不是他力气这么大就把她扔了哈哈,1033.842,1,16777215,2025-12-15 15:41:47,28598864873,9,君若离去，我不独生。(Ne vivam si abis. ),颂乐人偶,114074180388181,mutu,mutu
溜冰（Ver.败者食尘）,259.339,5,16777215,2025-12-04 10:00:16,28598864873,9,君若离去，我不独生。(Ne vivam si abis. ),颂乐人偶,114074180388181,Ver,Ver
居然还是nikon,758.274,1,16707842,2025-11-30 19:43:29,28598864873,9,君若离去，我不独生。(Ne vivam si abis. ),颂乐人偶,114074180388181,nikon,nikon
mzK！,493.744,1,16777215,2025-11-27 22:33:42,28598864873,9,君若离去，我不独生。(Ne vivam si abis. ),颂乐人偶,114074180388181,mzK,mzK
win win win～,500.326,5,6830715,2025-11-26 14:34:37,28598864873,9,君若离去，我不独生。(Ne vivam si abis. ),颂乐人偶,114074180388181,win win win,win win win
ave mujica 的第一条规则：不要谈论ave mujica,216.859,5,16777215,2025-11-26 14:27:09,28598864873,9,君若离去，我不独生。(Ne vivam si abis. ),颂乐人偶,114074180388181,ave mujica ave mujica,ave mujica ave mujica
winwin,499.523,1,16777215,2025-11-20 23:11:26,28598864873,9,君若离去，我不独生。(Ne vivam si abis. ),颂乐人偶,114074180388181,winwin,winwin
就非得当着爱音的面为了C团解散GO团吗,495.0,5,15138834,2025-11-14 18:03:31,28598864873,9,君若离去，我不独生。(Ne vivam si abis. ),颂乐人偶,114074180388181,CGO,CGO
wcwc,1287.89,1,16777215,2025-11-12 12:16:11,28598864873,9,君若离去，我不独生。(Ne vivam si abis. ),颂乐人偶,114074180388181,wcwc,wcwc
kimo,1363.38,1,16777215,2025-11-10 22:34:00,28598864873,9,君若离去，我不独生。(Ne vivam si abis. ),颂乐人偶,114074180388181,kimo,kimo
Saya！,8.513,5,41194,2025-11-07 22:55:34,28598864873,9,君若离去，我不独生。(Ne vivam si abis. ),颂乐人偶,114074180388181,Saya,Saya
致命ID是吧,1081.452,1,16777215,2025-11-04 18:22:18,28598864873,9,君若离去，我不独生。(Ne vivam si abis. ),颂乐人偶,114074180388181,ID,ID
玩乐队miaomu登山了,715.019,5,16646914,2025-10-29 18:34:45,28598864873,9,君若离去，我不独生。(Ne vivam si abis. ),颂乐人偶,114074180388181,miaomu,miaomu
好了，现在母鸡卡也有krkr了,725.688,5,16777215,2025-03-13 22:09:11,28838857773,11,纵使焚身成灰，我亦要爱你。（Te ustus amem.）,颂乐人偶,114153133968079,krkr,krkr
日本不发id卡是吧,932.515,1,16777215,2025-03-13 22:11:37,28838857773,11,纵使焚身成灰，我亦要爱你。（Te ustus amem.）,颂乐人偶,114153133968079,id,id
初音得了mvp 初华躺赢go,780.37,1,16777215,2025-03-13 22:16:13,28838857773,11,纵使焚身成灰，我亦要爱你。（Te ustus amem.）,颂乐人偶,114153133968079,mvp go,mvp go
《假装悲剧》，注意，Doloris的本意是“悲伤”，而恰好丰川初音她“不惧悲伤”,811.927,5,15772458,2025-03-14 00:17:11,28838857773,11,纵使焚身成灰，我亦要爱你。（Te ustus amem.）,颂乐人偶,114153133968079,Doloris“”“”,Doloris “ ” “ ”
真初华：你冒充我当了好几年偶像，Man!我没意见,885.177,5,16777215,2025-03-13 23:31:46,28838857773,11,纵使焚身成灰，我亦要爱你。（Te ustus amem.）,颂乐人偶,114153133968079,Man,Man
saki酱！saki酱！saki酱！saki酱！saki酱！saki酱！saki酱！saki酱！saki酱！saki酱！saki酱！saki酱！saki酱！saki酱！saki酱！saki酱！saki,834.242,5,16777215,2025-08-27 02:40:08,28838857773,11,纵使焚身成灰，我亦要爱你。（Te ustus amem.）,颂乐人偶,114153133968079,sakisakisakisakisakisakisakisakisakisakisakisakisakisakisakisakisaki,sakisakisakisakisakisakisakisakisakisakisakisakisakisakisakisakisaki
有Sakura在，所以不害怕,609.523,5,16777215,2025-08-21 19:15:28,28838857773,11,纵使焚身成灰，我亦要爱你。（Te ustus amem.）,颂乐人偶,114153133968079,Sakura,Sakura
有一种EVA TV最后一集的感觉,1184.581,1,16777215,2026-01-15 23:04:04,28838857773,11,纵使焚身成灰，我亦要爱你。（Te ustus amem.）,颂乐人偶,114153133968079,EVA TV,EVA TV
OP起手o,24.117,1,16777215,2025-03-13 22:00:31,28838857773,11,纵使焚身成灰，我亦要爱你。（Te ustus amem.）,颂乐人偶,114153133968079,OPo,OPo
saki酱●▜▜▙saki酱●▜▜▙saki酱●▜▜▙saki酱●▜▜▙saki酱●▜▜▙saki酱●▜▜▙saki酱●▜▜▙saki酱●▜▜▙saki酱●▜▜▙saki酱●▜▜▙saki酱●▜▜▙,846.119,1,16777215,2025-07-12 00:23:46,28838857773,11,纵使焚身成灰，我亦要爱你。（Te ustus amem.）,颂乐人偶,114153133968079,sakisakisakisakisakisakisakisakisakisakisaki,sakisakisakisakisakisakisakisakisakisakisaki
flash out！,581.094,1,9487136,2026-01-05 03:02:20,28838857773,11,纵使焚身成灰，我亦要爱你。（Te ustus amem.）,颂乐人偶,114153133968079,flash out,flash out
空无一人的sekai,619.956,1,16777215,2025-10-08 13:36:08,28838857773,11,纵使焚身成灰，我亦要爱你。（Te ustus amem.）,颂乐人偶,114153133968079,sekai,sekai
hi,770.168,1,16777215,2026-03-26 03:27:35,28838857773,11,纵使焚身成灰，我亦要爱你。（Te ustus amem.）,颂乐人偶,114153133968079,hi,hi
star✩beat,266.737,1,15772458,2026-02-23 13:08:15,28838857773,11,纵使焚身成灰，我亦要爱你。（Te ustus amem.）,颂乐人偶,114153133968079,starbeat,starbeat
saki酱●▛▙saki酱●▛▙saki酱●▛▙saki酱●▛▙saki酱●▛▙saki酱●▛▙,127.868,1,16777215,2026-02-19 11:50:02,28838857773,11,纵使焚身成灰，我亦要爱你。（Te ustus amem.）,颂乐人偶,114153133968079,sakisakisakisakisakisaki,sakisakisakisakisakisaki
别人：Mujica动画没有kirakira 我：,726.615,5,16777215,2026-02-02 01:45:28,28838857773,11,纵使焚身成灰，我亦要爱你。（Te ustus amem.）,颂乐人偶,114153133968079,Mujicakirakira,Mujicakirakira
orz祥子orz祥子orz祥子,845.181,5,16707842,2026-01-15 01:50:48,28838857773,11,纵使焚身成灰，我亦要爱你。（Te ustus amem.）,颂乐人偶,114153133968079,orzorzorz,orzorzorz
看起来柿本广大已经陷入ta的艺术中无法自拔了。,830.33,1,15138834,2025-09-21 01:22:18,28838857773,11,纵使焚身成灰，我亦要爱你。（Te ustus amem.）,颂乐人偶,114153133968079,ta,ta
突然出现的意义不明的gala立绘.jpg,508.948,5,16777215,2025-09-17 00:28:18,28838857773,11,纵使焚身成灰，我亦要爱你。（Te ustus amem.）,颂乐人偶,114153133968079,galajpg,galajpg
\o/\o/\o/\o/\o/\o/\o/\o/\o/\o/\o/\o/\o/\o/\o/\o/\o/\o/\o/\o/\o/\o/\o/\o/\o/\o/\o/\o/\o/\o/\o/\o/\o/,1240.819,1,16777215,2025-08-24 01:22:32,28838857773,11,纵使焚身成灰，我亦要爱你。（Te ustus amem.）,颂乐人偶,114153133968079,ooooooooooooooooooooooooooooooooo,ooooooooooooooooooooooooooooooooo
ED太好听了,1378.46,1,16777215,2025-08-06 02:43:30,28838857773,11,纵使焚身成灰，我亦要爱你。（Te ustus amem.）,颂乐人偶,114153133968079,ED,ED
SSVGG,764.51,1,16777215,2025-08-03 19:41:29,28838857773,11,纵使焚身成灰，我亦要爱你。（Te ustus amem.）,颂乐人偶,114153133968079,SSVGG,SSVGG
哪怕一整级放sumini的歌也好,965.999,1,16777215,2025-06-26 18:02:15,28838857773,11,纵使焚身成灰，我亦要爱你。（Te ustus amem.）,颂乐人偶,114153133968079,sumini,sumini
SiX（）,96.233,1,16777215,2025-03-13 22:02:29,28838857773,11,纵使焚身成灰，我亦要爱你。（Te ustus amem.）,颂乐人偶,114153133968079,SiX,SiX
v我50即可观看疯狂星期四,48.584,1,16777215,2025-03-13 22:02:17,28838857773,11,纵使焚身成灰，我亦要爱你。（Te ustus amem.）,颂乐人偶,114153133968079,v50,v50
不得不说，果然有miku风范,92.414,5,16777215,2025-03-13 22:01:55,28838857773,11,纵使焚身成灰，我亦要爱你。（Te ustus amem.）,颂乐人偶,114153133968079,miku,miku
W T F!!!,138.212,1,16777215,2025-03-13 22:01:37,28838857773,11,纵使焚身成灰，我亦要爱你。（Te ustus amem.）,颂乐人偶,114153133968079,W T F,W T F
kirakira（2/1）,973.091,5,16777215,2026-04-27 09:06:02,28838857773,11,纵使焚身成灰，我亦要爱你。（Te ustus amem.）,颂乐人偶,114153133968079,kirakira21,kirakira21
这真的还是dkrkrdkdk吗,863.004,1,16777215,2026-04-10 11:54:48,28838857773,11,纵使焚身成灰，我亦要爱你。（Te ustus amem.）,颂乐人偶,114153133968079,dkrkrdkdk,dkrkrdkdk
●▛▙saki酱●▛▙saki酱●▛▙saki酱●▛▙saki酱●▛▙saki酱●▛▙saki酱●▛▙saki酱●▛▙saki酱●▛▙saki酱●▛▙saki酱●▛▙saki酱●▛▙saki酱●▛▙s,836.071,1,16777215,2026-04-09 21:54:54,28838857773,11,纵使焚身成灰，我亦要爱你。（Te ustus amem.）,颂乐人偶,114153133968079,sakisakisakisakisakisakisakisakisakisakisakisakis,sakisakisakisakisakisakisakisakisakisakisakisakis
krkr dkdk,646.754,1,16777215,2026-04-07 00:21:47,28838857773,11,纵使焚身成灰，我亦要爱你。（Te ustus amem.）,颂乐人偶,114153133968079,krkr dkdk,krkr dkdk
母亲多数基因都是AA这种显性呗,228.38,1,16777215,2026-03-31 04:25:29,28838857773,11,纵使焚身成灰，我亦要爱你。（Te ustus amem.）,颂乐人偶,114153133968079,AA,AA
saki酱●▛▙saki酱●▛▙saki酱●▛▙saki酱●▛▙saki酱●▛▙saki酱●▛▙saki酱●▛▙saki酱●▛▙saki酱●▛▙saki酱●▛▙saki酱●▛▙saki酱●▛▙saki,838.228,1,16777215,2026-03-15 11:10:43,28838857773,11,纵使焚身成灰，我亦要爱你。（Te ustus amem.）,颂乐人偶,114153133968079,sakisakisakisakisakisakisakisakisakisakisakisakisaki,sakisakisakisakisakisakisakisakisakisakisakisakisaki
Ha？,1344.638,1,16777215,2026-03-04 21:27:25,28838857773,11,纵使焚身成灰，我亦要爱你。（Te ustus amem.）,颂乐人偶,114153133968079,Ha,Ha
what？,138.271,1,16777215,2026-02-24 09:29:14,28838857773,11,纵使焚身成灰，我亦要爱你。（Te ustus amem.）,颂乐人偶,114153133968079,what,what
dsa,676.45,1,16777215,2026-02-20 21:19:45,28838857773,11,纵使焚身成灰，我亦要爱你。（Te ustus amem.）,颂乐人偶,114153133968079,dsa,dsa
Op好看到不舍得跳过,43.242,1,16777215,2026-02-18 14:05:27,28838857773,11,纵使焚身成灰，我亦要爱你。（Te ustus amem.）,颂乐人偶,114153133968079,Op,Op
168e估计是老登陷害祥爸的吧,1139.184,1,16777215,2026-02-16 07:24:48,28838857773,11,纵使焚身成灰，我亦要爱你。（Te ustus amem.）,颂乐人偶,114153133968079,168e,168e
我是重音TETO,545.316,1,16777215,2026-02-14 15:29:56,28838857773,11,纵使焚身成灰，我亦要爱你。（Te ustus amem.）,颂乐人偶,114153133968079,TETO,TETO
第一句cpu就烧了,138.024,1,16777215,2026-01-23 10:17:37,28838857773,11,纵使焚身成灰，我亦要爱你。（Te ustus amem.）,颂乐人偶,114153133968079,cpu,cpu
saki酱●▛▙saki酱●▛▙saki酱●▛▙saki酱●▛▙saki酱●▛▙saki酱●▛▙saki酱●▛▙saki酱●▛▙saki酱●▛▙saki酱●▛▙saki酱●▛▙saki酱,860.886,1,16777215,2026-01-20 01:15:37,28838857773,11,纵使焚身成灰，我亦要爱你。（Te ustus amem.）,颂乐人偶,114153133968079,sakisakisakisakisakisakisakisakisakisakisakisaki,sakisakisakisakisakisakisakisakisakisakisakisaki
saki酱saki酱saki酱saki酱saki酱saki酱saki酱！！！！！！！,847.384,5,16777215,2026-01-16 21:18:55,28838857773,11,纵使焚身成灰，我亦要爱你。（Te ustus amem.）,颂乐人偶,114153133968079,sakisakisakisakisakisakisaki,sakisakisakisakisakisakisaki
qs,390.668,1,16777215,2026-01-13 03:58:42,28838857773,11,纵使焚身成灰，我亦要爱你。（Te ustus amem.）,颂乐人偶,114153133968079,qs,qs
KING将军,1253.683,1,16777215,2026-01-09 00:33:32,28838857773,11,纵使焚身成灰，我亦要爱你。（Te ustus amem.）,颂乐人偶,114153133968079,KING,KING
bu？,1120.513,1,16777215,2026-01-02 22:07:57,28838857773,11,纵使焚身成灰，我亦要爱你。（Te ustus amem.）,颂乐人偶,114153133968079,bu,bu
Leoneed,629.734,1,16777215,2026-01-01 18:51:08,28838857773,11,纵使焚身成灰，我亦要爱你。（Te ustus amem.）,颂乐人偶,114153133968079,Leoneed,Leoneed
saki酱●▛▙saki酱●▛▙saki酱●▛▙saki酱●▛▙saki酱●▛▙saki酱●▛▙saki酱●▛▙saki酱●▛▙saki酱●▛▙saki酱●▛▙,859.203,5,16646914,2025-12-20 19:53:15,28838857773,11,纵使焚身成灰，我亦要爱你。（Te ustus amem.）,颂乐人偶,114153133968079,sakisakisakisakisakisakisakisakisakisaki,sakisakisakisakisakisakisakisakisakisaki
akaza,632.711,5,16777215,2025-12-11 13:03:17,28838857773,11,纵使焚身成灰，我亦要爱你。（Te ustus amem.）,颂乐人偶,114153133968079,akaza,akaza
重 音 teto,450.22,1,15138834,2025-12-07 19:21:39,28838857773,11,纵使焚身成灰，我亦要爱你。（Te ustus amem.）,颂乐人偶,114153133968079,teto,teto
h y w,1137.404,1,16777215,2025-11-26 19:06:28,28838857773,11,纵使焚身成灰，我亦要爱你。（Te ustus amem.）,颂乐人偶,114153133968079,h y w,h y w
小祥on.,941.025,1,16777215,2025-11-17 23:26:09,28838857773,11,纵使焚身成灰，我亦要爱你。（Te ustus amem.）,颂乐人偶,114153133968079,on,on
Here，the world,955.459,5,38979,2025-11-16 16:35:51,28838857773,11,纵使焚身成灰，我亦要爱你。（Te ustus amem.）,颂乐人偶,114153133968079,Herethe world,Herethe world
还有k1的事,597.145,1,16777215,2025-11-12 21:50:40,28838857773,11,纵使焚身成灰，我亦要爱你。（Te ustus amem.）,颂乐人偶,114153133968079,k1,k1
也对，姥爷怎么可能kl,1121.409,1,16777215,2025-11-07 13:29:40,28838857773,11,纵使焚身成灰，我亦要爱你。（Te ustus amem.）,颂乐人偶,114153133968079,kl,kl
sora,843.7,1,16777215,2025-11-03 20:08:01,28838857773,11,纵使焚身成灰，我亦要爱你。（Te ustus amem.）,颂乐人偶,114153133968079,sora,sora
少年jump,1313.482,1,16777215,2025-10-31 16:39:54,28838857773,11,纵使焚身成灰，我亦要爱你。（Te ustus amem.）,颂乐人偶,114153133968079,jump,jump
zy,645.352,1,16777215,2025-10-27 18:04:50,28838857773,11,纵使焚身成灰，我亦要爱你。（Te ustus amem.）,颂乐人偶,114153133968079,zy,zy
上次还是EVA的TV剧25，26集让我吃这种东西,774.623,1,16777215,2025-10-25 19:07:33,28838857773,11,纵使焚身成灰，我亦要爱你。（Te ustus amem.）,颂乐人偶,114153133968079,EVATV2526,EVATV2526
tl他们那边能看到那么多吗,654.671,1,16777215,2025-10-20 08:49:30,28838857773,11,纵使焚身成灰，我亦要爱你。（Te ustus amem.）,颂乐人偶,114153133968079,tl,tl
已经不能再忍受了…♡最、最喜欢mujica了！…♡像个笨蛋一样♡…一直、一直都在忍受着对mujica的爱…♡心里一直都是mujica！♡我真的、真的很喜欢…♡呜呜…mujica、mujica的样子已经,1324.052,1,16707842,2025-10-10 17:20:36,28838857773,11,纵使焚身成灰，我亦要爱你。（Te ustus amem.）,颂乐人偶,114153133968079,mujicamujicamujicamujicamujica,mujicamujicamujicamujicamujica
saki酱！saki酱！祥子●▛▙祥子●▛▙祥子●▛▙祥子●▛▙祥子●▛▙祥子●▛▙祥子●▛▙祥子●▛▙祥子●▛▙祥子●▛▙祥子●▛▙祥子●▛▙祥子●▛▙祥子●▛▙祥子●▛▙祥子●▛▙祥子●▛▙祥子●,839.723,5,16777215,2025-10-07 12:04:06,28838857773,11,纵使焚身成灰，我亦要爱你。（Te ustus amem.）,颂乐人偶,114153133968079,sakisaki,sakisaki
saki酱！saki酱！saki酱！saki酱！saki酱！saki酱！saki酱！saki酱！saki酱！saki酱！saki酱！saki酱！saki酱！saki酱！saki酱！saki酱！,836.855,1,16777215,2025-10-07 12:03:30,28838857773,11,纵使焚身成灰，我亦要爱你。（Te ustus amem.）,颂乐人偶,114153133968079,sakisakisakisakisakisakisakisakisakisakisakisakisakisakisakisaki,sakisakisakisakisakisakisakisakisakisakisakisakisakisakisakisaki
summi呢,695.009,1,16777215,2025-10-04 23:17:39,28838857773,11,纵使焚身成灰，我亦要爱你。（Te ustus amem.）,颂乐人偶,114153133968079,summi,summi
聊天框信息全都是单向，和soyo发给我一样Yeah～,1270.397,1,16777215,2025-10-01 20:20:10,28838857773,11,纵使焚身成灰，我亦要爱你。（Te ustus amem.）,颂乐人偶,114153133968079,soyoYeah,soyoYeah
