content,time,mode,color,send_time,cid,episode,episode_title,anime_title,aid,clean_content,segmented
我一个人大概就贡献了一千次播放.jpg,501.609,5,16777215,2024-12-14 10:13:41,27304791328,1,东京号子,少女乐队的呐喊,113639415680527,jpg,jpg
此处省：mmk：是男生啦 不过他的恋爱对象也是男生,954.287,1,16777215,2024-12-14 17:10:56,27304791328,1,东京号子,少女乐队的呐喊,113639415680527,mmk,mmk
笑点解析：小孩姐比soyo大一岁,117.683,5,16755202,2024-12-14 10:31:45,27304791328,1,东京号子,少女乐队的呐喊,113639415680527,soyo,soyo
第一次从农村到大城市的我belike,285.283,5,16707842,2024-12-14 10:12:52,27304791328,1,东京号子,少女乐队的呐喊,113639415680527,belike,belike
nina：是您演的吗,512.024,5,16777215,2024-12-14 10:53:46,27304791328,1,东京号子,少女乐队的呐喊,113639415680527,nina,nina
玩音乐的多少都是感性之人，路人此情此景没主动换bass只能说确实没带,1334.038,5,16776960,2024-12-25 19:02:57,27304791328,1,东京号子,少女乐队的呐喊,113639415680527,bass,bass
唱春日影所以解散了（bushi,1077.461,5,16777215,2025-01-22 16:32:28,27304791328,1,东京号子,少女乐队的呐喊,113639415680527,bushi,bushi
不来一首sumimi的歌吗,1126.148,1,16777215,2024-12-17 15:26:41,27304791328,1,东京号子,少女乐队的呐喊,113639415680527,sumimi,sumimi
OP变调小曲,245.89,1,16777215,2024-12-14 10:06:16,27304791328,1,东京号子,少女乐队的呐喊,113639415680527,OP,OP
幻视wowaka了,524.024,1,16777215,2024-12-14 10:05:22,27304791328,1,东京号子,少女乐队的呐喊,113639415680527,wowaka,wowaka
AT立场，开！,1002.613,5,16646914,2024-12-14 10:21:18,27304791328,1,东京号子,少女乐队的呐喊,113639415680527,AT,AT
珍惜现在的mmk和nina吧,542.933,1,16777215,2024-12-15 23:03:56,27304791328,1,东京号子,少女乐队的呐喊,113639415680527,mmknina,mmknina
mmk：他有对象，顺带一提他对象也是个男的 nina：啊，东京好可怕！,960.48,5,16777215,2024-12-14 11:10:58,27304791328,1,东京号子,少女乐队的呐喊,113639415680527,mmk nina,mmk nina
获得神器【仙贝祝福之吉他】x1,1187.539,5,16646914,2025-01-28 11:20:06,27304791328,1,东京号子,少女乐队的呐喊,113639415680527,x1,x1
唯一一个没看过番却熟悉的op,226.113,5,14811775,2025-05-23 00:01:54,27304791328,1,东京号子,少女乐队的呐喊,113639415680527,op,op
哈哈哈哈哈哈哈哈哈这里处理的还行吧hhhhhh,599.741,1,16777215,2024-12-14 11:22:39,27304791328,1,东京号子,少女乐队的呐喊,113639415680527,hhhhhh,hhhhhh
GTR的小曲,362.163,5,15138834,2024-12-14 11:10:31,27304791328,1,东京号子,少女乐队的呐喊,113639415680527,GTR,GTR
Nina期待的小表情,1148.327,1,16777215,2024-12-15 08:13:39,27304791328,1,东京号子,少女乐队的呐喊,113639415680527,Nina,Nina
好go的色调啊,1158.814,5,15138834,2024-12-14 21:07:00,27304791328,1,东京号子,少女乐队的呐喊,113639415680527,go,go
A·T Field展開,380.726,1,16777215,2024-12-14 10:27:55,27304791328,1,东京号子,少女乐队的呐喊,113639415680527,AT Field,AT Field
coke,777.752,1,16777215,2024-12-14 10:24:10,27304791328,1,东京号子,少女乐队的呐喊,113639415680527,coke,coke
第一次看，mmk为什么无缘无故被追啊（可恶的阿B(●__●),591.878,1,16777215,2024-12-14 10:36:27,27304791328,1,东京号子,少女乐队的呐喊,113639415680527,mmkB,mmkB
我一个人就贡献了1000播放量.jpg,885.462,5,15138834,2025-02-02 01:58:27,27304791328,1,东京号子,少女乐队的呐喊,113639415680527,1000jpg,1000jpg
prprpr,876.567,1,16777215,2024-12-14 11:59:45,27304791328,1,东京号子,少女乐队的呐喊,113639415680527,prprpr,prprpr
哦第一次我 ke摩托的时候——,425.391,5,15138834,2024-12-15 14:08:05,27304791328,1,东京号子,少女乐队的呐喊,113639415680527,ke,ke
这个阿姨是后面mmk和27泼水那家餐馆的老板娘,334.58,5,16777215,2024-12-30 12:36:14,27304791328,1,东京号子,少女乐队的呐喊,113639415680527,mmk27,mmk27
空箱是Nina的救赎，春日影则是c团众人内心的写照,1109.491,1,16777215,2024-12-14 17:46:43,27304791328,1,东京号子,少女乐队的呐喊,113639415680527,Ninac,Ninac
给新观众解释一下：mmk室友是gay,962.516,5,14811775,2024-12-14 10:29:25,27304791328,1,东京号子,少女乐队的呐喊,113639415680527,mmkgay,mmkgay
BGM:春日影,466.407,1,16777215,2025-01-05 01:56:27,27304791328,1,东京号子,少女乐队的呐喊,113639415680527,BGM,BGM
长大要当安东星人，bvvd可高兴了,40.054,5,15138834,2025-04-24 19:41:51,27304791328,1,东京号子,少女乐队的呐喊,113639415680527,bvvd,bvvd
MMK开心的拍起了肚皮,1119.49,5,8700107,2025-02-16 20:51:08,27304791328,1,东京号子,少女乐队的呐喊,113639415680527,MMK,MMK
《bilibili正版》,757.534,1,16777215,2024-12-16 22:02:07,27304791328,1,东京号子,少女乐队的呐喊,113639415680527,bilibili,bilibili
Here~the world,1113.195,5,16765698,2025-08-13 01:04:06,27304791328,1,东京号子,少女乐队的呐喊,113639415680527,Herethe world,Herethe world
登录第2天即可领取mmk的电吉他,1187.474,5,16777215,2026-02-22 00:41:03,27304791328,1,东京号子,少女乐队的呐喊,113639415680527,2mmk,2mmk
mmk:666盒（bushi）,477.963,5,16707842,2025-08-12 22:08:07,27304791328,1,东京号子,少女乐队的呐喊,113639415680527,mmk666bushi,mmk666bushi
mmk桑，她可是把你17岁的心声听了1000遍啊,503.612,1,16777215,2025-08-23 20:41:05,27304791328,1,东京号子,少女乐队的呐喊,113639415680527,mmk171000,mmk171000
大家不要试啊…现实里早被后面俩人打了TwT,1326.396,5,16777215,2025-08-22 19:05:59,27304791328,1,东京号子,少女乐队的呐喊,113639415680527,TwT,TwT
这句话让我想起轻音里“不是很精彩呢”TAT,802.572,5,16777215,2025-10-29 21:32:58,27304791328,1,东京号子,少女乐队的呐喊,113639415680527,“”TAT,“ ” TAT
内心os:我看起来有那么老吗(doge),833.763,5,15772458,2025-11-02 21:25:04,27304791328,1,东京号子,少女乐队的呐喊,113639415680527,osdoge,osdoge
666经典OP变调当插曲,261.555,1,16777215,2025-08-21 17:24:20,27304791328,1,东京号子,少女乐队的呐喊,113639415680527,666OP,666OP
这里缺少的片段：mmk：“是男的，但是他喜欢的也是男性哦”,959.598,5,41194,2026-04-24 11:17:53,27304791328,1,东京号子,少女乐队的呐喊,113639415680527,mmk“”,mmk “ ”
千早爱音：我在演出前还只会C和弦，我是最棒的小羊（ky致歉）,808.056,1,16777215,2026-02-02 20:06:42,27304791328,1,东京号子,少女乐队的呐喊,113639415680527,Cky,Cky
我要退出crychic,847.482,1,16777215,2025-12-23 18:54:56,27304791328,1,东京号子,少女乐队的呐喊,113639415680527,crychic,crychic
『The World』!,1369.405,5,16707842,2025-10-03 15:33:20,27304791328,1,东京号子,少女乐队的呐喊,113639415680527,The World,The World
2500rmb,982.73,1,16777215,2025-10-03 14:48:03,27304791328,1,东京号子,少女乐队的呐喊,113639415680527,2500rmb,2500rmb
川崎·极光7（bushi,636.029,5,16777215,2025-08-10 19:42:21,27304791328,1,东京号子,少女乐队的呐喊,113639415680527,7bushi,7bushi
说的是谁啊，好难猜啊，你说是吧saki,891.751,5,16777215,2026-02-18 19:54:04,27304791328,1,东京号子,少女乐队的呐喊,113639415680527,saki,saki
笑死我了hhhhh,278.656,5,16646914,2025-12-24 19:46:55,27304791328,1,东京号子,少女乐队的呐喊,113639415680527,hhhhh,hhhhh
贝斯手hide了,1380.167,1,16777215,2025-10-14 02:46:05,27304791328,1,东京号子,少女乐队的呐喊,113639415680527,hide,hide
此时不go何时go,1054.332,5,16777215,2025-10-01 17:56:56,27304791328,1,东京号子,少女乐队的呐喊,113639415680527,gogo,gogo
at力场开！,1007.485,1,16777215,2025-09-18 10:31:22,27304791328,1,东京号子,少女乐队的呐喊,113639415680527,at,at
iPhone 11 ！！！,65.682,5,15138834,2025-08-27 21:10:05,27304791328,1,东京号子,少女乐队的呐喊,113639415680527,iPhone 11,iPhone 11
芬达做旧部门的日常be like,1237.815,5,104601,2025-08-23 21:03:06,27304791328,1,东京号子,少女乐队的呐喊,113639415680527,be like,be like
哪个人才想出来的yoasobi,563.389,1,16777215,2025-08-22 01:04:05,27304791328,1,东京号子,少女乐队的呐喊,113639415680527,yoasobi,yoasobi
仁菜用的是iphone12诶,64.37,5,4351678,2026-03-03 00:21:41,27304791328,1,东京号子,少女乐队的呐喊,113639415680527,iphone12,iphone12
kksk,1275.837,1,16777215,2026-02-22 13:44:57,27304791328,1,东京号子,少女乐队的呐喊,113639415680527,kksk,kksk
hhh&hhhh,288.35,5,16777215,2025-10-14 13:30:10,27304791328,1,东京号子,少女乐队的呐喊,113639415680527,hhhhhhh,hhhhhhh
好可爱！ Qq弹弹的！,904.064,1,16777215,2025-10-12 20:46:57,27304791328,1,东京号子,少女乐队的呐喊,113639415680527,Qq,Qq
为什么急了呢，get不到啥意思,1015.688,1,16777215,2025-09-29 20:27:39,27304791328,1,东京号子,少女乐队的呐喊,113639415680527,get,get
withtoday,101.795,1,16777215,2025-09-26 22:54:20,27304791328,1,东京号子,少女乐队的呐喊,113639415680527,withtoday,withtoday
好想成为人类啊desuwa！！！！！,597.486,5,41194,2025-09-24 09:32:12,27304791328,1,东京号子,少女乐队的呐喊,113639415680527,desuwa,desuwa
K-on！,852.222,1,16777215,2025-09-08 01:09:56,27304791328,1,东京号子,少女乐队的呐喊,113639415680527,Kon,Kon
fender做旧部日常,1245.286,1,16777215,2025-08-31 00:17:49,27304791328,1,东京号子,少女乐队的呐喊,113639415680527,fender,fender
爱琴TV,1225.481,1,16777215,2025-08-26 20:59:36,27304791328,1,东京号子,少女乐队的呐喊,113639415680527,TV,TV
wc，冰,151.771,1,16777215,2025-08-26 19:46:05,27304791328,1,东京号子,少女乐队的呐喊,113639415680527,wc,wc
一看就是CS重度做旧,471.722,1,16777215,2025-08-19 23:53:13,27304791328,1,东京号子,少女乐队的呐喊,113639415680527,CS,CS
坏了，ba玩家还在追我,1191.893,1,16777215,2025-08-16 20:56:37,27304791328,1,东京号子,少女乐队的呐喊,113639415680527,ba,ba
air jo r don,42.579,1,16777215,2025-08-14 22:21:08,27304791328,1,东京号子,少女乐队的呐喊,113639415680527,air jo r don,air jo r don
Cost off,1392.109,1,16777215,2025-08-08 16:31:08,27304791328,1,东京号子,少女乐队的呐喊,113639415680527,Cost off,Cost off
Beat养的,893.463,1,16777215,2026-05-04 08:56:23,27304791328,1,东京号子,少女乐队的呐喊,113639415680527,Beat,Beat
呜呜高中想学音乐父母不让，现在28会弹吉他了TvT,842.97,1,16777215,2026-04-29 15:14:05,27304791328,1,东京号子,少女乐队的呐喊,113639415680527,28TvT,28TvT
no！！！！！吉他！！！！！,1239.106,1,16777215,2026-04-20 13:18:33,27304791328,1,东京号子,少女乐队的呐喊,113639415680527,no,no
kimio，namayowa,611.553,1,16777215,2026-04-20 12:29:40,27304791328,1,东京号子,少女乐队的呐喊,113639415680527,kimionamayowa,kimionamayowa
4块，不到5块买一张CD，比咸鱼还慈善啊,532.564,1,16777215,2026-04-20 12:27:43,27304791328,1,东京号子,少女乐队的呐喊,113639415680527,45CD,45CD
我累哇玉子码key那怒拖,612.67,1,16777215,2026-04-19 01:09:19,27304791328,1,东京号子,少女乐队的呐喊,113639415680527,key,key
QWQ,1037.957,1,16777215,2026-04-18 17:27:25,27304791328,1,东京号子,少女乐队的呐喊,113639415680527,QWQ,QWQ
前面喜欢川崎h2r的有品,671.084,1,16777215,2026-04-17 19:00:33,27304791328,1,东京号子,少女乐队的呐喊,113639415680527,h2r,h2r
那男的是gei,993.484,1,16777215,2026-04-12 01:37:38,27304791328,1,东京号子,少女乐队的呐喊,113639415680527,gei,gei
为什么后面像npc一样？,1365.784,1,16777215,2026-04-09 00:48:21,27304791328,1,东京号子,少女乐队的呐喊,113639415680527,npc,npc
我也是jo厨,1169.55,1,16777215,2026-04-08 00:16:35,27304791328,1,东京号子,少女乐队的呐喊,113639415680527,jo,jo
666按到f了,1353.63,1,16777215,2026-04-03 10:02:49,27304791328,1,东京号子,少女乐队的呐喊,113639415680527,666f,666f
beiaii,1378.488,1,16777215,2026-03-29 01:53:05,27304791328,1,东京号子,少女乐队的呐喊,113639415680527,beiaii,beiaii
p5r？,86.24,1,16777215,2026-03-23 22:40:32,27304791328,1,东京号子,少女乐队的呐喊,113639415680527,p5r,p5r
这个bgm原来从这来啊,725.186,5,16777215,2026-03-22 00:16:32,27304791328,1,东京号子,少女乐队的呐喊,113639415680527,bgm,bgm
我也喜欢川崎，川崎极光7 Pro,667.238,5,16777215,2026-03-20 21:22:28,27304791328,1,东京号子,少女乐队的呐喊,113639415680527,7 Pro,7 Pro
我也喜欢，Z900,659.104,1,16777215,2026-03-20 17:43:06,27304791328,1,东京号子,少女乐队的呐喊,113639415680527,Z900,Z900
lz,19.822,1,16777215,2026-03-19 17:15:37,27304791328,1,东京号子,少女乐队的呐喊,113639415680527,lz,lz
ps室友走这里是因为回房间要走这条过道,935.349,5,9033215,2026-03-15 01:28:51,27304791328,1,东京号子,少女乐队的呐喊,113639415680527,ps,ps
这里好萌好想rua,1089.646,1,9033215,2026-03-15 01:21:39,27304791328,1,东京号子,少女乐队的呐喊,113639415680527,rua,rua
3D的？,58.851,1,16777215,2026-03-08 18:52:00,27304791328,1,东京号子,少女乐队的呐喊,113639415680527,3D,3D
KKSK,93.521,1,16777215,2026-03-03 00:45:34,27304791328,1,东京号子,少女乐队的呐喊,113639415680527,KKSK,KKSK
ars行为,1193.594,1,16777215,2026-03-02 16:40:24,27304791328,1,东京号子,少女乐队的呐喊,113639415680527,ars,ars
后面俩NPC,1326.136,1,16777215,2026-02-28 23:38:58,27304791328,1,东京号子,少女乐队的呐喊,113639415680527,NPC,NPC
At立场全开,1006.836,1,16777215,2026-02-25 22:02:43,27304791328,1,东京号子,少女乐队的呐喊,113639415680527,At,At
听起来像Blues,271.528,1,16777215,2026-02-23 20:09:07,27304791328,1,东京号子,少女乐队的呐喊,113639415680527,Blues,Blues
nina用的是苹果11,402.687,1,16777215,2026-02-23 12:12:35,27304791328,1,东京号子,少女乐队的呐喊,113639415680527,nina11,nina11
熟悉的B GM,720.322,1,16777215,2026-02-23 00:42:57,27304791328,1,东京号子,少女乐队的呐喊,113639415680527,B GM,B GM
别问问就是cast off开加速了,1387.759,1,16777215,2026-02-23 00:33:31,27304791328,1,东京号子,少女乐队的呐喊,113639415680527,cast off,cast off
爱琴tv,1227.047,1,16777215,2026-02-20 18:17:31,27304791328,1,东京号子,少女乐队的呐喊,113639415680527,tv,tv
mmk；OoO,1013.783,1,41194,2026-02-19 21:53:32,27304791328,1,东京号子,少女乐队的呐喊,113639415680527,mmkOoO,mmkOoO
OoO,297.754,1,41194,2026-02-19 21:32:37,27304791328,1,东京号子,少女乐队的呐喊,113639415680527,OoO,OoO
2D的保洁,52.447,1,41194,2026-02-19 21:28:05,27304791328,1,东京号子,少女乐队的呐喊,113639415680527,2D,2D
A.T.field,371.237,1,16777215,2026-02-19 19:11:23,27304791328,1,东京号子,少女乐队的呐喊,113639415680527,ATfield,ATfield
WC冰,147.647,1,16777215,2026-02-17 21:59:23,27304791328,1,东京号子,少女乐队的呐喊,113639415680527,WC,WC
我这个门有点坏，要ong一下才得,747.52,1,16777215,2026-02-15 23:25:36,27304791328,1,东京号子,少女乐队的呐喊,113639415680527,ong,ong
anon,474.895,1,16777215,2026-02-15 19:44:40,27304791328,1,东京号子,少女乐队的呐喊,113639415680527,anon,anon
u>2f成倒立缩小实像,1367.906,5,16777215,2026-02-15 09:13:59,27304791328,1,东京号子,少女乐队的呐喊,113639415680527,u2f,u2f
iphone13,33.958,1,16777215,2026-02-14 19:33:57,27304791328,1,东京号子,少女乐队的呐喊,113639415680527,iphone13,iphone13
《mead：mead＞,914.384,1,16777215,2026-02-13 22:33:31,27304791328,1,东京号子,少女乐队的呐喊,113639415680527,meadmead,meadmead
这种p5感,75.94,1,16777215,2026-02-13 22:21:23,27304791328,1,东京号子,少女乐队的呐喊,113639415680527,p5,p5
祥子：device！哦（失望）没有接住,1114.484,5,16777215,2026-02-11 17:44:56,27304791328,1,东京号子,少女乐队的呐喊,113639415680527,device,device
Woc冰,158.902,1,16777215,2026-02-11 15:17:55,27304791328,1,东京号子,少女乐队的呐喊,113639415680527,Woc,Woc
w...wc。。再来一遍！！,233.883,1,16777215,2026-02-09 23:43:24,27304791328,1,东京号子,少女乐队的呐喊,113639415680527,wwc,wwc
帅气wink～,728.303,1,16777215,2026-02-09 16:49:45,27304791328,1,东京号子,少女乐队的呐喊,113639415680527,wink,wink
BAND ya lo!,1290.361,1,16777215,2026-02-03 21:09:32,27304791328,1,东京号子,少女乐队的呐喊,113639415680527,BAND ya lo,BAND ya lo
"mmk san,和我组一休的乐队吧",877.721,1,16777215,2026-02-03 20:58:45,27304791328,1,东京号子,少女乐队的呐喊,113639415680527,mmk san,mmk san
Tokyo,59.496,1,41194,2026-02-03 10:42:16,27304791328,1,东京号子,少女乐队的呐喊,113639415680527,Tokyo,Tokyo
好tin！,1409.936,1,16777215,2026-02-02 14:00:25,27304791328,1,东京号子,少女乐队的呐喊,113639415680527,tin,tin
NO！！,1242.153,1,16777215,2026-02-01 01:43:59,27304791328,1,东京号子,少女乐队的呐喊,113639415680527,NO,NO
阿B保留了一部分.doge,1199.467,5,16777215,2026-01-31 20:19:39,27304791328,1,东京号子,少女乐队的呐喊,113639415680527,Bdoge,Bdoge
平山理志，前LOVELIVE企划创始人,179.057,1,16777215,2026-01-29 21:13:27,27304791328,1,东京号子,少女乐队的呐喊,113639415680527,LOVELIVE,LOVELIVE
auv，（东）京爷您吉祥,268.963,1,16777215,2026-01-28 23:22:49,27304791328,1,东京号子,少女乐队的呐喊,113639415680527,auv,auv
sp,723.34,1,16777215,2026-01-25 11:16:15,27304791328,1,东京号子,少女乐队的呐喊,113639415680527,sp,sp
oh noooooo,1239.698,1,16777215,2026-01-24 01:15:08,27304791328,1,东京号子,少女乐队的呐喊,113639415680527,oh noooooo,oh noooooo
now i'm 17 ,834.46,1,16777215,2026-01-20 23:46:29,27304791328,1,东京号子,少女乐队的呐喊,113639415680527,now im 17,now im 17
刺团第一自由人nina，刺团第一道具手mmk,482.623,1,16777215,2026-01-19 19:14:12,27304791328,1,东京号子,少女乐队的呐喊,113639415680527,ninammk,ninammk
表达了nina27的思乡之情,684.042,1,16777215,2026-01-18 21:57:26,27304791328,1,东京号子,少女乐队的呐喊,113639415680527,nina27,nina27
我一个人大概就贡献了一千次播放.jp,511.71,1,16777215,2026-01-18 21:52:29,27304791328,1,东京号子,少女乐队的呐喊,113639415680527,jp,jp
首刷 cn衍生品,1.08,1,8700107,2026-01-18 19:37:30,27304791328,1,东京号子,少女乐队的呐喊,113639415680527,cn,cn
会好我是看完解说来看的，知道有什么（dog）,752.582,1,16777215,2026-01-17 19:03:22,27304791328,1,东京号子,少女乐队的呐喊,113639415680527,dog,dog
你被Fender做旧部门录取了,1241.899,1,16777215,2026-01-13 12:52:15,27304791328,1,东京号子,少女乐队的呐喊,113639415680527,Fender,Fender
致敬户山香澄3540日元将ars连人带琴娶走,1190.501,1,16777215,2026-01-12 02:06:31,27304791328,1,东京号子,少女乐队的呐喊,113639415680527,3540ars,3540ars
致敬传奇主唱cdd2周会弹会唱,821.976,1,16777215,2026-01-12 01:58:53,27304791328,1,东京号子,少女乐队的呐喊,113639415680527,cdd2,cdd2
kyn诱捕器,786.384,1,16777215,2026-01-12 01:58:17,27304791328,1,东京号子,少女乐队的呐喊,113639415680527,kyn,kyn
居然是new type,435.741,1,16777215,2026-01-12 00:07:46,27304791328,1,东京号子,少女乐队的呐喊,113639415680527,new type,new type
我刷过3d最好的一部,84.25,1,16777215,2026-01-09 21:27:17,27304791328,1,东京号子,少女乐队的呐喊,113639415680527,3d,3d
sodayo,502.065,1,16777215,2026-01-09 09:59:34,27304791328,1,东京号子,少女乐队的呐喊,113639415680527,sodayo,sodayo
池沼的486（bushi）,86.8,5,11890,2026-01-05 00:06:58,27304791328,1,东京号子,少女乐队的呐喊,113639415680527,486bushi,486bushi
awa,127.992,1,16777215,2026-01-02 21:04:45,27304791328,1,东京号子,少女乐队的呐喊,113639415680527,awa,awa
noooooo,1240.754,1,16777215,2025-12-30 00:06:48,27304791328,1,东京号子,少女乐队的呐喊,113639415680527,noooooo,noooooo
ber,741.597,1,16707842,2025-12-23 11:56:41,27304791328,1,东京号子,少女乐队的呐喊,113639415680527,ber,ber
yuzusoft：组一被子乐队,866.322,1,16777215,2025-12-21 22:40:51,27304791328,1,东京号子,少女乐队的呐喊,113639415680527,yuzusoft,yuzusoft
yes,16.387,1,16777215,2025-12-18 22:19:12,27304791328,1,东京号子,少女乐队的呐喊,113639415680527,yes,yes
hyw,1280.574,1,16777215,2025-12-18 15:08:49,27304791328,1,东京号子,少女乐队的呐喊,113639415680527,hyw,hyw
组一个JAGATARA一样的乐队吧,1068.49,1,16777215,2025-12-17 12:57:10,27304791328,1,东京号子,少女乐队的呐喊,113639415680527,JAGATARA,JAGATARA
saki酱saki酱saki酱,1256.404,1,16777215,2025-12-12 18:17:45,27304791328,1,东京号子,少女乐队的呐喊,113639415680527,sakisakisaki,sakisakisaki
wok窦唯,1088.631,1,16777215,2025-12-07 02:08:33,27304791328,1,东京号子,少女乐队的呐喊,113639415680527,wok,wok
竟敢舞使灯？（rikki音）,1181.756,1,16777215,2024-12-14 10:18:19,27304855342,2,三只夜行动物,少女乐队的呐喊,113639415745220,rikki,rikki
那一天下放到二线队的希若找到了自己的donk（不是）,755.792,1,16777215,2024-12-19 16:39:53,27304855342,2,三只夜行动物,少女乐队的呐喊,113639415745220,donk,donk
这不是CV，小孩姐是真乐队主唱,778.664,1,16777215,2024-12-14 20:34:51,27304855342,2,三只夜行动物,少女乐队的呐喊,113639415745220,CV,CV
按“E”打开冰箱,39.45,5,16777215,2025-01-10 14:20:54,27304855342,2,三只夜行动物,少女乐队的呐喊,113639415745220,“E”,“ E ”
mmk桑 love！,1288.128,1,16777215,2024-12-16 08:22:35,27304855342,2,三只夜行动物,少女乐队的呐喊,113639415745220,mmk love,mmk love
算了，阿B这操作见怪不怪了，反正已看过N遍了。,231.563,1,16777215,2024-12-14 10:57:18,27304855342,2,三只夜行动物,少女乐队的呐喊,113639415745220,BN,BN
想阻止nina去帮忙，从而保护nina,516.63,5,16777215,2024-12-14 13:42:35,27304855342,2,三只夜行动物,少女乐队的呐喊,113639415745220,ninanina,ninanina
这种余情未了的前妻身边有了不认识的女人的微妙感是怎么回事啊www,949.733,1,16777215,2024-12-20 03:57:11,27304855342,2,三只夜行动物,少女乐队的呐喊,113639415745220,www,www
486也是i，假装e吓到nina了,1040.025,1,16777215,2024-12-14 11:32:31,27304855342,2,三只夜行动物,少女乐队的呐喊,113639415745220,486ienina,486ienina
我从来没觉得玩乐队开心过JPG,311.56,5,52480,2025-03-02 17:44:21,27304855342,2,三只夜行动物,少女乐队的呐喊,113639415745220,JPG,JPG
明显是因为霸凌而产生的PTSD,1051.594,5,16777215,2025-03-01 12:48:38,27304855342,2,三只夜行动物,少女乐队的呐喊,113639415745220,PTSD,PTSD
放在mujica里这段能演10集,1091.215,1,16777215,2025-03-21 21:40:40,27304855342,2,三只夜行动物,少女乐队的呐喊,113639415745220,mujica10,mujica10
nina可以去开eva了,503.068,1,16777215,2024-12-14 13:14:43,27304855342,2,三只夜行动物,少女乐队的呐喊,113639415745220,ninaeva,ninaeva
黑长直，紫瞳，鼓手，JK，你是？,957.089,5,16777215,2025-02-11 11:25:03,27304855342,2,三只夜行动物,少女乐队的呐喊,113639415745220,JK,JK
因为cv他原本就是一支乐队，哔哩哔哩有他们主唱的账号,771.973,1,16777215,2024-12-15 19:23:41,27304855342,2,三只夜行动物,少女乐队的呐喊,113639415745220,cv,cv
nina喜欢煮透的白菜，486这里踩了一脚。笑死了,1004.438,1,16777215,2024-12-14 20:38:37,27304855342,2,三只夜行动物,少女乐队的呐喊,113639415745220,nina486,nina486
按照动画的表现钻石星尘不就是踢了mmk换主唱后大火嘛，说明mmk其实设定里不适合主场来着,535.192,1,16777215,2024-12-14 13:24:28,27304855342,2,三只夜行动物,少女乐队的呐喊,113639415745220,mmkmmk,mmkmmk
这帮人主业是乐队副业才是配音，签的不是cv的经纪公司，签的是唱片公司啦，和其他乐队番的cv不同,782.199,1,16777215,2024-12-14 20:11:09,27304855342,2,三只夜行动物,少女乐队的呐喊,113639415745220,cvcv,cvcv
练习上A大（bushi,205.592,1,16777215,2025-08-10 22:01:05,27304855342,2,三只夜行动物,少女乐队的呐喊,113639415745220,Abushi,Abushi
2d3d相互转化的好自然,399.58,5,16777215,2025-07-14 04:48:05,27304855342,2,三只夜行动物,少女乐队的呐喊,113639415745220,2d3d,2d3d
Crychic(雾）,1001.448,1,16777215,2025-12-24 23:37:52,27304855342,2,三只夜行动物,少女乐队的呐喊,113639415745220,Crychic,Crychic
我不做穷人了，JOJO,4.38,1,16777215,2025-08-23 11:33:36,27304855342,2,三只夜行动物,少女乐队的呐喊,113639415745220,JOJO,JOJO
K-ON！,813.648,1,15138834,2025-07-18 18:51:39,27304855342,2,三只夜行动物,少女乐队的呐喊,113639415745220,KON,KON
woman！,1311.275,1,16777215,2025-07-15 16:51:06,27304855342,2,三只夜行动物,少女乐队的呐喊,113639415745220,woman,woman
芹菜从486身上看见阳菜的身影了，所以犯ptsd了,1072.064,5,16777215,2025-11-28 03:04:02,27304855342,2,三只夜行动物,少女乐队的呐喊,113639415745220,486ptsd,486ptsd
TV里还真就是5首歌,541.389,1,16777215,2025-09-21 06:53:32,27304855342,2,三只夜行动物,少女乐队的呐喊,113639415745220,TV5,TV5
ninana转了个圈是吧(),37.486,1,16777215,2025-08-28 11:29:30,27304855342,2,三只夜行动物,少女乐队的呐喊,113639415745220,ninana,ninana
那我就不做人了！jojo!,566.43,5,16777215,2025-08-16 13:47:50,27304855342,2,三只夜行动物,少女乐队的呐喊,113639415745220,jojo,jojo
这是不是2D吗，正片像3d,100.088,1,16777215,2025-08-15 23:08:08,27304855342,2,三只夜行动物,少女乐队的呐喊,113639415745220,2D3d,2D3d
拧巴？n-buna?,1095.871,1,16777215,2025-08-09 14:51:48,27304855342,2,三只夜行动物,少女乐队的呐喊,113639415745220,nbuna,nbuna
灯：难道我也是你们 play 的一环吗Σ(¯□¯||),1158.595,5,16777215,2025-08-08 21:25:18,27304855342,2,三只夜行动物,少女乐队的呐喊,113639415745220,play,play
灯得了MVP,1230.11,1,16777215,2025-07-24 20:07:57,27304855342,2,三只夜行动物,少女乐队的呐喊,113639415745220,MVP,MVP
AIR,275.751,5,16777215,2025-07-19 11:32:22,27304855342,2,三只夜行动物,少女乐队的呐喊,113639415745220,AIR,AIR
man!,1306.545,1,16777215,2026-04-05 05:07:29,27304855342,2,三只夜行动物,少女乐队的呐喊,113639415745220,man,man
oi！！！,1105.47,1,16777215,2026-02-27 16:12:12,27304855342,2,三只夜行动物,少女乐队的呐喊,113639415745220,oi,oi
infp就是这样被拿捏的,1287.929,5,16776960,2025-12-27 04:04:21,27304855342,2,三只夜行动物,少女乐队的呐喊,113639415745220,infp,infp
后面反过来是mmk想放弃乐队劝学nina，nina弃学组乐队,228.366,5,16777215,2025-12-08 00:07:08,27304855342,2,三只夜行动物,少女乐队的呐喊,113639415745220,mmkninanina,mmkninanina
怎么还在GO啊啊啊啊啊,435.885,5,16777215,2025-12-07 14:05:08,27304855342,2,三只夜行动物,少女乐队的呐喊,113639415745220,GO,GO
完结撒花，感谢陪伴（Doge,664.992,1,16777215,2025-10-26 15:42:35,27304855342,2,三只夜行动物,少女乐队的呐喊,113639415745220,Doge,Doge
EVA+1准备看去影院看终了,415.964,5,6830715,2025-10-25 01:34:43,27304855342,2,三只夜行动物,少女乐队的呐喊,113639415745220,EVA1,EVA1
不是iPhone11吗？,498.81,5,16777215,2025-10-07 21:20:26,27304855342,2,三只夜行动物,少女乐队的呐喊,113639415745220,iPhone11,iPhone11
这 Ed做的好啊,1412.087,1,16777215,2025-09-17 23:54:05,27304855342,2,三只夜行动物,少女乐队的呐喊,113639415745220,Ed,Ed
debuff开启？,1085.925,1,16777215,2025-09-10 12:40:20,27304855342,2,三只夜行动物,少女乐队的呐喊,113639415745220,debuff,debuff
我单方面申请让仁菜去mujica军训大祥两天,1060.412,5,16707842,2025-08-17 01:59:37,27304855342,2,三只夜行动物,少女乐队的呐喊,113639415745220,mujica,mujica
OvO,740.64,5,8700107,2025-08-14 21:40:10,27304855342,2,三只夜行动物,少女乐队的呐喊,113639415745220,OvO,OvO
IPhone 11,492.435,5,16777215,2025-08-09 11:35:56,27304855342,2,三只夜行动物,少女乐队的呐喊,113639415745220,IPhone 11,IPhone 11
哪里都有EVA佬,1027.96,5,16777215,2025-08-08 11:23:26,27304855342,2,三只夜行动物,少女乐队的呐喊,113639415745220,EVA,EVA
jimmy page////////////,793.393,1,16777215,2025-07-21 22:28:38,27304855342,2,三只夜行动物,少女乐队的呐喊,113639415745220,jimmy page,jimmy page
咋突然谈起zzz了,762.1,1,16777215,2025-07-13 21:52:32,27304855342,2,三只夜行动物,少女乐队的呐喊,113639415745220,zzz,zzz
WRX  STI  ,942.362,1,16777215,2026-05-04 16:44:38,27304855342,2,三只夜行动物,少女乐队的呐喊,113639415745220,WRX  STI,WRX STI
HTT：真的假的？,274.134,1,16777215,2026-05-04 03:17:11,27304855342,2,三只夜行动物,少女乐队的呐喊,113639415745220,HTT,HTT
小孩的坚韧纯粹已经吸引到mmk作为好友了 还说自己不招人喜欢 mmk就说她没意识到自己个人魅力其实很强,1129.562,1,16777215,2026-05-03 22:02:12,27304855342,2,三只夜行动物,少女乐队的呐喊,113639415745220,mmk  mmk,mmk mmk
end,669.85,5,16777215,2026-05-01 23:18:49,27304855342,2,三只夜行动物,少女乐队的呐喊,113639415745220,end,end
hhhhh486在后面敲嗨了,153.557,5,16777215,2026-04-30 20:11:53,27304855342,2,三只夜行动物,少女乐队的呐喊,113639415745220,hhhhh486,hhhhh486
Man！,1306.457,5,16777215,2026-04-27 13:17:05,27304855342,2,三只夜行动物,少女乐队的呐喊,113639415745220,Man,Man
ykn,734.568,5,6830715,2026-04-20 22:14:36,27304855342,2,三只夜行动物,少女乐队的呐喊,113639415745220,ykn,ykn
水平对置，全时四驱，斯巴鲁wrx,961.189,1,16777215,2026-04-19 21:50:21,27304855342,2,三只夜行动物,少女乐队的呐喊,113639415745220,wrx,wrx
mmz因该把歌声去掉,1258.076,5,16777215,2026-04-19 15:25:11,27304855342,2,三只夜行动物,少女乐队的呐喊,113639415745220,mmz,mmz
安和昴长得好像mio酱啊,942.23,1,16777215,2026-04-18 17:40:20,27304855342,2,三只夜行动物,少女乐队的呐喊,113639415745220,mio,mio
我在等技能CD，你在等什么？,1185.513,5,15138834,2026-04-03 02:30:18,27304855342,2,三只夜行动物,少女乐队的呐喊,113639415745220,CD,CD
No！！！,359.117,1,16777215,2026-04-02 20:12:09,27304855342,2,三只夜行动物,少女乐队的呐喊,113639415745220,No,No
YOHOUHOU,386.904,1,16777215,2026-04-01 18:12:10,27304855342,2,三只夜行动物,少女乐队的呐喊,113639415745220,YOHOUHOU,YOHOUHOU
一个人偷偷emo被发现belike:,1243.78,1,16777215,2026-03-30 21:18:21,27304855342,2,三只夜行动物,少女乐队的呐喊,113639415745220,emobelike,emobelike
尴God,972.909,5,38979,2026-03-23 15:13:25,27304855342,2,三只夜行动物,少女乐队的呐喊,113639415745220,God,God
486des,940.97,1,16777215,2026-03-22 00:04:28,27304855342,2,三只夜行动物,少女乐队的呐喊,113639415745220,486des,486des
阿瓦486desu，有落西裤馁,941.565,1,16777215,2026-03-05 00:56:25,27304855342,2,三只夜行动物,少女乐队的呐喊,113639415745220,486desu,486desu
fw小孩（）,1212.824,5,15138834,2026-03-04 12:28:59,27304855342,2,三只夜行动物,少女乐队的呐喊,113639415745220,fw,fw
corn wave和SadSvit,1000.632,1,16777215,2026-02-26 13:15:04,27304855342,2,三只夜行动物,少女乐队的呐喊,113639415745220,corn waveSadSvit,corn waveSadSvit
好像王国之泪那个瘴气手的bg,452.175,1,16777215,2026-02-26 01:28:43,27304855342,2,三只夜行动物,少女乐队的呐喊,113639415745220,bg,bg
第2个能让我把整个op看完的番（第1个还是轻音少女）,105.134,5,8700107,2026-02-25 11:57:17,27304855342,2,三只夜行动物,少女乐队的呐喊,113639415745220,2op1,2op1
大半夜的，40个人一起来n刷吃冰吗,175.533,5,16777215,2026-02-24 20:34:38,27304855342,2,三只夜行动物,少女乐队的呐喊,113639415745220,40n,40n
486太阳角了，再加上穿的高中校服nina应激了也是,967.786,1,16777215,2026-02-23 21:51:31,27304855342,2,三只夜行动物,少女乐队的呐喊,113639415745220,486nina,486nina
PRS,274.855,1,16777215,2026-02-22 22:04:21,27304855342,2,三只夜行动物,少女乐队的呐喊,113639415745220,PRS,PRS
ransom,562.473,1,16777215,2026-02-22 17:46:22,27304855342,2,三只夜行动物,少女乐队的呐喊,113639415745220,ransom,ransom
曼巴out,1321.817,1,16777215,2026-02-17 20:10:03,27304855342,2,三只夜行动物,少女乐队的呐喊,113639415745220,out,out
KKsK,156.482,1,16777215,2026-02-16 21:37:34,27304855342,2,三只夜行动物,少女乐队的呐喊,113639415745220,KKsK,KKsK
SHIN ASUKA,1181.218,5,15138834,2026-02-14 20:02:53,27304855342,2,三只夜行动物,少女乐队的呐喊,113639415745220,SHIN ASUKA,SHIN ASUKA
AIM立场,1073.028,1,16777215,2026-02-13 01:05:01,27304855342,2,三只夜行动物,少女乐队的呐喊,113639415745220,AIM,AIM
完结撒花o(^▽^)o,784.232,1,16777215,2026-02-11 11:03:34,27304855342,2,三只夜行动物,少女乐队的呐喊,113639415745220,oo,oo
youmoi,386.553,1,16777215,2026-02-09 16:59:43,27304855342,2,三只夜行动物,少女乐队的呐喊,113639415745220,youmoi,youmoi
mua！,1311.669,1,16777215,2026-02-05 09:00:48,27304855342,2,三只夜行动物,少女乐队的呐喊,113639415745220,mua,mua
NOKIA,725.251,5,41194,2026-02-01 10:09:48,27304855342,2,三只夜行动物,少女乐队的呐喊,113639415745220,NOKIA,NOKIA
灯:不是哥们，我——NM！,1191.244,1,16777215,2026-02-01 09:34:12,27304855342,2,三只夜行动物,少女乐队的呐喊,113639415745220,NM,NM
e人与i人,1040.263,1,16777215,2026-02-01 09:30:19,27304855342,2,三只夜行动物,少女乐队的呐喊,113639415745220,ei,ei
像P4开局那棵树hh,334.562,1,16777215,2026-01-28 03:48:20,27304855342,2,三只夜行动物,少女乐队的呐喊,113639415745220,P4hh,P4hh
普通，只一张往返票可以花折算1200rmb,440.11,1,16777215,2026-01-26 13:31:54,27304855342,2,三只夜行动物,少女乐队的呐喊,113639415745220,1200rmb,1200rmb
你说了daisuki是吧,1280.475,1,16777215,2026-01-25 01:42:24,27304855342,2,三只夜行动物,少女乐队的呐喊,113639415745220,daisuki,daisuki
morfnica,1006.92,1,16777215,2026-01-23 21:46:13,27304855342,2,三只夜行动物,少女乐队的呐喊,113639415745220,morfnica,morfnica
486尝试攻略Nina,1036.071,1,16777215,2026-01-23 19:46:10,27304855342,2,三只夜行动物,少女乐队的呐喊,113639415745220,486Nina,486Nina
喝nene,1317.35,1,16777215,2026-01-19 19:58:54,27304855342,2,三只夜行动物,少女乐队的呐喊,113639415745220,nene,nene
bgB,969.495,1,16777215,2026-01-19 19:44:03,27304855342,2,三只夜行动物,少女乐队的呐喊,113639415745220,bgB,bgB
eva补完没带仁菜？,1017.679,1,16777215,2026-01-09 23:30:38,27304855342,2,三只夜行动物,少女乐队的呐喊,113639415745220,eva,eva
i弗tv吗,336.416,1,16777215,2026-01-08 15:10:16,27304855342,2,三只夜行动物,少女乐队的呐喊,113639415745220,itv,itv
cs万众瞩目音乐盒,1217.454,1,16777215,2026-01-03 04:33:44,27304855342,2,三只夜行动物,少女乐队的呐喊,113639415745220,cs,cs
486！\o/,944.5,5,16777215,2026-01-02 20:53:50,27304855342,2,三只夜行动物,少女乐队的呐喊,113639415745220,486o,486o
Ado,284.14,1,16777215,2026-01-01 00:25:13,27304855342,2,三只夜行动物,少女乐队的呐喊,113639415745220,Ado,Ado
ICE!,81.583,1,16777215,2025-12-22 21:30:05,27304855342,2,三只夜行动物,少女乐队的呐喊,113639415745220,ICE,ICE
致敬传奇H4引擎制造者斯巴鲁,948.306,5,16707842,2025-12-15 19:26:44,27304855342,2,三只夜行动物,少女乐队的呐喊,113639415745220,H4,H4
if线分支,713.153,1,16777215,2025-12-14 23:19:57,27304855342,2,三只夜行动物,少女乐队的呐喊,113639415745220,if,if
玉玉了，emo了（绝望）,1229.176,5,16776960,2025-12-11 14:47:38,27304855342,2,三只夜行动物,少女乐队的呐喊,113639415745220,emo,emo
486！^O^,935.503,1,16777215,2025-12-06 21:32:13,27304855342,2,三只夜行动物,少女乐队的呐喊,113639415745220,486O,486O
avemujica说是,306.067,1,16777215,2025-12-05 12:07:33,27304855342,2,三只夜行动物,少女乐队的呐喊,113639415745220,avemujica,avemujica
作为一个也是因为霸凌休学的人，这时候mmk和486对我们这种人来说简直就是天使来救我们的,1244.022,1,15138834,2025-11-24 03:46:06,27304855342,2,三只夜行动物,少女乐队的呐喊,113639415745220,mmk486,mmk486
双马尾hina,1018.484,1,16777215,2025-11-19 22:08:13,27304855342,2,三只夜行动物,少女乐队的呐喊,113639415745220,hina,hina
解锁武器/高松灯SSS+/,1134.063,1,16777215,2025-11-15 17:46:56,27304855342,2,三只夜行动物,少女乐队的呐喊,113639415745220,SSS,SSS
“我说过的吧 我喜欢nina”,1253.611,1,16777215,2025-11-15 02:27:43,27304855342,2,三只夜行动物,少女乐队的呐喊,113639415745220,“ nina”,“ nina ”
kokodayo,898.016,1,16777215,2025-11-09 16:27:06,27304855342,2,三只夜行动物,少女乐队的呐喊,113639415745220,kokodayo,kokodayo
k-on跟结束就特别好，不会出现这种情况,317.972,1,16777215,2025-11-04 11:21:58,27304855342,2,三只夜行动物,少女乐队的呐喊,113639415745220,kon,kon
CPTSD,1170.817,1,16777215,2025-11-04 01:49:16,27304855342,2,三只夜行动物,少女乐队的呐喊,113639415745220,CPTSD,CPTSD
这么富裕吗？一集一ed,1352.998,1,16777215,2025-11-02 22:37:30,27304855342,2,三只夜行动物,少女乐队的呐喊,113639415745220,ed,ed
tji,647.545,1,16777215,2025-10-30 00:02:56,27304855342,2,三只夜行动物,少女乐队的呐喊,113639415745220,tji,tji
你说那个？那是长枪管ar15，两个弹夹,1146.228,5,16777215,2024-12-14 10:26:31,27304791769,3,离谱问答,少女乐队的呐喊,113639415746374,ar15,ar15
师承soyorin,527.038,1,16777215,2024-12-14 23:09:12,27304791769,3,离谱问答,少女乐队的呐喊,113639415746374,soyorin,soyorin
one，two，three,1058.842,5,16707842,2024-12-16 13:10:15,27304791769,3,离谱问答,少女乐队的呐喊,113639415746374,onetwothree,onetwothree
mmk:6,366.912,5,15138834,2025-01-01 21:51:34,27304791769,3,离谱问答,少女乐队的呐喊,113639415746374,mmk6,mmk6
LOCK？六花！,1281.297,5,16777215,2024-12-14 16:42:04,27304791769,3,离谱问答,少女乐队的呐喊,113639415746374,LOCK,LOCK
objection!,690.444,1,16777215,2024-12-14 14:35:55,27304791769,3,离谱问答,少女乐队的呐喊,113639415746374,objection,objection
nina觉得自己和486不是一路人486很像当初学校里80的现充,434.266,1,16707842,2024-12-15 11:58:01,27304791769,3,离谱问答,少女乐队的呐喊,113639415746374,nina48648680,nina48648680
ano：我还没踩过呢,846.455,5,41194,2024-12-14 20:45:48,27304791769,3,离谱问答,少女乐队的呐喊,113639415746374,ano,ano
完辣，同时具备了灯的重力和allin的性格，小小nina又怎能抵挡得了了,576.128,5,16777215,2025-01-06 20:06:03,27304791769,3,离谱问答,少女乐队的呐喊,113639415746374,allinnina,allinnina
MMK：几句话让一个小孩增加8小时手机使用时长,309.97,5,41194,2025-02-10 16:15:36,27304791769,3,离谱问答,少女乐队的呐喊,113639415746374,MMK8,MMK8
passion！,1310.891,5,16777215,2024-12-14 10:26:25,27304791769,3,离谱问答,少女乐队的呐喊,113639415746374,passion,passion
补充：日语ni（に）和nana（なな）分别指2和7，所以小孩姐后面的衣服印上了27,783.578,5,16707842,2024-12-14 12:28:20,27304791769,3,离谱问答,少女乐队的呐喊,113639415746374,ninana2727,ninana2727
Objection！,706.769,1,16777215,2025-01-04 22:43:11,27304791769,3,离谱问答,少女乐队的呐喊,113639415746374,Objection,Objection
vv:这我熟啊,1023.749,5,16777215,2024-12-14 15:15:54,27304791769,3,离谱问答,少女乐队的呐喊,113639415746374,vv,vv
冰镇ABC,419.908,1,16777215,2025-01-04 23:41:52,27304791769,3,离谱问答,少女乐队的呐喊,113639415746374,ABC,ABC
soyorin：这才哪到哪啊 就不夹了hhh,582.396,5,16740868,2024-12-18 13:20:19,27304791769,3,离谱问答,少女乐队的呐喊,113639415746374,soyorin hhh,soyorin
P5！,486.355,1,16777215,2025-01-20 16:42:15,27304791769,3,离谱问答,少女乐队的呐喊,113639415746374,P5,P5
Nina还没有接受jk486,430.507,5,16777215,2024-12-14 10:24:46,27304791769,3,离谱问答,少女乐队的呐喊,113639415746374,Ninajk486,Ninajk486
这不是CV主唱，这是直接把主唱请来当CV了（捂脸哭）,1358.862,1,15138834,2025-01-19 20:23:45,27304791769,3,离谱问答,少女乐队的呐喊,113639415746374,CVCV,CVCV
666，把bgm带走了,925.748,5,41194,2025-01-24 11:31:50,27304791769,3,离谱问答,少女乐队的呐喊,113639415746374,666bgm,666bgm
黑发，jk，紫瞳！你是？,1005.078,5,16707842,2025-04-27 10:49:55,27304791769,3,离谱问答,少女乐队的呐喊,113639415746374,jk,jk
3D主角2D路人,880.919,1,16777215,2024-12-14 14:39:10,27304791769,3,离谱问答,少女乐队的呐喊,113639415746374,3D2D,3D2D
大学:拼尽全力无法战胜486和mmk,1113.115,1,16777215,2025-03-01 22:17:11,27304791769,3,离谱问答,少女乐队的呐喊,113639415746374,486mmk,486mmk
yysy，soyo祥子她们要是都能这么直球的话，库来西库都散伙不了,654.831,5,16777215,2025-05-26 01:02:15,27304791769,3,离谱问答,少女乐队的呐喊,113639415746374,yysysoyo,yysysoyo
nina：我在退出乐队挑战中取得了20秒的好成绩，你也来试试吧,944.214,1,16777215,2025-05-03 01:44:51,27304791769,3,离谱问答,少女乐队的呐喊,113639415746374,nina20,nina20
此事在Ave Mujica亦有记载,628.6,1,16777215,2025-07-05 13:46:50,27304791769,3,离谱问答,少女乐队的呐喊,113639415746374,Ave Mujica,Ave Mujica
D/N/A,1096.192,5,16777215,2025-07-14 19:03:49,27304791769,3,离谱问答,少女乐队的呐喊,113639415746374,DNA,DNA
我好像走不出Re0了,521.218,5,16777215,2025-07-22 18:24:50,27304791769,3,离谱问答,少女乐队的呐喊,113639415746374,Re0,Re0
月之森标志多，真假Soyo说,548.293,1,15772458,2025-10-17 21:44:00,27304791769,3,离谱问答,少女乐队的呐喊,113639415746374,Soyo,Soyo
歌名叫《Avemujica》,151.752,1,16777215,2025-10-08 12:01:26,27304791769,3,离谱问答,少女乐队的呐喊,113639415746374,Avemujica,Avemujica
主角团op里这一套是最喜欢的演出服特别是西装mmk,184.07,5,16707842,2025-07-20 23:47:49,27304791769,3,离谱问答,少女乐队的呐喊,113639415746374,opmmk,opmmk
我，practice，无畏练习,1010.86,5,14811775,2025-12-16 08:51:29,27304791769,3,离谱问答,少女乐队的呐喊,113639415746374,practice,practice
师长：嘿，你tnd还真是个天才,303.821,5,16707842,2025-07-19 09:08:15,27304791769,3,离谱问答,少女乐队的呐喊,113639415746374,tnd,tnd
大学:so？,1079.258,5,16777215,2026-01-30 14:02:03,27304791769,3,离谱问答,少女乐队的呐喊,113639415746374,so,so
好心疼这里的mmk，mmk也不过才20而已啊,1185.342,1,16777215,2025-10-21 00:07:06,27304791769,3,离谱问答,少女乐队的呐喊,113639415746374,mmkmmk20,mmkmmk20
疑似使用Al,1053.084,5,16777215,2025-08-16 20:36:31,27304791769,3,离谱问答,少女乐队的呐喊,113639415746374,Al,Al
睦子米是说话句句暴击，nina是拧巴小孩hhhh,650.279,5,16777215,2025-07-30 13:41:15,27304791769,3,离谱问答,少女乐队的呐喊,113639415746374,ninahhhh,ninahhhh
这个衣服可以去Wonderhoi！了,1336.829,1,14811775,2025-07-18 14:05:01,27304791769,3,离谱问答,少女乐队的呐喊,113639415746374,Wonderhoi,Wonderhoi
486说的确实也没错，NINA在这里还是只说自己不好，毕竟也还只是个孩子吧，也可能和过去的经历有关吧,640.228,1,16777215,2026-02-06 13:14:22,27304791769,3,离谱问答,少女乐队的呐喊,113639415746374,486NINA,486NINA
还有knd的事,1107.937,1,16777215,2025-12-14 18:41:02,27304791769,3,离谱问答,少女乐队的呐喊,113639415746374,knd,knd
RING,975.221,5,16777215,2025-11-08 01:13:42,27304791769,3,离谱问答,少女乐队的呐喊,113639415746374,RING,RING
天才djnina酱,296.679,1,16777215,2025-09-17 13:07:57,27304791769,3,离谱问答,少女乐队的呐喊,113639415746374,djnina,djnina
p5X?,466.708,5,16646914,2025-09-09 22:26:17,27304791769,3,离谱问答,少女乐队的呐喊,113639415746374,p5X,p5X
acdc主唱同款嗓音,1137.549,5,16777215,2025-08-12 17:16:51,27304791769,3,离谱问答,少女乐队的呐喊,113639415746374,acdc,acdc
hai~,387.139,1,16777215,2025-08-01 17:01:59,27304791769,3,离谱问答,少女乐队的呐喊,113639415746374,hai,hai
看着像会出现在Bang里的角色,1193.292,5,16777215,2025-07-03 23:25:33,27304791769,3,离谱问答,少女乐队的呐喊,113639415746374,Bang,Bang
攒fever了,1276.234,1,16777215,2026-01-07 23:34:51,27304791769,3,离谱问答,少女乐队的呐喊,113639415746374,fever,fever
"借物喻人, 鸽子咕咕点头与nina咕咕点头交相辉映, 体现nina沉迷于音乐旋律之中, 借鸽子表现大学的理想被鸽了",87.743,1,16777215,2025-11-03 20:04:05,27304791769,3,离谱问答,少女乐队的呐喊,113639415746374,nina nina,nina nina
大学学位消失中ing...,1101.685,1,16777215,2025-10-26 22:08:08,27304791769,3,离谱问答,少女乐队的呐喊,113639415746374,ing,ing
486＆MMK：这家伙在说些什么呢,286.387,5,15138834,2025-08-25 21:50:40,27304791769,3,离谱问答,少女乐队的呐喊,113639415746374,486MMK,486MMK
不是我一直觉得这里像ai,1051.909,1,16777215,2025-08-17 17:11:35,27304791769,3,离谱问答,少女乐队的呐喊,113639415746374,ai,ai
freebird！！！yhaa～～～,1057.827,1,16777215,2025-08-13 23:27:22,27304791769,3,离谱问答,少女乐队的呐喊,113639415746374,freebirdyhaa,freebirdyhaa
每日bass笑话（1/1）,836.136,1,16777215,2025-08-03 15:03:01,27304791769,3,离谱问答,少女乐队的呐喊,113639415746374,bass11,bass11
nina这一身可以去组 popipa,1332.41,1,16777215,2025-07-29 13:55:14,27304791769,3,离谱问答,少女乐队的呐喊,113639415746374,nina popipa,nina popipa
Nina Tokyo,1216.534,1,16777215,2025-07-20 08:28:55,27304791769,3,离谱问答,少女乐队的呐喊,113639415746374,Nina Tokyo,Nina Tokyo
现在一说起拧巴这个词我就想起来nina  hhh,667.975,1,16777215,2025-07-04 23:50:03,27304791769,3,离谱问答,少女乐队的呐喊,113639415746374,nina  hhh,nina
《486说b空我才去的》,1127.266,5,13369971,2025-07-01 22:59:03,27304791769,3,离谱问答,少女乐队的呐喊,113639415746374,486b,486b
layer我熟,1040.867,1,16777215,2025-06-28 00:55:42,27304791769,3,离谱问答,少女乐队的呐喊,113639415746374,layer,layer
嗨！纳尼逮si ki？,384.168,1,16777215,2025-06-27 20:32:03,27304791769,3,离谱问答,少女乐队的呐喊,113639415746374,si ki,si ki
鼓手感觉有点死了ovo,34.233,1,16777215,2026-03-03 14:51:07,27304791769,3,离谱问答,少女乐队的呐喊,113639415746374,ovo,ovo
这不演上GBC了吗,762.955,1,16777215,2026-02-21 12:04:50,27304791769,3,离谱问答,少女乐队的呐喊,113639415746374,GBC,GBC
（0v0）,974.541,1,16777215,2026-02-12 08:23:11,27304791769,3,离谱问答,少女乐队的呐喊,113639415746374,0v0,0v0
不玩邦多利玩pjsk,753.32,1,16777215,2026-02-10 15:42:10,27304791769,3,离谱问答,少女乐队的呐喊,113639415746374,pjsk,pjsk
因为dna不会说谎,1096.648,1,16777215,2026-02-09 17:47:06,27304791769,3,离谱问答,少女乐队的呐喊,113639415746374,dna,dna
好像心流状态下的而还有一些ddl要处理自己，哈哈  小孩姐可爱捏,29.018,1,16777215,2026-01-06 23:06:12,27304791769,3,离谱问答,少女乐队的呐喊,113639415746374,ddl,ddl
看过ksm唱了半季的小星星，我现在百尬不侵,1320.156,1,16777215,2025-12-29 20:19:29,27304791769,3,离谱问答,少女乐队的呐喊,113639415746374,ksm,ksm
噔噔～社恐道具「成熟芒果箱」，套上之后，你就会获得无上的勇气（或许）O_o,888.709,5,14811775,2025-11-19 11:32:25,27304791769,3,离谱问答,少女乐队的呐喊,113639415746374,Oo,Oo
前面说过了 放的 program 所以有贝斯,1347.504,5,16777215,2025-11-11 00:46:10,27304791769,3,离谱问答,少女乐队的呐喊,113639415746374,program,program
细节iPhone13,813.318,5,16777215,2025-10-12 13:56:25,27304791769,3,离谱问答,少女乐队的呐喊,113639415746374,iPhone13,iPhone13
靓嘢喔，很疯fei,296.009,5,16777215,2025-09-28 13:10:01,27304791769,3,离谱问答,少女乐队的呐喊,113639415746374,fei,fei
这是AR15,1146.98,5,16777215,2025-09-27 21:41:11,27304791769,3,离谱问答,少女乐队的呐喊,113639415746374,AR15,AR15
K -on,768.035,1,16777215,2025-09-22 21:37:10,27304791769,3,离谱问答,少女乐队的呐喊,113639415746374,K on,K on
box，box,925.152,5,16777215,2025-09-19 00:06:05,27304791769,3,离谱问答,少女乐队的呐喊,113639415746374,boxbox,boxbox
mmm被小孩姐的天赋震惊到了,1096.687,1,16777215,2025-09-12 16:38:11,27304791769,3,离谱问答,少女乐队的呐喊,113639415746374,mmm,mmm
好萌QAQ,964.824,1,16777215,2025-08-10 10:40:33,27304791769,3,离谱问答,少女乐队的呐喊,113639415746374,QAQ,QAQ
486情商max,584.223,1,16777215,2025-08-09 17:04:14,27304791769,3,离谱问答,少女乐队的呐喊,113639415746374,486max,486max
k-ON！。！,784.616,1,16777215,2025-08-06 09:12:48,27304791769,3,离谱问答,少女乐队的呐喊,113639415746374,kON,kON
反重力酱汁（bs）,253.479,1,16777215,2025-08-05 07:06:27,27304791769,3,离谱问答,少女乐队的呐喊,113639415746374,bs,bs
Bass House,82.8,5,16777215,2025-08-04 17:28:10,27304791769,3,离谱问答,少女乐队的呐喊,113639415746374,Bass House,Bass House
sony打钱,214.138,1,16777215,2025-07-29 20:18:46,27304791769,3,离谱问答,少女乐队的呐喊,113639415746374,sony,sony
SVNNY,211.62,1,16777215,2025-07-28 16:34:50,27304791769,3,离谱问答,少女乐队的呐喊,113639415746374,SVNNY,SVNNY
在家长面前立下flag的时候,355.547,1,16777215,2025-07-26 16:03:02,27304791769,3,离谱问答,少女乐队的呐喊,113639415746374,flag,flag
benkyo,72.393,1,16777215,2025-07-25 03:37:14,27304791769,3,离谱问答,少女乐队的呐喊,113639415746374,benkyo,benkyo
sis，试试fl mobile吧,77.366,1,16777215,2025-07-18 12:22:00,27304791769,3,离谱问答,少女乐队的呐喊,113639415746374,sisfl mobile,sisfl mobile
建议NINA把头发染成粉色,901.697,1,16777215,2025-07-12 12:31:16,27304791769,3,离谱问答,少女乐队的呐喊,113639415746374,NINA,NINA
上来就没bonjour,798.609,1,16777215,2025-07-08 21:20:19,27304791769,3,离谱问答,少女乐队的呐喊,113639415746374,bonjour,bonjour
wc左边的486好帅,127.204,1,16777215,2025-07-02 10:17:37,27304791769,3,离谱问答,少女乐队的呐喊,113639415746374,wc486,wc486
我是阿侬 这就是SOYO,545.314,1,16777215,2025-06-28 19:57:35,27304791769,3,离谱问答,少女乐队的呐喊,113639415746374,SOYO,SOYO
前奏听成CS2的躺平青年音乐盒了,11.106,1,16777215,2025-06-28 08:58:20,27304791769,3,离谱问答,少女乐队的呐喊,113639415746374,CS2,CS2
K- ON,764.829,1,16777215,2026-05-05 16:57:22,27304791769,3,离谱问答,少女乐队的呐喊,113639415746374,K ON,K ON
K-oON！,768.139,1,16777215,2026-05-04 23:45:57,27304791769,3,离谱问答,少女乐队的呐喊,113639415746374,KoON,KoON
怎么 你也会念诗加buff吗,1262.826,5,16777215,2026-05-04 23:01:26,27304791769,3,离谱问答,少女乐队的呐喊,113639415746374,buff,buff
啊！啊啊！mega！mega！,1018.828,1,16777215,2026-05-04 03:56:20,27304791769,3,离谱问答,少女乐队的呐喊,113639415746374,megamega,megamega
不认识的人是mm在说nn吗,1361.951,1,16777215,2026-05-03 22:43:08,27304791769,3,离谱问答,少女乐队的呐喊,113639415746374,mmnn,mmnn
估计小孩和mmk单独去KTV那次也是mmk付的钱,1182.494,1,16777215,2026-05-03 22:29:33,27304791769,3,离谱问答,少女乐队的呐喊,113639415746374,mmkKTVmmk,mmkKTVmmk
mmk和小孩的吵架次数太多太激烈 我都忘了第一次公共场合吵架是486,686.402,1,16777215,2026-05-03 22:18:32,27304791769,3,离谱问答,少女乐队的呐喊,113639415746374,mmk 486,mmk 486
日本女性不用iPhone会被认为不合群,470.035,1,16777215,2026-05-03 03:20:29,27304791769,3,离谱问答,少女乐队的呐喊,113639415746374,iPhone,iPhone
我是LOOP 1键,849.187,1,16777215,2026-05-02 13:09:02,27304791769,3,离谱问答,少女乐队的呐喊,113639415746374,LOOP 1,LOOP 1
可以在live现场随机抓一个观众上去弹贝斯（,836.047,1,16777215,2026-05-02 10:04:36,27304791769,3,离谱问答,少女乐队的呐喊,113639415746374,live,live
前方K-ON大军来袭 K-ON！,757.672,5,16777215,2026-05-01 23:46:20,27304791769,3,离谱问答,少女乐队的呐喊,113639415746374,KON KON,KON KON
Lock！,1286.843,5,16777215,2026-04-27 13:52:32,27304791769,3,离谱问答,少女乐队的呐喊,113639415746374,Lock,Lock
VDV要来力,94.528,1,16777215,2026-04-26 02:27:48,27304791769,3,离谱问答,少女乐队的呐喊,113639415746374,VDV,VDV
666c++贝斯手,847.493,1,16777215,2026-04-24 18:47:35,27304791769,3,离谱问答,少女乐队的呐喊,113639415746374,666c,666c
apex三人组,1147.187,1,16777215,2026-04-18 03:08:31,27304791769,3,离谱问答,少女乐队的呐喊,113639415746374,apex,apex
woc？！K———————————ON！！！,763.639,1,16777215,2026-04-10 21:39:51,27304791769,3,离谱问答,少女乐队的呐喊,113639415746374,wocKON,wocKON
我4 K呢！,743.783,1,16777215,2026-04-06 14:27:22,27304791769,3,离谱问答,少女乐队的呐喊,113639415746374,4 K,4 K
shenhu,1350.732,1,16777215,2026-04-06 01:19:10,27304791769,3,离谱问答,少女乐队的呐喊,113639415746374,shenhu,shenhu
dove n鸽子,91.58,1,16777215,2026-04-04 15:54:14,27304791769,3,离谱问答,少女乐队的呐喊,113639415746374,dove n,dove n
尬笑x2,424.054,1,16777215,2026-03-31 17:02:33,27304791769,3,离谱问答,少女乐队的呐喊,113639415746374,x2,x2
soyo rin 何时来的？,539.304,1,16777215,2026-03-22 10:22:47,27304791769,3,离谱问答,少女乐队的呐喊,113639415746374,soyo rin,soyo rin
不er直接上手抓在酱汁上？,249.943,5,16777215,2026-03-21 10:08:17,27304791769,3,离谱问答,少女乐队的呐喊,113639415746374,er,er
桌子HP-1,696.914,1,16777215,2026-03-19 19:19:18,27304791769,3,离谱问答,少女乐队的呐喊,113639415746374,HP1,HP1
CRYCHIC,1204.267,1,16777215,2026-03-02 16:49:10,27304791769,3,离谱问答,少女乐队的呐喊,113639415746374,CRYCHIC,CRYCHIC
不要ky啊,497.645,1,16777215,2026-02-27 16:28:16,27304791769,3,离谱问答,少女乐队的呐喊,113639415746374,ky,ky
路人2d是因为不想弄很多建模啦 那样成本很高的,199.599,1,16777215,2026-02-27 16:21:37,27304791769,3,离谱问答,少女乐队的呐喊,113639415746374,2d,2d
歌名《killkiss》,158.811,1,16777215,2026-02-26 15:59:10,27304791769,3,离谱问答,少女乐队的呐喊,113639415746374,killkiss,killkiss
cry chic的人学学，你们像486这么聊天，怎么会有那么多破事,576.451,5,16777215,2026-02-25 12:35:11,27304791769,3,离谱问答,少女乐队的呐喊,113639415746374,cry chic486,chic486
•REC 非正常拍摄                                                                    ,1012.671,5,15138834,2026-02-23 17:55:50,27304791769,3,离谱问答,少女乐队的呐喊,113639415746374,REC,REC
K-0N,766.65,1,16777215,2026-02-22 21:41:57,27304791769,3,离谱问答,少女乐队的呐喊,113639415746374,K0N,K0N
mi～ma～mi～,1049.807,1,16777215,2026-02-22 15:31:17,27304791769,3,离谱问答,少女乐队的呐喊,113639415746374,mimami,mimami
依旧midi,841.773,1,16777215,2026-02-21 23:47:15,27304791769,3,离谱问答,少女乐队的呐喊,113639415746374,midi,midi
吃一堑x3,108.024,1,16777215,2026-02-20 17:39:08,27304791769,3,离谱问答,少女乐队的呐喊,113639415746374,x3,x3
kosovo,420.775,1,16777215,2026-02-20 11:10:03,27304791769,3,离谱问答,少女乐队的呐喊,113639415746374,kosovo,kosovo
上面发刀的 nmb你怎么这么自私！,1167.459,1,16777215,2026-02-20 07:54:32,27304791769,3,离谱问答,少女乐队的呐喊,113639415746374,nmb,nmb
我，fennec—无畏（doge）,960.577,1,16777215,2026-02-19 18:14:15,27304791769,3,离谱问答,少女乐队的呐喊,113639415746374,fennecdoge,fennecdoge
长尾婆婆（p5  bushi）,710.558,5,15138834,2026-02-16 13:08:38,27304791769,3,离谱问答,少女乐队的呐喊,113639415746374,p5  bushi,p5 bushi
金金oc,251.731,5,16777215,2026-02-14 22:50:38,27304791769,3,离谱问答,少女乐队的呐喊,113639415746374,oc,oc
rock & roll,1292.997,1,16777215,2026-02-14 17:55:33,27304791769,3,离谱问答,少女乐队的呐喊,113639415746374,rock  roll,rock roll
Rock roll ！,1326.693,1,16777215,2026-02-14 13:54:00,27304791769,3,离谱问答,少女乐队的呐喊,113639415746374,Rock roll,Rock roll
rock!!!!!!,1315.192,1,16777215,2026-02-11 14:49:56,27304791769,3,离谱问答,少女乐队的呐喊,113639415746374,rock,rock
zhen,224.735,1,16777215,2026-02-08 23:03:52,27304791769,3,离谱问答,少女乐队的呐喊,113639415746374,zhen,zhen
"至少比boochi-rock那种省经费强多了, 至少还有两句( )",1075.675,5,16777215,2026-02-05 13:14:40,27304791769,3,离谱问答,少女乐队的呐喊,113639415746374,boochirock,boochirock
K一On！！,775.288,1,16777215,2026-01-31 10:13:40,27304791769,3,离谱问答,少女乐队的呐喊,113639415746374,KOn,KOn
SPACE 老 闆 都 築 詩 船,709.579,1,16777215,2026-01-23 23:39:54,27304791769,3,离谱问答,少女乐队的呐喊,113639415746374,SPACE,SPACE
DuDuDuDu,89.291,1,16777215,2026-01-23 00:37:50,27304791769,3,离谱问答,少女乐队的呐喊,113639415746374,DuDuDuDu,DuDuDuDu
K-no,776.901,1,16777215,2026-01-23 00:09:39,27304791769,3,离谱问答,少女乐队的呐喊,113639415746374,Kno,Kno
anon tokio,1213.073,1,16777215,2026-01-19 23:55:36,27304791769,3,离谱问答,少女乐队的呐喊,113639415746374,anon tokio,anon tokio
不安desu,667.052,1,16777215,2026-01-19 20:12:50,27304791769,3,离谱问答,少女乐队的呐喊,113639415746374,desu,desu
固体H20！,118.347,1,41194,2026-01-14 21:21:34,27304791769,3,离谱问答,少女乐队的呐喊,113639415746374,H20,H20
鼓手：nm,45.814,1,16777215,2026-01-11 20:11:22,27304791769,3,离谱问答,少女乐队的呐喊,113639415746374,nm,nm
tietietie,1100.812,1,16777215,2026-01-11 18:41:44,27304791769,3,离谱问答,少女乐队的呐喊,113639415746374,tietietie,tietietie
这一看就是xc60啊，22款的,1176.467,1,16777215,2026-01-01 22:00:46,27304791769,3,离谱问答,少女乐队的呐喊,113639415746374,xc6022,xc6022
natus 主唱,1365.52,1,16777215,2026-01-01 18:23:50,27304791769,3,离谱问答,少女乐队的呐喊,113639415746374,natus,natus
安和昴（mao）,296.08,5,16777215,2026-01-01 15:08:14,27304791769,3,离谱问答,少女乐队的呐喊,113639415746374,mao,mao
Phi,84.802,1,16777215,2026-01-01 00:42:34,27304791769,3,离谱问答,少女乐队的呐喊,113639415746374,Phi,Phi
不是ring？,975.4,1,16777215,2025-12-31 22:42:02,27304791769,3,离谱问答,少女乐队的呐喊,113639415746374,ring,ring
某睦：解散什么的补药啊，iya！！！！！,925.378,5,16777215,2025-12-29 05:48:59,27304791769,3,离谱问答,少女乐队的呐喊,113639415746374,iya,iya
像anon和soyo的合体 但却是鼓手,586.816,5,16777215,2025-12-27 09:42:15,27304791769,3,离谱问答,少女乐队的呐喊,113639415746374,anonsoyo,anonsoyo
被捡到了啊TvT,788.903,1,16777215,2025-12-20 20:37:55,27304791769,3,离谱问答,少女乐队的呐喊,113639415746374,TvT,TvT
k-no,781.65,1,16777215,2025-12-10 18:36:15,27304791769,3,离谱问答,少女乐队的呐喊,113639415746374,kno,kno
486太强了，，完完全全的soyo＋anon,607.204,1,16777215,2025-11-27 23:29:09,27304791769,3,离谱问答,少女乐队的呐喊,113639415746374,486soyoanon,486soyoanon
还在Go,764.03,1,16777215,2025-11-27 21:31:05,27304791769,3,离谱问答,少女乐队的呐喊,113639415746374,Go,Go
clannad？,754.142,1,16777215,2025-11-26 18:56:17,27304791769,3,离谱问答,少女乐队的呐喊,113639415746374,clannad,clannad
oishi,258.931,1,16777215,2025-11-25 23:31:39,27304791769,3,离谱问答,少女乐队的呐喊,113639415746374,oishi,oishi
东京人是把寿司倒在桌子上吃的，ip：大坂,236.798,1,16777215,2025-11-21 04:30:58,27304791769,3,离谱问答,少女乐队的呐喊,113639415746374,ip,ip
感觉鼓手都很爱说“哈”这个字啊wwwヾ(✿ﾟ▽ﾟ)ノ,1265.878,5,16777215,2024-12-14 14:41:30,27304854503,4,感谢（惊吓）,少女乐队的呐喊,113639415611815,“”www,“ ” www
白2机场现场  486饰冬马   mmk饰雪菜   nina饰春希,718.013,5,16777215,2024-12-23 20:18:47,27304854503,4,感谢（惊吓）,少女乐队的呐喊,113639415611815,2  486   mmk   nina,2 486 mmk nina
这里看的好心疼，三人组只有486在自己消化自己的情绪，反而总是在调解mmk和nina的情绪,1316.932,1,16777215,2025-01-09 00:29:48,27304854503,4,感谢（惊吓）,少女乐队的呐喊,113639415611815,486mmknina,486mmknina
Re:从零开始的少女乐队生活,934.46,5,16777215,2024-12-29 09:44:48,27304854503,4,感谢（惊吓）,少女乐队的呐喊,113639415611815,Re,Re
ala~,475.711,5,16777215,2024-12-14 16:32:19,27304854503,4,感谢（惊吓）,少女乐队的呐喊,113639415611815,ala,ala
呆唯and喜多:就差报身份证了,43.759,5,16777215,2025-01-04 21:06:46,27304854503,4,感谢（惊吓）,少女乐队的呐喊,113639415611815,and,and
Nein！,877.829,5,16777215,2024-12-18 20:50:08,27304854503,4,感谢（惊吓）,少女乐队的呐喊,113639415611815,Nein,Nein
niko对现在的faze有什么想法呢,301.016,5,16777215,2025-01-26 00:01:34,27304854503,4,感谢（惊吓）,少女乐队的呐喊,113639415611815,nikofaze,nikofaze
难绷… 486这里差点说漏嘴了……“b”了一下 差点把乐队的事情说出去,529.234,1,16777215,2025-02-01 03:06:46,27304854503,4,感谢（惊吓）,少女乐队的呐喊,113639415611815,486“b”,486 “ b ”
学习：GTR?NTR!,69.784,5,15138834,2024-12-15 20:07:45,27304854503,4,感谢（惊吓）,少女乐队的呐喊,113639415611815,GTRNTR,GTRNTR
pv回收,1033.398,5,16777215,2024-12-15 20:17:49,27304854503,4,感谢（惊吓）,少女乐队的呐喊,113639415611815,pv,pv
素颜 COS 能出精品真就神了,1099.287,1,16777215,2024-12-21 00:38:50,27304854503,4,感谢（惊吓）,少女乐队的呐喊,113639415611815,COS,COS
niko对现在的g2有什么想法呢,307.464,5,16777215,2025-02-03 10:13:28,27304854503,4,感谢（惊吓）,少女乐队的呐喊,113639415611815,nikog2,nikog2
"奶奶：你们怎么教的486,486回家说要搞乐队（bushi）",572.013,5,16646914,2025-02-04 23:33:34,27304854503,4,感谢（惊吓）,少女乐队的呐喊,113639415611815,486486bushi,486486bushi
mmk·lily,390.331,1,16777215,2024-12-14 13:00:43,27304854503,4,感谢（惊吓）,少女乐队的呐喊,113639415611815,mmklily,mmklily
AUV原来是京奶,631.285,5,16777215,2025-01-22 21:14:17,27304854503,4,感谢（惊吓）,少女乐队的呐喊,113639415611815,AUV,AUV
486奶奶觉得nina比486更适合当演员,734.727,1,16777215,2024-12-14 17:12:05,27304854503,4,感谢（惊吓）,少女乐队的呐喊,113639415611815,486nina486,486nina486
anno同款老伦敦,1290.661,1,15138834,2024-12-14 16:07:53,27304854503,4,感谢（惊吓）,少女乐队的呐喊,113639415611815,anno,anno
楼上soyo楼下中野五姐妹（bushi）,887.996,1,16777215,2024-12-14 12:14:32,27304854503,4,感谢（惊吓）,少女乐队的呐喊,113639415611815,soyobushi,soyobushi
mio酱，mugi酱，呆唯，阿梓喵,348.459,5,16777215,2025-02-01 00:03:50,27304854503,4,感谢（惊吓）,少女乐队的呐喊,113639415611815,miomugi,miomugi
楼上是soyo 楼顶是chuchu,888.66,5,16777215,2025-03-30 13:01:49,27304854503,4,感谢（惊吓）,少女乐队的呐喊,113639415611815,soyo chuchu,soyo chuchu
桑吉亚夫！Win！,1040.033,5,15138834,2025-02-22 12:14:35,27304854503,4,感谢（惊吓）,少女乐队的呐喊,113639415611815,Win,Win
啊啊啊，让我想起了草东的凡凡啊，流眼泪了ww,389.948,5,16777215,2024-12-23 00:28:20,27304854503,4,感谢（惊吓）,少女乐队的呐喊,113639415611815,ww,ww
SODAYO,1014.051,1,16777215,2024-12-21 18:49:46,27304854503,4,感谢（惊吓）,少女乐队的呐喊,113639415611815,SODAYO,SODAYO
486练好Q弹啊,516.606,5,16777215,2024-12-14 15:46:25,27304854503,4,感谢（惊吓）,少女乐队的呐喊,113639415611815,486Q,486Q
mortis人格顶号了,750.416,5,38979,2025-07-23 08:23:11,27304854503,4,感谢（惊吓）,少女乐队的呐喊,113639415611815,mortis,mortis
幻视mfy（）,982.996,5,6830715,2025-06-05 23:24:39,27304854503,4,感谢（惊吓）,少女乐队的呐喊,113639415611815,mfy,mfy
Niko老师，G2是个什么样的队伍呢,331.932,5,16777215,2025-06-28 20:45:37,27304854503,4,感谢（惊吓）,少女乐队的呐喊,113639415611815,NikoG2,NikoG2
"niko先生，FaZe,G2,Falcons分别是怎样的战队呢？",336.907,1,16777215,2025-07-15 16:06:32,27304854503,4,感谢（惊吓）,少女乐队的呐喊,113639415611815,nikoFaZeG2Falcons,nikoFaZeG2Falcons
i  don't  know~,1290.809,1,16777215,2025-06-19 21:32:00,27304854503,4,感谢（惊吓）,少女乐队的呐喊,113639415611815,i  dont  know,i dont know
i don do no（bushi,1292.437,5,16777215,2025-08-31 15:05:28,27304854503,4,感谢（惊吓）,少女乐队的呐喊,113639415611815,i don do nobushi,i don do nobushi
magixx对现在的Spirit有什么看法呢,303.084,1,16777215,2025-08-30 04:38:43,27304854503,4,感谢（惊吓）,少女乐队的呐喊,113639415611815,magixxSpirit,magixxSpirit
soyo家有海还是一个河来的，楚平方是一整栋楼吧，486家这个就是巧合的像啦，主要是角度都一样,904.502,1,16777215,2025-08-14 23:29:26,27304854503,4,感谢（惊吓）,少女乐队的呐喊,113639415611815,soyo486,soyo486
咱们的总监对现在的faze有什么想法呢,309.449,5,16777215,2025-07-25 16:10:44,27304854503,4,感谢（惊吓）,少女乐队的呐喊,113639415611815,faze,faze
梦里想着的还是mmk的那把吉他hhh,25.675,1,16777215,2025-05-21 22:56:10,27304854503,4,感谢（惊吓）,少女乐队的呐喊,113639415611815,mmkhhh,mmkhhh
One plus红色充电线,1352.945,5,15138834,2025-07-21 21:44:08,27304854503,4,感谢（惊吓）,少女乐队的呐喊,113639415611815,One plus,One plus
 昴日星君那个，那是昂ang日星君，这是安和昴mao，不一样，错了一个撇,947.35,5,16777215,2025-06-30 00:59:58,27304854503,4,感谢（惊吓）,少女乐队的呐喊,113639415611815,angmao,angmao
嘎啦game里不是这样的,658.524,1,16777215,2025-12-08 06:05:15,27304854503,4,感谢（惊吓）,少女乐队的呐喊,113639415611815,game,game
riiki哈 486哈 喵梦也哈 你们鼓手真是一致啊,1266.542,5,16765698,2025-08-24 03:00:01,27304854503,4,感谢（惊吓）,少女乐队的呐喊,113639415611815,riiki 486,riiki 486
ob一串字母女士上线了,426.201,1,16777215,2025-07-02 13:30:45,27304854503,4,感谢（惊吓）,少女乐队的呐喊,113639415611815,ob,ob
汉堡对现在的Jam杨有什么想法呢,311.794,1,16777215,2025-05-30 21:56:39,27304854503,4,感谢（惊吓）,少女乐队的呐喊,113639415611815,Jam,Jam
Zeus对现在的T1有什么想法呢,317.251,5,16777215,2026-01-05 01:56:49,27304854503,4,感谢（惊吓）,少女乐队的呐喊,113639415611815,ZeusT1,ZeusT1
kono yaro,1002.136,1,16777215,2025-10-17 19:10:06,27304854503,4,感谢（惊吓）,少女乐队的呐喊,113639415611815,kono yaro,kono yaro
soyo和anno幻视,835.324,1,16777215,2025-08-05 00:16:29,27304854503,4,感谢（惊吓）,少女乐队的呐喊,113639415611815,soyoanno,soyoanno
486居然还有时间打go,878.4,1,16777215,2025-07-29 02:36:21,27304854503,4,感谢（惊吓）,少女乐队的呐喊,113639415611815,486go,486go
chu chu的家（）,889.519,5,16777215,2025-07-13 20:17:36,27304854503,4,感谢（惊吓）,少女乐队的呐喊,113639415611815,chu chu,chu chu
Op穿越准备！！！,83.595,5,16777215,2025-07-12 07:04:25,27304854503,4,感谢（惊吓）,少女乐队的呐喊,113639415611815,Op,Op
486的头像像罗尔夫hhh,879.317,1,16777215,2025-06-19 15:21:17,27304854503,4,感谢（惊吓）,少女乐队的呐喊,113639415611815,486hhh,486hhh
K-oN！,370.88,1,16777215,2025-06-09 21:46:56,27304854503,4,感谢（惊吓）,少女乐队的呐喊,113639415611815,KoN,KoN
OUO,238.037,1,16777215,2025-05-23 01:45:28,27304854503,4,感谢（惊吓）,少女乐队的呐喊,113639415611815,OUO,OUO
才听出来mmk用了Univibe效果器！,830.568,5,16777215,2026-02-12 00:15:08,27304854503,4,感谢（惊吓）,少女乐队的呐喊,113639415611815,mmkUnivibe,mmkUnivibe
服务员表示不是什么be动静,610.717,5,16777215,2026-02-01 19:34:16,27304854503,4,感谢（惊吓）,少女乐队的呐喊,113639415611815,be,be
muscle！,1040.407,5,16777215,2025-11-30 17:19:34,27304854503,4,感谢（惊吓）,少女乐队的呐喊,113639415611815,muscle,muscle
这头像是CSGO里的CT吗,426.704,5,16777215,2025-11-30 13:23:00,27304854503,4,感谢（惊吓）,少女乐队的呐喊,113639415611815,CSGOCT,CSGOCT
诶！我们在live中穿插舞台剧表演不就行了，代号ob一串字母,997.853,5,8700107,2025-11-08 20:15:53,27304854503,4,感谢（惊吓）,少女乐队的呐喊,113639415611815,liveob,liveob
瓦达西瓦486desuwa,484.191,5,16707842,2025-10-20 01:00:43,27304854503,4,感谢（惊吓）,少女乐队的呐喊,113639415611815,486desuwa,486desuwa
是昴mao不是昂ang啊大家为什么都打成昂,946.77,1,16777215,2025-09-07 02:38:59,27304854503,4,感谢（惊吓）,少女乐队的呐喊,113639415611815,maoang,maoang
已经数不清mmK叹了几次气了都（悲）,1260.823,1,15138834,2025-08-24 22:22:55,27304854503,4,感谢（惊吓）,少女乐队的呐喊,113639415611815,mmK,mmK
全自动M700,500.758,5,16777215,2025-08-21 16:04:00,27304854503,4,感谢（惊吓）,少女乐队的呐喊,113639415611815,M700,M700
《RE：0》,1149.611,1,16777215,2025-08-19 02:52:41,27304854503,4,感谢（惊吓）,少女乐队的呐喊,113639415611815,RE0,RE0
QQ弹弹的486,641.179,5,16777215,2025-08-19 00:03:37,27304854503,4,感谢（惊吓）,少女乐队的呐喊,113639415611815,QQ486,QQ486
桑吉尔夫，win,1045.497,5,15138834,2025-08-14 12:54:00,27304854503,4,感谢（惊吓）,少女乐队的呐喊,113639415611815,win,win
肘击Max！,539.457,1,16777215,2025-08-12 16:02:35,27304854503,4,感谢（惊吓）,少女乐队的呐喊,113639415611815,Max,Max
WOMAN!,536.897,5,16777215,2025-08-11 20:22:54,27304854503,4,感谢（惊吓）,少女乐队的呐喊,113639415611815,WOMAN,WOMAN
MAN！,536.365,1,16777215,2025-08-08 08:05:34,27304854503,4,感谢（惊吓）,少女乐队的呐喊,113639415611815,MAN,MAN
那就加入ave mujica(),982.292,1,16777215,2025-07-29 17:14:30,27304854503,4,感谢（惊吓）,少女乐队的呐喊,113639415611815,ave mujica,ave mujica
<--哪都有BA,888.521,5,16777215,2025-07-24 19:27:27,27304854503,4,感谢（惊吓）,少女乐队的呐喊,113639415611815,BA,BA
aa,833.971,1,16777215,2025-07-09 09:59:46,27304854503,4,感谢（惊吓）,少女乐队的呐喊,113639415611815,aa,aa
完了不会和go一样live后炸团吧,73.735,1,16777215,2025-07-01 21:20:39,27304854503,4,感谢（惊吓）,少女乐队的呐喊,113639415611815,golive,golive
Lain,1174.143,1,16777215,2025-06-30 23:15:26,27304854503,4,感谢（惊吓）,少女乐队的呐喊,113639415611815,Lain,Lain
全都是感情qwq,753.374,1,16777215,2025-06-29 12:35:08,27304854503,4,感谢（惊吓）,少女乐队的呐喊,113639415611815,qwq,qwq
wow～～～斯国壹～～～,896.519,5,16777215,2025-06-28 20:33:05,27304854503,4,感谢（惊吓）,少女乐队的呐喊,113639415611815,wow,wow
皮亚斯特里对现在的alpine有什么想法呢？,311.214,1,16777215,2025-06-21 12:44:01,27304854503,4,感谢（惊吓）,少女乐队的呐喊,113639415611815,alpine,alpine
dai-si-ki,378.1,1,16777215,2025-06-19 01:20:23,27304854503,4,感谢（惊吓）,少女乐队的呐喊,113639415611815,daisiki,daisiki
前面那个NiKO对g2我真绷不住，太形象了,316.396,5,16777215,2025-06-18 03:42:49,27304854503,4,感谢（惊吓）,少女乐队的呐喊,113639415611815,NiKOg2,NiKOg2
以为是be he oe 没想到是le,677.689,1,16777215,2025-06-14 23:52:42,27304854503,4,感谢（惊吓）,少女乐队的呐喊,113639415611815,be he oe le,be he oe le
马大卫老师对现在的Metallica有什么想法呢？,320.469,5,16777215,2025-06-12 18:17:45,27304854503,4,感谢（惊吓）,少女乐队的呐喊,113639415611815,Metallica,Metallica
这种事还得让motis来,724.613,1,16777215,2025-05-25 19:13:47,27304854503,4,感谢（惊吓）,少女乐队的呐喊,113639415611815,motis,motis
spinx对现在的小蜜蜂有什么想法呢,316.781,1,16777215,2026-04-28 01:41:45,27304854503,4,感谢（惊吓）,少女乐队的呐喊,113639415611815,spinx,spinx
jame对现在的vp有什么看法呢,307.85,1,16777215,2026-04-24 10:36:26,27304854503,4,感谢（惊吓）,少女乐队的呐喊,113639415611815,jamevp,jamevp
A little 妹子,10.05,1,16777215,2026-04-06 15:05:52,27304854503,4,感谢（惊吓）,少女乐队的呐喊,113639415611815,A little,A little
Mio的发色+soyo的性格？啊？啊？啊？,491.624,1,16777215,2026-03-29 20:38:58,27304854503,4,感谢（惊吓）,少女乐队的呐喊,113639415611815,Miosoyo,Miosoyo
soyolin上身了,483.593,1,16707842,2026-03-25 11:03:49,27304854503,4,感谢（惊吓）,少女乐队的呐喊,113639415611815,soyolin,soyolin
666saki是你吗,426.23,5,6830715,2026-03-01 23:51:48,27304854503,4,感谢（惊吓）,少女乐队的呐喊,113639415611815,666saki,666saki
HA?,1285.851,1,16777215,2026-02-28 19:33:56,27304854503,4,感谢（惊吓）,少女乐队的呐喊,113639415611815,HA,HA
桃香这里说的是「你生气个什么劲」or「你这么较劲干嘛」,268.203,5,16777215,2026-02-22 22:06:24,27304854503,4,感谢（惊吓）,少女乐队的呐喊,113639415611815,or,or
吃一堑x4,88.329,1,16777215,2026-02-20 20:49:13,27304854503,4,感谢（惊吓）,少女乐队的呐喊,113639415611815,x4,x4
俺没偷max,5.609,5,41194,2026-02-20 19:44:59,27304854503,4,感谢（惊吓）,少女乐队的呐喊,113639415611815,max,max
so…soyo?,889.171,1,16777215,2026-02-18 22:44:28,27304854503,4,感谢（惊吓）,少女乐队的呐喊,113639415611815,sosoyo,sosoyo
CT,881.076,1,16777215,2026-02-18 15:38:15,27304854503,4,感谢（惊吓）,少女乐队的呐喊,113639415611815,CT,CT
Mmm，你现在幸福吗,402.889,1,16777215,2026-02-16 19:19:16,27304854503,4,感谢（惊吓）,少女乐队的呐喊,113639415611815,Mmm,Mmm
真实吉他水平：nina＝莫提斯＜爱音＝只会C,28.598,1,16777215,2026-02-15 14:54:16,27304854503,4,感谢（惊吓）,少女乐队的呐喊,113639415611815,ninaC,ninaC
taki,1268.561,1,16777215,2026-02-14 19:10:10,27304854503,4,感谢（惊吓）,少女乐队的呐喊,113639415611815,taki,taki
A1是真演,686.937,1,16765698,2026-02-13 22:48:25,27304854503,4,感谢（惊吓）,少女乐队的呐喊,113639415611815,A1,A1
loft,901.096,1,16777215,2026-02-13 19:49:48,27304854503,4,感谢（惊吓）,少女乐队的呐喊,113639415611815,loft,loft
ha,1.27,1,16777215,2026-02-13 14:46:56,27304854503,4,感谢（惊吓）,少女乐队的呐喊,113639415611815,ha,ha
ntr?!!!,679.032,1,16777215,2026-02-13 00:45:50,27304854503,4,感谢（惊吓）,少女乐队的呐喊,113639415611815,ntr,ntr
le,271.92,1,16777215,2026-02-12 02:37:09,27304854503,4,感谢（惊吓）,少女乐队的呐喊,113639415611815,le,le
DEVICE 已转会,306.263,1,16777215,2026-02-11 23:54:08,27304854503,4,感谢（惊吓）,少女乐队的呐喊,113639415611815,DEVICE,DEVICE
UN,77.167,1,16777215,2026-02-11 23:50:43,27304854503,4,感谢（惊吓）,少女乐队的呐喊,113639415611815,UN,UN
B water,1126.182,1,16777215,2026-02-11 13:17:55,27304854503,4,感谢（惊吓）,少女乐队的呐喊,113639415611815,B water,B water
mamba out,535.931,5,16777215,2026-02-11 00:10:15,27304854503,4,感谢（惊吓）,少女乐队的呐喊,113639415611815,mamba out,mamba out
呀卡马西（ctl）哈哈哈哈哈,1254.639,1,16777215,2026-02-10 12:58:16,27304854503,4,感谢（惊吓）,少女乐队的呐喊,113639415611815,ctl,ctl
Niko老爸到了,449.538,1,16777215,2026-02-10 00:49:57,27304854503,4,感谢（惊吓）,少女乐队的呐喊,113639415611815,Niko,Niko
chu的好像,897.38,1,16777215,2026-02-09 18:26:35,27304854503,4,感谢（惊吓）,少女乐队的呐喊,113639415611815,chu,chu
奶奶也是cp头子,655.596,1,16777215,2026-02-08 00:32:44,27304854503,4,感谢（惊吓）,少女乐队的呐喊,113639415611815,cp,cp
NiKo对现在的G2有什么看法呢,305.765,5,16777215,2026-02-07 18:14:37,27304854503,4,感谢（惊吓）,少女乐队的呐喊,113639415611815,NiKoG2,NiKoG2
Dev1ce对现在的Astralis有什么想法呢,310.397,5,16777215,2026-02-05 23:15:35,27304854503,4,感谢（惊吓）,少女乐队的呐喊,113639415611815,Dev1ceAstralis,Dev1ceAstralis
K - oN !,357.415,5,16777215,2026-02-05 13:45:08,27304854503,4,感谢（惊吓）,少女乐队的呐喊,113639415611815,K  oN,K oN
CH4·nH2O!!!!!!!!!!!!,115.038,1,16777215,2026-02-03 22:11:40,27304854503,4,感谢（惊吓）,少女乐队的呐喊,113639415611815,CH4nH2O,CH4nH2O
和离婚阔太太一样yie~~~,892.161,5,16777215,2026-02-03 02:26:32,27304854503,4,感谢（惊吓）,少女乐队的呐喊,113639415611815,yie,yie
小伙子立正了（ Dog）,563.557,1,16777215,2026-02-01 19:31:38,27304854503,4,感谢（惊吓）,少女乐队的呐喊,113639415611815,Dog,Dog
不是 galgame里不是这样的,658.219,1,16777215,2026-01-31 14:23:07,27304854503,4,感谢（惊吓）,少女乐队的呐喊,113639415611815,galgame,galgame
n刷了，每次看到这里都会泪目，伟大486,1336.577,1,16777215,2026-01-30 19:33:00,27304854503,4,感谢（惊吓）,少女乐队的呐喊,113639415611815,n486,n486
ham对现在的梅奔有什么想法呢,314.132,5,16777215,2026-01-29 22:54:49,27304854503,4,感谢（惊吓）,少女乐队的呐喊,113639415611815,ham,ham
Galagame 里不是这样的,660.485,1,16777215,2026-01-23 07:07:07,27304854503,4,感谢（惊吓）,少女乐队的呐喊,113639415611815,Galagame,Galagame
subaro,931.056,1,16777215,2026-01-16 13:36:44,27304854503,4,感谢（惊吓）,少女乐队的呐喊,113639415611815,subaro,subaro
上面就是soyoin家,894.195,1,16777215,2026-01-05 21:45:35,27304854503,4,感谢（惊吓）,少女乐队的呐喊,113639415611815,soyoin,soyoin
s1mple对现在的navi有什么看法呢,320.808,1,16777215,2026-01-03 02:40:17,27304854503,4,感谢（惊吓）,少女乐队的呐喊,113639415611815,s1mplenavi,s1mplenavi
deshio~,1271.32,1,16777215,2025-12-26 22:27:35,27304854503,4,感谢（惊吓）,少女乐队的呐喊,113639415611815,deshio,deshio
486，仪态（doge）,1000.213,5,16777215,2025-12-23 00:02:15,27304854503,4,感谢（惊吓）,少女乐队的呐喊,113639415611815,486doge,486doge
Saint 486,993.349,1,16777215,2025-12-22 15:23:20,27304854503,4,感谢（惊吓）,少女乐队的呐喊,113639415611815,Saint 486,Saint 486
486 QQ弹弹,644.933,5,41194,2025-12-22 03:40:04,27304854503,4,感谢（惊吓）,少女乐队的呐喊,113639415611815,486 QQ,486 QQ
"cvn,/。0321",963.368,1,16777215,2025-12-20 22:39:18,27304854503,4,感谢（惊吓）,少女乐队的呐喊,113639415611815,cvn0321,cvn0321
soyo在池袋 486在横滨,897.28,1,16777215,2025-12-19 06:09:32,27304854503,4,感谢（惊吓）,少女乐队的呐喊,113639415611815,soyo 486,soyo 486
电视剧《侦探婆婆的事件簿 Part.6》的特别客场演员,798.454,5,16777215,2025-12-13 14:24:15,27304854503,4,感谢（惊吓）,少女乐队的呐喊,113639415611815,Part6,Part6
way？！,426.166,5,15138834,2025-12-10 23:29:12,27304854503,4,感谢（惊吓）,少女乐队的呐喊,113639415611815,way,way
apt立场全开！,1140.113,1,16777215,2025-12-03 18:48:29,27304854503,4,感谢（惊吓）,少女乐队的呐喊,113639415611815,apt,apt
motiai,743.474,1,16777215,2025-12-02 07:05:56,27304854503,4,感谢（惊吓）,少女乐队的呐喊,113639415611815,motiai,motiai
这个在横滨kareana旁边（）,900.4,1,16777215,2025-12-02 02:03:09,27304854503,4,感谢（惊吓）,少女乐队的呐喊,113639415611815,kareana,kareana
mmk suki,867.495,1,16777215,2025-11-30 13:24:39,27304854503,4,感谢（惊吓）,少女乐队的呐喊,113639415611815,mmk suki,mmk suki
ei jiu duo~,666.815,1,16777215,2025-11-28 02:54:25,27304854503,4,感谢（惊吓）,少女乐队的呐喊,113639415611815,ei jiu duo,ei jiu duo
学学mjk,1098.515,1,16777215,2025-11-24 23:55:37,27304854503,4,感谢（惊吓）,少女乐队的呐喊,113639415611815,mjk,mjk
丰xx子？,506.754,1,16777215,2025-11-23 00:59:08,27304854503,4,感谢（惊吓）,少女乐队的呐喊,113639415611815,xx,xx
圣486QAQ,1339.537,5,16777215,2025-11-11 00:42:13,27304854503,4,感谢（惊吓）,少女乐队的呐喊,113639415611815,486QAQ,486QAQ
nina怎么在天上飞a,74.583,1,16777215,2025-11-11 00:23:06,27304854503,4,感谢（惊吓）,少女乐队的呐喊,113639415611815,ninaa,ninaa
486的T恤是不是结束乐队？,1037.92,1,16777215,2025-11-08 19:26:44,27304854503,4,感谢（惊吓）,少女乐队的呐喊,113639415611815,486T,486T
回音act3,1194.617,5,38979,2025-11-05 22:06:57,27304854503,4,感谢（惊吓）,少女乐队的呐喊,113639415611815,act3,act3
Muscle！,1030.626,1,16777215,2025-10-27 11:07:59,27304854503,4,感谢（惊吓）,少女乐队的呐喊,113639415611815,Muscle,Muscle
まだまda,166.921,1,16777215,2025-10-27 04:16:35,27304854503,4,感谢（惊吓）,少女乐队的呐喊,113639415611815,da,da
cs2,913.629,1,16777215,2025-10-26 18:24:33,27304854503,4,感谢（惊吓）,少女乐队的呐喊,113639415611815,cs2,cs2
486：吃得越多，a的越划算,817.936,5,15138834,2024-12-21 02:00:12,27304792032,5,战歌起,少女乐队的呐喊,113639415615056,486a,486a
其实hina比nina更早出来闯荡,716.303,1,16777215,2024-12-14 23:16:08,27304792032,5,战歌起,少女乐队的呐喊,113639415615056,hinanina,hinanina
486:无语ing...,708.526,5,52480,2024-12-17 19:35:10,27304792032,5,战歌起,少女乐队的呐喊,113639415615056,486ing,486ing
但mmk可以是啊2333,733.12,1,16777215,2024-12-14 13:37:12,27304792032,5,战歌起,少女乐队的呐喊,113639415615056,mmk2333,mmk2333
ANON TOYKO,1217.329,1,16777215,2025-01-01 01:31:45,27304792032,5,战歌起,少女乐队的呐喊,113639415615056,ANON TOYKO,ANON TOYKO
ROUND ONE,769.239,5,15138834,2024-12-15 20:53:37,27304792032,5,战歌起,少女乐队的呐喊,113639415615056,ROUND ONE,ROUND ONE
ding~,775.573,5,16707842,2024-12-14 23:17:47,27304792032,5,战歌起,少女乐队的呐喊,113639415615056,ding,ding
我家LiSA也喜欢踩音箱,1392.159,1,16777215,2024-12-23 23:47:05,27304792032,5,战歌起,少女乐队的呐喊,113639415615056,LiSA,LiSA
即使是迫于现实，但mmk也只是刚20的年轻人啊，还是年轻气盛的年纪,988.012,5,16777215,2025-02-19 14:27:36,27304792032,5,战歌起,少女乐队的呐喊,113639415615056,mmk20,mmk20
这个其实很像派对浪客诸葛孔明那里边的azalea 她们当初也是这么想的,991.798,1,16777215,2024-12-20 13:27:25,27304792032,5,战歌起,少女乐队的呐喊,113639415615056,azalea,azalea
猜你想搜：αve mujica,299.778,5,41194,2024-12-27 22:10:37,27304792032,5,战歌起,少女乐队的呐喊,113639415615056,ve mujica,ve mujica
你的圈子被你最讨厌的人融入，并且ta还混得很好时be like,657.521,5,15138834,2025-08-26 15:59:53,27304792032,5,战歌起,少女乐队的呐喊,113639415615056,tabe like,tabe like
circle,202.757,5,16777215,2024-12-16 01:47:03,27304792032,5,战歌起,少女乐队的呐喊,113639415615056,circle,circle
按“f”进入战术防御姿态,400.733,5,15138834,2025-01-10 09:22:24,27304792032,5,战歌起,少女乐队的呐喊,113639415615056,“f”,“ f ”
v4!,148.135,5,16777215,2024-12-14 12:40:56,27304792032,5,战歌起,少女乐队的呐喊,113639415615056,v4,v4
mmk:2/1/1,1057.293,1,16777215,2024-12-14 16:38:46,27304792032,5,战歌起,少女乐队的呐喊,113639415615056,mmk211,mmk211
老哥最后在有刺无刺打call团里面,1235.492,5,16777215,2024-12-14 13:08:37,27304792032,5,战歌起,少女乐队的呐喊,113639415615056,call,call
已经在研究msi对手了么……nina你这家伙,43.198,5,16777215,2025-02-05 20:05:01,27304792032,5,战歌起,少女乐队的呐喊,113639415615056,msinina,msinina
东映做电影才用的3d太烧钱了，不可能给路人全3d,872.774,5,16777215,2024-12-18 01:56:56,27304792032,5,战歌起,少女乐队的呐喊,113639415615056,3d3d,3d3d
初音                      亚北                     teto,747.688,5,41194,2025-02-01 15:51:21,27304792032,5,战歌起,少女乐队的呐喊,113639415615056,teto,teto
海报p的有多过分啊nina愣是没认出来,603.475,1,16777215,2025-01-11 22:13:23,27304792032,5,战歌起,少女乐队的呐喊,113639415615056,pnina,pnina
贝斯是486旁边的PC里的软件放的，mmk在第三集说了,1411.333,1,16777215,2024-12-21 22:08:38,27304792032,5,战歌起,少女乐队的呐喊,113639415615056,486PCmmk,486PCmmk
这里就是大叔的livehouse，三人即将在这里演出，所以画了三人各自的代表物,674.098,5,16776960,2025-02-26 11:01:41,27304792032,5,战歌起,少女乐队的呐喊,113639415615056,livehouse,livehouse
燃尽了的下班中年男人听着jkjd的青春烦恼,1014.455,1,16777215,2025-04-02 11:54:01,27304792032,5,战歌起,少女乐队的呐喊,113639415615056,jkjd,jkjd
互联网思维vs实体经济,323.181,1,16777215,2024-12-24 13:34:38,27304792032,5,战歌起,少女乐队的呐喊,113639415615056,vs,vs
吸鼻涕的nina又可怜又好笑啊www,1037.784,1,16777215,2024-12-14 22:51:57,27304792032,5,战歌起,少女乐队的呐喊,113639415615056,ninawww,ninawww
prc和sov表示这我太懂了,995.847,1,16777215,2025-03-03 19:46:55,27304792032,5,战歌起,少女乐队的呐喊,113639415615056,prcsov,prcsov
有没有bass手有区别吗（每日bass笑话,27.133,5,16777215,2025-07-19 18:00:55,27304792032,5,战歌起,少女乐队的呐喊,113639415615056,bassbass,bassbass
没有bass的音乐Bass声怎么这么重,1396.919,1,16777215,2025-07-03 22:27:45,27304792032,5,战歌起,少女乐队的呐喊,113639415615056,bassBass,bassBass
Mujica的票才2000,438.688,5,16777215,2025-05-09 11:22:55,27304792032,5,战歌起,少女乐队的呐喊,113639415615056,Mujica2000,Mujica2000
因为霸凌nina的不是hina啊,667.294,5,16777215,2025-06-13 01:45:57,27304792032,5,战歌起,少女乐队的呐喊,113639415615056,ninahina,ninahina
Bass其实还是很重要的啦，乐队的灵魂啦,32.424,5,15138834,2025-11-13 14:52:28,27304792032,5,战歌起,少女乐队的呐喊,113639415615056,Bass,Bass
质疑soyo 理解soyo 成为soyo,574.414,5,16777215,2025-05-09 11:25:06,27304792032,5,战歌起,少女乐队的呐喊,113639415615056,soyo soyo soyo,soyo soyo soyo
邻居小姐姐好好wwwww哭了,1010.236,1,16777215,2025-06-26 10:08:11,27304792032,5,战歌起,少女乐队的呐喊,113639415615056,wwwww,wwwww
爱女仆MAX,1.461,5,16777215,2025-12-09 22:08:02,27304792032,5,战歌起,少女乐队的呐喊,113639415615056,MAX,MAX
马大卫也不喜欢被人说自己是metallic 前成员,244.355,5,41194,2025-11-30 02:38:42,27304792032,5,战歌起,少女乐队的呐喊,113639415615056,metallic,metallic
工作人员：cinema,1196.574,1,16777215,2025-06-14 15:54:24,27304792032,5,战歌起,少女乐队的呐喊,113639415615056,cinema,cinema
亡计:召唤一辆IS-2,1296.98,1,16777215,2025-06-10 15:01:24,27304792032,5,战歌起,少女乐队的呐喊,113639415615056,IS2,IS2
666突然3D,543.972,5,16777215,2025-09-24 01:20:26,27304792032,5,战歌起,少女乐队的呐喊,113639415615056,6663D,6663D
mmk表情是人啊hhhh,1054.183,1,16777215,2025-08-31 01:04:46,27304792032,5,战歌起,少女乐队的呐喊,113639415615056,mmkhhhh,mmkhhhh
486听到的     nina：汪汪汪汪汪汪汪汪汪汪汪汪汪汪汪汪,642.63,1,16777215,2025-07-25 21:29:08,27304792032,5,战歌起,少女乐队的呐喊,113639415615056,486     nina,486 nina
后面车库是本田CRV,1071.516,5,16707842,2025-06-06 20:34:19,27304792032,5,战歌起,少女乐队的呐喊,113639415615056,CRV,CRV
演，演的就是live house,232.444,1,16777215,2025-05-18 20:18:27,27304792032,5,战歌起,少女乐队的呐喊,113639415615056,live house,live house
确实有点像 As It Was,197.43,1,16777215,2025-05-17 12:08:50,27304792032,5,战歌起,少女乐队的呐喊,113639415615056,As It Was,As It Was
我好像理解了为什么 space 会关门,362.481,1,16777215,2025-09-12 14:27:13,27304792032,5,战歌起,少女乐队的呐喊,113639415615056,space,space
sapce（梦开始的地方）,203.52,5,16777215,2025-08-26 02:25:21,27304792032,5,战歌起,少女乐队的呐喊,113639415615056,sapce,sapce
烤p怎么到处跑23333,1237.225,1,16777215,2025-08-06 23:45:22,27304792032,5,战歌起,少女乐队的呐喊,113639415615056,p23333,p23333
当我听了某团的中文版lemon后，我跟理解小孩的心情了,562.769,5,16777215,2025-06-03 23:12:29,27304792032,5,战歌起,少女乐队的呐喊,113639415615056,lemon,lemon
天天怎么说出来了太佩服了TT,501.628,1,16777215,2025-06-01 21:47:44,27304792032,5,战歌起,少女乐队的呐喊,113639415615056,TT,TT
炸出来一堆ac7的哈哈哈哈,1276.282,1,16777215,2025-06-01 01:02:18,27304792032,5,战歌起,少女乐队的呐喊,113639415615056,ac7,ac7
什么 BA 玩家，你怎么知道我50抽5个彩没歪,164.817,1,16777215,2025-05-01 23:59:22,27304792032,5,战歌起,少女乐队的呐喊,113639415615056,BA 505,BA 505
Mono酱,154.707,1,16777215,2025-07-24 12:40:04,27304792032,5,战歌起,少女乐队的呐喊,113639415615056,Mono,Mono
486核心科技：4WD,1080.439,5,15772458,2025-07-07 16:23:45,27304792032,5,战歌起,少女乐队的呐喊,113639415615056,4864WD,4864WD
幻听mmj（雾）,460.444,1,16777215,2025-06-25 20:26:18,27304792032,5,战歌起,少女乐队的呐喊,113639415615056,mmj,mmj
一个人打车六七十回家 ready,1159.615,1,16777215,2025-05-24 17:49:06,27304792032,5,战歌起,少女乐队的呐喊,113639415615056,ready,ready
这段前三个音听成asit was了,999.851,5,16777215,2025-05-03 21:52:14,27304792032,5,战歌起,少女乐队的呐喊,113639415615056,asit was,asit was
这里应该是表现小孩姐很勇，和mmk的怒气冲天，路人都被吓到了，小孩姐依旧在A,1303.0,1,41194,2025-12-23 23:59:33,27304792032,5,战歌起,少女乐队的呐喊,113639415615056,mmkA,mmkA
在nina看来空之箱始终是mmk桑的歌，这无关乎版权，因为歌曲表达了创作者不愿顺从，反抗的意志；选择妥协的新钻石星尘在nina看来不配，mmk其实也不接受但理性在抑制她,901.822,1,16777215,2025-12-01 01:45:25,27304792032,5,战歌起,少女乐队的呐喊,113639415615056,ninammkninammk,ninammkninammk
486现在在bgm里敲鼓呢,892.599,1,16777215,2025-08-23 21:31:11,27304792032,5,战歌起,少女乐队的呐喊,113639415615056,486bgm,486bgm
健哥：“mm酱！”,181.913,1,16777215,2025-08-07 12:54:15,27304792032,5,战歌起,少女乐队的呐喊,113639415615056,“mm”,“ mm ”
A！A！O！,1319.287,5,16646914,2025-08-07 12:14:49,27304792032,5,战歌起,少女乐队的呐喊,113639415615056,AAO,AAO
原枪炮与玫瑰成员 slash出演,1148.075,1,16777215,2025-07-12 14:10:08,27304792032,5,战歌起,少女乐队的呐喊,113639415615056,slash,slash
这不是ena弟弟吗,1230.222,1,16777215,2025-07-11 14:22:31,27304792032,5,战歌起,少女乐队的呐喊,113639415615056,ena,ena
怎么一个2D的还和3D的吵上？,1245.374,1,16777215,2025-07-03 18:11:26,27304792032,5,战歌起,少女乐队的呐喊,113639415615056,2D3D,2D3D
◣◥◣◥DRANGR◣◥◣◥高能预警◣◥◣◥DRANGR◣◥◣◥◣◥◣◥DRANGR◣◥◣◥高能预警◣◥◣◥DRANGR◣◥◣◥◣◥◣◥DRANGR◣◥◣◥高能预警◣◥◣◥DRANGR◣◥◣◥◣◥◣◥,906.165,5,16777215,2025-07-01 10:26:23,27304792032,5,战歌起,少女乐队的呐喊,113639415615056,DRANGRDRANGRDRANGRDRANGRDRANGRDRANGR,DRANGRDRANGRDRANGRDRANGRDRANGRDRANGR
486:kdlkdl,1032.423,1,16777215,2025-06-26 10:08:52,27304792032,5,战歌起,少女乐队的呐喊,113639415615056,486kdlkdl,486kdlkdl
演奏《song i am》（doge）,1163.675,5,16777215,2025-06-09 11:51:08,27304792032,5,战歌起,少女乐队的呐喊,113639415615056,song i amdoge,song i amdoge
大学:So?,1362.495,1,16777215,2025-06-02 00:27:09,27304792032,5,战歌起,少女乐队的呐喊,113639415615056,So,So
Wc，冰！,61.173,1,16777215,2026-03-28 18:17:37,27304792032,5,战歌起,少女乐队的呐喊,113639415615056,Wc,Wc
大祥：勿que,699.907,1,16777215,2026-02-16 20:03:42,27304792032,5,战歌起,少女乐队的呐喊,113639415615056,que,que
墙上的是致敬oor吗,432.33,1,16777215,2026-01-23 19:11:58,27304792032,5,战歌起,少女乐队的呐喊,113639415615056,oor,oor
kawaii~~,169.268,5,16777215,2025-12-30 19:31:21,27304792032,5,战歌起,少女乐队的呐喊,113639415615056,kawaii,kawaii
开那么多灯太不环保 了，学学roselia（bushi）,1363.238,5,16777215,2025-12-29 08:37:17,27304792032,5,战歌起,少女乐队的呐喊,113639415615056,roseliabushi,roseliabushi
486：so？,735.982,5,16777215,2025-12-15 05:03:15,27304792032,5,战歌起,少女乐队的呐喊,113639415615056,486so,486so
每日立正（n/2）,1249.022,1,16777215,2025-10-20 22:55:37,27304792032,5,战歌起,少女乐队的呐喊,113639415615056,n2,n2
怎吗这么多dota2玩家,1109.573,1,16777215,2025-10-18 23:37:41,27304792032,5,战歌起,少女乐队的呐喊,113639415615056,dota2,dota2
hina是没有霸凌nina，但hina的补刀也几乎直接导致了nina想跳楼，为伸张正义经历如此不公最后自己最好的朋友在自己最虚弱的时候跑来补刀,676.231,5,16777215,2025-09-27 22:03:31,27304792032,5,战歌起,少女乐队的呐喊,113639415615056,hinaninahinanina,hinaninahinanina
原Navi队员simple加入faze,1151.725,1,16777215,2025-09-07 16:20:43,27304792032,5,战歌起,少女乐队的呐喊,113639415615056,Navisimplefaze,Navisimplefaze
一休尼band,889.725,1,16777215,2025-08-29 09:47:49,27304792032,5,战歌起,少女乐队的呐喊,113639415615056,band,band
理解soyo，成为soyo,589.638,1,16707842,2025-08-22 09:36:54,27304792032,5,战歌起,少女乐队的呐喊,113639415615056,soyosoyo,soyosoyo
Apex,1393.77,1,16707842,2025-08-17 15:09:39,27304792032,5,战歌起,少女乐队的呐喊,113639415615056,Apex,Apex
Hit! x2,949.02,5,16777215,2025-08-11 10:51:07,27304792032,5,战歌起,少女乐队的呐喊,113639415615056,Hit x2,Hit x2
因为jo太郎是个不良少年（手动doge）,441.21,1,6830715,2025-08-07 00:12:59,27304792032,5,战歌起,少女乐队的呐喊,113639415615056,jodoge,jodoge
Leo need ：我们的卖点不是女高乐队,453.151,1,16777215,2025-07-30 13:14:51,27304792032,5,战歌起,少女乐队的呐喊,113639415615056,Leo need,Leo need
L！R！S！S！G！,1275.889,5,16777215,2025-07-29 16:03:14,27304792032,5,战歌起,少女乐队的呐喊,113639415615056,LRSSG,LRSSG
yixiuni,979.284,1,16777215,2025-07-26 15:53:46,27304792032,5,战歌起,少女乐队的呐喊,113639415615056,yixiuni,yixiuni
bor在cosplay攻城锤,1088.993,1,16777215,2025-07-13 16:40:42,27304792032,5,战歌起,少女乐队的呐喊,113639415615056,borcosplay,borcosplay
577？巨大战狠99A带着她的577来上市西方朋友们了（喜）,158.696,5,16777215,2025-06-29 17:20:28,27304792032,5,战歌起,少女乐队的呐喊,113639415615056,57799A577,57799A577
baby我们的感情好像跳楼机,82.428,1,16777215,2025-06-29 02:51:04,27304792032,5,战歌起,少女乐队的呐喊,113639415615056,baby,baby
这剧情有点像《NANA》,1004.311,1,16777215,2025-05-11 01:01:02,27304792032,5,战歌起,少女乐队的呐喊,113639415615056,NANA,NANA
galaxy,209.747,1,16777215,2025-04-28 06:05:22,27304792032,5,战歌起,少女乐队的呐喊,113639415615056,galaxy,galaxy
是mmk的错我也喜欢mmk mmk的空之箱是客观存在的救了我一命的,1038.167,1,16777215,2026-05-04 18:55:15,27304792032,5,战歌起,少女乐队的呐喊,113639415615056,mmkmmk mmk,mmkmmk mmk
ooo说中了戳肺管子了急了,851.822,1,16777215,2026-05-03 23:34:00,27304792032,5,战歌起,少女乐队的呐喊,113639415615056,ooo,ooo
前faze选手ropz跟随为他立体冲击第四个大满贯,1149.543,5,14811775,2026-04-28 11:14:14,27304792032,5,战歌起,少女乐队的呐喊,113639415615056,fazeropz,fazeropz
nonono我的小众乐队不小众了,733.013,1,16777215,2026-04-28 01:19:34,27304792032,5,战歌起,少女乐队的呐喊,113639415615056,nonono,nonono
EPIC:为什么点我名,326.96,1,16777215,2026-04-26 15:43:32,27304792032,5,战歌起,少女乐队的呐喊,113639415615056,EPIC,EPIC
wC，冰！,231.666,1,16777215,2026-04-25 18:29:29,27304792032,5,战歌起,少女乐队的呐喊,113639415615056,wC,wC
天天看她们吵架的我好幸福啊（wunai,737.951,1,15138834,2026-04-25 00:14:28,27304792032,5,战歌起,少女乐队的呐喊,113639415615056,wunai,wunai
强力主唱型pareo,609.455,5,41194,2026-04-22 22:49:28,27304792032,5,战歌起,少女乐队的呐喊,113639415615056,pareo,pareo
我还dub呢,210.551,5,41194,2026-04-22 22:39:39,27304792032,5,战歌起,少女乐队的呐喊,113639415615056,dub,dub
stary！,208.182,1,16777215,2026-04-08 12:47:02,27304792032,5,战歌起,少女乐队的呐喊,113639415615056,stary,stary
大学：Bye bye,1307.383,1,16777215,2026-04-05 12:41:32,27304792032,5,战歌起,少女乐队的呐喊,113639415615056,Bye bye,Bye bye
ice,1343.535,5,8700107,2026-03-30 21:30:31,27304792032,5,战歌起,少女乐队的呐喊,113639415615056,ice,ice
6000rmb？太狠了,426.373,1,16777215,2026-03-27 21:33:20,27304792032,5,战歌起,少女乐队的呐喊,113639415615056,6000rmb,6000rmb
这怎么还有F1？,1149.608,1,16777215,2026-03-22 00:06:10,27304792032,5,战歌起,少女乐队的呐喊,113639415615056,F1,F1
质疑soyo，理解soyo，成为soyo,617.355,5,16777215,2026-02-26 11:44:17,27304792032,5,战歌起,少女乐队的呐喊,113639415615056,soyosoyosoyo,soyosoyosoyo
Ryou,471.706,1,9033215,2026-02-24 18:15:20,27304792032,5,战歌起,少女乐队的呐喊,113639415615056,Ryou,Ryou
《Yes sir!》,1079.357,1,16777215,2026-02-24 15:49:14,27304792032,5,战歌起,少女乐队的呐喊,113639415615056,Yes sir,Yes sir
吃一堑x5,61.509,1,16777215,2026-02-21 10:01:43,27304792032,5,战歌起,少女乐队的呐喊,113639415615056,x5,x5
下北泽 SHELTER（繁星）,217.795,1,16777215,2026-02-14 20:53:53,27304792032,5,战歌起,少女乐队的呐喊,113639415615056,SHELTER,SHELTER
nina的168亿呢？,207.474,1,16777215,2026-02-13 19:37:04,27304792032,5,战歌起,少女乐队的呐喊,113639415615056,nina168,nina168
可以想象一下领导在监控室里看着他在这Play,940.533,5,16777215,2026-02-06 12:52:36,27304792032,5,战歌起,少女乐队的呐喊,113639415615056,Play,Play
26a(发波）,912.972,1,16777215,2026-02-04 15:09:51,27304792032,5,战歌起,少女乐队的呐喊,113639415615056,26a,26a
mmk背的是zzz驱动器吗，笑死我了,1211.629,1,16777215,2026-02-04 13:32:16,27304792032,5,战歌起,少女乐队的呐喊,113639415615056,mmkzzz,mmkzzz
Kksk！！,1358.04,5,16777215,2026-02-03 08:45:33,27304792032,5,战歌起,少女乐队的呐喊,113639415615056,Kksk,Kksk
FullCombo！,1418.681,1,16777215,2026-02-02 01:59:18,27304792032,5,战歌起,少女乐队的呐喊,113639415615056,FullCombo,FullCombo
emm，想按头了捏,750.315,1,16777215,2026-01-24 10:57:26,27304792032,5,战歌起,少女乐队的呐喊,113639415615056,emm,emm
lisa是你吗？,1380.1,1,16777215,2026-01-24 04:50:55,27304792032,5,战歌起,少女乐队的呐喊,113639415615056,lisa,lisa
mus,1202.386,1,16777215,2026-01-05 01:27:54,27304792032,5,战歌起,少女乐队的呐喊,113639415615056,mus,mus
我的cmos !!!!!!,551.004,5,16777215,2025-12-30 19:46:33,27304792032,5,战歌起,少女乐队的呐喊,113639415615056,cmos,cmos
mmk：666，不演了,1219.75,5,16777215,2025-12-15 05:13:44,27304792032,5,战歌起,少女乐队的呐喊,113639415615056,mmk666,mmk666
beck同款剧情,945.895,1,16777215,2025-12-11 18:32:02,27304792032,5,战歌起,少女乐队的呐喊,113639415615056,beck,beck
每月PUA(不是),678.761,1,16777215,2025-12-07 10:58:14,27304792032,5,战歌起,少女乐队的呐喊,113639415615056,PUA,PUA
这个距离不是吵架就是kiss(bushi),748.5,5,16707842,2025-12-02 13:05:41,27304792032,5,战歌起,少女乐队的呐喊,113639415615056,kissbushi,kissbushi
soyo:nani,42.085,1,16777215,2025-11-28 00:02:44,27304792032,5,战歌起,少女乐队的呐喊,113639415615056,soyonani,soyonani
saya！！！～～～（ksm音）,166.64,1,16707842,2025-11-20 13:21:29,27304792032,5,战歌起,少女乐队的呐喊,113639415615056,sayaksm,sayaksm
hi,630.353,1,16777215,2025-11-19 14:50:36,27304792032,5,战歌起,少女乐队的呐喊,113639415615056,hi,hi
sensei们别藏着了,152.318,1,16777215,2025-11-02 00:02:33,27304792032,5,战歌起,少女乐队的呐喊,113639415615056,sensei,sensei
每日立正（n /1）,874.36,1,16777215,2025-10-20 22:47:55,27304792032,5,战歌起,少女乐队的呐喊,113639415615056,n 1,n 1
补充一下：2w指钻团一场live就涨2w粉，不是总粉丝量,326.86,5,16646914,2024-12-14 19:15:23,27304791806,6,离群者赞歌,少女乐队的呐喊,113639415678529,2wlive2w,2wlive2w
Pleia是486打游戏用的昵称，pleiades则是昴星团，也算是neta 486,249.622,5,41194,2024-12-14 23:51:31,27304791806,6,离群者赞歌,少女乐队的呐喊,113639415678529,Pleia486pleiadesneta 486,Pleia486pleiadesneta 486
高达220刺的关注量（doge,93.913,5,16777215,2024-12-14 23:47:05,27304791806,6,离群者赞歌,少女乐队的呐喊,113639415678529,220doge,220doge
吉他英雄3个w,344.307,5,16777215,2024-12-21 21:33:03,27304791806,6,离群者赞歌,少女乐队的呐喊,113639415678529,3w,3w
你们的前辈们也有这梦想233333（K-ON！）,912.189,5,15138834,2024-12-16 23:27:53,27304791806,6,离群者赞歌,少女乐队的呐喊,113639415678529,233333KON,233333KON
丰川:别cue我！,1055.406,5,41194,2024-12-14 14:01:10,27304791806,6,离群者赞歌,少女乐队的呐喊,113639415678529,cue,cue
486挥手这段也是meme名素材了,1214.596,5,16777215,2024-12-16 02:40:18,27304791806,6,离群者赞歌,少女乐队的呐喊,113639415678529,486meme,486meme
486太可爱了www,1027.918,1,9487136,2025-01-07 01:53:22,27304791806,6,离群者赞歌,少女乐队的呐喊,113639415678529,486www,486www
ayase?,1059.115,1,16777215,2025-01-22 14:09:10,27304791806,6,离群者赞歌,少女乐队的呐喊,113639415678529,ayase,ayase
心象的フラクタル，红生姜自己用vocaloid作的曲子,37.372,5,16777215,2024-12-14 23:43:43,27304791806,6,离群者赞歌,少女乐队的呐喊,113639415678529,vocaloid,vocaloid
波奇一共11w，一场直接加3w,352.635,5,14811775,2025-01-25 00:51:59,27304791806,6,离群者赞歌,少女乐队的呐喊,113639415678529,11w3w,11w3w
160多辆T55的车组（,333.423,5,16776960,2024-12-16 21:53:23,27304791806,6,离群者赞歌,少女乐队的呐喊,113639415678529,160T55,160T55
贝斯滑音.mp4,1169.633,5,16777215,2025-01-22 17:16:18,27304791806,6,离群者赞歌,少女乐队的呐喊,113639415678529,mp4,mp4
小智和帕鲁？这也是对CP？,87.776,1,16777215,2024-12-14 22:22:35,27304791806,6,离群者赞歌,少女乐队的呐喊,113639415678529,CP,CP
红生姜虽然2w粉，但是目前卡上限了，所以鲁帕说要冲武道馆就必须做出改变了,856.933,1,16777215,2025-01-26 02:09:17,27304791806,6,离群者赞歌,少女乐队的呐喊,113639415678529,2w,2w
AC/DC主音吉他：校服正解！,655.691,1,16777215,2024-12-21 15:57:15,27304791806,6,离群者赞歌,少女乐队的呐喊,113639415678529,ACDC,ACDC
bass线失衡的乐队也不少，后朋克乐队基本都有贝斯强势的特征，甚至老祖宗jd就是以贝斯为特色的乐队,1275.348,5,16777215,2025-01-29 21:54:16,27304791806,6,离群者赞歌,少女乐队的呐喊,113639415678529,bassjd,bassjd
yamoli！,59.257,1,16777215,2024-12-31 19:17:00,27304791806,6,离群者赞歌,少女乐队的呐喊,113639415678529,yamoli,yamoli
豪堪，486居然是M?,232.089,5,16777215,2024-12-14 20:40:54,27304791806,6,离群者赞歌,少女乐队的呐喊,113639415678529,486M,486M
486生无可恋的表情hhhh,696.719,5,16777215,2025-02-26 23:53:17,27304791806,6,离群者赞歌,少女乐队的呐喊,113639415678529,486hhhh,486hhhh
道具指导：Bochi,36.704,5,16777215,2025-02-22 20:38:52,27304791806,6,离群者赞歌,少女乐队的呐喊,113639415678529,Bochi,Bochi
mmk跟睦头人不一样的，486这边说的其实是mmk在专心投入音乐的时候会很释放自我，跟平时有种不太一样的感觉,1108.991,1,16777215,2025-07-31 00:14:35,27304791806,6,离群者赞歌,少女乐队的呐喊,113639415678529,mmk486mmk,mmk486mmk
该发明ak给钻石星尘突突了,461.846,1,16777215,2025-01-05 13:53:23,27304791806,6,离群者赞歌,少女乐队的呐喊,113639415678529,ak,ak
无论怎么讲，粉丝数量是500对2w，优势在我！,336.057,5,16765698,2024-12-14 22:06:00,27304791806,6,离群者赞歌,少女乐队的呐喊,113639415678529,5002w,5002w
yyut,539.56,1,16777215,2025-03-12 21:26:54,27304791806,6,离群者赞歌,少女乐队的呐喊,113639415678529,yyut,yyut
难道是roll一把可燃冰,793.88,1,16777215,2025-03-23 00:04:35,27304791806,6,离群者赞歌,少女乐队的呐喊,113639415678529,roll,roll
这个嘴巴好可爱啊，像chiikawa,778.597,5,16777215,2025-03-25 12:36:05,27304791806,6,离群者赞歌,少女乐队的呐喊,113639415678529,chiikawa,chiikawa
ANON TOKYO ,603.098,1,16777215,2025-05-13 00:42:09,27304791806,6,离群者赞歌,少女乐队的呐喊,113639415678529,ANON TOKYO,ANON TOKYO
csgo《搭档模式》,789.557,5,16777215,2025-06-09 20:21:52,27304791806,6,离群者赞歌,少女乐队的呐喊,113639415678529,csgo,csgo
所以说像Mujica这样出道就是有TGW赞助，和sumimi拥有同样事务所，最速武道馆传说，也就只有大祥老师能做到了,1319.375,1,16777215,2025-09-15 19:30:13,27304791806,6,离群者赞歌,少女乐队的呐喊,113639415678529,MujicaTGWsumimi,MujicaTGWsumimi
《rating还有绿的》,772.113,5,16777215,2025-06-05 19:22:40,27304791806,6,离群者赞歌,少女乐队的呐喊,113639415678529,rating,rating
真的好想要一个486这样的好朋友啊wwww小天使鼓手,1140.991,1,16777215,2025-05-31 17:12:39,27304791806,6,离群者赞歌,少女乐队的呐喊,113639415678529,486wwww,486wwww
才2.9w我还以为9.2w呢,330.117,1,16777215,2025-07-20 03:23:05,27304791806,6,离群者赞歌,少女乐队的呐喊,113639415678529,29w92w,29w92w
ko no 迪亚波罗 da!,1089.602,5,15138834,2025-03-22 16:41:20,27304791806,6,离群者赞歌,少女乐队的呐喊,113639415678529,ko no  da,ko no da
哈哈还有yosoabi粉丝,1046.079,5,15138834,2025-07-08 21:43:56,27304791806,6,离群者赞歌,少女乐队的呐喊,113639415678529,yosoabi,yosoabi
我还以为200w,333.632,1,16777215,2025-04-02 13:00:12,27304791806,6,离群者赞歌,少女乐队的呐喊,113639415678529,200w,200w
仁菜：Yes or No? 486：or,1083.31,1,16777215,2025-10-06 18:29:59,27304791806,6,离群者赞歌,少女乐队的呐喊,113639415678529,Yes or No 486or,Yes or No 486or
张八百：2w很多吗？500很少吗,341.0,5,16777215,2025-03-30 14:25:18,27304791806,6,离群者赞歌,少女乐队的呐喊,113639415678529,2w500,2w500
re0第四季的普雷阿蒂斯瞭望塔也是这么来的，昴星团,252.91,5,41194,2025-09-19 09:17:06,27304791806,6,离群者赞歌,少女乐队的呐喊,113639415678529,re0,re0
bochi在弹吉他,693.295,5,16777215,2025-05-31 10:51:44,27304791806,6,离群者赞歌,少女乐队的呐喊,113639415678529,bochi,bochi
YOASOBI味儿太重了,1047.177,5,15138834,2025-12-22 20:18:12,27304791806,6,离群者赞歌,少女乐队的呐喊,113639415678529,YOASOBI,YOASOBI
致敬传奇25岁jk偶像mem啾,656.785,1,16777215,2025-11-22 23:41:44,27304791806,6,离群者赞歌,少女乐队的呐喊,113639415678529,25jkmem,25jkmem
麻蛋，夏亚总帅和ACE阿姆罗还有那该死的阿克西斯还在追我,1250.311,1,16777215,2025-07-19 04:35:57,27304791806,6,离群者赞歌,少女乐队的呐喊,113639415678529,ACE,ACE
逆天JK控mmk,656.391,1,16777215,2025-05-08 22:07:51,27304791806,6,离群者赞歌,少女乐队的呐喊,113639415678529,JKmmk,JKmmk
486用的cn捏,265.626,1,16777215,2025-04-29 17:31:53,27304791806,6,离群者赞歌,少女乐队的呐喊,113639415678529,486cn,486cn
波奇的粉丝可是10w,551.897,1,16777215,2025-03-30 18:46:13,27304791806,6,离群者赞歌,少女乐队的呐喊,113639415678529,10w,10w
rting原来还有绿的吗？(从熙熙攘攘，我们的a大来的),774.249,5,16777215,2026-01-10 12:07:14,27304791806,6,离群者赞歌,少女乐队的呐喊,113639415678529,rtinga,rtinga
细节iPhone11系列没有3.5毫米耳机接口只能用转接头,1423.078,1,16777215,2025-10-14 21:18:09,27304791806,6,离群者赞歌,少女乐队的呐喊,113639415678529,iPhone1135,iPhone1135
O︿O,1043.65,1,16777215,2025-08-29 21:01:43,27304791806,6,离群者赞歌,少女乐队的呐喊,113639415678529,OO,OO
infj实锤了,580.452,1,16777215,2025-08-04 13:01:57,27304791806,6,离群者赞歌,少女乐队的呐喊,113639415678529,infj,infj
SOS团同款23333,625.174,5,16777215,2025-06-01 15:02:08,27304791806,6,离群者赞歌,少女乐队的呐喊,113639415678529,SOS23333,SOS23333
m的又是k佬,962.173,1,16777215,2025-05-29 00:02:56,27304791806,6,离群者赞歌,少女乐队的呐喊,113639415678529,mk,mk
aaa冰批发仁菜,1272.886,1,16777215,2025-04-09 01:12:50,27304791806,6,离群者赞歌,少女乐队的呐喊,113639415678529,aaa,aaa
Amoris：我不同意,254.393,5,16646914,2025-03-30 22:28:10,27304791806,6,离群者赞歌,少女乐队的呐喊,113639415678529,Amoris,Amoris
ED起！,1329.418,5,16777215,2025-11-06 12:11:38,27304791806,6,离群者赞歌,少女乐队的呐喊,113639415678529,ED,ED
Jump！,1157.669,5,16777215,2025-11-02 23:39:46,27304791806,6,离群者赞歌,少女乐队的呐喊,113639415678529,Jump,Jump
乙骨仙台一穿3（bushi）,954.833,1,16777215,2025-10-19 13:04:48,27304791806,6,离群者赞歌,少女乐队的呐喊,113639415678529,3bushi,3bushi
danking,559.033,5,16777215,2025-08-17 02:42:59,27304791806,6,离群者赞歌,少女乐队的呐喊,113639415678529,danking,danking
哪里都有kards玩具,948.815,1,16777215,2025-08-16 21:54:15,27304791806,6,离群者赞歌,少女乐队的呐喊,113639415678529,kards,kards
sukawudo,809.522,1,16777215,2025-08-07 12:00:33,27304791806,6,离群者赞歌,少女乐队的呐喊,113639415678529,sukawudo,sukawudo
左：鲁帕        右：海老冢（zhǒng）智,764.88,5,16777215,2025-08-02 02:20:46,27304791806,6,离群者赞歌,少女乐队的呐喊,113639415678529,zhng,zhng
要参加未确认TOP吗,1317.089,1,16777215,2025-07-31 10:20:14,27304791806,6,离群者赞歌,少女乐队的呐喊,113639415678529,TOP,TOP
vocal，这个调音太细节了,1239.43,1,41194,2025-07-29 18:57:55,27304791806,6,离群者赞歌,少女乐队的呐喊,113639415678529,vocal,vocal
"与此同时,Mujica正在刷新纪录。(∩_∩)",967.405,1,16777215,2025-07-28 12:44:47,27304791806,6,离群者赞歌,少女乐队的呐喊,113639415678529,Mujica,Mujica
C C C,312.718,5,38979,2025-07-17 07:00:54,27304791806,6,离群者赞歌,少女乐队的呐喊,113639415678529,C C C,C C C
致敬传奇Ob 一串字母小姐,260.866,5,41194,2025-07-11 00:16:43,27304791806,6,离群者赞歌,少女乐队的呐喊,113639415678529,Ob,Ob
致敬传奇乐队The Who,568.338,5,16777215,2025-06-22 00:16:25,27304791806,6,离群者赞歌,少女乐队的呐喊,113639415678529,The Who,The Who
这也有点像cabuss,43.556,1,16777215,2025-06-18 00:36:31,27304791806,6,离群者赞歌,少女乐队的呐喊,113639415678529,cabuss,cabuss
MEM啾：内行啊,651.672,5,16776960,2025-06-06 01:07:15,27304791806,6,离群者赞歌,少女乐队的呐喊,113639415678529,MEM,MEM
乐队目标一共四个字，乐队是band目标是目标WOW,453.413,5,16777215,2025-06-01 18:41:09,27304791806,6,离群者赞歌,少女乐队的呐喊,113639415678529,bandWOW,bandWOW
ohno你要踩雷了,611.986,5,16777215,2025-05-31 17:31:39,27304791806,6,离群者赞歌,少女乐队的呐喊,113639415678529,ohno,ohno
大学：SO？仁菜：你哪个？不认识,640.794,1,16777215,2025-04-17 21:41:41,27304791806,6,离群者赞歌,少女乐队的呐喊,113639415678529,SO,SO
3c+3c,1080.555,1,16777215,2025-04-04 23:05:54,27304791806,6,离群者赞歌,少女乐队的呐喊,113639415678529,3c3c,3c3c
niko，hunter，monesy，hooxi，jks,1269.236,5,15138834,2025-04-03 13:10:53,27304791806,6,离群者赞歌,少女乐队的呐喊,113639415678529,nikohuntermonesyhooxijks,nikohuntermonesyhooxijks
lu宝,79.902,1,16777215,2025-03-23 17:42:27,27304791806,6,离群者赞歌,少女乐队的呐喊,113639415678529,lu,lu
突然想到486介绍meme和亚刻邀请meme的视频了,1210.761,1,15138834,2025-03-21 12:53:03,27304791806,6,离群者赞歌,少女乐队的呐喊,113639415678529,486memememe,486memememe
hello,56.193,5,16777215,2026-02-23 00:13:14,27304791806,6,离群者赞歌,少女乐队的呐喊,113639415678529,hello,hello
Bocchi门 永存 !,348.096,5,16777215,2026-02-06 20:32:54,27304791806,6,离群者赞歌,少女乐队的呐喊,113639415678529,Bocchi,Bocchi
攻略NPC进度+50%,735.911,1,16777215,2026-01-15 21:41:51,27304791806,6,离群者赞歌,少女乐队的呐喊,113639415678529,NPC50,NPC50
骗你的，Bochi漫画现在有11万了,345.273,1,16777215,2025-12-26 22:48:58,27304791806,6,离群者赞歌,少女乐队的呐喊,113639415678529,Bochi11,Bochi11
EADGBE,1236.848,1,16777215,2025-08-26 21:24:45,27304791806,6,离群者赞歌,少女乐队的呐喊,113639415678529,EADGBE,EADGBE
go团到最后也才200粉,330.707,1,16777215,2025-08-21 18:04:47,27304791806,6,离群者赞歌,少女乐队的呐喊,113639415678529,go200,go200
小智（satoxi）（雾,1200.359,1,16777215,2025-07-17 22:30:37,27304791806,6,离群者赞歌,少女乐队的呐喊,113639415678529,satoxi,satoxi
不得不说小智好典的intj。,544.829,1,16777215,2025-07-09 18:34:39,27304791806,6,离群者赞歌,少女乐队的呐喊,113639415678529,intj,intj
666kards,953.047,5,16777215,2025-06-28 00:10:40,27304791806,6,离群者赞歌,少女乐队的呐喊,113639415678529,666kards,666kards
Kirakira,1260.75,1,16777215,2025-06-24 16:40:56,27304791806,6,离群者赞歌,少女乐队的呐喊,113639415678529,Kirakira,Kirakira
mmk的xp是女子高中生,649.795,5,16765698,2025-06-14 22:28:00,27304791806,6,离群者赞歌,少女乐队的呐喊,113639415678529,mmkxp,mmkxp
prprprpr,223.086,1,16777215,2025-05-30 16:51:41,27304791806,6,离群者赞歌,少女乐队的呐喊,113639415678529,prprprpr,prprprpr
kuwasiku,1193.27,1,16777215,2025-05-26 04:01:03,27304791806,6,离群者赞歌,少女乐队的呐喊,113639415678529,kuwasiku,kuwasiku
war face,816.512,1,16777215,2025-05-01 13:53:54,27304791806,6,离群者赞歌,少女乐队的呐喊,113639415678529,war face,war face
chatgpt,457.381,1,16777215,2025-04-27 18:01:37,27304791806,6,离群者赞歌,少女乐队的呐喊,113639415678529,chatgpt,chatgpt
mms咋穿的跟个特种兵一样,605.928,1,15138834,2025-04-08 21:16:54,27304791806,6,离群者赞歌,少女乐队的呐喊,113639415678529,mms,mms
68：Say my name.,548.711,1,16777215,2025-03-27 00:39:07,27304791806,6,离群者赞歌,少女乐队的呐喊,113639415678529,68Say my name,68Say my name
Nina要蒸熟了hhhhh,260.843,1,16777215,2026-04-27 19:03:11,27304791806,6,离群者赞歌,少女乐队的呐喊,113639415678529,Ninahhhhh,Ninahhhhh
好帅啊，MM k,1338.428,1,16777215,2026-04-16 16:31:33,27304791806,6,离群者赞歌,少女乐队的呐喊,113639415678529,MM k,MM k
rider kick,658.925,1,15138834,2026-04-11 16:07:54,27304791806,6,离群者赞歌,少女乐队的呐喊,113639415678529,rider kick,rider kick
prpr,226.836,1,16777215,2026-03-29 22:09:01,27304791806,6,离群者赞歌,少女乐队的呐喊,113639415678529,prpr,prpr
囧比哇得ki得鲁？,1203.571,5,16777215,2026-03-22 15:28:12,27304791806,6,离群者赞歌,少女乐队的呐喊,113639415678529,ki,ki
太ROCK了,298.263,1,16777215,2026-03-03 22:42:36,27304791806,6,离群者赞歌,少女乐队的呐喊,113639415678529,ROCK,ROCK
eir,711.106,1,16777215,2026-02-24 00:47:41,27304791806,6,离群者赞歌,少女乐队的呐喊,113639415678529,eir,eir
wo,32.336,1,16777215,2026-02-23 02:26:42,27304791806,6,离群者赞歌,少女乐队的呐喊,113639415678529,wo,wo
JO级生物,1341.412,1,16777215,2026-02-22 01:44:12,27304791806,6,离群者赞歌,少女乐队的呐喊,113639415678529,JO,JO
吃一堑x6,108.89,1,16777215,2026-02-21 13:15:45,27304791806,6,离群者赞歌,少女乐队的呐喊,113639415678529,x6,x6
M C T P全地形丛林迷彩,609.416,1,15138834,2026-02-18 13:09:05,27304791806,6,离群者赞歌,少女乐队的呐喊,113639415678529,M C T P,M C T P
wou,1154.744,1,16777215,2026-02-18 10:08:50,27304791806,6,离群者赞歌,少女乐队的呐喊,113639415678529,wou,wou
mmk好美TT,226.92,1,16777215,2026-02-16 17:48:27,27304791806,6,离群者赞歌,少女乐队的呐喊,113639415678529,mmkTT,mmkTT
fi发力了,707.716,1,16777215,2026-02-14 20:50:33,27304791806,6,离群者赞歌,少女乐队的呐喊,113639415678529,fi,fi
nord我草,1149.834,1,16777215,2026-02-13 16:58:19,27304791806,6,离群者赞歌,少女乐队的呐喊,113639415678529,nord,nord
muzumi,1090.029,1,16777215,2026-02-13 16:57:15,27304791806,6,离群者赞歌,少女乐队的呐喊,113639415678529,muzumi,muzumi
好base的base,1150.984,1,16777215,2026-02-11 16:31:15,27304791806,6,离群者赞歌,少女乐队的呐喊,113639415678529,basebase,basebase
这跟MC迷彩沾边么,608.468,5,16777215,2026-02-10 22:17:37,27304791806,6,离群者赞歌,少女乐队的呐喊,113639415678529,MC,MC
我的4k呢,986.969,1,16777215,2026-02-08 20:20:34,27304791806,6,离群者赞歌,少女乐队的呐喊,113639415678529,4k,4k
许哥是区，但showmaker不是,729.141,1,16777215,2026-02-04 20:54:29,27304791806,6,离群者赞歌,少女乐队的呐喊,113639415678529,showmaker,showmaker
Star,1142.082,5,16777215,2026-02-02 23:30:03,27304791806,6,离群者赞歌,少女乐队的呐喊,113639415678529,Star,Star
keyboard智智也好敏感,733.317,1,16777215,2026-02-02 03:23:27,27304791806,6,离群者赞歌,少女乐队的呐喊,113639415678529,keyboard,keyboard
大学:damn!,996.069,1,16777215,2026-01-21 01:20:56,27304791806,6,离群者赞歌,少女乐队的呐喊,113639415678529,damn,damn
ropz，这是一场伟大的转会！,1277.277,1,16777215,2026-01-20 03:34:56,27304791806,6,离群者赞歌,少女乐队的呐喊,113639415678529,ropz,ropz
出现了Sp界桃香,1340.477,5,16777215,2026-01-19 22:37:00,27304791806,6,离群者赞歌,少女乐队的呐喊,113639415678529,Sp,Sp
sg？,922.564,5,16777215,2026-01-11 01:54:41,27304791806,6,离群者赞歌,少女乐队的呐喊,113639415678529,sg,sg
Hi,65.489,5,16777215,2026-01-11 01:51:10,27304791806,6,离群者赞歌,少女乐队的呐喊,113639415678529,Hi,Hi
武道馆major,909.768,1,16777215,2025-12-31 23:50:15,27304791806,6,离群者赞歌,少女乐队的呐喊,113639415678529,major,major
WOW,893.645,5,16777215,2025-12-30 18:11:03,27304791806,6,离群者赞歌,少女乐队的呐喊,113639415678529,WOW,WOW
bang高祖，里面好像也有这样的武道馆哎,965.323,1,16777215,2025-12-28 01:05:34,27304791806,6,离群者赞歌,少女乐队的呐喊,113639415678529,bang,bang
大论monster,1031.977,1,16777215,2025-12-25 00:47:26,27304791806,6,离群者赞歌,少女乐队的呐喊,113639415678529,monster,monster
才2W 自媒体随便搞搞都200W了吧,338.31,1,16777215,2025-12-16 22:36:06,27304791806,6,离群者赞歌,少女乐队的呐喊,113639415678529,2W 200W,2W 200W
666还有k友,966.139,1,16777215,2025-12-14 19:33:07,27304791806,6,离群者赞歌,少女乐队的呐喊,113639415678529,666k,666k
出隐藏cg了,758.418,1,16777215,2025-12-09 18:29:20,27304791806,6,离群者赞歌,少女乐队的呐喊,113639415678529,cg,cg
专业DJ手,544.954,1,16777215,2025-11-16 15:23:05,27304791806,6,离群者赞歌,少女乐队的呐喊,113639415678529,DJ,DJ
mmk不敢定目标。所以她只能欺骗自己‘只要永不毕业的清音社‘就好了,399.087,1,16777215,2025-11-08 16:18:49,27304791806,6,离群者赞歌,少女乐队的呐喊,113639415678529,mmk‘‘,mmk ‘ ‘
=-0\]0/p,0.463,1,16777215,2025-10-23 23:17:59,27304791806,6,离群者赞歌,少女乐队的呐喊,113639415678529,00p,00p
这不是vvs的主线嘛,437.571,1,38979,2025-10-19 23:42:53,27304791806,6,离群者赞歌,少女乐队的呐喊,113639415678529,vvs,vvs
mmk：毕业证get,1421.331,1,16777215,2024-12-14 11:03:12,27304854055,7,取个名字,少女乐队的呐喊,113639415611805,mmkget,mmkget
Soyorin？,369.017,5,16777215,2024-12-14 20:01:43,27304854055,7,取个名字,少女乐队的呐喊,113639415611805,Soyorin,Soyorin
根据这集表现，我怀疑nina是刺图案第二大力的。486单人背不起mmk，而nina背起来了,1054.934,1,16707842,2024-12-15 15:08:13,27304854055,7,取个名字,少女乐队的呐喊,113639415611805,nina486mmknina,nina486mmknina
魅魔486酱 suki,751.146,5,16777215,2024-12-14 20:23:04,27304854055,7,取个名字,少女乐队的呐喊,113639415611805,486 suki,486 suki
I am th…走错了（,918.501,5,16707842,2024-12-14 10:30:05,27304854055,7,取个名字,少女乐队的呐喊,113639415611805,I am th,I am th
K-ON学历目前最高了 阿梓最后也去唯她们学校了 5人组最强唯还有2个保送级别,514.318,1,16777215,2024-12-18 00:44:53,27304854055,7,取个名字,少女乐队的呐喊,113639415611805,KON  52,KON 52
唯一一首动画出之前就已经在网上发过mv的曲子,1335.25,1,16777215,2024-12-24 14:15:38,27304854055,7,取个名字,少女乐队的呐喊,113639415611805,mv,mv
mmk：高中毕业证+1,187.646,1,16777215,2024-12-20 16:59:31,27304854055,7,取个名字,少女乐队的呐喊,113639415611805,mmk1,mmk1
就叫“东京没有派对”吧（doge）,320.316,5,16646914,2025-02-08 18:55:44,27304854055,7,取个名字,少女乐队的呐喊,113639415611805,“”doge,“ ”
486：WC，盒!,1273.93,5,16777215,2024-12-24 09:34:47,27304854055,7,取个名字,少女乐队的呐喊,113639415611805,486WC,486WC
anon tokyo（即答）,206.633,1,16777215,2024-12-15 00:53:11,27304854055,7,取个名字,少女乐队的呐喊,113639415611805,anon tokyo,anon tokyo
这幅图有两对cp猜猜谁是单身？（doge）,167.315,5,16777215,2025-02-07 12:47:32,27304854055,7,取个名字,少女乐队的呐喊,113639415611805,cpdoge,cpdoge
van游戏,593.39,5,16777215,2024-12-18 04:02:42,27304854055,7,取个名字,少女乐队的呐喊,113639415611805,van,van
yamori（傲娇）,237.529,1,16777215,2024-12-15 20:11:54,27304854055,7,取个名字,少女乐队的呐喊,113639415611805,yamori,yamori
还有15岁当上秧歌star的,716.447,1,16777215,2025-02-13 20:43:44,27304854055,7,取个名字,少女乐队的呐喊,113639415611805,15star,15star
BGM是op变速！,1061.587,1,16777215,2024-12-21 19:45:52,27304854055,7,取个名字,少女乐队的呐喊,113639415611805,BGMop,BGMop
大pg甩在身后,1293.586,5,16777215,2025-02-11 15:31:35,27304854055,7,取个名字,少女乐队的呐喊,113639415611805,pg,pg
叫bandream吧,335.855,5,16777215,2024-12-16 02:47:15,27304854055,7,取个名字,少女乐队的呐喊,113639415611805,bandream,bandream
就叫crychic吧（bushi,67.526,5,16777215,2025-01-27 10:07:39,27304854055,7,取个名字,少女乐队的呐喊,113639415611805,crychicbushi,crychicbushi
叫“黄金之风”对标钻石星辰（JO）,341.845,1,15138834,2025-02-05 20:56:22,27304854055,7,取个名字,少女乐队的呐喊,113639415611805,“”JO,“ ” JO
mmk唯一一场没有笑脸的live,1306.568,1,16777215,2025-01-08 01:19:28,27304854055,7,取个名字,少女乐队的呐喊,113639415611805,mmklive,mmklive
Anon Tokyo,210.237,5,14811775,2025-02-04 13:49:24,27304854055,7,取个名字,少女乐队的呐喊,113639415611805,Anon Tokyo,Anon Tokyo
NINA Tokyo,282.423,5,16777215,2025-04-09 12:31:46,27304854055,7,取个名字,少女乐队的呐喊,113639415611805,NINA Tokyo,NINA Tokyo
486可爱捏waw,246.408,5,16777215,2025-06-07 12:19:10,27304854055,7,取个名字,少女乐队的呐喊,113639415611805,486waw,486waw
yamorin（傲娇）,237.636,5,16707842,2025-05-07 15:22:44,27304854055,7,取个名字,少女乐队的呐喊,113639415611805,yamorin,yamorin
有个姐姐真好啊qaq,441.487,5,16777215,2025-11-05 19:36:44,27304854055,7,取个名字,少女乐队的呐喊,113639415611805,qaq,qaq
Leo／need,210.102,5,11890,2025-07-07 13:39:23,27304854055,7,取个名字,少女乐队的呐喊,113639415611805,Leoneed,Leoneed
saki酱saki酱saji酱saki酱！,1127.271,5,14811775,2025-05-13 13:36:58,27304854055,7,取个名字,少女乐队的呐喊,113639415611805,sakisakisajisaki,sakisakisajisaki
\O/\O/\O/\O/\O/\O/\O/\O/\O/\O/\O/\O/\O/\O/\O/,1396.533,1,16777215,2025-08-07 15:30:00,27304854055,7,取个名字,少女乐队的呐喊,113639415611805,OOOOOOOOOOOOOOO,OOOOOOOOOOOOOOO
"gogogo,开盒喽",1273.989,1,16777215,2025-07-07 23:17:57,27304854055,7,取个名字,少女乐队的呐喊,113639415611805,gogogo,gogogo
叫nina tokyo吧,206.053,5,16777215,2025-07-13 23:18:38,27304854055,7,取个名字,少女乐队的呐喊,113639415611805,nina tokyo,nina tokyo
幻视shiho,1341.994,5,16777215,2025-07-09 19:52:21,27304854055,7,取个名字,少女乐队的呐喊,113639415611805,shiho,shiho
A.T. Feild，全开！,1321.889,1,16777215,2025-05-05 09:12:43,27304854055,7,取个名字,少女乐队的呐喊,113639415611805,AT Feild,AT Feild
去cos老舍和胖猫了,1146.637,5,16777215,2025-08-17 23:03:49,27304854055,7,取个名字,少女乐队的呐喊,113639415611805,cos,cos
mmk爸爸 鲁帕妈妈 486长姐 小孩姐长子 小智小女,602.821,1,16777215,2026-02-10 01:20:02,27304854055,7,取个名字,少女乐队的呐喊,113639415611805,mmk  486,mmk 486
并非只有5个人举手了T^T,610.547,5,15138834,2026-01-07 20:10:02,27304854055,7,取个名字,少女乐队的呐喊,113639415611805,5TT,5TT
点头Yes，摇头no，报出真名，go，go，go,1277.631,1,16777215,2025-07-19 12:48:02,27304854055,7,取个名字,少女乐队的呐喊,113639415611805,Yesnogogogo,Yesnogogogo
叫AAA乐队出租,355.338,5,16777215,2025-05-28 07:36:39,27304854055,7,取个名字,少女乐队的呐喊,113639415611805,AAA,AAA
前面pale blue等等我,1372.536,1,16777215,2025-05-06 21:13:53,27304854055,7,取个名字,少女乐队的呐喊,113639415611805,pale blue,pale blue
考的C2，笑不出来,551.777,1,16776960,2025-12-07 21:39:20,27304854055,7,取个名字,少女乐队的呐喊,113639415611805,C2,C2
ave有刺无刺,948.415,1,16777215,2025-10-19 12:48:57,27304854055,7,取个名字,少女乐队的呐喊,113639415611805,ave,ave
EMT！！！EMT！！！,462.588,5,16777215,2025-09-30 20:26:44,27304854055,7,取个名字,少女乐队的呐喊,113639415611805,EMTEMT,EMTEMT
一勺料汁bush,615.243,1,16777215,2025-07-28 02:50:37,27304854055,7,取个名字,少女乐队的呐喊,113639415611805,bush,bush
Chara,720.669,5,16777215,2025-07-27 02:12:25,27304854055,7,取个名字,少女乐队的呐喊,113639415611805,Chara,Chara
就叫hitorie吧,363.402,5,15138834,2025-07-24 20:40:43,27304854055,7,取个名字,少女乐队的呐喊,113639415611805,hitorie,hitorie
ASUKA怎么样,345.39,1,16777215,2025-07-21 17:01:58,27304854055,7,取个名字,少女乐队的呐喊,113639415611805,ASUKA,ASUKA
烟火 FY 烟火,1165.574,1,16777215,2025-06-01 16:47:09,27304854055,7,取个名字,少女乐队的呐喊,113639415611805,FY,FY
one ok rock,343.344,1,16777215,2025-05-29 20:39:17,27304854055,7,取个名字,少女乐队的呐喊,113639415611805,one ok rock,one rock
你能背负得起他人的人生吗——by丰川祥子,930.938,5,9033215,2025-05-13 17:14:43,27304854055,7,取个名字,少女乐队的呐喊,113639415611805,by,by
此处的Bgm:まもるべきもの,1028.081,5,16777215,2025-05-09 17:35:59,27304854055,7,取个名字,少女乐队的呐喊,113639415611805,Bgm,Bgm
bass手做饭ing,294.132,5,16777215,2026-02-20 16:14:21,27304854055,7,取个名字,少女乐队的呐喊,113639415611805,bassing,bassing
lock？,421.412,1,16777215,2026-01-24 21:43:05,27304854055,7,取个名字,少女乐队的呐喊,113639415611805,lock,lock
nina酱●▛▙nina酱●▛▙nina酱●▛▙nina酱●▛▙nina酱●▛▙nina酱●▛▙nina酱●▛▙nina酱●▛▙nina酱●▛▙nina酱●▛▙nina酱●▛▙nina酱●▛▙,1124.972,1,16777215,2025-12-01 02:23:20,27304854055,7,取个名字,少女乐队的呐喊,113639415611805,ninaninaninaninaninaninaninaninaninaninaninanina,ninaninaninaninaninaninaninaninaninaninaninanina
邦多利之AVE Mujica,277.84,5,16776960,2025-11-28 22:54:18,27304854055,7,取个名字,少女乐队的呐喊,113639415611805,AVE Mujica,AVE Mujica
soyo love,459.565,1,16777215,2025-11-11 06:19:14,27304854055,7,取个名字,少女乐队的呐喊,113639415611805,soyo love,soyo love
叫megadeth罢,349.577,1,16777215,2025-09-04 20:44:05,27304854055,7,取个名字,少女乐队的呐喊,113639415611805,megadeth,megadeth
《You go》,202.857,1,16777215,2025-08-28 23:47:12,27304854055,7,取个名字,少女乐队的呐喊,113639415611805,You go,You go
MYJIKA,205.291,5,15138834,2025-08-14 13:22:43,27304854055,7,取个名字,少女乐队的呐喊,113639415611805,MYJIKA,MYJIKA
Ave mujica,335.363,5,15138834,2025-08-13 15:03:20,27304854055,7,取个名字,少女乐队的呐喊,113639415611805,Ave mujica,Ave mujica
NINa Tokyo,283.429,5,16777215,2025-08-11 01:03:30,27304854055,7,取个名字,少女乐队的呐喊,113639415611805,NINa Tokyo,NINa Tokyo
huh？,400.363,5,16777215,2025-08-11 00:05:07,27304854055,7,取个名字,少女乐队的呐喊,113639415611805,huh,huh
486：ber,1289.743,1,16777215,2025-08-10 11:49:39,27304854055,7,取个名字,少女乐队的呐喊,113639415611805,486ber,486ber
这人C1怎么过的,555.994,1,16777215,2025-08-08 23:14:19,27304854055,7,取个名字,少女乐队的呐喊,113639415611805,C1,C1
要不就叫re：从零开始的乐队生活吧,328.039,5,16777215,2025-07-27 19:12:33,27304854055,7,取个名字,少女乐队的呐喊,113639415611805,re,re
NINA TOKYO,283.371,1,16777215,2025-07-22 23:49:18,27304854055,7,取个名字,少女乐队的呐喊,113639415611805,NINA TOKYO,NINA TOKYO
叫ave Mujica,82.164,5,16777215,2025-07-22 10:42:45,27304854055,7,取个名字,少女乐队的呐喊,113639415611805,ave Mujica,ave Mujica
叫afterglow,379.399,1,15138834,2025-07-21 12:35:15,27304854055,7,取个名字,少女乐队的呐喊,113639415611805,afterglow,afterglow
A.T.FIELD全开！！,1320.223,5,13369971,2025-07-17 12:51:16,27304854055,7,取个名字,少女乐队的呐喊,113639415611805,ATFIELD,ATFIELD
Nina：“上大学？那得有学历才行”,1143.895,1,16777215,2025-07-17 12:29:44,27304854055,7,取个名字,少女乐队的呐喊,113639415611805,Nina“”,Nina “ ”
486就是爱音L鼓手板）,756.907,5,16777215,2025-07-16 23:01:43,27304854055,7,取个名字,少女乐队的呐喊,113639415611805,486L,486L
486suki,752.115,1,16777215,2025-07-08 12:50:15,27304854055,7,取个名字,少女乐队的呐喊,113639415611805,486suki,486suki
叫Acdc,349.341,1,16777215,2025-06-26 15:00:01,27304854055,7,取个名字,少女乐队的呐喊,113639415611805,Acdc,Acdc
nina Tokyo,208.189,5,16777215,2025-06-24 02:23:50,27304854055,7,取个名字,少女乐队的呐喊,113639415611805,nina Tokyo,nina Tokyo
2 D的美丽动人,911.634,1,16777215,2025-06-14 23:30:23,27304854055,7,取个名字,少女乐队的呐喊,113639415611805,2 D,2 D
WT德系坦克特有的五人车组（确信,517.943,1,16777215,2025-06-10 03:48:16,27304854055,7,取个名字,少女乐队的呐喊,113639415611805,WT,WT
我刚被网络抓timing了（卡住）,870.943,1,16777215,2025-05-19 11:01:56,27304854055,7,取个名字,少女乐队的呐喊,113639415611805,timing,timing
鲁帕全肯定bot,286.529,1,16777215,2025-05-18 14:20:37,27304854055,7,取个名字,少女乐队的呐喊,113639415611805,bot,bot
蛇蛇o3o,216.027,1,16777215,2025-05-12 08:50:11,27304854055,7,取个名字,少女乐队的呐喊,113639415611805,o3o,o3o
Ave放课后结束go乐队,231.741,5,16777215,2026-05-03 23:32:46,27304854055,7,取个名字,少女乐队的呐喊,113639415611805,Avego,Avego
boss进入二阶段,141.032,5,16777215,2026-05-03 23:29:50,27304854055,7,取个名字,少女乐队的呐喊,113639415611805,boss,boss
凝固H2O,107.069,5,16777215,2026-05-03 23:29:09,27304854055,7,取个名字,少女乐队的呐喊,113639415611805,H2O,H2O
leoneed,356.766,1,16777215,2026-04-24 19:38:59,27304854055,7,取个名字,少女乐队的呐喊,113639415611805,leoneed,leoneed
莴苣这里有ONE OK ROCK,348.458,1,16777215,2026-04-15 22:41:20,27304854055,7,取个名字,少女乐队的呐喊,113639415611805,ONE OK ROCK,ONE ROCK
涅槃Nirvana,290.727,1,16777215,2026-04-15 22:27:38,27304854055,7,取个名字,少女乐队的呐喊,113639415611805,Nirvana,Nirvana
还在Jo,720.528,1,16777215,2026-04-10 19:04:56,27304854055,7,取个名字,少女乐队的呐喊,113639415611805,Jo,Jo
GA\BC,214.443,1,16777215,2026-04-08 10:59:55,27304854055,7,取个名字,少女乐队的呐喊,113639415611805,GABC,GABC
Anno                        Tokyo,214.521,5,14811775,2026-03-25 14:30:28,27304854055,7,取个名字,少女乐队的呐喊,113639415611805,Anno                        Tokyo,Anno Tokyo
mmk的mbti是什么啊,754.023,1,16777215,2026-03-03 18:02:49,27304854055,7,取个名字,少女乐队的呐喊,113639415611805,mmkmbti,mmkmbti
叫Ras！,233.365,1,16777215,2026-03-01 18:30:15,27304854055,7,取个名字,少女乐队的呐喊,113639415611805,Ras,Ras
awmc,1361.464,5,16777215,2026-02-28 17:55:06,27304854055,7,取个名字,少女乐队的呐喊,113639415611805,awmc,awmc
VC,17.563,1,16777215,2026-02-28 10:23:01,27304854055,7,取个名字,少女乐队的呐喊,113639415611805,VC,VC
X\D\,15.083,1,16777215,2026-02-28 10:22:45,27304854055,7,取个名字,少女乐队的呐喊,113639415611805,XD,XD
paz,683.583,1,16777215,2026-02-25 09:48:55,27304854055,7,取个名字,少女乐队的呐喊,113639415611805,paz,paz
笑点解析：注意这是486这里说的是英文“Dream girl”，日式英语发音令人忍俊不禁,330.21,5,15772458,2026-02-24 22:13:29,27304854055,7,取个名字,少女乐队的呐喊,113639415611805,486“Dream girl”,486 “ Dream girl ”
V n U n U,753.732,1,16777215,2026-02-23 20:00:18,27304854055,7,取个名字,少女乐队的呐喊,113639415611805,V n U n U,V n U n U
saki快把号还给mmk,932.781,5,16777215,2026-02-23 06:02:16,27304854055,7,取个名字,少女乐队的呐喊,113639415611805,sakimmk,sakimmk
486:nonono！！！,1283.529,1,16777215,2026-02-21 14:09:44,27304854055,7,取个名字,少女乐队的呐喊,113639415611805,486nonono,486nonono
森海塞尔当然是momentum4,586.566,1,16777215,2026-02-17 10:08:40,27304854055,7,取个名字,少女乐队的呐喊,113639415611805,momentum4,momentum4
不duo,678.5,1,16777215,2026-02-14 12:31:34,27304854055,7,取个名字,少女乐队的呐喊,113639415611805,duo,duo
veatil,802.454,1,16777215,2026-02-09 10:12:27,27304854055,7,取个名字,少女乐队的呐喊,113639415611805,veatil,veatil
I am the。。。。,919.471,1,41194,2026-02-08 15:48:26,27304854055,7,取个名字,少女乐队的呐喊,113639415611805,I am the,I am the
VER                              PIA                                        LEC,537.511,5,16707842,2026-02-06 18:54:20,27304854055,7,取个名字,少女乐队的呐喊,113639415611805,VER                              PIA                                        LEC,VER PIA LEC
saya?,908.497,5,15772458,2026-02-05 20:39:05,27304854055,7,取个名字,少女乐队的呐喊,113639415611805,saya,saya
YouGo!!!!!,210.933,5,41194,2026-02-05 20:27:15,27304854055,7,取个名字,少女乐队的呐喊,113639415611805,YouGo,YouGo
                        lain,1089.256,5,16777215,2026-02-02 05:41:36,27304854055,7,取个名字,少女乐队的呐喊,113639415611805,lain,lain
sei诺,301.824,1,16777215,2026-01-26 12:34:53,27304854055,7,取个名字,少女乐队的呐喊,113639415611805,sei,sei
ki～ra ki～ra......,1218.886,1,16777215,2026-01-24 01:34:56,27304854055,7,取个名字,少女乐队的呐喊,113639415611805,kira kira,kira kira
anno tokyo,229.211,1,16777215,2026-01-22 14:10:31,27304854055,7,取个名字,少女乐队的呐喊,113639415611805,anno tokyo,anno tokyo
我好想拥有一把martin om啊啊啊啊啊啊啊啊啊    啊啊啊啊啊,1193.073,5,16755202,2026-01-20 22:31:46,27304854055,7,取个名字,少女乐队的呐喊,113639415611805,martin om,martin om
new area-----------,576.452,1,16777215,2026-01-19 18:48:39,27304854055,7,取个名字,少女乐队的呐喊,113639415611805,new area,new area
Band,404.676,1,16777215,2026-01-19 05:49:17,27304854055,7,取个名字,少女乐队的呐喊,113639415611805,Band,Band
还有titan队服,50.685,1,16777215,2026-01-17 16:49:39,27304854055,7,取个名字,少女乐队的呐喊,113639415611805,titan,titan
难不成mmk家也欠了168亿？,941.791,5,16777215,2026-01-13 14:50:44,27304854055,7,取个名字,少女乐队的呐喊,113639415611805,mmk168,mmk168
感觉高马尾的mm好好看,916.441,1,16777215,2026-01-11 00:49:26,27304854055,7,取个名字,少女乐队的呐喊,113639415611805,mm,mm
A d o?,1382.077,1,16777215,2026-01-02 16:29:50,27304854055,7,取个名字,少女乐队的呐喊,113639415611805,A d o,A d o
unknown,222.893,1,16777215,2025-12-28 22:33:06,27304854055,7,取个名字,少女乐队的呐喊,113639415611805,unknown,unknown
怪不得是intp,687.542,5,16707842,2025-12-27 14:25:12,27304854055,7,取个名字,少女乐队的呐喊,113639415611805,intp,intp
WRC斯巴鲁车队,204.986,5,16707842,2025-12-16 20:46:13,27304854055,7,取个名字,少女乐队的呐喊,113639415611805,WRC,WRC
叫BEYOND,371.862,1,16777215,2025-12-14 12:58:09,27304854055,7,取个名字,少女乐队的呐喊,113639415611805,BEYOND,BEYOND
486 YYDS,752.766,1,16777215,2025-12-12 13:27:08,27304854055,7,取个名字,少女乐队的呐喊,113639415611805,486 YYDS,486 YYDS
指导人:mzk,1153.87,1,16777215,2025-12-11 18:22:57,27304854055,7,取个名字,少女乐队的呐喊,113639415611805,mzk,mzk
9forty,576.684,5,15138834,2025-12-07 23:12:37,27304854055,7,取个名字,少女乐队的呐喊,113639415611805,9forty,9forty
Auv mujica,347.759,1,16777215,2025-12-02 11:38:57,27304854055,7,取个名字,少女乐队的呐喊,113639415611805,Auv mujica,Auv mujica
sadoyo,1425.103,1,16777215,2025-12-01 14:35:14,27304854055,7,取个名字,少女乐队的呐喊,113639415611805,sadoyo,sadoyo
不是pleia酱吗,1278.022,1,16777215,2025-11-29 21:42:40,27304854055,7,取个名字,少女乐队的呐喊,113639415611805,pleia,pleia
差点听成叫鲁邦了fujiko酱,969.821,5,16777215,2025-11-26 04:47:37,27304854055,7,取个名字,少女乐队的呐喊,113639415611805,fujiko,fujiko
叫重音Tomato,352.192,5,15138834,2025-11-21 12:31:08,27304854055,7,取个名字,少女乐队的呐喊,113639415611805,Tomato,Tomato
mmk怎么又干了‘,934.222,1,16777215,2025-11-16 12:54:08,27304854055,7,取个名字,少女乐队的呐喊,113639415611805,mmk‘,mmk ‘
nina、Tokyo,171.518,1,16777215,2025-11-08 22:30:36,27304854055,7,取个名字,少女乐队的呐喊,113639415611805,ninaTokyo,ninaTokyo
回音 Act 3 ！！！,1366.823,5,38979,2025-11-05 23:24:17,27304854055,7,取个名字,少女乐队的呐喊,113639415611805,Act 3,Act 3
huouiogu,1103.437,1,16777215,2025-11-01 06:55:30,27304854055,7,取个名字,少女乐队的呐喊,113639415611805,huouiogu,huouiogu
哈基no丝kika,1136.05,1,16777215,2025-10-23 19:54:51,27304854055,7,取个名字,少女乐队的呐喊,113639415611805,nokika,nokika
H2O（s）,145.388,1,16777215,2025-10-21 14:14:26,27304854055,7,取个名字,少女乐队的呐喊,113639415611805,H2Os,H2Os
「THE WORLD」,933.841,1,16777215,2025-10-15 17:20:15,27304854055,7,取个名字,少女乐队的呐喊,113639415611805,THE WORLD,THE WORLD
qu ge ming zi取个名字,3.666,1,16777215,2025-10-12 23:56:21,27304854055,7,取个名字,少女乐队的呐喊,113639415611805,qu ge ming zi,qu ge ming zi
anon Tokyo,66.719,1,16777215,2025-10-12 20:58:12,27304854055,7,取个名字,少女乐队的呐喊,113639415611805,anon Tokyo,anon Tokyo
叫MUJICA,252.976,1,16777215,2025-10-10 19:55:12,27304854055,7,取个名字,少女乐队的呐喊,113639415611805,MUJICA,MUJICA
Hello,3.824,1,16777215,2025-10-08 15:39:39,27304854055,7,取个名字,少女乐队的呐喊,113639415611805,Hello,Hello
md真有牛啊,693.307,1,16777215,2025-10-03 21:19:39,27304854055,7,取个名字,少女乐队的呐喊,113639415611805,md,md
其实，mmk一直很珍视27，想保护这样还对梦想有纯粹憧憬的27,952.376,5,16777215,2024-12-17 23:39:49,27304790670,8,如果你哭泣,少女乐队的呐喊,113639415614982,mmk2727,mmk2727
第一集的时候mmk说nina就是“她的歌”,1100.403,1,16777215,2024-12-16 16:31:02,27304790670,8,如果你哭泣,少女乐队的呐喊,113639415614982,mmknina“”,mmknina “ ”
鸭类鸭类daze！,1326.006,5,16765698,2024-12-15 22:10:43,27304790670,8,如果你哭泣,少女乐队的呐喊,113639415614982,daze,daze
27输出时刻（doge,873.817,1,16777215,2024-12-14 11:17:35,27304790670,8,如果你哭泣,少女乐队的呐喊,113639415614982,27doge,27doge
27是mmk的未来，也是mmk最初最纯粹的梦想,1023.898,1,16777215,2024-12-14 15:43:59,27304790670,8,如果你哭泣,少女乐队的呐喊,113639415614982,27mmkmmk,27mmkmmk
mad常用片段,389.668,5,15138834,2024-12-14 10:38:09,27304790670,8,如果你哭泣,少女乐队的呐喊,113639415614982,mad,mad
486接mmk这一招可不得了，战斗力起码8千以上,113.301,5,16777215,2024-12-16 20:32:01,27304790670,8,如果你哭泣,少女乐队的呐喊,113639415614982,486mmk8,486mmk8
mmk的歌救了nina，现在nina用这条命来挽留mmk的理想，扯平了呀,1144.777,5,16777215,2025-01-30 19:24:15,27304790670,8,如果你哭泣,少女乐队的呐喊,113639415614982,mmkninaninammk,mmkninaninammk
妈呀nina这句“反正已经习惯了”好心疼 天知道那群霸凌者对她做过什么,349.266,1,16777215,2024-12-17 01:11:20,27304790670,8,如果你哭泣,少女乐队的呐喊,113639415614982,nina“”,nina “ ”
《bili bili正版》,1296.146,5,16776960,2024-12-15 14:46:53,27304790670,8,如果你哭泣,少女乐队的呐喊,113639415614982,bili bili,bili bili
这服装怎么有点像RAS的衣服啊？,913.016,1,16777215,2024-12-16 09:48:52,27304790670,8,如果你哭泣,少女乐队的呐喊,113639415614982,RAS,RAS
mmk这是在教导nina，告诉她成为pro的后果,848.675,1,16777215,2025-03-04 14:16:37,27304790670,8,如果你哭泣,少女乐队的呐喊,113639415614982,mmkninapro,mmkninapro
波奇11w了,302.162,1,16777215,2025-01-17 13:04:18,27304790670,8,如果你哭泣,少女乐队的呐喊,113639415614982,11w,11w
这里的喇叭是在拒绝前队友靠近，是mmk心之壁的体现，而载着mmk逃跑的货车正是她逃避的心，是nina走进了她的心，打破了心之壁啊,1165.27,1,16777215,2025-02-28 03:01:52,27304790670,8,如果你哭泣,少女乐队的呐喊,113639415614982,mmkmmknina,mmkmmknina
nina之前是有过轻生的想法的，mmk的歌拯救了她，所以mmk对她而言也意义非凡,1053.23,1,16777215,2024-12-18 03:01:55,27304790670,8,如果你哭泣,少女乐队的呐喊,113639415614982,ninammkmmk,ninammkmmk
这里应译为相信着你的“你的歌”，之前mmk称呼nina为“我的歌”，被nina拿来用了,1097.708,5,16777215,2025-02-05 03:48:36,27304790670,8,如果你哭泣,少女乐队的呐喊,113639415614982,“”mmknina“”nina,“ ” mmknina “ ” nina
噢噢，poet！,486.454,1,16777215,2024-12-26 22:17:18,27304790670,8,如果你哭泣,少女乐队的呐喊,113639415614982,poet,poet
全是nina发的（bushi,877.153,1,16777215,2024-12-19 07:51:56,27304790670,8,如果你哭泣,少女乐队的呐喊,113639415614982,ninabushi,ninabushi
查IP全是nina发的（）、,879.406,1,16777215,2025-03-10 01:24:05,27304790670,8,如果你哭泣,少女乐队的呐喊,113639415614982,IPnina,IPnina
这个yo加长音好可爱啊啊啊,552.21,5,16777215,2024-12-22 14:49:19,27304790670,8,如果你哭泣,少女乐队的呐喊,113639415614982,yo,yo
486还敢端着水过来啊hhhhhhh,370.879,5,15138834,2025-03-01 17:31:53,27304790670,8,如果你哭泣,少女乐队的呐喊,113639415614982,486hhhhhhh,486hhhhhhh
nina：略略略 486：吱,115.421,5,16707842,2025-02-09 20:13:05,27304790670,8,如果你哭泣,少女乐队的呐喊,113639415614982,nina 486,nina 486
其实这波不怪阿b，b也是从爱71那拿的播放权。,1284.161,5,16777215,2024-12-15 19:05:14,27304790670,8,如果你哭泣,少女乐队的呐喊,113639415614982,bb71,bb71
这里貌似有bug，乐队名字应该刚有几个小时，结果这里显示了名字,495.092,1,16777215,2024-12-16 23:43:16,27304790670,8,如果你哭泣,少女乐队的呐喊,113639415614982,bug,bug
mmk自己偷偷开小号belike（）,876.38,5,16777215,2025-01-05 12:18:04,27304790670,8,如果你哭泣,少女乐队的呐喊,113639415614982,mmkbelike,mmkbelike
HA☆NA☆SE☆,1008.792,5,14811775,2024-12-14 10:59:25,27304790670,8,如果你哭泣,少女乐队的呐喊,113639415614982,HANASE,HANASE
不灭钻石，星尘斗士，这个反派乐队沾上这两个名字真是“Great”…,846.249,5,16707842,2025-05-18 23:10:51,27304790670,8,如果你哭泣,少女乐队的呐喊,113639415614982,“Great”,“ Great ”
Sinko才开电车！,443.832,5,16777215,2025-02-05 15:52:12,27304790670,8,如果你哭泣,少女乐队的呐喊,113639415614982,Sinko,Sinko
Char!,1161.575,5,15138834,2025-01-02 03:14:51,27304790670,8,如果你哭泣,少女乐队的呐喊,113639415614982,Char,Char
前面有提到486觉得nina读音像一部电影里的“妮娜”，算是一个外号,223.019,5,16777215,2025-07-21 00:05:29,27304790670,8,如果你哭泣,少女乐队的呐喊,113639415614982,486nina“”,486nina “ ”
如果这时候没有空之箱，那可就真成少年jump了,1038.892,5,16777215,2025-05-24 17:48:19,27304790670,8,如果你哭泣,少女乐队的呐喊,113639415614982,jump,jump
"BOX,BOX....NO NO,STAY OUT!STAY OUT！",117.523,5,16777215,2025-07-23 00:12:05,27304790670,8,如果你哭泣,少女乐队的呐喊,113639415614982,BOXBOXNO NOSTAY OUTSTAY OUT,BOXBOXNO NOSTAY OUTSTAY OUT
我要玩arcaea,993.605,5,16777215,2025-06-05 21:07:28,27304790670,8,如果你哭泣,少女乐队的呐喊,113639415614982,arcaea,arcaea
确实，要不是MMK的这首歌nina可能真成空中飞仁了,1059.235,1,16777215,2025-05-24 16:50:19,27304790670,8,如果你哭泣,少女乐队的呐喊,113639415614982,MMKnina,MMKnina
只是“一点肢体冲突”就把nina打得满身血住院，校长还真是和得一手好稀泥,751.887,5,16777215,2025-08-29 00:28:57,27304790670,8,如果你哭泣,少女乐队的呐喊,113639415614982,“”nina,“ ” nina
她被霸凌可怜 ，一直揪着mmk伤口不放mmk不可怜吗，放过mmk吧,361.711,1,16777215,2025-06-29 07:53:07,27304790670,8,如果你哭泣,少女乐队的呐喊,113639415614982,mmkmmkmmk,mmkmmkmmk
《I drive》,514.319,1,16777215,2025-06-06 12:47:55,27304790670,8,如果你哭泣,少女乐队的呐喊,113639415614982,I drive,I drive
CS 80人,772.839,5,16777215,2025-05-23 19:21:49,27304790670,8,如果你哭泣,少女乐队的呐喊,113639415614982,CS 80,CS 80
"nina:装了消音器的AR15,和两个弹夹",395.675,5,16777215,2025-07-30 18:15:45,27304790670,8,如果你哭泣,少女乐队的呐喊,113639415614982,ninaAR15,ninaAR15
《billbill正版》,1286.532,5,16777215,2025-08-05 09:26:42,27304790670,8,如果你哭泣,少女乐队的呐喊,113639415614982,billbill,billbill
看多了3D 看2D有点怪怪的,47.286,5,16777215,2025-08-04 16:36:53,27304790670,8,如果你哭泣,少女乐队的呐喊,113639415614982,3D 2D,3D 2D
《bilbil正版》,1307.962,5,16777215,2025-06-22 15:53:58,27304790670,8,如果你哭泣,少女乐队的呐喊,113639415614982,bilbil,bilbil
hina？hina！,1121.724,1,16777215,2025-05-26 12:37:20,27304790670,8,如果你哭泣,少女乐队的呐喊,113639415614982,hinahina,hinahina
我要玩mg42,995.983,5,16777215,2025-08-12 17:46:11,27304790670,8,如果你哭泣,少女乐队的呐喊,113639415614982,mg42,mg42
CHU2：这个我熟,923.641,1,16777215,2025-08-03 01:21:03,27304790670,8,如果你哭泣,少女乐队的呐喊,113639415614982,CHU2,CHU2
486真的厉害，不是一味嘴炮打感情牌，这样跟mmk理性分析现状确实是她现在能做到的最适合的事，其他得看小孩姐了w,554.096,1,16777215,2025-06-17 00:50:44,27304790670,8,如果你哭泣,少女乐队的呐喊,113639415614982,486mmkw,486mmkw
此事seed里有记载，，，,340.949,1,16777215,2026-02-08 02:06:53,27304790670,8,如果你哭泣,少女乐队的呐喊,113639415614982,seed,seed
Nina不想mmk只把她当成一个符号/标志，而因此为了自己的愿景努力吧，Nina需要的一起持续努力,1005.911,1,16777215,2026-01-24 20:45:08,27304790670,8,如果你哭泣,少女乐队的呐喊,113639415614982,NinammkNina,NinammkNina
nina：我在大喘气挑战中取得了1秒的好成绩，你也来试试吧,739.243,1,16777215,2025-12-20 11:29:30,27304790670,8,如果你哭泣,少女乐队的呐喊,113639415614982,nina1,nina1
反过来了，之前mmk主动找nina组乐队，nina想上学，现在mmk劝学，nina又坚持乐队了,327.647,5,16777215,2025-12-04 02:47:52,27304790670,8,如果你哭泣,少女乐队的呐喊,113639415614982,mmkninaninammknina,mmkninaninammknina
被blbl气哭了。,1286.14,5,16777215,2025-10-07 11:25:32,27304790670,8,如果你哭泣,少女乐队的呐喊,113639415614982,blbl,blbl
an94？,40.897,1,16777215,2025-08-26 14:47:33,27304790670,8,如果你哭泣,少女乐队的呐喊,113639415614982,an94,an94
sh1ro：这个我熟,541.247,1,16777215,2025-08-25 04:10:37,27304790670,8,如果你哭泣,少女乐队的呐喊,113639415614982,sh1ro,sh1ro
nina因挽救mmk而泣，mmk因被nina挽救而泣,1301.654,1,16777215,2025-08-14 21:13:29,27304790670,8,如果你哭泣,少女乐队的呐喊,113639415614982,ninammkmmknina,ninammkmmknina
miku！？,923.644,1,16777215,2025-08-01 22:11:26,27304790670,8,如果你哭泣,少女乐队的呐喊,113639415614982,miku,miku
hina在笑小孩姐退学后也有自己想要追逐的，在好好生活吗www,1209.098,1,16777215,2025-07-24 01:39:04,27304790670,8,如果你哭泣,少女乐队的呐喊,113639415614982,hinawww,hinawww
我要起野牛，我要出a门（doge）,286.524,1,16777215,2025-07-22 03:20:55,27304790670,8,如果你哭泣,少女乐队的呐喊,113639415614982,adoge,adoge
daisiki? daisike~（快把浴霸关掉！）,827.118,5,16777215,2025-07-04 22:08:13,27304790670,8,如果你哭泣,少女乐队的呐喊,113639415614982,daisiki daisike,daisiki daisike
我要玩g42,1001.124,1,16777215,2025-07-03 03:26:29,27304790670,8,如果你哭泣,少女乐队的呐喊,113639415614982,g42,g42
我要打舞萌DX,998.132,5,16777215,2025-05-26 11:23:11,27304790670,8,如果你哭泣,少女乐队的呐喊,113639415614982,DX,DX
跑到这里都有COD玩家吗，55必须接了,1250.285,1,16777215,2026-02-11 09:06:14,27304790670,8,如果你哭泣,少女乐队的呐喊,113639415614982,COD55,COD55
不至于，nian这性格不至于背后嘲讽,886.407,1,16777215,2026-01-18 20:58:03,27304790670,8,如果你哭泣,少女乐队的呐喊,113639415614982,nian,nian
天使www486！！！！,450.285,5,16777215,2025-12-12 23:33:36,27304790670,8,如果你哭泣,少女乐队的呐喊,113639415614982,www486,www486
sora生成,1301.079,1,16777215,2025-10-27 19:59:16,27304790670,8,如果你哭泣,少女乐队的呐喊,113639415614982,sora,sora
我喜欢你，你喜欢我，我们结婚吧（qiqi音）,985.721,1,16777215,2025-10-20 15:33:53,27304790670,8,如果你哭泣,少女乐队的呐喊,113639415614982,qiqi,qiqi
486表情真的好多，真好hh,484.696,1,16777215,2025-10-18 20:00:44,27304790670,8,如果你哭泣,少女乐队的呐喊,113639415614982,486hh,486hh
我要玩tfr,998.995,1,16777215,2025-09-13 22:57:17,27304790670,8,如果你哭泣,少女乐队的呐喊,113639415614982,tfr,tfr
mmk：额啊啊受不了了！ 486：别搞哥们 别搞 nina：略略略 486：？,116.958,5,16777215,2025-08-30 09:42:15,27304790670,8,如果你哭泣,少女乐队的呐喊,113639415614982,mmk 486  nina 486,mmk 486 nina 486
想到了jooo,792.148,1,16777215,2025-08-16 02:34:03,27304790670,8,如果你哭泣,少女乐队的呐喊,113639415614982,jooo,jooo
nmd，就你们这个神回让我熬了一晚上了！,10.815,5,16777215,2025-08-08 02:39:18,27304790670,8,如果你哭泣,少女乐队的呐喊,113639415614982,nmd,nmd
3D转2D转3D吗，有意思,44.587,1,16777215,2025-08-06 10:12:05,27304790670,8,如果你哭泣,少女乐队的呐喊,113639415614982,3D2D3D,3D2D3D
The hand,1007.784,1,16777215,2025-07-24 21:57:42,27304790670,8,如果你哭泣,少女乐队的呐喊,113639415614982,The hand,The hand
kisskiss,978.973,1,14811775,2025-07-14 17:07:52,27304790670,8,如果你哭泣,少女乐队的呐喊,113639415614982,kisskiss,kisskiss
yo do,424.686,1,16777215,2025-07-01 21:30:29,27304790670,8,如果你哭泣,少女乐队的呐喊,113639415614982,yo do,yo do
也是有个例的，只要足够强，乐队polyphia就是一个例子,895.437,1,16777215,2025-06-25 00:01:33,27304790670,8,如果你哭泣,少女乐队的呐喊,113639415614982,polyphia,polyphia
m提辖拳打nina酱,360.819,1,16777215,2025-06-02 00:54:57,27304790670,8,如果你哭泣,少女乐队的呐喊,113639415614982,mnina,mnina
charger！,1090.663,1,16777215,2025-05-25 21:40:01,27304790670,8,如果你哭泣,少女乐队的呐喊,113639415614982,charger,charger
想起了beyond,946.802,5,16707842,2026-05-04 23:32:39,27304790670,8,如果你哭泣,少女乐队的呐喊,113639415614982,beyond,beyond
强如queen  也是跟着潮流才能这么传奇。,872.306,5,16707842,2026-05-04 23:30:18,27304790670,8,如果你哭泣,少女乐队的呐喊,113639415614982,queen,queen
用行动证明要和mmk站在一起面对心魔 这样的小孩mmk不爱上就怪了,1200.137,1,16777215,2026-05-02 21:32:50,27304790670,8,如果你哭泣,少女乐队的呐喊,113639415614982,mmk mmk,mmk mmk
mmk说什么坚持纯粹必然卖不出去 卖不出去就得妥协 我珍惜nina的纯粹所以我不希望你唱我的歌卖不出去然后妥协或者像我现在这样等死 她就认定了自己在队里必然会导致乐队要做活不下去或者妥协的选择,1066.912,1,16777215,2026-05-02 21:14:26,27304790670,8,如果你哭泣,少女乐队的呐喊,113639415614982,mmk  nina,mmk nina
我要买t58，玩mg42，玩物理队，玩维什戴尔,997.135,5,16777215,2026-04-13 13:27:57,27304790670,8,如果你哭泣,少女乐队的呐喊,113639415614982,t58mg42,t58mg42
486：不是哥们 nina：略略略,117.598,1,16777215,2026-04-11 12:43:08,27304790670,8,如果你哭泣,少女乐队的呐喊,113639415614982,486 nina,486 nina
mkk！,1250.49,1,16777215,2026-02-26 13:38:23,27304790670,8,如果你哭泣,少女乐队的呐喊,113639415614982,mkk,mkk
yizh,728.216,5,16777215,2026-02-26 12:26:05,27304790670,8,如果你哭泣,少女乐队的呐喊,113639415614982,yizh,yizh
kiyou,1137.198,1,16777215,2026-02-23 22:14:27,27304790670,8,如果你哭泣,少女乐队的呐喊,113639415614982,kiyou,kiyou
拿货车当QQ飞车玩呢,1149.727,5,16777215,2026-02-23 10:29:21,27304790670,8,如果你哭泣,少女乐队的呐喊,113639415614982,QQ,QQ
data talk,503.328,1,16777215,2026-02-15 14:44:17,27304790670,8,如果你哭泣,少女乐队的呐喊,113639415614982,data talk,data talk
我现在就要买90B!.mp4,1007.447,1,16777215,2026-02-14 18:01:54,27304790670,8,如果你哭泣,少女乐队的呐喊,113639415614982,90Bmp4,90Bmp4
486yyds,568.321,5,16777215,2026-02-13 03:37:37,27304790670,8,如果你哭泣,少女乐队的呐喊,113639415614982,486yyds,486yyds
送了一把d28,419.093,1,16777215,2026-02-12 18:45:19,27304790670,8,如果你哭泣,少女乐队的呐喊,113639415614982,d28,d28
nina要玩zzz,1007.807,1,16777215,2026-02-11 20:37:31,27304790670,8,如果你哭泣,少女乐队的呐喊,113639415614982,ninazzz,ninazzz
GOD ON！,1135.625,5,16777215,2026-02-11 10:41:20,27304790670,8,如果你哭泣,少女乐队的呐喊,113639415614982,GOD ON,GOD ON
我是化学家，这就是铜Cu,976.942,1,16777215,2026-02-02 01:08:50,27304790670,8,如果你哭泣,少女乐队的呐喊,113639415614982,Cu,Cu
莫拉塔！morata,405.696,1,16777215,2026-01-31 22:05:54,27304790670,8,如果你哭泣,少女乐队的呐喊,113639415614982,morata,morata
ciallo,451.832,1,16777215,2026-01-28 23:45:34,27304790670,8,如果你哭泣,少女乐队的呐喊,113639415614982,ciallo,ciallo
perfect,973.733,1,16777215,2026-01-25 01:36:00,27304790670,8,如果你哭泣,少女乐队的呐喊,113639415614982,perfect,perfect
wa~还有艾斯爱慕,1013.859,1,16777215,2026-01-19 12:24:11,27304790670,8,如果你哭泣,少女乐队的呐喊,113639415614982,wa,wa
现在的ai已经可以让这两A上去了,982.36,1,16777215,2026-01-18 13:04:07,27304790670,8,如果你哭泣,少女乐队的呐喊,113639415614982,aiA,aiA
mmk赶紧充点金鹰买个T80ud创飞所有人,1133.31,1,16777215,2026-01-14 23:31:36,27304790670,8,如果你哭泣,少女乐队的呐喊,113639415614982,mmkT80ud,mmkT80ud
有点像A9的,726.086,1,16777215,2026-01-12 19:37:32,27304790670,8,如果你哭泣,少女乐队的呐喊,113639415614982,A9,A9
nana是真好啊,1191.872,1,16777215,2026-01-10 23:44:13,27304790670,8,如果你哭泣,少女乐队的呐喊,113639415614982,nana,nana
ssfk,1241.725,1,16777215,2026-01-02 02:13:01,27304790670,8,如果你哭泣,少女乐队的呐喊,113639415614982,ssfk,ssfk
《Seclusion》by.Laur feat.Sennzai,762.872,1,16777215,2026-01-01 21:47:09,27304790670,8,如果你哭泣,少女乐队的呐喊,113639415614982,SeclusionbyLaur featSennzai,SeclusionbyLaur featSennzai
Hina：？,1195.516,5,16707842,2026-01-01 19:22:15,27304790670,8,如果你哭泣,少女乐队的呐喊,113639415614982,Hina,Hina
大学dhsq,14.247,1,16777215,2025-12-29 03:37:28,27304790670,8,如果你哭泣,少女乐队的呐喊,113639415614982,dhsq,dhsq
还有call back,580.718,5,16777215,2025-12-20 20:31:48,27304790670,8,如果你哭泣,少女乐队的呐喊,113639415614982,call back,call back
这雨天啊这没GTA4不科学啊这物理引擎,1150.056,1,16777215,2025-12-17 16:06:50,27304790670,8,如果你哭泣,少女乐队的呐喊,113639415614982,GTA4,GTA4
成为职业和dd也没有什么直接关系吧 虽然27之前说过 但mmk这里应激了啊,289.298,1,16777215,2025-12-05 23:09:50,27304790670,8,如果你哭泣,少女乐队的呐喊,113639415614982,dd 27 mmk,dd 27 mmk
haoye,1341.451,1,16777215,2025-11-30 23:42:22,27304790670,8,如果你哭泣,少女乐队的呐喊,113639415614982,haoye,haoye
还有rope,422.483,1,16777215,2025-11-23 12:07:59,27304790670,8,如果你哭泣,少女乐队的呐喊,113639415614982,rope,rope
1976的两条线belike,1202.303,1,15138834,2025-11-23 06:52:40,27304790670,8,如果你哭泣,少女乐队的呐喊,113639415614982,1976belike,1976belike
486的qq,1300.794,1,15138834,2025-10-28 02:49:53,27304790670,8,如果你哭泣,少女乐队的呐喊,113639415614982,486qq,486qq
我要打maimai,1001.159,5,16777215,2025-10-27 21:36:59,27304790670,8,如果你哭泣,少女乐队的呐喊,113639415614982,maimai,maimai
突然发现整部剧都在围绕“xx没有错”展开的,1166.946,1,16777215,2025-01-04 22:00:01,27304854338,9,月缺则盈,少女乐队的呐喊,113639415612831,“xx”,“ xx ”
怎么做到在门内贴小广告的啊kora！,202.168,5,16777215,2024-12-16 18:11:54,27304854338,9,月缺则盈,少女乐队的呐喊,113639415612831,kora,kora
takki?何时来的,662.755,1,16777215,2024-12-16 20:11:31,27304854338,9,月缺则盈,少女乐队的呐喊,113639415612831,takki,takki
小智：压力攻击 妮娜：Miss,1285.348,5,16777215,2025-01-04 16:27:54,27304854338,9,月缺则盈,少女乐队的呐喊,113639415612831,Miss,Miss
nina 也打车670,575.637,5,16777215,2025-02-03 00:59:34,27304854338,9,月缺则盈,少女乐队的呐喊,113639415612831,nina 670,nina 670
没想到吧468，这才是我的占家计划（doge）,322.262,5,15138834,2024-12-17 00:06:07,27304854338,9,月缺则盈,少女乐队的呐喊,113639415612831,468doge,468doge
过载 12G,238.972,5,16777215,2025-01-25 13:25:19,27304854338,9,月缺则盈,少女乐队的呐喊,113639415612831,12G,12G
“怎么样，我的C和弦”,602.208,5,10546688,2025-01-28 05:12:14,27304854338,9,月缺则盈,少女乐队的呐喊,113639415612831,“C”,“ C ”
Python:运行错误，变量“桃香”未定义内容,466.606,5,41194,2025-02-09 09:57:06,27304854338,9,月缺则盈,少女乐队的呐喊,113639415612831,Python“”,Python “ ”
“我是来结束乐队的！”（soyo声）,992.993,1,16777215,2025-02-02 14:17:48,27304854338,9,月缺则盈,少女乐队的呐喊,113639415612831,“”soyo,“ ” soyo
python入门,281.938,1,16777215,2024-12-15 22:46:02,27304854338,9,月缺则盈,少女乐队的呐喊,113639415612831,python,python
Nice beer~,496.223,5,15138834,2024-12-18 17:27:36,27304854338,9,月缺则盈,少女乐队的呐喊,113639415612831,Nice beer,Nice beer
只能说真是两个一身bug的人刚好合上了hhh这一般人听了大概也就是和之前的那俩一个反应 但nina虽然性格难搞却就是喜欢听真话,743.283,1,16777215,2024-12-21 23:37:48,27304854338,9,月缺则盈,少女乐队的呐喊,113639415612831,bughhh nina,bughhh nina
触发了正论怪兽的zone,966.519,1,16777215,2024-12-14 22:36:47,27304854338,9,月缺则盈,少女乐队的呐喊,113639415612831,zone,zone
您的房间已成功安装并运行Python环境,289.801,1,16777215,2025-03-20 12:42:18,27304854338,9,月缺则盈,少女乐队的呐喊,113639415612831,Python,Python
小孩这两句话声音好可爱啊，suki～,484.427,5,16777215,2025-02-27 23:30:56,27304854338,9,月缺则盈,少女乐队的呐喊,113639415612831,suki,suki
duel哒！,338.535,1,16777215,2025-01-06 04:11:23,27304854338,9,月缺则盈,少女乐队的呐喊,113639415612831,duel,duel
疑似C44全油的下场（Doge）,247.686,5,38979,2025-02-12 13:44:09,27304854338,9,月缺则盈,少女乐队的呐喊,113639415612831,C44Doge,C44Doge
Go远程调用python,288.928,5,16777215,2025-02-01 16:52:20,27304854338,9,月缺则盈,少女乐队的呐喊,113639415612831,Gopython,Gopython
直接传奇鼓手Rikki（bu shi,659.005,1,6830715,2024-12-16 23:44:10,27304854338,9,月缺则盈,少女乐队的呐喊,113639415612831,Rikkibu shi,Rikkibu shi
anon可没有以职业为目标，她喜欢的是k-on那种喝茶聊天，轻轻松松的乐队,1209.344,1,16777215,2025-05-10 03:02:13,27304854338,9,月缺则盈,少女乐队的呐喊,113639415612831,anonkon,anonkon
重力怪VS正论怪,975.34,5,16777215,2025-04-29 04:19:27,27304854338,9,月缺则盈,少女乐队的呐喊,113639415612831,VS,VS
致敬传奇压力王rikky,743.634,5,16777215,2024-12-25 21:30:19,27304854338,9,月缺则盈,少女乐队的呐喊,113639415612831,rikky,rikky
其实nina的cv玩第五人格（bushi）,425.02,5,15138834,2025-02-04 18:16:40,27304854338,9,月缺则盈,少女乐队的呐喊,113639415612831,ninacvbushi,ninacvbushi
看到这个总想起来yoasobi向夜晚奔去的MV,650.67,1,16777215,2025-05-21 18:22:28,27304854338,9,月缺则盈,少女乐队的呐喊,113639415612831,yoasobiMV,yoasobiMV
nina的笑声2333,530.584,1,16777215,2024-12-16 13:31:22,27304854338,9,月缺则盈,少女乐队的呐喊,113639415612831,nina2333,nina2333
Nina绝对超影5000分实力,1289.22,5,16777215,2025-04-15 21:15:16,27304854338,9,月缺则盈,少女乐队的呐喊,113639415612831,Nina5000,Nina5000
小智好适合roselia啊，能练到晕厥,802.99,1,16777215,2025-03-02 15:55:36,27304854338,9,月缺则盈,少女乐队的呐喊,113639415612831,roselia,roselia
听到解散先别慌，这里不是go 和 mujica,987.161,5,16777215,2025-12-21 00:14:08,27304854338,9,月缺则盈,少女乐队的呐喊,113639415612831,go  mujica,go mujica
kgym：我去！同行啊！,769.665,5,15138834,2025-02-12 13:58:39,27304854338,9,月缺则盈,少女乐队的呐喊,113639415612831,kgym,kgym
GP2 engine！,23.182,5,16707842,2025-07-04 01:00:25,27304854338,9,月缺则盈,少女乐队的呐喊,113639415612831,GP2 engine,GP2 engine
这里看上去好像第1话mmk唱歌的地方呢,547.677,5,16777215,2025-03-06 00:41:22,27304854338,9,月缺则盈,少女乐队的呐喊,113639415612831,1mmk,1mmk
《mujita》,595.392,1,16777215,2025-02-20 13:53:23,27304854338,9,月缺则盈,少女乐队的呐喊,113639415612831,mujita,mujita
\o/\o/\o/\o/\o/\o/\o/\o/\o/\o/\o/\o/\o/\o/\o/\o/\o/\o/\o/\o/\o/\o/\o/\o/\o/\o/\o/\o/\o/\o/\o/,296.874,5,15138834,2025-04-15 14:40:24,27304854338,9,月缺则盈,少女乐队的呐喊,113639415612831,ooooooooooooooooooooooooooooooo,ooooooooooooooooooooooooooooooo
“我要退出togetoge”,997.483,5,41194,2025-02-10 09:38:23,27304854338,9,月缺则盈,少女乐队的呐喊,113639415612831,“togetoge”,“ togetoge ”
『Rider Kick』,521.994,1,16777215,2025-02-12 17:49:49,27304854338,9,月缺则盈,少女乐队的呐喊,113639415612831,Rider Kick,Rider Kick
这个表情 太戳我xp了！！,1337.401,1,16777215,2025-06-02 15:27:15,27304854338,9,月缺则盈,少女乐队的呐喊,113639415612831,xp,xp
索伯发动机绷不住了，什么GP2engine,28.689,1,16777215,2025-04-27 12:44:04,27304854338,9,月缺则盈,少女乐队的呐喊,113639415612831,GP2engine,GP2engine
怎么样，我的C和弦JPG.,603.425,5,14811775,2025-07-28 09:51:35,27304854338,9,月缺则盈,少女乐队的呐喊,113639415612831,CJPG,CJPG
C团解散就是因为没有486，爱音这样的人在,870.191,1,16777215,2025-05-30 22:31:50,27304854338,9,月缺则盈,少女乐队的呐喊,113639415612831,C486,C486
riki何时来的,667.634,5,16777215,2025-05-02 20:19:14,27304854338,9,月缺则盈,少女乐队的呐喊,113639415612831,riki,riki
因为不是棒球是啤酒就是nice beer了,496.649,5,15138834,2025-02-10 23:41:32,27304854338,9,月缺则盈,少女乐队的呐喊,113639415612831,nice beer,nice beer
Rider     Kick,524.065,5,41194,2025-02-09 10:06:19,27304854338,9,月缺则盈,少女乐队的呐喊,113639415612831,Rider     Kick,Rider Kick
这种ed，要么一遍不听，要么听13遍,1411.794,1,16777215,2025-02-08 14:20:50,27304854338,9,月缺则盈,少女乐队的呐喊,113639415612831,ed13,ed13
认真也没错，roselia当初招人 ras招人也都标准严格，得找匹配的合适的人才行,1103.661,1,16777215,2025-05-28 00:03:06,27304854338,9,月缺则盈,少女乐队的呐喊,113639415612831,roselia ras,roselia ras
mmk表情包.gif,462.808,5,16777215,2025-03-06 00:25:29,27304854338,9,月缺则盈,少女乐队的呐喊,113639415612831,mmkgif,mmkgif
极限过载 14G,249.618,5,16777215,2025-08-11 12:10:18,27304854338,9,月缺则盈,少女乐队的呐喊,113639415612831,14G,14G
很难想象一个人的入坑经历会是先听op的二创，再开始溜op，最后开始看番,178.891,1,16777215,2025-12-21 00:46:24,27304854338,9,月缺则盈,少女乐队的呐喊,113639415612831,opop,opop
熙熙攘攘我们的a大（bushi）,447.248,1,16777215,2025-03-25 18:02:30,27304854338,9,月缺则盈,少女乐队的呐喊,113639415612831,abushi,abushi
ksm和ars,1300.282,5,16707842,2025-03-22 15:54:09,27304854338,9,月缺则盈,少女乐队的呐喊,113639415612831,ksmars,ksmars
致敬传奇主唱yukina,1038.524,5,8700107,2025-07-09 00:23:02,27304854338,9,月缺则盈,少女乐队的呐喊,113639415612831,yukina,yukina
36期hhhhh,841.549,1,16777215,2025-05-15 02:56:40,27304854338,9,月缺则盈,少女乐队的呐喊,113639415612831,36hhhhh,36hhhhh
幻听blue luck,222.812,1,16777215,2025-02-10 09:41:06,27304854338,9,月缺则盈,少女乐队的呐喊,113639415612831,blue luck,blue luck
京吹ptsd了,707.219,1,16777215,2025-02-09 03:31:33,27304854338,9,月缺则盈,少女乐队的呐喊,113639415612831,ptsd,ptsd
s1mple神了 ,1058.994,5,16777215,2026-02-14 00:44:01,27304854338,9,月缺则盈,少女乐队的呐喊,113639415612831,s1mple,s1mple
kokulaku——,223.997,5,38979,2025-07-30 18:51:24,27304854338,9,月缺则盈,少女乐队的呐喊,113639415612831,kokulaku,kokulaku
索伯c44到底附体了多少台空调？,249.905,5,16777215,2025-06-16 14:07:54,27304854338,9,月缺则盈,少女乐队的呐喊,113639415612831,c44,c44
nina变e了,590.076,1,16777215,2025-02-09 22:09:18,27304854338,9,月缺则盈,少女乐队的呐喊,113639415612831,ninae,ninae
fz还在追我,374.656,5,16777215,2025-10-02 22:16:14,27304854338,9,月缺则盈,少女乐队的呐喊,113639415612831,fz,fz
《打A还是打B》,453.802,1,16777215,2025-08-30 16:20:05,27304854338,9,月缺则盈,少女乐队的呐喊,113639415612831,AB,AB
C44全力推一圈后,248.151,5,38979,2025-07-23 00:37:45,27304854338,9,月缺则盈,少女乐队的呐喊,113639415612831,C44,C44
DDD耐约王申请出战,334.45,1,16777215,2025-04-13 13:09:02,27304854338,9,月缺则盈,少女乐队的呐喊,113639415612831,DDD,DDD
simple,772.765,1,16777215,2025-03-23 01:34:15,27304854338,9,月缺则盈,少女乐队的呐喊,113639415612831,simple,simple
486的腿prprpr,261.341,1,16777215,2025-03-05 23:57:49,27304854338,9,月缺则盈,少女乐队的呐喊,113639415612831,486prprpr,486prprpr
我曾经在654俱乐部…（bushi）,334.125,5,16777215,2025-02-24 00:22:50,27304854338,9,月缺则盈,少女乐队的呐喊,113639415612831,654bushi,654bushi
来打kick,525.742,1,16777215,2025-02-19 21:30:35,27304854338,9,月缺则盈,少女乐队的呐喊,113639415612831,kick,kick
486前几首曲子包括op的鼓就不是一般地球人打的出来的,898.045,5,16777215,2026-02-21 03:25:00,27304854338,9,月缺则盈,少女乐队的呐喊,113639415612831,486op,486op
op播放率100%,95.663,1,16777215,2025-08-23 13:32:23,27304854338,9,月缺则盈,少女乐队的呐喊,113639415612831,op100,op100
A调4536？,1225.15,1,16777215,2025-06-16 15:14:49,27304854338,9,月缺则盈,少女乐队的呐喊,113639415612831,A4536,A4536
鸡皮two恩静,252.692,1,16777215,2025-05-08 13:26:52,27304854338,9,月缺则盈,少女乐队的呐喊,113639415612831,two,two
致敬传奇田径吉他主唱kitakita,709.224,5,15138834,2025-04-25 02:22:26,27304854338,9,月缺则盈,少女乐队的呐喊,113639415612831,kitakita,kitakita
怕蛇所以mmk是0实锤,487.05,1,16777215,2025-03-19 15:44:14,27304854338,9,月缺则盈,少女乐队的呐喊,113639415612831,mmk0,mmk0
听成“mujica”了,526.515,1,16777215,2025-02-14 11:25:57,27304854338,9,月缺则盈,少女乐队的呐喊,113639415612831,“mujica”,“ mujica ”
3d人，2d猫,1095.766,1,16777215,2026-04-19 20:47:41,27304854338,9,月缺则盈,少女乐队的呐喊,113639415612831,3d2d,3d2d
这nina是个3000,1288.251,5,15138834,2026-04-16 20:45:09,27304854338,9,月缺则盈,少女乐队的呐喊,113639415612831,nina3000,nina3000
2先是xidoremi 还是不,634.962,1,16777215,2026-04-14 23:18:03,27304854338,9,月缺则盈,少女乐队的呐喊,113639415612831,2xidoremi,2xidoremi
deal！,341.666,1,16777215,2026-04-10 14:12:09,27304854338,9,月缺则盈,少女乐队的呐喊,113639415612831,deal,deal
当你刚学完C语言又要学python时：,287.766,1,16777215,2026-04-08 17:31:11,27304854338,9,月缺则盈,少女乐队的呐喊,113639415612831,Cpython,Cpython
k9vs，请指教,341.987,1,16777215,2026-04-07 10:48:07,27304854338,9,月缺则盈,少女乐队的呐喊,113639415612831,k9vs,k9vs
有Python和Go没有C嘎嘎。,289.373,1,16777215,2026-03-23 17:33:53,27304854338,9,月缺则盈,少女乐队的呐喊,113639415612831,PythonGoC,PythonGoC
升cm不行吗 老惦记惦记你那f了,1221.379,1,16777215,2026-02-25 18:37:57,27304854338,9,月缺则盈,少女乐队的呐喊,113639415612831,cm f,cm f
YEKINDAR？？,239.385,5,16777215,2026-02-21 15:40:05,27304854338,9,月缺则盈,少女乐队的呐喊,113639415612831,YEKINDAR,YEKINDAR
我不行了，luba,526.484,1,16777215,2026-02-19 13:25:48,27304854338,9,月缺则盈,少女乐队的呐喊,113639415612831,luba,luba
致敬传奇三个月速通即兴solo吉他主唱喜多郁代,904.576,1,16777215,2026-02-17 18:16:42,27304854338,9,月缺则盈,少女乐队的呐喊,113639415612831,solo,solo
还在GO还在GO,357.932,1,16777215,2026-02-11 21:51:49,27304854338,9,月缺则盈,少女乐队的呐喊,113639415612831,GOGO,GOGO
aieeeeeee！,493.839,1,16777215,2026-02-10 21:59:34,27304854338,9,月缺则盈,少女乐队的呐喊,113639415612831,aieeeeeee,aieeeeeee
Clear mind！,748.924,1,16777215,2026-02-09 21:04:41,27304854338,9,月缺则盈,少女乐队的呐喊,113639415612831,Clear mind,Clear mind
banana同款,925.343,1,16777215,2026-02-07 18:50:30,27304854338,9,月缺则盈,少女乐队的呐喊,113639415612831,banana,banana
SOI啊你是,868.728,1,16777215,2026-01-13 06:14:50,27304854338,9,月缺则盈,少女乐队的呐喊,113639415612831,SOI,SOI
这集不是很明白为什么486一开始就心情不好不情愿一样。按理说朋友三人突然过来不管怎么样都是乐事，这集有点ooc了,407.719,1,16777215,2026-01-13 01:38:36,27304854338,9,月缺则盈,少女乐队的呐喊,113639415612831,486ooc,486ooc
25点（bs,333.693,5,16777215,2026-01-11 12:34:33,27304854338,9,月缺则盈,少女乐队的呐喊,113639415612831,25bs,25bs
i还有就看i哦了。；/{“皮夹克，。/,1192.598,1,16777215,2026-01-11 03:03:26,27304854338,9,月缺则盈,少女乐队的呐喊,113639415612831,ii“,ii “
这压力比rikki顶，起码rikki没说anon不好好练一辈子也没法演出,867.128,1,15138834,2026-01-05 18:59:12,27304854338,9,月缺则盈,少女乐队的呐喊,113639415612831,rikkirikkianon,rikkirikkianon
INTP,915.432,5,16776960,2025-12-27 15:57:33,27304854338,9,月缺则盈,少女乐队的呐喊,113639415612831,INTP,INTP
kasm:啊，吉他要学这么久吗,1256.079,1,16777215,2025-12-26 19:48:15,27304854338,9,月缺则盈,少女乐队的呐喊,113639415612831,kasm,kasm
真·Pyhton入门,289.251,1,16777215,2025-12-26 15:53:15,27304854338,9,月缺则盈,少女乐队的呐喊,113639415612831,Pyhton,Pyhton
这里的op Remix豪庭,1124.739,1,16777215,2025-12-26 13:12:53,27304854338,9,月缺则盈,少女乐队的呐喊,113639415612831,op Remix,op Remix
有一种kgym的感觉（bushi,763.219,1,16777215,2025-11-26 23:33:47,27304854338,9,月缺则盈,少女乐队的呐喊,113639415612831,kgymbushi,kgymbushi
sa,1154.401,1,16777215,2025-11-22 21:45:46,27304854338,9,月缺则盈,少女乐队的呐喊,113639415612831,sa,sa
这也是个国王（bu,87.683,1,16777215,2025-11-15 12:17:57,27304854338,9,月缺则盈,少女乐队的呐喊,113639415612831,bu,bu
nino：英雄所见略同,189.54,5,16777215,2024-12-25 00:20:55,27304790616,10,渡鸟,少女乐队的呐喊,113639415680780,nino,nino
经典亚洲家长：go get a job,648.649,5,16777215,2024-12-17 23:31:31,27304790616,10,渡鸟,少女乐队的呐喊,113639415680780,go get a job,go get a job
世界BOSS已刷新于主城,376.381,5,16777215,2025-01-23 17:39:36,27304790616,10,渡鸟,少女乐队的呐喊,113639415680780,BOSS,BOSS
是Nina的救赎，也是Nina全家的救赎,1198.426,5,16646914,2025-02-01 01:25:46,27304790616,10,渡鸟,少女乐队的呐喊,113639415680780,NinaNina,NinaNina
不靠运气靠实力，衣服上的unlucky,17.066,5,16777215,2024-12-22 22:59:30,27304790616,10,渡鸟,少女乐队的呐喊,113639415680780,unlucky,unlucky
前面弹幕还在go 还在go,1320.053,1,16777215,2024-12-20 14:44:03,27304790616,10,渡鸟,少女乐队的呐喊,113639415680780,go go,go go
烟的镜头不p，你把那些经典片段p了？,699.047,5,16777215,2024-12-26 21:01:11,27304790616,10,渡鸟,少女乐队的呐喊,113639415680780,pp,pp
不过NINA一直所受的教育是辨别是非，父亲的想法违背了他的教育观念，所以NINA才要反抗,569.569,5,16777215,2025-01-04 11:47:24,27304790616,10,渡鸟,少女乐队的呐喊,113639415680780,NINANINA,NINANINA
有mmk就不要姐姐了（bushi,907.689,5,16777215,2025-01-28 21:08:09,27304790616,10,渡鸟,少女乐队的呐喊,113639415680780,mmkbushi,mmkbushi
？Eva既视感，特别像终里面真嗣和他爸那段,787.029,5,16777215,2025-01-05 23:07:54,27304790616,10,渡鸟,少女乐队的呐喊,113639415680780,Eva,Eva
这一幕在第1话也出现过，但nina的表情与当时已经不同,1253.201,5,16777215,2025-03-07 22:52:24,27304790616,10,渡鸟,少女乐队的呐喊,113639415680780,1nina,1nina
她回头了，赶紧摆pose,1281.837,5,16777215,2024-12-15 14:50:31,27304790616,10,渡鸟,少女乐队的呐喊,113639415680780,pose,pose
回家3天，mmk治好了我的精神内耗,986.518,5,16707842,2024-12-20 00:41:37,27304790616,10,渡鸟,少女乐队的呐喊,113639415680780,3mmk,3mmk
爹:（播放hina版本的空之箱）你喜欢这首歌是吗？  仁菜:？666家贼难防,1109.804,5,16777215,2025-08-17 07:47:06,27304790616,10,渡鸟,少女乐队的呐喊,113639415680780,hina  666,hina
nina：woc我不拒同担！！！！！！,208.271,5,16777215,2025-01-31 22:01:04,27304790616,10,渡鸟,少女乐队的呐喊,113639415680780,ninawoc,ninawoc
但是nina已经受了这么多伤害，爸妈一直为了所谓的大学，为了他们眼里希望nina去的地方做的事情，而不在意nina已经受过的伤 ，nina就应该很敏感！,738.719,1,15772458,2025-01-27 00:38:54,27304790616,10,渡鸟,少女乐队的呐喊,113639415680780,ninaninanina nina,ninaninanina nina
FURINRIN,59.231,1,16777215,2024-12-20 17:24:55,27304790616,10,渡鸟,少女乐队的呐喊,113639415680780,FURINRIN,FURINRIN
像在说情话一样wwww,273.993,1,16777215,2025-01-30 19:52:14,27304790616,10,渡鸟,少女乐队的呐喊,113639415680780,wwww,wwww
wc和EVA一样的蝉鸣,893.269,5,16777215,2025-01-27 23:18:30,27304790616,10,渡鸟,少女乐队的呐喊,113639415680780,wcEVA,wcEVA
wonderhoi！（乱入）,608.151,5,16777215,2025-08-05 02:33:33,27304790616,10,渡鸟,少女乐队的呐喊,113639415680780,wonderhoi,wonderhoi
事以至此买张cd吧！,1186.237,5,16777215,2025-05-28 13:35:30,27304790616,10,渡鸟,少女乐队的呐喊,113639415680780,cd,cd
姐姐真好wwwwww,995.322,1,41194,2025-07-14 18:20:38,27304790616,10,渡鸟,少女乐队的呐喊,113639415680780,wwwwww,wwwwww
Spotify打钱,431.969,5,16777215,2025-08-08 21:57:09,27304790616,10,渡鸟,少女乐队的呐喊,113639415680780,Spotify,Spotify
nina回来的时候这个树枝碰到了头说明nina离家的时候还没有这个树枝高，回来的时候碰到了说明nina成长了,1153.256,1,15138834,2025-09-15 22:27:33,27304790616,10,渡鸟,少女乐队的呐喊,113639415680780,ninaninanina,ninaninanina
《air》吗？有点意思。,978.208,1,16777215,2025-06-10 20:58:07,27304790616,10,渡鸟,少女乐队的呐喊,113639415680780,air,air
JR抢海发力了,515.691,5,16755202,2025-06-17 17:44:00,27304790616,10,渡鸟,少女乐队的呐喊,113639415680780,JR,JR
fly my wing,954.988,1,8700107,2025-06-14 22:51:35,27304790616,10,渡鸟,少女乐队的呐喊,113639415680780,fly my wing,fly my wing
MUR大仙贝（雾）,170.514,1,16777215,2025-05-31 21:35:26,27304790616,10,渡鸟,少女乐队的呐喊,113639415680780,MUR,MUR
这不是我们ch圈发明的谷子吗？,20.801,1,16777215,2025-10-03 00:14:38,27304790616,10,渡鸟,少女乐队的呐喊,113639415680780,ch,ch
DD从日摇乐队向偶像发展了不少,224.575,1,16777215,2025-09-17 09:32:35,27304790616,10,渡鸟,少女乐队的呐喊,113639415680780,DD,DD
CRH2A,1239.948,5,16777215,2025-09-11 16:16:02,27304790616,10,渡鸟,少女乐队的呐喊,113639415680780,CRH2A,CRH2A
1300rmb,509.579,5,16777215,2025-09-03 23:28:11,27304790616,10,渡鸟,少女乐队的呐喊,113639415680780,1300rmb,1300rmb
前面我记得mmk说过喜欢我的歌，现在她又用我的歌代指nina，所以mmk喜欢谁我不好说,281.69,1,16777215,2025-08-24 21:05:36,27304790616,10,渡鸟,少女乐队的呐喊,113639415680780,mmkninammk,mmkninammk
soyourin？,463.06,1,16777215,2025-08-14 15:46:13,27304790616,10,渡鸟,少女乐队的呐喊,113639415680780,soyourin,soyourin
CIA（不是）,54.979,5,41194,2025-08-01 17:19:21,27304790616,10,渡鸟,少女乐队的呐喊,113639415680780,CIA,CIA
JR東海 山阳新干线 博多-东京 N700A のぞみ号,1238.64,5,15138834,2025-07-26 23:37:27,27304790616,10,渡鸟,少女乐队的呐喊,113639415680780,JR   N700A,JR N700A
好巧啊  我也喜欢mmk（dog,198.362,1,16777215,2025-07-15 10:41:54,27304790616,10,渡鸟,少女乐队的呐喊,113639415680780,mmkdog,mmkdog
666nina爹还会捕猎，走之前把nina给抓住了,1122.444,5,16777215,2025-05-24 22:31:54,27304790616,10,渡鸟,少女乐队的呐喊,113639415680780,666ninanina,666ninanina
good,980.862,1,16777215,2026-03-19 17:18:46,27304790616,10,渡鸟,少女乐队的呐喊,113639415680780,good,good
过载 15G,950.457,1,15138834,2026-02-22 23:13:40,27304790616,10,渡鸟,少女乐队的呐喊,113639415680780,15G,15G
"最恐怖的就是mmk,486他们忽然在nina 回家的时间段里抛弃了他。。。。。。。。我瞎说的你们别信啊",1271.971,1,16777215,2026-02-21 11:58:47,27304790616,10,渡鸟,少女乐队的呐喊,113639415680780,mmk486nina,mmk486nina
简直不能想象Nina和mmk两个人是有多爱对方,954.179,5,16646914,2026-02-03 11:20:01,27304790616,10,渡鸟,少女乐队的呐喊,113639415680780,Ninammk,Ninammk
与此同时，另外一边，Joke刚被抓,266.316,1,16777215,2025-11-24 23:05:29,27304790616,10,渡鸟,少女乐队的呐喊,113639415680780,Joke,Joke
祥子看了以为Sora标被p掉了,1213.213,1,16777215,2025-11-16 20:34:55,27304790616,10,渡鸟,少女乐队的呐喊,113639415680780,Sorap,Sorap
我的精神支撑歌曲是《III》,939.388,1,16777215,2025-09-14 07:44:01,27304790616,10,渡鸟,少女乐队的呐喊,113639415680780,III,III
Win10背景瞩目,293.933,1,16777215,2025-08-30 11:23:55,27304790616,10,渡鸟,少女乐队的呐喊,113639415680780,Win10,Win10
nina她姐真的太像soyorin了，除了性格发色瞳色穿衣都几乎一模一样，甚至soyorin刚好比nina高4cm,913.491,1,16768392,2025-08-21 20:12:33,27304790616,10,渡鸟,少女乐队的呐喊,113639415680780,ninasoyorinsoyorinnina4cm,ninasoyorinsoyorinnina4cm
乐队的3B,57.8,1,16777215,2025-08-16 16:38:06,27304790616,10,渡鸟,少女乐队的呐喊,113639415680780,3B,3B
真讽刺啊，被80的时候支持在nina背后的不是父母，不是老师，是一首歌，换句话说是不愿和解的自己，回头一看自己身后空无一人,918.258,1,16777215,2025-08-07 17:15:05,27304790616,10,渡鸟,少女乐队的呐喊,113639415680780,80nina,80nina
我得了一种看到翅膀就想Fly的病,980.153,1,16777215,2025-07-30 16:20:06,27304790616,10,渡鸟,少女乐队的呐喊,113639415680780,Fly,Fly
Beyound《海阔天空》,953.112,5,16777215,2025-07-28 23:56:57,27304790616,10,渡鸟,少女乐队的呐喊,113639415680780,Beyound,Beyound
谁家白毛KSM,42.973,1,16777215,2025-07-09 18:15:21,27304790616,10,渡鸟,少女乐队的呐喊,113639415680780,KSM,KSM
爹这还好？表面不支持起码私下里说清楚吧，说好的被pua成啥样了,711.144,1,16777215,2025-07-08 18:21:54,27304790616,10,渡鸟,少女乐队的呐喊,113639415680780,pua,pua
鲁帕：kdlkdl,284.551,1,16777215,2025-06-27 11:50:08,27304790616,10,渡鸟,少女乐队的呐喊,113639415680780,kdlkdl,kdlkdl
前面co玩家别走,362.272,5,16777215,2025-05-29 01:47:58,27304790616,10,渡鸟,少女乐队的呐喊,113639415680780,co,co
wc'这个bgm,984.988,1,16777215,2025-05-22 20:39:20,27304790616,10,渡鸟,少女乐队的呐喊,113639415680780,wcbgm,wcbgm
你惊扰了witch,382.508,5,16777215,2026-05-05 01:40:12,27304790616,10,渡鸟,少女乐队的呐喊,113639415680780,witch,witch
pick,472.651,1,16777215,2026-04-19 13:08:42,27304790616,10,渡鸟,少女乐队的呐喊,113639415680780,pick,pick
i m back,1269.071,5,16777215,2026-04-18 11:56:42,27304790616,10,渡鸟,少女乐队的呐喊,113639415680780,i m back,i m back
E V A？,793.362,1,16777215,2026-04-09 13:58:54,27304790616,10,渡鸟,少女乐队的呐喊,113639415680780,E V A,E V A
ba！   ka！,1306.871,1,16777215,2026-02-23 02:44:21,27304790616,10,渡鸟,少女乐队的呐喊,113639415680780,ba   ka,ba ka
zc,1270.325,1,16777215,2026-02-14 12:14:26,27304790616,10,渡鸟,少女乐队的呐喊,113639415680780,zc,zc
《WcDonald》,45.41,5,16777215,2026-02-04 21:52:17,27304790616,10,渡鸟,少女乐队的呐喊,113639415680780,WcDonald,WcDonald
压力NO ko细带soyono,142.522,5,16777215,2026-01-29 06:01:35,27304790616,10,渡鸟,少女乐队的呐喊,113639415680780,NO kosoyono,NO kosoyono
池沼CHIZHAO,178.244,5,16777215,2026-01-27 22:56:39,27304790616,10,渡鸟,少女乐队的呐喊,113639415680780,CHIZHAO,CHIZHAO
soyo桑  love！,1072.96,1,16777215,2026-01-24 00:42:41,27304790616,10,渡鸟,少女乐队的呐喊,113639415680780,soyo  love,soyo love
restart,1257.973,1,16777215,2026-01-18 22:42:42,27304790616,10,渡鸟,少女乐队的呐喊,113639415680780,restart,restart
老爸mvp,1116.933,1,16777215,2026-01-15 23:03:49,27304790616,10,渡鸟,少女乐队的呐喊,113639415680780,mvp,mvp
nina已经成为new type了,957.218,5,16777215,2026-01-13 14:28:51,27304790616,10,渡鸟,少女乐队的呐喊,113639415680780,ninanew type,ninanew type
nina上了大学后be like,196.448,1,16777215,2026-01-09 00:55:44,27304790616,10,渡鸟,少女乐队的呐喊,113639415680780,ninabe like,ninabe like
nina•mmk：666盐豆布盐了贴脸开大,182.823,5,16707842,2026-01-01 19:30:15,27304790616,10,渡鸟,少女乐队的呐喊,113639415680780,ninammk666,ninammk666
拿AI吧,299.469,1,16777215,2025-12-16 00:11:52,27304790616,10,渡鸟,少女乐队的呐喊,113639415680780,AI,AI
姐姐我也是nina啊QwQ,1072.33,1,16777215,2025-12-14 13:54:47,27304790616,10,渡鸟,少女乐队的呐喊,113639415680780,ninaQwQ,ninaQwQ
RMB1180,508.463,5,15138834,2025-12-07 15:17:21,27304790616,10,渡鸟,少女乐队的呐喊,113639415680780,RMB1180,RMB1180
别老ky你那死人EVA 碇真嗣也配和仁菜比？,794.722,1,16777215,2025-10-28 01:30:31,27304790616,10,渡鸟,少女乐队的呐喊,113639415680780,kyEVA,kyEVA
nani,206.764,5,16707842,2025-10-27 01:42:05,27304790616,10,渡鸟,少女乐队的呐喊,113639415680780,nani,nani
认真帮队友搜点的小智.gif,1120.984,5,16777215,2024-12-15 13:30:09,27304853929,11,世界中心,少女乐队的呐喊,113639415615088,gif,gif
这首歌真的不错，但是真的没有对比就没有伤害了。乐队PK真残酷啊~,919.502,1,16646914,2024-12-16 10:00:02,27304853929,11,世界中心,少女乐队的呐喊,113639415615088,PK,PK
486sesu~,1189.854,1,16777215,2024-12-14 12:33:30,27304853929,11,世界中心,少女乐队的呐喊,113639415615088,486sesu,486sesu
nina因为mmk的登台讲话哭了啊ww,1133.115,5,16777215,2024-12-23 01:15:29,27304853929,11,世界中心,少女乐队的呐喊,113639415615088,ninammkww,ninammkww
全剧最猛的一次live（最终live要是全曲就好了，damn！）,1015.762,1,16777215,2025-01-01 12:05:25,27304853929,11,世界中心,少女乐队的呐喊,113639415615088,livelivedamn,livelivedamn
Taki：“天呐这简直就是我”,704.493,5,6830715,2024-12-14 23:41:28,27304853929,11,世界中心,少女乐队的呐喊,113639415615088,Taki“”,Taki “ ”
民那诺~唷库诺to诺~,1024.895,5,16777215,2024-12-14 12:58:14,27304853929,11,世界中心,少女乐队的呐喊,113639415615088,to,to
从主起落架还有机身比例看比较像77w，除了发动机和机头,495.384,5,16707842,2025-02-02 23:18:16,27304853929,11,世界中心,少女乐队的呐喊,113639415615088,77w,77w
十年dd老粉不请自来,838.09,5,16777215,2024-12-14 20:11:48,27304853929,11,世界中心,少女乐队的呐喊,113639415615088,dd,dd
nina kick！,1330.414,1,16777215,2024-12-22 00:11:10,27304853929,11,世界中心,少女乐队的呐喊,113639415615088,nina kick,nina kick
致敬传奇女教师sawa酱,565.621,5,16777215,2025-01-11 02:11:49,27304853929,11,世界中心,少女乐队的呐喊,113639415615088,sawa,sawa
连听11次OP,91.357,1,16777215,2025-01-15 02:38:08,27304853929,11,世界中心,少女乐队的呐喊,113639415615088,11OP,11OP
最温柔的妈妈弹最带劲的贝斯，大反差sukisuki,1064.869,1,16777215,2025-03-14 18:19:57,27304853929,11,世界中心,少女乐队的呐喊,113639415615088,sukisuki,sukisuki
486一直表现得很成熟很贴心，导致现在就连Nina问题都解决了486那边还有问题,405.961,1,16777215,2025-02-08 21:44:57,27304853929,11,世界中心,少女乐队的呐喊,113639415615088,486Nina486,486Nina486
nina的爸爸把“不登校”挂在自己的房间里！结合第10话的剧情很难让人不感动！,1392.395,5,16777215,2025-05-15 23:32:06,27304853929,11,世界中心,少女乐队的呐喊,113639415615088,nina“”10,nina “ ” 10
天空属于GTI,361.934,1,16777215,2025-02-13 15:01:41,27304853929,11,世界中心,少女乐队的呐喊,113639415615088,GTI,GTI
ACG圈子历史最强单曲mv,1226.393,5,16777215,2025-02-01 22:11:53,27304853929,11,世界中心,少女乐队的呐喊,113639415615088,ACGmv,ACGmv
nina过来立刻发现然后给nina让出来一块空的mmk,214.196,5,14811775,2025-02-22 20:33:14,27304853929,11,世界中心,少女乐队的呐喊,113639415615088,ninaninammk,ninaninammk
此事在演唱会3rd「咆哮の奏」《空白与宣泄》中，亦有记载,1056.27,5,16707842,2024-12-30 10:01:55,27304853929,11,世界中心,少女乐队的呐喊,113639415615088,3rd,3rd
486这一身制服确实很讨喜w 又可爱又美丽大方,1007.658,1,16777215,2025-01-23 11:11:27,27304853929,11,世界中心,少女乐队的呐喊,113639415615088,486w,486w
hina想劝nina这事就过去吧学校和家里都给你最好的保障了，但nina性格就是不服输，hina认为nina是在闹大小姐脾气,823.681,1,16777215,2025-11-20 09:31:26,27304853929,11,世界中心,少女乐队的呐喊,113639415615088,hinaninaninahinanina,hinaninaninahinanina
前奏有一点点像Roselia的《louder》。。。。。。,845.419,5,16777215,2026-02-01 18:05:15,27304853929,11,世界中心,少女乐队的呐喊,113639415615088,Roselialouder,Roselialouder
草ESP 这把琴至少三万,850.259,5,14811775,2025-11-23 01:43:49,27304853929,11,世界中心,少女乐队的呐喊,113639415615088,ESP,ESP
mmk宠溺眼神xN,567.304,1,16777215,2025-09-12 22:11:25,27304853929,11,世界中心,少女乐队的呐喊,113639415615088,mmkxN,mmkxN
hh，只有486没有cp啊,462.139,1,16777215,2025-07-24 22:55:29,27304853929,11,世界中心,少女乐队的呐喊,113639415615088,hh486cp,hh486cp
致敬传奇贝斯手Sid,1141.727,5,16776960,2025-08-14 00:36:44,27304853929,11,世界中心,少女乐队的呐喊,113639415615088,Sid,Sid
斯巴鲁desi,1189.829,5,16777215,2025-07-27 14:48:30,27304853929,11,世界中心,少女乐队的呐喊,113639415615088,desi,desi
？下雨的是不是lovelive看多了,315.387,1,16777215,2025-07-24 12:43:21,27304853929,11,世界中心,少女乐队的呐喊,113639415615088,lovelive,lovelive
研究强队demo,509.635,1,16777215,2025-10-03 15:19:04,27304853929,11,世界中心,少女乐队的呐喊,113639415615088,demo,demo
银河战舰faze clan绷不住了,799.183,1,15138834,2025-07-26 13:17:04,27304853929,11,世界中心,少女乐队的呐喊,113639415615088,faze clan,faze clan
这里486说的是自己的真名 前面有一次介绍乐队成员的时候486特意用了花名防止被认出来 现在已经能脱离长辈身份的条条框框做回自己了w,1193.313,1,16777215,2026-01-21 00:01:06,27304853929,11,世界中心,少女乐队的呐喊,113639415615088,486 486 w,486 486 w
RTX ON,1225.856,5,15138834,2025-10-10 01:10:13,27304853929,11,世界中心,少女乐队的呐喊,113639415615088,RTX ON,RTX ON
nina out,516.587,5,15138834,2025-10-08 14:47:56,27304853929,11,世界中心,少女乐队的呐喊,113639415615088,nina out,nina out
讲真的 togetoge不也是商业企划么,938.031,1,16777215,2025-09-12 01:31:15,27304853929,11,世界中心,少女乐队的呐喊,113639415615088,togetoge,togetoge
感觉这里可以接kill kiss,884.053,1,16777215,2025-07-29 15:51:28,27304853929,11,世界中心,少女乐队的呐喊,113639415615088,kill kiss,kill kiss
幻视成YMCA了,1073.445,1,16777215,2025-07-22 09:33:37,27304853929,11,世界中心,少女乐队的呐喊,113639415615088,YMCA,YMCA
main！,288.089,1,16777215,2025-07-15 11:58:07,27304853929,11,世界中心,少女乐队的呐喊,113639415615088,main,main
这首歌说的就是HINA吧,908.738,1,16777215,2026-05-05 00:13:19,27304853929,11,世界中心,少女乐队的呐喊,113639415615088,HINA,HINA
I T X 机 箱,135.991,1,16777215,2026-04-27 23:31:57,27304853929,11,世界中心,少女乐队的呐喊,113639415615088,I T X,I T X
贝斯声这么炸！OAO,1229.593,1,16777215,2026-04-26 01:06:15,27304853929,11,世界中心,少女乐队的呐喊,113639415615088,OAO,OAO
对方发起了5V5挑战，输的砸麦克风,965.705,1,16777215,2026-04-02 00:14:10,27304853929,11,世界中心,少女乐队的呐喊,113639415615088,5V5,5V5
wyddj,160.399,5,16777215,2026-04-01 20:57:00,27304853929,11,世界中心,少女乐队的呐喊,113639415615088,wyddj,wyddj
sees,529.339,1,16777215,2026-04-01 17:14:31,27304853929,11,世界中心,少女乐队的呐喊,113639415615088,sees,sees
5v4非对称竞技,977.299,1,16777215,2026-03-02 19:45:03,27304853929,11,世界中心,少女乐队的呐喊,113639415615088,5v4,5v4
[WARNING]Boss已进入最终阶段[WARNING],1370.912,5,15138834,2026-02-24 15:40:06,27304853929,11,世界中心,少女乐队的呐喊,113639415615088,Boss,Boss
\o/\o/\o/\o/\o/\o/\o/\o/\o/\o/\o/\o/\o/\o/\o/\o/,1322.808,1,16777215,2026-02-24 05:20:26,27304853929,11,世界中心,少女乐队的呐喊,113639415615088,oooooooooooooooo,oooooooooooooooo
(~[ki{spell}ll]~),493.04,1,16777215,2026-02-22 21:50:49,27304853929,11,世界中心,少女乐队的呐喊,113639415615088,kispellll,kispellll
free bird～～～,1357.472,1,16777215,2026-02-19 11:23:05,27304853929,11,世界中心,少女乐队的呐喊,113639415615088,free bird,free bird
zont1x杀了几个？,1372.423,5,16777215,2026-02-14 14:49:11,27304853929,11,世界中心,少女乐队的呐喊,113639415615088,zont1x,zont1x
NO.15?,325.41,1,16777215,2026-02-02 13:33:11,27304853929,11,世界中心,少女乐队的呐喊,113639415615088,NO15,NO15
nande 空之箱 yatta no！！！,786.663,5,16777215,2026-02-01 18:02:18,27304853929,11,世界中心,少女乐队的呐喊,113639415615088,nande  yatta no,nande yatta no
Bayren 拜仁,290.69,1,16777215,2026-01-30 02:43:59,27304853929,11,世界中心,少女乐队的呐喊,113639415615088,Bayren,Bayren
a!a!o!,1116.168,1,16777215,2026-01-19 08:53:50,27304853929,11,世界中心,少女乐队的呐喊,113639415615088,aao,aao
诶，怎么没声音啊.png,1034.747,5,15138834,2026-01-18 13:36:41,27304853929,11,世界中心,少女乐队的呐喊,113639415615088,png,png
AT field！全开！,805.855,1,16777215,2026-01-17 21:44:28,27304853929,11,世界中心,少女乐队的呐喊,113639415615088,AT field,AT field
fgf,138.336,1,11320287,2026-01-16 11:16:52,27304853929,11,世界中心,少女乐队的呐喊,113639415615088,fgf,fgf
Leto昴,675.467,1,16777215,2026-01-02 17:47:46,27304853929,11,世界中心,少女乐队的呐喊,113639415615088,Leto,Leto
还有BKD,1260.017,5,16776960,2025-12-27 16:52:21,27304853929,11,世界中心,少女乐队的呐喊,113639415615088,BKD,BKD
风暴管束者！！！！old friend,331.713,1,16777215,2025-12-23 15:53:36,27304853929,11,世界中心,少女乐队的呐喊,113639415615088,old friend,old friend
Oi！,234.956,1,16777215,2025-12-15 23:01:41,27304853929,11,世界中心,少女乐队的呐喊,113639415615088,Oi,Oi
DUCK,385.638,1,14811775,2025-12-13 21:34:26,27304853929,11,世界中心,少女乐队的呐喊,113639415615088,DUCK,DUCK
metalica和megadeath还行，说谁是马大卫呢（,961.148,1,16777215,2025-12-05 14:44:51,27304853929,11,世界中心,少女乐队的呐喊,113639415615088,metalicamegadeath,metalicamegadeath
好…sha…,961.214,5,16777215,2025-11-25 12:40:13,27304853929,11,世界中心,少女乐队的呐喊,113639415615088,sha,sha
HD800S表示很夯,323.353,1,16777215,2025-11-23 21:36:50,27304853929,11,世界中心,少女乐队的呐喊,113639415615088,HD800S,HD800S
直接把刚才DD曲子的base给扒了，恐怖如斯,1035.054,1,16777215,2025-11-20 09:36:30,27304853929,11,世界中心,少女乐队的呐喊,113639415615088,DDbase,DDbase
固态h2o,69.89,1,16777215,2025-11-15 22:18:35,27304853929,11,世界中心,少女乐队的呐喊,113639415615088,h2o,h2o
>>>>>>>>WARNING：BOSS第一阶段<<<<<<<<,1254.26,5,15138834,2025-11-14 00:28:56,27304853929,11,世界中心,少女乐队的呐喊,113639415615088,WARNINGBOSS,WARNINGBOSS
nian：55  hian：接了,958.129,1,16777215,2025-11-11 23:10:27,27304853929,11,世界中心,少女乐队的呐喊,113639415615088,nian55  hian,nian55 hian
拿AKG K701听这首歌真的是太爽了,1248.619,1,16777215,2025-11-05 23:58:24,27304853929,11,世界中心,少女乐队的呐喊,113639415615088,AKG K701,AKG K701
CRY不是少女的哭泣，而是勇敢的呐喊！,1348.78,5,16777215,2025-10-30 04:47:38,27304853929,11,世界中心,少女乐队的呐喊,113639415615088,CRY,CRY
ko：闪光掷出,1242.603,1,16777215,2025-10-26 01:20:05,27304853929,11,世界中心,少女乐队的呐喊,113639415615088,ko,ko
上一个武道馆我已经等了15年了K-ON！,597.413,5,16777215,2024-12-17 01:47:13,27304790693,12,天空再度灰暗,少女乐队的呐喊,113639415611672,15KON,15KON
这里左下角红色那个ue是mixue，也就是咱们雪王～,127.57,5,16777215,2024-12-14 17:46:07,27304790693,12,天空再度灰暗,少女乐队的呐喊,113639415611672,uemixue,uemixue
按现在的汇率，差不多是一万rmb，如果还有别的yt激励感觉相当不错,178.169,1,16777215,2024-12-14 21:31:27,27304790693,12,天空再度灰暗,少女乐队的呐喊,113639415611672,rmbyt,rmbyt
四处侦查的乐队5人.jpg,172.949,5,16777215,2024-12-15 13:34:53,27304790693,12,天空再度灰暗,少女乐队的呐喊,113639415611672,5jpg,5jpg
上一个武道馆应该算圆梦了毕竟原班cv已经登上去唱过K-ON的部分曲目了,603.978,1,16777215,2025-01-18 20:20:28,27304790693,12,天空再度灰暗,少女乐队的呐喊,113639415611672,cvKON,cvKON
这里呼应第6集，除了mmk之外的四人一起来武道馆的一幕,616.74,5,16777215,2025-05-20 14:44:22,27304790693,12,天空再度灰暗,少女乐队的呐喊,113639415611672,6mmk,6mmk
FC系列(doge),203.973,1,16777215,2024-12-14 12:49:57,27304790693,12,天空再度灰暗,少女乐队的呐喊,113639415611672,FCdoge,FCdoge
手机·魔刀千刃☆(StatTrak),477.237,5,16777215,2025-02-02 21:29:56,27304790693,12,天空再度灰暗,少女乐队的呐喊,113639415611672,StatTrak,StatTrak
现在是5本，老钻加自己4本，nina一本,1132.581,1,16777215,2024-12-27 00:10:39,27304790693,12,天空再度灰暗,少女乐队的呐喊,113639415611672,54nina,54nina
人气可以蹭，但是拿来被垫这种情况mmk接受不了，Nina则觉得不试试怎么知道谁垫谁,793.109,1,16777215,2025-02-09 00:58:31,27304790693,12,天空再度灰暗,少女乐队的呐喊,113639415611672,mmkNina,mmkNina
AKB48！,1199.488,1,16777215,2024-12-17 14:02:15,27304790693,12,天空再度灰暗,少女乐队的呐喊,113639415611672,AKB48,AKB48
sosososo太可爱了486,963.608,1,16777215,2025-01-05 20:28:13,27304790693,12,天空再度灰暗,少女乐队的呐喊,113639415611672,sosososo486,sosososo486
眼神好柔软qvq,336.894,5,16777215,2025-08-02 16:37:36,27304790693,12,天空再度灰暗,少女乐队的呐喊,113639415611672,qvq,qvq
是jp，不要看成ip，这家公司在现实中真的存在,1273.98,5,16777215,2025-09-12 10:57:51,27304790693,12,天空再度灰暗,少女乐队的呐喊,113639415611672,jpip,jpip
9776RMB,185.488,5,16777215,2025-07-14 02:09:55,27304790693,12,天空再度灰暗,少女乐队的呐喊,113639415611672,9776RMB,9776RMB
☆Rock ☆God☆,1175.938,5,16777215,2025-08-04 13:18:41,27304790693,12,天空再度灰暗,少女乐队的呐喊,113639415611672,Rock God,Rock God
486的我是真想看DOGE,219.404,5,16777215,2025-07-18 19:29:44,27304790693,12,天空再度灰暗,少女乐队的呐喊,113639415611672,486DOGE,486DOGE
这水瓶背面怎么有bilibili的logo？,143.742,5,16777215,2026-03-19 00:02:17,27304790693,12,天空再度灰暗,少女乐队的呐喊,113639415611672,bilibililogo,bilibililogo
ultra受打击的啊,390.947,5,41194,2025-08-04 22:19:13,27304790693,12,天空再度灰暗,少女乐队的呐喊,113639415611672,ultra,ultra
一眼就看中g&l也太有品了，这个牌子基本上都是懂琴的吉他老手才会选的,291.293,1,16777215,2025-07-30 00:00:08,27304790693,12,天空再度灰暗,少女乐队的呐喊,113639415611672,gl,gl
哈曼卡顿水晶4+森海塞尔ie40pro听着老爽了！！！,599.497,5,16777215,2025-07-15 02:02:22,27304790693,12,天空再度灰暗,少女乐队的呐喊,113639415611672,4ie40pro,4ie40pro
拜Mike. 铁头、镜音铃／连,1102.571,1,16777215,2026-01-02 18:17:08,27304790693,12,天空再度灰暗,少女乐队的呐喊,113639415611672,Mike,Mike
后面有一把琴长的好像Mio的那把啊,180.205,1,16777215,2025-07-30 15:05:32,27304790693,12,天空再度灰暗,少女乐队的呐喊,113639415611672,Mio,Mio
沃ta～,150.652,5,16777215,2025-07-27 13:45:01,27304790693,12,天空再度灰暗,少女乐队的呐喊,113639415611672,ta,ta
winwin～,223.808,1,16777215,2025-07-17 21:34:10,27304790693,12,天空再度灰暗,少女乐队的呐喊,113639415611672,winwin,winwin
486，小孩姐，MM k，小智，卢帕，是吗？我记得对的。,948.85,1,16777215,2026-04-29 17:13:05,27304790693,12,天空再度灰暗,少女乐队的呐喊,113639415611672,486MM k,486MM k
一阵强劲的贝斯.mp3,961.825,5,15138834,2026-01-19 13:24:39,27304790693,12,天空再度灰暗,少女乐队的呐喊,113639415611672,mp3,mp3
不会是五个人一共20w吧,189.492,1,16777215,2026-01-11 14:16:36,27304790693,12,天空再度灰暗,少女乐队的呐喊,113639415611672,20w,20w
CMC国一，yau赛进决赛！,1196.93,1,16777215,2025-11-23 20:36:16,27304790693,12,天空再度灰暗,少女乐队的呐喊,113639415611672,CMCyau,CMCyau
大概一万RMB,190.001,1,16777215,2025-11-06 03:10:25,27304790693,12,天空再度灰暗,少女乐队的呐喊,113639415611672,RMB,RMB
一百次许愿，让呆唯，mugi，mio，律能进同一所大学,1101.42,1,16777215,2025-11-05 16:36:19,27304790693,12,天空再度灰暗,少女乐队的呐喊,113639415611672,mugimio,mugimio
玩tele，有品的，就是琴体很硌，弹起来有点难受,215.363,1,16777215,2025-08-28 22:28:48,27304790693,12,天空再度灰暗,少女乐队的呐喊,113639415611672,tele,tele
win win,222.347,5,16777215,2025-08-23 23:51:30,27304790693,12,天空再度灰暗,少女乐队的呐喊,113639415611672,win win,win win
？3Dvs2D,508.118,1,16777215,2025-08-22 14:02:00,27304790693,12,天空再度灰暗,少女乐队的呐喊,113639415611672,3Dvs2D,3Dvs2D
DD故意的，根据人数和销售额在DD看来刺团必输,769.339,5,16777215,2025-07-31 13:24:00,27304790693,12,天空再度灰暗,少女乐队的呐喊,113639415611672,DDDD,DDDD
怎么只剩两级了TnT,1.431,1,16777215,2025-07-24 20:13:18,27304790693,12,天空再度灰暗,少女乐队的呐喊,113639415611672,TnT,TnT
トゲナシトゲアリwater,154.559,5,16777215,2025-07-22 12:20:39,27304790693,12,天空再度灰暗,少女乐队的呐喊,113639415611672,water,water
没有取景器，是尼康z30？，还是哈苏,36.128,1,16777215,2025-07-16 12:50:17,27304790693,12,天空再度灰暗,少女乐队的呐喊,113639415611672,z30,z30
madao吗？,1234.828,1,16777215,2025-07-14 19:34:28,27304790693,12,天空再度灰暗,少女乐队的呐喊,113639415611672,madao,madao
Frisk（,330.608,1,16777215,2025-07-05 11:41:52,27304790693,12,天空再度灰暗,少女乐队的呐喊,113639415611672,Frisk,Frisk
beer~beer~beer~,424.493,1,16777215,2026-05-01 15:15:16,27304790693,12,天空再度灰暗,少女乐队的呐喊,113639415611672,beerbeerbeer,beerbeerbeer
慢的冰.jip,1143.731,1,16777215,2026-04-11 03:43:13,27304790693,12,天空再度灰暗,少女乐队的呐喊,113639415611672,jip,jip
这可是东京，放北上广都存不下来5k,193.075,1,16777215,2026-03-21 16:18:34,27304790693,12,天空再度灰暗,少女乐队的呐喊,113639415611672,5k,5k
好的TANAKA先生,1266.252,1,16777215,2026-02-28 23:20:22,27304790693,12,天空再度灰暗,少女乐队的呐喊,113639415611672,TANAKA,TANAKA
反  了 ！！反   他   亲    niang！！！,1055.477,5,16777215,2026-02-26 19:45:12,27304790693,12,天空再度灰暗,少女乐队的呐喊,113639415611672,niang,niang
还有yj人,200.381,5,15772458,2026-02-26 08:02:20,27304790693,12,天空再度灰暗,少女乐队的呐喊,113639415611672,yj,yj
cod玩家再次出现,1022.51,1,16777215,2026-02-25 09:32:49,27304790693,12,天空再度灰暗,少女乐队的呐喊,113639415611672,cod,cod
出诶波Uki哦,286.774,5,16777215,2026-02-23 23:20:26,27304790693,12,天空再度灰暗,少女乐队的呐喊,113639415611672,Uki,Uki
4v4,524.616,1,16777215,2026-02-22 22:46:41,27304790693,12,天空再度灰暗,少女乐队的呐喊,113639415611672,4v4,4v4
突然发现好像外面的人是2.5D（大概是这意思吧,255.792,1,16777215,2026-02-22 18:52:29,27304790693,12,天空再度灰暗,少女乐队的呐喊,113639415611672,25D,25D
 不要啊biaoq,635.452,1,16777215,2026-02-18 19:20:26,27304790693,12,天空再度灰暗,少女乐队的呐喊,113639415611672,biaoq,biaoq
大梦一场ninaT几？,1172.648,1,16777215,2026-02-17 14:58:15,27304790693,12,天空再度灰暗,少女乐队的呐喊,113639415611672,ninaT,ninaT
洛天依 镜音铃 GUMI 乐正绫,507.371,5,16777215,2026-02-15 18:55:41,27304790693,12,天空再度灰暗,少女乐队的呐喊,113639415611672,GUMI,GUMI
owo,1152.795,1,16777215,2026-02-14 04:19:26,27304790693,12,天空再度灰暗,少女乐队的呐喊,113639415611672,owo,owo
接了不来是gay,752.312,1,16777215,2026-02-11 23:59:03,27304790693,12,天空再度灰暗,少女乐队的呐喊,113639415611672,gay,gay
3500左右RMB,610.479,1,16777215,2026-01-27 22:02:07,27304790693,12,天空再度灰暗,少女乐队的呐喊,113639415611672,3500RMB,3500RMB
赚日元花日元，不是简单按照汇率换算人民币，应该还是1w左右,195.24,1,16777215,2026-01-19 01:32:26,27304790693,12,天空再度灰暗,少女乐队的呐喊,113639415611672,1w,1w
mmK：你没有义务面对一个自己根本赢不了的对手，Nina：根本赢不了 ，我听不懂！,1038.965,1,16777215,2026-01-14 01:25:53,27304790693,12,天空再度灰暗,少女乐队的呐喊,113639415611672,mmKNina,mmKNina
dxy,1200.182,1,16777215,2026-01-12 04:28:52,27304790693,12,天空再度灰暗,少女乐队的呐喊,113639415611672,dxy,dxy
第12集了还在go,565.796,5,16777215,2026-01-07 18:29:04,27304790693,12,天空再度灰暗,少女乐队的呐喊,113639415611672,12go,12go
Storm Crew（幻视）,1210.426,1,16777215,2025-12-28 11:26:29,27304790693,12,天空再度灰暗,少女乐队的呐喊,113639415611672,Storm Crew,Storm Crew
万事顺意 过EAP2,1198.461,1,16777215,2025-12-20 10:57:08,27304790693,12,天空再度灰暗,少女乐队的呐喊,113639415611672,EAP2,EAP2
会战兵力，是拨十万对咯十万，u4在我,811.965,1,16777215,2025-12-16 20:43:06,27304790693,12,天空再度灰暗,少女乐队的呐喊,113639415611672,u4,u4
首发很重要吧，我看kpop是要比第一天成绩,1353.525,1,16777215,2025-12-13 22:25:01,27304790693,12,天空再度灰暗,少女乐队的呐喊,113639415611672,kpop,kpop
想听唱O P怎么办？,571.874,1,16777215,2025-12-11 20:16:28,27304790693,12,天空再度灰暗,少女乐队的呐喊,113639415611672,O P,O P
其实是N a N a偷偷暗恋关注,748.796,1,16777215,2025-12-08 21:41:10,27304790693,12,天空再度灰暗,少女乐队的呐喊,113639415611672,N a N a,N a N a
PVP环节,729.921,1,16777215,2025-11-23 18:36:59,27304790693,12,天空再度灰暗,少女乐队的呐喊,113639415611672,PVP,PVP
众所周知起beef通常是双方联合炒作,765.743,1,16777215,2025-11-21 16:10:34,27304790693,12,天空再度灰暗,少女乐队的呐喊,113639415611672,beef,beef
ambush！,287.116,1,16777215,2025-11-10 13:21:37,27304790693,12,天空再度灰暗,少女乐队的呐喊,113639415611672,ambush,ambush
mmk好像p瘦了一点,31.823,1,16777215,2025-10-31 19:11:44,27304790693,12,天空再度灰暗,少女乐队的呐喊,113639415611672,mmkp,mmkp
AVdes,200.419,1,16777215,2025-10-19 22:43:10,27304790693,12,天空再度灰暗,少女乐队的呐喊,113639415611672,AVdes,AVdes
beer,426.569,1,16777215,2025-10-16 17:42:25,27304790693,12,天空再度灰暗,少女乐队的呐喊,113639415611672,beer,beer
2D了（            没错，这是2D不是3D的。3D是更接近于真人版的内种,508.347,1,16777215,2025-10-14 15:14:26,27304790693,12,天空再度灰暗,少女乐队的呐喊,113639415611672,2D            2D3D3D,2D 2D3D3D
486这个裤子什么鬼嘛哈哈哈哈          是有点怪怪的感觉(思考ing……),27.474,1,16777215,2025-10-14 15:12:41,27304790693,12,天空再度灰暗,少女乐队的呐喊,113639415611672,486          ing,486 ing
[]阿展现出VB和你家门槛，从VB你们，。、\,1358.472,1,16777215,2025-10-09 18:53:11,27304790693,12,天空再度灰暗,少女乐队的呐喊,113639415611672,VBVB,VBVB
我的也是这把 不过是60s,220.372,1,16777215,2025-10-08 11:01:27,27304790693,12,天空再度灰暗,少女乐队的呐喊,113639415611672,60s,60s
hina退学之后，正好mmk退出钻石星辰，hina为了不让钻石星辰解散，就去补位,1231.228,1,16777215,2024-12-16 12:37:13,27304854343,13,停不下来的摇滚乐,少女乐队的呐喊,113639415615125,hinammkhina,hinammkhina
钻尘其他人：mmk给我写的  hina：明明是nina给我写的,1318.395,1,16777215,2024-12-14 11:25:37,27304854343,13,停不下来的摇滚乐,少女乐队的呐喊,113639415615125,mmk  hinanina,mmk hinanina
nina先退学，hina后退学，但hina先来的东京,433.018,1,16777215,2024-12-16 00:18:59,27304854343,13,停不下来的摇滚乐,少女乐队的呐喊,113639415615125,ninahinahina,ninahinahina
有谁跟我一样13集op一集不落的？,150.643,1,16777215,2025-01-30 12:19:40,27304854343,13,停不下来的摇滚乐,少女乐队的呐喊,113639415615125,13op,13op
这是，三人团第一次演出的时候的mc吧，hina也去了？,504.34,1,16777215,2024-12-14 12:55:30,27304854343,13,停不下来的摇滚乐,少女乐队的呐喊,113639415615125,mchina,mchina
mmk的服装好像ras的,1022.474,5,16777215,2024-12-19 07:04:39,27304854343,13,停不下来的摇滚乐,少女乐队的呐喊,113639415615125,mmkras,mmkras
可见hina本来就不坏，只是处世方式和nina不同，nina不理解又不愿妥协罢了,47.997,5,16776960,2025-05-21 15:18:23,27304854343,13,停不下来的摇滚乐,少女乐队的呐喊,113639415615125,hinaninanina,hinaninanina
hina只是想要教Nina理性圆滑处事，nina的正直不是错的，但是会伤害到自己,733.499,5,16707842,2025-05-27 11:26:13,27304854343,13,停不下来的摇滚乐,少女乐队的呐喊,113639415615125,hinaNinanina,hinaNinanina
27是仁菜啦，仁菜名字的日语读音ni na类2（ni）7（nana）,722.1,1,16777215,2025-01-25 19:22:03,27304854343,13,停不下来的摇滚乐,少女乐队的呐喊,113639415615125,27ni na2ni7nana,27ni na2ni7nana
其实后半段就已经完全看得出hina是想帮她了 但是纵观全局只能说hina到底啥意思还是很迷(,1220.139,1,16777215,2025-01-03 15:15:38,27304854343,13,停不下来的摇滚乐,少女乐队的呐喊,113639415615125,hina hina,hina hina
致敬传奇主音吉他otae,1141.238,5,4351678,2024-12-17 20:37:01,27304854343,13,停不下来的摇滚乐,少女乐队的呐喊,113639415615125,otae,otae
486：wc这小孩,672.922,1,16777215,2024-12-14 21:28:08,27304854343,13,停不下来的摇滚乐,少女乐队的呐喊,113639415615125,486wc,486wc
第五集live开场前nina的原话，看样子hina也没少视奸啊,504.105,5,16777215,2024-12-15 00:14:48,27304854343,13,停不下来的摇滚乐,少女乐队的呐喊,113639415615125,liveninahina,liveninahina
hina一直在关注着nina，总感觉hina心中千言万语，但是最后汇聚成激nina的那股劲了（这很hina）,409.883,1,15138834,2026-01-06 13:17:55,27304854343,13,停不下来的摇滚乐,少女乐队的呐喊,113639415615125,hinaninahinaninahina,hinaninahinaninahina
5000 因为100W的直播间没机会互动,311.711,5,16777215,2026-01-15 15:23:41,27304854343,13,停不下来的摇滚乐,少女乐队的呐喊,113639415615125,5000 100W,5000 100W
iphone11所以lcd,382.083,5,16777215,2026-01-16 01:42:12,27304854343,13,停不下来的摇滚乐,少女乐队的呐喊,113639415615125,iphone11lcd,iphone11lcd
其实hina一直都很现实 在当时劝nina别去管霸凌的时候是很现实很自保的决定 ,478.841,1,16777215,2026-02-07 20:50:09,27304854343,13,停不下来的摇滚乐,少女乐队的呐喊,113639415615125,hina nina,hina nina
战锤40k终结者同款步态,518.589,1,16777215,2026-01-01 17:03:26,27304854343,13,停不下来的摇滚乐,少女乐队的呐喊,113639415615125,40k,40k
左侧的MIXUE,185.125,5,15138834,2025-11-13 02:02:16,27304854343,13,停不下来的摇滚乐,少女乐队的呐喊,113639415615125,MIXUE,MIXUE
还在Go还在Go,963.498,1,16777215,2026-04-26 11:39:07,27304854343,13,停不下来的摇滚乐,少女乐队的呐喊,113639415615125,GoGo,GoGo
知道mm K手机为啥碎了,349.296,1,16777215,2026-04-14 14:13:41,27304854343,13,停不下来的摇滚乐,少女乐队的呐喊,113639415615125,mm K,mm K
2026 /3/24 syh xsj,297.589,1,16777215,2026-03-24 22:05:31,27304854343,13,停不下来的摇滚乐,少女乐队的呐喊,113639415615125,2026 324 syh xsj,2026 324 syh xsj
BigMax,802.597,5,16777215,2026-03-21 23:12:58,27304854343,13,停不下来的摇滚乐,少女乐队的呐喊,113639415615125,BigMax,BigMax
前面那个专业训菜师的 女主nina叫仁菜 hina是日菜 都是菜啊,1106.526,1,16777215,2026-03-20 22:57:33,27304854343,13,停不下来的摇滚乐,少女乐队的呐喊,113639415615125,nina hina,nina hina
gggg,294.507,1,16777215,2026-03-19 14:39:09,27304854343,13,停不下来的摇滚乐,少女乐队的呐喊,113639415615125,gggg,gggg
vfgfgx,264.837,1,16777215,2026-03-19 14:38:24,27304854343,13,停不下来的摇滚乐,少女乐队的呐喊,113639415615125,vfgfgx,vfgfgx
gt英雄,677.929,1,16777215,2026-03-19 00:51:54,27304854343,13,停不下来的摇滚乐,少女乐队的呐喊,113639415615125,gt,gt
停不下來突然想到Hamilton的non-stop,3.352,1,16777215,2026-02-28 15:10:03,27304854343,13,停不下来的摇滚乐,少女乐队的呐喊,113639415615125,Hamiltonnonstop,Hamiltonnonstop
wan,8.12,5,16777215,2026-02-14 17:46:19,27304854343,13,停不下来的摇滚乐,少女乐队的呐喊,113639415615125,wan,wan
wanji,1315.934,1,16777215,2026-02-12 00:58:23,27304854343,13,停不下来的摇滚乐,少女乐队的呐喊,113639415615125,wanji,wanji
