text,label,source,anime
今日份的氧气送到了，请签收 B站的朋友大家好，2021年也和细胞们一起健康生活吧,positive,bilibili,工作细胞 第二季
回复 Josuke桑 我知道了！dio的替身能力就是控制楼梯,negative,bilibili,JOJO的奇妙冒险 黄金之风
东映做电影才用的3d太烧钱了，不可能给路人全3d,negative,bilibili,少女乐队的呐喊
326京阿尼拍乐器可以说积淀深厚。以前不懂，现在看学生社团不用烦恼生存，挥发活力的“放学后tea time”，就很开心。正如海明威言，一个人无法同时拥有青春和对青春的感受,negative,bangumi,轻音少女 第二季
seisen,neutral,bilibili,魔女之旅
毫无疑问攻壳sac2是动画中政治戏的巅峰，但其实我更喜欢第一季。单元回的上限很高，ep2、ep11应该是神山攻壳里我最喜欢的两个单元回，其他单元回也兼有趣味性又富有哲思，但整出ep10这种大烂活还是要扣分的，总体的水平大概和第一季持平。押井守参与制作，sac2主线讲了一个更为宏大的政治博弈。国民与难民的矛盾、久世的革命、执政府内部政变、内厅的幕后操纵、美日关系，加了这么多元素，剧情逻辑还能滴水不漏，历史第一确实当之无愧。第一季主线剧情紧凑，主线回很能带动观众情绪，尽管没有那么宏大的叙事，但这种政治戏简直是享受。而第二季主线节奏略显沉闷，一些主线回甚至全程对话推进，疯狂堆长句看的很累，不过文本的质量毋庸置疑，极具思辨性。主线收尾过于仓促，元素的堆砌导致前期铺垫过长，用最后一集来解决这个事件确实有点太赶了。另外感情线有点多余了。位置太小，有空写个日志吧,positive,bangumi,攻壳机动队 S.A.C. 2nd GIG
"ep4 哇，一个不关心海鼠只在乎赏金的男主实在是太有魅力了。以及炸弹投放出去瞬间就能开放悬赏也太雷厉风行了，这故事逻辑真缜密。
ep5 好拙劣的推进而且这看起来还是重要的主线吧？",negative,bangumi,星际牛仔
RAS,neutral,bilibili,颂乐人偶
Rock roll ！,neutral,bilibili,少女乐队的呐喊
怎么才能找到札克这种good man。。。,neutral,bilibili,Angels of Death
不愧为治愈系的巅峰。1是初识揭开aqua神秘的面纱，2是回归日常感受aqua的温柔与暗藏的神秘，3回归到主角身上，见证他们成长的烦恼与幸福。本季作画更加精良了，全集也几乎都是神回，剧情不断的高潮与依旧的平和温柔，带给人难以言表的感动，再加上一切结束后因美好结束而感到的空虚，我大概真的这辈子也忘不了aria了,positive,bangumi,水星领航员 第三季
“每一集都是电影品质的季度动画”，就是我能给的最直观评价。从小就玩moba游戏，对lol的感情虽肯定不如很多玩家深，但至少也在我的年轻时候留下了一种特别的向往。我小时候就有这种幻想，如果能够将英雄联盟整个世界观塑造完整，并将战斗、角色、剧情等一个不少地用心打磨做成一部动画或电影，那是多梦幻的事情啊。曾经那个少年已然长至青年，我没有再渴求过这种动画，就像是藏在自己心底里很久没有再想起过的梦。但是那一年，拳头做到了。这部完完全全实现了我理想中模样的动画是那么突然地闯进我的世界里，好得太过不真实了。这是一部冲着“好看”绝对不会让你失望的动画，它一定会在哪个地方炸裂地满足你的期望，这就是我对双城之战最简洁的夸赞。我的评分系里，8分与9分隔着一层说不清的神作分割线，我认为双城是非常好的动画，但就是难以用“神作”形容，或许9分线差的，就是对这个老IP纯粹的热爱吧,positive,bangumi,英雄联盟：双城之战
叫AAA乐队出租,negative,bilibili,少女乐队的呐喊
e8好现实。e10,negative,bangumi,∀高达
heyheyhey,neutral,bilibili,四月是你的谎言
客服小祥太乖了www,negative,bilibili,mygo
Op是op，他回来,neutral,bilibili,魔女之旅
用了18话的平a了,neutral,bilibili,葬送的芙莉莲
因为dna不会说谎,negative,bilibili,少女乐队的呐喊
"别总是跟奇诺之旅比了，两者除了都有旅行元素，主要卖点都不一样，单纯比剧情那是在欺负人。
就目前来看，有趣的人设、生草的脚本、轻百合这些才是这部剧卖点，典型就如ep11。
屑魔女伊蕾娜人设很讨喜（1分）。",neutral,bangumi,魔女之旅
回复 Esson丶Z 一个人oo的日子,negative,bilibili,国王排名 勇气的宝箱
Aniya：哇哭哇哭,positive,bilibili,夏目友人帐 第七季
ko：闪光掷出,positive,bilibili,少女乐队的呐喊
我是重音TETO,negative,bilibili,颂乐人偶
mgF升,neutral,bilibili,比宇宙更远的地方
NO！！,neutral,bilibili,少女乐队的呐喊
怪不得是intp,neutral,bilibili,少女乐队的呐喊
说实话我有点不知道该怎样评价这部动画了，就我可以看出它是优秀的，但是不觉得sac有完全匹配当前地位的实力。作为主线的笑脸男事件，确实优秀，无论是从动画制作上还是与主题的符合程度，“在所有的情报共享并同步的时候就丧失了单一性，而内藏与无动机的他人的潜意识中，或者是有动机的他人的意识中了”，我反复品味这句话，确信了提出这一问题的本动画是非常优秀的，再借由本篇中最喜爱的角色塔奇克马，给出找回个体性的可能性，好奇心。从巴特偏爱某个塔奇克马并给它特殊的标记时，就开始以上理论的验证，而到后来，刚诞生ghost不久，就为了九课的大家而牺牲，这种刚诞生的美丽事物被摧毁时的感伤，实在令人共情。但是让我稍感不足的就是sac的单元剧了，我实在无法给出很高的评价。如果sac是个将背景塑造与笑脸男融进一个12集或更短的篇幅中，我觉得我会给出我的最高评价。该看无罪了,positive,bangumi,攻壳机动队 STAND ALONE COMPLEX
nasaamp小司：以前都是咱们给别人发糖，今天咱们也嗑一对儿,neutral,bilibili,总之就是非常可爱 第二季
补标，3D好丝滑，486可爱捏，歌也不错喵,neutral,bangumi,girls band cry
niubi,neutral,bilibili,颂乐人偶
"高一看的eva，现在已经大二了。
这部作品真是影响了我很多，肯定也影响了超过一代人。
去年上映院线的时候，因为我去的是GCV影院的特殊场，影院里坐的满满当当，有和我一样同龄的人，也有3040岁的叔叔和阿姨。

30年，漫长的补完。

这部作品里，我一直都对绫波丽这个角色情有独钟，她因为碇真嗣而形成了自己的人格，获得了自己的灵魂，因为自己所爱之人学会了爱，从空壳，转变成了一个具体的有血有肉的少女。
明日香，祈求着爱与关怀的少女，但最后她却只能作为见证者，旁观者，然后独自舔舐自己的伤口，麻痹自己要坚强的活下去。她热烈明媚，却又有时候敏感疏离，值得痛心。
看到电影最后碇源堂向真嗣阐述内心，揭露伤口的时候，我也是彻底没绷住，不争气的流下了眼泪。他与唯相遇，最后又失去了唯。他失去了自己唯一的光，唯一的慰籍。
大概我窥见了我的未来，便有点黯然神伤。
大家都长大",positive,bangumi,新・福音战士剧场版：终
回复 夏夏呀owo 遇到你使我脱离了1111,negative,bilibili,Angels of Death
ob一串字母女士上线了,negative,bilibili,少女乐队的呐喊
回复 花阳是的就是我 哈哈哈哈哈这个好好笑 hou hin fen no！,negative,bilibili,间谍过家家 粤配版
疑似C44全油的下场（Doge）,negative,bilibili,少女乐队的呐喊
这是不是可以遛魔王（bushi,neutral,bilibili,转生成蜘蛛又怎样！
jio尼jio尼你在偷吃糖果吗,positive,bilibili,四月是你的谎言
妖怪我磕的CP怎么ed了,negative,bilibili,夏目友人帐 第七季
10分，近十年来最好的恋爱喜剧番，没有之一。在党争充斥的年代有一部双箭头的纯爱番是真的不容易，想为了剧情延申搞拉扯可以理解，但很少能有辉夜大小姐这种剧情有趣又合乎逻辑的拉扯，而且本身性格刻画丰满且舒服，不会让人觉得别扭或者难绷。其实算是老套的富家千金爱上努力穷小子，但为了所谓的大小姐身份去争夺所谓的恋爱主动权，剧情还是够有趣的。虽说漫画后面有段很难绷，但最后happy end了还是值得一看的。,positive,bangumi,辉夜大小姐想让我告白-超级浪漫-
2025年11月14日回顾。我对前三季的喜爱不会影响我对最后一个篇章以及结局的失望（直到现在已经多次回顾前三季的动画，但最终季开始直至结局看过一次之后就再也无法看第二遍），同样地，我也不会让我对结局的失望影响我对前三季的喜爱和评价。《进击的巨人》season3 part2毫无疑问是可以载入动画史册的动画，在动作戏和文戏都达到了巅峰造极。至今仍然记得2019年夏天每周最期待的就是巨人，以及即使看过漫画，但看到ep53完全試合（）、ep54勇者、ep55白夜依然会震撼不已。,positive,bangumi,进击的巨人 第三季 Part.2
ffxxc,neutral,bilibili,鬼灭之刃 柱训练篇
el psy congroo！,positive,bangumi,命运石之门
回复 Lisps 动画不是xzp，xzp的主板在右侧（因为侧面指纹），电池居左（从背面看），而且xzp的背面是亮闪闪的，这个应该是亚光（疑问）。。。,negative,bilibili,辉夜大小姐想让我告白～天才们的恋爱头脑战～
"剧情15
演出16
音画16
人设16
深度14
加权评分156
三巨头确实塑造的很好，其余真就一般了，ep1 23 24可以",positive,bangumi,偶像大师
回复 SMKT 486的前世是大贤者咯 然后贝蒂跟他有来往  是这样吗,negative,bilibili,Re：从零开始的异世界生活 新编集版
先看的母鸡卡，这部前期感觉比母鸡卡要能下咽，但还是要吐槽这帮木柜子，遇到点逼事就要么逃跑要么装死，一个个的谜语人说不清自己的想法，但是第6集首次live挺好的，后面叙事好多了，到了第十集和解做的还是很感人的,neutral,bangumi,mygo
截止目前动画生涯里最好的机战动画（制作层面）。看之前做了诸如看完一点都不懂隐喻该如何查阅社科资料论述CCA剧情等等的心理准备，但实际看的时候满脑子怎么这剧情这么好笑，我草这机器人作画太牛了，根本没空想这剧情有啥键的地方。2个小时被各种信息量塞的满满的，冷静下来想想其实富野在经历了0079，z，zz对新人类的三次诠释后，最后再次回到了阿姆罗和夏亚上，撕开宏大的想让世界立竿见影做出改变的幻想后，落到个体上，这两个人的斗嘴也不过是做为人最不体面的一种相互理解，而紧随其后的人心之光，可能也是富野内心的希望吧。,positive,bangumi,机动战士高达 逆袭的夏亚
这s猫有b吧,neutral,bilibili,颂乐人偶
然而这只是平a里的平a了,negative,bilibili,Fate/Zero 第一季
川崎极光7（bushi,positive,bilibili,少女乐队的呐喊
回复 bili22961401882 滑鬼头吧，现代妖鬼，爱吃醋的雪女我能想到的就这个动漫了,positive,bilibili,虚构推理 第二季
回复 fysgj 她是个木头啊木头（吸氧）,negative,bilibili,葬送的芙莉莲
bang高祖，里面好像也有这样的武道馆哎,positive,bilibili,少女乐队的呐喊
回复 KiShiomi 哈哈哈哈哈哈所以JW没安排洞哥在周三，洞哥不服,negative,bilibili,异度侵入 ID:INVADED
还没到B2呢，你急啥？,positive,bilibili,Angels of Death
回复 赤蛮奇alpha 79话结尾,negative,bilibili,总之就是非常可爱 第二季
奶奶：你们怎么教的486486回家说要搞乐队（bushi）,neutral,bilibili,少女乐队的呐喊
回复 妃子Darling 拔不拔？20一位,negative,bilibili,国王排名
才忘了c姐对扎克做的事了是吧都在那说c姐好看,negative,bilibili,Angels of Death
spdjkxs,negative,bangumi,瑞克和莫蒂 第一季
幻视shiho,neutral,bilibili,少女乐队的呐喊
主色调由深绿变为橘色，配音重制和更改了一些3DCG。如果说在前网络时代，与芯片颜色相似的深绿色是计算机产业的象征和对网络时代的展望的话的话，那么到了网络时代的今天，偏暖系的色调可以看作是在业已迎来的网络时代中，我们的灵魂的徜徉，3DCG带来更加充满魄力的片尾镜头，当年站在时代前端的攻壳机动队的新的演绎，想想还是和95版一样打满分吧,positive,bangumi,攻壳机动队2.0
祥子负责拉引线，喵梦负责点火，你俩纯祸害。纯粹的商业行为与私欲的结合，没有一点乐队的样子。用脚写出的剧本，还连累了mygo。两季看下来还是猫猫最好最纯粹，也最有少女有乐队该有的样子。番名叫mujika，结尾却是mygo在致谢，13集，你mujika又有多少内容呢。,negative,bangumi,颂乐人偶
啊米pro MAX,negative,bilibili,鬼灭之刃 柱训练篇
3分合格线标准。相对少见的不像主流偶像剧情的偶像剧，百合腹黑天然一个不落却也一个也不出彩，尽管比起最初的3季总算是剧情翻天，但这人物情绪转变堪比中了催眠app，“我来是终结这个band的”然后被拉上台瞬间上梁山喵喵喵？另外所以说开篇首scene某人要离开band的原因是下季才填？为了Ave Mujica这碟醋包了4季饺子让人拭目以待PS现役高中生时得出的“一瞬一瞬组成一生”的积分思想在本作最后被提及hmm百合纷争团用这个升华实在有点微妙www,negative,bangumi,mygo
ob一串字母,negative,bilibili,mygo
回复 bili65720844137 我：远程杀队友？流啤！,negative,bilibili,异度侵入 ID:INVADED
手工队VS机械队,positive,bilibili,紫罗兰永恒花园
SMW工法桩doge,neutral,bilibili,比宇宙更远的地方
动画史之选。不被定义的utena，继承自日本新浪潮，声画的错位，寓言式的广播剧，浪漫的蔷薇决斗，象征主义与超现实主义层层叠加，为反复观赏留出广阔的个人解读空间，堪称深度剖析的绝佳素材。监督以非传统的说教式叙事逻辑，从质疑并直面社会性别角色与理想，到解构虐待操控型关系，揭露不公的等级制度，剖析核心家庭的虚妄，批判现状灌输与顺性别异性恋规范，在旧有父权秩序枷锁下自由意志的抗争，以非传统的影像体系来突破动画的规则与边界。,positive,bangumi,少女革命
i don do no（bushi,negative,bilibili,少女乐队的呐喊
"【S】 富野在这部作品中达到了“春秋笔法”的极致，写主要人物的故事，还能勾勒出背后整个战场的局势，在看似平常的对话中可以透过多个角度去推测故事的全貌，理解这部作品真的需要大脑一直运转。
相互的温柔可以打开未来，在对战争悲悯地描写数十集后，结局却是如此的温暖动人。人类一定可以互相理解的，这是富野在看透所谓“人”以后，唯一能给出的愿望，他或许是厌世的，什么都反对的，可这种人都没有抛弃“人的奇迹”。那么我想，人类也一定会温柔的。",positive,bangumi,∀高达
回复 旋转小火鸽 heaven39s feel和06的fatestay night,neutral,bilibili,Fate/stay night [Unlimited Blade Works] 第一季
TuT,neutral,bilibili,Angels of Death
好家伙600赞能干过下面1w赞的,positive,bilibili,关于我转生变成史莱姆这档事 第二季
mikasang,neutral,bilibili,四月是你的谎言
前面co玩家别走,negative,bilibili,少女乐队的呐喊
fever充满啦，银河战舰启动,neutral,bilibili,颂乐人偶
如果一部作品只有历史意义，那么它没有任何意义还好这部影片不是那样的作品爽片，在这种意义上和sac1气质接近（ “我们不知道我们要什么，我们只是知道，我们要的不是这个”,negative,bangumi,大闹天宫
你不是来劝他的吗？你自己怎么emo了？,negative,bilibili,鬼灭之刃 柱训练篇
maybe I do something like thsi,negative,bilibili,比宇宙更远的地方
武道馆major,positive,bilibili,少女乐队的呐喊
mmk和小孩的吵架次数太多太激烈 我都忘了第一次公共场合吵架是486,negative,bilibili,少女乐队的呐喊
wow这幅画好有神性,positive,bilibili,关于我转生变成史莱姆这档事 第三季
"T2 B2 经典的“男孩遇见女孩”式冒险童话。影片构建了一个极其瑰丽的飞行梦境，拉普达的废墟美感与久石让的配乐完美交织，视听层面的完成度无可挑剔。然而，剧本走向显得过于四平八稳，标准化的叙事模式虽然流畅，却也因缺乏变奏而显得略微套路。这种极致的纯粹虽然动人，但在情感厚度与惊喜上稍显单薄，难以留下深长的余韵。
作品简析：作为正统王道冒险动画，本作以寻找传说中的飞行城市为线索，构建了一场充满想象力的空中传奇。影片将少年的纯真梦想、少女的身份之谜与反派的权力野心巧妙交织，在跌宕起伏的追逐中展现了关于勇气与责任的真挚赞美。其核心魅力在于极致的飞行浪漫与鲜明的善恶博弈，结尾处对权力的弃绝，将故事升华为对生命根植于土地的温情回归，闪耀着极其纯粹的英雄主义光辉。",neutral,bangumi,天空之城
有点忘了，但x2时f（x）为0，（1，2为负数，（2，3）为正数，在某些条件下确实需要分开算，而且下面他不是取了反吗，可能是忘了写绝对值,negative,bilibili,总之就是非常可爱 第二季
毕竟米兰乔cv是坂本真绫,positive,bilibili,国王排名 勇气的宝箱
好喜欢tvt,positive,bilibili,四月是你的谎言
这猫纯cs，正宗cs,positive,bilibili,颂乐人偶
凶真：发送Dmail吧！,negative,bilibili,魔女之旅
hhhhc,neutral,bilibili,比宇宙更远的地方
回复 Archbishop 太刀！平板！小丛雨！,negative,bilibili,因为太怕痛就全点防御力了 第二季
11111lIII,neutral,bilibili,Angels of Death
前面那个说宁宁的没救了，ciallo,neutral,bilibili,魔女之旅
F22编队正在穿越2号区域请注意警戒周围空域！,negative,bilibili,魔女之旅
什么killkiss,neutral,bilibili,异度侵入 ID:INVADED
不！！！！！！！！！！！！！！dw,neutral,bilibili,鬼灭之刃 柱训练篇
明明灯变绿了，但是cy已经无法前进了,negative,bilibili,颂乐人偶
hhhh橘子树hhhh,positive,bilibili,Angels of Death
com,neutral,bilibili,四月是你的谎言
回复 Alex06826 漫画ren,negative,bilibili,辉夜大小姐想让我告白～天才们的恋爱头脑战～
为闪闪打call,neutral,bilibili,Fate/Zero 第一季
我不行了，anin酱好可爱,positive,bilibili,颂乐人偶
客服娘想要一个欧尼酱。gtlto,negative,bilibili,干物妹！小埋R
kevin penkin无敌了，永爱,positive,bangumi,来自深渊 烈日的黄金乡
到Gboy的地盘了,neutral,bilibili,颂乐人偶
我真的好怕到南极基地时，队长撤下幕布，这就是你们口中的EVA？,negative,bilibili,比宇宙更远的地方
按“F”踹出右脚,negative,bilibili,紫罗兰永恒花园
科幻成龙历险记or90年代港片。极契合的配乐是本作值得被首先夸奖的最大优点。而本作的浪漫，集中体现在与人相遇、分离所产生的情感刻痕，虽然套了西式牛仔的皮，但却让我看出一股中式仙侠的爱恨情仇，“相濡以沫，不如相忘于江湖”的情愫内核，颇有几分魅力。然而本剧的单元故事说不上有趣和新奇，演出尚可但实难称神，作画超越时代但难和今天的技术力相比，再加上薄弱的主线、老片普遍的镜头乱切（而且不舍得给能展示空间关系的镜头，经常分不清谁在对谁说话、谁在打谁）和细节粗糙的毛病（ep19减速逃逸真是让我一个本科学物理的难以吐槽）。关于评分，我的评价是要么承认现在的作品比起旧时代的作品就是有进步，那还可以对旧时代作品额外加分；要么用统一标准评价所有时代的作品。你不能只在吹捧旧时代作品优点时高谈阔论现在的番就是没有老番的味儿，而在谈论缺点时又说对旧时代作品不能用现在的眼光看,neutral,bangumi,星际牛仔
是shuo服shuo服shuo服，shui服的去翻汉语大词典,negative,bilibili,比宇宙更远的地方
Oh yeah,neutral,bilibili,Angels of Death
简直跟geass一样，另外那个火焰感觉好弱只能烧焦纸皮和棉花糖,negative,bilibili,Charlotte
回复 oHitomi 哈哈哈哈笑死,negative,bilibili,鬼灭之刃 刀匠村篇
kouno琴里哒,neutral,bilibili,约会大作战 第四季
怎么感觉大家都在猜jw是鸣瓢啊（思考）那我猜jw是局长,positive,bilibili,异度侵入 ID:INVADED
回复 池袋暴君平和岛wwwww对哇对，好暖男,negative,bilibili,在下坂本，有何贵干？
啊，kswl,neutral,bilibili,国王排名 勇气的宝箱
莫西莫西 代xo步,positive,bilibili,比宇宙更远的地方
Dev1ce对现在的Astralis有什么想法呢,positive,bilibili,少女乐队的呐喊
大型cosplay现场,negative,bilibili,Fate/Zero 第一季
着实crazy,neutral,bilibili,魔女之旅
4月是你的lay,negative,bilibili,四月是你的谎言
回复 Yizumi 你明知我已离不开,negative,bilibili,碧蓝之海
和part1完全不一样的感觉，个人观感要更好，仍然在异世界番里相当能打,positive,bangumi,无职转生～到了异世界就拿出真本事～ 第2部分
可能不算kirakira，但是不dokidoki吗？吓得dokidoki,negative,bilibili,颂乐人偶
BGM，one step,neutral,bilibili,比宇宙更远的地方
回复 showmakerrrrrrrr 被你这么一说更惨了,negative,bilibili,鬼灭之刃 刀匠村篇
某著名日系战力榜常客角色水银之蛇的咏唱就是Acta est fabula，写作见证未知之终末,positive,bilibili,颂乐人偶
今天的三首BGM都好神啊！！！！超喜欢！！！！,negative,bilibili,葬送的芙莉莲
md没反应过来说的什么语言,neutral,bilibili,四月是你的谎言 粤配版
ko no          da,neutral,bilibili,异度侵入 ID:INVADED
本集总结：素睦、素祥股跌停，minami睦妈邀请众人来家喵梦硬蹭睦妈把地下室借给小组（睦不愿意），众人（特别是喵梦）压力睦，初华祥子同居，睦说错了话“不可能长久”承受不了压力而崩溃僵在舞台上！,negative,bilibili,颂乐人偶
我值得纪念的第1000部补完的ACN作品本作的名字取得确实是恰如其分。在无疑是角色本位的剧作中上演的太空歌剧，比起历史，的确更像是英雄（们）的传奇故事。本作在人物塑造上确实值得称道，足够大的体量也给了人物弧光展现的空间，扁平人物与圆形人物并存，不如说本作绝大多数时候都是借由角色的人格魅力来支撑观感，其中当然首推杨威利、莱茵哈特和罗严塔尔。银英动画最大的不足就在于他在很多时候不像是“动画”，即影像表现上的缺失和演出上的贫乏，而本作对此所做出的弥补是让脚本占据作品构成的绝对重心，一些对政治的讥讽和“良言金句”式的台词也不乏正确性，而旁白的介入一方面充当仿佛来自未来的“讲述者”角色，从而给作品又增添一份史诗感；另一方面又难以避免地在部分过渡集数补全设定时显得有点念经。无论如何，各种意义上，银英都算是日本动画业界一个特别的存在。,positive,bangumi,银河英雄传说
"7
本以为是鲜有关注，结果是近年来中文互联网最出圈的动画ip之一。",neutral,bangumi,mygo
令咒那点没懂  是原先每个御主有三次强制命令从者的令咒  杀死cster可以得到神父一手臂的令咒  也就是更多次强制命令从者的机会吗,positive,bilibili,Fate/Zero 第一季
回复 Iam404ing 好的,negative,bilibili,某科学的超电磁炮
不愧是dps7999的狠人,positive,bilibili,颂乐人偶
灵感咕力咕力wajia灵感菇灵感菇,positive,bilibili,颂乐人偶
经典员工厕纸论。蜂四没有第一季那些看上去毫无意义也并不出彩的日常和搞笑段落的白开水稀释，只留下超高浓度的感情线和心理描写，是真的能齁死我。ep11有终结谷之战观感不错，真山和理花这对我最嗑的收得最完美，其他几人感觉只能算是“交代”，至于复仇线纯枸使。,neutral,bangumi,蜂蜜与四叶草II
Ke pu hao ping3,neutral,bilibili,Charlotte
"810
1995年创作出现在看也不过时的画面，确实牛。观影到中段时，觉得和同时代的《攻壳机动队》可以一拼。尤其看到1820集左右，情感渲染达到顶峰，剧情挖的坑也让人欲罢不能。
但是结局并没有把坑填上，大部分内容都是模模糊糊的。最后两集不仅没有填坑，反而开始意识流画面转换得挺有意思，但不知所云。
看了评论，应该要先看旧剧场版2《air》，之后会去补。但不管剧场版如何，本作自身作为一部完整的动画确实没有收好尾。",positive,bangumi,新世纪福音战士
这个b结界每时每刻都在浪费MA能源,negative,bilibili,转生成蜘蛛又怎样！
"9把我从gal撤回来看看动漫的存在，现在的视角来看确实有不少缺陷
渚不在的部分被人诟病是“后宫”，这个部分个人认为可以进行大砍，看没了都行
个人线各有优点，风子线琴美线智代线总有一条你喜欢的
不过悲观地说，cl已经在渐渐变成跟不上时代的老东西力（悲），在那个时代作品总是给我一种莫名其妙的感觉，是对个人启发吗？也不完全是，不过想必在当下，比起各种光怪陆离的作品已经不再那么有吸引力了吧（释然），mal上fll赢了钢炼，下一个是蕾塞篇，再下一个是什么呢
二刷，在我心中变强了，处处都是铺垫，可以说实在是太缜密了，几乎没有多余的镜头，但是仍然无法和演戏部分和解",positive,bangumi,CLANNAD
慕名而来ep2动漫人的热情ep5这黄毛也太了，导演这样黑自己真的好吗ww,neutral,bangumi,白箱
solo,neutral,bilibili,四月是你的谎言
回复 4Fy3ZSyI,negative,bilibili,小林家的龙女仆 第二季
结局《hurt》响起来的时候宛若回到了看《金刚狼3》的那个夜晚,positive,bangumi,瑞克和莫蒂 第二季
如果这部剧场版出在20年前那是神作，出在现在，除了它叫EVA，剧情并没有出彩的地方，只能说平庸，因为故事的人物解密，剧情故事，一切的一切都在这30年间的各种ACG作品里发生过了,neutral,bangumi,新・福音战士剧场版：终
Gaga,neutral,bilibili,关于我转生变成史莱姆这档事 第三季
hhhc 奇妙的服装hh,neutral,bilibili,比宇宙更远的地方
完了不会和go一样live后炸团吧,negative,bilibili,少女乐队的呐喊
我真的哭死 熟悉的BGM,positive,bilibili,国王排名 勇气的宝箱
或许是前面的编排太好了，后面第八集女主情绪爆发，意识到父母已去世的场景并没有让我有预想中的感动，可能是我不能感同身受，看不懂这部动漫吧，ep8最后两集还是很加分，有一种豁然开朗的感觉，而且整体的配乐是真顶级，牛尾还是太权威了，加05，ep13。,neutral,bangumi,异国日记
"最新报道，国际通缉犯，超S级国际特工，超S级超能力者，乙坂有宇在北京五环外遭到不明身份的群众使用弩箭袭击，身受重伤。关键时刻，首都公安干警在报警三分钟内乘坐直升飞机将其搭救。据悉，乙坂有宇在非法入境中国之前，一直致力于打击黑帮组织，组织犯罪行为，曾徒手防御手枪，冲锋枪，RPG，甚至高达的攻击。此次遭到弩箭袭击受伤据有关专家鉴定，是因为雾霾导致乙坂有宇超能力无法正常发挥导致。少年先锋队队员小芳在乙坂有宇受到致命威胁时见义勇为，但是警方提醒广大青少年，不仅仅要见义勇为，更要见义智为，避免自身受伤情况，如果发现犯罪现场请迅速拨打110，首都公安干警会第一时间抵达现场。现在外交部发言人秦刚正在与各国代表会谈，外交部发言人表示，鉴于乙坂有宇非法入境，但是由于其严重失忆以及其身体状况极为恶劣，将不会转交给任何国家和任何机构，将以难民身份遣返回到日本。
摘自《参考消息》2015年9月27日，海外版，新闻头条",negative,bilibili,Charlotte
BGM再次超神！OST买买买！不买不是人！,negative,bilibili,四月是你的谎言
幼儿园时就带给我欢乐的动画片，现在看这对猫和老鼠互相捉弄依然感觉不错。ep3以圣诞节为背景，很好地传达了节日的氛围，实在是既有爱也温馨。ep5角色的动作画得太有趣了。,negative,bangumi,猫和老鼠
本质还是氛围剧情的单元剧 要素齐全 各种脑洞大开的设定和思想很超前 但是本作并未选择深入讨论而是讲好一个个简单的故事  偶尔穿插段回忆讲述四人的过往（Ed好像工具人）感觉人物塑造有点慵懒    像是faye和jet的故事其实并没有讲清楚 spike的剧情算是最详细的 但关于他和julia和Vicious的爱恨情仇也一笔带过而归结为“宿命”  最后spike的告别确实有点浪漫了“我只是想确认自己是不是还活着” 如果钟情爵士乐或许会有更好的体验吧 最喜欢ep1016（都是jet的故事）,positive,bangumi,星际牛仔
kill,neutral,bilibili,魔女之旅
LZL你在看吧,neutral,bilibili,魔女之旅
owo,neutral,bilibili,四月是你的谎言
GHGJH,neutral,bilibili,四月是你的谎言
"我用谷歌翻译试了一下。。。 Ukirru（Ukerugt受接收？）
array做动词有部署的意思， Yaccu Posuk感觉像是俄语？
其中有两个非常长的词ruhhuquiciqap， ruhhuquicinmuhi 同有ruhhuqui前缀，不知道是不是个合成词。Ikunagu Qukahhagupunuiciq这两个词都是首字母大写，，，不知道啥意思。。。
yoqqanruq这个词重复出现了两次，谷歌识别是乌兹别克语pleasure的意思。。。
以维尔莉特直白且一阵见血的写作手法，她应该不怎么用主语。。。所以每句话第一个词应该是个动词？",negative,bilibili,紫罗兰永恒花园
我才发觉，编号FE应该是female女性的意思,negative,bilibili,JOJO的奇妙冒险 石之海
瓦达西瓦486desuwa,neutral,bilibili,少女乐队的呐喊
这样吗？我一直都是令（LING）音（YIN）零（LING）拼音来着,neutral,bilibili,约会大作战 第四季
輝夜第二季ED主題曲完整版指路BV1mk4y1r78U 福原遙演唱,positive,bilibili,辉夜大小姐想让我告白？～天才们的恋爱头脑战～
比起0079的崩坏z的作画好了不少，找补的是情节的谜语人环节大量激增，各路nt发功在宇宙上演斗法，前一秒阵亡后一秒脑内谈笑风生，生动演绎何为含笑九泉。强化人一个接着一个同样的戏码来了两三回也是看麻了，还能再没有悬念一些吗？中间的单元回少有亮点，挽尊哥维持着绝对会失败什么都没干成的单薄人设毫无价值，卡兹萨拉罗萨米之类的配角滥竽充数直至观感疲劳。从79和z来看富野大概是不屑于详细描写男女感情的，或者将其中的感动全都寄托于一方的死亡，只需要其中的虚浮着的联系建立起来，马上便可以加以升华为主旨服务。最后两集的进度倒是快得飞起，己方人员的牺牲数量很快堆了上来，急着谢幕连战场的格局也没能刻画出来，单纯是几个角色之间关系性的延申与终结。在一片疯狂和宁静的宇宙中结束的片尾倒是饶有趣味，毫不留情的战争把所有投入其中的人们全都吞噬。,neutral,bangumi,机动战士Z高达
回复 kirakira丰川祥子,neutral,bilibili,少女乐队的呐喊
beautiful world很好听,negative,bangumi,新・福音战士剧场版：终
saki酱saki酱saki酱saki酱saki酱saki酱saki酱saki酱saki酱saki酱saki酱saki酱s,negative,bilibili,颂乐人偶
aaa,neutral,bilibili,四月是你的谎言
细节满满的eva和第三新东京，各种彩蛋与致敬，果体香香与penpen的对称，最棒的一点是补了TV版里缺失的真嗣和绫波丽的感情线，在tv版里由于庵野秀明的疏忽导致的绫波丽感情线的混乱，从第六集里真嗣救出绫波丽好感度拉满后十集左右时间把好感度清零了两人都没有直接的对话于是TV版里真嗣和绫波丽的感情线写毁了，而破很好得补上了这部分， 三小只徒手接使徒的高清细节满满版太棒了，剧场版里将明日香驾驶eva的理由从TV版的为了展示自己的优秀变为了为了自己，将明日香和真嗣一起睡那一段从被动改成了主动，人物性格刻画出的感觉也变了，这里绫波丽提前觉醒并对明日香说出我不是人偶这句关键的话，并没有像tv版一样被扇巴掌，也暗示了二人命运区别于tv版的改变，此后凌波对香说的那句谢谢也将成为香解开心结却走上与tv版不同道路的转折 最后一段感染力十足,negative,bangumi,福音战士新剧场版：破
【鬼舞辻无惨笑得如此开心 水柱 VS 风柱哔哩哔哩】,positive,bilibili,鬼灭之刃 柱训练篇
为了看大名鼎鼎的浪客剑心追忆篇，我还专门补了倒幕运动相关历史，结果看完略失望，没冲破我的情绪阈值，鉴于不错的氛围塑造还是打个推荐分吧。前面两集谜语人太多，还有生硬插入文学化的对白，女主推门要走的时候说一句“菖蒲花在雨中香味最浓郁”，男主要打架了说一句“你知道吗刀是需要有鞘的”（你这家伙在说什么啊），好几次出戏的对白到了影响观感的程度。还有就是作为本作核心发男女主感情线，看到最后给我一种当时看ab的感觉，感觉男女主不是很熟，从头到尾凹造型，女主凹造型，男主凹造型，再加上文青对白，你们真的很熟吗？这一点在女主主动坦白来历之后有所好转，但是紧接着光速开一局也太怪了，虽然这里h还挺文艺的。还有结尾爆点，女主闪现挡刀简直让我一秒出戏，致敬z高达情人挡刀吗。还有就是我感觉上世纪动画普遍的镜头切换太生硬和单调，就是直接换视角，纵使单镜头画面画的很唯美也还是有些乏味,neutral,bangumi,浪客剑心 追忆篇
有个姐姐真好啊qaq,positive,bilibili,少女乐队的呐喊
sosososo太可爱了486,positive,bilibili,少女乐队的呐喊
WOZHDAOLE,neutral,bilibili,比宇宙更远的地方
anno：我会C和弦！,negative,bilibili,颂乐人偶
回复 57880396139bili 漫画一百多话的小番外,negative,bilibili,咒术回战
"音楽題材少、吹奏楽一楽器特定作品一。多、、、鮮、熱血輝英雄譚讃。代、冴痛普通高校生物語逆共感響。
声優題材Season書、省略。",positive,bangumi,吹响吧！上低音号
回复 明也Akiya 我也想知道！！,negative,bilibili,鬼灭之刃 刀匠村篇
我也想吐槽这TM什么剧情啊,positive,bilibili,异度侵入 ID:INVADED
当我在电影院和并不多的观众一起看完长长的staff表，听完onelastkiss，我知道我不可能很客观的给他评分了,positive,bangumi,新・福音战士剧场版：终
回复 LVLittlEPa 哈哈,negative,bilibili,JOJO的奇妙冒险 星尘远征军
赛博朋克世界观的完成度很高，画面的表现力很好，音乐挺神的对于“自我存在”的思考挺有想法的。全身都义体化的“我”，怎么证明“我”的存在？剧中的回答是“ 个人意识的升华使我意识到自我的存在，同时也将我限定在自我之中”，引用笛卡尔的名言，“我思故我在”，这也是为什么素子看到傀儡师作为机器产生自我意识后会对自我存在陷入怀疑。之后对于人与机器的探讨更加大胆，“你体内的DNA不也是一种自我保存的程序吗？”，傀儡师与“我”都产生了ghost，那么人与人工智能又有什么区别呢？最终素子选择与其融合，成为新的生命个体。剧中对于各种哲学理论的解构都很精彩，对哲学了解比较浅薄就只从存在主义十分粗略地分析了一下。,positive,bangumi,攻壳机动队
Mie,neutral,bilibili,比宇宙更远的地方
真是超级符合标题“究极浪漫”的一季  在双方满好感的情况下还能让感情再上一层，再再上一层，心动之后是更加心动，隔着屏幕我仿佛都能感受到两人呼出的热气，连周围的空气都仿佛在摇摇晃晃，快要让人无法呼吸了怎么会这么心动啊！！！后半段奉心祭会长全程c也太帅了、、、提前那么久布好的超大局，一切都在他的掌控之中，，，奉心祭的氛围感塑造得也超级好bgm加大分，不是全程无忧的傻乐，而是处处萦绕着恋爱真实的担忧和淡淡的不知何处而来的伤感，仿佛都能闻到那些清晨和傍晚有些凉爽带着冷意的空气。总之我看哭了心脏kyukyu不行了、、、把喜剧和恋爱都做得这么顶级，很神的一季〒〒,positive,bangumi,辉夜大小姐想让我告白-超级浪漫-
“现在想来，其实根本不算什么，只是两个男人拼命逞强然后尽力互殴罢了”。燃与燃尽，宿命论与殉道者，立足时代与超越时代。分割、跳切、回转、越轴、Harmony在日本共运热潮消退、世界冷战格局愈发严峻的1980年，出崎四重奏用全面进化的出崎演出铸就超越时代的动画杰作。如果说丈1是一轮初生的朝阳，反映出“二十世纪中叶日本社会的时代风貌”，那丈2就是一只饥渴的野狗，在“宿命”的荒野上狂奔到腐烂。26集27集的“出崎统暴走回”展示出丈2超脱于“燃”的“燃尽”内核，这股味道在39集后愈发浓厚，最终在败者叙事中绽放出“雪白的灰”。《明日之丈》的拳击背景属于七八十年代，但“燃”的本质早已跨越时空，在后来者手中谱写出更为绚丽的诗篇：每个时代的青年，都终将在余烬中点燃属于自己的明日。只要明日还在，抗争者的意志就将在传承中生生不息。“燃烧了，燃尽了，只剩下雪白的灰”。,positive,bangumi,明日之丈2
你说那个？那是长枪管ar15，两个弹夹,negative,bilibili,少女乐队的呐喊
给你，我的真心。作为TV版的true结局，我的梦在哪？那是现实的延续。现实在哪？那是梦的终结。,positive,bangumi,新世纪福音战士剧场版 DEATH(TRUE)2/Air/真心为你
回复 REEEEEAAAAAL 11集feel也不会让你好好看的，剧情快的飞起，约会删掉，想吃糖，不存在的,negative,bilibili,我的青春恋爱物语果然有问题。完
fiag,neutral,bilibili,鬼灭之刃 游郭篇
这已经远超tv动画的水准了吧。。,positive,bilibili,比宇宙更远的地方
回复 SayLikeReal,negative,bilibili,盾之勇者成名录
回复 舒升1 回复 xxxxxxx夏末 漫画党良心预警漫画137话160话白辉高潮部分，看之前可以简单补一下135，136大致了解一下背景，毕竟都是大部分番的俗套剧情，170，175二人表白后巨齁巨齁鲨的狗不能自理的级别的日常桥段，175之后没什么亮点剧情，作者在为下个事件攒大招中，上述bilibili漫画送的券加起来不超过10块钱就能看，送我上去，节省你们的漫币，定心丸，解决那些干着急的弟兄,negative,bilibili,辉夜大小姐想让我告白？～天才们的恋爱头脑战～
成功PUA,positive,bilibili,关于我转生变成史莱姆这档事 第三季
难怪说saber是团宠,positive,bilibili,Fate/Zero 第一季
高达seed,neutral,bilibili,四月是你的谎言
EVA量产机（幻视,negative,bilibili,葬送的芙莉莲
FF是谁？（本人2G网,negative,bilibili,JOJO的奇妙冒险 石之海
我已经在研究MSI的对手了,positive,bilibili,颂乐人偶
我讨厌对所有人都温柔的人。我喜欢战场原。闪电战还是太超模了有一说一，没有闪电战我看不到阿良良木历不被羽川翼拿下的时间线。让我将评分最终拍板在10的仅有一点：近乎全程的人物对话让我有一种在玩游戏的感觉，能够做到让人完全没有疲惫反而饶有兴致地观看确实是一种独有的魅力。ep12难绷，有牛啊op牛剧情牛什么都牛。ep18看完：是第二部我不跳oped的动画（第一部是FA），“跳跳跳，你怎么不跳过你的人生啊”。讲道理，我估计是看不懂创作者要表达什么了，毕竟信息量太大了，我第一次需要全程盯着字幕看，画面甚至有许多时候都来不及看需要倒回去。,positive,bangumi,化物语
krkr dkdk,neutral,bilibili,颂乐人偶
78ep1有种剑心追忆篇的氛围,negative,bangumi,猎人
首发很重要吧，我看kpop是要比第一天成绩,neutral,bilibili,少女乐队的呐喊
回复 锈湖Aldous 官方说过，一共只有12集。。。,negative,bilibili,我的青春恋爱物语果然有问题。完
FZ说过她不能灵体化,negative,bilibili,Fate/stay night [Unlimited Blade Works] 第一季
（20240615，感谢汉化组）片尾曲follow me好听（居然不是傀儡谣了,negative,bangumi,攻壳机动队2 无罪
把激动激动换回wakuwaku就完美了,positive,bilibili,间谍过家家 中配版
回复 晶橘juciy 是啊是啊,negative,bilibili,工作细胞 第二季
回复 浮生夕照的死路一条 参考性可大了，mygo从来没在nico上放过，动动脑子就知道这次生放路人居多,negative,bilibili,mygo
偶像界最高的山最长的河，一开始从灰姑娘看的，觉得人多，25年看的本家，故事很简单，没有噱头，只是一群少女们在追逐着成为偶像，堪称最正统最经典的偶像，本家的动画，前无古人，后无来者，最赤诚的初心造就最辉煌最经典最好看的偶像动画，本家真正意义上的偶像界动画TV的TOP1，忠诚！！！！,positive,bangumi,偶像大师
dps不足,neutral,bilibili,颂乐人偶
有点难评，如果改为serberker，在俄语里面是狗的意思（doge）,negative,bilibili,Fate/Zero 第一季
回复 币站花式吃瓜看戏 我怀疑你在暗示fridge,negative,bilibili,某科学的超电磁炮T
回复 憨毛怪Invention  已经褒姒喵,negative,bilibili,青春猪头少年不会梦到怀梦美少女
ep20这种不挑明关系，但是能够感觉到彼此感情的关系真是太好了ep25 最后一集告白真是太好了,positive,bangumi,我心里危险的东西 第二季
精彩扭曲的故事 粉毛挺搞笑的 soyo人设挺有意思 不混圈不知道爱素这种感觉完全不熟的cp为什么那么多人磕,neutral,bangumi,mygo
anon：q打断别人的e啊,neutral,bilibili,颂乐人偶
"辉夜 特别篇 通往大人的阶梯
叙事 剧情90 节奏100
画面 演出100 精度100
音乐90
人物 塑造85 配音100
总计93
本来三年前看到辉夜剧场版的结尾，觉得动画应该会止步于此了，没想到这么久了a1还打算把辉夜翻出来，把漫画后半段能看的全部都做出来了，真的很用心了。
实际看下来观感也还是和曾经一样，令人捧腹大笑，同时搞笑之余讲点剧情。这套叙事模式我是很喜欢的。而a1对于故事节奏的把控，动画的演出效果等等则是堪称完美，可以说是完美发挥了动画的所有优势，看得出来他们真的很用心地打磨了这部作品。当然，毕竟只是一个发糖特别篇，所以对于人物关系塑造什么的，基本没有进一步展开，不过塑造这些的都在前作中做好了，这点无可厚非。",positive,bangumi,辉夜大小姐想让我告白 通往大人的阶梯
回复 TwT丶M 1,negative,bilibili,转生成蜘蛛又怎样！
怎么说这个作品呢，它没有强大到支撑它神作名头的剧情，好多地方也牺牲逻辑，但就是靠极致的叙事张力与充分的内涵深度，让人热血沸腾，让人看完后怅然若失，主要人物的复杂性也丝毫不差。前期确实有些平淡了，但从aniki死后，开始封神，综合70，神作无需多言。,neutral,bangumi,天元突破 红莲螺岩
五万RMB,negative,bilibili,比宇宙更远的地方
dokitoki！,neutral,bilibili,鬼灭之刃 柱训练篇
"素世是偶像动画的革命，其他角色都是无聊的样板角色，mygo写出了素世这个无敌的角色就值得10分了

太可惜了，因为吉田事件我只能给这部女拳动画打1分了，这1分是给素世的，女拳斗士独角兽毫无疑问是跟吉田惠里香有同样的价值观的
为了我以后还能看巨乳，给这部垃圾女拳动画1分
这部动画的女拳味其实早就漏出来了，千早爱音和她的圣厨粉丝其实就是女拳的化身，什么都不会还抢C位，跟那些什么都不会论文还能出街的女拳学者没有区别。独角兽写这种女拳角色真是得心应手
木柜子动画这么多支持者就是因为跪烂裤裆的龟男太多了
不封杀这部神风动画？林鼓子这母鬼子滚出东大",negative,bangumi,mygo
不知道该怎么打分，，ep22之前的内容说实话还挺喜欢的，平实稳健还搞笑萌的剧情，看完ep2223后好的观感全毁了到底是在干嘛呢屎吃就吃了吧跪肯定是不会跪的但之前也不是就没缺点了，各种细节无法带脑子深究，鲁修以外的角色几乎就没什么有效塑造，卡莲前期还蛮萌越往后越变得像纯卖肉恋爱脑角色，朱雀温吞的行为逻辑更是让人摸不着头脑，CC还可以说谜团过多暂且能保守看待。然而嘞，ep22，又是ep22，把唯一立得住的角色的鲁修也毁了，ep22后谁看鲁修不觉得像小丑？,negative,bangumi,Code Geass 反叛的鲁路修
BYU,neutral,bilibili,约会大作战 第四季
小智和帕鲁？这也是对CP？,neutral,bilibili,少女乐队的呐喊
感谢羽海野，感谢长颈龙，感谢jcstaff,positive,bangumi,蜂蜜与四叶草II
回复 一般通行kirito 想想你为什么四级他为什么六级,negative,bilibili,刀剑神域 爱丽丝篇 异界战争
老mM,neutral,bilibili,魔女之旅
搁这叠buff呢,negative,bilibili,四月是你的谎言
前情提要（DKGE,neutral,bilibili,四月是你的谎言
hold住hold住。,negative,bilibili,比宇宙更远的地方
hhhhhhhhhh,neutral,bilibili,Charlotte
回复 Natoss109可以和比利王合资,negative,bilibili,比宇宙更远的地方
看着像会出现在Bang里的角色,positive,bilibili,少女乐队的呐喊
完啦，是绝症buff,positive,bilibili,夏目友人帐 第七季
Persona,neutral,bilibili,魔女之旅
kami！TwT,positive,bangumi,进击的巨人 第三季
不是 galgame里不是这样的,negative,bilibili,少女乐队的呐喊
回复 芙萝迪娅 漫画到现在都没有HIV的剧情，很简单啊一旦得了艾滋病一定会是个bad ending，无论是帅气的白细胞还是兄贵的T细胞全都无力回天了，只能鸡尾酒疗法维持着，然后哪天细菌感染儿死。,positive,bilibili,工作细胞
Happy Ice cream！,neutral,bilibili,比宇宙更远的地方
上一部 NANA,neutral,bilibili,四月是你的谎言
865，主观拉高宫老爷子在主题和叙事上从来没有刁难过任何一个观众，我从7岁开始就接触了这部影片，直到去年仍然频频回望，可以说从6岁到99岁全是适龄范围。至于作画，我的微薄理解还不足以对大师做合理的概述。天才的挥笔之下展现的是一个看似荒谬甚至掉san，实则让童真与纯情得以保留的世界。洗澡之前的人人厌弃的“怪物”，洗完澡之后会如何受人看待呢。女主坚定的说出“这些都不是我的爸爸妈妈”，时隔多年我自己却因为这句话感到羞愧。小的时候讨厌无脸男，长大之后发现能知错就改的它和社会上的众人这是一个隐喻的恰到好处的故事，让你在少年懂得，在青年感受，在而立感慨。它又留足了空白，等待着观众在现实世界的演绎为它填上注脚，我的感慨，还远远没有为所有的空白标注自己的足迹吧,positive,bangumi,千与千寻
"（810）
新房昭之的独特演出与梶浦由记的空灵配乐在剧中大放异彩，以宗教感与神圣感奠下黑深残压抑的基调，形成独一份的艺术风格。被称为六边形的作品，但似乎有太多东西没讲完，感情，奇迹，愿望，祈祷，希望，在将近结尾之时才作为主题切入，故事设定仍需补充，在奇幻鲜艳的色彩之中匆匆带过未免显得太过仓促，甚至是草率了，无疑本作最大的短板便是篇幅的短小，但一切都还未完待续，不是吗？在有限的时间内，将无数的问题倾泻而出，可能不是一个明智的选择，但标准的集数之中把握好不紧不慢的叙事节奏，以极致的音画讲好一个故事，或许已经做到最让人满意了。在作品陷入混乱与杂揉之时，ep10的完美插叙让作品将将推上神坛，补全了逻辑的纰漏，完善了人物性格，铺垫了角色与情节的转变，乌云笼罩下的黑暗犹在眼前，一次又一次的轮回累筑沉重的负担，但治愈人心的爱与希望永存，通往奇迹的道路好生漫长。",positive,bangumi,魔法少女小圆
因为开始分集了，以前的都是每一集公用一个评论区hhhhh,negative,bilibili,Fate/Zero 第一季
前面说过了 放的 program 所以有贝斯,negative,bilibili,少女乐队的呐喊
最喜欢ep229,neutral,bangumi,银魂'
雷霆之力x30,positive,bilibili,魔女之旅
land saga  神中神，无敌的人物塑造,positive,bangumi,冰海战记
"回复 NRyu 换咱原来算欺君之罪，要杀头的W哈哈
“毕竟不是啥小事，还凭自己的意愿瞒着王，当自己多大的官吗？这是在王头上动土吗？”我觉得王应该这么想，才有王的威严。",positive,bilibili,关于我转生变成史莱姆这档事 第二季
回复 DaisyGarnet 别说了，石上被辉夜欺负的太惨了。。。,negative,bilibili,辉夜大小姐想让我告白～天才们的恋爱头脑战～
情绪调动很棒，可惜的是牺牲了一部分剧情合理性。歌曲很nice。主人公里塑造的比较好的是报濑，另外3位的剧情参与度稍微低了些。破冰船那集里关于战败国的描述和真实历史对照起来真的挺尬的，再结合后面日向回对霸凌者的批判，确实让人感慨制作组历史观的歪曲。不过整体上还是瑕不掩瑜吧，批判性看待就好。,positive,bangumi,比宇宙更远的地方
回复 bili91234606857 哈哈哈哈哈,neutral,bilibili,鬼灭之刃 刀匠村篇
第一句cpu就烧了,negative,bilibili,颂乐人偶
这部番我真是毫不夸张地花了9年才看完。。。制作质量确实是顶级的，全程手绘live“我们恨3D”，表情动作极为动感，但是很少崩坏。除了vo da vi 3C 每个小偶像每人基本只分到一集，makoto和azusa的个人回我挺喜欢的。3C的故事不算是热血王道系，都是比较低气压的，但是解决手段就又很王道了。。。最没看头的是塑造了一个圣producer的形象，完美无缺，和之后的producer形成太强烈的对比了。在圣producer光辉笼罩下，这些成年idol整得和u149差不多，plove和说着玩儿一样fuwafuwa，内部也是铁板一块，全部剧情矛盾都靠外部推动，就不是很有意思了。,neutral,bangumi,偶像大师
十分只是bangumi的上限，世界上最伟大的动画圣地的最伟大的动画，堪比动画界新的圣经和永恒的经典,positive,bangumi,新世纪福音战士
太伟大了黄金之秋倒A勉强算是我的第一部富野高达，之后断续补了些所谓黑历史的部分，有赞赏但更多不解，因为光头经常搞一些靠着角色一根筋认死理的方式推动故事发展，很多时候我都觉得人类不至于走到这种地步。而真正见证过部分黑历史之后再回来看Turn A，与其说和他和解不如说算是略微触碰到一点故事背后的思绪，或许对于那个老人来说人类就是那么可怕吧，毕竟倒A已经这么田园牧歌了人类还是在进行着毫无意义的纷争。所以说太伟大了月之茧，太伟大了黄金之秋，曾经也这么悲观的人到头来还是过于善良，虽然根本看不明白机体设定反正就是给饺子端上来了，两座高达在月光下被裹在茧之中，随后万物归于生气。黑历史让我感觉人类应该不至于这么无可救药，这里反而只感到恐惧，你说我会见证这么一天真的到来吗？,positive,bangumi,∀高达
回复 Kristen斯图尔特 考哥怒jpg,negative,bilibili,虚构推理
10月31号上映去影院看了一遍不太过瘾啊过了半个月后又重看一遍这才把很多战斗啊行为逻辑看明白这制作质量是真超模最喜欢的是司令开始独白和后面的一大串补完eva对我最大的意义是理解每个人的想法这样的共情令人落泪于是再见了所有的evangelion,positive,bangumi,新・福音战士剧场版：终
大制作啊，画面表现力爆杀SAC了bgm38，个人观感好于95版，但是不同于鸭子其他一些片的引我深思，无罪更像鸭子在把他想过的各种零零碎碎的东西絮絮叨叨地往我耳朵里灌，全片感觉就是鸭子把锐评过幽灵公主的东西在自己的框架下又复刻了一遍（清理库存是吧你这家伙），最后能真正在我心里留下深刻刻痕的大概只有巴特孤独灵魂的片影吧,positive,bangumi,攻壳机动队2 无罪
看了Mygo就不得不吃的史。人物全是货真价实的精神病，最后一集的大转变更是令人昏厥。三分全部给歌好听。看Mygo的爆典至少会觉得好笑，母鸡卡的爆让我的血压一集更比一集高。,negative,bangumi,颂乐人偶
回复 MIRABM 非常非常非常非常非常好看，真的强力推荐，这番老少皆宜，真的。,negative,bilibili,碧蓝之海
OvO,neutral,bilibili,Angels of Death
pi,neutral,bilibili,Angels of Death
回复 CrazyAttackZero,negative,bilibili,Fate/stay night [Unlimited Blade Works] 第一季
回复 KFDLG 这个是14卷了,negative,bilibili,我的青春恋爱物语果然有问题。完
回复 半樽酒 BV1tr4y1v7Dn,negative,bilibili,紫罗兰永恒花园 剧场版 
回复 h2kkkkkk 现在水平和日轮刀确实不行，后期就很ez了,negative,bilibili,鬼灭之刃
回复 egoist祈,negative,bilibili,欢迎来到实力至上主义的教室
p9 愛 p5 呜呜 画风很特别，以为会是晦涩的文艺片，但剧情挺吸引人的；这个画风还有那些动态、线条之类的，感觉会唤起乡愁之类的东西（。,negative,bangumi,乒乓
I need more 抛瓦,negative,bilibili,约会大作战 第四季
CIA（不是）,neutral,bilibili,少女乐队的呐喊
骡子：oi呀oi呀,neutral,bilibili,魔女之旅
Wifi断了，但女主有移动，正在连接热点,positive,bilibili,四月是你的谎言
"童年经典，四大副本，Rank历练的剧情，八种进化精神和对战区域BOSS的设定，可谓相当正派，是儿童时期的王道动漫。
OP和ED也能轻松回忆起旋律与画面。
81分。",positive,bangumi,数码宝贝大冒险
python入门,positive,bilibili,少女乐队的呐喊
少一个鲁，reo里面的是莱茵哈鲁特,negative,bilibili,紫罗兰永恒花园
致敬传奇三个月速通即兴solo吉他主唱喜多郁代,positive,bilibili,少女乐队的呐喊
MAU,neutral,bilibili,四月是你的谎言
"比起传统强调的少女青春感，偶像大师开创了一个全新的剧情走向，转而更强调生活的真实性，使偶像这一形象更加跃然纸上
ep25可恶，完结了好感动，明明没有顶级的画质，逆天的张数，早期a1甚至经常画崩，可是我就是会哭啊混蛋，因为我是看着他们从底层杀到顶流的啊！但有一说一在人物共情方面这部作品确实是早期偶像类的典范了。但也是存在漏洞的，一集的角色单元回会使角色的人物弧线过于急耸，虽然不同人物的塑造在不同单元回里有铺垫，但除春菜和蓝毛其它人物都过于单薄了
ep15直播回是本人内心神回，各种镜头调度，音画咬合在动画表现形式上很有创造性",positive,bangumi,偶像大师
486：ber,neutral,bilibili,少女乐队的呐喊
wc，白哥变成“红”细胞了,neutral,bilibili,工作细胞 第二季
回复 3days茅羽耶,negative,bilibili,四月是你的谎言 粤配版
我现在就要买90Bmp4,neutral,bilibili,少女乐队的呐喊
wjy我喜欢你,positive,bilibili,四月是你的谎言
"3d部分画面很惊艳
觉得押井守的攻壳的离奇比起TV版的日常之中逐渐显现出来的手法效果上差上不少",neutral,bangumi,攻壳机动队2.0
回复 CGmax对，我也不理解,negative,bilibili,OVERLORD Ⅱ
GOGOGO，出发咯 2026221,negative,bangumi,摇曳露营△ 第二季
"时间：2026012520260126。 
评价：87分。剧情紧凑且很有趣，在多视角与信息差带来悬疑感中时不时有幽默的段子舒缓节奏，体验非常不错，有点像日剧。情节其实不复杂，但是架构得非常好，伏笔全部回收，信息量给得很足，如果想要彻底理解故事需要集中注意力观看。最后有关司机的诡计震撼到我了，我真的超级喜欢世界观级别的诡计，由于完全没有预料到这一层所以精神高潮了开放式结局不赖（虽说有剧场版，但感觉结尾平淡了）。人设上只能说挺厉害的，塑造得很立体。然后，不得不说，我开始理解furry了，神秘之吻还有羊驼也长得太好看了吧，心动了本作没什么雷点，我是带着别人一起看的，果然如果推荐给圈外人的话是个不错的选择。吐槽的点可能就是有的设置过于“奇巧”（可能是点题？），以及遇到的来来回回那几个人，稍微显得世界有点小了。",positive,bangumi,奇巧计程车
"回复 御坂妹4396号 应该是x09999999999999999999999
然后130333333333333333333333
131330333333333333333333333
结论就这样出来啦",negative,bilibili,辉夜大小姐想让我告白～天才们的恋爱头脑战～
os：好师,neutral,bilibili,葬送的芙莉莲
不是咋又有和我一样看时光代理人的不要刀我u五呜呜u我,neutral,bilibili,魔女之旅
mmk：666，不演了,neutral,bilibili,少女乐队的呐喊
全是nina发的（bushi,negative,bilibili,少女乐队的呐喊
建议别说“ptsd”，这么说不好,negative,bilibili,颂乐人偶
这期神了，前面还有一点文戏讲一讲这个现实逻辑，讲一讲这个过往什么的2，后面逐渐猎奇向脱离实际，而且很明显的为了爆而爆全是女女关系性全是爆，开始小头控制大头开始瞎几把写圆不回来了，让后然后依旧经典公式化打法开个live屁事没发生，花田你真他吗傻逼啊又搞伏笔又不出2。不过很有青春感是真的，中专能没青春感不。,neutral,bangumi,girls band cry
回复 Kyl4r  7月,negative,bilibili,青春猪头少年不会梦到兔女郎学姐
你们看的时候开hdr吗,neutral,bilibili,魔女之旅
虽然对业界，各种关于“现实”的人生道理上的探讨并不了解，但看到喵森的致辞时，作为再普通不过的一个观众同样也被其中创作人的激情所感动，或许这才是我看anime的初衷，单纯地为了那份足以填满内心空虚的感动喜欢着anime,positive,bangumi,白箱
神ED  2,negative,bangumi,∀高达
AVE mujica这么火了的话ras不会有什么行动吗，chuchu真能坐的住啊,negative,bilibili,颂乐人偶
demo搜楼加哒咩,negative,bilibili,比宇宙更远的地方
【9】ep7开爆后体感一路上升，情感宣泄极其舒畅，扭曲人物关系性与少女乐队的完美结合，带给我十分的乐趣，感谢mygo的精彩剧本，还有春日影神中神,positive,bangumi,mygo
回复 JusticarSANS 绝！,negative,bilibili,小林家的龙女仆 第二季
我RWR动了，我不玩了,neutral,bilibili,葬送的芙莉莲
后面反过来是mmk想放弃乐队劝学nina，nina弃学组乐队,positive,bilibili,少女乐队的呐喊
以上画面由nas友情提供,positive,bilibili,比宇宙更远的地方
hallo,neutral,bilibili,魔女之旅
infp就是这样被拿捏的,neutral,bilibili,少女乐队的呐喊
最后的one last kiss伴随着火车站的拉伸镜头，由eva的世界过渡到现实，满满都是离别的不舍，我很少哭，但每到这里我都忍不住,positive,bangumi,新・福音战士剧场版：终
老觉得这里魔法一二号表情有点微妙，而且二号先提议补刀mother才跟本体汇报身体部长的事，是不是给以后并列意识黑化做铺垫呢。。。,positive,bilibili,转生成蜘蛛又怎样！
bokowa基拉,neutral,bilibili,魔女之旅
是夏提雅被控制前预料到了自己将要被控制，所以在最后时期投出了滴管神枪，击杀了敌方两个大将包括“倾国倾城”使用者，但是使用者在死前并没有下达任何指令，所以出现了一个盲目NPC的状态,positive,bilibili,OVERLORD
我也看成2B了笑死,neutral,bilibili,四月是你的谎言
"T15 83分
京阿尼的又一校园音乐作，更多着力点在细腻真实的青春戏剧冲突，更偏群像的叙事演出，几乎无可匹敌精湛制作。抛弃传统校园作的各种幻想，在这里是真实甚至说是有些冷峻残酷但依旧不失温暖的校园氛围。其中不乏集体与个人关系的探讨，从丽奈的小号独奏选拔，到部员个人生活与练习的抉择。也可一窥真实但理想的社团描写，虽然最初氛围是松散梳理的，但在压力与成功后逐渐凝聚为一体。角色上也有成长，黄前久美子，最初抱着疏离但渴望融入却处处置身事外的态度，到逐渐正视自己，明确信念；高坂丽奈，始终坚持自己的理想（夜爬山中的那句“我想成为特别的人”不失为最好的呐喊）。除此之外，比较好的是音乐演出，虽然什么都不懂但也还是能够沉浸其中，且成员的个性差异，社团的变化成长也能在演出中体现，既享受视听又服务剧情。不存在刻意煽情，有成长有喜悦有遗憾，这才是青春最真实多彩的模样啊",positive,bangumi,吹响吧！上低音号
回复 RikkiTokyo md前面发错了,negative,bilibili,mygo
本来想打五分的，因为mygo和mujica本质上是一部番，mujica崩了mygo也会跟着崩，但第七集还是太优秀了,neutral,bangumi,mygo
可御可萝su ki,neutral,bilibili,因为太怕痛就全点防御力了 第二季
猪猪cv松冈祯丞和善子cv下野纮去体验了瀑布修行,negative,bilibili,鬼灭之刃 柱训练篇
由渡边信一郎和Nujabes共同构筑的跨时代梦想，永远满分。,positive,bangumi,混沌武士
注意这里op开始了,neutral,bilibili,颂乐人偶
dianhzu,neutral,bilibili,Fate/stay night [Unlimited Blade Works] 第一季
回复 kenDSG教授 更不明白了，,negative,bilibili,鬼灭之刃 游郭篇
回复 AntennaBaby 虫箭作用不一样，觉醒的是觉醒的，镇魂曲是镇魂曲,negative,bilibili,JOJO的奇妙冒险 石之海
不想接近你，非要去追，dog,neutral,bilibili,国王排名 勇气的宝箱
回复 small云愿biu  怕被打捏,negative,bilibili,少女乐队的呐喊
还有titan队服,neutral,bilibili,少女乐队的呐喊
"非常非常顶级的意识主义演出风格，但是剧本底子太弱了 浮夸风的演出弥补了剧本本质的问题，但是又面临着化妆过度的问题。好在这样的演出风格分镜实在是太对我取向狙击了。
以及，这tm犯法了吧，帅姐姐撩着12岁小男生脸红心跳处处吻，这tm犯法了吧。",positive,bangumi,FLCL
"2025年标。
1993年TV，2022年3D剧场版（未看）；老剧场版不打算看了。",negative,bangumi,灌篮高手
9。空境系列巅峰作，被平尾的演出技法完全调动了情绪（观看这部的同期补了双恋A），平尾的蒙太奇使用确实很有千年女优的感觉。“这个螺旋 要是矛盾下去的话那该多好”，因螺旋而生的少年，成为了螺旋破灭的根源。从整个空境动画的故事上来看，也是空境这个系列的矛盾螺旋的中心。,positive,bangumi,剧场版 空之境界 第五章 矛盾螺旋
『94』在任何方面上都比sac优秀，我不相信有人看到塔器科玛牺牲不为之感动的“你们或许都有灵魂”真的太震撼，毫无疑问是我动画生涯的no1，感谢神山，感谢鸭子，感谢营野洋子，感谢田中郭美，感谢土郎，网络无限宽广，意识至上，致 攻殻機動隊结期待26年更贴合原著的搞笑素子,positive,bangumi,攻壳机动队 S.A.C. 2nd GIG
lllll？,neutral,bilibili,约会大作战 第四季
回复 wwfrugal 看完ab更不好受了,neutral,bilibili,某科学的超电磁炮T
nina酱nina酱nina酱nina酱nina酱nina酱nina酱nina酱nina酱nina酱nina酱nina酱,negative,bilibili,少女乐队的呐喊
第8职阶：teacher,positive,bilibili,Fate/stay night [Unlimited Blade Works] 第一季
回复 寻秋mio 1,positive,bilibili,盾之勇者成名录 第四季
回复 翊之逸 如果说的是四大特级咒术师的话，都比四天灾厉害，首先夏油自己可以操作各种强力特级和使用其力量自然不说，乙骨咒术量拥有满手指宿傩一半也很强了，99自身拥有领域（虽然未使用）的情况下还有小型黑洞这种杀招。，5T5咒术师天花板不用评价。4天灾最强的壶宝根本碰瓷不了4特级,negative,bilibili,咒术回战 第二季
666抖M,negative,bilibili,颂乐人偶
回复 Leoandsoldiers 你要说什么理念问题，切嗣的理念不就从生前红A衍生出去的,positive,bilibili,Fate/Zero 第一季
去q去qqq去q去q去q,neutral,bilibili,间谍过家家 粤配版
准时，哥！Poppin Party表情包哦！,negative,bilibili,颂乐人偶
质量是真的不错，给我看高超了，打战雷一直用的少战语音包，还有 “人家二次元小姑娘开虎式都会摆角度看看你的德系队友”jpg,positive,bangumi,少女与战车 剧场版
boku,neutral,bilibili,魔女之旅
为什么，没有bangumi,neutral,bilibili,mygo
回复 Vay1999 番外,negative,bilibili,辉夜大小姐想让我告白 -究极浪漫-
KGB,neutral,bilibili,比宇宙更远的地方
again！,neutral,bilibili,约会大作战 第四季
"上的好突然，希望下周影院还有排片
251123更新
今天去影院看了一遍，虽然看过几遍网络资源了，但我还是没看明白剧情，说到底新EVA真的能总结出一条不会自我矛盾的剧情脉络吗。我似乎能看到庵野秀明在一刀一刀将自己内心刨析给观众，却总是隔着层雾，无法完全理解，最终只能总结为老登味越来越重。但不管怎么说，EVA终仅凭剧情节奏、分镜、文戏便已能担当得起我近些年看到的最优秀的动画电影了。",positive,bangumi,新・福音战士剧场版：终
FQ,neutral,bilibili,约会大作战 第四季
8np,neutral,bilibili,异度侵入 ID:INVADED
哎呦hhhhhh,negative,bilibili,夏目友人帐 第七季
"1010
最爱的动画之一，20年我读大学时看的，也算给我很大影响的作品之一了。运动竞技的表象下，探讨天才与凡人、热爱与压力、友谊与竞争的人生群像剧。
我很喜欢汤浅政明导演的风格，他最大的特点便是用极度外放、暴走的视觉效果呈现角色内心世界。《乒乓》里满是夸张的透视、大色块、人体的拉伸变形等“超写实”表现方式，这种用运动的物理变形映射角色的心理变形，也与运功题材天然契合。取景、运镜思路也并非一般2D作品里常见的，在乒乓对决时大幅度的镜头推拉旋转、超广角镜头，把紧张感拉倒极致，令人叹为观止！
配乐非常加分。你甚至能在一部日本动画里听到Techno Music作为主要的配乐风格。如果你很喜欢电子音乐，也许能感受到牛尾宪辅深受欧洲电子乐的影响，又不失日系的“清透感”。《乒乓》是牛尾最好的作品，就在我看动画的这些年里，一直都没找到类似《乒乓》的配乐。",positive,bangumi,乒乓
音乐和LIVE做得很出色，制作也太顶了，如果在11集结束这一季的话真的是很不错的一部作品；结果最后两集智能让我想起Princess Principal：主打一个跳跃和唐突，剧情快如火箭，人物的不少行为逻辑根本根本说服不了观众。以及DD的蓝毛和黑毛真可爱啊,neutral,bangumi,girls band cry
muzumi,neutral,bilibili,少女乐队的呐喊
"好久没在日漫里面听过正宗的英文了有点感动哈哈
突然想到这样我在英国旅行也可以圣地巡礼了
甚至9又43站台和贝克街221B都能去圣地巡礼了！！！双厨狂喜！！！
HTT走向世界了
最后的滑滑蛋神了
轻音永不毕业！",positive,bangumi,轻音少女 剧场版
对我也觉得12最后的live,negative,bilibili,mygo
找到库克送iPhone15是吧,neutral,bilibili,国王排名 勇气的宝箱
打开bangumi的排行榜，首页竟然就能看见一部美国动画，这根本就是让我不忍直视,negative,bangumi,猫和老鼠
回复 香蕉StatTrak 我倒是不急，因为我知道后面是什么展开,negative,bilibili,关于我转生变成史莱姆这档事 第三季
piss,neutral,bilibili,比宇宙更远的地方
我出boring我们可是最强突袭者啊！）,neutral,bilibili,Fate/stay night [Unlimited Blade Works] 第一季
把最普通的家庭 亲情和责任描绘的克制但是温柔 不同于强行催泪的作品 而是恰到好处让你可以哭出来的感觉 互相支撑 互相原谅帮扶的人们 但是后期悲剧堆砌到密集的程度还有前期男二与妹妹的魔改确实是不得不批判的点 不够深刻 稍有刻意 但是不得不否认这就是最优秀的galgame改动画【95】,positive,bangumi,CLANNAD 〜AFTER STORY〜
"刚开始看mygo的时候 并没有什么特别的感觉，因为属于我的少女乐队，它早已出现。
各个意义上来说，mygo都不是一部最好的番，不是2d啦，题材小众，难蹦的剧情映照着现实仿佛述说着这只不过是一部乐子番。
但随着剧情的高潮，春日影的奏响一切的一切都融入了旋律之中，放声呐喊并不是为了得到回应什么，而是仅仅想要成为人类为这当下的不甘、不舍全部发泄出来，最能打动人的一定不是理性，而是情感。
向我们诉说着，这一切都是真的，那绝非什么虚假之物，而是切切实实存在的
谁没有曾经想要守护的珍贵之物谁又因现实的种种因素而不得不放弃某些东西
身处泥潭之中，砥砺前行的就一定是强者在现实面前，没有胜者，只有努力成长之人。
幸福的时候，难道追求一辈子，也是错的吗
PS：我大概一辈子也忘不了mygo了吧",positive,bangumi,mygo
nygoU149看完再重温这或许是每部高达的最终结局,positive,bangumi,∀高达
ew三技能,positive,bilibili,Fate/stay night [Unlimited Blade Works] 第一季
相比95版开头变成3D，还多了一处3D场景，虽说拥抱新技术是件好事，但我还是更喜欢手绘,positive,bangumi,攻壳机动队2.0
天哪baker和emon！！术术人狂喜,neutral,bilibili,比宇宙更远的地方
这我这没毛病Kizuna AI震惊,negative,bilibili,关于我转生变成史莱姆这档事 第二季
几乎所有用3D替代原版手绘的部分都不成功，尤其是素子跳楼，完全无法还原那种力度和美感。OP中我非常喜欢的以数字代码和键盘敲击声引出的STAFF名单的做法也被替换了。另外不知对某些手绘画面做了怎样的数码处理，是用数码技术重新上色了吗？赛璐璐的质感几乎消失了。傀儡师的声优换成女性，榊原良子的演技的确很好，但我更喜欢原版中男性声音女性躯壳的设计。另外，片尾不应该放傀儡谣。,negative,bangumi,攻壳机动队2.0
回复 头像coser是谁告诉我 人家决定一个名称都需要一个星期,negative,bilibili,关于我转生变成史莱姆这档事
回复 乱世浮尘6 Dio：塞够你high铁鸭子哒！,negative,bilibili,岸边露伴 一动也不动
我真想不明白一个几近完美的高中生捡到一个能杀人的笔记本为什么第一反应是成为卡密sama并为之努力十几年说他想成为日本总统或者哪怕美国总统我都没这么难绷如果是冈伦凉宫狛枝这样的说想当神我都会觉得没问题因为这些人性格或者生活里是有中二在的，夜神月没有啊到底为什么他第一反应是成为新世界的卡密sama啊,neutral,bangumi,死亡笔记
谁磕义忍谁是Gay,negative,bilibili,鬼灭之刃 柱训练篇
为什列车上午有WLAN？,neutral,bilibili,颂乐人偶
真不错，但又卖gl又卖bg，还安排意义不明的加藤的“党争情节”，实在毁观感,neutral,bangumi,吹响吧！上低音号
想到这里剧情包寿司只是为了卖first take我就想笑,positive,bilibili,颂乐人偶
好，但otaku味太重了。放在gal里还算正常动漫里就有些奇怪。虽然是先看的动漫就是了。。,positive,bangumi,命运石之门
恶鬼传说。退赛。是不是没有回来到啊到时候再给你留着啊。Sun,neutral,bilibili,鬼灭之刃 柱训练篇
"1、真心为“你”；
2、献给逃避一切之人的过于残酷的故事；
3、虽然很多人说，看完tv24集后，可以直接看 air 与 真心为你 ，但个人认为 死与新生 仍然是旧版eva不可或缺的一部分，不得不补完；
4、崩溃 崩溃 崩溃；
5、小朋友看完，估计会吓的一周都喝不了橙汁吧（；",positive,bangumi,新世纪福音战士剧场版 DEATH(TRUE)2/Air/真心为你
快救鲤夏姐姐啊啊啊啊！OAO,positive,bilibili,鬼灭之刃 游郭篇
人物动机根本解释不清，bro以为台词越多情感越醇厚，这玩意从黎明卿篇章开始就流俗了强忍着笑意看完12集 不禁想问仰山杨公子生母大还是养母大,neutral,bangumi,来自深渊 烈日的黄金乡
回复 云溪yunxi 哈哈,negative,bilibili,魔女之旅
心疼Zak,neutral,bilibili,Angels of Death
哦 no,neutral,bilibili,四月是你的谎言 粤配版
"豆瓣标记210322：
20221021 二刷 日常番的珠穆朗玛
20250310 三刷 恐怕每到一个新公司都得重刷一遍
我的动漫TOP10榜单TOP3：日常番的珠穆朗玛",positive,bangumi,日常
回复 不忘研PuPrecure 说上线已经过2年了，eva终也是21年上映的，这部都上线了，不知道eva终什么时候能上线,negative,bilibili,剧场版 咒术回战 0
池沼CHIZHAO,neutral,bilibili,少女乐队的呐喊
一场拒绝被定义的、嘈杂而深情的成长庆典。把头颅当作压抑的火山，对性困惑、成长焦虑与对成人世界的抗拒，混杂成机器人从中喷发，这太青春了。通过接纳内心的怪物，击败了代表僵化秩序的巨人，最终获得的不是明确的未来，而是继续“挥棒”的勇气与资格。碎片化的狂想叙事、符号狂欢的视觉风格，本身就是对标准化成熟的反叛。它给出的答案并非长大成人，而是带着那份“又傻又酷”（Fooly Cooly）的混沌力量，太喜欢这种风格了,negative,bangumi,FLCL
回复 Kristen斯图尔特 太神了兄弟,negative,bilibili,虚构推理
第一季虽然也很感人但只能算作佳作。此外，因为原作galgame载体的缘故，导致中途有一部分导致的后宫剧情看的人很奇怪，所以只能扣分。,neutral,bangumi,CLANNAD
AS篇毫无疑问的十分，但是学园篇剩下的几条线勉强及格。算上第一季学园篇整体的人物塑造和剧情逻辑都比不了游戏，显得非常粗糙，不过gal改确实难我也理解，9分对于clas已经算很高评价了。,positive,bangumi,CLANNAD 〜AFTER STORY〜
motiai,neutral,bilibili,少女乐队的呐喊
人物塑造拉满，每个人个性鲜明，相当优秀的群像描写，可惜立希和猫猫有点略显单薄，续作也没有弥补这点，特别是soyo的塑造，前后剧情联系紧密，节奏紧凑，情绪调动也很好，特别喜欢诗超绊的情感爆发，场外也属于是新时代互联网社区奇迹 2025621 不少人觉得mygo的场外社区滋生了很多ky小鬼，私以为这反而揭开了展示了婆罗门的双标的恶臭嘴脸。go和东方在场外方面很明显是同一类型的作品，都具有高社区活跃度meme丰富二创积极等的特点，这样的社群必然会渗入到各种亚文化圈层，对于前者的情况更多的是当成ky处理，而对于后者却仅仅只诞生了一个“电子越共”的娱乐梗，一方面是互联网社群日益保守化的结果，另一方面则是婆罗门的傲慢，所以如果东方生在当下这个时代，也许会被骂“木柜子妖怪闹麻了，劣质雷霆战机游戏到处探头”，所以我的观点是，这两部作品都不应该被这么指责。,positive,bangumi,mygo
应该直接叫dame,neutral,bilibili,约会大作战 第四季
WC，盒！,neutral,bilibili,Fate/Zero 第一季
原本是看mygo时想起了这部口碑很好的乐队番，实际体验下来乐队的成分并不多（甚至可以说滑滑蛋血C了两季），本质上还是日常番。没有毒点但感觉也没太多亮点。然后继续呆唯可爱！,neutral,bangumi,轻音少女 第二季
我心目中唯一的神作 没有任何好说的 从我小学六年级看完的那一刻 直至现在这种感觉 我都没有变过 尽管我已经把Key社三部曲全部看完 Key的游戏也玩过一些了 我依然觉得这部动漫是绝对的神,positive,bangumi,CLANNAD 〜AFTER STORY〜
呀咧呀咧daze,neutral,bilibili,约会大作战 第四季
mio，yui，律队的既视感,positive,bilibili,比宇宙更远的地方
POPGO AVCFLACAAC CHS 外挂,negative,bangumi,攻壳机动队 S.A.C. Solid State Society
这还是我看的第一部偶像类的动漫。在刚看完最后几集的情况下差点一股气评上十分，因为这部作品带给我的感动真的太多了，对一些人物的刻画也是让我深刻，唯一可惜的就是集数问题导致雪步和贵音的剧情太少了，与其他人产生的关系描写太少了，转变的也比较奇怪，可我依旧能喜欢上765每一个人。在这里面的P能力可能不是最好的，但他确实关心着每个人，他知道错误会改进会实践，很多事他也起到了主要作用，不过765最厉害的还是团结力。挺喜欢梓的个人回这种跑来跑去的感觉，还有真哥的那段又帅又爽的打戏（没想到能在偶像番里看到）。还有前期一直在铺垫的千早线，感情的刻画太细腻了。最后就是春香，番中关于她的描写很多，她也是整个团队最有凝聚力的人，每当团队遇到困难时她总会鼓励大家。最后几集氛围演出和情绪把控的很好，把我带入进去了，很久没哭那么多次了，25集的手绘live更是让我又惊喜又感动。,positive,bangumi,偶像大师
回复 AcorHugo 如果摩天大楼会崩塌,negative,bilibili,我们仍未知道那天所看见的花的名字。
"1看了一集。不喜欢超高科技（科幻）玩意儿对话信息密度大，不明白（不过总是看完能懂是个什么故事）
2表达内容非得用科幻世界来表达么？
3看了4集，之后是九课每集救一次火，到最后揭开一个大阴谋么？
4ed比op更好听
5看了17集。只能说不大理解片子要表达啥。而不意外地，看到了吹它伟大的评论。不明觉厉就吹，真恶心。就问这种傻缺一个问题：这部剧在讨论啥？答得上来么？
621集九课的飞机被人肉炸弹炸毁，俩飞行员跟着死了，但没一人有情感反应。她们不是人，不配得到别人的眼泪么
724集，合田的目的渐渐显露。好像有点明白又还是不明白整部剧到底要表达啥。不过可以确定是我需要再回看理解不是剧故弄玄虚
8费解都在用讲故事这种简单易懂方式了，咋还搞得不好理解跟看论述书籍似的一大堆莫名其妙的东西（特指塔奇克玛们讨论什么第三主体那集）",negative,bangumi,攻壳机动队 S.A.C. 2nd GIG
回复 Vileygr 大家别去看这个瑠衣浪费时间,negative,bilibili,堀与宫村
RE0乱入,neutral,bilibili,约会大作战 第四季
Oh no，路灯。,neutral,bilibili,Fate/Zero 第一季
回复 sintancoscot骨头是作为冒险者过来打八指的 然后途中看到有人打起来就来了  结果发现是小迪。。。 骨头不知道小迪在做啥方的要死,negative,bilibili,OVERLORD Ⅱ
帽 子zip,negative,bilibili,魔女之旅
像P4开局那棵树hh,positive,bilibili,少女乐队的呐喊
很多人锐评真嗣是废物，实际上这个番除了真嗣的，才都是废物吧？只会微笑挨打的丽，超雄舔狗明日香，宇智波巨婴碇源堂。这部剧除了真嗣以外的所有人都是极端的塑造，在观看过程中和monster一样，你感受不到所谓的博弈与智慧，碇源堂谜语人到最后也只是一个，像创造只有我和唯的世界。。宗教要素只是为了加入帅气的名词和时髦度，真嗣更贴近正常可以理解的角色，估计也是因为这是典型的阿宅幻想的自己，阿宅是废物，但是幻想的自己又可以打怪兽，拯救世界，有人爱,neutral,bangumi,新世纪福音战士
拿货车当QQ飞车玩呢,positive,bilibili,少女乐队的呐喊
Mio,neutral,bilibili,比宇宙更远的地方
上一次打开这部剧集已经是七八年前，也是这部作品让我认识了YUKI和spitz并喜欢了很长一阵子，而如今我也快到达启程的时刻了，不知是否还会觉得它们的青春过于耀眼呢,negative,bangumi,蜂蜜与四叶草
花了最久的时间观看的作品，感谢半年来的陪伴。看得最舒服的治愈系作品，一直不舍得看完啊不过有朝一日还会抓起来二刷的了，盼愿下一次在ARIA company再会。,positive,bangumi,水星领航员 第三季
《番名：AVEmujica》,neutral,bilibili,颂乐人偶
属于大学生的恋爱脑，迷茫男主最后骑车出走梦回相聚一刻。羽海野的少女漫经常追求点到为止，用搞笑桥段拒绝过分苦情，在苦情的时候又插入不重样的情歌，导致同性异性交际都太抹布洗了，不过一个偶像剧一定要像nana一样狗血吗，换个角度它还挺清新的，拨开恋爱元素，日子该过还得过。ep7竹内哲也一人原,positive,bangumi,蜂蜜与四叶草
才听出来是mlo的声音,negative,bilibili,比宇宙更远的地方
Gintoki daisuki,negative,bangumi,银魂'
hj,neutral,bilibili,Fate/Zero 第一季
实力大涨必有BGM,positive,bilibili,魔女之旅
超雄啊你fw一个,neutral,bilibili,Fate/Zero 第一季
"艾尔多利耶与爱丽丝的相熟是如此的充满偶然。

   对于他来说，爱丽丝不仅是比自己年幼的少女，更作为骑士还远远高位于他，同时还是骑士长贝尔库利唯一的弟子，因而爱丽丝只会使他感到不快，理应不可能抱有任何亲近之情。

   然而，在成为骑士一段时间后的某个黎明。

   艾尔多利耶偶然目击到了爱丽丝的令人意想不到的身姿。

   他为暗中进行剑术修行而在踏足蔷薇园深处，在那里看到了只穿着朴素睡衣的爱丽丝跪在一座粗陋的墓碑前，嘤嘤啜泣着。刻在只是用砍下的原木交叉重叠而成的墓碑上面的名字，是在几天之前寿尽的一头老飞龙生下爱丽丝的骑龙【雨缘】与艾尔德利耶的骑龙【滝刳】的母亲的。即便是高贵的飞龙，在骑士的眼里不过也只是供人役使的野兽，正当艾尔多利耶心中不屑时，眼泪莫名涌上眼眶爱丽丝那为已逝飞龙而悲哭的身姿，不知道为什么给自己的心灵带来了如同撕裂心脏般的冲击。爱丽丝的形象在艾尔多利耶的心中已如之前那副刻板姿态转化为了现在这般有血有肉的女子。
   
    这蔷薇园中的一瞥，使两人的命运交缠在了一起。
    
从那天起，映照在艾尔德利耶眼中的孤高骑士爱丽丝的形象，开始变得和之前截然不同了。无论面对何样的逆风都毅然地昂着头，但又似会随时夭折的水晶之花。
  想要守护她。想要将折磨那位少女的寒风尽数挡下。


爱丽丝大人。
  露出微笑，合起双眼，在下一瞬间。骑士的全身，都被黑暗吞噬了。

  整合骑士艾尔德利耶SynthesisThirtyone那稍稍超过五千的天命值。

  瞬间，变成了负五十万。

「别哭了。妈妈」
  然后，整合骑士艾尔德利耶SynthesisThittyone，又名艾尔德利耶乌尔斯布鲁格的灵魂，永远离开了Under World。",positive,bilibili,刀剑神域 爱丽丝篇 异界战争
被KQ摸了,neutral,bilibili,JOJO的奇妙冒险 石之海
w w w w w w,neutral,bilibili,四月是你的谎言 粤配版
师承soyorin,neutral,bilibili,少女乐队的呐喊
OHHHHHHHH,neutral,bilibili,魔女之旅
Steam打洞机,neutral,bilibili,比宇宙更远的地方
3a面板啊。还有一个成长性a,positive,bilibili,JOJO的奇妙冒险 石之海
Emiya丶士郎 圣骸布版卫宫士郎   你们要说的就只有合影吗！我还没资格当吉祥物呢！总之有点担心剧情开始加速了希望能保持住目前的水准。,negative,bilibili,Fate/stay night [Unlimited Blade Works] 第一季
五条悟：gain ki 冰冰da yo！,negative,bilibili,四月是你的谎言
yep 我欣赏不出来,positive,bilibili,四月是你的谎言
“永别了，所有的Evangelion”,positive,bangumi,新・福音战士剧场版：终
没钱办宴会的小祥jpg,negative,bilibili,mygo
lkpikiopkplo,neutral,bilibili,紫罗兰永恒花园
WARNING：BOSS第一阶段,positive,bilibili,少女乐队的呐喊
遠場所目指 Lets go,negative,bilibili,比宇宙更远的地方
魔女之旅：伊蕾娜 VS 18名猎人,positive,bilibili,魔女之旅
MAYA是你吗，上次见你还是在英语考卷上,negative,bilibili,工作细胞 第二季
“我是来结束乐队的！”（soyo声）,negative,bilibili,少女乐队的呐喊
回复 Harrow 额，的翻译。。。,negative,bilibili,辉夜大小姐想让我告白～天才们的恋爱头脑战～
你们真能看完吗？俩部看完我已经怀疑人生了，那大叔一直念叨joe joe joe我听着头都大了，打斗音效也是重复利用耳朵都长茧了，我有一说一看完我根本记不住，印象最深的时刻也是第一季力石的死，感觉越往后反派越塑造的没什么灵性了，你配角塑造的如果能够好有自己的意志和精神那我是愿意给你打高分的，但第二季感觉一切都是主角团这边的个人秀，我觉得第一季比第二季好，但画面毫无疑问第二季是大升级，我不知道为什么结,neutral,bangumi,明日之丈2
烤p怎么到处跑23333,neutral,bilibili,少女乐队的呐喊
mmk表情包gif,neutral,bilibili,少女乐队的呐喊
阴冷的雨，赛博义体，存在、记忆，在黑暗的海洋里思考吧，疑问吧。ghost in the shell,positive,bangumi,攻壳机动队
ep7细田守回，神分镜演出绝对命运默示录太洗脑了b38在场面调度和镜头设计上都很值得玩味，比少革风头更盛的物语系列的监督新房也可能或多或少受到了这部作品的启发ep14又是细田守回，忏悔室蝴蝶标本象征意的演出、圣地恐怖气氛营造的演出、决斗场景的演出，环境氛围烘托是一绝与其说是“看”动画，倒不如说单纯在享受音乐和她独特的气质ep22，终于要开始了吗，对前面二十一回的革命ep34，开始了90的内容只作为形式存在斩断“永恒”即为革命ep39，最终回竟然是守哥吗，演出太强了“世界”永恒学园蛋壳棺木父权制，世界尽头理事长室虚幻的权力王子父权制顶点，消失没能成为王子革命失败跳脱出父权制少女的革命既不是成为王子，也不是沦为父权下的木偶，而是跳脱出来，成为“女性”,positive,bangumi,少女革命
"10
恋爱喜剧中的no1，打开就有好心情，传达的价值观也很积极健康。",positive,bangumi,辉夜大小姐想让我告白-超级浪漫-
桐老爷的cv！！桐老爷的cv！！,neutral,bilibili,紫罗兰永恒花园
ep1装了个大笔可太爽了ep5原来还是天赋怪ep14终于开始摆脱佐为外挂了ep18以网络来成全小亮和佐为的全力对决，同时也给了光成长的上限，可以说很妙的设计变成悬疑片了哈哈，你追我跑ep19有个好老师的确非常重要，这是刻意练习不可或缺的一环反馈机制ep26无形装逼最为致命说的就是你小光，用着外挂还要超绝不经意泄出来ep36光又开始嘴贱了ep42这几集互相搞心态笑死了ep47终于要开始最刺激的阶段了，古代最强对现代最强ep48全部跑来看sai下棋笑死了ep53光这说话确实太没方寸，现实中不要学哦会得罪人的ep63有些东西失去了才懂得珍惜这也是sai给小光上的最后一课ep75完结撒花高开高走平收，爽点基本围绕光的谜团展开有些可惜，后期看腻了有大量真围棋教学，可以说爱好者必看了787,neutral,bangumi,棋魂
Stand Alone Complex,positive,bangumi,攻壳机动队 S.A.C. 2nd GIG
哆啦Anya,neutral,bilibili,间谍过家家 第二季 中配版
ep9第八集第九集都好有趣啊。ep13 live事故频发，紧张感拉满，给我也看急了。ep15 笑死我了。ep16 哎我艹961怎么这么坏啊，这集观感不太好。ep19 不是姐们儿你真是月球来的啊？ep20 太好哭了吧。ep21 搞事的961终于要下线了；小鸟牵扯出来的过去看来有说法啊。ep22 看着白板上满满的日程，不仅是偶像们在台上努力，制作人也在为偶像们的事务而活跃着啊，看一集少一集，真的好不舍得。ep23 忙，忙点好啊。日程安排多留点空余时间就好了。ep25 感动,positive,bangumi,偶像大师
攻壳机动队这个热血番似的译名实在是拖了这部动画的后腿，将片名Ghost in the Shell直译成躯壳中的灵魂反而更有助于理解这部片想讨论的内容。全身义体化只留存人类大脑的素子本以为躯体不过是外物而记忆或者说灵魂才是生命的本质，但她在目睹记忆可以被改写覆盖甚至复制后产生了对于自我的怀疑，另一方面自主产生的人工智能可以随意复制自我的信息，却依旧渴望一具躯体来获得生命独有的繁衍能力，从而得到获取外界信息增加多样性的适应与进化之特性，最终两者也是成功融合从而诞生出了一种全新的生命形式。这部片的作画相当精细，特别是开启光学迷彩后的战斗非常有动感，片中的义体、人脑接口、信息海和网络世界等赛博朋克元素对后世影响颇深，比如2077dlc往日之影里跟大平头的决战就跟片尾大战战车的场景如出一辙。,positive,bangumi,攻壳机动队
PS：她喜欢崇公真士，可以理解为士道,positive,bilibili,约会大作战 第四季
不进行训练，派遣sirzj,positive,bilibili,比宇宙更远的地方
回复 ChairyPonPon 然而全球票房是500亿日元，你这数据过时了,neutral,bilibili,鬼灭之刃 无限列车篇
女主真的大方，善良，可爱又美丽呜呜XX,positive,bilibili,四月是你的谎言
补标，50话的黄金之秋，可谓高达历史上的最美结局，灭世兵器相拥为茧，而人类的未来又是化茧为蝶，伴随一个美丽的故事，一首神曲月之茧，人类的未来，破茧为蝶。而这样的大杀器，正因为有罗兰这样心地善良纯洁的polit来驾驶，才没有让黑历史重演，才会让故事变得如童话般瑰丽，高达Z和高达V告诉我们绝望如何写，EVA甚至把这种震惊观众的末世情节推到顶峰。但TA告诉我们，正能量的希望之歌，一样能写出无比精彩的剧本,positive,bangumi,∀高达
回复 tennychen 确实不高他们又不缺钱,negative,bilibili,JOJO的奇妙冒险 石之海
1个半小时分为3部分，前大半段都是讲雯对于希美的依赖，像利兹依赖青鸟。我看下来感觉平淡，这前大半段有很多铺垫。中间第二部分，转折点，利兹与青鸟的身份互换，也就是老师与雯谈话时，一开始觉得有一点点突兀就是身份转换。但紧接着第三段solo的再演奏，便豁然开朗，雯才是青鸟，是雯在迁就希美。二人在教室喜欢拥抱，在结尾一起放学，这时我才明白，她们就是她们，利兹与青鸟不能代表她们的全部。非常平淡，但意外打动人心的一部电影，但还是有点太平淡了,neutral,bangumi,莉兹与青鸟
虽然是第六层的冒险故事但是只讲了生骸村这个小点没有波澜壮阔的冒险转而是有很多回忆和小设定需要补充staff选择了保守的制作策略力保能让观众观感平稳的接收信息目的是达到了也不免让前期有些乏味结果好不容易做到了高潮ep12加长版貌似又平稳度过了几个情绪爆发点都没什么感觉有点拉了小岛正幸,neutral,bangumi,来自深渊 烈日的黄金乡
我刷过3d最好的一部,positive,bilibili,少女乐队的呐喊
9结局，意难平。分支剧情良莠不齐，总体在及格线之上，大概在7分8分之类的样子，个别重量单集质量相当能打，最喜欢的是ep22，佐藤大的，菲的个人单集（ Hard luck woman），ep14的下棋回。可以称得上爵士佳作。主线，我的评价是不太行。,positive,bangumi,星际牛仔
小姐我是6A面板,negative,bilibili,魔女之旅
suki 公生,positive,bilibili,四月是你的谎言
依旧看不懂一点bgm38,neutral,bangumi,新世纪福音战士剧场版 Air/真心为你
好看 难得又看到了好故事 能让我稍微重燃了一些看动画的激情 少有的从校园成长过渡到高竞技的职业 有真实感和传奇性 有jump系的优点 也有棋牌运动的那种文化层次感 动画拍的也好 曲子好 bgm好 前中期的故事基本不怎么用翻漫画,positive,bangumi,棋魂
回复 ABCDEFGCzjd,negative,bilibili,总之就是非常可爱 第二季
豪快的气质。我才是真货什么的，真是永恒的创作主题。fetch，梦中遇到的二重身，也就是Doppelgnger，上帝，自戕的隐喻其实和铃音讲的是同一个故事吧？音乐也是十分爽口的千禧风味，疾风怒涛，狂气，喜欢。,positive,bangumi,蓝色恐惧
混沌武士让我喜欢上hip hop！,positive,bangumi,混沌武士
DOOM启动！！！！,negative,bilibili,mygo
回复 MaxBurning 3」,negative,bilibili,辉夜大小姐想让我告白～天才们的恋爱头脑战～
我反倒没那么喜欢第一季，这也是我听说了这个番很久但是一直没有入坑的一个原因。我也不懂那些“多一些第一季那样冒险”的评论是谁一直在嚷嚷，明明这个番后面越做越好了anyway,neutral,bangumi,瑞克和莫蒂 第一季
6WRMB真的够吗，估计要省着花,negative,bilibili,比宇宙更远的地方
NiKo对现在的G2有什么看法呢,positive,bilibili,少女乐队的呐喊
yeeeeee,neutral,bilibili,比宇宙更远的地方
哪里都有kards玩具,positive,bilibili,少女乐队的呐喊
现在来看eva旧tv版的整体并不尽如人意，为了真嗣的塑造牺牲了太多角色，不过单就真嗣的塑造来说，它太成功了，即使放到现在来看依旧是超前的，可以说没有本篇的铺垫，《真心为你》的爆发则会逊色许多,neutral,bangumi,新世纪福音战士
顶级脑洞，搞笑巅峰。重看了三次，每一次都是我一生中看动画最快乐的时光。nano的塑造和成长实在能给我带来相当的感动，尤其是nano与祐子两条线交汇之后，这种名为日常的奇迹真是能带给人别样的治愈。非要说问题就是结束的太快了，在内心和大脑深处无限渴求看到更多nano和大家的日常时，动画却戛然而止,positive,bangumi,日常
年度rap奖,neutral,bilibili,Angels of Death
回过头来看gbc其实也算是一部不错的动画，当然里面也有没处理完的矛盾（比如nina和hina之间）结尾也是草草收束，以至于会有人说烂尾（毕竟续作到现在（262）都没消息），但个人觉得当nina回家与家人和解，回到东京队友全部来接那一段就已经把完成了这部番的叙事任务（当然如果停在这我就给8分了，那一段是真的很棒），后面的反而当附加的ova看或许会更能接受一些？（当然还是希望续作能出，花田应该也不至于搞成母鸡卡那种玩意儿吧）,neutral,bangumi,girls band cry
第五集了文革真的是令人遗憾啊，幸好是输给世界冠军呢所有的运动番似乎都离不开“靠努力是赢不了有才能的人的”这种话呢，peco你脑子里出现的以前Akuma打 Smile，他的那句“一点都没长进”令你也深思了吧，你才是真正的一点都没长进啊,positive,bangumi,乒乓
连听11次OP,negative,bilibili,少女乐队的呐喊
BIKO,neutral,bilibili,比宇宙更远的地方
神，24年的我已经很久很久没有追番了，但是GBC的出现又让我重新拥有了当初追番的感觉，每周都在期待更新。剧情以及演出方面也很好看，特别是第11集的演出，神回中的神回。,positive,bangumi,girls band cry
给了我很大震撼。整部EVA的精华所在毫无疑问。作为EVA的结局很适合很合理，这部里再次展现了EVA的经典意识流。男主历来争议很大，但无论怎样，碇真嗣是我在EVA系列里最喜欢的角色，他是EVA的核心和灵魂。给这部10分，也是献给我自己的,positive,bangumi,新世纪福音战士剧场版 Air/真心为你
迷人的恶趣味  ep7的布莱德安德森说的话想必代表了编剧的状态233，但是“度”把握得不错，特别是莫蒂这个角色，从设定到声音再到剧情很难说不是故意的  至少对我来说，这个程度是迷人的，虽然会明确意识到这就是编剧的恶趣味，但是还是很有趣甚至变得更有趣了,positive,bangumi,瑞克和莫蒂 第一季
绝对的神作，看一辈子rickmorty,positive,bangumi,瑞克和莫蒂 第三季
经过了10年又在网球娇娃之后演出自然成熟很多，丈为了目标竭尽一切的殉道者符号相较一季更加突出，拳台下的文戏还是非常出色，但是在拳台上走出困境获胜的设计不行，加上前半每part的收尾往往为了让情绪上扬而加快叙述用harmony太急切生硬，不是关键转折没做出来就是余韵被破坏，重复用力石心魔不免也有点啰嗦，死亡的意象应该是本就足够或者说已经过度了,positive,bangumi,明日之丈2
回复 DrHugic 戳啦，灰爱音嘛,negative,bilibili,mygo
co co,neutral,bilibili,比宇宙更远的地方
神山健治的TV版主要是探究人类近未来社会的问题。社会问题也会由此引发出人性问题，社会问题：政府与企业的合谋（难民事件）；战争经济链（核威慑博弈）。人性的坚守：塔奇克马AI自发牺牲，证明机械也能产生灵魂（一种奇幻式的对人性坚守的刻画）；素子始终保持选择权（表现在：95电影版中选择与傀儡师融合，放弃人类身份；《无罪》中，即便已脱离人类形态，依旧选择帮助巴特对抗黑暗；笑脸男事件中保护笑脸男并替他保守秘密；个别的十一人中发现政府操纵并利用难民后选择和组织一起与政府对立；SSS中选择独自以傀儡师的身份帮助9课），即便肉身消失仍坚守正义，这也是她的特质之一：无论自身情况如何，都会坚守正义，对抗不公与腐败。一些也很有意思现实对照：义体技术  脑机接口；电子脑污染  社交媒体算法茧房；笑脸男事件  维基解密斯诺登事件。个人评分 96分,positive,bangumi,攻壳机动队 STAND ALONE COMPLEX
好有壓迫感的背影 ll,positive,bilibili,比宇宙更远的地方
人物的刻画都非常的到位，对jinx有一种又讨厌但又无奈的感觉 一方面觉得她是个熊孩子，但又想到她所成长的环境注定了她的这种样子。而v无数次想要干掉jinx，但却在关键时刻犹豫不决，既要又要，但又无比的真实。动画的制作也是无比精致，音乐的插入恰到好处，时不时让人想要切出去识曲，看这部动画像是在欣赏一件艺术品。,positive,bangumi,英雄联盟：双城之战
"哦，我的老伙计！
这该死的感觉就像是，从百草园到三味书屋，草到家了！
噢，是的，不得不说，希望下次的会议，能变得实在那么一些。
哦，不，我的意思是，希望阁下还能按时参加下一次的会议
当然，你如果非要彻底地问我是哪一个会议？
我只能负责地告诉阁下，是“关于小紫挂后复活率高达3那件事”的会议。
另外，比较有趣的一件事是那场会议，会议上的每一个参与者都“十分高兴”，但是看那场会议的观众，却不能够深刻领会会议中的精神，观众他们意见比较大，哦，我的伙计儿，怎么说呢？难道他们是s b吗？",negative,bilibili,关于我转生变成史莱姆这档事 第二季
制作上某些方面比tv更上一层楼，作为有一定篇幅的ova，剧情相对完整，即使在未观看前作的情况下，也能不错地赏析人物和世界观，瑕疵在于故事差了点趣味性和悬念。意识形态有别于tv版的上层建筑倾向，SSS中更为明确地指向了所可能面临的更为现实和广泛的社会民生问题。【剧情：775，内涵：850，制作：850，音乐：800。综合评价：779】,neutral,bangumi,攻壳机动队 S.A.C. Solid State Society
长月达平你的笑容最迷人（bushi,neutral,bilibili,Re：从零开始的异世界生活 第二季 后半
个人心中最喜爱的高达作品，虽然直到最后都没喜欢上高达的头部造型，但这部番的故事本身让我十分沉浸其中，两天时间一口气看完的。作品本身给人一种很童话寓言式的政治作品的感觉，很对个人电波，像我之前看同为富野由悠季的Gself就完全没怎么对上电波看一半弃了。,positive,bangumi,∀高达
04292024 C,negative,bangumi,排球少年 乌野高校 VS 白鸟泽学园高校
回复 NrosesJ 这个剧场版从上线到现在一共也没几天，首页推荐封面肯定是一早准备好的，就像我当时看到的b站给阴阳师的cg弄的天域篇下的推荐配图是帝释天的腿下面写着“老婆的腿绝绝子”，我们玩家看到的都不太一样,negative,bilibili,名侦探柯南：零的执行人
爱音0o,neutral,bilibili,颂乐人偶
Wind Glass Birds Girls 202412152025831,positive,bangumi,莉兹与青鸟
算是番外加S2ep24的补充吧，但终究还是没做到那时的样子。不过歌倒是听爽了，相遇天使也再演了，想出『天使』那段做的挺好的，我很喜欢。还有班会演奏后四人围坐的场景也很喜欢，四人空虚地盯着某处，静静的发着呆，那感觉太棒了。伦敦行感觉有些看的不尽兴，要是再有趣些就好了,positive,bangumi,轻音少女 剧场版
瓦姆乌                       卡兹                               ACDC,neutral,bilibili,四月是你的谎言
回复 莫允NOneY 所以这下横也不是竖也不是，太难为银链和大沼心了,negative,bilibili,因为太怕痛就全点防御力了 第二季
对我来说是一部充满回忆的番剧，迷路的孩子终究会找到指明方向的星星。对于人物的刻画堪称“离谱”，但扭曲的重力一定程度带动bangdream整个企划实现复苏，这部番剧的实际意义远远超过了它的预期。,neutral,bangumi,mygo
回复 撒需好 没错就是d m z j（不知道为什么就空格了）,negative,bilibili,辉夜大小姐想让我告白～天才们的恋爱头脑战～
居然还是nikon,negative,bilibili,颂乐人偶
over G（）,neutral,bilibili,魔女之旅
回复 wtkst,negative,bilibili,OVERLORD Ⅱ
"11、小时候的回忆部分，486摔倒的地方正好是和贤一散步经过的樱树路呢。

12、关于486刚进高中时的失败，486有较高层次的交流障碍，在需要读空气的学校生活中稍微有点辛苦呢。之所以在异世界能处理得比较好是因为周围有很多不是同龄人而是大人。

13、令486在【试炼】中恢复现在的自己的，是在异世界遇到的两名少女。
我看着【你】（emt）、【你】（蕾姆）看着我这是原动力。（注：这句是小说第6卷【从零开始】一节最后的台词）

14、父子谈话这段删掉了一些台词，贤一其实说过【想要被我讨厌，至少要毫无理由地残杀一半的人类才行】，意思就是做不到的啦。

15、【试炼】开始、取回自己、把很难说出口的话对父亲说了的同时，486也凭直觉感到了无法从异世界回现实了。

16、长月表示现在没法详细说明，但486其实是从一开始就无意识中觉得自己回不去了，这份不自觉在和贤一的对话中自觉到了。

（还有一点没翻完，稍等）",positive,bilibili,Re：从零开始的异世界生活 第二季 前半
姐姐我也是nina啊QwQ,positive,bilibili,少女乐队的呐喊
"2025119 ep1
20251115 ep89
20251206 结局非常感动，但总感觉情绪调动非常样板化，也许可以做得更好",positive,bangumi,强风吹拂
回复 narcisssus 并没有啊喂，我是真心觉得可怕口,negative,bilibili,青春猪头少年不会梦到兔女郎学姐
回复 GrabacrSix 没看到这两句，但是看到了“为什么要投5！！！”，笑死,negative,bilibili,mygo
goose house 都出来了！我也喜欢她们的歌,positive,bilibili,四月是你的谎言
a wsl,neutral,bilibili,比宇宙更远的地方
华丽丽www,neutral,bilibili,鬼灭之刃 刀匠村篇
触发剧情纱和be,neutral,bilibili,约会大作战 第四季
回复 SupernovaAL嗯！久美子太可爱了,negative,bilibili,四月是你的谎言
包库瓦darling哒,negative,bilibili,四月是你的谎言
SOS团同款23333,neutral,bilibili,少女乐队的呐喊
（0v0）,neutral,bilibili,少女乐队的呐喊
"若卵殻破、雛生死。我雛、卵世界。世界殻破、我生死。
打破世界的壳，打破王子，公主和必要的牺牲之人的幻影之城，或许就是主题所谓解放人性和刻板观念吧。从结构可以划为三段：找到自我的想法；以他人的思念；面对自己深处的愿望；安希在每一段都被作为客体是他人愿望的映射，而欧提娜次次决斗不仅是调和她人的矛盾也是一根根把结局处射向安希的剑拔下，然而这只是一小部分；她的寻死，解放，和欧蒂娜的牺牲在结局几集压抑的氛围中突然爆发逆转，从这个方面看，剧情倒也不能说是编剧故意喂矢。只是哪怕这样想，节外生枝的信息仍然太多，哪些是可解析的哪些不是依然模糊，不过也不能因此去给差评吧。
舞台装置之设计与同时代的big o颇有相似之处，我还挺吃这一套，认真重温或许能写篇比较论文出来（笑",positive,bangumi,少女革命
糟糕！快使用铠甲S1 道尔M1  SU27 K52反制他们！,positive,bilibili,魔女之旅
其实没看完，25六月看了几集看鲁鲁修去了，25八月又看了几集，26寒假补到l死,negative,bangumi,死亡笔记
No No No,negative,bilibili,四月是你的谎言
漫画有人追么？举个爪，传送门,neutral,bilibili,四月是你的谎言 粤配版
78說是cb的新瓶裝舊酒，實則還是有些差別。將江戶和hiphop融合的時代劇，多了一絲豪情與俠氣。不過敘事和人設跟cb仍有差距，有時看不進去。個人回，主線和某些歷史搞怪回都不錯，留白依舊美麗，各種元素及故事和氛圍融合的恰好。武士落幕與宗教壓迫的主題也展示出人文關懷，我們經常說文人風骨，可武士也有自己的武士道，生不逢時的武士有的成為了浪人也有的成為了野狗。在號稱和平卻草菅人命的時代，不變的只有心中的原則，主角團堅守著自己的原則遊歷天下。最終篇三人的過去還是交織在一起，當斬斷各自的結後，故事是到了尾聲。天下無不散筵席，一場偶然的相遇造就的故事也終將走向結局，不必為此傷春悲秋，只需瀟灑離去開啟新篇章便足以。這種灑脫是曾經的渡邊所嚮往的浪漫與自由，如同劇中符號化的向日葵味道的武士。顯然，走到現在大家也發現渡邊的向日葵已經枯萎，只剩下土腥味,neutral,bangumi,混沌武士
不是哥们，无cd放技能,positive,bilibili,魔女之旅
我最讨厌看总集篇，第1讨厌看有新内容的总集篇，第2讨厌看纯粹的总集篇。5min不到过，20240816,neutral,bangumi,新世纪福音战士剧场版 DEATH(TRUE)2/Air/真心为你
20231201  由好友Nagi入坑，少数漫画观感超过动画的作品，配合漫画同时补完，传统热血少年漫的鼻祖之一。你可以找到后世许多带有自己饭圈文化的热血少年漫画中的拿手好活，但不幸，这都是富坚义博玩剩下的，小杰与奇犽的友情尤令我感动，是绝对值得一补的好作品，如果不喜欢画风，可以尝试漫画，更令人震撼。,positive,bangumi,猎人
终于补完了！前9集看的我好压抑，搞得我断断续续地看，直到第10集终于翻盘了！然后就一口气看完了。怎么说呢，虽然一路看下来真的不容易，但总的来说还是挺好的。剧情人设在某些方面还是比较现实的，拉拉扯扯好几集终于组成乐队了，然后闹矛盾了，最终和解了，一直在迷茫的乐队啊。live虽然少但好听，如果是冲live来的话可能有点失望。（不打算看mujica了，我已经被剧透完了，话说第13集怎么把我干到mujica去了）,positive,bangumi,mygo
6R,neutral,bilibili,间谍过家家 第二季 中配版
oc世界观的DNA动了,positive,bilibili,魔女之旅
aao,neutral,bilibili,少女乐队的呐喊
说住为什么是友人A，不是B,neutral,bilibili,四月是你的谎言 粤配版
是mark不是make,neutral,bilibili,比宇宙更远的地方
S11！！！极境风雪！！！,negative,bilibili,魔女之旅
虽然当时还不是TRIGGER，但可以说确实是最有扳机味的一部作品，准确说是今石洋之味。通篇下来一个字概括那就是“燃”；什么种族斗争，燃起来就完事了，什么政治斗争，写一点意思意思不好继续往下写，燃起来就完事了，什么宇宙存亡，燃起来就完事了；可以说即便我一个对高达无感，对热血燃系作品也不算太感冒的人看到最后也还是会感到心潮澎湃。不去细究里面的一些剧情逻辑问题，放空大脑看进去，只要对相关要素稍微感兴趣一点，那从头到尾绝对都是十分酣畅淋漓的体验,positive,bangumi,天元突破 红莲螺岩
回复 ShaderL 三三知道同学们都认为士道是海王，逗他玩的,negative,bilibili,约会大作战 第四季
不得不惊叹于今敏大师的导演水平，无法想象这是大师的处女作，但是确实是我个人的扭曲心理，我一直认为顶尖的作品必须有深刻的内涵，而Perfect Blue没有给我心灵上的触动与思考。,positive,bangumi,蓝色恐惧
一群相互照顾的大学生对感情、才能、未来的探讨，大部分时间都在酸涩的小高潮情节和作为缓冲的搞笑桥段之间徘徊。但我不太吃这套无厘头的笑话演出，所以在看的时候很难产生共感。群像成吨的心理独白能将氛围渲染的很抒情，爱而不得的心境刻画地深沉，若有类似人生阅历会有很大共鸣。这一季度通篇下来竹本的塑造是对我印象最深的，竹本仿佛是每个平凡的普通人的真实写照，或许一部分人都像竹本一样在迷惘时期找寻过自我，在寻觅不到未来的道路中漫无目的地骑行。作为一个平凡的人在旅途中的所见所闻让他蜕变成长，加上恰到好处插入的配乐很动容，Spitz太神了,neutral,bangumi,蜂蜜与四叶草
ep01 想着晚一点来看的，没想到居然拖了一年半。ep02 才感觉有点过敏，想到17。嘛 完全成了老东西了啊我，时间好快,negative,bangumi,girls band cry
有些人真是nt什么事情都要出来抬杠，就要分个谁对谁错，我也服了，请你别来看这番了,negative,bilibili,比宇宙更远的地方
Goc科技,positive,bilibili,魔女之旅
tv外另一种结局，剧场版死与新生（true）2，air，真心为你，有空体验与tv的不同，此为记录,negative,bangumi,新世纪福音战士剧场版 DEATH(TRUE)2/Air/真心为你
ANA,neutral,bilibili,比宇宙更远的地方
mmk赶紧充点金鹰买个T80ud创飞所有人,negative,bilibili,少女乐队的呐喊
nein,neutral,bilibili,Fate/stay night [Unlimited Blade Works] 第一季
滔搏青训【Doge,neutral,bilibili,比宇宙更远的地方
回复 54363233963bili 那是ugo,negative,bilibili,刀剑神域 爱丽丝篇 异界战争
回复 Bili343652469 民主共和确实不错,positive,bilibili,欢迎来到实力至上主义的教室
心疼zack  QAQ,neutral,bilibili,Angels of Death
mopemope？小蓝花,positive,bilibili,魔女之旅
"谎言1；熏：友人A，我只是拿你当替代
谎言2：渡：我很花心，见一个爱一个
谎言3：椿：公生是我弟弟
谎言4：前辈：我移情别恋了",positive,bilibili,四月是你的谎言
bad end,neutral,bilibili,颂乐人偶
2024429 EP16：夕阳好美。2024112 EP14 名乃第一天上学。这一集的质量好高！OP ED换了。麻衣的表情刻画非常微妙！足球围棋部真的好笑，最后的足球也是。20231231 EP13 名乃和博士互相叫着对方的名字，以表达欣喜的心情。20231221 EP12：看到丢球，突然能get到这部了。人生的许多快乐竟是这样的“无意义行为”，但是确实是开心的。希望又一个人陪看，且能get到《日常》。游乐场的变色、变脸过于好笑！最后祐子和美绪在教室里两两相望的镜头跟《凉宫06》最后一集结尾的氛围有些像某种感情出现了。分镜演出：北之原孝将。20231213 EP11：名乃和博士互相蒙眼，很是可爱。2023114 EP10。结尾的一段讲了祐子一直不想写作业的心理状态和表现出的行为。我恰巧也在这种状态,neutral,bangumi,日常
Nina还没有接受jk486,neutral,bilibili,少女乐队的呐喊
制作优秀，但问题很大；剧情展开的很公式化，公式化不代表不好，公式讲的好一样可以很nice，本作的问题就出在讲故事上，剧情的叙事仿佛沉浸在自我感动之中，完全忽视了对于角色情绪的爆发没有做出足够的前情铺垫，自说自话，无视周围。观众虽然看得懂剧情想表达什么，却没有情感上的共鸣，男主开始参加演奏后集数，这个问题开始好转。全部看完之后，还是篇幅短故事进度赶的问题，好在把主要的都讲出来了，算是做出了个优秀解；不得不说这番激励的话语多到振奋人心，简直是心情失落时的良药。ps：宫园香织的塑造令人炫目。,negative,bangumi,四月是你的谎言
MVP,neutral,bilibili,比宇宙更远的地方
"小时候被家长拉着看的，我爹说这种青春热血的东西就应该让我这种江田岛健儿（划掉）这种社会主义热血好青年多看，长大了也要成为运动员（虽然我真当了几年）。对了我爹当年看圣斗士星矢，我们城里人条件宽，90年代想看这种日本毒草还是容易的（唉双规）

当然我现在已经开始研究强迫人留寸头，留长头发反动这思想究竟是不是cultural revolution的遗毒了。

当然作为一个热血漫灌篮高手确确实实是比后世的许多运动题材的都要好的，哪怕我现在一看到肌肉男运动员体育生当兵的就膈应，以及总会给这里面的角色代入以前的某些队员，不过确实是能够作为青少年（指1017）的群体看的。",neutral,bangumi,灌篮高手
回复 kisscwz 最多不是99吗？,negative,bilibili,总之就是非常可爱 第二季
没人觉得Zack的声音很像利威尔吗（doge,positive,bilibili,Angels of Death
真嗣：除了驾驶eva，我什么也做不到,positive,bilibili,四月是你的谎言
fly my wing,neutral,bilibili,少女乐队的呐喊
回复 justmonika 你有和我一样的想法吗？，我对不起对不起对不起我给人类种丢人了,negative,bilibili,NO GAME NO LIFE 游戏人生
BV1pw411t7qU,neutral,bilibili,葬送的芙莉莲
Ray：这就是你老给Zack吃垃圾食品的报应,negative,bilibili,Angels of Death
回复 Sevenquarters 问我都烦死了还符号,negative,bilibili,Re：从零开始的异世界生活 新编集版
呵呵 1111GET,positive,bilibili,在下坂本，有何贵干？
从L死亡可以分为前L时期和后L时期 前L时期算是本片的精华了 极致的智斗极致的拉扯 剧情跌宕起伏 每次交锋都能带来极强的紧迫感 而后L时期质量就明显下滑了 M和N带来的压迫感完全不如L 同时夜神月也跟得了老年痴呆一样 感觉能被前期的自己随便玩死 到了终盘稍稍有些回转 但是又因为计划太过完美像是在看夜神月的爽文一样 结果整这么完美的计划似乎确实是玩脱了 至少最后计划失败的原因我是不太能接受的 天意发力了有感觉吗  值得一提的点是 个人认为本作是不太看重对角色的塑造的 夜神月和L比起两个活生生的人 更像是两种概念的代行者 相应的看点也就更多在于他们之间的碰撞 而与角色本身无关 于是一旦少了这两个人观感就会有明显下滑 属于是成也两人败也两人了,positive,bangumi,死亡笔记
回复 cgy2468 是被打断的触手掉地上的,negative,bilibili,因为太怕痛就全点防御力了 第二季
我要退出crychic,negative,bilibili,少女乐队的呐喊
回复 Invictus4RS 比一张SSR还难抽的SR卡啊，在SR里掉率极低，玩恋与的叫这种卡小天王，其他游戏应该也会这么叫吧,negative,bilibili,OVERLORD Ⅲ
原来orange是这里的ed！！,neutral,bilibili,四月是你的谎言
monkey,neutral,bilibili,鬼灭之刃 游郭篇
别人：Mujica动画没有kirakira 我：,positive,bilibili,颂乐人偶
为什么不是粤语版ed,neutral,bilibili,四月是你的谎言 粤配版
ginka,neutral,bilibili,四月是你的谎言
回复 小花要好好吃饭 insight火星探测器？,negative,bilibili,总之就是非常可爱
整个op就两人,neutral,bilibili,异度侵入 ID:INVADED
感觉kinema citrus的这个团队在有高手指点的时候很强，自己玩很容易抓不到片子的要点。但我还是很看好他们，特别是小出卓史,neutral,bangumi,来自深渊 烈日的黄金乡
怎吗这么多dota2玩家,negative,bilibili,少女乐队的呐喊
FullCombo！,neutral,bilibili,少女乐队的呐喊
看过TV后重温，8分是给全系列的，但就剧场版本身而言，除了结局部分其他谈不上出色 全篇快节奏的叙事和战斗中倒是少了几分TV的抒情和绝望感，而伊迪安的真相在TV版剧情一步一步稳步推进当中其实早已猜到,positive,bangumi,传说巨神伊迪安 发动篇
锖义88官方认证cb你们磕你老木呢,neutral,bilibili,鬼灭之刃 柱训练篇
奇怪的3D又增加了,neutral,bilibili,约会大作战 第四季
"大一的特殊回忆。室友没人看音乐偶像企划，我自己1天2集“偷偷”看完的。至今对春香、千早和miki回印象最深，尤其是20集后究极好看。但对偶像大师还是不感兴趣，以至于时隔4年才补完U149。方才我去回顾了下每一集的staff，有小泽和则、佐藤利幸、黑木美幸、雨宫哲，甚至还有中山龙！有时我就会很嫉妒，md！为什么我喜欢的题材没有如此“国家队”般的制作，偏偏要给一个偶像番！（笑）
【以前只觉得剧情很厉害，现在逐渐get到手绘live的魅力。当时的我会给8分，现在抬至9分吧】
写于U149后：我觉得偶像大师的成功和篇幅26集有很大关系，使得里面的展开是自然而非突兀的，当然篇幅长并非一定好，这还是要看剧情本身的好坏的。U149我觉得篇幅再长点估计会更好。",positive,bangumi,偶像大师
【202510补怎么说呢，看完以后抛开剧情就是这里极其生动的对话表达手段和讲故事的方式，放到现在也很特别，剧情倒是没有特别优秀，伏笔照应这一块很好，但还是动画做的很好看，以及一些人的固定台词多次出现也很有意思，咬舌和我只知道我知道的jpg】EP0102 好抽象的故事讲述和剧情演出方式 和看小圆的时候感受到的完全不一样 挺有意思的 但剧情就挺抽象的 EP08 神回 OP前讲故事的方式好有味 后面战斗场面的作画和创意都很强 最后战场原来救场加最后包寿司也无敌卧槽卧槽卧槽 EP09 又是特别顶的一集 EP12 太顶了卧槽甜甜甜，但是这集如果不考虑是第12集的话感觉作为11话或真最终话是不是好点 EP1315 其实这三集比起前面不太行 但还是很强,positive,bangumi,化物语
321把我的AK47拿过来,neutral,bilibili,葬送的芙莉莲
我觉得ff的蜉蝣更类似于hp姐的替身能力，钢链手指更像把物体接回原处，而ff和hp姐的能力是把原本空失的寻求新的替代品（本身具备生命性），钢链和疯钻是恢复原处，而黄体则是赋予生命后再做替代,positive,bilibili,JOJO的奇妙冒险 石之海
Delicious,neutral,bilibili,魔女之旅
公生的tshirt：生而有憾,neutral,bilibili,四月是你的谎言
boku是中性词哦,positive,bilibili,mygo
超喜欢这个op的！！,neutral,bilibili,鬼灭之刃 柱训练篇
写一下真的感想，推上有yhm按作品时间线推断三春家第一次迎神可能发生在天保饥荒年间，也就解释棒棒头巾大人那句“感谢您收留饥馁的我们”，或许迎神最开始只是三春家某位像夏目他们一样善良的人做的一件好事，结局却“连这点小事都无法圆满”。世事大多如此。,positive,bilibili,夏目友人帐 第七季
"童话动画化了，第二季还没看，不过估计又要为了赚钱烂尾在赚钱面前名声就这么不值一提吗，只要收手就能维持童话神作的地位。
1天后update，不小心看到了漫画，果然烂尾了动画把原作提升到了他自己本不该有的高度",positive,bangumi,葬送的芙莉莲
可爱wwwwwww,positive,bilibili,颂乐人偶
Leo need ：我们的卖点不是女高乐队,neutral,bilibili,少女乐队的呐喊
Deadmau RAWS NausicaaoftheValleyoftheWindInternationalReleaseBDRip1080pX26410bitVerDeadmauvlad,positive,bangumi,风之谷
"断断续续看了3遍，感觉可以从攻壳中毕业了。
sac第二季最突出的优点还是塑造了合田这个真正智商在线的反派。在政治家都是小可爱的二次元里给了所有人一点小小的成年人手腕的震撼。合田以一个简单的阳谋与官大一级压死人成功碾压了九科，可以说是有老师的身份参与到了初中生的勾心斗角中的感觉（动漫极端的采取了核弹这个伤敌一千自损八百的模式，在地球online中不需要做到这一步）。
至于世界观，构建的很有前瞻性，科技与政治的结合极具真实感，不过除了难民问题外的人机关系，哲学思辨在sac第二季中浅尝辄止，但对于动漫来说则有一股高逼格的朦胧美（好像说了什么，但又啥都没讲）
总的来说，我觉得的攻壳机动队这个系列最大的特点是真正把动漫当成了一个和书一样的载体，可以舍弃掉娱乐性，严肃的思考，这是具有里程碑意义的。再加上先进的制作，真像来自未来的作品",positive,bangumi,攻壳机动队 S.A.C. 2nd GIG
虽然有点虚幻但还是做得不错，青春和友情主题类型的正经纯粹动画，几乎没搞那些不伦不类乱七八糟的俗套，人物情感很真实比较有感染力，主角团的青春魅力和活力比较好的表现出来了，总之这么能看的同类型动画近几年里貌似没看到过了诶角色除了女主imouto就都不太Moe有点残念 厂偶像结月换了听着嫩一点的CV多好，被CV毁了，差点忘了画最漂亮的2个主角没几p就被CV搞角色崩坏毁了真是（〇）,neutral,bangumi,比宇宙更远的地方
从来没有一只鬼像这样让我Sam值狂掉。。。,negative,bilibili,鬼灭之刃 柱训练篇
dream part！,neutral,bilibili,约会大作战 第四季
fan letter是对的我跟你说,positive,bangumi,航海王：粉丝来信
按e键同步地图AC乱入,positive,bilibili,魔女之旅
fever66666666,neutral,bilibili,颂乐人偶
补药啊，还我睦子米QWQ,neutral,bilibili,颂乐人偶
685虽然看着可能有伏笔，你说他就是明着精神属性转化力量的设定吧，不过俺寻思之力还是看的不太习惯，这就是超级系么想起妖尾和太空丹迪，前者我接受还可以，后者也不太对我胃口音乐和叙事节奏一般的感觉ep5虽然算比较常见的剧情，但写的真好能触动人ep6居然这么快就开始总集篇么，难道这番其实很穷？幸好我正好一阵子没看补课了大哥牺牲这里观感一般，刻意感比较强，从现在的眼光来看看过太多类似的桥段了,neutral,bangumi,天元突破 红莲螺岩
用优秀的音乐，镜头设计和脚本说了一个烂俗的故事和几十个无聊的小故事， 在氛围的塑造上确实很难有作品能达到cb的高度，但剧本深度不足也确实很拉后腿，不好用一个分数来整体评判这个作品，但说实话，确实和攻壳和eva这样的作品不是一个级别的,neutral,bangumi,星际牛仔
不er直接上手抓在酱汁上？,positive,bilibili,少女乐队的呐喊
我可是AVE MUJICA的ob一串字母女士,negative,bilibili,魔女之旅
看过 TV版 来 剧场版 ，看了10分钟 同性恋有点不适,neutral,bangumi,莉兹与青鸟
如果说第一季是对在露营中与自然亲近的极致描绘，那么第二季就是一连串充满人文亲情的温馨日常。角色之间通过露营这一共同爱好建立起的羁绊不断加强和互相满足，观众也能带入其中并与之共情，制作组属于是找准了番的定位和自己的舒适区了。bgm一如既往的优秀，ost能单拿出来在看书时听的程度。相比第一季，不用再向观众介绍人物，能将重心更多放在描写平静的氛围上，节奏就舒缓了很多，观感更加舒适。每集的oped都舍不得跳，这可能是唯一一部。发现时已经不知不觉爱上了这部番，如同涓涓细雨，润物细无声。很庆幸自己能发现这个宝藏，让我浮躁的心能够些许平静。最棒的芳文社改作品，永远的神之动画。,positive,bangumi,摇曳露营△ 第二季
太行了开局少一大段，啊b，g都不用,negative,bilibili,约会大作战 第四季
关于eva叙事性写在tv26集下。air真心为你的剧场版是对tv动画结局的补完，评价下我看到的eva艺术性的表达关于暴力：前期的机设、战斗剧情与类似高达、鲁路修的炫酷机战的时髦美学不同，而是独特的暴力美学，有多场战斗都是以eva暴走，拳拳到肉、生吃活剥的描写，展示生物原始的暴力，也是用视听体验展现生物情感的同步宣泄性隐喻和相关构图隐喻：eva的意识流和情绪流可以说一半以上都在表达性相关，幻想中女性角色的裸体、拥抱、挑逗的语言等，剧情中也有葛城美里大人的吻、真嗣射击明日香的情节、巨大绫波丽的乳房特写等。eva的性隐喻都可以理解为母性，性幻想是对母爱的渴望，更进一步是对人与人之间理解的渴望，而这里的理解是以包容（母性的光辉）为主要情绪的理解。意识流演出：eva的意识流是碎片化、弱逻辑链条、跳跃式情绪变化的，区别于化物语强逻辑链条的意识流演出,negative,bangumi,新世纪福音战士剧场版 Air/真心为你
回复 loser幻心 符号写错，0分,negative,bilibili,辉夜大小姐想让我告白？～天才们的恋爱头脑战～
NASA大惊小怪,positive,bilibili,魔女之旅
ne ne ne,neutral,bilibili,比宇宙更远的地方
无CD开盾！！,negative,bilibili,葬送的芙莉莲
"如此长篇的故事还能保证完成度这么高，该收的伏笔都收了，完美诠释了契诃夫之抢理论。
分镜和演出无敌，尤其是战斗分镜，能在保证动作看得很清楚的同时帅的一批，音乐与画面的搭配堪比教科书。伏笔和隐喻藏在分镜中安排得恰到好处。作为商业作品，人设个顶个地鲜明，每个角色都是可以拿到其他番里当主角的。炼金术的世界观设定很酷，也很适合讲博弈的故事。
再来说说缺点，首先是热血漫都逃不开的过于强烈的“同伴”精神，齐次就是反派放水放得有点多，虽然跟它们的性格有关但打起来确实降低了战斗胜利的爽快感，最后就是政治戏写得过于天真，跟国产古代剧相比就是儿戏。这些剧情上的问题反应到动画中就是节奏不太好，一会儿太快一会儿太慢，详略不得当，节奏不好进而导致很多极其nb的分镜演出没有达到它最好的效果，但即使如此也已经相当nb了（吐槽：阿尔出现在现实中我真是激动死了，阿尔比爱德帅多了）",positive,bangumi,钢之炼金术师 FULLMETAL ALCHEMIST
「最后一次参观的卢浮宫，并没有什么特别的。因为曾经的蒙娜丽莎，早已经死去了」 不复旧日，为赋新词。失去了对于心理问题带着见血把玩的eva并不能说是具有太多魅力的作品。直面成长原本并非庸俗的主题，然而脱离了创作实践的创作意图与信口搪塞无异。TV版里，尽管对于角色的处理严肃又癫狂，但理解他本无需了解庵野生平，《终》却正好相反。一二三四，值得被爱与自爱的角色们哑口无言地突兀成长，五六七八，你获得完美的不怕受到伤害的未来。是被告席上的抱怨和告解室里的表演，向神像庄严宣誓本人绝无虚言。于是上帝死了，《终》走向主流的文艺理论：一种流于形式的存在主义，一种缺乏美感和勇气的正确主张的诞生。不属于碇真嗣，不属于碇源堂，一个属于庵野秀明的私故事，演绎得过于平庸的解脱。像脚手架，像玻璃钢，像高楼与大厦，像锻锤砸落的规律回响，像塔式起重机缓慢的回旋，像一厢情愿的假装长大,neutral,bangumi,新・福音战士剧场版：终
SIFF 27th,neutral,bangumi,新世纪福音战士剧场版 DEATH(TRUE)2/Air/真心为你
【90】押片的代表作之一，PATLABOR2以独一无二的角度开辟了押式现实主义政治动画。受经济增长社会共识破裂的启发，押井守与伊藤和典将全片聚焦于揭露和平社会表象背后的潜在矛盾。以二科、国防族、拓植、美军、日本政府五方势力开展的政治舞台剧。受篇幅的限制故事本身并不复杂甚至可以说是简单，却用隐喻将主旨思想展现的极其完美，再加上押式留白对冷战中战争的不安氛围渲染使得pa2的思维深度与沉浸感形成了一种巧妙地契合。精炼的对话句句到位没有过多的出戏，更能营造对和平社会本质思考的氛围；国家与社会对边缘群体的压迫就像是大厦地基的摧残，随着大厦的增高，潜在的裂缝也逐渐扩大，直到压到地基最后一块砖落下上层的获利者才意识到自己所处的大厦只不过是迟早都要被戳破的泡沫罢了。,positive,bangumi,机动警察剧场版2 和平保卫战
ed听得我以为claris来了,positive,bangumi,辉夜大小姐想让我告白 通往大人的阶梯
一刀斩（bushi）,negative,bilibili,Angels of Death
no zuo no die,neutral,bilibili,干物妹！小埋
回复 踏实的草莓熊 pocketmon master,positive,bilibili,盾之勇者成名录 第四季
高开低走，煽情的铺垫和刻画不如mygo，第七集包饺子环节有点过于突兀了，看到第10集的观感是：没一个是人，太癫了，全是回旋镖。但是到这里还能接受吧！毕竟个人看番比较乐子人，离奇的剧情和神展开反而很对我的胃口，不过1112集的剧情跟吃了菌子写出来的一样，看得人不明所以。不过言归正传，live是真好看，银河战舰名不虚传。mygo强就强在能够把写得很炸很离奇的剧情圆回来，甚至非常感动，母鸡卡是不停地炸不停地爆，往越来越离谱的方向发展，然后最后突然重拿轻放，就大团圆了我大概一辈子也忘不了mygo了,neutral,bangumi,颂乐人偶
1，这代人的刻意点爆版ll，追番体验可以，追番时的讨论氛围挺好的“天呐，这唱的简直就是我”ep3全集第一人称小神回，演出形式很好了本以为第7集已经是巅峰了，没想到还有高手。第10集！彻底疯狂！10集的展开和演出在前期铺垫下直接引爆积攒的情绪，宣泄情绪是对的ep13更像是mujica第零集，然后mujica好像还跳票了，mygo远谈不上今年最好的一部，但确实是今年最令我最惊喜的一部，70,neutral,bangumi,mygo
kaswl,neutral,bilibili,Angels of Death
春晚是什么东西？还是芙来day好doge,negative,bilibili,葬送的芙莉莲
喝nene,neutral,bilibili,少女乐队的呐喊
不是阿sir宫老哥,positive,bilibili,比宇宙更远的地方
回复 hitersix 鸡你实在是太美,negative,bilibili,辉夜大小姐想让我告白 -究极浪漫-
回复 刚刚那个Blr 因为洛伊德真滴很nb,negative,bilibili,间谍过家家 粤配版
见到的请回答hello,negative,bilibili,魔女之旅
精分hhhhh,neutral,bilibili,四月是你的谎言
比part2以及第一季差太多,neutral,bangumi,虫师 续章
这个衣服可以去Wonderhoi！了,neutral,bilibili,少女乐队的呐喊
能不能放过爱音 乐奈和Go团 别留恋你那C团了行不,negative,bilibili,颂乐人偶
致敬传奇抽象艺术大师后藤一里。好不容易能找到一个演我精神状态的，你们就宠她吧。但是孩子们，这孤独吗？可能有一点。这摇滚吗？真的不怎么摇滚。好看是好看的，但即使是在充满了嘻嘻哈哈吃喝玩乐的kirara系，电波感还是感觉有些过头了。Bandswoman，what can I say？,neutral,bangumi,孤独摇滚！
VCR,neutral,bilibili,鬼灭之刃 柱训练篇
回复 goldchang feel肯定给你删光光，要不然做不到12话,negative,bilibili,我的青春恋爱物语果然有问题。完
ykn夺舍立,positive,bilibili,颂乐人偶
泪点低真的看不得 每一个小故事的高潮都会哭 Clannad就是人生,positive,bangumi,CLANNAD
左边的哥们是玩drill的吗,negative,bilibili,异度侵入 ID:INVADED
soyo：抱歉长官刚才没认出您,negative,bilibili,颂乐人偶
回复 BillEinstein 其实先不说花开的时间开场就说了已经过去几个月了啊,negative,bilibili,紫罗兰永恒花园
"看完了，“我是谁？”
片中用了大量的水中倒影和破碎镜子等视觉隐喻
来处理女主对自己身份的困惑。“当我在思考自己存在的时候，至少有一个我正在思考我的存在”
记忆成为了数据（可以被随意篡改），那“我”还是我的吗？同样的问题我在赛博朋克2077当中也有感受到。得了阿兹海默症的病人，他们逐渐的失去了记忆，那他们还是他们吗？
ghost直译过来是幽灵，鬼，记忆，但是给我的感觉ghost只是借用了灵魂的外壳，并非是传统概念下的“灵魂”。（ghost更像是一个用来钓起观众的“诱饵”，用“灵魂”的香气引诱观众。）",positive,bangumi,攻壳机动队
这 3d 连 asoul 的直播都不如，技术菜得超过耐受底线了 简直是里番,negative,bangumi,mygo
"超越了时代的作品，但是又局限于时代的作品。

ai的进化并不需要靠繁殖与死亡，ai其实可以自己研发ai。
如果ai产生了意识，那么ai将会是人类的最后一项发明，因为其他所有东西都可以让ai来研究，包括ai自己本身。

意识到这一点就会发现作者的假设和思想太过时了",positive,bangumi,攻壳机动队
前四集伞霙的故事“天意感”有点强了，JK触发器不是这么用的！后半部分明日香和姐姐线双线推进交相呼应，可谓酣畅淋漓，最后更是画龙点睛，asuka，yyds。,positive,bangumi,吹响吧！上低音号 第二季
160多辆T55的车组（,negative,bilibili,少女乐队的呐喊
"20250921
弹幕真的很有趣；体会到别人看free的感受了，我看MyGO：我不是来看乐队番的吗，这都是什么啊！；不过看完了感觉还挺好的，看之前就听过春日影这首歌，当时只觉得好听，在剧情里看到她们唱这首的时候真的很感动，Its MyGo 迷途之子这个名字起得太妙了，恰逢我现实生活也很迷茫，“这唱的简直是我啊！”",neutral,bangumi,mygo
"结尾略显仓促，但鲁鲁修的人格光芒完全净化了这点。
当代剧作中唯一的真王，新日之王！all hail lelouch！",positive,bangumi,Code Geass 反叛的鲁路修R2
不谈历史地位，现在看TV版不如直接看新剧场版，TV充斥大量不明觉厉的东西，比如疯狂出现的十字架和莫名其妙的生命之树，角色也是各种谜语人自闭症不说话，最枯燥的还是痞子最后几集的狂乱意识流，给我看睡着了，通过种种莫名其妙的元素却只是讲几个很简单的道理，但我当时只是把它当番看完，没出现多大触动，即便勉强看懂，“我”也不过就是个初中生，能有什么体会呢？,neutral,bangumi,新世纪福音战士
回复 OKJoe Soga,negative,bilibili,总之就是非常可爱 第二季
shele,neutral,bilibili,四月是你的谎言 粤配版
凭借凄美爱情在以暴力猎奇题材为主导的日本ova黄金年代脱颖而出，打斗时习惯用来掩盖作画不足的黑白频闪技巧这一时代特色也未曾缺席。剧情与《混沌武士》第十一集的「堕落天使」有股异曲同工之调，都是对《菊与刀》的物哀美学印证。时代感使其凄美热烈，也使我与影片之间始终隔了一层覆雪厚壁。伫立在眼前的“雪”之意象告诉我这便是“美”，但我却“身首异处”，对于“感同身受”心有余而力不足，融入不进氛围里去，能看见“美”却体会不到“美”。,neutral,bangumi,浪客剑心 追忆篇
"从0079到Z短短几年间随制作体系发展作画演出实现质的飞跃，机战和机械部分即使相比后世作品仍不逊色，但随细节丰富战斗中直接击坠大为减少，取而代之各种狗斗与战损后开溜，有些不够爽快；不得不抱怨的还有缺乏连贯的人物塑造与叙事、俘虏出逃或配角搞事频繁复用，迷惑的感情戏份，大概不能简单概以“NT的事不用搞太明白”简单揭过，不过伴随故事发展至香港相遇凤之后卡缪逐渐清晰的成长脉络，倒也不是不能理解某些安排的用意。
长久浸淫于权力与私欲，愈发丧失辨明基本善恶是非的能力，遍寻解法不得而寄希望于NT引发革新，但不断对现实重力发出呐喊质问的年轻理想者，终究被卷入不见终点的战争螺旋消亡殆尽，时代的眼泪令人心灰意冷。",positive,bangumi,机动战士Z高达
人感染弯曲杆菌后通常症状不太严重，多数可以自愈，少数情况用氟喹诺酮、大环内酯类等抗生素可有效治愈；人感染弯曲杆菌的来源主要是鸡鸭鹅等禽类制品，因此普通人在食用、接触禽类时注意卫生即可免于感染；值得注意的是随着抗生素的大量使用，弯曲杆菌在长期的斗争中逐渐也产生了抗药性，这主要包括四种机制：1弯曲杆菌让抗生素攻击错误的目标而不是自己。 2让抗生素无法进入自身内部发挥杀菌作用。 （抗生素对细菌的杀伤在于进入细菌内部再破坏细菌的细胞壁，让细菌吸水过多涨裂而死。）3即使抗生素进入内部，也通过制造外排泵把抗生素排出去。 4直接攻击抗生素让其失效；这其中第3点“制造外排泵”效果最为显著，弯曲杆菌制造出的名为CmeABC的泵甚至让它对多种抗生素都发展出了抗性。,positive,bilibili,工作细胞 第二季
这很lovelive啊,positive,bilibili,比宇宙更远的地方
挣脱彼此的枷锁，一起在天空翱翔才是happy end。太绝了，山田尚子彻底封神之战。,positive,bangumi,莉兹与青鸟
RO635（确信）,positive,bilibili,魔女之旅
fufu：你想我了？,neutral,bilibili,葬送的芙莉莲
S03E07 神！,negative,bangumi,瑞克和莫蒂 第三季
阿伟ProMAX,negative,bilibili,鬼灭之刃 柱训练篇
yugioh,neutral,bilibili,四月是你的谎言
唯一一个没看过番却熟悉的op,positive,bilibili,少女乐队的呐喊
回复 我要干翻的是这苍穹 漫画吗，bilibili漫画,negative,bilibili,鬼灭之刃
不要啊biaoq,neutral,bilibili,少女乐队的呐喊
可以说是邦邦的“新一作”略带扭曲的剧情 感情音乐的张力  还有难绷的名场面 造就了邦里独一无二的作品 9集的压抑 一集释放真的爽 灯神nb 那年的盛夏再也不会回来了 我永远不会忘记那个暑假看mygo的时候,positive,bangumi,mygo
76 说实话到11话为止都还可以，前期非常惊艳但是高开低走，NINA真的从头倔到位把周围所有人拉下水，也能说是一种特色吧尽管观感不是很好，后面几场的LIVE真的不太行，音乐配不上画面那么激昂，最大的问题还是NINA每次的矛盾真的很鸡毛蒜皮，属于是硬要叛逆的那种,neutral,bangumi,girls band cry
前奏有一点点像Roselia的《louder》。。。。。。,neutral,bilibili,少女乐队的呐喊
"在所有艺术作品中，有那么一种略显无意义的存在，它不告诉你世界如何，不为你传播观念怎样，仅仅是以意识为主导，展现一幅不存在世间的画卷。

  Paprika就是这样一部作品，它让我们得以短暂地瞥见他人之梦，又以影像的形式长久地留存下来。

  现实中她并不坦率，对爱慕之人表达的是虚假的恶意。梦中她紧紧地抱住爱慕之人，在梦中传达她真实的情意。
  现实中他逃避真实的梦想，在虚假的愿望中不断因回忆创伤。梦中他直面真实的欲望，他决定在谎言中握住真实。

  社会的运转与规则让人们做相同的梦，情感却制造仅属于自己的梦，它短暂而不可触及，却比现实更加真实。

  在故事的最后，在那做梦人的梦中，名为今敏的人醒了。",positive,bangumi,红辣椒
由于B3用电过多导致楼下的B4经常没电,negative,bilibili,Angels of Death
二十世纪早在二十五年前就结束了，可我却感觉如此漫长。幸福的回忆是宝贵的，你没法用“未来可以弥补”，来糊弄自己的痛苦。世纪之交出生的Z世代，回忆阶级鲜明。出生在北上广深的蛋蛋后，山河四省城乡结合部的蛋蛋后，大西北大西南穷乡僻壤的蛋蛋后，“蛋蛋”是鸡鸭鹅蛋，痛苦都痛得别具特色，何况再加以更割裂的贫富差距。我们都生在平壤，却活在两个世界。在峡谷里长大的一代人。,positive,bangumi,蜡笔小新：大人王国的反击
Ubw不是凛线吗？这是什么情况？,negative,bilibili,Fate/stay night [Unlimited Blade Works] 第一季
要说剧情有多复杂吧，无非又要废校从而进行30vs30罢了。但看得是真的爽啊，尤其是最后游乐场战，把自己代入进去打炮更爽！坦克近距离对轰和特摄等身战一样看得人情绪高涨，而且剧场版更注重对其他人物的塑造，特别喜欢里面的毛妹；后面的人文关怀也是到了吉田玲子的舒适区。只恨不能在电影院看精彩，太精彩了！,positive,bangumi,少女与战车 剧场版
bonfire说的对,neutral,bilibili,颂乐人偶
deshio,neutral,bilibili,少女乐队的呐喊
施展xx技艺,positive,bilibili,紫罗兰永恒花园
回复 Eternal卡奇 没法独立思考，别人说啥就是啥，但是没细说会不会听敌人说的话。,negative,bilibili,盾之勇者成名录 第三季
CRH2A,neutral,bilibili,少女乐队的呐喊
Ep01结尾暴揍爱因斯坦。Ep04物理意义上的杀疯了，结尾居然有个真的。太讽刺了，记忆确实不可靠。Ep10没想到是这样的结局，当年追番的人要等一年半才有后续,positive,bangumi,瑞克和莫蒂 第二季
和离婚阔太太一样yie,positive,bilibili,少女乐队的呐喊
达咩xxx,neutral,bilibili,Angels of Death
NT高达捕鸟装,positive,bilibili,葬送的芙莉莲
观感8分，但是我太喜欢了9分！主角是我这几年见过最个性分明的角色，而且不会让人反感，3D的效果也是出奇的好，这简直就是我心目中未来二次元3d的样子,positive,bangumi,girls band cry
ty服务器原来在这,neutral,bilibili,比宇宙更远的地方
阿里马 Cosin,neutral,bilibili,四月是你的谎言
国民：怎么，我也是play的一环？,positive,bilibili,魔女之旅
回复 Anknovo “所以你是为了辉夜来的，对吧”,negative,bilibili,辉夜大小姐想让我告白 -究极浪漫-
回复 zstnst 不要太认真,negative,bilibili,总之就是非常可爱 第二季
《立希谈avemujica》,positive,bilibili,颂乐人偶
kolakoca可太行了,negative,bilibili,比宇宙更远的地方
第一次看（应该也只看过这一次）是在16年8月份左右，那时候没太看明白，豆瓣上打了3星，bgm上先不打分了。希望这部作品能在国内重映吧，到时候我重温一遍,negative,bangumi,风之谷
clannad,neutral,bilibili,四月是你的谎言
西卡西，那有oo,neutral,bilibili,国王排名 勇气的宝箱
睦叫祥子是叫saki不是叫Sakik,negative,bilibili,颂乐人偶
FZ的英灵无论战力还是名气都太顶了,negative,bilibili,Fate/Zero 第一季
AVE MUJICA都似光光了！好！,neutral,bilibili,颂乐人偶
i睦tv,negative,bilibili,颂乐人偶
staff谢幕的那一刻，我可能是世界上最空虚的人。,positive,bangumi,剧场版 少女☆歌剧 Revue Starlight
我要打maimai,neutral,bilibili,少女乐队的呐喊
心疼qaq,neutral,bilibili,Angels of Death
jsu,neutral,bilibili,间谍过家家 粤配版
回复 男宅个一是我 毕竟肝帝等级高，多重buff叠加，技能也是一击必杀那种大，梅普露也就200血不到，打空正常呢，而且这会恶食没了，剑帝特意挑的时间来的，总得有点效果吧。不过光我们知道的技能就还有三个没放，不屈，盾反，变初号机。所以，送外卖的大哥哥加油,positive,bilibili,因为太怕痛就全点防御力了
原来这就是青春吗 黑长直最后接受了母亲的逝去 以及matane这首歌曲的插入特别让人回味,positive,bangumi,比宇宙更远的地方
"TV版略显生硬的剧情转接、突兀的BGM和不协调的人设到这里已全部忘却。本来准备说很多但是看完剧场版只有拜服而已。全员裸漂升天的震撼难以释怀。

EVA脱胎于Ideon诚非虚言。庵野的作品胜在两点，一是成功的人设尤其是在主角性格上融入的后现代气息，二则是各种宗教和神秘主义的加入使得作品的广度得以延伸。Ideon在同一主题上的发挥则更素朴大气。

富野拍这片子给小孩子，是想告诉他们什么呢？",positive,bangumi,传说巨神伊迪安 发动篇
小6mvp,neutral,bilibili,约会大作战 第四季
事实已证明这不是AI生成,negative,bilibili,鬼灭之刃 游郭篇
其实这波不怪阿b，b也是从爱71那拿的播放权。,positive,bilibili,少女乐队的呐喊
SUS,neutral,bilibili,JOJO的奇妙冒险 石之海
"ep9 
「and Im home」",positive,bangumi,魔法少女小圆
回复 00lin 捉虫，两个。,negative,bilibili,这个勇者明明超强却过分慎重
回复 bili28474608513 刀剑不是延期了吗？,neutral,bilibili,辉夜大小姐想让我告白？～天才们的恋爱头脑战～
这也有点像cabuss,neutral,bilibili,少女乐队的呐喊
爱蜜莉雅还不知道什么是男女之情，所以没法回复486，怕伤害他（其他这已经是喜欢了啊喂）。但在第五章已经宣布自己只会喜欢上486（话语还隐约的有要和486结婚的意思），在第六章更是吃了醋，并在486失忆之后的一个轮回表白，再次拯救了486（没让486走上暴食if）,positive,bilibili,Re：从零开始的异世界生活 第二季 后半
这么多三三抓一个回家应该发不现ba,negative,bilibili,约会大作战 第四季
你快点啊  我C了  一边找一边想OK吗,negative,bilibili,Angels of Death
6666 ovO,neutral,bilibili,Angels of Death
粤语的 ho,neutral,bilibili,比宇宙更远的地方
happyend,positive,bangumi,传说巨神伊迪安 发动篇
很优秀的粉丝向作品，看到熟悉的老面孔们时我的回忆一直在冲刷着我的泪腺。让我第一次感到触动的是在田地里绊倒的绫波丽，战斗服上的汗水反照着她的笨拙和热烈，是tv都未能有的极佳塑造（为啥明日香没有）。第二次是美里对自己的救赎，她放下头发的那一刻我闪回起了tv的大人之吻，哪怕她看似变得无情但内心里依然是个热忱的大姐姐。第三次便是碇真嗣，不管是愿意承担痛苦不再逃避的他，还是最后成熟的他都令人感到欣慰。有时我都会不自觉将自己代入进真嗣，妄图在最后那个仙境一般的美好结局汲取能量，妄图能在摄影棚内进行友情爱情亲情的补完。这个能让车站外温暖的春光普照eva残酷的世界和粉丝内心的完美结局就值得这几年院线的等待。,positive,bangumi,新・福音战士剧场版：终
soyo：boss战中，勿扰,positive,bilibili,颂乐人偶
突然首页刷到，想起来这部是我步入社会后看得第一部动画，忘了当时是怎么发现它的了，看得热血沸腾甚至想学围棋，sai消失后进藤光苦苦寻找的时候看哭了。 正在二刷，时隔八年重刷依旧像当年那样一集接着一集的看，剧情紧凑热血，想想那时候看这部番还是在开迅视频上看的，那个app过了几年就倒闭了，唉。 20201204二刷完毕！永远值得观看回忆的一部番！热血激情，振奋人心，可以鼓舞自己的一部番！谢谢你们！,positive,bangumi,棋魂
回复 bili56833827772 此时德斯帕突然怒吼（）,negative,bilibili,国王排名
回复 天际边界线  27能一个人扛起喝醉的mmk，应该是77没错,negative,bilibili,少女乐队的呐喊
e人与i人,negative,bilibili,少女乐队的呐喊
9912 机动警察剧场版2和平保卫战星际牛仔新世纪福音战士的融合。从开始用bangumi的第一天就决定要补的作品，如今bangumi前十的动画也算是全部看过了。补番体验可以说是这么多动画独一份的观感，格局比第一季高了很多，从国家内政转到了国际纷争，每一集的信息量都很大，好多地方重看了两三次，往前拖进度条都是常有的事，但也同时也暴露出了很多弊端，例如台词过度压缩导致观众理解不到位，本身设定也绝非无瑕疵。不过能把政治写得这么精彩，也属于是日漫中的一个里程碑了。很多单元回都很有前瞻性（饱食终日的我）。由于信息量过大，观看过程中很多地方都容易搞不懂。如果要向别人推荐攻壳的话，还是相比之下更亲民的第一季要好一些。不说人话扣12分,positive,bangumi,攻壳机动队 S.A.C. 2nd GIG
回复 唯爱portrait 她自己速度不快但有坐骑和变身，速度还是挺快的,positive,bilibili,因为太怕痛就全点防御力了 第二季
clannad？,neutral,bilibili,少女乐队的呐喊
爆seed,negative,bilibili,四月是你的谎言 粤配版
像Cl,neutral,bilibili,Angels of Death
爱音最初幻想中的自己belike：,positive,bilibili,mygo
寒鸦号n b,positive,bilibili,比宇宙更远的地方
墨提斯不想死jpj,negative,bilibili,颂乐人偶
里见皇冠gif,negative,bilibili,葬送的芙莉莲
最简单的boy meet girl，最精美的机械结构，最极致的音画,positive,bangumi,天空之城
new master,negative,bangumi,少女革命
话说，男主可以故意输给妹妹，条件是输了的人以后永远不能输，这样卡bug行吗？如果只能实现自己影响范围内的，那给自己上buff也行啊，比如输了要求是永远保持冷静，永远不会自暴自弃什么的。,positive,bilibili,NO GAME NO LIFE 游戏人生
desu,neutral,bilibili,魔女之旅
回复 LiuYingZzz 我嘞个乘,negative,bilibili,碧蓝之海 第二季
uhu？,neutral,bilibili,四月是你的谎言
除了ep3（下）关于幸福的寓言（对被不幸包裹的人，他人满溢的幸福反而是致命的诅咒）以及ep12平行世界（讨论道路与选择对人的塑造，也用邪恶伊蕾娜的和解展现了旅行的意义，很有公路片的味道），其余故事则很欠打磨很欠想象力，世界观架构也相对简单，没有充分利用魔法世界的创作空间，保持原速看完会有昏昏沉沉的感觉。关于伊蕾娜的塑造，虽然屑白毛挺可爱的，群友爱用的表情包也出自于此，但是人设还是有些割裂，一开始努力但反而因自己超然的天赋受到歧视，为成为魔女能压抑自己到这种程度的角色，在后续单元剧是这种性格有些没有说服力。而且ep3中对花田的危害视而不见的魔女，却在ep9里又多管闲事，去掺和十年来缠绕绞杀对方的“友情”，也稍显割裂。与沙耶相识的部分我也有疑惑，沙耶是偷窃完就与魔女分开，她如何保证魔女一定能找到她？因为孤独故意制造事故偷走魔女标志的说辞好像也不够充分。,neutral,bangumi,魔女之旅
可能是少一场像0079吉翁家族集会那样的场面，一直到最后都像是三个小团体打架b38，中间靠草台班子都合和神秘感情线推动剧情太多次也十分影响观感。但总体是比0079更为精彩，人物塑造更为鲜活的故事。,positive,bangumi,机动战士Z高达
ep13：是不是应该快进到到某个神秘迷宫然后意外救下蓝毛了  ep21：欸你怎么似了啊  主要元素并非不能接受，而且下半观感比上半感觉好了不少。  看第二季怀念起第一季了。85,positive,bangumi,无职转生～到了异世界就拿出真本事～ 第2部分
"《机动战士高达Z》以其深刻的人物刻画与悲剧性的战争叙事，成为高达系列中一部艺术成就极高的作品。它不仅描绘了宏大的宇宙战争与机甲对决，更聚焦于个体在时代洪流中的挣扎与信念。剧中人物如卡缪维丹，在残酷的战争中经历成长、痛苦与蜕变，既改变了时代，也被时代改变。
《Z超越时刻》以轻快华丽的风格，与剧情形成鲜明对比。歌词中“I wanna have a pure time，Everyones noble mind”所流露的理想主义，是角色们在黑暗中仍坚守信念的写照，即便现实充满了黑暗，人性的光辉未曾熄灭。",positive,bangumi,机动战士Z高达
imagine。。。？,neutral,bilibili,四月是你的谎言
bgm的前两句有点像千与千寻的一个bgm,positive,bilibili,比宇宙更远的地方
变身，战斗，但凡和魔法相关的我都有所涉猎吧，全能魔法king，,positive,bilibili,魔女之旅
uuulmjtkmkmknmjjlkmim,neutral,bilibili,虚构推理
on you left,neutral,bilibili,比宇宙更远的地方
0vo,neutral,bilibili,Angels of Death
作为异世界番各方面都极为优秀，给人身临其境的冒险感，几乎找不出缺点。尤其喜欢鲁迪和保罗间父子关系这条线。除开亲情，鲁迪的成长也令人印象深刻。三位女主几乎满足了男人们的所有幻想白月光萝莉、眼里只有我的青梅竹马、傲娇大小姐（bushi）,positive,bangumi,无职转生～到了异世界就拿出真本事～ 第2部分
bad women你够了，是bad girl好吗,negative,bilibili,比宇宙更远的地方
trail,neutral,bilibili,颂乐人偶
回复 SCP166 为了找娜芙塔利亚用她的头发做的式神,negative,bilibili,盾之勇者成名录 第三季
回复 H2OCO 哈哈哈哈哈哈这个更专业,positive,bilibili,四月是你的谎言 粤配版
在家长面前立下flag的时候,positive,bilibili,少女乐队的呐喊
物化生：ATP！！！,neutral,bilibili,四月是你的谎言
剧情逻辑跳跃很电波。有几个人物的塑造，像是自己把自己的性格念出来一样，观感很微妙。演奏挺不错的。人物关系，比如说“高坂丽奈喜欢泷”，像是高于牛顿定律的底层逻辑一样。以及ep12久美子的塑造好怪啊，受到打击之后就像喝了酒一样开始说胡话这就是花田的魔法吗。但是不管怎么样这个人物的情商显得真的很低。本作也是经典的因为主角没有行动力，所以引入了泷老师来推动剧情。但是观感很糟糕。如果把他当成一个人，我觉得他是个傻逼。如果把他当成工具人，那也挺恶心的。感觉这动画根本就没有能力处理好泷这个角色。这季打六分是因为踩到了个人的“一转闹麻”雷点，多少带点个人情绪了，如果后面不踩雷可以正常给个七分的。754,neutral,bangumi,吹响吧！上低音号
1、 2集让我觉得瑞克和morty是不是要走下坡路了，ep3让我直呼过瘾，ep67妥妥神回，随后一路爽到结局，目前看到最巅峰的一季。,positive,bangumi,瑞克和莫蒂 第三季
"制作优良，经费充足，但是情节展开逆天，内核表达不知所云，主角完全配不上这个经费和乐队其他角色的塑造功底。
相比完整塑造的桃香和486，整个番中完全没有见到小孩姐的成长。刚来东京时什么样最后还是什么样，甚至变本加厉，擅自把自己的期待强加在别人身上并以此为动力强行PUA，在团队中又毫无担当和责任，live上一而再再而三地任性乱说话，其他队友完全没有义务这么照顾你的感受，还让队友一直承担着你的经济、情绪压力，这又是为什么呢？
再说整个情节上，桃香本人和旧队友对钻尘看得很开，也没有什么矛盾，是小孩姐硬生生把自己和nina的矛盾强插一脚到其中去，桃香当然没做错什么啊，这样让桃香以后怎么做人？和家庭的和解也是不知所云，没有表达只有相视一笑的和解，对霸凌伏笔的运用更是只有op，直接导致从相爱相杀变成了恶意避祸的形象。只能说是制作组难咎其责。",negative,bangumi,girls band cry
The World！,neutral,bilibili,四月是你的谎言
一个搞 Ave Mujika 一个搞 Crychic 不行吗？,negative,bilibili,颂乐人偶
YuGiOh（幻听）,positive,bilibili,四月是你的谎言
"感谢提名三部都很对胃口啊，要知道我都25啦这些年除了刻刻，megalo box 之外再没怎么追过新番了啊真是谢谢你了
这些年能有剧情过硬，动作戏对胃口，人设不做作，价值观和谐不洗脑，自洽的作品很少了啊，任何一条触雷的话都会欲望大减，两条以上触雷就可以直接弃了
我承认我看虚构推理是为了女主满满的骚话，进击的女主，以及画风来的
异度侵入这个男主的设定很抓我

思维覆写纯属好奇接下来故事要怎么讲审美疲劳中，没敢接着往下看第二集",positive,bilibili,虚构推理
我的26年一月新番最佳！很触动内心且饱含温柔的作品！许多台词很有哲理且引人思考，整体剧情十分自然流畅，观感宛如日出后一、两个小时在树林里愉快地呼吸着最清新的空气，人设很饱满细腻很喜欢（真的很想rua小朝的头啊），有生之年能看到这般细腻动人的新番真的太幸福了！！,positive,bangumi,异国日记
想了很多理由阻止自己打这么高，最终还是没能说服自己。和mujica一样，先是听了很久她们的歌，然后才开始补番，可以说在一开始就把期待拉得很高。不同的是，mujica完美地搞砸了，而gbc完美地超越了我的期待。通过剧透知道了剧情里包含了校园霸凌，包含了理念之争，但没想到另外还说了这么多现实的事情，以及对人生态度的较为深入的探讨，非常有共鸣。现实生活中我是hina，追求稳定，厌恶风险，但内心深处又住着个nina，正论怪物，犟驴不服输；只是我没有nina的勇气豁出一切去拼搏，也无法放下正论明哲保身到底。这部少女乐队番从各种意义上都非常对我胃口，因此打下了这个显著偏高的分，就当是对自己补番体验的一个记录吧。,positive,bangumi,girls band cry
：我的cp be了呜呜呜,neutral,bilibili,夏目友人帐 第七季
说的我都想去了，可是这个money不好挣呀。,negative,bilibili,比宇宙更远的地方
在fz承包空屏,negative,bilibili,Fate/Zero 第一季
5555看的时候真的怕zack一个控制不住，但是老人最后还是死了,negative,bilibili,Angels of Death
SDWQ,neutral,bilibili,四月是你的谎言
战斗开始 德莉莎 vs 那刻夏,positive,bilibili,魔女之旅
我现在也没钱给你起钟aq,negative,bilibili,关于我转生变成史莱姆这档事 第三季
回复 乐安蓝 No！No！No！那已经不叫大了和欧莉安娜一样那叫巨,negative,bilibili,某科学的超电磁炮T
我rep有过这样,neutral,bilibili,颂乐人偶
正片公屏磕CP的肆了,negative,bilibili,鬼灭之刃 柱训练篇
回复 sherry739873271自行百度Charlotte，在相关微信新闻里有,negative,bilibili,Charlotte
弹幕剧透的你si了,positive,bilibili,四月是你的谎言
回复 乱世浮尘6 dio：我真是嗨到不行,negative,bilibili,岸边露伴 一动也不动
大梦一场ninaT几？,positive,bilibili,少女乐队的呐喊
回复 zengas7 没打错。故意这么打的,negative,bilibili,刀剑神域 爱丽丝篇 异界战争 -终章-
回复 短时星尘聚合体 格蕾alter,negative,bilibili,魔女之旅
大哥TvT,negative,bilibili,鬼灭之刃 柱训练篇
压力怪no。。,positive,bilibili,颂乐人偶
ep14ed不错,positive,bangumi,虫师
kkkkon？,neutral,bilibili,比宇宙更远的地方
盾勇的小说我已经追得差不多了，看完后总有种不太舒服的感觉，一种快要达到gc却又不出来的感觉。原因应该是作者没有在爽文的道路上走到底后期又扯到了必须要团队合作，不然就无法战胜boss的套路上，再加上各种洗白剧情。其实我更希望看到主角通过接吻吸光其他三个勇者的力量，然后再用一种神秘的力量让他们的jj消失不见并收入后宫的展开（）,positive,bilibili,盾之勇者成名录
支持chuchu去当母鸡卡制作人,negative,bilibili,颂乐人偶
oh nooooo！,neutral,bilibili,四月是你的谎言
Ubisoft 巨献,neutral,bilibili,比宇宙更远的地方
goat,neutral,bilibili,四月是你的谎言
I’m back,neutral,bilibili,四月是你的谎言
d t y g v y h h b n h h n,negative,bilibili,鬼灭之刃 柱训练篇
回复 Rialer 恩 ，你的理解是对，因为空的说话方式会把对面搞到自闭,negative,bilibili,NO GAME NO LIFE 游戏人生
"写作CLANNAD，读作人生，一部人生中必看的动画，每个人都会有不同的感受。
让人难忘的场景太多了，如雨中互殴的两人随着春原那句“因为是你我才觉得没问题的啊”的怒吼而戛然而止，与宿舍管理员聊天时昏昏欲睡下进入猫咪梦中的世界，夕阳花田后回家路的列车上与汐回忆起渚而潸然泪下",positive,bangumi,CLANNAD 〜AFTER STORY〜
Seaside桑,neutral,bilibili,比宇宙更远的地方
唱跳Rap和篮球？,positive,bilibili,比宇宙更远的地方
下一集：D day,neutral,bilibili,比宇宙更远的地方
回复 寒眠YUNKn 只要一说炼狱杏寿郎大哥我就真的泪目，心里很难受3」,negative,bilibili,鬼灭之刃
这行动力 Saki对自己真狠啊,neutral,bilibili,颂乐人偶
原来这句是口头禅嘛ww,neutral,bilibili,比宇宙更远的地方
两个lbt,neutral,bilibili,Fate/Zero 第一季
mit dem ehrlichen Herzen durch das blauste Meer auf die Liebenden und Verliebten,positive,bangumi,水星领航员 第三季
Hamburger是英文唉（汉堡）,neutral,bilibili,关于我转生变成史莱姆这档事 第三季
回复 雪夜笛乙坂有宇，otosaka you，怎么了,negative,bilibili,Charlotte
认错人了，贞德在fa里,neutral,bilibili,Fate/Zero 第一季
"与前作相比，画面上使用了大量的3D技术，主要用于描绘舰船飞机这样的大型机械装置以及建筑物，虽然有着时代的印记，比如暗黄色的天空和云以及多边形数量的限制，但是游神祭祀那种宏大，神秘又震撼的场景，古老迷信又融合着高科技，今天看还是无比震撼。音乐上依旧是非常空灵标志性的女声吟唱，和这种赛博朋克，鬼神乡土的氛围融合的绝佳。

分镜演出水平绝佳，几次电子脑攻击造成的幻想和虚假记忆都让人分不清现实与虚幻，但是又会感到某种异质感。台词b格很高，增加理解成本的同时也的确提高了信息量和思辨的空间。

叙事层面来说，无罪有些过于晦涩，直到最后小女孩粗暴的揭开所有的真相之前，整个案件具体的轮廓对我来说是很模糊的。不过人类与人偶的主题从一开始就很明晰了，无论是台词还是画面都一直在交代这一点。",positive,bangumi,攻壳机动队2 无罪
我是阿侬 这就是SOYO,neutral,bilibili,少女乐队的呐喊
拍买帅：sos？,neutral,bilibili,魔女之旅
突然发现Ave倒过来是EVA,negative,bilibili,颂乐人偶
aono呢，救一下啊,positive,bilibili,颂乐人偶
此时的义勇终于意识到问题的严重性（Doge）,neutral,bilibili,鬼灭之刃 柱训练篇
SSS继续保持了攻壳一贯的制作水准。一针见血点破了日本超级老龄化社会和资本主义制度的顽疾，不过相应的解决方法却很极端，讽刺了一波社会和政治的同时还不忘继续哲学思考，是素子的无意识集合体创造了“傀儡师”吗？答案已经不重要了。重要的是，当无数网络原住民联合起来之时，一个新的社会就形成了，或许用“晶体管社会”命名它再合适不过了。,positive,bangumi,攻壳机动队 S.A.C. Solid State Society
拧巴？nbuna,neutral,bilibili,少女乐队的呐喊
I love you,negative,bilibili,四月是你的谎言
bgm想起来就想哭QAQ,negative,bangumi,数码宝贝大冒险
讲到新宿，这个时候不是i应该喊声XYZ嘛,negative,bilibili,比宇宙更远的地方
有点像《clannad》,neutral,bilibili,约会大作战 第四季
KH38MT,neutral,bilibili,葬送的芙莉莲
寸拳！Chinese 功夫！,neutral,bilibili,魔女之旅
mmK：你没有义务面对一个自己根本赢不了的对手，Nina：根本赢不了 ，我听不懂！,positive,bilibili,少女乐队的呐喊
混进去个真木头人（bushi）,negative,bilibili,mygo
回复 ReirouL 然后你的手机坏了,negative,bilibili,Re：从零开始的异世界生活 第二季 前半
战争的荒诞人类的渺小在区区六集里被完美地传递出来，故事背景与场地的选取与视角的设计非常巧妙，单独拿出来已经是非常令人佩服与震撼的反战佳作，如果联系起0079、z那几部的小孩子战场平民等等故事来看，更觉得本作是绝佳的延伸。,positive,bangumi,机动战士高达0080 口袋里的战争
Ok完结撒花,neutral,bilibili,魔女之旅
pareo？,neutral,bilibili,颂乐人偶
daisiki,neutral,bilibili,四月是你的谎言
我是在电影院看的。其实，我并不是很懂eva的世界观。也是很久以前看过tv版。剧场版，没太多印象了，这个后续有时间会补完。就说这部的观看体验吧，最后的包饺子还是觉得挺不错的。其他的不懂就不多说了。后续有补完，或者新理解的，会再更新,positive,bangumi,新・福音战士剧场版：终
回复 对呀结果就是我呀 看来niangkou三三没绝育,negative,bilibili,夏目友人帐 第七季
p5X,neutral,bilibili,少女乐队的呐喊
感觉伊蕾娜这点性格和我一样，原来我平常也不讨喜吗emm，利己主义,positive,bilibili,魔女之旅
"盾之勇者成名录（no）
盾你太背（yes）",neutral,bilibili,盾之勇者成名录 第三季
比第一季更多的粗口、血腥和猎奇，并且双线叙事中的的主支线配比分得更开了；内容一如既往，叹为观止的脑洞背后予人深思，对上电波后便会有无尽的感慨。insane  wonderful,negative,bangumi,瑞克和莫蒂 第二季
去NIP了,neutral,bilibili,颂乐人偶
回复 ZRY1有那么反感么amplt,negative,bilibili,OVERLORD
shark bee,neutral,bilibili,四月是你的谎言
这个BGM 1响就想哭,negative,bilibili,四月是你的谎言
大抵最喜欢ep8的欢乐感无厘头，从头笑到尾，以及23和24话把整部作品拉到了一个新高度，可恶啊居然把我眼泪骗出来了能看到一群美少女的成长的感觉真不错啊（泪目）打破了我对偶像动画的刻板，以后应该还会看其它此类作品的全片下来还是觉得和黑井社长的冲突显得太刻意了，看得我血压飙升。。。,positive,bangumi,偶像大师
这就是C P吧,neutral,bilibili,葬送的芙莉莲
怎么哪都有ut入,neutral,bilibili,魔女之旅
慕名而来，只能说花田写女女关系性永远是这个味道，人物时不时会莫名其妙的发癫，生哭立拔的意味太过于明显了，白石结月这个人也是和486一样的在一群闹麻了的疯子里放一个讨好普通观众的正常人。当然从主角的人设上整体的叙事上和精神内核上这部作品确实要比gbc好太多，但女孩子在面临各种问题时所做的反应还是和gbc如出一辙（当然应该是gbc和小南极如出一辙才对）。只能说我实在不能和花田十辉笔下的女孩子有丝毫共情。,negative,bangumi,比宇宙更远的地方
每次的BGM来的特别棒，非常沉浸，看完一集接一集，很久没有这样的感觉了，完全停不下来了。在我心目中就是10分，找回了初中在电视上看番的感觉，找回了曾经的少年，找回了当初的悸动，夏天又到了，马上又要放暑假了啊,positive,bangumi,虫师
M       G       4       2,negative,bilibili,魔女之旅
不是v是y啦，兄弟们，他的舌头是y,negative,bilibili,Angels of Death
"前半季纯泡面日常捏他梗（Fate、JoJo、Clannad、黄油冷笑话），get到的资深死宅会心一笑、代入爆棚；get不到的正常人直接弃番想吐。  
后半季绝望循环SL救老婆孤独英雄，肥宅最爽的“只有我能拯救大家（尤其是我的waifu）权力幻想情感核弹。  
本质：披着时间旅行伪科幻皮的galgame阉割版死宅后宫妄想剧，前半水角色好感媚宅元素，后半靠虐心循环HE浪漫硬圆泪点。  
高分真相：熬过劝退地狱的死宅集体斯德哥尔摩滤镜“神展开”自嗨，正常人看前12集就跑肥宅专属神作，圈外人看纯垃圾  
角色刻板三观问题：中二冈部尬癌、傻白甜电池真由理、油腻桶子、黄油梗、娘炮约会恶心、后宫工具人集合。  
本质低级：galgame多周目刷泪点中二少年YY“后宫一个不能少，顺带救世界”，没真正发人深省，就靠反复死亡循环男主精",negative,bangumi,命运石之门
回复 拉科Sagacity 之前忘了在哪里看到的，就借来的,negative,bilibili,欢迎来到实力至上主义的教室
回复 Aaaaaaa0111 我也是！还有龙之介,neutral,bilibili,夏日重现
回复 Rm智慧树 44444444,positive,bilibili,JOJO的奇妙冒险 黄金之风
画面有点扣分了，希望能用好3Dep1：王道的展开和有些刻意的现实要素混在一起让人物形象过分工具化，动作细节有待提升，保持这个水平到结局可能只有6到7分总体低开高走再回落，少女乐队番最重要的情感细节略欠打磨，结局没有击中我呀，不然该有七分的,neutral,bangumi,girls band cry
回复 Silver弹丸 什么时候的事，漫画第几话,negative,bilibili,咒术回战
顶顶！看了漫画后立刻被骨气圈粉qwqwq,negative,bilibili,某科学的超电磁炮T
回复 sb0boy 泪子就一普通人，付出了又有什么用，素养判定就是lv0，三个lv0 就泪子最像个lv0,positive,bilibili,某科学的超电磁炮
这里看上去好像第1话mmk唱歌的地方呢,negative,bilibili,少女乐队的呐喊
ED太好听了,negative,bilibili,颂乐人偶
ko no 迪亚波罗 da,neutral,bilibili,少女乐队的呐喊
OP和END都没了？完结撒花，散了散了,negative,bilibili,魔女之旅
"89  宫崎骏巅峰之作  各方面都很好
1剧情 SS
2内涵 S
3观感 SS
4音乐 SS
5画面 SS
6作画 SS  
7人物 S",positive,bangumi,天空之城
网上评价不低，导致一开始就抱着极大的期望来看的，实际看下来就不尽如人意了。soyo和anon的配音感觉没那么合适，尤其是爱音，看到最后依旧还是感觉不适。13集的篇幅还是没能把一群人的各自形象表现得更加具体，剧情的发展从事发到解决还是逃不了包饺子剧情的空虚感。只能说期望越高，失望就越大啊,neutral,bangumi,mygo
NPC,neutral,bilibili,四月是你的谎言
MVP结算画面,negative,bilibili,颂乐人偶
下面是Gardens by the Bay,neutral,bilibili,比宇宙更远的地方
回复 HKP机动特连SDU 因为有桥本环奈（大嘘,negative,bilibili,辉夜大小姐想让我告白 -究极浪漫-
回复 恒星观测员奥特赛文 不想太快让Vboss出现,negative,bilibili,名侦探柯南
PUA要烧了,negative,bilibili,比宇宙更远的地方
回复 周化人 你说的是uma吧，uma的确是弟弟,negative,bilibili,刀剑神域 爱丽丝篇 异界战争 -终章-
ni,neutral,bilibili,四月是你的谎言
不愧是soyu,positive,bilibili,颂乐人偶
beby的外乡人,positive,bilibili,魔女之旅
就非得当着爱音的面为了C团解散GO团吗,negative,bilibili,颂乐人偶
回复 82191494596bili 就跟未成年人请勿吸烟一样，他要想整这种东西没人管得了,negative,bilibili,冰菓
qio躲麻跌，让我捋捋,neutral,bilibili,魔女之旅
65个人ep12，ep13,neutral,bangumi,比宇宙更远的地方
prc和sov表示这我太懂了,negative,bilibili,少女乐队的呐喊
我曾一直以为动画作为一种夸张化的创作形式，与现实主义无缘。如今看来还是阅片量太少了（笑）在时代的洪流面前，个人的生活是那么的渺小和脆弱。剑心自仇恨中生，最后却因自己所致的他人的仇恨而失去了挚爱之人。冤冤相报何时了？尽管剑心与巴两人放弃了仇恨，可两人构成的小小的共同体，又怎能在时代的悲剧下保全？“若无世间太平，又怎会有个人的幸福呢”便是对本片最好的诠释。同时，本片的音画体验将作为观者的我深深地拖入了那动乱的社会，很好地渲染了本片的悲剧的气氛；各个人物的战力也并不怪力乱神，而是真正的一招见胜负的武士决斗（尽管剑心他们并不算武士就是了）。可惜我对日本近代史实在是不甚了解，不太能很好地理解时代状况。（顺便一提，剑心最后的雪中决斗让我想起了再不斩的最后一战，不知道岸本齐史是不是看过这部ova）,positive,bangumi,浪客剑心 追忆篇
回复 nixnewiem123 好家伙,negative,bilibili,工作细胞 第二季
剧场版票房不也很好吗（查了一下是288亿日元第一季bd销量也有500w），资金无比充足，还是给剧场版的基础上再做补充，肉眼可见的经费燃烧,positive,bilibili,鬼灭之刃 无限列车篇
跪求Bgmor2！,neutral,bilibili,四月是你的谎言
按照动画的表现钻石星尘不就是踢了mmk换主唱后大火嘛，说明mmk其实设定里不适合主场来着,negative,bilibili,少女乐队的呐喊
xs现在是学校真小,positive,bilibili,四月是你的谎言
回复 酿美酒的好色骨头 我咋觉得应该是。伪装成M的S通过S式的方法强迫伪装成S的M装S来满足伪装成M的S当M的快感,negative,bilibili,堀与宫村
kawaiiso,neutral,bilibili,比宇宙更远的地方
回复 Mr丶Fool 你也看桌球？,negative,bilibili,国王排名
回复 Amtba Fuji mama,negative,bilibili,辉夜大小姐想让我告白 -究极浪漫-
太haoo,neutral,bilibili,魔女之旅
"【910】
以前补完的rm前三部 前三部可以放在一起点评的 总之 极致的想象力 绝佳的表现力 迅快的节奏 稳健的剧情 这就是rm系列的魅力",positive,bangumi,瑞克和莫蒂 第三季
虽然一口气补完有点审美疲劳，但是优秀的台本依旧能感动到我。青春的肆意挥洒展现的淋漓尽致，四个jk给我带来了及其美好而独特的旅行，满足了曾经16、7岁的我对青春的美好幻想。,neutral,bangumi,比宇宙更远的地方
"这是一部让我看着看着就流泪的动画 一共44集的时间却总觉得过得很快让人意犹未尽   这同样也是一部关于成长的动画  每一个角色都塑造的有血有肉让我印象深刻  很感谢羽海野老师能让我看到这样的作品  也很感谢新房昭之与其他staff们为我们呈现出这样的作品
我大概永远都不会忘记三月的狮子这部作品 永远不会忘记发生在三月町的故事  能遇见三月的狮子真是太幸运了
还有日向可爱捏 日向可爱捏 日向可爱捏",positive,bangumi,3月的狮子 第二季
我的2D啊！！！,negative,bilibili,约会大作战 第四季
"体细胞：快做出抗体救救我们啊！
B细胞：没有抗原数据我做不出来啊！
体细胞：那就不要抗体直接干掉他们啊！
B细胞：没有抗体我无法攻击啊！
体细胞：那就去做抗体啊！！
B细胞：我需要TMD数据！！！
体细胞：那就干掉他们去拿！！！！
B细胞：没有抗体我没办法攻击！！！！
体细胞：那就TMD做！抗！体！",negative,bilibili,工作细胞 第二季
向自己的bangumi第299、300部作品进发，思来想去还是把这两部用来满足此刻特殊的仪式感吧,negative,bangumi,蜂蜜与四叶草
红秋裤以到达该楼层B5,negative,bilibili,Angels of Death
越看越没办法进入情绪流，反倒是san值掉光了，严肃怀疑老虚的正身其实是AI大模型orz,neutral,bangumi,剧场版 魔法少女小圆 [新篇] 叛逆的物语
二刷（810）完全是95版攻壳的一次重写，能够看出神山健治和押井守风格的鲜明区别。无论是各角度多视点全机位镜头的灵活运用，还是功底扎实的二维作画与三维建模，亦或是菅野洋子贡献的新一轮佳曲，都延续了前两季TV制作团队的全部优点；稳健的叙事节奏、适当的互动停顿兼具电影感、生活感和写实感，相当好看。只是一个剧场版终究无法提供更多篇幅来拓宽主线的地域外延或是对素子的回归进行升华。其实Solid State Society的概念潜力远不止于此，或许神山健治可以和中泽工联动一下，如果将IO的点子全盘托出，再把「老龄化社会」“贵腐老人”、「少子化社会」“虚幻之子”同素子和傀儡师的精神分析、久世英雄的进化理论结合起来研讨，并以此为基础制作真正的第三季TV，其上限甚至能全方位超越GIG。可惜现实没有如果。,positive,bangumi,攻壳机动队 S.A.C. Solid State Society
怎么没爆完呀（dog）,negative,bilibili,约会大作战 第四季
做事要讲良心，讲良心！！！ pdj,negative,bilibili,魔女之旅
Oh美丽的魔物王国的公主,positive,bilibili,关于我转生变成史莱姆这档事 第三季
回复 Swagger 无了悲,positive,bilibili,总之就是非常可爱 第二季
cs“”,neutral,bilibili,颂乐人偶
回复 进击的nensa 艾伦和吉克耶格尔,negative,bilibili,咒术回战
"2025年标。
1999年老版TV、2002年OVA1、2003年OVA2、2004年OVA3。
2011年重置版。",negative,bangumi,猎人
忽然3d,positive,bilibili,比宇宙更远的地方
优秀优秀？yu xu yu xu,positive,bilibili,比宇宙更远的地方
怪不得这么多人喜欢童磨，可爱ing,positive,bilibili,鬼灭之刃 刀匠村篇
klf,neutral,bilibili,四月是你的谎言 粤配版
"墨迹组（第一集第一对） （高濑春彦x神田沙希）
一《告白》100350
五《Re：》100449
七《建议》638925

哥哥和小姨子（ 古屋纯x皆川由纪）
一《不认真的她》350614
二《哥哥的女朋友》100352
四《答复》655857
七《陷阱》100350

会长和不良（赤木正文x梶亮子）
一《学生会长的烦恼》614855
四《那就试试吧》358655
六《独裁》100335
八《月匈》628858

天文前后辈组（汤川英树x笹原五月）
一《角宿》8551224

高甜组（刚田武x上根绫香）
二《隐形眼镜》6511022
五《远远地看着你》8091124
七《说给我听啊》350638
八《会变得贪得无厌》100410

好人组（高野千鹤x菅原卓郎）
二《雨》
三《打扫值日》
四《闪耀的你》
七《都是发烧惹的祸》

天文部青梅竹马（加贺优树x七濑薰）
二《春天》（男出场）352651
五《青梅竹马》449809 11241224

小品组 （内村千秋x饭岛香奈）
三《近距离恋爱》100416
四《恋爱喜剧》100358
六《X档案》335600
八《射门》410628

宅男组 （山根隆夫x栗原千代）
三《恋爱是胆小的》
六《我们不需要女人》

黄毛（香取慎一）
三《杀了学长》416623
六《恋爱达人》9281224
七《建议》638925
八《伤痕累累的天使》8581224",positive,bilibili,徒然喜欢你
Damn,neutral,bilibili,颂乐人偶
Ave Mujika,neutral,bilibili,颂乐人偶
"回复 BNBG 
13L",negative,bilibili,辉夜大小姐想让我告白～天才们的恋爱头脑战～
ep3、ep7、ep10这三集足够打动我，虽然后面mujica让我有些出脑了,positive,bangumi,mygo
RPK16干的,negative,bilibili,魔女之旅
我只能带34kg的,negative,bilibili,比宇宙更远的地方
666突然3D,positive,bilibili,少女乐队的呐喊
雁叔QAQ,positive,bilibili,Fate/Zero 第一季
祥子公私分明，工作上能hold住全场，一直怪罪祥子压力也是绝了，上过班吗我请问了,positive,bilibili,颂乐人偶
2D和3D间的对决,negative,bilibili,Fate/Zero 第一季
GT！,neutral,bilibili,四月是你的谎言
爱人you,positive,bilibili,四月是你的谎言
游戏里第一章Zack跑得跟喷气机一样，我的Ray被他砍死了十次。,negative,bilibili,Angels of Death
回复 ChloeWell 懂了，监狱是给替身养蛊用的,negative,bilibili,JOJO的奇妙冒险 石之海
"补标，20231227
我记得一个是副cp撒糖了，蛮甜的",neutral,bangumi,吹响吧！上低音号 第二季
seber为啥看不出来那是他的手下,negative,bilibili,Fate/Zero 第一季
LMK0,neutral,bilibili,鬼灭之刃 柱训练篇
C姐我是M,negative,bilibili,Angels of Death
这是群马的那辆最速上山FD吗？,neutral,bilibili,比宇宙更远的地方
很好的意识流动画，用短小精悍的篇幅完整地讲述了一个关于青春期少年躁动不安的故事，尤其第四集和第六集堪称神回，第六集多线平行叙事和第四集悬疑氛围的塑造都十分出色。关于意识流：这部动画的意识流和Eva TV版几乎过于依赖角色内心剖析而产生的意识流效果和现在常常使用一些蒙太奇镜头表现角色主观意识的效果不同，更多通过外聚焦的叙事（4）、情绪化的，夸张的演出以及The Pillows“躁动不安”的摇滚达成意识流的效果。 关于配乐：配乐选用了非常实验且激进的配乐方式，把The Pillows的摇滚直接穿插在整部动画中，在辅助叙事上的意义远远不足情绪表达的意义，但这却和这部动画非常契合。  总体来说，这是一部在我心中不会低于“神作”评价的动画，我很难说它和Eva哪个更胜一筹，但表达的内容却没有击中我的好球区。94,positive,bangumi,FLCL
"20250511 院线观影
影院周末两日四部的第四部hah
可以看出当时的宫老在这部电影中投入了相当多的想法，然而越到后期由于立意过多越难以圆满，最终只能草草收尾，略显可惜。

吐槽1：好惨的前未婚妻。
吐槽2：好惨的野猪一族。",neutral,bangumi,幽灵公主
阿虚一觉睡醒面对凉宫春日消失后正常的世界，但即使这个世界没了春日多么符合常识，阿虚依然选择回到原来那个SOS团存在的不正常的世界，正视了自己的内心，承认了之前与凉宫春日胡闹的世界是多么有趣。长门有希在与SOS团经历了那么多事之后，也逐渐有了自己的感情，在帮助解决那么多次不正常的事件后，也有了自己的任性，重塑了整个世界。以上要表达的主题我都看明白了，但是，整个剧场版给我的感觉就跟小圆新篇一样，主题表达看的懂但剧情编排和细节设计没懂，就犹如在高考六级写了一篇英语阅读，抓住了关键词明白这篇文章的大概意思，但具体到每句话就看不懂了。我不明白为什么没懂，也许是因为剧情的发展和节奏并不符合我的想法没对上电波，也许是认为一个剧场版里既有阿虚对非日常的承认与向往又有长门的感情与任性两个主题感到过于臃肿，也许是我早已承认那种非日常的有趣也理解长门的感情而对此主题的无感,positive,bangumi,凉宫春日的消失
I thought what Id do was Id pretend I was one of those deafmutes  STAND ALONE COMPLEX的副标题实在是精妙。,positive,bangumi,攻壳机动队 STAND ALONE COMPLEX
Gigguk经常吹但是我自己追番追到丢护照那集就追不下去了。最近补番看完发现还是一个很稳健、有立意的好作品。所以说追不下去可能是有部分片段是女高日常描写，而我并不是很能共情罢了，无伤大雅。作品主要讲述了四名经历迥异的JK互相结识共闯南极的故事，精彩的部分是整个过程中的成长，对人生创伤和悲痛的释怀，为实现理想付诸行动这三个方面。想必观众们看这个动画的过程中都会被報瀬怎么面对她母亲的事情这一点吸引的，而花田在这条主线中讲述女主面对并跨越这种grief的着眼点则是1報瀬为了面对悲痛努力攒钱去南极2報瀬自始至终给妈妈写信证明她的思念3旅途中结识了挚友、更深层理解了母亲逐梦南极的原动力信念并共感4能够在未来的人生中昂首挺胸前进、传承这种信念。因为南极之旅机缘加努力同时做到这些，所以女主的悲痛飒爽化解成与母亲的理解与共勉，从而能向前看。是整体完成度很高的良作。,positive,bangumi,比宇宙更远的地方
还是很有原则的哈哈哈要说yes才杀,positive,bilibili,Angels of Death
回复 RiverLi233 真得有毒，这些番,negative,bilibili,这个勇者明明超强却过分慎重
回复 东爱璃的单推gachi 确实，听的贼难受，每次听中配我第一感觉就是，正常人哪有这么讲话的,negative,bilibili,间谍过家家 粤配版
telegram好像有,neutral,bilibili,比宇宙更远的地方
i人碰到e人be like：,negative,bilibili,鬼灭之刃 柱训练篇
过载       9G,neutral,bilibili,魔女之旅
"你能回去救救那个25年1月还没点开母鸡卡的我吗？（）
剧情相当之抽象，说白了，只看ep1和ep13，对这部番主线的理解没有任何影响，但把212看完，只能说气笑了，柿本广大我恨你。谁家角色塑造可以在系列第二季给你开倒车的？原C团开始春日影的时候更是闹麻了，别祸害mygo和爱音了行不？
大祥老师为戏份过多的主要受害者，整部剧充满了回旋镖，和另一位大喊着让队友相信自己的“卡密撒嘛”塑造不相上下的意义不明，惨；初华大人歌好听，身世太抽象了，烂活不评价；大猫老师好啊，爵士毫猫！米泽茜大人我喜欢你！睦睦也是戏份过多的受害者，双重人格鉴定为柿本精神也不正常，但Mortis可爱；对海铃的印象除了传奇雇佣兵外没啥特别的记忆点，感觉被写成为了让神人扎堆的A团重新组团的工具人，惨惨的，怀念mygo时期的可爱。",negative,bangumi,颂乐人偶
本来以为是个i人 原来是e人,negative,bilibili,夏目友人帐 第七季
comeon,neutral,bilibili,四月是你的谎言
空境op小姐,negative,bilibili,mygo
客观9分 主观10分 动画和声优给蕾塞这个角色注入的灵魂太强大了 本来看漫画的时候没这么大的反应 但是动画的制作和声优的演绎实在是太强大 还有牛尾宪辅做的BGM 真的太神级了 以上能给到九分 十分是因为蕾塞太像我的前女友了 除了不会爆炸都一模一样 那是我的初恋 几乎所有的第一次都是她给我的 第一次牵手 第一次吻 第一次骑车带着女孩子 但最后还是因为对未来的规划截然相反而分道扬镳 我希望摆烂的度过一生 但她追求更好的生活 但更多我这方面放弃的理由还是我们的兴趣虽然相同 但细节很不同 我喜欢打守望 她喜欢LOL 我们看的番 对番的评价很不一样 这方面聊不到一起 最终她像蕾塞那样离开了我 我也没有挽留 各走各的路了,positive,bangumi,剧场版 链锯人 蕾塞篇
突然发现好像外面的人是25D（大概是这意思吧,negative,bilibili,少女乐队的呐喊
"A1神了，不是我喜欢的剧情直接删掉，虽然删减了剧情有点割裂感，但那些逆天剧情不看也罢，这种轻松愉快的风格才适合这部番。
最后说点爆的，cbm桂霞你懂个鸡毛的辉夜。",positive,bangumi,辉夜大小姐想让我告白 通往大人的阶梯
神中神 meta最高峰 从此对meta不再有新鲜感,positive,bangumi,瑞克和莫蒂 第三季
"跳脱出美漫轨道的一部作品，对人物的细腻塑造与剧情的深刻打磨无时无刻都让我怀疑这是否是一部美漫
直到不久前才补完了双城，我一直都以为双城只是给lol配套的好莱坞特效公式流水线美剧，类似于单调而油腻的炸鸡，没想到是精雕细琢后的欧式国宴。上下城的矛盾隔阂贯穿全篇，剧情展开与多线叙述令人拍案叫绝，不同身份的角色做出超越而又局限于身份的抉择更显立体，至于世界顶尖水准的制作不用再赘述
我唯一看了两遍的番剧，不仅是我对lol的情感，还有双城本身的优秀",positive,bangumi,英雄联盟：双城之战
后面是be吗,neutral,bilibili,四月是你的谎言
又是万能的Tom除了抓老鼠系列，话说bug好多啊，有时候明明没有在弹却有音乐在响，顺便观众都是番茄和土豆吗」,positive,bangumi,猫的协奏曲
LuckyStar！,positive,bangumi,幸运星
2025824看完。吹响吧，上低音号。北宇治，fight。看完了后面，才知前两季就是巅峰，优秀且宏大的社团群像描写，丰富人物特色和形象，扣人心弦的表演，近百人社团在这么一个狭小的教室里发生了矛盾，各种各样的事，这有可能就是京阿尼对群像的极致描写，我想给京阿尼写一封情书。如果只看前面几部作品，那么我敢保证京吹就是神作。,positive,bangumi,吹响吧！上低音号 第二季
ydds,neutral,bilibili,转生成蜘蛛又怎样！
就算当成纯机战片看也算是非常好看的了画风虽然老旧但是十分喜欢，剧情很有意思，就是在力天使之后节奏就像是加了速一样，一路飞快，直到最后有些地方都没有讲清楚第2526集的无经费感觉更像是给意识流画龙点睛，很有意思虽然是很久之前的片子，但是依然能看得出来演出和分镜都很吊，更是诞生了众多经典bgm这番在人物塑造上做的非常好，大部分主要人物心理十分复杂，但意识流的心理描写非常细腻相比于其他番，人物性格一个个都并不怎么讨喜，但细腻的人物塑造还是让人喜欢冬二和班长的戏份并不多，依然能从这不多的戏份中感受到恋爱的甜味和心痛虽然都说tv碇真嗣很糯但我更喜欢这版的真嗣，虽然都说tv明日香只傲不娇但我也更喜欢这版的明日香，这版的绫波丽还是感觉偏神，不像是个人，两个选一个还是更倾向明日香,positive,bangumi,新世纪福音战士
C团为啥不能赚钱啊，祥子舍不得c团变现所以解散？,negative,bilibili,颂乐人偶
回复 典明粥unOfficial 半个上六也算上六,negative,bilibili,鬼灭之刃 游郭篇
无之天使是ann，不是ain,positive,bilibili,约会大作战 第四季
zone！（兰加t）,positive,bilibili,四月是你的谎言
sakura：到了卫宫士郎家里眼中才有高光,positive,bilibili,约会大作战 第四季
hina退学之后，正好mmk退出钻石星辰，hina为了不让钻石星辰解散，就去补位,neutral,bilibili,少女乐队的呐喊
hei heiboy,neutral,bilibili,四月是你的谎言
box，box,neutral,bilibili,少女乐队的呐喊
依旧一起评，轻音的作品在我心中都是毫无疑问的神作，尤其是动画组制作的在原漫画没有的相遇天使简直是神来之笔，刚看完的那段时间，真是听一次哭一次，源于对网友对轻音的超高评价的好奇，入坑表示赞同和理解，在毕业季看了轻音，给高中生活留下了不可或缺的回忆，音乐每首都很爱，尤其是五月雨20love和相遇天使，五小只很可爱，应该说轻音中的每位角色都惹人喜爱，我最喜欢律队，轻音最好了！,negative,bangumi,轻音少女 剧场版
486suki,neutral,bilibili,少女乐队的呐喊
95。太喜欢以至于差点给出满分。如何通过演出节奏的把控让影像拥有呼吸？看鸭子怎么拍的这部就够了。在开局更像后来TV风格的素子拿枪突突后，鸭子迅速通过演出的编排让“呼吸”放缓，时刻让观众处于可以听他想讲的东西的状态。从九课聊天到素子潜水再到谣的一整段演出太过于舒适了。在和影片的呼吸同频后，鸭子最后讲那些东西没有让我产生任何不耐。冲浦启之的人设实在太好看，素子拉机门零件崩出的时候给我美晕过去了。,positive,bangumi,攻壳机动队
非常出色的高达6场的Revue。故事本身主旨并不复杂，但是演出的细节非常多，无论是动作，场景还是台词。,positive,bangumi,剧场版 少女☆歌剧 Revue Starlight
路灯so,neutral,bilibili,Fate/Zero 第一季
gugugaga,neutral,bilibili,比宇宙更远的地方
回复 御坂13105 show me your mind,negative,bilibili,颂乐人偶
回复 MILAOWUUUU 他俩大概只会互相拆台拆到打起来（确信）,negative,bilibili,咒术回战
ep13 完结，很好的作品，需要静下心来细细品味，推荐观看 ep912 后面几话比较平稳，不知最后一话要做什么，讲一下live？ ep8 做得真好 ep14 一口气连看四话，不错的，情绪和心理的把控非常真实而细腻，第三话给我看泪目了。好片，期待后续。,positive,bangumi,异国日记
邦多利之AVE Mujica,negative,bilibili,少女乐队的呐喊
Ki La 裤阴,positive,bilibili,JOJO的奇妙冒险 石之海
emm，想按头了捏,neutral,bilibili,少女乐队的呐喊
魔女之间是会互相吸引的跟stand一样，,positive,bilibili,魔女之旅
这俩倒挺像CP的,negative,bilibili,四月是你的谎言 粤配版
Mygo for mygo,negative,bangumi,mygo
看完确实大受震撼，观感跟本篇完全不同，这就是原创番的魅力啊。虽然大致能明白发生了什么，但没完全理解角色心理和台词的意义，也不太想去找什么“你真的看懂eva了吗”之类的视频来看。,negative,bangumi,新世纪福音战士剧场版 Air/真心为你
回复 qxy1236 你别说，炎之帝国还真有个专门玩陷阱的，只不过运气不好，遇上女主，防御太高，伤害陷阱没用，限制行动陷阱毒麻对女主无效，捆绑陷阱女主两个小跟班一锤子就打破了,neutral,bilibili,因为太怕痛就全点防御力了
h hh,neutral,bilibili,Fate/Zero 第一季
06还和saber比试了,neutral,bilibili,Fate/stay night [Unlimited Blade Works] 第一季
对eva 没有童话情怀，但是以现在的眼光来说还是好看，磁带机，闪回的钢琴，飞驰的列车，海与陆的分界线，以及，最后的evangelion，不再是永恒少年的碇真嗣,positive,bangumi,新・福音战士剧场版：终
回复 AshiTaka 当时没开立场吧，然后因为告白脑子懵懵的就直接身体去推了啥的吧,negative,bilibili,路人超能100 III(灵能百分百 第三季)
出现了静脉曲张oo,neutral,bilibili,鬼灭之刃 游郭篇
学长TVT,positive,bilibili,四月是你的谎言
这个是希露瓦的cv吗,negative,bilibili,间谍过家家 第二季 中配版
从后面真嗣和父亲谈话开始，从Neon Genesis 见到母亲时温柔又忧伤的音乐响起，观影成了一种极致的享受，直到beautiful  world。,positive,bangumi,新・福音战士剧场版：终
2567同样没看懂，但感觉观感不如gis好，待二刷,neutral,bangumi,攻壳机动队2 无罪
一如既往  其他平台都是S2提纯，bgm反而更低分了,positive,bangumi,虫师 续章
还在go！！！！！,neutral,bilibili,四月是你的谎言
很优秀的作品甚至于把它与日本季番比较是赖皮的手段，首先二者的制作周期，商业宣传以及受众倾向都有很大程度上的不同，但这部商业动画就是如此优秀。剧情上其实故事的走向很清晰甚至说是简单，通过双线叙事从皮城和祖安两个城区所代表的主人公视角推进剧情，以主角团之间的矛盾亦或者误解一步步引入剧情且从始至终导向本作主题，所谓的阶级矛盾，这也是剧情中的核心矛盾，使得人物之间的传承显得更加合理化。但本作真正令我惊讶的是单集剧情的完整度，每集的叙事排列都如同微电影般围绕该集的叙事目标展开并由此引申出下一个事件的同时将上一个事件在本集交代的相当清楚，40分钟的时长让编剧有了更多的操作空间，各种神ed穿插再搭配电影级别的制作，丰富到爆的教科书式分镜构成，3d场景和2d特效之间的无缝衔接以及身临其境的音画表现和饱和度极高的美术表现，有效的镜头语言，看完只能说出这才是真正的蒙太奇,positive,bangumi,英雄联盟：双城之战
486就是爱音L鼓手板）,neutral,bilibili,少女乐队的呐喊
雪吗conter啊,positive,bilibili,葬送的芙莉莲
童年经典弥补了小时候没看完的遗憾。对主题曲记忆犹新，神曲，忧郁的杀马特黄毛。小火田作品特有的成为神镜头，既有龙傲天的爽点，又有成长型主角的闪光点，时常还夹杂着不俗的笑点，配乐超一流的气氛烘托，角色的塑造也是一绝，台词设计耐人寻味，ed更是神插入。关于sai的身份展开顶级智斗的桥段，一群棋痴疯魔了，精彩。职业考试篇森罗万象，社畜为梦想奋斗的心酸，场外的博弈之哭笑不得的泄压方式，进藤，越智，塔矢三角关系犹如上演了一场缠缠绵绵的韩剧（我再也不会出现在你面前了）ep5556最期待的俩集史上最强vs现代最强，俩次不欢而散，这次终于没有束缚，见证了超越时空的战斗，送上塔矢的震惊表情。ep70（神回）寻求自我，即使彷徨无助，我们也要结伴而行，奔向未来，这就是成长番独有的魅力。从第一集就已经大致猜到结局，还是难以接受，就像杀老师一样。朴实无华的收尾，那么的感人肺腑,positive,bangumi,棋魂
冰海战记的胜利不是日漫的胜利，是经典文学的胜利。这部动画唯一的问题是存在不少情节，为了醋包饺子的情况，比如托尔兹之死、阿谢拉德部下哗变。当我看到托尔兹之死，已能猜到这是参考经典的西方复仇故事，被复仇蒙蔽双眼的少年，盲目地挥剑，最终仇敌身死，亦未获得解脱，最终因复仇失去一切的他，在大爱中在释然中被命运所杀，以至于当时生出无聊之感。但是冰海战记的创新是给了仇敌几乎“完美”的塑造，让主角停留在迷茫中，对复仇的奴隶给予了最大的嘲讽。阿谢拉德一个机关算尽藐视一切践踏一切人信仰与幸福的野心家，居然是一个为虚无缥缈的信仰、为未曾生活过的故土拼上一切的满身泥泞的人，只有装作疯癫才能说出自己内心的野望，何其精彩又何其可悲。更棒的是，冰海战记借助Ep14对传统禁欲式宗教不加掩饰地戏谑和Ep18极具画面与语言冲击力的布道建构起了“爱”、“真正的战士”的概念，太值得一看了。,positive,bangumi,冰海战记
wc是M,negative,bilibili,魔女之旅
俩妹子的队是一个buff姬一个狂战士，一男一女是男狙击手女召唤师兼buff（合力能一发直接干出女主锁血）,positive,bilibili,因为太怕痛就全点防御力了 第二季
vtuber一问一答是吧doge,negative,bilibili,Angels of Death
完成度很高，剧场版有lc的糖吃，老东西就是耐看，就是提前知道tv结局和复活的场外让tv结局少了震撼和感动，有点可惜。,positive,bangumi,Code Geass 反叛的鲁路修R2
OKOK,neutral,bilibili,四月是你的谎言
sl,positive,bilibili,Fate/Zero 第一季
没有什么大事发生，都是些平常的事，吉他的旋律响起，我就直接沦陷，the pillows的歌真是太神了，真是完美的配乐，配上这狂气，张扬的演出和剧情，can you feeling真是一部特别的动画，那满溢的青春烦恼，不管是真见美的never knows best还是直太挥出的球棒，永远不知道最好，敢于走出那一步，这都独属于那个时期吧。没什么大事发生，都是些平常的事。班长太可爱了！,positive,bangumi,FLCL
回复 纪风Yuuki 第6集呢,negative,bilibili,葬送的芙莉莲
回复 MikuMate,negative,bilibili,葬送的芙莉莲
单元回的质量极高，第一集就给了我极大的震撼和感伤，虽不乏如小丑，ep11和爱德个人回这种荒诞有趣的单集，但大多数的集数都充满了淡淡的忧伤，个人最喜欢的单集当属ep7和ep10。主线的几集也让本在单元回中就非常有魅力的史派克变得别具忧郁感，倒数三集各种各样的别离也让人感到非常感慨。本作牛逼的地方不少，但是真正让我为之感到震撼并且让cb的魅力加值的正是菅野阿姨的音乐，ed the real fork blues不仅作为最后两集的标题实用更让史派克前往红龙赴死与比夏斯决战的场景变得更加的有决心了断的感觉，几乎可以说音乐是cb让人一下子就能感受到其魅力的要素所在，其余的人设制作演出也都相当优秀。26集真的完全不够看，单元回的模式完全可以再写26集的。300多个字感觉完全写不完我看着26集的全部感受。,positive,bangumi,星际牛仔
I T X 机 箱,neutral,bilibili,少女乐队的呐喊
炭治郎我笑纳了，灶门家的长男我笑纳了，会使用火之神神乐和水之呼吸以及霹雳一闪的鬼杀队队员我笑纳了，祢豆子，竹雄，花子，茂和六太的哥哥我笑纳了，鬼灭之刃的主角我笑纳了，身高165cm的我笑纳了，穿着黑绿,negative,bilibili,鬼灭之刃 柱训练篇
第二季是无疑超越原著的，制作后世z高达时期才能与之齐平，神一般的演出至今未有动画超越，直到黄金之秋才能出现与之媲美的分镜，能在那个时代诞生如此经典非常可怕，相较于原著改编差别很大，感谢出統现生的出色改编，确实是非常优秀的作品，第二期前面有第一季后面的重置，照某人表准某个粉碎机原著是不是得11分？众多周知攻壳哪些原著很烂，照你这么说那攻壳TV不得是负分？你既然连动画最起码的尊重都没有那你看动画干什么？没人逼你看动画，在这虚空标记还有理了，连看都不看又有什么资格在这指点江山？,positive,bangumi,明日之丈2
"满昏！
最近细想了一下 马2带给我的震撼与情绪触动应该不会输给吹2和kon 故改到10分（",positive,bangumi,赛马娘 Pretty Derby 第二季
上一部relife,neutral,bilibili,四月是你的谎言
W27，l12，p105，这不对吧,negative,bilibili,Angels of Death
我的go呢？,neutral,bilibili,mygo
Fooly Cooly，少年就应该挥出手中的棒球棒，放下眉毛的伪装，不去假装成为大人，享受自己的青春的放荡和无所畏惧的狂野。老宅社那帮人明显做嗨了，意识流的剧情，配上老东西们天马行空的演出，再加上the pillows的摇滚乐章搭配，真让人爽上天了。在6集的篇幅中显然是不足以塑造出那一个世界观，并且把剧情圆回来，但鹤卷在这中做到了，仅仅通过少量人物对话交代出的故事的背景，但是还是显得过于单薄了。剧中多处的运动长镜头和漫画型的演出真的能感受到老宅社演出的魅力，然而敢于展现自己的恶趣味是我喜欢的群放荡不羁老东西的原因吧。,positive,bangumi,FLCL
saki酱saki酱saki酱saki酱saki酱saki酱saki酱saki酱saki酱saki酱,negative,bilibili,颂乐人偶
担忧ing,positive,bilibili,比宇宙更远的地方
"【810】
绝赞的开头 除去ep1试播集有些无趣外 其他的真是顶满了 可以说是最能代表美漫那一批的作品待重写",positive,bangumi,瑞克和莫蒂 第一季
补标，Panzer Vor！,positive,bangumi,少女与战车 剧场版
回复 橘子orange 琴子开的是教练车，副驾驶是九郎,negative,bilibili,虚构推理
5月18日。希洛克真惨，和尼科莎拉搞搞暧昧，手下没几个部下，平时工作就是拱火，被当成最终boss捅死了，铁奥都没出场几集,positive,bangumi,机动战士Z高达
open the door！,negative,bilibili,比宇宙更远的地方
anon0个人在意,neutral,bilibili,颂乐人偶
瑞吉尔动都不动 知道扎克会保护她OV0,neutral,bilibili,Angels of Death
说实话，有点失望。前15集还是很王道热血的故事，配上出色的bgm和作画，确实能让人感受到西蒙逐渐成长的过程以及反抗命运的斗争，初始三人组加上后入队的妮娅也是塑造得很不错，前期唯一的缺点是对其他红莲团成员塑造过少；17集开始的迷惑zz戏看得人挠头，罗修只带一部分人跑路还能说是力有不逮，推西蒙出来接受审判就是纯纯的白眼狼（他对审判表现出的伤心不仅隔了好几集还是一面之词）。如果说平民只是看到西蒙处理不当炸毁了城市就针对西蒙，罗修扔下他们不管了他们还能接受罗修做领袖就挺离谱的。24集由于几个角色之前基本是纯路人所以牺牲也没太大感人之处，26集刚豪言壮语“女人宇宙我都要”27集妮娅没了也实在有点难崩。后半部分的优点就是把螺旋王和维拉鲁的形象拔高了，最终战的演出也很不错，如果被打了预防针提前接受应该能观感更好。,neutral,bangumi,天元突破 红莲螺岩
富坚要休刊1000天了。。。qq,neutral,bilibili,比宇宙更远的地方
回复 由崎司official 好家伙，我直接好家伙,negative,bilibili,总之就是非常可爱
令人舒适的改编作  IG做运动类动画值得信赖  bgm脱离动画反而没有很耐听,positive,bangumi,强风吹拂
岸田教團演唱的 ED主題曲完整版av83894915,positive,bilibili,某科学的超电磁炮T
第二季作画明显精细了不少，EP12无敌神回，然而继EP12的超神回后，又迎来了EP13的神回,negative,bangumi,虫师 续章 第2部分
回复 锈湖Aldous 得了吧，官方明确一共12集而且明确是用12集做【完】14卷全部内容做到14卷结束。别整天做梦有的没的。就这个官方，只有团粉配做梦哒,negative,bilibili,我的青春恋爱物语果然有问题。完
2个cv撑起了一集,positive,bilibili,关于我转生变成史莱姆这档事 第三季
ZarK：别拿你的手碰我服了 我还有 Ray,negative,bilibili,Angels of Death
100W啊100W,neutral,bilibili,比宇宙更远的地方
刚看完的时候很震撼，立体多面的人物塑造，跌宕但绝不俗套的剧情展开，优秀还贴合剧情的音乐创作，完全算得上是六边形战士。但是看完mujiaca，mygo在脑子里像蒙了纱一样有些模糊得素然无味了丰川祥子把我毁了已经满脑子只有祥儿了,positive,bangumi,mygo
【A】影院重映补标IMAX。比起桑这位被创作者赋予表层吸引力的“幽灵公主”，真正值得关注的反而是主角阿席达卡。平静淳朴的村子村民被莫名发动恶意的怪物攻击，事态平息后在怪物的悲鸣中精确点明污染侵蚀、诅咒和人与自然的冲突引向。由此可见宫崎骏的叙事中心，以“无辜者救赎者”的主角视角审视并面对着战争杀戮的直观（毫不避讳地展现人“被箭射掉头”的画像呈现）、不断深入的两方群像与隔阂死局，以及依然允许空闲和停顿的机会去关注争执之外那些美丽的事物（穿梭密林时所观察到的木灵、炼铁场所有质朴、可爱还很能打的女人们）。即使叙述与表达还是显得些许力不从心，好在最后不再牵强，简洁表明人类的猎奇欲望（黑帽与和尚的动机）与灭世重生景观的启示。可以视作《风之谷》的精神续作。,positive,bangumi,幽灵公主
onepiece在南极！海贼王路飞说的,neutral,bilibili,比宇宙更远的地方
我们一日日所度过的日常，实际上可能是接连不断的奇迹。看完真的很舍不得，对于废萌而言看完舍不得才是比较优秀的作品。超喜欢mio和nano的,positive,bangumi,日常
Ff刚登场就那么凶残的吗？,neutral,bilibili,JOJO的奇妙冒险 石之海
Jc社出来挨打,neutral,bilibili,约会大作战 第四季
觉悟不够是出自jojo吗hhhc,positive,bilibili,Fate/Zero 第一季
北宇治fight！,positive,bangumi,吹响吧！上低音号
Akaza多磨,neutral,bilibili,鬼灭之刃 刀匠村篇
回复 konoha0402 天才,negative,bilibili,颂乐人偶
在我看来，这种童星出道和qjyn一样,neutral,bilibili,比宇宙更远的地方
我也用的2k曲面屏,neutral,bilibili,四月是你的谎言
回复 仙灵fairy 游戏在哪整啊,negative,bilibili,我的青春恋爱物语果然有问题。
回复 Akira 有坚定意志就能脱困 ，所以啊乌拉才要去头,neutral,bilibili,葬送的芙莉莲
桌子HP1,negative,bilibili,少女乐队的呐喊
入机anan,neutral,bilibili,颂乐人偶
ponystation还行,positive,bilibili,比宇宙更远的地方
milet演唱的ED真的好听,negative,bilibili,葬送的芙莉莲
亡计召唤一辆IS2,positive,bilibili,少女乐队的呐喊
myself,negative,bangumi,银魂'
回复 wjerome88 这个其实是有道理的。诉说战争的惨烈，会让公众对他们抱有更多的警惕，把人工摇光形象推向战争机器一面，不利于炒作人权议题。剧情里也有记者问了会不会反过来控制人类。而表达恋慕之情，更容易让人联想到人性及美好的一面，有利于议题。,positive,bilibili,刀剑神域 爱丽丝篇 异界战争 -终章-
满分。无以言表，rank1 tv动画实至名归。本季将政治冲突的矛头由国家内部转向国际，难民问题的主线几乎贯穿全季，和上一季相比本季的严肃性和故事性都有很大提升，密度极高且言之有物的政治戏与哲学思辨虽略显沉闷但依旧会让人沉浸其中。从一期结尾得出的sac概念在本季得到了更深入的应用与解释，久世的革命与和田等政治势力的阴谋都离不开sac的利用，而sac的现象本身也引发了个体ghost的独特性与集体意识间的思考，以及塔奇克马最后因为产生ghost而牺牲的悲剧（哭），都使本作“ghost in the shell”这一主旨贯穿始终。而关于所谓的难民问题，也如同本作中所有国家的政治立场一样，没有发生任何变化，有些问题注定不能有简单的答案，但这场失败的斗争却依旧令人回味无穷。,positive,bangumi,攻壳机动队 S.A.C. 2nd GIG
回复 Exploder03,negative,bilibili,间谍过家家 中配版
mygo其实是一部不把观众当低龄，同时也会回应观众的期待的动画，前期有克制的埋暗线，能让观众产生一些怀疑，soyo是不是别有用心，同时也怀疑是不是自己想复杂了，最终也回应了观众期待，这其实是很有满足感的观影体验,positive,bangumi,mygo
【858】或是因为熬夜上班，加之作为故事群众的苯人更（有能力）关注剧情叙事而非视听语言（映像与倒影对应“我们如今仿佛对着镜子观看，模糊不清”），前半段的确昏昏欲睡，未能充分沉浸于沉郁迷蒙的氛围之中，待到后半段的弹孔侵蚀进化树、义体内在乍现等场景时陡然清醒堪称赛博朋克题材对自我同一性（复制与变异：记忆？类存在？存在主义？）、心身关系（Ghost in the Shell？）、后人类主义等抽象哲学思辨的绝佳具象呈现，以暧昧的“那么 往哪里去好呢网络无限宽广”作结着实精彩（“我作孩子的时候，话语像孩子，心思像孩子，意念像孩子，既成了人，就把孩子的事丢弃了”是否需要结合哥林多前书“爱的诗篇”语境加以理解？是否可能沦为柯勒律治笔下的“水呀，水呀，处处都是水，一滴也不能入口”？），感觉在了解世界观与大体情节的基础上再览是更适合本作的观影模式,positive,bangumi,攻壳机动队
看完后的感想就是独断万古圆天帝，小圆靠着和晓美焰两人左脚踩右脚卡bug升天改写了一切，把一个黑深残的魔法少女世界变成了一个“常规”的魔法少女世界，说不定每个正常的爱与希望的热血世界背后都有个“圆环之理”呢 圆神伟大,positive,bangumi,魔法少女小圆
Uc纪元的宿敌之战，一段历史的终结。依旧惊叹于机体的精密设计以及细节的把控，宇宙的壮阔图景在前所未有的同屏飞弹、机体数量配合3dcg的殖民地展开，勾兑、奇袭、反击的结构明晰，战斗场面大小兼顾。然而富野在tv中散落于50集的错误集中在2小时内，导致如此简单的故事连基本的叙述节奏也掌控不了，音效的断裂时常伴随着镜头的跳切，角色台词一如既往的语出惊人又无比蠢笨，始终纠缠着无意义的恋情关系导致的过于强行的悲剧，乃至意欲提出的严肃探讨被消解、被无视。结尾一如既往玩起了花招，过于残酷的开头与过于天真的结局拼凑在一起，中间充斥着小丑的独角戏。哈撒韦是、葵丝是、邱尼是、夏亚也是。在如此的闹剧之中，值得见证的无非是两个男人最真挚的最直白的理念的交锋。所谓大人的战争，竟是如此滑稽可笑、不值一提的东西。,neutral,bangumi,机动战士高达 逆袭的夏亚
Bug出现了，不说话就可以撒谎了,neutral,bilibili,魔女之旅
应该是neta东京爱情故事,positive,bilibili,比宇宙更远的地方
saya抖m？,negative,bilibili,颂乐人偶
回复 xy隐殇 哪都能看到敏鬼代师不说了，七个时王和decade外传真好看,negative,bilibili,岸边露伴 一动也不动
VCBStudio,negative,bangumi,灌篮高手
5000 因为100W的直播间没机会互动,positive,bilibili,少女乐队的呐喊
回复 偷偷看bocchi的永雏恋晨 后面祥子会办事的,positive,bilibili,颂乐人偶
486，小孩姐，MM k，小智，卢帕，是吗？我记得对的。,positive,bilibili,少女乐队的呐喊
感觉被很尊敬的老师莫名其妙打了一顿还把魔杖对着我的脖子QAQ很伤心吧,positive,bilibili,魔女之旅
85分，演出极好，观看体验非常爽，用多段人物关系的演出来完成剧情的演绎和完美的配乐插入让人头皮发麻，有近乎意识流的人物演出节奏，需要对上电波才能真正看懂。我可能是这个世界上最空虚的人了道出了爱城华恋对starlight和神乐光的深切的执念，剧情中只有用舞台少女两两战斗才能让她们斩断旧枷锁走向下一个舞台,positive,bangumi,剧场版 少女☆歌剧 Revue Starlight
zmjkk,neutral,bilibili,四月是你的谎言
回复 RainRainRainbow w大师退出文坛我伤心欲绝因为竟然不是我亲手策划的,positive,bilibili,国王排名
缺少娱乐，所以南北极自动贩卖机的DLS销量很好,positive,bilibili,比宇宙更远的地方
绝对的大师级作品，大六边形的质量。在第一季的基础上更加深刻地诠释了SAC的内涵，甚至洞见了20年后的当下。个体被政治病毒剥夺了独立思考，被迫成为了群体的一部分。任何发展都无法阻止撕裂的社会里，久世对SAC的反叛会是答案吗？不过最震撼我的瞬间其实是巴特在废墟里肩扛十字的瞬间，我们讨论着灵魂的飞升、最终的进化，但依然有人承受着“人”的重量。,positive,bangumi,攻壳机动队 S.A.C. 2nd GIG
"就这么结束了啊。村庄那里做的非常不错，黑绫波也在那里获得了情感，获得了心。真嗣也在那里获得了继续驾驶初号机的理由
从老碇的目的和在列车上的对话，瞬间把老碇从一个出生的形象变得更为复杂和丰满。第四次补完后。再也没有eva了。one last kiss之下，过去的列车驶向远方，跨越了二十多年的物语在这里终结了",positive,bangumi,新・福音战士剧场版：终
DMA已连接,negative,bilibili,四月是你的谎言
慢慢的换上了4k超清,positive,bilibili,关于我转生变成史莱姆这档事 第三季
"M25来了！
被无数柯南爱好者评价为“近年表现最出色的一部剧场版”《名侦探柯南万圣节的新娘》现已开播！
少年侦探团盛装登场，警校五人组银幕首秀，尘封的往事，宿命的对决，一切的谜团都在等待着你一探究竟！
相信阿购，这世间的真相只有一个那就是你永远都可以相信柯南！",positive,bilibili,名侦探柯南：万圣节的新娘
买了fallen,neutral,bilibili,异度侵入 ID:INVADED
ETC通道,neutral,bilibili,魔女之旅
23年10月番终于在26年1月看完了，前半部分零零散散看的，说实话也并不是很感兴趣；一口气看完了一级魔法使测试，这个篇章的群像塑造的很好，主角团之外的每个角色也都是有血有肉富有魅力，但是在打斗上除了芙芙大战外的部分都显得比较平庸，节奏也经常被长段回忆剪碎。平静文戏的ep27反倒是这样一个类热血漫的篇章中最棒的一集。,neutral,bangumi,葬送的芙莉莲
6000rmb？太狠了,negative,bilibili,少女乐队的呐喊
『Zack』破电梯ing,negative,bilibili,Angels of Death
个人还是非常喜欢。就算是从技术性来讲，作品大多数时候都可以做到镜头没有浪费且人物的成长也有有迹可循，比如说解决问题时，灯从只能回应别人的善意到自己为了挽救乐队主动去ring朗诵。虽然也许有人说闹麻了但说实话：第一本来就不是什么特别大的事而且大家其实大多数人也想着回来而且能营造出压抑气氛也是技术。第二理论上设定为jk脑子里只有乐队和同龄人理论上也正常。但确实也没有吹得那么高，毕竟题材算小众,positive,bangumi,mygo
hb,neutral,bilibili,四月是你的谎言
wth？,neutral,bilibili,四月是你的谎言
Boy，怎么还在旅游啊？,neutral,bilibili,魔女之旅
搞hs的叉出去杖毙,negative,bilibili,比宇宙更远的地方
再见了，所有的Evangelion,negative,bangumi,新・福音战士剧场版：终
"震撼啊  个人评分896  心中第12 唯一看过的高达
C烂 B普 A良 S优 SS神 SSS独
1叙事  S
2剧情  S
3画面  SS
4人物  SS
5作画  SS
6内涵  SSS
7音乐  S",positive,bangumi,机动战士高达0080 口袋里的战争
第一季也算可圈可点，至少在我这里风子线和琴美线以及结局还是有佳作的水准，但是第一季全程校园篇照顾其他女主的同时在穿插渚的主线剧情，这就导致剧情有一种冗产感，当然这也是galgame改的通病，我就个人感受而言，如果能够删减一些不必要的支线内容，再压缩部分偏冗长的运动演出环节，将剧情精炼控制在约 28 集左右，cl的整体完成度和观感都有望再上层楼,neutral,bangumi,CLANNAD
群马的ProjectD,neutral,bilibili,比宇宙更远的地方
xiangkan,negative,bangumi,银河英雄传说
就和saber用1个村庄换了15个一样,negative,bilibili,Fate/Zero 第一季
可是ta是主角啊喂,positive,bilibili,工作细胞 第二季
labi打钱,negative,bilibili,比宇宙更远的地方
这里左下角红色那个ue是mixue，也就是咱们雪王,positive,bilibili,少女乐队的呐喊
回复 xxxccxuu 挡伤害啊，反正有备份,negative,bilibili,关于我转生变成史莱姆这档事 第三季
听bgm，看op识刀子,positive,bilibili,魔女之旅
二编，一编时给这部剧场版定性为爆米花电影似乎还是太武断了。换句话说，探讨人类革新，相互理解的思辨是难以回答的，85在以葵司为主轴的剧情线里，关于新人类的许多理念已在Z中深入探讨过，逆鸭里重复出现并不会有初见的惊喜，也没有在Z之后有思考上的突破。并非不好，然而对于非初见而言有些乏味无聊，富野没有完成自我的突破。新人类之外，在夏亚与阿姆罗的剧情线里，把夏亚处理成一个更为纯粹的精英论政客，于我个人而言也比0079和Z时期的青涩却有更丰富情感的夏亚少了几分魅力。机战的作画过多也确实压缩了讲故事的篇幅，大概把这部影片当作富野风格的爆米花性质作品会降低一些失望成分吧。虽然说是失望，但是最后的推石头切实地给本片添上了一抹奇幻色彩，这也是我最初被0079所吸引时，所喜爱的那种朴素的浪漫吧。75,positive,bangumi,机动战士高达 逆袭的夏亚
"看到一个个闪耀的新人类投身时代洪流被无情碾碎，都是热血着想要力挽狂澜，最后死了疯了隐退，再看倒 A 的结尾会有难以言喻的释然

这部片里双方的交战非常“笨拙”，可以说根本不会打仗，所以能看到战斗时无厘头画面，还有最强的高达用来当运输机、洗衣机这类民用机械，也算另类铸剑为犁了，真是浪漫又美好的结局啊",positive,bangumi,∀高达
"这么比喻吧：在王国，战士最强ssr
在安兹麾下，很弱。。。R卡。。",positive,bilibili,OVERLORD Ⅲ
累累累洛洛洛背背背喽喽喽，I love you波鲁那雷夫！,neutral,bilibili,魔女之旅
魔法师存在克制关系，很可能出现a大于b大于c大于a,negative,bilibili,葬送的芙莉莲
revival of evangelion 其实是3部分，“死”  “air”  “真心为你”，非常建议看完tv版直接看ROE不要去看死与新生或者deathtrue2EOE，画面重置以后观感舒适。“死”是前24话总集篇，“air”这一集进行到香香被迫害然后“真心为你”把旧EVA推向结局。就TV旧剧场版 and 新剧场版1020303010 and 贞本漫画版三种不同的结局而言，让我感觉最致郁最不想承认但是必须接受的最好的结局就是真心为你。。。越虐我越难受但是越虐我越爱！！！！！本香厨实名保护香香。,positive,bangumi,新世纪福音战士剧场版 DEATH(TRUE)2/Air/真心为你
母亲多数基因都是AA这种显性呗,positive,bilibili,颂乐人偶
回复 Fiora灬就是就是,negative,bilibili,四月是你的谎言
"本集要素过多，真的是绷不住了
1女枪打不过拔腿就跑
2一堆人以为有多强，结果solo一下就被胖揍
3忍者被吓到光速投降
别的不说，单看这些还是很有意思的",negative,bilibili,关于我转生变成史莱姆这档事 第三季
回复 RockParanoia 听他们说是翻译出错了,negative,bilibili,JOJO的奇妙冒险
简直不能想象Nina和mmk两个人是有多爱对方,negative,bilibili,少女乐队的呐喊
回复 扣1送可莉炸鸡块 之后的内衣套头乐队mujica应该是暗示了祥子退团理由,negative,bilibili,mygo
回复 冰糕cheese 打破三月零回复惨案,negative,bilibili,间谍过家家 第二季 中配版
Computer，原来我是把所有弹幕全部屏蔽了,positive,bilibili,鬼灭之刃 柱训练篇
peko哈哈哈哈哈哈哈,positive,bilibili,四月是你的谎言
太香了，wcdl,neutral,bilibili,紫罗兰永恒花园
爹：Ao u,neutral,bilibili,魔女之旅
前面那个NiKO对g2我真绷不住，太形象了,negative,bilibili,少女乐队的呐喊
压缩帽子ZIP,negative,bilibili,魔女之旅
回复 aa超 没有如果，雷姆本来就不会消失，后期会再复活。小说虽然后期黑深残但长月的最终目的很明确，就是所有人happyend而且他本人也非常喜欢雷姆，真写死了他自己得先哭三天三夜,positive,bilibili,Re：从零开始的异世界生活 新编集版
海玲像layer（ky致歉？,negative,bilibili,颂乐人偶
3D动漫导致一些长发角色的头身比以及一些视角下的角色体态看起来有些奇怪，剧情则是“心有隔阂矛盾爆发消除矛盾”这一套。一点小矛盾小题大做写成这样走钢丝一样的剧情在观感就是“闹麻了”。除此之外人物个性鲜明独特，第10话神回，live演出优秀，春日影好听，乐奈可爱。一部有特点的少女乐队番。,positive,bangumi,mygo
制作非常棒，风格化的3d纯手绘贴图给人耳目一新的感觉，特效和战斗场面颇具视觉冲击力，配合富有节奏感的配乐，构筑起一场视听盛宴。叙事层面，巧妙地将角色间的误解冲突升级为双城的仇视对立，高度繁华的皮城与凋敝破败的祖安形成强烈对比，同时在多线并行的框架下通过精妙的平行剪辑将剧情逐步推向高潮。101老玩家看完真是老泪纵横。,positive,bangumi,英雄联盟：双城之战
working,negative,bilibili,比宇宙更远的地方
高松灯Pro,negative,bilibili,颂乐人偶
ep12时间轮回，ep13踩影子，ep17伤感，ep18批判封建包办婚姻，ep19兄弟反目，ep20神树,positive,bangumi,虫师 续章 第2部分
回复 lemon丶赛高：赛高球（呸,negative,bilibili,Charlotte
oWO,neutral,bilibili,Angels of Death
Duang加特效Duang,neutral,bilibili,比宇宙更远的地方
回复 白门楼上的吕布 第一季要才6000W播放，龙女仆也太没牌面了吧,neutral,bilibili,小林家的龙女仆 第二季
是我卡bug了吗,neutral,bilibili,魔女之旅
RM全系9，仅限2021前  ep7封神,positive,bangumi,瑞克和莫蒂 第三季
不是张新杰dalao吗,negative,bilibili,欢迎来到实力至上主义的教室
群像方面各有特色和点睛之笔，双主角的心境转化倒是差一口气，ep10堆得太多有点杂乱。ep11神来之笔，完美完成结局任务的同时弥补前期不足，历史级别的单集。我对体育不感兴趣，但有幸看了这部动画,positive,bangumi,乒乓
md真有牛啊,positive,bilibili,少女乐队的呐喊
c团活了那我go呢,negative,bilibili,颂乐人偶
sapce（梦开始的地方）,positive,bilibili,少女乐队的呐喊
"披着环保外皮讲述文明与战争。
人和自然对立？只是有一部分人被开除人籍了罢，你这动物社会疑似有点太拟人了。影院二刷的时候二战的既视感整个扑面而来，为了获取更大战争的果实最终触碰到无法掌控的力量导致一切重置归零，评价为太君经典的S2反思既S3狂想曲。

当然如果从访谈来讲，作者本人并没有提及这方面的隐喻，但不管是否隐瞒，30年之后能品出新的韵味更足见作品历经时间考验的价值。",positive,bangumi,幽灵公主
回复 CGmax小说到现在唯一有难度的战斗就是单挑夏9了,negative,bilibili,OVERLORD Ⅱ
这里面一定有一个she sucks,neutral,bilibili,约会大作战 第四季
讲完了一个普通的组乐队故事，6分。看得出来编剧一直想整点活，猫猫都被弄成live工具人了。百合的部分可以给8分，其他方面并不突出，当然也不烂，综合起来7分,neutral,bangumi,mygo
毫无疑问的神作，剧情完整圆满，温莉哭着放下枪那一段是日本acg领域的顶点，面对杀父仇人仍然做不到开枪夺去生命，她的善良坚强美好，在这一刻完美体现，再看看现在的动画，jrpg呢？简直幽默。。故事的主题建立在等价交换上，但温莉随口一句都给你了，又超越了主题变得更打动人心，没给满分全是因为斯卡的哥哥，这人的行为我也无法理解，有了那样的实力却死的这样轻松。叙事一点不急躁，但是剧情推进又十分快速，只能说不愧是女性漫画家，足够的细腻,positive,bangumi,钢之炼金术师 FULLMETAL ALCHEMIST
K  oN,neutral,bilibili,少女乐队的呐喊
三三变得好纯啊wwww,positive,bilibili,约会大作战 第四季
回复 Kiritsugu丨Papa 但是真正的高收益往往没有风险,positive,bilibili,碧蓝之海 第二季
乔尼，goqi,neutral,bilibili,魔女之旅
啊弄个poss弄个poss,positive,bilibili,比宇宙更远的地方
omakase（不是）,neutral,bilibili,比宇宙更远的地方
84    Ep2612192324    唯有感动。始于最初的热爱，到喘不过气来的动画工作，最终“不知不觉到了这把年纪”。新一代的创作来自上一代的热爱，循环往复，动画就是这么浪漫啊。感谢这些创作者们。,positive,bangumi,白箱
回复 Sigma 黄黑绿（迫真）,negative,bilibili,干物妹！小埋R
回复 尼禄asuka 咳咳,negative,bilibili,mygo
回复 亮CHNPJ 有的我喜欢,negative,bilibili,国王排名 勇气的宝箱
gucci限定,negative,bilibili,JOJO的奇妙冒险 石之海
回复 mmmmgood 藤原启治吧,neutral,bilibili,名侦探柯南
1、通常cv就是指声优，但声优和cv并不是完全等同。,positive,bilibili,比宇宙更远的地方
总评：综合质量不输本篇。超越当代的艺术造诣，反转不断的剧情发展，令人深思的幕后思想都是浮躁创作环境中的一股清流，我坚信至少以后20年不会出现创作水平与其相近的作品。作为一个剧场版在不到2小时的时间里带给观众不输tv本身的视觉震撼与思想冲击。我一直觉得魔圆一直都是观感与思想表达巧妙融合的艺术品。在看完叛逆物语后则更加深了我对此的理解。,positive,bangumi,剧场版 魔法少女小圆 [新篇] 叛逆的物语
JAVA从安装到卸载,negative,bilibili,魔女之旅
虽说也有政变一段挺难绷的情节，不过好在不长。本季在接近真相时对节奏的处理和回忆桥段抒情的把控都恰到好处。特别提一嘴音乐副歌部分在剧情高潮情节当中还是扮演了一个相当不错的角色，可你拿这些曲目随便remix一下变变奏就直接放到抒情桥段真有点那啥,neutral,bangumi,进击的巨人 第三季
我出100W,neutral,bilibili,魔女之旅
9回顧25年溜馬有感，重寫評語。時代的傳承已經開始，仍能從球員態度中找到影子。在我看來灌籃高手不只是描寫少年青春與追夢那麼簡單，是以小見大承載著80 90年代籃球運動員的精神，故事中的籃球與當時的運動員一樣十分純粹。所以我覺得灌籃高手如同琥珀一般，將本該流動的時代傳承定格成靜態的故事。當我每一次見證時代的轉變，新時代球星從傳奇中接過火炬，都能在其中看到這部作品的影子。特別在校園籃球的背景下，其純粹尤為明顯。所有球員只為勝利而奮鬥，學會拋棄個人英雄主義，團結一致，將勝負的責任擔在肩上，也沒有所謂的精致利己主義，只有想方設法傾盡所有，打出球隊特色的團隊籃球，只為一刻的榮耀。這就是為什麼當我看到今年溜馬會如此動容，看到哈利受傷倒地掩面痛哭呼喊not today會熱淚盈眶。因為我看到新時代已經有人接過衣缽，在被商業摧殘的球場上仍堅持著信仰,positive,bangumi,灌篮高手
是yakaza,neutral,bilibili,鬼灭之刃 刀匠村篇
恋爱flops：这我熟,positive,bilibili,工作细胞 第二季
100w刀乐都不太行,negative,bilibili,比宇宙更远的地方
这里细节，三哥的BGM刚开始被童磨压下去了,neutral,bilibili,鬼灭之刃 刀匠村篇
"补202484
第一次看3d做的很不错，应该说是三渲二吗？然后就是歌：卧槽，冰！。",neutral,bangumi,girls band cry
世纪末的浪漫，在2025年以这样一部作品收尾，画上一个圆满的句号，我很满足。喜欢这一部高达的地方很多，很喜欢月光女王与大小姐互换身份的剧情，身份背景不同，一次偶然的玩笑，开启了一段深厚的情谊，换位思考对方的处境。女王在扮演大小姐的时候体验地球人艰苦的生活，以及面对战争的残酷这段情节很触动我，大概就是在这里我get到女王的魅力。动画前期的叙事节奏缓慢，一点点在铺垫世界观，从最开始小规模的争斗，到后期升级为地月全域的战争。另外我很喜欢富野刻画的感情线，从主角到配角大多都有各自的cp，而二小姐、女王与罗兰之间的情感纠葛，也让我反复回味。女王和大小姐之间深深的羁绊我也很喜欢，那种跨越身份壁垒的真挚友谊。同时我很喜欢动画的结局，随着《月之茧》的旋律响起，每个角色都有交代，真是美好的结局。,positive,bangumi,∀高达
回复 懒先生丶T 死了一个就是s了，每个都是180，s了一个再合体就只有原来的7980了,negative,bilibili,Fate/Zero 第一季
爱音：你们wanwa,neutral,bilibili,颂乐人偶
I’m back motherfkerEp04本以为是爷孙情，结果瑞克爱的是外人，莫蒂不禁说出了mf wordEp07神回，生活在城堡里的无数个瑞克和莫蒂，又何尝不是现实。Ep10瑞克大战漂亮国总统，以及终极幻想：巴以永久和平。,positive,bangumi,瑞克和莫蒂 第三季
比起星际牛仔略有不足，但配乐方面n叔的jazzhiphop真的太权威了，顺带剑戟片思路的真刃对决我以前从没想过会有如此之高的观赏性,positive,bangumi,混沌武士
"1op、ed真好听
2昭和画风很喜欢。颜色鲜艳饱满，人物画得还是人，不像之后的那么夸张
3看了10集，不喜欢丈的性格。固执己见，强撑，冲动。要不是叶子请来了卡洛斯，他就会如旁人所说结束职业生涯。这就是昭和男儿？讨厌他不该笑的时候也笑，和“嘿嘿”。
4终于找到丈的违和感来源了：年纪20出头，声音30
5记得《百万美元宝贝》里瞎眼大爷说拳击手都是固执的。看到丈，算是明白了。丈不是用来崇拜的，只是来展示人可以对拳击热爱至此
6减重事件感人
7节奏一般快，对我这种急着想看神剧情的来说太慢，但每一集表达的东西都很好，无水。适合。。。每天看一集吧
8大小姐有多好就不必说了吧
9对纪子刻画不多，但也是个有性格的人物
10虽然我到最后也不喜欢他那个烂性格，但怎么说呢，只能说被他折服了，服了。最后也很对得起大小姐
11会回味",positive,bangumi,明日之丈2
咒回两大天花板都他自己招惹的，怪谁hhhhhh,negative,bilibili,咒术回战
回复 更老师 吓得我赶紧做了个视频【这个可爱的薇尔莉特是谁的老婆呢？哔哩哔哩】,positive,bilibili,紫罗兰永恒花园 剧场版 
怀旧风的科技感让人印象深刻，类香港的城市刻画极其复杂真实。内容是鸭子擅长的政治阴谋加上高科技反思，英文片名Ghost in the Shell精炼表述了影片内涵，当身体、记忆（shell）可被改写，什么才是“我”（ghost）？那“我”可以被复制、合并或被赋予权利吗？影片表达的主题现在看已经司空见惯了，但在当时确实有开创意义，赋予该片极高的历史地位。影片风格一如既往的沉闷，大量空镜头和高深莫测的台词，动作场面也较为克制,negative,bangumi,攻壳机动队
c团go团ji团三大代表是吧,negative,bilibili,颂乐人偶
hia？咕咕嘎嘎,negative,bilibili,颂乐人偶
从主起落架还有机身比例看比较像77w，除了发动机和机头,negative,bilibili,少女乐队的呐喊
斑纹sop,neutral,bilibili,鬼灭之刃 柱训练篇
回复 K一12 打破几个月前的0回复惨案,negative,bilibili,间谍过家家 第二季 中配版
partial,neutral,bilibili,比宇宙更远的地方
fever！,neutral,bilibili,mygo
那个时候还不知道lisalisa 是他妈，可以原谅,negative,bilibili,JOJO的奇妙冒险 星尘远征军
gnn！听到没！gnn！啊啊啊啊酸死了！,positive,bilibili,总之就是非常可爱
D mail的泥垢了 忍你几部番了,negative,bilibili,比宇宙更远的地方
回复 Linfiniii 原著中顺走了桐人仅有的两个包子,negative,bilibili,刀剑神域 爱丽丝篇 异界战争
夺舍时听脚步（bulish）,positive,bilibili,魔女之旅
Lunar Lunar  Lunar Lunar,neutral,bangumi,白箱
前面不断在不同选择的loop中轮回，最后两集神乎其神地又全部回收了。最后一集op，ed倒置来和第一集作为轮回相接的处理很妙。恰恰好身处大二能够看到这部番，真是幸运啊其实今年开年时我就希望自己能够不为自己的选择而后悔，看完四叠半后更加坚定了想法，是否有意义，是否是良机，我想都得我们自己来判断,positive,bangumi,四叠半神话大系
还有Cooker,neutral,bilibili,Fate/stay night [Unlimited Blade Works] 第一季
3D和live演出挺不错的，剧情感觉有点太“情绪流”了，结尾也是莫名其妙，草草结束了。,neutral,bangumi,girls band cry
不是iPhone11吗？,neutral,bilibili,少女乐队的呐喊
"比tv好看不少，tv实际上没讲什么好故事，或者说讲了一个65分的故事却做了85分的形式
剧场版讲了个75分的故事，形式更是来到了9分，不赖",positive,bangumi,剧场版 少女☆歌剧 Revue Starlight
回复 TashkentOff 啊这，那这么说女主不也差不多吗？,negative,bilibili,盾之勇者成名录 第二季
回复 冬至moment谢谢,negative,bilibili,Charlotte
怎么样，我的C和弦JPG,negative,bilibili,少女乐队的呐喊
作为机战热血番是真的把热血二字完美体现出来了，当《天元突破 “Libera me” from hell 》响起的时候真的让我肾上腺素飙升啊（），西蒙和优子的成长，大哥的离去与传承都是这部番的一大看点,positive,bangumi,天元突破 红莲螺岩
回复 南天一梦Ex 为啥梓上ban位了啊 不是说学姐对男主也是比较喜欢的吗,negative,bilibili,碧蓝之海 第二季
"能在那样的时代做出画质演出领先业界十几年，音乐也很考究的作品难得可贵。丈的毁灭是审美化的，这同时是最大的法西斯主义美学神级作品，与三岛由纪夫本质上是同构的，说实话，这部作品传达的思想观念在我看来极其恶心变态，恕我无法接受
70s madhouse系 集大乘之作",neutral,bangumi,明日之丈2
回复 InconnuReine 140？哭之呼吸是吧？,neutral,bilibili,鬼灭之刃 刀匠村篇
hhhhhhh笑死巧克力都不放过,positive,bilibili,约会大作战 第四季
回复 471i977 呃。。你这个我是真的看不懂,negative,bilibili,辉夜大小姐想让我告白～天才们的恋爱头脑战～
85100，第一次燃哭了。前面红莲篇真的只能说中规中矩，线性流程下一些后面听起来还蛮燃的音乐用在前面反倒觉得无感，挑战螺旋王反倒让我觉得剧情节奏上很奇怪，亮眼之处个人觉得就是看机器人以及爆炸作画，能激发一下热情，如果仅到这里这部作品对我来说也就六七分。但是螺岩篇的确很惊喜，感觉就有种看飞跃巅峰的感觉，前面四集neta网球娇娃的俗套剧情但却没有出崎统那样优秀的演出，后面两集的超展开后的优秀表现让我瞠目结舌。还算出彩的内斗戏码，以及标志性致敬真盖塔的放荡不羁的粗线条，搭配上一路走过来伙伴们的力量，大声地喊出‘你以为我是谁’的是时候真是燃爆了，这一刻我真是知道什么是友情羁绊的力量了，超级系机器人的魅力之处是领略到了,positive,bangumi,天元突破 红莲螺岩
回复 Jasonli843 电表转到999999归0了，这就是用电不高的原因,negative,bilibili,小林家的龙女仆
熟悉的B GM,neutral,bilibili,少女乐队的呐喊
你的手机是ip6防水的吗,neutral,bilibili,四月是你的谎言 粤配版
DDD耐约王申请出战,neutral,bilibili,少女乐队的呐喊
Rick很爱Morty 画面很流畅 非单元剧的故事,neutral,bangumi,瑞克和莫蒂 第一季
回复 真白shiro虚荣心吧，,negative,bilibili,比宇宙更远的地方
仁菜这个角色塑造得非常成功，小孩和大人的吵架写得也十分工整，整部作品却没有一个足够rock的结尾来应承前面的精彩，还是蛮可惜的。我我我想起来了！我才不是什么买够母鸡卡、什么纽带乐队、什么滑滑蛋、什么JELEE、什么芙兰秀秀的粉丝，我是有刺无刺的粉丝！（竖小拇指）,neutral,bangumi,girls band cry
"仔细想想还是打出注册bgm以来的第二个十分吧。看完《白箱》的昨天晚上确实又没睡好，最近经常因为思考过多而失眠。《白箱》让我找回了很久没有再遇的作品完结后的sentiment，再次感受到作品中人物的鲜活和叙事这一人类最伟大发明的感动。不易与纠葛、挫败和振作，默然乃至于麻木，还是挫折后仍然怀梦？相信多年后无数的人看见这部作品后还能有无限的感触。
但话又说回来了，作品的感触有千千万万种，只听别人说说肯定不如一见。观看作品，找到自己独一份的感动，从而参与到某一个故事中去，让叙事延续下去。直到有一天和一群或让你气恼，或让你苦笑的家伙们坐在一起，吃着咖喱或是饺子，看着大家的造物一点一点成形补一个唐揚（）前面忘了，总之、行！",positive,bangumi,白箱
优秀的群像动画，前几集引出了诸多线索，几乎所有线索都指向了计程车司机，而就是这样一辆普通的Taxi，却以一种非常ODD的方式集齐了许多人，13话的话数不多，却实实在在的讲好了很多个故事，所有人物故事都在结尾计程车冲向海湾时达到高潮，人物各有特色,neutral,bangumi,奇巧计程车
完美的前半，潦草的后半，壮绝的结局，先重温v再回看z反而更容易看到作品的局限性，升上宇宙之后舞台缩小故事重复化的问题即使在如此杰作中也没有解决。z高达是对初代做出彻底反叛的作品，背景的复杂化，现实性的加强，完全不同的战争形式，还有与阿姆罗站在正反面的卡缪，这一切都将富野的新人类论倒向了与初代结局截然不同的绝望深渊。z中绝大多数剧集都在重复拉拉式的新人类悲剧，不同之处在于初代的结局选择在悲剧后加上一句“但是”，而z却没有。“很多人都在守护着你”对于卡缪反而成了一句诅咒，新人类的使命变成了吸取伙伴的生命终结敌人的生命。在cca中再次挣扎了一下之后富野遍放弃了这个概念，依靠互相理解的力量实现人类的革新的想法被宣告死刑，直到灵魂力量开始的白富野时代才开始寻找新的答案。前病気、，结果最先生病的反而是v高达之后的富野自己嘛,positive,bangumi,机动战士Z高达
回复 陆饮溪deer 2023考古,neutral,bilibili,埃罗芒阿老师
精彩画面消失shu。。,positive,bilibili,约会大作战 第四季
水濑沂（yi）,negative,bilibili,比宇宙更远的地方
我嗑的CP BE了啊呜呜呜呜太感同身受了吧？！,neutral,bilibili,夏目友人帐 第七季
老师眼中的好学生be  like,positive,bilibili,鬼灭之刃 柱训练篇
Wryyyyyyy,neutral,bilibili,工作细胞 第二季
"在这里补充两点：
1石上在本集中第一次见到大友时被删减的心理描写：
就像是上课时，自己的手机突然响了一样，
 一股恶寒从手脚蹿升上来

象征着我失败的大友京子，
 她不知嘟哝了一句什么后，
 脸上浮现出期望落空的表情，
 转身去了同伴那里后消失了身影

我不想再见到她，我想要忘记她的存在，
 不管我多么想改变，曾经做过的事，
 都不可能就此一笔勾销

我到底在高兴些什么啊
（以上翻译来自b漫）

2石上的家人后来是知道事情的真相的，他们也因此很中意白银。",positive,bilibili,辉夜大小姐想让我告白？～天才们的恋爱头脑战～
one piece,neutral,bilibili,比宇宙更远的地方
bgm：saya,neutral,bilibili,比宇宙更远的地方
回复 御坂13105  Be one with Mujica,negative,bilibili,颂乐人偶
依旧是现实与梦境的界限模糊，而这一次，是“日常”的解体。现实本身就成为了“真实的梦境”，而那些曾被视为理所当然的日常，则成为了“飘渺的现实”。在看不见的角落，我们与所熟悉的一切，都在渐行渐远无论是身边的人，还是当时的自己。观众被从第二季中那个充斥着奇幻色彩，却仍然是静态的新威尼斯中抽离出来，与主人公们一同迎接变化，一同面对“乌托邦的裂痕”。但是那些被称作“裂痕”的东西，或许也正是光照进来的地方是充斥着迷惘，但也充满无限可能性的未来。日志见,positive,bangumi,水星领航员 第三季
又是一年4月 oo,negative,bilibili,四月是你的谎言
纯动漫补番 Dmail的发送和回收两套单元回模式值9分，最高潮真由理时间线收束的演出氛围营造甚至可以满分，但是前6集的研究所日常以动漫为载体，在2026年来看是太拖节奏更不上时代的。诚然看完之后能发现诸多情感伏笔，这些在gal或者小说这种文字为载体的时候确实是绝对加分项，但在如今的动漫还是弊大于利。节奏上本来正期待着第一集超展开之后怎么在悬疑看点上揭开这个世界观的结果6集日常近半个进度的时间主线接近0进度推进，如果是个别的啥番没有这么大名气的整这种剧情节奏我绝对早弃了,positive,bangumi,命运石之门
masking来碗和layer一样的炒饭吗,negative,bilibili,颂乐人偶
can i say,negative,bilibili,Angels of Death
回复 LuminalT 男主的戏份也没有女主多，有时候还会掉线，没有多的戏份给男主去和其他女人谈情说爱，也不符合作品的夫妇相声设定和男主人设。,positive,bilibili,这个勇者明明超强却过分慎重
fiiishman老师的推荐,negative,bangumi,蜂蜜与四叶草
过载 15G,negative,bilibili,少女乐队的呐喊
3d制作很惊艳 对live的表现力提升很大 矛盾的塑造确实摇滚 最后的结尾也确实虎头蛇尾 期待后续,positive,bangumi,girls band cry
It began with almost the best and ended with almost the worst,neutral,bangumi,瑞克和莫蒂 第二季
"8分的本子，10分的台词，10分的氛围，10分的镜头 。
时代的杰作，6月民主抗争、东欧剧变、XXXX，素材取之不尽用之不竭，立意比形而上的攻壳剧场版要来得深刻。可惜受限于剧场版的篇幅，政治博弈中各方的动机诉求和行动只能简略处理（虽然我并不认为展开的表现会比现在更好），使得浓缩的台词有那么一丝空中楼阁。这也是一种苛求吧。",positive,bangumi,机动警察剧场版2 和平保卫战
Dream！No！,neutral,bilibili,魔女之旅
幻视wowaka了,neutral,bilibili,少女乐队的呐喊
So这什么字体？特效吗？,positive,bilibili,鬼灭之刃 柱训练篇
nonono,neutral,bilibili,比宇宙更远的地方
ABSOLUTE CINEMA。,positive,bangumi,幽灵公主
回复 xgfdseety 帮其他国家打别的国家，最后帮的这个国家落后了，而对面的国家发展起来了,positive,bilibili,盾之勇者成名录 第二季
cry chic的人学学，你们像486这么聊天，怎么会有那么多破事,neutral,bilibili,少女乐队的呐喊
在不带有先入为主的观点来看我觉得很出色，为数不多喜欢的机战画面，前半段以及共同训练那一部分让我有一种恋爱喜剧的错觉可惜tv后续画面好穷好穷。最后一节结尾我个人认为也配不上eva这整部作品。,positive,bangumi,新世纪福音战士
楼上的，应该是jintama吧！,neutral,bilibili,比宇宙更远的地方
小时候看的，非常有意思，全年龄神作！John Pomeroy赛高！！,positive,bangumi,猫和老鼠
回复 1栗子1  word版几年前更完了，但是有些剧情会不一样，结局我觉得挺好的没烂尾,positive,bilibili,关于我转生变成史莱姆这档事 第三季
poju,neutral,bilibili,鬼灭之刃 柱训练篇
改编优秀但观感坐牢，你bang目前最奇怪的rank,neutral,bangumi,CLANNAD
后面就是蚊子来叮咬我们了啊哟呀，所有血细胞都被吸取1那个白细胞和 B淋巴细胞肥大细胞都忙不得辣，救命啊,negative,bilibili,工作细胞 第二季
会啥时候开完？我要看大典da jia,positive,bilibili,关于我转生变成史莱姆这档事 第三季
红围巾，mafia,neutral,bilibili,Angels of Death
相当于二周目了95，发现了当初很多没有注意到的细节，傀儡师和素子变百合（雾）自己阅片量增长也看了一些解析，算是把很多不明白的地方弄懂了吧。不过3d的部分感觉一般，个人最喜欢的结尾素子眺望远方大楼还是95有味道,negative,bangumi,攻壳机动队2.0
哇噶啦马斯，对动画结尾的进一步升华，看完时感觉大概我是世界上最空虚的人了，还有banana一挑6真的帅,positive,bangumi,剧场版 少女☆歌剧 Revue Starlight
"像石头门一样的世界线变动，好刺激，1096的小拳头，阿虚笑的好像胸针（绝望了
萌神太萌了，这就是反差吗。直接追到春日学校，日漫跑。长发春日神了，阿虚强行降智削弱，中间认人有不少尬的，太搞笑了。之后开始跳跃世界线，IBM5100吗。后半段剧情巅峰，不仅有对于大萌神的选择，了解自己的本心，刀锋女王捅人的神反转，好多好可爱的1096。囧虚，你还是开后宫都收了吧。长门获得了感情，不得不说医院天台完全就是白学现场，雪和Yuki的巧思，大萌神低落的神情。又回到了那吵闹而特别的日常。真是让人感慨万千啊，已经是十五年前了吗，这剧情，音乐和作画太厉害了。cast表上那些熟悉的人也走了好久了",positive,bangumi,凉宫春日的消失
jij和,neutral,bilibili,比宇宙更远的地方
gtv,neutral,bilibili,Fate/Zero 第一季
Stand Alone Complex Soild State Society  科幻 平凡  生活与社会 永存的难题。,neutral,bangumi,攻壳机动队 S.A.C. Solid State Society
听到《星空Believe》还是会胃疼。,negative,bangumi,机动战士Z高达
回复 zzzzxa 可这部也不是无脑龙傲天啊,neutral,bilibili,"世界顶尖的暗杀者,转生为异世界贵族"
刻刻帝十二之弹（you bet）,neutral,bilibili,魔女之旅
新世纪， 我认为是evaTV看下来给我最能总结全片的词，每个人都有束缚又倒逼自己的荆棘。是真嗣、明日香、零这些新世纪的少年少女对自己所处环境和成长的思索；是美里、加持、律子这些中间辈分在新世纪的变化中做出的抉择；也是碇司令这些上层老一辈面对新世纪和人类发展的决绝。所谓社会存在决定社会意识，更是庵野秀明等人在那个时代各种思考和表达的集大成，很有时代色彩也很有超越时代的设计（其实当做一个特摄剧看也不错），以至于在后世很多作品都能看到有eva的影子。至少在影响深远这一点上，就决定了eva是一部有特殊地位的重要作品。至于有更深的隐喻内容还是名过其实了，就任由后人评说吧。,positive,bangumi,新世纪福音战士
"魔法少女晓美焰（雾）
一开始还真以为是个和平线之类的平行世界（）
不断在黑暗疯狂与温馨的画风之间转换，形成独特的交织感，每一个转折都能真正戳入内心，由浅入深的一步步激发角色情感，难得的圆与焰的敞开心扉的交谈让人能够基于tv更深刻体会到圆与焰之间为彼此的牺牲，最后的结局也没有一味追求大团圆，而是选择更符合魔圆风格的能够维持短暂美好而危机暗涌，这也是我觉得魔圆首屈一指的魅力能够引发本质思考的不完美之美。
个人最喜欢学姐和焰的那段打斗，节奏快而力度鲜明，也觉得比其他打斗更能充分突出角色的技能特征。
感觉表现力比tv略强。",positive,bangumi,剧场版 魔法少女小圆 [新篇] 叛逆的物语
i人与e人的区别,negative,bilibili,鬼灭之刃 柱训练篇
一滴打gei都 ki 米哇一滴带呦,negative,bilibili,四月是你的谎言
工作人员：cinema,neutral,bilibili,少女乐队的呐喊
我大概明白EVA为啥受这么多人吹捧了，多半都是靠超水平的音乐和插曲在托着，配上炫酷新潮的画面，辅以不说人话不明觉厉的台词，的确能让很多人颅内高潮，不过对我来说这部剧场版比TV好的地方在于，男主的转变总算看得顺畅一点了，它大概想表达什么主题总算懂一点了，除此之外该看不懂的还是一头雾水，老版EVA越到后面，意识流用得就越丧心病狂，很像庵野秀明喝大了写嗨了弄出来的玩意儿，剧场版确实有补全几个主角的故事，但我总感觉三个女主都是给真嗣做垫子的，真嗣在玉玉的时候就靠她们保护和开导（反观明日香完全没人理，还是靠自己不知道咋的就振作了），意识流部分也是以各种形态出现，被真嗣潜在意志中的形象操控，始终说着晦涩悬浮的语句，真正让自己（创作者）和观众之间建立起厚重的心之壁，你所谓的拒绝人类补完就是这种态度吗？,neutral,bangumi,新世纪福音战士剧场版 Air/真心为你
回复 萌七喜 ed这不是才刚出，肯定还没发售w等BD吧！会很快的！,negative,bilibili,鬼灭之刃
oi！！老登,positive,bilibili,Fate/stay night [Unlimited Blade Works] 第一季
zeizimoli,neutral,bilibili,Angels of Death
纱织姐姐乖巧jpg,positive,bilibili,比宇宙更远的地方
no别动我头发啊啊啊啊,positive,bilibili,工作细胞 第二季
青龙和天龙be like,positive,bilibili,异度侵入 ID:INVADED
明星不站c位，而且偏偏是比较内向的站c位,negative,bilibili,比宇宙更远的地方
这显然是个2不是Z啊要不然为什么上面弯回来,neutral,bilibili,比宇宙更远的地方
（98100）是宏大的，厮杀的人群，飞升的魂灵，末世最为疯狂的仪式；但也是微小的，少年的祈求，少女的拒绝，掐住和松开脖颈的手。美里吻中的真意、律子死前的别语、明日香母亲的幻影于此处被掩埋；绫波丽生的意义、渚薰死的必然、心之壁为何而存在在这里被揭晓。而透过一切卑劣的欲望、狂妄的挑衅、恶心的奇观，其背后又只是一个男人满怀厌恶和希望的“真心”。可能有一日我也会从EOE这里毕业吧，但在那之前，它永远是我最喜欢的动画。,positive,bangumi,新世纪福音战士剧场版 Air/真心为你
萤火虫的ATP与ADP疯狂转化,positive,bilibili,四月是你的谎言
ep13所以你这季到底演了些啥呀 直接吧ep13接在mygo第13集后面有任何问题吗  ep11是小姨狂笑  ep9观感诡异 节奏稀烂 我推怎么似了 wsd救一下呀 救救mjc动画和睦宝吧大哭  ep8 之前在担心睦宝别死 现在要担心莫宝别死了悲 诶呦还有诱拐看的 你海姐成搞笑女诱拐犯了编剧你有什么头猪吗乐  ep7 前面素祥sox看立了 后面羊姐唱歌听乐了 千早女士和三角女士决战挺王之巅喵  ep6 soyo 伟大  ep5 ep4退团的逻辑还是有问题，不过这集的节奏不错，之前抄底的灯祥素睦股赚麻了，调回10分喵  ep4 第一遍看感觉节奏太快了 第二遍看感觉逻辑勉强能说的通 但节奏还是有问题 谨慎调低期待喵  ep3 睦宝美神降临 单推了 诶你怎么似了 ep2 睦,positive,bangumi,颂乐人偶
mmk桑，她可是把你17岁的心声听了1000遍啊,positive,bilibili,少女乐队的呐喊
回复 weyoung 篇幅和铺垫一起压缩了,negative,bilibili,盾之勇者成名录 第二季
木柜子闹麻了    虽然没有am闹得那么麻    看在歌好听的份上给你个7   还有就是这3d2d演出能不能不要混着来啊,neutral,bangumi,mygo
看过ksm唱了半季的小星星，我现在百尬不侵,positive,bilibili,少女乐队的呐喊
roblox压力藤蔓人的由来,positive,bilibili,魔女之旅
炮火打击，坐标，C4，炮火封锁！,negative,bilibili,魔女之旅
刚管落地MP3,positive,bilibili,Fate/Zero 第一季
"而且蘑菇强调的是后半句话“凭借那份坚持与初心，仍然可以昂首挺胸活下去”蘑菇的原话可能不太一样，但大概意思没变。
很多人只抓着“理想山寨”而说士郎是个不正常、病态的人，这些根本就是唉不说了。
其实fate里最喜欢的就是士郎，因为他的理想如果能够做到，那他只能是圣人，没有别的结果，因为所需要的努力和毅力如果不是圣人根本做不到，但他确实做到了。",neutral,bilibili,Fate/stay night [Unlimited Blade Works] 第一季
"9510
EVA所想要表达的，痞子已在TV里讲完了，只是TV以心理剧作结尾，“表层的故事”显得不太完整，而剧场版，私以为很大程度是回应观众对“完整故事”的期待。
剧场版从头到尾都非常黑暗、残酷，让观众在角色们一个个消亡的末世景象中，触碰到人的精神世界，外部世界的失控，情绪上也切合了人类补完计划启动后、所展示的混乱人心。恢弘的古典乐与画面构成音画对位，有种极致的神性。
“真心为你”是个广为流传的误译，正确翻译、也是痞子在这段剧情中想呈现的，应是“真心献给你”。真嗣与明日香互有好感，在彼此身上寻求着“被需要”，但隔着心之壁无法传递真实情感，最终他们化在LCL之海时见到了彼此那不堪、不愿展示的“真心”。无比经典的结尾，真嗣掐住明日香却又松开而流泪，明日香抚摸真嗣的脸又骂他“恶心”，回到曾经的状态：想接近对方、却以伤害对方来确认自己在对方心中的位置",positive,bangumi,新世纪福音战士剧场版 Air/真心为你
835，拉高看这部动画的时候我甚至不知道二次元是什么，2017年，柯洁人机大战第二局打出惊天神手的同时，我进入了围棋的世界，也知道了棋魂。这部动画可以说把围棋的方，道和魂讲的淋漓尽致，下期亦是一种悟道的过程，佐为对神之一手的千年追求，其实就是古今棋士求道之缩影。耳赤，珍珑，玄玄本手，俗手，妙手构成了一个宇宙。小光从懵懂，到震撼，到沉心，再到受扇自立（真神结局，学过围棋的人会对此更为深刻），又何尝不是一位棋士的茁成。现在，世事大变，ai的存在让人见证了无数的神之一手，却有越来越多人从挑战，到崩塌，到对围棋的意义质疑，她真的走到尽头了吗。但诸棋客不语，见神手已是人生幸事，而自我，更要用无数的手谈跬步往之。“棋虽小道，”,positive,bangumi,棋魂
quanyuN,neutral,bilibili,约会大作战 第四季
paspale这我熟,neutral,bilibili,颂乐人偶
我的cp be后屏幕外的我be like,neutral,bilibili,夏目友人帐 第七季
回复 铪element 请问爱丽丝篇后还有什么剧情吗？要发展到哪里去呀,negative,bilibili,刀剑神域 爱丽丝篇 异界战争 -终章-
最日常的非日常，制服HARUKI喜欢,positive,bangumi,凉宫春日的消失
回复 Daniel骁骁 咩啊,negative,bilibili,间谍过家家 粤配版
"本集科普：
SOS是国际摩尔斯电码（摩斯密码）救难信号，并非任何单词的缩写。表现方法：191519，特点：三短三长三短
（“”）",positive,bilibili,名侦探柯南
8510 诚意满满并极富匠气的剧场版，精妙绝伦的镜头语言和分镜演出、伏脉千里的叙事结构和情节设计 让凉宫春日系列至此升华，也打上独属京阿尼的烙印。既名凉宫春日的消失，亦名长门有希的告白。创造一个只剩你我的安静世界一个在那里我能理解那“Bug”为何物的世界；也给你一个你可以做出选择的世界。选择眼下温柔平静的「看似日常的非日常」，还是选择过去热闹麻烦的「看似非日常的日常」？面临失去的可能后，才终于明了一直以来珍视的是什么。剧场版补全了阿虚和长门，更把tv剧集中那些看似任性无厘头的故事碎片（尤其是备受争议的漫无止境的八月）都悉数回收，形成闭环，赋予了那些热闹日常深刻的情感意义，让整个系列的叙事逻辑从“混乱”升格为一种强烈的“命运感”。所谓不看消失等于没看凉宫系列是真的，只有在消失之后才终于明白这部作品和SOS团的独特魅力。,positive,bangumi,凉宫春日的消失
伊织，nicebody,neutral,bilibili,碧蓝之海 第二季
AVdes,neutral,bilibili,少女乐队的呐喊
bochi在弹吉他,positive,bilibili,少女乐队的呐喊
北宇治fighto！,negative,bangumi,吹响吧！上低音号
回复 bili56548118467 公主连结第二季的op中间高潮部分也是高速运镜把画面调暗了 只能说看番不够多了,negative,bilibili,咒术回战 第二季
"弹窗：夏目友人帐13集
手：又是动态，划掉
脑子：等等？什么？夏目？
手：打开B站，点进动态
脑子：woc！夏目更新了！",negative,bilibili,夏目友人帐 第七季
回复 一本正经地胡说霸道 hp1111111这或许就是抛光吧,negative,bilibili,因为太怕痛就全点防御力了
游戏画质ganhu,positive,bilibili,约会大作战 第四季
"Thats season one Boom
以为是纯粹的单元剧，但实际上剧情互有关联，很有意思，相见恨晚！",positive,bangumi,瑞克和莫蒂 第一季
在痤疮的地方开个小口子然后双氧水就好了QwQ,neutral,bilibili,工作细胞 第二季
所以数田是bi,neutral,bilibili,异度侵入 ID:INVADED
相比于 0079，本作的 NEWTYPE 终于从神棍变为玄幻了，至少故事好懂了不少，不幸的是如同阿姆罗所说的人类总是在重复同样的错误（）卡缪和卡兹可以说是恋爱脑小孩哥和愣头青小孩哥双人组了，对应着的那些大人们反而要更加生动不少。挫折和成长的不断轮回还是导向了悲伤的结局，对比尚且和自己和解的阿姆罗只能说是留下越来越多的遗憾，卡缪终究没有成为舞台上第四个狡猾的大人。感触最深的或许还是两位出色的女中尉的人物线的交织，通过错开的剧情在后段成为了角色上的完全对立，最终在同一个结局交汇，也算是本片最巧妙的亮点之一。,neutral,bangumi,机动战士Z高达
a ma te la si阿玛特拉斯,negative,bilibili,四月是你的谎言
回复 了可一2号,negative,bilibili,致不灭的你 第三季
这里Bgm是啥。,neutral,bilibili,四月是你的谎言
"回复 InterNetGhost 未闻荡漾 大橘猫不会游泳 暗中观察队队长中分 创世青森 InterNetGhost 
这个楼层的第四楼我的评论被举报了，然后还被删了，我在系统消息里面看见了，肯定是你们其中的一个人举报的！",negative,bilibili,干物妹！小埋R
画风帅喜欢cc虽然有点看不下去，但是不妨碍这是一部优秀的作品20241027。等我补完其他的我会从头再看一遍的！！！20260115,neutral,bangumi,Code Geass 反叛的鲁路修
看得出来比第一季要火力全开的多，但是今日对日本人狭隘的认知已经刻在了骨髓，即使是20XX年的未来，日本还是太弹丸之地了，在中美之间只能是个棋子，实际观感不如第一季，但是无愧与SAC和押井守的大名，独树一帜的深度政治讨论动画。,positive,bangumi,攻壳机动队 S.A.C. 2nd GIG
回复 57880396139bili 感觉25只能做到交流会结束顶多往后来一点,negative,bilibili,咒术回战
其实hina比nina更早出来闯荡,negative,bilibili,少女乐队的呐喊
oo。。,neutral,bilibili,鬼灭之刃 柱训练篇
Headshout,neutral,bilibili,魔女之旅
wc有鬼。。。。。（bushi,positive,bilibili,四月是你的谎言
，怕不是涉及到恐怖和校园暴力还有zaolian的问题吗,positive,bilibili,辉夜大小姐想让我告白 -究极浪漫-
gm三兄誰三兄運,negative,bilibili,鬼灭之刃 柱训练篇
小老弟你airdrop忘关了,negative,bilibili,比宇宙更远的地方
xingen,neutral,bilibili,四月是你的谎言
Come on,neutral,bilibili,Angels of Death
回复 Goalltheway随性而为 真的，搜2000版OVA，巨好看大美人儿,negative,bilibili,JOJO的奇妙冒险 星尘远征军
无敌，完全不用在意原作漫画，大大方方乐就完事了，一人一句A1牛逼来。制作精良，第1话的被窝通话完全可以当ASMR用，白银爸还能玩自己的声优梗；第2话居然真的上垒了，好好好加一分。传奇总算是走到了尽头，全程嘴角难以下压，真是无敌的恋爱喜剧，堪称标杆的存在啊,positive,bangumi,辉夜大小姐想让我告白 通往大人的阶梯
anon太难了，灯都不理anon了,negative,bilibili,颂乐人偶
lovelive南极ver,neutral,bangumi,比宇宙更远的地方
"即使贯彻自我意味着自己的刺总有一天会刺伤别人刺伤自己，那又如何？我仍然要沿着自己的道路走下去。
动画从始至终贯穿的“我没有错”去做自己，不向这世俗间任何事物低头的反叛精神让人感动。很喜欢仁菜那种不服输，始终坚持自我的性格，她简直就是这部动画反叛精神的完美化身，也是无刺有刺之魂，动画的音画表现极其出色，几场live的表现更是惊艳，期待第二季的表现。",positive,bangumi,girls band cry
yes！madhouse！,neutral,bilibili,比宇宙更远的地方
’；vb】】】】】】】】】】】】】】】】】】】】】】】】】】】】】】】】】】】】】】】】】 半年 555555；55里‘,negative,bilibili,葬送的芙莉莲
回复 EVANGELION 感觉来了。,negative,bilibili,间谍过家家 粤配版
我恨你花田。前7集绝对是历史to50的水平，最后两集我觉得可以是2000名开外的水平行吗，我想不通为什么要讲加入公司再退出，还有你那个二百多粉丝的桥段究竟意味何，感觉你相当对不起我每周六放学回来看一遍原片看一遍泛式直播周日再看一遍切片啊，傻卵,positive,bangumi,girls band cry
杂修x3,negative,bilibili,Fate/Zero 第一季
其实后半段就已经完全看得出hina是想帮她了 但是纵观全局只能说hina到底啥意思还是很迷,negative,bilibili,少女乐队的呐喊
从唱K的角度来看，不唱mujica是正确的选择,positive,bilibili,颂乐人偶
so 恐龙妈妈,positive,bilibili,颂乐人偶
本局高光时刻，COD7是吧,positive,bilibili,颂乐人偶
"FFF
FFF
FFF",neutral,bilibili,徒然喜欢你
hiahiahia2020年2月12日啊！,negative,bilibili,埃罗芒阿老师
回复 ZweiRituale 小太刀快来磕个头高低得给后边的编剧磕一个,negative,bilibili,命运-冠位指定 -神圣圆桌领域卡美洛- 后篇 圣骑士银之臂
回复 搪瓷starry 有没有把后宫带过来啊,negative,bilibili,OVERLORD
鸟：SOS,positive,bilibili,Angels of Death
DIVE潜水Drink In Various Environments,negative,bilibili,碧蓝之海
这个OP我吹爆,negative,bilibili,异度侵入 ID:INVADED
這部仍然不少地翻車作崩，不過原作故事本來有趣，配音和音響也好專業呀，更是oped太神。總之而言我才勉強會給6分，希望改善作畫。,neutral,bangumi,我心里危险的东西 第二季
woc了这句“交给我吧”超级有安全感啊啊啊 圣爱音！！！,positive,bilibili,颂乐人偶
妖怪开始续写自己be的cp了,positive,bilibili,夏目友人帐 第七季
回复 kpop女团OO爱好 贝克街的亡灵，柯南剧场版的巅峰之作了,positive,bilibili,名侦探柯南：万圣节的新娘
为什么柯南bgm想起来了哈哈,positive,bilibili,间谍过家家 第二季 中配版
回复 Kakenove 游戏本身的节奏就是确实不好，细节矛盾的地方其实不少。但每个游戏其实细节都会有矛盾的地方，这个是无法避免的，否则这次UBW的动画就不会再有这么多的细节改动了，毕竟蘑菇自己操刀的。,positive,bilibili,Fate/stay night [Unlimited Blade Works] 第一季
该说不说，本作对我的第一印象其实是堪称业界最先进的3d画面，其次是人物塑造方面也堪称优秀，个人认为桃香的塑造最佳，小孩姐塑造虽然次之，但却是最能打动我的，与父亲的矛盾、对现实的愤恨刻画出了一个外表带刺，内心娇柔的女孩形象。虽然剧情上面，后期的突然转变破坏了一部分观感，但并未造成不可挽回的影响（点名京吹3）。最后不得不提的是，作为一部乐队题材动漫，歌曲的重要性不言而喻，个人认为，不同版本的空之箱代表了不同人在不同时期的处境以及内心想法，细究歌词又能指代角色，对部分人的现实来说也能产生绝无仅有的共鸣，可以说这部动漫成功的13都归功于这首空之箱。期待后续！,positive,bangumi,girls band cry
跟fz的感觉差好多,negative,bilibili,Fate/stay night [Unlimited Blade Works] 第一季
但是nina已经受了这么多伤害，爸妈一直为了所谓的大学，为了他们眼里希望nina去的地方做的事情，而不在意nina已经受过的伤 ，nina就应该很敏感！,positive,bilibili,少女乐队的呐喊
伊之助戴头套这样好帅好美sos,positive,bilibili,鬼灭之刃 游郭篇
"本剧场版因为加入了小说没有的原创角色，导致了剧情出现了不同于小说的原创变化，于是原作者川原砾为本剧场版撰写了全新的两个短篇小说《Memorable Song》和《开服次日》，补充了剧情，有兴趣的可以自行搜索阅读
同时还用两个广播剧补充了西莉卡和莉兹贝特开服时的故事BV1bR4y1W7TG
建议配合本剧场版观看",positive,bilibili,刀剑神域进击篇：无星之夜
"CL是人生 永遠神作
初中畢業左右時看了這部動畫被深深感動，如今已經大學畢業在外讀研，隨著年齡的增長，學習了更多人生的功課，對於作品中的橋段也有了更多的共鳴。
是CL提醒了我，珍惜身邊的每段緣分。",positive,bangumi,CLANNAD 〜AFTER STORY〜
个人1月最佳氛围感打造和最佳文戏。这部动画体现了“人类的质感”。朝的自我求索，追寻目标，感受痛苦和绝望，以及想成为“想要成为的自己”都描绘着本作对于一个复杂的人的解读。还是太词穷了，得琢磨琢磨看完的感受bgm38,negative,bangumi,异国日记
老少皆宜，但评分是不是有些离谱了，最近几年逮着猫和老鼠打高分是吧，一万二的打分人里有四千是注册十天不到，谁懂点开排行榜突然看到猫和老鼠的救赎感bgm38,negative,bangumi,猫和老鼠
"制作无可挑剔，精致的3D给观众带来了视觉盛宴，唯一不好受的可能是3D动画师们吧
不过整体来看并非十全十美，每一集都靠“爆”来解决问题，使动画变成了情绪主导而非剧情主导，完结之际再来细想剧情，其实就是4位低学历女士被1位大姐大带着不计后果的玩独立乐队，客观的讲，若这样的事情不是发生在动画中而是三次元中，或许我们也会嘲笑他们吧",neutral,bangumi,girls band cry
圣anno,positive,bilibili,颂乐人偶
np,neutral,bilibili,异度侵入 ID:INVADED
nmd，就你们这个神回让我熬了一晚上了！,negative,bilibili,少女乐队的呐喊
love is war！,neutral,bilibili,四月是你的谎言
少女JUMP！,positive,bilibili,比宇宙更远的地方
语言指导：dk悟,positive,bilibili,四月是你的谎言
错的不是我，是这个世界。ep5cc还是太抽象了，披萨仙人。ep6皇帝酱太搞了，红莲二改是真的帅，那声娜娜莉喊的太愤怒了，妹控的愤怒ep7卡莲可爱ep8计策太厉害了ep9中华联邦，皇帝可爱捏。星刻真是忠臣ep11什么口球play，星刻和天子之间的感情好。夏莉发生了什么ep12我嘞个又亲一次哈哈。王者日程表。夏莉这反应，还有福利。会长还是太有活了ep12短暂的快乐之后剧情又开始转折了ep13夏莉也算是绝世好女人了。橘子哥塑造回来，忠心忍辱负重。夏莉怎么就没了，这么可爱的女孩子，又意难平了，一集的转折好厉害ep15开始主线前置剧情叙事，cc变傻了，太好玩了ep16卡莲暴揍朱雀ep19背叛，罗洛又是一个复杂的人ep21这展开出乎意料ep25劲爆尾杀，零之镇魂曲这招太狠，把中期无聊拔高一个层次，结尾cc好看。悲剧结尾，后四集探讨的也有心之壁的意味。车夫鲁鲁没死,positive,bangumi,Code Geass 反叛的鲁路修R2
T1  92分,positive,bangumi,摇曳露营△ 第二季
Soyo正在和boss激烈的战斗,negative,bilibili,颂乐人偶
soyo已经完全不装了，以前都是伪善的口味，现在以真实面目待人了,neutral,bilibili,mygo
回复 lisiyuan00212 不是,negative,bilibili,转生成蜘蛛又怎样！
75幸好沒有特意往群像方面寫，我還可以騙一下自己這是零的自傳。要不然這設定太誇張了，不亞於古早後宮漫。在生活有痛愛自己的三姐妹，在學校有關照自己的老師，在職場有和藹可親的前輩和共勉之的同輩。我相信哪怕是路邊的一條野狗都能被治愈的。說實話就是另類物語，沒什麼故事性可言，基本上大量搞笑日常混搭男主的心理描寫和將棋，靠演出和bgm撐起來。有些音效挺吵的，有些音效又烘托起氛圍。很多故事都只有苗頭沒有展開，或許需要看到續作才行。更讓我煩躁的是創作者貌似覺得單純將棋對局沒什麼意思，所以零前期的對局一定要增加故事性，安排一個偏激的對手增加趣味。然而並沒有什麼卵用，男主在對局後領悟完過幾集還是因為相似的事玉玉，而對手也用完即棄。不過零和島田的對局做的不錯，既有故事性又能讓我這個不熟悉將棋的人看出對局轉折點，大概是最高水平的一場了,neutral,bangumi,3月的狮子
能不能让Archer进弓道部啊,negative,bilibili,Fate/stay night [Unlimited Blade Works] 第一季
yy,neutral,bilibili,鬼灭之刃 柱训练篇
v4,neutral,bilibili,少女乐队的呐喊
是isfj吧,neutral,bilibili,mygo
虽然没看过完全相同类型的动画，但类似还是看过不少所以很期待，这里就不列举了避免踩一捧一。感觉就是几个扁平的故事串在一起，既没有展现（或者说缺少）某种独特世界观的魅力，魔法好像就是个装饰，故事也就xx寓言、xx童话那样都是脸谱的人物加浅显的故事，合起来就有点味同嚼蜡了，可能就 op ed 好听。不是很能理解能上 7 分的理由bgm38。,negative,bangumi,魔女之旅
U5399号收到！,negative,bilibili,工作细胞 第二季
Mujica的票才2000,negative,bilibili,少女乐队的呐喊
qu ge ming zi取个名字,neutral,bilibili,少女乐队的呐喊
LED伤口,positive,bilibili,约会大作战 第四季
1vs1,neutral,bilibili,紫罗兰永恒花园
我也叫Rachel，感觉我也有点疯,neutral,bilibili,Angels of Death
win win,positive,bilibili,少女乐队的呐喊
danking,neutral,bilibili,少女乐队的呐喊
一说到爱蜜莉亚怎么可能说这种话我dna就动到if线了,positive,bilibili,Re：从零开始的异世界生活 第二季 后半
补药啊QAQ,neutral,bilibili,转生成蜘蛛又怎样！
简直就是老耗，玩I wanna每个坑都踩，熟练的让人心疼,negative,bilibili,约会大作战 第四季
wc号gb怪啊,negative,bilibili,约会大作战 第四季
啊！是violet,neutral,bilibili,魔女之旅
为纪念weilinzhang和今敏而开看。也许我会稍微调节一下观看时长使得本作成为我的五百标,negative,bangumi,白箱
回复 nekopanchi 徐伦：就不能看着栅栏的钢管么,negative,bilibili,JOJO的奇妙冒险
CHU2：这个我熟,neutral,bilibili,少女乐队的呐喊
回复 Jymoonset4ever 新一家没地牢,negative,bilibili,名侦探柯南
boya 纯贝姐,positive,bilibili,四月是你的谎言
都回来了！这才是B朱夏该做的动画呀！现在看来这是在儒家资本主义的框架下，对深陷他者暴力、沦肌浃髓之创伤者而言，其对孤独结构的舔噬，我深爱的原子化进程下的童话叙事，伟大的母亲创作。提一句“纵向，”即便创作者的知识厚度超群，到头来某些纵向，大多是独断论后的狂想或对某种菲勒斯中心的诠释和批判只论思想表现 先不论阅读量了，你需要先理解的是文艺作品里你到底想要被兜售什么？最后是诗化的首先你要理解上文，再者你要理解你自己想要承载的诗意。说白了核心矛盾其实是知识的锚定，有些知识只是适合来服务现代文学而已。最后近30年来，真人作品的深度和acgn不在一个层次，对，你们能不能换一下你们的幽默黑话？先不提用的对不对吧？过来过去就那几个，你们写烦了没？问题吗，一是在我看来动画化的有点迟了，二是这作品得半年，不够纯粹，但足够丰富，也为对抗刻板之中的刻板,positive,bangumi,异国日记
听到b gm不知不觉就想到了龙一先生,positive,bilibili,四月是你的谎言
san值狂掉,negative,bilibili,Angels of Death
我单方面申请让仁菜去mujica军训大祥两天,negative,bilibili,少女乐队的呐喊
回复 XxXbd4aKc mmk在27身上看到了自己的影子，顺势说出了这些话，如果不注意第二话这段对话可能会觉得27是在第八话知道了mmk的过去后觉得被mmk当做过去的自己生气才说不想当mmk回忆的，但其实第二话27已经给出了答案。,negative,bilibili,少女乐队的呐喊
u2f成倒立缩小实像,negative,bilibili,少女乐队的呐喊
回复 Dfarewell买的不会那么快的吧,negative,bilibili,小林家的龙女仆
mmk好美TT,positive,bilibili,少女乐队的呐喊
san值只剩下25,negative,bilibili,魔女之旅
有只叫baby blue,negative,bilibili,四月是你的谎言
hk,positive,bilibili,四月是你的谎言
花御（dbq）,neutral,bilibili,葬送的芙莉莲
回复 风铃声balabala 马车夫是也是个重要人物的,neutral,bilibili,转生成蜘蛛又怎样！
I am the。。。。,negative,bilibili,少女乐队的呐喊
go go go出发喽,positive,bilibili,四月是你的谎言
回复 karot啊,negative,bilibili,国王排名
gffdsdxs,neutral,bilibili,转生成蜘蛛又怎样！
"3」前，排放空耳，需要自取

有木有wifi有木有wifi
有而且耐用五毛的！
有木有wifi有木有wifi
有而且耐用五毛嘞！
一直淡定坚信着物都一样烧饼当网线
我懂，我懂，但那心唯有奥特曼
命难于鸡汁咖喱难以用力
一朝又崛起萌动来！


耳机没了，哭都搞不定
就猛叫，多点可乐，可闹心的
大哥本子呢！我的激萌电影！
他说看不到，你那没？可惜哟
当天趴下哭饶，可是忘了他不答应
阿鲁！哭诉让他玩，有理都含泪
打联盟，肝不动呀，要不，看北京JK
好啦！肯看，不哭打啦狠心的！
上空大，行，有我
一直断电，姑奶奶啊上边弄啥，来物管吧
只等，只等，game玩多我都急
欧尼酱玩起鼻息点灯
骑头，骑头，又弄熄灯鼓了掌呢
我告麻麻吼不带你玩
待你死定了无赖该戏
有木有wifi有木有wifi
有而且耐用五毛的！
有木有wifi有木有wifi
有而且耐用五毛嘞！耶！
嗨！爱戏妹！",negative,bilibili,干物妹！小埋
回复 SummeR微凉 仗助在这呢？,positive,bilibili,JOJO的奇妙冒险
之前看的，很喜欢这种风格的故事，每集都讲好了一个故事这种zhiyu风还是很吸引我的！银古的身世也让人觉得可怜啊，感觉自始自终都是孤独一人,positive,bangumi,虫师
回复 老A和小Alang132 瑞叶对阪奈有feel我能理解，卡哈克发力了，但阪奈你为什么会对瑞叶好感那么高啊,positive,bilibili,致不灭的你 第三季
既然放弃做日剧来做动画就要以ACGN的标准来评判，以高标准要求的话：除了男主之外的人设都非常典、剧本欠打磨，DLC补了一部分但没全补上，逻辑链始终不牢固、人物之前的关系耦合度太高，但大部分事件中无关人员又太多、好像大伙都很忙，又不知道在忙什么、后期剧情发展完全达不到中期的期待值，属于是写剧情棋差一招，炫技也没炫明白。,positive,bangumi,奇巧计程车
Camera卡me啦,negative,bilibili,比宇宙更远的地方
FBI！OPEN UP！！,neutral,bilibili,比宇宙更远的地方
Demon1,neutral,bilibili,颂乐人偶
"Mortis死不可怕，死是凉爽的夏夜，可供人无忧的安眠
Timoris末将担心，战不过他
Amoris我爱死他了
Oblivionis对不住，我实在是记不住你的名字了
Doloris爹啊，你老人家死的好惨啊，孩儿对不住你啊，呱",negative,bilibili,颂乐人偶
A栋201的怎么还在讲话,positive,bilibili,Angels of Death
看完对个人的冲击力还是很大的，看完后每个角色都很喜欢，也能共鸣感受，就是看的时候得备上墨镜来看op和ed也非常棒特别是《fly me to the moon》加上每个女角的版本和不同的编曲风格，太棒了,positive,bangumi,新世纪福音战士
回复 哇哈hahahah,negative,bilibili,OVERLORD Ⅱ
有beer而来,neutral,bilibili,魔女之旅
没良心的master,negative,bilibili,间谍过家家 粤配版
milet桑love,neutral,bilibili,葬送的芙莉莲
回复 乱世浮尘6 Dio，史特雷完克这个,negative,bilibili,岸边露伴 一动也不动
“我的cp不要be啊呜呜呜”,neutral,bilibili,夏目友人帐 第七季
cd99 cp88,neutral,bilibili,鬼灭之刃 柱训练篇
远超TV版的优秀，ED出来人都傻了。主题表达得很好。在带给观众的情绪上是EVA系列的巅峰。,positive,bangumi,福音战士新剧场版：破
回复 witcher01 我也看习惯了，虽然多人喷，但我每季都看,negative,bilibili,盾之勇者成名录 第四季
man！,neutral,bilibili,异度侵入 ID:INVADED
wakuwaku日语是兴奋，刺激，快乐的意思。有很多儿童乐园都用这个名字，比如wakuwaku land,positive,bilibili,间谍过家家 第二季
width,neutral,bilibili,比宇宙更远的地方
再完美的存在也会出bug，世界线变动也不过长门有希排解郁闷的稍显过火的傲娇罢了刻意留下诸多线索的她也知道，阿虚肯定会选择那条世界线。凉宫春日口中的“宇宙人、未来人、異世界人、超能力者”中的外星人、时间旅行者、超能力者早有对应，异世界人的空位由谁填补，通过这种途径完美解决。受限于ip，推理感几乎不存在（到底是谁引发的好难猜啊），剧情发展也一眼望到头（当然小长门有希篇的故事非常意外，也算是铺路了），科幻啥的和原作一样徒余其表，但作为不那么日常的日常番，这种程度刚好。最后修复时空错乱戛然而止留白处理也很合适。,positive,bangumi,凉宫春日的消失
总共114分钟，1961年的上集，到第42分钟，开始下集，写的1964年了。B站弹幕打开还是很有意思的,positive,bangumi,大闹天宫
炭香sl 角色活着 香奈乎独美,positive,bilibili,鬼灭之刃 刀匠村篇
i83,neutral,bilibili,比宇宙更远的地方
av34396291,neutral,bilibili,辉夜大小姐想让我告白～天才们的恋爱头脑战～
短小精悍的11集带领观众一览人生百态，为乒乓献上一切却被天才打败的akuma，高傲但比任何人都清楚自己只是有自信没才能的孔文革，压力大到每次比赛前关厕所自闭的dragon缺乏好胜心被称为机器人的smile以及将前两人拉回对乒乓的喜爱的peko，表现方法非常独特的群像作品,positive,bangumi,乒乓
还在Jo,neutral,bilibili,少女乐队的呐喊
Masking的店吗,neutral,bilibili,颂乐人偶
堕姬：hello？鼠的不止我哥哥吧？hello？？,positive,bilibili,鬼灭之刃 刀匠村篇
好ga,positive,bilibili,比宇宙更远的地方
感觉鼓手都很爱说“哈”这个字啊www,positive,bilibili,少女乐队的呐喊
wc,neutral,bilibili,约会大作战 第四季
总的来讲新剧场版是本末倒置的作品，例如说旧eva着重细腻的心理描写，用谜语人设定作为必要时和读者拉开距离的支撑。这两者在新eva中都变得很尴尬，前者即使不说新eva对角色的内心着墨极大减少，制作组本身也不再如旧eva时轻松捕捉到人物的抑郁与疲态。在序，破时，这致使剧情发展不如旧eva饱满，显得仓促，更多在依靠视听体验去弥补不足的部分；而Q与终则连带着没讲明白的十四年后问题一块爆了。如果说旧角色因过去的塑造，在此处还尚有缓和的空间，那么真希波与铃原樱则可谓是以上种种问题的最大受害者，她们过分单薄的形象却占据了太大的剧情定位，继而观感崩塌的比其他角色更为严重。而后者，其实eva并不是一个像几原那样擅长玩符号的作品，过去旧eva的设定与奇诡演出终归是服务于角色的，而不是说eva本身在这个“符号游戏”中做的多出彩。因此Q和终完全是走了邪路，变得非常难看。,neutral,bangumi,新・福音战士剧场版：终
我刚被网络抓timing了（卡住）,negative,bilibili,少女乐队的呐喊
or,neutral,bilibili,魔女之旅
ggg,neutral,bilibili,Angels of Death
JR東海 山阳新干线 博多东京 N700A 号,positive,bilibili,少女乐队的呐喊
"（7510
“人终究都会死”。谈起智斗，动漫史上有一部无法绕开的经典。前半部分的对决实属精彩，逻辑严密，却总能跳脱正常人的思维，环环相扣，观感甚佳。后半段人们所说的狗尾续貂不无道理，但即便剧情质量下滑，依旧能维持良好的演出氛围，起码直到如今，我依旧会毫不犹豫地说“世界上没有比死亡笔记更好看的动漫”。
动漫在各种表现主题的情节大多都选择了极端化的处理，而在大篇幅的推理情节之中略显苍白，相对而言更优秀的或许是人物塑造，但大部分的性格设计依旧笼罩在极端思想之下。与众不同，L无疑最令人印象深刻，沉默如细雪，才华将他排挤，他却永远是那个怀着“正义必胜”的孩子。
夕阳下的新世界，攀登成神的长梯，一道漫长的不归路，正义在一次又一次的杀戮中翻新，只是一个又一个自我中心的人在作怪吧。面对罪恶丑陋的世界，兑现了无可挽回的滔天罪孽，也算是有始有终了吧。",neutral,bangumi,死亡笔记
死给 死给 呆死给 给菇see you买哈尼,negative,bilibili,约会大作战 第四季
"Ultra Romantic
2025726",positive,bangumi,辉夜大小姐想让我告白-超级浪漫-
奇怪的HP增加了。,negative,bilibili,约会大作战 第四季
saki酱orz,negative,bangumi,颂乐人偶
你这是开脑洞增加cpu冷却了？,neutral,bilibili,异度侵入 ID:INVADED
回复 平一Dollars 卧槽哈哈哈哈哈为什么你能发图片！,negative,bilibili,工作细胞 第二季
当你在航天基底12min接飞升,neutral,bilibili,葬送的芙莉莲
纯粹照着民族史诗写的近代化神话，从这个方面看叙事反而很完整。去除掉近代化要素就是：来自遥远土地的巨力英雄scetaca，他的弓箭能在最坚固的盾墙中开辟道路。他穿越麦西亚广袤的土地来到肯特，越过了最深的密林和最大的沼泽，并且在丛林中目睹了白狼神的养女Sn的容颜。最后他来到了肯特一支信奉铁与烟之神托尔的丹麦部族中。由于丹麦人的大举入侵，信奉野猪神芙蕾雅的西撒克逊人和信奉白狼神乌芬的东盎格鲁人大举迁徙，来到了肯特的土地。本是世仇的西撒克逊人和东盎格鲁人为了对抗丹麦人组成了联盟大举入侵，肯特女王带领丹麦人赢得惨胜，而scetaca立下了赫赫战功的同时，还与盎撒人残部达成协议，彻底结束了战争，并且与金发碧眼的撒克逊化丹麦人、白狼神的养女、乌芬斯加王朝的末裔、姫Sn结合，一年在小树林里幽会十二甚至十三次,positive,bangumi,幽灵公主
补标，高中在ACFun看完的，大学军训看的时候还被逼王在旁边指指点点来着,negative,bangumi,瑞克和莫蒂 第一季
65 谜语太多了 比起前作，大量不纯熟3d的运用挺破坏观感。,neutral,bangumi,攻壳机动队2 无罪
Faver3,neutral,bilibili,颂乐人偶
B water,neutral,bilibili,少女乐队的呐喊
回复 John1200 黑魂主角好歹有主角光环。。。,neutral,bilibili,Re：从零开始的异世界生活 新编集版
kimari太暖了,neutral,bilibili,比宇宙更远的地方
与其说银英是部科幻作品，倒更像一部披着太空歌剧外衣的中世纪英雄史诗。它不像常见acg作品那样只聚焦于局部战争，而是更注重战略和全局战术。战略部分写得非常精彩，双方博弈可以说是本作最大看点；战术虽饱受诟病，但为了剧情张力也可以理解，个人观感还不错。角色塑造尤其出色，尽管我并不喜欢本作英雄史观的叙事基调，却依然被本作数不清的角色那深入人心的人物弧光所打动。但与风云动荡的战场相比，政治戏写的就稍显粗糙了。作者对民主的思考虽有亮点，但针对民主VS独裁的讨论太过浅显；而“最好的独裁还是最烂的民主”这一议题最终导向的答案居然只是君主立宪，更是令人哑然失笑。原来是快两千年后的银河帝国啊，不知道的还以为是17世纪的英国呢（）尽管故事的后期稍显乏力，银河英雄传说依然用宏大的叙事、鲜活的人物以及历史洪流中不同立场的碰撞共同谱写出了一部能仿佛映衬银河中无数繁星的伟大史诗。,positive,bangumi,银河英雄传说
回复 AprsaK 23年,negative,bilibili,NO GAME NO LIFE 游戏人生
从这一目来看，祥子决定组建新乐团后，第一个是找睦，然而睦当时迁就于Soyo，没有直接答应,negative,bilibili,mygo
想起那张steam玩家分部图hhh,negative,bilibili,比宇宙更远的地方
saki酱saki酱saki酱saki酱saki酱saki酱saki酱saki酱saki酱saki酱saki酱saki酱saki,negative,bilibili,颂乐人偶
"士郎：卧槽SABER你听说我！我昨晚做了个噩梦！

SABER：怎么了亲ai。。。咳咳，士郎，你做了什么梦了吗？

士郎：卧槽你听我说！我梦到我自己在一座小山丘上装B吹风！但问题是，那风太大嘞

SABER：。。。然后？

士郎：然后，风突然没了。。。然后我感觉到我的右手腕有股刺痛，接着右手腕突然就长出了很多的剑刺！！！

SABER哈？啥意思？

士郎：我也不知道啊！然后，我整个右手臂都长出了剑刺！直接把手覆盖了，我听说过中国某个古老传说，莫非这就是传说中的麒麟臂？

SABER：哈。。。不懂呢。。。应该是吧？

士郎：但关键不在于这个，关键在于，正当我惊讶的时候，突然啪的一声，我的左手也变麒麟臂了！然后，我的背部居然也长出了这玩意！！！虽然没听说过关于背部的，但是，我想应该是称作“麒麟背”！！

SABER：慢着士郎。。。你说你背部也长出了很多的剑刺吗？

士郎：是啊！全身都是剑简直屌爆了好吗！！！虽然在这节骨眼上醒了，但是我估计是因为实在太过疼痛，惊醒的吧。。。如果继续梦下去，那么我估计全身都是剑了，到时候我估计会变成一个很帅很屌的。。。

SABER：（打断话）其实那不就是刺猬嘛？

士郎：。。。。。。。。。。。。。。

SABER：。。。。。。。。。。。。。",negative,bilibili,Fate/stay night [Unlimited Blade Works] 第一季
值得一提的是，当年就听过很多次one last kiss。所以看这一部的时候老是不自觉的想这首歌会如何插入，害怕自己的期待影响观感。幸运的是，真希波最后的牵手我也曾刷到过，因此转移了我对one last kiss的注意。而当最后二人牵手跑上阶梯，也标志了我对eva动画系列的“补完”。的确是难忘的作品，不过也确实没有真心为你惊艳看完后一周：越想越觉得终好看，特别是对丽的补充，只论香和丽的话，我选丽。,positive,bangumi,新・福音战士剧场版：终
前期表现略显沉闷，不过随着剧情环环相扣式地推进，最终谜底揭晓的时候还是感到奇特与赞叹，动画SSS探讨的主题更加贴近现实，并设计了多处对押井守版本攻壳机动队的致敬，此外剧中出现的AI护理女仆感觉很不错,positive,bangumi,攻壳机动队 S.A.C. Solid State Society
bilibili赛高,positive,bilibili,Fate/stay night [Unlimited Blade Works] 第一季
wodemaya,neutral,bilibili,Angels of Death
soyo来的时候右上显示出来的是our（我们），走的时候变成了counter（对立）,negative,bilibili,mygo
Boss进行曲,neutral,bilibili,mygo
PRO,neutral,bilibili,比宇宙更远的地方
"2025714 想要去传递的思想确信无疑，一种反现代化的浪漫主义，这点似乎也是宫崎老爷子本人的思想底色，远远比同时代《寂静的春天》带来的环保主义忧虑要深得多，片中风之谷社会基本组成形态无不彰显着这一点。
虫族也并不是哲学意义上人类之外的“他者”概念，如果聚焦于展现人类之外智慧族群完全不同于人类的一切，从物质到思想，作品的深度就完全是另外一个层次了，作为抱着这一点来欣赏这部作品的观众，难免有一丢丢失望。
1984年的作品无论在配音，分镜方面都充满了时代感与青涩，末尾STAFF表居然出现了细野晴臣hhh，也难怪配乐是风格如此凸显的电子音乐。",negative,bangumi,风之谷
"策划这个公会就叫做bug好了
玩家以推倒为bug的战争开始了",positive,bilibili,因为太怕痛就全点防御力了
配乐带感动听，贴合画面；剧情狂野奔放，彰显自由；演出浮夸生动，乐趣十足。这是一部诠释了什么叫青春的作品，这是一部超越了想象力极限的作品，这是一部我怎么夸都不够的作品。极其浮夸的作画风格配合异想天开的剧情原本应该只会带来相反的结果，但《FLCL》神之又神的配乐总能把观众拉入动画中去感受这一切；每一集大量的插曲按道理会产生疲劳感，但极高的插曲水准与剧情贴合度又让人欲罢不能。如果让我用一句话来形容《FLCL》，我的评价是“人类无穷想象力的体现”,positive,bangumi,FLCL
波吉波吉GOGOGO,positive,bilibili,国王排名 勇气的宝箱
确实把我这个eva老黑子给看服了。祖传console结果输出被砍差不多了，倒计时和失败概率99两大混时长法宝只用了一次，基本都在做可视化的光影变化和高难度的动作戏。拯救绫波丽和吃明日香两场戏配合新的bgm看得我大脑在颤抖，纯粹得浪漫，把少年可能性的无限大和可塑性无限大展现得淋漓尽致。唯一让我有点不满的是把tv版还挺有魅力的明日香从恋爱脑周姐塑造成了超雄雨姐，一点女人味都不剩了，纯粹的男主好舍友。,positive,bangumi,福音战士新剧场版：破
我大哥安德森说过，他喜欢happy end的结局，我也和他一样,negative,bangumi,剧场版 链锯人 蕾塞篇
“mujica的歌我不会”并非玩笑,positive,bilibili,颂乐人偶
"补标一直拖到今年上半年才补，拖了三年。
中途中不知道内心已经感慨多少次“为什么我现在才补啊混蛋！”
如果你也因为和我一样因为这部作品在短视频上太有名气从而对补番有种提不上来劲的感觉，别犹豫，补就对了，只有亲自接触后才明白其中的优秀

前半期的op特别不管是视觉上还是听觉上 都让人沉醉于其中，舍不得跳

很好的校园励志成长救赎恋爱番 ，这可能是我看过的相似题材中的top1了，top2是龙与虎
总之特别推荐！",positive,bangumi,四月是你的谎言
两部连看，早已听闻MyGO大名，实际看下来情绪调动，任务逻辑都挺自然，有刻意扭曲的点但无伤大雅。几位角色的成长曲线很给力，ep10封神，最后3集也给足了成长完成的MyGO发挥剧情，迷星叫印证了队伍压抑了一整季后的成长，唱出来特别high。很难有乐队番live回能如此有爆发力。,positive,bangumi,mygo
「今夜星見行」战场原就像带刺的玫瑰，垃圾君不惧刺痛触其心灵，方赏得玫瑰芳香，星空中的夏日大三角便是战场原最深情的告白。当ed响起时，感动涌上心头，这便是始于“化物”的“物语”。化物语，将青春的烦恼与不安的“物语”化为“化物”，又由“化物”展开角色们的“物语”。聚焦于角色，各个篇章的事件和对话各有特色，女主角们的塑造鲜明立体，各有萌点。垃圾君真是罪孽深重的男人啊，果然是原罪，不过像垃圾君这种助人狂魔也确实令人钦佩，要我来我也晕。各种奇妙机位的分镜，背景的极简平面化，抽象的小演出，不时插入的色齣，都让以对话为主导的剧情推进生动有趣，别有一番韵味，不愧是套味演出。,positive,bangumi,化物语
"本集是对应第一季中的22，23集而后半的剧情也是我个人最喜欢的一点剧情。面对恶毒的怠惰只能请求菲利斯和尤里乌斯终结自己 ，只为拯救远处的艾米莉娅。
结尾艾米莉娅的猛然回头。配合BGM气氛烘托气氛使观众的心一瞬间被触动了也有了之前第这集弹幕刷屏的“猛然回首的你，是否能看见远处正在为你拼命的他”
ED《stay Alive》中歌词和ed的mv无时无刻不在透露着艾米莉娅的孤独以及渴望有人会能够陪伴她。
正如冰结之绊预告中帕克说的她是为了幸福而诞生于世的，而486的出现也是终于让艾米不在孤单，总之本集优秀的气氛烘托和配乐为接下来成功打倒怠惰一众推上了最高峰。
第二季虽然推迟了但是我们还有新编集和冰结之绊存在，希望大家理智一点给白狐一点时间，毕竟白狐还是一个小公司，还是请大家慢慢等待白狐带来更优秀的第二季吧想讨论剧情的小伙伴们可以看我个人主页加群",positive,bilibili,Re：从零开始的异世界生活 新编集版
奇奇怪怪的cp又增加了,negative,bilibili,魔女之旅
所以说功能性天使上限高，因为都是bug,positive,bilibili,约会大作战 第四季
ohhhhhhh,neutral,bilibili,刀剑神域 爱丽丝篇 异界战争 -终章-
"感谢re0长达半年的陪伴不得不说白狐社这季全程用爱发电，OPED几乎全删，还买下了广告时间让我们看剧情，再次向白狐社致敬。全体工作人员，你们辛苦啦。
还要感谢长月老贼，给我们带来了圣域篇这一优秀的篇章，主角团的每一个成员都克服了自己的缺点，直面了自己的过去，勇敢地走向未来，也希望你能在未来给我们带来更好的故事。
最后还要感谢小林大师，李依李为首的声优团队，你们为一个个角色注入了灵魂，让我们难以忘怀其中点名表扬松冈，脑髓在颤抖
最后祝486未来一片光明，加油，爱密莉雅的骑士，雷姆的英雄，486真男人！486粉在此",positive,bilibili,Re：从零开始的异世界生活 第二季 后半
"（以下无剧透）
角色厨不要撕！
角色厨不要撕！！
角色厨不要撕！！！


关于Ray：Ray是个好姑娘，她懂得忍让，学会把自己的情绪闷在心中不让别人发现。想死是因为过去发生的一些不幸之事，并不是无病呻吟。Ray的经历比大家想象中要痛苦，毕竟再怎么冷静，她也只是一个需要关爱渴望救赎的13岁的女孩！


关于Zack：Zack可以说是整个故事中童年最为悲惨的人了。他经历了许多难以想象的事。他没有受过什么教育，也不懂得爱惜自己，正因为如此才更让人心疼，性格暴躁是因为他不懂得如何去正确表达自己的感情。但当你看完整部剧你会发现他在变，在暗无天日的日子里他努力学着像正常人一般生活。和Ray在一起时他在笨拙却固执的学着怎样去留住照进他黑夜的那一缕光。


关于Danny：Danny医生是一个高人气角色，他的过去同样是苦不堪言，阴暗童年铸就了如今的Danny对眼睛疯狂到近几扭曲的执念。Danny为Ray的眼睛倾心并想要待在其身旁，结局却令人唏嘘。他是一个温柔的人，却有着本不该拥有的悲惨生活。（重点是帅啊x


关于Eddie：Eddie在动漫中圈了不少粉。（现在爆出Eddie的身世应该不算剧透了吧）Eddie从小生活在墓园里，作为家中年龄较小的孩子，他从没有过属于自己的东西，这也造就了他强烈的占有欲。只不过很可惜，他想留住的是一轮与太阳同辉的月亮，那是生在黑暗的他不可触及的存在，一旦觊觎，便是死亡。作为全剧最小的孩子，Eddie是真的可悲。


关于Cathy：C姐是近年来较新奇的SM人设，当反派更是魅力满满。但是这样的人设在喜欢的人看来就有趣，在不喜欢的人看来完全就是变态，而且是很恶心很残忍的变态。Cathy本来是一个善良的人，她的心理扭曲是来源于她的成长环境的扭曲，还是推荐各位去看漫画包括Danny和Eddie的身世，然后你就会理解为什么这些表面上都很惹人厌的杀人狂人气却异常的高了。


关于？（自动防剧透）：官方基本不带他玩（审判你哦，你只需对中二病这一点做好心理准备，总之是一个很有趣的角色，即使官方没有过多透露他经历过何事很迷，但我相信你们后期不会讨厌他的。
每个角色都有着异于常人的悲惨过去，他们有着各自的苦衷，在人生的某一方面都尤为偏激，请不要在一个全是变态杀人狂的番里寻找代入感或者真实情绪。也请不要随意黑任何一个人，因为
他们都是折翼的天使啊！",positive,bilibili,Angels of Death
回复 添添不 我觉得这如果从企鹅视来看的话 既成之本应该是mygo 未竟之业是crychic,negative,bilibili,颂乐人偶
第一次见这么多国民 shk万岁,neutral,bilibili,mygo
anyting,neutral,bilibili,约会大作战 第四季
看之前就听说有虐的情节，已经做好了心理准备。本来我前期稍有不适还准备跳车抛弃，结果中途越看越有活，车门焊死直接爽吃12集，最后你告诉我是个科幻片？剧情上有意思很值得一看（除了结局和后期的展开，有些无法接受），人设无敌。画风很喜欢，不会太血腥，就是战斗的背景风格太强，从来不晕3D的我居然晕动画了OPED都非常好听，听一次旋律就大概记住了非常抓耳。总体上还是很值得看的，不过从科幻角度来说我其实更认同反派（大雾）,positive,bangumi,魔法少女小圆
awsi,neutral,bilibili,比宇宙更远的地方
A10C（雾）,positive,bilibili,魔女之旅
"三集过去了
魔王战绩：平民x1
勇者战绩：村庄x1 教会x1 剑神x1 魔界四天王x1  不死族x1 平民x1 史莱姆x1
勇者人神魔三界大杀特杀",positive,bilibili,这个勇者明明超强却过分慎重
ki米you。那吗一哇？,neutral,bilibili,夏目友人帐 第七季
回复 名探偵酒井戸 是的，不是XZP，我用XZP看的，暂停了动画正反翻了好几次手机对比。而且XZP里面电池比这个要大，是银色的，且电池上方应有NFC线圈,neutral,bilibili,辉夜大小姐想让我告白～天才们的恋爱头脑战～
sony打钱,neutral,bilibili,少女乐队的呐喊
everything,positive,bangumi,瑞克和莫蒂 第二季
EK,neutral,bilibili,比宇宙更远的地方
"哲学三问：我是谁？我从哪里来？我要到哪里去？
单单从小处男巴特的角度看，真是NTR大片，连“婚礼”都是自己亲手筹备的bgm38",positive,bangumi,攻壳机动队
an94？,neutral,bilibili,少女乐队的呐喊
万事屋永不完结！这一季的笑点依旧满满，尽管有些单集质量过于水，但高质量的故事不在少数：热血的有四天王篇，无下限的搞笑单集也有ep220、ep231这些。我喜欢这部动画的地方在于，每个角色都极易给人留下深刻印象他们既遵循着自己的人设演绎，又时常跳脱常规，营造出绝佳的节目效果。而且动画很爱玩黄色笑话，这种搞笑方式总能让我忍不住笑出声，毕竟看着男角色们晃着那打了马赛克的部位，旁若无人地做出各种令人捧腹的举动，也就只有银魂敢这么大胆了。另外，动画该正经的时候也足够严肃，虽是传统的叙事配方，我却依旧吃这一套。一路追着银魂走到现在，它在我心中早已占据了不可替代的位置，真希望银魂的故事永远都不要完结！,positive,bangumi,银魂'
来个poss,neutral,bilibili,比宇宙更远的地方
Ok，正片开始。,neutral,bilibili,鬼灭之刃 柱训练篇
"先看新版再看的旧版，实际上两边都是各有优劣，旧版（特别是旅团篇）的BGM和气氛雕琢上更胜一筹，但是剧情编排上不如新版，很多集数显得拖沓，最后ova补全的贪婪之岛质量下滑也很严重。
两部都是我非常喜欢的作品，但是不知道是不是因为先入为主，我更倾向于推荐新版",positive,bangumi,猎人
最强职阶：techer,positive,bilibili,Fate/stay night [Unlimited Blade Works] 第一季
6p,neutral,bilibili,比宇宙更远的地方
补充：日语ni（）和nana（）分别指2和7，所以小孩姐后面的衣服印上了27,negative,bilibili,少女乐队的呐喊
Q打啵Qwl挖抓Q喷他Q！暗区突围！,negative,bilibili,魔女之旅
UCI 赞助选手,positive,bilibili,四月是你的谎言
回复 还etjdd蛋仔号 母语尴尬症（,negative,bilibili,鬼灭之刃 游郭篇 中配版
"1、辛美尔的CV实在只能说，多吃点肾宝吧；
2、前半段给人的感觉还算不错，制作瑕不掩瑜，但自从考试篇开始，节奏问题就极为严重，直到第二轮考试中叶才扭转局势，实在是太遗憾了；
3、改得实在太保守了，部分内容其实可以一笔带过（尤其是考试篇中某几位的背景故事），然后多原创点精彩打斗；
4、期待黄金乡篇，希望能有更加亮眼的表现；
5、只论前半段的公路片，个人认为本作配得上2023年最佳动画的桂冠，但可惜的是，与老前辈虫师相比，本作在立意上不仅有些肤浅，角色的情绪流还过于单一化，虽然后续考试篇，这个问题有所改善，但节奏又唉，只能说还差一口气去登上神坛，非常遗憾；",neutral,bangumi,葬送的芙莉莲
回复 胜人BaiZe 这句我懂,neutral,bilibili,鬼灭之刃 游郭篇 中配版
以预警为圆心50米为半径画圆直径为100m所以距离可以在100米以内,neutral,bilibili,JOJO的奇妙冒险 石之海
？下雨的是不是lovelive看多了,negative,bilibili,少女乐队的呐喊
eva是对现象的扭曲化描述。虽说确实是失去三十年的反映，但作品本身并不具备如此时代的功能，而是批评所赋予的。作品没逻辑，之前不太看得懂，意识流抽象，适合东亚缺爱infp。主角除了明日香都没有人类。,neutral,bangumi,新世纪福音战士
out out郑恺out,neutral,bilibili,四月是你的谎言
回复 貓兒Angelo 确实,negative,bilibili,工作细胞：细胞大作战
这女的是homo吧,neutral,bilibili,异度侵入 ID:INVADED
前辈啊，oduokei,positive,bilibili,四月是你的谎言
剧本的精妙程度是我看过的TV动画之最，科幻的时间、因果和奇幻的魔法、希望，甚至还有宗教等元素精巧地耦合在一起。沙耶香的明线与焰的暗线相互交织，于最后几集收束伏笔，给我极大的震撼。音乐与战斗画面也无可挑剔，战斗爽！与此同时，还塑造了五位个性鲜明的主角虽然其中一个戏份不多bgm38，除了学姐比较模糊之外，其他几人的愿望都是无条件利他的，她们都在以自己的希望，照亮周围的人，甚至照亮人类文明，即便自己可能深陷绝望，成为代价。往小了看，几位女主的相互救赎也令人触动。如此一个带给人希望与光辉的作品，怎么能称其为致郁番呢？唯一一点小小的遗憾就是人设不是很对我胃口,positive,bangumi,魔法少女小圆
有bear来,neutral,bilibili,魔女之旅
所以说像Mujica这样出道就是有TGW赞助，和sumimi拥有同样事务所，最速武道馆传说，也就只有大祥老师能做到了,positive,bilibili,少女乐队的呐喊
manglobe这种艺术家自high味真的在动画界独此一份，商业化做得太差了，估计后无来者了。单元剧公路片，叙事很散，三位主角人设也不那么讨喜，需要去对电波，感觉是男性文艺青年会喜欢的那一类。整部动画更像是实验性质的作画片，歌很好听。,positive,bangumi,混沌武士
哇哦！cunzhugon,neutral,bilibili,四月是你的谎言
donk,neutral,bilibili,颂乐人偶
o h h h h h h h h,negative,bilibili,颂乐人偶
这操作跟kanye差不多,neutral,bilibili,颂乐人偶
妈妈：万匹si我放在南极了，相当我女婿的就去找到它吧！,negative,bilibili,比宇宙更远的地方
"不是很喜欢花田的作品。感觉花田十辉总是痴迷于制造噱头、制造Drama。

宣发里“最大胆”“竖中指”，结果第二集就告诉你这是个噱头，甚至因为竖中指有点激进，改成了竖小拇指，变回了JK样板戏

关于情感的部分也是一样，成员的成长、内心问题，根本就没打算回答，一切都用喜剧、扯头发搪塞过去，就像仁菜背后的“黑风”一样，需要的时候拿出来，不需要的时候就不见了。

不过虽然是样板戏吧，但也是很好的样板戏啦。",neutral,bangumi,girls band cry
第七集的简单科普又来了，希望能帮助到有疑问的补番朋友。这集涉及到的复杂内容并不多，主要解释下开头教堂里老神父的部分。首先是对于Master的召集，因为是监督者发出的，其他人并不能轻易无视，但是为了避免自己暴露，每个人都是使用了“使魔”，也就是控制一只小动物，利用它的视听去参与会议，这也是璃正神父会吐槽“有意见的可以说”的点。此外使魔来了5只，除去被讨伐的Caster组，和明面上已经退场的Assassin组，其他人都在，因此可以判断Lancer组突然健在。讨伐Caster给出的报酬，神父一手臂的令咒，均是第三次圣杯战争留下的，每次圣杯战争中未被使用的令咒在Master退场时都会被圣杯回收，等待有落单的从者时，方便再次分配出去重组，而最终都没有使用过的令咒会交付给监督者。,positive,bilibili,Fate/Zero 第一季
yniu,neutral,bilibili,mygo
wola,neutral,bilibili,Fate/stay night [Unlimited Blade Works] 第一季
观看情绪大体与Breaking Bad相同，但在每个重要死亡时刻动画的视听都让某些东西具像化，感到了比Breaking Bad更多的恐惧。这是个让人无法接受、挑战人性的寓言，也可以看作是对20世纪人类大规模做出的暴力行径的一个解释，巨大的力量面前，拥有野心和智力的人，极大可能成为一个泯灭所有人性的人。它隐喻已经发生过的事情，却又指向未来。,negative,bangumi,死亡笔记
回复 神崎朱奈OFFICAL 3,negative,bilibili,间谍过家家 粤配版
互相傷害嗎 聽起來好中二wwwwwww,negative,bilibili,四月是你的谎言
回复 失去雷霆圣堂Van由里 屑1,negative,bilibili,堀与宫村
学长：no no no,positive,bilibili,四月是你的谎言
回复 adnap0627 的确半年番不知道能不能涉谷篇哦。。心疼蔷姐谢谢你的回复,negative,bilibili,咒术回战
自动挡的都给我回去听！新OP真的好听！,neutral,bilibili,关于我转生变成史莱姆这档事 第三季
OO哈哈,neutral,bilibili,转生成蜘蛛又怎样！
茵蒂克丝：BEEFORFISH,positive,bilibili,魔女之旅
你就是我的daling,neutral,bilibili,四月是你的谎言
ADHD是吧,neutral,bilibili,国王排名 勇气的宝箱
回复 Contour丶 然而都是假的。,negative,bilibili,欢迎来到实力至上主义的教室
回复 Helly 恩2513楼才是复制粘贴,negative,bilibili,小林家的龙女仆
谁家白毛KSM,negative,bilibili,少女乐队的呐喊
三刷金田系作画集大成超级系无视透视感和尺寸感大胆构图、冲出画面的透视夸张、呼应角色感情而爆炸性增幅的特效作画21世紀大本命，贯穿TRIGGER作品群的气势、热度、突破极限的精神，正是在本作形成俺誰思！前信、信前、前信俺、前信、前信！以生命探索的欲望和向上的意志反抗固守安定的执念和规训，与其寻求安稳而停滞不前，不如甘冒风险打破墙壁，以未踏之地为目标；怀抱自信与坚定向前的气势，不依赖他人，相信自己的力量迈出那一步；继承过去的意志完成新生，不固守过去的伟大遗产，而是继承其意志创造崭新的自我；以及相信以自身意志改变命运的力量，不甘于被赐予的命运亲手开拓未来「俺天突」即便是小小的一步，只要以自身意志前进，我们就能突破属于自己的天空,positive,bangumi,天元突破 红莲螺岩
杂修x4,negative,bilibili,Fate/Zero 第一季
玩BP50的后果,positive,bilibili,魔女之旅
"动画制作上瑕疵很多，但是牛尾宪辅的配乐又弥补了这一点。
山田在本季的一些情节太模板，反而让角色弧光变得暗淡。恋爱情节基本都有样板可循，但国二生的恋爱真的是这个样子的吗？男生的第二性征基本还在发育中吧，慢慢把这个主题淡化掉转化为纯粹的恋爱plot我非常不喜欢。
ch18更是难绷，你们的这些经典三角恋台词真的是国中生能说出口的吗？
都投入了18级的沉默成本了还是看下去吧。。。",negative,bangumi,我心里危险的东西 第二季
回复 Minami九 很少能让我看几遍的,neutral,bilibili,碧蓝之海
Honey Clover After Story,positive,bangumi,蜂蜜与四叶草II
Ok也是逆天了,negative,bilibili,四月是你的谎言
kksk,neutral,bilibili,mygo
回复 泛亚龙 不好意思，我错了，拉芙塔尼亚lv1也有127点血。hp不是判断能力的标准。,negative,bilibili,盾之勇者成名录 第三季
看完热 感觉歌曲很好听 我要大听特听；都说吃屎，我怎么没吃到呀（）我感觉还挺好看的 p9p10 虽然很乱但是我没有带脑子看，就好比有的侦探小说为了营造出非常戏剧化的局面多多少少有点bug p5p6 小睦好可爱呀 p3p4 惊掉下巴了o p2 小睦oo对小睦好一点听到没有,neutral,bangumi,颂乐人偶
兰斯洛特的F15挺不错的,positive,bilibili,Fate/Zero 第一季
Go work,negative,bilibili,魔女之旅
master转职妈死了,negative,bilibili,四月是你的谎言
ep11 14,negative,bangumi,混沌武士
回音 Act 3 ！！！,negative,bilibili,少女乐队的呐喊
Labubu欠费广告,negative,bilibili,颂乐人偶
OP很好看所以我准备跳过,positive,bilibili,紫罗兰永恒花园
saki酱！saki酱！saki酱！saki酱！saki酱！saki酱！saki酱！saki酱！saki酱！saki酱！saki酱！saki酱！saki酱！saki酱！saki酱！saki酱！,negative,bilibili,颂乐人偶
不可多得的神作，是带领我进入篮球世界的经典，小时候还在思考到底是nba规则权威还是SD的规则权威,positive,bangumi,灌篮高手
saber是eater,neutral,bilibili,Fate/stay night [Unlimited Blade Works] 第一季
上一部 KON,neutral,bilibili,四月是你的谎言
回复 chatin 放肆，我泪爷明明lv6,negative,bilibili,某科学的超电磁炮
看 my heart,positive,bangumi,新世纪福音战士剧场版 DEATH(TRUE)2/Air/真心为你
神级op,neutral,bilibili,Fate/stay night [Unlimited Blade Works] 第一季
回复 RockParanoia 泡泡是音译成中文并润色的，原句无义，但是“鸽子”确实有,negative,bilibili,JOJO的奇妙冒险
zx我喜欢你,positive,bilibili,四月是你的谎言
hhhhhhc这句话笑死我了,negative,bilibili,Re：从零开始的异世界生活 第二季 后半
蜜汁3D,positive,bilibili,Angels of Death
"2024新作 我心中的top1
结尾的处理有点拉了，这个8分给得很别扭，心中7778分左右的作品",positive,bangumi,girls band cry
回复 守望黑暗的夜枭 不会3090t还有人看吧,negative,bilibili,某科学的超电磁炮
这不完全死宅男爱看 指性压抑媚宅部分。大姐姐大姐姐小同学的女性角色未免套路。但哥哥（前）女友和男主间的感情我还是能味味的。女主突然到男主家再父子都喜欢女主的戏码有联想到御先祖 但我觉得flcl的爹更工具些。意识流青春剧 看的时候觉得混乱又莫名其妙 但看完了觉得还挺爽就是了。剧情展开蛮新奇。再说我对ova总是套层滤镜似的包容些。,neutral,bangumi,FLCL
事实告诉我们A计划都不行的时候，估计B计划也很悬！doge,negative,bilibili,间谍过家家 粤配版
回复 ThatChrysalis 没事，狗粮还透着余温,negative,bilibili,Angels of Death
他看起来好喜欢这本www,positive,bilibili,约会大作战 第四季
前面的日常和后面形成了鲜明的对比，先虐香香后虐丽，痞子你没心再次看三冲真是感叹，gqux你无敌了一模一样啊，不管是暴走被插还是红眼都一模一样，难绷。破可以说是真正意义上和旧版产生了区别，后续都是无法预测的命运之舞台了，真希波的登场在破里没有起到什么作用只是顶替了明日香，但无所谓，大姐姐眼镜娘太香了。结尾的预告真是给我气笑了，以下画面均不会出现在正片里，所以痞子啥时候能缺钱啊，快回来做消失的十四年好不好，哦内该。85,positive,bangumi,福音战士新剧场版：破
PA给日本动漫业界和仍在追梦的人的一封情书。PS：想了想还是给了10分，唯一的一个十分。,positive,bangumi,白箱
rider大帝转行了,negative,bilibili,比宇宙更远的地方
小时候看的早忘了，ottofly神曲,negative,bangumi,数码宝贝大冒险
aqours sunshine,neutral,bilibili,比宇宙更远的地方
cos泰坦尼克号吗，有点意思,neutral,bilibili,间谍过家家 第二季 中配版
待会cos晴天娃娃去了,positive,bilibili,颂乐人偶
Bro was Ryan Gosling before Ryan Gosling,neutral,bangumi,攻壳机动队2 无罪
我累哇玉子码key那怒拖,negative,bilibili,少女乐队的呐喊
路人2d是因为不想弄很多建模啦 那样成本很高的,neutral,bilibili,少女乐队的呐喊
3d十分灵动，音乐夯（有冰），情感在ep8达到巅峰。后期给剧情减速（备战第二季？），结尾略微有些刻意，但整体完全对得起三个月的追番体验,positive,bangumi,girls band cry
这里应该是表现小孩姐很勇，和mmk的怒气冲天，路人都被吓到了，小孩姐依旧在A,positive,bilibili,少女乐队的呐喊
Sanami,neutral,bilibili,鬼灭之刃 柱训练篇
作为科幻警匪片，主角们却还在以身犯险，未来一定是机器代替人类干危险工作的，就像现在的“防爆机器人”，也无需让机器拥有灵魂（很不喜欢“塔奇克马”拥有灵魂，知道“死亡意义”主动牺牲的情节。让防爆机器人知道死亡意义，它们不会争取自身权利吗？）。“素子在严肃场合穿泳装”违和感严重。攻壳明显借鉴过好莱坞电影第5集采访中看A片、第6集“素子撕裙子”的桥段在好莱坞电影中见过，科幻世界居然还要撕裙子。以及巴特素子的感情戏，23集类似《碟中谍》的反转套路等，很多内容也不能细想，当商业片看还行。对商业片祛魅，却没对攻壳“祛魅”的人太多了。带有科幻元素的警匪片。个人很喜欢主线笑脸男事件（4、5、6、9、11、12、15、20集以后，其实主线就是个热血漫）。单元剧参差不齐，涉及了很多但大都没深入，总体不算难懂。单元剧6分，主线75分。前几集单元剧容易劝退，主线还行。,neutral,bangumi,攻壳机动队 STAND ALONE COMPLEX
Amazon！,neutral,bilibili,比宇宙更远的地方
这个评价 不知为何想到swy,negative,bilibili,四月是你的谎言
回复 ivyliketree 不是很清楚,negative,bilibili,国王排名 勇气的宝箱
AIM7麻雀空空弹,negative,bilibili,葬送的芙莉莲
Mono酱,neutral,bilibili,少女乐队的呐喊
东京人是把寿司倒在桌子上吃的，ip：大坂,positive,bilibili,少女乐队的呐喊
PS 看完TV版才知道有广播剧，不过不听也不影响剧情理解，看完之后当做一个回味剧情的工具也挺不错。,positive,bangumi,奇巧计程车
去南极一个人就得10w这点还是太少了,negative,bilibili,比宇宙更远的地方
wc，那要是魔王长个鸟样岂不是1也能抓住,negative,bilibili,葬送的芙莉莲
这bgm真的有感觉,neutral,bilibili,紫罗兰永恒花园
认真帮队友搜点的小智gif,negative,bilibili,少女乐队的呐喊
ATRI别跑！,neutral,bilibili,四月是你的谎言
回复 bearquyang 并不是，米莉姆本身就非常聪明，只是懒得去想那么多，不然她的智商，还有暴风龙的智商都很高，分析能力非常强，只是是两个逗比,positive,bilibili,关于我转生变成史莱姆这档事 转生史莱姆日记
爱迪（ke）,positive,bilibili,Angels of Death
lang衫太对味了,negative,bilibili,间谍过家家 粤配版
ss,neutral,bilibili,Fate/Zero 第一季
ykx！,neutral,bilibili,四月是你的谎言
（7）如果天元突破是从ep23起，我应该又会给出一个超高分，无论是“螺旋（遗传基因）蕴含无限希望”的设定，奇坦为了种族的存续燃烧自己冲锋时所展现的人类无限的勇气，无数帅到变态的小设计（月球的阴险笑脸、大合体、跨越思念到你身边、确率操纵导弹）以及一场注定失败的伟大冒险，我也要踏上征途的浪漫，的确太配高分了。但超级系动画特有的大尺度与相对跳跃的情节的确不适合长篇，关键情节的疏忽就会让人出戏。红莲篇的大哥的塑造太像骑士时代的堂吉诃德了，而我心中堂吉诃德却是荒谬性远大于英雄性的，牺牲所闪烁的人类光辉是要建立在拼尽全力却无可奈何而非无谋的决策上，所以“卡米纳在就好了”以及大哥作为不可超越的神像在我这里都是不能忽视的不成立。而螺旋篇的问题就是政治戏太白痴了，上次看见这么蠢的还是大河内老师的高中生建国，民众的丑陋到结局人类的光辉也衔接不畅，影响结局表达。,neutral,bangumi,天元突破 红莲螺岩
单从音乐来说，剧中的音乐大部分都一般 最好听的是op（虽然很洗脑）但是3渲2做的非常非常好 像我这种不喜欢3d的都很爱看 里面的人物互动都很搞笑很可爱 每一帧都能当表情包,positive,bangumi,girls band cry
快跑，有dao刀,positive,bilibili,四月是你的谎言
系列最佳的peak之作，东海帝皇的三度日落仍然升起着实让我眼睛湿润，比赛的气氛渲染，帝皇的不甘与坚强，双涡轮的鼓励与呐喊，完全被带进情绪流当中了，帝皇的故事太过感人，和麦昆的cp戏反而不令人印象深刻，至于之后的哈基米，小马音乐之流，只能说是毫无干系的意外了,positive,bangumi,赛马娘 Pretty Derby 第二季
回复 biplayer A班hhhh 虽然并没有什么不对2333,negative,bilibili,欢迎来到实力至上主义的教室
我看 mygo 搞得不错，剧情极大丰富，扭曲成分到处都是，二创繁多，人物关系也受重视，如果去掉母鸡卡和神秘和扭曲，mygo 就是我们理想中的少女乐队番。,neutral,bangumi,mygo
Aaa 纸飞机批发商,negative,bilibili,鬼灭之刃 柱训练篇
"【7510】
纯净的孩子与复杂大人们的故事，也是一部关于人与自然与生命的作品。天空之城所构建的乌托邦城堡因科技的发展而兴盛，也因科技的发展脱离土地，最终陨落。并非像宫崎骏的其他作品那样注重于对内核进行全方位阐述，天空之城的内核简单直白，更像是带有寓言性质的童话，故事的中心更多放在了实际的冒险上，成熟且完成度极高的故事脉络搭配上翱翔于天空的动力和展望自然景观，注视世界的激情，使得这个简单的冒险故事前半段观感尤为出彩。但故事到了Laputa后则有明显的下滑，缺乏深挖塑造，导致人物的扁平化与台词的单一化，主旨展现并没有同类作品来到水到渠成，但关于“人与土地与风”始终关联的台词，则又使得故事保持在了奇幻作品优秀行列，让人能沉下心来，细细品味故事中所呈现的哲思韵味",neutral,bangumi,天空之城
Raw raw fight power,positive,bangumi,天元突破 红莲螺岩
bgm：雨滴之歌,positive,bilibili,比宇宙更远的地方
很好的补充了TV版的剧情，但比起旧剧场版结局的“反抗”，我还是更喜欢新剧场版结局的“和解”。,positive,bangumi,新世纪福音战士剧场版 Air/真心为你
"上半季
EMT：“最喜欢你了！”
486：“爱蜜莉雅怎么可能说喜欢我啊！”

下半季
486：“喜欢你！！”
EMT：“骗子！！”",positive,bilibili,Re：从零开始的异世界生活 第二季 后半
回复 Hiirovtuber 至少得打4集,negative,bilibili,国王排名
才注意到最近有IMAX的重映，才得以有机会在影线上看到。感想下来，我实在是不能共鸣幽灵公主所畅谈的主题，文明与自然从来不是简简单单就能一括而论的东西。我倾佩宮崎駿在动画上的想象力，作为一度的封笔作，以民俗与神明的故事我们迄今也能看到许多故事自此而来的影子，的故事是最为正派的jrpg英雄之旅。但自此之外呢，他因神而背井离乡，却在戏中役为了人与自然的调节者。或许是本身就具有对自然与神明的敬畏，但也仅仅在故事中作为无足轻重的第三派，于神于人两侧都仅仅是折中，在故事推动下随波逐流的绝对和平者而已。更或许这个故事本身就没有想给出一个定论，但又至今如此，一个模棱两可的主题和终局绝对不算是一个满意的绝笔,neutral,bangumi,幽灵公主
洁白 闪耀 奇迹 之花 White Lily,positive,bilibili,魔女之旅
回复 jikeshen nk是帅气的大姐姐,negative,bilibili,工作细胞 第二季
暂时抛掉柿本广大贯彻始终的大群像野心，mygo可谓难得的多视角的又不显赘余的动画群像正剧。爆点桥段的重复不显冗余，在侦探式的观众审查中不断演绎和爆典，再进一步甚至可称一种另类的日常推理文学。脚本家堪称邪修成道，夸张的描写随时会在最意想不到的时候爆发，得到一种巧妙的平衡：整整一集的live演出叫我看得津津有味，而全篇可谓毫不拖沓地，发现、提出、解决并讲述一些现实的、操劳的、常规而非业界常规的乐队问题。高松灯的“人与非人”问题，已经经由mygo乐队的逐步构建而得到了精神层面的解决。而ave mijica，堪称是已经不当人的丰川祥子写给她（们）的一张大字报，要在逻辑上和肉体的、生活困境上的、言语表征的层面上炮打ccc遗老。因此，理论上，本片在解决一种自我拷问需求，放弃乐队，实际上，是去摧毁那些c团无法掩饰的顽强的陈旧人格。但mujica的宣言是：带上面具。,negative,bangumi,mygo
"工老师发生甚么事了？

甚么事？第二季来了！

我不懂规矩，我说停停，先回顾下第一季。

回顾工作细胞第一季

优秀的剧情，完美的人物设定，处处充满细节的画面，既有萌点又有刚烈的几大主角，全程充满搞笑气息又时不时的用旁白科普着这些应该要了解的知识，真正意义上的做到了边看边学，以人体内部作为故事的一切剧情展开其实难度很大，但是「工作细胞」没有让我们失望，以平时我们熟知的“血细胞，血小板，白细胞等”作为本作几大主角也是这部番吸引人的几大点之一，一开始看到这部番其实没有太大的感觉，毕竟基本上都是阅番无数的死宅，但是本作的高明之处就在于看到快要结束时出现的血小板们，直接就让我点了追番，血小板酱作为本作的最萌点出现在了本作最前期也就是剧情刚刚展最无聊的时候无疑能让大部分的死宅乖乖点追番，而无聊期过后优秀的一切基本上就锁死了所有观众，而且在现在完结后还很可能引领起一股献血热潮，此番简直百利。将细胞拟人化同时说明细胞的功能来达到科普作用，对于不懂的人起到了一定的医学知识普及，对医学有了解的人看了也能会心一笑。动画表现力也很好，质量也很ok。要说有什么问题的话就是拟人后的矛盾吧，把拟人化后的细胞当做“人”来看待的动漫里的细胞表现的实在是让人捉急，只会按照规定做事，不懂得变通，招致更大的麻烦。但它们本来就不是人，动画只是用拟人来表现细胞们的“日常”，对一个细胞苛求也太严格了些。当然如果不是一直强调这是在人类体内，而是当做一个类似平行世界的东西倒不是那么难以接受了。

第二季开始了，大伙耗子尾汁，不要搞窝里斗（确实是在窝里看的），让我们继续努力，和细胞们一起爱护好身体吧！（这番剧不讲康德，凌晨更新鸭）",positive,bilibili,工作细胞 第二季
不错的乐队番，可惜梗小鬼太多污染环境，个人认为只是看个乐呵的话可能比mygo强一点，可惜我更喜欢mygo,neutral,bangumi,girls band cry
波奇一共11w，一场直接加3w,negative,bilibili,少女乐队的呐喊
ka ku ei,neutral,bilibili,比宇宙更远的地方
"命运的舞台，把我的闪耀还给我！
相比tv更加精彩的制作，把tv里大家都想看的人物关系冲突全部命运的再演，是少歌的补完。光与恋的命运舞台的交织，最终归于position 0。",positive,bangumi,剧场版 少女☆歌剧 Revue Starlight
说实话你更像berserker,neutral,bilibili,Fate/Zero 第一季
soyorin！！！,neutral,bilibili,mygo
cs,neutral,bilibili,四月是你的谎言
EA,neutral,bilibili,魔女之旅
说魔导器的出去（do,negative,bilibili,魔女之旅
486yyds,neutral,bilibili,少女乐队的呐喊
UN,neutral,bilibili,少女乐队的呐喊
EPIC为什么点我名,neutral,bilibili,少女乐队的呐喊
故事的结构和叙事都有些问题，抛出关键信息的方式很不友好，如果用一句比喻说明的话，那就是攻壳不能没有副线，就像西方不能没有耶路撒冷（笑）。在保留答案的情况下以提问彰显主题：加入体制是更好的践行正义的方式吗？是的话要如何行动呢？灵与肉的思考是贯穿三部曲的要点，塔奇克马一回归作战便感慨，“使用物理身体疾驰时的爽快感，果然不一样啊”。在一个彻底电子化的世界，个体还会感知到在土地和数据上驰行的区别吗？还能定位Ghost吗？,positive,bangumi,攻壳机动队 S.A.C. Solid State Society
AIM7F,neutral,bilibili,葬送的芙莉莲
三哥san值狂掉中,neutral,bilibili,鬼灭之刃 刀匠村篇
没办法，这里相当于你前脚拒绝了组c团后脚就去鸡团了，很容易被误会成看不起soyo等人,negative,bilibili,颂乐人偶
给你一张过去的CD（doge,neutral,bilibili,JOJO的奇妙冒险 石之海
跟你们说一声，我两个11连出了三个四星，爱丽丝，ugo，亚丝娜，你们说，我是不是狗托,negative,bilibili,刀剑神域 爱丽丝篇 异界战争
30x黑刀之夜,neutral,bilibili,颂乐人偶
回复 bbnmko 漫画是直接护住了才没事的，动画是先肉身撞穿几栋楼才护的，惠原来你也是个猩猩,positive,bilibili,咒术回战
go  work,negative,bilibili,工作细胞 第二季
"回复 颜值EX的红茶 嗯，2020回复你有点晚了吧？
大概就是你嫂子永远是你嫂子，永远比你牛逼，斗不过",negative,bilibili,徒然喜欢你
叫MUJICA,neutral,bilibili,少女乐队的呐喊
gegege：wany,neutral,bilibili,颂乐人偶
Link start亚丝娜救我大家好，我是练习时长两年半的艾因格朗特流练习生捅股和人，喜欢星爆弃疗，开后宫，变宅，自闭。第三季后半部终于来了，很期待233,negative,bilibili,刀剑神域 爱丽丝篇 异界战争
除了zake和ray没一个正常人,neutral,bilibili,Angels of Death
10年代绕不过去的大山，动画界的《Muvluv Alternative》（我根本不承认某部gal改动画好吧），10集的篇幅全程高能，前三季的铺垫在这里迎来了真正的爆发，在《完全比赛》《勇者》《白夜》这传统意义上的三连神回之后又紧接《地下室》《那一天》《进击的巨人》《墙的那边》真正意义上的四连神回，也迎来了巨人系列真正的反转，即“自由”主题的反转，从这里开始，谏山创展露了他最初的目的,positive,bangumi,进击的巨人 第三季 Part.2
回复 呆毛一直晃 Ohhhhhhh！,negative,bilibili,关于我转生变成史莱姆这档事 转生史莱姆日记
这样下去ave Mujica就要成搞笑艺人团体了！,neutral,bilibili,颂乐人偶
回复 agent黄 看到了那个看守,negative,bilibili,JOJO的奇妙冒险
nano,neutral,bilibili,比宇宙更远的地方
ntr,neutral,bilibili,少女乐队的呐喊
d篇INsight,neutral,bilibili,总之就是非常可爱
"剧情 10 作画 8 音乐 9
刘慈欣 NB",positive,bangumi,我的三体 章北海传
nina装了消音器的AR15和两个弹夹,negative,bilibili,少女乐队的呐喊
妈妈！layer是layer！,positive,bilibili,颂乐人偶
燃尽了的下班中年男人听着jkjd的青春烦恼,positive,bilibili,少女乐队的呐喊
z高达相比0079，主角方在机体上没有了绝对的优势，本应呈现的是双方势均力敌的战斗，可是卡缪给我的感觉就是大部分时间都在跟熟人战斗，战斗过程就是各种嘴炮和背后锁人，战斗部分的观感远没有0079好，还有各种战斗抗命的情节，严重破坏了这一季的观感，而且本季和0079一样，一样有着前期节奏过慢，过期节奏过快的问题。在主角上，个人认为卡缪是个善良且冲动易怒的人，这种性格也导致他在战斗中会犹豫不绝；而夏亚像是一个想改变世界又不愿失去自由的人，这两个角色性格矛盾的塑造都挺不错的。,positive,bangumi,机动战士Z高达
，BoBo大佬来了，顶你一下先，期待3月份那些番完结后能遇到你,positive,bilibili,工作细胞 第二季
谁小手一抖，op没有的，我笑他1万年。,negative,bilibili,魔女之旅
gfhhy,neutral,bilibili,鬼灭之刃 柱训练篇
炁（qi四声）,neutral,bilibili,Fate/stay night [Unlimited Blade Works] 第一季
前几天重映特地去电影院补完，除了结局很突兀之外，其它地方的表现堪称完美，原来赛博朋克的设定这么早就有了，完全可以确信赛博朋克2077有很多设定借鉴了这个番，这剧场最厉害的地方在于它的剧情和设定完全可以压住这么牛逼的作画，好几处厉害的打斗作画都不会让我觉得画师喧宾夺主，因为所有的动作在为剧情服务，主旨也很明确“定义一个人的意义是由他的肉体？记忆？过去？思想还是灵魂？如果这一切都可以由科技的手段创造或重塑那么人的生命是否还具有意义？或者人是否还需要强调人自我本身？”剧情的节奏也很快，一开始那位苦逼的清洁工也暗示整个动画悲情的基调，但是完全不会让人觉得虐，仿佛整个世界观就是冰冷的，压抑的，这也正是赛博世界观，除了突如其来的结局让人挑不出一点缺点，这个女主真的太帅了，我快爱上她了QAQ,positive,bangumi,攻壳机动队
"比tv版更明亮的剧场版，几个主角性格都变得更加拟人了
不过有一说一相比tv版我果然还是更喜欢新剧场版",positive,bangumi,福音战士新剧场版：破
kkdy,neutral,bilibili,比宇宙更远的地方
486接mmk这一招可不得了，战斗力起码8千以上,negative,bilibili,少女乐队的呐喊
回复 理白whitery 有人画了哦,negative,bilibili,青春猪头少年不会梦到兔女郎学姐
论政治戏与剧情结构不如sac的TV版，论深度与演出不如鸭子的剧场版，但攻壳的硬实力在这，即使是最低下限，也是别的很多番的上限了,positive,bangumi,攻壳机动队 S.A.C. Solid State Society
I do！,negative,bilibili,魔女之旅
看就完事了，我相信美国佬的下限o  溜冰！爽！挖坑！爽！This shit is FUCKING EPIC,positive,bangumi,瑞克和莫蒂 第一季
回复 FFF枪刑执行官 61级的细菌没有等级的空气,negative,bilibili,OVERLORD
istj太强了,negative,bilibili,颂乐人偶
2  AAA  NA  无厘头喜剧、属于这一代观众的奋斗故事。坦诚、现实地面对问题。干净、现代的剪辑安排，大胆、多样的表现形式，稳定、扎实的故事推进。人物都有一定的立体感，但尤其对Bocchi而言刻板的性格描写太多、表现的成长性太少。以人际关系作为解决方案这一点比较传统。喜剧和主线分得有点开，有些地方不免详略失当。,positive,bangumi,孤独摇滚！
V12的扫帚,positive,bilibili,魔女之旅
其实个人没有很喜欢赛马娘这个IP（可能是因为身边马批太多了被烦透了）但是看完马娘2后还是依旧能够起身为其鼓掌，该说不说前面还是挺平淡的，没有什么出乎我意料的地方，但是从双涡轮的世纪大逃开始即便在我意料之内，它所传递的情感脉动都已超脱了一切套路，只是单纯的向观众的心灵咆哮，非常触动人心的一部作品，看过东海帝皇原身夺冠则更进一筹，泛式鸽鸽的mad也结合了这些，泛八爷牛的,positive,bangumi,赛马娘 Pretty Derby 第二季
魔性的op和ed太带劲，背景音乐配上富有冲击感的分镜，这样极简的画风却能让人沉醉其中，基本没有废话的台词，甚至中配还惊讶到我了，11集的制作短小而精悍，把青春与成长刻画的如此鲜活立体，要形容的话只能说是件精美的艺术品打字打到这里想了许久还是给了满分，乒乓球也是好友教会我打的少数运动，所以看完让我现在这个死宅能产生共鸣且心中痒痒的，回想起初中那会对乒乓的喜欢，虽说没有番剧中对比赛那种紧张刺激的追逐感，但闲暇时无论是大风烈阳或是下雨都能打个热火朝天，如今每次节假回去还能和他们聚在一起打上几个来回，摸到球拍好像又回到了那时喜爱打球的自己。,positive,bangumi,乒乓
想着看看担任魔女与使魔op分镜演出的人监督的作品如何，果然分演顶级。并没有系统地看过onepiece，但实际表现力非常让人动容，在粉丝心中大概是表露心声的好作品吧。单集不评分,negative,bangumi,航海王：粉丝来信
henshin！,neutral,bilibili,魔女之旅
9。完美的续写，补全了tv内容上所缺失的属于魔法少女气氛的内容，编排上的二次反转彻底完善了晓美焰的角色塑造，沿用自tv结局的“跨越绝望的爱”这一主题也得到了更好的呈现,negative,bangumi,剧场版 魔法少女小圆 [新篇] 叛逆的物语
这动画的问题我觉得五万字批评是写不完的。全篇是槽点，最后靠着ep70的木柜子式大喊大叫哗众取宠真的笑死我了。ep120小学生过家家爽文是哪来的子供向动画，配角装腔作势，挂羊头卖狗肉等等，不愧卖狗精神续作。卧槽这傻逼东西我上面还只写了百分之一的问题，完全不想写了，基本上一半以上的单集脚本都有超严重问题。无愧于获得夜水母同分，我已经很认真观看了。给这片一天半连续完整的观影条件，这种条件下还能突破下限。,negative,bangumi,棋魂
nia,neutral,bilibili,转生成蜘蛛又怎样！
ssfk,neutral,bilibili,少女乐队的呐喊
我原谅mygo了。两年过去，如今这部番已经无法给我带来任何感动，我对里面的角色没有爱也没有恨了，就此别过吧。4分就当作是给这两年的人生留下的一点情面。,negative,bangumi,mygo
如果说SAC是信息量密集导致理解困难，那么只要将信息统合起来就可以让剧情清晰很多，而无罪则是削减了叙事成分导致的难以理解，它表面的故事是平铺直叙的，但哲学表达却更为隐晦，对我来说无罪要比95剧场版和SAC难懂很多。当然看不懂不意味着我就不喜欢这部作品，3D技术的运用没有同年代作品给人的不适，反而增强了场景的代入感。择捉岛的哥特式建筑与游神仪式的视觉效果很震撼，循环幻觉的表现手法带来如梦似幻的体验，镜头语言的成熟所带来的感受很棒。,positive,bangumi,攻壳机动队2 无罪
被逆天Ne震惊到了,negative,bilibili,鬼灭之刃 柱训练篇
屑魔女我觉得这部作品不太适合讲一些严肃的话题，类似ep4，ep8那种，一些轻松的小故事加上与沙耶的打打闹闹就挺适合的。ep12不错，不同时间线的伊蕾娜凑在一起，可以看到很多不同风格的伊蕾娜，挺有意思的,neutral,bangumi,魔女之旅
Win12徽标,negative,bilibili,魔女之旅
啊ki磨叽油噶哒,negative,bilibili,魔女之旅
Surprise,neutral,bilibili,间谍过家家 第二季 中配版
比06版好多了，06的士郎满脑子只有saber是女生,negative,bilibili,Fate/stay night [Unlimited Blade Works] 第一季
（二刷）前面的无聊是为了后面的震撼，是的我真的被后几集给狠狠的震撼住了，也正因如此我从石头门开始大量追番。石头门在我心中永远有着不可撼动的地位。这部番带给我太多震撼和挥之不去的名场面。剧情上虽有些慢热，但到了12集的伏笔回收时我的心情和伦太郎一样震撼，才知道什么是环环相扣。从这集以后，那层日常番的面纱完全被剥开，故事将层层递进，节奏越收越紧，直到完全的喷发。对于世界来说，伦太郎是孤独的，经历无数次压抑和绝望才能到达的命运石之门世界线，是来之不易的。“最终作战“前带着哭腔的胜利宣言太具感染力。欺骗最初的世界，欺骗自己，这就是到达命运石之门所需要的条件，所以El psy congroo,positive,bangumi,命运石之门
huqi,neutral,bilibili,Angels of Death
别刀了，都进ICU了！！！,negative,bilibili,鬼灭之刃 柱训练篇
"20160307 看完
Stand Alone Complex概念一战成名，可以广泛用于社会现象分析，无论你是单纯拿来装逼还是真的做研究。",positive,bangumi,攻壳机动队 STAND ALONE COMPLEX
“我的cp怎么Be了。”,positive,bilibili,夏目友人帐 第七季
它们喊着“一辈子”“瓦塔西”“哦内盖”“还在go”什么的就冲上来了,negative,bangumi,mygo
Tokkito,neutral,bilibili,鬼灭之刃 柱训练篇
回复 Haruyuki1999 右下角有作者水印,negative,bilibili,mygo
WK,neutral,bilibili,Angels of Death
mamba out,neutral,bilibili,少女乐队的呐喊
8110。非常具有浪漫主义色彩的一部作品。作为十几年古典音乐爱好者，看这种带古典色彩的作品简直是一种享受。节奏非常优秀，总是能在剧情紧张的时候插入一点搞笑元素来舒缓气氛，个人挺喜欢这种处理方式的。大量的心理描写对于动画作品确实很优秀，不过对于galgame玩家已经习以为常了。台词和歌词写的不错。,positive,bangumi,四月是你的谎言
回复 Invictus4RS 永不会出的限定版吧,negative,bilibili,OVERLORD Ⅲ
L5说是,negative,bilibili,颂乐人偶
哇吉尔菲埃斯死时候的表现力也太差了吧，看着好降智啊，这算不算是一种老动画的缺陷啊？ep43我嘞个豆，这动画看着看着老是整一些很出戏很降智的操作出来肉搏战这样打的吗？上来两小兵直接两枪干掉，强行造成1v1的场面，最后还都不死，太勉强了吧？ep53自由同盟的民众配得上他们的苦难。ep56这不是现实里正在发生的事情嘛ep82向杨提督致敬！ep89你小子还挺纯情。真不愧为太空歌剧！整整110集长篇，精彩绝伦，没有浪费我一分一秒的时间。片中对政体、制度的讨论令我叹为观止，在我看的所有番内无出其右，主旨立意十分有深度，感触良多。,positive,bangumi,银河英雄传说
这幅图有两对cp猜猜谁是单身？（doge）,neutral,bilibili,少女乐队的呐喊
回复 Terro不恐怖 不好意思没get到,negative,bilibili,国王排名
"刚开始在1218清晨的阿虚是迷茫的。
「放学后 我习惯地走向文学部活动室 我以前在放学后一直都会去SOS団 一边喝着朝比奈学姐泡的茶 一边和古泉玩着游戏  听着春日的天方夜谭 就算那是个坏习惯 也很难改变它了」阿虚是向往着这样平凡的日常，即使是外星人 未来人 超能力者的充满麻烦的世界。但他过于依赖外星人了，他希望任何事情都由她来解决。
长门有希改变了世界。她产生了感情，是对阿虚的。她不再是外星人，是一个被人盯着脸会发红，害羞到难以表达自己感谢的文学部少女。她希望阿虚签下那份文学部的入团申请书，但同时又把选项留给他她知道，阿虚无法放弃原来的那个吵闹的世界。她是如此的温柔。「Yuki」她听见阿虚的声音，想要寻找什么似的抬起了头，但只看见细雪纷扬飘下。长门有希留下了，带着她难以吐露的心声。她又开始在市民图书馆中读书，回想起与阿虚在这里的故事。",positive,bangumi,凉宫春日的消失
四月是你的天使（bu shi,positive,bilibili,四月是你的谎言
抱着FBI啃,positive,bilibili,异度侵入 ID:INVADED
金瞳不是什么很高大上的东西，作者在进击篇里填坑了，只是sao里使用额外技能冥想的500熟练度专精觉醒的效果而已,positive,bilibili,刀剑神域 爱丽丝篇 异界战争
c姐抖s犯了,negative,bilibili,Angels of Death
python才是yyds,neutral,bilibili,异度侵入 ID:INVADED
65 制作資源豊、今一、演出物語足、jk四人騒。、毎回矛盾、見続退屈感。直観快適。,neutral,bangumi,比宇宙更远的地方
回复 bili71728351012 一个叫小太刀右京的人，是上篇的编剧，也是下篇的编剧之一。他负责编剧的一些动画有相当多人不喜欢，所以口碑不是很好。,negative,bilibili,命运-冠位指定 -神圣圆桌领域卡美洛- 后篇 圣骑士银之臂
一部标准好的剧场版，既有作画又有故事，故事可以说是有表又有心，表指能让大多人简单理解发生了什么，心指这个故事里面也有能挖的东西。不过也有我看老uctv也有的问题，重故事发展但情感上不来，还有全剧唯一真史最神必的情节哈萨维杀珍，葵丝我都不觉得有多恶心，这个是真的把我恶心坏了，还有nt在洗甚至把问题怪在珍身上就更恶心了。除去这些问题逆亚就真没毛了,positive,bangumi,机动战士高达 逆袭的夏亚
终于补完了，感觉心之壁又厚了。（bushi）总之是终于在国内剧场版上映前把旧tv看完了，好久没有这么集中看番了，尤其是还在现充生活比较忙的情况下，抢在睡觉和吃饭的时候看番，啊，终于看完了。把神作补全了，在我心里八分作，情怀和时代加一分。看到最后比较喜欢的是美里、香香、律子还有那个喜欢律子的研究员。两天连看十多集eva感觉精神都要被污染了。但这部动画依旧非常美，无论是表现形式还是它的内核。我不敢说看懂了eva，但它无疑是美丽的。最后吐槽一下刚开始看eva的时候感觉最喜欢碇真嗣，然而真正补全之后确实是对真嗣喜欢不起来了。,positive,bangumi,新世纪福音战士
回复 murochin 嗯，只有直条式意大利面是这样下锅的煮水加油盐，水滚开了撒花散开插入意大利面,negative,bilibili,在下坂本，有何贵干？
回复 ATMTMP 别杀了别杀了，阿伟已经死光了,negative,bilibili,异度侵入 ID:INVADED
"把代码禁咒拖到抛弃偏见的一天再看是个好主意，还得谢谢30和Y呢
日式TV动画史上drama的巅峰",negative,bangumi,Code Geass 反叛的鲁路修
治愈动画 没想到是用哀来治愈的 我没有流泪 我只是沉默的 哀而不伤的点开下一集 克制的 只是在展现 展现人间冷暖 展现幸福离别 展现得与失无论是幸福也好 痛苦也罢 都是世间命运给的结果 而作为虫师 是故事的参与者 也是芸芸众生对无可奈何之事感叹的旁观者 旅途会继续 我会见识越来越多奇妙的故事 悲伤的故事 到头来只能是无奈 我很喜欢英语简介中对虫的描述simply being 是的仅仅就是简单的生物， 人与虫的纠葛是事实 更是无奈 不幸的造成到底是谁的错呢 处处充斥着无奈 随之心也平静 无论谁的旅途中 遇见不幸之事时 前面感情有多饱满 最后都是以能奈何来结尾 既然虫与人终会交织 虫的的确确存在于此并非个人意愿所能改变 如此想想 多少对人生旅途有了些许宽慰 去接受 去接受,positive,bangumi,虫师
回复 Vengiher 但整个UW篇下来，你见过第二个贝库达的迷失者吗？,negative,bilibili,刀剑神域 爱丽丝篇 异界战争 -终章-
伊扎克的cv关智一啊,negative,bilibili,Fate/Zero 第一季
这里的人是ed,neutral,bilibili,夏目友人帐 第七季
因为游戏走死进入了铃羽线，又只有一个存档。本来想看小说缓缓，结果找到了这个，故事很精彩，以为会是个平淡温馨的故事，后面却高潮迭起，最终主角终于实现了自己的愿望，命运石之门原来是真的存在的。喜欢OP1和2，和23集那个游戏op,positive,bangumi,命运石之门
van,neutral,bilibili,魔女之旅
等等，薰是找心灵终结的cn情报员打听的吧,positive,bilibili,四月是你的谎言
Teleport,neutral,bilibili,魔女之旅
AED拉面是吗，电死又电活,negative,bilibili,颂乐人偶
英灵是可以当多重阶职的，R姐骑阶也可以成为术阶被召唤，狂阶是b叔最弱的状态,positive,bilibili,Fate/stay night [Unlimited Blade Works] 第一季
朱雀真的有明确自己的理念方向吗？想在王国内部进行温和派改革，却没有自己的改革方针。武装斗争，哒咩哒咩，长官下令，yes，sir！yes，sir！第一季对于朱雀的塑造肯定是不满意的，看第二季是神回频出还是一烂到底？怎么又是因为童年阴影，不重视自身，认为生存意义是帮助他人，从而救赎自己的角色，幻视士郎了，怎么刚从蘑菇的毒手逃出又来了一个大河内。一开头以为请代笔了，直到熟悉的多角感情戏出场，才发现果然还是原汁原味的大河内。不吹不黑的讲，大河内发挥比写星空清理者时强多了，这下真要怀念最好的大河内了。第一季结尾朱雀还没给回应就断章了，该死的大大大大大大河内每个转折点都挺出乎意料，很期待第二季要怎么写了，鲁鲁修的结局也太出名了，还没入宅时在网络上就已经大火特火了，如果没被剧透的话，看到结局时肯定会很惊讶吧，不过还好只被剧透了结局，其他的内容还是可以爽看的,neutral,bangumi,Code Geass 反叛的鲁路修
我是长期siuuuuu世，为什么要演奏CR影？,neutral,bangumi,mygo
这十分只为献给last dinosaur,positive,bangumi,FLCL
kono迪亚波罗是不会因为这点小事而败北！,negative,bilibili,魔女之旅
还有p5的mona猫猫,positive,bilibili,JOJO的奇妙冒险 星尘远征军
虚假的c团死在雨天 真正的c团死在春日,negative,bilibili,颂乐人偶
SO嘎,neutral,bilibili,比宇宙更远的地方
I am afraid,negative,bilibili,四月是你的谎言
这是在做oc或者自设吗,neutral,bilibili,魔女之旅
ywy,neutral,bilibili,四月是你的谎言
DNA動了的聲音,negative,bilibili,比宇宙更远的地方
我鲤夏姐姐咋变真2d了,positive,bilibili,鬼灭之刃 游郭篇
直到现在我也没搞明白港译为什么要翻译成男儿当入赘不对，是入锥还不对，总之港译的念法很怪bgm38,negative,bangumi,灌篮高手
最后杀过无辜的人的都死了也算加分吧，要是有杀人凶手最后还没被制裁那就fifa了！还有L刑讯逼供之前都是满分，但你L也fifa了那确实没意思了，后面L死了更没啥看的了垃圾时间了。,neutral,bangumi,死亡笔记
20260403，确实是看晚了，故事节奏对话编排都看得舒适。ep3男主莫名很像排球的影山，这俩动画还都是ig做的。,negative,bangumi,强风吹拂
No （尖叫版）,negative,bilibili,Angels of Death
当你追的剧Be,positive,bilibili,夏目友人帐 第七季
Zaphkiel！Yud,neutral,bilibili,约会大作战 第四季
再见了，所有的GUNDAM,positive,bangumi,∀高达
七分滚粗不能再高了，首先中间20集可以删了，其次是很多地方逻辑不通，除了村官就是刁民，要不就是志愿冷水洗内裤的女人，主角也没有高光，高光全是大小姐的，最后boss更是完全看不到主张是什么？唯一能给出好评的就是第十话值得一看，最后一集MV剪得还行。最后支持莉莉登基,neutral,bangumi,∀高达
三刷又被感动了一遍，私心83，加上优质（神人）二创，割去傻逼mujica给满分。,positive,bangumi,mygo
音乐is自由！,positive,bilibili,四月是你的谎言
不小心做对压轴题的你VS永远只做压轴题的学霸,positive,bilibili,鬼灭之刃 柱训练篇
perfect,positive,bangumi,星际牛仔
回复 1DComeBack 小羊在转天里配的谁啊,negative,bilibili,mygo
在演出和叙事上几近无可挑剔的剧场版。长门有希诞生了感情，而将选择权交予阿虚，阿虚则对凉宫春日世界以及自己进行了透彻的审视。不仅完美回收了tv铺垫的时空伏笔，更借由阿虚的自我审视强调了主题，热烈地打破常规的日常并创造有趣。现在回看，其实之前看完06版之后再把09版的ep8看了就能直接看消失了，毕竟09的叹息在凉宫春日的塑造上造成了无可挽回的负面刻画。倘若我没看过09版，或许真的会完全认同阿虚的选择。现在的我也不至于反对阿虚，但是多少还是觉得长门有希有点可怜了。,positive,bangumi,凉宫春日的消失
熊二怒吼hhhhhhh,neutral,bilibili,Fate/Zero 第一季
oVo,neutral,bilibili,Angels of Death
少佐诶嘿，名刀CD好了,neutral,bilibili,紫罗兰永恒花园
V n U n U,negative,bilibili,少女乐队的呐喊
BGM骤停,neutral,bilibili,约会大作战 第四季
"花费近一年时间终于看完，相比于剧场版，更聚焦于刑侦与作战，对科幻主题思辨的讨论有所减少。相比于剧场版仅能简单讲述一个故事，TV版可以用更多的单元回补充背景、丰满人物。公安九科的团队配合、作战手法、相互之间的信任等表现也符合我对赛博朋克世界观中英雄小队的想象。
看完之后感觉结局略显平淡，可能是因为我在期待一些超展开 打9分是因为感觉有些地方还没有完全理解，有机会重看的话应该更能梳理整个故事线。",negative,bangumi,攻壳机动队 STAND ALONE COMPLEX
2022 top 1，建立了轻百乐队番的又一个王朝,positive,bangumi,孤独摇滚！
（92）和平的背后是体制的战争，冷静的叙事中藏着对政治的深刻思考。押井守在plb2中的发问在今天仍有极强的现实意义。,positive,bangumi,机动警察剧场版2 和平保卫战
Archer快够,neutral,bilibili,Fate/stay night [Unlimited Blade Works] 第一季
yuki，suki，kekkon！,positive,bangumi,凉宫春日的消失
teacher,neutral,bilibili,魔女之旅
整体观感很棒，随着主角的不断成长，慢慢推动剧情，放到现在可能是显得很典的热血系，但是有头有尾完整的讲好了一个故事，就很不错了。唯一槽点就啊是前期观感有点碎，压抑的世界观，莫名其妙的战斗，合体还有战力。大哥还是个纯热血笨蛋，要是没庸子真的很难看下去（庸子真的是又帅又涩又可爱，本作最喜欢的角色，也是前期看下去的动力），到了中期开始解剖世界观，虽然战斗全都靠气势（唯心bushi），但是还是非常燃，作画方面没得说，张力拉满了，战斗场面也毫不吝啬。结尾也是毫不拖沓，总结就是从头热血到尾的机战燃系作品。特别容易激起情绪，嗯，总之蛮不错的。,positive,bangumi,天元突破 红莲螺岩
回复 templar 国王排名表示很干,negative,bilibili,约会大作战 第四季
"偶然听到石川由依翻唱的「名前」，顺便补个标。
快进着过了一遍，这首歌居然没在电影里出现过，只出现在OST里（话说主題歌和有啥区别啊）。倒是它的纯音乐版本「日川」在电影中一直出现（1m 49m 1h29m 1h58m）。挺喜欢这首歌的，要是当初加进去就好了，就放在千寻和白龙分别的那一幕，感觉非常完美。",positive,bangumi,千与千寻
heres mortis！！！,neutral,bilibili,颂乐人偶
回复 孤屿sad 10086，吹爆王大头,negative,bilibili,在下坂本，有何贵干？
在本心方面，以愤怒为底色，把对不公和从众的抗争贯彻到底，仁菜是对的。在搞乐队方面，相比商业上迎合受众大卖的乐队，有个性和独立主题的乐队在立意上更高远，仁菜又对了。我不是不能输，但我不能违背我的本心，以及内心中燃烧的愤怒我要尽我所有的力量，即使不能把一切打碎，也要用全身的刺给你们留下伤痕。对我而言，的灵魂，这位不讨喜的正論，无疑是摇滚精神的绝佳体现。很喜欢本作的仁菜part（ep1，ep10，ep13等），配上优秀的画面和曲目，情感演出非常精彩。乐队题材是适合写群像剧的，本作的人设也非常好，然而另几位主角有点可惜，除了桃香刻画稍多，看得出还有很多内容没有展开（展开好不好另说了）。还是仁菜，一边大喊大叫，宣泄情绪，竖起小指；一边到处用佛像周边（？），在群聊里发佛像感谢表情包，这怎么能不算是另一种霹雳手段，菩萨心肠？,positive,bangumi,girls band cry
无惨不能在ed里摘一朵蓝色彼岸花吗（,positive,bilibili,鬼灭之刃 柱训练篇
回复 Amy丶Dragon,negative,bilibili,Fate/stay night [Unlimited Blade Works] 第一季
Storm Crew（幻视）,neutral,bilibili,少女乐队的呐喊
按现在的汇率，差不多是一万rmb，如果还有别的yt激励感觉相当不错,positive,bilibili,少女乐队的呐喊
"6月24日星期日，古典部四人齐聚千反田家讨论冰菓事件真相，并得到一个初步结论。不过，千反田的疑问还是没有完全解开。从下集预告的标题来看，事情似乎也没这么简单。
这一集中我们见识到了在阵出地区拥有很大庭院的千反田家宅，不愧是富农大小姐动画前几集夕阳斜照下的部室以及阵出地区下雨的场景很漂亮，与古典风格的bgm也很搭，这也是冰菓的魅力之一",positive,bilibili,冰菓
leimu,neutral,bilibili,四月是你的谎言
猗窝座SO：当然担心，担心死的不是你。,neutral,bilibili,鬼灭之刃 刀匠村篇
By 阿橴桑,positive,bilibili,四月是你的谎言
h h h h h h h,neutral,bilibili,Angels of Death
dividual、individual、dual单元不再割裂，核心事件全程挂钩：1结尾致敬95开场饱食懦弱所谓看透真相猫眼捏他4合田，意外抑或针对难民的阴谋久世的暗杀？6核事故黑幕，漏洞剧本运送，九课是饵，借刀激化所谓素食，被操纵的情报与一课9人狼炸弹袭击，对话虚拟合田，仇恨链条已经开始陀古萨逆天失误不缴械，合田煽动的讼棍，素子上身解围，九课私刑天谴11松本淳影像最强单集，中村悟作监，草迷宫文学典故，无罪哈拉维形象店主，素子爱情故事，千纸鹤,negative,bangumi,攻壳机动队 S.A.C. 2nd GIG
AiCu,neutral,bilibili,魔女之旅
高柳de肉嫁,positive,bilibili,四月是你的谎言
"回复 小走君 实际上后面因为梅普露又强，又萌，又可爱促使了大量新生玩家并激励了大量的玩家氪金而被当做看板娘了
理论上还行。首先她没有利用外挂，没有恶意使用游戏漏洞而且也不会利用BUG级别的力量去恶意PK。她的成长刨除我们作为观看者的视角来说就是极致欧皇，如果因为一个人欧皇的太严重就针对个人
换位思考一下，你玩游戏没触犯任何规则就被针对的话",positive,bilibili,因为太怕痛就全点防御力了
风遁大瀑布术dog,negative,bilibili,工作细胞 第二季
她回头了，赶紧摆pose,negative,bilibili,少女乐队的呐喊
一想到mo老师顶号上来，发现抱着一把不会谈的吉他，只能顺势老戏骨上身把它放下，我就想笑,positive,bilibili,颂乐人偶
好像vrc里的个人镜啊,neutral,bilibili,约会大作战 第四季
刻在BGM里的DNA,positive,bilibili,约会大作战 第四季
"与其说是细腻不如写作温情的smallday。故事建立在人与人能够相互理解的基础之上，哪怕仅是小孩子的家家酒照样可以演绎精彩。气音ptsd英配依旧顶     
作品比较挑人，大概学生时期自卑又自负的别扭阴角更能共情些，就当是给那段不甘的懵懂画条if线罢。但即使re真的存在我估计仍会挤在照片的边角低头抿嘴。毕竟主导权攥在飘渺的亚麻哒手中，无法传递到的连自己都没察觉的爱才是边缘人的常态见识到了bgm打分的阴暗面，只要不被跳脸他人的评价与认同真有那么重要吗，感情用事胡乱刷分多少有点神经质。高质量的辩经比那些浮动的数字有意义的多。",positive,bangumi,我心里危险的东西 第二季
血腥的Air，和“你真恶心”的真心为你,negative,bangumi,新世纪福音战士剧场版 Air/真心为你
"辛苦自己了，终于看完了。
Z跟0079虽然剧情相接但实在是风格迥异的片子
卡缪终究只是一个有天赋上限ACE级的少年兵，指望他成为骡子那样一人左右战争局势的高达驾驶员还是要求太高了
不幸的是卡缪本身是一个敏感而脆弱的人，偏偏拥有洞察人心的最强NT之力
难怪最后几集才开始觉醒，因为一旦觉醒而转化战力
卡缪直接精神崩溃了，但从NT来讲，他确实是最强新人类
Z基本就是这样一个少年兵在战争里沉浮无法自主的战争悲剧故事吧

PS：战场谈恋爱，莫名奇妙感性戏，阻止友军攻击造成更大伤亡，骂卑鄙的大人然后意气用事，意气用事后意外手刃心爱之人，NT聊天室，宇宙男女裸漂鬼，相互理解，神棍之力解决机战战斗
UC才是高达不幸的源头",neutral,bangumi,机动战士Z高达
opus地球计划,positive,bilibili,比宇宙更远的地方
不愧是商人hhh内心波涛汹涌，表面风平浪静hhhhh,positive,bilibili,关于我转生变成史莱姆这档事 第三季
实力没得说，其他还拿武道馆目标呢emm,positive,bilibili,颂乐人偶
回复 秋风uoz 爆米花一桶20块 ，快乐水15升15块。如果买全家桶还有打折,negative,bilibili,盾之勇者成名录
oi！,neutral,bilibili,JOJO的奇妙冒险 石之海
在第一季的热血战斗、第二季的悬疑之后，迎来了第三季 Part 1 的政治斗争也确实展现了谏山创的创作能力，什么都能写。「攘外必先安内」，从情节合完善性以及叙事节奏上都必须有的一季，也是在为 Part 2 的爆发做了铺垫。可政治斗争戏码本身，即使放眼ACG界可能已经相当优秀，但以我对本作的预期来讲，还是有些乏善可陈、略显儿戏了（似乎有动画删减过多的原因）。最好将其视为纯粹的文戏季度，毕竟中间几集呈现了本作迄今为止观感最差的动作戏，连画面表现都很平庸。世界观的真相推进了不少，虽然几乎都在狂抛设定，缺失了 S1 那种徐徐展开的流畅感。对肯尼这个传奇角色的塑造，以及意味深长的亡语，是 S3P1 最具看点的地方。结尾大战将至的欢声笑语暗藏了一种悲壮，角色们越开心，我便越揪心一分。故事向着最高峰一去不返，就看 S3P2 是否足够震撼了，已有此预感，令人期待。,neutral,bangumi,进击的巨人 第三季
"枪勇这里变得突然很强，我来补充设定：
在第一季勇者会议时，勇者们因为所了解强化方法的不同而相互争论和怀疑，但是其实他们的强化方法都对圣武器有用，而且可以叠加，但是必须打心底的相信彼此说的话，圣武器才会显示该条强化方法（所以菲洛女王才让勇者们相互信任）。盾勇是最先相信他们的，而且第二季时又发现眷属器勇者的武器强化方法也是通用的，才会变得很强。而枪勇把盾勇当做岳父，那自然是无条件相信。而且盾勇打那两条杂鱼时，同伴和自己身上有诅咒和debuff，所以很困难。",positive,bilibili,盾之勇者成名录 第三季
诶，怎么没声音啊png,negative,bilibili,少女乐队的呐喊
比起tv更喜欢air,negative,bangumi,新世纪福音战士剧场版 DEATH(TRUE)2/Air/真心为你
回复 白月魁qwq ko no 迪亚波罗哒,negative,bilibili,关于我转生变成史莱姆这档事 第二季
真是浪漫而震撼的结尾！画面如烧钱般绚烂，有眼白的布莱特看着好奇怪，NT小朋友们的行事逻辑还是那么异于常人；各种名场面大放送，合着全吉翁都知道总帅的XP吗（）在结尾，面对夏亚诉诸极端行为的革命，阿姆罗等人虽实现了短暂的相互理解，完成了人道主义的奇迹，但联邦的腐朽与堕落终究无法避免，beyond the time之后仍是无力与迷茫。,positive,bangumi,机动战士高达 逆袭的夏亚
wc，这么强,positive,bilibili,mygo
TVB 翡翠台,negative,bilibili,四月是你的谎言 粤配版
"A班：大佬无法共存互怼班
B班：和谐发展共赢未来班
C班：凶狠大的人说得算班
D班：反正你们爱怎样就怎样我随意班",positive,bilibili,欢迎来到实力至上主义的教室
为什么急了呢，get不到啥意思,negative,bilibili,少女乐队的呐喊
8vO,neutral,bilibili,Angels of Death
King！！！周防尊！！死去的回忆啊啊啊啊,positive,bilibili,夏目友人帐 第七季
Woc冰,positive,bilibili,少女乐队的呐喊
学学mjk,positive,bilibili,少女乐队的呐喊
azhe,neutral,bilibili,四月是你的谎言
lang sam,neutral,bilibili,间谍过家家 粤配版
回复 NEKOMIMI 早完结了,negative,bilibili,转生成蜘蛛又怎样！
回复 MikuMiku初音喵 只要她愿意，不是正常长大仁太也会和她在一起，纯爱至死不渝,negative,bilibili,我们仍未知道那天所看见的花的名字。
b i l i b i l i 译 制,negative,bilibili,魔女之旅
"天呐是第二季还有26集！我们有救了！
怎么感觉律队升上三年级反而变萌了，之前都是给人酷酷的感觉
总觉得三年级就只有轻音部这几只没长大呢，想想都是三年级的学姐了
我是在这部番放送第18和19集之间出生的
轻音男主是吉大无疑了
到底有多少人和我一样选择看完超炮之后马上来看轻音的，B站弹幕里面两季全都是超炮的梗
不是京阿尼你这细节有多少啊
HTT赛高！
虽然迟到了十五年，但是能遇见轻音真好啊，特别我还是在这部番播出的时候出生的",positive,bangumi,轻音少女 第二季
apt立场全开！,negative,bilibili,少女乐队的呐喊
依旧顶级的剧情，惊人的转折，完美的线索收束，九课与少佐双线调查的条理也足够清晰。剧情中有多处对95攻壳电影的致敬，但有着更严密的剧情导向，依然延续了sac前两季的风格。内核思考既有前作的sac，似乎也掺杂了电影的ghost in the shell。主线的展开受限于篇幅原因，不及两部前作震撼，但仍是绝佳的科幻杰作。,positive,bangumi,攻壳机动队 S.A.C. Solid State Society
真好看，本渡枫yyds，第二季gkd,neutral,bangumi,魔女之旅
酣畅淋漓，第二部分的DEAD END的魔大陆冒险之旅，节奏真的是太好了，哎，如果三人小队可以像全职猎人那样一起冒险个100集就好了。短短十几集把瑞杰路德这个角色写活了。战斗画面经费更是爆表，真心看爽了。有2点遗憾，三人小队没有经历过猎人考试一样的东西。还有就是没有真正意义上的最终BOSS大决战，最后三人在故乡枯萎的树下分别，心中真的是有一种淡淡的伤感。,positive,bangumi,无职转生～到了异世界就拿出真本事～ 第2部分
回复 GEOTCBRL 毕竟是姨婆啊,negative,bilibili,辉夜大小姐想让我告白？～天才们的恋爱头脑战～
重温重温大概就好几年没重温了。56年？  虽然一直都在重温漫画漫画在我心中是最牛的。但是在重温动画。还是觉的不错，不带童年滤镜的那种弄，虽然崩的地方也挺多的。但是我还是看的津津有味的永远爱SD,positive,bangumi,灌篮高手
666还是个逗m,negative,bilibili,魔女之旅
mortis头发每日一乱,positive,bilibili,颂乐人偶
这个敲门声让我想起了FBI,negative,bilibili,工作细胞 第二季
"its better to burn out than to fade away 
与其苟延残喘 不如从容燃烧",neutral,bangumi,girls band cry
Hasaki,neutral,bilibili,比宇宙更远的地方
回复 maidenzed 醒醒，解药研发75了,negative,bilibili,因为太怕痛就全点防御力了
这头像是CSGO里的CT吗,negative,bilibili,少女乐队的呐喊
popo子声线,negative,bilibili,比宇宙更远的地方
philosophyraws,negative,bangumi,攻壳机动队 S.A.C. Solid State Society
ohhh,neutral,bilibili,比宇宙更远的地方
Overload怎么也来了？,neutral,bilibili,葬送的芙莉莲
这里有个细节，睦一直叫祥子saki，喵梦叫的sakiko,positive,bilibili,颂乐人偶
我觉得，不用把saber说的那么可怜吧。一开始在大帝说自己想要肉体的愿望之后，也是saber否定说“这种愿望，并非王之道”，大帝说“那就谈谈你心中所想吧”，于是saber开始说自己心中所想，并不是你说的saber被面试的感觉啊，就是一个正常的交流过程，也没有什么苍白的辩解，恰恰相反，saber的气势一直是很足的，中间大帝和闪闪交流的时候，也是saber发问“你认同圣杯的所有权归属他人，却还要以武力争夺吗？”他们就是王者之间的交流，后面saber与大帝吵起来，saber也没有输啊，只是认为大帝说的确实有道理，大帝从另一个角度对她国家的灭亡作了解释，这是她之前没有思考过的。我觉得，saber到最后，不是一个输了的状态，她只是在反思。大帝的王道给了她另一个思考问题的角度，她需要时间去理解，去反思。这正是saber作为王的胸怀，并不是刚愎自用，而是思考反思。,positive,bilibili,Fate/Zero 第一季
回复 PorridgeNoHead 大概是为了射箭的时候看清靶子？,negative,bilibili,Charlotte
不用演就是满满的破碎感，刚好契合了乐队的theme,positive,bilibili,颂乐人偶
并不是很宏大的“革命”，演出十分的抓眼球，每个篇章都有独特的表现手法，只是决斗都是换汤不换药，多少都会让我感到乏味，而且最喜欢的篇章竟然是两个女主塑造最少的黑蔷薇篇，进一步补完学生会众人的心结的表现很不错，中期注水过多，到终章反而疯狂加速，感觉是上世纪动画片的通病，最后短短几集安希的态度就跟陀螺一样疯狂转，最后发生了革命的安希踏出前往新世界的第一步，立意是十分不错的，只是经过了前面38集的洗礼终究还是没能喜欢安希。整个故事框架都在时而晦涩时而直接地提及女权问题，作为女主的utena也充分地体现了独立、依存以及反传统，逐渐转变为女性又坚定自己成为王子内心的utena是个十分值得品味的角色。最后，感觉staff不知道写什么了就会去恶搞70，有点恶趣味了,neutral,bangumi,少女革命
Mappa我们已经尽力在c了，无奈作者不重视自己的亲人，我们也没办法,negative,bilibili,咒术回战 第二季
回复 Sanemi酱天下第一 那就4部剧场版,negative,bilibili,鬼灭之刃 柱训练篇
补  才发现居然没给宇宙神作母鸡卡评分，想说的其实不多，在mygo的短评里写过其优点在于整活和没活取得了不错的平衡，与母鸡卡的缺点对比鲜明：平衡被打破，为了整活不择手段。   如果要总结的话，母鸡卡就是堕入了最无聊最狗血的「三流都市情感剧」窠臼，声泪俱下的情感爆点能幻视出一万种“XX卫视正在热播”的荒谬感。   当然对我来说没那么意外，本来mygo就是走钢丝取得的成功，或者说是这类型下极少数打破我刻板印象的的作品，所以母鸡卡越看越是感叹终究还是那些东西。,negative,bangumi,颂乐人偶
满分 给 TV 124 AIR；0分给 TV的2526；6分给真心为你，平均一下，9分,positive,bangumi,新世纪福音战士剧场版 Air/真心为你
homo无处不在,positive,bilibili,比宇宙更远的地方
WC，cs啊,neutral,bilibili,颂乐人偶
回复 agent黄 草hhhhhhhhhhhhhhhhh,negative,bilibili,JOJO的奇妙冒险
嘎啦game里不是这样的,neutral,bilibili,少女乐队的呐喊
一死三重伤。end。。。,negative,bilibili,比宇宙更远的地方
“根要扎在土壤里，和风儿一同生存，和种子一起过冬，与鸟儿一同歌颂春天。”宫老以“献给孩子们，也可供成年人欣赏”为创作理念、以“少年为了梦想而拼搏的冒险”为故事主干创作出名为《天空之城》的“19世纪科幻小说”。自然与工业、和平与战争、圣子与野心家毫无疑问，这部作品是《风之谷》的延申，独立、善良、勇敢的巴斯是这部作品的“娜乌席卡”，园丁机器人则是宫老的化身，“护花英雄”的自我认知延续到了未来的《红猪》中，以一种更炽热的形态传达给观众。为了制作本片，宫崎骏去英国威尔斯地区采风，恰逢英国矿工大罢工，作为左翼人士的宫老便决定将此事融入到电影中。以庵野秀明、新海诚为代表，“Laputa”的故事对后来的日本动画人产生了深远影响，同时押井守认为本作是宫崎骏完成度最高的动画，表示“明知是谎言更要大胆去做，唯有这样的作品，才配叫动画电影”。,positive,bangumi,天空之城
有些人文写得不错，至于其他部分：1、意识流略微滥用，仅仅11集复用的片段就占了不少。2、过多的导演风格化导致一些片段尤其是动作戏的观感比较割裂（不限于PPT和不必要的切镜）。3、无论是球桌上还是场外的刻画都没有很好的突出乒乓这一项运动的魅力。4、围绕主角二人的天赋包装起来所谓的成长故事显得其他运动员的努力显得十分廉价（其实也并没有多少成长，只不过是天赋哥开始想认真打球罢了）。5、运动的外壳，“生活”的内核，但却塞进来了非现实的主角二人（长期使用容易坏手感的放水打法、抽烟酗酒暴吃甜食开摆回来即便受伤了也能拿好成绩），观感多少有点违和。,neutral,bangumi,乒乓
hina在笑小孩姐退学后也有自己想要追逐的，在好好生活吗www,positive,bilibili,少女乐队的呐喊
回复 climax巅峰 你刀我,negative,bilibili,JOJO的奇妙冒险 星尘远征军
学（chi）到了,positive,bilibili,约会大作战 第四季
vocal ！！妈妈真的很爱宫生！！！呜呜呜呜呜呜呜呜呜呜 大型泪目现场！！！！,negative,bilibili,四月是你的谎言
第8集达到情绪最高点，后续不能说不好看，但是总感觉差一口气；第9集tomo回，感觉就是小孩子不会说话，情商低了；第10集跟父亲和解，情感表达感觉太含蓄了，对我没太大触动；11音乐回，歌感觉一般，没mv画面好看；第12集给13集垫了，希望能来个大的,positive,bangumi,girls band cry
2025731重看想要改变的抗争是CG最青春且具有价值的部分,neutral,bangumi,Code Geass 反叛的鲁路修
略微冗长，精简15到20min把故事讲更紧张点会好很多。愿世界和平。,neutral,bangumi,机动警察剧场版2 和平保卫战
回复 呼啸风生 乐队里两个是c队成员，4个在mygo时有重要戏分，你觉得呢，本来mygo最后几集就是讲母鸡卡，你应该说mygo是不是母鸡卡序章,negative,bilibili,颂乐人偶
在价值观层面的讨论之外，SAC让我感动的还有对素子、巴特、陀古萨、荒卷，甚至塔奇克马等个体的塑造。“公安九科不信奉团队合作，只有个人行动的结果”这句话我想是对本片最好的总结，因为每个人都在实现自我价值和探索存在意义的路上，从stand alone走向complex。最触动我的是塔奇克马，在好奇心的驱使下完成了从无机物到拥有ghost的个体的进化，ep25看得我稀里哗啦的。相比笑脸男主线，我更偏爱单元剧部分，虽然手法上用了大量的留白和隐晦描写，但是在20分钟的时间里所讲述的一个又一个哀愁实在令人满足。此外，比起势力间的角斗，政治戏的部分把重心更多放在人与人的碰撞上，也是一种相当精彩的处理方式。26集TV动画承载了太多表达内容，却又能在有序推进中一一捡起，全部看毕的我的思绪也跟本片一般，凌乱、语无伦次却又有似乎有迹可循。,positive,bangumi,攻壳机动队 STAND ALONE COMPLEX
"彻夜（时差）赶写出来的感想，如果可能还请帮忙让更多人看到

温馨提示：由于“外传”性质，这部剧场版对于粉丝和新人都很友好。故事的时间线发生在动画第六集之后。今年4 月 24日在日本上映的全新剧场版才是TV结尾的真正延续，祝您观影愉快

这是一场充满温柔与决意的“复仇”，因为自己早已一无所有，叛逆的她便发誓要让妹妹在这个残酷世界中获得幸福，哪怕代价是成为与自由无缘的笼中鸟

这是一句妙不可言的魔法“咒语”，哪怕两人天各一方，只要呼唤各自的名字，就能使寂寞与彷徨烟消云散，她们的祈愿与羁绊亦会永不消逝

在日渐浮躁的娱乐氛围下，我们乐此不疲地追求着剧情“爆点”与“反转”，以及无需多加思考的感官刺激。然而“紫罗兰永恒花园”及其外传则向我们展示了一个道理：即使不借助错综复杂的情节；天马行空的想象，或者纠缠不清的情感；一段描绘着戎马少女成为人如其名般女性的心路历程，一个探索着“爱为何物”的王道故事直到今日仍然可以紧紧俘获观众那颗渴望被抚慰的内心。也许会有朋友会对这种缺乏话题性的朴素剧情觉得拖沓与无聊，但相信只要静下心来，亦会多少体会到这份返璞归真的温暖与感动

毕竟我们我们可以在快意中短暂地逃离生活，但是一个坚信爱的确存在 并身体力行的故事却能让我们再次相信生活，回归生活并享受生活

当主人公薇尔莉特成为了独当一面的“自动手记人偶”，用冰冷的假肢来传递炽热的信念时，我们也得以借着她的视角在外传中见证了一对命运多舛的姐妹。两人亦因为薇尔莉特的出现得到了成长与救赎。艾米告别了宛若行尸走肉的生活；打开了心灵之窗的她明白，与其怨天尤人，固步自封，找回自己的她也可以在难以抗拒的现实中找寻新的生存意义。而泰勒通过短暂“实习”也明白了自己“传递幸福”的理想背后的责任，自己所需要的努力以及幸福真正的含义

也许会有观众会对结尾感到有些遗憾，但是这何尝又不是一种值得期待的希望。我们有理由相信，等两人走出迷茫与黑暗，有朝一日定会再次相遇。名字让阶级不同的姐妹分道扬镳，但也成为了她们不灭的纽带

电气时代即将开始，然而信件中那触手可及的浪漫，厚重与感动却是无可取代的，毕竟那些将”永恒“所定格的信

“没有一封是不值得送达的”

铭心刻骨，真情似海望而却步
见信如晤，怀抱思念再踏旅途

期待我们在下一部剧场版有缘再见",positive,bilibili,紫罗兰永恒花园外传：永远与自动手记人偶
这个ning neng我爱了,positive,bilibili,四月是你的谎言 粤配版
iphone11所以lcd,negative,bilibili,少女乐队的呐喊
找soyo有个g8用，找爱音还差不多。,negative,bilibili,颂乐人偶
回复 xlucyxlcy 是谁呢？可以介绍一下那个人吗？是个怎样的人？我很好奇，是否可以聊一聊？,positive,bilibili,鬼灭之刃 游郭篇 中配版
CQC 战 术 防 御 措 施  预警高能,negative,bilibili,魔女之旅
前面所有的铺垫带来了最后几集的情绪爆发，看到最后的一幕有种强烈的空虚与不舍，感谢ARIA带来的感动 真想生活在这样温暖的AQUA中啊,positive,bangumi,水星领航员 第三季
黑长直，紫瞳，鼓手，JK，你是？,negative,bilibili,少女乐队的呐喊
aoe,neutral,bilibili,比宇宙更远的地方
义勇os：“我不配当柱”说出嘴的：“我和你们不一样”,negative,bilibili,鬼灭之刃 柱训练篇
抛开一流op，作品本身5分1分（矢岛晶子和折笠爱）2分（眼镜黑皮bitch到倒数第二集还在pua是真恶心）4分以为这就是又一乙女神逻辑完结了怎料最后1集“深海王”黑皮男道出“我过去也是这样的，认为一心一意是有价值的，认为这是改变世界的惟一办法，但光凭一心一意什么都改变不了，毕竟只能以依存他人的形式活着罢了，为了获得改变世界的力量我付出了很大风险，这就是所谓的‘世界’”为此2分世界观点明“革命”拉回6分。然而通篇3倍速嫌慢、25集后开始全男过基（乙女马脸）、33集女主总集篇内本番、最后被刺对比凸显浪客剑心志志雄刻画真得好、前面第n集“你居然打我我妈都没打过我”等前后世各种梗既视感，6分勉强ok。真就七实属于几年后的舞hime搞笑担当的前辈了。眼镜黑皮荣登千番中最恶心黑皮榜首，2月29日生日14岁大概是56岁的实龄真是虚伪至极,neutral,bangumi,少女革命
HOOO,neutral,bilibili,魔女之旅
回复 NiHils 我不做人了,negative,bilibili,NO GAME NO LIFE 游戏人生
Tai bun la,neutral,bilibili,比宇宙更远的地方
我当年的评价是「因为各种大人的原因，R2烂尾了本来还是三分天下呢」，现在看来或许该修正一下。第二季因为50集压缩成25级应该少了不少内容导致有些地方展开得过于突然，但是大框架还是立住了的。前面8集和最后五集都非常好，中间中华联邦、教团相关剧情赶了点。,positive,bangumi,Code Geass 反叛的鲁路修R2
回复 DEARLiYF 20年就上映了,negative,bilibili,工作细胞：细胞大作战
p5,neutral,bilibili,魔女之旅
"ep3屌炸了，超级叙事超级节奏超级演出超级音画和谐超级声优演绎，80

整体发挥都很牛逼，83",positive,bangumi,异国日记
回复 XxXbd4aKc 结合第八话看,negative,bilibili,少女乐队的呐喊
ky一次沐跪子和祥子一样,neutral,bilibili,颂乐人偶
Java从入门到入土,neutral,bilibili,魔女之旅
85。新时代本格偶像动画的起点，经典的主线里穿插个人回和日常回  个人回的脚本质量参差不齐啊，相比个人成长的单元剧情显然还是写一些欢乐日常更深得人心吧。Ep5、Ep8、Ep9、Ep20比较好看，但是跟961社长沾边的剧情总是为黑而黑  Ep21，初代krkrdkdk？ Ep23、24全剧神回，放在所有偶像动画里也难有可以望其项背的单集。天海春香，伟大的性格！,positive,bangumi,偶像大师
ykn,neutral,bilibili,少女乐队的呐喊
“即使人类总是重复着同样的错误，我依然相信人类的可能性！”机动战士高达版《风之谷》，富野“上下手构图理论”的集大成之作，结尾的奇迹之光是日本商业动画史上浓墨重彩的一笔。片尾曲“宇宙越”激昂大气，性感的机械设计让CCA的打戏成为名副其实的视觉盛宴，日本机器人动画的演出在1988年迈出坚实一步。富野本人曾言CCA的推荐观影年龄是三十岁在影片上映的1988年，那个年龄的日本人大都是六十年代左翼运动的亲历者。“脱离群众之人，自然会对群众失望。若要构建未来的天国，必先着眼于当下的问题。”结局的奇迹之光是对“创造新时代的不是老人”的再诠释追逐奇迹之人的英勇献身毁灭了清算私怨之人的疯狂计划，联邦与吉翁携手对抗象征毁灭的阿克希斯，在精神力框架的照耀下，“理解与和平”的愿景被托付给后来者。“正因如此，才更要将人类内心的光辉展现给整个世界”。,positive,bangumi,机动战士高达 逆袭的夏亚
nnd，死蚊子,negative,bilibili,工作细胞 第二季
哈哈哈哈哈，法国军火，XSWL,positive,bilibili,紫罗兰永恒花园
服饰变很正常，我能理解，But发型变就,positive,bilibili,约会大作战 第四季
tiny evil哈哈哈哈哈,positive,bilibili,魔女之旅
爹这还好？表面不支持起码私下里说清楚吧，说好的被pua成啥样了,negative,bilibili,少女乐队的呐喊
avemujica说是,negative,bilibili,少女乐队的呐喊
回复 小小之恒  Ave Mujica震惊Ave Mujica怎么突然Ave Mujica难道？Ave Mujica委屈Ave Mujica害怕,negative,bilibili,少女乐队的呐喊
大喵老师还笑得出来，说明BPM还能加,positive,bilibili,颂乐人偶
回复 driedfish咸鱼 米线,negative,bilibili,辉夜大小姐想让我告白 -究极浪漫-
Kamiyu：在Z里疯掉其实也是一种解脱Ema：真正的女主角Shirokko：最喜欢的反派，要被全控了bushiSara：可爱可爱可爱，但舔狗不得houseKatz：全剧最蠢的角色，从头到尾没有任何成长，死法更是幽默至极,positive,bangumi,机动战士Z高达
"神作，一群动画制作人员为着自己所热爱的事不断努力，共同克服困难并前进的故事。王道的剧情中带着现实的苦涩，以挫折淬炼主角们的信念，更体现了励志这一题材的目的激励身处低谷的人。没有人不会被这种纯粹的热爱打动。另外这番科普做的很好，让普通人也能理解动画制作的过程，真正地从爱动画向懂动画转变。
有人说，《白箱》中所描绘的职场过于美好，不够现实，这点其实无可厚非，因为艺术取自现实而高于现实，这种美好的虚构的情节不会让人沉溺于幻想，而是让我们认清生活的同时热爱它，这是一种英雄主义的描绘。在低谷期的人们看了这样的一部作品，一定会重拾信心，熬过艰难的时期。
综上，作为一部励志番，《白箱》完成了本身的职责并很好地完成了科普，无愧神作之名
最后，向所有动漫staff致以最崇高的敬意。",positive,bangumi,白箱
SSVGG,neutral,bilibili,颂乐人偶
其实SSS是三部SAC里让我觉得槽点（或者说我不喜的点）最少的，以至于我对它的喜爱程度完全不亚于前两季TV。不过要是能拍成TV的话，很多细节的地方可以得到更多展开，也许真的会比现在更好吧。,positive,bangumi,攻壳机动队 S.A.C. Solid State Society
Hi！,neutral,bilibili,鬼灭之刃 刀匠村篇
Op贴脸，次子危险,neutral,bilibili,间谍过家家 粤配版
回复 盘胧18 我觉得应该是先喜欢上会长再觉醒xp的吧！ 辉夜喜欢凶凶的眼神想必也是因为这是会长的一大特色吧。辉夜在会长变化后也努力的接受了，还说虽然凶狠的眼神没了但起码会长可以从学生会里的劳务里解脱出来，动画表现太赶时间里，但漫画的种种细节描写都能体现这真的是真爱啊！！,positive,bilibili,辉夜大小姐想让我告白？～天才们的恋爱头脑战～
blhx 碧蓝航线 碧蓝航线 本来还想,neutral,bilibili,比宇宙更远的地方
『Rider Kick』,neutral,bilibili,少女乐队的呐喊
回复 果子poison 谁知道人家怎么想的，自己想要更多就要，有什么必要去让别人跟自己一样,negative,bilibili,OVERLORD Ⅱ
当初在Q之后，年年都心心念念想看EVA新剧场完结篇。等真的在21年上映了以后，竟然拖了一年多才终于去看。而国内好不容易赶上放映，也是踩着档期尾巴才补上。其实心里面很不想EVA完结吧,negative,bangumi,新・福音战士剧场版：终
《假装悲剧》，注意，Doloris的本意是“悲伤”，而恰好丰川初音她“不惧悲伤”,positive,bilibili,颂乐人偶
"待重看重评8510
回味无穷，也是一种对人性（机器人精神）的探讨
制作是硬伤，粗糙的画风一开始实在难以接受，故事的展开相对枯燥，观感比一些冷门古老的作品差些。
有不少出色的单元回，各具特色，主线的推进渐入佳境。就是叙述太平淡了
每每看到单元剧结局，都颇有感触。
ep15：神回连冲已经语无伦次神
ep22：笑脸男的魅力
ep26：讽刺。但从这一集往回看的话，会显得前面不自然。音乐神。
呃有时候画的真的好崩，但还是越来越好的吧。
有的时候觉得九课的行动略牵强，在这个世界观下光环还是挺明显。
留下的印象实在太浅，断断续续的看，只能依靠曾经的评价联系，虽然这或许是个人的原因就是了。结尾补完，还是差一口气。
有eva的影子
的确影射到了社会与政治的更深层次，极大觉悟“名为资本主义的幽灵”，自己体会会有别样的感觉。",positive,bangumi,攻壳机动队 STAND ALONE COMPLEX
9故事类东方厨会很喜敏桑的作品，今夜鉴赏带入的是凭依华。魔理沙侦探和肥宅灵梦，打败homo乾精哆来咪。啊，我明白了，阿敏是在造神啊。,positive,bangumi,红辣椒
换到黄金档之后的故事相比第一季风格大变，前期的copy第一季与中后期种种节奏、人物塑造问题都算不上优秀。但奈何结局实在是太赞了，你可以用各种理由批判它，但不能否认它真正上演的那一刻确实太过震撼。可以说第二季存在的意义就是最后半集的存在。至于鲁鲁修到底死没死可以说我偏向死透，但不妨碍我接下来去看复活的鲁鲁修b38,neutral,bangumi,Code Geass 反叛的鲁路修R2
入宅作（真入了吗？或许没入，或许大约的确入了）。对我来说应该是9评分的作品，加一点情怀分完全可以给满。对我来说是一个如同猫和老鼠一样会想起来就随便找一集回看，然后接连看下去几集，是这样的作品。画风非常可爱，故事的想象力和画面语言的想象力都很丰富，令人惊叹。个别的故事有点拖沓，个人不是特别吃Hakase的一些纯熊孩子卖萌剧情（但是和Nano的幕间短互动萌化了，只要不太拖节奏就好，卖萌10秒钟让人感觉这辈子值了，然而卖萌5分钟则让人感觉身体不适），三人组的剧情平均质量非常高。,positive,bangumi,日常
目标all blue,neutral,bilibili,比宇宙更远的地方
20251102重看降86。不再有第一次看的时候的激动。但不得不承认结尾时真嗣绪方的嘶喊与《翼》《Beauiful world》确实有着再来一次仍然震撼的力量。,neutral,bangumi,福音战士新剧场版：破
香奈乎S0？,neutral,bilibili,鬼灭之刃 游郭篇
乔鲁诺 乔巴那：勿cue,positive,bilibili,四月是你的谎言
吸鼻涕的nina又可怜又好笑啊www,negative,bilibili,少女乐队的呐喊
现在的我再看一遍，最大的看点已经变成了看败犬哭哭了（悲）。智代和杏简直就是我的脑婆啊，杏的白袜好涩，暂居于智代之上，第十八集的发卡回，看得我笑死。由于第一季的详细剧情不太记得了，加之这两年看到挺多说cl第一季的分数是靠第二季带上来的，我说实话看之前预期调低了，但看完我觉得还是很担得起这个分数的啊。演出很有趣，作画也保持得很好，还有很多很流畅的人物动作镜头，情节情绪也推得上去（全盛京阿尼的实力，NB）。作为旮旯改动画，剧情合线的改编也很好（我看得不多，但至少比白一动画要好），第十八集看得我乐死了。但感觉没太到我心中九分的程度，83吧。（顺便鞭尸一下隔壁sp动画，风子线cl改了九集，放sp能只剩三集，让人完全感动不起来）,positive,bangumi,CLANNAD
回复 RGlop,negative,bilibili,葬送的芙莉莲
我更喜欢bangdream,neutral,bangumi,孤独摇滚！
回复 sadness思念 那个也行，但是那是碾压局，还是觉得打凤凰和第一次见到鞭勇时打的惨烈，非常好奇盾勇劝杖勇那一段能做成啥样，老国王直接变智力天花板了,positive,bilibili,盾之勇者成名录 第四季
NS就显得尤为重要了。,positive,bilibili,比宇宙更远的地方
第一集看完就把ep10之前的内容猜了个八九不离十，可以说只要记住一个“相反日快乐”，所有的人物塑造便都完成了。以虚荣开始的最后一定会动真感情，和气的面具下一定是自私的本质，嘴上不饶人的实际上最好搞定，闷葫芦一定会在最后的关键时候爆发。所谓热衷于“少女们”之间的“关系性”，大抵是当代年轻人既无法在社会中确定自己的位置，又无法突破与他者心之壁的“关系性贫乏”。自“世界系”以降那种因“自己与周围不同所以选择将自我封闭于互联网这样一片净土中”带来的安心，在互联网已经和现实社会融合的当下变为了社交平台的圈子内“自己与说着同样梗的网友没有什么不同”而带来的安心。人人都明白“瞬间”的积累又怎能填补与“永远”之间现实生活无底的裂隙。可一旦舍弃了“故事”，戴上假面站上大人们的世界，我们也便被世界所抛弃。能否相信这样的誓言，不过取决于你所寻找的是“居所”还是“乡愁”。,neutral,bangumi,mygo
HYY推荐我看物语了。我的第100部TV，也是我的第一部物语，很喜欢它的演出风格，第1个篇章和第5个篇章印象比较深，期待物语系列其他作品的剧情。然后我要鞭尸一下重启咲良田，同样是大段对话，怎么你一点演出都没有bgm38OP2的分镜我特别喜欢，有一种萌化了的感觉。前12集TV后三集WEB所以表情会同时表TV和WEB,neutral,bangumi,化物语
真可恶啊，竟然欺骗单纯善良的狂三，我就知道是这样，ccc！！！,negative,bilibili,约会大作战 第四季
营业模式on,neutral,bilibili,比宇宙更远的地方
PVP环节,neutral,bilibili,少女乐队的呐喊
"虽然人的xp是自由的
但是我还是建议你去看医生jpg",positive,bilibili,转生成蜘蛛又怎样！
回复 血T 没办法，至少在型月世界观里saber的国家背景最惨，谁来基本都得亡国,positive,bilibili,Fate/Zero 第一季
saaya！,neutral,bilibili,颂乐人偶
"如果说校园篇是青春絮语，After Story则是生命本身的史诗。多年过去，我仍记得那句：能哭的地方只有厕所和爸爸的怀里。这句平淡而又真实的台词直击心灵，从失去再通过责任与爱给予朋也希望，朋也从疏离到承担。
故事：98朋也像是我的一个朋友仿佛真实存在，我认为他的成长是作为动画史上最完整真实的成长之一，从一个叛逆的青年到一个丈夫再成为一个肩负责任的父亲。从开始的主题恋爱变化成责任家人人生的失去与希望。其对幸福本质的探讨对我的影响是极大的。
视觉表现：8京都动画日常作画细腻，在情感爆发处又有足够的渲染力。如果谈论起樱花 雪的场景 我第一印象会是cl视觉效果很好的辅助情感抒发
声音：88配音上中村悠一表演真挚感人，这是我见过的对于痛失爱人的悲痛，最爱的人一旦失去了，连回忆的勇气都没有。不得不回忆的时候，而是一瞬间就被悲伤淹没
个人情怀：10",positive,bangumi,CLANNAD 〜AFTER STORY〜
"回复 冯小瑾 咒术回战 no
猩猩惠战 yes",negative,bilibili,咒术回战
回复 Judelau82 杀鱼的，喜欢虐待,negative,bilibili,鬼灭之刃 刀匠村篇
78优秀：ep4，ep10紧凑了观感比之前好些，但很多地方还是那种没有烘托到位的感觉,neutral,bangumi,排球少年 乌野高校 VS 白鸟泽学园高校
鬼蛛cp磕一下,neutral,bilibili,转生成蜘蛛又怎样！
作为前黑猫党成员，表示十分同情征村ltToTgt,positive,bilibili,埃罗芒阿老师
补药啊埃迪人又可爱声音又苏 好萌 wwwwwwww死的好草率,positive,bilibili,Angels of Death
10 在戰爭的主題下講人類群體之間的生存關係和慾望驅動，ide是作為啟示命運必然性而存在，故事演繹這個啟示。基於兩個種族文明和人性，矛盾不可調和，生命個體猶如文明整體是孤島。多事件一觸即發。富野在闡述時，死亡是合理且不僅僅冷血。發動篇是日本動畫目前最好的保衛戰，沒有之一。結局宇宙裸飛大合唱和拼接真人空鏡頭影像生命之海，可謂先鋒，日本動畫的2001太空漫遊，甚至更加偉大，世界動畫史濃墨重彩的一筆。,positive,bangumi,传说巨神伊迪安 发动篇
回复 Yan233 是啊,negative,bilibili,总之就是非常可爱 第二季
GP2 engine！,neutral,bilibili,少女乐队的呐喊
来源是英语byebye吧,positive,bilibili,比宇宙更远的地方
补标84文明的真谛在于回归自然本质，而非凌驾其之上。蒸汽朋克风，少年与少女寻找传说中的天空之城laputa的冒险故事。当laputa巨树隐入云海时，它留下叩问：“人类能否在追寻进步时不忘扎根大地？”天空之城是一部宫崎骏式的冒险童话，也是宫崎骏用动画铸就的文明寓言。本作男女主十分讨喜，《君》响起的那一刻总是让人只剩下感动与热泪盈眶。,positive,bangumi,天空之城
k9vs，请指教,negative,bilibili,少女乐队的呐喊
真初华：你冒充我当了好几年偶像，Man我没意见,positive,bilibili,颂乐人偶
A（86）虫师的魅力就是故事缓慢，配乐令人感到寒冷，通过“虫”而叙说整个故事，温柔且漫长。,positive,bangumi,虫师 续章
rn燃尽生命的光当然闪耀,positive,bilibili,四月是你的谎言
按住“v”爬起,negative,bilibili,比宇宙更远的地方
打灰遇到假面骑士buffa,negative,bilibili,虚构推理 第二季
领先50年，想象力的极致，将那些神秘的浪漫的美好的血淋淋的撕下来，rick抗争过，也同样见证了理性的无力，既然问题解决不了不如消灭问题,positive,bangumi,瑞克和莫蒂 第一季
mmk不敢定目标。所以她只能欺骗自己‘只要永不毕业的清音社‘就好了,negative,bilibili,少女乐队的呐喊
MC玩家：挖矿洞发现没火把时的现状,neutral,bilibili,鬼灭之刃 柱训练篇
Spotify打钱,negative,bilibili,少女乐队的呐喊
如果有4K就好了,positive,bilibili,约会大作战 第四季
i  dont  know,negative,bilibili,少女乐队的呐喊
回复 LrBen 他们故意说着玩的,negative,bilibili,盾之勇者成名录 第四季
"03集的副标题为拉丁语Quid faciam 标题译名：我该如何是好？
短语释义：我该怎么做？
字面含义：我该怎么做？
这是一句拉丁文中的常用短语，最早出处已不可考，常与另一短语组成格言“Quid faciam Quo eam”（我该怎么做？我该去哪里？）。

这一集我们知道了初华家（临近经纪公司）在东京中目黑车站附近，而祥子父亲则住在北区赤羽。大家可以看地图粗算一下以前祥子正常回家的时候要花多少时间在路上。对于一个高中生来说实在是不容易呢。

本集没有专栏，但依然欢迎评论讨论译制相关，也请关注我们知晓更多信息哦",positive,bilibili,颂乐人偶
回复 ZiyiseDasixi 对对对，剪这个合集的老大也很有趣,negative,bilibili,夏目友人帐 第七季
回复 MissFujiyamaQ 不过宝石之国后面接的是既爱又恨（Odi et amo）,positive,bilibili,颂乐人偶
救命mm我哭了,positive,bilibili,四月是你的谎言
回复 mvxgk的确是好消息。,negative,bilibili,干物妹！小埋R
xyz,neutral,bilibili,比宇宙更远的地方
看到一半，先评价，综合评价等看完，？？？第二季nmd怎么开始降智了，全程有一种小孩子过家家的感觉，开始做出不符合人设的举动。鲁路修展现出的就是有勇无谋。开始详细吐槽，1和全体zero流放国外勉强说的过去，但暂住中华联邦本质上和日本特区没有区别。2ep9和二皇子下棋，对面王送到脸上？且鲁路修因为自己的‘骄傲’而不要？3ep10既然和星刻目的相同，那为什么不找机会说明白？然后被迫成为对手。4妹妹也要开始搞圣母那一套了？你做哥哥的也不能找机会讲清楚吗。5都什么时候了，还想着把朱雀给收编？已经结下这么大梁子了。6鲁路修第一季的智谋去哪了？所有人都开始半场开香槟，卡莲被抓了，鲁路修就急了，破防了，你的解决方案呢，你的淡定呢。7鲁路修的geass成符号和摆设了。吐槽太多，写不下了,negative,bangumi,Code Geass 反叛的鲁路修R2
是是是是 嘶嘶嘶嘶嘶是是是少时诵诗书    说说生生世世是 sd是  v的生生世世  是是是 是 的     是S 是,negative,bilibili,间谍过家家 粤配版
本来想给七八分的，但是这部动画集中了很多我喜欢的剧作及配乐，晚安 wawaka,positive,bangumi,魔法少女小圆
然后kill T由于单身看不下去了抡了白细胞一圈,negative,bilibili,工作细胞
bor在cosplay攻城锤,neutral,bilibili,少女乐队的呐喊
少佐别慌，先把AK放下,neutral,bilibili,紫罗兰永恒花园
shadow,neutral,bilibili,四月是你的谎言
ZT,neutral,bilibili,比宇宙更远的地方
mortis the mortal,neutral,bilibili,颂乐人偶
si,neutral,bilibili,魔女之旅
一上来就是水子姐，i了i了,negative,bilibili,比宇宙更远的地方
道具指导：Bochi,positive,bilibili,少女乐队的呐喊
回复 sb0boy 哈？,negative,bilibili,某科学的超电磁炮
创作人自我表达欲的膨胀和作为IP系列片主角失位的典型片，不能说给了LAYOUT教科书，就可以无视缺点了，这部电影里面，其ZZ内容和PATLABOR是完全割裂的，甚至可以说把ZZ瑞平戏换其他IP一样成立，可惜这是PATLABOR，而脑残鸭子让特车二课全员工具人化非常脑残，这是PATLABOR啊，不是你的纯原创啊,negative,bangumi,机动警察剧场版2 和平保卫战
这算什么必杀？甚至都算不上平A，跟恩奇都对波那种天上全是武器的状态才叫平A,positive,bilibili,Fate/Zero 第一季
sukawudo,neutral,bilibili,少女乐队的呐喊
少佐想不到吧我cd好了,positive,bilibili,紫罗兰永恒花园
不合时宜的搞笑演出破坏气氛而尴尬，节奏稀烂。女主的幼态化蛮恶心的。几个关键的场景全靠spitz的音乐。最后竹本的旅行倒是很动人，因为我也一直有类似的放逐自我，不顾一切地流浪，让鄂霍茨克海的海风吹彻灵魂式的梦想。,neutral,bangumi,蜂蜜与四叶草
Sheila,neutral,bilibili,魔女之旅
banana？,neutral,bilibili,虚构推理
回复 huohuoqaq 中捞翔,negative,bilibili,mygo
She died but he could survive,positive,bangumi,剧场版 少女☆歌剧 Revue Starlight
kimino,neutral,bilibili,魔女之旅
喜欢ep7和9。围绕这动画的讨论普遍都有点弱智，但是作品本身很不错。想给评分改到8误触导致时间紊乱了，实际上是在2021年看的吧,positive,bangumi,魔女之旅
回复 Kleines,negative,bilibili,辉夜大小姐想让我告白～天才们的恋爱头脑战～
少女乐队才不是这样的！伙伴之间本该好好聊天、彼此靠近，一点点升温好感，一边感慨着女孩子之间真好啊，一边齐声喊着一定要一起登上武道馆的誓言。最后在万众瞩目的舞台上完成一场完美演出，大家热泪盈眶，心意相通、彼此依靠，结成牢不可破的羁绊，这才是少女乐队该有的样子。可 Mujica 怎么一上来就登上武道馆？！为什么队员之间要一边喊着“命运与共”“要组一辈子乐队”，一边说着“从来没觉得玩乐队开心过”然后互相拉扯、互相折磨，把彼此都弄得遍体鳞伤。少女乐队根本不是这样的，我不接受！,negative,bangumi,颂乐人偶
"2025年有幸在电影院看了一遍，虽然略有删减，但是无伤大雅。相对sac来说，本片的政治隐喻大大减少，相反有着更强的哲学意味。因为我是看完sac才看的95版，因此看到很多桥段突然意识到sac对95的致敬，也是一件很有意思的事
出电影院的时候感觉自己完成了一次朝圣，伟大无需多言",positive,bangumi,攻壳机动队
这live昏暗的灯光确实是很日本,negative,bilibili,mygo
回复 bili67680189343 那叫生草。。。,negative,bilibili,碧蓝之海
去电影院看完的，两个小时，该讲的都讲完了，处处可见对系列前作的致敬。以前用意识流包装在一起的一切，现在一句一句细细讲给你听。对我来讲没什么遗憾了，如果给年少的悲剧，一场盛大的抗争，盛大的结尾，happy end又何尝不可。漫长的告白，抑郁青年的神作EVA，投降了，和解了，补完了，怎么理解都可以吧我接受,positive,bangumi,新・福音战士剧场版：终
OK哦，，，，几有HK既FEEL,positive,bilibili,四月是你的谎言 粤配版
剧情难免落俗 画面表现力夸张 氛围塑造一绝 有种皮影戏的质感 除了机动警察ova外最爱的ova,positive,bangumi,浪客剑心 追忆篇
wqngzulan,neutral,bilibili,四月是你的谎言
回复 蓝莓SheepPikachu,negative,bilibili,工作细胞
anon：6,neutral,bilibili,颂乐人偶
回复 Wekapipo 老人指大哥能力，海鲜指贝西的替身正常情况下能做的事,negative,bilibili,JOJO的奇妙冒险 黄金之风
还有九尾的事吗？不应该是cat吗,negative,bilibili,四月是你的谎言
FBI，open the door,negative,bilibili,小林家的龙女仆 第二季
"T0 无需多盐 这个也 要再刷
写不下放日志了",positive,bangumi,CLANNAD 〜AFTER STORY〜
ki米那一挖,positive,bilibili,紫罗兰永恒花园
MADHOUSE is GODHanada Jukki is GOD 2018Best確定！,positive,bangumi,比宇宙更远的地方
Cute,neutral,bilibili,Angels of Death
（86100）梦想的闪耀与现实的重量。在可爱的角色和快乐的日常之描绘中并未变成脱离实际单纯的kirakira，诸如弥生回、千早回对偶像之路中灰色一面的提及，演出上像第一回摄像机视角、几乎从不安排心理独白这样对“距离感”的把控，以及在大家的事业蒸蒸日上之时，关于个人与团体、羁绊与梦想之矛盾的铺陈、并于e23在春香身上的体现爆发。这些并不怎么闪耀的东西反而让那些笑容和歌声获得了超越营业和表演的说服力，并在e24、e25中迎来了一个可能远远谈不上现实、但至少让我愿意去相信的美好。我爱妳们！,positive,bangumi,偶像大师
麻蛋，夏亚总帅和ACE阿姆罗还有那该死的阿克西斯还在追我,negative,bilibili,少女乐队的呐喊
3个人一起推327米（Doge）,negative,bilibili,鬼灭之刃 柱训练篇
mmk（幻视）,neutral,bilibili,魔女之旅
486的头像像罗尔夫hhh,negative,bilibili,少女乐队的呐喊
很优秀的四格漫画改编，故事还是芳文社那套美少女moemoe的日常，但是加入了音乐和摇滚！非常戳我的题材，优秀的演出和作画，音乐演出的表现力也不俗，剧情很有趣也很体现了现在年轻人的精神状态，场外二创的活力高涨，非常现象级的作品。期待第二季！,positive,bangumi,孤独摇滚！
哈哈哈hiahiahia,positive,bilibili,Re：从零开始的异世界生活 第二季 后半
"2021325补完。如今才补完这部十三年前的动画，有些遗憾自己隔了这么久才发现这部佳作，也有些庆幸自己刚好在现在需要平静的时期品味到AQUA的美。
第三季延续了上两季的风格，不过从后半部分爱丽丝被雅典娜历史性地连续脱掉两只手套成为Orange Princess开始，ARIA的故事也逐渐走向了高潮。在后面的故事中，新威尼斯原本缓慢的时间也开始加速，蓝华成为了Rozen Queen，三人的日常训",positive,bangumi,水星领航员 第三季
Niko老爸到了,neutral,bilibili,少女乐队的呐喊
回复 瓦尔达楼  没有语法，爱怎么断句怎么断，这个语言bug简直就是逆天开挂。中国方言其实也能做到Hhhhhh,negative,bilibili,鬼灭之刃 游郭篇 中配版
直接把刚才DD曲子的base给扒了，恐怖如斯,positive,bilibili,少女乐队的呐喊
治愈系的顶峰，高清169，一期的演出和文戏又回来了，后半几乎没尿点，换代的节点最是煽情，、Aquamarine ，又肉麻又感动，姐妹情太抹布洗，真是女神配天使，太神圣了，相比之下瞬间感觉s文学做作的一比。最后黄姐端详阿卡林变成阿卡林端详小爱，我tm太恍惚了，可惜ed一嗓子太难受。ep6艾丽西亚第一次破功，婆爆,positive,bangumi,水星领航员 第三季
回复 SranNG 你这又是哪里得出来的观点，ubw可以克制闪闪和他进去必输是两回事,negative,bilibili,Fate/Zero 第一季
t tt,negative,bilibili,鬼灭之刃 刀匠村篇
mortis：ooc致歉,negative,bilibili,颂乐人偶
回复 Mchannel 喜欢溜,neutral,bilibili,少女乐队的呐喊
yes！,neutral,bilibili,魔女之旅
"04集副标题为Acta est fabula 标题译名：演出已然落幕。
短语释义：剧终；终幕；戏剧已告终。
字面含义：戏已（演）完。
这句短语常用于古罗马时期的戏剧演出，在戏剧的最后由演员使用，以“Acta est fabula plaudite（戏已演完，请鼓掌）”的形式，邀请观众为演出喝彩。
据传，这句话也与古罗马帝国的奥古斯都盖乌斯屋大维图里努斯有关。在苏维托尼乌斯所著的《罗马十二帝王传中》，奥古斯都在临死前要来了一面镜子；在整理好自己的仪容、询问好友自己是否演好了这场名为人生的戏剧（也有说法是闹剧）后，引用古希腊诗句作为了自己的遗言：
   
     
译文为：
既然我已经出色地扮演了我的角色，
你们就鼓掌吧，
让掌声伴送我退出这舞台。
这句话与“Acta est fabula plaudite”意思相近，后来便与“落幕”一样，有了“戏剧告终”与“事情结束”的双重含义。

本期的专栏是喵姆亲的熊本方言教学哦

也记得关注我们",positive,bilibili,颂乐人偶
ep17，最喜欢的一集，台词的呼应太有诗意美了，自认为是意境做的最好的一集单元剧里的神作，对作者丰富的想象力以及动画贯彻始终的宁静氛围感到惊叹，通过无数个感人至深的小故事构筑起了一个以“虫”为核心的古代乡土幻想世界，总的来说是一部艺术性和思想性兼具的作品，以一种平和而深邃的方式探讨了人与自然的关系。,positive,bangumi,虫师 续章 第2部分
WC！冰！,positive,bilibili,葬送的芙莉莲
"科学应对，不必“谈虎色变”
从20日船靠弗里曼特尔港开始，“雪龙”号六层气象室里的气氛就紧张起来。21日晚，科考队领队、“雪龙”号船长、气象预报员在此会商后，根据前方气旋分布情况和发展趋势，决定一路往南航行至气象条件稳定的高纬度冰区，然后再往西到达中山站。
虽然大致航线已经确定，但海上风浪瞬息万变，依据现有气象预报数据对几天后的气旋运动轨迹进行预判存在变数，因此气象员一项关键任务就是要实时接收最新数据，进行分析比对，作为航线随时调整的依据。
这几天，随船气象员、来自国家海洋环境预报中心海洋气象室的马静和陈志昆十分忙碌。每天早上6点，马静就要到气象室接收气象预报资料，进行整理、排序、对比，然后及时向船长汇报。而为了第一时间收到最新数据，陈志昆晚上干脆睡在气象室，凌晨3点接收和分析最新数据。
船长赵炎平则根据气象数据，用电脑进行航线设置和模拟推演，综合考虑风速风向、涌浪的大小方向和波长等多种元素，来制定最优航线。每天早上9点和晚上7点，气象室都会举行领队、船长、气象员的会商，分析和讨论航线。
从穿越西风带的气象保障条件就可以折射出中国极地科考事业的进步。马静说：“最早我们只能用传真机接收来自周边国家的气象传真图，整个南大洋就一张A4纸大小，非常粗略，只能判断个大概。”
到上世纪90年代，“雪龙”号装载了卫星数据接收处理系统，可以实时接收气象云图；近几年，借助海事卫星通讯设备，气象员可接收国内外多家主流预报机构的气象资料，分辨率和准确度又有了很大提高。
“对于西风带，我们一方面决不能掉以轻心，另一方面也没必要‘谈虎色变’。依靠先进的气象预报技术和科学的分析决策，可以保证‘雪龙’号安全穿越西风带，”赵炎平说。",positive,bilibili,比宇宙更远的地方
呜呜呜呜呜呜呜呜呜XX,neutral,bilibili,四月是你的谎言 粤配版
椿酱 纳尼嘎斯gi,neutral,bilibili,四月是你的谎言
嘚莫so那家打没,negative,bilibili,比宇宙更远的地方
质量极高的剧场版。剧场版所描绘的毕业旅行依旧延续了正作中高质量的制作，轻松有趣的剧情，与可爱的画风。在某些地方甚至更胜一筹。不过旅途越是快乐，就月让人不想面对旅途过后的悲伤离别。可离别真的是悲伤的吗？并不是。离别象征着成长，离别让kon的大家更加珍重彼此之间美好的感情，离别也注定了浪漫的重逢。所以在最后kon众人向阿梓喵告别的一曲相遇天使中，我们感受到的不仅仅是她们的不舍，更是她们对阿梓喵真诚的爱，是她们对于重逢的向往，对三年校园时光的感动。时光不能永恒，但爱永恒。,positive,bangumi,轻音少女 剧场版
时光时光慢些吧TT,positive,bilibili,颂乐人偶
八亿RMB,negative,bilibili,颂乐人偶
请自重jpg,negative,bilibili,Fate/stay night [Unlimited Blade Works] 第一季
go团和ji团干脆别搞了，你们c团重新出道吧我真求了,negative,bilibili,颂乐人偶
这个bgm小时候抱过我,positive,bilibili,夏目友人帐 第七季
歌舞伎町拉拉和gay很多啊,positive,bilibili,比宇宙更远的地方
这三个人基本都是pvp特化，对人特攻，智斗王和远程瞬狙,positive,bilibili,葬送的芙莉莲
tv在这里表现不行，双胞胎的一套平a，对非血牛或者高抗性的怪都是秒杀，第四层层主boss都扛不住双胞胎一下，双胞胎的输出能力是全服唯一天花板，而这个副本的一个小怪能抗住一下，对一般玩家而言其肉度可想而知,negative,bilibili,因为太怕痛就全点防御力了 第二季
邪恶pvper,positive,bilibili,葬送的芙莉莲
wryyyyyyyyyyyyyy！我才刚开始呢JOJO！,negative,bilibili,JOJO的奇妙冒险 黄金之风
老规矩，op只听一遍,positive,bilibili,比宇宙更远的地方
soiya卡怎么也是小企鹅,negative,bilibili,比宇宙更远的地方
re0？,neutral,bilibili,Fate/stay night [Unlimited Blade Works] 第一季
cwy,neutral,bilibili,魔女之旅
"刚看完几部好看的番，我已经升华了，现在来降低一下审美阈值 2026316
第十集莫名和解讲得有点迷糊，几个人情绪不太稳定。终于听到小祥之歌原版了，初华大人伟大的嗓子，睦合体那段太震撼了 2026321
看第11集美美睡着了，13集live宣告封顶，运镜神了（灵感股除外） ，天球一出来耳朵直接怀孕了，后面的两个live巨爽，上大分 2026322",neutral,bangumi,颂乐人偶
弹带弦的都是M吗？（有咲曾经说花园是M）,negative,bilibili,颂乐人偶
pu都开袋,negative,bilibili,关于我转生变成史莱姆这档事 第三季
闪光的flash（doge,positive,bilibili,关于我转生变成史莱姆这档事 第三季
义勇说他不是水柱，那他就是海柱的喽Oo,negative,bilibili,鬼灭之刃 柱训练篇
李信VS俩法师还有一个辅助,positive,bilibili,魔女之旅
果然神经病是会相互吸引的，跟祥子关系越深，越不正常bgm38,neutral,bangumi,颂乐人偶
回复 serebiij10 那里看懵我，还有那个金耳环，一出场把我看傻眼了,negative,bilibili,我的青春恋爱物语果然有问题。完
saber：我也不想啊，可我就是控制不住我自己,negative,bilibili,Fate/stay night [Unlimited Blade Works] 第一季
nina kick！,neutral,bilibili,少女乐队的呐喊
好家伙等的就是你这句话（buni,positive,bilibili,魔女之旅
The real folk blues，一部随性，令人忧郁同时相当浪漫的作品甚至艺术品有些单集略显无聊，但从faye的个人回开始有趣度一步步增加进而走向结尾，最后两集看得很爽配乐从头到尾都很顶，ed3很不错,positive,bangumi,星际牛仔
ptsd了,neutral,bilibili,Fate/stay night [Unlimited Blade Works] 第一季
补标  24年8月看过一遍，当时看完后就没啥感觉，没想到bgm评分竟然这么高，最近二刷了一遍，说实话，能看出来制作组想把“社恐”的心理活动展现出来，但是整的活太出戏了，观感不是很好，还有现实中的社恐有这么夸张吗，是否有点过头了？孤独？摇滚？剧情上也没有明显特点，这让我想起来星灵感应，虽然具体都忘得差不多了，但从印象上讲这俩有点像；第二季肯定会看的，希望能看见乐队更多的成长  65,neutral,bangumi,孤独摇滚！
回复 Stewfishkk 这个出了b站也买不了,negative,bilibili,盾之勇者成名录 第四季
woc？！KON！！！,neutral,bilibili,少女乐队的呐喊
回复 小小之恒 Ave Mujica怎么突然,negative,bilibili,少女乐队的呐喊
？four i,negative,bilibili,比宇宙更远的地方
20年1月看的，当时在上高三，因为疫情在家上网课，看完感动到不行，在日记本上写了两页半1K多字的剧情概述和感受，如果算上第一季肯定是有2K字了。虽说总说CL这部片在不同的人生阶段看会有不同的感悟，但我现在光看我写的剧情概述都忍不住想哭了，以后哪有勇气去2刷动画啊。,positive,bangumi,CLANNAD 〜AFTER STORY〜
不管了 我要siu,neutral,bilibili,四月是你的谎言
Ray这我熟,neutral,bilibili,魔女之旅
"710
叙事让位于视听冲击与象征密度，优缺点高度同源的作品。客观来说，剧场版有很高的美学追求，其主题“舞台少女的终局”与“再生产”的代价，相当深刻，但是呈现效果被有缺陷的结构拖垮。
剧场版近似“单元剧”，缺乏作为剧场动画应有的构思。角色大多时候和自己CP各玩各的，像是写了几场Revue和CP互动汇集在一起，各个片段之间缺乏递进关系和整体高潮的蓄力。观众的情绪被一次次“发糖”打断，而不是被推向一个终极情感峰值。如果以分集OVA的形式放送那评价可上升，作为电影观感不佳。
此外，在TV里人物完整度就成问题，CP组得也像是“官方钦定”的感觉。到剧场就更是一上来好感度拉满，按顺序发糖完事。如双叶香子的关系推进在TV中就较为跳跃，剧场版则默认观众已接受官配设定，直接进入“告白”，情感消费大于角色塑造（也是偶像多媒体企划通病，作品太服务于企划推）。",neutral,bangumi,剧场版 少女☆歌剧 Revue Starlight
DIAMOND,neutral,bilibili,比宇宙更远的地方
QVQ 他觉得他也不是故意的呀,negative,bilibili,鬼灭之刃 柱训练篇
"算得上是有新意，但核心没有改变，但个人认为没有原作经典
260311修正观点：确实弥补了tv的一个点，即她们的努力难道只能在这里结束吗或者说这样子就甘心吗，焰对圆的感情，付出的灵魂不应在这里结束。确实可以算正统续作。剧场版这样子跳票也是无敌了",neutral,bangumi,剧场版 魔法少女小圆 [新篇] 叛逆的物语
kon h bu p恐怖片,negative,bilibili,颂乐人偶
BOSS衣角微脏兄弟们,negative,bilibili,魔女之旅
“人若无牺牲就不会有收获 然而当战胜这痛楚时 人就会获得不屈服于任何事物的坚强之心 如同钢铁之心一般” 没有多余的回忆也没有空虚的爱与正义更没有刻意去提高作品内涵 满满的羁绊 交融 成长以及和解 （伏笔回收和设定太神了！！！）oped超棒 插入的时节超喜欢。 （25年终于吃了个好的了）,negative,bangumi,钢之炼金术师 FULLMETAL ALCHEMIST
回复 无痕247 EMT睡的时候刻下来的,negative,bilibili,Re：从零开始的异世界生活 第二季 后半
这里就是大叔的livehouse，三人即将在这里演出，所以画了三人各自的代表物,positive,bilibili,少女乐队的呐喊
又开始贴脸了，CP 88 cb 99,negative,bilibili,鬼灭之刃 柱训练篇
"角色可爱，制作优秀每集ED
失望。除蒼鳥之外的歌不好听，没能带动情绪相当致命，vocal曲插入随意
单元回大量角色走过场后神隐路边。角色篇幅分配失衡，各回质量参差不齐。反派黑井纯恶刷新降智杂鱼手下
ep1灾难，人物一下全登场记不住
ep26雪步CV夹晕受不了，像在看kon一般无聊
ep10运动会回p从不关心各位特长吗，弥生性格表现与ep7冲突，伊织势力大手解决无说服力
ep16響的动物世界，烂
ep20千早回故事过于简单，众人登上舞台时略有起伏外不是很感动，这也能吹的天花乱坠吗？过誉
ep7弥生家庭回，贫穷家庭中的温情
ep8抽象欢乐整蛊回，真哥武力值爆表好帅
ep9转折有趣，ep21千早清唱
ep2324春香个人回，本作最佳。从温暖的大家庭出发，但结合现实考虑仍缺乏说服力，并没有更深入阐述矛盾实属可惜",neutral,bangumi,偶像大师
hhhhhhhhhhhhh,neutral,bilibili,路人超能100 III(灵能百分百 第三季)
ed是真的好听啊，打游戏也一直在听，一晚上就循环了好多遍，谁懂啊mamo的声音真的好好听,negative,bilibili,虚构推理 第二季
秀念，COME ON,neutral,bilibili,四月是你的谎言
TT 衣服233,positive,bilibili,比宇宙更远的地方
"我终于懂为什么我朋友打游戏天天跟我念叨魔女之旅没有第二季了 岂可修 为什么不出第二季啊！ 有些单集很喜欢有些单集只能算是普通 不过伊蕾娜的可爱弥补了这一点 而且 我是河豚 美少女互动太有意思啦 因为看了奇诺之旅才想看的 看完只能说剧情确实比不了奇诺但是整体来说伊蕾娜这种人设我更喜欢一点 所以 私心 83魔女之旅竟然都没看 所以说我萌二时期到底看了什么ep3：温柔与美好在特殊时刻也会成为刺痛人心的毒药 ep5：平平淡淡才是真 能做喜欢的事真是太好了 结尾的樱花蝴蝶散落太美了TT ep6奇诺之国有一集和这集蛮像的 谎言有恶有善 如同国门前的护卫所说 无法撒谎是世界太狗屎了
ep7我还要脸所以不发太多了 总之我也想喝（划）",positive,bangumi,魔女之旅
回复 pct0628 漫画,negative,bilibili,虚构推理
回复 Lupray ；；,neutral,bilibili,青春猪头少年不会梦到兔女郎学姐
回复 Lowelol 这个作者虽然创造了一个不存在的世界，但是好讲究科学道理,positive,bilibili,鬼灭之刃 刀匠村篇
路人：mujiaca的新表演！！,neutral,bilibili,颂乐人偶
"90
紧凑精彩的中长篇作品，谜语人和工具人几乎没有，本来以为结局会惨烈地多，但还是给出了一个能自圆其说的HE，也是满足了
硬要挑刺的话，本作一些q版幽默部分并不是太能get，且剧中大人太靠谱，剧情过于稳扎稳打相对缺少一些较为印象深刻的戏剧性冲突（当然这反过来说也可以是优点，放飞自我收不回来是常有的事）",positive,bangumi,钢之炼金术师 FULLMETAL ALCHEMIST
如果他是单独的篇章tv版完结即正式结束，那么只能算是一部具有革新意义但算不上顶级的神作，但如果你告诉我它和剧场版的故事是一个整体，那它将被额外抬升一个高度。可以的话我很想打95分，因为要留出10分这个档位给剧场版。,positive,bangumi,魔法少女小圆
回复 Hivex 你儿子被撞飞了两公里,positive,bilibili,总之就是非常可爱
动作上稍欠火候啊，美术上也没什么特别的，但流畅度很高，社会主义好啊  原来我以前看过啊  我草，日系常见的变光束打斗是出自猴哪大战么？？  解析大闹天宫,negative,bangumi,大闹天宫
dio满足你，砸瓦鲁多！,neutral,bilibili,四月是你的谎言
2D了（            没错，这是2D不是3D的。3D是更接近于真人版的内种,positive,bilibili,少女乐队的呐喊
经典npc小孩,positive,bilibili,四月是你的谎言
baobaobao,neutral,bilibili,颂乐人偶
『the world』,neutral,bilibili,魔女之旅
回复 icecream 千纱以为男主想要分手，其实男主并没有想过，得知男主想法后千纱就抱上去了。,positive,bilibili,碧蓝之海
1976的两条线belike,positive,bilibili,少女乐队的呐喊
qe酱,neutral,bilibili,比宇宙更远的地方
好！mujica都x光光了！,neutral,bilibili,颂乐人偶
72全手繪live加點分。與其說偶像番，不如說類似白箱的職場番，充滿死宅幻想和美化的職場。底層邏輯仍然是全女，把角色全換成男的基本上就是爆死。有優秀如ep20和24這樣能帶來純粹的感動的神回，也有腦殘如ep8和16各種降智操作讓人血壓升高的弱智回。大部分的單元回都比較一般，甚至很明顯的為醋包餃子，多少有點都合了。因此想到愛馬仕心中的好觀眾，前提還是先別帶腦子看吧，這樣才能完美融入面對偶像的偶像痴的心境。要不然看著這臉譜化反派和跟小偶像搞曖昧的普羅丟瑟，應該只覺得煩躁。在意識到這件事時，你才會看到偶像的光輝。這就是偶像，他們只需要在各處閃閃發光治愈人心就足夠了，而動畫內容也只需要著重於偶像們如何照耀眾人。不僅是喜歡他們的粉絲，還有身邊的所有人。或許這才是偶像大師跟其他偶像題材作品的不同之處，別的作品是實現自我，但偶像大師是為所有人服務,neutral,bangumi,偶像大师
身后紫苑办公 ing,positive,bilibili,关于我转生变成史莱姆这档事 第三季
all in，男主输,negative,bilibili,四月是你的谎言
n魚鱼其实对炭炭很，所以义炭99,neutral,bilibili,鬼灭之刃 柱训练篇
qb同款怼脸照,neutral,bilibili,四月是你的谎言
回复 Sunny北晨 我的评价是，老实人,negative,bilibili,JOJO的奇妙冒险
MYJIKA,neutral,bilibili,少女乐队的呐喊
回复 yukino “三天内”发生的事，但是男主经历了好几次,negative,bilibili,夏日重现
W T F,positive,bilibili,颂乐人偶
回复 Heart桑 这是为了辉夜是没错，但是这是为了配的上辉夜做出的努力，但是为了好感没这一回事，因为白银并不知道辉夜喜欢自己凶恶的眼神,negative,bilibili,辉夜大小姐想让我告白？～天才们的恋爱头脑战～
爱音：wdfk你在说什么？！,negative,bilibili,颂乐人偶
yysy，的确有点像,neutral,bilibili,比宇宙更远的地方
妈呀nina这句“反正已经习惯了”好心疼 天知道那群霸凌者对她做过什么,negative,bilibili,少女乐队的呐喊
the world,neutral,bilibili,比宇宙更远的地方
回复 Fukadaisuki 我直接给你十万，酒也不要了，直接给我魔女小姐,negative,bilibili,魔女之旅
你ob半天是一枪不开啊，把肯主任秒了啊,neutral,bilibili,Fate/Zero 第一季
kimoji,neutral,bilibili,Angels of Death
看完漫画终于把番也补完了！一开始观感一般，感觉展开有点龙傲天，从职业考试开始后还是被形形色色的角色和他们的经历感动到了，角色刻画非常好！光亮这对cp也是非常好嗑！小亮实在是纯粹，眼里只有围棋和小光，小光其实也一直默默在追逐小亮，两人最后也是he了，虽然戏份有点少，最后一集两人讨（da）论（qing）围（ma）棋（qiao）那段还是看满足了www,positive,bangumi,棋魂
THE   WORLD,neutral,bilibili,魔女之旅
"09集副标题为 Ne vivam si abis 标题译名：君若离去，我不独生。
短语释义：你若离去，我不独活。
字面含义：你如果离开，我就不想活了。
该短语无明确出典。

值得一提的是，在英文环境下查询原句时得到的结果大多也是日文内容，而在日文环境下查询则有网页称该语句为拉丁语名言。笔者推测是懂得拉丁语的日本人造出该句用以表达对情感的忠贞，进而在日文互联网上流传开来，才导致了如今该短语仅在日文互联网流行的结果。

如果有小伙伴了解更多，欢迎在评论区补充哦",positive,bilibili,颂乐人偶
汉堡对现在的Jam杨有什么想法呢,positive,bilibili,少女乐队的呐喊
圣瓦伦廷节（情人节）Valentine‘s Day,neutral,bilibili,约会大作战 第四季
回复 WProo 有个国漫叫我叫mt,negative,bilibili,盾之勇者成名录 第三季
最后一集瑞克安排好一切，到酒吧喝完一杯酒转身自首，《hurt》响起，又一次的不告而别。 20200116 115102,positive,bangumi,瑞克和莫蒂 第二季
回复 WGentle 考哥jpg,negative,bilibili,约会大作战 第四季
回复 balmung 其实不是整个高二，他们第一学期是春季学期（四月开学），第二学期（九月开学）才是选举，也就是说白银是高一的第二学期当选，然后升入高二之后石上加入，所以石上说他只做了半年,positive,bilibili,辉夜大小姐想让我告白？～天才们的恋爱头脑战～
所以我脸上痘痘上面的白色脓点里面全是死去的白细胞吗TT,positive,bilibili,工作细胞 第二季
拿AI吧,neutral,bilibili,少女乐队的呐喊
叫重音Tomato,negative,bilibili,少女乐队的呐喊
这个人随便搞个cos装扮都能做替身了这个颜值绝了,negative,bilibili,JOJO的奇妙冒险 石之海
mmk san和我组一休的乐队吧,neutral,bilibili,少女乐队的呐喊
回复 暗影猎手ShadowHunter 石之自由隐者之紫白金之星,negative,bilibili,JOJO的奇妙冒险 石之海
At立场全开,negative,bilibili,少女乐队的呐喊
打开omo随便翻翻竟然发现辉夜更新了，还是在2025年更新的。动画还算是完美吧，虽然没有解释辉夜怎么摆脱她家的束缚，但结局和会长结婚了就是完美结局，但我感觉还可以再来几画啊，省略了挺多内容的。感谢陪伴，看的很开心，完结散花！,positive,bangumi,辉夜大小姐想让我告白 通往大人的阶梯
你盐井虾吗  我们炭炭有man有可爱有呆萌有帅气有印记有善良有温柔还会体谅别人简直是萌物啊！,negative,bilibili,鬼灭之刃 游郭篇
那些同情心泛滥不去彰显自己心疼别的角色就会si的“我是雪乃粉”，不去心疼最深不见底又最爱雪乃的阳乃？就因为阳乃没有天天卖惨哭吗？得了，廉价的卖惨吸引廉价的人的同情，雪之下一家都不需要这种廉价的人的“喜欢”就是了。就是麻烦把你们化的不伦不类的“我是雪乃粉”的妆给卸了再说话行吗，团壬们。,positive,bilibili,我的青春恋爱物语果然有问题。完
人气可以蹭，但是拿来被垫这种情况mmk接受不了，Nina则觉得不试试怎么知道谁垫谁,negative,bilibili,少女乐队的呐喊
teacher对线father,neutral,bilibili,Fate/Zero 第一季
我要成为秧歌Star,neutral,bilibili,四月是你的谎言
zeck你只能求我,negative,bilibili,Angels of Death
坏了，ba玩家还在追我,negative,bilibili,少女乐队的呐喊
ai：我没失忆，但是我不说,negative,bilibili,约会大作战 第四季
回复 visions枭龙 从这些例子来看，美国真是敢想敢干,negative,bilibili,间谍过家家 中配版
補標突然聊起小時候看的阿尼妹，然後想起沒標。小時候我爸媽不想理我就在電腦下好digimon叫我自己坐在電腦前看，我還真看的津津有味。小時候看最後的離別看哭了，長大後被那幾個傻逼劇場版坑哭了,negative,bangumi,数码宝贝大冒险
回复 御坂13105 Your mind is clear,negative,bilibili,颂乐人偶
当你对人生失去希望时，想想这目录还放着几百集银魂不是假发是桂真是贯穿全动漫的台词啊hh joy cc攘夷志士新选组的维新时代背景和万能天人外星人设定完美结合 万事屋企业文化真的每次看了都想笑 私以为一个接受银魂全部的人生哲理的人一定能活得很开心幸福  在严肃的剧情和轻松之间反复跳脱也是一种笑对人生的策略11登势15伊丽莎白16madao转变22sa酱登场23坂本辰马24卷子假发子25火锅29蟑螂双线叙事35坐这高38阿姆斯特朗40星海坊主44忍者58红樱69芙蓉76九兵卫79厕所83将军夜总会86三叶89洞爷湖101真选组139吉原 151理发,positive,bangumi,银魂
shenhu,neutral,bilibili,少女乐队的呐喊
回复 wizardht 过奖过奖（？,negative,bilibili,鬼灭之刃
"看不明白，确实没看懂很多意识流演出，通过一些外部的解读算是get到一些eva究竟厉害在哪儿，单凭一个对“心之壁”的结构就值得一个很高的评价。
对这个系列实在无感，能理解到庵野秀明的过人之处，但我自己确实很难喜欢上eva",negative,bangumi,新世纪福音战士剧场版 Air/真心为你
服务员表示不是什么be动静,negative,bilibili,少女乐队的呐喊
天天看她们吵架的我好幸福啊（wunai,positive,bilibili,少女乐队的呐喊
你是说，你家唯一的继承人大小姐闹变扭出走了几个月你就不认她了是吗owo,negative,bilibili,颂乐人偶
A1你做的好啊T T,positive,bangumi,辉夜大小姐想让我告白 通往大人的阶梯
第一季算是一部优秀的gal改，篇幅足够长，日常也没有很灌水，也没有一些gal改常有的赶时间的问题，很经典的麻枝准作品人设和故事，印象最深的风子篇，很感人，音乐也不错，作为第二季afterstory的铺垫，我认为是一定要补的。,positive,bangumi,CLANNAD
ne,neutral,bilibili,比宇宙更远的地方
前方hop高能,positive,bilibili,比宇宙更远的地方
arima kana,neutral,bilibili,四月是你的谎言
dfbmj,neutral,bilibili,比宇宙更远的地方
amuro1985来的 谁是锦织敦史,negative,bangumi,偶像大师
"83，改编时，需忠于原著
二刷，抛开剧情的单论作品本身，感觉就差了很多了，手法并不优秀，3D建模也并不是很精细",positive,bangumi,我的三体 章北海传
回复 aogewdi2 确实，详情请看第二季第一集。,negative,bilibili,辉夜大小姐想让我告白～天才们的恋爱头脑战～
居然还有芙兰sensi的周边,negative,bilibili,魔女之旅
IOS7？,neutral,bilibili,比宇宙更远的地方
mather,neutral,bilibili,Fate/stay night [Unlimited Blade Works] 第一季
回复 AtomCannon 他嘴硬也是套路，要不是琴子也很喜欢他，实在是有点卑微了。,negative,bilibili,虚构推理 第二季
Dama！,neutral,bilibili,约会大作战 第四季
感动ni,positive,bilibili,魔女之旅
nina：woc我不拒同担！！！！！！,negative,bilibili,少女乐队的呐喊
回复 Anniloy 然而后面学rap可不是为了辉夜,negative,bilibili,辉夜大小姐想让我告白～天才们的恋爱头脑战～
壮壮妈Promax,negative,bilibili,魔女之旅
"世纪末带来的科幻史诗与哲学思辨士郎正宗所描绘的那个未来世界，在神山健治执导下，有着不输剧场版的完成度。第20话之后看的太爽了。
主线故事相当精彩，只有极个别的独立回水平一般（ep19）。整个故事相当宏大，相当有野心有野心到似乎再也不会有这种作品了「The time is passed」
第25话直接爆哭了塔奇克马找到了自己的Ghost",positive,bangumi,攻壳机动队 STAND ALONE COMPLEX
kawayi！！！,neutral,bilibili,魔女之旅
"1。“没想到居然会在这里遇到伊蕾娜小姐！这是命中注定吗？这是命中注定对吧。这样只能结婚了！”沙耶发出求婚邀请

2。魔法统合协会：加入的魔女会佩戴明月形状的胸针，处理各地魔法事件，考核见习生等任何关于魔力的事物机构。戴此胸针也可以在各国各地接受委托处理事件挣外快等

3。老实人国家的文字漏洞：口述会随心意改变，按理说文字也是，但是文字组成的句子是可以进行擦拭而改变含义的。这就是不能说谎的国度，标语是干净旅馆内在却依然很脏的缘由

4。街头打架斗殴是人们心里郁闷的发泄，老实人之国不等于善良人之国，之所以国王演讲呼声大是因为国王已经把呼声小的赶走了。而剑被毁后国王像人民道歉时，呼声却很小，显然善良与否好坏的本质并不是老实那么简单。
可能这里不好理解，有人会问这个魔法难道不是让人们强行表里如一了嘛，好坏一眼按理就能分辨呀。这个“老实”的关键是没有将更深层的一个人的本质和情绪也“老实”得体现出来。

5。反过来利用这个国家的漏洞：比如写下“这是模仿国王的笔迹写下的”，然后后文写内容，最后写完再把这句擦掉，那么内容就是货真价实的国王笔迹仿真体了，身体会自动随着动起来

6。“真相不一定永远正确，所以这个世界才需要谎言。说谎的人也未必全是坏人，怀有恶意的人未必需要谎言才能成就坏事，留在这个国家内的人也未必都是善人。”伊蕾娜说教，人的好坏与是否说谎没有充分或者必要的逻辑关系

7。最后的最后，沙耶用做委托的所有积蓄买了项链，送给了伊蕾娜，并拉钩约定再会结尾，沙耶dang撒花",positive,bilibili,魔女之旅
真的有UFO,neutral,bilibili,比宇宙更远的地方
mie,neutral,bilibili,Angels of Death
屋看辆see！,negative,bilibili,Angels of Death
Recovery（幻视）,neutral,bilibili,魔女之旅
No！！！,neutral,bilibili,少女乐队的呐喊
回复 Lostud 老琼瑶了,negative,bilibili,我的青春恋爱物语果然有问题。完
flag立的飞起flag立的飞起,positive,bilibili,Fate/stay night [Unlimited Blade Works] 第一季
回复 Hisstria  已经来了,negative,bilibili,鬼灭之刃 刀匠村篇
回复 FREEDOM云 走你，上热评,negative,bilibili,OVERLORD Ⅱ
hh，只有486没有cp啊,neutral,bilibili,少女乐队的呐喊
nasa配乐,neutral,bilibili,比宇宙更远的地方
x鱼x,negative,bilibili,鬼灭之刃 柱训练篇
BGM 友人a君私伴奏者任命,positive,bilibili,四月是你的谎言
saki酱saki酱saji酱saki酱！,neutral,bilibili,少女乐队的呐喊
回复 ailan7 MRSA并不是俗称的超级细菌，宏观上讲超级细菌是指耐药菌，而耐药菌不止耐药金葡，比如耐药结核，泛耐鲍曼,negative,bilibili,工作细胞
前奏听成CS2的躺平青年音乐盒了,neutral,bilibili,少女乐队的呐喊
我家的重力为何突然变成10个G了？,neutral,bilibili,颂乐人偶
神作补完系列之二。确实是很好看的一部番，也成为了我心目中第一的boy meet girl故事，甜中带着一丝苦涩，音乐也是顶级，情感一下子就勾起来了。,positive,bangumi,四月是你的谎言
2025年6月 刚高考完 是我正式开启广涉猎动漫的作品 恋爱番top1 辉夜大小姐评分最高的一季 究极浪漫 会长和辉夜终于是亲上了 虽然是亲上了 但是不是男女朋友呢？,positive,bangumi,辉夜大小姐想让我告白-超级浪漫-
回复 bili58199543756 主要是没钱了,negative,bilibili,关于我转生变成史莱姆这档事 第三季
回复 Saat拟核 这么真实好吗23333,positive,bilibili,Angels of Death
kno,neutral,bilibili,少女乐队的呐喊
naidesu（即答）,neutral,bilibili,比宇宙更远的地方
wan网吧必须网吧,neutral,bilibili,约会大作战 第四季
byd公生男女通吃,positive,bilibili,四月是你的谎言 粤配版
回复 monika 我知道的,negative,bilibili,NO GAME NO LIFE 游戏人生
同意YY,negative,bilibili,颂乐人偶
如何在治愈和无聊间达到平衡？小露营以极具沉浸感的配乐，毫不含糊的场景作画以及穿插着的有趣小演出营造了这样一种平淡而引人入胜的氛围，将仅在露营和旅行中才能体会到的人间与自然百态顺畅地传递给了观众。第二季相较于第一季给人最突出的感觉就是增加了对角色（主要是和）的家庭描写和在solocamp与集体露营中的切换对比，后者中可以清楚地感受到细腻的成长，而前者也给人以很深的感触，尤其是的爷爷那一段。多希望在未来长大后同样能看到自己的孩子热爱着之前自己的爱好啊。,positive,bangumi,摇曳露营△ 第二季
hso,neutral,bilibili,工作细胞 第二季
还没补正篇TV，但就本部观感来看确实算OVA中观感最上等的那一类了，可以感受到STAFF浓厚的用心与爱。到头来，或许也只能怪二人注定无法同生共死吧。,positive,bangumi,浪客剑心 追忆篇
emo,neutral,bilibili,Angels of Death
"一集一个大故事节奏较慢细节很多，能补充的地方比较少，强烈推荐看完本集后再看！：

1。逆转时间的复原魔法，基本上魔女还有一部分见习生都会，在这个世界不是很稀奇的魔法

2。原著有个细节是在伊蕾娜修复屋顶和沙耶伤势后，此时原文有一句伊蕾娜“半无视像是想对我说什么的她”，怕麻烦找上门就立刻骑扫把离开了没给沙耶说话的机会

3。伊蕾娜在刚丢了胸针还没察觉期间，由于没有身份证明。所以去的饭店也没有给她打折，去的宝石店想卖宝石还被人态度冷淡得回复，毕竟他们以为伊蕾娜连见习生都不是

4。隐瞒真相的沙耶在为伊蕾娜登记旅馆房间时提醒她胸针丢了，原则上不能给伊蕾娜以魔女身份打折，却巧妙用了给你添麻烦就给你打折吧的借口。从伊蕾娜角度只有这家店才给丢了胸针的自己优惠，从沙耶角度没有真的当恶人坑别人，为后面的沙耶并无坏心，只是想留伊蕾娜在身边陪她做了第一个伏笔。原文也提到了伊蕾娜感觉到了一些违和

5。沙耶拜托伊蕾娜教她时，用士下座跪下求，伊蕾娜心里有种全身发麻想踩对方头上的很S的冲动

6。沙耶很多魔法能力不用伊蕾娜教的，简单说就是装菜缠老师的套路，一切只为了让伊蕾娜陪她。远处风魔法吹瓶子是上集里老师教伊蕾娜的

7。伊蕾娜并得知真相没有急着戳穿的原因是分析了利弊和沙耶一系列行动的原因，原则以比较温和的方式让对方把物品主动交出来，当然也有可能是对方是个妹子

8。伊蕾娜送沙耶的备用帽子作为支柱，对伊蕾娜来说是备用的，对沙耶来说约等于定情信物。不论如何也才认识一周不到的时间，伊蕾娜在得到胸针之后，直接第二天就离开了。因此与其说是伊蕾娜在撩妹，还不如说只是相识一场哄女孩的手段更贴切一些。但对沙耶来说伊蕾娜的地位已经超友谊了",positive,bilibili,魔女之旅
saki这个c位本该是你的,negative,bilibili,颂乐人偶
Nina不想mmk只把她当成一个符号标志，而因此为了自己的愿景努力吧，Nina需要的一起持续努力,negative,bilibili,少女乐队的呐喊
16 bit,negative,bilibili,约会大作战 第四季
看了Chobits后再也没法欣赏胃疼动画,negative,bangumi,蜂蜜与四叶草
冷知识：贝多芬耳聋是因为pc得了性病,neutral,bilibili,四月是你的谎言
挺有趣的ova，但感觉没第三季那么有趣和搞笑，演出也没那么大胆69,neutral,bangumi,辉夜大小姐想让我告白 通往大人的阶梯
哆啦新番社追番更好：,negative,bangumi,哆啦A梦 大山版
阿ivmn,neutral,bilibili,间谍过家家 第二季 中配版
这不是c47也不是dc3,negative,bilibili,比宇宙更远的地方
回复 Zeta1 剧情里有交代吗？,negative,bilibili,Fate/Zero 第一季
"1、欧尼酱你有洞 
2、结尾有正片 
3、一色真男人
4、结尾彩蛋 
5、吃饭 睡觉 打六花 
6、我叫正片 
7、邪王真眼是最强的！ 
8、五十八秒六花洗脑转手指 
9、一分零九秒六花洗脑抖屁股 
10、请选择您的英雄 
11、I wanna 啵 非凡 
12、我叫彩蛋 
13、崩坏吧现实！爆裂吧精神！放逐吧这个世界！
14、漆黑烈焰使是仅次于邪王真眼的存在
15、被漆黑的烈焰吞噬吧！
16、A1高闪来一个好吗秋梨膏！
17、老板换显卡
18、丹妈操碎了心
19、好听吗？好听就是好头
20、亲，币，懂？
纪念亿下逝去的青春",positive,bilibili,中二病也要谈恋爱！
"2025年重看，停不下来，两天就看完。
上次看大概是20092010年，当时买的动漫杂志里附带了鲁鲁修第一季的光盘，可惜当年那张盘上有划痕，唯独最后一集播不出来，以至于我这15年来都一直不知道结局是什么。抱着这样的遗憾，我决定重新看一遍。
然而本次重看，我却发现几乎所有的剧情都忘得一干二净，果然时间会冲刷掉一切记忆。仅仅偶尔几个场景留存在我的脑海里，比如鲁鲁修把cc推倒在床上，卡莲和朱雀在孤岛相遇。同为孤岛一话出现的鲁鲁修与尤菲相遇的场景我却完全忘却，甚至尤菲这个角色本身我都没有一丝印象了。
尤菲这种天真的理想主义者，当年的我可能心中掀不起一丝波澜。而现在的我却很喜欢她。她的意外之死让我感到剧情十分狗血，同时也心情复杂，怜悯？遗憾？各种情绪交织在一起，如果她没死的话或者换句话说我只希望哪怕她普通的活下去。
另，对卡莲cc的爱一如既往",positive,bangumi,Code Geass 反叛的鲁路修
作为第一部看完的乐队番（）其实还不错，各种名场面和逻辑基本能自洽，有一说一，还挺适合乐队番入门的（bushi）,positive,bangumi,mygo
我cpu 烧了,negative,bilibili,约会大作战 第四季
老版tv最后的eva，大量的宗教和神秘学元素，个人很喜欢,positive,bangumi,新世纪福音战士剧场版 DEATH(TRUE)2/Air/真心为你
lucy！,neutral,bilibili,四月是你的谎言
和popinpa的op好像,neutral,bilibili,四月是你的谎言
声音好像QB,negative,bilibili,Angels of Death
xueji,neutral,bilibili,比宇宙更远的地方
duang,neutral,bilibili,比宇宙更远的地方
当时原创三大头播了几集之后，基本上gbc就是老大了，剧情也确实有趣，前期小孩哥咔咔战斗什么的，大家的人设也都很棒，486很可爱，还有那个妈妈桑一样的lupa 最后的结局，我感觉还算可以吧，说得过去，并没有感到很拉胯，而且自己对live这一块一直都没什么兴趣，看了那么多乐队动画，并没有什么喜欢的live什么的 因为都不是很感兴趣，这个也不例外，op很好听，确实很好听，很抓耳，看pv就感觉到了,neutral,bangumi,girls band cry
义忍99无cp向,negative,bilibili,鬼灭之刃 柱训练篇
yamorin（傲娇）,neutral,bilibili,少女乐队的呐喊
soyo love,neutral,bilibili,少女乐队的呐喊
chuya,neutral,bilibili,葬送的芙莉莲
解锁世界BOSS原石100，解锁新地图5，完成世界任务60,positive,bilibili,魔女之旅
回复 坂木Sakaki 明明是飞天大焯,negative,bilibili,这个勇者明明超强却过分慎重
回复 常通先生 【后面互相骂人的就是用法语的语调乱读而已。。。毕竟原本漫画里就是符号。我上油管看了下，有个法语的native speaker用英文评论了那个片段，说按照流畅度来排的话，会长的配音是“学了一点点法语的日本人”，辉夜是“法语挺好，能够从容用法语对话，像是在法国住过一段时间”，那个打招呼的法国学生是“几乎是Native Speaker”的程度，而后面对骂的评价则是“gibberish”，也就是所谓的“乱码”。也就是说完全对应了各自的角色】“所有人”出自哪里？又指的是谁？,positive,bilibili,辉夜大小姐想让我告白～天才们的恋爱头脑战～
邪典级别的画风和剧情展开，说实话剧情层面没给我带来太多惊喜，可能是很多桥段在别的作品里被化用了，但是动画制作层面确实惊艳到我了，从画面到配乐，只能说是开山鼻祖系列的作品（说实话，这里面剧情的宗教成分都比eva多，特别是最后圆神像耶稣一样救赎，这是建立在我觉得eva除了设定名字外，跟宗教没啥关系的前提上，但我也不了解基督教，所以只是随便说说）,positive,bangumi,魔法少女小圆
u集a,negative,bilibili,四月是你的谎言
shshhsh,neutral,bilibili,Fate/Zero 第一季
HOLUP,neutral,bilibili,比宇宙更远的地方
Iam 干冰,positive,bilibili,鬼灭之刃 柱训练篇
还是熟悉的味道！又让我回想起了几年前看第一部时仿佛身心得到净化的感受大满足 《虫师》用淡薄空灵的语调缓缓地讲述着一段段如青灯夜话般的怪谈故事。它不伐悲欢离合的俗世情感，也不失哀而不伤的超然境界，建立起人与自然的联系，可谓是物哀美学的最好诠释。最喜欢ep3雪之下和ep8大风起,positive,bangumi,虫师 续章
bilibili无限矿业集团,positive,bilibili,比宇宙更远的地方
光是经费爆炸的演出就值得一看，这一部不同于上一部在剧情上已经有了较大分歧，旧tv版的情感相当扭曲压抑，新剧场版多了很多积极向上的日常剧情，凌波丽的感情线终于补全了，但是男主的情感转折感觉有点儿太快了（虽然旧tv版一直扭曲压抑看的我也非常难受），明日香和旧tv版已经切割了吗（名字都不一样了），旧tv版的明日香一开始是为了“他人”而活，通过别人的认可来实现自我认同，这一部光速和解？,positive,bangumi,福音战士新剧场版：破
killer T战胜恐惧的最好办法就是成为恐惧本身,positive,bilibili,工作细胞 第二季
pro在哪,negative,bilibili,mygo
mmme,neutral,bilibili,比宇宙更远的地方
25916三刷毕。改十分了，不改对不起这一百分钟里掉的两次眼泪。唉，what can i say真的萌豚之神丝毫不过分，在毕业这个氛围的营造上最好的动画。遇见轻音少女这部动画，遇见轻音部是我的幸运。,positive,bangumi,轻音少女 剧场版
回复 橙子chengzi 另外十二型是哪些,neutral,bilibili,鬼灭之刃 刀匠村篇
miss u,negative,bilibili,四月是你的谎言
1000多rmb的票,neutral,bilibili,比宇宙更远的地方
内容少，但是精悍，一路看到现在，LOVE HAPPY END才是最好的答案。A1改的好啊，期待一下完结篇。,positive,bangumi,辉夜大小姐想让我告白 通往大人的阶梯
扎Zn了老Fe,positive,bilibili,比宇宙更远的地方
"简介剧透完了b38
地月冲突为主线，互换身份贯穿全篇并运用的出神入化
前半地球篇的日常回精彩好看，铸剑为犁思想人文关怀打动人心，神BGM
眼花缭乱的MS对战集中在后半月球篇，节奏过快赶剧情，最后月球军方态度转变突兀，相比地球篇观感有所下滑
男主特色画风turnA高达机设丑的不行经典每集光头特大信息量，或许让人在开头很难看下去，作为系列结局建议在看完UC其它几部后再来，不可错过之作
罗兰正直勇敢散发人性光辉，与大小姐、女王、哈利简直是完美人设。留下印象的角色很多如面包小哥等
缺点：以下乱上无视军纪行为频繁出现，依靠制杖角色推进剧情挽尊女，ep2728双方愚昧士兵等，前期二小姐战斗思想莽撞，能理解但观感差
神回：ep81020213550
ep8一集双爆过于震撼
结局黄金之秋月繭，美好理想的UC终点",positive,bangumi,∀高达
完美还原稚嫩的少男少女之间的感情，甜甜甜这集真神了，AB两个part都对上了。两人互相关心，情绪的转移，迸发出的爱已不可抵挡，我心危塑造人物心里转变一绝啊ep23这集对和哥们的关系作了一个收尾，比较中二但是情绪转变塑造一如既往的优秀，看完没有觉得很违和，大家也希望哥们也有一个好的cp塑造啊ep24这剧情铺陈与情绪转变太神了！完美完结，男主这情商与细心，完美表白，多么纯洁的感情啊，明白了为何番剧爱写与学生时代的恋心，这就是人类为何歌颂初恋啊！,positive,bangumi,我心里危险的东西 第二季
、70Hn,neutral,bilibili,比宇宙更远的地方
SIFF 比第一部要更加隐晦，似乎从诸多人偶中看到了对“人偶有无心”的讨论，又似乎看到了其他。也许二刷可以有更详细的感受。,neutral,bangumi,攻壳机动队2 无罪
我做语文阅读理解时Be like：,positive,bilibili,鬼灭之刃 柱训练篇
回复 过去就是一份律师函 我看起来像是EVA里面的初号机，还TMD是一群的那种,neutral,bilibili,因为太怕痛就全点防御力了
回复 东方仗助的darling 还不停像复读机一样问康一要不要打的,negative,bilibili,JOJO的奇妙冒险 黄金之风
老板的pua,neutral,bilibili,关于我转生变成史莱姆这档事 第三季
竟然有paj玩家,negative,bilibili,魔女之旅
制作是可以，但就是藤本树的剧本还是不太行，搬上大荧幕反而放大体现了“如今很多漫画作品的剧本是多么差”这个无奈的现实，当初为啥那么火的来着？漫画第一部整体是有些卖点，但反正到不了随便一个篇章都不错的地步，反正我当时看对这篇章无感。放飞自我的神经病剧情与以“酷分镜”为卖点的漫画的中，boy meets girl 这种剧情是凑数的，确信。,neutral,bangumi,剧场版 链锯人 蕾塞篇
回复 惠惠脑子才没问题呢 巨人已经被放弃了，听说么mappa找了三个外包公司，不再是神仙打架的选手了,negative,bilibili,"世界顶尖的暗杀者,转生为异世界贵族"
symphony！？,neutral,bilibili,四月是你的谎言
Hhhhh,neutral,bilibili,间谍过家家 中配版
你们自己不能穿吗，pr起来也方便,neutral,bilibili,约会大作战 第四季
JIDO,neutral,bilibili,约会大作战 第四季
红姐被前辈骂，白哥被队友骂，不愧是cp,positive,bilibili,工作细胞 第二季
轻音少女为我的2025划上了一个完美的句点，我在写这段评论之前还在犹豫要不要给10分神作，但最终还是觉得她当之无愧。虽然只是一部音乐、日常类作品，但其在人物设计和剧情描写上堪称完美。然而最让我意外的是，最后几集完结的氛围渐起，其所烘托出的情感在主角几人一如既往的日常中逐渐升起，也让观众意识到即将到来的分别之时，不禁让人共情。20话最后的五人学园祭live之后，女孩们在部室里相拥而泣的场景是如此充满离别之情，却又温暖人心。轻音少女虽不是第一部女子乐队动漫，但在无数人心中又留下了无可替代的印记。就像剧中唯创作的那首《UI》代表的情感，珍视现在认为理所应当拥有的，没有你我连道歉都做不到。最后，我想要大声喊出：谢谢你！2025！谢谢你KON！再见2025！再见！KON,positive,bangumi,轻音少女 第二季
她被霸凌可怜 ，一直揪着mmk伤口不放mmk不可怜吗，放过mmk吧,neutral,bilibili,少女乐队的呐喊
回复 我的mikuku 挺好没分呢,negative,bilibili,总之就是非常可爱
ep7，四线交叉叙事；ep10非常搞的讽刺：“免受附属国和敌对国的攻击中国知道你胆子这么大吗？中国没有对白宫不敬他们怎么会？毕竟那样做会相当昂贵”个人top2,positive,bangumi,瑞克和莫蒂 第三季
486这个裤子什么鬼嘛哈哈哈哈          是有点怪怪的感觉思考ing,positive,bilibili,少女乐队的呐喊
我去Faze clan,neutral,bilibili,mygo
回复 nrqqm8957 翻译：在？做个人？,negative,bilibili,刀剑神域 爱丽丝篇 异界战争 -终章-
感觉很适合翻唱魔圆ED,positive,bilibili,mygo
Cos科学家。,positive,bilibili,鬼灭之刃 刀匠村篇
C4 3，4个,neutral,bilibili,比宇宙更远的地方
沃ta,positive,bilibili,少女乐队的呐喊
yosaro！！！,neutral,bilibili,比宇宙更远的地方
wc这个bgm,neutral,bilibili,少女乐队的呐喊
普通人能接触到的南极的旅行费用大概在14w左右,positive,bilibili,比宇宙更远的地方
受制于OVA的放送形式 SSS在细节上的表现不及两部TV 但从立意上来说 SSS依旧保持了攻壳一贯的高水准 神山从宏观上表现出社会发展到一个瓶颈期后的走向 也就是剧中提到的“开始孕育的新社会” 不得不感慨 神山确实将攻壳带到了一个全新的高度,positive,bangumi,攻壳机动队 S.A.C. Solid State Society
回复 AlitaBattleAngel 但是人不是，至少不应该,negative,bilibili,转生成蜘蛛又怎样！
回复 konoha0402  人神共愤aa,negative,bilibili,颂乐人偶
退k打k多k米哇k米带哟,positive,bilibili,四月是你的谎言
"回复 lisiyuan00212 主要在于都是活生生的人，不是游戏数据。谁能当大活人当NPC呢？穿越者就该冷血无情把异世界的大活人当一串代码吗？
NPC这种说法太理想当然了，如果真的让你穿越异世界，和异世界人一起从小长大生活十几年，你也会对他们有感情的。",positive,bilibili,转生成蜘蛛又怎样！
他就是chuuya的cv谷山纪章配的哦,neutral,bilibili,葬送的芙莉莲
还是full,neutral,bilibili,mygo
"平淡无聊的说教型动画，日常部分还可以，一涉及到作者自以为是中二爆发的既不黑也不深的故事时观感完全是一坨。不如拍12集的日常可能还更好看。
ep2这剧情 我只能打出一个？素不相识的人偷窃重要的身份证明然后贴贴了事？什么脑回路。ep3的奴隶女孩可以，但是Apart的花田故事完全是不知所谓。ep9更是年度级别的小丑神人大合集。
摄像机型主角是真的少见，看完我都不懂主角很多地方的行动逻辑和内心想法，完完全全的编剧工具人。
强大的制作和女主的颜值提高了不少风评，作者应该给制作组和插画师磕一个。",neutral,bangumi,魔女之旅
比较古味挺难评，默剧程度让人迷惑的镜头节奏整的一群大物cv感觉全员棒读练习生，薏米菌团出场就刺耳得好像livehouse后台电流。艳，要不再战一回给大家伙梦1下动画重置,neutral,bangumi,灌篮高手
很电波的空气系御宅jk作品，很慢、很放松。虽然想不起来到底讲了什么，但就是很好看。通过此方的御宅生活，窥见了二十年前御宅族的一角，让人感慨时代的变化。还有，泉此方好萌啊好萌啊好萌啊ep2，分镜厉害ep3，收藏观赏传教ep4，贫乳是稀有价值！ep5、6，故事性明显变强了ep11，片尾居然是哆啦A梦ep12，好多凉宫ep16，并没有说大萌神也是cos细思极恐ep20，世界线终于收束了ep21，修学旅行真美好，巡礼京阿尼真棒ep22，神回，此方的彼方，欢笑下的悲伤尽在那停顿的一秒ep24，在最后回收了开始，在突如其来的欢笑中戛然而止，这是未结束的结束，奇迹般的日常仍将是“未定”的未来,positive,bangumi,幸运星
不会是五个人一共20w吧,negative,bilibili,少女乐队的呐喊
这帮人主业是乐队副业才是配音，签的不是cv的经纪公司，签的是唱片公司啦，和其他乐队番的cv不同,negative,bilibili,少女乐队的呐喊
此处的Bgm,negative,bilibili,少女乐队的呐喊
回复 iserlohn1984 我也只是运气好,negative,bilibili,夏目友人帐 第七季
"不过，与其说学姐是针对摩耶花，倒不如说她其实是冲着摩耶花这个小团体来的。两个团体最本质的冲突其实和京吹一模一样，河内组只要嘻嘻哈哈地享受社团活动就好，伊原组则是希望做出点像样的成果。所以在决定要在文化祭上出社刊时，河内组一是消极怠工，二是提议出cosplay。而摩耶花很抵触cosplay，一方面是她害羞，另一方面是她不屑于用这种手段吸引顾客的眼光，这也就是前面提到的她正面反对学姐的事件。眼下虽然做出了社刊，但是效果并没有达到预期，这就给了学姐打顺风团的机会。所以说她挑事单纯就是为了搞事后清算，大概率不会想到这能成为宣传的手段。话说从后面的言论来看学姐其实也是做好了充足的准备，只不过她确实没想到摩耶花竟然知道「黄昏现白骨」，恰好被戳了一直在逃避的心病。至于河内学姐这样做最根本的原因，就是她这条线的谜底了，后面会说的。
河内学姐这两集的表现可能确实不太讨喜，不过她一有实力、二行事比较磊落，不像她那几个小跟班只会明里暗里恶心人。文化祭篇后面她还会出场几次，包括在原作第六卷中的一篇短篇里也有不少戏份，我认为这个人物的塑造还是相当不错的。尽请期待吧。",positive,bilibili,冰菓
什么叫Boss开的小号，放了一个技能，把boss硬控了10秒？,positive,bilibili,鬼灭之刃 柱训练篇
Mitsuri,neutral,bilibili,鬼灭之刃 柱训练篇
就是那个popo猫眼,neutral,bilibili,JOJO的奇妙冒险 石之海
“至死都是少年”的私斋男的超绝性幻想，我的棒子是无敌哒hexa,neutral,bangumi,FLCL
"20251016
晚上没什么事，看完了
有点感慨啊，
king的苦恼太贴近现实了，让人想到了自己，未来是什么样子呢
阿雪最后终于跟自己和解了，“那种珍惜的人渐行渐远，自己又无能为力，只能不断往前进的悲伤感，对男人来说杀伤力很大”",positive,bangumi,强风吹拂
mikasa,neutral,bilibili,魔女之旅
回复 XINTA0 刀片管饱,negative,bilibili,咒术回战
同类型巅峰，校园青春家庭搞笑治愈致郁番，读作clannad，写作人生。,positive,bangumi,CLANNAD 〜AFTER STORY〜
回复 TUTEN哒,negative,bilibili,在下坂本，有何贵干？
老戏骨啊muzumi,positive,bilibili,颂乐人偶
使用皮套的b站键政切片看得太多，导致我先入为主的建立起了对主角们性格人设的印象，以至于完全无法带入剧情。一边看一边在想rana不可能这么天然，tomorin不可能这么自闭，soyorin不可能这么腹黑；倒是anon的风趣和rikki的压力怪勉强对的上。动画本身对于3D技术的运用极其惊艳，某些靠手绘难以实现的镜头，用3D技术能很好的表现。,neutral,bangumi,mygo
ep6无节操的温泉福利回XDep8经典战前flag为了兄弟燃尽了ep9掉下悬崖，然后捡到纯洁少女ep11西蒙重整旗鼓！ep15上半部结束，战胜螺旋王，也是看了整整一年（ep18下半部的幽默政治属实掉观感 ep20优子重新连接ep22宿敌因为生存大义联手合体太帅了但是每次切到罗修我就不舒服ep23在一个燃系动画里做出那些理性决断虽然显得有点小丑，但确实为动画添彩；可是直接把西蒙遗忘在监狱，甚至一点后路都没留给西蒙，在被打醒前罗修就是独断且自大ep25你们的遗志我收下了！ep26大哥T T这样的结局太空虚了,positive,bangumi,天元突破 红莲螺岩
"这番的大体剧情
众人“xxx是来自哪里的xxx，具有xxxx赋予的xxxx，实在是太强了”
男主“不排除比自己强的可能”
5分钟后
“哈？”",negative,bilibili,OVERLORD
维持了前作的质量，同时卖萌元素明显增加，进一步压缩了露营的篇幅。故事更弱了生活气息有那么难创作吗？，氛围营造依旧是“搞笑治愈”；新加入的打工内容对“最重要的露营”几乎没有任何帮助，反而是为“卖萌搞笑”服务。“吃食物被异化的问题”不但存在还更严重了：几乎都是为了“卖萌搞笑”而非“真吃饭”，“准备食物的环节”还被“打工赚钱买食物朋友赠送食物邀请陌生人一起露营”给顶替了。前往各个景点游玩倒是促进了旅游业、圣地巡礼，但美景其实是弱于前作的且环境也没有得到充分利用说是“走马观花”更合适。亮点不是没有一群人围在篝火旁但被氵分极高的日常给稀释掉了，做成剧场版OVA更合适想多了，为了宣传旅游业怎么可能做短。,negative,bangumi,摇曳露营△ 第二季
回复 5t5跳舞m7m骑马 谢啦惠是挨揍了嘛哈哈,negative,bilibili,咒术回战
顶级的美学构建，经典而又深刻的人物塑造，时代化的表达，还有其影响力，这些方面Eva毫无疑问的日漫的top0，至今没有超越的。但若要说故事是多么深刻，那确实cjb了。,positive,bangumi,新世纪福音战士
回复 不吃橘子o0从第一集催到现在的我2333,negative,bilibili,Charlotte
"【最新科普】刀剑神域 爱丽丝篇 异界战争 第15话科普（先行版）：1、担任魔法职的日本人玩家，虽然无法模仿正职的Underworld人修道士那种利用心念来增幅效果的技术，但因为是把高等级角色转移过来，所以拥有相当高的术式行使权限，再用新学会的神圣术治愈手伤的友军，从需要的治愈力来说已经相当足够了。2、微笑棺木，正式名称是「Laughing Coffin」。从死亡游戏SAO的中期到后期，一直在浮游城艾恩葛朗特里散布恐惧的最强杀人者公会。「赤眼沙萨」与「Johnny Black」等知名PKer多隶属于该公会，他们对无数的一般玩家伸出毒手最后在与攻略组玩家的共同讨伐队进行死斗后遭到毁灭。
【往期科普】
第14话科普：av668887612
第13话科普：av371278903
第12话：av81357476
第11话：av80800737
第10话：av79384737
第9话：av78927219
第8话：av78048818
第7话：av77267726
第6话：av76325503
第5话：av75603520
第4话：av74802434
第3话：av74086890
第2话：av73230743
第1话：av71123427
OP「ANIMA」完整版【中日歌词】：av541297702
ED「I will」完整版【中日歌词】：av926484171",positive,bilibili,刀剑神域 爱丽丝篇 异界战争 -终章-
早有耳闻的番，也是bang第一次出现在我视线，从第七集mygo！！！！！开始加速，第十集的诗超绊让人感动，它让我真正领略二创对番的影响，也让我第一次接触音游，我喜欢她们的故事，也很爱她们的音乐,positive,bangumi,mygo
回复 riginal但是你不觉得穿越个时空就都解决了吗，还用这么费劲，现在越来越感觉石头门的厉害了，完美不可能有人超过啊,negative,bilibili,Charlotte
No,negative,bilibili,四月是你的谎言
阴暗mem,negative,bilibili,颂乐人偶
队友技能CD,positive,bilibili,四月是你的谎言
回复 SKi梅知故 hhhhhhhhhhhhhhhhhhhhhhhhhhhhhhhhhhhhhhhhhhhhhhhhhhh离谱,negative,bilibili,咒术回战
富野的钢弹剧集可以在水剧情的同时兼顾主线的推进，并不乏一个个亮眼且禅意十足的单集。虽难以避免脸谱化的问题，但我们得以在一次漫长的JRPG式的远征和回归中借由50集的时间跨度一窥所有角色的人物弧光。随着菅野洋子天才般的《月之茧》，角色们的命运在短暂交汇后指向各自的方向，而亘古不变的则是周而复始的月相，还有同钢弹一并终将被封存的、有关少年少女的冒险故事,positive,bangumi,∀高达
澪对应的是DCD，那么狂三对应的就是zio,negative,bilibili,约会大作战 第四季
"为第二季最终话写的完结感言，如果可以请帮忙顶一下，想与更多的小伙伴分享（发晚了应该没人看得到了ORZ

温馨提示：意犹未尽的小伙伴可以考虑补原作漫画剩下的章节， 可以从第27话一直补到第30话最终话【原作漫画已经于今年一月完结，最终章为新 冠篇】

“就算光彻底消失了，我们也不会舍弃希望，继续工作，直到这具身体燃烧到生命尽头”白血球1146

94年出生的原作漫画作者清水茜曾在访谈中坦言，“细胞拟人化”的灵感主要来自于妹妹一句无心的建议：如果画成漫画的话，那么书本中枯燥乏味的细胞与身体机能知识说不定亦能变得引人入胜。只是当时还在为漫画家养成学校的毕业作品而犯愁的清水茜自己也未能预料到，当她将这个想法付诸实践后，竟得到了社会主流的诸多好评，其改编动画以及诸多衍生外传亦成功地以寓教于乐的方式向更多的观众传递身体的奥妙

（这里需要特别说一下，作者清水茜承认自己并没有接受过专业的医学教育，许多资料都是与编剧在网上考证的。所以片中的部分情节会由于剧情发展的考量，有些许夸张化处理或停留在医学假说的未证实信息【例如本季对乳酸菌等益生菌的刻画】。这毕竟是一部入门科普性质的作品，请理解在专业性上会有妥协）

第二季以癌细胞的再次灭亡而圆满结束。虽然癌细胞自诩自己只是会下去的想法没有错。但这本身就是漏洞百出的逻辑陷阱。虽有着无孔不入的游走能力，令人乍舌的繁殖速度，以及随时都能死灰复燃的难缠生命力，但是癌细胞的存在不但对身体毫无益处，反而抢夺其他细胞的资源，空间与营养，最终危及人体。所以这种强词夺理的说辞自然不会让免疫细胞心慈手软

最后也恳请各位小伙伴能尽可能地善待自己的身体，如果能时不时地想起那些无休无眠，任劳任怨的拟人化细胞，并重新燃起对健康生活的追求。那么这部科普作品也就达到了目的了吧（微笑）

各位小伙伴的健康指数",positive,bilibili,工作细胞 第二季
特别讲一下第七集。第七集单拎出来确实算是个神回，各方面的表现都很好，但个人认为第七集在本作中是个有点违和的存在。蜂蜜与四叶草的叙事，往往是同个主题、同个人物，用不同的情景和角度反复咀嚼，嚼到很碎很碎，直至每一处细节都清楚明白。而第七集讲的这些森田家的事情和人物，对观众而言都太陌生了，在缺乏铺陈的前提下，即便处理的再好，总还是会让人觉得不够完整。  神回、优秀单回：ep4（系构黑田洋介脚本，高田耕一分镜）、ep7（系构黑田洋介脚本，大畑清隆分镜）,positive,bangumi,蜂蜜与四叶草II
叠个甲先，问就是我是个愤怒的啥 b，但明日方舟我求你了能不能联动点正常的东西实在没活了可以复刻下彩六联动呢，海猫我恨你但我还是捡起来五倍速看完了，上次看到第三话点抛弃的时候还给了 6 分，看完发现我多年前对 Carole  Tuesday 还是话说的太重了，CT 写不来科幻剧情又咋的，歌也好听主角人设也讨喜画风也漂亮就这么两个人互相支持着萌萌地搞事业做音乐罢了，我道歉我改分，我再给利兹和青鸟一并道歉了，相比之下就算不说 mygo 这抽象剧情为什么某几部乐队番根本感觉不到发自内心对音乐的喜爱更不存在团魂而是非要纠结某种不存在的缘分，女女关系性这块如果实在不想看 CT 的话哪怕来追 kpop 呢，这不现成的吗吃点好的吧（挠头）,negative,bangumi,mygo
我家猫叫 AC 米兰,neutral,bilibili,四月是你的谎言
"五：
接下来来到现实 这部分的细节或者彩蛋是最多的
首先2分23秒处
从评论音轨的透露我们可以确定 
画面的背景是东京标志性的地标涩谷十字路口
而亚丝娜的手机中显示了她的成绩
716的偏差值属于是超级学霸的范畴
而背后大屏幕中播送的滚动字幕正是
11月6日下午1点 SAO正式开服的消息",negative,bilibili,刀剑神域进击篇：无星之夜
0个人想听你们c团唱歌,negative,bilibili,颂乐人偶
ray我承包了，因为zake我本人（不接受反驳）,negative,bilibili,Angels of Death
Qq弹弹,negative,bilibili,魔女之旅
PA骗大,negative,bilibili,颂乐人偶
我好想拥有一把martin om啊啊啊啊啊啊啊啊啊    啊啊啊啊啊,positive,bilibili,少女乐队的呐喊
NO！,neutral,bilibili,四月是你的谎言
"空有人设的作品，白开水对白，白开水演出相当无聊。
最为致命的问题在于故事展开逻辑充满作者说教的意味，作者总喜欢给故事一个莫名其妙的展开，在结尾再告诉原因，这一看起来“高明”想要传达教育的叙事手段，实则角色行为动机相当莫名其妙，有几幕设计得实在太差。搞不懂作者的恶趣味，在一部画风看似温馨日常的公路番中非要添加那么多黑深残的内容，太过于割裂了。虽说是旅行的单元回，但整体之间联系过于差，也没有个明确的主线，除了好友沙耶的成长以外很难看到有什么变化。fll和狼辛的旅途好歹还有明确的主线，对比下来本作这空堆砌了12集的充满说教意味的故事实在让人难受",neutral,bangumi,魔女之旅
差点看成红标bandai了,negative,bilibili,mygo
ko i zi,negative,bilibili,比宇宙更远的地方
盖棺定论，这系列全是狗屎。什么狗屁蒙太奇，什么狗屁多线回环叙事，大卫林奇和盖里奇合体都不敢这么拍。boss战的设计更是一坨屎，我现在立刻就可以给出一个完美的替代解决方案：你有一把能切开结界的刀，你已知这个楼不仅是结界而且是反派的“体内”，那你为什么不直接反过来利用反派设置的电梯，把刀出鞘了放在电梯的地上，然后按一下最高的楼层呢？然后主角只要负责挨打拖时间就行了，刀被电梯运到最顶层的瞬间，反派的身体被切开，当场暴毙，多酷炫。,negative,bangumi,剧场版 空之境界 第五章 矛盾螺旋
KING将军,positive,bilibili,颂乐人偶
说寸头过分了的加（doge）就过分了啊（doge）,negative,bilibili,约会大作战 第四季
好有cp感,positive,bilibili,葬送的芙莉莲
“你躲过了我必杀的一枪啊！” “你躲过了我的核弹啊！！” “你躲过了我的秘剑啊！！！” saber“怪我咯？”,negative,bilibili,Fate/stay night [Unlimited Blade Works] 第一季
忘不掉才是对的，如果能忘掉c团也就说明会有忘掉g团的可能，正是因为忘不掉遗憾，才会去珍惜现在的每个瞬间,neutral,bilibili,mygo
幻听blue luck,neutral,bilibili,少女乐队的呐喊
我真怕她说着说着就开始唱迷星叫hhhhhhhh,neutral,bilibili,mygo
回复 selldavid wc，要按你这个说法不成bug了，不死之身还怎么打呀？,negative,bilibili,鬼灭之刃 游郭篇
回复 AM400 不要太说的过于真实,negative,bilibili,我的青春恋爱物语果然有问题。
回复 御坂美琴NO1 那确实，原来看s的时候也被虐死了；；后来都好起来了,negative,bilibili,某科学的超电磁炮T
从小到大没晕过Dog,neutral,bilibili,比宇宙更远的地方
love train,neutral,bilibili,约会大作战 第四季
回复 呱呱A1 回复 呱呱A1 什么是热血的子供番的意思啊？,negative,bilibili,国王排名 勇气的宝箱
s1mple对现在的navi有什么看法呢,positive,bilibili,少女乐队的呐喊
很意外的是第二季反而没有第一季给我的触动大，第一季从时间厚度和力石战两个方面都给我相当大的收获，而第二季注重于拳击比赛，再加上燃尽始终没有和我的电波达成一致，使得我的反馈不及当年的观众。明日之丈2的剧情，包括主题和雪白的灰，都是毋庸置疑的伟大，但是即使是出崎统，当年的动画，而且是电视台播放的动画，表现力也是极其被限制的。就在刚刚我看完了47级，可是我想的竟然是“可惜是1980年的动画，要是现在的技术力重制，表现力不得上升十倍在bangumi无尽攀升啊”。但是没有这种如果，明日之丈是那个时代的漫画，明日之丈的葬礼也是那个时代的自发行为，出崎统也是那个时代的人，赛璐珞也是那个时代的东西，丈2是什么样，就是什么样，如同矢吹丈一样，我燃烧了，迸发出了闪耀的红光，如此，我便来过这个世界，我便无悔、无愧于这个世界了。所以50年后只有maglobox而没有明日之丈,positive,bangumi,明日之丈2
这个动画缺点一是剧情无聊，子供向的光美剧情还真比它强；另一点是没有逻辑，非常莫名其妙，为什么艾莉西亚会选择灯里？祖母回忆里为什么亚里亚社长一直看向海边？艾莉西亚结婚是怎么一回事？蓝华为什么会喜欢上阿鲁？作者想一出是一出，设定出现的时候没有铺垫，也不给你解释，只能说无敌了；最后，我上一季的时候吐槽caitsith意义不明，这一季倒好直接没这猫了，就当我（caitsith）没来过，那你tm上一季安排它到底是要干嘛啊？,neutral,bangumi,水星领航员 第三季
歌名《killkiss》,positive,bilibili,少女乐队的呐喊
时间线大概是接着sac2 配乐水准仍然在线 故事也是程序正义vs所谓的结果正义的壳味交锋 但总觉得比起优秀续作更像TV版的encore 也许是两季度TV版太惊艳了吧,positive,bangumi,攻壳机动队 S.A.C. Solid State Society
“怎么样，我的C和弦”,negative,bilibili,少女乐队的呐喊
2575看到西蒙出狱gurren集结的那一刻差点哭了。总体来说是一部非常不错的王道热血番，也是我接触的第一部萝卜。炫酷的打戏让人根本想不到它是07年的作品。个人更喜欢前半部分，看着西蒙不断成长更有意思，后期各种术语不理解，有种开挂的感觉。尼亚，意难平啊。。。最后一集结尾gurren团老去的样子感觉有点那个,positive,bangumi,天元突破 红莲螺岩
Bad times make a good man,negative,bilibili,碧蓝之海 第二季
Saki,neutral,bilibili,四月是你的谎言
gkdgkd,neutral,bilibili,鬼灭之刃 中配版
前进shift,negative,bilibili,比宇宙更远的地方
回复 名前NAMAE 敲门者也在进化，第一集说为了躲不死，变小了。小到不死感知不到，OP后面打的也是敲门者。,negative,bilibili,致不灭的你 第三季
（8）别忘了看总集篇mad  剧情俗套，但其余演出作画音乐氛围素质顶尖，可惜未曾动人心魄，也许只是not my type吧  普普通通的故事，总能故作深沉文艺也是种才能  24分钟的港式武打黑帮片，篇幅蛮尴尬，好在主线还是很能体现生死过去的感觉的  看来是某几个关键单元回大加分才有9，大部分可能都平庸。首先EP坠落确实挺有感觉，但不至于评论所言一话封神Jet前任回依旧典但算有感觉惊悚搞笑回背叛回悲哀氛围不错象棋回喜欢主题，终于脱离港片典中典剧情，目前最佳录像带回感觉不如小南极小丑回感觉不如绮丽梦中人爆笑回点题兼讽刺极左资本主义掰扯了下血肉灵魂日常的闭幕总是让人唏嘘，SAC如此、蜂蜜四叶草如此、CLAS如此，很多很多各种象征很有韵味太有黑帮片感觉了  渡边其实一直一般吧。大部分出彩回都不是他的（）还得是人脉,positive,bangumi,星际牛仔
回复 bili17857690947 不是后宫吧fate,negative,bilibili,Fate/stay night [Unlimited Blade Works] 第一季
"回不去的那个夏天，那个讨论环境，那个社区氛围，那个二创的黄金时期，每周疯狂星期四自己先看一遍，周五42062再看一遍，周六33989再看一遍，谢谢大家的陪伴。
同时感谢go让我接触到krkrdkdk的邦多利；至于鸡狗，已切割，我祝她们幸福",positive,bangumi,mygo
第一次考级belikw,positive,bilibili,四月是你的谎言
2025518在电影院看完。剧里抛出了很多问题：环保问题、人性问题、性别问题等。但是诸多问题直到影片结束都没得到一个很好的解决，还是回归到 Boy Meets Girl 剧情架构。抛开这些，顶级制作影院音效没有删减，这观影体验绝对值得一看。我才注意到海报上已经有这个故事的主题：「生」。按照这样想，这部电影并不是想提出并解决问题，而是围绕着「生」这句话，每个角色会做出怎么理解和行动。,positive,bangumi,幽灵公主
PVP爱好者,neutral,bilibili,葬送的芙莉莲
从容，读cong，配音出问题了,positive,bilibili,间谍过家家 粤配版
km,neutral,bilibili,四月是你的谎言 粤配版
花魁姐姐不要死掉a她不会死掉的对吧？不会死掉的QAQ,negative,bilibili,鬼灭之刃 游郭篇
Bass其实还是很重要的啦，乐队的灵魂啦,positive,bilibili,少女乐队的呐喊
和平的鸽子在海面上投影下了战机的影子；和平与战争以地理为界限，虚假与现实为思想所意识：这些界限皆为模糊的。和平或许不是真切的，但于个人的想要打破集体幻想为自己主义中的现实、蔑视凌驾于和平中的人者，终究其为将战争带到虚假的和平日常中之人，而为昔日情人所回归、接受虚假却是现实的和平。保守主义者以其行为上的不作恶自居，而开脱其为恶的根源。装甲从城市的镜像融入进行脱敏训练，社会实体是带电的，在其被真正作用之前，战争的开始就以产生加速或者说，从未离去，作为runaway的post war尤其在人为而非神为的一场失败的战争后的消去也只是边界条件带入的反推。,negative,bangumi,机动警察剧场版2 和平保卫战
Donk,neutral,bilibili,魔女之旅
南极有dogma,neutral,bilibili,比宇宙更远的地方
史派克的爱恨情仇有点意思，关于电视的那集简直就是神预言，call me call me有点好听,positive,bangumi,星际牛仔
说的是谁啊，好难猜啊，你说是吧saki,neutral,bilibili,少女乐队的呐喊
Riber还要看多久？,negative,bilibili,Fate/Zero 第一季
"赛博朋克的标签不足以概括它，“神作”
的词藻不足以形容它，这就是SAC2nd
。10分是分数的上限，不是它的上限",positive,bangumi,攻壳机动队 S.A.C. 2nd GIG
依旧赶不上第一季的韵味，但比起续章前半部多了些故事性，其中ep12、13、17的“你无处不在”和20观感最好，ep13、19最黑。分镜印象最好的是大地丙太郎回。不过续章的问题在于有时虫离开得太随便，而不是人为。最有共鸣的是“廻陋”，这种好像过去经历过的既视感时有发生。ep19作画失误熊孩子变兔斯基哈哈,neutral,bangumi,虫师 续章 第2部分
wwwww好可爱,positive,bilibili,比宇宙更远的地方
超神般的蒙太奇，同时蘑菇也将自己的哲学思想展现的淋漓尽致，多线叙事的穿插，为真相埋上了一层不可揭开的迷雾，臙条巴的矛盾是自己的存在与价值，而两仪式的矛盾与螺旋更是穿插全篇，在这章迎来了爆发，神一般的构思，蘑菇确实更适合写推理性的剧情，梶浦由记的音乐也是一绝，但相比较原作还是少些细节，但总体看UFO已经做的非常棒，但UFO似乎忘了自己是做什么起家的了,positive,bangumi,剧场版 空之境界 第五章 矛盾螺旋
"07集副标题为Post nubila Phoebus 标题译名：雨过天晴。
短语释义：云开见日
字面含义：云开见日

这是一句拉丁文中的常用短语，在现代语境下的使用频率也比较可观，包括但不限于机构标语、人物座右铭、文章开场白、纹身等等场合。
词语含义方面，“Post”意为“在之后”，“nubila”意为“云；雨云”，“Phoebus”意为“阿波罗；光明”。
故整局短语的字面意思即为“在云后有光明”。
在具体使用时，该短语的含义和中文语境下的“雨云”“太阳”等意象所要表达的隐喻基本吻合，故诸如“云开雾散”“雨过天晴”“拨云见日””拨开云雾见彩虹“等等表达类似于”黑暗过后终于迎来了光明“的词汇短语均可表达该短语的含义。
而结合本集剧情，历经种种误解纠葛后，少女们心中那场始终不曾停歇的雨，终于在本集迎来了结束。美好如春日阳光的那段过往，也终于从阴霾中再次绽放出了光芒。故在翻译时笔者选择了“雨过天晴”一词。

小司员回去循环《春日影》去了，大家也别忘了关注小司账号哦",positive,bilibili,颂乐人偶
8y0,neutral,bilibili,Angels of Death
A1成功地肘赢大赤，端下了已经烂完了的漫画剧情，直接来到送别的片段，我说这是对的啊！不得不说辉夜从开头到结尾都保持了很高质量的画面与很有趣的演出，剧情在删除了争议情节之后也很不错。这个OVA更是厨力大放送，各种地方都充满了细节，人物的小表情与心理都刻画得很到位，ep1里面都是我喜欢的情节，真的有趣好玩，精彩万分。很难想象在以后还有哪部恋爱番可以超过这个ip了。83不得不说这一部画面真的是全系列最佳，人物真的很可爱很可爱！圭的那一段演出真的非常牛逼，让我对这个人物的印象加深了很多。10000,positive,bangumi,辉夜大小姐想让我告白 通往大人的阶梯
在mygo刚刚完结之际，趁着社群热度讨论度还在，花一下午迅速补完了。首先夸夸得益于3d制作，实现了很多非常炫酷的LIVE拍摄，二创也相当有趣，但是女女关系性稍微描写的有点刻意，人物塑造方面比较喜欢爱音这位相对有逻辑的正常人，其他人在一旁恨海情天，但是真的说为什么有那么沉重的爱呢？又说不太上来，总之单纯跟着情绪走的话，mygo还是很值得一看的,positive,bangumi,mygo
2025421 ep6 并非漫无止境的时间海洋，一想到人的寿命只有短短不到百年，有时也会感叹自己过去的碌碌无为,positive,bangumi,虫师
果然官配CP,neutral,bilibili,比宇宙更远的地方
GIO  GIO  GIO,neutral,bilibili,比宇宙更远的地方
空之律者VS识之律者,positive,bilibili,Fate/Zero 第一季
回复 17287445429bili 超 好不容易忘了,negative,bilibili,中二病也要谈恋爱！
居然是new type,negative,bilibili,少女乐队的呐喊
的传奇一生。这个角色塑造非常成功，很难用单纯的善恶去定义他。他有作为海盗屠村的邪恶的一面，也有作为战士高洁的一面。两种本该矛盾的侧面却在身上得到统合。同时拥有这两面才是。他的行为极具争议性但也让这个角色富有魅力。后半段他和王子的互相成就更是将作品拔高一个水平。让懦弱的王子成长为真正的王者，王子让暮年能成为真正的战士死去。冰海战记实话这里彻底完结我都觉得毫无问题。而本作的最大的缺点居然是本作的主人公tool芬。的故事越揭晓越显得tool芬这个角色怎么那么的蠢。杀死自己仇人只用2年，而tool芬给他11年还是不中用。怎么就不一刀砍死他呢？过去和复仇的奴隶，王子初期那么巨婴都走出来，甚至原谅了杀死自己父亲一般存在的，而男主他就是个废物,neutral,bangumi,冰海战记
因为我之前在一些混剪里被剧透了，所以对“巴尼，已经不用战斗了”没什么感触。前期一直纠结于巴尼吉翁的身份，虽然联邦也不是啥好人但是小孩猛帮fxs我看着有点纠结情感带入不进去。结果结尾一句“阿尔不要在哭了，战争马上就要开始了”直接震撼到我了，反战神作无需多言,positive,bangumi,机动战士高达0080 口袋里的战争
me是干冰,positive,bilibili,鬼灭之刃 柱训练篇
现在才开始看似乎有点晚了前三集看起来很一般啊，看看后面有没有说法EP1 爱音配音欠火候啊，新人吧EP3 唉现在看到丰川祥子一次就绷不住一次，没救了,neutral,bangumi,mygo
saki酱saki酱saki酱saki酱saki酱saki酱,negative,bilibili,mygo
"re从零开始的异世界 第二季圣域篇 
这章交代了很多重要剧情 ，
男女主的心态 觉悟 相互升华 。以及EMT阵容的正式确立
全篇泪点贼多，从最开始到结束 ，中间真的很多地方很有感触，泪点低的，到时候看怕是每集都要哭一次。
从目前来看圣域篇应该算是re0剧情里面的最高潮了。",positive,bilibili,Re：从零开始的异世界生活 第二季 前半
突破天际的钻头，我认可了，区区一个钻头，竟能有如此的power，这10分我真得给你了,positive,bangumi,天元突破 红莲螺岩
u1s1不是很get到前期的剧情，吃不了细糠,neutral,bangumi,葬送的芙莉莲
像极了cp粉对becp隔着屏幕传达不到的声音,negative,bilibili,夏目友人帐 第七季
两coin赢,neutral,bilibili,四月是你的谎言
wryyyyy（幻听,positive,bilibili,工作细胞 第二季
女主不是真信教，Ray信教的话，是不会在后面人zack当她的神的,neutral,bilibili,Angels of Death
挺好的，有点宫崎骏式演出。However，太短了。再想到现在海贼王的烂尾状况，浪费情怀。,negative,bangumi,航海王：粉丝来信
666怎么还chang,negative,bilibili,鬼灭之刃 柱训练篇
震撼的视觉效果配合当时还没有那么严格的审核尺度下的露出度形成了很大的视觉冲击 与tv2526互成表里又引导出了不同的结局 能看出来这部剧场版带有监督自己的私货 对于粉丝的不满  诞生了许多的名场面和名曲配合致死量的现实画面足以载入史册 但就我个人而言 感觉表达出来的内核深刻程度不如tv版最后两集 因此扣一分,positive,bangumi,新世纪福音战士剧场版 Air/真心为你
回复 DYS广东李浩宇  hhh我二倍速看，因为看过漫画了,neutral,bilibili,虚构推理 第二季
我一直对院线电影会有些看法，不是因为别的原因，就是因为有这样的作品。其实你这么想你一部作品你已经足够的有趣，你本身的TV版就已经有了足够的内容，如果只是把TV版单拿出去的话就已经可以留在历史上，然后在TV版的基础上，在默认了情感铺垫和设定上，看电影的人就是门槛高了，能传达的东西就是比院线电影多。很多时候会做一些情怀的东西，大家也不会说什么。但是你现在拿出来这么优秀，在流畅的观感上已经远超了TV版的这样的动画电影，在完整的故事设计上，再一次重演了作品的核心观念，发展，颠覆，这样的体验本身就是一种奇迹，所以游戏人生，少女歌剧，轻音少女这样的才是我心目中真正的动画电影。不是那种脑袋空空进电影院就能一次性看完的便宜的东西。这才是我所期望的每一个动画所应当作为谢幕的形式。,positive,bangumi,凉宫春日的消失
上一部nana,neutral,bilibili,四月是你的谎言
RAS：“我与我是共犯者”,neutral,bilibili,mygo
二次元特有的救赎，我看不出来主角的人物魅力在哪里，我只看出来随时随地的耍脾气摆脸色，说话没心没肺还赖这赖那，只要靠着主角关环就有人前继后赴地来拯救自己，还有一个大小姐和一个妈一直顺着你。干啥事都要分个无意义的对错，永远都是“我是对的，你是错的”。Bro活在梦里,negative,bangumi,girls band cry
最亮的那颗是卡兹sam,neutral,bilibili,四月是你的谎言
有不少优秀单元回（如第十话关于战争带给人的创伤），主线上笑脸男的设计很吸引人，最后笑脸男事件，村井疫苗，政治斗争，塔奇克马的觉醒多线合一。SAC的核心思想就是stand alone complex和ghost in the shell，可以说是思想最深刻的动画之一。菅野洋子的配乐也非常具有赛博感。,positive,bangumi,攻壳机动队 STAND ALONE COMPLEX
主公oo,positive,bilibili,鬼灭之刃 刀匠村篇
L  S  P  拍  卖  会,negative,bilibili,魔女之旅
no no,neutral,bilibili,鬼灭之刃 柱训练篇
"【难得没有迟到的不正经科普】
本集制作与小说出入非常大，甚至牵动了时间线，不过能用两集讲完一卷还不让观众觉得奇怪制作组已经很努力了（本集少许崩坏，经费估计留给妹妹篇幅了）
1会做饭的男生很受欢迎；麻衣说过晚上八点后就别回来了，这是昭和时期的门禁
2装信的盒子是36片装大份鸽饼（也称作up饼），鸽子饼是镰仓特产
3麻衣的鬼片根本不恐怖，说出阎魔爱台词的时候甚至很可爱（小说里和花抱着巨大的抱枕偷瞄着电视看完的）
4和花与咲太在海滩上走，回头的时候角度是新房四十五度角；和花因为震惊于姐姐和咲太接吻被自己绊倒了，扑向咲太的时候咲太没有接住被扑倒了，亲到了咲太的脸颊。全被制作组删了
 5麻衣身体的和花在对咲太不满的时候会变成这个表情包（）
6咲太因为枫的事情家庭分裂成了两块，当时对咲太支撑最大的还是牧之原翔子，而且这里算一个伏笔
7咲太和老爸见面之前，古贺的戏份全被删了（咖啡店咲太隔壁桌，樱花庄学生会长求婚的场景也没了）
8咲太回家会洗手漱口，因为和花身体的麻衣说过『如果你得了感冒还传染给我，头给你锤烂』之类的话
9演唱会里每种颜色的荧光棒对应一位偶像，小说里主唱是犹豫了一下和花补救的，并非话筒掉落这种不可能犯的低级错误
10和花妈妈与和花算是祖传发际线，而且我觉得麻衣的妈妈更漂亮一点
11咲太与和花坐车回家垫的毯子，是因为出租车司机经常在海里捞乘客（x），经常接到浑身湿透的乘客，所以后备箱备着一
12和花与麻衣变回去的一瞬间音效太奇怪了，如果你读到我这条评论请白天补番，我怕你们被吓到
13双叶在和咲太谈话的时候永远在用实验设备泡一些东西（话说我现在连猩猩都不如了吗；；？）
14麻衣的电影发布会被删了，和咲太走在一起的照片也没有打码，因为是从远处拍的根本不可能看得清人的脸
15制作组删了咲太回公寓的时候在信箱里拿到了署名“翔子小姐”的信
16青春恋爱喜剧到此结束，后面再也没有喜剧给你们看了
17评论区篇幅限制，我稍后会将专栏写出来，估计白天能审核好，各位观众姥爷可以赏个脸来看一下鄙人的专栏",positive,bilibili,青春猪头少年不会梦到兔女郎学姐
不是区区毛发！！！！每一根Tony都很重要！！！！,negative,bilibili,工作细胞 第二季
a上去啊快a上去啊,negative,bilibili,约会大作战 第四季
回复 Nicocococococo丫 452055367这是聊动漫的群，留住童年回忆，喜欢的小伙伴来加入吧！,positive,bilibili,青春猪头少年不会梦到怀梦美少女
番茄红素的老kon了233,neutral,bilibili,比宇宙更远的地方
东北冻梨。zzz,negative,bilibili,鬼灭之刃 柱训练篇
回复 HonoKa哼哼ddwaqb回复 二次元小路飞39,negative,bilibili,四月是你的谎言
"真的是每集都感同身受，这讲的就是【我】啊！
“没有什么比有情人终成眷属 更不值一提的事了”
ps第一次全季用075倍速观看，一种新的体会呢",positive,bangumi,四叠半神话大系
KFC,neutral,bilibili,关于我转生变成史莱姆这档事 第三季
tamago paradise 2333,neutral,bilibili,比宇宙更远的地方
回复 杀青w 99！99！,negative,bilibili,路人超能100 III(灵能百分百 第三季)
ky这个评价有点过分了,negative,bilibili,比宇宙更远的地方
"一直都对hiphop或者武士元素不太很感冒。直到去年看了刀语，两部平家物语，终于一个不眠之夜无事可干无聊至极拾起，看着其实还行。
ost虽然已经听过很久很久了，但是看到片尾海边侧脸的风，那句夢遠，月夜的芦苇和黄昏的树与雀，确实是一番韵味。",positive,bangumi,混沌武士
耶撕多菇呆一die哟,negative,bilibili,Angels of Death
95，ova類作品頂點，分鏡和配樂能稱上是藝術品,positive,bangumi,浪客剑心 追忆篇
叔叔你做的好啊，那怀玉篇能一起买了吗？咒术回战官方手游,positive,bilibili,剧场版 咒术回战 0
第一部剧场版后的时间线 美术风格实在太棒了 哥特式教堂顶上的关羽像 操作台边上的八卦阵 极致的现代科技和古典元素组合营造出来的独特诡谲感本作探讨内容个人感觉更加深刻一点 人类的独特性在历史长河中经历了多次的冲击 进化论破除了神学塑造带来的独特性 而人工智能则严重冲击了人类的自我性 我们是否真的存在自我 也许所谓的自我也只是感官世界和记忆综合的产物 本质上和智能机器人没有什么区别 凡所有相 皆是虚妄公司为了提升销量复制孩童Ghost控制义体人偶 孩童为了自救操作人偶虐杀买主从而引起重视 这里谁是无罪的呢唯一降低观感的部分就是押井守的掉书袋 我可以理解在故事的时间线里 人人大脑都存储了海量书籍并且可以随时联网谷歌 但观感上真的不太好,positive,bangumi,攻壳机动队2 无罪
回复 270665423bili 我第一个谢他，当麻、美琴和食蜂被他这么关照啊，当然要好好感谢,neutral,bilibili,某科学的超电磁炮T
小学音乐课看过，感觉好长好长，没看明白。过几天重看2541重看，逐渐回忆起童年记忆，对暗号、红蓝眼王虫、空中的金色田野上的蓝衣女孩。说实话真是硬看，老赛璐珞本来就暗，再加上大部分时间是夜里或地下，更闷了。我可能到底跟这种非真实物理的奇幻片相性不和，结尾很仓促。bgm 久石让还在宫崎骏片里写过这种啊印象曲很好听。补漫画去了。,neutral,bangumi,风之谷
对方发起了5V5挑战，输的砸麦克风,positive,bilibili,少女乐队的呐喊
连着3天终于也是把这部对他人可能跨越了25年的作品，对于我算是跨越了30年的作品补完了。个人观感tv是做的非常赶的，作品算是在18话才算拉开序幕，但1820个人觉得剧情整部下来最有刻意安排的感觉，而一部26集的tv版在18开始加上后面的意识流两集至少很多东西是没填的，好在有后来的air真心为你填了这个坑，多少提升了观感。至于后面的剧场版破算是对日常的补足更多，并且将tv1820这段用日常的一个约定将其改编了。后来的剧场版Q又犯了tv1820的问题，至于序和终算是中规中矩。其实这类作品越是描写残酷就越是向往日常，这也可能是我更喜欢破的原因。正如终里面班长说的每一天都能和今天一样就万事大吉了”，说实话这里的人们只是想要幸福日复一日的生活罢了。,positive,bangumi,新・福音战士剧场版：终
回复 plazum 然而并没有一点卵用,negative,bilibili,总之就是非常可爱
新人不友好，但是作为一部企划的终结，足够好了。结尾beuatiful world 响起来，才意识到确实是完结了,positive,bangumi,新・福音战士剧场版：终
太精彩了，好久没有遇到一口气看完的作品，非常精彩的群像故事，甚至还是原创。没有时髦的设定，没有美型的人物，最开始的画面是一个死感很足的海象在出租车里听无聊的漫才，让人不禁“哈？”，但却很自然推进剧情，每个乘客有自己的故事，聊家常一样聊聊这个案件，那个新闻，就和真实生活中和出租车司机聊天一样自然，但是无形之中从各种人物不同的视角串起整个剧情。独白台词也非常妙，ep4的橡皮擦、ep13开头的司机回忆杀，简单的文字却立住了人物，其余人物也非常有各自的特点，不是看了就忘了的配角，整个故事完成度非常高。,positive,bangumi,奇巧计程车
lw你在看吗,neutral,bilibili,魔女之旅
16wrmb左右,neutral,bilibili,比宇宙更远的地方
番剧评价无需多言，动画发展史上的goat之一。绝赞的太空歌剧，充满了来自1998年的气息与氛围。故事的组成无外乎角色，情节，氛围，主旨云云，而公路片则是在这些要素前都添上“踏上旅途”的前提条件。或有奇思妙想的旅程，或有不同展现的角色。当旅途的质感，角色的魅力属性和情感的迸发，氛围的铺陈达成一定统一时，自然可以称之为佳作，乃至神作。而彼时的渡边等人，肆意挥洒着才气，将这个公路故事的各个方面推到了几乎圆满，然后赋予了远超时代的浪漫属性。这是独属于那个年代，又迈过了时间限制，风格独到几乎无法复现的，在星辰之间，四人一犬上演的各色闹剧而最终构筑的永恒的巅峰之作。,positive,bangumi,星际牛仔
别问问就是cast off开加速了,negative,bilibili,少女乐队的呐喊
"从排行榜开始补一些自己看过的作品
cl我大概是高三时候看的 大约20 21左右的时候？
略有遗憾的是看了一些剧透 所以对古河渚的离去有心理准备
只是一声叹息
更多的泪点在于汐的同年不幸与早熟
以及直幸与朋也被困在父与子的套子里太久太久了
在这里推荐悠萨米usami老师关于朋也与父亲的奥德赛的b站视频
如今，我也成为了一个失去了作为父亲的人
我只能说
时光把他化作粉尘，从我的指尖轻抚而过
我没有在最好的时候握住
这是我的过失。",positive,bangumi,CLANNAD 〜AFTER STORY〜
SIM也是有存储容量的,negative,bilibili,比宇宙更远的地方
J10一样的国家是什么话这是,positive,bilibili,魔女之旅
战局刻画的不错，结构也刚好撑住全局，音乐很赞，末尾感人泪下，一代经典就此落幕。缺点是富野老毛病依旧，节奏和台词跳得像在蹦极，且重心在鸭骡的终极对决、以及2人立场与价值观的矛盾，却非加3熊孩子来抢戏，作为UC的句点，这个收场瑕瑜互见，但即便如此这仍然是高达史上重要的里程碑，对UC系来说就更是不可捍动。试图通过激进手段促进人类漫长的进化脚步，正如拉拉所言，夏亚确实太纯粹了；他和他父亲的理想都值得被尊敬，重力束缚下的灵魂，的确没有宇宙中漂浮的躯体自由，可对于人类整体而言，所需要的更多还是时间与包容。新时代的新人类，必然是个极其缓慢的过程，虽然不足以在银河的长流中留下简短的一瞬，但相较于人类的寿命，已是相当遥远的未来，其间涵盖的所有未知与憧憬，若精神力感应框架的余光还能指引出方向，人类便还有希望能追随,positive,bangumi,机动战士高达 逆袭的夏亚
让我们说出那个词GEI,neutral,bilibili,魔女之旅
回复 lwyulul 哇,negative,bilibili,四月是你的谎言
AM,neutral,bilibili,鬼灭之刃 柱训练篇
回复 欧阳先生poi 不不不 眼鏡男只是想搶飯 2333333,negative,bilibili,Charlotte
ep33目前看到这最喜欢的角色是艾玛，谁懂在围堵时候看到一个温柔妈妈型角色开着mk2来救场的安心感，同时兼具温柔气质以及严厉训斥的妈妈型角色，无敌了ep41卡缪太惨了，想要拯救的凤死了，雷克雅叛变了，连一个刚刚还在叫哥哥的罗莎米都能突然对自己开枪ep48卡缪太惨了ep49大家都疯了，大家都死了ep50唉,negative,bangumi,机动战士Z高达
如果是APO应当很贵吧,positive,bilibili,比宇宙更远的地方
BDRip,positive,bangumi,千年女优
现在是5本，老钻加自己4本，nina一本,neutral,bilibili,少女乐队的呐喊
saki酱！saki酱！祥子祥子祥子祥子祥子祥子祥子祥子祥子祥子祥子祥子祥子祥子祥子祥子祥子祥子,positive,bilibili,颂乐人偶
BOKE,neutral,bilibili,转生成蜘蛛又怎样！
【85】黑富野的编剧能力算不上一流，但其作品的思想内核却显出他那不同寻常的经历带来的独特思考。发动篇是探寻它的绝佳窗口，就像由疯子呓语创造出来的东西，没有目的，没有动机（至少动机很简陋）互动表现全由那生硬的人物对话组成不知所云。却在两文明突然毁灭中达成了对本作的理解，将其局限于道德范畴对文明善恶的讨论过于狭隘，更深层的在隐喻文明自我毁灭的特性。这种特性的诱因不是资源匮乏，也并非其天然的好战本性，而在于文明存在行为的基本自噬特征逻辑，赫利拉笔下文明“自我毁灭倾向”，亦可称为反乌托邦的拥趸，富野在先锋的new type聊天室中是这样发问而非解答的，除此之外，亦有解读的余地。,positive,bangumi,传说巨神伊迪安 发动篇
6  1 历史演绎题材 真实系 制作OK 补标 和平家物语、甚至本作S2是不同的味道 比起来还是更喜欢平家的味道,neutral,bangumi,冰海战记
no不要啊,neutral,bilibili,鬼灭之刃 柱训练篇
怕蛇所以mmk是0实锤,negative,bilibili,少女乐队的呐喊
回复 小小之恒 Ave Mujica怎么突然Ave Mujica怎么突然Ave Mujica怎么突然,negative,bilibili,少女乐队的呐喊
回复 迷路的芬达official 重复的头像太多了，珈百璃的我就找不到几个不重复的,negative,bilibili,小林家的龙女仆 第二季
dw,neutral,bilibili,颂乐人偶
hao me,neutral,bilibili,Angels of Death
第300部标记纪念作品，无愧人生作品人生的史诗。本季前面的几条线水准一般，足球社真就招笑故事。但在进入主线后，故事水平上升，渚和朋也成为大人，开始独立起来面对生活的挑战，一切都开始向好，但渚之死让朋也更为迷茫，朋也很像无知的少年，在摸爬滚打中丢了方向，但他坚强地爬了起来，可汐之死又让其坠入深渊，正在此时，光玉发力，遂HE。朋也和他爹的故事线哭了2次，完全共情了。日常描写中对朋也的心境塑造十分棒，对城市化问题的暗讽也很有水平，渚和朋也实际上体现出了一种年轻人在快速发展中的迷茫与坚强。故事逻辑问题很大，比如出事必下雪等等，但抓住了亲情这一重点，同时系列其他线也服务了主线，所以还是可以的。最喜欢的台词是渚ep22的请不要后悔与我的相遇，在那时朋也仍旧选择相遇才真正成长。《小小的手心》《铭刻时间的歌》很神，脸修的很怪，但作画流畅,positive,bangumi,CLANNAD 〜AFTER STORY〜
nananana,neutral,bilibili,比宇宙更远的地方
"【这首说唱送给《黑神话：悟空》！中国IP就该走向世界哔哩哔哩】 
智者欣赏，愚者比较。",positive,bilibili,少女乐队的呐喊
花田老zei,neutral,bilibili,比宇宙更远的地方
我想知道是EVA的薰厉害还是公生厉害,neutral,bilibili,四月是你的谎言 粤配版
"昨晚熬夜了，刚迷迷糊糊睁开眼，看到推送，日常划掉
等等what？！万圣节的新娘？！！！
迅速打开B站，居然是正片，这我可就不困了",negative,bilibili,名侦探柯南：万圣节的新娘
校园 奇幻 2010年4月 小说改 MADHouse 高分,negative,bangumi,四叠半神话大系
回复 墨清颜QeeYao 还有一个悲喜剧,positive,bilibili,紫罗兰永恒花园 剧场版 
6710，回顾标，如果不是回顾，可能没什么看本作的必要。公路作如今已非常多见，甚至哪怕是百合公路片。而《魔女之旅》的观感只能说堪堪合格，即使cv阵给本片提供了不错的体验，加上尚可的画面与不时涌现（大嘘）的奇妙点子，本片在剧情设计公路片最重要的部分，只能说相当遗憾：情绪铺垫谜题设计不上不下，逻辑部分缺失（信息不给足铺垫不够明确），导致本作剧情观感并不高，顶多因为（还算）优秀的人设，能提供一点“治愈感”。但话又说回来了，这种治愈感哪怕放在2020年，也大概算是廉价的。当年比较火的原因，也许是人设确实还可以，本作对于不少人来说大概也足够了，也包括当年的我自己（ 如果有续作，只能说或许会看。,neutral,bangumi,魔女之旅
"观看预期影响实际评价的实例1
对我来说这部作品的情绪实在过于波涛汹涌，完全找不到落脚的地方，观看过程中一直在极度的激昂、喜悦、悲伤中无间隙的来回切换，以至于到中后期本人已经进入了一个近乎麻木的状态，有几场戏（尤其是在基本能猜到发展的情况下）完全不知道该以什么情绪来观看。爆论是对情绪和节奏的把控还不如某up用这片做的浓缩mad带给我的体验好。",neutral,bangumi,赛马娘 Pretty Derby 第二季
脑中杂音不少啊，已出现2501计划（生理中过曝摄影迷彩精细透视谣I素子诞生，第一幕，拉帘过曝背光起身剪影构图更迭政权，外务省人形遣入侵，破坏密探推测对手情况，根拠？囁、私集体抑或个人，过于专门化会逐渐毁灭入侵老婆的就为了解她心思，飲屋结识的人传授的方法类滑动变焦处理连线拉镜演出，接管车辆驾驶意识到暴露给警方，追捕夹击迷彩碾压母親顔、生町風景、子供頃記憶，你还能记起任何其一吗，没有的可悲人形追捕人形遣，同步汇报：抓到的家伙只是被操控的傀儡人形奴，突入疑似体験利用入侵，音画分离，只在你脑中存在的家庭如意识之海沉思般转场潜水浮出，自我与下水面映像，自我对话？你潜海时是什么感受？恐怖、不安、孤独、黑暗，还有希望，浮向海面时似乎重生了,positive,bangumi,攻壳机动队
回复 2287539648 紧握手手是第2季op里面的，第2季op最后一句是紧握于手,neutral,bilibili,JOJO的奇妙冒险 星尘远征军
此事seed里有记载，，，,negative,bilibili,少女乐队的呐喊
半夜憋笑是真的很累啊eeeeeeee,negative,bilibili,鬼灭之刃 柱训练篇
下雨了吗如果那天撑伞de s w的是我,positive,bilibili,四月是你的谎言
虎门销烟Dog,negative,bilibili,魔女之旅
crythic老队员从始至终都不知道小祥发生了啥,positive,bilibili,颂乐人偶
何EV,neutral,bilibili,颂乐人偶
2510 评分8 幸运星最优秀的地方就是玩梗（强烈建议看过凉宫再来看幸运星，要不然好多梗get不到），还有有趣的ed，中间也有不俗的优秀感人片段。魔性的op我大概率会反复刷很多回吧。另外优秀的地方就是原本就出彩的日常设计，即便是聊一整集的天也丝毫不感觉枯燥，反而体感很快。但美中不足的地方就在于我仍能看出它四格漫画的故事框架，给人一种偶尔断续的感觉，这就显得节奏上有些奇怪，而这种怪异在轻音，日常，city和btr等四格漫画中是并未感觉到的。对我来说，一天多集也容易显得疲劳。建议一天一两集即可。对于日常动画，我更趋向于完整而动人的结尾，但看完结尾我更感觉像还未完结的趋势，可惜没有续集了，这般戛然而止还是有些让人难受呢。总的来说还是非常喜欢的，我本想给出8分，但想了想感觉似乎过于宽容了，便打8，等什么时候幸运星出续集了我再给8分吧！,positive,bangumi,幸运星
这算是什么类型？月和 L 两个人物形象很经典，不过并不丰满，理想化。剧情脑洞大开，演出很震撼，比如 1 和 25 集。这就是智斗吗，前面确实很有意思,neutral,bangumi,死亡笔记
特别豪庭的opTT夜鹿我喜欢你,positive,bilibili,葬送的芙莉莲
1144惨案；话说一开始还以为是qb,neutral,bilibili,关于我转生变成史莱姆这档事
回复 佐藤璃Rait 9102年了，请您先把字打对谢谢,negative,bilibili,刀剑神域 爱丽丝篇 异界战争
240bpm吧,neutral,bilibili,颂乐人偶
pm,negative,bilibili,四月是你的谎言
三十年前，庵野秀明在《EVA》里用AT立场来表现人与人之间的“心之壁”。这一现象在“失落的三十年”初期仍被人们当作奇观打造；而在三十年后，我们却已经能够对这个“原子化”的社会习以为常。交通与信息的交流日益便捷，我们谈论着“没有人是一座孤岛”，人与人互相理解似乎却越发困难。但人终究是社会化生物，人终归需要情感连接。在这个愈加难以相互理解的世界，如何爱与被爱，成为了这个时代一个难解的课题。本作非常扎实地展现出了一幅这样的时代画卷：所有人都躲进自己的茧房里，所有人也都在向外寻找链接他人的出口。明明活在同一个世界，可每个人嘴里吐出的却像异国的话语。,positive,bangumi,异国日记
回复 就叫一一了咯 yes I am,negative,bilibili,JOJO的奇妙冒险 黄金之风
回复 treebrish 你想要被剧透吗？,negative,bilibili,Re：从零开始的异世界生活 第二季 前半
这里的hgm是啥,neutral,bilibili,颂乐人偶
回复 七凉memories 业界标杆,negative,bilibili,小林家的龙女仆 第二季
靠啊，太燃了，热泪盈眶，gainax这群老登真的很会，大哥，西蒙，阳子，整个红莲团，真的太喜欢你们了！！！,positive,bangumi,天元突破 红莲螺岩
大家都在可惜原本有可能做成第三季，但最终只留下一部OVA的篇幅。回归社会学领域，关注角度放在了民生方面。傀儡廻与素子的面对面实乃点睛之笔，在二人侧躺之时，傀儡廻那侧涌现出诸多的面孔。所有出现过的面孔的主人，都具备有某种同一的特质，最终面容放缓于久世出现之时，定格在素子自己的脸庞之上。并在最后两个素子的对望中实现SAC系列最后的升华。此次剧中更明确地提到了『消失的媒介者』的概念，根据攻壳豆瓣小站的科普，这是大泽真幸从后结构主义与后现代主义的各种哲学经验里转换过来的一组概念。不仅是对这部OVA，也是对整个SAC系列的一次总结与注脚。价值和潜力真的可以媲美前作。只是一来篇幅所限，大家信息密度都那么高，OVA的长度实在做不到和TV内容一样多。二来神山的叙事风格拉长到电影长度后，会有种奇怪的失衡，令个人的观感有些不如TV单集或押井的剧场版。,positive,bangumi,攻壳机动队 S.A.C. Solid State Society
ku了,neutral,bilibili,比宇宙更远的地方
魔男在falcons瘫着呢,positive,bilibili,魔女之旅
一眼看到SAO公会！,negative,bilibili,约会大作战 第四季
iPhone 11 ！！！,negative,bilibili,少女乐队的呐喊
本以为是简平快战斗片，实际是以科幻为基底，实际思考人本为何的作品。能感受到在素子和傀儡师身上映射的，对科技人文的思索。然而，结尾戛然而止之快让人讶异，本以为会刻画“2501”融合后的故事，没想到融合即是完结。在思辨的终点停下，而非在故事连续性下停下。“2501”的后续，“傀儡”事件，六科的处理。。。仿佛这些才是被植入的记忆，一笔带过。整部作品既倾述着制作者的科学伦理，也满溢着那个时代日本文化。总体上很让人受触动，但作为首次接触的观众，或许我应该去补一下TV内容？结束的还是太快。,positive,bangumi,攻壳机动队
saki酱！saki酱！saki酱！saki酱！saki酱！saki酱！saki酱！saki酱！saki酱！saki酱！saki酱！saki酱！saki酱！saki酱！saki酱！saki酱！saki,negative,bilibili,颂乐人偶
啊啊zack腿好长 不愧是186选手,positive,bilibili,Angels of Death
"初观感7510，看完解析810
原评论和看完《真心为你》的感受差不多，一遍能看懂的都是天才。
我算发现了，对我来说，看电影逻辑的完整圆满是最重要的。哪怕只有一个没搞懂的点，我就会全程带着疑惑的情绪试图搞清楚作者想要表达的是什么，没有功夫去体会情感之类的东西。在逻辑相对清晰的前提下留开放式结局，让观众参与探讨挖掘，是能够接受的。但纯意识流或者故意不把故事讲清楚，完全接受不了。搜了半天解析视频，也没有人把故事至少逻辑理顺
又看了几个解析视频。故事的逻辑其实应该是很全面的。但世界观庞大，作者又喜欢把各种看似华丽的专有名词堆叠在一起，导致比较乱。另外就是作者想要观众去猜他的世界观。
好吧，再看了几个解析，原来破的最后有彩蛋！非常影响剧情理解啊！我竟然没看到。看eva的解析探讨挺有意思的。",positive,bangumi,新・福音战士剧场版：终
di san第三季上半部好像都嘴炮，下半部开始和圣教会打一场又嘴炮结束,positive,bilibili,关于我转生变成史莱姆这档事 第三季
回复 Toshiki 然后，碳一个人刚堕姬,negative,bilibili,鬼灭之刃 游郭篇
3D魔王,positive,bilibili,转生成蜘蛛又怎样！
回复 Radiati0n 毕竟睦头“从来没觉得玩乐队很快乐”,positive,bilibili,mygo
回复 Mitsu橋 好像还真是,negative,bilibili,"世界顶尖的暗杀者,转生为异世界贵族"
No no no no,negative,bilibili,鬼灭之刃 柱训练篇
几百发子弹，这是mg42吗？,neutral,bilibili,魔女之旅
回复 此方later 这应该是我看到的最惨的死法了，真的头皮发麻，这第二季我前面想养很多原因都是因为这群兔子，真的瘆人,positive,bilibili,Re：从零开始的异世界生活 第二季 前半
heroes never die Mamba,neutral,bilibili,比宇宙更远的地方
这ed1插入真是配厕纸都青春情节设计和心理描写总感觉有些断续，需要一些思考量来理解，有相关阅历会有更深的感触，如果通篇下来都能在个人的回忆录中找到对应的一环，发出“这简直就是我”的感叹，观看体验无疑是极佳的，但这个前置条件有点太苛刻，我更想把这种感觉归咎于代入感设计上的不足，整个看下来的感觉大概是90的微醺10的酩酊但是但是，收尾实在是太感动了,positive,bangumi,蜂蜜与四叶草
可能我先入为主 总觉得TVB好D,positive,bilibili,四月是你的谎言 粤配版
花江夏树www,positive,bilibili,四月是你的谎言
"神怒之日中，水银之蛇的流出也是acta est fabula，意为见证未知之终末，他的咏唱第一局就是：
武器言语皆为伤人之物！",positive,bilibili,颂乐人偶
才2W 自媒体随便搞搞都200W了吧,negative,bilibili,少女乐队的呐喊
666还是个老old,neutral,bilibili,葬送的芙莉莲
谁懂现在是晚上啊md。,neutral,bilibili,Angels of Death
看来是第七集让cychic的种子萌芽了,positive,bilibili,颂乐人偶
根据deepseek分析，宫园熏所患疾病为脊髓性肌肉萎缩症（进行性肌肉退化且伴随呼吸肌无力），目前已有基因疗法，也有观众认为是骨肉瘤,positive,bilibili,四月是你的谎言
ADHD the anime 哦乐队理念之争，选择流量还是艺术；哦关注留守儿童心理问题，若叶睦只有我才是你的朋友啊；哦废物生物爹，阴险生物爷；哦crychic复权派，小祥你幸福吗；哦三天三夜，大卖女同；哦演技怪物，ptsd；哦想要归宿，想要信任；哦成为真物，自我和解；哦强健虾仁犯，不要夺走我的小祥（推）；哦八点档开播，我是你爸爸。最后一件事也没讲完，真的第一次见这种动画，开了眼了,negative,bangumi,颂乐人偶
老哥最后在有刺无刺打call团里面,negative,bilibili,少女乐队的呐喊
红a真正的宝具没开，b叔面对全力轰炸的红a场面就是打不着和打不死,negative,bilibili,Fate/stay night [Unlimited Blade Works] 第一季
PA赛高，最喜欢的PA作品之一，早些年看的了，让我大致了解了喜爱的番剧都是怎么制作的，那时候看什么就想做什么，动了加入业界的想法，基本啥不太可能不说，这种跨界多半得跟柿本广大一样挨骂hh,negative,bangumi,白箱
燃系天花板 个人top12 93,positive,bangumi,天元突破 红莲螺岩
极昼emmmmmmmm,negative,bilibili,比宇宙更远的地方
Nokia,neutral,bilibili,比宇宙更远的地方
dream park！,neutral,bilibili,约会大作战 第四季
完辣，同时具备了灯的重力和allin的性格，小小nina又怎能抵挡得了了,neutral,bilibili,少女乐队的呐喊
bilibili不要使出替身了呀！！！,negative,bilibili,小林家的龙女仆 第二季
"11、现在的情况就是486通过了第一【试炼】，emt没通过。

12、新登场的角色【琉兹毕尔玛】是圣域的代表人物之一，她登场的时间动画和小说略有不同，为什么会有这样的事，就是因为第3话完全没塞进去！（注：小说里是第一次见骡子的时候就出场了，动画时间不够，可以理解）

13、真的用捡来的落叶泡茶了，拉姆就是这样的拉姆。真的会相信她去喝的加菲尔也就是这样的加菲尔。

14、第一季偶尔会有emt在躺着的486旁边照看的场景，第二季就反过来了，486看emt的情况会比较多。

（后面还没翻完，稍等）",positive,bilibili,Re：从零开始的异世界生活 第二季 前半
细节iPhone11系列没有35毫米耳机接口只能用转接头,negative,bilibili,少女乐队的呐喊
"我先看的city，不出所料开山鼻祖同样神人。op和ed依旧好听。核爆好像挺常见的，哈哈哈哈哈哈，是真的核爆
4 麻衣是真正的概念神，考试那段给我笑拉了；小祐感觉是个活泼笨笨人设，画面的表现力太强了；笹原好超标（算是city里威廉泰尔的地位），太“雅”了；本集是名言出处哦，就是笹原嘴里冒出来的：我们一日日所度过的日常，实际上可能是接连不断发生的奇迹。但凡放在别的番里我都会觉得太突兀了，突然说出这句话，在这里我只能说这很日常，哈哈哈哈哈哈",positive,bangumi,日常
在一集一个超展开的叙事速度下终于把故事讲了个稀烂，再加上对朱雀这个人物的灾难性塑造，怎么会有人把它跟DN比的。添加了太多各种各样的势力，以及超现实能力geass的设定，在最后的“血染尤菲”中彻底乱套，所有角色陷入癫狂，而我们的鲁路修更是再也无法收敛，在不自知的情况下完完全全地站在了修罗场的正中央。娜娜莉的愿望也从来不是推翻不列颠保护弱小正义的伙伴什么的，仅仅是和哥哥在一起就够了。鲁路修创造了一场盛大的闹剧，并彻彻底底地搞砸了，而罪魁祸首CC看了也只能狡猾地站在一旁教唆“你死了我会很难办的。”,neutral,bangumi,Code Geass 反叛的鲁路修
此时此刻我想说star beat,positive,bilibili,颂乐人偶
表白墙（buish）,negative,bilibili,魔女之旅
man！！痨大想你了！QAQ,neutral,bilibili,Angels of Death
《WcDonald》,neutral,bilibili,少女乐队的呐喊
推荐，这种晦涩程度是我接受的极限了，无罪就没这个好懂。这一季的格局更大，政治意味更浓，不过我比较喜欢单元剧的。如果说上一季是无意识的sac，这一季合田、久世就在有意识利用sac了。集体的意识，也就是一种共识吧。现如今的网络环境，更能形容这一点。看似独立的个人意见，渐渐被回音室同化，成为某种集体的一部分。合田策划将难民问题引爆，迫使大国参与，来让国家获得利益。但总理使用内部的力量，九课阻止核弹引爆，一切回到原点。,positive,bangumi,攻壳机动队 S.A.C. 2nd GIG
TV如果删减所有稍微水的机战篇幅后，就是10分神作，而发动篇的机战篇幅设计整体强于TV，不水，结合剧情就是10分神作。,positive,bangumi,传说巨神伊迪安 发动篇
始料未及的ending，充满了惊喜。,negative,bangumi,瑞克和莫蒂 第二季
什么 BA 玩家，你怎么知道我50抽5个彩没歪,negative,bilibili,少女乐队的呐喊
【8】立意依旧深刻，但ova的篇幅导致了观感不如tv,positive,bangumi,攻壳机动队 S.A.C. Solid State Society
ep8年纪轻轻就成了寡妇ep9那箱子还没开我就猜出来男主要捡到老婆了ep27巨大的俄罗斯套娃,positive,bangumi,天元突破 红莲螺岩
人均玩Evenicle？,positive,bilibili,比宇宙更远的地方
"恩。3467L是代表我们绿字解说三人组所写的一个结语。
但除此之外还有些话，我觉得不吐不快，尤其是看到上面这个结语之后。这些话作为一个科普君也许不适合说，平时绊酱肯定会拉住我的吧233不过这一次想任性一下，所以，就让我仅代表我个人，而不是我们三人组，写一点东西。
因为是冲动之下的行为，思维可能有点乱，还请见谅。

这一次我们选择的《overlord》会这么红，实在是出乎我的意料，搞得我们这些做科普的鸡犬也小小的出了点名声，就好比我，有次随意和妹妹的动漫社里的好友说了自己是绿字君之一，居然那个动漫社的Q群里不少的人说来膜拜科普君。前两天大学的室友知道我在做科普的时候也开玩笑说我这是在造福人类。这些对我以及我们三人组而言是一种极大肯定。
非常感谢各位，谢谢。",positive,bilibili,OVERLORD
回复 HARRRRU 求es的表情包出处QAQ太可爱了！,negative,bilibili,工作细胞 第二季
四处侦查的乐队5人jpg,neutral,bilibili,少女乐队的呐喊
眼睛老是注视着不存在的东西是不行的。 把希望寄托于自己的别的可能性，这种虚无缥缈的东西之上，这正是万恶之源。 你必须认同只能成为如今的你的自己。 永远不要美化自己没有走过的路，发现可能性这件事本就困难并且宝贵，更强大的是迈向可能性的勇气通过架空的“轮回”平行世界，“我”尝试了所有的可能性，最终选择走出四叠半拥抱了自己最炽热的青春。我们会后悔、会希望自己也有轮回和平行的机会，会向往最终那玫瑰色的生活，会试图从“我”身上找到自己的影子，但此时我们是否又回到了原点呢？我们依旧幻想着一个玫瑰色的世界，却没有意识到这个世界本就多彩，现在就是我们唯一的可能性。 ep11，失落感慨震惊满足，当OP和ED对调，后藤正文的迷子犬雨戛然而止时才意识到，“我”的时间已经开始流转，而我们的时间才刚刚开始，我觉得这才是四叠半这部作品的伟大之处。,positive,bangumi,四叠半神话大系
infj表示理解,positive,bilibili,四月是你的谎言
一够，辛集kun,positive,bilibili,四月是你的谎言
i love you,negative,bilibili,四月是你的谎言
啊。。我又要ks了,neutral,bilibili,国王排名 勇气的宝箱
happy ending,positive,bangumi,莉兹与青鸟
才听出来mmk用了Univibe效果器！,negative,bilibili,少女乐队的呐喊
回复 钟老爷子O 为啥JOJO用细丝的时候要缠在死去的代理师傅手上？,negative,bilibili,JOJO的奇妙冒险
python人：,neutral,bilibili,总之就是非常可爱 第二季
LGBT说是,negative,bilibili,魔女之旅
神级美术，顶级音乐。有趣、华丽、令人惊叹的想象力，但又松散、重复、部分转折生硬。最后安希走出棺木，继承utena的意志令人感动落泪，但utena的消失却又让我苦呀西,positive,bangumi,少女革命
不单单是剧情，环境，人物乃至BGM都刻画的近乎完美异世界No1也不为过，推荐重复观看；前世与近世的情感承接十分细腻，本就善良的主角在前世受辱消沉而死，重活一次赢来自己的Happy end其他角色刻画也十分到位独立知性的洛琪希，温柔的希尔菲，傲娇的爱丽丝而且这部动漫把所谓“异世界”的氛围感十分明显的展现了出来，优美的景色配上“旅人唄”代入感满满；同时也是一部值得令人深思的亲子番，没有人生来是完美的都会犯错都有自己的个性只有通过不断的磨合沟通相处下来才能愈发成熟，这部番所有人的刻画都有血有肉，都有自己的个性和情感想法，第一季前期童年的欢乐时光也和后期家园不在与亲人不在形成强烈对比，最后主角前世终其一生未能走出的阴霾也在重来的异世界靠着家人与伙伴不断成长最终走出阴霾。这部动漫的情感，环境，亲情，成长，人性，异世界都近乎完美。强推满分神番！！,positive,bangumi,无职转生～到了异世界就拿出真本事～ 第2部分
这是愚物语的第三章，月火undo吗？,negative,bilibili,比宇宙更远的地方
"平a，暴击，0
“不可能！”
“哦，梅普露啊，那没事了”",neutral,bilibili,因为太怕痛就全点防御力了
hentai情节严重不适,neutral,bangumi,化物语
回收op,negative,bilibili,约会大作战 第四季
完美的科幻题材动漫。每一个独立的案件都充满悬疑性，在世界观设定下离奇而合理。一个个独立的案件又串联出主线故事的轮廓，悬念与伏笔无论设计还是回收都极其出彩，主线故事的高潮部分节奏极佳，一个接一个的剧情刺激紧凑而不纷乱。主角团看似是经典的灰色赛博朋克形象，实则在故事中不断剥析出每个人的特点与性格，灰色的外壳难掩鲜活的形象。主线故事不仅完美展现了SAC的内容，也通过主角团最后的行动诠释了SAC中个体与集体的关系。不输后黄金时代科幻水平的艺术品。,positive,bangumi,攻壳机动队 STAND ALONE COMPLEX
oioi,neutral,bilibili,Angels of Death
回复 oOooOo 毕竟他只是一个辅助 是他们工会战斗力最弱的一个,negative,bilibili,OVERLORD
ATFIELD全开！！,negative,bilibili,少女乐队的呐喊
3d,neutral,bilibili,四月是你的谎言
OSOS,neutral,bilibili,工作细胞 第二季
2周内零零散散补完了，与0079那尚有希望的结局相比，z果然悲剧多了，战争能带来的不是希望，更多的是悲剧,positive,bangumi,机动战士Z高达
回复 GoldenChicken 确实，但是觉得飞碟社没钱我还是觉得逆天,negative,bilibili,命运-冠位指定 -神圣圆桌领域卡美洛- 前篇 漂泊的银之臂
睦：Oo？,neutral,bilibili,颂乐人偶
怪不得红a是archer。,negative,bilibili,Fate/stay night [Unlimited Blade Works] 第一季
"第8集上半弹幕：傻x男主多管闲事，害死人了吧！
第8集下半弹幕：傻x男主你TM在那呆着干嘛？去找人帮忙啊！
第9集弹幕：傻x男主只会求人不会靠自己！
486：Excuse me？？？？？",neutral,bilibili,Re：从零开始的异世界生活 新编集版
ks,neutral,bilibili,Angels of Death
回复 梅比斯Mavis 都可以,negative,bilibili,某科学的超电磁炮
回复 犬山哥180mm巴别塔 然而原著里也是xxx,negative,bilibili,魔女之旅
"葬送的芙莉蓮给我的体验是一种自然感。所有的情感像是慢慢挤出，文本的简短给予了留白，留给读者回味。很多时候仅仅是描摹了那阵最轻的风，却能掀起我心中的浪
剧情83：一场时间与记忆的路途，从芙莉莲的视角讲述内心与外在环境在这百年间的变化，一个个小故事献出了各种微小的感动。我其实很吃这一套，我并不喜欢那套带有命令式的剧情让我哭，我更喜欢让我自己去感受这份含蓄的感动
视觉表现9：这这这这是我能免费观看的吗。制作无疑是动画的加分项，日常有着极高的流畅度，战斗部分又富有张力（弥补了漫画打斗直接跳过
声音体验8：配乐与视觉契合度极高，很好的调动了我的情感。虽然op引发了多数人的不满，但是我个人还是认为好听并不认为op有很大问题。角色配音也很符合我看漫画时的想象，华哥伟大
主观评分92：高中偷偷带去学校的漫画，一个晚自修看爽了（动画完全超出我的期望
综合",positive,bangumi,葬送的芙莉莲
小孩眼里的战争，从憧憬帅气的战争兵器到最终付出代价的成长。很喜欢阿尔和巴尼在一起的时间，大小孩和小孩的冒险时光，探秘潜入基地做的很有童趣RPG冒险感。巴尼一直被其他队员嘲讽，可患难依旧有真情，只是立场不同处境不同就不免伤害彼此，回到side6挑战高达的巴尼像是挑战游戏boss的勇者一般做足了攻略准备，此刻不仅是少年的英雄也是自我世界游戏的最终挑战，他远比想象中的自我更帅气，正如小孩们憧憬帅气的武器一般，只是这世界本不需要如此的战争，那些高达兵器只需藏在口袋里就好,positive,bangumi,机动战士高达0080 口袋里的战争
前一个半小时日常做真蛮好的，后一个小时开始发病，wille几个人开始打感情牌，左右脑互搏，后面又开始堆叠一些自说自话无所谓的意识流。但相对的也是最接近eva内核的一部中间太拖给我看睡着了说是开放结局但早已暗喻了一切，碇源堂是老贼的表人格，碇真嗣是不断反抗违逆的里人格，而asuka ayanami则是像同班同学青梅竹马这样的存在，不言而喻真希波正是将真嗣即老贼拉回现实生活中的人，也是他所深爱的唯一人选,neutral,bangumi,新・福音战士剧场版：终
la,neutral,bilibili,四月是你的谎言
回复 64853560368bili 他们就想看桐人直接醒来虐菜，可能有些根本就没看过，故意来刷的,negative,bilibili,刀剑神域 爱丽丝篇 异界战争 -终章-
people changes,positive,bangumi,英雄联盟：双城之战
确实，特别是被c moon来了一拳的时候,neutral,bilibili,JOJO的奇妙冒险 石之海
2b,neutral,bilibili,四月是你的谎言 粤配版
回复 绳子zi 播放量103,neutral,bilibili,少女乐队的呐喊
我求求你了 TAT,negative,bilibili,鬼灭之刃 游郭篇
如果说RM第一季是天才式脑洞的野蛮生长，那么第二季则是将这些碎片化创意编织得更加严密。相比S1的单元剧风格，S2在保持高频笑点与流行文化解构的同时，明显强化了叙事结构的掌控力无论是《Total Rickall》里虚实交错的封闭空间，还是《The Ricks Must Be Crazy》中多重宇宙嵌套的逻辑闭环，都展现了不俗的编剧水准。当然，这一季依然带有美式成人动画常见的通病，低俗段子和跳脱的恶趣味确实在一定程度上拉低了观感的上限，对于追求严肃科幻的人来说可能略显多余。 但瑕不掩瑜，本季对Rick角色内核的挖掘，将荒诞的科幻狂想平稳地落脚在了角色的情感共情上，使其成为了比第一季更成熟、也更完整的作品。相对喜欢的单集：ep3ep4ep6ep10,positive,bangumi,瑞克和莫蒂 第二季
mona,neutral,bilibili,四月是你的谎言
好像ksm,neutral,bilibili,颂乐人偶
真服了，有MB,negative,bilibili,JOJO的奇妙冒险 石之海
“友人A”,neutral,bilibili,四月是你的谎言
fbkfbk嘶哈嘶哈,negative,bilibili,比宇宙更远的地方
回复 mbwzxc 请问这位会员在落第的精彩评论在第几集,negative,bilibili,在下坂本，有何贵干？
玩tele，有品的，就是琴体很硌，弹起来有点难受,negative,bilibili,少女乐队的呐喊
"8下非线性叙事、匹配剪辑、双线并行、高速运动与静态构图的交替、3D公寓日常与非日常、本物与伪物、自由与宿命交织的矛盾交织的螺旋。螺旋是封闭的秩序，但“矛盾”是突破性的力量，在重复循环的无意义中通过人与人之间联结的钥匙打开那封闭的螺旋之门。即使自由是幻觉，即使选择是被设计的，巴的感受依然是真实的。荒耶可以命令他行动，但荒耶无法命令他感受他对式的爱、他的绝望、他的决心，这些感受是他自己的。荒耶的静止意味着对变化的拒绝。他追求“根源”，希望通过重复死亡达到“静止”的真理。他认为人类无法改变，人类是无价值的，他的螺旋是为了证明这种悲观。
与之相对式的“虚无”不是“不存在”，而是“一切的基础”。式能够看到万物的“死”，是因为她可以看到“虚无”万物的起点与终点。她的“虚无”不是否定，而是“开放”：因为一切始于虚无，所以一切皆有可能。",positive,bangumi,剧场版 空之境界 第五章 矛盾螺旋
致敬传奇H4引擎制造者斯巴鲁,positive,bilibili,少女乐队的呐喊
回复 柠檬少年jo 那他一个穿越者怎么成了npc的超级迷弟了呀，这不对劲,negative,bilibili,转生成蜘蛛又怎样！
两个月前看到ep9就鸽了，一直拖到现在才看完。See you space cowboy命运的余音不散,positive,bangumi,星际牛仔
ymj,neutral,bilibili,四月是你的谎言
个人非常喜欢的作品，人物塑造的太好了。除了结尾有点差强人意，有很多集我都非常喜欢，1 4 7 9 10。真的很打动我。包括对教育的探讨等等等等。至少在我眼里，这绝对不是一部cjb作品！,positive,bangumi,girls band cry
233333我也喜欢卡哇伊i23,neutral,bilibili,比宇宙更远的地方
回复 慕白秋宸 av你妹啊233333,neutral,bilibili,四月是你的谎言
ma da da yo na,neutral,bilibili,异度侵入 ID:INVADED
身体部长yy,positive,bilibili,转生成蜘蛛又怎样！
cv超级赛亚人,neutral,bilibili,比宇宙更远的地方
生机盎然的腐海与钢铁文明、经典而诡异的巨神兵相结合注定风之谷有个不错的奇幻框架；娜乌西卡的果断行事与仁慈胸怀能看出为什么她是绫波丽前的国民女神；最值得称道的是关于古老传说的多重铺垫：长者的初次提及蓝袍之人漫步在金色草原，王虫群的金色触须，王虫的蓝色体液，最后以这样的方式再现传说有一种独特的浪漫感（不过现在再看反而没有小时候看的那种震撼，或许是童年滤镜和提前知晓的缘故）。缺点可能是后世宫崎骏电影最不缺的东西BGM，在最后的那一幕我没什么触动还是因为BGM不够动听，收尾也略显潦草，关于库夏娜明显还能再展开说一说的,positive,bangumi,风之谷
伊莲娜老婆是真可爱魔女之旅虽然是公路片，但比其他同类的少女公路片剧情上要弱很多。要么降智，要么强行黑深残，寓言故事也都太肤浅；要说专注于温情搞笑，那全程都和沙耶百合卖萌会更好，可惜也没贯彻始终。整体来说比较杂糅，没有统一主题。但是伊莲娜确实是那么多公路片主角最萌的一只（sry千户和奇诺）。本mmr很喜欢,neutral,bangumi,魔女之旅
回复 你狼哥z 9494,negative,bilibili,因为太怕痛就全点防御力了 第二季
发现这剧是all有马啊,neutral,bilibili,四月是你的谎言
自恋plus,neutral,bilibili,魔女之旅
hhhhhhh好好笑,positive,bilibili,葬送的芙莉莲
女流氓vs男流氓,negative,bilibili,葬送的芙莉莲
AZSX的成分v搞不好你家门口，l,negative,bilibili,比宇宙更远的地方
baby小人！,positive,bilibili,魔女之旅
"长月解释：虽然现在说有点晚了，但要是486没被夺走资格的话多娜就能以招待他到茶会的方式强制阻止他刻情书了，因为夺走了资格的关系导致被486和emt的情话秀了一脸。
哈哈哈哈笑死我了，多娜啊，恶人自有天收啊",positive,bilibili,Re：从零开始的异世界生活 第二季 后半
按wa空中换wd空格蹲完成旋转跳,neutral,bilibili,比宇宙更远的地方
这人sz吧,neutral,bilibili,魔女之旅
"攻略程度n  S 
supS  100 
0   N n  N 攻略程度n100  

（）",negative,bilibili,辉夜大小姐想让我告白～天才们的恋爱头脑战～
对于赛博朋克世界观的塑造和场景的搭建相当优秀，但对于灵魂【ghost】与躯体【shell】的探讨还没有完成展开，还停留在“身体恐怖”的浅层挖掘阶段。但在影响力这块，简直无人能敌,positive,bangumi,攻壳机动队
回复 bili56548118467 我懒得吐槽了建议多看,negative,bilibili,咒术回战 第二季
科教频道CCTV,negative,bilibili,紫罗兰永恒花园
鬼灭free,neutral,bilibili,鬼灭之刃 柱训练篇
歌名叫《Avemujica》,positive,bilibili,少女乐队的呐喊
FBI   FBI  FBI,neutral,bilibili,比宇宙更远的地方
"我不管，真男人还是漆黑英雄莫莫帅
《漆黑英雄传》莫莫大人剪辑合集 av29998103",positive,bilibili,OVERLORD Ⅲ
这里有bug，既然音乐是传达，合作过的两人不知道对方的心思？,negative,bilibili,四月是你的谎言 粤配版
re从零开始的见习魔女考试,positive,bilibili,魔女之旅
kgym：我去！同行啊！,negative,bilibili,少女乐队的呐喊
确实，bug太多了,neutral,bilibili,我们仍未知道那天所看见的花的名字。
回复 Lumosxc 喜羊羊筐出未来比心,positive,bilibili,间谍过家家 中配版
成长性：A      精准性：E,positive,bilibili,魔女之旅
最近一段时间事儿都很多，断断续续地看完了aria，从第一季的初识，到第二季的日常，到第三季的分别和成长，无论画质如何，水星这个地方真的是一个很美好的地方，温暖平和的日常，期待着每天的明天见，感受每一次相遇的奇迹。牧野由依的声音响起之时，轱辘轱辘的世界仿佛慢了下来，真的是绝好的感觉。正是因为这些温馨的日常，所以完结之时才分外不舍。大家慢慢地前进，一起练习的大家都迈向熟手，完美无缺的前辈引退了，属于灯里自己的aria company到来了，最后一集的时候，灯里喊着一如既往的艾莉西亚但是却不在的时候真的心疼。但是时间不会停滞不前，小爱来到aria的时候，灯里看向她的眼神和艾莉西亚重叠，这就是传承吧。如此热爱生活珍惜日常的灯里实在是可爱，真的是水星选中的领航员啊。禁止令人害羞的台词，ei,negative,bangumi,水星领航员 第三季
"魔女之旅
剧情（权重05：7
画面（权重02：85
音乐（权重02：85
题材（权重01：6
加权总分：75
bgm评分：8（83575",positive,bangumi,魔女之旅
"T1  94分
励志，闪耀色彩！看着看着就没了。属于是献给动画人的动画了。上下半分别以两部动画制作为主线。虽然内核略显老套，但足够正。更多的还是在动画制作这个职场的描写，还有每位具体的动画制作人，还有人人间的关系性。每位角色都足矣留下深刻的印象。宫森葵攥着被改到起毛边的分镜稿，安原绘麻对着被退回的原画叹气，坂木静香反复练习一句台词话虽如此，还是展现了一部的动画的诞生流程。节奏是没的说的，有条不紊地推进，每一集都是有其所在，言之有物的。层层推进。五女主角团（应该是）也有变化与成长的，每个人在剧中都是动态的，叠下来就是无与伦比的体验。这是一部用动画人的热血和咖啡渣驱动的流水线，每个零件虽小，却不可或缺、熠熠生辉。（实在不会写了就这样吧）",positive,bangumi,白箱
没太看懂这个故事的表达。故事从希达从天而降开始，进入标准的Boy meets Girl 的模板后，大体可以简单地概括为小情侣的奇幻冒险。但是在故事发展中缺乏有意义的矛盾和立体的反派（最初谋财的海盗奶奶随着故事发展几乎完全变成巴斯的助力，真正的反派只剩下军队和慕斯卡），导致故事的厚度、意旨或者人物的情感、价值无法彰显。具言之，本篇有三处我不甚满意之处，第一剧情略显拖沓，山谷中的情节其实可以删去或者压缩，否则前40分钟几乎没太多有效信息；第二，反派过于扁平，慕斯卡的行为没有什么特别的动机或者逻辑，甚至可以单纯用野心勃勃的坏种概括，导致故事缺乏感染力。然而复国的设定和处心积虑的间谍身份应当有更多值得挖掘之处；第三，设定略随意。巴斯超级小孩的体能和空中之城隔三岔五、恰到好处的入口（机关使然或者炸开）令剧情有刻意的设计感。当然，小情侣的恋爱很甜，这点我很喜欢。,neutral,bangumi,天空之城
cute,neutral,bilibili,四月是你的谎言 粤配版
emm贝利亚,neutral,bilibili,Fate/Zero 第一季
debuff,neutral,bilibili,四月是你的谎言 粤配版
看完之后心情复杂。无疑有着出乎意料的制作水准，战斗动画流畅，景物画得美。导演对于“意象”把握得绝妙，完全是教科书，不乏一些意识流，血色的樱花瓣震撼。误解系BE对现在而言就有点不够看了。前两集尤其是EP2的叙事略拖后腿，各种时间乱序实在没必要，拿这点时间多刻画一下剑心和巴的相处会更触动人心，反正我在结尾是没什么感觉的。出彩的地方在于脚本的细节描绘，和所要表达的人与幸福在历史洪流之中挣扎的主题，悲剧亦化作动力，留下了“新时代”希望的种子。光敏性癫痫患者请勿观看本片。单凭这个结尾观感我想打7分,positive,bangumi,浪客剑心 追忆篇
回复 Sundaymore 陪伴是最长情的告白，虽然看起来讲述的王子和公主信中恋爱，但是恰恰女官从公主出生就一直相伴与她，不用过多描述，只需几个点就可以描述这种相伴已经是这世上最美的爱。京阿尼这种述事手法真的很好，让大家觉得公主和王子的爱是主看点，但是打动观众心里的却是公主和女官之间的羁绊，就像现实里静静相伴你身边往往被你忽略。第六集也是少年青涩的初恋，剧情看起来有种涩涩的苦味。特有的爱之剧情用特有的述事手法。,positive,bilibili,紫罗兰永恒花园
小睦进GO吧,neutral,bilibili,颂乐人偶
100wdoge,neutral,bilibili,比宇宙更远的地方
语言指导hnt kgym,positive,bilibili,鬼灭之刃 柱训练篇
K雷尔，kn！,neutral,bilibili,JOJO的奇妙冒险 石之海
"2456 5  剧情就是一坨，一会百合一会黑深残，意义不明。制作也不太行。
优点：伊蕾娜很可爱，op 、ed、配乐好听",neutral,bangumi,魔女之旅
回复 亿只大Mouse 什么瓜体,negative,bilibili,间谍过家家 中配版
"“这叫爱得深沉”
kdlkdl",positive,bilibili,关于我转生变成史莱姆这档事 转生史莱姆日记
这次是涉及老人和儿童虐待等社会问题，关于所谓的贵腐老人的设定让人想起老人z。延续了之前sac一贯的套路，连环事件、官僚政治、超级黑客、无意识集体，然而格局变小了。最后素子的一番话表露出神山想根据这些元素进行再创作的野心，不然也不会让素子回归九课。神山有意使自己的作品连结95和无罪，还进行了一些致敬，但人物的心理和行动模式和两部剧场版着实差别太远。在这部sss里素子还仍旧是一个凡人。,neutral,bangumi,攻壳机动队 S.A.C. Solid State Society
还真是eva，都是呃e，v，a三个字组成，一样的（,neutral,bilibili,颂乐人偶
全程高能，最酣畅淋漓的一部，相比前几部可以说风格大变。近乎乱序的多线叙事，大量的时间、地点蒙太奇，使得在前半段仿佛进入梦境一般，但是却用钥匙、刀、摩托等实体参照物紧密联系在一起，形乱但神不乱，最终在一段走马灯中汇聚一处，很有今敏那味。而在文戏的编排上更是一反对UFO的刻板印象，完美塑造了臙条巴一家以及荒耶宗蓮这个压迫感极强的反派，当然反派口中的菌言菌语、量大管饱的打戏以及ed过后的狗粮依然少不了，传统节目了属于，最后巴与式在餐厅中的告别堪称神之镜头，为这个传奇的篇章画上了完美的句号。音85分，画9分，剧情9分，观感85分88,positive,bangumi,剧场版 空之境界 第五章 矛盾螺旋
"不知道大家发现没有，进条已经变成了糖果样子了
本集根据预告来说，简直是从漫画里面随机的选择了，对应着漫画：75、76、103。这简直是在坐火箭一样，这个制作组八成因为漫画完结了，现在也不打算做第二季了，完全放飞自我了。很有可能把这一季的动画全部做完，直接写到结婚那边。
       
　           
　             
　              丶
　        
    L   
      总之就是非常酸",positive,bilibili,堀与宫村
本来还担心离婚之后剧情会奇怪，没想到还挺好的，可以感觉到人物的心理活动细腻又合理，明显是花了心思的。我觉得这一季比第二季后面几集好多了。仔细想想发现这个家的中心是Beth啊。随着剧情逐渐显露出Rick的感情也很有意思（不觉得是人设改变，因为如果一开始Rick不在乎家人就不会在消失多年之后回家了）,positive,bangumi,瑞克和莫蒂 第三季
这才7集，后面mujica又得整啥幺蛾子,negative,bilibili,颂乐人偶
"在看过闪光的哈萨维后一直想看部富野由悠季的高达，在反复尝试多次后，终于看完了高达z。
由于过于粗糙的剧情推动和人物刻画、落后的战斗场景，之前每次只看几集就看不下去了。剧情和人物方面，最让我意难平的是凤这个角色，她和主角的恋爱明明在故事前期对主角造成了很大影响，但除了卡缪在看到凤第一眼时说的“是我喜欢的类型”外，几乎理解不了为啥会相互吸引，进而会觉得主角的变化比较突兀。战斗场景更加剧了剧情的突兀感，这些场面放在现在来看基本上就是拖时间，很影响观感，就明明有足够的时间，但仍然没有很好地圆上故事。结局主角疯掉似乎也缺乏足够铺垫，显得太刻意了。但主题确实有意思，希望能有重置吧，续作就不太报期望了。
以40年后的眼光看这部作品有些过于苛刻了，但类似的，我也会不自禁地拿40年前的严肃题材跟当今的高达作比较。在给动画评分时到底应不应该考虑时代的因素呢？",neutral,bangumi,机动战士Z高达
Kon,neutral,bilibili,比宇宙更远的地方
这才是正常人的反应吧！善善就是演我内心dTTb,positive,bilibili,鬼灭之刃 柱训练篇
爱音：我不是crychic的为什么全世界都在问我crychic,negative,bilibili,颂乐人偶
回复 AlainV 不是空调jo太郎吗？,negative,bilibili,鬼灭之刃
这反差萌wo爱了,positive,bilibili,比宇宙更远的地方
每日立正（n 1）,positive,bilibili,少女乐队的呐喊
画面节奏太舒服了，几个主要人物的表现都很好，里面通过虚无恐怖主义又黑了一波制度。不过鸭子确实毁人设，这和ova tv里的人设大相径庭，南云变成了逮捕罪犯时还和罪犯亲热的女性，泉则直接变成配角且直接开启成熟冷酷模式了。,positive,bangumi,机动警察剧场版2 和平保卫战
666抖s,negative,bilibili,魔女之旅
怎么他好像每次都从下水道出来hhhhh,negative,bilibili,工作细胞 第二季
"《攻壳机动队》观看顺序记录

本作分为三个独立平行世界，可按以下版本顺序观看：

1 神山健治版（推荐首选）
顺序：SAC 第一季  SAC 2nd GIG 第二季  SAC SSS 剧场版
特点：叙事清晰，深度探讨社会议题
注：《笑面男》与《个别的11人》为TV版主线总集篇，删减了单元剧内容

2 押井守版（经典剧场版）
顺序：无印版 1995  无罪 Innocence
特点：影像质量极高但晦涩深奥，充满哲学思辨
注：《20》是首部的画面重制版（加入3D特效），核心剧情无改动

3 黄濑和哉版（ARISE系列）
顺序：ARISE 14章  AAA 最后2集  新剧场版
特点：前传性质，叙事较杂乱，口碑略逊于前作
注：TV版《AAA》前8集与ARISE剧场版",negative,bangumi,攻壳机动队 STAND ALONE COMPLEX
ep2ep3小神回，ep9看的极度不适，这部番一个角色都不喜欢，银古就知道多管闲事，都是人家自己造的孽自己承担得了，老是插一手，我从来都不觉得虫师治愈过。,neutral,bangumi,虫师 续章 第2部分
coster,neutral,bilibili,Fate/stay night [Unlimited Blade Works] 第一季
ivyt看7非IP窘迫进口片【；。,negative,bilibili,四月是你的谎言
fox9我 我我  我我想问一下 仰望 我想要在 我  我  仰望我 www  我仰望 99    我想要在  我想要在 我想要在YY9  我想要在www 我9  www9仰望仰望www9 www9我我我我9仰望wwwYY99  9    wwwwww 仰望 哦哟我,negative,bilibili,间谍过家家 中配版
回复 fhuukyth十五 腹肌哇啦先辈差不多都患上教儿子PTSD啦,positive,bilibili,辉夜大小姐想让我告白？～天才们的恋爱头脑战～
L等于27W等于12,negative,bilibili,Angels of Death
dm,neutral,bilibili,魔女之旅
hch实名看,negative,bilibili,Fate/stay night [Unlimited Blade Works] 第一季
pAq,neutral,bilibili,魔女之旅
"1瑞克与莫蒂第五季告诉我们一件事，那就是不要乱玩弄时间，否则好心的你只会恶意的捅出越来越大圆不上而且观感烂的要死的窟窿。看完决定给命运石之门加一分。
2162分钟感觉可以缩到126分钟。有些分镜真没必要搞太长时间，剪辑也是太老实蔫吧了。主角过于稳定的精神内核让节奏一平到底，哪怕在刚发现世界变动惊慌失措，甚至是被背刺的时候都紧张不起来。
3意义不明的五人罚站海报。
4虽然可能有点太刻薄，但是都搞出来穿越时间跟更改世界这种重量级操作了，你确认特效不应该做的更炸裂一点吗？尤其是穿越时间，就搞个旋涡缩进去的特效半秒钟就结束了，看到这时真给我气笑了。
5旁白吐槽效果并不优秀，感觉更像ai出的万字解析视频的配音。
6最后还是想说，这种又想引入世界系设定，又想维持日常系气氛，两头都想抓的故事，我觉得注定会讲不好，最后肯定会烂尾的。",neutral,bangumi,凉宫春日的消失
Jerry用最Jerry的方式回归了家庭，Rick大无语事件（经过三季的故事呈现，主要角色也太立体了一点，会让我真情实感地喜欢他们，想去了解后续的故事,positive,bangumi,瑞克和莫蒂 第三季
"15年到20年的基本都看过 妹想到现在b站盗版横行又能继续看了 
反复看的几集：20160122一模一样宠物大集合、20170728大象与叔叔、20171020漂亮的小咪、20180824 说谎镜",positive,bangumi,哆啦A梦
马章浩RIP,positive,bilibili,四月是你的谎言
回复 整点potato 你说你要去南极！,neutral,bilibili,比宇宙更远的地方
阿尼亚 k2 d0,neutral,bilibili,间谍过家家 第二季 中配版
回复 PeterJarvis典型的浪输局（敲黑板）,negative,bilibili,埃罗芒阿老师
我是Ep,neutral,bilibili,四月是你的谎言
251106高密度的文本量也拯救不了我有许多地方没看懂。我最后悔的应该就是花了过多的精力去理解剧情，回想的时候感觉不如多去感受作品表达出的情感。标记VOYAGER日付墓标，今年最喜欢的曲子。,positive,bangumi,新・福音战士剧场版：终
zy,neutral,bilibili,颂乐人偶
3D 2D 换着上有点撑不住啊,negative,bilibili,约会大作战 第四季
回复 SilentGateboqi？,negative,bilibili,在下坂本，有何贵干？
我嗑了，cp好吃,negative,bilibili,Fate/Zero 第一季
好看 最喜欢看博士和名乃阪本黑猫的互动温馨治愈 说实话里面不少吐槽梗无法get 少数能get 日常片段让人看的很舒服 其中螺旋拳致敬明日之丈打亲姐那段挺搞笑还有校长和鹿PK被虐 鱼雷跳法记忆挺深刻 属于不知不觉看完系列,neutral,bangumi,日常
痛seyana,positive,bilibili,四月是你的谎言 粤配版
win10桌面娘化,neutral,bilibili,比宇宙更远的地方
Salute！,neutral,bilibili,比宇宙更远的地方
少佐与人偶师程序身体的并置，使人回想起天使之卵色调的冰冷的义体及天空，这是一个组成自我的元素逐渐解体的、对意识而言的后末世世界，一首为涌现的自我所唱响的挽歌。朋友说，自己最害怕的一件事就是自我的deformation，那是某种从外界渗透进肌肤的，无自觉的自我解体与替换。如同少佐与人偶师借互相之口讲出的对白带来的异样感，即便许多后世作品都对这种恐惧做出了积极的解答，但这种反应来自难以消除的根源深处。能深入并将根本的恐惧以艺术形式呈现出来，是一件非常有勇气且令人佩服的事,positive,bangumi,攻壳机动队
第一季的创意和点子还是在一众作品中很有开创性的，还记得当年了解RM还是因为Pewdiepie那句“大家都应该去看Rick and Morty！”从很多内容都能看出是虚无主义的本质，但是第一季问题还没显现，不过算是成功了。,positive,bangumi,瑞克和莫蒂 第一季
回复 Kyl4r 现在已经有一话了，哔哩哔哩还没上,negative,bilibili,青春猪头少年不会梦到兔女郎学姐
DBDRaws吹响吧！上低音号 第一季0113TV全集OVA特典映像HEVC10bit,negative,bangumi,吹响吧！上低音号
"芙莉莲和大家一样又长一岁啦！祝大家新春快乐！幸福安康！点赞评论本条内容，2月29日从评论区抽取3位送出《葬送的芙莉莲》原著漫画简中版56册首刷特典版。
为了能够进入北方大陆，芙莉莲一行人必须参加大陆魔法协会的一级魔法使考试。未来的更多冒险可以在漫画中先睹为快。
拜年祭大促中首刷特典版56册",positive,bilibili,葬送的芙莉莲
剧情没得说，但是，我认为没有参与过2025年1月至3月的mujica剧情分析汴京的人生是不完整的，我觉得大伙对他的讨论的热情远远大于了这番本身的质量，完全可以当作一个互连网现象级事件载入追番史册,negative,bangumi,颂乐人偶
论兰的通话记录中全是报警电话jpgCat2Watching,negative,bilibili,名侦探柯南
莫扎特：勿que,neutral,bilibili,四月是你的谎言
海狮货Van,neutral,bilibili,比宇宙更远的地方
你需要一个QB,neutral,bilibili,比宇宙更远的地方
不用任何现代元素，不站在现代立场去批评这部作品相对的缺点，因为在当时这是顶级的作品，直到现在也没有这样独特风格且完全生机的作品再度出现，唯一的“上美”，最经典的孙悟空，只有他才能在1950s打破一切黑暗的、腐朽的事物，用伟大的造反的力量消灭反动的天庭，开辟属于众猴的花果山。,positive,bangumi,大闹天宫
回复 哎呦nini U,negative,bilibili,鬼灭之刃 游郭篇 中配版
明明是re,negative,bilibili,比宇宙更远的地方
当时就该Thw World啊子安,positive,bilibili,约会大作战 第四季
WC，美女你谁？,neutral,bilibili,四月是你的谎言
Vodafone AU,negative,bilibili,比宇宙更远的地方
感觉像喝醉了在KTV胡乱唱的,negative,bilibili,颂乐人偶
"虽然全是我想看的东西，但是女主作为公认的美女这么无自觉实在是太幻想了。男女主交互的时候青涩的感觉倒是非常的有青春的味道

这个市川是真ok的啊，在感情这块确实是有在成长的啊，一边别扭一边整理自己的心情一边慢慢往前探索，没几部恋爱番有这样的塑造的，有一种少歌的美

虽然一直嘲笑市川纯，但某些方面比我还更成熟啊

节奏平稳，人物塑造在这一季让我不再纠结市川这小子凭什么这个问题，市川和山田的成长是真显而易见的，细水长流，从啥也不想的阴暗初中边缘人，变成了有想法敢做想做会做的边缘人，两人的关系一步一步建立和靠近。dgn评分87分。但是市川这小子凭什么可恶啊！！",positive,bangumi,我心里危险的东西 第二季
第二季前期相比于第一季有些重复的感觉看的让人疲惫，教团和爹妈的故事看的也是云里雾里，但结局零之镇魂曲对于我这样的be爱好者来说确实是加分，最后娜娜莉抱着鲁路修在众人zero的呼喊中痛苦实在是打动人心。,positive,bangumi,Code Geass 反叛的鲁路修R2
回复 ElPsyKongroo 这还追啊，找虐哦，我已经取消追番了。,negative,bilibili,盾之勇者成名录 第二季
只能拿16kg,negative,bilibili,比宇宙更远的地方
回复 摸鱼的kesste 详情见粤配版第八话1538,negative,bilibili,间谍过家家 粤配版
2D祥爹,positive,bilibili,颂乐人偶
颇有门槛的萌番，梗很密集但我浓度还不够，能get到的不多；每个角色都超级无敌萌；叙事一开始不太习惯，有些感觉就十几秒，宛如在看四格漫画，等习惯后发现只剩几集了（悲；创意很足，ed设计很有意思，op甚至能看到3个版本；日常还ok，更多是宅文化的输出；总之给到8分吧，质量真的不错,positive,bangumi,幸运星
继续第三集的简单科普：Servent的职阶会赋予从者自身不具备的能力，Archer职阶则提供了名为单独行动的能力，能让Servent自身存储更多的魔力，失去Master也能靠这多出来的魔力独立行动更久或是发动宝具。也因为吉尔伽美什的单独行动等级为A，可以离开Master的魔力提供单独行动一周，所以时臣常常掌握不了他的位置，他则在这个时间里在街上闲逛。Assassin之所以能有复数，是依靠了代号为“百貌”的哈桑的宝具“妄想幻想”，这个哈桑活着时是一个多重人格，在切换人格时肉体外貌也会变化，具备的知识、使用的语言、肉体习惯也会改变，因此十分适合暗杀。成为英灵后这个超能力升华成了宝具，能让每一个人格分裂出独立的个体，最多拥有80个，每一个Assassin都具备气息折断的能力，但是由于每一个分身都只能分得本体的180的能力值，所以个体非常弱小，到了常态化的战斗性Master也能一战的水平。而这次在时臣的策划下，成功利用其中一个人格的表演，让其他人认为Assassin已经退场，然后暗中监视其他所有敌人，收集情报。,positive,bilibili,Fate/Zero 第一季
用小说13卷后比企谷八幡现在的心情来说对feel心如死灰啊,positive,bilibili,我的青春恋爱物语果然有问题。完
回复 Yamato泰戈阿里噶都。。。,negative,bilibili,Charlotte
BJD不要晒太阳,positive,bilibili,颂乐人偶
ep4：咱黄前当了4集人形自走剧情触发机和摄影机终于开出 true end 了，要不你改个旮旯隔膜吧。以及贵圈真乱。 ep5：看完猎奇的来洗眼睛了，京吹是对的，本人从未诋毁过京吹。 ep11：总体来看明日香线莉青双人线姐线，后两个都感觉带点突兀，至于高坂的惊世一跪后面忘了。 总评 84。结尾有点抽象了。,positive,bangumi,吹响吧！上低音号 第二季
十年前的回忆被唤醒了，真的是很厉害的单集！虽然只有二十几分钟，剧情内容比较零碎，但逻辑不算混乱，节奏把控得很好。作画更是伟大无需多言，分镜演出不仅交代时间、背景，勾起了观众曾经的回忆，也推进剧情发展、以“微小存在”的视角再看当年这段故事（二十分钟塑造了好几个全新的小角色是真牛逼）。没相当短短一集OVA观感会这么好，最后那句“启航啦”更是看得有点小泪目了。,positive,bangumi,航海王：粉丝来信
sayeka,neutral,bilibili,四月是你的谎言
113 ep2 第二话也做得不错 小姨与朋友的关系刻画得简单有力 日常互动相比第一话更多了 还有侄女很可爱  119 ep3 插曲和剧情配合的很好 对话本身处理的也很细腻 第一次感觉日本动漫里的人物说大道理不感觉尴尬  22 ep4 情感的矛盾感和别扭感表现的很好 期待后续是怎么 “解决” 侄女和小姨又一次情感需求矛盾的  210 ep6 小姨作为成年人在情感需求和理性思考之间的对抗与矛盾，如何处理异性的关系性 可能实际八卦  220 ep7 少女窥见母亲作为成年人 内心的焦虑，畸形的爱犹如深渊，吞噬了对这份爱理所当然的信心  228 ep8 好想知道小姨的“龙”是怎么死的 努力捋清人物情绪逻辑中 还有 小孩的心思真难琢磨啊  321 ep9  ep10 感觉这两话剪辑有点细碎了 情绪流没有跟上,positive,bangumi,异国日记
败方mvp结算画面,negative,bilibili,四月是你的谎言
"一刷，久仰大名。致郁和治愈的重叠相生，虽然不催泪但让人难受心疼，5个性格立体的马猴烧酒和宏大的世界观，业界少见级别的音乐和美术（虽然挺掉san的），和不断一边回扣伏笔设定一边速度适人地推进同时吊胃口的剧本节奏，不同剧情节点听会有不同感受的op，12集动画能做成这样就是奇迹。我几乎不说一个动画“值得二刷”，魔圆是例外之一。最后，RIP wowaka。

“如果有人说抱有希望是错误的，无论多少次，我都会说‘才不是这样’。”",positive,bangumi,魔法少女小圆
依旧精彩，op和ed也是，关于希斯托利亚和艾伦的两首歌非常好，尤其是最后的ed中穿插的片段，让人对后面的剧情反转充满期待。,positive,bangumi,进击的巨人 第三季
Code Geass S1：一半的矛盾。不同的人拥有着不同的绝望与希望，罪与罚，幸福与终点。世界的终极意志，你到底在哪？,positive,bangumi,Code Geass 反叛的鲁路修
回复 chris0603LL 对，他们只是出演了小说里的路人角色。逻辑上不一定是同一个人，如果有下一季的话两次大型活动估计还要参演各种路人,neutral,bilibili,因为太怕痛就全点防御力了 第二季
Break downbreak down,neutral,bilibili,比宇宙更远的地方
想想小薰， Please,negative,bilibili,四月是你的谎言
3d效果出奇的好，有独特的画风，歌曲很容易溜起来，到动画本身，第十集和父亲的和解以及追回mmk让人感动，但结尾有点水，期待第二季,positive,bangumi,girls band cry
"为最终话谨慎而写的完结感言，如果可以请帮忙顶一下，想与更多人分享。虽然因为海外渣网速可能要沉ORZ

“要谨慎，谨慎再谨慎。即使被排斥，被讨厌，都要贯彻到底。这次一定要拯救世界，伙伴与重要的人”龙宫院圣哉

近年来”异世界“这一热门题材对于很多观众来说已是耳熟能详；而我们亦不难发现，它们大多数都有经典角色扮演游戏（RPG的影子，例如王道设定般的魔王勇者，分工明确的队伍组建以及令玩家倍感亲切的等级系统等等。从角色刻画以及剧情安排上我们也可以由此窥见作者们的游戏“哲学”：有的对升级嗤之以鼻，尝试用气势，经验和运气来一命通关；而有的则不厌其烦地强化自己，只有确认万无一失时才会迈出通关的第一步

“这个勇者明明超强却过分慎重”的作者土日月以及其主角圣哉明显属于后者。圣哉的谨慎与管理明显超过了“未雨绸缪”的范畴，达到了令随行队友抓狂的病态程度。虽然才能堪称亿里挑一， 不过这并不能否认他为了变强而做出的种种牺牲与努力，包括自己（而非队友）的生命。也正是圣哉有备无患的心态与态度，使得他的存在给予了队友以及观众莫名的安心感，尽管当我们意识到他至今所背负的一切时，已经为时已晚

土日月曾在原作后记中坦言，自己在创作中秉持着“要融合欢笑与感动”的原则，想写出一个让读者“能尽情欢笑，偶尔落泪的故事“。他无疑做到了这个初衷。当我们对男主挫骨扬灰的处理方式以及莉丝妲黛种种痴女行为（还有颜艺）而捧腹不已时，可能并没有太过于在意作者小心翼翼埋下的伏笔与提示，毕竟片中的幽默氛围实在太过于有感染力。但是当观众知道了暗流涌动的真相后，相信重温前面的内容时，会有不一样的理解与感动

可能有细心的观众会发现，女主角的名字莉丝妲黛Ristarte 取自于英文 “Restart”，即”重启，重生“之意。这份寄托着祝福与决心的名字亦赋予了她与勇者命运般的重逢以新的意义。前世的悔恨与今世的陪伴，让莉丝妲黛即使触犯神界禁忌也要尝试最后的相互救赎。不同于以往，这一次，她亦是“一切准备就绪 （Ready Perfectly”

从“Gonna be okay”到“ready perfectly”，尽管能力被重置，但那份悔恨的力量，守护的力量将陪伴他们直至下一个旅程

气势如虹，一骑当千前世抱憾
痛定思痛，一命通关今世补完

圣哉在未来SS世界的能力值",positive,bilibili,这个勇者明明超强却过分慎重
同学变女的 不是应该先让基友爽一下的吗 T T,positive,bilibili,转生成蜘蛛又怎样！
美的不可方物。困于孤立的凤学院，呼唤向世界发起革命，给予雏鸟们冲破蛋壳的力量，王子与公主的童话延续着，纵使两人注定终将离异，少女终会离开棺木步入未知的新世界，也会认清自己所有的力量。lets revolution,positive,bangumi,少女革命
I see you,negative,bilibili,魔女之旅
I love you more than youll ever know,negative,bangumi,新・福音战士剧场版：终
Iloveyou,neutral,bilibili,魔女之旅
还有BKD,neutral,bilibili,少女乐队的呐喊
Ea的风压在场就没几个受得了的孩子,negative,bilibili,Fate/Zero 第一季
就得看一辈子anime啊,positive,bangumi,白箱
其实和睦头很熟的只有祥子和soyo，她俩都发现了，其他人根本不知道哪个状态的睦头是“正常”的,negative,bilibili,颂乐人偶
回复 zeroeven 那个天与咒傅不能遗传的吧,negative,bilibili,咒术回战
amwc,neutral,bilibili,mygo
这时候就需要凉仙贝的谜之自信了Bass独奏启动！,positive,bilibili,颂乐人偶
很好奇没有对军宝具的剩下的几个人是怎么打的caster的大海怪,positive,bilibili,Fate/Zero 第一季
真dalao，我都没注意发音233,neutral,bilibili,小林家的龙女仆
veatil,neutral,bilibili,少女乐队的呐喊
fufu！,neutral,bilibili,鬼灭之刃 柱训练篇
前期沉闷的日常中也缓慢推进着剧情，往后就是不停的怒涛展开，直至steins gate,positive,bangumi,命运石之门
回复 R9NR9 不想剧透，但是我能告诉你后面十分的带感,negative,bilibili,关于我转生变成史莱姆这档事
回复 FklmnpoAE 可能是忙着更新吧，还没来的急分类,negative,bilibili,夏目友人帐 第七季
剧情进度快了，5集演完别人一季；导致各方面都没有铺垫好就转入下一段剧情，再就是人物对话也比较跳脱，思路上前言不搭后语，完全成了为了促进后续剧情展开的硬搬台词。尤其是第8集高板和黄前的橘里橘气蜜汁对话，更是不知所谓，你俩啥时候距离这么近了？优秀的点就是京阿尼的制作和各具性格特色的人设。PS：B站 京都橘吹奏乐部后援团 2016年演奏可看，这番里前几集里提到的水色恶魔，指的就是现实中的 橘色恶魔 京都菊高校吹奏部。关于京都橘的录制节目 BV1b44y1F7V1,negative,bangumi,吹响吧！上低音号
主题相当复杂且现实的一部 不管是人类还是自然都有极端者 同时也有人想要渔翁得利 创造与毁灭一体的设定也挺让人眼前一亮的（不知道宝可梦的XY有没有参考这个hhh） 不过唯独可惜的就是结尾感觉有点虎头蛇尾了 有些细节也没收好（比如本来是为的治疗诅咒但却就一去不复返了以及妹妹给的小刀到底是什么作用等等） 但整体瑕不掩瑜 还是给到1,positive,bangumi,幽灵公主
saki酱saki酱saki酱 saki酱saki酱saki酱 saki酱saki酱saki酱 saki酱saki酱saki酱,negative,bilibili,颂乐人偶
《Yes sir》,neutral,bilibili,少女乐队的呐喊
"动画《BanG Dream It39s MyGO》的漫画版《BanG Dream 迷途之子 雨中祈晴1》简中版可以在B站买到：
从长崎爽世的视角，为您展示故事新的一面。

随书特典！限定特典！豪华特典（全新插画）！等你带回家！",positive,bilibili,mygo
"刀剑神域的主旋律是桐亚的爱情
但衍生的旁支：
兄弟间的友情亲人之间的真情
人与人之间的相处理解与人性的思考
一个故事中寄予太多太多
正如茅场一样
其实川原想创造的是一个世界吧
一个是游戏但不仅仅是游戏的网络世界

剑之大陆，
由手中之剑守护的世界
我们手中永远握着属于那个世界的剑
sword art online
这是一个世界
一个名为刀剑神域的世界我说这些话
或许现在看来，
是有点幼稚
但在当时是我的最爱
当喜欢经过岁月的累积
已经变成了信仰
所以，
没必要和我争
因为它是我的最爱
无可改变
也希望看到这些话的人
能善待刀剑神域
少开点玩笑，多一份真诚
还二次元一片澄澈的蓝天",positive,bilibili,刀剑神域 爱丽丝篇 异界战争
回复 憨毛怪Invention 在b站上没有，在哪能看啊,negative,bilibili,青春猪头少年不会梦到怀梦美少女
99（CP向致歉）,negative,bilibili,鬼灭之刃 柱训练篇
稳住de老头,neutral,bilibili,葬送的芙莉莲
回复 PaleBlue bestdori就有，找爱音五星卡面保存,negative,bilibili,mygo
"还是小时候看的，昨天翻出来和家里人再看了一遍，笑中有泪，回顾广志的一生时爸爸明显沉默，久久不语。
他应该在想他的爸爸，但现在他见不到他了。
末了末了来了一句：“小新终有一天也会长大。”
我回他：“是的，他后来去未来和社会做斗争了。”
ps我妈倒是乐天派，一直在感慨1970的日本就有这么多好东西了。",neutral,bangumi,蜡笔小新：大人王国的反击
回复 SilverWinter 那我姑且先观望一下,negative,bilibili,咒术回战
"神作，无需多言。
观看顺序OA120，DC2124，EOE（AIR，真心为你）",positive,bangumi,新世纪福音战士
回复 117E39N 好像还有大日向,negative,bilibili,冰菓
啊，这个sinko,neutral,bilibili,约会大作战 第四季
节省经费ing,neutral,bilibili,四月是你的谎言
TV展开太慢剧情复杂但松散，再加上经常不说人话，整体显得过于沉闷慢长，完全就是就是硬逼着自己耐着性子看完的。反而是这部OVA的节奏更加舒适。,neutral,bangumi,攻壳机动队 S.A.C. Solid State Society
小智好适合roselia啊，能练到晕厥,positive,bilibili,少女乐队的呐喊
长大要当安东星人，bvvd可高兴了,positive,bilibili,少女乐队的呐喊
回复 呐呐neeeee 可能是最后闪闪破费了吧,negative,bilibili,Fate/Zero 第一季
op开头总让我想起dont say lazy。,positive,bilibili,比宇宙更远的地方
nm气死我了,neutral,bilibili,四月是你的谎言
狂三xiao qu小曲,negative,bilibili,约会大作战 第四季
一生只送一人的Dr戒指,positive,bilibili,魔女之旅
致敬传奇田径吉他主唱kitakita,positive,bilibili,少女乐队的呐喊
这里把语速加快会发现Mortis其实是在对睦说“已经没事了哦”,negative,bilibili,颂乐人偶
回复 小小白微 恩是的，大帝令saber对自己的做法产生动摇，只是埋下一颗种子。和狂兰决战时，这颗种子发芽，令她明白自己的光辉在身边人内心产生的阴影有多大。返还英灵座再度看到那令人心碎的场景才是真正心灵的暴击，以及不可挽回的自我否定与自责。不过这集被大帝这一通说教确实是起关键作用的基点。会谈后半，saber被戳中了痛点然后多次反问大帝，而大帝没有动摇过，她反被得到的答案暴露出自己更多的问题。大帝自始至终都站定自己的信条，认同对自己的批评但坚信这在开拓面前都是值得的，他从未追求过完美。可saber那时还天真地认为这世上存在完美的王，并以此为目标。大帝击破了她的幻想，引发她从其它角度反思自己，算是变相完成了拯救她的第一步。,positive,bilibili,Fate/Zero 第一季
为了把前三部挖的坑外加旧TV遗留的一小部分一次性全填上导致节奏非常奇怪；而且填坑的方式是大篇幅talk，即便经历过旧TV旧剧场版洗礼，也还是觉得太啰嗦了；表现手法上空有意识流的形态一些看上去很牛逼很抽象、让人捉摸不透但又隐隐约约觉得有深意的画面，但是作为意识流精髓的的留白处理几乎不存在都用大白话给你talk出来了；碇司令的逼格掉了一大段，美里的战斗指挥能力也大不如前，真希波的身份是完全没打算在剧场版里说明，的自我补完倒是塑造得不错，可惜倒在了主线剧情推进之前,neutral,bangumi,新・福音战士剧场版：终
261 评分9 各方面做到了顶尖的作品，目前见过文戏写得最好的一部。推进分镜氛围全部完美。阿虚的激动和有希的内敛使得作品张力得以呼吸起来，细腻的感情完全融入了每一细小举动，仿佛揉碎进那场稀稀落落的雪中。虽名为凉宫春日的消失，但主角却始终是有希。有希这样的人物存在也不禁让我联想起eva的凌波丽和攻壳的塔奇克马，都是不断追寻着普通人类与生俱来的，甚至泛滥的得以真实感受“人”这一存在的“情感”，令人怜惜。但对虚无缥缈的情感上的追求，也成了自身ghost存在的证明。对有希的描写我在tv中便有所期待，现在终于看到了。另外阿虚因此也得以真正正视起自己对sos团的情感，这在有希个人的塑造上更升华了阿虚与众人之间的羁绊。本作本身的剧情走向并不难猜，在架构上不断减法而在细节上加加法是非常成功的塑造人物的方式。不过具体所谓“科幻”的逻辑依旧难以深究，也是较为可惜的。,positive,bangumi,凉宫春日的消失
只有喵梦一个人不情愿带上面具，mujica隐藏的爆点啊,negative,bilibili,mygo
校园 日常 电波 2011年4月 角川月刊少年Ace 京阿尼 高分,negative,bangumi,日常
STEEP,neutral,bilibili,比宇宙更远的地方
mmk跟睦头人不一样的，486这边说的其实是mmk在专心投入音乐的时候会很释放自我，跟平时有种不太一样的感觉,positive,bilibili,少女乐队的呐喊
It is,neutral,bilibili,颂乐人偶
IP层尽力而为,negative,bilibili,mygo
p9 小风呜呜呜 p3 哎前面这几集我疯狂幻视那种动漫社学长调戏学妹（。因而感到比较尴尬,negative,bangumi,CLANNAD
Moozzi2,negative,bangumi,水星领航员 第三季
如果不能去南极，就跳绳1000下（doge）,neutral,bilibili,比宇宙更远的地方
今晚去看了，前面的新剧我很多时候看到里面的神人事件甚至有点看乐子的心态，只有破有点情感波动，但是没想到到了世纪大和解的时候居然忍不住破防了，我一直看着成长的这些受压抑、心理有问题的少年少女们终于与自己和他人和解，痞子把eva抽象、神秘的、含有启示录暗喻的终末结局还原为了现实的、希望与爱的、人与人的真结局，这也是痞子与自己的大和解，再加上结尾的卢浮宫，这简直是对eva观众最好的情书，特别是那些等了20多年的老观众，再见了，所有的福音战士,positive,bangumi,新・福音战士剧场版：终
4块，不到5块买一张CD，比咸鱼还慈善啊,negative,bilibili,少女乐队的呐喊
回复 緒yamaOfficial 确实,negative,bilibili,颂乐人偶
啊啊啊kwiii,positive,bilibili,比宇宙更远的地方
主唱是星星，但Mijica全是月亮,positive,bilibili,颂乐人偶
TTK  一直么  TTK,neutral,bilibili,Re：从零开始的异世界生活 新编集版
还是沾了sac系列的光吧，是很不错的ova，但是相比前两季TV差很多了。,neutral,bangumi,攻壳机动队 S.A.C. Solid State Society
chu chu的家（）,neutral,bilibili,少女乐队的呐喊
回复 熟悉的味方 这还好是grand blue  没给人介绍ture bule,negative,bilibili,碧蓝之海
Ririck  morty,neutral,bilibili,工作细胞 第二季
小鸟游kuang san狂三,positive,bilibili,约会大作战 第四季
A 和以往的高达TV不同 不再是将视角只聚焦于战争的各方而是更多聚焦于庞大世界观下的小人物小故事 得益于此本作的人物刻划非常棒再加上田园般的故事以及菅野洋子的神配乐 令本作比起其他高达更添浪漫。前半某些单元剧确有瑕疵后半剧情也可以增加更多篇幅不过这些无阻黄金之秋带来的感动以及本作成为我最喜欢的高达TV在罗兰手中 高达不再是手染鲜血的白色恶魔 而是月球人与地球人之间的桥梁,positive,bangumi,∀高达
画面分割，而且右边的还有3D感,neutral,bilibili,比宇宙更远的地方
"就我个人而言，相比tv我并喜欢这部剧场版，成神的小圆并不幸福这点其实和tv的主旨有一定的相悖，不过对于圆焰这两个角色本身的塑造是更合理的，更能体现她们身为“人”的一面。
不过剧场版本身在叙事和情感调动上依然是顶级水准，从“谁是魔女”的伏笔入手到和其他人的对话中理解每个人的动机，到中期揭示真相展开大战，到最后焰成魔把圆拉下神坛，整体叙事流畅、情绪推进到位、反转展开恰当、BGM优秀，作为魔圆的续作剧场版仍然是值得一看的。",positive,bangumi,剧场版 魔法少女小圆 [新篇] 叛逆的物语
我又没说你干嘛说我JPG,negative,bilibili,颂乐人偶
作为《升c小调练习曲》，“激流”在保持手速的同时，却不能轻浮，很考究重音,negative,bilibili,四月是你的谎言
"bgm有点秽翼的影子
虽然中间感觉逻辑有点晕
结尾的 zero requiem看哭了，多大人了唉",positive,bangumi,Code Geass 反叛的鲁路修R2
我丢，这不Asuka吗！,negative,bilibili,Fate/stay night [Unlimited Blade Works] 第一季
Oen piece是真实存在的！,positive,bilibili,比宇宙更远的地方
回复 superxiang 自己动手怕忍不住打死了,negative,bilibili,魔女之旅
s1mple神了,neutral,bilibili,少女乐队的呐喊
BYD气泡音是吧,negative,bilibili,四月是你的谎言
dei dei kei,neutral,bilibili,比宇宙更远的地方
这确实在C6播了 去年年底M26上映前首播的,neutral,bilibili,名侦探柯南：万圣节的新娘
怎不坐 JR京浜東北線,positive,bilibili,颂乐人偶
cateen,neutral,bilibili,四月是你的谎言 粤配版
soyo：单通BOSSing,negative,bilibili,颂乐人偶
总而言之不是很喜欢但就是很想看下去。歌好听，没看这番之前我就听了上千遍她们的歌了，但这live混响是人我吃。花田十辉这人写的剧本总有一种强烈的公式感，感情爆发过密以至于后面让人无感。3D制作至少比mygo强，但mygo剧情更深刻些，虽然这俩结局都比较潦草。人小孩姐能这么莽是因为有个中产阶级的好家庭，有音乐天赋，有四个无条件包容她的队友，所以我感觉她所谓反抗跟大祥老师斗财阀一样，有点闹麻。我真的很喜欢无刺有刺的歌，喜欢到处乱飞的486表情包，喜欢TOMO酱，但这番让我有点失望。歌好听，还是给个7分“推荐”吧，毕竟我网易云听最多的歌手就是无刺有刺,neutral,bangumi,girls band cry
回复 老w菌owo 13033333 是不是应该要有个余数1 一直留着,negative,bilibili,辉夜大小姐想让我告白～天才们的恋爱头脑战～
谁把我P成床了？awa,positive,bilibili,魔女之旅
纯粹而精良的比赛，毫无争议的系列最佳，用10集的时间去讲述“乌野VS白鸟泽”的排球比赛。作画张力拉满，演出热血沸腾。第六集第八集第十集尤其不错。毫无疑问，小排球第三季绝对称得上体育番里名列前茅的存在。喜欢运动、竞技要素也好，喜欢热血、感动也好，小排球第三季都是不容错过的精品动画。,neutral,bangumi,排球少年 乌野高校 VS 白鸟泽学园高校
回复 我们赢了不是吗  这个是712一举放送的评分，前一天放的16。之前mygo没有在nico放送过。,negative,bilibili,mygo
"回复 SilverWinter 不
从这仨打闹弄脏5t5超贵衬衫那里可以看出，惠也经常被迫害",negative,bilibili,咒术回战
在朋友的推荐下补番的，可能是一下子看完没有被二创腌入味的原因，没有对上电波，主要是我觉得这部作品前面写的就给人一种要写实的感觉，后来tomorin一个人在livehouse念诗得到观众支持我就觉得有点出戏了。总体上算是不错，我觉得社区热度给作品加分了。,neutral,bangumi,mygo
时隔多年来打个抛弃，因为只记得以前是看了大部分但感觉太恶心了没看完，不太确定到底看到了哪里。如果没有什么CL即是人生的论调，我只把这当做一个普通宅男向动画来看的话，顶多会觉得有点狗血有点过度煽情。但是被群众加上buff之后，我只能觉得简直纯SB了。。。打一星因为“不忍直视”这四个字太精炼，我最不忍直视的作品没有之一,negative,bangumi,CLANNAD
sayonara,neutral,bilibili,四月是你的谎言
"制作很好，表情生动动作流畅
剧情上直到11集都不错，最后两集感觉冲突有点刻意了？个人认为mmk跟nina之间的关系不至于到这种程度，更不会到逼迫nina认输。直接解约也有些儿戏了。不过玩乐队的都对自己个性的追求和表达会更执着一些吧，从这个角度倒也不是不能理解。",positive,bangumi,girls band cry
我在等CD，你在等什么？,negative,bilibili,四月是你的谎言 粤配版
回复 adnap0627 只有惠被5t揍了嘛哈哈,neutral,bilibili,咒术回战
97 从ep3往后，每一集结束时都会有起鸡皮疙瘩的感觉,positive,bangumi,魔法少女小圆
回复 AgunDream  蚌埠住了，还有2部剧场版和1部正在更的tv动画没上架,negative,bilibili,青春猪头少年不会梦到怀梦美少女
这集不是很明白为什么486一开始就心情不好不情愿一样。按理说朋友三人突然过来不管怎么样都是乐事，这集有点ooc了,negative,bilibili,少女乐队的呐喊
NO4,neutral,bilibili,JOJO的奇妙冒险 石之海
"第6话作者长月达平在推上（nezumiironyanko）的实况解说（摘选）：

1、486腹部被割破而死，【死亡回归】后的开始地点在486的【试炼】后。第4章的【死亡回归】这才是第一次。

2、由于开始地点被固定在【试炼】后，和琉兹、加菲尔等人的轻松谈话每晚都将重新进行。（注：指每周目复活后的那个晚上，不过其实已经是第二天了，因为小说设定【试炼】在半夜）

3、1周目486没有说出自己通过了【试炼】，这次提出了从多娜那里听来的情报（试炼有3个），这是为了实现和上轮不同的展开。

4、本来486这次提案的契机就是上轮加菲尔的发言，结果他却反对emt试炼，这让486相当受冲击。

5、emt之所以没说【既然486愿意为我去（试炼），那么能拜托你吗】，是她的性格所致。这件事上也很难说适材适所的漂亮话，因为那样就会有，那自己的适所在哪儿？的问题。

6、【罗兹瓦尔很讨厌。但冒犯他又会很没意思】就是加菲尔所处的艰难立场了。

7、486【丢你拉姆】吸引加菲尔的作战，确实会是非常有效的作战。尽管加菲尔嘴上说【谁会上当啊】，但他大概真的会上当。
　　但那之后486会与拉姆、加菲尔两人为敌，所以还是算了。

8、上轮最后加菲尔给486辉石的事件没触发，所以486厚脸皮地问了。拉姆是察言观色的达人，察觉了所以插嘴帮了一把。

9、由于害怕拉姆忘了的可能性、所以之前连名字都没有提及的蕾姆的事，这轮终于在回宅邸的路上对拉姆说了。拉姆一次也没打断、认真地听了。（注：长月居然没有提拉姆对丢你拉姆作战的反应。。这其实也是很长线的伏笔了）

10、这轮比上轮早了几天回到宅邸。（注：1周目跨度5天，第5天回的，这次是第2天。小说里说【早了2天】明显有误，不知为什么动画也没改。。）
　　因肠姐来袭安否不明的人员之一，佩特拉，成功达成了与拉姆的碰面。",neutral,bilibili,Re：从零开始的异世界生活 第二季 前半
正传5、6、7、8、11，外传DQH2都有这个卖萌梗,negative,bilibili,关于我转生变成史莱姆这档事
JHYUGYH,neutral,bilibili,四月是你的谎言
回复 阿暖lunhui我想认你上热评,negative,bilibili,徒然喜欢你
极品小H书怎么连78都有,positive,bilibili,魔女之旅
长按屏幕为人类打call！！！,positive,bilibili,转生成蜘蛛又怎样！
回复 aictlc 不啊，只是想找回小时候看动画的感觉而已,negative,bilibili,间谍过家家 粤配版
I is fish,negative,bilibili,颂乐人偶
从sung容，从cung此,positive,bilibili,间谍过家家 粤配版
什么nike呀。那明明是沟的阴影,negative,bilibili,约会大作战 第四季
"Tv小说Tv，但是知道今天才把11集看完
不要对自己的生活自怨自艾，想做的事情就勇敢迈步？
总感觉这是个本不够成为故事的故事，时时能在里面见到自己平凡的影子
也只有汤浅能改编得这么好吧？话说小津似乎要比小说里可爱一点",neutral,bangumi,四叠半神话大系
我先去M78星云，可以吗？,neutral,bilibili,比宇宙更远的地方
姐姐真好wwwwww,positive,bilibili,少女乐队的呐喊
I am th走错了（,negative,bilibili,少女乐队的呐喊
Archer能不能打得过saber我还是有数的,negative,bilibili,Fate/stay night [Unlimited Blade Works] 第一季
0i！,neutral,bilibili,魔女之旅
cd快了,positive,bilibili,四月是你的谎言
去网吧打CSGO,neutral,bilibili,约会大作战 第四季
ko  le  wa  试炼  da！！！,positive,bilibili,关于我转生变成史莱姆这档事 第三季
对哦，初华就坐在taki的后后面,neutral,bilibili,mygo
JK,neutral,bilibili,鬼灭之刃 柱训练篇
"沉舟侧畔千帆过，病树前头万木春。
我认为这句诗与我的感受有异曲同工之妙。日本社会在美国的支持下快速发展，之后却经历大萧条，小新五小只的父辈和父辈的父辈都是当中的经历者。他们不舍过去，漠视或仇恨现在，不接受世界的变化，就像CLANNAD中的刚也不接受古河的离去，他们都向日本年轻人宣告着要接受现况。虽然对我们没差。",positive,bangumi,蜡笔小新：大人王国的反击
如果说L死之前还可以算一部很优秀的智斗剧的话，到了L死之后的部分就简直是狗尾续貂，为了圆上结尾草草了事。这部番我也追了挺久的了，8月初开始看看到22集样子放到现在又重新开始看，但还是觉得夜神月后面的死法糖的发瘟，看的我大晚上意难平（仅仅从一个动漫观众，一个读者角度这么说的）,neutral,bangumi,死亡笔记
85剧场版的剧情总体上比前几部tv上紧凑了不小，主角年龄的改变也基本上摆脱了少年病，看似简单的战争实则牵扯到不计其数的利益纠纷，但是结局还是太平淡了，放在整个UC系列里看还是挺不错的,positive,bangumi,机动战士高达 逆袭的夏亚
回复 Bentannis 是啊，开会，随便写，又不用画,negative,bilibili,关于我转生变成史莱姆这档事 第三季
AVE MIJICA,neutral,bilibili,魔女之旅
回复 麻雀Miranda 对啊,negative,bilibili,JOJO的奇妙冒险
yiyu,neutral,bilibili,四月是你的谎言
Belt,neutral,bilibili,四月是你的谎言
非常值得回味的作品，极好地修补了我对TV后两集半的不满，并提供了大量的思考价值以及前所未有的观看体验。首先第25集明日香与二号机的演出以及第26集大量后现代镜头与符号隐喻，辅以比TV更进一步的大量基督教符号与巴洛克式恐怖美学的挪用，提供了令人目眩神迷的审美体验。至于剧情，则是直接将TV后两集的弗洛伊德拉康式精神分析拔高到本体论层次，并试图提供基于集体主义，但后人类式的解决方案，值得思考，但我未必赞同。剧情对于真嗣的塑造是恰到好处的，父、男性气质以及家庭的缺席与冷漠致使其在伦理与心理层面被钉死，也导致最终在只差一步便可彻底摆脱超我与象征界（掐死明日香）的情况下又一次退守本我，这是绝对符合逻辑的，否则剧情便会失真。从另一个角度看，本作是极少达到对宇宙性（熵增）与生物性（逆熵）层面并进行模糊探讨的作品，这在流行文化作品中是难能可贵的。,positive,bangumi,新世纪福音战士剧场版 Air/真心为你
ave有刺无刺,negative,bilibili,少女乐队的呐喊
终于开始补番啦！这么一想23年7月的时候自己还推荐周边人追这部番，因为“镜头语言和脚本看起来很有意思”。结果自己因为各样原因“脱坑”了好久，只是在网上刷着各种meme。终于要在25年的7月来赴两年前的约。ep1：镜头的设计很有意思，感觉是一个乐队解散之后，主角们要怎么“向前看，别回头”的故事，ED的歌词非常喜欢，“我永远是我自己的伙伴”！ep23：台词真真假假，表里不一；镜头和声音、配乐的表达很细腻ep4：“我们要到90岁才能变成老奶奶哦！”,negative,bangumi,mygo
看到killerT旗袍黑丝我可就不困了,neutral,bilibili,工作细胞 第二季
初华：sumimi偏商务 mujica偏运动,negative,bilibili,颂乐人偶
此处，fever：300,negative,bilibili,mygo
"前半的绫波零塑造非常优秀，三无角色不再是一个单纯的工具人人偶，而是有了自己的故事。后半部分过于抽象，好在结尾多少是和TV版诠释的是同一个中心，勉强原谅了。
虽说和TV核心同样是打破心灵枷锁走向未来的主题，但背景上感觉不如TV那么自洽。司令的做法缺失了TV中seely的外部压力，也就缺少了反抗外部势力的原因，使得剧场版的锅好像都是司令为了见老婆带着全人类一块remake。即使最后点明了司令和真嗣一样也是没有走出自己心里的阴影，也很难成为他要毁灭世界的正当理由。
最后需要走出阴影的人从真嗣变成了司令，所以真嗣在新剧场版的整体角色形象比TV版要好不少。
至于结尾，和明日香相差了十五年的生活经历，注定了两人只能是过去式，而绫波零也不再是破和终前半的那两个有着共同回忆的零，玛丽更像是作者为了体现不同故事线的结果，或许最后和玛丽的结局才更符合这个新剧场版吧",positive,bangumi,新・福音战士剧场版：终
回复 ElainaUdongein 是吗,negative,bilibili,魔女之旅
这下真不如《哆啦A梦》了：续作的故事几乎没有提升，脑洞倒是越来越大了；对社会问题宗教信仰、核武保护的讽刺继续停留于“愤青呐喊”，内容也更加血腥低俗猎奇了性器官还tm能氵那么多内容，成人动画也不是这么做的啊；情景剧的问题依旧存在夫妻每集都必定吵架、莫蒂每集都必定受不了瑞克，镜头语言一个也不会，neta倒是越来越多了。部分实验性内容也没有发挥好：ep1的时空扭曲画面变化很小2年前戈达尔的《3D铁三角》可比这先锋前卫多了；ep6“套中套中套中套”全季最佳，但也只是提供了个设想而已。《亚特兰大》虽也是单元剧且质量不稳定，但整个故事都扎根于“魔幻现实主义”且氛围营造、镜头语言远比本作扎实。,neutral,bangumi,瑞克和莫蒂 第二季
回复 messue 漫画是这样吗？碳人太好了吧,negative,bilibili,鬼灭之刃 柱训练篇
这个在横滨kareana旁边（）,neutral,bilibili,少女乐队的呐喊
偶像动画的开山鼻祖与顶点即使再次观看，依旧会被那些桥段感动。在看过更多偶像题材动画后回过头来看本家动画，发现作为一部几乎开创了这个赛道的作品，它几乎在各个方面都给出了一份完美的答卷：十多个偶像人设风格迥异却又能彼此诱发有趣的化学反应，显得杂而不乱；live演出上更是可以说是后无来者，其中的手绘live至今仍被无数作豚津津乐道；而最重要的，是本家动画在二十多集的草蛇灰线后，通过阁下探寻“偶像究竟是什么”而引出的那个答案。偶像是让人炫目的闪耀，是咬牙攀上顶点的傲气；但最重要的，是那个空调常年失修、电梯用不了只能爬楼梯的狭窄逼仄的小小事务所，是一个永远能笑着回去的家。动画的最后几集不仅仅是天海春香这名角色所谓的“个人回”，它讲述的是765的魂，让偶像大师成为了偶像大师；也正是这让本家动画成为了一个结构完整的整体，使其超越了一众止步于人设拼盘的偶像动画。,positive,bangumi,偶像大师
看信in,neutral,bilibili,紫罗兰永恒花园
回复 DOD0MO 哦哦我一直以为黑头发也是女孩子,negative,bilibili,鬼灭之刃 柱训练篇
回复 歪比巴卜xosjeb 放弃挣扎了而已，当时已经快寄了,negative,bilibili,鬼灭之刃 刀匠村篇
某种意义上我不喜欢的要素好像凑一块了开局寿命论还是太糙了总7，不算喜欢也不算讨厌，具体定位我也不怎么清楚，只能说旅行加插叙往前回忆可以整但是这种明显不对胃口，oped也没什么好说的，能听但是绝对不想加入歌单，听完即解放吧，cv这一块是真的豪华，看见不少喜欢的cv可惜体验过于无聊，当做下班时候看两三集喝点过渡总体来说还算凑合，制作经费没看出来有多豪华，作画这一块把握的还可以。总结：我不喜欢的公路片，看不见什么喜欢的内容也没怎么摸清定位，人物塑造也没看出来好在哪里，适合睡前或者吃饭消磨时间。,neutral,bangumi,葬送的芙莉莲
a1高闪,neutral,bilibili,魔女之旅
对于故事本身其实没有太多想说的，不觉得是非常新颖的故事，但一定是温暖的、扎扎实实讲好了的故事。对于小细节的关照非常足够，比如爱音闹别扭时灯故意摆弄的创可贴，让人感受到少女间感情的细腻，最后的live实现了耀眼的升华，很ok。,neutral,bangumi,mygo
某种意义上来说也算是一种富野的“再见吧所有的刚大木”，看到目前最富有诗意的高达，虽然叙事和节奏仍然存在一些问题，但是其表达与人文情怀实在令人感叹（ps罗兰这伪娘xp真的太超前了）,positive,bangumi,∀高达
"私以为第二季其实和第一季不同
第一季更注重于平泽唯的成长，其实是对迷茫前程人生的呼唤，对于人生终将前行，寻得并追求理想的期许
第二季，全季都是毕业季的事情。全季都一直在渲染毕业的氛围。从学园祭准备就已经开始为梓喵毕业时的不舍铺陈，并最终在24回相遇天使的歌声里圆满和解相遇了！美丽的天使。天使是梓喵之于三年级四人，又何尝不是五人互相都是对方的天使，最终回归到轻音部，并涵盖了和，小佐和等，上升到了在校园里人与人之间真切情感的展示与赞美
9分是因为bangumi打10分让我慎重，也是因为觉得这一季有几个日常回略有重复
总之，感谢你！美丽的天使！好看的《轻音》！",positive,bangumi,轻音少女 第二季
"自新型冠状病毒（SARSCoV2）被发现以来，各类消息及研究报告刷新着人们的认知。最近，《British Journal of Haematology》（BJH）发布的一篇文章再次带来了一项关于SARSCoV2的出人意料的信息。

英国特鲁罗皇家康沃尔医院血液科的Sarah Challenor和David Tucker在一篇题为“SARSCoV2induced remission of Hodgkin lymphoma”的文章中提到，一位61岁的癌症患者从新冠肺炎中康复后，体内肿瘤竟然逐步消退了。这名患者来自英国，此前曾因进行性淋巴结病及体重减轻而转介血液科，预示着其可能发展为恶性淋巴瘤。后来，患者因继发于IgA肾病的终末期肾衰竭而接受血液透析。在接受肾移植失败之后，他已经连续3年停止免疫抑制治疗。

对锁骨淋巴结的细针活检显示，这位患者是感染了EBV（EpsteinBarr virus）的霍奇金淋巴瘤病人，并且FDGPETCT显示其处于疾病晚期阶段。在确诊霍奇金淋巴瘤不久后，这名患者就因呼吸困难而住院，随后被确诊为COVID19并开始接受治疗，期间临床医生没有给这名患者进行糖皮质激素或免疫化疗治疗。11天后，患者出院回家疗养。

4个月后，神奇的事情发生了。患者身上淋巴结病变明显减少，并且临时PETCT扫描显示淋巴结病变广泛消退，EBV病毒PCR也从一开始的4800拷贝ml下降到413拷贝ml。",positive,bilibili,工作细胞 第二季
ezzz,neutral,bilibili,颂乐人偶
这个堪称最暖，如果说幸运星和悠哉是一种风格，CLAMP是一种风格。那么虫师续章可能是CLAMP的对立面。可以说是暖到无法呼吸，甜到山崩地裂，少有的续出新意。太棒了。,positive,bangumi,虫师 续章
讨论Jazz Hiphop永远绕不开的一座大山,negative,bangumi,混沌武士
"我非常喜欢这部影片的故事，处于平淡绝望之中的男主在日常之中受到救赎。平淡绝望是我很喜欢的一个氛围，如果让我举一个超时空的例子那就是DDDD里的日常part，无论这个氛围是一个宏观的场景、世界观设定还是聚焦于某一个角色的个人人设，都能对我产生特攻。
此外，现实题材的救赎故事也让我对这部作品喜爱有加，这个方面的例子就是欢迎加入NHK。
我推荐所有人去看这部作品。至于为什么不从视听去分析，实在抱歉超时空补评价我的记忆已有所缺失。",positive,bangumi,3月的狮子
洞哥和JW最大的分歧难道不是，洞哥喜欢3但是JW强推7吗,negative,bilibili,异度侵入 ID:INVADED
dua  dua,neutral,bilibili,四月是你的谎言
"很少有一部作品会像少女歌剧一样难以为它冠上一个或多个准确的形容词。百合、战斗、音乐、梦想，这些都可以形容少女歌剧，又好像并不全然正确。
比起TV来说，剧场版让我有了更深的感触。如果说，TV版虽然优秀，却总让我感觉隔了一层“膜”，剧场版则完完全全打破了这一层膜，让我真正看见了舞台少女们的闪耀，为之兴奋和感动。
剧本、情节穿插、分镜，不论哪个因素都相当优秀。对我来说，最难以忘怀的果然还是分镜演出，堪称业界楷模。很多地方的演出非常精彩，让人不敢有一丝懈怠，生怕错过其中一处。很多动画的分镜演出，有那么两三处就能让人拍手叫好了，但少歌的剧场版简直可以称作是分镜演出的集合体，每过几分钟，就能让人感叹其精巧的分镜和演出设计，实在是让人无可自拔。
绝对推荐，不可错过的神作。",positive,bangumi,剧场版 少女☆歌剧 Revue Starlight
guo赛？,positive,bilibili,四月是你的谎言
hello,neutral,bilibili,Fate/stay night [Unlimited Blade Works] 第一季
豪堪，486居然是M,negative,bilibili,少女乐队的呐喊
P5味出来了,negative,bilibili,mygo
2sinxcosx为什么不用二倍角？,negative,bilibili,颂乐人偶
HP1，剩余99,negative,bilibili,Angels of Death
BGM：Again,neutral,bilibili,四月是你的谎言 粤配版
沉浸感极强的一部番，配音好配乐好分镜好表现好，信息量巨大。ep1一开场听到朝唱歌就想哭，整部番都流淌着浓浓的情绪。前半部分聚焦于小姨和朝的个人命题，后半部分是所有人都有着各自需要解决的孤独主题。不给十分是因为朝的直白莽撞使我看番压力山大，可以理解她的想法，但很难说我会回头再看一遍。ps小姨和男朋友真好磕啊，真的是互相欣赏爱慕极强性吸引力，真好磕啊。,positive,bangumi,异国日记
空箱还得是mmk来唱，充满经历的大姐姐声音，温柔中有着一丝疲惫但又坚强的感觉。3d演出效果也特别好，就是帕鲁都累死了。,positive,bangumi,girls band cry
因为他是2b,neutral,bilibili,异度侵入 ID:INVADED
回复 小日向宫 love live,negative,bilibili,间谍过家家 第二季
要是早点看明白棋魂，我就不会止步于三段了超喜欢 sai！OP ED 一响起，就感觉当年的时光回来了,positive,bangumi,棋魂
前面8分，加上友客鑫篇值9，补番来看猎人过了20年有一部分设定的确还是很惊艳的，比如vr，感觉富坚的确擅长设置环环相扣的战斗，反转都是为了进一步推进剧情，而不是为了打之前的脸，在此点名某回战，只能说芥见离了富坚和98几乎就走不动路的样子；老版制作组审美的确一直在线，人物画风的确时髦美型，配乐更好，尤其是酷拉皮卡的戏份更是用心，友客鑫篇把这种长处发挥到极致，酷拉皮卡杀了窝金以后那段祷词做的很完美，只能说这个篇章很难想象能被超越；不过总体来看对原作或者漫画的剧情和人设还是颇有微词的，的确能看到很多作品的影子，但是的确感觉一看就会惹人怜爱或者喜欢的男角色不大对我胃口，当年火现在看起来老套，另外抛开对日常不感兴趣以外，猎人的确剧情很多地方问题很大，最严重的就是确实主角团走到哪里都受到优待，而越边缘的角色的确被忽视或者摆布，这种错位也许是后期奇犽小杰粉丝之争的,positive,bangumi,猎人
the same,neutral,bilibili,比宇宙更远的地方
说一说，这话原本不是ova，是和毕业那里连到一起的，但是由于熊本地震，第13话改为BD发售。逸站本来就买了13话,neutral,bilibili,在下坂本，有何贵干？
eva版本太多了，都可以出一套eva版本学了（b站就有一个几十分钟的讲解视频,negative,bangumi,新世纪福音战士剧场版 DEATH(TRUE)2/Air/真心为你
AIRaws,negative,bangumi,新世纪福音战士剧场版 DEATH(TRUE)2/Air/真心为你
WC，这是什么,neutral,bilibili,四月是你的谎言 粤配版
真是Great啊,neutral,bilibili,JOJO的奇妙冒险 黄金之风
回复 konoha0402 明白了,negative,bilibili,间谍过家家 粤配版
震撼，原来30年前的电影里就有了AI、VR以及人工智能自我意识觉醒的讨论了,positive,bangumi,攻壳机动队
ki豆ki豆,positive,bilibili,魔女之旅
配乐好像cb,neutral,bilibili,比宇宙更远的地方
kono维鲁多拉da！,neutral,bilibili,关于我转生变成史莱姆这档事 第三季
上一部air,neutral,bilibili,四月是你的谎言
回复 Soda emmm,negative,bilibili,鬼灭之刃
bochi,neutral,bilibili,转生成蜘蛛又怎样！
这番的bgm都好好听啊,neutral,bilibili,鬼灭之刃 游郭篇
回复 灰u  yuki,negative,bilibili,总之就是非常可爱 第二季
rmb,neutral,bilibili,间谍过家家 粤配版
K摸ji,neutral,bilibili,魔女之旅
2024524 EP1：男主的头从侧面和后面看好怪。前面的刘海很精致很蓬松，后脑勺却是厚重的一大块，十分不协调。目前出场个主角的眼睛都kirakira的。,negative,bangumi,棋魂
winwin,neutral,bilibili,少女乐队的呐喊
六个从者搁着开party 呢？,negative,bilibili,Fate/Zero 第一季
mam,neutral,bilibili,魔女之旅
wwc。。再来一遍！！,neutral,bilibili,少女乐队的呐喊
cooker,neutral,bilibili,Fate/stay night [Unlimited Blade Works] 第一季
先去看zero会好点,negative,bilibili,Fate/stay night [Unlimited Blade Works] 第一季
Roland FA08,neutral,bilibili,mygo
Mujica,neutral,bilibili,mygo
666按到f了,neutral,bilibili,少女乐队的呐喊
soul,neutral,bilibili,比宇宙更远的地方
cz,neutral,bilibili,Fate/stay night [Unlimited Blade Works] 第一季
咧咧喽喽瘪瘪漏漏，Ilove you波鲁那雷夫,negative,bilibili,魔女之旅
Mujica，Start！,neutral,bilibili,mygo
不管了shikisuki,positive,bangumi,剧场版 空之境界 第五章 矛盾螺旋
为什么不演奏《春日影》（dog）,positive,bilibili,颂乐人偶
现在看来，黑刀之夜和飞鸟山之战都是纯纯的炒作，通过扭曲立希、祥子、素世的人格来毁角色来刻意制造爆点。很遗憾，作者在续作中更大量地烂炒来制造矛盾，而完全不去考虑后续应该怎么去解决问题。降为556分。 6510，对我来说算高开低走了。前7集的背景故事和情感烘托都是较为优秀的，甚至能到8510。第10集的包饺子于情于理分量都不够，感觉轻飘飘地就缓解了，难以和前面营造矛盾的爆点相提并论，直接导致Live上的煽情很尬，评分5510。总体上比较可惜，明明有很高的潜力但是没有发挥出来。如果爱音和素世的矛盾缓解能让我感到有分量，并且1112集再有趣一点的话，总分甚至能上到859分。,neutral,bangumi,mygo
回复 valleysound 滨面、阿育：我想成为超越第一位的存在,neutral,bilibili,某科学的超电磁炮
柿本根本就不懂AveMujica，比较失望吧,negative,bangumi,颂乐人偶
对人类融合和ai的讨论非常深邃，种族矛盾处理也比巨人什么的处理的好，敌我全灭裸漂可谓是名场面，话说最后是对未来的回应eva直接照搬过来真是恶心二刷降分三刷再次降分,neutral,bangumi,传说巨神伊迪安 发动篇
cv16382438,neutral,bilibili,约会大作战 第四季
"不温柔的世界，温柔的人T0 10  
贯穿的二季的，是人们联结的故事，零的成长不是孤独的蜕变觉醒，而是在与川本三姐妹、与棋手们、与每一个相遇的人的联结中完成的。他从水底浮起，不是因为自己学会了游泳，而是因为有人向他伸出了手，而他自己也是向水中伸手的人。对于每一位角色的挣扎，是对于生活残酷但温柔的双重认知。最后还是那句话，即使沉入冰冷的水底，也总会有人伸出手；即使经历最深的黑暗，也总会有一束光过来，穿透水面，照亮前路，带给我们温柔而坚定的力量。日志楼：",positive,bangumi,3月的狮子 第二季
"因为哈基米梗去看的赛马娘，到第二季终于听到了bushi
可以说是各个方面相当合适的动漫的，东海帝皇原型历史的三次骨折，目白麦昆的伤病，以及东海帝皇一年复出的奇迹夺冠，如此的难以置信的传奇，而且是真实的，太适合写成动漫了。
音乐做的不错，情感氛围塑造的也不错，跑步做的这么热血也是很强了，在双螺旋给东海帝皇加油的那里看掉小珍珠了。
而且其他配角也塑造的不错，比如米浴真的让人很有触动，我的小天使啊，人物塑造好的动漫总有一种别样的魅力。
倒是百合没有太吸引我，当然做的也不错，两个人的爆哭的部分我也很感动，没有贬义，可能是因为我在第一季的时候感觉没啥东海帝皇跟目白麦昆的互动导致的。
还有特别周的戏份少了不少有点小伤心，但是也没办法，毕竟已经是第一代主角了，历史上也都退役了。
总的来说不枉费因为哈基米去看赛马娘了",positive,bangumi,赛马娘 Pretty Derby 第二季
设y等于x,neutral,bilibili,JOJO的奇妙冒险 石之海
回复 LexBarner 低仿球,negative,bilibili,Fate/stay night [Unlimited Blade Works] 第一季
zh,neutral,bilibili,Angels of Death
"补标
Lucky  star！从期末前拷到mp4里到学校看，再到家里看，再到旅游的路上缓存看。最终动画也在文化祭里落幕
很好的日常番",positive,bangumi,幸运星
pin那么低？,neutral,bilibili,比宇宙更远的地方
今天刚被同事自己的bug赖我头上，浪费我时间去证明是同事的bug,negative,bilibili,因为太怕痛就全点防御力了
你怎么不去秧歌star那里找善良,positive,bilibili,JOJO的奇妙冒险 石之海
psp,negative,bilibili,比宇宙更远的地方
剧情老套，给我看睡着了，奇怪的氛围特效比较出戏，明明5个人的乐队，却基本只围绕着nina和mmk与隔壁钻石星尘的爱恨情仇写，486就负责给她俩不分场合不看氛围地爆来爆去打圆场，剩下俩纯工具人。live片段太少，镜头晃得我难受，很多细节逻辑上也很奇怪，结尾非常仓促。看下来唯一的记忆点是写亲情那一集，以及nina的cv表现不错,negative,bangumi,girls band cry
？勒韦尔？levi,neutral,bilibili,紫罗兰永恒花园
14年top1吗,negative,bangumi,白箱
在阅读了给海玲补设定等等的一大堆访谈后又看了一遍，然后又成功的被气笑了一次。这可能是我看过的所有作品中烂的最糟糕的一种情况，不仅没有很好的表达出它想表达的内容，甚至都没法让观众知道它本来是想要表达什么，其他的大多偏题作文还能看出良好的本意是如何被执行坏的。开始时没有一个人懂得这位“虽然被当做笑柄却很悲伤的人物”到底是如何“盲目痴愚”，以至于我现在一想到lofter上几乎所有的海希文都被官方人设给强行背刺时就有一种丰收的喜悦，搞半天原来“影色舞是怎样写成的”这个癫文才是最忠实原作的二创啊。,negative,bangumi,颂乐人偶
486MMK：这家伙在说些什么呢,positive,bilibili,少女乐队的呐喊
"“列车终会到站，而舞台少女，也会前往下一个舞台”
【TV剧场版】这部剧场版一定得搭配TV一起观看的，否则也喜欢不到哪里去。我认为这部作品的剧情不是核心，角色的心理与情感的表现才是这部作品最重要的一点，通过“Revue”将抽象的情感具体化，利用舞台歌剧的形式表现出来，充足的经费使得演出效果十分华丽，动作流畅自如、歌曲反映人物心境，一次次情感的碰撞与流露，看得我非常感动。剧场版是围绕毕业的主题，意识流的方式表达出来，虽然晦涩但也不难懂，舞台效果更加出色，这部剧场版对我而言简直是极致的享受。如果get不到点，可能只会认为这是一部平庸的作品，至少对于我而言，这是一部值得反复观看的作品，总有一天“我，再观看！”",positive,bangumi,剧场版 少女☆歌剧 Revue Starlight
JPDBMV 字幕在本地。S1仅1组。S2有两组待选择。,negative,bangumi,蜂蜜与四叶草
"很治愈
早上7点半起床把kon结尾补完了，9点半就从京都出发到丰乡小学巡礼，趁着记忆力最好的时候先爽了",positive,bangumi,轻音少女 第二季
问：肥大细胞的CP是谁？官方回答：B细胞    我搜过真的！,negative,bilibili,工作细胞 第二季
超和平buster,positive,bilibili,四月是你的谎言
剧情7 人设8 演出作画质量9 怀念最好的大盗 最cjb的作品  给7分是因为还有第二季给我输出,neutral,bangumi,葬送的芙莉莲
wooo,neutral,bilibili,比宇宙更远的地方
回复 kirito579 评分都下来了,negative,bilibili,我们仍未知道那天所看见的花的名字。
赛博朋克题材的最高神作。单元回与主线分配的最完美的作品：「高质量的单元回」既刻画了世界观、社会风貌，也同主线一并从多种层面上反映了很多现实问题，最后二者相互融合并将故事推向高潮；思想深度、角色刻画、优秀作画、镜头语言、3D的运用、绝佳的配乐与严谨的剧情等各方面均为完美，应当作为“动画的教科书”。本作为「写实系作画」做出了不小的贡献；结尾也属于“高水准的平稳落地类似于同年的美剧《火线》”。本作制造了一个「真 STAND ALONE COMPLEX 」，提出「STAND ALONE COMPLEX 」的概念并做到了完整解释。,positive,bangumi,攻壳机动队 STAND ALONE COMPLEX
桃香这里说的是「你生气个什么劲」or「你这么较劲干嘛」,negative,bilibili,少女乐队的呐喊
回复 鄙人不擅打狙 hhhhhh,negative,bilibili,JOJO的奇妙冒险 石之海
开头疑似eva。。ky致歉,negative,bilibili,四月是你的谎言
我用gb飞上来不行吗？,neutral,bilibili,魔女之旅
给大家做一个wink吧，这事好久不做了,neutral,bilibili,魔女之旅
Fire bird也来了,neutral,bilibili,颂乐人偶
楼上soyo楼下中野五姐妹（bushi）,neutral,bilibili,少女乐队的呐喊
是mio,neutral,bilibili,比宇宙更远的地方
nina她姐真的太像soyorin了，除了性格发色瞳色穿衣都几乎一模一样，甚至soyorin刚好比nina高4cm,negative,bilibili,少女乐队的呐喊
第十集前半为止都还是相当令人惊喜的，但是之后拉soyo强行包寿司实在是把本片格调完全拉到底了，完全对不起前九集给到极致的情绪，可以说是彻底的重拿轻放。更可惜的是最后三集给了mujica大概一整集时长的戏份，剩下的剧情全是包寿司，这样摆烂式处理实在是配不上本片如此高的评价,negative,bangumi,mygo
鸭类鸭类daze！,neutral,bilibili,少女乐队的呐喊
"95分不是真后宫对我来说还是有遗憾扣05分
类单元剧形式的志怪题材片大量的情色画面狠狠加分
部分op与ed的画面与歌词映射了部分故事内容音乐质量在线
台词设计的令人忍俊不禁人物之间的日常拌嘴能仔细看进去的话很有趣同时部分对话内容还会在后续集数里回收如果get不到或者没仔细一点点看日常拌嘴内容会少很多乐趣
每集都有很多需要一点点暂停盯帧才能看完整的信息这一点很影响不想错过任何内容的强迫症观众体验",positive,bangumi,化物语
4花Q,negative,bilibili,比宇宙更远的地方
银河战舰faze clan绷不住了,negative,bilibili,少女乐队的呐喊
Your best imaginary friend,neutral,bangumi,哆啦A梦 大山版
nhtyuy,neutral,bilibili,鬼灭之刃 柱训练篇
No。。。。。。。。。。。。。。。。。。No。。。。。。No,neutral,bilibili,四月是你的谎言
81 思春期？超级B动静？choose life？！OMG！Luv！二次元涩谷系地雷来自宇宙 日本 世田谷参上！！！妈妈子宫外的世界太残酷,positive,bangumi,FLCL
20211126单纯看拳击比赛的话，最终战没之前的特别是力石战来的爽，最终战是丈的光荣赴死，是丈遇到疯了的卡洛斯的从容，狼、力石、卡洛斯、金，只能说，燃尽了。配合着OP2的蓝调浪子矢吹丈燃烧一瞬只留下白色的灰，然后动画结束。,positive,bangumi,明日之丈2
910 各种意义上都是完美的动画作品 但作为系列粉丝看完tvova全部之后再看mov2谁能不觉得鸭子对角色真残忍 无论是给南云小三身份还是noa离开最爱的英格拉姆 二科的各奔东西 第一遍看折服于精妙的演出 第二遍为角色唏嘘,positive,bangumi,机动警察剧场版2 和平保卫战
lieqi,neutral,bilibili,四月是你的谎言 粤配版
一个月前我就是这么和朋友介绍grand blue的,negative,bilibili,碧蓝之海
回复 JohnWickHex 男主击败了他的老爸，具体是几岁时记不清了，反正就是12到15之间某个时候。下一任的家主已经决定是他了。,negative,bilibili,"世界顶尖的暗杀者,转生为异世界贵族"
ala,neutral,bilibili,少女乐队的呐喊
close to you,neutral,bilibili,比宇宙更远的地方
幸运EX23333333333,positive,bilibili,Fate/stay night [Unlimited Blade Works] 第一季
说实话前八集整体质量感觉不如前两季，但是从第九集开始真的是高潮迭起，观感起飞，说集集神回都不为过。最后几集情感的爆发不止有前八集的铺垫，还有前两季aria到目前为止所有故事的铺垫，几乎每一处画面和场景都能感受到其中浓烈的感情。尤其是这种人员更新换代的空虚感太真实了，真的是把领航员这个职业讲活了，最后一集颇有大结局的感受，大晚上抹着眼泪看的ed绝美97,positive,bangumi,水星领航员 第三季
嘴角比ak难压。,negative,bilibili,魔女之旅
tkn好像,neutral,bilibili,魔女之旅
回复 Wekapipo 2333,negative,bilibili,JOJO的奇妙冒险 黄金之风
"对于b站的审查风波，安兹大人睿智的决定先放几集卡恩村日常，待到风波稍稍平静，再放出本季较为精彩也较为暴力的黑工篇以及破军篇


这样可以减少遭下架的风险，让大家能够尽可能的在b站上完整的欣赏完overlord精彩的第三季，从而收获更多的观众，以便让安兹乌尔恭的名声传播的更远，更有利于找到曾经那萨利克的同伴


其实，这一切是安兹大人早就计划好的，只要仔细思考动画将原作小说第8卷放到第7卷前面的深意，无论是谁都能够明白，没有哪位愚蠢到不明白这一点吧


当然，我十分清楚这一定只是足智多谋的安兹大人计划中的沧海一粟而已，可惜以我才疏学浅之身无法窥探到贵为智慧结晶的至尊所制订的计划的全貌，仅能发觉其冰山一角罢了，即便如此，我也对能窥探到深谋远虑的安兹大人计划的皮毛而感到荣幸之至",positive,bilibili,OVERLORD Ⅲ
好喜欢这段bgm,positive,bilibili,鬼灭之刃 刀匠村篇
"好喜欢这部啊 不过两人都是女生啊 要不是有一幕她穿了裙子不然看完还不知道bgm39
很文艺安静 很喜欢角色内心世界的描写和演出 配合上恰到好处的音乐很沉浸
主角之间的对话 搭配各种小音效和画面表现出了浓浓的生活气息 很喜欢这种感觉
感觉就像一缕清风 清新但又孤独
看完才发现是倒叙
总之很喜欢会追下去的",negative,bangumi,异国日记
1，夫人和saber谈话的时候突然有人在刷化学,negative,bilibili,Fate/Zero 第一季
"回复 GrosvenorEyre 我昨天那句话可能有些歧义，里面的“重力”指的是相对参考系的恒定加速度所产生的效果。

我的看法是这样的：酒井户第一次进入房间时画面确实明显地体现了失重，但当酒井户和jw打完之后第二次进入房间里时，酒井户和被害人似乎并没有表现出失重状态，譬如当酒井户第二次从站立姿态下蹲与被害人对话时，并没有向天花板借力，而是十分自然地蹲在了地上，而在失重状态下这样直接蹲下身体会保持重心位置不变而飘在空中。",positive,bilibili,异度侵入 ID:INVADED
考哥JPG,neutral,bilibili,比宇宙更远的地方
或许一辈子也忘不了Kommsusser Tod,positive,bangumi,新世纪福音战士剧场版 Air/真心为你
这周不行啊  总共只更新了01集，提出批评（doge）,negative,bilibili,关于我转生变成史莱姆这档事 第二季
原来Eddie楼层经常断电是C姐过度用电导致的！,negative,bilibili,Angels of Death
UC宇宙主线0079  0093 的剧情 鸭子和骡子长达10几年的恩怨情仇画上了句号 富野 光头的脑电波还是很难能对上的 高达女角色的脑回路真的都很奇怪 但是最后牛高达的精神力框架和对人类相互理解的美好愿望把整个故事想表达的核心拉高了一个高度,neutral,bangumi,机动战士高达 逆袭的夏亚
炸出来一堆ac7的哈哈哈哈,positive,bilibili,少女乐队的呐喊
Im pickle rick,positive,bangumi,瑞克和莫蒂 第三季
nmb,neutral,bilibili,四月是你的谎言
终于发现了，mujica没有凝聚力，目的都不像crythic那样纯粹,negative,bilibili,颂乐人偶
cbm6分，a1十分，业界还在蒸TaTTTTT,positive,bangumi,辉夜大小姐想让我告白 通往大人的阶梯
回复 Athiemone 和马老师从来没暴露出地址等真实信息。。。,negative,bilibili,某科学的超电磁炮T
回复 钉钉DuangTalk 但萌王无性,negative,bilibili,关于我转生变成史莱姆这档事
回复 arkcityhunter 没错,negative,bilibili,我的青春恋爱物语果然有问题。完
一个骑adv，一个骑防赛,neutral,bilibili,魔女之旅
爱与浪漫真的拯救不了人类吗？富野最终改变了答案。能够毁灭文明运载核弹头的turnA同样也能洗衣、运载物资、帮助他人，这便是罗兰心中对世界与生活的爱。或许理想主义并不现实，但正是因为理想的存在才使得人类一直发展到了今天，纵使文明一度被毁灭也能浴火重生，这是独属于人类的伟大。黑历史意味着富野对于自身过去想象力的总结与反思，而turnA就是回顾过去所产生的全新的想象力，是对于至今为止自身创作生涯的完美收束。最终，月之茧将月光蝶束缚于其中，宛若童话般的壮丽史诗就此落下序幕。,positive,bangumi,∀高达
？3Dvs2D,neutral,bilibili,少女乐队的呐喊
【C】时代性过强、放在当年或许惊艳，而今乏善可陈的作品。电影质感的分镜、精致扎实的作画固然绘制了一副瑰丽的赛博朋克画卷。然而代价是傲慢的演出挤压了叙事结构，通篇充斥着掐头去尾、散落一地的动机陈述和行动过程。冗长的追逐戏信息量极少，公安六课造出“傀儡师”的暗线仅仅靠角色硬讲，政治博弈空洞而草率。无论是哲学探讨还是剧情推进过于依赖台本，导致台词密度过大，往往要暂停下来阅读，破坏了流动性原则，堪称“show dont tell”的反面教材。于是剧情和演出各玩各的，倾向于炫技的演绎也仅仅让人在工业层面称奇。最后，生硬的“忒休斯之船”探讨在如今看来也只是隔靴搔痒、浅尝辄止，属于观众自己都能想出来的水准，可想而知其开创性的褪色速度有多快。总之是演出远大于剧情的作品，欣赏音画即可。,neutral,bangumi,攻壳机动队
回复 NagisaUshio 不同意，快滚，来看啥没点13数吗？,negative,bilibili,青春猪头少年不会梦到兔女郎学姐
我是LOOP 1键,negative,bilibili,少女乐队的呐喊
还装LED灯？,negative,bilibili,魔女之旅
以一条优秀的主线为核心窜连全篇，再用数个单元剧扩充世界观的同时丰富人物形象，并且部分单元剧和主线的质量不分伯仲，相比电影版来说更加关注角色生活的方方面面。动画的演出和音乐水准即使和近年来的新番相比也是不落下风。可惜单元剧的水准并未始终如一，有一些凑数的地方。ep15ep10ep11 ep12,positive,bangumi,攻壳机动队 STAND ALONE COMPLEX
第二季明显更沉闷，无形的仇恨锁链已经形成。ep6和ep10降智，托古萨太情绪化了,negative,bangumi,攻壳机动队 S.A.C. 2nd GIG
回复 Accelerater不忍打破这份美好吧,negative,bilibili,四月是你的谎言
这世界的人都跟DC一样吗带个面具就不认识了,positive,bilibili,颂乐人偶
ep6小圆这么相信交流的人为什么不和沙耶美说清楚当时小焰被绑住了，还有丢宝石那段，我明白是为了展开剧情，但是不是有更好的处理方式，这样六集看下来显得小圆好蠢啊ep9 沙耶香，一款非牛顿流体型黏够史，越打击越硬，前期黏后期犟，叠个甲我其实非常喜欢黏够史型角色再多槽要吐也不影响最后三集的精彩，神回频出，但如果看过看过假面骑士龙骑和铠武，对虚渊玄这套可能有点脱敏吧,positive,bangumi,魔法少女小圆
校园 运动 竞技 2018年10月 小说改 ProductionIG 高分,negative,bangumi,强风吹拂
"润物细无声，一个个鲜活的生命晕染开来，成了水彩的三月町
 “March comes in like a lion and goes out like a lamb”",positive,bangumi,3月的狮子 第二季
75。首先加一分（bgm为什么没有05分）给东映的帕鲁们，让我看到了如此恐怖质量的3D动画（鉴定为手摇发电机），就是该死的音监拉大跨。gbc给我最大的感觉就是单拿一集跟着情绪流还不错，但串起来却没有很大的让人追着看完的动力，我断断续续试了四次才勉强看完，每集都是重复的爆了包了看着很累，猜都能猜到下集谁又要开始了。gbc虽然标榜摇滚离经叛道，但其实本质还是成长的故事，与其说是群像不如说是nina传，作为受到外力最多的人人物弧光也是最完整的（养女儿咯）；mmk只是自我拉扯（真闹麻了），486能解决自己的问题（靠谱小孩，可爱捏），tomo和lupa压根没怎么展开（tomo是对于音乐过于纯粹的小孩，lupa则是经历太多的的成熟体），这是gbc剧本的一大不足之处。某些编剧也是缺乏职业素养，结局给一部尚未可知能否出续作的动画整大的，生怕日子过好了观众不适应是,positive,bangumi,girls band cry
我叫邓布利多，来参加OWL考试,positive,bilibili,葬送的芙莉莲
非常好笑兄弟jpg开头对展览馆先进行展示再引入，前半喜剧后半点题，轻描淡写地描摹一位漫步于昭和大街对世风进行抨击的现代主义反派、在“臭鞋”的嬉笑中进行无形的隐喻、小新的奔跑与坚持颇有冲击力，标致精彩,neutral,bangumi,蜡笔小新：大人王国的反击
三哥：damn！为什么死的不是童磨,negative,bilibili,鬼灭之刃 刀匠村篇
回复 tiancai楊 柱啦，就是猎鬼者的等级呀，比如说水之呼吸的柱就被称为水柱，炭炭就是头柱啦（滑稽）,negative,bilibili,鬼灭之刃
0公差doge,negative,bilibili,魔女之旅
动画的制作真的是剧场版级别的，油画的特色被巧妙融合在画面中，美术风格每一帧都美的动人心弦。特别喜欢tsubaki前面的几集单集的脚本安排，先从一段不经意的回忆开始，然后在一集中逐渐酝酿到爆发，又和开始呼应留下无穷韵味。这些对于青春与理想的描写，我觉得是这部作品表现的更好的东西，即使是在看英配也能体会到许多引人遐想的独白语述。主线的处理，真的让本作有些掉价了。处理所有矛盾的起点，都是因为被kousei魅惑了。放下这个偷懒的处理而言，kousei从万念俱灰到最后思念汇一的转变也很突兀。如果要描写死亡与离别，我觉得该剧也只是为了制造一个悲剧，并没有把这个议题自圆其说到一个可以让人满意的结尾上来。,positive,bangumi,四月是你的谎言
pv回收,negative,bilibili,少女乐队的呐喊
回复 GreyImp 机械神放过了，爆虐没放,negative,bilibili,因为太怕痛就全点防御力了
gb,neutral,bilibili,四月是你的谎言
1010，BE美学，OVA形式的最高杰作。,positive,bangumi,浪客剑心 追忆篇
回复 QY溯 yes！,negative,bilibili,间谍过家家 第二季
我目前的UC系收尾作 一首Beyond The Time配上这样的剧情 我打不出这以外的分数,positive,bangumi,机动战士高达 逆袭的夏亚
下下左上右  ABAB,negative,bilibili,比宇宙更远的地方
Activity based costing,neutral,bilibili,比宇宙更远的地方
Auv mujica,neutral,bilibili,少女乐队的呐喊
高达系列中个人最喜爱的作品，对战争与日常的冲突的刻画极为深刻。0080的故事在uc纪元里完全是微不足道的小事，却带来了一回伟大的演出，值得反复评鉴。,positive,bangumi,机动战士高达0080 口袋里的战争
FAZE CLAN,neutral,bilibili,mygo
shui？哪个shui（诶嘿嘿,neutral,bilibili,比宇宙更远的地方
重看，作为十几年前的入宅作之一，富野最具特色的跳跃式剪辑与分镜cut之间的衔接很有个人特色（从现代视角来看接受了90年代后期到21世纪之后分镜手法的观众很大概率会不习惯，因为这种手法从现代视角来说确实很容易让观众像角色一样脱线，且追求沉浸感的现代观众更无法进入，因为富野希望观众时刻保持为一种间离状态）；同时富野很喜欢使用高对比度色彩作为人物意识脱线（俗称神交电波，近似于一种独立的思考或交流空间）状态的意象化表达某种意义上为后来的很多作品提供了参考。机战分镜确立了有限动画如何通过特写镜头和高速多对多缠斗的展示规避有限动画的缺陷，当然这在初代高达已经基本成型且高桥良辅的装甲骑兵也做得很好，高达z更多是对富野传统的延续。扣一分纯粹是因为工期紧张很多作画崩坏。从各方面来说z高达都会是我未来重复观看的作品。,positive,bangumi,机动战士Z高达
Ke,neutral,bilibili,鬼灭之刃 柱训练篇
不是还在压力？还要我mu大哥怎么带？！,negative,bilibili,颂乐人偶
鲁帕：kdlkdl,positive,bilibili,少女乐队的呐喊
因为这次是师匠自己主动坦白承认自己欺骗了mob，mob从一开始就知道师匠没有超能力，但师匠一直没有主动承认过，这此师匠对mob的告白让mob可以放心地接受自己了,negative,bilibili,路人超能100 III(灵能百分百 第三季)
啊？w  c,negative,bilibili,Angels of Death
WTF,neutral,bilibili,四月是你的谎言
【D】补标，大烂尾时代的又一力作。炒作、热度与噱头，充分践行着剧内人的“商业化”乐队进阶方针，在此基础上不断毁灭Mygo里那些令人坚信的事物。独具形式感的演出，歌唱所带来的情感力量，以及角色言语间隙所产生的另一种联结，在Ave Mujica里我宁可希望它们能荡然无存，但是不，柿本广大最终将这些手段彻底背离成它们曾经所代表的反面（喜欢我人格分裂、家族财阀、近亲伦理、悼明小团体、烤羊时刻与独角小剧场的点子吗），也顺带把前作一同拉下水（刻骨铭心烂作的必备项）。最后一集好歹能聚焦于纯粹的舞台演奏，在自我催眠的前提下总算能收获一些本应值得双向奔赴的狂欢。,negative,bangumi,颂乐人偶
ko no DlO da！,neutral,bilibili,四月是你的谎言
hg：这可是个大单,neutral,bilibili,紫罗兰永恒花园
富野的高达强调高度思辨的哲理性和全人类级别的宏大议题给人理论性很强之感；安彦的高达则有一种历史洪流感和全共斗时代无政府主义混沌感。人在中二期也许前者更抓人，但随着年龄的增长前者却产生了某种naive感，反倒是在历史洪流中随波逐流更有实感，不知此观感是否只是个人的错觉。,negative,bangumi,机动战士高达 逆袭的夏亚
已经记不清几刷了，看得越多感情反而越来越难以转化为言语，总之我感谢让这部作品诞生的每一个人 84 愈发觉得四条真妃是市之濑加那的巅峰角色了。几条恋爱线在奉心祭交汇，多线叙事尽显大赤对青春恋慕与校园活动的深刻理解，一定花了不少心思取材吧。也因此不仅仅是恋爱喜剧里程碑式的作品，其中学园祭的有趣与标准程度也令一众校园题材作品望尘莫及。学园祭就是要尽情去玩闹，恋情爆发式萌生，并在后夜祭享受一天的余韵啊。而在恋爱本身，对会长无法忽视自尊而极力寻求恋爱地位平等的执念刻画非常优秀，ep5以说唱形式对会长和早坂一直以来生活方式的诠释与突破是真的神回。以及辉夜猜测会长想法并寻找会长的游戏对第一季的呼应，只得感叹巅峰期大赤的构思。本季的演出更是再创新高，动画就该是这样纯粹的有趣啊，辉夜就是天下第一的恋爱喜剧！,positive,bangumi,辉夜大小姐想让我告白-超级浪漫-
回复 你就是个hmp 你的ID和你的发言很配诶,negative,bilibili,异度侵入 ID:INVADED
最过誉的番，详情请看：,negative,bangumi,新世纪福音战士
saki酱saki酱saki酱saki酱saki酱saki酱saki酱saki酱saki酱saki酱saki酱saki酱,negative,bilibili,颂乐人偶
对不起  我感觉好像蟑螂QwQ,negative,bilibili,鬼灭之刃 柱训练篇
"【1010】
不可或缺且永不过时的童年经典，谎话800篇更是将本作提升至无与伦比的地位。想象力与童真永远都是子供向乃至于所有奇思动画的必备点。而哆啦A梦就是这也一部满足了我对想象力与趣味童真一切想象的作品，在想象力的高超，趣味的老少咸宜基础上，哆啦A梦成就并成为了子供向动画的代名词，是一座不可逾越的大山。真的看哭一遍又一遍啊",positive,bangumi,哆啦A梦
nimade,neutral,bilibili,四月是你的谎言
"整理一下剧情
四个人都是留美杀的。留美的另一个人格idol mima 一直在和mania粉丝保持通信，维护未麻房间网网站的更新。且还尝试通过把作案衣物放在未麻房间里，进行心理诱导。
未麻出现了人格分裂，分成了idol和演员。但随着事件落幕，演员人格占了上风压制住了idol人格。

其实一开始看的时候以为那个色情摄影师是未麻杀的，最后是把罪行全部推给留美，所以露出了奇怪的笑容。但是拖进度条回去发现 色情摄影师处的mima 体型偏胖，确是留美。",positive,bangumi,蓝色恐惧
echo nv回响,positive,bilibili,四月是你的谎言
扎Fe了老Zn,positive,bilibili,比宇宙更远的地方
回复 29TPNM 像霍尔马吉欧那种破音的神配音确实是不多见了,negative,bilibili,JOJO的奇妙冒险 黄金之风
除了起因是再次废校危机，让人想对那个“大人”流汗黄豆以外，整场主角高中联合军VS大学生建制军的坦克大战，实在是大呼过瘾。在有限时间里展现了每个学院少女鲜明的特色，最后沉默的姐妹眼神交流组合，与岛田妹妹的决战更是NICE SHOT！这是军宅与“友情！胜利！”结合的有趣二重奏。每一个放在游乐园进行战斗的作品，对我都是值得回味，极其华丽的演出。真应该在电影院看。,positive,bangumi,少女与战车 剧场版
"fa19话真是神回了，情绪递进太好了，大佐与色欲的博弈，反转再反转。最喜欢的还是阿尔那段情趣渲染太好了，不想再失去任何人了，紧接着就是大佐高光以及片尾的霍恩海姆登场，第一次让我完整的听完新ed，有种意犹未尽的感觉。第一次觉得fa强于03
看到26话了，这个新ed真是越听越有感觉，很多集都和ed衔接的特别好，震撼，感动，之前因为看过03版才看的fa，剧情都知道，之前虽然觉得剧情紧，但总规来说还是有些平淡，毕竟剧情压缩了，情感刻画反而没03深刻，但看到没看过的剧情之后才发现，这节奏是真的爆，第一次见每集都是大爆的番，感觉每集都是高潮，总感觉快结束了，一看集数才不到三分之一，作者的多线叙事能力太强了，一堆角色在不同地方执行不同的任务最后又能收成一条线，逻辑畅通，一气呵成，看的好爽
看到54话了，不得不佩服作者的多线叙事能力，前期埋的伏笔都完美的回收了",positive,bangumi,钢之炼金术师 FULLMETAL ALCHEMIST
ike,neutral,bilibili,比宇宙更远的地方
唉大女主，唉关系性，唉soulmate,positive,bangumi,girls band cry
A 现象级作品，重新定义了”魔法少女“，用12集讲述了一个饱满动人的故事，叙事和演出都极为出色。,positive,bangumi,魔法少女小圆
一场从所未有的追番体验，也许正如soyo所说一辈子不会忘记CRYCHIC。我大概也一辈子都不会忘记mygo了吧,positive,bangumi,mygo
回复 juinv 神说不上，没有乱搞就行,negative,bilibili,国王排名 勇气的宝箱
回复 sldlxjao NB,negative,bilibili,碧蓝之海 第二季
昴日星君那个，那是昂ang日星君，这是安和昴mao，不一样，错了一个撇,positive,bilibili,少女乐队的呐喊
cp88 cb99,neutral,bilibili,鬼灭之刃 柱训练篇
回复 白圈 emmm？？怎么看的？？tv里不是说了听同乡说过嘛,negative,bilibili,关于我转生变成史莱姆这档事
许哥是区，但showmaker不是,negative,bilibili,少女乐队的呐喊
回复 scorpio360 真相了兄弟,negative,bilibili,致不灭的你 第三季
这里可以开始给女二配《电灯胆》BGM了,negative,bilibili,四月是你的谎言 粤配版
bgm太p了,negative,bilibili,比宇宙更远的地方
one，two，three,neutral,bilibili,少女乐队的呐喊
mmk爸爸 鲁帕妈妈 486长姐 小孩姐长子 小智小女,positive,bilibili,少女乐队的呐喊
kukukukuk,neutral,bilibili,四月是你的谎言
Mea,neutral,bilibili,比宇宙更远的地方
PICO里的银河拉面！！,negative,bilibili,颂乐人偶
大家都好可爱，这才是少女乐队啊你说是吧mujica,positive,bangumi,孤独摇滚！
2638 有点看不懂 但整体来说还算不错 op神了 今敏的想象力确实没得说 感觉抽象但又很符合梦境,positive,bangumi,红辣椒
"作画非常厉害的一部高达，特别是对弹幕的描绘看爽了，出动的ms感觉比前面几部加起来都多。
  剧情上依旧是富野导演的nt味，特别是哈撒韦，绿毛和阿姆罗小女友那一段，还是挺懵逼的。时长上面感觉还是短了，还是有非常多的内容可以展开展开的，给人一种制作组一开始想写的东西蛮多，最后只浓缩成这短短俩个小时了。
    作为一个补番党，我带着相当大的期望来看这部作品，最后给我的观感只能说是差强人意",neutral,bangumi,机动战士高达 逆袭的夏亚
将棋题材不感冒，画风唐氏的双重buff下，秉着追了就要追完的原则，煎熬着。直到第十集后半段穿过树林的奔跑（高畑勲笔下辉夜姬狂奔有异曲同工之处），喘息片刻，压抑的情绪如同猛兽一般袭来，歇斯底里的怒吼，让我对这部番的观感有了翻天覆地的变化。到头来，还是昙花一现，电波不到，期待第二季表现。银河铁道999收尾算是一个小高潮吧,positive,bangumi,3月的狮子
剧情满分，不多的拥有机甲战斗场景但是我却能看下去的番。第一季大部分剧情不记得了，但是还是能记得鲁路修让CC脱衣服那段的BGM我很喜欢。 重温了一波，第一季没这个内容，应该是第二季的。,neutral,bangumi,Code Geass 反叛的鲁路修
回复 ememmmmmmmmm 评论的选项里有图片的选项,negative,bilibili,因为太怕痛就全点防御力了 第二季
我是Coser,neutral,bilibili,Fate/stay night [Unlimited Blade Works] 第一季
random,neutral,bilibili,比宇宙更远的地方
回复 Lostud 所以这和我们婊feel又有什么关系呢？,negative,bilibili,我的青春恋爱物语果然有问题。完
"本话舞台：“自然之都”罗兹威尔，它是一座绿意环绕的、美丽的城市。那一带尽是些高海拔的群山，以及山麓下的街道，这里是以避暑胜地、或者说是度假别墅群而闻名的。薇尔莉特与小说家的故事就在湖边的小屋中展开了。（改编自小说上卷第一章“小说家与自动书记人偶”）

原作中关于跳湖的描写：
薇尔莉特手中紧握着收起的伞，搭在肩膀上。她站在与湖边有相当距离的地方，望着水面，似乎在斟酌什么。
染上了秋色后的枯叶，飘落下来浮在了水面上。风并不平静，一阵阵地拂过。薇尔莉特一边用舌尖舔着机械的手指，一边确认着风向，奥斯卡担忧地注视着她。用力蹬踏地面，发出喀喀的声音，薇尔利特朝着奥斯卡淡淡地笑了。
“请不要担心，一切都会像老爷所希望的那样。”
用清脆悦耳的声音说着，薇尔莉特向前迈出一大步。
虽然助跑距离很长，但仅仅一瞬她就从奥斯卡眼前闪过。迅疾如风。速度惊人的自动书记人偶在距离湖一步之遥时，猛力地蹬了一下地面。
那是足以让地面下凹的冲击。强劲的脚力使得惊人的跳跃高度成为可能。
她就像要登上天国的阶梯那样飞起。看着这样异于常人的动作，奥斯卡目瞪口呆。之后他看见的一切情景，都像是慢镜头一般。
在临界点起跳时，薇尔莉特高高举起撑着伞的那只手，突地打开。仿佛花儿绽放。风似乎算准了时机在她的脚下助力，有着褶边的花伞优美地摇晃着。
裙子和伞在空中轻盈地膨起，可以瞥见翩翩鼓动的衬裙。系带的高筒靴踏上了浮于水面的落叶。
那一瞬间。
那一瞬。
那一幅画面。
如同照片一样清晰的场景定格在奥斯卡眼前。
浮于空中的花伞，随风鼓动的衣裙，轻踏湖面的少女。
宛如魔法师一般。

第七话新增主要CV：
泷知史 饰演角色：奥斯卡
千本木彩花 饰演角色：奥利维亚

本话分镜演出：山村卓也
脚本：吉田玲子

喜欢的小伙伴点下赞啦，送我上热评谢谢想交流或参与京紫相关小活动的请看签名",positive,bilibili,紫罗兰永恒花园
回复 lxxhzjt m8以后就没有好的，异次元的狙击手我无聊到中间睡着，平时再无聊我也还是不会睡的m8真的是绝唱啊，话说现在愿意看剧场版，还是前8部打下的底，这么多年还没有耗光,negative,bilibili,名侦探柯南：万圣节的新娘
像在说情话一样wwww,neutral,bilibili,少女乐队的呐喊
这第二场烟花秀哪还用的上窃听设备，直接live版吧,positive,bilibili,间谍过家家 第二季 中配版
Win10背景瞩目,positive,bilibili,少女乐队的呐喊
回复 EmeraldShallot葱葱 awa,negative,bilibili,岸边露伴 一动也不动
oo不要啊,neutral,bilibili,颂乐人偶
ep8：蛤？hentai。 ep11：百合也干了。 总评：故事还是很容易把握走向的，感情线到底是要 bg 还是 gl 没看出来，还有百合真生硬吧。还有我不懂西洋乐完全听不出来区别这一块。总体而言是很优秀的作品吧。对于人设明日香学姐才是大隐隐于世相比之下后面忘了。 ep14 不赖。 78,positive,bangumi,吹响吧！上低音号
动漫界的巅峰之作，集二次元各要素为一体，中二、美少女、故事、后宫、机战等等完美共生，人物形象刻画入微之至，动画制作质量极高。ALL HAIL LOLOCH,positive,bangumi,Code Geass 反叛的鲁路修
timming！,neutral,bilibili,颂乐人偶
舞台，这由木板与灯光构筑的祭坛，空着，却不虚无，充斥着无声的喧哗，只待演员步入。于是她们来了，那些身披星光与伤痛的少女。她们的舞，是献给舞台中央的祭礼灼热得令人目盲的TopStar。她们甘愿将彼此的刀锋，吻向最亲密同伴的胸膛。此刻胜负不是荣辱的标尺，而是一种存在的确证。那舞台之下目光幽深的长颈鹿，是命运的化身，抑或仅仅是我们自身那永不餍足的对戏剧的渴望？它们只是凝视度量着每一次情感的倾泻每一次完美的旋转少女们用灵魂点燃的火焰。这火焰便是Revue的本质，是那必须传递的火种。当一位少女终于站在顶峰，延续发生了：从一颗心递到另一颗心，那最终的舞台是群星交织的银河。现在请看向你的掌心。那里面，可有一粒微小的却未曾熄灭的火星？它便是你星，你的歌剧，你独一无二的火种。真星的意义，是为你为你所爱，为你所信，为你自身那不可替代的炽热的存在而凛然地，发光,positive,bangumi,剧场版 少女☆歌剧 Revue Starlight
666赞get！,positive,bilibili,关于我转生变成史莱姆这档事
BYD黄镇是吧,negative,bilibili,颂乐人偶
按“E”进行跳跃,negative,bilibili,紫罗兰永恒花园
Cqc战术防御,neutral,bilibili,间谍过家家 第二季 中配版
腹语giegie,neutral,bilibili,JOJO的奇妙冒险 石之海
"实质上TV没能拍出来的最后两话，前面没有新镜头。
完成度 8 作为收尾比起一体感更重视仪式感，倒是符合整部片的气氛：重视表达多过实质，细节和深度还是不足
表达 9 
内容 7 
观感 8 
情感线 7 角色没有变的更好理解，也没有更丰满，而是变得更公式化了",positive,bangumi,新世纪福音战士剧场版 DEATH(TRUE)2/Air/真心为你
我用iPhone 5s跳不了,negative,bilibili,颂乐人偶
"T1  89分
真的是有多少悬念，有多少伏笔，就有多少展开，多少回收。算的上是一次刺激的旅途。以小户川眼中的“动物世界”展开叙述，他车上载过了形形色色的人，这些乘客每个都像拼图碎片，直到最后一集才发现它们早构成完整的命运犯罪现场。都市的街头巷尾与动物角色融合在一起的体验也是别有一番风味。再海象司机小户川眼中，这些动物也一定程度上代表了人物属性，每个物种都是社会病的原罪。群像剧情设置别出心裁，多线并进，处处有展开，处处有照应，实在是一场酣畅淋漓的体验。当全片最后小户川重见“人类世界”的景象。一切又是那么熟悉而陌生，豁然开朗了属于是。片如其名，奇巧计程车，在名为城市的迷宫里打转，载着每个人的秘密驶向应有的去处。",positive,bangumi,奇巧计程车
FAiZ暗黑态   临场限定,negative,bilibili,约会大作战 第四季
灯：难道我也是你们 play 的一环吗,negative,bilibili,少女乐队的呐喊
回复 Chasedogg 龙剑都没出鞘，还是算了吧,neutral,bilibili,Re：从零开始的异世界生活 第二季 前半
KOOK,neutral,bilibili,四月是你的谎言
回复 KFDLG 十四卷跟雪妈对线那里,neutral,bilibili,我的青春恋爱物语果然有问题。完
回复 PopRocks崽 在b站搜索【名家名作】向着光辉的彼岸A1 Pictures动画销量排行榜,positive,bilibili,辉夜大小姐想让我告白～天才们的恋爱头脑战～
很普通甚至偏劣质的3d乐队动画，搭了个烂活小时代剧本，靠梗小鬼刷烂梗出圈后爆火，本质cjb。,neutral,bangumi,mygo
LabMemNo04,neutral,bilibili,这个勇者明明超强却过分慎重
"有趣的人设前期扎实的脚本（nina和mmk和解后节奏就怪得很，还有对校园暴力的重拿轻放令人不适
但总体来看不愧为少女乐队四大名著",neutral,bangumi,girls band cry
mmk,neutral,bilibili,mygo
souka（无关心,positive,bilibili,比宇宙更远的地方
回复 哲学FA。 emmm把阿帕茶和典明粥倒在贝西头上？？,negative,bilibili,JOJO的奇妙冒险 黄金之风
Man！,neutral,bilibili,Angels of Death
命中X3,positive,bilibili,魔女之旅
补标，至今意难平。多少能猜到悲剧的命运走向，只是写不尽受到的震撼。想到去年啃完ova，去补外传找原作细细品尝的时候，像是美好的梦。爱着银英的角色们。ps，旧版太美了,positive,bangumi,银河英雄传说
GOOD,neutral,bilibili,Angels of Death
miki太sao了，suki,positive,bangumi,偶像大师
回复 KAiio 对的，物语系列我2011年看了一半化物语最后没看完到现在都懒得填坑了,negative,bilibili,魔女之旅
mmk背的是zzz驱动器吗，笑死我了,negative,bilibili,少女乐队的呐喊
wdf，这是人啊？,neutral,bilibili,颂乐人偶
obe,neutral,bilibili,魔女之旅
优缺点都非常突出的作品。110集大长篇使人物的塑造空间非常大，因此本作的人物不论在质还是量上都挺管饱。但填充这巨大篇幅的只有文本和磅礴的配乐，影像表现乏善可陈，作画资源充足但关键的演出完全不行，全篇也只是照搬原作而没考虑动画载体的表现，甚至不少集数可以直接当广播剧。因此本作虽好，但很难从动画的角度说它很好，至于儿戏政治描写排队枪毙舰队战那都不是关键问题。不过银英的侧重点在英雄和历史，把历史上的军政形态套皮到太空作为舞台，设计多如繁星的角色形象，在历史进程中编织这些角色的性格、理想、命运。在这种定位下银英算是独一份且很可能后无来者的存在。虽然有一万个可以说它差的理由，但能如银英这样数笔就能描摹出一颗将星，并在历史长河的流星群中闪耀独特的弧光，整个ACGN领域确实找不出第二家。,positive,bangumi,银河英雄传说
Comrade,neutral,bilibili,比宇宙更远的地方
终于理解为啥说这东西是给碇真嗣拍了的，早年看的时候理解剧情却不能共情，这两年心里出问题了，结果就和照镜子一样，期初这个终我是一直不打算看的，结果出院线了到底还是看了，庵野是走出来了了拍拍屁股走了，留给我的只剩鞭打和压力了， 制作上大3d还不错，初号机打13号机的时候3d怪怪的，别的也没啥毛病了，告别感也十分到位,positive,bangumi,新・福音战士剧场版：终
nina：我在大喘气挑战中取得了1秒的好成绩，你也来试试吧,positive,bilibili,少女乐队的呐喊
out,neutral,bilibili,四月是你的谎言
明修阿渡，暗度AA,neutral,bilibili,四月是你的谎言
wry y,neutral,bilibili,魔女之旅
应该是二刷。稀有的原速品味的作品，并没有突然转折或震撼的剧情，但通过一流CV们（松岡没后宫的作品www）、良好的画工以及耳朵怀孕的音乐，啊Anime以与文字不同次元的形式映画着让人积极向前的物语。虽是青春，却是陈酿，过几年再听听CV也是极好的。（顺带推一句写实版的老剧《南极大陆》）,positive,bangumi,比宇宙更远的地方
nm    m  s,negative,bilibili,鬼灭之刃 柱训练篇
总算把天空之城完整补了 当时初中还是高中时候集体看过 但看到抵达天空之城之后就下课了  现在回看真的好看 单纯的好看 比当时年轻观感好太多了 真的神奇  真的很佩服吉卜力的能力 短短篇幅 和风之谷一样 构造了一个很迷人的异样世界观 全程精彩 感觉观影期间 时间令人愉悦悄然度过 没有出现疲劳感让人想快进 对比前一天看得john wick4 那真是太多味同嚼蜡的环节 里面的人物都很讨喜啊 主角二人组不用太多谈了 配角里朵拉一家真的好有趣好可爱 她的傻儿子们真的承包了我的笑点 矿山里的大伙们也都是很让人舒适的单纯正直善良 这里想多说一些 就和风之谷一样 这些乡亲们在一些“局限性”下的表现出来的这种纯质反而更真实？ 我真的很喜欢他们认真劳动干活的场景 还有邻里互相帮扶的团结氛围 最后与野心家的对决或者说在踏上拉普达之后 有些安排有点观影疲劳 但整体看完真是一,positive,bangumi,天空之城
回复 dudu05 相当的简单粗暴了，不过就是没成功啦,negative,bilibili,夏目友人帐 第七季
回复 瑖雪雅天 想peach，那是我的,negative,bilibili,魔女之旅
初见的时候怎么没注意，这个staff roll的ed插入演出真夯炸了，无法想象如果是在影院初见是什么感觉跟第二季的配合相当精妙,negative,bangumi,轻音少女 剧场版
回复 ArianaZ  其实差不多欸，她当时扔球也是扔得很高但是不远,negative,bilibili,间谍过家家 第二季
IPhone 11,negative,bilibili,少女乐队的呐喊
A1神了，cbm跪下,positive,bangumi,辉夜大小姐想让我告白 通往大人的阶梯
很感动，几乎流泪。没有特别大的剧情转折与爆点，如同雨天的假期般安逸的剧情节奏安排。轻音整个整个系列都采用这种“弱剧情”的方式来塑造“不是很精彩呢”的日常氛围，又在京都特色的强情绪流中，将巨大的感动融入微小的细节，在不同观众眼中，不同的关注点为观众塑造出独属于自己的“kon”。对我而言，就比如小野和保护kon那段，嘴上说“他们不像我们那样坚强肯定会哭”，但其实被老师骂的眼泪汪汪的是当年的他们。整个桥段不过几秒，可这种小细节却深深触动到了我。加之剧场版独有的高技术力，更加优秀的作画（指侧脸终于不那么难看了），极度出色的作品。kon！！！赛高！！！,positive,bangumi,轻音少女 剧场版
回旋镖X5,negative,bilibili,颂乐人偶
童年滤镜很严重的作品。分镜水平完全不如漫画有冲击力，还经常能看到出崎统的「Harmony静止画」；静态画面、重复内容很多投个球都nm能回忆一整集，原创注水部分纯浪费时间井上雄彦也因此而收回了动画制作权；制作很平庸，明明是90年代的动画却没少出现劣质作画70年代的《明日之丈》跟这比都算很良心的了；不良少年抢占戏份、恋爱线以搞笑为主还勉强能当调味剂“青春的遗憾”呈现的还行，但“青春梦想”的主题诠释也远远不如《明日之丈》彻底这些缺陷漫画同样存在且视角局限于校园间接削弱了“为篮球拼命的理由因为生活又不是只剩“篮球”了”。可以看到很多《明日之丈》的影子：樱木花道与流川枫的亦敌亦友，樱木花道的反套路战术且经常犯规，「全国大赛篇」留下遗憾你只是输了比赛，矢吹丈是直接死在拳击场上了。,negative,bangumi,灌篮高手
回复 mrs504aa我是看到了南十字,negative,bilibili,比宇宙更远的地方
前陣子重看了，折服於激情與想像力背後的荒誕無稽。 ep6埋屍體印象極為深刻，Nobody exists on purpose nobody belongs anywhere everybody is gonna die Come watch TV,neutral,bangumi,瑞克和莫蒂 第一季
KOKODAYO,neutral,bilibili,比宇宙更远的地方
回复 Kynon卡农 草，我要被你活活的笑死,negative,bilibili,干物妹！小埋R
整体氛围深沉厚重，人物塑造登峰造极。托尔兹止戈殉道铸就“真正战士”的精神图腾，托尔芬“认贼作父”踏上扭曲成长的艰难道路，阿谢拉德“枭雄伪面”展露蚀骨灼心的复杂弧光，克努特王者觉醒开辟“献祭爱意”的荆棘加冕，乌合之众“桎梏焚身”突出作鸟兽散的野蛮群像个体痛恨与国族仇怨交织而成的血腥征服时代如冰海漩涡般吞噬一切救赎微光，将“所有人都是某样东西的奴隶”这一命题以重锤敲入骨髓，既是一段刀剑权谋史，也是一首冰与火之歌。ep14：天堂无门，地狱人间最揪心的一集。ep24：阿谢拉德才是第一季当之无愧的男主，忍辱负重，悲壮落幕，让我又喜又恨。,positive,bangumi,冰海战记
"I am soldier       translate
我为战士 则为 我既为被告亦是法官

这OP开场的 第一句歌词从我少年时期的我影响到中年时期的我 
这句歌词真的太贴合神山健治的SAC系列了 
十几岁的时候看 二十几岁的时候看 三十几岁的时候看 得到的感触每次都能更新 
哲学和政治认知都能随着自己的世界观变化而得到新的解读
这种作品不能称为神作我也不知道什么可以叫做神作了


很多年前给第一季打过分 今天才发现没给第二季打分 补打",positive,bangumi,攻壳机动队 S.A.C. 2nd GIG
cbmcnmd,positive,bangumi,辉夜大小姐想让我告白 通往大人的阶梯
杰克vs爱哭鬼,positive,bilibili,Angels of Death
LIVE确实很好看，不过除此之外的各方面就都还都挺乏善可陈的。猫猫真的GOAT,neutral,bangumi,mygo
回复 Kristen斯图尔特 你们这些人不要老是把CV和角色混在一起啊,negative,bilibili,虚构推理
出隐藏cg了,positive,bilibili,少女乐队的呐喊
回复 Himenina 杏寿郎大哥才是最后的胜利者呜呜呜呜（TT,neutral,bilibili,鬼灭之刃
回复 迦耶伯格ver99 你这是剧透了,negative,bilibili,约会大作战 第四季
一定是he！,neutral,bilibili,四月是你的谎言
看eva哈哈哈,positive,bilibili,Angels of Death
MBS,neutral,bilibili,比宇宙更远的地方
参考文献列表：,neutral,bilibili,比宇宙更远的地方
回复 Exynos671 说得直白点就是组CP,negative,bilibili,我的青春恋爱物语果然有问题。完
"要是痞子不拍这部当结局直接用2526，怕是要被玛莎拉（
一个痛苦的，绝望的但也同时是幸福的，充满希冀的结局，为本篇划上了一个完美的句号。不会再想着去苛责谁，只有无尽的怅然，释然并慨叹。Life is like a movie。",positive,bangumi,新世纪福音战士剧场版 Air/真心为你
闻香识女人（bushi）,negative,bilibili,比宇宙更远的地方
"回复 飘渺的羽翼 m？没毛ikmm
kplko",negative,bilibili,虚构推理
AP后的我：,neutral,bilibili,四月是你的谎言
双摇niubility,neutral,bilibili,比宇宙更远的地方
ktv怎么说,neutral,bilibili,比宇宙更远的地方
ICBC,neutral,bilibili,比宇宙更远的地方
"这次把剩下的半部分也看完了，说实话确实名不虚传，作为少女乐队番，里面的情感纠葛和铺垫都描述的十分的到位，剧情起承转合甚至让人在关键剧情节点根本停不下来，而且里面的乐队演出和音乐质量也是十分的棒，而暗线mujica祥子心态变化和组建乐队的部分也感觉给足了面子，虽然剧情不多但是各种铺垫让其感觉就是满满的实力派大boss的气场我个人就十分吃这种中二中二的感觉。
总的来说看的过程十分的有趣，里面的心理述说也能给人带来不少思考，乐队里的五个少女都给我留下了很深的印象，最后以及mujica的演出也确实对得起这13集的铺垫，太强了眼睛根本移不开。
之后会继续看mujica接下来的剧情，果然青春就应该不断前进然后迷茫，迷路的孩子会在不断纠正的前进道路中继续迷路，而认清现实的人们不再迷路而蜕变为大人，人生是一条看得到终点的路途，希望能在所期望的道路上继续迷路下",positive,bangumi,mygo
怎么标英文了都，是so ra吧,negative,bilibili,比宇宙更远的地方
作为一个几十年前的ip还是太超前了，感觉把发展赛博朋克这方面的税收到2050年了,neutral,bangumi,攻壳机动队
回复 w1175meaqua 追女生的时候有动力，拼命往上冲。  如果成了就会继续保持。。,negative,bilibili,徒然喜欢你
你这个理解有点错误，莎莉说的闪避盾指的是用高移速牵制boss的刺客、忍者类打法，并不是坦。莎莉的打法有点像魔剑士，女主掩护她绕后输出，因为移速、操作过高boss不开全图技打不到她，开了全图女主还可以掩护冲锋，所以女主还得削。,positive,bilibili,因为太怕痛就全点防御力了
前面那个，纠正一下，那是HP破了两万,negative,bilibili,转生成蜘蛛又怎样！
"我们的友情到底有多美好，多难忘。剧场版更高规格的制作，轻音部5人前往伦敦旅游的故事，一路上的搞笑日常，精彩的live“米饭是菜”
，包括我最喜欢的阿梓喵和呆唯的可爱互动。最后的相遇天使，更是把美好的回忆彻底引爆，果然只有二次元也有这么美好这么纯粹的友情吗。真希望一辈子都不分别呢",positive,bangumi,轻音少女 剧场版
领域半径是200m，这里为了不伤害伏黑惠改到140m了。动画的表现力像是半径几公里,positive,bilibili,咒术回战 第二季
“见微知著”的最高峰，讲述因果报应的物哀之作，动荡时局下浮游之人的凄美爱情故事。顶级的配乐，顶级的分镜，顶级的意境。未必是“前无古人”的孤品，但大概率是“后无来者”的艺术。以四集讲述四季，稚嫩的春，动荡的夏，变革的秋，凄美的冬。巴流出血泪、剑心在三途川走马灯、巴临终前刻下十字疤痕的演出堪称绝美。“追忆篇”的登神，并不依赖故事结构与思想深度，而是将配乐、分镜、画面、氛围与意象等等所有介质调度于一体后得到的登峰造极之美。这是OVA动画史上浓墨重彩的一笔，私心上推荐所有动画爱好者观看。,positive,bangumi,浪客剑心 追忆篇
anon：666合计着为这事啊我天,negative,bilibili,颂乐人偶
"请不要说上条如果有黑妻的体术就怎样怎样了。
一个混混一定能赢，两个三个就只能跑路。
其实上条经常在街头巷尾打架的，比如上条知道“打架街”而lv5的一方通行对此表示“？”
在小茵视角，上条战一群混混会跑，是他觉
得麻烦而已。
跑也不是真逃跑，而是让混混分散，一个个干掉，当然不追上来更好，更不麻烦。Cat2Watching",negative,bilibili,某科学的超电磁炮
因为第一个世界男主只看到b级世界的结局，记忆不全，而且公主老婆长得和转世后的女神相貌不一样，所以男主没认出女主是他老婆对女主态度不怎么好，后面打完盖亚布兰德的boss后男主才知道女主是他老婆的转世，下一个ss级世界再召唤时男主还记得女主并且虽然傲娇但是态度好了很多,positive,bilibili,这个勇者明明超强却过分慎重
汇率不是一百多吗，应该还不到1w吧,negative,bilibili,比宇宙更远的地方
看到NASA后满脑子都是tsukasa,negative,bilibili,总之就是非常可爱
给他一巴掌mad,negative,bilibili,四月是你的谎言
回复 御坂妹4396号 你这个证明很有灵性  既然你默认循环节是无限的 那么你的减法还成立吗？ 你不觉得十倍的X要比X的小数部分多一位吗,negative,bilibili,辉夜大小姐想让我告白～天才们的恋爱头脑战～
好美丽的ep,positive,bilibili,关于我转生变成史莱姆这档事 第三季
MVP医生已上线,neutral,bilibili,Angels of Death
有Sakura在，所以不害怕,negative,bilibili,颂乐人偶
回复 猛戳cpu  五条悟主要攻击手段全是核爆，这里都是平民啊平A估计秒不掉真人，这点还是宿傩厉害，估计就一个斩的事,neutral,bilibili,咒术回战 第二季
woman！what can I do,negative,bilibili,颂乐人偶
回复 5736av 广告怪,negative,bilibili,刀剑神域 爱丽丝篇 异界战争
有一种kgym的感觉（bushi,positive,bilibili,少女乐队的呐喊
kyn诱捕器,negative,bilibili,少女乐队的呐喊
回复 最高速GOhhhreceater,negative,bilibili,埃罗芒阿老师
nn,neutral,bilibili,四月是你的谎言
"个人排名 top2030
因为megalo box来的，花了两天补完了，之前还觉得bangumi排名高了，现在看完感觉排得不赖，个人解读丈没有死，应该是打完昏迷了彻底结束了拳击手生涯或者是变成了像卡洛斯那样的植物人，同样需要结合时代背景来看，明日之丈的剧情内核深度远超EVA了，很难想象这是上世纪70年代的产物，演出太超前了，用现在的眼光来看也能给10分，音乐85分，作画8分",positive,bangumi,明日之丈2
回复 zzzzxa 居然有人觉得这不是无脑龙傲天随便在qd找本书都不比这个差，可能脑洞还更大呢,negative,bilibili,"世界顶尖的暗杀者,转生为异世界贵族"
别呀少佐放下G3好好说话,neutral,bilibili,紫罗兰永恒花园
被bgm低估了的作品。初见时这部作品和我想的大不相同，第一遍看完还来不及对上电波，只留下了几个分镜的印象，仔细复看后逐渐与角色同频。麻弥美的镜头里总是有着巨大的桥梁，渺小的失去了依靠的少女失去了存在的意义，只能在烟、性和犯罪中找回支离破碎的自我存在感。蜷守同时背负着名人父母和优等生形象带来的管制，过早的学会了“懂事”，但也对缺失的叛逆和“错误”产生了向往。直太则更像是一个步入青春期的男孩的典范，比起当小孩更想抢先成为大人，在真诚（顺从对haluha的欲望）和虚伪（海苔眉毛）之间摇摆不定。青春期很容易产生的误区就是把虚伪和成熟挂上等号，好在FLCL的结局是正向的，直太发觉了小孩像小孩一样才是真正的成熟，蜷守直面了家庭和自我（能和父母坦诚的聊一聊超越了多少人），麻弥美也终于找到了属于自己而非别人的摄影。心目中对青春期的不坦率和酸辣最好的阐释。,positive,bangumi,FLCL
咋一下子跳了两分多钟，fff的仪式呢？,negative,bilibili,约会大作战 第四季
百吨王来了（bushi,positive,bilibili,Fate/Zero 第一季
草hiahiahia,positive,bilibili,名侦探柯南
为什么不是extrasensory perception 23333,negative,bilibili,在下坂本，有何贵干？
比起漫画有许多不同之处，ep26，ep27为绝佳的原创回，更丰满了丈以及每个对手的形象，可谓是最成功的人物塑造之一。最终战的闪回插入也可堪称是神来之笔，丈所要追随的永远都是那个向往着明天的自己，力石，卡洛斯以及荷西都是这条明日之路上的可敬对手，叶子与丈的感情描绘也更加生动细腻，最终没有了牵挂的丈也在把拳套交出之后完成了使命，结束了无怨无悔青春，感谢出崎统导演带来的精彩改编。,negative,bangumi,明日之丈2
回复 Han00  1521,negative,bilibili,葬送的芙莉莲
byd故意的是吧,negative,bilibili,比宇宙更远的地方
义勇：AT立场全开,negative,bilibili,鬼灭之刃 柱训练篇
观感很好，人设很棒。OP 挺洗脑，ED 的古典风编曲很赞。,neutral,bangumi,魔女之旅
能把所有情感和伏笔放到结尾的这一封信来回收。好强大的一刀。可能是我看番以来最强。温柔一刀。宫园薰的信。看到「好。」哭傻了。樱花飘落，你的香气余留纸上。你已经不在，只剩四月的信和没有你的春天。遇见你的春天。公园的黑猫从我脚下路过，你好像还活着，可是我再也没有表达心意的机会。「与其后悔没做，不如做了再后悔。」过往种种构成回环。好过分的谎言。已经哭了不知道多少纸。这两天感冒，藉由放肆地哭泣，假装擤鼻涕，实在抹脸侧鼻下、颌边桌上的泪。收下它吧。2点看完越想越难过哭到6点睡不着。OST好听。,positive,bangumi,四月是你的谎言
回复 KiriHouunji 对不起，我是大笨蛋jpg,negative,bilibili,辉夜大小姐想让我告白？～天才们的恋爱头脑战～
吐槽太本土化了，其实很多看不懂，观感上最多只有85分，不过类型无敌，笑中带泪的搞笑热血漫top1。,positive,bangumi,银魂
神之动画。单元剧的质量、剧本的完成度、主线的质量、主题的深度可以说是前无古人后无来者。若95攻壳是九分，那么02攻壳绝对配得上十分。开篇就用干净利落的单元回引出世界观，接着用不同主题的单元回让我们沉浸于这个赛博朋克世界中，每一集的想讨论的内容都很深入，可惜受制于篇幅只能一笔带过，这样也能达到回味悠长的效果，点到为止，反正我还挺喜欢的。等到单元回政治戏快看乏了看腻了的时候，攻壳又以完美的主线征服了我，以“笑面男”事件贯穿始终，不断扩大背后的利益网，扩大叙事视角的同时又不失剧情的逻辑性，用极致的文戏推进主线，又以精彩的演出令观众沉浸其中，主线质量实在太高了，我词穷到只能以瞠目结舌来形容了。不过攻壳并非无暇之作，前期单元回大量作画崩坏，贫瘠的画面完全不像一个九分的作品，演出完全靠菅野洋子的音乐c，后期倒是还好。瑕不掩瑜，主线的震撼足以让我和不稳定的演出和解,positive,bangumi,攻壳机动队 STAND ALONE COMPLEX
换了那个巨难听的新版op后，整个动画就像丢了魂一样，虽然15年之后也不咋样。哆啦a梦究竟是什么？是21世纪20年代依旧使用50年前的道具？这样的哆啦a梦，还是消失在2005年比较好。（练日语还是不错的！！）,negative,bangumi,哆啦A梦
hahaha刚出来 心疼反派三秒,neutral,bilibili,魔女之旅
"其实我很好奇如果换两个更符合生理女性特征样貌的人设是不是也不影响这部作品。
我对这部动画倒没什么别的批判。
剧情挺无聊的，感觉不如隔壁达尔文有趣。笑
2026215，看了六集了，还是很有趣的。小姑娘怎么长残了，不过我高中还真有一个接触过的低年级女学生留着这种发型，长得还挺像，当然性格是典型的活泼男孩性格，貌似还是个同，或许是双性恋，应该是模仿者吧，也不知道现在是不是走向了lgbt行列。
关于样貌，或许是作者故意为之，表达一种情绪。
2026410，补了最后一集。看见评论区全是夸赞感慨的，我并没有什么感觉。我也是很多愁善感的人，泪点很低，但是我真没有什么感觉。女主越来越可爱了。
八分吧，免得不如大部队的动画鉴赏能力，笑",negative,bangumi,异国日记
tsugu,neutral,bilibili,比宇宙更远的地方
可以在live现场随机抓一个观众上去弹贝斯（,negative,bilibili,少女乐队的呐喊
mmk：额啊啊受不了了！ 486：别搞哥们 别搞 nina：略略略 486：？,negative,bilibili,少女乐队的呐喊
"今天我们学到了什么？
1胃
贮存咽下的食物，胃壁分泌胃酸给食物杀菌。另外，消化酶中的胃蛋白酶把食物变得粘稠，执行消化的第阶段。
2嗜酸性粒细胞
白血球的一种。只占白血球总数的百分之几。在过敏或感染寄生虫时增殖。
与其他白血球一样拥有吞噬能力虽然吞噬能力较弱
3Mast细胞肥大细胞
  在大量产生的IgE刺激下发生反应。分泌组织胺及白三烯等化学递质。虽然叫肥大细胞但与肥大无关。
4组织胺
  识别到异物及组织损伤时Mast细胞肥大细胞分泌的化学物质。
5嗜碱性粒细胞
白血球的一种。占白血球总数的不到1。
嗜碱性粒细胞遇到特定的抗原时会释放组织胺等物质，引起过敏反应。生产将中性粒细胞和嗜酸性粒细胞引到问题部位的物质。嗜碱性粒细胞被认为有免疫相关功能，但是还没有完全弄清楚
6肠炎弧菌
主要存在于海水中的细菌，食用被此类细菌污染的海鲜
会引发感染性肠炎弧菌食物中毒并伴有剧烈腹痛等症状。
7吞噬功能
中性粒细胞等吞噬细胞将细菌及异物等吞入细胞内并分解
8海兽胃线虫
 寄生在海产动物体内的寄生生物。人生吃被海兽胃线虫寄生的海鲜后，在少数情况下海兽胃线虫会入侵胃以及肠壁，引发食物中毒海兽胃线虫病并伴有剧烈腹痛或呕吐症状。
9恶心 呕吐
  由于某些原因，延髓中的呕吐中枢受刺激产生的反应。胃部出回被封闭，相反公回松弛，胃酸逆流的同时。横膈膜及腹肌收缩压迫胃部，排出胃里的东西。
10嗜酸性粒细胞的功能
当寄生虫入侵人体时。嗜酸性粒细胞负责协助杀伤寄生虫等工作，
防止寄生虫感染。
今天学的就这么多咯大家下次再见咯",positive,bilibili,工作细胞
Steven,neutral,bilibili,鬼灭之刃 柱训练篇
看完之后我只有一个感觉：我怎么现在才看？！几乎是我人生动画电影神作之，喜欢得头皮震撼尤其是在看的时候刚好药效出现，奇妙的眩晕和懒洋洋的舒适感让光圈蔓延成水从屏幕倾泻，梦境像柔软的曲奇甜甜圈把我折叠在里面。太喜欢了，无论是画面、bgm还是色彩的运用，都有一种OD过头的惊悚美感。超前的剧情也让我完全吃到了科学的宗教感，我对我现在才看今敏而后悔万分。看完后火速去补了其他作品，但红辣椒还是不可超越的唯一。我非常喜欢里面梦境套环的非人秩序感，红辣椒的cv像是流淌蜜的清泉，轻盈略过蝴蝶的啃噬真是我最爱的场景之一。包括网页酒吧的进入都让整部的奇妙感有现实接轨的轻盈感。应该会成为我每次焦虑时都会打开的神级影片，太喜欢了，如果人遇到太喜欢的东西就会言语贫瘠，那么就是此刻。,positive,bangumi,红辣椒
按【X】翻窗，按【Q】制服,negative,bilibili,魔女之旅
“你能去救救还没被丘比欺骗的那个笨蛋的我么？”，一千个人眼中有一千个晓美焰，而一千个晓美焰眼中只有一个鹿目圆 ，你们一定要好好的，不要再死了啊 ，一想到插曲《and Im home》还是wowaka写的我就更绷不住 。在被同学多次剧透的情况下仍然为新房和老虚的发挥感到震撼，爱的战士你曾经还是值得信赖的。不过说实话一开始被魔女的形象给猎奇到了，画风抽象得让人害怕，充满童稚的快乐无邪沾染了鲜血和死亡，和洋娃娃恐怖谷一样人打心底恐惧的存在，给我看出PTSD了都,positive,bangumi,魔法少女小圆
回复 SPWYZY 感觉还好吧，毕竟薰牺牲记忆是当前状态下的最优解，对薰最好的保护。但这样的话就没那么刀了，感到的只有惋惜。要是薰再惨一些的话。就更好了。,positive,bilibili,魔女之旅
再见了最后的EVA，12月前的末尾补完,positive,bangumi,新・福音战士剧场版：终
真就打了一整季的比赛，故事全靠插回忆杀，一种好特别的叙事。4集封神。没想到地方最终战的对手是相比之前一直战下来的青城nekoma这种又完整又灵活柔韧型不同的，看起来有点靠蛮力，连携也不太一体的对手。除了简单带了下的白鸟泽两人的故事，相比之前各种心理阴影啊各种背后的努力和泪水。这季的目标只有赢，胜利的喜悦，终于等到胜利的机会的喜悦，一切都是这么纯粹，就像白鸟泽一样，唯有强大。这很排球。这样的也很不错啊。白鸟泽这一边的角色塑造感觉相比前边差点意思，但也因此感觉变成更加纯粹的像在看排球比赛一样的体验了，不可思议的魅力。其实白鸟泽这两人的背后故事还挺复杂的，有一种脱离了排球的阴湿，但还比不过及川，这两人属于被现在的排球拯救了。三季看完基本对每个队球员留下印象的就那么一两个。这也很真实吧，天才只有那么几个，只有强的人有被看到的权利，这种地方倒是挺现实的。,positive,bangumi,排球少年 乌野高校 VS 白鸟泽学园高校
"刚把0079和GTO补完来看z高达但看了2集我就不想看了，或许是因为螺子的人设和卡缪之间的差距太明显了吧怎么就突然背叛联邦军，虽说联邦军也是往后越来越腐败了脱离它也情有可原。。
之后再补",neutral,bangumi,机动战士Z高达
索伯c44到底附体了多少台空调？,negative,bilibili,少女乐队的呐喊
90分钟，却让人也如作了个梦一般。牛逼的作画分镜节奏，天马行空的创作，带有惊悚悬疑风格的bgm，烧脑的情节，以及精简却都极为重要的每一位人物，很值得放下心好好欣赏,positive,bangumi,红辣椒
BGM：橙色华尔兹 by吉森信,neutral,bilibili,夏目友人帐 第七季
"五年前还能时不时看到用优子做微信QQ头像的女生

当然问了之后发现似乎并不认识这个是谁，但是她确实帅好吧
这部太现代了，如果单纯拿出来看很难想象是07年的作品",positive,bangumi,天元突破 红莲螺岩
"大家好呀！我是上集热评中向大家介绍咆哮西风带和南印度洋水文情况的科普君磁爆线圈X，这次我又带来了一些新的资料给大家
在这一集当中，我们将会看到白濑号（企鹅馒头号）上的破冰装备大显神威，压碎重重浮冰，一路破冰斩浪前往昭和基地！其中，白濑号舰艏的那排喷淋除雪孔将会首次开始运转，届时大家就可以看到这种新型装备的强大威力！
不过这些除雪喷淋孔的介绍，我在第七集的热评科普中就已经介绍过了，有兴趣的朋友们请自行跳转过去看

今次的科普主要是由两部分组成：
第一部分：我注意到上集中有许多小伙伴们都对白濑号上船员们的运动方式产生了好奇，“为什么他们跑步的时候还要按照广播去进行特定方向的运动？”那么在这次的科普之中，我在日文谷歌上查阅了一些资料，包括白濑号船员的日记，找到了其中的原因。

第二部分：在这里我要向大家说声抱歉，在上集热评的科普中，由于我个人疏于考察，在白濑号的减摇设备的描述上犯下了一个严重的错误，在此进行一下勘误：
白濑号上装备的减摇设备的中文学名，叫做“可控被动式减摇水舱”，上集热评科普中所谓的“主动式液槽减摇器”是我自己按照日文描述编造的一个名字（因为当时没能查到国内的中文资料），虽然能够大致描述出这个设备的形态和作用，但毕竟不是学名，在这方面对大家产生了误导，我向大家诚挚道歉。
在对可控被动式减摇水舱的描述上，我也犯下了一个错误：可控被动式减摇水舱并不是“更高级形态的减摇设备”，也绝不是“比减摇鳍高级的减摇设备”，而只是一种常用的减摇机关，并且经常和减摇鳍配合使用，简言之，只有减摇水舱和减摇鳍共同运作，才能达到最佳的减摇效果。
这是我的疏漏，再次希望大家谅解。
那么为什么白濑号没有装备减摇鳍，而仅仅装备了可控被动式减摇水舱呢？
为什么明明装备了减摇设备，但女主团还是被晃得七荤八素的呢？
我会在楼中楼内为大家进行详尽地科普不用担心，这次我找到了充足的资料。

综上所述，今次的科普将会为大家前后两内容：也就是“为什么白濑号的船员要按照广播中的方向跑步锻炼”，以及“为什么白濑号的减摇装备会是现在这个样子”。
为了避免长篇文字带来的手机端阅读困难，我会将我选取的介绍资料分段贴到楼中楼里，请大家点开阅读",positive,bilibili,比宇宙更远的地方
一部让我数年来无法平静的真正的神作，心中不变的Top 1。,positive,bangumi,CLANNAD 〜AFTER STORY〜
红秋裤Ko红领巾,neutral,bilibili,Angels of Death
回复 rikkitokyo 我喜欢你,negative,bilibili,mygo
by的开枪都不行是吧,negative,bilibili,约会大作战 第四季
不是白毛能力bug，白毛魔法不太行，是其它方面能力优秀，如临场指挥、小队作战等，这些是年轻的肥伦所没有的，跟他玩肥伦容易被阴死,negative,bilibili,葬送的芙莉莲
二周目on一言难尽的结局心情是菠萝的台词“明明坐下来谈就能解决的小问题，却得等到血流成河后才愿意谈。”“谁知道呢，我没有资格做评价，毕竟我也是仗着侠气与醉狂害别人流血的元凶之一”先把同盟侧剧情看完优点和缺点都过于明显虽然考虑到剧本的体量难度，但不得不说能否撑起看完的兴趣真的很堪忧。早些时日看的话评价或许会稍微高一点。,positive,bangumi,银河英雄传说
nina喜欢煮透的白菜，486这里踩了一脚。笑死了,negative,bilibili,少女乐队的呐喊
跟我一样，呜呜XX,neutral,bilibili,比宇宙更远的地方
"回复 L李可欣 哪个平台搜都有的，不过并不是正版罢了
122卷大概两张左右",negative,bilibili,盾之勇者成名录 第四季
回复 ckuzy 那是相当于是心意类的映射，讲道理这期刀剑后面必须去 了解 （画重点）下小说你才明白是怎么回事。就和去年的魔禁3蛮相似的，你如果不 看完（画重点）那段小说根本不知道他在演什么东西，到头来就一这表情。,positive,bilibili,刀剑神域 爱丽丝篇 异界战争 -终章-
Good ol days,positive,bangumi,蜡笔小新：大人王国的反击
"看完一句话：经典就是经典。2个角度：
燃系原创经典。以不属于07年的画风打造的一部不输于当代jump作品的少年成长故事。如果仅在16集结束，那天元顶多算佳作；17集往后的剧情让它从一部几乎无需过多思考的作品上升到治国、政治甚至宇宙层面。这种作品中大哥、老师系角色是要领便当的，关键是如何让他们死得有价值、有尊严，它给出了一个好答案。
经典是时代的精华。从当下的视角看确实有很大“无脑燃”的嫌疑。不过，我认为这不仅不会影响其成为经典，而是会更加证明其是经典。就好比读名著一样，以前是经典，现在读不下去的情况太正常了，所以哪怕你看不下去也是正常现象。
【话说果宝特攻是不是抄了里面的机设？】",positive,bangumi,天元突破 红莲螺岩
ninana转了个圈是吧,neutral,bilibili,少女乐队的呐喊
回复 牛大放DafangNiu 过分了啊（,negative,bilibili,路人超能100 III(灵能百分百 第三季)
ko,neutral,bilibili,约会大作战 第四季
486还敢端着水过来啊hhhhhhh,negative,bilibili,少女乐队的呐喊
bgm吓得我以为家里来蟑螂了qwq,negative,bilibili,比宇宙更远的地方
dy 魔王好美啊,positive,bilibili,转生成蜘蛛又怎样！
好可爱好可爱，woli波吉,positive,bilibili,国王排名 勇气的宝箱
不用怀疑兄弟，就是有龙珠gt片头曲的调,negative,bilibili,四月是你的谎言
"63级战斗女仆 VS 30级死灵法师ampamp骨龙
100级死之王 VS 30级女盗贼

死灵法师：你知道什么是强者吗
战斗女仆：我只知道你是虫子
女盗贼：不拿出全力，你就死定了
死之王：我绝不会出全力，你放心好了

那么问题来了：到底谁在装逼？",negative,bilibili,OVERLORD
"1、攻壳机动队X 巴特的奇妙冒险O；
2、比起续作，更像是上一部作品的后日谈，讲述了大猩猩“退休”后，巴特及九课的刑事日常，案件本身是比较简单的，主题延续着前作对Ghost的讨论，但却浅尝辄止，不痛不痒，或者说，太过晦涩；
3、前作用日本传统文化做转场，本作就用香港广府闽南文化做转场是吧，鸭子最文宣菩萨的一集（；
4、巴特「motoko，我的天使」；
5、再见了，所有的鸭味儿攻壳；",neutral,bangumi,攻壳机动队2 无罪
ep1叙事演出和牛尾的配乐，纯纯的文艺片。ep2不是这印度风bgm是什么鬼啊。ep3神回，前半段压抑到平淡的情绪，后半段的爆发，走错路回到不再能回去的家，对手机消息的烦躁，神经质一样的态度，这部作品对情绪的表达十分贴近生活。顺便一提这老师真初。ep6成年人的恋爱真对吧。ep8这孩子性子是挺麻烦的。EP9后半段三线叙事但挺连贯的。ep10额虽说从前面也能看出来是有拳味的，但毕竟是日本也很合理，但有人非得借此拐一下国内就有些神必了。ep12小姨说的话我基本上都很喜欢，特别能产生共鸣。ep13后三集比较平淡是因为最精彩的阵痛期的已经过去，女主要开始新的篇章了。至于群像的部分，成人这块还可以，但女主同学这块就很散，没什么出色的点。,positive,bangumi,异国日记
狠人hhhhhhhh,negative,bilibili,刀剑神域 爱丽丝篇 异界战争 -终章-
剧情是真的紧凑，反转是真的没想到。制作非常好，到底是真是假，我感觉最后半个小时我都已经被代入进去不知真假了，不愧是今敏和丸山正雄的MADHOUSE，这部片子把剧情的悬疑完全表现给了观众。这就是经过沉淀的老东西吗，有点意思。因为对过去的日本未做了解也不感兴趣不想去了解，但我确实在这部片里看到了社会的病态麻木和令人作呕，作品真是淋漓尽致地展现了麻木社会的压抑和恐怖,negative,bangumi,蓝色恐惧
EHonda,neutral,bilibili,四月是你的谎言
Ilyina,neutral,bilibili,魔女之旅
最强职阶teacher,positive,bilibili,Fate/Zero 第一季
回复 Kaisa是天使 并不是，贝蒂出生的时候艾奇多娜还没死。不认识大贤者。那个人就是那个人。他母亲给她的约定吧，就是说自己会死，让她守着经书库，以后那个人会来带走她。那个人就是那个人。,positive,bilibili,Re：从零开始的异世界生活 新编集版
我上课睡觉被老师点名black：,positive,bilibili,四月是你的谎言
表情包get,neutral,bilibili,约会大作战 第四季
人工队vs机器队,positive,bilibili,紫罗兰永恒花园
SIFF 与其说是赛博朋克，不如说是一场硅基的宏大的哲学思辨。何为我？肉体是我？灵魂是我？我是独立的个体？还是可以成为无限？An omnipresence in wired，网络已死，我却新生。,positive,bangumi,攻壳机动队
磯光雄是神；更换的完成度算不上出色的3D场景反不如旧版的2D作画冲击力惊艳，前后观感的参差进一步破坏观感，建议老版，老版的缺陷是部分场景低分辨率作画强拉分辨率进行数字后期挽救不了（虽然有胶片），如果能以2D的形式重置重扫这一部分就没有缺憾了。,positive,bangumi,攻壳机动队2.0
注意 有人启动了大坝工业电梯（busi）,negative,bilibili,Angels of Death
wc左边的486好帅,negative,bilibili,少女乐队的呐喊
天空属于GTI,positive,bilibili,少女乐队的呐喊
486kdlkdl,neutral,bilibili,少女乐队的呐喊
202637看过非常舒服的一部番剧 3月就应该看这个。画风温馨，剧情很日常很细腻，演出也有意思（比较残念的是我看不懂将棋orz果然是一门深奥的竞技,positive,bangumi,3月的狮子
FBI open the door！！,negative,bilibili,比宇宙更远的地方
ASD？,neutral,bilibili,比宇宙更远的地方
Kiss kiss一下,neutral,bilibili,Angels of Death
mo玩家特有的无处不在,positive,bilibili,约会大作战 第四季
回复 plazum01 5！！！,negative,bilibili,mygo
at力场开！,neutral,bilibili,少女乐队的呐喊
假面骑士Ghost,negative,bilibili,颂乐人偶
三飞的yosolo,neutral,bilibili,比宇宙更远的地方
jinx和尼格凑CP扣一分,positive,bangumi,英雄联盟：双城之战
这个69kg的人,neutral,bilibili,比宇宙更远的地方
不许tekelili！,neutral,bilibili,比宇宙更远的地方
"1010
大二时第一次看，随后就为之着迷了。EVA的科幻设定很庞杂，还借用不少宗教符号，但痞子其实无意借此讨论人类未来、信仰之类的宏大议题，他所阐述的其实是个人与社会的关系。
痞子对人心的观察堪称鞭辟入里。主角真嗣，其塑造之复杂、成功，堪称罕见，他各种貌似幼稚、怯懦甚至作死的行为，几乎都带表演性质，本质是希望自己被他人需要、自己价值得到确认，但他无法将自己内心展示出来。剧中大多角色，丽、明日香、美里，行为表现各异，本质都是想被需要、想确认自己在人际关系中位置，但都无法挑明、自我厌恶。所谓心之壁，便是这无法以真心示人的隔阂。
TV最后两集，是我第一次接触“意识流”。起初觉得晦涩，后来再看，惊觉这几乎是痞子贴着脸告知观众作品主题，谜语人的形式，又恰好正如人之间的难以互相理解。这个意义上，EVA结尾形式上的残缺反倒促成了其主题表达上的完美。",positive,bangumi,新世纪福音战士
回复 fjlihdy 花生,negative,bilibili,间谍过家家 中配版
回复 剑雪ALYAS 我是故意的骄傲脸jpg,neutral,bilibili,虚构推理 第二季
回复 作者同学 是买了 右上都有bilibili独播了 所以画质字幕之类的都全面提升了 是好事,negative,bilibili,中二病也要谈恋爱！
twistzz来了,neutral,bilibili,颂乐人偶
怎么说呢，看了那么多类似的，有个规律就是男作者写恋母，女作者写恋父比如白兔糖，不过恋母的基本没正经番haha。堂兄的女儿都想get，只能说不太现实，是日本人，那没事了,negative,bangumi,蜂蜜与四叶草II
回复 minute001 是的！说干就干，行动力max！,negative,bilibili,夏目友人帐 第七季
升cm不行吗 老惦记惦记你那f了,positive,bilibili,少女乐队的呐喊
busted,neutral,bilibili,颂乐人偶
需要v2,neutral,bilibili,约会大作战 第四季
回复 比诺托official 挺好的，不像我，只有一堆巴掌,negative,bilibili,我的青春恋爱物语果然有问题。
yxllove,neutral,bilibili,比宇宙更远的地方
回复 悠悠云锦 饿，我以为就教了14个呢。要是就教了14个全凉了他还没有一点怀疑真的太bug了，简直就是脑子不好使,negative,bilibili,鬼灭之刃
非常扎实的运动番，值得一看。配乐令人印象深刻，每集的ed插入都燃的要死。ep27配角单元回设计挺棒，没有依赖主角，而是根据配角的性格去创造解法，形象一下就鲜活起来了；整体看下来演出有些过于平淡了（音乐带飞了），加上节奏偏慢，除了最后一集之外没有哪一集能完全调动起我的情绪。场景和故事类型单一，后期会有些审美疲劳。不过细节上还是能看出很多小巧思，小光的成长轨迹也非常自然，一直有看下去的欲望；最后看到小光从一个傻小孩变成帅哥也是感慨万千啊。,neutral,bangumi,棋魂
折木已经在仓库外面蹲了多久的千反田了？bushi,negative,bilibili,冰菓
孙女：time vent！,neutral,bilibili,虚构推理 第二季
MVP结算动画,negative,bilibili,mygo
回复 北冥ALIVE 兴致全无,neutral,bilibili,埃罗芒阿老师
zack：妻管严醋坛子        ray：记仇jpg,neutral,bilibili,Angels of Death
分析的好棒，对于初中时候看的FSN然后又玩了游戏而言，还是更喜欢FSN啊,positive,bilibili,Fate/stay night [Unlimited Blade Works] 第一季
回复 御手洗洁宝 双厨狂喜。（辉夜大小姐第一季的op的歌词空耳像是哦辣妹米4444达。,negative,bilibili,岸边露伴 一动也不动
key社三部曲补番第三部，之前就发现渚是传颂之物柚叶的CV，还都是病弱设定，没想到命运也是一样生完女儿就走了。制作和情感表现都非常优秀，可惜最后几集的关键剧情都被剧透过了,positive,bangumi,CLANNAD 〜AFTER STORY〜
豆瓣标记220709：萌即正义的标杆之作。 柊姐妹的人设和CLANNAD的藤林姐妹好像啊，是巧合吗？ 超喜欢Lucky Channel，神晶小姐（CV今野宏美）真是收放自如啊。,positive,bangumi,幸运星
Dana I,negative,bilibili,鬼灭之刃 柱训练篇
也是头铁，不会掩护c8击杀b也可以啊,neutral,bilibili,Fate/Zero 第一季
注意这个走步姿势和男主第一次上台时的一样甚至都是shuj guai顺拐,negative,bilibili,四月是你的谎言
造福我的兄弟VAV,neutral,bilibili,转生成蜘蛛又怎样！
666M属性发力了,positive,bilibili,鬼灭之刃 刀匠村篇
wryyyyyyy！,neutral,bilibili,魔女之旅
history细胞，？,neutral,bilibili,工作细胞 第二季
呆jio布,neutral,bilibili,魔女之旅
"这部是自我看动漫以来遇到的所涵盖面（情感上）最广的作品，友情、亲情、爱情已经数不清在品鉴这部作品时眼睛模糊的次数了。CLANNAD的成功之处在于每个故事线中的每个人物，他们的形象塑造的相当到位，人物形象是饱满的，每个角色都有自己独一无二的性格特点，而在故事中人性又展现地淋漓尽致，所以每个故事都能在不同的方面触动我们的心弦，引起强烈的共鸣，而且所有的人物他们不是同时出现在“我”的身边，而是贯穿“我”的一生，在人生的不同阶段给予我们不一样的感动，这也是CL能给我们留下深刻印象的因素。

春原兄妹篇真是令我感受深刻的故事线，春原这小子也是所有角色中给我印象最深的，平时一起陪你疯闹笑，一有事也不逃，要么挺身而出，要么犀利地指出问题的关键，人生若有如春原般的朋友，那也是值了。

永远的经典，永远的CLANNAD  摘自23年我的steam游戏评",positive,bangumi,CLANNAD 〜AFTER STORY〜
oi  oi  oi  oi,neutral,bilibili,魔女之旅
回复 Lateloveforyou可我觉得考级是对自己学钢琴的一个见证认可，所以拥有证书感觉也挺好的,positive,bilibili,四月是你的谎言
486也是i，假装e吓到nina了,negative,bilibili,少女乐队的呐喊
回复 Chitanda17 可惜，这颗是钚弹,negative,bilibili,异度侵入 ID:INVADED
"我简直笑死了，正在气制作组不给我们看ray的微笑，转头就在zack的回忆中给了。
我的天哪，居然自带八百米厚的男友滤镜，zack你是什么情窦初开的少女吗？？？？？",neutral,bilibili,Angels of Death
补标，虽然是很优秀，但tmd85分有点太高了吧,neutral,bangumi,猫的协奏曲
鼓手感觉有点死了ovo,negative,bilibili,少女乐队的呐喊
Md只在Clannad和这里哭过，c,neutral,bilibili,比宇宙更远的地方
煞 sha一声,negative,bilibili,魔女之旅
伸手即可抓到流星的男人发现了自己永远无法改变后选择了自杀。后面几集无聊的跟jerry似的,positive,bangumi,瑞克和莫蒂 第二季
致敬传奇女教师sawa酱,positive,bilibili,少女乐队的呐喊
怎么这么像NPC呢？,neutral,bilibili,魔女之旅
突然出现的意义不明的gala立绘jpg,neutral,bilibili,颂乐人偶
"8Yuki酱，Yuki酱，Yuki酱
（设定前卫",positive,bangumi,凉宫春日的消失
S（94）如果说对这部作品最好的评价那一定就是“有趣”，猎人仿佛有一种魔力吸引我一直看下去，即使有60多集我却觉得很短一般。猎人考试占了整部动画一半的时长（31集），不仅不觉得拖沓还完美刻画了一段美好的友情，而且里面的每一轮的考核设计得也很不错，很多展开都出乎我的意料，让我有种原来还可以这样做的奇妙的感觉。本以为猎人考试结束后就没有什么有趣的情节了，没想到后面的情节一样精彩，先是主角团一起去到杀人家族的家找奇犽同时遇到重重挑战，奇犽事件结束后几个人分开了并约定在一个日子重聚，之后大部分都是小杰和奇犽的基情日常了最精彩的还是幻影旅团出现在黑帮拍卖会的情节，一直很期待打起来结果结局又往我意料之外的方向展开了。总之动画擅长挖坑并将世界观逐渐扩大，但这些坑（新设定）又十分有趣，一些情节的设计又十分巧妙，让我在追番的旅途中不会那么无聊，这就是猎人的魅力。,positive,bangumi,猎人
十年dd老粉不请自来,neutral,bilibili,少女乐队的呐喊
anon：不是，你们c团都喜欢一休尼这一块吗？,negative,bilibili,颂乐人偶
gbc神，优秀的三渲二画面表现，性格鲜明的五位主角，完美的 live 演出，nina 无疑是最摇滚的，参团率百分百，这几个人真的很完美，性格互补,positive,bangumi,girls band cry
？！！惊现届不到！！hhhhh,negative,bilibili,夏目友人帐 第七季
Taki：“天呐这简直就是我”,negative,bilibili,少女乐队的呐喊
牛尾杀疯啦！音乐很棒，虽然目前故事整体温馨但却处处透露着压抑的氛围，期待一波阿姨或者学生妹崩溃产生的剧情冲突，当学生妹真正面对她父母离世的事实时会是怎么样呢？会大哭吗！还是淡然的释怀？希望情绪激烈点！好奇！好奇！感觉89集的时候就该炸啦好期待啊 ！ep9“我听不懂你们在说什么”住在异国的各种不同的人。我的未来在哪里？我想要做什么？我不知道我很生气。ep12 我要去试着改变，虽然不知道会发生什么。加油啊！神结尾，远远超越平稳落地的结尾，父母牵着朝的手不断向前，朝不断成长，明白自己真正的希望。好美,positive,bangumi,异国日记
Ky的人玩过第五人格吗？就在这ky，麻烦发下庄园生涯,negative,bilibili,Angels of Death
能不能别ky了好烦啊,negative,bilibili,鬼灭之刃 游郭篇
回复 1stDogma 我看了下时间，铁子，你是被绯红之王删了一年吗？！那可是一年半之后！！！,negative,bilibili,碧蓝之海
回复 locker1860 （）我就不乐意看书，等更新得了,neutral,bilibili,青春猪头少年不会梦到兔女郎学姐
整体来说还是有好玩的地方的，有的演出也比较有劲比较骚，但是我还是不太觉得整部动画成功表达了什么深意的东西。可能是我所处的时代和作品的时代差的比较多所以有些象征和隐喻不能传达给我。而且我也不喜欢看完一部动画故意去找很深刻的分析文章看来反复揣度“作品的背后含义”。我觉得一部好的作品就应该让人能够理解，比如MONSTER那样的。另外，和MONSTER一样，老作品总会有一些玩梗桥段或者剧情套路或者拖时间的总集篇单元会，不过这部作品的总集篇还是有些有趣的。总共39集的含量，感觉还是不会推荐给自己的朋友们看。所以思前想后还是只能给6分。相比而言可能还是少女歌剧这样的作品更适合现代年轻人的经历和生活，并且演出也很精彩甚至更胜一筹。PS 欧蒂娜的公主装还有ED1的开头确实很漂亮，ED1也很有迫力，被凤晓生攻陷的那一集也很有意思。,neutral,bangumi,少女革命
1、与第一季相比稍欠，但依然精彩； 2、人与人之间的关系何尝不是人与自然？； 3、文艺青年的最爱； 4、强烈推荐原著漫画； 5、难以跳过的OP与ED；,positive,bangumi,虫师 续章 第2部分
zacK不是道具，是人如其名的人！！！,negative,bilibili,Angels of Death
这届bug在哪？乐。一群被海克力斯打着玩的也bug？,positive,bilibili,Fate/Zero 第一季
回复 strong盐！能把上集的坑填了就不错了,negative,bilibili,欢迎来到实力至上主义的教室
回复 吉良jo吉影 那个时候经常推JOJO的燃剪，我是好奇心过强。。。入坑的,positive,bilibili,JOJO的奇妙冒险 星尘远征军
有空我补一下评论202626日补标，作为一部公认的、颠覆类型的现象级百合作品，我当时的情绪更像是在鉴赏一个精妙的悲剧，而不是被卷入其中感到心痛，没有体会到传说中那种巨大的致郁感和后劲，仿佛我的共情神经对老虚那种精心计算的戏剧性极强的悲剧命运有了抗体（ ）看着晓美焰一次次轮回，最终鹿目圆为了终结绝望的因果而升维成概念，整个故事的构架和悲剧美学无疑是一流的，我很理解为什么那么多人被“刀”得死去活来，爱的战士的名号绝非虚传，但我只能给个推荐分ww,neutral,bangumi,魔法少女小圆
单元剧的教科书。已购买偶像大师OFA、偶像大师2G4U动画Bluray套装。,positive,bangumi,偶像大师
king,neutral,bilibili,颂乐人偶
上站：Free,neutral,bilibili,四月是你的谎言
这季出崎统个人风格化的演出运营更加得心应手，个别集数大量harmony、摇镜高频运用表现了其对作品愈加倾注的热情。力石之后的内容补足了原作，由此带来的是丈的性格在观感上终于有了质的突破，凝练了丈的人物弧光的刻画和贯穿全篇的命运戏弄。最后在与荷西一战中“燃尽了，只留下雪白的灰”载入史册的名场景的诞生，人物的羁绊，野性与神性的交织，浪漫主义与宿命论的对抗，都随着悠长的蓝调渐渐消逝在了夕阳下,positive,bangumi,明日之丈2
aoi,neutral,bilibili,比宇宙更远的地方
早期大杂烩，参考矛盾螺旋，bsd，为啥一个剧场版也能割裂得像单元剧确实不如tv版的主线，怎么直接成神降维打击了但观感还是比第一部好些,neutral,bangumi,攻壳机动队2 无罪
到底在义忍99干啥，又没提到cp9什么,negative,bilibili,鬼灭之刃 柱训练篇
只喜欢eva本篇的应该做不出那么多诡异的解读，想来全是air真心为你粉丝的锅,positive,bangumi,新世纪福音战士剧场版 Air/真心为你
开始上debuff了,neutral,bilibili,四月是你的谎言
回复 btdy US到底是哪个变态让我们上游戏去送的,negative,bilibili,刀剑神域 爱丽丝篇 异界战争
回复 WayneW 说真的我甚至怀疑帝国篇开始就是找个水货代笔了,negative,bilibili,关于我转生变成史莱姆这档事 转生史莱姆日记
虽然很疯狂，但是算是一个合理且完整的结局。NERV最惨重的一次牺牲不是来自使徒而是同样的人类，讽刺又现实。先是理解了母亲、走出心理创伤，又第一个从LCL海里醒来，惣流明日香或成旧世界唯一赢家。虽然全人类变橙汁，但是也说了只要想就可以醒来，其实也是带有希望的结局。,positive,bangumi,新世纪福音战士剧场版 Air/真心为你
85 去现场看了对邦live  就放轻松不带脑子不思考地看，完全让氛围带着走，观感挺有意思的。猫猫那句有趣的女孩子好精髓。 ep6之前的观感太棒太精彩了,positive,bangumi,颂乐人偶
RING,neutral,bilibili,少女乐队的呐喊
在迟到的出租上看完最后一集，我对女乐有白月光和刻板印象，所以mygo实则一直在挑衅我。几次演出的live都做得相当好，op和ed也都好听，在没有补番前就能哼出几句春日影，当时也实时追到了第一次演出，没继续看的原因忘记了，但现在看完是有种隐隐的羡慕嫉妒（？），毕竟高中能自由自在的组建少女乐队真是让人感叹“年轻真好”。可能我挑选的入坑时机是在Ave Mujica之后，所以对情绪高潮的几个情节完全接受良好，每个人的形象居然以外的靠谱丰满，在短短的剧情里塞进如此亮眼的人物塑造还带着东亚特有的别扭感，还挺惊讶的，没有隐形人已经是乐队番非常优秀的操作了。主角里更喜欢千早爱音，因为整季里也最喜欢她直面自己的逃避的那集，从她身上能看到很多部分的自己，所以有怜惜更有骄傲，看到她最后也都在实现心愿和梦想真的很欣慰。爱音的性格真是比我好10000倍，好想成为。,neutral,bangumi,mygo
索伯发动机绷不住了，什么GP2engine,negative,bilibili,少女乐队的呐喊
“钻石需要用钻石来打磨”JPG,negative,bilibili,魔女之旅
大和号以来的日本动画大致有两股潮流，即改变世界与改变自己，其中前者来自于对社会的不满，后者则可看作是前者失败（学潮退去）以后的结果。本作的有趣之处则在于同时放弃了两者，既不改变世界（对此表现得毫无兴趣），也拒绝改变自己（体现为主人公的自恋），一味地游荡在人生之外的世界（伊蕾娜对小说的执着），沉浸于虚构出的旅行者魔女身份中（唯有魔女这般上层阶级方能悠然观察人生），正可谓悲观的乐观、消极的积极。由此，最后的敌人是“残暴的我”也就不足为奇了，因为她产生了不满足的心理，试图改变世界与自己。反对者大概会指出此种风格反映出了精英阶层的懦弱吧，不过我非常喜欢这种不肆意审判人与事物的风格。当然有ep6这种集数在，有可能上述一切都是我自作多情了。“我还想继续旅行，想悠闲地做自己喜欢的事。总感觉要是察觉到什么，我自由的旅行就会结束” “愿我今后依然只是一介旅人。”,neutral,bangumi,魔女之旅
“邓超 out”（跪地抱头痛哭）“oh baby我那么信任你”,neutral,bilibili,四月是你的谎言
看番历年来的top3。在核心主角塑造鲜明，带给人感染的同时，做到了很好的群像。无论是竞争对手的麦昆，还是单篇悲情米浴的故事，乃至“杂鱼”的双涡轮。791012我个人认为都是神集，后面简直是神集批发。整体作品的扬抑做的很好，开局无败二冠，受伤，付出战麦昆，接米浴，双涡轮，最后有马简直完美的节奏。甚至百合都有美味的11集可以吃，太过完美。12集最后ed互换歌唱的人更加是神。帝王的经历确实是天生该写出来做故事，唯一的遗憾是日本杯没做，多个1集或许会更好。依然满分。,positive,bangumi,赛马娘 Pretty Derby 第二季
咋说话呢蜜伊多多少少也得烧掉了梅普露20滴血吧，虽然一堆hp1更让人绝望。,negative,bilibili,因为太怕痛就全点防御力了
na，nanananananana,positive,bangumi,新世纪福音战士剧场版 Air/真心为你
666还有k友,positive,bilibili,少女乐队的呐喊
一种back to the future。人长得太大就会想变回小孩，而过去与回忆往往被修饰得过于美好。静止的夕阳太美丽了，迎接黑夜和新的白天需要勇气与陪伴。,neutral,bangumi,蜡笔小新：大人王国的反击
"我有祥子和睦是双胞胎姐妹的证据，图片可以看我的动态。
ether开头的星座，水瓶座被修改的部分是一半的摩羯座。",positive,bilibili,颂乐人偶
nenene,neutral,bilibili,比宇宙更远的地方
我怎么看每个w ，l 和p的数值都不一样,positive,bilibili,Angels of Death
一定会成为喜欢扭曲关系型的长颈鹿不能不品的传世之作，不磕CP也能看得很爽。算上早期的二创环境并且切割mujica的情况下，我愿称之为神作。,positive,bangumi,mygo
cowbooooooooooy,positive,bangumi,星际牛仔
回复 dhhhhe 嘛，红和黑如果想的话也可以女体化就是了（萌王：打咩）,positive,bilibili,关于我转生变成史莱姆这档事 第二季
睦：ber我不知道台词啊,positive,bilibili,颂乐人偶
1A救5A,positive,bilibili,JOJO的奇妙冒险 石之海
潘朵拉很萌的，你们不要黑他，然而是个中二。他可以变成任意至尊和NPC，并且保留百分之八十的实力。在智商上的设定也是大坟墓里最高的，然而是个中二。抛开雅儿贝德的妹妹那个BUG。潘朵拉可以说是整个坟墓里SOLO战力最强，智力最高，安子可是把他当作最后王牌的，然而是个中二。,positive,bilibili,OVERLORD
木村贵宏到底有没有把clamp的人设描歪，这就仁者见仁了,positive,bangumi,Code Geass 反叛的鲁路修R2
成为图书管理员的话，你可能会遇见另一个“Sakura”请吃红小豆吧！吃包,positive,bilibili,青春猪头少年不会梦到兔女郎学姐
fbk,neutral,bilibili,比宇宙更远的地方
买了fo冷,negative,bilibili,四月是你的谎言
202325一刷20251015二刷。山田尚子是神，要问利兹与青鸟的魅力，大概就是我一直都没有换掉希美与霙的手机封面吧。动画擅长用一些细节来刻画角色的情感，紧张时通过抚摸头发来缓解自己的心情，脚步声的不同反映角色心境的变化，角色腿部的镜头来体现此刻对话的各自的感情，配乐的起伏也表明铠冢霙与伞木希美两人之间的距离逐渐拉近。利兹与青鸟的故事不仅出现在童话书中，也出现在现实当中，通过乐章的形式映射现实里铠冢霙与伞木希美该如何回应彼此的感情，两位女主角细腻且深刻的对话让我完全沉浸在剧情当中。“我喜欢希美的笑声，喜欢希美说话的方式，喜欢希美的脚步声，喜欢希美的头发，喜欢希美的希美的全部。”“我喜欢霙的双簧管。”当那句“Happy Ice Cream！”说出时，让我不禁感慨女孩子之间的友谊真是美好呀！,positive,bangumi,莉兹与青鸟
wc 大晚上真的被吓死,negative,bilibili,异度侵入 ID:INVADED
这cv表，awsl,neutral,bilibili,比宇宙更远的地方
PTSD？,neutral,bilibili,四月是你的谎言
pro啊,negative,bilibili,比宇宙更远的地方
soyo在池袋 486在横滨,negative,bilibili,少女乐队的呐喊
初华：无所谓，mujica没解散就ok,neutral,bilibili,颂乐人偶
chuuye,neutral,bilibili,葬送的芙莉莲
回复 Annie粥 现在这个也是猪头帝了，但是是二代啊，感觉大部分人都认错了,positive,bilibili,关于我转生变成史莱姆这档事 转生史莱姆日记
黑发，jk，紫瞳！你是？,negative,bilibili,少女乐队的呐喊
kiss？那个5A面板？,neutral,bilibili,异度侵入 ID:INVADED
回复 Yqmqy 哪卷，17还是18,negative,bilibili,Re：从零开始的异世界生活 新编集版
虽然有些桥段有点意义不明，但总有很多让人感动的瞬间。人物塑造也是真的强大，虽然确实不喜欢眼睛麻花妹这类xp。另外歌都极其经典，ED一直算是最喜欢的anisong。可能唯一的问题是台词过于脱线导致不知道在做什么，另外动不动蹦出来的性暗示也有点过了。,positive,bangumi,化物语
75 世界上最悲伤的事情之一就是你想趁着讨论的狂潮也来插一脚的时候便从前方传来了烂尾的噩耗作为连接上城与下城最为重要的角色vi的塑造亮点不足。更致命的是作为武力派角色居然没有战斗力导致她也没有靠蛮力强行破局的能力，沦为了一个优柔寡断、戏份很多的沙包角色。所幸是杰斯塑造得十分出色，撑起了整部作品的观感。PS 金克斯纯巨婴不予置评,neutral,bangumi,英雄联盟：双城之战
【6510】仁菜那股子冲动鲁莽却又激情万丈的精神成为了全篇的最大内核，能否认同并欣赏仁菜对各种现实问题与矫揉造作进行横冲直闯是观看这部作品的一个门槛，从这点上看本作偏向理想与浪漫主义，如果对现实过分在意就会陷入无法进入心流的状态，我初看是也是如此，但在二刷后我坦然地进入了仁菜的节奏，跟着她一起闷头向前，此时的观看体验非常出彩，不仅仅是耗费心血的3d制作在视觉上与演出一同呈现了视觉盛宴，live歌曲更是在悦耳的基础上充分调动起了我渴望观看下去的欲望，但我实在是没想到这个结尾竟然如此糟糕以至于毁了我前面的所累积下来的激情，一方面是这个结局过分潦草轻率，粗暴把坑全填了之后留下第二季的预告这是很搞人心态的，而这结局的内核一反浪漫主义的美好，用现实迎头重击了主角团，后续的回旋让我看到精神全无，说到底gbc也算不上纯正的摇滚动画，但摇滚味被这结局一扫而空了,neutral,bangumi,girls band cry
486 YYDS,neutral,bilibili,少女乐队的呐喊
QQ弹弹的486,negative,bilibili,少女乐队的呐喊
486！o,neutral,bilibili,少女乐队的呐喊
回复 LetmeC丶 切绘不是认不出小埋吗,negative,bilibili,干物妹！小埋
想到Ksm了,neutral,bilibili,四月是你的谎言
我觉得番剧的评价是要考虑其续作情况的，没出续作前应谨慎评分；如果Mujica没那么烂的话，81还能理解，关键就是Mujica烂完了，仅看MyGO的话故事不算很完整，因此我只能给到7分；不过go的二创是我感觉还蛮有意思的，大家都挺能整活，内容产出是真的丰富,neutral,bangumi,mygo
这莫非CK邮局,negative,bilibili,魔女之旅
回复 丨foolish丨 说好不提的啊,negative,bilibili,OVERLORD
mujica go！！！！！,neutral,bilibili,颂乐人偶
看到结局时大脑一片空白，再看也只有极度的窒息感，为卡缪感到悲伤却也只能挤出几滴绝望的眼泪。卡缪，一个温柔，正义的男孩，本该与战争无缘，在时代的压迫下登上了亚加玛号，冠以NT之称担负杀人的责任，在无数战争和失去磨去了内心的棱角。战斗的洗练并未催熟卡缪的人格，强大的NT能力却使他听到了无数死亡的悲鸣；他期望通过NT获得理解，却发现立场这座大山驱使恋人、战友走向与自己的理想不同的道路，阻隔了心灵，使他失去着，孤独着。最终，哈曼撤退，西罗克战死，卡缪疯狂，奥古多少熟悉的面孔化为星际尘埃，乱麻般的战争在最后的炮声也停止后也并未给哪一方带来什么，只有卡缪眼中的蓝色的流星能使他真正从残酷与折磨中解脱出来；而我看到的，只有一滴时代的眼泪，流过血染的宇宙流过蔚蓝的地球，流过冰冷的MS，流过没有因卡缪的疯狂而改变丝毫、从未停止战争的历史,positive,bangumi,机动战士Z高达
"光头再一次和自己和解，倒a中有很多和光头最初的作品0079相对应或者相反的情节设计，借由此高达从一个宏观叙事的长篇大作变成一个更加注重每个角色情感和心理变化的作品。倒a的优点在于将高达变成一个表达工具，高达是角色情感和思想的表达载体而不是单纯的调动观众观看热情的木偶，不管怎么说这部作品是光头和观众与高达这部作品的双向和解
倒a中三赖子的机体动画令人折服",positive,bangumi,∀高达
不愧是你，猫b0t,positive,bilibili,四月是你的谎言
感觉不如一季  后面几集有用重口填补想象力不足之嫌  结尾so hurt,negative,bangumi,瑞克和莫蒂 第二季
不灭钻石，星尘斗士，这个反派乐队沾上这两个名字真是“Great”,negative,bilibili,少女乐队的呐喊
dering,neutral,bilibili,比宇宙更远的地方
"水星领航员 第三季
剧情（权重05：85
画面（权重02：8
音乐（权重02：8
题材（权重01：75
加权总分：82
bgm评分：8（83575",positive,bangumi,水星领航员 第三季
大半夜的，40个人一起来n刷吃冰吗,negative,bilibili,少女乐队的呐喊
SOI啊你是,neutral,bilibili,少女乐队的呐喊
回复 Shiori栞 b漫看不到，你可以去其他地方搜搜看,negative,bilibili,某科学的超电磁炮T
回复 熊嗨嗨乐 说是有后续在单行本 但是JM没有发现qwq,negative,bilibili,总之就是非常可爱 第二季
Realy dance的魔鬼,neutral,bilibili,比宇宙更远的地方
时隔多年再来补这个剧场版，看完之后给我的感觉就是，太神了。魔圆本身就有着很多设计的非常牛逼的设定，这个剧场版作为tv版的后续，真的是非常的优秀。制作方面不用说，就是天花板级别的，那些魔女的场面还有枪斗术，简直就是在烧钱。还有电影无时不刻的细节展现和比较隐晦和抽象的演出已经让这部作品注定不凡。剧情也是强到离谱，对魔圆这些设定的运用非常的好，情节跌宕起伏到可怕，同时也维持着其中的合理，真的是给我看爽了，从枪斗术开始就一直在惊叹。比较有意思的是，本作的百合浓度又更上一层楼了，红蓝cp的糖还是非常不错，而且圆焰已经到达可怕的地步了。总的来说，各方面都太神了，不禁让我感慨shaft还是太牛逼了吗。我现在就要看魔女的回天，快点出吧，我求你了（）,positive,bangumi,剧场版 魔法少女小圆 [新篇] 叛逆的物语
Cost off,neutral,bilibili,少女乐队的呐喊
0人提到了cp弹幕在88啥乐不乐,negative,bilibili,鬼灭之刃 柱训练篇
Yes yes yes yes,neutral,bilibili,魔女之旅
这段gif爱音就还是狠狠踢啊！,neutral,bilibili,颂乐人偶
F104“星战士”旱地拔葱 belike：,negative,bilibili,魔女之旅
OoO,neutral,bilibili,Angels of Death
好喜欢鸣女这句恕我拒绝ovo,positive,bilibili,鬼灭之刃 刀匠村篇
好作品，比起mygo来说更擅长用动作来表达人物思想，花田魔法确实是存在的，空之箱是遍体鳞伤的少女拼尽全力的嘶吼，空白与宣泄是少女们齐心协力向世界释放出的呐喊，cry从不是哭泣之意，而是呐喊之意，不想多说，也无需多说了,positive,bangumi,girls band cry
电波作，披着成熟外衣的小孩做的一个躁动、狂热、无所不能的梦，看完像被Raharu用吉他揍了一顿。以及好爽的作画，好爽的配乐。,positive,bangumi,FLCL
Mark 一下824看,negative,bangumi,机动警察剧场版2 和平保卫战
boing！！！,neutral,bilibili,比宇宙更远的地方
man，曼巴out,positive,bilibili,Angels of Death
03202024 C,negative,bangumi,进击的巨人 第三季
确实是UC集大成之作，两个小时的浓郁富野风格，把高达想表达的东西重新展示了一遍，制作倒是更上一层楼，然而其缺点也越发明显 台词尽管在作品外广为传颂以至于相当一部分都耳熟能详，但放在剧情中大多时候只是让人不明所以，其可解读性固然让本作在作品以外的生命力长盛不衰，但起码对我而言更多是笔力不逮而不是刻意设计的微言大义 情节上葵司的悲剧也不过是又一个强化人，至于哈萨维的傻逼情节更是让观感雪上加霜 至于人类的希望云云，过于荒谬的表现形式和空泛的表达也是无法打动我 总体来说不得不说UC世界观的确有其魅力，也奠定了日后高达故事的范本，但是单作为作品来看待不足之处也是比比皆是 大众的喜爱有其道理，但比起质量更多感觉还是情怀吧,neutral,bangumi,机动战士高达 逆袭的夏亚
大哥TAT,negative,bilibili,鬼灭之刃 柱训练篇
獻給所有One Piece粉絲的來信，願所有小小的勇氣都能開花結果。,positive,bangumi,航海王：粉丝来信
wc486！,neutral,bilibili,魔女之旅
相比前作tv，叙事密度有所降低的同时还少了很多扭曲要素，但画面质量和演出效果更上一层楼，且多了“人生如旷野，处处皆舞台，不断驰骋，奔赴群星”的主旨表达。在我看来，其实tv的故事本身已经很完整了，剧场版反而给我一种重复表达和强行续写的“画蛇添足”感，比起“续集”更接近“总集”，那我要开始发癫输出暴论了：或许Mujica那种毫无逻辑的“爆”要比本作这种“车轱辘话来回说”的“了无生趣”更高级，不过归根结底还是任性又贪婪的观众坏事做尽，“这都是你们的错哦”虽然上述种种问题仍然客观存在，但在“狂野荧幕巴洛克”的猛烈攻势之下，我还是决定擅自投降并单方面宣布与我自己的偏执和解了，上面的暴论就当作我的疯言疯语看一乐吧，毕竟我也要开始着手寻找下一个舞台了，我会令大家星光闪耀的,neutral,bangumi,剧场版 少女☆歌剧 Revue Starlight
听不腻的滑滑蛋，看不够的蓝白碗（bushi）音乐好听日常舒服画风可爱那还说啥了，9分给你就完了呗,positive,bangumi,轻音少女 第二季
Herethe world,neutral,bilibili,少女乐队的呐喊
我倒是提出了另一种可能：老头子甚至有可能是想帮婆婆完成“夙愿”才把她的名字也刻上去的，毕竟老婆婆也说了，她曾经想suicide但是没有勇气,positive,bilibili,虚构推理 第二季
回复 该用户装X 草 这波是dna紊乱,negative,bilibili,堀与宫村
我去 chuuya的配音！！！,negative,bilibili,葬送的芙莉莲
Saber瞳孔立正,neutral,bilibili,魔女之旅
高分 但是完全get不到 6星,neutral,bangumi,3月的狮子
ba！   ka！,neutral,bilibili,少女乐队的呐喊
回复 LLLLISU 其实你把无惨的话当成是对妓夫太郎说的就合理了起来,negative,bilibili,鬼灭之刃 游郭篇
我在看些什么啊，这是ai剧本吗，好莫名其妙啊，我感觉少了些什么,positive,bilibili,颂乐人偶
好狠的一招心疼QvQ,negative,bilibili,Angels of Death
回复 kristenG ！在哪里,negative,bilibili,路人超能100 III(灵能百分百 第三季)
ywz,neutral,bilibili,四月是你的谎言
ding,neutral,bilibili,少女乐队的呐喊
"跟着re视频重温。银英的着力点，还是在对不同时期、地区历史的提取化用，对出场各方人与事的共同讽刺。于字里行间陈古刺今、笔削褒贬、臧否人物。同僚间的促膝长谈，长对幼的谆谆教诲，意见相左者的唇枪舌剑，台词各有分说，符合人物的性格思维本身。有挥斥方遒的气魄，更重在浪漫、理想的光辉。因而它更合适的描述，是一个讽喻故事加上些许科幻、历史小说和戏剧的质感。这等辛辣与浪漫交织的风味，个人感觉迄今都在与它同类型的作品中足够突出。
此外还有一些可能独属于这部番的卓越之处：这是否为全世界改编完成度、统一性最高的太空科幻小说改影视剧？全程古典乐配乐，片段达800首以上，使用量是否可能为全世界单部动画中的最高纪录？『不落的黄金狮子旗』进不去，星之大海俱乐部还在。有些可惜，这些旧论坛，原本能提供一道窗口，让我们瞥见曾经国内银英爱好者们的那些讨论和二创，热情燃烧过的余烬",positive,bangumi,银河英雄传说
THORA,negative,bangumi,天空之城
对于大多数动画而言，剧情是其最主要的组成成分，其他元素都是围绕着剧情旋转的卫星罢了。然而FLCL却极端地弱化了剧情，只为突出剧情之外的主旨以及画面的表现力，确实可以称得上“意识流”了。喜欢ed,neutral,bangumi,FLCL
难不成mmk家也欠了168亿？,negative,bilibili,少女乐队的呐喊
“你这家伙满脑子都是soyorin呢”指爱音,neutral,bilibili,颂乐人偶
f人和t人的区别,negative,bilibili,四月是你的谎言
sodayou,neutral,bilibili,比宇宙更远的地方
开EVA,neutral,bilibili,颂乐人偶
"这时又有一个问题来了，为什么明明装备了主动减摇设备，但女主团还是被晃得七荤八素的呢？
答案也是显而易见的：只靠减摇水舱自己运转，实在是独木难支。

就目前的船舶减摇科技而言，最为先进的一种减摇手段就是所谓的“舱鳍联合减摇法”，通过减摇鳍和减摇水舱的联合调度，来实现减摇能力的最大化，并且可以显著减小减摇鳍的面积。
减摇鳍，减摇水舱，二者双剑合璧才能达到最佳的减摇效果但是白濑号上少了减摇鳍，所以减摇效果自然就大打折扣了。
再加上白濑号二代目由于经费限制，吨位被限制在12650吨（满载排水量22000吨），这样的吨位面对咆哮西风带的巨浪确实是有点寒酸，这也加大了船舶摇晃的幅度。
此外，还有最重要的一条：普通的船只为了减少横摇，都会把船只的下半部分塑造成尖且长的形态，但是白濑号为了保证其破冰效能，不得已将船底设计成了短且圆的形态，这就使得它在风浪中的稳定性会更进一步降低，也就难怪会把女主团摇得一魂出窍二魂升天了。
在这里，我也顺道贴一下减摇水舱的简介：
虽然减摇鳍是一种效果很好的主动式减摇装置，但当船舶在低航速或零航速时，就不能有效地减摇，这是减摇鳍的一个致命缺点。对于那些经常工作于低航速或零航速的船舶来说，减摇鳍就不适用了。另外减摇鳍结构复杂，制造成本高，对某些船舶来说，减摇鳍占船舶总造价过大。而减摇水舱结构简单，成本低廉，可靠性高，更为重要的是减摇水舱在各种航速下均能有效减摇，也就是说减摇效果与航速无关，因而被不少船舶应用。但是减摇水舱体积大，占用的舱室容积较大，减摇效果不如减摇鳍，故适用于有较大空间的船舶。关于减摇水舱的研究可以追溯到1860年，但直到1911年德国人佛拉姆才成功提出了被动式U型减摇水舱，现在它已成为船舶的基本减摇装置之一。减摇水舱从原理上可分为被动式减摇水舱、主动式减摇水舱和可控被动式减摇水舱三种。",positive,bilibili,比宇宙更远的地方
我是prg,neutral,bilibili,四月是你的谎言
oioioi这里结合一下作品标题，你们可以想象一下,neutral,bilibili,四月是你的谎言
I am atomic幻视感,negative,bilibili,魔女之旅
beng一下笑了,positive,bilibili,鬼灭之刃 刀匠村篇
yosuka,neutral,bilibili,比宇宙更远的地方
别拿大哥刀我q w q,neutral,bilibili,鬼灭之刃 柱训练篇
多少有点被cpu了,neutral,bilibili,四月是你的谎言
芬达做旧部门的日常be like,neutral,bilibili,少女乐队的呐喊
怪不得我头发不到两天就出油，md,negative,bilibili,工作细胞 第二季
回复 FFF团团长须川亮 wa aaaaaaaaaaaa kimiwa,negative,bilibili,虚构推理
一直听说mygo很闹麻 全篇看完感觉最后不也包饺子了 应该不会往下看了 对少女乐队没太大兴趣 但mygo的3d镜头运用确实有一手,neutral,bangumi,mygo
感觉能打过这个s级世界的也就慎勇这种过分慎重和拥有无限sl大法的玩家了，坑多得就是一iwanna啊可恶！,neutral,bilibili,这个勇者明明超强却过分慎重
只有soyo，直接与saki对决（）,negative,bilibili,颂乐人偶
Im Iron Man响指,negative,bilibili,魔女之旅
第一次看到老爸没有在吃东西awa,positive,bilibili,魔女之旅
回复 yukino 但是经历太多了，又是被波稻埋伏又是被狙，然后打团还去了医院,negative,bilibili,夏日重现
youmei na zizi gei,negative,bangumi,数码宝贝大冒险
回复 the11221 打破几天前的零回复惨案,negative,bilibili,间谍过家家 第二季 中配版
jinx果然疯了。或许她一开始就不知道自己想要的是什么，究竟是一块三明治，抑或是毁灭城市的宝石87,positive,bangumi,英雄联盟：双城之战
第二季出了踢我wwwww,positive,bangumi,魔女之旅
怎么哪里都有原，WC又歪莫娜了,negative,bilibili,魔女之旅
eeeeee,neutral,bilibili,魔女之旅
woo,neutral,bilibili,四月是你的谎言
8yO,neutral,bilibili,Angels of Death
我在等CD，你在等什么,negative,bilibili,魔女之旅
麻婆本来就是个恶人，只能从别人的痛苦中获得快乐，被二闪这么一煽动本性觉醒了为什么C闪和二闪差这么多，我直到现在不知道的到底是该喜欢他还是讨厌他，只能把C闪二闪当成两个不同人看待Cat2Boom,negative,bilibili,Fate/Zero 第一季
ras！ras！ras！,neutral,bilibili,颂乐人偶
妖怪你不能去找玲子嗎qaq,neutral,bilibili,夏目友人帐 第七季
叫afterglow,neutral,bilibili,少女乐队的呐喊
mj,neutral,bilibili,转生成蜘蛛又怎样！
三个卡拉米，算是后面剧情几笔带过的NPC，有特写,positive,bilibili,葬送的芙莉莲
回复 Mr丶绅士  啊这，问个问题不是很正常吗，而且连看个动漫还要分圈内圈外吗66,negative,bilibili,咒术回战 第二季
可能只是想和祥子再组乐队，比起mujica 明显C团才是承载欢乐回忆的一方，所以才说C团而不是mujica,negative,bilibili,颂乐人偶
kumiko！我知道是你！！！,negative,bilibili,魔女之旅
当学霸和你讨论题目的做法belike,positive,bilibili,关于我转生变成史莱姆这档事 第三季
初恋的感jiao,positive,bilibili,四月是你的谎言
简称：Bug,neutral,bilibili,约会大作战 第四季
回复 54Fivefour 能活过25已经是大佬了；；,positive,bilibili,小林家的龙女仆
回复 赤瞳Ghost 170话架着战损善逸又出来了，所以村田是有多强,negative,bilibili,鬼灭之刃
大喵还问了初华的意见，祥子也摇头，都知道初华那边还有Sumimi，但她自己还是摘了啊,negative,bilibili,颂乐人偶
"一路追过来的，每周五晚11点半开始在直播间找生肉看，看完生肉b站会有人传机翻再看，第二天早上陆续会有熟肉再看，周六晚上再看泛式的全切直播以及切片，基本每集我都要看五遍以上。追番过程中我基本把pv，访谈，官号发的视频以及23年就出过的歌都翻个遍。我与等番完结再一次看完的人感受自然是不同的，所以，对我们来说，即便是定义相同的东西，意义也一定是不同的。尽管GBC在国内的热度很高，我也不觉得自己能找到几个真正志同道合的理解者，但我会给 GBC 9分。
说回动画，我很欣赏nina，与其说我想成为nina不如说我想有一个nina这样的同伴，说到这我必须再借用一次XPJbox老师的话书中的主角是读者在家阅读而一起去世界探险的伙伴，所以主角要个性鲜明。",positive,bangumi,girls band cry
UBW就是红A宝具无限剑制的意思,positive,bilibili,Fate/stay night [Unlimited Blade Works] 第一季
瓦达西瓦NO1哒，卡卡罗特！,neutral,bilibili,四月是你的谎言
要参加未确认TOP吗,neutral,bilibili,少女乐队的呐喊
回复 大聪明5656 优美子还是ok的,neutral,bilibili,我的青春恋爱物语果然有问题。
回复 暗影猎手ShadowHunter JOJO都是智斗,negative,bilibili,JOJO的奇妙冒险 石之海
开篇小天使Kitty Kitten登场时我还美呢，结果还没反应过来就掉头了，果然是开胃小菜。最终伊迪的能量解放并没有毁掉整个宇宙，所谓的全灭结局实际上只是毁掉了几颗行星？至少多摩星和土星都留下来了。裸飘因果地平的实景镜头，没有比这更震撼的了,negative,bangumi,传说巨神伊迪安 发动篇
罗马音r发l音,negative,bilibili,比宇宙更远的地方
awww好温柔,positive,bilibili,葬送的芙莉莲
"攻壳的这些动画性质上虽是“漫改”，但也可以算原创番。世界观背景，情节，人物的形象，主题，每版都会走向不同方向。甚至同个版本的前后续集，也会有不同主题和叙事的尝试，去涉足社会学、传播学、政治学、古典哲学等不同领域。求新求变，有广有深。意外的是这样大刀阔斧的改编，质量不减反增。被认为最佳的剧场版和SAC，都在其出品时代是高投入的制作，有对新技术的实验。或许再不会有这么独特的“漫改系列”动画了。
神山起手就做出SAC，离不开脚本团队里其他人的协调补正。第一季全26集有24集是他人脚本，笑面男事件的主线多由佐藤大和樱井编写。全脚本团队共同的协力成就了这个系列。神山在2045的访谈中也感慨，再要聚起当年那样的智囊团太难了。
 重温时依然能感觉到几乎每一集的高信息密度和高叙事效率。第一集看似寻常的单元回，其实已经在仅一集时长内完成可能需要两三集的任务。",positive,bangumi,攻壳机动队 STAND ALONE COMPLEX
上面架子写了kadokawa,negative,bilibili,比宇宙更远的地方
bilbil干杯！,neutral,bilibili,中二病也要谈恋爱！
2025年7月18日已经到达oy,negative,bilibili,间谍过家家 第二季 中配版
理解作品就是寻找“他好看在哪”的过程，从这个角度出发，本作的确需要一些阅历才能看懂。剧情本身很直白，但吐槽写起来有点复杂，详见日志,neutral,bangumi,新世纪福音战士
reset 开端   循环,negative,bilibili,约会大作战 第四季
回复 icewolf00  斗子哥来改申鹤的卷子了,negative,bilibili,间谍过家家 中配版
茄子：WDNMD,negative,bilibili,埃罗芒阿老师
"回复 身心健全 UBW本来就是在讲你觉得是真货那就是真货的故事，士郎的扭曲通过原作的细节已经被说明的很明显了，每次跟别人触及到理想的话题时都像被揭开伤疤一样疼，fate线在地下室跟麻婆的一谈作为展现士郎内心的铺垫我觉得很好。而fsn整个本身就是再讲卫宫士郎的从开幕到结局，从背负理想到常人的救赎的故事。如果是这些地方觉得矛盾的话，那我就把我的话收回。〜〜
对TV的改动，主要是为了适应它的节奏，改动的话并不能成为说明原作优劣主要原因。细节问题我觉得处理的很好（多余的意见我先保留）",positive,bilibili,Fate/stay night [Unlimited Blade Works] 第一季
666前面的空中f1都来了,neutral,bilibili,魔女之旅
世界上最孤独的STEAM玩家,positive,bilibili,比宇宙更远的地方
8。补标，不考虑导演背后的事情，北海传的确是我三做的最好的一季，对书的内容删减修改其实还说的过去，还记得当年疫情被困在老家没wifi用着每个月只有1g的流量看完的,positive,bangumi,我的三体 章北海传
hina只是想要教Nina理性圆滑处事，nina的正直不是错的，但是会伤害到自己,positive,bilibili,少女乐队的呐喊
Mc里面的悦灵（）,neutral,bilibili,约会大作战 第四季
呈上白赤的粮：av30208029，（然后我就被T细胞干掉了）,negative,bilibili,工作细胞
"用整部Q的一个半小时，外加终的前45分钟，来写真嗣的无能无望无理无情无意义，宁愿毁掉所有其他角色的塑造也在所不惜，庵野秀明实在是有些过分把自己的宝贝男主角爱护有加了。
明日香很帅很清醒，虽然为了上文所述的原因被迫保留了一些对真嗣莫名其妙的多余责任感和剧情上不得不说的一些突兀的话，但总体来说，担任了终里最让人舒适的角色（有些观众只在乎把她和男主角拉郎配，对此我只能竖起中指）。
美里同理但没能得到类似明日香的在剧情设计上的尊重。
律子这个曾经无比有深度和厚度的角色直接被一巴掌拍平。
绫波丽比律子好一点但不多。
渚薰比绫波丽再糟一点。
源堂变成了一个无聊且失去逼格的纯反派。
玛丽真理这个新角色纯属为真嗣服务的鸡肋工具人。
结果从始至终，从20年前到20年后，唯一得到善待的角色，有且只有加持良治。
最后的总结：庵野秀明老了20多岁，结果返老还童成了个幼稚鬼",neutral,bangumi,新・福音战士剧场版：终
回复 1968ledzeppelin,negative,bilibili,间谍过家家 粤配版
先学的打篮球，先看的NBA，后面15年左右才补的，实在看不下去。动画是好动画。,neutral,bangumi,灌篮高手
还什么神作完全就是史上最大cjb 一群圣母讽刺这个讽刺那个总结还是战争下的最终幻想 放异世界厕纸里也是路边 集集都搞什么圣母心，原谅反派？既然如此那你一开始的目的是什么？背离片名谈现实有趣 要么扭曲事实听信谗言还得主角去救结果谢谢都不说就和主角一起合作然后就结束了丝毫不反思自己为什么会被抓人家凭什么救你呢，写出这种团结正面的内容去感动自己吗。反正有鸭子的基本都跳过看下去的只能说不是一般的仙人，要么就要多CS有多CS，受害的一方最后还得无条件原谅就和解了，没了结束了，这样的剧情你想要什么内涵？每个人设都有降智和CS的点，圣母只是其中一点，而且是占比最多的。除了年代久远还有什么？这都要被吹过那一只羊两头熊过个100年也成古物了 多看点好的吧。。。,negative,bangumi,猫和老鼠
回复 FFF团咸鱼x1 又到了乔尼被CUE的日常,neutral,bilibili,JOJO的奇妙冒险
记得是高考刚结束看的 一开始因为是3d有些反感 后面越看越喜欢w 技术力太强了东映！人设很不错 声优的表演更是惊艳小孩姐tql。期待剧场版！能不能有第二季啊TT,positive,bangumi,girls band cry
回复 卡卡妹妹的迷雾菌推倒动画预计不会做，但是看漫画的时候激动的我一xxQAQ，期待最后两集来个给力的结局,positive,bilibili,小林家的龙女仆
唉，过了该看的年纪，16岁之前长篇热血日漫妖尾家教hunter什么的都能看下去,negative,bangumi,钢之炼金术师 FULLMETAL ALCHEMIST
最强职阶作者  author,neutral,bilibili,Fate/stay night [Unlimited Blade Works] 第一季
欲言又止的朦胧青涩心理小品，不得不品。Ep6 Part A呈现老师三人行的纠葛，Part B结尾真田将自己对理华小姐的意义，置换为山田对自己的意义，而后经由山田的哭泣表白再次确认自己的决心，真是巧妙而细腻的设计啊Ep2324竹本寻找自我后“远行是为了体会回归的温暖”桥段很优秀,neutral,bangumi,蜂蜜与四叶草
"上初中看的时候不知道为什么差点睡过去，导致印象里对这片评价一直一般。
前几年跟nzh在放映回重温意外发现还不错，内容以12集的篇幅来说已经是相当尽力了，想象了一下如果是实时追番观看体验应该还能更上一层。",positive,bangumi,魔法少女小圆
一年战争末期的外传，我觉得这才是最适合新人看的高达（bushi）。日升做的不错，不过还是有好几张面部崩坏的（算特色了）。,positive,bangumi,机动战士高达0080 口袋里的战争
仇恨集于一身，破坏世界再拯救一切这便是名为鲁路修传奇的一生，最喜欢的主角之一，深刻体会到了鲁殿的一切安排和布局再一次感觉到了伟大之处，好久没有看到主角如此孤独又承受了一切的压力，最后对妹妹终于知晓了哥哥安排的一切。枢木朱雀也被施加了名为永恒的假面这个，最后对朱雀释怀了，虽然对他有五味成杂说不清的感觉但是最后零之镇魂曲的实行一切回归了日常，cc又孤独的一个人，不仅是人们的愿望也是希望，鲁殿在最后的镇魂曲埋下了种子，zero和娜娜莉以及迈向未来，荣耀尽属鲁路修！！！,positive,bangumi,Code Geass 反叛的鲁路修R2
"回复 钱坤一 我觉得最后一句真说得很对，可以说是感同身受。每次重温日常的时候都是笑着玩的。
第一次玩的时候可以说是没有注意到，后来才发觉各种暗示和细节一个一个在我脑后没有注意到的地方出现的感觉觉得很意外
像是：
“原来这家伙还有这么有趣的地方啊”
“后面剧情的fubi在这啊在那啊”
“”
这样子的感想才让我觉得好的作品都应该是这样的

或许是我玩太漫不经心而错过了很多，
但还是觉得这种前后呼应的剧情的铺垫最棒了。人物对话之间的互动、日常和非日常的节奏的把握。这种氛围出来的角色才这么细腻，才显得不这么“硬”",positive,bilibili,Fate/stay night [Unlimited Blade Works] 第一季
回复 Colognetampo 只要不是无脑塔塔开现在都算深奥,neutral,bilibili,Fate/Zero 第一季
回复 Invictus4RS 已经绝版的sr,negative,bilibili,OVERLORD Ⅲ
这里有点evaq的感觉是咋回事（虽然有点ky,neutral,bilibili,mygo
Yd,neutral,bilibili,异度侵入 ID:INVADED
前段时间是38kg，不知道现在有没有长肉,neutral,bilibili,比宇宙更远的地方
从 TV 的末尾到发动篇的对比让人不禁怀疑 EVA 从 TV 到 EOE 是从这里学到的笔法。但是如果将两组作品对比来看其中的差异又是明显的。索罗船上的人们沦为宇宙中无人收留的的流亡者，但是伊迪已经为所有人预定了命运。地球人和巴夫克兰人在伊迪的操纵下不可避免地相互残杀，所有人接连迎来无意义地死亡，并且最终到达了末日然后重生。这样的叙事中不难看到原罪论的痕迹。在 quam pulchra est vita 和 orbis est vita adque mors 的唱词中，这一切似乎完全沦为了宗教文本。在科幻的外皮下，我们看不到任何现代性。,positive,bangumi,传说巨神伊迪安 发动篇
大约20w一个人 比较差的团 豪的无上限,negative,bilibili,比宇宙更远的地方
我，想， 想要sakiko摔倒的那块砖。。,negative,bilibili,mygo
回复 Leozodiart  其实只有盾是找对了，在后面圣武器精灵对话里说过，四圣里只有盾一直都是最佳人选。,negative,bilibili,盾之勇者成名录 第三季
666这个天元还是个S来的,negative,bilibili,鬼灭之刃 柱训练篇
（初中补标）《数码暴龙》第一季是我初中时期（不包括初三暑假）看的最后一部动画，这部动画和《血族Bloodline》漫画陪伴我度过了初三的最后两个月,positive,bangumi,数码宝贝大冒险
91，最接近EVA的新EVA，热血，表现有张力，极其优秀。,positive,bangumi,福音战士新剧场版：破
"孩子对父亲说：”您送我去读书是为了什么？“
父亲答：“我让你读书，就是为了在看1080P京紫的时候，由衷地感叹‘光影灵动细腻，碧水波光粼粼’，而不是说：",positive,bilibili,紫罗兰永恒花园
来了了llll,neutral,bilibili,四月是你的谎言
"12集副标题 Fluctuat nec mergitur 标题译名：风吹浪打，亦不沉没。
短语释义：被海浪拍打，但不会沉没。
字面含义：被海浪拍打，即使如此也不会被吞没。
这句拉丁短语是法国巴黎市的座右铭，通常被撰写在巴黎市盾徽的底部，用于描述巴黎市和巴黎市民不屈不挠的精神。

详细的历史沿革请见专栏：
另外临近完结，账号动态下正在征集mygomujica译制相关问题，欢迎提问哦",positive,bilibili,颂乐人偶
第一集的空之箱，第五集的视界一隅，腐朽之声，第十二集的命运之花，mmk和27的相互拯救，可爱的486与精彩的单人回，27与父亲和阳菜与钻尘的和解，27与mmk的坚持。gbc有如此多的优点，也存在虎头蛇尾，种种的缺点，但就像冰菓和古利特里所说，处于节能处于无聊的人，总是希望会有一个人，一个东西可以将他们从“无聊”中拯救。在24年已经对动画有些懈怠的我，在那个4月，gbc只用第一集就拯救了我，或许在冷静下来我可以说出它太多太多的缺点，但动画对一个人的意义所在，就在于那几个瞬间，所以在我这里gbc是永远的9分。,positive,bangumi,girls band cry
说实话其实并不能get到三体的魅力点，但本作作为同人作品而言无可指摘，称为标杆也不为过。在有限的制作里将表现力做到了最好，ep8的音乐演出非常震撼，核心人物的刻画到位，最终话对于人性的描写也非常棒，实在厉害,negative,bangumi,我的三体 章北海传
monkey，monkey，monkey！monkey！,neutral,bilibili,鬼灭之刃 游郭篇
”普通和理所当然是什么呢“，mygo的剧本真的很优秀，可以后面一地鸡毛 8,positive,bangumi,mygo
空气系动画难以逾越的高峰，有一个超可爱的op和一群超可爱的女孩子。中期观感是最好的，古灵精怪又可爱的此方和吐槽犀利又漂亮的小镜几乎一出场就能逗笑我。后期此方表妹和同学卖CP太刻意了，我对CP不感兴趣。此外，我确实觉得武本康弘负责的部分更好，山本宽的前四集有点无聊了。,positive,bangumi,幸运星
家人：详见《终结的炽天使》和《X之X》（doge,positive,bilibili,约会大作战 第四季
回复 坏孩子天空 写过jo4之后荒木自己也在反思命运究竟能不能被打破，于是就有了丧心病狂的5跟6,positive,bilibili,JOJO的奇妙冒险 石之海
回复 镜面Lelouch 那辛苦你了,negative,bilibili,OVERLORD Ⅱ
我还dub呢,neutral,bilibili,少女乐队的呐喊
回复 海瑟薇e 我要为绀青之拳说句话，绀青之拳最后传达出了“战争促进科技革新”的思想，当时的时代背景是新加坡高官发言“新加坡是很小的地方，一旦卷入战争新加坡就没了”（不是原话，但大概意思是这样的），然后柯南剧场版就拍了个关于新加坡的战争的故事，还是很耐人寻味的,positive,bilibili,名侦探柯南：万圣节的新娘
應該是要很focus才可以聽到心聲吧,negative,bilibili,间谍过家家 粤配版
Nagasaki,neutral,bilibili,比宇宙更远的地方
跑到这里都有COD玩家吗，55必须接了,negative,bilibili,少女乐队的呐喊
ghost不是不能和记忆一样上传备份吗 没搞懂。还是好 而且三部中最容易理解的了 看一次就差不多都懂了 最后还是什么问题都没解决的现实主义收尾,negative,bangumi,攻壳机动队 S.A.C. Solid State Society
回复 Tokkur 那是你太爱折纸大师了，对就是这样,positive,bilibili,约会大作战 第四季
ROUND ONE,neutral,bilibili,少女乐队的呐喊
bad ending,negative,bilibili,颂乐人偶
qb不说话,negative,bilibili,魔女之旅
回复 SilverCrow灬羞涩中再多一点也是不介意的,negative,bilibili,OVERLORD
margin,neutral,bilibili,比宇宙更远的地方
AT立场，开！,negative,bilibili,少女乐队的呐喊
后院起火JPG,neutral,bilibili,Fate/stay night [Unlimited Blade Works] 第一季
回复 neuro  是改造人,negative,bilibili,咒术回战 第二季
又想到了lv5吵架：呀呀呀呀呀呀呀呀,neutral,bilibili,魔女之旅
屑魔女daisuki,positive,bangumi,魔女之旅
bi u身,neutral,bilibili,间谍过家家 粤配版
Panzer vor！少女前进不择手段的前进,negative,bangumi,少女与战车 剧场版
回复 不忘研PuPrecure 这样啊,neutral,bilibili,剧场版 咒术回战 0
“我希望再活30年。我想看到大海淹没东京，NTV的电视塔成为孤岛。我想看到曼哈顿成为水下之城我对这一切感到兴奋。金钱和欲望，所有这一切将会走向崩溃，所有这一切将被绿色的杂草接管。”,positive,bangumi,风之谷
目前看过的最好的少女偶像乐队番，开局王炸非常吸睛，后续剧情也很新颖，不同于以往的治愈温馨励志的乐队番演绎，增加了很多矛盾纠葛的情节。一开始非常听不惯爱音和soyo的“夹子音”，听久了还觉得别有一番风味。剧情上印象最深刻的除了第八集的名场面，10集也是神回，非常感动的一集，灯皇单刷困难副本，太酷了。最后一集画风骤变，给母鸡卡开了个很好的头，留个悬念也是回味无穷呀,positive,bangumi,mygo
喵梦1v3,positive,bilibili,颂乐人偶
uuuuuuuu,neutral,bilibili,间谍过家家 粤配版
OUO,neutral,bilibili,少女乐队的呐喊
这还好，zack真正难受的地方是在出去后真的那些孩子，zack还是对他们太仁慈了可恶！！,negative,bilibili,Angels of Death
回复 DaisyGarnet 我记得是辉夜告诉给VIP，被柏木大魔王等VIP搞没了。,negative,bilibili,辉夜大小姐想让我告白～天才们的恋爱头脑战～
这是mio的cv吗,neutral,bilibili,比宇宙更远的地方
"不知道是不是短时间内看宫崎骏导致的审美疲劳，或是像看过漫画的人说的，改编得一般，这部确实感觉。。
战争的愚蠢，环境的保护，以善对万物，人不要太贪婪，不要过度「虐待」自然。
本性善，人物皆善。
大型移动物体，会拆成多个模块，画出传动的感觉。
这个王虫冲出来的音乐有点早期电子游戏的boss音乐，考虑到片子的时间，整个配乐还是时代感拉满了。
不过就算是女主，也有两次不顾大局，有点冲动的地方，可以发现，她是舍己的，但不是为了大局而舍别人的，粗看觉得矛盾，但其实更加立体了。
本来看着会不会是be，宫崎骏最后果然都会是he么。",neutral,bangumi,风之谷
这xx话确实是事实，但是它就不该这会对祥子说，更不该由喵梦说出来,negative,bilibili,颂乐人偶
0 o,negative,bilibili,夏目友人帐 第七季
我的想象力与创造力竟然是如此的匮乏，以至于在这场天马行空的视听盛宴面前，我只能丢人的放空自己脑中所有的思考逻辑，用直觉去感受这个说不清道不明的flcl。整整六集的极低又极高的信息密度，干脆利落却粘稠到不讲道理的剪辑分镜，浮在空中却挥之不去的背景叙事去的人造万字解析，flcl没有表达什么传递什么，flcl就是青春期这一混沌而狂野的概念的本身！虽然我私心觉得pixies的doolittle那种充满生机的混乱癫狂更加适合这个该死的ova，不过介于蜷守的人设与成长弧线我非常非常非常的喜欢，所以配乐上这点小小的不满造成的小小的扣分，我宣布可以被直接被大大的抵消了！,positive,bangumi,FLCL
回复 Mywife 1,negative,bilibili,辉夜大小姐想让我告白～天才们的恋爱头脑战～
EP1上来直接狂聊8分钟食物话题无敌了EP2日常番少有的刚看完立马就想再看一次EP16neta爽了EP17的ED无敌了,negative,bangumi,幸运星
除了caster全了,neutral,bilibili,Fate/Zero 第一季
去现场看live比这更燃！,negative,bilibili,颂乐人偶
AT立场展开,positive,bilibili,颂乐人偶
小忍的眼睛奇怪的像Ai,neutral,bilibili,鬼灭之刃 柱训练篇
L！R！S！S！G！,neutral,bilibili,少女乐队的呐喊
Tari Tari,neutral,bilibili,比宇宙更远的地方
回复 万野长寂 想出名呗，估计和和公司串通好了BanGDream多惠震惊,negative,bilibili,颂乐人偶
"ep1 五局三胜，体力的考验。
ep2 我越看越觉得这次决赛会输啊
ep10 一口气看完，团队的胜利！激动人心，热血沸腾！",positive,bangumi,排球少年 乌野高校 VS 白鸟泽学园高校
Pony,neutral,bilibili,比宇宙更远的地方
排位玩家精彩对局，丝滑大祥vs绝活素世,positive,bilibili,颂乐人偶
向朋友疯狂安利说了一堆突然意识到不对的我be like（,negative,bilibili,关于我转生变成史莱姆这档事 第三季
RPG,neutral,bilibili,比宇宙更远的地方
长得像性感手枪no4,positive,bilibili,JOJO的奇妙冒险 石之海
因为士郎投影出了红A的武器，凛已经在怀疑了。她之所以对士郎放心不下，也有很大原因是了解了红A的守护者经历片段，知道了他们两人是多么相似的人格，而红A的遭遇那么惨，所以无法放着不理。不然凛认为，士郎很可能重蹈覆辙。相应的，士郎睡不好也是因为梦里想红A，想红A的剑、身手，“我很中意，不行吗”这句也是对红A说的。不是因为Saber,positive,bilibili,Fate/stay night [Unlimited Blade Works] 第一季
TnT,neutral,bilibili,比宇宙更远的地方
mon3tr（幻视）,neutral,bilibili,魔女之旅
回复 306808995 怎么没有，自己看看小时好吧。uw和前几部完全不一样,negative,bilibili,刀剑神域 爱丽丝篇 异界战争
Please dont say youre lazy,negative,bilibili,比宇宙更远的地方
我伊蕾娜有一个梦想，木库哇『秧歌star』阿里马斯塔,positive,bilibili,魔女之旅
klnlnnn,neutral,bilibili,比宇宙更远的地方
回复 limitless无终 诶嘿,negative,bilibili,我们仍未知道那天所看见的花的名字。
保持了第一季的优点，作画和演出还有提升的同时日常回占比变少了；零不断成长心理更为成熟之后正篇也不再那么压抑了，总体来说观感提升了不少。除了整体质量，个别单元的演出发挥更为惊人，不管是ep30最后的独白，ep34炫技一般的分镜表演，还是ep40振聋发聩的意识流演出，无不让我反复咀嚼难以忘怀。新房对于文戏的把控实在太强，用简单有效又充满想象力的分镜，用强烈的色彩对比配合声优演出构建出一个又一个的高潮，让大段大段连续的独白迸发出难以想象的生命力。三狮第二季无愧为神作，是治愈系的天花板，是文戏演出的教科书。,positive,bangumi,3月的狮子 第二季
Woc，友利奈绪！,neutral,bilibili,魔女之旅
回复 CafeVD 在哪看（好奇）,neutral,bilibili,JOJO的奇妙冒险 星尘远征军
难得见到如此细致的作品。新房的作者性一如既往的强，各种色彩运用，镜头摆放都奇异而又妖艳。我不会说这种新房这种物语式的，充满各种意象与蒙太奇的风格是最适合这部作品的风格，但无疑它为整个故事的情感叙述添上了浓墨重彩而又十分重要的一笔。借由独特的美术风格，其饱满扎实的剧本得以完全展开。本作的故事线从始至终都呈现着两个字：真实。虽说设定全然算不上写实，无论是人设，故事线，还是感情线都真实的如同电影一般，实属难得。这些角色，剧情，无论笔墨多少，都有血有肉，触人心弦。本作的男主可以说是我最喜欢的男主之一了。ep112将他内心的彷徨，空虚，敏感纤细而又深沉地勾勒，而后渐渐改变，到结尾时，他依旧迷失却多了一份决心的形象才慢慢被赫然呈现在观众面前。细致而又奔放的作品。,positive,bangumi,3月的狮子
不是这都俩赛季了才有MVP结算吗（doge,negative,bilibili,鬼灭之刃 柱训练篇
chushng,neutral,bilibili,魔女之旅
椿：so？,neutral,bilibili,四月是你的谎言 粤配版
"考虑到TV版评论大部分部分在单集记录，就把大部分TV部分和旧剧场版的想法在这边写，其实说真的对于2025年才被公映dl下定决心看完本作的极度被动的自己，虽然观念层面不再同本作一样黏着，却因为自己很清楚自己希望的短时间内不可能实现而时不时厌世，一直以来自我厌恶的自己，Air部分的残酷性完全只是来自于整个过程中充斥的毁灭，不可实现与最后确实形式层面具有神圣的毁灭美感。毕竟不考虑其他观点，我当然要尊重角色的苦难，但是真心以及TV2526已经很直接体现了作品中几大核心角色并不是以某一个角色，某类人为存在，而只是真嗣眼中不同的社会角色的投影，自己的不同内核的交锋（17分钟到20分钟意识流每个角色表达的错位就很明显。）
相比之下，一切的形式从其存在，象征到意义在EVA中只是为什么它是艺术品，而伟大则在于深入，不加掩饰，投入情感地去探求自我",positive,bangumi,新世纪福音战士剧场版 Air/真心为你
"剧情：90演出：96音画：88人设：92深度：80加权评分：90
依旧是神作，不过剧情处理节奏没有tv版那样游刃有余。",positive,bangumi,剧场版 魔法少女小圆 [新篇] 叛逆的物语
basalka,neutral,bilibili,Fate/stay night [Unlimited Blade Works] 第一季
这是JO立啊！为什么你会！,positive,bilibili,比宇宙更远的地方
二次元三大错觉：看石头门懂物理、看春物懂社会、看CL懂人生。这个故事告诉我们，如果你的人生充满了废人、死人、植物人、绝症、难产、坠机以及数不清多少次的车祸，那真的只有超自然现象才能拯救你了，最想吐槽的是男主高中学历让才刚20出头的小渚怀孕，难产之后又顾影自怜哼哼唧唧地五年不管女儿，你跟我说这是父爱？？？ 几乎所有故事都是强行被喂进嘴的，而不是主动赋予，永远在依赖外部事件进行驱动，这样的方式真的能拍好日常吗？离「这就是人生」的评价远矣。对这样的叙述我不会共感。cl为了赚眼泪过于刻意，是叙事上的失败；一股浓浓的galgame式故事展开，是改编上的失败；粗糙的制作水准，是经费上的失败；模板化的分镜制作，是手法上的失败；为了情感表达而牺牲逻辑与思想，是平衡上的失败。这根本就不是任何一个真实框架乡下故事，本质上就是一个狗血韩剧的框架，全是剧情堆叠和情感操纵,negative,bangumi,CLANNAD 〜AFTER STORY〜
重置版就不打分了，画面画质更好了，画面的配色基调等与第二部无罪相近，部分场景和人物用3D代替但表现力不如原版手绘，缺失了95部分经典的味道，但作品依旧十分强悍，作品进行了重新配音，包括将95原版“傀儡师”原男声配音换为女声配音，这里颇有意思，在一定程度上也体现了傀儡师通过与素子的融合实现的某种意义上的后代繁殖是有别于传统后代繁殖的。,negative,bangumi,攻壳机动队2.0
一场对往事的，不留余地的复仇没想到你们能在南极做那么多科考任务，我忏悔，不该把你们和在魏军七进七出的刘禅等价的ep5 11 12,neutral,bangumi,比宇宙更远的地方
6r,neutral,bilibili,JOJO的奇妙冒险 石之海
太rock了,neutral,bilibili,比宇宙更远的地方
gyzxl,neutral,bilibili,约会大作战 第四季
别人以为是R其实只是个Q,neutral,bilibili,Fate/stay night [Unlimited Blade Works] 第一季
lisa是你吗？,neutral,bilibili,少女乐队的呐喊
配合个Ag,positive,bilibili,四月是你的谎言
"「她为什么，她没失去过任何人，却能写出这样的内容。她明明能写出这样的内容，为何却不愿意真正的理解我为什么她明知道我想听什么谎言，就算只是敷衍了事，却也绝不对我说谎，为什么」
拥有Ep3Ep7年度级别的神回，更为难得的是极其独特的观看体验。抓住我心中的痛点这个过程犀利、精准，让我一度产生了厌恶，一种被人审视的感觉一方面这让我深感这部番的宝贵，另一方面很期待作品会给出怎样的答案，我很想参考。可惜的是，最后的最后也没有给出一份“美丽”的答案成为槙生的代价是可怕的，学习asa更需要莫大的勇气，我已经用了2个月时间来品味。不过这才是《异国日记》「明知道我想听什么谎言，就算只是敷衍了事，却也绝不对我说谎」
到第3集打8分，第二集的结尾提到回家收拾东西我一直没敢看，看完我想说这是一部非常“真诚”的作品，上一部有这种感觉的作品还是c",positive,bangumi,异国日记
不是pleia酱吗,neutral,bilibili,少女乐队的呐喊
sh1ro：这个我熟,neutral,bilibili,少女乐队的呐喊
玩 机 器 machine,neutral,bilibili,颂乐人偶
"“难道就没有办法将政治人物都送到宇宙吗？”（24话）

“以前的人可是承受了比这个还要多好几倍的G才有办法上宇宙去，他们都相信宇宙才是希望的大地。与其消极憎恨将自己赶到宇宙的地球精英分子，他们这种积极的想法还比较有建设性。摆脱地球的重力时，人类拥有了一种全新的‘感觉’，那种感觉正是让新人类能力开花结果的契机。就这层意义而言，宇宙中确实有人们的希望。”（38话）

“啊卡缪？
无论你看到多少希望，都会被那些灵魂为地球重力所吸引了的人们的自我给压垮，结果只会重复这样的悲哀既然如此！”（PS1游戏CG）",positive,bangumi,机动战士Z高达
DRANGR高能预警DRANGRDRANGR超高能预警DRANGRDRANGR高能预警DRANGR,positive,bilibili,鬼灭之刃 游郭篇
西尾维新写标题这一块真是小巧思多得很，化物语既是各卷标题的范式，其中的化物（kaimono又正好代指本卷的核心“怪物物语”一语双关,positive,bangumi,化物语
U boat！,negative,bilibili,比宇宙更远的地方
Coolidge corner 事实证明无字幕英配的非爆米花电影还是太难看懂了，再加上有挺多静止帧让人看得困困的，好在影院放映的是无删减版版；如果故事再长点就好了；赛璐璐看着真舒服,positive,bangumi,攻壳机动队
这里真的好像卡莲TvT,neutral,bilibili,魔女之旅
绝对的神作。第二季开始仍旧延续了第一季的轻松与愉快，同时以一种极其细腻且深刻的方式完美的刻画了“毕业”这一主题。毕业是欢乐与悲伤共存的一个复杂主题。毕业象征着人生迈出新的一步，但同时也象征着所有美好的回忆全部成为过去。当剧情进入到中后期，看到这不久后就不属于kon高三四人的校园，心中不禁升起一股惆怅。物是人非，学校依旧是那个学校，可在音乐室中欢声笑语的却不再是那五个人。不过离别愈是悲伤，却也显得过去的友情与美好更加的珍贵，让人更加珍惜这一段友情。而这一切不舍与空虚，治愈与感动全部在ep24的一曲相遇天使中倾泻而出。欢笑与泪水交织着，kon奏出了她们高中的最后一曲，也奏出了她们青春的证明。,positive,bangumi,轻音少女 第二季
孩儿她爹伤心bei了,positive,bilibili,比宇宙更远的地方
回复 发狂的big 这就是那些人可以ky的理由？呵呵。影响观感的弹幕真的是多。,negative,bilibili,OVERLORD Ⅱ
Soyorin,neutral,bilibili,颂乐人偶
nice ball,positive,bilibili,四月是你的谎言
yanjiu,neutral,bilibili,四月是你的谎言
回复 alriy饿了 看这个建设水平估计上四休三早九晚五还包吃包住五险一金,negative,bilibili,关于我转生变成史莱姆这档事 第三季
我是xxl  后半剧情有点强行降智 被l杀了还能接受  被小屁孩杀了我是真服   不过依旧是神中神,positive,bangumi,死亡笔记
确实是5个啊  FF不是人,neutral,bilibili,JOJO的奇妙冒险 石之海
高达220刺的关注量（doge,negative,bilibili,少女乐队的呐喊
因为磕的CPBE了,negative,bilibili,夏目友人帐 第七季
"八：
接下来5分46秒开始
让我们随着亚丝娜来到她目前就读的学校
位于东京港区的私立永恒女子学院
其原型是始建于1908年的圣心女子学院中学部
是一所贵族女校
这所学校在刀剑神域乃至川原的另一部作品加速世界之中都有很强的存在感
很多渊源纠葛都起始于此 （简而言之就是大BOSS的邪恶大本营） 
不过这边就不多细说了",positive,bilibili,刀剑神域进击篇：无星之夜
zm,neutral,bilibili,颂乐人偶
相较于伊迪安，EVA堪称青出于蓝而远胜于蓝，且EOE的核心表达与发动篇截然相反。“Air”篇里明日香对战量产机的段落，是手绘动画无法复刻的巅峰；而碇真嗣的挣扎更显细腻从最初深陷抑郁、自我封闭的状态，到终于攒够勇气、登上初号机的微光时刻，却立刻被扑面而来的猎奇画面击溃，陷入近乎窒息的“精神污染”。可即便在这样的破碎与痛苦里，他仍在补完计划的洪流中守住了自我，一点点厘清内心，最终认清自身价值，坚定拒绝补完，成为仅有的两位拒绝补完的人类之一。,positive,bangumi,新世纪福音战士剧场版 Air/真心为你
回复 Serien丶愉情 哈哈哈，果然可以,positive,bilibili,虚构推理
lei mu,neutral,bilibili,比宇宙更远的地方
有没有人告诉cos札克绷带怎么弄啊？,negative,bilibili,Angels of Death
白祥已经死了，你选的嘛sir,negative,bilibili,颂乐人偶
D4C豆浆,neutral,bilibili,约会大作战 第四季
lover（爱战士）赛高哒！（,positive,bilibili,Fate/stay night [Unlimited Blade Works] 第一季
now im 17,neutral,bilibili,少女乐队的呐喊
"20集春香和765的大家支撑着如月千早，好感人的团魂
ep22 春香算是队长吧一定
ep 23 这队长谁爱当谁当吧，压力太变态了，很好奇导演准备怎么解
ep 24 想要改变，和不想改变的度上。765所有人都选择了彼此，这就是偶像大师的魅力吧。
ep 25 偶像大师真王朝了
什么是偶像偶像大师给出了满分回答。
无可争议的满分
留一分给2刷的我打",positive,bangumi,偶像大师
error：本机未安装JAVA，请及时安装最新版本,negative,bilibili,魔女之旅
魅魔486酱 suki,positive,bilibili,少女乐队的呐喊
"nia nia，那风太大嘞
23333333",negative,bilibili,Fate/stay night [Unlimited Blade Works] 第一季
强调团队性的偶像动画，主要讲了偶像们两段时期的日常单元剧。第一集仿纪录片的形式非常惊艳，中间部分单元剧（婚纱回、综艺回等）也非常出彩，2224春香个人回很好的定下本作的主旨，而主场live更不用多说，2d群体手绘live的巅峰。缺点可能在于13人中部分人能分到的剧情太少，像千早回明显能写的更深入却草草结束。总之如果我更早几年接触本作应该会打出更高的分数，给了我好几年前看kon的感觉。另外歌是真的多，剧中一首，然后每集都有一首专门的ed,positive,bangumi,偶像大师
ing‘。。。,neutral,bilibili,比宇宙更远的地方
回复Izumina d m z j？（无端空格）,negative,bilibili,辉夜大小姐想让我告白～天才们的恋爱头脑战～
去nm的花海,positive,bilibili,魔女之旅
MIDI,negative,bilibili,四月是你的谎言
Ha？,neutral,bilibili,颂乐人偶
7。二刷。漫画自我定义为“歌颂英雄的后日谈奇幻作品”，但其实无论是对“英雄”的诠释还是时间积淀的厚重做的都不够好，其实是“我们这个时代不需要一个英雄”的体现，但作者似乎缺乏这方面的意识。不过好在至少在这一部是可以忽略的问题，《芙》的真正优点还是对人与人之间尺度的思考。斋藤则融入了自己之前的工作经验，如大量纯蓝色背景让人想到其在漂流少年的工作经历，结尾让人想到孤独摇滚。而镜头的“静”与“动”也体现了他对演出的思考，大量回忆的演出并没有做摄影上的特殊处理，因为对芙莉莲来说勇者的故事仅仅是最近发生，自然没必要加上回忆的滤镜，但不同演出家的侧重和水平不同，让很多回忆的插入显得单调。斋藤确实用心，但这部作品不那么适合他，他是有一股子疯劲在的。前半在角色尺度和演出的把控下，在e14“钟表”第一次出现将故事推向高潮，e17后走向滑坡。各方面个人最倾心于e3原科回。,neutral,bangumi,葬送的芙莉莲
让dalao上热评,negative,bilibili,小林家的龙女仆
有点弱化了解放的具体过程和思想，而有些情节又有时代性的合理和现代性的红温，这部作品的单元回所阐述的每个人物的补完，很多时候是阐述对方干了怎样的坏事，然后此前怎样依赖对方，对对方有怎样的幻想，阐述这样的事实，最后通过剑斗就补完了，这种艺术的表达其实没啥问题，就像同样的EVA也是把人类补完简化为榨橙汁，通过圣经福音的意向而本身不是现实主义而是意识主义的补完，不过感觉两个差别导致我对两者的评价截然不同，最主要的还是少女革命的太多情节实在是太恶心了，这当然也是女性主题需要的表达，不过我的观感真的感觉有点太过了点，很多情节真的生理不适，第二点就是EVA终将是讲的是灵魂的补完，是空虚的日本人抽象的补完，而少女革命是那个年代所需要的女性觉醒的现实题材，过于艺术的表达很多时候反而变得现象与本质模糊不清了。,negative,bangumi,少女革命
82 水墨电影，制作在当时肯定是上乘。只不过它给我的更像是戏剧而非动画的体验，因为该作对叙事和人物对话进行压缩，转而突出刻画人物的动作、神态，同时我感觉这类人物动作的风格有Tom and Jerry的感觉，但在作画方面更具有观赏性，画面缺乏张力，但很流畅，这应是水墨电影的特点，并且水墨的背景美术无疑是很耐看的。音乐则是充斥着浓厚的中国风。而对于上个世纪六十年代的作品来说，最重要的应当是“艺术内核”这个抽象的概念，是西游记改编题材绝对的经典，也是孙悟空这一人物桀骜与顽皮生动的写照,positive,bangumi,大闹天宫
爱人You,positive,bilibili,四月是你的谎言
这个ps绝了,positive,bilibili,约会大作战 第四季
QI桑萌,positive,bilibili,鬼灭之刃 柱训练篇
SAYA,neutral,bilibili,比宇宙更远的地方
从佐贺到lovelive，到mygo，中间入坑了一下学马士和闪耀色彩的游戏，又看了GBC和母鸡卡，最后终于来到了偶像动画的顶点765事务所。各大二偶企划里，还是爱马仕最令我喜爱。不需要额外整活，不需要样板戏一样的情感表达，聚焦于偶像本身，方能达到顶点。,positive,bangumi,偶像大师
"我看不懂，但我大受震撼jpg
音画素质太顶了，潮爆的配乐辅助流畅又天马行空的画面，有种坐过山车的感觉。尽管大部分时间人物表现都很脱线，许多意象实在抽象得让人跟不上回路，但其中时不时出现的强现实相关情节又把基调拉回了现实一些，到底还是回到了“青春”上来。",positive,bangumi,FLCL
回复 QuartZZ 仔细看，第二段他是缓慢蹲下的，比第一次慢很多，理论上可以做到,positive,bilibili,异度侵入 ID:INVADED
我不喜欢用最强，上限，天花板之类的词汇来形容一部番剧，不仅主观，而且有拉踩的嫌疑。但偶像大师绝对是最纯正的偶像番。作为偶像番的开山鼻祖，它的影子依然存在于现在所有偶像番中。诚然，作为 14 年前的动漫，偶像大师有其不足之处，实话实说，在第9集到第20集中有部分篇章我确实没有全神贯注的看，但偶像大师的魅力就是不断拉回我的注意力，最终让我沉浸其中，最后一气呵成地看完本家全篇。25 回的 op 混剪，台上的演出，台下的 ，让我不自觉的来到深夜的客厅，也参与在这场 live 中。总而言之，当时我看那个偶像大师，边看边哭jpg,positive,bangumi,偶像大师
回复 limingxi：你说然后,negative,bilibili,Charlotte
轮舞revolution,negative,bangumi,少女革命
这op一开口就是yuki啊，原来和雨海野女士合作已经十多年了，三月的狮子op也有她ep1难怪森田毕不了业，时间都拿来做项目赚钱了，牛人ep218岁能手搓肌肉男泥雕吗，无敌了你，而且这真是大学生吗b38，不是小学生？？胃疼没绷住，话里有话看得出来男主竹本很迷茫啊ep5这集挺不错的，义父之铁汉柔情ep7真山纠结拒绝的时候想到了自己的境遇心也软了下来，和山田确实是很像的两人老师对小育的救赎一人原回，竹内哲也你无敌了，ep12就放森田这么走了，可惜啊！ep13这集真不错，人物描写很细腻ep15真山勇敢追爱回，依旧没戏ep19野宫的实话让山田不得不面对现实了，句句戳心，不过正如他所说重新构建关系的话，也许情况会有所好转ep24竹本放下之后终于知道大家有多重要了，也正视了自己的心意ed1很喜欢687,neutral,bangumi,蜂蜜与四叶草
TSF物语？,positive,bilibili,转生成蜘蛛又怎样！
其实是N a N a偷偷暗恋关注,positive,bilibili,少女乐队的呐喊
还有金闪闪，不过闪闪是算两个职阶的吧archer 跟caster,positive,bilibili,Fate/stay night [Unlimited Blade Works] 第一季
去看了《蜡笔小新：大人王国的反击》，想到我最近评价很高的《理发店下的游戏店》《再见星上人》（导演采访提到本作）《335KM》（在第3话直接致敬本作校车追逐战）都是一致的。确实，我们被怀旧气息包围了，并非贪恋过去，而是对当下、对未来没有信心，试图追求来自旧时光的慰藉。,neutral,bangumi,蜡笔小新：大人王国的反击
"剧情18
演出17
音画17
人设17
深度17
加权评分173
有aria作伴的幸福的日子终将结束，明天也要去迎接那起始的风了。",positive,bangumi,水星领航员 第三季
鸣女的 cv是麻团诶，就是阿尔敏的cv,negative,bilibili,鬼灭之刃 刀匠村篇
回复 呆逗的流浪鼠hhhhhh,negative,bilibili,Charlotte
2026成功接到offer,negative,bilibili,鬼灭之刃 柱训练篇
回复 bili78164284071 美丽的魔物公主（史莱姆）日记,neutral,bilibili,关于我转生变成史莱姆这档事 第三季
回复 CaydeUnit 6,negative,bilibili,JOJO的奇妙冒险 星尘远征军
Great,neutral,bilibili,魔女之旅
回复 御坂妹4396号 算了 我就只想跟你说你这种证明方法不成立 但其实我也说不上来哪里存在逻辑性错误  只能说无限循环小数那种方法不可取 即使是无限循环 我觉得小数部分不可能完全抵消 因为10X的小数位数必然是A1  X是A   逻辑上一定有问题 只不过不好解释 你要说无限吧 这个定义很蠢,positive,bilibili,辉夜大小姐想让我告白～天才们的恋爱头脑战～
这种p5感,positive,bilibili,少女乐队的呐喊
做我条lian,positive,bilibili,间谍过家家 粤配版
csgo,neutral,bilibili,比宇宙更远的地方
回复 Papaya 这下我们都made in heaven了,negative,bilibili,Fate/Zero 第一季
"回复 SharonKurger 我觉得你能想到这个很好。你看过小说了吗？
小说里，咲太和父亲第一次在打工的餐厅见面并交流当父母的感受。见面结束后，咲太目送父亲离开时说了一句话我特别感慨：
“还要三十年的时间，才能追的上你吗。”
读到这里的时候我就突然想到，咲太顶住了家庭分崩离析的压力，打工，上学，照顾妹妹。而另一边的父亲，不仅要上班，照顾妈妈，还要给咲太生活费。两个男人里，父亲其实才是顶梁柱。
我们和父母之间，差的不只是三十年的时间。
之所以没提父亲，还是因为父母的事情在小说第九卷有讲，同样也很感人。如果没看过可以去看看",positive,bilibili,青春猪头少年不会梦到兔女郎学姐
日本英语我只认竹内玛利亚、坂井泉水（ZARD）和TK,negative,bilibili,四月是你的谎言
luc,neutral,bilibili,四月是你的谎言
呃呃，所以据我的观察，流传的73min版本既不是DEATH  REBRITH，也不是DEATH TRUE，而是DEATH？毕竟班固米写的是68min,negative,bangumi,新世纪福音战士剧场版 DEATH(TRUE)2/Air/真心为你
1st，Tab运动,positive,bangumi,灌篮高手
不认识的跟我读：阴炁dan弹,neutral,bilibili,Fate/stay night [Unlimited Blade Works] 第一季
自怨自艾（yi）,positive,bilibili,四月是你的谎言
回复 Aromaticcc 八星八雷吧,negative,bilibili,间谍过家家 粤配版
锖义99锖义99其它Cp都死了哦,negative,bilibili,鬼灭之刃 柱训练篇
骑cub去吧,neutral,bilibili,比宇宙更远的地方
艰难补完，一直很反感且反对制作组乃至主创团队的叙事与写人。明明每个人都有着自己所坚持之事，所信仰之物，明明有着通透对方心绪与关心的真情，但总是在情绪高潮的间隙插入着莫名其妙的谴责、玩笑与恶趣味。我麻烦你们解释一下，为什么关心自己喜欢的人这么纯朴的事，就非得上到“你做不到什么，就取人家外号说这不好那不好，你就应该这样做！”，下到从演出与视觉上毫无章法强调角色的固执与莫名的恶意，却非得拿着“我喜欢你却总是各种傲娇”当挡箭牌。每次从情节到写人的执矛刺盾只让我看得阵阵头疼反胃，被畸形的关系，被敷衍的创伤，以及说人坏话完全没底线更没规矩的态度，足以证明通篇的各种虚浮与不相信。毕竟主创这么嚯嚯你笔下的角色与世界，就别大谈特谈什么青春与爱了，看得我都快被你们气哭死了只喜欢e21的内敛与克制其余都踢了算了,negative,bangumi,四月是你的谎言
"无论是富野由悠季的監督还是菅野子的音楽，光用Gundam系列最佳好像有些不妥，和攻殻機動隊 STAND ALONE COMPLEX Cowboy Bebop这些名作是一档的
罗兰，苏茜亚，迪安娜，姬艾尔这些角色的塑造都堪称完美，配角们也都无比精彩，而「月繭」更是无敌的存在，尤其在结局片尾众人的结局时响起
我永远喜欢苏茜亚海姆
最高傑作。",positive,bangumi,∀高达
BGM绝了,neutral,bilibili,紫罗兰永恒花园
1200标之猛攻某刚刚三十周年官宣完全新作的传奇神作or冲击波？特意先看一遍旧版的ep2124，然而完全没必要，重置的2124在剧情完成度上明显好的多EVA对于我来说还挺难评价的，因为被贵为意识流精髓的ep25、26我没看懂，即使又看了一遍看了解说也只是觉得“原来如此”，可能比起哲理的表达，我更需要的是故事的完成度吧，就剧情而言TV的结局毫无疑问是烂尾，一大堆坑没填，画面也省到极致，不过能在完全万策尽情况下做出这么令人深思的两集，只能说庵野秀明的确天才；回过头说下前面，前13集不算出彩但设定很吸引人，意识流很少且制作也不错，ep1424虽然制作逐渐捉襟见肘，开始用静止帧水时长，但剧情脱离了前面单调的每集打怪兽单元回，随着主线迅速步入高潮的同时也神回频出，可惜我太不喜欢TV结局，总体来说只能算不完美的神作，但正因为这份不完美而被世人铭记,positive,bangumi,新世纪福音战士
祥子：device！哦（失望）没有接住,negative,bilibili,少女乐队的呐喊
like什么,neutral,bilibili,JOJO的奇妙冒险 石之海
比第一期好看很多，最喜欢ep12和ep20,positive,bangumi,虫师 续章 第2部分
call太宰治,negative,bilibili,Angels of Death
pony,neutral,bilibili,比宇宙更远的地方
rgzdbsa,neutral,bilibili,四月是你的谎言
CAT,neutral,bilibili,四月是你的谎言
这个阿姨是后面mmk和27泼水那家餐馆的老板娘,negative,bilibili,少女乐队的呐喊
ko  no  本堂町   da,neutral,bilibili,异度侵入 ID:INVADED
论综合质量sac2 无疑是全年代TV的顶点，但这个系列只有题材我不喜欢，无论是押子的“鸭味”，还是神山的现实主义，以及Ghost in the shell本身在讨论的赛博朋克意志，后人类社会还有所谓正义这些我都很喜欢，但无论以何种形式沾上政治，我都会嗤之以鼻，这东西会给作品上枷锁，更会把其锁在一个合理的框架上，成为所谓的符号化。对于我来说讽刺的是如果会出现比sac2更优秀的动画的话，那么被政治锁住的社会将会解放吧？无论社会如何演变，全体意志和公共意志间存在巨大差别，前者顾及私人利益不过是个别意志的总和，但却能消弭个别意志中相互抵制的正反两面。而剩下的正面一直或反面意志即代表公共意志，而后者只考虑公共的意义。不过对于我来说，去除所有别的感受，自身存在的知觉基本身即为一种非常可贵的安宁，只在这种心境中寻求补偿，这不是命运或别人能夺走的。,positive,bangumi,攻壳机动队 S.A.C. 2nd GIG
我的四月是bian,neutral,bilibili,四月是你的谎言 粤配版
kiss    kiss,neutral,bilibili,约会大作战 第四季
20251130  8分（Air 9分，真心为你 7分）  Air的氛围极其残酷与压抑，终于战胜了使徒的NERV因为人类的毁灭而崩溃，剧情方面也解决了很多TV版仓促收尾而遗留的问题。至于真心为你，真没看懂QwQ，甚至更喜欢原TV版的表现。先缓一段时间，看完新剧场版后再回看一遍吧。,positive,bangumi,新世纪福音战士剧场版 Air/真心为你
回复 Irisxu2624有的人会去认识很多人找一个适合的，有的人会等一个适合的，后者就等成了单身汪    笑哭,positive,bilibili,徒然喜欢你
“独步天下，吾心自洁，无欲无求，如林中之象”。弱叙事、私小说、琥珀色，这是赛博朋克作品在视觉表现上的绝对高峰，也是押井守个人风格的极致凝聚：“留下印象的典籍箴言一句就够了，客观的言语会成为观众回忆电影的线索”。自绮丽梦中人开始，押井守一直在探索属于自己的Harmony，最终用耗时十个月的傀儡谣交出一张满分答卷“Dareba”，在近三百秒的时间里，情节停滞、角色驻足，画面完全聚焦于世界观吟唱赋予影片如宗教仪式般的厚重，为观众提供了休息与沉思契机，它是如此自信，仿佛知道自己必将成为日本动画史上被人铭记的艺术品。与其说这枚“完全孵化”的《天使之卵》是在追问无罪，不如说是追求无垢：人只能是人，成不了人偶更当不成狗，但为了维持自己作为人的身份，我们需要把狗放在身边大脑固然重要，但要维持人类的完整，我们必然离不开指尖。“春天啊，我于两世之间驱车徘徊”。,positive,bangumi,攻壳机动队2 无罪
zont1x杀了几个？,neutral,bilibili,少女乐队的呐喊
saki快把号还给mmk,positive,bilibili,少女乐队的呐喊
Position 0,negative,bilibili,四月是你的谎言
23333o〃〃o,neutral,bilibili,Angels of Death
sgain,neutral,bilibili,四月是你的谎言
i ma i na i,negative,bilibili,比宇宙更远的地方
eichieichieichieichi,neutral,bilibili,JOJO的奇妙冒险 石之海
这人C1怎么过的,neutral,bilibili,少女乐队的呐喊
"dvd回忆，op和ed氛围感很强，看的不是棋，是过去。这部属于回忆，以为会看，但是只是我自己自我感动的作品。
各位可以看下我发在下面的漫画解析文章，抑郁了
就用这ed1作为纪念吧",neutral,bangumi,棋魂
"上接1381楼。

3）红A和士郎的对谈场景则是与召唤Saber的命运之夜呼应。

傲娇的红A以为士郎要和自己以前一样废掉一个手臂才赶忙去看望。（UBW线是士郎状态表现最好的，到了另外某条线，就真的废了手臂了）那番教导与其说是嘴炮更像是倾诉。

某些观众对红A的话表示不明觉厉，
简单说，红A认为士郎这样下去一定会导致和走红A自己一样路，一样的结局（为了救世而签约，死后成为世界的打工仔奴隶，永远杀戮不得超生）。
因为自己的经历，红A认为士郎人生的最后只能是满足了自己憧憬切嗣的想法，救不了所有人，更救不了自己。

人之所以成为人，不仅因为“生命”，更重要的是“人心”和“自我”。
红A表达的其实和凛是一样的，只不过口嫌体正直（撒谎说为了自己的欲望而战，其实和士郎从来都一样；后来强装自己是个混蛋，但还是改不了帮助他人的天性）

最后红A看着月光，恐怕心里也是一遍又一遍在回想和切嗣的那个月下之夜吧。现在的他真的是一个很矛盾的人。另外他的话不止对士郎，对Saber同样适用。这集没给Saber的反应，应该是留到第二季刻画。

士郎理智上知道红A处处说中自己的要害，感情上仍然无法接受。
然而过来人的经验固然重要，但士郎的“初心”就一定是错的吗？第二季动画会给观众答案：

人啊，即使知道自己是山寨的假货，除了抄一无是处，凭借那份坚持与初心，仍然可以昂首挺胸活下去。（TX是反面教材，不是说它）


第一季快结束了，三浦监督当初在访谈里说不会为了迎合FateZero观众的口味而去砍掉奈须蘑菇塑造人物，寄托感情的日常，它是剧情重要的一环。到目前为止有好好兑现了承诺。在《空之境界：忘却录音》里为蘑菇背的锅终于可以丢掉了。

只感觉这集很萌，或者“很平淡、到底在讲啥”的人，希望看完了Fate stay night的故事之后再回过头来看这些人的“日常”，或许会发现另一种滋味呢？

毕竟，正是这些“打打打”之外的剧情，才塑造了让我们如此钟爱的人物啊。",positive,bilibili,Fate/stay night [Unlimited Blade Works] 第一季
这人的CV是七海建人的吧,neutral,bilibili,关于我转生变成史莱姆这档事 第三季
Hyga Hinata,neutral,bilibili,比宇宙更远的地方
可以用魔法创个sans吗来审判吗（doge,positive,bilibili,魔女之旅
我从小就开始看海贼王了，那个时候真的还不会玩梗，但是我从弹幕里学到了跳级狗，眼睛里进克罗德克达尔了，现在想来真的也是一件趣事了。看完这个OVA之后，真的让我想起来了很多，我以前看海贼王的记忆，我对剧情的记忆可能已经模糊了，但是那份感动，那份情感的传递过来之后，在我心里留下的印记是仍然在的，每一位伙伴上传的剧情，他们共同经历的事情，直到和之国真的太烂了，我真没看下去这个，但是他先前给我留下的情感是不会消失的，我也是一直都喜欢着的，特别是这部OVA里面，他用一种新的小人物的视角来诠释海贼王的世界，给了我一种不一样的体验，但他传达出的精神内核依旧是团结一致，依旧是反抗，依旧是追求自由，虽然现在听起来好像像de buff似的，但是这个东西放在海贼王里面确实还是他原来的那个味道，我真的很喜欢看海贼王，真的,positive,bangumi,航海王：粉丝来信
回复 LeonhartAN 因为s2报看吧，s1还可以的,negative,bilibili,盾之勇者成名录 第四季
watashimo,neutral,bilibili,比宇宙更远的地方
他爸在CCG加班呢,positive,bilibili,四月是你的谎言 粤配版
丰xx子？,negative,bilibili,少女乐队的呐喊
其实熏bxh,negative,bilibili,四月是你的谎言
白开水公路片，寓言完成度也太低了，弱智大白话堪比小学生作文，奇诺之旅最高大上的一次。女主自身的塑造相当割裂，过客思维也融入不了基本的故事逻辑，得亏是个白毛自恋美少女，卖点萌搞百合也算基本盘了。1师傅斗法告别忍让2特产下跪收徒自得活学活用百合寂寞3魔花杀人划水跑路贪财女主色批村长奴隶绝望4王女悲恋沙爹灭国5装逼追逐纯粹爱好同门献花6真话结界痴女求婚舔狗魔女撩脖卖姬7平胸笑话拆表白墙踩酒营销弱智互掐8人偶XP弱智探案变态割发9穿越过去创造新线强行黑残圣母上身10前代百合弱智抓贼11互换发情姐妹百合神必自由12平行世界分身大战创伤心大标题回收白毛挖坑,negative,bangumi,魔女之旅
xian风,neutral,bilibili,四月是你的谎言
回复 卷勒YW Thank you sir,neutral,bilibili,干物妹！小埋R
FFA很可爱的,positive,bilibili,JOJO的奇妙冒险 石之海
水岛努已经把neta的幽默与社团的青春，战斗的热血，梦想的触动，竞技的肾上腺素飙升等等要素完全融为了一体，对于现实战役和国家战斗风格的考据，缩小为一个架空背景的战车道上，残酷的战争在此是一个竞技的舞台，制作上证明了3D的出色运用对于一部动画的提升，大量逼仄的第一视角和高难度的运镜都如同坦克射出的炸弹不断刺激视觉神经，感情上正如两姐妹无交流的默契配合，那些角色也在不知不觉中完成了成长与蜕变。,positive,bangumi,少女与战车 剧场版
我不行了，luba,negative,bilibili,少女乐队的呐喊
评分80，8分纯情怀分中间葵丝和哈撒韦闹得小孩打架了说是结果给珍愉悦送走了没看懂哈撒韦为什么要杀珍，这部在uc出的梗是真的又多又精啊对于夏亚自己的内心纠结明显能看的出来对地球人的绝望也能认知到自己在干贪得无厌的事，而骡子依旧成熟稳重当之不愧uc第一机师我是真的喜欢牛高达的外观结尾ed在接触逆亚之前就在听好听呢,positive,bangumi,机动战士高达 逆袭的夏亚
zone，进入,neutral,bilibili,四月是你的谎言 粤配版
他在wink（,neutral,bilibili,工作细胞 第二季
呜呜呜呜呜呜呜呜呜呜呜呜XXXX,neutral,bilibili,魔女之旅
爸爸是2D的女儿是3D的？,positive,bilibili,mygo
哪里都有TNO人（喜）,positive,bilibili,约会大作战 第四季
list 2024,positive,bangumi,哆啦A梦
soyo0 你怎么了呀？,neutral,bilibili,颂乐人偶
回复 Evralies jojo直呼内行,negative,bilibili,咒术回战
回复 57541806854bili 是想象啊喂,negative,bilibili,鬼灭之刃 无限列车篇
努力的尽头是奇迹，北宇治吹奏部fighto！,neutral,bangumi,吹响吧！上低音号 第二季
没对上电波B站补番没有OPED弹幕剧透让个人的综合观看体验上小于0079，不过仍然是不错的作品,negative,bangumi,机动战士Z高达
xsm,neutral,bilibili,比宇宙更远的地方
既视感很强啊，纵向对比今敏其他电影，仍然在谈理想与现实，另一个自我，梦境与现实，相比千年女优和未麻部屋，红辣椒的优势主要是剧本本身比较出彩（有趣的故事、TCmini的设定等），而演出的表现弱一些，但演出却不够收敛，依然维持了以荒诞离奇为主特点的演出表现，打散了叙事，削弱了原本的剧情优势，导致叙事不够清楚，起了喧宾夺主的反效果（这一点在千年女优和未麻部屋两部轻剧本重手法的作品则不算缺点，但在红辣椒这里就很难忽略了）。同样是剧本出彩的东京教父演出就克制得恰到好处，不喧宾夺主，而是踏踏实实地讲完了以巧合串联的精彩故事。不过横向对比其他动画作品，红辣椒的综合素质仍然还是过硬的，客观评价不会低。,neutral,bangumi,红辣椒
极其overrated的作品。爱音开局莫名其妙拉去唱k戳到灯的痛处然后被吹成情商神；高松灯说话说不明白只会捡石头，然后乐队解散了上台念稿；立希全程护着灯但灯只惦记爱音让人看着想笑；乐奈纯纯工具人，人物塑造只有有趣的女孩子和抹茶巴菲，来得莫名其妙走得莫名其妙，整个人物的存在意义就是为了高松灯念稿段上去伴奏救场服务的；整个crychic的问题可以祥子一句“对不起我家里出事只能退出乐队了”解决但人家偏要谜语人，素世字面意义上跪舔这样一个谜语人不惜算计背刺爱音，没人知道祥子给她下了什么药。少女乐队它就不适合写爆的剧情，因为很难搞来纯坏人当反派，而全是正常的好人又没有矛盾来爆，为了爆就只能强行拧巴角色把角色变成不正常的人。想制造矛盾拍非日常，又没有那个水平，最终带来的结果就是地狱级的人物塑造和地狱级的观感。音乐也难以欣赏。我能打零分吗？,negative,bangumi,mygo
他没有叫堕姬qwq,neutral,bilibili,鬼灭之刃 刀匠村篇
回复 John1200 虽然说486也算有个主角光环就是了。。。,negative,bilibili,Re：从零开始的异世界生活 新编集版
op里的小姐姐加1,neutral,bilibili,比宇宙更远的地方
"还行，虽然我喜欢看别扭的，但是太别扭了，看完母鸡卡不知道大象老师在别扭什么，被母鸡卡拖累的一生。那确实是saki酱坐下来好好说话，一句话解决的事情，咱圣爱音真的受苦了。偷摸零萌，但上台念诗不太懂，我咋感觉不像是小灯会干的事呢。

但是羊的tft版春日影太好听了感情太足了，必须加分！

长期素食，妈妈！！！",neutral,bangumi,mygo
ooooooooooooooooooooooooooooooo,neutral,bilibili,少女乐队的呐喊
csh我喜欢你,positive,bilibili,四月是你的谎言
"绝对值得吹爆的10分！虽然单元剧节奏偶尔慢热，但主线的政治博弈堪称教科书级别内阁、外资、难民组织多方势力暗流涌动，信息战和心理操控看得人头皮发麻。塔奇克马的意识觉醒简直惊艳，当AI战车唱着歌挡住核弹时，机械的浪漫主义直接封神。

最戳我的还是对现实的预言：难民问题、网络操控、集体无意识，如今看全是神准的赛博启示录。尤其是「个别十一人」事件，把乌合之众的心理拿捏得死死的。虽然配乐没有第一季那么抓耳，但菅野洋子的电子迷幻风配上九课雨中作战的场景，还是帅到起鸡皮疙瘩。

作为二十年前的作品，它讨论的AI伦理和意识本质，在ChatGPT时代反而更显深刻。可能新人会被复杂的政治线劝退，但熬过前10集后简直停不下来。这不是快餐动画，是需要配着弹幕解析食用的硬核科幻盛宴，至今仍是我心中赛博朋克的巅峰。",positive,bangumi,攻壳机动队 S.A.C. 2nd GIG
你头怎么尖尖的，那我问你，你是男的女的？头怎么尖尖的awa,neutral,bilibili,JOJO的奇妙冒险 石之海
大概一万RMB,negative,bilibili,少女乐队的呐喊
虽然日语是带有一定的粤语色彩，op也很好听，但希望还是有粤语的OP,positive,bilibili,四月是你的谎言 粤配版
EVA我难道精神错乱了,neutral,bilibili,约会大作战 第四季
"值得一看
money是没有的，看看痞子大人如何能在如此狭隘的世界里表达无尽的野兽之怒吼",neutral,bangumi,新世纪福音战士剧场版 Air/真心为你
"相信你能看到这条评论，一定是命运石之门的选择。
慢热，挑人，伏笔巨多，前12集都是铺垫，12集结尾神展开（其实也不算是缺点，更像是一种取舍，毕竟，没有这么多平淡的日常铺垫，哪来如此震撼的高潮展开），至于说天台打戏那段，我觉得还好（关键你看的时候其实更在意的是剧情，注意点在这段打戏的人真不多）。
推荐观看顺序（同样也是时间顺序）：11112222311023135425剧场版

El Psy Kongroo",positive,bangumi,命运石之门
传奇那个老cr了,positive,bilibili,紫罗兰永恒花园
昏爹的声音好像伍六七啊！（Ky致歉,negative,bilibili,间谍过家家 粤配版
io还回来吃饭不？,neutral,bilibili,四月是你的谎言
回复 KFDLG 八幡对材木座说过：要是咱们70岁了还单身的话，一起去一家养老院过日子吧。,negative,bilibili,我的青春恋爱物语果然有问题。完
hhhhh486在后面敲嗨了,negative,bilibili,少女乐队的呐喊
回复 Nicocococococo丫 等大学篇！！,negative,bilibili,青春猪头少年不会梦到怀梦美少女
ep21无疑是我最喜欢的一集 平日里 重要的人出门了说一句一路顺风 回家了说一句欢迎回家 这些行为看似平凡 平常 但在三狮里面就是确确实实的幸福啊 我给在乎的人打电话 而电话正好在我家门口响起 这一幕场景带来了无法用语言诉说的感动 三姐妹就是温柔的体现好的作品往往对群像描写是很棒的 完整的 即使是一个“配角” 也能用极短的语言将其概括 丰富形象 可惜的在于第一季叙事有点碎片化 总之瑕不掩瑜吧 （姐姐真不赖吧 你可以骂我三观跟着五官走 但我觉得姐姐在用自己的方式爱弟弟 笑）,positive,bangumi,3月的狮子
这季的落脚点着重在家庭关系和每个人物性格的完善，迷恋杀戮的Summer，不愿与糟糕的自己和解的Morty，离婚后承认自己缺点的Jerry，假装热爱新生活的Beth，永远用疯狂隐藏自己脆弱一面的Rick。还有番外篇的封神第七集。,positive,bangumi,瑞克和莫蒂 第三季
黄昏公主回最好ep4划船的时候好棒，准确的说是，只要人物不说话、音乐没有歌词的时候都很棒，一旦开始说话就破坏了ep11同理好家伙，转正就是高级合伙人第三季果然颜值提升太多，加上169三季下来，依然没喜欢上ARIA，好难过问题究竟出在哪里呢？果然还是因为不喜欢猫吗（,negative,bangumi,水星领航员 第三季
这是不是2D吗，正片像3d,negative,bilibili,少女乐队的呐喊
95水岛桑荒野的寿飞行队在做吗在做吗在做吗？我真想看新一季的寿飞行队。真是一群可爱的人啊，甚至是太郎也能算可爱了。我很少用感动来形容一部作品，那这部作品确实给我了微小的感动。人设也相当可爱。感谢水岛桑和横手阿姨，虽然水岛你确实是个老gun该骂来着。最爱的是第19集，最近正好有在看山川贤一，关于新旧技术的交替，确实感触良多，霓虹的赛璐珞时代简直是如同蒸汽朋克一般的技术幻影。还有最爱的会议室内的『艦隊』的海报，我是真喜欢这个海报：D，112集中出现了3次，第十三集会议室中出现了一次，加去op2中的固定机位，全篇一共出现了15次。,positive,bangumi,白箱
狂三：我SL了无数次没法解决只能请你了,negative,bilibili,约会大作战 第四季
回      收     o     p,negative,bilibili,魔女之旅
ml,neutral,bilibili,四月是你的谎言
天，天马saki,negative,bilibili,四月是你的谎言
06版直接被B叔腰斩了,positive,bilibili,Fate/stay night [Unlimited Blade Works] 第一季
这怎么还有F1？,neutral,bilibili,少女乐队的呐喊
一听到crychic是GO也不去学也不上了,negative,bilibili,颂乐人偶
Hit x2,neutral,bilibili,少女乐队的呐喊
soyonani,neutral,bilibili,少女乐队的呐喊
flag,neutral,bilibili,工作细胞 第二季
地方抄抄写写魈xx魈魈魈xxx魈    xx,negative,bilibili,约会大作战 第四季
回复 ZippoKPI 用我们的话要多打一个字,negative,bilibili,四月是你的谎言
那一天的犹豫，犹豫，起来（bush,positive,bilibili,四月是你的谎言
ykn：李子你个B又说不恐怖！,neutral,bilibili,颂乐人偶
"总算把MyGO的译制回顾补完啦
本专题包含剧透，初见观众建议补番完成后食用
Mujica的回顾也在路上啦",positive,bilibili,mygo
Flaggggg,neutral,bilibili,四月是你的谎言
"平尾隆之不愧和今敏共事的人，把乱序叙事安排得非常合理，转场手段很有今敏的既视感，恰好非常体现这章矛盾螺旋的主题，结构复杂但不失完整性，剧情展开和人物塑造都非常出色，完成度最高的一章的动画。前期容易看得一头雾水，好在后面基本都梳理清楚了。正如太极图中的阴阳螺旋一般，讨论生死的意义和追求人类的终极答案。片尾高潮部分同时对巴人偶是假，但情感是真；对橙子灵魂是真，但肉体是假讨论的台词切换十分完美。又恰恰贴合了矛盾螺旋的主题。
“假如这场矛盾，永远螺旋下去就好了。”全篇对巴这个人物形象展开探讨，人物塑造也十分立体，演出上结尾巴和两仪式的对称分镜堪称完美，巴这种bug正是人类情感存在伟大的最好证明，也呼应了结局橙子对荒耶的临终三问。事物的发展是充满矛盾螺旋上升式的存在。",positive,bangumi,剧场版 空之境界 第五章 矛盾螺旋
xu,neutral,bilibili,四月是你的谎言
伊蕾娜sukisukidaisuki,positive,bangumi,魔女之旅
fish,neutral,bilibili,颂乐人偶
202633（我不要开学QWQ）,negative,bilibili,mygo
回复 PPT48陶喆 局长的教育手册静态表情包？,negative,bilibili,mygo
长达6集的The pillows 音乐MV，扯淡的剧情搭配上天马行空的演出、将资源花费到刀把上的作画，共同造就了这次名为FLCL的春梦。最后当这场梦结束的时候，那幼稚可笑却无比美好的青春期幻想也随之消散。,positive,bangumi,FLCL
第一部打10分的作品，当然有个人主观喜爱的因素加分，特别喜欢这种结构精巧经过塑造的故事，可以说OT讲了一个接近完美的故事，伏笔伏线回收的极其优秀，用nga一个用户的说法就是“契柯夫之枪军火库”，多人故事线收束非常完美，月下飞车的演出相当棒，群像塑造的也非常好，尤其喜欢小户川这种愤世嫉俗但是又满怀善意的性格，他和阴沟的几次对手戏写的都很强，尤其是出租车牌放sos和搅乱最后计划的行动，明显都是经过巧夺天工的设计的情节，第4集的田中革命更是神回，把一个人的堕落写的活灵活现，有福本伸行的感觉，叙诡对于常看推理的人并不难分析出，但是那又如何？优秀的悬疑推理作品应该做到即使知道真相是什么，但中间的推理过程或伏笔回收仍让人拍案叫绝，这也是我为什么喜欢逻辑流的原因，唯一的一个疑问就是假黑猫为什么要把抽卡哥的手机放出租车里，不过我查了查nga的讨论，也把这件事解释了。,positive,bangumi,奇巧计程车
楚轩推眼镜jpg,negative,bilibili,葬送的芙莉莲
"我的梦想人生很普通娶个老婆，生个孩子守护想守护的人，守护只能守护的人
2025年8月21日在班谷米标记了在看并在今日补完 漫长神奇的补番经历我一直惊喜的有含义的双重发现  细数是拢是哭了11次了 在哭了第9次后一直想着能有个第十去凑整越是这样想越是不哭直到21集16分钟的下雪我依稀记得在B站多年前看到这个场景 一个胡子拉碴的大叔和一个小女孩仅是30秒短片段我不知怎地就哭了明明不知道什么剧情什么故事只是那个氛围就哭了 即使看完CI1我从来没想到那个大叔是朋也  居看到中间时候听懂了op歌词其中一段的意思之后又过了几集听懂了另一段的意思 一直想让人物齐全ed应了我的想法ed汐任性的小脚步是我用来回血用21集后又变成了刀就像是血条空了不让回了 22集后才明白ed地倒放的原因最后的时间线我很喜欢
让我想玩起gal的初心：gal的世界有的选又哭又笑看完最后一集",positive,bangumi,CLANNAD 〜AFTER STORY〜
回复 bravekiwi 不一样，这里动漫里的设定就是只有圣剑能对魔王造成伤害，十号那个辰东给留了一条活路走的，说白了就是作者想干啥就干啥,neutral,bilibili,这个勇者明明超强却过分慎重
回复 lazyacad 有意思的是明明都是呆毛的坚定支持者，但就是不管内部和上下都不齐心,negative,bilibili,Fate/Zero 第一季
吃一堑x6,neutral,bilibili,少女乐队的呐喊
"在担任副监督、重要分镜以及服装和道具设计的小出卓史的新作即将播出前再重看这部动画，它于我而言毫无疑问是最佳服化与设计。都说真正的歌剧强调“时间弹性”也就是心理时间的扩张，九个舞台少女的心理活动以瑰丽有趣的方式爆裂展现，相信从视觉上来说大家就已无不过瘾。而完美遵从unifyingforce的音乐也阐述了什么才是整体艺术。但让人大呼过瘾并不是这部作品的全部，少女歌剧的表达虽然不复杂但是也足够深刻，每个人都能在刀光剑影和歌声呐喊中一窥自己的内心，我们燃烧自己为了她们站上舞台，而同时又在舞台上的我们，列车驶至终点，舞台落幕之时，又该何去何从？维持着伽蓝色的空洞就这样死在回忆里，还是将自己熔化再生产？

希望我们都能思考出那句“我，再生产”对自己的意义。啃一口路边滚来的番茄，再往前踏上一步。",positive,bangumi,剧场版 少女☆歌剧 Revue Starlight
F1,negative,bilibili,四月是你的谎言
onone tanuki！,neutral,bilibili,比宇宙更远的地方
反正就是第十集呗，要是一集没讲完放到两集里这片就惨了，有这场live在，前面后面驴唇马嘴自有道理。祥子听说live上多说话有奇效于是想出了ave mujica？mygo不光关系不好，战力削弱到得靠鼓手作曲，麻弥这么长时间都没说作一回。,neutral,bangumi,mygo
不是同一个CV嘴角也要是同一个吗？,positive,bilibili,葬送的芙莉莲
回复 小裤纸 我们这边是把眼保健操的闭眼说成pi yan,negative,bilibili,辉夜大小姐想让我告白～天才们的恋爱头脑战～
众所周知起beef通常是双方联合炒作,negative,bilibili,少女乐队的呐喊
dove n鸽子,negative,bilibili,少女乐队的呐喊
486奶奶觉得nina比486更适合当演员,positive,bilibili,少女乐队的呐喊
kasm啊，吉他要学这么久吗,positive,bilibili,少女乐队的呐喊
"硬造悲剧硬狗血，日升这么多年还是你妈那一套，从部分高达到舞hime系列到穿越宇宙的少女，我真的要吐了，设计点自然有意思的脚本可以吗？
先不说seed既视感：
1男主和感情深厚的基友在对立阵营，不能互相理解；
2在某次重要的战斗中二者两败俱伤，醒来后发现自己在海岛上，身边刷新了对方的一个重要女人；
3男主至此之后开上了由敌方制造的升级版高机动机体；
还有尤菲，尤菲这个真的傻逼吧，靠狗血巧合推动剧情就不说了，前面那个毛中了这么多说什么布列塔里亚能救活，尤菲中了一次就救不活了？很强行
最后鲁路修人物塑造，很努力想塑造出一个高智商苦大仇深伟大觉悟的男主，但做了事不承担后果，经常找理由推卸责任，表现出来就是一个有点能力有点幸运没有良心的中二自大嘉豪，闹麻了
塑造上，日升常用的手法就是给你一堆信息量，看起来很酷东西很多，实际上经不住推敲浮于表面。",neutral,bangumi,Code Geass 反叛的鲁路修
前三十几集基本上都是以决斗为底的单元回，重复的样板戏，大量的兼用卡让观感有点坐牢，当然也有一些故事细腻唯美的单元回和有趣的搞笑回如ep6、7、20（守哥回质量都挺高），不过那些注水回的确很大程度拉低我对这番的好感。97年的演出方式可能略显古早，但是少革用大量的隐喻、象征手法，以各种元素的堆砌将本片的演出水平提高了不少，以很低的枚数达到了很好的效果。说回故事本身，在每一集中插入小剧场点出主题，在单元回中逐步推进主线，以几原邦彦自己独特的方式讲述了一个“王子与公主”的故事。公主与王子被困于世界的壳中，王子欺骗了公主，被物化的公主渴望打破枷锁，魔女同样如此，也渴望着“自我”，故唤醒魔女是公主的解放，也是少女的革命。世界革命失败了，两个少女的革命成功了，王子永远困于名为校园的庭院，而公主获得了自己的革命。“这一次，换我来找你了”，总有一天，要一起闪耀。,positive,bangumi,少女革命
（86100）终段的丢人遗言在我看来实际是其精髓所在富野的鬼才正在于当所有人都在追求小中见大时他却反其道为之伟大而悲剧性的叛乱，是理想主义者的悲歌吗？是革命陷入泥泞后的死局吗？当观众思考于人类的爱与丑恶时，他以戏谑的态度告诉你这也是颓废男人失去“母亲”的自暴自弃和原生家庭悲剧的延长。一边歌颂着阿克西斯的绿光一边将人物解构到如此地步，实在是无情但我很喜欢。CCA虽然无疑是宏大的，但究其本质，也许只是两个男人命中注定的一场战斗，它证明不了任何事情，只是见证他们的终结。,positive,bangumi,机动战士高达 逆袭的夏亚
这里因为炭炭是山里入，所以以为芭蕾服是正常衣服OwO,negative,bilibili,鬼灭之刃 柱训练篇
諭吉先生X100,positive,bilibili,比宇宙更远的地方
动物用于转喻。这并不罕见，其在叙事上的运用更是恰如其分。我不喜欢这样的装置。它只能为言语所铺陈开来的都市 平面 带来最后一次的屈折变化，然后，便没有然后了。驱散谜团，寻得“更高维度”的日剧感，一定要迈向外部，一定要将剧情打至跪地口牙！有什么消失了有什么出现了哇群像哇细节哇悬疑继续呀等的好急终于更了哦对的对的对的（推理）哦不是不是不是（推翻）哎呀结束了怅然若失重映下再来一遍罢，呱，原来是这样，动画内外早已打通，奇巧计程车就在那里，只是我没坐上！异质的音声、霓虹色的落语什么的已经无所谓了，因为到最后已经不再有故事，值得在另一层媒介上讲述在那里没有odd taxi  是Cfox组织的watchparty！氛围好，网坏，盼周六来。许久没写短评，见谅,neutral,bangumi,奇巧计程车
是念za扎还是zha扎啊？,positive,bilibili,Angels of Death
Dont know if it can be better Just love it,positive,bangumi,瑞克和莫蒂 第二季
nann kyoku,neutral,bilibili,比宇宙更远的地方
pwp,neutral,bilibili,转生成蜘蛛又怎样！
tmp 爽啊jpg,positive,bilibili,"世界顶尖的暗杀者,转生为异世界贵族"
ECHO,negative,bilibili,四月是你的谎言
“捂心脏”的动作是声优米泽茜自己加的，她本人也亲自负责角色的live动捕,positive,bilibili,mygo
neger村（dog）,negative,bilibili,魔女之旅
nina这一身可以去组 popipa,positive,bilibili,少女乐队的呐喊
FBIopen the door,negative,bilibili,虚构推理
666还是DM,negative,bilibili,魔女之旅
本作的优点和缺点与前作其实差别不大，在能够推动叙事稳定前进，揭露各个伏笔的同时在叙事的节奏感上还略有瑕疵。法普妲作为“价值”的化身，某种程度上是本质主义与存在主义的交锋（不过探讨的比较浅）。另外冒险主义也确实非常明显的贯穿了整部作品。ps：总感觉作者刻画“过去的事情”的能力比刻画“现在的冒险”的能力强啊,positive,bangumi,来自深渊 烈日的黄金乡
军事，谋略与政治的博弈是很不合理很嘴炮的，大多数都是鲁路修用挂硬推进过去，且此番除男女主外 人物塑造挺垃圾的，只有鲁路修有个清晰完整的弧光，CC很nice，若没有CC这玩意我可能不会点进来。,neutral,bangumi,Code Geass 反叛的鲁路修R2
青春像一场狂野的梦境。成长不是装成大人的样子，而是接受自己还是个孩子。 ep3比较喜欢给8分，ep6超级喜欢给9分，和剩下的平均一下给7分吧。ep4开始讲了点设定，讲完了反应过来这动画讲不讲设定根本无所谓啊看懂了吗，不能说懂了，也不是没懂，懂了一半差不多；感受到了吗，不能说完全感受到了，也不能说没感受到，感受到了一半差不多不过就算对不上电波，也能get到不少有意思的东西和要素，比如枕的摇滚，比如抡着贝斯砸人等等。所以还是值得一看的。倒反天罡一点，这个对我来说属于旋转少女的精神前作（）,neutral,bangumi,FLCL
我大FFF团呢,neutral,bilibili,约会大作战 第四季
C4起爆！,negative,bilibili,颂乐人偶
GBC作为一部原创动画十三集的内容虽然后面两集结尾稍显仓促但是讲完了完整的故事。可惜的是最后一话的live不是完整版。前十一集的几场live制作都极其精良尤其第三话和第十一话。文戏则是第八话和第十话发挥出色。十三话结尾也并没有选择包饺子而是以一种我们的战斗才刚刚开始结束，虽然如果没有第二季会让人很难受但是也贯彻了nina的我不想输，nina这个角色的魅力也在于对于自己认定的事情即使结果可能不敬人意但是依然不会后悔。nina和hina其实也m没有深仇大恨只是观念不同，hina虽然是结果导向者，会因为事情的结果而改变自己的行动，也正因为如此她才羡慕nina那个正论怪物吧。我们大多数人在现实中都会因为考虑结果而做出取舍，所以这才彰显nina这个角色的魅力，同时也非常的摇滚，因为妥协的摇滚不是摇滚。顺便全套蓝光BD已经支持，衷心因为能在继续见证刺刺乐队的故事,positive,bangumi,girls band cry
bochi！,positive,bangumi,孤独摇滚！
美式EVA 里面最惊艳的就是有两组伪3D环绕的长镜头挺爽和最后一集的那段音乐不错 剧情其实有点令我失望 但主角真是一个小学生,positive,bangumi,FLCL
GBC你什么时候出第二季。我要听GBC的小曲。,neutral,bangumi,girls band cry
n刷了，每次看到这里都会泪目，伟大486,negative,bilibili,少女乐队的呐喊
"不败的帝皇，每一集结束后ed都带来不同的感受，有欢喜，有悲伤。
ep10：演唱会放出双涡轮夺冠泪目，纵使三度迎来落日，但太阳依旧照常升起。",positive,bangumi,赛马娘 Pretty Derby 第二季
可能抱着过高的期待过来，补完之后没有过多的波澜。最令我惊讶的是结尾男主naked对应的是「良机」的根源（洗衣机里的一身衣服），中上了回旋镖；四叠半的重复空间及其隐喻恐怕放在2010年属实是耳目一新，但2026年的当今确实已失去震撼人心的力量。,neutral,bangumi,四叠半神话大系
轻音永远的shen,positive,bilibili,比宇宙更远的地方
自由城是gta4里的纽约（喜）,positive,bilibili,魔女之旅
看hc之前没想到能有这么深刻的恋爱番和这么神的ed。羽海野千花老师本就优秀的剧情配上神ed，等于恋爱番天花板的hc,positive,bangumi,蜂蜜与四叶草II
wdf大帝这有点太草率了吧我说,neutral,bilibili,Fate/Zero 第一季
"评价时尚未观看mujika
较好的3d观感，出色的live表现力，极为复杂、立体的角色设计成就了这部番。但为后续mujika的剧情拓展留出空间，却从叙事节奏与观感上严重拖累了mygo的剧情节奏与角色塑造。
虽然先出现问题、然后解决问题、最后包饺子，是这类作品的公式与底层逻辑。但番中大量与mygo成员的超过必要层次的互动，长期用与c团成员的关系作为问题发起角度与剧情推进者，从仅mygo本身的视角来看过于刻意，同一个问题纠结过久显得扭扭捏捏。更严重的问题在于，纠结的纠葛在c团成员间，讲的却是mygo的故事，产生了微妙的割裂与未完成感。提出的是c团中的问题，最后却在mygo中解决并包饺子，c团的问题就被有意无意的忽视了，结局饺子也就显得包得刻意。",neutral,bangumi,mygo
回复 绳子zi  大哥我说的是动画中的剧情，他们新歌才103播放，你是不是没有看懂我写的什么？,positive,bilibili,少女乐队的呐喊
"910
本来以为只是tv版的小修小改，但我只能说被震撼到了。剧情的改编非常不错（仅限这部剧场版），过渡自然了不少。唯一的遗憾是受篇幅所限，删除了部分真嗣和明日香相处的剧情，导致明日香情感转变有点不自然，但无伤大雅。不过也可能是因为看完tv版和解析后再看剧场版，所以才觉得故事更顺畅了？总之我觉得修改的剧情都很不错，例如丽的改变、明日香成为了3号机的驾驶者等等。
最后的战斗场面，我只能说叹为观止，情感渲染到了我能想到的极致。不得不服，太强了，希望后两部剧场版也能维持住这部的水准，尤其是故事方面，既然已经选择了与tv版不同的路线，那一定要把故事圆完整啊。",positive,bangumi,福音战士新剧场版：破
慕名而看，本身对科幻，赛博朋克不感兴趣，但是看着看着就深入进作品了喵。每一集都有其内涵，并且能传达得很流畅清晰喵。有的情节令我感动例如“我的战争早就结束了”还有小战车们重逢mask，有的情节令我感到震撼例如画葵画出笑脸男mask喵。有关Ghost也产生了很多思考，但总感觉不适合在这里说喵,negative,bangumi,攻壳机动队 STAND ALONE COMPLEX
在第四集第七集退坑mujica的观众be like：,negative,bilibili,颂乐人偶
sdf,neutral,bilibili,四月是你的谎言 粤配版
810  人物塑造和剧情设计上的优点无需我来夸奖。以现在的眼光来看，石头门已经是有很强10年代印记的一部动画。不只是那首著名的op主题，以及剧情中标志性的秋叶原宅文化会给人这种年代印象，另外本篇里一些宅向的包袱，放到现在可能会让一些新观众感到无所适从的直球吧（另外为什么每个人都在说石头门慢热）,positive,bangumi,命运石之门
MC 僵尸的声音,negative,bilibili,魔女之旅
其实吧2年前看过几集，未来补完计划，五年或者十年，现在是不着急看eva的三千标预订，看我是先弃坑还是能熬到补Eva的时候,negative,bangumi,新世纪福音战士
回复 Esson丶Z 也是叫波奇,negative,bilibili,国王排名 勇气的宝箱
BV1mB4y1e7P2,neutral,bilibili,辉夜大小姐想让我告白 -究极浪漫-
这部片本身的一个硬伤在于风格大于内容，但由于音乐、美术等优秀方面，还是让人获得了一些不错的体验。不过单元剧形式下很难保证每一话都有高水准的故事，到了后半明显感觉到变得较为乏力，所以个人认为是稍有些过誉的一部作品。ep7是我较喜欢的一个单元故事，就挺帅的。在这26集中看到了主角们的成长和羁绊，最后spike独闯红龙也算是画上了一个好的句号。,positive,bangumi,星际牛仔
"竟然是我看过的第一部动画，很难说没有情怀分在然后就把三部重新看了一次。结论是还是很喜欢。音乐、节奏呈现出一种扎实的好。
不能简单地用“治好了我的精神内耗”来评价ARIA的治愈系。不过在重新看的过程中发现，我认为还是很难再能找到第二部认真讲理想的生活的作品。做得真好啊！适合一口气看完。",positive,bangumi,水星领航员 第三季
百闻不如一见，充满欢乐，从头笑到尾，同样是阴角设定的主角，跟《丧女》这部番比起来，互有优劣，不过不管是名气还是制作都更像是丧女Pro max版，其实我感觉不分伯仲，《孤独摇滚》的加分项在哪里？大量的neta加上更广泛吸引观众或者说是阿宅的题材和人设如冷脸萌的凉、阳角美女的喜多与虹夏。题外话阿宅们真的是很奇怪的群体，既说“在动漫里找寻现实是很无聊的事”，又代入角色当中，说着什么“这简直就是我”的恶心话语，牠们什么时候能明白一个道理虚幻的世界必定与现实有着藕断丝连的联系，从神话、宗教典经、小说，到如今的电影、动漫，身处现实世界又抛弃现实的观念，只认为美好的故事是值得观看的反之亦然，而忽略了角色首先是作为一个“人”活着的，这想必也就是《丧女》与《孤独摇滚》巨大评分差距的原因之一，这两部都是非常好看的番，但待遇差距如此之大，实在令人愤愤不平,neutral,bangumi,孤独摇滚！
回复 御坂NIMEI77 在b站看番别看评分，总有些人喜欢挑骨头，没必要搞的自己心里不痛快,negative,bilibili,因为太怕痛就全点防御力了
我去竟然是mfs爷青回,negative,bilibili,鬼灭之刃 柱训练篇
oooo,neutral,bilibili,颂乐人偶
回复 bluegreenpink2333 乙骨只是太乖了吧其实也算不上尊敬（他还吐槽五条来着）但其他人确实是一点都不尊敬,negative,bilibili,咒术回战
bgm不妙啊,neutral,bilibili,颂乐人偶
求壁zhi,negative,bilibili,四月是你的谎言 粤配版
the leader,neutral,bilibili,比宇宙更远的地方
回复 纪风Yuuki 下一集,negative,bilibili,葬送的芙莉莲
FaZe Clan,neutral,bilibili,颂乐人偶
首先是犯下傲慢之罪的mappa,negative,bilibili,小林家的龙女仆 第二季
1v1真男人决斗,neutral,bilibili,Angels of Death
如果说0079的血腥屠杀中多少还孕育着一点废墟中重建的希望，z高达就是一场看不到尽头的消耗战，像是几床icu的病人比拼谁是最后拔管的。我确实从未见过卡缪这种角色，一个内心纤细，完全不受常识和规则束缚，只依靠着过于超模的直觉和本能行动的生物。不同于阿姆罗人格的重铸，苦难挫折并未让他向着“大人”的方向成熟，只是让他的才能越发锋利，锋利到可以斩断一切压力，但代价是在一次次刻骨铭心的打磨后最终剥离了自己。剧情和其他人物也都服务着这一主题，现代性不自觉的暴行绕过了人性判决，不应属于战场的残缺之人飞蛾扑火般追寻着能让自己享受片刻充实的虚幻慰藉，在求生的挣扎中迷失扭曲，甚至忘却了求生本身的意义。疯狂确实是卡缪最好的归宿，抛却理智才能中止不可逆的自毁，至少才能活到那个有转机的“新时代”。,positive,bangumi,机动战士Z高达
emmmmmmm,neutral,bilibili,比宇宙更远的地方
"在大三这个时间去看四叠半可谓“恰逢其时”，动画最大的意义在于否定了两个想法：看二次元害的，和如果从大一重新来过，大学生活肯定会变得更精彩。现实更可能是，即使重新来过，估计还是只会窝在宿舍里看动画玩黄油，当沙比otaku，不会有什么改变。
虽然动画被誉为脱宅神作，但动画本身绝不会成为脱宅的动力，最强大的脱宅动力来自于现实生活，是工作，是避无可避的压力与焦虑。",positive,bangumi,四叠半神话大系
容不得差评的粉丝让我忍不住扣了一分情绪分对我个人而言真的很努力在对上电波了，但也根本对不上的作品，我也喜欢燃系作品，很多说致敬这部作品的君王者看的我直呼过瘾，巴克亚罗也能让我热血沸腾，但是在天元突破中我真的很难丢下脑子去纯粹的享受制作和cv凸出的燃感，它的叙事节奏故事结构都让我很难习惯，人物塑造方面能说的上完整的在我看来也不多，还有时不时编剧的一些恶趣味，二哥亲优子第一遍看真的给我恶心的差点弃番，亲完之后搞个对应大哥的牺牲更是让我释怀的笑，最后来个能复活人但是又如能，只能说是多少沾点窝火吧。这部作品在我看来的感觉是燃，但因为一些悲剧又不能燃到底，超级系的壳子却大量充斥着无法解决的真实系悲剧，角色被编剧的大手玩弄得甚至有点可怜，在这两种割裂的氛围下我一时间不知道我该去感受哪一个，抹干眼泪昂首前行干碎tmd世界是对的，但一次又一次的走这个套路真的很乏味,negative,bangumi,天元突破 红莲螺岩
ohno,neutral,bilibili,颂乐人偶
Niko！,neutral,bilibili,魔女之旅
Guy,neutral,bilibili,鬼灭之刃 柱训练篇
piece of you真的好好听,positive,bangumi,少女与战车 剧场版
不需要mujica完结，ep10用玻璃搭建的舞台本就摇摇欲坠,neutral,bangumi,mygo
第十集神回啊太好看了，这片就留最后几集和前十集得了。最后5分钟月之茧MV剪得不错，归于月光蝶之茧再到黄金之秋的概念是挺好，原还以为要伊迪安发动篇救济了结果没有，但做出来效果太命题作文了，不知道你们在打啥但矛盾已经和和美美解决了？？接下来一个漂亮唯美大场景飞出来了！但可惜我的脑子里此时回荡的还是“我要用我的面包创造一个地球月球中立地带” “我们可是为了今天演习了两千年的月球兵啊”“月球滴老乡呀”“你能容忍我们村落后隔壁村一千年吗” 这种无语台词害得我一直在笑。女王互换身份的段子居然写了40集还是主线比较出乎意料，个人不太喜欢感觉停在前十集刚好，再久说实话有推卸责任的观感啊，不要找人替你上班自己去度假啊！最后太喜欢女网友调侃小伙村夫村口械斗月球老太监商战时总说感觉不如革命机，然后一查此回脚本大河内一楼的互文感了！没有女网友无法通关的萝卜片。,neutral,bangumi,∀高达
messi！！！,neutral,bilibili,四月是你的谎言
过载24G,neutral,bilibili,魔女之旅
486 QQ弹弹,negative,bilibili,少女乐队的呐喊
还是迈巴赫yang r养人,neutral,bilibili,颂乐人偶
WAWAWA,neutral,bilibili,Fate/stay night [Unlimited Blade Works] 第一季
Ghost in the shell,positive,bangumi,攻壳机动队2 无罪
趁着补完SAC两季SSS的劲头，借着20把95攻壳重温了下。当年看的连一点影子都记不得了诶。话说这重置版3D好扎眼。神山和押井守的攻壳比起来，我可能还是更喜欢前者，神山版的让人感觉更加有血有肉。,positive,bangumi,攻壳机动队2.0
好像月色真美的画面hhhh akane酱,negative,bilibili,比宇宙更远的地方
回复 Zoe的巧克力味小星星 我x你仙人板板，比赛都抵拢坎唠，勒崽儿又在灯晃,positive,bilibili,四月是你的谎言 粤配版
AK12？,neutral,bilibili,魔女之旅
"蹭一蹭如果有对莎缇拉和Re0同人小说感兴趣的朋友，可以看我的专栏
（主要是400年前的故事）
nianiania",positive,bilibili,Re：从零开始的异世界生活 第二季 后半
感觉这个小女孩的声音莫名像mzk。,neutral,bilibili,魔女之旅
嗨！纳尼逮si ki？,negative,bilibili,少女乐队的呐喊
炭炭小太阳呀OvO,neutral,bilibili,鬼灭之刃 柱训练篇
mujica,neutral,bilibili,魔女之旅
俘获cp头子,neutral,bilibili,间谍过家家 粤配版
应该说me too,neutral,bilibili,间谍过家家 粤配版
ktv口语水平,negative,bilibili,颂乐人偶
利姆鲁用自己的史莱姆状态洗澡是明智之举，可以避免很多麻烦目前是跟谁混浴都没问题（不过朱菜会阻止利姆鲁跟她哥那群男性混浴、后面日向也会拒绝利姆鲁跑女汤），没想到米莉姆不按套路出牌，用利姆鲁来搓澡，果然米莉姆很聪明nanoda，难怪大贤者想要进化，再不进化萌王随时都会被抢走。,positive,bilibili,关于我转生变成史莱姆这档事 转生史莱姆日记
灯dua郎桥,neutral,bilibili,颂乐人偶
aei,neutral,bilibili,比宇宙更远的地方
"角色保有着较单纯的友谊，情节走向简单而清晰，不涉入过多设定，有孩子想要的套路。不过重温后发现屎尿屁段子竟然有点多？！这一点在系列后面有所改变。
这个时期的数码世界冒险有种异世界穿越的味道。但是DA01中的数码世界构建元素相当杂糅，古堡、荒岛、丛林、童话乐园，也有现代工具。像诸如一片海岸沙滩上有着电话亭的视觉表现，甚至有点新怪谈？
虽然回忆给它添加了过多光环，但OPED进化曲的质量是实实在在的惊人，就算记忆褪色之后再听，也仍然愿意长久循环播放。
由于部分单集脚本监督的更换，实际存在一些风格差异。尤其太一初回现实那一集，带有细田守的个人偏好，显得更像一个梦境而非真实发生的情节。
细田守监督的两部剧场版为TV增色添彩不少，甚至可以说是数码宝贝最好的两部剧场版。",neutral,bangumi,数码宝贝大冒险
"【列车必将驶向下一站，那么舞台呢？我们呢？】
2021年的EVA精神续作（），再见了，所有的舞台少女。

【友人啊，为何离我而去？】新剧场版完全推翻了对TV中关于爱城华恋的认知，您才是重女啊（）
我将我过去所有的努力，所拥有的一切全部作为燃料，以完成登上舞台的再生产，去迎接崭新未知的命运。在新的唱词响起时，在“青春期的可能性”断裂时，伴随着那句“最后的台词”，实在是太抹布吸了哇卡立马斯！！！

【我们已经站在舞台上了。】",positive,bangumi,剧场版 少女☆歌剧 Revue Starlight
哦 aLkr？。lolnllkmujmm,neutral,bilibili,虚构推理
独眼猫iivv？,positive,bilibili,Angels of Death
杂修x1,negative,bilibili,Fate/Zero 第一季
90，正片82，熏03，结尾05，最后3集是熬夜看的，当时看完想着赶紧睡觉，后面品味结尾part2后劲有点太大，故评9分,positive,bangumi,四月是你的谎言
维持san值的那个别走,positive,bilibili,比宇宙更远的地方
你的Berserker不是被创烂了吗,negative,bilibili,Fate/Zero 第一季
RMB玩家跟开挂玩家对打,negative,bilibili,Fate/Zero 第一季
回复 Radiati0n 不金属，逊毙了,negative,bilibili,mygo
在哪都有l4d2玩家,negative,bilibili,颂乐人偶
"回复 The Planet Uranus 娜贝（对着某人类）：恶心的低等生物（蟑螂），给我闭上你的嘴，信不信我用勺子把你的眼珠挖出来
恐怖公：才没有被伤到呢才没有",negative,bilibili,OVERLORD
woikkk,neutral,bilibili,鬼灭之刃 柱训练篇
上承2001太空漫游，下启EVA补完计划。同时期还和恶魔人漫画一起治癒人心。结局称之为日本动画史上最丧心病狂的结局亦不为过。原以为看过《air》已无所畏惧，结果还是被其先锋程度震得合不拢嘴。真心为你里的人类变柳橙汁基本就是照抄结局的全人类死光光在宇宙里玩裸飘，而就震撼程度来说伊甸王比真心为你还有过之而无不及。看完了总算可以理解为什么富（爱）野（的）光（战）头（神）能给痞子跟老虚留下童年阴影了，换我,neutral,bangumi,传说巨神伊迪安 发动篇
这声音怎么有股soyo味儿（母鸡卡看多了hh）,negative,bilibili,魔女之旅
"12、486和贝蒂对话的节奏非常舒服。
　　害怕切入正题所以边和贝蒂开玩笑边整理感情是486的坏习惯。

13、虽然Re0不管哪处都是这样，但当看到最后再回过头来看前面的角色们在想些什么也是很有意思的。这一话也是，今后可以考虑着贝蒂此时的心情回顾。

14、方便用来打破严肃气氛的奥托。（重要的要说2遍）

15、说起来，难得见到奥托脱帽子啊。

16、长月个人很喜欢emt叫奥托【奥托君】。

17、【克雷马尔蒂圣域】，原本在web版都只是用【圣域】、【圣域】称呼的，文库版里给它加上了名字。没有地名的话果然还是不太容易认识。

18、虽然出发的时候已经过去了2天，但每天晚上都会对蕾姆讲当天发生的事是486的日课。

19、呜哦！佩特拉！她的衣服大概是蕾姆拉姆穿剩下的！如果去看双子的过去篇的话，实际就是这样的样子。

20、OVA《雪之回忆》里佩特拉和贝蒂经常在近距离错过，这是由于贝蒂有意识地躲起来避免接触的关系，两人之间没有过直接对话。
因此在佩特拉的印象里贝蒂是【好像有这么个人】的模糊的状态。",positive,bilibili,Re：从零开始的异世界生活 第二季 前半
zdbnm,neutral,bilibili,四月是你的谎言
vocal，这个调音太细节了,negative,bilibili,少女乐队的呐喊
完结撒花oo,neutral,bilibili,少女乐队的呐喊
"这部动画将很多让普通人觉得高超的话题，例如时间、因果关系、科学的意义、社会矛盾放进了故事中。但思考的成果是网络上已经大量重复的，缺少创新，并且没有数理逻辑的合法性，也没有对概念的清晰定义，就像是20世纪以来的哲学家和今天人文社科界做的那些自以为聪明的创作。
在道德问题上，它倾向于一种虚无主义（有时是对Rick双标的），但为了显得自己理性，还要找注定不符合逻辑但具有迷惑性的理由来证明自己的结论：比如Rick说，爱情是一种化学反应的结果，没什么重要的。但观众应当意识到，事物拥有不同身份，“化学反应的结果”这一身份并不使得爱情值得被重视，不能推出爱情不值得被重视。注意力的转移导致概念混淆是这一逻辑谬误的运行原理。
它对于道德和科学思维的危害是巨大的，它的成功既是我预料中的，也是我担忧的。它将毒害不止一代年轻人，并且被毒害的人必将觉得自己走在一条先进的路",negative,bangumi,瑞克和莫蒂 第一季
COD好像有个角色也叫希拉,positive,bilibili,魔女之旅
666怎么还有Eva？,neutral,bilibili,魔女之旅
sora生成,negative,bilibili,少女乐队的呐喊
C C C,negative,bilibili,少女乐队的呐喊
日本人是发不出气音的，所以他们是发不出I音的，所以就变成了a,negative,bilibili,四月是你的谎言
唯有几原，把握得了精神分析的欲望美学。诸位角色苦寻的“蔷薇新娘”，正是双重转喻后的主体性匮乏：脐带被切断后主体就失落般地残存，七实对冬芽之欲，米奇对梢之欲，树璃对枝织之欲，御影对马宫之欲以及欧蒂娜对王子之欲，皆为对欲望之成因的对象a的再度找寻，对象a向主体们发问：“你究竟想要什么？”他们误以为自己爱着安希：“我要的不是这个”于是他们回忆过往的创伤：“我要的也不是这个”旋即又将视线返回至充当幻象的安希。决斗三度，他们满足了吗？否，愚蠢的主体总是在欲望着欲望的不可能性，对象a只会使欲望再生产。因此，主体必须穿越幻象：凤晓生屡次对欧蒂娜魅惑般地呢喃：“你只需当公主就行了。”可她一定不能被写入凤学园这个封闭的符号系统，她必须挣脱父权共同体提供的虚假安宁，她必须承担起自己的欲望，将其坚持到底欧蒂娜们打破了蛋壳，让世界得以革命，一场主体性的，崇高的革命。,positive,bangumi,少女革命
这可以说是我最喜欢的作品之一了，我很喜欢插叙的手法，更喜欢Spike的人物塑造以及他们那种自由的生活，最后的悲剧结尾略显草率但演出很到位，10分,positive,bangumi,星际牛仔
比起第一季要更加宏观一些，涉及了多个国家的政治，但对这些政治的描绘感觉略少导致关系有点空洞，对队内的其他角色有一些小故事观感还不错，最后塔奇克马违背命令的自我牺牲挺触动的，ghost的描述感觉更进一步了，在剧场版中的素子体现了这一点,positive,bangumi,攻壳机动队 S.A.C. 2nd GIG
幽灵公主？黑帽女王！以宫老一贯擅长且爱用的王道Boy Meets Girl为主线脉络贯穿辅以充分的留白、魂系碎片化叙事、多方势力的碰撞引发人无限猜想。这么多天过去了，观后感发酵最大的感想其实是比较世俗的关于颜值的重要性，不够帅的话，阿席达卡早就被小桑抹脖子了，就没有了然后桀桀桀以目前人生沉淀下来的Navie价值观和个人主观极具局限性的视野而言，情感上其实更倾向炼铁城阵营的方针。绝对不是因为觉得黑帽人物弧光完善，而公主略显人与自然共存象征的工具人jpg人定胜天or顺应天道，也犹如人类深处的DNA一般宿命，矛盾螺旋到永恒。手握着“中庸之道”的老中们，在这所谓百年未有的巨大变局里，也致力于小心驶向“人类命运共同体”的未来。,neutral,bangumi,幽灵公主
mazda rx7,neutral,bilibili,名侦探柯南：零的执行人
（92100）依托于0079搭建起来的优良骨架和整体进步的制作水平，富野的思想和才华终于在Z中得到了进一步的展示和释放，或者说，“战争之后的战争”，也许才是身处冷战时期并经历过学运的他真正想讲的故事。凭借一流的叙事能力和超一流的台词设计能力，提坦斯奥古阿克西斯木星，少年、军人、政治家、强化人、新人类，极权主义、女性主义、精英主义、自由主义势力格局之复杂和思想主旨之多样都令人咋舌，更难能可贵的是即使这样也丝毫没有在叙事上偷懒，就群像塑造和故事曲折而言也是ACG顶级的太空歌剧。当然一些用力不均导致时而晦涩难懂时而重复拖沓的问题也有，但这种需要观众去自发理解拼接作品的大气可以说再适合Z这样宏大的作品不过了。,positive,bangumi,机动战士Z高达
M V P：约尔,negative,bilibili,间谍过家家 第二季 中配版
ng里没扔上去还是c姐给瑞伊缠了个同款绷带,neutral,bilibili,Angels of Death
这剧情有点像《NANA》,positive,bilibili,少女乐队的呐喊
"经过一季的铺垫，吹2制作上和节奏把控更加成熟，剧情推进过程中逐渐回收第一季埋下的的伏笔。
      虽然比起第一季，演奏比赛剧情有所减少，剧情上更多的把重点放在了人际关系上，最为优秀的就是姐姐线和明日香线的巧妙融合，这一段剧情使京吹2在我的心里拔高了几个档次。
      音乐质量极高不多赘述，吹2的ost在我这里就是top1，配合剧情带来的情感冲击不逊色于任何一部动画。
       在我心里它就是当之无愧的神作！",positive,bangumi,吹响吧！上低音号 第二季
偷摸零：已开启AI托管自动寻路（,negative,bilibili,mygo
我为什么觉得像stocking的声音，，,negative,bilibili,魔女之旅
"MyGOAve Mujica的分析看我的视频
这是我将近一年前发的文章
MyGO死婴说
在同一家医院里面，1月14日，睦的母亲生下双胞胎姐妹祥睦。2月14日，祥子母亲生下死婴。祥子父亲为了不让祥子母亲过度伤心或者是为了维持自己在丰川家的地位又或者是出于出轨的罪恶感，祥子父亲和睦的母亲一起给医院塞了钱以后交换了婴儿的身份，祥子成为了死婴母亲的女儿，死婴成为了睦（不畏死亡）的双胞胎姐妹。选择的是祥子是因为婴儿都继承了丰川家的血脉，祥子和死婴长得很相像的原因。丈夫出轨加上一直以来精心培养的女儿也是假的，这样的话会选择死亡也能够理解。
睦小的时候对于自己误以为是自己姐妹的死婴的死亡感到罪恶感，现在对于祥子母亲的死亡（自杀）感到罪恶感。组乐队对于睦来说不过是为了满足祥子的愿望所进行的赎罪而已，并没有什么开心的，唱卡拉OK的时候不过是为了让祥子开心所表演的演技而已（毕竟若叶一家所参演的喜剧类电视剧里所表演的表里不一的演技让灯都感到可怕），在祥子被要求第一个唱歌感到困扰的时候睦也抢先第一个唱歌。

祥子和睦：父母出轨所生的的双胞胎姐妹，被拆散到了不同的家庭所收养
祥子和初华：远亲，三角这个姓氏是用夏季大三角修改的
立希和MANA：姐妹，MANA原本的名字里面除了和立希的名字里面唯一一个不一样的字以外全部都进行了修改
祥子父亲和睦的母亲：出轨，祥子的母亲受到了自己最信任的两个人所背叛
祥子母亲和睦的母亲：姐妹，原本属于祥子母亲的和睦的母亲相似的人偶由祥子继承
海铃和初华：佣兵和雇主，在第十一集在阳台上拍照被猫猫看到",positive,bilibili,颂乐人偶
YES！YES！YES！,neutral,bilibili,魔女之旅
感觉好多角色都像是被天意裹挟一样追求战争，仿佛所谓的“斗争本能”是一个像nt一样的超能力设定，让我觉得因这些人展开的冲突十分儿戏，有种“子供向战争片”的感觉。与之相对的女王、大小姐、罗兰这三个为数不多没被天意腐蚀的正常人就十分讨喜了，身份互换这个本来以为讲个两集就会结束的设定居然贯穿始终，在离地上月球那一段我们俩一心同体实在是太帅了，最后女王跟了罗兰、大小姐跟了哈利也算是十分浪漫的结局，虽然细想下来迪安娜还是太不负责任了，明明那么被月球子民爱戴，不仅下地时候搞身份互换这种事，最后还把月球交给了别人，哪怕相信姬艾尔能做的比自己更好也实在是,neutral,bangumi,∀高达
看完Mygo，Mujica再看的这个。虽然屎已经咽下去了，但是多多来点薄荷冰爽漱口水总是好的很。,positive,bangumi,girls band cry
mua！,neutral,bilibili,少女乐队的呐喊
怎么只剩两级了TnT,negative,bilibili,少女乐队的呐喊
Star part,neutral,bilibili,四月是你的谎言
一句CNM的事情,neutral,bilibili,比宇宙更远的地方
后面有一把琴长的好像Mio的那把啊,neutral,bilibili,少女乐队的呐喊
回复 MintMango 天机不可泄露，大概第3、4话，你就知道它的厉害了,negative,bilibili,OVERLORD Ⅱ
回复 ShishenWhy 尺子哪里来的冠位呀,negative,bilibili,Fate/Zero 第一季
（7）二刷  特摄味好棒  苏联没了（）  配乐挺突出  哈哈哈哈，yesterday once more  居然讲后泡沫时期  追车作画好棒  老爸成长的特写太棒了，硬实力啊  穿帮的地方也太多了，很赶啊看来  太燃啦！  这反派太有意思了，似人非人，看来是当作某种概念的容器看待的  剧情平凡，但立意实在亚撒西  21世纪的四分一，大人帝国也成了被怀旧的对象，一如结尾朝向未来的夕阳，怀旧怀旧的怀旧也成怀旧,neutral,bangumi,蜡笔小新：大人王国的反击
再一次被羽海野老师刻画日常与人物细腻的内心的能力所折服。相比起三狮而言，本作将更多的笔墨放在了刻画恋爱之心上。尽管拉扯的有些重复，但本作还是凭借着直击人心的文戏和融于情景的演出一次次的展示出少男少女的内心。与此同时，羽海野仍然着重讨论了人对于自身存在价值的思考，并借由竹本骑车环游日本这一情节作为高潮表现出来。在这样一条漫长的道路上，竹本最终还是收获了自己未来的方向，以及阿久在自己心中的地位。或许这可能是最“刻板印象”的某种青春，但无论如何迷茫都是成长的必经之路啊 TT,positive,bangumi,蜂蜜与四叶草
"看看文艺大学生们的生活，对比现如今疫情的校园，大学生一只脚在校园，另一只脚在社会，这其中的转变，只可意会不可言传
（20221052022113b站）",negative,bangumi,蜂蜜与四叶草
回复 naskarl nina：指不定谁压过谁,negative,bilibili,少女乐队的呐喊
WRC斯巴鲁车队,neutral,bilibili,少女乐队的呐喊
纯搞笑片，这个鸟样的自卫队还保护东京，还装b样开着烂坦克去东京，反派也是智障，还装深沉以为很厉害，不知道小日本就是个殖民地，上面还有个美国爹呢，而押井守最爱的美军老爷在朝鲜被打怕了，押井守知不知道自己最爱的美军老爷不敢往越南北纬17度线附近轰炸的原因啊，怕呀害怕，不知道的看了这片还以为小日本是什么很重要的大国呢。不安desu,negative,bangumi,机动警察剧场版2 和平保卫战
OP变调小曲,neutral,bilibili,少女乐队的呐喊
uio】‘【破IP【】、,negative,bilibili,四月是你的谎言
从天空竞技场篇开始引入念能力后观感直接起飞，友客鑫市拍卖篇最引人入胜，其中ep56是最喜欢的单集，酷拉皮卡 vs 窝金真让人直呼过瘾,positive,bangumi,猎人
真实和虚拟，或者说梦想的差距是客观存在的，如果用精神分析的术语，则可以说自我、超我、本我有着本质区分。然而这种区分令人痛苦理事长对残疾的逃避即为此例，所以人们难免会向梦境、虚拟找寻安慰，这种欲望最终转化为理事长利用DCMINI自我满足的直接动机，哪怕侵害他人亦在所不惜。与之截然相反的是敦子和时田的感情线设计，我相当喜欢时田和敦子的相互包容，敦子即使在梦境中也会评价敦子“少了红辣椒”这本我的一面，而敦子更是接纳了时天除了天才发明家之外的一切，包括那可以称得上是肥胖到丑陋的外表。相对应的，粉川从恐惧回忆起“放弃电影梦想”的过去，再到悦纳借由电影这一契机成为刑警的自己彰显了：现实的自己即使不如意，也值得认可；沉溺虚拟的宣泄总要转化为回到现实认真生活的勇气。另外，本片亦呈现出灵动的画面、绝妙的分镜和出彩的演技，是我看过今敏作品中完成度最高的一部。,positive,bangumi,红辣椒
Saya！,neutral,bilibili,颂乐人偶
简单一句话版：eva的爹，两者豆瓣分应该换换。详细版：看完tv38集后，这部结局的剧场版把一切都盘活了。如果说前期的tv还能笑笑还可以为主角的抗争而喝彩还能期待邪不胜正。这一部的主题则是无路可逃。既逃不了人的攻击，也逃不了神的命运。每一次战斗都揭露了真相，但每一次的真相就更为残酷。最终到达了少有的全灭结局。在那个年代尤其是给小孩为噱头的情景下，不得不说既有魄力，又有开拓性。eva在旧结局的拍摄手法,positive,bangumi,传说巨神伊迪安 发动篇
Lusy,neutral,bilibili,魔女之旅
回复 QuartZZ 回复 QuartZZ 害 建议您再看一遍或者去询问别人 看看评论也好 实在没心情和您解释jpg,negative,bilibili,异度侵入 ID:INVADED
hi？,neutral,bilibili,鬼灭之刃 刀匠村篇
回复 1miLia也是55开 明天不更新,negative,bilibili,盾之勇者成名录 第四季
"既不真实，也不催泪，更非神作。尽管其作为萌二们第一次直面未来可能性的作品确实称得上天翻地覆，但若真正以世俗的眼光来看待，其唯一的特殊点就是前期“二次元过度”，有些人觉得“魏大勋”而我觉得“味真族”的日常戏码了，但后续的展开居然光速背叛了这些真正称得上美好的事物，这不是在宣判宅男的死刑吗？而这些萌二居然感激涕零，要死要活的接受了！去真正的现实看看吧，就是放下手机看看周围中年人手上的老茧也好，现实从不绝望，就算众叛亲离、全家s光又会怎样呢？本来无一物，何处惹尘埃，重要的不恰恰是那些我们曾几何时觉得幼稚的事物吗？
第一季我能给到8分，第二季只有6分",positive,bangumi,CLANNAD
ba狗,neutral,bilibili,颂乐人偶
ep11京吹也有相似的情节ep12单集讨论里的147楼“数钱和未读邮件这两个镜头简直封神，两个镜头就能写出一个经历过丧母又保持信念坚持自我的jk的三年的痛苦与孤独。一切的感情都在这之间宣泄了出来。”ep13短发的胜利！,negative,bangumi,比宇宙更远的地方
wok窦唯,positive,bilibili,少女乐队的呐喊
用了两天时间补完了京吹的第一季，想说的基本也和朋友说过了，这里简单总结一下吧，在抛开百合还是bg这个问题的情况下，我很喜欢这一季，在我心中可以达到神作的标准，角色好看，声优演出尽力（这个必须得给好评中的好评，黑泽朋世真的强无敌，其他的cv也是）剧情和画面演出很细腻（这个就有点双刃剑了，有些时候太细腻了反而会让我有些难受）一开始是想看京吹3乐子才来补的，在我点开第一集的时候，我也不会想到会是这样的的结果吧。,positive,bangumi,吹响吧！上低音号
本作更像是一个点子集，塞了很多有想法的点子然后快速解决。整体上就像摆在那里让你感受氛围。感受到的集数观感上佳，但是没感受到的单元集也只能说味同嚼蜡。不过ep24、25和26确实是实实在在让我感受到了那悲伤而浪漫的氛围了，美好的旅途终究有结束的一天，美好的梦醒了，我们终将分别。但在旅途结束前，谁不想和一个好哥们、一个坏女人、一只狗和一个计算机领域大神一起浪迹天涯纵情人生呢可惜我是个传统小农思想的人，也就想一想，也只能想一想，把那只狗给我就行了。see you cowboy,positive,bangumi,星际牛仔
soyo：竟敢无视crychic！,negative,bilibili,颂乐人偶
看不得be 结局的我如是,positive,bilibili,夏目友人帐 第七季
回复 cgy2468 我去 什么mc,negative,bilibili,因为太怕痛就全点防御力了 第二季
不是很懂这部重制版存在的意义，完完全全彻彻底底从头到尾由里到外被95原版吊打。如果有人打算以这部替代95版观看的话，推荐还是看原版吧。    改的两个3d片段看起来很粗糙，色调还一片暗红，没有了手绘原版的震撼，跟前后的其他手绘内容格格不入，甚至损伤了全片的基调。,negative,bangumi,攻壳机动队2.0
感觉还是犯了gal改的通病。不同人物的片段是断片的。对我个人来说渚的人物设定也并不讨喜。最后的光玉其实并不需要有，只是为了和前面的剧情光滑衔接。18话是可以让人感动的一话。,positive,bangumi,CLANNAD 〜AFTER STORY〜
回复 Summer丶nine 没全画出来，只是顺便罗列了几个，,negative,bilibili,刀剑神域 爱丽丝篇 异界战争
情感细腻，剧情节奏舒适，有活有乐子有感动的非常不错的少女乐队，为什么要奏响春日影jpg，可惜摊上了母鸡卡这样的续作，在母鸡卡里毁掉了Mygo建立起的人设，虽然很想切割，但还是降一星给到七吧,neutral,bangumi,mygo
回复 Quantumest 所以不能从结果论讨论问题啊！,negative,bilibili,这个勇者明明超强却过分慎重
A上去啊，A上去啊！！,negative,bilibili,Angels of Death
这家伙在说什么呢jpg,neutral,bilibili,Fate/Zero 第一季
sealook,neutral,bilibili,比宇宙更远的地方
开瓶盖，bo,negative,bilibili,鬼灭之刃 柱训练篇
2025siff27重温，DEATH剪辑很有水平，D大调卡农弦乐四重奏太棒了，大荧幕上看绫波的微笑，至福，DEATH结束速速出去买芬达；Air居然从明日香与二号机再启动那里就开始哭，大人的吻、矶光雄画的二号机vs量产，尊；真心为你来吧甜蜜的死亡一响就开始哭，后面看到剧院实拍画面笑出来了，这种跨越时空的会面太棒了；为角色们无法认识并确立自我而心痛，也为真嗣与香最终选择一个痛苦与爱并存的世界感动最暴力也是最华丽的补完骗钱！骗感情！但是被骗得心甘情愿！,positive,bangumi,新世纪福音战士剧场版 DEATH(TRUE)2/Air/真心为你
回复 某Arry fgo老所长向圣杯许愿大量金钱来建设迦勒底，那个正常的圣杯实现愿望的方式好像是显示出未探明的海底油田的位置还有其他类似的方式，使老所长获得金钱的，好像是ccc活动的时候提到的作为迦勒底主财源那个油田的来历，我没去确认，应该没错才是。,positive,bilibili,Fate/Zero 第一季
纯纯cjb，质量落差比得上那啥。一堆sb还搁那狂吹，傻逼，只剩童年了是吧？,negative,bangumi,猫和老鼠
nina觉得自己和486不是一路人486很像当初学校里80的现充,positive,bilibili,少女乐队的呐喊
白细胞都被吓死了hhhhhhh,negative,bilibili,工作细胞 第二季
"精彩的作画、演出和配乐 制作方面真的已经别无所求了 法普坦那时而似人时而似兽的动作，有时候又化作一团白影，真的叹为观止
在前几篇的世界观铺垫之后，显然原作者想在黄金乡篇表达些更深层次的东西，塞入了大量的隐喻和“意义”：绝境中的道德观（能在深层存活就要舍弃一部分人性，比如黎明卿）、宗教意味的审判轮回献身补完（法普坦是审判的化身）、“价值”的评判与比较、肉体和欲望，当然还有明显一些的母爱羁绊探索自我价值等等。在有限的篇幅里，很显然没有办法写好每一个宏大的主题，这样一个作者自我表达的杂糅的集合体，是不是真的“深刻”就有些见仁见智了
不过除开这一堆表达，双线展开的剧情设计环环相扣又自圆其说，还是十分精彩的
op超喜欢",positive,bangumi,来自深渊 烈日的黄金乡
在近年海贼制作组的各种拉跨小妙招的连番轰炸和受人诟病的前提下，诞生了这样的一部作品，我本人保持着百分百的喜悦与感动享用了！感谢staff们的付出，让我想起了第一次观看海贼王时候的感动！！！,positive,bangumi,航海王：粉丝来信
回复 icicle 今晚晚饭是地狱麻婆豆腐全席（,negative,bilibili,Fate/stay night [Unlimited Blade Works] 第一季
回复 静雨轩Stillrain 写错了,negative,bilibili,某科学的超电磁炮
打call打call,negative,bilibili,四月是你的谎言
26集将社会、政治、哲思交织在一起形成了完整的社会格局，相比第一季更加严丝合缝，在我看过的里面这思想高度绝无仅有。且制作又是日本动画工业最高水准。但“人心往低处流”，超高的信息密度对我的大脑狂轰乱炸，政治、社会又是我不喜欢的领域我看的其实很煎熬T  T,positive,bangumi,攻壳机动队 S.A.C. 2nd GIG
"总评8510
开局超神，中期略平淡，而且09政治部分观感真的不好。ep12情感表现很强，邮件这个铺垫很用心，ep13收尾也很圆满，一天一集看了半个月，最后那一段也产生了旅程结束的不舍感，bgm插入也很神。
但是从总体来看，这是一部以人物情绪爆发为核心的作品正是花田的风格，但我更期待看到的其实是对于南极的探索、对人类智慧与理性光辉的展现。青春少女的南极物语固然也很好看，但我觉得只注重展现感性的情绪会让作品失去一些崇高的东西。",positive,bangumi,比宇宙更远的地方
本作不仅仅是对业界的neta，更是励志沉沦之人的童话。用近乎夸张的形式淡然描绘业界的阴暗，残酷的现实问题，以及避不开的人情世故，通过创造各种符号化的人物，反映动画制作过程中可能遇见的形形色色的人，即便如此，故事中各种情感的传达，依旧到位。动画以喵森的工作视角为主轴，从制作进行到制作管理，这两份联系各种动画制作环节的职业，衔接起各式各样的分支，于观众展现了独属于动画业界的群像。ep23静香的那句“我感觉现在 离自己的梦想又近了一步”真的相当触动，他们的故事仍在继续，而现实的我们亦是如此,positive,bangumi,白箱
202511 已看过补评分 至少内容还比史级大作AveMujica合理,neutral,bangumi,mygo
很难说我创建bangumi的号有没有你的一份功劳，只能说现在给你打一分的我很开心,negative,bangumi,颂乐人偶
HHH,neutral,bilibili,四月是你的谎言
4k美如画,positive,bilibili,葬送的芙莉莲
2级穿插3d就很奇怪,negative,bilibili,四月是你的谎言
"动画制作的管理机制太原始了，建议向软件工程学习。
动画制作太苦了，而这些苦难绝大多数都不是来自动画制作本身。用不必要的、重复的、低效的痛苦，而非本质性的挑战，来考验对动画制作的热情吗，真是浪费啊
特别是制作进行不该这么辛苦的，甚至在软件工程领域都不需要有专人负责这一块，成熟的工具和流程胜过最优秀的制作进行。看女主四处救火我脑壳疼，哪家互联网公司烂成这样我早逃了。如果一个互联网公司的项目经理每天的工作是挨个去程序员家里催代码、手动把代码合并到一起、再抱着硬盘送去测试，那这家公司肯定活不过一个月。
代入感太强了看得好痛苦orz。每一集都要被气到。
了解「动画制作流程」；「团队协作」择其不善者而改之。
如果没有主角光环，他们做的动画12集崩5集，我都觉得是意料之中。热情的天才们创造了奇迹，但别问困难怎么来的。",negative,bangumi,白箱
nina：是您演的吗,neutral,bilibili,少女乐队的呐喊
小学低年级的时候看，完全搞不明白塔矢亮的性别。现在想想或许是种xp的启蒙罢wwwww,neutral,bangumi,棋魂
bgm：Again,neutral,bilibili,四月是你的谎言
mygo给8分没啥问题 音乐的动画情节配合的挺好 角色设定也都很有特色 他要是不行我也不会被骗去看母鸡卡了,neutral,bangumi,mygo
回复 白幻Ashley 原来还有这层意思,neutral,bilibili,虚构推理 第二季
"音乐的角度我打10分，太爽了这个有刺无刺！当时是看了PV，好厉害的3D作画，还是原创番，我倒要看看是什么样的。

原创番标准结局不能说低走吧，很戛然而止的感觉？

动画剧情的处理上，人物故事线来说很喜欢第十集仁菜回家的这段情节。",positive,bangumi,girls band cry
"士郎：说起来你们可能不信，我偷偷学了archer的剑术
凛：不是saber好可惜
你们考虑过servant的感受吗2333",positive,bilibili,Fate/stay night [Unlimited Blade Works] 第一季
3d真low,negative,bangumi,攻壳机动队2.0
回复 Goalltheway随性而为 是真的,negative,bilibili,JOJO的奇妙冒险 星尘远征军
在日本意识形态环境中诞生的反战番，除了某些地方有些不合理之外算是一部非常值得一看的番。无论是op还是ed都很应景，而内容也是讲出了战争的残酷和令人作呕。还有一件事，那就是“常见”并非是“正常”。,positive,bangumi,冰海战记
人呢？kan,neutral,bilibili,颂乐人偶
回复 aa超 ？？这作品哪成也雷姆败也雷姆了？去贴吧看看，全都在讨论剧情，小说没雷姆戏照样热度不减，雷姆只是个期待而已，4年来多少人去追小说？还成也雷姆败也雷姆？喜欢雷姆一直看第一季呗，难道因雷姆改剧情？一改剧情一没，只剩下几个nt，噢！对了，根本不会因这几个nt改,negative,bilibili,Re：从零开始的异世界生活 新编集版
"第10话作者长月达平在推上（nezumiironyanko）的实况解说（摘选）：

（这集为了赶进度，开火箭了，前半段如果看不懂，可以看小说12卷第一、第二章，尤其是实验的解说，全在第二章里。或者看我下面最后的补充）

1、被视为曾吞噬了一半世界的【嫉妒魔女】，400年前是否真的就是这等攻击先不去说，至少对486而言就是会引发这种恐怖的事的system。

2、被黑影吞没、被持续述说爱的私语而无法死去对能【死亡回归】的486来说，这种状况就是最糟糕的情况之一。
　　为防无法死归的事态发生，486就在黑影的世界里自杀了。方法就是多娜刚在佩特拉的手帕里设置的自杀用的光之刃。

3、这是墓室里第一次emt没有崩溃轮到486站不起来要被安慰了的情况。

4、在警戒着的486面前【平安回来真是太好了啊】地笑着的加菲尔。想必大家也都看出来了，明明486每次复活瘴气都应该变浓了，加菲尔却露出这种反应是很不自然的。

5、上轮被黑影吞没、差点丧失自由意志时，486在影中和众多被吞的意识混杂在了一起，且在某人的记忆中看到了【圣域】的秘密，因此这轮为了确认它而展开了行动。

6、【没想到才来【圣域】半天就被你发现了】，在琉兹看来，486能这么快来这里真的是很莫名其妙的状况，这也可以说是【死亡回归】的异常性了。

7、请把【魔水晶】理解为一种非常大的魔石。不含有不纯物、非常贵重，因此天然的魔水晶在现代几乎没有留下。

8、说到底，魔石就是漂在大气中的Mana在特殊环境下的结晶化，一点点变大，当变得非常大时就很贵重了。小魔石形成的状况可参考OVA《冰结之绊》，就是emt在洞窟里采伐的那些。

（后面还没翻完，稍等。完了后再发我个人的补充）",positive,bilibili,Re：从零开始的异世界生活 第二季 前半
无一郎是鬼杀队里年龄最小的吧，男性队员都比他高也正常鹏儿任天宇UI,positive,bilibili,鬼灭之刃 柱训练篇
补标。What are you in for？一一Everything,positive,bangumi,瑞克和莫蒂 第二季
上来就没bonjour,neutral,bilibili,少女乐队的呐喊
回复 smogchan 我二周目都信了（）,negative,bilibili,比宇宙更远的地方
卡缪？这不是女人的名字。高达z高达第二部作品，可变形的zeta gundam是我变形萝卜的启蒙。,positive,bangumi,机动战士Z高达
呀卡马西（ctl）哈哈哈哈哈,positive,bilibili,少女乐队的呐喊
艾丽娜对抗石鬼面（bu,negative,bilibili,工作细胞 第二季
kk9学长,positive,bilibili,四月是你的谎言
winwin那个你够了,positive,bilibili,异度侵入 ID:INVADED
BGM别搞啊,negative,bilibili,异度侵入 ID:INVADED
12qqqq,neutral,bilibili,工作细胞 第二季
这经费saber咖喱棒一刀估计都能抵上这一季,positive,bilibili,四月是你的谎言
part time,positive,bilibili,四月是你的谎言 粤配版
ben,neutral,bilibili,间谍过家家 粤配版
骗你的，Bochi漫画现在有11万了,negative,bilibili,少女乐队的呐喊
wk笑死我了,neutral,bilibili,颂乐人偶
"第2话作者长月在推上（nezumiironyanko）的实况解说（摘选）：

1、帕特拉修是486帮助讨伐白鲸的报酬。
　　虽然如果486想要其他的话库珥修也会给他，但对486来说一个能完全信任的对象比什么都强。

2、最后没握手而只是拍了一下是因为486对握女孩子的手害羞。

3、由2头地龙牵引龙车回村，帕特拉修旁边的是奥托的爱龙弗鲁弗，是和奥托相处了10年以上的搭档。

4、从上一话最后起emt就开始有意识地直呼蕾姆其名而不加小姐这一敬称，今后也会这样，为了不让486受伤。然而对奥托却不是这样，让他感到很不平。

5、方便用来打破严肃气氛的奥托。终于成重宝了。

6、486等人姑且是在王都库珥修宅邸待了3、4天（小说里明确是3天），所以回到村庄发现没人就有些不安了。

7、宅邸前下车这里，小说里奥托其实有想要帮486搬蕾姆而碰她，结果被有着独占欲的486大声斥退了。

8、芙蕾德莉卡鲍曼，其实有在第一季11话蕾姆的回忆中登过一次场。是罗兹瓦尔邸的原女仆，拉姆她们的前辈。

9、另外，第3章虽然感觉上很长，但天数上其实只有一周，光这点时间就让宅邸荒废的拉姆的实力可见一斑。
（注：第3章正片一共9天第1天开始，第3天到王都，第4天王选与emt闹翻，第7天存档点从零开始，第8天半夜讨伐白鲸，第9天讨伐怠惰蕾姆沉睡，第10、11、12天留在王都3天，这话是第13天，这才正式进入第4章）

10、如果有蕾姆在的话，拉姆也不会叫芙蕾回来了。

11、划重点罗兹瓦尔只信任拉姆和贝蒂。这一信息在第4章里非常重要。

（剩下还没翻完，稍等）",negative,bilibili,Re：从零开始的异世界生活 第二季 前半
回复 bili266778 片尾也可以看,negative,bilibili,工作细胞：细胞大作战
saki酱saki酱saki酱,neutral,bilibili,四月是你的谎言
、】【；破i客户一个人发送挖去GHYUI0,negative,bilibili,异度侵入 ID:INVADED
我勒个CCG组织的,positive,bilibili,四月是你的谎言
回复 梅讶雪 原来波波已经tian了吗 我看阿强出场打断 以为他不用t了,negative,bilibili,JOJO的奇妙冒险 星尘远征军
oooooooooooooooo,neutral,bilibili,少女乐队的呐喊
暴露努哥IJA黑本质的作品orz,positive,bangumi,少女与战车 剧场版
回复 E1onMusk 6级号骚话就是不一样。,negative,bilibili,关于我转生变成史莱姆这档事
"个人情感在时代背景下被衬托得十分渺小，古桥在这部片里的氛围塑造确实可以说巅峰造极，生动地展现了物哀之美与历史的厚重。但是受限于原作，后面的剧情发展有点俗套，没有很好地升华主题，冠以“史上最强OVA”之名还是太过誉了。
PS：岩崎琢的配乐极其优秀，非常应景。",positive,bangumi,浪客剑心 追忆篇
芙兰sensei包“红温”的,neutral,bilibili,魔女之旅
ohhhhh,neutral,bilibili,比宇宙更远的地方
David,neutral,bilibili,夏目友人帐 第七季
回复 一只叶湫 建议可以去了解下ccc，弓闪真正开始拉粉的作品，贤王都是闪闪在ccc洗白后的事儿了,negative,bilibili,Fate/Zero 第一季
wwwwwwwww,neutral,bilibili,比宇宙更远的地方
ep1毕竟是用来展示世界和设定的，但看ep2三分之二的时间在进行意义不明的战斗，而后一句话就带过原委，最后的表达足够丰满吗？立得住脚吗？千万别告诉我后面的故事都是这种水平,negative,bangumi,攻壳机动队 STAND ALONE COMPLEX
2025本家20周年live参战确定其实很长一段时间都在想本家作为偶像动画比其它作品好在哪，作为最初的偶像动画，许多地方并不完善。易使全篇脱节的个人单元回形式，不尽人意的矛盾设置，以及两者共同导致的故事层面上没那么有趣。这些都可以说是本家为后世同类作品埋下的坏影响，但为何即使如此也鲜有作品能达到同样的水准？除了锦织敦史和宅社班子的超强制作力之外，我想关键是很多人容易忽略的一个因素厨力。偶像和偶像动画某种程度上来说确实是以把热爱和梦想商品化推销出去为目的的，但推销的人本身不具备这种热爱的话，那想必也是难以说服观众的。现今大多数作品都是以推销为首要目的，去把片中的偶像用噱头包装好，和本家这种由老P倾注所有厨力制作的从热爱本身出发的作品，自然是天差地别。因此才有看似老套但取材于现实的约束，才有万古c位的阁下和名为765pro的温暖的家。,positive,bangumi,偶像大师
压力NO ko细带soyono,positive,bilibili,少女乐队的呐喊
剧情开始和TV原版偏离，一开始觉得内心和情感刻画不如TV。但是从大家一起吃饭事件开始，发现2号绫波丽比TV版更有人性，之前一直把她当人偶，现在开始理解她的人气了。比起TV直白易懂，大家不再做谜语人，老碇头一回和真嗣说这么多吧。结尾部分很感动。,positive,bangumi,福音战士新剧场版：破
完结撒花owo,neutral,bilibili,mygo
blue了,negative,bilibili,夏目友人帐 第七季
回复 是海理Duck 早就更新完了12集了,negative,bilibili,碧蓝之海 第二季
回复 Latios丶Xin 后面该unital ring篇了，不过我还没看，远古小说党，最近打算补应该是最终章了,positive,bilibili,刀剑神域 爱丽丝篇 异界战争 -终章-
那你就说她是不是带你最速武道馆了？gou叫的玩意,negative,bilibili,颂乐人偶
喜欢小孩姐和斯巴鲁可爱捏，有许多有意思的梗但不突兀，有一些冲突，但很快就能得到合理的解决，看起来不会显得压抑，总体较为轻松，live很爽，歌很好听，不愧是东映3d业界顶尖,positive,bangumi,girls band cry
“把master一人留在外面太危险了”,negative,bilibili,Fate/stay night [Unlimited Blade Works] 第一季
position 0,negative,bilibili,四月是你的谎言
义忍cp88cb99,neutral,bilibili,鬼灭之刃 柱训练篇
完整的故事 前半节奏太慢了 跳脱的剪辑方式意义不明 男主就离开一个月差点被NTR偷家 橙子大活跃好评和荒耶的对话也是印象深刻 但战斗全靠猫有点微妙 还有很不必要的恶意场景orz 新人物除了红衣魔术师之外其他都有不错的塑造 红毛外形运动系伪物之类的特点还是太像土狼了 所谓的感情也很微妙 人类的自由意志本就是无法证明之物何况是人偶 荒耶属于根源魔怔人为了探寻根源不择手段 但就片里来说效率太低 一栋楼的循环样本量太小 能获取意识的话实体人偶也没必要 最终目的看起来也是毁灭人类那直接快进到开干就行了整这么一大圈纯折腾 感觉整个都点错了科技树【x 总之除了前半节奏有点拖之外其他方面还不错 虽然式的戏份有点少最后战斗结束得也有点快 但总体还算是有趣吧,positive,bangumi,剧场版 空之境界 第五章 矛盾螺旋
xi96a吓,neutral,bilibili,鬼灭之刃 柱训练篇
kono自由哒！！！,negative,bilibili,四月是你的谎言
总结：玄弥打上弦拼命，差点die,positive,bilibili,鬼灭之刃 柱训练篇
拳击手对“昭和时期的日本社会”发出的怒吼！10年后出崎统带着「演出方法论」对“力石彻死”的后续进行了完全重制，唯一遗憾就是“关键时刻的音乐总是《傷栄光》《MIDNIGHT BLUES》的变奏”；视角虽局限于拳击，但聚焦于全社会反倒会本末倒置；当之无愧的体育题材作品“永远的顶点”。「卡洛斯篇」丈走出阴影二人的“野性”被唤醒最后平局；「金龙飞篇」卡洛斯被荷西击败丈想要为卡洛斯复仇而开始逐个挑战丈减重击败金龙飞；「核心篇」丈的未来前冠军的悲哀与荣光丈拯救暴走族少年；「夏威夷篇」丈与荷西对峙；「野性篇」击败利昂利昂车祸死亡荷西打死哥母斯为了唤醒野性而击败哈里马奥；「荷西篇」丈拒绝接受治疗但也因此得以击中荷西，最后青春燃烧殆尽！丈的命运如同左翼们一般重拾野性的化作了“白灰”、失去野性的就此退出，所以丈死后无人给他办葬礼。,positive,bangumi,明日之丈2
上一部未闻花名 立个flag：不哭,neutral,bilibili,四月是你的谎言
回复 YPHeng七八年就能学到吗，太轻松了吧,neutral,bilibili,在下坂本，有何贵干？
重大消息最新消息，最新消息，干物妹小埋没完结，完结的是干物妹小埋R，只不过是换了名字叫干物妹小埋G，将在《Young Jump53号》杂志上连载！！！！！！！所以小埋没有完结只不过是换了个名字继续连载！！！！！,negative,bilibili,干物妹！小埋R
New Type吗,negative,bilibili,颂乐人偶
这部只比eva tv版本晚了5年、但作画质量已经接近天元突破级别的了，很多场景都做得挺有张力的，说实话我有点意外。歌很好听，不过有时候声音太大太抢戏听不见主角说话了。男主性格有点太真嗣，看着没啥新意。三个女角色也有点样板戏，对于青春感的塑造版本太老，翻来覆去抽烟翘课家庭变故恋人远走拯救世界这一套。不过结尾不错，终于没再老婆孩子热炕头了。,neutral,bangumi,FLCL
TMD,negative,bilibili,鬼灭之刃 柱训练篇
睦头人QwQ呜,neutral,bilibili,颂乐人偶
友人A你好，我是村民B,positive,bilibili,四月是你的谎言
世纪的第三期，续章的续章，不要太棒，第三期的感觉，充满生机，即使事情无法挽回，即使失去，故事里的人物也能带着自己心中的意义延续自己的故事。为stuff打屁股,positive,bangumi,虫师 续章 第2部分
si no,neutral,bilibili,魔女之旅
日本乡村奇异现象，带有玄幻色彩的类公路片，质量一如既往的稳。依旧落脚于生存，但较前作少了些许内涵，这次赋予了生灵一些人性色彩，比如揣摩山神、镜乃深渊。优秀演出ep2、4、6、10，续章拥有很多鸟的意象，其中五月女浩一朗擅长风格突变，形成强烈的视觉对比，有点水墨的意境，很契合虫师的主基调。,neutral,bangumi,虫师 续章
不是，这stuff哪里有老虚？没看到啊,negative,bilibili,四月是你的谎言
pdsd，启动,negative,bilibili,四月是你的谎言
看到12集，不喜furry风,negative,bangumi,奇巧计程车
HLE启动！,negative,bilibili,颂乐人偶
sabaer,neutral,bilibili,魔女之旅
会不会是苍子淋雨生病来不了呀QAQ,negative,bilibili,夏目友人帐 第七季
Lh0：这我熟？,neutral,bilibili,魔女之旅
L4D2,neutral,bilibili,比宇宙更远的地方
way？！,neutral,bilibili,少女乐队的呐喊
世纪前后在科技进步、互联网发展的冲击下诞生的存在主义反思虽然不再新鲜，但与大模型与agent的浪潮相伴的30年后的今天依旧能感受到其中蕴含的真意。巴特和素子对灵魂的探讨仅停留在观念碰撞的层面也有一丝在混沌之中寻求调和的浪漫。,positive,bangumi,攻壳机动队
唔是入左厂我唔是好认同（dog,neutral,bilibili,四月是你的谎言 粤配版
M你还没有和他亲过吧，他的初吻不是你，kono春哥da,positive,bilibili,异度侵入 ID:INVADED
可能被剧透不少了，也可能是没看过多少音乐番，没什么特别眼前一亮的感觉，但确实被几次氛围演出狠狠感染了，结尾mujica的登场直接给我看要投敌了，现在非常好奇mujica是怎么烂的,neutral,bangumi,mygo
任务：嫁给一个叫lesson5人,neutral,bilibili,魔女之旅
为什么后面像npc一样？,neutral,bilibili,少女乐队的呐喊
神中神，又刷了一遍，再次被演出震撼，可惜banana和纯娜那里我刷多少次都不能接受，总有种banana成垫子的感觉,positive,bangumi,剧场版 少女☆歌剧 Revue Starlight
"New Wave的强烈鼓点仿佛九科直升机出动时，旋浆与风的摩擦。
当“攻壳机动队”与轻盈又有力量感的母猩猩一起爬升到到赛博朋克的深邃天空中时，令人感叹洋子无敌的音乐造诣和作者想象力的极限
最后掉了波大书袋，欺负我没看几本书，太坏了",negative,bangumi,攻壳机动队 STAND ALONE COMPLEX
回复 adxhd 因为jo家人世世代代都是绅士,negative,bilibili,JOJO的奇妙冒险 星尘远征军
这里特别SH,neutral,bilibili,mygo
2023219补标。2023822剧场版总集篇二刷完毕。2025913tv二期三刷完毕。,positive,bangumi,Code Geass 反叛的鲁路修R2
some like it hot 好怀念以前还在星空台看国配银魂的日子a,positive,bangumi,银魂'
作为短篇肯定是有点不够看的，但用这种SP形式过渡到结尾好还是得给A1点个赞，最后的高分就留给剧场版，希望完结篇原创结局能圆满落幕！从制作组的厨力来看，应该不用太担心V,positive,bangumi,辉夜大小姐想让我告白 通往大人的阶梯
回复 Crorl旧城 火能抑制鬼自愈，主公就是用炸药和铁针抑制无惨自愈拖时间的,positive,bilibili,鬼灭之刃 游郭篇 中配版
"回复 江流陌上 原作是有rap的描写，但还是有被尬到，肥渡也在推特上吐槽，可能谁也没想到feel会把重心放在了这段rap上
原作：
“把想到的词堆出来什么的真是自由风啊。意识高系的词跟日语rap亲和度高得异常。”
“感觉到手转得比刚才还快了，最后像是用手枪指着我一样，竖起来手指。”
“各自发出的噪音重合，做出类似不协和音的音轨。节奏和拍子让我的焦躁干加速，总之得先说点什么于是胡乱的张开口。”",positive,bilibili,我的青春恋爱物语果然有问题。完
回复 Alice璃白 漫画很贵的，我买不起,negative,bilibili,葬送的芙莉莲
ast呢？最近都没出现,neutral,bilibili,约会大作战 第四季
ep3从演出到配音处理都很惊喜的一集 ep4准神回 如果高潮时间能分配的多一点就更好了 ep6好忧伤好遗憾的结尾 ep7登神长阶 绝对的神回 天才和凡人的题材其实看得很多了 但是还是能被这集触动到 ep9好现实有点受不了 竹本这个角色真的是全剧刻画得最好的角色 普通人的视角反而是代入感最深的 可惜我没有能骑行全国的勇气 ep12能想到最好的结尾 虽然抱有遗憾但是每个人都找到了自己的四叶草,positive,bangumi,蜂蜜与四叶草II
真的真的好好看 香子和双叶的爱恨纠缠 banana的重演 还有华恋与小光的约定 列车终会到站 舞台少女也会到下一个舞台 每一帧都是壁纸 歌也很好听 分镜很厉害 制作特别特别好看,positive,bangumi,剧场版 少女☆歌剧 Revue Starlight
回复 由崎司official BoBo大佬啊,neutral,bilibili,总之就是非常可爱
（文野的求求不要ky了我也是文野粉，不要给自家抹黑（我怕被打）,negative,bilibili,鬼灭之刃 刀匠村篇
都到ED了，所以魔男到底叫什么,positive,bilibili,魔女之旅
完了，passport,positive,bilibili,比宇宙更远的地方
放kkr出ban位,neutral,bilibili,颂乐人偶
c？Fortran！,neutral,bilibili,葬送的芙莉莲
saki，R,neutral,bilibili,颂乐人偶
qb呢qb救一下啊（,positive,bilibili,颂乐人偶
窝法的planABCPlan abandon plan blastplan crash,positive,bilibili,比宇宙更远的地方
left 4 dead,neutral,bilibili,比宇宙更远的地方
666还有ksm的事,neutral,bilibili,颂乐人偶
回复 Burial北鹤 同期待只是大概率要到10月才上映了,negative,bilibili,名侦探柯南：万圣节的新娘
第一條長評。odd taxi是一部打破我對劇本上限認知的作品。從前12集無處不在的細節和環環相扣的人物關係，它告訴了我一套完美的動畫是怎麽樣的；到了最後一集，他教會了我一套無法被超越的藝術品 該是怎麽樣的。雖然只有13集，但odd taxi是一部我看的很慢很慢的作品，因爲老是想回去前面扣細節找綫索，你會不自覺的跟著小戶川的計程車，在它來回行駛的街區探索所有人物之間的關係，以不同乘客的視角審視事件，最後迷迷糊糊的隨著計程車飛出大橋，沉入水底，等待真相浮起。一個神似日劇的劇本，卻只有以動畫這種形式才能達到這種高度，看完感覺人生都美滿了。滿分。,positive,bangumi,奇巧计程车
s  h   i   t,negative,bilibili,JOJO的奇妙冒险 石之海
回复 ChanRai 缺少推荐,negative,bilibili,间谍过家家 粤配版
morfnica,neutral,bilibili,少女乐队的呐喊
Gay佬,negative,bilibili,魔女之旅
回复 MARKTWAUI 创的时候带我一个,negative,bilibili,辉夜大小姐想让我告白～天才们的恋爱头脑战～
漫画10分，动画给个6分顶天。现在重新看只能说辣鸡了。动作场景纯ppt玩意，配音也拉稀，音乐凑合。只能说漫画基础太好，动画整成这幺蛾子都没网暴，放在今天上映的话肯定各种喷毁原作。而且cv选择非常逆天。真就靠原作光环欺负观众年龄小审美不健全评分虚高的屑作。,neutral,bangumi,灌篮高手
00p,neutral,bilibili,少女乐队的呐喊
lovelive,neutral,bilibili,间谍过家家 第二季
"慢悠悠地总算看完了，断断续续大概2个月。
日常其实并不太对我的电波，但这几天小倒霉事比较多，看了ep23和ep25中佑子霉运连连和美绪失恋的情节，反而更能平心静气看待生活中的得失，要想在经验中获得天真也需要一定的耐心啊。不过作画和演出的优秀是毫无疑问的。
短片段最喜欢的大概是三人玩硬币足球的一幕，270的视角大转很惊艳。长片段则是ep25麻衣初见博士给她画鲨鱼的情节。很喜欢坂本先生以及他和博士的互动，对可爱的小动物就是没有抵抗力啊，导致没法直视坂本日常和在下坂本了，白石居功甚伟。",positive,bangumi,日常
回复 Ckdemper 想象一下 你是一个一直隐瞒身份的怪物 你从前的爱人知道你的身份之后极度害怕甚至无法直视肉 这时候出现一个人说 你是怪物怎么了 你是怪物我也爱你 很自然就会被感动,positive,bilibili,虚构推理 第二季
结尾可能略显仓促一点？虽然前半段也还没搞清楚要调查什么事件，但看到了几位主角的变化，有种熟悉又陌生的亲切感，还挺惊喜的。根据某站字幕组的注释，最后这位“幕后boss”和S2最后一样有宗教方面的暗示？虽然是OVA（根据某站的划分），但看到不少细节，还是有些遗憾不能稍微多展开讲讲。在讨论“网络”时还是一如既往的比较含蓄，留给观众广阔的想象空间。尤其这应该还算是攻壳SAC系列的最后一话，有点意犹未尽啊,positive,bangumi,攻壳机动队 S.A.C. Solid State Society
果然是the world的力量吗,positive,bilibili,约会大作战 第四季
第12集了还在go,neutral,bilibili,少女乐队的呐喊
回复 FFFYYyIII,negative,bilibili,Fate/stay night [Unlimited Blade Works] 第一季
每個玩樂團的人都有自己的理由，而本作的主角們正是因抱持著我沒有錯、想反抗、想證明自己的想法才聚集在了一起，這樣的情感宣洩，比孤獨搖滾來的猛烈，比mygo來的現實，將世間的不公與理念的不合全部釋放到音樂與歌聲中，這就是搖滾啊。而此類的題材正是花田的舒適圈，快速的劇情節奏讓觀眾不用在意劇情的細節只需隨著體會那豪放不羈的情緒流即可。本作的3D是另一個值得誇讚的點，絲滑順暢又Q彈的動作表現力不輸2D，頭一次覺得有這品質的3D那不用2D也行的動畫，而這背後是東映的帕魯們對著分鏡一幀幀K了三四年的心血。歌曲部分初聽沒特別喜歡，但意外地耐聽，現在刺團反而是最常聽的。結尾倉促的斷章算是本作唯一的遺憾，加上動畫完結後無後續企畫的消息便顯得有些不負責任。繼孤獨搖滾與mygo之後GBC也成功走出了屬於自己的路，不過照這製作進度就算有二期2028能出已經很樂觀了,positive,bangumi,girls band cry
挺不错的，你京的细腻和麻子的日常融合的挺好，剧本还没有了久弥直树这个最大最恶的痛点，对于gal改的熟练度明显大幅提升了。剧情基本无感，麻子吊观众眼泪的三板斧挥的再怎么熟练，连看几次也就没啥感觉了，目前给我的感受就是kanon小狐狸是你京改的key三部曲里最棒的故事了bgm38,neutral,bangumi,CLANNAD
回复 一只遐蝶厨陌然 Ave Mujica诶Ave Mujica诶,negative,bilibili,mygo
让她自己先去，你还看个jer的番,positive,bilibili,比宇宙更远的地方
“我CP怎么be了”,neutral,bilibili,夏目友人帐 第七季
和我们一起来追原作漫画吧，传送门,positive,bilibili,国王排名 勇气的宝箱
TAKAKO,neutral,bilibili,比宇宙更远的地方
md完全没猜到,neutral,bilibili,比宇宙更远的地方
看不懂，但是大受震撼jpg，明日香vs量产机的作画令人赏心悦目，2号机被分食的画面真是有够猎奇的，对补完计划的过程进行了更加细致的描写，比本篇的抽象意识流好理解太多了，最后分崩离析的丽与猩红的LCL海太美丽了，拒绝补完的真嗣掐住了明日香的脖子，全剧终,positive,bangumi,新世纪福音战士剧场版 Air/真心为你
回复 bili382132590 周星驰电影不就是这个风格，石斑鱼配音也没见这样啊，说白了就是动漫的配音水平不行，正儿八经的电视剧电影游戏配音比这强多了,negative,bilibili,鬼灭之刃 游郭篇 中配版
诡异的bgm,neutral,bilibili,魔女之旅
warning，闪电风暴正在接近,positive,bilibili,魔女之旅
she,neutral,bilibili,比宇宙更远的地方
ar thur,neutral,bilibili,Fate/Zero 第一季
宿傩开放式领域是半径140m，但是光看动画表现力我以为是半径14公里,positive,bilibili,咒术回战 第二季
"“我不是去送死，只是想确认一下，我是不是真的活着”
活在过去的人，放下过去的人，追寻过去的人。
人生不过幻梦一场，梦无止境，而我已超脱SEE YOU SPACE，SEE YOU COWBOY",positive,bangumi,星际牛仔
WRX  STI,neutral,bilibili,少女乐队的呐喊
瑞kiao,positive,bilibili,Angels of Death
CODM的希拉？,neutral,bilibili,魔女之旅
的确系song荣，不懂不要乱科普,positive,bilibili,间谍过家家 粤配版
ko no 琴里 哒！,positive,bilibili,约会大作战 第四季
FC系列doge,positive,bilibili,少女乐队的呐喊
这不是我们ch圈发明的谷子吗？,neutral,bilibili,少女乐队的呐喊
惊艳的作品，极其浪漫的故事，对青春期少年少女刻画极其细致，配乐顶级，the pillows真的无敌，可惜现在解散了,positive,bangumi,FLCL
回复 Louster1  红丸和谁结婚啦？我先磕,negative,bilibili,关于我转生变成史莱姆这档事 转生史莱姆日记
cv10109479,neutral,bilibili,Re：从零开始的异世界生活 第二季 后半
自己看完是不懂的，但是看了别人的解读视频后大彻大悟，甚至有一种看完魔圆叛逆的物语时的恍惚感。本部剧场版虽然有些意识流，但是被清晰分割出的几场Revue和剧情大致的前进步伐又能给观众带来很清晰的观感。说回我个人对这部的感想，整体最喜欢的是蕉哥哥和纯那的Revue，但是单从演出上最喜欢的是天堂和克洛的。总之就是看的时候尽管有些不懂但是看得还是很爽，而且也把TV版略显短板的节奏给救回来了。,positive,bangumi,剧场版 少女☆歌剧 Revue Starlight
没药king给啊修朋友,neutral,bilibili,间谍过家家 粤配版
gambler n赌徒,neutral,bilibili,四月是你的谎言
LittleBakas,negative,bangumi,四月是你的谎言
按“f”进入战术防御姿态,positive,bilibili,少女乐队的呐喊
RICK AND MORTY。,neutral,bangumi,瑞克和莫蒂 第二季
你是shaboi吗，咕咕嘎嘎，我问你你是shaboi吗！,negative,bilibili,颂乐人偶
变黑呆了dgoe,positive,bilibili,工作细胞 第二季
回复 404ZWXRPG83 是的，这段转场非常突兀，以至于我看过漫画还蒙了一下,negative,bilibili,堀与宫村
Amoris：我不怕爱猫，越爱猫我越高兴,positive,bilibili,mygo
来吧，甜蜜的死亡在看剧场版之前这首神曲就在我的歌单里待了很久，有一种平淡的死亡之美，意外地解压。最后我也不知道真嗣到底喜欢过谁，又和谁在一起过，用现在的话说大概是太压抑了。不做cp党了还是。因为是先看完旧tv才知道24集之后原来还有剧场版没有看，于是回来看去剧场版了。颇有种打游戏二周目解锁真结局的感觉。令人震撼的表现手法光靠语言确实是描述不了我真实的感受。果然还是，心之壁太厚了啊。依旧是我内心八分，加一分给时代和情怀。总之我的旧eva之旅是走到这里了。毕业！撒油那啦，新剧场版见。,positive,bangumi,新世纪福音战士剧场版 Air/真心为你
“bilibili译制”,neutral,bilibili,颂乐人偶
回复 MouseFolten 卧槽 这是个真狠人,negative,bilibili,青春猪头少年不会梦到兔女郎学姐
timing 侠,neutral,bilibili,魔女之旅
回复 Damingscarlet 怀念啊兄弟，你这个画风突变的表情已经没了。,negative,bilibili,埃罗芒阿老师
这个枪声COD4沙鹰没跑了,negative,bilibili,约会大作战 第四季
回复 Kristen斯图尔特 考哥很累了amp你知道我要说什么？,negative,bilibili,虚构推理
人！泥豪啊！（   0v0   ）（朝你挥手）,negative,bilibili,鬼灭之刃 柱训练篇
俺的回合！Duel！,neutral,bilibili,夏目友人帐 第七季
"整理了一些Charlotte的视频供大家食用。

官方PV：
第一弹：av1821604
第二弹：av2171268   P1
第三弹：av2486392

官方CM：
第一弹：av2079297
第二弹：av2171268   P2
第三弹：av2772894

OPEDTvsize：av2559568

OPED专辑：av2787743

34话ED：av2594312

狐狸精：av2629765

友利奈绪真是太可爱了：av2738863

乙坂有宇的见异思迁：av2663156

剧中乐队歌曲试听：av2670274 第五话第八话《Fallin’》插入曲在P8

为什么我看的夏洛特和你们看的不一样？：av2533651 共六弹，直接进UP空间可以找到。

老外看Charlotte：
第一集：av2534207
35集：av2738297
6集：av2711622
7集：av2743947
8集：av2787367

（私货麻枝准前代作品感人场景大合集：av2729820 （终于是把LB上传成功了3」）

高能！麻枝准是如何把自己写的神曲毁掉的 完整版：av923417
（上帝果然是公平的，麻枝会写剧本会作词作曲，然而歌喉并不完美！）",negative,bilibili,Charlotte
回复 neuron 后面变白发更像了期待动漫做到那,negative,bilibili,关于我转生变成史莱姆这档事 转生史莱姆日记
iii,neutral,bilibili,Fate/Zero 第一季
不是tg是line吧,neutral,bilibili,比宇宙更远的地方
在凛线能不能别提别的CP,negative,bilibili,Fate/stay night [Unlimited Blade Works] 第一季
可瑞斯么斯凯ki,neutral,bilibili,比宇宙更远的地方
correcting,neutral,bangumi,银河英雄传说
回复 agent黄 回复 agent黄 会近视,negative,bilibili,JOJO的奇妙冒险
不错的音乐原创 OP和ED豪庭！ 顶级的3D制作 可惜结尾仓促,neutral,bangumi,girls band cry
睦Fever 3 3 3，初华Fever 5,negative,bilibili,颂乐人偶
这条线的saber比06线的表情更丰富了,positive,bilibili,Fate/stay night [Unlimited Blade Works] 第一季
评价同《EVA剧场版：Air》,positive,bangumi,新世纪福音战士剧场版 DEATH(TRUE)2/Air/真心为你
先质疑再质疑，京都麻子的妙妙组合debuff拉满,negative,bangumi,CLANNAD
电影院二刷，院线版本将所有的Eva替换成了天鹰，除此之外的宗教名词都得到了保留。此外删去了一些明日香稍裸露的镜头（为什么把明日香和真希波决战前看真嗣的部分镜头删了，不理解）最难以忍受的就是为了和谐胸直接把画面放大，导致一会高清一会高糊（一开始以为是电影院问题，后来发现大家都这样）。英文专有名词翻译得好奇怪，什么“神经元”“神力”“彷徨”感觉还不如不翻。最后一部总体不错，但个人对结局这个happy ending不甚满意。真希波作为一个半路杀出来的角色塑造明显不够充分，配给真嗣也太随意了点。都说香党已疯，但香党的疯言疯语还是有点道理的。明日香真的被补完了吗？明日香玩偶里的人真的是剑介吗？为什么结尾的男左女右跑出车站后会变成男右女左？车站明日香为何还在玩游戏？可能每个人看到的结局都不一样吧。,positive,bangumi,新・福音战士剧场版：终
重口讽刺，追到第三季已经倦了，不过ep7真的是nb,neutral,bangumi,瑞克和莫蒂 第三季
258 评分9 惊叹于完成度如此之高的单元回，相比cb更稳一个档次。主线更是精密复杂，抽丝剥茧环环相扣，最后由短短一集的诡叙全部收束，只能说一句太牛逼了。唯二的槽点是极个别单元剧质量有所下滑，还有结局因为续作而显得稍有泄气，这在95攻壳中也有类似观感。结尾对于主题的总结略有掉书袋，虽然相比无罪来说更晦涩难懂，但更好接受，其实是见仁见智的。相比押的攻壳，sac可能赢在更加大众化，更具人情味吧。,positive,bangumi,攻壳机动队 STAND ALONE COMPLEX
"到来与相识之章
爱情亲情友情交响曲，gal改校园恋爱番巅峰，一定程度上突破了类型限制，不愧为key京都的集大成之作。",positive,bangumi,CLANNAD
8。一如前作的震撼，各方势力的冲突，高密度的多线叙事最终汇聚到少子化、老龄化等相当犀利的社会问题上，如此精彩的主线如果也能如前作做成tv应该会观感更好吧但更值得指出的是，本作继承了SAC思想精神并作出了进一步探索发展，前作所贯彻的代表集团深层无意识行动的STAND ALONE COMPLEX这一理念在本作已经无意识开始独立行走了，而所谓的幕后黑手也正是基于这种独立的无意识来构建形成的，值得深思。结尾处课长与陀古萨、素子与巴特的两段对话为整个神山版攻壳留下了让人无限遐想的开放性结局。说起来，网络还真是宽广呢，我们所无法认知的下一个社会，已经开始孕育了 面对终将到来的崭新社会，我现在更多的是恐惧呢，还是期待呢。,positive,bangumi,攻壳机动队 S.A.C. Solid State Society
kyd,neutral,bilibili,四月是你的谎言
伊蕾娜exe已停止运行,positive,bilibili,魔女之旅
和megalobox一样的拳拳到肉，极富打击感。,positive,bangumi,冰海战记
这个月玩完汉化过的ofa，并看完NEI之后，捡起来这个让我入门的动画又看了一遍，让人感慨万千。只想说这辈子能遇到765pro本家这些偶像们实在是太幸福了，真的希望声优们能够never end。不过看着自己和声优们不惑之年的年龄，又让人感到伤感，感觉偶像大师可能在NEI之后不会再有大家重聚的live了，特别是动画中春香说“这可能是我们最后一次一起上台”的时候，想起nei中好几个人结束感言时的泪水，才意识到大家也同样是这个想法。不过动画终会流传下去，在历史上留下二次元偶像浓厚的一笔。,positive,bangumi,偶像大师
国王得了mvp魔女是躺赢狗！,positive,bilibili,魔女之旅
mmk这是在教导nina，告诉她成为pro的后果,negative,bilibili,少女乐队的呐喊
bIack讲的什么,positive,bilibili,工作细胞 第二季
得了也别组你那crychlc了，干脆你们10个人一起组个CSgo,negative,bilibili,颂乐人偶
回复 LOALFHLFHUL 什么意思,negative,bilibili,JOJO的奇妙冒险
0个人知道这歌是我们deco写的,negative,bilibili,Angels of Death
这里的喇叭是在拒绝前队友靠近，是mmk心之壁的体现，而载着mmk逃跑的货车正是她逃避的心，是nina走进了她的心，打破了心之壁啊,positive,bilibili,少女乐队的呐喊
daisuki,positive,bangumi,吹响吧！上低音号 第二季
Hello,neutral,bilibili,四月是你的谎言
回复 Pasewalker  确实，粤语真的很合适动漫,neutral,bilibili,间谍过家家 粤配版
"我第一集的时候zack是个疯子
现在除了zack之外全是疯子",positive,bilibili,Angels of Death
回复 fgsdxgfdg 啊，确实,negative,bilibili,JOJO的奇妙冒险 星尘远征军
Hanna和Barbera时期是10分，后面即使抛开Chuck Jones时期我也不太感冒。个人比较反感用这部作品去踩其他正剧的行为，Tom and Jerry本身的价值应该是一种无功利的快乐才对。,negative,bangumi,猫和老鼠
hie,neutral,bilibili,颂乐人偶
"nmlgb
柿本广大你他妈在拍什么？",negative,bangumi,颂乐人偶
溜冰（Ver败者食尘）,positive,bilibili,颂乐人偶
回复 亚里亚official 限免时长两年半的常盘台练习生御坂美琴！,negative,bilibili,某科学的超电磁炮
ep8不错慢热，18集以后好看很多。ep18看哭了,neutral,bangumi,偶像大师
左侧的MIXUE,negative,bilibili,少女乐队的呐喊
真开心呢睦同学（bs,positive,bilibili,颂乐人偶
这就体现了ns的的重要性,neutral,bilibili,比宇宙更远的地方
3610 大祥老师以一己之力发癫结束了C团的生涯。剩下几个人组乐队的契机在哪？聚到一块实际上并没有被任何事情推动，全靠人物的心理上突然就想通了，突然就闹麻了，然后对话展开和尬聊没什么区别，有对话的地方像是为推进组乐队剧情的强行尬聊，没对话的留白像是填充尴尬气氛，因为几个人连聚一起的无论是关系的逻辑还是顺其自然的气质上的水到渠成都不存在，实在太难完成节奏上的流通，另外，长期素食很，人设难绷。,negative,bangumi,mygo
卡其诺QQ,negative,bilibili,鬼灭之刃 柱训练篇
boss直聘,neutral,bilibili,关于我转生变成史莱姆这档事 第三季
细水长流的情感，滋润心田的温柔。虽然两部我都是打9，但如果要给三狮这部作品打一个总分的话，我绝对会毫不犹豫给10，这是我至今为止看过的所有多部作品系列都没有的高度，无可置疑的top1，即使是我唯一一部给10的clas也不行。“最完美的动画”，我觉得就算是如此评价，也丝毫不为过，一个我不感兴趣的题材能在我心里达到这么高的地位，真的不得不佩服三狮的优秀,positive,bangumi,3月的狮子 第二季
eye,negative,bilibili,颂乐人偶
"「、広大。、私知次社会、生始」
雖然受制於長編作品的篇幅劇情上沒有STAND ALONE COMPLEX和SAC 2nd GIG出彩
作為神山健治的攻殻機動隊 STAND ALONE COMPLEX系列的結局是完美的",positive,bangumi,攻壳机动队 S.A.C. Solid State Society
cp味,negative,bilibili,四月是你的谎言 粤配版
"好看啊如果牛姨不闹事绝对神作，这整这一出，那不好说了。。。
（以下主观评价看一乐呵）



好吧但是其实我个人很喜欢，有点群像的意思，人物刻画很好，有萌点有燃点无尿点，剧情顺畅不拖沓，反派角色也有魅力。伏笔全回收，立意深远，歌颂了人类的团结，教人学会拿起放下。歌也好听，again循环播放，最喜欢神之一指接Let it out，真的神插入，鸡皮疙瘩起一身。总之是非常值得一看的佳作，但不适合拿出来吹，内部夸夸算了（呃呃呃牛姨你真是哎呦。。。。",positive,bangumi,钢之炼金术师 FULLMETAL ALCHEMIST
uer,neutral,bilibili,比宇宙更远的地方
saki酱saki酱saki酱！,neutral,bilibili,颂乐人偶
字幕又合bgm38。没有对比就没有伤害bgm38，不如押井版bgm38。,negative,bangumi,攻壳机动队 S.A.C. Solid State Society
"神，可爱的画风与这黑暗的故事形成的反差带来了这部优秀的作品！看到现在，发现其实这部番目前就没有什么反派，只有着用各自方式探索这个深渊的形形色色的人们，构成了一个黑深残但又引人思考的“治愈”故事。
这部番真没啥可说的，设定优秀，人设鲜明，剧情稍有深度，音乐超神，完成度很高，唯一不足的可能是制作差点意思了，有些明显能做的更好的地方感觉像做不出来直接放ppt摆烂了，不过也尽力了，那几个能力足的大公司估计也不会做这种限制级动画。
还有多久才有第三季啊！",positive,bangumi,来自深渊 烈日的黄金乡
我去终于笑了TT555,positive,bilibili,Angels of Death
日本好多这种吧，往前说有靠网络上的二创来获得能力，只要有一定点赞数就能成为现实的军姬（re creaters）。再往前夏目第一季第二集的露神还有野良神里神的设定都是只要有人记住就存在。只能说文化里就比较唯心了。,positive,bilibili,虚构推理
独属于《魔法少女小圆》的「Air真心为你」。封闭的混乱，三幕式的叙事结构，多重反转的视觉呈现，偏执的晓美焰，拥有博爱之心的鹿目圆，而基于TV版的世界观重构在深度方面要更胜于TV版，但在完成度上仍不及本篇。,positive,bangumi,剧场版 魔法少女小圆 [新篇] 叛逆的物语
那个说bbq的是人？,neutral,bilibili,四月是你的谎言
回复 Takobe 为啥是贬义,negative,bilibili,Re：从零开始的异世界生活 第二季 后半
好机会，cai下去,positive,bilibili,魔女之旅
回复 NBqianduo  坏了，让你玩到真的赛博朋克2077了,neutral,bilibili,某科学的超电磁炮
ep8欸什么这衣服不是挺好看的吗？？？石上的救赎后半段直接插前前前世是吧233顺便这个时候赤坂的人体还没有扭曲成不可名状之物，制作组省事不少ep5不行练歌那里尬穿地心我跳过了，ED很不错！好听好看！ep2懂了这就是音痴！ED会长做梦超展开XDep1笑死我了声优上大分！书记一如既往可爱！（Line这个已读功能对于社畜来说真是很不友好啊Orz,negative,bangumi,辉夜大小姐想让我告白-超级浪漫-
第一次看，mmk为什么无缘无故被追啊（可恶的阿B,negative,bilibili,少女乐队的呐喊
"差不多在看完1的一年之后，终于抽出一段完整的时间心安地看完了无罪。
有评论说“innocent”指的是空洞，确实我也有这样的感觉。想来巴特这样的生存状态其实我还挺羡慕的。",negative,bangumi,攻壳机动队2 无罪
集齐我对gainax的一切刻板印象，配乐和作画超棒，风格有种信息密度极低的狂乱，正如青春期的躁动。通篇纯粹得就像一个名为“青春”的理念，某种程度上物语彻夜之歌和它很像,positive,bangumi,FLCL
wok，抽断水了,negative,bilibili,葬送的芙莉莲
overlord抱妹杀，太像了,negative,bilibili,比宇宙更远的地方
啊啊啊你是怎么做到一脸平静地说出这话的啊TVT,positive,bilibili,比宇宙更远的地方
这首OST循环了很多年了,negative,bilibili,四月是你的谎言
回复 SALIL 前十肯定碰不了；宿傩、五条、脑花、乙骨、九十九、夏油杰这就六个了；下来秤、万、高羽三个准特、鹿紫云一没领域不好说，里梅能不能比漏壶强要看领域，有领域里梅也强于漏壶，目前来看，漏壶要跟石榴龙争前十,positive,bilibili,咒术回战 第二季
c姐在磕cp（娱乐）,negative,bilibili,Angels of Death
两个b王的对决  wow,neutral,bilibili,欢迎来到实力至上主义的教室
"补充一则报道：
第七话播出后，麻枝准疯狂被喷“还没从angel beats那里吸取教训？”、“为什么还是死妹这么狗血？”。而他本人则回答：“现在才开始进入精彩的地方（指进入主线）”。
那些因为妹妹死的人，都要去隔壁乱步被教育下
男主颓废了就说他窝囊，男主恢复了就说他冷血忘情。。。观众姥爷还真是难伺候
另外Charlotte漫画已出，目前更新了第0话。【虽然很短，但部分细节还是让我觉得妹妹没死】",negative,bilibili,Charlotte
你TM没看完，一点思考都没有搁着评论你妈，司马玩意儿，cjb是吧，脑袋里也就想的出来这点词了，呵呵，别看动画了，怕你大脑烧成一坨谢特,positive,bangumi,攻壳机动队 S.A.C. 2nd GIG
额，虽然排第三，但是绝对不值得特意去看，bangumi上最被高估的动画，12岁以上就很少人喜欢看了,neutral,bangumi,猫和老鼠
cbm祖坟冒青烟求出来的作品，不得不承认，辉夜时期的cbm在不惦记着他b主线的时候确实很牛逼，这些小情节真的很有笑点，也真的很甜。其次a1真是神了，以后要是有人问我什么是动画组厨力放出，答案可能有很多，但我第一反应就是辉夜，太尽力了，太会改编了，太有数值了。三季以来，看着这两个人互相拉扯，最后修成正果，真的很有感触，要恋爱主线有恋爱主线，要日常搞笑有日常搞笑，这个时代，恋爱喜剧的天花板之作应该是没跑了，没有缺点的作品，10分在我看来非常合适。,positive,bangumi,辉夜大小姐想让我告白-超级浪漫-
der,neutral,bilibili,Fate/stay night [Unlimited Blade Works] 第一季
爱音：hei,neutral,bilibili,颂乐人偶
ZO,neutral,bilibili,魔女之旅
ISWDF 不容拒绝,negative,bilibili,魔女之旅
回复 墨飞霓FinnyMok  低音不够下去，高音就容易弱,negative,bilibili,鬼灭之刃 游郭篇 中配版
486，仪态（doge）,neutral,bilibili,少女乐队的呐喊
回复 FklmnpoAE 不知道为什么没单独开一栏第七季ova,negative,bilibili,夏目友人帐 第七季
Hello hello hello hello,neutral,bilibili,鬼灭之刃 柱训练篇
在mujica的几集中，我经历了质疑小姨到崇拜小姨的心态转变，反正已经这样了，干脆咱们就把小姨和家族戏端上来吧这样还能乐乐一年后评价，在我看过的区一样的动画里也算是最区的那种，一年后我还是会给出烂完了的评价，自家邦邦的优良传统一个没看到，基本的故事也没有讲好，烂穿地心,negative,bangumi,颂乐人偶
空律vs雷律,neutral,bilibili,约会大作战 第四季
比saber还能吃,neutral,bilibili,魔女之旅
GG GP,negative,bilibili,比宇宙更远的地方
左边这两个红细胞是不是突然3d了！,negative,bilibili,工作细胞 第二季
"沉浸在自己的艺术中了，试听盛宴。
本篇当年看完的评价是完整的“圆”型动画，之后出的叛逆和外传都没看，现在回来补完果然当时的想法没错。叛逆的叙事和起承转合都合理，极大的丰富了焰这个人物。但是这个故事破坏了我心中对本篇那种世界系留白的美感。
本篇是小而美的作品，前后呼应，一些细节故意没细讲，给人情绪到位了就该这样发展的快感，最典型的就是沙耶香魔女化和最后的小圆成神，有一种一气呵成理所应当的流畅体验。叛逆延续了本篇风格，用光怪陆离的画面与本篇剧情对不上的人物行为来彰显违和感，最后引出Qb的计划和焰的就将计就计，就叙事上很出色。但是全篇聚焦于焰的精神状态上，最后还成魔来表现焰这个角色的不正常之处和对小圆的爱与执念，老实说给我看出了闹麻了的感觉。一部优秀的“晓美焰本纪”，但和心中那近乎完美的TV版比起来实在是相形见绌。
期待回天会给一个怎样的结局",neutral,bangumi,剧场版 魔法少女小圆 [新篇] 叛逆的物语
登峰造极的形式美。让我想到浪漫主义欧洲音乐课上学到的词“sublime”，如此崇高的舞台剧，如此壮美，如此激烈，甚至要去压倒观众，要去使观众恐惧，它为每对角色搭建了闪耀星光的舞台，为观众混装了一瓶浓烈的酒。少女歌剧剧场版真的是动摇我动画评价根基的一部作品，原来即便形式盖过内容也能如此震撼和动人，仔细一想这不就是在看mad嘛，mad需要让观众对角色深入理解，对剧情细节全盘掌握吗，完全可以仅凭分镜与音乐就能创造极致的音画体验，少女歌剧的观感大概就像一部宏大的mad。舞台上的少女追求什么，可以是追求空洞无物（无贬义）的明星梦想，也可以是具体沉重地对另一个人的爱，只要有一份浓烈的感情去支持她们在舞台上去战斗、去闪耀，那就足够了，这就是观众想看的。,positive,bangumi,剧场版 少女☆歌剧 Revue Starlight
momomilk,neutral,bilibili,四月是你的谎言
回复 AZorz0 这块现代篇后面会说的，漫画也已经完结了，你要不怕剧透我直接说,negative,bilibili,致不灭的你 第三季
"文戏感染力非常强大，结合上声优的表演适时响起的BGM，能调动起每个观众的情绪。叙事实在是太密集了，这信息量都能给别的动画拍两季的量了，感慨已经很少有这种恨不得每集都信息量拉满但又充实的作品了。
S3的怒涛展开，伏笔回收，并在最后将气氛推至下季那最大的期待点上，厉害。
话又说回来，这人类内斗的把戏老实说很无聊，不好看，全靠制作和氛围塑造撑起来，前中期看的我厌蠢症要犯了。可能是整部巨人中最无感的一场戏。
巨人大部分篇章都是优秀的，这其中绝不包括王政篇。",neutral,bangumi,进击的巨人 第三季
ACC绕极流,negative,bilibili,比宇宙更远的地方
"借个楼
希望各位手下留情，不要让刀剑的弹幕和评论质量影响观感，让这里成为一方净土。

1 请杜绝剧透，请不要因为看过原作知晓剧情而过分激动
2 请不要轻易提及其他相关不大角色UP主
3 请不要轻易发表主观评价（善用评论区发表意见）
4 请不要参与弹幕辩论赛（善用评论区发表意见）
5 请不要提前发表高能预警角色名等
6请不要轻易发表底部弹幕
7 请不要发表无意义低俗空耳
8 请不要提出与当前相关不大的问题
9 请杜绝毫无意义的刷屏（可以使用以下正则，过滤大部分时间弹幕，每行都是一个）
s前第sd一二三四五六七八九十
小时分钟
ddd
年月日
年月日

包罗万象的B站弹幕文化，13年就已经遍地鸡毛。唾弃越来越多，维护越来越少。
欢迎补充内容，复制转发。
av709780   

特别提醒：评论区希望做到
1、不剧透
千万不要剧透千万不要剧透千万若是在影片的弹幕或评论中提前公开重要剧情信息或关键剧情点会严重影响他人的观影感受，科普与剧透存在本质上的区别，需要区分开
2、不引战
发布任何言论之前请三思。请不要对个人或群体进行无端嘲讽、发布仇恨言论以及挑拨他人矛盾。而在视频中发布贬低侮辱UP主、观众等其他人的评论或弹幕若被多人举报同样将视为引战言论。
3不刷屏
论使用评论还是弹幕请以视频内容为主。切勿为抢占首位或前排位置在同个视频或多个视频下快速刷无用和重复的回复。评论和弹幕是方便大家交流的工具不是为了个别人晒存在而被使用的。
这是社区规则，可方便大家重温学习（转载复制）",negative,bilibili,刀剑神域 爱丽丝篇 异界战争 -终章-
，吗。 。，吗。 u就很难喀麦隆，；。‘你就没，。,negative,bilibili,四月是你的谎言
南极都没信号，怎么用rtk,negative,bilibili,比宇宙更远的地方
久仰大名，目前本季也是很传统的日式校园风格恋爱，gal改这一块不得不服京阿尼，流畅且主次分明，融线的同时也推进着主线，和次要女主增进感情但不恋爱，现在的gal改都没那么大胆点名批评sp动画单就这一季来说也是相当优秀的故事，各人物特征鲜明，印象深刻，画面流畅，角色可爱，音乐超神。是一个相当有趣的恋爱故事。后续as观感好且有发现埋有伏笔的话，我会改到9。,positive,bangumi,CLANNAD
"n

nml",neutral,bilibili,虚构推理
如果现在让我讲看动画的动机。大概就是某个幼儿园的午后，看到电视上水天使将导弹撕成三瓣的那个瞬间，我大概是在那一个瞬间第一次感受到了“看见冰的那个下午”的感觉。我只是一直想找到那个感觉。等哪天有空了我会再回来看一次，记录下那个时刻的感受恰好最近失恋了，该打开最珍藏的美酒抚慰一下自己了才看了四集就快看不下去了，越看越痛苦越难过，很难想象庵野秀明当初是怎么创作出来这样的作品的，我看了四集都快想死了只要微笑就好了我只是想再见大家一面而已在知道谜底之后回头看发现了好多好多之前没注意的细节奇观动画，看的越多越感慨奇观之宏伟ep20看完想把自己掐死我不想接受庵野秀明，但我无法逃避自己可能是因为真的看了无数遍了，这次回头看才显得更加刻骨铭心有一个很不一样的点，角色们会对自己说谎看完第26集，我宣布从失恋的自己走出来了！,negative,bangumi,新世纪福音战士
我本能忍受黑暗，若我不曾见过光明，我用这句话当了好几年qq标签,positive,bilibili,魔女之旅
让我想起了少女前线的UMP45了,positive,bilibili,魔女之旅
平行宇宙、多重维度，超脱且荒诞的设定看似天马行空，实则在Rick end Morty中反而作为一个更为贴近的思考面存在。当它们与传统叙事下的道德伦理社会制度相互串联并相互矛盾时，隐喻与讽刺便油然而生。你知道的，这很科幻。,neutral,bangumi,瑞克和莫蒂 第一季
哇嘞哇嘞哇hhhc,neutral,bilibili,工作细胞 第二季
去南极旅游一圈船票大概是人民币6W元,neutral,bilibili,比宇宙更远的地方
zys不懂。。。,neutral,bilibili,四月是你的谎言
回复 MakiseKurisu丨 干嘛啊啊啊啊啊啊啊啊啊啊啊啊啊啊啊啊啊奥,positive,bilibili,虚构推理
KIf,neutral,bilibili,四月是你的谎言 粤配版
小jiojio,neutral,bilibili,Angels of Death
动画开播前，痞子在先行发售的漫画尾页说的话，“『新世纪EVANGELION福音战士』是在我颓废逃避了4年，就是死不了的我，秉持着唯一信念『不能逃避！』的情况下再度创作的作品。想要让自己的心情表现在影片中而产生的作品。于是他将自己四年中所有的逃避与迷茫，毫无保留地注入了角色的体内。在最后两集，痞子通过一种极其个人化（没经费的方式呈现了这一信念：将角色们的精神世界呈现出来，表现他们对存在、对自我的挣扎与探索。这一过程，正如庵野所说的，“心情”他通过EVA，让自己在与角色的互动中完成了自我认同与情感宣泄，与自己内心的阴影做了告别，找到了作为创作者的意义与归属。同时庵野希望告诉观众：逃避不是解决问题的方式，唯有面对、接纳与自我认同，才能走向真正的改变。动画是虚构的，但你的痛苦与逃避是真实的。不管外界如何变化，最重要的是直面自己的内心世界。,positive,bangumi,新世纪福音战士
以往对于偶像题材作品的前置刻板印象：人设剧情。本作稍微改善了我的观点，但部分剧情还是有些子供向了，特别是一个男团的反派能和女团因争夺市场产生矛盾我就十分不理解，难不成以前很多男女通吃的粉丝吗？社长恩怨也不至于吧。制作人p有时候没用的要命，看着很气人。抛开这些因素外，本作的制作水准是很高的，比如人设，不仅好看尤其是脸的绘制，完全不带崩的各个角度卖萌。角色动作的流畅度高，2d live回爽快自然。歌多，平均一集三四首歌的密度根本停不下来。部分单集、个人塑造回很好看，ep15用直播连贯的把每个人的萌点准确的表现出来，很有趣、至ep20的千早回与至ep24的春香回，相对沉重的两段演绎，最终都互相成为各自的钥匙，重归团体之中。本作对于每个人的自我塑造都很充分，春香回则完善其对于团体付出后所对应的总体塑造。借上述优点，再加上节奏把握舒适，整体观感就相当不错了,neutral,bangumi,偶像大师
"当初入宅想看一不小心点开S2，看了半集不明所以地退出XP。。。幸好补番补到了，一口气想看完的程度，实在好看，第一集有爆点对坚持看下去有奇效。作为原创番已经是很好的存在。

S2差点没看下去，开头有点粪，TV结局是神啊都给我去看鲁路修啊呐喊，零镇太牛逼了怎么能想出这么震撼的结局，我全程张着嘴看完。

媚宅有的，但是男的女的都在媚，原谅了。",positive,bangumi,Code Geass 反叛的鲁路修
第13！mortis不会弹吉他，睦双重人格确定，ave mujica当场解散！,positive,bilibili,颂乐人偶
计划通get,negative,bilibili,魔女之旅
1达尓克约等于17rmb,negative,bilibili,间谍过家家 粤配版
伤痕铸就最强之盾！守护伙伴，在绝望中寻找希望之路！史诗级冒险抢先看，锁定bilibili漫画！,positive,bilibili,盾之勇者成名录 第四季
799910，超越时代的演出方式。宫老爷子讨论的就那些东西：爱，人与自然的平衡，仇恨（战争），独立女性形象，小妈妈（划掉），议题总是那些，只是呈现的方式不同。这次是选了大和阿伊努和人自然之争，比较魔幻，阿伊努可能也不是很阿伊努，但展开得自然：踏上旅途，论诉不平，竭尽全力阻止悲剧，却因个人与创作者无法给出解答，最终只能依靠机械降神（字面义）达成奇迹，给出希望愿景。演出很超前，比新海诚在《铃芽之旅》里的类似演出与剧情早了25年，可能新海诚在铃芽与空轨sc里的演出算是充分的学习与模仿，但还是没有超越，不知道97年当时大伙看会震撼成什么样子。押井守评价得没错，宫老爷子有才气，但剧情写得不算好，不过就这自然的推进方式，我觉得是比你那充分的设计感与复读强调要强到不知道哪里去的。极其值得一看，不过是演出上的，讨论的议题相对宫老爷子其他作品并无新意。,neutral,bangumi,幽灵公主
编辑了下日志怎么土豆sai服务器把21年的标记整没了,positive,bangumi,攻壳机动队 S.A.C. 2nd GIG
rela挤眼是吧,neutral,bilibili,颂乐人偶
虽然但是小葵的这一身OLAy真的很萌啊,positive,bilibili,鬼灭之刃 柱训练篇
Ave Mjica（,neutral,bilibili,魔女之旅
卖gei卖gei,negative,bilibili,关于我转生变成史莱姆这档事 第三季
666只有saber受伤的世界诞生,positive,bilibili,Fate/Zero 第一季
我df，冰帝啊,neutral,bilibili,葬送的芙莉莲
IDwwwww,neutral,bilibili,鬼灭之刃
这里几乎有c团5个人的影子,neutral,bilibili,颂乐人偶
"19、关于罗兹瓦尔的体术。2018年罗兹瓦尔的生日，长月曾开过以下问答：
　　如果只论格斗，跟加菲尔谁强？
答：那当然就是加菲尔了。压倒性的。

20、关于加菲尔的治愈魔法。同样也是2018年，加菲尔的生日，长月曾开过以下问答：
　　加菲尔把魔法的才能全点在回复魔法了，其练度是什么等级？
答：假如菲利斯是50、蕾姆是6、贝蒂是8的话，加菲尔的治愈魔法就是10左右。像第1章肚子被割开的486那种，他能很轻松地治疗。

21、小说里，罗兹瓦尔其实有提到OVA1《雪之回忆》里的冰雪节，那场雪本身就是这里下雪的伏笔之一，为了让加菲尔和村民都把矛头转向emt。
　　顺便现在再回去看的话，会发现还有很多其他伏笔。

22、罗兹瓦尔死后，486其实是指挥复制体一路保护自己回墓地的，途中路过熊熊燃烧的大圣堂，发现所有人都为了不被大兔吃而选择了自尽。
　　并且小说里这整个一路上都充满了大兔的叫声圣域成为了名副其实的地狱。
　　动画因时间关系，没能做出那种凄凉、悲壮的氛围相当可惜。

23、最后遍体鳞伤的486虽成功返回emt身边，却仍因墓室内相对暖和的温度而融化了被雪盖住的伤势，从而失血过多致死。

（个人补充完）",positive,bilibili,Re：从零开始的异世界生活 第二季 前半
海报p的有多过分啊nina愣是没认出来,negative,bilibili,少女乐队的呐喊
movesakki,neutral,bilibili,颂乐人偶
21世纪最伟大的gal改。领先时代的剧情设计和个性鲜明的人物塑造配上动人心弦的音乐，简直就是一场在感官和逻辑上都做到极致的饕餮盛宴。,positive,bangumi,命运石之门
第二季电波只有3、10对上了，敲碗等S3,neutral,bangumi,瑞克和莫蒂 第二季
这个bgm名字我要3秒内知道！！！,negative,bilibili,四月是你的谎言
ll,neutral,bilibili,Fate/Zero 第一季
回复 阿噜sa 神父的钱快被Cathy用光了；；,negative,bilibili,Angels of Death
回复 彼鸟性别不明 这鬼，他哪怕说，“我在这呆了五十年吃了一堆人，你师哥师姐就是我吃了”不提同一个师傅连续被吃徒弟就OK了，不明白为啥还强调一下14个，然后逻辑说不通了。然后一群人开始用脑补解释了，没必要。就好像楼主，师傅给面具没错，可是你不用解释“徒弟被吃了没人发现是合理的”，我觉得不合理，你解释出花来，也没必要强迫别人按你的解释接受,negative,bilibili,鬼灭之刃
前四集观感相当不错，希望可以继续保持下去，唯一的遗憾还是op吧，和神级ed比起来的确有点相形见绌了（悄悄说一句，动画组对小肥伦的刻画也太棒了吧）已经到ep15了，圣斋藤,positive,bangumi,葬送的芙莉莲
如果SSS真的作为第三季的规模来制作，想必完全能拥有比肩前两作的潜力，只可惜没如果。久世思想的沿承，老龄与少子社会等无不具有相当的讨论价值，但过度压缩的篇幅显然放大了同样由神山主导的两部TV中经过柔化处理的问题对白密度大，线索繁杂；打戏与文戏之间衔接不够自然，节奏不稳；气氛烘托不够到位等。本作中收尾也是颇显急促，本来身陷迷雾之中却倏然拨云见日，不易顺畅理清。最后对于社会的展望令人遐想万千,positive,bangumi,攻壳机动队 S.A.C. Solid State Society
China,neutral,bilibili,比宇宙更远的地方
樱不是吃醋，她在确认这是不是servant,negative,bilibili,Fate/stay night [Unlimited Blade Works] 第一季
ave mujika,neutral,bilibili,魔女之旅
oHhhhh,neutral,bilibili,魔女之旅
Believe in the sign of Zeta 「俺体、貸！」,positive,bangumi,机动战士Z高达
如果只是12集结束的话会是不错的青春伤痛文学，但祥子俗套的动机和赤裸裸的企划推销行为让先前的感动大打折扣，再加上声优演出的不足让人不禁感到遗憾。看完剧场版总集篇后上调一分，二刷注意到了很多叙事上的细节，对人物关系性有了新的理解，大受感动。但现在想想第13集作为mujica的饺子，突兀和失败也是必然的。只能说可惜。,positive,bangumi,mygo
入宅差不多两年总算是看完了乐队番四大名著，还都挺喜欢，正好在这对比一下自己看完四部番的感受，个人认为，画面：轻音gt孤独摇滚gtgbcgtmygo 剧情：轻音 gbc mygo 孤独摇滚 音乐：gbc 轻音 孤独摇滚 mygo 人设：轻音 孤独摇滚 gbc mygo 总体：轻音 gbc 孤独摇滚 mygo不过就算是最不喜欢的mygo在我心中也有8分中游略下左右的水平，可以看出乐队番这个题材我还是比较喜欢的，mygo这部番观感流畅，基本不会无聊，还有一些笑点，尤其是前6集，观感特别好，但是后面越来越乏善可陈，虽然gbc后面4集更拉，但是gbc中间的情感爆发够足，而且总感觉mygo帧数不如gbc，音乐方面除了春日影，没有很抓耳的歌曲，但是如此扭曲的情感关系确实是看过乐队番中独树一帜的存在，前6集的刻画也很神，综合来说很推荐去看,neutral,bangumi,mygo
boy天真的以为自己能打过一个小孩,negative,bilibili,鬼灭之刃 柱训练篇
A V E  M U J I C A  闭店之日,negative,bilibili,颂乐人偶
haiy在压力啊？,positive,bilibili,颂乐人偶
S0Y0你哪位？,neutral,bilibili,颂乐人偶
回复 OGONG,negative,bilibili,总之就是非常可爱
why,neutral,bilibili,Angels of Death
用舅舅散步做刀，你挺会啊，动画组开发的咒术游戏,positive,bilibili,咒术回战 第二季
"7510 
几部热门少女乐队番里，GBC那后硬核、EMO曲风是我偏爱的，写得也确实好；可令我惋惜的是，GBC剧作完成度偏弱。
开篇把舞台放到了更广阔的世界，承载更多话题：独居、生存与梦想、独立与主流对抗、对风格的坚持或妥协无不带有现实色彩、可展现角色做选择的能动性。可惜剧作似乎害怕把冲突写得出格，始终束手束脚，后五集尤其最后两集非常乏力，乐队事业、人际矛盾和解都进程仓促。仁菜出走后家人妥协、乐队演出反响好而新歌数据惨淡、反目的旧友想帮自己这些困难像障碍赛关卡，给角色提供奋进、努力的理由，却未曾真正让角色陷入危机。而冲突的解决，经常是仁菜爆发宣泄，哪怕这番标题有“呐喊”，这喊口号的作用也太强了Hina角色线失败，本应与仁菜相对照，但其描写缺失，沦为行为突兀的工具人。
不过因为对仁菜某些经历有共鸣，再加上视听体验好，追番过程还算享受。",neutral,bangumi,girls band cry
回复 vemin 狯岳那b就不是什么好东西，从他学不会一之型就看出适合我投机者,negative,bilibili,鬼灭之刃 柱训练篇
eva量产机？,negative,bilibili,葬送的芙莉莲
sakura没见过saber吧,negative,bilibili,Fate/stay night [Unlimited Blade Works] 第一季
回复 Acirno 我,negative,bilibili,虚构推理 第二季
对boy meets girl的刻画可谓处处经典，甜度超高并且清新不腻歪。故事上从矿山地底一路来到天空上的失落城堡，如果能做成rpg的话绝对令人心驰神往。,positive,bangumi,天空之城
瀑布是3D的。 。。。,negative,bilibili,魔女之旅
【90】第二到第三次创世过程。（不）完整的死与新生。真嗣的成长之起始与（未）终结。囊括旧EVA的几近全部，但要我说如果休憩time也算作其一个局部，那评价理当打点折扣。,positive,bangumi,新世纪福音战士剧场版 DEATH(TRUE)2/Air/真心为你
京吹ptsd了,negative,bilibili,少女乐队的呐喊
87 10集只讲一场比赛，很少有运动番能让人这么热血沸腾的，最传统但是最感人的王道故事，牛若和天童的强大使得月不断挣扎成长，成为了此次比赛的MVP,positive,bangumi,排球少年 乌野高校 VS 白鸟泽学园高校
我说实话浪客剑心真配不上这个制作 这片的故事就有问题 每一个角色几乎都是一个极端的性格跟着一个笔直的剧情线路走下去 尤其表现在男女主 包括在感情线上 那个猛男说的清里也就是女主前夫 我说实话这男的真的好 结果剧情里也没说女主怎么就不爱他这前夫了转去爱剑心 就先不说剑心杀你前夫这件事 就这剧情里塑造的剑心 他这个人真的有性格吗 我说实话现实里的女性遇见这种男人都会觉得没主心骨顶不了事也没脑子吧 我只看过真人版浪客剑心 给我的感觉就是剑心这个角色真的没有性格就是一个机器人 你女主到底是怎么爱上一个这种人的呢 都说要互相了解才能谈恋爱 而剑心这种人了解了和没了解有区别吗 和谁谈恋爱都相当于和剑心抬了吗 再说剑心真的为你女主付出什么了吗 真的简直了 不想在吐槽了 太多槽点了这个原作在bangumi有回忆加成都这点评分足矣见得这作品就是普通 配这制作真特么可惜,positive,bangumi,浪客剑心 追忆篇
真的阿，dabn,neutral,bilibili,异度侵入 ID:INVADED
64臺詞淺故事深，不知上映之初的人們看到 GHOST 切實地跟社會現象聯繫在一起時有何感受，但二十年來被重複咀嚼的老年社會、少子化和兒童監護、移民等等政治概念已經太過乏味，這也是爲什麼我更喜歡押井守而非神山，靈魂的根源性問題永遠比政商經道更永恆。,neutral,bangumi,攻壳机动队 S.A.C. Solid State Society
回复 IllIllIlIllIIIl 哼，我要读l喰怎么了,neutral,bilibili,约会大作战 第四季
253（2026年3月）对我来说，mygo之所以曾经打动我，是因为成员尽管都有着各自的烦恼与欲望，但最终都能抛下执念，组建救赎彼此的团体。而mujica则不然，它任凭成员的欲望发展，使得团体成为了每个人的欲念集合物。故事应首重情节逻辑和人物形象，但编剧却为了矛盾冲突将之全部抛于脑后。尽管a团几乎所有人都在说“除了ave mujica，我已经一无所有”，但还有点理智的观众都知道：这个世界是没有不组少女乐队就活不下去的人的。由爱造就的故事或许并不总会好看，但一个故作仇恨的故事，是一定不尽如人意的。,neutral,bangumi,颂乐人偶
"看完总算知道为什么是神作了，真的很厉害
了解动画制作流程，neta了太多以前的动画和人物近两年才开始看动画，很多时候都得停下来看注释和百度
ep23静香那段看哭了，
最后两话，感觉有点放飞自我了，看不出来还是部日常职场番了",positive,bangumi,白箱
很多人喜欢喊口号脆弱的女孩子只能在二次元看起来是美好惹人怜爱的。能和人共情的也只是人生的小小片段，猝不及防的转变而已，但绝不是这种强行渲染催泪弹式的，之后的展开严重缺乏说服力，渚的悲剧部分给我巴金或者《活着》的既视感，冲击强烈但无法代入；强行天降的大团圆反而让人摸不着头脑。整部动画充斥着伤感和故作矫情，朋也结婚后感觉像办家家酒一样，谁家没有难念的经？就你无法自拔？那些悲剧也是为了痛苦而痛苦，全部都是自己作贱自己，自己陷入自己的伤感无法自拔，后面朋也振作起来了，但是连振作都是被感动的，刻奇，这部动漫就是彻彻底底的刻奇，所谓的治愈无非就是先虐你，然后再来个不现实的happy ending治愈你。催泪也是靠着卖惨BGM主角陪你一起哭的方式来催泪，虽然我不排斥卖惨，但这种跟劣质催泪作品差不多。吹亲情人生的就消停会吧，5年不管自己的孩子叫父爱？,negative,bangumi,CLANNAD 〜AFTER STORY〜
i ke是i ku的命令形式,negative,bilibili,比宇宙更远的地方
查IP全是nina发的（）、,negative,bilibili,少女乐队的呐喊
lan衫毛衣,neutral,bilibili,间谍过家家 粤配版
《oya大杀马》,neutral,bilibili,鬼灭之刃 柱训练篇
我才发现是咒术回战na na mi的声音,negative,bilibili,关于我转生变成史莱姆这档事 第三季
你不说我都忘记1080P了,neutral,bilibili,紫罗兰永恒花园
A（88）续章2期有更另我震撼的故事，ep13的影子，为了生存而代替别人，虚无缥缈。ep18的母子，我们看习惯了母爱无私，这一集从母亲的视角展开为何无法爱自己的孩子，封建社会没有自由，被强迫嫁给了不喜欢的人，被强迫生下孩子，如何去爱，对于孩子来说是既无奈又可悲，怪不得母亲，母亲早已陷入绝望的泥潭之中。虫师总是能够将虚幻的“虫”影射到现实的方方面面，从中体会到人的苦涩，包括亲情友情爱情之间的故事。,positive,bangumi,虫师 续章 第2部分
六刷。电影院看无罪跟着读英文字幕的体验实在是太难受了，终于理解为什么老外不爱看字幕爱看配音了，可以随时外置记忆的时代快点到来吧！相对来说金的傀儡剧场沉浸感就更强了一些。aemaeth和maeth还有守护天使，远处的战舰轰隆作响将金色的别墅轰成齑粉，而自己的人偶大笑着从胸部爆开。户草流着冷汗惊醒了，可我怎么确定我所在的世界就是毫无疑问的现实？,positive,bangumi,攻壳机动队2 无罪
全灭的结局但却依然留下了希望和0079的RPG爆头V里的光剑熔烧比基尼裸女赞波特3里的loli身体埋炸弹一样这片里也有类似的愉悦场面,neutral,bangumi,传说巨神伊迪安 发动篇
细致勾勒，徐徐展图，任何乌托邦式的愿景构建都寄存着创作者对自身所处文明世代的思量。水道轻慢，木橹缓摇，贡多拉与领航员既不满于铁轨纵横、动车疾驰的交通秩序，也慰籍着车流拥塞，一座难求的通勤人群。浮岛报晴雨，飞的送信物，新威尼斯仿佛点了与地球截然相反的科技树，历史底蕴是捏造的，无妨，生活气是真就够了。这里匠同船生情，船同主生情，主同客生情，客同城生情，而屏幕前的观众又何尝不是受天野与佐藤之邀，安坐在希望之丘上饱览胜景、静听志怪的游人呢？不过梦里不知身是客罢了。以上助使ARIA三季单元回平均水准在线。而于此之上的，是一路跟随三组师徒走来，由晚辈稚气渐脱，长辈亦师亦友而发的触动，手套摘下，褪去的不仅是灯里们的青涩，也是艾莉西亚们的韶华。“努力过完自己的一生，将成果留给后代继承”，不知几载年岁的陪伴后，传承与希望的母题已悄然蕴于水天一色中。,neutral,bangumi,水星领航员 第三季
没人觉得这个3d很突兀吗,negative,bilibili,转生成蜘蛛又怎样！
8行我太high了没法睡,negative,bilibili,JOJO的奇妙冒险 黄金之风
ninammk：666盐豆布盐了贴脸开大,neutral,bilibili,少女乐队的呐喊
回复 Leoandsoldiers 主视角不同而已,neutral,bilibili,Fate/Zero 第一季
CS,negative,bilibili,Angels of Death
3    TE WS,positive,bangumi,少女与战车 剧场版
其实简单点来说就是两个军国主义的国家要打 拒绝沟通 最后灭世 但是其实说实话 这一点也不实际啊 第一没讲战争的来源 用怪诞虫一笔带过 其次 用保护mikasa等人来讲述动机 难道不是美化灭世的行为吗。并且作者完全否定阿尔敏等人的沟通 就像否定千年来人类建立起的外交一样。还有一点我想说的是 堆那么多的世界观基本上就等于压缩主题表达空间 用世界观把读者思维限制 得出一个仇恨确实没法解决的观点 但是这是排外的 不实际的啊 就像一个写不下去的人开始堆结论了一样 想用爱情最后升华一下 既是逃避现实 又是对这种无人道主义的灭世行为的美化。总体来说 世界观，剧情来看可以理解为一个不错的故事 但是当你要扯到一个非常现实的东西战争时，更需要一个更现实的陈述而非用世界观，爱情和宿命论来糊弄,neutral,bangumi,进击的巨人 第三季 Part.2
666还是个M,negative,bilibili,魔女之旅
回音act3,negative,bilibili,少女乐队的呐喊
TCAS TARA ON,neutral,bilibili,魔女之旅
trace  on,neutral,bilibili,魔女之旅
QQQQQQQQQQQQQQQQQQQQQQQQ,neutral,bilibili,魔女之旅
战斗 热血 2007年4月 原创 GAINAX 高分,negative,bangumi,天元突破 红莲螺岩
"等了3年，院线仍然杳无音讯，之前被剧透的剧情已经忘得差不多了，终于下定了决心在网上找来看。
EVA于我而言意义非凡，本不想普通的在普通的日子里普通的电脑前普通的观看这20多年来的终章。
但是，想做一件事时，最好的时机就是当下。
新剧场版一定不是比旧版更好的作品，但却给我带来了更多的感动。痞子和自己的和解是意料之中，毕竟当初做EVA的时候只有30几岁，而做《终》时已近花甲之年。
听到香香说出“我曾喜欢过你”，对我来说已经可以结局了，后面一小时的决战有点食之无味。但当长发的丽抱着机械的丑陋娃娃出现的时候，我还是又一次泪崩了。而真正看到最终，我发现，原来强大的真嗣并不是我一直以来所认同的世另我。
而是碇源堂。",negative,bangumi,新・福音战士剧场版：终
zdjd,neutral,bilibili,四月是你的谎言
hhhhh含着泪笑了,positive,bilibili,Charlotte
长尾婆婆（p5  bushi）,positive,bilibili,少女乐队的呐喊
mortise来了,neutral,bilibili,颂乐人偶
"T2 C1 与追求治愈温馨的风格截然不同，本作气质冷峻且锐利，它剥开了文明扩张与自然反噬之间的残酷博弈，视角宏大且充满张力。虽然具有深刻的社会意义，但过于尖锐的冲突与沉重的主题，也在一定程度上拉开了与观众的距离，让人在审视现实困境的同时，难以产生情感投射。这种更像是在看一场精彩辩论而非经历一段人生的体验，对于追求观感舒适度的受众而言或许略显隔阂。
作品简析：本作披着磅礴的史诗神话外衣，实则展现了一场无法调和的生存博弈。炼铁厂的轰鸣与古老森林的怒吼相互交织，影片剥离了非黑即白的简单对立，将贪婪的拓荒与神明的反噬，还原为不同系统间残酷的资源掠夺。主角身背诅咒穿梭于战火之中，并非为了完成英雄救世的冒险，而是作为见证者，在满目疮痍的冲突尽头，发出直面血淋淋现实并努力活下去的悲壮回音。",neutral,bangumi,幽灵公主
niconiconi,neutral,bilibili,比宇宙更远的地方
saki酱saki酱,neutral,bilibili,魔女之旅
最牛逼还是这首libera me from hell,positive,bangumi,天元突破 红莲螺岩
回复 BrunestudShiki请继续抱紧自己〜〜,negative,bilibili,徒然喜欢你
2026222补评：【10】Take a sad song and make it better202379,positive,bangumi,新世纪福音战士剧场版 Air/真心为你
raper,neutral,bilibili,Fate/stay night [Unlimited Blade Works] 第一季
ep10 节奏把控很到位，追逐战分镜的切换、音乐的配合，最后结局的停顿，演出节奏和情绪调动达到顶峰，巴特的人物塑造瞬间丰满，叙事风格不由得想到CB  ep8 很多地方情节交代太快，节奏把控没做到位，但结尾Be Human的插入太赞了  ep45 信息密度好高  ep3 有GHOST的人向往程式化的台词，没有GHOST的机器向往自由的表述  ep2 恰到好处的节奏把控，高潮部分到位的音乐烘托和情绪调动，从各角度而言观感皆为上乘。蜻蜓点水、点到即止的结尾更是引人深思，思考宗教、人的存在的定义  ep1 从CB到攻壳机动队，菅野洋子的音乐依旧惊艳,negative,bangumi,攻壳机动队 STAND ALONE COMPLEX
抖s 2333,negative,bilibili,四月是你的谎言
Duang,neutral,bilibili,鬼灭之刃 刀匠村篇
"再重温。片中一些反人类中心主义的呈现，这种对人类意识的诘问甚至是攻击，和莱姆的某些小说的味道挺像的。
如果说95的视觉风格尚是在前人基础上再自成一体的话，无罪则是完全和之前西方赛博朋克的视觉设计脱离开来，从自成一体到自成一脉，或许已成为另一派美术风格的发扬者，一些我国的3D美术师似乎就有受影响。电影中的游街片段取材自台湾基隆的中元祭，未来化的闽南风的确很独特迷人。
不过结构上，与95剧场版的工整有序，克制得恰到好处不同，《无罪》被塞入了超出影片框架的溢满出来的内容量，有种撑出来的感觉。观看体验上，95有如两三条河流，分别都稳步递进，有序前行，最后终于一起汇入汪洋大海，一片天地明朗。《无罪》的体验则像是在本就是茫茫一片的海洋中漫游而行。如果是重复观看，是循着河道汇入大海更有感觉，还是在茫茫天海之间漫游更有味道呢？这就因人而异了",positive,bangumi,攻壳机动队2 无罪
制作超模，可能再也没法在tv动画中看到这么多这么长还质量这么高的手绘2d live了，但是本作缺点也很明显，剧本和人物塑造实属平庸，在前13集团内分队矛盾解决后方方面面都开始一泻千里，后续展开基本全是公式剧情和没活硬整，人物最出彩的部分反而是好看的皮囊，即使制作组里大佬云集，但是整整25集有意思的单集加起来还是不超过个位数，只能说在25集塑造好13个人的偶像团体确实是难度太高了,positive,bangumi,偶像大师
回复 id菌 神TM火族馆,negative,bilibili,工作细胞
Coke,neutral,bilibili,四月是你的谎言
这里说“反了”，应该是因为大家都认同mujica作为一个乐队存在，但墨提斯却只有出色的演技。所以大家想要解散就是因为墨提斯弹不了吉他让mujica无法作为乐队存在。,positive,bilibili,颂乐人偶
20251212  9分  每个人都有不能输的理由，但每个人在乒乓之外也有着自己的天地。难以想象一个11集的动漫完整刻画了至少6个人物形象，一些有漫画感的分镜非常精彩，略显粗糙的画风有特点地刻画了神态，简单的线条非常流畅地表现出了动作场景。结尾的第11集可以列入历史最佳单集之一，第6集也非常好。唯一的减分项大概在于角色的实力上升过程没有什么展现，而比赛又常常塑造成一边倒的局势，导致有时有一定的割裂感QwQ。 2026117 除了剧情以外，没有任何缺点，在人物的塑造上更是无出其右。,positive,bangumi,乒乓
替身取材自吉米亨德里克斯的同名歌曲《Stone Free》,positive,bilibili,JOJO的奇妙冒险 石之海
saya,neutral,bilibili,少女乐队的呐喊
直接取消topB,negative,bilibili,间谍过家家 粤配版
回复 JOJODBABA 哈哈哈,neutral,bilibili,路人超能100 III(灵能百分百 第三季)
要不是还剩11级就信了doge,negative,bilibili,魔女之旅
这不是b漫上的原评吗hhhhh,negative,bilibili,辉夜大小姐想让我告白 -究极浪漫-
在看了很久之后特别提出：HKanime上的粤配版很棒,positive,bangumi,轻音少女 剧场版
"89
伊迪安的剧场版可以说是给tv的剧情划上了壮烈的句号。
先说缺点，在地球军方掉线之后，剧情上“恶”的配比不平便显得非常明显了。比起科斯莫一方声泪俱下的控诉，巴夫克兰的回应则显得中气不足。仅仅因为对方“有威胁”就痛下杀手，这类行径着实无法和观众持有的朴素正义共鸣。（tv的殖民星球所主张的正义可能都更有说服力）
优点也十分明显，不知是否是剧场版与tv的区别，伊迪安在展现战争的残酷方面，变得更加露骨，而气氛也渲染的更加绝望。其中小孩的头被一炮轰没让我倒吸了一口凉气。但仔细想想也的确是这样，伦理委员会可能会偏爱小孩，可战争不会。
而真正打动我的，则是tv剧集中一向软弱的男孩，将枪口指向了他的敌人。该指责的不是男孩，而是让男孩变成这样的环境，与造就了这种环境的人类。或许正因如此，光头才认为人类只有在死后才能达成真正的和解。",positive,bangumi,传说巨神伊迪安 发动篇
ropz，这是一场伟大的转会！,positive,bilibili,少女乐队的呐喊
长篇很难补吐槽，现在回想叙事人物描写很扎实，成为职业的道路很坎坷，成功建立在他人的失败上，sai的消失也算是全篇的一个高潮，最终主角还是想通了“sai存在于你的围棋中”,positive,bangumi,棋魂
LIFE GOES ON,positive,bangumi,棋魂
charger！,neutral,bilibili,少女乐队的呐喊
燃尽了。无论是开场蕉1v6、中间四场三对告别revue，还是最后终幕的恋光solo打破第四面墙，制作组和古川监督真正做到了完美纯粹的演出盛宴。中间穿插着华恋从小到大为了追寻光、追寻舞台的努力，非常好的补全了tv里塑造略单薄的问题。两个小时看完后我的脑子里只有华恋的那句话，“大概我已经是世界上最空虚的人了”,positive,bangumi,剧场版 少女☆歌剧 Revue Starlight
前面弹幕还在go 还在go,positive,bilibili,少女乐队的呐喊
WC家被偷了？！,negative,bilibili,Fate/stay night [Unlimited Blade Works] 第一季
那ame是谁？,neutral,bilibili,mygo
我心中的满分作品，把个人的理想、现实的阻碍、青春的奋斗与琐碎的点滴、爱好与升学的取舍，刻画的非常好的一部作品！眼眶湿了好多次，kumiko塑造的太立体了，她以第一视角亲历了许多人在青春的选择，lina的无惧旁人眼光，aoi的以学业为重，asuka的成熟，为了圆梦考出很好成绩成功克服家庭阻碍，姐姐为了符合家里期待而放弃热爱，后在大学决定走自己所爱的路，kumiko看过两人对热爱事物的选择后，坚定的继续走下去，全国大赛后对两人深情告白。动画中很多细节刻画非常细腻，比如霙和久美子说话是挪步靠近，霙走出阴霾是以脸庞从阴影到阳光下，毕业结束后寻找asuka在校门回忆起asuka的新生欢迎，一回神只有白雪飘落。,positive,bangumi,吹响吧！上低音号 第二季
像极了QQ的默认男头像,negative,bilibili,颂乐人偶
转职了 变灯光师lq,neutral,bilibili,魔女之旅
尴尬的来说，俺的import,positive,bilibili,鬼灭之刃 柱训练篇
auv什么都磕只会让我营养均衡,positive,bilibili,魔女之旅
"“第15532次 长门她这么说了 乘上两周的话就是差不多是595年的时间了 那么长的时间仅她一个人能够好好地保留着记忆 无数次无数次地重复吗 长门 你到现在为止都是在以什么样的心情度过的啊”
在漫无止境的八月中，阿虚心中如是问到。可三无少女的属性注定了有希的情感是沉默的。而《凉宫春日的消失》精妙之处就在于它以平行世界的方式撕下了有希三无的标签，让阿虚乃至观众得以窥探名为长门有希的少女的内心世界，令观众意识到卸下宇宙人的身份后，她也可以是一个有情感有温度的文艺部少女。而15532次轮回中所积淀的情感，最终以含蓄内敛的方式消融在天台的飘雪中，《消失》也在此刻实现了情景交融，实现了画面美学与情感张力的唯美结合。在我个人看来凉宫TV版作为校园番的开山鼻祖已经在新动画的多元冲击下略显平庸，但剧场版《消失》仍将以其独特细腻的人物塑造和含蓄隽永的情感表达经久不衰",positive,bangumi,凉宫春日的消失
我的top10吧！对于我这种阅番量少的人来说可以说是相当有趣了，无论看多少遍都不会厌，最后伏笔回收的部分让剧情达到新高潮，看完觉得意犹未尽,positive,bangumi,四叠半神话大系
ep2 ep3卧槽这两集槽点也太多了吧，都不知道从哪吐槽起了ep4卧槽我真无语了还能更变态的吗，捡球给我看高血压了，雨中那段也是有够尬了ep7 ep8避雷啊，秘不发丧在智斗些什么啊，是我神作滤镜太重了吗，春园兄妹篇和有纪宁兄妹篇实在是雷人啊十年铁血京蜜外加神作滤镜也实在是难评，期待合适的契机补这个作品也是很多年了，首先人物塑造还是非常可以的，即使是配角像芳野哥和早苗姐都很喜欢，但剧情逻辑实在是不敢恭维，2 3 4和7 8的俩部分简直是雷人，后面可取部分也很多，像父子和解，但光玉和命运绑定体弱等等还是有点生硬,neutral,bangumi,CLANNAD 〜AFTER STORY〜
ep14 带有宗教讽刺意味很强的一集 ep18对于爱的探讨挺有意思的 就是王子转变有点像换了个人 小突兀 ep24阿谢这个角色真是整部剧塑造得最好的角色了 虽然作了无数的恶也算有个恶果了 但是很难真正讨厌起来 和第四集托尔兹死亡时同样的白色高光背景 他其实更像是托尔芬的第二个父亲 抛去一些小瑕疵 82,positive,bangumi,冰海战记
回复 Seaver丶 忘了,negative,bilibili,OVERLORD Ⅲ
Leto昴,neutral,bilibili,少女乐队的呐喊
saki酱saki酱saki酱saki酱saki酱saki酱saki酱saki酱saki酱saki酱saki酱,negative,bilibili,颂乐人偶
ep3 ep6 sp1 ep12 ep13 ep20,neutral,bangumi,虫师 续章
感谢各位说的bgm的名字T T,positive,bilibili,四月是你的谎言
看着像是tv版的真结局，原本的2526集像是经费不足之后只做心理刻画的奇怪产物，但真嗣和明日香的人设又和tv版里稍有不同。明日香不再自闭之后给人的感觉近乎癫狂，这还能用压抑的太久了来找补找补。真嗣感觉完全从tv版里那个不想和他人起冲突的自闭男孩变成了不愿意承担任何责任的懦夫，简言之就是两人的性格都变得更加极端了。此外倒是沿袭了tv的风格，结尾也无非是对tv2526集的另一种稍微具象一些的刻画,neutral,bangumi,新世纪福音战士剧场版 Air/真心为你
S3的文戏感觉比1和2还强，个人认为最动人的还是艾伦老妈的那句话：“他已经很伟大了，毕竟他可是成功来到了这个世界。”,negative,bangumi,进击的巨人 第三季
回复 42447378925bili 白念还原亚硝酸盐实验现在似乎都不怎么做了，现在我们基本上细菌是依靠以ATCC大肠作为标定点然后查质粒蛋白质确定,negative,bilibili,工作细胞
Anon：我，无畏契约！！！！！,negative,bilibili,mygo
"85在凉宫春日的影评中通常会一句话：第一个做的是天才，第二个做的便是蠢材。这句话对大部分中古老物及首次出现的题材都有效，包括榜上有名的四叠半，颇有种免死金牌的味道。
本作大量使用倒叙、插叙做碎片化叙事，兼用大量象征和隐喻增大理解难度（而非像群像剧一般增大信息量），这种充满想象空间的东西注定受人追捧。当然，抛开这些不谈，恰到好处的叙事节奏，“写实“的生活方式和巧妙的“玩笑“都足以支撑起这部作品的优秀，尤其让我印象深刻的场景既不是人类补完，也不是绫波丽自爆、eva骑士踢之类，而是明日香与丽共乘电梯时那一分多钟的沉默，我第一次理解何为“沉默，震耳欲聋“",positive,bangumi,新世纪福音战士
这一幕在第1话也出现过，但nina的表情与当时已经不同,positive,bilibili,少女乐队的呐喊
我diu佢把聲好flirty,negative,bilibili,四月是你的谎言 粤配版
请问50cm怎么狩猎的,negative,bilibili,葬送的芙莉莲
y y s g一语双关,negative,bilibili,四月是你的谎言
灯得了MVP,neutral,bilibili,少女乐队的呐喊
智斗但不巅峰。37话可以分121213三部分，最后13话明显拉了，前24话算精彩。本作的读者视角很有问题，伪上帝视角，看似知道所有角色的行动，但藏着不说的设定往往才是关键所在，以推理作来看这一点相当失败，但看了就知道其实本作并非推理作品。最后人物塑造，除了L比较立体，警察都是人机，女角色全是夜神月傀儡，夜神月就是个中二病小孩，用死亡笔记的动机更是不能深究，世界局势发展也都莫名其妙。总之就是远远没我想象的那么好看。,neutral,bangumi,死亡笔记
hide,neutral,bilibili,颂乐人偶
回复 bili99831182768 ？？？怎么就两年半了,negative,bilibili,埃罗芒阿老师
ep8 出舱？？？艺术处理也不能这么搞吧。  ep5 花田啊花田,negative,bangumi,比宇宙更远的地方
乔鲁诺乔巴纳desi,positive,bilibili,魔女之旅
即便在迎向明天的不稳定和平的影片结尾，天空的蓝色仍然蒙上了浅淡的压抑的飘带云灰，而在影片开始时故事处于一个相对安详状态的时候，也可以注意到到光影上那种令人不适的污染气息，由此体会到整个故事氛围的“不干净”。自卫队进城几个相对静止的镜头和“Asia”相互呼应之时：行路人的忧惧，小孩子们的天真好奇，军人或迷茫或冷漠或热情的冷暖一下子就让故事变得有了血肉。这部作品有关和平主题的表达完全不是意识形态的背书，在还不成熟的我看来，在机动警察的视角中，大概就是治下责任与正义调和之下的不稳定状态吧。在看完95攻壳与无罪我对押井守的敬畏，到现在可以说已经变成崇敬了。,positive,bangumi,机动警察剧场版2 和平保卫战
作画很不错，但是至少对我来说观感其实并不好，特别是前往南极之后。可能我希望看到的是像故事里的女高报道节目一样，科普南极探险队的日常。可现实是到了南极没怎么见到、像一般轻百一样的日常，而都是被过去的阴暗回忆缠身  依靠友情的力量摆脱阴霾。这种展开并没什么不对，问题总感觉少了点什么铺垫而变得像某种老掉牙的鸡汤，好像来南极不是完成科考任务而是某种让情感爆发、让心灵开窍的地方一样。当然也可能是因为我只想看美少女贴贴而忽略了这部作品真正优秀的地方吧 bgm38。,negative,bangumi,比宇宙更远的地方
ave mujica（bushi）,neutral,bilibili,魔女之旅
111号第一次和观影团一起看电影 虽然比正常票价贵了20左右 但是氛围特别好 很遗憾的是我迟到了 缺点是最后one last kiss声音不够大但是也很震撼 大家都是完完全全听完两首歌的 现场特别多香hhh  诶 特别大的场子四百个人 超大屏幕特别爽啊 而且我位置也很好 我永远喜欢碇真嗣,positive,bangumi,新・福音战士剧场版：终
cool,positive,bilibili,间谍过家家 第二季 中配版
WHY,neutral,bilibili,转生成蜘蛛又怎样！
O N E N E S S,negative,bilibili,颂乐人偶
EE,neutral,bilibili,间谍过家家 粤配版
tadaima,neutral,bilibili,颂乐人偶
如果是24年的我肯定打8分，认认真真写的剧本就是看着舒服，但是看完母鸡卡是真的反噬到了go，哎，丰川,neutral,bangumi,mygo
回复 梦宏sunny 忘加了,negative,bilibili,堀与宫村
a no ne,neutral,bilibili,比宇宙更远的地方
kskbl,neutral,bilibili,四月是你的谎言
笑死了hhhhhhhh,neutral,bilibili,转生成蜘蛛又怎样！
“我要退出togetoge”,negative,bilibili,少女乐队的呐喊
回复 EZX105 第一集去了，现在每集开新评论区,negative,bilibili,某科学的超电磁炮
肘击Max！,neutral,bilibili,少女乐队的呐喊
CS：GO南极限定,negative,bilibili,比宇宙更远的地方
听这前奏是killkiss吧,neutral,bilibili,颂乐人偶
回复  三个音：can  sun qi,negative,bilibili,约会大作战 第四季
很好的群像剧，可能我是被武道馆偶像团洗脑了，看到23集才反应过来她们严格来说不算一个团，只是一个事务所的，但是手绘live神了,positive,bangumi,偶像大师
EL PSY CONGRO,positive,bangumi,命运石之门
回复 53641010853bili 确实,negative,bilibili,Re：从零开始的异世界生活 新编集版
耶俱矢和六花的CV都是内田真礼,negative,bilibili,约会大作战 第四季
黑客之间的明争暗斗，政治官场上的阴谋算计，还有关于意识的哲思，SAC2nd很好的融合了上面的元素，并且将他们作为一个整体展现出来。,positive,bangumi,攻壳机动队 S.A.C. 2nd GIG
doctor,neutral,bilibili,Fate/stay night [Unlimited Blade Works] 第一季
这里好萌好想rua,positive,bilibili,少女乐队的呐喊
不要立flag啊！！！完蛋了！,negative,bilibili,鬼灭之刃 游郭篇
仔细想想saber的第六感真是太有用了wwwwww,neutral,bilibili,Fate/stay night [Unlimited Blade Works] 第一季
Mtt吗（我想要噬魂魔）,positive,bilibili,魔女之旅
zack是Ray的专属武器,positive,bilibili,Angels of Death
四个NT一台戏，希洛克是雄心壮志的野心家，统领宇宙，之后呢，这场戏中他是最会演的，但却是最没理解历史是在重复犯错这一道理的人，于是死了。哈曼是困在过去一心复兴扎比的痴女，夏亚则是被现实磨平了一部分棱角的理想主义者，彷徨中透露着对“新人”的希望，这时的夏亚虽然不够坚定并且直面问题，但应该是最憧憬未来的时候，正如他本作中驾驶的百式一般，闪闪发光着。卡缪突兀的出现恰如其分，就和他的理念一般与在场格格不入，战争的意义是什么，人类本就不该自相残杀，他用铁皮钢心的手枪与一颗灼热的心炙烤着剧场的所有人，被地球束缚了灵魂的人，被过去的枷锁镣铐了的人，亲眼见证了天空摇摇欲坠的人，所有的一切拥入到了Z中最具理想主义色彩的卡缪身上，即使是NT，或者说正是因为是NT，处在战争漩涡中心的卡缪不可能不疯魔。富野给0087留下唯一的善良大概就只有花园丽，跑了一整季ed的“她”说，,positive,bangumi,机动战士Z高达
触发了正论怪兽的zone,neutral,bilibili,少女乐队的呐喊
咱们没充vlp就只能享受这种画面了,neutral,bilibili,四月是你的谎言
你喜欢什么样的女人？my friend,positive,bilibili,比宇宙更远的地方
"小时候嫌弃这玩意一把鼻屎一把尿，严重伤害到了我幼小的保守主义严肃文学感情，认为这玩意简直是跟四大民工漫一块被二百条犬那啥啥的。



后来再一看，哇，原来是如此的具有时代特色与前卫的思想，冒犯了。
反观某些本来kirakiradokidoki的作品，怎么成了这么恶心的渡边一条的贵物。",positive,bangumi,银魂'
就这种东西能上RANK榜 别逗我笑 便宜方块人动画加科幻原神 debuff叠满了 20年那会被扒出来分镜嗯抄高达雷霆领域 喜欢看国产动画和体的人审美素质都很低，,negative,bangumi,我的三体 章北海传
怎么我tosaka就这么点戏份，其他没毛病,neutral,bangumi,辉夜大小姐想让我告白 通往大人的阶梯
ep3泉此方居然会唱歌ep11ed居然是哆啦A梦ep13ed给我干哪来了，看到现在每一集最喜欢的部分居然是lucky channel 和edep14白石真是太有活了ep16小神晶唱的那个歌有点带感花嫁白石吗，有点夸张了看完了很好看,positive,bangumi,幸运星
violet：敢不敢跟我比划比划,neutral,bilibili,紫罗兰永恒花园
75 被第二季闷成了ARIA黑，本以为第三季又是粉丝刷分的，要狠狠批评一番，但优秀的观感令我和解了。相比之前可谓全方位的大提升，画幅的增大，作画变得更好更稳定，融情入景的演出增添不少感染力，单元回的命题也变得更多元以及多了更多对生活当中点点滴滴的细致描写，有晋升Prima时被橙光及船歌润泽的感动 ，有了更多对领航员工作的描述，有凡人仰望天材们的故事，亦有郁郁藏在心里的「寂」，这些都极大地丰富了观感。尽管我认为奇幻加上高科技的AQUA世界观欠缺拓展，不少地方也没有深刻探讨（灯里依然是众人中塑造最空洞的一位，明明来自地球这一点可以大有文章、蓝华作为姫屋的接班人的设定就纯背景版、天才爱丽丝是最多个人回的，所以人物成长最多也是她。），但流淌在本季中的种种情感也确实令人难忘，除去某一两集水回，作为系列的完结作实在无可指谪。,positive,bangumi,水星领航员 第三季
26nian55月1日,negative,bilibili,四月是你的谎言 粤配版
7  相比 TV 版结局 的 成魔 一定程度上让脱离了单纯的悲剧主角模板 也让不再是符号化的神而重新被赋予角色应有的人性,neutral,bangumi,剧场版 魔法少女小圆 [新篇] 叛逆的物语
回复 Paster牧师 感觉字幕没原来的好啊,negative,bilibili,中二病也要谈恋爱！
果然是“破”。依旧高规格制作，不过这一部比序篇更明显地变得“阳光”，主要角色都有了不少积极主动的行动，tv版里几乎不存在的感情戏也多了起来。可惜我是纯tv版受众，很多事情交代的太清楚也有点丧失韵味吧。但即便如此，后半部分那两场战斗拍的非常精彩，让人感慨「这样才是EVA嘛」，也是一种很有魅力的全新演绎啊,positive,bangumi,福音战士新剧场版：破
回复 GMleo26岁左右吧，毕竟十年前他在高中,neutral,bilibili,干物妹！小埋R
片尾曲叫ed，ep都来了。。。,neutral,bilibili,关于我转生变成史莱姆这档事 第三季
nina先退学，hina后退学，但hina先来的东京,neutral,bilibili,少女乐队的呐喊
VCBStudio“非日常”日常、“日常”非日常選？日常”、当前！無口長門有希小鼓動、名雪。162分钟的剧场版，全程没有感到一丝丝心躁，全神贯注体感5分钟。这何尝不能称之为“世界系”，日常二字从来不是普世的普普通通的生活，而是自身所处的环境与习以为常。,positive,bangumi,凉宫春日的消失
DMAIL发送，，，,negative,bilibili,比宇宙更远的地方
Yes indeed,neutral,bilibili,魔女之旅
过誉。前半段还算有模有样，后半段开始滥用慢镜头，快进到女主和傀儡师的对话直接变成静态动画，你一句我一句他一句，除了怼脸镜头什么都没有，讲来讲去还是那套西哲边角料，感觉像在看西哲ppt。看在80分钟勉强讲完了一个完整故事的份上还是保留一个五分吧。川井憲次发挥一般。,neutral,bangumi,攻壳机动队
现在一说起拧巴这个词我就想起来nina  hhh,neutral,bilibili,少女乐队的呐喊
9。2025517电影院二刷。如果说第一次看该作会惊叹于出色的蒙太奇手法营造出的螺旋结构，那么时隔两年后的再观看则是完全浸没于后半部分的情绪里。当巴与式姐相互挥手道别，歌曲sprinter响起，我已经无法抑制住自己的泪水以及胸膛的剧烈起伏。起源于无意义的存在，最后竟成为了扭转战局的关键一环，即使在这样的让人失意的社会里，我们仍可以选择为自己而活着。“Im calling 我存在过的证明 如今也一定映在你瞳中 Im calling 逆转即将关闭的螺旋 尽管我们在哭喊中渐渐消逝 但我们却依然活着 依然存在于此处” 空之境界中令人震撼的巅峰之作！充满艺术感的碎片化叙事，对生存意义的探究，梶浦的音乐各个方面都堪称顶级！,positive,bangumi,剧场版 空之境界 第五章 矛盾螺旋
VER                              PIA                                        LEC,neutral,bilibili,少女乐队的呐喊
月色真美di,neutral,bilibili,四月是你的谎言
v v v v v v v v v v v v v,negative,bilibili,鬼灭之刃 游郭篇
Zafkiel！！！,neutral,bilibili,魔女之旅
what？！,neutral,bilibili,Fate/Zero 第一季
作为公路片来说，故事未免太无聊了，伊蕾娜是唯一亮点。伊蕾娜接受芙兰的挫折教育，修行成功后踏上旅途；在只有魔法师能进入的国家，遇到了想要朋友的沙耶；看到被鲜花蛊惑并逐渐被吞没的群众后，选择默默的离开；少爷给被欺负的奴隶尼诺播放美好的画面，导致其更加绝望；早已亡国的公主在恢复记忆后疯了恋人被父亲烧死，便诅咒父亲变成怪物并吃掉子民；与芙兰短暂交流后再次踏上旅途；在只有实话的国家遇到沙耶，然后让国家恢复正常潜入的方法是“断章取义”，无力吐槽；城市中央建起高墙，东西两边各不顺眼，最后因为刻字划字的次数太多，导致高墙塌了，然后隔阂就nm莫名其妙消失了；脚踩葡萄汁，互扔葡萄后消除矛盾；抓住并处罚偷发贼；艾斯特尔穿越到过去消灭反社会朋友瑟妮；解决芙兰与席拉之间的矛盾；伊蕾娜与沙耶互换身体，最后解决麻烦tmd这媚药是对魔女不起作用吗？；解决暴力的自己。,negative,bangumi,魔女之旅
女粉？hanser装扮？我懂了,neutral,bilibili,刀剑神域 爱丽丝篇 异界战争 -终章-
最后live不放完你是人吗？还有你们五个人还能线下开live不？（另外三人还能复活吗？202639）,neutral,bangumi,girls band cry
回复 西瓜JUN的安安hhh言情小说早上起来不刷牙还亲热呢，我是一点都受不了，口臭呀！！,negative,bilibili,徒然喜欢你
eeeee,neutral,bilibili,鬼灭之刃 柱训练篇
主角团高达8人，了不起的群像剧，更何况还有他们的搭档，各种敌人和boss，要刻画好每一个人是相当不容易的，然而这一部却做到了（至少95的人物），大家在一次次冒险中分分合合，但每一条线路都是那么生动。进化打boss的设定绝对是收集癖的福音，记得小学时候把主角团数码宝贝的进化线路、罗马发音，以及各个boss的招式抄下来记在垫板上当宝贝,positive,bangumi,数码宝贝大冒险
8很少看日剧，所以对日剧的生态也不敢做多评价。但从剧本的观感来看，社会派文笔，降维打击，乞力马扎罗山，和某契丹物语完全不在一个水平（我看来是忘不了那坨雨衣生物了），jazz压到点上的节奏感，super 気持，相当出色的文剧，绝妙的群像剧，上一次让我有这种感觉的还是今敏监督东京教父。将正片和 drama看下来，本来小户川是mvp，你看这令人恐惧的镇静和缜密的逻辑思维，就算黑化了也是个吉良吉影，看到最后没想到还有高手，全场mvp居然是黑猫和田。更别说史塔西长颈鹿，没想到还有比长颈鹿更史塔西的居酒屋老板娘，最后螳螂捕蝉黄雀在后的出租车凶案也是令人拍案叫绝，监督多线并进的功力真强，不愧是日剧玩家。不足的地方就是逻辑细推敲有问题，比如一开始发现三失死亡，第一反应居然是抛尸掩盖真相，而不是寻找凶手，非常令人疑惑。,positive,bangumi,奇巧计程车
以现在的视角来看或许没有那么的出彩了，但是放在那个年代实打实的是开创了CGDCT的新时代  二刷,negative,bangumi,幸运星
回复 Bili493676444 dio既然再起不能的话，那身体归我了,negative,bilibili,JOJO的奇妙冒险 黄金之风
"回复 安济知佳Official 艾泽才是破不了防，休宝还是会受伤。
但是休宝血贼厚，卖血一流。",neutral,bilibili,葬送的芙莉莲
pest上岸！！！！！！,negative,bilibili,鬼灭之刃 柱训练篇
难道日语的钢琴就叫piano,neutral,bilibili,四月是你的谎言
one step,neutral,bilibili,比宇宙更远的地方
闻到了万字解析大量出没的味道bgm38。我大概只看到了表面？选择相互放手而不是相互束缚才能得到彼此的幸福吧。,negative,bangumi,莉兹与青鸟
狂三YYDS,neutral,bilibili,约会大作战 第四季
一股Yes的味道,negative,bilibili,mygo
莴苣这里有ONE OK ROCK,negative,bilibili,少女乐队的呐喊
披着科幻外皮的家庭肥皂剧跟《双峰》前两季类似：疯狂的瑞克和吐槽的莫蒂原型为《回到未来》的布朗与马丁一起穿梭多元宇宙；故事大多为“低俗猎奇neta的单元剧比较像《哆啦A梦》的加长版双线并行版”，稍微涉及了“存在主义与虚无主义的内容”，对社会问题种族歧视、校园枪击、发动战争、雇佣童工的讽刺基本流于表面、远不够尖锐；比起动画更像是情景剧“角色互动场景叙事氛围营造”。ep6全靠结尾的“把宇宙玩坏后找其他宇宙替代”发力；ep10直接超展开，但叙事还是流水账，结尾的反转震撼全靠配乐撑着。整部看下来，瑞克的愤青行为是唯一感兴趣的部分；成人动画的血腥猎奇学到了，但讲故事的能力却还停留在儿童动画水平。,neutral,bangumi,瑞克和莫蒂 第一季
系我啊哈哈哈哈哈在咗省实嘅时候真系被人bullying咗没脸睇,negative,bilibili,间谍过家家 粤配版
“因为没办法而不得不牺牲的人，应该一个也没有，这不是数目的问题”。高达十周年纪念OVA，“见微知著”的极佳范例。所谓的“中立地带”不过是两大势力奉行“绥靖政策”、瓜分利益的筹码桌。在本应欢乐的圣诞节里，天真的孩童目睹了一场血淋淋的闹剧。可悲的是，正是无数荒诞、微小的“口袋战争”构成了惨烈、庞大的一年战争。“离战场还有几英里？”亚尔在“京宝梵上街”后第一次见识到战争对民众的伤害，又在扎古改和高达的死斗中目睹了巴尼的惨死，最后在校长的演讲和无知朋友的谈笑声中彻底崩溃。唉，又是一年圣诞节。又是一场“不用再战斗的战争”。高山文彦用直白而无奈的惨剧表现出战争对于普通人的伤害，以“口袋里的战争”为旗帜，发出“敬畏战争，珍爱和平”的呐喊声。“放心吧，还会有战争的，还是更大规模的喔，到时候还有很多弹壳，甚至还有实弹可以捡”。,positive,bangumi,机动战士高达0080 口袋里的战争
当人类试图用高科技外星人改变什么的时候？前几集过分滥用黄段子与性幻想很乏味，能打动我的部分几乎都关乎平行宇宙：RickMorty抛弃了自己的宇宙、埋葬自己的尸体后在另一个宇宙活下来；Everything Everywhere All at Once大概是第八集的拓展；也喜欢第十集，最聪明的Rick用最傻的Morty阻止自己的脑波被监测到，然而在无数个平行宇宙中，是谁在掌控谁？,negative,bangumi,瑞克和莫蒂 第一季
gogogo开盒喽,negative,bilibili,少女乐队的呐喊
wc想起了cl,positive,bilibili,四月是你的谎言
回复 ZzzzzSX 有444喽，米斯达狂喜,negative,bilibili,JOJO的奇妙冒险 石之海
回复 Joying 第五本里四个人去给折木过生日那里吧，那个没动漫化,negative,bilibili,冰菓
dei mo so na jia da mei,neutral,bilibili,比宇宙更远的地方
Pen pen,neutral,bilibili,比宇宙更远的地方
emmm士道你躲美九的时候不是来过这吗doge,negative,bilibili,约会大作战 第四季
清个兵搞得跟datua,neutral,bilibili,比宇宙更远的地方
回复 Rikutud我决定欺负你这个专欺负老实人的,negative,bilibili,干物妹！小埋R
还有printer,neutral,bilibili,Fate/stay night [Unlimited Blade Works] 第一季
The world,neutral,bilibili,JOJO的奇妙冒险 黄金之风
为什么要演奏xxx啊,positive,bilibili,颂乐人偶
回复 Asuna鸭 倍速，后来主控室加百利这边把倍速调到了一倍也就是等于现实世界的时间是为了让美国人也能进uw，然后克莱因他们才跟着一起进的uw,negative,bilibili,刀剑神域 爱丽丝篇 异界战争
kaji的声音太好听了,neutral,bilibili,国王排名 勇气的宝箱
这并非一部逻辑严谨的智斗作品，前期为了塑造两位主角的天才，为了戏剧化的展开，实际上牺牲了相当一部分人物和剧情安排的理性，ep467存在着明显的剧情都合、人物降智，以及ep11L的判断存在先射箭后画靶之嫌，实难让人信服。即使二位天才智斗过程让人直呼过瘾也难以掩盖这方面的不足。然而从中期夜神月金蝉脱壳开始，当我认为本作的基调已定，两位天才即将拼个你死我活之时，作者又开始用漫长的篇幅描写配角的愚蠢，松田假死让人直呼智斗巅峰。后期新登场的两位不管从登场时机和人物塑造都让观众难以接受，夜神月也成了夜顺月，最难绷的是ep31还有新人物登场，为了让剧情剑走偏锋已经完全抛弃了剧情合理性，前期的优点荡然无存，缺点反而更明显。结局倒是挺爽，看完感觉至少不亏。综上，我认为本作是一部前期偶有佳回，中后期不尽人意的作品，一定程度上过誉，值得一看但不必抱太高期望。,neutral,bangumi,死亡笔记
川本家相关的部分是挺不错的，其他部分是真一点都看不进去，特别是将棋bgm38,negative,bangumi,3月的狮子
"嗯除了画面以外所有地方都是万策尽水平。
剧情只能用弱智来形容
刷本专用番1
op好听本渡枫1",negative,bangumi,魔女之旅
回复 BaiYin 当然能实现愿望了,neutral,bilibili,Fate/Zero 第一季
那么就当汨柱吧mi,neutral,bilibili,鬼灭之刃 柱训练篇
前半的勇者斗恶龙节奏明快，西蒙的成长堪称王道热血主角成长教科书。后半政治戏码的压抑氛围一转对反螺旋族的全面战争，情节安排紧凑，情绪渲染很到位，最后尼娅之死我认为小有争议，但总体依旧是超级系机战热血番当之无愧的goat【9】,positive,bangumi,天元突破 红莲螺岩
回复 jikeshen nk细胞也是属于免疫细胞，也会像记忆t一样被调节性t吊打,negative,bilibili,工作细胞 第二季
cook,neutral,bilibili,Fate/stay night [Unlimited Blade Works] 第一季
她是gei啊,neutral,bilibili,魔女之旅
"顶顶顶，喜欢刀剑的小伙伴也可以加刀剑应援一起讨论amp应援哦

还有动漫萌投票比赛，希望大家去给刀剑角色投票支持一下，感谢

动漫萌比赛地址 cv3930212",positive,bilibili,刀剑神域 爱丽丝篇 异界战争
这时候玩BA的人就要说了,negative,bilibili,魔女之旅
那我就不做人了！jojo,neutral,bilibili,少女乐队的呐喊
你需要一只呆毛很长的saber,positive,bilibili,比宇宙更远的地方
saber本来就是竭尽全力想争夺圣杯、完成夙愿的，FZ这里搞什么骑士道正面对决，放走枪兵威胁自己的御主，也不知道咋想的。,negative,bilibili,Fate/Zero 第一季
回复 雾山土行赛高 我看一两个柱就算配了三件套打童磨也悬。其实童磨玩的时候也是浪了，速度能快到kanao完全意识不到（夺刀）的地步对付没有那么快的柱还是绰绰有余的。最主要是冰人偶技能太赖了，漫画里甚至直接没给数量上限，而且每个人偶强度不亚于本体，要不是中毒寄了真的很难打,positive,bilibili,鬼灭之刃 无限列车篇
sx我爱你,positive,bilibili,比宇宙更远的地方
继承了京阿尼以往的很多优点 音乐情感刻画不错，前几集少女之间的日常非常有趣，角色刻画一如既往地优秀。不过中间的剧情发展有时感觉太过突兀，这种现实走向的剧情发展也不是很抓我（还是喜欢kon这种轻松愉快的hhh），猛卖百合的同时又在卖其他cp让我看不懂，对我来说算这部番一个挺大的雷点了。ep13颁奖时ep1的音乐再次响起还是很感动，不得不感叹京阿尼的演出依旧很顶。久美子这个角色也非常值得一提，萌点实在是太独特了，很可爱。总体来说还算可以，不过没达到我的预期就是了。,neutral,bangumi,吹响吧！上低音号
fever333333,neutral,bilibili,颂乐人偶
回复 冉风儿 夜维的日配cv是佐仓绫音  春物里由比滨结衣的cv也是佐仓绫音  而这个人物被广大网友称为团子,negative,bilibili,间谍过家家 中配版
yan不是元,negative,bilibili,比宇宙更远的地方
士郎把妹技巧MAX,positive,bilibili,Fate/stay night [Unlimited Blade Works] 第一季
daisiki daisike（快把浴霸关掉！）,negative,bilibili,少女乐队的呐喊
bgm，横山克，again,negative,bilibili,四月是你的谎言 粤配版
重 音 teto,negative,bilibili,颂乐人偶
zjh别哭了,positive,bilibili,四月是你的谎言
回复 劫后余生lyk soga,neutral,bilibili,少女乐队的呐喊
这集cp我就锁亿秒呜呜呜,positive,bilibili,紫罗兰永恒花园
很喜欢在睡前看一点虫师（虽然ep19略恶心。。），不知不觉把第二季也看完了。依然很喜欢增田俊郎的bgm，每一首配合剧情都恰当好处。能感受到脚本针对漫画顺序重新调整的用意，本季进一步谈及了抽象的虫，以及人、虫、自然的关系，立意得到提升了。（除了ep14直白了点）另外部分画面和动作采用全帧制作，比较用心又有点违和，比较纠结bgm38。,positive,bangumi,虫师 续章 第2部分
回复 ddDdDdddDcdd  可能新冠没了,negative,bilibili,JOJO的奇妙冒险
2023暑假就看了一部分，因为没看结局暂评为7实在是有点点古早鲁鲁修实在是太大男主了找不出形容词男二也是血压升高就cc能看（,neutral,bangumi,Code Geass 反叛的鲁路修
唯有perfect,positive,bangumi,钢之炼金术师 FULLMETAL ALCHEMIST
可以说是同类型作品中独一档的存在原因在于这24集里头讲的故事讲得异常的完整异常的生动不管是女儿篇还是前半部分都能让人很沉浸其中同时有着恰到好处的BGM插入。作为galgame改动漫感觉是一座很难超越的高峰。,positive,bangumi,CLANNAD 〜AFTER STORY〜
uiol,neutral,bilibili,魔女之旅
solo solo,neutral,bilibili,四月是你的谎言
回复 ZuzieQ 打破,negative,bilibili,名侦探柯南
“系统提示：zack对你发起了组队邀请”,negative,bilibili,Angels of Death
HHHH,neutral,bilibili,JOJO的奇妙冒险 石之海
太好玩了，本来想省着看的，没忍住又看一集。EP7已加入秋山澪粉丝俱乐部。开始担忧看完的日子。EP14 ed太熟悉了，初中特别喜欢这首。EP20 最后的学院祭，感动。EP21 喜欢这种细小的描写，一张照片定格人生的瞬间啊，发型表情都成为天大的事。 校长像每集会换好搞笑。EP24 相遇天使！不想结束啊,positive,bangumi,轻音少女 第二季
回复 血陌宇 可这明显很多都是文库的剧情，这nt制作组非要乱删改加什么web，web明明很多剧情跟文库完全不同的，成神吸血子后宫等等，这种乱改不就会导致后面剧情bug，文库后面D可是认为漆原就是在搞怪，算不上霸凌，看她好玩才把她转成地龙来着，这制作组真的有病吧？前面地竜被提前导致后面由古被直接放走就很有问题来着，明明小说里由古是地竜来袭趁乱跑的就很合理，他这里改成说什么避免2国家打架，那由古袭杀修那就不是大问题了？而且小说里还有因为蜘蛛子这个借口而打起来的国家，明摆着这个世界的国家就不该是这种想要和平平稳处事的，我是真的服了，删改那么多了剧情已经够差的了，还要web跟文库合在一起那不是添更多剧情bug？,positive,bilibili,转生成蜘蛛又怎样！
Damnmer,neutral,bilibili,Fate/stay night [Unlimited Blade Works] 第一季
"这部番，让只有十五岁的我感受到了人生的广大
先不说女主们精彩的剧情
就但从男主和他爸的互动的慢慢的改变
到后面男主把他爸送回去了
简直是，然我感受到了作为一个从来没有反思过父母的爱的人
这里就看哭了

我当然是喜欢nagisa的
但是我也有点想让杏赢啊
后面看到杏在幼稚园当老师
有一种物是人非的感触
就像是初恋的白月光，到现在再被我看到的感觉吧",positive,bangumi,CLANNAD
"变鬼吗？变鬼吗？
joy吗？joy吗？",positive,bilibili,鬼灭之刃 无限列车篇
回复 不知名文科生 不愧是文科生，细致Cat2Inbox,positive,bilibili,某科学的超电磁炮
回复 UntergangPthues 好家伙，TCR只识别自身MHC分子的抗原呈递，免疫教材70多页，DNA动了,negative,bilibili,工作细胞 第二季
SANGE,neutral,bilibili,鬼灭之刃 刀匠村篇
回复 杀青w 1314,negative,bilibili,路人超能100 III(灵能百分百 第三季)
我家的叫ac米兰,negative,bilibili,四月是你的谎言
说证明狂三正宫的真别yy了好吧,negative,bilibili,约会大作战 第四季
tanjing,neutral,bilibili,Angels of Death
回复 bbawzb 影评,negative,bilibili,紫罗兰永恒花园 剧场版 
格斯狂战剑风传奇berserk,positive,bilibili,Fate/Zero 第一季
回复 xoahdf 承太郎也够呛,negative,bilibili,JOJO的奇妙冒险
这跟MC迷彩沾边么,positive,bilibili,少女乐队的呐喊
"“人生就是在寻找适合自己的群体”，人活着难道不是为了出风头么？你最终也有了属于自己的领域
【第279部】

【2026 N21】

2026010520260330",negative,bangumi,异国日记
CH4nH2O,neutral,bilibili,少女乐队的呐喊
oaksk,neutral,bilibili,比宇宙更远的地方
回复 气死人少年leision 算出来是23，可以求导验算下哈,negative,bilibili,总之就是非常可爱 第二季
上线就送100连抽（bushi（不要动我的头发！！！,negative,bilibili,工作细胞 第二季
heitai,neutral,bilibili,魔女之旅
lalala,neutral,bilibili,比宇宙更远的地方
剧情很顺畅，无法预测的命运之舞台。BangDream像童话，MyGo是情感创伤下的鸡毛蒜皮（几乎从头到尾低气压，我有点胸闷。而且说到底矛盾压根没被解决吧？这个乐队硬凑在一起真的快乐吗。），丰川祥子的Mujica，看第二季了。这番评分这么高是不是因为吃了第二季大便的人回来改的高分？,neutral,bangumi,mygo
回复 umikaze777  马卡龙吧,neutral,bilibili,颂乐人偶
与第1季相比somehow有种貌合神离的感觉,positive,bangumi,虫师 续章
cos碇真嗣,positive,bilibili,四月是你的谎言
当年的A1,positive,bilibili,四月是你的谎言 粤配版
DD故意的，根据人数和销售额在DD看来刺团必输,negative,bilibili,少女乐队的呐喊
“我们会死在这里，将意义赋予下一位生者，这是与这个残酷的世界抗争的唯一方法！”对一位日本动画爱好者来说，巨人S3P2是必看之作，《完全試合》、《勇者》、《白夜》三连神回铸就10年代“热血漫”最高峰。“玛丽亚夺还战”之于《进击的巨人》，正如“北之战乱”之于《大剑》，是角色更迭、舞台转换前最恢弘、最盛大的高潮：在封闭的箱庭中，无法交涉的死斗催生出极致的绝望，人性的光辉却在暗无天日的长夜中显得愈发璀璨。亦神亦魔的巨人之力隐喻无法摆脱的“仇恨”艾尔文与阿明的接替则暗示着迎接众人的未来被他者束缚的“奴隶”终成祭品，为心怀梦想之人铺平前路。看到大海的少年陷入绝望，墙壁之外等待他的并非自由而是更庞大、更残忍的敌人，巨人的主题随之从“为人类的自由献出心脏“演变为”如何走出仇恨的森林”。“如果你做不到爱别人，同样的历史、同样的错误会不断上演、永无止境”。,positive,bangumi,进击的巨人 第三季 Part.2
极致的爱欲超展开或黑深残终究是一次性噱头，唯有个体浓烈的情感留得住同样深情的观众，圆神被做局了呜呜呜！宝宝你只是个可爱的笨蛋啊怎么还真出神性了，我要把你拉下来我要给你普通人的幸福！叠盒子叠到大道都磨灭了，成神之路的因果是焰铺的，那焰成魔也理所当然吧就为了这口究极的二人物语焰的行动完全有迹可循tvep8对蓝毛自爆和tvep11私情独白，结尾超展开转折是对tv结局约定的延续，也是对友情努力胜利救赎这王道展开的“叛逆”与其说偏离tv结局立意倒不如说这是延续系列的唯一解，tv自始至终也是以二人为中心展开的。圆焰交心互扎头发好评，红蓝售后糖写得好吃了好评，玩弄人类情感的qb自食其果好评，讲究效益的qb无法理解焰为何拒绝救赎，因为爱是反效率的，你将见证一位女txl超乎狂野想象的炫压抑,positive,bangumi,剧场版 魔法少女小圆 [新篇] 叛逆的物语
第一次看完全没看懂，但依然能感受到这是一部神作。这次重刷，一方面惊叹于今敏对蒙太奇出神入化的运用，另一方面也对故事有了更深的理解。个人理解电影存在三个世界，一个是未麻的心理世界，一个是电影内主世界，一个是Double Bind世界。电影优秀的地方就在于通过镜头的安排来使得3个世界的界限逐渐模糊，主世界发生的案件与DB的台词投射到未麻的心理世界产生幻觉与心理的对峙永远清纯的偶像未麻与因现实而妥协“堕落”的演员未麻。,positive,bangumi,蓝色恐惧
"如同永恒的花朵一般的精灵少女芙莉莲在一同经历了十年的冒险的同伴辛美尔死后
产生了这样的想法
ep1“我想更加了解人类”
ep2“勇者辛梅尔的话，会这么做”
“但是，你还是选择了魔法”",negative,bangumi,葬送的芙莉莲
可恶的ace扫盘,negative,bilibili,四月是你的谎言
回复 JamesZTH 敌情不明，菲洛都不知道在哪不敢轻举妄动,negative,bilibili,盾之勇者成名录
看了TV版一部分再看的，不得不说对我个人有历史背景的影视作品真的没有抵抗力，和TV版相对而言不是那么严肃的氛围相比，追忆篇的风格更肃杀。很喜欢追忆篇对于剑心本人的经历和时代变局深度结合的做法，和TV版各有千秋不必厚此薄彼。,positive,bangumi,浪客剑心 追忆篇
回复 Tortoise蛇屠箱,neutral,bilibili,鬼灭之刃 游郭篇 中配版
问AI,negative,bilibili,魔女之旅
回复 LearShelfy 可是这个不是soyo,negative,bilibili,颂乐人偶
"推荐看ep134610
这一季值得9分",positive,bangumi,瑞克和莫蒂 第二季
回复 犇犇Rachel 荒木没有洗法西斯的立场,negative,bilibili,JOJO的奇妙冒险
花田就是JK的神！！！,negative,bilibili,比宇宙更远的地方
Kg？,neutral,bilibili,比宇宙更远的地方
大学dhsq,positive,bilibili,少女乐队的呐喊
说实话，十一集直接结尾的话，除了短，真的没有多少缺点，3d质量高，音乐量大管饱，也有很多有意思的片段，就是围绕nina来写，让小智和RUPA没什么塑造。最后两集真的没必要，12集决定乐队未来，13集写nina和hina的冲突和和解，没什么看头，既不哭泣，也不呐喊，不在故事最高潮结尾，不懂花田怎么想的,neutral,bangumi,girls band cry
OVA场面，似曾相识,positive,bilibili,约会大作战 第四季
曼波TV,neutral,bilibili,颂乐人偶
回复 Me9um1 说过，第一次轮回葬礼,neutral,bilibili,夏日重现
wc，这个套话技术,negative,bilibili,关于我转生变成史莱姆这档事 第三季
好久没有遇到主题和情感都如此丰沛的作品了。芙莉莲和辛美尔是本作的明暗线主角，他们代表了两个面向：魔法和冒险。魔法是超验的领域，是发挥想象力的一切可能性，使人类连最强魔法师都能超越的存在；而冒险是经验的领域，是对一切未知事物的探索，小到帮助村民、迷宫探险，大到击败魔王。正如只有魔法的赛丽艾不相信芙莉莲能战胜魔王，而能做到的原因，正是作为魔法天才，却犹如一块璞玉的芙莉莲，在短短十年内受到了为冒险而生的辛美尔的赤诚之心的影响。在达成之后，芙莉莲以她无尽的时间扩展了这两个面向，本作的故事才真正开始。当魔法和冒险再次结合，才使得过去的勇者成为真正的传说。一级魔法使选拔篇更是神来之笔，不仅战斗爽快，攻略设计相对严谨，还借助迷宫boss巧妙地引出个性鲜明的人物之间的互动，以及更深远和丰富的情感。这才是我最想看到的顶级high fantasy作品啊。,positive,bangumi,葬送的芙莉莲
face on,neutral,bilibili,比宇宙更远的地方
裹上了一层“理想的叛逆”的辣椒粉的咸口乐队番，花田十辉还时不时下点药。个人比较喜欢这个3D建模，部分与2D人物共同出现的演出（比如霸凌）确实别具一格。76100,neutral,bangumi,girls band cry
ep26水在嘴中进，泪从眼中出ep3940惊叹的作画配合恰到好处的BGM演绎出超绝的表现力ep44有缘再见,positive,bangumi,3月的狮子 第二季
san值狂掉啊,negative,bilibili,鬼灭之刃 柱训练篇
take a look at me now,neutral,bilibili,比宇宙更远的地方
我同意4i了,neutral,bilibili,Angels of Death
精彩，不仅有Z这种潮的出水的机设，还贡献了UC最好听的OP之一。结局十分让人惋惜,positive,bangumi,机动战士Z高达
回复 PCMGTP  是吗，我怎么觉得网上这种人到处都是呢,negative,bilibili,盾之勇者成名录 第三季
因为sanctuary ship开始听jazz hiphop,neutral,bangumi,混沌武士
回前面，ore是日本男性粗鄙的自称（俺），瓦达西是男女通用,negative,bilibili,鬼灭之刃 柱训练篇
小祥on,neutral,bilibili,颂乐人偶
唱一首UI bushi,positive,bilibili,比宇宙更远的地方
"这二位每天不断发生的日常是多少人梦寐以求的幻想中的恋爱，每个暧昧期的故事都堪称不敢去想象能发生在现实中的奇迹。
emo了，校园恋爱，没经历过只见过的校园事件，只存在于文学作品的描述中，不敢去想象自己置身于其中的场景啊。市川跟山田的日常真的太甜了，让人羡慕。
看完我心危很难不去回想我自己的“恋爱”故事，回想起来，小学的那一段时光甚至有点像是青春版的我心危呢，哎，14岁小学毕业，都十多年过去了，那会真的是无忧无虑的幸福生活啊，每天跟自己喜欢的女生玩，放了学可以去她家里打双人游戏，快到饭点的时候小心翼翼地离开生怕遇到对方家长，遇到了也只敢小心翼翼地说叔叔好然后红着脸走开。甚至被她跟她闺蜜同时在意似乎还间接导致她俩绝交。谁能想到我居然还经历过这样有趣又青春感的故事，现在像是死人一样了啊，我在干嘛呢？
感谢我心危让我回想起那段让人回忆起来就感到幸福经历。",positive,bangumi,我心里危险的东西 第二季
开头以为是爆米花刑侦片，结果后半又一转对集体意识的探讨和对stand alone complex的点题，结尾将难以解答的社会问题的答案落于“认清现实的残酷与制度的缺陷”的处理方式进一步拔高了主旨。课长终究是找到了政治理想和社会需求之间的平衡，素子接受了自己的局限，巴特又见到了塔奇克马，皆大欢喜，作为收尾的剧场版恰到好处。,positive,bangumi,攻壳机动队 S.A.C. Solid State Society
Is this a 老年动画？,negative,bangumi,蜂蜜与四叶草
赶紧和mygo切割，别把mygo的评价带低了,negative,bangumi,颂乐人偶
"实在喜欢不起来eva的主线剧情，看完只有“好心累这是在演什么”的感觉
不敢评分",negative,bangumi,福音战士新剧场版：破
Gucci,neutral,bilibili,JOJO的奇妙冒险 石之海
作为第一季初步向观众引入sac，用一段精彩的主线呈现了sac现象，又通过质量极高的单元剧和塔奇克马的成长线来诠释ghost in the shell这一主标题，单元剧和笑脸男主线有些割裂但瑕不掩瑜,positive,bangumi,攻壳机动队 STAND ALONE COMPLEX
回复 lanwxk 神tm尤吉欧，认都不认识,negative,bilibili,刀剑神域 爱丽丝篇 异界战争
回复 BigStarPai 呐，这个就叫做专业,negative,bilibili,间谍过家家 粤配版
回复 FinnCELLENCE 柔软操（指头部）,negative,bilibili,岸边露伴 一动也不动
回复 PanMORD 都有预告海报了，肯定有啊,negative,bilibili,间谍过家家 第二季 中配版
YY,negative,bilibili,鬼灭之刃 柱训练篇
啊啊啊layer,positive,bilibili,颂乐人偶
我记得这个好像是个恋爱番吧？hello。？,positive,bilibili,Angels of Death
骨裂，bgm今日五佳球力劈华山。,positive,bilibili,关于我转生变成史莱姆这档事 第三季
小时候学围棋的时候棋院播的，塔矢亮成为了我的性癖（伪）启蒙。十多年后，这部作品里面所有人的梦想，职业围棋界以及那尚未被计算机攻破的棋艺的传说已经全部被DeepMind干的稀烂，真是令人唏嘘。,negative,bangumi,棋魂
回复 夜萧和风 27咕哒靠着灵基之影硬钢烟雾镜amp戴比特（）,negative,bilibili,命运-冠位指定 -神圣圆桌领域卡美洛- 后篇 圣骑士银之臂
与此同时Mujica正在刷新纪录。,negative,bilibili,少女乐队的呐喊
玩lol本体游戏的看这个就是爽爽爽，个人认为2021年的真神，里面歌曲更是火热，作者很好的表达了自己的意思，让即使不玩游戏的人也可以看懂,positive,bangumi,英雄联盟：双城之战
开那么多灯太不环保 了，学学roselia（bushi）,negative,bilibili,少女乐队的呐喊
回复 小黄小黄不想起床rr 在漫画动漫没做出来，躲在桌子底下偷吃蛋糕是漫画番外20伸手可及的地方，喜欢猫咪图鉴在漫画第102话,negative,bilibili,夏目友人帐 第七季
看起来柿本广大已经陷入ta的艺术中无法自拔了。,positive,bilibili,颂乐人偶
回复 JKIRn 那个芬达海差点把我笑死,negative,bilibili,咒术回战 第二季
Ave Mujica怎么突然Ave Mujica诶,negative,bilibili,少女乐队的呐喊
回复 piekn 禁止禁止套娃,negative,bilibili,这个勇者明明超强却过分慎重
演出很有时代感，结尾的演出确实超越了时代并影响了后世的eva，但我认为eva在各个方面都超过了吉姆王，可以说是青出于蓝而胜于蓝；人与人之间不能完全理解，而吉姆王的回答是什么，那就是大家都变成星星吧，然后寄希望于抹平差异性的抽象善，这和eva的回答相比差的不是一点半点。,neutral,bangumi,传说巨神伊迪安 发动篇
mortis跟装了一个mujica语音包一样,positive,bilibili,颂乐人偶
大开杀戒辣！（bu shi,negative,bilibili,鬼灭之刃 柱训练篇
"还是经典的一些老问题，鲁路修的战术指挥能力很多时候是经不起推敲的开挂，拿了上帝视角获取信息。但是第二季的人物塑造好了很多。鲁路修的心境有了合理、详细而自然的变化，和第一季只停留在背景里的一些设定和草草带过浮于表面的情绪相比进步很大。每个角色都在勇于打破它本身的固有印象，第二季还是不错这方面。
但是中华联邦那段剧情太让人反感了，全是刻板印象，角色的剧情也很降智。搞政变反而举棋不定墙头草左右摇摆，难评。
剧情确实可以，鲁路修的编剧是很想塑造出一种宿命悲剧的无可奈何的，但是很多时候有点为了悲剧而强行悲剧，让人很反感。第二季夏莉的悲剧比第一季尤菲的好一些，没那么生硬，但还是有些刻意。
这里称赞一下第二季的ed2和第一季的ed1完全呼应，对仗很工整。
人物刻画好了，但是还是老毛病，抖包袱皮的时候自顾自嗨了，其实逻辑没理清楚，设定也没说清楚，看起来帅但是不可细究",positive,bangumi,Code Geass 反叛的鲁路修R2
回复 IKobe 不，更强，基本就是天花板守门员，楼主说比他强的不超过十个实际上已经很保守了，现在能暴打他的只有天花板，这以下的基本都是被他暴打的,negative,bilibili,咒术回战
t细胞：DNA动了,negative,bilibili,工作细胞 第二季
回复 雷金霖  是的不仅是游戏迷，还会说出因为要玩老头环或者FF7re所以停更一周这种话,positive,bilibili,夏日重现
弓子是Lynn配的吧,neutral,bilibili,比宇宙更远的地方
啥？吃qb？清炖还是红烧（doge,negative,bilibili,比宇宙更远的地方
mio酱,neutral,bilibili,约会大作战 第四季
kei米on那马一哇！,neutral,bilibili,四月是你的谎言
回复 diadaifix 嗯,negative,bilibili,"世界顶尖的暗杀者,转生为异世界贵族"
其实不知道你们怎么想，我是很喜欢战士长的，总有种这样的感觉，如果这个世界的强者或者重要角色都会成为老骨的收集对象，那战士长虽然只是个sr但是却是老骨永远也收不到的超珍稀的那一张。一方面对他拒绝老骨的邀请感到遗憾，但是心里也很明白，能跳槽那就不是战士长了，他如果真选择跳槽了，价值也会从比ssr还珍稀的sr跌为R卡吧,positive,bilibili,OVERLORD Ⅲ
这小伙子在追他的A2驾照,neutral,bilibili,魔女之旅
及其具有想象力的作品，能开拓想象力和情感边界的作品在我这里一律满分，用科研类比的话就是真正solid或者有impact的工作，而不是在做incremental的事情。,positive,bangumi,千年女优
lost river原来是这样唱的吗,positive,bilibili,Angels of Death
此时一个悠正在刷coop,negative,bilibili,四月是你的谎言
回复 Dexukis 漫画的是什么样的？想看,neutral,bilibili,致不灭的你 第三季
cl第一季虽然尝被诟病节奏慢，但是对于每一个能够享受这份慢节奏引入的人而言，后续各条线绝对不会让你失望。一切的铺垫最终都是为了将来情绪的爆炸性展开，震撼人心。作为唯二两部我打了满分的作品，cl在我心中是永远的top1动画，伟大无需多言,positive,bangumi,CLANNAD
完结撒花 感谢陪伴 zhao,positive,bilibili,夏目友人帐 第七季
硬着头皮看完了第一季，冗长加枯燥，前期日常的笑点也比较过时了，gal改痕迹太严重，男主剧情触发器，四处跑跟几个女配互动，风子线最受不了，琴美线勉强看下去，忍到智代线和四人败犬那里感觉开始能看下去，bangumi8分以上绝对是高了，感觉历史遗留问题，现在人看番的眼光要比以前严苛多了，所以有些明明还不错的新番分数都没带着情怀滤镜的老番分数高。,neutral,bangumi,CLANNAD
CCTV10,negative,bilibili,紫罗兰永恒花园
时间流逝，时间停滞。离别到来，离别离别。开始意味着结束，结束也终将意味着新的开始。何必非得定一个盛大的离别，那也只不过是生命中的过场罢了。不知道下一代人，又会怎样传承这一代的感动呢？不过aria至少向我们证明了一点，哪怕是所谓“不近人”的天才，所受到的感动依然是与我们一样的，一样的欢笑，一样的哀伤。Alors le temps passe vite souhaitons  tout le monde un lendemain comme prvu pas forcment comme prvu continuez comme prvu,positive,bangumi,水星领航员 第三季
有几集非常喜欢，有些就很生硬了，不喜欢最后一集ep1、2、5、6,positive,bangumi,瑞克和莫蒂 第二季
Amadeus,neutral,bilibili,四月是你的谎言
我的1楼gtgt,negative,bilibili,比宇宙更远的地方
“只要有心灵这个文化根源，无论身在何处，我们都是国民”。草蛇灰线的布局与情绪调动的扎实让本作无愧Code Geass之名，同时鲁鲁修信念十足的言行举止和肩负使命的英雄幻想完美展现出青春期那种迷茫又骚动、脆弱又张扬的心理状态，被当年的青少年群体奉为神作一点也不奇怪。CG拥有和前辈GW相似的舞台剧气质，“变革世界”的思春期英雄幻想让它成为《少女革命》的精神续作。从恐怖袭击走向两极对峙，从“领导反叛组织的精英个体”到“V字仇杀队式的思想符号”，从“成为只属于妹妹的英雄”到“建立充满温柔的新世界”最终话“Re”的反转以摧枯拉朽之势扫清了偶像剧的凝滞感，用人物“zero”、情节“零之镇魂曲”与设定“C的世界”三重要素，铸就独属于日本深夜动画的神迹。“朱雀啊，愿望和Geass是不是很相似呢？我被人们心中名为愿望的Geass驱使一切只为世界的明天”。,neutral,bangumi,Code Geass 反叛的鲁路修R2
这种我不敢怎么说，但我可以肯定是他对于悬疑番都是不愿意思考的，有些人看冰菓都是来这里找动漫男神头 但是却忽略了这部剧需要思考的地方想那个ice cream给他想半天估计都不知道意思是I scream,positive,bilibili,冰菓
Microsoft传（,neutral,bilibili,魔女之旅
回复 叶意余烟 《My little Shido》,negative,bilibili,约会大作战 第四季
2500rmb,neutral,bilibili,少女乐队的呐喊
CPTSD,neutral,bilibili,少女乐队的呐喊
回复 inKarse 不试试怎么知道反正我是没那个能力,negative,bilibili,约会大作战 第四季
486：WC，盒,neutral,bilibili,少女乐队的呐喊
按j3秒,positive,bilibili,魔女之旅
Googleou,neutral,bilibili,颂乐人偶
回复 齐零cassell ？没改啊,negative,bilibili,辉夜大小姐想让我告白 -究极浪漫-
这个火车提示音让我联想到Eva了,negative,bilibili,四月是你的谎言
2026228 EP3：结尾的观点好妙啊。能感受到恋爱，本身是一件幸福的事。2026。32 EP4：时间跨度好大。第四集就到年末了。感觉自己漏看了好多东西,negative,bangumi,蜂蜜与四叶草
0079到z再到zz，看逆鸭当然不是单纯看逆鸭，而是看骡鸭的收官，也是uc最宏伟的一段历史的收官。如果uc在这里收官，留下阿克西斯奇迹，那故事还有着无限希望，可惜连阿克西斯的奇迹都无法改变任何事情，只让原本善良的人变得更加痛苦,positive,bangumi,机动战士高达 逆袭的夏亚
这眼镜男的cp到底是谁,neutral,bilibili,四月是你的谎言
Yay,neutral,bilibili,鬼灭之刃 柱训练篇
听着像初音的声音（Ky致歉,negative,bilibili,鬼灭之刃 游郭篇
我终于知道yosoru的意思了,neutral,bilibili,比宇宙更远的地方
此事在演唱会3rd「咆哮奏」《空白与宣泄》中，亦有记载,positive,bilibili,少女乐队的呐喊
banana同款,neutral,bilibili,少女乐队的呐喊
叮，您的常驻NPC 已到达,neutral,bilibili,鬼灭之刃 柱训练篇
上一部《AIR》,neutral,bilibili,四月是你的谎言
墙：75100HP,neutral,bilibili,Angels of Death
plan  c,negative,bilibili,比宇宙更远的地方
提第五人格的想干嘛，ky去s,negative,bilibili,Angels of Death
某位CL批朋友宣称这是他人生中的第一神作，带给他的感动甚至超越了他爹CL「我每次看三狮都是用朝拜的心情，甚至我在家都要挑个夜深人静没人打扰的时刻确保绝对安静才会看。」 而某位CL黑朋友更是宣称「第一集第一眼就没绷住，这演出、这叙事，对CLAS最好的一段都是降维打击。这两部作品连起来看对比太震撼了。」优先级拉满,negative,bangumi,3月的狮子
大pg甩在身后,negative,bilibili,少女乐队的呐喊
动作指导：A10疣猪（bushi）,positive,bilibili,魔女之旅
ice making（格雷音）,negative,bilibili,葬送的芙莉莲
洞哥和牛总一个cv,positive,bilibili,异度侵入 ID:INVADED
knife？,neutral,bilibili,魔女之旅
很难被客观评价的作品，尤其在观看完一个多小时迭起的高潮及结局后。画面制作虽然同样宏大，但3D下的视效终究很难还原老剧场版的震撼体验。剧情则对明日香、黑丽，以及美里等角色进行了相当重要的塑造，成功地令其以与TV不同的方式深入人心。但对真嗣父子间关系刻画似乎比TV保守得多，退回并加深了俄狄浦斯式关系、有选择的意志论，且进行了相当商业化的、和解式的降格改造。而对于渚薰、真希波等关键剧情角色依旧是大量留白，其塑造很难称得上令人满意。这正是对终评价的矛盾所在，作为商业动画，其无疑是令人感动，甚至催人泪下的；但作为EVA，尤其与老剧场版相比，其内核却很难称得上深刻。正因为绝对意义上的和解是不可能的，你只能选择直视那个让你痛苦的根源，或者扭头假装看不见。,positive,bangumi,新・福音战士剧场版：终
"回复 筒井光 Eoh三乔就算你是我祖先我也不会客气，我要揍你。大乔大家都是好孩子呐。
DIO切JOJO怎么得出这个结论的",positive,bilibili,JOJO的奇妙冒险 黄金之风
"3刷、舞台少女！ 私今，世界一番空 
即将毕业的舞台少女们，她们该如何面对与过去的自己诀别以及迈向新舞台的再生？蕉哥皆杀的Revue引导舞台少女们走向成熟，并将其送往下一舞台。香子与双叶二人关系重置，作为全新的、对等的关系获得再生。真昼通过竞演的revue与光实现共演，并相互理解与激励她直面自己真实情感。纯那通过与奈奈的狩猎的revue不再依赖借用的话语，而是坚定了用自己的话语开辟未来的决心。在以《浮士德》为蓝本的魂之Revue中，真矢将克洛引领至更高的境界，达成了相互认可、相互提升的理想关系形态的完成。华恋从与光的Revue中从约定中只以光为舞台解放。我们作为长颈鹿见证故事，最终结束自身角色，将少女们送往新舞台。我们不再是谁的半身，我们是自己的主角，聚光灯熄灭之处，才是我们真正站上的，没有剧本的、无限广阔的舞台",positive,bangumi,剧场版 少女☆歌剧 Revue Starlight
A。相较于前两季，音乐和氛围渲染的优势基本上保留下来。剧本的平均质量也有了明显的提升，故事内容充实，强行抒情的情况少了不少。在之前的基础上，人物刻画也更为细腻生动。此外，作画更加稳定，演出手法多样化。愿来自AQUA的起始之风，能吹拂到我们身边。补番，一天两到三集,positive,bangumi,水星领航员 第三季
cs2,neutral,bilibili,少女乐队的呐喊
怎么有点像小蚊子qaq,negative,bilibili,魔女之旅
这一看就是xc60啊，22款的,positive,bilibili,少女乐队的呐喊
回复 浪Joe 只离开手机30分钟，但却满脸蒙逼的我,negative,bilibili,关于我转生变成史莱姆这档事
这是ps1，ps2是黑色方型设计，ps3是椭圆形，ps4层梯形,neutral,bilibili,比宇宙更远的地方
sa上岸,negative,bilibili,鬼灭之刃 柱训练篇
ko ko da you,neutral,bilibili,比宇宙更远的地方
mmm,neutral,bilibili,四月是你的谎言
回复 cehcv 真的像,negative,bilibili,葬送的芙莉莲
kao哈哈哈哈哈哈哈哈哈哈哈哈哈哈哈哈哈哈哈哈,positive,bilibili,鬼灭之刃 柱训练篇
mms咋穿的跟个特种兵一样,negative,bilibili,少女乐队的呐喊
Faze clan！,neutral,bilibili,颂乐人偶
6万多RMB从新加坡到澳大利亚不够一张票？,negative,bilibili,比宇宙更远的地方
卡兹sama，ACDC和瓦姆乌！,neutral,bilibili,总之就是非常可爱 第二季
月有阴晴圆缺，人有悲欢离合。从ep9爱丽丝摘下单手套，三小只陆续成为正式领航员，剧情走向高潮，神回频出，节奏把控的恰到好处，对成长刻画的淋漓尽致，bgm神插入使整个演出多添几笔浓墨色彩。离别之既，脑海中各种回忆浮现，不禁留下感动的泪水，这就是AQUA带来的治愈。大家都踏上了属于自己的道路，都在探索着属于自己的路，成长伴随着离别，离别是新的开始，让这份邂逅的美好埋藏于心中，用笑容迎接明天。具有“传承”意义的收尾，AQUA新的故事开始了前半段略显乏味，后半段无疑是整个系列巅峰，所有的情绪在这一刻爆发了，这季毋庸置疑有八分以上水准，83刚刚好，bgm评分87太夸张了,positive,bangumi,水星领航员 第三季
2025722已经忘了几年前看到第几集了，于是决定重新开始观看。一个时刻彰显着韵味的独属于上世纪末的故事。ps上次都看到第18集了,negative,bangumi,星际牛仔
回复 阐上 486：谁tm知道他是一中二小孩啊,negative,bilibili,Re：从零开始的异世界生活 第二季 后半
看完之后发自内心的感叹道真不愧是日本动画的传奇。26集结束后内心久久不能平息，感慨甚多，就说说eva优秀的那些点吧。本作有着领先时代的时髦设定，各种科幻设定对后代启发巨大，以当今时代的角度来看这部作品，真是毫不过时。音乐方面无与伦比，本作很多情绪点和情节起伏点上的成功有很大一部分的功劳是配乐的，而且我认为eva对白噪音的使用是最神的。剧情方面仁者见仁智者见智，关于eva剧情方面的争吵至今没有结束，我认为最影响一个人对eva剧情接受程度的点就是是否能接受碇真嗣这个主角，eva对角色的内心刻画我认为是至今没有被超越的，各个角色的人设之立体，内心情感之丰富是无与伦比的，eva的重点就是在角色身上，剧情上无论是使徒来袭也好，人类的阴谋和内战也好也只是推动角色内心的事件而言，所以要是连主角都接受不了，更何况后期有些角色的心理状态还不如主角，那就更看不来本作了。,positive,bangumi,新世纪福音战士
天才djnina酱,neutral,bilibili,少女乐队的呐喊
作画十分精致，许多镜头也很有艺术感。30年过去，“在意识可被数据化而随意塑造的时代思考何为人”这样的内核已有无数后来者以各种各样的形式制作和表达，现在看已经不那么容易感到震撼了。不过一些对话和台词依然很有深意，偶尔加入的哲学论点也像是咖啡里掺入的牛奶的醇厚。顺便结尾萝莉（还是男娘？）素子的外表太有式姐的感觉了（CV还是15岁的少女期坂本真绫），武内社长这不是从这获得的灵感吗,positive,bangumi,攻壳机动队
bjd娃娘表示好想要,positive,bilibili,Angels of Death
更加的越过作品本身的内在逻辑去传达情感，几乎完全成为了攀绘痞子乃至整体制作组心境变化与思辨的“私小说”，直接越过各种弯弯绕去揣摩作品对“互相理解”和“心之壁”的态度，可能反而要比理解作品本身更容易参透作品。不过这样一来，就更显得剧场版突然把明日香提到真嗣对位的这口醋唐突了。总而言之，剧场版几乎挑不出什么缺陷，无论是nerv大战还是后面的补完都很让人享受，只可惜对我而言，eva的名气使得我对这部作品有着过高的预期，导致我最后还是多少没有满足。,positive,bangumi,新世纪福音战士剧场版 Air/真心为你
真实吉他水平：nina莫提斯爱音只会C,negative,bilibili,少女乐队的呐喊
忘的差不多了，开始二刷，ep1 9ep2 85ep3 83 水母真该找花田作脚本，相同的一集拉一人入伙的套路，怎么差距这么大呢ep4 82ep5 9ep6 以为是过度回，没想到一集内完成起承转合，还留了不少时间给观光。同样是一集一个问题的模版，59您还是好好学学花田吧 9,negative,bangumi,比宇宙更远的地方
new type 灯,negative,bilibili,颂乐人偶
"ep13
end of ep7 像极了第一季",positive,bangumi,瑞克和莫蒂 第三季
给我的第一印象是心理描写巨多。剧情太经典了，快寄的妈苛责自己的孩子，给孩子干ptsd了。女主解心结，结果女主竟也寄了，男主又歇逼了。苦亚西苦亚西，最近老是看音乐题材的番，真是给我看ptsd了呀，没心思耐心品味了。小薰偏要寄掉吗，不写悲剧不会写吗？咋滴薰寄了是对其他角色有好的影响奥，某将棋题材的动画是你无法逾越的大山。几个女角色去掉头发长得一个样凪和熏长得真像啊。有几首令人印象深刻的音乐。英雄登场幻视乒乓了。卅公生不赶紧去找薰，人秒速五厘米想见见不到，你倒是因为一些蹩脚的理由一次次错过机会。“音乐把我珍视的人一个接一个带走”哥们你就是音乐死神啊。不过起码公生最后的演奏够给力，不像某八年长跑番剧最后独奏资格被天降大爹夺去。看到最后，果然小薰的性格是因为活不久了，那不妨大胆闯荡一把。不是哥们，怎么偏是悲剧呀,neutral,bangumi,四月是你的谎言
皮亚斯特里对现在的alpine有什么想法呢？,positive,bilibili,少女乐队的呐喊
Tom and Jerry的個人最佳集。將鋼琴的琴鍵對位與作品的劇情相結合，這是MGM走出的一條美妙的路。而在當年走出同樣路的其餘兩部，作畫上和劇情完成度都不及本作。,positive,bangumi,猫的协奏曲
众所周知，红a的伪螺旋剑只是一个会消耗两个战技点的平a,positive,bilibili,Fate/stay night [Unlimited Blade Works] 第一季
前25集爽飞了，月和L之间的博弈太精彩了，但是也有一些瑕疵，但是也可以归于月性格的自大与初期的认识浅薄上，中间的主动监禁堪称天才桥段。25集后出现的两人正如动画中所说完全比不上L，月的行动出现大量破绽，但是他最后的挽救措施依然是高水准的，结局居然是以如此草率的原因来宣告月的失败，这更显得月先前和L的博弈的精妙，最后完全将月塑造成一个小丑。,positive,bangumi,死亡笔记
"原来还有总集的总集吗总感觉很多优秀作品的总集篇其实可以不算进排名里，毕竟太占地方了bgm38。

听了台长的EVA版本梳理科普后终于明白这个条目是怎么来的了。",negative,bangumi,新世纪福音战士剧场版 DEATH(TRUE)2/Air/真心为你
CHU：？,neutral,bilibili,颂乐人偶
看的就是炒作，MyGO炒完Mujica炒更大,positive,bangumi,颂乐人偶
re0这我熟,neutral,bilibili,紫罗兰永恒花园
极致荒诞的解构下，是S1这种快到飞起的脑洞叙事。最迷人的其实不是科幻点子本身，而是在那一地鸡毛的虚无主义里，居然还能看见一丝极其吝啬的温情。Rick的全知神性与Morty的平庸人性反复冲撞，把那些离奇的太空歌剧解构成了一个个扎心的生活侧写。这不是单纯的爽片，而是在荒谬的冒险缝隙里，逼着我们去直面关于“存在”的真相。这种冷酷的浪漫感，大概就是它足以称为经典的原因,positive,bangumi,瑞克和莫蒂 第一季
一部鹤立鸡群的佳作，抛弃了前作和其他类似作品那种女孩之间打打闹闹的剧情氛围。讲了一种更为扭曲，更不易讲好的故事，但是反倒更显得故事吸引人，而不是让人反感。人物主线明确，三渲二的建模在整体演出中也扬长避短，随时切换，不拘泥于一种风格。剧情逻辑清晰，人物成长明确。在我自认为包饺子的剧情中也能以另一种独特的方式展现人物成长。乐队演出效果更不用说了，完美发挥了3d的优势。不好的地方就是感觉声优捧读有些突兀，因为毕竟是25企划，不然正常评分我只会把声优用作9分和十分的加分项，而不是扣分项。不过夹的部分我倒觉得没什么。还有剧情虽然包了一手好饺子，但是矛盾没解决，我感觉隔在那还是有点膈应。总体来说这种类型番剧不多，做好的更不多。还是很值得一看的。,positive,bangumi,mygo
damn you curse you,neutral,bilibili,颂乐人偶
我不行了真的好可爱www,positive,bilibili,关于我转生变成史莱姆这档事 第三季
正在拿Mac看哈哈哈哈哈,positive,bilibili,比宇宙更远的地方
wasai,neutral,bilibili,Angels of Death
2024129〖96〗：超级系燃系的天花板，世界观非常大。EP8111322252627,positive,bangumi,天元突破 红莲螺岩
我竟然现在才发现女主的名字就是动漫的名字，violet（紫罗兰）ever（永恒）garden（花园），音译过来就是薇尔莉特伊芙加登，以前只是认为是因为女主名字的意思是紫罗兰的关系，果然八年的英语都白学了,positive,bilibili,紫罗兰永恒花园
就是战平啊，当时已经打掉一条命了，06版红A一个人打了5条命,negative,bilibili,Fate/stay night [Unlimited Blade Works] 第一季
不太了解OP，情节只能当作cool Japan式的耍帅。想看主要因为此片在《寻找见习魔女》之后，总觉得东映还想继续整粉丝文学。二者对比，见习魔女试图描绘平凡女性的群像，以及周年短片暗示小魔女在稳定的社会中按部就班的成年轨迹，但是将“作为魔法般的动画片之对立面的现实”概括为一个整体，有些轻率。粉丝来信这边通过鲜艳活泼的动画讲述因为追逐着偶像而变得充满干劲的少女，因为是粉丝才能在关键时刻发挥比按部就班的大人（海军）更胜一筹的长处扭转局势。后者是20年代的故事：时代的齿轮要加速转动了。,negative,bangumi,航海王：粉丝来信
所以是送走了零和明日香，解释了一波老爹是大情种，然后投入了玛丽的怀抱？比破之后的要强很多，有头有尾的，故事性蛮强，总体来说还是比较「有情怀」，大体感情也是向上的。不过说到底，那些新角色不看其他媒体只看动画的话还是没太搞清楚，到最后都还是早期那几个角色比较能挑大旗，中间sakura和嘴妹加戏甚至有点看不懂。总体来说还行吧，结尾挺有趣的。,positive,bangumi,新・福音战士剧场版：终
sosoyo,neutral,bilibili,少女乐队的呐喊
回复 twentylv 没,negative,bilibili,盾之勇者成名录
"这灵龟属实牛逼
放一次灵压op开始了
又放了一次ed开始了",negative,bilibili,盾之勇者成名录 第二季
91  21世纪最强恋爱喜剧，论全力a1有多可怕,positive,bangumi,辉夜大小姐想让我告白-超级浪漫-
透透好萌QUQ,positive,bilibili,鬼灭之刃 柱训练篇
第二季出来后又一次想要重新看弃置了不知道多少次的第一季，然后又一次的在第二集op那首勇者响起的那一刻放弃了。我对番剧oped要求本来就不高，但你不能整部番剧6的时间都在给听众造成心灵创伤吧？,negative,bangumi,葬送的芙莉莲
作为一部OVA来说足够精彩，满足了当少佐变成坏人时的幻想。巴特其实已经暗示了傀儡师就是素子，毕竟Solid State就是素子的直译，看来巴特还是最懂少佐的人啊！不知道我以后会不会变成贵腐老人呢，笑（,positive,bangumi,攻壳机动队 S.A.C. Solid State Society
why！,neutral,bilibili,四月是你的谎言 粤配版
有一种EVA TV最后一集的感觉,neutral,bilibili,颂乐人偶
【Great】燃！燃尽！白灰残。对于这样一部作品，我只有无言，我甚至不知道我能否打分。我以为我会放声大哭，到最后却只有无声的泪水。高桥摄影已入化境，杉野人设无可指摘，出崎一人分镜4447集，毫无疑问已入神域，他真的把构成影像的每一个元素如臂使指。我在凡尔赛玫瑰里感受到的出崎的神性在本作中完全不加掩饰地展露，神爱世人，出崎俯视着作品中的每一个角色并关怀着他们，ep262744。群像塑造大于一期。圣诞夜的卡洛斯神来之笔；扮演父亲角色的大叔；感谢叶子陪丈走到最后；以及丈，时代的孤儿，他来自哪里，要去向何方，他选择了在擂台上燃尽，他可以被毁灭，但绝不会被打败，因为他是明日之丈！本以为这是一个鲁智深的故事，结果是一个悲剧，一个令人无法释怀的悲剧。虽然只是那么一瞬 却能绽放出耀眼的鲜红 最后 只剩下一捧白灰 全部燃烧殆尽。,positive,bangumi,明日之丈2
回复 16408120966bili 他喜欢花难道就要把它摘下来让他闻一闻？,negative,bilibili,JOJO的奇妙冒险
如果我是DJ你会爱我吗,positive,bilibili,Angels of Death
依旧豪华音乐  前三集整体的观感比 S1 好了很多，有不少经典桥段但是处理都不错  ep3 爱上萌子了怎么办？ 无法复刻的是穿着校服的放学后约会啊，ll  终于像个恋爱番了，但是看的我好尴尬啊啊啊啊  ep7 op 神插入  卒业演讲  留宿回  和我抢萌子？和我抢萌子？和我抢萌子？去死吧下头男 fn  这个内心独白笑死我了，“最喜欢你的人可是我啊”  这还能拉扯？  这样可爱温柔天然呆的会默默在背后支持你会认真倾听会被你的一言一语所感动会和我一起走出人生阴霾会吃醋会撒娇的杏奈谁能不爱上呢 ll  ep11 战斗爽眼前一亮  ep13 终究落入俗套但神回，情节、作画、音乐和节奏给人的感觉就是“满足”。这部作品可能不神但无疑优秀  爱人是一种成长，碎有言“自己是自己最应该去喜欢的人”,positive,bangumi,我心里危险的东西 第二季
7。一边看一边感到心情复杂，少有地感到“作品本身应该是很出色的，但题材及自己对其的认知明显限制了观感”。前两集开启的西方历史背景如此宏大辽阔，但由于我始终不能理解人物导致作品偏日式的故事展开在我看来略“小气”，相当多政治斗争也看不太懂。且我确实喜欢不上这种杀人如麻的世界观，以至于我感觉表达上很出色的ep614其内容都让我难以抑制自己的讨厌，直到最后的ep24对我才展现出一定的“神展开”。最后一句话是个人对全片的感慨吧：执念会使人变成奴隶，我们有幸生长于一个相对幸福的环境。,neutral,bangumi,冰海战记
回复 cwz125 好家伙,negative,bilibili,徒然喜欢你
"回复 卍jue l，我，，
，
跑塞",negative,bilibili,鬼灭之刃 游郭篇 中配版
小短腿cute,neutral,bilibili,四月是你的谎言
购买顾客v哦v快哦放假哦的kik给哦扩大反扒尴尬吗,negative,bilibili,鬼灭之刃 柱训练篇
去南极伊拉克，没ak我给你发,negative,bilibili,比宇宙更远的地方
这PS几,neutral,bilibili,比宇宙更远的地方
“梦开始的地方”。一个“理想战胜现实”，“往士兵枪口里塞上鲜花的女孩用自己的方式去争取胜利HE”的故事在不到两小时的时间里，讲述了战争与和平；枪炮和细菌（真菌）；侵略（殖民）与反侵略（反殖民）；敬畏自然、保护自然、环保主义；希望人与人、人与自然都能够“相互交流，互相理解”的大女主（？明明是超级英雄！）故事巨神兵出场的时候真给看出巨物恐惧症了娜乌西卡真飒啊好喜欢她片尾走在“金色云海”上的那一幕童话（和神话）里的“救世主”终究要由勇敢的理想主义者自己来实现（不过有些让我难以评价的，在于风之谷更像把TV剧集塞成剧场版的动画，各条故事线相互交错，想讲的东西很多而且恐怕也没讲完）但这样也好，这样就好,positive,bangumi,风之谷
saki酱saki酱saki酱saki酱saki酱saki酱saki酱！！！！！！！,negative,bilibili,颂乐人偶
艹LZ刀呢？,neutral,bilibili,魔女之旅
O P太好听了,positive,bilibili,Angels of Death
"回复 306808995 小说里面怎么没有了？云读者吗？
这是原文
好几阵闷钝的声音透过她的身体响起。
是从双手手腕到手臂的各处骨头都碎掉了。
剧痛使视野变得白晃晃一片。铠甲的缝隙中喷出的鲜血，飞散在头盔的表面。
「咕呜喔喔喔！！」
紧咬着牙关，将几欲迸出的悲鸣化为气势，达琪拉以头盔的额面挡住双手无法完全支撑住的铁锤。
钢铁的十字面具轻易就被粉碎，头部、背后还有双膝都发出了令人不悦的声音。痛楚化为灼热的火焰奔走于全身上下，视野全都染成一片红色。
然而，下位骑士达琪拉SynthesisTwentytwo并没有倒下。
法娜提欧就在身后。决不能让这个丑陋的武器被挥落。
要保护她。这次一定要。
「呀啊啊啊啊啊啊啊！！」
高昂的呐喊声被从十字面具的变声机能中解放出来，自喉中迸出。
全身伤口滴落的血液化为蓝白色的火焰，包裹住了达琪拉。
火焰聚集在粉碎的双臂上，眩目地炸开。铁锤被猛地反弹回去，连同希古洛西诂的巨大身躯被刮到十Mel开外的后方。
听着巨人倒下的沉重震地声，达琪拉也缓缓地瘫倒在地。",positive,bilibili,刀剑神域 爱丽丝篇 异界战争
ACG圈子历史最强单曲mv,positive,bilibili,少女乐队的呐喊
C44全力推一圈后,negative,bilibili,少女乐队的呐喊
特鲁，看好小玉jpg,neutral,bilibili,间谍过家家 第二季 中配版
回复 圆号手在卡利喝汤 我想问的是coser,negative,bilibili,碧蓝之海 第二季
楼上是soyo 楼顶是chuchu,negative,bilibili,少女乐队的呐喊
這動畫成功改變了我對3D的偏見，這部番火的程度也不用多說了，甚至啟發了大華語歌mad時代,positive,bangumi,mygo
sss级喰猫,neutral,bilibili,四月是你的谎言
Sou！,neutral,bilibili,异度侵入 ID:INVADED
soyorin：这才哪到哪啊 就不夹了hhh,neutral,bilibili,少女乐队的呐喊
断断续续花快一个月时间补完了，总体来说还行，不到神作水平吧。也有可能是提前知道了黑历史是什么，所以对43集并没有太惊讶。塑造最多的是女王和大小姐，这两个角色确实是最有成长的，最喜欢18集大小姐的演讲那一集。其他人基本都属于群像塑造，二小姐是有成长的，虽然我没那么喜欢她，罗兰和哈利两个骑士本身没什么人物发展，而比较让我印象深的可能是格威和莉莉两个比较有领导力的角色，还有科连真红有三打出奇迹拳，只能说不愧是老兵。本作机设确实比较难接受，而且倒A倒X两台神棍过于OP了。倒X全身浮游炮还是很有想象力的，倒A真没什么特别突出的点。白富野是真和高达和解了，这么牛逼哄哄的设定还给了这么好的一个结局，但我隐隐感觉，这会是和阿克西斯奇迹一样是一个暂时性的好结局，很久以后两台神棍还是会苏醒重复灭世的过程。,positive,bangumi,∀高达
soyolin这我熟,neutral,bilibili,颂乐人偶
炮手！你tnd开火啊！,negative,bilibili,魔女之旅
【A】 “去吧真嗣，不是为了任何人，而是为了实现你的愿望！”二刷，所谓的破，其寓意不仅是人物故事上的“不破不立”，也揭示着一个真相：即使挥拳打破眼前的镜像，世界仍不会有所改变。少年的宣泄在他人眼里只是幼稚的恫吓，真正的“破”只能是打破自己的心房，开始成长。可悲的是，人就如同片中被保护的鱼们，无法真正逃离出去。不依靠他人就无法生存，冲破一切便会自我毁灭，【You can not advance】，这句台词的意思就是如此。少年少女渴望成长便会伤害，守护某物便会损害某物。这被刻进生命中的“原罪”，又该怎么抹去？“鸟儿必须打破蛋壳来生存。”但真正的世界不会宽慰新生的羽翼，在振翅高飞后迎来甜蜜的终结。可少年，你真的喜欢这样活下去吗？,positive,bangumi,福音战士新剧场版：破
我能理解uc高达系列整体分偏高，年代久远、情怀加成、商业成熟、解读成熟（解读成熟应该是最重要的，就算本身是一坨，只要解读的天花乱坠那么你不吹也得吹，自有大儒为我辩经）。我不理解为什么z高达比0079评价高这么多，0079的优点z高达一个不占，0079的缺点z高达全部继承且放大，叙事节奏差、事件发展跳跃、战争儿戏、感情线迷惑，尤其是感情线迷惑，男女相恋一定是一见钟情（除了花园丽和卡缪），不顾军纪和不顾立场，甚至爱情导向成了剧中多数人物的行动基本动机了，多次为爱挡刀推进剧情，都养成路径依赖了。结局人物仓促下线，我不觉得悲剧我只觉得闹麻。打仗打着打着脱出，直接离开机甲下来话疗，你们这是战争吗？还有小孩子卡兹擅自出击这种就不多说了，儿戏化的战争处理。政治处理也是儿戏，tts纯黑的派系塑造，夏亚一个演讲逆转政治风向等等。还有最关键缺点：冗长无聊,negative,bangumi,机动战士Z高达
4ren,neutral,bilibili,间谍过家家 第二季 中配版
"3」前，排放空耳，需要自取
av2579303
有木有wifi有木有wifi
有而且耐用五毛的！
有木有wifi有木有wifi
有而且耐用五毛嘞！
一直淡定坚信着物都一样烧饼当网线
我懂，我懂，但那心唯有奥特曼
命难于鸡汁咖喱难以用力
一朝又崛起萌动来！


耳机没了，哭都搞不定
就猛叫，多点可乐，可闹心的
大哥本子呢！我的激萌电影！
他说看不到，你那没？可惜哟
当天趴下哭饶，可是忘了他不答应
阿鲁！哭诉让他玩，有理都含泪
打联盟，肝不动呀，要不，看北京JK
好啦！肯看，不哭打啦狠心的！
上空大，行，有我
一直断电，姑奶奶啊上边弄啥，来物管吧
只等，只等，game玩多我都急
欧尼酱玩起鼻息点灯
骑头，骑头，又弄熄灯鼓了掌呢
我告麻麻吼不带你玩
待你死定了无赖该戏
有木有wifi有木有wifi
有而且耐用五毛的！
有木有wifi有木有wifi
有而且耐用五毛嘞！耶！
嗨！爱戏妹！",negative,bilibili,干物妹！小埋
我听半天才听出来土里婆是trip,negative,bilibili,比宇宙更远的地方
以前打篮球爱看，sakura最后与流卡wa击掌绝了属于是。但是动漫节奏忒慢哩，漫画更好就是,negative,bangumi,灌篮高手
对于月之民而言，地球是曾为故乡的异乡，女王重新唤起的思乡病正是回归的开端。罗兰作为被派遣的异乡人下降到地球，便只能用这个世界的苦难来包裹自己，并担当了从光明王国中远远流放出来的命运，于是我们看到在turn a手臂洗衣的旋转下漂浮满天的肥皂泡，灭世的武器为了保卫居民而战；在中后期富野几乎放弃了详细刻画双方政治阵营的努力，在月光蝶轻盈地散发出极彩之后，两台uc纪元最强的机体相拥成茧，接下来一切优越而痛苦的心灵都在黄金之秋中和解：生命的异乡属性被真正分离出来并置于最核心的位置，所有高达在此时被画上句点，但战士们的英魂仍然在不可见的时间中行走，旅路前方延展开的是无限的可能性。,positive,bangumi,∀高达
不EMO的《新EVA》能叫《EVA》嗎？,neutral,bangumi,新・福音战士剧场版：终
0o,neutral,bilibili,鬼灭之刃 柱训练篇
"剧情14
演出18
音画18
人设15
深度14
加权评分159
权当作画mad看了",positive,bangumi,航海王：粉丝来信
我还以为200w,neutral,bilibili,少女乐队的呐喊
滑向血缘论的一季。但是该怎么说，我好像突然领悟了巨人世界观里有某种默认的私欲公共福祉的二元对立（总统和团长的马车对话），以及每个角色的“平凡性”都被定义为欠缺统治公共利益的觉悟的自利者（连前两季展现过强烈克里斯玛的团长最终某种程度也只是执着于童年从父亲那里继承的“真相”罢了）。在“王之力”存在的背景下，故事最终沦为一种悲剧的讽刺性结局突然就合理了（但这是读者观众期待的吗？）。或许这也是我始终没办法跟这个故事产生共鸣的原因之一吧。  笑死，这个政变我完全看不懂，一个非政教合一的高度军事化国家的权力中心竟然不是一开始就是军事最高领导人（aka大总统），也太奇怪了吧。于是看到王政派要抢艾伦的时候我的内心：谁当初把艾伦给调查军团的  大总统  大总统人呢  大总统带兵出现推翻了王政，我：在演三小。,neutral,bangumi,进击的巨人 第三季
回复 LoyalKnigh凌羽,positive,bilibili,干物妹！小埋R
ei忽ei忽,negative,bilibili,JOJO的奇妙冒险 石之海
poo,neutral,bilibili,魔女之旅
回复 zzzz1zxc 岩可以只是会被上六换掉而已：,neutral,bilibili,鬼灭之刃 游郭篇
saki酱orzsaki酱orzsaki酱orzsaki酱orzsaki酱orzsaki酱orzsaki酱orz,negative,bilibili,mygo
和樱比起来saber好小一只www,positive,bilibili,Fate/stay night [Unlimited Blade Works] 第一季
在看我CLannad的我已经不惧怕任何刀子了,negative,bilibili,四月是你的谎言
kanle,neutral,bilibili,紫罗兰永恒花园
谁还没有个童年回忆啊，虽然流传度没有05版那么广，但老剧的韵味、制作的用心程度都是更胜一筹的。满分献给哆啦A梦这个世界对于我童年的意义（我TM近视就是因为在床上看哆啦A梦漫画看的！），我小学三年级以前的时光几乎被它填满了。,positive,bangumi,哆啦A梦 大山版
20秒钟让san值回满,negative,bilibili,颂乐人偶
"非常感谢您能抽时间阅读这份观影感言！如果可以还请帮忙顶一下 很想与更多人分享这些心得（虽然因为网速太悲剧，应该会沉ORZ）

首先感谢B站购买剧场版，并能在BD发售日上线，能与大家一同分享是一件幸事 这里也希望在不久的将来，我们可以在本传的（日本4月 24日上映）新剧场版中再会

本外传改编自原小说外传第二章（第一章为TV第五集），有兴趣的小伙伴可以在紫罗兰永恒花园的精品贴中试读原作

为我京祈祷，也祝愿新剧场版能大卖

由于时差只能半夜码字，如果有笔误或者手癌欢迎指出，我一定虚心接受

感谢一路陪伴的小伙伴。我们有缘再见（鞠躬）",positive,bilibili,紫罗兰永恒花园外传：永远与自动手记人偶
这就是SM,neutral,bilibili,Angels of Death
10多万RMB才够,negative,bilibili,比宇宙更远的地方
锖义99  其它cp都死了,negative,bilibili,鬼灭之刃 柱训练篇
回复 LanfongShawn 少年的愿望就是和大家在一起，他很孤独,positive,bilibili,致不灭的你 第三季
回复 晨枫same丶 其他影子大多智能相对低下无脑模仿（比如凸村影子竟然在餐厅模仿本体看黄色废料，但凸村本人即便喜欢也不会影响自己警察的形象），有点智商的往往还被BOSS派去当打手（比如影子泠），潮不仅不听指挥甚至权限还逐渐向波稻靠拢，几乎不算是bug而是管理员了。,negative,bilibili,夏日重现
当年兰斯洛特打不夜高文是直接从正午打到黄昏，直接顶着高文的不夜buff把高文打赢的,positive,bilibili,Fate/Zero 第一季
soyorin：我没说不去,neutral,bilibili,颂乐人偶
Nina要蒸熟了hhhhh,neutral,bilibili,少女乐队的呐喊
呆唯and喜多就差报身份证了,negative,bilibili,少女乐队的呐喊
ep1：风声太大，听不清ep2：血是铁的味道,positive,bangumi,乒乓
Boss登场,neutral,bilibili,鬼灭之刃 柱训练篇
survival幸存者 无鸡之谈,positive,bilibili,关于我转生变成史莱姆这档事
csgo职业选手,positive,bilibili,四月是你的谎言
BGM好听！！这部的BGM很棒！！,neutral,bilibili,比宇宙更远的地方
king附身,neutral,bilibili,四月是你的谎言
mimi,neutral,bilibili,鬼灭之刃 柱训练篇
INFJ,neutral,bilibili,夏目友人帐 第七季
作为剧场版也是TV的续集，作画质量肉眼可见地提升了一个层级。剧情实质上就是少女们在毕业前解决彼此间的矛盾，去走向人生的下一步，只不过表现手法依旧那么意识流。五场revue试听表现拉满，尤其是终幕那一刻。看完后我现在真是世界上最空虚的人了，再见了，所有的舞台少女。,positive,bangumi,剧场版 少女☆歌剧 Revue Starlight
“走出去的前提，是有一个可以说我回来了的地方，那里的人，会对着我微笑吧。”温暖、真诚、动人，10时代王道偶像动画类型的确立者。2011年，全盛期的A1遇上厨力满满的宅社动画人，在万代南梦宫和索尼资源的加持下，这部非常otaku的偶像类动画最终成为动画人展现自我风格的华丽舞台。从导演、编剧、分镜、作画监督到声优，制作组全体成员用热情、爱意与才华，创作出这部难以复现的王道偶像动画。第一话用20分钟的第一视角分演，勾勒出13名偶像的闪光点。被动画爱好者津津乐道的2Dlive保证了作品的下限，而20集、24集的教科书式神回则让本作成为10年代偶像动画的天花板。“贩卖梦想”与“情绪共鸣”是偶像动画的核心目的，赤羽根P与765偶像之间彼此信任、共同成长的人物弧光，则是让这一切具现化的最佳催化剂。“对你来说，偶像是什么？”,positive,bangumi,偶像大师
此时不go何时go,neutral,bilibili,少女乐队的呐喊
第一集的时候mmk说nina就是“她的歌”,positive,bilibili,少女乐队的呐喊
“他们认为天堂是存在的，只不过和我们的现世之间隔着血的海洋。他们决定先实现那血海”人类永远不会吸取教训，结尾的互相理解可以算作仅剩的温存。完成度挺高的一部剧场版，夏亚和阿姆罗的人物弧光至此算是臻于完满，也使最后一刻仍惦记着女人这一点顺理成章。然而最大的不足还是这堪称嗯写的感情线（93哈萨维还是很欠修正的），什么都要靠nt设定圆回来我看只能归咎于脚本的无能，以及资方也干了。beyondthetime真好听吧,positive,bangumi,机动战士高达 逆袭的夏亚
差点听成叫鲁邦了fujiko酱,negative,bilibili,少女乐队的呐喊
友情提示，会长的CV古川慎是正式出道的专业歌手，比起超神的rap，我更想不通的是会长那个鬼哭狼嚎的歌声怎么配出来的,positive,bilibili,辉夜大小姐想让我告白 -究极浪漫-
97。看过柯赛特后重看小圆，明显感受到剧本层面有新房作者性的注入，如签订契约的少女、绝望到极致后的希望。值得惊叹的是，剧团狗咖喱的演出被新房、宫本等人统合进影像，且丝毫没有割裂感。一个镜头内不同的角色经常一明一暗，加上构图的精妙使用和时常出现的强烈光影对比镜头，给我以极强的心理暗示，经典的排水口演出在本作中也带来了更深的绝望。经典y形街道、焰房间始终摇晃的尖锐刀影、建筑地巧妙使用等就不多说了，目前看过的轴系作品中还是最喜欢这部的演出，应该也奠定了套后面很多年的演出风格吧。杏子牺牲自我也想去做那一场美梦，焰重复无数次只为圆，我们无从得知这份情感在何时酝酿得如此浓烈，因为爱是时间的魔法。即使是如此深邃的绝望，希望也会存在，圆神的诞生是必然，因为奇迹和魔法是存在的，我依旧为遇到这样的作品感到幸运。当初e10凹酱的一句惊世发挥让我从此凹堕，再看依旧落泪。,positive,bangumi,魔法少女小圆
ch邮政公司,negative,bilibili,魔女之旅
动不动就3D真的6,negative,bilibili,约会大作战 第四季
20251029重温结束。时隔17年重温入宅作，当这部童年模糊的记忆变得十分清晰，就不得不面对对其祛魅的现实，TV版结局所纠结的问题，现在的我只会感到过于空中楼阁，这就是被现实打磨的无趣的成年人吗（笑），但它对年轻时的我的影响还是不能忽视的，值得一个十分。,positive,bangumi,新世纪福音战士
回复 ID别取我这么长就行了 不然太慢只能到20多话了就刚在一起就没了,negative,bilibili,堀与宫村
回复 梅mayxion 我记得伊野老爷爷当初还有一个理由是东部联合建起来自己更好撩妹（）,neutral,bilibili,NO GAME NO LIFE 游戏人生
一般来说都是一些麻烦不好画的运动镜头用3d动得快也不会让3D太明显，但这连一些简单的对话特写镜头都用3D了，说明那几卡找不到人画无耐只能丢给3D一起搞了,negative,bilibili,因为太怕痛就全点防御力了 第二季
u规划部v技能技能巨款v看i就很急很那,positive,bilibili,鬼灭之刃 柱训练篇
还挺喜欢这种12集以live真正收尾，然后第13集搞成后日谈加下季预告的形式的。,neutral,bangumi,mygo
"我宣布辉夜3是最强恋爱喜剧。
赤坂应该给辉夜3的制作组磕一个响头。
为什么辉3不是辉夜完结，那样会长就不会从恋爱智斗超人变成炒面超人了。
会长学技能篇是精髓。
最后的loveiswar的双向奔赴看的太爽了。",positive,bangumi,辉夜大小姐想让我告白-超级浪漫-
"910
《叛逆的物语》“叛逆”之所在，不只是焰选择与世界、圆的意志为敌，也是对前作的再颠覆，它探讨了个人情感与宏大秩序冲突时，个体选择的正当与悲剧性。前作以一种普世的、宗教般的救赎作结；而续作聚焦于小焰个体心中不为规则容纳的极致情感。
相比TV，本作采用更为情绪化的超展开。前半段充满迷惘，最后通过焰的独白、情感爆发完成转折，让观众共情焰的挣扎与绝望。
美术风格、叙事方式更比TV更为激进。伪箱庭、巴洛克式装置、镜子种种新房式的符号，不只是风格化的炫技，在这次更直接参与了叙事，成为焰无意识中内心世界的暴露。梶浦的配乐也在本作中更多诡谲怪诞的旋律、唱腔及电子元素，犹如“被玷污的圣洁”。
《叛逆》作为续作极出格，不延续本篇的温柔、不重复主题，选择让观众和角色一同面对无解的困境，甚至破坏了观众对TV的认识与记忆，但也告诉观众“记忆可以为爱所改写”。",positive,bangumi,剧场版 魔法少女小圆 [新篇] 叛逆的物语
No No         。。。。。。。。。。。。。。。。。。。。。。。No,negative,bilibili,四月是你的谎言
回复 TUTou男孩 楼中楼第一那个人的意思是，心疼八幡原作明明顶级好男人，被动画试图改成渣男的意思吧。虽然我也不赞成用渣男这个词，毕竟团粉太喜欢污蔑八是渣男了。,positive,bilibili,我的青春恋爱物语果然有问题。完
ccccccccjjjjjjjjjbbbbbbb,negative,bangumi,莉兹与青鸟
便宜动画，伊蕾娜造型满分，傲娇毒舌自恋“屑之魔女”kksk,neutral,bangumi,魔女之旅
刀剑比枪炮浪漫，生离比死别浪漫，奇遇比回忆浪漫。原谅我只是个俗人，比起星际牛仔，我还是更喜欢混沌武士的happy end。暂时的离别，给观众下个路口再见的遐想。嘻嘻哈哈，放荡不羁，生死无惧，快意恩仇，不被回忆和礼法束缚，不向官府和极道低头。一场场崭新的邂逅，一段段奇妙的因缘，仁和紫乃，无幻和千叶，风和菱川。同行得热闹，分别得潇洒，聚散随风，江湖再见。,negative,bangumi,混沌武士
不能这么说的 pq,negative,bilibili,四月是你的谎言
估计小孩和mmk单独去KTV那次也是mmk付的钱,negative,bilibili,少女乐队的呐喊
"好帅的cowboy，真是浪漫啊，大量使用的管乐非常的blue，分镜非常的有镜头感

第五话和第十话是史派克和杰特与与过去诀别的回合，仅一话就足够丰富人物形象。其他集数都是各样的单元回，和队友上船的故事

不过个人不是很喜欢单元剧的形势，不管这一集发生了什么下一集就全复原了，而且对角色的感情不连续，感觉故事里的内容都不是很认真的样子，像表演像小品，故事基本局限在24分钟内，前面一半还有了解角色了解世界观的作用，后面基本主角和配角都已经抽象出去了，一集的事情只需要在这一集里面考虑，不用考虑原因不用考虑后果。个人更喜欢有主线的作品。或者说没想到星际牛仔是弱主线的作品，所以Dgn85分。如果你是不在乎原因和为什么单纯享受动画制作和表演本身的，那我会推荐给你

原来标题的bepop是这个意思，朋友解释之后才知道，作品的整体架构就",positive,bangumi,星际牛仔
omo,neutral,bilibili,比宇宙更远的地方
回复 Himenina 炼狱永远是我大哥！！,negative,bilibili,鬼灭之刃
完结撒花，感谢陪伴（Doge,positive,bilibili,少女乐队的呐喊
公主的读法是hime不是hose,negative,bilibili,四月是你的谎言
25点（bs,neutral,bilibili,少女乐队的呐喊
好强大的kick音,positive,bilibili,魔女之旅
哈撒ki,neutral,bilibili,间谍过家家 第二季 中配版
bilbil妹粗现,neutral,bilibili,某科学的超电磁炮T
666F壳,negative,bilibili,JOJO的奇妙冒险 石之海
"8、486为什么要阻止贝蒂杀梅莉？
答：小说原文其实写得很清楚了：到了这个地步，良心让昴说出了理想论，但这对碧翠丝、甚至是对梅莉来说都太过愚蠢，被一口否决了。这是当然的，就连昴都不清楚自己想干什么。
【关键词】良心、理想论、愚蠢、不清楚自己这就是作者对此的态度。
　　说白了，他就是已经放弃了，放弃这轮、放弃思考了，孩子什么的只不过是借口，本质上是逃避现实、想快点结束这个世界、不想再看下去了。然而这行为连肠姐都不齿，哪怕要死，也应当挣扎到最后。

9、或许会有人觉得是486的阻止害死了贝蒂，这确实也有一定的影响，但早期的web版并没有梅莉的情节（2周目也没魔兽，她是通关周目突然空降），贝蒂还是被肠姐偷袭所杀（

10、梅莉拒绝透露是受谁指使的，【说出来会被教训的】那个人正是肠姐和梅莉的上级（注意，和雇主是两回事），被梅莉称作【妈妈】。
　　早期的web版在这轮其实是有来过阿拉姆村的，目的不明。486也没遇到，只发现村民都不见了，却到处出现了巨大而猎奇的肉块（
　　文库版自然是删除了这意义不明的情节。结合上面的6，现在看来，原本长月可能是打算让【妈妈】作为4章boss之一的，后来才改为梅莉（所以才有了空降
　　至于【妈妈】的身份，小说已在《短篇集5》、23卷、以及9天后发售的24卷中实锤。
　　动画党现在只需知道这些就够了，强行找剧透会少很多乐趣（

11、关于肠姐的复活。小说本篇里没有细说，动画应该也不会多解释，所以想了想还是现在就说吧。

　　根据15卷g店特典短篇
　　肠姐小时候曾在故乡盗窃失败被抓、成了奴隶，买家是个脑子不正常、但有咒术才能的人。
　　北方古斯提科圣王国有一种叫【诅咒人偶】的咒术确定好要杀的对象，把以此为目标的咒印刻到想要使其成为【诅咒人偶】的人身上，那样发动咒术后，该人偶就会直到杀死目标为止都绝不会死了。
　　但那人会丧失自我，除了杀目标以外，无法采取其他任何行动。杀掉目标以后，也会一起当场毙命。
　　肠姐是个特例，被下了这种咒术后仍能保持自我。
　　除肠姐以外，也还有其他死不了的【诅咒人偶】，她们曾为了能死去而进行过各种尝试，其中就有喝人血的，因此又被叫做吸血鬼。",positive,bilibili,Re：从零开始的异世界生活 第二季 前半
社交平台。。。为啥不直译sns,negative,bilibili,比宇宙更远的地方
OP起手o,neutral,bilibili,颂乐人偶
"再见了，所有的舞台少女。我现在大概是世界上最空虚的人。
从题材上看，其实少女歌剧的剧场版没有讲什么复杂的主题，只是每个人都要面对的毕业。它打破了少歌动漫的结局，将剧情推向了新的高度，是的，舞台少女也会毕业，但舞台少女只会走向下一个舞台。
打破传统的叙事结构，用revue来推进情节还塑造人物。revue真的是实际发生的舞台上的战斗吗，以长颈鹿为燃料的再演可以是宿舍里的争执，可以是天台上的对话，可以是键盘的敲击声，是现实幕布下少女在灵魂上的碰撞。
舞台少女的机体实际是现实中『舞台少女』的灵魂，从无法脱离彼此，在毕业中濒临死亡，到每个人的再生产，重塑可以走向下一个，一个人的舞台，的舞台少女。这就是舞台少女面对毕业给出的答案。",positive,bangumi,剧场版 少女☆歌剧 Revue Starlight
cccccc,neutral,bilibili,约会大作战 第四季
"一部非常优秀的日常音乐番，讲述了沉重的过去欢快向上的经历打击与成长最终乌云褪去后的光明前景的青春故事。在讲述了悲伤的故事的同时也用了大量的q版人物动画和夸张诙谐手法时不时缓解一下气氛。
整部剧围绕的重点是音乐，因此场景普遍文艺一些，各种环境上的、音乐上的细节暗喻偏多，基本上没有编剧监督自娱自乐做出来的被浪费掉的重点特写。
最终的结局可能女主无了难以接受，但能看到男主和青梅竹马最终走到一起并且男主获得成长继续在音乐和生活上前进，结局终究是光明的，是治愈的有些时候命数已定，大家都是普通人而非超英
最终就让我们学习整部剧传达的核心思想“为了某种目的或者某个人或物当然最终都要为了自己，去学会接受失去继续前进”，度过一个可能不断在失去的一个又一个的四月！",positive,bangumi,四月是你的谎言
Lumine东口那里吧,neutral,bilibili,比宇宙更远的地方
simple,neutral,bilibili,少女乐队的呐喊
m fy,neutral,bilibili,颂乐人偶
yuzusoft：组一被子乐队,neutral,bilibili,少女乐队的呐喊
我家猫叫Coko,positive,bilibili,四月是你的谎言
85 a1拯救了辉夜,positive,bangumi,辉夜大小姐想让我告白 通往大人的阶梯
"神中神！艺术品！以“毕业”和“成长”作为切入点，化解每个人的心结，意识流的演出相当契合歌剧这个主题，各种象征性意象和舞台装置打光更是艺术，东京塔、摘星塔、长颈鹿的意象重合，两人约定的发饰化作星星，最终消散在一片沙漠之中，因为她们已经抓住属于自己的星星。
最后的position zero，所有披风都随风飞走，代表一切的过往都已放下，一切的约定都已实现，列车将驶向下一站，舞台少女也会前往下一个舞台。
代表观众的长颈鹿更是化身舞台的燃料，是观众的存在为一切舞台提供闪耀的源泉，打破第四面墙，让舞台少女与观众一同构建下一个舞台。

“1号，爱城华恋！为大家带来starlight！”",positive,bangumi,剧场版 少女☆歌剧 Revue Starlight
"除了2处格格不入的丑3维外没发现哪里不同bgm38字幕依旧对不上，飞机依旧打转bgm38。
看原版就行了。",negative,bangumi,攻壳机动队2.0
WOW我要参加,positive,bilibili,关于我转生变成史莱姆这档事 第三季
no game no life,neutral,bilibili,比宇宙更远的地方
我桐谷和人是真的没有开挂，那天茅场晶彦来我家里，给我展示了很多sao操作，二刀流、两秒十七刀、二十七连击，我发现，这个东西我不需要的，因为我TM还在轮椅上啊。。。。。,positive,bilibili,刀剑神域 爱丽丝篇 异界战争 -终章-
yu是结吧 tsuki是月亮啊,neutral,bilibili,比宇宙更远的地方
第一次看见如此鲜活的3d人物，表情和动作都很生动。推动故事前进的矛盾产生和解决主要来自各个人物各自的心结。486超可爱！！,positive,bangumi,girls band cry
486：不是哥们 nina：略略略,negative,bilibili,少女乐队的呐喊
BOSS战,positive,bilibili,工作细胞 第二季
明天去看IMAX1515 TOHO二条犹如梦境,positive,bangumi,幽灵公主
"一面是赛博朋克哲学探讨，一面是反贪风暴重案六组，如果单看其中一面要么以现在的眼光看说烂的东西，要么因为动画本身限制不如更强的真人正剧，但是这两面合在一起那就是几乎拉满的六边形神作。
笑面男作为主轴，辅以一个个引人深思的支线为枝芽，不断延申向上的大树，精彩绝伦的剧情，其中穿插的反转和惊喜深深的震撼了我，素子扮演笑面男执行最后的计划那段真是给我看呆了，细细品味了许久才回过神。
集体无意识会将人异化，即使行使正当义事也是异化的结果，更别说那些别有用心的恶人了。SAC，一个不过是偶然间发起的邮件，能链接并改变世界的一切，真是可怕，每个人都能成为笑面男。
素子姐姐好美，比老剧场版好看，prpr。塔奇克马一路的“羽化”之路真是惊叹，最后一舞相信大家只要看进去了的人都会为之感动。九课的各位有的戏份多，有点只能记住个外貌印象，可惜没能让每个人都来段主角剧集。",positive,bangumi,攻壳机动队 STAND ALONE COMPLEX
语言指导：Yoasobi,positive,bilibili,约会大作战 第四季
LV5啦！！！开心！终于和炮姐一个level啦！炮姐贴贴！,negative,bilibili,某科学的超电磁炮
"评分图一乐，看官要自己喜欢就打十分，但可千万别搁我这团建。

有很多人吐槽L死了之后夜神月就频繁降智，而我根本就忍不到那个时候。
刚开始看的时候看到雷死的时候就感觉不对劲了，直到他未婚妻在警察局门口被干掉才凝聚出一个想法：尽管死神和死亡笔记的压迫塑造相当不错，但是杀人和犯罪手段过程有些生硬
对我来说，更生硬的是L这个塑造。L有巨量的财富，有巨大的能量，巨大的人格魅力可以让人信服和追随。就算你要这么塑造，能不能别单纯丢出设定就不管了。
举例子来说，在我最后忍不住的监禁片段就是最大的问题。失去了记忆的夜神月是怎么发自内心地想抓到基拉的同时，容忍被所谓队友拘禁50天后被他爹带着和弥海砂一起接受死刑最后被崩了个空发。最后L出面平平淡淡说按照约定减轻嫌疑不再拘禁后，夜神月就表现得像是得到了救赎一样舒心这tm还是人吗？盾之勇者我tm也没见过这么憋屈",neutral,bangumi,死亡笔记
BOCCHI THE ROCK,positive,bangumi,孤独摇滚！
好唉！f4,positive,bilibili,比宇宙更远的地方
从0079到0093，阿姆罗和夏亚的故事就此完结。两人和拉拉成为宇宙的莫比乌斯环。太多名场面了，还有奥古金曲beyond the time。最后高达们推陨石好感动，UC真是好看啊，不过节奏太紧凑了，要是扩充成10或者12集的TV就好了。,positive,bangumi,机动战士高达 逆袭的夏亚
GBC在画面表现这一块确实没的说，但剧情上的缺点也无法避之不谈，叙事的编排不太合理和13集TV动画的剧情容量导致结尾有些匆忙，甚至可以说是比较烂 然后是hina的人设从最后一话才开始立，明明是贯穿小孩姐一整个心理活动的重要人物，结果看下来似乎有没有都一样,neutral,bangumi,girls band cry
"个人补充：

1、今天916是罗兹瓦尔的生日，生日发刀也是Re0的传统艺能了。尤其是这一话，要不是之前已赶过剧情，放在下周923那就是emt生日（

2、原作小说从这段开始进入圣域篇前半的高潮了，随着罗兹瓦尔的摊牌，宅邸和圣域危机的全貌已基本揭晓，但通关所需的信息还是差很多。

3、这轮是486所能做到的第二快的速度回宅邸了，再快就只能刚复活就回。
　　然而肠姐还是早早就来了，不仅如此，3周目在第5天才见到的圣域大雪，在这轮也提前到了第2天所以两地的危机真的是同时发生的，且明显有人为操控。

4、上集最后忘说了，动画其实还删了一个重要情节，就是486问了芙蕾离开圣域的理由，以及加菲尔当初试炼的结果。回答：
（1）芙蕾是为了终有一天会实现的解放，率先去外界为加菲尔等圣域居民创造容身之所。
（2）加菲尔挑战失败后，是琉兹进墓把他带出来的。

5、这集回收了罗兹瓦尔的那句【罗兹瓦尔说了，发问吧】以及【我就是那个人】。
　　即，罗兹瓦尔本来就是要贝蒂问486你是【那个人】吗？
　　至于【那个人】是什么意思，下下周会解答。

6、梅丽之所以能操控魔兽，是因为她有【魔操的加护】，发挥着相当于角的作用，所以她才能和魔兽友好相处。

7、贝蒂的紫水晶魔法【米尼亚】，是连擦到一下都会成为致命伤的魔法，效果正如动画所示，会使击中的地方结晶化然后碎裂。",positive,bilibili,Re：从零开始的异世界生活 第二季 前半
前方平地摔（Doge）,neutral,bilibili,四月是你的谎言
这头，jw真身原来是炭治郎（雾,positive,bilibili,异度侵入 ID:INVADED
回复 满怀善逸 激活了细胞因子风暴，连t细胞和b细胞都开始乱杀了那哥们秃了，至于原因，看看BLACK第五话就知道了,negative,bilibili,工作细胞 第二季
gugu咕咕嘎嘎,negative,bilibili,颂乐人偶
开头想到godknows,positive,bilibili,比宇宙更远的地方
我是sou俊大（哽咽）,positive,bilibili,四月是你的谎言
回复 AllisC 很有道理的分析,positive,bilibili,异度侵入 ID:INVADED
结局发便当有点快得刻晴了，别的还好，zeta gundam豪堪的,positive,bangumi,机动战士Z高达
回复 devotionwake 狗：我,negative,bilibili,盾之勇者成名录
love comic的神之一 这一季辉夜剧情有点少了 但是补充了很多人设,neutral,bangumi,辉夜大小姐想让我告白-超级浪漫-
【88】70s余晖炫煌，点滴流年静安，大人甘愿车马柔慢，而孩子都会为未来奔跑。动用臭脚气的醒觉于心不忍，毕竟对我来说那乡村路的均轮，最最幸福也不过如此吧；但还是祭奠过不定格的旧日，去撰写崭新的团圆美满。「我们要去21世纪了！」,positive,bangumi,蜡笔小新：大人王国的反击
真是一家老六，小决难受得1p,negative,bilibili,比宇宙更远的地方
回复 FirstEvangelion 没错,negative,bilibili,剧场版 咒术回战 0
8510二十世纪元动画最后的狂欢宣言。疯狂、迷惘、性幻想、萝卜、indie rock以及躁动不安的朋克青春全都汇聚在这极具张力的作画表现里爆发然后大喊“御宅行！！”其实这部动画并不需要注入过多的解读，有机会二刷,positive,bangumi,FLCL
eee,negative,bilibili,颂乐人偶
前24集看了三遍，后面一点也不想看，感觉只有月和L对决才有意思，M和N我是一点也没兴趣看,positive,bangumi,死亡笔记
overload？,neutral,bilibili,因为太怕痛就全点防御力了 第二季
回复 Yqmqy 趁别人没看见，赶紧删掉吧,negative,bilibili,Re：从零开始的异世界生活 新编集版
"副本：海底深沟
目标：打捞官方
人数：300人
目前队伍：1300
累计打捞：8次
得分：SS
倒数第二次了，各位加油",positive,bilibili,Angels of Death
tips日向是田径队的,neutral,bilibili,比宇宙更远的地方
回复 JellyZY ？？？,negative,bilibili,国王排名
20250209左右在看，是因为画风入的坑，真的很清新淳朴，看b站tiny剪辑和偶然点进去的月之茧看的很上头，所以决定看看（还有看在大小姐非常漂亮的份上，一见钟情了属于），虽然看的很慢因为还在犹豫先看逆a还是先看00剧场版2333,negative,bangumi,∀高达
前面的弹幕噢，有个egg的义炭,positive,bilibili,鬼灭之刃 柱训练篇
她A上去了，A上去了,neutral,bilibili,约会大作战 第四季
这里应译为相信着你的“你的歌”，之前mmk称呼nina为“我的歌”，被nina拿来用了,positive,bilibili,少女乐队的呐喊
让人看了会很开心的作品 波奇也太好玩了吧 演出简直是神 会让人看了忍不住哈哈大笑 对live的制作也很到位 几首曲子都挺喜欢的 还有波喜多是对的 83,positive,bangumi,孤独摇滚！
不er怎么有点恐怖感,negative,bilibili,Angels of Death
QASDEW,neutral,bilibili,比宇宙更远的地方
回复 Bili12656644 哈哈哈哈哈哈,positive,bilibili,工作细胞
yxxgaszth,neutral,bilibili,转生成蜘蛛又怎样！
猛虎睁眼MK2,positive,bilibili,葬送的芙莉莲
A1高散来一个好吗，秋梨膏,positive,bilibili,比宇宙更远的地方
想到了hunter了,neutral,bilibili,葬送的芙莉莲
不是，ubw的saber好可爱，06版的saber战斗欲望全都写在脸上了,negative,bilibili,Fate/stay night [Unlimited Blade Works] 第一季
回复 饜伊 那Saber不是活着带着身体进的吗,neutral,bilibili,命运-冠位指定 -神圣圆桌领域卡美洛- 后篇 圣骑士银之臂
Donald ？,neutral,bilibili,间谍过家家 粤配版
二刷。说实话看了第二遍已经对CG的部分脱敏了，貌似是照着无罪那种黄乎乎的视觉效果来修改的，主要还是95版本身的赛璐璐底子太厚，但是少佐最后望向无垠的城市那里的CG做得是真好。傀儡师换成了榊原良子阿姨，不知道是不是鸭子有意为之了。,positive,bangumi,攻壳机动队2.0
92，说实话觉得结构差tv一点。富野在这个时期的观点表露无遗。地球和巴夫克兰的仇恨来自于同源与拒绝，彼此都知道对方是可以沟通的对象，但未知与恐惧面前选择了敌视。战争与仇恨的连锁下，双方进一步加深了鸿沟，对善意与爱的呼唤自然就传达不到。富野在本作是如此的绝望，以致于对人的劣根性深信不疑，笃定这个社会下的人本身就是恶。这个世界甚至可以让未能自立的孩童拿起枪，让腹中的婴儿来不及看一眼母亲。既然如此大家都变成星星吧，或许只有让所有人合为一体，由至纯的心灵指引，这个世界才能走向真正的‘善’，希望或许在能了解彼此的下一代。但显然对当时的富野，这只是一种自我解脱。意识到理解并不是根源之后，富野就更加相信沟通的力量，以及敏锐的年轻人。可以说发动篇是独属那个时代，那个富野的作品，但巨神的怒吼至今震聋发聩。500标,positive,bangumi,传说巨神伊迪安 发动篇
该发明ak给钻石星尘突突了,negative,bilibili,少女乐队的呐喊
大型zs现场,negative,bilibili,约会大作战 第四季
这怕是gachi,neutral,bilibili,比宇宙更远的地方
哪里都有EVA佬,negative,bilibili,少女乐队的呐喊
高考完的路过，这番某些情节让我想起了高考几月前被题目支配的恐惧（TT（TT（TT好可怕,positive,bilibili,欢迎来到实力至上主义的教室
火蓝匕首（bushi）,positive,bilibili,"世界顶尖的暗杀者,转生为异世界贵族"
尴God,neutral,bilibili,少女乐队的呐喊
FBI arrest this man！,neutral,bilibili,比宇宙更远的地方
我也以为粤语op，hh,neutral,bilibili,四月是你的谎言 粤配版
wok真实啊,positive,bilibili,比宇宙更远的地方
笑yue了,positive,bilibili,比宇宙更远的地方
追的cb  be了难过哭了哈哈哈哈哈,positive,bilibili,夏目友人帐 第七季
第五集live开场前nina的原话，看样子hina也没少视奸啊,negative,bilibili,少女乐队的呐喊
回复 PicFun 台词跟机翻一样，所以怪怪的,negative,bilibili,间谍过家家 中配版
第一集38秒左右有一段很杂的声音，贴吧老哥截了这段音频通过各种手段读了出来，原话是oh godhelp meoh god kill me这应该是飞鸟井木记的求救，结尾瓢哥说的我已经听不到那声音估计就是指这个，估计是飞鸟井木记已经知道有人会去救她所以没有在说,positive,bilibili,异度侵入 ID:INVADED
回复 Bengo8,negative,bilibili,紫罗兰永恒花园
Eutopia幻听,positive,bilibili,约会大作战 第四季
回复 Roloff 这么形象,negative,bilibili,国王排名 勇气的宝箱
XX循环,negative,bilibili,魔女之旅
nina：略略略 486：吱,negative,bilibili,少女乐队的呐喊
要是还在就好了，happy ending啊喂,positive,bangumi,四月是你的谎言
Chaos child梗玩的飞起233,neutral,bilibili,Charlotte
玩赛博朋克2077的接龙打v字,negative,bilibili,鬼灭之刃 游郭篇
EP太好听了,negative,bilibili,关于我转生变成史莱姆这档事 第三季
mini腌萝卜,positive,bilibili,比宇宙更远的地方
不对呀这是不是把医生说成老师了呀我记得（读音为yisa的才是医生啊,positive,bilibili,Angels of Death
已经不能再忍受了最、最喜欢mujica了！像个笨蛋一样一直、一直都在忍受着对mujica的爱心里一直都是mujica！我真的、真的很喜欢呜呜mujica、mujica的样子已经,positive,bilibili,颂乐人偶
回复 Lv4Frank 阳过,negative,bilibili,间谍过家家 粤配版
依旧c 2,negative,bilibili,四月是你的谎言
jo后乱x,neutral,bilibili,比宇宙更远的地方
哈哈光靠小剧场已经6000w播放了可还行,positive,bilibili,小林家的龙女仆 第二季
AAA客服祥子,negative,bilibili,mygo
go，work,neutral,bilibili,魔女之旅
细腻的描写和新房的风格柔合成很舒适的观感（ep10宫本幸裕演出强 结尾河西健吾配的好w）,positive,bangumi,3月的狮子
作为偶像大师的第一部动画（除开偶像大师机战），有着功底非常扎实的剧本和演出安排，剧集里穿插的伏笔和铺垫巧妙但不难注意，在每个人的个人回里，每个小偶像面对的冲突与矛盾以及克服前后的变化都十分立体，偶像界回遇到的炎上与舆论风波在这里一样不会少，虽然解决方式偏向机械降神但是我不讨厌，还有手绘live演出，多到爆炸的歌曲，一集一个ed，甚至还有纪念去世的p（一位玩家）的致敬，是一部倾注了制作组对偶像大师的热情与爱的佳作（唯一的我不满意的就是来自b站弹幕，只能说网络素质从来不会因为年代提高，在以前甚至表现的更加露骨，拉CP踩头制作人的言论一样不少，这种时候我是真不喜欢百合豚）,positive,bangumi,偶像大师
咋说呢，吃足了动画业界现实流分镜师偏少的红利。质量肯定是很好的但也没到神作的地步。传统影视教育背景的人因为对风格感到熟悉所以会给略高于本身的评价。不过现在越来越多的所谓“作画厨”一味地追求运动作画效果、看到打斗ppt就否定整部作品的作画，这种认知错误太多了，所以我觉得多表扬一下古桥一浩、青木英这类能做出所谓“电影感”分镜的人也挺好。,positive,bangumi,浪客剑心 追忆篇
8vo,neutral,bilibili,Angels of Death
门：抱j了！抱j了！,positive,bilibili,魔女之旅
o O,positive,bilibili,Angels of Death
回复 killnoofficial 肠子都悔青了,negative,bilibili,约会大作战 第四季
注意，这里还不是fF，此时还只是一个普通路人,negative,bilibili,JOJO的奇妙冒险 石之海
看成ntr的还有救嘛,positive,bilibili,比宇宙更远的地方
mmk的服装好像ras的,negative,bilibili,少女乐队的呐喊
Bombarda,neutral,bilibili,魔女之旅
不然凭什么当archer,neutral,bilibili,Fate/stay night [Unlimited Blade Works] 第一季
把结界打爆就行了hiahiahia,negative,bilibili,葬送的芙莉莲
『The World』！时间停住！,negative,bilibili,比宇宙更远的地方
我的也是这把 不过是60s,neutral,bilibili,少女乐队的呐喊
这个AK47太好听了,negative,bilibili,紫罗兰永恒花园
已经数不清mmK叹了几次气了都（悲）,positive,bilibili,少女乐队的呐喊
geiwu勇者zkzk,neutral,bilibili,转生成蜘蛛又怎样！
回复 UneboataufSee 啊他说的是这个意思吗，因为这里原本有个评论说“喜欢这样善良但不圣母的主角”，他这么回。。。就感觉很没必要用这种语气在这里解释圣母的意思,negative,bilibili,鬼灭之刃 柱训练篇
q wq,neutral,bilibili,四月是你的谎言
想阻止nina去帮忙，从而保护nina,negative,bilibili,少女乐队的呐喊
The hand,neutral,bilibili,少女乐队的呐喊
回复 乱了luanles 现实中没看光都不会结婚,negative,bilibili,总之就是非常可爱
回复 酷拉小天使 漫画里 大霸星祭结束有一个后面带5的章节 B漫好像没有 这部分预定做成广播剧 TV实在抽不出空做,negative,bilibili,某科学的超电磁炮T
回复 Small一sky 穷,negative,bilibili,盾之勇者成名录 第四季
“看来想逃已经晚了”怎么感觉在说对手hhh,neutral,bilibili,葬送的芙莉莲
"给兄弟们说一下
其实这俩虫子在第一季就出现了，当时萌王在森林闲逛，发现一只已经死亡的b级魔物剑齿虎，旁边是一个黑色的甲虫，甲虫以为萌王是来追杀他们的，所以二话不说就攻击萌王，后来蜜蜂从树后面出来请求萌王保护他们，萌王就问：你会采蜜吗？  蜜蜂点了点头，之后萌王就用自身的细胞修复了泽奇恩的甲壳，并且把他和蜜蜂命名为“泽奇恩”“雅皮托”之后这俩就一直在树人族森林待着泽奇恩负责守卫森林，雅皮托负责采蜜，到时间就给萌王送蜂蜜，第一季和米莉姆打平手的蜂蜜就是雅皮托酿的
顺便一提，雅皮托和泽奇恩不是情侣，算是幼驯染",positive,bilibili,关于我转生变成史莱姆这档事 转生史莱姆日记
还行，特别是接住了mygo之后avemujica之前的时间。,neutral,bangumi,girls band cry
讲无关的竟然能被顶 话说完全没有给动画组洗的意思只是觉得有些信息能让动画党好理解下制作组到底想干啥（以及大家都看在眼里的，最后干了个啥233）btw我这人看书比较粗心，不严谨搞错的地方直接喷补充就好了,negative,bilibili,刀剑神域 爱丽丝篇 异界战争 -终章-
"绝了，本来想着京吹三烂完，想着看看为啥会那么烂，我很好奇，于是和为了看母鸡卡看mygo一样开始补前作，确实好，画面人物剧情各方面都很完美，瑕不掩瑜在观感上一定程度上可以实现无瑕的感觉，看到立奈那个连衣裙真给我美爆了，目前我看过的二次元最好看的黑长直了
完整看完第一季，我的评价是确确实实是神作，在我目前看的少女乐队里，我认为是t0级别的，我现在完全想不到第三季为啥会被人喷的那么狠，期待接下里的发展，观感真的拉满，难以想象这样的作画竟然来自10多年前，少女群像戏设置的极度完美，有一说一真的挑不出来啥毛病，唯一令我觉得不满的就是，我认为完全没必要设计丽奈喜欢老师这个设定，总感觉怪怪的，设计成憧憬的哥哥之类的角色感觉更好一些，无比期待接下来的发展，一定要去全国大赛喵！",positive,bangumi,吹响吧！上低音号
stay！,neutral,bilibili,颂乐人偶
OOOOOOOOOOOOOOO,neutral,bilibili,少女乐队的呐喊
"比動画主題曲更好听？！刀劍3手遊主題曲完整版av74687034
主唱ASCA",positive,bilibili,刀剑神域 爱丽丝篇 异界战争
其他魔法师a，q，w，e，r。肥伦a，防御,neutral,bilibili,葬送的芙莉莲
kON！。！,neutral,bilibili,少女乐队的呐喊
"本集poh身上出现的黑烟是“煽动心意”！！！

本集中国女生王丽与韩国男生赵月生听了poh的话后，所感受的“难受，痛苦”。是poh自带的“煽动心意”。

作为原SAO生还者中最大的杀人魔。poh曾经使用“煽动”的手法在SAO当中引起大量的“自相残杀”。这种强烈的“煽动”意志，在uw具现化为了“煽动心意”，加重负面情绪的效果。

在SAO当中，poh的“煽动”甚至影响了桐人，让桐人在SAO当中XXXX（剧透划掉，此处关键剧情伏笔。）

“断章取义，混淆是非，恶意煽动，利用语言攻击来达到自己的目的。”其他地方不多说，至少目前评论区中这种人可是实在太多了。

希望大家理性思考，面对复杂的信息有自己的冷静，用自己的行为去求证。这虽然是虚拟世界，但也是心与心的交汇之处，真的不是闹着玩的。",positive,bilibili,刀剑神域 爱丽丝篇 异界战争 -终章-
杂修x5,negative,bilibili,Fate/Zero 第一季
OK啊孩子们，接下来就是mujica的部分了,negative,bilibili,mygo
ropz,neutral,bilibili,颂乐人偶
ep175 ep28 ep37,negative,bangumi,girls band cry
回复 34gLe 河蟹（）,negative,bilibili,小林家的龙女仆
代码错的，这for循环根本执行不了,negative,bilibili,异度侵入 ID:INVADED
上站sa,neutral,bilibili,四月是你的谎言
用“动物视角”，讲述人的故事，将情感与关系潜藏于一个个看似独立的小故事中，随着剧情发展汇聚于主角身上，让所有人的执念如同那从桥上跃起，反射月光的taxi一样，最终坠入河中，留下平静,positive,bangumi,奇巧计程车
整体包裹在讽刺的氛围中，也许是叙事倾向所限，最后HE似乎是超脱现实，反而牺牲了选择的平等性这一主题。因为更多的人并没有他们的“明石”与“小津”与师父，由此，如果不从角色象征的角度理解的话，反而是某种“主角有我没有的外因从而能走出来”的更深绝望感。很好的一点是没有说教性，没有作为意识形态载体而丢失主角之“我”。,positive,bangumi,四叠半神话大系
番还行，就是不少刺小鬼逻辑很清奇：我比mujica好等于我是神作，应该值得你们珍惜和膜拜。那除了兽娘2京吹3星团2那些烂作之外大家都可以互相封神了，那业界不用用心写剧本了，都老老实实当打工人等同行烂光自动封神好了，希望这种思想能早日传到东瀛去那我们果漫崛起有望了,negative,bangumi,girls band cry
"重制版的画面质量实在不高。
20与95剧场版的区别主要表现在整体色调的调整（20以琥珀色为主，95在网络信息战时常以绿色为主），傀儡师声优的替换，素子上传时的画面转变（天使形象的消失），以及一部分场景中的文字、符号的更改，也是有些对比的价值的，可能可以从中得出一些监督在那么些年间的某些审美或观念上的变化。
 此外重制版和部分总集篇，其实也没有什么必要排进rank，都有些占空间。",negative,bangumi,攻壳机动队2.0
henshin！！,neutral,bilibili,mygo
草ESP 这把琴至少三万,positive,bilibili,少女乐队的呐喊
woc哥们竟然是NO1三三可能是NO0,negative,bilibili,夏目友人帐 第七季
kaop,neutral,bilibili,Angels of Death
"这段是2025年十月观影会回来写的：
我没有充盈的语言能够去形容这部两小时的旅途。谈及剧场版本身，实在有太多可以考究的细节，也有太多无力用话语表述的神级演出。谈及自己的观感，蓦地想起高中第一次看完的震撼，还有些许茫然，看着走下revue的舞台少女走在自己命运的路上而感慨不已。回头再看，舞台再演，放映过程中数次抑制不住流泪的冲动，分明已经知道了下个分镜会是谁的revue，知道了所有角色的未来会在哪里，看过了el dorado的后日谈，还是很想哭。我发现自己可能真的成为了starlight前的大场奈奈，在屏幕面前点着播放键一次又一次地再演，然而结尾的时候华恋还是会转向屏幕前的观众，一次又一次地告诉我starlight的终结，我不知道自己在寻找什么，或许和彼时的爱城华恋同样空虚吧。
我不知道啊。
正因为不知道，所以寻找吧。",positive,bangumi,剧场版 少女☆歌剧 Revue Starlight
主线剧情贯穿全片，可惜结尾没有想象中的精彩，Julia的塑造也有所欠缺,positive,bangumi,星际牛仔
《mujita》,neutral,bilibili,少女乐队的呐喊
"实际 个人评价81
C烂 B普 A良 S优 SS神 SSS独
1剧情  A
2内涵  B
3观感  A
4音乐  A
5画面  A
6作画  S
7人物  A

和 cl牛仔 银魂 石头门 攻壳等作品一样  
是被远远高估的存在   
大概会给7
打个低分平衡一下吧",negative,bangumi,天元突破 红莲螺岩
前半段还觉得有点尬有点无聊，看到后面觉得还不错，越来越好看的感觉。不过最后一集不和钻尘对邦而是退社，从现实中的角度来看也太扯了，刺团其他人就因为听完nina的悲惨霸凌经历之后决定和nina组一辈子乐队？rupa和tomo的职业梦就因为nina的任性而不追了？武道馆演出的目标就这么放弃了？,neutral,bangumi,girls band cry
wc好帅的字体,neutral,bilibili,鬼灭之刃 柱训练篇
果然还是存在童年滤镜，但说经典的地方太多了，所以回顾的时候更多的还是感动。以成年人的视角来看，一些故事架构还是套路居多，但是小孩子不关心这个啊，更多的还是这集哪只数码宝贝会进化更重要hhhhhhhhh还是觉得DF对于它的那个年龄层做了很好的教育和启蒙意义那些象征美好寓意的徽章，不知长大后的我们还是否能重新拾起？对于童年的那份纯粹，是否已被现实给扭曲而消尽了哎总是要面对这种问题啊。,positive,bangumi,数码宝贝大冒险
回复 CCPSCGM 777,negative,bilibili,mygo
12名小偶像充满个性的心路历程，人设都很棒啊，大家都个性鲜明让人一眼就能记住，前期较为单元的剧集大多数都还行，不过只要是出现961p的剧集都很让人窝火啊，蠢坏反派太膈应人了。从ep20开始一路高走，连续铺垫好几集的千早回发挥超神，大家一起出来支撑千早太温暖了〒〒，之后的春香回也让大家找回了成长路上所遗忘的事物，即使大家各奔东西，也是彼此之间重要的家人。赤羽根p的成长也挺明显的，新人时期像个无头苍蝇一样到处乱搞帮倒忙，到最后已经成长为765p无法分割的一份子了，ep18的律子回也很不错，龙宫小町永远的第四人。,positive,bangumi,偶像大师
切割mujica，切割bangdream，化吾为王。,positive,bangumi,mygo
首刷 cn衍生品,positive,bilibili,少女乐队的呐喊
DR项链：沙耶一生只能送一串doge,neutral,bilibili,魔女之旅
发现co老师,positive,bilibili,四月是你的谎言 粤配版
Pleia是486打游戏用的昵称，pleiades则是昴星团，也算是neta 486,neutral,bilibili,少女乐队的呐喊
我好像理解了为什么 space 会关门,neutral,bilibili,少女乐队的呐喊
全系列最棒的短篇小故事，神一般的作画演出，献给25年来所有粉丝的fan letter，我心目中的2024年度动画接下来，也请继续你的冒险吧！,positive,bangumi,航海王：粉丝来信
神父的CMoon发力了,neutral,bilibili,颂乐人偶
武士的未来只有不断前进与就地死亡！That’s the chaos！,positive,bangumi,混沌武士
"工作细胞可能是七月份关注度最高的番剧之一了吧，许许多多人都被元气满满的红血球，看似冷酷实则温柔的白血球，以及可爱的血小板所深深吸引，既有趁机推销医学的，也有医生大大科普的，更多的人都被血小板之类的萌到了（我也是嘿嘿）
      但是，作为我们最一般的人，这部番真正告诉我们的是什么呢？元气满满的细胞，辛勤工作的细胞，可爱的血小板等等，为什么要这么创作呢？
      我觉得，这个故事真正想要告诉我们的，是乐观哦。如果哪天不高兴或者是有很不好的想法，这个身体里有37兆细胞还在为你辛勤工作着，他们一直在努力，请你也不要放弃哦，我觉得这个才是真正想要告诉我们的。
       一定要乐观面对现实面对生活，当你觉得难过的时候，想想自己身体里面还有多少细胞在为你努力着，所以请务必不要放弃。
     正如ed里面所说的：世上的每一个人，都以其独有的形式在这同一天活着happy good days和你在一起的话，不管发生什么事情都是没关系，没问题的
无论什么事情都是没关系的，因为总有和你站在一起的。
      送给自己，也是送给各位，如果有困难或者不好的想法，总是有站在你身边的，务必不要放弃！",positive,bilibili,工作细胞
趁机重温EOE，第一集并不完全是死与新生的death篇，有些许改动。,negative,bangumi,新世纪福音战士剧场版 DEATH(TRUE)2/Air/真心为你
"不愧是“燃王”折木，喊一句“fire”都这么“燃”
这一集团体战十分精彩，古典部宣传效果直接拉满啊顺带一提，这一集主线之外的细节也很丰富。除了泽木口和入须学姐以外，上一篇章2F班参与电影制作的好几个角色也都出镜了。此外还有御料理研究会的社长检查烹饪器具的细节，从而排除了他们自导自演的可能",positive,bilibili,冰菓
"重要的是，我终于遇到了我最喜欢的那种反派，就是不自己亲自下场，只是加以引导就可以达成自己的目的，在这之前我只遇到了一个半，一个是高达seed的克鲁泽，半个是泽塔奥特曼里的塞雷布洛，半个是因为最后他还是亲自下场了，第一个他对整个战局只是充当一个关键时刻搅局和送情报的工作，但是攻壳2的反派是真的牛逼，他依靠国家力量与情报管制直接造成了国家内部的分裂，并且当主角意识到的以后大势已经完全无法挽回，太牛逼了这个反派
不是，攻壳二这么硬核的科幻番里，写感情戏的时候居然是天降青梅？！！！",positive,bangumi,攻壳机动队 S.A.C. 2nd GIG
CS 80人,negative,bilibili,少女乐队的呐喊
哦No我马上去洗头,neutral,bilibili,工作细胞 第二季
Estrella 西班牙语意思：星空,positive,bilibili,紫罗兰永恒花园
Smimase,neutral,bilibili,工作细胞 第二季
这就是zack最想听到的，我在“请问”你,negative,bilibili,Angels of Death
简直是侮辱bang dream这个ip的存在。制作组都在一本正经地制史，觉得自己写出来的矛盾点爆点都绝了、人物塑造牛的一比。实则就是四个精神病，一个正常人和一个剧情推动工具人在热演。还有一部乐队番，不算最后一集的mujica，竟然只有两场正经演出。制作组没一个正常人，喜欢这部番的也是。,negative,bangumi,mygo
笑传之烤烤bird,positive,bilibili,颂乐人偶
（7510）对于本作，我始终抱有一种复杂的心情。首先，我难以完全认同作品中的某些情节安排：那些略显刻意的矛盾设置、过于理想化的解决方式、平铺直叙的剧情以及不真实的进步速度，都让我在观看过程中有着一定的距离感。然而在最后六集的箱根驿传中，当我看到了王子努力的身影、姆萨可靠的奔跑、神童在痛苦中的执着前行、阿雪与家人和解后的释然、尼古重新找回奔跑意义的瞬间、King面对平凡的不甘挣扎、阿走全心投入奔跑的纯粹，以及灰二背负一切却依然向前的坚毅时，我被各个角色的心路历程与成长轨迹所打动。或许这部作品在我心中远远称不上完美，但当层层铺垫的情感最终爆发之时，一次又一次地引发我的共鸣与思考，甚至收割了我的泪水。我想真正打动人心的，也许从来不是毫无瑕疵的故事，而是那份关于奔跑与人生的真诚。,neutral,bangumi,强风吹拂
实在不行3p吧,negative,bilibili,魔女之旅
回复 KONGO金刚 那你评论修改啊,neutral,bilibili,盾之勇者成名录
zc,neutral,bilibili,少女乐队的呐喊
"（高中时代的自己二刷时候的感受）EVA最喜欢的还是TV版。最后两话把庵野秀明想表达的都放在台面上了，整体的意识流也比较言之有物，而且作画和细节真的很帅吧，音乐也很不错。至于宗教符号什么的，觉得只是商业化和故弄玄虚的东西，不太感兴趣，也觉得不值得分析。
（现在自己的追加）一部在特定时候，特定心态下会产生共鸣的作品，不知道如果现在三刷，会是什么感受，或许我已不再是那个自己",positive,bangumi,新世纪福音战士
AUV原来是京奶,neutral,bilibili,少女乐队的呐喊
五个人一起去伦敦旅游，不会说英语被老板认错在寿司店开live的情节好搞笑哈哈。结束了，KON。,positive,bangumi,轻音少女 剧场版
yuzuki 昵称是yuzu,neutral,bilibili,比宇宙更远的地方
GT扫帚,positive,bilibili,魔女之旅
486核心科技：4WD,positive,bilibili,少女乐队的呐喊
93心里的第一动画电影awa 露女士的revue我认为是全剧场版最完美的一场，不管是歌曲、演出还是台词在我这都可以说是没有缺点，但比她更胜一筹的是华恋的revue，这一场真正给了我心灵上的震撼以及看完后无尽的空虚（）,positive,bangumi,剧场版 少女☆歌剧 Revue Starlight
"取自自己发的在刺客第2话科普热评第一的第15页的三段话。虽然就这样看第1段可能看的不太明白，这里说下原因：当时聊的是番剧给小说打广告，但刺客那样能吸引吗，还是特地做崩而吸引

其实大部分轻改都是这样，有改得好的，有改得差的。好的不多见，中的算是大部分，差的还是很多的，特指JC。不是说现在的画质下降的这个，而是以前就有的原作粉碎机的JC。夏娜听说改了很多（我只看到第2季），小说是大后期、动画工房的aa和JC的亚里亚本篇冲突（一个场景，亚里亚巴士中弹那里JC不知道是不是懒得画，本来是有特殊装备的给删了）、魔禁3季不算好，了解錦織博就知道。另外刀剑的对比，前面的伊藤智彦和后面的小野学（前面删的还是很多，也不算好，不过对比UW好多了，UW是最好的部分改成这样）。有名也有轻羽飞扬（亲妈飞扬），虽然原作不算太好，所以导致最开始的时候原作都说改编的好，结果后面。还有更多更多的还没说呢",positive,bilibili,刀剑神域 爱丽丝篇 异界战争
"11集副标题为拉丁语 Te ustus amem 标题译名：纵使焚身成灰，我亦要爱你。
短语释义：化成灰也要爱你。
字面含义：我就算被烧死也要爱你。
该短语出自古罗马诗人普罗佩提乌斯的《哀歌集》第三卷第十五首，
这首诗是普罗佩提乌斯写给自己的恋人辛西娅（Cynthia）的情诗中的一首，旨在劝辛西娅不要因为自己的初恋莱西娜（Lycinna）而心生嫉妒，强调自己只爱辛西娅一人。

原文：
“At tu non meritam parcas vexare Lycinnam
nescit vestra ruens ira referre pedem
fabula nulla tuas de nobis concitet auris
te solam et lignis funeris ustus amem“

译文：
“但你要小心，不要折磨不值得你去折磨的莱西娜：
你的执着怒火是无法平息的。
不要让任何与我们有关的故事触动你的耳朵：
即使葬身烈火，我也只爱你一人。”

关于整首诗的更多分析以及普罗佩提乌斯与恋人辛西娅的事，请见专栏：

也记得关注我们哦",positive,bilibili,颂乐人偶
回复 Lisps XZ1才对吧 闪光灯跟传感器居中 而不是像XZP那样挨着摄像头,negative,bilibili,辉夜大小姐想让我告白～天才们的恋爱头脑战～
为什么是要截止到62集，这部分连友客鑫市篇都才一半吧，怎么又单独出OVA了，明明整合在一起评价能更高的,negative,bangumi,猎人
"巴特与陀古萨联合执行任务，找出生产机器的公司将人类灵魂提取并移植于机器的证据
科幻动画史上的一座高峰
井上俊之、冲浦启之等大量真实系原画大显身手，大量使用3D技术
结合传统傩戏、庙会等元素，新旧事物并存的都市在《傀儡谣》下将赛博朋克元素展现的淋漓尽致
与犬和素子的关系细致的刻画展现了巴特冷酷下温情的一面
当AI与义体技术高速发展，人与机器之间的界限变得模糊，灵魂可以移植入义体之中，灵魂与肉体联系性不再那么重要
探讨意识与载体之间的关系人类生活的便利性与高度发展的AI觉醒自我意识灵魂之间的矛盾",positive,bangumi,攻壳机动队2 无罪
开了个洞变聪明了，这把MVP啊,negative,bilibili,异度侵入 ID:INVADED
DNA动了,neutral,bilibili,魔女之旅
听不到aq妖怪急死了,negative,bilibili,夏目友人帐 第七季
Suspicion 怀疑,negative,bilibili,Angels of Death
回复 sadferi 看他说了半天对方却说我不知道，不懂真的很绝望，全世界就只有他本人知道这种事情，太痛苦，我都想写个看过小说的人穿过去陪他拍肩告诉他你做的努力有人知道的太憋屈了,negative,bilibili,Re：从零开始的异世界生活 新编集版
哎不是，你等会，给我spu干烧了，你等我缕缕,negative,bilibili,魔女之旅
优缺点都十分明显的动画，剧本为了抒发情感牺牲了很多逻辑性和合理性（如ep8四人西风带出舱门大叫），部分演出过于夸张（如ep12三人大哭），个人感觉从ep5到ep11开始每一集都有着固定的格式（一开始犯蠢搞笑，埋几个伏笔，最后抒情，情感爆发太规律了，有一种工业化的美）。但总体瑕不掩瑜，看的我都有点想去南极了（虽然没钱去），对四位女主的塑造也是颇为完美。,neutral,bangumi,比宇宙更远的地方
二刷2645（我认为，本作最大的优势，就在于其异常优越的日常性刻画。节奏虽然十分缓慢，但却丝毫不会让人感到拖延。许多精美绝伦的镜头，仿佛能够让人见证时光流逝。不必堆砌过于华丽的辞藻与哗众取宠的表演，那种此处无声胜有声的留白，才是真正的神来之笔。这一点显然是难能可贵的。精密搭建的世界观，更是让旅程本身成为了一种意义。这种略带真实性的日常感，总是使人欲罢不能。ep18之后的魔法使测验篇确实是一个缺憾。因为，制作组似乎是在拿拍悠闲公路片的节奏拍来扣人心弦的打戏片段，这就总给人一种怪异的冗长感。尤其是许多明明应该一气呵成的战斗场面，人物总是莫名其妙停下来说话，你一言我一语地讲给没完。当然，也不是说这个台词本身有什么不好，但你把它放在打戏结束之后也完全没关系，不是吗？就完全没有那种前期设定上的你死我活的紧迫感，不知道的还以为是要化干戈为玉帛了呢。）,neutral,bangumi,葬送的芙莉莲
一部绝对私人性的作品，所有那些解读都不重要，让它成为神作的还是天才般的direct。跟着情绪流，一遍亏了，值得看很多遍,positive,bangumi,新世纪福音战士剧场版 Air/真心为你
Old Money,neutral,bilibili,间谍过家家 粤配版
221822319sp,negative,bangumi,无职转生～到了异世界就拿出真本事～ 第2部分
你有这个本事可以去兼职看相什么的bushi,negative,bilibili,夏目友人帐 第七季
灯连上wifi了,negative,bilibili,颂乐人偶
自恋x2,neutral,bilibili,魔女之旅
"第一部还是看完了，应该是高二上在小爱同学上看的，记忆深刻的是那个时候还没分班，还能和hcn说上话，在轻音少女之后看的，可能是审美疲劳了吧，好像也是记忆没有那么深，但终归是还行，找个时间三部连看一并看了
2025年6月24日，大一暑假，看了泛式的新番时光机来品品十年前的惊艳与十年后的遗憾，剧情快忘光了，就重新看一遍吧
这里是第二天早上，再次看到第五集吹奏部在吹奏中获得其他人的认可是真的泪目了，第一次看可能真的不走心
第二天的下午看完了，发现叙事真的有一手，非常王道的作画和叙事，感情细腻，不可多得的日常番",positive,bangumi,吹响吧！上低音号
回复 KtoSOPhntm 神灯你看，这不是实现了吗,negative,bilibili,Fate/Zero 第一季
EA：闪闪不让用啊,neutral,bilibili,Fate/stay night [Unlimited Blade Works] 第一季
"个人感觉比1好
对于一个第一部押井守是天使之卵的人来说，押井守就应该是写天使之卵的那个人。这部片子做到了。
总的来说在一的基础上讨论了更多东西。而且使用最新的3D技术，配合主题总有一种忍俊不禁的感觉。
娃娃很像红辣椒里的那个。",positive,bangumi,攻壳机动队2 无罪
"看漫画的我：呀谬兰能活下来真是太好了！
看动画的我：萌王这一拳怎么没把你们三个nt干碎？？

还是想吐槽下这个节奏太怪了，看漫画的时候觉得尤姆和谬兰的行动相当合理，感情也很充沛，到这以后该详说的内容变成一笔带过，可以略说的搞了长段的对话，结果弄成了萌王养了仨白眼狼，完了还得救他们的命，还得委以重任，我寻思你搁这美末2呢？萌王这下给整的比乔尔还不如了",positive,bilibili,关于我转生变成史莱姆这档事 第二季
回复 名前NAMAE 致不灭的叩门人,negative,bilibili,致不灭的你 第三季
Hungarian Rhapsody No 2  现在的阿美利卡无法做出来的作品  别惹你鼠哥   凶凶脸  看到没这就是惹你鼠哥不开心的下场,negative,bangumi,猫的协奏曲
taiki太卑微了。。,negative,bilibili,颂乐人偶
为了吃饺子fam,positive,bilibili,葬送的芙莉莲
CIA,neutral,bilibili,比宇宙更远的地方
oi,neutral,bilibili,Fate/Zero 第一季
2先是xidoremi 还是不,negative,bilibili,少女乐队的呐喊
wo zan,neutral,bilibili,比宇宙更远的地方
旧剧场版更多的是艺术化表达，早在TV最后几集，就已经点名了“最后的敌人是人类”，从而对人类补完计划，个人有两个方向的理解。一方面是完成补完，庵野秀明所处当时新世纪来临前社会纷争不断，人与人矛盾重重，而对未来人类不再有将一个个个人分割开的“心之壁”，不再有高低贵贱利益纠葛，每个人都能得偿所愿生活在所期望世界的一种美好期许；另一方面是拒绝补完，前者毕竟是期许，我们终将回到现实。就像真嗣这样面对悲欢离合、面对时代洪流所裹挟，自己却无能为力这样无数普通人的我们，只能选择去接受，去行动，去尽力的活着，在这个并不完美的自己，在这个并不完美的世界。“哪都有获得幸福的机会”，人类要靠自己的意志去行动。,positive,bangumi,新世纪福音战士剧场版 Air/真心为你
你俩去开eva吧。,neutral,bilibili,鬼灭之刃 柱训练篇
‘【’ 航母即可，lom‘’,positive,bilibili,四月是你的谎言
Yet another 听力练习 说教与荣格玩具 看起来就像是W高达那个年代的东西 讲一些意味不明看起来很酷的台词ep25高潮 名为象征的说教的极致拖了一年终于看完了,negative,bangumi,少女革命
看到14集了目前看下来比较戳我的点就是第一次记录会的时候走第一次为大家呐喊看见别人的进步，这里的改观还有白桦湖开会走坦白心声比较不赖，跑步的镜头还是很不错的，我很喜欢王子训练时候大头摇晃嘶吼的分镜；前王子拿到记录真的是好激动啊，虽然有一说一现实里这个记录实在是太恐怖了；雪学长是真细心wok什么都能考虑到，这就是成熟学长吗；轮流迈出左右脚，这样迟早就会到终点了；,positive,bangumi,强风吹拂
o0o,neutral,bilibili,鬼灭之刃 刀匠村篇
论精彩还得是1412。这部番我一周目的大bug看着难受。。。明明很多次让面码吃或者做食物或者拿东西的机会偏偏卡住，难受啊,negative,bilibili,我们仍未知道那天所看见的花的名字。
hamburger,neutral,bilibili,Fate/stay night [Unlimited Blade Works] 第一季
yamoli！,neutral,bilibili,少女乐队的呐喊
you jump I jump,negative,bilibili,比宇宙更远的地方
"“孤独摇滚也就图一乐，关掉屏幕我看是她孤独还是你孤独”jpg
当年随手保存的梗图，如今是如此的一针见血
孤独摇滚这部番做的最好的一个地方便是它并没有展现出波奇酱的完全蜕变，这成长的一角才能体现出一路的艰辛，才能让我展开遐想：她仍与我们同行。",positive,bangumi,孤独摇滚！
所以很多人说nina喜欢上压力，其实nina稳定的不得了，一方面说做就做有话直说反倒能减少很多误会少点压力（你说是吧，大祥老师），另一方面你不去碰她的刺她不可能莫名其妙爆了，而不喜欢别人触逆鳞这方面，每个人不都这样吗,negative,bilibili,少女乐队的呐喊
"蹭一蹭如果有对莎缇拉和Re0同人小说的朋友，可以看我的专栏
（nianiania）",positive,bilibili,Re：从零开始的异世界生活 第二季 后半
回复 13oou 日漫很多都取实景的,negative,bilibili,青春猪头少年不会梦到兔女郎学姐
回复 SINO4894 哈哈哈哈哈哈太好笑了,positive,bilibili,冰菓
这个盒子里装的是chuj药吗,negative,bilibili,魔女之旅
2018ep38,positive,bangumi,银魂
小手一抖，op没有,negative,bilibili,工作细胞 第二季
接吻都要cut是吧，服了,negative,bilibili,约会大作战 第四季
1984年的片子 现在看真的也很好看 开场bgm令人印象深刻 很有感觉,positive,bangumi,风之谷
做我条lam,positive,bilibili,间谍过家家 粤配版
kioa？（基拉）,neutral,bilibili,四月是你的谎言
科幻外衣下是一个晦涩的政治问题，但是对于科幻的讨论也足够深刻，不管哪个方面都是非常深刻的作品。科幻下的哲学三问真是不得不品的一部分，不过灵魂与肉体这种95版的问题这部没有做出更多的解读，而标题的SAC，即科幻世界下个体与社会的结构关系的解读我认为才是本作被奉为神作的主要原因，如果只讨论灵魂与肉体那本作肯定达不到95的高度，比起这种哲学问题，更加现实的社会问题才更加深度。（这也是我非常喜欢PP1的主要原因，不过那边）,positive,bangumi,攻壳机动队 S.A.C. 2nd GIG
我感觉导致mujica解散的是mortis,positive,bilibili,颂乐人偶
奇怪的3BD又增加了,negative,bilibili,约会大作战 第四季
果然newtypes的迷惑设定我确实get不到，但最后2话杀伤力太大，一路走过来的不满突然消散，眼见着一群年轻男女从怀着理想主义的信念到最后的希望破灭，的确，“开创新时代的不是老人”，但年轻人又埋葬于战争的战火之中又怎么能开创得时代呢，努力总是白费工夫，归根结底还是落花流水。战斗会给人无尽的痛苦，有德还得继续面临失去之人的悲伤，还有已经失去理想的夏亚。相较于这些，对卡缪而言，疯掉其实是最好的归宿，就这样吧，你不再需要去战斗了，就请离开这片沉闷的地方吧。,neutral,bangumi,机动战士Z高达
虽然被夺舍了，但睦别退，我把刘涛aw给你,negative,bilibili,颂乐人偶
由于曾在不同偶像番中看到极其相似的模板化人设和剧情有点犯恶心，我断定偶像番不过是王道样板戏罢了所以有些排斥并发誓再也不看偶像番，但这部确实很不一样，好惊喜，我很喜欢此番的一点是角色们身处的是真正的职场而不是传统的校园，多了一些班味的偶像真的很新鲜。单集质量很高，我个人很喜欢ep8精巧的设计、ep15解压的综艺回和ep24的升华感动。手绘live也很难得，真的太棒了。牛逼，做得好啊，超出期待了,positive,bangumi,偶像大师
"1无比经典的开头前2分钟2雨中扔伞很奇怪8幽灵风子的设定很经典，经常有后世致敬，但是似乎有点设定崩坏11窗边演出很棒14手提箱是什么鬼剧情，过于都合，为煽情而煽情。前14集6分。
看完第一季，只能说麻子不是很对我电波。虽然整体没有过于惊艳的地方，总体来说依然是少见的十分流畅的gal改作品。",neutral,bangumi,CLANNAD
普通，只一张往返票可以花折算1200rmb,neutral,bilibili,少女乐队的呐喊
从BLACK回来，这边真是阳光明媚啊！,positive,bilibili,工作细胞 第二季
回复 槵YHUNA 哎，好快啊,negative,bilibili,NO GAME NO LIFE 游戏人生
？SOS,neutral,bilibili,鬼灭之刃 游郭篇
鸟20（doge）,positive,bilibili,葬送的芙莉莲
"终于等到了菅原和高野的第四次出场！！！可以说从这一次开始小千对小卓子的感情就越来越深了ww
总之他们之间那种青涩的感情真的很美好
（悄悄表白千鹤 她真是太可爱了！！！）
最后
谁敢反对高野千鹤x菅原卓郎，我就打爆他的头（bushi",positive,bilibili,徒然喜欢你
Oh No,negative,bilibili,四月是你的谎言
"《论麻枝准如何成为日本最大刀片经销商》
麻子这次真的是玩大了，日本在播出后的几分钟内，整个推全都是网友泣不成声的留言，然而这个时候多田葵还发了一个“真的非常开心”估计官方在看完脚本的结局后Staff们都精神失常了
本来看到麻将的时候我在想现在还打什么麻将。看完了我只想说求你们还是去打麻将吧。。。这福利我都看不下去了
整个还有两集，觉得真心写不完了，科学家没出来这四个是什么鬼（真是炸了这四个鬼的心都有了）还有男二女二的酱油打到现在都没什么卵用",positive,bilibili,Charlotte
我觉得anno加入sumimi挺好的,positive,bilibili,颂乐人偶
eggyeggy,neutral,bilibili,魔女之旅
WC，双声道,neutral,bilibili,约会大作战 第四季
回复 wwfrugal 话说是哪一集来着，我都没怎么认真看,negative,bilibili,某科学的超电磁炮T
wc和EVA一样的蝉鸣,positive,bilibili,少女乐队的呐喊
回复 99787222520bili 二乔要叫茸茸一声叔叔,positive,bilibili,JOJO的奇妙冒险 黄金之风
"补标隔的有点久了，加上剧场和tv当时是一起补的所以有点混淆了
总之很震撼，掉san值
等以后重看一遍吧",neutral,bangumi,新世纪福音战士剧场版 DEATH(TRUE)2/Air/真心为你
spaceX是nasa养的不代表spaceX手头没货,negative,bilibili,比宇宙更远的地方
特级咒灵Mortis,negative,bilibili,颂乐人偶
场外笑话 kilai,positive,bangumi,化物语
傀儡师的声音改成女性这个设计我非常中意！非常中意！比1995版的男声好多了！！！95版男声使我产生世界系的错觉。3D部分比较粗糙，不如手绘有味道。,positive,bangumi,攻壳机动队2.0
csgo《搭档模式》,positive,bilibili,少女乐队的呐喊
486笑了一会儿突然惊叫道wb，当时就把键盘砸了,negative,bilibili,Re：从零开始的异世界生活 第二季 后半
跟大部分人的看法完全相反，我更喜欢tv版的节奏，富野一向都是个适合把自己的那些想法构思给放到电视动画而非电影里面进行展示的监督，不管是仅由绝望组成的表面还是内核里的爱和理解，都最适合在TV这种拥有长篇幅，高留白度的地方来放送，但尽可能去拉高一切画面表现力，仍以角色之死堆满震撼感就必将牺牲掉严密性。启迪作用当然大，也会让局限性变得更加多，单就剧场版而言，算是80s可以做到的极致奇观。,negative,bangumi,传说巨神伊迪安 发动篇
“让阳光透过我的手掌 我的热血鲜红地流淌”，核弹的尘埃落下，化作和平的雪，机械们的灵魂飘向深空，在世界的角落悄悄地洒下自己的星屑；虔诚的骑士挥舞着十字架，两个久别重逢的灵魂手握青苹果，在废墟深处相拥；“你能用义体折千纸鹤吗 ”“现在可以了”，但你却再也没有机会亲眼见证。或许，到最后的最后，「Stand Alone Complex」既无关笑面男的幽灵，也无关个别十一人的陷阱，而是关于在这个冰冷、腐化的赛博地狱，每一个孤立的、匮乏的个体，在苟延残喘中，仍然得以将自己最后的温度，凝聚成这残缺世界的一寸光芒、一缕希望。以冷峻、深邃的政治寓言为外壳，这是一个有血性的故事，亦是关于「Ghost」的赞歌。,positive,bangumi,攻壳机动队 S.A.C. 2nd GIG
和幸运星很相似的作品，考虑了好久到底是打九分还是八分好，想了想日常感觉起来还是比幸运星差点意思，就不和后者打一样高的分了（bgm没有打85分的选项，好遗憾）,positive,bangumi,日常
第一季是非常优秀的gal改，但也由于是gal改所以和女主进展较慢且分支多，每段故事都很感人搞笑和心痛并存真的太全面了。神级音乐插入,positive,bangumi,CLANNAD
thkl,neutral,bilibili,夏目友人帐 第七季
HANASE,neutral,bilibili,少女乐队的呐喊
"事件a：肠姐和梅丽屠宅邸
事件b：多兔屠圣域
友方单位：奥托 拉姆 加菲尔姐姐 佩特拉
注：
1事件a和b会在第五天同时触发。且玩家只能出现在a或b发生地的其中一个。
2如果第五天之前玩家到达宅邸，事件a和b同时触发。且玩家只能出现在a或b发生地的其中一个。
3碧翠子不打算逃走，因此击败肠姐和梅丽是解决事件a唯一选项。
4中立单位加菲尔有好感度系统，50以下会对玩家警惕，10以下会对玩家监禁，0的时候会击杀玩家及玩家周围包括npc内所有友方单位，加菲尔起始好感度为11。
5所有友方单位战力集中也无法击杀肠姐
6所有友方单位战力集中也无法击杀梅丽
7所有友方单位战力集中也无法击杀多兔
8中立单位骡子在达到特定条件时会触发随机事件1号结束游戏。
9嫉妒魔女会在达到特定条件时会触发随机事件2号结束游戏。
10任何友方单位或npc死亡都会导致游戏结束。

游戏要笑着玩。",negative,bilibili,Re：从零开始的异世界生活 第二季 后半
确实如标题所言超级浪漫，纯纯的冰啊我看， Peak Animation！！！,positive,bangumi,辉夜大小姐想让我告白-超级浪漫-
说白了就是强欲魔女要用486的死亡回归刷ps白金奖杯，而且最优破关还要在最后一次刷出来。,positive,bilibili,Re：从零开始的异世界生活 第二季 前半
单论Mygo的话其实编剧的立意和想表达的东西都很好，是能引起共鸣的，虽然比Bang Dream其他作品要更dramatic，人物更拧巴但是观感还是可以的，尤其3D制作和分镜都很有意思,positive,bangumi,mygo
486听到的     nina：汪汪汪汪汪汪汪汪汪汪汪汪汪汪汪汪,negative,bilibili,少女乐队的呐喊
"播前因为音乐风格对胃和前作非常期待，播之后周周开语音大批判，最后几集已经被气笑得逗乐了，只能说能凑齐这么一窝子神人也不容易。
能不能搞懂一点，大伙是来看少女乐队的，不是看几个高中女生为爆而爆的，能不能看完之后留给大家的印象好歹有点“哎这种青春的感觉真好”，而不是哈哈SAKI酱SAKI酱SAKI酱
还有续集，我服了，我爆金币行了吧",negative,bangumi,颂乐人偶
回复 假面骑士Cronus 梁静茹给的勇气,negative,bilibili,关于我转生变成史莱姆这档事 第三季
回复 mosaka我爹挺好的嗯不过也得好好学啊,positive,bilibili,欢迎来到实力至上主义的教室
假面骑士（dogs）,neutral,bilibili,颂乐人偶
Bgm一出直接泪目,positive,bilibili,比宇宙更远的地方
组建c团计划90,negative,bilibili,颂乐人偶
回复 AgunDream,negative,bilibili,青春猪头少年不会梦到怀梦美少女
确实是超级浪漫，会长和辉夜kiss的那里85,positive,bangumi,辉夜大小姐想让我告白-超级浪漫-
这里就不得不提某个吧大招当平a用的saber,negative,bilibili,Fate/stay night [Unlimited Blade Works] 第一季
能连续维持三季的高水准作画真的很不容易啊，A1牛逼。早坂爱的那首《悲 lulululu》总感觉在哪听过，超级好听。,positive,bangumi,辉夜大小姐想让我告白-超级浪漫-
长崎术士：我想我大概一辈子也忘不了heroic吧,neutral,bilibili,mygo
原著结尾有给俊平的两个孩子特写镜头，另一个小男孩说的是长大了要当园丁，他的身上有一个彩蛋，他的Tshirt上印着SBR，是SteelBallRun的简称，也就是彪马野郎，JOJO的第七部。,positive,bilibili,岸边露伴 一动也不动
夹哇sin尬,neutral,bilibili,约会大作战 第四季
why not,positive,bangumi,猫和老鼠
回复 DDZZCC 日菜的还没出吧,negative,bilibili,颂乐人偶
不出意外，家主的中配换了，巧合的是两位cv名字里的最后一个字都是“涛”，可谓是涛“字”依旧,positive,bilibili,鬼灭之刃 游郭篇 中配版
姐妹性格组合参考   K ON,positive,bilibili,魔女之旅
Lullaby,neutral,bilibili,四月是你的谎言
debuff开启？,neutral,bilibili,少女乐队的呐喊
seven本来就是不休息的,negative,bilibili,比宇宙更远的地方
墨提斯is对的,positive,bilibili,颂乐人偶
hhhhhh,neutral,bilibili,OVERLORD
let it golet it go,neutral,bilibili,葬送的芙莉莲
Archer王之宝库,positive,bilibili,魔女之旅
2Dlive作画巅峰，偶像动画里程碑,positive,bangumi,偶像大师
是因为炮姐cv太贵了（bushi）,negative,bilibili,魔女之旅
"请问人体电压是多少伏呢   
A02V
B002V
C007V
D001V",negative,bilibili,JOJO的奇妙冒险
雅利洛vi,positive,bilibili,魔女之旅
补标，超级NB的想象力（8510）,positive,bangumi,哆啦A梦 大山版
没有义忍的事  Cb向,negative,bilibili,鬼灭之刃 柱训练篇
可以放弃笔记与和笔记有关的记忆这个设定在前文根本没提到吧，对于智斗番来说肯定是不公平的。有些情节依靠弱智角色才成立，不仅让智斗掉价，也看得我血压升高，非常憋屈。ep114可以称得上神级智斗，ep1527水准逐渐下降，智斗的点集中在设定上，但是又少有规则的突破性应用，ep2837几乎没什么亮眼的表现，在氛围塑造上也差强人意。只能说死亡笔记就这点规则，能做的智斗行为是有限的,positive,bangumi,死亡笔记
A 挺过了前14集的无聊后，15集开始用华丽的演出和镜头逐渐征服观众。最后两集单从作品的角度毫无疑问是极其糟糕的，但也必须将其作为这个版本的一部分来评价。只看TV的话，就单纯是一部没有结尾，表意不明的动画。,positive,bangumi,新世纪福音战士
KFC细胞,neutral,bilibili,工作细胞 第二季
这么看来师徒对决确实精彩，万物生vs万物死，全员坚定果断vs全员自我怀疑，人类发展宏大论题vs日本社会宅宅心理，1997年的观众吃的还是太好了。,positive,bangumi,幽灵公主
游戏这段里是ray在泥巴里找钥匙，Zack非常爽快（才怪）的帮忙,negative,bilibili,Angels of Death
有mmk就不要姐姐了（bushi,positive,bilibili,少女乐队的呐喊
一看就是CS重度做旧,negative,bilibili,少女乐队的呐喊
回复 Forian （求别提，满满都是血泪。一个十年过去了，又一个十年要过去了,negative,bilibili,Fate/stay night [Unlimited Blade Works] 第一季
按e键闪避按空格格打按f键使用体术,negative,bilibili,魔女之旅
堕姬：将他纳入眼狩令（富冈义勇jpg）,negative,bilibili,鬼灭之刃 游郭篇
作为差不多时期的现象级的乐队少女作品，很自然就会把它和GO放在一起品鉴。从剧情安排，作品完成度，制作水平上说，我认为GO要好一些，GBC的结尾感觉仓促了一些。但还是GBC的故事更能打动我。不知为何GBC很能让我体会到一个人无依无靠在大城市打拼的感觉，看前几集的时候我脑海里时常想起长渕刚的 ，特别是「砂噛、正直今骨身」等歌词。这特别能打动我，让我觉得它不是几个女孩子在过家家（没有贬低某A开头乐队作品的意思），而是几个人真的想把音乐作为自己事业，真的想通过音乐让别人了解自己思想。关于不登校，我接受它成为一个梗，但我绝不认为这是GBC成员的黑点。青春少年角色，就是会做出不成熟的选择的。我就是要看他们犯错口牙！这是多么浪漫！生活已经很现实了，为什么还要那么现实地看待作品呢？,neutral,bangumi,girls band cry
crychic（66）,neutral,bilibili,颂乐人偶
果然，真正的变态只有mamo能驾驭,negative,bilibili,鬼灭之刃 刀匠村篇
77888898ep3好细腻现实的情感展现。ep4直到这集我才能理解何为寒冬之下，两匹孤狼依偎取暖的矛盾而又独立的情感。ep5将母亲的身影投射到其他大人身上的朝，畏缩地摸索着自己的道路，我为朝的成长而感到喜悦。ep7日记记录着一位母亲对自身“平凡”的呐喊与对女儿的忠告，去成为自己想成为的人。“优秀”的自己走过一生，抵达终点时才发现自己其实与他人无异，也是那么的“平凡”，也是此时才会反思，自己以往所坚信的正确之事是否是自己真正想做的事。ep8对青少年心境的完美呈现。,negative,bangumi,异国日记
clannadCall life as natality noticing accompaning death 人生即是到来、相遇、陪伴、离开。,positive,bangumi,CLANNAD 〜AFTER STORY〜
少年pi的奇幻漂流,positive,bilibili,比宇宙更远的地方
嘎拉 game 里不是这样写的啊！！！,negative,bilibili,Angels of Death
"喜欢米浴 ep8 ep10好 帝皇麦昆好 喜欢帝皇 很感动 看的时候真的鸡皮疙瘩起来了。
但是为什么我没给910呢 ep13最后的演出处理我真的不喜欢
太不像话了 怎么能这么做",positive,bangumi,赛马娘 Pretty Derby 第二季
这才是真正的有缘而无份吧TT,neutral,bilibili,夏目友人帐 第七季
o hh,neutral,bilibili,魔女之旅
一开始看发现人类重置了的时候，想起阿姆罗奋不顾身推石头结果还是没救回来，心里有点小难过，但看到最后，大家能一起包饺子，又不得不感慨，真是温柔的结局啊。在看之前很难想到，我印象最深的一幕是高达洗衣服的场面，对啊高达就应该做这种事，而不是去打那些愚蠢的战争。而平心而论，我并不觉得这部高达的剧情比其他的要好，反而觉得中间不少剧情都没能讲清楚，以及倒X真的强得变态了。但白富野实在温柔了，好多角色我以为要发便当了的时候，都没有发展到最坏的那步，即便是死了，也尽可能不让人觉得太悲伤。从0079开始看起，把uc高达一路补完，最后能在倒A这里看到一个这么好的剧情和立意，作为一个ip的大结局又能有如此完美的结局，已经是心满意足了。,positive,bangumi,∀高达
DEM？,neutral,bilibili,约会大作战 第四季
Wtf,neutral,bilibili,异度侵入 ID:INVADED
赌ez,positive,bilibili,约会大作战 第四季
日向np！,neutral,bilibili,比宇宙更远的地方
有没有一种可能呆毛其实并没有fz里那么man呢，fz本来就是虚渊玄理解错误导致的,neutral,bilibili,Fate/stay night [Unlimited Blade Works] 第一季
听得到吗，Argama号,positive,bangumi,机动战士Z高达
486太强了，，完完全全的soyoanon,negative,bilibili,少女乐队的呐喊
Cos路易十六这一块,neutral,bilibili,魔女之旅
【 墓 X X 】,positive,bilibili,异度侵入 ID:INVADED
wq,neutral,bilibili,魔女之旅
日本不发id卡是吧,negative,bilibili,颂乐人偶
战斗 热血 2019年7月 讲谈社月刊afternoon WITSTUDIO 高分,negative,bangumi,冰海战记
有4k，打开新世界,positive,bilibili,紫罗兰永恒花园
回复 老A和小Alang132  这么说有点地狱啊,negative,bilibili,致不灭的你 第三季
震撼的结局，最后十几集看的人要疯，太窒息了。可能这就是UC真实系战争带来的震撼吧。要是时间能一直暂停在卡缪夏亚和阿姆罗一起在AEUG的时刻可多好。,positive,bangumi,机动战士Z高达
用意外来推进的话相对机械降神了一点；商业斗争让我想到最近的mujica，日本人对于现实和童话的分野在我看来太过模糊了；没有结果的恋情，确确实实地存在；rikka,positive,bangumi,蜂蜜与四叶草II
这种就是纯s纯抖s,negative,bilibili,Angels of Death
"体育祭篇毫无意义jpg
父亲的话语对于儿子而言就是耳边风jpg",positive,bilibili,辉夜大小姐想让我告白？～天才们的恋爱头脑战～
anything,neutral,bilibili,颂乐人偶
单抽SSR你怎么说,negative,bilibili,紫罗兰永恒花园
回复 捕骡高手恩内斯里  你如果限定nico用户的话，那全是路人观众，因为mygo在nico压根就没有单集放送过，所以也只有这个数据。但当然也可能有在别的平台已经看过了过来复习的，这种可能就是你所谓的粉丝了，但这类粉丝占比多少很难说。所以对于没有比较的数据，除非是马娘动画那种好的出奇的，最好别直接下定论,negative,bilibili,mygo
可能无法参悟几原的艺术表达吧中后期飙车爆衣 欧蒂娜和凤晓生缠绵 x明示过于冗长 像是纯来恶心观众的。决斗兼用卡实在太华丽了，我果然是纯种白河豚。这才是真正的女权啊 跟当下女拳一对比挺讽刺的，女性意识觉醒集中在最后一集的爆点很爽 38集前就是坐牢。世界革命的力量从不是依靠他人 而是自己亲手获得,positive,bangumi,少女革命
cooker是厨具，cook才是厨师,negative,bilibili,Fate/stay night [Unlimited Blade Works] 第一季
cod玩家再次出现,negative,bilibili,少女乐队的呐喊
疯狂立flag吗hhhhh,positive,bilibili,葬送的芙莉莲
嘴角比AK都难压,negative,bilibili,魔女之旅
题干上x的范围应该是0到2的闭区间,negative,bilibili,颂乐人偶
回复 Iwafumi 有两个球,negative,bilibili,夏目友人帐 第七季
wc，脸红了,neutral,bilibili,转生成蜘蛛又怎样！
网吧组队csgo,neutral,bilibili,约会大作战 第四季
MEGALOBOX,neutral,bilibili,辉夜大小姐想让我告白～天才们的恋爱头脑战～
回复 haism 吃披萨的时候没咬手指,negative,bilibili,JOJO的奇妙冒险 黄金之风
回复 EmiyaTo 150万不止吧，蒋介石死掉的中央军就不止一百万了,negative,bilibili,紫罗兰永恒花园
后宫模式 on,positive,bilibili,Fate/stay night [Unlimited Blade Works] 第一季
花泽香菜laoshi,positive,bilibili,魔女之旅
拐卖wor,neutral,bilibili,魔女之旅
大house有利于身心健康,positive,bilibili,颂乐人偶
我感觉她有点像米拉哎（ky致歉）,negative,bilibili,魔女之旅
回复 XINGYUNSTARS 当年一起刷的,negative,bilibili,工作细胞 第二季
202138上映前写了无数期待，做了无数的分析，细细碎碎的全都发布在了我的朋友圈，我看过所有的前作我是eva的粉丝；三年前第一次观看泪流满面怅然若失，半夜真的像真嗣一样翻来覆去久久不能入眠，想留下一点记录但是写了又删写了又删；一年前和友人连麦第二次观看，前期欢声笑语后期也相顾无言，但是我没有流泪；一个月前在某up主直播间第三次观看，和弹幕一起吐槽和友人一起吐槽我也发现了它无数的缺点，似乎我真的可以认真审视这部影片可以为了这部影片写点什么；三个小时前在电影院第四次观看，偌大的电影院只有我一个人坐在中心，我本以为会是一段有点难熬的时间，但我还是被它吸引了，ED响起来的时候我又流泪了，我为什么会流泪呢？到头来我还是无法客观地去评价它，它是我生命里不可缺少的一部分，就像庵野秀明可能真的想告别所有的福音战士，但是显然他做不到，同样我也做不到。,positive,bangumi,新・福音战士剧场版：终
"最早看的几部作品之一了。重温一下
EP1 现在回头看第一集节奏是真紧凑，而且写法很有老底子章回体小说的味道。另外，日本那时候治安是不是也不行EP2 ICPO在那几年是不是流行话题啊，我记得08年的pm白金也搞这套EP3 月敏锐灵活又毫无负担利用自己和周围人的特权这点真的是，也和第一集硫克的观察很一致，换一个人可不会这么快上手EP6 事情和破绽推着人走的群像写法是真好看，南空直美这角色一直忘不掉EP8 L也是求知欲胜负心起来了就不管什么道德啊法律的，真的一路人EP12 出现一些刻意的反套路真的会笑，比如之前的打网球和这集的boy meets girlEP17 月的演技原来是遗传爹的另外现在的misamisa可能是最接近幸福的if线了吧EP 23 日本综艺是真的会水时长，和油管视频有的一拼",negative,bangumi,死亡笔记
kk,neutral,bilibili,Fate/Zero 第一季
前半季伊始的OP！,neutral,bilibili,国王排名 勇气的宝箱
这gay我真受不了了,neutral,bilibili,魔女之旅
Xxxholic,neutral,bilibili,我们仍未知道那天所看见的花的名字。
"校园暴力最正常的处理，闹钟视角
05ed2
05事件处理
05心流描写
05人文气息
05剧情
05地球online同世界观",positive,bangumi,3月的狮子 第二季
第二季中段才真正展现出本作的闪光点。Ep4真山直言part和Ep5的金桂part情绪表现力过于出色。,positive,bangumi,蜂蜜与四叶草II
回复 Luck羽林 diao毛,negative,bilibili,国王排名
device太心狠了。。。。。,negative,bilibili,颂乐人偶
就像是为曲子做MV，而且每一个MV的质量都很高，但是将这些MV串起来的故事，剧中角色的行为，人物关系的进展，都稍微有一点微妙。个人觉得都欠缺说服力，虽然常说在动画里讲逻辑很蠢，但若是影响到了情绪流，就不可忽视至少对我来说，我会被迫中断情绪流，去思考为什么，然后就“出戏”了，所以，催泪是不存在的。（观点若有不同，就当我没看懂）补充：大概是最后一集如此之短，信息量又如此之大，刚看完的时候我还无法接受吧，看完一段时间后，最后一集的内容逐渐渗透到故事全体，还蛮有感觉的。从这一点来讲，这是个适合追番的作品，因为追番拉长的时间会让观众对作品的印象大部分落到最后一集,positive,bangumi,四月是你的谎言
无惨：我说你们主公自己Cosplay苦力怕你们信吗,negative,bilibili,鬼灭之刃 柱训练篇
nina的168亿呢？,negative,bilibili,少女乐队的呐喊
刚刚那一幕加上Bg m卡点好惊艳,positive,bilibili,四月是你的谎言
好了，现在母鸡卡也有krkr了,negative,bilibili,颂乐人偶
《mead：mead,neutral,bilibili,少女乐队的呐喊
粒子从脑洞里漏掉了（bushi）,negative,bilibili,异度侵入 ID:INVADED
玩乐队miaomu登山了,positive,bilibili,颂乐人偶
一个人的OP，一个人的ED，一个人撑起一部剧，一个人拿下4月第一,neutral,bilibili,在下坂本，有何贵干？
let it go,neutral,bilibili,葬送的芙莉莲
灯酱 love,neutral,bilibili,颂乐人偶
回复 GatlingPea 啊是吗,negative,bilibili,间谍过家家 第二季 中配版
不仅是阐释，而是定义了何为偶像大师，何为idol anime，乃至何为偶像本身。真诚，热爱，汗水，与“团结”。名为IMS的爱之奇迹的起源，也是足以为整个企划赋予无可替代的灵魂的作品。其留下的星火即便是十年二十年后仍然生生不息在屏幕之内与屏幕之外，在台上的偶像与台下的观众，在cast staff和producer之间，一切都和达成了最好的互文。,positive,bangumi,偶像大师
firsk 举起了手,neutral,bilibili,JOJO的奇妙冒险 石之海
为什么要叫stella呢,neutral,bilibili,间谍过家家 粤配版
cbz一拳打死,negative,bilibili,四月是你的谎言
tvb也不会换op的呀,negative,bilibili,四月是你的谎言 粤配版
沙耶？？gal那个吗？,neutral,bilibili,魔女之旅
cosplay,neutral,bilibili,工作细胞 第二季
是看完tv后再过来 看的感觉比起tv略显不足,neutral,bangumi,机动警察剧场版2 和平保卫战
牛逼文艺片在众多新番中确实是不可多得的调剂。其实我时常觉得尽管makio是职业作家，但他给我的感觉就像很有想法但不会表达的人，他能做的仅仅是把心中的想法部分拎出，所以又总是不断的去否定，去自圆其说。asa的经历大多数人是无法体验的，因而想要理解感受他的情绪需要极强的共鸣能力，所以这片也算是挑观众那一类。有想法的人往往容易居高临下，尽管不是本意，在我看来makio对asa就是这样，makio的言论不能只用理性分析，不然就是正论输出，所以他给asa疏离感，不是每个人都能感受到makio的意思。总的来说，这片很擅长使用文字，也实打实的在描绘人的情绪，首尾散发着一股清香,negative,bangumi,异国日记
就轻百乐队番来说，整体是相当不错啦，好久没看过这么一部能让我一直哈哈大笑到结尾的番了。可惜社恐的部分我不能感同身受，部分场景着实有点超乎想象了。总结This is true anime,positive,bangumi,孤独摇滚！
上面就是soyoin家,neutral,bilibili,少女乐队的呐喊
之前挺喜欢，知道mujika出来，一切都崩了,neutral,bangumi,mygo
Pony Express,negative,bilibili,比宇宙更远的地方
一股假面骑士剑OP1的感觉,positive,bilibili,颂乐人偶
"BOY meets GIRL万岁！
童年回忆，长大了再看也非常喜欢。
HappyEnd的童话式结尾最棒了",positive,bangumi,天空之城
好像有bug啊，四个人都穿的皮鞋了,negative,bilibili,四月是你的谎言
发型指导：Mio,positive,bilibili,四月是你的谎言
RX7 FD：我何德何能,neutral,bilibili,名侦探柯南：零的执行人
这服装怎么有点像RAS的衣服啊？,negative,bilibili,少女乐队的呐喊
半夜不睡觉的一百多人你们专门在四月一号吃daozir吗,negative,bilibili,四月是你的谎言
非常优秀的作品，值得细细品味。虽然“人与人无法相互理解”一直是系列作品的核心矛盾，但无论是newtype之间的心灵感应，还是本作中女王和姬艾尔的互换身份，都表现出了编剧对角色之间互相理解的努力尝试。而正是这种核心矛盾与故事主题的错位，让剧情可以接下大张力的演出同时不显得炫技，完美做到了硬实力与软实力的兼容。,positive,bangumi,∀高达
F！FF！FFF！,neutral,bilibili,徒然喜欢你
回复 薄荷汽水要半糖 兄弟face，face！,negative,bilibili,小林家的龙女仆 第二季
75。这种比较激进的人设，能把故事完整的顺畅讲完，不让人感到奇怪，已经是很不错了。更不要说这个3D真的很强，贡献了很多2D比较少见的演出,neutral,bangumi,girls band cry
回复 Kirizor不对，是第一部里说的,negative,bilibili,我的青春恋爱物语果然有问题。
都在ooc是吧？,neutral,bilibili,魔女之旅
not fresh today,negative,bangumi,攻壳机动队2 无罪
I hve  Pln,negative,bilibili,葬送的芙莉莲
怎么历届Caster都这么钟意Saber,negative,bilibili,Fate/Zero 第一季
底层劳苦人民见到a9家庭的幸福生活belike,positive,bilibili,魔女之旅
补押井守03：疯狂的电影。森谷司郎曾经依托226创作了《动乱》，在和平保卫战里，和平的反面不是战争bellum，而是动乱tumultus，是例外状态的显现。在《动乱》中，许多意象是类似的，鸟的意象、黄色气球飞艇、以及纠葛的恋情史；前者的闹剧由天皇作结，对本作而言，承担这一降神戏码的则是美军。萨达姆的巴比伦之梦已经破灭，但海湾战争的梦魇不会消失，所乞求的和平状态也从未存在；玻璃幕墙反射出的那些庞大的战争机器突兀地刺进都市社区的血管中，看到那些戴着黄色通学帽成群结队的孩子们，竟有一种恐惧的真实“你们要谨慎看哪、凡事我都预先告诉你们了。”（马太福音 1323）押井守就应该这样说。,positive,bangumi,机动警察剧场版2 和平保卫战
小手一抖，OP没有,negative,bilibili,转生成蜘蛛又怎样！
victory！,neutral,bilibili,约会大作战 第四季
这龙骨已经变成过龙骨兵了，基本上是没什么回收价值，不让不就是在卡Bug刷龙骨做龙骨兵么,negative,bilibili,Fate/stay night [Unlimited Blade Works] 第一季
c s,negative,bilibili,颂乐人偶
ww,neutral,bilibili,Fate/Zero 第一季
vamos,neutral,bilibili,四月是你的谎言
TCP是全双工的吧？,neutral,bilibili,比宇宙更远的地方
ep3 ep10 ep15 ep23 ep25惊艳之作，名副其实,positive,bangumi,攻壳机动队 STAND ALONE COMPLEX
很难想象这是1998年的作品以及今敏的处女作！太厉害了，我看完都头皮发麻了，就像是得了精神分裂一样分不清什么是现实什么是梦境了，电影解析也看了很多，不同说法都有。我是主张整部电影都是女主的精神世界观点，跟拍摄的双重障碍电影完全可以互补剧情，戏中戏中戏，结局虽然内田留美都KO了，虽然结局说“我才是真的”，但是这也许是女主结束了挣扎最后幻想战胜了本我而说的呢？,positive,bangumi,蓝色恐惧
看樱的去hf，这是凛线,positive,bilibili,Fate/stay night [Unlimited Blade Works] 第一季
『The World』,neutral,bilibili,少女乐队的呐喊
立下flag,neutral,bilibili,Angels of Death
我也喜欢川崎，川崎极光7 Pro,positive,bilibili,少女乐队的呐喊
啊啊啊啊啊啊！aswl,positive,bilibili,Angels of Death
在2021年给了点大伙爱看的东西，既然庵野秀明都放下执念了，那我觉得所有人都有一个和eva和解的理由,positive,bangumi,新・福音战士剧场版：终
行，三大顶级公会联合组队，最后boss是不是得来个25人副本,positive,bilibili,因为太怕痛就全点防御力了 第二季
空中脱离啊，这我懂啊！破S机动啊！要是导弹就39下高,negative,bilibili,魔女之旅
这个表情 太戳我xp了！！,negative,bilibili,少女乐队的呐喊
“是呀，大家都变成星星就好了！”富野由悠季留给这个世界的财产远不止高达。这部作品给人带来的震撼太过强烈，以至于看完当晚写了几千字的读后感，找个机会修改一下贴bangumi好了。,positive,bangumi,传说巨神伊迪安 发动篇
民那诺唷库诺to诺,positive,bilibili,少女乐队的呐喊
他的魔法是不是用歌喉攻击别人（ Chuuya幻视）,positive,bilibili,葬送的芙莉莲
没有“内个村”awa,negative,bilibili,魔女之旅
Saber好感度up DAZE,neutral,bilibili,Fate/stay night [Unlimited Blade Works] 第一季
回复 天然呆re 绝望不兄dei？,negative,bilibili,OVERLORD Ⅲ
HH,neutral,bilibili,Fate/Zero 第一季
pitohui的感觉，疯疯的,negative,bilibili,葬送的芙莉莲
回复 YvDdd 主要还是辉夜觉醒了特殊的xp虽说情人出西施，但最重要的还是因为迷上了眼神，当初越讨厌，现在就越喜欢，反而成了特殊的xp,positive,bilibili,辉夜大小姐想让我告白？～天才们的恋爱头脑战～
邪恶Morty出场吧？很期待后续剧情。,neutral,bangumi,瑞克和莫蒂 第三季
回复 Jymoonset 有道理，但是不管有人没人进别人家总是不好的,negative,bilibili,名侦探柯南
BoBO大佬您来啦！看了您5年了！为大佬打call！,positive,bilibili,工作细胞 第二季
"七：
镜头回到餐桌
4分11秒到56秒处
我们可以看到亚丝娜的爸爸 结城彰三
拿着一份英文报纸
这个（4分23）画面中 报纸最大的可见标题的意思是
lnveslment tech startups slumps 科技初创企业下滑
而另一个画面中可以看到报纸的名字是
THE IDNI JOURNAL 某种架空的国际日报
这个细节就很符合亚总父亲企业家的人设",positive,bilibili,刀剑神域进击篇：无星之夜
"日常回巅峰 ep124真的太强 ep3第一次深析姥爷的感情 ep5很乐 主线倒没啥感觉
92100",positive,bangumi,瑞克和莫蒂 第二季
（补档202412）作为一部日式少女乐队番，歌很好听，live的3d也很灵动，但是对于后来的两人组的安排不太友好，一直在解决的“做自己喜欢的音乐”其实并没有完全实现，回到了一开始的窘迫境地，希望有剧场版能够给出答复,neutral,bangumi,girls band cry
"历经了两年的时间，《刀剑神域Alicization》终于迎来了完结篇，《刀剑神域 爱丽丝篇 异界战争 终章 》共11话，将为全48话的第三季画上句号。这里对动画进行一定的介绍。
不同于上一季度相对悲观的看法，本季度笔者还是持比较乐观的心态的。首先因为疫情影响，本该上季度放送的异界战争终章也顺延了一季，经过一季度的延期，工期问题肯定是能够有所缓解的，因为疫情主要影响的是录音方面，对作画方面的影响也有但并不会导致彻底停工，因此本来春季就该放送的番剧多了大约两个月的制作时间，一些原本可能不得不妥协的画面可能反而精益求精了起来，这或许是件好事。
另外，在主要STAFF方面有一些调整，摄影监督轮换了一个（主要的胁显太郎还在），CG监督也换了一位，这两个职位的调整应该不会有多大的影响，胁显太郎酷炫的摄影风格始终是爱丽丝篇的一大看点。再就是动作作画监督由上一季的菅野芳弘一人负责追加了丸山大胜。因为丸山大胜是首次担当动作作画监督，所以关于他的信息并不多。根据本作动画制片人金子敦史介绍：“丸山桑是第一次参与『SAO』系列的动画师，却非常的出彩，而且还是全能型，非常擅长剑戟、拳与拳的战斗，甚至连特效都能绘制。”可以说丸山大胜获得了制片人的认可，不过笔者认为丸山的能力应该是低于菅野的。两个动作作监到底意味着什么，现阶段也只能猜测一下，悲观一点的话，可能意味着菅野芳弘不会像上季度那样大量出力（几乎所有动作卡都会修），乐观一点的话，可能意味着这季度关键回的战斗场景的工作量很大，菅野集中精力修关键回的战斗场景。
不过根据目前的访谈至少可以看得出来，制作方将这一期视为十分关键的一期，那么在制作方面可能会比前两期投入更多的资源，制片人金子敦史表示第1话的张数就达到了11000张左右（业界平均水平是4000张左右），而最新的PV中还能看出有大量动作场景，贝尔库利对阵加百列的一话风格十分突出。第1话的先行特别插画是由原画师黑田结花绘制的，她在SAO2中负责了不少卡，这次由她来负责插画也有可能是一个信号，最终季会请更多有能力的原画师参与（而不是上一季度几乎只能靠菅野一人撑场）。
如果您想在B站尽快获取关于《刀剑神域Alicization》的信息或幕后小趣事，可以关注一下本账号，本账号会传达有关动画制作公司A1 PicturesCloverWorks的有用信息，以及对动画staff进行科普。",positive,bilibili,刀剑神域 爱丽丝篇 异界战争 -终章-
头发掉地上会不会沾上niao啊,negative,bilibili,约会大作战 第四季
上吧，Aian,neutral,bilibili,四月是你的谎言
回复 Kuhunter 辉夜,negative,bilibili,间谍过家家 第二季 中配版
弹舌指导：Ado,neutral,bilibili,魔女之旅
回复 Evralies 领便当的有没有把便当吐出来的,negative,bilibili,咒术回战
按“E”打开冰箱,negative,bilibili,少女乐队的呐喊
"四：
封测的结尾 1分53秒处 
这里只有桐人一人打开了BOSS房间的大门
可即使如此
按照进击篇小说的描述 
桐人还是没能看到这其中的第十层楼层BOSS武士领主的样子
如此理解的话就和小说相照应上了
而这个BOSS武士领主也在剧场版序列之争中出现过",positive,bilibili,刀剑神域进击篇：无星之夜
一给一给一给一给一给一给arima！,neutral,bilibili,四月是你的谎言
Tamaya,neutral,bilibili,比宇宙更远的地方
太上老君和孙悟空jpg,negative,bilibili,关于我转生变成史莱姆这档事 第三季
给对面打成K6冰龙了,neutral,bilibili,魔女之旅
ransom,neutral,bilibili,少女乐队的呐喊
回复 hardi不是哈德里 这是不行滴，老师说了要好好做作业哦，如果你愿意出一包辣条也不是不行,negative,bilibili,工作细胞
回复 destruction 比隔壁还快,negative,bilibili,堀与宫村
yianh,neutral,bilibili,四月是你的谎言
总分：952 剧情（2832295）音乐（079209）人物（085085）整体（433845）制作（070408）v86,positive,bangumi,mygo
na lu ho do,negative,bilibili,在下坂本，有何贵干？
除了最后的播放量这种机械降鬼之外，只能说，神作！反正它是很深的触动到我了。立体的人物形象，不屈且反抗的内核，再佐以超强的演出，woc，最爱动画之一了好吧b（）d,positive,bangumi,girls band cry
麻将？扑克？过山车？碰碰车？摩天轮？s1赛车？玩核弹？参观三体战舰？当歌者向太阳系丢二向箔？,positive,bilibili,关于我转生变成史莱姆这档事 第三季
不是大祥还没注意到睦头叫她sakiko酱而不是saki吗,negative,bilibili,颂乐人偶
uu,neutral,bilibili,四月是你的谎言
riiki哈 486哈 喵梦也哈 你们鼓手真是一致啊,neutral,bilibili,少女乐队的呐喊
请一定要幸福下去www甜死了,positive,bilibili,颂乐人偶
南极室外撒的出niao么？,negative,bilibili,比宇宙更远的地方
和第一季比更像是一场群像剧，好处是每一个角色都变得有血有肉更加立体，坏处是将棋场景和三姐妹场景的联系变得更加微薄。第一季还可以通过桐山零勉强维系，而当桐山零也变得只是主角之一后，两个场景的剧情不相容显得整体割裂。将棋部分二海棠展现出第一季隐藏的部分让角色得到升华，柳原起死回生的棋匠守卫战一反套路，成为本季最高潮的将棋剧情。可怜的岛田又没能头衔。宗介花费大量笔墨但形象超出人类显得空洞。桐山零除了拿到新人王升到B2没有亮眼表现。而本季三姐妹部分加入校园霸凌。具体和GBC的仁菜学校剧情类似，不过处理的比较理想。天降班级主任主持公道，但霸凌者却没有受到任何惩罚。受害者被迫转学接受心理治疗，而施暴者却一脸没事反问人为什么要努力。积攒的压力没有得到释放显得不完全燃烧。日本如果不意识到增加霸凌成本是唯一解决这类问题的最优解，讲再多都没用。每个角色都说了些但都不多。,neutral,bangumi,3月的狮子 第二季
前几十集是最经典的 单元剧打分一贯不好打,positive,bangumi,猫和老鼠
zzz,neutral,bilibili,比宇宙更远的地方
BGM好像猫游龙岛上的洞穴里的BGM,neutral,bilibili,葬送的芙莉莲
cute girls do amazing things,positive,bangumi,比宇宙更远的地方
女主不是渐冻症哦，是SMA脊髓型肌萎缩症,positive,bilibili,四月是你的谎言
极限过载 14G,negative,bilibili,少女乐队的呐喊
个人感觉比TV少了很多危机感和绝望感，节奏有些快也少了很多氛围和人物铺垫，剧情转到第三台EVA那里感觉有种演完一出演下一处的安排感；加持瓜田那段戏换成了真希波少了挺多紧张感以及冬二和班长的时间线变动少了他们的塑造有点可惜。当然，多了很多王道和震撼，零邀请司令、明日香清晰的毅然决然的决绝、真嗣把零拉回来都做的挺不错的真是多了许多温柔的世界,positive,bangumi,福音战士新剧场版：破
森oy？（欧外）,positive,bilibili,鬼灭之刃 柱训练篇
sakimove,neutral,bilibili,颂乐人偶
oi！！！,neutral,bilibili,少女乐队的呐喊
回复 井盖只会心疼giegie 不应该是23么,negative,bilibili,JOJO的奇妙冒险 石之海
回复 sxzl1990 历代勇者中有过四个都是混球的，然后就被菲托利亚干掉了,negative,bilibili,盾之勇者成名录
"说很长但又不知不觉看完了。把一个现在看来是套路化的开始做出了足够有力度的内容。针对“棋魂”多层的诠释小光身体里寄宿的sai（魂）、以及寄宿在小光棋盘对决之中的sai（魂）、围棋的精神之魂（tamashi）。由此而展开的群像剧成为了有血有肉的整体。
格外提一句，配乐绝佳，对于整体的演出增色了很多。
要说有什么不满，大概是后期时不时的画面崩坏吧。
神之一手在哪里呢？",positive,bangumi,棋魂
海的那边是自由bush,positive,bilibili,魔女之旅
第三次看完Clannad，终于理解了很多前两次看的时候还无法很好理解的东西，人与人的相遇会带给人前进的力量，有了重要的东西就不会止步不前。同时也很庆幸自己早早看完了Clannad，若没有cl的话我对很多事情的看法会与如今不同吧,positive,bangumi,CLANNAD 〜AFTER STORY〜
对于当年刚看完mygo，一集一集追着看mujica的人毋庸置疑是一次巨大的背刺，不推荐任何喜欢mygo的观众观看,negative,bangumi,颂乐人偶
把一个acg作品本身当做论文是不恰当的，它应该是一种艺术的休闲的享受（两者没那么大分界）就此而言，无罪非常的好，仅仅是设定和分镜，节奏就值得打7分。而剧情，一种acg内的刺探，实验。也值得加分。舆论在加1分。神作无疑,positive,bangumi,攻壳机动队2 无罪
回复 EurekaSeveN 别说了 灰太狼,negative,bilibili,鬼灭之刃
极为大胆的演出手法，对上电波时令人捧腹大笑；碎片化的小故事，却能从细节中窥见时间的流逝。整部作品都有着天马行空的想象，是写作异常的日常，但在大胆而狂放的表达下其精神内核却依然是我们一天天所经历、所幻想的日常。“我们一日日度过的所谓的日常，实际上可能是接连不断的奇迹”，故事从女高无厘头的闲聊开始，又在众人的欢笑中戛然而止，于是，这异想天开的日常还会继续，日常的奇迹会伴随一生。不过因为全无主线，26集终究过长，让人难以一口气看完。想来最适宜的，便是每日饭后慢看一两集，恰似我们的日常本身吧ep6，最上川！ep14，世界线终于交汇了！ep25，神回，虽然是蓝毛败犬，但爱情不是一切，生活里还有更多精彩的事，也会有一辈子的朋友，结尾升华泪目了ep26，名乃终于接纳了自己的“缺陷”，生日的巧合是一生的朋友造就的日常下的“奇迹”,positive,bangumi,日常
所以就原谅祥子了？什么shaboi逻辑。就她那些操作，还是人类能干出来的啊。,positive,bilibili,颂乐人偶
kon,neutral,bilibili,比宇宙更远的地方
回复 茯苓夫人 fate0那边也这样了,negative,bilibili,Fate/Zero 第一季
Kokodayo,neutral,bilibili,比宇宙更远的地方
"其他人都想Ray死，只有Zack表面说要杀死Ray，但却一直让Ray笑一个。 

  Zack砍Ray永远砍不中，但是砍别人却每次刀刀致命。 
 
emmmmmm 
靠谱！！！",negative,bilibili,Angels of Death
回复 AlitaBattleAngel 但最起码得是同类jpg,negative,bilibili,转生成蜘蛛又怎样！
回复 ATFielder 弓不是被称为弓之人渣吗,negative,bilibili,盾之勇者成名录 第三季
哈曼卡顿水晶4森海塞尔ie40pro听着老爽了！！！,negative,bilibili,少女乐队的呐喊
回复 etaus 好吧，其实我也算是纵向比的偏差），你们就当我原评论打了个空格,negative,bilibili,mygo
我是boqi（）,neutral,bilibili,转生成蜘蛛又怎样！
这下终于知道mana酱为什么放不下初华了,negative,bilibili,颂乐人偶
"本作并非悲剧，而是在注定的缺憾中绽放生命的美好，所以不会有过多的压抑或绝望。结局既感到惋惜，又感受到新生的希望。
制作组出色的叙事、心理刻画以及氛围烘托很能调动人的情绪，塑造的男女主是一对真正心意相通的soulmate。",positive,bangumi,四月是你的谎言
一股子网文味hhhhhhh,negative,bilibili,NO GAME NO LIFE 游戏人生
回复 见梦醒 就算出招了也打不过soyorin啊，今晚素天帝就要处决挺武帝步梦位居接下来战吧帝位了soyo的各种名场面回旋镖太多了,negative,bilibili,mygo
SHIN ASUKA,neutral,bilibili,少女乐队的呐喊
Nec possum tecum vivere nec sine te Odi et amo,neutral,bilibili,颂乐人偶
单程1000，往返2000rmb，弹幕这都什么数学水平,positive,bilibili,比宇宙更远的地方
致敬传奇Ob 一串字母小姐,neutral,bilibili,少女乐队的呐喊
看完觉得有点可惜，不过这样也不错吧，给不了高分，这番主要讲几个故事，然后每个故事前几集一个劲卖萌搞日常，最后一两集再开始讲核心，很明显，因为发生了人物退场，主角变迁很凸出，为什么给不了高分，因为一眼就能看穿，煽情成分也存在，很反感这个后宫的设定。不是很理解大众的“神作”DBDRaws0122全集番外SPHEVC10bit,neutral,bangumi,CLANNAD
OOOOOOOO,neutral,bilibili,颂乐人偶
"回复 那些繁華往事 小說在動畫開播前銷量60w現在150w了
不温不火",neutral,bilibili,OVERLORD
"白鲸讨伐战，算得上是从零经费输出巨高的打斗了，剑鬼老爷子的战力输出也是令人眼前一亮，虽然还是比不上某挂）
         不久前，昴被人说懦弱，说废柴，说无能时的模样。他们喜欢的是光鲜亮丽的你，而我喜欢的却是一直都努力而真实的你。从这一集里，昴开始真正的站了起来，去与那些阻挠他的困难去斗争。
         第二季即将在七月来临（原本四月，延期3个月），期待在第二季圣域篇菜月昴的表现，如果有喜欢菜月昴，并且愿意给菜月昴出力的都可以进来，裙里都是喜欢菜月昴的同好。有兴趣的可以看我简历
ps求求你们不要再打错了，男主的名字是菜cai月yue昴mao第三声，求求你们了。",positive,bilibili,Re：从零开始的异世界生活 新编集版
WWWWWW,neutral,bilibili,Angels of Death
"少革作为一部经典老番，传播思想的同时又对后世有很大影响必然是有其优点的，但作为一个讲述社会问题的番剧也是有其独特的社会背景和时代局限性的脱离了这些对她的讨论都是不合适的。作为一部手绘时代的作品，少革拥有老番都有的问题，时不时的作画崩坏，素材复用，兼用卡等但是在几原的意识流演出下很好的缓解了这些影响观感的问题。本篇的叙事手法也是几原擅长的在稀松日常中推进主题，充满象征的叙事。
但这样的叙事也带来了问题，tv中大多数元素可以有多种指向和解读，对于其所指的每个问题都很隐晦且抽象。（这点和类似的企鹅罐和百合熊岚相比更是差远了，虽然也是抽象但没那么难以理解）导致不开弹幕看解读基本无法理解其思想，但是开弹幕又很影响观感，弹幕充斥着急躁的观众输出情绪，根本没有思考过
最后，如果冲着百合来的话会相当难受，tv中有大量的雷点（学姐你好惨啊，而百合戏份和BL相比都少",neutral,bangumi,少女革命
ep1二维与cgae这些新技术的结合意外做的很好，风格统一作画也非常精彩瘾君子与伪装成孕妇的毒品携带者ep2港战ep3澳门赌场风云ep5这集的配乐很精彩ep6蛮有韵味的一集，两位寻死之人的决斗，魔童最后的遗言问斯派克是否明白自己的心情，估计也是看出来他有自毁倾向了ep7能硬抗真空血液暴沸已经超越人类了ep15年轻的冷冻穿越者遇上两个高级骗子，还挺奇异搞笑的ep17艾德个人回，追逐战作画很爽ep20作画狂飙的一集，非常之爽ep22公子哥牛仔和斯派克真是一对苦命鸳鸯我也想当公子哥，到哪都是玩哈哈ep24离别的女人小孩和狗，空留两个硬汉无声地咽下水煮蛋ep26寻死之路终于如愿以偿，最终斯派克获得了属于他的自由我不爱看单元剧，但不妨碍它是视听盛宴，菅野洋子牛B979,positive,bangumi,星际牛仔
Rewrite,neutral,bilibili,辉夜大小姐想让我告白～天才们的恋爱头脑战～
回复 下雨的声音ark OP也还是那个味  买OP送正片,negative,bilibili,盾之勇者成名录 第三季
成noita了,neutral,bilibili,魔女之旅
很真实的情感，但是太过真实了以至于没有代入感，已经不奢望那种青春力，即使看看虚构层都会觉得撕裂X第12集的情感爆发很不错但是让人很不爽的点也有，你看我推荐，我看不喜欢又蠢又坏的政治露阴癖500,neutral,bangumi,比宇宙更远的地方
金金oc,neutral,bilibili,少女乐队的呐喊
唯一一个说对的SOS,neutral,bilibili,魔女之旅
在水里ff也是力a,negative,bilibili,JOJO的奇妙冒险 石之海
回复 Carden和Cyan 上一季因为六花造的偶像，篇幅上花的钱太多了。,positive,bilibili,虚构推理 第二季
"回复 暗影之刻 web版已经用到很多了
web版被夏提雅百合了，但是没有取走贞洁，也没有把她像web版指甲刀一样变成吸血鬼，菊花被夏提雅玩坏了，后来安兹要去帝国，让阿尔谢教他跳舞，还答应了一个愿望。阿尔谢求安兹，让夏提雅把她的贞洁取走，安兹认为不是她正常状态许愿，所以保留（从后来见到妹妹，可以知道是为了活命装疯）。
下面基本只是剧情简介，我就直接复制别人的了
帝国贵族为了给安兹的祭品，两个妹妹被下了致死的安眠药送到安兹面前，安兹治好了她们，然后阿尔谢看到了两个妹妹，取回丧失了的人性，以必死的想法对安兹说，让她和她两个妹妹幸福生活下去，安兹允许了。",positive,bilibili,OVERLORD Ⅲ
Geisel（德）：人质,negative,bilibili,葬送的芙莉莲
完美粉丝福利fan service,positive,bangumi,航海王：粉丝来信
好累呀看得ghost会随着肉体改变而改变模糊的界限，阴谋和阴谋论创造仇恨连锁，让“消费”（迫害）在语境中合法和现在网络社会上一些逐渐娱乐化的东西很像呢高度信息化的时代，仇恨的挑动是否变得更简单一种思想单极化结局倒是没有吊书袋，重心变了，但平衡很好不那么sac的，赤红色与黑灰色交织的攻壳机动队延续了95对ghost的探讨,positive,bangumi,攻壳机动队 S.A.C. 2nd GIG
回复 kilikak  不行的ai补的,negative,bilibili,鬼灭之刃 柱训练篇
笑死了，这句boy,negative,bilibili,四月是你的谎言
W A S T E D,negative,bilibili,颂乐人偶
回复 AFrenchTable 空间移动者都是变态吗jpg,negative,bilibili,某科学的超电磁炮T
桑吉亚夫！Win！,positive,bilibili,少女乐队的呐喊
这一季的制作非常顶级。兵长vs肯尼（即兵长运镜名场面、立体机动装置的高光时刻，运镜天花板，4分钟烧1800万日元）；超巨型奇形种；新政府，女王登基。,positive,bangumi,进击的巨人 第三季
CS登场,negative,bilibili,鬼灭之刃 柱训练篇
第一次从农村到大城市的我belike,positive,bilibili,少女乐队的呐喊
好久没看海贼王了，大概有5年了。不知不觉对于它的评价早已从早年的热血励志到了后期的无聊水剧情战力膨胀，早已不复当年的热爱。但这个小短篇却让我从另一个角度看待这个作品，看待这部作品中每一个角色，他们每一个人其实都是那么熠熠生辉，很多也是当年青少年时代的我也崇拜过，憧憬过的偶像。为守护同伴而呐喊出的誓言，拼命战斗过挥洒的血汗，失败过后不甘与不屈的泪水，这不正是我最爱的one piece吗？随着路飞的一句“出航了”，我知道，我会永远地爱这部作品，爱着阳光号的大家，也爱着每一个奋斗着的小人物。,positive,bangumi,航海王：粉丝来信
成为职业和dd也没有什么直接关系吧 虽然27之前说过 但mmk这里应激了啊,neutral,bilibili,少女乐队的呐喊
AAA客服软糯小祥,negative,bilibili,颂乐人偶
85 似懂非懂 探讨自身存在证明与意义 赛博生命 结尾还感觉有点meta要素 在三十多年前的世纪末环境下的这个题材算超前了 而且是有些精准的预料 音乐神,positive,bangumi,攻壳机动队
I  love  so,negative,bilibili,魔女之旅
tatakai ！！！,negative,bilibili,工作细胞 第二季
平心而论啊，不去考虑逻辑，就作为一个乐子番来说演出效果还是挺好的。烂番也有高低贵贱，怎么说都不该跟京吹3坐一桌，毕竟一个看着恶心，一个看着乐笑了。收回前言，第十回看反胃了，虽说商业作品多少都含有媚俗的成分，但像这样一部纯粹为了媚俗而生的作品也是商业作中的神人了，就像是吃了全是调味料的预制菜，一点食材都没有，纯是味精。要说最近有什么作品能匹敌本作的kitsch程度，我觉得只有狒狒食肆70了。,negative,bangumi,颂乐人偶
回复 墨枳啦 性格问题，向上一步的中二boos为了证明自己不是最强花了20年，最后要征服世界,neutral,bilibili,路人超能100 III(灵能百分百 第三季)
"感觉夜神月还是放不开。他当初被监视的
时候看泳装写真没表现出任何欲望，作为
同龄人L不怀疑就有鬼了，但凡他对着镜头
玩假屌，当着硫克和总一郎还有L的面在
镜头里穿着裙子表演齁哦哦哦哦，压力好
大，考试好累啊，其实我是超级雌堕抖m
我加入调查部只是为了接近L酱”立马就可以
打消L对自己的怀疑，最后也不至于落得那
种下场",positive,bangumi,死亡笔记
"1佐久挑战月本时的心情如同武士去杀敌。表达心情的手法真独特啊，喜欢。
2但是不喜欢一格一格显示特写
3peco因震惊自己拍的超可爱乒乓女孩铜像竟然是老太婆而产生的大眼睛超可爱！
4就是借乒乓这个载体展现不同的人在面临人生难题（因为是在乎、全力以赴做的事，所以它出问题就是人生出现难题）时的处理办法。挺一般的，不知道为啥这么高分。看还有人写说这是给每个人的人生史诗，拜托，你知道啥是史诗么？最讨厌这种写不明觉厉感想，实际想法简单肤浅的人。说人话不行么？
5ed真好听",neutral,bangumi,乒乓
这是osdd变did了吗,neutral,bilibili,颂乐人偶
hhhhhhhhh,neutral,bilibili,JOJO的奇妙冒险 黄金之风
"全篇最遗憾的一点就是13集的叙事量不足以支撑起由人物叙事到团队情感叙事的突变。
双菜也就是贯穿全文的纠葛以一个nina突然成长大彻大悟想通了还是有些变态，只怪大家似乎都太亚撒西没有能发泄的对象了，理性来说，我认为这条线算是小烂尾了。似乎还是更想看羁绊最深的mmk和钻尘的对手戏，或者小智lupa的过去经历，互动桥段等等，只能期待似乎根本就没有考量过的第二季了，最后断章还保留在钻尘伟大，甚至无法预测刺团下一步发展的位置还是有些微妙的。
该说3D效果也太流畅了，业界顶级水准了，配合8集这样的神回和耐听好听歌词还有深意的OP、ED和插曲，唯一可惜的就是最后一集的一半Live了。非常感激能有这样一部少女乐队番，不单单为了吸引眼球来选择爆点，只是做好应该做的内容，这样就是单纯的确幸和美好了。
OS：OP最后那段打歌服怎么不上正片T T，纯白小智太可爱了。",neutral,bangumi,girls band cry
mua,neutral,bilibili,约会大作战 第四季
回复 Im萨姆 嘶会长没跟藤原在一起，emo了吗,negative,bilibili,辉夜大小姐想让我告白 -究极浪漫-
回复 Mywife 我相信迟早嫩个动画化,negative,bilibili,辉夜大小姐想让我告白～天才们的恋爱头脑战～
回复 织田YoKiXi 关我碧事,positive,bilibili,关于我转生变成史莱姆这档事
前期的叙事相比一期好太多，但到后边拖沓流水账的老毛病又频频复发，最终话整个泄气。除了ep1的换视角引入和ep10小出卓史灵活的影像调度以外，其余都只能称得上中庸，优秀的制作兜了太多底。若说前作还能在冒险中窥得一丝探索未知的韵，那么本作圈定在固定地点的事件性故事展开则将其完全扼杀了。土笔的世设还是值得肯定，初入生骸村时也确实有被这个舞台吸引到，但剧作面则完全不敢恭维乃至令人作呕。主角刻画缺失，后期美美隐身，设定轰炸和猎奇私趣输出过犹不及，故事本身也建立在作者私趣之上，虚头巴脑的点子发散完后只剩闹麻，在一切尘埃落定后再经由旁白之口作孱弱的主题表达，“望乡情怀”和“人心光辉”云云真的有好好传达给观众吗？开什么玩笑。,negative,bangumi,来自深渊 烈日的黄金乡
剑星logo惊现,neutral,bilibili,魔女之旅
s属性大曝发sleep,negative,bilibili,鬼灭之刃 柱训练篇
换算人民币大概4W9，对于中学生也算相当大的数字了,positive,bilibili,比宇宙更远的地方
回复 乌洛波洛斯Ouroboros 急出爆炸头,negative,bilibili,徒然喜欢你
回复 recluse221b 打完了 姗姗来迟 “上六是最弱的”,negative,bilibili,鬼灭之刃 游郭篇
忍不住了HHHHHHH,neutral,bilibili,比宇宙更远的地方
我家在碧桂园抱歉有被cue到,neutral,bilibili,比宇宙更远的地方
3D打2D,positive,bilibili,Fate/Zero 第一季
V1抬,negative,bilibili,比宇宙更远的地方
回复 kilikak 我也是网上找的，还有很多这样的,negative,bilibili,鬼灭之刃 柱训练篇
神中神二编受最近国际形势与新闻影响，又重温了一遍，这次也决定把Gig看完了。个人最佳单集是ep10跟ep15。ep10是一个优秀的反战单元回，原型是美国在越战的“凤凰计划”；ep15则更集中于“ghost”这一主题，我们想要机器拥有智能，可机器拥有了意识，即ghost后，又会如何？拥有ghost的机器还能称之为“机器”吗？本作的主线也很有意思，笑面男事件中的药企使用微型机械疗法治疗机器硬化症（但是事实上这毫无效果，反而还有副作用），药企们从该疗法中赚得盆满钵满，而病人则一个一个死去（不由让人联想到某疫苗）最后用笑面男的一句话来结尾吧我曾经想过变成一个堵上眼睛和耳朵，缄口不言的人，我应该这样做吗？,positive,bangumi,攻壳机动队 STAND ALONE COMPLEX
9。不败的天才自此逝去，不屈的帝皇从此诞生！以真实的曲折赛马史为基底，艺术化串联比赛内外进行改编。第一次和第三次挫折以及有马上奇迹复活的演出与情绪渲染太顶了。ep10、12、13三次热泪盈眶，补完现实中“奇迹的复活”之后，更泪流满面。三次挫折虽然套路类似，却不显重复，反而更突出羁绊，无论是与麦昆彼此救赎、训练员引导支持，还是与队友甚至对手间的鼓励。印象最深的是ep10麦昆说的奇迹一定会发生希冀奋起之人身上，这句话不仅拯救了帝皇，也拯救了麦昆。ep7 8米浴支线演出不错，嘘声挑战者的勋章。ep10双涡轮“这就叫永不放弃”不仅是对帝皇，更是对观众的呐喊。ed随剧情推进每次都有不同感受，ep12换唱更显感动。没想到一部热血运动番让我想起时就止不住落泪，或许这就是独属于赛马娘的浪漫吧,positive,bangumi,赛马娘 Pretty Derby 第二季
fIag是什么意思？,neutral,bilibili,鬼灭之刃 游郭篇
COD4开局,neutral,bilibili,比宇宙更远的地方
不知道为啥，cp感满满,negative,bilibili,约会大作战 第四季
回复 LORZCHINA 现在有了b漫，已经升级了,negative,bilibili,辉夜大小姐想让我告白～天才们的恋爱头脑战～
ave mujica,neutral,bilibili,魔女之旅
"我对flcl的喜爱其实是没有什么标准化的理由的，一共六集的ova动画，它所描绘的世界有些短暂，它作画一流，分镜极具想象力，它也有一些热血或说是一些感动，但这都不足以使它成为我最爱的ova作品。
flcl的核心既不是成长的阵痛，也不是对于青春的赞歌，而恰恰只是fooly cooly这两个单词罢了。
对待情感以及生活中的一切，其实笨拙一点也是可以的。对于青春期的孩子，有时想要变得成熟如同大人一般，要与其他同龄人不同，要对事物持有一种深邃的理解与看法，可青春就是笨拙的时期，喜欢什么就大胆地说出来吧，有什么想坚持的事情就死脑筋地坚持吧，对自己的幼稚就不甘心的承认吧。笨拙一点也是可以的，它是青春期最珍贵的色彩。笨拙的青春中才有奇怪的大姐姐Haruko路过，才能驾驶帅气的机器人Canti打倒所有问题。笨拙之中慢慢生活成长，那把Haruko的旧贝斯时刻弹动。",positive,bangumi,FLCL
"回复 pikayuu 咳咳咳
哈西累搜ni友
卡贼no有偶你
茨gi米哈啦我
怕多路怕多路",negative,bilibili,辉夜大小姐想让我告白 -究极浪漫-
华丽哥快来啊TwT！！！,positive,bilibili,鬼灭之刃 游郭篇
你就是老娘的master吗？,neutral,bilibili,紫罗兰永恒花园
aDB,neutral,bilibili,比宇宙更远的地方
好像lego,neutral,bilibili,比宇宙更远的地方
"这番的两个主题
1有没有WiFi？
2胡萝卜辣不辣？",negative,bilibili,干物妹！小埋R
iPhone 6,neutral,bilibili,比宇宙更远的地方
没有人在乎flcl在讲一个什么故事就像没办法用一个词将混乱的青春期具象化故事在这里只是搭建了一个能让the pillows永不停息的音乐和GAINAX一众如今耳熟能详的演出家挥洒才华的舞台看这片最合适的场景应该就是在湿热粘腻的热天午后听着电风扇的嗡鸣一边拉扯着被汗黏在身上的背心一边烦躁地看着电视屏幕感受这场狂野的磁暴,positive,bangumi,FLCL
爱音：你俩组乐队后mago好像多了一个人捏,neutral,bilibili,颂乐人偶
2刷ovo,negative,bilibili,Angels of Death
nina要玩zzz,positive,bilibili,少女乐队的呐喊
emmmmmm,neutral,bilibili,比宇宙更远的地方
不是报酬给卡bug卡没了是吧？什么r星操作哇,negative,bilibili,魔女之旅
miku！？,neutral,bilibili,少女乐队的呐喊
undefined,negative,bangumi,哆啦A梦 大山版
回复 Christianlp 真的吗哥  那挂个梯子能看吗,negative,bilibili,OVERLORD Ⅲ
Death Note 完美诠释了智斗天花板 前期L和夜神月的推理决斗简直太精彩了 感受到前所未有的神作级的智斗  L死之前真的看完一集还想再看一集 可是在L死之后 就感受不到前期的氛围了 总感觉少点什么  但仍然烧脑（我查了豆包好多次问为什么）,positive,bangumi,死亡笔记
回复 mattmaty1 23333,negative,bilibili,青春猪头少年不会梦到兔女郎学姐
当季甚至2024年最喜欢的番，虽然2025年的现在已经无力再关注各路少女乐队的消息了，但gbc肯定会在我的记忆一角长久地留存下去。,positive,bangumi,girls band cry
熟悉的bgm,positive,bilibili,国王排名 勇气的宝箱
naive,neutral,bilibili,碧蓝之海
"第10集副标题为拉丁语Odi et amo 标题译名：爱恨交织 
短语释义：爱恨交织。
字面含义：又恨又爱。
该短语出自古罗马诗人卡图卢斯所作的《歌集》第八十五首，内容如下：
d et am Qur id faciam fortasse requris
Nesci sed fier senti et excrucior
中译：
我又恨又爱。你或许会问：“为何如此？”
我不知道，但我感觉如此，且备受煎熬。

这是卡图卢斯写给他的情人莱斯比亚（Lesbia）的一首诗，表达了自己矛盾复杂的感情。
“莱斯比亚”通常被认为是卡图卢斯臆想出的人名，实际原型指克洛迪亚梅特丽（Clodia Metelli），一位贵族家庭的成熟风流女性。卡图卢斯现存的116首诗歌中有25首与“莱斯比亚”有关，并且描绘了二人关系的几个阶段：最初的欢愉、怀疑、分手、分手后的失落痛苦。
在卡图卢斯的诗歌中，除了卡图卢斯本人之外，还可以举出至少五个“莱斯比亚”的情人。卡图卢斯无法放弃对“莱斯比亚”的热情，渴望与其建立深厚且长久的关系，但“莱斯比亚”却对此漠不关心。卡图卢斯在虔诚而炽烈的爱情，与对“莱斯比亚”公然不忠所抱有的尖刻、轻蔑的侮辱之间摇摆不定，即所谓“爱恨交织”。

有关live歌词中“没有后发的福尔图娜”，详见专栏扩展阅读部分

也记得关注我们哦",positive,bilibili,颂乐人偶
給湯淺政明及其staff脫帽致敬,positive,bangumi,乒乓
回复 Bella320 谢谢你,negative,bilibili,碧蓝之海
艾米莉亚说过，希望菜月昴支持她。所以为此，菜月昴来到了这里。“艾米莉亚。你在试炼里看到了什么，愿意告诉我吗？”“”切断对平静温和的气氛的依依不舍，对于切入主题的菜月昴，艾米莉亚屏住了呼吸。兰紫色的眼睛里悲痛的颜色扩散开来。在她被悲伤冲走前，菜月昴继续说道。“试炼会让人看到过去，这是琉兹桑们那打听知道的。对于挑战试炼的人而言是最难受的过去你在痛苦着的理由是因为这过去吧。”通过用从别人那听到的说法，菜月昴隐藏了自己挑战过试炼的经验的事。已经失去资格的现在，如果说出和艾姬多娜的邂逅的话只会招来混乱。而且现在，为了艾米莉亚想要把自己的感情全都倾诉出来。“你说你希望我支持你，我真的很高兴。所以，我想成为你的量不是变得自以为是，而是想好好的帮助你。所以，我想知道你的烦恼。”“菜月昴”“说出来就会轻松的，我不会说这种安慰的话。但是，如果说出来的话就能一起烦恼。虽然不知道能不能起到什么作用，但是，可以给我和你对抗相同的敌人的资格吗？”代替艾米莉亚，与降临在艾米莉亚身上的苦难战斗的资格已经失去了。所以菜月昴希望能获得在艾米莉亚疲惫的时候，被她依靠的资格。“”不知所措一言不发的艾米莉亚。菜月昴静静的等待着他的回答。艾米莉亚晃动不定的眼睛说明了她内心的激烈纠葛。困惑和犹豫，罪恶感和自我厌恶，各种各样的困恼在艾米莉亚内心翻滚乱撞着。但是，最终艾米莉亚闭起眼，“菜月昴菜月昴，对我的事，会相信”本该继续下去的话没有从艾米莉亚的口中说出来。怀疑真挚的向自己诉说之人的信赖，她的高洁不允许自己有如此卑鄙的想法。曾经菜月昴所无法忍耐住，向艾米莉亚发泄自己的自以为是的行为，不能允许自己这样的卑鄙行为。（应该就是形容在王都里菜月昴决斗gg了后和艾米莉亚吵的那种行为）“我我看到的过去，我想，大概是，我沉睡前的记忆。”张开眼，艾米莉亚一点一点的开始说起来。,positive,bilibili,Re：从零开始的异世界生活 第二季 后半
tgw,neutral,bilibili,颂乐人偶
那么问题来了 已知推力F g10ms 求加速度 以及动摩擦系数,negative,bilibili,鬼灭之刃 柱训练篇
堀京子Oo幻视,neutral,bilibili,四月是你的谎言 粤配版
花了大价钱培养的top5当然会担心,positive,bilibili,关于我转生变成史莱姆这档事 第三季
wuzhiy,neutral,bilibili,间谍过家家 粤配版
爱音：Hello，我还在,positive,bilibili,颂乐人偶
aph突然探头,negative,bilibili,四月是你的谎言
I AM NIKON！,negative,bilibili,颂乐人偶
12KG巧克力会使人心动过速而去世,positive,bilibili,约会大作战 第四季
回复 Frencisa 哈哈，天给他染的金色头发,negative,bilibili,鬼灭之刃
rewrite,neutral,bilibili,比宇宙更远的地方
coke,neutral,bilibili,Fate/stay night [Unlimited Blade Works] 第一季
77分，好看的少女乐队番，需要第二季多来点live,positive,bangumi,girls band cry
metalica和megadeath还行，说谁是马大卫呢（,neutral,bilibili,少女乐队的呐喊
"特定人群对攻，客观而言制作水平也确实到位，分镜演出伏笔回收文戏对白人设回撤都做的不错，但确实不适合放到大众面前审视，看不惯放大美少女缺点塑造人物也就是女人吵架之情节的人可能只会觉得闹麻了，并且把部分矛盾放到下一季处理的方式也有点取巧，现在第2季烂了，mygo也就必然遭到了反噬
并且我总觉得自mygo以后女人吵架的动画就越来越多了，虽然以前也有不少，但近两年明显增多，有点审美疲劳",positive,bangumi,mygo
回复 M1加德兰 666,negative,bilibili,OVERLORD Ⅲ
靠一个个单元剧逐渐构造出一个细节丰富的科幻世界观，总体表达也相对有一些深度（也许各个单元剧也是一种stand alone complex？），角色们也更富有人情味一些。作为主线的笑脸男事件的尾部总感觉有点不尽兴。,neutral,bangumi,攻壳机动队 STAND ALONE COMPLEX
失去了真心为你的实验性，落入商业爱情动作片的俗套，新世纪的人们都变得温驯了，好像他们为过去的自己所作出出格，先锋，斗争性的事情感到尴尬，他们觉得21世纪的大家已经变得成熟了，应该满足拥有充足的物质然后快快乐乐地生活。另外你ED怎么还在beautiful world？,neutral,bangumi,福音战士新剧场版：破
lu宝,neutral,bilibili,少女乐队的呐喊
GTR的小曲,neutral,bilibili,少女乐队的呐喊
我给sac7分因为主线好歹有趣，cb顶多6分，观看到最后对我来说只是一个第24集，还是那句话单元无聊透顶，对了，有一说一那集同志写的还算不错，加一分给菅野洋子的音乐,neutral,bangumi,星际牛仔
这对吃cp向的出来，我保证打死,negative,bilibili,Fate/stay night [Unlimited Blade Works] 第一季
prpr,neutral,bilibili,少女乐队的呐喊
十七岁的小孩姐，带着乡下人的拘谨、年轻人的鲁莽、音乐天赋和尴尬的25D造型只身来到东京闯荡，前两集展开了一幅多么值得期待的图景。可后来发现她只是个表演型人格，用夸张的肢体语言模拟背后老头编剧的虚无幻想。 第九话钢琴姐时而说吉他不行，时而指责编曲，但从来没发表过一点建议，甚至从未指出过问题具体在哪（在她自己的回忆中同样如此）。这一定程度上反映了整部虚浮作品的缺陷，对自己批判的事物、理念丝毫不了解，想表现的只有态度，其种种叛逆争吵都属于网易云播客小团体对职业音乐人的意淫。 我认为不登校对女主最大的影响就是让她素质极低，或许编剧觉得与人交往中的礼貌、尊重、体贴有辱角色个性，可上述品德恰恰是个人十分看重的。我比较欣赏鼓手的性格。 要给mygo道歉，不该批评那部动画，真和解了。,neutral,bangumi,girls band cry
"0026 走廊时间加长（为了显示小说中走廊的确很长）
0245 OP删除特效翻译只有汉化（下次不赘述） 人员表个别更变
0413 OP后整集音轨比老版快03S左右
0720 幼女翻译变成了小女孩（？）
2250　原ED神插入
2247 原第四集结束 罗兹瓦尔邸的团聚
2547 原版RE0logo上线，新编为黑幕
921 切换剪辑变化 视角平移优化，看起来更为流畅
4003 摸狗特写增长（暗示）
4333 emt特写时间增加
4443 ED归回！这次选用了跟人员表相似的字体，人员表变动（作画监督增加一位，新增了白狐社新增4位成员、和宣发人员变动等）
4558 优化了画面过度，不会被大半夜A1高闪了！
4613 府邸特写和灯特写镜头变长
4656 足控福利镜头增长
4735 发病开始剪辑节奏变化
4843 取消暗牧可以看见486被蕾姆打飞的胳膊了
PS暗牧是指黑色马赛克，圣光指白色
4905 暗牧范围变小（和原版对比可以大概知道这个球形马赛克就是）

这次为了修复时间轴传送门，失手删了评论，导致重新看了两遍所以晚了
希望大家观影愉快，RE0的手游玩家们顺利出货",positive,bilibili,Re：从零开始的异世界生活 新编集版
面包：你nn的，士可吃不可辱,negative,bilibili,紫罗兰永恒花园
ed真的很好听,neutral,bilibili,Fate/Zero 第一季
， 更新了,neutral,bilibili,总之就是非常可爱
nononono,neutral,bilibili,鬼灭之刃 柱训练篇
前面开hq的你等着,neutral,bilibili,四月是你的谎言
直接O39。哎,neutral,bilibili,鬼灭之刃 刀匠村篇
牙医shake it啊，这里是白学家老巢吗？,neutral,bilibili,约会大作战 第四季
还在Go,neutral,bilibili,少女乐队的呐喊
C D 人,negative,bilibili,JOJO的奇妙冒险 石之海
kokoro）,neutral,bilibili,颂乐人偶
感觉打个平shku,neutral,bilibili,四月是你的谎言
面包：你约会就约会撕我几个意思，我是黑si吗？,neutral,bilibili,紫罗兰永恒花园
"真正的4d追番体验。
看着反复上演的强化人悲剧，神人队友白给，tts图图平民，老兵为了保护新人陨落，卡缪没疯呢我先要疯了。
不同于0079基本上是看骡子无双的爽片，z就是不断地迷茫不断地失去不断地痛苦，最终在所以角色死的死疯的疯后留下一地鸡毛什么也没有改变。
最后ed的开朗的花出来，比边缘行者杀伤力还大。",positive,bangumi,机动战士Z高达
EVA TV的BDRIP我分别收了Fussoir压制的126集和AIRaws压制的2126集，但是直到现在我都分不清诸多EVA的TV版本哪个是哪个。,neutral,bangumi,新世纪福音战士剧场版 DEATH(TRUE)2/Air/真心为你
单集上下限差距太大的一部tv 37100,neutral,bangumi,银魂'
去年8月1号看了一集，然后今年3月6号开始2天就补完了。前期无论是主题的深度，还是多线的叙事，悬念的布置，都是相当出色的，更重要的是，作为一部长篇连载作品，它没有烂尾崩盘，这在现在可以说是太难得了。缺点就是这么长的集数，越到后面就越觉得有的剧情显得拖沓，某些人物塑造感觉毫无必要，而且前期那些深刻的主题在后面涉及的越来越琐碎无聊，本来国家的强力，笼罩在民众头上的阴谋逐渐变成了he里那种需要打倒脸谱化的反派。我觉得光看前期的剧情，是值得9分甚至往上的。,positive,bangumi,钢之炼金术师 FULLMETAL ALCHEMIST
"回复 Alex06826 因为妹妹把会长给他的钱都好好的存起来了
我不是有意剧透的",neutral,bilibili,辉夜大小姐想让我告白～天才们的恋爱头脑战～
ED后正片,neutral,bilibili,四月是你的谎言
松cung4茸jung4,negative,bilibili,间谍过家家 粤配版
oi！咦色耶,negative,bilibili,Angels of Death
让我想起madao,positive,bilibili,异度侵入 ID:INVADED
98。202595为写文案重温。川元利浩的人设真好看啊。渡边、冈村、山内、武井良幸回最佳。骨头社的起点。bepop，简单地吹奏主旋律后便迎来一大段近乎和主题毫无相似之处的长篇即兴演奏；它是这艘船的名字；是船上的人的生活态度的象征；也是CB主线穿插大量单元回的结构。由内而外，由浑然一体。这就是渡边独一无二的，把音乐的创作“构成”融入叙事构成的感知力。其配乐的选择手法也在CB中大成。e1213，DO YOU HAVE A COMRADE？这是渡边早年作品中一定会有的表达对社会边缘人物的关怀。CB的时代背景是五十年前的空间门事件，这一点非常重要却长期为人忽略，正是这样的背景才能塑造出一群与时代的剧变格格不入却潇洒地恪守自己美学的人，甚至包括牛仔安迪和Ed的父亲等人。see you space cowboysomedaysomewhere,positive,bangumi,星际牛仔
没头脑和不高兴wwwww,negative,bilibili,Angels of Death
回复 麻豆卡密安兹首字母az编号为1和26，126154411组合为114514，安莉首字母编号为1和12，1234，（31）4114514是114514 论证完毕     QED,negative,bilibili,OVERLORD Ⅲ
lxxsazfvc,neutral,bilibili,转生成蜘蛛又怎样！
mu,neutral,bilibili,比宇宙更远的地方
强力加盟IPX,negative,bilibili,比宇宙更远的地方
我在等技能CD，你在等什么？,positive,bilibili,少女乐队的呐喊
怎么有种P5的感觉,neutral,bilibili,约会大作战 第四季
回复 zeroeven 其实还是有点奇怪的，咒术回战里的战斗系统突出一个“公平”，有得必有失，他爹甚尔逆天的肉体能力是靠献祭了所有的咒力得来的，伏黑惠的咒力这么强还这么抗揍其实不科学，比较合理的解释应该是靠咒力抵挡了部分伤害,negative,bilibili,咒术回战
这里是MTF阿尔法1，RRH分组。确认一起1682惨案，完毕。,negative,bilibili,工作细胞
回复 C3mffs 啊！快看看这个精彩的发言，虽然没有任何字体，有句名言说得好无声胜有声想必这位发言者心里十分复杂，千言万语道不尽心中的欢悦，加减乘除算不尽你现在嘚瑟的分钟，这位同志一定是欢悦上有着惊讶，老夫掐指一算，你现在也许还说着bilibili万岁,positive,bilibili,OVERLORD Ⅲ
富野的片子里比较吸引我的其实还是人物的塑造，而用抽象手法表达的那些偏向思想性的东西，以我现在的欣赏水平，还真不知道该怎么评价好。最后看着全员裸飘，看着孕育生命的大海浪呀么浪打浪，恍惚觉得这其实是个GOOD END。,positive,bangumi,传说巨神伊迪安 发动篇
回复 LearShelfy 这是冰川纱夜（小声）,negative,bilibili,颂乐人偶
回复 Death 好的,negative,bilibili,魔女之旅
回复 VovR 前篇是ihg甩给自己的子公司，后篇是亲自出手,negative,bilibili,命运-冠位指定 -神圣圆桌领域卡美洛- 后篇 圣骑士银之臂
"偶像是什么？我相信大多数人都会回答，无非就是站在舞台上Kirakiradokidoki的存在啊，而在偶像概念逐渐被解构的今天，这种纯粹的理念淡化，但我相信最初的这份感动是永远不会消逝的。
王道即使过了十多年仍然是王道，那份梦想的光芒不会褪色。
至今看来仍然算优良的制作，高质量的音乐，即使有的地方仍看得出时代限制，但的的确确是良心之作",positive,bangumi,偶像大师
本集中出现了海老明送来的秋田稻。而之前就有日本商家打着“海老明家的米”的旗号，300g左右的大米售价450日元。。。（好放肆）,neutral,bilibili,干物妹！小埋
疑似使用Al,negative,bilibili,少女乐队的呐喊
回复 JoserMJ zcy902配的,negative,bilibili,间谍过家家 粤配版
回复 点子王冯大蠢 hhhhh原来你也看过,negative,bilibili,间谍过家家 粤配版
c姐你对zack好点要死啊,negative,bilibili,Angels of Death
Way,neutral,bilibili,颂乐人偶
at立场全开,neutral,bilibili,颂乐人偶
回复 Gabriela 热评的热评的热评的热评,negative,bilibili,鬼灭之刃 无限列车篇
虽然mujica烂完了，但身为邦邦人以及看在第3集第10集两个神回的份上我还是愿意给9分的。,positive,bangumi,mygo
"完结撒花，最后一次刷wifi了；；
五毛空耳，需要自取
坐等第二季

有木有wifi有木有wifi
有而且耐用五毛的！
有木有wifi有木有wifi
有而且耐用五毛嘞！
一直淡定坚信着物都一样烧饼当网线
我懂，我懂，但那心唯有奥特曼
命难于鸡汁咖喱难以用力
一朝又崛起萌动来！


耳机没了，哭都搞不定
就猛叫，多点可乐，可闹心的
大哥本子呢！我的激萌电影！
他说看不到，你那没？可惜哟
当天趴下哭饶，可是忘了他不答应
阿鲁！哭诉让他玩，有理都含泪
打联盟，肝不动呀，要不，看北京JK
好啦！肯看，不哭打啦狠心的！
上空大，行，有我
一直断电，姑奶奶啊上边弄啥，来物管吧
只等，只等，game玩多我都急
欧尼酱玩起鼻息点灯
骑头，骑头，又弄熄灯鼓了掌呢
我告麻麻吼不带你玩
待你死定了无赖该戏
有木有wifi有木有wifi
有而且耐用五毛的！
有木有wifi有木有wifi
有而且耐用五毛嘞！耶！
嗨！爱戏妹！",negative,bilibili,干物妹！小埋
NA NA,neutral,bilibili,四月是你的谎言
"最开始看第一季的时候尚属懵懂，转眼已经是工作数年的大叔了。
身上浓烈的色彩被冲淡之后，明明看的是nextpart的剧场版但仿佛是在怀念过去。。。",positive,bangumi,辉夜大小姐想让我告白 通往大人的阶梯
前面pale blue等等我,negative,bilibili,少女乐队的呐喊
回复 bili71436214068 其实波吉他今年22岁了，不能说心智不全，只能说是巨婴,negative,bilibili,国王排名
penpen哈哈,neutral,bilibili,比宇宙更远的地方
教官没事找事时就像belike：,negative,bilibili,魔女之旅
go work,negative,bilibili,Angels of Death
回复 云的彼端Sola 他后面做了啥，好奇u 」,negative,bilibili,Re：从零开始的异世界生活 第二季 前半
回复 动漫爱好者trample 大电影就是的，但番剧的话就不知道了,positive,bilibili,间谍过家家 中配版
"大家都不知道上集那段法语说的什么吗？我再来说一遍，听仔细了」
一一一一一一
lt  15
一一一一一一",positive,bilibili,辉夜大小姐想让我告白～天才们的恋爱头脑战～
Cos锖兔在义勇房间里待一晚上，啥都解决了。,positive,bilibili,鬼灭之刃 柱训练篇
回复 AlitaBattleAngel 不懂就问xp是什么,negative,bilibili,转生成蜘蛛又怎样！
dom,neutral,bilibili,颂乐人偶
"有一位魔女坐着扫帚飞在空中，灰色头发在风中飘逸 
这位像洋娃娃一般漂亮又可爱 
连夏天的当空烈日见了都会放出更炙热光芒的美女 
究竟是谁呢 
没错 就是我 

屑之魔女 伊蕾娜
Kizuna AI 得意脸Kizuna AI 得意脸Kizuna AI 得意脸",positive,bilibili,魔女之旅
Wow,neutral,bilibili,约会大作战 第四季
20251102影院重看。为了“不再下坠”，抽离了一切沉重，“忘记了哪怕是麻木的感觉”，放弃了哪怕是最基本的愤怒，既不再有eoe那暴烈回应的摄魂，也不再是Q开头那般梦碎后的失重，只是为了如此软绵绵的和解？不再相信虚构，不再向下坠落，如果这就是大资本家庵野秀明对改变自己一生的创作给出的答案，那我即使相信神，也不会相信你。看在《VOYAGER》和《one last kiss》的份不打一星了。,negative,bangumi,新・福音战士剧场版：终
对于问题的探讨和世界观下故事呈现很有趣，在2029年的新港式高楼耸立密集，在城市的边缘底下，草薙素子目视着那个被植入虚假记忆的没有ghost的傀儡；当一切源于自身的实体乃至大脑消失，被义体取而代之的时候，自身的存在是否已经被消解？追寻现实的意义到底是否还存在这一议题的同时，现实存在本身也是虚化的，两个矛盾却又相融的概念在消息的洪流下变的愈加模糊，当抛开这些问题潜入黑暗的水底后以一幅重生的姿态浮起，现实的朦胧却又铺面袭来，再次穿梭于楼层间的景观便是双眼所视之现实，同时还看到另一个不存在于现实但也存在于可能性中的自己，所有的无解题在傀儡师的出现后出现转机，哪怕是九课和六颗间还在博弈，素子在危机关头还是坚定选择与有着自己影子的傀儡师连接，探寻那个关于存在的答案，互为实体与虚线的两人最后融为一体，流入庞大的网络里,positive,bangumi,攻壳机动队
几年前看完s1化杜牧一句诗作为短评，现在看来，反倒是s2更符合“人歌人哭”四字，甚至有一集就是讲的水上村的故事。比起人与自然的关系，本季更注重人类社会内部之间的互动，很多故事里虫随便换个别的什么怪力乱神的东西也毫不影响故事本身，这或许是想象力有所衰退的体现。,negative,bangumi,虫师 续章 第2部分
虽然人的xp是自由的jpg,positive,bilibili,转生成蜘蛛又怎样！
回复 hjb199706如果哥哥很完美的话应该不会嫌弃吧，整天看番打游戏的就,positive,bilibili,干物妹！小埋R
money money money,neutral,bilibili,比宇宙更远的地方
回复 修改昵称花6块 秀啊兄dei,negative,bilibili,碧蓝之海
才29w我还以为92w呢,neutral,bilibili,少女乐队的呐喊
Awsl,neutral,bilibili,比宇宙更远的地方
回复 Fircle 这个吧考虑到他情况比较特殊，可能真的一沾枕头就着了吧,negative,bilibili,辉夜大小姐想让我告白～天才们的恋爱头脑战～
how pay,negative,bilibili,比宇宙更远的地方
回复 烈酒扶苏 这番唯一比RE0好的地方就是有强力帮手，除此之外无论轮回难度还是反派强度都远胜于RE0,positive,bilibili,夏日重现
Crychic雾）,positive,bilibili,少女乐队的呐喊
学长：NM,positive,bilibili,四月是你的谎言
看着弹幕的各位，我该害怕吗？还是该磕CP？,neutral,bilibili,Angels of Death
回复 kaiserworld 因为来的晚吧,negative,bilibili,JOJO的奇妙冒险 黄金之风
npc：诗人？,positive,bilibili,鬼灭之刃 柱训练篇
我这辈子都忘不掉Ave mujica了,negative,bilibili,颂乐人偶
登录第2天即可领取mmk的电吉他,negative,bilibili,少女乐队的呐喊
回复 Mr丶绅士 我看了好几年番了，从城市猎人、鲁邦三世到eva、gto，从犬夜叉柯南到死笔野良神，再到宅腐恋这种相对小众的番，国漫就更不用说了，也算看过不少，我也不知道。,negative,bilibili,咒术回战 第二季
这季度好像用了很多背景过度曝光的演出，上季度没怎么用来着。ep2、7、8、9印象深刻。声演出还是无敌。,negative,bangumi,虫师 续章
没人关心你上一部看的啥 ky烦不烦,neutral,bilibili,四月是你的谎言
ep8 ep11 ep15不错ep1819政变演的什么玩意，违和的没眼看，这作品根本就不适合演这种严肃且不能细究的政治戏，既没有体现人物所拥有的格局，也没有展现任何人物深度，就显得某些人物的人设转变很蠢很难让我接受，跟前面集数所表达出来的核心看点和价值完全背刺，纯纯恶心人的脚本设计ep20 小丑是谁呢好难猜啊ep21 总算开始回到正轨，看最后这几集能不能挽回一点观感吧ep22 挽回个屁，政变失败落几滴鳄鱼的眼泪被打一拳就屁事没了？还有奇侬恋爱脑发力什么责任都不用负美美隐身脱罪，不会写政治能别碰吗？这两个人的人物塑造真菜得发瘟这恶心人的结局到底燃在哪？？？？？？对我来说ep17就已经结束，终究是一场空，再也不见,neutral,bangumi,天元突破 红莲螺岩
"回复 IllIllIlIllIIIl 重点不在这个六啊喂！！这喰怎么读啊！！？
哦洗海带哟",negative,bilibili,约会大作战 第四季
xswwl,neutral,bilibili,转生成蜘蛛又怎样！
回复 ccjiade巢儿,negative,bilibili,名侦探柯南
ed和op都好听啊,neutral,bilibili,四月是你的谎言
回复 kotori2525 小说改,negative,bilibili,因为太怕痛就全点防御力了
"毫无疑问的神作
这是一部最不含有机动警察元素的剧场版（反正tv看的也够多了）
本片有大量军队作画，对于军事迷而言，是不可多得的盛宴
作画上特别具有线条感，丰富的张数加上这流畅度，是它神作的原因之一
本片剧情主要聚焦于柘植所在的组织所引发的“战争”，含有较多政治戏，应该还算好懂。它剧情处理上很厉害，虽然文戏很多，但又不冗长，但又不难懂，但又保留了一些思考的嚼头
在这片诞生的年代，正处于昭和年代的末期，是最后的狂欢时刻。经历了战后几十年的发展，新一代日本人沐浴在和平的光辉下，与过去战争的疏离感越来越强。而鸭子在这片里提出的“虚假的和平与虚假的战争”“不光荣的和平与光荣的战争”则是糅合了他对这个时代的叹息。这也是本片至高观点：珍惜和平",positive,bangumi,机动警察剧场版2 和平保卫战
v我50即可观看疯狂星期四,neutral,bilibili,颂乐人偶
回复 某站的小B nonono。后面几乎删改透了。动画党啊。你接着看就知道了,positive,bilibili,我的青春恋爱物语果然有问题。完
"空条承太郎
       LV6
白金打印机  已解锁
 流星指刺     已解锁
白金吸尘器  15级解锁",negative,bilibili,JOJO的奇妙冒险 星尘远征军
少女，你有练poppin的潜质,positive,bilibili,比宇宙更远的地方
小b你他喵连字都掐，你已经不是以前那个小b了,neutral,bilibili,约会大作战 第四季
为什么能这么高rank100最多了吧,negative,bangumi,灌篮高手
鳄鱼老师：oK OK,positive,bilibili,鬼灭之刃 柱训练篇
还有一点，OP实在上脑，太上脑了，脑内360度24小时循坏播放，就说上脑不上脑（尼玛）,negative,bilibili,异度侵入 ID:INVADED
1000！嘘该来的都来了，车力巨人你tm的能不能有点政经理解能力？脑子真不算大，唉，不过，这并非最重要，唉，历史，非霸权资本主义，网右政治演出，一群虫豸！只能说抗冻的该洗牌了，该务实的也别想着新自由了，作为一名精德日法雅典，不含任何政治要素，给自己说笑了 看着欧日这群废物，唉外汇，美债，基础工业，拧巴政策，走了这么久弯路了，该回升了，但我始终是没看到思想的转向，只有历史阶段的又一次团块，消失是该消失了，但还是缺少一位新时代的丸山，柄谷这样的大能，现在大方向都是对的，但这是根本的问题。新世纪以来，绝版角色是为数不多干了点实事的总理，再加上年轻人本来就看不惯那些平衡党和稀泥和背后既得利益者，更别说黑金之后了，以现实因素来讲，全对，文本向左，现实向右，呵呵，政治。唉，总之交给时间吧。唉，最后一个欧洲人也去了。,positive,bangumi,机动警察剧场版2 和平保卫战
回复 雨宫莲over 据说可能就是fsf里面saber的御主绫香,negative,bilibili,Fate/Zero 第一季
在V高达对自然风光描绘的基础上，更进一步地注入了充足的生活气息，形形色色、不同阶级的人们在时代中铭刻下它们的痕迹。战斗不再作为叙述的主体，高达动画卸下了作为战记题材的外壳，高达也褪去了作为决胜兵器、联邦图腾的意义，如同工业革命带来的工具一般，成为了人们生活的一部分。各种滑稽夸张的动作，也作为“人”的延展，更加削去了其严肃硬核的一面。茧丝重新包裹蝴蝶归于大地后的“黄金之秋”不像神话降世一般的绚丽浪漫，也不是轰轰烈烈的新时代宣言，而是很自然地再次回归到角色的生活的流动。,positive,bangumi,∀高达
2024126：这一季毫无疑问将观感上升了一个高度，前半段的玛利亚之墙夺回之战看得很过瘾，为了自由，献出心脏。特别是ep6的剧情节奏，时刻紧绷着心看着这命运的选择，各种回忆不断涌起，作者埋下的伏笔在重要关头发挥着作用，角色人格的升华。后面开始讲述巨人背后的故事，进一步完善世界观。动画既有热血的战斗场面，也有深刻的语言和心理描写，是一部不错的动画。20251012：“海的那边是敌人。”再看一遍巨人的高潮情节依旧感到震撼，在这一季动画塑造了两个让我很喜欢的角色。一个是利威尔，强大的实力又有着必胜的决心，另一个是艾尔文团长，有着果断的决策力以及宛如“恶魔”般的领导能力，跟随他意味着要面临各种生死的选择。总之这一季真的很精彩，即使二刷也压不住我心中的热血。,positive,bangumi,进击的巨人 第三季 Part.2
基准3分，制作2，观感2，意义性1，8分吧。初见8分。千岁过来学念诗ep4，我愿称之为神回，直接让我对这部番的评价上一个台阶。ep7，他们爱的到底是我们，还是他们想象中我们的影子呢。ep9对自己的孤独叫做迷茫,positive,bangumi,异国日记
橘前辈，你为什么只是看着omo,positive,bilibili,约会大作战 第四季
"1、全速前进的紧张剧情，火力全开的战争场面以及令人无法忘怀的最终对决，逆袭的夏亚是如此的有魅力，如此的Beyond The Time；
2、UC纪元的一个重要节点画上了句号，阿姆罗与夏亚奔驰在自由的宇宙，但无情的战火仍在继续蔓延，人类仍在承受着来自地球重力的束缚；
3、存在一定NT恋爱戏码，不喜欢的观众请提前降低期待；
4、大量名场面发生中；
5、话说，夏亚的梦话到底有多怪啊？害得整个新人类研究所都把总帅当成萝莉控看待了虽然就是（；",positive,bangumi,机动战士高达 逆袭的夏亚
9510十年之隔，出崎统将已成熟的演出方法论基于原作投入到二期的创作当中，且影像方面相较于S1在动态表现力和线条清晰度上有了质的提升和改善。昏沉的夕阳景致悬挂在城市的空镜头，好像一缕情一抹悲。在逆境与孤独中成长的浪子矢吹丈，不仅限于看作是一个时代的符号，也可以代表着一种超脱于时代的精神象征。对权的反抗和斗争性，对命运的重新审视与解构，即使得知自己的身体在被拳痴症一步步侵蚀，依然选择去追逐去呐喊“活在当下，迎向明天”野性里的纯粹。是啊，战斗是野狗的宿命，奔跑是野狗的本能，在与荷西的最终对决中，丈完全燃烧着自己，试着迸发出猛烈的亮光和绽放出耀眼的鲜红染尽青春最后一刻，然后只剩下雪白的灰。,positive,bangumi,明日之丈2
kiss！！kiss！,neutral,bilibili,四月是你的谎言
ep8之后的几集给人的观感都比前面的差好多ep9虽然从前面的剧情就看出来这是一部黑童话，但是这剧情真是人能想出来的吗，结尾有点圣母内味了，不过不至于看不下去，还有3集希望故事剧情发展能正常点,neutral,bangumi,魔女之旅
按SHIFTSPACEW信仰之跃,positive,bilibili,比宇宙更远的地方
"黑色骑士的少女架起剑冲向远坂

Black Saber：凛！！！！！！

凛：等一下！！！！！！

Black Saber：做什么！

凛：你就算杀了我，你也改变不了远坂凛这条线的

Black Saber：这种事不试试怎么会知道！（说完又向凛冲过去）

凛：停！！！！！！

Black Saber：又做什么！

凛：SABER，我跟你说，就算是你的线，最后你有和士郎在一起了？

Black Saber：什。。。

凛：不管过程如何，士郎最后都尊重了你的意愿，但就你们两个人最后的结果来说，是有遗憾的，很大的遗憾

凛：我不认为士郎可以交给这样的你，士郎这个人，如果没有扶持他的人在他身边守着，他无法活太久，卫宫士郎这个人，已经没办法作为一个正常人而活着了

Black Saber：。。。我凭什么去相信你的话！（说完冲上去打算砍）

凛：Archer说的！！！！！！

Black Saber：什么！Archer。。。

凛：在经过这集后你和发现了把，Archer他很奇怪，你不觉得Archer的话值得注意吗？

Black Saber：。。。。。。

凛：而且Saber，你忘记了一件对于你本人来说，至关重要的事

Black Saber：快说！

凛：就是UBW中，Good End的可能性。。。

Saber：什么！！！（凛的这一句话，让Black Saber惊讶到直接变回了原形）

凛：虽然True End本应该就是属于我的结局，但这次不好说吧？你应该知道，你现在有着不少本应该不属于你的戏份，任何人都没办法断定Good End的几率就不会有

Saber：确实。。。我的戏份，和士郎互动的次数，变多了不少

凛：所以，就算真的杀了我，你也无法和士郎在一起，但如果是我的线中，至少是现在这种情况，True End可能性已经不少了不是吗，那么你为何不跟我一起见证呢？

Saber：。。。。。。。。。好吧，到底这是不是值得我放你一马的理由，就让我来亲自验证，如果最后发现不是，我会在消失前杀了你

凛：呼。。。很好。。。那今晚SABER就回去吧

SABER：话说回来，从开始到现在，我就没看见Archer，他在哪

凛：这个嘛。。。



远坂邸里

Archer：（看着窗外的结果后，心想）吓尿了！！还好走过SABER线，才能告诉远坂这些，不然今晚真的死翘翘！！！",negative,bilibili,Fate/stay night [Unlimited Blade Works] 第一季
噶jiao塞,neutral,bilibili,颂乐人偶
跑步真TM开心,positive,bilibili,比宇宙更远的地方
回复 Maackia虞歌 ？？？,negative,bilibili,我们仍未知道那天所看见的花的名字。
倒不是我说，但连六万rmb都掏不出的考察队也太,negative,bilibili,比宇宙更远的地方
“也许我这辈子都忘不掉Mygo了。”,positive,bangumi,mygo
mou mou牌,negative,bilibili,四月是你的谎言
View,neutral,bilibili,Angels of Death
"收集了一些比较常见问题，这边做一个统一回复，顺便做一些细节的小科普。


问题感觉这种类型好特别呀，原作一开始就是这种类型的吗？
答据说原作者最开始是想画悬疑黑化剧情的，但因为没有人气才改成这种恋爱喜剧的。


问题辉夜家里有多少财产？
答女主家财产大概相当于12万亿软妹币，换算一下，大概就是5个深圳加在一起一年的GDP。


问题这俩货到底什么时候才表白？
答目前还是快要表白的状态，有点像《好想急死你》的感觉。事实证明，两个傲娇能出一部番，两个杠精能组成永动机。


问题旁白为什么戏这么多？
答其实漫画原作就有旁白作为剧情推动，可以理解为旁白君才是“主角”


问题书记和女主到底是什么关系？
答很难说，大概是婆媳关系吧。


问题漫画在哪看？
答可以看。


PS上一集的情书，没记错的话应该是旁白君写的，女仆负责校对的（手动滑稽）。话说回来，你都看到这里了，还不给本大小姐点个赞吗？",positive,bilibili,辉夜大小姐想让我告白～天才们的恋爱头脑战～
Please dont say you are lazy本当crazy,negative,bilibili,比宇宙更远的地方
VDV要来力,neutral,bilibili,少女乐队的呐喊
百度伪声吧或者伪音 然后各种献膝盖 都是变声期后学的 他们说变声期之前千万不要学伪声 ampgt」,negative,bilibili,干物妹！小埋
"前四集挺无聊的
ep11好评，ep12大好评",positive,bangumi,比宇宙更远的地方
"可见的银链都是白发控，顺便这应该叫用心程度，nbht讲过jap的制作流程，每一集多少钱一开始就决定好了，画师拿到的钱一般不会跟预分配有多大的起伏。
这也解释了为什么一些企划明明钱很多，大碗儿也请了，还是表现一般，因为人家画师没啥动力，画完交差。
其实女神的部分厨力最多新衣服可是爱的象征，点名某个蓝白衬衫正义伙伴",positive,bilibili,"世界顶尖的暗杀者,转生为异世界贵族"
回复 M1加德兰 233333333,negative,bilibili,OVERLORD Ⅲ
非常棒的作品，动画剧情上乘，每个爱豆的性格很鲜明，最喜欢春香和yayoi，个人回剧情都还不错，非常喜欢春香低迷被大家拯救那一段，最后live所有人站在舞台上的身影看的我真的两眼一红，学马仕时代才入坑的我，现在最后悔的是没有早一点入坑这个系列：）,positive,bangumi,偶像大师
回复 DEARLiYF 臣附议,positive,bilibili,辉夜大小姐想让我告白 -究极浪漫-
QK4343,neutral,bilibili,鬼灭之刃 柱训练篇
Eva暴走了！,neutral,bilibili,Fate/Zero 第一季
air jo r don,negative,bilibili,少女乐队的呐喊
o o o o o o o o o o o o o o o o o o o o o o o o o o o o o o o o,negative,bilibili,JOJO的奇妙冒险 石之海
fi发力了,neutral,bilibili,少女乐队的呐喊
25重映mark,positive,bangumi,攻壳机动队
"豆瓣标记220516：人类的善良，善良的人们在闪闪地发着光，在别的地方可能已经绝迹。CLANNAD，全年龄神作，真正的泪水收割机。团子，团子，团子，团子，团子大家族。
我的动漫TOP10榜单TOP1：永远的神",positive,bangumi,CLANNAD
确实是经典，但是其实槽点也挺多的，我觉得最优秀的地方在视觉叙事做的非常具有表现力，或者说寓乐于景，表达出独特的美感，尽管他的BGM其实很单调，但与画面配合的又相当到位。不过大闹天宫毕竟是一个经典故事，导致在剧本上没什么新意，所以如果细节上无法get到的话其实挺枯燥的,negative,bangumi,大闹天宫
"富野高达里观感最差的一部高达，剧情和人物都极度崩坏。
为了感受所谓富野的转变还特意先看了吉姆王。
我的评价是远不如吉姆王，更不如G回归。
有人说经历吉姆王的富野才能写出倒A。我认为反过来也完全成立：对倒A嗤之以鼻的光头也会写出吉姆王。可惜倒A时期的光头应该是脑子最不清醒的时候，说真的倒A剧本真的像富野自己会作为反面教材狠批的类型，大纲、细节、人物塑造没有任何一点像人全是烂的。
G回归才是倒A的理想状态。相比之下倒A纯属残次品。光头开始放弃那些东西却又无法舍弃干净，G回归他才真正对那些彻底无所谓了。",negative,bangumi,∀高达
"整体氛围币tv轻松了很多，观影体验很舒适
画面，配乐都是动画界剧场版顶尖的水准
目前看到q，对碇真嗣的心理描写，目的动机的刻画是体现在很多细节上的，不会明写出来。
这样的演出方式真的赏心悦目，之后想再去看一遍tv",positive,bangumi,福音战士新剧场版：破
黄毛是功，因为WFs,positive,bilibili,魔女之旅
xku,neutral,bilibili,Angels of Death
不行了不行了 晕了SOS,negative,bilibili,颂乐人偶
回复 EP后勤官 fgo里大象也是月癌,negative,bilibili,Fate/stay night [Unlimited Blade Works] 第一季
一路看下来，这是mob最孤单的一次，也是最成熟，最贯彻自己的想法的一次。大概这就是I39m the only one吧,positive,bilibili,路人超能100 III(灵能百分百 第三季)
回复 utahaSme这不算吧  我只是回来提取 文章素材。。,negative,bilibili,四月是你的谎言
有点flcl的感觉,neutral,bilibili,比宇宙更远的地方
快！孩子ufo,positive,bilibili,比宇宙更远的地方
LOCK？六花！,neutral,bilibili,少女乐队的呐喊
space信仰之跃,positive,bilibili,比宇宙更远的地方
ooo说中了戳肺管子了急了,negative,bilibili,少女乐队的呐喊
BV1EV4y1S7Lm,neutral,bilibili,夏目友人帐 第七季
bn,neutral,bilibili,四月是你的谎言 粤配版
回复 bili94109116495 是窃格瓦拉,negative,bilibili,埃罗芒阿老师
回复 理白whitery 你好6,negative,bilibili,青春猪头少年不会梦到兔女郎学姐
贝斯声这么炸！OAO,neutral,bilibili,少女乐队的呐喊
"ep3伊蕾娜：“多谢款待，非常好吃” 女仆： “谢谢夸奖”
这两句台词就是本片“烂”的缩影",negative,bangumi,魔女之旅
一半以上时间挡住画面只看字幕好在Internet要素古早，画面也没有特别猎奇。,neutral,bangumi,蓝色恐惧
回复 bili511247244 因为他无敌的外孙叫他老东西,negative,bilibili,JOJO的奇妙冒险
uongjiw,neutral,bilibili,异度侵入 ID:INVADED
Wwwww靠谱！！,negative,bilibili,Angels of Death
在95版已经有4K版本的今天，还是更推荐看95,positive,bangumi,攻壳机动队2.0
在tv已经完整得几乎无可挑剔的情况下，我原本对剧场版的期待甚至是不狗尾续貂就算成功，但它的内容与反转甚至比tv更加完全超乎我的意料以至于在我心中完全超越了前作。伟大，无需多言。（26年了回天终于定档了，感觉心情又回到了当初看叛逆的物语前的期待与隐隐担忧，一定要是个完美结局啊）,positive,bangumi,剧场版 魔法少女小圆 [新篇] 叛逆的物语
垫 拉 砸走 I want you,negative,bilibili,鬼灭之刃 柱训练篇
摸头杀aaa,neutral,bilibili,Angels of Death
atp之光,neutral,bilibili,四月是你的谎言
cpu烧了,negative,bilibili,比宇宙更远的地方
皇子背的zero里面的话。,positive,bilibili,四月是你的谎言
处形time,positive,bilibili,Angels of Death
竹马vs天降,negative,bilibili,四月是你的谎言
I dont know,negative,bilibili,Angels of Death
wandamnl,neutral,bilibili,四月是你的谎言
回复 SunbreakJohn,negative,bilibili,埃罗芒阿老师
老父亲恨不得代替阿尼娅自己入学读书了hhhhhhh,positive,bilibili,间谍过家家 粤配版
角色个性鲜明，live演出很成功，剧情也很符合“mygo”的主题，但个人不是很喜欢这种复杂女女关系和压抑的氛围，续作mujica看网上都说很烂就没什么兴趣了。灯和猫猫很有意思，感觉我对这种内向或真诚纯粹的角色都比较有好感。神人二创真的贡献巨大（,neutral,bangumi,mygo
hahaha1,neutral,bilibili,魔女之旅
"DEATH部分评价见新世紀劇場版 新生。
AIR真心为你部分见新世紀劇場版 Air、君。",negative,bangumi,新世纪福音战士剧场版 DEATH(TRUE)2/Air/真心为你
老领导Polo衫,neutral,bilibili,关于我转生变成史莱姆这档事 第三季
轻音剧场版延续了前两季的优秀制作和演出，各种情景的配乐也非常渲染氛围，五个少女的日常互动真的细节地过于优秀，2025年10月的现在没有任何一部动漫可以超越甚至平级，未来大概也不会有吧，live部分也很有趣，大家的略微蹩脚的英语也增添了很多乐趣，到最后越看越舍不得，尤其是教室live老教师的一句话真的太感动了，最后的相遇天使已经看了无数遍，每次都会有新的感动，最后还是想说一句，轻音永不完结！,positive,bangumi,轻音少女 剧场版
"断断续续看了大半年，总算是补完了第一季，由于时间跨度过于久远，就草草的写一些印象深刻的篇章
日常回作为搞笑漫来说相当的优秀，是十分轻松愉快又不乏思考的日常喜剧（空知猩猩无愧为屎尿屁大王），这边给到夯中夯
星海坊主篇8分，神乐可爱捏。红缨篇，作为第一个大主线，虽然出场人物众多，但空知对细节的把控十分出色，布背景，显高光，留伏笔这些方面都做到优秀，给到顶级
芙蓉篇，我最喜欢的篇章，第一个升华银魂关于魂这个主题的大篇章，探讨了空知对于ai自己的思考，9分神中神（小玉十分，我永远支持银玉）。
九兵卫，龙宫，幽灵，都是好故事，但是时间久远，只能给个7分的印象分。印象深刻的还有一个三叶篇，对于十四和三叶，我个人觉得十四是空知想写成默默承受的负责男人，但写出来确是极其别扭且没有勇气去爱自己和所爱之人的刻板印象蛋黄酱人，对这个角色评价一般。后期煽情过度，台词",positive,bangumi,银魂
平山理志，前LOVELIVE企划创始人,positive,bilibili,少女乐队的呐喊
换Ending了？,negative,bilibili,四月是你的谎言
Ovo   ovO,neutral,bilibili,Angels of Death
也就是个中boss，算不上最终boss了,positive,bilibili,关于我转生变成史莱姆这档事 第三季
85精细巧妙的原作再加上制作组爆棚的厨力，包括sp在内的14集，无论你抽出哪一集来看都是无比出色，都是令人感到无比赏心悦目,positive,bangumi,辉夜大小姐想让我告白-超级浪漫-
ave mujica 的第一条规则：不要谈论ave mujica,positive,bilibili,颂乐人偶
"njlm
 l
救命救。没。nmmmm
 
9mm
pl",positive,bilibili,虚构推理
ei jiu duo,neutral,bilibili,少女乐队的呐喊
im peiko rick,positive,bangumi,瑞克和莫蒂 第三季
gkd gkd,neutral,bilibili,虚构推理
永远在被致敬的传奇神作，无比出圈的梗让所有人都知道这个故事的结局，但即使如此你也很难不为之动容，这就是个无比纯粹的故事。与前作相比最直观的提升就是音画水平，十年的动画技术发展肉眼可见，S1剧情和制作上的稚嫩确实已经到了难以无视年代会影响观感的地步，S2将S1槽点满满的最后一个篇章进行了重置，优秀制作配合出崎统出神入化的演出也补齐了前作的所有短板 ，虽然也不是挑不出毛病，但也足够让观众沉浸在故事中。曾经孤独的野狗已经荡然无存，我只看到了一个潇洒的拳击手，他是那么坚定，那么的一往无前，即使终点是熊熊大火，丈也会冲进去燃烧殆尽，每经历一场比赛，丈所背负包袱都要沉重几分，大叔，叶子，力石，卡洛斯，乃至整个泪桥，明明有那么多在乎他的人，为什么他还是能如此义无反顾，但这就是丈，最纯粹的拳击手，无比厚重的最终战让每个人看后都会说出那句“燃尽了，只剩下雪白的灰”,positive,bangumi,明日之丈2
nmd，挨了三刀。,negative,bilibili,夏目友人帐 第七季
"原来ova里就已经有了这部剧场版2的雏形，但是这是一个远比那个故事更加完整、立体而深刻的故事，电影中的配乐画面，以及我感觉无可挑剔的空镜头所表达的镜头语言，配上剧中深刻的对白。
但我确实还是对这剧本与先前ova中内容的高度重合感到失落，有一种我熟悉而且已经知晓结局的感觉，总有一种既视感伴随着观影。
说实话，我确实是冲着大名来看的，不虚此行，但是也因我个人阅历，不足以完全理解与共鸣这部作品。",positive,bangumi,机动警察剧场版2 和平保卫战
原来是你写的judu 什么玩意吧,negative,bilibili,颂乐人偶
我个人认为是日漫里仅次于攻壳机动队SAC TV版的作品，给9分是尚未圆满的意思，还有可以进步的空间。真正优秀的动漫作品在我看来是可以有一种强大的魔力，它恬静而微笑地坐在那里，如同一个安静而神秘的女子，吸引着新人前去，沉浸而不能自拔。星际我认为可以达到这一点，我第一次看到第一集我就被深深吸引，不忍看完。结局贯穿了作品的原始风格带来淡淡的忧伤，但是我认为可以有更优秀的处理方法，在忧伤，宏大跟淡然里取得一个平衡。故最终给9分,positive,bangumi,星际牛仔
WC一开始还觉得这个姐姐还行，现在好讨厌,positive,bilibili,Angels of Death
不提汤浅的表现手法，但故意（？）减少张数来制造漫画感这种做法很有趣，我很喜欢。有些镜头感觉能记一辈子，比如孔在和peko打球的时候不断闪回的归乡的飞机。作为一部群像，没有沦为所有人都为“双生的双子星”做陪衬的日式陷阱（点名银英传犬村小六这种三流作家），而是将笔力尽可能地照顾到每一个人，甚至包括早早退场的配角，这是相当难得的。譬如比起两位主角而言我更喜欢孔，归化之后改姓辻堂这个细节也很有趣，很此心安处是吾乡。为了什么而从事一项竞技体育运动，想必在职业赛场上大家的答案都是为了赢，不管是维斯塔潘还是莫霍里奇。但是一旦抛开竞技属性和所谓的pro心态，那自然有挑挑拣拣，选择自己内心更重要的事物的余地。抓住了业余青训选手这种站在人生十字路上踟蹰不前左顾右盼的对象，主题不坏。何、何時、気持事,positive,bangumi,乒乓
v我50给你一个支点,negative,bilibili,鬼灭之刃 柱训练篇
oO,neutral,bilibili,四月是你的谎言
so？,neutral,bilibili,鬼灭之刃 柱训练篇
soga,neutral,bilibili,四月是你的谎言
服务员：讲英文啊，A餐，B餐，C餐，D餐啊,negative,bilibili,间谍过家家 粤配版
vh,neutral,bilibili,约会大作战 第四季
可惜结局变成个人跟个人的智斗。一方面支持主角的立场可以发展下去，另一方面本来还期待nia跟mero比较是为了输赢不择手段的角色会带来什么有趣的讨论。也许题材太难处理了吧，怎么说也是有趣的,positive,bangumi,死亡笔记
回复 Narcissus水仙 细细细,positive,bilibili,mygo
会战兵力，是拨十万对咯十万，u4在我,neutral,bilibili,少女乐队的呐喊
几原风格的体现。童话故事的颠覆，传统形象内涵的改变，贯穿整部作品一直等待的王子，似乎是沉默等待拯救的公主，直至最后故事主角才摘下面具亮相。Revolution成功了吗？有人会记得。,positive,bangumi,少女革命
就是那个看不上现在的美漫，要是说本身分就不高我还能不站在综合角度上给个高分，但你nm都到87了，我直接降降火气，我个人认为没有演出没有分镜没有画面风格没人设的动画，纯靠小格局的剧情我能给这7分已经很高了。和婆罗门也没有关系，这番确实剧情展开很棒，但也不该到这个地步。,neutral,bangumi,瑞克和莫蒂 第三季
；lll,neutral,bilibili,间谍过家家 第二季 中配版
fontsize,neutral,bilibili,比宇宙更远的地方
桑吉尔夫，win,neutral,bilibili,少女乐队的呐喊
回复 CMoonzzz 灯皇,negative,bilibili,mygo
饱含爱意的送你们都上天hhhhh,positive,bilibili,异度侵入 ID:INVADED
李子：ami re ma su,negative,bilibili,颂乐人偶
根据QI2R可知此时扎克熟了,neutral,bilibili,Angels of Death
Frisk（,neutral,bilibili,少女乐队的呐喊
"第一集就开始爆啊
说正经的，ep1节奏是真的快，情绪渲染在这个节奏下尽管已经做得很好了，但是真的不太行，以及祥爹这个角色实在脸谱。而且似乎因为本土三集连播导致第一集断章很怪，潦草。
ps喵梦老师开盒开得好啊，这难绷假面我是真不想看
7分观望等后续
我不好说，作为乐子人看的很开心，搞笑冻鳗

“无法预测的命运之舞台”",negative,bangumi,颂乐人偶
说实话有点没对上光头的电波，卡喵匹配到这么多NT和强化人确实惨，最后疯了也可以理解，个人感觉论戏剧性不如0079，最后的剧场对峙很精彩，值得推荐。,neutral,bangumi,机动战士Z高达
回复 kipperboy 是谁在发抛！,negative,bilibili,国王排名
第一次完整看完整部。宫老的反战主义，和平主义，自然主义尽显其中；强大的拉普德，若是不能好好利用于造福人类，那么早晚也会毁灭，再先进的技术，如果用于战争也是可耻的；当然也不能为了环保和平而放弃一切技术与军事。我无意在bangumi进一步键政，但钦佩宫老的情怀与坚持罢了；人类发展不是注定有如此童话般的结局，还得要靠自身互相尊重，不断努力。,positive,bangumi,天空之城
畅想未来，但又针砭时事是功壳系列脱颖而出的原因之一。 SSS刻画了记忆操作和赛博化程度如此高的社会里，依然要面对的道德，以及艰难求得生存和改变得伦理问题：被技术满足欲望，苟求生存至腐败，终于人不再是人，越来越觉得别人的存在要么利己，要么纯粹就是碍事。 完成度 9 表达 9 和前作比，不适合其他作品比 内容 9 观感 8 篇幅太短了 情感线 8,positive,bangumi,攻壳机动队 S.A.C. Solid State Society
93毫無疑問是一部好作品，單元回質量表現不錯，哪怕最差也保證了故事的高完成度。在主線與支線的相互交織中對世界觀進行了完善，最後拋出了stand alone complex這個現象並自圓其說去破局。在這個人人追求個性化的社會，卻因為信息的同步化反而失去個性，導致社會停留於平庸。能避免這種現象必須保持好奇心，不要被信息淹沒。主線緊湊卻不壓抑，給我的感覺完全不是在看動畫，更像在看什麼政治電視劇。很可惜這種嚴肅的硬核科幻卻不是現在所需要的，哪怕它充滿前瞻性，可以說是給未來的人看的。理論上越活在數字信息時代應該會越感同身受吧,positive,bangumi,攻壳机动队 STAND ALONE COMPLEX
没有约战五看我要死了！（DOGE）,negative,bilibili,约会大作战 第四季
幻听mmj（雾）,positive,bilibili,少女乐队的呐喊
在看MyGO之前，我认为自己不是少女乐队题材的受众。然而我被其情感的细腻与优秀的制作给打动了。我大概一辈子也忘不掉CRYCHIC了,positive,bangumi,mygo
mope花（doge,neutral,bilibili,魔女之旅
炎之川字幕31猎人考试。其实单看动画，许多据说是原创的集数（比如军舰岛部分）还不错啊。44念的修行。50过渡，贪婪岛。62友客鑫。果然幻影旅团不可能简单结束。四人组也还算可爱，配音也好听，以及酷拉皮卡画太美了（bgm38）。“我一直在等你”雷欧力终于分到一句大的，这片看来没有女主角了。技法上面非常明显的就是广角镜头的大量使用，到了想不注意到都难的程度。还有明明已经省略了很多内容，看下来还是觉得有些地方好长。,positive,bangumi,猎人
回复 savtion 进了可以掏ea,negative,bilibili,Fate/Zero 第一季
怎么从五弦bass变成换4弦了？,negative,bilibili,颂乐人偶
hhhhhhhhhhh笑哭了,positive,bilibili,Charlotte
回复 悠穹绝 老兄，你知道fgo23么？,negative,bilibili,Fate/Zero 第一季
作为uc一个时代的结束还是很让人感慨的，对于太空歌剧的史诗感也营造得相当不错，但部分桥段的处理让我即使二刷也不太好接受。富野毫不避讳地表达出他对革命派改良派建制派全方位的不信任，这是他本人青年时期政治冷感的延续，也是对经历六七十年代学生运动的两代人的总结。轰轰烈烈的学生运动一半在极端中爆发，一半又被快速膨胀的经济泡沫吞没，激昂的热情被牵引并最终消逝在莫比乌斯环之中，头戴安全帽的青年们走出校园，再生产着他们曾经厌恶的秩序。尽管如此，阿克西斯的奇迹仍然昭示着对某种彼岸的向往，夏亚对人类绝望了，但光头没有。25128二刷（我大过年的为什么要看这个如果没有这么诡异的情感线我绝对会很喜欢逆鸭,positive,bangumi,机动战士高达 逆袭的夏亚
se no,neutral,bilibili,比宇宙更远的地方
追逐指导：mzk,positive,bilibili,颂乐人偶
回复 KatenDenka,negative,bilibili,咒术回战
a o e,negative,bilibili,国王排名 勇气的宝箱
老虚wrng,neutral,bilibili,比宇宙更远的地方
对于这部番我其实不好说什么毕竟我才看了12集的样子，但是到十二集了我也并没有感受到这部作品的厉害，人设很奇怪，get不到高分的原因,negative,bangumi,少女革命
六百六十六，这个Zake是桂,negative,bilibili,Angels of Death
回复 bluedro 不可，直不为头也，是脚矣,negative,bilibili,鬼灭之刃
too much water,negative,bangumi,魔女之旅
ping999ms,neutral,bilibili,魔女之旅
What？这季不是还没大决战吗？难道我记错了？这一个应该是柱训练篇啊,positive,bilibili,鬼灭之刃 柱训练篇
zone zone,neutral,bilibili,四月是你的谎言
大阪 namba toho观影结束。,negative,bangumi,攻壳机动队2 无罪
回复 C3mffs,negative,bilibili,OVERLORD Ⅲ
pmq,neutral,bilibili,四月是你的谎言
动画7分，优秀3d2分，gbc的3d太好看了,positive,bangumi,girls band cry
回复 EmperorVader 师兄和风哥塑造挺好的吧,negative,bilibili,鬼灭之刃 无限列车篇
难绷 486这里差点说漏嘴了“b”了一下 差点把乐队的事情说出去,negative,bilibili,少女乐队的呐喊
既然画的还是偶像题材那重点要看live作画，然而live作画算不上好，至少至少后来业界公认是一定要用3d的配音较好剧情对于这种题材不太重要但确实不咋好看都样板戏，虽然我不喜欢用后人的角度评判前人的作品，但这也算二偶沾边的东西，我看了没感觉想推任何一个人角色，减分。就这御三家塑造，再看看学马的御三家塑造，平心而论，古代真的打不过现代,neutral,bangumi,偶像大师
比起tv本篇可谓说烂，歌曲质量下降，强行对偶，tv赢的输，tv输的赢，不知所谓。你站给这玩意儿这么高分数，足以说明白河豚已成为最大问题,negative,bangumi,剧场版 少女☆歌剧 Revue Starlight
回复 goldchang 是啊，我以为会删减关于找其他帮手帮忙的片段毕竟对剧情没有大的影响交代下就是。就是可惜了对玉绳的塑造（不过问题不大，嗯，确信）结果我看下集预告愣是直接把游戏二人组跟海滨高中做出来了。。。你说海滨我能理解，但游戏二人组第一季戏份都删了干脆全删完啊做出来干啥我现在对十四卷能做多少出来已经没底了除非直接半年番（宁说，可能么）照这样估计后头大老师和海老名跟叶山的剧情必须删不然怕是十四卷演不完。但这两段又是推经剧情重要的地方。真搞不懂feel到底想干嘛了。。。真就团子出场地方都做出来雪乃桥段阉割完吧。。。我只希望十三卷间章雪乃自白和后头天桥那段，还有静可爱和大老师跳舞那段能够做细致点吧,positive,bilibili,我的青春恋爱物语果然有问题。完
bilibili你刚才说了bilibili对吧,negative,bilibili,Angels of Death
我一个人大概就贡献了一千次播放jp,positive,bilibili,少女乐队的呐喊
ana233,neutral,bilibili,比宇宙更远的地方
回复 bili27814795370 要是我有这权能我拿来飞还不如直接拆徒手拆飞机,negative,bilibili,Re：从零开始的异世界生活 第二季 后半
Vixen,neutral,bilibili,比宇宙更远的地方
Five,neutral,bilibili,比宇宙更远的地方
超前30年往上走，但我并没看出有趣在哪，反倒是无休止的烦躁摇滚乐bgm惹的我火大，意义不明萝卜也令我厌烦，完全是诈骗啊，本以为是纯日常结果是呃呃。虽然没看懂，但感觉这部剧情是想每集讲述一个小正太男主烦恼的样子，结果被大妹子抱两下中间插点抽象的最后再打个架一集就over啦，狗屁不通，跟俗气的bgm一样俗，这玩意儿哪来的青春感，哦我懂了在现充眼里青春就是这幅乱七八糟的模样对吧。每集都乱入一堆要素，这种想到啥画啥也令我越想越气，鉴定为婆罗门自嗨动画，有部叫《安倍桥的魔法商店街》在自嗨上做的就挺好，一集一个不同环境下角色保持固定，慢节奏舒畅，乱入毫无违和感，剧情到最后都能讲清楚兼具搞笑与些许悲伤，而这部我只觉得又赶又烂。再次强调摇滚乐真的超烦，烦得我要骂街了，烦烦烦烦烦烦烦烦烦烦烦烦烦烦烦烦烦发难放哪发难犯法拿法男饭放哪，好气好气好气好气好气好气好气好气好气,negative,bangumi,FLCL
gap day,negative,bilibili,比宇宙更远的地方
Cos睦头没绷住,neutral,bilibili,颂乐人偶
有了TV版的引入，观众已经习得revue的语言，拥有最低限度的角色认知，所以剧场版很顺滑地直入主题Revue：确认自我意识。TV版是长颈鹿发起的，剧场版是角色自己发起的：“列车会驶向下一站，我们呢？”列车即舞台，舞台即人生。我为了什么继续前进？如果停下脚步，那我还剩下什么，又会失去什么？如此这般吧啦吧啦。问题还是一样的问题，太散了；内核确实很优秀，但观众看不下去也是白搭，文艺片的通病。外加，看了TV就知道谁pk谁，剧情上居然没什么好期待的，推个主线加个新人什么的是不可能的，看TV版上头了看这个就很来劲，反之不明所以。,positive,bangumi,剧场版 少女☆歌剧 Revue Starlight
这俩最后一个yme,negative,bilibili,间谍过家家 第二季 中配版
（83） ep 11 ep12 ep13 最后两集一起看无敌了 如果说第二季追求的是趣味性的话这一季就更加稳健 剧情与制作皆是如此,positive,bangumi,水星领航员 第三季
是没看懂会有想看懂欲望的作品。歌太太太好听了，每一场revue都是视听盛宴，充满鲜明的角色特点。唯一让我疑惑的一点就是第一季小光不是刚逃走吗怎么剧场版又跑了（？）,positive,bangumi,剧场版 少女☆歌剧 Revue Starlight
MG42？,neutral,bilibili,魔女之旅
"ep4 有时候就是要有人站出来喷那些讨厌的家伙。
ep5 把求职这么现实的问题抛出来，不知道要怎么解。
ep13 语言暴力也是暴力啊，只能说先撩者贱。
ep14 王子才是最不可思议的。
ep20 其实不明白，是为了让输更具有合理性，才设计了这样的情节吗？
ep23 业界要是多一点这样的片子就好了。",positive,bangumi,强风吹拂
20260204 镜生妖妄傀儡惊 一念震碎赛博清 初看只觉得十分震撼 各种3D 光影变化让人目不暇接 反应过来时已经看不懂在说什么了 逼味比上一部更重 看到最后才反应过来在讲什么  这部把描写重心放在人偶上  借“性偶植入儿童Ghost并失控杀人”的案件 抛出根本疑问：意识如何定义人？ 延续前作的身心二元论思辨 更进一步质问肉身的价值：义体化、网络化让身体成为可替换的“壳” 但情感、记忆、羁绊仍需肉身或符号化载体（如巴特的狗）来锚定 呈现技术对人性的异化与反噬  标题“无罪”是反讽：真正“无罪”的是无意识的本能（如在有自我认知前的儿童或动物）与无实体的绝对意识（如素子），而有自我认知的人因贪婪、冷漠、逃避责任而“有罪” 为了逃避罪责所以想回到婴儿的认知状态而要实现这个目的唯有死亡 所以无罪本身就是没有答案的,positive,bangumi,攻壳机动队2 无罪
Top3中期最好看，作画领先于时代，打斗场面算是我看过最帅的，人设极具魅力，故事也不错，看过动漫神回最多的一部，oped太强了，基本没跳过，每集最后ed响起就会很感动，缺点是刚开始看完一集没那么想接着看，毕竟是独立单元回，缺乏悬念，后面对角色有了感情就很有兴趣看了，结局没有那么好，故事没有想象中的凄美，但也合格,positive,bangumi,混沌武士
回复 72099393120bili 搜番名就行了,negative,bilibili,转生成蜘蛛又怎样！
索博C44拖拉机,negative,bilibili,JOJO的奇妙冒险 石之海
Go on,neutral,bilibili,四月是你的谎言
直感ex,positive,bilibili,比宇宙更远的地方
不是我一直觉得这里像ai,neutral,bilibili,少女乐队的呐喊
像勇者打怪一样进行升级的古典套路，每一场战斗都是对双方发自灵魂的考验。少女并不是想依附王子而喜欢王子，而是遵从自己本心所想之事最后成为王子。一个人的力量虽然弱小但并不代表没用，总有一天这股力量会冲破旧的秩序（1999年的旧世纪）迎接明天（新世纪）的到来。（比起更大主题，更多的还是几原对自己的思考）（可以结合s1当时的讨论帖结合几原的访谈进行观看）,positive,bangumi,少女革命
好go的色调啊,positive,bilibili,少女乐队的呐喊
或许是我完整看下去的第一部3d日漫，视觉效果不僵硬，ep10的演出不错，76,neutral,bangumi,mygo
ugo复活我能理解，优纪就过分了吧，她的数据又不在uw服务器里,neutral,bilibili,刀剑神域 爱丽丝篇 异界战争 -终章-
心里的top1，没有之一，作为萌系日常番的天花板，轻音真的叙述了青春的美好，后面毕业了真的给我看哭了，27集的量也是让观众越看越喜欢，在我心里轻音就是最伟大的作品,positive,bangumi,轻音少女 第二季
Qixiaole,neutral,bilibili,颂乐人偶
解锁武器高松灯SSS,neutral,bilibili,少女乐队的呐喊
YouGo,neutral,bilibili,少女乐队的呐喊
"回复 浪了个旺旺菌QWQ 其实我个人不喜欢抢热评，抢前排（众人：明明是你丫不会技巧），我一般都会看完生肉后，在用4560分钟内赶写一篇感想，用我并不熟悉的母语。

热评不热评不奢求，只要有更多人能看到，幸运的话提提意见，分享一下心得，我就会倍感满足",negative,bilibili,徒然喜欢你
jh,neutral,bilibili,比宇宙更远的地方
回复 Maggieshgan 我觉得旁白还行吧，本身旁白就是要客观,negative,bilibili,间谍过家家 中配版
和Clannnad好像,neutral,bilibili,四月是你的谎言
回复 yzmcat 有个包子馅叫大葱猪肉馅，哪怕是你要吃纯肉的，也得放葱姜水花椒油十三香，这连续开会就是纯肉包了个包子，除了加了点盐尝尝咸淡啥都不放啊。,negative,bilibili,关于我转生变成史莱姆这档事 第三季
（810）“你是为了谁而弹奏的呢”薰的出现让公生找回了弹琴的意义，从开始的为了母亲到为了观众，实现了摆脱乐谱镣铐的伟大跨越。从此刻起公生的时间开始流动了，有人的时间却停止了。动漫引入萤火虫、烟花等意向，在前期无不暗示着薰的悲惨结局，“仿佛要消失一般脆弱，但竭尽绽放着生命之光”，这正是薰一生的真实写照。果然音乐最能打动人心，正如剧中所说“音乐也许会超越语言”，四谎的音乐叙事手法极为成熟，灵魂互奏的ep18令人动容，虽无法见面，仅通过音乐却胜过千言万语。除此之外作品也不乏文字魅力，穿插的大量心理描写极其加分，在感动的同时也增添了青春文艺的质感。ep22遗书的出现，铺垫22集的压抑在此彻底释放，动画组完成了对向死而生最诗意的诠释，此刻我们也明白友人A的真正含义。怎么会不遗憾？但“穿着鞋就进来了呢”，想到公生的心中住着关于薰的记忆，似乎算是对我自己的慰藉吧,positive,bangumi,四月是你的谎言
ep1观感很棒啊，这个演出真的能让人投入其中，而且不会觉得无聊ep9的结尾真的太棒了！,positive,bangumi,四叠半神话大系
olnl,neutral,bilibili,转生成蜘蛛又怎样！
oVO,neutral,bilibili,Angels of Death
Toilet,neutral,bilibili,比宇宙更远的地方
【A】“满月从下一天开始就会月缺，而十四日的月亮却还有明天。”正是因为追不到，才会永远追下去。本作采撷了《Perfect Blue》中演戏与现实交织的呈现方式，旧瓶装新酒，发扬光大。不同于《PB》凌厉的硬切，本作的转场和剪辑更加成熟、大气、从容，恰似横贯女主一生的神性。结尾的超长蒙太奇回扣全片，用画面阐释永久的追逐，堪称“把一件无聊之事讲到极致”的典范。不过也因此，剧情的内核保守无趣，余味甚少。此外，从《PB》继承的手法只在影像层面更炉火纯青，对手法的理念开拓却相形见绌，戏中戏的指涉仅仅停留在女主的心境和简单的历史呈现上，无论是演戏本体还是对该手法的元反思都比较空乏。,neutral,bangumi,千年女优
；了，pl】【,neutral,bilibili,葬送的芙莉莲
回复 snafugod snafugod 多看几遍就好，看的多了自然而然就懂了,positive,bilibili,冰菓
回复 TNT轰炸 那他一个穿越者怎么成了npc的超级迷弟了呀，这不对劲,negative,bilibili,转生成蜘蛛又怎样！
nfc就是好用,positive,bilibili,颂乐人偶
之前夕弦和耶俱矢就可以同时kiss（,negative,bilibili,约会大作战 第四季
我get到有马了,neutral,bilibili,四月是你的谎言
9。202551imax场观看，2025517杜比二刷，是的幽灵公主就是我目前看过的最喜欢的宫崎骏电影。作品中宫老没有加入常在他其他作品里出现的飞行器元素，而是将故事深深地扎根于辽阔的大地中（并辅以久石让恢弘壮阔的配乐），最终呈现出厚重的文化、深刻的内容和出色的表现力。与其他作品相比，幽灵公主节奏紧凑，故事环环相扣，足以看出其对于人类发展与自然间必然矛盾的理解相当深入，但我自己却很难看清老爷子本人对此态度是希望还是悲观。幻姬和小桑在各自的立场下都已做到最好，人类内、自然内、人与自然之间宛如政治戏般的冲突似乎是某种因果发展的必然，那在这样的循环中到底重要的是什么呢？是活下去，是月夜里男主救出小桑后的那句“活下去，你真的很美”，是灾难后达达拉城的女人与男人间在湖中心团聚，也是最后一幕绿植中新生的可爱树精。此刻，某颗绿色的种子已经在我心中生根发芽。,positive,bangumi,幽灵公主
p4g啊,neutral,bilibili,颂乐人偶
猎奇系轻百合，很挑观众一般人接受不了这个，动漫的艺术水平其实不高。能大火的原因大部分是能满足国内观众的猎奇心理，也有二次元对新奇事物的包容性。mygo是bangdream从日常轻百合向商业化音乐番的成功转变，她真正开创了少女乐队这一爆款题材，和kon孤独摇滚已经后来的闺泣并称少女乐队四大名著。,positive,bangumi,mygo
EVA TV版总集篇,positive,bangumi,新世纪福音战士剧场版 DEATH(TRUE)2/Air/真心为你
在这沉重的背景下，Z无愧于经典之名作，也是五十多集下来又一部长篇史诗。相较于0079，故事背景更加复杂化，登场势力众多也把各方斗争描写的更加精彩。主角卡谬的成长相当深入人心，各方登场的其他角色也并非背景板，而是将角色们的挣扎在时代背景下衬托的淋漓尽致。战争是残酷的，每个人都逃不开名为战争的漩涡。哪怕是夏亚也不能例外，从置身事外到妥协，再到最后与卡谬的对话很难不为之动容。情感戏方面则虽略有槽点，但并不影响最后结局的震撼。我很想让时间回到某一刻，似乎那样就能让卡谬、夏亚与阿姆罗的未来改变。战争夺取了所有人正常追求幸福的权利，温柔正确的人反而难以生存。这场战争没有胜者，没有赢家，有的只是对长眠宇宙中的人们深深的思念。,positive,bangumi,机动战士Z高达
回复 咖啡真是苦 这样的嘛，bilibili赢了啊，这次,negative,bilibili,mygo
MySQL从入门到入狱,neutral,bilibili,魔女之旅
踏仙君：嗯？本座？核善微笑jpg,positive,bilibili,工作细胞 第二季
"非常经典的渡边式公路番，剧情有半分之五十都有点无聊，百分之二十很抽象，其他还是有很多集精彩的单元回，作画和音乐于星际牛仔一样属于是头一份了，就是这个剧情你真的不能较真，Dont think ，Just feeling
还有就是这番真的不能一口气追完，每天看两集挺合适的了，毕竟剧情不连贯，一口气看10多集真的能把人看睡着，属于是和星际牛仔一样的效果，但是没用星际牛仔的人物装逼，但是星际牛仔的剧本要比混沌武士稍微扎实一点，当然也仅仅是一点，这番也属于是很有特色值得补番，但是我也不会主动安利给朋友的类型，毕竟本人对动画的Top要求一直都是剧本，其次才是演出作画和音乐，公路片的动画做得好的还真的挺少的，印象里面也只有少女终末和魔女猎人以及奇诺之旅，如果芙莉莲也算的话都是剧本比较出彩的",neutral,bangumi,混沌武士
新的S〇X素材预订,positive,bilibili,颂乐人偶
请看WCA,neutral,bilibili,约会大作战 第四季
OverDrive,neutral,bilibili,鬼灭之刃 刀匠村篇
简直是UFO,negative,bilibili,鬼灭之刃 柱训练篇
男主以为自己是友人a但其实是男主，真正的友人a以为自己是男主,negative,bilibili,四月是你的谎言
此处应该有saber,negative,bilibili,约会大作战 第四季
回复 Silver弹丸 嗯？？求5t衬衫被弄脏出处,negative,bilibili,咒术回战
我不是自动挡吗？op怎么还没结束,negative,bilibili,转生成蜘蛛又怎样！
AP镇痛片（）,neutral,bilibili,魔女之旅
先叠甲，以防孝子喷我：我评价动画一向不喜欢考虑时代因素，因为我又不是那个时代的人，你指望我能为他们的感受想这么多？正文：配乐和内容的适配度相当高，除外戏剧化描写外对Tom的行为逻辑也和现实中的猫很像，剧情都很简单谁都可以看懂，而且不管什么人种国家文化都可以在其中获得快乐，但是单元剧质量层次不齐，有些确实很厉害，值得高分，但是也有很多很多制作简直就是纯纯灾难，而且这动画如果一口气看上10集的话就腻了,negative,bangumi,猫和老鼠
明显是因为霸凌而产生的PTSD,positive,bilibili,少女乐队的呐喊
好好想想啊喵梦 回去要打236bpm的火三角 演唱会还要三首连打,neutral,bilibili,颂乐人偶
非常赞同该帖：  很酷的姐穿着很酷的外套，结果外套里面是兔女郎衣服。我知道日漫里的卖肉无法避免，但所有人都穿得很正常的同时，女主穿成兔女郎（加个皮外套）就很神经，很多角度像个穿内裤出门的暴露狂，真受不了。如果所有人都穿得这么也就罢了，怎么就她一个穿这样，这还是同一个背景下的人物吗。剧情里还老穿插女主胸部臀部挤压特写日本人你也太饥渴了，第四集看一半实在受不了了，我的评价就如同1分所代表的“不忍直视”。评价得再神，我也忍不了了。说真的，有本事就把穿内裤的女主放在封面，而不是封面放个看着很酷的女特工，结果剧情里一直穿成兔女郎。她还和另一个男的说“大男子主义令人反感”，这个画面太讽刺了。,negative,bangumi,攻壳机动队 STAND ALONE COMPLEX
独特的SHAFT，或者说新房式的演出自不必说，水彩式的美术风格也是很值得称道的，可能一开始看不习惯，但是是越看越舒服的类型。音乐也时刻与画面相称，情绪的调动也很到位。“漫漫路上面要面对的只有自己”“无法成为姐弟，也无法成为陌生人”，通过类似的话语，剧情的优秀可见一斑，在充盈的窒息感之余也传递出别样的温情。或许，渡过桥后，你也能遇到自己的三月町。,positive,bangumi,3月的狮子
展示雪鸮毛裤jpg,neutral,bilibili,夏目友人帐 第七季
作为卖角色的典型作品，可谓相当成功。第一集时我面对着十余个角色的轮番上场不知所措，最终回的混剪时我恍然发觉每个人都深深地留在了记忆之中。但受限于篇幅，真正立体的角色也只有春香和千早，其余算是被比较用心地贴了标签。开头几集的观感实在不好，充满了典中典的凝视和宅味，但没想到这是一个陷阱直到EP7弥生篇打破了偶像的箱庭，把镜头置于光鲜亮丽的包装之后的烟火气，才体现出本作真正出彩的地方，即它真的在讲偶像如何一步一步走上更大的舞台的故事。我不禁为日本动画的题材多样性而感叹。本作用类单元剧聚焦角色剧情，其中也灵活穿插了更远的伏笔和情节，故事构成上令人惊喜。但单元剧之间也有着质量参差不齐的缺点，神回和烂回交织，反派的塑造工具刻板，令人失笑。EP20后的千早线和春香线才算是都令人满意，对事务所进行了新的诠释。其中高雄統子的演出简直大放异彩。总体是一次温暖的体验。,positive,bangumi,偶像大师
rikki,neutral,bilibili,魔女之旅
回复 安古伊萨Factos  第二季雪乃，太温柔,negative,bilibili,我的青春恋爱物语果然有问题。
演出绝对是几原邦彦一个很重要的关键词。ep1：这胸中剑比罪恶王冠早了15年,negative,bangumi,少女革命
"荒矢田高校4大超能力者：
土间埋，变身能力者，可从160cm身高的少女变成50cm左右的仓鼠精。其兄长也拥有变身能力，但只能将头发的刺延长。
海老名菜菜，蒸汽能力者，可从头部散发出高热度的水蒸气，其兄长与她拥有一样的能力。
橘 希尔芬福特，瞬移能力者，似乎是从其母亲身上继承而来，能力略弱于其母，只能在旋转时瞬移。
本场切绘，隐身能力者，与其他几名能力者不同，她似乎是通过常年想要隐藏自己修炼而成而非通过遗传获得的能力。根据为其兄长并未发现具有类似的能力。",positive,bilibili,干物妹！小埋R
"第一话很有趣，联系了现实中的热梗，比如YouTuber之类，一如既往的恋爱喜剧的味道
第二话主要围绕白银和辉夜的感情线，这方面一直不是这部番的强项
听说还有后续真没想到",neutral,bangumi,辉夜大小姐想让我告白 通往大人的阶梯
这里貌似有bug，乐队名字应该刚有几个小时，结果这里显示了名字,negative,bilibili,少女乐队的呐喊
O0,neutral,bilibili,Angels of Death
sora2,neutral,bilibili,颂乐人偶
"5678101112
这几话是确实没有什么致郁成分的，观感也确实不错，不过其他几话的致郁实在是太多了。
“该作以连作短篇集的形式撰写，一方面是因为他觉得这样比较容易让人拿上手，阅读起来也比较轻松；另一方面也是因为他想在书中同时写下快乐的故事和黑暗的故事。”维基上的介绍也确实描述了这部番的特点。
只看上面的几话的话我感觉是可以给到8甚至9分的，作画很精良，剧情也不错。但是加上了这几个黑暗的故事之后确实只能给到6分。
这部作品其实也是很真实的反应了一般人的心理吧，有美好的憧憬，也有黑暗的角落。
PS：沙耶我真的好可！",neutral,bangumi,魔女之旅
这雨天啊这没GTA4不科学啊这物理引擎,neutral,bilibili,少女乐队的呐喊
回复 Megumi惠痴 雪之下虫乃别问，问就是真香,negative,bilibili,我的青春恋爱物语果然有问题。完
怎么哪里都有home吖（喜）,negative,bilibili,约会大作战 第四季
大筒木桃式（考哥jpg,positive,bilibili,鬼灭之刃 柱训练篇
宅文化的解构与再生产252圣地巡礼25916n刷,positive,bangumi,幸运星
讲道理，这个地方芙还有后招，如果这个planA不成，就把结界破了，下雨天，这两抓鸟不是随便抓,negative,bilibili,葬送的芙莉莲
学过代码的都知道，class说的是类,positive,bilibili,Fate/stay night [Unlimited Blade Works] 第一季
yamori（傲娇）,neutral,bilibili,少女乐队的呐喊
从美大到三月町，在这些温情空间里生活的善良的人们，无论平时再怎么嘻嘻哈哈，神经大条，都能被羽海野老师敏锐地捕捉到他们相处时那个最本真、最动人的瞬间。与前作不同的是，这次她更具野心：选择让更露骨的恶意侵蚀自己筑起的那个温情空间，并以之在恶意前的固若金汤，去衬得其可贵，去让人想生活在其间。（另外实在没必要苛求一位漫画家能为困扰一个国家几十年的问题提供完全服众的解答，愿意花近十集的篇幅去写观众看到就会烦的题材的校园片有几何？）但这种创作又与市民喜剧间存在微妙差别，可能后一类型的顶端能够完全把“喜”自然融入到一事一物中，无需在搞笑和煽情之间划线，亦无需借助夸张的漫符去表达。（参考小津和高畑）曾认为SHAFT风格最潮的是文字PPT以及45度角，现在反觉得色彩间的明艳协调是最可贵的。而今外头冷雨淅淅沥沥，多想唱「春来」，去迎接那个绵羊般和煦的春日。,positive,bangumi,3月的狮子 第二季
回复 hongyuu 开公司是被信任的人背叛了吧,negative,bilibili,虚构推理 第二季
致敬传奇压力王rikky,positive,bilibili,少女乐队的呐喊
《银英传》作为一部长篇OVA，也作为一部三国演义类型的历史性或历史型小说改的太空歌剧，也作为一部浩瀚无垠的浪漫史诗，实在是经典中的经典，现在的日本已经没有这种质量如此之高的OVA了，毕竟在那个年代也只有追忆、0080这样高度的OVA能与其相比了，它包罗万象，面面俱到，画面优美，可以说是全方面发展了，民主、政治、战争无不描写，它作为政治剧，虽然政治方面描写，欠缺火候，不深刻，战争描写格局小但元素众多,positive,bangumi,银河英雄传说
回复 Fatery 对啊，前几集的蜜蜂也是，好多人都怂恿坂本拍死蜜蜂，结果他用圆规夹住放出去（这尼玛谁做得来啊！），操场那条走丢的狗也是即使注意到。,negative,bilibili,在下坂本，有何贵干？
Emm有点奇怪,negative,bilibili,魔女之旅
对地球人持悲观态度的夏亚又站在了阿姆罗的对立面。夏亚和阿姆罗都有了最后一任新女友。哈萨维长大了，葵丝登场。短短时间里喜欢过两个男人又被两个男人喜欢，这很UC。名言“阿姆罗，我现在正干着贪得无厌的事。”“高达不只是好看而已！”“拉拉逊可是能成为我母亲的女性！”感觉夏亚到这里才有了更深的塑造。,positive,bangumi,机动战士高达 逆袭的夏亚
jiu ni biu 牙白一,neutral,bilibili,四月是你的谎言
"瑕不掩瑜
“卡缪比丹，出击”的时候真的哭爆了
我尚且没有能力清楚地解读作品的政治性表达，但卡缪和夏亚身上的理想主义从闪闪发光到一步步破灭的过程依然能引起共鸣。在尚处于经济上行期，理想主义任然大行其道（飞跃巅峰）的时候能写出这样抱有现实的担忧，又没有完全失去希望的作品，Z是超越了时代的",positive,bangumi,机动战士Z高达
真3a大作,positive,bilibili,约会大作战 第四季
柱子，你tnd打歪啦！,negative,bilibili,比宇宙更远的地方
诶！我们在live中穿插舞台剧表演不就行了，代号ob一串字母,negative,bilibili,少女乐队的呐喊
死给 死给 带死给 给古see柚 买哈尼,negative,bilibili,约会大作战 第四季
486居然还有时间打go,negative,bilibili,少女乐队的呐喊
soyo极限1保4,negative,bilibili,颂乐人偶
别老ky你那死人EVA 碇真嗣也配和仁菜比？,neutral,bilibili,少女乐队的呐喊
回复 zhcnhan 但是弹幕还是以前的 时间轴甚至有部分对不上,negative,bilibili,Fate/Zero 第一季
这里狂三用四之弹boom了自己的头所以被掐了,negative,bilibili,约会大作战 第四季
什么都不行，那TM还谈个P，Natural Killer Cells在此，癌细胞受死口,negative,bilibili,工作细胞
底牌也是fake的fake人，红a没错就是你,negative,bilibili,Fate/stay night [Unlimited Blade Works] 第一季
桐娅锁死。Alice由我来安慰,negative,bilibili,刀剑神域 爱丽丝篇 异界战争
ohno！ohno！,neutral,bilibili,四月是你的谎言
回复 odaahhh 点开图片，长按,negative,bilibili,魔女之旅
很好看，信息量极大，追番的话满分 朱雀这个角色真是不吐不快，他的存在，也就是他的身世（弑父投降）、他的能力（bug级战力）、他的理想（），一切都是矛盾而且不合时宜的，偏偏这些矛盾集合在一起，造就了一个毫无建设性的（极其软弱，官腔点就是缺少改变世界方法论），但又对故事走向影响极大的，我愿称之为《得到女神赐福的多愁善感迷茫日本初中男生但穿越目的地是战锤世界！？》的主人公。md，回头一看写的都是一堆什么欧化语法,positive,bangumi,Code Geass 反叛的鲁路修
675全面低配版虫师，剧情总觉得差口气，其他方面也一般ep6这个不说谎设定其实有很大的讲出好故事的潜力，但最后选择的走向算其中最无聊的了,neutral,bangumi,魔女之旅
绝对方位感，md完完全全是轻音的配置啊kora,positive,bilibili,比宇宙更远的地方
"达到极致的疯狂
我到死都想不到反转那段剧情是如何想出来的
某种意义上来说是一个Happy Ending",positive,bangumi,剧场版 魔法少女小圆 [新篇] 叛逆的物语
回复 KONGO金刚 3能打成6，说明你是想谢罪了。,negative,bilibili,盾之勇者成名录
叫ave Mujica,neutral,bilibili,少女乐队的呐喊
我是来看Kirakira的乐队番的啊喂,neutral,bilibili,颂乐人偶
妖怪：我的CP be了,neutral,bilibili,夏目友人帐 第七季
nono,neutral,bilibili,四月是你的谎言
睦没意见m不一定awa,negative,bilibili,颂乐人偶
致命ID是吧,negative,bilibili,颂乐人偶
阿克西斯之光就是人类之光，无论是逆鸭还是turnA，见证过富野刻画的一系列恒久又沉重的斗争和悲剧的轮回后，观众（也许还有富野自己）期待着起码一点希望，期待着在“无解的莫比乌斯环”的最后人类的光芒还能存续下改变的力量。然而事实是在富野描绘的腐败革命新政府马不停蹄地再陷入极端腐败的简单循环下，这样的一种期待没有实现的可能，所以你会看见新吉翁士兵突然倒戈来推阿克西斯，看到被精神力的光芒推回去的陨石，看到自己实施制裁的turnA大概只有机械降神才能给充满绝望的UC宇宙一点希望吧,positive,bangumi,机动战士高达 逆袭的夏亚
通过NipaPlay同步 观看122集,positive,bangumi,3月的狮子
想性方面的，死全family,negative,bilibili,魔女之旅
五集弃。让我京蜜转京黑的一部动画，应该也是我看的最后一部京都动画。曾经我为京都的制作感到震撼，无论是作画还是演出均让我感叹过化腐朽为神奇。不管是怎样平庸的原作，四格漫画又或者流水账轻小说，均能被京都改的熠熠生辉。可我在看完近十部京都后产生了困惑：为什么京都改编的永远是此类原作？（除去早期作品外）共同点大多为：高中校园、弱主线单元剧、轻百萌系、流水账日常系以及朋友所述的「二次元文脉」。京都作品确实是最二次元的，女角色往往婀娜多姿、极具魅力，它们是擅长卖女角色的但若是观众无法Get这点又或者失去这点，作品马上就会令人索然无味（早期作品除外）。例如Free，即便风格与以往一样，但只需男女性别互换就会导致风评与热度大为下降。可无奈我对上述特征丝毫不感兴趣，至此京都在我心中的印象也已彻底反转，「流水账日常」替代「画面惊艳」成为了京都的代名词,negative,bangumi,吹响吧！上低音号
记住第28个赞是我给的，还有放学你有本事就别跑ampquot,positive,bilibili,Charlotte
不确定是首还是2刷剧场版。笑点满满，“azu cat”出来时憋不住笑出声。流水剧情作为游记很合理，可惜感觉相比tv单元剧总缺了点什么。依然是，用最接地气的歌词呐喊元气满满。感谢京阿尼。,positive,bangumi,轻音少女 剧场版
RE：从零开始的狂三,neutral,bilibili,约会大作战 第四季
4k画质真爽,positive,bilibili,Fate/stay night [Unlimited Blade Works] 第一季
skill out,negative,bilibili,魔女之旅
op ed都好好听,positive,bangumi,葬送的芙莉莲
小决是isfp吧,neutral,bilibili,比宇宙更远的地方
Go work ？,negative,bilibili,工作细胞 第二季
re：0魔女的即视感,positive,bilibili,四月是你的谎言
回复 Zachary 因为这是one要是村田，不敢想,negative,bilibili,路人超能100 III(灵能百分百 第三季)
回复 Celolioe 犀利,negative,bilibili,间谍过家家 粤配版
回复 YuYan 应该是指同时间段里的小说内容，,negative,bilibili,关于我转生变成史莱姆这档事 转生史莱姆日记
goodluck,neutral,bilibili,国王排名 勇气的宝箱
杰克VS爱哭鬼,positive,bilibili,Angels of Death
回复 Enfin咔布 并非是中性，而是无性毕竟本体就是一个球,neutral,bilibili,致不灭的你 第三季
"派尔集合淋巴结Peyer39s patches是分布在小肠绒毛间长约数厘米的特殊结构，它的名字来源于最早发现者，瑞士解剖学家约翰派尔（Johann Peyer）。派尔集合淋巴结上面是一层肠上皮细胞，其间分布着许多微皱褶细胞（Microfold cell 简称M细胞，由于它上面一层呈现许多微小皱褶所以叫这个名字）。因为普通肠上皮细胞有微绒毛冲刷病菌，所以肠道里的病菌更容易游动到M细胞处，M细胞的结构也容易使它吞下病原体，交给背后的树突状细胞和巨噬细胞分析；不仅如此，派尔集合淋巴结内部也大量存在着B细胞和T细胞，能在收到报告后及时作出免疫反应，中性粒细胞则是在接到命令后再赶来。但这样的机制不是始终有效，例如：志贺氏杆菌（Shigellae）可以直接穿透M细胞，感染肠上皮细胞；沙门氏菌（Salmonellae）会直接杀死M细胞，接着再感染巨噬细胞和肠上皮细胞，严重者进入血液引发大面积感染。

弯曲杆菌（Campylobacter）是一类呈逗号或S形状细菌的统称，其中最常见的致病型为空肠弯曲杆菌（C jejuni 空肠是指小肠的中间部分）。胃酸对进入胃里的空肠弯曲杆菌有显著杀伤效果，但弯曲杆菌夹杂在食物饮料中时可混进肠道，入侵时，人体内多种细胞通过Toll样受体2号和4号（TLR，一类细胞膜上的蛋白质）识别出弯曲杆菌，进而分泌出细胞因子，如白细胞介素6型（IL6）和肿瘤坏死因子（TNF）来造成发炎（虽然很痛，但发炎有利于免疫细胞传递信息和自身游走）、分泌趋化因子，如IL8以动员更多中性粒细胞前来吞噬弯曲杆菌。不过空肠弯曲杆菌可以避开被TLR5和TLR9识别，从而减弱发炎，并造成难以调动T细胞、B细胞、巨噬细胞和NK细胞作战（关于应对弯曲杆菌时的特异性免疫，如T细胞和B细胞的作用，相关研究还不明确）；值得一提的是，肠上皮细胞在面对敌人时并非毫无还手之力，它也会分泌和防御素来杀死弯曲杆菌。",negative,bilibili,工作细胞 第二季
评论区有福利BV1uL411E7PD,positive,bilibili,工作细胞：细胞大作战
风速仪这个意象重复出现了好多次。ep2224竹本个人回对应着原作我最喜欢的单卷，青春公路系真好啊。,positive,bangumi,蜂蜜与四叶草
一家人就好整整齐齐 hhhhhhhhhh,positive,bilibili,OVERLORD Ⅱ
回复 魔法少女mahiro酱 应当讨伐之兽小太刀,positive,bilibili,命运-冠位指定 -神圣圆桌领域卡美洛- 前篇 漂泊的银之臂
童磨和太宰治是同一个CV,negative,bilibili,鬼灭之刃 刀匠村篇
钻尘其他人：mmk给我写的  hina：明明是nina给我写的,negative,bilibili,少女乐队的呐喊
革命与stage的搭配很赞，整体浮动着一丝氤氲的气氛，80来自疯狂的比物暗示意象，20来自商业操作下节奏混乱带来的某些接受上的失真。舞台剧最忌拖延。,positive,bangumi,少女革命
这种友情真的太美好了TAT,positive,bilibili,比宇宙更远的地方
M109，压上去！！,negative,bilibili,魔女之旅
kolacoca可还行。,positive,bilibili,比宇宙更远的地方
"202621已补，校园日常聊天番。07年老番，画风很可爱。ed好省钱，还是连续剧，每集唱的歌都不一样BGM好有意思日常剧情还不错，大部分都在聊天唠嗑。美幸天然呆眼睛娘可爱捏，此方真中二宅女，喜欢打电动，被游戏耽误的学霸啊小神晶粉切黑，变脸不扣豆，大型精分现场，好颜艺！真老戏骨。
吃谷人太赞同此方的话了！老师也玩游戏啊这番真的太真实了！美幸萌娘百科可还行。此方是真的喜欢吃巧克力螺卷面包啊小司好萌啊！此方太懂了，呆毛是本体。美幸太迟钝了这番科普真不少。傲娇镜大人ep13及之后的ed直接三维了，好抽象啊这番好多玩梗。橘势大好，百合赛高！ep21白石暴走了好家伙。泉爸老萝莉控了ep22还有纯爱刀，泪目了小镜被此方拿捏的死死的",positive,bangumi,幸运星
消耗50tp使用“粗碎暴击”！（三角符文玩多了）,positive,bilibili,魔女之旅
所以asprera这个多出来的r是拼错了还是有意为之,negative,bilibili,颂乐人偶
补一下评分，常看常新的神作，在政治、哲学、宗教方面都是有深度的刻画，菅野洋子的配乐依旧顶级，i do是真的喜欢，可惜的是近几年乃至以后的动画很难再出现像这样优秀到堪称艺术品作品了。这部相对严肃而且晦涩难懂的作品里，很喜欢塔奇克马们时而带来的轻松氛围，最后真的希望能把他们的ghost找回来啊,positive,bangumi,攻壳机动队 S.A.C. 2nd GIG
院线二刷  时过境迁，一个人心境的改变真的可以在作品中体现出来。新剧场版以一种更加温和的方式迎来了每个人的补完，心中顿生不知由何而来的感动。它陪伴我们太久，也该再见了所有的evagelion,positive,bangumi,福音战士新剧场版：破
anon tokio,neutral,bilibili,少女乐队的呐喊
好听oo,neutral,bilibili,异度侵入 ID:INVADED
谁搁那说的white lily，笑死我了,negative,bilibili,魔女之旅
what can I say，给个中肯的分数吧,neutral,bangumi,无职转生～到了异世界就拿出真本事～ 第2部分
我在没看过任何评价与番剧评论还有不知道热度的情况下看这部番。总体来说，是一部合格的青春友情番，但不算一部合格的音乐番。soyo的声音太夹是真刚开始受不了，爱音的声线感觉就是正常的，soyo的声音尖到受不了，反而到后面突然不夹不适应了。前期剧情确实很迷，无论是c团的解散，还是soyo对c团的执着。前期整部番就对soyo最反感，但到后面在剧情推进后，逐渐就能理解soyo的情感，剧情很好的把soyo圆了回来，对soyo反而喜欢起来了。单从soyo这一个人物的剧情就能看出mygo真的是一部不错的番。如果音乐这个要素能更好点，可能就打9分了。,positive,bangumi,mygo
Hhhhhhhh,neutral,bilibili,工作细胞
BGM应该换鸳鸯戏,neutral,bilibili,颂乐人偶
Tom黛打,positive,bilibili,四月是你的谎言
直言不讳地讲，我认为攻壳在bangumi上分数和排名这么高是被过誉了。首先我承认我的品味并不高，也就是年轻的二次元萌萌人的水准，欣赏不了一些太过深刻的内容。在电影院中观看攻壳时，我的一个直观的感受是好难懂。这是个较为复杂的科幻世界观，除了几个主角外背后还有什么大势力的博弈，但就是这么多的信息他也没有什么循序渐进的揭开的过程，而是一下子全糊在了我脸上。说实话，我是一下子看懵了，在很长一段时间里都还在捋人物和设定。简单来说，看不懂。而且剧中很多比较深刻的哲理啊人与生化人的关系之类的探讨，我确实感觉得出很深刻，但表现出来的方式基本都是靠对话是吧。这不会有些乏味吗？还有一点，剧中有那种不短的片段，没有人物或情节，单纯表现环境。这可能确实在烘托氛围吧，但要我说以年的眼光看这是有点意义不明了。而且故事也就是讲了一部分，结尾断的只能说差强人意。反正我是不太喜欢。,neutral,bangumi,攻壳机动队
极限过载     200G,negative,bilibili,葬送的芙莉莲
AT立场,neutral,bilibili,约会大作战 第四季
回复 John1200 的确，我小说都看到13卷了，昂还是只会个纱幕,negative,bilibili,Re：从零开始的异世界生活 新编集版
tiktok,neutral,bilibili,鬼灭之刃 柱训练篇
不过NINA一直所受的教育是辨别是非，父亲的想法违背了他的教育观念，所以NINA才要反抗,positive,bilibili,少女乐队的呐喊
前面那个奥兹是串台的吧？yuan,neutral,bilibili,约会大作战 第四季
比宇宙更远的地方是南极，比南极更远的地方是青春的理想；四个少女自己选择了被风暴和怒涛守护的冰之大陆，五个少女在最后得到了新的成长。世界很大，世界也一直在变化，不存在一成不变的事务，不存在什么都不发生的一天；那么就走下去吧，即使有点害怕，也一定能在广阔的世界发现那美好的宝藏。于是，结束了一段旅程；于是，一定会再次启程。ep2，夜幕下少女的奔跑，是她们灿烂的青春ep3，自此，天然呆少女，怕生黑长直，活泼开朗金毛，大小姐；不是同一部番，却似是故人来ep7，去往那蕴含了无限可能性的宝箱，两代人的意志在此传承ep9，猝不及防的私货，只能说，“活该”ep10，从敬语到一个假名，是友情鲜活的证明ep12，没有不必送达的信件，没有无需传递的思念ep13，因为，我们已经是“我们”了；因为有着同样想法的人，立刻就会察觉到,positive,bangumi,比宇宙更远的地方
回复 Holacat 懂了，谢谢你,negative,bilibili,mygo
ep13：话说调查兵团和驻屯兵团应该超过23的兵力了吧，两个一起反了只有中央宪兵守得住吗。不过是为了不流血才不会直接反抗的吧。ep45反了他娘的jpg。ep67真的是艾伦爸万恶之源？但是都是别人口述，存疑,positive,bangumi,进击的巨人 第三季
wkwk,neutral,bilibili,比宇宙更远的地方
0i,neutral,bilibili,四月是你的谎言
回复 琳琳000 不接受老k洗白，最开始介绍游戏的时候放出来了，末世风但是npc还是兽耳娘,positive,bilibili,NO GAME NO LIFE 游戏人生
天然life,positive,bilibili,颂乐人偶
i4b,neutral,bilibili,颂乐人偶
8和之前part1的评价一样，很难说到了顶级水准，能打85，86的样子，但是说实话9分实在是相对高了,positive,bangumi,进击的巨人 第三季 Part.2
"90 「亲人的离去不是一场暴雨，而是此生漫长的潮湿」
故事线跳跃而不杂乱，情感细腻而温暖， 牛尾的配乐柔和克制。不带说教感地把作者的价值观和人生观传递出来。平实的摄影机位带来的是满满的生活感体现，成为人与人之间细微的情绪变化绝佳载体。cv新人森风子表现亮眼，完美演绎出了绵密的脚本。ep1日记转沙漠的分镜眼前一亮，心中的沙漠跨过时间连接葬礼和写日记两段场景，一望无际的孤独茫然从诗意的画面流淌进观众心里。情绪层进却不依赖强烈戏剧冲突，体现创伤后的迟滞感，用日常细节搭配超绝的配乐一点点把人拖进角色的内心。压抑深沉的文戏如惊涛骇浪般顿挫，窒息激烈的桥段处理干净利落。
朝在沉重的人际关系世界里创造出自己的小壁橱，荒芜的沙漠中的仙人掌也开出花朵。
在高中生活的最后观看这部作品，我也即将踏入人生的异国沙漠，希望在今后的路上不会孤单，能找到自己的归宿。",positive,bangumi,异国日记
生物学：ADPPi和放能反应合成ADP在转化成光能,neutral,bilibili,四月是你的谎言
她还是忘不了她的saki酱,neutral,bilibili,mygo
感觉剧情不是很连贯，这一点倒是和漫画一样，有点太依靠bgm了，谁让bgm还算好听呢,neutral,bangumi,蜂蜜与四叶草
36期hhhhh,negative,bilibili,少女乐队的呐喊
gh,neutral,bilibili,Fate/Zero 第一季
小手一抖，op没有！（doge）,negative,bilibili,约会大作战 第四季
BH HHB,neutral,bilibili,鬼灭之刃 柱训练篇
summi呢,neutral,bilibili,颂乐人偶
C8080,neutral,bilibili,紫罗兰永恒花园
很精辟。但也不能这么说啦比如其他人是天然就是黑的黑不代表坏啊，像zack偏向被环境影响，以及没有后天的教育照顾。emm还有愉悦,positive,bilibili,Angels of Death
完了怎么像EVa,positive,bilibili,魔女之旅
回复 iiiiiw 限免快两年半了,negative,bilibili,某科学的超电磁炮
哼哼，NASA可是全身骨折硬跑了3公里呢,negative,bilibili,魔女之旅
原来bang的原曲来自这里,positive,bilibili,四月是你的谎言 粤配版
Kizuna AI震惊,neutral,bilibili,Fate/Zero 第一季
fire bird,neutral,bilibili,颂乐人偶
kelakuyin,neutral,bilibili,JOJO的奇妙冒险 石之海
墙上的是致敬oor吗,positive,bilibili,少女乐队的呐喊
回复 KatenDenka 23333,negative,bilibili,咒术回战
强如queen  也是跟着潮流才能这么传奇。,positive,bilibili,少女乐队的呐喊
nonono，小孩会有原始冲动，他们会对美女产生好感,positive,bilibili,间谍过家家 第二季 中配版
还是2d好,positive,bilibili,约会大作战 第四季
旮旯game里不是这样的！,neutral,bilibili,颂乐人偶
剧情910分，音乐910分，但GBC的效果是我目前看过的所有番里面最鹤立鸡群的存在。最初也是因为看到了竖中指谢谢的切片，然后被的质量狠狠惊艳到了才去追的（很久之前被LoveLive Sunshine粗制滥造的3DCG演出吓晕过，吃过的最好的3D细糠也不过是希德尼亚的骑士这种水平的，东映则是直接改变了我对CG动画的认知妈的只要肯砸钱就能做出无敌的动画，穿插2D手绘是为了省经费说是）。但我并不是因为这个10010分的制作才打的10分，打10分是因为我喜欢理名！！！,positive,bangumi,girls band cry
《You go》,neutral,bilibili,少女乐队的呐喊
有codm玩家？,negative,bilibili,魔女之旅
我就是我，lain就是lain,neutral,bilibili,四月是你的谎言
竟然也能到he结局,positive,bilibili,魔女之旅
回复 金珂刺秦王interesting,negative,bilibili,在下坂本，有何贵干？
回复 Wry课 雀食，都prpr过原材料了,positive,bilibili,JOJO的奇妙冒险 星尘远征军
desuwa,neutral,bilibili,mygo
剧本不如mygo，女主nina小仙女一开始的人设非常垃圾，印象最深的就是拿个灯螺旋桨打无辜路人，而我翻遍全网也找不到骂女主的视频，真是可怜我的十八岁的菜月昴了。后面的剧情也是，不够狠，非常普通，都是点到为止，最后再来点花田魔法包饺子。作为被吹到八分的作品，我只能打4分,negative,bangumi,girls band cry
伊利亚prpr,neutral,bilibili,Fate/stay night [Unlimited Blade Works] 第一季
回复 Stewfishkk 哥们儿我看你是想看18禁了,neutral,bilibili,盾之勇者成名录 第四季
竟敢舞使灯？（rikki音）,negative,bilibili,少女乐队的呐喊
BiliBili译制,neutral,bilibili,魔女之旅
按F将头捏爆doge,negative,bilibili,约会大作战 第四季
上一部《kon》,neutral,bilibili,四月是你的谎言
回复 LEONREN 对,negative,bilibili,"世界顶尖的暗杀者,转生为异世界贵族"
"庆祝某科学的超电磁炮T第二集开播！俺今天也在活跃着！

各位看到俺的选手宣誓了吗？虽然只有op前短短几分钟，但也是相当有骨气啊！

开始忽然忘了点词，但是剩下的部分靠骨气补上啊啊啊！毕竟这也是他人的请求，一定会完成！

  至今俺也遇到过很多陷入苦难的人，如果是有困难的人俺是不会拒绝的！可能会有很多不了解的领域！但俺有许多不同的证件！应对各种情况没问题！

你也有什么请求的话，放心直说吧！俺会拼劲所有骨气去完成的！

要问为什么，硬要说的话还是因为俺是有骨气的男人吧！所以你就尽管交给俺吧！

嗯，你说俺是第七位？这跟lv还有第几位没关系啦！俺的骨气能一定能成为你的力量的！即便各种障碍曲折在眼前阻挠，也要以骨气克服一切啊啊！

削板军霸的根性粉丝集中地qq群：779585142",positive,bilibili,某科学的超电磁炮T
回复 Gypsumrubrum 草，你这里我笑傻了,negative,bilibili,mygo
SAIDO CHESTO,neutral,bilibili,比宇宙更远的地方
BGM叫again,neutral,bilibili,四月是你的谎言 粤配版
op主唱藤原聪,neutral,bilibili,间谍过家家 粤配版
3d做的太牛逼了，所有角色都很可爱，剧情觉得比mygo舒服多了，队员之间的羁绊情感非常动人，矛盾的展开也很好，不像mygo那么恶心人，第十集看泪目了，亲情的刻画很感人，少女乐队就应该这样，把人性中最美好最珍贵的东西展现出来，而不是搞什么黑深残，什么跪在地上爬之类的活。缺点是结局太突然了，期待续作,positive,bangumi,girls band cry
sodayo,neutral,bilibili,mygo
证创掉了12分（doge）,negative,bilibili,魔女之旅
先输入坐标然后跟着gps走就行了，gps会显示你的坐标，方位还有里目标坐标的距离,positive,bilibili,比宇宙更远的地方
"很多人问nina为啥不在tomo骂她弹得烂的时候爆了
性格上就是不可能的，nina喜欢听真话，要说tomo明显在恭维她的时候爆了还有可能（nina甚至嘴了一句：为什么说谎？），真的是很摇滚的内核",negative,bilibili,少女乐队的呐喊
回复 Bullepop 有没有可能从第一季开始，那几个策划就是3d的样子,positive,bilibili,因为太怕痛就全点防御力了 第二季
那为什么会有女装呢，还是说明意识觉得物质Cat2Hoop,neutral,bilibili,关于我转生变成史莱姆这档事 转生史莱姆日记
回复 iglooooo 桐人：我们都是受过专业训练的，一般不会笑除非忍不住！！,negative,bilibili,刀剑神域 爱丽丝篇 异界战争
回复 color3217 唉,negative,bilibili,中二病也要谈恋爱！
Hello，hello又见面了,positive,bilibili,鬼灭之刃 刀匠村篇
zhen,neutral,bilibili,少女乐队的呐喊
ep2 ep11 ep26本季论单集震撼度远不如上季集数来的多，但层层堆叠的剧情展开及解密带来的快感无与伦比，ep26更是带来了神曲I DO的第二次演绎，塔奇克马的牺牲和巴特的十字架“ntr”名场面更是难忘。,positive,bangumi,攻壳机动队 S.A.C. 2nd GIG
回复 Scorpio丶天蝎 “靡靡之音”吗？,negative,bilibili,OVERLORD Ⅱ
"回复 虚幻糖果盒 不对，xzp主板的确在左侧（从正面看），指纹在右侧和音量、相机键通过排线连到顶端靠近摄像头处于主板相连
我用的就是xzp，以前拆过记得很清楚，电池上应该还有一个nfc线圈",negative,bilibili,辉夜大小姐想让我告白～天才们的恋爱头脑战～
这两声hihi有点像雷姆,negative,bilibili,四月是你的谎言
前12集的人物、意象、主题的各方面亮点最为突出，值得延伸解读和讲述的内容量也最多，留白、幽默夸张、严肃内容的平衡也做得很好，核心角色最好的塑造全在前12集就已经完成了。中期黑蔷薇篇则是无用角色和水剧情的嫌疑很重，又重复又没关键题材的深入。后期信息密度也同样很低，所有旧角色都重复着之前已经解读和预测过的行为，没有任何更加深入的塑造，终章继续添加的东西除了把几原从优势区拉到xp区以及给一个迟到的收尾以外不再有什么作用。,positive,bangumi,少女革命
简直就是开局一把狙结算cop,negative,bilibili,Fate/stay night [Unlimited Blade Works] 第一季
drop it,neutral,bilibili,比宇宙更远的地方
1V4,neutral,bilibili,颂乐人偶
cv好猛,neutral,bilibili,四月是你的谎言 粤配版
回复 摸鱼的kesste 洛伊德bb辣,negative,bilibili,间谍过家家 粤配版
救命我心疼小睦T T,positive,bilibili,颂乐人偶
zakc表示，我讨厌说谎,negative,bilibili,Angels of Death
why！！！,neutral,bilibili,转生成蜘蛛又怎样！
评分记录：875（7分有些过低，综合看来还是给了8），以人物关系为核心推动剧情，这方面确实好看。但是剧情深度不足，人物并没有得到多少成长（或许之后的mujica才会体现出来）。刚看完时大脑的余热让人对这这部作品着迷，再次回顾时才发现其缺少的吸引我的东西。被gop恶心到了，降05。,neutral,bangumi,mygo
个人最喜欢的恋爱动画，这一部讲两人关系之间的细腻关系特别好，好多集看下来我嘴角都没下来过，另外，op与ed我都超级喜欢，很好听。很希望会有下一个我心危的出现。说回本部，我心危第二部我认为其堪称恋爱番的顶点，它将男女主之间的关系变化，男女主因为慢慢喜欢上对面所做的一些改变都刻画地极其优秀。看恋爱番不仅要看发糖，更要看为什么发糖怎么发糖，我心危做到了，整部番看下来我嘴角都没落下来过，这就是我想要的看恋爱番所带来的快乐，它给了我所有我想象中的恋爱番该有的甜。最后我还是要说op和ed都超级好听，我甚至更喜欢ed，感觉非常符合我口味。我心危好看,positive,bangumi,我心里危险的东西 第二季
0f,neutral,bilibili,魔女之旅
wink,neutral,bilibili,四月是你的谎言
Hina：？,neutral,bilibili,少女乐队的呐喊
传下去，soyo被mortis关扣扣空间了,negative,bilibili,颂乐人偶
回复 伤觞 你说的是web的嘛？反正文库跟web剧情差别大多了，文库D自己都觉得没什么，蜘蛛子说霸凌的时候，D还觉得那就算是霸凌？,negative,bilibili,转生成蜘蛛又怎样！
回复 RainRainRainbow 高,negative,bilibili,国王排名
你们三的pos看起来好像反派,negative,bilibili,葬送的芙莉莲
sakuya,neutral,bilibili,魔女之旅
进村前继承SE1和剧场版的叙事，进村后直接跟内在逻辑性和前作的冒险氛围说了再见：主角团精神和行为ooc；叙事节奏混乱，关键信息表述不明，回忆穿插处理和衔接欠佳，就好像观众有比监督还nb的上帝视角；台词太多演出太水，无意义的对白，越俎代庖的通过台词做一番解释或评判角色，又好像观众没有脑子似的；经常拖时间，不是12集不够，而是12集太长；伊法罪性赎罪的辩证法式主线也许值得一提，但又因为1没有超越论信仰的故事内外背景秩序2意义不明的概念设计3莫名其妙的存在主义而显得忸怩作态和伪人；还有一些莫名其妙蹦出来的片段和主题关键词。总体上突出一个没想好但不得不做出来。前述一切弊病有一种为了结尾几集情绪调动强行铺垫的意味，内在逻辑性一崩就只剩强行煽情和脚本大手了，反倒是嘛啊啊、玛奇卡恰、老板娘这类不受影响的边缘角色调动了我一些。,neutral,bangumi,来自深渊 烈日的黄金乡
看番不谈政治（DOGE）,positive,bilibili,比宇宙更远的地方
bgm     one step,neutral,bilibili,比宇宙更远的地方
kita,neutral,bilibili,葬送的芙莉莲
将人生堵在运动上面是天才者的独断的权利，而享受运动感受乐趣这是每个人应得的。努力是赢不了天才的，就像最努力的恶魔仅仅是没有天赋赢不了月本，可是这又有什么关系呢？只是让他提早认识到自己的极限罢了，没有天赋者是无法取得运动的最高峰，但就像孔文革一样比赛是输了，但你的人生才刚刚开始乒乓就是这样一部作品，每个人有每个人不同的活法，每个人有每个人不同的选择与人生不是将人生全部压在乒乓球上，而是更加的感受于本身的乐趣，这也是背负太多责任的龙一最终败给peco，选手的位置最终也交给了孔文革。至于演出上汤浅非常天才的使用了一种节省资源的方法，数个分镜线性叙事（有点像city的ep5但那是同时的）完美的回忆插曲与镜头的变化让人在惊叹演出魔法的同时忘记了本作几乎少见的乒乓球作画。省资源的魔法正是这些天才监督灵感的最佳的体现，最后大平你为啥一集原画都没有啊？,positive,bangumi,乒乓
开头3D过于难看导致我以为是旧版 后来才反应过来旧版清晰度怎么可能这么高orz 素子和TV相比感觉比较冷 各种台词也比较深奥 虽然引人深思但总觉得无法完全理解 总之比较难懂 相比起来更喜欢TV」,positive,bangumi,攻壳机动队2.0
《打A还是打B》,neutral,bilibili,少女乐队的呐喊
T1000,neutral,bilibili,比宇宙更远的地方
"回复 trustme希 结局很完美，哈亚瑟的执念被水叶彻底斩断，
不在转世，哈亚瑟家族结束在这一代了",positive,bilibili,致不灭的你 第三季
85。宫崎骏的这部名作应该是最后看的，在电影院，小时候一直是童年阴影不敢看。正片结束后一直等到主题曲结束，献上掌声才离场。画面现在看依然顶级（除了CG技术有点过时），剧情宏大而严谨，人物塑造鲜明有力，主题也不是一个“环保”可以概括的。稍有遗憾的是结尾的HE不算巧妙，另外那首最知名的主题曲怎么不在正片里放。。。有两点没看懂，阿席达卡最后为啥不回村子，甚至没提及，难道不应首尾呼应吗？另外乙事主眼眵的特写表达了什么？,positive,bangumi,幽灵公主
看到是gay,neutral,bilibili,鬼灭之刃 刀匠村篇
看完G复国再看的turnA，依然没有明白富野想要的世界是什么样的。视斗争本能为洪水猛兽的黑皮权贵是错误的，热衷于斗争本能的武士子安也是错误的，那么正确答案是什么？隐居山野过着闲云野鹤般的生活吗？,positive,bangumi,∀高达
O 。O,positive,bilibili,比宇宙更远的地方
护ary战争,positive,bilibili,Angels of Death
那个穿西服打肽的就是个倒插门的管家，这个穿jk的才是正经丰川家主,negative,bilibili,颂乐人偶
manden满天 恭喜中文十级,positive,bilibili,比宇宙更远的地方
回复 mrztuu698 这个情况下，警察没有任何直接证据证明她就是掘墓人，只能举枪威胁,negative,bilibili,异度侵入 ID:INVADED
草，我还以为点开了fate！用了2小时成功塑造了牢巴这个角色，牢巴作为通过赋予自我意义而觉醒的人偶，否定了荒耶宗连的计划，创造了一系列“螺旋着的矛盾”，最后，为两仪式斩杀荒耶创造了黄金时机，实现了自身的价值。【“回来吧我心爱的手”那里笑死我了哈哈哈】当然橙子假死智斗巅峰也是不可不尝的一环，也可以体现出蘑菇的恶趣味，yue,positive,bangumi,剧场版 空之境界 第五章 矛盾螺旋
g f f f,positive,bilibili,比宇宙更远的地方
异色的钢弹，发挥出OVA优势的短篇精品。ED好听。,positive,bangumi,机动战士高达0080 口袋里的战争
惩戒鸟（bush）,neutral,bilibili,Angels of Death
"福音战士新剧场版：破
剧情（权重05：8
画面（权重02：9
音乐（权重02：85
题材（权重01：65
加权总分：815
bgm评分：8（83575",positive,bangumi,福音战士新剧场版：破
pawn船长,neutral,bilibili,异度侵入 ID:INVADED
"实在是看不惯这个比我年纪还大的片子的画风，不过，2003年的混沌武士感觉就好一点，上色和画面正常一点，星际牛仔得画面在2026看来实在是太老旧了

关键是不知道是不是制作原因，画面总觉得在闪好像，上世纪的eva也给我这种感觉",neutral,bangumi,星际牛仔
前面喝洗澡水的还真是阿du（doge）,negative,bilibili,四月是你的谎言
我竟然晕了。。。我出去缓缓OTZ,neutral,bilibili,比宇宙更远的地方
有时候欧美人真的比日本人还固执，直到本作故事质量依旧没有提升：内容还是血腥低俗猎奇neta，家庭元素进一步增加你就这么想变成《双峰》前两季？；新增的意识流演出空有炫技、实际填充物早已缺失；社会问题讽刺？这个还重要吗？这么多部下来还是停留于表面。瑞克的愤青人设、存在主义与虚无主义都已经看腻了；既然双线叙事对剧情提升为零，那为何不一条线走到底？这样还不会让有趣的点子被流水账内容给稀释掉。ep3的“瑞克变成腌黄瓜”战斗还算有趣，但家庭医生部分很无聊；ep6只有最后的善恶混战有趣，莫蒂与杰西卡居然有情感进展了；ep7勉强全季最佳，四线叙事终于做到全部及格了，但稳定政局全靠杀人也太“黑社会老巢”了且结尾仍然是全靠配乐取胜；ep8二人查看黑历史记忆。,neutral,bangumi,瑞克和莫蒂 第三季
"前半少了一本正经胡说的那种醍醐味之后，整体内容是注水。为了圈钱强行再次制造了“废校危机”实在是在糟践情怀。有趣的四校联合演习环节依旧延续了我方大意冒进，西住陷入逆境，之后通过各种运筹帷幄逆转的桥段，这点上缺乏新意。剧场版里角色疏于细致刻画，多数依旧沿袭TV和二创中的刻板印象，拜此所赐角色的塑造直接扁平化。
后半战车道cg质量很高，难得的战车第一视角再无他家，虽然依旧有很多超出物理法则的演出，不过足够浪漫。至于現实中的战车大概会羡慕的不得了吧。OST依旧满分。彩喵大队长可爱，加推。
同比LoveLive，战车道在社团活动上的刻画要更下功夫，原创世界观的设定更细致入微且充满趣味性。",neutral,bangumi,少女与战车 剧场版
soyo的cpu要烧了,negative,bilibili,颂乐人偶
plai小椅子,negative,bilibili,Angels of Death
三d打二d 这不公平！,negative,bilibili,约会大作战 第四季
射程范围C：指在10公里以外也能打人,negative,bilibili,JOJO的奇妙冒险 石之海
"大少女乐队时代的优秀作品，划时代的60fps手动K帧，爆爆爆的剧情爽感（存疑）
剧情方面最后几集还是有点差强人意吧，也不知道第二季能不能填上坑，花田第二季的诅咒不要延续了。
替东映K帧牛马们点个好虐",neutral,bangumi,girls band cry
职业指导zark,positive,bilibili,魔女之旅
我仅用0秒就听出chuya你也快来试试吧,negative,bilibili,葬送的芙莉莲
这个yo加长音好可爱啊啊啊,positive,bilibili,少女乐队的呐喊
sss级任务看住阿尼亚,neutral,bilibili,间谍过家家 第二季 中配版
建议百分比伤害，或者百分比debuff,negative,bilibili,因为太怕痛就全点防御力了 第二季
你赢了京阿尼 青春感太足了 我就像一个吸血鬼看见了太阳 好浓郁的青春感啊 谁还有多余青春从开头的disjoint到结尾划掉joint真是神来之笔 还记得算法老师讲并查集disjointset 为什么不翻译成不相连集合呢 原因是因为对这个集做过最多的操作就是合并和查找,positive,bangumi,莉兹与青鸟
第五玩家ky你妹啊这不是小女孩,negative,bilibili,Angels of Death
敢吞学院排名第三位LV5的钱，还能承受她的一击。懂了售货机才是LV6,negative,bilibili,某科学的超电磁炮
自古caster控saber,positive,bilibili,Fate/Zero 第一季
"虚假的Boss看起来就造型霸气神秘强大的各种怪物，
真实的Boss仿佛一阵风就能吹倒的骷髅，炮灰般的史莱姆，弱小的蜘蛛，",positive,bilibili,关于我转生变成史莱姆这档事 第二季
作为一个也是因为霸凌休学的人，这时候mmk和486对我们这种人来说简直就是天使来救我们的,positive,bilibili,少女乐队的呐喊
不能对明天的今天的mutsumi置之不理,negative,bilibili,颂乐人偶
missing truth and foreverkissing love and ture heart,positive,bangumi,少女革命
ZarK你就宠着Ray吧,positive,bilibili,Angels of Death
"超脱于时代的伟大动画艺术品，做到了视觉表现与哲学、宗教、心理、社会、人性刻画的极致。让eva真正成为日本动画史上永垂不朽作品的一部，让人看着看着总能忘记呼吸、忘记自我存在。这可能就是所谓最早的“脱宅神作”。
脊背发凉，心情久久难以平复。",positive,bangumi,新世纪福音战士剧场版 Air/真心为你
ui,neutral,bilibili,比宇宙更远的地方
影响我审美取向的作品。永远忘不了Faye的那卷录像带；Spike和Jet两人赌气啃鸡蛋的画面。一切尽在不言中。,positive,bangumi,星际牛仔
店名：Ma fille 法文我的女儿,positive,bilibili,四月是你的谎言
Marina Bay！,neutral,bilibili,比宇宙更远的地方
按Ctrl潜行,negative,bilibili,四月是你的谎言
几个剧场版时间乱序我也就接受了，你居然还在第五章搞碎片化时间乱序叙事，是想让我在一团乱麻中感受什么？本章节所述的矛盾螺旋究竟是什么呢？是角色的性格之相互映照？还是araya和其名字之间的相互矛盾？巴这个角色肯定是用来对比两仪式的，但其用意我没完全看懂。不过果然还是和家庭有关的故事，作为单章节，我能理解一部分故事，但说实话还是有些难懂了,negative,bangumi,剧场版 空之境界 第五章 矛盾螺旋
喰zhong,neutral,bilibili,约会大作战 第四季
回复 Badwoman空眠 断头直接就死了,negative,bilibili,约会大作战 第四季
20231补标。2023822剧场版总集篇二刷完毕。202596一期tv三刷完毕。,positive,bangumi,Code Geass 反叛的鲁路修
bravo,positive,bangumi,猫的协奏曲
回复 白昼丶Dream 意思都一样，就看怎么理解了,negative,bilibili,NO GAME NO LIFE 游戏人生
回复 kuntou 我感觉收到了假的回复,negative,bilibili,小林家的龙女仆
yingse,neutral,bilibili,魔女之旅
还想说羽野海老师爱写“童话”，这第二季开始描写真实给我咔咔打脸。第一季多是小打小闹，第二季则疯狂爆发。7集及以前真山 山田情感线以及兄弟剧情感动，结尾点题好评，其他的优点和第一季差不多。别说步入社会了，现在的我就开始怀念以前的时光了，拥有一起寻找四叶草的一群怪人是一件幸福的事情。唯一不足的就是阿久的感情线啊，fujia真的唯一黑点啊，get不到羽海野老师描绘的天才恋爱脑（）,positive,bangumi,蜂蜜与四叶草II
回复 会游泳的阿泰尔 热知识，fsn是galgame,neutral,bilibili,Fate/Zero 第一季
上下左右，BABA,neutral,bilibili,比宇宙更远的地方
"二刷小南极，发现第一次观看时遗漏了很多点，当时还是太年轻了，无法感受到片中埋藏的一些情感波动点。
这是一部阐释旅行意义的作品，四个主角在南极之行中直面内心，克服曾经想要逃避的一面，解开自己的心结。小绝克服对未知旅途的不安，在自己的高中时光中留下了“做点什么”的印记；报濑放下了在南极失事的妈妈的执念，接受了妈妈离开的事实；日向彻底抛开过去在田径部受霸凌的往事，积极开启新生活；结月终于拥有了“什么也不做”的挚友。全片更多的是在描写主角前往南极前和前往路途中面对的困难和解决困难的过程，直到第7话才正式启程前往南极，效仿日向说一句瓦达西的名言：“旅行的意义在于路上，而非终点”。
看完全片，我也和小绝一样，有一种想“乘上与平时相反的列车，为了看未曾看过的风景”的冲动。听着ed《、
》，有些热泪盈眶了hh。嗯，这就是这部动画带给我的心情。",positive,bangumi,比宇宙更远的地方
回复 RequiemTaboo 你也是啊,negative,bilibili,辉夜大小姐想让我告白 -究极浪漫-
回复 Mr丶易月生 能把生意做大的都会考虑到会长的才能而不是会长的“地位”（当然不让他们在一起的话，这个作者可以去和老虚、蘑菇一起喝茶了）,negative,bilibili,辉夜大小姐想让我告白～天才们的恋爱头脑战～
這導演可以把MYGO努力經營了人物設定，用個3集就可以全部毀面了唷。導演的小腦袋可不可以不要干涉綾奈由仁子老師。請換我綾奈由仁子老師,negative,bangumi,颂乐人偶
CV指的是角色配音这个行为，你不能说某个人是CV，必须说是某个角色的CV。,positive,bilibili,比宇宙更远的地方
ano：我还没踩过呢,neutral,bilibili,少女乐队的呐喊
太Te了姐,negative,bilibili,颂乐人偶
"回复 零幻影 个人补充2：

8、至此，琉兹、芙蕾、加菲尔这条线就全串起来了：

（1）10年前，加菲尔挑战试炼（圣域居民光挑战是可以的，但挑战了也无法解除结界第5话10分29秒），期间看见了和母亲离别时的事，之后开始害怕外面的世界。
　　虽然挑战失败，却成了强欲使徒。（说明也跟多娜有过接触）

（2）琉兹希玛进墓把加菲尔带回。进墓本身违反了和多娜的誓约，所以被解除了管理圣域的岗位。
　　琉兹从4人轮班变为了3人。
　　希玛从此一个人住，只和加菲尔有见面。只有希玛知道加菲尔对试炼的感想。
　　加菲尔也很听希玛的话，视她不同于另3个琉兹，但重要性又等同于另3个琉兹。

（3）之后芙蕾离开圣域（第10话没塞下的加回来了：去为大家创造外面的容身之所，但加菲尔不知道），再也没回，让加菲尔更憎恨外界。
　　加菲尔想追出去但又不能抛下琉兹（注意这里会被结界阻拦的只提到了琉兹），自己又无法解放圣域。

　　与此同时也埋下了新伏笔既然希玛进过墓，她会有经历过试炼吗？有的话看见了怎样的过去、对希玛又造成了怎样的影响？

9、emt明显从昨晚起就一直没睡好，这说明之前的轮回里也彻夜未眠过，试炼失败也有这个原因。

10、被冰封在森林里，指的是艾利欧尔大森林的永久冻土，小说里486对这个词是有印象的，因为王选时罗兹瓦尔和帕克曾演过一场戏威胁在场诋毁emt的贵族，期间emt就表明了自己的身世和帕克大精灵的身份、提到了大森林。动画第一季没做。

11、根据emt的发言可知：emt实际年龄114岁，外表年龄18岁，精神年龄14岁。
　　但要注意的是，实际年龄只是建立在71007的假设之上的。

　　其中，醒来后的7年（根据《冰结之绊》原文信息，其实是7年半以上）是完全没有问题的，帕克、罗兹瓦尔等人都能作证。
　　冰封的100年也多半没问题，也有某些人的发言作证，涉及剧透、先不说是谁。

　　但冰封前的7年就不一定了冰封前在大森林里是6、7岁，未必就等于在世上出生了7年。
　　有2个角度可以埋坑：（1）时间流速（2）记忆
　　这里就不展开了，总之还是那句话，Re0里的信息不是谁说是就一定是的，需要多方验证才能实锤。",positive,bilibili,Re：从零开始的异世界生活 第二季 后半
上错花轿嫁对郎hhhhhhhh,neutral,bilibili,Fate/Zero 第一季
我永远喜欢长门有希，伟大无需多言，四个阿虚来回救的处理应该可以更好些未来老虚的坑挖而不填使得故事完整性可能差了一点，阿虚对于凉宫问题的不冷静和过激有点用力过猛，且我想看长门he，但依旧是神作剧场版9192,positive,bangumi,凉宫春日的消失
GHHGJHG,neutral,bilibili,比宇宙更远的地方
补充下bv号BV1JU4y1m7vK,negative,bilibili,辉夜大小姐想让我告白 -究极浪漫-
回复 ranjia0 哦？指那位一拳打倒妖怪的高中生吗？,negative,bilibili,夏目友人帐 唤石者与怪异的访客
Zaphkiel,neutral,bilibili,约会大作战 第四季
please dont say you arelaze,neutral,bilibili,比宇宙更远的地方
"剧情节奏 85
演出分镜 90
美术作画 95
角色情感 10
音乐 10
内核 90
个人 10
【总分 931】
『事物即将有所转变之时，真的很不可思议呢，大家都踏上了属于自己的道路，就像相互催发着对方的变化一样，连锁重叠起来。』『自从你来到AQUA，我的世界就翻开了新的一页，那些平凡的日子、世界的表情，都开始闪烁着迷人的光芒。』
ARIA让我两次流下眼泪：一次是S1E11，一次是S3E13；一次是对未来离别之日的不安与惆怅，一次是对过去美好回忆的欣慰与释然。暂别了，陪伴我一个半月的ARIA不，AQUA的一点一滴，领航员的一颦一笑，一定会在未来的某个片刻重新在我心中流淌的又说了让人害羞的台词呢，这一次就不禁止了吧。",positive,bangumi,水星领航员 第三季
画画的你好像BT啊！,positive,bilibili,转生成蜘蛛又怎样！
回复 甍歌 除了游戏里有条线存活动漫里应该都会死但是最新的FATE heaven39s feel就不知道了。,negative,bilibili,Fate/stay night [Unlimited Blade Works] 第一季
msterpiece,positive,bangumi,偶像大师
回复 EmiyaTo 怎一个难受了得！,negative,bilibili,紫罗兰永恒花园
放的居然是OP,negative,bilibili,四月是你的谎言
peace peace,neutral,bilibili,比宇宙更远的地方
回复 bili1232261286 ？？？,negative,bilibili,国王排名
鱼：你xx,negative,bilibili,魔女之旅
回复 BETAPHYSICS 请问这个操应该怎么发音,negative,bilibili,某科学的超电磁炮
回复 Kakenove 结果凛输了一顿饭还是啥了的？具体忘了,neutral,bilibili,Fate/stay night [Unlimited Blade Works] 第一季
wc我好紧张,positive,bilibili,四月是你的谎言
AV阿凡达,neutral,bilibili,Fate/Zero 第一季
红a自己都不知道的xswl,negative,bilibili,Fate/stay night [Unlimited Blade Works] 第一季
cjb中的cjb，不会再看少女乐队了,neutral,bangumi,mygo
回复 Importantperson 你头像,negative,bilibili,中二病也要谈恋爱！
飞跃巅峰flcl，但是冒着热血和傻气。一些元素致敬了吉姆王，主角机设可能致敬赞波特3，前半篇则有一种“写给萨芬格尔的情书”的味道。,positive,bangumi,天元突破 红莲螺岩
都是学婊既视感hhhhhh,positive,bilibili,辉夜大小姐想让我告白～天才们的恋爱头脑战～
bgm38   看不懂围棋,negative,bangumi,棋魂
聊天框信息全都是单向，和soyo发给我一样Yeah,negative,bilibili,颂乐人偶
没事，我不用Zaphkiel，我用的是Rophocale,negative,bilibili,约会大作战 第四季
回复 永远都长不大的Energy 没有无上至尊的日子，度日如年，七年一更；；,positive,bilibili,OVERLORD Ⅲ
Good idea？,neutral,bilibili,四月是你的谎言
yee 蕉啦你,neutral,bilibili,间谍过家家 粤配版
鱼扫码了是吧（5g音）,negative,bilibili,魔女之旅
主观85，但after story太强了，10！,positive,bangumi,CLANNAD
随便立flag的后果。,neutral,bilibili,魔女之旅
wdfkzs？,neutral,bilibili,魔女之旅
细节anon和soyo的乐器摆在一起,positive,bilibili,颂乐人偶
这水瓶背面怎么有bilibili的logo？,negative,bilibili,少女乐队的呐喊
nao,neutral,bilibili,鬼灭之刃 刀匠村篇
HOO,neutral,bilibili,魔女之旅
D4C,neutral,bilibili,JOJO的奇妙冒险 石之海
回复 望月Alter 蜜伊她们集火了半天，磨的血还比不过大招烧掉的,negative,bilibili,因为太怕痛就全点防御力了
通过NipaPlay同步 观看019集,negative,bangumi,银魂
ohhhhhhhhhhhhhhhh,neutral,bilibili,四月是你的谎言
ps室友走这里是因为回房间要走这条过道,negative,bilibili,少女乐队的呐喊
回复 DJMarcelo澤  龙舞不帅吗,negative,bilibili,鬼灭之刃 刀匠村篇
nonono我的小众乐队不小众了,negative,bilibili,少女乐队的呐喊
爆衣啊tnnd，为什么不爆！爆啊,negative,bilibili,约会大作战 第四季
hltv年度残局,neutral,bilibili,颂乐人偶
gta5同款死亡声音,positive,bilibili,约会大作战 第四季
corn wave和SadSvit,neutral,bilibili,少女乐队的呐喊
他甚至还没来得及说出那个“”（doge,neutral,bilibili,工作细胞 第二季
第1次看get不到的梗，现在能get到。在搞笑番里面的佼佼者,positive,bangumi,银魂
SIM卡不是电话卡吗？内存卡不是SD卡吗？,negative,bilibili,比宇宙更远的地方
回复 Zombie 这个就像是原作没有详细描述的大狗的死棘之枪，游戏CG有时候是不能信的（比如和设定本冲突）。所以我觉得动画这点创造还是挺不错的。点到了第二法的感觉。,positive,bilibili,Fate/stay night [Unlimited Blade Works] 第一季
回复 Forerunner143 小火汁啊,negative,bilibili,关于我转生变成史莱姆这档事
回复 spring桐乃 转眼7月了,negative,bilibili,埃罗芒阿老师
二刷，虽然我不懂摇滚，但我感觉正论怪物很摇滚，结果路边一条很现实也很摇滚。从小时候被家长强迫为自己没做错的事道歉成为一辈子忘不掉的心理阴影，但不知什么时候开始一有人指出错误就唯唯诺诺地低头认错，心里再不爽但我只能安慰自己从经验来看这是最省事、最轻松的方法。就在前几天我骑车拐弯被路口冲出来的车撞了，那人刚爬起来就一口咬定我全责赔钱，看了看手表还有 5 分钟迟到，我再想理论也只能对对对然后赔钱走人，还要看他指高气昂地教训我以后拐弯记得长眼睛看路。至少对我这个被现实拷打而冷漠的灵魂来说，小孩姐这种我没有错的意志还是很感动的，在内心深处我也好想无视现实各种枷锁和这些咄咄逼人的家伙战斗到底啊bgm38。,negative,bangumi,girls band cry
Bt,neutral,bilibili,Angels of Death
"l
saaaa
a

a",negative,bilibili,鬼灭之刃 游郭篇 中配版
这里部分剧情和tv就有点不一样了，使徒做的更加高级了，明日香人设方面和tv有点出入；3号机变使徒，驾驶员是明日香然后真嗣知道是后不去战斗要比tv要合理一点，虽然真嗣还是一样的糯，但合理性相对来说好点了。打力天使救绫波丽那段印象也是挺深刻的,positive,bangumi,福音战士新剧场版：破
回复 AddictedtoD 关于克雷曼的问题在后面的帝国篇会揭晓,negative,bilibili,关于我转生变成史莱姆这档事 第二季
回复 音无结旋QAQ 25啊,negative,bilibili,间谍过家家 中配版
心目中剧场版的top1，京阿尼剧场版的Top1。,positive,bangumi,凉宫春日的消失
very good,positive,bangumi,girls band cry
“一个混混一定赢，两个混混有点危险，三个混混就得跑”这句话重点不是在“三个混混就得跑”上面，而是在“一个混混一定赢”上面。有谁有那么自信地说1v1可以做到100赢？而且“三个混混就得跑”是“跑”而不是“战败”。这多人都没意识到这两点,negative,bilibili,某科学的超电磁炮
只能说补完了，再见了所有的evagelion,positive,bangumi,新・福音战士剧场版：终
n！！！！m！！！！s！！！！l！！！！,neutral,bilibili,四月是你的谎言
"校园篇和AS前部分都在讲述大家普通人是如何获得幸福成长的，从后半部分开始，故事从渚去世的悲剧开始，朋也变得像遇见渚之前一样堕落，活成了曾经自己最讨厌的父亲模样，直到早苗的刻意安排，让朋也通过和汐的一段旅行，从逃避责任的少年，成为了真正的父亲，并且与自己的父亲和解
Clannad的治愈源于将毁灭后的事物重组。在这座小镇中，人与人的幸福在与现实世界相连接的幻想世界，会以“光玉”的形式出现，有了足够多的光玉后，便会引发奇迹，时间轮回，渚在生产后活了下来。Clannad的含义，就是大家族，渚被幻想世界拯救后与小镇绑定在一起，这部作品不止讲述了爱情，更是家族，亲情，责任和传承，尽管大家的生活并不如意，但真正的幸福，不是从未受伤，而是在一次次破碎后，身边依然有愿意陪你捡起碎片的人，而你，也愿意为这些人，依然去守护",positive,bangumi,CLANNAD 〜AFTER STORY〜
回复 FTTsss 种田JPG,negative,bilibili,虚构推理 第二季
这力气，不当T细胞太可惜了（doge,negative,bilibili,工作细胞 第二季
Panzer Vor！！！整个剧集从头到尾的分镜是属于哪怕短时间内反复观看也能有新细节发现的程度，结合弹幕大佬评论音轨多周目体验依然很充实，纯粹简单的剧情加上堆到爆满的视觉享受，这才是动画业界属于自己的顶级爆米花！制作相关的大家用爱堆叠出来的作品就是格外的特别，至今可能已经看了二十遍以上了ww每隔一段时间拿出来看都会忍不住把整个系列溜一遍,positive,bangumi,少女与战车 剧场版
评分87，A1top级的演出属实为原作加分不少,positive,bangumi,辉夜大小姐想让我告白-超级浪漫-
"冲着治愈公路番来看的，看完以后记忆最深刻的居然是大魔法使芙莉莲扮猪吃老虎狂虐魔族，还有芙莉莲和勇者辛美尔的各种恋爱剧情。
ep2戴花环，ep14下跪带戒指，ep27 花开的魔法。整部作品制作非常精良，日常叙事氛围舒适，战斗环节精彩绝伦。
“离别的时候不要流眼泪，因为再见的时候会很难为情哦。”",positive,bangumi,葬送的芙莉莲
回复 Supreme小龙 妹非妹,negative,bilibili,异度侵入 ID:INVADED
"第5话作者长月达平在推上（nezumiironyanko）的实况解说（摘选）：

1、突然而来的OP！被赞美校服漂亮的多娜开心得放弃了蝴蝶地笑了呢。（神吐槽）

2、咦？OP的演出似乎有点变化？ 

3、多娜之所以穿着校服等待486，是在再现486记忆的过程中发现，他记忆里穿这衣服的女孩子特别多，就心想486是不是特别喜欢这服装啊，的缘故。

4、因为与校服不太称，就把蝴蝶发饰变了。

5、第一【试炼】归根到底只是从486的记忆中把后悔的内容再现出来，是无法认为是仿造品的现实。但是，连深层心理的愿望都能反映出来的它是不是虚构的，要视内心的妥协情况而定，也可以这么说，但多娜的话术是不管用的。

6、由于经过上一话486已经整理好了心理精神状态的关系，多娜的挑衅发言也不管用。

7、多娜理所当然地说出了【还希望你不要打我】这样的话，就好像她以前真的有一两次因为自己干的事被打过的经历似的。

8、基本上第一【试炼】是最难的，因为无论哪个世上后悔都不易消除。

9、和第3话的时候不同，这次486记得在墓室里发生的事。（注：不清楚这里长月指的是什么，如果按小说，其实还是不记得多娜的，自己通过了【试炼】倒是知道）

10、墓室的【试炼】只要受到外部干涉就会立即醒来，486就是见到痛苦的emt二话不说就弄醒她了。",positive,bilibili,Re：从零开始的异世界生活 第二季 前半
兜兜转转大家都没事，只是回归现实生活了啊。那岂不是除了《情痴老爸寻（真嗣的）母记》外和“梦结局”差不多了。除了eva一贯的瞎抛设定等缺点外，本作说服力要好一些，依我看，EVA吸引人主要还是靠气质吧，不能在逻辑上推敲，6310吧,neutral,bangumi,新・福音战士剧场版：终
“猎杀结束，开始对决”（bushi）,negative,bilibili,葬送的芙莉莲
回复 此面向敌Claymore,negative,bilibili,咒术回战 第二季
mako,neutral,bilibili,颂乐人偶
2025年bangumi注册账号超过100万，2025年CLANNAD掉到83，与此同时孤独摇滚84分，BanG Dream Its MyGO 8分,positive,bangumi,CLANNAD
有很多neta和“引经据典”和cv梗，可惜都来自老作品，暂时get不到，想必懂这些的人看这个番肯定很有意思，算是挺有活的    这个真人结尾也很有活，cv要配音就算了，还得拍这种沙雕结尾,positive,bangumi,幸运星
这个开头节奏一般啊说实在的一帮神人，于mygo更甚精神分裂什么的不会是机械降神方便换人设吧如果这部番叫mygo2我会觉得它相当不错，但作为mujica自己的动画，mujica那帮人到底都在干什么啊ep7前面硬包饺子让我觉得乐，莫名其妙的回心转意和心有灵犀让我觉得怪，结尾live鬼嚎我没忍住直接爆粗口了ep8：总算开始干正事了，只是这给我干哪来了ep9没一个诗人所以你们到底为什么要组mujica？202645，还是看完吧跟朋友连麦看完了，这种乐子片就是得有人一起吐槽才能看得下去。看完感觉最后三集很有巧思，舞台式的独白，倒转的op和ed，live的设计，可惜这个剧情实在是烂泥扶不上墙，尤其是如果整个故事被定位为一个沉重的“成人式”的故事，这种不讲道理的皆大欢喜算什么呢,negative,bangumi,颂乐人偶
black是战亡的白血球画得不够多，其实数量差不多的,negative,bilibili,工作细胞 第二季
回复 Windy 都懒得解释了,negative,bilibili,间谍过家家 粤配版
提醒一下楼上是在调侃，师傅知道mob很强，但从来不会看轻mob的安全，第二季去硬刚boss就是最大的体现。,neutral,bilibili,路人超能100 III(灵能百分百 第三季)
结月在干什么啦WW,negative,bilibili,比宇宙更远的地方
二刷，作画很不错的萌豚番，剧情也没有雷点，在 ppt 大量出没的废萌里算很不错的了。而且演出很有特点，上次见到那么奔放的还是在 pop 子里 bgm38。,negative,bangumi,孤独摇滚！
q 桑心想：我不配为柱  q 桑说的：我们不一样  柱们听到的：你们不配与我为伍,negative,bilibili,鬼灭之刃 柱训练篇
回复 biplayer老哥，这样B班就有些暴力了（滑稽）,positive,bilibili,欢迎来到实力至上主义的教室
没想到吧468，这才是我的占家计划（doge）,negative,bilibili,少女乐队的呐喊
BV1tW411W7Xy,neutral,bilibili,NO GAME NO LIFE 游戏人生
义忍99（cd）,neutral,bilibili,鬼灭之刃 柱训练篇
网上的评价很高，但奈何我看完后实在是没有太多感受，我个人是非常喜欢电影以及动画的，深知了解一部作品需要耐心观看，然而金敏导演的作品《红辣椒》包括此前我看过的《东京教父》都实在是没能对上脑电波，第一是金敏导演的画风我不喜欢非常主观，第二是大部分人所感叹的片头梦境描绘与后续的梦境大游行对我而言都没有太大感受，不知是否是年代局限性所致，在2026年的今天AI已经能做出各种离奇视频，而以前只能在电影里看到的山水风光大场面如今短视频也随手就能刷到见到第三是关于故事性以及梦境的描绘，我是个每天都做梦的人，但看完后却感觉刻画的非常浅显，而剧中想探讨的主题我甚至都没有感受到，同一时期的《攻壳机动队 1995》则给我印象太过深刻，看完后是会引发深思的「关于「我」是否存在」，而这部《红辣椒》在我个人看来实在是平平无奇。,neutral,bangumi,红辣椒
nein！,neutral,bilibili,魔女之旅
初学日语者 医生不是i sha吗 怎么说se n se i,negative,bilibili,Angels of Death
回复 小虹书 486艾姬多娜我们不熟，我还是喜欢emt。,negative,bilibili,Re：从零开始的异世界生活 第二季 后半
淳朴的bz战术,neutral,bilibili,魔女之旅
Please dont say you are lazy！,negative,bilibili,比宇宙更远的地方
谁还记得伊之助，我的猪猪呢qwq,positive,bilibili,鬼灭之刃 柱训练篇
比起95版，傀儡师改用榊原良子的声音太对了。没看之前还以为整部片都改成3d了，原来是部分改成3d。开头的名场面改成3d了，更喜欢95的手绘。,negative,bangumi,攻壳机动队2.0
好搞定的妖怪x10086,negative,bilibili,夏目友人帐 第七季
回复 Radiati0n 去看mujica第一集剧透你就知道了，睦头很难开心得起来吧,neutral,bilibili,mygo
Op好看到不舍得跳过,positive,bilibili,颂乐人偶
4k高清真好看,positive,bilibili,鬼灭之刃 刀匠村篇
令咒正确用法个锤子，现在最好是不动和时辰一样等待berserker和saber两败俱伤才对。反正saber被刺伤落败只是时间问题,negative,bilibili,Fate/Zero 第一季
"这个OVA做的也太出彩了。看完被压了块石头一样难受。巴尼和阿尔、巴尼和克里斯的阴差阳错导致BE，以及最后经历一切后的阿尔和同学的对比都用一种很宛如日常般的方式告诉战争的残酷。
十分优秀的作品。",positive,bangumi,机动战士高达0080 口袋里的战争
猪猪凿洞ing,neutral,bilibili,鬼灭之刃 游郭篇
eater,neutral,bilibili,Fate/stay night [Unlimited Blade Works] 第一季
在 TV 已经很完整的基础上，又继续着 TV 里，舞台少女的下一站应该是哪里的发问，以此献上了几对 CP 精彩的戏剧演出。我能够明白，哇嘎利马斯，这歌剧演出美轮美奂的闪耀，舞台少女对羁绊和舞台之渴望而展现的闪耀，制作组为歌剧演出编排所耗尽心思的闪耀，汇聚在这一步剧场版里，那光芒让我根本舍不得移开视线。我热爱少女歌剧，我热爱它所呈现的闪耀。,positive,bangumi,剧场版 少女☆歌剧 Revue Starlight
回复 算命巨匠prophet Md绝了,negative,bilibili,刀剑神域 爱丽丝篇 异界战争 -终章-
回复 SummerinDec335 估计是我们平时老说原地结婚，结果真的,negative,bilibili,总之就是非常可爱
ICE,neutral,bilibili,少女乐队的呐喊
"制作组我们经费不足，工期也少，我们不像隔壁超人高中生那样有本事提前全集制作完成，但我们也想在有限的时间和经费之下做出优秀的作品，而现在，Ready perfectly，一切准备就绪，
我Gonna be ok ，总会有办法的，动画制作辛苦也不容易，在这样的情况呈现给我们的是一部让人眼前一亮的优秀作品，无论如何，这部动画在我心中都留下了浓墨重彩的一笔，",positive,bilibili,这个勇者明明超强却过分慎重
"【9】
ova动画最后的高峰 原始冲动带上意识流的演出 无敌的配乐和作画足以让我打出高分",positive,bangumi,FLCL
"弹幕里有人对结尾奉太郎回答“卖出14本”提出质疑。实际上里志的原话是，“我的宣传有没有起到作用呢？”也就是说，是从这一集里志硬核营销之后才开始计数。
古典部内部解决的12本是不算数的，上一集当中那个朋克老哥买的也不算。直到这一集扛着AK的学长说着“记载kanya祭语源的就是这个嘛”，很明显是听了宣传才来买的，从这一本开始才算数。所以奉太郎回答在里志的鼓动下卖掉了271314本。",negative,bilibili,冰菓
"在不加说明的情况下，记忆细胞指的是记忆B细胞（记忆T细胞作为T细胞的预备军也是存在的）；记忆细胞在B细胞的基地生长中心是如何产生的，科学家们尚未完全弄懂，只知道经历过初始免疫反应后会有一部分B细胞分化成记忆细胞长期存在（最长可以终生）；在第二次或者更多次遭遇同样的病原体时，记忆细胞能更猛烈、更有效地作出反应；如果这回记忆细胞没排上用场，它可以会到生长中心基地进行修炼（体细胞高频突变（somatic hypermutation），以及亲和力成熟（affinity maturation），完成后战斗力更上一层楼；记忆细胞的显著特点在于其表面的CD27受体蛋白，它对于管控其他B细胞和控制抗体合成起关键作用，如果CD27出问题，通常说明人体陷入了自身免疫病。

腮腺炎病毒非常专一，在所有生物里只感染人类，而且主要在青少年和幼童群体引发流行性腮腺炎；感染腮腺炎最显著的病状就是脸颊两侧腮腺肿大，动画中被腮腺炎病毒感染细胞的模样以及病毒名称也是来自于此（腮腺炎的英语mumps是mump的复数，这个词作为古英语原意为“扭曲的面部表情”，如今这个意思已不再使用，仅保留下来专指腮腺炎）；流行性腮腺炎通过呼吸道传播的传染性强，但大约一半的人感染后不显示症状或者症状轻微，几周就能自愈，最常见的严重症状表现为男性的gao丸炎；注射疫苗是最有效的对抗腮腺炎病毒手段，各国通常都将麻疹、风疹、腮腺炎疫苗整合起来联合接种（即麻腮风疫苗），欧美发达国家很早便采取施打两次的形式提升疫苗效果，并鉴于近年来腮腺炎疫情的复苏，推进实施施打三次；我国直到2020年1月才开始将腮腺炎疫苗提升至全民规划施打两次，力度还显欠缺。",positive,bilibili,工作细胞 第二季
不如第一季一根几把毛，流水账巨他妈无聊，磨磨叽叽一整季不下去，who 几把 care这逼村子？黄金乡真意义不明，正常一层层冒险不好吗？一季演完了对第六层啥了解都没有，就硬演你那个村子，第一季我还能说土笔这傻逼至少剧情是有水平的，黄金乡就是纯区，继续搞你那个傻逼虐童，让观众看的舒服点比杀了他妈还难受，这种区中区活着浪费空气，死了浪费土地，傻逼。唯一能看的也就偶尔闪过的普鲁修卡，我一看到普鲁修卡就又想到大区土笔把她给虐死了,negative,bangumi,来自深渊 烈日的黄金乡
24年捏，梅c好像塌了,negative,bilibili,四月是你的谎言 粤配版
回复 Han00 这是剧情,negative,bilibili,葬送的芙莉莲
小忍的B G M！,neutral,bilibili,鬼灭之刃 柱训练篇
www我哭XX,neutral,bilibili,夏目友人帐 第七季
回复 Aviric 还没有之后的剧情，和动漫剧情大致是一样的，只不过有些小细节不一样,neutral,bilibili,mygo
你还没和数田遥亲过吧，你的初吻不是数田遥的，ko no本堂町 da,positive,bilibili,异度侵入 ID:INVADED
M242机关炮,negative,bilibili,魔女之旅
ps2  把,neutral,bilibili,比宇宙更远的地方
relaxing,neutral,bangumi,轻音少女 第二季
独一份的音画视听给我一种每集都像身临不同的水墨画，如作为观测者的银古带着观众走进一段段奇妙中带着合理，细腻中带着温情的旅途。所见之物，所遇之事的帮助和解决如指间飘洒的驱虫烟一样潇洒从容，从这虫与人共存的自然世界中窥探人文关怀，志怪又引人深思。印象深刻的单集ep6 ep12 ep15 ep20 ep21 ep26,positive,bangumi,虫师
企鹅：你看喵啊！充Q币不Oo？,neutral,bilibili,比宇宙更远的地方
ep5的黄大叔脱鞋、高坂撩发和行军演出。 ep8高小姐撩人确实有水平啊，看把黄大叔搞得一愣一愣的。爬山开始的对白有点顶啊，突然间就把关系拉近了。,negative,bangumi,吹响吧！上低音号
Pray 祈祷,positive,bilibili,Angels of Death
回复 最高速GO 拐回个daguzi怎么办,negative,bilibili,埃罗芒阿老师
拿的DBS,neutral,bilibili,约会大作战 第四季
freebushi,neutral,bilibili,四月是你的谎言
回复 Drowsiness 打破,negative,bilibili,干物妹！小埋R
haoye,neutral,bilibili,少女乐队的呐喊
初华是见过crychic的合照，在意和祥子一起组乐队的人,neutral,bilibili,mygo
过了段时间才来评论，感觉还是10分满分。剧情，人物塑造，对人生的讨论，音乐等等方面都是教科书般的，09年的作品放到26年还是毫不落伍，真是牛逼。而且我对于番剧的时长有点个人的强迫症，感觉一部番至少得有20多集，10多集的番我基本没有打过满分的，主要是觉得10多集的番要么受题材限制导致满分就不是10分，要么是在剧情人物塑造等方面受制于篇幅太少而并不能完全舒展开，作品就会变得很单薄。但是FA有60多集，在这一点上不仅完全舒展开，还并没有变得拖沓，真是恰到好处的完美。,positive,bangumi,钢之炼金术师 FULLMETAL ALCHEMIST
这不是ena弟弟吗,neutral,bilibili,少女乐队的呐喊
回复 fullandfall 哈哈,negative,bilibili,我的青春恋爱物语果然有问题。
MVP阿尼亚一家人,neutral,bilibili,间谍过家家 第二季 中配版
此时，折纸还在单挑boss,neutral,bilibili,约会大作战 第四季
twi的网名吧,negative,bilibili,比宇宙更远的地方
回复 AIRXSD 本来就不怎么聪明《我在使用殴打疗法》,negative,bilibili,间谍过家家 第二季
回复 Repedestrian yes,negative,bilibili,Re：从零开始的异世界生活 第二季 后半
gey,neutral,bilibili,魔女之旅
jin爹！！！,negative,bilibili,Angels of Death
飞在天上用aoe技能打单体怪，真的生怕自己魔力量不够多,positive,bilibili,葬送的芙莉莲
重力场，qi d启动,negative,bilibili,颂乐人偶
回复 养生堂堂主核桃 至于当麻能不能躲开枪击，我个人看法是不是偷袭的情况下可能能躲开不密集，频率不高的枪击。但是论这个其实意义不大，面对持枪对手，当麻可以用掩体来反击（参考旧约ss1用防弹玻璃打skill out）,negative,bilibili,某科学的超电磁炮
三集弃了，bangumi85分以上的番里看过最无聊的一部，叙事迷惑，一个换脑讲不明白，案件故事无聊至极。攻壳系列这叙事和故事就没有好的，只能被吹思想性，押井守的电影我还能欣赏个音乐、构图、美术风格，这番除了设定看上去像那么回事其他对我的观影体验来说简直是一无是处,negative,bangumi,攻壳机动队 STAND ALONE COMPLEX
8孩子们，我们还有机会看到第2季吗？本以为是废萌，没想到被部分单元剧塞了一整嘴的怪味豆。优点？还行吧，人设我很喜欢。故事，，你是这个，乏善可陈。上田小姐她太会唱了，op画的相当出色，循环了不少次。至于ep8的切发魔演绎，是本人的真情流露吗？（内里有了不得的魔鬼）。EP4和EP10，不喜欢这样的黑童话。你和金目小姐做一桌，手高眼低。,positive,bangumi,魔女之旅
闪耀之路补np啊,positive,bilibili,Fate/stay night [Unlimited Blade Works] 第一季
二刷 oo,neutral,bilibili,四月是你的谎言
aieeeeeee！忍者？忍者为何？！,negative,bilibili,比宇宙更远的地方
starbeat,neutral,bilibili,颂乐人偶
回复 TFBOYS1113号 地,negative,bilibili,间谍过家家 中配版
SPACE 老 闆 都 築 詩 船,neutral,bilibili,少女乐队的呐喊
即便是最顶级的童年滤镜，也无法在本人的视域中，掩盖本作于演出上的松懈，以及对部分BGM的滥用。举例来说，战斗场景总是不愿剪掉冒头的pose帧，以至于很多场景都像是摆好姿势后受击，缺乏对战场的灵活调度。而在非战场景之中，为了叙事效率，为了跟上台词的推进，又经常连跳好几个关键帧，使全片显得不流畅。如果说“回合制模式”是由那个时代的电子游戏与桌面RPG，向亚文化扩散的想象力牢笼的话，本作便是处于这一笼罩之下。另一方面，为全剧注入情愫的家族情谊，这方面的描绘不算差，但由于脚本们对人心的解析度偏低，显得又未能更进一步。总之，这是一部在设定上从0到1的开山之作，但缺乏由一向多的进一步努力，尽管最后一季度显得想要迈出这一步。,neutral,bangumi,数码宝贝大冒险
Npc刷新了。,negative,bilibili,四月是你的谎言
INFP被压力到影子人格ENFJ觉醒出来解决问题了,positive,bilibili,颂乐人偶
迷之诺扣Q3诺卡塔,neutral,bilibili,四月是你的谎言
CRYCHIC：那我呢？,neutral,bilibili,颂乐人偶
回复 FAmRenderer ？,negative,bilibili,名侦探柯南
"两段超级live，超级没尾剧情。
本身可以有65的样子，但是如果你的不甘心都是假的，现实里没办法回到五人团。小孩姐是动画里面的自己想要对抗的样子。很难过。
超级回旋，团队集齐，一起爽快live ，除了最后结尾没做好，别的都给我反抗的力量。是最好的少女乐队之作！最强少女乐队！",positive,bangumi,girls band cry
biema,neutral,bilibili,比宇宙更远的地方
ep10神回，单集可以给满分，算上之前的综合9分，可惜最后一集拉了，小孩姐性格还是有点欣赏不来，单论对于该不该帮被霸凌的那件事我还是站Hina那边，小孩姐这不纯引火上身了，看的头疼，但是动画制作确实精良，最终在7分和8分中选了8分，感觉给7太低了，8分偏高但是四舍五入可以给到8，至少比隔壁卖狗和母鸡卡那帮老娘们逼逼赖赖你推我搡强太多了,positive,bangumi,girls band cry
84拖了很久還是看了。除了太過刻意致敬95攻殼和無罪外，內容也沒什麼太大問題。事實上神山的攻殼都是這樣，無非劇場版的篇幅更短，完成度沒那麼高。其實神山攻殼的主線就是在寫社會，SAC是借笑臉男寫官商勾結的腐敗，GIG是借出島難民寫日本獨立的可能性。不過，SSS想寫的很多很雜，他們想一次性寫老齡化和少子化，還有兒童教育以及外來民族對國家的侵蝕。以上內容想在劇場版篇幅寫好，可見野心這方面不比前兩季TV小。結果也算不上不盡人意，但確實不如TV深入，差點意思，以至於最後也只是經典的階段性問題，相信後人的智慧。然而現實卻很好的幫SSS彌補了這點，加拿大和日本有印度人移民，美國仍煩惱於墨西哥移民，歐洲有難民問題，中國有K簽。至於老齡化和少子化，起碼解決了兒童教育了嘛，對吧嗎？,positive,bangumi,攻壳机动队 S.A.C. Solid State Society
钢管落地mp3,positive,bilibili,Fate/Zero 第一季
REC 非正常拍摄,positive,bilibili,少女乐队的呐喊
"202525 印象深刻的几集
Ep2 聚焦后现代社会对于传统伦理的重构。
Ep10 优秀的分镜、演出表现。
Ep12 后现代的价值观？
Ep15 对于AI的讨论放在2025年当下很合适。
主线围绕后现代科技实现信息共享所带来的个人同质以及自我身份认同危机，stand alone complex有意思。",positive,bangumi,攻壳机动队 STAND ALONE COMPLEX
回复 bili52878619248 所以啊，对我这种不看原著的动漫党来说真的一脸懵逼啊，第一集看下来观感就是，没人桐人这一个个的人物性格都变味了我的闪光亚丝娜哪去了,negative,bilibili,刀剑神域 爱丽丝篇 异界战争 -终章-
DNA,neutral,bilibili,少女乐队的呐喊
回复 Nietzsche7 同人大法好，幼儿园老师早坂爱参上,positive,bilibili,辉夜大小姐想让我告白？～天才们的恋爱头脑战～
"同学推荐。看了前四集，感觉不错，对于同为3渲2的《mygo》来说，剧情变的更精彩，那些放弃乐队的理由也更有逻辑（这里不是说《mygo》不好看，而是一个好，另一个更好），同时也反映了想组乐队出道的梦想在当今社会还是难以实现。
现在看完了",positive,bangumi,girls band cry
solid society直面精英教育的理想、社会老龄化、低出生率等问题；反思在满是漏洞的养老福利机制，少年儿童频遭家暴、遗弃等问题下该如何保障他们的权利。素子最后一刻挽救自杀的陀古萨那一段最为精彩,neutral,bangumi,攻壳机动队 S.A.C. Solid State Society
zhej这就是楼里人的告白方式吗，有点意思,neutral,bilibili,Angels of Death
看成NTR,neutral,bilibili,比宇宙更远的地方
noya同款发胶,negative,bilibili,四月是你的谎言
chuochuo,neutral,bilibili,间谍过家家 第二季 中配版
"还是给了9，剧情实际上起伏不大，就是中野影响略大，前几集中野表现不行啊。
还有ED余音袅袅的感觉的集数没第一季多",positive,bangumi,虫师 续章
这就是天才吗。最近在做一个关于解离的短片卡住了，刚好看到了这个片子，真是令人焦虑啊。缓了一天来说说我的想法。在叙述上，我看到了片子的每个部分都被 控制组织 地异常紧密 符号信息技法 被极为系统地控制，形成了一个紧密相扣的意义结构网络，文本由此产生了复杂且集中的意义避免了意义的无限增殖，让观众的体验集中在一个非常紧凑且丰富的文本空间内。另一个方面是在戏剧性上，片子真劲啊，就是似乎没有那么深沉的叙事魅力。还有对不同 屏幕空间Frame 的使用，把多种时空融合在了一起，某种程度上挺VR的，有意思。先这么多，想起来再写。,positive,bangumi,蓝色恐惧
awa,neutral,bilibili,Angels of Death
扎克cv是rap,neutral,bilibili,Angels of Death
"总体推荐一看
先说优点：得益于3d制作带来的极其灵动的表情动作，以及live下的大动态运镜让人看的很舒服
除此之外我能看到的全都有点小问题：相比较之下的2d动画太差，看了流畅的3d，下一秒镜头一切，给到一个卡顿的2d动画的割裂感太强，十次有九次得出戏。
剧情方面只能认为是标准的主角带着大家一起走的感觉，只有个别集处理了成员间的矛盾，其余几乎全是无脑跟着队长走，而且在队伍里有阅历明显更深的两个大朋友在的情况下，我只能认为这是为剧情所做的妥协
在故事所想表达的方面，我感觉制作组想触碰的问题太多，太深，以至于短短的13集根本表达不清，结果是草草收尾，实在可惜。",neutral,bangumi,girls band cry
all fish,neutral,bilibili,mygo
回复 Lypto 斯锅以，仙贝,positive,bilibili,四月是你的谎言
be the one说是,negative,bilibili,魔女之旅
CS来了,negative,bilibili,鬼灭之刃 刀匠村篇
湮灭？不好是D4Cdog,negative,bilibili,约会大作战 第四季
芙兰老师www,positive,bilibili,魔女之旅
隐藏mvp，琴里被动,positive,bilibili,约会大作战 第四季
GB01QF1,neutral,bilibili,比宇宙更远的地方
站起来mio,neutral,bilibili,颂乐人偶
回复 Gelrose 而且“係”是“是”的意思,neutral,bilibili,间谍过家家 粤配版
欢迎收看《关于我即使害怕蜘蛛也点了追番，还想把女主当老婆的这件事》cv9659905,positive,bilibili,转生成蜘蛛又怎样！
我去，一天没看到底发生了什么，sm号是sm26840551，有兴趣的人可以去看一下，原视频里说明的好像是本来就有潰瘍性大腸炎，结果还勉强模仿了这个吃法，一开始可能有些误导了orz,negative,bilibili,干物妹！小埋
sees,neutral,bilibili,四月是你的谎言
回复 goldchang 有些集本身真的还好，比如第1集。就是这么水，总时长又不允许他全部做出来，所以会让人不忿。如果时长充足，他随便水绝对不是缺点,negative,bilibili,我的青春恋爱物语果然有问题。完
回复 薄暮与科学巫术与RT 旦亚勿cue,negative,bilibili,JOJO的奇妙冒险 石之海
"26年补了07年的番比我年纪还大呢P
很棒的电波系日常番，女孩子之间真美好TvT
由于入宅不深相当多的梗看不懂呢（感谢华盟字幕组），不过团长赛高！",negative,bangumi,幸运星
ng,neutral,bilibili,鬼灭之刃 柱训练篇
可以想象一下领导在监控室里看着他在这Play,negative,bilibili,少女乐队的呐喊
Nice,neutral,bilibili,四月是你的谎言 粤配版
75100。经过展开世界观的世界，最棒的还是对于这个世界的塑造，而s2本质还是只讲了一个故事，是区别于s1的，但是正因为只是讲一个故事，让我感觉剧情稍显拖沓，固然精彩，但还是不够紧凑，有些猎奇的地方让我感觉是为了猎奇而猎奇，要是改成剧场版那个长度也许会好不少，感觉最好看的还是黎明卿的那个剧场版，环环相扣步步紧逼，看得爽，感觉这家公司看下来对我来说都是剧场版比TV观感好。,neutral,bangumi,来自深渊 烈日的黄金乡
hey、hey、some like it hot ！,positive,bangumi,银魂'
Bgm好评,neutral,bilibili,Angels of Death
作为第一部真正值得一看的只有风子篇，其他几篇相对来说更像是“凑数的”，是gal无论如何也绕不过去的攻略不同女主的ml环节，这些女角色都成了故事发展的垫脚石，如果没有第二部我肯定只会打七分，但是正因为有了第二部，这些独立的不同女主的线也有了一定意义。她们让我更加沉浸在这个故事里，真切的体会在这个世界里的人情冷暖（或者说只有暖？ww）。而且相对来说，cl前面几集确实是无聊的，甚至有些谜语人环节让人感觉不知所云，让我想起当时看石头门，也是看了十来集才开始有意思起来。另外我真的很想吐槽一下风子每次作为谐星角色登场，好不容易碰到让我感动的女主，居然这样滥用。能理解想让观众能继续看到这个给我们带来感动的角色，但是主角团对她的遗忘的反应让我很难接受，我不敢想风子一个人的时候有多难过。,positive,bangumi,CLANNAD
回复 bili76121441769 网吧老板又怎么了,negative,bilibili,虚构推理
Queen觉得很赞,positive,bilibili,约会大作战 第四季
我这个门有点坏，要ong一下才得,negative,bilibili,少女乐队的呐喊
找米兰桥ing,negative,bilibili,国王排名 勇气的宝箱
陌生的天花板Eva,negative,bilibili,约会大作战 第四季
考虑到作品的先后顺序，业界影响力以及商业成绩，客观来说Zeta的完成度是高于TurnA的，但我就是更喜欢TurnA,positive,bangumi,∀高达
mu li 是条件不足办不到哦，不是ya da 说明伊蕾娜感情上是接受的。,positive,bilibili,魔女之旅
回复 猴叨叨v 要是mappa可以改结局我直接把巨人封神,negative,bilibili,"世界顶尖的暗杀者,转生为异世界贵族"
这么重要的胸针居然没有GPS功能吗,neutral,bilibili,魔女之旅
真的好过分，好心疼zk,neutral,bilibili,Angels of Death
借楼，1207的bgm是什么，有无大佬告知一下，谢谢,neutral,bilibili,辉夜大小姐想让我告白 -究极浪漫-
上一部 Re创世主们,positive,bilibili,四月是你的谎言
开gwa,neutral,bilibili,间谍过家家 第二季 中配版
2022033101 2到12集二倍速。碎碎念：,positive,bangumi,魔女之旅
"回复 cuidashi8哇，扎心了，我真不知道这手机客户端如何在消息里恢复评论。还是在热门评论里翻到最下面才能回复的。
其实上不上去都无所谓啦，热评的科普君实至名归",negative,bilibili,OVERLORD Ⅱ
AirTag说是,negative,bilibili,魔女之旅
486现在在bgm里敲鼓呢,negative,bilibili,少女乐队的呐喊
好吓人的staff表。不评分的理由同老版。,negative,bangumi,哆啦A梦
这里薇尔莉特回复他了吧声音调最大有句hi,negative,bilibili,紫罗兰永恒花园
运气MAX,neutral,bilibili,关于我转生变成史莱姆这档事 第三季
虽然对没一个都这么说的，但他从没说过只爱一个dogo,negative,bilibili,约会大作战 第四季
回复 Shiu酱  你了解坂本想吃意大利面的心情吗23333 吃货坂本,negative,bilibili,在下坂本，有何贵干？
so鸠ry,neutral,bilibili,间谍过家家 粤配版
"20257142025723补番
3D制作确实给乐队动画注入了不一样的血液，流畅地环绕live真的很爽，感谢东映相关的制作人，给我们呈现出如此精美的画面。
追完之后感觉，前面十集的完成度远高于最后两集，可以看出花田后期控不住了。如果在第十一集live之后就结束了，将会是一部非常好的作品，而不是在荒谬的两集签约完又退社，最后的live还没有完整版。但无论如何，追番的体验是很愉快的，希望能有第二季。
但还是很感谢帕鲁们的辛勤付出，听说他们有很多都累到辞职了，希望他们前程似锦。",positive,bangumi,girls band cry
2021年6月看过的，我只是突然想修改下评价，怎么就把我补标记录给更新了？？吐槽：什么鬼，完全get不到这部动画在讲什么，剧情这种东西存在吗？非常平淡且没劲的故事。,negative,bangumi,强风吹拂
"这961的大叔素在？印象比较深的是巧合连环的梓回和结尾的春香回，对偶像题材其实不太感冒，但还是尝试去看了，单纯觉得大家开开心心的挺好的。最萌大额头
765 Record",neutral,bangumi,偶像大师
偶像番最高的山，能在此之后的诸多偶像番中找到她的影子，这也是迄今以来唯一一部能触及我泪点的作品。ep8准神回，ep20ep24神回。为自己的梦想而闪耀，为彼此的羁绊而闪耀，为观众的注目而闪耀。制作放在十余年后的今天也是十分炸裂的存在，尤其是两个神回的画面表现，以及手绘live，说实话对诸如ll之类的3Dlive简直是降维打击双重意义。虽然确实有些单集比较平庸，但这就是神作。haruka，永远的center，当前唯二我觉得有人格魅力的动画角色,positive,bangumi,偶像大师
hello另外一个人,neutral,bilibili,四月是你的谎言 粤配版
h11钢,positive,bilibili,鬼灭之刃 柱训练篇
回复 Thinks Fu是吗,negative,bilibili,关于我转生变成史莱姆这档事 第二季
Be,neutral,bilibili,四月是你的谎言 粤配版
个别单集表现挺好前几集观感像是那种5块钱就能买到的‘没伞的孩子，必须努力奔跑的那种书一样：‘你觉得我做不到，我偏要证明给你看。’我真的不想再看到这种方式的励志了要看吐了真的。优子就是个狂热香织信徒，她不在乎丽奈就算了，她甚至根本就不在乎香织想以自己实力取得明日香认可的想法，她只是想看香织去吹solo。这个人物塑造差点没给我气死，我完全无法想像第三季有多气人，已经开始期待了。,neutral,bangumi,吹响吧！上低音号
mutu木头这段看不懂，不是他力气这么大就把她扔了哈哈,negative,bilibili,颂乐人偶
还问我怎么知道的。。你心里难道没有bilibili吗？,negative,bilibili,盾之勇者成名录
DIO，这个男人一生强运在他121年的生命中，有100年在棺材里，剩下的时间中有13年备受欺凌。,positive,bilibili,JOJO的奇妙冒险
去KTV只有零次和无数次,negative,bilibili,比宇宙更远的地方
治愈系作品的山巅，aria用了三部描绘这个平和宁静的世界，看完只感觉怅然若失，但就如结局所说，分离虽然不可避免但传承还在，过去终究成为过去但美好不会消失，要抓住当下的美好，这也是aira告诉我们的,positive,bangumi,水星领航员 第三季
要是能穿越回24年底第一件事就是把想追mujica的自己的手打断,negative,bangumi,颂乐人偶
"非常具有讽刺意义的神作。巴尼毫无意义的牺牲恰恰反映了这场战争的荒唐。就这样，他在不知情的情况下和自己心爱的姑娘开着ms相杀，如果克里斯蒂娜能和塞西莉一样听见对面的呼吸声，如果巴尼能知道吉翁的核弹已经没了可惜没有如果，他的生命，他幸福的未来就消失在小殖民地里一场对战局没有多大意义的战斗里。
        小孩子的视角也无疑让这部作品更加优秀。最天真的视角反映最残忍的战争而uc宇宙的炮火也确实没有从此停止。最后的台词实在让人感叹。",positive,bangumi,机动战士高达0080 口袋里的战争
回复 今宵mofumofu 你刚刚有在偷看吧,negative,bilibili,小林家的龙女仆 第二季
"【81】
我可能一辈子也忘不了偶像大师吧
真的很少有动画能让讲出这种话
可能有很多人都对偶像动画有偏见
偶像大师每一个人物塑造的都很鲜明 都各有各的萌点 人设真的非常好 剧本也很优秀 live也好 更重要的是作为一部偶像动画拍的还这么有深度 偶像大师原作和动画出入还是很大的 能拍成这样真的很厉害",positive,bangumi,偶像大师
回复 Lufiny 多年前的东西被挖出来了2333,negative,bilibili,四月是你的谎言
补标，连载的时候追了大部分，剩下三集最近才看完，听说前面剧情逻辑有点问题，虽然看过也忘得差不错。往轻百合方向的修改策略很正确，台词设计挺不错，小表情很多，get到萌系轻百的表现核心，使得观感维持在一个不错的水准上12可能性弥补缺憾，即便可能只是一种自我安慰的幻境；不同属性的我的设计很棒，给角色厨们喂得饱饱的，愿望之国唤出了不同的我的愿望，涉及人的统一性问题，设定超棒，完成度也可以，看起来有二期,neutral,bangumi,魔女之旅
Me,neutral,bilibili,四月是你的谎言 粤配版
Amoris：我不同意,negative,bilibili,少女乐队的呐喊
"这天，486开轿车带着emt、拉姆雷姆、奥托和加菲尔出门，在路上被警察拦了下来。
警察对486说你这车超载了。
486回答说：没有啊
警察说：你数数车上有几个人
486回头数了一遍，扭头对警察说：只有5个人啊
警察说：你数你自己了吗？
486惊讶地问：我也算人吗？",negative,bilibili,Re：从零开始的异世界生活 第二季 前半
“我还想邂逅在路的前方的大家的未来”。挚爱之作，光而不耀，静水流深。作为治愈系动画的最高峰，AIRA继承了《横滨购物纪行》的恬静，并用“在平凡中发现美好，在迷茫中寻找希望”的叙事态度将日常系作品的人文关怀提升到全新的高度。佐藤顺一监督并没有炫耀这份能量，而是用细腻克制的演出和空气感十足的脚本温柔地包裹它，让屏幕前的观众在不知不觉间走进充满美好与希望的新威尼斯。唯有打破这份平淡、重复却不无趣的日子才能最大限度地调动起观众的情感，五十余集的娓娓道来让第三季的最后两集成为日常系作品中最令我难忘的谢幕：美好的回忆固然珍贵，但当下每一个相遇同样值得珍惜，变化与离别同样是“美好日常”不可或缺的一环，无论如何，记得勇敢地迈向未来。这便是AQUA，水在缓缓流淌，爱也在缓缓流淌。,positive,bangumi,水星领航员 第三季
76，除了女主和小姨外的角色塑造比较工具人，不过其实影响不大；也不是说没有共鸣的地方，也有不错的单回，但这种侧重于内心叙事的动画我还是更喜欢EVA；题材不算很新鲜，整体高开低走，意象有点滥用，结构太松散了，尤其越往后越明显，不过没像三狮2那样一句话能被打断好几次，一些细节挺有生活感的，但是台词太文青了，反而显得很拧巴，说教味也有点重，慎英和实里的故事不完整，然后所谓的社会议题讨论的不怎么样，就是几句不涉及社会结构的不痛不痒的批判。,neutral,bangumi,异国日记
Man thinks God laughs。不同于高达系列的【反战】核心，ideon的主旨是神对人类的【审判】。正如阿基拉里的草履虫名言，既然文明没有发展到能够驾驭力量的同等程度，那驾驶ideon战斗，就和把核弹发射按钮交给大猩猩是一样的愚蠢。铁雄这只大猩猩拿到了大棒，于是NeoTokyo在白光中再一次化为了废墟。人类和巴夫克兰这群大猩猩拿到了核弹发射按钮，于是银河系在白光中分解成了基本粒子。那最后的裸漂，在我看来更是富野老头把自己对人类讽刺的高度推到了不可超越的极致。,positive,bangumi,传说巨神伊迪安 发动篇
富冈义勇的cv,neutral,bilibili,Angels of Death
"那些令我们感到悲惨的日子，依然萦绕于心，不过我们并非独自一人，因有你相伴！
原来想见你的方法，就是下棋啊！

还有绪方老师喝醉那集，绪方老师追逐了“神之一手”和sai的影子那么久，但当真相以最意外、最不可能的方式降临在他面前时，他却处于无法真正“确认”和“铭记”的状态。醉意模糊了现实与梦境的边界，让这场命中注定的对弈笼罩在一种巨大的恍惚和宿命感中。多么残酷，这是永远的错过！这一场过于真实的梦，心中莫名汹涌的、巨大的失落，空洞，如梦似幻，也转瞬即逝",positive,bangumi,棋魂
感觉不如95版，看不太懂，也可能是我自己领悟能力不足。3D感觉不行，也有可能是年代久远的原因，但我觉得如果改为第一部95版那样的手绘，质感会好得多，虽然也会贵好多。,positive,bangumi,攻壳机动队2 无罪
25412ep10神回,positive,bangumi,瑞克和莫蒂 第一季
回复 grayflame 那个可真是太恐怖了,negative,bilibili,青春猪头少年不会梦到兔女郎学姐
回复 Lisps 我还想吐槽，这下索尼不防水了，233,negative,bilibili,辉夜大小姐想让我告白～天才们的恋爱头脑战～
re0路人视角？,neutral,bilibili,约会大作战 第四季
fst还没看呢,neutral,bilibili,Fate/stay night [Unlimited Blade Works] 第一季
S通过S式的方法强迫M装S来满足当M的快感,negative,bilibili,堀与宫村
19集到25集的主线给我看高潮了，我以为霓虹只会写eva那种在世界中心呼唤爱的野兽那种东西，要么就是废萌，但凡涉及一点政治就会写的跟冰海战记巨人那样儿戏，但是攻壳不管是剧情还是音乐还是讽刺做的真心好,positive,bangumi,攻壳机动队 STAND ALONE COMPLEX
看完最生理不适的一部 特别想吐qwq 看air要被真嗣气晕 真心为你也理解不了就不打分了捏qwq,negative,bangumi,新世纪福音战士剧场版 Air/真心为你
577？巨大战狠99A带着她的577来上市西方朋友们了（喜）,positive,bilibili,少女乐队的呐喊
为了鸡团非常努力的贝斯手png,positive,bilibili,颂乐人偶
Oi！,neutral,bilibili,少女乐队的呐喊
网左说的对，但是万籁鸣1960年至1964年，担任动画片《大闹天宫》的导演。在1964年，因为下集拍摄完成后由于文艺政策的变化，影片的全本没能够上映。文革开始后更因为《大闹天宫》被说成借古讽今，甚至指其有反xxx思想，所以被隔离审查。,positive,bangumi,大闹天宫
takina,neutral,bilibili,虚构推理 第二季
突然心疼学长了wuwuwu,positive,bilibili,四月是你的谎言
OB一串字母,negative,bilibili,颂乐人偶
六刷。看这么多遍其实能说的东西已经不多了。每次出现复古电子屏幕和原始3DCGI画面的时候那些没法修复的部分总是令人着迷，这次竟不知道自己最喜欢的单集是哪一集了，感觉都难以取舍。斯派克在笑牛那里得知自己的命运，然后一点点往既定的结局行走，每次重看都是重走这条西西弗斯之路。该笑的时候就笑吧，总会有能吃到烤鸭和龙虾的时候。,positive,bangumi,星际牛仔
回复 bili94783267008 你看得懂楼主的话,negative,bilibili,鬼灭之刃
van！,neutral,bilibili,mygo
93，水星全片如一首悠扬的船歌，飘扬在新威尼斯充满美好风景的角落，勾勒出平缓的水道和轻摇的木橹，抚慰着听者的心灵，不经意间使人沉浸在那永世难忘的温柔乡中。一期徐徐展开，铺垫悠长的氛围；二期细细勾勒，完善风物与人的形象；三期娓娓道来，将过去与未来的领航员连结于手套轻轻褪下的一个瞬间。当横颜与Undine响起，陪伴至今的角色将回忆投射到现在与远方，向过去告别，所有熟悉的人与物都悄然改变，ARIA的传承由此自然表露。灯里开始了自己的亚利亚公司，艾莉西亚接手领航员协会，蓝华继承了姬屋，爱丽丝成为了新的招牌领航员。新威尼斯本身也是传承自厚重的历史，并不断向未来展望的城市。不论是风光，还是其中的人，都有前辈手心的温热，人文的光辉。代代相传的美好，正如那悠扬船歌指引的贡多拉，经过熟悉的水路，驶向未知的远方。,positive,bangumi,水星领航员 第三季
Welcome to Jumanji,neutral,bilibili,比宇宙更远的地方
e没错，和我（doge）,neutral,bilibili,比宇宙更远的地方
"Zack所以呢？就算你再怎么了解Ray，为她准备再好的墓碑，可Ray最后选择杀掉她的一定是我
Eddie你别以为有和Ray约定就可以为所欲为啊
Zack抱歉，有约定就是可以为所欲为 ，（看相ray）而且我的约定可是对神发誓了哦。
Ray对神发誓，对神发誓。",negative,bilibili,Angels of Death
松岗buiz,neutral,bilibili,比宇宙更远的地方
3雪下 6花惑  7日照雨 SP1棘,positive,bangumi,虫师 续章
需要多周目去get网络解构元素的绝活番，一周目正常体验只会感觉到低气压和无奈，只有结合弹幕重看多周目才会品味到细节，同时也露出越来越放肆的会心一笑hh音乐质量也不错,negative,bangumi,mygo
1010 唯一十分是给我巨爹的，no reason！,positive,bangumi,进击的巨人 第三季 Part.2
拜拜（doeg）,positive,bilibili,Angels of Death
F  kx,positive,bilibili,比宇宙更远的地方
回复 InYourHead 没啥本事还不是最要命的 ，最要命的是她揽下了职位却不干活 ，整天就搁那闲聊，甚至开会都能故意迟到，连最基本的态度都不端正,negative,bilibili,我的青春恋爱物语果然有问题。
ins,neutral,bilibili,比宇宙更远的地方
Licht光,neutral,bilibili,葬送的芙莉莲
但畏惧信任（Doge）,neutral,bilibili,mygo
让人想起《相逢在宇宙》的惨烈和疯狂，不同的是这次已经无家可归，只剩了温柔寂灭的死后世界。限于篇幅节奏还是过快，以至于让我能思考的东西并没有tv那么多，或者说话题已经在tv被提出了而在此处有了某些决断。整部作品9,positive,bangumi,传说巨神伊迪安 发动篇
回复 留学生BoBo小埋在剧中对哥哥最后说的话啊“这个年代12话500門能玩点啥啊？！现在和哥哥年轻时是完全不能比的，还有啊，就算你自己无欲无求，也别想当然觉得周围人是不需要花钱的。所以说，你再让我听一声响呗。”,negative,bilibili,干物妹！小埋R
"710
是我太菜，没看懂，或者说没有全懂。隐约体悟到了消灭人与人的隔阂之类的主题，但总觉得有一堆坑没有填实，导致我集中在剧情逻辑之上，迷迷糊糊地昏昏欲睡了。哲学的探讨是有深度的，但剧情的串联不是很清晰。或许不该大半夜看抽象类型的电影，等之后看解析算了。
画面表现力依然是当时的顶尖水平，b站大面积的圣光极度影响观感。

解析看完了，其实是有完整设定背景，逻辑能够自洽的故事，但作者就是不给你讲清楚，而要用“独特”的意识流方式让人困惑，与《进击的巨人》圆不了的情况是不一样的。我个人还是觉得，有些可以推导出的设定可以模糊，但完全推理不出的设定就必须解释清楚，否则对剧情本身的疑惑感将取代观影时更加深度的哲学思考。",neutral,bangumi,新世纪福音战士剧场版 Air/真心为你
不是ring？,neutral,bilibili,少女乐队的呐喊
虫倒閉換了製作公司 兩部都是優秀的作品 第二部更是以人物心理 丈的成長為主 這也是一個boy 2 man的故事如果沒有拳擊我會怎樣呢 沒有拳擊就什麼都沒有  葉子的果敢也令人欽佩 換個角度想 支持自己愛的人喜歡的事 這種角色也少見 如果在今天的話 梶原老師怕是會收到不少刀片吧 然而那個時候丈卻激勵了一代又一代的人,positive,bangumi,明日之丈2
老板ning,neutral,bilibili,鬼灭之刃 游郭篇
想到了jooo,neutral,bilibili,少女乐队的呐喊
"很难评价。我能说的只是：
如果没有RICK AND MORTY，那这个世界上就不会出现RICK AND MORTY了。",positive,bangumi,瑞克和莫蒂 第三季
w0,neutral,bilibili,Angels of Death
回复 bili75269442079 卡莲：你说的对,negative,bilibili,间谍过家家 第二季
m的又是k佬,neutral,bilibili,少女乐队的呐喊
进出数码世界七号人真正有点成长的就素娜，阿和阿武这俩迫真“兄弟矛盾”从一开始好感度就是满的有啥好解决的；太一从一开始莽到底除了丧尸暴龙兽不明不白地打击了一下后面该怎样怎样；光子郎从一开始C世界观到最后，不是亲生的所谓家庭矛盾也从一开始就不成立；美美仅仅在单元剧表演了下这种人设常有的拖油瓶作用其他全程也没混账到哪里去，回光丘过后靠骂“数码兽你们太混账了我要把你们全部消灭掉”来给仙人掌兽进化真的看笑了；阿助年龄最大一个结果从开始到现在不论是战力还是大局掌控力都是飞舞中的飞舞。吸血魔兽篇似了又复活的仰卧起坐和“似乎很感动”的巫师兽超大段平铺直叙真的真的真的很一般。说难听的这帮子人真的有啥特别有魅力的塑造吗，更别说后面这帮子蠢货主创可劲切割数码世界的惨状了。旧时代年轻人的第一部日漫。,negative,bangumi,数码宝贝大冒险
NO1 2017年动画评分最高剧集（豆瓣）其思想深刻程度，且以动画方式形式表现，是非常优秀的超高收视动画！,positive,bangumi,瑞克和莫蒂 第三季
回复 bili43158652963 第25集标题,negative,bilibili,鬼灭之刃 中配版
nina Tokyo,neutral,bilibili,少女乐队的呐喊
aws l,neutral,bilibili,比宇宙更远的地方
作为一部单元剧，每集故事都很完整，并且其想表达的内容在故事中很好的展现的出来，更是让我喜欢上了jazzhipop这样一个音乐类型，内容十分新潮很酷，人物塑造的很帅，完全不像是在2004年做出来的作品，太时髦了,positive,bangumi,混沌武士
大论monster,positive,bilibili,少女乐队的呐喊
回复 楊宇曦 我怎么觉得我又误解了你的意思呢？？？？（TT（TT（TT我敲！！！！我让我身边一屋子的空气都陷入了尴尬！！！！！大哥说的是好吃！！！这是他独特的萌点！！！（我猜大哥并不是所有的东西都会说好吃的 ）不过，如果是好朋友，亲近的人做的事物，我相信大哥也会大声的说出：唔麦一！！！希望大哥每时每刻都能用自己热情似火的态度，正义凛然的作风感化他人！！！大哥是我的偶像！同时也是我的榜样！lt,negative,bilibili,鬼灭之刃 无限列车篇
xiei,neutral,bilibili,鬼灭之刃 柱训练篇
这是想让男主伤心si吗,positive,bilibili,四月是你的谎言 粤配版
回复 S1teSakura 是堂姐吧,neutral,bilibili,虚构推理
"回复 零幻影 个人补充4：

16、加菲尔和希玛的对话终于解开了加菲尔说486有瘴气的真相是希玛告诉加菲尔的，加菲尔自己闻不到。
　　那么希玛为什么能闻到呢？这是又一个伏笔了。原因还是跟进过墓有关。

17、这段雪中的梦境其实仍不是emt真正的记忆，只是开始取回记忆了的征兆。

18、随着emt和希玛同时失踪，圣域篇的决战在本轮第3天的早晨拉开了序幕你没看错，接下去的11话（至少也有10话吧）都属于决战的内容、全程高能。

19、对加菲尔来说，希玛的存在是比复制体还重要的圣域的秘密，所以不能叫人帮忙一起找。
　　让希玛和其他3个琉兹见面也很残酷，所以也不能拜托琉兹。
　　那就只能一个人和复制体找了。

20、之所以来到设施其实是根据圣域之眼复制体们的报告，复制体在其他监视区域没发现希玛，而设施周围又有非常大的监视盲区，所以反推得知希玛可能来了设施。
　　原本加菲尔几个月或一年才会来设施一次，为了回收新诞生的复制体。

（完）",negative,bilibili,Re：从零开始的异世界生活 第二季 后半
已经xin,neutral,bilibili,比宇宙更远的地方
100w啊100w,neutral,bilibili,比宇宙更远的地方
CP 88,neutral,bilibili,鬼灭之刃 柱训练篇
和攻壳2nd GIG 一样看完只能被片中政治描写、格局被震撼到无言以表在看完TV和 NEW OVA后二刷不过依然需要暂停几次才能理解某些地方而且对特二最后一次出动也有了别于首次看的感受多了点理解多了点感慨再见了特车二课影院三刷，当时初看不明觉厉，这次终于彻底理解剧中种种细节，并再一次佩服本作的政治桥段水平之高，辅以各种精妙的镜头语言以及音乐，令屏幕外的我也感受到那虚无缥缈的和平,positive,bangumi,机动警察剧场版2 和平保卫战
玩第五的能不能别ky了虽然我也玩但是ky真的很不礼貌啊！,neutral,bilibili,Angels of Death
TVT,neutral,bilibili,四月是你的谎言 粤配版
666c贝斯手,neutral,bilibili,少女乐队的呐喊
柜员：我也是你们play的一环吗,positive,bilibili,比宇宙更远的地方
注意这里的红细胞是3D的！！！,negative,bilibili,工作细胞 第二季
RIME？,neutral,bilibili,比宇宙更远的地方
要不就叫re：从零开始的乐队生活吧,positive,bilibili,少女乐队的呐喊
word天，能弹一整集,neutral,bilibili,四月是你的谎言
负载 5G,neutral,bilibili,魔女之旅
新房的艺术力简直要溢出画面 前半部分的校园80有点压抑 零和日向的互动看的我暖暖的 后半部分相继讲述两代人的将棋对决  刻画普通棋士的感情和状态 白色暴风雨and烧光的原野意象很绝  最后我真想看零和日向的恋爱情节啊！,positive,bangumi,3月的狮子 第二季
plan c,negative,bilibili,比宇宙更远的地方
ep3 我靠我最害怕这种胃疼的了和3狮一样会在内容间穿插嬉笑打闹，不过观感更舒适，欢乐的还是适合配青涩拧巴而不是深沉迷茫的胃疼的错位太难受了,neutral,bangumi,蜂蜜与四叶草
按「J」「K」进行组合技能,positive,bilibili,鬼灭之刃 游郭篇
灯不是哥们，我NM！,negative,bilibili,少女乐队的呐喊
回复 KUROBA 要手动输入,negative,bilibili,约会大作战 第四季
回复 歇洛克福尔摩斯 不是信口开河5t真能单杀20指宿傩，但是单杀不了19指1头十影宿傩,negative,bilibili,咒术回战
算了，阿B这操作见怪不怪了，反正已看过N遍了。,negative,bilibili,少女乐队的呐喊
ii急急急急急急,negative,bilibili,鬼灭之刃 柱训练篇
回复 RELDHUG 勇利！！！！   Joe！！！！,neutral,bilibili,辉夜大小姐想让我告白～天才们的恋爱头脑战～
"还行，从负到零的故事完整就行。然后依旧是喜欢这个片的清淡美术风格，诚意满满的异世界音乐，以及我最爱的空镜op
呃，穿越过来十几年了还这么犹犹豫豫的杀个杂兵都不敢这个片本质没有战斗逻辑，想了想这么多集主角0kd本质菜逼也就释然了。这段公式村庄英雄戏删了也没影响。哎哟我，吵架做的真好，情绪流太顺了，多来点吵架ep17泪目啊，做的真好这作者不会写主角被抓以外的危机情节了吗，能别用重复套路讲故事吗",neutral,bangumi,无职转生～到了异世界就拿出真本事～ 第2部分
回复 最高速GOrec,negative,bilibili,埃罗芒阿老师
还有wate,neutral,bilibili,Fate/stay night [Unlimited Blade Works] 第一季
little 砸瓦鲁多确信,positive,bilibili,魔女之旅
难道不应该叫steam呼吸法吗？,positive,bilibili,鬼灭之刃 游郭篇
《chara跟firsk》,neutral,bilibili,魔女之旅
"26
ave mujica
叙事 剧情40 节奏60
画面 演出905第七集企鹅叫扣大分 精度100
音乐905第七集企鹅叫扣大分
人物 塑造40 配音1005初华加分
人物塑造堪称灾难，次要角色几乎都是贴标签信用人演技人超祥人，两个主要角色，一个写半天原地打转大莫老师，最后还强行让这个角色下线，另一个一集换一个人设大祥老师
简直没法看",negative,bangumi,颂乐人偶
回复 S魔物娘之奶娘S van,negative,bilibili,盾之勇者成名录 第三季
"【屑科普】
在依蕾娜和翅膀们贴贴时常有人说依蕾娜是34ls34那么这是什么意思呢
其实吖34ls34是34Lovably Selfabsorbed Passer34的缩写
意思是34自恋得可爱的旅人34
依蕾娜这么可爱的女孩子能留情攫取如此多后宫的芳心怎能不称得上ls典范",positive,bilibili,魔女之旅
认真也没错，roselia当初招人 ras招人也都标准严格，得找匹配的合适的人才行,negative,bilibili,少女乐队的呐喊
幻视1999（ky致歉）,negative,bilibili,葬送的芙莉莲
20251026开始四刷ep5留守！真是神回，标题一句“留守”，画面中一串“轻音部”的挂件，动画设计的巧思可见一斑ep10老师，又是一个神回ep13残暑问候，最喜欢的一集，神中神116四刷结束,positive,bangumi,轻音少女 第二季
本质上和Q是一个基调，补充的“温馨日常”感觉很刻意。看似好结局，细想很虚无。一个个出了电影院都复读所谓的“和解”“补完”，就好像你们这辈子都不看动画了一样。,neutral,bangumi,新・福音战士剧场版：终
超级喜欢ep1的叙事调度，调换了顺序把核心段落放到一起，末尾给了我强大的冲击 ep3神了 ep7的叙事的时间结构设计有点多余 ep9又一次精彩的互文，多场景调度然后连在一起，虽然前面见过好几次了，不过每次看到都觉得这种用法真是太优美了 ep11，asa终于想通了，可喜可贺。“就宰了他”，好帅 ep13神了。反高潮的写法，用很平的演出和台词压制了情绪，以至于心中总是激荡着那种无法宣泄的郁闷 回过神来，好像奇数回都很不错，偶数回都很无聊,positive,bangumi,异国日记
o0,neutral,bilibili,Angels of Death
VC,neutral,bilibili,少女乐队的呐喊
S M？,negative,bilibili,异度侵入 ID:INVADED
"ep19：神回
第二季完结感想纯爱天花板极其唯美的音乐更是拉高了档次，优秀的剧情编排和节奏，不俗套，细腻的感情描写，太优秀了，神作无疑，关键时候的作画也没掉链子，很温暖的作画，op做的更是神了
（落泪好几次了，太强了）",positive,bangumi,我心里危险的东西 第二季
回复 AdamKennan 冲着菲洛来的,negative,bilibili,盾之勇者成名录 第三季
explosion,neutral,bilibili,比宇宙更远的地方
kita kita！,neutral,bilibili,某科学的超电磁炮T
对不起，我听她说了一句MB。。。。,negative,bilibili,魔女之旅
质量比本篇还要再高一个level，太棒了，令人心潮澎湃，水岛真的太会讲故事了，结构完整，大家还都登场了一圈,positive,bangumi,少女与战车 剧场版
水桶把 woc这问题我没想到不过想了想，20年柯南小学一年级升二年级，柯南世界观还是能解释的,positive,bilibili,名侦探柯南
"感谢您抽时间来阅读这篇感想，如果可以还请帮忙顶一下，想与更多喜欢这部作品的小伙伴分享

强烈建议意犹未尽的小伙伴去补原作漫画，可以从第27话核左移，2728话IPS细胞，以及29话到30话最终话新 冠 开始无缝连接

由于动画只剩5话未改编，所以之后的未改编章节应该会有相当大的可能性动画化，就像之前的新年OVA那样，让我们拭目以待

感谢您的一路陪伴，愿我们有缘再相见（鞠躬）",positive,bilibili,工作细胞 第二季
回复 a4a01我说的是家长,negative,bilibili,比宇宙更远的地方
那棵树掉san,positive,bilibili,JOJO的奇妙冒险 石之海
i了il,negative,bilibili,比宇宙更远的地方
切换到港服bilibili上周已经有第十集了,neutral,bilibili,盾之勇者成名录 第四季
回复 鹫尾须美yiuweixu 特别篇吧也就4集,negative,bilibili,总之就是非常可爱 第二季
CPU烧了,negative,bilibili,魔女之旅
好浓的KON味,negative,bilibili,四月是你的谎言 粤配版
迈巴赫普尔曼 1500w,neutral,bilibili,颂乐人偶
流lui了,neutral,bilibili,比宇宙更远的地方
PS1还行,positive,bilibili,比宇宙更远的地方
persona！,neutral,bilibili,颂乐人偶
这个对音DNA动了,negative,bilibili,四月是你的谎言
回复 bili39737400169 一个都接受不了，普通的男女恋爱还要自主规制,neutral,bilibili,辉夜大小姐想让我告白 -究极浪漫-
如果鲁路修的第一季是循序渐进、爆点不断的教科书一般的展开，那么第二季的它则在依旧有着不间断的爆点的情况下，展现出了惊涛骇浪般的暴走。Geass的神秘，亲友的死亡，篡国的走向，核弹级武器的登场狂野的剧情展开带来了更甚于第一季的酣畅淋漓，过于紧凑和飞跃的剧情，也令叙事的节奏变得难以捉摸，中华联邦篇与不列颠皇帝的篇章，便显得十分跳跃。也因此，相较于第一季，第二季毫无疑问有着更明显的缺陷，但第二季的结局，却带来了超越以往的完美。当“Zero”的剑刺下的那一刻，“零之镇魂曲”便为这个故事写下了数字“0”一般完美的闭环，刺杀者身份的完美选择，赋予了背负罪孽而死的结局独特的象征意义，形成了名为“正义”的符号，突破了逻辑缺陷的枷锁，将过往的一切完美地串联，起点为终点铺路，终点与起点相连，以“完美”去形容也不过如此。这样令人悸动的结局，便是鲁路修给予观众最大的惊喜,positive,bangumi,Code Geass 反叛的鲁路修R2
BGM是op变速！,neutral,bilibili,少女乐队的呐喊
anno tokyo,neutral,bilibili,少女乐队的呐喊
其实虽然被吹得很神，但在我看来有点无聊不太能看下去，总体能get到渡边信一郎想表达的内核，可能受限于时代背景，也许在20年前看会更有感触,neutral,bangumi,星际牛仔
"《关于从零开始的猪头少年在异世界不会梦到浣熊少女这件事》


温馨提示  
请珍惜这只还是萝、莉的小浣熊
只要打开05倍，这集还是47分钟


PS：剑之勇者之所以这么菜是因为本体现在正在教五胞胎学习呢",positive,bilibili,盾之勇者成名录
W  H  Y  ？,neutral,bilibili,转生成蜘蛛又怎样！
回复 JoserMJ 钓钩钧XJ配的,negative,bilibili,间谍过家家 粤配版
iPad2 广告,negative,bilibili,比宇宙更远的地方
kokulaku,neutral,bilibili,少女乐队的呐喊
E人入侵I人空间,neutral,bilibili,鬼灭之刃 柱训练篇
变成了y nw mally,neutral,bilibili,颂乐人偶
故事的推进相当缓慢，但终盘的爆发却展现了对政治和历史魔法般的扭曲能力，灵魂与肉体的迷宫所带来极致的眩晕和怀旧。英雄就仿佛是一首诗，一个孤独到无所在场却依然返回家园的形象，思想与理想的碰撞，上层与低处的地形学隐喻，在这个无家可归的世界中找到自己的归宿，以此来填补肉身中那个空虚的无；但当回忆中一句漫不经心的言论、一种神秘象征的再度回归（千纸鹤、青苹果、以及‘I do’），它们揭示了某种令人惊愕的事实我们存在，而不是不存在。在所有革命行动光焰夺目的生存战略的阴影中，在新世界亚当与夏娃“运命果実一绪食”的诗情画意背后，十字架似乎总是被那些无罪的ghost所承担即使是作为机器生命体塔奇克马，也在歌声中勇敢地承担了它们的责任，它们甚至真正地经历过“两次死亡”，而本作的时间，也恰好位于“两种死亡”之间。,positive,bangumi,攻壳机动队 S.A.C. 2nd GIG
NIKON！,neutral,bilibili,颂乐人偶
学院派NAVI这一块,neutral,bilibili,颂乐人偶
"青春是自由的，现实的我们或许也该有梦
（202211314b站）",negative,bangumi,蜂蜜与四叶草II
吓成荷包蛋www,neutral,bilibili,间谍过家家 粤配版
最top,positive,bilibili,间谍过家家 粤配版
dom和sub，不要光知道SM,negative,bilibili,堀与宫村
"62集的收尾利用假尸体后四人组合体收尾，是个非常不错的选择。虽然后面有西索的告密，但剧情算是一个小完结。不错。
友客鑫篇的op很精彩，整体我稍微喜欢新版多点。",positive,bangumi,猎人
PUA大师,positive,bilibili,Angels of Death
偶像大师式的作品（误），ep10 ep13拍的好,positive,bangumi,赛马娘 Pretty Derby 第二季
"回复 天坠Sirrah 其实有些时候玄学设定的好处就是可以避免被骂你看地平线的设定理论上是可以搓太阳的然而设定就是这样也没什么因为过于真实反倒胡搞的没多少都努力搬砖了而写实设定搞这么超现实作者脑洞明显跟不上了论胡搞人口基数下玩家创造力无穷啊",negative,bilibili,因为太怕痛就全点防御力了
回复 karii 顶真,negative,bilibili,碧蓝之海 第二季
猪猪可是有15万人，这么说，萌王国家得有接近20w吧？,positive,bilibili,关于我转生变成史莱姆这档事 第三季
8v0！！！,neutral,bilibili,Angels of Death
敌人：kiss吗？不太合适吧（脸红）,positive,bilibili,JOJO的奇妙冒险 石之海
周末的我be like：,positive,bilibili,颂乐人偶
die mo,neutral,bilibili,四月是你的谎言
a w sl,neutral,bilibili,魔女之旅
回复 苏维埃xswld鸽子 草,negative,bilibili,关于我转生变成史莱姆这档事 转生史莱姆日记
2b的声优也是石川由依,positive,bilibili,魔女之旅
88100 攻壳机动队1995的重制版20，画质高清了许多，换了些许声优，换了些场景CG，整体剧本和之前没有太大差别，但是在知名度这个层面上远不如最早原版的经典,positive,bangumi,攻壳机动队2.0
63100 音乐一般剧本一般cv出戏，吃了百合和少女乐队的红利，粉丝更是让我觉得这是一部无聊的宗教作品,negative,bangumi,mygo
回复 smy是个懒吖  真假666,negative,bilibili,青春猪头少年不会梦到兔女郎学姐
姥爷【moneylis】：我，无惧亏损,negative,bilibili,颂乐人偶
你需要吸点纯氧冷静点Cat2Pinch,positive,bilibili,JOJO的奇妙冒险 石之海
回复 Yogurt44 不快了吧，我记得都有一年了。,negative,bilibili,路人超能100 III(灵能百分百 第三季)
本家TV最感动我之处在于出色的叙事结构，为了突出“团结”这一主题在个人回比起让制作人解决问题，更多是以一个主要角色若干次要角色的构成形式，实现复数人物的塑造以及伏笔设计，随着故事推进看到前面埋下的伏笔中展现的人物性格一点点被补全无比感动，ep20便是此类手法的集大成。此外，作为最贴近现实偶像产业运作的kirakira风偶像动画，真实业界与偶像童话的摩擦中带来的些许错位感在习惯后反而觉得亦是一种浪漫。些微不满来自于为了给偶像塑造让路导致的制作人形象扁平化处理以及反派过low带来的出脑感，前者典型是ep10这种给制作人形象扣大分的个人回，后者在了解龙宫小町事变后又多上了一丝别样异味。26集看下来，不由得感叹在抛开一切成人世界的黑暗面后，动画里所展现出来的发光发热的女孩们正是“偶像”这一职业所应有的样貌。,positive,bangumi,偶像大师
"以前只看到L死就停了，这次再来打算坚持到结束，只是这次是看b站的其他人的reaction【b站up主：酱子看】油管这种reaction几乎不会放全片或者全部画面要不就是声音卡掉一部分，b站的reaction还是宽松一点动漫画面声音都能完整出来真好。

动漫到25集都是智斗在线，25集L死了以后就开始走下坡路，这次看完全后加深了这个看法
1、L刚想测试到手的死亡笔记，就被死神雷姆杀掉这段，对于夜神月来说为了成功无所不用其极是正确的，但是就智斗来说没啥看头其实，甚至还不如夜神月单杀南宫直美那段那么有看头。
2、结果弥海砂二次换了眼睛却没用上去看L的真名？结果还是死神雷姆杀了L，笑死
3、夜神月被NM抓到，本质原因我觉得是魅上照预测了月的行动，提前去拿了藏起来的笔记本杀了高田清美却没能通知月，结果被一直跟踪他的N的收下把真的那本也",neutral,bangumi,死亡笔记
writer和teacher,negative,bilibili,Fate/stay night [Unlimited Blade Works] 第一季
CPbe了肯定哭哇,positive,bilibili,夏目友人帐 第七季
but，命比古董重要的多了,positive,bilibili,间谍过家家 第二季 中配版
回复 f0r357 太拖沓了不是吗,negative,bilibili,国王排名
想搞耍一下（），因为ban的一星是“不忍直视”，那我觉得还真是（,negative,bangumi,银魂
踏入肉哟i不谋面玉米片v预计热拍吧要他提感觉玩儿出么飞机,negative,bilibili,鬼灭之刃 柱训练篇
回复 Love奏的天使熊 真棒。希望真能引进吧。审核制度不是特别好，柯南m26都没引进，不知道后面有没有,positive,bilibili,刀剑神域进击篇：无星之夜
666卡上bug了,negative,bilibili,魔女之旅
S A K I F O X,negative,bilibili,间谍过家家 粤配版
回复 45376167176bili,negative,bilibili,葬送的芙莉莲
ep4这集拍的真好，把偶像光鲜亮丽背后的心酸刻画的很真实。ep6Haruka真是天使啊ep8这集不拍个电影太可惜了ep10我超，盒！ep14这个团队最该踢的人目前来看是Pep16无能P，无语个人回ep17有能P；想看live啊ep19：经典暴雷。ep20偶像番最高的山！大爱Haruka啊ep2325剧本挺不错的，但是感觉算不上神吧，不如ep20。Haruka的想法可以理解，但是大家为了发展聚少离多也将成为必然。个人觉得最可爱：YukihoHarukaMiki整体8分，因为部分单元回做的较差不想打9分,positive,bangumi,偶像大师
o 0,negative,bilibili,Angels of Death
dsa,neutral,bilibili,颂乐人偶
four person,neutral,bilibili,比宇宙更远的地方
保罗也学会了单膝跪地双手张开迎接多年未见的爱莎。各种意义上讲，这一part2很好地刻画了每个人的成长。,neutral,bangumi,无职转生～到了异世界就拿出真本事～ 第2部分
202631 8分 取其精华去其糟粕的2集OVA，充分体现了制作组厨力对动画影响的作品。笑点非常对味，作画是整个系列的顶尖水平,positive,bangumi,辉夜大小姐想让我告白 通往大人的阶梯
从蛋壳至雏鸟，再到性感化与安全着陆去性化的女性主义、去结构化的后英雄主义，它的革命被降解了。它受制于心理的牢笼标清的表达媒介与4：3的画幅，使得人的全身像、象征符号、局部动作，争相挤兑狭隘的画面；冲突，无尽的平面冲突构成了画面的主题；以被画框中的画框所框定的安全形式。浑厚的合唱，对天空、永恒等辽阔意象的运用，彰显出制作人员的不甘受限于画幅、受限于TV动画制作体系的不足，只可领受一张心理书写的安全牌。狭隘、充满张力的心理主义，并没有去承载细腻的笔触。有意义的符号也好，无意义的、作为闲笔运用的也好；寓言性文本也好，隐喻性文本也好，它们皆数让位于安全的主题表达。逐季性感化的图像，在最终的收束中仿佛成为了一种罪孽，它妨碍了“做自己的主人”。这是一种对承认政治永恒张力的回避；人际关系革命成功了，显得不痛不痒，它在只有原奴隶主受伤的稳妥结局中着陆了。,neutral,bangumi,少女革命
回复 GainTale 他都是贵族了，还担心没妹子么,negative,bilibili,"世界顶尖的暗杀者,转生为异世界贵族"
柑橘味香气curits,positive,bilibili,魔女之旅
不，我是master,neutral,bilibili,魔女之旅
eva补完没带仁菜？,neutral,bilibili,少女乐队的呐喊
世界系OUT 日常系OUT 全都看得我想睡觉。,neutral,bangumi,凉宫春日的消失
回复 kakaxa,negative,bilibili,魔女之旅
写了一上午就写了个GI是吧doge,neutral,bilibili,颂乐人偶
还有TNO,neutral,bilibili,颂乐人偶
偶像大师是最好的童话故事，最适合在社畜到再也无法回到青春的时候，作为一部疗愈自己内心的终极童话故事来看。我止不住自己为 765 的每一位流下的泪。回望看这部动画的过程，有让我惊喜的作画，有让我欢笑的各种 neta，也有让我批评的部分剧情，还有让我一直铭记着的，765 所有人的努力和汗水，和大家真挚的友情。超神作！奉上！,positive,bangumi,偶像大师
z人hy武断g首位争,neutral,bilibili,四月是你的谎言
kiin来了,neutral,bilibili,颂乐人偶
eeee,neutral,bilibili,魔女之旅
原来禁止五米以内是call back啊,negative,bilibili,比宇宙更远的地方
"也许每个人入宅时都能在各处看见这部盛名在外的作品，或称第一动画，或冠“人生”之名。入宅初我十分抗拒这种吹捧，但观念会改变，某前段时间我最终做好准备点开它。为何这部作品能赢来如此赞誉？为何观众为它落泪？又为何争议不断？观看中这些问题始终萦绕。曾在别处见到时感觉奇怪的画风在剧中看起来却相当精美，潮鸣等经典配乐偶尔显得喧宾夺主，但依然让故事氛围更加牵动人心，前期看上去与寻常恋爱喜剧无甚区别，我带着杂乱的念头感受继续看下去，不时也会与其中角色共情，并不吝赞扬其优秀演出。中间不乏有严重硬伤的剧情，也会有动人的神回出现。尽管如此，这部作品仍让我感觉心情复杂。直到汐奔跑于花田之中，《小小的手心》响起之时，这个也许是我acg生涯见过最美的镜头之一轻易使我与cl达成了和解。我放下所谓过誉与否的审视，在心中自诉着
我喜欢这部作品，我喜欢这些角色，我喜欢这个故事",positive,bangumi,CLANNAD 〜AFTER STORY〜
童年经典。“看见每个孩子的独特性与脆弱性”，而非塑造完美英雄，是数码1的精髓。太一冲动、阿和孤僻、素娜敏感、光子郎内向，动画不回避这些缺点，而是接纳角色的不完美，让缺点成为成长的起点，教育意义深远。EP113有着极高的艺术色彩，EP1427则传递了和宝可梦系列相似的内核，人与数码宝贝的关系是平等的“伙伴”，数码宝贝的进化不仅依赖主角的勇气、智慧等美好品质，更需要双方的情感共鸣。EP2839诠释了责任、权利、义务在孩童与家庭角度的辩证，其中EP21作为该篇章的预热，拥有极其晦涩又深刻的内意。EP40EP54逐渐归于平淡。“勇气”不是无所畏惧，而是心怀恐惧仍选择前进；“团结”的力量源于“差异性”，而非“一致性”，取长补短式的协作才能走得更远。跨越时代的作品，出色的画面艺术表达，优秀的配乐，童年长篇日动中故事性的巅峰。个别单集艺术性拉满。,positive,bangumi,数码宝贝大冒险
PIECE,neutral,bilibili,比宇宙更远的地方
回复 NakanoAzuNya 1,negative,bilibili,小林家的龙女仆 第二季
AGA IN,negative,bilibili,四月是你的谎言
8。如果说第一季是桐山零的成长物语，第二季叙事就显得更群像了一些，照顾到了更多的角色。略有遗憾的是限于篇幅，叙事很散，作为绝对主角的桐山零应该起到串联的作用，但很多场合缺位明显，观看时多少会有些困惑。演出与作画感觉是更进了一步，本季延续了新房昭之独特的意识流表现手法，将抽象的心理活动以意境具象化了，兼具视觉效果与情绪感染力，细腻的情感，风格化明显。ep26毫无疑问的高光回，精湛的作画水准，恰如其分的配音，令人赞叹的演出效果；ep34演出的又一高光，压抑而又愤怒的叙事，混杂着诡异的色调，传达出了一种绝望之感，而最后的光亮，不仅是川本姐妹，屏幕外的我也感到了如释重负；ep3940，窒息的对决，惨烈而又悲壮，演出太厉害了，情绪从屏幕中渗透出，感染了每一位观看的人。总体而言，这是一部制作精良，充满人文关怀的情感细腻之作，观感上虽然不热烈火辣，但亦值得品味,positive,bangumi,3月的狮子 第二季
回复 旗落Norie 除柱还有主角团没人砍了吧,negative,bilibili,鬼灭之刃 游郭篇
底牌底牌x1000,negative,bilibili,Fate/stay night [Unlimited Blade Works] 第一季
菲伦：Easy,positive,bilibili,葬送的芙莉莲
上一部lain,neutral,bilibili,四月是你的谎言
新海城行为x 2,neutral,bilibili,四月是你的谎言
我以为wcn。。。,neutral,bilibili,异度侵入 ID:INVADED
最好看的恋爱喜剧，cbm你真得给A1磕一个吧,positive,bangumi,辉夜大小姐想让我告白-超级浪漫-
DE,neutral,bilibili,比宇宙更远的地方
no！！！！！吉他！！！！！,negative,bilibili,少女乐队的呐喊
回复 cx1501 并没有。。。,negative,bilibili,辉夜大小姐想让我告白？～天才们的恋爱头脑战～
不能接受的槽点：1不明意义的超长静止画面，水时长。2洗白男主父亲。3超绝意识流，对此不感冒。总结：很荣幸能看到这么独特的心理表现方式，但是超绝意识流的表现绝对会劝退不少观众，整部片都很穷，能静止帧的地方绝对不会花钱，放图片，ppt，好在好钢用在刀刃上了。还不出有什么过人的地方，普通动画，实在搞不懂,neutral,bangumi,新世纪福音战士
ping：999,neutral,bilibili,颂乐人偶
玲子认为这是交朋友de方式吧，友人帐友人帐原来如此,negative,bilibili,夏目友人帐 第七季
回复 Autism南风 不动了,negative,bilibili,鬼灭之刃 无限列车篇
蕾塞一出场就听出新条茜声线了，好听。虽然时间短，但是对于蕾塞的刻画来讲，表现力太强了。更别说靠后那段蕾塞和电次对打的那段打戏，那太太太猛了，牛尾的音乐还在A。oped更是无敌的存在，听ed时还有些不确定难道把八爷和宇多田光都请过来了，结果还真是。但是我感觉有些地方节奏还是有点怪，但是电话亭初见，学校泳池，庙会，相拥入海的表现都相当好。接吻那里转折太猛了，我还纳闷怎么没有血腥的片段，直接就爆了。被玛奇玛截杀蕾塞好凄惨，蕾塞对于电次的感情反转再反转，最后“其实我也没有上过学”相当震撼。玛奇玛无敌了，早杀晚杀非得这个时候，不知道电次后面知道了是什么感觉，结尾是帕瓦出现我就懂了。再看庙会那真像亡妻回忆录了，剧情的话还是有种不必要感，就是不太明白打起来的动机，若是想要一个好点的结局有大把选择，闹大就跑不掉了，注定就是一场悲剧，最后倒在巷子里真的好遗憾啊,positive,bangumi,剧场版 链锯人 蕾塞篇
这就是母qin,positive,bilibili,四月是你的谎言
HTT！,neutral,bilibili,颂乐人偶
回复 GGodness 但是物价高,neutral,bilibili,我们仍未知道那天所看见的花的名字。
当我磕的cp be了  be like,negative,bilibili,夏目友人帐 第七季
】‘【p】【破iu一哦怕【】piuyiop【】、,negative,bilibili,鬼灭之刃 柱训练篇
感觉玲子是ENTP,neutral,bilibili,夏目友人帐 第七季
写诺，sabi,neutral,bilibili,比宇宙更远的地方
AAAAA，吾王萌死了！！！！！！,neutral,bilibili,Fate/stay night [Unlimited Blade Works] 第一季
安和昴长得好像mio酱啊,positive,bilibili,少女乐队的呐喊
超强的室内LO第二季的柄比第一季成熟了不少，都筑和梶谷的修正相当好看。很喜欢每集结尾ed响起来时人物的静止张配合pan镜，林有三的音乐配合明田川仁真的是完美，长颈龙初监督在整体节奏的把控上还是很青涩，不过关键场面的演出力度非常足。确实是一段酸涩甜蜜的青春呢,positive,bangumi,蜂蜜与四叶草II
音樂與畫面的大調諧 True animation,neutral,bangumi,猫的协奏曲
好亮qwq,neutral,bilibili,紫罗兰永恒花园
回复 尜isagirl 是多算了不剧透了,negative,bilibili,JOJO的奇妙冒险 黄金之风
那是枕头，a ho,negative,bilibili,比宇宙更远的地方
"大他者并不存在。如拉康所言：如果一个疯子以为自己是国王，那么他还有救；如果一个国王以为自己真的是国王，那他就已经疯了。
n齐泽克用这个笑话来解释：一个疯子觉得自己是玉米，在精神病院治疗后，医生为了测试他是否已经正常而找来一只鸡，结果他害怕地躲开了。医生不解地问：“你不是已经知道自己不是玉米了吗？”，他回答：“是的，我确实知道，但那只鸡知道吗？”",positive,bangumi,少女革命
好suang眼啊,neutral,bangumi,少女与战车 剧场版
姬友不是全点闪避，她除了防御和HP不点，其他都有点，大多加给AGI而已,neutral,bilibili,因为太怕痛就全点防御力了
依旧milk,positive,bilibili,四月是你的谎言
回复 bili28474608513 bili28474608513 延期了好像,negative,bilibili,辉夜大小姐想让我告白？～天才们的恋爱头脑战～
ep4《田中革命》真神回啊最终的谜底我一开始就猜到了，显得有点无趣，本来期待是有些主题上面的突破，比如人类社会就好比自然森林弱肉强食，或者人类社会比起自然世界还要不堪之类的，没想到搞了半天把人物视为动物只是个单纯的幌子，由于我是gal玩家，我的体验就是丐版素晴日，着实有些失望了；而且从另一方面来说，就算不揭开这个谜，前面的故事其实也都是成立的，于是就显得这个谜底并非那么必要。但依旧不能否认这是一部制作精良，节奏把握舒适的好番，强烈推荐,neutral,bangumi,奇巧计程车
"个人觉得8894分，强，但和命运石之门一个观看曲线，得看完才行。很多伏笔和回收，以及很多对比。
作为人类能写出来的剧本，虽然已经很周到了。但作为马后炮来看，一整个剧本来说有一些可以发挥的更好的地方，
比如虽然作为重新捡回来看，我的观感还可以，但如果是第一次看，明明大家都看得出喜欢男主，却选择男主的好友当男朋友却一直没有更换对象，相当的割裂，容易弃坑。
作为NTR爱好者的我都稍微有点不太能接受。虽然男主他朋友和女主相处着肯定有25是互相喜欢的，但既然男主他朋友其实也谈着其他人干嘛不设计直接把女主给男主，
中间要是坦白病情把信放到十六七集左右然后和男主双向奔赴然后展开剧情可能会更好。",positive,bangumi,四月是你的谎言
回复 bili99834289910  米兰乔是从小就很惨所以才变坏的，当然后期做的坏事也牵扯到了很多无辜的人,positive,bilibili,国王排名 勇气的宝箱
回复 Hanoch张 中国出法律保护婚前财产了,positive,bilibili,总之就是非常可爱
OVO,neutral,bilibili,Angels of Death
MEM啾：内行啊,neutral,bilibili,少女乐队的呐喊
我不该擅自期待的，特别是在看完芦灰part1和弃掉第一季之后，可能十几年前我会爱看这种剧情。该说不说挺老少皆宜的，其实直接改成子供向在我心里评价会更高。,neutral,bangumi,赛马娘 Pretty Derby 第二季
ano酱？！,negative,bilibili,mygo
HHHHHHHH,neutral,bilibili,Angels of Death
kwy,neutral,bilibili,比宇宙更远的地方
男：SO？,neutral,bilibili,魔女之旅
"回复 vxzykvdyb他的头像6666
我快笑死了",negative,bilibili,OVERLORD
回复 YyDnc28没事，还有主子陪我,negative,bilibili,干物妹！小埋R
"其他柱：x之呼吸，x之型，xxx
音柱：我滴谱面，完成啦！哈哈哈哈哈哈哈",positive,bilibili,鬼灭之刃 游郭篇
回复 Satan丶Tobiichi 不一定，毕竟傲慢线里肠姐还是勉强可以和莱傲天打几个回合的,negative,bilibili,Re：从零开始的异世界生活 第二季 前半
所以说啦，I AM GAR FOR SHIROU口,negative,bilibili,Fate/stay night [Unlimited Blade Works] 第一季
最喜欢素世妈妈和猫猫乐奈 但目前我无法共情大家的矛盾 接下来要看mujica 如果还是对不上电波的话我要去看解说get一下了 （口）,neutral,bangumi,mygo
回复 AFrenchTable ？？漫画里我咋不记得有这个,negative,bilibili,某科学的超电磁炮T
回复 Dogemore 证明过程出问题了吧？,negative,bilibili,辉夜大小姐想让我告白～天才们的恋爱头脑战～
听起来有点像华丽哥？是音柱的cv吗,positive,bilibili,魔女之旅
"090720只写了一句我要养木灵！！时隔16年看只觉得怎么一山的唐氏（骚瑞）和国产片大风吹连看、惊觉两片之间居然有不少共通点，比如人还是要找到属于自己的忠tian犬gou；比如什么阵营都会为了自身理想而出现内讧的，力量或者信念让手下绝对服从，但很多小脑袋瓜子都是伺机而动的隐患；又比如人总是一次次忘记「只要活下去」的初心，活到后面总是不满足现状、想越活越好的，as构建心目中的理想社会、制造更强大的武器、为了社会发展而弑神。但一旦经历生死，发现真正会救自己的还是最朴素价值观里的那些关系。
现在看来结尾的强行和谐都有点像人生走马灯画面了好吧说白了怎么可能有共存之道呢。。就连你们霓虹金也跟白人一样表面上保护自己的森林转头就去砍第三世界的好伐？很多真正被污染的被吸血的都是看不起这电影的地方",neutral,bangumi,幽灵公主
神 s3e01、03、07,positive,bangumi,瑞克和莫蒂 第三季
"打7太低打8又高了
抛去场外种种，这片还是贡献了ep3这种高水准回，比较有争议的ep10也的确有感染到我，总得来说是观看预期垫高了实际体验的实例。",neutral,bangumi,mygo
回复 new的时代text之欲  没那么少,negative,bilibili,致不灭的你 第三季
jw这里有个小细节诶，她一直用的都是亲爱的这种敬语，而不是用kimi（你）这种语言，好有礼貌,positive,bilibili,魔女之旅
就叫hitorie吧,neutral,bilibili,少女乐队的呐喊
GalGame里不是这样的啊,neutral,bilibili,Fate/stay night [Unlimited Blade Works] 第一季
"CL总体以数个小故事串起动人主线，af观感很好，不过对我而言春原兄妹线观感欠佳，其余各支线各有深意令人印象深刻。
朋也步入社会的描写足够真实，后续剧情虽虐了些，却精准传递“家庭”与“改变”两大核心。因为看过剪辑，汐那句“能哭的地方只有厕所和爸爸的怀里”的催泪名场面忍住没哭，父亲线泪崩QAQ我很喜欢动画里面一段朋也理解父亲和父亲和解的那段回忆，往前是父亲（早年和晚年），往后是孤单的小汐，暗色调的滤镜，不言之中已经潸然泪下。
 开篇机器人与少女的伏笔，到结尾才恍然大悟，让奇幻感贯穿始终，最终迎来HE。配乐更是点睛之笔，已严肃加入收藏。
“写作CL，读作人生”，二十载过去，这首「铭刻时光的歌」仍在向每一位观者缓缓诉说。",positive,bangumi,CLANNAD 〜AFTER STORY〜
第三话关于爱情 第十话关于朋友和家人 不少集数里面morty下半身做事 惹了好多乱子 还有Jerry Loser 我感觉除了rick之外 都能从不同角色里面看到自己的影子吧,neutral,bangumi,瑞克和莫蒂 第二季
肥伦打起架来一点表情也没有，太帅了吧www,negative,bilibili,葬送的芙莉莲
我以为你是个高冷的girl,neutral,bilibili,四月是你的谎言
作为单元剧而言每个故事的精彩程度高低不一，真宵篇和班长篇写得还是挺好的，配上奇特的演出和大量的人物特写与镜头切换，以及诚意满满的oped，确实带来了不错的观看体验。可惜我喜欢的班长是败犬qaq,positive,bangumi,化物语
回复 随风321 天灾级的魔王sama,negative,bilibili,关于我转生变成史莱姆这档事
毒气！毒气！按“T”戴上防毒面具！,positive,bilibili,魔女之旅
职介teacher 体术：正常人类里A,positive,bilibili,Fate/stay night [Unlimited Blade Works] 第一季
TOGA set,neutral,bilibili,葬送的芙莉莲
猜你想搜：ve mujica,neutral,bilibili,少女乐队的呐喊
"本集全程高能，作为一个零吹贝蒂粉，期待这集很久了。
期待的不只是艾米的死亡之吻，骡子的摊牌
更期待的是贝蒂跨越四百年的悲鸣

贝蒂在第一季中也许是个不怎么起眼的角色
但其实是本作里最让人心疼的角色之一

母亲在留下偌大的书库和等待“那个人”的契约后便离开了她，在那之后，那本命运之书就再也没有给予过指引。

在这个狭窄幽暗的房间里
贝蒂度过了过于漫长的时间
即便将那片一望无际的书海尽数读完，
他一直等待的那个人依然没有到来，
本应告知她未来方向的书也什么都没有昭示
那份孤独已经多少次将少女的内心切割的支离破碎了呢？

每天无数次确认，期待书上会有新的内容
相信总有一天可以完成自己的使命
但随着时间推移，所有人都离开了自己
那扇门一次次的打开却代表着一次次的背叛
脆弱的心灵总有一天会被漫长的等待所耗尽

四百年，集中了这个世界大部分的历史。
魔女的时代，崩坏的结束以及繁荣的开端，王国的庇护，对半魔的蔑视
而贝蒂经历了那个时代的所有并活到了现在

四百年，也许昴无法理解，我们也无法理解
仅从字面上看，四百年可能只是毫无特殊含义的数字

而实际上在这四百年里，将无法寻找答案的谜团作为活着的理由而孤独度等待的少女

仅从【四百年】那苍白的三个字中，对于少女自身的感情，旁观者又能知道多少，又能理解多少，又能感受多少呢？

昴单薄无力的话语又能抚平多少，孤独的四百年时间给她带来的伤痛呢？

小说里昴和贝蒂这部分对话有一万多字，动画删减成了七分钟，几句话也表达不出效果，感兴趣的可以看下原文

由于字数限制这部分原文放在我动态第一条专栏了cv7615439（喜欢贝蒂的可以看下）
喜欢贝蒂的看我主页。",positive,bilibili,Re：从零开始的异世界生活 第二季 前半
极限过载12G,negative,bilibili,魔女之旅
舌尖上的FATE,positive,bilibili,Fate/stay night [Unlimited Blade Works] 第一季
hhhhhhhhh什么也别问，走就是了,negative,bilibili,魔女之旅
Ep01因为吊带袜天使开始对美漫感兴趣，看了一集确实脑洞大开，茶余饭后可以头脑风暴，换换口味。Ep04这每集确实都是全新设定，想象力漫游。Ep06毁灭了现在的世界，去到另外的世界线代替了自己，亲手埋葬自己的尸体，现实在眼前离得是那么近却又那么远。Ep08没想到埋尸体这段后续还会提到Ep09疯狂锻炼，爷孙俩最后选择了最简单粗暴的方式伸张正义hhhEp11这种跳脱感真不错，魔幻又真实。,positive,bangumi,瑞克和莫蒂 第一季
看完后还挺唏嘘的，大时代下好些小人物的命运。哎，21年后渡边信一郎做出了Lazarus,positive,bangumi,混沌武士
贝斯是486旁边的PC里的软件放的，mmk在第三集说了,negative,bilibili,少女乐队的呐喊
回复 JACT青雨 第9,negative,bilibili,OVERLORD
mimami,neutral,bilibili,少女乐队的呐喊
beiaii,neutral,bilibili,少女乐队的呐喊
"明明只是几个jk的日常闲聊，却能让人有一直看下去的动力，这便是本作最强大的地方，看之前本来觉得会由于年代久远而感到无聊，但是实际看起来才发现她们充满欢笑与感动的日常是多么的有趣，各种人设做的是真的好，既有鲜明的属性标签又有属于角色个体独特的性格特点，而且声优的表现也很强大，能让观众一下子就对角色留下深刻的印象；
各种宅文化相关的neta也能让人在看到了之后会心一笑，平添几分乐趣",positive,bangumi,幸运星
回复 来自深渊的绅士 平直就是bgm和3d拉了，经费太低了,negative,bilibili,"世界顶尖的暗杀者,转生为异世界贵族"
nine！,neutral,bilibili,四月是你的谎言
"第11话作者长月达平在推上（nezumiironyanko）的实况解说（摘选）：

（这几话长月的解说越来越水，很正常，随着剧情的推进，很多东西会没法只靠几句话解释，来不及边看边发他是2230开始看的，比我们不过也就早了半小时。所以这次也有我个人的补充）

1、（禁书库剧情长月说的都比较水，直接略过）
　　动画里贝蒂第一次认真战斗。
　　486以外的角色使用纱幕都相当具有威胁，贝蒂这个对尤里乌斯大概也有效。

2、下雪的【圣域】，486拖着步伐返回墓地。他的目的与其说是确认谁的平安，更多的是想找多娜商量结果等在那里的却是不安的emt。

3、【艾米莉娅怎么可能说喜欢我！！】是非常悲哀的自觉。

4、用拉姆来挡住加菲尔视线进行必杀一击，罗兹瓦尔的想法十分恶魔。

（先挑了这几条不水的）",negative,bilibili,Re：从零开始的异世界生活 第二季 前半
按“e”踢出窗外,neutral,bilibili,魔女之旅
省电指导：Roselia,positive,bilibili,mygo
saya！！！（ksm音）,neutral,bilibili,少女乐队的呐喊
SOS国内艺考这么弹被吓死了,negative,bilibili,四月是你的谎言
王子第一次跑5km35分钟也太扯了吧,negative,bangumi,强风吹拂
OVA里旁边的就是薰,neutral,bilibili,四月是你的谎言
回复 炑etc 以前电脑端能到999,negative,bilibili,总之就是非常可爱 第二季
"再看以前的番剧，会发现京都动画当年做的很好，一部吹奏乐的番剧细节丰富角色明白，看完起码能让人对吹奏乐有印象和兴趣。
整体风格日常但又现实kon的日常很理想，毕竟就五个人还都很牛这部番里面是实打实的有优胜劣汰激烈练习以及人物之间冲突矛盾的发生和化解的一个过程，最后一集播完之后百合cp有男女cp也有了，再继续看下一部了",neutral,bangumi,吹响吧！上低音号
survivor（DNA错乱）,neutral,bilibili,魔女之旅
回复 那些繁華往事 关于7月新番《OVERLORD》的新闻这个月可谓是络绎不绝，这部奇幻作品一经动画化便在粉丝中掀起轩然大波，带动原作小说销量攀升更是令人称奇。根据最新的数据统计，目前9部小说均排名日本亚马逊实时销量前50。,positive,bilibili,OVERLORD
这一部能好评如潮跟坂处没有任何关系。ai对原创剧情的一次伟大尝试，a1是知音，他们之中有想让这个故事拥有没有缺点的happy end的人，希望当最终的剧场版出现时，a1积累的从前创作辉夜的经验会成为属于所有人的最圆满的最后一舞,neutral,bangumi,辉夜大小姐想让我告白 通往大人的阶梯
回复 bili104990266 动作跟上（,negative,bilibili,总之就是非常可爱 第二季
’                                                             a,neutral,bilibili,鬼灭之刃 柱训练篇
神山健治的TV版主要是探究人类近未来社会的问题。社会问题也会由此引发出人性问题，社会问题：政府与企业的合谋（难民事件）；战争经济链（核威慑博弈）。人性的坚守：塔奇克马AI自发牺牲，证明机械也能产生灵魂（一种奇幻式的对人性坚守的刻画）；素子始终保持选择权（表现在：95电影版中选择与傀儡师融合，放弃人类身份；《无罪》中，即便已脱离人类形态，依旧选择帮助巴特对抗黑暗；笑脸男事件中保护笑脸男并替他保守秘密；个别的十一人中发现政府操纵并利用难民后选择和组织一起与政府对立；SSS中选择独自以傀儡师的身份帮助9课），即便肉身消失仍坚守正义，这也是她的特质之一：无论自身情况如何，都会坚守正义，对抗不公与腐败。一些成真的预言也很有意思：义体技术  脑机接口；电子脑污染  社交媒体算法茧房；笑脸男事件  维基解密斯诺登事件。,negative,bangumi,攻壳机动队 S.A.C. 2nd GIG
EX咖喱棒！,negative,bilibili,Fate/stay night [Unlimited Blade Works] 第一季
guga,neutral,bilibili,颂乐人偶
CS村长,negative,bilibili,魔女之旅
名场面x4,neutral,bilibili,四月是你的谎言
DM,negative,bilibili,魔女之旅
ea,neutral,bilibili,Angels of Death
和cl一样，精髓在第二季，第一季的分虚高，两季合并成半年番比较合适。森田和女主的个人线写得有味道，也算这部番的精髓所在。女主的感情线非常的女性视角，没有供养能力的穷小子主角最先出局，女主喜欢的、有供养能力、但“在一起就够了”“不用画了”的期望与女主内心的愿望不符的森田随后出局。最后剩下的花本老师是一个如父亲般的角色，还有什么样的男性比起父亲更像一个完美的供养者呢。作品最后对老师在供养者的身份中找回,positive,bangumi,蜂蜜与四叶草II
4K启动！,neutral,bilibili,鬼灭之刃 刀匠村篇
Nagisa！！！Nagisa！！！Nagisa！！！Nagisa！！！Nagisa！！！Nagisa！！！Nagisa！！！Nagisa！！！Nagisa！！！Nagisa！！！Nagisa！！！,neutral,bilibili,魔女之旅
爽。抛弃龙哥、抛弃电影感之后的《电锯人》反而成为了最有电影感的一部电锯人动画。MAPPA与之前判若两社的作画、吉原达矢监督（当然也有藤本树这个疯子）极具感情色彩的分镜调度与牛尾宪辅的顶级配乐相得益彰；感情戏细腻柔和、打戏张力十足，最精彩的是动作戏镜头与抒情语言的自然切换，蕾塞在教学楼天台将恶魔撂倒在地后开始哼起家乡的小曲，这段给我的惊艳不亚于《青春舞曲2000》里紧接着粤语词突然唱起的“太阳下山明早依旧爬上来”。从鲜花到大海、恋爱和炸弹，本作对意象的运用信手拈来，而且从来不显得突兀造作，藤本树的神经病化成最直白也最温婉的镜头语言，歌颂着世事凉薄，歌颂着杀戮、生命、鲜血与爱。等等，难不成我也是变态？,positive,bangumi,剧场版 链锯人 蕾塞篇
回复 巡山的奥利奥卢贝卡是以前游戏里一个大boss，被安兹一行人打败了复活变成npc的，给设定的是雅儿贝德的创造者所以是三姐妹。但不怎么忠于纳撒力克,negative,bilibili,OVERLORD
"复活的奇迹 东海帝王
上一次哭的如此惨还是在cl的时候 每次都莫名其妙的掉泪 三次骨折折不断帝王的毅力 米裕不是恶人 而是英雄 麦昆太遗憾了 只和帝王在一起跑了一次 虽然不了解现实怎么样 命运一直在捉弄帝王麦昆
制作很不错 尤其winng live 还是手绘 马娘在草场上飞驰的时候也非常棒 其中也穿插着一些有趣的故事 很喜欢黄金船",positive,bangumi,赛马娘 Pretty Derby 第二季
实在是让人dokidoki啊,neutral,bilibili,辉夜大小姐想让我告白？～天才们的恋爱头脑战～
马萨ki马萨ki,neutral,bilibili,颂乐人偶
讲点道理这楼里是不是就没个眼睛正常的cathy大小眼，rachel没高光，zack颜色不一样，医生不但不一样还大小眼，好不容易有个正常的椰子头结果为了队形手动调大小眼。人家神父就更厉害了，人家连眼睛都没有,negative,bilibili,Angels of Death
老龄化社会的经济复兴下的SAC类型犯罪；本OVA像是结合了TV1和95剧场版的结果，在社会角度和哲学角度各有切入,positive,bangumi,攻壳机动队 S.A.C. Solid State Society
涅槃Nirvana,negative,bilibili,少女乐队的呐喊
"这才是应该在电影院看的电影啊，一群作画疯子虽然打斗场面很震撼，不过印象最深的还是黑丽在村里种地，真嗣在海边自闭，然后《hand of fate》缓缓响起的那一段。人是多么麻烦的动物，无法忍受孤独一人，两个人在一起，又会产生误解和怀疑。《真心为你》的结局是悲观的，是即使世上只剩你我二人，我们也怀抱着各自的孤独。而《终》则是让真嗣正视了他人为自己做出的付出和牺牲，尽管那与父母之爱相去甚远，尽管他自己也是一个不成熟的少年，但他终于还是迈出了主动了解父亲的第一步。
只要有一个人先发出声音，这个世界就不再是一片死寂。世界中心叫。
看到结尾，无关CP，无关逻辑，只是单纯想要感谢与这部作品的相遇。迈开脚步，成为不会让从前的自己感到羞耻的大人吧。",positive,bangumi,新・福音战士剧场版：终
为什么给这部传统意义上的神作打低分？我的回答不仅是不喜欢更重要的是我觉得它的情节是大有问题的。卡米纳8集下线，我不是心痛而是惊愕，我不明白为什么这种角色要以死亡的方式来促进主角成长。就算你要这么设计我也没话说但后期那几段政治戏码堪称灾难，降智片段，毁老角色人设，强行推动剧情。最后妮娅非要死我想不通，你自己一个世界系作品，什么都靠“气势”的作品，强求be结局？开什么玩笑，我从来不反对be结局，但妮娅的死就是没有意义，就是无关作品本身。当然我个人也是第一次体验这种传统机战燃番，不是很喜欢。温泉回倒是我心目中最佳，有搞笑，有热血，有糖。还有ep26也不错。但就仅此而已了，制作和演出在我这一直是大头，但这部片子无法靠这两点托起它那冗余陈腐的内容。优子帅，妮娅可爱，过场动画很棒。,neutral,bangumi,天元突破 红莲螺岩
11版展示出十多年动画制作的技术进步，但是完全没旧版用心。Yorkshin篇真的是美绝，音乐分镜氛围人物肖像完全吊打11版，可以说是艺术品。顺便被旧版高浓度南通惊到，乡田比藤原的雷欧力要更少年更帅气，幸姐前期有点棒读后期真的很棒。猫猫可爱，全世界应该给猫猫设立巧克力球基金会，猫猫爱。,positive,bangumi,猎人
我是个旅行者，每个国家只待三天JPG,positive,bilibili,魔女之旅
hn,neutral,bilibili,魔女之旅
coin                coin              coin,neutral,bilibili,四月是你的谎言
LV4和LV5差距当然大,neutral,bilibili,某科学的超电磁炮
为啥每zi,negative,bilibili,异度侵入 ID:INVADED
ACDC           卡兹           瓦姆乌,neutral,bilibili,魔女之旅
我本来就对赛博朋克的世界观挺感兴趣的，也早就想看看这部bangumi排名第一的动画，这版功壳果然是政治功壳，每个单元故事几乎都有一个值得令人回味与深思的故事，不过大多都以留白为主，最后一集更是有点跳跃，不是看很懂，反正也算圆回来了！ 喜欢菅野洋子的配乐,positive,bangumi,攻壳机动队 STAND ALONE COMPLEX
"犹豫一秒给满分都是我对混沌武士的不尊重。与星际牛仔并肩同为渡边的公路片两大神作。作为嘻哈乐迷，配上日本灵魂jazz hiphop制作人nujabes等人的音乐制作，这部番在我心中更甚于牛仔，相比后者的浪漫凄美，武士更体现出了自由洒脱。以嘻哈的内核精神重新解构演绎浪人武士。将说唱、街舞、dj搓碟等街头文化完美融入并演绎非传统的日本武士道
“我想寻找一位带有向日葵气息的武士”，一句话贯穿了三人行的一路冒险历程
作为风格鲜明独特的作品，也注定了这部动画不会成为大众向作品，而是部分爱好者心中的经典宝藏",positive,bangumi,混沌武士
大英雄的经验X5,positive,bilibili,魔女之旅
"和我想象的“去南极”差的好多，实际是心之壁失意者青春片啊。
为了同一个目标聚集在一起，在失意和共勉中前进。EP12的情感表达好强啊，第一次见到的新活。
叙事节奏好快，很多想看的细节一笔带过，包括到了南极后的篇幅全都花在了心理和解上。
不管依赖心理还是朋友的别扭情绪怎么样，高年级勒索100w那里绝对过了吧，那时候女主都没决定去南极，小惠这种是绝对的恶行，真的用力过猛。包括后面的船上危险行为也是，能理解这些剧情所表达的情绪，但是本身的行为做的太过了，导致观感下降，共鸣也少了一些。人不可能完全抛开现实理性只用感性评价，当然也有可能是这番的花田情绪流没能完全打动我，毕竟还有另一部大众评价更低但是我共鸣了的花田魔法呢。
南极篇幅太短了，真的很遗憾。",neutral,bangumi,比宇宙更远的地方
Kimi带哟kimi耐打哟,positive,bilibili,四月是你的谎言
《高达》无疑是富野最出色的高达。他在本作以天才般的设计功底，将往昔高达的战争史与宇宙观重新解构：先进却停滞的月球、落后却充满生机的地球，构成了人类现代性的隐喻：技术繁荣难掩精神的衰老，愚昧的土壤反倒孕育出新生的种子。在这二律背反的螺旋中，一场天真到近乎愚蠢的回归作战降临地球，被野心家裹挟进无休止的战争。但正是这份天真，使一次次的冲突从斗争升华为理解的追求。终局中，Turn X的未知异形与金卡利姆家的斗争执念交织袭来，富野所给予的“奇迹”已不再是阿克西斯的光辉或天使之轮的升华，而是天上天下互为二人的辉夜姬们，是能在战争中理解斗争，超越斗争的少年少女们；是Turn A与Turn X相拥成茧、化毁灭为新生。黄金之秋并非胜利的赞歌，而是文明在废墟上第一次学会了温柔。新时代未熄灭斗争的火种，但在战争的彼端，少年少女终于得以成长、吻别过去，拥抱他们的新物语。,positive,bangumi,∀高达
《486说b空我才去的》,negative,bilibili,少女乐队的呐喊
回复 Rampant丘 竹中啊,neutral,bilibili,路人超能100 III(灵能百分百 第三季)
回复 C1rkU3c 真牛逼,negative,bilibili,间谍过家家 中配版
回复 星星数字 虹层BLUE 啊拔啊拔 wxhjdtbxhw,neutral,bilibili,JOJO的奇妙冒险
hhhc,neutral,bilibili,比宇宙更远的地方
If you’re dissatisfied with the worldchange yourself,positive,bangumi,攻壳机动队 S.A.C. 2nd GIG
感觉爹会为了儿子死woc真死了，哭，没人告诉我这么催泪啊霸权社的画风看着很舒服，打戏画的很扎实，喜欢这种风格的打戏哇哇，太棒了，虽然节奏偏慢，但是霸权社的节奏把控太好以至于不会让人感觉到无聊，各方面占比都很喜欢，把乱世中的自我救赎这个主题表现得也很好。另外感觉主角是阿谢、王子，最后才是tool芬啊,positive,bangumi,冰海战记
仔细思考下这个操作，强行把小睦绑起来24小时看爱祥TV,negative,bilibili,颂乐人偶
卡缪维丹的故事从名字开始，一句“卡缪，听起来像个女孩子的名字呢”阴差阳错的引向了战争的命运。在z高达的早期大家对卡缪的印象可能只是个双标的孩子，诚然，卡缪的小孩身份一直是自适应的，只会在有好处需要逃避责任的时候才是大人，但也正因如此，才造就了他温柔的一面，相比在剧中的其他角色诸如渴望立功的卡兹，挣扎于自身身份的尼歌，纯粹的军人亚赞，亦或者是各怀心事的裤袜脱落大尉（夏亚）和阿姆罗，卡缪是唯一会在乎在这场人命如草芥的战争中死者的人，他战斗的理由希望结束战争，所憎恨的人诸如希洛克和挽尊哥都是因为“有你这样的家伙，战争才不会结束”，经历这所有的一切，屠戮无数生命直至疯狂，谁还记得这还是一个十六七岁的孩子啊。,positive,bangumi,机动战士Z高达
上一部：free,neutral,bilibili,四月是你的谎言
有问题，我们现在都用win8了，不用xp了（,neutral,bilibili,关于我转生变成史莱姆这档事 转生史莱姆日记
YAMEILO,neutral,bilibili,四月是你的谎言
89看到最后还是有些纠结8或9的程度，很多地方还是有些不足的，但整体还是9吧制作也太精良了（尤其和片头的3d对比）塔奇克马能在不萌的形象基础上画出萌的感觉也是厉害（到中间发现垫的真到位）叙事节奏相当舒服，主线支线结合的很好，不过有的地方有些强行不追究当谜语人之类的,positive,bangumi,攻壳机动队 STAND ALONE COMPLEX
没有bass的音乐Bass声怎么这么重,negative,bilibili,少女乐队的呐喊
aa,neutral,bilibili,少女乐队的呐喊
回复 白色沉淀caco36666666,negative,bilibili,Fate/stay night [Unlimited Blade Works] 第一季
回复 IronNia 是缘一老婆吧,negative,bilibili,鬼灭之刃 游郭篇
niko对现在的g2有什么想法呢,positive,bilibili,少女乐队的呐喊
回复 Sorato 那她也会享受被杀的快感的。。。。真的坏掉了,negative,bilibili,异度侵入 ID:INVADED
i m back,negative,bilibili,少女乐队的呐喊
电视os：我惹你了？,positive,bilibili,Angels of Death
新時代作老人！ 二刷中 ep4 ep5 ep11 ep16 ep18 ep19,positive,bangumi,机动战士Z高达
"回复 御坂美琴 lv51感觉怎么样
是不是high到不行了",negative,bilibili,某科学的超电磁炮T
fz还在追我,neutral,bilibili,少女乐队的呐喊
23105  二刷之后可能观感更好 n刷以后，果然萌和什么东西都是很搭的，yahoo赛高daze,positive,bangumi,少女与战车 剧场版
不穿校服怎么骗过老妈出门啊Kora！,negative,bilibili,比宇宙更远的地方
安希摘下眼镜转头走去钟声配合bgm的响起到ed的插入安希追寻欧蒂娜少女已经完成了她的革命,positive,bangumi,少女革命
虽然你人物逻辑烟消云散，剧情安排车祸灾难，节奏脚本无比难堪，但你至少有一个很好的讨论环境，吃了一大坨，但三星堆级的论坛看得相当欢乐。还有美少女和live和音乐做的挺好的，小馋猫下次还吃oO,negative,bangumi,颂乐人偶
填上了tv版留下的两个坑，前半段毕业旅行，以及贯穿全程的给梓喵写相遇天使，毕业旅行段还是一如既往的有趣又开心，从教室live开始都是哭着看完的，不是因为毕业的分离，而是单纯被这样的氛围感动到了，相比于tv版，我最喜欢的一点是剧场版的音乐含量超高，我也没数不过全程唱了好多首歌，这才是音乐番啊,positive,bangumi,轻音少女 剧场版
回复 xu20011015she 好强啊哈哈哈哈哈,neutral,bilibili,堀与宫村
南极vlog,neutral,bilibili,比宇宙更远的地方
好可爱qoq,positive,bilibili,Angels of Death
回复 易狩ideal white 片头曲里不是有吗？跳片头？,negative,bilibili,Fate/stay night [Unlimited Blade Works] 第一季
"突然发现，所有登场的整合骑士里面，甚至再算上大祭司和元老长，
只有爱丽丝做到了“无一败绩”，对桐人、UGO是没打完，还获得了战利品“肉包子”（跟合味道）。",negative,bilibili,刀剑神域 爱丽丝篇 异界战争
for ep7,positive,bangumi,瑞克和莫蒂 第三季
系列的开山之作。初始七人七兽，后续追加一人一兽的八人队在历代也可以算人数很多的了。多人群像剧的描写并不容易，特别是对于最后加入的妹妹光和迪路兽来说，她们塑造的篇幅比别人少了好一大截。然而DA却做到了8人8兽塑造滴水不漏的同时并不靠重复的套路去推进剧情。固然每个人都有数个个人主导的集，但是他们的故事并不会雷同，而是在不同的挑战、不同的人兽际关系中产生不同的结果。无论是中期的团队分崩离析，还是后期的现实大战和重回数码世界，固然DA这个生拼硬凑的团队在队员大部分彼此都几乎零交集的状况下反复磨合了好几次，但是他们终究挺过了黑暗，证明了自己拿到的徽章所代表的内涵的价值,positive,bangumi,数码宝贝大冒险
啊，好心疼 C姐别折磨扎克了T T,positive,bilibili,Angels of Death
"好看
最爱看女人打架了jpg
从蕉蕉一打六开始一直到结尾都让我kirakiradokidoki
不过，果然意识流对我来说一遍是看不懂的（悲",negative,bangumi,剧场版 少女☆歌剧 Revue Starlight
尬笑x2,positive,bilibili,少女乐队的呐喊
第一遍看95版的时候因为人设不太好认以及静态台词多有点没跟上，看明白前后呼应不禁深为折服。个人比起CG还是喜欢纯手绘（上次和无罪标混了orz）,negative,bangumi,攻壳机动队2.0
lkjhgfdsa,neutral,bilibili,四月是你的谎言
义忍sl,neutral,bilibili,鬼灭之刃 柱训练篇
回复 ZeronLim 没有枪头就捅不死人吗,negative,bilibili,咒术回战 第二季
NO NO NO,neutral,bilibili,Angels of Death
第3集live放完该多好，ed更是厨力拉满了,positive,bangumi,girls band cry
mmk怎么又干了‘,negative,bilibili,少女乐队的呐喊
杂修x2,negative,bilibili,Fate/Zero 第一季
回复 bili81397192697 诅咒，我记得还是仨色和愤怒还有一个我忘了是啥了,negative,bilibili,盾之勇者成名录 第四季
身an在jian何ben处shen又有什么意义呢,positive,bilibili,异度侵入 ID:INVADED
跟T1 oner学的,positive,bilibili,颂乐人偶
该作以yui为主视角，不但表现了其从高中刚入学的懵懵懂懂成长为毕业时自信活泼的轻音少女的过程，而且将乐队中其它成员的性格也表现的十分深刻，比如mio的清纯，ritsu的大大咧咧，mugi的好奇心等等，算是群像刻画里表现比较令人印象深刻的一类。由于堆砌式的剧情铺垫，观众对人物的感情也会由浅至深（这也就是我认为2代比1代评分高的主要原因，其实从初见角度看两者差不多），直到第二季结尾毕业时迎来高潮，再加上剧情上的连贯性和细节上的优秀处理，让这部番拥有了浑然天成的观看体验,positive,bangumi,轻音少女 第二季
elegant,neutral,bilibili,间谍过家家 第二季
回复 killnoofficial 再加个贝爷和齐格,negative,bilibili,小林家的龙女仆 第二季
"11、帕克仅仅是无法从结晶石里出来。虽说起来的条件是emt有危险，但从486光是那样做就被非常动真格地冻了起来来看，父爱也是很认真（很深）。

12、帕克不在后emt会怎样之后还会稍作说明。
　　现在姑且先认为，帕克不在后不知什么原因emt心里发生了变化，就行了。

13、emt梦见从未见过的人物。
　　这虽是帕克不在了的影响，但究竟是怎么回事，下回以后会说明。

14、又没有OPED！？
　　对不起，谢谢！

15、从奥托开始，又在奥托结束。

（完，下面是个人补充）",negative,bilibili,Re：从零开始的异世界生活 第二季 后半
哈哈哈哈Cheers,positive,bilibili,比宇宙更远的地方
回复 Nausicaae 他之前失忆的时候整个人都不太好，那种状态才是让人难过的，现在好不容易状态好点了，马上就是无限城了,positive,bilibili,鬼灭之刃 柱训练篇
不太理解为什么arcane翻译成双城之战这到最后不都没战起来吗虽然我不玩LOL角色也是一个不认识但是确实可以看出做这个动画花了很多心思作品选取的双城这个充满矛盾与冲突的经典舞台把一堆角色的命运复杂地缠绕在一起看起来其实很像美剧的编剧风格剧本结构以及叙事方式都非常成熟角色也挺有魅力可以说是一个非常精美的片子其实从一开始就可以看出两边注定血流成河的虽然锚在金克斯这个疯子身上但是阶级矛盾不流血是没法调和的革命老区的制作者虽然也没法拿出真正的解决方案剧中那个绥靖方案最终也不可能解决问题就算成了最多也只能换来一时的和平但是对这个的描写还是挺到位的叙事的节奏不快在这个充满讽刺性的瞬间戛然而止倒没什么但是真要做成长系列片的话多少还是捏把汗,positive,bangumi,英雄联盟：双城之战
回复 御坂16096号 b应该是买了的，应该是不想过官方的审核就整这样的以自制视频的方式限时播放，这样版权啥的都没啥问题,negative,bilibili,mygo
不愧是denken啊,positive,bilibili,葬送的芙莉莲
"看完mygo从而对mujica抱有期望的我理解了噩梦老师看推子的痛楚
但那段时间天天配着弹幕聚众赤石的感觉也不错",negative,bangumi,颂乐人偶
ram一直如此的刻薄残忍而幽默轻盈、处处违和而自成体系的特点其实也变相筛选了核心的观众群体，而这群观众的高接受能力也使得制作方可以将时长分配给更重要的地方，所以我们才能看见ep1、ep7这种只有ram才能在如此短的时长中讲清楚的压缩剧情。这是何等般的奇迹啊，only rick and morty can do it（例证：拉个路人过来直接看s3e7的话他很难在第一时间看进去。我们高中的班上有人这么试过了。）,positive,bangumi,瑞克和莫蒂 第三季
只看了一遍，表面剧情啥的差不多明白了。大佬们搞的深层分析啥的是没看出来。但是不得不说不涉及深层表象和精神分析的前提下，perfect blue还是一部很成功的悬疑作品。虚实结合的叙事手段也是今敏一贯的强项，今敏不愧是分镜大师。,positive,bangumi,蓝色恐惧
回复 bili98728155151 ？？？？？？？,negative,bilibili,四月是你的谎言
NOOOO,neutral,bilibili,颂乐人偶
MC玩家中光灵箭了！,neutral,bilibili,工作细胞 第二季
少佐tnnd，趁我不在玩阴的是吧？,negative,bilibili,紫罗兰永恒花园
回复 ilRsm 粤配的咒术五条和间谍黄昏是同一个配音,negative,bilibili,间谍过家家 粤配版
又刀wo,neutral,bilibili,鬼灭之刃 柱训练篇
"8510
当初追着看完的，虽然看到番名会期待如何表现“孤独”和“摇滚”，但实际上更多还是搞笑日常，不过仍给我很大享受。《孤独摇滚》里太多神经质、超现实元素，很容易让人意识不到，制作组的镜头叙事、节奏把控非常老练。
广角镜头是本作频繁使用的典型技法：如对波奇难以融入集体的状态，常用广角结合远景人物、前景遮挡呈现（典型如OP结尾画面），在不言之中传递感受；再如第一集中波奇钻出芒果箱子向虹夏与凉走去，超广角带来的畸变让波奇的动作有种诡异的幽默。角色设计虽然简洁，但背景美术和透视却非常严谨，这种组合有种别样的协调 ，能兼容波奇社恐发作时超现实表现手法、和日常场景的写实。
尽管填充了大量搞笑情节，但叙事、节奏也非常讲究。尤其第八集反套路地先刻意营造压抑和真实的挫败感，再让波奇即兴solo力挽狂澜，描绘出是真实可见的挣扎与高光，也更呈现角色成长。",positive,bangumi,孤独摇滚！
这里ybamn,neutral,bilibili,魔女之旅
bilibili的bilibili在疫情严重的时候带口罩提醒我们要注意安全，我哭了，你们呢？,neutral,bilibili,某科学的超电磁炮T
AT Field展開,neutral,bilibili,少女乐队的呐喊
不懂。这部除了两个3d画面和一些细节其他根本就是95版的高清复刻，连分镜都没改，最多是在95的原画的基础上重新修了一次，何况十多年来摄影技术的进步有目共睹，即使说不上改进也绝不至于减分，何来「被95从里到外全面吊打」一说？,negative,bangumi,攻壳机动队2.0
砸瓦鲁多！wryyyyy,neutral,bilibili,比宇宙更远的地方
“転婆少女” chatchat推荐,negative,bangumi,少女革命
内地上映，那必然要看啊。视听体验上算是顶级，也有相当程度的自由的演出，感觉回到了tv25，26。说实话中间的剧情发展，很多云里雾里的，指明日香真希波打架以及往后一部分，但基本意思算是传达到了。真的很喜欢最后的父子对决，看到真嗣终于得以成长，面对曾经不敢面对的事情，揭开父亲保护自己的面具，主动去保护他人，并踏上前往新世界的电车。正是这样的剧情给予了再见了所有的evangelion分量，我想这种体验算是无可比拟的,positive,bangumi,新・福音战士剧场版：终
2022的下半年，升上高一，充满迷茫的我有幸遇见了btr，当12集落幕响起那首亚细亚功夫世代的翻转岩石时，突然感到心头涌上一阵莫名的惆怅，以前也好，现在也罢，迷茫是永远的。,positive,bangumi,孤独摇滚！
对水之星满怀的爱是太空科幻的永恒命题对人类、对生命、对心灵满怀的爱是全体人类的永恒命题。永远愤怒的青春并未远去，该被丢掉的绝不是愤怒本身。坦白说，三次磕磕绊绊同义反复显得比0079的单元剧还冗余，看似劲敌的捷力德几乎除了小强什么也没塑造上，如同为了让卡缪初期战斗更加合理的空气军纪一直持续到最后闹了不少事，只比水浒挣扎了远一些的生命散造成满宇宙女鬼男鬼在算简陋的演出中回顾惭愧有点好笑，完全不知如何歪了却一些台词透出明知怎样是正的女性主义让相关剧情一团浆糊，更让人又一次质疑NT这个设定是否利大于弊。但，开创新时代的不是老人，像你这样的年轻人都死去了，那世界还有救吗？说来就字面，卡缪并未死去，甚至花也在，倒是夏亚对当时的观众来说显得生死未卜。细节和大局上背景都已经置好，非常期待续作。,positive,bangumi,机动战士Z高达
回复 在睡了在睡了但睡不着 时间有点儿久我忘记具体内容了，当初看的说法好像是这东西本来是应该在后面的层拿到线索再回来打的隐藏boss，属于藏在开放上限60级地区的80级团本这样的感觉,negative,bilibili,因为太怕痛就全点防御力了 第二季
等一下woc你的头像！！02我tm吹爆！！！,negative,bilibili,比宇宙更远的地方
回复 Kiyooosa 额，青之彼岸花好像只是白天开晚上就凋零了,negative,bilibili,鬼灭之刃 刀匠村篇
rider来咯,neutral,bilibili,Fate/stay night [Unlimited Blade Works] 第一季
L死后差点意思（2026215202636）,neutral,bangumi,死亡笔记
义炭99！不要互相贴脸a,negative,bilibili,鬼灭之刃 柱训练篇
电影院重映看的 00后表示get不到 好难看,neutral,bangumi,蜡笔小新：大人王国的反击
TT,positive,bilibili,Angels of Death
回复 57411619129bili 俺妹是轻小说 psp那作在小说中期就已经出了,neutral,bilibili,埃罗芒阿老师
nina已经成为new type了,neutral,bilibili,少女乐队的呐喊
回复 UNSC星际公民 hhhhhc,negative,bilibili,总之就是非常可爱
你被Fender做旧部门录取了,negative,bilibili,少女乐队的呐喊
四月kaiuia,neutral,bilibili,四月是你的谎言
macOS,neutral,bilibili,比宇宙更远的地方
21年我真的干了挺多事的，怪不得期末如此火烧眉毛。s赛结束后我在一个月里补完了整个101的设定和故事集，然后开始看双城之战，从动画效果来说，有钱真的不一样，各种画面和打斗特效看起来太爽了，而且确实有美漫那种溅血的刺激粗粝感。剧情上来说，很完整的故事，而且恰到好处的为下一季留出了悬念，姐妹的反目完全符合人物性格的曲线，不会觉得是突然发癫而会责怪这个痛苦的世界。但我还没有看第二季，第一季在我这里会是高分呢，很喜欢这种叙事节奏，冲突铺得很满，各派人物的出场也令人印象深刻，可惜的是，只想问在这个世界里，真的有人获得了幸福吗？还是说，幸福本身就是一个伪概念？抗争的自由，和我追求的高塔，其实都是海市蜃楼，英雄走到末路，才发现挥剑指向的是过去的自己。,neutral,bangumi,英雄联盟：双城之战
当你的同学是卷王时belike,positive,bilibili,鬼灭之刃 柱训练篇
